timestamp,coolant_temp,map,rpm,speed,iat,maf,throttle_pos,ambient_temp,pedal_d,pedal_e
0.839,32,99.0,0.0,0.0,23.0,0.91,89.0,22.0,14.1,14.5
0.93,32,99.0,0.0,0.0,23.0,0.91,89.0,22.0,14.1,14.5
1.02,32,99.0,0.0,0.0,23.0,0.91,89.0,22.0,14.1,14.5
1.139,32,99.0,0.0,0.0,23.0,0.91,89.0,22.0,14.1,14.5
1.23,32,99.0,0.0,0.0,23.0,0.91,89.0,22.0,14.1,14.5
1.32,32,99.0,0.0,0.0,23.0,0.91,89.0,22.0,14.1,14.5
1.409,32,99.0,0.0,0.0,23.0,0.91,89.0,22.0,14.1,14.5
1.501,32,99.0,0.0,0.0,23.0,0.91,89.0,22.0,14.1,14.5
1.62,32,99.0,0.0,0.0,23.0,0.91,89.0,22.0,14.1,14.5
1.71,32,99.0,0.0,0.0,23.0,0.91,89.0,22.0,14.1,14.5
1.799,32,99.0,0.0,0.0,23.0,0.91,89.0,22.0,14.1,14.5
1.889,32,99.0,0.0,0.0,23.0,0.91,89.0,22.0,14.1,14.5
1.98,32,99.0,0.0,0.0,23.0,0.91,89.0,22.0,14.1,14.5
2.07,32,99.0,0.0,0.0,23.0,0.91,89.0,22.0,14.1,14.5
2.16,32,99.0,0.0,0.0,23.0,0.91,89.0,22.0,14.1,14.5
2.249,32,99.0,0.0,0.0,23.0,0.91,89.0,22.0,14.1,14.5
2.341,32,99.0,0.0,0.0,23.0,0.91,89.0,22.0,14.1,14.5
2.43,32,99.0,0.0,0.0,23.0,0.91,89.0,22.0,14.1,14.5
2.519,32,99.0,0.0,0.0,23.0,0.91,89.0,22.0,14.1,14.5
2.61,32,99.0,0.0,0.0,23.0,0.91,89.0,22.0,14.1,14.5
2.7,32,99.0,0.0,0.0,23.0,0.91,89.0,22.0,14.1,14.5
2.79,32,99.0,0.0,0.0,23.0,0.91,89.0,22.0,14.1,14.5
2.879,32,99.0,0.0,0.0,23.0,0.91,89.0,22.0,14.1,14.5
2.97,32,99.0,0.0,0.0,23.0,0.91,89.0,22.0,14.1,14.5
3.061,32,99.0,0.0,0.0,23.0,0.91,89.0,22.0,14.1,14.5
3.15,32,99.0,0.0,0.0,23.0,0.91,89.0,22.0,14.1,14.5
3.239,32,99.0,0.0,0.0,23.0,0.91,89.0,22.0,14.1,14.5
3.33,32,99.0,0.0,0.0,23.0,0.91,89.0,22.0,14.1,14.5
3.42,32,99.0,0.0,0.0,23.0,0.91,89.0,22.0,14.1,14.5
3.51,32,99.0,0.0,0.0,23.0,0.91,89.0,22.0,14.1,14.5
3.6,32,99.0,0.0,0.0,23.0,0.91,89.0,22.0,14.1,14.5
3.66,32,99.0,0.0,0.0,23.0,0.91,89.0,22.0,14.1,14.5
3.75,32,99.0,0.0,0.0,23.0,0.91,89.0,22.0,14.1,14.5
3.84,32,99.0,0.0,0.0,23.0,0.91,89.0,22.0,14.1,14.5
3.93,32,99.0,0.0,0.0,23.0,0.91,89.0,22.0,14.1,14.5
4.022,32,99.0,0.0,0.0,23.0,0.91,89.0,22.0,14.1,14.5
4.11,32,99.0,0.0,0.0,23.0,0.91,89.0,22.0,14.1,14.5
4.2,32,99.0,0.0,0.0,23.0,0.91,89.0,22.0,14.1,14.5
4.29,32,99.0,0.0,0.0,23.0,0.91,89.0,22.0,14.1,14.5
4.381,32,99.0,0.0,0.0,23.0,0.91,89.0,22.0,14.1,14.5
4.47,32,99.0,0.0,0.0,23.0,0.91,89.0,22.0,14.1,14.5
4.56,32,99.0,0.0,0.0,23.0,0.91,89.0,22.0,14.1,14.5
4.65,32,99.0,0.0,0.0,23.0,0.91,89.0,22.0,14.1,14.5
4.74,32,99.0,0.0,0.0,23.0,0.91,89.0,22.0,14.1,14.5
4.83,32,99.0,0.0,0.0,23.0,0.91,89.0,22.0,14.1,14.5
4.92,32,99.0,0.0,0.0,23.0,0.91,89.0,22.0,14.1,14.5
5.01,32,99.0,0.0,0.0,23.0,0.91,89.0,22.0,14.1,14.5
5.1,32,99.0,0.0,0.0,23.0,0.91,89.0,22.0,14.1,14.5
5.19,32,99.0,0.0,0.0,23.0,0.91,89.0,22.0,14.1,14.5
5.283,32,99.0,0.0,0.0,23.0,0.91,89.0,22.0,14.1,14.5
5.369,32,99.0,0.0,0.0,23.0,0.91,89.0,22.0,14.1,14.5
5.46,32,99.0,0.0,0.0,23.0,0.91,89.0,22.0,14.1,14.5
5.55,32,198.0,0.0,0.0,23.0,0.91,89.0,22.0,14.1,14.5
5.611,32,198.0,720.0,0.0,23.0,0.91,89.0,22.0,14.1,14.5
5.702,32,198.0,720.0,0.0,23.0,0.91,89.0,22.0,14.1,14.5
5.79,32,198.0,720.0,0.0,25.0,0.91,89.0,22.0,14.1,14.5
5.88,32,198.0,720.0,0.0,25.0,13.47,89.0,22.0,14.1,14.5
5.969,32,198.0,720.0,0.0,25.0,13.47,83.1,22.0,14.1,14.5
6.06,32,198.0,720.0,0.0,25.0,13.47,83.1,22.0,14.1,14.5
6.15,32,198.0,720.0,0.0,25.0,13.47,83.1,22.0,14.1,14.5
6.239,32,198.0,720.0,0.0,25.0,13.47,83.1,22.0,14.1,14.5
6.33,32,198.0,720.0,0.0,25.0,13.47,83.1,22.0,14.1,14.5
6.421,32,98.0,720.0,0.0,25.0,13.47,83.1,22.0,14.1,14.5
6.509,32,98.0,954.0,0.0,25.0,13.47,83.1,22.0,14.1,14.5
6.6,32,98.0,954.0,0.0,25.0,13.47,83.1,22.0,14.1,14.5
6.689,32,98.0,954.0,0.0,35.0,13.47,83.1,22.0,14.1,14.5
6.78,32,98.0,954.0,0.0,35.0,9.83,83.1,22.0,14.1,14.5
6.869,32,98.0,954.0,0.0,35.0,9.83,83.1,22.0,14.1,14.5
6.96,32,98.0,954.0,0.0,35.0,9.83,83.1,22.0,14.1,14.5
7.05,32,98.0,954.0,0.0,35.0,9.83,83.1,22.0,14.1,14.5
7.14,32,98.0,954.0,0.0,35.0,9.83,83.1,22.0,14.1,14.5
7.231,32,98.0,954.0,0.0,35.0,9.83,83.1,22.0,14.1,14.5
7.32,32,99.0,954.0,0.0,35.0,9.83,83.1,22.0,14.1,14.5
7.41,32,99.0,874.0,0.0,35.0,9.83,83.1,22.0,14.1,14.5
7.5,32,99.0,874.0,0.0,35.0,9.83,83.1,22.0,14.1,14.5
7.561,32,99.0,874.0,0.0,35.0,9.83,83.1,22.0,14.1,14.5
7.653,32,99.0,874.0,0.0,35.0,9.02,83.1,22.0,14.1,14.5
7.74,32,99.0,874.0,0.0,35.0,9.02,83.1,22.0,14.1,14.5
7.83,32,99.0,874.0,0.0,35.0,9.02,83.1,22.0,14.1,14.5
7.92,32,99.0,874.0,0.0,35.0,9.02,83.1,22.0,14.1,14.5
8.009,32,99.0,874.0,0.0,35.0,9.02,83.1,22.0,14.1,14.5
8.101,32,99.0,874.0,0.0,35.0,9.02,83.1,22.0,14.1,14.5
8.189,32,99.0,874.0,0.0,35.0,9.02,83.1,22.0,14.1,14.5
8.283,32,99.0,851.0,0.0,35.0,9.02,83.1,22.0,14.1,14.5
8.37,32,99.0,851.0,0.0,35.0,9.02,83.1,22.0,14.1,14.5
8.46,32,99.0,851.0,0.0,34.0,9.02,83.1,22.0,14.1,14.5
8.55,32,99.0,851.0,0.0,34.0,8.74,83.1,22.0,14.1,14.5
8.64,32,99.0,851.0,0.0,34.0,8.74,83.1,22.0,14.1,14.5
8.73,32,99.0,851.0,0.0,34.0,8.74,83.1,22.0,14.1,14.5
8.824,32,99.0,851.0,0.0,34.0,8.74,83.1,22.0,14.1,14.5
8.91,32,99.0,851.0,0.0,34.0,8.74,83.1,22.0,14.1,14.5
9.003,32,99.0,851.0,0.0,34.0,8.74,83.1,22.0,14.1,14.5
9.089,32,99.0,851.0,0.0,34.0,8.74,83.1,22.0,14.1,14.5
9.18,32,99.0,828.0,0.0,34.0,8.74,83.1,22.0,14.1,14.5
9.27,32,99.0,828.0,0.0,34.0,8.74,83.1,22.0,14.1,14.5
9.361,32,99.0,828.0,0.0,32.0,8.74,83.1,22.0,14.1,14.5
9.451,32,99.0,828.0,0.0,32.0,8.77,83.1,22.0,14.1,14.5
9.51,32,99.0,828.0,0.0,32.0,8.77,83.1,22.0,14.1,14.5
9.601,32,99.0,828.0,0.0,32.0,8.77,83.1,22.0,14.1,14.5
9.662,32,99.0,828.0,0.0,32.0,8.77,83.1,22.0,14.1,14.5
9.75,32,99.0,828.0,0.0,32.0,8.77,83.1,22.0,14.1,14.5
9.84,32,99.0,828.0,0.0,32.0,8.77,83.1,22.0,14.1,14.5
9.93,32,99.0,828.0,0.0,32.0,8.77,83.1,22.0,14.1,14.5
10.02,32,99.0,807.0,0.0,32.0,8.77,83.1,22.0,14.1,14.5
10.109,32,99.0,807.0,0.0,32.0,8.77,83.1,22.0,14.1,14.5
10.204,32,99.0,807.0,0.0,32.0,8.77,83.1,22.0,14.1,14.5
10.289,32,99.0,807.0,0.0,32.0,8.8,83.1,22.0,14.1,14.5
10.38,32,99.0,807.0,0.0,32.0,8.8,83.1,22.0,14.1,14.5
10.47,32,99.0,807.0,0.0,32.0,8.8,83.1,22.0,14.1,14.5
10.559,32,99.0,807.0,0.0,32.0,8.8,83.1,22.0,14.5,14.5
10.65,32,99.0,807.0,0.0,32.0,8.8,83.1,22.0,14.5,14.5
10.71,32,99.0,807.0,0.0,32.0,8.8,83.1,22.0,14.5,14.5
10.8,32,99.0,807.0,0.0,32.0,8.8,83.1,22.0,14.5,14.5
10.89,32,99.0,947.0,0.0,32.0,8.8,83.1,22.0,14.5,14.5
10.98,32,99.0,947.0,0.0,32.0,8.8,83.1,22.0,14.5,14.5
11.07,32,99.0,947.0,0.0,31.0,8.8,83.1,22.0,14.5,14.5
11.16,32,99.0,947.0,0.0,31.0,11.16,83.1,22.0,14.5,14.5
11.25,32,99.0,947.0,0.0,31.0,11.16,83.1,22.0,14.5,14.5
11.34,32,99.0,947.0,0.0,31.0,11.16,83.1,22.0,14.5,14.5
11.435,32,99.0,947.0,0.0,31.0,11.16,83.1,22.0,14.9,14.5
11.519,32,99.0,947.0,0.0,31.0,11.16,83.1,22.0,14.9,14.5
11.609,32,99.0,947.0,0.0,31.0,11.16,83.1,22.0,14.9,14.5
11.705,32,100.0,947.0,0.0,31.0,11.16,83.1,22.0,14.9,14.5
11.79,32,100.0,962.0,0.0,31.0,11.16,83.1,22.0,14.9,14.5
11.881,32,100.0,962.0,0.0,31.0,11.16,83.1,22.0,14.9,14.5
11.97,32,100.0,962.0,0.0,33.0,11.16,83.1,22.0,14.9,14.5
12.061,32,100.0,962.0,0.0,33.0,10.44,83.1,22.0,14.9,14.5
12.15,32,100.0,962.0,0.0,33.0,10.44,83.1,22.0,14.9,14.5
12.241,32,100.0,962.0,0.0,33.0,10.44,83.1,22.0,14.9,14.5
12.33,32,100.0,962.0,0.0,33.0,10.44,83.1,22.0,14.9,14.5
12.421,32,100.0,962.0,0.0,33.0,10.44,83.1,22.0,14.9,14.5
12.51,32,100.0,962.0,0.0,33.0,10.44,83.1,22.0,14.9,14.5
12.601,32,101.0,962.0,0.0,33.0,10.44,83.1,22.0,14.9,14.5
12.661,32,101.0,962.0,0.0,33.0,10.44,83.1,22.0,14.9,14.5
12.751,32,101.0,962.0,0.0,33.0,10.44,83.1,22.0,14.9,14.5
12.813,32,101.0,962.0,0.0,33.0,10.44,83.1,22.0,14.9,14.5
12.903,32,101.0,962.0,0.0,33.0,10.41,83.1,22.0,14.9,14.5
12.99,32,101.0,962.0,0.0,33.0,10.41,83.1,22.0,14.9,14.5
13.081,32,101.0,962.0,0.0,33.0,10.41,83.1,22.0,14.9,14.5
13.17,32,101.0,962.0,0.0,33.0,10.41,83.1,22.0,14.9,14.5
13.26,32,101.0,962.0,0.0,33.0,10.41,83.1,22.0,14.9,14.5
13.352,32,101.0,962.0,0.0,33.0,10.41,83.1,22.0,14.9,14.5
13.442,32,101.0,962.0,0.0,33.0,10.41,83.1,22.0,14.9,14.5
13.53,32,101.0,962.0,0.0,33.0,10.41,83.1,22.0,14.9,14.5
13.62,32,101.0,962.0,0.0,33.0,10.41,83.1,22.0,14.9,14.5
13.71,32,101.0,962.0,0.0,33.0,10.41,83.1,22.0,14.9,14.5
13.8,32,101.0,962.0,0.0,33.0,10.47,83.1,22.0,14.9,14.5
13.861,32,101.0,962.0,0.0,33.0,10.47,83.1,22.0,14.9,14.5
13.95,32,101.0,962.0,0.0,33.0,10.47,83.1,22.0,14.9,14.5
14.01,32,101.0,962.0,0.0,33.0,10.47,83.1,22.0,14.1,14.5
14.101,32,101.0,962.0,0.0,33.0,10.47,83.1,22.0,14.1,14.5
14.191,32,101.0,962.0,0.0,33.0,10.47,83.1,22.0,14.1,14.5
14.281,32,102.0,962.0,0.0,33.0,10.47,83.1,22.0,14.1,14.5
14.37,32,102.0,960.0,0.0,33.0,10.47,83.1,22.0,14.1,14.5
14.46,32,102.0,960.0,0.0,33.0,10.47,83.1,22.0,14.1,14.5
14.55,32,102.0,960.0,0.0,32.0,10.47,83.1,22.0,14.1,14.5
14.64,32,102.0,960.0,0.0,32.0,10.41,83.1,22.0,14.1,14.5
14.73,32,102.0,960.0,0.0,32.0,10.41,83.1,22.0,14.1,14.5
14.82,32,102.0,960.0,0.0,32.0,10.41,83.1,22.0,14.1,14.5
14.91,32,102.0,960.0,0.0,32.0,10.41,83.1,22.0,14.1,14.5
15.003,32,102.0,960.0,0.0,32.0,10.41,83.1,22.0,14.1,14.5
15.061,32,102.0,960.0,0.0,32.0,10.41,83.1,22.0,14.1,14.5
15.151,32,102.0,960.0,0.0,32.0,10.41,83.1,22.0,14.1,14.5
15.211,32,102.0,952.0,0.0,32.0,10.41,83.1,22.0,14.1,14.5
15.301,32,102.0,952.0,0.0,32.0,10.41,83.1,22.0,14.1,14.5
15.39,32,102.0,952.0,0.0,32.0,10.41,83.1,22.0,14.1,14.5
15.48,32,102.0,952.0,0.0,32.0,10.36,83.1,22.0,14.1,14.5
15.57,32,102.0,952.0,0.0,32.0,10.36,83.1,22.0,14.1,14.5
15.66,32,102.0,952.0,0.0,32.0,10.36,83.1,22.0,14.1,14.5
15.75,32,102.0,952.0,0.0,32.0,10.36,83.1,22.0,14.1,14.5
15.812,32,102.0,952.0,0.0,32.0,10.36,83.1,22.0,14.1,14.5
15.902,32,102.0,952.0,0.0,32.0,10.36,83.1,22.0,14.1,14.5
15.963,32,102.0,952.0,0.0,32.0,10.36,83.1,22.0,14.1,14.5
16.051,32,102.0,949.0,0.0,32.0,10.36,83.1,22.0,14.1,14.5
16.14,32,102.0,949.0,0.0,32.0,10.36,83.1,22.0,14.1,14.5
16.23,32,102.0,949.0,0.0,31.0,10.36,83.1,22.0,14.1,14.5
16.319,32,102.0,949.0,0.0,31.0,10.27,83.1,22.0,14.1,14.5
16.41,32,102.0,949.0,0.0,31.0,10.27,83.1,22.0,14.1,14.5
16.53,32,102.0,949.0,0.0,31.0,10.27,83.1,22.0,14.1,14.5
16.619,32,102.0,949.0,0.0,31.0,10.27,83.1,22.0,14.1,14.5
16.71,32,102.0,949.0,0.0,31.0,10.27,83.1,22.0,14.1,14.5
16.802,32,102.0,949.0,0.0,31.0,10.27,83.1,22.0,14.1,14.5
16.89,32,102.0,949.0,0.0,31.0,10.27,83.1,22.0,14.1,14.5
16.98,32,102.0,978.0,0.0,31.0,10.27,83.1,22.0,14.1,14.5
17.07,32,102.0,978.0,0.0,31.0,10.27,83.1,22.0,14.1,14.5
17.16,32,102.0,978.0,0.0,31.0,10.27,83.1,22.0,14.1,14.5
17.25,32,102.0,978.0,0.0,31.0,10.94,83.1,22.0,14.1,14.5
17.34,32,102.0,978.0,0.0,31.0,10.94,83.1,22.0,14.1,14.5
17.43,32,102.0,978.0,0.0,31.0,10.94,83.1,22.0,14.1,14.5
17.52,32,102.0,978.0,0.0,31.0,10.94,83.1,22.0,14.1,14.5
17.61,32,102.0,978.0,0.0,31.0,10.94,83.1,22.0,14.1,14.5
17.704,32,102.0,978.0,0.0,31.0,10.94,83.1,22.0,14.1,14.5
17.763,32,102.0,978.0,0.0,31.0,10.94,83.1,22.0,14.1,14.5
17.85,32,102.0,953.0,0.0,31.0,10.94,83.1,22.0,14.1,14.5
17.911,32,102.0,953.0,0.0,31.0,10.94,83.1,22.0,14.1,14.5
18.003,32,102.0,953.0,0.0,31.0,10.94,83.1,22.0,14.1,14.5
18.089,32,102.0,953.0,0.0,31.0,10.02,83.1,22.0,14.1,14.5
18.18,32,102.0,953.0,0.0,31.0,10.02,83.1,22.0,14.1,14.5
18.269,32,102.0,953.0,0.0,31.0,10.02,83.1,22.0,14.1,14.5
18.362,32,102.0,953.0,0.0,31.0,10.02,83.1,22.0,14.5,14.5
18.45,32,102.0,953.0,0.0,31.0,10.02,83.1,22.0,14.5,14.5
18.54,31,102.0,953.0,0.0,31.0,10.02,83.1,22.0,14.5,14.5
18.63,31,102.0,953.0,0.0,31.0,10.02,83.1,22.0,14.5,14.5
18.72,31,102.0,941.0,0.0,31.0,10.02,83.1,22.0,14.5,14.5
18.811,31,102.0,941.0,0.0,31.0,10.02,83.1,22.0,14.5,14.5
18.901,31,102.0,941.0,0.0,30.0,10.02,83.1,22.0,14.5,14.5
18.961,31,102.0,941.0,0.0,30.0,10.19,83.1,22.0,14.5,14.5
19.05,31,102.0,941.0,0.0,30.0,10.19,83.1,22.0,14.5,14.5
19.11,31,102.0,941.0,0.0,30.0,10.19,83.1,22.0,14.5,14.5
19.2,31,102.0,941.0,0.0,30.0,10.19,83.1,22.0,14.1,14.5
19.291,31,102.0,941.0,0.0,30.0,10.19,83.1,22.0,14.1,14.5
19.38,31,102.0,941.0,0.0,30.0,10.19,83.1,22.0,14.1,14.5
19.469,31,102.0,941.0,0.0,30.0,10.19,83.1,22.0,14.1,14.5
19.56,31,102.0,945.0,0.0,30.0,10.19,83.1,22.0,14.1,14.5
19.65,31,102.0,945.0,0.0,30.0,10.19,83.1,22.0,14.1,14.5
19.711,31,102.0,945.0,0.0,30.0,10.19,83.1,22.0,14.1,14.5
19.8,31,102.0,945.0,0.0,30.0,10.33,83.1,22.0,14.1,14.5
19.861,31,102.0,945.0,0.0,30.0,10.33,83.1,22.0,14.1,14.5
19.95,31,102.0,945.0,0.0,30.0,10.33,83.1,22.0,14.1,14.5
20.012,31,102.0,945.0,0.0,30.0,10.33,83.1,22.0,14.1,14.5
20.1,31,102.0,945.0,0.0,30.0,10.33,83.1,22.0,14.1,14.5
20.163,31,102.0,945.0,0.0,30.0,10.33,83.1,22.0,14.1,14.5
20.249,31,102.0,945.0,0.0,30.0,10.33,83.1,22.0,14.1,14.5
20.312,31,102.0,947.0,0.0,30.0,10.33,83.1,22.0,14.1,14.5
20.4,31,102.0,947.0,1.0,30.0,10.33,83.1,22.0,14.1,14.5
20.489,31,102.0,947.0,1.0,30.0,10.33,83.1,22.0,14.1,14.5
20.579,31,102.0,947.0,1.0,30.0,10.33,83.1,22.0,14.1,14.5
20.669,31,102.0,947.0,1.0,30.0,10.33,83.1,22.0,14.1,14.5
20.759,31,102.0,947.0,1.0,30.0,10.33,83.1,22.0,14.1,14.5
20.849,31,102.0,947.0,1.0,30.0,10.33,83.1,22.0,14.1,14.5
20.91,31,102.0,947.0,1.0,30.0,10.33,83.1,22.0,14.1,14.5
20.999,31,102.0,947.0,1.0,30.0,10.33,83.1,22.0,14.1,14.5
21.06,31,102.0,947.0,1.0,30.0,10.33,83.1,22.0,14.1,14.5
21.149,31,102.0,960.0,1.0,30.0,10.33,83.1,22.0,14.1,14.5
21.269,31,102.0,960.0,1.0,30.0,10.33,83.1,22.0,14.1,14.5
21.359,31,102.0,960.0,1.0,30.0,10.33,83.1,22.0,14.1,14.5
21.449,31,102.0,960.0,1.0,30.0,10.19,83.1,22.0,14.1,14.5
21.51,31,102.0,960.0,1.0,30.0,10.19,83.1,22.0,14.1,14.5
21.6,31,102.0,960.0,1.0,30.0,10.19,83.1,22.0,14.1,14.5
21.69,31,102.0,960.0,1.0,30.0,10.19,83.1,22.0,14.1,14.5
21.78,31,102.0,960.0,1.0,30.0,10.19,83.1,22.0,14.1,14.5
21.87,31,102.0,960.0,1.0,30.0,10.19,83.1,22.0,14.1,14.5
21.96,31,102.0,960.0,1.0,30.0,10.19,83.1,22.0,14.1,14.5
22.05,31,102.0,903.0,1.0,30.0,10.19,83.1,22.0,14.1,14.5
22.111,31,102.0,903.0,1.0,30.0,10.19,83.1,22.0,14.1,14.5
22.2,31,102.0,903.0,1.0,30.0,10.19,83.1,22.0,14.1,14.5
22.29,31,102.0,903.0,1.0,30.0,9.66,83.1,22.0,14.1,14.5
22.38,31,102.0,903.0,1.0,30.0,9.66,83.1,22.0,14.1,14.5
22.47,31,102.0,903.0,1.0,30.0,9.66,83.1,22.0,14.1,14.5
22.564,31,102.0,903.0,1.0,30.0,9.66,83.1,22.0,14.1,14.5
22.65,31,102.0,903.0,1.0,30.0,9.66,83.1,22.0,14.1,14.5
22.711,31,102.0,903.0,1.0,30.0,9.66,83.1,22.0,14.1,14.5
22.8,31,102.0,903.0,1.0,30.0,9.66,83.1,22.0,14.1,14.5
22.864,31,102.0,935.0,1.0,30.0,9.66,83.1,22.0,14.1,14.5
22.95,31,102.0,935.0,1.0,30.0,9.66,83.1,22.0,14.1,14.5
23.012,31,102.0,935.0,1.0,29.0,9.66,83.1,22.0,14.1,14.5
23.099,31,102.0,935.0,1.0,29.0,10.19,83.1,22.0,14.1,14.5
23.161,31,102.0,935.0,1.0,29.0,10.19,83.1,22.0,14.1,14.5
23.25,31,102.0,935.0,1.0,29.0,10.19,83.1,22.0,14.1,14.5
23.312,31,102.0,935.0,1.0,29.0,10.19,83.1,22.0,14.1,14.5
23.4,31,102.0,935.0,1.0,29.0,10.19,83.1,22.0,14.1,14.5
23.461,31,102.0,935.0,1.0,29.0,10.19,83.1,22.0,14.1,14.5
23.55,31,102.0,935.0,1.0,29.0,10.19,83.1,22.0,14.1,14.5
23.612,31,102.0,941.0,1.0,29.0,10.19,83.1,22.0,14.1,14.5
23.7,31,102.0,941.0,1.0,29.0,10.19,83.1,22.0,14.1,14.5
23.764,31,102.0,941.0,1.0,29.0,10.19,83.1,22.0,14.1,14.5
23.85,31,102.0,941.0,1.0,29.0,10.52,83.1,22.0,14.1,14.5
23.914,31,102.0,941.0,1.0,29.0,10.52,83.1,22.0,14.1,14.5
24.03,31,102.0,941.0,1.0,29.0,10.52,83.1,22.0,14.1,14.5
24.12,31,102.0,941.0,1.0,29.0,10.52,83.1,22.0,14.1,14.5
24.21,31,102.0,941.0,1.0,29.0,10.52,83.1,22.0,14.1,14.5
24.3,31,102.0,941.0,1.0,29.0,10.52,83.1,22.0,14.1,14.5
24.361,31,102.0,941.0,1.0,29.0,10.52,83.1,22.0,14.1,14.5
24.45,31,102.0,935.0,1.0,29.0,10.52,83.1,22.0,14.1,14.5
24.511,31,102.0,935.0,1.0,29.0,10.52,83.1,22.0,14.1,14.5
24.6,31,102.0,935.0,1.0,29.0,10.52,83.1,22.0,14.1,14.5
24.665,31,102.0,935.0,1.0,29.0,10.41,83.1,22.0,14.1,14.5
24.75,31,102.0,935.0,1.0,29.0,10.41,83.1,22.0,14.1,14.5
24.812,31,102.0,935.0,1.0,29.0,10.41,83.1,22.0,14.1,14.5
24.9,31,102.0,935.0,1.0,29.0,10.41,83.1,22.0,14.1,14.5
24.964,31,102.0,935.0,1.0,29.0,10.41,83.1,22.0,14.1,14.5
25.05,31,102.0,935.0,1.0,29.0,10.41,83.1,22.0,14.1,14.5
25.113,31,102.0,935.0,1.0,29.0,10.41,83.1,22.0,14.1,14.5
25.2,31,102.0,921.0,1.0,29.0,10.41,83.1,22.0,14.1,14.5
25.263,31,102.0,921.0,2.0,29.0,10.41,83.1,22.0,14.1,14.5
25.351,31,102.0,921.0,2.0,29.0,10.41,83.1,22.0,14.1,14.5
25.41,31,102.0,921.0,2.0,29.0,10.3,83.1,22.0,14.1,14.5
25.5,31,102.0,921.0,2.0,29.0,10.3,83.1,22.0,14.1,14.5
25.561,31,102.0,921.0,2.0,29.0,10.3,83.1,22.0,14.1,14.5
25.65,31,102.0,921.0,2.0,29.0,10.3,83.1,22.0,14.1,14.5
25.71,31,102.0,921.0,2.0,29.0,10.3,83.1,22.0,14.1,14.5
25.799,31,102.0,921.0,2.0,29.0,10.3,83.1,22.0,14.1,14.5
25.861,31,103.0,921.0,2.0,29.0,10.3,83.1,22.0,14.1,14.5
25.95,31,103.0,908.0,2.0,29.0,10.3,83.1,22.0,14.1,14.5
26.011,31,103.0,908.0,2.0,29.0,10.3,83.1,22.0,14.1,14.5
26.101,31,103.0,908.0,2.0,29.0,10.3,83.1,22.0,14.1,14.5
26.161,31,103.0,908.0,2.0,29.0,10.55,83.1,22.0,14.1,14.5
26.25,31,103.0,908.0,2.0,29.0,10.55,83.1,22.0,14.1,14.5
26.312,31,103.0,908.0,2.0,29.0,10.55,83.1,22.0,14.1,14.5
26.4,31,103.0,908.0,2.0,29.0,10.55,83.1,22.0,14.1,14.5
26.493,31,103.0,908.0,2.0,29.0,10.55,83.1,22.0,14.1,14.5
26.552,31,103.0,908.0,2.0,29.0,10.55,83.1,22.0,14.1,14.5
26.611,31,103.0,908.0,2.0,29.0,10.55,83.1,22.0,14.1,14.5
26.7,31,103.0,911.0,2.0,29.0,10.55,83.1,22.0,14.1,14.5
26.762,31,103.0,911.0,4.0,29.0,10.55,83.1,22.0,14.1,14.5
26.85,31,103.0,911.0,4.0,29.0,10.55,83.1,22.0,14.1,14.5
26.911,31,103.0,911.0,4.0,29.0,11.22,83.1,22.0,14.1,14.5
27.0,31,103.0,911.0,4.0,29.0,11.22,83.1,22.0,14.1,14.5
27.061,31,103.0,911.0,4.0,29.0,11.22,83.1,22.0,14.1,14.5
27.15,31,103.0,911.0,4.0,29.0,11.22,83.1,22.0,14.1,14.5
27.211,31,103.0,911.0,4.0,29.0,11.22,83.1,22.0,14.1,14.5
27.3,31,103.0,911.0,4.0,29.0,11.22,83.1,22.0,14.1,14.5
27.362,31,103.0,911.0,4.0,29.0,11.22,83.1,22.0,14.1,14.5
27.45,31,103.0,909.0,4.0,29.0,11.22,83.1,22.0,14.1,14.5
27.511,31,103.0,909.0,6.0,29.0,11.22,83.1,22.0,14.1,14.5
27.6,31,103.0,909.0,6.0,29.0,11.22,83.1,22.0,14.1,14.5
27.661,31,103.0,909.0,6.0,29.0,11.22,83.1,22.0,14.1,14.5
27.75,31,103.0,909.0,6.0,29.0,11.22,83.1,22.0,14.1,14.5
27.813,31,103.0,909.0,6.0,29.0,11.22,83.1,22.0,14.1,14.5
27.901,31,103.0,909.0,6.0,29.0,11.22,83.1,22.0,14.1,14.5
27.961,31,103.0,909.0,6.0,29.0,11.22,83.1,22.0,14.1,14.5
28.05,31,103.0,909.0,6.0,29.0,11.22,83.1,22.0,14.1,14.5
28.112,31,103.0,909.0,6.0,29.0,11.22,83.1,22.0,14.1,14.5
28.2,31,103.0,934.0,6.0,29.0,11.22,83.1,22.0,14.1,14.5
28.262,31,103.0,934.0,8.0,29.0,11.22,83.1,22.0,14.1,14.5
28.351,31,103.0,934.0,8.0,30.0,11.22,83.1,22.0,14.1,14.5
28.412,31,103.0,934.0,8.0,30.0,12.16,83.1,22.0,14.1,14.5
28.5,31,103.0,934.0,8.0,30.0,12.16,83.1,22.0,14.1,14.5
28.561,31,103.0,934.0,8.0,30.0,12.16,83.1,22.0,14.1,14.5
28.65,31,103.0,934.0,8.0,30.0,12.16,83.1,22.0,16.1,14.5
28.712,31,103.0,934.0,8.0,30.0,12.16,83.1,22.0,16.1,17.6
28.801,30,103.0,934.0,8.0,30.0,12.16,83.1,22.0,16.1,17.6
28.862,30,104.0,934.0,8.0,30.0,12.16,83.1,22.0,16.1,17.6
28.95,30,104.0,1056.0,8.0,30.0,12.16,83.1,22.0,16.1,17.6
29.014,30,104.0,1056.0,9.0,30.0,12.16,83.1,22.0,16.1,17.6
29.1,30,104.0,1056.0,9.0,30.0,12.16,83.1,22.0,16.1,17.6
29.161,30,104.0,1056.0,9.0,30.0,12.58,83.1,22.0,16.1,17.6
29.25,30,104.0,1056.0,9.0,30.0,12.58,83.1,22.0,16.1,17.6
29.311,30,104.0,1056.0,9.0,30.0,12.58,83.1,22.0,16.1,17.6
29.4,30,104.0,1056.0,9.0,30.0,12.58,83.1,22.0,23.5,17.6
29.49,30,104.0,1056.0,9.0,30.0,12.58,83.1,22.0,23.5,23.9
29.58,30,104.0,1056.0,9.0,30.0,12.58,83.1,22.0,23.5,23.9
29.671,30,102.0,1056.0,9.0,30.0,12.58,83.1,22.0,23.5,23.9
29.76,30,102.0,1192.0,9.0,30.0,12.58,83.1,22.0,23.5,23.9
29.852,30,102.0,1192.0,10.0,30.0,12.58,83.1,22.0,23.5,23.9
29.912,30,102.0,1192.0,10.0,30.0,12.58,83.1,22.0,23.5,23.9
30.0,30,102.0,1192.0,10.0,30.0,14.8,83.1,22.0,23.5,23.9
30.12,30,102.0,1192.0,10.0,30.0,14.8,83.1,22.0,23.5,23.9
30.21,30,102.0,1192.0,10.0,30.0,14.8,83.1,22.0,23.5,23.9
30.3,30,102.0,1192.0,10.0,30.0,14.8,83.1,22.0,24.7,23.9
30.391,30,102.0,1192.0,10.0,30.0,14.8,83.1,22.0,24.7,25.5
30.451,30,102.0,1192.0,10.0,30.0,14.8,83.1,22.0,24.7,25.5
30.513,30,100.0,1192.0,10.0,30.0,14.8,83.1,22.0,24.7,25.5
30.601,30,100.0,1320.0,10.0,30.0,14.8,83.1,22.0,24.7,25.5
30.661,30,100.0,1320.0,11.0,30.0,14.8,83.1,22.0,24.7,25.5
30.751,30,100.0,1320.0,11.0,31.0,14.8,83.1,22.0,24.7,25.5
30.811,30,100.0,1320.0,11.0,31.0,16.11,83.1,22.0,24.7,25.5
30.9,30,100.0,1320.0,11.0,31.0,16.11,83.1,22.0,24.7,25.5
30.961,30,100.0,1320.0,11.0,31.0,16.11,83.1,22.0,24.7,25.5
31.052,30,100.0,1320.0,11.0,31.0,16.11,83.1,22.0,29.0,25.5
31.113,30,100.0,1320.0,11.0,31.0,16.11,83.1,22.0,29.0,29.0
31.2,30,100.0,1320.0,11.0,31.0,16.11,83.1,22.0,29.0,29.0
31.26,30,102.0,1320.0,11.0,31.0,16.11,83.1,22.0,29.0,29.0
31.35,30,102.0,1414.0,11.0,31.0,16.11,83.1,22.0,29.0,29.0
31.41,30,102.0,1414.0,12.0,31.0,16.11,83.1,22.0,29.0,29.0
31.5,30,102.0,1414.0,12.0,31.0,16.11,83.1,22.0,29.0,29.0
31.565,30,102.0,1414.0,12.0,31.0,16.63,83.1,22.0,29.0,29.0
31.65,30,102.0,1414.0,12.0,31.0,16.63,83.1,22.0,29.0,29.0
31.711,30,102.0,1414.0,12.0,31.0,16.63,83.1,22.0,29.0,29.0
31.801,30,102.0,1414.0,12.0,31.0,16.63,83.1,22.0,29.0,29.0
31.863,30,102.0,1414.0,12.0,31.0,16.63,83.1,22.0,29.0,28.6
31.951,31,102.0,1414.0,12.0,31.0,16.63,83.1,22.0,29.0,28.6
32.015,31,103.0,1414.0,12.0,31.0,16.63,83.1,22.0,29.0,28.6
32.1,31,103.0,1466.0,12.0,31.0,16.63,83.1,22.0,29.0,28.6
32.162,31,103.0,1466.0,13.0,31.0,16.63,83.1,22.0,29.0,28.6
32.255,31,103.0,1466.0,13.0,31.0,16.63,83.1,22.0,29.0,28.6
32.31,31,103.0,1466.0,13.0,31.0,16.44,83.1,22.0,29.0,28.6
32.399,31,103.0,1466.0,13.0,31.0,16.44,83.1,22.0,29.0,28.6
32.461,31,103.0,1466.0,13.0,31.0,16.44,83.1,22.0,29.0,28.6
32.55,31,103.0,1466.0,13.0,31.0,16.44,83.1,22.0,29.0,28.6
32.64,31,103.0,1466.0,13.0,31.0,16.44,83.1,22.0,29.0,29.4
32.73,31,103.0,1466.0,13.0,31.0,16.44,83.1,22.0,29.0,29.4
32.82,31,102.0,1466.0,13.0,31.0,16.44,83.1,22.0,29.0,29.4
32.91,31,102.0,1497.0,13.0,31.0,16.44,83.1,22.0,29.0,29.4
33.0,31,102.0,1497.0,13.0,31.0,16.44,83.1,22.0,29.0,29.4
33.091,31,102.0,1497.0,13.0,31.0,16.44,83.1,22.0,29.0,29.4
33.152,31,102.0,1497.0,13.0,31.0,16.83,83.1,22.0,29.0,29.4
33.24,31,102.0,1497.0,13.0,31.0,16.83,83.1,22.0,29.0,29.4
33.305,31,102.0,1497.0,13.0,31.0,16.83,83.1,22.0,29.0,29.4
33.39,31,102.0,1497.0,13.0,31.0,16.83,83.1,22.0,30.2,29.4
33.48,31,102.0,1497.0,13.0,31.0,16.83,83.1,22.0,30.2,30.6
33.57,31,102.0,1497.0,13.0,31.0,16.83,83.1,22.0,30.2,30.6
33.66,31,105.0,1497.0,13.0,31.0,16.83,83.1,22.0,30.2,30.6
33.75,31,105.0,1552.0,13.0,31.0,16.83,83.1,22.0,30.2,30.6
33.84,31,105.0,1552.0,14.0,31.0,16.83,83.1,22.0,30.2,30.6
33.932,31,105.0,1552.0,14.0,31.0,16.83,83.1,22.0,30.2,30.6
34.02,31,105.0,1552.0,14.0,31.0,17.94,83.1,22.0,30.2,30.6
34.111,31,105.0,1552.0,14.0,31.0,17.94,83.1,22.0,30.2,30.6
34.201,31,105.0,1552.0,14.0,31.0,17.94,83.1,22.0,30.2,30.6
34.29,31,105.0,1552.0,14.0,31.0,17.94,83.1,22.0,36.1,30.6
34.352,31,105.0,1552.0,14.0,31.0,17.94,83.1,22.0,36.1,37.6
34.44,31,105.0,1552.0,14.0,31.0,17.94,83.1,22.0,36.1,37.6
34.523,31,111.0,1552.0,14.0,31.0,17.94,83.1,22.0,36.1,37.6
34.62,31,111.0,1685.0,14.0,31.0,17.94,83.1,22.0,36.1,37.6
34.709,31,111.0,1685.0,15.0,31.0,17.94,83.1,22.0,36.1,37.6
34.799,31,111.0,1685.0,15.0,31.0,17.94,83.1,22.0,36.1,37.6
34.89,31,111.0,1685.0,15.0,31.0,28.58,83.1,22.0,36.1,37.6
34.95,31,111.0,1685.0,15.0,31.0,28.58,83.1,22.0,36.1,37.6
35.07,31,111.0,1685.0,15.0,31.0,28.58,83.1,22.0,36.1,37.6
35.16,31,111.0,1685.0,15.0,31.0,28.58,83.1,22.0,36.1,37.6
35.25,31,111.0,1685.0,15.0,31.0,28.58,83.1,22.0,36.1,29.8
35.34,31,111.0,1685.0,15.0,31.0,28.58,83.1,22.0,36.1,29.8
35.401,31,121.0,1685.0,15.0,31.0,28.58,83.1,22.0,36.1,29.8
35.492,31,121.0,1644.0,15.0,31.0,28.58,83.1,22.0,36.1,29.8
35.552,31,121.0,1644.0,17.0,31.0,28.58,83.1,22.0,36.1,29.8
35.64,31,121.0,1644.0,17.0,32.0,28.58,83.1,22.0,36.1,29.8
35.702,31,121.0,1644.0,17.0,32.0,12.66,83.1,22.0,36.1,29.8
35.79,31,121.0,1644.0,17.0,32.0,12.66,83.1,22.0,36.1,29.8
35.879,31,121.0,1644.0,17.0,32.0,12.66,83.1,22.0,36.1,29.8
35.969,31,121.0,1644.0,17.0,32.0,12.66,83.1,22.0,31.0,29.8
36.06,31,121.0,1644.0,17.0,32.0,12.66,83.1,22.0,31.0,33.7
36.152,31,121.0,1644.0,17.0,32.0,12.66,83.1,22.0,31.0,33.7
36.24,31,112.0,1644.0,17.0,32.0,12.66,83.1,22.0,31.0,33.7
36.302,31,112.0,1116.0,17.0,32.0,12.66,83.1,22.0,31.0,33.7
36.39,31,112.0,1116.0,18.0,32.0,12.66,83.1,22.0,31.0,33.7
36.452,31,112.0,1116.0,18.0,32.0,12.66,83.1,22.0,31.0,33.7
36.54,31,112.0,1116.0,18.0,32.0,20.36,83.1,22.0,31.0,33.7
36.601,31,112.0,1116.0,18.0,32.0,20.36,83.1,22.0,31.0,33.7
36.69,31,112.0,1116.0,18.0,32.0,20.36,83.1,22.0,31.0,33.7
36.752,31,112.0,1116.0,18.0,32.0,20.36,83.1,22.0,42.7,33.7
36.84,31,112.0,1116.0,18.0,32.0,20.36,83.1,22.0,42.7,45.5
36.902,31,112.0,1116.0,18.0,32.0,20.36,83.1,22.0,42.7,45.5
36.99,31,115.0,1116.0,18.0,32.0,20.36,83.1,22.0,42.7,45.5
37.08,31,115.0,1279.0,18.0,32.0,20.36,83.1,22.0,42.7,45.5
37.142,31,115.0,1279.0,22.0,32.0,20.36,83.1,22.0,42.7,45.5
37.201,31,115.0,1279.0,22.0,29.0,20.36,83.1,22.0,42.7,45.5
37.291,31,115.0,1279.0,22.0,29.0,25.66,83.1,22.0,42.7,45.5
37.354,31,115.0,1279.0,22.0,29.0,25.66,83.1,22.0,42.7,45.5
37.442,31,115.0,1279.0,22.0,29.0,25.66,83.1,22.0,42.7,45.5
37.501,31,115.0,1279.0,22.0,29.0,25.66,83.1,22.0,38.8,45.5
37.59,31,115.0,1279.0,22.0,29.0,25.66,83.1,22.0,38.8,37.6
37.651,31,115.0,1279.0,22.0,29.0,25.66,83.1,22.0,38.8,37.6
37.74,31,124.0,1279.0,22.0,29.0,25.66,83.1,22.0,38.8,37.6
37.804,31,124.0,1482.0,22.0,29.0,25.66,83.1,22.0,38.8,37.6
37.89,31,124.0,1482.0,25.0,29.0,25.66,83.1,22.0,38.8,37.6
37.951,31,124.0,1482.0,25.0,32.0,25.66,83.1,22.0,38.8,37.6
38.04,31,124.0,1482.0,25.0,32.0,16.83,83.1,22.0,38.8,37.6
38.101,31,124.0,1482.0,25.0,32.0,16.83,83.1,22.0,38.8,37.6
38.19,31,124.0,1482.0,25.0,32.0,16.83,83.1,22.0,38.8,37.6
38.252,31,124.0,1482.0,25.0,32.0,16.83,83.1,22.0,28.6,37.6
38.34,31,124.0,1482.0,25.0,32.0,16.83,83.1,22.0,28.6,27.8
38.401,31,124.0,1482.0,25.0,32.0,16.83,83.1,22.0,28.6,27.8
38.492,31,108.0,1482.0,25.0,32.0,16.83,83.1,22.0,28.6,27.8
38.551,31,108.0,1511.0,25.0,32.0,16.83,83.1,22.0,28.6,27.8
38.641,31,108.0,1511.0,26.0,32.0,16.83,83.1,22.0,28.6,27.8
38.702,31,108.0,1511.0,26.0,31.0,16.83,83.1,22.0,28.6,27.8
38.79,31,108.0,1511.0,26.0,31.0,16.91,83.1,22.0,28.6,27.8
38.851,31,108.0,1511.0,26.0,31.0,16.91,83.1,22.0,28.6,27.8
38.94,31,108.0,1511.0,26.0,31.0,16.91,83.1,22.0,28.6,27.8
39.001,31,108.0,1511.0,26.0,31.0,16.91,83.1,22.0,25.9,27.8
39.09,31,108.0,1511.0,26.0,31.0,16.91,83.1,22.0,25.9,25.5
39.152,31,108.0,1511.0,26.0,31.0,16.91,83.1,22.0,25.9,25.5
39.24,31,101.0,1511.0,26.0,31.0,16.91,83.1,22.0,25.9,25.5
39.301,31,101.0,1481.0,26.0,31.0,16.91,83.1,22.0,25.9,25.5
39.39,31,101.0,1481.0,26.0,31.0,16.91,83.1,22.0,25.9,25.5
39.451,31,101.0,1481.0,26.0,30.0,16.91,83.1,22.0,25.9,25.5
39.54,31,101.0,1481.0,26.0,30.0,15.58,83.1,22.0,25.9,25.5
39.603,31,101.0,1481.0,26.0,30.0,15.58,83.1,22.0,25.9,25.5
39.69,31,101.0,1481.0,26.0,30.0,15.58,83.1,22.0,25.9,25.5
39.751,31,101.0,1481.0,26.0,30.0,15.58,83.1,22.0,23.9,25.5
39.841,31,101.0,1481.0,26.0,30.0,15.58,83.1,22.0,23.9,23.1
39.902,31,101.0,1481.0,26.0,30.0,15.58,83.1,22.0,23.9,23.1
39.991,31,99.0,1481.0,26.0,30.0,15.58,83.1,22.0,23.9,23.1
40.111,31,99.0,1444.0,26.0,30.0,15.58,83.1,22.0,23.9,23.1
40.2,31,99.0,1444.0,25.0,30.0,15.58,83.1,22.0,23.9,23.1
40.29,31,99.0,1444.0,25.0,29.0,15.58,83.1,22.0,23.9,23.1
40.351,31,99.0,1444.0,25.0,29.0,14.38,83.1,22.0,23.9,23.1
40.448,31,99.0,1444.0,25.0,29.0,14.38,83.1,22.0,23.9,23.1
40.502,31,99.0,1444.0,25.0,29.0,14.38,83.1,22.0,23.9,23.1
40.59,31,99.0,1444.0,25.0,29.0,14.38,83.1,22.0,21.6,23.1
40.653,31,99.0,1444.0,25.0,29.0,14.38,83.1,22.0,21.6,20.8
40.74,31,99.0,1444.0,25.0,29.0,14.38,83.1,22.0,21.6,20.8
40.801,31,98.0,1444.0,25.0,29.0,14.38,83.1,22.0,21.6,20.8
40.891,31,98.0,1384.0,25.0,29.0,14.38,83.1,22.0,21.6,20.8
40.951,31,98.0,1384.0,24.0,29.0,14.38,83.1,22.0,21.6,20.8
41.04,31,98.0,1384.0,24.0,29.0,14.38,83.1,22.0,21.6,20.8
41.101,31,98.0,1384.0,24.0,29.0,14.44,83.1,22.0,21.6,20.8
41.19,31,98.0,1384.0,24.0,29.0,14.44,83.1,22.0,21.6,20.8
41.251,31,98.0,1384.0,24.0,29.0,14.44,83.1,22.0,21.6,20.8
41.34,31,98.0,1384.0,24.0,29.0,14.44,83.1,22.0,19.6,20.8
41.402,31,98.0,1384.0,24.0,29.0,14.44,83.1,22.0,19.6,19.6
41.49,31,98.0,1384.0,24.0,29.0,14.44,83.1,22.0,19.6,19.6
41.551,31,101.0,1384.0,24.0,29.0,14.44,83.1,22.0,19.6,19.6
41.64,31,101.0,1280.0,24.0,29.0,14.44,83.1,22.0,19.6,19.6
41.701,31,101.0,1280.0,22.0,29.0,14.44,83.1,22.0,19.6,19.6
41.791,31,101.0,1280.0,22.0,28.0,14.44,83.1,22.0,19.6,19.6
41.852,31,101.0,1280.0,22.0,28.0,12.88,83.1,22.0,19.6,19.6
41.94,31,101.0,1280.0,22.0,28.0,12.88,83.1,22.0,19.6,19.6
42.002,31,101.0,1280.0,22.0,28.0,12.88,83.1,22.0,19.6,19.6
42.09,31,101.0,1280.0,22.0,28.0,12.88,83.1,22.0,21.2,19.6
42.153,31,101.0,1280.0,22.0,28.0,12.88,83.1,22.0,21.2,21.6
42.242,31,101.0,1280.0,22.0,28.0,12.88,83.1,22.0,21.2,21.6
42.313,31,104.0,1280.0,22.0,28.0,12.88,83.1,22.0,21.2,21.6
42.39,31,104.0,1205.0,22.0,28.0,12.88,83.1,22.0,21.2,21.6
42.452,31,104.0,1205.0,20.0,28.0,12.88,83.1,22.0,21.2,21.6
42.54,31,104.0,1205.0,20.0,28.0,12.88,83.1,22.0,21.2,21.6
42.601,31,104.0,1205.0,20.0,28.0,13.27,83.1,22.0,21.2,21.6
42.69,31,104.0,1205.0,20.0,28.0,13.27,83.1,22.0,21.2,21.6
42.751,31,104.0,1205.0,20.0,28.0,13.27,83.1,22.0,21.2,21.6
42.84,31,104.0,1205.0,20.0,28.0,13.27,83.1,22.0,22.4,21.6
42.902,31,104.0,1205.0,20.0,28.0,13.27,83.1,22.0,22.4,22.4
42.99,31,104.0,1205.0,20.0,28.0,13.27,83.1,22.0,22.4,22.4
43.052,31,103.0,1205.0,20.0,28.0,13.27,83.1,22.0,22.4,22.4
43.14,31,103.0,1170.0,20.0,28.0,13.27,83.1,22.0,22.4,22.4
43.202,31,103.0,1170.0,20.0,28.0,13.27,83.1,22.0,22.4,22.4
43.29,31,103.0,1170.0,20.0,28.0,13.27,83.1,22.0,22.4,22.4
43.352,31,103.0,1170.0,20.0,28.0,12.8,83.1,22.0,22.4,22.4
43.44,31,103.0,1170.0,20.0,28.0,12.8,83.1,22.0,22.4,22.4
43.501,31,103.0,1170.0,20.0,28.0,12.8,83.1,22.0,22.4,22.4
43.59,31,103.0,1170.0,20.0,28.0,12.8,83.1,22.0,26.7,22.4
43.653,31,103.0,1170.0,20.0,28.0,12.8,83.1,22.0,26.7,26.7
43.74,31,103.0,1170.0,20.0,28.0,12.8,83.1,22.0,26.7,26.7
43.801,31,100.0,1170.0,20.0,28.0,12.8,83.1,22.0,26.7,26.7
43.891,31,100.0,1189.0,20.0,28.0,12.8,83.1,22.0,26.7,26.7
43.951,31,100.0,1189.0,20.0,28.0,12.8,83.1,22.0,26.7,26.7
44.04,31,100.0,1189.0,20.0,28.0,12.8,83.1,22.0,26.7,26.7
44.101,31,100.0,1189.0,20.0,28.0,13.74,83.1,22.0,26.7,26.7
44.19,31,100.0,1189.0,20.0,28.0,13.74,83.1,22.0,26.7,26.7
44.251,31,100.0,1189.0,20.0,28.0,13.74,83.1,22.0,26.7,26.7
44.34,31,100.0,1189.0,20.0,28.0,13.74,83.1,22.0,30.6,26.7
44.403,31,100.0,1189.0,20.0,28.0,13.74,83.1,22.0,30.6,31.4
44.49,31,100.0,1189.0,20.0,28.0,13.74,83.1,22.0,30.6,31.4
44.552,31,100.0,1189.0,20.0,28.0,13.74,83.1,22.0,30.6,31.4
44.64,31,100.0,1241.0,20.0,28.0,13.74,83.1,22.0,30.6,31.4
44.702,31,100.0,1241.0,21.0,28.0,13.74,83.1,22.0,30.6,31.4
44.79,31,100.0,1241.0,21.0,28.0,13.74,83.1,22.0,30.6,31.4
44.852,31,100.0,1241.0,21.0,28.0,15.38,83.1,22.0,30.6,31.4
44.942,31,100.0,1241.0,21.0,28.0,15.38,83.1,22.0,30.6,31.4
45.003,31,100.0,1241.0,21.0,28.0,15.38,83.1,22.0,30.6,31.4
45.09,31,100.0,1241.0,21.0,28.0,15.38,83.1,22.0,32.9,31.4
45.152,31,100.0,1241.0,21.0,28.0,15.38,83.1,22.0,32.9,33.3
45.241,31,100.0,1241.0,21.0,28.0,15.38,83.1,22.0,32.9,33.3
45.302,31,102.0,1241.0,21.0,28.0,15.38,83.1,22.0,32.9,33.3
45.391,31,102.0,1295.0,21.0,28.0,15.38,83.1,22.0,32.9,33.3
45.453,31,102.0,1295.0,22.0,28.0,15.38,83.1,22.0,32.9,33.3
45.54,31,102.0,1295.0,22.0,29.0,15.38,83.1,22.0,32.9,33.3
45.602,31,102.0,1295.0,22.0,29.0,16.58,83.1,22.0,32.9,33.3
45.69,31,102.0,1295.0,22.0,29.0,16.58,83.1,22.0,32.9,33.3
45.751,31,102.0,1295.0,22.0,29.0,16.58,83.1,22.0,32.9,33.3
45.843,31,102.0,1295.0,22.0,29.0,16.58,83.1,22.0,33.7,33.3
45.902,31,102.0,1295.0,22.0,29.0,16.58,83.1,22.0,33.7,34.1
45.99,31,102.0,1295.0,22.0,29.0,16.58,83.1,22.0,33.7,34.1
46.052,31,108.0,1295.0,22.0,29.0,16.58,83.1,22.0,33.7,34.1
46.14,31,108.0,1377.0,22.0,29.0,16.58,83.1,22.0,33.7,34.1
46.202,31,108.0,1377.0,23.0,29.0,16.58,83.1,22.0,33.7,34.1
46.29,31,108.0,1377.0,23.0,29.0,16.58,83.1,22.0,33.7,34.1
46.352,31,108.0,1377.0,23.0,29.0,17.55,83.1,22.0,33.7,34.1
46.442,31,108.0,1377.0,23.0,29.0,17.55,83.1,22.0,33.7,34.1
46.503,31,108.0,1377.0,23.0,29.0,17.55,83.1,22.0,33.7,34.1
46.591,31,108.0,1377.0,23.0,29.0,17.55,83.1,22.0,28.6,34.1
46.652,31,108.0,1377.0,23.0,29.0,17.55,83.1,22.0,28.6,25.5
46.741,31,108.0,1377.0,23.0,29.0,17.55,83.1,22.0,28.6,25.5
46.8,31,109.0,1377.0,23.0,29.0,17.55,83.1,22.0,28.6,25.5
46.89,31,109.0,1386.0,23.0,29.0,17.55,83.1,22.0,28.6,25.5
46.95,31,109.0,1386.0,24.0,29.0,17.55,83.1,22.0,28.6,25.5
47.039,31,109.0,1386.0,24.0,29.0,17.55,83.1,22.0,28.6,25.5
47.1,31,109.0,1386.0,24.0,29.0,14.05,83.1,22.0,28.6,25.5
47.189,31,109.0,1386.0,24.0,29.0,14.05,83.1,22.0,28.6,25.5
47.25,31,109.0,1386.0,24.0,29.0,14.05,83.1,22.0,28.6,25.5
47.339,31,109.0,1386.0,24.0,29.0,14.05,83.1,22.0,22.0,25.5
47.4,31,109.0,1386.0,24.0,29.0,14.05,83.1,22.0,22.0,22.0
47.49,32,109.0,1386.0,24.0,29.0,14.05,83.1,22.0,22.0,22.0
47.55,32,101.0,1386.0,24.0,29.0,14.05,83.1,22.0,22.0,22.0
47.64,32,101.0,1277.0,24.0,29.0,14.05,83.1,22.0,22.0,22.0
47.702,32,101.0,1277.0,22.0,29.0,14.05,83.1,22.0,22.0,22.0
47.789,32,101.0,1277.0,22.0,28.0,14.05,83.1,22.0,22.0,22.0
47.85,32,101.0,1277.0,22.0,28.0,12.94,83.1,22.0,22.0,22.0
47.939,32,101.0,1277.0,22.0,28.0,12.94,83.1,22.0,22.0,22.0
48.0,32,101.0,1277.0,22.0,28.0,12.94,83.1,22.0,22.0,22.0
48.089,32,101.0,1277.0,22.0,28.0,12.94,83.1,22.0,23.1,22.0
48.15,32,101.0,1277.0,22.0,28.0,12.94,83.1,22.0,23.1,23.1
48.24,32,101.0,1277.0,22.0,28.0,12.94,83.1,22.0,23.1,23.1
48.302,32,99.0,1277.0,22.0,28.0,12.94,83.1,22.0,23.1,23.1
48.391,32,99.0,1193.0,22.0,28.0,12.94,83.1,22.0,23.1,23.1
48.451,32,99.0,1193.0,20.0,28.0,12.94,83.1,22.0,23.1,23.1
48.539,32,99.0,1193.0,20.0,28.0,12.94,83.1,22.0,23.1,23.1
48.6,32,99.0,1193.0,20.0,28.0,12.19,83.1,22.0,23.1,23.1
48.69,32,99.0,1193.0,20.0,28.0,12.19,83.1,22.0,23.1,23.1
48.75,32,99.0,1193.0,20.0,28.0,12.19,83.1,22.0,23.1,23.1
48.84,32,99.0,1193.0,20.0,28.0,12.19,83.1,22.0,22.4,23.1
48.901,32,99.0,1193.0,20.0,28.0,12.19,83.1,22.0,22.4,21.6
48.99,32,99.0,1193.0,20.0,28.0,12.19,83.1,22.0,22.4,21.6
49.051,32,99.0,1193.0,20.0,28.0,12.19,83.1,22.0,22.4,21.6
49.14,32,99.0,1142.0,20.0,28.0,12.19,83.1,22.0,22.4,21.6
49.202,32,99.0,1142.0,19.0,28.0,12.19,83.1,22.0,22.4,21.6
49.29,32,99.0,1142.0,19.0,27.0,12.19,83.1,22.0,22.4,21.6
49.352,32,99.0,1142.0,19.0,27.0,11.72,83.1,22.0,22.4,21.6
49.44,32,99.0,1142.0,19.0,27.0,11.72,83.1,22.0,22.4,21.6
49.501,32,99.0,1142.0,19.0,27.0,11.72,83.1,22.0,22.4,21.6
49.59,32,99.0,1142.0,19.0,27.0,11.72,83.1,22.0,14.1,21.6
49.653,32,99.0,1142.0,19.0,27.0,11.72,83.1,22.0,14.1,14.5
49.74,32,99.0,1142.0,19.0,27.0,11.72,83.1,22.0,14.1,14.5
49.801,32,99.0,1142.0,19.0,27.0,11.72,83.1,22.0,14.1,14.5
49.89,32,99.0,988.0,19.0,27.0,11.72,83.1,22.0,14.1,14.5
49.95,32,99.0,988.0,19.0,27.0,11.72,83.1,22.0,14.1,14.5
50.039,32,99.0,988.0,19.0,26.0,11.72,83.1,22.0,14.1,14.5
50.1,32,99.0,988.0,19.0,26.0,9.74,83.1,22.0,14.1,14.5
50.188,32,99.0,988.0,19.0,26.0,9.74,83.1,22.0,14.1,14.5
50.248,32,99.0,988.0,19.0,26.0,9.74,83.1,22.0,14.1,14.5
50.338,32,99.0,988.0,19.0,26.0,9.74,83.1,22.0,14.1,14.5
50.398,32,99.0,988.0,19.0,26.0,9.74,83.1,22.0,14.1,14.5
50.488,32,99.0,988.0,19.0,26.0,9.74,83.1,22.0,14.1,14.5
50.549,32,101.0,988.0,19.0,26.0,9.74,83.1,22.0,14.1,14.5
50.637,32,101.0,950.0,19.0,26.0,9.74,83.1,22.0,14.1,14.5
50.697,32,101.0,950.0,16.0,26.0,9.74,83.1,22.0,14.1,14.5
50.786,32,101.0,950.0,16.0,26.0,9.74,83.1,22.0,14.1,14.5
50.847,32,101.0,950.0,16.0,26.0,9.97,83.1,22.0,14.1,14.5
50.935,32,101.0,950.0,16.0,26.0,9.97,83.1,22.0,14.1,14.5
50.997,32,101.0,950.0,16.0,26.0,9.97,83.1,22.0,14.1,14.5
51.084,32,101.0,950.0,16.0,26.0,9.97,83.1,22.0,14.1,14.5
51.146,32,101.0,950.0,16.0,26.0,9.97,83.1,22.0,14.1,14.1
51.234,32,101.0,950.0,16.0,26.0,9.97,83.1,22.0,14.1,14.1
51.295,32,102.0,950.0,16.0,26.0,9.97,83.1,22.0,14.1,14.1
51.384,32,102.0,937.0,16.0,26.0,9.97,83.1,22.0,14.1,14.1
51.444,32,102.0,937.0,10.0,26.0,9.97,83.1,22.0,14.1,14.1
51.533,32,102.0,937.0,10.0,26.0,9.97,83.1,22.0,14.1,14.1
51.595,32,102.0,937.0,10.0,26.0,9.8,83.1,22.0,14.1,14.1
51.682,32,102.0,937.0,10.0,26.0,9.8,83.1,22.0,14.1,14.1
51.742,32,102.0,937.0,10.0,26.0,9.8,83.1,22.0,14.1,14.1
51.832,32,102.0,937.0,10.0,26.0,9.8,83.1,22.0,14.1,14.1
51.893,32,102.0,937.0,10.0,26.0,9.8,83.1,22.0,14.1,14.5
51.982,32,102.0,937.0,10.0,26.0,9.8,83.1,22.0,14.1,14.5
52.042,32,102.0,937.0,10.0,26.0,9.8,83.1,22.0,14.1,14.5
52.131,32,102.0,933.0,10.0,26.0,9.8,83.1,22.0,14.1,14.5
52.191,32,102.0,933.0,3.0,26.0,9.8,83.1,22.0,14.1,14.5
52.28,32,102.0,933.0,3.0,26.0,9.8,83.1,22.0,14.1,14.5
52.341,32,102.0,933.0,3.0,26.0,9.99,83.1,22.0,14.1,14.5
52.432,32,102.0,933.0,3.0,26.0,9.99,83.1,22.0,14.1,14.5
52.489,32,102.0,933.0,3.0,26.0,9.99,83.1,22.0,14.1,14.5
52.578,32,102.0,933.0,3.0,26.0,9.99,83.1,22.0,14.1,14.5
52.639,32,102.0,933.0,3.0,26.0,9.99,83.1,22.0,14.1,14.5
52.728,32,102.0,933.0,3.0,26.0,9.99,83.1,22.0,14.1,14.5
52.788,32,102.0,933.0,3.0,26.0,9.99,83.1,22.0,14.1,14.5
52.877,32,102.0,890.0,3.0,26.0,9.99,83.1,22.0,14.1,14.5
52.938,32,102.0,890.0,0.0,26.0,9.99,83.1,22.0,14.1,14.5
53.027,32,102.0,890.0,0.0,26.0,9.99,83.1,22.0,14.1,14.5
53.088,32,102.0,890.0,0.0,26.0,9.27,83.1,22.0,14.1,14.5
53.176,32,102.0,890.0,0.0,26.0,9.27,83.1,22.0,14.1,14.5
53.236,32,102.0,890.0,0.0,26.0,9.27,83.1,22.0,14.1,14.5
53.326,32,102.0,890.0,0.0,26.0,9.27,83.1,22.0,14.1,14.5
53.386,32,102.0,890.0,0.0,26.0,9.27,83.1,22.0,14.1,14.5
53.475,32,102.0,890.0,0.0,26.0,9.27,83.1,22.0,14.1,14.5
53.536,32,102.0,890.0,0.0,26.0,9.27,83.1,22.0,14.1,14.5
53.624,32,102.0,842.0,0.0,26.0,9.27,83.1,22.0,14.1,14.5
53.685,32,102.0,842.0,0.0,26.0,9.27,83.1,22.0,14.1,14.5
53.774,32,102.0,842.0,0.0,25.0,9.27,83.1,22.0,14.1,14.5
53.835,32,102.0,842.0,0.0,25.0,9.13,83.1,22.0,14.1,14.5
53.923,32,102.0,842.0,0.0,25.0,9.13,83.1,22.0,14.1,14.5
53.985,32,102.0,842.0,0.0,25.0,9.13,83.1,22.0,14.1,14.5
54.073,32,102.0,842.0,0.0,25.0,9.13,83.1,22.0,14.1,14.5
54.134,32,102.0,842.0,0.0,25.0,9.13,83.1,22.0,14.1,14.5
54.224,32,102.0,842.0,0.0,25.0,9.13,83.1,22.0,14.1,14.5
54.284,32,102.0,842.0,0.0,25.0,9.13,83.1,22.0,14.1,14.5
54.374,32,102.0,842.0,0.0,25.0,9.13,83.1,22.0,14.1,14.5
54.435,32,102.0,842.0,0.0,25.0,9.13,83.1,22.0,14.1,14.5
54.524,32,102.0,842.0,0.0,25.0,9.13,83.1,22.0,14.1,14.5
54.585,32,102.0,842.0,0.0,25.0,9.19,83.1,22.0,14.1,14.5
54.674,32,102.0,842.0,0.0,25.0,9.19,83.1,22.0,14.1,14.5
54.734,32,102.0,842.0,0.0,25.0,9.19,83.1,22.0,14.1,14.5
54.824,32,102.0,842.0,0.0,25.0,9.19,83.1,22.0,14.1,14.5
54.884,32,102.0,842.0,0.0,25.0,9.19,83.1,22.0,14.1,14.5
54.977,32,102.0,842.0,0.0,25.0,9.19,83.1,22.0,14.1,14.5
55.064,32,102.0,842.0,0.0,25.0,9.19,83.1,22.0,14.1,14.5
55.125,32,102.0,841.0,0.0,25.0,9.19,83.1,22.0,14.1,14.5
55.188,32,102.0,841.0,0.0,25.0,9.19,83.1,22.0,14.1,14.5
55.273,32,102.0,841.0,0.0,25.0,9.19,83.1,22.0,14.1,14.5
55.334,32,102.0,841.0,0.0,25.0,9.19,83.1,22.0,14.1,14.5
55.423,32,102.0,841.0,0.0,25.0,9.19,83.1,22.0,14.1,14.5
55.484,32,102.0,841.0,0.0,25.0,9.19,83.1,22.0,14.1,14.5
55.573,32,102.0,841.0,0.0,25.0,9.19,83.1,22.0,14.1,14.5
55.634,32,102.0,841.0,0.0,25.0,9.19,83.1,22.0,14.1,14.5
55.724,32,102.0,841.0,0.0,25.0,9.19,83.1,22.0,14.1,14.5
55.814,32,101.0,841.0,0.0,25.0,9.19,83.1,22.0,14.1,14.5
55.875,32,101.0,842.0,0.0,25.0,9.19,83.1,22.0,14.1,14.5
55.934,32,101.0,842.0,0.0,25.0,9.19,83.1,22.0,14.1,14.5
56.023,32,101.0,842.0,0.0,25.0,9.19,83.1,22.0,14.1,14.5
56.083,32,101.0,842.0,0.0,25.0,9.16,83.1,22.0,14.1,14.5
56.173,32,101.0,842.0,0.0,25.0,9.16,83.1,22.0,14.1,14.5
56.234,32,101.0,842.0,0.0,25.0,9.16,83.1,22.0,14.1,14.5
56.323,32,101.0,842.0,0.0,25.0,9.16,83.1,22.0,14.1,14.5
56.384,32,101.0,842.0,0.0,25.0,9.16,83.1,22.0,14.1,14.5
56.475,32,101.0,842.0,0.0,25.0,9.16,83.1,22.0,14.1,14.5
56.535,32,101.0,842.0,0.0,25.0,9.16,83.1,22.0,14.1,14.5
56.624,32,101.0,840.0,0.0,25.0,9.16,83.1,22.0,14.1,14.5
56.684,32,101.0,840.0,0.0,25.0,9.16,83.1,22.0,14.1,14.5
56.774,32,101.0,840.0,0.0,25.0,9.16,83.1,22.0,14.1,14.5
56.835,32,101.0,840.0,0.0,25.0,9.02,83.1,22.0,14.1,14.5
56.924,32,101.0,840.0,0.0,25.0,9.02,83.1,22.0,14.1,14.5
56.986,32,101.0,840.0,0.0,25.0,9.02,83.1,22.0,14.1,14.5
57.074,32,101.0,840.0,0.0,25.0,9.02,83.1,22.0,14.1,14.5
57.134,32,101.0,840.0,0.0,25.0,9.02,83.1,22.0,14.1,14.5
57.224,33,101.0,840.0,0.0,25.0,9.02,83.1,22.0,14.1,14.5
57.285,33,101.0,840.0,0.0,25.0,9.02,83.1,22.0,14.1,14.5
57.374,33,101.0,830.0,0.0,25.0,9.02,83.1,22.0,14.1,14.5
57.435,33,101.0,830.0,0.0,25.0,9.02,83.1,22.0,14.1,14.5
57.526,33,101.0,830.0,0.0,25.0,9.02,83.1,22.0,14.1,14.5
57.585,33,101.0,830.0,0.0,25.0,9.05,83.1,22.0,14.1,14.5
57.674,33,101.0,830.0,0.0,25.0,9.05,83.1,22.0,14.1,14.5
57.736,33,101.0,830.0,0.0,25.0,9.05,83.1,22.0,14.1,14.5
57.825,33,101.0,830.0,0.0,25.0,9.05,83.1,22.0,16.5,14.5
57.887,33,101.0,830.0,0.0,25.0,9.05,83.1,22.0,16.5,16.5
57.974,33,101.0,830.0,0.0,25.0,9.05,83.1,22.0,16.5,16.5
58.042,33,101.0,830.0,0.0,25.0,9.05,83.1,22.0,16.5,16.5
58.124,33,101.0,864.0,0.0,25.0,9.05,83.1,22.0,16.5,16.5
58.186,33,101.0,864.0,0.0,25.0,9.05,83.1,22.0,16.5,16.5
58.277,33,101.0,864.0,0.0,25.0,9.05,83.1,22.0,16.5,16.5
58.337,33,101.0,864.0,0.0,25.0,11.22,83.1,22.0,16.5,16.5
58.423,33,101.0,864.0,0.0,25.0,11.22,83.1,22.0,16.5,16.5
58.484,33,101.0,864.0,0.0,25.0,11.22,83.1,22.0,16.5,16.5
58.573,33,101.0,864.0,0.0,25.0,11.22,83.1,22.0,18.4,16.5
58.696,33,101.0,864.0,0.0,25.0,11.22,83.1,22.0,18.4,18.0
58.784,33,101.0,864.0,0.0,25.0,11.22,83.1,22.0,18.4,18.0
58.874,33,103.0,864.0,0.0,25.0,11.22,83.1,22.0,18.4,18.0
58.937,33,103.0,868.0,0.0,25.0,11.22,83.1,22.0,18.4,18.0
59.024,33,103.0,868.0,4.0,25.0,11.22,83.1,22.0,18.4,18.0
59.086,33,103.0,868.0,4.0,26.0,11.22,83.1,22.0,18.4,18.0
59.175,33,103.0,868.0,4.0,26.0,14.24,83.1,22.0,18.4,18.0
59.237,33,103.0,868.0,4.0,26.0,14.24,83.1,22.0,18.4,18.0
59.324,33,103.0,868.0,4.0,26.0,14.24,83.1,22.0,18.4,18.0
59.388,33,103.0,868.0,4.0,26.0,14.24,83.1,22.0,20.0,18.0
59.474,33,103.0,868.0,4.0,26.0,14.24,83.1,22.0,20.0,19.6
59.535,33,103.0,868.0,4.0,26.0,14.24,83.1,22.0,20.0,19.6
59.624,33,104.0,868.0,4.0,26.0,14.24,83.1,22.0,20.0,19.6
59.684,33,104.0,1105.0,4.0,26.0,14.24,83.1,22.0,20.0,19.6
59.774,33,104.0,1105.0,9.0,26.0,14.24,83.1,22.0,20.0,19.6
59.835,33,104.0,1105.0,9.0,28.0,14.24,83.1,22.0,20.0,19.6
59.924,33,104.0,1105.0,9.0,28.0,16.97,83.1,22.0,20.0,19.6
59.986,33,104.0,1105.0,9.0,28.0,16.97,83.1,22.0,20.0,19.6
60.076,33,104.0,1105.0,9.0,28.0,16.97,83.1,22.0,20.0,19.6
60.137,33,104.0,1105.0,9.0,28.0,16.97,83.1,22.0,27.5,19.6
60.224,33,104.0,1105.0,9.0,28.0,16.97,83.1,22.0,27.5,28.2
60.286,33,104.0,1105.0,9.0,28.0,16.97,83.1,22.0,27.5,28.2
60.375,33,109.0,1105.0,9.0,28.0,16.97,83.1,22.0,27.5,28.2
60.438,33,109.0,1442.0,9.0,28.0,16.97,83.1,22.0,27.5,28.2
60.524,33,109.0,1442.0,12.0,28.0,16.97,83.1,22.0,27.5,28.2
60.587,33,109.0,1442.0,12.0,30.0,16.97,83.1,22.0,27.5,28.2
60.674,33,109.0,1442.0,12.0,30.0,24.3,83.1,22.0,27.5,28.2
60.736,33,109.0,1442.0,12.0,30.0,24.3,83.1,22.0,27.5,28.2
60.824,33,109.0,1442.0,12.0,30.0,24.3,83.1,22.0,27.5,28.2
60.888,33,109.0,1442.0,12.0,30.0,24.3,83.1,22.0,40.4,28.2
60.975,33,109.0,1442.0,12.0,30.0,24.3,83.1,22.0,40.4,41.2
61.036,33,109.0,1442.0,12.0,30.0,24.3,83.1,22.0,40.4,41.2
61.124,33,125.0,1442.0,12.0,30.0,24.3,83.1,22.0,40.4,41.2
61.184,33,125.0,1734.0,12.0,30.0,24.3,83.1,22.0,40.4,41.2
61.274,33,125.0,1734.0,15.0,30.0,24.3,83.1,22.0,40.4,41.2
61.335,33,125.0,1734.0,15.0,32.0,24.3,83.1,22.0,40.4,41.2
61.424,33,125.0,1734.0,15.0,32.0,29.55,83.1,22.0,40.4,41.2
61.484,33,125.0,1734.0,15.0,32.0,29.55,83.1,22.0,40.4,41.2
61.575,33,125.0,1734.0,15.0,32.0,29.55,83.1,22.0,40.4,41.2
61.635,33,125.0,1734.0,15.0,32.0,29.55,83.1,22.0,41.6,41.2
61.724,33,125.0,1734.0,15.0,32.0,29.55,83.1,22.0,41.6,42.0
61.788,33,125.0,1734.0,15.0,32.0,29.55,83.1,22.0,41.6,42.0
61.874,33,136.0,1734.0,15.0,32.0,29.55,83.1,22.0,41.6,42.0
61.935,33,136.0,1913.0,15.0,32.0,29.55,83.1,22.0,41.6,42.0
62.023,33,136.0,1913.0,17.0,32.0,29.55,83.1,22.0,41.6,42.0
62.084,33,136.0,1913.0,17.0,33.0,29.55,83.1,22.0,41.6,42.0
62.174,33,136.0,1913.0,17.0,33.0,29.74,83.1,22.0,41.6,42.0
62.235,33,136.0,1913.0,17.0,33.0,29.74,83.1,22.0,41.6,42.0
62.324,33,136.0,1913.0,17.0,33.0,29.74,83.1,22.0,41.6,42.0
62.384,33,136.0,1913.0,17.0,33.0,29.74,83.1,22.0,41.6,42.0
62.474,33,136.0,1913.0,17.0,33.0,29.74,83.1,22.0,41.6,42.0
62.534,33,136.0,1913.0,17.0,33.0,29.74,83.1,22.0,41.6,42.0
62.624,33,131.0,1913.0,17.0,33.0,29.74,83.1,22.0,41.6,42.0
62.684,33,131.0,2054.0,17.0,33.0,29.74,83.1,22.0,41.6,42.0
62.774,33,131.0,2054.0,18.0,33.0,29.74,83.1,22.0,41.6,42.0
62.837,33,131.0,2054.0,18.0,33.0,29.74,83.1,22.0,41.6,42.0
62.923,33,131.0,2054.0,18.0,33.0,31.86,83.1,22.0,41.6,42.0
62.984,33,131.0,2054.0,18.0,33.0,31.86,83.1,22.0,41.6,42.0
63.073,33,131.0,2054.0,18.0,33.0,31.86,83.1,22.0,41.6,42.0
63.134,33,131.0,2054.0,18.0,33.0,31.86,83.1,22.0,42.0,42.0
63.224,33,131.0,2054.0,18.0,33.0,31.86,83.1,22.0,42.0,42.7
63.286,33,131.0,2054.0,18.0,33.0,31.86,83.1,22.0,42.0,42.7
63.375,33,132.0,2054.0,18.0,33.0,31.86,83.1,22.0,42.0,42.7
63.436,33,132.0,2185.0,18.0,33.0,31.86,83.1,22.0,42.0,42.7
63.524,33,132.0,2185.0,19.0,33.0,31.86,83.1,22.0,42.0,42.7
63.585,33,132.0,2185.0,19.0,33.0,31.86,83.1,22.0,42.0,42.7
63.675,33,132.0,2185.0,19.0,33.0,38.63,83.1,22.0,42.0,42.7
63.734,33,132.0,2185.0,19.0,33.0,38.63,83.1,22.0,42.0,42.7
63.824,33,132.0,2185.0,19.0,33.0,38.63,83.1,22.0,42.0,42.7
63.885,33,132.0,2185.0,19.0,33.0,38.63,83.1,22.0,40.8,42.7
63.975,33,132.0,2185.0,19.0,33.0,38.63,83.1,22.0,40.8,40.8
64.036,34,132.0,2185.0,19.0,33.0,38.63,83.1,22.0,40.8,40.8
64.125,34,135.0,2185.0,19.0,33.0,38.63,83.1,22.0,40.8,40.8
64.184,34,135.0,2266.0,19.0,33.0,38.63,83.1,22.0,40.8,40.8
64.274,34,135.0,2266.0,20.0,33.0,38.63,83.1,22.0,40.8,40.8
64.363,34,135.0,2266.0,20.0,33.0,38.63,83.1,22.0,40.8,40.8
64.424,34,135.0,2266.0,20.0,33.0,24.88,83.1,22.0,40.8,40.8
64.484,34,135.0,2266.0,20.0,33.0,24.88,83.1,22.0,40.8,40.8
64.573,34,135.0,2266.0,20.0,33.0,24.88,83.1,22.0,40.8,40.8
64.634,34,135.0,2266.0,20.0,33.0,24.88,83.1,22.0,14.5,40.8
64.723,34,135.0,2266.0,20.0,33.0,24.88,83.1,22.0,14.5,17.6
64.813,34,135.0,2266.0,20.0,33.0,24.88,83.1,22.0,14.5,17.6
64.874,34,117.0,2266.0,20.0,33.0,24.88,83.1,22.0,14.5,17.6
64.963,34,117.0,1381.0,20.0,33.0,24.88,83.1,22.0,14.5,17.6
65.029,34,117.0,1381.0,18.0,33.0,24.88,83.1,22.0,14.5,17.6
65.115,34,117.0,1381.0,18.0,29.0,24.88,83.1,22.0,14.5,17.6
65.175,34,117.0,1381.0,18.0,29.0,16.11,83.1,22.0,14.5,17.6
65.264,34,117.0,1381.0,18.0,29.0,16.11,83.1,22.0,14.5,17.6
65.324,34,117.0,1381.0,18.0,29.0,16.11,83.1,22.0,14.5,17.6
65.423,34,117.0,1381.0,18.0,29.0,16.11,83.1,22.0,30.2,17.6
65.475,34,117.0,1381.0,18.0,29.0,16.11,83.1,22.0,30.2,30.2
65.564,34,117.0,1381.0,18.0,29.0,16.11,83.1,22.0,30.2,30.2
65.625,34,113.0,1381.0,18.0,29.0,16.11,83.1,22.0,30.2,30.2
65.686,34,113.0,1102.0,18.0,29.0,16.11,83.1,22.0,30.2,30.2
65.774,34,113.0,1102.0,19.0,29.0,16.11,83.1,22.0,30.2,30.2
65.836,34,113.0,1102.0,19.0,29.0,16.11,83.1,22.0,30.2,30.2
65.924,34,113.0,1102.0,19.0,29.0,18.19,83.1,22.0,30.2,30.2
65.985,34,113.0,1102.0,19.0,29.0,18.19,83.1,22.0,30.2,30.2
66.074,34,113.0,1102.0,19.0,29.0,18.19,83.1,22.0,30.2,30.2
66.164,34,113.0,1102.0,19.0,29.0,18.19,83.1,22.0,29.4,30.2
66.227,34,113.0,1102.0,19.0,29.0,18.19,83.1,22.0,29.4,28.6
66.286,34,113.0,1102.0,19.0,29.0,18.19,83.1,22.0,29.4,28.6
66.376,34,115.0,1102.0,19.0,29.0,18.19,83.1,22.0,29.4,28.6
66.436,34,115.0,1141.0,19.0,29.0,18.19,83.1,22.0,29.4,28.6
66.523,34,115.0,1141.0,19.0,29.0,18.19,83.1,22.0,29.4,28.6
66.585,34,115.0,1141.0,19.0,28.0,18.19,83.1,22.0,29.4,28.6
66.677,34,115.0,1141.0,19.0,28.0,11.24,83.1,22.0,29.4,28.6
66.735,34,115.0,1141.0,19.0,28.0,11.24,83.1,22.0,29.4,28.6
66.824,34,115.0,1141.0,19.0,28.0,11.24,83.1,22.0,29.4,28.6
66.887,34,115.0,1141.0,19.0,28.0,11.24,83.1,22.0,14.1,28.6
66.975,34,115.0,1141.0,19.0,28.0,11.24,83.1,22.0,14.1,14.5
67.064,34,115.0,1141.0,19.0,28.0,11.24,83.1,22.0,14.1,14.5
67.155,34,105.0,1141.0,19.0,28.0,11.24,83.1,22.0,14.1,14.5
67.243,34,105.0,1056.0,19.0,28.0,11.24,83.1,22.0,14.1,14.5
67.363,34,105.0,1056.0,18.0,28.0,11.24,83.1,22.0,14.1,14.5
67.453,34,105.0,1056.0,18.0,28.0,11.24,83.1,22.0,14.1,14.5
67.544,34,105.0,1056.0,18.0,28.0,10.74,83.1,22.0,14.1,14.5
67.634,34,105.0,1056.0,18.0,28.0,10.74,83.1,22.0,14.1,14.5
67.724,34,105.0,1056.0,18.0,28.0,10.74,83.1,22.0,14.1,14.5
67.814,34,105.0,1056.0,18.0,28.0,10.74,83.1,22.0,14.1,14.5
67.904,34,105.0,1056.0,18.0,28.0,10.74,83.1,22.0,14.1,14.5
67.996,34,105.0,1056.0,18.0,28.0,10.74,83.1,22.0,14.1,14.5
68.084,34,104.0,1056.0,18.0,28.0,10.74,83.1,22.0,14.1,14.5
68.176,34,104.0,958.0,18.0,28.0,10.74,83.1,22.0,14.1,14.5
68.264,34,104.0,958.0,14.0,28.0,10.74,83.1,22.0,14.1,14.5
68.355,34,104.0,958.0,14.0,26.0,10.74,83.1,22.0,14.1,14.5
68.445,34,104.0,958.0,14.0,26.0,9.8,83.1,22.0,14.1,14.5
68.533,34,104.0,958.0,14.0,26.0,9.8,83.1,22.0,14.1,14.5
68.624,34,104.0,958.0,14.0,26.0,9.8,83.1,22.0,14.1,14.5
68.714,34,104.0,958.0,14.0,26.0,9.8,83.1,22.0,14.1,14.5
68.804,34,104.0,958.0,14.0,26.0,9.8,83.1,22.0,14.1,14.5
68.896,34,104.0,958.0,14.0,26.0,9.8,83.1,22.0,14.1,14.5
68.983,34,104.0,958.0,14.0,26.0,9.8,83.1,22.0,14.1,14.5
69.074,34,104.0,933.0,14.0,26.0,9.8,83.1,22.0,14.1,14.5
69.164,34,104.0,933.0,10.0,26.0,9.8,83.1,22.0,14.1,14.5
69.258,34,104.0,933.0,10.0,25.0,9.8,83.1,22.0,14.1,14.5
69.344,34,104.0,933.0,10.0,25.0,9.83,83.1,22.0,14.1,14.5
69.433,34,104.0,933.0,10.0,25.0,9.83,83.1,22.0,14.1,14.5
69.523,34,104.0,933.0,10.0,25.0,9.83,83.1,22.0,14.1,14.5
69.614,34,104.0,933.0,10.0,25.0,9.83,83.1,22.0,14.1,14.5
69.735,34,104.0,933.0,10.0,25.0,9.83,83.1,22.0,14.1,14.5
69.825,34,104.0,933.0,10.0,25.0,9.83,83.1,22.0,14.1,14.5
69.916,34,104.0,933.0,10.0,25.0,9.83,83.1,22.0,14.1,14.5
70.007,34,104.0,928.0,10.0,25.0,9.83,83.1,22.0,14.1,14.5
70.098,34,104.0,928.0,7.0,25.0,9.83,83.1,22.0,14.1,14.5
70.188,34,104.0,928.0,7.0,25.0,9.83,83.1,22.0,14.1,14.5
70.284,34,104.0,928.0,7.0,25.0,9.94,83.1,22.0,14.1,14.5
70.367,34,104.0,928.0,7.0,25.0,9.94,83.1,22.0,14.1,14.5
70.458,34,104.0,928.0,7.0,25.0,9.94,83.1,22.0,14.1,14.5
70.55,34,104.0,928.0,7.0,25.0,9.94,83.1,22.0,14.1,14.5
70.638,34,104.0,928.0,7.0,25.0,9.94,83.1,22.0,14.1,14.5
70.728,35,104.0,928.0,7.0,25.0,9.94,83.1,22.0,14.1,14.5
70.818,35,103.0,928.0,7.0,25.0,9.94,83.1,22.0,14.1,14.5
70.909,35,103.0,925.0,7.0,25.0,9.94,83.1,22.0,14.1,14.5
70.997,35,103.0,925.0,7.0,25.0,9.94,83.1,22.0,14.1,14.5
71.087,35,103.0,925.0,7.0,25.0,9.94,83.1,22.0,14.1,14.5
71.177,35,103.0,925.0,7.0,25.0,9.88,83.1,22.0,14.1,14.5
71.268,35,103.0,925.0,7.0,25.0,9.88,83.1,22.0,14.1,14.5
71.358,35,103.0,925.0,7.0,25.0,9.88,83.1,22.0,14.1,14.5
71.448,35,103.0,925.0,7.0,25.0,9.88,83.1,22.0,15.7,14.5
71.538,35,103.0,925.0,7.0,25.0,9.88,83.1,22.0,15.7,15.3
71.628,35,103.0,925.0,7.0,25.0,9.88,83.1,22.0,15.7,15.3
71.718,35,103.0,925.0,7.0,25.0,9.88,83.1,22.0,15.7,15.3
71.809,35,103.0,903.0,7.0,25.0,9.88,83.1,22.0,15.7,15.3
71.898,35,103.0,903.0,6.0,25.0,9.88,83.1,22.0,15.7,15.3
71.988,35,103.0,903.0,6.0,25.0,9.88,83.1,22.0,15.7,15.3
72.078,35,103.0,903.0,6.0,25.0,9.74,83.1,22.0,15.7,15.3
72.168,35,103.0,903.0,6.0,25.0,9.74,83.1,22.0,15.7,15.3
72.258,35,103.0,903.0,6.0,25.0,9.74,83.1,22.0,15.7,15.3
72.348,35,103.0,903.0,6.0,25.0,9.74,83.1,22.0,16.1,15.3
72.437,35,103.0,903.0,6.0,25.0,9.74,83.1,22.0,16.1,15.7
72.528,35,103.0,903.0,6.0,25.0,9.74,83.1,22.0,16.1,15.7
72.618,35,103.0,903.0,6.0,25.0,9.74,83.1,22.0,16.1,15.7
72.708,35,103.0,849.0,6.0,25.0,9.74,83.1,22.0,16.1,15.7
72.797,35,103.0,849.0,7.0,25.0,9.74,83.1,22.0,16.1,15.7
72.888,35,103.0,849.0,7.0,25.0,9.74,83.1,22.0,16.1,15.7
73.008,35,103.0,849.0,7.0,25.0,10.97,83.1,22.0,16.1,15.7
73.098,35,103.0,849.0,7.0,25.0,10.97,83.1,22.0,16.1,15.7
73.188,35,103.0,849.0,7.0,25.0,10.97,83.1,22.0,16.1,15.7
73.277,35,103.0,849.0,7.0,25.0,10.97,83.1,22.0,20.4,15.7
73.369,35,103.0,849.0,7.0,25.0,10.97,83.1,22.0,20.4,21.2
73.458,35,103.0,849.0,7.0,25.0,10.97,83.1,22.0,20.4,21.2
73.548,35,104.0,849.0,7.0,25.0,10.97,83.1,22.0,20.4,21.2
73.637,35,104.0,1084.0,7.0,25.0,10.97,83.1,22.0,20.4,21.2
73.727,35,104.0,1084.0,9.0,25.0,10.97,83.1,22.0,20.4,21.2
73.818,35,104.0,1084.0,9.0,26.0,10.97,83.1,22.0,20.4,21.2
73.938,35,104.0,1084.0,9.0,26.0,15.8,83.1,22.0,20.4,21.2
74.028,35,104.0,1084.0,9.0,26.0,15.8,83.1,22.0,20.4,21.2
74.117,35,104.0,1084.0,9.0,26.0,15.8,83.1,22.0,20.4,21.2
74.207,35,104.0,1084.0,9.0,26.0,15.8,83.1,22.0,39.2,21.2
74.298,35,104.0,1084.0,9.0,26.0,15.8,83.1,22.0,39.2,42.7
74.387,35,104.0,1084.0,9.0,26.0,15.8,83.1,22.0,39.2,42.7
74.478,35,110.0,1084.0,9.0,26.0,15.8,83.1,22.0,39.2,42.7
74.568,35,110.0,1582.0,9.0,26.0,15.8,83.1,22.0,39.2,42.7
74.657,35,110.0,1582.0,14.0,26.0,15.8,83.1,22.0,39.2,42.7
74.748,35,110.0,1582.0,14.0,29.0,15.8,83.1,22.0,39.2,42.7
74.838,35,110.0,1582.0,14.0,29.0,30.41,83.1,22.0,39.2,42.7
74.927,35,110.0,1582.0,14.0,29.0,30.41,83.1,22.0,39.2,42.7
75.018,35,110.0,1582.0,14.0,29.0,30.41,83.1,22.0,39.2,42.7
75.109,35,110.0,1582.0,14.0,29.0,30.41,83.1,22.0,40.4,42.7
75.197,35,110.0,1582.0,14.0,29.0,30.41,83.1,22.0,40.4,35.7
75.288,35,110.0,1582.0,14.0,29.0,30.41,83.1,22.0,40.4,35.7
75.379,35,129.0,1582.0,14.0,29.0,30.41,83.1,22.0,40.4,35.7
75.467,35,129.0,1794.0,14.0,29.0,30.41,83.1,22.0,40.4,35.7
75.558,35,129.0,1794.0,18.0,29.0,30.41,83.1,22.0,40.4,35.7
75.648,35,129.0,1794.0,18.0,32.0,30.41,83.1,22.0,40.4,35.7
75.737,35,129.0,1794.0,18.0,32.0,24.74,83.1,22.0,40.4,35.7
75.828,35,129.0,1794.0,18.0,32.0,24.74,31.0,22.0,40.4,35.7
75.918,35,129.0,1794.0,18.0,32.0,24.74,31.0,22.0,40.4,35.7
76.008,35,129.0,1794.0,18.0,32.0,24.74,31.0,22.0,29.8,35.7
76.098,35,129.0,1794.0,18.0,32.0,24.74,31.0,22.0,29.8,31.4
76.187,35,129.0,1794.0,18.0,32.0,24.74,31.0,22.0,29.8,31.4
76.277,35,104.0,1794.0,18.0,32.0,24.74,31.0,22.0,29.8,31.4
76.367,35,104.0,1145.0,18.0,32.0,24.74,31.0,22.0,29.8,31.4
76.457,35,104.0,1145.0,19.0,32.0,24.74,31.0,22.0,29.8,31.4
76.547,35,104.0,1145.0,19.0,31.0,24.74,31.0,22.0,29.8,31.4
76.637,35,104.0,1145.0,19.0,31.0,18.88,31.0,22.0,29.8,31.4
76.727,35,104.0,1145.0,19.0,31.0,18.88,83.5,22.0,29.8,31.4
76.818,35,104.0,1145.0,19.0,31.0,18.88,83.5,22.0,29.8,31.4
76.908,35,104.0,1145.0,19.0,31.0,18.88,83.5,22.0,39.6,31.4
76.998,35,104.0,1145.0,19.0,31.0,18.88,83.5,22.0,39.6,40.0
77.089,36,104.0,1145.0,19.0,31.0,18.88,83.5,22.0,39.6,40.0
77.177,36,114.0,1145.0,19.0,31.0,18.88,83.5,22.0,39.6,40.0
77.267,36,114.0,1357.0,19.0,31.0,18.88,83.5,22.0,39.6,40.0
77.357,36,114.0,1357.0,23.0,31.0,18.88,83.5,22.0,39.6,40.0
77.447,36,114.0,1357.0,23.0,29.0,18.88,83.5,22.0,39.6,40.0
77.536,36,114.0,1357.0,23.0,29.0,21.33,83.5,22.0,39.6,40.0
77.627,36,114.0,1357.0,23.0,29.0,21.33,83.5,22.0,39.6,40.0
77.717,36,114.0,1357.0,23.0,29.0,21.33,83.5,22.0,39.6,40.0
77.807,36,114.0,1357.0,23.0,29.0,21.33,83.5,22.0,39.2,40.0
77.897,36,114.0,1357.0,23.0,29.0,21.33,83.5,22.0,39.2,39.6
77.988,36,114.0,1357.0,23.0,29.0,21.33,83.5,22.0,39.2,39.6
78.078,36,124.0,1357.0,23.0,29.0,21.33,83.5,22.0,39.2,39.6
78.169,36,124.0,1513.0,23.0,29.0,21.33,83.5,22.0,39.2,39.6
78.258,36,124.0,1513.0,26.0,29.0,21.33,83.5,22.0,39.2,39.6
78.348,36,124.0,1513.0,26.0,29.0,21.33,83.5,22.0,39.2,39.6
78.439,36,124.0,1513.0,26.0,29.0,21.49,83.5,22.0,39.2,39.6
78.528,36,124.0,1513.0,26.0,29.0,21.49,83.5,22.0,39.2,39.6
78.63,36,124.0,1513.0,26.0,29.0,21.49,83.5,22.0,39.2,39.6
78.707,36,124.0,1513.0,26.0,29.0,21.49,83.5,22.0,38.4,39.6
78.799,36,124.0,1513.0,26.0,29.0,21.49,83.5,22.0,38.4,38.8
78.888,36,124.0,1513.0,26.0,29.0,21.49,83.5,22.0,38.4,38.8
78.977,36,123.0,1513.0,26.0,29.0,21.49,83.5,22.0,38.4,38.8
79.068,36,123.0,1643.0,26.0,29.0,21.49,83.5,22.0,38.4,38.8
79.158,36,123.0,1643.0,28.0,29.0,21.49,83.5,22.0,38.4,38.8
79.249,36,123.0,1643.0,28.0,29.0,21.49,83.5,22.0,38.4,38.8
79.338,36,123.0,1643.0,28.0,29.0,22.69,83.5,22.0,38.4,38.8
79.428,36,123.0,1643.0,28.0,29.0,22.69,83.5,22.0,38.4,38.8
79.518,36,123.0,1643.0,28.0,29.0,22.69,83.5,22.0,38.4,38.8
79.608,36,123.0,1643.0,28.0,29.0,22.69,83.5,22.0,38.0,38.8
79.698,36,123.0,1643.0,28.0,29.0,22.69,83.5,22.0,38.0,38.4
79.789,36,123.0,1643.0,28.0,29.0,22.69,83.5,22.0,38.0,38.4
79.878,36,121.0,1643.0,28.0,29.0,22.69,83.5,22.0,38.0,38.4
79.968,36,121.0,1757.0,28.0,29.0,22.69,83.5,22.0,38.0,38.4
80.058,36,121.0,1757.0,30.0,29.0,22.69,83.5,22.0,38.0,38.4
80.148,36,121.0,1757.0,30.0,29.0,22.69,83.5,22.0,38.0,38.4
80.238,36,121.0,1757.0,30.0,29.0,23.72,83.5,22.0,38.0,38.4
80.328,36,121.0,1757.0,30.0,29.0,23.72,83.5,22.0,38.0,38.4
80.418,36,121.0,1757.0,30.0,29.0,23.72,83.5,22.0,38.0,38.4
80.508,36,121.0,1757.0,30.0,29.0,23.72,83.5,22.0,37.6,38.4
80.598,36,121.0,1757.0,30.0,29.0,23.72,83.5,22.0,37.6,38.0
80.688,36,121.0,1757.0,30.0,29.0,23.72,83.5,22.0,37.6,38.0
80.778,36,122.0,1757.0,30.0,29.0,23.72,83.5,22.0,37.6,38.0
80.868,36,122.0,1859.0,30.0,29.0,23.72,83.5,22.0,37.6,38.0
80.958,36,122.0,1859.0,32.0,29.0,23.72,83.5,22.0,37.6,38.0
81.047,36,122.0,1859.0,32.0,29.0,23.72,83.5,22.0,37.6,38.0
81.137,36,122.0,1859.0,32.0,29.0,24.38,83.5,22.0,37.6,38.0
81.228,36,122.0,1859.0,32.0,29.0,24.38,83.5,22.0,37.6,38.0
81.318,36,122.0,1859.0,32.0,29.0,24.38,83.5,22.0,37.6,38.0
81.409,36,122.0,1859.0,32.0,29.0,24.38,83.5,22.0,34.1,38.0
81.5,36,122.0,1859.0,32.0,29.0,24.38,83.5,22.0,34.1,34.5
81.588,36,122.0,1859.0,32.0,29.0,24.38,83.5,22.0,34.1,34.5
81.678,36,115.0,1859.0,32.0,29.0,24.38,83.5,22.0,34.1,34.5
81.768,36,115.0,1897.0,32.0,29.0,24.38,83.5,22.0,34.1,34.5
81.857,36,115.0,1897.0,32.0,29.0,24.38,83.5,22.0,34.1,34.5
81.947,36,115.0,1897.0,32.0,29.0,24.38,83.5,22.0,34.1,34.5
82.038,36,115.0,1897.0,32.0,29.0,22.11,83.5,22.0,34.1,34.5
82.128,36,115.0,1897.0,32.0,29.0,22.11,83.5,22.0,34.1,34.5
82.218,36,115.0,1897.0,32.0,29.0,22.11,83.5,22.0,34.1,34.5
82.315,36,115.0,1897.0,32.0,29.0,22.11,83.5,22.0,33.7,34.5
82.398,36,115.0,1897.0,32.0,29.0,22.11,83.5,22.0,33.7,33.7
82.488,36,115.0,1897.0,32.0,29.0,22.11,83.5,22.0,33.7,33.7
82.578,36,110.0,1897.0,32.0,29.0,22.11,83.5,22.0,33.7,33.7
82.668,36,110.0,1909.0,32.0,29.0,22.11,83.5,22.0,33.7,33.7
82.758,36,110.0,1909.0,33.0,29.0,22.11,83.5,22.0,33.7,33.7
82.847,36,110.0,1909.0,33.0,29.0,22.11,83.5,22.0,33.7,33.7
82.938,36,110.0,1909.0,33.0,29.0,21.91,83.5,22.0,33.7,33.7
83.028,36,110.0,1909.0,33.0,29.0,21.91,83.5,22.0,33.7,33.7
83.118,36,110.0,1909.0,33.0,29.0,21.91,83.5,22.0,33.7,33.7
83.208,36,110.0,1909.0,33.0,29.0,21.91,83.5,22.0,31.4,33.7
83.298,36,110.0,1909.0,33.0,29.0,21.91,83.5,22.0,31.4,31.4
83.388,37,110.0,1909.0,33.0,29.0,21.91,83.5,22.0,31.4,31.4
83.478,37,108.0,1909.0,33.0,29.0,21.91,83.5,22.0,31.4,31.4
83.568,37,108.0,1895.0,33.0,29.0,21.91,83.5,22.0,31.4,31.4
83.658,37,108.0,1895.0,32.0,29.0,21.91,83.5,22.0,31.4,31.4
83.747,37,108.0,1895.0,32.0,29.0,21.91,83.5,22.0,31.4,31.4
83.838,37,108.0,1895.0,32.0,29.0,20.27,83.5,22.0,31.4,31.4
83.928,37,108.0,1895.0,32.0,29.0,20.27,83.5,22.0,31.4,31.4
84.019,37,108.0,1895.0,32.0,29.0,20.27,83.5,22.0,31.4,31.4
84.108,37,108.0,1895.0,32.0,29.0,20.27,83.5,22.0,30.2,31.4
84.198,37,108.0,1895.0,32.0,29.0,20.27,83.5,22.0,30.2,30.2
84.288,37,108.0,1895.0,32.0,29.0,20.27,83.5,22.0,30.2,30.2
84.378,37,105.0,1895.0,32.0,29.0,20.27,83.5,22.0,30.2,30.2
84.469,37,105.0,1867.0,32.0,29.0,20.27,83.5,22.0,30.2,30.2
84.558,37,105.0,1867.0,32.0,29.0,20.27,83.5,22.0,30.2,30.2
84.648,37,105.0,1867.0,32.0,28.0,20.27,83.5,22.0,30.2,30.2
84.737,37,105.0,1867.0,32.0,28.0,19.72,83.5,22.0,30.2,30.2
84.828,37,105.0,1867.0,32.0,28.0,19.72,83.5,22.0,30.2,30.2
84.918,37,105.0,1867.0,32.0,28.0,19.72,83.5,22.0,30.2,30.2
85.008,37,105.0,1867.0,32.0,28.0,19.72,83.5,22.0,28.2,30.2
85.099,37,105.0,1867.0,32.0,28.0,19.72,83.5,22.0,28.2,27.8
85.188,37,105.0,1867.0,32.0,28.0,19.72,83.5,22.0,28.2,27.8
85.278,37,103.0,1867.0,32.0,28.0,19.72,83.5,22.0,28.2,27.8
85.368,37,103.0,1822.0,32.0,28.0,19.72,83.5,22.0,28.2,27.8
85.458,37,103.0,1822.0,31.0,28.0,19.72,83.5,22.0,28.2,27.8
85.548,37,103.0,1822.0,31.0,28.0,19.72,83.5,22.0,28.2,27.8
85.638,37,103.0,1822.0,31.0,28.0,17.74,83.5,22.0,28.2,27.8
85.728,37,103.0,1822.0,31.0,28.0,17.74,83.5,22.0,28.2,27.8
85.818,37,103.0,1822.0,31.0,28.0,17.74,83.5,22.0,28.2,27.8
85.907,37,103.0,1822.0,31.0,28.0,17.74,83.5,22.0,14.1,27.8
85.997,37,103.0,1822.0,31.0,28.0,17.74,83.5,22.0,14.1,14.5
86.118,37,103.0,1822.0,31.0,28.0,17.74,83.5,22.0,14.1,14.5
86.208,37,107.0,1822.0,31.0,28.0,17.74,83.5,22.0,14.1,14.5
86.298,37,107.0,1705.0,31.0,28.0,17.74,83.5,22.0,14.1,14.5
86.387,37,107.0,1705.0,29.0,28.0,17.74,83.5,22.0,14.1,14.5
86.477,37,107.0,1705.0,29.0,28.0,17.74,83.5,22.0,14.1,14.5
86.568,37,107.0,1705.0,29.0,28.0,17.58,83.5,22.0,14.1,14.5
86.657,37,107.0,1705.0,29.0,28.0,17.58,83.5,22.0,14.1,14.5
86.747,37,107.0,1705.0,29.0,28.0,17.58,83.5,22.0,14.1,14.5
86.837,37,107.0,1705.0,29.0,28.0,17.58,83.5,22.0,14.1,14.5
86.927,37,107.0,1705.0,29.0,28.0,17.58,83.5,22.0,14.1,14.5
87.017,37,107.0,1705.0,29.0,28.0,17.58,83.5,22.0,14.1,14.5
87.107,37,112.0,1705.0,29.0,28.0,17.58,83.5,22.0,14.1,14.5
87.197,37,112.0,1551.0,29.0,28.0,17.58,83.5,22.0,14.1,14.5
87.287,37,112.0,1551.0,27.0,28.0,17.58,83.5,22.0,14.1,14.5
87.377,37,112.0,1551.0,27.0,28.0,17.58,83.5,22.0,14.1,14.5
87.467,37,112.0,1551.0,27.0,28.0,16.58,83.5,22.0,14.1,14.5
87.558,37,112.0,1551.0,27.0,28.0,16.58,83.5,22.0,14.1,14.5
87.647,37,112.0,1551.0,27.0,28.0,16.58,83.5,22.0,14.1,14.5
87.738,37,112.0,1551.0,27.0,28.0,16.58,83.5,22.0,14.1,14.5
87.828,37,112.0,1551.0,27.0,28.0,16.58,83.5,22.0,14.1,14.5
87.918,37,112.0,1551.0,27.0,28.0,16.58,83.5,22.0,14.1,14.5
88.008,37,111.0,1551.0,27.0,28.0,16.58,83.5,22.0,14.1,14.5
88.098,37,111.0,1389.0,27.0,28.0,16.58,83.5,22.0,14.1,14.5
88.188,37,111.0,1389.0,24.0,28.0,16.58,83.5,22.0,14.1,14.5
88.278,37,111.0,1389.0,24.0,27.0,16.58,83.5,22.0,14.1,14.5
88.368,37,111.0,1389.0,24.0,27.0,14.38,83.5,22.0,14.1,14.5
88.459,37,111.0,1389.0,24.0,27.0,14.38,83.5,22.0,14.1,14.5
88.548,37,111.0,1389.0,24.0,27.0,14.38,83.5,22.0,14.1,14.5
88.638,37,111.0,1389.0,24.0,27.0,14.38,83.5,22.0,14.1,14.5
88.729,37,111.0,1389.0,24.0,27.0,14.38,83.5,22.0,14.1,14.5
88.818,38,111.0,1389.0,24.0,27.0,14.38,83.5,22.0,14.1,14.5
88.909,38,109.0,1389.0,24.0,27.0,14.38,83.5,22.0,14.1,14.5
88.998,38,109.0,1235.0,24.0,27.0,14.38,83.5,22.0,14.1,14.5
89.088,38,109.0,1235.0,21.0,27.0,14.38,83.5,22.0,14.1,14.5
89.179,38,109.0,1235.0,21.0,27.0,14.38,83.5,22.0,14.1,14.5
89.268,38,109.0,1235.0,21.0,27.0,12.55,83.5,22.0,14.1,14.5
89.358,38,109.0,1235.0,21.0,27.0,12.55,83.5,22.0,14.1,14.5
89.448,38,109.0,1235.0,21.0,27.0,12.55,83.5,22.0,14.1,14.5
89.538,38,109.0,1235.0,21.0,27.0,12.55,83.5,22.0,14.1,14.5
89.629,38,109.0,1235.0,21.0,27.0,12.55,83.5,22.0,14.1,14.1
89.718,38,109.0,1235.0,21.0,27.0,12.55,83.5,22.0,14.1,14.1
89.808,38,106.0,1235.0,21.0,27.0,12.55,83.5,22.0,14.1,14.1
89.898,38,106.0,1094.0,21.0,27.0,12.55,83.5,22.0,14.1,14.1
89.988,38,106.0,1094.0,18.0,27.0,12.55,83.5,22.0,14.1,14.1
90.078,38,106.0,1094.0,18.0,26.0,12.55,83.5,22.0,14.1,14.1
90.168,38,106.0,1094.0,18.0,26.0,10.61,83.5,22.0,14.1,14.1
90.258,38,106.0,1094.0,18.0,26.0,10.61,83.5,22.0,14.1,14.1
90.348,38,106.0,1094.0,18.0,26.0,10.61,83.5,22.0,14.1,14.1
90.438,38,106.0,1094.0,18.0,26.0,10.61,83.5,22.0,14.1,14.1
90.528,38,106.0,1094.0,18.0,26.0,10.61,83.5,22.0,14.1,14.5
90.618,38,106.0,1094.0,18.0,26.0,10.61,83.5,22.0,14.1,14.5
90.708,38,105.0,1094.0,18.0,26.0,10.61,83.5,22.0,14.1,14.5
90.799,38,105.0,934.0,18.0,26.0,10.61,83.5,22.0,14.1,14.5
90.888,38,105.0,934.0,16.0,26.0,10.61,83.5,22.0,14.1,14.5
90.978,38,105.0,934.0,16.0,25.0,10.61,83.5,22.0,14.1,14.5
91.068,38,105.0,934.0,16.0,25.0,9.02,83.5,22.0,14.1,14.5
91.158,38,105.0,934.0,16.0,25.0,9.02,83.5,22.0,14.1,14.5
91.248,38,105.0,934.0,16.0,25.0,9.02,83.5,22.0,14.1,14.5
91.338,38,105.0,934.0,16.0,25.0,9.02,83.5,22.0,14.1,14.5
91.428,38,105.0,934.0,16.0,25.0,9.02,83.5,22.0,14.1,14.5
91.52,38,105.0,934.0,16.0,25.0,9.02,83.5,22.0,14.1,14.5
91.608,38,103.0,934.0,16.0,25.0,9.02,83.5,22.0,14.1,14.5
91.698,38,103.0,899.0,16.0,25.0,9.02,83.5,22.0,14.1,14.5
91.788,38,103.0,899.0,11.0,25.0,9.02,83.5,22.0,14.1,14.5
91.879,38,103.0,899.0,11.0,24.0,9.02,83.5,22.0,14.1,14.5
91.968,38,103.0,899.0,11.0,24.0,9.58,83.5,22.0,14.1,14.5
92.058,38,103.0,899.0,11.0,24.0,9.58,83.5,22.0,14.1,14.5
92.148,38,103.0,899.0,11.0,24.0,9.58,83.5,22.0,14.1,14.5
92.238,38,103.0,899.0,11.0,24.0,9.58,83.5,22.0,14.1,14.5
92.328,38,103.0,899.0,11.0,24.0,9.58,83.5,22.0,14.1,14.1
92.418,38,103.0,899.0,11.0,24.0,9.58,83.5,22.0,14.1,14.1
92.508,38,103.0,899.0,11.0,24.0,9.58,83.5,22.0,14.1,14.1
92.598,38,103.0,905.0,11.0,24.0,9.58,83.5,22.0,14.1,14.1
92.69,38,103.0,905.0,6.0,24.0,9.58,83.5,22.0,14.1,14.1
92.779,38,103.0,905.0,6.0,24.0,9.58,83.5,22.0,14.1,14.1
92.869,38,103.0,905.0,6.0,24.0,9.74,83.5,22.0,14.1,14.1
92.958,38,103.0,905.0,6.0,24.0,9.74,83.5,22.0,14.1,14.1
93.048,38,103.0,905.0,6.0,24.0,9.74,83.5,22.0,14.1,14.1
93.138,38,103.0,905.0,6.0,24.0,9.74,83.5,22.0,14.1,14.1
93.228,38,103.0,905.0,6.0,24.0,9.74,83.5,22.0,14.1,14.5
93.319,38,103.0,905.0,6.0,24.0,9.74,83.5,22.0,14.1,14.5
93.408,38,103.0,905.0,6.0,24.0,9.74,83.5,22.0,14.1,14.5
93.53,38,103.0,908.0,6.0,24.0,9.74,83.5,22.0,14.1,14.5
93.618,38,103.0,908.0,2.0,24.0,9.74,83.5,22.0,14.1,14.5
93.738,38,103.0,908.0,2.0,24.0,9.74,83.5,22.0,14.1,14.5
93.829,38,103.0,908.0,2.0,24.0,9.16,83.5,22.0,14.1,14.5
93.919,38,103.0,908.0,2.0,24.0,9.16,83.5,22.0,14.1,14.5
94.008,38,103.0,908.0,2.0,24.0,9.16,83.5,22.0,14.1,14.5
94.1,38,103.0,908.0,2.0,24.0,9.16,83.5,22.0,14.1,14.5
94.188,38,103.0,908.0,2.0,24.0,9.16,83.5,22.0,14.1,14.5
94.279,38,103.0,908.0,2.0,24.0,9.16,83.5,22.0,14.1,14.5
94.369,38,103.0,908.0,2.0,24.0,9.16,83.5,22.0,14.1,14.5
94.458,38,103.0,816.0,2.0,24.0,9.16,83.5,22.0,14.1,14.5
94.549,38,103.0,816.0,1.0,24.0,9.16,83.5,22.0,14.1,14.5
94.637,38,103.0,816.0,1.0,24.0,9.16,83.5,22.0,14.1,14.5
94.727,38,103.0,816.0,1.0,24.0,8.41,83.5,22.0,14.1,14.5
94.817,38,103.0,816.0,1.0,24.0,8.41,83.5,22.0,14.1,14.5
94.909,38,103.0,816.0,1.0,24.0,8.41,83.5,22.0,14.1,14.5
94.998,38,103.0,816.0,1.0,24.0,8.41,83.5,22.0,14.1,14.5
95.089,38,103.0,816.0,1.0,24.0,8.41,83.5,22.0,14.1,14.5
95.179,39,103.0,816.0,1.0,24.0,8.41,83.5,22.0,14.1,14.5
95.268,39,102.0,816.0,1.0,24.0,8.41,83.5,22.0,14.1,14.5
95.358,39,102.0,810.0,1.0,24.0,8.41,83.5,22.0,14.1,14.5
95.448,39,102.0,810.0,0.0,24.0,8.41,83.5,22.0,14.1,14.5
95.538,39,102.0,810.0,0.0,23.0,8.41,83.5,22.0,14.1,14.5
95.628,39,102.0,810.0,0.0,23.0,8.27,83.5,22.0,14.1,14.5
95.718,39,102.0,810.0,0.0,23.0,8.27,83.5,22.0,14.1,14.5
95.808,39,102.0,810.0,0.0,23.0,8.27,83.5,22.0,14.1,14.5
95.899,39,102.0,810.0,0.0,23.0,8.27,83.5,22.0,14.1,14.5
95.988,39,102.0,810.0,0.0,23.0,8.27,83.5,22.0,14.1,14.5
96.079,39,102.0,810.0,0.0,23.0,8.27,83.5,22.0,14.1,14.5
96.168,39,102.0,810.0,0.0,23.0,8.27,83.5,22.0,14.1,14.5
96.258,39,102.0,811.0,0.0,23.0,8.27,83.5,22.0,14.1,14.5
96.348,39,102.0,811.0,0.0,23.0,8.27,83.5,22.0,14.1,14.5
96.438,39,102.0,811.0,0.0,23.0,8.27,83.5,22.0,14.1,14.5
96.531,39,102.0,811.0,0.0,23.0,8.58,83.5,22.0,14.1,14.5
96.617,39,102.0,811.0,0.0,23.0,8.58,83.5,22.0,14.1,14.5
96.708,39,102.0,811.0,0.0,23.0,8.58,83.5,22.0,14.1,14.5
96.798,39,102.0,811.0,0.0,23.0,8.58,83.5,22.0,14.1,14.5
96.888,39,102.0,811.0,0.0,23.0,8.58,83.5,22.0,14.1,14.5
96.979,39,102.0,811.0,0.0,23.0,8.58,83.5,22.0,14.1,14.5
97.068,39,101.0,811.0,0.0,23.0,8.58,83.5,22.0,14.1,14.5
97.158,39,101.0,810.0,0.0,23.0,8.58,83.5,22.0,14.1,14.5
97.248,39,101.0,810.0,0.0,23.0,8.58,83.5,22.0,14.1,14.5
97.338,39,101.0,810.0,0.0,23.0,8.58,83.5,22.0,14.1,14.5
97.431,39,101.0,810.0,0.0,23.0,8.41,83.5,22.0,14.1,14.5
97.518,39,101.0,810.0,0.0,23.0,8.41,83.5,22.0,14.1,14.5
97.638,39,101.0,810.0,0.0,23.0,8.41,83.5,22.0,14.1,14.5
97.729,39,101.0,810.0,0.0,23.0,8.41,83.5,22.0,14.1,14.5
97.818,39,101.0,810.0,0.0,23.0,8.41,83.5,22.0,14.1,14.5
97.939,39,101.0,810.0,0.0,23.0,8.41,83.5,22.0,14.1,14.5
98.028,39,101.0,810.0,0.0,23.0,8.41,83.5,22.0,14.1,14.5
98.12,39,101.0,811.0,0.0,23.0,8.41,83.5,22.0,14.1,14.5
98.208,39,101.0,811.0,0.0,23.0,8.41,83.5,22.0,14.1,14.5
98.299,39,101.0,811.0,0.0,23.0,8.41,83.5,22.0,14.1,14.5
98.388,39,101.0,811.0,0.0,23.0,8.41,83.5,22.0,14.1,14.5
98.478,39,101.0,811.0,0.0,23.0,8.41,83.5,22.0,14.1,14.5
98.568,39,101.0,811.0,0.0,23.0,8.41,83.5,22.0,14.1,14.5
98.659,39,101.0,811.0,0.0,23.0,8.41,83.5,22.0,14.1,14.5
98.751,39,101.0,811.0,0.0,23.0,8.41,83.5,22.0,14.1,14.5
98.838,39,101.0,811.0,0.0,23.0,8.41,83.5,22.0,14.1,14.5
98.929,39,101.0,811.0,0.0,23.0,8.41,83.5,22.0,14.1,14.5
99.018,39,101.0,810.0,0.0,23.0,8.41,83.5,22.0,14.1,14.5
99.108,39,101.0,810.0,0.0,23.0,8.41,83.5,22.0,14.1,14.5
99.198,39,101.0,810.0,0.0,24.0,8.41,83.5,22.0,14.1,14.5
99.288,39,101.0,810.0,0.0,24.0,8.52,83.5,22.0,14.1,14.5
99.379,39,101.0,810.0,0.0,24.0,8.52,83.5,22.0,14.1,14.5
99.469,39,101.0,810.0,0.0,24.0,8.52,83.5,22.0,14.1,14.5
99.558,39,101.0,810.0,0.0,24.0,8.52,83.5,22.0,14.9,14.5
99.648,39,101.0,810.0,0.0,24.0,8.52,83.5,22.0,14.9,14.5
99.738,39,101.0,810.0,0.0,24.0,8.52,83.5,22.0,14.9,14.5
99.828,39,101.0,810.0,0.0,24.0,8.52,83.5,22.0,14.9,14.5
99.918,39,101.0,843.0,0.0,24.0,8.52,83.5,22.0,14.9,14.5
100.014,39,101.0,843.0,0.0,24.0,8.52,83.5,22.0,14.9,14.5
100.099,39,101.0,843.0,0.0,24.0,8.52,83.5,22.0,14.9,14.5
100.189,39,101.0,843.0,0.0,24.0,9.72,83.5,22.0,14.9,14.5
100.278,39,101.0,843.0,0.0,24.0,9.72,83.5,22.0,14.9,14.5
100.369,39,101.0,843.0,0.0,24.0,9.72,83.5,22.0,14.9,14.5
100.458,39,101.0,843.0,0.0,24.0,9.72,83.5,22.0,15.3,14.5
100.548,39,101.0,843.0,0.0,24.0,9.72,83.5,22.0,15.3,14.9
100.639,39,101.0,843.0,0.0,24.0,9.72,83.5,22.0,15.3,14.9
100.73,39,102.0,843.0,0.0,24.0,9.72,83.5,22.0,15.3,14.9
100.819,39,102.0,916.0,0.0,24.0,9.72,83.5,22.0,15.3,14.9
100.908,39,102.0,916.0,0.0,24.0,9.72,83.5,22.0,15.3,14.9
100.998,39,102.0,916.0,0.0,25.0,9.72,83.5,22.0,15.3,14.9
101.089,39,102.0,916.0,0.0,25.0,9.61,83.5,22.0,15.3,14.9
101.208,39,102.0,916.0,0.0,25.0,9.61,83.5,22.0,15.3,14.9
101.328,39,102.0,916.0,0.0,25.0,9.61,83.5,22.0,15.3,14.9
101.418,39,102.0,916.0,0.0,25.0,9.61,83.5,22.0,15.3,14.9
101.508,39,102.0,916.0,0.0,25.0,9.61,83.5,22.0,15.3,14.9
101.598,40,102.0,916.0,0.0,25.0,9.61,83.5,22.0,15.3,14.9
101.688,40,103.0,916.0,0.0,25.0,9.61,83.5,22.0,15.3,14.9
101.778,40,103.0,916.0,0.0,25.0,9.61,83.5,22.0,15.3,14.9
101.868,40,103.0,916.0,1.0,25.0,9.61,83.5,22.0,15.3,14.9
101.958,40,103.0,916.0,1.0,26.0,9.61,83.5,22.0,15.3,14.9
102.049,40,103.0,916.0,1.0,26.0,9.74,83.5,22.0,15.3,14.9
102.138,40,103.0,916.0,1.0,26.0,9.74,83.5,22.0,15.3,14.9
102.228,40,103.0,916.0,1.0,26.0,9.74,83.5,22.0,15.3,14.9
102.318,40,103.0,916.0,1.0,26.0,9.74,83.5,22.0,14.1,14.9
102.408,40,103.0,916.0,1.0,26.0,9.74,83.5,22.0,14.1,14.5
102.497,40,103.0,916.0,1.0,26.0,9.74,83.5,22.0,14.1,14.5
102.648,40,103.0,916.0,1.0,26.0,9.74,83.5,22.0,14.1,14.5
102.74,40,103.0,1006.0,1.0,26.0,9.74,83.5,22.0,14.1,14.5
102.858,40,103.0,1006.0,2.0,26.0,9.74,83.5,22.0,14.1,14.5
102.949,40,103.0,1006.0,2.0,27.0,9.74,83.5,22.0,14.1,14.5
103.038,40,103.0,1006.0,2.0,27.0,10.58,83.5,22.0,14.1,14.5
103.127,40,103.0,1006.0,2.0,27.0,10.58,83.5,22.0,14.1,14.5
103.217,40,103.0,1006.0,2.0,27.0,10.58,83.5,22.0,14.1,14.5
103.307,40,103.0,1006.0,2.0,27.0,10.58,83.5,22.0,14.1,14.5
103.398,40,103.0,1006.0,2.0,27.0,10.58,83.5,22.0,14.1,14.5
103.489,40,103.0,1006.0,2.0,27.0,10.58,83.5,22.0,14.1,14.5
103.578,40,103.0,1006.0,2.0,27.0,10.58,83.5,22.0,14.1,14.5
103.668,40,103.0,939.0,2.0,27.0,10.58,83.5,22.0,14.1,14.5
103.759,40,103.0,939.0,1.0,27.0,10.58,83.5,22.0,14.1,14.5
103.848,40,103.0,939.0,1.0,27.0,10.58,83.5,22.0,14.1,14.5
103.94,40,103.0,939.0,1.0,27.0,9.49,83.5,22.0,14.1,14.5
104.029,40,103.0,939.0,1.0,27.0,9.49,83.5,22.0,14.1,14.5
104.119,40,103.0,939.0,1.0,27.0,9.49,83.5,22.0,14.1,14.5
104.209,40,103.0,939.0,1.0,27.0,9.49,83.5,22.0,14.1,14.5
104.304,40,103.0,939.0,1.0,27.0,9.49,83.5,22.0,14.1,14.5
104.388,40,103.0,939.0,1.0,27.0,9.49,83.5,22.0,14.1,14.5
104.479,40,103.0,939.0,1.0,27.0,9.49,83.5,22.0,14.1,14.5
104.568,40,103.0,876.0,1.0,27.0,9.49,83.5,22.0,14.1,14.5
104.659,40,103.0,876.0,0.0,27.0,9.49,83.5,22.0,14.1,14.5
104.748,40,103.0,876.0,0.0,26.0,9.49,83.5,22.0,14.1,14.5
104.839,40,103.0,876.0,0.0,26.0,8.86,83.5,22.0,14.1,14.5
104.929,40,103.0,876.0,0.0,26.0,8.86,83.5,22.0,14.1,14.5
105.02,40,103.0,876.0,0.0,26.0,8.86,83.5,22.0,14.1,14.5
105.108,40,103.0,876.0,0.0,26.0,8.86,83.5,22.0,14.9,14.5
105.199,40,103.0,876.0,0.0,26.0,8.86,83.5,22.0,14.9,14.1
105.29,40,103.0,876.0,0.0,26.0,8.86,83.5,22.0,14.9,14.1
105.407,40,103.0,876.0,0.0,26.0,8.86,83.5,22.0,14.9,14.1
105.498,40,103.0,928.0,0.0,26.0,8.86,83.5,22.0,14.9,14.1
105.587,40,103.0,928.0,0.0,26.0,8.86,83.5,22.0,14.9,14.1
105.678,40,103.0,928.0,0.0,26.0,8.86,83.5,22.0,14.9,14.1
105.768,40,103.0,928.0,0.0,26.0,9.83,83.5,22.0,14.9,14.1
105.859,40,103.0,928.0,0.0,26.0,9.83,83.5,22.0,14.9,14.1
105.948,40,103.0,928.0,0.0,26.0,9.83,83.5,22.0,14.9,14.1
106.039,40,103.0,928.0,0.0,26.0,9.83,83.5,22.0,14.9,14.1
106.128,40,103.0,928.0,0.0,26.0,9.83,83.5,22.0,14.9,14.5
106.22,40,103.0,928.0,0.0,26.0,9.83,83.5,22.0,14.9,14.5
106.308,40,103.0,928.0,0.0,26.0,9.83,83.5,22.0,14.9,14.5
106.4,40,103.0,929.0,0.0,26.0,9.83,83.5,22.0,14.9,14.5
106.488,40,103.0,929.0,2.0,26.0,9.83,83.5,22.0,14.9,14.5
106.579,40,103.0,929.0,2.0,27.0,9.83,83.5,22.0,14.9,14.5
106.668,40,103.0,929.0,2.0,27.0,10.22,83.5,22.0,14.9,14.5
106.759,40,103.0,929.0,2.0,27.0,10.22,83.5,22.0,14.9,14.5
106.848,40,103.0,929.0,2.0,27.0,10.22,83.5,22.0,14.9,14.5
106.939,40,103.0,929.0,2.0,27.0,10.22,83.5,22.0,14.9,14.5
107.028,40,103.0,929.0,2.0,27.0,10.22,83.5,22.0,14.9,14.5
107.118,40,103.0,929.0,2.0,27.0,10.22,83.5,22.0,14.9,14.5
107.208,40,104.0,929.0,2.0,27.0,10.22,83.5,22.0,14.9,14.5
107.3,40,104.0,916.0,2.0,27.0,10.22,83.5,22.0,14.9,14.5
107.388,40,104.0,916.0,3.0,27.0,10.22,83.5,22.0,14.9,14.5
107.479,40,104.0,916.0,3.0,27.0,10.22,83.5,22.0,14.9,14.5
107.567,40,104.0,916.0,3.0,27.0,10.08,83.5,22.0,14.9,14.5
107.688,40,104.0,916.0,3.0,27.0,10.08,83.5,22.0,14.9,14.5
107.779,40,104.0,916.0,3.0,27.0,10.08,83.5,22.0,14.9,14.5
107.869,40,104.0,916.0,3.0,27.0,10.08,83.5,22.0,14.1,14.5
107.959,40,104.0,916.0,3.0,27.0,10.08,83.5,22.0,14.1,14.5
108.049,40,104.0,916.0,3.0,27.0,10.08,83.5,22.0,14.1,14.5
108.139,40,104.0,916.0,3.0,27.0,10.08,83.5,22.0,14.1,14.5
108.229,40,104.0,893.0,3.0,27.0,10.08,83.5,22.0,14.1,14.5
108.317,40,104.0,893.0,5.0,27.0,10.08,83.5,22.0,14.1,14.5
108.408,40,104.0,893.0,5.0,27.0,10.08,83.5,22.0,14.1,14.5
108.5,40,104.0,893.0,5.0,27.0,10.11,83.5,22.0,14.1,14.5
108.587,40,104.0,893.0,5.0,27.0,10.11,83.5,22.0,14.1,14.5
108.68,40,104.0,893.0,5.0,27.0,10.11,83.5,22.0,14.1,14.5
108.769,40,104.0,893.0,5.0,27.0,10.11,83.5,22.0,19.2,14.5
108.859,40,104.0,893.0,5.0,27.0,10.11,83.5,22.0,19.2,22.4
108.948,41,104.0,893.0,5.0,27.0,10.11,83.5,22.0,19.2,22.4
109.04,41,104.0,893.0,5.0,27.0,10.11,83.5,22.0,19.2,22.4
109.128,41,104.0,1122.0,5.0,27.0,10.11,83.5,22.0,19.2,22.4
109.22,41,104.0,1122.0,10.0,27.0,10.11,83.5,22.0,19.2,22.4
109.307,41,104.0,1122.0,10.0,27.0,10.11,83.5,22.0,19.2,22.4
109.398,41,104.0,1122.0,10.0,27.0,21.63,83.5,22.0,19.2,22.4
109.488,41,104.0,1122.0,10.0,27.0,21.63,83.5,22.0,19.2,22.4
109.58,41,104.0,1122.0,10.0,27.0,21.63,83.5,22.0,19.2,22.4
109.668,41,104.0,1122.0,10.0,27.0,21.63,83.5,22.0,39.2,22.4
109.758,41,104.0,1122.0,10.0,27.0,21.63,83.5,22.0,39.2,40.0
109.848,41,104.0,1122.0,10.0,27.0,21.63,83.5,22.0,39.2,40.0
109.94,41,116.0,1122.0,10.0,27.0,21.63,83.5,22.0,39.2,40.0
110.028,41,116.0,1714.0,10.0,27.0,21.63,83.5,22.0,39.2,40.0
110.119,41,116.0,1714.0,15.0,27.0,21.63,83.5,22.0,39.2,40.0
110.208,41,116.0,1714.0,15.0,31.0,21.63,83.5,22.0,39.2,40.0
110.327,41,116.0,1714.0,15.0,31.0,27.52,83.5,22.0,39.2,40.0
110.419,41,116.0,1714.0,15.0,31.0,27.52,83.5,22.0,39.2,40.0
110.508,41,116.0,1714.0,15.0,31.0,27.52,83.5,22.0,39.2,40.0
110.6,41,116.0,1714.0,15.0,31.0,27.52,83.5,22.0,36.1,40.0
110.718,41,116.0,1714.0,15.0,31.0,27.52,83.5,22.0,36.1,20.0
110.809,41,116.0,1714.0,15.0,31.0,27.52,83.5,22.0,36.1,20.0
110.898,41,120.0,1714.0,15.0,31.0,27.52,83.5,22.0,36.1,20.0
110.988,41,120.0,1677.0,15.0,31.0,27.52,83.5,22.0,36.1,20.0
111.078,41,120.0,1677.0,18.0,31.0,27.52,83.5,22.0,36.1,20.0
111.168,41,120.0,1677.0,18.0,33.0,27.52,83.5,22.0,36.1,20.0
111.258,41,120.0,1677.0,18.0,33.0,23.94,83.5,22.0,36.1,20.0
111.347,41,120.0,1677.0,18.0,33.0,23.94,31.0,22.0,36.1,20.0
111.438,41,120.0,1677.0,18.0,33.0,23.94,31.0,22.0,36.1,20.0
111.528,41,120.0,1677.0,18.0,33.0,23.94,31.0,22.0,25.9,20.0
111.622,41,120.0,1677.0,18.0,33.0,23.94,31.0,22.0,25.9,25.9
111.71,41,120.0,1677.0,18.0,33.0,23.94,31.0,22.0,25.9,25.9
111.799,41,105.0,1677.0,18.0,33.0,23.94,31.0,22.0,25.9,25.9
111.888,41,105.0,1092.0,18.0,33.0,23.94,31.0,22.0,25.9,25.9
111.978,41,105.0,1092.0,19.0,33.0,23.94,31.0,22.0,25.9,25.9
112.068,41,105.0,1092.0,19.0,32.0,23.94,31.0,22.0,25.9,25.9
112.158,41,105.0,1092.0,19.0,32.0,12.72,31.0,22.0,25.9,25.9
112.248,41,105.0,1092.0,19.0,32.0,12.72,83.5,22.0,25.9,25.9
112.337,41,105.0,1092.0,19.0,32.0,12.72,83.5,22.0,25.9,25.9
112.428,41,105.0,1092.0,19.0,32.0,12.72,83.5,22.0,34.9,25.9
112.518,41,105.0,1092.0,19.0,32.0,12.72,83.5,22.0,34.9,35.3
112.64,41,105.0,1092.0,19.0,32.0,12.72,83.5,22.0,34.9,35.3
112.729,41,106.0,1092.0,19.0,32.0,12.72,83.5,22.0,34.9,35.3
112.82,41,106.0,1227.0,19.0,32.0,12.72,83.5,22.0,34.9,35.3
112.908,41,106.0,1227.0,21.0,32.0,12.72,83.5,22.0,34.9,35.3
113.004,41,106.0,1227.0,21.0,29.0,12.72,83.5,22.0,34.9,35.3
113.088,41,106.0,1227.0,21.0,29.0,13.55,83.5,22.0,34.9,35.3
113.178,41,106.0,1227.0,21.0,29.0,13.55,83.5,22.0,34.9,35.3
113.268,41,106.0,1227.0,21.0,29.0,13.55,83.5,22.0,34.9,35.3
113.357,41,106.0,1227.0,21.0,29.0,13.55,83.5,22.0,14.1,35.3
113.448,41,106.0,1227.0,21.0,29.0,13.55,83.5,22.0,14.1,14.5
113.541,41,106.0,1227.0,21.0,29.0,13.55,83.5,22.0,14.1,14.5
113.628,41,105.0,1227.0,21.0,29.0,13.55,83.5,22.0,14.1,14.5
113.72,41,105.0,1007.0,21.0,29.0,13.55,83.5,22.0,14.1,14.5
113.808,41,105.0,1007.0,21.0,29.0,13.55,83.5,22.0,14.1,14.5
113.907,41,105.0,1007.0,21.0,26.0,13.55,83.5,22.0,14.1,14.5
113.988,41,105.0,1007.0,21.0,26.0,9.97,83.5,22.0,14.1,14.5
114.078,41,105.0,1007.0,21.0,26.0,9.97,83.5,22.0,14.1,14.5
114.167,41,105.0,1007.0,21.0,26.0,9.97,83.5,22.0,14.1,14.5
114.257,41,105.0,1007.0,21.0,26.0,9.97,83.5,22.0,14.1,14.5
114.347,41,105.0,1007.0,21.0,26.0,9.97,83.5,22.0,14.1,14.5
114.437,41,105.0,1007.0,21.0,26.0,9.97,83.5,22.0,14.1,14.5
114.528,41,105.0,1007.0,21.0,26.0,9.97,83.5,22.0,14.1,14.5
114.618,41,105.0,939.0,21.0,26.0,9.97,83.5,22.0,14.1,14.5
114.708,41,105.0,939.0,19.0,26.0,9.97,83.5,22.0,14.1,14.5
114.798,41,105.0,939.0,19.0,26.0,9.97,83.5,22.0,14.1,14.5
114.889,41,105.0,939.0,19.0,26.0,9.61,83.5,22.0,14.1,14.5
114.978,41,105.0,939.0,19.0,26.0,9.61,83.5,22.0,14.1,14.5
115.068,41,105.0,939.0,19.0,26.0,9.61,83.5,22.0,14.1,14.5
115.158,41,105.0,939.0,19.0,26.0,9.61,83.5,22.0,14.1,14.5
115.247,41,105.0,939.0,19.0,26.0,9.61,83.5,22.0,14.1,14.5
115.337,41,105.0,939.0,19.0,26.0,9.61,83.5,22.0,14.1,14.5
115.428,41,104.0,939.0,19.0,26.0,9.61,83.5,22.0,14.1,14.5
115.518,41,104.0,920.0,19.0,26.0,9.61,83.5,22.0,14.1,14.5
115.608,41,104.0,920.0,16.0,26.0,9.61,83.5,22.0,14.1,14.5
115.698,41,104.0,920.0,16.0,25.0,9.61,83.5,22.0,14.1,14.5
115.788,41,104.0,920.0,16.0,25.0,9.41,83.5,22.0,14.1,14.5
115.878,41,104.0,920.0,16.0,25.0,9.41,83.5,22.0,14.1,14.5
115.968,41,104.0,920.0,16.0,25.0,9.41,83.5,22.0,14.1,14.5
116.058,41,104.0,920.0,16.0,25.0,9.41,83.5,22.0,14.1,14.5
116.148,41,104.0,920.0,16.0,25.0,9.41,83.5,22.0,14.1,14.5
116.24,41,104.0,920.0,16.0,25.0,9.41,83.5,22.0,14.1,14.5
116.328,41,104.0,920.0,16.0,25.0,9.41,83.5,22.0,14.1,14.5
116.418,41,104.0,916.0,16.0,25.0,9.41,83.5,22.0,14.1,14.5
116.508,41,104.0,916.0,12.0,25.0,9.41,83.5,22.0,14.1,14.5
116.598,41,104.0,916.0,12.0,25.0,9.41,83.5,22.0,14.1,14.5
116.689,41,104.0,916.0,12.0,25.0,9.3,83.5,22.0,14.1,14.5
116.778,41,104.0,916.0,12.0,25.0,9.3,83.5,22.0,14.1,14.5
116.867,41,104.0,916.0,12.0,25.0,9.3,83.5,22.0,14.1,14.5
116.958,41,104.0,916.0,12.0,25.0,9.3,83.5,22.0,14.1,14.5
117.048,41,104.0,916.0,12.0,25.0,9.3,83.5,22.0,14.1,14.5
117.14,42,104.0,916.0,12.0,25.0,9.3,83.5,22.0,14.1,14.5
117.229,42,103.0,916.0,12.0,25.0,9.3,83.5,22.0,14.1,14.5
117.317,42,103.0,916.0,12.0,25.0,9.3,83.5,22.0,14.1,14.5
117.408,42,103.0,916.0,8.0,25.0,9.3,83.5,22.0,14.1,14.5
117.498,42,103.0,916.0,8.0,25.0,9.3,83.5,22.0,14.1,14.5
117.588,42,103.0,916.0,8.0,25.0,9.38,83.5,22.0,14.1,14.5
117.678,42,103.0,916.0,8.0,25.0,9.38,83.5,22.0,14.1,14.5
117.768,42,103.0,916.0,8.0,25.0,9.38,83.5,22.0,14.1,14.5
117.857,42,103.0,916.0,8.0,25.0,9.38,83.5,22.0,14.1,14.5
117.947,42,103.0,916.0,8.0,25.0,9.38,83.5,22.0,14.1,14.5
118.037,42,103.0,916.0,8.0,25.0,9.38,83.5,22.0,14.1,14.5
118.158,42,103.0,916.0,8.0,25.0,9.38,83.5,22.0,14.1,14.5
118.247,42,103.0,913.0,8.0,25.0,9.38,83.5,22.0,14.1,14.5
118.337,42,103.0,913.0,6.0,25.0,9.38,83.5,22.0,14.1,14.5
118.428,42,103.0,913.0,6.0,25.0,9.38,83.5,22.0,14.1,14.5
118.52,42,103.0,913.0,6.0,25.0,9.27,83.5,22.0,14.1,14.5
118.607,42,103.0,913.0,6.0,25.0,9.27,83.5,22.0,14.1,14.5
118.727,42,103.0,913.0,6.0,25.0,9.27,83.5,22.0,14.1,14.5
118.817,42,103.0,913.0,6.0,25.0,9.27,83.5,22.0,14.1,14.5
118.907,42,103.0,913.0,6.0,25.0,9.27,83.5,22.0,14.1,14.1
118.997,42,103.0,913.0,6.0,25.0,9.27,83.5,22.0,14.1,14.1
119.089,42,103.0,913.0,6.0,25.0,9.27,83.5,22.0,14.1,14.1
119.178,42,103.0,911.0,6.0,25.0,9.27,83.5,22.0,14.1,14.1
119.268,42,103.0,911.0,3.0,25.0,9.27,83.5,22.0,14.1,14.1
119.357,42,103.0,911.0,3.0,25.0,9.27,83.5,22.0,14.1,14.1
119.448,42,103.0,911.0,3.0,25.0,9.22,83.5,22.0,14.1,14.1
119.538,42,103.0,911.0,3.0,25.0,9.22,83.5,22.0,14.1,14.1
119.628,42,103.0,911.0,3.0,25.0,9.22,83.5,22.0,14.1,14.1
119.718,42,103.0,911.0,3.0,25.0,9.22,83.5,22.0,14.1,14.1
119.808,42,103.0,911.0,3.0,25.0,9.22,83.5,22.0,14.1,14.5
119.9,42,103.0,911.0,3.0,25.0,9.22,83.5,22.0,14.1,14.5
119.989,42,103.0,911.0,3.0,25.0,9.22,83.5,22.0,14.1,14.5
120.078,42,103.0,852.0,3.0,25.0,9.22,83.5,22.0,14.1,14.5
120.169,42,103.0,852.0,1.0,25.0,9.22,83.5,22.0,14.1,14.5
120.258,42,103.0,852.0,1.0,26.0,9.22,83.5,22.0,14.1,14.5
120.348,42,103.0,852.0,1.0,26.0,8.47,83.5,22.0,14.1,14.5
120.438,42,103.0,852.0,1.0,26.0,8.47,83.5,22.0,14.1,14.5
120.53,42,103.0,852.0,1.0,26.0,8.47,83.5,22.0,14.1,14.5
120.622,42,103.0,852.0,1.0,26.0,8.47,83.5,22.0,14.1,14.5
120.709,42,103.0,852.0,1.0,26.0,8.47,83.5,22.0,14.1,14.5
120.798,42,103.0,852.0,1.0,26.0,8.47,83.5,22.0,14.1,14.5
120.889,42,50.0,852.0,1.0,26.0,8.47,83.5,22.0,14.1,14.5
120.978,42,50.0,450.0,1.0,26.0,8.47,83.5,22.0,14.1,14.5
121.068,42,50.0,450.0,0.0,26.0,8.47,83.5,22.0,14.1,14.5
121.158,42,50.0,450.0,0.0,25.0,8.47,83.5,22.0,14.1,14.5
121.248,42,50.0,450.0,0.0,25.0,1.3,83.5,22.0,14.1,14.5
121.337,42,50.0,450.0,0.0,25.0,1.3,13.7,22.0,14.1,14.5
121.428,42,50.0,450.0,0.0,25.0,1.3,13.7,22.0,14.1,14.5
121.518,42,50.0,450.0,0.0,25.0,1.3,13.7,22.0,14.1,14.5
121.608,42,50.0,450.0,0.0,25.0,1.3,13.7,22.0,14.1,14.5
121.698,42,50.0,450.0,0.0,25.0,1.3,13.7,22.0,14.1,14.5
121.79,42,45.0,450.0,0.0,25.0,1.3,13.7,22.0,14.1,14.5
121.88,42,45.0,0.0,0.0,25.0,1.3,13.7,22.0,14.1,14.5
121.968,42,45.0,0.0,0.0,25.0,1.3,13.7,22.0,14.1,14.5
122.059,42,45.0,0.0,0.0,14.0,1.3,13.7,22.0,14.1,14.5
122.148,42,45.0,0.0,0.0,14.0,0.0,13.7,22.0,14.1,14.5
122.238,42,45.0,0.0,0.0,14.0,0.0,13.7,22.0,14.1,14.5
122.327,42,45.0,0.0,0.0,14.0,0.0,13.7,22.0,14.1,14.5
122.418,42,45.0,0.0,0.0,14.0,0.0,13.7,22.0,14.1,14.5
122.51,42,45.0,0.0,0.0,14.0,0.0,13.7,22.0,14.1,14.5
122.598,42,45.0,0.0,0.0,14.0,0.0,13.7,22.0,14.1,14.5
122.718,42,57.0,0.0,0.0,14.0,0.0,13.7,22.0,14.1,14.5
122.807,42,57.0,0.0,0.0,14.0,0.0,13.7,22.0,14.1,14.5
122.904,42,57.0,0.0,0.0,14.0,0.0,13.7,22.0,14.1,14.5
122.988,42,57.0,0.0,0.0,34.0,0.0,13.7,22.0,14.1,14.5
123.077,42,57.0,0.0,0.0,34.0,0.0,13.7,22.0,14.1,14.5
123.168,42,57.0,0.0,0.0,34.0,0.0,79.6,22.0,14.1,14.5
123.257,42,57.0,0.0,0.0,34.0,0.0,79.6,22.0,14.1,14.5
123.347,42,57.0,0.0,0.0,34.0,0.0,79.6,22.0,14.1,14.5
123.437,42,57.0,0.0,0.0,34.0,0.0,79.6,22.0,14.1,14.5
123.528,42,57.0,0.0,0.0,34.0,0.0,79.6,22.0,14.1,14.5
123.619,42,99.0,0.0,0.0,34.0,0.0,79.6,22.0,14.1,14.5
123.708,42,99.0,0.0,0.0,34.0,0.0,79.6,22.0,14.1,14.5
123.798,42,99.0,0.0,0.0,34.0,0.0,79.6,22.0,14.1,14.5
123.889,42,99.0,0.0,0.0,101.0,0.0,79.6,22.0,14.1,14.5
123.978,42,99.0,0.0,0.0,101.0,0.0,79.6,22.0,14.1,14.5
124.068,42,99.0,0.0,0.0,101.0,0.0,85.5,22.0,14.1,14.5
124.158,42,99.0,0.0,0.0,101.0,0.0,85.5,22.0,14.1,14.5
124.248,42,99.0,0.0,0.0,101.0,0.0,85.5,22.0,14.1,14.5
124.337,42,99.0,0.0,0.0,101.0,0.0,85.5,22.0,14.1,14.5
124.428,42,99.0,0.0,0.0,101.0,0.0,85.5,22.0,14.1,14.5
124.518,42,99.0,0.0,0.0,101.0,0.0,85.5,22.0,14.1,14.5
124.608,42,99.0,0.0,0.0,101.0,0.0,85.5,22.0,14.1,14.5
124.698,42,99.0,0.0,0.0,101.0,0.0,85.5,22.0,14.1,14.5
124.79,42,99.0,0.0,0.0,141.0,0.0,85.5,22.0,14.1,14.5
124.878,42,99.0,0.0,0.0,141.0,0.0,85.5,22.0,14.1,14.5
124.968,42,99.0,0.0,0.0,141.0,0.0,89.0,22.0,14.1,14.5
125.058,42,99.0,0.0,0.0,141.0,0.0,89.0,22.0,14.1,14.5
125.148,42,99.0,0.0,0.0,141.0,0.0,89.0,22.0,14.1,14.5
125.241,42,99.0,0.0,0.0,141.0,0.0,89.0,22.0,14.1,14.5
125.328,43,99.0,0.0,0.0,141.0,0.0,89.0,22.0,14.1,14.5
125.418,43,99.0,0.0,0.0,141.0,0.0,89.0,22.0,14.1,14.5
125.508,43,99.0,0.0,0.0,141.0,0.0,89.0,22.0,14.1,14.5
125.6,43,99.0,0.0,0.0,141.0,0.0,89.0,22.0,14.1,14.5
125.689,43,99.0,0.0,0.0,138.0,0.0,89.0,22.0,14.1,14.5
125.779,43,99.0,0.0,0.0,138.0,0.0,89.0,22.0,14.1,14.5
125.868,43,99.0,0.0,0.0,138.0,0.0,89.0,22.0,14.1,14.5
125.958,43,99.0,0.0,0.0,138.0,0.0,89.0,22.0,14.1,14.5
126.048,43,99.0,0.0,0.0,138.0,0.0,89.0,22.0,14.1,14.5
126.139,43,99.0,0.0,0.0,138.0,0.0,89.0,22.0,14.1,14.5
126.231,43,99.0,0.0,0.0,138.0,0.0,89.0,22.0,14.1,14.5
126.317,43,99.0,0.0,0.0,138.0,0.0,89.0,22.0,14.1,14.5
126.408,43,99.0,0.0,0.0,138.0,0.0,89.0,22.0,14.1,14.5
126.468,43,99.0,0.0,0.0,138.0,0.0,89.0,22.0,14.1,14.5
126.558,43,99.0,0.0,0.0,134.0,0.0,89.0,22.0,14.1,14.5
126.619,43,99.0,0.0,0.0,134.0,0.0,89.0,22.0,14.1,14.5
126.708,43,99.0,0.0,0.0,134.0,0.0,89.0,22.0,14.1,14.5
126.769,43,99.0,0.0,0.0,134.0,0.0,89.0,22.0,14.1,14.5
126.859,43,99.0,0.0,0.0,134.0,0.0,89.0,22.0,14.1,14.5
126.978,43,99.0,0.0,0.0,134.0,0.0,89.0,22.0,14.1,14.5
127.07,43,99.0,0.0,0.0,134.0,0.0,89.0,22.0,14.1,14.5
127.159,43,99.0,0.0,0.0,134.0,0.0,89.0,22.0,14.1,14.5
127.248,43,99.0,0.0,0.0,134.0,0.0,89.0,22.0,14.1,14.5
127.367,43,99.0,0.0,0.0,134.0,0.0,89.0,22.0,14.1,14.5
127.458,43,99.0,0.0,0.0,130.0,0.0,89.0,22.0,14.1,14.5
127.519,43,99.0,0.0,0.0,130.0,0.0,89.0,22.0,14.1,14.5
127.638,43,99.0,0.0,0.0,130.0,0.0,89.0,22.0,14.1,14.5
127.759,43,99.0,0.0,0.0,130.0,0.0,89.0,22.0,14.1,14.5
127.82,43,99.0,0.0,0.0,130.0,0.0,89.0,22.0,14.1,14.5
127.908,43,99.0,0.0,0.0,130.0,0.0,89.0,22.0,14.1,14.5
127.999,43,99.0,0.0,0.0,130.0,0.0,89.0,22.0,14.1,14.5
128.09,43,99.0,0.0,0.0,130.0,0.0,89.0,22.0,14.1,14.5
128.187,43,99.0,0.0,0.0,130.0,0.0,89.0,22.0,14.1,14.5
128.268,43,99.0,0.0,0.0,130.0,0.0,89.0,22.0,14.1,14.5
128.358,43,99.0,0.0,0.0,126.0,0.0,89.0,22.0,14.1,14.5
128.419,43,99.0,0.0,0.0,126.0,0.0,89.0,22.0,14.1,14.5
128.508,43,99.0,0.0,0.0,126.0,0.0,88.6,22.0,14.1,14.5
128.569,43,99.0,0.0,0.0,126.0,0.0,88.6,22.0,14.1,14.5
128.658,43,99.0,0.0,0.0,126.0,0.0,88.6,22.0,14.1,14.5
128.719,43,99.0,0.0,0.0,126.0,0.0,88.6,22.0,14.1,14.5
128.838,43,99.0,0.0,0.0,126.0,0.0,88.6,22.0,14.1,14.5
128.962,43,99.0,0.0,0.0,126.0,0.0,88.6,22.0,14.1,14.5
129.049,43,99.0,0.0,0.0,126.0,0.0,88.6,22.0,14.1,14.5
129.138,43,99.0,0.0,0.0,126.0,0.0,88.6,22.0,14.1,14.5
129.229,43,99.0,0.0,0.0,123.0,0.0,88.6,22.0,14.1,14.5
129.317,43,99.0,0.0,0.0,123.0,0.0,88.6,22.0,14.1,14.5
129.407,43,99.0,0.0,0.0,123.0,0.0,89.0,22.0,14.1,14.5
129.498,43,99.0,0.0,0.0,123.0,0.0,89.0,22.0,14.1,14.5
129.588,43,99.0,0.0,0.0,123.0,0.0,89.0,22.0,14.1,14.5
129.678,43,99.0,0.0,0.0,123.0,0.0,89.0,22.0,14.1,14.5
129.769,43,99.0,0.0,0.0,123.0,0.0,89.0,22.0,14.1,14.5
129.859,43,99.0,0.0,0.0,123.0,0.0,89.0,22.0,14.1,14.5
129.979,43,99.0,0.0,0.0,123.0,0.0,89.0,22.0,14.1,14.5
130.07,43,99.0,0.0,0.0,123.0,0.0,89.0,22.0,14.1,14.5
130.159,43,99.0,0.0,0.0,120.0,0.0,89.0,22.0,14.1,14.5
130.247,43,99.0,0.0,0.0,120.0,0.0,89.0,22.0,14.1,14.5
130.337,43,99.0,0.0,0.0,120.0,0.0,88.6,22.0,14.1,14.5
130.428,43,99.0,0.0,0.0,120.0,0.0,88.6,22.0,14.1,14.5
130.518,43,99.0,0.0,0.0,120.0,0.0,88.6,22.0,14.1,14.5
130.609,43,99.0,0.0,0.0,120.0,0.0,88.6,22.0,14.1,14.5
130.698,43,99.0,0.0,0.0,120.0,0.0,88.6,22.0,14.1,14.5
130.788,43,99.0,0.0,0.0,120.0,0.0,88.6,22.0,14.1,14.5
130.878,43,99.0,0.0,0.0,120.0,0.0,88.6,22.0,14.1,14.5
130.969,43,99.0,0.0,0.0,120.0,0.0,88.6,22.0,14.1,14.5
131.091,43,99.0,0.0,0.0,117.0,0.0,88.6,22.0,14.1,14.5
131.18,43,99.0,0.0,0.0,117.0,0.0,88.6,22.0,14.1,14.5
131.27,43,99.0,0.0,0.0,117.0,0.0,89.0,22.0,14.1,14.5
131.357,43,99.0,0.0,0.0,117.0,0.0,89.0,22.0,14.1,14.5
131.448,43,99.0,0.0,0.0,117.0,0.0,89.0,22.0,14.1,14.5
131.538,43,99.0,0.0,0.0,117.0,0.0,89.0,22.0,14.1,14.5
131.629,43,99.0,0.0,0.0,117.0,0.0,89.0,22.0,14.1,14.5
131.718,43,99.0,0.0,0.0,117.0,0.0,89.0,22.0,14.1,14.5
131.808,43,99.0,0.0,0.0,117.0,0.0,89.0,22.0,14.1,14.5
131.9,43,99.0,0.0,0.0,117.0,0.0,89.0,22.0,14.1,14.5
131.988,43,99.0,0.0,0.0,114.0,0.0,89.0,22.0,14.1,14.5
132.08,43,99.0,0.0,0.0,114.0,0.0,89.0,22.0,14.1,14.5
132.169,43,99.0,0.0,0.0,114.0,0.0,89.0,22.0,14.1,14.5
132.258,43,99.0,0.0,0.0,114.0,0.0,89.0,22.0,14.1,14.5
132.378,43,99.0,0.0,0.0,114.0,0.0,89.0,22.0,14.1,14.5
132.468,43,99.0,0.0,0.0,114.0,0.0,89.0,22.0,14.1,14.5
132.559,43,99.0,0.0,0.0,114.0,0.0,89.0,22.0,14.1,14.5
132.678,43,99.0,0.0,0.0,114.0,0.0,89.0,22.0,14.1,14.5
132.769,43,99.0,0.0,0.0,114.0,0.0,89.0,22.0,14.1,14.5
132.858,43,99.0,0.0,0.0,114.0,0.0,89.0,22.0,14.1,14.5
132.949,43,99.0,0.0,0.0,112.0,0.0,89.0,22.0,14.1,14.5
133.039,43,99.0,0.0,0.0,112.0,0.0,89.0,22.0,14.1,14.5
133.128,43,99.0,0.0,0.0,112.0,0.0,88.6,22.0,14.1,14.5
133.219,43,99.0,0.0,0.0,112.0,0.0,88.6,22.0,14.1,14.5
133.307,43,99.0,0.0,0.0,112.0,0.0,88.6,22.0,14.1,14.5
133.397,43,99.0,0.0,0.0,112.0,0.0,88.6,22.0,14.1,14.5
133.488,43,99.0,0.0,0.0,112.0,0.0,88.6,22.0,14.1,14.5
133.578,43,99.0,0.0,0.0,112.0,0.0,88.6,22.0,14.1,14.5
133.669,43,99.0,0.0,0.0,112.0,0.0,88.6,22.0,14.1,14.5
133.758,43,99.0,0.0,0.0,112.0,0.0,88.6,22.0,14.1,14.5
133.85,43,99.0,0.0,0.0,109.0,0.0,88.6,22.0,14.1,14.5
133.939,43,99.0,0.0,0.0,109.0,0.0,88.6,22.0,14.1,14.5
134.028,43,99.0,0.0,0.0,109.0,0.0,89.0,22.0,14.1,14.5
134.119,43,99.0,0.0,0.0,109.0,0.0,89.0,22.0,14.1,14.5
134.208,43,99.0,0.0,0.0,109.0,0.0,89.0,22.0,14.1,14.5
134.299,43,99.0,0.0,0.0,109.0,0.0,89.0,22.0,14.1,14.5
134.388,43,99.0,0.0,0.0,109.0,0.0,89.0,22.0,14.1,14.5
134.478,43,99.0,0.0,0.0,109.0,0.0,89.0,22.0,14.1,14.5
134.568,43,99.0,0.0,0.0,109.0,0.0,89.0,22.0,14.1,14.5
134.658,43,99.0,0.0,0.0,109.0,0.0,89.0,22.0,14.1,14.5
134.749,43,99.0,0.0,0.0,107.0,0.0,89.0,22.0,14.1,14.5
134.81,43,99.0,0.0,0.0,107.0,0.0,89.0,22.0,14.1,14.5
134.898,43,99.0,0.0,0.0,107.0,0.0,88.6,22.0,14.1,14.5
134.959,43,99.0,0.0,0.0,107.0,0.0,88.6,22.0,14.1,14.5
135.048,43,99.0,0.0,0.0,107.0,0.0,88.6,22.0,14.1,14.5
135.138,43,99.0,0.0,0.0,107.0,0.0,88.6,22.0,14.1,14.5
135.228,43,99.0,0.0,0.0,107.0,0.0,88.6,22.0,14.1,14.5
135.318,43,99.0,0.0,0.0,107.0,0.0,88.6,22.0,14.1,14.5
135.408,43,99.0,0.0,0.0,107.0,0.0,88.6,22.0,14.1,14.5
135.498,43,99.0,0.0,0.0,107.0,0.0,88.6,22.0,14.1,14.5
135.589,43,99.0,0.0,0.0,104.0,0.0,88.6,22.0,14.1,14.5
135.681,43,99.0,0.0,0.0,104.0,0.0,88.6,22.0,14.1,14.5
135.77,43,99.0,0.0,0.0,104.0,0.0,88.6,22.0,14.1,14.5
135.858,43,99.0,0.0,0.0,104.0,0.0,88.6,22.0,14.1,14.5
135.948,43,99.0,0.0,0.0,104.0,0.0,88.6,22.0,14.1,14.5
136.01,43,99.0,0.0,0.0,104.0,0.0,88.6,22.0,14.1,14.5
136.098,44,99.0,0.0,0.0,104.0,0.0,88.6,22.0,14.1,14.5
136.159,44,99.0,0.0,0.0,104.0,0.0,88.6,22.0,14.1,14.5
136.248,44,99.0,0.0,0.0,104.0,0.0,88.6,22.0,14.1,14.5
136.337,44,99.0,0.0,0.0,104.0,0.0,88.6,22.0,14.1,14.5
136.428,44,99.0,0.0,0.0,102.0,0.0,88.6,22.0,14.1,14.5
136.518,44,99.0,0.0,0.0,102.0,0.0,88.6,22.0,14.1,14.5
136.609,44,99.0,0.0,0.0,102.0,0.0,89.0,22.0,14.1,14.5
136.698,44,99.0,0.0,0.0,102.0,0.0,89.0,22.0,14.1,14.5
136.759,44,99.0,0.0,0.0,102.0,0.0,89.0,22.0,14.1,14.5
136.848,44,99.0,0.0,0.0,102.0,0.0,89.0,22.0,14.1,14.5
136.909,44,99.0,0.0,0.0,102.0,0.0,89.0,22.0,14.1,14.5
136.998,44,99.0,0.0,0.0,102.0,0.0,89.0,22.0,14.1,14.5
137.09,44,99.0,0.0,0.0,102.0,0.0,89.0,22.0,14.1,14.5
137.178,44,99.0,0.0,0.0,102.0,0.0,89.0,22.0,14.1,14.5
137.268,44,99.0,0.0,0.0,100.0,0.0,89.0,22.0,14.1,14.5
137.358,44,99.0,0.0,0.0,100.0,0.0,89.0,22.0,14.1,14.5
137.448,44,99.0,0.0,0.0,100.0,0.0,88.6,22.0,14.1,14.5
137.539,44,99.0,0.0,0.0,100.0,0.0,88.6,22.0,14.1,14.5
137.628,44,99.0,0.0,0.0,100.0,0.0,88.6,22.0,14.1,14.5
137.718,44,99.0,0.0,0.0,100.0,0.0,88.6,22.0,14.1,14.5
137.808,44,99.0,0.0,0.0,100.0,0.0,88.6,22.0,14.1,14.5
137.898,44,99.0,0.0,0.0,100.0,0.0,88.6,22.0,14.1,14.5
137.96,44,99.0,0.0,0.0,100.0,0.0,88.6,22.0,14.1,14.5
138.048,44,99.0,0.0,0.0,100.0,0.0,88.6,22.0,14.1,14.5
138.109,44,99.0,0.0,0.0,98.0,0.0,88.6,22.0,14.1,14.5
138.197,44,99.0,0.0,0.0,98.0,0.0,88.6,22.0,14.1,14.5
138.288,44,99.0,0.0,0.0,98.0,0.0,89.0,22.0,14.1,14.5
138.378,44,99.0,0.0,0.0,98.0,0.0,89.0,22.0,14.1,14.5
138.468,44,99.0,0.0,0.0,98.0,0.0,89.0,22.0,14.1,14.5
138.557,44,99.0,0.0,0.0,98.0,0.0,89.0,22.0,14.1,14.5
138.647,44,99.0,0.0,0.0,98.0,0.0,89.0,22.0,14.1,14.5
138.708,44,99.0,0.0,0.0,98.0,0.0,89.0,22.0,14.1,14.5
138.798,44,99.0,0.0,0.0,98.0,0.0,89.0,22.0,14.1,14.5
138.86,44,99.0,0.0,0.0,98.0,0.0,89.0,22.0,14.1,14.5
138.949,44,99.0,0.0,0.0,97.0,0.0,89.0,22.0,14.1,14.5
139.038,44,99.0,0.0,0.0,97.0,0.0,89.0,22.0,14.1,14.5
139.128,44,99.0,0.0,0.0,97.0,0.0,88.6,22.0,14.1,14.5
139.219,44,99.0,0.0,0.0,97.0,0.0,88.6,22.0,14.1,14.5
139.31,44,99.0,0.0,0.0,97.0,0.0,88.6,22.0,14.1,14.5
139.397,44,99.0,0.0,0.0,97.0,0.0,88.6,22.0,14.1,14.5
139.488,44,99.0,0.0,0.0,97.0,0.0,88.6,22.0,14.1,14.5
139.578,44,99.0,0.0,0.0,97.0,0.0,88.6,22.0,14.1,14.5
139.698,44,99.0,0.0,0.0,97.0,0.0,88.6,22.0,14.1,14.5
139.76,44,99.0,0.0,0.0,97.0,0.0,88.6,22.0,14.1,14.5
139.848,44,99.0,0.0,0.0,95.0,0.0,88.6,22.0,14.1,14.5
139.909,44,99.0,0.0,0.0,95.0,0.0,88.6,22.0,14.1,14.5
139.998,44,99.0,0.0,0.0,95.0,0.0,89.0,22.0,14.1,14.5
140.059,44,99.0,0.0,0.0,95.0,0.0,89.0,22.0,14.1,14.5
140.148,44,99.0,0.0,0.0,95.0,0.0,89.0,22.0,14.1,14.5
140.239,44,99.0,0.0,0.0,95.0,0.0,89.0,22.0,14.1,14.5
140.328,44,99.0,0.0,0.0,95.0,0.0,89.0,22.0,14.1,14.5
140.418,44,99.0,0.0,0.0,95.0,0.0,89.0,22.0,14.1,14.5
140.508,44,99.0,0.0,0.0,95.0,0.0,89.0,22.0,14.1,14.5
140.598,44,99.0,0.0,0.0,95.0,0.0,89.0,22.0,14.1,14.5
140.689,44,99.0,0.0,0.0,94.0,0.0,89.0,22.0,14.1,14.5
140.778,44,99.0,0.0,0.0,94.0,0.0,89.0,22.0,14.1,14.5
140.869,44,99.0,0.0,0.0,94.0,0.0,88.6,22.0,14.1,14.5
140.958,44,99.0,0.0,0.0,94.0,0.0,88.6,22.0,14.1,14.5
141.048,44,99.0,0.0,0.0,94.0,0.0,88.6,22.0,14.1,14.5
141.113,44,99.0,0.0,0.0,94.0,0.0,88.6,22.0,14.1,14.5
141.199,44,99.0,0.0,0.0,94.0,0.0,88.6,22.0,14.1,14.5
141.26,44,99.0,0.0,0.0,94.0,0.0,88.6,22.0,14.1,14.5
141.348,44,99.0,0.0,0.0,94.0,0.0,88.6,22.0,14.1,14.5
141.437,44,99.0,0.0,0.0,94.0,0.0,88.6,22.0,14.1,14.5
141.528,44,99.0,0.0,0.0,93.0,0.0,88.6,22.0,14.1,14.5
141.619,44,99.0,0.0,0.0,93.0,0.0,88.6,22.0,14.1,14.5
141.709,44,99.0,0.0,0.0,93.0,0.0,89.0,22.0,14.1,14.5
141.798,44,99.0,0.0,0.0,93.0,0.0,89.0,22.0,14.1,14.5
141.859,44,99.0,0.0,0.0,93.0,0.0,89.0,22.0,14.1,14.5
141.95,44,99.0,0.0,0.0,93.0,0.0,89.0,22.0,14.1,14.5
142.009,44,99.0,0.0,0.0,93.0,0.0,89.0,22.0,14.1,14.5
142.099,44,99.0,0.0,0.0,93.0,0.0,89.0,22.0,14.1,14.5
142.188,44,99.0,0.0,0.0,93.0,0.0,89.0,22.0,14.1,14.5
142.279,44,99.0,0.0,0.0,93.0,0.0,89.0,22.0,14.1,14.5
142.368,44,99.0,0.0,0.0,91.0,0.0,89.0,22.0,14.1,14.5
142.457,44,99.0,0.0,0.0,91.0,0.0,89.0,22.0,14.1,14.5
142.548,44,99.0,0.0,0.0,91.0,0.0,88.6,22.0,14.1,14.5
142.639,44,99.0,0.0,0.0,91.0,0.0,88.6,22.0,14.1,14.5
142.729,44,99.0,0.0,0.0,91.0,0.0,88.6,22.0,14.1,14.5
142.819,44,99.0,0.0,0.0,91.0,0.0,88.6,22.0,14.1,14.5
142.908,44,99.0,0.0,0.0,91.0,0.0,88.6,22.0,14.1,14.5
142.998,44,99.0,0.0,0.0,91.0,0.0,88.6,22.0,14.1,14.5
143.06,44,99.0,0.0,0.0,91.0,0.0,88.6,22.0,14.1,14.5
143.148,44,99.0,0.0,0.0,91.0,0.0,88.6,22.0,14.1,14.5
143.209,44,99.0,0.0,0.0,90.0,0.0,88.6,22.0,14.1,14.5
143.298,44,99.0,0.0,0.0,90.0,0.0,88.6,22.0,14.1,14.5
143.387,44,99.0,0.0,0.0,90.0,0.0,88.6,22.0,14.1,14.5
143.478,44,99.0,0.0,0.0,90.0,0.0,88.6,22.0,14.1,14.5
143.568,44,99.0,0.0,0.0,90.0,0.0,88.6,22.0,14.1,14.5
143.658,44,99.0,0.0,0.0,90.0,0.0,88.6,22.0,14.1,14.1
143.748,44,99.0,0.0,0.0,90.0,0.0,88.6,22.0,14.1,14.1
143.839,44,99.0,0.0,0.0,90.0,0.0,88.6,22.0,14.1,14.1
143.928,44,99.0,0.0,0.0,90.0,0.0,88.6,22.0,14.1,14.1
144.017,44,99.0,0.0,0.0,90.0,0.0,88.6,22.0,14.1,14.1
144.108,44,99.0,0.0,0.0,88.0,0.0,88.6,22.0,14.1,14.1
144.199,44,99.0,0.0,0.0,88.0,0.0,88.6,22.0,14.1,14.1
144.259,44,99.0,0.0,0.0,88.0,0.0,89.0,22.0,14.1,14.1
144.348,44,99.0,0.0,0.0,88.0,0.0,89.0,22.0,14.1,14.1
144.409,44,99.0,0.0,0.0,88.0,0.0,89.0,22.0,14.1,14.1
144.498,44,99.0,0.0,0.0,88.0,0.0,89.0,22.0,14.1,14.5
144.588,44,99.0,0.0,0.0,88.0,0.0,89.0,22.0,14.1,14.5
144.678,44,99.0,0.0,0.0,88.0,0.0,89.0,22.0,14.1,14.5
144.768,44,99.0,0.0,0.0,88.0,0.0,89.0,22.0,14.1,14.5
144.859,44,99.0,0.0,0.0,88.0,0.0,89.0,22.0,14.1,14.5
144.948,44,99.0,0.0,0.0,87.0,0.0,89.0,22.0,14.1,14.5
145.01,44,99.0,0.0,0.0,87.0,0.0,89.0,22.0,14.1,14.5
145.099,44,99.0,0.0,0.0,87.0,0.0,89.0,22.0,14.1,14.5
145.159,44,99.0,0.0,0.0,87.0,0.0,89.0,23.0,14.1,14.5
145.249,44,99.0,0.0,0.0,87.0,0.0,89.0,23.0,14.1,14.5
145.313,44,99.0,0.0,0.0,87.0,0.0,89.0,23.0,14.1,14.5
145.397,44,99.0,0.0,0.0,87.0,0.0,89.0,23.0,14.1,14.5
145.459,44,99.0,0.0,0.0,87.0,0.0,89.0,23.0,14.1,14.5
145.548,44,99.0,0.0,0.0,87.0,0.0,89.0,23.0,14.1,14.5
145.613,44,99.0,0.0,0.0,87.0,0.0,89.0,23.0,14.1,14.5
145.699,44,99.0,0.0,0.0,87.0,0.0,89.0,23.0,14.1,14.5
145.789,44,99.0,0.0,0.0,87.0,0.0,89.0,23.0,14.1,14.5
145.878,44,99.0,0.0,0.0,87.0,0.0,88.6,23.0,14.1,14.5
145.968,44,99.0,0.0,0.0,87.0,0.0,88.6,23.0,14.1,14.5
146.058,44,99.0,0.0,0.0,87.0,0.0,88.6,23.0,14.1,14.5
146.148,44,99.0,0.0,0.0,87.0,0.0,88.6,23.0,14.1,14.5
146.21,44,99.0,0.0,0.0,87.0,0.0,88.6,23.0,14.1,14.5
146.31,44,99.0,0.0,0.0,87.0,0.0,88.6,23.0,14.1,14.5
146.359,44,99.0,0.0,0.0,87.0,0.0,88.6,23.0,14.1,14.5
146.448,44,99.0,0.0,0.0,87.0,0.0,88.6,23.0,14.1,14.5
146.509,44,99.0,0.0,0.0,86.0,0.0,88.6,23.0,14.1,14.5
146.598,44,99.0,0.0,0.0,86.0,0.0,88.6,23.0,14.1,14.5
146.659,44,99.0,0.0,0.0,86.0,0.0,89.0,23.0,14.1,14.5
146.748,44,99.0,0.0,0.0,86.0,0.0,89.0,23.0,14.1,14.5
146.808,44,99.0,0.0,0.0,86.0,0.0,89.0,23.0,14.1,14.5
146.898,44,99.0,0.0,0.0,86.0,0.0,89.0,23.0,14.1,14.5
146.96,44,99.0,0.0,0.0,86.0,0.0,89.0,23.0,14.1,14.5
147.048,44,99.0,0.0,0.0,86.0,0.0,89.0,23.0,14.1,14.5
147.11,44,99.0,0.0,0.0,86.0,0.0,89.0,23.0,14.1,14.5
147.198,44,99.0,0.0,0.0,86.0,0.0,89.0,23.0,14.1,14.5
147.26,44,99.0,0.0,0.0,85.0,0.0,89.0,23.0,14.1,14.5
147.348,44,99.0,0.0,0.0,85.0,0.0,89.0,23.0,14.1,14.5
147.408,44,99.0,0.0,0.0,85.0,0.0,88.6,23.0,14.1,14.5
147.498,44,99.0,0.0,0.0,85.0,0.0,88.6,23.0,14.1,14.5
147.56,44,99.0,0.0,0.0,85.0,0.0,88.6,23.0,14.1,14.5
147.648,44,99.0,0.0,0.0,85.0,0.0,88.6,23.0,14.1,14.5
147.71,44,99.0,0.0,0.0,85.0,0.0,88.6,23.0,14.1,14.5
147.799,44,99.0,0.0,0.0,85.0,0.0,88.6,23.0,14.1,14.5
147.86,44,99.0,0.0,0.0,85.0,0.0,88.6,23.0,14.1,14.5
147.948,44,99.0,0.0,0.0,85.0,0.0,88.6,23.0,14.1,14.5
148.01,44,99.0,0.0,0.0,84.0,0.0,88.6,23.0,14.1,14.5
148.098,44,99.0,0.0,0.0,84.0,0.0,88.6,23.0,14.1,14.5
148.16,44,99.0,0.0,0.0,84.0,0.0,89.0,23.0,14.1,14.5
148.248,44,99.0,0.0,0.0,84.0,0.0,89.0,23.0,14.1,14.5
148.311,44,99.0,0.0,0.0,84.0,0.0,89.0,23.0,14.1,14.5
148.397,44,99.0,0.0,0.0,84.0,0.0,89.0,23.0,14.1,14.5
148.459,44,99.0,0.0,0.0,84.0,0.0,89.0,23.0,14.1,14.5
148.547,44,99.0,0.0,0.0,84.0,0.0,89.0,23.0,14.1,14.5
148.61,44,99.0,0.0,0.0,84.0,0.0,89.0,23.0,14.1,14.5
148.698,44,99.0,0.0,0.0,84.0,0.0,89.0,23.0,14.1,14.5
148.759,44,99.0,0.0,0.0,83.0,0.0,89.0,23.0,14.1,14.5
148.848,44,99.0,0.0,0.0,83.0,0.0,89.0,23.0,14.1,14.5
148.909,44,99.0,0.0,0.0,83.0,0.0,88.6,23.0,14.1,14.5
148.998,44,99.0,0.0,0.0,83.0,0.0,88.6,23.0,14.1,14.5
149.059,44,99.0,0.0,0.0,83.0,0.0,88.6,23.0,14.1,14.5
149.148,44,99.0,0.0,0.0,83.0,0.0,88.6,23.0,14.1,14.5
149.209,44,99.0,0.0,0.0,83.0,0.0,88.6,23.0,14.1,14.5
149.298,44,99.0,0.0,0.0,83.0,0.0,88.6,23.0,14.1,14.5
149.418,44,99.0,0.0,0.0,83.0,0.0,88.6,23.0,14.1,14.5
149.508,44,99.0,0.0,0.0,83.0,0.0,88.6,23.0,14.1,14.5
149.597,44,99.0,0.0,0.0,82.0,0.0,88.6,23.0,14.1,14.5
149.658,44,99.0,0.0,0.0,82.0,0.0,88.6,23.0,14.1,14.5
149.748,44,99.0,0.0,0.0,82.0,0.0,89.0,23.0,14.1,14.5
149.809,44,99.0,0.0,0.0,82.0,0.0,89.0,23.0,14.1,14.5
149.898,44,99.0,0.0,0.0,82.0,0.0,89.0,23.0,14.1,14.5
149.96,44,99.0,0.0,0.0,82.0,0.0,89.0,23.0,14.1,14.5
150.048,44,99.0,0.0,0.0,82.0,0.0,89.0,23.0,14.1,14.5
150.111,44,99.0,0.0,0.0,82.0,0.0,89.0,23.0,14.1,14.5
150.199,44,99.0,0.0,0.0,82.0,0.0,89.0,23.0,14.1,14.5
150.26,44,99.0,0.0,0.0,82.0,0.0,89.0,23.0,14.1,14.5
150.348,44,99.0,0.0,0.0,82.0,0.0,89.0,23.0,14.1,14.5
150.409,44,99.0,0.0,0.0,82.0,0.0,89.0,23.0,14.1,14.5
150.498,44,99.0,0.0,0.0,82.0,0.0,89.0,23.0,14.1,14.5
150.559,44,99.0,0.0,0.0,82.0,0.0,89.0,23.0,14.1,14.5
150.648,44,99.0,0.0,0.0,82.0,0.0,89.0,23.0,14.1,14.5
150.71,44,99.0,0.0,0.0,82.0,0.0,89.0,23.0,14.1,14.5
150.799,44,99.0,0.0,0.0,82.0,0.0,89.0,23.0,14.1,14.5
150.859,44,99.0,0.0,0.0,82.0,0.0,89.0,23.0,14.1,14.5
150.948,44,99.0,0.0,0.0,82.0,0.0,89.0,23.0,14.1,14.5
151.04,44,99.0,0.0,0.0,82.0,0.0,89.0,23.0,14.1,14.5
151.13,44,99.0,0.0,0.0,81.0,0.0,89.0,23.0,14.1,14.5
151.219,44,99.0,0.0,0.0,81.0,0.0,89.0,23.0,14.1,14.5
151.308,44,99.0,0.0,0.0,81.0,0.0,89.0,23.0,14.1,14.5
151.398,44,99.0,0.0,0.0,81.0,0.0,89.0,23.0,14.1,14.5
151.459,44,99.0,0.0,0.0,81.0,0.0,89.0,23.0,14.1,14.5
151.548,44,99.0,0.0,0.0,81.0,0.0,89.0,23.0,14.1,14.5
151.612,44,99.0,0.0,0.0,81.0,0.0,89.0,23.0,14.1,14.5
151.699,44,99.0,0.0,0.0,81.0,0.0,89.0,23.0,14.1,14.5
151.76,44,99.0,0.0,0.0,81.0,0.0,89.0,23.0,14.1,14.5
151.848,44,99.0,0.0,0.0,81.0,0.0,89.0,23.0,14.1,14.5
151.91,44,99.0,0.0,0.0,80.0,0.0,89.0,23.0,14.1,14.5
151.998,44,99.0,0.0,0.0,80.0,0.0,89.0,23.0,14.1,14.5
152.062,44,99.0,0.0,0.0,80.0,0.0,88.6,23.0,14.1,14.5
152.149,44,99.0,0.0,0.0,80.0,0.0,88.6,23.0,14.1,14.5
152.21,44,99.0,0.0,0.0,80.0,0.0,88.6,23.0,14.1,14.5
152.298,44,99.0,0.0,0.0,80.0,0.0,88.6,23.0,14.1,14.5
152.359,44,99.0,0.0,0.0,80.0,0.0,88.6,23.0,14.1,14.5
152.448,44,99.0,0.0,0.0,80.0,0.0,88.6,23.0,14.1,14.5
152.509,44,99.0,0.0,0.0,80.0,0.0,88.6,23.0,14.1,14.5
152.598,44,99.0,0.0,0.0,80.0,0.0,88.6,23.0,14.1,14.5
152.66,44,99.0,0.0,0.0,80.0,0.0,88.6,23.0,14.1,14.5
152.749,44,99.0,0.0,0.0,80.0,0.0,88.6,23.0,14.1,14.5
152.81,44,99.0,0.0,0.0,80.0,0.0,89.0,23.0,14.1,14.5
152.898,44,99.0,0.0,0.0,80.0,0.0,89.0,23.0,14.1,14.5
152.961,44,99.0,0.0,0.0,80.0,0.0,89.0,23.0,14.1,14.5
153.049,44,99.0,0.0,0.0,80.0,0.0,89.0,23.0,14.1,14.5
153.111,44,99.0,0.0,0.0,80.0,0.0,89.0,23.0,14.1,14.5
153.198,44,149.0,0.0,0.0,80.0,0.0,89.0,23.0,14.1,14.5
153.259,44,149.0,1073.0,0.0,80.0,0.0,89.0,23.0,14.1,14.5
153.347,44,149.0,1073.0,0.0,80.0,0.0,89.0,23.0,14.1,14.5
153.409,44,149.0,1073.0,0.0,71.0,0.0,89.0,23.0,14.1,14.5
153.498,44,149.0,1073.0,0.0,71.0,16.58,89.0,23.0,14.1,14.5
153.562,44,149.0,1073.0,0.0,71.0,16.58,83.1,23.0,14.1,14.5
153.648,44,149.0,1073.0,0.0,71.0,16.58,83.1,23.0,14.1,14.5
153.71,44,149.0,1073.0,0.0,71.0,16.58,83.1,23.0,17.6,14.5
153.798,44,149.0,1073.0,0.0,71.0,16.58,83.1,23.0,17.6,18.0
153.86,44,149.0,1073.0,0.0,71.0,16.58,83.1,23.0,17.6,18.0
153.949,44,98.0,1073.0,0.0,71.0,16.58,83.1,23.0,17.6,18.0
154.011,44,98.0,962.0,0.0,71.0,16.58,83.1,23.0,17.6,18.0
154.098,44,98.0,962.0,0.0,71.0,16.58,83.1,23.0,17.6,18.0
154.159,44,98.0,962.0,0.0,50.0,16.58,83.1,23.0,17.6,18.0
154.248,44,98.0,962.0,0.0,50.0,14.61,83.1,23.0,17.6,18.0
154.309,44,98.0,962.0,0.0,50.0,14.61,83.1,23.0,17.6,18.0
154.397,44,98.0,962.0,0.0,50.0,14.61,83.1,23.0,17.6,18.0
154.459,44,98.0,962.0,0.0,50.0,14.61,83.1,23.0,19.6,18.0
154.548,44,98.0,962.0,0.0,50.0,14.61,83.1,23.0,19.6,19.6
154.669,44,98.0,962.0,0.0,50.0,14.61,83.1,23.0,19.6,19.6
154.758,44,101.0,962.0,0.0,50.0,14.61,83.1,23.0,19.6,19.6
154.85,44,101.0,923.0,0.0,50.0,14.61,83.1,23.0,19.6,19.6
154.91,44,101.0,923.0,4.0,50.0,14.61,83.1,23.0,19.6,19.6
154.998,44,101.0,923.0,4.0,50.0,14.61,83.1,23.0,19.6,19.6
155.06,44,101.0,923.0,4.0,50.0,11.47,83.1,23.0,19.6,19.6
155.148,44,101.0,923.0,4.0,50.0,11.47,83.1,23.0,19.6,19.6
155.243,44,101.0,923.0,4.0,50.0,11.47,83.1,23.0,19.6,19.6
155.328,44,101.0,923.0,4.0,50.0,11.47,83.1,23.0,21.2,19.6
155.418,44,101.0,923.0,4.0,50.0,11.47,83.1,23.0,21.2,21.6
155.508,44,101.0,923.0,4.0,50.0,11.47,83.1,23.0,21.2,21.6
155.599,44,103.0,923.0,4.0,50.0,11.47,83.1,23.0,21.2,21.6
155.662,44,103.0,1091.0,4.0,50.0,11.47,83.1,23.0,21.2,21.6
155.749,44,103.0,1091.0,10.0,50.0,11.47,83.1,23.0,21.2,21.6
155.81,44,103.0,1091.0,10.0,33.0,11.47,83.1,23.0,21.2,21.6
155.899,44,103.0,1091.0,10.0,33.0,20.19,83.1,23.0,21.2,21.6
155.96,44,103.0,1091.0,10.0,33.0,20.19,83.1,23.0,21.2,21.6
156.048,44,103.0,1091.0,10.0,33.0,20.19,83.1,23.0,21.2,21.6
156.112,44,103.0,1091.0,10.0,33.0,20.19,83.1,23.0,42.4,21.6
156.199,44,103.0,1091.0,10.0,33.0,20.19,83.1,23.0,42.4,45.5
156.26,44,103.0,1091.0,10.0,33.0,20.19,83.1,23.0,42.4,45.5
156.348,44,114.0,1091.0,10.0,33.0,20.19,83.1,23.0,42.4,45.5
156.409,44,114.0,1766.0,10.0,33.0,20.19,83.1,23.0,42.4,45.5
156.498,44,114.0,1766.0,15.0,33.0,20.19,83.1,23.0,42.4,45.5
156.559,44,114.0,1766.0,15.0,26.0,20.19,83.1,23.0,42.4,45.5
156.648,44,114.0,1766.0,15.0,26.0,38.47,83.1,23.0,42.4,45.5
156.71,44,114.0,1766.0,15.0,26.0,38.47,83.1,23.0,42.4,45.5
156.797,44,114.0,1766.0,15.0,26.0,38.47,83.1,23.0,42.4,45.5
156.858,44,114.0,1766.0,15.0,26.0,38.47,83.1,23.0,14.1,45.5
156.947,44,114.0,1766.0,15.0,26.0,38.47,83.1,23.0,14.1,14.5
157.008,44,114.0,1766.0,15.0,26.0,38.47,83.1,23.0,14.1,14.5
157.097,44,103.0,1766.0,15.0,26.0,38.47,83.1,23.0,14.1,14.5
157.158,44,103.0,1551.0,15.0,26.0,38.47,83.1,23.0,14.1,14.5
157.248,44,103.0,1551.0,19.0,26.0,38.47,83.1,23.0,14.1,14.5
157.308,44,103.0,1551.0,19.0,23.0,38.47,83.1,23.0,14.1,14.5
157.398,44,103.0,1551.0,19.0,23.0,21.69,83.1,23.0,14.1,14.5
157.459,44,103.0,1551.0,19.0,23.0,21.69,31.0,23.0,14.1,14.5
157.548,44,103.0,1551.0,19.0,23.0,21.69,31.0,23.0,14.1,14.5
157.609,44,103.0,1551.0,19.0,23.0,21.69,31.0,23.0,32.5,14.5
157.699,44,103.0,1551.0,19.0,23.0,21.69,31.0,23.0,32.5,34.1
157.76,44,103.0,1551.0,19.0,23.0,21.69,31.0,23.0,32.5,34.1
157.848,44,106.0,1551.0,19.0,23.0,21.69,31.0,23.0,32.5,34.1
157.91,44,106.0,1181.0,19.0,23.0,21.69,31.0,23.0,32.5,34.1
157.998,44,106.0,1181.0,20.0,23.0,21.69,31.0,23.0,32.5,34.1
158.063,44,106.0,1181.0,20.0,17.0,21.69,31.0,23.0,32.5,34.1
158.148,44,106.0,1181.0,20.0,17.0,18.19,31.0,23.0,32.5,34.1
158.216,44,106.0,1181.0,20.0,17.0,18.19,83.5,23.0,32.5,34.1
158.298,44,106.0,1181.0,20.0,17.0,18.19,83.5,23.0,32.5,34.1
158.359,44,106.0,1181.0,20.0,17.0,18.19,83.5,23.0,40.0,34.1
158.448,44,106.0,1181.0,20.0,17.0,18.19,83.5,23.0,40.0,40.8
158.509,44,106.0,1181.0,20.0,17.0,18.19,83.5,23.0,40.0,40.8
158.6,44,113.0,1181.0,20.0,17.0,18.19,83.5,23.0,40.0,40.8
158.66,44,113.0,1322.0,20.0,17.0,18.19,83.5,23.0,40.0,40.8
158.75,44,113.0,1322.0,23.0,17.0,18.19,83.5,23.0,40.0,40.8
158.811,44,113.0,1322.0,23.0,11.0,18.19,83.5,23.0,40.0,40.8
158.898,44,113.0,1322.0,23.0,11.0,20.27,83.5,23.0,40.0,40.8
158.959,44,113.0,1322.0,23.0,11.0,20.27,83.5,23.0,40.0,40.8
159.049,44,113.0,1322.0,23.0,11.0,20.27,83.5,23.0,40.0,40.8
159.111,44,113.0,1322.0,23.0,11.0,20.27,83.5,23.0,39.2,40.8
159.198,44,113.0,1322.0,23.0,11.0,20.27,83.5,23.0,39.2,40.0
159.262,44,113.0,1322.0,23.0,11.0,20.27,83.5,23.0,39.2,40.0
159.348,44,122.0,1322.0,23.0,11.0,20.27,83.5,23.0,39.2,40.0
159.411,44,122.0,1454.0,23.0,11.0,20.27,83.5,23.0,39.2,40.0
159.498,44,122.0,1454.0,25.0,11.0,20.27,83.5,23.0,39.2,40.0
159.559,44,122.0,1454.0,25.0,9.0,20.27,83.5,23.0,39.2,40.0
159.648,44,122.0,1454.0,25.0,9.0,20.69,83.5,23.0,39.2,40.0
159.71,44,122.0,1454.0,25.0,9.0,20.69,83.5,23.0,39.2,40.0
159.798,44,122.0,1454.0,25.0,9.0,20.69,83.5,23.0,39.2,40.0
159.86,44,122.0,1454.0,25.0,9.0,20.69,83.5,23.0,34.5,40.0
159.948,44,122.0,1454.0,25.0,9.0,20.69,83.5,23.0,34.5,33.3
160.01,44,122.0,1454.0,25.0,9.0,20.69,83.5,23.0,34.5,33.3
160.099,44,123.0,1454.0,25.0,9.0,20.69,83.5,23.0,34.5,33.3
160.16,44,123.0,1516.0,25.0,9.0,20.69,83.5,23.0,34.5,33.3
160.249,44,123.0,1516.0,26.0,9.0,20.69,83.5,23.0,34.5,33.3
160.311,44,123.0,1516.0,26.0,7.0,20.69,83.5,23.0,34.5,33.3
160.398,44,123.0,1516.0,26.0,7.0,15.91,83.5,23.0,34.5,33.3
160.459,44,123.0,1516.0,26.0,7.0,15.91,83.5,23.0,34.5,33.3
160.548,44,123.0,1516.0,26.0,7.0,15.91,83.5,23.0,34.5,33.3
160.612,44,123.0,1516.0,26.0,7.0,15.91,83.5,23.0,28.2,33.3
160.698,44,123.0,1516.0,26.0,7.0,15.91,83.5,23.0,28.2,28.2
160.764,44,123.0,1516.0,26.0,7.0,15.91,83.5,23.0,28.2,28.2
160.848,44,107.0,1516.0,26.0,7.0,15.91,83.5,23.0,28.2,28.2
160.911,44,107.0,1542.0,26.0,7.0,15.91,83.5,23.0,28.2,28.2
161.004,44,107.0,1542.0,26.0,7.0,15.91,83.5,23.0,28.2,28.2
161.059,44,107.0,1542.0,26.0,4.0,15.91,83.5,23.0,28.2,28.2
161.148,44,107.0,1542.0,26.0,4.0,15.69,83.5,23.0,28.2,28.2
161.209,44,107.0,1542.0,26.0,4.0,15.69,83.5,23.0,28.2,28.2
161.298,44,107.0,1542.0,26.0,4.0,15.69,83.5,23.0,28.2,28.2
161.359,44,107.0,1542.0,26.0,4.0,15.69,83.5,23.0,28.6,28.2
161.448,44,107.0,1542.0,26.0,4.0,15.69,83.5,23.0,28.6,29.4
161.51,44,107.0,1542.0,26.0,4.0,15.69,83.5,23.0,28.6,29.4
161.598,44,103.0,1542.0,26.0,4.0,15.69,83.5,23.0,28.6,29.4
161.659,44,103.0,1547.0,26.0,4.0,15.69,83.5,23.0,28.6,29.4
161.749,44,103.0,1547.0,26.0,4.0,15.69,83.5,23.0,28.6,29.4
161.81,44,103.0,1547.0,26.0,4.0,15.69,83.5,23.0,28.6,29.4
161.898,44,103.0,1547.0,26.0,4.0,15.88,83.5,23.0,28.6,29.4
161.96,44,103.0,1547.0,26.0,4.0,15.88,83.5,23.0,28.6,29.4
162.049,44,103.0,1547.0,26.0,4.0,15.88,83.5,23.0,28.6,29.4
162.11,44,103.0,1547.0,26.0,4.0,15.88,83.5,23.0,24.7,29.4
162.198,44,103.0,1547.0,26.0,4.0,15.88,83.5,23.0,24.7,18.8
162.26,45,103.0,1547.0,26.0,4.0,15.88,83.5,23.0,24.7,18.8
162.348,45,103.0,1547.0,26.0,4.0,15.88,83.5,23.0,24.7,18.8
162.411,45,103.0,1493.0,26.0,4.0,15.88,83.5,23.0,24.7,18.8
162.498,45,103.0,1493.0,26.0,4.0,15.88,83.5,23.0,24.7,18.8
162.559,45,103.0,1493.0,26.0,3.0,15.88,83.5,23.0,24.7,18.8
162.648,45,103.0,1493.0,26.0,3.0,14.88,83.5,23.0,24.7,18.8
162.738,45,103.0,1493.0,26.0,3.0,14.88,83.5,23.0,24.7,18.8
162.799,45,103.0,1493.0,26.0,3.0,14.88,83.5,23.0,24.7,18.8
162.888,45,103.0,1493.0,26.0,3.0,14.88,83.5,23.0,14.1,18.8
162.951,45,103.0,1493.0,26.0,3.0,14.88,83.5,23.0,14.1,14.5
163.039,45,103.0,1493.0,26.0,3.0,14.88,83.5,23.0,14.1,14.5
163.099,45,107.0,1493.0,26.0,3.0,14.88,83.5,23.0,14.1,14.5
163.188,45,107.0,1435.0,26.0,3.0,14.88,83.5,23.0,14.1,14.5
163.251,45,107.0,1435.0,24.0,3.0,14.88,83.5,23.0,14.1,14.5
163.339,45,107.0,1435.0,24.0,3.0,14.88,83.5,23.0,14.1,14.5
163.398,45,107.0,1435.0,24.0,3.0,14.02,83.5,23.0,14.1,14.5
163.488,45,107.0,1435.0,24.0,3.0,14.02,83.5,23.0,14.1,14.5
163.549,45,107.0,1435.0,24.0,3.0,14.02,83.5,23.0,14.1,14.5
163.638,45,107.0,1435.0,24.0,3.0,14.02,83.5,23.0,14.5,14.5
163.699,45,107.0,1435.0,24.0,3.0,14.02,83.5,23.0,14.5,15.7
163.789,45,107.0,1435.0,24.0,3.0,14.02,83.5,23.0,14.5,15.7
163.85,45,109.0,1435.0,24.0,3.0,14.02,83.5,23.0,14.5,15.7
163.938,45,109.0,1313.0,24.0,3.0,14.02,83.5,23.0,14.5,15.7
164.0,45,109.0,1313.0,22.0,3.0,14.02,83.5,23.0,14.5,15.7
164.092,45,109.0,1313.0,22.0,3.0,14.02,83.5,23.0,14.5,15.7
164.15,45,109.0,1313.0,22.0,3.0,12.91,83.5,23.0,14.5,15.7
164.239,45,109.0,1313.0,22.0,3.0,12.91,83.5,23.0,14.5,15.7
164.302,45,109.0,1313.0,22.0,3.0,12.91,83.5,23.0,14.5,15.7
164.388,45,109.0,1313.0,22.0,3.0,12.91,83.5,23.0,22.7,15.7
164.449,45,109.0,1313.0,22.0,3.0,12.91,83.5,23.0,22.7,23.5
164.538,45,109.0,1313.0,22.0,3.0,12.91,83.5,23.0,22.7,23.5
164.629,45,108.0,1313.0,22.0,3.0,12.91,83.5,23.0,22.7,23.5
164.719,45,108.0,1255.0,22.0,3.0,12.91,83.5,23.0,22.7,23.5
164.808,45,108.0,1255.0,21.0,3.0,12.91,83.5,23.0,22.7,23.5
164.902,45,108.0,1255.0,21.0,3.0,12.91,83.5,23.0,22.7,23.5
164.988,45,108.0,1255.0,21.0,3.0,13.08,83.5,23.0,22.7,23.5
165.049,45,108.0,1255.0,21.0,3.0,13.08,83.5,23.0,22.7,23.5
165.138,45,108.0,1255.0,21.0,3.0,13.08,83.5,23.0,22.7,23.5
165.2,45,108.0,1255.0,21.0,3.0,13.08,83.5,23.0,32.2,23.5
165.319,45,108.0,1255.0,21.0,3.0,13.08,83.5,23.0,32.2,32.5
165.409,45,108.0,1255.0,21.0,3.0,13.08,83.5,23.0,32.2,32.5
165.498,45,103.0,1255.0,21.0,3.0,13.08,83.5,23.0,32.2,32.5
165.588,45,103.0,1290.0,21.0,3.0,13.08,83.5,23.0,32.2,32.5
165.649,45,103.0,1290.0,22.0,3.0,13.08,83.5,23.0,32.2,32.5
165.739,45,103.0,1290.0,22.0,3.0,13.08,83.5,23.0,32.2,32.5
165.829,45,103.0,1290.0,22.0,3.0,17.19,83.5,23.0,32.2,32.5
165.919,45,103.0,1290.0,22.0,3.0,17.19,83.5,23.0,32.2,32.5
166.008,45,103.0,1290.0,22.0,3.0,17.19,83.5,23.0,32.2,32.5
166.099,45,103.0,1290.0,22.0,3.0,17.19,83.5,23.0,44.3,32.5
166.191,45,103.0,1290.0,22.0,3.0,17.19,83.5,23.0,44.3,46.3
166.25,45,103.0,1290.0,22.0,3.0,17.19,83.5,23.0,44.3,46.3
166.339,45,115.0,1290.0,22.0,3.0,17.19,83.5,23.0,44.3,46.3
166.4,45,115.0,1488.0,22.0,3.0,17.19,83.5,23.0,44.3,46.3
166.488,45,115.0,1488.0,25.0,3.0,17.19,83.5,23.0,44.3,46.3
166.549,45,115.0,1488.0,25.0,5.0,17.19,83.5,23.0,44.3,46.3
166.639,45,115.0,1488.0,25.0,5.0,27.97,83.5,23.0,44.3,46.3
166.699,45,115.0,1488.0,25.0,5.0,27.97,83.5,23.0,44.3,46.3
166.788,45,115.0,1488.0,25.0,5.0,27.97,83.5,23.0,44.3,46.3
166.849,45,115.0,1488.0,25.0,5.0,27.97,83.5,23.0,45.9,46.3
166.938,45,115.0,1488.0,25.0,5.0,27.97,83.5,23.0,45.9,46.7
167.0,45,115.0,1488.0,25.0,5.0,27.97,83.5,23.0,45.9,46.7
167.092,45,139.0,1488.0,25.0,5.0,27.97,83.5,23.0,45.9,46.7
167.149,45,139.0,1724.0,25.0,5.0,27.97,83.5,23.0,45.9,46.7
167.24,45,139.0,1724.0,30.0,5.0,27.97,83.5,23.0,45.9,46.7
167.3,45,139.0,1724.0,30.0,8.0,27.97,83.5,23.0,45.9,46.7
167.388,45,139.0,1724.0,30.0,8.0,35.27,83.5,23.0,45.9,46.7
167.449,45,139.0,1724.0,30.0,8.0,35.27,83.5,23.0,45.9,46.7
167.539,45,139.0,1724.0,30.0,8.0,35.27,83.5,23.0,45.9,46.7
167.6,45,139.0,1724.0,30.0,8.0,35.27,83.5,23.0,45.5,46.7
167.719,45,139.0,1724.0,30.0,8.0,35.27,83.5,23.0,45.5,45.9
167.81,45,139.0,1724.0,30.0,8.0,35.27,83.5,23.0,45.5,45.9
167.899,45,163.0,1724.0,30.0,8.0,35.27,83.5,23.0,45.5,45.9
167.989,45,163.0,1967.0,30.0,8.0,35.27,83.5,23.0,45.5,45.9
168.049,45,163.0,1967.0,34.0,8.0,35.27,83.5,23.0,45.5,45.9
168.138,45,163.0,1967.0,34.0,9.0,35.27,83.5,23.0,45.5,45.9
168.2,45,163.0,1967.0,34.0,9.0,30.63,83.5,23.0,45.5,45.9
168.288,45,163.0,1967.0,34.0,9.0,30.63,83.5,23.0,45.5,45.9
168.349,45,163.0,1967.0,34.0,9.0,30.63,83.5,23.0,45.5,45.9
168.438,45,163.0,1967.0,34.0,9.0,30.63,83.5,23.0,42.0,45.9
168.5,45,163.0,1967.0,34.0,9.0,30.63,83.5,23.0,42.0,42.0
168.589,45,163.0,1967.0,34.0,9.0,30.63,83.5,23.0,42.0,42.0
168.65,45,138.0,1967.0,34.0,9.0,30.63,83.5,23.0,42.0,42.0
168.739,45,138.0,2102.0,34.0,9.0,30.63,83.5,23.0,42.0,42.0
168.805,45,138.0,2102.0,36.0,9.0,30.63,83.5,23.0,42.0,42.0
168.888,45,138.0,2102.0,36.0,9.0,30.63,83.5,23.0,42.0,42.0
168.948,45,138.0,2102.0,36.0,9.0,25.33,83.5,23.0,42.0,42.0
169.038,45,138.0,2102.0,36.0,9.0,25.33,63.1,23.0,42.0,42.0
169.099,45,138.0,2102.0,36.0,9.0,25.33,63.1,23.0,42.0,42.0
169.188,45,138.0,2102.0,36.0,9.0,25.33,63.1,23.0,14.1,42.0
169.252,45,138.0,2102.0,36.0,9.0,25.33,63.1,23.0,14.1,14.5
169.34,45,138.0,2102.0,36.0,9.0,25.33,63.1,23.0,14.1,14.5
169.399,45,96.0,2102.0,36.0,9.0,25.33,63.1,23.0,14.1,14.5
169.489,45,96.0,1340.0,36.0,9.0,25.33,63.1,23.0,14.1,14.5
169.55,45,96.0,1340.0,36.0,9.0,25.33,63.1,23.0,14.1,14.5
169.639,45,96.0,1340.0,36.0,9.0,25.33,63.1,23.0,14.1,14.5
169.701,45,96.0,1340.0,36.0,9.0,20.47,63.1,23.0,14.1,14.5
169.789,45,96.0,1340.0,36.0,9.0,20.47,31.0,23.0,14.1,14.5
169.851,45,96.0,1340.0,36.0,9.0,20.47,31.0,23.0,14.1,14.5
169.939,45,96.0,1340.0,36.0,9.0,20.47,31.0,23.0,31.4,14.5
170.0,45,96.0,1340.0,36.0,9.0,20.47,31.0,23.0,31.4,31.8
170.089,45,96.0,1340.0,36.0,9.0,20.47,31.0,23.0,31.4,31.8
170.152,45,105.0,1340.0,36.0,9.0,20.47,31.0,23.0,31.4,31.8
170.241,45,105.0,1347.0,36.0,9.0,20.47,31.0,23.0,31.4,31.8
170.299,45,105.0,1347.0,36.0,9.0,20.47,31.0,23.0,31.4,31.8
170.388,45,105.0,1347.0,36.0,8.0,20.47,31.0,23.0,31.4,31.8
170.45,45,105.0,1347.0,36.0,8.0,14.61,31.0,23.0,31.4,31.8
170.538,45,105.0,1347.0,36.0,8.0,14.61,83.5,23.0,31.4,31.8
170.601,45,105.0,1347.0,36.0,8.0,14.61,83.5,23.0,31.4,31.8
170.689,45,105.0,1347.0,36.0,8.0,14.61,83.5,23.0,30.2,31.8
170.752,45,105.0,1347.0,36.0,8.0,14.61,83.5,23.0,30.2,30.2
170.869,45,105.0,1347.0,36.0,8.0,14.61,83.5,23.0,30.2,30.2
170.958,45,106.0,1347.0,36.0,8.0,14.61,83.5,23.0,30.2,30.2
171.049,45,106.0,1359.0,36.0,8.0,14.61,83.5,23.0,30.2,30.2
171.139,45,106.0,1359.0,36.0,8.0,14.61,83.5,23.0,30.2,30.2
171.201,45,106.0,1359.0,36.0,7.0,14.61,83.5,23.0,30.2,30.2
171.289,45,106.0,1359.0,36.0,7.0,14.58,83.5,23.0,30.2,30.2
171.349,45,106.0,1359.0,36.0,7.0,14.58,83.5,23.0,30.2,30.2
171.438,45,106.0,1359.0,36.0,7.0,14.58,83.5,23.0,30.2,30.2
171.5,45,106.0,1359.0,36.0,7.0,14.58,83.5,23.0,29.0,30.2
171.59,45,106.0,1359.0,36.0,7.0,14.58,83.5,23.0,29.0,29.4
171.651,45,106.0,1359.0,36.0,7.0,14.58,83.5,23.0,29.0,29.4
171.738,45,106.0,1359.0,36.0,7.0,14.58,83.5,23.0,29.0,29.4
171.8,45,106.0,1371.0,36.0,7.0,14.58,83.5,23.0,29.0,29.4
171.889,45,106.0,1371.0,37.0,7.0,14.58,83.5,23.0,29.0,29.4
171.952,45,106.0,1371.0,37.0,8.0,14.58,83.5,23.0,29.0,29.4
172.039,45,106.0,1371.0,37.0,8.0,14.41,83.5,23.0,29.0,29.4
172.102,45,106.0,1371.0,37.0,8.0,14.41,83.5,23.0,29.0,29.4
172.189,45,106.0,1371.0,37.0,8.0,14.41,83.5,23.0,29.0,29.4
172.25,45,106.0,1371.0,37.0,8.0,14.41,83.5,23.0,26.7,29.4
172.339,45,106.0,1371.0,37.0,8.0,14.41,83.5,23.0,26.7,25.5
172.399,45,106.0,1371.0,37.0,8.0,14.41,83.5,23.0,26.7,25.5
172.489,45,105.0,1371.0,37.0,8.0,14.41,83.5,23.0,26.7,25.5
172.551,45,105.0,1368.0,37.0,8.0,14.41,83.5,23.0,26.7,25.5
172.638,45,105.0,1368.0,37.0,8.0,14.41,83.5,23.0,26.7,25.5
172.758,45,105.0,1368.0,37.0,8.0,14.41,83.5,23.0,26.7,25.5
172.852,45,105.0,1368.0,37.0,8.0,13.38,83.5,23.0,26.7,25.5
172.94,45,105.0,1368.0,37.0,8.0,13.38,83.5,23.0,26.7,25.5
173.001,45,105.0,1368.0,37.0,8.0,13.38,83.5,23.0,26.7,25.5
173.09,45,105.0,1368.0,37.0,8.0,13.38,83.5,23.0,24.7,25.5
173.151,45,105.0,1368.0,37.0,8.0,13.38,83.5,23.0,24.7,24.3
173.238,45,105.0,1368.0,37.0,8.0,13.38,83.5,23.0,24.7,24.3
173.299,45,101.0,1368.0,37.0,8.0,13.38,83.5,23.0,24.7,24.3
173.389,45,101.0,1358.0,37.0,8.0,13.38,83.5,23.0,24.7,24.3
173.45,45,101.0,1358.0,36.0,8.0,13.38,83.5,23.0,24.7,24.3
173.538,45,101.0,1358.0,36.0,9.0,13.38,83.5,23.0,24.7,24.3
173.63,45,101.0,1358.0,36.0,9.0,13.11,83.5,23.0,24.7,24.3
173.69,45,101.0,1358.0,36.0,9.0,13.11,83.5,23.0,24.7,24.3
173.75,45,101.0,1358.0,36.0,9.0,13.11,83.5,23.0,24.7,24.3
173.839,45,101.0,1358.0,36.0,9.0,13.11,83.5,23.0,22.7,24.3
173.902,45,101.0,1358.0,36.0,9.0,13.11,83.5,23.0,22.7,22.4
173.99,45,101.0,1358.0,36.0,9.0,13.11,83.5,23.0,22.7,22.4
174.051,45,100.0,1358.0,36.0,9.0,13.11,83.5,23.0,22.7,22.4
174.139,45,100.0,1341.0,36.0,9.0,13.11,83.5,23.0,22.7,22.4
174.23,45,100.0,1341.0,36.0,9.0,13.11,83.5,23.0,22.7,22.4
174.291,45,100.0,1341.0,36.0,9.0,13.11,83.5,23.0,22.7,22.4
174.349,45,100.0,1341.0,36.0,9.0,12.69,83.5,23.0,22.7,22.4
174.438,45,100.0,1341.0,36.0,9.0,12.69,83.5,23.0,22.7,22.4
174.53,45,100.0,1341.0,36.0,9.0,12.69,83.5,23.0,22.7,22.4
174.619,45,100.0,1341.0,36.0,9.0,12.69,83.5,23.0,21.6,22.4
174.681,45,100.0,1341.0,36.0,9.0,12.69,83.5,23.0,21.6,21.6
174.741,45,100.0,1341.0,36.0,9.0,12.69,83.5,23.0,21.6,21.6
174.8,45,99.0,1341.0,36.0,9.0,12.69,83.5,23.0,21.6,21.6
174.889,45,99.0,1318.0,36.0,9.0,12.69,83.5,23.0,21.6,21.6
174.951,45,99.0,1318.0,35.0,9.0,12.69,83.5,23.0,21.6,21.6
175.038,45,99.0,1318.0,35.0,10.0,12.69,83.5,23.0,21.6,21.6
175.101,45,99.0,1318.0,35.0,10.0,12.3,83.5,23.0,21.6,21.6
175.19,45,99.0,1318.0,35.0,10.0,12.3,83.5,23.0,21.6,21.6
175.252,45,99.0,1318.0,35.0,10.0,12.3,83.5,23.0,21.6,21.6
175.338,45,99.0,1318.0,35.0,10.0,12.3,83.5,23.0,21.6,21.6
175.399,45,99.0,1318.0,35.0,10.0,12.3,83.5,23.0,21.6,20.8
175.489,45,99.0,1318.0,35.0,10.0,12.3,83.5,23.0,21.6,20.8
175.578,45,99.0,1318.0,35.0,10.0,12.3,83.5,23.0,21.6,20.8
175.671,45,99.0,1288.0,35.0,10.0,12.3,83.5,23.0,21.6,20.8
175.759,45,99.0,1288.0,35.0,10.0,12.3,83.5,23.0,21.6,20.8
175.85,45,99.0,1288.0,35.0,10.0,12.3,83.5,23.0,21.6,20.8
175.939,45,99.0,1288.0,35.0,10.0,11.74,83.5,23.0,21.6,20.8
176.029,45,99.0,1288.0,35.0,10.0,11.74,83.5,23.0,21.6,20.8
176.12,45,99.0,1288.0,35.0,10.0,11.74,83.5,23.0,21.6,20.8
176.21,45,99.0,1288.0,35.0,10.0,11.74,83.5,23.0,21.6,20.8
176.299,45,99.0,1288.0,35.0,10.0,11.74,83.5,23.0,21.6,21.2
176.39,45,99.0,1288.0,35.0,10.0,11.74,83.5,23.0,21.6,21.2
176.478,45,99.0,1288.0,35.0,10.0,11.74,83.5,23.0,21.6,21.2
176.57,45,99.0,1261.0,35.0,10.0,11.74,83.5,23.0,21.6,21.2
176.659,45,99.0,1261.0,34.0,10.0,11.74,83.5,23.0,21.6,21.2
176.75,45,99.0,1261.0,34.0,11.0,11.74,83.5,23.0,21.6,21.2
176.839,45,99.0,1261.0,34.0,11.0,11.86,83.5,23.0,21.6,21.2
176.93,45,99.0,1261.0,34.0,11.0,11.86,83.5,23.0,21.6,21.2
177.019,45,99.0,1261.0,34.0,11.0,11.86,83.5,23.0,21.6,21.2
177.11,45,99.0,1261.0,34.0,11.0,11.86,83.5,23.0,23.1,21.2
177.198,45,99.0,1261.0,34.0,11.0,11.86,83.5,23.0,23.1,23.1
177.29,46,99.0,1261.0,34.0,11.0,11.86,83.5,23.0,23.1,23.1
177.378,46,98.0,1261.0,34.0,11.0,11.86,83.5,23.0,23.1,23.1
177.468,46,98.0,1241.0,34.0,11.0,11.86,83.5,23.0,23.1,23.1
177.558,46,98.0,1241.0,33.0,11.0,11.86,83.5,23.0,23.1,23.1
177.648,46,98.0,1241.0,33.0,12.0,11.86,83.5,23.0,23.1,23.1
177.738,46,98.0,1241.0,33.0,12.0,11.86,83.5,23.0,23.1,23.1
177.828,46,98.0,1241.0,33.0,12.0,11.86,83.5,23.0,23.1,23.1
177.917,46,98.0,1241.0,33.0,12.0,11.86,83.5,23.0,23.1,23.1
178.009,46,98.0,1241.0,33.0,12.0,11.86,83.5,23.0,14.1,23.1
178.098,46,98.0,1241.0,33.0,12.0,11.86,83.5,23.0,14.1,14.5
178.189,46,98.0,1241.0,33.0,12.0,11.86,83.5,23.0,14.1,14.5
178.286,46,101.0,1241.0,33.0,12.0,11.86,83.5,23.0,14.1,14.5
178.368,46,101.0,1005.0,33.0,12.0,11.86,83.5,23.0,14.1,14.5
178.458,46,101.0,1005.0,33.0,12.0,11.86,83.5,23.0,14.1,14.5
178.549,46,101.0,1005.0,33.0,12.0,11.86,83.5,23.0,14.1,14.5
178.638,46,101.0,1005.0,33.0,12.0,9.63,83.5,23.0,14.1,14.5
178.729,46,101.0,1005.0,33.0,12.0,9.63,83.5,23.0,14.1,14.5
178.819,46,101.0,1005.0,33.0,12.0,9.63,83.5,23.0,14.1,14.5
178.909,46,101.0,1005.0,33.0,12.0,9.63,83.5,23.0,14.1,14.5
178.998,46,101.0,1005.0,33.0,12.0,9.63,83.5,23.0,14.1,14.5
179.089,46,101.0,1005.0,33.0,12.0,9.63,83.5,23.0,14.1,14.5
179.179,46,103.0,1005.0,33.0,12.0,9.63,83.5,23.0,14.1,14.5
179.269,46,103.0,934.0,33.0,12.0,9.63,83.5,23.0,14.1,14.5
179.358,46,103.0,934.0,32.0,12.0,9.63,83.5,23.0,14.1,14.5
179.449,46,103.0,934.0,32.0,12.0,9.63,83.5,23.0,14.1,14.5
179.539,46,103.0,934.0,32.0,12.0,9.36,83.5,23.0,14.1,14.5
179.629,46,103.0,934.0,32.0,12.0,9.36,83.5,23.0,14.1,14.5
179.719,46,103.0,934.0,32.0,12.0,9.36,83.5,23.0,14.1,14.5
179.809,46,103.0,934.0,32.0,12.0,9.36,83.5,23.0,14.1,14.5
179.898,46,103.0,934.0,32.0,12.0,9.36,83.5,23.0,14.1,14.5
179.993,46,103.0,934.0,32.0,12.0,9.36,83.5,23.0,14.1,14.5
180.078,46,103.0,934.0,32.0,12.0,9.36,83.5,23.0,14.1,14.5
180.169,46,103.0,1240.0,32.0,12.0,9.36,83.5,23.0,14.1,14.5
180.259,46,103.0,1240.0,29.0,12.0,9.36,83.5,23.0,14.1,14.5
180.348,46,103.0,1240.0,29.0,14.0,9.36,83.5,23.0,14.1,14.5
180.438,46,103.0,1240.0,29.0,14.0,13.63,83.5,23.0,14.1,14.5
180.529,46,103.0,1240.0,29.0,14.0,13.63,83.5,23.0,14.1,14.5
180.618,46,103.0,1240.0,29.0,14.0,13.63,83.5,23.0,14.1,14.5
180.708,46,103.0,1240.0,29.0,14.0,13.63,83.5,23.0,14.1,14.5
180.799,46,103.0,1240.0,29.0,14.0,13.63,83.5,23.0,14.1,14.5
180.889,46,103.0,1240.0,29.0,14.0,13.63,83.5,23.0,14.1,14.5
180.978,46,105.0,1240.0,29.0,14.0,13.63,83.5,23.0,14.1,14.5
181.069,46,105.0,1522.0,29.0,14.0,13.63,83.5,23.0,14.1,14.5
181.159,46,105.0,1522.0,26.0,14.0,13.63,83.5,23.0,14.1,14.5
181.249,46,105.0,1522.0,26.0,17.0,13.63,83.5,23.0,14.1,14.5
181.338,46,105.0,1522.0,26.0,17.0,14.74,83.5,23.0,14.1,14.5
181.429,46,105.0,1522.0,26.0,17.0,14.74,83.5,23.0,14.1,14.5
181.518,46,105.0,1522.0,26.0,17.0,14.74,83.5,23.0,14.1,14.5
181.609,46,105.0,1522.0,26.0,17.0,14.74,83.5,23.0,14.1,14.5
181.704,46,105.0,1522.0,26.0,17.0,14.74,83.5,23.0,14.1,14.5
181.79,46,105.0,1522.0,26.0,17.0,14.74,83.5,23.0,14.1,14.5
181.878,46,109.0,1522.0,26.0,17.0,14.74,83.5,23.0,14.1,14.5
181.97,46,109.0,909.0,26.0,17.0,14.74,83.5,23.0,14.1,14.5
182.059,46,109.0,909.0,23.0,17.0,14.74,83.5,23.0,14.1,14.5
182.149,46,109.0,909.0,23.0,17.0,14.74,83.5,23.0,14.1,14.5
182.239,46,109.0,909.0,23.0,17.0,9.33,83.5,23.0,14.1,14.5
182.328,46,109.0,909.0,23.0,17.0,9.33,83.5,23.0,14.1,14.5
182.418,46,109.0,909.0,23.0,17.0,9.33,83.5,23.0,14.1,14.5
182.509,46,109.0,909.0,23.0,17.0,9.33,83.5,23.0,14.1,14.5
182.599,46,109.0,909.0,23.0,17.0,9.33,83.5,23.0,14.1,14.5
182.689,46,109.0,909.0,23.0,17.0,9.33,83.5,23.0,14.1,14.5
182.779,46,105.0,909.0,23.0,17.0,9.33,83.5,23.0,14.1,14.5
182.87,46,105.0,909.0,23.0,17.0,9.33,83.5,23.0,14.1,14.5
182.959,46,105.0,909.0,20.0,17.0,9.33,83.5,23.0,14.1,14.5
183.05,46,105.0,909.0,20.0,14.0,9.33,83.5,23.0,14.1,14.5
183.138,46,105.0,909.0,20.0,14.0,9.33,83.5,23.0,14.1,14.5
183.23,46,105.0,909.0,20.0,14.0,9.33,83.5,23.0,14.1,14.5
183.318,46,105.0,909.0,20.0,14.0,9.33,83.5,23.0,14.1,14.5
183.438,46,105.0,909.0,20.0,14.0,9.33,83.5,23.0,14.1,14.5
183.528,46,105.0,909.0,20.0,14.0,9.33,83.5,23.0,14.1,14.5
183.618,46,105.0,909.0,20.0,14.0,9.33,83.5,23.0,14.1,14.5
183.738,46,104.0,909.0,20.0,14.0,9.33,83.5,23.0,14.1,14.5
183.858,46,104.0,904.0,20.0,14.0,9.33,83.5,23.0,14.1,14.5
183.954,46,104.0,904.0,16.0,14.0,9.33,83.5,23.0,14.1,14.5
184.038,46,104.0,904.0,16.0,15.0,9.33,83.5,23.0,14.1,14.5
184.128,46,104.0,904.0,16.0,15.0,9.13,83.5,23.0,14.1,14.5
184.249,46,104.0,904.0,16.0,15.0,9.13,83.5,23.0,14.1,14.5
184.352,46,104.0,904.0,16.0,15.0,9.13,83.5,23.0,14.1,14.5
184.588,46,104.0,904.0,16.0,15.0,9.13,83.5,23.0,14.1,14.5
184.708,46,104.0,904.0,16.0,15.0,9.13,83.5,23.0,14.1,14.5
184.829,46,104.0,904.0,16.0,15.0,9.13,83.5,23.0,14.1,14.5
184.978,46,103.0,904.0,16.0,15.0,9.13,83.5,23.0,14.1,14.5
185.128,46,103.0,902.0,16.0,15.0,9.13,83.5,23.0,14.1,14.5
185.248,46,103.0,902.0,12.0,15.0,9.13,83.5,23.0,14.1,14.5
185.398,46,103.0,902.0,12.0,16.0,9.13,83.5,23.0,14.1,14.5
185.548,46,103.0,902.0,12.0,16.0,8.97,83.5,23.0,14.1,14.5
185.668,46,103.0,902.0,12.0,16.0,8.97,83.5,23.0,14.1,14.5
185.908,46,103.0,902.0,12.0,16.0,8.97,83.5,23.0,14.1,14.5
186.059,46,103.0,902.0,12.0,16.0,8.97,83.5,23.0,14.1,14.5
186.209,46,103.0,902.0,12.0,16.0,8.97,83.5,23.0,14.1,14.5
186.419,47,103.0,902.0,12.0,16.0,8.97,83.5,23.0,14.1,14.5
186.57,47,103.0,902.0,12.0,16.0,8.97,83.5,23.0,14.1,14.5
186.718,47,103.0,904.0,12.0,16.0,8.97,83.5,23.0,14.1,14.5
186.869,47,103.0,904.0,3.0,16.0,8.97,83.5,23.0,14.1,14.5
187.019,47,103.0,904.0,3.0,17.0,8.97,83.5,23.0,14.1,14.5
187.17,47,103.0,904.0,3.0,17.0,8.8,83.5,23.0,14.1,14.5
187.289,47,103.0,904.0,3.0,17.0,8.8,83.5,23.0,14.1,14.5
187.439,47,103.0,904.0,3.0,17.0,8.8,83.5,23.0,14.1,14.5
187.619,47,103.0,904.0,3.0,17.0,8.8,83.5,23.0,14.1,14.5
187.77,47,103.0,904.0,3.0,17.0,8.8,83.5,23.0,14.1,14.5
187.95,47,103.0,904.0,3.0,17.0,8.8,83.5,23.0,14.1,14.5
188.099,47,103.0,904.0,3.0,17.0,8.8,83.5,23.0,14.1,14.5
188.22,47,103.0,774.0,3.0,17.0,8.8,83.5,23.0,14.1,14.5
188.369,47,103.0,774.0,0.0,17.0,8.8,83.5,23.0,14.1,14.5
188.519,47,103.0,774.0,0.0,17.0,8.8,83.5,23.0,14.1,14.5
188.642,47,103.0,774.0,0.0,17.0,7.69,83.5,23.0,14.1,14.5
188.82,47,103.0,774.0,0.0,17.0,7.69,83.5,23.0,14.1,14.5
188.939,47,103.0,774.0,0.0,17.0,7.69,83.5,23.0,14.1,14.5
189.09,47,103.0,774.0,0.0,17.0,7.69,83.5,23.0,14.1,14.5
189.272,47,103.0,774.0,0.0,17.0,7.69,83.5,23.0,14.1,14.5
189.418,47,103.0,774.0,0.0,17.0,7.69,83.5,23.0,14.1,14.5
189.57,47,102.0,774.0,0.0,17.0,7.69,83.5,23.0,14.1,14.5
189.749,47,102.0,779.0,0.0,17.0,7.69,83.5,23.0,14.1,14.5
189.869,47,102.0,779.0,0.0,17.0,7.69,83.5,23.0,14.1,14.5
190.139,47,102.0,779.0,0.0,17.0,7.69,83.5,23.0,14.1,14.5
190.289,47,102.0,779.0,0.0,17.0,7.86,83.5,23.0,14.1,14.5
190.439,47,102.0,779.0,0.0,17.0,7.86,83.5,23.0,14.1,14.5
190.619,47,102.0,779.0,0.0,17.0,7.86,83.5,23.0,14.1,14.5
190.859,47,102.0,779.0,0.0,17.0,7.86,83.5,23.0,14.1,14.5
190.979,47,102.0,779.0,0.0,17.0,7.86,83.5,23.0,14.1,14.5
191.161,47,102.0,779.0,0.0,17.0,7.86,83.5,23.0,14.1,14.5
191.314,47,101.0,779.0,0.0,17.0,7.86,83.5,23.0,14.1,14.5
191.429,47,101.0,779.0,0.0,17.0,7.86,83.5,23.0,14.1,14.5
191.609,47,101.0,779.0,0.0,17.0,7.86,83.5,23.0,14.1,14.5
191.73,47,101.0,779.0,0.0,18.0,7.86,83.5,23.0,14.1,14.5
191.879,47,101.0,779.0,0.0,18.0,7.83,83.5,23.0,14.1,14.5
192.059,47,101.0,779.0,0.0,18.0,7.83,83.5,23.0,14.1,14.5
192.21,47,101.0,779.0,0.0,18.0,7.83,83.5,23.0,14.1,14.5
192.33,47,101.0,779.0,0.0,18.0,7.83,83.5,23.0,14.1,14.5
192.51,47,101.0,779.0,0.0,18.0,7.83,83.5,23.0,14.1,14.5
192.719,47,101.0,779.0,0.0,18.0,7.83,83.5,23.0,14.1,14.5
192.871,47,101.0,779.0,0.0,18.0,7.83,83.5,23.0,14.1,14.5
193.05,47,101.0,778.0,0.0,18.0,7.83,83.5,23.0,14.1,14.5
193.2,47,101.0,778.0,0.0,18.0,7.83,83.5,23.0,14.1,14.5
193.319,47,101.0,778.0,0.0,19.0,7.83,83.5,23.0,14.1,14.5
193.469,47,101.0,778.0,0.0,19.0,7.8,83.5,23.0,14.1,14.5
193.621,47,101.0,778.0,0.0,19.0,7.8,83.5,23.0,14.1,14.5
193.799,47,101.0,778.0,0.0,19.0,7.8,83.5,23.0,14.1,14.5
194.1,47,101.0,778.0,0.0,19.0,7.8,83.5,23.0,14.1,14.5
194.223,47,101.0,778.0,0.0,19.0,7.8,83.5,23.0,14.1,14.5
194.369,47,101.0,778.0,0.0,19.0,7.8,83.5,23.0,14.1,14.5
194.519,47,101.0,778.0,0.0,19.0,7.8,83.5,23.0,14.1,14.5
194.64,47,101.0,777.0,0.0,19.0,7.8,83.5,23.0,14.1,14.5
194.909,47,101.0,777.0,0.0,19.0,7.8,83.5,23.0,14.1,14.5
195.037,47,101.0,777.0,0.0,20.0,7.8,83.5,23.0,14.1,14.5
195.238,47,101.0,777.0,0.0,20.0,7.83,83.5,23.0,14.1,14.5
195.419,47,101.0,777.0,0.0,20.0,7.83,83.5,23.0,14.1,14.5
195.569,47,101.0,777.0,0.0,20.0,7.83,83.5,23.0,14.1,14.5
195.69,47,101.0,777.0,0.0,20.0,7.83,83.5,23.0,14.1,14.5
195.839,47,101.0,777.0,0.0,20.0,7.83,83.5,23.0,14.1,14.5
195.961,47,101.0,777.0,0.0,20.0,7.83,83.5,23.0,14.1,14.5
196.109,47,101.0,777.0,0.0,20.0,7.83,83.5,23.0,14.1,14.5
196.259,47,101.0,779.0,0.0,20.0,7.83,83.5,23.0,14.1,14.5
196.439,47,101.0,779.0,0.0,20.0,7.83,83.5,23.0,14.1,14.5
196.559,47,101.0,779.0,0.0,21.0,7.83,83.5,23.0,14.1,14.5
196.709,47,101.0,779.0,0.0,21.0,7.91,83.5,23.0,14.1,14.5
196.888,47,101.0,779.0,0.0,21.0,7.91,83.5,23.0,14.1,14.5
197.098,47,101.0,779.0,0.0,21.0,7.91,83.5,23.0,14.1,14.5
197.248,47,101.0,779.0,0.0,21.0,7.91,83.5,23.0,14.1,14.5
197.369,47,101.0,779.0,0.0,21.0,7.91,83.5,23.0,14.1,14.5
197.518,48,101.0,779.0,0.0,21.0,7.91,83.5,23.0,14.1,14.5
197.668,48,101.0,779.0,0.0,21.0,7.91,83.5,23.0,14.1,14.5
197.788,48,101.0,779.0,0.0,21.0,7.91,83.5,23.0,14.1,14.5
197.969,48,101.0,779.0,0.0,21.0,7.91,83.5,23.0,14.1,14.5
198.088,48,101.0,779.0,0.0,22.0,7.91,83.5,23.0,14.1,14.5
198.238,48,101.0,779.0,0.0,22.0,7.8,83.5,23.0,14.1,14.5
198.388,48,101.0,779.0,0.0,22.0,7.8,83.5,23.0,14.1,14.5
198.539,48,101.0,779.0,0.0,22.0,7.8,83.5,23.0,14.1,14.5
198.719,48,101.0,779.0,0.0,22.0,7.8,83.5,23.0,14.1,14.5
198.959,48,101.0,779.0,0.0,22.0,7.8,83.5,23.0,14.1,14.5
199.109,48,101.0,779.0,0.0,22.0,7.8,83.5,23.0,14.1,14.5
199.229,48,101.0,779.0,0.0,22.0,7.8,83.5,23.0,14.1,14.5
199.409,48,101.0,768.0,0.0,22.0,7.8,83.5,23.0,14.1,14.5
199.589,48,101.0,768.0,0.0,22.0,7.8,83.5,23.0,14.1,14.5
199.739,48,101.0,768.0,0.0,22.0,7.8,83.5,23.0,14.1,14.5
199.892,48,101.0,768.0,0.0,22.0,7.63,83.5,23.0,14.1,14.5
200.009,48,101.0,768.0,0.0,22.0,7.63,83.5,23.0,14.1,14.5
200.129,48,101.0,768.0,0.0,22.0,7.63,83.5,23.0,14.1,14.5
200.309,48,101.0,768.0,0.0,22.0,7.63,83.5,23.0,14.1,14.5
200.459,48,101.0,768.0,0.0,22.0,7.63,83.5,23.0,14.1,14.5
200.58,48,101.0,768.0,0.0,22.0,7.63,83.5,23.0,14.1,14.5
200.759,48,101.0,768.0,0.0,22.0,7.63,83.5,23.0,14.1,14.5
200.909,48,101.0,778.0,0.0,22.0,7.63,83.5,23.0,14.1,14.5
201.06,48,101.0,778.0,0.0,22.0,7.63,83.5,23.0,14.1,14.5
201.209,48,101.0,778.0,0.0,22.0,7.63,83.5,23.0,14.1,14.5
201.329,48,101.0,778.0,0.0,22.0,7.77,83.5,23.0,14.1,14.5
201.539,48,101.0,778.0,0.0,22.0,7.77,83.5,23.0,14.1,14.5
201.689,48,101.0,778.0,0.0,22.0,7.77,83.5,23.0,14.1,14.5
201.809,48,101.0,778.0,0.0,22.0,7.77,83.5,23.0,14.1,14.5
201.959,48,101.0,778.0,0.0,22.0,7.77,83.5,23.0,14.1,14.5
202.08,48,101.0,778.0,0.0,22.0,7.77,83.5,23.0,14.1,14.5
202.259,48,101.0,778.0,0.0,22.0,7.77,83.5,23.0,14.1,14.5
202.409,48,101.0,777.0,0.0,22.0,7.77,83.5,23.0,14.1,14.5
202.529,48,101.0,777.0,0.0,22.0,7.77,83.5,23.0,14.1,14.5
202.679,48,101.0,777.0,0.0,23.0,7.77,83.5,23.0,14.1,14.5
202.92,48,101.0,777.0,0.0,23.0,7.8,83.5,23.0,14.1,14.5
203.04,48,101.0,777.0,0.0,23.0,7.8,83.5,23.0,14.1,14.5
203.16,48,101.0,777.0,0.0,23.0,7.8,83.5,23.0,14.1,14.5
203.309,48,101.0,777.0,0.0,23.0,7.8,83.5,23.0,14.1,14.5
203.429,48,101.0,777.0,0.0,23.0,7.8,83.5,23.0,14.1,14.5
203.579,48,101.0,777.0,0.0,23.0,7.8,83.5,23.0,14.1,14.5
203.76,48,101.0,777.0,0.0,23.0,7.8,83.5,23.0,14.1,14.5
203.909,48,101.0,776.0,0.0,23.0,7.8,83.5,23.0,14.1,14.5
204.059,48,101.0,776.0,0.0,23.0,7.8,83.5,23.0,14.1,14.5
204.21,48,101.0,776.0,0.0,23.0,7.8,83.5,23.0,14.1,14.5
204.329,48,101.0,776.0,0.0,23.0,7.63,83.5,23.0,14.1,14.5
204.509,48,101.0,776.0,0.0,23.0,7.63,83.5,23.0,14.1,14.5
204.66,48,101.0,776.0,0.0,23.0,7.63,83.5,23.0,14.1,14.5
204.779,48,101.0,776.0,0.0,23.0,7.63,83.5,23.0,14.1,14.5
204.96,48,101.0,776.0,0.0,23.0,7.63,83.5,23.0,14.1,14.5
205.11,48,101.0,776.0,0.0,23.0,7.63,83.5,23.0,14.1,14.5
205.289,48,101.0,776.0,0.0,23.0,7.63,83.5,23.0,14.1,14.5
205.409,48,101.0,776.0,0.0,23.0,7.63,83.5,23.0,14.1,14.5
205.559,48,101.0,776.0,0.0,23.0,7.63,83.5,23.0,14.1,14.5
205.71,48,101.0,776.0,0.0,23.0,7.63,83.5,23.0,14.1,14.5
205.829,48,101.0,776.0,0.0,23.0,7.69,83.5,23.0,14.1,14.5
206.012,48,101.0,776.0,0.0,23.0,7.69,83.5,23.0,14.1,14.5
206.16,48,101.0,776.0,0.0,23.0,7.69,83.5,23.0,14.1,14.5
206.309,48,101.0,776.0,0.0,23.0,7.69,83.5,23.0,14.1,14.5
206.429,48,101.0,776.0,0.0,23.0,7.69,83.5,23.0,14.1,14.5
206.579,48,101.0,776.0,0.0,23.0,7.69,83.5,23.0,14.1,14.5
206.729,48,101.0,776.0,0.0,23.0,7.69,83.5,23.0,14.1,14.5
206.879,48,101.0,869.0,0.0,23.0,7.69,83.5,23.0,14.1,14.5
207.0,48,101.0,869.0,0.0,23.0,7.69,83.5,23.0,14.1,14.5
207.149,48,101.0,869.0,0.0,25.0,7.69,83.5,23.0,14.1,14.5
207.298,48,101.0,869.0,0.0,25.0,9.74,83.5,23.0,14.1,14.5
207.419,48,101.0,869.0,0.0,25.0,9.74,83.5,23.0,14.1,14.5
207.599,48,101.0,869.0,0.0,25.0,9.74,83.5,23.0,14.1,14.5
207.779,48,101.0,869.0,0.0,25.0,9.74,83.5,23.0,18.0,14.5
207.96,48,101.0,869.0,0.0,25.0,9.74,83.5,23.0,18.0,18.0
208.08,48,101.0,869.0,0.0,25.0,9.74,83.5,23.0,18.0,18.0
208.259,48,104.0,869.0,0.0,25.0,9.74,83.5,23.0,18.0,18.0
208.409,48,104.0,906.0,0.0,25.0,9.74,83.5,23.0,18.0,18.0
208.62,48,104.0,906.0,8.0,25.0,9.74,83.5,23.0,18.0,18.0
208.799,48,104.0,906.0,8.0,27.0,9.74,83.5,23.0,18.0,18.0
208.92,48,104.0,906.0,8.0,27.0,22.38,83.5,23.0,18.0,18.0
209.22,48,104.0,906.0,8.0,27.0,22.38,83.5,23.0,18.0,18.0
209.398,48,104.0,906.0,8.0,27.0,22.38,83.5,23.0,18.0,18.0
209.518,48,104.0,906.0,8.0,27.0,22.38,83.5,23.0,35.7,18.0
209.699,48,104.0,906.0,8.0,27.0,22.38,83.5,23.0,35.7,24.3
209.884,48,104.0,906.0,8.0,27.0,22.38,83.5,23.0,35.7,24.3
210.029,48,100.0,906.0,8.0,27.0,22.38,83.5,23.0,35.7,24.3
210.18,48,100.0,1270.0,8.0,27.0,22.38,83.5,23.0,35.7,24.3
210.299,48,100.0,1270.0,17.0,27.0,22.38,83.5,23.0,35.7,24.3
210.45,48,100.0,1270.0,17.0,33.0,22.38,83.5,23.0,35.7,24.3
210.599,48,100.0,1270.0,17.0,33.0,18.52,83.5,23.0,35.7,24.3
210.719,48,100.0,1270.0,17.0,33.0,18.52,75.7,23.0,35.7,24.3
210.869,48,100.0,1270.0,17.0,33.0,18.52,75.7,23.0,35.7,24.3
211.02,48,100.0,1270.0,17.0,33.0,18.52,75.7,23.0,28.6,24.3
211.169,48,100.0,1270.0,17.0,33.0,18.52,75.7,23.0,28.6,28.6
211.349,49,100.0,1270.0,17.0,33.0,18.52,75.7,23.0,28.6,28.6
211.499,49,107.0,1270.0,17.0,33.0,18.52,75.7,23.0,28.6,28.6
211.619,49,107.0,1149.0,17.0,33.0,18.52,75.7,23.0,28.6,28.6
211.799,49,107.0,1149.0,20.0,33.0,18.52,75.7,23.0,28.6,28.6
212.039,49,107.0,1149.0,20.0,29.0,18.52,75.7,23.0,28.6,28.6
212.249,49,107.0,1149.0,20.0,29.0,13.66,75.7,23.0,28.6,28.6
212.399,49,107.0,1149.0,20.0,29.0,13.66,83.5,23.0,28.6,28.6
212.579,49,107.0,1149.0,20.0,29.0,13.66,83.5,23.0,28.6,28.6
212.738,49,107.0,1149.0,20.0,29.0,13.66,83.5,23.0,28.2,28.6
212.88,49,107.0,1149.0,20.0,29.0,13.66,83.5,23.0,28.2,28.6
213.029,49,107.0,1149.0,20.0,29.0,13.66,83.5,23.0,28.2,28.6
213.211,49,106.0,1149.0,20.0,29.0,13.66,83.5,23.0,28.2,28.6
213.329,49,106.0,1320.0,20.0,29.0,13.66,83.5,23.0,28.2,28.6
213.479,49,106.0,1320.0,22.0,29.0,13.66,83.5,23.0,28.2,28.6
213.63,49,106.0,1320.0,22.0,28.0,13.66,83.5,23.0,28.2,28.6
213.749,49,106.0,1320.0,22.0,28.0,16.22,83.5,23.0,28.2,28.6
213.99,49,106.0,1320.0,22.0,28.0,16.22,83.5,23.0,28.2,28.6
214.14,49,106.0,1320.0,22.0,28.0,16.22,83.5,23.0,28.2,28.6
214.26,49,106.0,1320.0,22.0,28.0,16.22,83.5,23.0,35.3,28.6
214.409,49,106.0,1320.0,22.0,28.0,16.22,83.5,23.0,35.3,35.7
214.559,49,106.0,1320.0,22.0,28.0,16.22,83.5,23.0,35.3,35.7
214.679,49,119.0,1320.0,22.0,28.0,16.22,83.5,23.0,35.3,35.7
214.829,49,119.0,1497.0,22.0,28.0,16.22,83.5,23.0,35.3,35.7
214.949,49,119.0,1497.0,26.0,28.0,16.22,83.5,23.0,35.3,35.7
215.1,49,119.0,1497.0,26.0,29.0,16.22,83.5,23.0,35.3,35.7
215.339,49,119.0,1497.0,26.0,29.0,17.66,83.5,23.0,35.3,35.7
215.489,49,119.0,1497.0,26.0,29.0,17.66,83.5,23.0,35.3,35.7
215.609,49,119.0,1497.0,26.0,29.0,17.66,83.5,23.0,35.3,35.7
215.76,49,119.0,1497.0,26.0,29.0,17.66,83.5,23.0,34.1,35.7
215.88,49,119.0,1497.0,26.0,29.0,17.66,83.5,23.0,34.1,34.9
216.059,49,119.0,1497.0,26.0,29.0,17.66,83.5,23.0,34.1,34.9
216.179,49,117.0,1497.0,26.0,29.0,17.66,83.5,23.0,34.1,34.9
216.329,49,117.0,1631.0,26.0,29.0,17.66,83.5,23.0,34.1,34.9
216.48,49,117.0,1631.0,28.0,29.0,17.66,83.5,23.0,34.1,34.9
216.6,49,117.0,1631.0,28.0,29.0,17.66,83.5,23.0,34.1,34.9
216.749,49,117.0,1631.0,28.0,29.0,21.16,83.5,23.0,34.1,34.9
216.871,49,117.0,1631.0,28.0,29.0,21.16,83.5,23.0,34.1,34.9
217.08,49,117.0,1631.0,28.0,29.0,21.16,83.5,23.0,34.1,34.9
217.229,49,117.0,1631.0,28.0,29.0,21.16,83.5,23.0,40.0,34.9
217.35,49,117.0,1631.0,28.0,29.0,21.16,83.5,23.0,40.0,41.2
217.499,49,117.0,1631.0,28.0,29.0,21.16,83.5,23.0,40.0,41.2
217.649,49,136.0,1631.0,28.0,29.0,21.16,83.5,23.0,40.0,41.2
217.77,49,136.0,1844.0,28.0,29.0,21.16,83.5,23.0,40.0,41.2
217.952,49,136.0,1844.0,32.0,29.0,21.16,83.5,23.0,40.0,41.2
218.159,49,136.0,1844.0,32.0,31.0,21.16,83.5,23.0,40.0,41.2
218.31,49,136.0,1844.0,32.0,31.0,28.52,83.5,23.0,40.0,41.2
218.46,49,136.0,1844.0,32.0,31.0,28.52,83.5,23.0,40.0,41.2
218.579,49,136.0,1844.0,32.0,31.0,28.52,83.5,23.0,40.0,41.2
218.729,49,136.0,1844.0,32.0,31.0,28.52,83.5,23.0,41.2,41.2
218.94,49,136.0,1844.0,32.0,31.0,28.52,83.5,23.0,41.2,42.0
219.059,49,136.0,1844.0,32.0,31.0,28.52,83.5,23.0,41.2,42.0
219.239,49,137.0,1844.0,32.0,31.0,28.52,83.5,23.0,41.2,42.0
219.39,49,137.0,2084.0,32.0,31.0,28.52,83.5,23.0,41.2,42.0
219.509,49,137.0,2084.0,36.0,31.0,28.52,83.5,23.0,41.2,42.0
219.66,49,137.0,2084.0,36.0,31.0,28.52,83.5,23.0,41.2,42.0
219.839,49,137.0,2084.0,36.0,31.0,26.63,83.5,23.0,41.2,42.0
219.96,49,137.0,2084.0,36.0,31.0,26.63,30.6,23.0,41.2,42.0
220.139,49,137.0,2084.0,36.0,31.0,26.63,30.6,23.0,41.2,42.0
220.319,49,137.0,2084.0,36.0,31.0,26.63,30.6,23.0,25.9,42.0
220.53,49,137.0,2084.0,36.0,31.0,26.63,30.6,23.0,25.9,36.5
220.649,49,137.0,2084.0,36.0,31.0,26.63,30.6,23.0,25.9,36.5
220.799,49,109.0,2084.0,36.0,31.0,26.63,30.6,23.0,25.9,36.5
220.919,49,109.0,1396.0,36.0,31.0,26.63,30.6,23.0,25.9,36.5
221.099,49,109.0,1396.0,37.0,31.0,26.63,30.6,23.0,25.9,36.5
221.219,49,109.0,1396.0,37.0,30.0,26.63,30.6,23.0,25.9,36.5
221.519,49,109.0,1396.0,37.0,30.0,33.08,30.6,23.0,25.9,36.5
221.699,49,109.0,1396.0,37.0,30.0,33.08,83.5,23.0,25.9,36.5
221.849,49,109.0,1396.0,37.0,30.0,33.08,83.5,23.0,25.9,36.5
221.999,49,109.0,1396.0,37.0,30.0,33.08,83.5,23.0,42.7,36.5
222.149,49,109.0,1396.0,37.0,30.0,33.08,83.5,23.0,42.7,42.4
222.269,49,109.0,1396.0,37.0,30.0,33.08,83.5,23.0,42.7,42.4
222.419,49,140.0,1396.0,37.0,30.0,33.08,83.5,23.0,42.7,42.4
222.6,49,140.0,1612.0,37.0,30.0,33.08,83.5,23.0,42.7,42.4
222.719,49,140.0,1612.0,44.0,30.0,33.08,83.5,23.0,42.7,42.4
222.869,49,140.0,1612.0,44.0,30.0,33.08,83.5,23.0,42.7,42.4
223.049,49,140.0,1612.0,44.0,30.0,18.13,83.5,23.0,42.7,42.4
223.199,49,140.0,1612.0,44.0,30.0,18.13,83.5,23.0,42.7,42.4
223.349,49,140.0,1612.0,44.0,30.0,18.13,83.5,23.0,42.7,42.4
223.469,49,140.0,1612.0,44.0,30.0,18.13,83.5,23.0,31.4,42.4
223.62,49,140.0,1612.0,44.0,30.0,18.13,83.5,23.0,31.4,31.0
223.772,50,140.0,1612.0,44.0,30.0,18.13,83.5,23.0,31.4,31.0
223.891,50,111.0,1612.0,44.0,30.0,18.13,83.5,23.0,31.4,31.0
224.072,50,111.0,1643.0,44.0,30.0,18.13,83.5,23.0,31.4,31.0
224.19,50,111.0,1643.0,44.0,30.0,18.13,83.5,23.0,31.4,31.0
224.369,50,111.0,1643.0,44.0,27.0,18.13,83.5,23.0,31.4,31.0
224.579,50,111.0,1643.0,44.0,27.0,15.72,83.5,23.0,31.4,31.0
224.759,50,111.0,1643.0,44.0,27.0,15.72,83.5,23.0,31.4,31.0
224.94,50,111.0,1643.0,44.0,27.0,15.72,83.5,23.0,31.4,31.0
225.089,50,111.0,1643.0,44.0,27.0,15.72,83.5,23.0,22.7,31.0
225.21,50,111.0,1643.0,44.0,27.0,15.72,83.5,23.0,22.7,16.1
225.389,50,111.0,1643.0,44.0,27.0,15.72,83.5,23.0,22.7,16.1
225.54,50,102.0,1643.0,44.0,27.0,15.72,83.5,23.0,22.7,16.1
225.659,50,102.0,1569.0,44.0,27.0,15.72,83.5,23.0,22.7,16.1
225.81,50,102.0,1569.0,42.0,27.0,15.72,83.5,23.0,22.7,16.1
225.99,50,102.0,1569.0,42.0,27.0,15.72,83.5,23.0,22.7,16.1
226.139,50,102.0,1569.0,42.0,27.0,14.97,83.5,23.0,22.7,16.1
226.29,50,102.0,1569.0,42.0,27.0,14.97,83.5,23.0,22.7,16.1
226.439,50,102.0,1569.0,42.0,27.0,14.97,83.5,23.0,22.7,16.1
226.589,50,102.0,1569.0,42.0,27.0,14.97,83.5,23.0,14.1,16.1
226.739,50,102.0,1569.0,42.0,27.0,14.97,83.5,23.0,14.1,14.5
226.863,50,102.0,1569.0,42.0,27.0,14.97,83.5,23.0,14.1,14.5
227.07,50,111.0,1569.0,42.0,27.0,14.97,83.5,23.0,14.1,14.5
227.219,50,111.0,1451.0,42.0,27.0,14.97,83.5,23.0,14.1,14.5
227.369,50,111.0,1451.0,38.0,27.0,14.97,83.5,23.0,14.1,14.5
227.519,50,111.0,1451.0,38.0,27.0,14.97,83.5,23.0,14.1,14.5
227.669,50,111.0,1451.0,38.0,27.0,14.38,83.5,23.0,14.1,14.5
227.789,50,111.0,1451.0,38.0,27.0,14.38,83.5,23.0,14.1,14.5
228.059,50,111.0,1451.0,38.0,27.0,14.38,83.5,23.0,14.1,14.5
228.241,50,111.0,1451.0,38.0,27.0,14.38,83.5,23.0,35.3,14.5
228.389,50,111.0,1451.0,38.0,27.0,14.38,83.5,23.0,35.3,38.0
228.599,50,111.0,1451.0,38.0,27.0,14.38,83.5,23.0,35.3,38.0
228.72,50,113.0,1451.0,38.0,27.0,14.38,83.5,23.0,35.3,38.0
228.869,50,113.0,1439.0,38.0,27.0,14.38,83.5,23.0,35.3,38.0
228.992,50,113.0,1439.0,39.0,27.0,14.38,83.5,23.0,35.3,38.0
229.141,50,113.0,1439.0,39.0,28.0,14.38,83.5,23.0,35.3,38.0
229.261,50,113.0,1439.0,39.0,28.0,21.36,83.5,23.0,35.3,38.0
229.439,50,113.0,1439.0,39.0,28.0,21.36,83.5,23.0,35.3,38.0
229.589,50,113.0,1439.0,39.0,28.0,21.36,83.5,23.0,35.3,38.0
229.709,50,113.0,1439.0,39.0,28.0,21.36,83.5,23.0,40.4,38.0
229.859,50,113.0,1439.0,39.0,28.0,21.36,83.5,23.0,40.4,40.8
230.1,50,113.0,1439.0,39.0,28.0,21.36,83.5,23.0,40.4,40.8
230.223,50,133.0,1439.0,39.0,28.0,21.36,83.5,23.0,40.4,40.8
230.369,50,133.0,1544.0,39.0,28.0,21.36,83.5,23.0,40.4,40.8
230.489,50,133.0,1544.0,41.0,28.0,21.36,83.5,23.0,40.4,40.8
230.669,50,133.0,1544.0,41.0,28.0,21.36,83.5,23.0,40.4,40.8
230.789,50,133.0,1544.0,41.0,28.0,17.05,83.5,23.0,40.4,40.8
230.94,50,133.0,1544.0,41.0,28.0,17.05,83.5,23.0,40.4,40.8
231.09,50,133.0,1544.0,41.0,28.0,17.05,83.5,23.0,40.4,40.8
231.239,50,133.0,1544.0,41.0,28.0,17.05,83.5,23.0,31.8,40.8
231.419,50,133.0,1544.0,41.0,28.0,17.05,83.5,23.0,31.8,31.8
231.569,51,133.0,1544.0,41.0,28.0,17.05,83.5,23.0,31.8,31.8
231.689,51,112.0,1544.0,41.0,28.0,17.05,83.5,23.0,31.8,31.8
231.839,51,112.0,1588.0,41.0,28.0,17.05,83.5,23.0,31.8,31.8
231.991,51,112.0,1588.0,43.0,28.0,17.05,83.5,23.0,31.8,31.8
232.139,51,112.0,1588.0,43.0,28.0,17.05,83.5,23.0,31.8,31.8
232.295,51,112.0,1588.0,43.0,28.0,16.16,83.5,23.0,31.8,31.8
232.409,51,112.0,1588.0,43.0,28.0,16.16,83.5,23.0,31.8,31.8
232.589,51,112.0,1588.0,43.0,28.0,16.16,83.5,23.0,31.8,31.8
232.769,51,112.0,1588.0,43.0,28.0,16.16,83.5,23.0,29.4,31.8
232.921,51,112.0,1588.0,43.0,28.0,16.16,83.5,23.0,29.4,29.0
233.1,51,112.0,1588.0,43.0,28.0,16.16,83.5,23.0,29.4,29.0
233.251,51,108.0,1588.0,43.0,28.0,16.16,83.5,23.0,29.4,29.0
233.369,51,108.0,1592.0,43.0,28.0,16.16,83.5,23.0,29.4,29.0
233.639,51,108.0,1592.0,43.0,28.0,16.16,83.5,23.0,29.4,29.0
233.791,51,108.0,1592.0,43.0,27.0,16.16,83.5,23.0,29.4,29.0
233.909,51,108.0,1592.0,43.0,27.0,15.16,83.5,23.0,29.4,29.0
234.059,51,108.0,1592.0,43.0,27.0,15.16,83.5,23.0,29.4,29.0
234.21,51,108.0,1592.0,43.0,27.0,15.16,83.5,23.0,29.4,29.0
234.389,51,108.0,1592.0,43.0,27.0,15.16,83.5,23.0,26.7,29.0
234.539,51,108.0,1592.0,43.0,27.0,15.16,83.5,23.0,26.7,26.7
234.66,51,108.0,1592.0,43.0,27.0,15.16,83.5,23.0,26.7,26.7
234.839,51,104.0,1592.0,43.0,27.0,15.16,83.5,23.0,26.7,26.7
234.961,51,104.0,1578.0,43.0,27.0,15.16,83.5,23.0,26.7,26.7
235.14,51,104.0,1578.0,42.0,27.0,15.16,83.5,23.0,26.7,26.7
235.29,51,104.0,1578.0,42.0,27.0,15.16,83.5,23.0,26.7,26.7
235.439,51,104.0,1578.0,42.0,27.0,14.77,83.5,23.0,26.7,26.7
235.589,51,104.0,1578.0,42.0,27.0,14.77,83.5,23.0,26.7,26.7
235.739,51,104.0,1578.0,42.0,27.0,14.77,83.5,23.0,26.7,26.7
235.859,51,104.0,1578.0,42.0,27.0,14.77,83.5,23.0,25.1,26.7
236.07,51,104.0,1578.0,42.0,27.0,14.77,83.5,23.0,25.1,24.7
236.189,51,104.0,1578.0,42.0,27.0,14.77,83.5,23.0,25.1,24.7
236.341,51,102.0,1578.0,42.0,27.0,14.77,83.5,23.0,25.1,24.7
236.519,51,102.0,1545.0,42.0,27.0,14.77,83.5,23.0,25.1,24.7
236.699,51,102.0,1545.0,41.0,27.0,14.77,83.5,23.0,25.1,24.7
236.999,51,102.0,1545.0,41.0,27.0,14.77,83.5,23.0,25.1,24.7
237.15,51,102.0,1545.0,41.0,27.0,14.3,83.5,23.0,25.1,24.7
237.301,51,102.0,1545.0,41.0,27.0,14.3,83.5,23.0,25.1,24.7
237.48,51,102.0,1545.0,41.0,27.0,14.3,83.5,23.0,25.1,24.7
237.629,51,102.0,1545.0,41.0,27.0,14.3,83.5,23.0,14.1,24.7
237.749,51,102.0,1545.0,41.0,27.0,14.3,83.5,23.0,14.1,14.5
237.931,51,102.0,1545.0,41.0,27.0,14.3,83.5,23.0,14.1,14.5
238.081,51,108.0,1545.0,41.0,27.0,14.3,83.5,23.0,14.1,14.5
238.261,51,108.0,1431.0,41.0,27.0,14.3,83.5,23.0,14.1,14.5
238.409,51,108.0,1431.0,38.0,27.0,14.3,83.5,23.0,14.1,14.5
238.59,51,108.0,1431.0,38.0,27.0,14.3,83.5,23.0,14.1,14.5
238.709,51,108.0,1431.0,38.0,27.0,13.91,83.5,23.0,14.1,14.5
238.861,51,108.0,1431.0,38.0,27.0,13.91,83.5,23.0,14.1,14.5
238.98,51,108.0,1431.0,38.0,27.0,13.91,83.5,23.0,14.1,14.5
239.16,51,108.0,1431.0,38.0,27.0,13.91,83.5,23.0,14.1,14.5
239.28,51,108.0,1431.0,38.0,27.0,13.91,83.5,23.0,14.1,14.5
239.429,52,108.0,1431.0,38.0,27.0,13.91,83.5,23.0,14.1,14.5
239.579,52,109.0,1431.0,38.0,27.0,13.91,83.5,23.0,14.1,14.5
239.729,52,109.0,1333.0,38.0,27.0,13.91,83.5,23.0,14.1,14.5
239.849,52,109.0,1333.0,36.0,27.0,13.91,83.5,23.0,14.1,14.5
240.0,52,109.0,1333.0,36.0,27.0,13.91,83.5,23.0,14.1,14.5
240.149,52,109.0,1333.0,36.0,27.0,12.72,83.5,23.0,14.1,14.5
240.329,52,109.0,1333.0,36.0,27.0,12.72,83.5,23.0,14.1,14.5
240.479,52,109.0,1333.0,36.0,27.0,12.72,83.5,23.0,14.1,14.5
240.6,52,109.0,1333.0,36.0,27.0,12.72,83.5,23.0,14.1,14.5
240.78,52,109.0,1333.0,36.0,27.0,12.72,83.5,23.0,14.1,14.5
240.929,52,109.0,1333.0,36.0,27.0,12.72,83.5,23.0,14.1,14.5
241.049,52,108.0,1333.0,36.0,27.0,12.72,83.5,23.0,14.1,14.5
241.229,52,108.0,1238.0,36.0,27.0,12.72,83.5,23.0,14.1,14.5
241.38,52,108.0,1238.0,33.0,27.0,12.72,83.5,23.0,14.1,14.5
241.5,52,108.0,1238.0,33.0,26.0,12.72,83.5,23.0,14.1,14.5
241.679,52,108.0,1238.0,33.0,26.0,11.66,83.5,23.0,14.1,14.5
241.829,52,108.0,1238.0,33.0,26.0,11.66,83.5,23.0,14.1,14.5
241.949,52,108.0,1238.0,33.0,26.0,11.66,83.5,23.0,14.1,14.5
242.132,52,108.0,1238.0,33.0,26.0,11.66,83.5,23.0,14.1,14.5
242.251,52,108.0,1238.0,33.0,26.0,11.66,83.5,23.0,14.1,14.5
242.429,52,108.0,1238.0,33.0,26.0,11.66,83.5,23.0,14.1,14.5
242.699,52,106.0,1238.0,33.0,26.0,11.66,83.5,23.0,14.1,14.5
242.879,52,106.0,1135.0,33.0,26.0,11.66,83.5,23.0,14.1,14.5
243.03,52,106.0,1135.0,30.0,26.0,11.66,83.5,23.0,14.1,14.5
243.181,52,106.0,1135.0,30.0,26.0,11.66,83.5,23.0,14.1,14.5
243.302,52,106.0,1135.0,30.0,26.0,10.41,83.5,23.0,14.1,14.5
243.48,52,106.0,1135.0,30.0,26.0,10.41,83.5,23.0,14.1,14.5
243.629,52,106.0,1135.0,30.0,26.0,10.41,83.5,23.0,14.1,14.5
243.749,52,106.0,1135.0,30.0,26.0,10.41,83.5,23.0,14.1,14.5
243.906,52,106.0,1135.0,30.0,26.0,10.41,83.5,23.0,14.1,14.5
244.109,52,106.0,1135.0,30.0,26.0,10.41,83.5,23.0,14.1,14.5
244.229,52,105.0,1135.0,30.0,26.0,10.41,83.5,23.0,14.1,14.5
244.381,52,105.0,935.0,30.0,26.0,10.41,83.5,23.0,14.1,14.5
244.529,52,105.0,935.0,28.0,26.0,10.41,83.5,23.0,14.1,14.5
244.649,52,105.0,935.0,28.0,25.0,10.41,83.5,23.0,14.1,14.5
244.83,52,105.0,935.0,28.0,25.0,9.24,83.5,23.0,14.1,14.5
245.069,52,105.0,935.0,28.0,25.0,9.24,83.5,23.0,14.1,14.5
245.191,52,105.0,935.0,28.0,25.0,9.24,83.5,23.0,14.1,14.5
245.34,52,105.0,935.0,28.0,25.0,9.24,83.5,23.0,14.1,14.5
245.489,52,105.0,935.0,28.0,25.0,9.24,83.5,23.0,14.1,14.5
245.609,52,105.0,935.0,28.0,25.0,9.24,83.5,23.0,14.1,14.5
245.761,52,104.0,935.0,28.0,25.0,9.24,83.5,23.0,14.1,14.5
245.909,52,104.0,901.0,28.0,25.0,9.24,83.5,23.0,14.1,14.5
246.093,52,104.0,901.0,22.0,25.0,9.24,83.5,23.0,14.1,14.5
246.24,52,104.0,901.0,22.0,24.0,9.24,83.5,23.0,14.1,14.5
246.389,52,104.0,901.0,22.0,24.0,8.61,83.5,23.0,14.1,14.5
246.509,52,104.0,901.0,22.0,24.0,8.61,83.5,23.0,14.1,14.5
246.661,52,104.0,901.0,22.0,24.0,8.61,83.5,23.0,14.1,14.5
246.809,52,104.0,901.0,22.0,24.0,8.61,83.5,23.0,14.1,14.5
246.93,52,104.0,901.0,22.0,24.0,8.61,83.5,23.0,14.1,14.5
247.081,53,104.0,901.0,22.0,24.0,8.61,83.5,23.0,14.1,14.5
247.229,53,103.0,901.0,22.0,24.0,8.61,83.5,23.0,14.1,14.5
247.379,53,103.0,897.0,22.0,24.0,8.61,83.5,23.0,14.1,14.5
247.499,53,103.0,897.0,13.0,24.0,8.61,83.5,23.0,14.1,14.5
247.651,53,103.0,897.0,13.0,24.0,8.61,83.5,23.0,14.1,14.5
247.829,53,103.0,897.0,13.0,24.0,8.66,83.5,23.0,14.1,14.5
248.042,53,103.0,897.0,13.0,24.0,8.66,83.5,23.0,14.1,14.5
248.16,53,103.0,897.0,13.0,24.0,8.66,83.5,23.0,14.1,14.5
248.341,53,103.0,897.0,13.0,24.0,8.66,83.5,23.0,14.1,14.5
248.49,53,103.0,897.0,13.0,24.0,8.66,83.5,23.0,14.1,14.5
248.609,53,103.0,897.0,13.0,24.0,8.66,83.5,23.0,14.1,14.5
248.732,53,103.0,897.0,13.0,24.0,8.66,83.5,23.0,14.1,14.5
248.881,53,103.0,897.0,13.0,24.0,8.66,83.5,23.0,14.1,14.5
249.002,53,103.0,897.0,5.0,24.0,8.66,83.5,23.0,14.1,14.5
249.181,53,103.0,897.0,5.0,24.0,8.66,83.5,23.0,14.1,14.5
249.301,53,103.0,897.0,5.0,24.0,8.66,83.5,23.0,14.1,14.5
249.45,53,103.0,897.0,5.0,24.0,8.66,83.5,23.0,14.1,14.5
249.629,53,103.0,897.0,5.0,24.0,8.66,83.5,23.0,14.1,14.5
249.779,53,103.0,897.0,5.0,24.0,8.66,83.5,23.0,14.1,14.5
249.902,53,103.0,897.0,5.0,24.0,8.66,83.5,23.0,14.1,14.5
250.049,53,103.0,897.0,5.0,24.0,8.66,83.5,23.0,14.1,14.5
250.229,53,103.0,897.0,5.0,24.0,8.66,83.5,23.0,14.1,14.5
250.35,53,103.0,813.0,5.0,24.0,8.66,83.5,23.0,14.1,14.5
250.499,53,103.0,813.0,0.0,24.0,8.66,83.5,23.0,14.1,14.5
250.682,53,103.0,813.0,0.0,24.0,8.66,83.5,23.0,14.1,14.5
250.83,53,103.0,813.0,0.0,24.0,1.08,83.5,23.0,14.1,14.5
250.95,53,103.0,813.0,0.0,24.0,1.08,13.7,23.0,14.1,14.5
251.103,53,103.0,813.0,0.0,24.0,1.08,13.7,23.0,14.1,14.5
251.25,53,103.0,813.0,0.0,24.0,1.08,13.7,23.0,14.1,14.5
251.429,53,103.0,813.0,0.0,24.0,1.08,13.7,23.0,14.1,14.5
251.579,53,103.0,813.0,0.0,24.0,1.08,13.7,23.0,14.1,14.5
251.701,53,42.0,813.0,0.0,24.0,1.08,13.7,23.0,14.1,14.5
251.88,53,42.0,0.0,0.0,24.0,1.08,13.7,23.0,14.1,14.5
252.029,53,42.0,0.0,0.0,24.0,1.08,13.7,23.0,14.1,14.5
252.151,53,42.0,0.0,0.0,14.0,1.08,13.7,23.0,14.1,14.5
252.3,53,42.0,0.0,0.0,14.0,0.0,13.7,23.0,14.1,14.5
252.449,53,42.0,0.0,0.0,14.0,0.0,13.7,23.0,14.1,14.5
252.569,53,42.0,0.0,0.0,14.0,0.0,13.7,23.0,14.1,14.5
252.72,53,42.0,0.0,0.0,14.0,0.0,13.7,23.0,14.1,14.5
252.9,53,42.0,0.0,0.0,14.0,0.0,13.7,23.0,14.1,14.5
253.02,53,42.0,0.0,0.0,14.0,0.0,13.7,23.0,14.1,14.5
253.169,53,99.0,0.0,0.0,14.0,0.0,13.7,23.0,14.1,14.5
253.289,53,99.0,0.0,0.0,14.0,0.0,13.7,23.0,14.1,14.5
253.469,53,99.0,0.0,0.0,14.0,0.0,13.7,23.0,14.1,14.5
253.619,53,99.0,0.0,0.0,116.0,0.0,13.7,23.0,14.1,14.5
253.741,53,99.0,0.0,0.0,116.0,0.0,13.7,23.0,14.1,14.5
253.892,53,99.0,0.0,0.0,116.0,0.0,85.5,23.0,14.1,14.5
254.04,53,99.0,0.0,0.0,116.0,0.0,85.5,23.0,14.1,14.5
254.221,53,99.0,0.0,0.0,116.0,0.0,85.5,23.0,14.1,14.5
254.345,53,99.0,0.0,0.0,116.0,0.0,85.5,23.0,14.1,14.5
254.489,53,99.0,0.0,0.0,116.0,0.0,85.5,23.0,14.1,14.5
254.669,53,99.0,0.0,0.0,116.0,0.0,85.5,23.0,14.1,14.5
254.822,53,99.0,0.0,0.0,116.0,0.0,85.5,23.0,14.1,14.5
255.061,53,99.0,0.0,0.0,116.0,0.0,85.5,23.0,14.1,14.5
255.179,53,99.0,0.0,0.0,142.0,0.0,85.5,23.0,14.1,14.5
255.33,53,99.0,0.0,0.0,142.0,0.0,85.5,23.0,14.1,14.5
255.479,53,99.0,0.0,0.0,142.0,0.0,88.6,23.0,14.1,14.5
255.599,53,99.0,0.0,0.0,142.0,0.0,88.6,23.0,14.1,14.5
255.75,53,99.0,0.0,0.0,142.0,0.0,88.6,23.0,14.1,14.5
255.9,53,99.0,0.0,0.0,142.0,0.0,88.6,23.0,14.1,14.5
256.019,54,99.0,0.0,0.0,142.0,0.0,88.6,23.0,14.1,14.5
256.142,54,99.0,0.0,0.0,142.0,0.0,88.6,23.0,14.1,14.5
256.321,54,99.0,0.0,0.0,142.0,0.0,88.6,23.0,14.1,14.5
256.469,54,99.0,0.0,0.0,142.0,0.0,88.6,23.0,14.1,14.5
256.589,54,99.0,0.0,0.0,138.0,0.0,88.6,23.0,14.1,14.5
256.739,54,99.0,0.0,0.0,138.0,0.0,88.6,23.0,14.1,14.5
256.919,54,99.0,0.0,0.0,138.0,0.0,88.6,23.0,14.1,14.5
257.039,54,99.0,0.0,0.0,138.0,0.0,88.6,23.0,14.1,14.5
257.22,54,99.0,0.0,0.0,138.0,0.0,88.6,23.0,14.1,14.5
257.34,54,99.0,0.0,0.0,138.0,0.0,88.6,23.0,14.1,14.5
257.489,54,99.0,0.0,0.0,138.0,0.0,88.6,23.0,14.1,14.5
257.67,54,99.0,0.0,0.0,138.0,0.0,88.6,23.0,14.1,14.5
257.789,54,99.0,0.0,0.0,138.0,0.0,88.6,23.0,14.1,14.5
258.0,54,99.0,0.0,0.0,138.0,0.0,88.6,23.0,14.1,14.5
258.15,54,99.0,0.0,0.0,130.0,0.0,88.6,23.0,14.1,14.5
258.269,54,99.0,0.0,0.0,130.0,0.0,88.6,23.0,14.1,14.5
258.419,54,99.0,0.0,0.0,130.0,0.0,88.6,23.0,14.1,14.5
258.569,54,99.0,0.0,0.0,130.0,0.0,88.6,23.0,14.1,14.5
258.689,54,99.0,0.0,0.0,130.0,0.0,88.6,23.0,14.1,14.5
258.839,54,99.0,0.0,0.0,130.0,0.0,88.6,23.0,14.1,14.5
259.021,54,99.0,0.0,0.0,130.0,0.0,88.6,23.0,14.1,14.5
259.139,54,99.0,0.0,0.0,130.0,0.0,88.6,23.0,14.1,14.5
259.322,54,99.0,0.0,0.0,130.0,0.0,88.6,23.0,14.1,14.5
259.469,54,99.0,0.0,0.0,130.0,0.0,88.6,23.0,14.1,14.5
259.589,54,99.0,0.0,0.0,123.0,0.0,88.6,23.0,14.1,14.5
259.739,54,99.0,0.0,0.0,123.0,0.0,88.6,23.0,14.1,14.5
259.919,54,99.0,0.0,0.0,123.0,0.0,88.6,23.0,14.1,14.5
260.069,54,99.0,0.0,0.0,123.0,0.0,88.6,23.0,14.1,14.5
260.219,54,99.0,0.0,0.0,123.0,0.0,88.6,23.0,14.1,14.5
260.37,54,99.0,0.0,0.0,123.0,0.0,88.6,23.0,14.1,14.5
260.489,54,99.0,0.0,0.0,123.0,0.0,88.6,23.0,14.1,14.5
260.669,54,99.0,0.0,0.0,123.0,0.0,88.6,23.0,14.1,14.5
260.94,54,99.0,0.0,0.0,123.0,0.0,88.6,23.0,14.1,14.5
261.089,54,99.0,0.0,0.0,123.0,0.0,88.6,23.0,14.1,14.5
261.271,54,99.0,0.0,0.0,117.0,0.0,88.6,23.0,14.1,14.5
261.39,54,99.0,0.0,0.0,117.0,0.0,88.6,23.0,14.1,14.5
261.539,54,99.0,0.0,0.0,117.0,0.0,88.6,23.0,14.1,14.5
261.719,54,99.0,0.0,0.0,117.0,0.0,88.6,23.0,14.1,14.5
261.869,54,99.0,0.0,0.0,117.0,0.0,88.6,23.0,14.1,14.5
261.989,54,99.0,0.0,0.0,117.0,0.0,88.6,23.0,14.1,14.5
262.139,54,99.0,0.0,0.0,117.0,0.0,88.6,23.0,14.1,14.5
262.29,54,99.0,0.0,0.0,117.0,0.0,88.6,23.0,14.1,14.5
262.469,54,99.0,0.0,0.0,117.0,0.0,88.6,23.0,14.1,14.5
262.619,54,99.0,0.0,0.0,117.0,0.0,88.6,23.0,14.1,14.5
262.739,54,99.0,0.0,0.0,112.0,0.0,88.6,23.0,14.1,14.5
262.919,54,99.0,0.0,0.0,112.0,0.0,88.6,23.0,14.1,14.5
263.039,54,99.0,0.0,0.0,112.0,0.0,88.6,23.0,14.1,14.5
263.22,54,99.0,0.0,0.0,112.0,0.0,88.6,23.0,14.1,14.5
263.34,54,99.0,0.0,0.0,112.0,0.0,88.6,23.0,14.1,14.5
263.519,54,99.0,0.0,0.0,112.0,0.0,88.6,23.0,14.1,14.5
263.669,54,99.0,0.0,0.0,112.0,0.0,88.6,23.0,14.1,14.5
263.88,54,99.0,0.0,0.0,112.0,0.0,88.6,23.0,14.1,14.5
264.06,54,99.0,0.0,0.0,112.0,0.0,88.6,23.0,14.1,14.5
264.269,54,99.0,0.0,0.0,112.0,0.0,88.6,23.0,14.1,14.5
264.39,54,99.0,0.0,0.0,107.0,0.0,88.6,23.0,14.1,14.5
264.569,54,99.0,0.0,0.0,107.0,0.0,88.6,23.0,14.1,14.5
264.719,54,99.0,0.0,0.0,107.0,0.0,88.6,23.0,14.1,14.5
264.839,54,99.0,0.0,0.0,107.0,0.0,88.6,23.0,14.1,14.5
264.99,54,99.0,0.0,0.0,107.0,0.0,88.6,23.0,14.1,14.5
265.139,54,99.0,0.0,0.0,107.0,0.0,88.6,23.0,14.1,14.5
265.319,54,99.0,0.0,0.0,107.0,0.0,88.6,23.0,14.1,14.5
265.47,54,99.0,0.0,0.0,107.0,0.0,88.6,23.0,14.1,14.5
265.589,54,99.0,0.0,0.0,107.0,0.0,88.6,23.0,14.1,14.5
265.74,54,99.0,0.0,0.0,107.0,0.0,88.6,23.0,14.1,14.5
265.92,54,99.0,0.0,0.0,105.0,0.0,88.6,23.0,14.1,14.5
266.039,54,99.0,0.0,0.0,105.0,0.0,88.6,23.0,14.1,14.5
266.251,54,99.0,0.0,0.0,105.0,0.0,88.6,23.0,14.1,14.5
266.373,54,99.0,0.0,0.0,105.0,0.0,88.6,23.0,14.1,14.5
266.519,54,99.0,0.0,0.0,105.0,0.0,88.6,23.0,14.1,14.5
266.669,54,99.0,0.0,0.0,105.0,0.0,88.6,23.0,14.1,14.5
266.79,54,99.0,0.0,0.0,105.0,0.0,88.6,23.0,14.1,14.5
267.119,54,99.0,0.0,0.0,105.0,0.0,88.6,23.0,14.1,14.5
267.271,54,99.0,0.0,0.0,105.0,0.0,88.6,23.0,14.1,14.5
267.389,54,99.0,0.0,0.0,105.0,0.0,88.6,23.0,14.1,14.5
267.539,54,99.0,0.0,0.0,101.0,0.0,88.6,23.0,14.1,14.5
267.72,54,99.0,0.0,0.0,101.0,0.0,88.6,23.0,14.1,14.5
267.84,54,99.0,0.0,0.0,101.0,0.0,88.6,23.0,14.1,14.5
267.989,54,99.0,0.0,0.0,101.0,0.0,88.6,23.0,14.1,14.5
268.112,54,99.0,0.0,0.0,101.0,0.0,88.6,23.0,14.1,14.5
268.289,54,99.0,0.0,0.0,101.0,0.0,88.6,23.0,14.1,14.5
268.439,54,99.0,0.0,0.0,101.0,0.0,88.6,23.0,14.1,14.5
268.559,54,99.0,0.0,0.0,101.0,0.0,88.6,23.0,14.1,14.5
268.709,54,99.0,0.0,0.0,101.0,0.0,88.6,23.0,14.1,14.5
268.859,54,99.0,0.0,0.0,101.0,0.0,88.6,23.0,14.1,14.5
268.981,54,99.0,0.0,0.0,97.0,0.0,88.6,23.0,14.1,14.5
269.131,54,99.0,0.0,0.0,97.0,0.0,88.6,23.0,14.1,14.5
269.309,54,99.0,0.0,0.0,97.0,0.0,88.6,23.0,14.1,14.5
269.459,54,99.0,0.0,0.0,97.0,0.0,88.6,23.0,14.1,14.5
269.579,54,99.0,0.0,0.0,97.0,0.0,88.6,23.0,14.1,14.5
269.733,54,99.0,0.0,0.0,97.0,0.0,88.6,23.0,14.1,14.5
269.94,54,99.0,0.0,0.0,97.0,0.0,88.6,23.0,14.1,14.5
270.18,54,99.0,0.0,0.0,97.0,0.0,88.6,23.0,14.1,14.5
270.33,54,99.0,0.0,0.0,97.0,0.0,88.6,23.0,14.1,14.5
270.48,54,99.0,0.0,0.0,97.0,0.0,88.6,23.0,14.1,14.5
270.66,54,99.0,0.0,0.0,95.0,0.0,88.6,23.0,14.1,14.5
270.81,54,99.0,0.0,0.0,95.0,0.0,88.6,23.0,14.1,14.5
270.93,54,99.0,0.0,0.0,95.0,0.0,88.6,23.0,14.1,14.5
271.11,54,99.0,0.0,0.0,95.0,0.0,88.6,23.0,14.1,14.5
271.26,54,99.0,0.0,0.0,95.0,0.0,88.6,23.0,14.1,14.5
271.409,54,99.0,0.0,0.0,95.0,0.0,88.6,23.0,14.1,14.5
271.529,54,99.0,0.0,0.0,95.0,0.0,88.6,23.0,14.1,14.5
271.68,54,99.0,0.0,0.0,95.0,0.0,88.6,23.0,14.1,14.5
271.86,54,99.0,0.0,0.0,95.0,0.0,88.6,23.0,14.1,14.5
272.009,54,99.0,0.0,0.0,95.0,0.0,88.6,23.0,14.1,14.5
272.13,54,99.0,0.0,0.0,92.0,0.0,88.6,23.0,14.1,14.5
272.31,54,99.0,0.0,0.0,92.0,0.0,88.6,23.0,14.1,14.5
272.459,54,99.0,0.0,0.0,92.0,0.0,88.6,23.0,14.1,14.5
272.639,54,99.0,0.0,0.0,92.0,0.0,88.6,23.0,14.1,14.5
272.79,54,99.0,0.0,0.0,92.0,0.0,88.6,23.0,14.1,14.5
273.089,54,99.0,0.0,0.0,92.0,0.0,88.6,23.0,14.1,14.5
273.241,54,99.0,0.0,0.0,92.0,0.0,88.6,23.0,14.1,14.5
273.389,54,99.0,0.0,0.0,92.0,0.0,88.6,23.0,14.1,14.5
273.509,54,99.0,0.0,0.0,92.0,0.0,88.6,23.0,14.1,14.5
273.66,54,99.0,0.0,0.0,92.0,0.0,88.6,23.0,14.1,14.5
273.809,54,99.0,0.0,0.0,89.0,0.0,88.6,23.0,14.1,14.5
273.929,54,99.0,0.0,0.0,89.0,0.0,88.6,23.0,14.1,14.5
274.112,54,99.0,0.0,0.0,89.0,0.0,88.6,23.0,14.1,14.5
274.229,54,99.0,0.0,0.0,89.0,0.0,88.6,23.0,14.1,14.5
274.382,54,99.0,0.0,0.0,89.0,0.0,88.6,23.0,14.1,14.5
274.559,54,99.0,0.0,0.0,89.0,0.0,88.6,23.0,14.1,14.5
274.709,54,99.0,0.0,0.0,89.0,0.0,88.6,23.0,14.1,14.5
274.829,54,99.0,0.0,0.0,89.0,0.0,88.6,23.0,14.1,14.5
275.012,54,99.0,0.0,0.0,89.0,0.0,88.6,23.0,14.1,14.5
275.189,54,99.0,0.0,0.0,89.0,0.0,88.6,23.0,14.1,14.5
275.339,54,99.0,0.0,0.0,87.0,0.0,88.6,23.0,14.1,14.5
275.489,54,99.0,0.0,0.0,87.0,0.0,88.6,23.0,14.1,14.5
275.609,54,99.0,0.0,0.0,87.0,0.0,88.6,23.0,14.1,14.5
275.759,54,99.0,0.0,0.0,87.0,0.0,88.6,23.0,14.1,14.5
275.912,54,99.0,0.0,0.0,87.0,0.0,88.6,23.0,14.1,14.5
276.09,54,99.0,0.0,0.0,87.0,0.0,88.6,23.0,14.1,15.3
276.239,54,99.0,0.0,0.0,87.0,0.0,88.6,23.0,14.1,15.3
276.389,54,98.0,0.0,0.0,87.0,0.0,88.6,23.0,14.1,15.3
276.509,54,98.0,979.0,0.0,87.0,0.0,88.6,23.0,14.1,15.3
276.689,54,98.0,979.0,0.0,87.0,0.0,88.6,23.0,14.1,15.3
276.84,54,98.0,979.0,0.0,74.0,0.0,88.6,23.0,14.1,15.3
276.989,54,98.0,979.0,0.0,74.0,16.77,88.6,23.0,14.1,15.3
277.2,54,98.0,979.0,0.0,74.0,16.77,83.1,23.0,14.1,15.3
277.41,54,98.0,979.0,0.0,74.0,16.77,83.1,23.0,14.1,15.3
277.559,54,98.0,979.0,0.0,74.0,16.77,83.1,23.0,26.7,15.3
277.68,54,98.0,979.0,0.0,74.0,16.77,83.1,23.0,26.7,27.8
277.83,54,98.0,979.0,0.0,74.0,16.77,83.1,23.0,26.7,27.8
278.01,54,109.0,979.0,0.0,74.0,16.77,83.1,23.0,26.7,27.8
278.16,54,109.0,1446.0,0.0,74.0,16.77,83.1,23.0,26.7,27.8
278.31,54,109.0,1446.0,13.0,74.0,16.77,83.1,23.0,26.7,27.8
278.46,54,109.0,1446.0,13.0,37.0,16.77,83.1,23.0,26.7,27.8
278.58,54,109.0,1446.0,13.0,37.0,31.47,83.1,23.0,26.7,27.8
278.76,54,109.0,1446.0,13.0,37.0,31.47,83.1,23.0,26.7,27.8
278.909,54,109.0,1446.0,13.0,37.0,31.47,83.1,23.0,26.7,27.8
279.03,54,109.0,1446.0,13.0,37.0,31.47,83.1,23.0,42.0,27.8
279.211,54,109.0,1446.0,13.0,37.0,31.47,83.1,23.0,42.0,34.9
279.36,54,109.0,1446.0,13.0,37.0,31.47,83.1,23.0,42.0,34.9
279.51,54,123.0,1446.0,13.0,37.0,31.47,83.1,23.0,42.0,34.9
279.63,54,123.0,1792.0,13.0,37.0,31.47,83.1,23.0,42.0,34.9
279.809,54,123.0,1792.0,21.0,37.0,31.47,83.1,23.0,42.0,34.9
279.96,54,123.0,1792.0,21.0,25.0,31.47,83.1,23.0,42.0,34.9
280.079,54,123.0,1792.0,21.0,25.0,21.22,83.1,23.0,42.0,34.9
280.26,54,123.0,1792.0,21.0,25.0,21.22,46.7,23.0,42.0,34.9
280.379,54,123.0,1792.0,21.0,25.0,21.22,46.7,23.0,42.0,34.9
280.559,54,123.0,1792.0,21.0,25.0,21.22,46.7,23.0,43.9,34.9
280.709,54,123.0,1792.0,21.0,25.0,21.22,46.7,23.0,43.9,44.7
280.829,54,123.0,1792.0,21.0,25.0,21.22,46.7,23.0,43.9,44.7
280.979,54,118.0,1792.0,21.0,25.0,21.22,46.7,23.0,43.9,44.7
281.16,54,118.0,1475.0,21.0,25.0,21.22,46.7,23.0,43.9,44.7
281.311,54,118.0,1475.0,26.0,25.0,21.22,46.7,23.0,43.9,44.7
281.459,54,118.0,1475.0,26.0,12.0,21.22,46.7,23.0,43.9,44.7
281.58,54,118.0,1475.0,26.0,12.0,23.11,46.7,23.0,43.9,44.7
281.76,54,118.0,1475.0,26.0,12.0,23.11,83.5,23.0,43.9,44.7
281.909,54,118.0,1475.0,26.0,12.0,23.11,83.5,23.0,43.9,44.7
282.03,54,118.0,1475.0,26.0,12.0,23.11,83.5,23.0,37.3,44.7
282.18,54,118.0,1475.0,26.0,12.0,23.11,83.5,23.0,37.3,37.6
282.389,54,118.0,1475.0,26.0,12.0,23.11,83.5,23.0,37.3,37.6
282.54,54,127.0,1475.0,26.0,12.0,23.11,83.5,23.0,37.3,37.6
282.689,54,127.0,1696.0,26.0,12.0,23.11,83.5,23.0,37.3,37.6
282.869,54,127.0,1696.0,29.0,12.0,23.11,83.5,23.0,37.3,37.6
283.049,54,127.0,1696.0,29.0,8.0,23.11,83.5,23.0,37.3,37.6
283.2,54,127.0,1696.0,29.0,8.0,16.11,83.5,23.0,37.3,37.6
283.35,54,127.0,1696.0,29.0,8.0,16.11,83.5,23.0,37.3,37.6
283.499,54,127.0,1696.0,29.0,8.0,16.11,83.5,23.0,37.3,37.6
283.679,54,127.0,1696.0,29.0,8.0,16.11,83.5,23.0,16.1,37.6
283.799,54,127.0,1696.0,29.0,8.0,16.11,83.5,23.0,16.1,20.8
283.949,54,127.0,1696.0,29.0,8.0,16.11,83.5,23.0,16.1,20.8
284.159,54,115.0,1696.0,29.0,8.0,16.11,83.5,23.0,16.1,20.8
284.28,54,115.0,1536.0,29.0,8.0,16.11,83.5,23.0,16.1,20.8
284.429,54,115.0,1536.0,26.0,8.0,16.11,83.5,23.0,16.1,20.8
284.579,54,115.0,1536.0,26.0,4.0,16.11,83.5,23.0,16.1,20.8
284.729,54,115.0,1536.0,26.0,4.0,15.41,83.5,23.0,16.1,20.8
284.879,54,115.0,1536.0,26.0,4.0,15.41,83.5,23.0,16.1,20.8
285.03,54,115.0,1536.0,26.0,4.0,15.41,83.5,23.0,16.1,20.8
285.149,54,115.0,1536.0,26.0,4.0,15.41,83.5,23.0,36.1,20.8
285.27,54,115.0,1536.0,26.0,4.0,15.41,83.5,23.0,36.1,38.0
285.42,54,115.0,1536.0,26.0,4.0,15.41,83.5,23.0,36.1,38.0
285.599,54,118.0,1536.0,26.0,4.0,15.41,83.5,23.0,36.1,38.0
285.75,54,118.0,1640.0,26.0,4.0,15.41,83.5,23.0,36.1,38.0
285.87,54,118.0,1640.0,28.0,4.0,15.41,83.5,23.0,36.1,38.0
286.049,54,118.0,1640.0,28.0,4.0,15.41,83.5,23.0,36.1,38.0
286.17,54,118.0,1640.0,28.0,4.0,24.58,83.5,23.0,36.1,38.0
286.35,54,118.0,1640.0,28.0,4.0,24.58,83.5,23.0,36.1,38.0
286.499,54,118.0,1640.0,28.0,4.0,24.58,83.5,23.0,36.1,38.0
286.62,54,118.0,1640.0,28.0,4.0,24.58,83.5,23.0,14.1,38.0
286.8,54,118.0,1640.0,28.0,4.0,24.58,83.5,23.0,14.1,14.5
286.949,55,118.0,1640.0,28.0,4.0,24.58,83.5,23.0,14.1,14.5
287.071,55,116.0,1640.0,28.0,4.0,24.58,83.5,23.0,14.1,14.5
287.28,55,116.0,1006.0,28.0,4.0,24.58,83.5,23.0,14.1,14.5
287.399,55,116.0,1006.0,29.0,4.0,24.58,83.5,23.0,14.1,14.5
287.549,55,116.0,1006.0,29.0,5.0,24.58,83.5,23.0,14.1,14.5
287.7,55,116.0,1006.0,29.0,5.0,9.36,83.5,23.0,14.1,14.5
287.82,55,116.0,1006.0,29.0,5.0,9.36,83.5,23.0,14.1,14.5
288.0,55,116.0,1006.0,29.0,5.0,9.36,83.5,23.0,14.1,14.5
288.239,55,116.0,1006.0,29.0,5.0,9.36,83.5,23.0,14.1,14.5
288.359,55,116.0,1006.0,29.0,5.0,9.36,83.5,23.0,14.1,14.5
288.51,55,116.0,1006.0,29.0,5.0,9.36,83.5,23.0,14.1,14.5
288.66,55,107.0,1006.0,29.0,5.0,9.36,83.5,23.0,14.1,14.5
288.779,55,107.0,909.0,29.0,5.0,9.36,83.5,23.0,14.1,14.5
288.93,55,107.0,909.0,24.0,5.0,9.36,83.5,23.0,14.1,14.5
289.08,55,107.0,909.0,24.0,2.0,9.36,83.5,23.0,14.1,14.5
289.23,55,107.0,909.0,24.0,2.0,8.77,83.5,23.0,14.1,14.5
289.379,55,107.0,909.0,24.0,2.0,8.77,83.5,23.0,14.1,14.5
289.5,55,107.0,909.0,24.0,2.0,8.77,83.5,23.0,14.1,14.5
289.649,55,107.0,909.0,24.0,2.0,8.77,83.5,23.0,14.1,14.5
289.799,55,107.0,909.0,24.0,2.0,8.77,83.5,23.0,14.1,14.1
289.92,55,107.0,909.0,24.0,2.0,8.77,83.5,23.0,14.1,14.1
290.072,55,104.0,909.0,24.0,2.0,8.77,83.5,23.0,14.1,14.1
290.25,55,104.0,898.0,24.0,2.0,8.77,83.5,23.0,14.1,14.1
290.401,55,104.0,898.0,13.0,2.0,8.77,83.5,23.0,14.1,14.1
290.549,55,104.0,898.0,13.0,2.0,8.77,83.5,23.0,14.1,14.1
290.67,55,104.0,898.0,13.0,2.0,8.55,83.5,23.0,14.1,14.1
290.819,55,104.0,898.0,13.0,2.0,8.55,83.5,23.0,14.1,14.1
291.0,55,104.0,898.0,13.0,2.0,8.55,83.5,23.0,14.1,14.1
291.12,55,104.0,898.0,13.0,2.0,8.55,83.5,23.0,14.1,14.1
291.3,55,104.0,898.0,13.0,2.0,8.55,83.5,23.0,14.1,14.1
291.45,55,104.0,898.0,13.0,2.0,8.55,83.5,23.0,14.1,14.1
291.629,55,104.0,898.0,13.0,2.0,8.55,83.5,23.0,14.1,14.1
291.78,55,104.0,896.0,13.0,2.0,8.55,83.5,23.0,14.1,14.1
291.9,55,104.0,896.0,7.0,2.0,8.55,83.5,23.0,14.1,14.1
292.049,55,104.0,896.0,7.0,3.0,8.55,83.5,23.0,14.1,14.1
292.171,55,104.0,896.0,7.0,3.0,8.47,83.5,23.0,14.1,14.1
292.35,55,104.0,896.0,7.0,3.0,8.47,83.5,23.0,14.1,14.1
292.469,55,104.0,896.0,7.0,3.0,8.47,83.5,23.0,14.1,14.1
292.68,55,104.0,896.0,7.0,3.0,8.47,83.5,23.0,18.8,14.1
292.83,55,104.0,896.0,7.0,3.0,8.47,83.5,23.0,18.8,19.6
292.95,55,104.0,896.0,7.0,3.0,8.47,83.5,23.0,18.8,19.6
293.1,55,104.0,896.0,7.0,3.0,8.47,83.5,23.0,18.8,19.6
293.251,55,104.0,902.0,7.0,3.0,8.47,83.5,23.0,18.8,19.6
293.429,55,104.0,902.0,8.0,3.0,8.47,83.5,23.0,18.8,19.6
293.58,55,104.0,902.0,8.0,5.0,8.47,83.5,23.0,18.8,19.6
293.736,55,104.0,902.0,8.0,5.0,15.94,83.5,23.0,18.8,19.6
293.849,55,104.0,902.0,8.0,5.0,15.94,83.5,23.0,18.8,19.6
294.0,55,104.0,902.0,8.0,5.0,15.94,83.5,23.0,18.8,19.6
294.12,55,104.0,902.0,8.0,5.0,15.94,83.5,23.0,48.6,19.6
294.27,55,104.0,902.0,8.0,5.0,15.94,83.5,23.0,48.6,51.0
294.449,55,104.0,902.0,8.0,5.0,15.94,83.5,23.0,48.6,51.0
294.57,55,127.0,902.0,8.0,5.0,15.94,83.5,23.0,48.6,51.0
294.75,55,127.0,2015.0,8.0,5.0,15.94,83.5,23.0,48.6,51.0
294.899,55,127.0,2015.0,19.0,5.0,15.94,83.5,23.0,48.6,51.0
295.02,55,127.0,2015.0,19.0,14.0,15.94,83.5,23.0,48.6,51.0
295.32,55,127.0,2015.0,19.0,14.0,33.91,83.5,23.0,48.6,51.0
295.5,55,127.0,2015.0,19.0,14.0,33.91,30.6,23.0,48.6,51.0
295.649,55,127.0,2015.0,19.0,14.0,33.91,30.6,23.0,48.6,51.0
295.77,55,127.0,2015.0,19.0,14.0,33.91,30.6,23.0,32.5,51.0
295.92,55,127.0,2015.0,19.0,14.0,33.91,30.6,23.0,32.5,36.1
296.099,55,127.0,2015.0,19.0,14.0,33.91,30.6,23.0,32.5,36.1
296.22,55,109.0,2015.0,19.0,14.0,33.91,30.6,23.0,32.5,36.1
296.4,55,109.0,1347.0,19.0,14.0,33.91,30.6,23.0,32.5,36.1
296.52,55,109.0,1347.0,24.0,14.0,33.91,30.6,23.0,32.5,36.1
296.67,55,109.0,1347.0,24.0,14.0,33.91,30.6,23.0,32.5,36.1
296.85,55,109.0,1347.0,24.0,14.0,30.77,30.6,23.0,32.5,36.1
297.0,55,109.0,1347.0,24.0,14.0,30.77,83.5,23.0,32.5,36.1
297.12,55,109.0,1347.0,24.0,14.0,30.77,83.5,23.0,32.5,36.1
297.27,55,109.0,1347.0,24.0,14.0,30.77,83.5,23.0,52.2,36.1
297.419,55,109.0,1347.0,24.0,14.0,30.77,83.5,23.0,52.2,52.9
297.569,55,109.0,1347.0,24.0,14.0,30.77,83.5,23.0,52.2,52.9
297.749,55,181.0,1347.0,24.0,14.0,30.77,83.5,23.0,52.2,52.9
297.9,55,181.0,2005.0,24.0,14.0,30.77,83.5,23.0,52.2,52.9
298.02,55,181.0,2005.0,35.0,14.0,30.77,83.5,23.0,52.2,52.9
298.2,55,181.0,2005.0,35.0,18.0,30.77,83.5,23.0,52.2,52.9
298.35,55,181.0,2005.0,35.0,18.0,73.44,83.5,23.0,52.2,52.9
298.499,55,181.0,2005.0,35.0,18.0,73.44,83.5,23.0,52.2,52.9
298.619,55,181.0,2005.0,35.0,18.0,73.44,83.5,23.0,52.2,52.9
298.77,55,181.0,2005.0,35.0,18.0,73.44,83.5,23.0,51.8,52.9
298.949,55,181.0,2005.0,35.0,18.0,73.44,83.5,23.0,51.8,51.4
299.1,55,181.0,2005.0,35.0,18.0,73.44,83.5,23.0,51.8,51.4
299.22,55,198.0,2005.0,35.0,18.0,73.44,83.5,23.0,51.8,51.4
299.399,55,198.0,2634.0,35.0,18.0,73.44,83.5,23.0,51.8,51.4
299.519,55,198.0,2634.0,46.0,18.0,73.44,83.5,23.0,51.8,51.4
299.67,55,198.0,2634.0,46.0,18.0,73.44,83.5,23.0,51.8,51.4
299.849,55,198.0,2634.0,46.0,18.0,34.44,83.5,23.0,51.8,51.4
300.001,55,198.0,2634.0,46.0,18.0,34.44,31.0,23.0,51.8,51.4
300.119,55,198.0,2634.0,46.0,18.0,34.44,31.0,23.0,51.8,51.4
300.24,55,198.0,2634.0,46.0,18.0,34.44,31.0,23.0,39.2,51.4
300.391,55,198.0,2634.0,46.0,18.0,34.44,31.0,23.0,39.2,43.9
300.539,55,198.0,2634.0,46.0,18.0,34.44,31.0,23.0,39.2,43.9
300.689,55,117.0,2634.0,46.0,18.0,34.44,31.0,23.0,39.2,43.9
300.809,55,117.0,1726.0,46.0,18.0,34.44,31.0,23.0,39.2,43.9
300.991,55,117.0,1726.0,47.0,18.0,34.44,31.0,23.0,39.2,43.9
301.156,55,117.0,1726.0,47.0,15.0,34.44,31.0,23.0,39.2,43.9
301.35,55,117.0,1726.0,47.0,15.0,15.63,31.0,23.0,39.2,43.9
301.47,55,117.0,1726.0,47.0,15.0,15.63,83.5,23.0,39.2,43.9
301.649,55,117.0,1726.0,47.0,15.0,15.63,83.5,23.0,39.2,43.9
301.8,55,117.0,1726.0,47.0,15.0,15.63,83.5,23.0,27.8,43.9
301.919,55,117.0,1726.0,47.0,15.0,15.63,83.5,23.0,27.8,28.2
302.071,55,117.0,1726.0,47.0,15.0,15.63,83.5,23.0,27.8,28.2
302.19,55,107.0,1726.0,47.0,15.0,15.63,83.5,23.0,27.8,28.2
302.399,55,107.0,1725.0,47.0,15.0,15.63,83.5,23.0,27.8,28.2
302.549,55,107.0,1725.0,46.0,15.0,15.63,83.5,23.0,27.8,28.2
302.67,55,107.0,1725.0,46.0,13.0,15.63,83.5,23.0,27.8,28.2
302.851,55,107.0,1725.0,46.0,13.0,15.05,83.5,23.0,27.8,28.2
303.001,55,107.0,1725.0,46.0,13.0,15.05,83.5,23.0,27.8,28.2
303.151,55,107.0,1725.0,46.0,13.0,15.05,83.5,23.0,27.8,28.2
303.299,55,107.0,1725.0,46.0,13.0,15.05,83.5,23.0,27.5,28.2
303.42,55,107.0,1725.0,46.0,13.0,15.05,83.5,23.0,27.5,27.5
303.6,56,107.0,1725.0,46.0,13.0,15.05,83.5,23.0,27.5,27.5
303.751,56,109.0,1725.0,46.0,13.0,15.05,83.5,23.0,27.5,27.5
303.871,56,109.0,1686.0,46.0,13.0,15.05,83.5,23.0,27.5,27.5
304.02,56,109.0,1686.0,45.0,13.0,15.05,83.5,23.0,27.5,27.5
304.26,56,109.0,1686.0,45.0,15.0,15.05,83.5,23.0,27.5,27.5
304.44,56,109.0,1686.0,45.0,15.0,15.27,83.5,23.0,27.5,27.5
304.56,56,109.0,1686.0,45.0,15.0,15.27,83.5,23.0,27.5,27.5
304.739,56,109.0,1686.0,45.0,15.0,15.27,83.5,23.0,27.5,27.5
304.89,56,109.0,1686.0,45.0,15.0,15.27,83.5,23.0,29.0,27.5
305.017,56,109.0,1686.0,45.0,15.0,15.27,83.5,23.0,29.0,29.0
305.159,56,109.0,1686.0,45.0,15.0,15.27,83.5,23.0,29.0,29.0
305.312,56,113.0,1686.0,45.0,15.0,15.27,83.5,23.0,29.0,29.0
305.49,56,113.0,1676.0,45.0,15.0,15.27,83.5,23.0,29.0,29.0
305.639,56,113.0,1676.0,45.0,15.0,15.27,83.5,23.0,29.0,29.0
305.79,56,113.0,1676.0,45.0,16.0,15.27,83.5,23.0,29.0,29.0
305.911,56,113.0,1676.0,45.0,16.0,16.02,83.5,23.0,29.0,29.0
306.091,56,113.0,1676.0,45.0,16.0,16.02,83.5,23.0,29.0,29.0
306.21,56,113.0,1676.0,45.0,16.0,16.02,83.5,23.0,29.0,29.0
306.36,56,113.0,1676.0,45.0,16.0,16.02,83.5,23.0,31.0,29.0
306.54,56,113.0,1676.0,45.0,16.0,16.02,83.5,23.0,31.0,29.4
306.66,56,113.0,1676.0,45.0,16.0,16.02,83.5,23.0,31.0,29.4
306.841,56,117.0,1676.0,45.0,16.0,16.02,83.5,23.0,31.0,29.4
306.99,56,117.0,1679.0,45.0,16.0,16.02,83.5,23.0,31.0,29.4
307.147,56,117.0,1679.0,45.0,16.0,16.02,83.5,23.0,31.0,29.4
307.319,56,117.0,1679.0,45.0,18.0,16.02,83.5,23.0,31.0,29.4
307.439,56,117.0,1679.0,45.0,18.0,14.94,83.5,23.0,31.0,29.4
307.589,56,117.0,1679.0,45.0,18.0,14.94,83.5,23.0,31.0,29.4
307.739,56,117.0,1679.0,45.0,18.0,14.94,83.5,23.0,31.0,29.4
307.859,56,117.0,1679.0,45.0,18.0,14.94,83.5,23.0,23.5,29.4
308.01,56,117.0,1679.0,45.0,18.0,14.94,83.5,23.0,23.5,23.1
308.193,56,117.0,1679.0,45.0,18.0,14.94,83.5,23.0,23.5,23.1
308.312,56,105.0,1679.0,45.0,18.0,14.94,83.5,23.0,23.5,23.1
308.49,56,105.0,1641.0,45.0,18.0,14.94,83.5,23.0,23.5,23.1
308.64,56,105.0,1641.0,44.0,18.0,14.94,83.5,23.0,23.5,23.1
308.76,56,105.0,1641.0,44.0,18.0,14.94,83.5,23.0,23.5,23.1
308.911,56,105.0,1641.0,44.0,18.0,13.58,83.5,23.0,23.5,23.1
309.092,56,105.0,1641.0,44.0,18.0,13.58,83.5,23.0,23.5,23.1
309.21,56,105.0,1641.0,44.0,18.0,13.58,83.5,23.0,23.5,23.1
309.51,56,105.0,1641.0,44.0,18.0,13.58,83.5,23.0,23.5,23.1
309.691,56,105.0,1641.0,44.0,18.0,13.58,83.5,23.0,23.5,23.5
309.811,56,105.0,1641.0,44.0,18.0,13.58,83.5,23.0,23.5,23.5
309.96,56,103.0,1641.0,44.0,18.0,13.58,83.5,23.0,23.5,23.5
310.111,56,103.0,1583.0,44.0,18.0,13.58,83.5,23.0,23.5,23.5
310.32,56,103.0,1583.0,42.0,18.0,13.58,83.5,23.0,23.5,23.5
310.47,56,103.0,1583.0,42.0,18.0,13.58,83.5,23.0,23.5,23.5
310.62,56,103.0,1583.0,42.0,18.0,12.91,83.5,23.0,23.5,23.5
310.74,56,103.0,1583.0,42.0,18.0,12.91,83.5,23.0,23.5,23.5
310.89,56,103.0,1583.0,42.0,18.0,12.91,83.5,23.0,23.5,23.5
311.039,56,103.0,1583.0,42.0,18.0,12.91,83.5,23.0,23.9,23.5
311.16,56,103.0,1583.0,42.0,18.0,12.91,83.5,23.0,23.9,23.9
311.28,57,103.0,1583.0,42.0,18.0,12.91,83.5,23.0,23.9,23.9
311.43,57,104.0,1583.0,42.0,18.0,12.91,83.5,23.0,23.9,23.9
311.58,57,104.0,1535.0,42.0,18.0,12.91,83.5,23.0,23.9,23.9
311.7,57,104.0,1535.0,41.0,18.0,12.91,83.5,23.0,23.9,23.9
311.881,57,104.0,1535.0,41.0,19.0,12.91,83.5,23.0,23.9,23.9
312.032,57,104.0,1535.0,41.0,19.0,13.05,83.5,23.0,23.9,23.9
312.152,57,104.0,1535.0,41.0,19.0,13.05,83.5,23.0,23.9,23.9
312.39,57,104.0,1535.0,41.0,19.0,13.05,83.5,23.0,23.9,23.9
312.57,57,104.0,1535.0,41.0,19.0,13.05,83.5,23.0,22.4,23.9
312.692,57,104.0,1535.0,41.0,19.0,13.05,83.5,23.0,22.4,21.6
312.872,57,104.0,1535.0,41.0,19.0,13.05,83.5,23.0,22.4,21.6
313.019,57,103.0,1535.0,41.0,19.0,13.05,83.5,23.0,22.4,21.6
313.201,57,103.0,1464.0,41.0,19.0,13.05,83.5,23.0,22.4,21.6
313.359,57,103.0,1464.0,39.0,19.0,13.05,83.5,23.0,22.4,21.6
313.53,57,103.0,1464.0,39.0,20.0,13.05,83.5,23.0,22.4,21.6
313.681,57,103.0,1464.0,39.0,20.0,13.33,83.5,23.0,22.4,21.6
313.8,57,103.0,1464.0,39.0,20.0,13.33,83.5,23.0,22.4,21.6
313.98,57,103.0,1464.0,39.0,20.0,13.33,83.5,23.0,22.4,21.6
314.132,57,103.0,1464.0,39.0,20.0,13.33,83.5,23.0,14.1,21.6
314.251,57,103.0,1464.0,39.0,20.0,13.33,83.5,23.0,14.1,14.5
314.43,57,103.0,1464.0,39.0,20.0,13.33,83.5,23.0,14.1,14.5
314.55,57,109.0,1464.0,39.0,20.0,13.33,83.5,23.0,14.1,14.5
314.73,57,109.0,1366.0,39.0,20.0,13.33,83.5,23.0,14.1,14.5
314.879,57,109.0,1366.0,36.0,20.0,13.33,83.5,23.0,14.1,14.5
314.999,57,109.0,1366.0,36.0,21.0,13.33,83.5,23.0,14.1,14.5
315.152,57,109.0,1366.0,36.0,21.0,12.33,83.5,23.0,14.1,14.5
315.331,57,109.0,1366.0,36.0,21.0,12.33,83.5,23.0,14.1,14.5
315.63,57,109.0,1366.0,36.0,21.0,12.33,83.5,23.0,14.1,14.5
315.78,57,109.0,1366.0,36.0,21.0,12.33,83.5,23.0,14.1,14.5
315.9,57,109.0,1366.0,36.0,21.0,12.33,83.5,23.0,14.1,14.1
316.052,57,109.0,1366.0,36.0,21.0,12.33,83.5,23.0,14.1,14.1
316.2,57,107.0,1366.0,36.0,21.0,12.33,83.5,23.0,14.1,14.1
316.379,57,107.0,909.0,36.0,21.0,12.33,83.5,23.0,14.1,14.1
316.53,57,107.0,909.0,27.0,21.0,12.33,83.5,23.0,14.1,14.1
316.651,57,107.0,909.0,27.0,19.0,12.33,83.5,23.0,14.1,14.1
316.832,57,107.0,909.0,27.0,19.0,8.61,83.5,23.0,14.1,14.1
316.98,57,107.0,909.0,27.0,19.0,8.61,83.5,23.0,14.1,14.1
317.1,57,107.0,909.0,27.0,19.0,8.61,83.5,23.0,14.1,14.1
317.251,57,107.0,909.0,27.0,19.0,8.61,83.5,23.0,14.1,14.1
317.37,57,107.0,909.0,27.0,19.0,8.61,83.5,23.0,14.1,14.5
317.55,57,107.0,909.0,27.0,19.0,8.61,83.5,23.0,14.1,14.5
317.7,57,104.0,909.0,27.0,19.0,8.61,83.5,23.0,14.1,14.5
317.85,57,104.0,898.0,27.0,19.0,8.61,83.5,23.0,14.1,14.5
317.971,57,104.0,898.0,19.0,19.0,8.61,83.5,23.0,14.1,14.5
318.12,57,104.0,898.0,19.0,19.0,8.61,83.5,23.0,14.1,14.5
318.24,57,104.0,898.0,19.0,19.0,8.38,83.5,23.0,14.1,14.5
318.42,57,104.0,898.0,19.0,19.0,8.38,83.5,23.0,14.1,14.5
318.539,57,104.0,898.0,19.0,19.0,8.38,83.5,23.0,14.1,14.5
318.692,57,104.0,898.0,19.0,19.0,8.38,83.5,23.0,14.1,14.5
318.872,57,104.0,898.0,19.0,19.0,8.38,83.5,23.0,14.1,14.5
319.02,58,104.0,898.0,19.0,19.0,8.38,83.5,23.0,14.1,14.5
319.139,58,103.0,898.0,19.0,19.0,8.38,83.5,23.0,14.1,14.5
319.38,58,103.0,896.0,19.0,19.0,8.38,83.5,23.0,14.1,14.5
319.559,58,103.0,896.0,15.0,19.0,8.38,83.5,23.0,14.1,14.5
319.712,58,103.0,896.0,15.0,20.0,8.38,83.5,23.0,14.1,14.5
319.831,58,103.0,896.0,15.0,20.0,8.38,83.5,23.0,14.1,14.5
319.98,58,103.0,896.0,15.0,20.0,8.38,83.5,23.0,14.1,14.5
320.132,58,103.0,896.0,15.0,20.0,8.38,83.5,23.0,14.1,14.5
320.251,58,103.0,896.0,15.0,20.0,8.38,83.5,23.0,14.1,14.5
320.369,58,103.0,896.0,15.0,20.0,8.38,83.5,23.0,14.1,14.5
320.52,58,103.0,896.0,15.0,20.0,8.38,83.5,23.0,14.1,14.5
320.673,58,103.0,896.0,15.0,20.0,8.38,83.5,23.0,14.1,14.5
320.791,58,103.0,899.0,15.0,20.0,8.38,83.5,23.0,14.1,14.5
320.972,58,103.0,899.0,14.0,20.0,8.38,83.5,23.0,14.1,14.5
321.12,58,103.0,899.0,14.0,20.0,8.38,83.5,23.0,14.1,14.5
321.239,58,103.0,899.0,14.0,20.0,8.38,83.5,23.0,14.1,14.5
321.42,58,103.0,899.0,14.0,20.0,8.38,83.5,23.0,14.1,14.5
321.54,58,103.0,899.0,14.0,20.0,8.38,83.5,23.0,14.1,14.5
321.692,58,103.0,899.0,14.0,20.0,8.38,83.5,23.0,14.1,14.5
321.87,58,103.0,899.0,14.0,20.0,8.38,83.5,23.0,14.1,14.5
322.02,58,103.0,899.0,14.0,20.0,8.38,83.5,23.0,14.1,14.5
322.14,58,103.0,899.0,14.0,20.0,8.38,83.5,23.0,14.1,14.5
322.379,58,103.0,900.0,14.0,20.0,8.38,83.5,23.0,14.1,14.5
322.53,58,103.0,900.0,10.0,20.0,8.38,83.5,23.0,14.1,14.5
322.651,58,103.0,900.0,10.0,21.0,8.38,83.5,23.0,14.1,14.5
322.8,58,103.0,900.0,10.0,21.0,8.36,83.5,23.0,14.1,14.5
322.952,58,103.0,900.0,10.0,21.0,8.36,83.5,23.0,14.1,14.5
323.069,58,103.0,900.0,10.0,21.0,8.36,83.5,23.0,14.1,14.5
323.22,58,103.0,900.0,10.0,21.0,8.36,83.5,23.0,14.1,14.5
323.34,58,103.0,900.0,10.0,21.0,8.36,83.5,23.0,14.1,14.5
323.52,58,103.0,900.0,10.0,21.0,8.36,83.5,23.0,14.1,14.5
323.67,58,103.0,900.0,10.0,21.0,8.36,83.5,23.0,14.1,14.5
323.792,58,103.0,897.0,10.0,21.0,8.36,83.5,23.0,14.1,14.5
323.97,58,103.0,897.0,5.0,21.0,8.36,83.5,23.0,14.1,14.5
324.12,58,103.0,897.0,5.0,22.0,8.36,83.5,23.0,14.1,14.5
324.24,58,103.0,897.0,5.0,22.0,8.44,83.5,23.0,14.1,14.5
324.42,58,103.0,897.0,5.0,22.0,8.44,83.5,23.0,14.1,14.5
324.54,58,103.0,897.0,5.0,22.0,8.44,83.5,23.0,14.1,14.5
324.689,58,103.0,897.0,5.0,22.0,8.44,83.5,23.0,14.1,14.5
324.87,58,103.0,897.0,5.0,22.0,8.44,83.5,23.0,14.1,14.5
325.02,58,103.0,897.0,5.0,22.0,8.44,83.5,23.0,14.1,14.5
325.14,58,103.0,897.0,5.0,22.0,8.44,83.5,23.0,14.1,14.5
325.349,58,103.0,819.0,5.0,22.0,8.44,83.5,23.0,14.1,14.5
325.47,58,103.0,819.0,1.0,22.0,8.44,83.5,23.0,14.1,14.5
325.62,58,103.0,819.0,1.0,22.0,8.44,83.5,23.0,14.1,14.5
325.772,58,103.0,819.0,1.0,22.0,7.33,83.5,23.0,14.1,14.5
325.89,58,103.0,819.0,1.0,22.0,7.33,83.5,23.0,14.1,14.5
326.07,58,103.0,819.0,1.0,22.0,7.33,83.5,23.0,14.1,14.5
326.22,58,103.0,819.0,1.0,22.0,7.33,83.5,23.0,14.1,14.5
326.339,58,103.0,819.0,1.0,22.0,7.33,83.5,23.0,14.1,14.5
326.52,59,103.0,819.0,1.0,22.0,7.33,83.5,23.0,14.1,14.5
326.67,59,102.0,819.0,1.0,22.0,7.33,83.5,23.0,14.1,14.5
326.79,59,102.0,765.0,1.0,22.0,7.33,83.5,23.0,14.1,14.5
327.0,59,102.0,765.0,0.0,22.0,7.33,83.5,23.0,14.1,14.5
327.15,59,102.0,765.0,0.0,21.0,7.33,83.5,23.0,14.1,14.5
327.27,59,102.0,765.0,0.0,21.0,7.27,83.5,23.0,14.1,14.5
327.42,59,102.0,765.0,0.0,21.0,7.27,83.5,23.0,14.1,14.5
327.54,59,102.0,765.0,0.0,21.0,7.27,83.5,23.0,14.1,14.5
327.839,59,102.0,765.0,0.0,21.0,7.27,83.5,23.0,14.1,14.5
328.02,59,102.0,765.0,0.0,21.0,7.27,83.5,23.0,14.1,14.5
328.17,59,102.0,765.0,0.0,21.0,7.27,83.5,23.0,14.1,14.5
328.319,59,102.0,765.0,0.0,21.0,7.27,83.5,23.0,14.1,14.5
328.47,59,102.0,767.0,0.0,21.0,7.27,83.5,23.0,14.1,14.5
328.59,59,102.0,767.0,0.0,21.0,7.27,83.5,23.0,14.1,14.5
328.784,59,102.0,767.0,0.0,22.0,7.27,83.5,23.0,14.1,14.5
328.95,59,102.0,767.0,0.0,22.0,7.05,83.5,23.0,14.1,14.5
329.101,59,102.0,767.0,0.0,22.0,7.05,83.5,23.0,14.1,14.5
329.22,59,102.0,767.0,0.0,22.0,7.05,83.5,23.0,14.1,14.5
329.34,59,102.0,767.0,0.0,22.0,7.05,83.5,23.0,14.1,14.5
329.49,59,102.0,767.0,0.0,22.0,7.05,83.5,23.0,14.1,14.5
329.67,59,102.0,767.0,0.0,22.0,7.05,83.5,23.0,14.1,14.5
329.789,59,102.0,767.0,0.0,22.0,7.05,83.5,23.0,14.1,14.5
329.94,59,102.0,767.0,0.0,22.0,7.05,83.5,23.0,14.1,14.5
330.089,59,102.0,767.0,0.0,22.0,7.05,83.5,23.0,14.1,14.5
330.241,59,102.0,767.0,0.0,22.0,7.05,83.5,23.0,14.1,14.5
330.449,59,102.0,767.0,0.0,22.0,7.16,83.5,23.0,14.1,14.5
330.569,59,102.0,767.0,0.0,22.0,7.16,83.5,23.0,14.1,14.5
330.873,59,102.0,767.0,0.0,22.0,7.16,83.5,23.0,14.1,14.5
330.99,59,102.0,767.0,0.0,22.0,7.16,83.5,23.0,14.1,14.5
331.14,59,102.0,767.0,0.0,22.0,7.16,83.5,23.0,14.1,14.5
331.35,59,102.0,767.0,0.0,22.0,7.16,83.5,23.0,14.1,14.5
331.473,59,102.0,767.0,0.0,22.0,7.16,83.5,23.0,14.1,14.5
331.62,59,102.0,767.0,0.0,22.0,7.16,83.5,23.0,14.1,14.5
331.77,59,102.0,767.0,0.0,22.0,7.16,83.5,23.0,14.1,14.5
331.89,59,102.0,767.0,0.0,23.0,7.16,83.5,23.0,14.1,14.5
332.039,59,102.0,767.0,0.0,23.0,7.24,83.5,23.0,14.1,14.5
332.19,59,102.0,767.0,0.0,23.0,7.24,83.5,23.0,14.1,14.5
332.311,59,102.0,767.0,0.0,23.0,7.24,83.5,23.0,14.1,14.5
332.43,59,102.0,767.0,0.0,23.0,7.24,83.5,23.0,14.1,14.5
332.58,59,102.0,767.0,0.0,23.0,7.24,83.5,23.0,14.1,14.5
332.76,58,102.0,767.0,0.0,23.0,7.24,83.5,23.0,14.1,14.5
332.882,58,102.0,767.0,0.0,23.0,7.24,83.5,23.0,14.1,14.5
333.06,58,102.0,767.0,0.0,23.0,7.24,83.5,23.0,14.1,14.5
333.21,58,102.0,767.0,0.0,23.0,7.24,83.5,23.0,14.1,14.5
333.39,58,102.0,767.0,0.0,23.0,7.24,83.5,23.0,14.1,14.5
333.54,58,102.0,767.0,0.0,23.0,7.24,83.5,23.0,14.1,14.5
333.69,58,102.0,767.0,0.0,23.0,7.24,83.5,23.0,14.1,14.5
333.81,58,102.0,767.0,0.0,23.0,7.24,83.5,23.0,14.1,14.5
333.96,58,102.0,767.0,0.0,23.0,7.24,83.5,23.0,14.1,14.5
334.11,58,102.0,767.0,0.0,23.0,7.24,83.5,23.0,14.1,14.5
334.234,58,102.0,767.0,0.0,23.0,7.24,83.5,23.0,14.1,14.5
334.44,58,102.0,767.0,0.0,23.0,7.24,83.5,23.0,14.1,14.5
334.56,58,102.0,769.0,0.0,23.0,7.24,83.5,23.0,14.1,14.5
334.71,58,102.0,769.0,0.0,23.0,7.24,83.5,23.0,14.1,14.5
334.865,58,102.0,769.0,0.0,23.0,7.24,83.5,23.0,14.1,14.5
334.98,58,102.0,769.0,0.0,23.0,7.11,83.5,23.0,14.1,14.5
335.16,58,102.0,769.0,0.0,23.0,7.11,83.5,23.0,14.1,14.5
335.28,58,102.0,769.0,0.0,23.0,7.11,83.5,23.0,14.1,14.5
335.429,58,102.0,769.0,0.0,23.0,7.11,83.5,23.0,14.1,14.5
335.579,58,102.0,769.0,0.0,23.0,7.11,83.5,23.0,14.1,14.5
335.76,58,102.0,769.0,0.0,23.0,7.11,83.5,23.0,14.1,14.5
335.909,58,102.0,769.0,0.0,23.0,7.11,83.5,23.0,14.1,14.5
336.03,58,102.0,768.0,0.0,23.0,7.11,83.5,23.0,14.1,14.5
336.21,58,102.0,768.0,0.0,23.0,7.11,83.5,23.0,14.1,14.5
336.337,58,102.0,768.0,0.0,24.0,7.11,83.5,23.0,14.1,14.5
336.509,58,102.0,768.0,0.0,24.0,7.38,83.5,23.0,14.1,14.5
336.658,58,102.0,768.0,0.0,24.0,7.38,83.5,23.0,14.1,14.5
336.778,58,102.0,768.0,0.0,24.0,7.38,83.5,23.0,14.1,14.5
336.957,58,102.0,768.0,0.0,24.0,7.38,83.5,23.0,14.1,14.5
337.109,58,102.0,768.0,0.0,24.0,7.38,83.5,23.0,14.1,14.5
337.258,58,102.0,768.0,0.0,24.0,7.38,83.5,23.0,14.1,14.5
337.407,58,102.0,768.0,0.0,24.0,7.38,83.5,23.0,14.1,14.5
337.558,58,102.0,769.0,0.0,24.0,7.38,83.5,23.0,14.1,14.5
337.708,58,102.0,769.0,0.0,24.0,7.38,83.5,23.0,14.1,14.5
337.828,58,102.0,769.0,0.0,24.0,7.38,83.5,23.0,14.1,14.5
337.978,58,102.0,769.0,0.0,24.0,7.24,83.5,23.0,14.1,14.5
338.159,58,102.0,769.0,0.0,24.0,7.24,83.5,23.0,14.1,14.5
338.278,58,102.0,769.0,0.0,24.0,7.24,83.5,23.0,14.1,14.5
338.458,58,102.0,769.0,0.0,24.0,7.24,83.5,23.0,14.1,14.5
338.578,58,102.0,769.0,0.0,24.0,7.24,83.5,23.0,14.1,14.5
338.729,58,102.0,769.0,0.0,24.0,7.24,83.5,23.0,14.1,14.5
338.908,58,102.0,769.0,0.0,24.0,7.24,83.5,23.0,14.1,14.5
339.058,58,102.0,770.0,0.0,24.0,7.24,83.5,23.0,14.1,14.5
339.178,58,102.0,770.0,0.0,24.0,7.24,83.5,23.0,14.1,14.5
339.417,58,102.0,770.0,0.0,24.0,7.24,83.5,23.0,14.1,14.5
339.538,58,102.0,770.0,0.0,24.0,7.11,83.5,23.0,14.1,14.5
339.688,58,102.0,770.0,0.0,24.0,7.11,83.5,23.0,14.1,14.5
339.808,58,102.0,770.0,0.0,24.0,7.11,83.5,23.0,14.1,14.5
339.929,58,102.0,770.0,0.0,24.0,7.11,83.5,23.0,14.1,14.5
340.108,58,102.0,770.0,0.0,24.0,7.11,83.5,23.0,14.1,14.5
340.348,58,102.0,770.0,0.0,24.0,7.11,83.5,23.0,14.1,14.5
340.468,58,102.0,770.0,0.0,24.0,7.11,83.5,23.0,14.1,14.5
340.618,58,102.0,769.0,0.0,24.0,7.11,83.5,23.0,14.1,14.5
340.768,58,102.0,769.0,0.0,24.0,7.11,83.5,23.0,14.1,14.5
340.888,58,102.0,769.0,0.0,24.0,7.11,83.5,23.0,14.1,14.5
341.038,58,102.0,769.0,0.0,24.0,6.99,83.5,23.0,14.1,14.5
341.188,58,102.0,769.0,0.0,24.0,6.99,83.5,23.0,14.1,14.5
341.313,58,102.0,769.0,0.0,24.0,6.99,83.5,23.0,14.1,14.5
341.428,58,102.0,769.0,0.0,24.0,6.99,83.5,23.0,14.1,14.5
341.607,58,102.0,769.0,0.0,24.0,6.99,83.5,23.0,14.1,14.5
341.759,58,102.0,769.0,0.0,24.0,6.99,83.5,23.0,14.1,14.5
341.878,58,102.0,769.0,0.0,24.0,6.99,83.5,23.0,14.1,14.5
342.028,58,102.0,768.0,0.0,24.0,6.99,83.5,23.0,14.1,14.5
342.209,58,102.0,768.0,0.0,24.0,6.99,83.5,23.0,14.1,14.5
342.357,58,102.0,768.0,0.0,25.0,6.99,83.5,23.0,14.1,14.5
342.508,58,102.0,768.0,0.0,25.0,7.24,83.5,23.0,14.1,14.5
342.627,58,102.0,768.0,0.0,25.0,7.24,83.5,23.0,14.1,14.5
342.777,58,102.0,768.0,0.0,25.0,7.24,83.5,23.0,14.1,14.5
342.957,58,102.0,768.0,0.0,25.0,7.24,83.5,23.0,21.6,14.5
343.109,58,102.0,768.0,0.0,25.0,7.24,83.5,23.0,21.6,22.7
343.258,58,102.0,768.0,0.0,25.0,7.24,83.5,23.0,21.6,22.7
343.408,58,104.0,768.0,0.0,25.0,7.24,83.5,23.0,21.6,22.7
343.528,58,104.0,1069.0,0.0,25.0,7.24,83.5,23.0,21.6,22.7
343.708,58,104.0,1069.0,3.0,25.0,7.24,83.5,23.0,21.6,22.7
343.888,58,104.0,1069.0,3.0,27.0,7.24,83.5,23.0,21.6,22.7
344.038,58,104.0,1069.0,3.0,27.0,14.19,83.5,23.0,21.6,22.7
344.158,58,104.0,1069.0,3.0,27.0,14.19,83.5,23.0,21.6,22.7
344.308,58,104.0,1069.0,3.0,27.0,14.19,83.5,23.0,21.6,22.7
344.428,58,104.0,1069.0,3.0,27.0,14.19,83.5,23.0,27.5,22.7
344.608,58,104.0,1069.0,3.0,27.0,14.19,83.5,23.0,27.5,31.4
344.758,58,104.0,1069.0,3.0,27.0,14.19,83.5,23.0,27.5,31.4
344.878,58,116.0,1069.0,3.0,27.0,14.19,83.5,23.0,27.5,31.4
345.029,58,116.0,1677.0,3.0,27.0,14.19,83.5,23.0,27.5,31.4
345.178,58,116.0,1677.0,15.0,27.0,14.19,83.5,23.0,27.5,31.4
345.298,58,116.0,1677.0,15.0,32.0,14.19,83.5,23.0,27.5,31.4
345.418,58,116.0,1677.0,15.0,32.0,33.08,83.5,23.0,27.5,31.4
345.567,58,116.0,1677.0,15.0,32.0,33.08,83.5,23.0,27.5,31.4
345.717,58,116.0,1677.0,15.0,32.0,33.08,83.5,23.0,27.5,31.4
345.868,58,116.0,1677.0,15.0,32.0,33.08,83.5,23.0,32.2,31.4
346.018,58,116.0,1677.0,15.0,32.0,33.08,83.5,23.0,32.2,14.5
346.168,58,116.0,1677.0,15.0,32.0,33.08,83.5,23.0,32.2,14.5
346.438,58,100.0,1677.0,15.0,32.0,33.08,83.5,23.0,32.2,14.5
346.588,58,100.0,1572.0,15.0,32.0,33.08,83.5,23.0,32.2,14.5
346.708,58,100.0,1572.0,21.0,32.0,33.08,83.5,23.0,32.2,14.5
346.858,58,100.0,1572.0,21.0,34.0,33.08,83.5,23.0,32.2,14.5
347.008,58,100.0,1572.0,21.0,34.0,21.27,83.5,23.0,32.2,14.5
347.128,58,100.0,1572.0,21.0,34.0,21.27,82.7,23.0,32.2,14.5
347.278,58,100.0,1572.0,21.0,34.0,21.27,82.7,23.0,32.2,14.5
347.427,58,100.0,1572.0,21.0,34.0,21.27,82.7,23.0,48.6,14.5
347.607,58,100.0,1572.0,21.0,34.0,21.27,82.7,23.0,48.6,51.4
347.757,58,100.0,1572.0,21.0,34.0,21.27,82.7,23.0,48.6,51.4
347.877,58,135.0,1572.0,21.0,34.0,21.27,82.7,23.0,48.6,51.4
348.028,58,135.0,1663.0,21.0,34.0,21.27,82.7,23.0,48.6,51.4
348.178,58,135.0,1663.0,29.0,34.0,21.27,82.7,23.0,48.6,51.4
348.327,58,135.0,1663.0,29.0,31.0,21.27,82.7,23.0,48.6,51.4
348.478,58,135.0,1663.0,29.0,31.0,50.99,82.7,23.0,48.6,51.4
348.598,58,135.0,1663.0,29.0,31.0,50.99,83.5,23.0,48.6,51.4
348.748,58,135.0,1663.0,29.0,31.0,50.99,83.5,23.0,48.6,51.4
349.019,58,135.0,1663.0,29.0,31.0,50.99,83.5,23.0,49.8,51.4
349.168,58,135.0,1663.0,29.0,31.0,50.99,83.5,23.0,49.8,44.3
349.318,58,135.0,1663.0,29.0,31.0,50.99,83.5,23.0,49.8,44.3
349.527,58,137.0,1663.0,29.0,31.0,50.99,83.5,23.0,49.8,44.3
349.648,58,137.0,1926.0,29.0,31.0,50.99,83.5,23.0,49.8,44.3
349.798,58,137.0,1926.0,37.0,31.0,50.99,83.5,23.0,49.8,44.3
349.949,58,137.0,1926.0,37.0,35.0,50.99,83.5,23.0,49.8,44.3
350.068,58,137.0,1926.0,37.0,35.0,24.66,83.5,23.0,49.8,44.3
350.248,58,137.0,1926.0,37.0,35.0,24.66,35.3,23.0,49.8,44.3
350.428,58,137.0,1926.0,37.0,35.0,24.66,35.3,23.0,49.8,44.3
350.578,58,137.0,1926.0,37.0,35.0,24.66,35.3,23.0,47.8,44.3
350.734,58,137.0,1926.0,37.0,35.0,24.66,35.3,23.0,47.8,49.0
350.847,58,137.0,1926.0,37.0,35.0,24.66,35.3,23.0,47.8,49.0
351.001,58,127.0,1926.0,37.0,35.0,24.66,35.3,23.0,47.8,49.0
351.148,58,127.0,1511.0,37.0,35.0,24.66,35.3,23.0,47.8,49.0
351.268,58,127.0,1511.0,41.0,35.0,24.66,35.3,23.0,47.8,49.0
351.451,58,127.0,1511.0,41.0,29.0,24.66,35.3,23.0,47.8,49.0
351.598,58,127.0,1511.0,41.0,29.0,29.61,35.3,23.0,47.8,49.0
351.749,58,127.0,1511.0,41.0,29.0,29.61,83.5,23.0,47.8,49.0
351.868,58,127.0,1511.0,41.0,29.0,29.61,83.5,23.0,47.8,49.0
352.109,58,127.0,1511.0,41.0,29.0,29.61,83.5,23.0,34.9,49.0
352.259,58,127.0,1511.0,41.0,29.0,29.61,83.5,23.0,34.9,34.5
352.408,58,127.0,1511.0,41.0,29.0,29.61,83.5,23.0,34.9,34.5
352.618,58,125.0,1511.0,41.0,29.0,29.61,83.5,23.0,34.9,34.5
352.768,58,125.0,1661.0,41.0,29.0,29.61,83.5,23.0,34.9,34.5
352.918,58,125.0,1661.0,45.0,29.0,29.61,83.5,23.0,34.9,34.5
353.098,58,125.0,1661.0,45.0,28.0,29.61,83.5,23.0,34.9,34.5
353.248,58,125.0,1661.0,45.0,28.0,15.97,83.5,23.0,34.9,34.5
353.398,58,125.0,1661.0,45.0,28.0,15.97,83.5,23.0,34.9,34.5
353.548,58,125.0,1661.0,45.0,28.0,15.97,83.5,23.0,34.9,34.5
353.668,58,125.0,1661.0,45.0,28.0,15.97,83.5,23.0,29.4,34.5
353.848,58,125.0,1661.0,45.0,28.0,15.97,83.5,23.0,29.4,27.8
353.999,58,125.0,1661.0,45.0,28.0,15.97,83.5,23.0,29.4,27.8
354.118,58,110.0,1661.0,45.0,28.0,15.97,83.5,23.0,29.4,27.8
354.268,58,110.0,1200.0,45.0,28.0,15.97,83.5,23.0,29.4,27.8
354.447,58,110.0,1200.0,44.0,28.0,15.97,83.5,23.0,29.4,27.8
354.597,58,110.0,1200.0,44.0,27.0,15.97,83.5,23.0,29.4,27.8
354.748,58,110.0,1200.0,44.0,27.0,17.72,83.5,23.0,29.4,27.8
354.868,58,110.0,1200.0,44.0,27.0,17.72,83.5,23.0,29.4,27.8
355.168,58,110.0,1200.0,44.0,27.0,17.72,83.5,23.0,29.4,27.8
355.348,58,110.0,1200.0,44.0,27.0,17.72,83.5,23.0,48.6,27.8
355.498,58,110.0,1200.0,44.0,27.0,17.72,83.5,23.0,48.6,48.6
355.618,58,110.0,1200.0,44.0,27.0,17.72,83.5,23.0,48.6,48.6
355.798,58,127.0,1200.0,44.0,27.0,17.72,83.5,23.0,48.6,48.6
355.948,58,127.0,1237.0,44.0,27.0,17.72,83.5,23.0,48.6,48.6
356.068,58,127.0,1237.0,48.0,27.0,17.72,83.5,23.0,48.6,48.6
356.218,58,127.0,1237.0,48.0,29.0,17.72,83.5,23.0,48.6,48.6
356.458,58,127.0,1237.0,48.0,29.0,19.16,83.5,23.0,48.6,48.6
356.608,58,127.0,1237.0,48.0,29.0,19.16,83.5,23.0,48.6,48.6
356.73,58,127.0,1237.0,48.0,29.0,19.16,83.5,23.0,48.6,48.6
356.878,58,127.0,1237.0,48.0,29.0,19.16,83.5,23.0,35.7,48.6
357.028,58,127.0,1237.0,48.0,29.0,19.16,83.5,23.0,35.7,34.9
357.149,58,127.0,1237.0,48.0,29.0,19.16,83.5,23.0,35.7,34.9
357.298,58,126.0,1237.0,48.0,29.0,19.16,83.5,23.0,35.7,34.9
357.448,58,126.0,1287.0,48.0,29.0,19.16,83.5,23.0,35.7,34.9
357.598,58,126.0,1287.0,50.0,29.0,19.16,83.5,23.0,35.7,34.9
357.718,58,126.0,1287.0,50.0,27.0,19.16,83.5,23.0,35.7,34.9
357.869,58,126.0,1287.0,50.0,27.0,12.99,83.5,23.0,35.7,34.9
358.168,58,126.0,1287.0,50.0,27.0,12.99,83.5,23.0,35.7,34.9
358.438,58,126.0,1287.0,50.0,27.0,12.99,83.5,23.0,35.7,34.9
358.557,58,126.0,1287.0,50.0,27.0,12.99,83.5,23.0,27.1,34.9
358.71,58,126.0,1287.0,50.0,27.0,12.99,83.5,23.0,27.1,27.1
358.888,58,126.0,1287.0,50.0,27.0,12.99,83.5,23.0,27.1,27.1
359.038,58,105.0,1287.0,50.0,27.0,12.99,83.5,23.0,27.1,27.1
359.159,58,105.0,1299.0,50.0,27.0,12.99,83.5,23.0,27.1,27.1
359.338,58,105.0,1299.0,50.0,27.0,12.99,83.5,23.0,27.1,27.1
359.458,58,105.0,1299.0,50.0,25.0,12.99,83.5,23.0,27.1,27.1
359.639,58,105.0,1299.0,50.0,25.0,10.8,83.5,23.0,27.1,27.1
359.819,58,105.0,1299.0,50.0,25.0,10.8,83.5,23.0,27.1,27.1
359.998,58,105.0,1299.0,50.0,25.0,10.8,83.5,23.0,27.1,27.1
360.12,58,105.0,1299.0,50.0,25.0,10.8,83.5,23.0,27.5,27.1
360.298,58,105.0,1299.0,50.0,25.0,10.8,83.5,23.0,27.5,27.5
360.418,58,105.0,1299.0,50.0,25.0,10.8,83.5,23.0,27.5,27.5
360.568,58,106.0,1299.0,50.0,25.0,10.8,83.5,23.0,27.5,27.5
360.748,58,106.0,1295.0,50.0,25.0,10.8,83.5,23.0,27.5,27.5
360.868,58,106.0,1295.0,50.0,25.0,10.8,83.5,23.0,27.5,27.5
361.018,58,106.0,1295.0,50.0,26.0,10.8,83.5,23.0,27.5,27.5
361.198,58,106.0,1295.0,50.0,26.0,13.91,83.5,23.0,27.5,27.5
361.348,58,106.0,1295.0,50.0,26.0,13.91,83.5,23.0,27.5,27.5
361.498,58,106.0,1295.0,50.0,26.0,13.91,83.5,23.0,27.5,27.5
361.618,58,106.0,1295.0,50.0,26.0,13.91,83.5,23.0,29.8,27.5
361.767,58,106.0,1295.0,50.0,26.0,13.91,83.5,23.0,29.8,28.6
361.918,58,106.0,1295.0,50.0,26.0,13.91,83.5,23.0,29.8,28.6
362.039,58,113.0,1295.0,50.0,26.0,13.91,83.5,23.0,29.8,28.6
362.218,58,113.0,1301.0,50.0,26.0,13.91,83.5,23.0,29.8,28.6
362.427,58,113.0,1301.0,51.0,26.0,13.91,83.5,23.0,29.8,28.6
362.577,58,113.0,1301.0,51.0,27.0,13.91,83.5,23.0,29.8,28.6
362.697,58,113.0,1301.0,51.0,27.0,11.61,83.5,23.0,29.8,28.6
362.847,58,113.0,1301.0,51.0,27.0,11.61,83.5,23.0,29.8,28.6
362.998,58,113.0,1301.0,51.0,27.0,11.61,83.5,23.0,29.8,28.6
363.117,58,113.0,1301.0,51.0,27.0,11.61,83.5,23.0,14.1,28.6
363.268,58,113.0,1301.0,51.0,27.0,11.61,83.5,23.0,14.1,14.5
363.418,58,113.0,1301.0,51.0,27.0,11.61,83.5,23.0,14.1,14.5
363.567,58,108.0,1301.0,51.0,27.0,11.61,83.5,23.0,14.1,14.5
363.754,58,108.0,1248.0,51.0,27.0,11.61,83.5,23.0,14.1,14.5
363.868,58,108.0,1248.0,48.0,27.0,11.61,83.5,23.0,14.1,14.5
364.018,58,108.0,1248.0,48.0,26.0,11.61,83.5,23.0,14.1,14.5
364.138,58,108.0,1248.0,48.0,26.0,11.52,83.5,23.0,14.1,14.5
364.258,58,108.0,1248.0,48.0,26.0,11.52,83.5,23.0,14.1,14.5
364.409,58,108.0,1248.0,48.0,26.0,11.52,83.5,23.0,14.1,14.5
364.588,58,108.0,1248.0,48.0,26.0,11.52,83.5,23.0,29.0,14.5
364.738,58,108.0,1248.0,48.0,26.0,11.52,83.5,23.0,29.0,30.2
364.859,58,108.0,1248.0,48.0,26.0,11.52,83.5,23.0,29.0,30.2
365.038,58,107.0,1248.0,48.0,26.0,11.52,83.5,23.0,29.0,30.2
365.188,58,107.0,1224.0,48.0,26.0,11.52,83.5,23.0,29.0,30.2
365.368,58,107.0,1224.0,48.0,26.0,11.52,83.5,23.0,29.0,30.2
365.518,58,107.0,1224.0,48.0,27.0,11.52,83.5,23.0,29.0,30.2
365.668,58,107.0,1224.0,48.0,27.0,11.27,83.5,23.0,29.0,30.2
365.79,58,107.0,1224.0,48.0,27.0,11.27,83.5,23.0,29.0,30.2
365.938,58,107.0,1224.0,48.0,27.0,11.27,83.5,23.0,29.0,30.2
366.088,58,107.0,1224.0,48.0,27.0,11.27,83.5,23.0,29.4,30.2
366.209,58,107.0,1224.0,48.0,27.0,11.27,83.5,23.0,29.4,29.4
366.358,59,107.0,1224.0,48.0,27.0,11.27,83.5,23.0,29.4,29.4
366.508,59,111.0,1224.0,48.0,27.0,11.27,83.5,23.0,29.4,29.4
366.659,59,111.0,1242.0,48.0,27.0,11.27,83.5,23.0,29.4,29.4
366.839,59,111.0,1242.0,48.0,27.0,11.27,83.5,23.0,29.4,29.4
366.988,59,111.0,1242.0,48.0,27.0,11.27,83.5,23.0,29.4,29.4
367.108,59,111.0,1242.0,48.0,27.0,9.94,83.5,23.0,29.4,29.4
367.289,59,111.0,1242.0,48.0,27.0,9.94,83.5,23.0,29.4,29.4
367.558,59,111.0,1242.0,48.0,27.0,9.94,83.5,23.0,29.4,29.4
367.738,59,111.0,1242.0,48.0,27.0,9.94,83.5,23.0,23.1,29.4
367.887,59,111.0,1242.0,48.0,27.0,9.94,83.5,23.0,23.1,22.7
368.008,59,111.0,1242.0,48.0,27.0,9.94,83.5,23.0,23.1,22.7
368.158,59,104.0,1242.0,48.0,27.0,9.94,83.5,23.0,23.1,22.7
368.338,59,104.0,1230.0,48.0,27.0,9.94,83.5,23.0,23.1,22.7
368.458,59,104.0,1230.0,48.0,27.0,9.94,83.5,23.0,23.1,22.7
368.638,59,104.0,1230.0,48.0,26.0,9.94,83.5,23.0,23.1,22.7
368.759,59,104.0,1230.0,48.0,26.0,10.24,83.5,23.0,23.1,22.7
368.908,59,104.0,1230.0,48.0,26.0,10.24,83.5,23.0,23.1,22.7
369.089,59,104.0,1230.0,48.0,26.0,10.24,83.5,23.0,23.1,22.7
369.239,59,104.0,1230.0,48.0,26.0,10.24,83.5,23.0,25.9,22.7
369.358,59,104.0,1230.0,48.0,26.0,10.24,83.5,23.0,25.9,25.5
369.507,59,104.0,1230.0,48.0,26.0,10.24,83.5,23.0,25.9,25.5
369.657,59,105.0,1230.0,48.0,26.0,10.24,83.5,23.0,25.9,25.5
369.837,59,105.0,1211.0,48.0,26.0,10.24,83.5,23.0,25.9,25.5
369.989,59,105.0,1211.0,47.0,26.0,10.24,83.5,23.0,25.9,25.5
370.108,59,105.0,1211.0,47.0,26.0,10.24,83.5,23.0,25.9,25.5
370.258,59,105.0,1211.0,47.0,26.0,9.66,83.5,23.0,25.9,25.5
370.498,59,105.0,1211.0,47.0,26.0,9.66,83.5,23.0,25.9,25.5
370.619,59,105.0,1211.0,47.0,26.0,9.66,83.5,23.0,25.9,25.5
370.768,59,105.0,1211.0,47.0,26.0,9.66,83.5,23.0,29.4,25.5
370.919,59,105.0,1211.0,47.0,26.0,9.66,83.5,23.0,29.4,29.4
371.039,59,105.0,1211.0,47.0,26.0,9.66,83.5,23.0,29.4,29.4
371.188,59,106.0,1211.0,47.0,26.0,9.66,83.5,23.0,29.4,29.4
371.338,59,106.0,1202.0,47.0,26.0,9.66,83.5,23.0,29.4,29.4
371.458,59,106.0,1202.0,47.0,26.0,9.66,83.5,23.0,29.4,29.4
371.638,59,106.0,1202.0,47.0,26.0,9.66,83.5,23.0,29.4,29.4
371.758,59,106.0,1202.0,47.0,26.0,10.02,83.5,23.0,29.4,29.4
371.907,59,106.0,1202.0,47.0,26.0,10.02,83.5,23.0,29.4,29.4
372.088,59,106.0,1202.0,47.0,26.0,10.02,83.5,24.0,29.4,29.4
372.239,59,106.0,1202.0,47.0,26.0,10.02,83.5,24.0,31.8,29.4
372.358,59,106.0,1202.0,47.0,26.0,10.02,83.5,24.0,31.8,33.3
372.568,59,106.0,1202.0,47.0,26.0,10.02,83.5,24.0,31.8,33.3
372.688,59,109.0,1202.0,47.0,26.0,10.02,83.5,24.0,31.8,33.3
372.838,59,109.0,1190.0,47.0,26.0,10.02,83.5,24.0,31.8,33.3
372.989,59,109.0,1190.0,46.0,26.0,10.02,83.5,24.0,31.8,33.3
373.108,59,109.0,1190.0,46.0,27.0,10.02,83.5,24.0,31.8,33.3
373.288,59,109.0,1190.0,46.0,27.0,11.88,83.5,24.0,31.8,33.3
373.438,59,109.0,1190.0,46.0,27.0,11.88,83.5,24.0,31.8,33.3
373.588,59,109.0,1190.0,46.0,27.0,11.88,83.5,24.0,31.8,33.3
373.709,59,109.0,1190.0,46.0,27.0,11.88,83.5,24.0,25.1,33.3
373.859,59,109.0,1190.0,46.0,27.0,11.88,83.5,24.0,25.1,25.1
374.056,59,109.0,1190.0,46.0,27.0,11.88,83.5,24.0,25.1,25.1
374.218,59,107.0,1190.0,46.0,27.0,11.88,83.5,24.0,25.1,25.1
374.338,59,107.0,1190.0,46.0,27.0,11.88,83.5,24.0,25.1,25.1
374.548,59,107.0,1190.0,46.0,27.0,11.88,83.5,24.0,25.1,25.1
374.729,59,107.0,1190.0,46.0,26.0,11.88,83.5,24.0,25.1,25.1
374.879,59,107.0,1190.0,46.0,26.0,10.19,83.5,24.0,25.1,25.1
374.999,59,107.0,1190.0,46.0,26.0,10.19,83.5,24.0,25.1,25.1
375.179,59,107.0,1190.0,46.0,26.0,10.19,83.5,24.0,25.1,25.1
375.33,59,107.0,1190.0,46.0,26.0,10.19,83.5,24.0,25.5,25.1
375.478,59,107.0,1190.0,46.0,26.0,10.19,83.5,24.0,25.5,25.9
375.628,59,107.0,1190.0,46.0,26.0,10.19,83.5,24.0,25.5,25.9
375.779,59,104.0,1190.0,46.0,26.0,10.19,83.5,24.0,25.5,25.9
375.899,59,104.0,1170.0,46.0,26.0,10.19,83.5,24.0,25.5,25.9
376.079,59,104.0,1170.0,46.0,26.0,10.19,83.5,24.0,25.5,25.9
376.229,59,104.0,1170.0,46.0,26.0,10.19,83.5,24.0,25.5,25.9
376.378,59,104.0,1170.0,46.0,26.0,9.16,83.5,24.0,25.5,25.9
376.498,59,104.0,1170.0,46.0,26.0,9.16,83.5,24.0,25.5,25.9
376.648,59,104.0,1170.0,46.0,26.0,9.16,83.5,24.0,25.5,25.9
376.829,59,104.0,1170.0,46.0,26.0,9.16,83.5,24.0,21.2,25.9
376.979,59,104.0,1170.0,46.0,26.0,9.16,83.5,24.0,21.2,21.2
377.099,59,104.0,1170.0,46.0,26.0,9.16,83.5,24.0,21.2,21.2
377.28,59,101.0,1170.0,46.0,26.0,9.16,83.5,24.0,21.2,21.2
377.518,59,101.0,1137.0,46.0,26.0,9.16,83.5,24.0,21.2,21.2
377.639,59,101.0,1137.0,44.0,26.0,9.16,83.5,24.0,21.2,21.2
377.789,59,101.0,1137.0,44.0,26.0,9.16,83.5,24.0,21.2,21.2
377.939,59,101.0,1137.0,44.0,26.0,9.3,83.5,24.0,21.2,21.2
378.059,59,101.0,1137.0,44.0,26.0,9.3,83.5,24.0,21.2,21.2
378.209,59,101.0,1137.0,44.0,26.0,9.3,83.5,24.0,21.2,21.2
378.358,59,101.0,1137.0,44.0,26.0,9.3,83.5,24.0,21.6,21.2
378.538,59,101.0,1137.0,44.0,26.0,9.3,83.5,24.0,21.6,22.0
378.689,59,101.0,1137.0,44.0,26.0,9.3,83.5,24.0,21.6,22.0
378.808,59,100.0,1137.0,44.0,26.0,9.3,83.5,24.0,21.6,22.0
378.959,59,100.0,1117.0,44.0,26.0,9.3,83.5,24.0,21.6,22.0
379.109,59,100.0,1117.0,43.0,26.0,9.3,83.5,24.0,21.6,22.0
379.228,59,100.0,1117.0,43.0,26.0,9.3,83.5,24.0,21.6,22.0
379.378,59,100.0,1117.0,43.0,26.0,9.44,83.5,24.0,21.6,22.0
379.498,59,100.0,1117.0,43.0,26.0,9.44,83.5,24.0,21.6,22.0
379.678,59,100.0,1117.0,43.0,26.0,9.44,83.5,24.0,21.6,22.0
379.828,59,100.0,1117.0,43.0,26.0,9.44,83.5,24.0,26.7,22.0
379.948,59,100.0,1117.0,43.0,26.0,9.44,83.5,24.0,26.7,27.8
380.101,60,100.0,1117.0,43.0,26.0,9.44,83.5,24.0,26.7,27.8
380.279,60,104.0,1117.0,43.0,26.0,9.44,83.5,24.0,26.7,27.8
380.399,60,104.0,1114.0,43.0,26.0,9.44,83.5,24.0,26.7,27.8
380.578,60,104.0,1114.0,43.0,26.0,9.44,83.5,24.0,26.7,27.8
380.73,60,104.0,1114.0,43.0,26.0,9.44,83.5,24.0,26.7,27.8
380.907,60,104.0,1114.0,43.0,26.0,10.49,83.5,24.0,26.7,27.8
381.058,60,104.0,1114.0,43.0,26.0,10.49,83.5,24.0,26.7,27.8
381.179,60,104.0,1114.0,43.0,26.0,10.49,83.5,24.0,26.7,27.8
381.33,60,104.0,1114.0,43.0,26.0,10.49,83.5,24.0,14.1,27.8
381.479,60,104.0,1114.0,43.0,26.0,10.49,83.5,24.0,14.1,14.5
381.628,60,104.0,1114.0,43.0,26.0,10.49,83.5,24.0,14.1,14.5
381.779,60,105.0,1114.0,43.0,26.0,10.49,83.5,24.0,14.1,14.5
381.899,60,105.0,1092.0,43.0,26.0,10.49,83.5,24.0,14.1,14.5
382.08,60,105.0,1092.0,42.0,26.0,10.49,83.5,24.0,14.1,14.5
382.228,60,105.0,1092.0,42.0,26.0,10.49,83.5,24.0,14.1,14.5
382.348,60,105.0,1092.0,42.0,26.0,9.44,83.5,24.0,14.1,14.5
382.498,60,105.0,1092.0,42.0,26.0,9.44,83.5,24.0,14.1,14.5
382.679,60,105.0,1092.0,42.0,26.0,9.44,83.5,24.0,14.1,14.5
382.798,60,105.0,1092.0,42.0,26.0,9.44,83.5,24.0,32.2,14.5
382.948,60,105.0,1092.0,42.0,26.0,9.44,83.5,24.0,32.2,30.2
383.128,60,105.0,1092.0,42.0,26.0,9.44,83.5,24.0,32.2,30.2
383.279,60,108.0,1092.0,42.0,26.0,9.44,83.5,24.0,32.2,30.2
383.398,60,108.0,1062.0,42.0,26.0,9.44,83.5,24.0,32.2,30.2
383.608,60,108.0,1062.0,42.0,26.0,9.44,83.5,24.0,32.2,30.2
383.728,60,108.0,1062.0,42.0,28.0,9.44,83.5,24.0,32.2,30.2
383.879,60,108.0,1062.0,42.0,28.0,8.97,83.5,24.0,32.2,30.2
384.031,60,108.0,1062.0,42.0,28.0,8.97,83.5,24.0,32.2,30.2
384.15,60,108.0,1062.0,42.0,28.0,8.97,83.5,24.0,32.2,30.2
384.299,60,108.0,1062.0,42.0,28.0,8.97,83.5,24.0,14.1,30.2
384.568,60,108.0,1062.0,42.0,28.0,8.97,83.5,24.0,14.1,14.5
384.719,60,108.0,1062.0,42.0,28.0,8.97,83.5,24.0,14.1,14.5
384.841,60,105.0,1062.0,42.0,28.0,8.97,83.5,24.0,14.1,14.5
384.99,60,105.0,1027.0,42.0,28.0,8.97,83.5,24.0,14.1,14.5
385.139,60,105.0,1027.0,40.0,28.0,8.97,83.5,24.0,14.1,14.5
385.259,60,105.0,1027.0,40.0,26.0,8.97,83.5,24.0,14.1,14.5
385.468,60,105.0,1027.0,40.0,26.0,8.19,83.5,24.0,14.1,14.5
385.618,60,105.0,1027.0,40.0,26.0,8.19,83.5,24.0,14.1,14.5
385.771,60,105.0,1027.0,40.0,26.0,8.19,83.5,24.0,14.1,14.5
385.889,60,105.0,1027.0,40.0,26.0,8.19,83.5,24.0,31.4,14.5
386.068,60,105.0,1027.0,40.0,26.0,8.19,83.5,24.0,31.4,34.9
386.218,60,105.0,1027.0,40.0,26.0,8.19,83.5,24.0,31.4,34.9
386.338,60,112.0,1027.0,40.0,26.0,8.19,83.5,24.0,31.4,34.9
386.488,60,112.0,1505.0,40.0,26.0,8.19,83.5,24.0,31.4,34.9
386.639,60,112.0,1505.0,40.0,26.0,8.19,83.5,24.0,31.4,34.9
386.789,60,112.0,1505.0,40.0,27.0,8.19,83.5,24.0,31.4,34.9
386.909,60,112.0,1505.0,40.0,27.0,23.63,83.5,24.0,31.4,34.9
387.06,60,112.0,1505.0,40.0,27.0,23.63,83.5,24.0,31.4,34.9
387.208,60,112.0,1505.0,40.0,27.0,23.63,83.5,24.0,31.4,34.9
387.329,60,112.0,1505.0,40.0,27.0,23.63,83.5,24.0,47.1,34.9
387.479,60,112.0,1505.0,40.0,27.0,23.63,83.5,24.0,47.1,49.8
387.598,60,112.0,1505.0,40.0,27.0,23.63,83.5,24.0,47.1,49.8
387.749,60,154.0,1505.0,40.0,27.0,23.63,83.5,24.0,47.1,49.8
387.9,60,154.0,1674.0,40.0,27.0,23.63,83.5,24.0,47.1,49.8
388.079,60,154.0,1674.0,45.0,27.0,23.63,83.5,24.0,47.1,49.8
388.199,60,154.0,1674.0,45.0,32.0,23.63,83.5,24.0,47.1,49.8
388.378,60,154.0,1674.0,45.0,32.0,35.24,83.5,24.0,47.1,49.8
388.588,60,154.0,1674.0,45.0,32.0,35.24,83.5,24.0,47.1,49.8
388.738,60,154.0,1674.0,45.0,32.0,35.24,83.5,24.0,47.1,49.8
388.858,60,154.0,1674.0,45.0,32.0,35.24,83.5,24.0,14.1,49.8
389.038,60,154.0,1674.0,45.0,32.0,35.24,83.5,24.0,14.1,14.5
389.188,60,154.0,1674.0,45.0,32.0,35.24,83.5,24.0,14.1,14.5
389.338,60,112.0,1674.0,45.0,32.0,35.24,83.5,24.0,14.1,14.5
389.488,60,112.0,1179.0,45.0,32.0,35.24,83.5,24.0,14.1,14.5
389.638,60,112.0,1179.0,47.0,32.0,35.24,83.5,24.0,14.1,14.5
389.758,60,112.0,1179.0,47.0,31.0,35.24,83.5,24.0,14.1,14.5
389.908,60,112.0,1179.0,47.0,31.0,14.02,83.5,24.0,14.1,14.5
390.06,60,112.0,1179.0,47.0,31.0,14.02,83.5,24.0,14.1,14.5
390.178,60,112.0,1179.0,47.0,31.0,14.02,83.5,24.0,14.1,14.5
390.328,60,112.0,1179.0,47.0,31.0,14.02,83.5,24.0,36.5,14.5
390.449,60,112.0,1179.0,47.0,31.0,14.02,83.5,24.0,36.5,36.5
390.629,60,112.0,1179.0,47.0,31.0,14.02,83.5,24.0,36.5,36.5
390.748,60,120.0,1179.0,47.0,31.0,14.02,83.5,24.0,36.5,36.5
390.899,60,120.0,1256.0,47.0,31.0,14.02,83.5,24.0,36.5,36.5
391.078,60,120.0,1256.0,49.0,31.0,14.02,83.5,24.0,36.5,36.5
391.228,60,120.0,1256.0,49.0,28.0,14.02,83.5,24.0,36.5,36.5
391.352,60,120.0,1256.0,49.0,28.0,15.83,83.5,24.0,36.5,36.5
391.498,60,120.0,1256.0,49.0,28.0,15.83,83.5,24.0,36.5,36.5
391.678,60,120.0,1256.0,49.0,28.0,15.83,83.5,24.0,36.5,36.5
391.799,60,120.0,1256.0,49.0,28.0,15.83,83.5,24.0,33.7,36.5
391.978,60,120.0,1256.0,49.0,28.0,15.83,83.5,24.0,33.7,34.1
392.133,60,120.0,1256.0,49.0,28.0,15.83,83.5,24.0,33.7,34.1
392.249,60,123.0,1256.0,49.0,28.0,15.83,83.5,24.0,33.7,34.1
392.398,60,123.0,1295.0,49.0,28.0,15.83,83.5,24.0,33.7,34.1
392.608,60,123.0,1295.0,50.0,28.0,15.83,83.5,24.0,33.7,34.1
392.762,60,123.0,1295.0,50.0,28.0,15.83,83.5,24.0,33.7,34.1
392.908,60,123.0,1295.0,50.0,28.0,14.27,83.5,24.0,33.7,34.1
393.029,60,123.0,1295.0,50.0,28.0,14.27,83.5,24.0,33.7,34.1
393.179,60,123.0,1295.0,50.0,28.0,14.27,83.5,24.0,33.7,34.1
393.329,60,123.0,1295.0,50.0,28.0,14.27,83.5,24.0,30.6,34.1
393.448,60,123.0,1295.0,50.0,28.0,14.27,83.5,24.0,30.6,29.4
393.661,60,123.0,1295.0,50.0,28.0,14.27,83.5,24.0,30.6,29.4
393.838,60,114.0,1295.0,50.0,28.0,14.27,83.5,24.0,30.6,29.4
393.988,60,114.0,1319.0,50.0,28.0,14.27,83.5,24.0,30.6,29.4
394.139,60,114.0,1319.0,51.0,28.0,14.27,83.5,24.0,30.6,29.4
394.318,60,114.0,1319.0,51.0,27.0,14.27,83.5,24.0,30.6,29.4
394.438,60,114.0,1319.0,51.0,27.0,11.08,83.5,24.0,30.6,29.4
394.588,60,114.0,1319.0,51.0,27.0,11.08,83.5,24.0,30.6,29.4
394.769,60,114.0,1319.0,51.0,27.0,11.08,83.5,24.0,30.6,29.4
394.918,60,114.0,1319.0,51.0,27.0,11.08,83.5,24.0,14.1,29.4
395.041,60,114.0,1319.0,51.0,27.0,11.08,83.5,24.0,14.1,14.5
395.218,61,114.0,1319.0,51.0,27.0,11.08,83.5,24.0,14.1,14.5
395.368,61,108.0,1319.0,51.0,27.0,11.08,83.5,24.0,14.1,14.5
395.488,61,108.0,1276.0,51.0,27.0,11.08,83.5,24.0,14.1,14.5
395.668,61,108.0,1276.0,49.0,27.0,11.08,83.5,24.0,14.1,14.5
395.788,61,108.0,1276.0,49.0,26.0,11.08,83.5,24.0,14.1,14.5
395.969,61,108.0,1276.0,49.0,26.0,11.61,83.5,24.0,14.1,14.5
396.12,61,108.0,1276.0,49.0,26.0,11.61,83.5,24.0,14.1,14.5
396.268,61,108.0,1276.0,49.0,26.0,11.61,83.5,24.0,14.1,14.5
396.388,61,108.0,1276.0,49.0,26.0,11.61,83.5,24.0,14.1,14.5
396.568,61,108.0,1276.0,49.0,26.0,11.61,83.5,24.0,14.1,14.1
396.718,61,108.0,1276.0,49.0,26.0,11.61,83.5,24.0,14.1,14.1
396.839,61,107.0,1276.0,49.0,26.0,11.61,83.5,24.0,14.1,14.1
397.021,61,107.0,1262.0,49.0,26.0,11.61,83.5,24.0,14.1,14.1
397.198,61,107.0,1262.0,47.0,26.0,11.61,83.5,24.0,14.1,14.1
397.35,61,107.0,1262.0,47.0,24.0,11.61,83.5,24.0,14.1,14.1
397.498,61,107.0,1262.0,47.0,24.0,17.61,83.5,24.0,14.1,14.1
397.678,61,107.0,1262.0,47.0,24.0,17.61,83.5,24.0,14.1,14.1
397.799,61,107.0,1262.0,47.0,24.0,17.61,83.5,24.0,14.1,14.1
397.978,61,107.0,1262.0,47.0,24.0,17.61,83.5,24.0,14.1,14.1
398.131,61,107.0,1262.0,47.0,24.0,17.61,83.5,24.0,14.1,14.5
398.278,61,107.0,1262.0,47.0,24.0,17.61,83.5,24.0,14.1,14.5
398.398,61,113.0,1262.0,47.0,24.0,17.61,83.5,24.0,14.1,14.5
398.548,61,113.0,1573.0,47.0,24.0,17.61,83.5,24.0,14.1,14.5
398.699,61,113.0,1573.0,42.0,24.0,17.61,83.5,24.0,14.1,14.5
398.818,61,113.0,1573.0,42.0,28.0,17.61,83.5,24.0,14.1,14.5
398.968,61,113.0,1573.0,42.0,28.0,14.91,83.5,24.0,14.1,14.5
399.119,61,113.0,1573.0,42.0,28.0,14.91,83.5,24.0,14.1,14.5
399.238,61,113.0,1573.0,42.0,28.0,14.91,83.5,24.0,14.1,14.5
399.418,61,113.0,1573.0,42.0,28.0,14.91,83.5,24.0,25.1,14.5
399.569,61,113.0,1573.0,42.0,28.0,14.91,83.5,24.0,25.1,25.1
399.718,61,113.0,1573.0,42.0,28.0,14.91,83.5,24.0,25.1,25.1
399.868,61,117.0,1573.0,42.0,28.0,14.91,83.5,24.0,25.1,25.1
399.989,61,117.0,1493.0,42.0,28.0,14.91,83.5,24.0,25.1,25.1
400.138,61,117.0,1493.0,40.0,28.0,14.91,83.5,24.0,25.1,25.1
400.318,61,117.0,1493.0,40.0,28.0,14.91,83.5,24.0,25.1,25.1
400.469,61,117.0,1493.0,40.0,28.0,13.52,83.5,24.0,25.1,25.1
400.649,61,117.0,1493.0,40.0,28.0,13.52,83.5,24.0,25.1,25.1
400.768,61,117.0,1493.0,40.0,28.0,13.52,83.5,24.0,25.1,25.1
400.921,61,117.0,1493.0,40.0,28.0,13.52,83.5,24.0,27.5,25.1
401.068,61,117.0,1493.0,40.0,28.0,13.52,83.5,24.0,27.5,31.8
401.188,61,117.0,1493.0,40.0,28.0,13.52,83.5,24.0,27.5,31.8
401.368,61,108.0,1493.0,40.0,28.0,13.52,83.5,24.0,27.5,31.8
401.578,61,108.0,1464.0,40.0,28.0,13.52,83.5,24.0,27.5,31.8
401.698,61,108.0,1464.0,39.0,28.0,13.52,83.5,24.0,27.5,31.8
401.849,61,108.0,1464.0,39.0,27.0,13.52,83.5,24.0,27.5,31.8
402.003,61,108.0,1464.0,39.0,27.0,13.74,83.5,24.0,27.5,31.8
402.118,61,108.0,1464.0,39.0,27.0,13.74,83.5,24.0,27.5,31.8
402.269,61,108.0,1464.0,39.0,27.0,13.74,83.5,24.0,27.5,31.8
402.418,61,108.0,1464.0,39.0,27.0,13.74,83.5,24.0,31.4,31.8
402.538,61,108.0,1464.0,39.0,27.0,13.74,83.5,24.0,31.4,31.8
402.718,61,108.0,1464.0,39.0,27.0,13.74,83.5,24.0,31.4,31.8
402.838,61,115.0,1464.0,39.0,27.0,13.74,83.5,24.0,31.4,31.8
403.018,61,115.0,1465.0,39.0,27.0,13.74,83.5,24.0,31.4,31.8
403.168,61,115.0,1465.0,39.0,27.0,13.74,83.5,24.0,31.4,31.8
403.289,61,115.0,1465.0,39.0,27.0,13.74,83.5,24.0,31.4,31.8
403.438,61,115.0,1465.0,39.0,27.0,13.61,83.5,24.0,31.4,31.8
403.618,61,115.0,1465.0,39.0,27.0,13.61,83.5,24.0,31.4,31.8
403.769,61,115.0,1465.0,39.0,27.0,13.61,83.5,24.0,31.4,31.8
403.918,61,115.0,1465.0,39.0,27.0,13.61,83.5,24.0,29.0,31.8
404.038,61,115.0,1465.0,39.0,27.0,13.61,83.5,24.0,29.0,25.9
404.188,61,115.0,1465.0,39.0,27.0,13.61,83.5,24.0,29.0,25.9
404.368,61,111.0,1465.0,39.0,27.0,13.61,83.5,24.0,29.0,25.9
404.488,61,111.0,1480.0,39.0,27.0,13.61,83.5,24.0,29.0,25.9
404.698,61,111.0,1480.0,40.0,27.0,13.61,83.5,24.0,29.0,25.9
404.818,61,111.0,1480.0,40.0,27.0,13.61,83.5,24.0,29.0,25.9
404.968,61,111.0,1480.0,40.0,27.0,13.11,83.5,24.0,29.0,25.9
405.118,61,111.0,1480.0,40.0,27.0,13.11,83.5,24.0,29.0,25.9
405.238,61,111.0,1480.0,40.0,27.0,13.11,83.5,24.0,29.0,25.9
405.388,61,111.0,1480.0,40.0,27.0,13.11,83.5,24.0,32.9,25.9
405.568,61,111.0,1480.0,40.0,27.0,13.11,83.5,24.0,32.9,33.7
405.718,61,111.0,1480.0,40.0,27.0,13.11,83.5,24.0,32.9,33.7
405.839,61,114.0,1480.0,40.0,27.0,13.11,83.5,24.0,32.9,33.7
406.019,61,114.0,1521.0,40.0,27.0,13.11,83.5,24.0,32.9,33.7
406.176,61,114.0,1521.0,41.0,27.0,13.11,83.5,24.0,32.9,33.7
406.288,61,114.0,1521.0,41.0,27.0,13.11,83.5,24.0,32.9,33.7
406.438,61,114.0,1521.0,41.0,27.0,24.02,83.5,24.0,32.9,33.7
406.588,61,114.0,1521.0,41.0,27.0,24.02,83.5,24.0,32.9,33.7
406.738,61,114.0,1521.0,41.0,27.0,24.02,83.5,24.0,32.9,33.7
406.889,61,114.0,1521.0,41.0,27.0,24.02,83.5,24.0,46.7,33.7
407.069,61,114.0,1521.0,41.0,27.0,24.02,83.5,24.0,46.7,47.8
407.223,61,114.0,1521.0,41.0,27.0,24.02,83.5,24.0,46.7,47.8
407.339,61,156.0,1521.0,41.0,27.0,24.02,83.5,24.0,46.7,47.8
407.518,61,156.0,1698.0,41.0,27.0,24.02,83.5,24.0,46.7,47.8
407.638,61,156.0,1698.0,46.0,27.0,24.02,83.5,24.0,46.7,47.8
407.818,61,156.0,1698.0,46.0,31.0,24.02,83.5,24.0,46.7,47.8
407.968,61,156.0,1698.0,46.0,31.0,41.83,83.5,24.0,46.7,47.8
408.088,61,156.0,1698.0,46.0,31.0,41.83,83.5,24.0,46.7,47.8
408.27,61,156.0,1698.0,46.0,31.0,41.83,83.5,24.0,46.7,47.8
408.418,61,156.0,1698.0,46.0,31.0,41.83,83.5,24.0,30.2,47.8
408.538,61,156.0,1698.0,46.0,31.0,41.83,83.5,24.0,30.2,14.5
408.731,61,156.0,1698.0,46.0,31.0,41.83,83.5,24.0,30.2,14.5
408.838,61,114.0,1698.0,46.0,31.0,41.83,83.5,24.0,30.2,14.5
408.99,61,114.0,1388.0,46.0,31.0,41.83,83.5,24.0,30.2,14.5
409.17,61,114.0,1388.0,49.0,31.0,41.83,83.5,24.0,30.2,14.5
409.319,61,114.0,1388.0,49.0,31.0,41.83,83.5,24.0,30.2,14.5
409.438,61,114.0,1388.0,49.0,31.0,20.74,83.5,24.0,30.2,14.5
409.679,61,114.0,1388.0,49.0,31.0,20.74,82.0,24.0,30.2,14.5
409.828,61,114.0,1388.0,49.0,31.0,20.74,82.0,24.0,30.2,14.5
409.978,61,114.0,1388.0,49.0,31.0,20.74,82.0,24.0,44.3,14.5
410.158,61,114.0,1388.0,49.0,31.0,20.74,82.0,24.0,44.3,44.7
410.308,62,114.0,1388.0,49.0,31.0,20.74,82.0,24.0,44.3,44.7
410.428,62,133.0,1388.0,49.0,31.0,20.74,82.0,24.0,44.3,44.7
410.668,62,133.0,1341.0,49.0,31.0,20.74,82.0,24.0,44.3,44.7
410.818,62,133.0,1341.0,53.0,31.0,20.74,82.0,24.0,44.3,44.7
410.939,62,133.0,1341.0,53.0,28.0,20.74,82.0,24.0,44.3,44.7
411.088,62,133.0,1341.0,53.0,28.0,14.91,82.0,24.0,44.3,44.7
411.277,62,133.0,1341.0,53.0,28.0,14.91,83.5,24.0,44.3,44.7
411.449,62,133.0,1341.0,53.0,28.0,14.91,83.5,24.0,44.3,44.7
411.598,62,133.0,1341.0,53.0,28.0,14.91,83.5,24.0,34.5,44.7
411.748,62,133.0,1341.0,53.0,28.0,14.91,83.5,24.0,34.5,34.5
411.868,62,133.0,1341.0,53.0,28.0,14.91,83.5,24.0,34.5,34.5
412.019,62,117.0,1341.0,53.0,28.0,14.91,83.5,24.0,34.5,34.5
412.168,62,117.0,1382.0,53.0,28.0,14.91,83.5,24.0,34.5,34.5
412.288,62,117.0,1382.0,54.0,28.0,14.91,83.5,24.0,34.5,34.5
412.438,62,117.0,1382.0,54.0,27.0,14.91,83.5,24.0,34.5,34.5
412.558,62,117.0,1382.0,54.0,27.0,14.97,83.5,24.0,34.5,34.5
412.708,62,117.0,1382.0,54.0,27.0,14.97,83.5,24.0,34.5,34.5
412.858,62,117.0,1382.0,54.0,27.0,14.97,83.5,24.0,34.5,34.5
412.978,62,117.0,1382.0,54.0,27.0,14.97,83.5,24.0,32.9,34.5
413.158,62,117.0,1382.0,54.0,27.0,14.97,83.5,24.0,32.9,32.9
413.308,62,117.0,1382.0,54.0,27.0,14.97,83.5,24.0,32.9,32.9
413.428,62,114.0,1382.0,54.0,27.0,14.97,83.5,24.0,32.9,32.9
413.578,62,114.0,1398.0,54.0,27.0,14.97,83.5,24.0,32.9,32.9
413.758,62,114.0,1398.0,55.0,27.0,14.97,83.5,24.0,32.9,32.9
413.911,62,114.0,1398.0,55.0,27.0,14.97,83.5,24.0,32.9,32.9
414.029,62,114.0,1398.0,55.0,27.0,14.33,83.5,24.0,32.9,32.9
414.208,62,114.0,1398.0,55.0,27.0,14.33,83.5,24.0,32.9,32.9
414.358,62,114.0,1398.0,55.0,27.0,14.33,83.5,24.0,32.9,32.9
414.478,62,114.0,1398.0,55.0,27.0,14.33,83.5,24.0,32.2,32.9
414.66,62,114.0,1398.0,55.0,27.0,14.33,83.5,24.0,32.2,32.2
414.808,62,114.0,1398.0,55.0,27.0,14.33,83.5,24.0,32.2,32.2
414.958,62,113.0,1398.0,55.0,27.0,14.33,83.5,24.0,32.2,32.2
415.079,62,113.0,1408.0,55.0,27.0,14.33,83.5,24.0,32.2,32.2
415.258,62,113.0,1408.0,55.0,27.0,14.33,83.5,24.0,32.2,32.2
415.408,62,113.0,1408.0,55.0,27.0,14.33,83.5,24.0,32.2,32.2
415.528,62,113.0,1408.0,55.0,27.0,13.91,83.5,24.0,32.2,32.2
415.678,62,113.0,1408.0,55.0,27.0,13.91,83.5,24.0,32.2,32.2
415.889,62,113.0,1408.0,55.0,27.0,13.91,83.5,24.0,32.2,32.2
416.009,62,113.0,1408.0,55.0,27.0,13.91,83.5,24.0,29.4,32.2
416.159,62,113.0,1408.0,55.0,27.0,13.91,83.5,24.0,29.4,29.4
416.308,62,113.0,1408.0,55.0,27.0,13.91,83.5,24.0,29.4,29.4
416.428,62,110.0,1408.0,55.0,27.0,13.91,83.5,24.0,29.4,29.4
416.578,62,110.0,1416.0,55.0,27.0,13.91,83.5,24.0,29.4,29.4
416.758,62,110.0,1416.0,55.0,27.0,13.91,83.5,24.0,29.4,29.4
416.878,62,110.0,1416.0,55.0,26.0,13.91,83.5,24.0,29.4,29.4
417.059,62,110.0,1416.0,55.0,26.0,12.69,83.5,24.0,29.4,29.4
417.208,62,110.0,1416.0,55.0,26.0,12.69,83.5,24.0,29.4,29.4
417.329,62,110.0,1416.0,55.0,26.0,12.69,83.5,24.0,29.4,29.4
417.479,62,110.0,1416.0,55.0,26.0,12.69,83.5,24.0,27.5,29.4
417.628,62,110.0,1416.0,55.0,26.0,12.69,83.5,24.0,27.5,27.5
417.81,62,110.0,1416.0,55.0,26.0,12.69,83.5,24.0,27.5,27.5
417.96,62,108.0,1416.0,55.0,26.0,12.69,83.5,24.0,27.5,27.5
418.079,62,108.0,1413.0,55.0,26.0,12.69,83.5,24.0,27.5,27.5
418.228,62,108.0,1413.0,55.0,26.0,12.69,83.5,24.0,27.5,27.5
418.408,62,108.0,1413.0,55.0,26.0,12.69,83.5,24.0,27.5,27.5
418.528,62,108.0,1413.0,55.0,26.0,12.91,83.5,24.0,27.5,27.5
418.708,62,108.0,1413.0,55.0,26.0,12.91,83.5,24.0,27.5,27.5
418.828,62,108.0,1413.0,55.0,26.0,12.91,83.5,24.0,27.5,27.5
418.978,62,108.0,1413.0,55.0,26.0,12.91,83.5,24.0,14.1,27.5
419.159,62,108.0,1413.0,55.0,26.0,12.91,83.5,24.0,14.1,14.5
419.309,62,108.0,1413.0,55.0,26.0,12.91,83.5,24.0,14.1,14.5
419.429,62,109.0,1413.0,55.0,26.0,12.91,83.5,24.0,14.1,14.5
419.698,62,109.0,1367.0,55.0,26.0,12.91,83.5,24.0,14.1,14.5
419.85,62,109.0,1367.0,53.0,26.0,12.91,83.5,24.0,14.1,14.5
419.968,62,109.0,1367.0,53.0,26.0,12.91,83.5,24.0,14.1,14.5
420.118,62,109.0,1367.0,53.0,26.0,10.86,83.5,24.0,14.1,14.5
420.27,62,109.0,1367.0,53.0,26.0,10.86,83.5,24.0,14.1,14.5
420.448,62,109.0,1367.0,53.0,26.0,10.86,83.5,24.0,14.1,14.5
420.569,62,109.0,1367.0,53.0,26.0,10.86,83.5,24.0,14.1,14.5
420.689,62,109.0,1367.0,53.0,26.0,10.86,83.5,24.0,14.1,14.5
420.838,63,109.0,1367.0,53.0,26.0,10.86,83.5,24.0,14.1,14.5
421.018,63,107.0,1367.0,53.0,26.0,10.86,83.5,24.0,14.1,14.5
421.139,63,107.0,1516.0,53.0,26.0,10.86,83.5,24.0,14.1,14.5
421.318,63,107.0,1516.0,47.0,26.0,10.86,83.5,24.0,14.1,14.5
421.468,63,107.0,1516.0,47.0,24.0,10.86,83.5,24.0,14.1,14.5
421.589,63,107.0,1516.0,47.0,24.0,19.02,83.5,24.0,14.1,14.5
421.709,63,107.0,1516.0,47.0,24.0,19.02,83.5,24.0,14.1,14.5
421.829,63,107.0,1516.0,47.0,24.0,19.02,83.5,24.0,14.1,14.5
422.009,63,107.0,1516.0,47.0,24.0,19.02,83.5,24.0,14.1,14.5
422.158,63,107.0,1516.0,47.0,24.0,19.02,83.5,24.0,14.1,14.5
422.292,63,107.0,1516.0,47.0,24.0,19.02,83.5,24.0,14.1,14.5
422.458,63,114.0,1516.0,47.0,24.0,19.02,83.5,24.0,14.1,14.5
422.7,63,114.0,1126.0,47.0,24.0,19.02,83.5,24.0,14.1,14.5
422.849,63,114.0,1126.0,38.0,24.0,19.02,83.5,24.0,14.1,14.5
422.969,63,114.0,1126.0,38.0,28.0,19.02,83.5,24.0,14.1,14.5
423.148,63,114.0,1126.0,38.0,28.0,8.83,83.5,24.0,14.1,14.5
423.299,63,114.0,1126.0,38.0,28.0,8.83,83.5,24.0,14.1,14.5
423.418,63,114.0,1126.0,38.0,28.0,8.83,83.5,24.0,14.1,14.5
423.569,63,114.0,1126.0,38.0,28.0,8.83,83.5,24.0,14.1,14.5
423.718,63,114.0,1126.0,38.0,28.0,8.83,83.5,24.0,14.1,14.5
423.869,63,114.0,1126.0,38.0,28.0,8.83,83.5,24.0,14.1,14.5
424.048,63,106.0,1126.0,38.0,28.0,8.83,83.5,24.0,14.1,14.5
424.198,63,106.0,1425.0,38.0,28.0,8.83,83.5,24.0,14.1,14.5
424.348,63,106.0,1425.0,25.0,28.0,8.83,83.5,24.0,14.1,14.5
424.498,63,106.0,1425.0,25.0,25.0,8.83,83.5,24.0,14.1,14.5
424.618,63,106.0,1425.0,25.0,25.0,12.58,83.5,24.0,14.1,14.5
424.918,63,106.0,1425.0,25.0,25.0,12.58,83.5,24.0,14.1,14.5
425.098,63,106.0,1425.0,25.0,25.0,12.58,83.5,24.0,14.1,14.5
425.219,63,106.0,1425.0,25.0,25.0,12.58,83.5,24.0,14.1,14.5
425.368,63,106.0,1425.0,25.0,25.0,12.58,83.5,24.0,14.1,14.5
425.548,63,106.0,1425.0,25.0,25.0,12.58,83.5,24.0,14.1,14.5
425.699,63,107.0,1425.0,25.0,25.0,12.58,83.5,24.0,14.1,14.5
425.849,63,107.0,897.0,25.0,25.0,12.58,83.5,24.0,14.1,14.5
425.998,63,107.0,897.0,12.0,25.0,12.58,83.5,24.0,14.1,14.5
426.119,63,107.0,897.0,12.0,23.0,12.58,83.5,24.0,14.1,14.5
426.298,63,107.0,897.0,12.0,23.0,8.58,83.5,24.0,14.1,14.5
426.448,63,107.0,897.0,12.0,23.0,8.58,83.5,24.0,14.1,14.5
426.568,63,107.0,897.0,12.0,23.0,8.58,83.5,24.0,14.1,14.5
426.75,63,107.0,897.0,12.0,23.0,8.58,83.5,24.0,14.1,14.5
426.869,63,107.0,897.0,12.0,23.0,8.58,83.5,24.0,14.1,14.5
427.049,63,107.0,897.0,12.0,23.0,8.58,83.5,24.0,14.1,14.5
427.198,63,105.0,897.0,12.0,23.0,8.58,83.5,24.0,14.1,14.5
427.319,63,105.0,891.0,12.0,23.0,8.58,83.5,24.0,14.1,14.5
427.469,63,105.0,891.0,3.0,23.0,8.58,83.5,24.0,14.1,14.5
427.648,63,105.0,891.0,3.0,23.0,8.58,83.5,24.0,14.1,14.5
427.829,63,105.0,891.0,3.0,23.0,8.16,83.5,24.0,14.1,14.5
428.009,63,105.0,891.0,3.0,23.0,8.16,83.5,24.0,14.1,14.5
428.159,63,105.0,891.0,3.0,23.0,8.16,83.5,24.0,14.1,14.5
428.278,63,105.0,891.0,3.0,23.0,8.16,83.5,24.0,14.1,14.5
428.429,63,105.0,891.0,3.0,23.0,8.16,83.5,24.0,14.1,14.5
428.638,63,105.0,891.0,3.0,23.0,8.16,83.5,24.0,14.1,14.5
428.758,63,64.0,891.0,3.0,23.0,8.16,83.5,24.0,14.1,14.5
428.911,63,64.0,580.0,3.0,23.0,8.16,83.5,24.0,14.1,14.5
429.062,63,64.0,580.0,0.0,23.0,8.16,83.5,24.0,14.1,14.5
429.179,63,64.0,580.0,0.0,18.0,8.16,83.5,24.0,14.1,14.5
429.337,63,64.0,580.0,0.0,18.0,0.99,83.5,24.0,14.1,14.5
429.478,63,64.0,580.0,0.0,18.0,0.99,13.7,24.0,14.1,14.5
429.598,63,64.0,580.0,0.0,18.0,0.99,13.7,24.0,14.1,14.5
429.718,63,64.0,580.0,0.0,18.0,0.99,13.7,24.0,14.1,14.5
429.898,63,64.0,580.0,0.0,18.0,0.99,13.7,24.0,14.1,14.5
430.048,63,64.0,580.0,0.0,18.0,0.99,13.7,24.0,14.1,14.5
430.169,63,49.0,580.0,0.0,18.0,0.99,13.7,24.0,14.1,14.5
430.319,63,49.0,0.0,0.0,18.0,0.99,13.7,24.0,14.1,14.5
430.498,63,49.0,0.0,0.0,18.0,0.99,13.7,24.0,14.1,14.5
430.618,63,49.0,0.0,0.0,14.0,0.99,13.7,24.0,14.1,14.5
430.798,63,49.0,0.0,0.0,14.0,0.0,13.7,24.0,14.1,14.5
431.069,63,49.0,0.0,0.0,14.0,0.0,13.7,24.0,14.1,14.5
431.249,63,49.0,0.0,0.0,14.0,0.0,13.7,24.0,14.1,14.5
431.398,63,49.0,0.0,0.0,14.0,0.0,13.7,24.0,14.1,14.5
431.519,63,49.0,0.0,0.0,14.0,0.0,13.7,24.0,14.1,14.5
431.758,63,49.0,0.0,0.0,14.0,0.0,13.7,24.0,14.1,14.5
431.908,63,100.0,0.0,0.0,14.0,0.0,13.7,24.0,14.1,14.5
432.029,63,100.0,0.0,0.0,14.0,0.0,13.7,24.0,14.1,14.5
432.178,63,100.0,0.0,0.0,14.0,0.0,13.7,24.0,14.1,14.5
432.328,63,100.0,0.0,0.0,117.0,0.0,13.7,24.0,14.1,14.5
432.448,63,100.0,0.0,0.0,117.0,0.0,13.7,24.0,14.1,14.5
432.689,63,100.0,0.0,0.0,117.0,0.0,89.0,24.0,14.1,14.5
432.81,63,100.0,0.0,0.0,117.0,0.0,89.0,24.0,14.1,14.5
432.958,63,100.0,0.0,0.0,117.0,0.0,89.0,24.0,14.1,14.5
433.11,63,100.0,0.0,0.0,117.0,0.0,89.0,24.0,14.1,14.5
433.229,64,100.0,0.0,0.0,117.0,0.0,89.0,24.0,14.1,14.5
433.378,64,99.0,0.0,0.0,117.0,0.0,89.0,24.0,14.1,14.5
433.529,64,99.0,0.0,0.0,117.0,0.0,89.0,24.0,14.1,14.5
433.65,64,99.0,0.0,0.0,117.0,0.0,89.0,24.0,14.1,14.5
433.769,64,99.0,0.0,0.0,139.0,0.0,89.0,24.0,14.1,14.5
433.919,64,99.0,0.0,0.0,139.0,0.0,89.0,24.0,14.1,14.5
434.069,64,99.0,0.0,0.0,139.0,0.0,89.0,24.0,14.1,14.5
434.218,64,99.0,0.0,0.0,139.0,0.0,89.0,24.0,14.1,14.5
434.399,64,99.0,0.0,0.0,139.0,0.0,89.0,24.0,14.1,14.5
434.548,64,99.0,0.0,0.0,139.0,0.0,89.0,24.0,14.1,14.5
434.669,64,99.0,0.0,0.0,139.0,0.0,89.0,24.0,14.1,14.5
434.85,64,99.0,0.0,0.0,139.0,0.0,89.0,24.0,14.1,14.5
434.969,64,99.0,0.0,0.0,139.0,0.0,89.0,24.0,14.1,14.5
435.118,64,99.0,0.0,0.0,139.0,0.0,89.0,24.0,14.1,14.5
435.3,64,99.0,0.0,0.0,131.0,0.0,89.0,24.0,14.1,14.5
435.449,64,99.0,0.0,0.0,131.0,0.0,89.0,24.0,14.1,14.5
435.598,64,99.0,0.0,0.0,131.0,0.0,89.0,24.0,14.1,14.5
435.779,64,99.0,0.0,0.0,131.0,0.0,89.0,24.0,14.1,14.5
435.898,64,99.0,0.0,0.0,131.0,0.0,89.0,24.0,14.1,14.5
436.049,64,99.0,0.0,0.0,131.0,0.0,89.0,24.0,14.1,14.5
436.229,64,99.0,0.0,0.0,131.0,0.0,89.0,24.0,14.1,14.5
436.349,64,99.0,0.0,0.0,131.0,0.0,89.0,24.0,14.1,14.5
436.498,64,99.0,0.0,0.0,131.0,0.0,89.0,24.0,14.1,14.5
436.678,64,99.0,0.0,0.0,131.0,0.0,89.0,24.0,14.1,14.5
436.83,64,99.0,0.0,0.0,124.0,0.0,89.0,24.0,14.1,14.5
436.948,64,99.0,0.0,0.0,124.0,0.0,89.0,24.0,14.1,14.5
437.159,64,99.0,0.0,0.0,124.0,0.0,89.0,24.0,14.1,14.5
437.338,64,99.0,0.0,0.0,124.0,0.0,89.0,24.0,14.1,14.5
437.458,64,99.0,0.0,0.0,124.0,0.0,89.0,24.0,14.1,14.5
437.639,64,99.0,0.0,0.0,124.0,0.0,89.0,24.0,14.1,14.5
437.79,64,99.0,0.0,0.0,124.0,0.0,89.0,24.0,14.1,14.5
437.938,64,99.0,0.0,0.0,124.0,0.0,89.0,24.0,14.1,14.5
438.09,64,99.0,0.0,0.0,124.0,0.0,89.0,24.0,14.1,14.5
438.211,64,99.0,0.0,0.0,124.0,0.0,89.0,24.0,14.1,14.5
438.389,64,99.0,0.0,0.0,117.0,0.0,89.0,24.0,14.1,14.5
438.658,64,99.0,0.0,0.0,117.0,0.0,89.0,24.0,14.1,14.5
438.87,64,99.0,0.0,0.0,117.0,0.0,89.0,24.0,14.1,14.5
439.079,64,99.0,0.0,0.0,117.0,0.0,89.0,24.0,14.1,14.5
439.289,64,99.0,0.0,0.0,117.0,0.0,89.0,24.0,14.1,14.5
439.498,64,99.0,0.0,0.0,117.0,0.0,89.0,24.0,14.1,14.5
439.618,64,99.0,0.0,0.0,117.0,0.0,89.0,24.0,14.1,14.5
439.799,64,99.0,0.0,0.0,117.0,0.0,89.0,24.0,14.1,14.5
440.129,64,99.0,0.0,0.0,117.0,0.0,89.0,24.0,14.1,14.5
440.338,64,99.0,0.0,0.0,117.0,0.0,89.0,24.0,14.1,14.5
440.548,64,99.0,0.0,0.0,112.0,0.0,89.0,24.0,14.1,14.5
440.758,64,99.0,0.0,0.0,112.0,0.0,89.0,24.0,14.1,14.5
440.879,64,99.0,0.0,0.0,112.0,0.0,89.0,24.0,14.1,14.5
441.029,64,99.0,0.0,0.0,112.0,0.0,89.0,24.0,14.1,14.5
441.178,64,99.0,0.0,0.0,112.0,0.0,89.0,24.0,14.1,14.5
441.299,64,99.0,0.0,0.0,112.0,0.0,89.0,24.0,14.1,14.5
441.478,64,99.0,0.0,0.0,112.0,0.0,89.0,24.0,14.1,14.5
441.598,64,99.0,0.0,0.0,112.0,0.0,89.0,24.0,14.1,14.5
441.81,64,99.0,0.0,0.0,112.0,0.0,89.0,24.0,14.1,14.5
441.928,64,99.0,0.0,0.0,112.0,0.0,89.0,24.0,14.1,14.5
442.078,64,99.0,0.0,0.0,107.0,0.0,89.0,24.0,14.1,14.5
442.229,64,99.0,0.0,0.0,107.0,0.0,89.0,24.0,14.1,14.5
442.348,64,99.0,0.0,0.0,107.0,0.0,89.0,24.0,14.1,14.5
442.529,64,99.0,0.0,0.0,107.0,0.0,89.0,24.0,14.1,14.5
442.652,64,99.0,0.0,0.0,107.0,0.0,89.0,24.0,14.1,14.5
442.829,64,99.0,0.0,0.0,107.0,0.0,89.0,24.0,14.1,14.5
443.07,64,99.0,0.0,0.0,107.0,0.0,89.0,24.0,14.1,14.5
443.19,64,99.0,0.0,0.0,107.0,0.0,89.0,24.0,14.1,14.5
443.338,64,99.0,0.0,0.0,107.0,0.0,89.0,24.0,14.1,14.5
443.488,64,99.0,0.0,0.0,107.0,0.0,89.0,24.0,14.1,14.5
443.61,64,99.0,0.0,0.0,102.0,0.0,89.0,24.0,14.1,14.5
443.732,64,99.0,0.0,0.0,102.0,0.0,89.0,24.0,14.1,14.5
443.878,64,99.0,0.0,0.0,102.0,0.0,88.6,24.0,14.1,14.5
444.031,64,99.0,0.0,0.0,102.0,0.0,88.6,24.0,14.1,14.5
444.149,64,99.0,0.0,0.0,102.0,0.0,88.6,24.0,14.1,14.5
444.364,64,99.0,0.0,0.0,102.0,0.0,88.6,24.0,14.1,14.5
444.508,64,99.0,0.0,0.0,102.0,0.0,88.6,24.0,14.1,14.5
444.629,64,99.0,0.0,0.0,102.0,0.0,88.6,24.0,14.1,14.5
444.778,64,99.0,0.0,0.0,102.0,0.0,88.6,24.0,14.1,14.5
444.899,64,99.0,0.0,0.0,102.0,0.0,88.6,24.0,14.1,14.5
445.089,64,99.0,0.0,0.0,98.0,0.0,88.6,24.0,14.1,14.5
445.228,64,99.0,0.0,0.0,98.0,0.0,88.6,24.0,14.1,14.5
445.348,64,99.0,0.0,0.0,98.0,0.0,88.6,24.0,14.1,14.5
445.498,64,99.0,0.0,0.0,98.0,0.0,88.6,24.0,14.1,14.5
445.648,64,99.0,0.0,0.0,98.0,0.0,88.6,24.0,14.1,14.5
445.83,64,99.0,0.0,0.0,98.0,0.0,88.6,24.0,14.1,14.5
446.01,64,99.0,0.0,0.0,98.0,0.0,88.6,24.0,14.1,14.5
446.159,64,99.0,0.0,0.0,98.0,0.0,88.6,24.0,14.1,14.5
446.279,64,99.0,0.0,0.0,98.0,0.0,88.6,24.0,14.1,14.5
446.428,64,99.0,0.0,0.0,98.0,0.0,88.6,24.0,14.1,14.5
446.61,64,99.0,0.0,0.0,97.0,0.0,88.6,24.0,14.1,14.5
446.759,64,99.0,0.0,0.0,97.0,0.0,88.6,24.0,14.1,14.5
446.91,64,99.0,0.0,0.0,97.0,0.0,88.6,24.0,14.1,14.5
447.03,64,99.0,0.0,0.0,97.0,0.0,88.6,24.0,14.1,14.5
447.179,64,99.0,0.0,0.0,97.0,0.0,88.6,24.0,14.1,14.5
447.329,64,99.0,0.0,0.0,97.0,0.0,88.6,24.0,14.1,14.5
447.449,64,99.0,0.0,0.0,97.0,0.0,88.6,24.0,14.1,14.5
447.629,64,99.0,0.0,0.0,97.0,0.0,88.6,24.0,14.1,14.5
447.778,64,99.0,0.0,0.0,97.0,0.0,88.6,24.0,14.1,14.5
447.93,64,99.0,0.0,0.0,97.0,0.0,88.6,24.0,14.1,14.5
448.079,64,99.0,0.0,0.0,94.0,0.0,88.6,24.0,14.1,14.5
448.199,64,99.0,0.0,0.0,94.0,0.0,88.6,24.0,14.1,14.5
448.35,64,99.0,0.0,0.0,94.0,0.0,89.0,24.0,14.1,14.5
448.529,64,99.0,0.0,0.0,94.0,0.0,89.0,24.0,14.1,14.5
448.65,64,99.0,0.0,0.0,94.0,0.0,89.0,24.0,14.1,14.5
448.83,64,99.0,0.0,0.0,94.0,0.0,89.0,24.0,14.1,14.5
448.978,64,99.0,0.0,0.0,94.0,0.0,89.0,24.0,14.1,14.5
449.218,64,99.0,0.0,0.0,94.0,0.0,89.0,24.0,14.1,14.5
449.369,64,99.0,0.0,0.0,94.0,0.0,89.0,24.0,14.1,14.5
449.489,64,99.0,0.0,0.0,94.0,0.0,89.0,24.0,14.1,14.5
449.758,64,99.0,0.0,0.0,91.0,0.0,89.0,24.0,14.1,14.5
449.912,64,99.0,0.0,0.0,91.0,0.0,89.0,24.0,14.1,14.5
450.03,64,99.0,0.0,0.0,91.0,0.0,89.0,24.0,14.1,14.5
450.178,64,99.0,0.0,0.0,91.0,0.0,89.0,24.0,14.1,14.5
450.331,64,99.0,0.0,0.0,91.0,0.0,89.0,24.0,14.1,14.5
450.45,64,99.0,0.0,0.0,91.0,0.0,89.0,24.0,14.1,14.5
450.63,65,99.0,0.0,0.0,91.0,0.0,89.0,24.0,14.1,14.5
450.75,65,99.0,0.0,0.0,91.0,0.0,89.0,24.0,14.1,14.5
450.932,65,99.0,0.0,0.0,91.0,0.0,89.0,24.0,14.1,14.5
451.078,65,99.0,0.0,0.0,91.0,0.0,89.0,24.0,14.1,14.5
451.198,65,99.0,0.0,0.0,89.0,0.0,89.0,24.0,14.1,14.5
451.367,65,99.0,0.0,0.0,89.0,0.0,89.0,24.0,14.1,14.5
451.529,65,99.0,0.0,0.0,89.0,0.0,89.0,24.0,14.1,14.5
451.649,65,99.0,0.0,0.0,89.0,0.0,89.0,24.0,14.1,14.5
451.831,65,99.0,0.0,0.0,89.0,0.0,89.0,24.0,14.1,14.5
451.95,65,99.0,0.0,0.0,89.0,0.0,89.0,24.0,14.1,14.5
452.098,65,99.0,0.0,0.0,89.0,0.0,89.0,24.0,14.1,14.5
452.221,65,99.0,0.0,0.0,89.0,0.0,89.0,24.0,14.1,14.5
452.369,65,99.0,0.0,0.0,89.0,0.0,89.0,24.0,14.1,14.5
452.518,65,99.0,0.0,0.0,89.0,0.0,89.0,24.0,14.1,14.5
452.79,65,99.0,0.0,0.0,86.0,0.0,89.0,24.0,14.1,14.5
452.97,65,99.0,0.0,0.0,86.0,0.0,89.0,24.0,14.1,14.5
453.119,65,99.0,0.0,0.0,86.0,0.0,89.0,24.0,14.1,14.5
453.239,65,99.0,0.0,0.0,86.0,0.0,89.0,24.0,14.1,14.5
453.418,65,99.0,0.0,0.0,86.0,0.0,89.0,24.0,14.1,14.5
453.569,65,99.0,0.0,0.0,86.0,0.0,89.0,24.0,14.1,14.5
453.691,65,99.0,0.0,0.0,86.0,0.0,89.0,24.0,14.1,14.5
453.87,65,99.0,0.0,0.0,86.0,0.0,89.0,24.0,14.1,14.5
453.991,65,99.0,0.0,0.0,86.0,0.0,89.0,24.0,14.1,14.5
454.171,65,99.0,0.0,0.0,86.0,0.0,89.0,24.0,14.1,14.5
454.32,65,99.0,0.0,0.0,84.0,0.0,89.0,24.0,14.1,14.5
454.438,65,99.0,0.0,0.0,84.0,0.0,89.0,24.0,14.1,14.5
454.588,65,99.0,0.0,0.0,84.0,0.0,89.0,24.0,14.1,14.5
454.83,65,99.0,0.0,0.0,84.0,0.0,89.0,24.0,14.1,14.5
454.951,65,99.0,0.0,0.0,84.0,0.0,89.0,24.0,14.1,14.5
455.25,65,99.0,0.0,0.0,84.0,0.0,89.0,24.0,14.1,14.5
455.373,65,99.0,0.0,0.0,84.0,0.0,89.0,24.0,14.1,14.5
455.518,65,99.0,0.0,0.0,84.0,0.0,89.0,24.0,14.1,14.5
455.731,65,99.0,0.0,0.0,84.0,0.0,89.0,24.0,14.1,14.5
455.851,65,99.0,0.0,0.0,84.0,0.0,89.0,24.0,14.1,14.5
455.999,65,99.0,0.0,0.0,83.0,0.0,89.0,24.0,14.1,14.5
456.15,65,99.0,0.0,0.0,83.0,0.0,89.0,24.0,14.1,14.5
456.27,65,99.0,0.0,0.0,83.0,0.0,89.0,24.0,14.1,14.5
456.418,65,99.0,0.0,0.0,83.0,0.0,89.0,24.0,14.1,14.5
456.57,65,99.0,0.0,0.0,83.0,0.0,89.0,24.0,14.1,14.5
456.69,65,99.0,0.0,0.0,83.0,0.0,89.0,24.0,14.1,14.5
456.871,65,99.0,0.0,0.0,83.0,0.0,89.0,24.0,14.1,14.5
456.99,65,99.0,0.0,0.0,83.0,0.0,89.0,24.0,14.1,14.5
457.199,65,99.0,0.0,0.0,83.0,0.0,89.0,24.0,14.1,14.5
457.348,65,99.0,0.0,0.0,83.0,0.0,89.0,24.0,14.1,14.5
457.498,65,99.0,0.0,0.0,82.0,0.0,89.0,24.0,14.1,14.5
457.618,65,99.0,0.0,0.0,82.0,0.0,89.0,24.0,14.1,14.5
457.739,65,99.0,0.0,0.0,82.0,0.0,89.0,24.0,14.1,14.5
457.918,65,99.0,0.0,0.0,82.0,0.0,89.0,24.0,14.1,14.5
458.07,65,99.0,0.0,0.0,82.0,0.0,89.0,24.0,14.1,14.5
458.191,65,99.0,0.0,0.0,82.0,0.0,89.0,24.0,14.1,14.5
458.338,65,99.0,0.0,0.0,82.0,0.0,89.0,24.0,14.1,14.5
458.549,65,99.0,0.0,0.0,82.0,0.0,89.0,24.0,14.1,14.5
458.79,65,99.0,0.0,0.0,82.0,0.0,89.0,24.0,14.1,14.5
458.97,65,99.0,0.0,0.0,82.0,0.0,89.0,24.0,14.1,14.5
459.09,65,99.0,0.0,0.0,81.0,0.0,89.0,24.0,14.1,14.5
459.238,65,99.0,0.0,0.0,81.0,0.0,89.0,24.0,14.1,14.5
459.418,65,99.0,0.0,0.0,81.0,0.0,89.0,24.0,14.1,14.5
459.57,65,99.0,0.0,0.0,81.0,0.0,89.0,24.0,14.1,14.5
459.69,65,99.0,0.0,0.0,81.0,0.0,89.0,24.0,14.1,14.5
459.869,65,99.0,0.0,0.0,81.0,0.0,89.0,24.0,14.1,14.5
459.99,65,99.0,0.0,0.0,81.0,0.0,89.0,24.0,14.1,14.5
460.168,65,99.0,0.0,0.0,81.0,0.0,89.0,24.0,14.1,14.5
460.318,65,99.0,0.0,0.0,81.0,0.0,89.0,24.0,14.1,14.5
460.438,65,99.0,0.0,0.0,81.0,0.0,89.0,24.0,14.1,14.5
460.589,65,99.0,0.0,0.0,79.0,0.0,89.0,24.0,14.1,14.5
460.739,65,99.0,0.0,0.0,79.0,0.0,89.0,24.0,14.1,14.5
460.952,65,99.0,0.0,0.0,79.0,0.0,89.0,24.0,14.1,14.5
461.098,65,99.0,0.0,0.0,79.0,0.0,89.0,24.0,14.1,14.5
461.218,65,99.0,0.0,0.0,79.0,0.0,89.0,24.0,14.1,14.5
461.344,65,99.0,0.0,0.0,79.0,0.0,89.0,24.0,14.1,14.5
461.518,65,99.0,0.0,0.0,79.0,0.0,89.0,24.0,14.1,14.5
461.758,65,99.0,0.0,0.0,79.0,0.0,89.0,24.0,14.1,14.5
461.879,65,99.0,0.0,0.0,79.0,0.0,89.0,24.0,14.1,14.5
462.03,65,99.0,0.0,0.0,79.0,0.0,89.0,24.0,14.1,14.5
462.178,65,99.0,0.0,0.0,78.0,0.0,89.0,24.0,14.1,14.5
462.298,65,99.0,0.0,0.0,78.0,0.0,89.0,24.0,14.1,14.5
462.451,65,99.0,0.0,0.0,78.0,0.0,88.6,24.0,14.1,14.5
462.598,65,99.0,0.0,0.0,78.0,0.0,88.6,24.0,14.1,14.5
462.718,65,99.0,0.0,0.0,78.0,0.0,88.6,24.0,14.5,14.5
462.839,65,99.0,0.0,0.0,78.0,0.0,88.6,24.0,14.5,21.2
462.988,65,99.0,0.0,0.0,78.0,0.0,88.6,24.0,14.5,21.2
463.17,65,97.0,0.0,0.0,78.0,0.0,88.6,24.0,14.5,21.2
463.32,65,97.0,1225.0,0.0,78.0,0.0,88.6,24.0,14.5,21.2
463.438,65,97.0,1225.0,0.0,78.0,0.0,88.6,24.0,14.5,21.2
463.618,65,97.0,1225.0,0.0,53.0,0.0,88.6,24.0,14.5,21.2
463.738,65,97.0,1225.0,0.0,53.0,13.69,88.6,24.0,14.5,21.2
463.918,65,97.0,1225.0,0.0,53.0,13.69,83.1,24.0,14.5,21.2
464.069,65,97.0,1225.0,0.0,53.0,13.69,83.1,24.0,14.5,21.2
464.191,65,97.0,1225.0,0.0,53.0,13.69,83.1,24.0,27.1,21.2
464.371,65,97.0,1225.0,0.0,53.0,13.69,83.1,24.0,27.1,27.1
464.518,65,97.0,1225.0,0.0,53.0,13.69,83.1,24.0,27.1,27.1
464.729,65,110.0,1225.0,0.0,53.0,13.69,83.1,24.0,27.1,27.1
464.85,65,110.0,1471.0,0.0,53.0,13.69,83.1,24.0,27.1,27.1
464.999,65,110.0,1471.0,13.0,53.0,13.69,83.1,24.0,27.1,27.1
465.149,65,110.0,1471.0,13.0,37.0,13.69,83.1,24.0,27.1,27.1
465.268,65,110.0,1471.0,13.0,37.0,31.69,83.1,24.0,27.1,27.1
465.418,65,110.0,1471.0,13.0,37.0,31.69,83.1,24.0,27.1,27.1
465.568,65,110.0,1471.0,13.0,37.0,31.69,83.1,24.0,27.1,27.1
465.688,65,110.0,1471.0,13.0,37.0,31.69,83.1,24.0,45.1,27.1
465.838,65,110.0,1471.0,13.0,37.0,31.69,83.1,24.0,45.1,38.8
465.988,65,110.0,1471.0,13.0,37.0,31.69,83.1,24.0,45.1,38.8
466.168,65,129.0,1471.0,13.0,37.0,31.69,83.1,24.0,45.1,38.8
466.318,65,129.0,1885.0,13.0,37.0,31.69,83.1,24.0,45.1,38.8
466.438,65,129.0,1885.0,22.0,37.0,31.69,83.1,24.0,45.1,38.8
466.618,65,129.0,1885.0,22.0,24.0,31.69,83.1,24.0,45.1,38.8
466.768,65,129.0,1885.0,22.0,24.0,22.05,83.1,24.0,45.1,38.8
466.919,65,129.0,1885.0,22.0,24.0,22.05,78.8,24.0,45.1,38.8
467.099,65,129.0,1885.0,22.0,24.0,22.05,78.8,24.0,45.1,38.8
467.255,65,129.0,1885.0,22.0,24.0,22.05,78.8,24.0,37.6,38.8
467.518,65,129.0,1885.0,22.0,24.0,22.05,78.8,24.0,37.6,37.6
467.698,65,129.0,1885.0,22.0,24.0,22.05,78.8,24.0,37.6,37.6
467.818,65,120.0,1885.0,22.0,24.0,22.05,78.8,24.0,37.6,37.6
467.972,65,120.0,1439.0,22.0,24.0,22.05,78.8,24.0,37.6,37.6
468.118,65,120.0,1439.0,25.0,24.0,22.05,78.8,24.0,37.6,37.6
468.238,65,120.0,1439.0,25.0,9.0,22.05,78.8,24.0,37.6,37.6
468.418,65,120.0,1439.0,25.0,9.0,17.41,78.8,24.0,37.6,37.6
468.568,65,120.0,1439.0,25.0,9.0,17.41,83.5,24.0,37.6,37.6
468.689,65,120.0,1439.0,25.0,9.0,17.41,83.5,24.0,37.6,37.6
468.871,65,120.0,1439.0,25.0,9.0,17.41,83.5,24.0,40.4,37.6
468.989,65,120.0,1439.0,25.0,9.0,17.41,83.5,24.0,40.4,41.6
469.138,65,120.0,1439.0,25.0,9.0,17.41,83.5,24.0,40.4,41.6
469.295,65,138.0,1439.0,25.0,9.0,17.41,83.5,24.0,40.4,41.6
469.438,65,138.0,1658.0,25.0,9.0,17.41,83.5,24.0,40.4,41.6
469.589,65,138.0,1658.0,29.0,9.0,17.41,83.5,24.0,40.4,41.6
469.71,65,138.0,1658.0,29.0,6.0,17.41,83.5,24.0,40.4,41.6
469.889,65,138.0,1658.0,29.0,6.0,31.69,83.5,24.0,40.4,41.6
470.069,65,138.0,1658.0,29.0,6.0,31.69,83.5,24.0,40.4,41.6
470.19,65,138.0,1658.0,29.0,6.0,31.69,83.5,24.0,40.4,41.6
470.488,65,138.0,1658.0,29.0,6.0,31.69,83.5,24.0,45.5,41.6
470.639,65,138.0,1658.0,29.0,6.0,31.69,83.5,24.0,45.5,49.0
470.878,65,138.0,1658.0,29.0,6.0,31.69,83.5,24.0,45.5,49.0
471.059,65,202.0,1658.0,29.0,6.0,31.69,83.5,24.0,45.5,49.0
471.238,65,202.0,2226.0,29.0,6.0,31.69,83.5,24.0,45.5,49.0
471.388,65,202.0,2226.0,39.0,6.0,31.69,83.5,24.0,45.5,49.0
471.539,65,202.0,2226.0,39.0,6.0,31.69,83.5,24.0,45.5,49.0
471.689,65,202.0,2226.0,39.0,6.0,59.44,83.5,24.0,45.5,49.0
471.808,65,202.0,2226.0,39.0,6.0,59.44,83.5,24.0,45.5,49.0
471.958,65,202.0,2226.0,39.0,6.0,59.44,83.5,24.0,45.5,49.0
472.079,65,202.0,2226.0,39.0,6.0,59.44,83.5,24.0,14.1,49.0
472.229,65,202.0,2226.0,39.0,6.0,59.44,83.5,24.0,14.1,14.9
472.409,65,202.0,2226.0,39.0,6.0,59.44,83.5,24.0,14.1,14.9
472.558,65,99.0,2226.0,39.0,6.0,59.44,83.5,24.0,14.1,14.9
472.799,65,99.0,1642.0,39.0,6.0,59.44,83.5,24.0,14.1,14.9
472.95,65,99.0,1642.0,43.0,6.0,59.44,83.5,24.0,14.1,14.9
473.07,65,99.0,1642.0,43.0,3.0,59.44,83.5,24.0,14.1,14.9
473.219,65,99.0,1642.0,43.0,3.0,37.24,83.5,24.0,14.1,14.9
473.398,65,99.0,1642.0,43.0,3.0,37.24,83.5,24.0,14.1,14.9
473.548,65,99.0,1642.0,43.0,3.0,37.24,83.5,24.0,14.1,14.9
473.671,65,99.0,1642.0,43.0,3.0,37.24,83.5,24.0,57.3,14.9
473.819,65,99.0,1642.0,43.0,3.0,37.24,83.5,24.0,57.3,58.0
473.972,65,99.0,1642.0,43.0,3.0,37.24,83.5,24.0,57.3,58.0
474.119,65,214.0,1642.0,43.0,3.0,37.24,83.5,24.0,57.3,58.0
474.238,65,214.0,1946.0,43.0,3.0,37.24,83.5,24.0,57.3,58.0
474.389,65,214.0,1946.0,53.0,3.0,37.24,83.5,24.0,57.3,58.0
474.538,65,214.0,1946.0,53.0,6.0,37.24,83.5,24.0,57.3,58.0
474.659,65,214.0,1946.0,53.0,6.0,68.61,83.5,24.0,57.3,58.0
474.87,65,214.0,1946.0,53.0,6.0,68.61,83.5,24.0,57.3,58.0
474.988,65,214.0,1946.0,53.0,6.0,68.61,83.5,24.0,57.3,58.0
475.138,65,214.0,1946.0,53.0,6.0,68.61,83.5,24.0,14.1,58.0
475.289,65,214.0,1946.0,53.0,6.0,68.61,83.5,24.0,14.1,14.5
475.408,65,214.0,1946.0,53.0,6.0,68.61,83.5,24.0,14.1,14.5
475.559,65,107.0,1946.0,53.0,6.0,68.61,83.5,24.0,14.1,14.5
475.769,65,107.0,1571.0,53.0,6.0,68.61,83.5,24.0,14.1,14.5
475.889,65,107.0,1571.0,56.0,6.0,68.61,83.5,24.0,14.1,14.5
476.039,65,107.0,1571.0,56.0,4.0,68.61,83.5,24.0,14.1,14.5
476.19,65,107.0,1571.0,56.0,4.0,24.52,83.5,24.0,14.1,14.5
476.309,65,107.0,1571.0,56.0,4.0,24.52,83.5,24.0,14.1,14.5
476.459,65,107.0,1571.0,56.0,4.0,24.52,83.5,24.0,14.1,14.5
476.609,65,107.0,1571.0,56.0,4.0,24.52,83.5,24.0,46.3,14.5
476.728,65,107.0,1571.0,56.0,4.0,24.52,83.5,24.0,46.3,47.1
476.909,65,107.0,1571.0,56.0,4.0,24.52,83.5,24.0,46.3,47.1
477.029,65,146.0,1571.0,56.0,4.0,24.52,83.5,24.0,46.3,47.1
477.178,65,146.0,1532.0,56.0,4.0,24.52,83.5,24.0,46.3,47.1
477.359,65,146.0,1532.0,59.0,4.0,24.52,83.5,24.0,46.3,47.1
477.509,65,146.0,1532.0,59.0,3.0,24.52,83.5,24.0,46.3,47.1
477.629,65,146.0,1532.0,59.0,3.0,30.77,83.5,24.0,46.3,47.1
477.808,65,146.0,1532.0,59.0,3.0,30.77,83.5,24.0,46.3,47.1
477.958,65,146.0,1532.0,59.0,3.0,30.77,83.5,24.0,46.3,47.1
478.079,65,146.0,1532.0,59.0,3.0,30.77,83.5,24.0,39.6,47.1
478.23,65,146.0,1532.0,59.0,3.0,30.77,83.5,24.0,39.6,39.2
478.408,65,146.0,1532.0,59.0,3.0,30.77,83.5,24.0,39.6,39.2
478.558,65,137.0,1532.0,59.0,3.0,30.77,83.5,24.0,39.6,39.2
478.681,65,137.0,1593.0,59.0,3.0,30.77,83.5,24.0,39.6,39.2
478.829,65,137.0,1593.0,62.0,3.0,30.77,83.5,24.0,39.6,39.2
479.009,65,137.0,1593.0,62.0,4.0,30.77,83.5,24.0,39.6,39.2
479.16,65,137.0,1593.0,62.0,4.0,20.33,83.5,24.0,39.6,39.2
479.308,65,137.0,1593.0,62.0,4.0,20.33,83.5,24.0,39.6,39.2
479.428,65,137.0,1593.0,62.0,4.0,20.33,83.5,24.0,39.6,39.2
479.58,65,137.0,1593.0,62.0,4.0,20.33,83.5,24.0,19.6,39.2
479.849,65,137.0,1593.0,62.0,4.0,20.33,83.5,24.0,19.6,14.5
480.002,65,137.0,1593.0,62.0,4.0,20.33,83.5,24.0,19.6,14.5
480.118,65,116.0,1593.0,62.0,4.0,20.33,83.5,24.0,19.6,14.5
480.269,65,116.0,1572.0,62.0,4.0,20.33,83.5,24.0,19.6,14.5
480.449,65,116.0,1572.0,61.0,4.0,20.33,83.5,24.0,19.6,14.5
480.568,65,116.0,1572.0,61.0,4.0,20.33,83.5,24.0,19.6,14.5
480.719,65,116.0,1572.0,61.0,4.0,13.63,83.5,24.0,19.6,14.5
480.839,65,116.0,1572.0,61.0,4.0,13.63,83.5,24.0,19.6,14.5
480.99,65,116.0,1572.0,61.0,4.0,13.63,83.5,24.0,19.6,14.5
481.109,65,116.0,1572.0,61.0,4.0,13.63,83.5,24.0,14.1,14.5
481.259,65,116.0,1572.0,61.0,4.0,13.63,83.5,24.0,14.1,14.5
481.408,65,116.0,1572.0,61.0,4.0,13.63,83.5,24.0,14.1,14.5
481.529,65,113.0,1572.0,61.0,4.0,13.63,83.5,24.0,14.1,14.5
481.681,65,113.0,1549.0,61.0,4.0,13.63,83.5,24.0,14.1,14.5
481.859,65,113.0,1549.0,60.0,4.0,13.63,83.5,24.0,14.1,14.5
482.009,65,113.0,1549.0,60.0,6.0,13.63,83.5,24.0,14.1,14.5
482.159,65,113.0,1549.0,60.0,6.0,14.11,83.5,24.0,14.1,14.5
482.279,65,113.0,1549.0,60.0,6.0,14.11,83.5,24.0,14.1,14.5
482.429,65,113.0,1549.0,60.0,6.0,14.11,83.5,24.0,14.1,14.5
482.579,65,113.0,1549.0,60.0,6.0,14.11,83.5,24.0,14.1,14.5
482.759,65,113.0,1549.0,60.0,6.0,14.11,83.5,24.0,14.1,14.5
482.909,65,113.0,1549.0,60.0,6.0,14.11,83.5,24.0,14.1,14.5
483.058,65,121.0,1549.0,60.0,6.0,14.11,83.5,24.0,14.1,14.5
483.179,65,121.0,1546.0,60.0,6.0,14.11,83.5,24.0,14.1,14.5
483.328,65,121.0,1546.0,60.0,6.0,14.11,83.5,24.0,14.1,14.5
483.509,65,121.0,1546.0,60.0,7.0,14.11,83.5,24.0,14.1,14.5
483.659,65,121.0,1546.0,60.0,7.0,15.3,83.5,24.0,14.1,14.5
483.778,65,121.0,1546.0,60.0,7.0,15.3,83.5,24.0,14.1,14.5
483.958,65,121.0,1546.0,60.0,7.0,15.3,83.5,24.0,14.1,14.5
484.078,65,121.0,1546.0,60.0,7.0,15.3,83.5,24.0,14.1,14.5
484.29,65,121.0,1546.0,60.0,7.0,15.3,83.5,24.0,14.1,14.5
484.438,65,121.0,1546.0,60.0,7.0,15.3,83.5,24.0,14.1,14.5
484.589,65,122.0,1546.0,60.0,7.0,15.3,83.5,24.0,14.1,14.5
484.709,65,122.0,1549.0,60.0,7.0,15.3,83.5,24.0,14.1,14.5
484.919,65,122.0,1549.0,60.0,7.0,15.3,83.5,24.0,14.1,14.5
485.07,65,122.0,1549.0,60.0,10.0,15.3,83.5,24.0,14.1,14.5
485.218,65,122.0,1549.0,60.0,10.0,16.77,83.5,24.0,14.1,14.5
485.398,65,122.0,1549.0,60.0,10.0,16.77,83.5,24.0,14.1,14.5
485.519,65,122.0,1549.0,60.0,10.0,16.77,83.5,24.0,14.1,14.5
485.819,65,122.0,1549.0,60.0,10.0,16.77,83.5,24.0,14.1,14.5
485.97,65,122.0,1549.0,60.0,10.0,16.77,83.5,24.0,14.1,14.5
486.118,66,122.0,1549.0,60.0,10.0,16.77,83.5,24.0,14.1,14.5
486.299,66,124.0,1549.0,60.0,10.0,16.77,83.5,24.0,14.1,14.5
486.449,66,124.0,1548.0,60.0,10.0,16.77,83.5,24.0,14.1,14.5
486.568,66,124.0,1548.0,60.0,10.0,16.77,83.5,24.0,14.1,14.5
486.748,66,124.0,1548.0,60.0,12.0,16.77,83.5,24.0,14.1,14.5
486.898,66,124.0,1548.0,60.0,12.0,17.16,83.5,24.0,14.1,14.5
487.108,66,124.0,1548.0,60.0,12.0,17.16,83.5,24.0,14.1,14.5
487.279,66,124.0,1548.0,60.0,12.0,17.16,83.5,24.0,14.1,14.5
487.408,66,124.0,1548.0,60.0,12.0,17.16,83.5,24.0,14.1,14.5
487.529,66,124.0,1548.0,60.0,12.0,17.16,83.5,24.0,14.1,14.5
487.679,66,124.0,1548.0,60.0,12.0,17.16,83.5,24.0,14.1,14.5
487.828,66,125.0,1548.0,60.0,12.0,17.16,83.5,24.0,14.1,14.5
487.978,66,125.0,1562.0,60.0,12.0,17.16,83.5,24.0,14.1,14.5
488.129,66,125.0,1562.0,61.0,12.0,17.16,83.5,24.0,14.1,14.5
488.25,66,125.0,1562.0,61.0,14.0,17.16,83.5,24.0,14.1,14.5
488.398,66,125.0,1562.0,61.0,14.0,17.08,83.5,24.0,14.1,14.5
488.578,66,125.0,1562.0,61.0,14.0,17.08,83.5,24.0,14.1,14.5
488.732,66,125.0,1562.0,61.0,14.0,17.08,83.5,24.0,14.1,14.5
488.969,66,125.0,1562.0,61.0,14.0,17.08,83.5,24.0,14.1,14.5
489.119,66,125.0,1562.0,61.0,14.0,17.08,83.5,24.0,14.1,14.5
489.331,66,125.0,1562.0,61.0,14.0,17.08,83.5,24.0,14.1,14.5
489.479,66,124.0,1562.0,61.0,14.0,17.08,83.5,24.0,14.1,14.5
489.599,66,124.0,1577.0,61.0,14.0,17.08,83.5,24.0,14.1,14.5
489.749,66,124.0,1577.0,62.0,14.0,17.08,83.5,24.0,14.1,14.5
489.869,66,124.0,1577.0,62.0,15.0,17.08,83.5,24.0,14.1,14.5
490.05,66,124.0,1577.0,62.0,15.0,16.88,83.5,24.0,14.1,14.5
490.198,66,124.0,1577.0,62.0,15.0,16.88,83.5,24.0,14.1,14.5
490.319,66,124.0,1577.0,62.0,15.0,16.88,83.5,23.0,14.1,14.5
490.5,66,124.0,1577.0,62.0,15.0,16.88,83.5,23.0,14.1,14.5
490.649,66,124.0,1577.0,62.0,15.0,16.88,83.5,23.0,14.1,14.5
490.798,66,124.0,1577.0,62.0,15.0,16.88,83.5,23.0,14.1,14.5
490.979,66,120.0,1577.0,62.0,15.0,16.88,83.5,23.0,14.1,14.5
491.098,66,120.0,1586.0,62.0,15.0,16.88,83.5,23.0,14.1,14.5
491.249,66,120.0,1586.0,62.0,15.0,16.88,83.5,23.0,14.1,14.5
491.399,66,120.0,1586.0,62.0,16.0,16.88,83.5,23.0,14.1,14.5
491.518,66,120.0,1586.0,62.0,16.0,16.47,83.5,23.0,14.1,14.5
491.699,66,120.0,1586.0,62.0,16.0,16.47,83.5,23.0,14.1,14.5
491.97,66,120.0,1586.0,62.0,16.0,16.47,83.5,23.0,14.1,14.5
492.149,66,120.0,1586.0,62.0,16.0,16.47,83.5,23.0,14.1,14.5
492.299,66,120.0,1586.0,62.0,16.0,16.47,83.5,23.0,14.1,14.5
492.419,66,120.0,1586.0,62.0,16.0,16.47,83.5,23.0,14.1,14.5
492.569,66,120.0,1586.0,62.0,16.0,16.47,83.5,23.0,14.1,14.5
492.778,66,120.0,1592.0,62.0,16.0,16.47,83.5,23.0,14.1,14.5
492.898,66,120.0,1592.0,62.0,16.0,16.47,83.5,23.0,14.1,14.5
493.049,66,120.0,1592.0,62.0,17.0,16.47,83.5,23.0,14.1,14.5
493.198,66,120.0,1592.0,62.0,17.0,16.52,83.5,23.0,14.1,14.5
493.319,66,120.0,1592.0,62.0,17.0,16.52,83.5,23.0,14.1,14.5
493.498,66,120.0,1592.0,62.0,17.0,16.52,83.5,23.0,14.1,14.5
493.649,66,120.0,1592.0,62.0,17.0,16.52,83.5,23.0,14.1,14.5
493.769,66,120.0,1592.0,62.0,17.0,16.52,83.5,23.0,14.1,14.5
493.949,67,120.0,1592.0,62.0,17.0,16.52,83.5,23.0,14.1,14.5
494.069,67,119.0,1592.0,62.0,17.0,16.52,83.5,23.0,14.1,14.5
494.279,67,119.0,1589.0,62.0,17.0,16.52,83.5,23.0,14.1,14.5
494.429,67,119.0,1589.0,62.0,17.0,16.52,83.5,23.0,14.1,14.5
494.579,67,119.0,1589.0,62.0,18.0,16.52,83.5,23.0,14.1,14.5
494.909,67,119.0,1589.0,62.0,18.0,16.72,83.5,23.0,14.1,14.5
495.059,67,119.0,1589.0,62.0,18.0,16.72,83.5,23.0,14.1,14.5
495.179,67,119.0,1589.0,62.0,18.0,16.72,83.5,23.0,14.1,14.5
495.329,67,119.0,1589.0,62.0,18.0,16.72,83.5,23.0,14.1,14.5
495.479,67,119.0,1589.0,62.0,18.0,16.72,83.5,23.0,14.1,14.5
495.599,67,119.0,1589.0,62.0,18.0,16.72,83.5,23.0,14.1,14.5
495.779,67,121.0,1589.0,62.0,18.0,16.72,83.5,23.0,14.1,14.5
495.929,67,121.0,1578.0,62.0,18.0,16.72,83.5,23.0,14.1,14.5
496.05,67,121.0,1578.0,61.0,18.0,16.72,83.5,23.0,14.1,14.5
496.198,67,121.0,1578.0,61.0,19.0,16.72,83.5,23.0,14.1,14.5
496.354,67,121.0,1578.0,61.0,19.0,16.86,83.5,23.0,14.1,14.5
496.469,67,121.0,1578.0,61.0,19.0,16.86,83.5,23.0,14.1,14.5
496.618,67,121.0,1578.0,61.0,19.0,16.86,83.5,23.0,14.1,14.5
496.798,67,121.0,1578.0,61.0,19.0,16.86,83.5,23.0,14.1,14.5
496.95,67,121.0,1578.0,61.0,19.0,16.86,83.5,23.0,14.1,14.5
497.069,67,121.0,1578.0,61.0,19.0,16.86,83.5,23.0,14.1,14.5
497.278,67,123.0,1578.0,61.0,19.0,16.86,83.5,23.0,14.1,14.5
497.429,67,123.0,1572.0,61.0,19.0,16.86,83.5,23.0,14.1,14.5
497.578,67,123.0,1572.0,61.0,19.0,16.86,83.5,23.0,14.1,14.5
497.699,67,123.0,1572.0,61.0,20.0,16.86,83.5,23.0,14.1,14.5
497.879,67,123.0,1572.0,61.0,20.0,17.16,83.5,23.0,14.1,14.5
498.089,67,123.0,1572.0,61.0,20.0,17.16,83.5,23.0,14.1,14.5
498.269,67,123.0,1572.0,61.0,20.0,17.16,83.5,23.0,14.1,14.5
498.478,67,123.0,1572.0,61.0,20.0,17.16,83.5,23.0,14.1,14.5
498.628,67,123.0,1572.0,61.0,20.0,17.16,83.5,23.0,14.1,14.1
498.779,67,123.0,1572.0,61.0,20.0,17.16,83.5,23.0,14.1,14.1
498.958,67,125.0,1572.0,61.0,20.0,17.16,83.5,23.0,14.1,14.1
499.139,67,125.0,1568.0,61.0,20.0,17.16,83.5,23.0,14.1,14.1
499.259,67,125.0,1568.0,61.0,20.0,17.16,83.5,23.0,14.1,14.1
499.409,67,125.0,1568.0,61.0,20.0,17.16,83.5,23.0,14.1,14.1
499.589,67,125.0,1568.0,61.0,20.0,17.91,83.5,23.0,14.1,14.1
499.74,67,125.0,1568.0,61.0,20.0,17.91,83.5,23.0,14.1,14.1
500.01,67,125.0,1568.0,61.0,20.0,17.91,83.5,23.0,14.1,14.1
500.158,67,125.0,1568.0,61.0,20.0,17.91,83.5,23.0,14.1,14.1
500.348,67,125.0,1568.0,61.0,20.0,17.91,83.5,23.0,14.1,14.5
500.489,67,125.0,1568.0,61.0,20.0,17.91,83.5,23.0,14.1,14.5
500.609,67,126.0,1568.0,61.0,20.0,17.91,83.5,23.0,14.1,14.5
500.819,67,126.0,1574.0,61.0,20.0,17.91,83.5,23.0,14.1,14.5
500.969,67,126.0,1574.0,61.0,20.0,17.91,83.5,23.0,14.1,14.5
501.119,67,126.0,1574.0,61.0,21.0,17.91,83.5,23.0,14.1,14.5
501.299,67,126.0,1574.0,61.0,21.0,17.74,83.5,23.0,14.1,14.5
501.449,67,126.0,1574.0,61.0,21.0,17.74,83.5,23.0,14.1,14.5
501.569,67,126.0,1574.0,61.0,21.0,17.74,83.5,23.0,14.1,14.5
501.718,67,126.0,1574.0,61.0,21.0,17.74,83.5,23.0,14.1,14.5
501.839,67,126.0,1574.0,61.0,21.0,17.74,83.5,23.0,14.1,14.5
502.02,67,126.0,1574.0,61.0,21.0,17.74,83.5,23.0,14.1,14.5
502.169,67,126.0,1574.0,61.0,21.0,17.74,83.5,23.0,14.1,14.5
502.326,67,126.0,1576.0,61.0,21.0,17.74,83.5,23.0,14.1,14.5
502.499,67,126.0,1576.0,61.0,21.0,17.74,83.5,23.0,14.1,14.5
502.649,67,126.0,1576.0,61.0,22.0,17.74,83.5,23.0,14.1,14.5
502.769,67,126.0,1576.0,61.0,22.0,17.55,83.5,23.0,14.1,14.5
502.95,67,126.0,1576.0,61.0,22.0,17.55,83.5,23.0,14.1,14.5
503.099,67,126.0,1576.0,61.0,22.0,17.55,83.5,23.0,14.1,14.5
503.279,67,126.0,1576.0,61.0,22.0,17.55,83.5,23.0,14.1,14.5
503.398,67,126.0,1576.0,61.0,22.0,17.55,83.5,23.0,14.1,14.1
503.549,68,126.0,1576.0,61.0,22.0,17.55,83.5,23.0,14.1,14.1
503.729,68,125.0,1576.0,61.0,22.0,17.55,83.5,23.0,14.1,14.1
503.85,68,125.0,1583.0,61.0,22.0,17.55,83.5,23.0,14.1,14.1
504.0,68,125.0,1583.0,62.0,22.0,17.55,83.5,23.0,14.1,14.1
504.15,68,125.0,1583.0,62.0,22.0,17.55,83.5,23.0,14.1,14.1
504.299,68,125.0,1583.0,62.0,22.0,17.77,83.5,23.0,14.1,14.1
504.419,68,125.0,1583.0,62.0,22.0,17.77,83.5,23.0,14.1,14.1
504.569,68,125.0,1583.0,62.0,22.0,17.77,83.5,23.0,14.1,14.1
504.718,68,125.0,1583.0,62.0,22.0,17.77,83.5,23.0,14.1,14.1
504.839,68,125.0,1583.0,62.0,22.0,17.77,83.5,23.0,14.1,14.5
504.959,68,125.0,1583.0,62.0,22.0,17.77,83.5,23.0,14.1,14.5
505.139,68,125.0,1583.0,62.0,22.0,17.77,83.5,23.0,14.1,14.5
505.289,68,125.0,1588.0,62.0,22.0,17.77,83.5,23.0,14.1,14.5
505.469,68,125.0,1588.0,62.0,22.0,17.77,83.5,23.0,14.1,14.5
505.589,68,125.0,1588.0,62.0,23.0,17.77,83.5,23.0,14.1,14.5
505.738,68,125.0,1588.0,62.0,23.0,17.41,83.5,23.0,14.1,14.5
505.859,68,125.0,1588.0,62.0,23.0,17.41,83.5,23.0,14.1,14.5
506.039,68,125.0,1588.0,62.0,23.0,17.41,83.5,23.0,14.1,14.5
506.189,68,125.0,1588.0,62.0,23.0,17.41,83.5,23.0,14.1,14.5
506.309,68,125.0,1588.0,62.0,23.0,17.41,83.5,23.0,14.1,14.5
506.489,68,125.0,1588.0,62.0,23.0,17.41,83.5,23.0,14.1,14.5
506.638,68,124.0,1588.0,62.0,23.0,17.41,83.5,23.0,14.1,14.5
506.788,68,124.0,1592.0,62.0,23.0,17.41,83.5,23.0,14.1,14.5
507.028,68,124.0,1592.0,62.0,23.0,17.41,83.5,23.0,14.1,14.5
507.179,68,124.0,1592.0,62.0,23.0,17.41,83.5,23.0,14.1,14.5
507.299,68,124.0,1592.0,62.0,23.0,17.66,83.5,23.0,14.1,14.5
507.449,68,124.0,1592.0,62.0,23.0,17.66,83.5,23.0,14.1,14.5
507.599,68,124.0,1592.0,62.0,23.0,17.66,83.5,23.0,14.1,14.5
507.718,68,124.0,1592.0,62.0,23.0,17.66,83.5,23.0,14.1,14.5
507.958,68,124.0,1592.0,62.0,23.0,17.66,83.5,23.0,14.1,14.5
508.172,68,124.0,1592.0,62.0,23.0,17.66,83.5,23.0,14.1,14.5
508.348,68,124.0,1592.0,62.0,23.0,17.66,83.5,23.0,14.1,14.5
508.469,68,124.0,1591.0,62.0,23.0,17.66,83.5,23.0,14.1,14.5
508.619,68,124.0,1591.0,62.0,23.0,17.66,83.5,23.0,14.1,14.5
508.859,68,124.0,1591.0,62.0,23.0,17.66,83.5,23.0,14.1,14.5
509.009,68,124.0,1591.0,62.0,23.0,17.22,83.5,23.0,14.1,14.5
509.159,68,124.0,1591.0,62.0,23.0,17.22,83.5,23.0,14.1,14.5
509.339,68,124.0,1591.0,62.0,23.0,17.22,83.5,23.0,14.1,14.5
509.519,68,124.0,1591.0,62.0,23.0,17.22,83.5,23.0,14.1,14.5
509.639,68,124.0,1591.0,62.0,23.0,17.22,83.5,23.0,14.1,14.5
509.789,68,124.0,1591.0,62.0,23.0,17.22,83.5,23.0,14.1,14.5
509.91,68,124.0,1591.0,62.0,23.0,17.22,83.5,23.0,14.1,14.5
510.119,68,124.0,1594.0,62.0,23.0,17.22,83.5,23.0,14.1,14.5
510.239,68,124.0,1594.0,62.0,23.0,17.22,83.5,23.0,14.1,14.5
510.389,68,124.0,1594.0,62.0,24.0,17.22,83.5,23.0,14.1,14.5
510.539,68,124.0,1594.0,62.0,24.0,17.24,83.5,23.0,14.1,14.5
510.659,68,124.0,1594.0,62.0,24.0,17.24,83.5,23.0,14.1,14.5
510.839,68,124.0,1594.0,62.0,24.0,17.24,83.5,23.0,14.1,14.5
510.99,68,124.0,1594.0,62.0,24.0,17.24,83.5,23.0,14.1,14.5
511.171,68,124.0,1594.0,62.0,24.0,17.24,83.5,23.0,14.1,14.5
511.319,68,124.0,1594.0,62.0,24.0,17.24,83.5,23.0,14.1,14.5
511.469,68,124.0,1594.0,62.0,24.0,17.24,83.5,23.0,14.1,14.5
511.589,68,124.0,1592.0,62.0,24.0,17.24,83.5,23.0,14.1,14.5
511.739,68,124.0,1592.0,62.0,24.0,17.24,83.5,23.0,14.1,14.5
511.859,68,124.0,1592.0,62.0,24.0,17.24,83.5,23.0,14.1,14.5
512.039,68,124.0,1592.0,62.0,24.0,17.22,83.5,23.0,14.1,14.5
512.159,68,124.0,1592.0,62.0,24.0,17.22,83.5,23.0,14.1,14.5
512.31,68,124.0,1592.0,62.0,24.0,17.22,83.5,23.0,14.1,14.5
512.489,68,124.0,1592.0,62.0,24.0,17.22,83.5,23.0,14.1,14.5
512.609,68,124.0,1592.0,62.0,24.0,17.22,83.5,23.0,14.1,14.5
512.79,69,124.0,1592.0,62.0,24.0,17.22,83.5,23.0,14.1,14.5
512.909,69,123.0,1592.0,62.0,24.0,17.22,83.5,23.0,14.1,14.5
513.058,69,123.0,1598.0,62.0,24.0,17.22,83.5,23.0,14.1,14.5
513.239,69,123.0,1598.0,62.0,24.0,17.22,83.5,23.0,14.1,14.5
513.359,69,123.0,1598.0,62.0,24.0,17.22,83.5,23.0,14.1,14.5
513.509,69,123.0,1598.0,62.0,24.0,17.08,83.5,23.0,14.1,14.5
513.691,69,123.0,1598.0,62.0,24.0,17.08,83.5,23.0,14.1,14.5
513.899,69,123.0,1598.0,62.0,24.0,17.08,83.5,23.0,14.1,14.5
514.049,69,123.0,1598.0,62.0,24.0,17.08,83.5,23.0,14.1,14.5
514.199,69,123.0,1598.0,62.0,24.0,17.08,83.5,23.0,14.1,14.5
514.378,69,123.0,1598.0,62.0,24.0,17.08,83.5,23.0,14.1,14.5
514.529,69,121.0,1598.0,62.0,24.0,17.08,83.5,23.0,14.1,14.5
514.65,69,121.0,1608.0,62.0,24.0,17.08,83.5,23.0,14.1,14.5
514.83,69,121.0,1608.0,63.0,24.0,17.08,83.5,23.0,14.1,14.5
514.949,69,121.0,1608.0,63.0,25.0,17.08,83.5,23.0,14.1,14.5
515.13,69,121.0,1608.0,63.0,25.0,16.88,83.5,23.0,14.1,14.5
515.309,69,121.0,1608.0,63.0,25.0,16.88,83.5,23.0,14.1,14.5
515.489,69,121.0,1608.0,63.0,25.0,16.88,83.5,23.0,14.1,14.5
515.61,69,121.0,1608.0,63.0,25.0,16.88,83.5,23.0,14.1,14.5
515.789,69,121.0,1608.0,63.0,25.0,16.88,83.5,23.0,14.1,14.5
515.909,69,121.0,1608.0,63.0,25.0,16.88,83.5,23.0,14.1,14.5
516.03,69,116.0,1608.0,63.0,25.0,16.88,83.5,23.0,14.1,14.5
516.149,69,116.0,1561.0,63.0,25.0,16.88,83.5,23.0,14.1,14.5
516.301,69,116.0,1561.0,61.0,25.0,16.88,83.5,23.0,14.1,14.5
516.479,69,116.0,1561.0,61.0,24.0,16.88,83.5,23.0,14.1,14.5
516.629,69,116.0,1561.0,61.0,24.0,15.13,83.5,23.0,14.1,14.5
516.749,69,116.0,1561.0,61.0,24.0,15.13,83.5,23.0,14.1,14.5
517.02,69,116.0,1561.0,61.0,24.0,15.13,83.5,23.0,14.1,14.5
517.199,69,116.0,1561.0,61.0,24.0,15.13,83.5,23.0,14.1,14.5
517.378,69,116.0,1561.0,61.0,24.0,15.13,83.5,23.0,14.1,14.5
517.499,69,116.0,1561.0,61.0,24.0,15.13,83.5,23.0,14.1,14.5
517.649,69,115.0,1561.0,61.0,24.0,15.13,83.5,23.0,14.1,14.5
517.83,69,115.0,1494.0,61.0,24.0,15.13,83.5,23.0,14.1,14.5
517.949,69,115.0,1494.0,58.0,24.0,15.13,83.5,23.0,14.1,14.5
518.129,69,115.0,1494.0,58.0,25.0,15.13,83.5,23.0,14.1,14.5
518.249,69,115.0,1494.0,58.0,25.0,14.22,83.5,23.0,14.1,14.5
518.399,69,115.0,1494.0,58.0,25.0,14.22,83.5,23.0,14.1,14.5
518.609,69,115.0,1494.0,58.0,25.0,14.22,83.5,23.0,14.1,14.5
518.759,69,115.0,1494.0,58.0,25.0,14.22,83.5,23.0,14.1,14.5
518.88,69,115.0,1494.0,58.0,25.0,14.22,83.5,23.0,14.1,14.5
519.089,69,115.0,1494.0,58.0,25.0,14.22,83.5,23.0,14.1,14.5
519.24,69,113.0,1494.0,58.0,25.0,14.22,83.5,23.0,14.1,14.5
519.36,69,113.0,1425.0,58.0,25.0,14.22,83.5,23.0,14.1,14.5
519.508,69,113.0,1425.0,55.0,25.0,14.22,83.5,23.0,14.1,14.5
519.658,69,113.0,1425.0,55.0,24.0,14.22,83.5,23.0,14.1,14.5
519.928,69,113.0,1425.0,55.0,24.0,13.3,83.5,23.0,14.1,14.5
520.049,69,113.0,1425.0,55.0,24.0,13.3,83.5,23.0,14.1,14.5
520.229,69,113.0,1425.0,55.0,24.0,13.3,83.5,23.0,14.1,14.5
520.379,69,113.0,1425.0,55.0,24.0,13.3,83.5,23.0,14.1,14.5
520.499,69,113.0,1425.0,55.0,24.0,13.3,83.5,23.0,14.1,14.5
520.65,69,113.0,1425.0,55.0,24.0,13.3,83.5,23.0,14.1,14.5
520.83,69,111.0,1425.0,55.0,24.0,13.3,83.5,23.0,14.1,14.5
520.979,69,111.0,1368.0,55.0,24.0,13.3,83.5,23.0,14.1,14.5
521.13,69,111.0,1368.0,53.0,24.0,13.3,83.5,23.0,14.1,14.5
521.249,69,111.0,1368.0,53.0,24.0,13.3,83.5,23.0,14.1,14.5
521.398,69,111.0,1368.0,53.0,24.0,12.77,83.5,23.0,14.1,14.5
521.579,69,111.0,1368.0,53.0,24.0,12.77,83.5,23.0,14.1,14.5
521.729,69,111.0,1368.0,53.0,24.0,12.77,83.5,23.0,14.1,14.5
521.85,69,111.0,1368.0,53.0,24.0,12.77,83.5,23.0,14.1,14.5
522.002,69,111.0,1368.0,53.0,24.0,12.77,83.5,23.0,14.1,14.5
522.18,70,111.0,1368.0,53.0,24.0,12.77,83.5,23.0,14.1,14.5
522.329,70,110.0,1368.0,53.0,24.0,12.77,83.5,23.0,14.1,14.5
522.51,70,110.0,988.0,53.0,24.0,12.77,83.5,23.0,14.1,14.5
522.689,70,110.0,988.0,49.0,24.0,12.77,83.5,23.0,14.1,14.5
522.809,70,110.0,988.0,49.0,24.0,12.77,83.5,23.0,14.1,14.5
523.02,70,110.0,988.0,49.0,24.0,12.74,83.5,23.0,14.1,14.5
523.139,70,110.0,988.0,49.0,24.0,12.74,83.5,23.0,14.1,14.5
523.289,70,110.0,988.0,49.0,24.0,12.74,83.5,23.0,14.1,14.5
523.439,70,110.0,988.0,49.0,24.0,12.74,83.5,23.0,14.1,14.5
523.559,70,110.0,988.0,49.0,24.0,12.74,83.5,23.0,14.1,14.5
523.71,70,110.0,988.0,49.0,24.0,12.74,83.5,23.0,14.1,14.5
523.98,70,111.0,988.0,49.0,24.0,12.74,83.5,23.0,14.1,14.5
524.102,70,111.0,990.0,49.0,24.0,12.74,83.5,23.0,14.1,14.5
524.249,70,111.0,990.0,36.0,24.0,12.74,83.5,23.0,14.1,14.5
524.429,70,111.0,990.0,36.0,26.0,12.74,83.5,23.0,14.1,14.5
524.579,70,111.0,990.0,36.0,26.0,9.02,83.5,23.0,14.1,14.5
524.701,70,111.0,990.0,36.0,26.0,9.02,83.5,23.0,14.1,14.5
524.88,70,111.0,990.0,36.0,26.0,9.02,83.5,23.0,14.1,14.5
525.001,70,111.0,990.0,36.0,26.0,9.02,83.5,23.0,14.1,14.5
525.181,70,111.0,990.0,36.0,26.0,9.02,83.5,23.0,14.1,14.5
525.329,70,111.0,990.0,36.0,26.0,9.02,83.5,23.0,14.1,14.5
525.479,70,106.0,990.0,36.0,26.0,9.02,83.5,23.0,14.1,14.5
525.6,70,106.0,1458.0,36.0,26.0,9.02,83.5,23.0,14.1,14.5
525.779,70,106.0,1458.0,25.0,26.0,9.02,83.5,23.0,14.1,14.5
525.9,70,106.0,1458.0,25.0,25.0,9.02,83.5,23.0,14.1,14.5
526.109,70,106.0,1458.0,25.0,25.0,10.02,83.5,23.0,14.1,14.5
526.23,70,106.0,1458.0,25.0,25.0,10.02,83.5,23.0,14.1,14.5
526.379,70,106.0,1458.0,25.0,25.0,10.02,83.5,23.0,14.1,14.5
526.529,70,106.0,1458.0,25.0,25.0,10.02,83.5,23.0,14.1,14.5
526.65,70,106.0,1458.0,25.0,25.0,10.02,83.5,23.0,14.1,14.5
526.83,70,106.0,1458.0,25.0,25.0,10.02,83.5,23.0,14.1,14.5
526.949,70,107.0,1458.0,25.0,25.0,10.02,83.5,23.0,14.1,14.5
527.129,70,107.0,891.0,25.0,25.0,10.02,83.5,23.0,14.1,14.5
527.291,70,107.0,891.0,12.0,25.0,10.02,83.5,23.0,14.1,14.5
527.399,70,107.0,891.0,12.0,22.0,10.02,83.5,23.0,14.1,14.5
527.579,70,107.0,891.0,12.0,22.0,8.41,83.5,23.0,14.1,14.5
527.729,70,107.0,891.0,12.0,22.0,8.41,83.5,23.0,14.1,14.5
527.849,70,107.0,891.0,12.0,22.0,8.41,83.5,23.0,14.1,14.5
528.06,70,107.0,891.0,12.0,22.0,8.41,83.5,23.0,14.1,14.5
528.181,70,107.0,891.0,12.0,22.0,8.41,83.5,23.0,14.1,14.5
528.329,70,107.0,891.0,12.0,22.0,8.41,83.5,23.0,14.1,14.5
528.479,70,105.0,891.0,12.0,22.0,8.41,83.5,23.0,14.1,14.5
528.629,70,105.0,897.0,12.0,22.0,8.41,83.5,23.0,14.1,14.5
528.749,70,105.0,897.0,2.0,22.0,8.41,83.5,23.0,14.1,14.5
529.05,70,105.0,897.0,2.0,22.0,8.41,83.5,23.0,14.1,14.5
529.23,70,105.0,897.0,2.0,22.0,7.8,83.5,23.0,14.1,14.5
529.379,70,105.0,897.0,2.0,22.0,7.8,83.5,23.0,14.1,14.5
529.499,70,105.0,897.0,2.0,22.0,7.8,83.5,23.0,14.1,14.5
529.681,70,105.0,897.0,2.0,22.0,7.8,83.5,23.0,14.1,14.5
529.83,70,105.0,897.0,2.0,22.0,7.8,83.5,23.0,14.1,14.5
529.95,70,105.0,897.0,2.0,22.0,7.8,83.5,23.0,14.1,14.5
530.13,70,36.0,897.0,2.0,22.0,7.8,83.5,23.0,14.1,14.5
530.28,70,36.0,205.0,2.0,22.0,7.8,83.5,23.0,14.1,14.5
530.399,70,36.0,205.0,0.0,22.0,7.8,83.5,23.0,14.1,14.5
530.549,70,36.0,205.0,0.0,18.0,7.8,83.5,23.0,14.1,14.5
530.729,70,36.0,205.0,0.0,18.0,1.33,83.5,23.0,14.1,14.5
530.85,70,36.0,205.0,0.0,18.0,1.33,13.7,23.0,14.1,14.5
531.089,70,36.0,205.0,0.0,18.0,1.33,13.7,23.0,14.1,14.5
531.299,70,36.0,205.0,0.0,18.0,1.33,13.7,23.0,14.1,14.5
531.479,70,36.0,205.0,0.0,18.0,1.33,13.7,23.0,14.1,14.5
531.629,70,36.0,205.0,0.0,18.0,1.33,13.7,23.0,14.1,14.5
531.781,70,55.0,205.0,0.0,18.0,1.33,13.7,23.0,14.1,14.5
531.929,70,55.0,0.0,0.0,18.0,1.33,13.7,23.0,14.1,14.5
532.081,70,55.0,0.0,0.0,18.0,1.33,13.7,23.0,14.1,14.5
532.199,70,55.0,0.0,0.0,58.0,1.33,13.7,23.0,14.1,14.5
532.409,70,55.0,0.0,0.0,58.0,0.0,13.7,23.0,14.1,14.5
532.589,70,55.0,0.0,0.0,58.0,0.0,85.9,23.0,14.1,14.5
532.77,70,55.0,0.0,0.0,58.0,0.0,85.9,23.0,14.1,14.5
532.889,70,55.0,0.0,0.0,58.0,0.0,85.9,23.0,14.1,14.5
533.069,70,55.0,0.0,0.0,58.0,0.0,85.9,23.0,14.1,14.5
533.219,70,55.0,0.0,0.0,58.0,0.0,85.9,23.0,14.1,14.5
533.369,70,100.0,0.0,0.0,58.0,0.0,85.9,23.0,14.1,14.5
533.489,70,100.0,0.0,0.0,58.0,0.0,85.9,23.0,14.1,14.5
533.639,70,100.0,0.0,0.0,58.0,0.0,85.9,23.0,14.1,14.5
533.849,70,100.0,0.0,0.0,135.0,0.0,85.9,23.0,14.1,14.5
534.09,70,100.0,0.0,0.0,135.0,0.0,85.9,23.0,14.1,14.5
534.239,70,100.0,0.0,0.0,135.0,0.0,89.0,23.0,14.1,14.5
534.389,70,100.0,0.0,0.0,135.0,0.0,89.0,23.0,14.1,14.5
534.539,70,100.0,0.0,0.0,135.0,0.0,89.0,23.0,14.1,14.5
534.719,70,100.0,0.0,0.0,135.0,0.0,89.0,23.0,14.1,14.5
534.869,71,100.0,0.0,0.0,135.0,0.0,89.0,23.0,14.1,14.5
535.141,71,99.0,0.0,0.0,135.0,0.0,89.0,23.0,14.1,14.5
535.289,71,99.0,0.0,0.0,135.0,0.0,89.0,23.0,14.1,14.5
535.47,71,99.0,0.0,0.0,135.0,0.0,89.0,23.0,14.1,14.5
535.619,71,99.0,0.0,0.0,138.0,0.0,89.0,23.0,14.1,14.5
535.74,71,99.0,0.0,0.0,138.0,0.0,89.0,23.0,14.1,14.5
535.919,71,99.0,0.0,0.0,138.0,0.0,89.0,23.0,14.1,14.5
536.039,71,99.0,0.0,0.0,138.0,0.0,89.0,23.0,14.1,14.5
536.221,71,99.0,0.0,0.0,138.0,0.0,89.0,23.0,14.1,14.5
536.369,71,99.0,0.0,0.0,138.0,0.0,89.0,23.0,14.1,14.5
536.519,71,99.0,0.0,0.0,138.0,0.0,89.0,23.0,14.1,14.5
536.67,71,99.0,0.0,0.0,138.0,0.0,89.0,23.0,14.1,14.5
536.82,71,99.0,0.0,0.0,138.0,0.0,89.0,23.0,14.1,14.5
536.94,71,99.0,0.0,0.0,138.0,0.0,89.0,23.0,14.1,14.5
537.119,71,99.0,0.0,0.0,130.0,0.0,89.0,23.0,14.1,14.5
537.239,71,99.0,0.0,0.0,130.0,0.0,89.0,23.0,14.1,14.5
537.389,71,99.0,0.0,0.0,130.0,0.0,89.0,23.0,14.1,14.5
537.6,71,99.0,0.0,0.0,130.0,0.0,89.0,23.0,14.1,14.5
537.75,71,99.0,0.0,0.0,130.0,0.0,89.0,23.0,14.1,14.5
537.869,71,99.0,0.0,0.0,130.0,0.0,89.0,23.0,14.1,14.5
538.079,71,99.0,0.0,0.0,130.0,0.0,89.0,23.0,14.1,14.5
538.199,71,99.0,0.0,0.0,130.0,0.0,89.0,23.0,14.1,14.5
538.349,71,99.0,0.0,0.0,130.0,0.0,89.0,23.0,14.1,14.5
538.589,71,99.0,0.0,0.0,130.0,0.0,89.0,23.0,14.1,14.5
538.889,71,99.0,0.0,0.0,123.0,0.0,89.0,23.0,14.1,14.5
539.069,71,99.0,0.0,0.0,123.0,0.0,89.0,23.0,14.1,14.5
539.22,71,99.0,0.0,0.0,123.0,0.0,89.0,23.0,14.1,14.5
539.368,71,99.0,0.0,0.0,123.0,0.0,89.0,23.0,14.1,14.5
539.489,71,99.0,0.0,0.0,123.0,0.0,89.0,23.0,14.1,14.5
539.669,71,99.0,0.0,0.0,123.0,0.0,89.0,23.0,14.1,14.5
539.939,71,99.0,0.0,0.0,123.0,0.0,89.0,23.0,14.1,14.5
540.121,71,99.0,0.0,0.0,123.0,0.0,89.0,23.0,14.1,14.5
540.239,71,99.0,0.0,0.0,123.0,0.0,89.0,23.0,14.1,14.5
540.57,71,99.0,0.0,0.0,123.0,0.0,89.0,23.0,14.1,14.5
540.719,71,99.0,0.0,0.0,117.0,0.0,89.0,23.0,14.1,14.5
540.839,71,99.0,0.0,0.0,117.0,0.0,89.0,23.0,14.1,14.5
541.11,71,99.0,0.0,0.0,117.0,0.0,89.0,23.0,14.1,14.5
541.259,71,99.0,0.0,0.0,117.0,0.0,89.0,23.0,14.1,14.5
541.379,71,99.0,0.0,0.0,117.0,0.0,89.0,23.0,14.1,14.5
541.529,71,99.0,0.0,0.0,117.0,0.0,89.0,23.0,14.1,14.5
541.709,71,99.0,0.0,0.0,117.0,0.0,89.0,23.0,14.1,14.5
541.858,71,99.0,0.0,0.0,117.0,0.0,89.0,23.0,14.1,14.5
541.979,71,99.0,0.0,0.0,117.0,0.0,89.0,23.0,14.1,14.5
542.189,71,99.0,0.0,0.0,117.0,0.0,89.0,23.0,14.1,14.5
542.377,71,99.0,0.0,0.0,112.0,0.0,89.0,23.0,14.1,14.5
542.489,71,99.0,0.0,0.0,112.0,0.0,89.0,23.0,14.1,14.5
542.67,71,99.0,0.0,0.0,112.0,0.0,89.0,23.0,14.1,14.5
542.821,71,99.0,0.0,0.0,112.0,0.0,89.0,23.0,14.1,14.5
542.939,71,99.0,0.0,0.0,112.0,0.0,89.0,23.0,14.1,14.5
543.119,71,99.0,0.0,0.0,112.0,0.0,89.0,23.0,14.1,14.5
543.239,71,99.0,0.0,0.0,112.0,0.0,89.0,23.0,14.1,14.5
543.419,71,99.0,0.0,0.0,112.0,0.0,89.0,23.0,14.1,14.5
543.569,71,99.0,0.0,0.0,112.0,0.0,89.0,23.0,14.1,14.5
543.719,71,99.0,0.0,0.0,112.0,0.0,89.0,23.0,14.1,14.5
543.839,71,99.0,0.0,0.0,107.0,0.0,89.0,23.0,14.1,14.5
544.111,71,99.0,0.0,0.0,107.0,0.0,89.0,23.0,14.1,14.5
544.26,71,99.0,0.0,0.0,107.0,0.0,89.0,23.0,14.1,14.5
544.379,71,99.0,0.0,0.0,107.0,0.0,89.0,23.0,14.1,14.5
544.529,71,99.0,0.0,0.0,107.0,0.0,89.0,23.0,14.1,14.5
544.71,71,99.0,0.0,0.0,107.0,0.0,89.0,23.0,14.1,14.5
544.859,71,99.0,0.0,0.0,107.0,0.0,89.0,23.0,14.1,14.5
544.979,71,99.0,0.0,0.0,107.0,0.0,89.0,23.0,14.1,14.5
545.13,71,99.0,0.0,0.0,107.0,0.0,89.0,23.0,14.1,14.5
545.279,71,99.0,0.0,0.0,107.0,0.0,89.0,23.0,14.1,14.5
545.459,71,99.0,0.0,0.0,103.0,0.0,89.0,23.0,14.1,14.5
545.609,71,99.0,0.0,0.0,103.0,0.0,89.0,23.0,14.1,14.5
545.729,71,99.0,0.0,0.0,103.0,0.0,89.0,23.0,14.1,14.5
545.909,71,99.0,0.0,0.0,103.0,0.0,89.0,23.0,14.1,14.5
546.029,71,99.0,0.0,0.0,103.0,0.0,89.0,23.0,14.1,14.5
546.21,71,99.0,0.0,0.0,103.0,0.0,89.0,23.0,14.1,14.5
546.359,71,99.0,0.0,0.0,103.0,0.0,89.0,23.0,14.1,14.5
546.479,71,99.0,0.0,0.0,103.0,0.0,89.0,23.0,14.1,14.5
546.69,71,99.0,0.0,0.0,103.0,0.0,89.0,23.0,14.1,14.5
546.869,71,99.0,0.0,0.0,103.0,0.0,89.0,23.0,14.1,14.5
546.991,71,99.0,0.0,0.0,99.0,0.0,89.0,23.0,14.1,14.5
547.17,71,99.0,0.0,0.0,99.0,0.0,89.0,23.0,14.1,14.5
547.289,71,99.0,0.0,0.0,99.0,0.0,89.0,23.0,14.1,14.5
547.439,71,99.0,0.0,0.0,99.0,0.0,89.0,23.0,14.1,14.5
547.589,71,99.0,0.0,0.0,99.0,0.0,89.0,23.0,14.1,14.5
547.709,71,99.0,0.0,0.0,99.0,0.0,89.0,23.0,14.1,14.5
547.858,71,99.0,0.0,0.0,99.0,0.0,89.0,23.0,14.1,14.5
547.979,71,99.0,0.0,0.0,99.0,0.0,89.0,23.0,14.1,14.5
548.19,71,99.0,0.0,0.0,99.0,0.0,89.0,23.0,14.1,14.5
548.31,71,99.0,0.0,0.0,99.0,0.0,89.0,23.0,14.1,14.5
548.46,71,99.0,0.0,0.0,96.0,0.0,89.0,23.0,14.1,14.5
548.609,71,99.0,0.0,0.0,96.0,0.0,89.0,23.0,14.1,14.5
548.732,71,99.0,0.0,0.0,96.0,0.0,89.0,23.0,14.1,14.5
548.91,71,99.0,0.0,0.0,96.0,0.0,89.0,23.0,14.1,14.5
549.029,71,99.0,0.0,0.0,96.0,0.0,89.0,23.0,14.1,14.5
549.209,71,99.0,0.0,0.0,96.0,0.0,89.0,23.0,14.1,14.5
549.359,71,99.0,0.0,0.0,96.0,0.0,89.0,23.0,14.1,14.5
549.479,71,99.0,0.0,0.0,96.0,0.0,89.0,23.0,14.1,14.5
549.659,71,99.0,0.0,0.0,96.0,0.0,89.0,23.0,14.1,14.5
549.81,71,99.0,0.0,0.0,96.0,0.0,89.0,23.0,14.1,14.5
550.079,71,99.0,0.0,0.0,95.0,0.0,89.0,23.0,14.1,14.5
550.259,71,99.0,0.0,0.0,95.0,0.0,89.0,23.0,14.1,14.5
550.378,71,99.0,0.0,0.0,95.0,0.0,89.0,23.0,14.1,14.5
550.559,71,99.0,0.0,0.0,95.0,0.0,89.0,23.0,14.1,14.5
550.71,71,99.0,0.0,0.0,95.0,0.0,89.0,23.0,14.1,14.5
550.829,71,99.0,0.0,0.0,95.0,0.0,89.0,23.0,14.1,14.5
550.979,71,99.0,0.0,0.0,95.0,0.0,89.0,23.0,14.1,14.5
551.131,71,99.0,0.0,0.0,95.0,0.0,89.0,23.0,14.1,14.5
551.319,71,99.0,0.0,0.0,95.0,0.0,89.0,23.0,14.1,14.5
551.459,71,99.0,0.0,0.0,95.0,0.0,89.0,23.0,14.1,14.5
551.579,71,99.0,0.0,0.0,92.0,0.0,89.0,23.0,14.1,14.5
551.729,71,99.0,0.0,0.0,92.0,0.0,89.0,23.0,14.1,14.5
551.939,71,99.0,0.0,0.0,92.0,0.0,89.0,23.0,14.1,14.5
552.059,71,99.0,0.0,0.0,92.0,0.0,89.0,23.0,14.1,14.5
552.209,71,99.0,0.0,0.0,92.0,0.0,89.0,23.0,14.1,14.5
552.329,71,99.0,0.0,0.0,92.0,0.0,89.0,23.0,14.1,14.5
552.479,71,99.0,0.0,0.0,92.0,0.0,89.0,23.0,14.1,14.5
552.63,71,99.0,0.0,0.0,92.0,0.0,89.0,23.0,14.1,14.5
552.779,71,99.0,0.0,0.0,92.0,0.0,89.0,23.0,14.1,14.5
552.959,71,99.0,0.0,0.0,92.0,0.0,89.0,23.0,14.1,14.5
553.08,71,99.0,0.0,0.0,89.0,0.0,89.0,23.0,14.1,14.5
553.289,71,99.0,0.0,0.0,89.0,0.0,89.0,23.0,14.1,14.5
553.439,71,99.0,0.0,0.0,89.0,0.0,89.0,23.0,14.1,14.5
553.559,71,99.0,0.0,0.0,89.0,0.0,89.0,23.0,14.1,14.5
553.71,71,99.0,0.0,0.0,89.0,0.0,89.0,23.0,14.1,14.5
553.859,71,99.0,0.0,0.0,89.0,0.0,89.0,23.0,14.1,14.5
553.979,71,99.0,0.0,0.0,89.0,0.0,89.0,23.0,14.1,14.5
554.189,71,99.0,0.0,0.0,89.0,0.0,89.0,23.0,14.1,14.5
554.312,71,99.0,0.0,0.0,89.0,0.0,89.0,23.0,14.1,14.5
554.459,71,99.0,0.0,0.0,89.0,0.0,89.0,23.0,14.1,14.5
554.609,71,99.0,0.0,0.0,87.0,0.0,89.0,23.0,14.1,14.5
554.73,71,99.0,0.0,0.0,87.0,0.0,89.0,23.0,14.1,14.5
554.88,71,99.0,0.0,0.0,87.0,0.0,89.0,23.0,14.1,14.5
555.119,71,99.0,0.0,0.0,87.0,0.0,89.0,23.0,14.1,14.5
555.27,71,99.0,0.0,0.0,87.0,0.0,89.0,23.0,14.1,14.5
555.419,71,99.0,0.0,0.0,87.0,0.0,89.0,23.0,14.1,14.5
555.599,71,99.0,0.0,0.0,87.0,0.0,89.0,23.0,14.1,14.5
555.75,71,99.0,0.0,0.0,87.0,0.0,89.0,23.0,14.1,14.5
555.899,71,99.0,0.0,0.0,87.0,0.0,89.0,23.0,14.1,14.5
556.019,71,99.0,0.0,0.0,87.0,0.0,89.0,23.0,14.1,14.5
556.139,71,99.0,0.0,0.0,86.0,0.0,89.0,23.0,14.1,14.5
556.29,71,99.0,0.0,0.0,86.0,0.0,89.0,23.0,14.1,14.5
556.439,71,99.0,0.0,0.0,86.0,0.0,89.0,23.0,14.1,14.5
556.559,71,99.0,0.0,0.0,86.0,0.0,89.0,23.0,14.1,14.5
556.711,71,99.0,0.0,0.0,86.0,0.0,89.0,23.0,14.1,14.5
556.859,71,99.0,0.0,0.0,86.0,0.0,89.0,23.0,14.1,14.5
556.98,71,99.0,0.0,0.0,86.0,0.0,89.0,23.0,14.1,14.5
557.131,71,99.0,0.0,0.0,86.0,0.0,89.0,23.0,14.1,14.5
557.279,71,99.0,0.0,0.0,86.0,0.0,89.0,23.0,14.1,14.5
557.46,71,99.0,0.0,0.0,86.0,0.0,89.0,23.0,14.1,14.5
557.671,71,99.0,0.0,0.0,84.0,0.0,89.0,23.0,14.1,14.5
557.849,71,99.0,0.0,0.0,84.0,0.0,89.0,23.0,14.1,14.5
557.969,71,99.0,0.0,0.0,84.0,0.0,89.0,23.0,14.1,14.5
558.119,71,99.0,0.0,0.0,84.0,0.0,89.0,23.0,14.1,14.5
558.269,71,99.0,0.0,0.0,84.0,0.0,89.0,23.0,14.1,14.5
558.419,71,99.0,0.0,0.0,84.0,0.0,89.0,23.0,14.1,14.5
558.539,71,99.0,0.0,0.0,84.0,0.0,89.0,23.0,14.1,14.5
558.731,71,99.0,0.0,0.0,84.0,0.0,89.0,23.0,14.1,14.5
558.869,71,99.0,0.0,0.0,84.0,0.0,89.0,23.0,14.1,14.5
559.139,71,99.0,0.0,0.0,84.0,0.0,89.0,23.0,14.1,14.5
559.298,71,99.0,0.0,0.0,82.0,0.0,89.0,23.0,14.1,14.5
559.529,71,99.0,0.0,0.0,82.0,0.0,89.0,23.0,14.1,14.5
559.711,71,99.0,0.0,0.0,82.0,0.0,89.0,23.0,14.1,14.5
559.83,71,99.0,0.0,0.0,82.0,0.0,89.0,23.0,14.1,14.5
560.009,71,99.0,0.0,0.0,82.0,0.0,89.0,23.0,14.1,14.5
560.129,71,99.0,0.0,0.0,82.0,0.0,89.0,23.0,14.1,14.5
560.31,71,99.0,0.0,0.0,82.0,0.0,89.0,23.0,14.1,14.5
560.459,71,99.0,0.0,0.0,82.0,0.0,89.0,23.0,14.1,14.5
560.579,71,99.0,0.0,0.0,82.0,0.0,89.0,23.0,14.1,14.5
560.759,71,99.0,0.0,0.0,82.0,0.0,89.0,23.0,14.1,14.5
560.909,71,99.0,0.0,0.0,82.0,0.0,89.0,23.0,14.1,14.5
561.03,71,99.0,0.0,0.0,82.0,0.0,89.0,23.0,14.1,14.5
561.149,71,99.0,0.0,0.0,82.0,0.0,89.0,23.0,14.1,14.5
561.301,71,99.0,0.0,0.0,82.0,0.0,89.0,23.0,14.1,14.5
561.449,71,99.0,0.0,0.0,82.0,0.0,89.0,23.0,14.1,14.5
561.569,71,99.0,0.0,0.0,82.0,0.0,89.0,23.0,14.1,14.5
561.75,71,99.0,0.0,0.0,82.0,0.0,89.0,23.0,14.1,14.5
561.899,71,99.0,0.0,0.0,82.0,0.0,89.0,23.0,14.1,14.5
562.052,71,99.0,0.0,0.0,82.0,0.0,89.0,23.0,14.1,14.5
562.231,71,99.0,0.0,0.0,82.0,0.0,89.0,23.0,14.1,14.5
562.379,71,99.0,0.0,0.0,81.0,0.0,89.0,23.0,14.1,14.5
562.559,71,99.0,0.0,0.0,81.0,0.0,89.0,23.0,14.1,14.5
562.68,71,99.0,0.0,0.0,81.0,0.0,89.0,23.0,14.1,14.5
562.83,71,99.0,0.0,0.0,81.0,0.0,89.0,23.0,14.1,14.5
562.979,71,99.0,0.0,0.0,81.0,0.0,89.0,23.0,14.1,14.5
563.22,71,99.0,0.0,0.0,81.0,0.0,89.0,23.0,14.1,14.5
563.369,71,99.0,0.0,0.0,81.0,0.0,89.0,23.0,14.1,14.5
563.549,71,99.0,0.0,0.0,81.0,0.0,89.0,23.0,14.1,14.5
563.671,71,99.0,0.0,0.0,81.0,0.0,89.0,23.0,14.1,14.5
563.849,71,99.0,0.0,0.0,81.0,0.0,89.0,23.0,14.1,14.5
563.999,71,99.0,0.0,0.0,80.0,0.0,89.0,23.0,14.1,14.5
564.12,71,99.0,0.0,0.0,80.0,0.0,89.0,23.0,14.1,14.5
564.269,71,99.0,0.0,0.0,80.0,0.0,89.0,23.0,14.1,14.5
564.389,71,99.0,0.0,0.0,80.0,0.0,89.0,23.0,14.1,14.5
564.539,71,99.0,0.0,0.0,80.0,0.0,89.0,23.0,14.1,14.5
564.689,71,99.0,0.0,0.0,80.0,0.0,89.0,23.0,14.1,14.5
564.839,71,99.0,0.0,0.0,80.0,0.0,89.0,23.0,14.1,14.5
564.96,71,149.0,0.0,0.0,80.0,0.0,89.0,23.0,14.1,14.5
565.139,71,149.0,1036.0,0.0,80.0,0.0,89.0,23.0,14.1,14.5
565.291,71,149.0,1036.0,0.0,80.0,0.0,89.0,23.0,14.1,14.5
565.409,71,149.0,1036.0,0.0,70.0,0.0,89.0,23.0,14.1,14.5
565.559,71,149.0,1036.0,0.0,70.0,15.52,89.0,23.0,14.1,14.5
565.739,71,149.0,1036.0,0.0,70.0,15.52,83.1,23.0,14.1,14.5
565.89,71,149.0,1036.0,0.0,70.0,15.52,83.1,23.0,14.1,14.5
566.01,71,149.0,1036.0,0.0,70.0,15.52,83.1,23.0,23.5,14.5
566.159,71,149.0,1036.0,0.0,70.0,15.52,83.1,23.0,23.5,23.5
566.311,71,149.0,1036.0,0.0,70.0,15.52,83.1,23.0,23.5,23.5
566.489,71,104.0,1036.0,0.0,70.0,15.52,83.1,23.0,23.5,23.5
566.639,71,104.0,942.0,0.0,70.0,15.52,83.1,23.0,23.5,23.5
566.759,71,104.0,942.0,9.0,70.0,15.52,83.1,23.0,23.5,23.5
566.941,71,104.0,942.0,9.0,33.0,15.52,83.1,23.0,23.5,23.5
567.059,71,104.0,942.0,9.0,33.0,21.08,83.1,23.0,23.5,23.5
567.271,71,104.0,942.0,9.0,33.0,21.08,83.1,23.0,23.5,23.5
567.419,71,104.0,942.0,9.0,33.0,21.08,83.1,23.0,23.5,23.5
567.57,71,104.0,942.0,9.0,33.0,21.08,83.1,23.0,40.0,23.5
567.73,71,104.0,942.0,9.0,33.0,21.08,83.1,23.0,40.0,43.1
567.869,71,104.0,942.0,9.0,33.0,21.08,83.1,23.0,40.0,43.1
568.111,71,129.0,942.0,9.0,33.0,21.08,83.1,23.0,40.0,43.1
568.289,71,129.0,2019.0,9.0,33.0,21.08,83.1,23.0,40.0,43.1
568.41,71,129.0,2019.0,18.0,33.0,21.08,83.1,23.0,40.0,43.1
568.559,71,129.0,2019.0,18.0,21.0,21.08,83.1,23.0,40.0,43.1
568.739,71,129.0,2019.0,18.0,21.0,27.8,83.1,23.0,40.0,43.1
568.859,71,129.0,2019.0,18.0,21.0,27.8,31.4,23.0,40.0,43.1
569.01,71,129.0,2019.0,18.0,21.0,27.8,31.4,23.0,40.0,43.1
569.219,71,129.0,2019.0,18.0,21.0,27.8,31.4,23.0,20.8,43.1
569.339,71,129.0,2019.0,18.0,21.0,27.8,31.4,23.0,20.8,32.9
569.519,71,129.0,2019.0,18.0,21.0,27.8,31.4,23.0,20.8,32.9
569.699,71,110.0,2019.0,18.0,21.0,27.8,31.4,23.0,20.8,32.9
569.849,71,110.0,1292.0,18.0,21.0,27.8,31.4,23.0,20.8,32.9
569.969,71,110.0,1292.0,21.0,21.0,27.8,31.4,23.0,20.8,32.9
570.179,71,110.0,1292.0,21.0,14.0,27.8,31.4,23.0,20.8,32.9
570.329,71,110.0,1292.0,21.0,14.0,19.61,31.4,23.0,20.8,32.9
570.45,71,110.0,1292.0,21.0,14.0,19.61,83.5,23.0,20.8,32.9
570.6,71,110.0,1292.0,21.0,14.0,19.61,83.5,23.0,20.8,32.9
570.779,71,110.0,1292.0,21.0,14.0,19.61,83.5,23.0,48.2,32.9
570.93,71,110.0,1292.0,21.0,14.0,19.61,83.5,23.0,48.2,48.6
571.05,71,110.0,1292.0,21.0,14.0,19.61,83.5,23.0,48.2,48.6
571.23,71,144.0,1292.0,21.0,14.0,19.61,83.5,23.0,48.2,48.6
571.349,71,144.0,1688.0,21.0,14.0,19.61,83.5,23.0,48.2,48.6
571.499,71,144.0,1688.0,29.0,14.0,19.61,83.5,23.0,48.2,48.6
571.649,71,144.0,1688.0,29.0,7.0,19.61,83.5,23.0,48.2,48.6
571.769,71,144.0,1688.0,29.0,7.0,36.3,83.5,23.0,48.2,48.6
571.919,71,144.0,1688.0,29.0,7.0,36.3,83.5,23.0,48.2,48.6
572.159,71,144.0,1688.0,29.0,7.0,36.3,83.5,23.0,48.2,48.6
572.339,71,144.0,1688.0,29.0,7.0,36.3,83.5,23.0,45.9,48.6
572.459,71,144.0,1688.0,29.0,7.0,36.3,83.5,23.0,45.9,39.2
572.674,71,144.0,1688.0,29.0,7.0,36.3,83.5,23.0,45.9,39.2
572.82,71,125.0,1688.0,29.0,7.0,36.3,83.5,23.0,45.9,39.2
572.94,71,125.0,1637.0,29.0,7.0,36.3,83.5,23.0,45.9,39.2
573.21,71,125.0,1637.0,36.0,7.0,36.3,83.5,23.0,45.9,39.2
573.39,71,125.0,1637.0,36.0,5.0,36.3,83.5,23.0,45.9,39.2
573.509,71,125.0,1637.0,36.0,5.0,23.94,83.5,23.0,45.9,39.2
573.66,71,125.0,1637.0,36.0,5.0,23.94,81.6,23.0,45.9,39.2
573.87,71,125.0,1637.0,36.0,5.0,23.94,81.6,23.0,45.9,39.2
574.019,71,125.0,1637.0,36.0,5.0,23.94,81.6,23.0,53.7,39.2
574.139,71,125.0,1637.0,36.0,5.0,23.94,81.6,23.0,53.7,54.5
574.299,71,125.0,1637.0,36.0,5.0,23.94,81.6,23.0,53.7,54.5
574.439,71,149.0,1637.0,36.0,5.0,23.94,81.6,23.0,53.7,54.5
574.589,71,149.0,1543.0,36.0,5.0,23.94,81.6,23.0,53.7,54.5
574.739,71,149.0,1543.0,42.0,5.0,23.94,81.6,23.0,53.7,54.5
574.859,71,149.0,1543.0,42.0,3.0,23.94,81.6,23.0,53.7,54.5
575.01,71,149.0,1543.0,42.0,3.0,44.41,81.6,23.0,53.7,54.5
575.25,71,149.0,1543.0,42.0,3.0,44.41,83.5,23.0,53.7,54.5
575.399,71,149.0,1543.0,42.0,3.0,44.41,83.5,23.0,53.7,54.5
575.579,71,149.0,1543.0,42.0,3.0,44.41,83.5,23.0,46.7,54.5
575.73,71,149.0,1543.0,42.0,3.0,44.41,83.5,23.0,46.7,47.5
575.879,71,149.0,1543.0,42.0,3.0,44.41,83.5,23.0,46.7,47.5
576.031,71,184.0,1543.0,42.0,3.0,44.41,83.5,23.0,46.7,47.5
576.18,71,184.0,1813.0,42.0,3.0,44.41,83.5,23.0,46.7,47.5
576.329,71,184.0,1813.0,49.0,3.0,44.41,83.5,23.0,46.7,47.5
576.449,71,184.0,1813.0,49.0,3.0,44.41,83.5,23.0,46.7,47.5
576.599,71,184.0,1813.0,49.0,3.0,28.16,83.5,23.0,46.7,47.5
576.779,71,184.0,1813.0,49.0,3.0,28.16,83.5,23.0,46.7,47.5
576.899,71,184.0,1813.0,49.0,3.0,28.16,83.5,23.0,46.7,47.5
577.051,71,184.0,1813.0,49.0,3.0,28.16,83.5,23.0,14.1,47.5
577.229,71,184.0,1813.0,49.0,3.0,28.16,83.5,23.0,14.1,14.1
577.379,71,184.0,1813.0,49.0,3.0,28.16,83.5,23.0,14.1,14.1
577.53,71,119.0,1813.0,49.0,3.0,28.16,83.5,23.0,14.1,14.1
577.679,71,119.0,1880.0,49.0,3.0,28.16,83.5,23.0,14.1,14.1
577.799,71,119.0,1880.0,50.0,3.0,28.16,83.5,23.0,14.1,14.1
577.949,71,119.0,1880.0,50.0,1.0,28.16,83.5,23.0,14.1,14.1
578.219,71,119.0,1880.0,50.0,1.0,20.13,83.5,23.0,14.1,14.1
578.369,71,119.0,1880.0,50.0,1.0,20.13,83.5,23.0,14.1,14.1
578.49,71,119.0,1880.0,50.0,1.0,20.13,83.5,23.0,14.1,14.1
578.639,71,119.0,1880.0,50.0,1.0,20.13,83.5,23.0,14.1,14.1
578.789,71,119.0,1880.0,50.0,1.0,20.13,83.5,23.0,14.1,14.5
578.91,71,119.0,1880.0,50.0,1.0,20.13,83.5,23.0,14.1,14.5
579.09,71,124.0,1880.0,50.0,1.0,20.13,83.5,23.0,14.1,14.5
579.21,71,124.0,1879.0,50.0,1.0,20.13,83.5,23.0,14.1,14.5
579.359,71,124.0,1879.0,51.0,1.0,20.13,83.5,23.0,14.1,14.5
579.479,71,124.0,1879.0,51.0,2.0,20.13,83.5,23.0,14.1,14.5
579.659,71,124.0,1879.0,51.0,2.0,20.33,83.5,23.0,14.1,14.5
579.809,71,124.0,1879.0,51.0,2.0,20.33,83.5,23.0,14.1,14.5
579.959,71,124.0,1879.0,51.0,2.0,20.33,83.5,23.0,14.1,14.5
580.11,71,124.0,1879.0,51.0,2.0,20.33,83.5,23.0,14.1,14.5
580.259,71,124.0,1879.0,51.0,2.0,20.33,83.5,23.0,14.1,14.5
580.409,71,124.0,1879.0,51.0,2.0,20.33,83.5,23.0,14.1,14.5
580.559,71,127.0,1879.0,51.0,2.0,20.33,83.5,23.0,14.1,14.5
580.74,71,127.0,1874.0,51.0,2.0,20.33,83.5,23.0,14.1,14.5
580.859,71,127.0,1874.0,50.0,2.0,20.33,83.5,23.0,14.1,14.5
581.01,71,127.0,1874.0,50.0,3.0,20.33,83.5,23.0,14.1,14.5
581.13,71,127.0,1874.0,50.0,3.0,21.83,83.5,23.0,14.1,14.5
581.28,71,127.0,1874.0,50.0,3.0,21.83,83.5,23.0,14.1,14.5
581.399,71,127.0,1874.0,50.0,3.0,21.83,83.5,23.0,14.1,14.5
581.579,71,127.0,1874.0,50.0,3.0,21.83,83.5,23.0,14.1,14.5
581.729,71,127.0,1874.0,50.0,3.0,21.83,83.5,23.0,14.1,14.5
581.85,72,127.0,1874.0,50.0,3.0,21.83,83.5,23.0,14.1,14.5
582.0,72,130.0,1874.0,50.0,3.0,21.83,83.5,23.0,14.1,14.5
582.15,72,130.0,1891.0,50.0,3.0,21.83,83.5,23.0,14.1,14.5
582.329,72,130.0,1891.0,51.0,3.0,21.83,83.5,23.0,14.1,14.5
582.479,72,130.0,1891.0,51.0,5.0,21.83,83.5,23.0,14.1,14.5
582.6,72,130.0,1891.0,51.0,5.0,22.22,83.5,23.0,14.1,14.5
582.779,72,130.0,1891.0,51.0,5.0,22.22,83.5,23.0,14.1,14.5
582.959,72,130.0,1891.0,51.0,5.0,22.22,83.5,23.0,14.1,14.5
583.199,72,130.0,1891.0,51.0,5.0,22.22,83.5,23.0,14.1,14.5
583.379,72,130.0,1891.0,51.0,5.0,22.22,83.5,23.0,14.1,14.5
583.499,72,130.0,1891.0,51.0,5.0,22.22,83.5,23.0,14.1,14.5
583.68,72,129.0,1891.0,51.0,5.0,22.22,83.5,23.0,14.1,14.5
583.83,72,129.0,1917.0,51.0,5.0,22.22,83.5,23.0,14.1,14.5
583.95,72,129.0,1917.0,51.0,5.0,22.22,83.5,23.0,14.1,14.5
584.099,72,129.0,1917.0,51.0,7.0,22.22,83.5,23.0,14.1,14.5
584.249,72,129.0,1917.0,51.0,7.0,21.97,83.5,23.0,14.1,14.5
584.43,72,129.0,1917.0,51.0,7.0,21.97,83.5,23.0,14.1,14.5
584.579,72,129.0,1917.0,51.0,7.0,21.97,83.5,23.0,14.1,14.5
584.699,72,129.0,1917.0,51.0,7.0,21.97,83.5,23.0,14.1,14.5
584.85,72,129.0,1917.0,51.0,7.0,21.97,83.5,23.0,14.1,14.5
585.031,72,129.0,1917.0,51.0,7.0,21.97,83.5,23.0,14.1,14.5
585.27,72,127.0,1917.0,51.0,7.0,21.97,83.5,23.0,14.1,14.5
585.419,72,127.0,1925.0,51.0,7.0,21.97,83.5,23.0,14.1,14.5
585.539,72,127.0,1925.0,52.0,7.0,21.97,83.5,23.0,14.1,14.5
585.689,72,127.0,1925.0,52.0,9.0,21.97,83.5,23.0,14.1,14.5
585.84,72,127.0,1925.0,52.0,9.0,21.83,83.5,23.0,14.1,14.5
585.959,72,127.0,1925.0,52.0,9.0,21.83,83.5,23.0,14.1,14.5
586.111,72,127.0,1925.0,52.0,9.0,21.83,83.5,23.0,14.1,14.5
586.261,72,127.0,1925.0,52.0,9.0,21.83,83.5,23.0,14.1,14.5
586.379,72,127.0,1925.0,52.0,9.0,21.83,83.5,23.0,14.1,14.5
586.529,72,127.0,1925.0,52.0,9.0,21.83,83.5,23.0,14.1,14.5
586.68,72,127.0,1925.0,52.0,9.0,21.83,83.5,23.0,14.1,14.5
586.8,72,127.0,1934.0,52.0,9.0,21.83,83.5,23.0,14.1,14.5
586.949,72,127.0,1934.0,52.0,9.0,21.83,83.5,23.0,14.1,14.5
587.254,72,127.0,1934.0,52.0,10.0,21.83,83.5,23.0,14.1,14.5
587.46,72,127.0,1934.0,52.0,10.0,22.13,83.5,23.0,14.1,14.5
587.61,72,127.0,1934.0,52.0,10.0,22.13,83.5,23.0,14.1,14.5
587.731,72,127.0,1934.0,52.0,10.0,22.13,83.5,23.0,14.1,14.5
587.881,72,127.0,1934.0,52.0,10.0,22.13,83.5,23.0,14.1,14.5
588.029,72,127.0,1934.0,52.0,10.0,22.13,83.5,23.0,14.1,14.5
588.15,72,127.0,1934.0,52.0,10.0,22.13,83.5,23.0,14.1,14.5
588.299,72,127.0,1934.0,52.0,10.0,22.13,83.5,23.0,14.1,14.5
588.45,72,127.0,1887.0,52.0,10.0,22.13,83.5,23.0,14.1,14.5
588.66,72,127.0,1887.0,51.0,10.0,22.13,83.5,23.0,14.1,14.5
588.87,72,127.0,1887.0,51.0,12.0,22.13,83.5,23.0,14.1,14.5
589.049,72,127.0,1887.0,51.0,12.0,18.08,83.5,23.0,14.1,14.5
589.199,72,127.0,1887.0,51.0,12.0,18.08,83.5,23.0,14.1,14.5
589.379,72,127.0,1887.0,51.0,12.0,18.08,83.5,23.0,14.1,14.5
589.529,72,127.0,1887.0,51.0,12.0,18.08,83.5,23.0,14.1,14.5
589.65,72,127.0,1887.0,51.0,12.0,18.08,83.5,23.0,14.1,14.5
589.861,72,127.0,1887.0,51.0,12.0,18.08,83.5,23.0,14.1,14.5
590.01,72,114.0,1887.0,51.0,12.0,18.08,83.5,23.0,14.1,14.5
590.13,72,114.0,1001.0,51.0,12.0,18.08,83.5,23.0,14.1,14.5
590.31,72,114.0,1001.0,44.0,12.0,18.08,83.5,23.0,14.1,14.5
590.429,72,114.0,1001.0,44.0,9.0,18.08,83.5,23.0,14.1,14.5
590.579,72,114.0,1001.0,44.0,9.0,11.61,83.5,23.0,14.1,14.5
590.73,72,114.0,1001.0,44.0,9.0,11.61,83.5,23.0,14.1,14.5
590.85,72,114.0,1001.0,44.0,9.0,11.61,83.5,23.0,14.1,14.5
591.059,72,114.0,1001.0,44.0,9.0,11.61,83.5,23.0,14.1,14.5
591.179,72,114.0,1001.0,44.0,9.0,11.61,83.5,23.0,14.1,14.5
591.361,72,114.0,1001.0,44.0,9.0,11.61,83.5,23.0,14.1,14.5
591.479,72,111.0,1001.0,44.0,9.0,11.61,83.5,23.0,14.1,14.5
591.724,72,111.0,2079.0,44.0,9.0,11.61,83.5,23.0,14.1,14.5
591.869,72,111.0,2079.0,35.0,9.0,11.61,83.5,23.0,14.1,14.5
591.989,72,111.0,2079.0,35.0,12.0,11.61,83.5,23.0,14.1,14.5
592.139,72,111.0,2079.0,35.0,12.0,21.22,83.5,23.0,14.1,14.5
592.291,72,111.0,2079.0,35.0,12.0,21.22,83.5,23.0,14.1,14.5
592.47,72,111.0,2079.0,35.0,12.0,21.22,83.5,23.0,14.1,14.5
592.619,72,111.0,2079.0,35.0,12.0,21.22,83.5,23.0,14.1,14.5
592.799,72,111.0,2079.0,35.0,12.0,21.22,83.5,23.0,14.1,14.5
592.919,72,111.0,2079.0,35.0,12.0,21.22,83.5,23.0,14.1,14.5
593.07,72,119.0,2079.0,35.0,12.0,21.22,83.5,23.0,14.1,14.5
593.219,72,119.0,1576.0,35.0,12.0,21.22,83.5,23.0,14.1,14.5
593.369,72,119.0,1576.0,26.0,12.0,21.22,83.5,23.0,14.1,14.5
593.519,72,119.0,1576.0,26.0,16.0,21.22,83.5,23.0,14.1,14.5
593.639,72,119.0,1576.0,26.0,16.0,10.41,83.5,23.0,14.1,14.5
593.819,72,119.0,1576.0,26.0,16.0,10.41,83.5,23.0,14.1,14.5
593.969,72,119.0,1576.0,26.0,16.0,10.41,83.5,23.0,14.1,14.5
594.21,72,119.0,1576.0,26.0,16.0,10.41,83.5,23.0,14.1,14.5
594.329,72,119.0,1576.0,26.0,16.0,10.41,83.5,23.0,14.1,14.5
594.48,73,119.0,1576.0,26.0,16.0,10.41,83.5,23.0,14.1,14.5
594.63,73,109.0,1576.0,26.0,16.0,10.41,83.5,23.0,14.1,14.5
594.749,73,109.0,900.0,26.0,16.0,10.41,83.5,23.0,14.1,14.5
594.899,73,109.0,900.0,15.0,16.0,10.41,83.5,23.0,14.1,14.5
595.051,73,109.0,900.0,15.0,12.0,10.41,83.5,23.0,14.1,14.5
595.319,73,109.0,900.0,15.0,12.0,8.47,83.5,23.0,14.1,14.5
595.439,73,109.0,900.0,15.0,12.0,8.47,83.5,23.0,14.1,14.5
595.59,73,109.0,900.0,15.0,12.0,8.47,83.5,23.0,14.1,14.5
595.771,73,109.0,900.0,15.0,12.0,8.47,83.5,23.0,14.1,14.5
595.92,73,109.0,900.0,15.0,12.0,8.47,83.5,23.0,14.1,14.5
596.039,73,109.0,900.0,15.0,12.0,8.47,83.5,23.0,14.1,14.5
596.313,73,105.0,900.0,15.0,12.0,8.47,83.5,23.0,14.1,14.5
596.459,73,105.0,892.0,15.0,12.0,8.47,83.5,23.0,14.1,14.5
596.579,73,105.0,892.0,6.0,12.0,8.47,83.5,23.0,14.1,14.5
596.73,73,105.0,892.0,6.0,13.0,8.47,83.5,23.0,14.1,14.5
596.879,73,105.0,892.0,6.0,13.0,8.05,83.5,23.0,14.1,14.5
597.002,73,105.0,892.0,6.0,13.0,8.05,83.5,23.0,14.1,14.5
597.152,73,105.0,892.0,6.0,13.0,8.05,83.5,23.0,14.1,14.5
597.271,73,105.0,892.0,6.0,13.0,8.05,83.5,23.0,14.1,14.5
597.419,73,105.0,892.0,6.0,13.0,8.05,83.5,23.0,14.1,14.5
597.539,73,105.0,892.0,6.0,13.0,8.05,83.5,23.0,14.1,14.5
597.691,73,105.0,892.0,6.0,13.0,8.05,83.5,23.0,14.1,14.5
597.869,73,105.0,875.0,6.0,13.0,8.05,83.5,23.0,14.1,14.5
598.019,73,105.0,875.0,2.0,13.0,8.05,83.5,23.0,14.1,14.5
598.14,73,105.0,875.0,2.0,14.0,8.05,83.5,23.0,14.1,14.5
598.29,73,105.0,875.0,2.0,14.0,7.44,83.5,23.0,14.1,14.5
598.47,73,105.0,875.0,2.0,14.0,7.44,83.5,23.0,14.1,14.5
598.62,73,105.0,875.0,2.0,14.0,7.44,83.5,23.0,14.1,14.5
598.739,73,105.0,875.0,2.0,14.0,7.44,83.5,23.0,14.1,14.5
598.92,73,105.0,875.0,2.0,14.0,7.44,83.5,23.0,14.1,14.5
599.072,73,105.0,875.0,2.0,14.0,7.44,83.5,23.0,14.1,14.5
599.191,73,104.0,875.0,2.0,14.0,7.44,83.5,23.0,14.1,14.5
599.369,73,104.0,762.0,2.0,14.0,7.44,83.5,23.0,14.1,14.5
599.489,73,104.0,762.0,1.0,14.0,7.44,83.5,23.0,14.1,14.5
599.669,73,104.0,762.0,1.0,14.0,7.44,83.5,23.0,14.1,14.5
599.82,73,104.0,762.0,1.0,14.0,7.19,83.5,23.0,14.1,14.5
599.94,73,104.0,762.0,1.0,14.0,7.19,83.5,23.0,14.1,14.5
600.091,73,104.0,762.0,1.0,14.0,7.19,83.5,23.0,14.1,14.5
600.239,73,104.0,762.0,1.0,14.0,7.19,83.5,23.0,14.1,14.5
600.42,73,104.0,762.0,1.0,14.0,7.19,83.5,23.0,14.1,14.5
600.57,73,104.0,762.0,1.0,14.0,7.19,83.5,23.0,14.1,14.5
600.69,73,103.0,762.0,1.0,14.0,7.19,83.5,23.0,14.1,14.5
600.871,73,103.0,768.0,1.0,14.0,7.19,83.5,23.0,14.1,14.5
601.019,73,103.0,768.0,0.0,14.0,7.19,83.5,23.0,14.1,14.5
601.139,73,103.0,768.0,0.0,15.0,7.19,83.5,23.0,14.1,14.5
601.352,73,103.0,768.0,0.0,15.0,6.99,83.5,23.0,14.1,14.5
601.47,73,103.0,768.0,0.0,15.0,6.99,83.5,23.0,14.1,14.5
601.619,73,103.0,768.0,0.0,15.0,6.99,83.5,23.0,14.1,14.5
601.772,73,103.0,768.0,0.0,15.0,6.99,83.5,23.0,14.1,14.5
601.891,73,103.0,768.0,0.0,15.0,6.99,83.5,23.0,14.1,14.5
602.071,73,103.0,768.0,0.0,15.0,6.99,83.5,23.0,14.1,14.5
602.191,73,103.0,768.0,0.0,15.0,6.99,83.5,23.0,14.1,14.5
602.399,73,103.0,766.0,0.0,15.0,6.99,83.5,23.0,14.1,14.5
602.519,73,103.0,766.0,0.0,15.0,6.99,83.5,23.0,14.1,14.5
602.671,73,103.0,766.0,0.0,16.0,6.99,83.5,23.0,14.1,14.5
602.819,73,103.0,766.0,0.0,16.0,8.77,83.5,23.0,14.1,14.5
602.94,73,103.0,766.0,0.0,16.0,8.77,83.5,23.0,14.1,14.5
603.119,73,103.0,766.0,0.0,16.0,8.77,83.5,23.0,14.1,14.5
603.24,73,103.0,766.0,0.0,16.0,8.77,83.5,23.0,14.9,14.5
603.419,73,103.0,766.0,0.0,16.0,8.77,83.5,23.0,14.9,14.5
603.57,73,103.0,766.0,0.0,16.0,8.77,83.5,23.0,14.9,14.5
603.691,73,105.0,766.0,0.0,16.0,8.77,83.5,23.0,14.9,14.5
603.871,73,105.0,910.0,0.0,16.0,8.77,83.5,23.0,14.9,14.5
604.019,73,105.0,910.0,3.0,16.0,8.77,83.5,23.0,14.9,14.5
604.14,73,105.0,910.0,3.0,20.0,8.77,83.5,23.0,14.9,14.5
604.291,73,105.0,910.0,3.0,20.0,9.41,83.5,23.0,14.9,14.5
604.471,73,105.0,910.0,3.0,20.0,9.41,83.5,23.0,14.9,14.5
604.619,73,105.0,910.0,3.0,20.0,9.41,83.5,23.0,14.9,14.5
604.739,73,105.0,910.0,3.0,20.0,9.41,83.5,23.0,17.6,14.5
604.952,73,105.0,910.0,3.0,20.0,9.41,83.5,23.0,17.6,17.6
605.099,74,105.0,910.0,3.0,20.0,9.41,83.5,23.0,17.6,17.6
605.219,74,107.0,910.0,3.0,20.0,9.41,83.5,23.0,17.6,17.6
605.37,74,107.0,1156.0,3.0,20.0,9.41,83.5,23.0,17.6,17.6
605.519,74,107.0,1156.0,10.0,20.0,9.41,83.5,23.0,17.6,17.6
605.671,74,107.0,1156.0,10.0,23.0,9.41,83.5,23.0,17.6,17.6
605.819,74,107.0,1156.0,10.0,23.0,22.16,83.5,23.0,17.6,17.6
605.94,74,107.0,1156.0,10.0,23.0,22.16,83.5,23.0,17.6,17.6
606.091,74,107.0,1156.0,10.0,23.0,22.16,83.5,23.0,17.6,17.6
606.239,74,107.0,1156.0,10.0,23.0,22.16,83.5,23.0,37.6,17.6
606.419,74,107.0,1156.0,10.0,23.0,22.16,83.5,23.0,37.6,34.1
606.539,74,107.0,1156.0,10.0,23.0,22.16,83.5,23.0,37.6,34.1
606.73,74,125.0,1156.0,10.0,23.0,22.16,83.5,23.0,37.6,34.1
606.871,74,125.0,1505.0,10.0,23.0,22.16,83.5,23.0,37.6,34.1
606.991,74,125.0,1505.0,16.0,23.0,22.16,83.5,23.0,37.6,34.1
607.139,74,125.0,1505.0,16.0,27.0,22.16,83.5,23.0,37.6,34.1
607.291,74,125.0,1505.0,16.0,27.0,20.3,83.5,23.0,37.6,34.1
607.47,74,125.0,1505.0,16.0,27.0,20.3,37.3,23.0,37.6,34.1
607.619,74,125.0,1505.0,16.0,27.0,20.3,37.3,23.0,37.6,34.1
607.739,74,125.0,1505.0,16.0,27.0,20.3,37.3,23.0,31.8,34.1
607.89,74,125.0,1505.0,16.0,27.0,20.3,37.3,23.0,31.8,31.8
608.039,74,125.0,1505.0,16.0,27.0,20.3,37.3,23.0,31.8,31.8
608.159,74,111.0,1505.0,16.0,27.0,20.3,37.3,23.0,31.8,31.8
608.313,74,111.0,1120.0,16.0,27.0,20.3,37.3,23.0,31.8,31.8
608.49,74,111.0,1120.0,19.0,27.0,20.3,37.3,23.0,31.8,31.8
608.639,74,111.0,1120.0,19.0,25.0,20.3,37.3,23.0,31.8,31.8
608.819,74,111.0,1120.0,19.0,25.0,12.72,37.3,23.0,31.8,31.8
608.939,74,111.0,1120.0,19.0,25.0,12.72,83.5,23.0,31.8,31.8
609.09,74,111.0,1120.0,19.0,25.0,12.72,83.5,23.0,31.8,31.8
609.3,74,111.0,1120.0,19.0,25.0,12.72,83.5,23.0,36.5,31.8
609.419,74,111.0,1120.0,19.0,25.0,12.72,83.5,23.0,36.5,41.6
609.58,74,111.0,1120.0,19.0,25.0,12.72,83.5,23.0,36.5,41.6
609.723,74,121.0,1120.0,19.0,25.0,12.72,83.5,23.0,36.5,41.6
609.839,74,121.0,1366.0,19.0,25.0,12.72,83.5,23.0,36.5,41.6
609.99,74,121.0,1366.0,24.0,25.0,12.72,83.5,23.0,36.5,41.6
610.171,74,121.0,1366.0,24.0,25.0,12.72,83.5,23.0,36.5,41.6
610.291,74,121.0,1366.0,24.0,25.0,21.91,83.5,23.0,36.5,41.6
610.439,74,121.0,1366.0,24.0,25.0,21.91,83.5,23.0,36.5,41.6
610.559,74,121.0,1366.0,24.0,25.0,21.91,83.5,23.0,36.5,41.6
610.711,74,121.0,1366.0,24.0,25.0,21.91,83.5,23.0,46.7,41.6
610.859,74,121.0,1366.0,24.0,25.0,21.91,83.5,23.0,46.7,47.8
610.98,74,121.0,1366.0,24.0,25.0,21.91,83.5,23.0,46.7,47.8
611.159,74,157.0,1366.0,24.0,25.0,21.91,83.5,23.0,46.7,47.8
611.279,74,157.0,1787.0,24.0,25.0,21.91,83.5,23.0,46.7,47.8
611.46,74,157.0,1787.0,31.0,25.0,21.91,83.5,23.0,46.7,47.8
611.61,74,157.0,1787.0,31.0,29.0,21.91,83.5,23.0,46.7,47.8
611.73,74,157.0,1787.0,31.0,29.0,41.27,83.5,23.0,46.7,47.8
611.909,74,157.0,1787.0,31.0,29.0,41.27,83.5,23.0,46.7,47.8
612.06,74,157.0,1787.0,31.0,29.0,41.27,83.5,23.0,46.7,47.8
612.179,74,157.0,1787.0,31.0,29.0,41.27,83.5,23.0,20.0,47.8
612.391,74,157.0,1787.0,31.0,29.0,41.27,83.5,23.0,20.0,14.5
612.539,74,157.0,1787.0,31.0,29.0,41.27,83.5,23.0,20.0,14.5
612.728,74,109.0,1787.0,31.0,29.0,41.27,83.5,23.0,20.0,14.5
612.871,74,109.0,1492.0,31.0,29.0,41.27,83.5,23.0,20.0,14.5
612.991,74,109.0,1492.0,35.0,29.0,41.27,83.5,23.0,20.0,14.5
613.139,74,109.0,1492.0,35.0,28.0,41.27,83.5,23.0,20.0,14.5
613.26,74,109.0,1492.0,35.0,28.0,17.33,83.5,23.0,20.0,14.5
613.409,74,109.0,1492.0,35.0,28.0,17.33,83.5,23.0,20.0,14.5
613.559,74,109.0,1492.0,35.0,28.0,17.33,83.5,24.0,20.0,14.5
613.711,74,109.0,1492.0,35.0,28.0,17.33,83.5,24.0,44.3,14.5
613.831,74,109.0,1492.0,35.0,28.0,17.33,83.5,24.0,44.3,45.1
614.011,74,109.0,1492.0,35.0,28.0,17.33,83.5,24.0,44.3,45.1
614.16,74,136.0,1492.0,35.0,28.0,17.33,83.5,24.0,44.3,45.1
614.279,74,136.0,1426.0,35.0,28.0,17.33,83.5,24.0,44.3,45.1
614.46,74,136.0,1426.0,38.0,28.0,17.33,83.5,24.0,44.3,45.1
614.579,74,136.0,1426.0,38.0,25.0,17.33,83.5,24.0,44.3,45.1
614.76,74,136.0,1426.0,38.0,25.0,23.58,83.5,24.0,44.3,45.1
614.912,74,136.0,1426.0,38.0,25.0,23.58,83.5,24.0,44.3,45.1
615.031,74,136.0,1426.0,38.0,25.0,23.58,83.5,24.0,44.3,45.1
615.18,74,136.0,1426.0,38.0,25.0,23.58,83.5,24.0,40.4,45.1
615.358,74,136.0,1426.0,38.0,25.0,23.58,83.5,24.0,40.4,41.2
615.51,74,136.0,1426.0,38.0,25.0,23.58,83.5,24.0,40.4,41.2
615.66,74,138.0,1426.0,38.0,25.0,23.58,83.5,24.0,40.4,41.2
615.839,74,138.0,1553.0,38.0,25.0,23.58,83.5,24.0,40.4,41.2
615.959,74,138.0,1553.0,42.0,25.0,23.58,83.5,24.0,40.4,41.2
616.113,74,138.0,1553.0,42.0,26.0,23.58,83.5,24.0,40.4,41.2
616.259,74,138.0,1553.0,42.0,26.0,21.19,83.5,24.0,40.4,41.2
616.439,74,138.0,1553.0,42.0,26.0,21.19,83.5,24.0,40.4,41.2
616.59,74,138.0,1553.0,42.0,26.0,21.19,83.5,24.0,40.4,41.2
616.739,74,138.0,1553.0,42.0,26.0,21.19,83.5,24.0,39.2,41.2
616.859,74,138.0,1553.0,42.0,26.0,21.19,83.5,24.0,39.2,40.4
617.011,74,138.0,1553.0,42.0,26.0,21.19,83.5,24.0,39.2,40.4
617.159,74,136.0,1553.0,42.0,26.0,21.19,83.5,24.0,39.2,40.4
617.279,74,136.0,1640.0,42.0,26.0,21.19,83.5,24.0,39.2,40.4
617.459,74,136.0,1640.0,44.0,26.0,21.19,83.5,24.0,39.2,40.4
617.579,74,136.0,1640.0,44.0,26.0,21.19,83.5,24.0,39.2,40.4
617.759,74,136.0,1640.0,44.0,26.0,22.74,83.5,24.0,39.2,40.4
617.91,74,136.0,1640.0,44.0,26.0,22.74,83.5,24.0,39.2,40.4
618.032,74,136.0,1640.0,44.0,26.0,22.74,83.5,24.0,39.2,40.4
618.18,74,136.0,1640.0,44.0,26.0,22.74,83.5,24.0,39.2,40.4
618.329,74,136.0,1640.0,44.0,26.0,22.74,83.5,24.0,39.2,40.0
618.51,75,136.0,1640.0,44.0,26.0,22.74,83.5,24.0,39.2,40.0
618.659,75,139.0,1640.0,44.0,26.0,22.74,83.5,24.0,39.2,40.0
618.811,75,139.0,1728.0,44.0,26.0,22.74,83.5,24.0,39.2,40.0
618.931,75,139.0,1728.0,46.0,26.0,22.74,83.5,24.0,39.2,40.0
619.11,75,139.0,1728.0,46.0,26.0,22.74,83.5,24.0,39.2,40.0
619.349,75,139.0,1728.0,46.0,26.0,22.52,83.5,24.0,39.2,40.0
619.499,75,139.0,1728.0,46.0,26.0,22.52,83.5,24.0,39.2,40.0
619.619,75,139.0,1728.0,46.0,26.0,22.52,83.5,24.0,39.2,40.0
619.77,75,139.0,1728.0,46.0,26.0,22.52,83.5,24.0,40.4,40.0
619.92,75,139.0,1728.0,46.0,26.0,22.52,83.5,24.0,40.4,41.2
620.039,75,139.0,1728.0,46.0,26.0,22.52,83.5,24.0,40.4,41.2
620.19,75,139.0,1728.0,46.0,26.0,22.52,83.5,24.0,40.4,41.2
620.312,75,139.0,1796.0,46.0,26.0,22.52,83.5,24.0,40.4,41.2
620.459,75,139.0,1796.0,48.0,26.0,22.52,83.5,24.0,40.4,41.2
620.579,75,139.0,1796.0,48.0,26.0,22.52,83.5,24.0,40.4,41.2
620.73,75,139.0,1796.0,48.0,26.0,24.24,83.5,24.0,40.4,41.2
620.91,75,139.0,1796.0,48.0,26.0,24.24,83.5,24.0,40.4,41.2
621.059,75,139.0,1796.0,48.0,26.0,24.24,83.5,24.0,40.4,41.2
621.18,75,139.0,1796.0,48.0,26.0,24.24,83.5,24.0,39.2,41.2
621.359,75,139.0,1796.0,48.0,26.0,24.24,83.5,24.0,39.2,40.0
621.51,75,139.0,1796.0,48.0,26.0,24.24,83.5,24.0,39.2,40.0
621.659,75,136.0,1796.0,48.0,26.0,24.24,83.5,24.0,39.2,40.0
621.81,75,136.0,1863.0,48.0,26.0,24.24,83.5,24.0,39.2,40.0
621.959,75,136.0,1863.0,50.0,26.0,24.24,83.5,24.0,39.2,40.0
622.08,75,136.0,1863.0,50.0,27.0,24.24,83.5,24.0,39.2,40.0
622.23,75,136.0,1863.0,50.0,27.0,26.86,83.5,24.0,39.2,40.0
622.379,75,136.0,1863.0,50.0,27.0,26.86,83.5,24.0,39.2,40.0
622.529,75,136.0,1863.0,50.0,27.0,26.86,83.5,24.0,39.2,40.0
622.711,75,136.0,1863.0,50.0,27.0,26.86,83.5,24.0,43.9,40.0
622.859,75,136.0,1863.0,50.0,27.0,26.86,83.5,24.0,43.9,44.3
623.04,75,136.0,1863.0,50.0,27.0,26.86,83.5,24.0,43.9,44.3
623.159,75,159.0,1863.0,50.0,27.0,26.86,83.5,24.0,43.9,44.3
623.399,75,159.0,1971.0,50.0,27.0,26.86,83.5,24.0,43.9,44.3
623.55,75,159.0,1971.0,53.0,27.0,26.86,83.5,24.0,43.9,44.3
623.67,75,159.0,1971.0,53.0,29.0,26.86,83.5,24.0,43.9,44.3
623.85,75,159.0,1971.0,53.0,29.0,34.38,83.5,24.0,43.9,44.3
624.0,75,159.0,1971.0,53.0,29.0,34.38,83.5,24.0,43.9,44.3
624.119,75,159.0,1971.0,53.0,29.0,34.38,83.5,24.0,43.9,44.3
624.27,75,159.0,1971.0,53.0,29.0,34.38,83.5,24.0,14.1,44.3
624.419,75,159.0,1971.0,53.0,29.0,34.38,83.5,24.0,14.1,14.5
624.599,75,159.0,1971.0,53.0,29.0,34.38,83.5,24.0,14.1,14.5
624.75,75,124.0,1971.0,53.0,29.0,34.38,83.5,24.0,14.1,14.5
624.871,75,124.0,1372.0,53.0,29.0,34.38,83.5,24.0,14.1,14.5
625.019,75,124.0,1372.0,54.0,29.0,34.38,83.5,24.0,14.1,14.5
625.23,75,124.0,1372.0,54.0,26.0,34.38,83.5,24.0,14.1,14.5
625.41,75,124.0,1372.0,54.0,26.0,18.24,83.5,24.0,14.1,14.5
625.559,75,124.0,1372.0,54.0,26.0,18.24,83.5,24.0,14.1,14.5
625.77,75,124.0,1372.0,54.0,26.0,18.24,83.5,24.0,14.1,14.5
625.92,75,124.0,1372.0,54.0,26.0,18.24,83.5,24.0,44.3,14.5
626.099,75,124.0,1372.0,54.0,26.0,18.24,83.5,24.0,44.3,44.3
626.341,75,124.0,1372.0,54.0,26.0,18.24,83.5,24.0,44.3,44.3
626.459,75,140.0,1372.0,54.0,26.0,18.24,83.5,24.0,44.3,44.3
626.61,75,140.0,1427.0,54.0,26.0,18.24,83.5,24.0,44.3,44.3
626.759,75,140.0,1427.0,56.0,26.0,18.24,83.5,24.0,44.3,44.3
626.88,75,140.0,1427.0,56.0,27.0,18.24,83.5,24.0,44.3,44.3
627.06,75,140.0,1427.0,56.0,27.0,12.58,83.5,24.0,44.3,44.3
627.21,75,140.0,1427.0,56.0,27.0,12.58,83.5,24.0,44.3,44.3
627.359,75,140.0,1427.0,56.0,27.0,12.58,83.5,24.0,44.3,44.3
627.509,75,140.0,1427.0,56.0,27.0,12.58,83.5,24.0,14.1,44.3
627.631,75,140.0,1427.0,56.0,27.0,12.58,83.5,24.0,14.1,25.1
627.78,76,140.0,1427.0,56.0,27.0,12.58,83.5,24.0,14.1,25.1
627.93,76,115.0,1427.0,56.0,27.0,12.58,83.5,24.0,14.1,25.1
628.05,76,115.0,1412.0,56.0,27.0,12.58,83.5,24.0,14.1,25.1
628.199,76,115.0,1412.0,55.0,27.0,12.58,83.5,24.0,14.1,25.1
628.319,76,115.0,1412.0,55.0,24.0,12.58,83.5,24.0,14.1,25.1
628.469,76,115.0,1412.0,55.0,24.0,17.61,83.5,24.0,14.1,25.1
628.62,76,115.0,1412.0,55.0,24.0,17.61,83.5,24.0,14.1,25.1
628.799,76,115.0,1412.0,55.0,24.0,17.61,83.5,24.0,14.1,25.1
628.95,76,115.0,1412.0,55.0,24.0,17.61,83.5,24.0,35.7,25.1
629.072,76,115.0,1412.0,55.0,24.0,17.61,83.5,24.0,35.7,35.7
629.219,76,115.0,1412.0,55.0,24.0,17.61,83.5,24.0,35.7,35.7
629.369,76,126.0,1412.0,55.0,24.0,17.61,83.5,24.0,35.7,35.7
629.549,76,126.0,1430.0,55.0,24.0,17.61,83.5,24.0,35.7,35.7
629.699,76,126.0,1430.0,56.0,24.0,17.61,83.5,24.0,35.7,35.7
629.88,76,126.0,1430.0,56.0,26.0,17.61,83.5,24.0,35.7,35.7
629.999,76,126.0,1430.0,56.0,26.0,13.55,83.5,24.0,35.7,35.7
630.149,76,126.0,1430.0,56.0,26.0,13.55,83.5,24.0,35.7,35.7
630.269,76,126.0,1430.0,56.0,26.0,13.55,83.5,24.0,35.7,35.7
630.449,76,126.0,1430.0,56.0,26.0,13.55,83.5,24.0,33.7,35.7
630.599,76,126.0,1430.0,56.0,26.0,13.55,83.5,24.0,33.7,36.9
630.749,76,126.0,1430.0,56.0,26.0,13.55,83.5,24.0,33.7,36.9
630.87,76,116.0,1430.0,56.0,26.0,13.55,83.5,24.0,33.7,36.9
631.019,76,116.0,1441.0,56.0,26.0,13.55,83.5,24.0,33.7,36.9
631.199,76,116.0,1441.0,56.0,26.0,13.55,83.5,24.0,33.7,36.9
631.338,76,116.0,1441.0,56.0,25.0,13.55,83.5,24.0,33.7,36.9
631.529,76,116.0,1441.0,56.0,25.0,19.47,83.5,24.0,33.7,36.9
631.681,76,116.0,1441.0,56.0,25.0,19.47,83.5,24.0,33.7,36.9
631.8,76,116.0,1441.0,56.0,25.0,19.47,83.5,24.0,33.7,36.9
631.95,76,116.0,1441.0,56.0,25.0,19.47,83.5,24.0,39.2,36.9
632.105,76,116.0,1441.0,56.0,25.0,19.47,83.5,24.0,39.2,39.6
632.22,76,116.0,1441.0,56.0,25.0,19.47,83.5,24.0,39.2,39.6
632.459,76,135.0,1441.0,56.0,25.0,19.47,83.5,24.0,39.2,39.6
632.671,76,135.0,1481.0,56.0,25.0,19.47,83.5,24.0,39.2,39.6
632.85,76,135.0,1481.0,58.0,25.0,19.47,83.5,24.0,39.2,39.6
632.971,76,135.0,1481.0,58.0,27.0,19.47,83.5,24.0,39.2,39.6
633.151,76,135.0,1481.0,58.0,27.0,19.69,83.5,24.0,39.2,39.6
633.39,76,135.0,1481.0,58.0,27.0,19.69,83.5,24.0,39.2,39.6
633.509,76,135.0,1481.0,58.0,27.0,19.69,83.5,24.0,39.2,39.6
633.659,76,135.0,1481.0,58.0,27.0,19.69,83.5,24.0,38.8,39.6
633.81,76,135.0,1481.0,58.0,27.0,19.69,83.5,24.0,38.8,39.6
633.93,76,135.0,1481.0,58.0,27.0,19.69,83.5,24.0,38.8,39.6
634.08,76,132.0,1481.0,58.0,27.0,19.69,83.5,24.0,38.8,39.6
634.23,76,132.0,1523.0,58.0,27.0,19.69,83.5,24.0,38.8,39.6
634.35,76,132.0,1523.0,59.0,27.0,19.69,83.5,24.0,38.8,39.6
634.471,76,132.0,1523.0,59.0,27.0,19.69,83.5,24.0,38.8,39.6
634.619,76,132.0,1523.0,59.0,27.0,23.16,83.5,24.0,38.8,39.6
634.77,76,132.0,1523.0,59.0,27.0,23.16,83.5,24.0,38.8,39.6
634.953,76,132.0,1523.0,59.0,27.0,23.16,83.5,24.0,38.8,39.6
635.099,76,132.0,1523.0,59.0,27.0,23.16,83.5,24.0,41.6,39.6
635.219,76,132.0,1523.0,59.0,27.0,23.16,83.5,24.0,41.6,42.4
635.459,77,132.0,1523.0,59.0,27.0,23.16,83.5,24.0,41.6,42.4
635.609,77,143.0,1523.0,59.0,27.0,23.16,83.5,24.0,41.6,42.4
635.73,77,143.0,1574.0,59.0,27.0,23.16,83.5,24.0,41.6,42.4
635.881,77,143.0,1574.0,61.0,27.0,23.16,83.5,24.0,41.6,42.4
636.03,77,143.0,1574.0,61.0,28.0,23.16,83.5,24.0,41.6,42.4
636.15,77,143.0,1574.0,61.0,28.0,21.22,83.5,24.0,41.6,42.4
636.301,77,143.0,1574.0,61.0,28.0,21.22,83.5,24.0,41.6,42.4
636.419,77,143.0,1574.0,61.0,28.0,21.22,83.5,24.0,41.6,42.4
636.6,77,143.0,1574.0,61.0,28.0,21.22,83.5,24.0,37.3,42.4
636.752,77,143.0,1574.0,61.0,28.0,21.22,83.5,24.0,37.3,36.5
636.87,77,143.0,1574.0,61.0,28.0,21.22,83.5,24.0,37.3,36.5
637.051,77,127.0,1574.0,61.0,28.0,21.22,83.5,24.0,37.3,36.5
637.2,77,127.0,1591.0,61.0,28.0,21.22,83.5,24.0,37.3,36.5
637.32,77,127.0,1591.0,62.0,28.0,21.22,83.5,24.0,37.3,36.5
637.529,77,127.0,1591.0,62.0,26.0,21.22,83.5,24.0,37.3,36.5
637.71,77,127.0,1591.0,62.0,26.0,15.77,83.5,24.0,37.3,36.5
637.89,77,127.0,1591.0,62.0,26.0,15.77,83.5,24.0,37.3,36.5
638.041,77,127.0,1591.0,62.0,26.0,15.77,83.5,24.0,37.3,36.5
638.16,77,127.0,1591.0,62.0,26.0,15.77,83.5,24.0,30.6,36.5
638.34,77,127.0,1591.0,62.0,26.0,15.77,83.5,24.0,30.6,31.0
638.49,77,127.0,1591.0,62.0,26.0,15.77,83.5,24.0,30.6,31.0
638.639,77,111.0,1591.0,62.0,26.0,15.77,83.5,24.0,30.6,31.0
638.79,77,111.0,1586.0,62.0,26.0,15.77,83.5,24.0,30.6,31.0
638.91,77,111.0,1586.0,62.0,26.0,15.77,83.5,24.0,30.6,31.0
639.06,77,111.0,1586.0,62.0,26.0,15.77,83.5,24.0,30.6,31.0
639.24,77,111.0,1586.0,62.0,26.0,14.58,83.5,24.0,30.6,31.0
639.359,77,111.0,1586.0,62.0,26.0,14.58,83.5,24.0,30.6,31.0
639.539,77,111.0,1586.0,62.0,26.0,14.58,83.5,24.0,30.6,31.0
639.659,77,111.0,1586.0,62.0,26.0,14.58,83.5,24.0,25.5,31.0
639.839,77,111.0,1586.0,62.0,26.0,14.58,83.5,24.0,25.5,23.5
639.991,77,111.0,1586.0,62.0,26.0,14.58,83.5,24.0,25.5,23.5
640.139,77,107.0,1586.0,62.0,26.0,14.58,83.5,24.0,25.5,23.5
640.259,77,107.0,1577.0,62.0,26.0,14.58,83.5,24.0,25.5,23.5
640.44,77,107.0,1577.0,60.0,26.0,14.58,83.5,24.0,25.5,23.5
640.59,77,107.0,1577.0,60.0,25.0,14.58,83.5,24.0,25.5,23.5
640.739,77,107.0,1577.0,60.0,25.0,13.36,83.5,24.0,25.5,23.5
640.89,77,107.0,1577.0,60.0,25.0,13.36,83.5,24.0,25.5,23.5
641.011,77,107.0,1577.0,60.0,25.0,13.36,83.5,24.0,25.5,23.5
641.159,77,107.0,1577.0,60.0,25.0,13.36,83.5,24.0,14.1,23.5
641.459,77,107.0,1577.0,60.0,25.0,13.36,83.5,24.0,14.1,14.5
641.639,77,107.0,1577.0,60.0,25.0,13.36,83.5,24.0,14.1,14.5
641.76,77,114.0,1577.0,60.0,25.0,13.36,83.5,24.0,14.1,14.5
641.911,77,114.0,1544.0,60.0,25.0,13.36,83.5,24.0,14.1,14.5
642.09,77,114.0,1544.0,60.0,25.0,13.36,83.5,24.0,14.1,14.5
642.241,77,114.0,1544.0,60.0,26.0,13.36,83.5,24.0,14.1,14.5
642.359,77,114.0,1544.0,60.0,26.0,13.72,83.5,24.0,14.1,14.5
642.509,77,114.0,1544.0,60.0,26.0,13.72,83.5,24.0,14.1,14.5
642.66,77,114.0,1544.0,60.0,26.0,13.72,83.5,24.0,14.1,14.5
642.839,77,114.0,1544.0,60.0,26.0,13.72,83.5,24.0,14.1,14.5
642.99,77,114.0,1544.0,60.0,26.0,13.72,83.5,24.0,14.1,14.5
643.111,78,114.0,1544.0,60.0,26.0,13.72,83.5,24.0,14.1,14.5
643.29,78,117.0,1544.0,60.0,26.0,13.72,83.5,24.0,14.1,14.5
643.47,78,117.0,1541.0,60.0,26.0,13.72,83.5,24.0,14.1,14.5
643.62,78,117.0,1541.0,60.0,26.0,13.72,83.5,24.0,14.1,14.5
643.77,78,117.0,1541.0,60.0,26.0,13.72,83.5,24.0,14.1,14.5
643.92,78,117.0,1541.0,60.0,26.0,14.55,83.5,24.0,14.1,14.5
644.041,78,117.0,1541.0,60.0,26.0,14.55,83.5,24.0,14.1,14.5
644.19,78,117.0,1541.0,60.0,26.0,14.55,83.5,24.0,14.1,14.5
644.429,78,117.0,1541.0,60.0,26.0,14.55,83.5,24.0,14.1,14.5
644.55,78,117.0,1541.0,60.0,26.0,14.55,83.5,24.0,14.1,14.5
644.699,78,117.0,1541.0,60.0,26.0,14.55,83.5,24.0,14.1,14.5
644.85,78,117.0,1541.0,60.0,26.0,14.55,83.5,24.0,14.1,14.5
644.971,78,117.0,1544.0,60.0,26.0,14.55,83.5,24.0,14.1,14.5
645.119,78,117.0,1544.0,60.0,26.0,14.55,83.5,24.0,14.1,14.5
645.27,78,117.0,1544.0,60.0,26.0,14.55,83.5,24.0,14.1,14.5
645.39,78,117.0,1544.0,60.0,26.0,14.55,83.5,24.0,14.1,14.5
645.509,78,117.0,1544.0,60.0,26.0,14.55,83.5,24.0,14.1,14.5
645.659,78,117.0,1544.0,60.0,26.0,14.55,83.5,24.0,14.1,14.5
645.84,78,117.0,1544.0,60.0,26.0,14.55,83.5,24.0,14.1,14.5
645.99,78,117.0,1544.0,60.0,26.0,14.55,83.5,24.0,14.1,14.5
646.11,78,117.0,1544.0,60.0,26.0,14.55,83.5,24.0,14.1,14.5
646.291,78,118.0,1544.0,60.0,26.0,14.55,83.5,24.0,14.1,14.5
646.41,78,118.0,1544.0,60.0,26.0,14.55,83.5,24.0,14.1,14.5
646.59,78,118.0,1544.0,60.0,26.0,14.55,83.5,24.0,14.1,14.5
646.711,78,118.0,1544.0,60.0,27.0,14.55,83.5,24.0,14.1,14.5
646.919,78,118.0,1544.0,60.0,27.0,14.94,83.5,24.0,14.1,14.5
647.04,78,118.0,1544.0,60.0,27.0,14.94,83.5,24.0,14.1,14.5
647.191,78,118.0,1544.0,60.0,27.0,14.94,83.5,24.0,14.1,14.5
647.46,78,118.0,1544.0,60.0,27.0,14.94,83.5,24.0,14.1,14.5
647.639,78,118.0,1544.0,60.0,27.0,14.94,83.5,24.0,14.1,14.5
647.759,78,118.0,1544.0,60.0,27.0,14.94,83.5,24.0,14.1,14.5
647.97,78,119.0,1544.0,60.0,27.0,14.94,83.5,24.0,14.1,14.5
648.12,78,119.0,1553.0,60.0,27.0,14.94,83.5,24.0,14.1,14.5
648.271,78,119.0,1553.0,60.0,27.0,14.94,83.5,24.0,14.1,14.5
648.39,78,119.0,1553.0,60.0,27.0,14.94,83.5,24.0,14.1,14.5
648.51,78,119.0,1553.0,60.0,27.0,15.24,83.5,24.0,14.1,14.5
648.719,78,119.0,1553.0,60.0,27.0,15.24,83.5,24.0,14.1,14.5
648.87,78,119.0,1553.0,60.0,27.0,15.24,83.5,24.0,14.1,14.5
649.02,78,119.0,1553.0,60.0,27.0,15.24,83.5,24.0,14.1,14.5
649.14,78,119.0,1553.0,60.0,27.0,15.24,83.5,24.0,14.1,14.5
649.29,78,119.0,1553.0,60.0,27.0,15.24,83.5,24.0,14.1,14.5
649.409,78,119.0,1553.0,60.0,27.0,15.24,83.5,24.0,14.1,14.5
649.59,78,119.0,1556.0,60.0,27.0,15.24,83.5,24.0,14.1,14.5
649.71,78,119.0,1556.0,61.0,27.0,15.24,83.5,24.0,14.1,14.5
649.859,78,119.0,1556.0,61.0,27.0,15.24,83.5,24.0,14.1,14.5
650.041,78,119.0,1556.0,61.0,27.0,15.58,83.5,24.0,14.1,14.5
650.19,78,119.0,1556.0,61.0,27.0,15.58,83.5,24.0,14.1,14.5
650.31,78,119.0,1556.0,61.0,27.0,15.58,83.5,24.0,14.1,14.5
650.46,78,119.0,1556.0,61.0,27.0,15.58,83.5,24.0,14.1,14.5
650.609,78,119.0,1556.0,61.0,27.0,15.58,83.5,24.0,14.1,14.5
650.79,78,119.0,1556.0,61.0,27.0,15.58,83.5,24.0,14.1,14.5
650.941,78,119.0,1556.0,61.0,27.0,15.58,83.5,24.0,14.1,14.5
651.06,78,119.0,1555.0,61.0,27.0,15.58,83.5,24.0,14.1,14.5
651.239,78,119.0,1555.0,61.0,27.0,15.58,83.5,24.0,14.1,14.5
651.479,78,119.0,1555.0,61.0,27.0,15.58,83.5,24.0,14.1,14.5
651.691,78,119.0,1555.0,61.0,27.0,15.52,83.5,24.0,14.1,14.5
651.811,78,119.0,1555.0,61.0,27.0,15.52,83.5,24.0,14.1,14.5
651.959,78,119.0,1555.0,61.0,27.0,15.52,83.5,24.0,14.1,14.5
652.139,78,119.0,1555.0,61.0,27.0,15.52,83.5,24.0,14.1,14.5
652.29,78,119.0,1555.0,61.0,27.0,15.52,83.5,24.0,14.1,14.5
652.409,79,119.0,1555.0,61.0,27.0,15.52,83.5,24.0,14.1,14.5
652.59,79,119.0,1555.0,61.0,27.0,15.52,83.5,24.0,14.1,14.5
652.71,79,119.0,1566.0,61.0,27.0,15.52,83.5,24.0,14.1,14.5
652.859,79,119.0,1566.0,61.0,27.0,15.52,83.5,24.0,14.1,14.5
653.07,79,119.0,1566.0,61.0,27.0,15.52,83.5,24.0,14.1,14.5
653.22,79,119.0,1566.0,61.0,27.0,15.08,83.5,24.0,14.1,14.5
653.339,79,119.0,1566.0,61.0,27.0,15.08,83.5,24.0,14.1,14.5
653.489,79,119.0,1566.0,61.0,27.0,15.08,83.5,24.0,14.1,14.5
653.64,79,119.0,1566.0,61.0,27.0,15.08,83.5,24.0,14.1,14.5
653.79,79,119.0,1566.0,61.0,27.0,15.08,83.5,24.0,14.1,14.5
653.911,79,119.0,1566.0,61.0,27.0,15.08,83.5,24.0,14.1,14.5
654.06,79,117.0,1566.0,61.0,27.0,15.08,83.5,24.0,14.1,14.5
654.239,79,117.0,1577.0,61.0,27.0,15.08,83.5,24.0,14.1,14.5
654.359,79,117.0,1577.0,61.0,27.0,15.08,83.5,24.0,14.1,14.5
654.54,79,117.0,1577.0,61.0,27.0,15.08,83.5,24.0,14.1,14.5
654.689,79,117.0,1577.0,61.0,27.0,14.52,83.5,24.0,14.1,14.5
654.841,79,117.0,1577.0,61.0,27.0,14.52,83.5,24.0,14.1,14.5
654.959,79,117.0,1577.0,61.0,27.0,14.52,83.5,24.0,14.1,14.5
655.11,79,117.0,1577.0,61.0,27.0,14.52,83.5,24.0,14.1,14.5
655.259,79,117.0,1577.0,61.0,27.0,14.52,83.5,24.0,14.1,14.5
655.41,79,117.0,1577.0,61.0,27.0,14.52,83.5,24.0,14.1,14.5
655.56,79,115.0,1577.0,61.0,27.0,14.52,83.5,24.0,14.1,14.5
655.74,79,115.0,1577.0,61.0,27.0,14.52,83.5,24.0,14.1,14.5
655.86,79,115.0,1577.0,61.0,27.0,14.52,83.5,24.0,14.1,14.5
656.011,79,115.0,1577.0,61.0,27.0,14.52,83.5,24.0,14.1,14.5
656.16,79,115.0,1577.0,61.0,27.0,13.94,83.5,24.0,14.1,14.5
656.327,79,115.0,1577.0,61.0,27.0,13.94,83.5,24.0,14.1,14.5
656.46,79,115.0,1577.0,61.0,27.0,13.94,83.5,24.0,14.1,14.5
656.61,79,115.0,1577.0,61.0,27.0,13.94,83.5,24.0,14.1,14.5
656.85,79,115.0,1577.0,61.0,27.0,13.94,83.5,24.0,14.1,14.5
657.03,79,115.0,1577.0,61.0,27.0,13.94,83.5,24.0,14.1,14.5
657.15,79,113.0,1577.0,61.0,27.0,13.94,83.5,24.0,14.1,14.5
657.3,79,113.0,1577.0,61.0,27.0,13.94,83.5,24.0,14.1,14.5
657.451,79,113.0,1577.0,61.0,27.0,13.94,83.5,24.0,14.1,14.5
657.63,79,113.0,1577.0,61.0,27.0,13.94,83.5,24.0,14.1,14.5
657.78,79,113.0,1577.0,61.0,27.0,14.63,83.5,24.0,14.1,14.5
657.9,79,113.0,1577.0,61.0,27.0,14.63,83.5,24.0,14.1,14.5
658.079,79,113.0,1577.0,61.0,27.0,14.63,83.5,24.0,14.1,14.5
658.231,79,113.0,1577.0,61.0,27.0,14.63,83.5,24.0,14.1,14.5
658.349,79,113.0,1577.0,61.0,27.0,14.63,83.5,24.0,14.1,14.5
658.5,79,113.0,1577.0,61.0,27.0,14.63,83.5,24.0,14.1,14.5
658.681,79,113.0,1577.0,61.0,27.0,14.63,83.5,24.0,14.1,14.5
658.98,79,113.0,1579.0,61.0,27.0,14.63,83.5,24.0,14.1,14.5
659.099,79,113.0,1579.0,61.0,27.0,14.63,83.5,24.0,14.1,14.5
659.25,79,113.0,1579.0,61.0,27.0,14.63,83.5,24.0,14.1,14.5
659.52,79,113.0,1579.0,61.0,27.0,14.47,83.5,24.0,14.1,14.5
659.671,79,113.0,1579.0,61.0,27.0,14.47,83.5,24.0,14.1,14.5
659.79,79,113.0,1579.0,61.0,27.0,14.47,83.5,24.0,14.1,14.5
659.94,79,113.0,1579.0,61.0,27.0,14.47,83.5,24.0,14.1,14.5
660.092,79,113.0,1579.0,61.0,27.0,14.47,83.5,24.0,14.1,14.5
660.21,79,113.0,1579.0,61.0,27.0,14.47,83.5,24.0,14.1,14.5
660.359,79,113.0,1579.0,61.0,27.0,14.47,83.5,24.0,14.1,14.5
660.48,79,113.0,1575.0,61.0,27.0,14.47,83.5,24.0,14.1,14.5
660.63,79,113.0,1575.0,61.0,27.0,14.47,83.5,24.0,14.1,14.5
660.75,79,113.0,1575.0,61.0,27.0,14.47,83.5,24.0,14.1,14.5
660.931,79,113.0,1575.0,61.0,27.0,14.86,83.5,24.0,14.1,14.5
661.08,79,113.0,1575.0,61.0,27.0,14.86,83.5,24.0,14.1,14.5
661.2,79,113.0,1575.0,61.0,27.0,14.86,83.5,24.0,14.1,14.5
661.349,79,113.0,1575.0,61.0,27.0,14.86,83.5,24.0,14.1,14.5
661.499,79,113.0,1575.0,61.0,27.0,14.86,83.5,24.0,14.1,14.5
661.679,79,113.0,1575.0,61.0,27.0,14.86,83.5,24.0,14.1,14.5
661.83,79,114.0,1575.0,61.0,27.0,14.86,83.5,24.0,14.1,14.5
661.95,79,114.0,1574.0,61.0,27.0,14.86,83.5,24.0,14.1,14.5
662.159,79,114.0,1574.0,61.0,27.0,14.86,83.5,24.0,14.1,14.5
662.28,79,114.0,1574.0,61.0,27.0,14.86,83.5,24.0,14.1,14.5
662.55,79,114.0,1574.0,61.0,27.0,14.69,83.5,24.0,14.1,14.5
662.735,79,114.0,1574.0,61.0,27.0,14.69,83.5,24.0,14.1,14.5
662.851,79,114.0,1574.0,61.0,27.0,14.69,83.5,24.0,14.1,14.5
662.999,79,114.0,1574.0,61.0,27.0,14.69,83.5,24.0,14.1,14.5
663.183,79,114.0,1574.0,61.0,27.0,14.69,83.5,24.0,14.1,14.5
663.33,80,114.0,1574.0,61.0,27.0,14.69,83.5,24.0,14.1,14.5
663.45,80,114.0,1574.0,61.0,27.0,14.69,83.5,24.0,14.1,14.5
663.6,80,114.0,1574.0,61.0,27.0,14.69,83.5,24.0,14.1,14.5
663.751,80,114.0,1574.0,61.0,27.0,14.69,83.5,24.0,14.1,14.5
663.931,80,114.0,1574.0,61.0,27.0,14.69,83.5,24.0,14.1,14.5
664.08,80,114.0,1574.0,61.0,27.0,14.33,83.5,24.0,14.1,14.5
664.2,80,114.0,1574.0,61.0,27.0,14.33,83.5,24.0,14.1,14.5
664.379,80,114.0,1574.0,61.0,27.0,14.33,83.5,24.0,14.1,14.5
664.5,80,114.0,1574.0,61.0,27.0,14.33,83.5,24.0,14.1,14.5
664.68,80,114.0,1574.0,61.0,27.0,14.33,83.5,24.0,14.1,14.5
664.831,80,114.0,1574.0,61.0,27.0,14.33,83.5,24.0,14.1,14.5
664.95,80,114.0,1574.0,61.0,27.0,14.33,83.5,24.0,14.1,14.5
665.161,80,114.0,1546.0,61.0,27.0,14.33,83.5,24.0,14.1,14.5
665.28,80,114.0,1546.0,61.0,27.0,14.33,83.5,24.0,14.1,14.5
665.55,80,114.0,1546.0,61.0,27.0,14.33,83.5,24.0,14.1,14.5
665.73,80,114.0,1546.0,61.0,27.0,14.61,83.5,24.0,14.1,14.5
665.85,80,114.0,1546.0,61.0,27.0,14.61,83.5,24.0,14.1,14.5
666.0,80,114.0,1546.0,61.0,27.0,14.61,83.5,24.0,14.1,14.5
666.181,80,114.0,1546.0,61.0,27.0,14.61,83.5,24.0,14.1,14.5
666.33,80,114.0,1546.0,61.0,27.0,14.61,83.5,24.0,14.1,14.5
666.45,80,114.0,1546.0,61.0,27.0,14.61,83.5,24.0,14.1,14.5
666.6,80,116.0,1546.0,61.0,27.0,14.61,83.5,24.0,14.1,14.5
666.75,80,116.0,1501.0,61.0,27.0,14.61,83.5,24.0,14.1,14.5
666.931,80,116.0,1501.0,58.0,27.0,14.61,83.5,24.0,14.1,14.5
667.112,80,116.0,1501.0,58.0,30.0,14.61,83.5,24.0,14.1,14.5
667.29,80,116.0,1501.0,58.0,30.0,27.33,83.5,24.0,14.1,14.5
667.44,80,116.0,1501.0,58.0,30.0,27.33,83.5,24.0,14.1,14.5
667.559,80,116.0,1501.0,58.0,30.0,27.33,83.5,24.0,14.1,14.5
667.739,80,116.0,1501.0,58.0,30.0,27.33,83.5,24.0,14.1,14.5
667.92,80,116.0,1501.0,58.0,30.0,27.33,83.5,24.0,14.1,14.5
668.04,80,116.0,1501.0,58.0,30.0,27.33,83.5,24.0,14.1,14.5
668.251,80,115.0,1501.0,58.0,30.0,27.33,83.5,24.0,14.1,14.5
668.4,80,115.0,1330.0,58.0,30.0,27.33,83.5,24.0,14.1,14.5
668.61,80,115.0,1330.0,56.0,30.0,27.33,83.5,24.0,14.1,14.5
668.731,80,115.0,1330.0,56.0,30.0,27.33,83.5,24.0,14.1,14.5
668.881,80,115.0,1330.0,56.0,30.0,14.08,83.5,24.0,14.1,14.5
669.031,80,115.0,1330.0,56.0,30.0,14.08,83.5,24.0,14.1,14.5
669.151,80,115.0,1330.0,56.0,30.0,14.08,83.5,24.0,14.1,14.5
669.301,80,115.0,1330.0,56.0,30.0,14.08,83.5,24.0,14.1,14.5
669.451,80,115.0,1330.0,56.0,30.0,14.08,83.5,24.0,14.1,14.5
669.569,80,115.0,1330.0,56.0,30.0,14.08,83.5,24.0,14.1,14.5
669.719,80,107.0,1330.0,56.0,30.0,14.08,83.5,24.0,14.1,14.5
669.87,80,107.0,1490.0,56.0,30.0,14.08,83.5,24.0,14.1,14.5
669.99,80,107.0,1490.0,53.0,30.0,14.08,83.5,24.0,14.1,14.5
670.17,80,107.0,1490.0,53.0,24.0,14.08,83.5,24.0,14.1,14.5
670.319,80,107.0,1490.0,53.0,24.0,25.47,83.5,24.0,14.1,14.5
670.439,80,107.0,1490.0,53.0,24.0,25.47,83.5,24.0,14.1,14.5
670.62,80,107.0,1490.0,53.0,24.0,25.47,83.5,24.0,14.1,14.5
670.739,80,107.0,1490.0,53.0,24.0,25.47,83.5,24.0,14.1,14.5
670.89,80,107.0,1490.0,53.0,24.0,25.47,83.5,24.0,14.1,14.5
671.1,80,107.0,1490.0,53.0,24.0,25.47,83.5,24.0,14.1,14.5
671.279,80,119.0,1490.0,53.0,24.0,25.47,83.5,24.0,14.1,14.5
671.55,80,119.0,1900.0,53.0,24.0,25.47,83.5,24.0,14.1,14.5
671.671,80,119.0,1900.0,51.0,24.0,25.47,83.5,24.0,14.1,14.5
671.819,80,119.0,1900.0,51.0,30.0,25.47,83.5,24.0,14.1,14.5
671.97,80,119.0,1900.0,51.0,30.0,19.69,83.5,24.0,14.1,14.5
672.09,80,119.0,1900.0,51.0,30.0,19.69,83.5,24.0,14.1,14.5
672.24,80,119.0,1900.0,51.0,30.0,19.69,83.5,24.0,14.1,14.5
672.42,80,119.0,1900.0,51.0,30.0,19.69,83.5,24.0,31.0,14.5
672.57,80,119.0,1900.0,51.0,30.0,19.69,83.5,24.0,31.0,31.0
672.749,80,119.0,1900.0,51.0,30.0,19.69,83.5,24.0,31.0,31.0
672.87,80,116.0,1900.0,51.0,30.0,19.69,83.5,24.0,31.0,31.0
673.019,80,116.0,1885.0,51.0,30.0,19.69,83.5,24.0,31.0,31.0
673.17,80,116.0,1885.0,51.0,30.0,19.69,83.5,24.0,31.0,31.0
673.291,80,116.0,1885.0,51.0,27.0,19.69,83.5,24.0,31.0,31.0
673.469,80,116.0,1885.0,51.0,27.0,17.66,83.5,24.0,31.0,31.0
673.62,80,116.0,1885.0,51.0,27.0,17.66,83.5,24.0,31.0,31.0
673.77,80,116.0,1885.0,51.0,27.0,17.66,83.5,24.0,31.0,31.0
673.92,80,116.0,1885.0,51.0,27.0,17.66,83.5,24.0,14.1,31.0
674.04,80,116.0,1885.0,51.0,27.0,17.66,83.5,24.0,14.1,14.5
674.191,80,116.0,1885.0,51.0,27.0,17.66,83.5,24.0,14.1,14.5
674.369,80,115.0,1885.0,51.0,27.0,17.66,83.5,24.0,14.1,14.5
674.49,80,115.0,1104.0,51.0,27.0,17.66,83.5,24.0,14.1,14.5
674.702,80,115.0,1104.0,50.0,27.0,17.66,83.5,24.0,14.1,14.5
674.85,80,115.0,1104.0,50.0,26.0,17.66,83.5,24.0,14.1,14.5
674.97,80,115.0,1104.0,50.0,26.0,10.19,83.5,24.0,14.1,14.5
675.121,80,115.0,1104.0,50.0,26.0,10.19,83.5,24.0,14.1,14.5
675.27,80,115.0,1104.0,50.0,26.0,10.19,83.5,24.0,14.1,14.5
675.39,80,115.0,1104.0,50.0,26.0,10.19,83.5,24.0,22.4,14.5
675.538,80,115.0,1104.0,50.0,26.0,10.19,83.5,24.0,22.4,22.4
675.689,80,115.0,1104.0,50.0,26.0,10.19,83.5,24.0,22.4,22.4
675.869,80,102.0,1104.0,50.0,26.0,10.19,83.5,24.0,22.4,22.4
676.02,80,102.0,1264.0,50.0,26.0,10.19,83.5,24.0,22.4,22.4
676.141,80,102.0,1264.0,49.0,26.0,10.19,83.5,24.0,22.4,22.4
676.321,80,102.0,1264.0,49.0,24.0,10.19,83.5,24.0,22.4,22.4
676.68,80,102.0,1264.0,49.0,24.0,10.11,83.5,24.0,22.4,22.4
676.8,80,102.0,1264.0,49.0,24.0,10.11,83.5,24.0,22.4,22.4
676.95,80,102.0,1264.0,49.0,24.0,10.11,83.5,24.0,22.4,22.4
677.102,80,102.0,1264.0,49.0,24.0,10.11,83.5,24.0,22.4,22.4
677.25,80,102.0,1264.0,49.0,24.0,10.11,83.5,24.0,22.4,22.0
677.369,80,102.0,1264.0,49.0,24.0,10.11,83.5,24.0,22.4,22.0
677.61,80,100.0,1264.0,49.0,24.0,10.11,83.5,24.0,22.4,22.0
677.76,80,100.0,1259.0,49.0,24.0,10.11,83.5,24.0,22.4,22.0
677.88,80,100.0,1259.0,48.0,24.0,10.11,83.5,24.0,22.4,22.0
678.031,80,100.0,1259.0,48.0,24.0,10.11,83.5,24.0,22.4,22.0
678.181,80,100.0,1259.0,48.0,24.0,11.74,83.5,24.0,22.4,22.0
678.302,80,100.0,1259.0,48.0,24.0,11.74,83.5,24.0,22.4,22.0
678.451,80,100.0,1259.0,48.0,24.0,11.74,83.5,24.0,22.4,22.0
678.602,80,100.0,1259.0,48.0,24.0,11.74,83.5,24.0,32.5,22.0
678.75,80,100.0,1259.0,48.0,24.0,11.74,83.5,24.0,32.5,35.7
678.901,81,100.0,1259.0,48.0,24.0,11.74,83.5,24.0,32.5,35.7
679.05,81,109.0,1259.0,48.0,24.0,11.74,83.5,24.0,32.5,35.7
679.201,81,109.0,1284.0,48.0,24.0,11.74,83.5,24.0,32.5,35.7
679.35,81,109.0,1284.0,50.0,24.0,11.74,83.5,24.0,32.5,35.7
679.47,81,109.0,1284.0,50.0,27.0,11.74,83.5,24.0,32.5,35.7
679.59,81,109.0,1284.0,50.0,27.0,21.38,83.5,24.0,32.5,35.7
679.741,81,109.0,1284.0,50.0,27.0,21.38,83.5,24.0,32.5,35.7
679.92,81,109.0,1284.0,50.0,27.0,21.38,83.5,24.0,32.5,35.7
680.072,81,109.0,1284.0,50.0,27.0,21.38,83.5,24.0,45.1,35.7
680.311,81,109.0,1284.0,50.0,27.0,21.38,83.5,24.0,45.1,45.9
680.55,81,109.0,1284.0,50.0,27.0,21.38,83.5,24.0,45.1,45.9
680.671,81,140.0,1284.0,50.0,27.0,21.38,83.5,24.0,45.1,45.9
680.82,81,140.0,1403.0,50.0,27.0,21.38,83.5,24.0,45.1,45.9
680.97,81,140.0,1403.0,55.0,27.0,21.38,83.5,24.0,45.1,45.9
681.121,81,140.0,1403.0,55.0,29.0,21.38,83.5,24.0,45.1,45.9
681.271,81,140.0,1403.0,55.0,29.0,21.91,83.5,24.0,45.1,45.9
681.42,81,140.0,1403.0,55.0,29.0,21.91,83.5,24.0,45.1,45.9
681.54,81,140.0,1403.0,55.0,29.0,21.91,83.5,24.0,45.1,45.9
681.72,81,140.0,1403.0,55.0,29.0,21.91,83.5,24.0,32.5,45.9
681.842,81,140.0,1403.0,55.0,29.0,21.91,83.5,24.0,32.5,31.4
682.021,81,140.0,1403.0,55.0,29.0,21.91,83.5,24.0,32.5,31.4
682.17,81,119.0,1403.0,55.0,29.0,21.91,83.5,24.0,32.5,31.4
682.291,81,119.0,1484.0,55.0,29.0,21.91,83.5,24.0,32.5,31.4
682.47,81,119.0,1484.0,58.0,29.0,21.91,83.5,24.0,32.5,31.4
682.59,81,119.0,1484.0,58.0,27.0,21.91,83.5,24.0,32.5,31.4
682.77,81,119.0,1484.0,58.0,27.0,13.99,83.5,24.0,32.5,31.4
682.922,81,119.0,1484.0,58.0,27.0,13.99,83.5,24.0,32.5,31.4
683.042,81,119.0,1484.0,58.0,27.0,13.99,83.5,24.0,32.5,31.4
683.191,81,119.0,1484.0,58.0,27.0,13.99,83.5,24.0,27.1,31.4
683.343,81,119.0,1484.0,58.0,27.0,13.99,83.5,24.0,27.1,26.3
683.52,81,119.0,1484.0,58.0,27.0,13.99,83.5,24.0,27.1,26.3
683.67,81,106.0,1484.0,58.0,27.0,13.99,83.5,24.0,27.1,26.3
683.82,81,106.0,1517.0,58.0,27.0,13.99,83.5,24.0,27.1,26.3
683.97,81,106.0,1517.0,59.0,27.0,13.99,83.5,24.0,27.1,26.3
684.091,81,106.0,1517.0,59.0,26.0,13.99,83.5,24.0,27.1,26.3
684.242,81,106.0,1517.0,59.0,26.0,13.44,83.5,24.0,27.1,26.3
684.42,81,106.0,1517.0,59.0,26.0,13.44,83.5,24.0,27.1,26.3
684.54,81,106.0,1517.0,59.0,26.0,13.44,83.5,24.0,27.1,26.3
684.72,81,106.0,1517.0,59.0,26.0,13.44,83.5,24.0,26.7,26.3
684.87,81,106.0,1517.0,59.0,26.0,13.44,83.5,24.0,26.7,26.7
684.992,81,106.0,1517.0,59.0,26.0,13.44,83.5,24.0,26.7,26.7
685.17,81,106.0,1517.0,59.0,26.0,13.44,83.5,24.0,26.7,26.7
685.325,81,106.0,1553.0,59.0,26.0,13.44,83.5,24.0,26.7,26.7
685.44,81,106.0,1553.0,61.0,26.0,13.44,83.5,24.0,26.7,26.7
685.651,81,106.0,1553.0,61.0,26.0,13.44,83.5,24.0,26.7,26.7
685.802,81,106.0,1553.0,61.0,26.0,14.33,83.5,24.0,26.7,26.7
685.92,81,106.0,1553.0,61.0,26.0,14.33,83.5,24.0,26.7,26.7
686.07,81,106.0,1553.0,61.0,26.0,14.33,83.5,24.0,26.7,26.7
686.371,81,106.0,1553.0,61.0,26.0,14.33,83.5,24.0,27.8,26.7
686.49,81,106.0,1553.0,61.0,26.0,14.33,83.5,24.0,27.8,33.7
686.671,81,106.0,1553.0,61.0,26.0,14.33,83.5,24.0,27.8,33.7
686.79,81,117.0,1553.0,61.0,26.0,14.33,83.5,24.0,27.8,33.7
686.97,81,117.0,1598.0,61.0,26.0,14.33,83.5,24.0,27.8,33.7
687.121,81,117.0,1598.0,63.0,26.0,14.33,83.5,24.0,27.8,33.7
687.241,81,117.0,1598.0,63.0,27.0,14.33,83.5,24.0,27.8,33.7
687.39,81,117.0,1598.0,63.0,27.0,16.91,83.5,24.0,27.8,33.7
687.601,81,117.0,1598.0,63.0,27.0,16.91,83.5,24.0,27.8,33.7
687.72,81,117.0,1598.0,63.0,27.0,16.91,83.5,24.0,27.8,33.7
687.87,81,117.0,1598.0,63.0,27.0,16.91,83.5,24.0,37.3,33.7
688.021,81,117.0,1598.0,63.0,27.0,16.91,83.5,24.0,37.3,37.6
688.14,81,117.0,1598.0,63.0,27.0,16.91,83.5,24.0,37.3,37.6
688.29,81,133.0,1598.0,63.0,27.0,16.91,83.5,24.0,37.3,37.6
688.44,81,133.0,1659.0,63.0,27.0,16.91,83.5,24.0,37.3,37.6
688.56,81,133.0,1659.0,65.0,27.0,16.91,83.5,24.0,37.3,37.6
688.681,81,133.0,1659.0,65.0,28.0,16.91,83.5,24.0,37.3,37.6
688.831,81,133.0,1659.0,65.0,28.0,22.47,83.5,24.0,37.3,37.6
689.01,81,133.0,1659.0,65.0,28.0,22.47,83.5,24.0,37.3,37.6
689.164,81,133.0,1659.0,65.0,28.0,22.47,83.5,24.0,37.3,37.6
689.28,81,133.0,1659.0,65.0,28.0,22.47,83.5,24.0,39.6,37.6
689.461,81,133.0,1659.0,65.0,28.0,22.47,83.5,24.0,39.6,39.2
689.67,81,133.0,1659.0,65.0,28.0,22.47,83.5,24.0,39.6,39.2
689.821,81,134.0,1659.0,65.0,28.0,22.47,83.5,24.0,39.6,39.2
689.941,81,134.0,1704.0,65.0,28.0,22.47,83.5,24.0,39.6,39.2
690.09,81,134.0,1704.0,66.0,28.0,22.47,83.5,24.0,39.6,39.2
690.241,81,134.0,1704.0,66.0,29.0,22.47,83.5,24.0,39.6,39.2
690.36,81,134.0,1704.0,66.0,29.0,18.52,83.5,24.0,39.6,39.2
690.51,81,134.0,1704.0,66.0,29.0,18.52,83.5,24.0,39.6,39.2
690.63,81,134.0,1704.0,66.0,29.0,18.52,83.5,24.0,39.6,39.2
690.81,81,134.0,1704.0,66.0,29.0,18.52,83.5,24.0,34.1,39.2
690.961,81,134.0,1704.0,66.0,29.0,18.52,83.5,24.0,34.1,37.3
691.081,81,134.0,1704.0,66.0,29.0,18.52,83.5,24.0,34.1,37.3
691.26,81,122.0,1704.0,66.0,29.0,18.52,83.5,24.0,34.1,37.3
691.44,81,122.0,1700.0,66.0,29.0,18.52,83.5,24.0,34.1,37.3
691.56,81,122.0,1700.0,66.0,29.0,18.52,83.5,24.0,34.1,37.3
691.77,81,122.0,1700.0,66.0,28.0,18.52,83.5,24.0,34.1,37.3
691.92,81,122.0,1700.0,66.0,28.0,16.55,83.5,24.0,34.1,37.3
692.046,81,122.0,1700.0,66.0,28.0,16.55,83.5,24.0,34.1,37.3
692.19,81,122.0,1700.0,66.0,28.0,16.55,83.5,24.0,34.1,37.3
692.429,81,122.0,1700.0,66.0,28.0,16.55,83.5,24.0,14.1,37.3
692.609,81,122.0,1700.0,66.0,28.0,16.55,83.5,24.0,14.1,14.5
692.759,81,122.0,1700.0,66.0,28.0,16.55,83.5,24.0,14.1,14.5
692.878,81,121.0,1700.0,66.0,28.0,16.55,83.5,24.0,14.1,14.5
693.029,81,121.0,1633.0,66.0,28.0,16.55,83.5,24.0,14.1,14.5
693.208,81,121.0,1633.0,64.0,28.0,16.55,83.5,24.0,14.1,14.5
693.358,81,121.0,1633.0,64.0,29.0,16.55,83.5,24.0,14.1,14.5
693.478,81,121.0,1633.0,64.0,29.0,30.86,83.5,24.0,14.1,14.5
693.598,81,121.0,1633.0,64.0,29.0,30.86,83.5,24.0,14.1,14.5
693.748,81,121.0,1633.0,64.0,29.0,30.86,83.5,24.0,14.1,14.5
693.898,81,121.0,1633.0,64.0,29.0,30.86,83.5,24.0,14.1,14.5
694.018,81,121.0,1633.0,64.0,29.0,30.86,83.5,24.0,14.1,14.5
694.197,81,121.0,1633.0,64.0,29.0,30.86,83.5,24.0,14.1,14.5
694.347,81,119.0,1633.0,64.0,29.0,30.86,83.5,24.0,14.1,14.5
694.467,81,119.0,1566.0,64.0,29.0,30.86,83.5,24.0,14.1,14.5
694.678,81,119.0,1566.0,61.0,29.0,30.86,83.5,24.0,14.1,14.5
694.797,81,119.0,1566.0,61.0,30.0,30.86,83.5,24.0,14.1,14.5
694.948,81,119.0,1566.0,61.0,30.0,23.58,83.5,24.0,14.1,14.5
695.098,81,119.0,1566.0,61.0,30.0,23.58,83.5,24.0,14.1,14.5
695.281,81,119.0,1566.0,61.0,30.0,23.58,83.5,24.0,14.1,14.5
695.547,81,119.0,1566.0,61.0,30.0,23.58,83.5,24.0,14.1,14.5
695.728,81,119.0,1566.0,61.0,30.0,23.58,83.5,24.0,14.1,14.1
695.847,81,119.0,1566.0,61.0,30.0,23.58,83.5,24.0,14.1,14.1
695.997,81,109.0,1566.0,61.0,30.0,23.58,83.5,24.0,14.1,14.1
696.149,81,109.0,1533.0,61.0,30.0,23.58,83.5,24.0,14.1,14.1
696.268,81,109.0,1533.0,60.0,30.0,23.58,83.5,24.0,14.1,14.1
696.449,81,109.0,1533.0,60.0,25.0,23.58,83.5,24.0,14.1,14.1
696.567,81,109.0,1533.0,60.0,25.0,14.69,83.5,24.0,14.1,14.1
696.777,81,109.0,1533.0,60.0,25.0,14.69,83.5,24.0,14.1,14.1
696.931,81,109.0,1533.0,60.0,25.0,14.69,83.5,24.0,14.1,14.1
697.048,81,109.0,1533.0,60.0,25.0,14.69,83.5,24.0,14.1,14.1
697.2,81,109.0,1533.0,60.0,25.0,14.69,83.5,24.0,14.1,14.5
697.347,82,109.0,1533.0,60.0,25.0,14.69,83.5,24.0,14.1,14.5
697.468,82,114.0,1533.0,60.0,25.0,14.69,83.5,24.0,14.1,14.5
697.617,82,114.0,1528.0,60.0,25.0,14.69,83.5,24.0,14.1,14.5
697.797,82,114.0,1528.0,59.0,25.0,14.69,83.5,24.0,14.1,14.5
697.95,82,114.0,1528.0,59.0,26.0,14.69,83.5,24.0,14.1,14.5
698.068,82,114.0,1528.0,59.0,26.0,14.94,83.5,24.0,14.1,14.5
698.217,82,114.0,1528.0,59.0,26.0,14.94,83.5,24.0,14.1,14.5
698.367,82,114.0,1528.0,59.0,26.0,14.94,83.5,24.0,14.1,14.5
698.547,82,114.0,1528.0,59.0,26.0,14.94,83.5,24.0,14.1,14.5
698.667,82,114.0,1528.0,59.0,26.0,14.94,83.5,24.0,14.1,14.5
698.817,82,114.0,1528.0,59.0,26.0,14.94,83.5,24.0,14.1,14.5
698.997,82,116.0,1528.0,59.0,26.0,14.94,83.5,24.0,14.1,14.5
699.147,82,116.0,1528.0,59.0,26.0,14.94,83.5,24.0,14.1,14.5
699.267,82,116.0,1528.0,60.0,26.0,14.94,83.5,24.0,14.1,14.5
699.447,82,116.0,1528.0,60.0,26.0,14.94,83.5,24.0,14.1,14.5
699.567,82,116.0,1528.0,60.0,26.0,14.99,83.5,24.0,14.1,14.5
699.78,82,116.0,1528.0,60.0,26.0,14.99,83.5,24.0,14.1,14.5
699.897,82,116.0,1528.0,60.0,26.0,14.99,83.5,24.0,14.1,14.5
700.048,82,116.0,1528.0,60.0,26.0,14.99,83.5,24.0,14.1,14.5
700.197,82,116.0,1528.0,60.0,26.0,14.99,83.5,24.0,14.1,14.5
700.378,82,116.0,1528.0,60.0,26.0,14.99,83.5,24.0,14.1,14.5
700.497,82,118.0,1528.0,60.0,26.0,14.99,83.5,24.0,14.1,14.5
700.618,82,118.0,1531.0,60.0,26.0,14.99,83.5,24.0,14.1,14.5
700.797,82,118.0,1531.0,60.0,26.0,14.99,83.5,24.0,14.1,14.5
700.948,82,118.0,1531.0,60.0,27.0,14.99,83.5,24.0,14.1,14.5
701.067,82,118.0,1531.0,60.0,27.0,15.24,83.5,24.0,14.1,14.5
701.217,82,118.0,1531.0,60.0,27.0,15.24,83.5,24.0,14.1,14.5
701.397,82,118.0,1531.0,60.0,27.0,15.24,83.5,24.0,14.1,14.5
701.578,82,118.0,1531.0,60.0,27.0,15.24,83.5,24.0,14.1,14.5
701.727,82,118.0,1531.0,60.0,27.0,15.24,83.5,24.0,14.1,14.5
701.877,82,118.0,1531.0,60.0,27.0,15.24,83.5,24.0,14.1,14.5
701.997,82,118.0,1531.0,60.0,27.0,15.24,83.5,24.0,14.1,14.5
702.148,82,118.0,1542.0,60.0,27.0,15.24,83.5,24.0,14.1,14.5
702.297,82,118.0,1542.0,60.0,27.0,15.24,83.5,24.0,14.1,14.5
702.417,82,118.0,1542.0,60.0,27.0,15.24,83.5,24.0,14.1,14.5
702.727,82,118.0,1542.0,60.0,27.0,15.47,83.5,24.0,14.1,14.5
702.867,82,118.0,1542.0,60.0,27.0,15.47,83.5,24.0,14.1,14.5
702.989,82,118.0,1542.0,60.0,27.0,15.47,83.5,24.0,14.1,14.5
703.137,82,118.0,1542.0,60.0,27.0,15.47,83.5,24.0,14.1,14.5
703.291,82,118.0,1542.0,60.0,27.0,15.47,83.5,24.0,14.1,14.5
703.408,82,118.0,1542.0,60.0,27.0,15.47,83.5,24.0,14.1,14.5
703.557,82,118.0,1542.0,60.0,27.0,15.47,83.5,24.0,14.1,14.5
703.707,82,118.0,1544.0,60.0,27.0,15.47,83.5,24.0,14.1,14.5
703.888,82,118.0,1544.0,60.0,27.0,15.47,83.5,24.0,14.1,14.5
704.04,82,118.0,1544.0,60.0,27.0,15.47,83.5,24.0,14.1,14.5
704.158,82,118.0,1544.0,60.0,27.0,15.63,83.5,24.0,14.1,14.5
704.324,82,118.0,1544.0,60.0,27.0,15.63,83.5,24.0,14.1,14.5
704.487,82,118.0,1544.0,60.0,27.0,15.63,83.5,24.0,14.1,14.5
704.607,82,118.0,1544.0,60.0,27.0,15.63,83.5,24.0,14.1,14.5
704.787,82,118.0,1544.0,60.0,27.0,15.63,83.5,24.0,14.1,14.5
704.907,82,118.0,1544.0,60.0,27.0,15.63,83.5,24.0,14.1,14.5
705.088,82,118.0,1544.0,60.0,27.0,15.63,83.5,24.0,14.1,14.5
705.239,82,118.0,1551.0,60.0,27.0,15.63,83.5,24.0,14.1,14.5
705.357,82,118.0,1551.0,60.0,27.0,15.63,83.5,24.0,14.1,14.5
705.507,82,118.0,1551.0,60.0,27.0,15.63,83.5,24.0,14.1,14.5
705.658,82,118.0,1551.0,60.0,27.0,15.72,83.5,24.0,14.1,14.5
705.837,82,118.0,1551.0,60.0,27.0,15.72,83.5,24.0,14.1,14.5
705.988,82,118.0,1551.0,60.0,27.0,15.72,83.5,24.0,14.1,14.5
706.108,82,118.0,1551.0,60.0,27.0,15.72,83.5,24.0,14.1,14.5
706.257,82,118.0,1551.0,60.0,27.0,15.72,83.5,24.0,14.1,14.5
706.437,82,118.0,1551.0,60.0,27.0,15.72,83.5,24.0,14.1,14.5
706.558,82,118.0,1551.0,60.0,27.0,15.72,83.5,24.0,14.1,14.5
706.738,82,118.0,1556.0,60.0,27.0,15.72,83.5,24.0,14.1,14.5
706.888,82,118.0,1556.0,60.0,27.0,15.72,83.5,24.0,14.1,14.5
707.038,82,118.0,1556.0,60.0,27.0,15.72,83.5,24.0,14.1,14.5
707.157,82,118.0,1556.0,60.0,27.0,15.61,83.5,24.0,14.1,14.5
707.307,82,118.0,1556.0,60.0,27.0,15.61,83.5,24.0,14.1,14.5
707.517,82,118.0,1556.0,60.0,27.0,15.61,83.5,24.0,14.1,14.5
707.637,82,118.0,1556.0,60.0,27.0,15.61,83.5,24.0,14.1,14.5
707.817,82,118.0,1556.0,60.0,27.0,15.61,83.5,24.0,14.1,14.5
707.969,82,118.0,1556.0,60.0,27.0,15.61,83.5,24.0,14.1,14.5
708.088,82,118.0,1556.0,60.0,27.0,15.61,83.5,24.0,14.1,14.5
708.237,82,118.0,1559.0,60.0,27.0,15.61,83.5,24.0,14.1,14.5
708.388,82,118.0,1559.0,61.0,27.0,15.61,83.5,24.0,14.1,14.5
708.507,82,118.0,1559.0,61.0,27.0,15.61,83.5,24.0,14.1,14.5
708.688,82,118.0,1559.0,61.0,27.0,17.44,83.5,24.0,14.1,14.5
708.839,82,118.0,1559.0,61.0,27.0,17.44,83.5,24.0,14.1,14.5
708.957,82,118.0,1559.0,61.0,27.0,17.44,83.5,24.0,14.1,14.5
709.107,82,118.0,1559.0,61.0,27.0,17.44,83.5,24.0,43.1,14.5
709.287,82,118.0,1559.0,61.0,27.0,17.44,83.5,24.0,43.1,43.5
709.437,82,118.0,1559.0,61.0,27.0,17.44,83.5,24.0,43.1,43.5
709.558,82,143.0,1559.0,61.0,27.0,17.44,83.5,24.0,43.1,43.5
709.707,82,143.0,1603.0,61.0,27.0,17.44,83.5,24.0,43.1,43.5
709.858,82,143.0,1603.0,62.0,27.0,17.44,83.5,24.0,43.1,43.5
710.037,82,143.0,1603.0,62.0,29.0,17.44,83.5,24.0,43.1,43.5
710.188,82,143.0,1603.0,62.0,29.0,26.69,83.5,24.0,43.1,43.5
710.337,82,143.0,1603.0,62.0,29.0,26.69,83.5,24.0,43.1,43.5
710.517,82,143.0,1603.0,62.0,29.0,26.69,83.5,24.0,43.1,43.5
710.637,82,143.0,1603.0,62.0,29.0,26.69,83.5,24.0,44.7,43.5
710.787,82,143.0,1603.0,62.0,29.0,26.69,83.5,24.0,44.7,47.1
710.907,82,143.0,1603.0,62.0,29.0,26.69,83.5,24.0,44.7,47.1
711.057,82,168.0,1603.0,62.0,29.0,26.69,83.5,24.0,44.7,47.1
711.237,82,168.0,1675.0,62.0,29.0,26.69,83.5,24.0,44.7,47.1
711.387,82,168.0,1675.0,66.0,29.0,26.69,83.5,24.0,44.7,47.1
711.508,82,168.0,1675.0,66.0,30.0,26.69,83.5,24.0,44.7,47.1
711.747,82,168.0,1675.0,66.0,30.0,46.61,83.5,24.0,44.7,47.1
711.897,82,168.0,1675.0,66.0,30.0,46.61,83.5,24.0,44.7,47.1
712.019,82,168.0,1675.0,66.0,30.0,46.61,83.5,24.0,44.7,47.1
712.168,82,168.0,1675.0,66.0,30.0,46.61,83.5,24.0,14.1,47.1
712.317,82,168.0,1675.0,66.0,30.0,46.61,83.5,24.0,14.1,14.5
712.437,82,168.0,1675.0,66.0,30.0,46.61,83.5,24.0,14.1,14.5
712.588,82,111.0,1675.0,66.0,30.0,46.61,83.5,24.0,14.1,14.5
712.707,82,111.0,1454.0,66.0,30.0,46.61,83.5,24.0,14.1,14.5
712.917,82,111.0,1454.0,67.0,30.0,46.61,83.5,24.0,14.1,14.5
713.069,82,111.0,1454.0,67.0,27.0,46.61,83.5,24.0,14.1,14.5
713.188,82,111.0,1454.0,67.0,27.0,25.8,83.5,24.0,14.1,14.5
713.337,82,111.0,1454.0,67.0,27.0,25.8,83.5,24.0,14.1,14.5
713.487,82,111.0,1454.0,67.0,27.0,25.8,83.5,24.0,14.1,14.5
713.757,82,111.0,1454.0,67.0,27.0,25.8,83.5,24.0,59.6,14.5
713.968,82,111.0,1454.0,67.0,27.0,25.8,83.5,24.0,59.6,63.5
714.088,83,111.0,1454.0,67.0,27.0,25.8,83.5,24.0,59.6,63.5
714.237,83,159.0,1454.0,67.0,27.0,25.8,83.5,24.0,59.6,63.5
714.388,83,159.0,1423.0,67.0,27.0,25.8,83.5,24.0,59.6,63.5
714.507,83,159.0,1423.0,70.0,27.0,25.8,83.5,24.0,59.6,63.5
714.777,83,159.0,1423.0,70.0,29.0,25.8,83.5,24.0,59.6,63.5
714.928,83,159.0,1423.0,70.0,29.0,41.41,83.5,24.0,59.6,63.5
715.049,83,159.0,1423.0,70.0,29.0,41.41,83.5,24.0,59.6,63.5
715.197,83,159.0,1423.0,70.0,29.0,41.41,83.5,24.0,59.6,63.5
715.407,83,159.0,1423.0,70.0,29.0,41.41,83.5,24.0,65.1,63.5
715.647,83,159.0,1423.0,70.0,29.0,41.41,83.5,24.0,65.1,65.5
715.797,83,159.0,1423.0,70.0,29.0,41.41,83.5,24.0,65.1,65.5
715.949,83,220.0,1423.0,70.0,29.0,41.41,83.5,24.0,65.1,65.5
716.129,83,220.0,1555.0,70.0,29.0,41.41,83.5,24.0,65.1,65.5
716.278,83,220.0,1555.0,77.0,29.0,41.41,83.5,24.0,65.1,65.5
716.397,83,220.0,1555.0,77.0,31.0,41.41,83.5,24.0,65.1,65.5
716.697,83,220.0,1555.0,77.0,31.0,52.49,83.5,24.0,65.1,65.5
716.848,83,220.0,1555.0,77.0,31.0,52.49,83.5,24.0,65.1,65.5
716.998,83,220.0,1555.0,77.0,31.0,52.49,83.5,24.0,65.1,65.5
717.178,83,220.0,1555.0,77.0,31.0,52.49,83.5,24.0,14.1,65.5
717.328,83,220.0,1555.0,77.0,31.0,52.49,83.5,24.0,14.1,15.7
717.447,83,220.0,1555.0,77.0,31.0,52.49,83.5,24.0,14.1,15.7
717.628,83,121.0,1555.0,77.0,31.0,52.49,83.5,24.0,14.1,15.7
717.777,83,121.0,1341.0,77.0,31.0,52.49,83.5,24.0,14.1,15.7
717.928,83,121.0,1341.0,80.0,31.0,52.49,83.5,24.0,14.1,15.7
718.078,83,121.0,1341.0,80.0,30.0,52.49,83.5,24.0,14.1,15.7
718.257,83,121.0,1341.0,80.0,30.0,29.02,83.5,24.0,14.1,15.7
718.378,83,121.0,1341.0,80.0,30.0,29.02,83.5,24.0,14.1,15.7
718.528,83,121.0,1341.0,80.0,30.0,29.02,83.5,24.0,14.1,15.7
718.649,83,121.0,1341.0,80.0,30.0,29.02,83.5,24.0,49.4,15.7
718.829,83,121.0,1341.0,80.0,30.0,29.02,83.5,24.0,49.4,50.2
718.948,83,121.0,1341.0,80.0,30.0,29.02,83.5,24.0,49.4,50.2
719.097,83,161.0,1341.0,80.0,30.0,29.02,83.5,24.0,49.4,50.2
719.278,83,161.0,1376.0,80.0,30.0,29.02,83.5,24.0,49.4,50.2
719.428,83,161.0,1376.0,81.0,30.0,29.02,83.5,24.0,49.4,50.2
719.547,83,161.0,1376.0,81.0,28.0,29.02,83.5,24.0,49.4,50.2
719.698,83,161.0,1376.0,81.0,28.0,35.8,83.5,24.0,49.4,50.2
719.878,83,161.0,1376.0,81.0,28.0,35.8,83.5,24.0,49.4,50.2
719.997,83,161.0,1376.0,81.0,28.0,35.8,83.5,24.0,49.4,50.2
720.177,83,161.0,1376.0,81.0,28.0,35.8,83.5,24.0,48.6,50.2
720.327,83,161.0,1376.0,81.0,28.0,35.8,83.5,24.0,48.6,47.8
720.449,83,161.0,1376.0,81.0,28.0,35.8,83.5,24.0,48.6,47.8
720.597,83,174.0,1376.0,81.0,28.0,35.8,83.5,24.0,48.6,47.8
720.748,83,174.0,1417.0,81.0,28.0,35.8,83.5,24.0,48.6,47.8
720.897,83,174.0,1417.0,84.0,28.0,35.8,83.5,24.0,48.6,47.8
721.077,83,174.0,1417.0,84.0,28.0,35.8,83.5,24.0,48.6,47.8
721.23,83,174.0,1417.0,84.0,28.0,29.8,83.5,24.0,48.6,47.8
721.347,83,174.0,1417.0,84.0,28.0,29.8,83.5,24.0,48.6,47.8
721.527,83,174.0,1417.0,84.0,28.0,29.8,83.5,24.0,48.6,47.8
721.649,83,174.0,1417.0,84.0,28.0,29.8,83.5,24.0,44.7,47.8
721.857,83,174.0,1417.0,84.0,28.0,29.8,83.5,24.0,44.7,43.9
721.978,83,174.0,1417.0,84.0,28.0,29.8,83.5,24.0,44.7,43.9
722.129,83,152.0,1417.0,84.0,28.0,29.8,83.5,24.0,44.7,43.9
722.278,83,152.0,1448.0,84.0,28.0,29.8,83.5,24.0,44.7,43.9
722.397,83,152.0,1448.0,86.0,28.0,29.8,83.5,24.0,44.7,43.9
722.577,83,152.0,1448.0,86.0,27.0,29.8,83.5,24.0,44.7,43.9
722.697,83,152.0,1448.0,86.0,27.0,22.33,83.5,24.0,44.7,43.9
722.877,83,152.0,1448.0,86.0,27.0,22.33,83.5,24.0,44.7,43.9
723.028,83,152.0,1448.0,86.0,27.0,22.33,83.5,24.0,44.7,43.9
723.148,83,152.0,1448.0,86.0,27.0,22.33,83.5,24.0,42.4,43.9
723.329,83,152.0,1448.0,86.0,27.0,22.33,83.5,24.0,42.4,43.9
723.477,84,152.0,1448.0,86.0,27.0,22.33,83.5,24.0,42.4,43.9
723.597,84,144.0,1448.0,86.0,27.0,22.33,83.5,24.0,42.4,43.9
723.777,84,144.0,1463.0,86.0,27.0,22.33,83.5,24.0,42.4,43.9
723.927,84,144.0,1463.0,86.0,27.0,22.33,83.5,24.0,42.4,43.9
724.078,84,144.0,1463.0,86.0,26.0,22.33,83.5,24.0,42.4,43.9
724.197,84,144.0,1463.0,86.0,26.0,26.66,83.5,24.0,42.4,43.9
724.377,84,144.0,1463.0,86.0,26.0,26.66,83.5,24.0,42.4,43.9
724.528,84,144.0,1463.0,86.0,26.0,26.66,83.5,24.0,42.4,43.9
724.648,84,144.0,1463.0,86.0,26.0,26.66,83.5,24.0,44.3,43.9
724.827,84,144.0,1463.0,86.0,26.0,26.66,83.5,24.0,44.3,45.1
724.95,84,144.0,1463.0,86.0,26.0,26.66,83.5,24.0,44.3,45.1
725.128,84,157.0,1463.0,86.0,26.0,26.66,83.5,24.0,44.3,45.1
725.277,84,157.0,1478.0,86.0,26.0,26.66,83.5,24.0,44.3,45.1
725.397,84,157.0,1478.0,87.0,26.0,26.66,83.5,24.0,44.3,45.1
725.547,84,157.0,1478.0,87.0,27.0,26.66,83.5,24.0,44.3,45.1
725.727,84,157.0,1478.0,87.0,27.0,27.24,83.5,24.0,44.3,45.1
725.847,84,157.0,1478.0,87.0,27.0,27.24,83.5,24.0,44.3,45.1
725.997,84,157.0,1478.0,87.0,27.0,27.24,83.5,24.0,44.3,45.1
726.177,84,157.0,1478.0,87.0,27.0,27.24,83.5,24.0,43.5,45.1
726.328,84,157.0,1478.0,87.0,27.0,27.24,83.5,24.0,43.5,44.3
726.448,84,157.0,1478.0,87.0,27.0,27.24,83.5,24.0,43.5,44.3
726.628,84,151.0,1478.0,87.0,27.0,27.24,83.5,24.0,43.5,44.3
726.777,84,151.0,1491.0,87.0,27.0,27.24,83.5,24.0,43.5,44.3
726.928,84,151.0,1491.0,88.0,27.0,27.24,83.5,24.0,43.5,44.3
727.078,84,151.0,1491.0,88.0,27.0,27.24,83.5,24.0,43.5,44.3
727.197,84,151.0,1491.0,88.0,27.0,29.69,83.5,24.0,43.5,44.3
727.347,84,151.0,1491.0,88.0,27.0,29.69,83.5,24.0,43.5,44.3
727.527,84,151.0,1491.0,88.0,27.0,29.69,83.5,24.0,43.5,44.3
727.647,84,151.0,1491.0,88.0,27.0,29.69,83.5,24.0,47.1,44.3
727.857,84,151.0,1491.0,88.0,27.0,29.69,83.5,24.0,47.1,47.8
727.978,84,151.0,1491.0,88.0,27.0,29.69,83.5,24.0,47.1,47.8
728.128,84,176.0,1491.0,88.0,27.0,29.69,83.5,24.0,47.1,47.8
728.29,84,176.0,1521.0,88.0,27.0,29.69,83.5,24.0,47.1,47.8
728.457,84,176.0,1521.0,90.0,27.0,29.69,83.5,24.0,47.1,47.8
728.578,84,176.0,1521.0,90.0,28.0,29.69,83.5,24.0,47.1,47.8
728.848,84,176.0,1521.0,90.0,28.0,33.63,83.5,24.0,47.1,47.8
729.028,84,176.0,1521.0,90.0,28.0,33.63,83.5,24.0,47.1,47.8
729.148,84,176.0,1521.0,90.0,28.0,33.63,83.5,24.0,47.1,47.8
729.305,84,176.0,1521.0,90.0,28.0,33.63,83.5,24.0,45.5,47.8
729.478,84,176.0,1521.0,90.0,28.0,33.63,83.5,24.0,45.5,45.9
729.658,85,176.0,1521.0,90.0,28.0,33.63,83.5,24.0,45.5,45.9
729.777,85,165.0,1521.0,90.0,28.0,33.63,83.5,24.0,45.5,45.9
729.928,85,165.0,1547.0,90.0,28.0,33.63,83.5,24.0,45.5,45.9
730.078,85,165.0,1547.0,92.0,28.0,33.63,83.5,24.0,45.5,45.9
730.197,85,165.0,1547.0,92.0,28.0,33.63,83.5,24.0,45.5,45.9
730.347,85,165.0,1547.0,92.0,28.0,23.27,83.5,24.0,45.5,45.9
730.558,85,165.0,1547.0,92.0,28.0,23.27,83.5,24.0,45.5,45.9
730.678,85,165.0,1547.0,92.0,28.0,23.27,83.5,24.0,45.5,45.9
730.828,85,165.0,1547.0,92.0,28.0,23.27,83.5,24.0,40.4,45.9
730.979,85,165.0,1547.0,92.0,28.0,23.27,83.5,24.0,40.4,40.8
731.157,85,165.0,1547.0,92.0,28.0,23.27,83.5,24.0,40.4,40.8
731.307,85,132.0,1547.0,92.0,28.0,23.27,83.5,24.0,40.4,40.8
731.427,85,132.0,1556.0,92.0,28.0,23.27,83.5,24.0,40.4,40.8
731.577,85,132.0,1556.0,92.0,28.0,23.27,83.5,24.0,40.4,40.8
731.727,85,132.0,1556.0,92.0,25.0,23.27,83.5,24.0,40.4,40.8
731.909,85,132.0,1556.0,92.0,25.0,18.24,83.5,24.0,40.4,40.8
732.058,85,132.0,1556.0,92.0,25.0,18.24,83.5,24.0,40.4,40.8
732.177,85,132.0,1556.0,92.0,25.0,18.24,83.5,24.0,40.4,40.8
732.327,85,132.0,1556.0,92.0,25.0,18.24,83.5,24.0,34.9,40.8
732.478,85,132.0,1556.0,92.0,25.0,18.24,83.5,24.0,34.9,35.3
732.658,85,132.0,1556.0,92.0,25.0,18.24,83.5,24.0,34.9,35.3
732.777,85,120.0,1556.0,92.0,25.0,18.24,83.5,24.0,34.9,35.3
732.928,85,120.0,1555.0,92.0,25.0,18.24,83.5,24.0,34.9,35.3
733.077,85,120.0,1555.0,92.0,25.0,18.24,83.5,24.0,34.9,35.3
733.197,85,120.0,1555.0,92.0,24.0,18.24,83.5,24.0,34.9,35.3
733.377,85,120.0,1555.0,92.0,24.0,16.69,83.5,24.0,34.9,35.3
733.528,85,120.0,1555.0,92.0,24.0,16.69,83.5,24.0,34.9,35.3
733.648,85,120.0,1555.0,92.0,24.0,16.69,83.5,24.0,34.9,35.3
733.798,85,120.0,1555.0,92.0,24.0,16.69,83.5,24.0,32.9,35.3
733.948,85,120.0,1555.0,92.0,24.0,16.69,83.5,24.0,32.9,33.3
734.097,85,120.0,1555.0,92.0,24.0,16.69,83.5,24.0,32.9,33.3
734.218,85,115.0,1555.0,92.0,24.0,16.69,83.5,24.0,32.9,33.3
734.397,85,115.0,1550.0,92.0,24.0,16.69,83.5,24.0,32.9,33.3
734.548,85,115.0,1550.0,92.0,24.0,16.69,83.5,24.0,32.9,33.3
734.668,85,115.0,1550.0,92.0,24.0,16.69,83.5,24.0,32.9,33.3
734.937,85,115.0,1550.0,92.0,24.0,16.33,83.5,24.0,32.9,33.3
735.117,85,115.0,1550.0,92.0,24.0,16.33,83.5,24.0,32.9,33.3
735.268,85,115.0,1550.0,92.0,24.0,16.33,83.5,24.0,32.9,33.3
735.387,85,115.0,1550.0,92.0,24.0,16.33,83.5,24.0,32.5,33.3
735.537,85,115.0,1550.0,92.0,24.0,16.33,83.5,24.0,32.5,31.4
735.837,86,115.0,1550.0,92.0,24.0,16.33,83.5,24.0,32.5,31.4
736.017,86,114.0,1550.0,92.0,24.0,16.33,83.5,24.0,32.5,31.4
736.137,86,114.0,1541.0,92.0,24.0,16.33,83.5,24.0,32.5,31.4
736.295,86,114.0,1541.0,91.0,24.0,16.33,83.5,24.0,32.5,31.4
736.468,86,114.0,1541.0,91.0,25.0,16.33,83.5,24.0,32.5,31.4
736.617,86,114.0,1541.0,91.0,25.0,14.61,83.5,24.0,32.5,31.4
736.737,86,114.0,1541.0,91.0,25.0,14.61,83.5,24.0,32.5,31.4
736.918,86,114.0,1541.0,91.0,25.0,14.61,83.5,24.0,32.5,31.4
737.037,86,114.0,1541.0,91.0,25.0,14.61,83.5,24.0,14.1,31.4
737.217,86,114.0,1541.0,91.0,25.0,14.61,83.5,24.0,14.1,14.5
737.368,86,114.0,1541.0,91.0,25.0,14.61,83.5,24.0,14.1,14.5
737.487,86,118.0,1541.0,91.0,25.0,14.61,83.5,24.0,14.1,14.5
737.637,86,118.0,1511.0,91.0,25.0,14.61,83.5,24.0,14.1,14.5
737.788,86,118.0,1511.0,89.0,25.0,14.61,83.5,24.0,14.1,14.5
737.968,86,118.0,1511.0,89.0,26.0,14.61,83.5,24.0,14.1,14.5
738.117,86,118.0,1511.0,89.0,26.0,22.13,83.5,24.0,14.1,14.5
738.268,86,118.0,1511.0,89.0,26.0,22.13,83.5,24.0,14.1,14.5
738.448,86,118.0,1511.0,89.0,26.0,22.13,83.5,24.0,14.1,14.5
738.568,86,118.0,1511.0,89.0,26.0,22.13,83.5,24.0,25.1,14.5
738.838,86,118.0,1511.0,89.0,26.0,22.13,83.5,24.0,25.1,25.1
739.017,86,118.0,1511.0,89.0,26.0,22.13,83.5,24.0,25.1,25.1
739.137,86,107.0,1511.0,89.0,26.0,22.13,83.5,24.0,25.1,25.1
739.304,86,107.0,1483.0,89.0,26.0,22.13,83.5,24.0,25.1,25.1
739.468,86,107.0,1483.0,88.0,26.0,22.13,83.5,24.0,25.1,25.1
739.617,86,107.0,1483.0,88.0,24.0,22.13,83.5,24.0,25.1,25.1
739.738,86,107.0,1483.0,88.0,24.0,12.38,83.5,24.0,25.1,25.1
739.977,86,107.0,1483.0,88.0,24.0,12.38,83.5,24.0,25.1,25.1
740.097,86,107.0,1483.0,88.0,24.0,12.38,83.5,24.0,25.1,25.1
740.248,86,107.0,1483.0,88.0,24.0,12.38,83.5,24.0,24.7,25.1
740.397,86,107.0,1483.0,88.0,24.0,12.38,83.5,24.0,24.7,24.7
740.518,86,107.0,1483.0,88.0,24.0,12.38,83.5,24.0,24.7,24.7
740.668,86,102.0,1483.0,88.0,24.0,12.38,83.5,24.0,24.7,24.7
740.937,86,102.0,1467.0,88.0,24.0,12.38,83.5,24.0,24.7,24.7
741.148,86,102.0,1467.0,87.0,24.0,12.38,83.5,24.0,24.7,24.7
741.272,86,102.0,1467.0,87.0,24.0,12.38,83.5,24.0,24.7,24.7
741.417,86,102.0,1467.0,87.0,24.0,11.63,83.5,24.0,24.7,24.7
741.568,86,102.0,1467.0,87.0,24.0,11.63,83.5,24.0,24.7,24.7
741.688,86,102.0,1467.0,87.0,24.0,11.63,83.5,24.0,24.7,24.7
741.898,86,102.0,1467.0,87.0,24.0,11.63,83.5,24.0,23.5,24.7
742.017,86,102.0,1467.0,87.0,24.0,11.63,83.5,24.0,23.5,14.5
742.168,87,102.0,1467.0,87.0,24.0,11.63,83.5,24.0,23.5,14.5
742.318,87,103.0,1467.0,87.0,24.0,11.63,83.5,24.0,23.5,14.5
742.437,87,103.0,1435.0,87.0,24.0,11.63,83.5,24.0,23.5,14.5
742.618,87,103.0,1435.0,85.0,24.0,11.63,83.5,24.0,23.5,14.5
742.737,87,103.0,1435.0,85.0,24.0,11.63,83.5,24.0,23.5,14.5
742.951,87,103.0,1435.0,85.0,24.0,14.22,83.5,24.0,23.5,14.5
743.098,87,103.0,1435.0,85.0,24.0,14.22,83.5,24.0,23.5,14.5
743.218,87,103.0,1435.0,85.0,24.0,14.22,83.5,24.0,23.5,14.5
743.368,87,103.0,1435.0,85.0,24.0,14.22,83.5,24.0,14.1,14.5
743.518,87,103.0,1435.0,85.0,24.0,14.22,83.5,24.0,14.1,16.5
743.668,87,103.0,1435.0,85.0,24.0,14.22,83.5,24.0,14.1,16.5
743.818,87,113.0,1435.0,85.0,24.0,14.22,83.5,24.0,14.1,16.5
743.937,87,113.0,1427.0,85.0,24.0,14.22,83.5,24.0,14.1,16.5
744.149,87,113.0,1427.0,82.0,24.0,14.22,83.5,24.0,14.1,16.5
744.299,87,113.0,1427.0,82.0,28.0,14.22,83.5,24.0,14.1,16.5
744.418,87,113.0,1427.0,82.0,28.0,11.3,83.5,24.0,14.1,16.5
744.628,87,113.0,1427.0,82.0,28.0,11.3,83.5,24.0,14.1,16.5
744.868,87,113.0,1427.0,82.0,28.0,11.3,83.5,24.0,14.1,16.5
744.989,87,113.0,1427.0,82.0,28.0,11.3,83.5,24.0,28.6,16.5
745.139,87,113.0,1427.0,82.0,28.0,11.3,83.5,24.0,28.6,23.9
745.289,87,113.0,1427.0,82.0,28.0,11.3,83.5,24.0,28.6,23.9
745.408,87,106.0,1427.0,82.0,28.0,11.3,83.5,24.0,28.6,23.9
745.558,87,106.0,1367.0,82.0,28.0,11.3,83.5,24.0,28.6,23.9
745.737,87,106.0,1367.0,81.0,28.0,11.3,83.5,24.0,28.6,23.9
745.887,87,106.0,1367.0,81.0,24.0,11.3,83.5,24.0,28.6,23.9
746.038,87,106.0,1367.0,81.0,24.0,11.02,83.5,24.0,28.6,23.9
746.19,87,106.0,1367.0,81.0,24.0,11.02,83.5,24.0,28.6,23.9
746.311,87,106.0,1367.0,81.0,24.0,11.02,83.5,23.0,28.6,23.9
746.459,87,106.0,1367.0,81.0,24.0,11.02,83.5,23.0,21.2,23.9
746.637,87,106.0,1367.0,81.0,24.0,11.02,83.5,23.0,21.2,19.2
746.728,87,106.0,1367.0,81.0,24.0,11.02,83.5,23.0,21.2,19.2
746.817,87,102.0,1367.0,81.0,24.0,11.02,83.5,23.0,21.2,19.2
746.909,87,102.0,1330.0,81.0,24.0,11.02,83.5,23.0,21.2,19.2
746.998,87,102.0,1330.0,79.0,24.0,11.02,83.5,23.0,21.2,19.2
747.118,87,102.0,1330.0,79.0,24.0,11.02,83.5,23.0,21.2,19.2
747.208,87,102.0,1330.0,79.0,24.0,11.66,83.5,23.0,21.2,19.2
747.327,87,102.0,1330.0,79.0,24.0,11.66,83.5,23.0,21.2,19.2
747.418,87,102.0,1330.0,79.0,24.0,11.66,83.5,23.0,21.2,19.2
747.508,87,102.0,1330.0,79.0,24.0,11.66,83.5,23.0,20.0,19.2
747.598,87,102.0,1330.0,79.0,24.0,11.66,83.5,23.0,20.0,20.4
747.69,87,102.0,1330.0,79.0,24.0,11.66,83.5,23.0,20.0,20.4
747.898,87,109.0,1330.0,79.0,24.0,11.66,83.5,23.0,20.0,20.4
748.018,87,109.0,1297.0,79.0,24.0,11.66,83.5,23.0,20.0,20.4
748.109,87,109.0,1297.0,76.0,24.0,11.66,83.5,23.0,20.0,20.4
748.228,87,109.0,1297.0,76.0,25.0,11.66,83.5,23.0,20.0,20.4
748.317,87,109.0,1297.0,76.0,25.0,17.38,83.5,23.0,20.0,20.4
748.438,87,109.0,1297.0,76.0,25.0,17.38,83.5,23.0,20.0,20.4
748.528,87,109.0,1297.0,76.0,25.0,17.38,83.5,23.0,20.0,20.4
748.65,87,109.0,1297.0,76.0,25.0,17.38,83.5,23.0,23.1,20.4
748.768,87,109.0,1297.0,76.0,25.0,17.38,83.5,23.0,23.1,23.9
748.859,87,109.0,1297.0,76.0,25.0,17.38,83.5,23.0,23.1,23.9
748.978,87,111.0,1297.0,76.0,25.0,17.38,83.5,23.0,23.1,23.9
749.068,87,111.0,1268.0,76.0,25.0,17.38,83.5,23.0,23.1,23.9
749.189,87,111.0,1268.0,75.0,25.0,17.38,83.5,23.0,23.1,23.9
749.278,87,111.0,1268.0,75.0,25.0,17.38,83.5,23.0,23.1,23.9
749.398,87,111.0,1268.0,75.0,25.0,10.74,83.5,23.0,23.1,23.9
749.459,87,111.0,1268.0,75.0,25.0,10.74,83.5,23.0,23.1,23.9
749.548,87,111.0,1268.0,75.0,25.0,10.74,83.5,23.0,23.1,23.9
749.668,87,111.0,1268.0,75.0,25.0,10.74,83.5,23.0,30.6,23.9
749.757,87,111.0,1268.0,75.0,25.0,10.74,83.5,23.0,30.6,31.4
749.909,87,111.0,1268.0,75.0,25.0,10.74,83.5,23.0,30.6,31.4
750.028,87,106.0,1268.0,75.0,25.0,10.74,83.5,23.0,30.6,31.4
750.15,87,106.0,1254.0,75.0,25.0,10.74,83.5,23.0,30.6,31.4
750.209,87,106.0,1254.0,74.0,25.0,10.74,83.5,23.0,30.6,31.4
750.298,87,106.0,1254.0,74.0,25.0,10.74,83.5,23.0,30.6,31.4
750.417,87,106.0,1254.0,74.0,25.0,14.05,83.5,23.0,30.6,31.4
750.508,87,106.0,1254.0,74.0,25.0,14.05,83.5,23.0,30.6,31.4
750.628,87,106.0,1254.0,74.0,25.0,14.05,83.5,23.0,30.6,31.4
750.725,87,106.0,1254.0,74.0,25.0,14.05,83.5,23.0,35.7,31.4
750.869,87,106.0,1254.0,74.0,25.0,14.05,83.5,23.0,35.7,36.5
750.957,87,106.0,1254.0,74.0,25.0,14.05,83.5,23.0,35.7,36.5
751.078,87,115.0,1254.0,74.0,25.0,14.05,83.5,23.0,35.7,36.5
751.168,87,115.0,1242.0,74.0,25.0,14.05,83.5,23.0,35.7,36.5
751.289,87,115.0,1242.0,73.0,25.0,14.05,83.5,23.0,35.7,36.5
751.378,87,115.0,1242.0,73.0,26.0,14.05,83.5,23.0,35.7,36.5
751.498,87,115.0,1242.0,73.0,26.0,15.66,83.5,23.0,35.7,36.5
751.589,87,115.0,1242.0,73.0,26.0,15.66,83.5,23.0,35.7,36.5
751.708,87,115.0,1242.0,73.0,26.0,15.66,83.5,23.0,35.7,36.5
751.917,87,115.0,1242.0,73.0,26.0,15.66,83.5,23.0,37.6,36.5
752.039,87,115.0,1242.0,73.0,26.0,15.66,83.5,23.0,37.6,38.0
752.129,88,115.0,1242.0,73.0,26.0,15.66,83.5,23.0,37.6,38.0
752.249,88,123.0,1242.0,73.0,26.0,15.66,83.5,23.0,37.6,38.0
752.337,88,123.0,1230.0,73.0,26.0,15.66,83.5,23.0,37.6,38.0
752.458,88,123.0,1230.0,73.0,26.0,15.66,83.5,23.0,37.6,38.0
752.551,88,123.0,1230.0,73.0,27.0,15.66,83.5,23.0,37.6,38.0
752.668,88,123.0,1230.0,73.0,27.0,16.91,83.5,23.0,37.6,38.0
752.851,88,123.0,1230.0,73.0,27.0,16.91,83.5,23.0,37.6,38.0
752.909,88,123.0,1230.0,73.0,27.0,16.91,83.5,23.0,37.6,38.0
752.998,88,123.0,1230.0,73.0,27.0,16.91,83.5,23.0,37.3,38.0
753.059,88,123.0,1230.0,73.0,27.0,16.91,83.5,23.0,37.3,37.6
753.148,88,123.0,1230.0,73.0,27.0,16.91,83.5,23.0,37.3,37.6
753.268,88,126.0,1230.0,73.0,27.0,16.91,83.5,23.0,37.3,37.6
753.357,88,126.0,1221.0,73.0,27.0,16.91,83.5,23.0,37.3,37.6
753.477,88,126.0,1221.0,72.0,27.0,16.91,83.5,23.0,37.3,37.6
753.567,88,126.0,1221.0,72.0,27.0,16.91,83.5,23.0,37.3,37.6
753.687,88,126.0,1221.0,72.0,27.0,13.49,83.5,23.0,37.3,37.6
753.778,88,126.0,1221.0,72.0,27.0,13.49,83.5,23.0,37.3,37.6
753.928,88,126.0,1221.0,72.0,27.0,13.49,83.5,23.0,37.3,37.6
754.019,88,126.0,1221.0,72.0,27.0,13.49,83.5,23.0,14.1,37.6
754.138,88,126.0,1221.0,72.0,27.0,13.49,83.5,23.0,14.1,14.5
754.228,88,126.0,1221.0,72.0,27.0,13.49,83.5,23.0,14.1,14.5
754.348,88,106.0,1221.0,72.0,27.0,13.49,83.5,23.0,14.1,14.5
754.437,88,106.0,948.0,72.0,27.0,13.49,83.5,23.0,14.1,14.5
754.558,88,106.0,948.0,70.0,27.0,13.49,83.5,23.0,14.1,14.5
754.648,88,106.0,948.0,70.0,27.0,13.49,83.5,23.0,14.1,14.5
754.768,88,106.0,948.0,70.0,27.0,15.38,83.5,23.0,14.1,14.5
754.918,88,106.0,948.0,70.0,27.0,15.38,81.2,23.0,14.1,14.5
755.008,88,106.0,948.0,70.0,27.0,15.38,81.2,23.0,14.1,14.5
755.1,88,106.0,948.0,70.0,27.0,15.38,81.2,23.0,25.9,14.5
755.188,88,106.0,948.0,70.0,27.0,15.38,81.2,23.0,25.9,28.2
755.309,88,106.0,948.0,70.0,27.0,15.38,81.2,23.0,25.9,28.2
755.397,88,104.0,948.0,70.0,27.0,15.38,81.2,23.0,25.9,28.2
755.548,88,104.0,1390.0,70.0,27.0,15.38,81.2,23.0,25.9,28.2
755.638,88,104.0,1390.0,69.0,27.0,15.38,81.2,23.0,25.9,28.2
755.728,88,104.0,1390.0,69.0,26.0,15.38,81.2,23.0,25.9,28.2
755.818,88,104.0,1390.0,69.0,26.0,14.52,81.2,23.0,25.9,28.2
755.937,88,104.0,1390.0,69.0,26.0,14.52,83.5,23.0,25.9,28.2
756.027,88,104.0,1390.0,69.0,26.0,14.52,83.5,23.0,25.9,28.2
756.117,88,104.0,1390.0,69.0,26.0,14.52,83.5,23.0,14.1,28.2
756.21,88,104.0,1390.0,69.0,26.0,14.52,83.5,23.0,14.1,14.5
756.3,88,104.0,1390.0,69.0,26.0,14.52,83.5,23.0,14.1,14.5
756.388,88,109.0,1390.0,69.0,26.0,14.52,83.5,23.0,14.1,14.5
756.508,88,109.0,959.0,69.0,26.0,14.52,83.5,23.0,14.1,14.5
756.598,88,109.0,959.0,67.0,26.0,14.52,83.5,23.0,14.1,14.5
756.728,88,109.0,959.0,67.0,25.0,14.52,83.5,23.0,14.1,14.5
756.898,88,109.0,959.0,67.0,25.0,9.61,83.5,23.0,14.1,14.5
757.019,88,109.0,959.0,67.0,25.0,9.61,83.5,23.0,14.1,14.5
757.11,88,109.0,959.0,67.0,25.0,9.61,83.5,23.0,14.1,14.5
757.228,88,109.0,959.0,67.0,25.0,9.61,83.5,23.0,14.1,14.5
757.318,88,109.0,959.0,67.0,25.0,9.61,83.5,23.0,14.1,14.5
757.438,88,109.0,959.0,67.0,25.0,9.61,83.5,23.0,14.1,14.5
757.528,88,110.0,959.0,67.0,25.0,9.61,83.5,23.0,14.1,14.5
757.649,88,110.0,1644.0,67.0,25.0,9.61,83.5,23.0,14.1,14.5
757.711,88,110.0,1644.0,64.0,25.0,9.61,83.5,23.0,14.1,14.5
757.798,88,110.0,1644.0,64.0,26.0,9.61,83.5,23.0,14.1,14.5
757.951,88,110.0,1644.0,64.0,26.0,20.8,83.5,23.0,14.1,14.5
758.038,88,110.0,1644.0,64.0,26.0,20.8,83.5,23.0,14.1,14.5
758.159,88,110.0,1644.0,64.0,26.0,20.8,83.5,23.0,14.1,14.5
758.248,88,110.0,1644.0,64.0,26.0,20.8,83.5,23.0,14.1,14.5
758.368,88,110.0,1644.0,64.0,26.0,20.8,83.5,23.0,14.1,14.5
758.458,88,110.0,1644.0,64.0,26.0,20.8,83.5,23.0,14.1,14.5
758.578,88,115.0,1644.0,64.0,26.0,20.8,83.5,23.0,14.1,14.5
758.668,88,115.0,1599.0,64.0,26.0,20.8,83.5,23.0,14.1,14.5
758.788,88,115.0,1599.0,62.0,26.0,20.8,83.5,23.0,14.1,14.5
758.88,88,115.0,1599.0,62.0,29.0,20.8,83.5,23.0,14.1,14.5
758.968,88,115.0,1599.0,62.0,29.0,19.24,83.5,23.0,14.1,14.5
759.058,88,115.0,1599.0,62.0,29.0,19.24,83.5,23.0,14.1,14.5
759.148,88,115.0,1599.0,62.0,29.0,19.24,83.5,23.0,14.1,14.5
759.298,88,115.0,1599.0,62.0,29.0,19.24,83.5,23.0,14.1,14.5
759.418,88,115.0,1599.0,62.0,29.0,19.24,83.5,23.0,14.1,14.5
759.508,88,115.0,1599.0,62.0,29.0,19.24,83.5,23.0,14.1,14.5
759.629,88,113.0,1599.0,62.0,29.0,19.24,83.5,23.0,14.1,14.5
759.717,88,113.0,1396.0,62.0,29.0,19.24,83.5,23.0,14.1,14.5
759.809,88,113.0,1396.0,61.0,29.0,19.24,83.5,23.0,14.1,14.5
759.898,88,113.0,1396.0,61.0,28.0,19.24,83.5,23.0,14.1,14.5
760.017,88,113.0,1396.0,61.0,28.0,9.47,83.5,23.0,14.1,14.5
760.109,88,113.0,1396.0,61.0,28.0,9.47,83.5,23.0,14.1,14.5
760.23,88,113.0,1396.0,61.0,28.0,9.47,83.5,23.0,14.1,14.5
760.379,88,113.0,1396.0,61.0,28.0,9.47,83.5,23.0,14.1,14.5
760.468,88,113.0,1396.0,61.0,28.0,9.47,83.5,23.0,14.1,14.5
760.589,88,113.0,1396.0,61.0,28.0,9.47,83.5,23.0,14.1,14.5
760.677,88,110.0,1396.0,61.0,28.0,9.47,83.5,23.0,14.1,14.5
760.8,88,110.0,1501.0,61.0,28.0,9.47,83.5,23.0,14.1,14.5
760.859,88,110.0,1501.0,58.0,28.0,9.47,83.5,23.0,14.1,14.5
761.008,88,110.0,1501.0,58.0,26.0,9.47,83.5,23.0,14.1,14.5
761.13,88,110.0,1501.0,58.0,26.0,23.86,83.5,23.0,14.1,14.5
761.219,88,110.0,1501.0,58.0,26.0,23.86,83.5,23.0,14.1,14.5
761.338,88,110.0,1501.0,58.0,26.0,23.86,83.5,23.0,14.1,14.5
761.428,88,110.0,1501.0,58.0,26.0,23.86,83.5,23.0,14.1,14.5
761.548,88,110.0,1501.0,58.0,26.0,23.86,83.5,23.0,14.1,14.5
761.611,88,110.0,1501.0,58.0,26.0,23.86,83.5,23.0,14.1,14.5
761.848,88,121.0,1501.0,58.0,26.0,23.86,83.5,23.0,14.1,14.5
761.938,88,121.0,2038.0,58.0,26.0,23.86,83.5,23.0,14.1,14.5
762.06,88,121.0,2038.0,55.0,26.0,23.86,83.5,23.0,14.1,14.5
762.297,88,121.0,2038.0,55.0,30.0,23.86,83.5,23.0,14.1,14.5
762.418,88,121.0,2038.0,55.0,30.0,38.83,83.5,23.0,14.1,14.5
762.508,88,121.0,2038.0,55.0,30.0,38.83,83.5,23.0,14.1,14.5
762.629,88,121.0,2038.0,55.0,30.0,38.83,83.5,23.0,14.1,14.5
762.718,88,121.0,2038.0,55.0,30.0,38.83,83.5,23.0,14.1,14.5
762.838,88,121.0,2038.0,55.0,30.0,38.83,83.5,23.0,14.1,14.5
762.96,88,121.0,2038.0,55.0,30.0,38.83,83.5,23.0,14.1,14.5
763.05,88,124.0,2038.0,55.0,30.0,38.83,83.5,23.0,14.1,14.5
763.168,88,124.0,1808.0,55.0,30.0,38.83,83.5,23.0,14.1,14.5
763.257,88,124.0,1808.0,48.0,30.0,38.83,83.5,23.0,14.1,14.5
763.378,88,124.0,1808.0,48.0,30.0,38.83,83.5,23.0,14.1,14.5
763.468,88,124.0,1808.0,48.0,30.0,33.52,83.5,23.0,14.1,14.5
763.588,88,124.0,1808.0,48.0,30.0,33.52,83.5,23.0,14.1,14.5
763.648,88,124.0,1808.0,48.0,30.0,33.52,83.5,23.0,14.1,14.5
763.708,88,124.0,1808.0,48.0,30.0,33.52,83.5,23.0,14.1,14.5
763.798,88,124.0,1808.0,48.0,30.0,33.52,83.5,23.0,14.1,14.5
763.95,88,124.0,1808.0,48.0,30.0,33.52,83.5,23.0,14.1,14.5
764.039,88,122.0,1808.0,48.0,30.0,33.52,83.5,23.0,14.1,14.5
764.157,88,122.0,1567.0,48.0,30.0,33.52,83.5,23.0,14.1,14.5
764.248,88,122.0,1567.0,42.0,30.0,33.52,83.5,23.0,14.1,14.5
764.338,88,122.0,1567.0,42.0,29.0,33.52,83.5,23.0,14.1,14.5
764.399,88,122.0,1567.0,42.0,29.0,28.69,83.5,23.0,14.1,14.5
764.488,88,122.0,1567.0,42.0,29.0,28.69,83.5,23.0,14.1,14.5
764.608,88,122.0,1567.0,42.0,29.0,28.69,83.5,23.0,14.1,14.5
764.698,88,122.0,1567.0,42.0,29.0,28.69,83.5,23.0,14.1,14.5
764.91,88,122.0,1567.0,42.0,29.0,28.69,83.5,23.0,14.1,14.5
765.003,88,122.0,1567.0,42.0,29.0,28.69,83.5,23.0,14.1,14.5
765.089,88,114.0,1567.0,42.0,29.0,28.69,83.5,23.0,14.1,14.5
765.208,88,114.0,881.0,42.0,29.0,28.69,83.5,23.0,14.1,14.5
765.329,88,114.0,881.0,35.0,29.0,28.69,83.5,23.0,14.1,14.5
765.418,88,114.0,881.0,35.0,26.0,28.69,83.5,23.0,14.1,14.5
765.538,88,114.0,881.0,35.0,26.0,7.3,83.5,23.0,14.1,14.5
765.598,88,114.0,881.0,35.0,26.0,7.3,83.5,23.0,14.1,14.5
765.688,88,114.0,881.0,35.0,26.0,7.3,83.5,23.0,14.1,14.5
765.808,88,114.0,881.0,35.0,26.0,7.3,83.5,23.0,14.1,14.5
765.957,88,114.0,881.0,35.0,26.0,7.3,83.5,23.0,14.1,14.5
766.047,88,114.0,881.0,35.0,26.0,7.3,83.5,23.0,14.1,14.5
766.139,88,107.0,881.0,35.0,26.0,7.3,83.5,23.0,14.1,14.5
766.229,88,107.0,877.0,35.0,26.0,7.3,83.5,23.0,14.1,14.5
766.348,88,107.0,877.0,27.0,26.0,7.3,83.5,23.0,14.1,14.5
766.437,88,107.0,877.0,27.0,20.0,7.3,83.5,23.0,14.1,14.5
766.558,88,107.0,877.0,27.0,20.0,8.8,83.5,23.0,14.1,14.5
766.648,88,107.0,877.0,27.0,20.0,8.8,83.5,23.0,14.1,14.5
766.77,88,107.0,877.0,27.0,20.0,8.8,83.5,23.0,14.1,14.5
766.948,88,107.0,877.0,27.0,20.0,8.8,83.5,23.0,14.1,14.5
767.038,88,107.0,877.0,27.0,20.0,8.8,83.5,23.0,14.1,14.5
767.13,88,107.0,877.0,27.0,20.0,8.8,83.5,23.0,14.1,14.5
767.219,88,106.0,877.0,27.0,20.0,8.8,83.5,23.0,14.1,14.5
767.339,88,106.0,888.0,27.0,20.0,8.8,83.5,23.0,14.1,14.5
767.427,88,106.0,888.0,17.0,20.0,8.8,83.5,23.0,14.1,14.5
767.548,88,106.0,888.0,17.0,21.0,8.8,83.5,23.0,14.1,14.5
767.64,88,106.0,888.0,17.0,21.0,8.24,83.5,23.0,14.1,14.5
767.758,88,106.0,888.0,17.0,21.0,8.24,83.5,23.0,14.1,14.5
767.968,88,106.0,888.0,17.0,21.0,8.24,83.5,23.0,14.1,14.5
768.09,88,106.0,888.0,17.0,21.0,8.24,83.5,23.0,14.1,14.5
768.208,88,106.0,888.0,17.0,21.0,8.24,83.5,23.0,14.1,14.5
768.328,88,106.0,888.0,17.0,21.0,8.24,83.5,23.0,14.1,14.5
768.449,88,105.0,888.0,17.0,21.0,8.24,83.5,23.0,14.1,14.5
768.538,88,105.0,894.0,17.0,21.0,8.24,83.5,23.0,14.1,14.5
768.659,88,105.0,894.0,6.0,21.0,8.24,83.5,23.0,14.1,14.5
768.748,88,105.0,894.0,6.0,21.0,8.24,83.5,23.0,14.1,14.5
768.838,88,105.0,894.0,6.0,21.0,8.24,83.5,23.0,14.1,14.5
768.928,88,105.0,894.0,6.0,21.0,8.24,83.5,23.0,14.1,14.5
769.049,88,105.0,894.0,6.0,21.0,8.24,83.5,23.0,14.1,14.5
769.138,88,105.0,894.0,6.0,21.0,8.24,83.5,23.0,14.1,14.5
769.258,88,105.0,894.0,6.0,21.0,8.24,83.5,23.0,14.1,14.5
769.348,88,105.0,894.0,6.0,21.0,8.24,83.5,23.0,14.1,14.5
769.468,88,105.0,894.0,6.0,21.0,8.24,83.5,23.0,14.1,14.5
769.558,88,105.0,857.0,6.0,21.0,8.24,83.5,23.0,14.1,14.5
769.649,88,105.0,857.0,0.0,21.0,8.24,83.5,23.0,14.1,14.5
769.738,88,105.0,857.0,0.0,21.0,8.24,83.5,23.0,14.1,14.5
769.83,88,105.0,857.0,0.0,21.0,4.02,83.5,23.0,14.1,14.5
769.979,88,105.0,857.0,0.0,21.0,4.02,13.7,23.0,14.1,14.5
770.068,88,105.0,857.0,0.0,21.0,4.02,13.7,23.0,14.1,14.5
770.188,88,105.0,857.0,0.0,21.0,4.02,13.7,23.0,14.1,14.5
770.279,88,105.0,857.0,0.0,21.0,4.02,13.7,23.0,14.1,14.5
770.373,89,105.0,857.0,0.0,21.0,4.02,13.7,23.0,14.1,14.5
770.458,89,36.0,857.0,0.0,21.0,4.02,13.7,23.0,14.1,14.5
770.578,89,36.0,276.0,0.0,21.0,4.02,13.7,23.0,14.1,14.5
770.668,89,36.0,276.0,0.0,21.0,4.02,13.7,23.0,14.1,14.5
770.789,89,36.0,276.0,0.0,18.0,4.02,13.7,23.0,14.1,14.5
771.0,89,36.0,276.0,0.0,18.0,1.58,13.7,23.0,14.1,14.5
771.119,89,36.0,276.0,0.0,18.0,1.58,13.7,23.0,14.1,14.5
771.208,89,36.0,276.0,0.0,18.0,1.58,13.7,23.0,14.1,14.5
771.299,89,36.0,276.0,0.0,18.0,1.58,13.7,23.0,14.1,14.5
771.418,89,36.0,276.0,0.0,18.0,1.58,13.7,23.0,14.1,14.5
771.538,89,36.0,276.0,0.0,18.0,1.58,13.7,23.0,14.1,14.5
771.599,89,51.0,276.0,0.0,18.0,1.58,13.7,23.0,14.1,14.5
771.69,89,51.0,0.0,0.0,18.0,1.58,13.7,23.0,14.1,14.5
771.779,89,51.0,0.0,0.0,18.0,1.58,13.7,23.0,14.1,14.5
771.868,89,51.0,0.0,0.0,53.0,1.58,13.7,23.0,14.1,14.5
771.959,89,51.0,0.0,0.0,53.0,0.0,13.7,23.0,14.1,14.5
772.051,89,51.0,0.0,0.0,53.0,0.0,13.7,23.0,14.1,14.5
772.139,89,51.0,0.0,0.0,53.0,0.0,13.7,23.0,14.1,14.5
772.23,89,51.0,0.0,0.0,53.0,0.0,13.7,23.0,14.1,14.5
772.289,89,51.0,0.0,0.0,53.0,0.0,13.7,23.0,14.1,14.5
772.35,89,51.0,0.0,0.0,53.0,0.0,13.7,23.0,14.1,14.5
772.439,89,101.0,0.0,0.0,53.0,0.0,13.7,23.0,14.1,14.5
772.528,89,101.0,0.0,0.0,53.0,0.0,13.7,23.0,14.1,14.5
772.649,89,101.0,0.0,0.0,53.0,0.0,13.7,23.0,14.1,14.5
772.738,89,101.0,0.0,0.0,109.0,0.0,13.7,23.0,14.1,14.5
772.859,89,101.0,0.0,0.0,109.0,0.0,13.7,23.0,14.1,14.5
772.952,89,101.0,0.0,0.0,109.0,0.0,85.9,23.0,14.1,14.5
773.039,89,101.0,0.0,0.0,109.0,0.0,85.9,23.0,14.1,14.5
773.188,89,101.0,0.0,0.0,109.0,0.0,85.9,23.0,14.1,14.5
773.25,89,101.0,0.0,0.0,109.0,0.0,85.9,23.0,14.1,14.5
773.367,89,101.0,0.0,0.0,109.0,0.0,85.9,23.0,14.1,14.5
773.458,89,100.0,0.0,0.0,109.0,0.0,85.9,23.0,14.1,14.5
773.579,89,100.0,0.0,0.0,109.0,0.0,85.9,23.0,14.1,14.5
773.668,89,100.0,0.0,0.0,109.0,0.0,85.9,23.0,14.1,14.5
773.788,89,100.0,0.0,0.0,133.0,0.0,85.9,23.0,14.1,14.5
773.998,89,100.0,0.0,0.0,133.0,0.0,85.9,23.0,14.1,14.5
774.118,89,100.0,0.0,0.0,133.0,0.0,89.0,23.0,14.1,14.5
774.208,89,100.0,0.0,0.0,133.0,0.0,89.0,23.0,14.1,14.5
774.298,89,100.0,0.0,0.0,133.0,0.0,89.0,23.0,14.1,14.5
774.387,89,100.0,0.0,0.0,133.0,0.0,89.0,23.0,14.1,14.5
774.479,89,100.0,0.0,0.0,133.0,0.0,89.0,23.0,14.1,14.5
774.568,89,100.0,0.0,0.0,133.0,0.0,89.0,23.0,14.1,14.5
774.688,89,100.0,0.0,0.0,133.0,0.0,89.0,23.0,14.1,14.5
774.748,89,100.0,0.0,0.0,133.0,0.0,89.0,23.0,14.1,14.5
774.838,89,100.0,0.0,0.0,140.0,0.0,89.0,23.0,14.1,14.5
774.929,89,100.0,0.0,0.0,140.0,0.0,89.0,23.0,14.1,14.5
775.02,89,100.0,0.0,0.0,140.0,0.0,89.0,23.0,14.1,14.5
775.108,89,100.0,0.0,0.0,140.0,0.0,89.0,23.0,14.1,14.5
775.229,89,100.0,0.0,0.0,140.0,0.0,89.0,23.0,14.1,14.5
775.32,89,100.0,0.0,0.0,140.0,0.0,89.0,23.0,14.1,14.5
775.439,89,100.0,0.0,0.0,140.0,0.0,89.0,23.0,14.1,14.5
775.498,89,99.0,0.0,0.0,140.0,0.0,89.0,23.0,14.1,14.5
775.588,89,99.0,0.0,0.0,140.0,0.0,89.0,23.0,14.1,14.5
775.708,89,99.0,0.0,0.0,140.0,0.0,89.0,23.0,14.1,14.5
775.861,89,99.0,0.0,0.0,136.0,0.0,89.0,23.0,14.1,14.5
776.008,89,99.0,0.0,0.0,136.0,0.0,89.0,23.0,14.1,14.5
776.1,89,99.0,0.0,0.0,136.0,0.0,89.0,23.0,14.1,14.5
776.19,89,99.0,0.0,0.0,136.0,0.0,89.0,23.0,14.1,14.5
776.25,89,99.0,0.0,0.0,136.0,0.0,89.0,23.0,14.1,14.5
776.341,89,99.0,0.0,0.0,136.0,0.0,89.0,23.0,14.1,14.5
776.458,89,99.0,0.0,0.0,136.0,0.0,89.0,23.0,14.1,14.5
776.548,89,99.0,0.0,0.0,136.0,0.0,89.0,23.0,14.1,14.5
776.639,89,99.0,0.0,0.0,136.0,0.0,89.0,23.0,14.1,14.5
776.701,89,99.0,0.0,0.0,136.0,0.0,89.0,23.0,14.1,14.5
776.878,89,99.0,0.0,0.0,132.0,0.0,89.0,23.0,14.1,14.5
776.968,89,99.0,0.0,0.0,132.0,0.0,89.0,23.0,14.1,14.5
777.058,89,99.0,0.0,0.0,132.0,0.0,89.0,23.0,14.1,14.5
777.15,89,99.0,0.0,0.0,132.0,0.0,89.0,23.0,14.1,14.5
777.239,89,99.0,0.0,0.0,132.0,0.0,89.0,23.0,14.1,14.5
777.301,89,99.0,0.0,0.0,132.0,0.0,89.0,23.0,14.1,14.5
777.388,89,99.0,0.0,0.0,132.0,0.0,89.0,23.0,14.1,14.5
777.508,89,99.0,0.0,0.0,132.0,0.0,89.0,23.0,14.1,14.5
777.598,89,99.0,0.0,0.0,132.0,0.0,89.0,23.0,14.1,14.5
777.722,89,99.0,0.0,0.0,132.0,0.0,89.0,23.0,14.1,14.5
777.807,89,99.0,0.0,0.0,124.0,0.0,89.0,23.0,14.1,14.5
777.899,89,99.0,0.0,0.0,124.0,0.0,89.0,23.0,14.1,14.5
778.021,89,99.0,0.0,0.0,124.0,0.0,89.0,23.0,14.1,14.5
778.111,89,99.0,0.0,0.0,124.0,0.0,89.0,23.0,14.1,14.5
778.228,89,99.0,0.0,0.0,124.0,0.0,89.0,23.0,14.1,14.5
778.325,89,99.0,0.0,0.0,124.0,0.0,89.0,23.0,14.1,14.5
778.408,89,99.0,0.0,0.0,124.0,0.0,89.0,23.0,14.1,14.5
778.499,89,99.0,0.0,0.0,124.0,0.0,89.0,23.0,14.1,14.5
778.619,89,99.0,0.0,0.0,124.0,0.0,89.0,23.0,14.1,14.5
778.708,89,99.0,0.0,0.0,124.0,0.0,89.0,23.0,14.1,14.5
778.859,89,99.0,0.0,0.0,121.0,0.0,89.0,23.0,14.1,14.5
778.979,89,99.0,0.0,0.0,121.0,0.0,89.0,23.0,14.1,14.5
779.041,89,99.0,0.0,0.0,121.0,0.0,89.0,23.0,14.1,14.5
779.161,89,99.0,0.0,0.0,121.0,0.0,89.0,23.0,14.1,14.5
779.248,89,99.0,0.0,0.0,121.0,0.0,89.0,23.0,14.1,14.5
779.368,89,99.0,0.0,0.0,121.0,0.0,89.0,23.0,14.1,14.5
779.459,89,99.0,0.0,0.0,121.0,0.0,89.0,23.0,14.1,14.5
779.579,89,99.0,0.0,0.0,121.0,0.0,89.0,23.0,14.1,14.5
779.67,89,99.0,0.0,0.0,121.0,0.0,89.0,23.0,14.1,14.5
779.788,89,99.0,0.0,0.0,121.0,0.0,89.0,23.0,14.1,14.5
779.849,89,99.0,0.0,0.0,118.0,0.0,89.0,23.0,14.1,14.5
779.968,89,99.0,0.0,0.0,118.0,0.0,89.0,23.0,14.1,14.5
780.09,89,99.0,0.0,0.0,118.0,0.0,89.0,23.0,14.1,14.5
780.149,89,99.0,0.0,0.0,118.0,0.0,89.0,23.0,14.1,14.5
780.239,89,99.0,0.0,0.0,118.0,0.0,89.0,23.0,14.1,14.5
780.479,89,99.0,0.0,0.0,118.0,0.0,89.0,23.0,14.1,14.5
780.539,89,99.0,0.0,0.0,118.0,0.0,89.0,23.0,14.1,14.5
780.659,89,99.0,0.0,0.0,118.0,0.0,89.0,23.0,14.1,14.5
780.748,89,99.0,0.0,0.0,118.0,0.0,89.0,23.0,14.1,14.5
780.869,89,99.0,0.0,0.0,118.0,0.0,89.0,23.0,14.1,14.5
780.991,89,99.0,0.0,0.0,115.0,0.0,89.0,23.0,14.1,14.5
781.05,89,99.0,0.0,0.0,115.0,0.0,89.0,23.0,14.1,14.5
781.139,89,99.0,0.0,0.0,115.0,0.0,89.0,23.0,14.1,14.5
781.26,89,99.0,0.0,0.0,115.0,0.0,89.0,23.0,14.1,14.5
781.348,89,99.0,0.0,0.0,115.0,0.0,89.0,23.0,14.1,14.5
781.439,89,99.0,0.0,0.0,115.0,0.0,89.0,23.0,14.1,14.5
781.499,89,99.0,0.0,0.0,115.0,0.0,89.0,23.0,14.1,14.5
781.62,89,99.0,0.0,0.0,115.0,0.0,89.0,23.0,14.1,14.5
781.709,89,99.0,0.0,0.0,115.0,0.0,89.0,23.0,14.1,14.5
781.83,89,99.0,0.0,0.0,115.0,0.0,89.0,23.0,14.1,14.5
781.98,89,99.0,0.0,0.0,110.0,0.0,89.0,23.0,14.1,14.5
782.099,89,99.0,0.0,0.0,110.0,0.0,89.0,23.0,14.1,14.5
782.189,89,99.0,0.0,0.0,110.0,0.0,89.0,23.0,14.1,14.5
782.249,89,99.0,0.0,0.0,110.0,0.0,89.0,23.0,14.1,14.5
782.368,89,99.0,0.0,0.0,110.0,0.0,89.0,23.0,14.1,14.5
782.459,89,99.0,0.0,0.0,110.0,0.0,89.0,23.0,14.1,14.5
782.579,89,99.0,0.0,0.0,110.0,0.0,89.0,23.0,14.1,14.5
782.64,89,99.0,0.0,0.0,110.0,0.0,89.0,23.0,14.1,14.5
782.701,89,99.0,0.0,0.0,110.0,0.0,89.0,23.0,14.1,14.5
782.789,89,99.0,0.0,0.0,110.0,0.0,89.0,23.0,14.1,14.5
782.909,89,99.0,0.0,0.0,107.0,0.0,89.0,23.0,14.1,14.5
783.006,89,99.0,0.0,0.0,107.0,0.0,89.0,23.0,14.1,14.5
783.12,89,99.0,0.0,0.0,107.0,0.0,89.0,23.0,14.1,14.5
783.211,89,99.0,0.0,0.0,107.0,0.0,89.0,23.0,14.1,14.5
783.332,89,99.0,0.0,0.0,107.0,0.0,89.0,23.0,14.1,14.5
783.448,89,99.0,0.0,0.0,107.0,0.0,89.0,23.0,14.1,14.5
783.538,89,99.0,0.0,0.0,107.0,0.0,89.0,23.0,14.1,14.5
783.631,89,99.0,0.0,0.0,107.0,0.0,89.0,23.0,14.1,14.5
783.691,89,99.0,0.0,0.0,107.0,0.0,89.0,23.0,14.1,14.5
783.75,89,99.0,0.0,0.0,107.0,0.0,89.0,23.0,14.1,14.5
783.841,89,99.0,0.0,0.0,105.0,0.0,89.0,23.0,14.1,14.5
784.048,89,99.0,0.0,0.0,105.0,0.0,89.0,23.0,14.1,14.5
784.169,89,99.0,0.0,0.0,105.0,0.0,89.0,23.0,14.1,14.5
784.26,89,99.0,0.0,0.0,105.0,0.0,89.0,23.0,14.1,14.5
784.379,89,99.0,0.0,0.0,105.0,0.0,89.0,23.0,14.1,14.5
784.439,89,99.0,0.0,0.0,105.0,0.0,89.0,23.0,14.1,14.5
784.499,89,99.0,0.0,0.0,105.0,0.0,89.0,23.0,14.1,14.5
784.588,89,99.0,0.0,0.0,105.0,0.0,89.0,23.0,14.1,14.5
784.65,89,99.0,0.0,0.0,105.0,0.0,89.0,23.0,14.1,14.5
784.74,89,99.0,0.0,0.0,105.0,0.0,89.0,23.0,14.1,14.5
784.888,89,99.0,0.0,0.0,103.0,0.0,89.0,23.0,14.1,14.5
784.95,89,99.0,0.0,0.0,103.0,0.0,89.0,23.0,14.1,14.5
785.038,89,99.0,0.0,0.0,103.0,0.0,89.0,23.0,14.1,14.5
785.159,89,99.0,0.0,0.0,103.0,0.0,89.0,23.0,14.1,14.5
785.248,89,99.0,0.0,0.0,103.0,0.0,89.0,23.0,14.1,14.5
785.339,89,99.0,0.0,0.0,103.0,0.0,89.0,23.0,14.1,14.5
785.399,89,99.0,0.0,0.0,103.0,0.0,89.0,23.0,14.1,14.5
785.518,89,99.0,0.0,0.0,103.0,0.0,89.0,23.0,14.1,14.5
785.608,89,99.0,0.0,0.0,103.0,0.0,89.0,23.0,14.1,14.5
785.728,89,99.0,0.0,0.0,103.0,0.0,89.0,23.0,14.1,14.5
785.788,89,99.0,0.0,0.0,101.0,0.0,89.0,23.0,14.1,14.5
785.85,89,99.0,0.0,0.0,101.0,0.0,89.0,23.0,14.1,14.5
785.941,89,99.0,0.0,0.0,101.0,0.0,89.0,23.0,14.1,14.5
786.058,89,99.0,0.0,0.0,101.0,0.0,89.0,23.0,14.1,14.5
786.148,89,99.0,0.0,0.0,101.0,0.0,89.0,23.0,14.1,14.5
786.24,89,99.0,0.0,0.0,101.0,0.0,89.0,23.0,14.1,14.5
786.301,89,99.0,0.0,0.0,101.0,0.0,89.0,23.0,14.1,14.5
786.418,89,99.0,0.0,0.0,101.0,0.0,89.0,23.0,14.1,14.5
786.508,89,99.0,0.0,0.0,101.0,0.0,89.0,23.0,14.1,14.5
786.601,89,99.0,0.0,0.0,101.0,0.0,89.0,23.0,14.1,14.5
786.688,89,99.0,0.0,0.0,99.0,0.0,89.0,23.0,14.1,14.5
786.78,89,99.0,0.0,0.0,99.0,0.0,89.0,23.0,14.1,14.5
786.842,89,99.0,0.0,0.0,99.0,0.0,89.0,23.0,14.1,14.5
786.901,89,99.0,0.0,0.0,99.0,0.0,89.0,23.0,14.1,14.5
786.992,89,99.0,0.0,0.0,99.0,0.0,89.0,23.0,14.1,14.5
787.109,89,99.0,0.0,0.0,99.0,0.0,89.0,23.0,14.1,14.5
787.199,89,99.0,0.0,0.0,99.0,0.0,89.0,23.0,14.1,14.5
787.321,89,99.0,0.0,0.0,99.0,0.0,89.0,23.0,14.1,14.5
787.408,89,99.0,0.0,0.0,99.0,0.0,89.0,23.0,14.1,14.5
787.529,89,99.0,0.0,0.0,99.0,0.0,89.0,23.0,14.1,14.5
787.588,89,99.0,0.0,0.0,97.0,0.0,89.0,23.0,14.1,14.5
787.648,89,99.0,0.0,0.0,97.0,0.0,89.0,23.0,14.1,14.5
787.739,89,99.0,0.0,0.0,97.0,0.0,89.0,23.0,14.1,14.5
787.828,89,99.0,0.0,0.0,97.0,0.0,89.0,23.0,14.1,14.5
787.919,89,99.0,0.0,0.0,97.0,0.0,89.0,23.0,14.1,14.5
788.008,89,99.0,0.0,0.0,97.0,0.0,89.0,23.0,14.1,14.5
788.1,89,99.0,0.0,0.0,97.0,0.0,89.0,23.0,14.1,14.5
788.188,89,99.0,0.0,0.0,97.0,0.0,89.0,23.0,14.1,14.5
788.281,89,99.0,0.0,0.0,97.0,0.0,89.0,23.0,14.1,14.5
788.397,89,99.0,0.0,0.0,97.0,0.0,89.0,23.0,14.1,14.5
788.488,89,99.0,0.0,0.0,96.0,0.0,89.0,23.0,14.1,14.5
788.549,89,99.0,0.0,0.0,96.0,0.0,89.0,23.0,14.1,14.5
788.638,89,99.0,0.0,0.0,96.0,0.0,89.0,23.0,14.1,14.5
788.758,89,99.0,0.0,0.0,96.0,0.0,89.0,23.0,14.1,14.5
788.848,89,99.0,0.0,0.0,96.0,0.0,89.0,23.0,14.1,14.5
788.941,89,99.0,0.0,0.0,96.0,0.0,89.0,23.0,14.1,14.5
789.06,89,99.0,0.0,0.0,96.0,0.0,89.0,23.0,14.1,14.5
789.148,89,99.0,0.0,0.0,96.0,0.0,89.0,23.0,14.1,14.5
789.241,89,99.0,0.0,0.0,96.0,0.0,89.0,23.0,14.1,14.5
789.301,89,99.0,0.0,0.0,96.0,0.0,89.0,23.0,14.1,14.5
789.387,89,99.0,0.0,0.0,94.0,0.0,89.0,23.0,14.1,14.5
789.508,89,99.0,0.0,0.0,94.0,0.0,89.0,23.0,14.1,14.5
789.628,89,99.0,0.0,0.0,94.0,0.0,89.0,23.0,14.1,14.5
789.689,89,99.0,0.0,0.0,94.0,0.0,89.0,23.0,14.1,14.5
789.808,89,99.0,0.0,0.0,94.0,0.0,89.0,23.0,14.1,14.5
789.898,89,99.0,0.0,0.0,94.0,0.0,89.0,23.0,14.1,14.5
789.988,89,99.0,0.0,0.0,94.0,0.0,89.0,23.0,14.1,14.5
790.049,89,99.0,0.0,0.0,94.0,0.0,89.0,23.0,14.1,14.5
790.141,89,99.0,0.0,0.0,94.0,0.0,89.0,23.0,14.1,14.5
790.201,89,99.0,0.0,0.0,94.0,0.0,89.0,23.0,14.1,14.5
790.288,89,99.0,0.0,0.0,93.0,0.0,89.0,23.0,14.1,14.5
790.408,89,99.0,0.0,0.0,93.0,0.0,89.0,23.0,14.1,14.5
790.498,89,99.0,0.0,0.0,93.0,0.0,89.0,23.0,14.1,14.5
790.588,89,99.0,0.0,0.0,93.0,0.0,89.0,23.0,14.1,14.5
790.653,89,99.0,0.0,0.0,93.0,0.0,89.0,23.0,14.1,14.5
790.768,89,99.0,0.0,0.0,93.0,0.0,89.0,23.0,14.1,14.5
790.828,89,99.0,0.0,0.0,93.0,0.0,89.0,23.0,14.1,14.5
790.889,89,99.0,0.0,0.0,93.0,0.0,89.0,23.0,14.1,14.5
790.949,89,99.0,0.0,0.0,93.0,0.0,89.0,23.0,14.1,14.5
791.098,89,99.0,0.0,0.0,93.0,0.0,89.0,23.0,14.1,14.5
791.188,89,99.0,0.0,0.0,90.0,0.0,89.0,23.0,14.1,14.5
791.28,89,99.0,0.0,0.0,90.0,0.0,89.0,23.0,14.1,14.5
791.339,89,99.0,0.0,0.0,90.0,0.0,89.0,23.0,14.1,14.5
791.399,89,99.0,0.0,0.0,90.0,0.0,89.0,23.0,14.1,14.5
791.518,89,99.0,0.0,0.0,90.0,0.0,89.0,23.0,14.1,14.5
791.608,89,99.0,0.0,0.0,90.0,0.0,89.0,23.0,14.1,14.5
791.731,89,99.0,0.0,0.0,90.0,0.0,89.0,23.0,14.1,14.5
791.789,89,99.0,0.0,0.0,90.0,0.0,89.0,23.0,14.1,14.5
791.909,89,99.0,0.0,0.0,90.0,0.0,89.0,23.0,14.1,14.5
792.06,89,99.0,0.0,0.0,90.0,0.0,89.0,23.0,14.1,14.5
792.148,89,99.0,0.0,0.0,89.0,0.0,89.0,23.0,14.1,14.5
792.269,89,99.0,0.0,0.0,89.0,0.0,89.0,23.0,14.1,14.5
792.357,89,99.0,0.0,0.0,89.0,0.0,89.0,23.0,14.1,14.5
792.568,89,99.0,0.0,0.0,89.0,0.0,89.0,23.0,14.1,14.5
792.688,89,99.0,0.0,0.0,89.0,0.0,89.0,23.0,14.1,14.5
792.748,89,99.0,0.0,0.0,89.0,0.0,89.0,23.0,14.1,14.5
792.868,89,99.0,0.0,0.0,89.0,0.0,89.0,23.0,14.1,14.5
792.96,89,99.0,0.0,0.0,89.0,0.0,89.0,23.0,14.1,14.5
793.049,89,99.0,0.0,0.0,89.0,0.0,89.0,23.0,14.1,14.5
793.169,89,99.0,0.0,0.0,89.0,0.0,89.0,23.0,14.1,14.5
793.23,89,99.0,0.0,0.0,87.0,0.0,89.0,23.0,14.1,14.5
793.353,89,99.0,0.0,0.0,87.0,0.0,89.0,23.0,14.1,14.5
793.438,89,99.0,0.0,0.0,87.0,0.0,89.0,23.0,14.1,14.5
793.558,89,99.0,0.0,0.0,87.0,0.0,89.0,23.0,14.1,14.5
793.648,89,99.0,0.0,0.0,87.0,0.0,89.0,23.0,14.1,14.5
793.768,89,99.0,0.0,0.0,87.0,0.0,89.0,23.0,14.1,14.5
793.858,89,99.0,0.0,0.0,87.0,0.0,89.0,23.0,14.1,14.5
793.948,89,99.0,0.0,0.0,87.0,0.0,89.0,23.0,14.1,14.5
794.038,89,99.0,0.0,0.0,87.0,0.0,89.0,23.0,14.1,14.5
794.159,89,99.0,0.0,0.0,87.0,0.0,89.0,23.0,14.1,14.5
794.249,89,99.0,0.0,0.0,86.0,0.0,89.0,23.0,14.1,14.5
794.344,89,99.0,0.0,0.0,86.0,2.88,89.0,23.0,14.1,14.5
794.428,89,99.0,0.0,0.0,86.0,2.88,89.0,23.0,14.1,14.5
794.519,89,99.0,0.0,0.0,86.0,2.88,89.0,23.0,14.1,14.5
794.608,89,99.0,0.0,0.0,86.0,2.88,89.0,23.0,14.1,14.5
794.728,89,99.0,0.0,0.0,86.0,2.88,89.0,23.0,14.1,14.9
794.789,89,99.0,0.0,0.0,86.0,2.88,89.0,23.0,14.1,14.9
794.878,89,97.0,0.0,0.0,86.0,2.88,89.0,23.0,14.1,14.9
795.029,89,97.0,1090.0,0.0,86.0,2.88,89.0,23.0,14.1,14.9
795.088,89,97.0,1090.0,0.0,86.0,2.88,89.0,23.0,14.1,14.9
795.179,89,97.0,1090.0,0.0,81.0,2.88,89.0,23.0,14.1,14.9
795.298,89,97.0,1090.0,0.0,81.0,16.55,89.0,23.0,14.1,14.9
795.388,89,97.0,1090.0,0.0,81.0,16.55,83.1,23.0,14.1,14.9
795.508,89,97.0,1090.0,0.0,81.0,16.55,83.1,23.0,14.1,14.9
795.597,89,97.0,1090.0,0.0,81.0,16.55,83.1,23.0,23.5,14.9
795.689,89,97.0,1090.0,0.0,81.0,16.55,83.1,23.0,23.5,23.5
795.781,89,97.0,1090.0,0.0,81.0,16.55,83.1,23.0,23.5,23.5
795.867,89,101.0,1090.0,0.0,81.0,16.55,83.1,23.0,23.5,23.5
795.93,89,101.0,1113.0,0.0,81.0,16.55,83.1,23.0,23.5,23.5
795.99,89,101.0,1113.0,4.0,81.0,16.55,83.1,23.0,23.5,23.5
796.11,89,101.0,1113.0,4.0,58.0,16.55,83.1,23.0,23.5,23.5
796.198,89,101.0,1113.0,4.0,58.0,18.63,83.1,23.0,23.5,23.5
796.321,89,101.0,1113.0,4.0,58.0,18.63,83.1,23.0,23.5,23.5
796.378,89,101.0,1113.0,4.0,58.0,18.63,83.1,23.0,23.5,23.5
796.438,89,101.0,1113.0,4.0,58.0,18.63,83.1,23.0,27.1,23.5
796.528,89,101.0,1113.0,4.0,58.0,18.63,83.1,23.0,27.1,27.1
796.588,89,101.0,1113.0,4.0,58.0,18.63,83.1,23.0,27.1,27.1
796.678,89,112.0,1113.0,4.0,58.0,18.63,83.1,23.0,27.1,27.1
796.798,89,112.0,1239.0,4.0,58.0,18.63,83.1,23.0,27.1,27.1
796.887,89,112.0,1239.0,12.0,58.0,18.63,83.1,23.0,27.1,27.1
796.978,89,112.0,1239.0,12.0,42.0,18.63,83.1,23.0,27.1,27.1
797.128,89,112.0,1239.0,12.0,42.0,27.41,83.1,23.0,27.1,27.1
797.248,89,112.0,1239.0,12.0,42.0,27.41,83.1,23.0,27.1,27.1
797.338,89,112.0,1239.0,12.0,42.0,27.41,83.1,23.0,27.1,27.1
797.459,89,112.0,1239.0,12.0,42.0,27.41,83.1,23.0,48.6,27.1
797.548,89,112.0,1239.0,12.0,42.0,27.41,83.1,23.0,48.6,49.0
797.669,89,112.0,1239.0,12.0,42.0,27.41,83.1,23.0,48.6,49.0
797.758,89,156.0,1239.0,12.0,42.0,27.41,83.1,23.0,48.6,49.0
797.878,89,156.0,2256.0,12.0,42.0,27.41,83.1,23.0,48.6,49.0
798.088,89,156.0,2256.0,22.0,42.0,27.41,83.1,23.0,48.6,49.0
798.209,89,156.0,2256.0,22.0,27.0,27.41,83.1,23.0,48.6,49.0
798.298,89,156.0,2256.0,22.0,27.0,40.69,83.1,23.0,48.6,49.0
798.42,89,156.0,2256.0,22.0,27.0,40.69,30.6,23.0,48.6,49.0
798.508,89,156.0,2256.0,22.0,27.0,40.69,30.6,23.0,48.6,49.0
798.598,89,156.0,2256.0,22.0,27.0,40.69,30.6,23.0,21.6,49.0
798.729,89,156.0,2256.0,22.0,27.0,40.69,30.6,23.0,21.6,30.6
798.809,89,156.0,2256.0,22.0,27.0,40.69,30.6,23.0,21.6,30.6
798.93,89,101.0,2256.0,22.0,27.0,40.69,30.6,23.0,21.6,30.6
798.992,89,101.0,1377.0,22.0,27.0,40.69,30.6,23.0,21.6,30.6
799.138,89,101.0,1377.0,23.0,27.0,40.69,30.6,23.0,21.6,30.6
799.259,89,101.0,1377.0,23.0,20.0,40.69,30.6,23.0,21.6,30.6
799.348,89,101.0,1377.0,23.0,20.0,26.08,30.6,23.0,21.6,30.6
799.469,89,101.0,1377.0,23.0,20.0,26.08,83.5,23.0,21.6,30.6
799.528,89,101.0,1377.0,23.0,20.0,26.08,83.5,23.0,21.6,30.6
799.588,89,101.0,1377.0,23.0,20.0,26.08,83.5,23.0,56.9,30.6
799.68,89,101.0,1377.0,23.0,20.0,26.08,83.5,23.0,56.9,57.3
799.742,89,101.0,1377.0,23.0,20.0,26.08,83.5,23.0,56.9,57.3
799.83,89,140.0,1377.0,23.0,20.0,26.08,83.5,23.0,56.9,57.3
799.948,89,140.0,1623.0,23.0,20.0,26.08,83.5,23.0,56.9,57.3
800.038,89,140.0,1623.0,28.0,20.0,26.08,83.5,23.0,56.9,57.3
800.158,89,140.0,1623.0,28.0,13.0,26.08,83.5,23.0,56.9,57.3
800.249,89,140.0,1623.0,28.0,13.0,46.38,83.5,23.0,56.9,57.3
800.351,89,140.0,1623.0,28.0,13.0,46.38,83.5,23.0,56.9,57.3
800.427,89,140.0,1623.0,28.0,13.0,46.38,83.5,23.0,56.9,57.3
800.518,89,140.0,1623.0,28.0,13.0,46.38,83.5,23.0,55.7,57.3
800.608,89,140.0,1623.0,28.0,13.0,46.38,83.5,23.0,55.7,56.1
800.73,89,140.0,1623.0,28.0,13.0,46.38,83.5,23.0,55.7,56.1
800.79,89,219.0,1623.0,28.0,13.0,46.38,83.5,23.0,55.7,56.1
800.878,89,219.0,2119.0,28.0,13.0,46.38,83.5,23.0,55.7,56.1
800.998,89,219.0,2119.0,37.0,13.0,46.38,83.5,23.0,55.7,56.1
801.149,89,219.0,2119.0,37.0,12.0,46.38,83.5,23.0,55.7,56.1
801.269,89,219.0,2119.0,37.0,12.0,77.08,83.5,23.0,55.7,56.1
801.359,89,219.0,2119.0,37.0,12.0,77.08,83.5,23.0,55.7,56.1
801.478,89,219.0,2119.0,37.0,12.0,77.08,83.5,23.0,55.7,56.1
801.538,89,219.0,2119.0,37.0,12.0,77.08,83.5,23.0,49.8,56.1
801.628,89,219.0,2119.0,37.0,12.0,77.08,83.5,23.0,49.8,49.8
801.69,89,219.0,2119.0,37.0,12.0,77.08,83.5,23.0,49.8,49.8
801.778,89,204.0,2119.0,37.0,12.0,77.08,83.5,23.0,49.8,49.8
801.868,89,204.0,2486.0,37.0,12.0,77.08,83.5,23.0,49.8,49.8
801.929,89,204.0,2486.0,43.0,12.0,77.08,83.5,23.0,49.8,49.8
801.99,89,204.0,2486.0,43.0,11.0,77.08,83.5,23.0,49.8,49.8
802.109,89,204.0,2486.0,43.0,11.0,38.08,83.5,23.0,49.8,49.8
802.228,89,204.0,2486.0,43.0,11.0,38.08,31.0,23.0,49.8,49.8
802.291,89,204.0,2486.0,43.0,11.0,38.08,31.0,23.0,49.8,49.8
802.379,89,204.0,2486.0,43.0,11.0,38.08,31.0,23.0,18.0,49.8
802.439,89,204.0,2486.0,43.0,11.0,38.08,31.0,23.0,18.0,31.4
802.528,89,204.0,2486.0,43.0,11.0,38.08,31.0,23.0,18.0,31.4
802.648,89,96.0,2486.0,43.0,11.0,38.08,31.0,23.0,18.0,31.4
802.738,89,96.0,1965.0,43.0,11.0,38.08,31.0,23.0,18.0,31.4
802.83,89,96.0,1965.0,43.0,11.0,38.08,31.0,23.0,18.0,31.4
802.89,89,96.0,1965.0,43.0,8.0,38.08,31.0,23.0,18.0,31.4
802.979,89,96.0,1965.0,43.0,8.0,33.13,31.0,23.0,18.0,31.4
803.039,89,96.0,1965.0,43.0,8.0,33.13,82.7,23.0,18.0,31.4
803.129,89,96.0,1965.0,43.0,8.0,33.13,82.7,23.0,18.0,31.4
803.19,89,96.0,1965.0,43.0,8.0,33.13,82.7,23.0,62.4,31.4
803.278,89,96.0,1965.0,43.0,8.0,33.13,82.7,23.0,62.4,63.5
803.398,89,96.0,1965.0,43.0,8.0,33.13,82.7,23.0,62.4,63.5
803.488,89,152.0,1965.0,43.0,8.0,33.13,82.7,23.0,62.4,63.5
803.578,89,152.0,1740.0,43.0,8.0,33.13,82.7,23.0,62.4,63.5
803.639,89,152.0,1740.0,46.0,8.0,33.13,82.7,23.0,62.4,63.5
803.758,89,152.0,1740.0,46.0,4.0,33.13,82.7,23.0,62.4,63.5
803.849,89,152.0,1740.0,46.0,4.0,53.47,82.7,23.0,62.4,63.5
803.977,89,152.0,1740.0,46.0,4.0,53.47,83.5,23.0,62.4,63.5
804.03,89,152.0,1740.0,46.0,4.0,53.47,83.5,23.0,62.4,63.5
804.178,89,152.0,1740.0,46.0,4.0,53.47,83.5,23.0,62.7,63.5
804.301,89,152.0,1740.0,46.0,4.0,53.47,83.5,23.0,62.7,63.1
804.388,89,152.0,1740.0,46.0,4.0,53.47,83.5,23.0,62.7,63.1
804.508,89,229.0,1740.0,46.0,4.0,53.47,83.5,23.0,62.7,63.1
804.598,89,229.0,2034.0,46.0,4.0,53.47,83.5,23.0,62.7,63.1
804.688,89,229.0,2034.0,55.0,4.0,53.47,83.5,23.0,62.7,63.1
804.779,89,229.0,2034.0,55.0,6.0,53.47,83.5,23.0,62.7,63.1
804.9,89,229.0,2034.0,55.0,6.0,76.91,83.5,23.0,62.7,63.1
805.079,89,229.0,2034.0,55.0,6.0,76.91,83.5,23.0,62.7,63.1
805.139,89,229.0,2034.0,55.0,6.0,76.91,83.5,23.0,62.7,63.1
805.23,89,229.0,2034.0,55.0,6.0,76.91,83.5,23.0,38.8,63.1
805.29,89,229.0,2034.0,55.0,6.0,76.91,83.5,23.0,38.8,22.0
805.378,89,229.0,2034.0,55.0,6.0,76.91,83.5,23.0,38.8,22.0
805.498,89,143.0,2034.0,55.0,6.0,76.91,83.5,23.0,38.8,22.0
805.588,89,143.0,1929.0,55.0,6.0,76.91,83.5,23.0,38.8,22.0
805.709,89,143.0,1929.0,59.0,6.0,76.91,83.5,23.0,38.8,22.0
805.798,89,143.0,1929.0,59.0,5.0,76.91,83.5,23.0,38.8,22.0
805.889,89,143.0,1929.0,59.0,5.0,27.61,83.5,23.0,38.8,22.0
805.978,89,143.0,1929.0,59.0,5.0,27.61,31.0,23.0,38.8,22.0
806.039,89,143.0,1929.0,59.0,5.0,27.61,31.0,23.0,38.8,22.0
806.128,89,143.0,1929.0,59.0,5.0,27.61,31.0,23.0,41.6,22.0
806.219,89,143.0,1929.0,59.0,5.0,27.61,31.0,23.0,41.6,48.2
806.279,89,143.0,1929.0,59.0,5.0,27.61,31.0,23.0,41.6,48.2
806.398,89,120.0,1929.0,59.0,5.0,27.61,31.0,23.0,41.6,48.2
806.488,89,120.0,1550.0,59.0,5.0,27.61,31.0,23.0,41.6,48.2
806.609,89,120.0,1550.0,60.0,5.0,27.61,31.0,23.0,41.6,48.2
806.698,89,120.0,1550.0,60.0,2.0,27.61,31.0,23.0,41.6,48.2
806.819,89,120.0,1550.0,60.0,2.0,33.63,31.0,23.0,41.6,48.2
806.908,89,120.0,1550.0,60.0,2.0,33.63,83.5,23.0,41.6,48.2
806.998,89,120.0,1550.0,60.0,2.0,33.63,83.5,23.0,41.6,48.2
807.118,89,120.0,1550.0,60.0,2.0,33.63,83.5,23.0,48.2,48.2
807.18,89,120.0,1550.0,60.0,2.0,33.63,83.5,23.0,48.2,49.0
807.239,89,120.0,1550.0,60.0,2.0,33.63,83.5,23.0,48.2,49.0
807.368,89,163.0,1550.0,60.0,2.0,33.63,83.5,23.0,48.2,49.0
807.478,89,163.0,1623.0,60.0,2.0,33.63,83.5,23.0,48.2,49.0
807.598,89,163.0,1623.0,63.0,2.0,33.63,83.5,23.0,48.2,49.0
807.688,89,163.0,1623.0,63.0,3.0,33.63,83.5,23.0,48.2,49.0
807.808,89,163.0,1623.0,63.0,3.0,35.52,83.5,23.0,48.2,49.0
807.898,89,163.0,1623.0,63.0,3.0,35.52,83.5,23.0,48.2,49.0
807.99,89,163.0,1623.0,63.0,3.0,35.52,83.5,23.0,48.2,49.0
808.078,89,163.0,1623.0,63.0,3.0,35.52,83.5,23.0,47.8,49.0
808.17,89,163.0,1623.0,63.0,3.0,35.52,83.5,23.0,47.8,48.6
808.229,89,163.0,1623.0,63.0,3.0,35.52,83.5,23.0,47.8,48.6
808.35,89,187.0,1623.0,63.0,3.0,35.52,83.5,23.0,47.8,48.6
808.438,89,187.0,1700.0,63.0,3.0,35.52,83.5,23.0,47.8,48.6
808.558,89,187.0,1700.0,66.0,3.0,35.52,83.5,23.0,47.8,48.6
808.618,89,187.0,1700.0,66.0,4.0,35.52,83.5,23.0,47.8,48.6
808.678,89,187.0,1700.0,66.0,4.0,35.77,83.5,23.0,47.8,48.6
808.769,89,187.0,1700.0,66.0,4.0,35.77,83.5,23.0,47.8,48.6
808.859,89,187.0,1700.0,66.0,4.0,35.77,83.5,23.0,47.8,48.6
808.949,89,187.0,1700.0,66.0,4.0,35.77,83.5,23.0,36.1,48.6
809.068,89,187.0,1700.0,66.0,4.0,35.77,83.5,23.0,36.1,36.9
809.189,89,187.0,1700.0,66.0,4.0,35.77,83.5,23.0,36.1,36.9
809.278,89,134.0,1700.0,66.0,4.0,35.77,83.5,23.0,36.1,36.9
809.398,89,134.0,1720.0,66.0,4.0,35.77,83.5,23.0,36.1,36.9
809.488,89,134.0,1720.0,67.0,4.0,35.77,83.5,23.0,36.1,36.9
809.609,89,134.0,1720.0,67.0,5.0,35.77,83.5,23.0,36.1,36.9
809.698,89,134.0,1720.0,67.0,5.0,20.36,83.5,23.0,36.1,36.9
809.818,89,134.0,1720.0,67.0,5.0,20.36,83.5,23.0,36.1,36.9
809.878,89,134.0,1720.0,67.0,5.0,20.36,83.5,23.0,36.1,36.9
809.939,89,134.0,1720.0,67.0,5.0,20.36,83.5,23.0,36.1,36.9
810.029,89,134.0,1720.0,67.0,5.0,20.36,83.5,23.0,36.1,36.5
810.148,89,134.0,1720.0,67.0,5.0,20.36,83.5,23.0,36.1,36.5
810.238,89,125.0,1720.0,67.0,5.0,20.36,83.5,23.0,36.1,36.5
810.36,89,125.0,1628.0,67.0,5.0,20.36,83.5,23.0,36.1,36.5
810.447,89,125.0,1628.0,67.0,5.0,20.36,83.5,23.0,36.1,36.5
810.568,89,125.0,1628.0,67.0,3.0,20.36,83.5,23.0,36.1,36.5
810.628,89,125.0,1628.0,67.0,3.0,12.63,83.5,23.0,36.1,36.5
810.689,89,125.0,1628.0,67.0,3.0,12.63,83.5,23.0,36.1,36.5
810.778,89,125.0,1628.0,67.0,3.0,12.63,83.5,23.0,36.1,36.5
810.84,89,125.0,1628.0,67.0,3.0,12.63,83.5,23.0,24.7,36.5
811.049,89,125.0,1628.0,67.0,3.0,12.63,83.5,23.0,24.7,25.9
811.139,89,125.0,1628.0,67.0,3.0,12.63,83.5,23.0,24.7,25.9
811.259,89,115.0,1628.0,67.0,3.0,12.63,83.5,23.0,24.7,25.9
811.32,89,115.0,1343.0,67.0,3.0,12.63,83.5,23.0,24.7,25.9
811.381,89,115.0,1343.0,66.0,3.0,12.63,83.5,23.0,24.7,25.9
811.529,89,115.0,1343.0,66.0,1.0,12.63,83.5,23.0,24.7,25.9
811.589,89,115.0,1343.0,66.0,1.0,14.41,83.5,23.0,24.7,25.9
811.708,89,115.0,1343.0,66.0,1.0,14.41,83.5,23.0,24.7,25.9
811.769,89,115.0,1343.0,66.0,1.0,14.41,83.5,23.0,24.7,25.9
811.889,89,115.0,1343.0,66.0,1.0,14.41,83.5,23.0,29.4,25.9
811.978,89,115.0,1343.0,66.0,1.0,14.41,83.5,23.0,29.4,29.8
812.04,89,115.0,1343.0,66.0,1.0,14.41,83.5,23.0,29.4,29.8
812.128,89,109.0,1343.0,66.0,1.0,14.41,83.5,23.0,29.4,29.8
812.219,89,109.0,1341.0,66.0,1.0,14.41,83.5,23.0,29.4,29.8
812.279,89,109.0,1341.0,66.0,1.0,14.41,83.5,23.0,29.4,29.8
812.34,89,109.0,1341.0,66.0,4.0,14.41,83.5,23.0,29.4,29.8
812.458,89,109.0,1341.0,66.0,4.0,12.74,83.5,23.0,29.4,29.8
812.548,89,109.0,1341.0,66.0,4.0,12.74,83.5,23.0,29.4,29.8
812.699,89,109.0,1341.0,66.0,4.0,12.74,83.5,23.0,29.4,29.8
812.788,89,109.0,1341.0,66.0,4.0,12.74,83.5,23.0,14.1,29.8
812.91,89,109.0,1341.0,66.0,4.0,12.74,83.5,23.0,14.1,14.5
812.971,89,109.0,1341.0,66.0,4.0,12.74,83.5,23.0,14.1,14.5
813.03,89,111.0,1341.0,66.0,4.0,12.74,83.5,23.0,14.1,14.5
813.149,89,111.0,856.0,66.0,4.0,12.74,83.5,23.0,14.1,14.5
813.241,89,111.0,856.0,65.0,4.0,12.74,83.5,23.0,14.1,14.5
813.329,89,111.0,856.0,65.0,4.0,12.74,83.5,23.0,14.1,14.5
813.419,89,111.0,856.0,65.0,4.0,10.44,83.5,23.0,14.1,14.5
813.479,89,111.0,856.0,65.0,4.0,10.44,83.5,23.0,14.1,14.5
813.538,89,111.0,856.0,65.0,4.0,10.44,83.5,23.0,14.1,14.5
813.658,89,111.0,856.0,65.0,4.0,10.44,83.5,23.0,14.1,14.5
813.721,89,111.0,856.0,65.0,4.0,10.44,83.5,23.0,14.1,14.5
813.779,89,111.0,856.0,65.0,4.0,10.44,83.5,23.0,14.1,14.5
813.869,89,109.0,856.0,65.0,4.0,10.44,83.5,23.0,14.1,14.5
813.988,89,109.0,1627.0,65.0,4.0,10.44,83.5,23.0,14.1,14.5
814.138,89,109.0,1627.0,63.0,4.0,10.44,83.5,23.0,14.1,14.5
814.26,89,109.0,1627.0,63.0,5.0,10.44,83.5,23.0,14.1,14.5
814.348,89,109.0,1627.0,63.0,5.0,19.66,83.5,23.0,14.1,14.5
814.468,89,109.0,1627.0,63.0,5.0,19.66,83.5,23.0,14.1,14.5
814.558,89,109.0,1627.0,63.0,5.0,19.66,83.5,23.0,14.1,14.5
814.679,89,109.0,1627.0,63.0,5.0,19.66,83.5,23.0,14.1,14.5
814.768,89,109.0,1627.0,63.0,5.0,19.66,83.5,23.0,14.1,14.5
814.895,90,109.0,1627.0,63.0,5.0,19.66,83.5,23.0,14.1,14.5
814.978,90,119.0,1627.0,63.0,5.0,19.66,83.5,23.0,14.1,14.5
815.068,90,119.0,1560.0,63.0,5.0,19.66,83.5,23.0,14.1,14.5
815.157,90,119.0,1560.0,61.0,5.0,19.66,83.5,23.0,14.1,14.5
815.277,90,119.0,1560.0,61.0,10.0,19.66,83.5,23.0,14.1,14.5
815.367,90,119.0,1560.0,61.0,10.0,28.69,83.5,23.0,14.1,14.5
815.487,90,119.0,1560.0,61.0,10.0,28.69,83.5,23.0,14.1,14.5
815.577,90,119.0,1560.0,61.0,10.0,28.69,83.5,23.0,14.1,14.5
815.697,90,119.0,1560.0,61.0,10.0,28.69,83.5,23.0,14.1,14.5
815.788,90,119.0,1560.0,61.0,10.0,28.69,83.5,23.0,14.1,14.1
815.907,90,119.0,1560.0,61.0,10.0,28.69,83.5,23.0,14.1,14.1
815.997,90,119.0,1560.0,61.0,10.0,28.69,83.5,23.0,14.1,14.1
816.089,90,119.0,1507.0,61.0,10.0,28.69,83.5,23.0,14.1,14.1
816.208,90,119.0,1507.0,59.0,10.0,28.69,83.5,23.0,14.1,14.1
816.298,90,119.0,1507.0,59.0,13.0,28.69,83.5,23.0,14.1,14.1
816.388,90,119.0,1507.0,59.0,13.0,27.44,83.5,23.0,14.1,14.1
816.478,90,119.0,1507.0,59.0,13.0,27.44,83.5,23.0,14.1,14.1
816.598,90,119.0,1507.0,59.0,13.0,27.44,83.5,23.0,14.1,14.1
816.688,90,119.0,1507.0,59.0,13.0,27.44,83.5,23.0,14.1,14.1
816.78,90,119.0,1507.0,59.0,13.0,27.44,83.5,23.0,14.1,14.5
816.868,90,119.0,1507.0,59.0,13.0,27.44,83.5,23.0,14.1,14.5
817.079,90,117.0,1507.0,59.0,13.0,27.44,83.5,23.0,14.1,14.5
817.169,90,117.0,1450.0,59.0,13.0,27.44,83.5,23.0,14.1,14.5
817.291,90,117.0,1450.0,56.0,13.0,27.44,83.5,23.0,14.1,14.5
817.378,90,117.0,1450.0,56.0,13.0,27.44,83.5,23.0,14.1,14.5
817.498,90,117.0,1450.0,56.0,13.0,26.24,83.5,23.0,14.1,14.5
817.588,90,117.0,1450.0,56.0,13.0,26.24,83.5,23.0,14.1,14.5
817.708,90,117.0,1450.0,56.0,13.0,26.24,83.5,23.0,14.1,14.5
817.798,90,117.0,1450.0,56.0,13.0,26.24,83.5,23.0,14.1,14.5
817.919,90,117.0,1450.0,56.0,13.0,26.24,83.5,23.0,14.1,14.5
818.011,90,117.0,1450.0,56.0,13.0,26.24,83.5,23.0,14.1,14.5
818.098,90,116.0,1450.0,56.0,13.0,26.24,83.5,23.0,14.1,14.5
818.188,90,116.0,933.0,56.0,13.0,26.24,83.5,23.0,14.1,14.5
818.308,90,116.0,933.0,55.0,13.0,26.24,83.5,23.0,14.1,14.5
818.398,90,116.0,933.0,55.0,14.0,26.24,83.5,23.0,14.1,14.5
818.518,90,116.0,933.0,55.0,14.0,8.27,83.5,23.0,14.1,14.5
818.608,90,116.0,933.0,55.0,14.0,8.27,83.5,23.0,14.1,14.5
818.727,90,116.0,933.0,55.0,14.0,8.27,83.5,23.0,14.1,14.5
818.818,90,116.0,933.0,55.0,14.0,8.27,83.5,23.0,14.1,14.5
818.939,90,116.0,933.0,55.0,14.0,8.27,83.5,23.0,14.1,14.5
819.029,90,116.0,933.0,55.0,14.0,8.27,83.5,23.0,14.1,14.5
819.118,90,108.0,933.0,55.0,14.0,8.27,83.5,23.0,14.1,14.5
819.238,90,108.0,1387.0,55.0,14.0,8.27,83.5,23.0,14.1,14.5
819.389,90,108.0,1387.0,53.0,14.0,8.27,83.5,23.0,14.1,14.5
819.478,90,108.0,1387.0,53.0,9.0,8.27,83.5,23.0,14.1,14.5
819.598,90,108.0,1387.0,53.0,9.0,19.58,83.5,23.0,14.1,14.5
819.688,90,108.0,1387.0,53.0,9.0,19.58,83.5,23.0,14.1,14.5
819.838,90,108.0,1387.0,53.0,9.0,19.58,83.5,23.0,14.1,14.5
819.928,90,108.0,1387.0,53.0,9.0,19.58,83.5,23.0,15.7,14.5
820.139,90,108.0,1387.0,53.0,9.0,19.58,83.5,23.0,15.7,22.4
820.228,90,108.0,1387.0,53.0,9.0,19.58,83.5,23.0,15.7,22.4
820.351,90,120.0,1387.0,53.0,9.0,19.58,83.5,23.0,15.7,22.4
820.438,90,120.0,1891.0,53.0,9.0,19.58,83.5,23.0,15.7,22.4
820.558,90,120.0,1891.0,50.0,9.0,19.58,83.5,23.0,15.7,22.4
820.648,90,120.0,1891.0,50.0,17.0,19.58,83.5,23.0,15.7,22.4
820.769,90,120.0,1891.0,50.0,17.0,23.08,83.5,23.0,15.7,22.4
820.858,90,120.0,1891.0,50.0,17.0,23.08,83.5,23.0,15.7,22.4
820.978,90,120.0,1891.0,50.0,17.0,23.08,83.5,23.0,15.7,22.4
821.068,90,120.0,1891.0,50.0,17.0,23.08,83.5,23.0,32.2,22.4
821.158,90,120.0,1891.0,50.0,17.0,23.08,83.5,23.0,32.2,32.5
821.25,90,120.0,1891.0,50.0,17.0,23.08,83.5,23.0,32.2,32.5
821.338,90,118.0,1891.0,50.0,17.0,23.08,83.5,23.0,32.2,32.5
821.461,90,118.0,1870.0,50.0,17.0,23.08,83.5,23.0,32.2,32.5
821.548,90,118.0,1870.0,50.0,17.0,23.08,83.5,23.0,32.2,32.5
821.668,90,118.0,1870.0,50.0,15.0,23.08,83.5,23.0,32.2,32.5
821.758,90,118.0,1870.0,50.0,15.0,19.94,83.5,23.0,32.2,32.5
821.878,90,118.0,1870.0,50.0,15.0,19.94,83.5,23.0,32.2,32.5
821.967,90,118.0,1870.0,50.0,15.0,19.94,83.5,23.0,32.2,32.5
822.059,90,118.0,1870.0,50.0,15.0,19.94,83.5,23.0,39.2,32.5
822.148,90,118.0,1870.0,50.0,15.0,19.94,83.5,23.0,39.2,40.0
822.268,90,118.0,1870.0,50.0,15.0,19.94,83.5,23.0,39.2,40.0
822.358,90,134.0,1870.0,50.0,15.0,19.94,83.5,23.0,39.2,40.0
822.478,90,134.0,1891.0,50.0,15.0,19.94,83.5,23.0,39.2,40.0
822.568,90,134.0,1891.0,51.0,15.0,19.94,83.5,23.0,39.2,40.0
822.688,90,134.0,1891.0,51.0,16.0,19.94,83.5,23.0,39.2,40.0
822.778,90,134.0,1891.0,51.0,16.0,25.05,83.5,23.0,39.2,40.0
822.928,90,134.0,1891.0,51.0,16.0,25.05,83.5,23.0,39.2,40.0
823.019,90,134.0,1891.0,51.0,16.0,25.05,83.5,23.0,39.2,40.0
823.169,90,134.0,1891.0,51.0,16.0,25.05,83.5,23.0,42.7,40.0
823.258,90,134.0,1891.0,51.0,16.0,25.05,83.5,23.0,42.7,44.3
823.378,90,134.0,1891.0,51.0,16.0,25.05,83.5,23.0,42.7,44.3
823.468,90,151.0,1891.0,51.0,16.0,25.05,83.5,23.0,42.7,44.3
823.589,90,151.0,1943.0,51.0,16.0,25.05,83.5,23.0,42.7,44.3
823.678,90,151.0,1943.0,52.0,16.0,25.05,83.5,23.0,42.7,44.3
823.8,90,151.0,1943.0,52.0,18.0,25.05,83.5,23.0,42.7,44.3
823.888,90,151.0,1943.0,52.0,18.0,32.88,83.5,23.0,42.7,44.3
824.099,90,151.0,1943.0,52.0,18.0,32.88,83.5,23.0,42.7,44.3
824.188,90,151.0,1943.0,52.0,18.0,32.88,83.5,23.0,42.7,44.3
824.31,90,151.0,1943.0,52.0,18.0,32.88,83.5,23.0,45.9,44.3
824.398,90,151.0,1943.0,52.0,18.0,32.88,83.5,23.0,45.9,46.7
824.518,91,151.0,1943.0,52.0,18.0,32.88,83.5,23.0,45.9,46.7
824.608,91,174.0,1943.0,52.0,18.0,32.88,83.5,23.0,45.9,46.7
824.728,91,174.0,2049.0,52.0,18.0,32.88,83.5,23.0,45.9,46.7
824.819,91,174.0,2049.0,55.0,18.0,32.88,83.5,23.0,45.9,46.7
824.939,91,174.0,2049.0,55.0,20.0,32.88,83.5,23.0,45.9,46.7
825.029,91,174.0,2049.0,55.0,20.0,40.61,83.5,23.0,45.9,46.7
825.118,91,174.0,2049.0,55.0,20.0,40.61,83.5,23.0,45.9,46.7
825.208,91,174.0,2049.0,55.0,20.0,40.61,83.5,23.0,45.9,46.7
825.329,91,174.0,2049.0,55.0,20.0,40.61,83.5,23.0,47.8,46.7
825.478,91,174.0,2049.0,55.0,20.0,40.61,83.5,23.0,47.8,48.6
825.568,91,174.0,2049.0,55.0,20.0,40.61,83.5,23.0,47.8,48.6
825.69,91,195.0,2049.0,55.0,20.0,40.61,83.5,23.0,47.8,48.6
825.779,91,195.0,2180.0,55.0,20.0,40.61,83.5,23.0,47.8,48.6
825.898,91,195.0,2180.0,59.0,20.0,40.61,83.5,23.0,47.8,48.6
825.989,91,195.0,2180.0,59.0,21.0,40.61,83.5,23.0,47.8,48.6
826.11,91,195.0,2180.0,59.0,21.0,53.3,83.5,23.0,47.8,48.6
826.259,91,195.0,2180.0,59.0,21.0,53.3,83.5,23.0,47.8,48.6
826.379,91,195.0,2180.0,59.0,21.0,53.3,83.5,23.0,47.8,48.6
826.468,91,195.0,2180.0,59.0,21.0,53.3,83.5,23.0,48.2,48.6
826.588,91,195.0,2180.0,59.0,21.0,53.3,83.5,23.0,48.2,49.0
826.678,91,195.0,2180.0,59.0,21.0,53.3,83.5,23.0,48.2,49.0
826.8,91,202.0,2180.0,59.0,21.0,53.3,83.5,23.0,48.2,49.0
826.888,91,202.0,2348.0,59.0,21.0,53.3,83.5,23.0,48.2,49.0
827.008,91,202.0,2348.0,63.0,21.0,53.3,83.5,23.0,48.2,49.0
827.218,91,202.0,2348.0,63.0,23.0,53.3,83.5,23.0,48.2,49.0
827.34,91,202.0,2348.0,63.0,23.0,35.27,83.5,23.0,48.2,49.0
827.428,91,202.0,2348.0,63.0,23.0,35.27,31.0,23.0,48.2,49.0
827.548,91,202.0,2348.0,63.0,23.0,35.27,31.0,23.0,48.2,49.0
827.638,91,202.0,2348.0,63.0,23.0,35.27,31.0,23.0,27.1,49.0
827.759,91,202.0,2348.0,63.0,23.0,35.27,31.0,23.0,27.1,29.4
827.848,91,202.0,2348.0,63.0,23.0,35.27,31.0,23.0,27.1,29.4
827.969,91,103.0,2348.0,63.0,23.0,35.27,31.0,23.0,27.1,29.4
828.059,91,103.0,1618.0,63.0,23.0,35.27,31.0,23.0,27.1,29.4
828.149,91,103.0,1618.0,63.0,23.0,35.27,31.0,23.0,27.1,29.4
828.268,91,103.0,1618.0,63.0,20.0,35.27,31.0,23.0,27.1,29.4
828.358,91,103.0,1618.0,63.0,20.0,16.49,31.0,23.0,27.1,29.4
828.479,91,103.0,1618.0,63.0,20.0,16.49,83.5,23.0,27.1,29.4
828.629,91,103.0,1618.0,63.0,20.0,16.49,83.5,23.0,27.1,29.4
828.728,91,103.0,1618.0,63.0,20.0,16.49,83.5,23.0,31.4,29.4
828.868,91,103.0,1618.0,63.0,20.0,16.49,83.5,23.0,31.4,31.8
828.96,91,103.0,1618.0,63.0,20.0,16.49,83.5,23.0,31.4,31.8
829.111,91,120.0,1618.0,63.0,20.0,16.49,83.5,23.0,31.4,31.8
829.198,91,120.0,1618.0,63.0,20.0,16.49,83.5,23.0,31.4,31.8
829.319,91,120.0,1618.0,63.0,20.0,16.49,83.5,23.0,31.4,31.8
829.408,91,120.0,1618.0,63.0,17.0,16.49,83.5,23.0,31.4,31.8
829.529,91,120.0,1618.0,63.0,17.0,17.91,83.5,23.0,31.4,31.8
829.618,91,120.0,1618.0,63.0,17.0,17.91,83.5,23.0,31.4,31.8
829.739,91,120.0,1618.0,63.0,17.0,17.91,83.5,23.0,31.4,31.8
829.829,91,120.0,1618.0,63.0,17.0,17.91,83.5,23.0,35.7,31.8
829.949,91,120.0,1618.0,63.0,17.0,17.91,83.5,23.0,35.7,36.1
830.038,91,120.0,1618.0,63.0,17.0,17.91,83.5,23.0,35.7,36.1
830.128,91,131.0,1618.0,63.0,17.0,17.91,83.5,23.0,35.7,36.1
830.219,91,131.0,1624.0,63.0,17.0,17.91,83.5,23.0,35.7,36.1
830.339,91,131.0,1624.0,63.0,17.0,17.91,83.5,23.0,35.7,36.1
830.428,91,131.0,1624.0,63.0,18.0,17.91,83.5,23.0,35.7,36.1
830.548,91,131.0,1624.0,63.0,18.0,18.66,83.5,23.0,35.7,36.1
830.638,91,131.0,1624.0,63.0,18.0,18.66,83.5,23.0,35.7,36.1
830.758,91,131.0,1624.0,63.0,18.0,18.66,83.5,23.0,35.7,36.1
830.848,91,131.0,1624.0,63.0,18.0,18.66,83.5,23.0,36.9,36.1
830.969,91,131.0,1624.0,63.0,18.0,18.66,83.5,23.0,36.9,37.6
831.058,91,131.0,1624.0,63.0,18.0,18.66,83.5,23.0,36.9,37.6
831.148,91,130.0,1624.0,63.0,18.0,18.66,83.5,23.0,36.9,37.6
831.24,91,130.0,1636.0,63.0,18.0,18.66,83.5,23.0,36.9,37.6
831.329,91,130.0,1636.0,64.0,18.0,18.66,83.5,23.0,36.9,37.6
831.449,91,130.0,1636.0,64.0,19.0,18.66,83.5,23.0,36.9,37.6
831.538,91,130.0,1636.0,64.0,19.0,19.66,83.5,23.0,36.9,37.6
831.66,91,130.0,1636.0,64.0,19.0,19.66,83.5,23.0,36.9,37.6
831.748,91,130.0,1636.0,64.0,19.0,19.66,83.5,23.0,36.9,37.6
831.869,91,130.0,1636.0,64.0,19.0,19.66,83.5,23.0,38.4,37.6
831.958,91,130.0,1636.0,64.0,19.0,19.66,83.5,23.0,38.4,39.6
832.049,91,130.0,1636.0,64.0,19.0,19.66,83.5,23.0,38.4,39.6
832.23,91,133.0,1636.0,64.0,19.0,19.66,83.5,23.0,38.4,39.6
832.318,91,133.0,1653.0,64.0,19.0,19.66,83.5,23.0,38.4,39.6
832.438,91,133.0,1653.0,64.0,19.0,19.66,83.5,23.0,38.4,39.6
832.527,91,133.0,1653.0,64.0,20.0,19.66,83.5,23.0,38.4,39.6
832.648,91,133.0,1653.0,64.0,20.0,22.8,83.5,23.0,38.4,39.6
832.738,91,133.0,1653.0,64.0,20.0,22.8,83.5,23.0,38.4,39.6
832.858,91,133.0,1653.0,64.0,20.0,22.8,83.5,23.0,38.4,39.6
832.948,91,133.0,1653.0,64.0,20.0,22.8,83.5,23.0,42.0,39.6
833.069,91,133.0,1653.0,64.0,20.0,22.8,83.5,23.0,42.0,42.4
833.189,91,133.0,1653.0,64.0,20.0,22.8,83.5,23.0,42.0,42.4
833.278,91,150.0,1653.0,64.0,20.0,22.8,83.5,23.0,42.0,42.4
833.372,91,150.0,1683.0,64.0,20.0,22.8,83.5,23.0,42.0,42.4
833.457,91,150.0,1683.0,65.0,20.0,22.8,83.5,23.0,42.0,42.4
833.578,91,150.0,1683.0,65.0,22.0,22.8,83.5,23.0,42.0,42.4
833.668,91,150.0,1683.0,65.0,22.0,24.47,83.5,23.0,42.0,42.4
833.791,91,150.0,1683.0,65.0,22.0,24.47,83.5,23.0,42.0,42.4
833.879,91,150.0,1683.0,65.0,22.0,24.47,83.5,23.0,42.0,42.4
833.999,91,150.0,1683.0,65.0,22.0,24.47,83.5,23.0,39.6,42.4
834.09,91,150.0,1683.0,65.0,22.0,24.47,83.5,23.0,39.6,38.4
834.178,91,150.0,1683.0,65.0,22.0,24.47,83.5,23.0,39.6,38.4
834.299,91,139.0,1683.0,65.0,22.0,24.47,83.5,23.0,39.6,38.4
834.405,91,139.0,1695.0,65.0,22.0,24.47,83.5,23.0,39.6,38.4
834.508,91,139.0,1695.0,66.0,22.0,24.47,83.5,23.0,39.6,38.4
834.598,91,139.0,1695.0,66.0,22.0,24.47,83.5,23.0,39.6,38.4
834.723,91,139.0,1695.0,66.0,22.0,18.72,83.5,23.0,39.6,38.4
834.808,91,139.0,1695.0,66.0,22.0,18.72,83.5,23.0,39.6,38.4
834.928,91,139.0,1695.0,66.0,22.0,18.72,83.5,23.0,39.6,38.4
835.081,91,139.0,1695.0,66.0,22.0,18.72,83.5,23.0,34.1,38.4
835.228,91,139.0,1695.0,66.0,22.0,18.72,83.5,23.0,34.1,34.5
835.318,92,139.0,1695.0,66.0,22.0,18.72,83.5,23.0,34.1,34.5
835.438,92,121.0,1695.0,66.0,22.0,18.72,83.5,23.0,34.1,34.5
835.528,92,121.0,1703.0,66.0,22.0,18.72,83.5,23.0,34.1,34.5
835.619,92,121.0,1703.0,66.0,22.0,18.72,83.5,23.0,34.1,34.5
835.708,92,121.0,1703.0,66.0,21.0,18.72,83.5,23.0,34.1,34.5
835.828,92,121.0,1703.0,66.0,21.0,18.16,83.5,23.0,34.1,34.5
835.918,92,121.0,1703.0,66.0,21.0,18.16,83.5,23.0,34.1,34.5
836.038,92,121.0,1703.0,66.0,21.0,18.16,83.5,23.0,34.1,34.5
836.249,92,121.0,1703.0,66.0,21.0,18.16,83.5,23.0,40.4,34.5
836.368,92,121.0,1703.0,66.0,21.0,18.16,83.5,23.0,40.4,42.4
836.458,92,121.0,1703.0,66.0,21.0,18.16,83.5,23.0,40.4,42.4
836.578,92,134.0,1703.0,66.0,21.0,18.16,83.5,23.0,40.4,42.4
836.668,92,134.0,1722.0,66.0,21.0,18.16,83.5,23.0,40.4,42.4
836.789,92,134.0,1722.0,67.0,21.0,18.16,83.5,23.0,40.4,42.4
836.878,92,134.0,1722.0,67.0,22.0,18.16,83.5,23.0,40.4,42.4
837.0,92,134.0,1722.0,67.0,22.0,27.8,83.5,23.0,40.4,42.4
837.089,92,134.0,1722.0,67.0,22.0,27.8,83.5,23.0,40.4,42.4
837.178,92,134.0,1722.0,67.0,22.0,27.8,83.5,23.0,40.4,42.4
837.269,92,134.0,1722.0,67.0,22.0,27.8,83.5,23.0,42.7,42.4
837.358,92,134.0,1722.0,67.0,22.0,27.8,83.5,23.0,42.7,43.1
837.479,92,134.0,1722.0,67.0,22.0,27.8,83.5,23.0,42.7,43.1
837.568,92,153.0,1722.0,67.0,22.0,27.8,83.5,23.0,42.7,43.1
837.688,92,153.0,1761.0,67.0,22.0,27.8,83.5,23.0,42.7,43.1
837.778,92,153.0,1761.0,69.0,22.0,27.8,83.5,23.0,42.7,43.1
837.9,92,153.0,1761.0,69.0,24.0,27.8,83.5,23.0,42.7,43.1
837.989,92,153.0,1761.0,69.0,24.0,27.52,83.5,23.0,42.7,43.1
838.078,92,153.0,1761.0,69.0,24.0,27.52,83.5,23.0,42.7,43.1
838.168,92,153.0,1761.0,69.0,24.0,27.52,83.5,23.0,42.7,43.1
838.291,92,153.0,1761.0,69.0,24.0,27.52,83.5,23.0,41.6,43.1
838.384,92,153.0,1761.0,69.0,24.0,27.52,83.5,23.0,41.6,41.6
838.498,92,153.0,1761.0,69.0,24.0,27.52,83.5,23.0,41.6,41.6
838.588,92,146.0,1761.0,69.0,24.0,27.52,83.5,23.0,41.6,41.6
838.709,92,146.0,1788.0,69.0,24.0,27.52,83.5,23.0,41.6,41.6
838.8,92,146.0,1788.0,70.0,24.0,27.52,83.5,23.0,41.6,41.6
838.919,92,146.0,1788.0,70.0,24.0,27.52,83.5,23.0,41.6,41.6
839.01,92,146.0,1788.0,70.0,24.0,21.72,83.5,23.0,41.6,41.6
839.1,92,146.0,1788.0,70.0,24.0,21.72,83.5,23.0,41.6,41.6
839.249,92,146.0,1788.0,70.0,24.0,21.72,83.5,23.0,41.6,41.6
839.338,92,146.0,1788.0,70.0,24.0,21.72,83.5,23.0,34.9,41.6
839.429,92,146.0,1788.0,70.0,24.0,21.72,83.5,23.0,34.9,35.3
839.518,92,146.0,1788.0,70.0,24.0,21.72,83.5,23.0,34.9,35.3
839.639,92,127.0,1788.0,70.0,24.0,21.72,83.5,23.0,34.9,35.3
839.732,92,127.0,1802.0,70.0,24.0,21.72,83.5,23.0,34.9,35.3
839.879,92,127.0,1802.0,70.0,24.0,21.72,83.5,23.0,34.9,35.3
839.97,92,127.0,1802.0,70.0,23.0,21.72,83.5,23.0,34.9,35.3
840.208,92,127.0,1802.0,70.0,23.0,19.55,83.5,23.0,34.9,35.3
840.3,92,127.0,1802.0,70.0,23.0,19.55,83.5,23.0,34.9,35.3
840.389,92,127.0,1802.0,70.0,23.0,19.55,83.5,23.0,34.9,35.3
840.478,92,127.0,1802.0,70.0,23.0,19.55,83.5,23.0,36.1,35.3
840.598,92,127.0,1802.0,70.0,23.0,19.55,83.5,23.0,36.1,36.5
840.689,92,127.0,1802.0,70.0,23.0,19.55,83.5,23.0,36.1,36.5
840.81,92,125.0,1802.0,70.0,23.0,19.55,83.5,23.0,36.1,36.5
840.898,92,125.0,1814.0,70.0,23.0,19.55,83.5,23.0,36.1,36.5
841.019,92,125.0,1814.0,71.0,23.0,19.55,83.5,23.0,36.1,36.5
841.108,92,125.0,1814.0,71.0,23.0,19.55,83.5,23.0,36.1,36.5
841.229,92,125.0,1814.0,71.0,23.0,23.02,83.5,23.0,36.1,36.5
841.321,92,125.0,1814.0,71.0,23.0,23.02,83.5,23.0,36.1,36.5
841.438,92,125.0,1814.0,71.0,23.0,23.02,83.5,23.0,36.1,36.5
841.529,92,125.0,1814.0,71.0,23.0,23.02,83.5,23.0,38.0,36.5
841.618,92,125.0,1814.0,71.0,23.0,23.02,83.5,23.0,38.0,38.4
841.738,92,125.0,1814.0,71.0,23.0,23.02,83.5,23.0,38.0,38.4
841.828,92,135.0,1814.0,71.0,23.0,23.02,83.5,23.0,38.0,38.4
841.951,92,135.0,1831.0,71.0,23.0,23.02,83.5,23.0,38.0,38.4
842.043,92,135.0,1831.0,71.0,23.0,23.02,83.5,23.0,38.0,38.4
842.16,92,135.0,1831.0,71.0,24.0,23.02,83.5,23.0,38.0,38.4
842.248,92,135.0,1831.0,71.0,24.0,22.05,83.5,23.0,38.0,38.4
842.369,92,135.0,1831.0,71.0,24.0,22.05,83.5,23.0,38.0,38.4
842.458,92,135.0,1831.0,71.0,24.0,22.05,83.5,23.0,38.0,38.4
842.579,92,135.0,1831.0,71.0,24.0,22.05,83.5,23.0,32.5,38.4
842.669,92,135.0,1831.0,71.0,24.0,22.05,83.5,23.0,32.5,32.5
842.791,92,135.0,1831.0,71.0,24.0,22.05,83.5,23.0,32.5,32.5
842.878,92,123.0,1831.0,71.0,24.0,22.05,83.5,23.0,32.5,32.5
843.001,92,123.0,1831.0,71.0,24.0,22.05,83.5,23.0,32.5,32.5
843.091,92,123.0,1831.0,71.0,24.0,22.05,83.5,23.0,32.5,32.5
843.18,92,123.0,1831.0,71.0,24.0,22.05,83.5,23.0,32.5,32.5
843.27,92,123.0,1831.0,71.0,24.0,17.88,83.5,23.0,32.5,32.5
843.388,92,123.0,1831.0,71.0,24.0,17.88,83.5,23.0,32.5,32.5
843.478,92,123.0,1831.0,71.0,24.0,17.88,83.5,23.0,32.5,32.5
843.598,92,123.0,1831.0,71.0,24.0,17.88,83.5,23.0,14.1,32.5
843.689,92,123.0,1831.0,71.0,24.0,17.88,83.5,23.0,14.1,14.5
843.808,93,123.0,1831.0,71.0,24.0,17.88,83.5,23.0,14.1,14.5
843.898,93,117.0,1831.0,71.0,24.0,17.88,83.5,23.0,14.1,14.5
844.019,93,117.0,1797.0,71.0,24.0,17.88,83.5,23.0,14.1,14.5
844.109,93,117.0,1797.0,70.0,24.0,17.88,83.5,23.0,14.1,14.5
844.199,93,117.0,1797.0,70.0,23.0,17.88,83.5,23.0,14.1,14.5
844.32,93,117.0,1797.0,70.0,23.0,21.58,83.5,23.0,14.1,14.5
844.438,93,117.0,1797.0,70.0,23.0,21.58,83.5,23.0,14.1,14.5
844.528,93,117.0,1797.0,70.0,23.0,21.58,83.5,23.0,14.1,14.5
844.648,93,117.0,1797.0,70.0,23.0,21.58,83.5,23.0,14.1,14.5
844.738,93,117.0,1797.0,70.0,23.0,21.58,83.5,23.0,14.1,14.5
844.858,93,117.0,1797.0,70.0,23.0,21.58,83.5,23.0,14.1,14.5
844.948,93,124.0,1797.0,70.0,23.0,21.58,83.5,23.0,14.1,14.5
845.07,93,124.0,1749.0,70.0,23.0,21.58,83.5,23.0,14.1,14.5
845.159,93,124.0,1749.0,68.0,23.0,21.58,83.5,23.0,14.1,14.5
845.249,93,124.0,1749.0,68.0,26.0,21.58,83.5,23.0,14.1,14.5
845.355,93,124.0,1749.0,68.0,26.0,33.97,83.5,23.0,14.1,14.5
845.429,93,124.0,1749.0,68.0,26.0,33.97,83.5,23.0,14.1,14.5
845.548,93,124.0,1749.0,68.0,26.0,33.97,83.5,23.0,14.1,14.5
845.638,93,124.0,1749.0,68.0,26.0,33.97,83.5,23.0,14.1,14.5
845.758,93,124.0,1749.0,68.0,26.0,33.97,83.5,23.0,14.1,14.5
845.849,93,124.0,1749.0,68.0,26.0,33.97,83.5,23.0,14.1,14.5
845.97,93,124.0,1749.0,68.0,26.0,33.97,83.5,23.0,14.1,14.5
846.058,93,124.0,1720.0,68.0,26.0,33.97,83.5,23.0,14.1,14.5
846.21,93,124.0,1720.0,67.0,26.0,33.97,83.5,23.0,14.1,14.5
846.299,93,124.0,1720.0,67.0,27.0,33.97,83.5,23.0,14.1,14.5
846.395,93,124.0,1720.0,67.0,27.0,33.02,83.5,23.0,14.1,14.5
846.478,93,124.0,1720.0,67.0,27.0,33.02,83.5,23.0,14.1,14.5
846.599,93,124.0,1720.0,67.0,27.0,33.02,83.5,23.0,14.1,14.5
846.689,93,124.0,1720.0,67.0,27.0,33.02,83.5,23.0,14.1,14.5
846.81,93,124.0,1720.0,67.0,27.0,33.02,83.5,23.0,14.1,14.5
846.898,93,124.0,1720.0,67.0,27.0,33.02,83.5,23.0,14.1,14.5
847.019,93,122.0,1720.0,67.0,27.0,33.02,83.5,23.0,14.1,14.5
847.109,93,122.0,1684.0,67.0,27.0,33.02,83.5,23.0,14.1,14.5
847.318,93,122.0,1684.0,65.0,27.0,33.02,83.5,23.0,14.1,14.5
847.408,93,122.0,1684.0,65.0,27.0,33.02,83.5,23.0,14.1,14.5
847.528,93,122.0,1684.0,65.0,27.0,31.72,83.5,23.0,14.1,14.5
847.618,93,122.0,1684.0,65.0,27.0,31.72,83.5,23.0,14.1,14.5
847.738,93,122.0,1684.0,65.0,27.0,31.72,83.5,24.0,14.1,14.5
847.828,93,122.0,1684.0,65.0,27.0,31.72,83.5,24.0,14.1,14.5
847.949,93,122.0,1684.0,65.0,27.0,31.72,83.5,24.0,14.1,14.5
848.042,93,122.0,1684.0,65.0,27.0,31.72,83.5,24.0,14.1,14.5
848.249,93,120.0,1684.0,65.0,27.0,31.72,83.5,24.0,14.1,14.5
848.338,93,120.0,1641.0,65.0,27.0,31.72,83.5,24.0,14.1,14.5
848.458,93,120.0,1641.0,64.0,27.0,31.72,83.5,24.0,14.1,14.5
848.548,93,120.0,1641.0,64.0,26.0,31.72,83.5,24.0,14.1,14.5
848.67,93,120.0,1641.0,64.0,26.0,30.77,83.5,24.0,14.1,14.5
848.758,93,120.0,1641.0,64.0,26.0,30.77,83.5,24.0,14.1,14.5
848.878,93,120.0,1641.0,64.0,26.0,30.77,83.5,24.0,14.1,14.5
848.969,93,120.0,1641.0,64.0,26.0,30.77,83.5,24.0,14.1,14.5
849.09,93,120.0,1641.0,64.0,26.0,30.77,83.5,24.0,14.1,14.5
849.178,93,120.0,1641.0,64.0,26.0,30.77,83.5,24.0,14.1,14.5
849.269,93,119.0,1641.0,64.0,26.0,30.77,83.5,24.0,14.1,14.5
849.368,93,119.0,1621.0,64.0,26.0,30.77,83.5,24.0,14.1,14.5
849.448,93,119.0,1621.0,63.0,26.0,30.77,83.5,24.0,14.1,14.5
849.569,93,119.0,1621.0,63.0,26.0,30.77,83.5,24.0,14.1,14.5
849.658,93,119.0,1621.0,63.0,26.0,28.77,83.5,24.0,14.1,14.5
849.779,93,119.0,1621.0,63.0,26.0,28.77,83.5,24.0,14.1,14.5
849.867,93,119.0,1621.0,63.0,26.0,28.77,83.5,24.0,14.1,14.5
849.988,93,119.0,1621.0,63.0,26.0,28.77,83.5,24.0,14.1,14.5
850.079,93,119.0,1621.0,63.0,26.0,28.77,83.5,24.0,14.1,14.5
850.169,93,119.0,1621.0,63.0,26.0,28.77,83.5,24.0,14.1,14.5
850.258,93,116.0,1621.0,63.0,26.0,28.77,83.5,24.0,14.1,14.5
850.378,93,116.0,1164.0,63.0,26.0,28.77,83.5,24.0,14.1,14.5
850.469,93,116.0,1164.0,60.0,26.0,28.77,83.5,24.0,14.1,14.5
850.558,93,116.0,1164.0,60.0,26.0,28.77,83.5,24.0,14.1,14.5
850.679,93,116.0,1164.0,60.0,26.0,13.55,83.5,24.0,14.1,14.5
850.769,93,116.0,1164.0,60.0,26.0,13.55,83.5,24.0,14.1,14.5
850.891,93,116.0,1164.0,60.0,26.0,13.55,83.5,24.0,14.1,14.5
850.978,93,116.0,1164.0,60.0,26.0,13.55,83.5,24.0,14.1,14.5
851.099,93,116.0,1164.0,60.0,26.0,13.55,83.5,24.0,14.1,14.5
851.189,93,116.0,1164.0,60.0,26.0,13.55,83.5,24.0,14.1,14.5
851.312,93,117.0,1164.0,60.0,26.0,13.55,83.5,24.0,14.1,14.5
851.398,93,117.0,2080.0,60.0,26.0,13.55,83.5,24.0,14.1,14.5
851.489,93,117.0,2080.0,56.0,26.0,13.55,83.5,24.0,14.1,14.5
851.578,93,117.0,2080.0,56.0,22.0,13.55,83.5,24.0,14.1,14.5
851.699,93,117.0,2080.0,56.0,22.0,39.16,83.5,24.0,14.1,14.5
851.789,93,117.0,2080.0,56.0,22.0,39.16,83.5,24.0,14.1,14.5
851.91,93,117.0,2080.0,56.0,22.0,39.16,83.5,24.0,14.1,14.5
851.998,93,117.0,2080.0,56.0,22.0,39.16,83.5,24.0,14.1,14.5
852.21,93,117.0,2080.0,56.0,22.0,39.16,83.5,24.0,14.1,14.5
852.299,94,117.0,2080.0,56.0,22.0,39.16,83.5,24.0,14.1,14.5
852.418,94,124.0,2080.0,56.0,22.0,39.16,83.5,24.0,14.1,14.5
852.508,94,124.0,1999.0,56.0,22.0,39.16,83.5,24.0,14.1,14.5
852.628,94,124.0,1999.0,54.0,22.0,39.16,83.5,24.0,14.1,14.5
852.75,94,124.0,1999.0,54.0,27.0,39.16,83.5,24.0,14.1,14.5
852.838,94,124.0,1999.0,54.0,27.0,24.94,83.5,24.0,14.1,14.5
852.959,94,124.0,1999.0,54.0,27.0,24.94,83.5,24.0,14.1,14.5
853.049,94,124.0,1999.0,54.0,27.0,24.94,83.5,24.0,14.1,14.5
853.353,94,124.0,1999.0,54.0,27.0,24.94,83.5,24.0,29.4,14.5
853.438,94,124.0,1999.0,54.0,27.0,24.94,83.5,24.0,29.4,31.0
853.558,94,124.0,1999.0,54.0,27.0,24.94,83.5,24.0,29.4,31.0
853.648,94,115.0,1999.0,54.0,27.0,24.94,83.5,24.0,29.4,31.0
853.771,94,115.0,1991.0,54.0,27.0,24.94,83.5,24.0,29.4,31.0
853.858,94,115.0,1991.0,54.0,27.0,24.94,83.5,24.0,29.4,31.0
853.98,94,115.0,1991.0,54.0,25.0,24.94,83.5,24.0,29.4,31.0
854.07,94,115.0,1991.0,54.0,25.0,20.55,83.5,24.0,29.4,31.0
854.191,94,115.0,1991.0,54.0,25.0,20.55,83.5,24.0,29.4,31.0
854.279,94,115.0,1991.0,54.0,25.0,20.55,83.5,24.0,29.4,31.0
854.371,94,115.0,1991.0,54.0,25.0,20.55,83.5,24.0,33.7,31.0
854.489,94,115.0,1991.0,54.0,25.0,20.55,83.5,24.0,33.7,34.1
854.578,94,115.0,1991.0,54.0,25.0,20.55,83.5,24.0,33.7,34.1
854.699,94,123.0,1991.0,54.0,25.0,20.55,83.5,24.0,33.7,34.1
854.792,94,123.0,2022.0,54.0,25.0,20.55,83.5,24.0,33.7,34.1
854.911,94,123.0,2022.0,54.0,25.0,20.55,83.5,24.0,33.7,34.1
854.999,94,123.0,2022.0,54.0,24.0,20.55,83.5,24.0,33.7,34.1
855.21,94,123.0,2022.0,54.0,24.0,23.58,83.5,24.0,33.7,34.1
855.299,94,123.0,2022.0,54.0,24.0,23.58,83.5,24.0,33.7,34.1
855.418,94,123.0,2022.0,54.0,24.0,23.58,83.5,24.0,33.7,34.1
855.509,94,123.0,2022.0,54.0,24.0,23.58,83.5,24.0,36.9,34.1
855.63,94,123.0,2022.0,54.0,24.0,23.58,83.5,24.0,36.9,37.3
855.725,94,123.0,2022.0,54.0,24.0,23.58,83.5,24.0,36.9,37.3
855.839,94,131.0,2022.0,54.0,24.0,23.58,83.5,24.0,36.9,37.3
855.93,94,131.0,2082.0,54.0,24.0,23.58,83.5,24.0,36.9,37.3
856.05,94,131.0,2082.0,56.0,24.0,23.58,83.5,24.0,36.9,37.3
856.14,94,131.0,2082.0,56.0,25.0,23.58,83.5,24.0,36.9,37.3
856.229,94,131.0,2082.0,56.0,25.0,26.58,83.5,24.0,36.9,37.3
856.348,94,131.0,2082.0,56.0,25.0,26.58,83.5,24.0,36.9,37.3
856.438,94,131.0,2082.0,56.0,25.0,26.58,83.5,24.0,36.9,37.3
856.529,94,131.0,2082.0,56.0,25.0,26.58,83.5,24.0,36.5,37.3
856.649,94,131.0,2082.0,56.0,25.0,26.58,83.5,24.0,36.5,36.9
856.77,94,131.0,2082.0,56.0,25.0,26.58,83.5,24.0,36.5,36.9
856.859,94,130.0,2082.0,56.0,25.0,26.58,83.5,24.0,36.5,36.9
856.979,94,130.0,2129.0,56.0,25.0,26.58,83.5,24.0,36.5,36.9
857.07,94,130.0,2129.0,57.0,25.0,26.58,83.5,24.0,36.5,36.9
857.16,94,130.0,2129.0,57.0,27.0,26.58,83.5,24.0,36.5,36.9
857.313,94,130.0,2129.0,57.0,27.0,27.52,83.5,24.0,36.5,36.9
857.398,94,130.0,2129.0,57.0,27.0,27.52,83.5,24.0,36.5,36.9
857.489,94,130.0,2129.0,57.0,27.0,27.52,83.5,24.0,36.5,36.9
857.578,94,130.0,2129.0,57.0,27.0,27.52,83.5,24.0,36.1,36.9
857.7,94,130.0,2129.0,57.0,27.0,27.52,83.5,24.0,36.1,36.5
857.79,94,130.0,2129.0,57.0,27.0,27.52,83.5,24.0,36.1,36.5
857.91,94,128.0,2129.0,57.0,27.0,27.52,83.5,24.0,36.1,36.5
858.0,94,128.0,2166.0,57.0,27.0,27.52,83.5,24.0,36.1,36.5
858.121,94,128.0,2166.0,58.0,27.0,27.52,83.5,24.0,36.1,36.5
858.331,94,128.0,2166.0,58.0,27.0,27.52,83.5,24.0,36.1,36.5
858.45,94,128.0,2166.0,58.0,27.0,28.49,83.5,24.0,36.1,36.5
858.538,94,128.0,2166.0,58.0,27.0,28.49,83.5,24.0,36.1,36.5
858.661,94,128.0,2166.0,58.0,27.0,28.49,83.5,24.0,36.1,36.5
858.749,94,128.0,2166.0,58.0,27.0,28.49,83.5,24.0,37.3,36.5
858.871,94,128.0,2166.0,58.0,27.0,28.49,83.5,24.0,37.3,38.0
858.958,93,128.0,2166.0,58.0,27.0,28.49,83.5,24.0,37.3,38.0
859.079,93,132.0,2166.0,58.0,27.0,28.49,83.5,24.0,37.3,38.0
859.17,93,132.0,2195.0,58.0,27.0,28.49,83.5,24.0,37.3,38.0
859.259,93,132.0,2195.0,59.0,27.0,28.49,83.5,24.0,37.3,38.0
859.35,93,132.0,2195.0,59.0,27.0,28.49,83.5,24.0,37.3,38.0
859.469,93,132.0,2195.0,59.0,27.0,30.74,83.5,24.0,37.3,38.0
859.589,93,132.0,2195.0,59.0,27.0,30.74,83.5,24.0,37.3,38.0
859.679,93,132.0,2195.0,59.0,27.0,30.74,83.5,24.0,37.3,38.0
859.799,93,132.0,2195.0,59.0,27.0,30.74,83.5,24.0,38.8,38.0
859.889,93,132.0,2195.0,59.0,27.0,30.74,83.5,24.0,38.8,39.2
860.011,93,132.0,2195.0,59.0,27.0,30.74,83.5,24.0,38.8,39.2
860.099,93,137.0,2195.0,59.0,27.0,30.74,83.5,24.0,38.8,39.2
860.189,93,137.0,2217.0,59.0,27.0,30.74,83.5,24.0,38.8,39.2
860.278,93,137.0,2217.0,60.0,27.0,30.74,83.5,24.0,38.8,39.2
860.398,93,137.0,2217.0,60.0,27.0,30.74,83.5,24.0,38.8,39.2
860.489,93,137.0,2217.0,60.0,27.0,31.91,83.5,24.0,38.8,39.2
860.609,93,137.0,2217.0,60.0,27.0,31.91,83.5,24.0,38.8,39.2
860.758,93,137.0,2217.0,60.0,27.0,31.91,83.5,24.0,38.8,39.2
860.849,93,137.0,2217.0,60.0,27.0,31.91,83.5,24.0,14.1,39.2
860.971,93,137.0,2217.0,60.0,27.0,31.91,83.5,24.0,14.1,14.5
861.059,93,137.0,2217.0,60.0,27.0,31.91,83.5,24.0,14.1,14.5
861.179,93,123.0,2217.0,60.0,27.0,31.91,83.5,24.0,14.1,14.5
861.299,93,123.0,1685.0,60.0,27.0,31.91,83.5,24.0,14.1,14.5
861.388,93,123.0,1685.0,59.0,27.0,31.91,83.5,24.0,14.1,14.5
861.538,93,123.0,1685.0,59.0,27.0,31.91,83.5,24.0,14.1,14.5
861.63,93,123.0,1685.0,59.0,27.0,11.24,83.5,24.0,14.1,14.5
861.725,93,123.0,1685.0,59.0,27.0,11.24,83.5,24.0,14.1,14.5
861.809,93,123.0,1685.0,59.0,27.0,11.24,83.5,24.0,14.1,14.5
861.929,93,123.0,1685.0,59.0,27.0,11.24,83.5,24.0,14.1,14.5
862.019,93,123.0,1685.0,59.0,27.0,11.24,83.5,24.0,14.1,14.5
862.138,93,123.0,1685.0,59.0,27.0,11.24,83.5,24.0,14.1,14.5
862.354,93,115.0,1685.0,59.0,27.0,11.24,83.5,24.0,14.1,14.5
862.439,93,115.0,896.0,59.0,27.0,11.24,83.5,24.0,14.1,14.5
862.558,93,115.0,896.0,58.0,27.0,11.24,83.5,24.0,14.1,14.5
862.679,93,115.0,896.0,58.0,23.0,11.24,83.5,24.0,14.1,14.5
862.77,93,115.0,896.0,58.0,23.0,10.38,83.5,24.0,14.1,14.5
862.89,93,115.0,896.0,58.0,23.0,10.38,83.5,24.0,14.1,14.5
862.978,93,115.0,896.0,58.0,23.0,10.38,83.5,24.0,14.1,14.5
863.098,93,115.0,896.0,58.0,23.0,10.38,83.5,24.0,14.1,14.5
863.189,93,115.0,896.0,58.0,23.0,10.38,83.5,24.0,14.1,14.5
863.339,93,115.0,896.0,58.0,23.0,10.38,83.5,24.0,14.1,14.5
863.429,93,107.0,896.0,58.0,23.0,10.38,83.5,24.0,14.1,14.5
863.548,93,107.0,1325.0,58.0,23.0,10.38,83.5,24.0,14.1,14.5
863.638,93,107.0,1325.0,55.0,23.0,10.38,83.5,24.0,14.1,14.5
863.758,93,107.0,1325.0,55.0,21.0,10.38,83.5,24.0,14.1,14.5
863.848,93,107.0,1325.0,55.0,21.0,17.72,83.5,24.0,14.1,14.5
863.969,93,107.0,1325.0,55.0,21.0,17.72,83.5,24.0,14.1,14.5
864.058,93,107.0,1325.0,55.0,21.0,17.72,83.5,24.0,14.1,14.5
864.18,93,107.0,1325.0,55.0,21.0,17.72,83.5,24.0,14.1,14.5
864.328,93,107.0,1325.0,55.0,21.0,17.72,83.5,24.0,14.1,14.5
864.418,92,107.0,1325.0,55.0,21.0,17.72,83.5,24.0,14.1,14.5
864.51,92,118.0,1325.0,55.0,21.0,17.72,83.5,24.0,14.1,14.5
864.598,92,118.0,1935.0,55.0,21.0,17.72,83.5,24.0,14.1,14.5
864.732,92,118.0,1935.0,52.0,21.0,17.72,83.5,24.0,14.1,14.5
864.809,92,118.0,1935.0,52.0,25.0,17.72,83.5,24.0,14.1,14.5
864.931,92,118.0,1935.0,52.0,25.0,36.86,83.5,24.0,14.1,14.5
865.018,92,118.0,1935.0,52.0,25.0,36.86,83.5,24.0,14.1,14.5
865.139,92,118.0,1935.0,52.0,25.0,36.86,83.5,24.0,14.1,14.5
865.23,92,118.0,1935.0,52.0,25.0,36.86,83.5,24.0,14.1,14.5
865.318,92,118.0,1935.0,52.0,25.0,36.86,83.5,24.0,14.1,14.5
865.438,92,118.0,1935.0,52.0,25.0,36.86,83.5,24.0,14.1,14.5
865.588,92,124.0,1935.0,52.0,25.0,36.86,83.5,24.0,14.1,14.5
865.679,92,124.0,1828.0,52.0,25.0,36.86,83.5,24.0,14.1,14.5
865.858,92,124.0,1828.0,49.0,25.0,36.86,83.5,24.0,14.1,14.5
865.979,92,124.0,1828.0,49.0,28.0,36.86,83.5,24.0,14.1,14.5
866.069,92,124.0,1828.0,49.0,28.0,30.72,83.5,24.0,14.1,14.5
866.19,92,124.0,1828.0,49.0,28.0,30.72,83.5,24.0,14.1,14.5
866.339,92,124.0,1828.0,49.0,28.0,30.72,83.5,24.0,14.1,14.5
866.428,92,124.0,1828.0,49.0,28.0,30.72,83.5,24.0,14.1,14.5
866.578,92,124.0,1828.0,49.0,28.0,30.72,83.5,24.0,14.1,14.5
866.669,92,124.0,1828.0,49.0,28.0,30.72,83.5,24.0,14.1,14.5
866.789,92,116.0,1828.0,49.0,28.0,30.72,83.5,24.0,14.1,14.5
866.878,92,116.0,906.0,49.0,28.0,30.72,83.5,24.0,14.1,14.5
866.998,92,116.0,906.0,47.0,28.0,30.72,83.5,24.0,14.1,14.5
867.088,92,116.0,906.0,47.0,25.0,30.72,83.5,24.0,14.1,14.5
867.303,92,116.0,906.0,47.0,25.0,7.58,83.5,24.0,14.1,14.5
867.388,92,116.0,906.0,47.0,25.0,7.58,83.5,24.0,14.1,14.5
867.479,92,116.0,906.0,47.0,25.0,7.58,83.5,24.0,14.1,14.5
867.568,92,116.0,906.0,47.0,25.0,7.58,83.5,24.0,14.1,14.5
867.727,92,116.0,906.0,47.0,25.0,7.58,83.5,24.0,14.1,14.5
867.808,92,116.0,906.0,47.0,25.0,7.58,83.5,24.0,14.1,14.5
867.9,92,108.0,906.0,47.0,25.0,7.58,83.5,24.0,14.1,14.5
867.99,92,108.0,882.0,47.0,25.0,7.58,83.5,24.0,14.1,14.5
868.111,92,108.0,882.0,46.0,25.0,7.58,83.5,24.0,14.1,14.5
868.198,92,108.0,882.0,46.0,19.0,7.58,83.5,24.0,14.1,14.5
868.289,92,108.0,882.0,46.0,19.0,8.61,83.5,24.0,14.1,14.5
868.378,92,108.0,882.0,46.0,19.0,8.61,83.5,24.0,14.1,14.5
868.498,92,108.0,882.0,46.0,19.0,8.61,83.5,24.0,14.1,14.5
868.618,92,108.0,882.0,46.0,19.0,8.61,83.5,24.0,14.9,14.5
868.708,92,108.0,882.0,46.0,19.0,8.61,83.5,24.0,14.9,14.5
868.803,92,108.0,882.0,46.0,19.0,8.61,83.5,24.0,14.9,14.5
868.889,92,105.0,882.0,46.0,19.0,8.61,83.5,24.0,14.9,14.5
869.039,92,105.0,1225.0,46.0,19.0,8.61,83.5,24.0,14.9,14.5
869.13,92,105.0,1225.0,44.0,19.0,8.61,83.5,24.0,14.9,14.5
869.218,92,105.0,1225.0,44.0,20.0,8.61,83.5,24.0,14.9,14.5
869.339,92,105.0,1225.0,44.0,20.0,14.3,83.5,24.0,14.9,14.5
869.428,92,105.0,1225.0,44.0,20.0,14.3,83.5,24.0,14.9,14.5
869.548,92,105.0,1225.0,44.0,20.0,14.3,83.5,24.0,14.9,14.5
869.638,92,105.0,1225.0,44.0,20.0,14.3,83.5,24.0,14.1,14.5
869.758,92,105.0,1225.0,44.0,20.0,14.3,83.5,24.0,14.1,14.5
869.848,92,105.0,1225.0,44.0,20.0,14.3,83.5,24.0,14.1,14.5
869.999,92,112.0,1225.0,44.0,20.0,14.3,83.5,24.0,14.1,14.5
870.088,92,112.0,1572.0,44.0,20.0,14.3,83.5,24.0,14.1,14.5
870.301,92,112.0,1572.0,42.0,20.0,14.3,83.5,24.0,14.1,14.5
870.388,92,112.0,1572.0,42.0,27.0,14.3,83.5,24.0,14.1,14.5
870.508,92,112.0,1572.0,42.0,27.0,18.94,83.5,24.0,14.1,14.5
870.598,92,112.0,1572.0,42.0,27.0,18.94,83.5,24.0,14.1,14.5
870.725,92,112.0,1572.0,42.0,27.0,18.94,83.5,24.0,14.1,14.5
870.808,92,112.0,1572.0,42.0,27.0,18.94,83.5,24.0,32.5,14.5
870.899,92,112.0,1572.0,42.0,27.0,18.94,83.5,24.0,32.5,34.9
870.988,92,112.0,1572.0,42.0,27.0,18.94,83.5,24.0,32.5,34.9
871.111,92,110.0,1572.0,42.0,27.0,18.94,83.5,24.0,32.5,34.9
871.199,92,110.0,1581.0,42.0,27.0,18.94,83.5,24.0,32.5,34.9
871.289,92,110.0,1581.0,42.0,27.0,18.94,83.5,24.0,32.5,34.9
871.438,92,110.0,1581.0,42.0,26.0,18.94,83.5,24.0,32.5,34.9
871.558,92,110.0,1581.0,42.0,26.0,17.74,83.5,24.0,32.5,34.9
871.65,92,110.0,1581.0,42.0,26.0,17.74,83.5,24.0,32.5,34.9
871.8,92,110.0,1581.0,42.0,26.0,17.74,83.5,24.0,32.5,34.9
871.919,92,110.0,1581.0,42.0,26.0,17.74,83.5,24.0,40.0,34.9
872.008,92,110.0,1581.0,42.0,26.0,17.74,83.5,24.0,40.0,41.2
872.13,92,110.0,1581.0,42.0,26.0,17.74,83.5,24.0,40.0,41.2
872.218,92,132.0,1581.0,42.0,26.0,17.74,83.5,24.0,40.0,41.2
872.308,92,132.0,1649.0,42.0,26.0,17.74,83.5,24.0,40.0,41.2
872.398,92,132.0,1649.0,44.0,26.0,17.74,83.5,24.0,40.0,41.2
872.548,92,132.0,1649.0,44.0,26.0,17.74,83.5,24.0,40.0,41.2
872.638,92,132.0,1649.0,44.0,26.0,25.24,83.5,24.0,40.0,41.2
872.759,92,132.0,1649.0,44.0,26.0,25.24,83.5,24.0,40.0,41.2
872.848,92,132.0,1649.0,44.0,26.0,25.24,83.5,24.0,40.0,41.2
872.969,92,132.0,1649.0,44.0,26.0,25.24,83.5,24.0,42.0,41.2
873.058,92,132.0,1649.0,44.0,26.0,25.24,83.5,24.0,42.0,42.4
873.298,92,132.0,1649.0,44.0,26.0,25.24,83.5,24.0,42.0,42.4
873.388,92,146.0,1649.0,44.0,26.0,25.24,83.5,24.0,42.0,42.4
873.508,92,146.0,1767.0,44.0,26.0,25.24,83.5,24.0,42.0,42.4
873.598,92,146.0,1767.0,48.0,26.0,25.24,83.5,24.0,42.0,42.4
873.689,92,146.0,1767.0,48.0,28.0,25.24,83.5,24.0,42.0,42.4
873.778,92,146.0,1767.0,48.0,28.0,25.16,83.5,24.0,42.0,42.4
873.9,92,146.0,1767.0,48.0,28.0,25.16,83.5,24.0,42.0,42.4
873.988,92,146.0,1767.0,48.0,28.0,25.16,83.5,24.0,42.0,42.4
874.111,92,146.0,1767.0,48.0,28.0,25.16,83.5,24.0,40.4,42.4
874.198,92,146.0,1767.0,48.0,28.0,25.16,83.5,24.0,40.4,40.8
874.288,91,146.0,1767.0,48.0,28.0,25.16,83.5,24.0,40.4,40.8
874.378,91,139.0,1767.0,48.0,28.0,25.16,83.5,24.0,40.4,40.8
874.498,91,139.0,1858.0,48.0,28.0,25.16,83.5,24.0,40.4,40.8
874.588,91,139.0,1858.0,50.0,28.0,25.16,83.5,24.0,40.4,40.8
874.678,91,139.0,1858.0,50.0,28.0,25.16,83.5,24.0,40.4,40.8
874.769,91,139.0,1858.0,50.0,28.0,23.05,83.5,24.0,40.4,40.8
874.858,91,139.0,1858.0,50.0,28.0,23.05,83.5,24.0,40.4,40.8
874.979,91,139.0,1858.0,50.0,28.0,23.05,83.5,24.0,40.4,40.8
875.068,91,139.0,1858.0,50.0,28.0,23.05,83.5,24.0,35.3,40.8
875.189,91,139.0,1858.0,50.0,28.0,23.05,83.5,24.0,35.3,35.3
875.398,91,139.0,1858.0,50.0,28.0,23.05,83.5,24.0,35.3,35.3
875.518,91,124.0,1858.0,50.0,28.0,23.05,83.5,24.0,35.3,35.3
875.608,91,124.0,1921.0,50.0,28.0,23.05,83.5,24.0,35.3,35.3
875.732,91,124.0,1921.0,52.0,28.0,23.05,83.5,24.0,35.3,35.3
875.818,91,124.0,1921.0,52.0,27.0,23.05,83.5,24.0,35.3,35.3
875.939,91,124.0,1921.0,52.0,27.0,19.47,83.5,24.0,35.3,35.3
876.029,91,124.0,1921.0,52.0,27.0,19.47,83.5,24.0,35.3,35.3
876.151,91,124.0,1921.0,52.0,27.0,19.47,83.5,24.0,35.3,35.3
876.273,91,124.0,1921.0,52.0,27.0,19.47,83.5,24.0,14.1,35.3
876.358,91,124.0,1921.0,52.0,27.0,19.47,83.5,24.0,14.1,14.5
876.478,91,124.0,1921.0,52.0,27.0,19.47,83.5,24.0,14.1,14.5
876.569,91,117.0,1921.0,52.0,27.0,19.47,83.5,24.0,14.1,14.5
876.689,91,117.0,1216.0,52.0,27.0,19.47,83.5,24.0,14.1,14.5
876.778,91,117.0,1216.0,52.0,27.0,19.47,83.5,24.0,14.1,14.5
876.898,91,117.0,1216.0,52.0,24.0,19.47,83.5,24.0,14.1,14.5
876.988,91,117.0,1216.0,52.0,24.0,7.27,83.5,24.0,14.1,14.5
877.111,91,117.0,1216.0,52.0,24.0,7.27,83.5,24.0,14.1,14.5
877.199,91,117.0,1216.0,52.0,24.0,7.27,83.5,24.0,14.1,14.5
877.289,91,117.0,1216.0,52.0,24.0,7.27,83.5,24.0,32.9,14.5
877.409,91,117.0,1216.0,52.0,24.0,7.27,83.5,24.0,32.9,36.5
877.506,91,117.0,1216.0,52.0,24.0,7.27,83.5,24.0,32.9,36.5
877.588,91,113.0,1216.0,52.0,24.0,7.27,83.5,24.0,32.9,36.5
877.708,91,113.0,1359.0,52.0,24.0,7.27,83.5,24.0,32.9,36.5
877.828,91,113.0,1359.0,53.0,24.0,7.27,83.5,24.0,32.9,36.5
877.918,91,113.0,1359.0,53.0,24.0,7.27,83.5,24.0,32.9,36.5
878.038,91,113.0,1359.0,53.0,24.0,19.86,83.5,24.0,32.9,36.5
878.128,91,113.0,1359.0,53.0,24.0,19.86,83.5,24.0,32.9,36.5
878.249,91,113.0,1359.0,53.0,24.0,19.86,83.5,24.0,32.9,36.5
878.399,91,113.0,1359.0,53.0,24.0,19.86,83.5,24.0,36.9,36.5
878.489,91,113.0,1359.0,53.0,24.0,19.86,83.5,24.0,36.9,36.1
878.608,91,113.0,1359.0,53.0,24.0,19.86,83.5,24.0,36.9,36.1
878.698,91,126.0,1359.0,53.0,24.0,19.86,83.5,24.0,36.9,36.1
878.789,91,126.0,1411.0,53.0,24.0,19.86,83.5,24.0,36.9,36.1
878.878,91,126.0,1411.0,55.0,24.0,19.86,83.5,24.0,36.9,36.1
878.999,91,126.0,1411.0,55.0,26.0,19.86,83.5,24.0,36.9,36.1
879.089,91,126.0,1411.0,55.0,26.0,15.99,83.5,24.0,36.9,36.1
879.212,91,126.0,1411.0,55.0,26.0,15.99,83.5,24.0,36.9,36.1
879.359,91,126.0,1411.0,55.0,26.0,15.99,83.5,24.0,36.9,36.1
879.448,91,126.0,1411.0,55.0,26.0,15.99,83.5,24.0,29.8,36.1
879.539,91,126.0,1411.0,55.0,26.0,15.99,83.5,24.0,29.8,29.8
879.628,91,126.0,1411.0,55.0,26.0,15.99,83.5,24.0,29.8,29.8
879.75,91,115.0,1411.0,55.0,26.0,15.99,83.5,24.0,29.8,29.8
879.839,91,115.0,1424.0,55.0,26.0,15.99,83.5,24.0,29.8,29.8
879.959,91,115.0,1424.0,56.0,26.0,15.99,83.5,24.0,29.8,29.8
880.048,91,115.0,1424.0,56.0,25.0,15.99,83.5,24.0,29.8,29.8
880.17,91,115.0,1424.0,56.0,25.0,13.66,83.5,24.0,29.8,29.8
880.259,91,115.0,1424.0,56.0,25.0,13.66,83.5,24.0,29.8,29.8
880.353,91,115.0,1424.0,56.0,25.0,13.66,83.5,24.0,29.8,29.8
880.468,91,115.0,1424.0,56.0,25.0,13.66,83.5,24.0,14.1,29.8
880.558,91,115.0,1424.0,56.0,25.0,13.66,83.5,24.0,14.1,14.5
880.619,91,115.0,1424.0,56.0,25.0,13.66,83.5,24.0,14.1,14.5
880.739,91,112.0,1424.0,56.0,25.0,13.66,83.5,24.0,14.1,14.5
880.828,91,112.0,1421.0,56.0,25.0,13.66,83.5,24.0,14.1,14.5
880.949,91,112.0,1421.0,55.0,25.0,13.66,83.5,24.0,14.1,14.5
881.039,91,112.0,1421.0,55.0,25.0,13.66,83.5,24.0,14.1,14.5
881.16,91,112.0,1421.0,55.0,25.0,24.24,83.5,24.0,14.1,14.5
881.248,91,112.0,1421.0,55.0,25.0,24.24,83.5,24.0,14.1,14.5
881.339,91,112.0,1421.0,55.0,25.0,24.24,83.5,24.0,14.1,14.5
881.428,91,112.0,1421.0,55.0,25.0,24.24,83.5,24.0,25.9,14.5
881.519,91,112.0,1421.0,55.0,25.0,24.24,83.5,24.0,25.9,25.5
881.608,91,112.0,1421.0,55.0,25.0,24.24,83.5,24.0,25.9,25.5
881.699,91,112.0,1421.0,55.0,25.0,24.24,83.5,24.0,25.9,25.5
881.789,91,112.0,1412.0,55.0,25.0,24.24,83.5,24.0,25.9,25.5
881.91,91,112.0,1412.0,55.0,25.0,24.24,83.5,24.0,25.9,25.5
881.97,91,112.0,1412.0,55.0,27.0,24.24,83.5,24.0,25.9,25.5
882.059,91,112.0,1412.0,55.0,27.0,13.86,83.5,24.0,25.9,25.5
882.178,91,112.0,1412.0,55.0,27.0,13.86,83.5,24.0,25.9,25.5
882.27,91,112.0,1412.0,55.0,27.0,13.86,83.5,24.0,25.9,25.5
882.358,91,112.0,1412.0,55.0,27.0,13.86,83.5,24.0,23.9,25.5
882.479,91,112.0,1412.0,55.0,27.0,13.86,83.5,24.0,23.9,23.5
882.568,91,112.0,1412.0,55.0,27.0,13.86,83.5,24.0,23.9,23.5
882.688,91,104.0,1412.0,55.0,27.0,13.86,83.5,24.0,23.9,23.5
882.779,91,104.0,1404.0,55.0,27.0,13.86,83.5,24.0,23.9,23.5
882.899,91,104.0,1404.0,55.0,27.0,13.86,83.5,24.0,23.9,23.5
882.99,91,104.0,1404.0,55.0,24.0,13.86,83.5,24.0,23.9,23.5
883.108,91,104.0,1404.0,55.0,24.0,13.08,83.5,24.0,23.9,23.5
883.169,91,104.0,1404.0,55.0,24.0,13.08,83.5,24.0,23.9,23.5
883.26,91,104.0,1404.0,55.0,24.0,13.08,83.5,24.0,23.9,23.5
883.408,91,104.0,1404.0,55.0,24.0,13.08,83.5,24.0,14.9,23.5
883.529,91,104.0,1404.0,55.0,24.0,13.08,83.5,24.0,14.9,14.5
883.618,91,104.0,1404.0,55.0,24.0,13.08,83.5,24.0,14.9,14.5
883.708,91,107.0,1404.0,55.0,24.0,13.08,83.5,24.0,14.9,14.5
883.829,91,107.0,1386.0,55.0,24.0,13.08,83.5,24.0,14.9,14.5
883.949,91,107.0,1386.0,54.0,24.0,13.08,83.5,24.0,14.9,14.5
884.038,91,107.0,1386.0,54.0,24.0,13.08,83.5,24.0,14.9,14.5
884.158,91,107.0,1386.0,54.0,24.0,21.33,83.5,24.0,14.9,14.5
884.248,91,107.0,1386.0,54.0,24.0,21.33,83.5,24.0,14.9,14.5
884.345,91,107.0,1386.0,54.0,24.0,21.33,83.5,24.0,14.9,14.5
884.458,91,107.0,1386.0,54.0,24.0,21.33,83.5,24.0,14.1,14.5
884.548,91,107.0,1386.0,54.0,24.0,21.33,83.5,24.0,14.1,14.5
884.639,91,107.0,1386.0,54.0,24.0,21.33,83.5,24.0,14.1,14.5
884.73,91,112.0,1386.0,54.0,24.0,21.33,83.5,24.0,14.1,14.5
884.849,91,112.0,1362.0,54.0,24.0,21.33,83.5,24.0,14.1,14.5
884.938,91,112.0,1362.0,53.0,24.0,21.33,83.5,24.0,14.1,14.5
885.06,91,112.0,1362.0,53.0,26.0,21.33,83.5,24.0,14.1,14.5
885.149,91,112.0,1362.0,53.0,26.0,24.02,83.5,24.0,14.1,14.5
885.27,91,112.0,1362.0,53.0,26.0,24.02,83.5,24.0,14.1,14.5
885.418,91,112.0,1362.0,53.0,26.0,24.02,83.5,24.0,14.1,14.5
885.508,91,112.0,1362.0,53.0,26.0,24.02,83.5,24.0,14.1,14.5
885.599,91,112.0,1362.0,53.0,26.0,24.02,83.5,24.0,14.1,14.5
885.688,91,112.0,1362.0,53.0,26.0,24.02,83.5,24.0,14.1,14.5
885.809,91,113.0,1362.0,53.0,26.0,24.02,83.5,24.0,14.1,14.5
885.898,91,113.0,1329.0,53.0,26.0,24.02,83.5,24.0,14.1,14.5
886.021,91,113.0,1329.0,52.0,26.0,24.02,83.5,24.0,14.1,14.5
886.109,91,113.0,1329.0,52.0,28.0,24.02,83.5,24.0,14.1,14.5
886.23,91,113.0,1329.0,52.0,28.0,23.36,83.5,24.0,14.1,14.5
886.439,91,113.0,1329.0,52.0,28.0,23.36,83.5,24.0,14.1,14.5
886.559,91,113.0,1329.0,52.0,28.0,23.36,83.5,24.0,14.1,14.5
886.648,91,113.0,1329.0,52.0,28.0,23.36,83.5,24.0,14.1,14.5
886.738,91,113.0,1329.0,52.0,28.0,23.36,83.5,24.0,14.1,14.5
886.858,91,113.0,1329.0,52.0,28.0,23.36,83.5,24.0,14.1,14.5
886.979,91,109.0,1329.0,52.0,28.0,23.36,83.5,24.0,14.1,14.5
887.069,91,109.0,1079.0,52.0,28.0,23.36,83.5,24.0,14.1,14.5
887.188,91,109.0,1079.0,50.0,28.0,23.36,83.5,24.0,14.1,14.5
887.278,91,109.0,1079.0,50.0,25.0,23.36,83.5,24.0,14.1,14.5
887.368,91,109.0,1079.0,50.0,25.0,13.69,83.5,24.0,14.1,14.5
887.461,91,109.0,1079.0,50.0,25.0,13.69,83.5,24.0,14.1,14.5
887.548,91,109.0,1079.0,50.0,25.0,13.69,83.5,24.0,14.1,14.5
887.669,91,109.0,1079.0,50.0,25.0,13.69,83.5,24.0,14.1,14.5
887.758,91,109.0,1079.0,50.0,25.0,13.69,83.5,24.0,14.1,14.5
887.88,91,109.0,1079.0,50.0,25.0,13.69,83.5,24.0,14.1,14.5
887.968,91,105.0,1079.0,50.0,25.0,13.69,83.5,24.0,14.1,14.5
888.089,91,105.0,1804.0,50.0,25.0,13.69,83.5,24.0,14.1,14.5
888.179,91,105.0,1804.0,48.0,25.0,13.69,83.5,24.0,14.1,14.5
888.271,91,105.0,1804.0,48.0,24.0,13.69,83.5,24.0,14.1,14.5
888.388,91,105.0,1804.0,48.0,24.0,30.08,83.5,24.0,14.1,14.5
888.479,91,105.0,1804.0,48.0,24.0,30.08,83.5,24.0,14.1,14.5
888.599,91,105.0,1804.0,48.0,24.0,30.08,83.5,24.0,14.1,14.5
888.688,91,105.0,1804.0,48.0,24.0,30.08,83.5,24.0,14.1,14.5
888.811,91,105.0,1804.0,48.0,24.0,30.08,83.5,24.0,14.1,14.5
888.898,91,105.0,1804.0,48.0,24.0,30.08,83.5,24.0,14.1,14.5
889.019,91,118.0,1804.0,48.0,24.0,30.08,83.5,24.0,14.1,14.5
889.108,91,118.0,1733.0,48.0,24.0,30.08,83.5,24.0,14.1,14.5
889.23,91,118.0,1733.0,46.0,24.0,30.08,83.5,24.0,14.1,14.5
889.409,91,118.0,1733.0,46.0,29.0,30.08,83.5,24.0,14.1,14.5
889.498,91,118.0,1733.0,46.0,29.0,32.47,83.5,24.0,14.1,14.5
889.618,91,118.0,1733.0,46.0,29.0,32.47,83.5,24.0,14.1,14.5
889.71,91,118.0,1733.0,46.0,29.0,32.47,83.5,24.0,14.1,14.5
889.799,91,118.0,1733.0,46.0,29.0,32.47,83.5,24.0,14.1,14.5
889.95,91,118.0,1733.0,46.0,29.0,32.47,83.5,24.0,14.1,14.5
890.039,91,118.0,1733.0,46.0,29.0,32.47,83.5,24.0,14.1,14.5
890.129,91,120.0,1733.0,46.0,29.0,32.47,83.5,24.0,14.1,14.5
890.22,91,120.0,1651.0,46.0,29.0,32.47,83.5,24.0,14.1,14.5
890.309,91,120.0,1651.0,44.0,29.0,32.47,83.5,24.0,14.1,14.5
890.398,91,120.0,1651.0,44.0,29.0,32.47,83.5,24.0,14.1,14.5
890.518,91,120.0,1651.0,44.0,29.0,30.88,83.5,24.0,14.1,14.5
890.608,91,120.0,1651.0,44.0,29.0,30.88,83.5,24.0,14.1,14.5
890.729,91,120.0,1651.0,44.0,29.0,30.88,83.5,24.0,14.1,14.5
890.818,91,120.0,1651.0,44.0,29.0,30.88,83.5,24.0,14.1,14.5
890.91,91,120.0,1651.0,44.0,29.0,30.88,83.5,24.0,14.1,14.5
890.998,91,120.0,1651.0,44.0,29.0,30.88,83.5,24.0,14.1,14.5
891.09,91,118.0,1651.0,44.0,29.0,30.88,83.5,24.0,14.1,14.5
891.179,91,118.0,915.0,44.0,29.0,30.88,83.5,24.0,14.1,14.5
891.3,91,118.0,915.0,42.0,29.0,30.88,83.5,24.0,14.1,14.5
891.359,91,118.0,915.0,42.0,28.0,30.88,83.5,24.0,14.1,14.5
891.509,91,118.0,915.0,42.0,28.0,7.72,83.5,24.0,14.1,14.5
891.63,91,118.0,915.0,42.0,28.0,7.72,83.5,24.0,14.1,14.5
891.728,91,118.0,915.0,42.0,28.0,7.72,83.5,24.0,14.1,14.5
891.839,91,118.0,915.0,42.0,28.0,7.72,83.5,24.0,14.1,14.5
891.929,91,118.0,915.0,42.0,28.0,7.72,83.5,24.0,14.1,14.5
892.051,91,118.0,915.0,42.0,28.0,7.72,83.5,24.0,14.1,14.5
892.11,91,109.0,915.0,42.0,28.0,7.72,83.5,24.0,14.1,14.5
892.198,91,109.0,892.0,42.0,28.0,7.72,83.5,24.0,14.1,14.5
892.408,91,109.0,892.0,38.0,28.0,7.72,83.5,24.0,14.1,14.5
892.499,91,109.0,892.0,38.0,21.0,7.72,83.5,24.0,14.1,14.5
892.618,91,109.0,892.0,38.0,21.0,8.74,83.5,24.0,14.1,14.5
892.708,91,109.0,892.0,38.0,21.0,8.74,83.5,24.0,14.1,14.5
892.799,91,109.0,892.0,38.0,21.0,8.74,83.5,24.0,14.1,14.5
892.89,91,109.0,892.0,38.0,21.0,8.74,83.5,24.0,14.1,14.5
892.979,91,109.0,892.0,38.0,21.0,8.74,83.5,24.0,14.1,14.5
893.1,91,109.0,892.0,38.0,21.0,8.74,83.5,24.0,14.1,14.5
893.189,91,106.0,892.0,38.0,21.0,8.74,83.5,24.0,14.1,14.5
893.309,91,106.0,892.0,38.0,21.0,8.74,83.5,24.0,14.1,14.5
893.399,91,106.0,892.0,36.0,21.0,8.74,83.5,24.0,14.1,14.5
893.488,91,106.0,892.0,36.0,21.0,8.74,83.5,24.0,14.1,14.5
893.608,91,106.0,892.0,36.0,21.0,8.36,83.5,24.0,14.1,14.5
893.698,91,106.0,892.0,36.0,21.0,8.36,83.5,24.0,14.1,14.5
893.818,91,106.0,892.0,36.0,21.0,8.36,83.5,24.0,14.1,14.5
893.908,91,106.0,892.0,36.0,21.0,8.36,83.5,24.0,14.1,14.5
894.028,91,106.0,892.0,36.0,21.0,8.36,83.5,24.0,14.1,14.5
894.118,91,106.0,892.0,36.0,21.0,8.36,83.5,24.0,14.1,14.5
894.238,91,106.0,892.0,36.0,21.0,8.36,83.5,24.0,14.1,14.5
894.329,91,106.0,896.0,36.0,21.0,8.36,83.5,24.0,14.1,14.5
894.448,91,106.0,896.0,32.0,21.0,8.36,83.5,24.0,14.1,14.5
894.54,91,106.0,896.0,32.0,21.0,8.36,83.5,24.0,14.1,14.5
894.628,91,106.0,896.0,32.0,21.0,8.41,83.5,24.0,14.1,14.5
894.748,91,106.0,896.0,32.0,21.0,8.41,83.5,24.0,14.1,14.5
894.84,91,106.0,896.0,32.0,21.0,8.41,83.5,24.0,14.1,14.5
894.959,91,106.0,896.0,32.0,21.0,8.41,83.5,24.0,14.1,14.5
895.048,91,106.0,896.0,32.0,21.0,8.41,83.5,24.0,14.1,14.5
895.169,91,106.0,896.0,32.0,21.0,8.41,83.5,24.0,14.1,14.5
895.258,91,105.0,896.0,32.0,21.0,8.41,83.5,24.0,14.1,14.5
895.365,91,105.0,898.0,32.0,21.0,8.41,83.5,24.0,14.1,14.5
895.498,91,105.0,898.0,28.0,21.0,8.41,83.5,24.0,14.1,14.5
895.559,91,105.0,898.0,28.0,22.0,8.41,83.5,24.0,14.1,14.5
895.648,91,105.0,898.0,28.0,22.0,8.38,83.5,24.0,14.1,14.5
895.888,91,105.0,898.0,28.0,22.0,8.38,83.5,24.0,14.1,14.5
895.979,91,105.0,898.0,28.0,22.0,8.38,83.5,24.0,14.1,14.5
896.1,91,105.0,898.0,28.0,22.0,8.38,83.5,24.0,14.1,14.5
896.16,91,105.0,898.0,28.0,22.0,8.38,83.5,24.0,14.1,14.5
896.249,91,105.0,898.0,28.0,22.0,8.38,83.5,24.0,14.1,14.5
896.369,91,105.0,898.0,28.0,22.0,8.38,83.5,24.0,14.1,14.5
896.518,91,105.0,899.0,28.0,22.0,8.38,83.5,24.0,14.1,14.5
896.638,91,105.0,899.0,25.0,22.0,8.38,83.5,24.0,14.1,14.5
896.729,91,105.0,899.0,25.0,22.0,8.38,83.5,24.0,14.1,14.5
896.849,91,105.0,899.0,25.0,22.0,8.52,83.5,24.0,14.1,14.5
896.909,91,105.0,899.0,25.0,22.0,8.52,83.5,24.0,14.1,14.5
896.998,91,105.0,899.0,25.0,22.0,8.52,83.5,24.0,14.1,14.5
897.118,91,105.0,899.0,25.0,22.0,8.52,83.5,24.0,14.1,14.5
897.209,91,105.0,899.0,25.0,22.0,8.52,83.5,24.0,14.1,14.1
897.328,91,105.0,899.0,25.0,22.0,8.52,83.5,24.0,14.1,14.1
897.418,91,105.0,899.0,25.0,22.0,8.52,83.5,24.0,14.1,14.1
897.509,91,105.0,898.0,25.0,22.0,8.52,83.5,24.0,14.1,14.1
897.598,91,105.0,898.0,23.0,22.0,8.52,83.5,24.0,14.1,14.1
897.69,91,105.0,898.0,23.0,22.0,8.52,83.5,24.0,14.1,14.1
897.779,91,105.0,898.0,23.0,22.0,8.77,83.5,24.0,14.1,14.1
897.899,91,105.0,898.0,23.0,22.0,8.77,83.5,24.0,14.1,14.1
897.96,91,105.0,898.0,23.0,22.0,8.77,83.5,24.0,14.1,14.1
898.049,91,105.0,898.0,23.0,22.0,8.77,83.5,24.0,18.4,14.1
898.168,91,105.0,898.0,23.0,22.0,8.77,83.5,24.0,18.4,18.4
898.258,91,105.0,898.0,23.0,22.0,8.77,83.5,24.0,18.4,18.4
898.378,91,105.0,898.0,23.0,22.0,8.77,83.5,24.0,18.4,18.4
898.529,91,105.0,1138.0,23.0,22.0,8.77,83.5,24.0,18.4,18.4
898.678,91,105.0,1138.0,21.0,22.0,8.77,83.5,24.0,18.4,18.4
898.768,91,105.0,1138.0,21.0,25.0,8.77,83.5,24.0,18.4,18.4
898.858,91,105.0,1138.0,21.0,25.0,11.69,83.5,24.0,18.4,18.4
898.98,91,105.0,1138.0,21.0,25.0,11.69,83.5,24.0,18.4,18.4
899.099,91,105.0,1138.0,21.0,25.0,11.69,83.5,24.0,18.4,18.4
899.16,91,105.0,1138.0,21.0,25.0,11.69,83.5,24.0,23.9,18.4
899.25,91,105.0,1138.0,21.0,25.0,11.69,83.5,24.0,23.9,23.9
899.341,90,105.0,1138.0,21.0,25.0,11.69,83.5,24.0,23.9,23.9
899.429,90,106.0,1138.0,21.0,25.0,11.69,83.5,24.0,23.9,23.9
899.549,90,106.0,1161.0,21.0,25.0,11.69,83.5,24.0,23.9,23.9
899.609,90,106.0,1161.0,20.0,25.0,11.69,83.5,24.0,23.9,23.9
899.698,90,106.0,1161.0,20.0,26.0,11.69,83.5,24.0,23.9,23.9
899.818,90,106.0,1161.0,20.0,26.0,10.61,83.5,24.0,23.9,23.9
899.909,90,106.0,1161.0,20.0,26.0,10.61,83.5,24.0,23.9,23.9
900.0,90,106.0,1161.0,20.0,26.0,10.61,83.5,24.0,23.9,23.9
900.06,90,106.0,1161.0,20.0,26.0,10.61,83.5,24.0,26.7,23.9
900.179,90,106.0,1161.0,20.0,26.0,10.61,83.5,24.0,26.7,26.7
900.27,90,106.0,1161.0,20.0,26.0,10.61,83.5,24.0,26.7,26.7
900.359,90,103.0,1161.0,20.0,26.0,10.61,83.5,24.0,26.7,26.7
900.448,90,103.0,1196.0,20.0,26.0,10.61,83.5,24.0,26.7,26.7
900.568,90,103.0,1196.0,20.0,26.0,10.61,83.5,24.0,26.7,26.7
900.659,90,103.0,1196.0,20.0,26.0,10.61,83.5,24.0,26.7,26.7
900.75,90,103.0,1196.0,20.0,26.0,11.08,83.5,24.0,26.7,26.7
900.812,90,103.0,1196.0,20.0,26.0,11.08,83.5,24.0,26.7,26.7
900.93,90,103.0,1196.0,20.0,26.0,11.08,83.5,24.0,26.7,26.7
901.018,90,103.0,1196.0,20.0,26.0,11.08,83.5,24.0,29.8,26.7
901.14,90,103.0,1196.0,20.0,26.0,11.08,83.5,24.0,29.8,31.0
901.2,90,103.0,1196.0,20.0,26.0,11.08,83.5,24.0,29.8,31.0
901.26,90,105.0,1196.0,20.0,26.0,11.08,83.5,24.0,29.8,31.0
901.349,90,105.0,1226.0,20.0,26.0,11.08,83.5,24.0,29.8,31.0
901.469,90,105.0,1226.0,21.0,26.0,11.08,83.5,24.0,29.8,31.0
901.558,90,105.0,1226.0,21.0,26.0,11.08,83.5,24.0,29.8,31.0
901.649,90,105.0,1226.0,21.0,26.0,12.94,83.5,24.0,29.8,31.0
901.71,90,105.0,1226.0,21.0,26.0,12.94,83.5,24.0,29.8,31.0
901.799,90,105.0,1226.0,21.0,26.0,12.94,83.5,24.0,29.8,31.0
901.95,90,105.0,1226.0,21.0,26.0,12.94,83.5,24.0,36.5,31.0
902.049,90,105.0,1226.0,21.0,26.0,12.94,83.5,24.0,36.5,36.9
902.131,90,105.0,1226.0,21.0,26.0,12.94,83.5,24.0,36.5,36.9
902.249,90,113.0,1226.0,21.0,26.0,12.94,83.5,24.0,36.5,36.9
902.369,90,113.0,1299.0,21.0,26.0,12.94,83.5,24.0,36.5,36.9
902.458,90,113.0,1299.0,22.0,26.0,12.94,83.5,24.0,36.5,36.9
902.578,90,113.0,1299.0,22.0,27.0,12.94,83.5,24.0,36.5,36.9
902.669,90,113.0,1299.0,22.0,27.0,16.19,83.5,24.0,36.5,36.9
902.789,90,113.0,1299.0,22.0,27.0,16.19,83.5,24.0,36.5,36.9
902.88,90,113.0,1299.0,22.0,27.0,16.19,83.5,24.0,36.5,36.9
903.001,90,113.0,1299.0,22.0,27.0,16.19,83.5,24.0,41.6,36.9
903.06,90,113.0,1299.0,22.0,27.0,16.19,83.5,24.0,41.6,43.1
903.149,90,113.0,1299.0,22.0,27.0,16.19,83.5,24.0,41.6,43.1
903.27,90,127.0,1299.0,22.0,27.0,16.19,83.5,24.0,41.6,43.1
903.384,90,127.0,1460.0,22.0,27.0,16.19,83.5,24.0,41.6,43.1
903.54,90,127.0,1460.0,25.0,27.0,16.19,83.5,24.0,41.6,43.1
903.599,90,127.0,1460.0,25.0,28.0,16.19,83.5,24.0,41.6,43.1
903.659,90,127.0,1460.0,25.0,28.0,25.13,83.5,24.0,41.6,43.1
903.808,90,127.0,1460.0,25.0,28.0,25.13,83.5,24.0,41.6,43.1
903.929,90,127.0,1460.0,25.0,28.0,25.13,83.5,24.0,41.6,43.1
904.02,90,127.0,1460.0,25.0,28.0,25.13,83.5,24.0,42.7,43.1
904.139,90,127.0,1460.0,25.0,28.0,25.13,83.5,24.0,42.7,43.1
904.229,90,127.0,1460.0,25.0,28.0,25.13,83.5,24.0,42.7,43.1
904.349,90,147.0,1460.0,25.0,28.0,25.13,83.5,24.0,42.7,43.1
904.439,90,147.0,1671.0,25.0,28.0,25.13,83.5,24.0,42.7,43.1
904.528,90,147.0,1671.0,29.0,28.0,25.13,83.5,24.0,42.7,43.1
904.648,90,147.0,1671.0,29.0,30.0,25.13,83.5,24.0,42.7,43.1
904.709,90,147.0,1671.0,29.0,30.0,26.61,83.5,24.0,42.7,43.1
904.799,90,147.0,1671.0,29.0,30.0,26.61,83.5,24.0,42.7,43.1
905.039,90,147.0,1671.0,29.0,30.0,26.61,83.5,24.0,42.7,43.1
905.099,90,147.0,1671.0,29.0,30.0,26.61,83.5,24.0,39.2,43.1
905.16,90,147.0,1671.0,29.0,30.0,26.61,83.5,24.0,39.2,39.2
905.252,90,147.0,1671.0,29.0,30.0,26.61,83.5,24.0,39.2,39.2
905.309,90,141.0,1671.0,29.0,30.0,26.61,83.5,24.0,39.2,39.2
905.428,90,141.0,1801.0,29.0,30.0,26.61,83.5,24.0,39.2,39.2
905.549,90,141.0,1801.0,31.0,30.0,26.61,83.5,24.0,39.2,39.2
905.609,90,141.0,1801.0,31.0,30.0,26.61,83.5,24.0,39.2,39.2
905.698,90,141.0,1801.0,31.0,30.0,22.83,83.5,24.0,39.2,39.2
905.819,90,141.0,1801.0,31.0,30.0,22.83,83.5,24.0,39.2,39.2
905.908,90,141.0,1801.0,31.0,30.0,22.83,83.5,24.0,39.2,39.2
906.028,90,141.0,1801.0,31.0,30.0,22.83,83.5,24.0,41.6,39.2
906.118,90,141.0,1801.0,31.0,30.0,22.83,83.5,24.0,41.6,43.5
906.212,90,141.0,1801.0,31.0,30.0,22.83,83.5,24.0,41.6,43.5
906.298,90,137.0,1801.0,31.0,30.0,22.83,83.5,24.0,41.6,43.5
906.359,90,137.0,1917.0,31.0,30.0,22.83,83.5,24.0,41.6,43.5
906.448,90,137.0,1917.0,33.0,30.0,22.83,83.5,24.0,41.6,43.5
906.569,90,137.0,1917.0,33.0,29.0,22.83,83.5,24.0,41.6,43.5
906.658,90,137.0,1917.0,33.0,29.0,31.33,83.5,24.0,41.6,43.5
906.779,90,137.0,1917.0,33.0,29.0,31.33,83.5,24.0,41.6,43.5
906.868,90,137.0,1917.0,33.0,29.0,31.33,83.5,24.0,41.6,43.5
906.989,90,137.0,1917.0,33.0,29.0,31.33,83.5,24.0,43.5,43.5
907.05,90,137.0,1917.0,33.0,29.0,31.33,83.5,24.0,43.5,43.1
907.109,90,137.0,1917.0,33.0,29.0,31.33,83.5,24.0,43.5,43.1
907.201,90,157.0,1917.0,33.0,29.0,31.33,83.5,24.0,43.5,43.1
907.262,90,157.0,2030.0,33.0,29.0,31.33,83.5,24.0,43.5,43.1
907.353,90,157.0,2030.0,35.0,29.0,31.33,83.5,24.0,43.5,43.1
907.498,90,157.0,2030.0,35.0,31.0,31.33,83.5,24.0,43.5,43.1
907.619,90,157.0,2030.0,35.0,31.0,25.74,83.5,24.0,43.5,43.1
907.708,90,157.0,2030.0,35.0,31.0,25.74,83.5,24.0,43.5,43.1
907.828,90,157.0,2030.0,35.0,31.0,25.74,83.5,24.0,43.5,43.1
907.918,90,157.0,2030.0,35.0,31.0,25.74,83.5,24.0,27.1,43.1
908.008,90,157.0,2030.0,35.0,31.0,25.74,83.5,24.0,27.1,26.7
908.128,90,157.0,2030.0,35.0,31.0,25.74,83.5,24.0,27.1,26.7
908.249,90,112.0,2030.0,35.0,31.0,25.74,83.5,24.0,27.1,26.7
908.309,90,112.0,1978.0,35.0,31.0,25.74,83.5,24.0,27.1,26.7
908.458,90,112.0,1978.0,34.0,31.0,25.74,83.5,24.0,27.1,26.7
908.578,90,112.0,1978.0,34.0,29.0,25.74,83.5,24.0,27.1,26.7
908.668,90,112.0,1978.0,34.0,29.0,19.52,83.5,24.0,27.1,26.7
908.759,90,112.0,1978.0,34.0,29.0,19.52,83.5,24.0,27.1,26.7
908.848,90,112.0,1978.0,34.0,29.0,19.52,83.5,24.0,27.1,26.7
908.94,90,112.0,1978.0,34.0,29.0,19.52,83.5,24.0,14.1,26.7
908.999,90,112.0,1978.0,34.0,29.0,19.52,83.5,24.0,14.1,14.5
909.059,90,112.0,1978.0,34.0,29.0,19.52,83.5,24.0,14.1,14.5
909.149,90,116.0,1978.0,34.0,29.0,19.52,83.5,24.0,14.1,14.5
909.209,90,116.0,1796.0,34.0,29.0,19.52,83.5,24.0,14.1,14.5
909.299,90,116.0,1796.0,31.0,29.0,19.52,83.5,24.0,14.1,14.5
909.479,90,116.0,1796.0,31.0,27.0,19.52,83.5,24.0,14.1,14.5
909.568,90,116.0,1796.0,31.0,27.0,21.19,83.5,24.0,14.1,14.5
909.688,90,116.0,1796.0,31.0,27.0,21.19,83.5,24.0,14.1,14.5
909.75,90,116.0,1796.0,31.0,27.0,21.19,83.5,24.0,14.1,14.5
909.87,90,116.0,1796.0,31.0,27.0,21.19,83.5,24.0,14.1,14.5
909.96,90,116.0,1796.0,31.0,27.0,21.19,83.5,24.0,14.1,15.7
910.079,90,116.0,1796.0,31.0,27.0,21.19,83.5,24.0,14.1,15.7
910.17,90,122.0,1796.0,31.0,27.0,21.19,83.5,24.0,14.1,15.7
910.29,90,122.0,1579.0,31.0,27.0,21.19,83.5,24.0,14.1,15.7
910.379,90,122.0,1579.0,27.0,27.0,21.19,83.5,24.0,14.1,15.7
910.469,90,122.0,1579.0,27.0,27.0,21.19,83.5,24.0,14.1,15.7
910.589,90,122.0,1579.0,27.0,27.0,28.97,83.5,24.0,14.1,15.7
910.65,90,122.0,1579.0,27.0,27.0,28.97,83.5,24.0,14.1,15.7
910.711,90,122.0,1579.0,27.0,27.0,28.97,83.5,24.0,14.1,15.7
910.802,90,122.0,1579.0,27.0,27.0,28.97,83.5,24.0,25.9,15.7
910.861,90,122.0,1579.0,27.0,27.0,28.97,83.5,24.0,25.9,27.8
910.948,90,122.0,1579.0,27.0,27.0,28.97,83.5,24.0,25.9,27.8
911.098,90,115.0,1579.0,27.0,27.0,28.97,83.5,24.0,25.9,27.8
911.191,90,115.0,1447.0,27.0,27.0,28.97,83.5,24.0,25.9,27.8
911.279,90,115.0,1447.0,25.0,27.0,28.97,83.5,24.0,25.9,27.8
911.368,90,115.0,1447.0,25.0,27.0,28.97,83.5,24.0,25.9,27.8
911.518,90,115.0,1447.0,25.0,27.0,13.3,83.5,24.0,25.9,27.8
911.608,90,115.0,1447.0,25.0,27.0,13.3,83.5,24.0,25.9,27.8
911.7,90,115.0,1447.0,25.0,27.0,13.3,83.5,24.0,25.9,27.8
911.761,90,115.0,1447.0,25.0,27.0,13.3,83.5,24.0,43.9,27.8
911.848,90,115.0,1447.0,25.0,27.0,13.3,83.5,24.0,43.9,46.7
911.968,90,115.0,1447.0,25.0,27.0,13.3,83.5,24.0,43.9,46.7
912.059,90,123.0,1447.0,25.0,27.0,13.3,83.5,24.0,43.9,46.7
912.151,90,123.0,1577.0,25.0,27.0,13.3,83.5,24.0,43.9,46.7
912.21,90,123.0,1577.0,27.0,27.0,13.3,83.5,24.0,43.9,46.7
912.329,90,123.0,1577.0,27.0,27.0,13.3,83.5,24.0,43.9,46.7
912.509,90,123.0,1577.0,27.0,27.0,38.66,83.5,24.0,43.9,46.7
912.599,90,123.0,1577.0,27.0,27.0,38.66,83.5,24.0,43.9,46.7
912.726,90,123.0,1577.0,27.0,27.0,38.66,83.5,24.0,43.9,46.7
912.838,90,123.0,1577.0,27.0,27.0,38.66,83.5,24.0,49.4,46.7
912.93,90,123.0,1577.0,27.0,27.0,38.66,83.5,24.0,49.4,50.2
912.991,90,123.0,1577.0,27.0,27.0,38.66,83.5,24.0,49.4,50.2
913.051,90,175.0,1577.0,27.0,27.0,38.66,83.5,24.0,49.4,50.2
913.142,90,175.0,1903.0,27.0,27.0,38.66,83.5,24.0,49.4,50.2
913.23,90,175.0,1903.0,33.0,27.0,38.66,83.5,24.0,49.4,50.2
913.365,90,175.0,1903.0,33.0,31.0,38.66,83.5,24.0,49.4,50.2
913.5,90,175.0,1903.0,33.0,31.0,47.61,83.5,24.0,49.4,50.2
913.588,90,175.0,1903.0,33.0,31.0,47.61,83.5,24.0,49.4,50.2
913.708,90,175.0,1903.0,33.0,31.0,47.61,83.5,24.0,49.4,50.2
913.799,90,175.0,1903.0,33.0,31.0,47.61,83.5,24.0,49.0,50.2
913.918,90,175.0,1903.0,33.0,31.0,47.61,83.5,24.0,49.0,49.0
914.01,90,175.0,1903.0,33.0,31.0,47.61,83.5,24.0,49.0,49.0
914.101,90,198.0,1903.0,33.0,31.0,47.61,83.5,24.0,49.0,49.0
914.22,90,198.0,2243.0,33.0,31.0,47.61,83.5,24.0,49.0,49.0
914.308,90,198.0,2243.0,39.0,31.0,47.61,83.5,24.0,49.0,49.0
914.399,90,198.0,2243.0,39.0,32.0,47.61,83.5,24.0,49.0,49.0
914.488,90,198.0,2243.0,39.0,32.0,39.91,83.5,24.0,49.0,49.0
914.608,90,198.0,2243.0,39.0,32.0,39.91,45.1,24.0,49.0,49.0
914.698,90,198.0,2243.0,39.0,32.0,39.91,45.1,24.0,49.0,49.0
914.82,90,198.0,2243.0,39.0,32.0,39.91,45.1,24.0,14.1,49.0
914.91,90,198.0,2243.0,39.0,32.0,39.91,45.1,24.0,14.1,15.7
915.001,90,198.0,2243.0,39.0,32.0,39.91,45.1,24.0,14.1,15.7
915.09,90,100.0,2243.0,39.0,32.0,39.91,45.1,24.0,14.1,15.7
915.18,90,100.0,1723.0,39.0,32.0,39.91,45.1,24.0,14.1,15.7
915.268,90,100.0,1723.0,39.0,32.0,39.91,45.1,24.0,14.1,15.7
915.389,90,100.0,1723.0,39.0,31.0,39.91,45.1,24.0,14.1,15.7
915.449,90,100.0,1723.0,39.0,31.0,25.3,45.1,24.0,14.1,15.7
915.598,90,100.0,1723.0,39.0,31.0,25.3,80.4,24.0,14.1,15.7
915.689,90,100.0,1723.0,39.0,31.0,25.3,80.4,24.0,14.1,15.7
915.809,90,100.0,1723.0,39.0,31.0,25.3,80.4,24.0,49.8,15.7
915.899,90,100.0,1723.0,39.0,31.0,25.3,80.4,24.0,49.8,51.0
916.019,90,100.0,1723.0,39.0,31.0,25.3,80.4,24.0,49.8,51.0
916.109,90,138.0,1723.0,39.0,31.0,25.3,80.4,24.0,49.8,51.0
916.231,90,138.0,1548.0,39.0,31.0,25.3,80.4,24.0,49.8,51.0
916.319,90,138.0,1548.0,42.0,31.0,25.3,80.4,24.0,49.8,51.0
916.408,90,138.0,1548.0,42.0,29.0,25.3,80.4,24.0,49.8,51.0
916.529,90,138.0,1548.0,42.0,29.0,38.63,80.4,24.0,49.8,51.0
916.589,90,138.0,1548.0,42.0,29.0,38.63,83.5,24.0,49.8,51.0
916.71,90,138.0,1548.0,42.0,29.0,38.63,83.5,24.0,49.8,51.0
916.8,90,138.0,1548.0,42.0,29.0,38.63,83.5,24.0,48.6,51.0
916.919,90,138.0,1548.0,42.0,29.0,38.63,83.5,24.0,48.6,49.4
917.008,90,138.0,1548.0,42.0,29.0,38.63,83.5,24.0,48.6,49.4
917.104,90,176.0,1548.0,42.0,29.0,38.63,83.5,24.0,48.6,49.4
917.189,90,176.0,1674.0,42.0,29.0,38.63,83.5,24.0,48.6,49.4
917.309,90,176.0,1674.0,45.0,29.0,38.63,83.5,24.0,48.6,49.4
917.428,90,176.0,1674.0,45.0,29.0,38.63,83.5,24.0,48.6,49.4
917.518,90,176.0,1674.0,45.0,29.0,38.86,83.5,24.0,48.6,49.4
917.639,90,176.0,1674.0,45.0,29.0,38.86,83.5,24.0,48.6,49.4
917.7,90,176.0,1674.0,45.0,29.0,38.86,83.5,24.0,48.6,49.4
917.835,90,176.0,1674.0,45.0,29.0,38.86,83.5,24.0,48.6,49.4
917.909,90,176.0,1674.0,45.0,29.0,38.86,83.5,24.0,48.6,49.4
918.029,90,176.0,1674.0,45.0,29.0,38.86,83.5,24.0,48.6,49.4
918.09,90,195.0,1674.0,45.0,29.0,38.86,83.5,24.0,48.6,49.4
918.149,90,195.0,1800.0,45.0,29.0,38.86,83.5,24.0,48.6,49.4
918.239,90,195.0,1800.0,48.0,29.0,38.86,83.5,24.0,48.6,49.4
918.303,90,195.0,1800.0,48.0,29.0,38.86,83.5,24.0,48.6,49.4
918.388,90,195.0,1800.0,48.0,29.0,40.02,83.5,24.0,48.6,49.4
918.449,90,195.0,1800.0,48.0,29.0,40.02,83.5,24.0,48.6,49.4
918.568,90,195.0,1800.0,48.0,29.0,40.02,83.5,24.0,48.6,49.4
918.658,90,195.0,1800.0,48.0,29.0,40.02,83.5,24.0,44.7,49.4
918.779,90,195.0,1800.0,48.0,29.0,40.02,83.5,24.0,44.7,44.7
918.899,90,195.0,1800.0,48.0,29.0,40.02,83.5,24.0,44.7,44.7
918.991,90,162.0,1800.0,48.0,29.0,40.02,83.5,24.0,44.7,44.7
919.05,90,162.0,1871.0,48.0,29.0,40.02,83.5,24.0,44.7,44.7
919.199,90,162.0,1871.0,50.0,29.0,40.02,83.5,24.0,44.7,44.7
919.289,90,162.0,1871.0,50.0,29.0,40.02,83.5,24.0,44.7,44.7
919.409,90,162.0,1871.0,50.0,29.0,30.16,83.5,24.0,44.7,44.7
919.558,90,162.0,1871.0,50.0,29.0,30.16,83.5,24.0,44.7,44.7
919.648,90,162.0,1871.0,50.0,29.0,30.16,83.5,23.0,44.7,44.7
919.739,90,162.0,1871.0,50.0,29.0,30.16,83.5,23.0,44.3,44.7
919.8,90,162.0,1871.0,50.0,29.0,30.16,83.5,23.0,44.3,44.7
919.888,90,162.0,1871.0,50.0,29.0,30.16,83.5,23.0,44.3,44.7
920.008,90,163.0,1871.0,50.0,29.0,30.16,83.5,23.0,44.3,44.7
920.099,90,163.0,1928.0,50.0,29.0,30.16,83.5,23.0,44.3,44.7
920.22,90,163.0,1928.0,52.0,29.0,30.16,83.5,23.0,44.3,44.7
920.31,90,163.0,1928.0,52.0,28.0,30.16,83.5,23.0,44.3,44.7
920.399,90,163.0,1928.0,52.0,28.0,32.49,83.5,23.0,44.3,44.7
920.519,90,163.0,1928.0,52.0,28.0,32.49,83.5,23.0,44.3,44.7
920.609,90,163.0,1928.0,52.0,28.0,32.49,83.5,23.0,44.3,44.7
920.733,90,163.0,1928.0,52.0,28.0,32.49,83.5,23.0,43.1,44.7
920.819,90,163.0,1928.0,52.0,28.0,32.49,83.5,23.0,43.1,43.5
920.939,90,163.0,1928.0,52.0,28.0,32.49,83.5,23.0,43.1,43.5
921.0,90,153.0,1928.0,52.0,28.0,32.49,83.5,23.0,43.1,43.5
921.089,90,153.0,1967.0,52.0,28.0,32.49,83.5,23.0,43.1,43.5
921.21,90,153.0,1967.0,53.0,28.0,32.49,83.5,23.0,43.1,43.5
921.3,90,153.0,1967.0,53.0,29.0,32.49,83.5,23.0,43.1,43.5
921.479,90,153.0,1967.0,53.0,29.0,27.72,83.5,23.0,43.1,43.5
921.599,90,153.0,1967.0,53.0,29.0,27.72,83.5,23.0,43.1,43.5
921.693,90,153.0,1967.0,53.0,29.0,27.72,83.5,23.0,43.1,43.5
921.749,90,153.0,1967.0,53.0,29.0,27.72,83.5,23.0,14.1,43.5
921.869,90,153.0,1967.0,53.0,29.0,27.72,83.5,23.0,14.1,14.5
921.959,90,153.0,1967.0,53.0,29.0,27.72,83.5,23.0,14.1,14.5
922.083,90,123.0,1967.0,53.0,29.0,27.72,83.5,23.0,14.1,14.5
922.14,90,123.0,1951.0,53.0,29.0,27.72,83.5,23.0,14.1,14.5
922.201,90,123.0,1951.0,52.0,29.0,27.72,83.5,23.0,14.1,14.5
922.29,90,123.0,1951.0,52.0,26.0,27.72,83.5,23.0,14.1,14.5
922.351,90,123.0,1951.0,52.0,26.0,24.22,83.5,23.0,14.1,14.5
922.439,90,123.0,1951.0,52.0,26.0,24.22,83.5,23.0,14.1,14.5
922.589,90,123.0,1951.0,52.0,26.0,24.22,83.5,23.0,14.1,14.5
922.649,90,123.0,1951.0,52.0,26.0,24.22,83.5,23.0,14.1,14.5
922.738,90,123.0,1951.0,52.0,26.0,24.22,83.5,23.0,14.1,14.5
922.859,90,123.0,1951.0,52.0,26.0,24.22,83.5,23.0,14.1,14.5
922.948,90,135.0,1951.0,52.0,26.0,24.22,83.5,23.0,14.1,14.5
923.069,90,135.0,1939.0,52.0,26.0,24.22,83.5,23.0,14.1,14.5
923.163,90,135.0,1939.0,52.0,26.0,24.22,83.5,23.0,14.1,14.5
923.249,90,135.0,1939.0,52.0,27.0,24.22,83.5,23.0,14.1,14.5
923.339,90,135.0,1939.0,52.0,27.0,25.16,83.5,23.0,14.1,14.5
923.548,90,135.0,1939.0,52.0,27.0,25.16,83.5,23.0,14.1,14.5
923.639,90,135.0,1939.0,52.0,27.0,25.16,83.5,23.0,14.1,14.5
923.758,90,135.0,1939.0,52.0,27.0,25.16,83.5,23.0,14.1,14.5
923.848,90,135.0,1939.0,52.0,27.0,25.16,83.5,23.0,14.1,14.5
923.971,91,135.0,1939.0,52.0,27.0,25.16,83.5,23.0,14.1,14.5
924.059,91,139.0,1939.0,52.0,27.0,25.16,83.5,23.0,14.1,14.5
924.151,91,139.0,1927.0,52.0,27.0,25.16,83.5,23.0,14.1,14.5
924.239,91,139.0,1927.0,52.0,27.0,25.16,83.5,23.0,14.1,14.5
924.33,91,139.0,1927.0,52.0,27.0,25.16,83.5,23.0,14.1,14.5
924.389,91,139.0,1927.0,52.0,27.0,25.33,83.5,23.0,14.1,14.5
924.449,91,139.0,1927.0,52.0,27.0,25.33,83.5,23.0,14.1,14.5
924.539,91,139.0,1927.0,52.0,27.0,25.33,83.5,23.0,14.1,14.5
924.659,91,139.0,1927.0,52.0,27.0,25.33,83.5,23.0,14.1,14.5
924.748,91,139.0,1927.0,52.0,27.0,25.33,83.5,23.0,14.1,14.5
924.869,91,139.0,1927.0,52.0,27.0,25.33,83.5,23.0,14.1,14.5
924.959,91,140.0,1927.0,52.0,27.0,25.33,83.5,23.0,14.1,14.5
925.081,91,140.0,1926.0,52.0,27.0,25.33,83.5,23.0,14.1,14.5
925.141,91,140.0,1926.0,52.0,27.0,25.33,83.5,23.0,14.1,14.5
925.202,91,140.0,1926.0,52.0,27.0,25.33,83.5,23.0,14.1,14.5
925.291,91,140.0,1926.0,52.0,27.0,25.88,83.5,23.0,14.1,14.5
925.35,91,140.0,1926.0,52.0,27.0,25.88,83.5,23.0,14.1,14.5
925.439,91,140.0,1926.0,52.0,27.0,25.88,83.5,23.0,14.1,14.5
925.499,91,140.0,1926.0,52.0,27.0,25.88,83.5,23.0,14.1,14.5
925.62,91,140.0,1926.0,52.0,27.0,25.88,83.5,23.0,14.1,14.5
925.709,91,140.0,1926.0,52.0,27.0,25.88,83.5,23.0,14.1,14.5
925.828,91,142.0,1926.0,52.0,27.0,25.88,83.5,23.0,14.1,14.5
925.919,91,142.0,1930.0,52.0,27.0,25.88,83.5,23.0,14.1,14.5
926.011,91,142.0,1930.0,52.0,27.0,25.88,83.5,23.0,14.1,14.5
926.1,91,142.0,1930.0,52.0,27.0,25.88,83.5,23.0,14.1,14.5
926.249,91,142.0,1930.0,52.0,27.0,27.08,83.5,23.0,14.1,14.5
926.34,91,142.0,1930.0,52.0,27.0,27.08,83.5,23.0,14.1,14.5
926.548,91,142.0,1930.0,52.0,27.0,27.08,83.5,23.0,14.1,14.5
926.639,91,142.0,1930.0,52.0,27.0,27.08,83.5,23.0,14.1,14.5
926.759,91,142.0,1930.0,52.0,27.0,27.08,83.5,23.0,14.1,14.5
926.849,91,142.0,1930.0,52.0,27.0,27.08,83.5,23.0,14.1,14.5
926.942,91,143.0,1930.0,52.0,27.0,27.08,83.5,23.0,14.1,14.5
927.001,91,143.0,1931.0,52.0,27.0,27.08,83.5,23.0,14.1,14.5
927.123,91,143.0,1931.0,52.0,27.0,27.08,83.5,23.0,14.1,14.5
927.208,91,143.0,1931.0,52.0,28.0,27.08,83.5,23.0,14.1,14.5
927.331,91,143.0,1931.0,52.0,28.0,27.69,83.5,23.0,14.1,14.5
927.419,91,143.0,1931.0,52.0,28.0,27.69,83.5,23.0,14.1,14.5
927.509,91,143.0,1931.0,52.0,28.0,27.69,83.5,23.0,14.1,14.5
927.629,91,143.0,1931.0,52.0,28.0,27.69,83.5,23.0,14.1,14.5
927.689,91,143.0,1931.0,52.0,28.0,27.69,83.5,23.0,14.1,14.1
927.749,91,143.0,1931.0,52.0,28.0,27.69,83.5,23.0,14.1,14.1
927.839,91,144.0,1931.0,52.0,28.0,27.69,83.5,23.0,14.1,14.1
927.929,91,144.0,1935.0,52.0,28.0,27.69,83.5,23.0,14.1,14.1
928.05,91,144.0,1935.0,52.0,28.0,27.69,83.5,23.0,14.1,14.1
928.141,91,144.0,1935.0,52.0,28.0,27.69,83.5,23.0,14.1,14.1
928.259,91,144.0,1935.0,52.0,28.0,27.63,83.5,23.0,14.1,14.1
928.348,91,144.0,1935.0,52.0,28.0,27.63,83.5,23.0,14.1,14.1
928.438,91,144.0,1935.0,52.0,28.0,27.63,83.5,23.0,14.1,14.1
928.5,91,144.0,1935.0,52.0,28.0,27.63,83.5,23.0,14.1,14.1
928.648,91,144.0,1935.0,52.0,28.0,27.63,83.5,23.0,14.1,14.5
928.768,91,144.0,1935.0,52.0,28.0,27.63,83.5,23.0,14.1,14.5
928.86,91,145.0,1935.0,52.0,28.0,27.63,83.5,23.0,14.1,14.5
928.982,91,145.0,1936.0,52.0,28.0,27.63,83.5,23.0,14.1,14.5
929.069,91,145.0,1936.0,52.0,28.0,27.63,83.5,23.0,14.1,14.5
929.19,91,145.0,1936.0,52.0,28.0,27.63,83.5,23.0,14.1,14.5
929.283,91,145.0,1936.0,52.0,28.0,28.19,83.5,23.0,14.1,14.5
929.343,91,145.0,1936.0,52.0,28.0,28.19,83.5,23.0,14.1,14.5
929.429,91,145.0,1936.0,52.0,28.0,28.19,83.5,23.0,14.1,14.5
929.489,91,145.0,1936.0,52.0,28.0,28.19,83.5,23.0,14.1,14.5
929.639,91,145.0,1936.0,52.0,28.0,28.19,83.5,23.0,14.1,14.5
929.76,91,145.0,1936.0,52.0,28.0,28.19,83.5,23.0,14.1,14.5
929.848,91,146.0,1936.0,52.0,28.0,28.19,83.5,23.0,14.1,14.5
929.97,91,146.0,1947.0,52.0,28.0,28.19,83.5,23.0,14.1,14.5
930.06,91,146.0,1947.0,52.0,28.0,28.19,83.5,23.0,14.1,14.5
930.182,91,146.0,1947.0,52.0,28.0,28.19,83.5,23.0,14.1,14.5
930.241,91,146.0,1947.0,52.0,28.0,28.61,83.5,23.0,14.1,14.5
930.301,91,146.0,1947.0,52.0,28.0,28.61,83.5,23.0,14.1,14.5
930.449,91,146.0,1947.0,52.0,28.0,28.61,83.5,23.0,14.1,14.5
930.54,91,146.0,1947.0,52.0,28.0,28.61,83.5,23.0,14.1,14.5
930.6,91,146.0,1947.0,52.0,28.0,28.61,83.5,23.0,14.1,14.1
930.748,91,146.0,1947.0,52.0,28.0,28.61,83.5,23.0,14.1,14.1
930.839,91,148.0,1947.0,52.0,28.0,28.61,83.5,23.0,14.1,14.1
930.929,91,148.0,1945.0,52.0,28.0,28.61,83.5,23.0,14.1,14.1
931.021,91,148.0,1945.0,52.0,28.0,28.61,83.5,23.0,14.1,14.1
931.141,91,148.0,1945.0,52.0,28.0,28.61,83.5,23.0,14.1,14.1
931.202,91,148.0,1945.0,52.0,28.0,29.58,83.5,23.0,14.1,14.1
931.288,91,148.0,1945.0,52.0,28.0,29.58,83.5,23.0,14.1,14.1
931.408,91,148.0,1945.0,52.0,28.0,29.58,83.5,23.0,14.1,14.1
931.499,91,148.0,1945.0,52.0,28.0,29.58,83.5,23.0,14.1,14.1
931.589,91,148.0,1945.0,52.0,28.0,29.58,83.5,23.0,14.1,14.5
931.681,91,148.0,1945.0,52.0,28.0,29.58,83.5,23.0,14.1,14.5
931.768,91,149.0,1945.0,52.0,28.0,29.58,83.5,23.0,14.1,14.5
931.889,91,149.0,1954.0,52.0,28.0,29.58,83.5,23.0,14.1,14.5
931.95,91,149.0,1954.0,52.0,28.0,29.58,83.5,23.0,14.1,14.5
932.045,91,149.0,1954.0,52.0,28.0,29.58,83.5,23.0,14.1,14.5
932.16,91,149.0,1954.0,52.0,28.0,28.86,83.5,23.0,14.1,14.5
932.249,91,149.0,1954.0,52.0,28.0,28.86,83.5,23.0,14.1,14.5
932.341,91,149.0,1954.0,52.0,28.0,28.86,83.5,23.0,14.1,14.5
932.459,91,149.0,1954.0,52.0,28.0,28.86,83.5,23.0,14.1,14.5
932.609,91,149.0,1954.0,52.0,28.0,28.86,83.5,23.0,14.1,14.5
932.702,91,149.0,1954.0,52.0,28.0,28.86,83.5,23.0,14.1,14.5
932.82,91,149.0,1954.0,52.0,28.0,28.86,83.5,23.0,14.1,14.5
932.91,91,149.0,1958.0,52.0,28.0,28.86,83.5,23.0,14.1,14.5
933.03,91,149.0,1958.0,53.0,28.0,28.86,83.5,23.0,14.1,14.5
933.09,91,149.0,1958.0,53.0,28.0,28.86,83.5,23.0,14.1,14.5
933.15,91,149.0,1958.0,53.0,28.0,29.74,83.5,23.0,14.1,14.5
933.269,91,149.0,1958.0,53.0,28.0,29.74,83.5,23.0,14.1,14.5
933.359,91,149.0,1958.0,53.0,28.0,29.74,83.5,23.0,14.1,14.5
933.449,91,149.0,1958.0,53.0,28.0,29.74,83.5,23.0,14.1,14.5
933.6,91,149.0,1958.0,53.0,28.0,29.74,83.5,23.0,14.1,14.5
933.689,91,149.0,1958.0,53.0,28.0,29.74,83.5,23.0,14.1,14.5
933.784,91,148.0,1958.0,53.0,28.0,29.74,83.5,23.0,14.1,14.5
933.84,91,148.0,1961.0,53.0,28.0,29.74,83.5,23.0,14.1,14.5
933.902,91,148.0,1961.0,53.0,28.0,29.74,83.5,23.0,14.1,14.5
934.02,91,148.0,1961.0,53.0,28.0,29.74,83.5,23.0,14.1,14.5
934.109,91,148.0,1961.0,53.0,28.0,29.36,83.5,23.0,14.1,14.5
934.202,91,148.0,1961.0,53.0,28.0,29.36,83.5,23.0,14.1,14.5
934.292,91,148.0,1961.0,53.0,28.0,29.36,83.5,23.0,14.1,14.5
934.409,91,148.0,1961.0,53.0,28.0,29.36,83.5,23.0,14.1,14.5
934.589,91,148.0,1961.0,53.0,28.0,29.36,83.5,23.0,14.1,14.1
934.65,90,148.0,1961.0,53.0,28.0,29.36,83.5,23.0,14.1,14.1
934.769,90,148.0,1961.0,53.0,28.0,29.36,83.5,23.0,14.1,14.1
934.86,90,148.0,1964.0,53.0,28.0,29.36,83.5,23.0,14.1,14.1
934.952,90,148.0,1964.0,53.0,28.0,29.36,83.5,23.0,14.1,14.1
935.04,90,148.0,1964.0,53.0,28.0,29.36,83.5,23.0,14.1,14.1
935.162,90,148.0,1964.0,53.0,28.0,30.16,83.5,23.0,14.1,14.1
935.249,90,148.0,1964.0,53.0,28.0,30.16,83.5,23.0,14.1,14.1
935.34,90,148.0,1964.0,53.0,28.0,30.16,83.5,23.0,14.1,14.1
935.4,90,148.0,1964.0,53.0,28.0,30.16,83.5,23.0,14.1,14.1
935.489,90,148.0,1964.0,53.0,28.0,30.16,83.5,23.0,14.1,14.5
935.641,90,148.0,1964.0,53.0,28.0,30.16,83.5,23.0,14.1,14.5
935.703,90,148.0,1964.0,53.0,28.0,30.16,83.5,23.0,14.1,14.5
935.789,90,148.0,1969.0,53.0,28.0,30.16,83.5,23.0,14.1,14.5
935.88,90,148.0,1969.0,53.0,28.0,30.16,83.5,23.0,14.1,14.5
935.942,90,148.0,1969.0,53.0,28.0,30.16,83.5,23.0,14.1,14.5
936.061,90,148.0,1969.0,53.0,28.0,29.8,83.5,23.0,14.1,14.5
936.149,90,148.0,1969.0,53.0,28.0,29.8,83.5,23.0,14.1,14.5
936.27,90,148.0,1969.0,53.0,28.0,29.8,83.5,23.0,14.1,14.5
936.33,90,148.0,1969.0,53.0,28.0,29.8,83.5,23.0,14.1,14.5
936.389,90,148.0,1969.0,53.0,28.0,29.8,83.5,23.0,14.1,14.5
936.48,90,148.0,1969.0,53.0,28.0,29.8,83.5,23.0,14.1,14.5
936.54,90,148.0,1969.0,53.0,28.0,29.8,83.5,23.0,14.1,14.5
936.689,90,148.0,1964.0,53.0,28.0,29.8,83.5,23.0,14.1,14.5
936.809,90,148.0,1964.0,53.0,28.0,29.8,83.5,23.0,14.1,14.5
936.899,90,148.0,1964.0,53.0,28.0,29.8,83.5,23.0,14.1,14.5
937.019,90,148.0,1964.0,53.0,28.0,29.77,83.5,23.0,14.1,14.5
937.11,90,148.0,1964.0,53.0,28.0,29.77,83.5,23.0,14.1,14.5
937.229,90,148.0,1964.0,53.0,28.0,29.77,83.5,23.0,14.1,14.5
937.293,90,148.0,1964.0,53.0,28.0,29.77,83.5,23.0,14.1,14.5
937.351,90,148.0,1964.0,53.0,28.0,29.77,83.5,23.0,14.1,14.5
937.499,90,148.0,1964.0,53.0,28.0,29.77,83.5,23.0,14.1,14.5
937.59,90,150.0,1964.0,53.0,28.0,29.77,83.5,23.0,14.1,14.5
937.65,90,150.0,1967.0,53.0,28.0,29.77,83.5,23.0,14.1,14.5
937.769,90,150.0,1967.0,53.0,28.0,29.77,83.5,23.0,14.1,14.5
937.829,90,150.0,1967.0,53.0,28.0,29.77,83.5,23.0,14.1,14.5
937.89,90,150.0,1967.0,53.0,28.0,30.66,83.5,23.0,14.1,14.5
937.981,90,150.0,1967.0,53.0,28.0,30.66,83.5,23.0,14.1,14.5
938.041,90,150.0,1967.0,53.0,28.0,30.66,83.5,23.0,14.1,14.5
938.102,90,150.0,1967.0,53.0,28.0,30.66,83.5,23.0,14.1,14.5
938.219,90,150.0,1967.0,53.0,28.0,30.66,83.5,23.0,14.1,14.1
938.283,90,150.0,1967.0,53.0,28.0,30.66,83.5,23.0,14.1,14.1
938.369,90,151.0,1967.0,53.0,28.0,30.66,83.5,23.0,14.1,14.1
938.458,90,151.0,1968.0,53.0,28.0,30.66,83.5,23.0,14.1,14.1
938.609,90,151.0,1968.0,53.0,28.0,30.66,83.5,23.0,14.1,14.1
938.699,90,151.0,1968.0,53.0,28.0,30.66,83.5,23.0,14.1,14.1
938.82,90,151.0,1968.0,53.0,28.0,30.69,83.5,23.0,14.1,14.1
938.909,90,151.0,1968.0,53.0,28.0,30.69,83.5,23.0,14.1,14.1
939.029,90,151.0,1968.0,53.0,28.0,30.69,83.5,23.0,14.1,14.1
939.091,90,151.0,1968.0,53.0,28.0,30.69,83.5,23.0,14.1,14.1
939.15,90,151.0,1968.0,53.0,28.0,30.69,83.5,23.0,14.1,14.5
939.269,90,151.0,1968.0,53.0,28.0,30.69,83.5,23.0,14.1,14.5
939.358,90,151.0,1968.0,53.0,28.0,30.69,83.5,23.0,14.1,14.5
939.48,90,151.0,1967.0,53.0,28.0,30.69,83.5,23.0,14.1,14.5
939.601,90,151.0,1967.0,53.0,28.0,30.69,83.5,23.0,14.1,14.5
939.689,90,151.0,1967.0,53.0,28.0,30.69,83.5,23.0,14.1,14.5
939.809,90,151.0,1967.0,53.0,28.0,30.52,83.5,23.0,14.1,14.5
939.9,90,151.0,1967.0,53.0,28.0,30.52,83.5,23.0,14.1,14.5
939.99,90,151.0,1967.0,53.0,28.0,30.52,83.5,23.0,14.1,14.5
940.05,90,151.0,1967.0,53.0,28.0,30.52,83.5,23.0,14.1,14.5
940.171,90,151.0,1967.0,53.0,28.0,30.52,83.5,23.0,14.1,14.5
940.263,90,151.0,1967.0,53.0,28.0,30.52,83.5,23.0,14.1,14.5
940.379,90,150.0,1967.0,53.0,28.0,30.52,83.5,23.0,14.1,14.5
940.469,90,150.0,1975.0,53.0,28.0,30.52,83.5,23.0,14.1,14.5
940.559,90,150.0,1975.0,53.0,28.0,30.52,83.5,23.0,14.1,14.5
940.649,90,150.0,1975.0,53.0,28.0,30.52,83.5,23.0,14.1,14.5
940.769,90,150.0,1975.0,53.0,28.0,30.27,83.5,23.0,14.1,14.5
940.859,90,150.0,1975.0,53.0,28.0,30.27,83.5,23.0,14.1,14.5
941.009,90,150.0,1975.0,53.0,28.0,30.27,83.5,23.0,14.1,14.5
941.13,90,150.0,1975.0,53.0,28.0,30.27,83.5,23.0,14.1,14.5
941.22,90,150.0,1975.0,53.0,28.0,30.27,83.5,23.0,14.1,14.1
941.341,90,150.0,1975.0,53.0,28.0,30.27,83.5,23.0,14.1,14.1
941.519,90,151.0,1975.0,53.0,28.0,30.27,83.5,23.0,14.1,14.1
941.642,90,151.0,1984.0,53.0,28.0,30.27,83.5,23.0,14.1,14.1
941.729,90,151.0,1984.0,53.0,28.0,30.27,83.5,23.0,14.1,14.1
941.822,90,151.0,1984.0,53.0,28.0,30.27,83.5,23.0,14.1,14.1
941.909,90,151.0,1984.0,53.0,28.0,30.69,83.5,23.0,14.1,14.1
942.03,90,151.0,1984.0,53.0,28.0,30.69,83.5,23.0,14.1,14.1
942.12,90,151.0,1984.0,53.0,28.0,30.69,83.5,23.0,14.1,14.1
942.242,90,151.0,1984.0,53.0,28.0,30.69,83.5,23.0,14.1,14.1
942.328,90,151.0,1984.0,53.0,28.0,30.69,83.5,23.0,14.1,14.5
942.45,90,151.0,1984.0,53.0,28.0,30.69,83.5,23.0,14.1,14.5
942.659,90,147.0,1984.0,53.0,28.0,30.69,83.5,23.0,14.1,14.5
942.782,90,147.0,1998.0,53.0,28.0,30.69,83.5,23.0,14.1,14.5
942.87,90,147.0,1998.0,54.0,28.0,30.69,83.5,23.0,14.1,14.5
942.99,90,147.0,1998.0,54.0,28.0,30.69,83.5,23.0,14.1,14.5
943.079,90,147.0,1998.0,54.0,28.0,29.08,83.5,23.0,14.1,14.5
943.201,90,147.0,1998.0,54.0,28.0,29.08,83.5,23.0,14.1,14.5
943.289,90,147.0,1998.0,54.0,28.0,29.08,83.5,23.0,14.1,14.5
943.409,90,147.0,1998.0,54.0,28.0,29.08,83.5,23.0,14.1,14.5
943.529,90,147.0,1998.0,54.0,28.0,29.08,83.5,23.0,14.1,14.5
943.619,90,147.0,1998.0,54.0,28.0,29.08,83.5,23.0,14.1,14.5
943.739,90,104.0,1998.0,54.0,28.0,29.08,83.5,23.0,14.1,14.5
943.83,90,104.0,1443.0,54.0,28.0,29.08,83.5,23.0,14.1,14.5
943.949,90,104.0,1443.0,52.0,28.0,29.08,83.5,23.0,14.1,14.5
944.039,90,104.0,1443.0,52.0,28.0,29.08,83.5,23.0,14.1,14.5
944.161,90,104.0,1443.0,52.0,28.0,19.77,83.5,23.0,14.1,14.5
944.249,90,104.0,1443.0,52.0,28.0,19.77,71.0,23.0,14.1,14.5
944.37,90,104.0,1443.0,52.0,28.0,19.77,71.0,23.0,14.1,14.5
944.459,90,104.0,1443.0,52.0,28.0,19.77,71.0,23.0,14.1,14.5
944.549,90,104.0,1443.0,52.0,28.0,19.77,71.0,23.0,14.1,14.1
944.669,90,104.0,1443.0,52.0,28.0,19.77,71.0,23.0,14.1,14.1
944.759,90,108.0,1443.0,52.0,28.0,19.77,71.0,23.0,14.1,14.1
944.85,90,108.0,870.0,52.0,28.0,19.77,71.0,23.0,14.1,14.1
944.938,90,108.0,870.0,49.0,28.0,19.77,71.0,23.0,14.1,14.1
945.061,90,108.0,870.0,49.0,23.0,19.77,71.0,23.0,14.1,14.1
945.149,90,108.0,870.0,49.0,23.0,7.83,71.0,23.0,14.1,14.1
945.272,90,108.0,870.0,49.0,23.0,7.83,83.5,23.0,14.1,14.1
945.359,90,108.0,870.0,49.0,23.0,7.83,83.5,23.0,14.1,14.1
945.569,90,108.0,870.0,49.0,23.0,7.83,83.5,23.0,14.1,14.1
945.659,90,108.0,870.0,49.0,23.0,7.83,83.5,23.0,14.1,14.5
945.779,90,108.0,870.0,49.0,23.0,7.83,83.5,23.0,14.1,14.5
945.869,90,106.0,870.0,49.0,23.0,7.83,83.5,23.0,14.1,14.5
945.992,90,106.0,1058.0,49.0,23.0,7.83,83.5,23.0,14.1,14.5
946.079,90,106.0,1058.0,45.0,23.0,7.83,83.5,23.0,14.1,14.5
946.203,90,106.0,1058.0,45.0,20.0,7.83,83.5,23.0,14.1,14.5
946.288,90,106.0,1058.0,45.0,20.0,13.8,83.5,23.0,14.1,14.5
946.409,90,106.0,1058.0,45.0,20.0,13.8,83.5,23.0,14.1,14.5
946.498,90,106.0,1058.0,45.0,20.0,13.8,83.5,23.0,14.1,14.5
946.589,90,106.0,1058.0,45.0,20.0,13.8,83.5,23.0,23.5,14.5
946.769,90,106.0,1058.0,45.0,20.0,13.8,83.5,23.0,23.5,23.9
946.858,90,106.0,1058.0,45.0,20.0,13.8,83.5,23.0,23.5,23.9
946.95,90,104.0,1058.0,45.0,20.0,13.8,83.5,23.0,23.5,23.9
947.044,90,104.0,2320.0,45.0,20.0,13.8,83.5,23.0,23.5,23.9
947.162,90,104.0,2320.0,41.0,20.0,13.8,83.5,23.0,23.5,23.9
947.254,90,104.0,2320.0,41.0,24.0,13.8,83.5,23.0,23.5,23.9
947.369,90,104.0,2320.0,41.0,24.0,27.69,83.5,23.0,23.5,23.9
947.518,90,104.0,2320.0,41.0,24.0,27.69,83.5,23.0,23.5,23.9
947.639,90,104.0,2320.0,41.0,24.0,27.69,83.5,23.0,23.5,23.9
947.729,90,104.0,2320.0,41.0,24.0,27.69,83.5,23.0,14.1,23.9
947.819,90,104.0,2320.0,41.0,24.0,27.69,83.5,23.0,14.1,14.5
947.909,90,104.0,2320.0,41.0,24.0,27.69,83.5,23.0,14.1,14.5
948.029,90,124.0,2320.0,41.0,24.0,27.69,83.5,23.0,14.1,14.5
948.119,90,124.0,2163.0,41.0,24.0,27.69,83.5,23.0,14.1,14.5
948.239,90,124.0,2163.0,37.0,24.0,27.69,83.5,23.0,14.1,14.5
948.359,90,124.0,2163.0,37.0,29.0,27.69,83.5,23.0,14.1,14.5
948.45,90,124.0,2163.0,37.0,29.0,39.8,83.5,23.0,14.1,14.5
948.538,90,124.0,2163.0,37.0,29.0,39.8,83.5,23.0,14.1,14.5
948.629,90,124.0,2163.0,37.0,29.0,39.8,83.5,23.0,14.1,14.5
948.75,90,124.0,2163.0,37.0,29.0,39.8,83.5,23.0,23.9,14.5
948.839,90,124.0,2163.0,37.0,29.0,39.8,83.5,23.0,23.9,23.5
948.962,90,124.0,2163.0,37.0,29.0,39.8,83.5,23.0,23.9,23.5
949.049,90,129.0,2163.0,37.0,29.0,39.8,83.5,23.0,23.9,23.5
949.169,90,129.0,2013.0,37.0,29.0,39.8,83.5,23.0,23.9,23.5
949.259,90,129.0,2013.0,35.0,29.0,39.8,83.5,23.0,23.9,23.5
949.383,90,129.0,2013.0,35.0,29.0,39.8,83.5,23.0,23.9,23.5
949.469,90,129.0,2013.0,35.0,29.0,25.16,83.5,23.0,23.9,23.5
949.559,90,129.0,2013.0,35.0,29.0,25.16,83.5,23.0,23.9,23.5
949.649,90,129.0,2013.0,35.0,29.0,25.16,83.5,23.0,23.9,23.5
949.769,90,129.0,2013.0,35.0,29.0,25.16,83.5,23.0,14.1,23.5
949.859,90,129.0,2013.0,35.0,29.0,25.16,83.5,23.0,14.1,14.5
950.009,90,129.0,2013.0,35.0,29.0,25.16,83.5,23.0,14.1,14.5
950.129,90,123.0,2013.0,35.0,29.0,25.16,83.5,23.0,14.1,14.5
950.22,90,123.0,1835.0,35.0,29.0,25.16,83.5,23.0,14.1,14.5
950.341,90,123.0,1835.0,31.0,29.0,25.16,83.5,23.0,14.1,14.5
950.428,90,123.0,1835.0,31.0,27.0,25.16,83.5,23.0,14.1,14.5
950.519,90,123.0,1835.0,31.0,27.0,34.36,83.5,23.0,14.1,14.5
950.669,90,123.0,1835.0,31.0,27.0,34.36,83.5,23.0,14.1,14.5
950.759,90,123.0,1835.0,31.0,27.0,34.36,83.5,23.0,14.1,14.5
950.85,90,123.0,1835.0,31.0,27.0,34.36,83.5,23.0,14.1,14.5
950.939,90,123.0,1835.0,31.0,27.0,34.36,83.5,23.0,14.1,14.5
951.059,90,123.0,1835.0,31.0,27.0,34.36,83.5,23.0,14.1,14.5
951.15,90,123.0,1835.0,31.0,27.0,34.36,83.5,23.0,14.1,14.5
951.27,90,123.0,1603.0,31.0,27.0,34.36,83.5,23.0,14.1,14.5
951.359,90,123.0,1603.0,27.0,27.0,34.36,83.5,23.0,14.1,14.5
951.479,90,123.0,1603.0,27.0,28.0,34.36,83.5,23.0,14.1,14.5
951.689,90,123.0,1603.0,27.0,28.0,28.16,83.5,23.0,14.1,14.5
951.808,90,123.0,1603.0,27.0,28.0,28.16,83.5,23.0,14.1,14.5
951.899,90,123.0,1603.0,27.0,28.0,28.16,83.5,23.0,14.1,14.5
952.02,90,123.0,1603.0,27.0,28.0,28.16,83.5,23.0,14.1,14.5
952.109,90,123.0,1603.0,27.0,28.0,28.16,83.5,23.0,14.1,14.5
952.229,90,123.0,1603.0,27.0,28.0,28.16,83.5,23.0,14.1,14.5
952.319,90,117.0,1603.0,27.0,28.0,28.16,83.5,23.0,14.1,14.5
952.439,90,117.0,1317.0,27.0,28.0,28.16,83.5,23.0,14.1,14.5
952.529,90,117.0,1317.0,22.0,28.0,28.16,83.5,23.0,14.1,14.5
952.618,90,117.0,1317.0,22.0,27.0,28.16,83.5,23.0,14.1,14.5
952.709,90,117.0,1317.0,22.0,27.0,22.66,83.5,23.0,14.1,14.5
952.828,90,117.0,1317.0,22.0,27.0,22.66,83.5,23.0,14.1,14.5
952.98,90,117.0,1317.0,22.0,27.0,22.66,83.5,23.0,14.1,14.5
953.069,90,117.0,1317.0,22.0,27.0,22.66,83.5,23.0,18.4,14.5
953.19,90,117.0,1317.0,22.0,27.0,22.66,83.5,23.0,18.4,20.0
953.28,90,117.0,1317.0,22.0,27.0,22.66,83.5,23.0,18.4,20.0
953.4,90,112.0,1317.0,22.0,27.0,22.66,83.5,23.0,18.4,20.0
953.489,90,112.0,1182.0,22.0,27.0,22.66,83.5,23.0,18.4,20.0
953.579,90,112.0,1182.0,20.0,27.0,22.66,83.5,23.0,18.4,20.0
953.729,90,112.0,1182.0,20.0,26.0,22.66,83.5,23.0,18.4,20.0
953.819,90,112.0,1182.0,20.0,26.0,8.36,83.5,23.0,18.4,20.0
953.911,90,112.0,1182.0,20.0,26.0,8.36,83.5,23.0,18.4,20.0
953.999,90,112.0,1182.0,20.0,26.0,8.36,83.5,23.0,18.4,20.0
954.119,90,112.0,1182.0,20.0,26.0,8.36,83.5,23.0,34.5,20.0
954.209,90,112.0,1182.0,20.0,26.0,8.36,83.5,23.0,34.5,36.5
954.33,90,112.0,1182.0,20.0,26.0,8.36,83.5,23.0,34.5,36.5
954.418,90,110.0,1182.0,20.0,26.0,8.36,83.5,23.0,34.5,36.5
954.539,90,110.0,1276.0,20.0,26.0,8.36,83.5,23.0,34.5,36.5
954.689,90,110.0,1276.0,22.0,26.0,8.36,83.5,23.0,34.5,36.5
954.78,90,110.0,1276.0,22.0,22.0,8.36,83.5,23.0,34.5,36.5
954.898,90,110.0,1276.0,22.0,22.0,17.83,83.5,23.0,34.5,36.5
954.988,90,110.0,1276.0,22.0,22.0,17.83,83.5,23.0,34.5,36.5
955.109,90,110.0,1276.0,22.0,22.0,17.83,83.5,23.0,34.5,36.5
955.199,90,110.0,1276.0,22.0,22.0,17.83,83.5,23.0,38.4,36.5
955.291,90,110.0,1276.0,22.0,22.0,17.83,83.5,23.0,38.4,38.8
955.378,90,110.0,1276.0,22.0,22.0,17.83,83.5,23.0,38.4,38.8
955.499,90,123.0,1276.0,22.0,22.0,17.83,83.5,23.0,38.4,38.8
955.71,90,123.0,1504.0,22.0,22.0,17.83,83.5,23.0,38.4,38.8
955.829,90,123.0,1504.0,26.0,22.0,17.83,83.5,23.0,38.4,38.8
955.918,90,123.0,1504.0,26.0,26.0,17.83,83.5,23.0,38.4,38.8
956.039,90,123.0,1504.0,26.0,26.0,19.99,83.5,23.0,38.4,38.8
956.13,90,123.0,1504.0,26.0,26.0,19.99,83.5,23.0,38.4,38.8
956.25,90,123.0,1504.0,26.0,26.0,19.99,83.5,23.0,38.4,38.8
956.339,90,123.0,1504.0,26.0,26.0,19.99,83.5,23.0,39.6,38.8
956.461,90,123.0,1504.0,26.0,26.0,19.99,83.5,23.0,39.6,40.4
956.549,90,123.0,1504.0,26.0,26.0,19.99,83.5,23.0,39.6,40.4
956.759,90,139.0,1504.0,26.0,26.0,19.99,83.5,23.0,39.6,40.4
956.849,90,139.0,1709.0,26.0,26.0,19.99,83.5,23.0,39.6,40.4
956.969,90,139.0,1709.0,30.0,26.0,19.99,83.5,23.0,39.6,40.4
957.06,90,139.0,1709.0,30.0,27.0,19.99,83.5,23.0,39.6,40.4
957.179,90,139.0,1709.0,30.0,27.0,24.3,83.5,23.0,39.6,40.4
957.269,90,139.0,1709.0,30.0,27.0,24.3,83.5,23.0,39.6,40.4
957.389,90,139.0,1709.0,30.0,27.0,24.3,83.5,23.0,39.6,40.4
957.479,90,139.0,1709.0,30.0,27.0,24.3,83.5,23.0,36.9,40.4
957.689,90,139.0,1709.0,30.0,27.0,24.3,83.5,23.0,36.9,14.5
957.779,90,139.0,1709.0,30.0,27.0,24.3,83.5,23.0,36.9,14.5
957.899,90,112.0,1709.0,30.0,27.0,24.3,83.5,23.0,36.9,14.5
957.989,90,112.0,1446.0,30.0,27.0,24.3,83.5,23.0,36.9,14.5
958.109,90,112.0,1446.0,31.0,27.0,24.3,83.5,23.0,36.9,14.5
958.199,90,112.0,1446.0,31.0,28.0,24.3,83.5,23.0,36.9,14.5
958.32,90,112.0,1446.0,31.0,28.0,21.8,83.5,23.0,36.9,14.5
958.408,90,112.0,1446.0,31.0,28.0,21.8,31.0,23.0,36.9,14.5
958.529,90,112.0,1446.0,31.0,28.0,21.8,31.0,23.0,36.9,14.5
958.619,90,112.0,1446.0,31.0,28.0,21.8,31.0,23.0,36.1,14.5
958.708,90,112.0,1446.0,31.0,28.0,21.8,31.0,23.0,36.1,37.3
958.859,90,112.0,1446.0,31.0,28.0,21.8,31.0,23.0,36.1,37.3
958.98,90,111.0,1446.0,31.0,28.0,21.8,31.0,23.0,36.1,37.3
959.069,90,111.0,1214.0,31.0,28.0,21.8,31.0,23.0,36.1,37.3
959.189,90,111.0,1214.0,32.0,28.0,21.8,31.0,23.0,36.1,37.3
959.279,90,111.0,1214.0,32.0,26.0,21.8,31.0,23.0,36.1,37.3
959.399,90,111.0,1214.0,32.0,26.0,19.44,31.0,23.0,36.1,37.3
959.489,90,111.0,1214.0,32.0,26.0,19.44,83.5,23.0,36.1,37.3
959.578,90,111.0,1214.0,32.0,26.0,19.44,83.5,23.0,36.1,37.3
959.669,90,111.0,1214.0,32.0,26.0,19.44,83.5,23.0,47.8,37.3
959.763,90,111.0,1214.0,32.0,26.0,19.44,83.5,23.0,47.8,48.6
959.879,90,111.0,1214.0,32.0,26.0,19.44,83.5,23.0,47.8,48.6
959.968,90,130.0,1214.0,32.0,26.0,19.44,83.5,23.0,47.8,48.6
960.089,90,130.0,1330.0,32.0,26.0,19.44,83.5,23.0,47.8,48.6
960.18,90,130.0,1330.0,36.0,26.0,19.44,83.5,23.0,47.8,48.6
960.3,90,130.0,1330.0,36.0,27.0,19.44,83.5,23.0,47.8,48.6
960.389,90,130.0,1330.0,36.0,27.0,30.24,83.5,23.0,47.8,48.6
960.509,90,130.0,1330.0,36.0,27.0,30.24,83.5,23.0,47.8,48.6
960.726,90,130.0,1330.0,36.0,27.0,30.24,83.5,23.0,47.8,48.6
960.84,90,130.0,1330.0,36.0,27.0,30.24,83.5,23.0,47.8,48.6
960.929,90,130.0,1330.0,36.0,27.0,30.24,83.5,23.0,47.8,48.6
961.052,90,130.0,1330.0,36.0,27.0,30.24,83.5,23.0,47.8,48.6
961.139,90,157.0,1330.0,36.0,27.0,30.24,83.5,23.0,47.8,48.6
961.259,90,157.0,1446.0,36.0,27.0,30.24,83.5,23.0,47.8,48.6
961.349,90,157.0,1446.0,39.0,27.0,30.24,83.5,23.0,47.8,48.6
961.469,90,157.0,1446.0,39.0,29.0,30.24,83.5,23.0,47.8,48.6
961.559,90,157.0,1446.0,39.0,29.0,28.36,83.5,23.0,47.8,48.6
961.649,90,157.0,1446.0,39.0,29.0,28.36,83.5,23.0,47.8,48.6
961.739,90,157.0,1446.0,39.0,29.0,28.36,83.5,23.0,47.8,48.6
961.859,90,157.0,1446.0,39.0,29.0,28.36,83.5,23.0,43.9,48.6
961.95,90,157.0,1446.0,39.0,29.0,28.36,83.5,23.0,43.9,44.7
962.07,90,157.0,1446.0,39.0,29.0,28.36,83.5,23.0,43.9,44.7
962.159,90,156.0,1446.0,39.0,29.0,28.36,83.5,23.0,43.9,44.7
962.279,90,156.0,1492.0,39.0,29.0,28.36,83.5,23.0,43.9,44.7
962.369,90,156.0,1492.0,40.0,29.0,28.36,83.5,23.0,43.9,44.7
962.489,90,156.0,1492.0,40.0,29.0,28.36,83.5,23.0,43.9,44.7
962.579,90,156.0,1492.0,40.0,29.0,25.63,83.5,23.0,43.9,44.7
962.669,90,156.0,1492.0,40.0,29.0,25.63,83.5,23.0,43.9,44.7
962.789,90,156.0,1492.0,40.0,29.0,25.63,83.5,23.0,43.9,44.7
962.91,90,156.0,1492.0,40.0,29.0,25.63,83.5,23.0,42.7,44.7
962.999,90,156.0,1492.0,40.0,29.0,25.63,83.5,23.0,42.7,43.5
963.121,90,156.0,1492.0,40.0,29.0,25.63,83.5,23.0,42.7,43.5
963.209,90,148.0,1492.0,40.0,29.0,25.63,83.5,23.0,42.7,43.5
963.331,90,148.0,1527.0,40.0,29.0,25.63,83.5,23.0,42.7,43.5
963.418,90,148.0,1527.0,41.0,29.0,25.63,83.5,23.0,42.7,43.5
963.539,90,148.0,1527.0,41.0,28.0,25.63,83.5,23.0,42.7,43.5
963.749,90,148.0,1527.0,41.0,28.0,27.38,83.5,23.0,42.7,43.5
963.869,90,148.0,1527.0,41.0,28.0,27.38,83.5,23.0,42.7,43.5
963.959,90,148.0,1527.0,41.0,28.0,27.38,83.5,23.0,42.7,43.5
964.079,90,148.0,1527.0,41.0,28.0,27.38,83.5,23.0,46.7,43.5
964.169,90,148.0,1527.0,41.0,28.0,27.38,83.5,23.0,46.7,47.1
964.291,90,148.0,1527.0,41.0,28.0,27.38,83.5,23.0,46.7,47.1
964.379,90,167.0,1527.0,41.0,28.0,27.38,83.5,23.0,46.7,47.1
964.5,90,167.0,1586.0,41.0,28.0,27.38,83.5,23.0,46.7,47.1
964.589,90,167.0,1586.0,42.0,28.0,27.38,83.5,23.0,46.7,47.1
964.68,90,167.0,1586.0,42.0,28.0,27.38,83.5,23.0,46.7,47.1
964.8,90,167.0,1586.0,42.0,28.0,31.3,83.5,23.0,46.7,47.1
964.889,90,167.0,1586.0,42.0,28.0,31.3,83.5,23.0,46.7,47.1
965.01,90,167.0,1586.0,42.0,28.0,31.3,83.5,23.0,46.7,47.1
965.099,90,167.0,1586.0,42.0,28.0,31.3,83.5,23.0,44.7,47.1
965.249,90,167.0,1586.0,42.0,28.0,31.3,83.5,23.0,44.7,45.5
965.339,90,167.0,1586.0,42.0,28.0,31.3,83.5,23.0,44.7,45.5
965.429,90,163.0,1586.0,42.0,28.0,31.3,83.5,23.0,44.7,45.5
965.519,90,163.0,1617.0,42.0,28.0,31.3,83.5,23.0,44.7,45.5
965.609,90,163.0,1617.0,44.0,28.0,31.3,83.5,23.0,44.7,45.5
965.699,90,163.0,1617.0,44.0,29.0,31.3,83.5,23.0,44.7,45.5
965.789,90,163.0,1617.0,44.0,29.0,24.13,83.5,23.0,44.7,45.5
965.939,90,163.0,1617.0,44.0,29.0,24.13,83.5,23.0,44.7,45.5
966.029,90,163.0,1617.0,44.0,29.0,24.13,83.5,23.0,44.7,45.5
966.121,90,163.0,1617.0,44.0,29.0,24.13,83.5,23.0,41.2,45.5
966.21,90,163.0,1617.0,44.0,29.0,24.13,83.5,23.0,41.2,42.0
966.331,90,163.0,1617.0,44.0,29.0,24.13,83.5,23.0,41.2,42.0
966.418,90,134.0,1617.0,44.0,29.0,24.13,83.5,23.0,41.2,42.0
966.54,90,134.0,1616.0,44.0,29.0,24.13,83.5,23.0,41.2,42.0
966.749,90,134.0,1616.0,43.0,29.0,24.13,83.5,23.0,41.2,42.0
966.871,90,134.0,1616.0,43.0,27.0,24.13,83.5,23.0,41.2,42.0
966.96,90,134.0,1616.0,43.0,27.0,22.52,83.5,23.0,41.2,42.0
967.08,90,134.0,1616.0,43.0,27.0,22.52,83.5,23.0,41.2,42.0
967.168,90,134.0,1616.0,43.0,27.0,22.52,83.5,23.0,41.2,42.0
967.289,90,134.0,1616.0,43.0,27.0,22.52,83.5,23.0,41.6,42.0
967.38,90,134.0,1616.0,43.0,27.0,22.52,83.5,23.0,41.6,42.0
967.499,90,134.0,1616.0,43.0,27.0,22.52,83.5,23.0,41.6,42.0
967.59,90,137.0,1616.0,43.0,27.0,22.52,83.5,23.0,41.6,42.0
967.739,90,137.0,1600.0,43.0,27.0,22.52,83.5,23.0,41.6,42.0
967.86,90,137.0,1600.0,43.0,27.0,22.52,83.5,23.0,41.6,42.0
967.949,90,137.0,1600.0,43.0,27.0,22.52,83.5,23.0,41.6,42.0
968.07,90,137.0,1600.0,43.0,27.0,22.72,83.5,23.0,41.6,42.0
968.159,90,137.0,1600.0,43.0,27.0,22.72,83.5,23.0,41.6,42.0
968.286,90,137.0,1600.0,43.0,27.0,22.72,83.5,23.0,41.6,42.0
968.369,90,137.0,1600.0,43.0,27.0,22.72,83.5,23.0,41.6,42.0
968.49,90,137.0,1600.0,43.0,27.0,22.72,83.5,23.0,41.6,42.0
968.699,90,137.0,1600.0,43.0,27.0,22.72,83.5,23.0,41.6,42.0
968.908,90,138.0,1600.0,43.0,27.0,22.72,83.5,23.0,41.6,42.0
968.999,90,138.0,1565.0,43.0,27.0,22.72,83.5,23.0,41.6,42.0
969.123,90,138.0,1565.0,42.0,27.0,22.72,83.5,23.0,41.6,42.0
969.21,90,138.0,1565.0,42.0,27.0,22.72,83.5,23.0,41.6,42.0
969.329,90,138.0,1565.0,42.0,27.0,16.55,83.5,23.0,41.6,42.0
969.419,90,138.0,1565.0,42.0,27.0,16.55,83.5,23.0,41.6,42.0
969.539,90,138.0,1565.0,42.0,27.0,16.55,83.5,23.0,41.6,42.0
969.63,90,138.0,1565.0,42.0,27.0,16.55,83.5,23.0,28.6,42.0
969.779,90,138.0,1565.0,42.0,27.0,16.55,83.5,23.0,28.6,27.8
969.869,90,138.0,1565.0,42.0,27.0,16.55,83.5,23.0,28.6,27.8
969.99,90,112.0,1565.0,42.0,27.0,16.55,83.5,23.0,28.6,27.8
970.08,90,112.0,1502.0,42.0,27.0,16.55,83.5,23.0,28.6,27.8
970.201,90,112.0,1502.0,40.0,27.0,16.55,83.5,23.0,28.6,27.8
970.289,90,112.0,1502.0,40.0,25.0,16.55,83.5,23.0,28.6,27.8
970.409,90,112.0,1502.0,40.0,25.0,11.99,83.5,23.0,28.6,27.8
970.499,90,112.0,1502.0,40.0,25.0,11.99,83.5,23.0,28.6,27.8
970.619,90,112.0,1502.0,40.0,25.0,11.99,83.5,23.0,28.6,27.8
970.769,90,112.0,1502.0,40.0,25.0,11.99,83.5,23.0,25.5,27.8
970.859,90,112.0,1502.0,40.0,25.0,11.99,83.5,23.0,25.5,25.9
970.98,90,112.0,1502.0,40.0,25.0,11.99,83.5,23.0,25.5,25.9
971.069,90,104.0,1502.0,40.0,25.0,11.99,83.5,23.0,25.5,25.9
971.19,90,104.0,1384.0,40.0,25.0,11.99,83.5,23.0,25.5,25.9
971.279,90,104.0,1384.0,37.0,25.0,11.99,83.5,23.0,25.5,25.9
971.399,90,104.0,1384.0,37.0,24.0,11.99,83.5,23.0,25.5,25.9
971.489,90,104.0,1384.0,37.0,24.0,12.08,83.5,23.0,25.5,25.9
971.609,90,104.0,1384.0,37.0,24.0,12.08,83.5,23.0,25.5,25.9
971.759,90,104.0,1384.0,37.0,24.0,12.08,83.5,23.0,25.5,25.9
971.849,90,104.0,1384.0,37.0,24.0,12.08,83.5,23.0,35.3,25.9
971.969,90,104.0,1384.0,37.0,24.0,12.08,83.5,23.0,35.3,36.5
972.091,90,104.0,1384.0,37.0,24.0,12.08,83.5,23.0,35.3,36.5
972.179,90,112.0,1384.0,37.0,24.0,12.08,83.5,23.0,35.3,36.5
972.298,90,112.0,1317.0,37.0,24.0,12.08,83.5,23.0,35.3,36.5
972.389,90,112.0,1317.0,35.0,24.0,12.08,83.5,23.0,35.3,36.5
972.509,90,112.0,1317.0,35.0,24.0,12.08,83.5,23.0,35.3,36.5
972.629,90,112.0,1317.0,35.0,24.0,20.61,83.5,23.0,35.3,36.5
972.728,90,112.0,1317.0,35.0,24.0,20.61,83.5,23.0,35.3,36.5
972.84,90,112.0,1317.0,35.0,24.0,20.61,83.5,23.0,35.3,36.5
972.959,90,112.0,1317.0,35.0,24.0,20.61,83.5,23.0,45.1,36.5
973.079,90,112.0,1317.0,35.0,24.0,20.61,83.5,23.0,45.1,45.9
973.169,91,112.0,1317.0,35.0,24.0,20.61,83.5,23.0,45.1,45.9
973.289,91,135.0,1317.0,35.0,24.0,20.61,83.5,23.0,45.1,45.9
973.44,91,135.0,1335.0,35.0,24.0,20.61,83.5,23.0,45.1,45.9
973.528,91,135.0,1335.0,36.0,24.0,20.61,83.5,23.0,45.1,45.9
973.619,91,135.0,1335.0,36.0,28.0,20.61,83.5,23.0,45.1,45.9
973.77,91,135.0,1335.0,36.0,28.0,25.13,83.5,23.0,45.1,45.9
973.86,91,135.0,1335.0,36.0,28.0,25.13,83.5,23.0,45.1,45.9
973.952,91,135.0,1335.0,36.0,28.0,25.13,83.5,23.0,45.1,45.9
974.04,91,135.0,1335.0,36.0,28.0,25.13,83.5,23.0,48.6,45.9
974.16,91,135.0,1335.0,36.0,28.0,25.13,83.5,23.0,48.6,49.0
974.251,91,135.0,1335.0,36.0,28.0,25.13,83.5,23.0,48.6,49.0
974.369,91,157.0,1335.0,36.0,28.0,25.13,83.5,23.0,48.6,49.0
974.459,91,157.0,1415.0,36.0,28.0,25.13,83.5,23.0,48.6,49.0
974.579,91,157.0,1415.0,38.0,28.0,25.13,83.5,23.0,48.6,49.0
974.94,91,157.0,1415.0,38.0,29.0,25.13,83.5,23.0,48.6,49.0
975.029,91,157.0,1415.0,38.0,29.0,33.16,83.5,23.0,48.6,49.0
975.123,91,157.0,1415.0,38.0,29.0,33.16,83.5,23.0,48.6,49.0
975.21,91,157.0,1415.0,38.0,29.0,33.16,83.5,23.0,48.6,49.0
975.329,91,157.0,1415.0,38.0,29.0,33.16,83.5,23.0,47.5,49.0
975.419,91,157.0,1415.0,38.0,29.0,33.16,83.5,23.0,47.5,48.2
975.54,91,157.0,1415.0,38.0,29.0,33.16,83.5,23.0,47.5,48.2
975.629,91,176.0,1415.0,38.0,29.0,33.16,83.5,23.0,47.5,48.2
975.725,91,176.0,1511.0,38.0,29.0,33.16,83.5,23.0,47.5,48.2
975.84,91,176.0,1511.0,40.0,29.0,33.16,83.5,23.0,47.5,48.2
975.929,91,176.0,1511.0,40.0,30.0,33.16,83.5,23.0,47.5,48.2
976.051,91,176.0,1511.0,40.0,30.0,33.63,83.5,23.0,47.5,48.2
976.139,91,176.0,1511.0,40.0,30.0,33.63,83.5,23.0,47.5,48.2
976.259,91,176.0,1511.0,40.0,30.0,33.63,83.5,23.0,47.5,48.2
976.349,91,176.0,1511.0,40.0,30.0,33.63,83.5,23.0,48.6,48.2
976.47,91,176.0,1511.0,40.0,30.0,33.63,83.5,23.0,48.6,49.0
976.559,91,176.0,1511.0,40.0,30.0,33.63,83.5,23.0,48.6,49.0
976.65,91,184.0,1511.0,40.0,30.0,33.63,83.5,23.0,48.6,49.0
976.739,91,184.0,1588.0,40.0,30.0,33.63,83.5,23.0,48.6,49.0
976.831,91,184.0,1588.0,43.0,30.0,33.63,83.5,23.0,48.6,49.0
976.954,91,184.0,1588.0,43.0,30.0,33.63,83.5,23.0,48.6,49.0
977.039,91,184.0,1588.0,43.0,30.0,35.74,83.5,23.0,48.6,49.0
977.159,91,184.0,1588.0,43.0,30.0,35.74,83.5,23.0,48.6,49.0
977.249,91,184.0,1588.0,43.0,30.0,35.74,83.5,23.0,48.6,49.0
977.37,91,184.0,1588.0,43.0,30.0,35.74,83.5,23.0,48.2,49.0
977.459,91,184.0,1588.0,43.0,30.0,35.74,83.5,23.0,48.2,49.0
977.579,91,184.0,1588.0,43.0,30.0,35.74,83.5,23.0,48.2,49.0
977.759,91,185.0,1588.0,43.0,30.0,35.74,83.5,23.0,48.2,49.0
977.849,91,185.0,1680.0,43.0,30.0,35.74,83.5,23.0,48.2,49.0
977.972,91,185.0,1680.0,45.0,30.0,35.74,83.5,23.0,48.2,49.0
978.09,91,185.0,1680.0,45.0,30.0,35.74,83.5,23.0,48.2,49.0
978.179,91,185.0,1680.0,45.0,30.0,37.11,83.5,23.0,48.2,49.0
978.31,91,185.0,1680.0,45.0,30.0,37.11,83.5,23.0,48.2,49.0
978.389,91,185.0,1680.0,45.0,30.0,37.11,83.5,22.0,48.2,49.0
978.509,91,185.0,1680.0,45.0,30.0,37.11,83.5,22.0,47.8,49.0
978.599,91,185.0,1680.0,45.0,30.0,37.11,83.5,22.0,47.8,48.6
978.69,91,185.0,1680.0,45.0,30.0,37.11,83.5,22.0,47.8,48.6
978.811,91,186.0,1680.0,45.0,30.0,37.11,83.5,22.0,47.8,48.6
978.899,91,186.0,1755.0,45.0,30.0,37.11,83.5,22.0,47.8,48.6
979.02,91,186.0,1755.0,47.0,30.0,37.11,83.5,22.0,47.8,48.6
979.109,91,186.0,1755.0,47.0,29.0,37.11,83.5,22.0,47.8,48.6
979.232,91,186.0,1755.0,47.0,29.0,37.72,83.5,22.0,47.8,48.6
979.319,91,186.0,1755.0,47.0,29.0,37.72,83.5,22.0,47.8,48.6
979.44,91,186.0,1755.0,47.0,29.0,37.72,83.5,22.0,47.8,48.6
979.528,91,186.0,1755.0,47.0,29.0,37.72,83.5,22.0,46.7,48.6
979.65,91,186.0,1755.0,47.0,29.0,37.72,83.5,22.0,46.7,46.7
979.799,91,186.0,1755.0,47.0,29.0,37.72,83.5,22.0,46.7,46.7
979.889,91,176.0,1755.0,47.0,29.0,37.72,83.5,22.0,46.7,46.7
979.98,91,176.0,1811.0,47.0,29.0,37.72,83.5,22.0,46.7,46.7
980.07,91,176.0,1811.0,49.0,29.0,37.72,83.5,22.0,46.7,46.7
980.19,91,176.0,1811.0,49.0,29.0,37.72,83.5,22.0,46.7,46.7
980.279,91,176.0,1811.0,49.0,29.0,32.47,83.5,22.0,46.7,46.7
980.399,91,176.0,1811.0,49.0,29.0,32.47,83.5,22.0,46.7,46.7
980.489,91,176.0,1811.0,49.0,29.0,32.47,83.5,22.0,46.7,46.7
980.699,91,176.0,1811.0,49.0,29.0,32.47,83.5,22.0,43.9,46.7
980.789,91,176.0,1811.0,49.0,29.0,32.47,83.5,22.0,43.9,44.7
980.879,91,176.0,1811.0,49.0,29.0,32.47,83.5,22.0,43.9,44.7
980.97,91,153.0,1811.0,49.0,29.0,32.47,83.5,22.0,43.9,44.7
981.09,91,153.0,1843.0,49.0,29.0,32.47,83.5,22.0,43.9,44.7
981.179,91,153.0,1843.0,49.0,29.0,32.47,83.5,22.0,43.9,44.7
981.301,91,153.0,1843.0,49.0,29.0,32.47,83.5,22.0,43.9,44.7
981.389,91,153.0,1843.0,49.0,29.0,31.19,83.5,22.0,43.9,44.7
981.509,91,153.0,1843.0,49.0,29.0,31.19,83.5,22.0,43.9,44.7
981.599,91,153.0,1843.0,49.0,29.0,31.19,83.5,22.0,43.9,44.7
981.689,91,153.0,1843.0,49.0,29.0,31.19,83.5,22.0,44.3,44.7
981.839,91,153.0,1843.0,49.0,29.0,31.19,83.5,22.0,44.3,45.1
981.93,91,153.0,1843.0,49.0,29.0,31.19,83.5,22.0,44.3,45.1
982.02,91,157.0,1843.0,49.0,29.0,31.19,83.5,22.0,44.3,45.1
982.11,91,157.0,1855.0,49.0,29.0,31.19,83.5,22.0,44.3,45.1
982.231,91,157.0,1855.0,50.0,29.0,31.19,83.5,22.0,44.3,45.1
982.322,91,157.0,1855.0,50.0,29.0,31.19,83.5,22.0,44.3,45.1
982.439,91,157.0,1855.0,50.0,29.0,31.44,83.5,22.0,44.3,45.1
982.529,91,157.0,1855.0,50.0,29.0,31.44,83.5,22.0,44.3,45.1
982.649,91,157.0,1855.0,50.0,29.0,31.44,83.5,22.0,44.3,45.1
982.8,91,157.0,1855.0,50.0,29.0,31.44,83.5,22.0,44.7,45.1
982.889,91,157.0,1855.0,50.0,29.0,31.44,83.5,22.0,44.7,45.5
982.98,91,157.0,1855.0,50.0,29.0,31.44,83.5,22.0,44.7,45.5
983.069,91,161.0,1855.0,50.0,29.0,31.44,83.5,22.0,44.7,45.5
983.191,91,161.0,1879.0,50.0,29.0,31.44,83.5,22.0,44.7,45.5
983.28,91,161.0,1879.0,50.0,29.0,31.44,83.5,22.0,44.7,45.5
983.399,91,161.0,1879.0,50.0,29.0,31.44,83.5,22.0,44.7,45.5
983.489,91,161.0,1879.0,50.0,29.0,32.24,83.5,22.0,44.7,45.5
983.61,91,161.0,1879.0,50.0,29.0,32.24,83.5,22.0,44.7,45.5
983.819,91,161.0,1879.0,50.0,29.0,32.24,83.5,22.0,44.7,45.5
983.91,91,161.0,1879.0,50.0,29.0,32.24,83.5,22.0,44.7,45.5
983.999,91,161.0,1879.0,50.0,29.0,32.24,83.5,22.0,44.7,45.5
984.119,91,161.0,1879.0,50.0,29.0,32.24,83.5,22.0,44.7,45.5
984.21,91,162.0,1879.0,50.0,29.0,32.24,83.5,22.0,44.7,45.5
984.329,91,162.0,1917.0,50.0,29.0,32.24,83.5,22.0,44.7,45.5
984.419,91,162.0,1917.0,51.0,29.0,32.24,83.5,22.0,44.7,45.5
984.539,91,162.0,1917.0,51.0,29.0,32.24,83.5,22.0,44.7,45.5
984.629,91,162.0,1917.0,51.0,29.0,33.22,83.5,22.0,44.7,45.5
984.725,91,162.0,1917.0,51.0,29.0,33.22,83.5,22.0,44.7,45.5
984.869,91,162.0,1917.0,51.0,29.0,33.22,83.5,22.0,44.7,45.5
984.99,91,162.0,1917.0,51.0,29.0,33.22,83.5,22.0,45.1,45.5
985.08,91,162.0,1917.0,51.0,29.0,33.22,83.5,22.0,45.1,45.5
985.199,91,162.0,1917.0,51.0,29.0,33.22,83.5,22.0,45.1,45.5
985.291,91,163.0,1917.0,51.0,29.0,33.22,83.5,22.0,45.1,45.5
985.409,91,163.0,1939.0,51.0,29.0,33.22,83.5,22.0,45.1,45.5
985.499,91,163.0,1939.0,52.0,29.0,33.22,83.5,22.0,45.1,45.5
985.619,91,163.0,1939.0,52.0,29.0,33.22,83.5,22.0,45.1,45.5
985.709,91,163.0,1939.0,52.0,29.0,33.8,83.5,22.0,45.1,45.5
985.829,91,163.0,1939.0,52.0,29.0,33.8,83.5,22.0,45.1,45.5
985.919,91,163.0,1939.0,52.0,29.0,33.8,83.5,22.0,45.1,45.5
986.011,91,163.0,1939.0,52.0,29.0,33.8,83.5,22.0,44.7,45.5
986.099,91,163.0,1939.0,52.0,29.0,33.8,83.5,22.0,44.7,45.5
986.221,91,163.0,1939.0,52.0,29.0,33.8,83.5,22.0,44.7,45.5
986.311,91,163.0,1939.0,52.0,29.0,33.8,83.5,22.0,44.7,45.5
986.43,91,163.0,1959.0,52.0,29.0,33.8,83.5,22.0,44.7,45.5
986.519,91,163.0,1959.0,53.0,29.0,33.8,83.5,22.0,44.7,45.5
986.73,91,163.0,1959.0,53.0,29.0,33.8,83.5,22.0,44.7,45.5
986.819,91,163.0,1959.0,53.0,29.0,34.13,83.5,22.0,44.7,45.5
986.971,91,163.0,1959.0,53.0,29.0,34.13,83.5,22.0,44.7,45.5
987.06,91,163.0,1959.0,53.0,29.0,34.13,83.5,22.0,44.7,45.5
987.181,91,163.0,1959.0,53.0,29.0,34.13,83.5,22.0,44.7,45.5
987.269,91,163.0,1959.0,53.0,29.0,34.13,83.5,22.0,44.7,45.1
987.389,91,163.0,1959.0,53.0,29.0,34.13,83.5,22.0,44.7,45.1
987.479,91,162.0,1959.0,53.0,29.0,34.13,83.5,22.0,44.7,45.1
987.599,91,162.0,1978.0,53.0,29.0,34.13,83.5,22.0,44.7,45.1
987.691,91,162.0,1978.0,53.0,29.0,34.13,83.5,22.0,44.7,45.1
987.779,91,162.0,1978.0,53.0,29.0,34.13,83.5,22.0,44.7,45.1
987.9,91,162.0,1978.0,53.0,29.0,33.11,83.5,22.0,44.7,45.1
987.992,91,162.0,1978.0,53.0,29.0,33.11,83.5,22.0,44.7,45.1
988.11,91,162.0,1978.0,53.0,29.0,33.11,83.5,22.0,44.7,45.1
988.199,91,162.0,1978.0,53.0,29.0,33.11,83.5,22.0,43.9,45.1
988.355,91,162.0,1978.0,53.0,29.0,33.11,83.5,22.0,43.9,44.7
988.438,91,162.0,1978.0,53.0,29.0,33.11,83.5,22.0,43.9,44.7
988.588,91,157.0,1978.0,53.0,29.0,33.11,83.5,22.0,43.9,44.7
988.678,91,157.0,1983.0,53.0,29.0,33.11,83.5,22.0,43.9,44.7
988.83,91,157.0,1983.0,53.0,29.0,33.11,83.5,22.0,43.9,44.7
988.919,91,157.0,1983.0,53.0,29.0,33.11,83.5,22.0,43.9,44.7
989.039,91,157.0,1983.0,53.0,29.0,32.99,83.5,22.0,43.9,44.7
989.129,91,157.0,1983.0,53.0,29.0,32.99,83.5,22.0,43.9,44.7
989.249,91,157.0,1983.0,53.0,29.0,32.99,83.5,22.0,43.9,44.7
989.339,91,157.0,1983.0,53.0,29.0,32.99,83.5,22.0,43.9,44.7
989.46,91,157.0,1983.0,53.0,29.0,32.99,83.5,22.0,43.9,44.7
989.549,91,157.0,1983.0,53.0,29.0,32.99,83.5,22.0,43.9,44.7
989.67,91,158.0,1983.0,53.0,29.0,32.99,83.5,22.0,43.9,44.7
989.819,91,158.0,1991.0,53.0,29.0,32.99,83.5,22.0,43.9,44.7
989.909,91,158.0,1991.0,53.0,29.0,32.99,83.5,22.0,43.9,44.7
990.029,91,158.0,1991.0,53.0,29.0,32.99,83.5,22.0,43.9,44.7
990.151,91,158.0,1991.0,53.0,29.0,32.97,83.5,22.0,43.9,44.7
990.239,91,158.0,1991.0,53.0,29.0,32.97,83.5,22.0,43.9,44.7
990.359,91,158.0,1991.0,53.0,29.0,32.97,83.5,22.0,43.9,44.7
990.449,91,158.0,1991.0,53.0,29.0,32.97,83.5,22.0,43.9,44.7
990.57,91,158.0,1991.0,53.0,29.0,32.97,83.5,22.0,43.9,44.7
990.66,91,158.0,1991.0,53.0,29.0,32.97,83.5,22.0,43.9,44.7
990.749,91,159.0,1991.0,53.0,29.0,32.97,83.5,22.0,43.9,44.7
990.84,91,159.0,1978.0,53.0,29.0,32.97,83.5,22.0,43.9,44.7
990.929,91,159.0,1978.0,53.0,29.0,32.97,83.5,22.0,43.9,44.7
991.05,91,159.0,1978.0,53.0,29.0,32.97,83.5,22.0,43.9,44.7
991.139,91,159.0,1978.0,53.0,29.0,32.77,83.5,22.0,43.9,44.7
991.26,91,159.0,1978.0,53.0,29.0,32.77,83.5,22.0,43.9,44.7
991.349,91,159.0,1978.0,53.0,29.0,32.77,83.5,22.0,43.9,44.7
991.469,91,159.0,1978.0,53.0,29.0,32.77,83.5,22.0,44.7,44.7
991.559,91,159.0,1978.0,53.0,29.0,32.77,83.5,22.0,44.7,45.5
991.68,91,159.0,1978.0,53.0,29.0,32.77,83.5,22.0,44.7,45.5
991.829,91,160.0,1978.0,53.0,29.0,32.77,83.5,22.0,44.7,45.5
991.92,91,160.0,1978.0,53.0,29.0,32.77,83.5,22.0,44.7,45.5
992.011,91,160.0,1978.0,53.0,29.0,32.77,83.5,22.0,44.7,45.5
992.099,91,160.0,1978.0,53.0,29.0,32.77,83.5,22.0,44.7,45.5
992.22,91,160.0,1978.0,53.0,29.0,34.38,83.5,22.0,44.7,45.5
992.311,91,160.0,1978.0,53.0,29.0,34.38,83.5,22.0,44.7,45.5
992.43,91,160.0,1978.0,53.0,29.0,34.38,83.5,22.0,44.7,45.5
992.519,91,160.0,1978.0,53.0,29.0,34.38,83.5,22.0,44.7,45.5
992.609,91,160.0,1978.0,53.0,29.0,34.38,83.5,22.0,44.7,45.5
992.729,91,160.0,1978.0,53.0,29.0,34.38,83.5,22.0,44.7,45.5
992.85,91,162.0,1978.0,53.0,29.0,34.38,83.5,22.0,44.7,45.5
992.939,91,162.0,1994.0,53.0,29.0,34.38,83.5,22.0,44.7,45.5
993.061,91,162.0,1994.0,53.0,29.0,34.38,83.5,22.0,44.7,45.5
993.149,91,162.0,1994.0,53.0,29.0,34.38,83.5,22.0,44.7,45.5
993.269,91,162.0,1994.0,53.0,29.0,33.83,83.5,22.0,44.7,45.5
993.359,91,162.0,1994.0,53.0,29.0,33.83,83.5,22.0,44.7,45.5
993.479,91,162.0,1994.0,53.0,29.0,33.83,83.5,22.0,44.7,45.5
993.569,91,162.0,1994.0,53.0,29.0,33.83,83.5,22.0,44.3,45.5
993.809,91,162.0,1994.0,53.0,29.0,33.83,83.5,22.0,44.3,44.7
993.899,91,162.0,1994.0,53.0,29.0,33.83,83.5,22.0,44.3,44.7
994.019,91,159.0,1994.0,53.0,29.0,33.83,83.5,22.0,44.3,44.7
994.109,91,159.0,1997.0,53.0,29.0,33.83,83.5,22.0,44.3,44.7
994.23,91,159.0,1997.0,53.0,29.0,33.83,83.5,22.0,44.3,44.7
994.319,91,159.0,1997.0,53.0,29.0,33.83,83.5,22.0,44.3,44.7
994.439,91,159.0,1997.0,53.0,29.0,33.49,83.5,22.0,44.3,44.7
994.529,91,159.0,1997.0,53.0,29.0,33.49,83.5,22.0,44.3,44.7
994.649,91,159.0,1997.0,53.0,29.0,33.49,83.5,22.0,44.3,44.7
994.739,91,159.0,1997.0,53.0,29.0,33.49,83.5,22.0,44.3,44.7
994.829,91,159.0,1997.0,53.0,29.0,33.49,83.5,22.0,44.3,44.7
994.92,91,159.0,1997.0,53.0,29.0,33.49,83.5,22.0,44.3,44.7
995.009,91,158.0,1997.0,53.0,29.0,33.49,83.5,22.0,44.3,44.7
995.13,91,158.0,1989.0,53.0,29.0,33.49,83.5,22.0,44.3,44.7
995.219,91,158.0,1989.0,54.0,29.0,33.49,83.5,22.0,44.3,44.7
995.339,91,158.0,1989.0,54.0,28.0,33.49,83.5,22.0,44.3,44.7
995.428,91,158.0,1989.0,54.0,28.0,32.97,83.5,22.0,44.3,44.7
995.638,91,158.0,1989.0,54.0,28.0,32.97,83.5,22.0,44.3,44.7
995.788,91,158.0,1989.0,54.0,28.0,32.97,83.5,22.0,44.3,44.7
995.879,91,158.0,1989.0,54.0,28.0,32.97,83.5,22.0,36.1,44.7
996.029,91,158.0,1989.0,54.0,28.0,32.97,83.5,22.0,36.1,35.7
996.118,91,158.0,1989.0,54.0,28.0,32.97,83.5,22.0,36.1,35.7
996.239,91,129.0,1989.0,54.0,28.0,32.97,83.5,22.0,36.1,35.7
996.359,91,129.0,1949.0,54.0,28.0,32.97,83.5,22.0,36.1,35.7
996.509,91,129.0,1949.0,52.0,28.0,32.97,83.5,22.0,36.1,35.7
996.599,91,129.0,1949.0,52.0,28.0,32.97,83.5,22.0,36.1,35.7
996.722,91,129.0,1949.0,52.0,28.0,20.99,83.5,22.0,36.1,35.7
996.84,91,129.0,1949.0,52.0,28.0,20.99,83.5,22.0,36.1,35.7
996.929,91,129.0,1949.0,52.0,28.0,20.99,83.5,22.0,36.1,35.7
997.02,91,129.0,1949.0,52.0,28.0,20.99,83.5,22.0,14.1,35.7
997.109,91,129.0,1949.0,52.0,28.0,20.99,83.5,22.0,14.1,14.5
997.23,91,129.0,1949.0,52.0,28.0,20.99,83.5,22.0,14.1,14.5
997.323,91,115.0,1949.0,52.0,28.0,20.99,83.5,22.0,14.1,14.5
997.469,91,115.0,1801.0,52.0,28.0,20.99,83.5,22.0,14.1,14.5
997.559,91,115.0,1801.0,48.0,28.0,20.99,83.5,22.0,14.1,14.5
997.799,91,115.0,1801.0,48.0,26.0,20.99,83.5,22.0,14.1,14.5
997.89,91,115.0,1801.0,48.0,26.0,19.94,83.5,22.0,14.1,14.5
997.98,91,115.0,1801.0,48.0,26.0,19.94,83.5,22.0,14.1,14.5
998.069,91,115.0,1801.0,48.0,26.0,19.94,83.5,22.0,14.1,14.5
998.189,91,115.0,1801.0,48.0,26.0,19.94,83.5,22.0,14.1,14.5
998.28,91,115.0,1801.0,48.0,26.0,19.94,83.5,22.0,14.1,14.5
998.399,91,115.0,1801.0,48.0,26.0,19.94,83.5,22.0,14.1,14.5
998.489,91,125.0,1801.0,48.0,26.0,19.94,83.5,22.0,14.1,14.5
998.609,91,125.0,1604.0,48.0,26.0,19.94,83.5,22.0,14.1,14.5
998.699,91,125.0,1604.0,43.0,26.0,19.94,83.5,22.0,14.1,14.5
998.789,91,125.0,1604.0,43.0,28.0,19.94,83.5,22.0,14.1,14.5
998.88,91,125.0,1604.0,43.0,28.0,28.69,83.5,22.0,14.1,14.5
998.999,91,125.0,1604.0,43.0,28.0,28.69,83.5,22.0,14.1,14.5
999.123,91,125.0,1604.0,43.0,28.0,28.69,83.5,22.0,14.1,14.5
999.209,91,125.0,1604.0,43.0,28.0,28.69,83.5,22.0,33.7,14.5
999.33,91,125.0,1604.0,43.0,28.0,28.69,83.5,22.0,33.7,35.7
999.419,91,125.0,1604.0,43.0,28.0,28.69,83.5,22.0,33.7,35.7
999.539,91,115.0,1604.0,43.0,28.0,28.69,83.5,22.0,33.7,35.7
999.629,91,115.0,1507.0,43.0,28.0,28.69,83.5,22.0,33.7,35.7
999.749,91,115.0,1507.0,40.0,28.0,28.69,83.5,22.0,33.7,35.7
999.839,91,115.0,1507.0,40.0,26.0,28.69,83.5,22.0,33.7,35.7
999.959,91,115.0,1507.0,40.0,26.0,21.02,83.5,22.0,33.7,35.7
1000.049,91,115.0,1507.0,40.0,26.0,21.02,83.5,22.0,33.7,35.7
1000.169,91,115.0,1507.0,40.0,26.0,21.02,83.5,22.0,33.7,35.7
1000.259,91,115.0,1507.0,40.0,26.0,21.02,83.5,22.0,43.9,35.7
1000.379,91,115.0,1507.0,40.0,26.0,21.02,83.5,22.0,43.9,45.5
1000.47,91,115.0,1507.0,40.0,26.0,21.02,83.5,22.0,43.9,45.5
1000.589,91,139.0,1507.0,40.0,26.0,21.02,83.5,22.0,43.9,45.5
1000.679,91,139.0,1519.0,40.0,26.0,21.02,83.5,22.0,43.9,45.5
1000.769,91,139.0,1519.0,41.0,26.0,21.02,83.5,22.0,43.9,45.5
1000.89,91,139.0,1519.0,41.0,26.0,21.02,83.5,22.0,43.9,45.5
1000.979,91,139.0,1519.0,41.0,26.0,28.22,83.5,22.0,43.9,45.5
1001.131,91,139.0,1519.0,41.0,26.0,28.22,83.5,22.0,43.9,45.5
1001.25,91,139.0,1519.0,41.0,26.0,28.22,83.5,22.0,43.9,45.5
1001.339,91,139.0,1519.0,41.0,26.0,28.22,83.5,22.0,45.1,45.5
1001.459,91,139.0,1519.0,41.0,26.0,28.22,83.5,22.0,45.1,45.9
1001.549,91,139.0,1519.0,41.0,26.0,28.22,83.5,22.0,45.1,45.9
1001.669,91,161.0,1519.0,41.0,26.0,28.22,83.5,22.0,45.1,45.9
1001.879,91,161.0,1549.0,41.0,26.0,28.22,83.5,22.0,45.1,45.9
1002.0,91,161.0,1549.0,42.0,26.0,28.22,83.5,22.0,45.1,45.9
1002.089,91,161.0,1549.0,42.0,28.0,28.22,83.5,22.0,45.1,45.9
1002.179,91,161.0,1549.0,42.0,28.0,27.19,83.5,22.0,45.1,45.9
1002.271,91,161.0,1549.0,42.0,28.0,27.19,83.5,22.0,45.1,45.9
1002.359,91,161.0,1549.0,42.0,28.0,27.19,83.5,22.0,45.1,45.9
1002.479,91,161.0,1549.0,42.0,28.0,27.19,83.5,22.0,45.1,45.9
1002.569,91,161.0,1549.0,42.0,28.0,27.19,83.5,22.0,45.1,45.9
1002.688,91,161.0,1549.0,42.0,28.0,27.19,83.5,22.0,45.1,45.9
1002.868,91,161.0,1549.0,42.0,28.0,27.19,83.5,22.0,45.1,45.9
1002.988,91,161.0,1605.0,42.0,28.0,27.19,83.5,22.0,45.1,45.9
1003.078,91,161.0,1605.0,43.0,28.0,27.19,83.5,22.0,45.1,45.9
1003.199,91,161.0,1605.0,43.0,28.0,27.19,83.5,22.0,45.1,45.9
1003.289,91,161.0,1605.0,43.0,28.0,29.24,83.5,22.0,45.1,45.9
1003.414,91,161.0,1605.0,43.0,28.0,29.24,83.5,22.0,45.1,45.9
1003.498,91,161.0,1605.0,43.0,28.0,29.24,83.5,22.0,45.1,45.9
1003.649,91,161.0,1605.0,43.0,28.0,29.24,83.5,22.0,43.9,45.9
1003.739,91,161.0,1605.0,43.0,28.0,29.24,83.5,22.0,43.9,44.3
1003.83,91,161.0,1605.0,43.0,28.0,29.24,83.5,22.0,43.9,44.3
1003.952,91,156.0,1605.0,43.0,28.0,29.24,83.5,22.0,43.9,44.3
1004.039,91,156.0,1647.0,43.0,28.0,29.24,83.5,22.0,43.9,44.3
1004.161,91,156.0,1647.0,44.0,28.0,29.24,83.5,22.0,43.9,44.3
1004.251,91,156.0,1647.0,44.0,28.0,29.24,83.5,22.0,43.9,44.3
1004.372,91,156.0,1647.0,44.0,28.0,27.16,83.5,22.0,43.9,44.3
1004.459,91,156.0,1647.0,44.0,28.0,27.16,83.5,22.0,43.9,44.3
1004.579,91,156.0,1647.0,44.0,28.0,27.16,83.5,22.0,43.9,44.3
1004.67,91,156.0,1647.0,44.0,28.0,27.16,83.5,22.0,43.5,44.3
1004.759,91,156.0,1647.0,44.0,28.0,27.16,83.5,22.0,43.5,44.3
1004.851,91,156.0,1647.0,44.0,28.0,27.16,83.5,22.0,43.5,44.3
1004.939,91,149.0,1647.0,44.0,28.0,27.16,83.5,22.0,43.5,44.3
1005.062,91,149.0,1658.0,44.0,28.0,27.16,83.5,22.0,43.5,44.3
1005.151,91,149.0,1658.0,45.0,28.0,27.16,83.5,22.0,43.5,44.3
1005.239,91,149.0,1658.0,45.0,28.0,27.16,83.5,22.0,43.5,44.3
1005.33,91,149.0,1658.0,45.0,28.0,24.49,83.5,22.0,43.5,44.3
1005.45,91,149.0,1658.0,45.0,28.0,24.49,83.5,22.0,43.5,44.3
1005.539,91,149.0,1658.0,45.0,28.0,24.49,83.5,22.0,43.5,44.3
1005.659,91,149.0,1658.0,45.0,28.0,24.49,83.5,22.0,36.5,44.3
1005.75,91,149.0,1658.0,45.0,28.0,24.49,83.5,22.0,36.5,36.5
1005.87,91,149.0,1658.0,45.0,28.0,24.49,83.5,22.0,36.5,36.5
1005.961,91,127.0,1658.0,45.0,28.0,24.49,83.5,22.0,36.5,36.5
1006.052,91,127.0,1645.0,45.0,28.0,24.49,83.5,22.0,36.5,36.5
1006.171,91,127.0,1645.0,44.0,28.0,24.49,83.5,22.0,36.5,36.5
1006.259,91,127.0,1645.0,44.0,27.0,24.49,83.5,22.0,36.5,36.5
1006.38,91,127.0,1645.0,44.0,27.0,19.47,83.5,22.0,36.5,36.5
1006.47,91,127.0,1645.0,44.0,27.0,19.47,83.5,22.0,36.5,36.5
1006.59,91,127.0,1645.0,44.0,27.0,19.47,83.5,22.0,36.5,36.5
1006.679,91,127.0,1645.0,44.0,27.0,19.47,83.5,22.0,38.8,36.5
1006.769,91,127.0,1645.0,44.0,27.0,19.47,83.5,22.0,38.8,39.2
1006.859,91,127.0,1645.0,44.0,27.0,19.47,83.5,22.0,38.8,39.2
1006.98,91,132.0,1645.0,44.0,27.0,19.47,83.5,22.0,38.8,39.2
1007.071,91,132.0,1607.0,44.0,27.0,19.47,83.5,22.0,38.8,39.2
1007.189,91,132.0,1607.0,43.0,27.0,19.47,83.5,22.0,38.8,39.2
1007.339,91,132.0,1607.0,43.0,26.0,19.47,83.5,22.0,38.8,39.2
1007.429,91,132.0,1607.0,43.0,26.0,21.33,83.5,22.0,38.8,39.2
1007.551,91,132.0,1607.0,43.0,26.0,21.33,83.5,22.0,38.8,39.2
1007.639,91,132.0,1607.0,43.0,26.0,21.33,83.5,22.0,38.8,39.2
1007.76,91,132.0,1607.0,43.0,26.0,21.33,83.5,22.0,43.5,39.2
1007.911,91,132.0,1607.0,43.0,26.0,21.33,83.5,22.0,43.5,45.9
1007.999,91,132.0,1607.0,43.0,26.0,21.33,83.5,22.0,43.5,45.9
1008.119,91,148.0,1607.0,43.0,26.0,21.33,83.5,22.0,43.5,45.9
1008.21,91,148.0,1607.0,43.0,26.0,21.33,83.5,22.0,43.5,45.9
1008.305,91,148.0,1607.0,43.0,26.0,21.33,83.5,22.0,43.5,45.9
1008.389,91,148.0,1607.0,43.0,27.0,21.33,83.5,22.0,43.5,45.9
1008.509,91,148.0,1607.0,43.0,27.0,29.91,83.5,22.0,43.5,45.9
1008.599,91,148.0,1607.0,43.0,27.0,29.91,83.5,22.0,43.5,45.9
1008.84,91,148.0,1607.0,43.0,27.0,29.91,83.5,22.0,43.5,45.9
1008.93,91,148.0,1607.0,43.0,27.0,29.91,83.5,22.0,42.4,45.9
1009.021,91,148.0,1607.0,43.0,27.0,29.91,83.5,22.0,42.4,41.6
1009.111,91,148.0,1607.0,43.0,27.0,29.91,83.5,22.0,42.4,41.6
1009.231,91,148.0,1607.0,43.0,27.0,29.91,83.5,22.0,42.4,41.6
1009.319,91,148.0,1639.0,43.0,27.0,29.91,83.5,22.0,42.4,41.6
1009.439,91,148.0,1639.0,44.0,27.0,29.91,83.5,22.0,42.4,41.6
1009.529,91,148.0,1639.0,44.0,29.0,29.91,83.5,22.0,42.4,41.6
1009.651,91,148.0,1639.0,44.0,29.0,20.72,83.5,22.0,42.4,41.6
1009.739,91,148.0,1639.0,44.0,29.0,20.72,83.5,22.0,42.4,41.6
1009.86,91,148.0,1639.0,44.0,29.0,20.72,83.5,22.0,42.4,41.6
1009.981,91,148.0,1639.0,44.0,29.0,20.72,83.5,22.0,37.3,41.6
1010.07,91,148.0,1639.0,44.0,29.0,20.72,83.5,22.0,37.3,28.6
1010.191,91,148.0,1639.0,44.0,29.0,20.72,83.5,22.0,37.3,28.6
1010.281,91,121.0,1639.0,44.0,29.0,20.72,83.5,22.0,37.3,28.6
1010.399,91,121.0,1481.0,44.0,29.0,20.72,83.5,22.0,37.3,28.6
1010.49,91,121.0,1481.0,42.0,29.0,20.72,83.5,22.0,37.3,28.6
1010.61,91,121.0,1481.0,42.0,26.0,20.72,83.5,22.0,37.3,28.6
1010.702,91,121.0,1481.0,42.0,26.0,10.63,83.5,22.0,37.3,28.6
1010.791,91,121.0,1481.0,42.0,26.0,10.63,83.5,22.0,37.3,28.6
1010.911,91,121.0,1481.0,42.0,26.0,10.63,83.5,22.0,37.3,28.6
1010.999,91,121.0,1481.0,42.0,26.0,10.63,83.5,22.0,14.1,28.6
1011.121,91,121.0,1481.0,42.0,26.0,10.63,83.5,22.0,14.1,14.5
1011.211,91,121.0,1481.0,42.0,26.0,10.63,83.5,22.0,14.1,14.5
1011.33,91,113.0,1481.0,42.0,26.0,10.63,83.5,22.0,14.1,14.5
1011.419,91,113.0,887.0,42.0,26.0,10.63,83.5,22.0,14.1,14.5
1011.539,91,113.0,887.0,39.0,26.0,10.63,83.5,22.0,14.1,14.5
1011.629,91,113.0,887.0,39.0,21.0,10.63,83.5,22.0,14.1,14.5
1011.779,91,113.0,887.0,39.0,21.0,10.22,83.5,22.0,14.1,14.5
1011.87,91,113.0,887.0,39.0,21.0,10.22,83.5,22.0,14.1,14.5
1011.991,91,113.0,887.0,39.0,21.0,10.22,83.5,22.0,14.1,14.5
1012.08,91,113.0,887.0,39.0,21.0,10.22,83.5,22.0,14.1,14.5
1012.2,91,113.0,887.0,39.0,21.0,10.22,83.5,22.0,14.1,14.5
1012.292,91,113.0,887.0,39.0,21.0,10.22,83.5,22.0,14.1,14.5
1012.41,91,108.0,887.0,39.0,21.0,10.22,83.5,22.0,14.1,14.5
1012.499,91,108.0,1517.0,39.0,21.0,10.22,83.5,22.0,14.1,14.5
1012.619,91,108.0,1517.0,33.0,21.0,10.22,83.5,22.0,14.1,14.5
1012.739,91,108.0,1517.0,33.0,23.0,10.22,83.5,22.0,14.1,14.5
1012.859,91,108.0,1517.0,33.0,23.0,29.11,83.5,22.0,14.1,14.5
1012.98,91,108.0,1517.0,33.0,23.0,29.11,83.5,22.0,14.1,14.5
1013.071,91,108.0,1517.0,33.0,23.0,29.11,83.5,22.0,14.1,14.5
1013.19,91,108.0,1517.0,33.0,23.0,29.11,83.5,22.0,14.1,14.5
1013.279,91,108.0,1517.0,33.0,23.0,29.11,83.5,22.0,14.1,14.5
1013.399,91,108.0,1517.0,33.0,23.0,29.11,83.5,22.0,14.1,14.5
1013.489,91,121.0,1517.0,33.0,23.0,29.11,83.5,22.0,14.1,14.5
1013.609,91,121.0,1678.0,33.0,23.0,29.11,83.5,22.0,14.1,14.5
1013.699,91,121.0,1678.0,29.0,23.0,29.11,83.5,22.0,14.1,14.5
1013.79,91,121.0,1678.0,29.0,27.0,29.11,83.5,22.0,14.1,14.5
1013.881,91,121.0,1678.0,29.0,27.0,22.44,83.5,22.0,14.1,14.5
1013.999,91,121.0,1678.0,29.0,27.0,22.44,83.5,22.0,14.1,14.5
1014.09,91,121.0,1678.0,29.0,27.0,22.44,83.5,22.0,14.1,14.5
1014.211,91,121.0,1678.0,29.0,27.0,22.44,83.5,22.0,31.0,14.5
1014.272,91,121.0,1678.0,29.0,27.0,22.44,83.5,22.0,31.0,31.8
1014.36,91,121.0,1678.0,29.0,27.0,22.44,83.5,22.0,31.0,31.8
1014.45,91,113.0,1678.0,29.0,27.0,22.44,83.5,22.0,31.0,31.8
1014.57,91,113.0,1576.0,29.0,27.0,22.44,83.5,22.0,31.0,31.8
1014.659,91,113.0,1576.0,27.0,27.0,22.44,83.5,22.0,31.0,31.8
1014.899,91,113.0,1576.0,27.0,26.0,22.44,83.5,22.0,31.0,31.8
1014.99,91,113.0,1576.0,27.0,26.0,19.52,83.5,22.0,31.0,31.8
1015.11,91,113.0,1576.0,27.0,26.0,19.52,83.5,22.0,31.0,31.8
1015.199,91,113.0,1576.0,27.0,26.0,19.52,83.5,22.0,31.0,31.8
1015.32,91,113.0,1576.0,27.0,26.0,19.52,83.5,22.0,40.4,31.8
1015.41,91,113.0,1576.0,27.0,26.0,19.52,83.5,22.0,40.4,40.8
1015.529,91,113.0,1576.0,27.0,26.0,19.52,83.5,22.0,40.4,40.8
1015.619,91,135.0,1576.0,27.0,26.0,19.52,83.5,22.0,40.4,40.8
1015.739,91,135.0,1613.0,27.0,26.0,19.52,83.5,22.0,40.4,40.8
1015.83,91,135.0,1613.0,28.0,26.0,19.52,83.5,22.0,40.4,40.8
1015.919,91,135.0,1613.0,28.0,27.0,19.52,83.5,22.0,40.4,40.8
1016.01,91,135.0,1613.0,28.0,27.0,18.63,83.5,22.0,40.4,40.8
1016.099,91,135.0,1613.0,28.0,27.0,18.63,83.5,22.0,40.4,40.8
1016.219,91,135.0,1613.0,28.0,27.0,18.63,83.5,22.0,40.4,40.8
1016.31,91,135.0,1613.0,28.0,27.0,18.63,83.5,22.0,35.3,40.8
1016.429,91,135.0,1613.0,28.0,27.0,18.63,83.5,22.0,35.3,35.7
1016.52,91,135.0,1613.0,28.0,27.0,18.63,83.5,22.0,35.3,35.7
1016.639,91,122.0,1613.0,28.0,27.0,18.63,83.5,22.0,35.3,35.7
1016.73,91,122.0,1653.0,28.0,27.0,18.63,83.5,22.0,35.3,35.7
1016.819,91,122.0,1653.0,28.0,27.0,18.63,83.5,22.0,35.3,35.7
1016.94,91,122.0,1653.0,28.0,27.0,18.63,83.5,22.0,35.3,35.7
1017.031,91,122.0,1653.0,28.0,27.0,18.36,83.5,22.0,35.3,35.7
1017.15,91,122.0,1653.0,28.0,27.0,18.36,83.5,22.0,35.3,35.7
1017.239,91,122.0,1653.0,28.0,27.0,18.36,83.5,21.0,35.3,35.7
1017.33,91,122.0,1653.0,28.0,27.0,18.36,83.5,21.0,36.9,35.7
1017.419,91,122.0,1653.0,28.0,27.0,18.36,83.5,21.0,36.9,37.3
1017.539,91,122.0,1653.0,28.0,27.0,18.36,83.5,21.0,36.9,37.3
1017.63,91,123.0,1653.0,28.0,27.0,18.36,83.5,21.0,36.9,37.3
1017.779,91,123.0,1700.0,28.0,27.0,18.36,83.5,21.0,36.9,37.3
1017.871,91,123.0,1700.0,29.0,27.0,18.36,83.5,21.0,36.9,37.3
1017.96,91,123.0,1700.0,29.0,27.0,18.36,83.5,21.0,36.9,37.3
1018.079,91,123.0,1700.0,29.0,27.0,20.74,83.5,21.0,36.9,37.3
1018.17,91,123.0,1700.0,29.0,27.0,20.74,83.5,21.0,36.9,37.3
1018.291,91,123.0,1700.0,29.0,27.0,20.74,83.5,21.0,36.9,37.3
1018.384,91,123.0,1700.0,29.0,27.0,20.74,83.5,21.0,39.6,37.3
1018.499,91,123.0,1700.0,29.0,27.0,20.74,83.5,21.0,39.6,40.8
1018.59,91,123.0,1700.0,29.0,27.0,20.74,83.5,21.0,39.6,40.8
1018.71,91,133.0,1700.0,29.0,27.0,20.74,83.5,21.0,39.6,40.8
1018.801,91,133.0,1761.0,29.0,27.0,20.74,83.5,21.0,39.6,40.8
1018.891,91,133.0,1761.0,30.0,27.0,20.74,83.5,21.0,39.6,40.8
1019.04,91,133.0,1761.0,30.0,28.0,20.74,83.5,21.0,39.6,40.8
1019.131,91,133.0,1761.0,30.0,28.0,24.36,83.5,21.0,39.6,40.8
1019.22,91,133.0,1761.0,30.0,28.0,24.36,83.5,21.0,39.6,40.8
1019.311,91,133.0,1761.0,30.0,28.0,24.36,83.5,21.0,39.6,40.8
1019.37,91,133.0,1761.0,30.0,28.0,24.36,83.5,21.0,41.6,40.8
1019.489,91,133.0,1761.0,30.0,28.0,24.36,83.5,21.0,41.6,42.4
1019.61,91,133.0,1761.0,30.0,28.0,24.36,83.5,21.0,41.6,42.4
1019.7,91,142.0,1761.0,30.0,28.0,24.36,83.5,21.0,41.6,42.4
1019.909,91,142.0,1883.0,30.0,28.0,24.36,83.5,21.0,41.6,42.4
1019.999,91,142.0,1883.0,32.0,28.0,24.36,83.5,21.0,41.6,42.4
1020.119,91,142.0,1883.0,32.0,28.0,24.36,83.5,21.0,41.6,42.4
1020.213,91,142.0,1883.0,32.0,28.0,31.49,83.5,21.0,41.6,42.4
1020.329,91,142.0,1883.0,32.0,28.0,31.49,83.5,21.0,41.6,42.4
1020.419,91,142.0,1883.0,32.0,28.0,31.49,83.5,21.0,41.6,42.4
1020.511,91,142.0,1883.0,32.0,28.0,31.49,83.5,21.0,44.7,42.4
1020.57,91,142.0,1883.0,32.0,28.0,31.49,83.5,21.0,44.7,45.5
1020.689,91,142.0,1883.0,32.0,28.0,31.49,83.5,21.0,44.7,45.5
1020.779,91,166.0,1883.0,32.0,28.0,31.49,83.5,21.0,44.7,45.5
1020.869,91,166.0,2045.0,32.0,28.0,31.49,83.5,21.0,44.7,45.5
1020.96,91,166.0,2045.0,35.0,28.0,31.49,83.5,21.0,44.7,45.5
1021.021,91,166.0,2045.0,35.0,30.0,31.49,83.5,21.0,44.7,45.5
1021.11,91,166.0,2045.0,35.0,30.0,37.19,83.5,21.0,44.7,45.5
1021.23,91,166.0,2045.0,35.0,30.0,37.19,83.5,21.0,44.7,45.5
1021.32,91,166.0,2045.0,35.0,30.0,37.19,83.5,21.0,44.7,45.5
1021.439,91,166.0,2045.0,35.0,30.0,37.19,83.5,21.0,45.5,45.5
1021.529,91,166.0,2045.0,35.0,30.0,37.19,83.5,21.0,45.5,46.3
1021.622,91,166.0,2045.0,35.0,30.0,37.19,83.5,21.0,45.5,46.3
1021.711,91,172.0,2045.0,35.0,30.0,37.19,83.5,21.0,45.5,46.3
1021.86,91,172.0,2214.0,35.0,30.0,37.19,83.5,21.0,45.5,46.3
1021.95,91,172.0,2214.0,38.0,30.0,37.19,83.5,21.0,45.5,46.3
1022.074,91,172.0,2214.0,38.0,30.0,37.19,83.5,21.0,45.5,46.3
1022.161,91,172.0,2214.0,38.0,30.0,48.16,83.5,21.0,45.5,46.3
1022.222,91,172.0,2214.0,38.0,30.0,48.16,83.5,21.0,45.5,46.3
1022.339,91,172.0,2214.0,38.0,30.0,48.16,83.5,21.0,45.5,46.3
1022.429,91,172.0,2214.0,38.0,30.0,48.16,83.5,21.0,43.9,46.3
1022.52,91,172.0,2214.0,38.0,30.0,48.16,83.5,21.0,43.9,43.1
1022.609,91,172.0,2214.0,38.0,30.0,48.16,83.5,21.0,43.9,43.1
1022.701,91,164.0,2214.0,38.0,30.0,48.16,83.5,21.0,43.9,43.1
1022.789,91,164.0,2294.0,38.0,30.0,48.16,83.5,21.0,43.9,43.1
1022.911,91,164.0,2294.0,41.0,30.0,48.16,83.5,21.0,43.9,43.1
1022.973,91,164.0,2294.0,41.0,31.0,48.16,83.5,21.0,43.9,43.1
1023.06,91,164.0,2294.0,41.0,31.0,32.66,83.5,21.0,43.9,43.1
1023.179,91,164.0,2294.0,41.0,31.0,32.66,31.0,21.0,43.9,43.1
1023.27,91,164.0,2294.0,41.0,31.0,32.66,31.0,21.0,43.9,43.1
1023.509,91,164.0,2294.0,41.0,31.0,32.66,31.0,21.0,31.8,43.1
1023.599,91,164.0,2294.0,41.0,31.0,32.66,31.0,21.0,31.8,39.2
1023.66,91,164.0,2294.0,41.0,31.0,32.66,31.0,21.0,31.8,39.2
1023.869,91,110.0,2294.0,41.0,31.0,32.66,31.0,21.0,31.8,39.2
1023.991,91,110.0,1514.0,41.0,31.0,32.66,31.0,21.0,31.8,39.2
1024.139,91,110.0,1514.0,41.0,31.0,32.66,31.0,21.0,31.8,39.2
1024.291,91,110.0,1514.0,41.0,28.0,32.66,31.0,21.0,31.8,39.2
1024.41,91,110.0,1514.0,41.0,28.0,28.11,31.0,21.0,31.8,39.2
1024.56,91,110.0,1514.0,41.0,28.0,28.11,83.5,21.0,31.8,39.2
1024.711,91,110.0,1514.0,41.0,28.0,28.11,83.5,21.0,31.8,39.2
1024.829,91,110.0,1514.0,41.0,28.0,28.11,83.5,21.0,14.1,39.2
1024.922,91,110.0,1514.0,41.0,28.0,28.11,83.5,21.0,14.1,14.5
1025.072,91,110.0,1514.0,41.0,28.0,28.11,83.5,21.0,14.1,14.5
1025.22,91,109.0,1514.0,41.0,28.0,28.11,83.5,21.0,14.1,14.5
1025.341,91,109.0,920.0,41.0,28.0,28.11,83.5,21.0,14.1,14.5
1025.49,91,109.0,920.0,39.0,28.0,28.11,83.5,21.0,14.1,14.5
1025.64,91,109.0,920.0,39.0,26.0,28.11,83.5,21.0,14.1,14.5
1025.729,91,109.0,920.0,39.0,26.0,10.86,83.5,21.0,14.1,14.5
1025.824,91,109.0,920.0,39.0,26.0,10.86,82.7,21.0,14.1,14.5
1025.97,91,109.0,920.0,39.0,26.0,10.86,82.7,21.0,14.1,14.5
1026.059,91,109.0,920.0,39.0,26.0,10.86,82.7,21.0,14.1,14.5
1026.151,91,109.0,920.0,39.0,26.0,10.86,82.7,21.0,14.1,14.5
1026.24,91,109.0,920.0,39.0,26.0,10.86,82.7,21.0,14.1,14.5
1026.359,91,107.0,920.0,39.0,26.0,10.86,82.7,21.0,14.1,14.5
1026.45,91,107.0,2013.0,39.0,26.0,10.86,82.7,21.0,14.1,14.5
1026.51,91,107.0,2013.0,34.0,26.0,10.86,82.7,21.0,14.1,14.5
1026.629,91,107.0,2013.0,34.0,24.0,10.86,82.7,21.0,14.1,14.5
1026.724,91,107.0,2013.0,34.0,24.0,28.99,82.7,21.0,14.1,14.5
1026.81,91,107.0,2013.0,34.0,24.0,28.99,83.5,21.0,14.1,14.5
1026.872,91,107.0,2013.0,34.0,24.0,28.99,83.5,21.0,14.1,14.5
1026.992,91,107.0,2013.0,34.0,24.0,28.99,83.5,21.0,14.1,14.5
1027.081,91,107.0,2013.0,34.0,24.0,28.99,83.5,21.0,14.1,14.5
1027.2,91,107.0,2013.0,34.0,24.0,28.99,83.5,21.0,14.1,14.5
1027.282,91,124.0,2013.0,34.0,24.0,28.99,83.5,21.0,14.1,14.5
1027.409,91,124.0,1773.0,34.0,24.0,28.99,83.5,21.0,14.1,14.5
1027.47,91,124.0,1773.0,30.0,24.0,28.99,83.5,21.0,14.1,14.5
1027.559,91,124.0,1773.0,30.0,30.0,28.99,83.5,21.0,14.1,14.5
1027.679,91,124.0,1773.0,30.0,30.0,33.16,83.5,21.0,14.1,14.5
1027.769,91,124.0,1773.0,30.0,30.0,33.16,83.5,21.0,14.1,14.5
1027.889,91,124.0,1773.0,30.0,30.0,33.16,83.5,21.0,14.1,14.5
1028.01,91,124.0,1773.0,30.0,30.0,33.16,83.5,21.0,20.4,14.5
1028.074,91,124.0,1773.0,30.0,30.0,33.16,83.5,21.0,20.4,20.4
1028.16,91,124.0,1773.0,30.0,30.0,33.16,83.5,21.0,20.4,20.4
1028.221,91,123.0,1773.0,30.0,30.0,33.16,83.5,21.0,20.4,20.4
1028.309,91,123.0,1566.0,30.0,30.0,33.16,83.5,21.0,20.4,20.4
1028.429,91,123.0,1566.0,27.0,30.0,33.16,83.5,21.0,20.4,20.4
1028.519,91,123.0,1566.0,27.0,30.0,33.16,83.5,21.0,20.4,20.4
1028.639,91,123.0,1566.0,27.0,30.0,12.38,83.5,21.0,20.4,20.4
1028.729,91,123.0,1566.0,27.0,30.0,12.38,83.5,21.0,20.4,20.4
1028.821,91,123.0,1566.0,27.0,30.0,12.38,83.5,21.0,20.4,20.4
1028.97,91,123.0,1566.0,27.0,30.0,12.38,83.5,21.0,29.0,20.4
1029.06,91,123.0,1566.0,27.0,30.0,12.38,83.5,21.0,29.0,29.0
1029.18,91,123.0,1566.0,27.0,30.0,12.38,83.5,21.0,29.0,29.0
1029.269,91,110.0,1566.0,27.0,30.0,12.38,83.5,21.0,29.0,29.0
1029.389,91,110.0,1486.0,27.0,30.0,12.38,83.5,21.0,29.0,29.0
1029.479,91,110.0,1486.0,25.0,30.0,12.38,83.5,21.0,29.0,29.0
1029.569,91,110.0,1486.0,25.0,25.0,12.38,83.5,21.0,29.0,29.0
1029.66,91,110.0,1486.0,25.0,25.0,12.88,83.5,21.0,29.0,29.0
1029.75,91,110.0,1486.0,25.0,25.0,12.88,83.5,21.0,29.0,29.0
1029.87,91,110.0,1486.0,25.0,25.0,12.88,83.5,21.0,29.0,29.0
1029.96,91,110.0,1486.0,25.0,25.0,12.88,83.5,21.0,30.2,29.0
1030.05,91,110.0,1486.0,25.0,25.0,12.88,83.5,21.0,30.2,30.6
1030.113,91,110.0,1486.0,25.0,25.0,12.88,83.5,21.0,30.2,30.6
1030.172,91,109.0,1486.0,25.0,25.0,12.88,83.5,21.0,30.2,30.6
1030.261,91,109.0,1463.0,25.0,25.0,12.88,83.5,21.0,30.2,30.6
1030.321,91,109.0,1463.0,25.0,25.0,12.88,83.5,21.0,30.2,30.6
1030.41,91,109.0,1463.0,25.0,25.0,12.88,83.5,21.0,30.2,30.6
1030.53,91,109.0,1463.0,25.0,25.0,12.38,83.5,21.0,30.2,30.6
1030.619,91,109.0,1463.0,25.0,25.0,12.38,83.5,21.0,30.2,30.6
1030.71,91,109.0,1463.0,25.0,25.0,12.38,83.5,21.0,30.2,30.6
1030.77,91,109.0,1463.0,25.0,25.0,12.38,83.5,21.0,32.2,30.6
1030.859,91,109.0,1463.0,25.0,25.0,12.38,83.5,21.0,32.2,32.5
1030.922,91,109.0,1463.0,25.0,25.0,12.38,83.5,21.0,32.2,32.5
1031.013,91,111.0,1463.0,25.0,25.0,12.38,83.5,21.0,32.2,32.5
1031.072,91,111.0,1431.0,25.0,25.0,12.38,83.5,21.0,32.2,32.5
1031.159,91,111.0,1431.0,24.0,25.0,12.38,83.5,21.0,32.2,32.5
1031.281,91,111.0,1431.0,24.0,25.0,12.38,83.5,21.0,32.2,32.5
1031.369,91,111.0,1431.0,24.0,25.0,14.22,83.5,21.0,32.2,32.5
1031.489,91,111.0,1431.0,24.0,25.0,14.22,83.5,21.0,32.2,32.5
1031.579,91,111.0,1431.0,24.0,25.0,14.22,83.5,21.0,32.2,32.5
1031.67,91,111.0,1431.0,24.0,25.0,14.22,83.5,21.0,32.9,32.5
1031.759,91,111.0,1431.0,24.0,25.0,14.22,83.5,21.0,32.9,32.9
1031.852,91,111.0,1431.0,24.0,25.0,14.22,83.5,21.0,32.9,32.9
1031.912,91,116.0,1431.0,24.0,25.0,14.22,83.5,21.0,32.9,32.9
1032.06,91,116.0,1429.0,24.0,25.0,14.22,83.5,21.0,32.9,32.9
1032.121,91,116.0,1429.0,24.0,25.0,14.22,83.5,21.0,32.9,32.9
1032.239,91,116.0,1429.0,24.0,26.0,14.22,83.5,21.0,32.9,32.9
1032.344,91,116.0,1429.0,24.0,26.0,15.13,83.5,21.0,32.9,32.9
1032.449,91,116.0,1429.0,24.0,26.0,15.13,83.5,21.0,32.9,32.9
1032.539,91,116.0,1429.0,24.0,26.0,15.13,83.5,21.0,32.9,32.9
1032.661,91,116.0,1429.0,24.0,26.0,15.13,83.5,21.0,37.3,32.9
1032.78,91,116.0,1429.0,24.0,26.0,15.13,83.5,21.0,37.3,38.0
1032.99,91,116.0,1429.0,24.0,26.0,15.13,83.5,21.0,37.3,38.0
1033.109,91,124.0,1429.0,24.0,26.0,15.13,83.5,21.0,37.3,38.0
1033.2,91,124.0,1457.0,24.0,26.0,15.13,83.5,21.0,37.3,38.0
1033.261,91,124.0,1457.0,25.0,26.0,15.13,83.5,21.0,37.3,38.0
1033.379,91,124.0,1457.0,25.0,27.0,15.13,83.5,21.0,37.3,38.0
1033.468,91,124.0,1457.0,25.0,27.0,21.47,83.5,21.0,37.3,38.0
1033.56,91,124.0,1457.0,25.0,27.0,21.47,83.5,21.0,37.3,38.0
1033.649,91,124.0,1457.0,25.0,27.0,21.47,83.5,21.0,37.3,38.0
1033.769,91,124.0,1457.0,25.0,27.0,21.47,83.5,21.0,42.4,38.0
1033.859,91,124.0,1457.0,25.0,27.0,21.47,83.5,21.0,42.4,43.1
1033.949,91,124.0,1457.0,25.0,27.0,21.47,83.5,21.0,42.4,43.1
1034.01,91,138.0,1457.0,25.0,27.0,21.47,83.5,21.0,42.4,43.1
1034.13,91,138.0,1564.0,25.0,27.0,21.47,83.5,21.0,42.4,43.1
1034.219,91,138.0,1564.0,27.0,27.0,21.47,83.5,21.0,42.4,43.1
1034.31,91,138.0,1564.0,27.0,28.0,21.47,83.5,21.0,42.4,43.1
1034.399,91,138.0,1564.0,27.0,28.0,25.38,83.5,21.0,42.4,43.1
1034.49,91,138.0,1564.0,27.0,28.0,25.38,83.5,21.0,42.4,43.1
1034.579,91,138.0,1564.0,27.0,28.0,25.38,83.5,21.0,42.4,43.1
1034.699,91,138.0,1564.0,27.0,28.0,25.38,83.5,21.0,43.1,43.1
1034.761,91,138.0,1564.0,27.0,28.0,25.38,83.5,21.0,43.1,43.9
1034.849,91,138.0,1564.0,27.0,28.0,25.38,83.5,21.0,43.1,43.9
1034.941,91,153.0,1564.0,27.0,28.0,25.38,83.5,21.0,43.1,43.9
1035.061,91,153.0,1686.0,27.0,28.0,25.38,83.5,21.0,43.1,43.9
1035.149,91,153.0,1686.0,29.0,28.0,25.38,83.5,21.0,43.1,43.9
1035.269,91,153.0,1686.0,29.0,29.0,25.38,83.5,21.0,43.1,43.9
1035.359,91,153.0,1686.0,29.0,29.0,29.22,83.5,21.0,43.1,43.9
1035.509,91,153.0,1686.0,29.0,29.0,29.22,83.5,21.0,43.1,43.9
1035.599,91,153.0,1686.0,29.0,29.0,29.22,83.5,21.0,43.1,43.9
1035.66,91,153.0,1686.0,29.0,29.0,29.22,83.5,21.0,43.9,43.9
1035.749,91,153.0,1686.0,29.0,29.0,29.22,83.5,21.0,43.9,44.7
1035.962,91,153.0,1686.0,29.0,29.0,29.22,83.5,21.0,43.9,44.7
1036.049,91,157.0,1686.0,29.0,29.0,29.22,83.5,21.0,43.9,44.7
1036.141,91,157.0,1898.0,29.0,29.0,29.22,83.5,21.0,43.9,44.7
1036.229,91,157.0,1898.0,32.0,29.0,29.22,83.5,21.0,43.9,44.7
1036.351,91,157.0,1898.0,32.0,30.0,29.22,83.5,21.0,43.9,44.7
1036.412,91,157.0,1898.0,32.0,30.0,32.61,83.5,21.0,43.9,44.7
1036.499,91,157.0,1898.0,32.0,30.0,32.61,83.5,21.0,43.9,44.7
1036.619,91,157.0,1898.0,32.0,30.0,32.61,83.5,21.0,43.9,44.7
1036.71,91,157.0,1898.0,32.0,30.0,32.61,83.5,21.0,44.3,44.7
1036.86,91,157.0,1898.0,32.0,30.0,32.61,83.5,21.0,44.3,45.1
1036.95,91,157.0,1898.0,32.0,30.0,32.61,83.5,21.0,44.3,45.1
1037.01,91,162.0,1898.0,32.0,30.0,32.61,83.5,21.0,44.3,45.1
1037.101,91,162.0,2071.0,32.0,30.0,32.61,83.5,21.0,44.3,45.1
1037.16,91,162.0,2071.0,36.0,30.0,32.61,83.5,21.0,44.3,45.1
1037.279,91,162.0,2071.0,36.0,30.0,32.61,83.5,21.0,44.3,45.1
1037.37,91,162.0,2071.0,36.0,30.0,36.63,83.5,21.0,44.3,45.1
1037.489,91,162.0,2071.0,36.0,30.0,36.63,83.5,21.0,44.3,45.1
1037.578,91,162.0,2071.0,36.0,30.0,36.63,83.5,21.0,44.3,45.1
1037.699,91,162.0,2071.0,36.0,30.0,36.63,83.5,21.0,14.1,45.1
1037.79,91,162.0,2071.0,36.0,30.0,36.63,83.5,21.0,14.1,14.5
1037.879,91,162.0,2071.0,36.0,30.0,36.63,83.5,21.0,14.1,14.5
1037.972,91,108.0,2071.0,36.0,30.0,36.63,83.5,21.0,14.1,14.5
1038.061,91,108.0,1716.0,36.0,30.0,36.63,83.5,21.0,14.1,14.5
1038.149,91,108.0,1716.0,36.0,30.0,36.63,83.5,21.0,14.1,14.5
1038.241,91,108.0,1716.0,36.0,30.0,36.63,83.5,21.0,14.1,14.5
1038.3,91,108.0,1716.0,36.0,30.0,25.33,83.5,21.0,14.1,14.5
1038.36,91,108.0,1716.0,36.0,30.0,25.33,31.0,21.0,14.1,14.5
1038.45,91,108.0,1716.0,36.0,30.0,25.33,31.0,21.0,14.1,14.5
1038.539,91,108.0,1716.0,36.0,30.0,25.33,31.0,21.0,40.0,14.5
1038.629,91,108.0,1716.0,36.0,30.0,25.33,31.0,21.0,40.0,43.5
1038.719,91,108.0,1716.0,36.0,30.0,25.33,31.0,21.0,40.0,43.5
1038.869,91,113.0,1716.0,36.0,30.0,25.33,31.0,21.0,40.0,43.5
1039.019,91,113.0,1325.0,36.0,30.0,25.33,31.0,21.0,40.0,43.5
1039.14,91,113.0,1325.0,35.0,30.0,25.33,31.0,21.0,40.0,43.5
1039.23,91,113.0,1325.0,35.0,27.0,25.33,31.0,21.0,40.0,43.5
1039.349,91,113.0,1325.0,35.0,27.0,22.27,31.0,21.0,40.0,43.5
1039.41,91,113.0,1325.0,35.0,27.0,22.27,83.5,21.0,40.0,43.5
1039.499,91,113.0,1325.0,35.0,27.0,22.27,83.5,21.0,40.0,43.5
1039.619,91,113.0,1325.0,35.0,27.0,22.27,83.5,21.0,46.3,43.5
1039.709,91,113.0,1325.0,35.0,27.0,22.27,83.5,21.0,46.3,47.1
1039.829,91,113.0,1325.0,35.0,27.0,22.27,83.5,21.0,46.3,47.1
1039.919,91,140.0,1325.0,35.0,27.0,22.27,83.5,21.0,46.3,47.1
1040.009,91,140.0,1394.0,35.0,27.0,22.27,83.5,21.0,46.3,47.1
1040.102,91,140.0,1394.0,37.0,27.0,22.27,83.5,21.0,46.3,47.1
1040.161,91,140.0,1394.0,37.0,28.0,22.27,83.5,21.0,46.3,47.1
1040.249,91,140.0,1394.0,37.0,28.0,26.63,83.5,21.0,46.3,47.1
1040.369,91,140.0,1394.0,37.0,28.0,26.63,83.5,21.0,46.3,47.1
1040.459,91,140.0,1394.0,37.0,28.0,26.63,83.5,21.0,46.3,47.1
1040.639,91,140.0,1394.0,37.0,28.0,26.63,83.5,21.0,45.9,47.1
1040.7,91,140.0,1394.0,37.0,28.0,26.63,83.5,21.0,45.9,46.3
1040.76,91,140.0,1394.0,37.0,28.0,26.63,83.5,21.0,45.9,46.3
1040.974,91,158.0,1394.0,37.0,28.0,26.63,83.5,21.0,45.9,46.3
1041.061,91,158.0,1479.0,37.0,28.0,26.63,83.5,21.0,45.9,46.3
1041.151,91,158.0,1479.0,39.0,28.0,26.63,83.5,21.0,45.9,46.3
1041.211,91,158.0,1479.0,39.0,29.0,26.63,83.5,21.0,45.9,46.3
1041.299,91,158.0,1479.0,39.0,29.0,26.38,83.5,21.0,45.9,46.3
1041.419,91,158.0,1479.0,39.0,29.0,26.38,83.5,21.0,45.9,46.3
1041.509,91,158.0,1479.0,39.0,29.0,26.38,83.5,21.0,45.9,46.3
1041.75,91,158.0,1479.0,39.0,29.0,26.38,83.5,21.0,40.8,46.3
1041.81,91,158.0,1479.0,39.0,29.0,26.38,83.5,21.0,40.8,40.4
1041.899,91,158.0,1479.0,39.0,29.0,26.38,83.5,21.0,40.8,40.4
1041.96,91,138.0,1479.0,39.0,29.0,26.38,83.5,21.0,40.8,40.4
1042.054,91,138.0,1520.0,39.0,29.0,26.38,83.5,21.0,40.8,40.4
1042.11,91,138.0,1520.0,41.0,29.0,26.38,83.5,21.0,40.8,40.4
1042.199,91,138.0,1520.0,41.0,29.0,26.38,83.5,21.0,40.8,40.4
1042.319,91,138.0,1520.0,41.0,29.0,17.22,83.5,21.0,40.8,40.4
1042.409,91,138.0,1520.0,41.0,29.0,17.22,83.5,21.0,40.8,40.4
1042.529,91,138.0,1520.0,41.0,29.0,17.22,83.5,21.0,40.8,40.4
1042.619,91,138.0,1520.0,41.0,29.0,17.22,83.5,21.0,33.3,40.4
1042.711,91,138.0,1520.0,41.0,29.0,17.22,83.5,21.0,33.3,33.7
1042.8,91,138.0,1520.0,41.0,29.0,17.22,83.5,21.0,33.3,33.7
1042.893,91,117.0,1520.0,41.0,29.0,17.22,83.5,21.0,33.3,33.7
1043.039,91,117.0,1494.0,41.0,29.0,17.22,83.5,21.0,33.3,33.7
1043.1,91,117.0,1494.0,40.0,29.0,17.22,83.5,21.0,33.3,33.7
1043.161,91,117.0,1494.0,40.0,27.0,17.22,83.5,21.0,33.3,33.7
1043.279,91,117.0,1494.0,40.0,27.0,14.83,83.5,21.0,33.3,33.7
1043.37,91,117.0,1494.0,40.0,27.0,14.83,83.5,21.0,33.3,33.7
1043.464,91,117.0,1494.0,40.0,27.0,14.83,83.5,21.0,33.3,33.7
1043.549,91,117.0,1494.0,40.0,27.0,14.83,83.5,21.0,34.1,33.7
1043.64,91,117.0,1494.0,40.0,27.0,14.83,83.5,21.0,34.1,34.9
1043.729,91,117.0,1494.0,40.0,27.0,14.83,83.5,21.0,34.1,34.9
1043.879,91,112.0,1494.0,40.0,27.0,14.83,83.5,21.0,34.1,34.9
1044.029,91,112.0,1454.0,40.0,27.0,14.83,83.5,21.0,34.1,34.9
1044.149,91,112.0,1454.0,39.0,27.0,14.83,83.5,21.0,34.1,34.9
1044.211,91,112.0,1454.0,39.0,26.0,14.83,83.5,21.0,34.1,34.9
1044.3,91,112.0,1454.0,39.0,26.0,17.11,83.5,21.0,34.1,34.9
1044.419,91,112.0,1454.0,39.0,26.0,17.11,83.5,21.0,34.1,34.9
1044.51,91,112.0,1454.0,39.0,26.0,17.11,83.5,21.0,34.1,34.9
1044.6,91,112.0,1454.0,39.0,26.0,17.11,83.5,21.0,39.2,34.9
1044.724,91,112.0,1454.0,39.0,26.0,17.11,83.5,21.0,39.2,40.0
1044.81,91,112.0,1454.0,39.0,26.0,17.11,83.5,21.0,39.2,40.0
1044.901,91,129.0,1454.0,39.0,26.0,17.11,83.5,21.0,39.2,40.0
1044.961,91,129.0,1428.0,39.0,26.0,17.11,83.5,21.0,39.2,40.0
1045.109,91,129.0,1428.0,38.0,26.0,17.11,83.5,21.0,39.2,40.0
1045.23,91,129.0,1428.0,38.0,27.0,17.11,83.5,21.0,39.2,40.0
1045.32,91,129.0,1428.0,38.0,27.0,20.22,83.5,21.0,39.2,40.0
1045.439,91,129.0,1428.0,38.0,27.0,20.22,83.5,21.0,39.2,40.0
1045.529,91,129.0,1428.0,38.0,27.0,20.22,83.5,21.0,39.2,40.0
1045.65,91,129.0,1428.0,38.0,27.0,20.22,83.5,21.0,35.7,40.0
1045.71,91,129.0,1428.0,38.0,27.0,20.22,83.5,21.0,35.7,32.5
1045.799,91,129.0,1428.0,38.0,27.0,20.22,83.5,21.0,35.7,32.5
1045.98,91,126.0,1428.0,38.0,27.0,20.22,83.5,21.0,35.7,32.5
1046.07,91,126.0,1381.0,38.0,27.0,20.22,83.5,21.0,35.7,32.5
1046.161,91,126.0,1381.0,38.0,27.0,20.22,83.5,21.0,35.7,32.5
1046.249,91,126.0,1381.0,38.0,27.0,20.22,83.5,21.0,35.7,32.5
1046.31,91,126.0,1381.0,38.0,27.0,14.27,83.5,21.0,35.7,32.5
1046.429,91,126.0,1381.0,38.0,27.0,14.27,83.5,21.0,35.7,32.5
1046.52,91,126.0,1381.0,38.0,27.0,14.27,83.5,21.0,35.7,32.5
1046.61,91,126.0,1381.0,38.0,27.0,14.27,83.5,21.0,14.1,32.5
1046.699,91,126.0,1381.0,38.0,27.0,14.27,83.5,21.0,14.1,14.5
1046.791,91,126.0,1381.0,38.0,27.0,14.27,83.5,21.0,14.1,14.5
1046.879,91,113.0,1381.0,38.0,27.0,14.27,83.5,21.0,14.1,14.5
1047.001,91,113.0,901.0,38.0,27.0,14.27,83.5,21.0,14.1,14.5
1047.123,91,113.0,901.0,35.0,27.0,14.27,83.5,21.0,14.1,14.5
1047.209,91,113.0,901.0,35.0,26.0,14.27,83.5,21.0,14.1,14.5
1047.301,91,113.0,901.0,35.0,26.0,9.08,83.5,21.0,14.1,14.5
1047.36,91,113.0,901.0,35.0,26.0,9.08,83.5,21.0,14.1,14.5
1047.479,91,113.0,901.0,35.0,26.0,9.08,83.5,21.0,14.1,14.5
1047.569,91,113.0,901.0,35.0,26.0,9.08,83.5,21.0,20.0,14.5
1047.69,91,113.0,901.0,35.0,26.0,9.08,83.5,21.0,20.0,21.6
1047.75,91,113.0,901.0,35.0,26.0,9.08,83.5,21.0,20.0,21.6
1047.841,91,108.0,901.0,35.0,26.0,9.08,83.5,21.0,20.0,21.6
1048.049,91,108.0,1542.0,35.0,26.0,9.08,83.5,21.0,20.0,21.6
1048.111,91,108.0,1542.0,31.0,26.0,9.08,83.5,21.0,20.0,21.6
1048.201,91,108.0,1542.0,31.0,23.0,9.08,83.5,21.0,20.0,21.6
1048.261,91,108.0,1542.0,31.0,23.0,17.94,83.5,21.0,20.0,21.6
1048.38,91,108.0,1542.0,31.0,23.0,17.94,83.5,21.0,20.0,21.6
1048.469,91,108.0,1542.0,31.0,23.0,17.94,83.5,21.0,20.0,21.6
1048.589,91,108.0,1542.0,31.0,23.0,17.94,83.5,21.0,23.5,21.6
1048.662,91,108.0,1542.0,31.0,23.0,17.94,83.5,21.0,23.5,23.5
1048.71,91,108.0,1542.0,31.0,23.0,17.94,83.5,21.0,23.5,23.5
1048.8,91,103.0,1542.0,31.0,23.0,17.94,83.5,21.0,23.5,23.5
1048.861,91,103.0,1677.0,31.0,23.0,17.94,83.5,21.0,23.5,23.5
1048.95,91,103.0,1677.0,29.0,23.0,17.94,83.5,21.0,23.5,23.5
1049.011,91,103.0,1677.0,29.0,26.0,17.94,83.5,21.0,23.5,23.5
1049.129,91,103.0,1677.0,29.0,26.0,13.36,83.5,21.0,23.5,23.5
1049.223,91,103.0,1677.0,29.0,26.0,13.36,83.5,21.0,23.5,23.5
1049.341,91,103.0,1677.0,29.0,26.0,13.36,83.5,21.0,23.5,23.5
1049.4,91,103.0,1677.0,29.0,26.0,13.36,83.5,21.0,26.3,23.5
1049.461,91,103.0,1677.0,29.0,26.0,13.36,83.5,21.0,26.3,26.3
1049.55,91,103.0,1677.0,29.0,26.0,13.36,83.5,21.0,26.3,26.3
1049.64,91,108.0,1677.0,29.0,26.0,13.36,83.5,21.0,26.3,26.3
1049.7,91,108.0,1554.0,29.0,26.0,13.36,83.5,21.0,26.3,26.3
1049.822,91,108.0,1554.0,26.0,26.0,13.36,83.5,21.0,26.3,26.3
1049.94,91,108.0,1554.0,26.0,27.0,13.36,83.5,21.0,26.3,26.3
1050.031,91,108.0,1554.0,26.0,27.0,12.97,83.5,21.0,26.3,26.3
1050.151,91,108.0,1554.0,26.0,27.0,12.97,83.5,21.0,26.3,26.3
1050.212,91,108.0,1554.0,26.0,27.0,12.97,83.5,21.0,26.3,26.3
1050.301,91,108.0,1554.0,26.0,27.0,12.97,83.5,21.0,27.1,26.3
1050.36,91,108.0,1554.0,26.0,27.0,12.97,83.5,21.0,27.1,26.7
1050.449,91,108.0,1554.0,26.0,27.0,12.97,83.5,21.0,27.1,26.7
1050.57,91,111.0,1554.0,26.0,27.0,12.97,83.5,21.0,27.1,26.7
1050.66,91,111.0,1462.0,26.0,27.0,12.97,83.5,21.0,27.1,26.7
1050.809,91,111.0,1462.0,25.0,27.0,12.97,83.5,21.0,27.1,26.7
1050.96,91,111.0,1462.0,25.0,26.0,12.97,83.5,21.0,27.1,26.7
1051.052,91,111.0,1462.0,25.0,26.0,12.36,83.5,21.0,27.1,26.7
1051.11,91,111.0,1462.0,25.0,26.0,12.36,83.5,21.0,27.1,26.7
1051.229,91,111.0,1462.0,25.0,26.0,12.36,83.5,21.0,27.1,26.7
1051.291,91,111.0,1462.0,25.0,26.0,12.36,83.5,21.0,30.6,26.7
1051.351,91,111.0,1462.0,25.0,26.0,12.36,83.5,21.0,30.6,31.0
1051.44,91,111.0,1462.0,25.0,26.0,12.36,83.5,21.0,30.6,31.0
1051.529,91,111.0,1462.0,25.0,26.0,12.36,83.5,21.0,30.6,31.0
1051.649,91,111.0,1395.0,25.0,26.0,12.36,83.5,21.0,30.6,31.0
1051.71,91,111.0,1395.0,24.0,26.0,12.36,83.5,21.0,30.6,31.0
1051.799,91,111.0,1395.0,24.0,27.0,12.36,83.5,21.0,30.6,31.0
1051.919,91,111.0,1395.0,24.0,27.0,12.99,83.5,21.0,30.6,31.0
1052.009,91,111.0,1395.0,24.0,27.0,12.99,83.5,21.0,30.6,31.0
1052.13,91,111.0,1395.0,24.0,27.0,12.99,83.5,21.0,30.6,31.0
1052.221,91,111.0,1395.0,24.0,27.0,12.99,83.5,21.0,32.5,31.0
1052.344,91,111.0,1395.0,24.0,27.0,12.99,83.5,21.0,32.5,33.7
1052.4,91,111.0,1395.0,24.0,27.0,12.99,83.5,21.0,32.5,33.7
1052.461,91,118.0,1395.0,24.0,27.0,12.99,83.5,21.0,32.5,33.7
1052.61,91,118.0,1373.0,24.0,27.0,12.99,83.5,21.0,32.5,33.7
1052.699,91,118.0,1373.0,23.0,27.0,12.99,83.5,21.0,32.5,33.7
1052.761,91,118.0,1373.0,23.0,27.0,12.99,83.5,21.0,32.5,33.7
1052.851,91,118.0,1373.0,23.0,27.0,15.52,83.5,21.0,32.5,33.7
1052.911,91,118.0,1373.0,23.0,27.0,15.52,83.5,21.0,32.5,33.7
1053.001,91,118.0,1373.0,23.0,27.0,15.52,83.5,21.0,32.5,33.7
1053.065,91,118.0,1373.0,23.0,27.0,15.52,83.5,21.0,33.7,33.7
1053.151,91,118.0,1373.0,23.0,27.0,15.52,83.5,21.0,33.7,34.5
1053.211,91,118.0,1373.0,23.0,27.0,15.52,83.5,21.0,33.7,34.5
1053.3,91,122.0,1373.0,23.0,27.0,15.52,83.5,21.0,33.7,34.5
1053.42,91,122.0,1373.0,23.0,27.0,15.52,83.5,21.0,33.7,34.5
1053.509,91,122.0,1373.0,23.0,27.0,15.52,83.5,21.0,33.7,34.5
1053.6,91,122.0,1373.0,23.0,28.0,15.52,83.5,21.0,33.7,34.5
1053.661,91,122.0,1373.0,23.0,28.0,15.72,83.5,21.0,33.7,34.5
1053.78,91,122.0,1373.0,23.0,28.0,15.72,83.5,21.0,33.7,34.5
1053.87,91,122.0,1373.0,23.0,28.0,15.72,83.5,21.0,33.7,34.5
1053.961,91,122.0,1373.0,23.0,28.0,15.72,83.5,21.0,34.5,34.5
1054.083,91,122.0,1373.0,23.0,28.0,15.72,83.5,21.0,34.5,34.9
1054.172,91,122.0,1373.0,23.0,28.0,15.72,83.5,21.0,34.5,34.9
1054.262,91,124.0,1373.0,23.0,28.0,15.72,83.5,21.0,34.5,34.9
1054.349,91,124.0,1384.0,23.0,28.0,15.72,83.5,21.0,34.5,34.9
1054.41,91,124.0,1384.0,24.0,28.0,15.72,83.5,21.0,34.5,34.9
1054.5,91,124.0,1384.0,24.0,28.0,15.72,83.5,21.0,34.5,34.9
1054.56,91,124.0,1384.0,24.0,28.0,15.66,83.5,21.0,34.5,34.9
1054.679,91,124.0,1384.0,24.0,28.0,15.66,83.5,21.0,34.5,34.9
1054.77,91,124.0,1384.0,24.0,28.0,15.66,83.5,21.0,34.5,34.9
1054.95,91,124.0,1384.0,24.0,28.0,15.66,83.5,21.0,34.9,34.9
1055.07,91,124.0,1384.0,24.0,28.0,15.66,83.5,21.0,34.9,34.9
1055.159,91,124.0,1384.0,24.0,28.0,15.66,83.5,21.0,34.9,34.9
1055.255,91,121.0,1384.0,24.0,28.0,15.66,83.5,21.0,34.9,34.9
1055.314,91,121.0,1410.0,24.0,28.0,15.66,83.5,21.0,34.9,34.9
1055.43,91,121.0,1410.0,24.0,28.0,15.66,83.5,21.0,34.9,34.9
1055.519,91,121.0,1410.0,24.0,28.0,15.66,83.5,21.0,34.9,34.9
1055.639,91,121.0,1410.0,24.0,28.0,16.16,83.5,21.0,34.9,34.9
1055.702,91,121.0,1410.0,24.0,28.0,16.16,83.5,21.0,34.9,34.9
1055.762,91,121.0,1410.0,24.0,28.0,16.16,83.5,21.0,34.9,34.9
1055.851,91,121.0,1410.0,24.0,28.0,16.16,83.5,21.0,34.9,34.9
1055.94,91,121.0,1410.0,24.0,28.0,16.16,83.5,21.0,34.9,35.3
1056.0,91,121.0,1410.0,24.0,28.0,16.16,83.5,21.0,34.9,35.3
1056.061,91,121.0,1410.0,24.0,28.0,16.16,83.5,21.0,34.9,35.3
1056.152,91,121.0,1426.0,24.0,28.0,16.16,83.5,21.0,34.9,35.3
1056.21,91,121.0,1426.0,24.0,28.0,16.16,83.5,21.0,34.9,35.3
1056.299,91,121.0,1426.0,24.0,28.0,16.16,83.5,21.0,34.9,35.3
1056.42,91,121.0,1426.0,24.0,28.0,16.27,83.5,21.0,34.9,35.3
1056.509,91,121.0,1426.0,24.0,28.0,16.27,83.5,21.0,34.9,35.3
1056.601,91,121.0,1426.0,24.0,28.0,16.27,83.5,21.0,34.9,35.3
1056.664,91,121.0,1426.0,24.0,28.0,16.27,83.5,21.0,36.5,35.3
1056.779,91,121.0,1426.0,24.0,28.0,16.27,83.5,21.0,36.5,37.3
1056.961,91,121.0,1426.0,24.0,28.0,16.27,83.5,21.0,36.5,37.3
1057.055,91,124.0,1426.0,24.0,28.0,16.27,83.5,21.0,36.5,37.3
1057.112,91,124.0,1460.0,24.0,28.0,16.27,83.5,21.0,36.5,37.3
1057.201,91,124.0,1460.0,25.0,28.0,16.27,83.5,21.0,36.5,37.3
1057.29,91,124.0,1460.0,25.0,28.0,16.27,83.5,21.0,36.5,37.3
1057.35,91,124.0,1460.0,25.0,28.0,18.11,83.5,21.0,36.5,37.3
1057.41,91,124.0,1460.0,25.0,28.0,18.11,83.5,21.0,36.5,37.3
1057.529,91,124.0,1460.0,25.0,28.0,18.11,83.5,21.0,36.5,37.3
1057.59,91,124.0,1460.0,25.0,28.0,18.11,83.5,21.0,36.5,37.3
1057.68,91,124.0,1460.0,25.0,28.0,18.11,83.5,21.0,36.5,36.9
1057.769,91,124.0,1460.0,25.0,28.0,18.11,83.5,21.0,36.5,36.9
1057.889,91,128.0,1460.0,25.0,28.0,18.11,83.5,21.0,36.5,36.9
1058.099,91,128.0,1506.0,25.0,28.0,18.11,83.5,21.0,36.5,36.9
1058.161,91,128.0,1506.0,26.0,28.0,18.11,83.5,21.0,36.5,36.9
1058.251,91,128.0,1506.0,26.0,28.0,18.11,83.5,21.0,36.5,36.9
1058.311,91,128.0,1506.0,26.0,28.0,17.61,83.5,21.0,36.5,36.9
1058.429,91,128.0,1506.0,26.0,28.0,17.61,83.5,21.0,36.5,36.9
1058.52,91,128.0,1506.0,26.0,28.0,17.61,83.5,21.0,36.5,36.9
1058.64,91,128.0,1506.0,26.0,28.0,17.61,83.5,21.0,35.7,36.9
1058.7,91,128.0,1506.0,26.0,28.0,17.61,83.5,21.0,35.7,36.1
1058.76,91,128.0,1506.0,26.0,28.0,17.61,83.5,21.0,35.7,36.1
1058.852,91,124.0,1506.0,26.0,28.0,17.61,83.5,21.0,35.7,36.1
1058.944,91,124.0,1537.0,26.0,28.0,17.61,83.5,21.0,35.7,36.1
1059.001,91,124.0,1537.0,26.0,28.0,17.61,83.5,21.0,35.7,36.1
1059.064,91,124.0,1537.0,26.0,28.0,17.61,83.5,21.0,35.7,36.1
1059.179,91,124.0,1537.0,26.0,28.0,17.44,83.5,21.0,35.7,36.1
1059.241,91,124.0,1537.0,26.0,28.0,17.44,83.5,21.0,35.7,36.1
1059.301,91,124.0,1537.0,26.0,28.0,17.44,83.5,21.0,35.7,36.1
1059.392,91,124.0,1537.0,26.0,28.0,17.44,83.5,21.0,34.9,36.1
1059.456,91,124.0,1537.0,26.0,28.0,17.44,83.5,21.0,34.9,35.3
1059.51,91,124.0,1537.0,26.0,28.0,17.44,83.5,21.0,34.9,35.3
1059.6,91,123.0,1537.0,26.0,28.0,17.44,83.5,21.0,34.9,35.3
1059.66,91,123.0,1547.0,26.0,28.0,17.44,83.5,21.0,34.9,35.3
1059.749,91,123.0,1547.0,27.0,28.0,17.44,83.5,21.0,34.9,35.3
1059.869,91,123.0,1547.0,27.0,28.0,17.44,83.5,21.0,34.9,35.3
1059.959,91,123.0,1547.0,27.0,28.0,16.91,83.5,21.0,34.9,35.3
1060.08,91,123.0,1547.0,27.0,28.0,16.91,83.5,21.0,34.9,35.3
1060.17,91,123.0,1547.0,27.0,28.0,16.91,83.5,21.0,34.9,35.3
1060.289,91,123.0,1547.0,27.0,28.0,16.91,83.5,21.0,34.9,35.3
1060.35,91,123.0,1547.0,27.0,28.0,16.91,83.5,21.0,34.9,35.3
1060.415,91,123.0,1547.0,27.0,28.0,16.91,83.5,21.0,34.9,35.3
1060.501,91,120.0,1547.0,27.0,28.0,16.91,83.5,21.0,34.9,35.3
1060.56,91,120.0,1529.0,27.0,28.0,16.91,83.5,21.0,34.9,35.3
1060.649,91,120.0,1529.0,26.0,28.0,16.91,83.5,21.0,34.9,35.3
1060.77,91,120.0,1529.0,26.0,28.0,16.91,83.5,21.0,34.9,35.3
1060.859,91,120.0,1529.0,26.0,28.0,16.99,83.5,21.0,34.9,35.3
1061.07,91,120.0,1529.0,26.0,28.0,16.99,83.5,21.0,34.9,35.3
1061.159,91,120.0,1529.0,26.0,28.0,16.99,83.5,21.0,34.9,35.3
1061.252,91,120.0,1529.0,26.0,28.0,16.99,83.5,21.0,36.5,35.3
1061.311,91,120.0,1529.0,26.0,28.0,16.99,83.5,21.0,36.5,36.9
1061.447,91,120.0,1529.0,26.0,28.0,16.99,83.5,21.0,36.5,36.9
1061.519,91,121.0,1529.0,26.0,28.0,16.99,83.5,21.0,36.5,36.9
1061.639,91,121.0,1531.0,26.0,28.0,16.99,83.5,21.0,36.5,36.9
1061.7,91,121.0,1531.0,26.0,28.0,16.99,83.5,21.0,36.5,36.9
1061.761,91,121.0,1531.0,26.0,28.0,16.99,83.5,21.0,36.5,36.9
1061.851,91,121.0,1531.0,26.0,28.0,18.13,83.5,21.0,36.5,36.9
1061.91,91,121.0,1531.0,26.0,28.0,18.13,83.5,21.0,36.5,36.9
1061.999,91,121.0,1531.0,26.0,28.0,18.13,83.5,21.0,36.5,36.9
1062.06,91,121.0,1531.0,26.0,28.0,18.13,83.5,21.0,36.9,36.9
1062.18,91,121.0,1531.0,26.0,28.0,18.13,83.5,21.0,36.9,37.3
1062.269,91,121.0,1531.0,26.0,28.0,18.13,83.5,21.0,36.9,37.3
1062.389,91,126.0,1531.0,26.0,28.0,18.13,83.5,21.0,36.9,37.3
1062.45,91,126.0,1543.0,26.0,28.0,18.13,83.5,21.0,36.9,37.3
1062.54,91,126.0,1543.0,26.0,28.0,18.13,83.5,21.0,36.9,37.3
1062.66,91,126.0,1543.0,26.0,29.0,18.13,83.5,21.0,36.9,37.3
1062.75,91,126.0,1543.0,26.0,29.0,18.02,83.5,21.0,36.9,37.3
1062.841,91,126.0,1543.0,26.0,29.0,18.02,83.5,21.0,36.9,37.3
1062.901,91,126.0,1543.0,26.0,29.0,18.02,83.5,21.0,36.9,37.3
1063.051,91,126.0,1543.0,26.0,29.0,18.02,83.5,21.0,36.9,37.3
1063.141,91,126.0,1543.0,26.0,29.0,18.02,83.5,21.0,36.9,37.3
1063.231,91,126.0,1543.0,26.0,29.0,18.02,83.5,21.0,36.9,37.3
1063.32,91,126.0,1543.0,26.0,29.0,18.02,83.5,21.0,36.9,37.3
1063.439,91,126.0,1553.0,26.0,29.0,18.02,83.5,21.0,36.9,37.3
1063.5,91,126.0,1553.0,27.0,29.0,18.02,83.5,21.0,36.9,37.3
1063.59,91,126.0,1553.0,27.0,28.0,18.02,83.5,21.0,36.9,37.3
1063.71,91,126.0,1553.0,27.0,28.0,18.19,83.5,21.0,36.9,37.3
1063.801,91,126.0,1553.0,27.0,28.0,18.19,83.5,21.0,36.9,37.3
1063.891,91,126.0,1553.0,27.0,28.0,18.19,83.5,21.0,36.9,37.3
1063.953,91,126.0,1553.0,27.0,28.0,18.19,83.5,21.0,36.1,37.3
1064.04,91,126.0,1553.0,27.0,28.0,18.19,83.5,21.0,36.1,35.7
1064.101,91,126.0,1553.0,27.0,28.0,18.19,83.5,21.0,36.1,35.7
1064.191,91,126.0,1553.0,27.0,28.0,18.19,83.5,21.0,36.1,35.7
1064.251,91,126.0,1548.0,27.0,28.0,18.19,83.5,21.0,36.1,35.7
1064.339,91,126.0,1548.0,26.0,28.0,18.19,83.5,21.0,36.1,35.7
1064.46,91,126.0,1548.0,26.0,28.0,18.19,83.5,21.0,36.1,35.7
1064.549,91,126.0,1548.0,26.0,28.0,17.74,83.5,21.0,36.1,35.7
1064.64,91,126.0,1548.0,26.0,28.0,17.74,83.5,21.0,36.1,35.7
1064.701,91,126.0,1548.0,26.0,28.0,17.74,83.5,21.0,36.1,35.7
1064.819,91,126.0,1548.0,26.0,28.0,17.74,83.5,21.0,33.7,35.7
1064.91,91,126.0,1548.0,26.0,28.0,17.74,83.5,21.0,33.7,34.1
1064.999,91,126.0,1548.0,26.0,28.0,17.74,83.5,21.0,33.7,34.1
1065.089,91,121.0,1548.0,26.0,28.0,17.74,83.5,21.0,33.7,34.1
1065.209,91,121.0,1573.0,26.0,28.0,17.74,83.5,21.0,33.7,34.1
1065.299,91,121.0,1573.0,27.0,28.0,17.74,83.5,21.0,33.7,34.1
1065.419,91,121.0,1573.0,27.0,28.0,17.74,83.5,21.0,33.7,34.1
1065.509,91,121.0,1573.0,27.0,28.0,16.08,83.5,21.0,33.7,34.1
1065.6,91,121.0,1573.0,27.0,28.0,16.08,83.5,21.0,33.7,34.1
1065.689,91,121.0,1573.0,27.0,28.0,16.08,83.5,21.0,33.7,34.1
1065.784,91,121.0,1573.0,27.0,28.0,16.08,83.5,21.0,32.2,34.1
1065.841,91,121.0,1573.0,27.0,28.0,16.08,83.5,21.0,32.2,32.5
1065.9,91,121.0,1573.0,27.0,28.0,16.08,83.5,21.0,32.2,32.5
1065.989,91,116.0,1573.0,27.0,28.0,16.08,83.5,21.0,32.2,32.5
1066.052,91,116.0,1508.0,27.0,28.0,16.08,83.5,21.0,32.2,32.5
1066.171,91,116.0,1508.0,26.0,28.0,16.08,83.5,21.0,32.2,32.5
1066.26,91,116.0,1508.0,26.0,28.0,16.08,83.5,21.0,32.2,32.5
1066.409,91,116.0,1508.0,26.0,28.0,15.33,83.5,21.0,32.2,32.5
1066.499,91,116.0,1508.0,26.0,28.0,15.33,83.5,21.0,32.2,32.5
1066.59,91,116.0,1508.0,26.0,28.0,15.33,83.5,21.0,32.2,32.5
1066.711,91,116.0,1508.0,26.0,28.0,15.33,83.5,21.0,26.3,32.5
1066.799,91,116.0,1508.0,26.0,28.0,15.33,83.5,21.0,26.3,26.7
1066.89,91,116.0,1508.0,26.0,28.0,15.33,83.5,21.0,26.3,26.7
1066.951,91,110.0,1508.0,26.0,28.0,15.33,83.5,21.0,26.3,26.7
1067.07,91,110.0,1459.0,26.0,28.0,15.33,83.5,21.0,26.3,26.7
1067.19,91,110.0,1459.0,25.0,28.0,15.33,83.5,21.0,26.3,26.7
1067.259,91,110.0,1459.0,25.0,28.0,15.33,83.5,21.0,26.3,26.7
1067.339,91,110.0,1459.0,25.0,28.0,12.63,83.5,21.0,26.3,26.7
1067.459,91,110.0,1459.0,25.0,28.0,12.63,83.5,21.0,26.3,26.7
1067.609,91,110.0,1459.0,25.0,28.0,12.63,83.5,21.0,26.3,26.7
1067.7,91,110.0,1459.0,25.0,28.0,12.63,83.5,21.0,14.1,26.7
1067.82,91,110.0,1459.0,25.0,28.0,12.63,83.5,21.0,14.1,14.5
1067.909,91,110.0,1459.0,25.0,28.0,12.63,83.5,21.0,14.1,14.5
1067.999,91,111.0,1459.0,25.0,28.0,12.63,83.5,21.0,14.1,14.5
1068.089,91,111.0,933.0,25.0,28.0,12.63,83.5,21.0,14.1,14.5
1068.211,91,111.0,933.0,20.0,28.0,12.63,83.5,21.0,14.1,14.5
1068.299,91,111.0,933.0,20.0,27.0,12.63,83.5,21.0,14.1,14.5
1068.419,91,111.0,933.0,20.0,27.0,14.16,83.5,21.0,14.1,14.5
1068.509,91,111.0,933.0,20.0,27.0,14.16,83.5,21.0,14.1,14.5
1068.63,91,111.0,933.0,20.0,27.0,14.16,83.5,21.0,14.1,14.5
1068.72,91,111.0,933.0,20.0,27.0,14.16,83.5,21.0,14.1,14.5
1068.869,91,111.0,933.0,20.0,27.0,14.16,83.5,21.0,14.1,14.5
1068.99,91,111.0,933.0,20.0,27.0,14.16,83.5,21.0,14.1,14.5
1069.139,91,107.0,933.0,20.0,27.0,14.16,83.5,21.0,14.1,14.5
1069.23,91,107.0,897.0,20.0,27.0,14.16,83.5,21.0,14.1,14.5
1069.322,91,107.0,897.0,13.0,27.0,14.16,83.5,21.0,14.1,14.5
1069.41,91,107.0,897.0,13.0,25.0,14.16,83.5,21.0,14.1,14.5
1069.53,91,107.0,897.0,13.0,25.0,8.69,83.5,21.0,14.1,14.5
1069.619,91,107.0,897.0,13.0,25.0,8.69,83.5,21.0,14.1,14.5
1069.739,91,107.0,897.0,13.0,25.0,8.69,83.5,21.0,14.1,14.5
1069.829,91,107.0,897.0,13.0,25.0,8.69,83.5,21.0,14.1,14.5
1069.952,91,107.0,897.0,13.0,25.0,8.69,83.5,21.0,14.1,14.5
1070.129,91,107.0,897.0,13.0,25.0,8.69,83.5,21.0,14.1,14.5
1070.221,91,106.0,897.0,13.0,25.0,8.69,83.5,21.0,14.1,14.5
1070.34,91,106.0,894.0,13.0,25.0,8.69,83.5,21.0,14.1,14.5
1070.429,91,106.0,894.0,11.0,25.0,8.69,83.5,21.0,14.1,14.5
1070.549,91,106.0,894.0,11.0,24.0,8.69,83.5,21.0,14.1,14.5
1070.639,91,106.0,894.0,11.0,24.0,8.47,83.5,21.0,14.1,14.5
1070.76,91,106.0,894.0,11.0,24.0,8.47,83.5,21.0,14.1,14.5
1070.85,91,106.0,894.0,11.0,24.0,8.47,83.5,21.0,14.1,14.5
1071.03,91,106.0,894.0,11.0,24.0,8.47,83.5,21.0,20.8,14.5
1071.15,91,106.0,894.0,11.0,24.0,8.47,83.5,21.0,20.8,22.7
1071.269,91,106.0,894.0,11.0,24.0,8.47,83.5,21.0,20.8,22.7
1071.36,91,104.0,894.0,11.0,24.0,8.47,83.5,21.0,20.8,22.7
1071.479,91,104.0,1124.0,11.0,24.0,8.47,83.5,21.0,20.8,22.7
1071.57,91,104.0,1124.0,10.0,24.0,8.47,83.5,21.0,20.8,22.7
1071.689,91,104.0,1124.0,10.0,24.0,8.47,83.5,21.0,20.8,22.7
1071.779,91,104.0,1124.0,10.0,24.0,12.36,83.5,21.0,20.8,22.7
1071.9,91,104.0,1124.0,10.0,24.0,12.36,83.5,21.0,20.8,22.7
1071.989,91,104.0,1124.0,10.0,24.0,12.36,83.5,21.0,20.8,22.7
1072.079,91,104.0,1124.0,10.0,24.0,12.36,83.5,21.0,33.7,22.7
1072.171,91,104.0,1124.0,10.0,24.0,12.36,83.5,21.0,33.7,34.1
1072.26,91,104.0,1124.0,10.0,24.0,12.36,83.5,21.0,33.7,34.1
1072.379,91,110.0,1124.0,10.0,24.0,12.36,83.5,21.0,33.7,34.1
1072.469,91,110.0,1487.0,10.0,24.0,12.36,83.5,21.0,33.7,34.1
1072.559,91,110.0,1487.0,13.0,24.0,12.36,83.5,21.0,33.7,34.1
1072.652,91,110.0,1487.0,13.0,26.0,12.36,83.5,21.0,33.7,34.1
1072.74,91,110.0,1487.0,13.0,26.0,20.33,83.5,21.0,33.7,34.1
1072.859,91,110.0,1487.0,13.0,26.0,20.33,83.5,21.0,33.7,34.1
1072.949,91,110.0,1487.0,13.0,26.0,20.33,83.5,21.0,33.7,34.1
1073.039,91,110.0,1487.0,13.0,26.0,20.33,83.5,21.0,38.4,34.1
1073.13,91,110.0,1487.0,13.0,26.0,20.33,83.5,21.0,38.4,38.8
1073.251,91,110.0,1487.0,13.0,26.0,20.33,83.5,21.0,38.4,38.8
1073.34,91,131.0,1487.0,13.0,26.0,20.33,83.5,21.0,38.4,38.8
1073.459,91,131.0,1762.0,13.0,26.0,20.33,83.5,21.0,38.4,38.8
1073.549,91,131.0,1762.0,16.0,26.0,20.33,83.5,21.0,38.4,38.8
1073.67,91,131.0,1762.0,16.0,30.0,20.33,83.5,21.0,38.4,38.8
1073.761,91,131.0,1762.0,16.0,30.0,24.69,83.5,21.0,38.4,38.8
1073.88,91,131.0,1762.0,16.0,30.0,24.69,31.0,21.0,38.4,38.8
1073.969,91,131.0,1762.0,16.0,30.0,24.69,31.0,21.0,38.4,38.8
1074.092,91,131.0,1762.0,16.0,30.0,24.69,31.0,21.0,24.7,38.8
1074.18,91,131.0,1762.0,16.0,30.0,24.69,31.0,21.0,24.7,27.5
1074.27,92,131.0,1762.0,16.0,30.0,24.69,31.0,21.0,24.7,27.5
1074.359,92,106.0,1762.0,16.0,30.0,24.69,31.0,21.0,24.7,27.5
1074.479,92,106.0,1014.0,16.0,30.0,24.69,31.0,21.0,24.7,27.5
1074.569,92,106.0,1014.0,17.0,30.0,24.69,31.0,21.0,24.7,27.5
1074.689,92,106.0,1014.0,17.0,30.0,24.69,31.0,21.0,24.7,27.5
1074.779,92,106.0,1014.0,17.0,30.0,10.97,31.0,21.0,24.7,27.5
1074.899,92,106.0,1014.0,17.0,30.0,10.97,83.5,21.0,24.7,27.5
1074.989,92,106.0,1014.0,17.0,30.0,10.97,83.5,21.0,24.7,27.5
1075.081,92,106.0,1014.0,17.0,30.0,10.97,83.5,21.0,28.2,27.5
1075.2,92,106.0,1014.0,17.0,30.0,10.97,83.5,21.0,28.2,28.2
1075.32,92,106.0,1014.0,17.0,30.0,10.97,83.5,21.0,28.2,28.2
1075.409,92,109.0,1014.0,17.0,30.0,10.97,83.5,21.0,28.2,28.2
1075.529,92,109.0,1132.0,17.0,30.0,10.97,83.5,21.0,28.2,28.2
1075.619,92,109.0,1132.0,19.0,30.0,10.97,83.5,21.0,28.2,28.2
1075.739,92,109.0,1132.0,19.0,27.0,10.97,83.5,21.0,28.2,28.2
1075.83,92,109.0,1132.0,19.0,27.0,12.3,83.5,21.0,28.2,28.2
1075.952,92,109.0,1132.0,19.0,27.0,12.3,83.5,21.0,28.2,28.2
1076.039,92,109.0,1132.0,19.0,27.0,12.3,83.5,21.0,28.2,28.2
1076.131,92,109.0,1132.0,19.0,27.0,12.3,83.5,21.0,31.0,28.2
1076.25,92,109.0,1132.0,19.0,27.0,12.3,83.5,21.0,31.0,31.4
1076.339,92,109.0,1132.0,19.0,27.0,12.3,83.5,21.0,31.0,31.4
1076.459,92,111.0,1132.0,19.0,27.0,12.3,83.5,21.0,31.0,31.4
1076.549,92,111.0,1248.0,19.0,27.0,12.3,83.5,21.0,31.0,31.4
1076.669,92,111.0,1248.0,21.0,27.0,12.3,83.5,21.0,31.0,31.4
1076.759,92,111.0,1248.0,21.0,27.0,12.3,83.5,21.0,31.0,31.4
1076.88,92,111.0,1248.0,21.0,27.0,12.55,83.5,21.0,31.0,31.4
1076.969,92,111.0,1248.0,21.0,27.0,12.55,83.5,21.0,31.0,31.4
1077.09,92,111.0,1248.0,21.0,27.0,12.55,83.5,21.0,31.0,31.4
1077.24,92,111.0,1248.0,21.0,27.0,12.55,83.5,21.0,37.6,31.4
1077.36,92,111.0,1248.0,21.0,27.0,12.55,83.5,21.0,37.6,40.0
1077.449,92,111.0,1248.0,21.0,27.0,12.55,83.5,21.0,37.6,40.0
1077.57,92,117.0,1248.0,21.0,27.0,12.55,83.5,21.0,37.6,40.0
1077.66,92,117.0,1380.0,21.0,27.0,12.55,83.5,21.0,37.6,40.0
1077.81,92,117.0,1380.0,23.0,27.0,12.55,83.5,21.0,37.6,40.0
1077.9,92,117.0,1380.0,23.0,29.0,12.55,83.5,21.0,37.6,40.0
1078.05,92,117.0,1380.0,23.0,29.0,18.66,83.5,21.0,37.6,40.0
1078.139,92,117.0,1380.0,23.0,29.0,18.66,83.5,21.0,37.6,40.0
1078.29,92,117.0,1380.0,23.0,29.0,18.66,83.5,21.0,37.6,40.0
1078.409,92,117.0,1380.0,23.0,29.0,18.66,83.5,21.0,32.5,40.0
1078.529,92,117.0,1380.0,23.0,29.0,18.66,83.5,21.0,32.5,32.2
1078.62,92,117.0,1380.0,23.0,29.0,18.66,83.5,21.0,32.5,32.2
1078.71,92,119.0,1380.0,23.0,29.0,18.66,83.5,21.0,32.5,32.2
1078.83,92,119.0,1531.0,23.0,29.0,18.66,83.5,21.0,32.5,32.2
1078.92,92,119.0,1531.0,26.0,29.0,18.66,83.5,21.0,32.5,32.2
1079.039,92,119.0,1531.0,26.0,29.0,18.66,83.5,21.0,32.5,32.2
1079.131,92,119.0,1531.0,26.0,29.0,15.44,83.5,21.0,32.5,32.2
1079.22,92,119.0,1531.0,26.0,29.0,15.44,83.5,21.0,32.5,32.2
1079.339,92,119.0,1531.0,26.0,29.0,15.44,83.5,21.0,32.5,32.2
1079.429,92,119.0,1531.0,26.0,29.0,15.44,83.5,21.0,27.5,32.2
1079.55,92,119.0,1531.0,26.0,29.0,15.44,83.5,21.0,27.5,27.8
1079.64,92,119.0,1531.0,26.0,29.0,15.44,83.5,21.0,27.5,27.8
1079.76,92,109.0,1531.0,26.0,29.0,15.44,83.5,21.0,27.5,27.8
1079.85,92,109.0,1551.0,26.0,29.0,15.44,83.5,21.0,27.5,27.8
1079.969,92,109.0,1551.0,27.0,29.0,15.44,83.5,21.0,27.5,27.8
1080.18,92,109.0,1551.0,27.0,29.0,15.44,83.5,21.0,27.5,27.8
1080.304,92,109.0,1551.0,27.0,29.0,13.11,83.5,21.0,27.5,27.8
1080.39,92,109.0,1551.0,27.0,29.0,13.11,83.5,21.0,27.5,27.8
1080.509,92,109.0,1551.0,27.0,29.0,13.11,83.5,21.0,27.5,27.8
1080.599,92,109.0,1551.0,27.0,29.0,13.11,83.5,21.0,31.8,27.8
1080.724,92,109.0,1551.0,27.0,29.0,13.11,83.5,21.0,31.8,32.2
1080.809,92,109.0,1551.0,27.0,29.0,13.11,83.5,21.0,31.8,32.2
1080.929,92,111.0,1551.0,27.0,29.0,13.11,83.5,21.0,31.8,32.2
1081.019,92,111.0,1591.0,27.0,29.0,13.11,83.5,21.0,31.8,32.2
1081.23,92,111.0,1591.0,27.0,29.0,13.11,83.5,21.0,31.8,32.2
1081.319,92,111.0,1591.0,27.0,28.0,13.11,83.5,21.0,31.8,32.2
1081.41,92,111.0,1591.0,27.0,28.0,15.02,83.5,21.0,31.8,32.2
1081.499,92,111.0,1591.0,27.0,28.0,15.02,83.5,21.0,31.8,32.2
1081.62,92,111.0,1591.0,27.0,28.0,15.02,83.5,21.0,31.8,32.2
1081.709,92,111.0,1591.0,27.0,28.0,15.02,83.5,21.0,31.4,32.2
1081.829,92,111.0,1591.0,27.0,28.0,15.02,83.5,21.0,31.4,31.4
1081.919,92,111.0,1591.0,27.0,28.0,15.02,83.5,21.0,31.4,31.4
1082.041,92,118.0,1591.0,27.0,28.0,15.02,83.5,21.0,31.4,31.4
1082.134,92,118.0,1657.0,27.0,28.0,15.02,83.5,21.0,31.4,31.4
1082.221,92,118.0,1657.0,28.0,28.0,15.02,83.5,21.0,31.4,31.4
1082.341,92,118.0,1657.0,28.0,28.0,15.02,83.5,21.0,31.4,31.4
1082.43,92,118.0,1657.0,28.0,28.0,15.16,83.5,21.0,31.4,31.4
1082.55,92,118.0,1657.0,28.0,28.0,15.16,83.5,21.0,31.4,31.4
1082.64,92,118.0,1657.0,28.0,28.0,15.16,83.5,21.0,31.4,31.4
1082.76,92,118.0,1657.0,28.0,28.0,15.16,83.5,21.0,31.0,31.4
1082.849,92,118.0,1657.0,28.0,28.0,15.16,83.5,21.0,31.0,31.0
1082.969,92,118.0,1657.0,28.0,28.0,15.16,83.5,21.0,31.0,31.0
1083.064,92,115.0,1657.0,28.0,28.0,15.16,83.5,21.0,31.0,31.0
1083.15,92,115.0,1694.0,28.0,28.0,15.16,83.5,21.0,31.0,31.0
1083.271,92,115.0,1694.0,29.0,28.0,15.16,83.5,21.0,31.0,31.0
1083.359,92,115.0,1694.0,29.0,28.0,15.16,83.5,21.0,31.0,31.0
1083.48,92,115.0,1694.0,29.0,28.0,14.91,83.5,21.0,31.0,31.0
1083.57,92,115.0,1694.0,29.0,28.0,14.91,83.5,21.0,31.0,31.0
1083.691,92,115.0,1694.0,29.0,28.0,14.91,83.5,21.0,31.0,31.0
1083.78,92,115.0,1694.0,29.0,28.0,14.91,83.5,21.0,31.8,31.0
1083.9,92,115.0,1694.0,29.0,28.0,14.91,83.5,21.0,31.8,32.2
1083.991,92,115.0,1694.0,29.0,28.0,14.91,83.5,21.0,31.8,32.2
1084.081,92,116.0,1694.0,29.0,28.0,14.91,83.5,21.0,31.8,32.2
1084.169,92,116.0,1741.0,29.0,28.0,14.91,83.5,21.0,31.8,32.2
1084.259,92,116.0,1741.0,30.0,28.0,14.91,83.5,21.0,31.8,32.2
1084.349,92,116.0,1741.0,30.0,28.0,14.91,83.5,21.0,31.8,32.2
1084.469,92,116.0,1741.0,30.0,28.0,17.05,83.5,21.0,31.8,32.2
1084.559,92,116.0,1741.0,30.0,28.0,17.05,83.5,21.0,31.8,32.2
1084.68,92,116.0,1741.0,30.0,28.0,17.05,83.5,21.0,31.8,32.2
1084.77,92,116.0,1741.0,30.0,28.0,17.05,83.5,21.0,33.7,32.2
1084.891,92,116.0,1741.0,30.0,28.0,17.05,83.5,21.0,33.7,33.7
1084.981,92,116.0,1741.0,30.0,28.0,17.05,83.5,21.0,33.7,33.7
1085.1,92,121.0,1741.0,30.0,28.0,17.05,83.5,21.0,33.7,33.7
1085.249,92,121.0,1808.0,30.0,28.0,17.05,83.5,21.0,33.7,33.7
1085.369,92,121.0,1808.0,31.0,28.0,17.05,83.5,21.0,33.7,33.7
1085.46,92,121.0,1808.0,31.0,29.0,17.05,83.5,21.0,33.7,33.7
1085.58,92,121.0,1808.0,31.0,29.0,18.33,83.5,21.0,33.7,33.7
1085.67,92,121.0,1808.0,31.0,29.0,18.33,83.5,21.0,33.7,33.7
1085.791,92,121.0,1808.0,31.0,29.0,18.33,83.5,21.0,33.7,33.7
1085.88,92,121.0,1808.0,31.0,29.0,18.33,83.5,21.0,28.6,33.7
1086.0,92,121.0,1808.0,31.0,29.0,18.33,83.5,21.0,28.6,28.6
1086.181,92,121.0,1808.0,31.0,29.0,18.33,83.5,21.0,28.6,28.6
1086.301,92,115.0,1808.0,31.0,29.0,18.33,83.5,21.0,28.6,28.6
1086.42,92,115.0,1848.0,31.0,29.0,18.33,83.5,21.0,28.6,28.6
1086.511,92,115.0,1848.0,32.0,29.0,18.33,83.5,21.0,28.6,28.6
1086.63,92,115.0,1848.0,32.0,29.0,18.33,83.5,21.0,28.6,28.6
1086.727,92,115.0,1848.0,32.0,29.0,17.02,83.5,21.0,28.6,28.6
1086.809,92,115.0,1848.0,32.0,29.0,17.02,83.5,21.0,28.6,28.6
1086.929,92,115.0,1848.0,32.0,29.0,17.02,83.5,21.0,28.6,28.6
1087.019,92,115.0,1848.0,32.0,29.0,17.02,83.5,21.0,27.8,28.6
1087.11,92,115.0,1848.0,32.0,29.0,17.02,83.5,21.0,27.8,27.8
1087.23,92,115.0,1848.0,32.0,29.0,17.02,83.5,21.0,27.8,27.8
1087.319,92,110.0,1848.0,32.0,29.0,17.02,83.5,21.0,27.8,27.8
1087.41,92,110.0,1866.0,32.0,29.0,17.02,83.5,21.0,27.8,27.8
1087.5,92,110.0,1866.0,32.0,29.0,17.02,83.5,21.0,27.8,27.8
1087.62,92,110.0,1866.0,32.0,29.0,17.02,83.5,21.0,27.8,27.8
1087.709,92,110.0,1866.0,32.0,29.0,16.69,83.5,21.0,27.8,27.8
1087.829,92,110.0,1866.0,32.0,29.0,16.69,83.5,21.0,27.8,27.8
1087.919,92,110.0,1866.0,32.0,29.0,16.69,83.5,21.0,27.8,27.8
1088.071,92,110.0,1866.0,32.0,29.0,16.69,83.5,21.0,26.7,27.8
1088.22,92,110.0,1866.0,32.0,29.0,16.69,83.5,21.0,26.7,26.7
1088.339,92,110.0,1866.0,32.0,29.0,16.69,83.5,21.0,26.7,26.7
1088.43,92,109.0,1866.0,32.0,29.0,16.69,83.5,21.0,26.7,26.7
1088.549,92,109.0,1828.0,32.0,29.0,16.69,83.5,21.0,26.7,26.7
1088.64,92,109.0,1828.0,31.0,29.0,16.69,83.5,21.0,26.7,26.7
1088.759,92,109.0,1828.0,31.0,29.0,16.69,83.5,21.0,26.7,26.7
1088.849,92,109.0,1828.0,31.0,29.0,16.52,83.5,21.0,26.7,26.7
1088.97,92,109.0,1828.0,31.0,29.0,16.52,83.5,21.0,26.7,26.7
1089.061,92,109.0,1828.0,31.0,29.0,16.52,83.5,21.0,26.7,26.7
1089.15,92,109.0,1828.0,31.0,29.0,16.52,83.5,21.0,24.7,26.7
1089.24,92,109.0,1828.0,31.0,29.0,16.52,83.5,21.0,24.7,24.7
1089.359,92,109.0,1828.0,31.0,29.0,16.52,83.5,21.0,24.7,24.7
1089.449,92,109.0,1828.0,31.0,29.0,16.52,83.5,21.0,24.7,24.7
1089.569,92,109.0,1783.0,31.0,29.0,16.52,83.5,21.0,24.7,24.7
1089.659,92,109.0,1783.0,31.0,29.0,16.52,83.5,21.0,24.7,24.7
1089.779,92,109.0,1783.0,31.0,29.0,16.52,83.5,21.0,24.7,24.7
1089.869,92,109.0,1783.0,31.0,29.0,16.58,83.5,21.0,24.7,24.7
1089.989,92,109.0,1783.0,31.0,29.0,16.58,83.5,21.0,24.7,24.7
1090.081,92,109.0,1783.0,31.0,29.0,16.58,83.5,21.0,24.7,24.7
1090.172,92,109.0,1783.0,31.0,29.0,16.58,83.5,21.0,14.1,24.7
1090.323,92,109.0,1783.0,31.0,29.0,16.58,83.5,21.0,14.1,14.5
1090.41,92,109.0,1783.0,31.0,29.0,16.58,83.5,21.0,14.1,14.5
1090.5,92,114.0,1783.0,31.0,29.0,16.58,83.5,21.0,14.1,14.5
1090.62,92,114.0,1662.0,31.0,29.0,16.58,83.5,21.0,14.1,14.5
1090.71,92,114.0,1662.0,28.0,29.0,16.58,83.5,21.0,14.1,14.5
1090.831,92,114.0,1662.0,28.0,29.0,16.58,83.5,21.0,14.1,14.5
1090.92,92,114.0,1662.0,28.0,29.0,24.08,83.5,21.0,14.1,14.5
1091.129,92,114.0,1662.0,28.0,29.0,24.08,83.5,21.0,14.1,14.5
1091.223,92,114.0,1662.0,28.0,29.0,24.08,83.5,21.0,14.1,14.5
1091.34,92,114.0,1662.0,28.0,29.0,24.08,83.5,21.0,14.1,14.5
1091.43,92,114.0,1662.0,28.0,29.0,24.08,83.5,21.0,14.1,14.5
1091.55,92,114.0,1662.0,28.0,29.0,24.08,83.5,21.0,14.1,14.5
1091.64,92,117.0,1662.0,28.0,29.0,24.08,83.5,21.0,14.1,14.5
1091.763,92,117.0,935.0,28.0,29.0,24.08,83.5,21.0,14.1,14.5
1091.85,92,117.0,935.0,25.0,29.0,24.08,83.5,21.0,14.1,14.5
1091.97,92,117.0,935.0,25.0,30.0,24.08,83.5,21.0,14.1,14.5
1092.06,92,117.0,935.0,25.0,30.0,9.38,83.5,21.0,14.1,14.5
1092.15,92,117.0,935.0,25.0,30.0,9.38,83.5,21.0,14.1,14.5
1092.241,92,117.0,935.0,25.0,30.0,9.38,83.5,21.0,14.1,14.5
1092.359,92,117.0,935.0,25.0,30.0,9.38,83.5,21.0,14.1,14.5
1092.449,92,117.0,935.0,25.0,30.0,9.38,83.5,21.0,14.1,14.5
1092.571,91,117.0,935.0,25.0,30.0,9.38,83.5,21.0,14.1,14.5
1092.663,91,108.0,935.0,25.0,30.0,9.38,83.5,21.0,14.1,14.5
1092.78,91,108.0,893.0,25.0,30.0,9.38,83.5,21.0,14.1,14.5
1092.872,91,108.0,893.0,20.0,30.0,9.38,83.5,21.0,14.1,14.5
1092.99,91,108.0,893.0,20.0,24.0,9.38,83.5,21.0,14.1,14.5
1093.112,91,108.0,893.0,20.0,24.0,8.69,83.5,21.0,14.1,14.5
1093.202,91,108.0,893.0,20.0,24.0,8.69,83.5,21.0,14.1,14.5
1093.29,91,108.0,893.0,20.0,24.0,8.69,83.5,21.0,14.1,14.5
1093.379,91,108.0,893.0,20.0,24.0,8.69,83.5,21.0,14.1,14.5
1093.499,91,108.0,893.0,20.0,24.0,8.69,83.5,21.0,14.1,14.5
1093.59,92,108.0,893.0,20.0,24.0,8.69,83.5,21.0,14.1,14.5
1093.71,92,106.0,893.0,20.0,24.0,8.69,83.5,21.0,14.1,14.5
1093.8,92,106.0,895.0,20.0,24.0,8.69,83.5,21.0,14.1,14.5
1093.921,92,106.0,895.0,13.0,24.0,8.69,83.5,21.0,14.1,14.5
1094.01,92,106.0,895.0,13.0,24.0,8.69,83.5,21.0,14.1,14.5
1094.101,92,106.0,895.0,13.0,24.0,8.24,83.5,21.0,14.1,14.5
1094.189,92,106.0,895.0,13.0,24.0,8.24,83.5,21.0,14.1,14.5
1094.31,92,106.0,895.0,13.0,24.0,8.24,83.5,21.0,14.1,14.5
1094.4,92,106.0,895.0,13.0,24.0,8.24,83.5,21.0,14.1,14.5
1094.55,92,106.0,895.0,13.0,24.0,8.24,83.5,21.0,14.1,14.5
1094.639,92,106.0,895.0,13.0,24.0,8.24,83.5,21.0,14.1,14.5
1094.759,92,105.0,895.0,13.0,24.0,8.24,83.5,21.0,14.1,14.5
1094.849,92,105.0,894.0,13.0,24.0,8.24,83.5,21.0,14.1,14.5
1094.969,92,105.0,894.0,7.0,24.0,8.24,83.5,21.0,14.1,14.5
1095.06,92,105.0,894.0,7.0,24.0,8.24,83.5,21.0,14.1,14.5
1095.149,92,105.0,894.0,7.0,24.0,8.27,83.5,21.0,14.1,14.5
1095.24,92,105.0,894.0,7.0,24.0,8.27,83.5,21.0,14.1,14.5
1095.359,92,105.0,894.0,7.0,24.0,8.27,83.5,21.0,14.1,14.5
1095.449,92,105.0,894.0,7.0,24.0,8.27,83.5,21.0,14.1,14.5
1095.57,92,105.0,894.0,7.0,24.0,8.27,83.5,21.0,14.1,14.5
1095.66,92,105.0,894.0,7.0,24.0,8.27,83.5,21.0,14.1,14.5
1095.809,92,104.0,894.0,7.0,24.0,8.27,83.5,21.0,14.1,14.5
1095.93,92,104.0,896.0,7.0,24.0,8.27,83.5,21.0,14.1,14.5
1096.023,92,104.0,896.0,3.0,24.0,8.27,83.5,21.0,14.1,14.5
1096.11,92,104.0,896.0,3.0,24.0,8.27,83.5,21.0,14.1,14.5
1096.2,92,104.0,896.0,3.0,24.0,8.3,83.5,21.0,14.1,14.5
1096.38,92,104.0,896.0,3.0,24.0,8.3,83.5,21.0,14.1,14.5
1096.53,92,104.0,896.0,3.0,24.0,8.3,83.5,21.0,14.1,14.5
1096.65,92,104.0,896.0,3.0,24.0,8.3,83.5,21.0,14.1,14.5
1096.74,92,104.0,896.0,3.0,24.0,8.3,83.5,21.0,14.1,14.5
1096.861,92,104.0,896.0,3.0,24.0,8.3,83.5,21.0,14.1,14.5
1096.952,92,104.0,896.0,3.0,24.0,8.3,83.5,21.0,14.1,14.5
1097.192,92,104.0,817.0,3.0,24.0,8.3,83.5,21.0,14.1,14.5
1097.28,92,104.0,817.0,2.0,24.0,8.3,83.5,21.0,14.1,14.5
1097.371,92,104.0,817.0,2.0,24.0,8.3,83.5,21.0,14.1,14.5
1097.461,92,104.0,817.0,2.0,24.0,7.22,83.5,21.0,14.1,14.5
1097.579,92,104.0,817.0,2.0,24.0,7.22,83.5,21.0,14.1,14.5
1097.67,92,104.0,817.0,2.0,24.0,7.22,83.5,21.0,14.1,14.5
1097.79,92,104.0,817.0,2.0,24.0,7.22,83.5,21.0,15.7,14.5
1097.88,92,104.0,817.0,2.0,24.0,7.22,83.5,21.0,15.7,15.3
1098.0,92,104.0,817.0,2.0,24.0,7.22,83.5,21.0,15.7,15.3
1098.239,92,103.0,817.0,2.0,24.0,7.22,83.5,21.0,15.7,15.3
1098.358,92,103.0,901.0,2.0,24.0,7.22,83.5,21.0,15.7,15.3
1098.448,92,103.0,901.0,1.0,24.0,7.22,83.5,21.0,15.7,15.3
1098.54,92,103.0,901.0,1.0,23.0,7.22,83.5,21.0,15.7,15.3
1098.629,92,103.0,901.0,1.0,23.0,8.86,83.5,21.0,15.7,15.3
1098.749,92,103.0,901.0,1.0,23.0,8.86,83.5,21.0,15.7,15.3
1098.839,92,103.0,901.0,1.0,23.0,8.86,83.5,21.0,15.7,15.3
1098.96,92,103.0,901.0,1.0,23.0,8.86,83.5,21.0,14.1,15.3
1099.05,92,103.0,901.0,1.0,23.0,8.86,83.5,21.0,14.1,14.5
1099.139,92,103.0,901.0,1.0,23.0,8.86,83.5,21.0,14.1,14.5
1099.275,92,105.0,901.0,1.0,23.0,8.86,83.5,21.0,14.1,14.5
1099.378,92,105.0,955.0,1.0,23.0,8.86,83.5,21.0,14.1,14.5
1099.469,92,105.0,955.0,2.0,23.0,8.86,83.5,21.0,14.1,14.5
1099.559,92,105.0,955.0,2.0,26.0,8.86,83.5,21.0,14.1,14.5
1099.649,92,105.0,955.0,2.0,26.0,8.83,83.5,21.0,14.1,14.5
1099.739,92,105.0,955.0,2.0,26.0,8.83,83.5,21.0,14.1,14.5
1099.859,92,105.0,955.0,2.0,26.0,8.83,83.5,21.0,14.1,14.5
1099.949,92,105.0,955.0,2.0,26.0,8.83,83.5,21.0,14.9,14.5
1100.039,92,105.0,955.0,2.0,26.0,8.83,83.5,21.0,14.9,14.5
1100.129,92,105.0,955.0,2.0,26.0,8.83,83.5,21.0,14.9,14.5
1100.22,92,106.0,955.0,2.0,26.0,8.83,83.5,21.0,14.9,14.5
1100.309,92,106.0,932.0,2.0,26.0,8.83,83.5,21.0,14.9,14.5
1100.429,92,106.0,932.0,3.0,26.0,8.83,83.5,21.0,14.9,14.5
1100.519,92,106.0,932.0,3.0,26.0,8.83,83.5,21.0,14.9,14.5
1100.61,92,106.0,932.0,3.0,26.0,8.63,83.5,21.0,14.9,14.5
1100.699,92,106.0,932.0,3.0,26.0,8.63,83.5,21.0,14.9,14.5
1100.789,92,106.0,932.0,3.0,26.0,8.63,83.5,21.0,14.9,14.5
1100.879,92,106.0,932.0,3.0,26.0,8.63,83.5,21.0,15.3,14.5
1100.968,92,106.0,932.0,3.0,26.0,8.63,83.5,21.0,15.3,14.9
1101.059,92,106.0,932.0,3.0,26.0,8.63,83.5,21.0,15.3,14.9
1101.149,92,106.0,932.0,3.0,26.0,8.63,83.5,21.0,15.3,14.9
1101.239,92,106.0,901.0,3.0,26.0,8.63,83.5,21.0,15.3,14.9
1101.329,92,106.0,901.0,4.0,26.0,8.63,83.5,21.0,15.3,14.9
1101.42,92,106.0,901.0,4.0,26.0,8.63,83.5,21.0,15.3,14.9
1101.51,92,106.0,901.0,4.0,26.0,9.52,83.5,21.0,15.3,14.9
1101.599,92,106.0,901.0,4.0,26.0,9.52,83.5,21.0,15.3,14.9
1101.689,92,106.0,901.0,4.0,26.0,9.52,83.5,21.0,15.3,14.9
1101.78,92,106.0,901.0,4.0,26.0,9.52,83.5,21.0,14.9,14.9
1101.869,92,106.0,901.0,4.0,26.0,9.52,83.5,21.0,14.9,14.9
1101.96,92,106.0,901.0,4.0,26.0,9.52,83.5,21.0,14.9,14.9
1102.05,92,107.0,901.0,4.0,26.0,9.52,83.5,21.0,14.9,14.9
1102.14,92,107.0,905.0,4.0,26.0,9.52,83.5,21.0,14.9,14.9
1102.23,92,107.0,905.0,7.0,26.0,9.52,83.5,21.0,14.9,14.9
1102.319,92,107.0,905.0,7.0,27.0,9.52,83.5,21.0,14.9,14.9
1102.409,92,107.0,905.0,7.0,27.0,10.02,83.5,21.0,14.9,14.9
1102.503,92,107.0,905.0,7.0,27.0,10.02,83.5,21.0,14.9,14.9
1102.62,92,107.0,905.0,7.0,27.0,10.02,83.5,21.0,14.9,14.9
1102.71,92,107.0,905.0,7.0,27.0,10.02,83.5,21.0,15.3,14.9
1102.801,92,107.0,905.0,7.0,27.0,10.02,83.5,21.0,15.3,14.9
1102.905,92,107.0,905.0,7.0,27.0,10.02,83.5,21.0,15.3,14.9
1102.981,92,108.0,905.0,7.0,27.0,10.02,83.5,21.0,15.3,14.9
1103.068,92,108.0,1005.0,7.0,27.0,10.02,83.5,21.0,15.3,14.9
1103.159,92,108.0,1005.0,9.0,27.0,10.02,83.5,21.0,15.3,14.9
1103.249,92,108.0,1005.0,9.0,28.0,10.02,83.5,21.0,15.3,14.9
1103.339,92,108.0,1005.0,9.0,28.0,8.72,83.5,21.0,15.3,14.9
1103.429,92,108.0,1005.0,9.0,28.0,8.72,83.5,21.0,15.3,14.9
1103.52,92,108.0,1005.0,9.0,28.0,8.72,83.5,21.0,15.3,14.9
1103.609,92,108.0,1005.0,9.0,28.0,8.72,83.5,21.0,18.8,14.9
1103.699,92,108.0,1005.0,9.0,28.0,8.72,83.5,21.0,18.8,18.8
1103.789,92,108.0,1005.0,9.0,28.0,8.72,83.5,21.0,18.8,18.8
1103.879,92,108.0,1005.0,9.0,28.0,8.72,83.5,21.0,18.8,18.8
1103.969,92,108.0,959.0,9.0,28.0,8.72,83.5,21.0,18.8,18.8
1104.059,92,108.0,959.0,8.0,28.0,8.72,83.5,21.0,18.8,18.8
1104.149,92,108.0,959.0,8.0,27.0,8.72,83.5,21.0,18.8,18.8
1104.239,92,108.0,959.0,8.0,27.0,9.97,83.5,21.0,18.8,18.8
1104.329,92,108.0,959.0,8.0,27.0,9.97,83.5,21.0,18.8,18.8
1104.419,92,108.0,959.0,8.0,27.0,9.97,83.5,21.0,18.8,18.8
1104.509,92,108.0,959.0,8.0,27.0,9.97,83.5,21.0,22.4,18.8
1104.599,92,108.0,959.0,8.0,27.0,9.97,83.5,21.0,22.4,22.0
1104.689,92,108.0,959.0,8.0,27.0,9.97,83.5,21.0,22.4,22.0
1104.779,92,109.0,959.0,8.0,27.0,9.97,83.5,21.0,22.4,22.0
1104.869,92,109.0,1036.0,8.0,27.0,9.97,83.5,21.0,22.4,22.0
1104.96,92,109.0,1036.0,9.0,27.0,9.97,83.5,21.0,22.4,22.0
1105.049,92,109.0,1036.0,9.0,28.0,9.97,83.5,21.0,22.4,22.0
1105.141,92,109.0,1036.0,9.0,28.0,10.24,83.5,21.0,22.4,22.0
1105.23,92,109.0,1036.0,9.0,28.0,10.24,83.5,21.0,22.4,22.0
1105.319,92,109.0,1036.0,9.0,28.0,10.24,83.5,21.0,22.4,22.0
1105.409,92,109.0,1036.0,9.0,28.0,10.24,83.5,21.0,18.4,22.0
1105.501,92,109.0,1036.0,9.0,28.0,10.24,83.5,21.0,18.4,18.4
1105.589,92,109.0,1036.0,9.0,28.0,10.24,83.5,21.0,18.4,18.4
1105.68,92,110.0,1036.0,9.0,28.0,10.24,83.5,21.0,18.4,18.4
1105.769,92,110.0,1038.0,9.0,28.0,10.24,83.5,21.0,18.4,18.4
1105.862,92,110.0,1038.0,9.0,28.0,10.24,83.5,21.0,18.4,18.4
1105.95,92,110.0,1038.0,9.0,28.0,10.24,83.5,21.0,18.4,18.4
1106.042,92,110.0,1038.0,9.0,28.0,8.77,83.5,21.0,18.4,18.4
1106.131,92,110.0,1038.0,9.0,28.0,8.77,83.5,21.0,18.4,18.4
1106.221,92,110.0,1038.0,9.0,28.0,8.77,83.5,21.0,18.4,18.4
1106.309,92,110.0,1038.0,9.0,28.0,8.77,83.5,21.0,14.1,18.4
1106.4,92,110.0,1038.0,9.0,28.0,8.77,83.5,21.0,14.1,14.5
1106.49,92,110.0,1038.0,9.0,28.0,8.77,83.5,21.0,14.1,14.5
1106.581,92,109.0,1038.0,9.0,28.0,8.77,83.5,21.0,14.1,14.5
1106.67,92,109.0,934.0,9.0,28.0,8.77,83.5,21.0,14.1,14.5
1106.761,92,109.0,934.0,8.0,28.0,8.77,83.5,21.0,14.1,14.5
1106.85,92,109.0,934.0,8.0,27.0,8.77,83.5,21.0,14.1,14.5
1106.94,92,109.0,934.0,8.0,27.0,8.83,83.5,21.0,14.1,14.5
1107.03,92,109.0,934.0,8.0,27.0,8.83,83.5,21.0,14.1,14.5
1107.121,92,109.0,934.0,8.0,27.0,8.83,83.5,21.0,14.1,14.5
1107.209,92,109.0,934.0,8.0,27.0,8.83,83.5,21.0,18.8,14.5
1107.302,92,109.0,934.0,8.0,27.0,8.83,83.5,21.0,18.8,18.8
1107.389,92,109.0,934.0,8.0,27.0,8.83,83.5,21.0,18.8,18.8
1107.48,92,107.0,934.0,8.0,27.0,8.83,83.5,21.0,18.8,18.8
1107.57,92,107.0,890.0,8.0,27.0,8.83,83.5,21.0,18.8,18.8
1107.661,92,107.0,890.0,8.0,27.0,8.83,83.5,21.0,18.8,18.8
1107.75,92,107.0,890.0,8.0,27.0,8.83,83.5,21.0,18.8,18.8
1107.841,92,107.0,890.0,8.0,27.0,10.33,83.5,21.0,18.8,18.8
1107.929,92,107.0,890.0,8.0,27.0,10.33,83.5,21.0,18.8,18.8
1108.02,92,107.0,890.0,8.0,27.0,10.33,83.5,21.0,18.8,18.8
1108.109,92,107.0,890.0,8.0,27.0,10.33,83.5,21.0,23.5,18.8
1108.201,92,107.0,890.0,8.0,27.0,10.33,83.5,21.0,23.5,23.5
1108.29,92,107.0,890.0,8.0,27.0,10.33,83.5,21.0,23.5,23.5
1108.41,92,108.0,890.0,8.0,27.0,10.33,83.5,21.0,23.5,23.5
1108.5,92,108.0,1057.0,8.0,27.0,10.33,83.5,21.0,23.5,23.5
1108.589,92,108.0,1057.0,9.0,27.0,10.33,83.5,21.0,23.5,23.5
1108.681,92,108.0,1057.0,9.0,27.0,10.33,83.5,21.0,23.5,23.5
1108.77,92,108.0,1057.0,9.0,27.0,11.72,83.5,21.0,23.5,23.5
1108.86,92,108.0,1057.0,9.0,27.0,11.72,83.5,21.0,23.5,23.5
1108.951,92,108.0,1057.0,9.0,27.0,11.72,83.5,21.0,23.5,23.5
1109.041,92,108.0,1057.0,9.0,27.0,11.72,83.5,21.0,29.4,23.5
1109.129,92,108.0,1057.0,9.0,27.0,11.72,83.5,21.0,29.4,29.8
1109.221,92,108.0,1057.0,9.0,27.0,11.72,83.5,21.0,29.4,29.8
1109.309,92,112.0,1057.0,9.0,27.0,11.72,83.5,21.0,29.4,29.8
1109.4,92,112.0,1240.0,9.0,27.0,11.72,83.5,21.0,29.4,29.8
1109.489,92,112.0,1240.0,11.0,27.0,11.72,83.5,21.0,29.4,29.8
1109.581,92,112.0,1240.0,11.0,29.0,11.72,83.5,21.0,29.4,29.8
1109.684,92,112.0,1240.0,11.0,29.0,13.05,83.5,21.0,29.4,29.8
1109.758,92,112.0,1240.0,11.0,29.0,13.05,83.5,21.0,29.4,29.8
1109.849,92,112.0,1240.0,11.0,29.0,13.05,83.5,21.0,29.4,29.8
1109.939,92,112.0,1240.0,11.0,29.0,13.05,83.5,21.0,31.0,29.8
1110.03,92,112.0,1240.0,11.0,29.0,13.05,83.5,21.0,31.0,31.0
1110.12,92,112.0,1240.0,11.0,29.0,13.05,83.5,21.0,31.0,31.0
1110.21,92,113.0,1240.0,11.0,29.0,13.05,83.5,21.0,31.0,31.0
1110.3,92,113.0,1355.0,11.0,29.0,13.05,83.5,21.0,31.0,31.0
1110.39,92,113.0,1355.0,12.0,29.0,13.05,83.5,21.0,31.0,31.0
1110.48,92,113.0,1355.0,12.0,30.0,13.05,83.5,21.0,31.0,31.0
1110.57,92,113.0,1355.0,12.0,30.0,13.74,83.5,21.0,31.0,31.0
1110.66,92,113.0,1355.0,12.0,30.0,13.74,83.5,21.0,31.0,31.0
1110.75,92,113.0,1355.0,12.0,30.0,13.74,83.5,21.0,31.0,31.0
1110.841,92,113.0,1355.0,12.0,30.0,13.74,83.5,21.0,32.9,31.0
1110.93,92,113.0,1355.0,12.0,30.0,13.74,83.5,21.0,32.9,32.9
1111.021,92,113.0,1355.0,12.0,30.0,13.74,83.5,21.0,32.9,32.9
1111.11,92,113.0,1355.0,12.0,30.0,13.74,83.5,21.0,32.9,32.9
1111.202,92,113.0,1443.0,12.0,30.0,13.74,83.5,21.0,32.9,32.9
1111.304,92,113.0,1443.0,13.0,30.0,13.74,83.5,21.0,32.9,32.9
1111.409,92,113.0,1443.0,13.0,31.0,13.74,83.5,21.0,32.9,32.9
1111.498,92,113.0,1443.0,13.0,31.0,16.33,83.5,21.0,32.9,32.9
1111.588,92,113.0,1443.0,13.0,31.0,16.33,83.5,21.0,32.9,32.9
1111.679,92,113.0,1443.0,13.0,31.0,16.33,83.5,21.0,32.9,32.9
1111.769,92,113.0,1443.0,13.0,31.0,16.33,83.5,21.0,34.1,32.9
1111.889,92,113.0,1443.0,13.0,31.0,16.33,83.5,21.0,34.1,34.5
1111.979,92,113.0,1443.0,13.0,31.0,16.33,83.5,21.0,34.1,34.5
1112.069,92,119.0,1443.0,13.0,31.0,16.33,83.5,21.0,34.1,34.5
1112.16,92,119.0,1562.0,13.0,31.0,16.33,83.5,21.0,34.1,34.5
1112.249,92,119.0,1562.0,14.0,31.0,16.33,83.5,21.0,34.1,34.5
1112.339,92,119.0,1562.0,14.0,31.0,16.33,83.5,21.0,34.1,34.5
1112.429,92,119.0,1562.0,14.0,31.0,16.63,83.5,21.0,34.1,34.5
1112.519,92,119.0,1562.0,14.0,31.0,16.63,83.5,21.0,34.1,34.5
1112.639,92,119.0,1562.0,14.0,31.0,16.63,83.5,21.0,34.1,34.5
1112.729,92,119.0,1562.0,14.0,31.0,16.63,83.5,21.0,34.5,34.5
1112.85,92,119.0,1562.0,14.0,31.0,16.63,83.5,21.0,34.5,34.9
1112.94,92,119.0,1562.0,14.0,31.0,16.63,83.5,21.0,34.5,34.9
1113.03,92,122.0,1562.0,14.0,31.0,16.63,83.5,21.0,34.5,34.9
1113.12,92,122.0,1621.0,14.0,31.0,16.63,83.5,21.0,34.5,34.9
1113.21,92,122.0,1621.0,14.0,31.0,16.63,83.5,21.0,34.5,34.9
1113.299,92,122.0,1621.0,14.0,31.0,16.63,83.5,21.0,34.5,34.9
1113.419,92,122.0,1621.0,14.0,31.0,18.63,83.5,21.0,34.5,34.9
1113.509,92,122.0,1621.0,14.0,31.0,18.63,83.5,21.0,34.5,34.9
1113.6,92,122.0,1621.0,14.0,31.0,18.63,83.5,21.0,34.5,34.9
1113.69,92,122.0,1621.0,14.0,31.0,18.63,83.5,21.0,38.0,34.9
1113.78,92,122.0,1621.0,14.0,31.0,18.63,83.5,21.0,38.0,38.4
1113.87,92,122.0,1621.0,14.0,31.0,18.63,83.5,21.0,38.0,38.4
1113.961,92,128.0,1621.0,14.0,31.0,18.63,83.5,21.0,38.0,38.4
1114.05,92,128.0,1763.0,14.0,31.0,18.63,83.5,21.0,38.0,38.4
1114.14,92,128.0,1763.0,15.0,31.0,18.63,83.5,21.0,38.0,38.4
1114.23,92,128.0,1763.0,15.0,32.0,18.63,83.5,21.0,38.0,38.4
1114.323,92,128.0,1763.0,15.0,32.0,22.44,83.5,21.0,38.0,38.4
1114.409,92,128.0,1763.0,15.0,32.0,22.44,83.5,21.0,38.0,38.4
1114.499,92,128.0,1763.0,15.0,32.0,22.44,83.5,21.0,38.0,38.4
1114.589,92,128.0,1763.0,15.0,32.0,22.44,83.5,21.0,37.6,38.4
1114.68,92,128.0,1763.0,15.0,32.0,22.44,83.5,21.0,37.6,38.4
1114.77,92,128.0,1763.0,15.0,32.0,22.44,83.5,21.0,37.6,38.4
1114.86,92,133.0,1763.0,15.0,32.0,22.44,83.5,21.0,37.6,38.4
1114.951,92,133.0,1892.0,15.0,32.0,22.44,83.5,21.0,37.6,38.4
1115.07,92,133.0,1892.0,17.0,32.0,22.44,83.5,21.0,37.6,38.4
1115.16,92,133.0,1892.0,17.0,32.0,22.44,83.5,21.0,37.6,38.4
1115.25,92,133.0,1892.0,17.0,32.0,24.27,83.5,21.0,37.6,38.4
1115.34,92,133.0,1892.0,17.0,32.0,24.27,83.5,21.0,37.6,38.4
1115.429,92,133.0,1892.0,17.0,32.0,24.27,83.5,21.0,37.6,38.4
1115.49,92,133.0,1892.0,17.0,32.0,24.27,83.5,21.0,37.6,38.4
1115.58,92,133.0,1892.0,17.0,32.0,24.27,83.5,21.0,37.6,38.0
1115.67,92,133.0,1892.0,17.0,32.0,24.27,83.5,21.0,37.6,38.0
1115.759,92,131.0,1892.0,17.0,32.0,24.27,83.5,21.0,37.6,38.0
1115.85,92,131.0,1985.0,17.0,32.0,24.27,83.5,21.0,37.6,38.0
1115.939,92,131.0,1985.0,17.0,32.0,24.27,83.5,21.0,37.6,38.0
1116.03,92,131.0,1985.0,17.0,32.0,24.27,83.5,21.0,37.6,38.0
1116.121,92,131.0,1985.0,17.0,32.0,24.52,83.5,21.0,37.6,38.0
1116.209,92,131.0,1985.0,17.0,32.0,24.52,83.5,21.0,37.6,38.0
1116.309,92,131.0,1985.0,17.0,32.0,24.52,83.5,21.0,37.6,38.0
1116.389,92,131.0,1985.0,17.0,32.0,24.52,83.5,21.0,38.0,38.0
1116.48,92,131.0,1985.0,17.0,32.0,24.52,83.5,21.0,38.0,38.4
1116.569,92,131.0,1985.0,17.0,32.0,24.52,83.5,21.0,38.0,38.4
1116.661,92,130.0,1985.0,17.0,32.0,24.52,83.5,21.0,38.0,38.4
1116.75,92,130.0,2004.0,17.0,32.0,24.52,83.5,21.0,38.0,38.4
1116.839,92,130.0,2004.0,18.0,32.0,24.52,83.5,21.0,38.0,38.4
1116.929,92,130.0,2004.0,18.0,32.0,24.52,83.5,21.0,38.0,38.4
1117.019,92,130.0,2004.0,18.0,32.0,24.72,83.5,21.0,38.0,38.4
1117.11,92,130.0,2004.0,18.0,32.0,24.72,83.5,21.0,38.0,38.4
1117.2,92,130.0,2004.0,18.0,32.0,24.72,83.5,21.0,38.0,38.4
1117.291,92,130.0,2004.0,18.0,32.0,24.72,83.5,21.0,38.0,38.4
1117.38,92,130.0,2004.0,18.0,32.0,24.72,83.5,21.0,38.0,38.4
1117.44,92,130.0,2004.0,18.0,32.0,24.72,83.5,21.0,38.0,38.4
1117.529,92,130.0,2004.0,18.0,32.0,24.72,83.5,21.0,38.0,38.4
1117.62,92,130.0,2041.0,18.0,32.0,24.72,83.5,21.0,38.0,38.4
1117.71,92,130.0,2041.0,18.0,32.0,24.72,83.5,21.0,38.0,38.4
1117.8,92,130.0,2041.0,18.0,32.0,24.72,83.5,21.0,38.0,38.4
1117.89,92,130.0,2041.0,18.0,32.0,25.58,83.5,21.0,38.0,38.4
1117.98,92,130.0,2041.0,18.0,32.0,25.58,83.5,21.0,38.0,38.4
1118.07,92,130.0,2041.0,18.0,32.0,25.58,83.5,21.0,38.0,38.4
1118.16,92,130.0,2041.0,18.0,32.0,25.58,83.5,21.0,37.6,38.4
1118.249,92,130.0,2041.0,18.0,32.0,25.58,83.5,21.0,37.6,38.0
1118.37,92,130.0,2041.0,18.0,32.0,25.58,83.5,21.0,37.6,38.0
1118.459,92,132.0,2041.0,18.0,32.0,25.58,83.5,21.0,37.6,38.0
1118.55,92,132.0,2091.0,18.0,32.0,25.58,83.5,21.0,37.6,38.0
1118.641,92,132.0,2091.0,18.0,32.0,25.58,83.5,21.0,37.6,38.0
1118.73,92,132.0,2091.0,18.0,32.0,25.58,83.5,21.0,37.6,38.0
1118.82,92,132.0,2091.0,18.0,32.0,26.83,83.5,21.0,37.6,38.0
1118.909,92,132.0,2091.0,18.0,32.0,26.83,83.5,21.0,37.6,38.0
1119.0,92,132.0,2091.0,18.0,32.0,26.83,83.5,21.0,37.6,38.0
1119.09,92,132.0,2091.0,18.0,32.0,26.83,83.5,21.0,36.5,38.0
1119.18,92,132.0,2091.0,18.0,32.0,26.83,83.5,21.0,36.5,36.9
1119.27,92,132.0,2091.0,18.0,32.0,26.83,83.5,21.0,36.5,36.9
1119.359,92,131.0,2091.0,18.0,32.0,26.83,83.5,21.0,36.5,36.9
1119.45,92,131.0,2095.0,18.0,32.0,26.83,83.5,21.0,36.5,36.9
1119.54,92,131.0,2095.0,18.0,32.0,26.83,83.5,21.0,36.5,36.9
1119.629,92,131.0,2095.0,18.0,33.0,26.83,83.5,21.0,36.5,36.9
1119.72,92,131.0,2095.0,18.0,33.0,26.11,83.5,21.0,36.5,36.9
1119.81,92,131.0,2095.0,18.0,33.0,26.11,83.5,21.0,36.5,36.9
1119.9,92,131.0,2095.0,18.0,33.0,26.11,83.5,21.0,36.5,36.9
1119.99,92,131.0,2095.0,18.0,33.0,26.11,83.5,21.0,35.7,36.9
1120.08,92,131.0,2095.0,18.0,33.0,26.11,83.5,21.0,35.7,35.7
1120.171,92,131.0,2095.0,18.0,33.0,26.11,83.5,21.0,35.7,35.7
1120.26,92,127.0,2095.0,18.0,33.0,26.11,83.5,21.0,35.7,35.7
1120.35,92,127.0,2053.0,18.0,33.0,26.11,83.5,21.0,35.7,35.7
1120.439,92,127.0,2053.0,18.0,33.0,26.11,83.5,21.0,35.7,35.7
1120.529,92,127.0,2053.0,18.0,32.0,26.11,83.5,21.0,35.7,35.7
1120.59,92,127.0,2053.0,18.0,32.0,23.77,83.5,21.0,35.7,35.7
1120.679,92,127.0,2053.0,18.0,32.0,23.77,83.5,21.0,35.7,35.7
1120.769,92,127.0,2053.0,18.0,32.0,23.77,83.5,21.0,35.7,35.7
1120.859,92,127.0,2053.0,18.0,32.0,23.77,83.5,21.0,34.5,35.7
1120.949,92,127.0,2053.0,18.0,32.0,23.77,83.5,21.0,34.5,34.9
1121.069,92,127.0,2053.0,18.0,32.0,23.77,83.5,21.0,34.5,34.9
1121.19,92,122.0,2053.0,18.0,32.0,23.77,83.5,21.0,34.5,34.9
1121.28,92,122.0,1937.0,18.0,32.0,23.77,83.5,21.0,34.5,34.9
1121.34,92,122.0,1937.0,17.0,32.0,23.77,83.5,21.0,34.5,34.9
1121.429,92,122.0,1937.0,17.0,31.0,23.77,83.5,21.0,34.5,34.9
1121.52,92,122.0,1937.0,17.0,31.0,19.08,83.5,21.0,34.5,34.9
1121.61,92,122.0,1937.0,17.0,31.0,19.08,83.5,21.0,34.5,34.9
1121.7,92,122.0,1937.0,17.0,31.0,19.08,83.5,21.0,34.5,34.9
1121.79,92,122.0,1937.0,17.0,31.0,19.08,83.5,21.0,14.1,34.9
1121.879,92,122.0,1937.0,17.0,31.0,19.08,83.5,21.0,14.1,14.5
1121.97,92,122.0,1937.0,17.0,31.0,19.08,83.5,21.0,14.1,14.5
1122.06,92,116.0,1937.0,17.0,31.0,19.08,83.5,21.0,14.1,14.5
1122.153,92,116.0,1167.0,17.0,31.0,19.08,83.5,21.0,14.1,14.5
1122.24,92,116.0,1167.0,14.0,31.0,19.08,83.5,21.0,14.1,14.5
1122.333,92,116.0,1167.0,14.0,29.0,19.08,83.5,21.0,14.1,14.5
1122.419,92,116.0,1167.0,14.0,29.0,7.52,83.5,21.0,14.1,14.5
1122.51,92,116.0,1167.0,14.0,29.0,7.52,83.5,21.0,14.1,14.5
1122.6,92,116.0,1167.0,14.0,29.0,7.52,83.5,21.0,14.1,14.5
1122.69,92,116.0,1167.0,14.0,29.0,7.52,83.5,21.0,14.1,14.5
1122.78,92,116.0,1167.0,14.0,29.0,7.52,83.5,21.0,14.1,14.1
1122.87,92,116.0,1167.0,14.0,29.0,7.52,83.5,21.0,14.1,14.1
1122.96,92,111.0,1167.0,14.0,29.0,7.52,83.5,21.0,14.1,14.1
1123.049,92,111.0,934.0,14.0,29.0,7.52,83.5,21.0,14.1,14.1
1123.139,92,111.0,934.0,10.0,29.0,7.52,83.5,21.0,14.1,14.1
1123.229,92,111.0,934.0,10.0,25.0,7.52,83.5,21.0,14.1,14.1
1123.29,92,111.0,934.0,10.0,25.0,8.91,83.5,21.0,14.1,14.1
1123.409,92,111.0,934.0,10.0,25.0,8.91,83.5,21.0,14.1,14.1
1123.499,92,111.0,934.0,10.0,25.0,8.91,83.5,21.0,14.1,14.1
1123.588,92,111.0,934.0,10.0,25.0,8.91,83.5,21.0,14.1,14.1
1123.678,92,111.0,934.0,10.0,25.0,8.91,83.5,21.0,14.1,14.5
1123.768,92,111.0,934.0,10.0,25.0,8.91,83.5,21.0,14.1,14.5
1123.858,92,107.0,934.0,10.0,25.0,8.91,83.5,21.0,14.1,14.5
1123.948,92,107.0,902.0,10.0,25.0,8.91,83.5,21.0,14.1,14.5
1124.037,92,107.0,902.0,6.0,25.0,8.91,83.5,21.0,14.1,14.5
1124.127,92,107.0,902.0,6.0,25.0,8.91,83.5,21.0,14.1,14.5
1124.217,92,107.0,902.0,6.0,25.0,8.72,83.5,21.0,14.1,14.5
1124.306,92,107.0,902.0,6.0,25.0,8.72,83.5,21.0,14.1,14.5
1124.396,92,107.0,902.0,6.0,25.0,8.72,83.5,21.0,14.1,14.5
1124.486,92,107.0,902.0,6.0,25.0,8.72,83.5,21.0,16.9,14.5
1124.577,92,107.0,902.0,6.0,25.0,8.72,83.5,21.0,16.9,17.3
1124.666,92,107.0,902.0,6.0,25.0,8.72,83.5,21.0,16.9,17.3
1124.756,92,106.0,902.0,6.0,25.0,8.72,83.5,21.0,16.9,17.3
1124.846,92,106.0,852.0,6.0,25.0,8.72,83.5,21.0,16.9,17.3
1124.936,92,106.0,852.0,3.0,25.0,8.72,83.5,21.0,16.9,17.3
1125.027,92,106.0,852.0,3.0,25.0,8.72,83.5,21.0,16.9,17.3
1125.117,92,106.0,852.0,3.0,25.0,8.11,83.5,21.0,16.9,17.3
1125.206,92,106.0,852.0,3.0,25.0,8.11,83.5,21.0,16.9,17.3
1125.296,92,106.0,852.0,3.0,25.0,8.11,83.5,21.0,16.9,17.3
1125.386,92,106.0,852.0,3.0,25.0,8.11,83.5,21.0,19.2,17.3
1125.476,92,106.0,852.0,3.0,25.0,8.11,83.5,21.0,19.2,18.8
1125.566,92,106.0,852.0,3.0,25.0,8.11,83.5,21.0,19.2,18.8
1125.658,92,105.0,852.0,3.0,25.0,8.11,83.5,21.0,19.2,18.8
1125.746,92,105.0,791.0,3.0,25.0,8.11,83.5,21.0,19.2,18.8
1125.836,92,105.0,791.0,2.0,25.0,8.11,83.5,21.0,19.2,18.8
1125.928,92,105.0,791.0,2.0,24.0,8.11,83.5,21.0,19.2,18.8
1126.017,92,105.0,791.0,2.0,24.0,7.66,83.5,21.0,19.2,18.8
1126.106,92,105.0,791.0,2.0,24.0,7.66,83.5,21.0,19.2,18.8
1126.196,92,105.0,791.0,2.0,24.0,7.66,83.5,21.0,19.2,18.8
1126.291,92,105.0,791.0,2.0,24.0,7.66,83.5,21.0,19.2,18.8
1126.376,92,105.0,791.0,2.0,24.0,7.66,83.5,21.0,19.2,18.8
1126.466,92,105.0,791.0,2.0,24.0,7.66,83.5,21.0,19.2,18.8
1126.556,92,104.0,791.0,2.0,24.0,7.66,83.5,21.0,19.2,18.8
1126.646,92,104.0,747.0,2.0,24.0,7.66,83.5,21.0,19.2,18.8
1126.736,92,104.0,747.0,2.0,24.0,7.66,83.5,21.0,19.2,18.8
1126.826,92,104.0,747.0,2.0,24.0,7.66,83.5,21.0,19.2,18.8
1126.916,92,104.0,747.0,2.0,24.0,8.19,83.5,21.0,19.2,18.8
1127.006,92,104.0,747.0,2.0,24.0,8.19,83.5,21.0,19.2,18.8
1127.096,92,104.0,747.0,2.0,24.0,8.19,83.5,21.0,19.2,18.8
1127.186,92,104.0,747.0,2.0,24.0,8.19,83.5,21.0,19.2,18.8
1127.28,92,104.0,747.0,2.0,24.0,8.19,83.5,21.0,19.2,19.2
1127.366,92,104.0,747.0,2.0,24.0,8.19,83.5,21.0,19.2,19.2
1127.487,92,104.0,747.0,2.0,24.0,8.19,83.5,21.0,19.2,19.2
1127.576,92,104.0,759.0,2.0,24.0,8.19,83.5,21.0,19.2,19.2
1127.667,92,104.0,759.0,2.0,24.0,8.19,83.5,21.0,19.2,19.2
1127.756,92,104.0,759.0,2.0,24.0,8.19,83.5,21.0,19.2,19.2
1127.846,92,104.0,759.0,2.0,24.0,7.94,83.5,21.0,19.2,19.2
1127.936,92,104.0,759.0,2.0,24.0,7.94,83.5,21.0,19.2,19.2
1128.026,92,104.0,759.0,2.0,24.0,7.94,83.5,21.0,19.2,19.2
1128.116,92,104.0,759.0,2.0,24.0,7.94,83.5,21.0,19.6,19.2
1128.207,92,104.0,759.0,2.0,24.0,7.94,83.5,21.0,19.6,19.2
1128.297,92,104.0,759.0,2.0,24.0,7.94,83.5,21.0,19.6,19.2
1128.416,92,104.0,759.0,2.0,24.0,7.94,83.5,21.0,19.6,19.2
1128.477,92,104.0,766.0,2.0,24.0,7.94,83.5,21.0,19.6,19.2
1128.567,92,104.0,766.0,2.0,24.0,7.94,83.5,21.0,19.6,19.2
1128.657,92,104.0,766.0,2.0,24.0,7.94,83.5,21.0,19.6,19.2
1128.747,92,104.0,766.0,2.0,24.0,8.16,83.5,21.0,19.6,19.2
1128.837,92,104.0,766.0,2.0,24.0,8.16,83.5,21.0,19.6,19.2
1128.926,92,104.0,766.0,2.0,24.0,8.16,83.5,21.0,19.6,19.2
1129.016,92,104.0,766.0,2.0,24.0,8.16,83.5,21.0,20.0,19.2
1129.107,92,104.0,766.0,2.0,24.0,8.16,83.5,21.0,20.0,20.0
1129.196,92,104.0,766.0,2.0,24.0,8.16,83.5,21.0,20.0,20.0
1129.287,92,104.0,766.0,2.0,24.0,8.16,83.5,21.0,20.0,20.0
1129.376,92,104.0,846.0,2.0,24.0,8.16,83.5,21.0,20.0,20.0
1129.466,92,104.0,846.0,4.0,24.0,8.16,83.5,21.0,20.0,20.0
1129.556,92,104.0,846.0,4.0,25.0,8.16,83.5,21.0,20.0,20.0
1129.646,92,104.0,846.0,4.0,25.0,11.33,83.5,21.0,20.0,20.0
1129.736,92,104.0,846.0,4.0,25.0,11.33,83.5,21.0,20.0,20.0
1129.827,92,104.0,846.0,4.0,25.0,11.33,83.5,21.0,20.0,20.0
1129.916,92,104.0,846.0,4.0,25.0,11.33,83.5,21.0,20.8,20.0
1130.007,92,104.0,846.0,4.0,25.0,11.33,83.5,21.0,20.8,20.4
1130.096,92,104.0,846.0,4.0,25.0,11.33,83.5,21.0,20.8,20.4
1130.186,92,106.0,846.0,4.0,25.0,11.33,83.5,21.0,20.8,20.4
1130.276,92,106.0,882.0,4.0,25.0,11.33,83.5,21.0,20.8,20.4
1130.365,92,106.0,882.0,8.0,25.0,11.33,83.5,21.0,20.8,20.4
1130.456,92,106.0,882.0,8.0,28.0,11.33,83.5,21.0,20.8,20.4
1130.546,92,106.0,882.0,8.0,28.0,13.38,83.5,21.0,20.8,20.4
1130.636,92,106.0,882.0,8.0,28.0,13.38,83.5,21.0,20.8,20.4
1130.727,92,106.0,882.0,8.0,28.0,13.38,83.5,21.0,20.8,20.4
1130.816,92,106.0,882.0,8.0,28.0,13.38,83.5,21.0,28.2,20.4
1130.906,92,106.0,882.0,8.0,28.0,13.38,83.5,21.0,28.2,31.4
1130.997,92,106.0,882.0,8.0,28.0,13.38,83.5,21.0,28.2,31.4
1131.086,92,110.0,882.0,8.0,28.0,13.38,83.5,21.0,28.2,31.4
1131.176,92,110.0,1259.0,8.0,28.0,13.38,83.5,21.0,28.2,31.4
1131.266,92,110.0,1259.0,11.0,28.0,13.38,83.5,21.0,28.2,31.4
1131.356,92,110.0,1259.0,11.0,29.0,13.38,83.5,21.0,28.2,31.4
1131.447,92,110.0,1259.0,11.0,29.0,22.52,83.5,21.0,28.2,31.4
1131.536,92,110.0,1259.0,11.0,29.0,22.52,83.5,21.0,28.2,31.4
1131.626,92,110.0,1259.0,11.0,29.0,22.52,83.5,21.0,28.2,31.4
1131.716,92,110.0,1259.0,11.0,29.0,22.52,83.5,21.0,41.6,31.4
1131.806,92,110.0,1259.0,11.0,29.0,22.52,83.5,21.0,41.6,42.0
1131.897,92,110.0,1259.0,11.0,29.0,22.52,83.5,21.0,41.6,42.0
1131.987,92,131.0,1259.0,11.0,29.0,22.52,83.5,21.0,41.6,42.0
1132.077,92,131.0,1876.0,11.0,29.0,22.52,83.5,21.0,41.6,42.0
1132.166,92,131.0,1876.0,17.0,29.0,22.52,83.5,21.0,41.6,42.0
1132.256,92,131.0,1876.0,17.0,32.0,22.52,83.5,21.0,41.6,42.0
1132.346,92,131.0,1876.0,17.0,32.0,28.66,83.5,21.0,41.6,42.0
1132.436,92,131.0,1876.0,17.0,32.0,28.66,83.5,21.0,41.6,42.0
1132.526,92,131.0,1876.0,17.0,32.0,28.66,83.5,21.0,41.6,42.0
1132.616,92,131.0,1876.0,17.0,32.0,28.66,83.5,21.0,14.1,42.0
1132.706,92,131.0,1876.0,17.0,32.0,28.66,83.5,21.0,14.1,14.5
1132.796,92,131.0,1876.0,17.0,32.0,28.66,83.5,21.0,14.1,14.5
1132.886,92,103.0,1876.0,17.0,32.0,28.66,83.5,21.0,14.1,14.5
1132.978,92,103.0,1530.0,17.0,32.0,28.66,83.5,21.0,14.1,14.5
1133.066,92,103.0,1530.0,18.0,32.0,28.66,83.5,21.0,14.1,14.5
1133.156,92,103.0,1530.0,18.0,34.0,28.66,83.5,21.0,14.1,14.5
1133.249,92,103.0,1530.0,18.0,34.0,21.74,83.5,21.0,14.1,14.5
1133.336,92,103.0,1530.0,18.0,34.0,21.74,37.3,21.0,14.1,14.5
1133.426,92,103.0,1530.0,18.0,34.0,21.74,37.3,21.0,14.1,14.5
1133.516,92,103.0,1530.0,18.0,34.0,21.74,37.3,21.0,26.7,14.5
1133.577,92,103.0,1530.0,18.0,34.0,21.74,37.3,21.0,26.7,26.7
1133.666,92,103.0,1530.0,18.0,34.0,21.74,37.3,21.0,26.7,26.7
1133.756,92,107.0,1530.0,18.0,34.0,21.74,37.3,21.0,26.7,26.7
1133.846,92,107.0,1148.0,18.0,34.0,21.74,37.3,21.0,26.7,26.7
1133.936,92,107.0,1148.0,19.0,34.0,21.74,37.3,21.0,26.7,26.7
1134.03,92,107.0,1148.0,19.0,31.0,21.74,37.3,21.0,26.7,26.7
1134.117,92,107.0,1148.0,19.0,31.0,12.05,37.3,21.0,26.7,26.7
1134.207,92,107.0,1148.0,19.0,31.0,12.05,83.5,21.0,26.7,26.7
1134.298,92,107.0,1148.0,19.0,31.0,12.05,83.5,21.0,26.7,26.7
1134.385,92,107.0,1148.0,19.0,31.0,12.05,83.5,21.0,14.1,26.7
1134.476,92,107.0,1148.0,19.0,31.0,12.05,83.5,21.0,14.1,14.5
1134.567,92,107.0,1148.0,19.0,31.0,12.05,83.5,21.0,14.1,14.5
1134.658,92,105.0,1148.0,19.0,31.0,12.05,83.5,21.0,14.1,14.5
1134.747,92,105.0,1160.0,19.0,31.0,12.05,83.5,21.0,14.1,14.5
1134.867,92,105.0,1160.0,20.0,31.0,12.05,83.5,21.0,14.1,14.5
1134.956,92,105.0,1160.0,20.0,28.0,12.05,83.5,21.0,14.1,14.5
1135.046,92,105.0,1160.0,20.0,28.0,10.33,83.5,21.0,14.1,14.5
1135.137,92,105.0,1160.0,20.0,28.0,10.33,83.5,21.0,14.1,14.5
1135.226,92,105.0,1160.0,20.0,28.0,10.33,83.5,21.0,14.1,14.5
1135.316,92,105.0,1160.0,20.0,28.0,10.33,83.5,21.0,14.1,14.5
1135.406,92,105.0,1160.0,20.0,28.0,10.33,83.5,21.0,14.1,14.5
1135.496,92,105.0,1160.0,20.0,28.0,10.33,83.5,21.0,14.1,14.5
1135.586,92,105.0,1160.0,20.0,28.0,10.33,83.5,21.0,14.1,14.5
1135.676,92,105.0,1071.0,20.0,28.0,10.33,83.5,21.0,14.1,14.5
1135.766,92,105.0,1071.0,18.0,28.0,10.33,83.5,21.0,14.1,14.5
1135.856,92,105.0,1071.0,18.0,28.0,10.33,83.5,21.0,14.1,14.5
1135.946,92,105.0,1071.0,18.0,28.0,16.97,83.5,21.0,14.1,14.5
1136.036,92,105.0,1071.0,18.0,28.0,16.97,83.5,21.0,14.1,14.5
1136.127,92,105.0,1071.0,18.0,28.0,16.97,83.5,21.0,14.1,14.5
1136.216,92,105.0,1071.0,18.0,28.0,16.97,83.5,21.0,14.1,14.5
1136.306,92,105.0,1071.0,18.0,28.0,16.97,83.5,21.0,14.1,14.5
1136.396,93,105.0,1071.0,18.0,28.0,16.97,83.5,21.0,14.1,14.5
1136.486,93,106.0,1071.0,18.0,28.0,16.97,83.5,21.0,14.1,14.5
1136.576,93,106.0,985.0,18.0,28.0,16.97,83.5,21.0,14.1,14.5
1136.666,93,106.0,985.0,17.0,28.0,16.97,83.5,21.0,14.1,14.5
1136.728,93,106.0,985.0,17.0,31.0,16.97,83.5,21.0,14.1,14.5
1136.816,93,106.0,985.0,17.0,31.0,15.91,83.5,21.0,14.1,14.5
1136.906,93,106.0,985.0,17.0,31.0,15.91,83.5,21.0,14.1,14.5
1136.997,93,106.0,985.0,17.0,31.0,15.91,83.5,21.0,14.1,14.5
1137.087,93,106.0,985.0,17.0,31.0,15.91,83.5,21.0,14.1,14.5
1137.176,93,106.0,985.0,17.0,31.0,15.91,83.5,21.0,14.1,14.5
1137.266,93,106.0,985.0,17.0,31.0,15.91,83.5,21.0,14.1,14.5
1137.356,93,106.0,985.0,17.0,31.0,15.91,83.5,21.0,14.1,14.5
1137.447,93,106.0,928.0,17.0,31.0,15.91,83.5,21.0,14.1,14.5
1137.539,93,106.0,928.0,16.0,31.0,15.91,83.5,21.0,14.1,14.5
1137.626,93,106.0,928.0,16.0,31.0,15.91,83.5,21.0,14.1,14.5
1137.716,93,106.0,928.0,16.0,31.0,14.13,83.5,21.0,14.1,14.5
1137.806,93,106.0,928.0,16.0,31.0,14.13,83.5,21.0,14.1,14.5
1137.897,93,106.0,928.0,16.0,31.0,14.13,83.5,21.0,14.1,14.5
1137.986,93,106.0,928.0,16.0,31.0,14.13,83.5,21.0,14.1,14.5
1138.076,93,106.0,928.0,16.0,31.0,14.13,83.5,21.0,14.1,14.5
1138.169,93,106.0,928.0,16.0,31.0,14.13,83.5,21.0,14.1,14.5
1138.256,93,104.0,928.0,16.0,31.0,14.13,83.5,21.0,14.1,14.5
1138.346,93,104.0,895.0,16.0,31.0,14.13,83.5,21.0,14.1,14.5
1138.436,93,104.0,895.0,15.0,31.0,14.13,83.5,21.0,14.1,14.5
1138.526,93,104.0,895.0,15.0,28.0,14.13,83.5,21.0,14.1,14.5
1138.616,93,104.0,895.0,15.0,28.0,8.74,83.5,21.0,14.1,14.5
1138.677,93,104.0,895.0,15.0,28.0,8.74,83.5,21.0,14.1,14.5
1138.767,93,104.0,895.0,15.0,28.0,8.74,83.5,21.0,14.1,14.5
1138.828,93,104.0,895.0,15.0,28.0,8.74,83.5,21.0,14.1,14.5
1138.916,93,104.0,895.0,15.0,28.0,8.74,83.5,21.0,14.1,14.5
1139.006,93,104.0,895.0,15.0,28.0,8.74,83.5,21.0,14.1,14.5
1139.096,93,104.0,895.0,15.0,28.0,8.74,83.5,21.0,14.1,14.5
1139.186,93,104.0,879.0,15.0,28.0,8.74,83.5,21.0,14.1,14.5
1139.281,93,104.0,879.0,15.0,28.0,8.74,83.5,21.0,14.1,14.5
1139.366,93,104.0,879.0,15.0,25.0,8.74,83.5,21.0,14.1,14.5
1139.487,93,104.0,879.0,15.0,25.0,8.16,83.5,21.0,14.1,14.5
1139.576,93,104.0,879.0,15.0,25.0,8.16,83.5,21.0,14.1,14.5
1139.666,93,104.0,879.0,15.0,25.0,8.16,83.5,21.0,14.1,14.5
1139.756,93,104.0,879.0,15.0,25.0,8.16,83.5,21.0,14.1,14.5
1139.846,93,104.0,879.0,15.0,25.0,8.16,83.5,21.0,14.1,14.5
1139.936,93,104.0,879.0,15.0,25.0,8.16,83.5,21.0,14.1,14.5
1140.026,93,104.0,879.0,15.0,25.0,8.16,83.5,21.0,14.1,14.5
1140.116,93,104.0,890.0,15.0,25.0,8.16,83.5,21.0,14.1,14.5
1140.206,93,104.0,890.0,15.0,25.0,8.16,83.5,21.0,14.1,14.5
1140.296,93,104.0,890.0,15.0,26.0,8.16,83.5,21.0,14.1,14.5
1140.416,93,104.0,890.0,15.0,26.0,7.99,83.5,21.0,14.1,14.5
1140.506,93,104.0,890.0,15.0,26.0,7.99,83.5,21.0,14.1,14.5
1140.596,93,104.0,890.0,15.0,26.0,7.99,83.5,21.0,14.1,14.5
1140.686,93,104.0,890.0,15.0,26.0,7.99,83.5,21.0,14.1,14.5
1140.776,93,104.0,890.0,15.0,26.0,7.99,83.5,21.0,14.1,14.5
1140.866,93,104.0,890.0,15.0,26.0,7.99,83.5,21.0,14.1,14.5
1140.957,93,104.0,890.0,15.0,26.0,7.99,83.5,21.0,14.1,14.5
1141.047,93,104.0,885.0,15.0,26.0,7.99,83.5,21.0,14.1,14.5
1141.138,93,104.0,885.0,14.0,26.0,7.99,83.5,21.0,14.1,14.5
1141.226,93,104.0,885.0,14.0,26.0,7.99,83.5,21.0,14.1,14.5
1141.316,93,104.0,885.0,14.0,26.0,8.33,83.5,21.0,14.1,14.5
1141.406,93,104.0,885.0,14.0,26.0,8.33,83.5,21.0,14.1,14.5
1141.496,93,104.0,885.0,14.0,26.0,8.33,83.5,21.0,14.1,14.5
1141.587,93,104.0,885.0,14.0,26.0,8.33,83.5,21.0,14.1,14.5
1141.676,93,104.0,885.0,14.0,26.0,8.33,83.5,21.0,14.1,14.5
1141.766,93,104.0,885.0,14.0,26.0,8.33,83.5,21.0,14.1,14.5
1141.829,93,104.0,885.0,14.0,26.0,8.33,83.5,21.0,14.1,14.5
1141.916,93,104.0,891.0,14.0,26.0,8.33,83.5,21.0,14.1,14.5
1141.98,93,104.0,891.0,13.0,26.0,8.33,83.5,21.0,14.1,14.5
1142.068,93,104.0,891.0,13.0,26.0,8.33,83.5,21.0,14.1,14.5
1142.156,93,104.0,891.0,13.0,26.0,8.27,83.5,21.0,14.1,14.5
1142.246,93,104.0,891.0,13.0,26.0,8.27,83.5,21.0,14.1,14.5
1142.335,93,104.0,891.0,13.0,26.0,8.27,83.5,21.0,14.1,14.5
1142.426,93,104.0,891.0,13.0,26.0,8.27,83.5,21.0,14.1,14.5
1142.517,93,104.0,891.0,13.0,26.0,8.27,83.5,21.0,14.1,14.5
1142.606,93,104.0,891.0,13.0,26.0,8.27,83.5,21.0,14.1,14.5
1142.696,93,104.0,891.0,13.0,26.0,8.27,83.5,21.0,14.1,14.5
1142.787,93,104.0,895.0,13.0,26.0,8.27,83.5,21.0,14.1,14.5
1142.876,93,104.0,895.0,11.0,26.0,8.27,83.5,21.0,14.1,14.5
1142.967,93,104.0,895.0,11.0,26.0,8.27,83.5,21.0,14.1,14.5
1143.027,93,104.0,895.0,11.0,26.0,8.24,83.5,21.0,14.1,14.5
1143.116,93,104.0,895.0,11.0,26.0,8.24,83.5,21.0,14.1,14.5
1143.207,93,104.0,895.0,11.0,26.0,8.24,83.5,21.0,14.1,14.5
1143.296,93,104.0,895.0,11.0,26.0,8.24,83.5,21.0,14.1,14.5
1143.417,93,104.0,895.0,11.0,26.0,8.24,83.5,21.0,14.1,14.5
1143.477,93,104.0,895.0,11.0,26.0,8.24,83.5,21.0,14.1,14.5
1143.596,93,104.0,895.0,11.0,26.0,8.24,83.5,21.0,14.1,14.5
1143.687,93,104.0,897.0,11.0,26.0,8.24,83.5,21.0,14.1,14.5
1143.776,93,104.0,897.0,9.0,26.0,8.24,83.5,21.0,14.1,14.5
1143.867,93,104.0,897.0,9.0,27.0,8.24,83.5,21.0,14.1,14.5
1143.928,93,104.0,897.0,9.0,27.0,8.33,83.5,21.0,14.1,14.5
1144.016,93,104.0,897.0,9.0,27.0,8.33,83.5,21.0,14.1,14.5
1144.106,93,104.0,897.0,9.0,27.0,8.33,83.5,21.0,14.1,14.5
1144.196,93,104.0,897.0,9.0,27.0,8.33,83.5,21.0,14.1,14.5
1144.29,93,104.0,897.0,9.0,27.0,8.33,83.5,21.0,14.1,14.1
1144.376,93,104.0,897.0,9.0,27.0,8.33,83.5,21.0,14.1,14.1
1144.467,93,104.0,897.0,9.0,27.0,8.33,83.5,21.0,14.1,14.1
1144.557,93,104.0,898.0,9.0,27.0,8.33,83.5,21.0,14.1,14.1
1144.646,93,104.0,898.0,7.0,27.0,8.33,83.5,21.0,14.1,14.1
1144.736,93,104.0,898.0,7.0,27.0,8.33,83.5,21.0,14.1,14.1
1144.826,93,104.0,898.0,7.0,27.0,8.36,83.5,21.0,14.1,14.1
1144.917,93,104.0,898.0,7.0,27.0,8.36,83.5,21.0,14.1,14.1
1144.978,93,104.0,898.0,7.0,27.0,8.36,83.5,21.0,14.1,14.1
1145.067,93,104.0,898.0,7.0,27.0,8.36,83.5,21.0,14.1,14.1
1145.129,93,104.0,898.0,7.0,27.0,8.36,83.5,21.0,14.1,14.5
1145.218,93,104.0,898.0,7.0,27.0,8.36,83.5,21.0,14.1,14.5
1145.306,93,104.0,898.0,7.0,27.0,8.36,83.5,21.0,14.1,14.5
1145.396,93,104.0,899.0,7.0,27.0,8.36,83.5,21.0,14.1,14.5
1145.486,93,104.0,899.0,4.0,27.0,8.36,83.5,21.0,14.1,14.5
1145.576,93,104.0,899.0,4.0,27.0,8.36,83.5,21.0,14.1,14.5
1145.667,93,104.0,899.0,4.0,27.0,8.19,83.5,21.0,14.1,14.5
1145.728,93,104.0,899.0,4.0,27.0,8.19,83.5,21.0,14.1,14.5
1145.816,93,104.0,899.0,4.0,27.0,8.19,83.5,21.0,14.1,14.5
1145.877,93,104.0,899.0,4.0,27.0,8.19,83.5,21.0,14.1,14.5
1145.966,93,104.0,899.0,4.0,27.0,8.19,83.5,21.0,14.1,14.5
1146.056,93,104.0,899.0,4.0,27.0,8.19,83.5,21.0,14.1,14.5
1146.147,93,104.0,899.0,4.0,27.0,8.19,83.5,21.0,14.1,14.5
1146.236,93,104.0,859.0,4.0,27.0,8.19,83.5,21.0,14.1,14.5
1146.326,93,104.0,859.0,2.0,27.0,8.19,83.5,21.0,14.1,14.5
1146.416,93,104.0,859.0,2.0,27.0,8.19,83.5,21.0,14.1,14.5
1146.507,93,104.0,859.0,2.0,27.0,7.97,83.5,21.0,14.1,14.5
1146.597,93,104.0,859.0,2.0,27.0,7.97,83.5,21.0,14.1,14.5
1146.686,93,104.0,859.0,2.0,27.0,7.97,83.5,21.0,14.1,14.5
1146.776,93,104.0,859.0,2.0,27.0,7.97,83.5,21.0,14.1,14.5
1146.866,93,104.0,859.0,2.0,27.0,7.97,83.5,21.0,14.1,14.5
1146.928,93,104.0,859.0,2.0,27.0,7.97,83.5,21.0,14.1,14.5
1147.016,93,104.0,859.0,2.0,27.0,7.97,83.5,21.0,14.1,14.5
1147.078,93,104.0,771.0,2.0,27.0,7.97,83.5,21.0,14.1,14.5
1147.167,93,104.0,771.0,2.0,27.0,7.97,83.5,21.0,14.1,14.5
1147.271,93,104.0,771.0,2.0,27.0,7.97,83.5,21.0,14.1,14.5
1147.346,93,104.0,771.0,2.0,27.0,7.38,83.5,21.0,14.1,14.5
1147.436,93,104.0,771.0,2.0,27.0,7.38,83.5,21.0,14.1,14.5
1147.527,93,104.0,771.0,2.0,27.0,7.38,83.5,21.0,14.1,14.5
1147.616,93,104.0,771.0,2.0,27.0,7.38,83.5,21.0,14.1,14.5
1147.706,93,104.0,771.0,2.0,27.0,7.38,83.5,21.0,14.1,14.5
1147.768,93,104.0,771.0,2.0,27.0,7.38,83.5,21.0,14.1,14.5
1147.828,93,103.0,771.0,2.0,27.0,7.38,83.5,21.0,14.1,14.5
1147.918,93,103.0,767.0,2.0,27.0,7.38,83.5,21.0,14.1,14.5
1147.979,93,103.0,767.0,1.0,27.0,7.38,83.5,21.0,14.1,14.5
1148.066,93,103.0,767.0,1.0,25.0,7.38,83.5,21.0,14.1,14.5
1148.128,93,103.0,767.0,1.0,25.0,7.05,83.5,21.0,14.1,14.5
1148.216,93,103.0,767.0,1.0,25.0,7.05,83.5,21.0,14.1,14.5
1148.278,93,103.0,767.0,1.0,25.0,7.05,83.5,21.0,14.1,14.5
1148.366,93,103.0,767.0,1.0,25.0,7.05,83.5,21.0,14.1,14.5
1148.456,93,103.0,767.0,1.0,25.0,7.05,83.5,21.0,14.1,14.5
1148.546,93,103.0,767.0,1.0,25.0,7.05,83.5,21.0,14.1,14.5
1148.636,93,102.0,767.0,1.0,25.0,7.05,83.5,21.0,14.1,14.5
1148.726,93,102.0,768.0,1.0,25.0,7.05,83.5,21.0,14.1,14.5
1148.817,93,102.0,768.0,0.0,25.0,7.05,83.5,21.0,14.1,14.5
1148.878,93,102.0,768.0,0.0,26.0,7.05,83.5,21.0,14.1,14.5
1148.968,93,102.0,768.0,0.0,26.0,7.02,83.5,21.0,14.1,14.5
1149.027,93,102.0,768.0,0.0,26.0,7.02,83.5,21.0,14.1,14.5
1149.116,93,102.0,768.0,0.0,26.0,7.02,83.5,21.0,14.1,14.5
1149.178,93,102.0,768.0,0.0,26.0,7.02,83.5,21.0,14.1,14.5
1149.266,93,102.0,768.0,0.0,26.0,7.02,83.5,21.0,14.1,14.5
1149.329,93,102.0,768.0,0.0,26.0,7.02,83.5,21.0,14.1,14.5
1149.416,93,102.0,768.0,0.0,26.0,7.02,83.5,21.0,14.1,14.5
1149.477,93,102.0,770.0,0.0,26.0,7.02,83.5,21.0,14.1,14.5
1149.567,93,102.0,770.0,0.0,26.0,7.02,83.5,21.0,14.1,14.5
1149.656,93,102.0,770.0,0.0,26.0,7.02,83.5,21.0,14.1,14.5
1149.747,93,102.0,770.0,0.0,26.0,7.02,83.5,21.0,14.1,14.5
1149.837,93,102.0,770.0,0.0,26.0,7.02,83.5,21.0,14.1,14.5
1149.926,93,102.0,770.0,0.0,26.0,7.02,83.5,21.0,14.1,14.5
1150.019,93,102.0,770.0,0.0,26.0,7.02,83.5,21.0,14.1,14.5
1150.077,93,102.0,770.0,0.0,26.0,7.02,83.5,21.0,14.1,14.5
1150.166,93,102.0,770.0,0.0,26.0,7.02,83.5,21.0,14.1,14.5
1150.228,93,102.0,770.0,0.0,26.0,7.02,83.5,21.0,14.1,14.5
1150.318,93,102.0,766.0,0.0,26.0,7.02,83.5,21.0,14.1,14.5
1150.377,93,102.0,766.0,0.0,26.0,7.02,83.5,21.0,14.1,14.5
1150.466,93,102.0,766.0,0.0,26.0,7.02,83.5,21.0,14.1,14.5
1150.527,93,102.0,766.0,0.0,26.0,7.22,83.5,21.0,14.1,14.5
1150.617,93,102.0,766.0,0.0,26.0,7.22,83.5,21.0,14.1,14.5
1150.677,93,102.0,766.0,0.0,26.0,7.22,83.5,21.0,14.1,14.5
1150.767,93,102.0,766.0,0.0,26.0,7.22,83.5,21.0,14.1,14.5
1150.828,93,102.0,766.0,0.0,26.0,7.22,83.5,21.0,14.1,14.5
1150.918,93,102.0,766.0,0.0,26.0,7.22,83.5,21.0,14.1,14.5
1150.978,93,102.0,766.0,0.0,26.0,7.22,83.5,21.0,14.1,14.5
1151.067,93,102.0,770.0,0.0,26.0,7.22,83.5,21.0,14.1,14.5
1151.129,93,102.0,770.0,0.0,26.0,7.22,83.5,21.0,14.1,14.5
1151.217,93,102.0,770.0,0.0,26.0,7.22,83.5,21.0,14.1,14.5
1151.307,93,102.0,770.0,0.0,26.0,7.02,83.5,21.0,14.1,14.5
1151.367,93,102.0,770.0,0.0,26.0,7.02,83.5,21.0,14.1,14.5
1151.427,93,102.0,770.0,0.0,26.0,7.02,83.5,21.0,14.1,14.5
1151.516,93,102.0,770.0,0.0,26.0,7.02,83.5,21.0,14.1,14.5
1151.577,93,102.0,770.0,0.0,26.0,7.02,83.5,21.0,14.1,14.5
1151.667,93,102.0,770.0,0.0,26.0,7.02,83.5,21.0,14.1,14.5
1151.729,93,102.0,770.0,0.0,26.0,7.02,83.5,21.0,14.1,14.5
1151.816,93,102.0,768.0,0.0,26.0,7.02,83.5,21.0,14.1,14.5
1151.878,93,102.0,768.0,0.0,26.0,7.02,83.5,21.0,14.1,14.5
1151.966,93,102.0,768.0,0.0,27.0,7.02,83.5,21.0,14.1,14.5
1152.027,93,102.0,768.0,0.0,27.0,7.05,83.5,21.0,14.1,14.5
1152.118,93,102.0,768.0,0.0,27.0,7.05,83.5,21.0,14.1,14.5
1152.178,93,102.0,768.0,0.0,27.0,7.05,83.5,21.0,14.1,14.5
1152.266,93,102.0,768.0,0.0,27.0,7.05,83.5,21.0,14.1,14.5
1152.328,93,102.0,768.0,0.0,27.0,7.05,83.5,21.0,14.1,14.5
1152.42,93,102.0,768.0,0.0,27.0,7.05,83.5,21.0,14.1,14.5
1152.477,93,102.0,768.0,0.0,27.0,7.05,83.5,21.0,14.1,14.5
1152.567,93,102.0,770.0,0.0,27.0,7.05,83.5,21.0,14.1,14.5
1152.627,93,102.0,770.0,0.0,27.0,7.05,83.5,21.0,14.1,14.5
1152.716,93,102.0,770.0,0.0,27.0,7.05,83.5,21.0,14.1,14.5
1152.777,93,102.0,770.0,0.0,27.0,6.97,83.5,21.0,14.1,14.5
1152.866,93,102.0,770.0,0.0,27.0,6.97,83.5,21.0,14.1,14.5
1152.929,93,102.0,770.0,0.0,27.0,6.97,83.5,21.0,14.1,14.5
1153.016,93,102.0,770.0,0.0,27.0,6.97,83.5,21.0,14.1,14.5
1153.079,93,102.0,770.0,0.0,27.0,6.97,83.5,21.0,14.1,14.1
1153.166,93,102.0,770.0,0.0,27.0,6.97,83.5,21.0,14.1,14.1
1153.227,93,102.0,770.0,0.0,27.0,6.97,83.5,21.0,14.1,14.1
1153.317,93,102.0,768.0,0.0,27.0,6.97,83.5,21.0,14.1,14.1
1153.377,93,102.0,768.0,0.0,27.0,6.97,83.5,21.0,14.1,14.1
1153.467,93,102.0,768.0,0.0,27.0,6.97,83.5,21.0,14.1,14.1
1153.528,93,102.0,768.0,0.0,27.0,6.86,83.5,21.0,14.1,14.1
1153.616,93,102.0,768.0,0.0,27.0,6.86,83.5,21.0,14.1,14.1
1153.706,93,102.0,768.0,0.0,27.0,6.86,83.5,21.0,14.1,14.1
1153.768,93,102.0,768.0,0.0,27.0,6.86,83.5,21.0,14.1,14.1
1153.828,93,102.0,768.0,0.0,27.0,6.86,83.5,21.0,14.1,14.5
1153.916,93,102.0,768.0,0.0,27.0,6.86,83.5,21.0,14.1,14.5
1153.978,93,102.0,768.0,0.0,27.0,6.86,83.5,21.0,14.1,14.5
1154.067,93,102.0,768.0,0.0,27.0,6.86,83.5,21.0,14.1,14.5
1154.129,93,102.0,768.0,0.0,27.0,6.86,83.5,21.0,14.1,14.5
1154.217,93,102.0,768.0,0.0,27.0,6.86,83.5,21.0,14.1,14.5
1154.278,93,102.0,768.0,0.0,27.0,7.27,83.5,21.0,14.1,14.5
1154.366,93,102.0,768.0,0.0,27.0,7.27,83.5,21.0,14.1,14.5
1154.456,93,102.0,768.0,0.0,27.0,7.27,83.5,21.0,14.1,14.5
1154.517,93,102.0,768.0,0.0,27.0,7.27,83.5,21.0,14.1,14.5
1154.578,93,102.0,768.0,0.0,27.0,7.27,83.5,21.0,14.1,14.5
1154.666,93,102.0,768.0,0.0,27.0,7.27,83.5,21.0,14.1,14.5
1154.756,93,102.0,768.0,0.0,27.0,7.27,83.5,21.0,14.1,14.5
1154.847,93,102.0,770.0,0.0,27.0,7.27,83.5,21.0,14.1,14.5
1154.937,93,102.0,770.0,0.0,27.0,7.27,83.5,21.0,14.1,14.5
1155.027,93,102.0,770.0,0.0,27.0,7.27,83.5,21.0,14.1,14.5
1155.117,93,102.0,770.0,0.0,27.0,7.19,83.5,21.0,14.1,14.5
1155.206,93,102.0,770.0,0.0,27.0,7.19,83.5,21.0,14.1,14.5
1155.268,93,102.0,770.0,0.0,27.0,7.19,83.5,21.0,14.1,14.5
1155.365,93,102.0,770.0,0.0,27.0,7.19,83.5,21.0,14.1,14.5
1155.418,93,102.0,770.0,0.0,27.0,7.19,83.5,21.0,14.1,14.5
1155.506,93,102.0,770.0,0.0,27.0,7.19,83.5,21.0,14.1,14.5
1155.596,93,102.0,770.0,0.0,27.0,7.19,83.5,21.0,14.1,14.5
1155.686,93,102.0,769.0,0.0,27.0,7.19,83.5,21.0,14.1,14.5
1155.778,93,102.0,769.0,0.0,27.0,7.19,83.5,21.0,14.1,14.5
1155.866,93,102.0,769.0,0.0,27.0,7.19,83.5,21.0,14.1,14.5
1155.956,93,102.0,769.0,0.0,27.0,7.13,83.5,21.0,14.1,14.5
1156.017,93,102.0,769.0,0.0,27.0,7.13,83.5,21.0,14.1,14.5
1156.106,93,102.0,769.0,0.0,27.0,7.13,83.5,21.0,14.1,14.5
1156.167,93,102.0,769.0,0.0,27.0,7.13,83.5,21.0,14.1,14.5
1156.257,93,102.0,769.0,0.0,27.0,7.13,83.5,21.0,14.1,14.5
1156.349,93,102.0,769.0,0.0,27.0,7.13,83.5,21.0,14.1,14.5
1156.436,93,102.0,769.0,0.0,27.0,7.13,83.5,21.0,14.1,14.5
1156.526,93,102.0,771.0,0.0,27.0,7.13,83.5,21.0,14.1,14.5
1156.617,93,102.0,771.0,0.0,27.0,7.13,83.5,21.0,14.1,14.5
1156.708,93,102.0,771.0,0.0,27.0,7.13,83.5,21.0,14.1,14.5
1156.797,93,102.0,771.0,0.0,27.0,6.88,83.5,21.0,14.1,14.5
1156.886,93,102.0,771.0,0.0,27.0,6.88,83.5,21.0,14.1,14.5
1156.976,93,102.0,771.0,0.0,27.0,6.88,83.5,21.0,14.1,14.5
1157.067,93,102.0,771.0,0.0,27.0,6.88,83.5,21.0,14.1,14.5
1157.156,93,102.0,771.0,0.0,27.0,6.88,83.5,21.0,14.1,14.5
1157.221,93,102.0,771.0,0.0,27.0,6.88,83.5,21.0,14.1,14.5
1157.306,93,102.0,771.0,0.0,27.0,6.88,83.5,21.0,14.1,14.5
1157.369,93,102.0,771.0,0.0,27.0,6.88,83.5,21.0,14.1,14.5
1157.456,93,102.0,771.0,0.0,27.0,6.88,83.5,21.0,14.1,14.5
1157.546,93,102.0,771.0,0.0,27.0,6.88,83.5,21.0,14.1,14.5
1157.637,93,102.0,771.0,0.0,27.0,7.3,83.5,21.0,14.1,14.5
1157.726,93,102.0,771.0,0.0,27.0,7.3,83.5,21.0,14.1,14.5
1157.816,93,102.0,771.0,0.0,27.0,7.3,83.5,21.0,14.1,14.5
1157.906,93,102.0,771.0,0.0,27.0,7.3,83.5,21.0,14.1,14.5
1157.967,93,102.0,771.0,0.0,27.0,7.3,83.5,21.0,14.1,14.5
1158.056,93,102.0,771.0,0.0,27.0,7.3,83.5,21.0,14.1,14.5
1158.118,93,102.0,771.0,0.0,27.0,7.3,83.5,21.0,14.1,14.5
1158.207,93,102.0,772.0,0.0,27.0,7.3,83.5,21.0,14.1,14.5
1158.297,93,102.0,772.0,0.0,27.0,7.3,83.5,21.0,14.1,14.5
1158.386,93,102.0,772.0,0.0,27.0,7.3,83.5,21.0,14.1,14.5
1158.476,93,102.0,772.0,0.0,27.0,7.22,83.5,21.0,14.1,14.5
1158.567,93,102.0,772.0,0.0,27.0,7.22,83.5,21.0,14.1,14.5
1158.656,93,102.0,772.0,0.0,27.0,7.22,83.5,21.0,14.1,14.5
1158.748,93,102.0,772.0,0.0,27.0,7.22,83.5,21.0,14.1,14.5
1158.837,93,102.0,772.0,0.0,27.0,7.22,83.5,21.0,14.1,14.5
1158.926,93,102.0,772.0,0.0,27.0,7.22,83.5,21.0,14.1,14.5
1159.017,93,102.0,772.0,0.0,27.0,7.22,83.5,21.0,14.1,14.5
1159.107,93,102.0,770.0,0.0,27.0,7.22,83.5,21.0,14.1,14.5
1159.168,93,102.0,770.0,0.0,27.0,7.22,83.5,21.0,14.1,14.5
1159.257,93,102.0,770.0,0.0,27.0,7.22,83.5,21.0,14.1,14.5
1159.318,93,102.0,770.0,0.0,27.0,7.41,83.5,21.0,14.1,14.5
1159.406,93,102.0,770.0,0.0,27.0,7.41,83.5,21.0,14.1,14.5
1159.496,93,102.0,770.0,0.0,27.0,7.41,83.5,21.0,14.1,14.5
1159.586,93,102.0,770.0,0.0,27.0,7.41,83.5,21.0,14.1,14.5
1159.676,93,102.0,770.0,0.0,27.0,7.41,83.5,21.0,14.1,14.5
1159.766,93,102.0,770.0,0.0,27.0,7.41,83.5,21.0,14.1,14.5
1159.857,93,102.0,770.0,0.0,27.0,7.41,83.5,21.0,14.1,14.5
1159.948,93,102.0,771.0,0.0,27.0,7.41,83.5,21.0,14.1,14.5
1160.008,93,102.0,771.0,0.0,27.0,7.41,83.5,21.0,14.1,14.5
1160.069,93,102.0,771.0,0.0,27.0,7.41,83.5,21.0,14.1,14.5
1160.157,93,102.0,771.0,0.0,27.0,7.27,83.5,21.0,14.1,14.5
1160.246,93,102.0,771.0,0.0,27.0,7.27,83.5,21.0,14.1,14.5
1160.337,93,102.0,771.0,0.0,27.0,7.27,83.5,21.0,14.1,14.5
1160.426,93,102.0,771.0,0.0,27.0,7.27,83.5,21.0,14.1,14.5
1160.516,93,102.0,771.0,0.0,27.0,7.27,83.5,21.0,14.1,14.5
1160.609,93,102.0,771.0,0.0,27.0,7.27,83.5,21.0,14.1,14.5
1160.696,93,102.0,771.0,0.0,27.0,7.27,83.5,21.0,14.1,14.5
1160.788,93,102.0,768.0,0.0,27.0,7.27,83.5,21.0,14.1,14.5
1160.877,93,102.0,768.0,0.0,27.0,7.27,83.5,21.0,14.1,14.5
1160.967,93,102.0,768.0,0.0,27.0,7.27,83.5,21.0,14.1,14.5
1161.057,93,102.0,768.0,0.0,27.0,7.19,83.5,21.0,14.1,14.5
1161.118,93,102.0,768.0,0.0,27.0,7.19,83.5,21.0,14.1,14.5
1161.206,93,102.0,768.0,0.0,27.0,7.19,83.5,21.0,14.1,14.5
1161.269,93,102.0,768.0,0.0,27.0,7.19,83.5,21.0,14.1,14.5
1161.359,93,102.0,768.0,0.0,27.0,7.19,83.5,21.0,14.1,14.5
1161.447,93,102.0,768.0,0.0,27.0,7.19,83.5,21.0,14.1,14.5
1161.537,93,102.0,768.0,0.0,27.0,7.19,83.5,21.0,14.1,14.5
1161.626,93,102.0,771.0,0.0,27.0,7.19,83.5,21.0,14.1,14.5
1161.717,93,102.0,771.0,0.0,27.0,7.19,83.5,21.0,14.1,14.5
1161.807,93,102.0,771.0,0.0,28.0,7.19,83.5,21.0,14.1,14.5
1161.896,93,102.0,771.0,0.0,28.0,7.22,83.5,21.0,14.1,14.5
1161.987,93,102.0,771.0,0.0,28.0,7.22,83.5,21.0,14.1,14.5
1162.076,93,102.0,771.0,0.0,28.0,7.22,83.5,21.0,14.1,14.5
1162.166,93,102.0,771.0,0.0,28.0,7.22,83.5,21.0,14.1,14.5
1162.257,93,102.0,771.0,0.0,28.0,7.22,83.5,21.0,14.1,14.5
1162.318,93,102.0,771.0,0.0,28.0,7.22,83.5,21.0,14.1,14.5
1162.407,93,102.0,771.0,0.0,28.0,7.22,83.5,21.0,14.1,14.5
1162.468,93,102.0,770.0,0.0,28.0,7.22,83.5,21.0,14.1,14.5
1162.557,93,102.0,770.0,0.0,28.0,7.22,83.5,21.0,14.1,14.5
1162.647,93,102.0,770.0,0.0,28.0,7.22,83.5,21.0,14.1,14.5
1162.737,93,102.0,770.0,0.0,28.0,7.02,83.5,21.0,14.1,14.5
1162.827,93,102.0,770.0,0.0,28.0,7.02,83.5,21.0,14.1,14.5
1162.917,93,102.0,770.0,0.0,28.0,7.02,83.5,21.0,14.1,14.5
1163.006,93,102.0,770.0,0.0,28.0,7.02,83.5,21.0,14.1,14.5
1163.071,93,102.0,770.0,0.0,28.0,7.02,83.5,21.0,14.1,14.5
1163.157,93,102.0,770.0,0.0,28.0,7.02,83.5,21.0,14.1,14.5
1163.218,93,102.0,770.0,0.0,28.0,7.02,83.5,21.0,14.1,14.5
1163.306,93,102.0,773.0,0.0,28.0,7.02,83.5,21.0,14.1,14.5
1163.367,93,102.0,773.0,0.0,28.0,7.02,83.5,21.0,14.1,14.5
1163.457,93,102.0,773.0,0.0,28.0,7.02,83.5,21.0,14.1,14.5
1163.517,93,102.0,773.0,0.0,28.0,7.08,83.5,21.0,14.1,14.5
1163.606,93,102.0,773.0,0.0,28.0,7.08,83.5,21.0,14.1,14.5
1163.667,93,102.0,773.0,0.0,28.0,7.08,83.5,21.0,14.1,14.5
1163.757,93,102.0,773.0,0.0,28.0,7.08,83.5,21.0,14.1,14.5
1163.846,93,102.0,773.0,0.0,28.0,7.08,83.5,21.0,14.1,14.5
1163.936,93,102.0,773.0,0.0,28.0,7.08,83.5,21.0,14.1,14.5
1164.027,93,102.0,773.0,0.0,28.0,7.08,83.5,21.0,14.1,14.5
1164.117,93,102.0,768.0,0.0,28.0,7.08,83.5,21.0,14.1,14.5
1164.207,93,102.0,768.0,0.0,28.0,7.08,83.5,21.0,14.1,14.5
1164.267,93,102.0,768.0,0.0,28.0,7.08,83.5,21.0,14.1,14.5
1164.358,93,102.0,768.0,0.0,28.0,7.13,83.5,21.0,14.1,14.5
1164.417,93,102.0,768.0,0.0,28.0,7.13,83.5,21.0,14.1,14.5
1164.506,93,102.0,768.0,0.0,28.0,7.13,83.5,21.0,14.1,14.5
1164.567,93,102.0,768.0,0.0,28.0,7.13,83.5,21.0,14.1,14.5
1164.657,93,102.0,768.0,0.0,28.0,7.13,83.5,21.0,14.1,14.5
1164.717,93,102.0,768.0,0.0,28.0,7.13,83.5,21.0,14.1,14.5
1164.807,93,102.0,768.0,0.0,28.0,7.13,83.5,21.0,14.1,14.5
1164.867,93,102.0,770.0,0.0,28.0,7.13,83.5,21.0,14.1,14.5
1164.957,93,102.0,770.0,0.0,28.0,7.13,83.5,21.0,14.1,14.5
1165.046,93,102.0,770.0,0.0,28.0,7.13,83.5,21.0,14.1,14.5
1165.108,93,102.0,770.0,0.0,28.0,7.11,83.5,21.0,14.1,14.5
1165.169,93,102.0,770.0,0.0,28.0,7.11,83.5,21.0,14.1,14.5
1165.256,93,102.0,770.0,0.0,28.0,7.11,83.5,21.0,14.1,14.5
1165.318,93,102.0,770.0,0.0,28.0,7.11,83.5,21.0,14.1,14.5
1165.406,93,102.0,770.0,0.0,28.0,7.11,83.5,21.0,14.1,14.5
1165.467,93,102.0,770.0,0.0,28.0,7.11,83.5,21.0,14.1,14.5
1165.556,93,102.0,770.0,0.0,28.0,7.11,83.5,21.0,14.1,14.5
1165.618,93,102.0,773.0,0.0,28.0,7.11,83.5,21.0,14.1,14.5
1165.706,93,102.0,773.0,0.0,28.0,7.11,83.5,21.0,14.1,14.5
1165.767,93,102.0,773.0,0.0,28.0,7.11,83.5,21.0,14.1,14.5
1165.857,93,102.0,773.0,0.0,28.0,7.24,83.5,21.0,14.1,14.5
1165.918,93,102.0,773.0,0.0,28.0,7.24,83.5,21.0,14.1,14.5
1166.007,93,102.0,773.0,0.0,28.0,7.24,83.5,21.0,14.1,14.5
1166.069,93,102.0,773.0,0.0,28.0,7.24,83.5,21.0,14.1,14.5
1166.157,93,102.0,773.0,0.0,28.0,7.24,83.5,21.0,14.1,14.5
1166.218,93,102.0,773.0,0.0,28.0,7.24,83.5,21.0,14.1,14.5
1166.306,93,102.0,773.0,0.0,28.0,7.24,83.5,21.0,14.1,14.5
1166.368,93,102.0,771.0,0.0,28.0,7.24,83.5,21.0,14.1,14.5
1166.456,93,102.0,771.0,0.0,28.0,7.24,83.5,21.0,14.1,14.5
1166.518,93,102.0,771.0,0.0,28.0,7.24,83.5,21.0,14.1,14.5
1166.606,93,102.0,771.0,0.0,28.0,6.91,83.5,21.0,14.1,14.5
1166.667,93,102.0,771.0,0.0,28.0,6.91,83.5,21.0,14.1,14.5
1166.756,93,102.0,771.0,0.0,28.0,6.91,83.5,21.0,14.1,14.5
1166.817,93,102.0,771.0,0.0,28.0,6.91,83.5,21.0,14.1,14.5
1166.906,93,102.0,771.0,0.0,28.0,6.91,83.5,21.0,14.1,14.5
1166.967,93,102.0,771.0,0.0,28.0,6.91,83.5,21.0,14.1,14.5
1167.057,93,102.0,771.0,0.0,28.0,6.91,83.5,21.0,14.1,14.5
1167.118,93,102.0,769.0,0.0,28.0,6.91,83.5,21.0,14.1,14.5
1167.207,93,102.0,769.0,0.0,28.0,6.91,83.5,21.0,14.1,14.5
1167.268,93,102.0,769.0,0.0,28.0,6.91,83.5,21.0,14.1,14.5
1167.357,93,102.0,769.0,0.0,28.0,7.3,83.5,21.0,14.1,14.5
1167.418,93,102.0,769.0,0.0,28.0,7.3,83.5,21.0,14.1,14.5
1167.506,93,102.0,769.0,0.0,28.0,7.3,83.5,21.0,14.1,14.5
1167.567,93,102.0,769.0,0.0,28.0,7.3,83.5,21.0,14.1,14.5
1167.657,93,102.0,769.0,0.0,28.0,7.3,83.5,21.0,14.1,14.5
1167.718,93,102.0,769.0,0.0,28.0,7.3,83.5,21.0,14.1,14.5
1167.808,93,102.0,769.0,0.0,28.0,7.3,83.5,21.0,14.1,14.5
1167.869,93,102.0,771.0,0.0,28.0,7.3,83.5,21.0,14.1,14.5
1167.957,93,102.0,771.0,0.0,28.0,7.3,83.5,21.0,14.1,14.5
1168.017,93,102.0,771.0,0.0,28.0,7.3,83.5,21.0,14.1,14.5
1168.106,93,102.0,771.0,0.0,28.0,7.08,83.5,21.0,14.1,14.5
1168.168,93,102.0,771.0,0.0,28.0,7.08,83.5,21.0,14.1,14.5
1168.257,93,102.0,771.0,0.0,28.0,7.08,83.5,21.0,14.1,14.5
1168.318,93,102.0,771.0,0.0,28.0,7.08,83.5,21.0,14.1,14.5
1168.406,93,102.0,771.0,0.0,28.0,7.08,83.5,21.0,14.1,14.5
1168.468,93,102.0,771.0,0.0,28.0,7.08,83.5,21.0,14.1,14.5
1168.556,93,102.0,771.0,0.0,28.0,7.08,83.5,21.0,14.1,14.5
1168.617,93,102.0,768.0,0.0,28.0,7.08,83.5,21.0,14.1,14.5
1168.707,93,102.0,768.0,0.0,28.0,7.08,83.5,21.0,14.1,14.5
1168.768,93,102.0,768.0,0.0,28.0,7.08,83.5,21.0,14.1,14.5
1168.857,93,102.0,768.0,0.0,28.0,7.16,83.5,21.0,14.1,14.5
1168.918,93,102.0,768.0,0.0,28.0,7.16,83.5,21.0,14.1,14.5
1169.006,93,102.0,768.0,0.0,28.0,7.16,83.5,21.0,14.1,14.5
1169.069,93,102.0,768.0,0.0,28.0,7.16,83.5,21.0,14.1,14.5
1169.156,93,102.0,768.0,0.0,28.0,7.16,83.5,21.0,14.1,14.5
1169.218,93,102.0,768.0,0.0,28.0,7.16,83.5,21.0,14.1,14.5
1169.307,93,102.0,768.0,0.0,28.0,7.16,83.5,21.0,14.1,14.5
1169.367,93,102.0,768.0,0.0,28.0,7.16,83.5,21.0,14.1,14.5
1169.457,93,102.0,768.0,0.0,28.0,7.16,83.5,21.0,14.1,14.5
1169.517,93,102.0,768.0,0.0,28.0,7.16,83.5,21.0,14.1,14.5
1169.606,93,102.0,768.0,0.0,28.0,7.13,83.5,21.0,14.1,14.5
1169.669,93,102.0,768.0,0.0,28.0,7.13,83.5,21.0,14.1,14.5
1169.757,93,102.0,768.0,0.0,28.0,7.13,83.5,21.0,14.1,14.5
1169.818,93,102.0,768.0,0.0,28.0,7.13,83.5,21.0,14.1,14.5
1169.906,93,102.0,768.0,0.0,28.0,7.13,83.5,21.0,14.1,14.5
1169.968,93,102.0,768.0,0.0,28.0,7.13,83.5,21.0,14.1,14.5
1170.056,93,102.0,768.0,0.0,28.0,7.13,83.5,21.0,14.1,14.5
1170.118,93,102.0,769.0,0.0,28.0,7.13,83.5,21.0,14.1,14.5
1170.207,93,102.0,769.0,0.0,28.0,7.13,83.5,21.0,14.1,14.5
1170.268,93,102.0,769.0,0.0,28.0,7.13,83.5,21.0,14.1,14.5
1170.381,93,102.0,769.0,0.0,28.0,7.22,83.5,21.0,14.1,14.5
1170.476,93,102.0,769.0,0.0,28.0,7.22,83.5,21.0,14.1,14.5
1170.567,93,102.0,769.0,0.0,28.0,7.22,83.5,21.0,14.1,14.5
1170.657,93,102.0,769.0,0.0,28.0,7.22,83.5,21.0,14.1,14.5
1170.718,93,102.0,769.0,0.0,28.0,7.22,83.5,21.0,14.1,14.5
1170.807,93,102.0,769.0,0.0,28.0,7.22,83.5,21.0,14.1,14.5
1170.868,93,102.0,769.0,0.0,28.0,7.22,83.5,21.0,14.1,14.5
1170.957,93,102.0,769.0,0.0,28.0,7.22,83.5,21.0,14.1,14.5
1171.019,93,102.0,769.0,0.0,28.0,7.22,83.5,21.0,14.1,14.5
1171.108,93,102.0,769.0,0.0,29.0,7.22,83.5,21.0,14.1,14.5
1171.168,93,102.0,769.0,0.0,29.0,7.08,83.5,21.0,14.1,14.5
1171.257,93,102.0,769.0,0.0,29.0,7.08,83.5,21.0,14.1,14.5
1171.318,93,102.0,769.0,0.0,29.0,7.08,83.5,21.0,14.1,14.5
1171.407,93,102.0,769.0,0.0,29.0,7.08,83.5,21.0,14.1,14.5
1171.467,93,102.0,769.0,0.0,29.0,7.08,83.5,21.0,14.1,14.5
1171.556,93,102.0,769.0,0.0,29.0,7.08,83.5,21.0,14.1,14.5
1171.618,93,102.0,769.0,0.0,29.0,7.08,83.5,21.0,14.1,14.5
1171.707,93,102.0,769.0,0.0,29.0,7.08,83.5,21.0,14.1,14.5
1171.767,93,102.0,769.0,0.0,29.0,7.08,83.5,21.0,14.1,14.5
1171.856,93,102.0,769.0,0.0,28.0,7.08,83.5,21.0,14.1,14.5
1171.917,93,102.0,769.0,0.0,28.0,7.16,83.5,21.0,14.1,14.5
1172.007,93,102.0,769.0,0.0,28.0,7.16,83.5,21.0,14.1,14.5
1172.07,93,102.0,769.0,0.0,28.0,7.16,83.5,21.0,14.1,14.5
1172.156,93,102.0,769.0,0.0,28.0,7.16,83.5,21.0,14.1,14.5
1172.218,93,102.0,769.0,0.0,28.0,7.16,83.5,21.0,14.1,14.5
1172.312,93,102.0,769.0,0.0,28.0,7.16,83.5,21.0,14.1,14.5
1172.367,93,102.0,769.0,0.0,28.0,7.16,83.5,21.0,14.1,14.5
1172.456,93,102.0,769.0,0.0,28.0,7.16,83.5,21.0,14.1,14.5
1172.547,93,102.0,769.0,0.0,28.0,7.16,83.5,21.0,14.1,14.5
1172.607,93,102.0,769.0,0.0,28.0,7.16,83.5,21.0,14.1,14.5
1172.667,93,102.0,769.0,0.0,28.0,7.36,83.5,21.0,14.1,14.5
1172.758,93,102.0,769.0,0.0,28.0,7.36,83.5,21.0,14.1,14.5
1172.818,93,102.0,769.0,0.0,28.0,7.36,83.5,21.0,14.1,14.5
1172.908,93,102.0,769.0,0.0,28.0,7.36,83.5,21.0,14.1,14.5
1172.968,93,102.0,769.0,0.0,28.0,7.36,83.5,21.0,14.1,14.5
1173.057,93,102.0,769.0,0.0,28.0,7.36,83.5,21.0,14.1,14.5
1173.117,93,102.0,769.0,0.0,28.0,7.36,83.5,21.0,14.1,14.5
1173.207,93,102.0,769.0,0.0,28.0,7.36,83.5,21.0,14.1,14.5
1173.267,93,102.0,769.0,0.0,28.0,7.36,83.5,21.0,14.1,14.5
1173.356,93,102.0,769.0,0.0,28.0,7.36,83.5,21.0,14.1,14.5
1173.417,93,102.0,769.0,0.0,28.0,7.3,83.5,21.0,14.1,14.5
1173.506,93,102.0,769.0,0.0,28.0,7.3,83.5,21.0,14.1,14.5
1173.567,93,102.0,769.0,0.0,28.0,7.3,83.5,21.0,14.1,14.5
1173.656,93,102.0,769.0,0.0,28.0,7.3,83.5,21.0,14.1,14.5
1173.718,93,102.0,769.0,0.0,28.0,7.3,83.5,21.0,14.1,14.5
1173.807,93,102.0,769.0,0.0,28.0,7.3,83.5,21.0,14.1,14.5
1173.868,93,102.0,769.0,0.0,28.0,7.3,83.5,21.0,14.1,14.5
1173.956,93,102.0,769.0,0.0,28.0,7.3,83.5,21.0,14.1,14.5
1174.018,93,102.0,769.0,0.0,28.0,7.3,83.5,21.0,14.1,14.5
1174.109,93,102.0,769.0,0.0,29.0,7.3,83.5,21.0,14.1,14.5
1174.168,93,102.0,769.0,0.0,29.0,7.22,83.5,21.0,14.1,14.5
1174.257,93,102.0,769.0,0.0,29.0,7.22,83.5,21.0,14.1,14.5
1174.319,93,102.0,769.0,0.0,29.0,7.22,83.5,21.0,14.1,14.5
1174.408,93,102.0,769.0,0.0,29.0,7.22,83.5,21.0,14.1,14.5
1174.467,93,102.0,769.0,0.0,29.0,7.22,83.5,21.0,14.1,14.5
1174.557,93,102.0,769.0,0.0,29.0,7.22,83.5,21.0,14.1,14.5
1174.618,93,102.0,769.0,0.0,29.0,7.22,83.5,21.0,14.1,14.5
1174.706,93,102.0,771.0,0.0,29.0,7.22,83.5,21.0,14.1,14.5
1174.768,93,102.0,771.0,0.0,29.0,7.22,83.5,21.0,14.1,14.5
1174.857,93,102.0,771.0,0.0,28.0,7.22,83.5,21.0,14.1,14.5
1174.917,93,102.0,771.0,0.0,28.0,7.19,83.5,21.0,14.1,14.5
1175.007,93,102.0,771.0,0.0,28.0,7.19,83.5,21.0,14.1,14.5
1175.069,93,102.0,771.0,0.0,28.0,7.19,83.5,21.0,14.1,14.5
1175.157,93,102.0,771.0,0.0,28.0,7.19,83.5,21.0,14.1,14.5
1175.218,93,102.0,771.0,0.0,28.0,7.19,83.5,21.0,14.1,14.5
1175.307,93,102.0,771.0,0.0,28.0,7.19,83.5,21.0,14.1,14.5
1175.368,93,102.0,771.0,0.0,28.0,7.19,83.5,21.0,14.1,14.5
1175.456,93,102.0,770.0,0.0,28.0,7.19,83.5,21.0,14.1,14.5
1175.517,93,102.0,770.0,0.0,28.0,7.19,83.5,21.0,14.1,14.5
1175.607,93,102.0,770.0,0.0,29.0,7.19,83.5,21.0,14.1,14.5
1175.667,93,102.0,770.0,0.0,29.0,7.11,83.5,21.0,14.1,14.5
1175.757,93,102.0,770.0,0.0,29.0,7.11,83.5,21.0,14.1,14.5
1175.817,93,102.0,770.0,0.0,29.0,7.11,83.5,21.0,14.1,14.5
1175.907,93,102.0,770.0,0.0,29.0,7.11,83.5,21.0,14.1,14.5
1175.967,93,102.0,770.0,0.0,29.0,7.11,83.5,21.0,14.1,14.5
1176.057,93,102.0,770.0,0.0,29.0,7.11,83.5,21.0,14.1,14.5
1176.12,93,102.0,770.0,0.0,29.0,7.11,83.5,21.0,14.1,14.5
1176.208,93,102.0,771.0,0.0,29.0,7.11,83.5,21.0,14.1,14.5
1176.269,93,102.0,771.0,0.0,29.0,7.11,83.5,21.0,14.1,14.5
1176.357,93,102.0,771.0,0.0,28.0,7.11,83.5,21.0,14.1,14.5
1176.417,93,102.0,771.0,0.0,28.0,6.99,83.5,21.0,14.1,14.5
1176.506,93,102.0,771.0,0.0,28.0,6.99,83.5,21.0,14.1,14.5
1176.568,93,102.0,771.0,0.0,28.0,6.99,83.5,21.0,14.1,14.5
1176.657,93,102.0,771.0,0.0,28.0,6.99,83.5,21.0,14.1,14.5
1176.718,93,102.0,771.0,0.0,28.0,6.99,83.5,21.0,14.1,14.5
1176.806,93,102.0,771.0,0.0,28.0,6.99,83.5,21.0,14.1,14.5
1176.868,93,102.0,771.0,0.0,28.0,6.99,83.5,21.0,14.1,14.5
1176.957,93,102.0,771.0,0.0,28.0,6.99,83.5,21.0,14.1,14.5
1177.019,93,102.0,771.0,0.0,28.0,6.99,83.5,21.0,14.1,14.5
1177.108,93,102.0,771.0,0.0,29.0,6.99,83.5,21.0,14.1,14.5
1177.169,93,102.0,771.0,0.0,29.0,6.94,83.5,21.0,14.1,14.5
1177.259,93,102.0,771.0,0.0,29.0,6.94,83.5,21.0,14.1,14.5
1177.318,93,102.0,771.0,0.0,29.0,6.94,83.5,21.0,14.1,14.5
1177.406,93,102.0,771.0,0.0,29.0,6.94,83.5,21.0,14.1,14.5
1177.467,93,102.0,771.0,0.0,29.0,6.94,83.5,21.0,14.1,14.5
1177.557,93,102.0,771.0,0.0,29.0,6.94,83.5,21.0,14.1,14.5
1177.618,93,102.0,771.0,0.0,29.0,6.94,83.5,21.0,14.1,14.5
1177.707,93,102.0,769.0,0.0,29.0,6.94,83.5,21.0,14.1,14.5
1177.768,93,102.0,769.0,0.0,29.0,6.94,83.5,21.0,14.1,14.5
1177.857,93,102.0,769.0,0.0,28.0,6.94,83.5,21.0,14.1,14.5
1177.919,93,102.0,769.0,0.0,28.0,7.36,83.5,21.0,14.1,14.5
1178.007,93,102.0,769.0,0.0,28.0,7.36,83.5,21.0,14.1,14.5
1178.071,93,102.0,769.0,0.0,28.0,7.36,83.5,21.0,14.1,14.5
1178.157,93,102.0,769.0,0.0,28.0,7.36,83.5,21.0,14.1,14.5
1178.218,93,102.0,769.0,0.0,28.0,7.36,83.5,21.0,14.1,14.5
1178.306,93,102.0,769.0,0.0,28.0,7.36,83.5,21.0,14.1,14.5
1178.426,93,102.0,769.0,0.0,28.0,7.36,83.5,21.0,14.1,14.5
1178.516,93,102.0,771.0,0.0,28.0,7.36,83.5,21.0,14.1,14.5
1178.606,93,102.0,771.0,0.0,28.0,7.36,83.5,21.0,14.1,14.5
1178.667,93,102.0,771.0,0.0,29.0,7.36,83.5,21.0,14.1,14.5
1178.757,93,102.0,771.0,0.0,29.0,7.27,83.5,21.0,14.1,14.5
1178.82,93,102.0,771.0,0.0,29.0,7.27,83.5,21.0,14.1,14.5
1178.911,93,102.0,771.0,0.0,29.0,7.27,83.5,21.0,14.1,14.5
1178.969,93,102.0,771.0,0.0,29.0,7.27,83.5,21.0,14.1,14.5
1179.057,93,102.0,771.0,0.0,29.0,7.27,83.5,21.0,14.1,14.5
1179.176,93,102.0,771.0,0.0,29.0,7.27,83.5,21.0,14.1,14.5
1179.267,93,102.0,771.0,0.0,29.0,7.27,83.5,21.0,14.1,14.5
1179.371,93,102.0,770.0,0.0,29.0,7.27,83.5,21.0,14.1,14.5
1179.417,93,102.0,770.0,0.0,29.0,7.27,83.5,21.0,14.1,14.5
1179.507,93,102.0,770.0,0.0,29.0,7.27,83.5,21.0,14.1,14.5
1179.567,93,102.0,770.0,0.0,29.0,7.11,83.5,21.0,14.1,14.5
1179.657,93,102.0,770.0,0.0,29.0,7.11,83.5,21.0,14.1,14.5
1179.718,93,102.0,770.0,0.0,29.0,7.11,83.5,21.0,14.1,14.5
1179.807,93,102.0,770.0,0.0,29.0,7.11,83.5,21.0,14.1,14.5
1179.869,93,102.0,770.0,0.0,29.0,7.11,83.5,21.0,14.1,14.5
1179.957,93,102.0,770.0,0.0,29.0,7.11,83.5,21.0,14.1,14.5
1180.018,93,102.0,770.0,0.0,29.0,7.11,83.5,21.0,14.1,14.5
1180.107,93,102.0,769.0,0.0,29.0,7.11,83.5,21.0,14.1,14.5
1180.168,93,102.0,769.0,0.0,29.0,7.11,83.5,21.0,14.1,14.5
1180.257,93,102.0,769.0,0.0,29.0,7.11,83.5,21.0,14.1,14.5
1180.318,93,102.0,769.0,0.0,29.0,7.11,83.5,21.0,14.1,14.5
1180.406,93,102.0,769.0,0.0,29.0,7.11,83.5,21.0,14.1,14.5
1180.467,93,102.0,769.0,0.0,29.0,7.11,83.5,21.0,14.1,14.5
1180.557,93,102.0,769.0,0.0,29.0,7.11,83.5,21.0,14.1,14.5
1180.618,93,102.0,769.0,0.0,29.0,7.11,83.5,21.0,14.1,14.5
1180.708,93,102.0,769.0,0.0,29.0,7.11,83.5,21.0,14.1,14.5
1180.768,93,102.0,769.0,0.0,29.0,7.11,83.5,21.0,14.1,14.5
1180.857,93,102.0,772.0,0.0,29.0,7.11,83.5,21.0,14.1,14.5
1180.918,93,102.0,772.0,0.0,29.0,7.11,83.5,21.0,14.1,14.5
1181.009,93,102.0,772.0,0.0,29.0,7.11,83.5,21.0,14.1,14.5
1181.071,93,102.0,772.0,0.0,29.0,7.11,83.5,21.0,14.1,14.5
1181.156,93,102.0,772.0,0.0,29.0,7.11,83.5,21.0,14.1,14.5
1181.219,93,102.0,772.0,0.0,29.0,7.11,83.5,21.0,14.1,14.5
1181.307,93,102.0,772.0,0.0,29.0,7.11,83.5,21.0,14.1,14.5
1181.368,93,102.0,772.0,0.0,29.0,7.11,83.5,21.0,14.1,14.5
1181.457,93,102.0,772.0,0.0,29.0,7.11,83.5,21.0,14.1,14.5
1181.517,93,102.0,772.0,0.0,29.0,7.11,83.5,21.0,14.1,14.5
1181.607,93,102.0,769.0,0.0,29.0,7.11,83.5,21.0,14.1,14.5
1181.668,93,102.0,769.0,0.0,29.0,7.11,83.5,21.0,14.1,14.5
1181.758,93,102.0,769.0,0.0,29.0,7.11,83.5,21.0,14.1,14.5
1181.818,93,102.0,769.0,0.0,29.0,7.13,83.5,21.0,14.1,14.5
1181.907,93,102.0,769.0,0.0,29.0,7.13,83.5,21.0,14.1,14.5
1181.968,93,102.0,769.0,0.0,29.0,7.13,83.5,21.0,14.1,14.5
1182.057,93,102.0,769.0,0.0,29.0,7.13,83.5,21.0,14.1,14.5
1182.119,93,102.0,769.0,0.0,29.0,7.13,83.5,21.0,14.1,14.5
1182.208,93,102.0,769.0,0.0,29.0,7.13,83.5,21.0,14.1,14.5
1182.269,93,102.0,769.0,0.0,29.0,7.13,83.5,21.0,14.1,14.5
1182.357,93,102.0,768.0,0.0,29.0,7.13,83.5,21.0,14.1,14.5
1182.417,93,102.0,768.0,0.0,29.0,7.13,83.5,21.0,14.1,14.5
1182.507,93,102.0,768.0,0.0,29.0,7.13,83.5,21.0,14.1,14.5
1182.568,93,102.0,768.0,0.0,29.0,7.11,83.5,21.0,14.1,14.5
1182.657,93,102.0,768.0,0.0,29.0,7.11,83.5,21.0,14.1,14.5
1182.72,93,102.0,768.0,0.0,29.0,7.11,83.5,21.0,14.1,14.5
1182.807,93,102.0,768.0,0.0,29.0,7.11,83.5,21.0,14.1,14.5
1182.869,93,102.0,768.0,0.0,29.0,7.11,83.5,21.0,14.1,14.5
1182.957,93,102.0,768.0,0.0,29.0,7.11,83.5,21.0,14.1,14.5
1183.018,93,102.0,768.0,0.0,29.0,7.11,83.5,21.0,14.1,14.5
1183.107,93,102.0,769.0,0.0,29.0,7.11,83.5,21.0,14.1,14.5
1183.169,93,102.0,769.0,0.0,29.0,7.11,83.5,21.0,14.1,14.5
1183.257,93,102.0,769.0,0.0,29.0,7.11,83.5,21.0,14.1,14.5
1183.318,93,102.0,769.0,0.0,29.0,6.97,83.5,21.0,14.1,14.5
1183.406,93,102.0,769.0,0.0,29.0,6.97,83.5,21.0,14.1,14.5
1183.467,93,102.0,769.0,0.0,29.0,6.97,83.5,21.0,14.1,14.5
1183.557,93,102.0,769.0,0.0,29.0,6.97,83.5,21.0,14.1,14.5
1183.619,93,102.0,769.0,0.0,29.0,6.97,83.5,21.0,14.1,14.5
1183.709,93,102.0,769.0,0.0,29.0,6.97,83.5,21.0,14.1,14.5
1183.768,93,102.0,769.0,0.0,29.0,6.97,83.5,21.0,14.1,14.5
1183.857,93,102.0,769.0,0.0,29.0,6.97,83.5,21.0,14.1,14.5
1183.919,93,102.0,769.0,0.0,29.0,6.97,83.5,21.0,14.1,14.5
1184.007,93,102.0,769.0,0.0,29.0,6.97,83.5,21.0,14.1,14.5
1184.07,93,102.0,769.0,0.0,29.0,7.16,83.5,21.0,14.1,14.5
1184.156,93,102.0,769.0,0.0,29.0,7.16,83.5,21.0,14.1,14.5
1184.218,93,102.0,769.0,0.0,29.0,7.16,83.5,21.0,14.1,14.5
1184.306,93,102.0,769.0,0.0,29.0,7.16,83.5,21.0,14.1,14.5
1184.368,93,102.0,769.0,0.0,29.0,7.16,83.5,21.0,14.1,14.1
1184.457,93,102.0,769.0,0.0,29.0,7.16,83.5,21.0,14.1,14.1
1184.518,93,102.0,769.0,0.0,29.0,7.16,83.5,21.0,14.1,14.1
1184.607,93,102.0,767.0,0.0,29.0,7.16,83.5,21.0,14.1,14.1
1184.669,93,102.0,767.0,0.0,29.0,7.16,83.5,21.0,14.1,14.1
1184.757,93,102.0,767.0,0.0,29.0,7.16,83.5,21.0,14.1,14.1
1184.818,93,102.0,767.0,0.0,29.0,7.3,83.5,21.0,14.1,14.1
1184.907,93,102.0,767.0,0.0,29.0,7.3,83.5,21.0,14.1,14.1
1184.968,93,102.0,767.0,0.0,29.0,7.3,83.5,21.0,14.1,14.1
1185.057,93,102.0,767.0,0.0,29.0,7.3,83.5,21.0,14.1,14.1
1185.117,93,102.0,767.0,0.0,29.0,7.3,83.5,21.0,14.1,14.5
1185.207,93,102.0,767.0,0.0,29.0,7.3,83.5,21.0,14.1,14.5
1185.268,93,102.0,767.0,0.0,29.0,7.3,83.5,21.0,14.1,14.5
1185.357,93,102.0,769.0,0.0,29.0,7.3,83.5,21.0,14.1,14.5
1185.447,93,102.0,769.0,0.0,29.0,7.3,83.5,21.0,14.1,14.5
1185.508,93,102.0,769.0,0.0,29.0,7.3,83.5,21.0,14.1,14.5
1185.597,93,102.0,769.0,0.0,29.0,7.08,83.5,21.0,14.1,14.5
1185.657,93,102.0,769.0,0.0,29.0,7.08,83.5,21.0,14.1,14.5
1185.747,93,102.0,769.0,0.0,29.0,7.08,83.5,21.0,14.1,14.5
1185.808,93,102.0,769.0,0.0,29.0,7.08,83.5,21.0,14.1,14.5
1185.897,93,102.0,769.0,0.0,29.0,7.08,83.5,21.0,14.1,14.5
1185.959,93,102.0,769.0,0.0,29.0,7.08,83.5,21.0,14.1,14.5
1186.047,93,102.0,769.0,0.0,29.0,7.08,83.5,21.0,14.1,14.5
1186.137,93,102.0,769.0,0.0,29.0,7.08,83.5,21.0,14.1,14.5
1186.228,93,102.0,769.0,0.0,29.0,7.08,83.5,21.0,14.1,14.5
1186.321,93,102.0,769.0,0.0,29.0,7.08,83.5,21.0,14.1,14.5
1186.406,93,102.0,769.0,0.0,29.0,7.13,83.5,21.0,14.1,14.5
1186.497,93,102.0,769.0,0.0,29.0,7.13,83.5,21.0,14.1,14.5
1186.559,93,102.0,769.0,0.0,29.0,7.13,83.5,21.0,14.1,14.5
1186.647,93,102.0,769.0,0.0,29.0,7.13,83.5,21.0,14.1,14.5
1186.708,93,102.0,769.0,0.0,29.0,7.13,83.5,21.0,14.1,14.5
1186.797,93,102.0,769.0,0.0,29.0,7.13,83.5,21.0,14.1,14.5
1186.859,93,102.0,769.0,0.0,29.0,7.13,83.5,21.0,14.1,14.5
1186.947,93,102.0,770.0,0.0,29.0,7.13,83.5,21.0,14.1,14.5
1187.009,93,102.0,770.0,0.0,29.0,7.13,83.5,21.0,14.1,14.5
1187.097,93,102.0,770.0,0.0,29.0,7.13,83.5,21.0,14.1,14.5
1187.16,93,102.0,770.0,0.0,29.0,7.05,83.5,21.0,14.1,14.5
1187.247,93,102.0,770.0,0.0,29.0,7.05,83.5,21.0,14.1,14.5
1187.31,93,102.0,770.0,0.0,29.0,7.05,83.5,21.0,14.1,14.5
1187.396,93,102.0,770.0,0.0,29.0,7.05,83.5,21.0,14.1,14.5
1187.457,93,102.0,770.0,0.0,29.0,7.05,83.5,21.0,14.1,14.5
1187.547,93,102.0,770.0,0.0,29.0,7.05,83.5,21.0,14.1,14.5
1187.608,93,102.0,770.0,0.0,29.0,7.05,83.5,21.0,14.1,14.5
1187.697,93,102.0,769.0,0.0,29.0,7.05,83.5,21.0,14.1,14.5
1187.759,93,102.0,769.0,0.0,29.0,7.05,83.5,21.0,14.1,14.5
1187.847,93,102.0,769.0,0.0,29.0,7.05,83.5,21.0,14.1,14.5
1187.909,93,102.0,769.0,0.0,29.0,7.19,83.5,21.0,14.1,14.5
1187.997,93,102.0,769.0,0.0,29.0,7.19,83.5,21.0,14.1,14.5
1188.058,93,102.0,769.0,0.0,29.0,7.19,83.5,21.0,14.1,14.5
1188.147,93,102.0,769.0,0.0,29.0,7.19,83.5,21.0,14.1,14.5
1188.208,93,102.0,769.0,0.0,29.0,7.19,83.5,21.0,14.1,14.5
1188.297,93,102.0,769.0,0.0,29.0,7.19,83.5,21.0,14.1,14.5
1188.359,93,102.0,769.0,0.0,29.0,7.19,83.5,21.0,14.1,14.5
1188.447,93,102.0,770.0,0.0,29.0,7.19,83.5,21.0,14.1,14.5
1188.507,93,102.0,770.0,0.0,29.0,7.19,83.5,21.0,14.1,14.5
1188.597,93,102.0,770.0,0.0,29.0,7.19,83.5,21.0,14.1,14.5
1188.659,93,102.0,770.0,0.0,29.0,7.13,83.5,21.0,14.1,14.5
1188.747,93,102.0,770.0,0.0,29.0,7.13,83.5,21.0,14.1,14.5
1188.809,93,102.0,770.0,0.0,29.0,7.13,83.5,21.0,14.1,14.5
1188.897,93,102.0,770.0,0.0,29.0,7.13,83.5,21.0,14.1,14.5
1188.958,93,102.0,770.0,0.0,29.0,7.13,83.5,21.0,14.1,14.5
1189.048,93,102.0,770.0,0.0,29.0,7.13,83.5,21.0,14.1,14.5
1189.107,93,102.0,770.0,0.0,29.0,7.13,83.5,21.0,14.1,14.5
1189.198,93,102.0,769.0,0.0,29.0,7.13,83.5,21.0,14.1,14.5
1189.259,93,102.0,769.0,0.0,29.0,7.13,83.5,21.0,14.1,14.5
1189.348,93,102.0,769.0,0.0,29.0,7.13,83.5,21.0,14.1,14.5
1189.408,93,102.0,769.0,0.0,29.0,7.13,83.5,21.0,14.1,14.5
1189.496,93,102.0,769.0,0.0,29.0,7.13,83.5,21.0,14.1,14.5
1189.558,93,102.0,769.0,0.0,29.0,7.13,83.5,21.0,14.1,14.5
1189.647,93,102.0,769.0,0.0,29.0,7.13,83.5,21.0,14.1,14.5
1189.709,93,102.0,769.0,0.0,29.0,7.13,83.5,21.0,14.1,14.5
1189.797,93,102.0,769.0,0.0,29.0,7.13,83.5,21.0,14.1,14.5
1189.858,93,102.0,769.0,0.0,29.0,7.13,83.5,21.0,14.1,14.5
1189.947,93,102.0,770.0,0.0,29.0,7.13,83.5,21.0,14.1,14.5
1190.008,93,102.0,770.0,0.0,29.0,7.13,83.5,21.0,14.1,14.5
1190.097,93,102.0,770.0,0.0,29.0,7.13,83.5,21.0,14.1,14.5
1190.159,93,102.0,770.0,0.0,29.0,7.19,83.5,21.0,14.1,14.5
1190.247,93,102.0,770.0,0.0,29.0,7.19,83.5,21.0,14.1,14.5
1190.309,93,102.0,770.0,0.0,29.0,7.19,83.5,21.0,14.1,14.5
1190.396,93,102.0,770.0,0.0,29.0,7.19,83.5,21.0,14.1,14.5
1190.457,93,102.0,770.0,0.0,29.0,7.19,83.5,21.0,14.1,14.5
1190.546,93,102.0,770.0,0.0,29.0,7.19,83.5,21.0,14.1,14.5
1190.607,93,102.0,770.0,0.0,29.0,7.19,83.5,21.0,14.1,14.5
1190.698,93,102.0,768.0,0.0,29.0,7.19,83.5,21.0,14.1,14.5
1190.759,93,102.0,768.0,0.0,29.0,7.19,83.5,21.0,14.1,14.5
1190.848,93,102.0,768.0,0.0,29.0,7.19,83.5,21.0,14.1,14.5
1190.908,93,102.0,768.0,0.0,29.0,6.99,83.5,21.0,14.1,14.5
1190.997,93,102.0,768.0,0.0,29.0,6.99,83.5,21.0,14.1,14.5
1191.059,93,102.0,768.0,0.0,29.0,6.99,83.5,21.0,14.1,14.5
1191.147,93,102.0,768.0,0.0,29.0,6.99,83.5,21.0,14.1,14.5
1191.21,93,102.0,768.0,0.0,29.0,6.99,83.5,21.0,14.1,14.5
1191.297,93,102.0,768.0,0.0,29.0,6.99,83.5,21.0,14.1,14.5
1191.358,93,102.0,768.0,0.0,29.0,6.99,83.5,21.0,14.1,14.5
1191.446,93,102.0,770.0,0.0,29.0,6.99,83.5,21.0,14.1,14.5
1191.507,93,102.0,770.0,0.0,29.0,6.99,83.5,21.0,14.1,14.5
1191.597,93,102.0,770.0,0.0,29.0,6.99,83.5,21.0,14.1,14.5
1191.659,93,102.0,770.0,0.0,29.0,7.08,83.5,21.0,14.1,14.5
1191.747,93,102.0,770.0,0.0,29.0,7.08,83.5,21.0,14.1,14.5
1191.837,93,102.0,770.0,0.0,29.0,7.08,83.5,21.0,14.1,14.5
1191.927,93,102.0,770.0,0.0,29.0,7.08,83.5,21.0,14.1,14.5
1191.988,93,102.0,770.0,0.0,29.0,7.08,83.5,21.0,14.1,14.5
1192.05,93,102.0,770.0,0.0,29.0,7.08,83.5,21.0,14.1,14.5
1192.109,93,102.0,770.0,0.0,29.0,7.08,83.5,21.0,14.1,14.5
1192.197,93,102.0,769.0,0.0,29.0,7.08,83.5,21.0,14.1,14.5
1192.258,93,102.0,769.0,0.0,29.0,7.08,83.5,21.0,14.1,14.5
1192.346,93,102.0,769.0,0.0,29.0,7.08,83.5,21.0,14.1,14.5
1192.407,93,102.0,769.0,0.0,29.0,6.91,83.5,21.0,14.1,14.5
1192.497,93,102.0,769.0,0.0,29.0,6.91,83.5,21.0,14.1,14.5
1192.558,93,102.0,769.0,0.0,29.0,6.91,83.5,21.0,14.1,14.5
1192.649,93,102.0,769.0,0.0,29.0,6.91,83.5,21.0,14.1,14.5
1192.707,93,102.0,769.0,0.0,29.0,6.91,83.5,21.0,14.1,14.5
1192.797,93,102.0,769.0,0.0,29.0,6.91,83.5,21.0,14.1,14.5
1192.857,93,102.0,769.0,0.0,29.0,6.91,83.5,21.0,14.1,14.5
1192.947,93,102.0,770.0,0.0,29.0,6.91,83.5,21.0,14.1,14.5
1193.009,93,102.0,770.0,0.0,29.0,6.91,83.5,21.0,14.1,14.5
1193.097,93,102.0,770.0,0.0,29.0,6.91,83.5,21.0,14.1,14.5
1193.158,93,102.0,770.0,0.0,29.0,7.24,83.5,21.0,14.1,14.5
1193.247,93,102.0,770.0,0.0,29.0,7.24,83.5,21.0,14.1,14.5
1193.308,93,102.0,770.0,0.0,29.0,7.24,83.5,21.0,14.1,14.5
1193.396,93,102.0,770.0,0.0,29.0,7.24,83.5,21.0,14.1,14.5
1193.457,93,102.0,770.0,0.0,29.0,7.24,83.5,21.0,14.1,14.5
1193.547,93,102.0,770.0,0.0,29.0,7.24,83.5,21.0,14.1,14.5
1193.608,93,102.0,770.0,0.0,29.0,7.24,83.5,21.0,14.1,14.5
1193.697,93,102.0,768.0,0.0,29.0,7.24,83.5,21.0,14.1,14.5
1193.758,93,102.0,768.0,0.0,29.0,7.24,83.5,21.0,14.1,14.5
1193.847,93,102.0,768.0,0.0,29.0,7.24,83.5,21.0,14.1,14.5
1193.91,93,102.0,768.0,0.0,29.0,7.13,83.5,21.0,14.1,14.5
1193.997,93,102.0,768.0,0.0,29.0,7.13,83.5,21.0,14.1,14.5
1194.058,93,102.0,768.0,0.0,29.0,7.13,83.5,21.0,14.1,14.5
1194.147,93,102.0,768.0,0.0,29.0,7.13,83.5,21.0,14.1,14.5
1194.208,93,102.0,768.0,0.0,29.0,7.13,83.5,21.0,14.1,14.5
1194.297,93,102.0,768.0,0.0,29.0,7.13,83.5,21.0,14.1,14.5
1194.359,93,102.0,768.0,0.0,29.0,7.13,83.5,21.0,14.1,14.5
1194.447,93,102.0,771.0,0.0,29.0,7.13,83.5,21.0,14.1,14.5
1194.508,93,102.0,771.0,0.0,29.0,7.13,83.5,21.0,14.1,14.5
1194.597,93,102.0,771.0,0.0,29.0,7.13,83.5,21.0,14.1,14.5
1194.658,93,102.0,771.0,0.0,29.0,7.02,83.5,21.0,14.1,14.5
1194.748,93,102.0,771.0,0.0,29.0,7.02,83.5,21.0,14.1,14.5
1194.809,93,102.0,771.0,0.0,29.0,7.02,83.5,21.0,14.1,14.5
1194.897,93,102.0,771.0,0.0,29.0,7.02,83.5,21.0,14.1,14.5
1194.959,93,102.0,771.0,0.0,29.0,7.02,83.5,21.0,14.1,14.5
1195.048,93,102.0,771.0,0.0,29.0,7.02,83.5,21.0,14.1,14.5
1195.108,93,102.0,771.0,0.0,29.0,7.02,83.5,21.0,14.1,14.5
1195.197,93,102.0,771.0,0.0,29.0,7.02,83.5,21.0,14.1,14.5
1195.259,93,102.0,771.0,1.0,29.0,7.02,83.5,21.0,14.1,14.5
1195.348,93,102.0,771.0,1.0,29.0,7.02,83.5,21.0,14.1,14.5
1195.407,93,102.0,771.0,1.0,29.0,6.99,83.5,21.0,14.1,14.5
1195.497,93,102.0,771.0,1.0,29.0,6.99,83.5,21.0,14.1,14.5
1195.558,93,102.0,771.0,1.0,29.0,6.99,83.5,21.0,14.1,14.5
1195.646,93,102.0,771.0,1.0,29.0,6.99,83.5,21.0,14.1,14.5
1195.709,93,102.0,771.0,1.0,29.0,6.99,83.5,21.0,14.1,14.5
1195.797,93,102.0,771.0,1.0,29.0,6.99,83.5,21.0,14.1,14.5
1195.858,93,102.0,771.0,1.0,29.0,6.99,83.5,21.0,14.1,14.5
1195.947,93,102.0,768.0,1.0,29.0,6.99,83.5,21.0,14.1,14.5
1196.009,93,102.0,768.0,1.0,29.0,6.99,83.5,21.0,14.1,14.5
1196.097,93,102.0,768.0,1.0,29.0,6.99,83.5,21.0,14.1,14.5
1196.159,93,102.0,768.0,1.0,29.0,6.99,83.5,21.0,14.1,14.5
1196.247,93,102.0,768.0,1.0,29.0,6.99,83.5,21.0,14.1,14.5
1196.338,93,102.0,768.0,1.0,29.0,6.99,83.5,21.0,14.1,14.5
1196.397,93,102.0,768.0,1.0,29.0,6.99,83.5,21.0,14.1,14.5
1196.458,93,102.0,768.0,1.0,29.0,6.99,83.5,21.0,14.1,14.5
1196.547,93,102.0,768.0,1.0,29.0,6.99,83.5,21.0,14.1,14.5
1196.639,93,102.0,768.0,1.0,29.0,6.99,83.5,21.0,14.1,14.5
1196.728,93,102.0,772.0,1.0,29.0,6.99,83.5,21.0,14.1,14.5
1196.817,93,102.0,772.0,2.0,29.0,6.99,83.5,21.0,14.1,14.5
1196.907,93,102.0,772.0,2.0,29.0,6.99,83.5,21.0,14.1,14.5
1196.997,93,102.0,772.0,2.0,29.0,7.13,83.5,21.0,14.1,14.5
1197.087,93,102.0,772.0,2.0,29.0,7.13,83.5,21.0,14.1,14.5
1197.177,93,102.0,772.0,2.0,29.0,7.13,83.5,21.0,14.1,14.5
1197.267,93,102.0,772.0,2.0,29.0,7.13,83.5,21.0,14.1,14.5
1197.359,93,102.0,772.0,2.0,29.0,7.13,83.5,21.0,14.1,14.5
1197.447,92,102.0,772.0,2.0,29.0,7.13,83.5,21.0,14.1,14.5
1197.537,92,102.0,772.0,2.0,29.0,7.13,83.5,21.0,14.1,14.5
1197.628,92,102.0,769.0,2.0,29.0,7.13,83.5,21.0,14.1,14.5
1197.717,92,102.0,769.0,3.0,29.0,7.13,83.5,21.0,14.1,14.5
1197.807,92,102.0,769.0,3.0,30.0,7.13,83.5,21.0,14.1,14.5
1197.897,92,102.0,769.0,3.0,30.0,6.88,83.5,21.0,14.1,14.5
1197.987,92,102.0,769.0,3.0,30.0,6.88,83.5,21.0,14.1,14.5
1198.077,92,102.0,769.0,3.0,30.0,6.88,83.5,21.0,14.1,14.5
1198.167,92,102.0,769.0,3.0,30.0,6.88,83.5,21.0,14.1,14.5
1198.257,92,102.0,769.0,3.0,30.0,6.88,83.5,21.0,14.1,14.5
1198.347,92,102.0,769.0,3.0,30.0,6.88,83.5,21.0,14.1,14.5
1198.437,92,102.0,769.0,3.0,30.0,6.88,83.5,21.0,14.1,14.5
1198.528,92,102.0,770.0,3.0,30.0,6.88,83.5,21.0,14.1,14.5
1198.617,92,102.0,770.0,4.0,30.0,6.88,83.5,21.0,14.1,14.5
1198.708,92,102.0,770.0,4.0,29.0,6.88,83.5,21.0,14.1,14.5
1198.797,92,102.0,770.0,4.0,29.0,7.19,83.5,21.0,14.1,14.5
1198.887,92,102.0,770.0,4.0,29.0,7.19,83.5,21.0,14.1,14.5
1198.949,92,102.0,770.0,4.0,29.0,7.19,83.5,21.0,14.1,14.5
1199.009,92,102.0,770.0,4.0,29.0,7.19,83.5,21.0,14.1,14.5
1199.097,92,102.0,770.0,4.0,29.0,7.19,83.5,21.0,14.1,14.5
1199.158,92,102.0,770.0,4.0,29.0,7.19,83.5,21.0,14.1,14.5
1199.247,92,102.0,770.0,4.0,29.0,7.19,83.5,21.0,14.1,14.5
1199.309,92,102.0,793.0,4.0,29.0,7.19,83.5,21.0,14.1,14.5
1199.397,92,102.0,793.0,5.0,29.0,7.19,83.5,21.0,14.1,14.5
1199.457,92,102.0,793.0,5.0,30.0,7.19,83.5,21.0,14.1,14.5
1199.547,92,102.0,793.0,5.0,30.0,7.16,83.5,21.0,14.1,14.5
1199.637,92,102.0,793.0,5.0,30.0,7.16,83.5,21.0,14.1,14.5
1199.727,92,102.0,793.0,5.0,30.0,7.16,83.5,21.0,14.1,14.5
1199.818,92,102.0,793.0,5.0,30.0,7.16,83.5,21.0,14.1,14.5
1199.908,92,102.0,793.0,5.0,30.0,7.16,83.5,21.0,14.1,14.5
1199.997,92,102.0,793.0,5.0,30.0,7.16,83.5,21.0,14.1,14.5
1200.087,92,102.0,793.0,5.0,30.0,7.16,83.5,21.0,14.1,14.5
1200.177,92,102.0,836.0,5.0,30.0,7.16,83.5,21.0,14.1,14.5
1200.268,92,102.0,836.0,3.0,30.0,7.16,83.5,21.0,14.1,14.5
1200.36,92,102.0,836.0,3.0,30.0,7.16,83.5,21.0,14.1,14.5
1200.446,92,102.0,836.0,3.0,30.0,7.86,83.5,21.0,14.1,14.5
1200.537,92,102.0,836.0,3.0,30.0,7.86,83.5,21.0,14.1,14.5
1200.627,92,102.0,836.0,3.0,30.0,7.86,83.5,21.0,14.1,14.5
1200.718,92,102.0,836.0,3.0,30.0,7.86,83.5,21.0,14.1,14.5
1200.808,92,102.0,836.0,3.0,30.0,7.86,83.5,21.0,14.1,14.5
1200.897,92,102.0,836.0,3.0,30.0,7.86,83.5,21.0,14.1,14.5
1200.987,92,102.0,836.0,3.0,30.0,7.86,83.5,21.0,14.1,14.5
1201.077,92,102.0,794.0,3.0,30.0,7.86,83.5,21.0,14.1,14.5
1201.168,92,102.0,794.0,2.0,30.0,7.86,83.5,21.0,14.1,14.5
1201.257,92,102.0,794.0,2.0,30.0,7.86,83.5,21.0,14.1,14.5
1201.348,92,102.0,794.0,2.0,30.0,7.19,83.5,21.0,14.1,14.5
1201.436,92,102.0,794.0,2.0,30.0,7.19,83.5,21.0,14.1,14.5
1201.527,92,102.0,794.0,2.0,30.0,7.19,83.5,21.0,14.1,14.5
1201.617,92,102.0,794.0,2.0,30.0,7.19,83.5,21.0,14.1,14.5
1201.709,92,102.0,794.0,2.0,30.0,7.19,83.5,21.0,14.1,14.5
1201.797,92,102.0,794.0,2.0,30.0,7.19,83.5,21.0,14.1,14.5
1201.887,92,102.0,794.0,2.0,30.0,7.19,83.5,21.0,14.1,14.5
1201.977,92,102.0,769.0,2.0,30.0,7.19,83.5,21.0,14.1,14.5
1202.071,92,102.0,769.0,1.0,30.0,7.19,83.5,21.0,14.1,14.5
1202.157,92,102.0,769.0,1.0,30.0,7.19,83.5,21.0,14.1,14.5
1202.247,92,102.0,769.0,1.0,30.0,7.08,83.5,21.0,14.1,14.5
1202.336,92,102.0,769.0,1.0,30.0,7.08,83.5,21.0,14.1,14.5
1202.426,92,102.0,769.0,1.0,30.0,7.08,83.5,21.0,14.1,14.5
1202.518,92,102.0,769.0,1.0,30.0,7.08,83.5,21.0,14.1,14.5
1202.608,92,102.0,769.0,1.0,30.0,7.08,83.5,21.0,14.1,14.5
1202.697,92,102.0,769.0,1.0,30.0,7.08,83.5,21.0,14.1,14.5
1202.787,92,102.0,769.0,1.0,30.0,7.08,83.5,21.0,14.1,14.5
1202.878,92,102.0,769.0,1.0,30.0,7.08,83.5,21.0,14.1,14.5
1202.968,92,102.0,769.0,1.0,30.0,7.08,83.5,21.0,14.1,14.5
1203.057,92,102.0,769.0,1.0,30.0,7.08,83.5,21.0,14.1,14.5
1203.148,92,102.0,769.0,1.0,30.0,7.11,83.5,21.0,14.1,14.5
1203.237,92,102.0,769.0,1.0,30.0,7.11,83.5,21.0,14.1,14.5
1203.328,92,102.0,769.0,1.0,30.0,7.11,83.5,21.0,14.1,14.5
1203.417,92,102.0,769.0,1.0,30.0,7.11,83.5,21.0,14.1,14.5
1203.507,92,102.0,769.0,1.0,30.0,7.11,83.5,21.0,14.1,14.1
1203.597,92,102.0,769.0,1.0,30.0,7.11,83.5,21.0,14.1,14.1
1203.687,92,102.0,769.0,1.0,30.0,7.11,83.5,21.0,14.1,14.1
1203.777,92,102.0,770.0,1.0,30.0,7.11,83.5,21.0,14.1,14.1
1203.867,92,102.0,770.0,1.0,30.0,7.11,83.5,21.0,14.1,14.1
1203.957,92,102.0,770.0,1.0,30.0,7.11,83.5,21.0,14.1,14.1
1204.049,92,102.0,770.0,1.0,30.0,7.13,83.5,21.0,14.1,14.1
1204.137,92,102.0,770.0,1.0,30.0,7.13,83.5,21.0,14.1,14.1
1204.227,92,102.0,770.0,1.0,30.0,7.13,83.5,21.0,14.1,14.1
1204.331,92,102.0,770.0,1.0,30.0,7.13,83.5,21.0,14.1,14.1
1204.407,92,102.0,770.0,1.0,30.0,7.13,83.5,21.0,14.1,14.5
1204.497,92,102.0,770.0,1.0,30.0,7.13,83.5,21.0,14.1,14.5
1204.587,92,102.0,770.0,1.0,30.0,7.13,83.5,21.0,14.1,14.5
1204.677,92,102.0,771.0,1.0,30.0,7.13,83.5,21.0,14.1,14.5
1204.768,92,102.0,771.0,1.0,30.0,7.13,83.5,21.0,14.1,14.5
1204.859,92,102.0,771.0,1.0,30.0,7.13,83.5,21.0,14.1,14.5
1204.948,92,102.0,771.0,1.0,30.0,7.02,83.5,21.0,14.1,14.5
1205.037,92,102.0,771.0,1.0,30.0,7.02,83.5,21.0,14.1,14.5
1205.127,92,102.0,771.0,1.0,30.0,7.02,83.5,21.0,14.1,14.5
1205.218,92,102.0,771.0,1.0,30.0,7.02,83.5,21.0,14.1,14.5
1205.309,92,102.0,771.0,1.0,30.0,7.02,83.5,21.0,14.1,14.5
1205.397,92,102.0,771.0,1.0,30.0,7.02,83.5,21.0,14.1,14.5
1205.487,92,102.0,771.0,1.0,30.0,7.02,83.5,21.0,14.1,14.5
1205.577,92,102.0,770.0,1.0,30.0,7.02,83.5,21.0,14.1,14.5
1205.667,92,102.0,770.0,0.0,30.0,7.02,83.5,21.0,14.1,14.5
1205.757,92,102.0,770.0,0.0,30.0,7.02,83.5,21.0,14.1,14.5
1205.847,92,102.0,770.0,0.0,30.0,7.19,83.5,21.0,14.1,14.5
1205.938,92,102.0,770.0,0.0,30.0,7.19,83.5,21.0,14.1,14.5
1206.027,92,102.0,770.0,0.0,30.0,7.19,83.5,21.0,14.1,14.5
1206.117,92,102.0,770.0,0.0,30.0,7.19,83.5,21.0,14.1,14.5
1206.207,92,102.0,770.0,0.0,30.0,7.19,83.5,21.0,14.1,14.5
1206.298,92,102.0,770.0,0.0,30.0,7.19,83.5,21.0,14.1,14.5
1206.391,92,102.0,770.0,0.0,30.0,7.19,83.5,21.0,14.1,14.5
1206.477,92,102.0,771.0,0.0,30.0,7.19,83.5,21.0,14.1,14.5
1206.567,92,102.0,771.0,1.0,30.0,7.19,83.5,21.0,14.1,14.5
1206.657,92,102.0,771.0,1.0,30.0,7.19,83.5,21.0,14.1,14.5
1206.748,92,102.0,771.0,1.0,30.0,6.77,83.5,21.0,14.1,14.5
1206.837,92,102.0,771.0,1.0,30.0,6.77,83.5,21.0,14.1,14.5
1206.927,92,102.0,771.0,1.0,30.0,6.77,83.5,21.0,14.1,14.5
1207.017,92,102.0,771.0,1.0,30.0,6.77,83.5,21.0,14.1,14.5
1207.108,92,102.0,771.0,1.0,30.0,6.77,83.5,21.0,14.1,14.5
1207.2,92,102.0,771.0,1.0,30.0,6.77,83.5,21.0,14.1,14.5
1207.287,92,102.0,771.0,1.0,30.0,6.77,83.5,21.0,14.1,14.5
1207.377,92,102.0,771.0,1.0,30.0,6.77,83.5,21.0,14.1,14.5
1207.467,92,102.0,771.0,1.0,30.0,6.77,83.5,21.0,14.1,14.5
1207.557,92,102.0,771.0,1.0,30.0,6.77,83.5,21.0,14.1,14.5
1207.648,92,102.0,771.0,1.0,30.0,7.38,83.5,21.0,14.1,14.5
1207.737,92,102.0,771.0,1.0,30.0,7.38,83.5,21.0,14.1,14.5
1207.828,92,102.0,771.0,1.0,30.0,7.38,83.5,21.0,14.1,14.5
1207.917,92,102.0,771.0,1.0,30.0,7.38,83.5,21.0,14.1,14.5
1208.008,92,102.0,771.0,1.0,30.0,7.38,83.5,21.0,14.1,14.5
1208.097,92,102.0,771.0,1.0,30.0,7.38,83.5,21.0,14.1,14.5
1208.188,92,102.0,771.0,1.0,30.0,7.38,83.5,21.0,14.1,14.5
1208.277,92,102.0,771.0,1.0,30.0,7.38,83.5,21.0,14.1,14.5
1208.371,92,102.0,771.0,3.0,30.0,7.38,83.5,21.0,14.1,14.5
1208.456,92,102.0,771.0,3.0,30.0,7.38,83.5,21.0,14.1,14.5
1208.547,92,102.0,771.0,3.0,30.0,7.11,83.5,21.0,14.1,14.5
1208.637,92,102.0,771.0,3.0,30.0,7.11,83.5,21.0,14.1,14.5
1208.727,92,102.0,771.0,3.0,30.0,7.11,83.5,21.0,14.1,14.5
1208.817,92,102.0,771.0,3.0,30.0,7.11,83.5,21.0,14.1,14.5
1208.909,92,102.0,771.0,3.0,30.0,7.11,83.5,21.0,14.1,14.5
1208.997,92,102.0,771.0,3.0,30.0,7.11,83.5,21.0,14.1,14.5
1209.087,92,102.0,771.0,3.0,30.0,7.11,83.5,21.0,14.1,14.5
1209.177,92,102.0,768.0,3.0,30.0,7.11,83.5,21.0,14.1,14.5
1209.268,92,102.0,768.0,4.0,30.0,7.11,83.5,21.0,14.1,14.5
1209.38,92,102.0,768.0,4.0,30.0,7.11,83.5,21.0,14.1,14.5
1209.447,92,102.0,768.0,4.0,30.0,6.94,83.5,21.0,14.1,14.5
1209.538,92,102.0,768.0,4.0,30.0,6.94,83.5,21.0,14.1,14.5
1209.627,92,102.0,768.0,4.0,30.0,6.94,83.5,21.0,14.1,14.5
1209.717,92,102.0,768.0,4.0,30.0,6.94,83.5,21.0,14.1,14.5
1209.807,92,102.0,768.0,4.0,30.0,6.94,83.5,21.0,14.1,14.5
1209.897,92,102.0,768.0,4.0,30.0,6.94,83.5,21.0,14.1,14.5
1209.988,92,102.0,768.0,4.0,30.0,6.94,83.5,21.0,14.1,14.5
1210.077,92,102.0,770.0,4.0,30.0,6.94,83.5,21.0,14.1,14.5
1210.168,92,102.0,770.0,5.0,30.0,6.94,83.5,21.0,14.1,14.5
1210.257,92,102.0,770.0,5.0,30.0,6.94,83.5,21.0,14.1,14.5
1210.351,92,102.0,770.0,5.0,30.0,7.27,83.5,21.0,14.1,14.5
1210.436,92,102.0,770.0,5.0,30.0,7.27,83.5,21.0,14.1,14.5
1210.527,92,102.0,770.0,5.0,30.0,7.27,83.5,21.0,14.1,14.5
1210.617,92,102.0,770.0,5.0,30.0,7.27,83.5,21.0,14.1,14.5
1210.707,92,102.0,770.0,5.0,30.0,7.27,83.5,21.0,14.1,14.5
1210.797,92,102.0,770.0,5.0,30.0,7.27,83.5,21.0,14.1,14.5
1210.888,92,102.0,770.0,5.0,30.0,7.27,83.5,21.0,14.1,14.5
1210.978,92,102.0,816.0,5.0,30.0,7.27,83.5,21.0,14.1,14.5
1211.068,92,102.0,816.0,6.0,30.0,7.27,83.5,21.0,14.1,14.5
1211.157,92,102.0,816.0,6.0,30.0,7.27,83.5,21.0,14.1,14.5
1211.249,92,102.0,816.0,6.0,30.0,7.83,83.5,21.0,14.1,14.5
1211.338,92,102.0,816.0,6.0,30.0,7.83,83.5,21.0,14.1,14.5
1211.426,92,102.0,816.0,6.0,30.0,7.83,83.5,21.0,14.1,14.5
1211.516,92,102.0,816.0,6.0,30.0,7.83,83.5,21.0,14.1,14.5
1211.606,92,102.0,816.0,6.0,30.0,7.83,83.5,21.0,14.1,14.5
1211.696,92,102.0,816.0,6.0,30.0,7.83,83.5,21.0,14.1,14.5
1211.787,92,102.0,816.0,6.0,30.0,7.83,83.5,21.0,14.1,14.5
1211.877,92,102.0,861.0,6.0,30.0,7.83,83.5,21.0,14.1,14.5
1211.967,92,102.0,861.0,6.0,30.0,7.83,83.5,21.0,14.1,14.5
1212.058,92,102.0,861.0,6.0,30.0,7.83,83.5,21.0,14.1,14.5
1212.147,92,102.0,861.0,6.0,30.0,7.94,83.5,21.0,14.1,14.5
1212.238,92,102.0,861.0,6.0,30.0,7.94,83.5,21.0,14.1,14.5
1212.328,92,102.0,861.0,6.0,30.0,7.94,83.5,21.0,14.1,14.5
1212.417,92,102.0,861.0,6.0,30.0,7.94,83.5,21.0,14.1,14.5
1212.507,92,102.0,861.0,6.0,30.0,7.94,83.5,21.0,14.1,14.5
1212.597,92,102.0,861.0,6.0,30.0,7.94,83.5,21.0,14.1,14.5
1212.688,92,103.0,861.0,6.0,30.0,7.94,83.5,21.0,14.1,14.5
1212.777,92,103.0,902.0,6.0,30.0,7.94,83.5,21.0,14.1,14.5
1212.868,92,103.0,902.0,6.0,30.0,7.94,83.5,21.0,14.1,14.5
1212.957,92,103.0,902.0,6.0,31.0,7.94,83.5,21.0,14.1,14.5
1213.047,92,103.0,902.0,6.0,31.0,8.33,83.5,21.0,14.1,14.5
1213.138,92,103.0,902.0,6.0,31.0,8.33,83.5,21.0,14.1,14.5
1213.228,92,103.0,902.0,6.0,31.0,8.33,83.5,21.0,14.1,14.5
1213.317,92,103.0,902.0,6.0,31.0,8.33,83.5,21.0,14.1,14.5
1213.408,92,103.0,902.0,6.0,31.0,8.33,83.5,21.0,14.1,14.5
1213.497,92,103.0,902.0,6.0,31.0,8.33,83.5,21.0,14.1,14.5
1213.587,92,103.0,902.0,6.0,31.0,8.33,83.5,21.0,14.1,14.5
1213.678,92,103.0,903.0,6.0,31.0,8.33,83.5,21.0,14.1,14.5
1213.768,92,103.0,903.0,5.0,31.0,8.33,83.5,21.0,14.1,14.5
1213.859,92,103.0,903.0,5.0,32.0,8.33,83.5,21.0,14.1,14.5
1213.948,92,103.0,903.0,5.0,32.0,8.19,83.5,21.0,14.1,14.5
1214.037,92,103.0,903.0,5.0,32.0,8.19,83.5,21.0,14.1,14.5
1214.128,92,103.0,903.0,5.0,32.0,8.19,83.5,21.0,14.1,14.5
1214.217,92,103.0,903.0,5.0,32.0,8.19,83.5,21.0,14.1,14.5
1214.308,92,103.0,903.0,5.0,32.0,8.19,83.5,21.0,14.1,14.5
1214.397,92,103.0,903.0,5.0,32.0,8.19,83.5,21.0,14.1,14.5
1214.487,92,104.0,903.0,5.0,32.0,8.19,83.5,21.0,14.1,14.5
1214.577,92,104.0,900.0,5.0,32.0,8.19,83.5,21.0,14.1,14.5
1214.668,92,104.0,900.0,4.0,32.0,8.19,83.5,21.0,14.1,14.5
1214.757,92,104.0,900.0,4.0,31.0,8.19,83.5,21.0,14.1,14.5
1214.848,92,104.0,900.0,4.0,31.0,8.19,83.5,21.0,14.1,14.5
1214.937,92,104.0,900.0,4.0,31.0,8.19,83.5,21.0,14.1,14.5
1215.03,92,104.0,900.0,4.0,31.0,8.19,83.5,21.0,14.1,14.5
1215.117,92,104.0,900.0,4.0,31.0,8.19,83.5,21.0,14.1,14.5
1215.207,92,104.0,900.0,4.0,31.0,8.19,83.5,21.0,14.1,14.5
1215.297,92,104.0,900.0,4.0,31.0,8.19,83.5,21.0,14.1,14.5
1215.391,92,104.0,900.0,4.0,31.0,8.19,83.5,21.0,14.1,14.5
1215.477,92,104.0,899.0,4.0,31.0,8.19,83.5,21.0,14.1,14.5
1215.567,92,104.0,899.0,4.0,31.0,8.19,83.5,21.0,14.1,14.5
1215.656,92,104.0,899.0,4.0,32.0,8.19,83.5,21.0,14.1,14.5
1215.746,92,104.0,899.0,4.0,32.0,8.3,83.5,21.0,14.1,14.5
1215.838,92,104.0,899.0,4.0,32.0,8.3,83.5,21.0,14.1,14.5
1215.926,92,104.0,899.0,4.0,32.0,8.3,83.5,21.0,14.1,14.5
1216.016,92,104.0,899.0,4.0,32.0,8.3,83.5,21.0,14.1,14.5
1216.108,92,104.0,899.0,4.0,32.0,8.3,83.5,21.0,14.1,14.5
1216.197,92,104.0,899.0,4.0,32.0,8.3,83.5,21.0,14.1,14.5
1216.287,92,104.0,899.0,4.0,32.0,8.3,83.5,21.0,14.1,14.5
1216.38,92,104.0,871.0,4.0,32.0,8.3,83.5,21.0,14.1,14.5
1216.467,92,104.0,871.0,3.0,32.0,8.3,83.5,21.0,14.1,14.5
1216.557,92,104.0,871.0,3.0,32.0,8.3,83.5,21.0,14.1,14.5
1216.647,92,104.0,871.0,3.0,32.0,7.86,83.5,21.0,14.1,14.5
1216.737,92,104.0,871.0,3.0,32.0,7.86,83.5,21.0,14.1,14.5
1216.828,92,104.0,871.0,3.0,32.0,7.86,83.5,21.0,14.1,14.5
1216.917,92,104.0,871.0,3.0,32.0,7.86,83.5,21.0,14.1,14.5
1217.007,92,104.0,871.0,3.0,32.0,7.86,83.5,21.0,14.1,14.5
1217.097,92,104.0,871.0,3.0,32.0,7.86,83.5,21.0,14.1,14.5
1217.188,92,103.0,871.0,3.0,32.0,7.86,83.5,21.0,14.1,14.5
1217.278,92,103.0,772.0,3.0,32.0,7.86,83.5,21.0,14.1,14.5
1217.366,92,103.0,772.0,3.0,32.0,7.86,83.5,21.0,14.1,14.5
1217.456,92,103.0,772.0,3.0,31.0,7.86,83.5,21.0,14.1,14.5
1217.547,92,103.0,772.0,3.0,31.0,7.02,83.5,21.0,14.1,14.5
1217.637,92,103.0,772.0,3.0,31.0,7.02,83.5,21.0,14.1,14.5
1217.727,92,103.0,772.0,3.0,31.0,7.02,83.5,21.0,14.1,14.5
1217.817,92,103.0,772.0,3.0,31.0,7.02,83.5,21.0,14.1,14.5
1217.907,92,103.0,772.0,3.0,31.0,7.02,83.5,21.0,14.1,14.5
1217.997,92,103.0,772.0,3.0,31.0,7.02,83.5,21.0,14.1,14.5
1218.088,92,103.0,772.0,3.0,31.0,7.02,83.5,21.0,14.1,14.5
1218.177,92,103.0,766.0,3.0,31.0,7.02,83.5,21.0,14.1,14.5
1218.27,92,103.0,766.0,2.0,31.0,7.02,83.5,21.0,14.1,14.5
1218.357,92,103.0,766.0,2.0,30.0,7.02,83.5,21.0,14.1,14.5
1218.476,92,103.0,766.0,2.0,30.0,6.91,83.5,21.0,14.1,14.5
1218.567,92,103.0,766.0,2.0,30.0,6.91,83.5,21.0,14.1,14.5
1218.658,92,103.0,766.0,2.0,30.0,6.91,83.5,21.0,14.1,14.5
1218.749,92,103.0,766.0,2.0,30.0,6.91,83.5,21.0,14.1,14.5
1218.837,92,103.0,766.0,2.0,30.0,6.91,83.5,21.0,14.1,14.5
1218.928,91,103.0,766.0,2.0,30.0,6.91,83.5,21.0,14.1,14.5
1219.017,91,102.0,766.0,2.0,30.0,6.91,83.5,21.0,14.1,14.5
1219.108,91,102.0,768.0,2.0,30.0,6.91,83.5,21.0,14.1,14.5
1219.197,91,102.0,768.0,1.0,30.0,6.91,83.5,21.0,14.1,14.5
1219.288,91,102.0,768.0,1.0,30.0,6.91,83.5,21.0,14.1,14.5
1219.376,91,102.0,768.0,1.0,30.0,6.86,83.5,21.0,14.1,14.5
1219.467,91,102.0,768.0,1.0,30.0,6.86,83.5,21.0,14.1,14.5
1219.557,91,102.0,768.0,1.0,30.0,6.86,83.5,21.0,14.1,14.5
1219.649,91,102.0,768.0,1.0,30.0,6.86,83.5,21.0,14.1,14.5
1219.737,91,102.0,768.0,1.0,30.0,6.86,83.5,21.0,14.1,14.5
1219.828,91,102.0,768.0,1.0,30.0,6.86,83.5,21.0,14.1,14.5
1219.918,91,102.0,768.0,1.0,30.0,6.86,83.5,21.0,14.1,14.5
1220.009,91,102.0,760.0,1.0,30.0,6.86,83.5,21.0,14.1,14.5
1220.098,91,102.0,760.0,0.0,30.0,6.86,83.5,21.0,14.1,14.5
1220.188,91,102.0,760.0,0.0,30.0,6.86,83.5,21.0,14.1,14.5
1220.277,91,102.0,760.0,0.0,30.0,7.08,83.5,21.0,14.1,14.5
1220.367,91,102.0,760.0,0.0,30.0,7.08,83.5,21.0,14.1,14.5
1220.456,91,102.0,760.0,0.0,30.0,7.08,83.5,21.0,14.1,14.5
1220.547,91,102.0,760.0,0.0,30.0,7.08,83.5,21.0,14.1,14.5
1220.637,91,102.0,760.0,0.0,30.0,7.08,83.5,21.0,14.1,14.1
1220.728,91,102.0,760.0,0.0,30.0,7.08,83.5,21.0,14.1,14.1
1220.817,91,102.0,760.0,0.0,30.0,7.08,83.5,21.0,14.1,14.1
1220.909,91,102.0,798.0,0.0,30.0,7.08,83.5,21.0,14.1,14.1
1220.997,91,102.0,798.0,0.0,30.0,7.08,83.5,21.0,14.1,14.1
1221.088,91,102.0,798.0,0.0,30.0,7.08,83.5,21.0,14.1,14.1
1221.177,91,102.0,798.0,0.0,30.0,8.52,83.5,21.0,14.1,14.1
1221.268,91,102.0,798.0,0.0,30.0,8.52,83.5,21.0,14.1,14.1
1221.357,91,102.0,798.0,0.0,30.0,8.52,83.5,21.0,14.1,14.1
1221.454,91,102.0,798.0,0.0,30.0,8.52,83.5,21.0,16.1,14.1
1221.537,91,102.0,798.0,0.0,30.0,8.52,83.5,21.0,16.1,16.1
1221.628,91,102.0,798.0,0.0,30.0,8.52,83.5,21.0,16.1,16.1
1221.717,91,103.0,798.0,0.0,30.0,8.52,83.5,21.0,16.1,16.1
1221.812,91,103.0,881.0,0.0,30.0,8.52,83.5,21.0,16.1,16.1
1221.898,91,103.0,881.0,0.0,30.0,8.52,83.5,21.0,16.1,16.1
1221.988,91,103.0,881.0,0.0,31.0,8.52,83.5,21.0,16.1,16.1
1222.084,91,103.0,881.0,0.0,31.0,8.97,83.5,21.0,16.1,16.1
1222.168,91,103.0,881.0,0.0,31.0,8.97,83.5,21.0,16.1,16.1
1222.257,91,103.0,881.0,0.0,31.0,8.97,83.5,21.0,16.1,16.1
1222.351,91,103.0,881.0,0.0,31.0,8.97,83.5,21.0,18.4,16.1
1222.437,91,103.0,881.0,0.0,31.0,8.97,83.5,21.0,18.4,18.0
1222.527,91,103.0,881.0,0.0,31.0,8.97,83.5,21.0,18.4,18.0
1222.617,91,105.0,881.0,0.0,31.0,8.97,83.5,21.0,18.4,18.0
1222.708,91,105.0,1001.0,0.0,31.0,8.97,83.5,21.0,18.4,18.0
1222.798,91,105.0,1001.0,1.0,31.0,8.97,83.5,21.0,18.4,18.0
1222.888,91,105.0,1001.0,1.0,32.0,8.97,83.5,21.0,18.4,18.0
1222.977,91,105.0,1001.0,1.0,32.0,10.08,83.5,21.0,18.4,18.0
1223.068,91,105.0,1001.0,1.0,32.0,10.08,83.5,21.0,18.4,18.0
1223.157,91,105.0,1001.0,1.0,32.0,10.08,83.5,21.0,18.4,18.0
1223.248,91,105.0,1001.0,1.0,32.0,10.08,83.5,21.0,16.5,18.0
1223.337,91,105.0,1001.0,1.0,32.0,10.08,83.5,21.0,16.5,17.3
1223.487,91,105.0,1001.0,1.0,32.0,10.08,83.5,21.0,16.5,17.3
1223.577,91,106.0,1001.0,1.0,32.0,10.08,83.5,21.0,16.5,17.3
1223.669,91,106.0,958.0,1.0,32.0,10.08,83.5,21.0,16.5,17.3
1223.757,91,106.0,958.0,1.0,32.0,10.08,83.5,21.0,16.5,17.3
1223.848,91,106.0,958.0,1.0,34.0,10.08,83.5,21.0,16.5,17.3
1223.968,91,106.0,958.0,1.0,34.0,8.86,83.5,21.0,16.5,17.3
1224.057,91,106.0,958.0,1.0,34.0,8.86,83.5,21.0,16.5,17.3
1224.148,91,106.0,958.0,1.0,34.0,8.86,83.5,21.0,16.5,17.3
1224.237,91,106.0,958.0,1.0,34.0,8.86,83.5,21.0,18.0,17.3
1224.328,91,106.0,958.0,1.0,34.0,8.86,83.5,21.0,18.0,17.6
1224.417,91,106.0,958.0,1.0,34.0,8.86,83.5,21.0,18.0,17.6
1224.507,91,106.0,958.0,1.0,34.0,8.86,83.5,21.0,18.0,17.6
1224.597,91,106.0,973.0,1.0,34.0,8.86,83.5,21.0,18.0,17.6
1224.688,91,106.0,973.0,1.0,34.0,8.86,83.5,21.0,18.0,17.6
1224.777,91,106.0,973.0,1.0,33.0,8.86,83.5,21.0,18.0,17.6
1224.868,91,106.0,973.0,1.0,33.0,9.3,83.5,21.0,18.0,17.6
1224.957,91,106.0,973.0,1.0,33.0,9.3,83.5,21.0,18.0,17.6
1225.05,91,106.0,973.0,1.0,33.0,9.3,83.5,21.0,18.0,17.6
1225.137,91,106.0,973.0,1.0,33.0,9.3,83.5,21.0,17.3,17.6
1225.228,91,106.0,973.0,1.0,33.0,9.3,83.5,21.0,17.3,18.0
1225.317,91,106.0,973.0,1.0,33.0,9.3,83.5,21.0,17.3,18.0
1225.408,91,107.0,973.0,1.0,33.0,9.3,83.5,21.0,17.3,18.0
1225.498,91,107.0,946.0,1.0,33.0,9.3,83.5,21.0,17.3,18.0
1225.587,91,107.0,946.0,1.0,33.0,9.3,83.5,21.0,17.3,18.0
1225.677,91,107.0,946.0,1.0,33.0,9.3,83.5,21.0,17.3,18.0
1225.768,91,107.0,946.0,1.0,33.0,9.86,83.5,21.0,17.3,18.0
1225.859,91,107.0,946.0,1.0,33.0,9.86,83.5,21.0,17.3,18.0
1225.948,91,107.0,946.0,1.0,33.0,9.86,83.5,21.0,17.3,18.0
1226.038,91,107.0,946.0,1.0,33.0,9.86,83.5,21.0,19.6,18.0
1226.129,91,107.0,946.0,1.0,33.0,9.86,83.5,21.0,19.6,19.6
1226.217,91,107.0,946.0,1.0,33.0,9.86,83.5,21.0,19.6,19.6
1226.308,91,107.0,946.0,1.0,33.0,9.86,83.5,21.0,19.6,19.6
1226.398,91,107.0,1009.0,1.0,33.0,9.86,83.5,21.0,19.6,19.6
1226.488,91,107.0,1009.0,1.0,33.0,9.86,83.5,21.0,19.6,19.6
1226.577,91,107.0,1009.0,1.0,34.0,9.86,83.5,21.0,19.6,19.6
1226.667,91,107.0,1009.0,1.0,34.0,9.11,83.5,21.0,19.6,19.6
1226.757,91,107.0,1009.0,1.0,34.0,9.11,83.5,21.0,19.6,19.6
1226.847,91,107.0,1009.0,1.0,34.0,9.11,83.5,21.0,19.6,19.6
1226.937,91,107.0,1009.0,1.0,34.0,9.11,83.5,21.0,20.0,19.6
1227.027,91,107.0,1009.0,1.0,34.0,9.11,83.5,21.0,20.0,19.2
1227.117,91,107.0,1009.0,1.0,34.0,9.11,83.5,21.0,20.0,19.2
1227.208,91,108.0,1009.0,1.0,34.0,9.11,83.5,21.0,20.0,19.2
1227.298,91,108.0,1005.0,1.0,34.0,9.11,83.5,21.0,20.0,19.2
1227.39,91,108.0,1005.0,2.0,34.0,9.11,83.5,21.0,20.0,19.2
1227.476,91,108.0,1005.0,2.0,33.0,9.11,83.5,21.0,20.0,19.2
1227.567,91,108.0,1005.0,2.0,33.0,8.69,83.5,21.0,20.0,19.2
1227.657,91,108.0,1005.0,2.0,33.0,8.69,83.5,21.0,20.0,19.2
1227.748,91,108.0,1005.0,2.0,33.0,8.69,83.5,21.0,20.0,19.2
1227.837,91,108.0,1005.0,2.0,33.0,8.69,83.5,21.0,18.0,19.2
1227.929,91,108.0,1005.0,2.0,33.0,8.69,83.5,21.0,18.0,18.0
1228.017,91,108.0,1005.0,2.0,33.0,8.69,83.5,21.0,18.0,18.0
1228.108,91,108.0,1005.0,2.0,33.0,8.69,83.5,21.0,18.0,18.0
1228.197,91,108.0,965.0,2.0,33.0,8.69,83.5,21.0,18.0,18.0
1228.289,91,108.0,965.0,1.0,33.0,8.69,83.5,21.0,18.0,18.0
1228.42,91,108.0,965.0,1.0,33.0,8.69,83.5,21.0,18.0,18.0
1228.527,91,108.0,965.0,1.0,33.0,9.3,83.5,21.0,18.0,18.0
1228.617,91,108.0,965.0,1.0,33.0,9.3,83.5,21.0,18.0,18.0
1228.708,91,108.0,965.0,1.0,33.0,9.3,83.5,21.0,18.0,18.0
1228.797,91,108.0,965.0,1.0,33.0,9.3,83.5,21.0,19.2,18.0
1228.888,91,108.0,965.0,1.0,33.0,9.3,83.5,21.0,19.2,18.8
1228.977,91,108.0,965.0,1.0,33.0,9.3,83.5,21.0,19.2,18.8
1229.069,91,108.0,965.0,1.0,33.0,9.3,83.5,21.0,19.2,18.8
1229.158,91,108.0,1008.0,1.0,33.0,9.3,83.5,21.0,19.2,18.8
1229.248,91,108.0,1008.0,2.0,33.0,9.3,83.5,21.0,19.2,18.8
1229.337,91,108.0,1008.0,2.0,33.0,9.3,83.5,21.0,19.2,18.8
1229.426,91,108.0,1008.0,2.0,33.0,8.88,83.5,21.0,19.2,18.8
1229.517,91,108.0,1008.0,2.0,33.0,8.88,83.5,21.0,19.2,18.8
1229.607,91,108.0,1008.0,2.0,33.0,8.88,83.5,21.0,19.2,18.8
1229.697,91,108.0,1008.0,2.0,33.0,8.88,83.5,21.0,16.9,18.8
1229.788,91,108.0,1008.0,2.0,33.0,8.88,83.5,21.0,16.9,18.0
1229.878,91,108.0,1008.0,2.0,33.0,8.88,83.5,21.0,16.9,18.0
1229.97,91,107.0,1008.0,2.0,33.0,8.88,83.5,21.0,16.9,18.0
1230.058,91,107.0,980.0,2.0,33.0,8.88,83.5,21.0,16.9,18.0
1230.148,91,107.0,980.0,1.0,33.0,8.88,83.5,21.0,16.9,18.0
1230.237,91,107.0,980.0,1.0,33.0,8.88,83.5,21.0,16.9,18.0
1230.341,91,107.0,980.0,1.0,33.0,9.05,83.5,21.0,16.9,18.0
1230.416,91,107.0,980.0,1.0,33.0,9.05,83.5,21.0,16.9,18.0
1230.507,91,107.0,980.0,1.0,33.0,9.05,83.5,21.0,16.9,18.0
1230.597,91,107.0,980.0,1.0,33.0,9.05,83.5,21.0,21.2,18.0
1230.688,91,107.0,980.0,1.0,33.0,9.05,83.5,21.0,21.2,20.8
1230.777,91,107.0,980.0,1.0,33.0,9.05,83.5,21.0,21.2,20.8
1230.868,91,107.0,980.0,1.0,33.0,9.05,83.5,21.0,21.2,20.8
1230.957,91,107.0,1141.0,1.0,33.0,9.05,83.5,21.0,21.2,20.8
1231.048,91,107.0,1141.0,1.0,33.0,9.05,83.5,21.0,21.2,20.8
1231.137,91,107.0,1141.0,1.0,33.0,9.05,83.5,21.0,21.2,20.8
1231.231,91,107.0,1141.0,1.0,33.0,9.97,83.5,21.0,21.2,20.8
1231.317,91,107.0,1141.0,1.0,33.0,9.97,83.5,21.0,21.2,20.8
1231.408,91,107.0,1141.0,1.0,33.0,9.97,83.5,21.0,21.2,20.8
1231.497,91,107.0,1141.0,1.0,33.0,9.97,83.5,21.0,21.6,20.8
1231.588,91,107.0,1141.0,1.0,33.0,9.97,83.5,21.0,21.6,21.6
1231.677,91,107.0,1141.0,1.0,33.0,9.97,83.5,21.0,21.6,21.6
1231.768,91,106.0,1141.0,1.0,33.0,9.97,83.5,21.0,21.6,21.6
1231.857,91,106.0,1150.0,1.0,33.0,9.97,83.5,21.0,21.6,21.6
1231.949,91,106.0,1150.0,1.0,33.0,9.97,83.5,21.0,21.6,21.6
1232.037,91,106.0,1150.0,1.0,34.0,9.97,83.5,21.0,21.6,21.6
1232.128,91,106.0,1150.0,1.0,34.0,9.94,83.5,21.0,21.6,21.6
1232.217,91,106.0,1150.0,1.0,34.0,9.94,83.5,21.0,21.6,21.6
1232.331,91,106.0,1150.0,1.0,34.0,9.94,83.5,21.0,21.6,21.6
1232.397,91,106.0,1150.0,1.0,34.0,9.94,83.5,21.0,14.1,21.6
1232.488,91,106.0,1150.0,1.0,34.0,9.94,83.5,21.0,14.1,14.5
1232.577,91,106.0,1150.0,1.0,34.0,9.94,83.5,21.0,14.1,14.5
1232.668,91,105.0,1150.0,1.0,34.0,9.94,83.5,21.0,14.1,14.5
1232.757,91,105.0,1035.0,1.0,34.0,9.94,83.5,21.0,14.1,14.5
1232.848,91,105.0,1035.0,1.0,34.0,9.94,83.5,21.0,14.1,14.5
1232.937,91,105.0,1035.0,1.0,33.0,9.94,83.5,21.0,14.1,14.5
1233.028,91,105.0,1035.0,1.0,33.0,8.19,83.5,21.0,14.1,14.5
1233.118,91,105.0,1035.0,1.0,33.0,8.19,83.5,21.0,14.1,14.5
1233.208,91,105.0,1035.0,1.0,33.0,8.19,83.5,21.0,14.1,14.5
1233.302,91,105.0,1035.0,1.0,33.0,8.19,83.5,21.0,14.1,14.5
1233.417,91,105.0,1035.0,1.0,33.0,8.19,83.5,21.0,14.1,14.5
1233.537,91,105.0,1035.0,1.0,33.0,8.19,83.5,21.0,14.1,14.5
1233.631,91,106.0,1035.0,1.0,33.0,8.19,83.5,21.0,14.1,14.5
1233.717,91,106.0,981.0,1.0,33.0,8.19,83.5,21.0,14.1,14.5
1233.807,91,106.0,981.0,0.0,33.0,8.19,83.5,21.0,14.1,14.5
1233.897,91,106.0,981.0,0.0,32.0,8.19,83.5,21.0,14.1,14.5
1233.988,91,106.0,981.0,0.0,32.0,8.52,83.5,21.0,14.1,14.5
1234.077,91,106.0,981.0,0.0,32.0,8.52,83.5,21.0,14.1,14.5
1234.167,91,106.0,981.0,0.0,32.0,8.52,83.5,21.0,14.1,14.5
1234.257,91,106.0,981.0,0.0,32.0,8.52,83.5,21.0,14.1,14.5
1234.347,91,106.0,981.0,0.0,32.0,8.52,83.5,21.0,14.1,14.5
1234.437,91,106.0,981.0,0.0,32.0,8.52,83.5,21.0,14.1,14.5
1234.528,91,105.0,981.0,0.0,32.0,8.52,83.5,21.0,14.1,14.5
1234.617,91,105.0,904.0,0.0,32.0,8.52,83.5,21.0,14.1,14.5
1234.708,91,105.0,904.0,0.0,32.0,8.52,83.5,21.0,14.1,14.5
1234.797,91,105.0,904.0,0.0,33.0,8.52,83.5,21.0,14.1,14.5
1234.888,91,105.0,904.0,0.0,33.0,8.33,83.5,21.0,14.1,14.5
1234.977,91,105.0,904.0,0.0,33.0,8.33,83.5,21.0,14.1,14.5
1235.068,91,105.0,904.0,0.0,33.0,8.33,83.5,21.0,14.1,14.5
1235.158,91,105.0,904.0,0.0,33.0,8.33,83.5,21.0,14.5,14.5
1235.248,91,105.0,904.0,0.0,33.0,8.33,83.5,21.0,14.5,14.5
1235.337,91,105.0,904.0,0.0,33.0,8.33,83.5,21.0,14.5,14.5
1235.428,91,105.0,904.0,0.0,33.0,8.33,83.5,21.0,14.5,14.5
1235.518,91,105.0,922.0,0.0,33.0,8.33,83.5,21.0,14.5,14.5
1235.608,91,105.0,922.0,1.0,33.0,8.33,83.5,21.0,14.5,14.5
1235.697,91,105.0,922.0,1.0,32.0,8.33,83.5,21.0,14.5,14.5
1235.788,91,105.0,922.0,1.0,32.0,8.36,83.5,21.0,14.5,14.5
1235.877,91,105.0,922.0,1.0,32.0,8.36,83.5,21.0,14.5,14.5
1235.968,91,105.0,922.0,1.0,32.0,8.36,83.5,21.0,14.5,14.5
1236.058,91,105.0,922.0,1.0,32.0,8.36,83.5,21.0,14.5,14.5
1236.148,91,105.0,922.0,1.0,32.0,8.36,83.5,21.0,14.5,14.5
1236.237,91,105.0,922.0,1.0,32.0,8.36,83.5,21.0,14.5,14.5
1236.328,91,105.0,922.0,1.0,32.0,8.36,83.5,21.0,14.5,14.5
1236.417,91,105.0,932.0,1.0,32.0,8.36,83.5,21.0,14.5,14.5
1236.508,91,105.0,932.0,1.0,32.0,8.36,83.5,21.0,14.5,14.5
1236.597,91,105.0,932.0,1.0,32.0,8.36,83.5,21.0,14.5,14.5
1236.688,91,105.0,932.0,1.0,32.0,8.61,83.5,21.0,14.5,14.5
1236.777,91,105.0,932.0,1.0,32.0,8.61,83.5,21.0,14.5,14.5
1236.867,91,105.0,932.0,1.0,32.0,8.61,83.5,21.0,14.5,14.5
1236.958,91,105.0,932.0,1.0,32.0,8.61,83.5,21.0,14.1,14.5
1237.049,91,105.0,932.0,1.0,32.0,8.61,83.5,21.0,14.1,14.5
1237.137,91,105.0,932.0,1.0,32.0,8.61,83.5,21.0,14.1,14.5
1237.228,91,105.0,932.0,1.0,32.0,8.61,83.5,21.0,14.1,14.5
1237.317,91,105.0,1006.0,1.0,32.0,8.61,83.5,21.0,14.1,14.5
1237.407,91,105.0,1006.0,2.0,32.0,8.61,83.5,21.0,14.1,14.5
1237.497,91,105.0,1006.0,2.0,33.0,8.61,83.5,21.0,14.1,14.5
1237.588,91,105.0,1006.0,2.0,33.0,8.58,83.5,21.0,14.1,14.5
1237.677,91,105.0,1006.0,2.0,33.0,8.58,83.5,21.0,14.1,14.5
1237.768,91,105.0,1006.0,2.0,33.0,8.58,83.5,21.0,14.1,14.5
1237.858,91,105.0,1006.0,2.0,33.0,8.58,83.5,21.0,14.1,14.5
1237.948,91,105.0,1006.0,2.0,33.0,8.58,83.5,21.0,14.1,14.5
1238.037,91,105.0,1006.0,2.0,33.0,8.58,83.5,21.0,14.1,14.5
1238.128,91,105.0,1006.0,2.0,33.0,8.58,83.5,21.0,14.1,14.5
1238.217,91,105.0,920.0,2.0,33.0,8.58,83.5,21.0,14.1,14.5
1238.314,91,105.0,920.0,0.0,33.0,8.58,83.5,21.0,14.1,14.5
1238.457,91,105.0,920.0,0.0,33.0,8.58,83.5,21.0,14.1,14.5
1238.549,91,105.0,920.0,0.0,33.0,8.22,83.5,21.0,14.1,14.5
1238.637,91,105.0,920.0,0.0,33.0,8.22,83.5,21.0,14.1,14.5
1238.728,91,105.0,920.0,0.0,33.0,8.22,83.5,21.0,14.1,14.5
1238.818,91,105.0,920.0,0.0,33.0,8.22,83.5,21.0,14.1,14.5
1238.908,91,105.0,920.0,0.0,33.0,8.22,83.5,21.0,14.1,14.5
1238.998,91,105.0,920.0,0.0,33.0,8.22,83.5,21.0,14.1,14.5
1239.088,91,104.0,920.0,0.0,33.0,8.22,83.5,21.0,14.1,14.5
1239.177,91,104.0,884.0,0.0,33.0,8.22,83.5,21.0,14.1,14.5
1239.268,91,104.0,884.0,0.0,33.0,8.22,83.5,21.0,14.1,14.5
1239.357,91,104.0,884.0,0.0,32.0,8.22,83.5,21.0,14.1,14.5
1239.447,91,104.0,884.0,0.0,32.0,14.61,83.5,21.0,14.1,14.5
1239.537,91,104.0,884.0,0.0,32.0,14.61,83.5,21.0,14.1,14.5
1239.628,91,104.0,884.0,0.0,32.0,14.61,83.5,21.0,14.1,14.5
1239.717,91,104.0,884.0,0.0,32.0,14.61,83.5,21.0,22.4,14.5
1239.809,91,104.0,884.0,0.0,32.0,14.61,83.5,21.0,22.4,22.0
1239.897,91,104.0,884.0,0.0,32.0,14.61,83.5,21.0,22.4,22.0
1239.988,91,104.0,884.0,0.0,32.0,14.61,83.5,21.0,22.4,22.0
1240.078,91,104.0,1146.0,0.0,32.0,14.61,83.5,21.0,22.4,22.0
1240.169,91,104.0,1146.0,0.0,32.0,14.61,83.5,21.0,22.4,22.0
1240.257,91,104.0,1146.0,0.0,35.0,14.61,83.5,21.0,22.4,22.0
1240.347,91,104.0,1146.0,0.0,35.0,9.97,83.5,21.0,22.4,22.0
1240.437,91,104.0,1146.0,0.0,35.0,9.97,83.5,21.0,22.4,22.0
1240.527,91,104.0,1146.0,0.0,35.0,9.97,83.5,21.0,22.4,22.0
1240.617,91,104.0,1146.0,0.0,35.0,9.97,83.5,21.0,22.4,22.0
1240.707,91,104.0,1146.0,0.0,35.0,9.97,83.5,21.0,22.4,22.0
1240.797,91,104.0,1146.0,0.0,35.0,9.97,83.5,21.0,22.4,22.0
1240.887,91,104.0,1146.0,0.0,35.0,9.97,83.5,21.0,22.4,22.0
1240.977,91,104.0,1113.0,0.0,35.0,9.97,83.5,21.0,22.4,22.0
1241.068,91,104.0,1113.0,1.0,35.0,9.97,83.5,21.0,22.4,22.0
1241.157,91,104.0,1113.0,1.0,34.0,9.97,83.5,21.0,22.4,22.0
1241.248,91,104.0,1113.0,1.0,34.0,10.41,83.5,21.0,22.4,22.0
1241.343,91,104.0,1113.0,1.0,34.0,10.41,83.5,21.0,22.4,22.0
1241.427,91,104.0,1113.0,1.0,34.0,10.41,83.5,21.0,22.4,22.0
1241.517,91,104.0,1113.0,1.0,34.0,10.41,83.5,21.0,14.1,22.0
1241.608,91,104.0,1113.0,1.0,34.0,10.41,83.5,21.0,14.1,14.5
1241.697,91,104.0,1113.0,1.0,34.0,10.41,83.5,21.0,14.1,14.5
1241.789,91,104.0,1113.0,1.0,34.0,10.41,83.5,21.0,14.1,14.5
1241.878,91,104.0,1005.0,1.0,34.0,10.41,83.5,21.0,14.1,14.5
1241.968,91,104.0,1005.0,1.0,34.0,10.41,83.5,21.0,14.1,14.5
1242.057,91,104.0,1005.0,1.0,34.0,10.41,83.5,21.0,14.1,14.5
1242.151,91,104.0,1005.0,1.0,34.0,8.55,83.5,21.0,14.1,14.5
1242.238,91,104.0,1005.0,1.0,34.0,8.55,83.5,21.0,14.1,14.5
1242.327,91,104.0,1005.0,1.0,34.0,8.55,83.5,21.0,14.1,14.5
1242.417,91,104.0,1005.0,1.0,34.0,8.55,83.5,21.0,16.1,14.5
1242.507,91,104.0,1005.0,1.0,34.0,8.55,83.5,21.0,16.1,15.7
1242.597,91,104.0,1005.0,1.0,34.0,8.55,83.5,21.0,16.1,15.7
1242.688,91,105.0,1005.0,1.0,34.0,8.55,83.5,21.0,16.1,15.7
1242.777,91,105.0,929.0,1.0,34.0,8.55,83.5,21.0,16.1,15.7
1242.868,91,105.0,929.0,1.0,34.0,8.55,83.5,21.0,16.1,15.7
1242.957,91,105.0,929.0,1.0,32.0,8.55,83.5,21.0,16.1,15.7
1243.048,91,105.0,929.0,1.0,32.0,8.47,83.5,21.0,16.1,15.7
1243.138,91,105.0,929.0,1.0,32.0,8.47,83.5,21.0,16.1,15.7
1243.227,91,105.0,929.0,1.0,32.0,8.47,83.5,21.0,16.1,15.7
1243.316,91,105.0,929.0,1.0,32.0,8.47,83.5,21.0,16.1,15.7
1243.407,91,105.0,929.0,1.0,32.0,8.47,83.5,21.0,16.1,15.7
1243.527,91,105.0,929.0,1.0,32.0,8.47,83.5,21.0,16.1,15.7
1243.618,91,105.0,929.0,1.0,32.0,8.47,83.5,21.0,16.1,15.7
1243.708,91,105.0,930.0,1.0,32.0,8.47,83.5,21.0,16.1,15.7
1243.797,91,105.0,930.0,1.0,32.0,8.47,83.5,21.0,16.1,15.7
1243.894,91,105.0,930.0,1.0,32.0,8.47,83.5,21.0,16.1,15.7
1243.977,91,105.0,930.0,1.0,32.0,8.61,83.5,21.0,16.1,15.7
1244.068,91,105.0,930.0,1.0,32.0,8.61,83.5,21.0,16.1,15.7
1244.157,91,105.0,930.0,1.0,32.0,8.61,83.5,21.0,16.1,15.7
1244.247,91,105.0,930.0,1.0,32.0,8.61,83.5,21.0,16.1,15.7
1244.344,91,105.0,930.0,1.0,32.0,8.61,83.5,21.0,16.1,15.7
1244.457,91,105.0,930.0,1.0,32.0,8.61,83.5,21.0,16.1,15.7
1244.547,91,105.0,930.0,1.0,32.0,8.61,83.5,21.0,16.1,15.7
1244.637,91,105.0,935.0,1.0,32.0,8.61,83.5,21.0,16.1,15.7
1244.727,91,105.0,935.0,1.0,32.0,8.61,83.5,21.0,16.1,15.7
1244.817,91,105.0,935.0,1.0,33.0,8.61,83.5,21.0,16.1,15.7
1244.907,91,105.0,935.0,1.0,33.0,8.66,83.5,21.0,16.1,15.7
1244.998,91,105.0,935.0,1.0,33.0,8.66,83.5,21.0,16.1,15.7
1245.087,91,105.0,935.0,1.0,33.0,8.66,83.5,21.0,16.1,15.7
1245.177,91,105.0,935.0,1.0,33.0,8.66,83.5,21.0,14.1,15.7
1245.267,91,105.0,935.0,1.0,33.0,8.66,83.5,21.0,14.1,14.5
1245.357,91,105.0,935.0,1.0,33.0,8.66,83.5,21.0,14.1,14.5
1245.454,91,105.0,935.0,1.0,33.0,8.66,83.5,21.0,14.1,14.5
1245.537,91,105.0,972.0,1.0,33.0,8.66,83.5,21.0,14.1,14.5
1245.627,91,105.0,972.0,2.0,33.0,8.66,83.5,21.0,14.1,14.5
1245.717,91,105.0,972.0,2.0,33.0,8.66,83.5,21.0,14.1,14.5
1245.807,91,105.0,972.0,2.0,33.0,8.47,83.5,21.0,14.1,14.5
1245.898,91,105.0,972.0,2.0,33.0,8.47,83.5,21.0,14.1,14.5
1246.017,91,105.0,972.0,2.0,33.0,8.47,83.5,22.0,14.1,14.5
1246.107,91,105.0,972.0,2.0,33.0,8.47,83.5,22.0,14.1,14.5
1246.198,91,105.0,972.0,2.0,33.0,8.47,83.5,22.0,14.1,14.5
1246.289,91,105.0,972.0,2.0,33.0,8.47,83.5,22.0,14.1,14.5
1246.378,91,105.0,972.0,2.0,33.0,8.47,83.5,22.0,14.1,14.5
1246.467,91,105.0,904.0,2.0,33.0,8.47,83.5,22.0,14.1,14.5
1246.557,91,105.0,904.0,0.0,33.0,8.47,83.5,22.0,14.1,14.5
1246.647,91,105.0,904.0,0.0,32.0,8.47,83.5,22.0,14.1,14.5
1246.737,91,105.0,904.0,0.0,32.0,8.16,83.5,22.0,14.1,14.5
1246.828,91,105.0,904.0,0.0,32.0,8.16,83.5,22.0,14.1,14.5
1246.917,91,105.0,904.0,0.0,32.0,8.16,83.5,22.0,14.1,14.5
1247.007,91,105.0,904.0,0.0,32.0,8.16,83.5,22.0,14.1,14.5
1247.097,91,105.0,904.0,0.0,32.0,8.16,83.5,22.0,14.1,14.5
1247.187,91,105.0,904.0,0.0,32.0,8.16,83.5,22.0,14.1,14.5
1247.278,91,104.0,904.0,0.0,32.0,8.16,83.5,22.0,14.1,14.5
1247.372,91,104.0,850.0,0.0,32.0,8.16,83.5,22.0,14.1,14.5
1247.456,91,104.0,850.0,0.0,32.0,8.16,83.5,22.0,14.1,14.5
1247.547,91,104.0,850.0,0.0,32.0,8.16,83.5,22.0,14.1,14.5
1247.637,91,104.0,850.0,0.0,32.0,7.66,83.5,22.0,14.1,14.5
1247.728,91,104.0,850.0,0.0,32.0,7.66,83.5,22.0,14.1,14.5
1247.817,91,104.0,850.0,0.0,32.0,7.66,83.5,22.0,14.1,14.5
1247.908,91,104.0,850.0,0.0,32.0,7.66,83.5,22.0,24.7,14.5
1247.997,91,104.0,850.0,0.0,32.0,7.66,83.5,22.0,24.7,25.1
1248.087,91,104.0,850.0,0.0,32.0,7.66,83.5,22.0,24.7,25.1
1248.178,91,105.0,850.0,0.0,32.0,7.66,83.5,22.0,24.7,25.1
1248.269,91,105.0,1245.0,0.0,32.0,7.66,83.5,22.0,24.7,25.1
1248.356,91,105.0,1245.0,1.0,32.0,7.66,83.5,22.0,24.7,25.1
1248.477,91,105.0,1245.0,1.0,35.0,7.66,83.5,22.0,24.7,25.1
1248.567,91,105.0,1245.0,1.0,35.0,13.8,83.5,22.0,24.7,25.1
1248.658,91,105.0,1245.0,1.0,35.0,13.8,83.5,22.0,24.7,25.1
1248.747,91,105.0,1245.0,1.0,35.0,13.8,83.5,22.0,24.7,25.1
1248.837,91,105.0,1245.0,1.0,35.0,13.8,83.5,22.0,14.1,25.1
1248.927,91,105.0,1245.0,1.0,35.0,13.8,83.5,22.0,14.1,14.1
1249.017,91,105.0,1245.0,1.0,35.0,13.8,83.5,22.0,14.1,14.1
1249.107,91,108.0,1245.0,1.0,35.0,13.8,83.5,22.0,14.1,14.1
1249.198,91,108.0,1095.0,1.0,35.0,13.8,83.5,22.0,14.1,14.1
1249.287,91,108.0,1095.0,1.0,35.0,13.8,83.5,22.0,14.1,14.1
1249.376,91,108.0,1095.0,1.0,35.0,13.8,83.5,22.0,14.1,14.1
1249.467,91,108.0,1095.0,1.0,35.0,9.74,83.5,22.0,14.1,14.1
1249.557,91,108.0,1095.0,1.0,35.0,9.74,83.5,22.0,14.1,14.1
1249.648,91,108.0,1095.0,1.0,35.0,9.74,83.5,22.0,14.1,14.1
1249.737,91,108.0,1095.0,1.0,35.0,9.74,83.5,22.0,14.1,14.1
1249.827,91,108.0,1095.0,1.0,35.0,9.74,83.5,22.0,14.1,14.5
1249.917,91,108.0,1095.0,1.0,35.0,9.74,83.5,22.0,14.1,14.5
1250.009,91,105.0,1095.0,1.0,35.0,9.74,83.5,22.0,14.1,14.5
1250.098,91,105.0,960.0,1.0,35.0,9.74,83.5,22.0,14.1,14.5
1250.188,91,105.0,960.0,1.0,35.0,9.74,83.5,22.0,14.1,14.5
1250.277,91,105.0,960.0,1.0,34.0,9.74,83.5,22.0,14.1,14.5
1250.367,91,105.0,960.0,1.0,34.0,8.47,83.5,22.0,14.1,14.5
1250.457,91,105.0,960.0,1.0,34.0,8.47,83.5,22.0,14.1,14.5
1250.547,91,105.0,960.0,1.0,34.0,8.47,83.5,22.0,14.1,14.5
1250.637,91,105.0,960.0,1.0,34.0,8.47,83.5,22.0,14.1,14.5
1250.728,91,105.0,960.0,1.0,34.0,8.47,83.5,22.0,14.1,14.5
1250.817,91,105.0,960.0,1.0,34.0,8.47,83.5,22.0,14.1,14.5
1250.907,91,105.0,960.0,1.0,34.0,8.47,83.5,22.0,14.1,14.5
1250.997,91,105.0,872.0,1.0,34.0,8.47,83.5,22.0,14.1,14.5
1251.089,91,105.0,872.0,0.0,34.0,8.47,83.5,22.0,14.1,14.5
1251.178,91,105.0,872.0,0.0,33.0,8.47,83.5,22.0,14.1,14.5
1251.267,91,105.0,872.0,0.0,33.0,7.88,83.5,22.0,14.1,14.5
1251.356,91,105.0,872.0,0.0,33.0,7.88,83.5,22.0,14.1,14.5
1251.447,91,105.0,872.0,0.0,33.0,7.88,83.5,22.0,14.1,14.5
1251.538,91,105.0,872.0,0.0,33.0,7.88,83.5,22.0,14.1,14.5
1251.627,91,105.0,872.0,0.0,33.0,7.88,83.5,22.0,14.1,14.5
1251.719,91,105.0,872.0,0.0,33.0,7.88,83.5,22.0,14.1,14.5
1251.807,91,104.0,872.0,0.0,33.0,7.88,83.5,22.0,14.1,14.5
1251.928,91,104.0,825.0,0.0,33.0,7.88,83.5,22.0,14.1,14.5
1252.02,91,104.0,825.0,0.0,33.0,7.88,83.5,22.0,14.1,14.5
1252.107,91,104.0,825.0,0.0,32.0,7.88,83.5,22.0,14.1,14.5
1252.197,91,104.0,825.0,0.0,32.0,7.49,83.5,22.0,14.1,14.5
1252.287,91,104.0,825.0,0.0,32.0,7.49,83.5,22.0,14.1,14.5
1252.376,91,104.0,825.0,0.0,32.0,7.49,83.5,22.0,14.1,14.5
1252.468,91,104.0,825.0,0.0,32.0,7.49,83.5,22.0,14.1,14.5
1252.557,91,104.0,825.0,0.0,32.0,7.49,83.5,22.0,14.1,14.5
1252.647,91,104.0,825.0,0.0,32.0,7.49,83.5,22.0,14.1,14.5
1252.737,91,103.0,825.0,0.0,32.0,7.49,83.5,22.0,14.1,14.5
1252.827,91,103.0,772.0,0.0,32.0,7.49,83.5,22.0,14.1,14.5
1252.918,91,103.0,772.0,0.0,32.0,7.49,83.5,22.0,14.1,14.5
1253.008,91,103.0,772.0,0.0,31.0,7.49,83.5,22.0,14.1,14.5
1253.097,91,103.0,772.0,0.0,31.0,7.16,83.5,22.0,14.1,14.5
1253.188,91,103.0,772.0,0.0,31.0,7.16,83.5,22.0,14.1,14.5
1253.277,91,103.0,772.0,0.0,31.0,7.16,83.5,22.0,14.1,14.5
1253.367,91,103.0,772.0,0.0,31.0,7.16,83.5,22.0,14.1,14.5
1253.518,91,103.0,772.0,0.0,31.0,7.16,83.5,22.0,14.1,14.5
1253.607,91,103.0,772.0,0.0,31.0,7.16,83.5,22.0,14.1,14.5
1253.697,91,102.0,772.0,0.0,31.0,7.16,83.5,22.0,14.1,14.5
1253.79,91,102.0,767.0,0.0,31.0,7.16,83.5,22.0,14.1,14.5
1253.877,91,102.0,767.0,0.0,31.0,7.16,83.5,22.0,14.1,14.5
1253.971,91,102.0,767.0,0.0,31.0,7.16,83.5,22.0,14.1,14.5
1254.057,91,102.0,767.0,0.0,31.0,7.11,83.5,22.0,14.1,14.5
1254.147,91,102.0,767.0,0.0,31.0,7.11,83.5,22.0,14.1,14.5
1254.238,91,102.0,767.0,0.0,31.0,7.11,83.5,22.0,14.1,14.5
1254.327,91,102.0,767.0,0.0,31.0,7.11,83.5,22.0,14.1,14.5
1254.417,91,102.0,767.0,0.0,31.0,7.11,83.5,22.0,14.1,14.5
1254.507,91,102.0,767.0,0.0,31.0,7.11,83.5,22.0,14.1,14.5
1254.597,91,102.0,767.0,0.0,31.0,7.11,83.5,22.0,14.1,14.5
1254.688,91,102.0,768.0,0.0,31.0,7.11,83.5,22.0,14.1,14.5
1254.777,91,102.0,768.0,0.0,31.0,7.11,83.5,22.0,14.1,14.5
1254.867,91,102.0,768.0,0.0,31.0,7.11,83.5,22.0,14.1,14.5
1254.957,91,102.0,768.0,0.0,31.0,6.99,83.5,22.0,14.1,14.5
1255.047,91,102.0,768.0,0.0,31.0,6.99,83.5,22.0,14.1,14.5
1255.138,91,102.0,768.0,0.0,31.0,6.99,83.5,22.0,14.1,14.5
1255.227,91,102.0,768.0,0.0,31.0,6.99,83.5,22.0,14.1,14.5
1255.317,91,102.0,768.0,0.0,31.0,6.99,83.5,22.0,14.1,14.5
1255.407,91,102.0,768.0,0.0,31.0,6.99,83.5,22.0,14.1,14.5
1255.497,91,102.0,768.0,0.0,31.0,6.99,83.5,22.0,14.1,14.5
1255.588,91,102.0,768.0,0.0,31.0,6.99,83.5,22.0,14.1,14.5
1255.678,91,102.0,768.0,0.0,31.0,6.99,83.5,22.0,14.1,14.5
1255.738,91,102.0,768.0,0.0,31.0,6.99,83.5,22.0,14.1,14.5
1255.827,91,102.0,768.0,0.0,31.0,7.13,83.5,22.0,14.1,14.5
1255.917,91,102.0,768.0,0.0,31.0,7.13,83.5,22.0,14.1,14.5
1256.008,91,102.0,768.0,0.0,31.0,7.13,83.5,22.0,14.1,14.5
1256.098,91,102.0,768.0,0.0,31.0,7.13,83.5,22.0,14.1,14.5
1256.187,91,102.0,768.0,0.0,31.0,7.13,83.5,22.0,14.1,14.5
1256.28,91,102.0,768.0,0.0,31.0,7.13,83.5,22.0,14.1,14.5
1256.368,91,102.0,768.0,0.0,31.0,7.13,83.5,22.0,14.1,14.5
1256.457,91,102.0,768.0,0.0,31.0,7.13,83.5,22.0,14.1,14.5
1256.548,91,102.0,768.0,0.0,31.0,7.13,83.5,22.0,14.1,14.5
1256.637,91,102.0,768.0,0.0,31.0,7.13,83.5,22.0,14.1,14.5
1256.727,91,102.0,768.0,0.0,31.0,7.27,83.5,22.0,14.1,14.5
1256.817,91,102.0,768.0,0.0,31.0,7.27,83.5,22.0,14.1,14.5
1256.907,91,102.0,768.0,0.0,31.0,7.27,83.5,22.0,14.1,14.5
1257.001,91,102.0,768.0,0.0,31.0,7.27,83.5,22.0,21.2,14.5
1257.087,91,102.0,768.0,0.0,31.0,7.27,83.5,22.0,21.2,22.0
1257.178,91,102.0,768.0,0.0,31.0,7.27,83.5,22.0,21.2,22.0
1257.267,91,102.0,768.0,0.0,31.0,7.27,83.5,22.0,21.2,22.0
1257.357,91,102.0,1146.0,0.0,31.0,7.27,83.5,22.0,21.2,22.0
1257.448,91,102.0,1146.0,0.0,31.0,7.27,83.5,22.0,21.2,22.0
1257.537,91,102.0,1146.0,0.0,31.0,7.27,83.5,22.0,21.2,22.0
1257.627,91,102.0,1146.0,0.0,31.0,14.36,83.5,22.0,21.2,22.0
1257.69,91,102.0,1146.0,0.0,31.0,14.36,83.5,22.0,21.2,22.0
1257.777,91,102.0,1146.0,0.0,31.0,14.36,83.5,22.0,21.2,22.0
1257.867,91,102.0,1146.0,0.0,31.0,14.36,83.5,22.0,22.0,22.0
1257.958,91,102.0,1146.0,0.0,31.0,14.36,83.5,22.0,22.0,22.0
1258.047,91,102.0,1146.0,0.0,31.0,14.36,83.5,22.0,22.0,22.0
1258.138,91,103.0,1146.0,0.0,31.0,14.36,83.5,22.0,22.0,22.0
1258.227,91,103.0,1134.0,0.0,31.0,14.36,83.5,22.0,22.0,22.0
1258.317,91,103.0,1134.0,0.0,31.0,14.36,83.5,22.0,22.0,22.0
1258.437,91,103.0,1134.0,0.0,36.0,14.36,83.5,22.0,22.0,22.0
1258.528,91,103.0,1134.0,0.0,36.0,10.16,83.5,22.0,22.0,22.0
1258.617,91,103.0,1134.0,0.0,36.0,10.16,83.5,22.0,22.0,22.0
1258.707,91,103.0,1134.0,0.0,36.0,10.16,83.5,22.0,22.0,22.0
1258.797,91,103.0,1134.0,0.0,36.0,10.16,83.5,22.0,21.2,22.0
1258.889,91,103.0,1134.0,0.0,36.0,10.16,83.5,22.0,21.2,14.5
1258.977,91,103.0,1134.0,0.0,36.0,10.16,83.5,22.0,21.2,14.5
1259.067,91,103.0,1134.0,0.0,36.0,10.16,83.5,22.0,21.2,14.5
1259.158,91,103.0,1036.0,0.0,36.0,10.16,83.5,22.0,21.2,14.5
1259.247,91,103.0,1036.0,1.0,36.0,10.16,83.5,22.0,21.2,14.5
1259.338,91,103.0,1036.0,1.0,35.0,10.16,83.5,22.0,21.2,14.5
1259.427,91,103.0,1036.0,1.0,35.0,8.58,83.5,22.0,21.2,14.5
1259.517,91,103.0,1036.0,1.0,35.0,8.58,83.5,22.0,21.2,14.5
1259.607,91,103.0,1036.0,1.0,35.0,8.58,83.5,22.0,21.2,14.5
1259.697,91,103.0,1036.0,1.0,35.0,8.58,83.5,22.0,14.1,14.5
1259.789,91,103.0,1036.0,1.0,35.0,8.58,83.5,22.0,14.1,14.5
1259.877,91,103.0,1036.0,1.0,35.0,8.58,83.5,22.0,14.1,14.5
1259.967,91,104.0,1036.0,1.0,35.0,8.58,83.5,22.0,14.1,14.5
1260.058,91,104.0,960.0,1.0,35.0,8.58,83.5,22.0,14.1,14.5
1260.147,91,104.0,960.0,0.0,35.0,8.58,83.5,22.0,14.1,14.5
1260.239,91,104.0,960.0,0.0,34.0,8.58,83.5,22.0,14.1,14.5
1260.331,91,104.0,960.0,0.0,34.0,8.41,83.5,22.0,14.1,14.5
1260.417,91,104.0,960.0,0.0,34.0,8.41,83.5,22.0,14.1,14.5
1260.507,91,104.0,960.0,0.0,34.0,8.41,83.5,22.0,14.1,14.5
1260.597,91,104.0,960.0,0.0,34.0,8.41,83.5,22.0,14.1,14.5
1260.688,91,104.0,960.0,0.0,34.0,8.41,83.5,22.0,14.1,14.5
1260.778,91,104.0,960.0,0.0,34.0,8.41,83.5,22.0,14.1,14.5
1260.84,91,105.0,960.0,0.0,34.0,8.41,83.5,22.0,14.1,14.5
1260.927,91,105.0,891.0,0.0,34.0,8.41,83.5,22.0,14.1,14.5
1261.018,91,105.0,891.0,0.0,34.0,8.41,83.5,22.0,14.1,14.5
1261.107,91,105.0,891.0,0.0,34.0,8.41,83.5,22.0,14.1,14.5
1261.197,91,105.0,891.0,0.0,34.0,8.11,83.5,22.0,14.1,14.5
1261.287,91,105.0,891.0,0.0,34.0,8.11,83.5,22.0,14.1,14.5
1261.377,91,105.0,891.0,0.0,34.0,8.11,83.5,22.0,14.1,14.5
1261.467,91,105.0,891.0,0.0,34.0,8.11,83.5,22.0,14.1,14.5
1261.557,91,105.0,891.0,0.0,34.0,8.11,83.5,22.0,14.1,14.5
1261.647,91,105.0,891.0,0.0,34.0,8.11,83.5,22.0,14.1,14.5
1261.737,91,104.0,891.0,0.0,34.0,8.11,83.5,22.0,14.1,14.5
1261.827,91,104.0,844.0,0.0,34.0,8.11,83.5,22.0,14.1,14.5
1261.917,91,104.0,844.0,0.0,34.0,8.11,83.5,22.0,14.1,14.5
1262.007,91,104.0,844.0,0.0,33.0,8.11,83.5,22.0,14.1,14.5
1262.097,91,104.0,844.0,0.0,33.0,7.69,83.5,22.0,14.1,14.5
1262.187,91,104.0,844.0,0.0,33.0,7.69,83.5,22.0,14.1,14.5
1262.277,91,104.0,844.0,0.0,33.0,7.69,83.5,22.0,14.1,14.5
1262.367,91,104.0,844.0,0.0,33.0,7.69,83.5,22.0,14.1,14.5
1262.457,91,104.0,844.0,0.0,33.0,7.69,83.5,22.0,14.1,14.5
1262.549,91,104.0,844.0,0.0,33.0,7.69,83.5,22.0,14.1,14.5
1262.637,91,103.0,844.0,0.0,33.0,7.69,83.5,22.0,14.1,14.5
1262.728,91,103.0,792.0,0.0,33.0,7.69,83.5,22.0,14.1,14.5
1262.791,91,103.0,792.0,0.0,33.0,7.69,83.5,22.0,14.1,14.5
1262.877,91,103.0,792.0,0.0,32.0,7.69,83.5,22.0,14.1,14.5
1262.939,91,103.0,792.0,0.0,32.0,7.3,83.5,22.0,14.1,14.5
1263.027,91,103.0,792.0,0.0,32.0,7.3,83.5,22.0,14.1,14.5
1263.117,91,103.0,792.0,0.0,32.0,7.3,83.5,22.0,14.1,14.5
1263.207,91,103.0,792.0,0.0,32.0,7.3,83.5,22.0,14.1,14.5
1263.321,91,103.0,792.0,0.0,32.0,7.3,83.5,22.0,14.1,14.5
1263.387,91,103.0,792.0,0.0,32.0,7.3,83.5,22.0,14.1,14.5
1263.538,91,102.0,792.0,0.0,32.0,7.3,83.5,22.0,14.1,14.5
1263.627,91,102.0,767.0,0.0,32.0,7.3,83.5,22.0,14.1,14.5
1263.689,91,102.0,767.0,0.0,32.0,7.3,83.5,22.0,14.1,14.5
1263.777,91,102.0,767.0,0.0,31.0,7.3,83.5,22.0,14.1,14.5
1263.868,91,102.0,767.0,0.0,31.0,7.13,83.5,22.0,14.1,14.5
1263.96,91,102.0,767.0,0.0,31.0,7.13,83.5,22.0,14.1,14.5
1264.047,91,102.0,767.0,0.0,31.0,7.13,83.5,22.0,14.1,14.5
1264.138,91,102.0,767.0,0.0,31.0,7.13,83.5,22.0,14.1,14.5
1264.227,91,102.0,767.0,0.0,31.0,7.13,83.5,22.0,14.1,14.5
1264.321,91,102.0,767.0,0.0,31.0,7.13,83.5,22.0,14.1,14.5
1264.407,91,102.0,767.0,0.0,31.0,7.13,83.5,22.0,14.1,14.5
1264.497,91,102.0,768.0,0.0,31.0,7.13,83.5,22.0,14.1,14.5
1264.587,91,102.0,768.0,0.0,31.0,7.13,83.5,22.0,14.1,14.5
1264.678,91,102.0,768.0,0.0,31.0,7.13,83.5,22.0,14.1,14.5
1264.738,91,102.0,768.0,0.0,31.0,7.11,83.5,22.0,14.1,14.5
1264.828,91,102.0,768.0,0.0,31.0,7.11,83.5,22.0,14.1,14.5
1264.89,91,102.0,768.0,0.0,31.0,7.11,83.5,22.0,14.1,14.5
1264.977,91,102.0,768.0,0.0,31.0,7.11,83.5,22.0,14.1,14.5
1265.067,91,102.0,768.0,0.0,31.0,7.11,83.5,22.0,14.1,14.5
1265.157,91,102.0,768.0,0.0,31.0,7.11,83.5,22.0,14.1,14.5
1265.248,91,102.0,768.0,0.0,31.0,7.11,83.5,22.0,14.1,14.5
1265.338,91,102.0,768.0,0.0,31.0,7.11,83.5,22.0,14.1,14.5
1265.426,91,102.0,768.0,0.0,31.0,7.11,83.5,22.0,14.1,14.5
1265.516,91,102.0,768.0,0.0,31.0,7.11,83.5,22.0,14.1,14.5
1265.607,91,102.0,768.0,0.0,31.0,7.16,83.5,22.0,14.1,14.5
1265.697,91,102.0,768.0,0.0,31.0,7.16,83.5,22.0,14.1,14.5
1265.787,91,102.0,768.0,0.0,31.0,7.16,83.5,22.0,14.1,14.5
1265.878,91,102.0,768.0,0.0,31.0,7.16,83.5,22.0,14.1,14.5
1265.942,91,102.0,768.0,0.0,31.0,7.16,83.5,22.0,14.1,14.5
1266.028,91,102.0,768.0,0.0,31.0,7.16,83.5,22.0,14.1,14.5
1266.092,91,102.0,768.0,0.0,31.0,7.16,83.5,22.0,14.1,14.5
1266.178,91,102.0,768.0,0.0,31.0,7.16,83.5,22.0,14.1,14.5
1266.267,91,102.0,768.0,0.0,31.0,7.16,83.5,22.0,14.1,14.5
1266.358,91,102.0,768.0,0.0,32.0,7.16,83.5,22.0,14.1,14.5
1266.447,91,102.0,768.0,0.0,32.0,6.88,83.5,22.0,14.1,14.5
1266.537,91,102.0,768.0,0.0,32.0,6.88,83.5,22.0,14.1,14.5
1266.628,91,102.0,768.0,0.0,32.0,6.88,83.5,22.0,14.1,14.5
1266.718,91,102.0,768.0,0.0,32.0,6.88,83.5,22.0,14.1,14.5
1266.807,91,102.0,768.0,0.0,32.0,6.88,83.5,22.0,14.1,14.5
1266.897,91,102.0,768.0,0.0,32.0,6.88,83.5,22.0,14.1,14.5
1266.987,91,100.0,768.0,0.0,32.0,6.88,83.5,22.0,14.1,14.5
1267.077,91,100.0,758.0,0.0,32.0,6.88,83.5,22.0,14.1,14.5
1267.138,91,100.0,758.0,0.0,32.0,6.88,83.5,22.0,14.1,14.5
1267.227,91,100.0,758.0,0.0,32.0,6.88,83.5,22.0,14.1,14.5
1267.288,91,100.0,758.0,0.0,32.0,0.0,83.5,22.0,14.1,14.5
1267.377,91,100.0,758.0,0.0,32.0,0.0,13.7,22.0,14.1,14.5
1267.467,91,100.0,758.0,0.0,32.0,0.0,13.7,22.0,14.1,14.5
1267.557,91,100.0,758.0,0.0,32.0,0.0,13.7,22.0,14.1,14.5
1267.647,91,100.0,758.0,0.0,32.0,0.0,13.7,22.0,14.1,14.5
1267.737,91,100.0,758.0,0.0,32.0,0.0,13.7,22.0,14.1,14.5
1267.827,91,36.0,758.0,0.0,32.0,0.0,13.7,22.0,14.1,14.5
1267.888,91,36.0,57.0,0.0,32.0,0.0,13.7,22.0,14.1,14.5
1267.978,91,36.0,57.0,0.0,32.0,0.0,13.7,22.0,14.1,14.5
1268.039,91,36.0,57.0,0.0,79.0,0.0,13.7,22.0,14.1,14.5
1268.127,91,36.0,57.0,0.0,79.0,0.0,13.7,22.0,14.1,14.5
