timestamp,coolant_temp,map,rpm,speed,iat,maf,throttle_pos,ambient_temp,pedal_d,pedal_e
0.81,22,98.0,0.0,0.0,15.0,0.88,89.0,17.0,14.1,14.5
0.901,22,98.0,0.0,0.0,15.0,0.88,89.0,17.0,14.1,14.5
0.99,22,98.0,0.0,0.0,15.0,0.88,89.0,17.0,14.1,14.5
1.081,22,98.0,0.0,0.0,15.0,0.88,89.0,17.0,14.1,14.5
1.17,22,98.0,0.0,0.0,15.0,0.88,89.0,17.0,14.1,14.5
1.26,22,98.0,0.0,0.0,16.0,0.88,89.0,17.0,14.1,14.5
1.35,22,98.0,0.0,0.0,16.0,0.88,89.0,17.0,14.1,14.5
1.44,22,98.0,0.0,0.0,16.0,0.88,89.0,17.0,14.1,14.5
1.53,22,98.0,0.0,0.0,16.0,0.88,89.0,17.0,14.1,14.5
1.62,22,98.0,0.0,0.0,16.0,0.88,89.0,17.0,14.1,14.5
1.71,22,98.0,0.0,0.0,16.0,0.88,89.0,17.0,14.1,14.5
1.8,22,98.0,0.0,0.0,16.0,0.88,89.0,17.0,14.1,14.5
1.89,22,98.0,0.0,0.0,16.0,0.88,89.0,17.0,14.1,14.5
1.998,22,98.0,0.0,0.0,16.0,0.88,89.0,17.0,14.1,14.5
2.07,22,98.0,0.0,0.0,16.0,0.88,89.0,17.0,14.1,14.5
2.16,22,98.0,0.0,0.0,16.0,0.88,89.0,17.0,14.1,14.5
2.251,22,98.0,0.0,0.0,16.0,0.88,89.0,17.0,14.1,14.5
2.341,22,98.0,0.0,0.0,16.0,0.88,89.0,17.0,14.1,14.5
2.431,22,98.0,0.0,0.0,16.0,0.88,89.0,17.0,14.1,14.5
2.52,22,98.0,0.0,0.0,16.0,0.88,89.0,17.0,14.1,14.5
2.61,22,98.0,0.0,0.0,16.0,0.88,89.0,17.0,14.1,14.5
2.701,22,98.0,0.0,0.0,16.0,0.88,89.0,17.0,14.1,14.5
2.791,22,98.0,0.0,0.0,16.0,0.88,89.0,17.0,14.1,14.5
2.881,22,98.0,193.0,0.0,16.0,0.88,89.0,17.0,14.1,14.5
2.971,22,98.0,193.0,0.0,16.0,0.88,89.0,17.0,14.1,14.5
3.061,22,98.0,193.0,0.0,16.0,0.88,89.0,17.0,14.1,14.5
3.151,22,98.0,193.0,0.0,16.0,10.55,89.0,17.0,14.1,14.5
3.241,22,98.0,193.0,0.0,16.0,10.55,84.7,17.0,14.1,14.5
3.33,22,98.0,193.0,0.0,16.0,10.55,84.7,17.0,14.1,14.5
3.42,22,98.0,193.0,0.0,16.0,10.55,84.7,17.0,14.1,14.5
3.51,22,98.0,193.0,0.0,16.0,10.55,84.7,17.0,14.1,14.5
3.6,22,98.0,193.0,0.0,16.0,10.55,84.7,17.0,14.1,14.5
3.69,22,96.0,193.0,0.0,16.0,10.55,84.7,17.0,14.1,14.5
3.78,22,96.0,988.0,0.0,16.0,10.55,84.7,17.0,14.1,14.5
3.87,22,96.0,988.0,0.0,16.0,10.55,84.7,17.0,14.1,14.5
3.96,22,96.0,988.0,0.0,27.0,10.55,84.7,17.0,14.1,14.5
4.05,22,96.0,988.0,0.0,27.0,10.61,84.7,17.0,14.1,14.5
4.141,22,96.0,988.0,0.0,27.0,10.61,83.1,17.0,14.1,14.5
4.23,22,96.0,988.0,0.0,27.0,10.61,83.1,17.0,14.1,14.5
4.321,22,96.0,988.0,0.0,27.0,10.61,83.1,17.0,14.1,14.5
4.411,22,96.0,988.0,0.0,27.0,10.61,83.1,17.0,14.1,14.5
4.5,22,96.0,988.0,0.0,27.0,10.61,83.1,17.0,14.1,14.5
4.59,22,97.0,988.0,0.0,27.0,10.61,83.1,17.0,14.1,14.5
4.682,22,97.0,911.0,0.0,27.0,10.61,83.1,17.0,14.1,14.5
4.77,22,97.0,911.0,0.0,27.0,10.61,83.1,17.0,14.1,14.5
4.86,22,97.0,911.0,0.0,30.0,10.61,83.1,17.0,14.1,14.5
4.95,22,97.0,911.0,0.0,30.0,9.77,83.1,17.0,14.1,14.5
5.04,22,97.0,911.0,0.0,30.0,9.77,83.1,17.0,14.1,14.5
5.13,22,97.0,911.0,0.0,30.0,9.77,83.1,17.0,14.1,14.5
5.22,22,97.0,911.0,0.0,30.0,9.77,83.1,17.0,14.1,14.5
5.311,22,97.0,911.0,0.0,30.0,9.77,83.1,17.0,14.1,14.5
5.402,22,97.0,911.0,0.0,30.0,9.77,83.1,17.0,14.1,14.5
5.49,22,97.0,911.0,0.0,30.0,9.77,83.1,17.0,14.1,14.5
5.58,22,97.0,890.0,0.0,30.0,9.77,83.1,17.0,14.1,14.5
5.67,22,97.0,890.0,0.0,30.0,9.77,83.1,17.0,14.1,14.5
5.76,22,97.0,890.0,0.0,28.0,9.77,83.1,17.0,14.1,14.5
5.85,22,97.0,890.0,0.0,28.0,9.8,83.1,17.0,14.1,14.5
5.94,22,97.0,890.0,0.0,28.0,9.8,83.1,17.0,14.1,14.5
6.03,22,97.0,890.0,0.0,28.0,9.8,83.1,17.0,14.1,14.5
6.12,22,97.0,890.0,0.0,28.0,9.8,83.1,17.0,14.1,14.5
6.21,22,97.0,890.0,0.0,28.0,9.8,83.1,17.0,14.1,14.5
6.3,22,97.0,890.0,0.0,28.0,9.8,83.1,17.0,14.1,14.5
6.39,22,97.0,890.0,0.0,28.0,9.8,83.1,17.0,14.1,14.5
6.48,22,97.0,870.0,0.0,28.0,9.8,83.1,17.0,14.1,14.5
6.57,22,97.0,870.0,0.0,28.0,9.8,83.1,17.0,14.1,14.5
6.661,22,97.0,870.0,0.0,27.0,9.8,83.1,17.0,14.1,14.5
6.75,22,97.0,870.0,0.0,27.0,9.91,83.1,17.0,14.1,14.5
6.841,22,97.0,870.0,0.0,27.0,9.91,83.1,17.0,14.1,14.5
6.931,22,97.0,870.0,0.0,27.0,9.91,83.1,17.0,14.1,14.5
7.021,22,97.0,870.0,0.0,27.0,9.91,83.1,17.0,14.1,14.5
7.111,22,97.0,870.0,0.0,27.0,9.91,83.1,17.0,14.1,14.5
7.202,22,97.0,870.0,0.0,27.0,9.91,83.1,17.0,14.1,14.5
7.291,22,97.0,870.0,0.0,27.0,9.91,83.1,17.0,14.1,14.5
7.38,22,97.0,856.0,0.0,27.0,9.91,83.1,17.0,14.1,14.5
7.47,22,97.0,856.0,0.0,27.0,9.91,83.1,17.0,14.1,14.5
7.56,22,97.0,856.0,0.0,26.0,9.91,83.1,17.0,14.1,14.5
7.651,22,97.0,856.0,0.0,26.0,10.02,83.1,17.0,14.1,14.5
7.741,22,97.0,856.0,0.0,26.0,10.02,83.1,17.0,14.1,14.5
7.831,22,97.0,856.0,0.0,26.0,10.02,83.1,17.0,14.1,14.5
7.92,22,97.0,856.0,0.0,26.0,10.02,83.1,17.0,14.1,14.5
8.012,22,97.0,856.0,0.0,26.0,10.02,83.1,17.0,14.1,14.5
8.102,22,97.0,856.0,0.0,26.0,10.02,83.1,17.0,14.1,14.5
8.191,22,97.0,856.0,0.0,26.0,10.02,83.1,17.0,14.1,14.5
8.281,22,97.0,858.0,0.0,26.0,10.02,83.1,17.0,14.1,14.5
8.372,22,97.0,858.0,0.0,26.0,10.02,83.1,17.0,14.1,14.5
8.461,22,97.0,858.0,0.0,26.0,10.02,83.1,17.0,14.1,14.5
8.551,22,97.0,858.0,0.0,26.0,11.16,83.1,17.0,14.1,14.5
8.641,22,97.0,858.0,0.0,26.0,11.16,83.1,17.0,14.1,14.5
8.731,22,97.0,858.0,0.0,26.0,11.16,83.1,17.0,14.1,14.5
8.821,22,97.0,858.0,0.0,26.0,11.16,83.1,17.0,14.9,14.5
8.911,22,97.0,858.0,0.0,26.0,11.16,83.1,17.0,14.9,14.5
9.003,22,97.0,858.0,0.0,26.0,11.16,83.1,17.0,14.9,14.5
9.092,22,97.0,858.0,0.0,26.0,11.16,83.1,17.0,14.9,14.5
9.181,22,97.0,945.0,0.0,26.0,11.16,83.1,17.0,14.9,14.5
9.271,22,97.0,945.0,0.0,26.0,11.16,83.1,17.0,14.9,14.5
9.362,22,97.0,945.0,0.0,26.0,11.16,83.1,17.0,14.9,14.5
9.452,22,97.0,945.0,0.0,26.0,11.08,83.1,17.0,14.9,14.5
9.541,22,97.0,945.0,0.0,26.0,11.08,83.1,17.0,14.9,14.5
9.631,22,97.0,945.0,0.0,26.0,11.08,83.1,17.0,14.9,14.5
9.721,22,97.0,945.0,0.0,26.0,11.08,83.1,17.0,14.9,14.5
9.811,22,97.0,945.0,0.0,26.0,11.08,83.1,17.0,14.9,14.5
9.913,22,97.0,945.0,0.0,26.0,11.08,83.1,17.0,14.9,14.5
9.992,22,98.0,945.0,0.0,26.0,11.08,83.1,17.0,14.9,14.5
10.086,22,98.0,935.0,0.0,26.0,11.08,83.1,17.0,14.9,14.5
10.171,22,98.0,935.0,0.0,26.0,11.08,83.1,17.0,14.9,14.5
10.262,22,98.0,935.0,0.0,27.0,11.08,83.1,17.0,14.9,14.5
10.352,22,98.0,935.0,0.0,27.0,11.38,83.1,17.0,14.9,14.5
10.44,22,98.0,935.0,0.0,27.0,11.38,83.1,17.0,14.9,14.5
10.53,22,98.0,935.0,0.0,27.0,11.38,83.1,17.0,14.9,14.5
10.621,22,98.0,935.0,0.0,27.0,11.38,83.1,17.0,14.9,14.5
10.711,22,98.0,935.0,0.0,27.0,11.38,83.1,17.0,14.9,14.9
10.801,22,98.0,935.0,0.0,27.0,11.38,83.1,17.0,14.9,14.9
10.892,22,99.0,935.0,0.0,27.0,11.38,83.1,17.0,14.9,14.9
10.981,22,99.0,948.0,0.0,27.0,11.38,83.1,17.0,14.9,14.9
11.071,22,99.0,948.0,1.0,27.0,11.38,83.1,17.0,14.9,14.9
11.161,22,99.0,948.0,1.0,25.0,11.38,83.1,17.0,14.9,14.9
11.251,22,99.0,948.0,1.0,25.0,11.16,83.1,17.0,14.9,14.9
11.342,22,99.0,948.0,1.0,25.0,11.16,83.1,17.0,14.9,14.9
11.453,22,99.0,948.0,1.0,25.0,11.16,83.1,17.0,14.9,14.9
11.52,22,99.0,948.0,1.0,25.0,11.16,83.1,17.0,15.3,14.9
11.611,22,99.0,948.0,1.0,25.0,11.16,83.1,17.0,15.3,14.9
11.701,22,99.0,948.0,1.0,25.0,11.16,83.1,17.0,15.3,14.9
11.791,22,99.0,948.0,1.0,25.0,11.16,83.1,17.0,15.3,14.9
11.881,22,99.0,920.0,1.0,25.0,11.16,83.1,17.0,15.3,14.9
11.971,22,99.0,920.0,2.0,25.0,11.16,83.1,17.0,15.3,14.9
12.063,22,99.0,920.0,2.0,25.0,11.16,83.1,17.0,15.3,14.9
12.152,22,99.0,920.0,2.0,25.0,11.97,83.1,17.0,15.3,14.9
12.242,22,99.0,920.0,2.0,25.0,11.97,83.1,17.0,15.3,14.9
12.331,22,99.0,920.0,2.0,25.0,11.97,83.1,17.0,15.3,14.9
12.421,22,99.0,920.0,2.0,25.0,11.97,83.1,17.0,14.1,14.9
12.511,22,99.0,920.0,2.0,25.0,11.97,83.1,17.0,14.1,14.5
12.601,22,99.0,920.0,2.0,25.0,11.97,83.1,17.0,14.1,14.5
12.691,22,99.0,920.0,2.0,25.0,11.97,83.1,17.0,14.1,14.5
12.782,22,99.0,915.0,2.0,25.0,11.97,83.1,17.0,14.1,14.5
12.87,22,99.0,915.0,3.0,25.0,11.97,83.1,17.0,14.1,14.5
12.96,22,99.0,915.0,3.0,25.0,11.97,83.1,17.0,14.1,14.5
13.051,22,99.0,915.0,3.0,25.0,12.33,83.1,17.0,14.1,14.5
13.141,22,99.0,915.0,3.0,25.0,12.33,83.1,17.0,14.1,14.5
13.233,22,99.0,915.0,3.0,25.0,12.33,83.1,17.0,14.1,14.5
13.322,22,99.0,915.0,3.0,25.0,12.33,83.1,17.0,14.1,14.5
13.411,22,99.0,915.0,3.0,25.0,12.33,83.1,17.0,14.1,14.5
13.501,22,99.0,915.0,3.0,25.0,12.33,83.1,17.0,14.1,14.5
13.591,22,100.0,915.0,3.0,25.0,12.33,83.1,17.0,14.1,14.5
13.681,22,100.0,995.0,3.0,25.0,12.33,83.1,17.0,14.1,14.5
13.771,22,100.0,995.0,2.0,25.0,12.33,83.1,17.0,14.1,14.5
13.861,22,100.0,995.0,2.0,25.0,12.33,83.1,17.0,14.1,14.5
13.951,22,100.0,995.0,2.0,25.0,11.11,83.1,17.0,14.1,14.5
14.043,22,100.0,995.0,2.0,25.0,11.11,83.1,17.0,14.1,14.5
14.131,22,100.0,995.0,2.0,25.0,11.11,83.1,17.0,14.1,14.5
14.221,22,100.0,995.0,2.0,25.0,11.11,83.1,17.0,14.9,14.5
14.313,22,100.0,995.0,2.0,25.0,11.11,83.1,17.0,14.9,14.5
14.401,22,100.0,995.0,2.0,25.0,11.11,83.1,17.0,14.9,14.5
14.491,22,100.0,995.0,2.0,25.0,11.11,83.1,17.0,14.9,14.5
14.582,22,100.0,919.0,2.0,25.0,11.11,83.1,17.0,14.9,14.5
14.671,22,100.0,919.0,2.0,25.0,11.11,83.1,17.0,14.9,14.5
14.761,22,100.0,919.0,2.0,24.0,11.11,83.1,17.0,14.9,14.5
14.851,22,100.0,919.0,2.0,24.0,11.38,83.1,17.0,14.9,14.5
14.941,22,100.0,919.0,2.0,24.0,11.38,83.1,17.0,14.9,14.5
15.031,22,100.0,919.0,2.0,24.0,11.38,83.1,17.0,14.9,14.5
15.122,22,100.0,919.0,2.0,24.0,11.38,83.1,17.0,14.9,14.5
15.212,22,100.0,919.0,2.0,24.0,11.38,83.1,17.0,14.9,14.5
15.301,22,100.0,919.0,2.0,24.0,11.38,83.1,17.0,14.9,14.5
15.392,22,100.0,919.0,2.0,24.0,11.38,83.1,17.0,14.9,14.5
15.482,22,100.0,919.0,2.0,24.0,11.38,83.1,17.0,14.9,14.5
15.571,22,100.0,919.0,2.0,24.0,11.38,83.1,17.0,14.9,14.5
15.661,22,100.0,919.0,2.0,24.0,11.38,83.1,17.0,14.9,14.5
15.751,22,100.0,919.0,2.0,24.0,11.66,83.1,17.0,14.9,14.5
15.841,22,100.0,919.0,2.0,24.0,11.66,83.1,17.0,14.9,14.5
15.931,22,100.0,919.0,2.0,24.0,11.66,83.1,17.0,14.9,14.5
16.021,22,100.0,919.0,2.0,24.0,11.66,83.1,17.0,14.5,14.5
16.111,22,100.0,919.0,2.0,24.0,11.66,83.1,17.0,14.5,14.5
16.202,22,100.0,919.0,2.0,24.0,11.66,83.1,17.0,14.5,14.5
16.292,22,100.0,919.0,2.0,24.0,11.66,83.1,17.0,14.5,14.5
16.381,22,100.0,912.0,2.0,24.0,11.66,83.1,17.0,14.5,14.5
16.47,22,100.0,912.0,2.0,24.0,11.66,83.1,17.0,14.5,14.5
16.561,22,100.0,912.0,2.0,24.0,11.66,83.1,17.0,14.5,14.5
16.652,22,100.0,912.0,2.0,24.0,12.19,83.1,17.0,14.5,14.5
16.741,22,100.0,912.0,2.0,24.0,12.19,83.1,17.0,14.5,14.5
16.832,22,100.0,912.0,2.0,24.0,12.19,83.1,17.0,14.5,14.5
16.922,22,100.0,912.0,2.0,24.0,12.19,83.1,17.0,14.1,14.5
17.011,22,100.0,912.0,2.0,24.0,12.19,83.1,17.0,14.1,14.5
17.102,22,100.0,912.0,2.0,24.0,12.19,83.1,17.0,14.1,14.5
17.192,22,101.0,912.0,2.0,24.0,12.19,83.1,17.0,14.1,14.5
17.284,22,101.0,973.0,2.0,24.0,12.19,83.1,17.0,14.1,14.5
17.371,22,101.0,973.0,2.0,24.0,12.19,83.1,17.0,14.1,14.5
17.461,22,101.0,973.0,2.0,24.0,12.19,83.1,17.0,14.1,14.5
17.55,22,101.0,973.0,2.0,24.0,11.44,83.1,17.0,14.1,14.5
17.641,22,101.0,973.0,2.0,24.0,11.44,83.1,17.0,14.1,14.5
17.732,22,101.0,973.0,2.0,24.0,11.44,83.1,17.0,14.1,14.5
17.823,22,101.0,973.0,2.0,24.0,11.44,83.1,17.0,14.1,14.5
17.942,22,101.0,973.0,2.0,24.0,11.44,83.1,17.0,14.1,14.5
18.031,23,101.0,973.0,2.0,24.0,11.44,83.1,17.0,14.1,14.5
18.124,23,101.0,973.0,2.0,24.0,11.44,83.1,17.0,14.1,14.5
18.211,23,101.0,1031.0,2.0,24.0,11.44,83.1,17.0,14.1,14.5
18.303,23,101.0,1031.0,1.0,24.0,11.44,83.1,17.0,14.1,14.5
18.391,23,101.0,1031.0,1.0,23.0,11.44,83.1,17.0,14.1,14.5
18.51,23,101.0,1031.0,1.0,23.0,11.8,83.1,17.0,14.1,14.5
18.602,23,101.0,1031.0,1.0,23.0,11.8,83.1,17.0,14.1,14.5
18.691,23,101.0,1031.0,1.0,23.0,11.8,83.1,17.0,14.1,14.5
18.781,23,101.0,1031.0,1.0,23.0,11.8,83.1,17.0,14.1,14.5
18.871,23,101.0,1031.0,1.0,23.0,11.8,83.1,17.0,14.1,14.5
18.964,23,101.0,1031.0,1.0,23.0,11.8,83.1,17.0,14.1,14.5
19.054,23,101.0,1031.0,1.0,23.0,11.8,83.1,17.0,14.1,14.5
19.143,23,101.0,943.0,1.0,23.0,11.8,83.1,17.0,14.1,14.5
19.231,23,101.0,943.0,0.0,23.0,11.8,83.1,17.0,14.1,14.5
19.322,23,101.0,943.0,0.0,24.0,11.8,83.1,17.0,14.1,14.5
19.411,23,101.0,943.0,0.0,24.0,10.66,83.1,17.0,14.1,14.5
19.501,23,101.0,943.0,0.0,24.0,10.66,83.1,17.0,14.1,14.5
19.591,23,101.0,943.0,0.0,24.0,10.66,83.1,17.0,14.1,14.5
19.681,23,101.0,943.0,0.0,24.0,10.66,83.1,17.0,14.1,14.5
19.742,23,101.0,943.0,0.0,24.0,10.66,83.1,17.0,14.1,14.1
19.831,23,101.0,943.0,0.0,24.0,10.66,83.1,17.0,14.1,14.1
19.922,23,100.0,943.0,0.0,24.0,10.66,83.1,17.0,14.1,14.1
20.013,23,100.0,895.0,0.0,24.0,10.66,83.1,17.0,14.1,14.1
20.103,23,100.0,895.0,0.0,24.0,10.66,83.1,17.0,14.1,14.1
20.192,23,100.0,895.0,0.0,22.0,10.66,83.1,17.0,14.1,14.1
20.282,23,100.0,895.0,0.0,22.0,10.24,83.1,17.0,14.1,14.1
20.371,23,100.0,895.0,0.0,22.0,10.24,83.1,17.0,14.1,14.1
20.461,23,100.0,895.0,0.0,22.0,10.24,83.1,17.0,14.1,14.1
20.551,23,100.0,895.0,0.0,22.0,10.24,83.1,17.0,14.1,14.1
20.642,23,100.0,895.0,0.0,22.0,10.24,83.1,17.0,14.1,14.5
20.732,23,100.0,895.0,0.0,22.0,10.24,83.1,17.0,14.1,14.5
20.793,23,100.0,895.0,0.0,22.0,10.24,83.1,17.0,14.1,14.5
20.883,23,100.0,886.0,0.0,22.0,10.24,83.1,17.0,14.1,14.5
20.945,23,100.0,886.0,0.0,22.0,10.24,83.1,17.0,14.1,14.5
21.031,23,100.0,886.0,0.0,22.0,10.24,83.1,17.0,14.1,14.5
21.123,23,100.0,886.0,0.0,22.0,10.13,83.1,17.0,14.1,14.5
21.212,23,100.0,886.0,0.0,22.0,10.13,83.1,17.0,14.1,14.5
21.301,23,100.0,886.0,0.0,22.0,10.13,83.1,17.0,14.1,14.5
21.391,23,100.0,886.0,0.0,22.0,10.13,83.1,17.0,14.1,14.5
21.48,23,100.0,886.0,0.0,22.0,10.13,83.1,17.0,14.1,14.5
21.57,23,100.0,886.0,0.0,22.0,10.13,83.1,17.0,14.1,14.5
21.662,23,100.0,886.0,0.0,22.0,10.13,83.1,17.0,14.1,14.5
21.751,23,100.0,874.0,0.0,22.0,10.13,83.1,17.0,14.1,14.5
21.843,23,100.0,874.0,0.0,22.0,10.13,83.1,17.0,14.1,14.5
21.935,23,100.0,874.0,0.0,22.0,10.13,83.1,17.0,14.1,14.5
21.993,23,100.0,874.0,0.0,22.0,10.24,83.1,17.0,14.1,14.5
22.081,23,100.0,874.0,0.0,22.0,10.24,83.1,17.0,14.1,14.5
22.142,23,100.0,874.0,0.0,22.0,10.24,83.1,17.0,14.1,14.5
22.231,23,100.0,874.0,0.0,22.0,10.24,83.1,17.0,14.1,14.5
22.322,23,100.0,874.0,0.0,22.0,10.24,83.1,17.0,14.1,14.5
22.411,23,100.0,874.0,0.0,22.0,10.24,83.1,17.0,14.1,14.5
22.501,23,99.0,874.0,0.0,22.0,10.24,83.1,17.0,14.1,14.5
22.591,23,99.0,885.0,0.0,22.0,10.24,83.1,17.0,14.1,14.5
22.681,23,99.0,885.0,0.0,22.0,10.24,83.1,17.0,14.1,14.5
22.742,23,99.0,885.0,0.0,22.0,10.24,83.1,17.0,14.1,14.5
22.831,23,99.0,885.0,0.0,22.0,10.02,83.1,17.0,14.1,14.5
22.892,23,99.0,885.0,0.0,22.0,10.02,83.1,17.0,14.1,14.5
22.983,23,99.0,885.0,0.0,22.0,10.02,83.1,17.0,14.1,14.5
23.071,23,99.0,885.0,0.0,22.0,10.02,83.1,17.0,14.5,14.5
23.162,23,99.0,885.0,0.0,22.0,10.02,83.1,17.0,14.5,14.5
23.251,23,99.0,885.0,0.0,22.0,10.02,83.1,17.0,14.5,14.5
23.341,23,99.0,885.0,0.0,22.0,10.02,83.1,17.0,14.5,14.5
23.431,23,99.0,910.0,0.0,22.0,10.02,83.1,17.0,14.5,14.5
23.521,23,99.0,910.0,0.0,22.0,10.02,83.1,17.0,14.5,14.5
23.611,23,99.0,910.0,0.0,22.0,10.02,83.1,17.0,14.5,14.5
23.701,23,99.0,910.0,0.0,22.0,11.24,83.1,17.0,14.5,14.5
23.792,23,99.0,910.0,0.0,22.0,11.24,83.1,17.0,14.5,14.5
23.883,23,99.0,910.0,0.0,22.0,11.24,83.1,17.0,14.5,14.5
23.945,23,99.0,910.0,0.0,22.0,11.24,83.1,17.0,15.3,14.5
24.031,23,99.0,910.0,0.0,22.0,11.24,83.1,17.0,15.3,15.3
24.093,23,99.0,910.0,0.0,22.0,11.24,83.1,17.0,15.3,15.3
24.182,23,100.0,910.0,0.0,22.0,11.24,83.1,17.0,15.3,15.3
24.272,23,100.0,925.0,0.0,22.0,11.24,83.1,17.0,15.3,15.3
24.362,23,100.0,925.0,0.0,22.0,11.24,83.1,17.0,15.3,15.3
24.452,23,100.0,925.0,0.0,22.0,11.24,83.1,17.0,15.3,15.3
24.541,23,100.0,925.0,0.0,22.0,10.91,83.1,17.0,15.3,15.3
24.63,23,100.0,925.0,0.0,22.0,10.91,83.1,17.0,15.3,15.3
24.721,23,100.0,925.0,0.0,22.0,10.91,83.1,17.0,15.3,15.3
24.81,23,100.0,925.0,0.0,22.0,10.91,83.1,17.0,14.9,15.3
24.901,23,100.0,925.0,0.0,22.0,10.91,83.1,17.0,14.9,14.5
24.991,23,100.0,925.0,0.0,22.0,10.91,83.1,17.0,14.9,14.5
25.083,23,100.0,925.0,0.0,22.0,10.91,83.1,17.0,14.9,14.5
25.144,23,100.0,993.0,0.0,22.0,10.91,83.1,17.0,14.9,14.5
25.231,23,100.0,993.0,1.0,22.0,10.91,83.1,17.0,14.9,14.5
25.293,23,100.0,993.0,1.0,22.0,10.91,83.1,17.0,14.9,14.5
25.384,23,100.0,993.0,1.0,22.0,11.77,83.1,17.0,14.9,14.5
25.47,23,100.0,993.0,1.0,22.0,11.77,83.1,17.0,14.9,14.5
25.561,23,100.0,993.0,1.0,22.0,11.77,83.1,17.0,14.9,14.5
25.651,23,100.0,993.0,1.0,22.0,11.77,83.1,17.0,14.1,14.5
25.743,23,100.0,993.0,1.0,22.0,11.77,83.1,17.0,14.1,14.5
25.832,23,100.0,993.0,1.0,22.0,11.77,83.1,17.0,14.1,14.5
25.893,23,100.0,993.0,1.0,22.0,11.77,83.1,17.0,14.1,14.5
25.982,23,100.0,936.0,1.0,22.0,11.77,83.1,17.0,14.1,14.5
26.043,23,100.0,936.0,0.0,22.0,11.77,83.1,17.0,14.1,14.5
26.131,23,100.0,936.0,0.0,23.0,11.77,83.1,17.0,14.1,14.5
26.221,23,100.0,936.0,0.0,23.0,10.44,83.1,17.0,14.1,14.5
26.311,23,100.0,936.0,0.0,23.0,10.44,83.5,17.0,14.1,14.5
26.401,23,100.0,936.0,0.0,23.0,10.44,83.5,17.0,14.1,14.5
26.49,23,100.0,936.0,0.0,23.0,10.44,83.5,17.0,14.1,14.5
26.581,23,100.0,936.0,0.0,23.0,10.44,83.5,17.0,14.1,14.5
26.672,23,100.0,936.0,0.0,23.0,10.44,83.5,17.0,14.1,14.5
26.762,23,100.0,936.0,0.0,23.0,10.44,83.5,17.0,14.1,14.5
26.851,23,100.0,886.0,0.0,23.0,10.44,83.5,17.0,14.1,14.5
26.942,23,100.0,886.0,0.0,23.0,10.44,83.5,17.0,14.1,14.5
27.031,23,100.0,886.0,0.0,22.0,10.44,83.5,17.0,14.1,14.5
27.092,23,100.0,886.0,0.0,22.0,9.88,83.5,17.0,14.1,14.5
27.182,23,100.0,886.0,0.0,22.0,9.88,83.1,17.0,14.1,14.5
27.244,23,100.0,886.0,0.0,22.0,9.88,83.1,17.0,14.1,14.5
27.331,23,100.0,886.0,0.0,22.0,9.88,83.1,17.0,14.5,14.5
27.422,23,100.0,886.0,0.0,22.0,9.88,83.1,17.0,14.5,14.5
27.511,23,100.0,886.0,0.0,22.0,9.88,83.1,17.0,14.5,14.5
27.601,23,100.0,886.0,0.0,22.0,9.88,83.1,17.0,14.5,14.5
27.691,23,100.0,924.0,0.0,22.0,9.88,83.1,17.0,14.5,14.5
27.811,23,100.0,924.0,0.0,22.0,9.88,83.1,17.0,14.5,14.5
27.904,23,100.0,924.0,0.0,21.0,9.88,83.1,17.0,14.5,14.5
27.991,23,100.0,924.0,0.0,21.0,11.33,83.1,17.0,14.5,14.5
28.081,23,100.0,924.0,0.0,21.0,11.33,83.1,17.0,14.5,14.5
28.171,23,100.0,924.0,0.0,21.0,11.33,83.1,17.0,14.5,14.5
28.263,23,100.0,924.0,0.0,21.0,11.33,83.1,17.0,15.3,14.5
28.352,23,100.0,924.0,0.0,21.0,11.33,83.1,17.0,15.3,15.3
28.443,23,100.0,924.0,0.0,21.0,11.33,83.1,17.0,15.3,15.3
28.531,23,100.0,924.0,0.0,21.0,11.33,83.1,17.0,15.3,15.3
28.621,23,100.0,887.0,0.0,21.0,11.33,83.1,17.0,15.3,15.3
28.711,23,100.0,887.0,0.0,21.0,11.33,83.1,17.0,15.3,15.3
28.802,23,100.0,887.0,0.0,22.0,11.33,83.1,17.0,15.3,15.3
28.891,23,100.0,887.0,0.0,22.0,11.86,83.1,17.0,15.3,15.3
28.984,23,100.0,887.0,0.0,22.0,11.86,83.1,17.0,15.3,15.3
29.071,23,100.0,887.0,0.0,22.0,11.86,83.1,17.0,15.3,15.3
29.133,23,100.0,887.0,0.0,22.0,11.86,83.1,17.0,15.3,15.3
29.222,23,100.0,887.0,0.0,22.0,11.86,83.1,17.0,15.3,14.9
29.312,23,100.0,887.0,0.0,22.0,11.86,83.1,17.0,15.3,14.9
29.404,23,100.0,887.0,0.0,22.0,11.86,83.1,17.0,15.3,14.9
29.491,23,100.0,911.0,0.0,22.0,11.86,83.1,17.0,15.3,14.9
29.582,23,100.0,911.0,0.0,22.0,11.86,83.1,17.0,15.3,14.9
29.671,23,100.0,911.0,0.0,22.0,11.86,83.1,17.0,15.3,14.9
29.762,23,100.0,911.0,0.0,22.0,12.36,83.1,17.0,15.3,14.9
29.851,23,100.0,911.0,0.0,22.0,12.36,83.1,17.0,15.3,14.9
29.941,23,100.0,911.0,0.0,22.0,12.36,83.1,17.0,15.3,14.9
30.031,23,100.0,911.0,0.0,22.0,12.36,83.1,17.0,14.5,14.9
30.122,23,100.0,911.0,0.0,22.0,12.36,83.1,17.0,14.5,14.5
30.211,23,100.0,911.0,0.0,22.0,12.36,83.1,17.0,14.5,14.5
30.303,23,101.0,911.0,0.0,22.0,12.36,83.1,17.0,14.5,14.5
30.391,23,101.0,978.0,0.0,22.0,12.36,83.1,17.0,14.5,14.5
30.48,23,101.0,978.0,0.0,22.0,12.36,83.1,17.0,14.5,14.5
30.57,23,101.0,978.0,0.0,23.0,12.36,83.1,17.0,14.5,14.5
30.662,23,101.0,978.0,0.0,23.0,11.69,83.1,17.0,14.5,14.5
30.752,23,101.0,978.0,0.0,23.0,11.69,83.5,17.0,14.5,14.5
30.842,23,101.0,978.0,0.0,23.0,11.69,83.5,17.0,14.5,14.5
30.933,23,101.0,978.0,0.0,23.0,11.69,83.5,17.0,14.9,14.5
31.022,23,101.0,978.0,0.0,23.0,11.69,83.5,17.0,14.9,14.5
31.084,23,101.0,978.0,0.0,23.0,11.69,83.5,17.0,14.9,14.5
31.171,23,102.0,978.0,0.0,23.0,11.69,83.5,17.0,14.9,14.5
31.262,23,102.0,924.0,0.0,23.0,11.69,83.5,17.0,14.9,14.5
31.352,23,102.0,924.0,0.0,23.0,11.69,83.5,17.0,14.9,14.5
31.441,23,102.0,924.0,0.0,22.0,11.69,83.5,17.0,14.9,14.5
31.53,23,102.0,924.0,0.0,22.0,12.3,83.5,17.0,14.9,14.5
31.621,23,102.0,924.0,0.0,22.0,12.3,83.1,17.0,14.9,14.5
31.711,23,102.0,924.0,0.0,22.0,12.3,83.1,17.0,14.9,14.5
31.802,23,102.0,924.0,0.0,22.0,12.3,83.1,17.0,14.9,14.5
31.892,23,102.0,924.0,0.0,22.0,12.3,83.1,17.0,14.9,14.5
31.983,23,102.0,924.0,0.0,22.0,12.3,83.1,17.0,14.9,14.5
32.071,23,102.0,924.0,0.0,22.0,12.3,83.1,17.0,14.9,14.5
32.164,23,102.0,906.0,0.0,22.0,12.3,83.1,17.0,14.9,14.5
32.251,23,102.0,906.0,2.0,22.0,12.3,83.1,17.0,14.9,14.5
32.343,23,102.0,906.0,2.0,22.0,12.3,83.1,17.0,14.9,14.5
32.431,23,102.0,906.0,2.0,22.0,12.47,83.1,17.0,14.9,14.5
32.52,23,102.0,906.0,2.0,22.0,12.47,83.1,17.0,14.9,14.5
32.611,23,102.0,906.0,2.0,22.0,12.47,83.1,17.0,14.9,14.5
32.702,23,102.0,906.0,2.0,22.0,12.47,83.1,17.0,14.9,14.5
32.792,23,102.0,906.0,2.0,22.0,12.47,83.1,17.0,14.9,14.5
32.883,23,102.0,906.0,2.0,22.0,12.47,83.1,17.0,14.9,14.5
32.971,23,102.0,906.0,2.0,22.0,12.47,83.1,17.0,14.9,14.5
33.033,23,102.0,915.0,2.0,22.0,12.47,83.1,17.0,14.9,14.5
33.123,23,102.0,915.0,4.0,22.0,12.47,83.1,17.0,14.9,14.5
33.213,23,102.0,915.0,4.0,22.0,12.47,83.1,17.0,14.9,14.5
33.303,23,102.0,915.0,4.0,22.0,12.58,83.1,17.0,14.9,14.5
33.391,23,102.0,915.0,4.0,22.0,12.58,83.1,17.0,14.9,14.5
33.481,23,102.0,915.0,4.0,22.0,12.58,83.1,17.0,14.9,14.5
33.571,23,102.0,915.0,4.0,22.0,12.58,83.1,17.0,14.9,14.5
33.661,23,102.0,915.0,4.0,22.0,12.58,83.1,17.0,14.9,14.5
33.751,23,102.0,915.0,4.0,22.0,12.58,83.1,17.0,14.9,14.5
33.841,23,102.0,915.0,4.0,22.0,12.58,83.1,17.0,14.9,14.5
33.931,23,102.0,896.0,4.0,22.0,12.58,83.1,17.0,14.9,14.5
34.022,23,102.0,896.0,7.0,22.0,12.58,83.1,17.0,14.9,14.5
34.111,23,102.0,896.0,7.0,22.0,12.58,83.1,17.0,14.9,14.5
34.201,23,102.0,896.0,7.0,22.0,14.27,83.1,17.0,14.9,14.5
34.291,23,102.0,896.0,7.0,22.0,14.27,83.1,17.0,14.9,14.5
34.383,23,102.0,896.0,7.0,22.0,14.27,83.1,17.0,14.9,14.5
34.471,23,102.0,896.0,7.0,22.0,14.27,83.1,17.0,14.9,14.5
34.562,23,102.0,896.0,7.0,22.0,14.27,83.1,17.0,14.9,14.9
34.651,23,102.0,896.0,7.0,22.0,14.27,83.1,17.0,14.9,14.9
34.742,23,103.0,896.0,7.0,22.0,14.27,83.1,17.0,14.9,14.9
34.831,23,103.0,1023.0,7.0,22.0,14.27,83.1,17.0,14.9,14.9
34.922,23,103.0,1023.0,9.0,22.0,14.27,83.1,17.0,14.9,14.9
35.011,23,103.0,1023.0,9.0,23.0,14.27,83.1,17.0,14.9,14.9
35.104,23,103.0,1023.0,9.0,23.0,13.11,83.1,17.0,14.9,14.9
35.194,23,103.0,1023.0,9.0,23.0,13.11,83.1,17.0,14.9,14.9
35.282,23,103.0,1023.0,9.0,23.0,13.11,83.1,17.0,14.9,14.9
35.372,23,103.0,1023.0,9.0,23.0,13.11,83.1,17.0,23.1,14.9
35.434,23,103.0,1023.0,9.0,23.0,13.11,83.1,17.0,23.1,23.1
35.521,23,103.0,1023.0,9.0,23.0,13.11,83.1,17.0,23.1,23.1
35.611,23,102.0,1023.0,9.0,23.0,13.11,83.1,17.0,23.1,23.1
35.701,23,102.0,1174.0,9.0,23.0,13.11,83.1,17.0,23.1,23.1
35.791,23,102.0,1174.0,10.0,23.0,13.11,83.1,17.0,23.1,23.1
35.881,23,102.0,1174.0,10.0,23.0,13.11,83.1,17.0,23.1,23.1
35.971,23,102.0,1174.0,10.0,23.0,15.91,83.1,17.0,23.1,23.1
36.062,23,102.0,1174.0,10.0,23.0,15.91,83.5,17.0,23.1,23.1
36.153,23,102.0,1174.0,10.0,23.0,15.91,83.5,17.0,23.1,23.1
36.245,23,102.0,1174.0,10.0,23.0,15.91,83.5,17.0,23.9,23.1
36.331,23,102.0,1174.0,10.0,23.0,15.91,83.5,17.0,23.9,23.9
36.423,23,102.0,1174.0,10.0,23.0,15.91,83.5,17.0,23.9,23.9
36.511,23,100.0,1174.0,10.0,23.0,15.91,83.5,17.0,23.9,23.9
36.601,23,100.0,1292.0,10.0,23.0,15.91,83.5,17.0,23.9,23.9
36.691,23,100.0,1292.0,11.0,23.0,15.91,83.5,17.0,23.9,23.9
36.782,23,100.0,1292.0,11.0,24.0,15.91,83.5,17.0,23.9,23.9
36.872,23,100.0,1292.0,11.0,24.0,16.55,83.5,17.0,23.9,23.9
36.961,23,100.0,1292.0,11.0,24.0,16.55,83.1,17.0,23.9,23.9
37.052,23,100.0,1292.0,11.0,24.0,16.55,83.1,17.0,23.9,23.9
37.142,23,100.0,1292.0,11.0,24.0,16.55,83.1,17.0,26.7,23.9
37.231,23,100.0,1292.0,11.0,24.0,16.55,83.1,17.0,26.7,27.1
37.323,23,100.0,1292.0,11.0,24.0,16.55,83.1,17.0,26.7,27.1
37.386,23,100.0,1292.0,11.0,24.0,16.55,83.1,17.0,26.7,27.1
37.48,23,100.0,1354.0,11.0,24.0,16.55,83.1,17.0,26.7,27.1
37.591,23,100.0,1354.0,12.0,24.0,16.55,83.1,17.0,26.7,27.1
37.682,23,100.0,1354.0,12.0,24.0,16.55,83.1,17.0,26.7,27.1
37.771,23,100.0,1354.0,12.0,24.0,17.38,83.1,17.0,26.7,27.1
37.833,23,100.0,1354.0,12.0,24.0,17.38,83.1,17.0,26.7,27.1
37.923,23,100.0,1354.0,12.0,24.0,17.38,83.1,17.0,26.7,27.1
38.013,23,100.0,1354.0,12.0,24.0,17.38,83.1,17.0,27.1,27.1
38.102,23,100.0,1354.0,12.0,24.0,17.38,83.1,17.0,27.1,27.1
38.192,23,100.0,1354.0,12.0,24.0,17.38,83.1,17.0,27.1,27.1
38.283,23,101.0,1354.0,12.0,24.0,17.38,83.1,17.0,27.1,27.1
38.371,23,101.0,1390.0,12.0,24.0,17.38,83.1,17.0,27.1,27.1
38.467,23,101.0,1390.0,12.0,24.0,17.38,83.1,17.0,27.1,27.1
38.581,23,101.0,1390.0,12.0,24.0,17.38,83.1,17.0,27.1,27.1
38.671,23,101.0,1390.0,12.0,24.0,17.33,83.1,17.0,27.1,27.1
38.732,23,101.0,1390.0,12.0,24.0,17.33,83.1,17.0,27.1,27.1
38.822,23,101.0,1390.0,12.0,24.0,17.33,83.1,17.0,27.1,27.1
38.911,23,101.0,1390.0,12.0,24.0,17.33,83.1,17.0,27.5,27.1
39.001,23,101.0,1390.0,12.0,24.0,17.33,83.1,17.0,27.5,27.5
39.092,23,101.0,1390.0,12.0,24.0,17.33,83.1,17.0,27.5,27.5
39.183,23,101.0,1390.0,12.0,24.0,17.33,83.1,17.0,27.5,27.5
39.272,23,101.0,1421.0,12.0,24.0,17.33,83.1,17.0,27.5,27.5
39.333,23,101.0,1421.0,12.0,24.0,17.33,83.1,17.0,27.5,27.5
39.423,23,101.0,1421.0,12.0,24.0,17.33,83.1,17.0,27.5,27.5
39.483,23,101.0,1421.0,12.0,24.0,17.77,83.1,17.0,27.5,27.5
39.571,23,101.0,1421.0,12.0,24.0,17.77,83.1,17.0,27.5,27.5
39.662,23,101.0,1421.0,12.0,24.0,17.77,83.1,17.0,27.5,27.5
39.752,23,101.0,1421.0,12.0,24.0,17.77,83.1,17.0,27.1,27.5
39.843,23,101.0,1421.0,12.0,24.0,17.77,83.1,17.0,27.1,27.5
39.931,23,101.0,1421.0,12.0,24.0,17.77,83.1,17.0,27.1,27.5
40.023,23,102.0,1421.0,12.0,24.0,17.77,83.1,17.0,27.1,27.5
40.111,23,102.0,1452.0,12.0,24.0,17.77,83.1,17.0,27.1,27.5
40.202,23,102.0,1452.0,13.0,24.0,17.77,83.1,17.0,27.1,27.5
40.291,23,102.0,1452.0,13.0,24.0,17.77,83.1,17.0,27.1,27.5
40.381,23,102.0,1452.0,13.0,24.0,17.63,83.1,17.0,27.1,27.5
40.473,23,102.0,1452.0,13.0,24.0,17.63,83.1,17.0,27.1,27.5
40.561,23,102.0,1452.0,13.0,24.0,17.63,83.1,17.0,27.1,27.5
40.651,23,102.0,1452.0,13.0,24.0,17.63,83.1,17.0,27.5,27.5
40.741,23,102.0,1452.0,13.0,24.0,17.63,83.1,17.0,27.5,27.5
40.831,23,102.0,1452.0,13.0,24.0,17.63,83.1,17.0,27.5,27.5
40.923,23,102.0,1452.0,13.0,24.0,17.63,83.1,17.0,27.5,27.5
40.983,23,102.0,1466.0,13.0,24.0,17.63,83.1,17.0,27.5,27.5
41.071,23,102.0,1466.0,13.0,24.0,17.63,83.1,17.0,27.5,27.5
41.132,23,102.0,1466.0,13.0,24.0,17.63,83.1,17.0,27.5,27.5
41.223,23,102.0,1466.0,13.0,24.0,17.99,83.1,17.0,27.5,27.5
41.282,23,102.0,1466.0,13.0,24.0,17.99,83.1,17.0,27.5,27.5
41.375,23,102.0,1466.0,13.0,24.0,17.99,83.1,17.0,27.5,27.5
41.432,23,102.0,1466.0,13.0,24.0,17.99,83.1,17.0,27.5,27.5
41.521,23,102.0,1466.0,13.0,24.0,17.99,83.1,17.0,27.5,28.2
41.611,24,102.0,1466.0,13.0,24.0,17.99,83.1,17.0,27.5,28.2
41.701,24,102.0,1466.0,13.0,24.0,17.99,83.1,17.0,27.5,28.2
41.791,24,102.0,1495.0,13.0,24.0,17.99,83.1,17.0,27.5,28.2
41.882,24,102.0,1495.0,13.0,24.0,17.99,83.1,17.0,27.5,28.2
41.971,24,102.0,1495.0,13.0,24.0,17.99,83.1,17.0,27.5,28.2
42.061,24,102.0,1495.0,13.0,24.0,18.72,83.1,17.0,27.5,28.2
42.151,24,102.0,1495.0,13.0,24.0,18.72,83.1,17.0,27.5,28.2
42.241,24,102.0,1495.0,13.0,24.0,18.72,83.1,17.0,27.5,28.2
42.332,24,102.0,1495.0,13.0,24.0,18.72,83.1,17.0,14.1,28.2
42.421,24,102.0,1495.0,13.0,24.0,18.72,83.1,17.0,14.1,14.5
42.482,24,102.0,1495.0,13.0,24.0,18.72,83.1,17.0,14.1,14.5
42.571,24,101.0,1495.0,13.0,24.0,18.72,83.1,17.0,14.1,14.5
42.632,24,101.0,1189.0,13.0,24.0,18.72,83.1,17.0,14.1,14.5
42.721,24,101.0,1189.0,10.0,24.0,18.72,83.1,17.0,14.1,14.5
42.811,24,101.0,1189.0,10.0,24.0,18.72,83.1,17.0,14.1,14.5
42.901,24,101.0,1189.0,10.0,24.0,11.49,83.1,17.0,14.1,14.5
42.991,24,101.0,1189.0,10.0,24.0,11.49,83.1,17.0,14.1,14.5
43.081,24,101.0,1189.0,10.0,24.0,11.49,83.1,17.0,14.1,14.5
43.171,24,101.0,1189.0,10.0,24.0,11.49,83.1,17.0,14.1,14.5
43.262,24,101.0,1189.0,10.0,24.0,11.49,83.1,17.0,14.1,14.5
43.326,24,101.0,1189.0,10.0,24.0,11.49,83.1,17.0,14.1,14.5
43.384,24,103.0,1189.0,10.0,24.0,11.49,83.1,17.0,14.1,14.5
43.471,24,103.0,1028.0,10.0,24.0,11.49,83.1,17.0,14.1,14.5
43.532,24,103.0,1028.0,3.0,24.0,11.49,83.1,17.0,14.1,14.5
43.621,24,103.0,1028.0,3.0,22.0,11.49,83.1,17.0,14.1,14.5
43.682,24,103.0,1028.0,3.0,22.0,11.36,83.1,17.0,14.1,14.5
43.772,24,103.0,1028.0,3.0,22.0,11.36,83.1,17.0,14.1,14.5
43.833,24,103.0,1028.0,3.0,22.0,11.36,83.1,17.0,14.1,14.5
43.921,24,103.0,1028.0,3.0,22.0,11.36,83.1,17.0,14.1,14.5
44.011,24,103.0,1028.0,3.0,22.0,11.36,83.1,17.0,14.1,14.5
44.101,24,103.0,1028.0,3.0,22.0,11.36,83.1,17.0,14.1,14.5
44.191,24,103.0,1028.0,3.0,22.0,11.36,83.1,17.0,14.1,14.5
44.283,24,103.0,906.0,3.0,22.0,11.36,83.1,17.0,14.1,14.5
44.371,24,103.0,906.0,0.0,22.0,11.36,83.1,17.0,14.1,14.5
44.434,24,103.0,906.0,0.0,21.0,11.36,83.1,17.0,14.1,14.5
44.52,24,103.0,906.0,0.0,21.0,10.44,83.1,17.0,14.1,14.5
44.582,24,103.0,906.0,0.0,21.0,10.44,83.1,17.0,14.1,14.5
44.671,24,103.0,906.0,0.0,21.0,10.44,83.1,17.0,14.1,14.5
44.733,24,103.0,906.0,0.0,21.0,10.44,83.1,17.0,19.2,14.5
44.821,24,103.0,906.0,0.0,21.0,10.44,83.1,17.0,19.2,18.8
44.885,24,103.0,906.0,0.0,21.0,10.44,83.1,17.0,19.2,18.8
44.971,24,102.0,906.0,0.0,21.0,10.44,83.1,17.0,19.2,18.8
45.035,24,102.0,904.0,0.0,21.0,10.44,83.1,17.0,19.2,18.8
45.122,24,102.0,904.0,0.0,21.0,10.44,83.1,17.0,19.2,18.8
45.211,24,102.0,904.0,0.0,20.0,10.44,83.1,17.0,19.2,18.8
45.303,24,102.0,904.0,0.0,20.0,11.94,83.1,17.0,19.2,18.8
45.391,24,102.0,904.0,0.0,20.0,11.94,83.1,17.0,19.2,18.8
45.48,24,102.0,904.0,0.0,20.0,11.94,83.1,17.0,19.2,18.8
45.571,24,102.0,904.0,0.0,20.0,11.94,83.1,17.0,19.2,18.8
45.632,24,102.0,904.0,0.0,20.0,11.94,83.1,17.0,19.2,18.8
45.721,24,102.0,904.0,0.0,20.0,11.94,83.1,17.0,19.2,18.8
45.783,24,102.0,904.0,0.0,20.0,11.94,83.1,17.0,19.2,18.8
45.871,24,102.0,923.0,0.0,20.0,11.94,83.1,17.0,19.2,18.8
45.932,24,102.0,923.0,1.0,20.0,11.94,83.1,17.0,19.2,18.8
46.022,24,102.0,923.0,1.0,21.0,11.94,83.1,17.0,19.2,18.8
46.085,24,102.0,923.0,1.0,21.0,11.61,83.1,17.0,19.2,18.8
46.172,24,102.0,923.0,1.0,21.0,11.61,83.1,17.0,19.2,18.8
46.232,24,102.0,923.0,1.0,21.0,11.61,83.1,17.0,19.2,18.8
46.325,24,102.0,923.0,1.0,21.0,11.61,83.1,17.0,18.8,18.8
46.411,24,102.0,923.0,1.0,21.0,11.61,83.1,17.0,18.8,18.4
46.472,24,102.0,923.0,1.0,21.0,11.61,83.1,17.0,18.8,18.4
46.533,24,102.0,923.0,1.0,21.0,11.61,83.1,17.0,18.8,18.4
46.621,24,102.0,932.0,1.0,21.0,11.61,83.1,17.0,18.8,18.4
46.683,24,102.0,932.0,2.0,21.0,11.61,83.1,17.0,18.8,18.4
46.771,24,102.0,932.0,2.0,21.0,11.61,83.1,17.0,18.8,18.4
46.833,24,102.0,932.0,2.0,21.0,11.47,83.1,17.0,18.8,18.4
46.923,24,102.0,932.0,2.0,21.0,11.47,83.1,17.0,18.8,18.4
46.984,24,102.0,932.0,2.0,21.0,11.47,83.1,17.0,18.8,18.4
47.071,24,102.0,932.0,2.0,21.0,11.47,83.1,17.0,18.8,18.4
47.133,24,102.0,932.0,2.0,21.0,11.47,83.1,17.0,18.8,18.4
47.221,24,102.0,932.0,2.0,21.0,11.47,83.1,17.0,18.8,18.4
47.283,24,102.0,932.0,2.0,21.0,11.47,83.1,17.0,18.8,18.4
47.371,24,102.0,926.0,2.0,21.0,11.47,83.1,17.0,18.8,18.4
47.435,24,102.0,926.0,3.0,21.0,11.47,83.1,17.0,18.8,18.4
47.52,24,102.0,926.0,3.0,21.0,11.47,83.1,17.0,18.8,18.4
47.582,24,102.0,926.0,3.0,21.0,11.33,83.1,17.0,18.8,18.4
47.672,24,102.0,926.0,3.0,21.0,11.33,83.1,17.0,18.8,18.4
47.733,24,102.0,926.0,3.0,21.0,11.33,83.1,17.0,18.8,18.4
47.824,24,102.0,926.0,3.0,21.0,11.33,83.1,17.0,18.0,18.4
47.885,24,102.0,926.0,3.0,21.0,11.33,83.1,17.0,18.0,17.3
47.972,24,102.0,926.0,3.0,21.0,11.33,83.1,17.0,18.0,17.3
48.033,24,102.0,926.0,3.0,21.0,11.33,83.1,17.0,18.0,17.3
48.124,24,102.0,933.0,3.0,21.0,11.33,83.1,17.0,18.0,17.3
48.185,24,102.0,933.0,3.0,21.0,11.33,83.1,17.0,18.0,17.3
48.271,24,102.0,933.0,3.0,21.0,11.33,83.1,17.0,18.0,17.3
48.362,24,102.0,933.0,3.0,21.0,11.97,83.1,17.0,18.0,17.3
48.451,24,102.0,933.0,3.0,21.0,11.97,83.1,17.0,18.0,17.3
48.541,24,102.0,933.0,3.0,21.0,11.97,83.1,17.0,18.0,17.3
48.631,24,102.0,933.0,3.0,21.0,11.97,83.1,17.0,14.1,17.3
48.723,24,102.0,933.0,3.0,21.0,11.97,83.1,17.0,14.1,14.5
48.782,24,102.0,933.0,3.0,21.0,11.97,83.1,17.0,14.1,14.5
48.873,24,102.0,933.0,3.0,21.0,11.97,83.1,17.0,14.1,14.5
48.932,24,102.0,977.0,3.0,21.0,11.97,83.1,17.0,14.1,14.5
49.024,24,102.0,977.0,3.0,21.0,11.97,83.1,17.0,14.1,14.5
49.083,24,102.0,977.0,3.0,22.0,11.97,83.1,17.0,14.1,14.5
49.171,24,102.0,977.0,3.0,22.0,11.3,83.1,17.0,14.1,14.5
49.233,24,102.0,977.0,3.0,22.0,11.3,83.1,17.0,14.1,14.5
49.322,24,102.0,977.0,3.0,22.0,11.3,83.1,17.0,14.1,14.5
49.39,24,102.0,977.0,3.0,22.0,11.3,83.1,17.0,14.1,14.5
49.471,24,102.0,977.0,3.0,22.0,11.3,83.1,17.0,14.1,14.5
49.532,24,102.0,977.0,3.0,22.0,11.3,83.1,17.0,14.1,14.5
49.622,24,102.0,977.0,3.0,22.0,11.3,83.1,17.0,14.1,14.5
49.682,24,102.0,963.0,3.0,22.0,11.3,83.1,17.0,14.1,14.5
49.772,24,102.0,963.0,2.0,22.0,11.3,83.1,17.0,14.1,14.5
49.833,24,102.0,963.0,2.0,21.0,11.3,83.1,17.0,14.1,14.5
49.921,24,102.0,963.0,2.0,21.0,11.24,83.1,17.0,14.1,14.5
49.982,24,102.0,963.0,2.0,21.0,11.24,83.1,17.0,14.1,14.5
50.072,24,102.0,963.0,2.0,21.0,11.24,83.1,17.0,14.1,14.5
50.132,24,102.0,963.0,2.0,21.0,11.24,83.1,17.0,14.1,14.5
50.224,24,102.0,963.0,2.0,21.0,11.24,83.1,17.0,14.1,14.5
50.284,24,102.0,963.0,2.0,21.0,11.24,83.1,17.0,14.1,14.5
50.371,24,102.0,963.0,2.0,21.0,11.24,83.1,17.0,14.1,14.5
50.432,24,102.0,959.0,2.0,21.0,11.24,83.1,17.0,14.1,14.5
50.521,24,102.0,959.0,2.0,21.0,11.24,83.1,17.0,14.1,14.5
50.582,24,102.0,959.0,2.0,21.0,11.24,83.1,17.0,14.1,14.5
50.673,24,102.0,959.0,2.0,21.0,11.63,83.1,17.0,14.1,14.5
50.732,24,102.0,959.0,2.0,21.0,11.63,83.1,17.0,14.1,14.5
50.821,24,102.0,959.0,2.0,21.0,11.63,83.1,17.0,14.1,14.5
50.882,24,102.0,959.0,2.0,21.0,11.63,83.1,17.0,14.1,14.5
50.972,24,102.0,959.0,2.0,21.0,11.63,83.1,17.0,14.1,14.5
51.032,24,102.0,959.0,2.0,21.0,11.63,83.1,17.0,14.1,14.5
51.152,24,102.0,959.0,2.0,21.0,11.63,83.1,17.0,14.1,14.5
51.241,24,102.0,1001.0,2.0,21.0,11.63,83.1,17.0,14.1,14.5
51.331,24,102.0,1001.0,2.0,21.0,11.63,83.1,17.0,14.1,14.5
51.422,24,102.0,1001.0,2.0,21.0,11.63,83.1,17.0,14.1,14.5
51.482,24,102.0,1001.0,2.0,21.0,11.36,83.1,17.0,14.1,14.5
51.571,24,102.0,1001.0,2.0,21.0,11.36,83.1,17.0,14.1,14.5
51.633,24,102.0,1001.0,2.0,21.0,11.36,83.1,17.0,14.1,14.5
51.722,24,102.0,1001.0,2.0,21.0,11.36,83.1,17.0,14.1,14.5
51.784,24,102.0,1001.0,2.0,21.0,11.36,83.1,17.0,14.1,14.5
51.871,24,102.0,1001.0,2.0,21.0,11.36,83.1,17.0,14.1,14.5
51.933,24,102.0,1001.0,2.0,21.0,11.36,83.1,17.0,14.1,14.5
52.023,24,102.0,939.0,2.0,21.0,11.36,83.1,17.0,14.1,14.5
52.083,24,102.0,939.0,0.0,21.0,11.36,83.1,17.0,14.1,14.5
52.171,24,102.0,939.0,0.0,21.0,11.36,83.1,17.0,14.1,14.5
52.233,24,102.0,939.0,0.0,21.0,10.3,83.1,17.0,14.1,14.5
52.324,24,102.0,939.0,0.0,21.0,10.3,83.1,17.0,14.1,14.5
52.383,24,102.0,939.0,0.0,21.0,10.3,83.1,17.0,14.1,14.5
52.473,24,102.0,939.0,0.0,21.0,10.3,83.1,17.0,14.9,14.5
52.532,24,102.0,939.0,0.0,21.0,10.3,83.1,17.0,14.9,14.9
52.621,25,102.0,939.0,0.0,21.0,10.3,83.1,17.0,14.9,14.9
52.682,25,101.0,939.0,0.0,21.0,10.3,83.1,17.0,14.9,14.9
52.773,25,101.0,920.0,0.0,21.0,10.3,83.1,17.0,14.9,14.9
52.832,25,101.0,920.0,0.0,21.0,10.3,83.1,17.0,14.9,14.9
52.924,25,101.0,920.0,0.0,21.0,10.3,83.1,17.0,14.9,14.9
52.983,25,101.0,920.0,0.0,21.0,10.72,83.1,17.0,14.9,14.9
53.072,25,101.0,920.0,0.0,21.0,10.72,83.1,17.0,14.9,14.9
53.134,25,101.0,920.0,0.0,21.0,10.72,83.1,17.0,14.9,14.9
53.221,25,101.0,920.0,0.0,21.0,10.72,83.1,17.0,14.1,14.9
53.282,25,101.0,920.0,0.0,21.0,10.72,83.1,17.0,14.1,14.5
53.371,25,101.0,920.0,0.0,21.0,10.72,83.1,17.0,14.1,14.5
53.441,25,101.0,920.0,0.0,21.0,10.72,83.1,17.0,14.1,14.5
53.522,25,101.0,964.0,0.0,21.0,10.72,83.1,17.0,14.1,14.5
53.582,25,101.0,964.0,0.0,21.0,10.72,83.1,17.0,14.1,14.5
53.671,25,101.0,964.0,0.0,20.0,10.72,83.1,17.0,14.1,14.5
53.732,25,101.0,964.0,0.0,20.0,11.11,83.1,17.0,14.1,14.5
53.821,25,101.0,964.0,0.0,20.0,11.11,83.1,17.0,14.1,14.5
53.882,25,101.0,964.0,0.0,20.0,11.11,83.1,17.0,14.1,14.5
53.972,25,101.0,964.0,0.0,20.0,11.11,83.1,17.0,14.1,14.5
54.032,25,101.0,964.0,0.0,20.0,11.11,83.1,17.0,14.1,14.5
54.122,25,101.0,964.0,0.0,20.0,11.11,83.1,17.0,14.1,14.5
54.183,25,101.0,964.0,0.0,20.0,11.11,83.1,17.0,14.1,14.5
54.272,25,101.0,952.0,0.0,20.0,11.11,83.1,17.0,14.1,14.5
54.332,25,101.0,952.0,0.0,20.0,11.11,83.1,17.0,14.1,14.5
54.422,25,101.0,952.0,0.0,21.0,11.11,83.1,17.0,14.1,14.5
54.481,25,101.0,952.0,0.0,21.0,11.11,83.1,17.0,14.1,14.5
54.571,25,101.0,952.0,0.0,21.0,11.11,83.1,17.0,14.1,14.5
54.632,25,101.0,952.0,0.0,21.0,11.11,83.1,17.0,14.1,14.5
54.723,25,101.0,952.0,0.0,21.0,11.11,83.1,17.0,14.1,14.5
54.783,25,101.0,952.0,0.0,21.0,11.11,83.1,17.0,14.1,14.5
54.873,25,101.0,952.0,0.0,21.0,11.11,83.1,17.0,14.1,14.5
54.934,25,101.0,952.0,0.0,21.0,11.11,83.1,17.0,14.1,14.5
55.022,25,101.0,949.0,0.0,21.0,11.11,83.1,17.0,14.1,14.5
55.083,25,101.0,949.0,0.0,21.0,11.11,83.1,17.0,14.1,14.5
55.172,25,101.0,949.0,0.0,21.0,11.11,83.1,17.0,14.1,14.5
55.233,25,101.0,949.0,0.0,21.0,11.11,83.1,17.0,14.1,14.5
55.321,25,101.0,949.0,0.0,21.0,11.11,83.5,17.0,14.1,14.5
55.383,25,101.0,949.0,0.0,21.0,11.11,83.5,17.0,14.1,14.5
55.472,25,101.0,949.0,0.0,21.0,11.11,83.5,17.0,14.1,14.5
55.532,25,101.0,949.0,0.0,21.0,11.11,83.5,17.0,14.1,14.5
55.621,25,101.0,949.0,0.0,21.0,11.11,83.5,17.0,14.1,14.5
55.682,25,101.0,949.0,0.0,21.0,11.11,83.5,17.0,14.1,14.5
55.774,25,101.0,948.0,0.0,21.0,11.11,83.5,17.0,14.1,14.5
55.832,25,101.0,948.0,0.0,21.0,11.11,83.5,17.0,14.1,14.5
55.921,25,101.0,948.0,0.0,21.0,11.11,83.5,17.0,14.1,14.5
55.983,25,101.0,948.0,0.0,21.0,10.63,83.5,17.0,14.1,14.5
56.073,25,101.0,948.0,0.0,21.0,10.63,83.5,17.0,14.1,14.5
56.133,25,101.0,948.0,0.0,21.0,10.63,83.5,17.0,14.1,14.5
56.225,25,101.0,948.0,0.0,21.0,10.63,83.5,17.0,14.9,14.5
56.287,25,101.0,948.0,0.0,21.0,10.63,83.5,17.0,14.9,14.5
56.372,25,101.0,948.0,0.0,21.0,10.63,83.5,17.0,14.9,14.5
56.432,25,101.0,948.0,0.0,21.0,10.63,83.5,17.0,14.9,14.5
56.522,25,101.0,931.0,0.0,21.0,10.63,83.5,17.0,14.9,14.5
56.582,25,101.0,931.0,0.0,21.0,10.63,83.5,17.0,14.9,14.5
56.671,25,101.0,931.0,0.0,21.0,10.63,83.5,17.0,14.9,14.5
56.733,25,101.0,931.0,0.0,21.0,11.11,83.5,17.0,14.9,14.5
56.826,25,101.0,931.0,0.0,21.0,11.11,83.1,17.0,14.9,14.5
56.883,25,101.0,931.0,0.0,21.0,11.11,83.1,17.0,14.9,14.5
56.972,25,101.0,931.0,0.0,21.0,11.11,83.1,17.0,14.1,14.5
57.032,25,101.0,931.0,0.0,21.0,11.11,83.1,17.0,14.1,14.5
57.122,25,101.0,931.0,0.0,21.0,11.11,83.1,17.0,14.1,14.5
57.182,25,101.0,931.0,0.0,21.0,11.11,83.1,17.0,14.1,14.5
57.271,25,101.0,953.0,0.0,21.0,11.11,83.1,17.0,14.1,14.5
57.332,25,101.0,953.0,0.0,21.0,11.11,83.1,17.0,14.1,14.5
57.421,25,101.0,953.0,0.0,21.0,11.11,83.1,17.0,14.1,14.5
57.482,25,101.0,953.0,0.0,21.0,11.16,83.1,17.0,14.1,14.5
57.571,25,101.0,953.0,0.0,21.0,11.16,83.1,17.0,14.1,14.5
57.632,25,101.0,953.0,0.0,21.0,11.16,83.1,17.0,14.1,14.5
57.722,25,101.0,953.0,0.0,21.0,11.16,83.1,17.0,14.1,14.5
57.782,25,101.0,953.0,0.0,21.0,11.16,83.1,17.0,14.1,14.5
57.873,25,101.0,953.0,0.0,21.0,11.16,83.1,17.0,14.1,14.5
57.933,25,101.0,953.0,0.0,21.0,11.16,83.1,17.0,14.1,14.5
58.024,25,101.0,950.0,0.0,21.0,11.16,83.1,17.0,14.1,14.5
58.095,25,101.0,950.0,0.0,21.0,11.16,83.1,17.0,14.1,14.5
58.173,25,101.0,950.0,0.0,21.0,11.16,83.1,17.0,14.1,14.5
58.232,25,101.0,950.0,0.0,21.0,11.02,83.1,17.0,14.1,14.5
58.321,25,101.0,950.0,0.0,21.0,11.02,83.1,17.0,14.1,14.5
58.384,25,101.0,950.0,0.0,21.0,11.02,83.1,17.0,14.1,14.5
58.472,25,101.0,950.0,0.0,21.0,11.02,83.1,17.0,14.1,14.5
58.532,25,101.0,950.0,0.0,21.0,11.02,83.1,17.0,14.1,14.5
58.622,25,101.0,950.0,0.0,21.0,11.02,83.1,17.0,14.1,14.5
58.683,25,101.0,950.0,0.0,21.0,11.02,83.1,17.0,14.1,14.5
58.771,25,101.0,936.0,0.0,21.0,11.02,83.1,17.0,14.1,14.5
58.832,25,101.0,936.0,0.0,21.0,11.02,83.1,17.0,14.1,14.5
58.924,25,101.0,936.0,0.0,21.0,11.02,83.1,17.0,14.1,14.5
58.983,25,101.0,936.0,0.0,21.0,10.66,83.1,17.0,14.1,14.5
59.071,25,101.0,936.0,0.0,21.0,10.66,83.5,17.0,14.1,14.5
59.133,25,101.0,936.0,0.0,21.0,10.66,83.5,17.0,14.1,14.5
59.221,25,101.0,936.0,0.0,21.0,10.66,83.5,17.0,14.9,14.5
59.288,25,101.0,936.0,0.0,21.0,10.66,83.5,17.0,14.9,14.9
59.371,25,101.0,936.0,0.0,21.0,10.66,83.5,17.0,14.9,14.9
59.461,25,101.0,936.0,0.0,21.0,10.66,83.5,17.0,14.9,14.9
59.523,25,101.0,916.0,0.0,21.0,10.66,83.5,17.0,14.9,14.9
59.583,25,101.0,916.0,1.0,21.0,10.66,83.5,17.0,14.9,14.9
59.672,25,101.0,916.0,1.0,21.0,10.66,83.5,17.0,14.9,14.9
59.732,25,101.0,916.0,1.0,21.0,10.99,83.5,17.0,14.9,14.9
59.822,25,101.0,916.0,1.0,21.0,10.99,83.1,17.0,14.9,14.9
59.882,25,101.0,916.0,1.0,21.0,10.99,83.1,17.0,14.9,14.9
59.971,25,101.0,916.0,1.0,21.0,10.99,83.1,17.0,14.9,14.9
60.091,25,101.0,916.0,1.0,21.0,10.99,83.1,17.0,14.9,14.5
60.182,25,101.0,916.0,1.0,21.0,10.99,83.1,17.0,14.9,14.5
60.275,25,101.0,916.0,1.0,21.0,10.99,83.1,17.0,14.9,14.5
60.361,25,101.0,924.0,1.0,21.0,10.99,83.1,17.0,14.9,14.5
60.423,25,101.0,924.0,2.0,21.0,10.99,83.1,17.0,14.9,14.5
60.511,25,101.0,924.0,2.0,21.0,10.99,83.1,17.0,14.9,14.5
60.601,25,101.0,924.0,2.0,21.0,11.02,83.1,17.0,14.9,14.5
60.662,25,101.0,924.0,2.0,21.0,11.02,83.1,17.0,14.9,14.5
60.724,25,101.0,924.0,2.0,21.0,11.02,83.1,17.0,14.9,14.5
60.812,25,101.0,924.0,2.0,21.0,11.02,83.1,17.0,14.9,14.5
60.876,25,101.0,924.0,2.0,21.0,11.02,83.1,17.0,14.9,14.5
60.962,26,101.0,924.0,2.0,21.0,11.02,83.1,17.0,14.9,14.5
61.024,26,101.0,924.0,2.0,21.0,11.02,83.1,17.0,14.9,14.5
61.111,26,101.0,914.0,2.0,21.0,11.02,83.1,17.0,14.9,14.5
61.172,26,101.0,914.0,3.0,21.0,11.02,83.1,17.0,14.9,14.5
61.261,26,101.0,914.0,3.0,21.0,11.02,83.1,17.0,14.9,14.5
61.323,26,101.0,914.0,3.0,21.0,11.33,83.1,17.0,14.9,14.5
61.412,26,101.0,914.0,3.0,21.0,11.33,83.1,17.0,14.9,14.5
61.471,26,101.0,914.0,3.0,21.0,11.33,83.1,17.0,14.9,14.5
61.561,26,101.0,914.0,3.0,21.0,11.33,83.1,17.0,14.9,14.5
61.622,26,101.0,914.0,3.0,21.0,11.33,83.1,17.0,14.9,14.5
61.711,26,101.0,914.0,3.0,21.0,11.33,83.1,17.0,14.9,14.5
61.773,26,102.0,914.0,3.0,21.0,11.33,83.1,17.0,14.9,14.5
61.861,26,102.0,867.0,3.0,21.0,11.33,83.1,17.0,14.9,14.5
61.924,26,102.0,867.0,6.0,21.0,11.33,83.1,17.0,14.9,14.5
62.011,26,102.0,867.0,6.0,21.0,11.33,83.1,17.0,14.9,14.5
62.071,26,102.0,867.0,6.0,21.0,12.69,83.1,17.0,14.9,14.5
62.161,26,102.0,867.0,6.0,21.0,12.69,83.1,17.0,14.9,14.5
62.224,26,102.0,867.0,6.0,21.0,12.69,83.1,17.0,14.9,14.5
62.311,26,102.0,867.0,6.0,21.0,12.69,83.1,17.0,16.5,14.5
62.372,26,102.0,867.0,6.0,21.0,12.69,83.1,17.0,16.5,18.8
62.461,26,102.0,867.0,6.0,21.0,12.69,83.1,17.0,16.5,18.8
62.551,26,102.0,867.0,6.0,21.0,12.69,83.1,17.0,16.5,18.8
62.642,26,102.0,1132.0,6.0,21.0,12.69,83.1,17.0,16.5,18.8
62.731,26,102.0,1132.0,9.0,21.0,12.69,83.1,17.0,16.5,18.8
62.822,26,102.0,1132.0,9.0,22.0,12.69,83.1,17.0,16.5,18.8
62.911,26,102.0,1132.0,9.0,22.0,20.77,83.1,17.0,16.5,18.8
62.973,26,102.0,1132.0,9.0,22.0,20.77,83.1,17.0,16.5,18.8
63.061,26,102.0,1132.0,9.0,22.0,20.77,83.1,17.0,16.5,18.8
63.122,26,102.0,1132.0,9.0,22.0,20.77,83.1,17.0,36.5,18.8
63.211,26,102.0,1132.0,9.0,22.0,20.77,83.1,17.0,36.5,37.6
63.275,26,102.0,1132.0,9.0,22.0,20.77,83.1,17.0,36.5,37.6
63.361,26,110.0,1132.0,9.0,22.0,20.77,83.1,17.0,36.5,37.6
63.424,26,110.0,1550.0,9.0,22.0,20.77,83.1,17.0,36.5,37.6
63.511,26,110.0,1550.0,14.0,22.0,20.77,83.1,17.0,36.5,37.6
63.572,26,110.0,1550.0,14.0,24.0,20.77,83.1,17.0,36.5,37.6
63.661,26,110.0,1550.0,14.0,24.0,27.24,83.1,17.0,36.5,37.6
63.723,26,110.0,1550.0,14.0,24.0,27.24,83.1,17.0,36.5,37.6
63.813,26,110.0,1550.0,14.0,24.0,27.24,83.1,17.0,36.5,37.6
63.872,26,110.0,1550.0,14.0,24.0,27.24,83.1,17.0,38.8,37.6
63.961,26,110.0,1550.0,14.0,24.0,27.24,83.1,17.0,38.8,39.2
64.026,26,110.0,1550.0,14.0,24.0,27.24,83.1,17.0,38.8,39.2
64.113,26,123.0,1550.0,14.0,24.0,27.24,83.1,17.0,38.8,39.2
64.173,26,123.0,1830.0,14.0,24.0,27.24,83.1,17.0,38.8,39.2
64.262,26,123.0,1830.0,16.0,24.0,27.24,83.1,17.0,38.8,39.2
64.325,26,123.0,1830.0,16.0,26.0,27.24,83.1,17.0,38.8,39.2
64.411,26,123.0,1830.0,16.0,26.0,27.97,83.1,17.0,38.8,39.2
64.472,26,123.0,1830.0,16.0,26.0,27.97,83.1,17.0,38.8,39.2
64.561,26,123.0,1830.0,16.0,26.0,27.97,83.1,17.0,38.8,39.2
64.623,26,123.0,1830.0,16.0,26.0,27.97,83.1,17.0,21.2,39.2
64.712,26,123.0,1830.0,16.0,26.0,27.97,83.1,17.0,21.2,14.5
64.831,26,123.0,1830.0,16.0,26.0,27.97,83.1,17.0,21.2,14.5
64.923,26,108.0,1830.0,16.0,26.0,27.97,83.1,17.0,21.2,14.5
65.012,26,108.0,1487.0,16.0,26.0,27.97,83.1,17.0,21.2,14.5
65.072,26,108.0,1487.0,17.0,26.0,27.97,83.1,17.0,21.2,14.5
65.162,26,108.0,1487.0,17.0,26.0,27.97,83.1,17.0,21.2,14.5
65.227,26,108.0,1487.0,17.0,26.0,11.99,83.1,17.0,21.2,14.5
65.311,26,108.0,1487.0,17.0,26.0,11.99,83.1,17.0,21.2,14.5
65.373,26,108.0,1487.0,17.0,26.0,11.99,83.1,17.0,21.2,14.5
65.461,26,108.0,1487.0,17.0,26.0,11.99,83.1,17.0,19.2,14.5
65.522,26,108.0,1487.0,17.0,26.0,11.99,83.1,17.0,19.2,25.1
65.612,26,108.0,1487.0,17.0,26.0,11.99,83.1,17.0,19.2,25.1
65.673,26,108.0,1487.0,17.0,26.0,11.99,83.1,17.0,19.2,25.1
65.761,26,108.0,1307.0,17.0,26.0,11.99,83.1,17.0,19.2,25.1
65.822,26,108.0,1307.0,16.0,26.0,11.99,83.1,17.0,19.2,25.1
65.911,26,108.0,1307.0,16.0,22.0,11.99,83.1,17.0,19.2,25.1
65.972,26,108.0,1307.0,16.0,22.0,17.97,83.1,17.0,19.2,25.1
66.063,26,108.0,1307.0,16.0,22.0,17.97,83.1,17.0,19.2,25.1
66.122,26,108.0,1307.0,16.0,22.0,17.97,83.1,17.0,19.2,25.1
66.211,26,108.0,1307.0,16.0,22.0,17.97,83.1,17.0,23.5,25.1
66.274,26,108.0,1307.0,16.0,22.0,17.97,83.1,17.0,23.5,14.5
66.361,26,108.0,1307.0,16.0,22.0,17.97,83.1,17.0,23.5,14.5
66.423,26,103.0,1307.0,16.0,22.0,17.97,83.1,17.0,23.5,14.5
66.511,26,103.0,1026.0,16.0,22.0,17.97,83.1,17.0,23.5,14.5
66.572,26,103.0,1026.0,17.0,22.0,17.97,83.1,17.0,23.5,14.5
66.662,26,103.0,1026.0,17.0,23.0,17.97,83.1,17.0,23.5,14.5
66.725,26,103.0,1026.0,17.0,23.0,11.27,83.1,17.0,23.5,14.5
66.812,26,103.0,1026.0,17.0,23.0,11.27,83.1,17.0,23.5,14.5
66.873,26,103.0,1026.0,17.0,23.0,11.27,83.1,17.0,23.5,14.5
66.961,26,103.0,1026.0,17.0,23.0,11.27,83.1,17.0,14.1,14.5
67.024,26,103.0,1026.0,17.0,23.0,11.27,83.1,17.0,14.1,14.5
67.111,26,103.0,1026.0,17.0,23.0,11.27,83.1,17.0,14.1,14.5
67.173,26,103.0,1026.0,17.0,23.0,11.27,83.1,17.0,14.1,14.5
67.261,26,103.0,970.0,17.0,23.0,11.27,83.1,17.0,14.1,14.5
67.324,26,103.0,970.0,16.0,23.0,11.27,83.1,17.0,14.1,14.5
67.411,26,103.0,970.0,16.0,23.0,11.27,83.1,17.0,14.1,14.5
67.501,26,103.0,970.0,16.0,23.0,10.8,83.1,17.0,14.1,14.5
67.622,26,103.0,970.0,16.0,23.0,10.8,83.1,17.0,14.1,14.5
67.711,26,103.0,970.0,16.0,23.0,10.8,83.1,17.0,14.1,14.5
67.772,26,103.0,970.0,16.0,23.0,10.8,83.1,17.0,14.1,14.5
67.865,26,103.0,970.0,16.0,23.0,10.8,83.1,17.0,14.1,14.5
67.922,26,103.0,970.0,16.0,23.0,10.8,83.1,17.0,14.1,14.5
68.011,26,102.0,970.0,16.0,23.0,10.8,83.1,17.0,14.1,14.5
68.072,26,102.0,950.0,16.0,23.0,10.8,83.1,17.0,14.1,14.5
68.161,26,102.0,950.0,15.0,23.0,10.8,83.1,17.0,14.1,14.5
68.223,26,102.0,950.0,15.0,21.0,10.8,83.1,17.0,14.1,14.5
68.311,26,102.0,950.0,15.0,21.0,10.69,83.1,17.0,14.1,14.5
68.373,26,102.0,950.0,15.0,21.0,10.69,83.1,17.0,14.1,14.5
68.461,26,102.0,950.0,15.0,21.0,10.69,83.1,17.0,14.1,14.5
68.522,26,102.0,950.0,15.0,21.0,10.69,83.1,17.0,14.1,14.5
68.611,26,102.0,950.0,15.0,21.0,10.69,83.1,17.0,14.1,14.5
68.673,27,102.0,950.0,15.0,21.0,10.69,83.1,17.0,14.1,14.5
68.763,27,102.0,950.0,15.0,21.0,10.69,83.1,17.0,14.1,14.5
68.824,27,102.0,941.0,15.0,21.0,10.69,83.1,17.0,14.1,14.5
68.912,27,102.0,941.0,14.0,21.0,10.69,83.1,17.0,14.1,14.5
68.973,27,102.0,941.0,14.0,21.0,10.69,83.1,17.0,14.1,14.5
69.061,27,102.0,941.0,14.0,21.0,10.63,83.1,17.0,14.1,14.5
69.123,27,102.0,941.0,14.0,21.0,10.63,83.1,17.0,14.1,14.5
69.212,27,102.0,941.0,14.0,21.0,10.63,83.1,17.0,14.1,14.5
69.274,27,102.0,941.0,14.0,21.0,10.63,83.1,17.0,14.1,14.5
69.362,27,102.0,941.0,14.0,21.0,10.63,83.1,17.0,14.1,14.1
69.425,27,102.0,941.0,14.0,21.0,10.63,83.1,17.0,14.1,14.1
69.511,27,102.0,941.0,14.0,21.0,10.63,83.1,17.0,14.1,14.1
69.572,27,102.0,938.0,14.0,21.0,10.63,83.1,17.0,14.1,14.1
69.661,27,102.0,938.0,11.0,21.0,10.63,83.1,17.0,14.1,14.1
69.722,27,102.0,938.0,11.0,21.0,10.63,83.1,17.0,14.1,14.1
69.812,27,102.0,938.0,11.0,21.0,10.8,83.1,17.0,14.1,14.1
69.872,27,102.0,938.0,11.0,21.0,10.8,83.1,17.0,14.1,14.1
69.961,27,102.0,938.0,11.0,21.0,10.8,83.1,17.0,14.1,14.1
70.024,27,102.0,938.0,11.0,21.0,10.8,83.1,17.0,14.1,14.1
70.112,27,102.0,938.0,11.0,21.0,10.8,83.1,17.0,14.1,14.5
70.175,27,102.0,938.0,11.0,21.0,10.8,83.1,17.0,14.1,14.5
70.262,27,101.0,938.0,11.0,21.0,10.8,83.1,17.0,14.1,14.5
70.326,27,101.0,937.0,11.0,21.0,10.8,83.1,17.0,14.1,14.5
70.411,27,101.0,937.0,8.0,21.0,10.8,83.1,17.0,14.1,14.5
70.472,27,101.0,937.0,8.0,21.0,10.8,83.1,17.0,14.1,14.5
70.561,27,101.0,937.0,8.0,21.0,10.69,83.1,17.0,14.1,14.5
70.622,27,101.0,937.0,8.0,21.0,10.69,83.1,17.0,14.1,14.5
70.711,27,101.0,937.0,8.0,21.0,10.69,83.1,17.0,14.1,14.5
70.772,27,101.0,937.0,8.0,21.0,10.69,83.1,17.0,14.1,14.5
70.862,27,101.0,937.0,8.0,21.0,10.69,83.1,17.0,14.1,14.5
70.924,27,101.0,937.0,8.0,21.0,10.69,83.1,17.0,14.1,14.5
71.011,27,101.0,937.0,8.0,21.0,10.69,83.1,17.0,14.1,14.5
71.073,27,101.0,936.0,8.0,21.0,10.69,83.1,17.0,14.1,14.5
71.161,27,101.0,936.0,6.0,21.0,10.69,83.1,17.0,14.1,14.5
71.229,27,101.0,936.0,6.0,20.0,10.69,83.1,17.0,14.1,14.5
71.311,27,101.0,936.0,6.0,20.0,10.55,83.1,17.0,14.1,14.5
71.372,27,101.0,936.0,6.0,20.0,10.55,83.5,17.0,14.1,14.5
71.462,27,101.0,936.0,6.0,20.0,10.55,83.5,17.0,14.1,14.5
71.522,27,101.0,936.0,6.0,20.0,10.55,83.5,17.0,14.1,14.5
71.611,27,101.0,936.0,6.0,20.0,10.55,83.5,17.0,14.1,14.5
71.675,27,101.0,936.0,6.0,20.0,10.55,83.5,17.0,14.1,14.5
71.762,27,101.0,936.0,6.0,20.0,10.55,83.5,17.0,14.1,14.5
71.824,27,101.0,935.0,6.0,20.0,10.55,83.5,17.0,14.1,14.5
71.911,27,101.0,935.0,5.0,20.0,10.55,83.5,17.0,14.1,14.5
71.973,27,101.0,935.0,5.0,21.0,10.55,83.5,17.0,14.1,14.5
72.062,27,101.0,935.0,5.0,21.0,10.47,83.5,17.0,14.1,14.5
72.126,27,101.0,935.0,5.0,21.0,10.47,83.1,17.0,14.1,14.5
72.212,27,101.0,935.0,5.0,21.0,10.47,83.1,17.0,14.1,14.5
72.273,27,101.0,935.0,5.0,21.0,10.47,83.1,17.0,14.1,14.5
72.362,27,101.0,935.0,5.0,21.0,10.47,83.1,17.0,14.1,14.5
72.433,27,101.0,935.0,5.0,21.0,10.47,83.1,17.0,14.1,14.5
72.511,27,101.0,935.0,5.0,21.0,10.47,83.1,17.0,14.1,14.5
72.572,27,101.0,936.0,5.0,21.0,10.47,83.1,17.0,14.1,14.5
72.662,27,101.0,936.0,6.0,21.0,10.47,83.1,17.0,14.1,14.5
72.723,27,101.0,936.0,6.0,21.0,10.47,83.1,17.0,14.1,14.5
72.812,27,101.0,936.0,6.0,21.0,10.66,83.1,17.0,14.1,14.5
72.873,27,101.0,936.0,6.0,21.0,10.66,83.1,17.0,14.1,14.5
72.962,27,101.0,936.0,6.0,21.0,10.66,83.1,17.0,14.1,14.5
73.022,27,101.0,936.0,6.0,21.0,10.66,83.1,17.0,14.1,14.5
73.113,27,101.0,936.0,6.0,21.0,10.66,83.1,17.0,14.1,14.5
73.173,27,101.0,936.0,6.0,21.0,10.66,83.1,17.0,14.1,14.5
73.262,27,101.0,936.0,6.0,21.0,10.66,83.1,17.0,14.1,14.5
73.325,27,101.0,934.0,6.0,21.0,10.66,83.1,17.0,14.1,14.5
73.413,27,101.0,934.0,6.0,21.0,10.66,83.1,17.0,14.1,14.5
73.473,27,101.0,934.0,6.0,21.0,10.66,83.1,17.0,14.1,14.5
73.562,27,101.0,934.0,6.0,21.0,10.41,83.1,17.0,14.1,14.5
73.623,27,101.0,934.0,6.0,21.0,10.41,83.1,17.0,14.1,14.5
73.711,27,101.0,934.0,6.0,21.0,10.41,83.1,17.0,14.1,14.5
73.773,27,101.0,934.0,6.0,21.0,10.41,83.1,17.0,14.1,14.5
73.862,27,101.0,934.0,6.0,21.0,10.41,83.1,17.0,14.1,14.5
73.923,27,101.0,934.0,6.0,21.0,10.41,83.1,17.0,14.1,14.5
74.013,27,101.0,934.0,6.0,21.0,10.41,83.1,17.0,14.1,14.5
74.075,27,101.0,934.0,6.0,21.0,10.41,83.1,17.0,14.1,14.5
74.162,27,101.0,934.0,5.0,21.0,10.41,83.1,17.0,14.1,14.5
74.223,27,101.0,934.0,5.0,21.0,10.41,83.1,17.0,14.1,14.5
74.311,27,101.0,934.0,5.0,21.0,10.44,83.1,17.0,14.1,14.5
74.374,27,101.0,934.0,5.0,21.0,10.44,83.1,17.0,14.1,14.5
74.461,27,101.0,934.0,5.0,21.0,10.44,83.1,17.0,14.1,14.5
74.522,27,101.0,934.0,5.0,21.0,10.44,83.1,17.0,14.1,14.5
74.612,27,101.0,934.0,5.0,21.0,10.44,83.1,17.0,14.1,14.5
74.672,27,101.0,934.0,5.0,21.0,10.44,83.1,17.0,14.1,14.5
74.762,27,101.0,934.0,5.0,21.0,10.44,83.1,17.0,14.1,14.5
74.822,27,101.0,931.0,5.0,21.0,10.44,83.1,17.0,14.1,14.5
74.911,27,101.0,931.0,7.0,21.0,10.44,83.1,17.0,14.1,14.5
74.973,27,101.0,931.0,7.0,21.0,10.44,83.1,17.0,14.1,14.5
75.065,27,101.0,931.0,7.0,21.0,10.47,83.1,17.0,14.1,14.5
75.122,27,101.0,931.0,7.0,21.0,10.47,83.5,17.0,14.1,14.5
75.212,27,101.0,931.0,7.0,21.0,10.47,83.5,17.0,14.1,14.5
75.273,27,101.0,931.0,7.0,21.0,10.47,83.5,17.0,14.1,14.5
75.362,27,101.0,931.0,7.0,21.0,10.47,83.5,17.0,14.1,14.5
75.425,27,101.0,931.0,7.0,21.0,10.47,83.5,17.0,14.1,14.5
75.511,27,101.0,931.0,7.0,21.0,10.47,83.5,17.0,14.1,14.5
75.573,27,101.0,936.0,7.0,21.0,10.47,83.5,17.0,14.1,14.5
75.662,27,101.0,936.0,9.0,21.0,10.47,83.5,17.0,14.1,14.5
75.722,27,101.0,936.0,9.0,21.0,10.47,83.5,17.0,14.1,14.5
75.812,27,101.0,936.0,9.0,21.0,10.55,83.5,17.0,14.1,14.5
75.875,27,101.0,936.0,9.0,21.0,10.55,83.1,17.0,14.1,14.5
75.962,27,101.0,936.0,9.0,21.0,10.55,83.1,17.0,14.1,14.5
76.025,27,101.0,936.0,9.0,21.0,10.55,83.1,17.0,14.1,14.5
76.111,27,101.0,936.0,9.0,21.0,10.55,83.1,17.0,14.1,14.5
76.173,28,101.0,936.0,9.0,21.0,10.55,83.1,17.0,14.1,14.5
76.264,28,101.0,936.0,9.0,21.0,10.55,83.1,17.0,14.1,14.5
76.328,28,101.0,933.0,9.0,21.0,10.55,83.1,17.0,14.1,14.5
76.412,28,101.0,933.0,12.0,21.0,10.55,83.1,17.0,14.1,14.5
76.472,28,101.0,933.0,12.0,21.0,10.55,83.1,17.0,14.1,14.5
76.561,28,101.0,933.0,12.0,21.0,10.49,83.1,17.0,14.1,14.5
76.623,28,101.0,933.0,12.0,21.0,10.49,83.1,17.0,14.1,14.5
76.711,28,101.0,933.0,12.0,21.0,10.49,83.1,17.0,14.1,14.5
76.776,28,101.0,933.0,12.0,21.0,10.49,83.1,17.0,14.1,14.5
76.863,28,101.0,933.0,12.0,21.0,10.49,83.1,17.0,14.1,14.5
76.926,28,101.0,933.0,12.0,21.0,10.49,83.1,17.0,14.1,14.5
77.011,28,101.0,933.0,12.0,21.0,10.49,83.1,17.0,14.1,14.5
77.072,28,101.0,872.0,12.0,21.0,10.49,83.1,17.0,14.1,14.5
77.161,28,101.0,872.0,14.0,21.0,10.49,83.1,17.0,14.1,14.5
77.223,28,101.0,872.0,14.0,21.0,10.49,83.1,17.0,14.1,14.5
77.312,28,101.0,872.0,14.0,21.0,11.47,83.1,17.0,14.1,14.5
77.373,28,101.0,872.0,14.0,21.0,11.47,83.1,17.0,14.1,14.5
77.461,28,101.0,872.0,14.0,21.0,11.47,83.1,17.0,14.1,14.5
77.522,28,101.0,872.0,14.0,21.0,11.47,83.1,17.0,14.1,14.5
77.612,28,101.0,872.0,14.0,21.0,11.47,83.1,17.0,14.1,14.5
77.673,28,101.0,872.0,14.0,21.0,11.47,83.1,17.0,14.1,14.5
77.762,28,101.0,872.0,14.0,21.0,11.47,83.1,17.0,14.1,14.5
77.823,28,101.0,1011.0,14.0,21.0,11.47,83.1,17.0,14.1,14.5
77.911,28,101.0,1011.0,18.0,21.0,11.47,83.1,17.0,14.1,14.5
77.973,28,101.0,1011.0,18.0,21.0,11.47,83.1,17.0,14.1,14.5
78.063,28,101.0,1011.0,18.0,21.0,11.86,83.1,17.0,14.1,14.5
78.126,28,101.0,1011.0,18.0,21.0,11.86,83.1,17.0,14.1,14.5
78.212,28,101.0,1011.0,18.0,21.0,11.86,83.1,17.0,14.1,14.5
78.273,28,101.0,1011.0,18.0,21.0,11.86,83.1,17.0,14.1,14.5
78.363,28,101.0,1011.0,18.0,21.0,11.86,83.1,17.0,14.1,14.5
78.423,28,101.0,1011.0,18.0,21.0,11.86,83.1,17.0,14.1,14.5
78.511,28,101.0,1011.0,18.0,21.0,11.86,83.1,17.0,14.1,14.5
78.572,28,101.0,1082.0,18.0,21.0,11.86,83.1,17.0,14.1,14.5
78.662,28,101.0,1082.0,18.0,21.0,11.86,83.1,17.0,14.1,14.5
78.722,28,101.0,1082.0,18.0,22.0,11.86,83.1,17.0,14.1,14.5
78.812,28,101.0,1082.0,18.0,22.0,11.72,83.1,17.0,14.1,14.5
78.874,28,101.0,1082.0,18.0,22.0,11.72,83.1,17.0,14.1,14.5
78.962,28,101.0,1082.0,18.0,22.0,11.72,83.1,17.0,14.1,14.5
79.023,28,101.0,1082.0,18.0,22.0,11.72,83.1,17.0,21.2,14.5
79.112,28,101.0,1082.0,18.0,22.0,11.72,83.1,17.0,21.2,20.8
79.173,28,101.0,1082.0,18.0,22.0,11.72,83.1,17.0,21.2,20.8
79.261,28,101.0,1082.0,18.0,22.0,11.72,83.1,17.0,21.2,20.8
79.323,28,101.0,1135.0,18.0,22.0,11.72,83.1,17.0,21.2,20.8
79.412,28,101.0,1135.0,19.0,22.0,11.72,83.1,17.0,21.2,20.8
79.472,28,101.0,1135.0,19.0,22.0,11.72,83.1,17.0,21.2,20.8
79.561,28,101.0,1135.0,19.0,22.0,13.13,83.1,17.0,21.2,20.8
79.623,28,101.0,1135.0,19.0,22.0,13.13,83.1,17.0,21.2,20.8
79.712,28,101.0,1135.0,19.0,22.0,13.13,83.1,17.0,21.2,20.8
79.773,28,101.0,1135.0,19.0,22.0,13.13,83.1,17.0,20.8,20.8
79.861,28,101.0,1135.0,19.0,22.0,13.13,83.1,17.0,20.8,20.4
79.923,28,101.0,1135.0,19.0,22.0,13.13,83.1,17.0,20.8,20.4
80.012,28,102.0,1135.0,19.0,22.0,13.13,83.1,17.0,20.8,20.4
80.074,28,102.0,1197.0,19.0,22.0,13.13,83.1,17.0,20.8,20.4
80.162,28,102.0,1197.0,20.0,22.0,13.13,83.1,17.0,20.8,20.4
80.226,28,102.0,1197.0,20.0,23.0,13.13,83.1,17.0,20.8,20.4
80.311,28,102.0,1197.0,20.0,23.0,13.88,83.1,17.0,20.8,20.4
80.373,28,102.0,1197.0,20.0,23.0,13.88,83.1,17.0,20.8,20.4
80.461,28,102.0,1197.0,20.0,23.0,13.88,83.1,17.0,20.8,20.4
80.522,28,102.0,1197.0,20.0,23.0,13.88,83.1,17.0,20.0,20.4
80.611,28,102.0,1197.0,20.0,23.0,13.88,83.1,17.0,20.0,20.0
80.673,28,102.0,1197.0,20.0,23.0,13.88,83.1,17.0,20.0,20.0
80.762,28,103.0,1197.0,20.0,23.0,13.88,83.1,17.0,20.0,20.0
80.823,28,103.0,1254.0,20.0,23.0,13.88,83.1,17.0,20.0,20.0
80.912,28,103.0,1254.0,21.0,23.0,13.88,83.1,17.0,20.0,20.0
81.031,28,103.0,1254.0,21.0,23.0,13.88,83.1,17.0,20.0,20.0
81.121,28,103.0,1254.0,21.0,23.0,14.22,83.1,17.0,20.0,20.0
81.212,28,103.0,1254.0,21.0,23.0,14.22,83.1,17.0,20.0,20.0
81.273,28,103.0,1254.0,21.0,23.0,14.22,83.1,17.0,20.0,20.0
81.365,28,103.0,1254.0,21.0,23.0,14.22,83.1,17.0,20.0,20.0
81.428,28,103.0,1254.0,21.0,23.0,14.22,83.1,17.0,20.0,19.6
81.511,28,103.0,1254.0,21.0,23.0,14.22,83.1,17.0,20.0,19.6
81.603,28,103.0,1254.0,21.0,23.0,14.22,83.1,17.0,20.0,19.6
81.662,28,103.0,1303.0,21.0,23.0,14.22,83.1,17.0,20.0,19.6
81.722,28,103.0,1303.0,22.0,23.0,14.22,83.1,17.0,20.0,19.6
81.812,28,103.0,1303.0,22.0,23.0,14.22,83.1,17.0,20.0,19.6
81.874,28,103.0,1303.0,22.0,23.0,14.69,83.1,17.0,20.0,19.6
81.961,28,103.0,1303.0,22.0,23.0,14.69,83.1,17.0,20.0,19.6
82.022,28,103.0,1303.0,22.0,23.0,14.69,83.1,17.0,20.0,19.6
82.111,28,103.0,1303.0,22.0,23.0,14.69,83.1,17.0,19.6,19.6
82.172,28,103.0,1303.0,22.0,23.0,14.69,83.1,17.0,19.6,19.6
82.262,28,103.0,1303.0,22.0,23.0,14.69,83.1,17.0,19.6,19.6
82.325,28,103.0,1303.0,22.0,23.0,14.69,83.1,17.0,19.6,19.6
82.411,28,103.0,1342.0,22.0,23.0,14.69,83.1,17.0,19.6,19.6
82.472,28,103.0,1342.0,23.0,23.0,14.69,83.1,17.0,19.6,19.6
82.562,28,103.0,1342.0,23.0,23.0,14.69,83.1,17.0,19.6,19.6
82.682,28,103.0,1342.0,23.0,23.0,15.38,83.1,17.0,19.6,19.6
82.772,28,103.0,1342.0,23.0,23.0,15.38,83.1,17.0,19.6,19.6
82.862,28,103.0,1342.0,23.0,23.0,15.38,83.1,16.0,19.6,19.6
82.929,28,103.0,1342.0,23.0,23.0,15.38,83.1,16.0,14.1,19.6
83.011,28,103.0,1342.0,23.0,23.0,15.38,83.1,16.0,14.1,14.5
83.073,29,103.0,1342.0,23.0,23.0,15.38,83.1,16.0,14.1,14.5
83.163,29,104.0,1342.0,23.0,23.0,15.38,83.1,16.0,14.1,14.5
83.225,29,104.0,1357.0,23.0,23.0,15.38,83.1,16.0,14.1,14.5
83.312,29,104.0,1357.0,23.0,23.0,15.38,83.1,16.0,14.1,14.5
83.374,29,104.0,1357.0,23.0,23.0,15.38,83.1,16.0,14.1,14.5
83.461,29,104.0,1357.0,23.0,23.0,15.36,83.1,16.0,14.1,14.5
83.522,29,104.0,1357.0,23.0,23.0,15.36,83.1,16.0,14.1,14.5
83.611,29,104.0,1357.0,23.0,23.0,15.36,83.1,16.0,14.1,14.5
83.673,29,104.0,1357.0,23.0,23.0,15.36,83.1,16.0,14.1,14.5
83.762,29,104.0,1357.0,23.0,23.0,15.36,83.1,16.0,14.1,14.5
83.823,29,104.0,1357.0,23.0,23.0,15.36,83.1,16.0,14.1,14.5
83.911,29,104.0,1357.0,23.0,23.0,15.36,83.1,16.0,14.1,14.5
83.973,29,104.0,1384.0,23.0,23.0,15.36,83.1,16.0,14.1,14.5
84.062,29,104.0,1384.0,24.0,23.0,15.36,83.1,16.0,14.1,14.5
84.125,29,104.0,1384.0,24.0,23.0,15.36,83.1,16.0,14.1,14.5
84.212,29,104.0,1384.0,24.0,23.0,21.69,83.1,16.0,14.1,14.5
84.273,29,104.0,1384.0,24.0,23.0,21.69,31.0,16.0,14.1,14.5
84.362,29,104.0,1384.0,24.0,23.0,21.69,31.0,16.0,14.1,14.5
84.424,29,104.0,1384.0,24.0,23.0,21.69,31.0,16.0,14.1,14.5
84.511,29,104.0,1384.0,24.0,23.0,21.69,31.0,16.0,14.1,14.5
84.572,29,104.0,1384.0,24.0,23.0,21.69,31.0,16.0,14.1,14.5
84.664,29,88.0,1384.0,24.0,23.0,21.69,31.0,16.0,14.1,14.5
84.723,29,88.0,1376.0,24.0,23.0,21.69,31.0,16.0,14.1,14.5
84.812,29,88.0,1376.0,24.0,23.0,21.69,31.0,16.0,14.1,14.5
84.873,29,88.0,1376.0,24.0,24.0,21.69,31.0,16.0,14.1,14.5
84.962,29,88.0,1376.0,24.0,24.0,16.41,31.0,16.0,14.1,14.5
85.024,29,88.0,1376.0,24.0,24.0,16.41,82.4,16.0,14.1,14.5
85.113,29,88.0,1376.0,24.0,24.0,16.41,82.4,16.0,14.1,14.5
85.174,29,88.0,1376.0,24.0,24.0,16.41,82.4,16.0,14.1,14.5
85.261,29,88.0,1376.0,24.0,24.0,16.41,82.4,16.0,14.1,14.5
85.323,29,88.0,1376.0,24.0,24.0,16.41,82.4,16.0,14.1,14.5
85.412,29,99.0,1376.0,24.0,24.0,16.41,82.4,16.0,14.1,14.5
85.472,29,99.0,1329.0,24.0,24.0,16.41,82.4,16.0,14.1,14.5
85.561,29,99.0,1329.0,23.0,24.0,16.41,82.4,16.0,14.1,14.5
85.623,29,99.0,1329.0,23.0,24.0,16.41,82.4,16.0,14.1,14.5
85.712,29,99.0,1329.0,23.0,24.0,14.44,82.4,16.0,14.1,14.5
85.774,29,99.0,1329.0,23.0,24.0,14.44,83.5,16.0,14.1,14.5
85.863,29,99.0,1329.0,23.0,24.0,14.44,83.5,16.0,14.1,14.5
85.923,29,99.0,1329.0,23.0,24.0,14.44,83.5,16.0,14.1,14.5
86.013,29,99.0,1329.0,23.0,24.0,14.44,83.5,16.0,14.1,14.5
86.075,29,99.0,1329.0,23.0,24.0,14.44,83.5,16.0,14.1,14.5
86.162,29,102.0,1329.0,23.0,24.0,14.44,83.5,16.0,14.1,14.5
86.227,29,102.0,1266.0,23.0,24.0,14.44,83.5,16.0,14.1,14.5
86.312,29,102.0,1266.0,22.0,24.0,14.44,83.5,16.0,14.1,14.5
86.373,29,102.0,1266.0,22.0,22.0,14.44,83.5,16.0,14.1,14.5
86.461,29,102.0,1266.0,22.0,22.0,13.63,83.5,16.0,14.1,14.5
86.551,29,102.0,1266.0,22.0,22.0,13.63,83.5,16.0,14.1,14.5
86.642,29,102.0,1266.0,22.0,22.0,13.63,83.5,16.0,14.1,14.5
86.732,29,102.0,1266.0,22.0,22.0,13.63,83.5,16.0,14.1,14.5
86.822,29,102.0,1266.0,22.0,22.0,13.63,83.5,16.0,14.1,14.5
86.913,29,102.0,1266.0,22.0,22.0,13.63,83.5,16.0,14.1,14.5
87.002,29,103.0,1266.0,22.0,22.0,13.63,83.5,16.0,14.1,14.5
87.092,29,103.0,1186.0,22.0,22.0,13.63,83.5,16.0,14.1,14.5
87.181,29,103.0,1186.0,21.0,22.0,13.63,83.5,16.0,14.1,14.5
87.272,29,103.0,1186.0,21.0,23.0,13.63,83.5,16.0,14.1,14.5
87.362,29,103.0,1186.0,21.0,23.0,9.13,83.5,16.0,14.1,14.5
87.454,29,103.0,1186.0,21.0,23.0,9.13,83.5,16.0,14.1,14.5
87.541,29,103.0,1186.0,21.0,23.0,9.13,83.5,16.0,14.1,14.5
87.631,29,103.0,1186.0,21.0,23.0,9.13,83.5,16.0,14.1,14.5
87.723,29,103.0,1186.0,21.0,23.0,9.13,83.5,16.0,14.1,14.5
87.812,29,103.0,1186.0,21.0,23.0,9.13,83.5,16.0,14.1,14.5
87.963,29,102.0,1186.0,21.0,23.0,9.13,83.5,16.0,14.1,14.5
88.053,29,102.0,909.0,21.0,23.0,9.13,83.5,16.0,14.1,14.5
88.143,29,102.0,909.0,19.0,23.0,9.13,83.5,16.0,14.1,14.5
88.232,29,102.0,909.0,19.0,21.0,9.13,83.5,16.0,14.1,14.5
88.322,29,102.0,909.0,19.0,21.0,10.41,83.5,16.0,14.1,14.5
88.412,29,102.0,909.0,19.0,21.0,10.41,83.5,16.0,14.1,14.5
88.502,29,102.0,909.0,19.0,21.0,10.41,83.5,16.0,14.1,14.5
88.592,29,102.0,909.0,19.0,21.0,10.41,83.5,16.0,14.1,14.5
88.681,29,102.0,909.0,19.0,21.0,10.41,83.5,16.0,14.1,14.5
88.772,29,102.0,909.0,19.0,21.0,10.41,83.5,16.0,14.1,14.5
88.863,29,101.0,909.0,19.0,21.0,10.41,83.5,16.0,14.1,14.5
88.952,29,101.0,917.0,19.0,21.0,10.41,83.5,16.0,14.1,14.5
89.042,29,101.0,917.0,14.0,21.0,10.41,83.5,16.0,14.1,14.5
89.131,29,101.0,917.0,14.0,20.0,10.41,83.5,16.0,14.1,14.5
89.222,29,101.0,917.0,14.0,20.0,10.44,83.5,16.0,14.1,14.5
89.312,29,101.0,917.0,14.0,20.0,10.44,83.5,16.0,14.1,14.5
89.435,29,101.0,917.0,14.0,20.0,10.44,83.5,16.0,14.1,14.5
89.521,29,101.0,917.0,14.0,20.0,10.44,83.5,16.0,14.1,14.5
89.612,29,101.0,917.0,14.0,20.0,10.44,83.5,16.0,14.1,14.5
89.703,29,101.0,917.0,14.0,20.0,10.44,83.5,16.0,14.1,14.5
89.793,29,101.0,917.0,14.0,20.0,10.44,83.5,16.0,14.1,14.5
89.882,29,101.0,925.0,14.0,20.0,10.44,83.5,16.0,14.1,14.5
89.972,29,101.0,925.0,10.0,20.0,10.44,83.5,16.0,14.1,14.5
90.062,29,101.0,925.0,10.0,20.0,10.44,83.5,16.0,14.1,14.5
90.152,29,101.0,925.0,10.0,20.0,10.63,83.5,16.0,14.1,14.5
90.244,29,101.0,925.0,10.0,20.0,10.63,83.5,16.0,14.1,14.5
90.332,29,101.0,925.0,10.0,20.0,10.63,83.5,16.0,14.1,14.5
90.422,29,101.0,925.0,10.0,20.0,10.63,83.5,16.0,14.1,14.5
90.512,29,101.0,925.0,10.0,20.0,10.63,83.5,16.0,14.1,14.5
90.602,29,101.0,925.0,10.0,20.0,10.63,83.5,16.0,14.1,14.5
90.692,29,101.0,925.0,10.0,20.0,10.63,83.5,16.0,14.1,14.5
90.782,29,101.0,926.0,10.0,20.0,10.63,83.5,16.0,14.1,14.5
90.872,29,101.0,926.0,6.0,20.0,10.63,83.5,16.0,14.1,14.5
90.962,29,101.0,926.0,6.0,21.0,10.63,83.5,16.0,14.1,14.5
91.052,29,101.0,926.0,6.0,21.0,10.27,83.5,16.0,14.1,14.5
91.143,29,101.0,926.0,6.0,21.0,10.27,83.5,16.0,14.1,14.5
91.232,29,101.0,926.0,6.0,21.0,10.27,83.5,16.0,14.1,14.5
91.322,29,101.0,926.0,6.0,21.0,10.27,83.5,16.0,14.5,14.5
91.411,29,101.0,926.0,6.0,21.0,10.27,83.5,16.0,14.5,15.7
91.501,29,101.0,926.0,6.0,21.0,10.27,83.5,16.0,14.5,15.7
91.592,29,101.0,926.0,6.0,21.0,10.27,83.5,16.0,14.5,15.7
91.682,29,101.0,957.0,6.0,21.0,10.27,83.5,16.0,14.5,15.7
91.773,29,101.0,957.0,7.0,21.0,10.27,83.5,16.0,14.5,15.7
91.863,29,101.0,957.0,7.0,21.0,10.27,83.5,16.0,14.5,15.7
91.952,29,101.0,957.0,7.0,21.0,13.36,83.5,16.0,14.5,15.7
92.042,29,101.0,957.0,7.0,21.0,13.36,83.5,16.0,14.5,15.7
92.132,29,101.0,957.0,7.0,21.0,13.36,83.5,16.0,14.5,15.7
92.221,29,101.0,957.0,7.0,21.0,13.36,83.5,16.0,24.7,15.7
92.312,29,101.0,957.0,7.0,21.0,13.36,83.5,16.0,24.7,26.3
92.403,30,101.0,957.0,7.0,21.0,13.36,83.5,16.0,24.7,26.3
92.492,30,99.0,957.0,7.0,21.0,13.36,83.5,16.0,24.7,26.3
92.582,30,99.0,1137.0,7.0,21.0,13.36,83.5,16.0,24.7,26.3
92.672,30,99.0,1137.0,10.0,21.0,13.36,83.5,16.0,24.7,26.3
92.762,30,99.0,1137.0,10.0,22.0,13.36,83.5,16.0,24.7,26.3
92.853,30,99.0,1137.0,10.0,22.0,14.99,83.5,16.0,24.7,26.3
92.943,30,99.0,1137.0,10.0,22.0,14.99,83.5,16.0,24.7,26.3
93.033,30,99.0,1137.0,10.0,22.0,14.99,83.5,16.0,24.7,26.3
93.121,30,99.0,1137.0,10.0,22.0,14.99,83.5,16.0,36.9,26.3
93.212,30,99.0,1137.0,10.0,22.0,14.99,83.5,16.0,36.9,38.0
93.302,30,99.0,1137.0,10.0,22.0,14.99,83.5,16.0,36.9,38.0
93.392,30,102.0,1137.0,10.0,22.0,14.99,83.5,16.0,36.9,38.0
93.483,30,102.0,1565.0,10.0,22.0,14.99,83.5,16.0,36.9,38.0
93.572,30,102.0,1565.0,14.0,22.0,14.99,83.5,16.0,36.9,38.0
93.662,30,102.0,1565.0,14.0,24.0,14.99,83.5,16.0,36.9,38.0
93.753,30,102.0,1565.0,14.0,24.0,23.8,83.5,16.0,36.9,38.0
93.842,30,102.0,1565.0,14.0,24.0,23.8,83.5,16.0,36.9,38.0
93.932,30,102.0,1565.0,14.0,24.0,23.8,83.5,16.0,36.9,38.0
94.022,30,102.0,1565.0,14.0,24.0,23.8,83.5,16.0,14.1,38.0
94.112,30,102.0,1565.0,14.0,24.0,23.8,83.5,16.0,14.1,14.5
94.202,30,102.0,1565.0,14.0,24.0,23.8,83.5,16.0,14.1,14.5
94.292,30,96.0,1565.0,14.0,24.0,23.8,83.5,16.0,14.1,14.5
94.382,30,96.0,943.0,14.0,24.0,23.8,83.5,16.0,14.1,14.5
94.471,30,96.0,943.0,15.0,24.0,23.8,83.5,16.0,14.1,14.5
94.561,30,96.0,943.0,15.0,25.0,23.8,83.5,16.0,14.1,14.5
94.651,30,96.0,943.0,15.0,25.0,17.33,83.5,16.0,14.1,14.5
94.741,30,96.0,943.0,15.0,25.0,17.33,79.6,16.0,14.1,14.5
94.832,30,96.0,943.0,15.0,25.0,17.33,79.6,16.0,14.1,14.5
94.921,30,96.0,943.0,15.0,25.0,17.33,79.6,16.0,34.1,14.5
95.011,30,96.0,943.0,15.0,25.0,17.33,79.6,16.0,34.1,36.1
95.103,30,96.0,943.0,15.0,25.0,17.33,79.6,16.0,34.1,36.1
95.192,30,102.0,943.0,15.0,25.0,17.33,79.6,16.0,34.1,36.1
95.282,30,102.0,1050.0,15.0,25.0,17.33,79.6,16.0,34.1,36.1
95.372,30,102.0,1050.0,17.0,25.0,17.33,79.6,16.0,34.1,36.1
95.461,30,102.0,1050.0,17.0,23.0,17.33,79.6,16.0,34.1,36.1
95.551,30,102.0,1050.0,17.0,23.0,19.05,79.6,16.0,34.1,36.1
95.641,30,102.0,1050.0,17.0,23.0,19.05,83.5,16.0,34.1,36.1
95.732,30,102.0,1050.0,17.0,23.0,19.05,83.5,16.0,34.1,36.1
95.822,30,102.0,1050.0,17.0,23.0,19.05,83.5,16.0,36.1,36.1
95.912,30,102.0,1050.0,17.0,23.0,19.05,83.5,16.0,36.1,35.7
96.002,30,102.0,1050.0,17.0,23.0,19.05,83.5,16.0,36.1,35.7
96.097,30,109.0,1050.0,17.0,23.0,19.05,83.5,16.0,36.1,35.7
96.182,30,109.0,1249.0,17.0,23.0,19.05,83.5,16.0,36.1,35.7
96.272,30,109.0,1249.0,21.0,23.0,19.05,83.5,16.0,36.1,35.7
96.362,30,109.0,1249.0,21.0,24.0,19.05,83.5,16.0,36.1,35.7
96.452,30,109.0,1249.0,21.0,24.0,15.49,83.5,16.0,36.1,35.7
96.541,30,109.0,1249.0,21.0,24.0,15.49,83.5,16.0,36.1,35.7
96.632,30,109.0,1249.0,21.0,24.0,15.49,83.5,16.0,36.1,35.7
96.722,30,109.0,1249.0,21.0,24.0,15.49,83.5,16.0,31.8,35.7
96.812,30,109.0,1249.0,21.0,24.0,15.49,83.5,16.0,31.8,31.0
96.903,30,109.0,1249.0,21.0,24.0,15.49,83.5,16.0,31.8,31.0
96.993,30,104.0,1249.0,21.0,24.0,15.49,83.5,16.0,31.8,31.0
97.112,30,104.0,1356.0,21.0,24.0,15.49,83.5,16.0,31.8,31.0
97.204,30,104.0,1356.0,23.0,24.0,15.49,83.5,16.0,31.8,31.0
97.292,30,104.0,1356.0,23.0,23.0,15.49,83.5,16.0,31.8,31.0
97.382,30,104.0,1356.0,23.0,23.0,15.49,83.5,16.0,31.8,31.0
97.471,30,104.0,1356.0,23.0,23.0,15.49,83.5,16.0,31.8,31.0
97.562,30,104.0,1356.0,23.0,23.0,15.49,83.5,16.0,31.8,31.0
97.652,30,104.0,1356.0,23.0,23.0,15.49,83.5,16.0,28.2,31.0
97.741,30,104.0,1356.0,23.0,23.0,15.49,83.5,16.0,28.2,28.2
97.832,30,104.0,1356.0,23.0,23.0,15.49,83.5,16.0,28.2,28.2
97.952,30,99.0,1356.0,23.0,23.0,15.49,83.5,16.0,28.2,28.2
98.042,30,99.0,1418.0,23.0,23.0,15.49,83.5,16.0,28.2,28.2
98.132,30,99.0,1418.0,24.0,23.0,15.49,83.5,16.0,28.2,28.2
98.222,30,99.0,1418.0,24.0,23.0,15.49,83.5,16.0,28.2,28.2
98.311,30,99.0,1418.0,24.0,23.0,15.38,83.5,16.0,28.2,28.2
98.402,30,99.0,1418.0,24.0,23.0,15.38,83.5,16.0,28.2,28.2
98.491,30,99.0,1418.0,24.0,23.0,15.38,83.5,16.0,28.2,28.2
98.582,30,99.0,1418.0,24.0,23.0,15.38,83.5,16.0,25.5,28.2
98.672,30,99.0,1418.0,24.0,23.0,15.38,83.5,16.0,25.5,24.3
98.762,30,99.0,1418.0,24.0,23.0,15.38,83.5,16.0,25.5,24.3
98.882,30,97.0,1418.0,24.0,23.0,15.38,83.5,16.0,25.5,24.3
98.972,30,97.0,1443.0,24.0,23.0,15.38,83.5,16.0,25.5,24.3
99.062,30,97.0,1443.0,25.0,23.0,15.38,83.5,16.0,25.5,24.3
99.152,30,97.0,1443.0,25.0,23.0,15.38,83.5,16.0,25.5,24.3
99.243,30,97.0,1443.0,25.0,23.0,15.02,83.5,16.0,25.5,24.3
99.332,30,97.0,1443.0,25.0,23.0,15.02,83.5,16.0,25.5,24.3
99.422,30,97.0,1443.0,25.0,23.0,15.02,83.5,16.0,25.5,24.3
99.512,30,97.0,1443.0,25.0,23.0,15.02,83.5,16.0,24.3,24.3
99.602,30,97.0,1443.0,25.0,23.0,15.02,83.5,16.0,24.3,23.9
99.692,30,97.0,1443.0,25.0,23.0,15.02,83.5,16.0,24.3,23.9
99.783,30,96.0,1443.0,25.0,23.0,15.02,83.5,16.0,24.3,23.9
99.872,30,96.0,1419.0,25.0,23.0,15.02,83.5,16.0,24.3,23.9
99.963,30,96.0,1419.0,24.0,23.0,15.02,83.5,16.0,24.3,23.9
100.052,30,96.0,1419.0,24.0,23.0,15.02,83.5,16.0,24.3,23.9
100.142,30,96.0,1419.0,24.0,23.0,14.61,83.5,16.0,24.3,23.9
100.232,30,96.0,1419.0,24.0,23.0,14.61,83.5,16.0,24.3,23.9
100.322,30,96.0,1419.0,24.0,23.0,14.61,83.5,16.0,24.3,23.9
100.415,30,96.0,1419.0,24.0,23.0,14.61,83.5,16.0,24.3,23.9
100.502,30,96.0,1419.0,24.0,23.0,14.61,83.5,16.0,24.3,24.3
100.592,30,96.0,1419.0,24.0,23.0,14.61,83.5,16.0,24.3,24.3
100.682,30,96.0,1419.0,24.0,23.0,14.61,83.5,16.0,24.3,24.3
100.772,30,96.0,1400.0,24.0,23.0,14.61,83.5,16.0,24.3,24.3
100.863,30,96.0,1400.0,24.0,23.0,14.61,83.5,16.0,24.3,24.3
100.953,30,96.0,1400.0,24.0,22.0,14.61,83.5,16.0,24.3,24.3
101.042,30,96.0,1400.0,24.0,22.0,14.58,83.5,16.0,24.3,24.3
101.132,30,96.0,1400.0,24.0,22.0,14.58,83.5,16.0,24.3,24.3
101.223,30,96.0,1400.0,24.0,22.0,14.58,83.5,16.0,24.3,24.3
101.312,30,96.0,1400.0,24.0,22.0,14.58,83.5,16.0,24.3,24.3
101.402,30,96.0,1400.0,24.0,22.0,14.58,83.5,16.0,24.3,24.3
101.492,30,96.0,1400.0,24.0,22.0,14.58,83.5,16.0,24.3,24.3
101.582,30,96.0,1400.0,24.0,22.0,14.58,83.5,16.0,24.3,24.3
101.672,30,96.0,1416.0,24.0,22.0,14.58,83.5,16.0,24.3,24.3
101.764,30,96.0,1416.0,24.0,22.0,14.58,83.5,16.0,24.3,24.3
101.854,30,96.0,1416.0,24.0,22.0,14.58,83.5,16.0,24.3,24.3
101.942,30,96.0,1416.0,24.0,22.0,14.91,83.5,16.0,24.3,24.3
102.032,30,96.0,1416.0,24.0,22.0,14.91,83.5,16.0,24.3,24.3
102.122,30,96.0,1416.0,24.0,22.0,14.91,83.5,16.0,24.3,24.3
102.212,30,96.0,1416.0,24.0,22.0,14.91,83.5,16.0,24.3,24.3
102.304,30,96.0,1416.0,24.0,22.0,14.91,83.5,16.0,24.3,24.7
102.392,30,96.0,1416.0,24.0,22.0,14.91,83.5,16.0,24.3,24.7
102.482,30,96.0,1416.0,24.0,22.0,14.91,83.5,16.0,24.3,24.7
102.572,30,96.0,1380.0,24.0,22.0,14.91,83.5,16.0,24.3,24.7
102.662,30,96.0,1380.0,23.0,22.0,14.91,83.5,16.0,24.3,24.7
102.752,30,96.0,1380.0,23.0,22.0,14.91,83.5,16.0,24.3,24.7
102.872,30,96.0,1380.0,23.0,22.0,14.19,83.5,16.0,24.3,24.7
102.994,30,96.0,1380.0,23.0,22.0,14.19,83.5,16.0,24.3,24.7
103.082,30,96.0,1380.0,23.0,22.0,14.19,83.5,16.0,24.3,24.7
103.172,30,96.0,1380.0,23.0,22.0,14.19,83.5,16.0,24.7,24.7
103.263,30,96.0,1380.0,23.0,22.0,14.19,83.5,16.0,24.7,24.7
103.352,31,96.0,1380.0,23.0,22.0,14.19,83.5,16.0,24.7,24.7
103.442,31,96.0,1380.0,23.0,22.0,14.19,83.5,16.0,24.7,24.7
103.532,31,96.0,1329.0,23.0,22.0,14.19,83.5,16.0,24.7,24.7
103.622,31,96.0,1329.0,22.0,22.0,14.19,83.5,16.0,24.7,24.7
103.712,31,96.0,1329.0,22.0,22.0,14.19,83.5,16.0,24.7,24.7
103.802,31,96.0,1329.0,22.0,22.0,13.58,83.5,16.0,24.7,24.7
103.893,31,96.0,1329.0,22.0,22.0,13.58,83.5,16.0,24.7,24.7
103.982,31,96.0,1329.0,22.0,22.0,13.58,83.5,16.0,24.7,24.7
104.072,31,96.0,1329.0,22.0,22.0,13.58,83.5,16.0,24.7,24.7
104.163,31,96.0,1329.0,22.0,22.0,13.58,83.5,16.0,24.7,24.3
104.253,31,96.0,1329.0,22.0,22.0,13.58,83.5,16.0,24.7,24.3
104.342,31,96.0,1329.0,22.0,22.0,13.58,83.5,16.0,24.7,24.3
104.433,31,96.0,1291.0,22.0,22.0,13.58,83.5,16.0,24.7,24.3
104.521,31,96.0,1291.0,22.0,22.0,13.58,83.5,16.0,24.7,24.3
104.612,31,96.0,1291.0,22.0,22.0,13.58,83.5,16.0,24.7,24.3
104.702,31,96.0,1291.0,22.0,22.0,13.36,83.5,16.0,24.7,24.3
104.792,31,96.0,1291.0,22.0,22.0,13.36,83.5,16.0,24.7,24.3
104.882,31,96.0,1291.0,22.0,22.0,13.36,83.5,16.0,24.7,24.3
104.972,31,96.0,1291.0,22.0,22.0,13.36,83.5,16.0,24.7,24.3
105.063,31,96.0,1291.0,22.0,22.0,13.36,83.5,16.0,24.7,24.7
105.152,31,96.0,1291.0,22.0,22.0,13.36,83.5,16.0,24.7,24.7
105.242,31,96.0,1291.0,22.0,22.0,13.36,83.5,16.0,24.7,24.7
105.333,31,96.0,1288.0,22.0,22.0,13.36,83.5,16.0,24.7,24.7
105.428,31,96.0,1288.0,22.0,22.0,13.36,83.5,16.0,24.7,24.7
105.512,31,96.0,1288.0,22.0,22.0,13.36,83.5,16.0,24.7,24.7
105.602,31,96.0,1288.0,22.0,22.0,13.13,83.5,16.0,24.7,24.7
105.692,31,96.0,1288.0,22.0,22.0,13.13,83.5,16.0,24.7,24.7
105.782,31,96.0,1288.0,22.0,22.0,13.13,83.5,16.0,24.7,24.7
105.872,31,96.0,1288.0,22.0,22.0,13.13,83.5,16.0,24.7,24.7
105.962,31,96.0,1288.0,22.0,22.0,13.13,83.5,16.0,24.7,24.3
106.053,31,96.0,1288.0,22.0,22.0,13.13,83.5,16.0,24.7,24.3
106.143,31,96.0,1288.0,22.0,22.0,13.13,83.5,16.0,24.7,24.3
106.232,31,96.0,1257.0,22.0,22.0,13.13,83.5,16.0,24.7,24.3
106.324,31,96.0,1257.0,21.0,22.0,13.13,83.5,16.0,24.7,24.3
106.414,31,96.0,1257.0,21.0,22.0,13.13,83.5,16.0,24.7,24.3
106.501,31,96.0,1257.0,21.0,22.0,12.94,83.5,16.0,24.7,24.3
106.592,31,96.0,1257.0,21.0,22.0,12.94,83.5,16.0,24.7,24.3
106.682,31,96.0,1257.0,21.0,22.0,12.94,83.5,16.0,24.7,24.3
106.773,31,96.0,1257.0,21.0,22.0,12.94,83.5,16.0,24.7,24.3
106.862,31,96.0,1257.0,21.0,22.0,12.94,83.5,16.0,24.7,24.7
106.953,31,96.0,1257.0,21.0,22.0,12.94,83.5,16.0,24.7,24.7
107.042,31,96.0,1257.0,21.0,22.0,12.94,83.5,16.0,24.7,24.7
107.132,31,96.0,1256.0,21.0,22.0,12.94,83.5,16.0,24.7,24.7
107.222,31,96.0,1256.0,21.0,22.0,12.94,83.5,16.0,24.7,24.7
107.312,31,96.0,1256.0,21.0,22.0,12.94,83.5,16.0,24.7,24.7
107.403,31,96.0,1256.0,21.0,22.0,13.05,83.5,16.0,24.7,24.7
107.492,31,96.0,1256.0,21.0,22.0,13.05,83.5,16.0,24.7,24.7
107.582,31,96.0,1256.0,21.0,22.0,13.05,83.5,16.0,24.7,24.7
107.672,31,96.0,1256.0,21.0,22.0,13.05,83.5,16.0,24.7,24.7
107.762,31,96.0,1256.0,21.0,22.0,13.05,83.5,16.0,24.7,24.7
107.882,31,96.0,1256.0,21.0,22.0,13.05,83.5,16.0,24.7,24.7
108.003,31,96.0,1256.0,21.0,22.0,13.05,83.5,16.0,24.7,24.7
108.092,31,96.0,1251.0,21.0,22.0,13.05,83.5,16.0,24.7,24.7
108.182,31,96.0,1251.0,21.0,22.0,13.05,83.5,16.0,24.7,24.7
108.272,31,96.0,1251.0,21.0,22.0,13.05,83.5,16.0,24.7,24.7
108.362,31,96.0,1251.0,21.0,22.0,12.97,83.5,16.0,24.7,24.7
108.451,31,96.0,1251.0,21.0,22.0,12.97,83.5,16.0,24.7,24.7
108.541,31,96.0,1251.0,21.0,22.0,12.97,83.5,16.0,24.7,24.7
108.632,31,96.0,1251.0,21.0,22.0,12.97,83.5,16.0,24.7,24.7
108.722,31,96.0,1251.0,21.0,22.0,12.97,83.5,16.0,24.7,24.3
108.816,31,96.0,1251.0,21.0,22.0,12.97,83.5,16.0,24.7,24.3
108.902,31,96.0,1251.0,21.0,22.0,12.97,83.5,16.0,24.7,24.3
108.992,31,96.0,1249.0,21.0,22.0,12.97,83.5,16.0,24.7,24.3
109.082,31,96.0,1249.0,21.0,22.0,12.97,83.5,16.0,24.7,24.3
109.172,31,96.0,1249.0,21.0,22.0,12.97,83.5,16.0,24.7,24.3
109.292,31,96.0,1249.0,21.0,22.0,12.97,83.5,16.0,24.7,24.3
109.382,31,96.0,1249.0,21.0,22.0,12.97,83.5,16.0,24.7,24.3
109.472,31,96.0,1249.0,21.0,22.0,12.97,83.5,16.0,24.7,24.3
109.562,31,96.0,1249.0,21.0,22.0,12.97,83.5,16.0,24.3,24.3
109.652,31,96.0,1249.0,21.0,22.0,12.97,83.5,16.0,24.3,24.3
109.742,31,96.0,1249.0,21.0,22.0,12.97,83.5,16.0,24.3,24.3
109.832,31,96.0,1249.0,21.0,22.0,12.97,83.5,16.0,24.3,24.3
109.922,31,96.0,1242.0,21.0,22.0,12.97,83.5,16.0,24.3,24.3
110.012,31,96.0,1242.0,21.0,22.0,12.97,83.5,16.0,24.3,24.3
110.104,31,96.0,1242.0,21.0,22.0,12.97,83.5,16.0,24.3,24.3
110.193,31,96.0,1242.0,21.0,22.0,12.97,83.5,16.0,24.3,24.3
110.283,31,96.0,1242.0,21.0,22.0,12.97,83.5,16.0,24.3,24.3
110.372,31,96.0,1242.0,21.0,22.0,12.97,83.5,16.0,24.3,24.3
110.462,31,96.0,1242.0,21.0,22.0,12.97,83.5,16.0,24.3,24.3
110.552,31,96.0,1242.0,21.0,22.0,12.97,83.5,16.0,24.3,24.3
110.642,31,96.0,1242.0,21.0,22.0,12.97,83.5,16.0,24.3,24.3
110.732,31,96.0,1242.0,21.0,22.0,12.97,83.5,16.0,24.3,24.3
110.822,31,96.0,1244.0,21.0,22.0,12.97,83.5,16.0,24.3,24.3
110.911,31,96.0,1244.0,21.0,22.0,12.97,83.5,16.0,24.3,24.3
111.002,31,96.0,1244.0,21.0,21.0,12.97,83.5,16.0,24.3,24.3
111.091,31,96.0,1244.0,21.0,21.0,12.94,83.5,16.0,24.3,24.3
111.181,31,96.0,1244.0,21.0,21.0,12.94,83.5,16.0,24.3,24.3
111.271,31,96.0,1244.0,21.0,21.0,12.94,83.5,16.0,24.3,24.3
111.361,31,96.0,1244.0,21.0,21.0,12.94,83.5,16.0,24.3,24.3
111.451,31,96.0,1244.0,21.0,21.0,12.94,83.5,16.0,24.3,23.9
111.541,31,96.0,1244.0,21.0,21.0,12.94,83.5,16.0,24.3,23.9
111.632,31,96.0,1244.0,21.0,21.0,12.94,83.5,16.0,24.3,23.9
111.722,31,96.0,1246.0,21.0,21.0,12.94,83.5,16.0,24.3,23.9
111.812,31,96.0,1246.0,21.0,21.0,12.94,83.5,16.0,24.3,23.9
111.902,31,96.0,1246.0,21.0,21.0,12.94,83.5,16.0,24.3,23.9
111.992,31,96.0,1246.0,21.0,21.0,12.94,83.5,16.0,24.3,23.9
112.082,31,96.0,1246.0,21.0,21.0,12.94,83.5,16.0,24.3,23.9
112.175,31,96.0,1246.0,21.0,21.0,12.94,83.5,16.0,24.3,23.9
112.262,31,96.0,1246.0,21.0,21.0,12.94,83.5,16.0,24.3,23.9
112.352,31,96.0,1246.0,21.0,21.0,12.94,83.5,16.0,24.3,23.9
112.441,31,96.0,1246.0,21.0,21.0,12.94,83.5,16.0,24.3,23.9
112.536,31,96.0,1246.0,21.0,21.0,12.94,83.5,16.0,24.3,23.9
112.675,31,96.0,1258.0,21.0,21.0,12.94,83.5,16.0,24.3,23.9
112.771,31,96.0,1258.0,21.0,21.0,12.94,83.5,16.0,24.3,23.9
112.891,31,96.0,1258.0,21.0,22.0,12.94,83.5,16.0,24.3,23.9
112.983,31,96.0,1258.0,21.0,22.0,13.13,83.5,16.0,24.3,23.9
113.072,31,96.0,1258.0,21.0,22.0,13.13,83.5,16.0,24.3,23.9
113.162,31,96.0,1258.0,21.0,22.0,13.13,83.5,16.0,24.3,23.9
113.252,31,96.0,1258.0,21.0,22.0,13.13,83.5,16.0,24.3,23.9
113.343,31,96.0,1258.0,21.0,22.0,13.13,83.5,16.0,24.3,23.9
113.432,31,96.0,1258.0,21.0,22.0,13.13,83.5,16.0,24.3,23.9
113.523,31,96.0,1258.0,21.0,22.0,13.13,83.5,16.0,24.3,23.9
113.612,31,96.0,1268.0,21.0,22.0,13.13,83.5,16.0,24.3,23.9
113.701,31,96.0,1268.0,21.0,22.0,13.13,83.5,16.0,24.3,23.9
113.792,31,96.0,1268.0,21.0,22.0,13.13,83.5,16.0,24.3,23.9
113.882,31,96.0,1268.0,21.0,22.0,13.3,83.5,16.0,24.3,23.9
113.972,31,96.0,1268.0,21.0,22.0,13.3,83.5,16.0,24.3,23.9
114.062,31,96.0,1268.0,21.0,22.0,13.3,83.5,16.0,24.3,23.9
114.152,31,96.0,1268.0,21.0,22.0,13.3,83.5,16.0,24.3,23.9
114.242,31,96.0,1268.0,21.0,22.0,13.3,83.5,16.0,24.3,23.9
114.332,32,96.0,1268.0,21.0,22.0,13.3,83.5,16.0,24.3,23.9
114.422,32,96.0,1268.0,21.0,22.0,13.3,83.5,16.0,24.3,23.9
114.512,32,96.0,1268.0,21.0,22.0,13.3,83.5,16.0,24.3,23.9
114.602,32,96.0,1268.0,22.0,22.0,13.3,83.5,16.0,24.3,23.9
114.694,32,96.0,1268.0,22.0,22.0,13.3,83.5,16.0,24.3,23.9
114.782,32,96.0,1268.0,22.0,22.0,13.22,83.5,16.0,24.3,23.9
114.872,32,96.0,1268.0,22.0,22.0,13.22,83.5,16.0,24.3,23.9
114.962,32,96.0,1268.0,22.0,22.0,13.22,83.5,16.0,24.3,23.9
115.052,32,96.0,1268.0,22.0,22.0,13.22,83.5,16.0,24.3,23.9
115.142,32,96.0,1268.0,22.0,22.0,13.22,83.5,16.0,24.3,24.3
115.232,32,96.0,1268.0,22.0,22.0,13.22,83.5,16.0,24.3,24.3
115.323,32,95.0,1268.0,22.0,22.0,13.22,83.5,16.0,24.3,24.3
115.412,32,95.0,1287.0,22.0,22.0,13.22,83.5,16.0,24.3,24.3
115.501,32,95.0,1287.0,22.0,22.0,13.22,83.5,16.0,24.3,24.3
115.591,32,95.0,1287.0,22.0,22.0,13.22,83.5,16.0,24.3,24.3
115.681,32,95.0,1287.0,22.0,22.0,13.19,83.5,16.0,24.3,24.3
115.771,32,95.0,1287.0,22.0,22.0,13.19,83.5,16.0,24.3,24.3
115.861,32,95.0,1287.0,22.0,22.0,13.19,83.5,16.0,24.3,24.3
115.951,32,95.0,1287.0,22.0,22.0,13.19,83.5,16.0,25.1,24.3
116.041,32,95.0,1287.0,22.0,22.0,13.19,83.5,16.0,25.1,24.7
116.132,32,95.0,1287.0,22.0,22.0,13.19,83.5,16.0,25.1,24.7
116.222,32,95.0,1287.0,22.0,22.0,13.19,83.5,16.0,25.1,24.7
116.312,32,95.0,1288.0,22.0,22.0,13.19,83.5,16.0,25.1,24.7
116.402,32,95.0,1288.0,22.0,22.0,13.19,83.5,16.0,25.1,24.7
116.492,32,95.0,1288.0,22.0,22.0,13.19,83.5,16.0,25.1,24.7
116.582,32,95.0,1288.0,22.0,22.0,13.52,83.5,16.0,25.1,24.7
116.672,32,95.0,1288.0,22.0,22.0,13.52,83.5,16.0,25.1,24.7
116.762,32,95.0,1288.0,22.0,22.0,13.52,83.5,16.0,25.1,24.7
116.852,32,95.0,1288.0,22.0,22.0,13.52,83.5,16.0,25.5,24.7
116.942,32,95.0,1288.0,22.0,22.0,13.52,83.5,16.0,25.5,25.5
117.033,32,95.0,1288.0,22.0,22.0,13.52,83.5,16.0,25.5,25.5
117.122,32,95.0,1288.0,22.0,22.0,13.52,83.5,16.0,25.5,25.5
117.212,32,95.0,1297.0,22.0,22.0,13.52,83.5,16.0,25.5,25.5
117.302,32,95.0,1297.0,22.0,22.0,13.52,83.5,16.0,25.5,25.5
117.394,32,95.0,1297.0,22.0,22.0,13.52,83.5,16.0,25.5,25.5
117.481,32,95.0,1297.0,22.0,22.0,13.63,83.5,16.0,25.5,25.5
117.572,32,95.0,1297.0,22.0,22.0,13.63,83.5,16.0,25.5,25.5
117.662,32,95.0,1297.0,22.0,22.0,13.63,83.5,16.0,25.5,25.5
117.753,32,95.0,1297.0,22.0,22.0,13.63,83.5,16.0,25.9,25.5
117.843,32,95.0,1297.0,22.0,22.0,13.63,83.5,16.0,25.9,26.3
117.993,32,95.0,1297.0,22.0,22.0,13.63,83.5,16.0,25.9,26.3
118.083,32,95.0,1297.0,22.0,22.0,13.63,83.5,16.0,25.9,26.3
118.172,32,95.0,1329.0,22.0,22.0,13.63,83.5,16.0,25.9,26.3
118.262,32,95.0,1329.0,23.0,22.0,13.63,83.5,16.0,25.9,26.3
118.353,32,95.0,1329.0,23.0,22.0,13.63,83.5,16.0,25.9,26.3
118.445,32,95.0,1329.0,23.0,22.0,13.97,83.5,16.0,25.9,26.3
118.531,32,95.0,1329.0,23.0,22.0,13.97,83.5,16.0,25.9,26.3
118.622,32,95.0,1329.0,23.0,22.0,13.97,83.5,16.0,25.9,26.3
118.712,32,95.0,1329.0,23.0,22.0,13.97,83.5,16.0,25.5,26.3
118.803,32,95.0,1329.0,23.0,22.0,13.97,83.5,16.0,25.5,25.5
118.892,32,95.0,1329.0,23.0,22.0,13.97,83.5,16.0,25.5,25.5
118.983,32,95.0,1329.0,23.0,22.0,13.97,83.5,16.0,25.5,25.5
119.072,32,95.0,1346.0,23.0,22.0,13.97,83.5,16.0,25.5,25.5
119.162,32,95.0,1346.0,23.0,22.0,13.97,83.5,16.0,25.5,25.5
119.252,32,95.0,1346.0,23.0,22.0,13.97,83.5,16.0,25.5,25.5
119.342,32,95.0,1346.0,23.0,22.0,14.24,83.5,16.0,25.5,25.5
119.432,32,95.0,1346.0,23.0,22.0,14.24,83.5,16.0,25.5,25.5
119.522,32,95.0,1346.0,23.0,22.0,14.24,83.5,16.0,25.5,25.5
119.642,32,95.0,1346.0,23.0,22.0,14.24,83.5,16.0,25.5,25.5
119.732,32,95.0,1346.0,23.0,22.0,14.24,83.5,16.0,25.5,25.1
119.822,32,95.0,1346.0,23.0,22.0,14.24,83.5,16.0,25.5,25.1
119.915,32,95.0,1346.0,23.0,22.0,14.24,83.5,16.0,25.5,25.1
120.002,32,95.0,1371.0,23.0,22.0,14.24,83.5,16.0,25.5,25.1
120.091,32,95.0,1371.0,23.0,22.0,14.24,83.5,16.0,25.5,25.1
120.181,32,95.0,1371.0,23.0,22.0,14.24,83.5,16.0,25.5,25.1
120.271,32,95.0,1371.0,23.0,22.0,14.02,83.5,16.0,25.5,25.1
120.361,32,95.0,1371.0,23.0,22.0,14.02,83.5,16.0,25.5,25.1
120.451,32,95.0,1371.0,23.0,22.0,14.02,83.5,16.0,25.5,25.1
120.541,32,95.0,1371.0,23.0,22.0,14.02,83.5,16.0,23.1,25.1
120.631,32,95.0,1371.0,23.0,22.0,14.02,83.5,16.0,23.1,22.0
120.721,32,95.0,1371.0,23.0,22.0,14.02,83.5,16.0,23.1,22.0
120.811,32,95.0,1371.0,23.0,22.0,14.02,83.5,16.0,23.1,22.0
120.901,32,95.0,1285.0,23.0,22.0,14.02,83.5,16.0,23.1,22.0
120.993,32,95.0,1285.0,24.0,22.0,14.02,83.5,16.0,23.1,22.0
121.081,32,95.0,1285.0,24.0,22.0,14.02,83.5,16.0,23.1,22.0
121.172,32,95.0,1285.0,24.0,22.0,8.99,83.5,16.0,23.1,22.0
121.261,32,95.0,1285.0,24.0,22.0,8.99,83.5,16.0,23.1,22.0
121.351,32,95.0,1285.0,24.0,22.0,8.99,83.5,16.0,23.1,22.0
121.441,32,95.0,1285.0,24.0,22.0,8.99,83.5,16.0,14.1,22.0
121.531,32,95.0,1285.0,24.0,22.0,8.99,83.5,16.0,14.1,14.5
121.621,32,95.0,1285.0,24.0,22.0,8.99,83.5,16.0,14.1,14.5
121.711,32,98.0,1285.0,24.0,22.0,8.99,83.5,16.0,14.1,14.5
121.802,32,98.0,947.0,24.0,22.0,8.99,83.5,16.0,14.1,14.5
121.894,32,98.0,947.0,25.0,22.0,8.99,83.5,16.0,14.1,14.5
121.982,32,98.0,947.0,25.0,21.0,8.99,83.5,16.0,14.1,14.5
122.072,32,98.0,947.0,25.0,21.0,10.08,83.5,16.0,14.1,14.5
122.162,32,98.0,947.0,25.0,21.0,10.08,83.5,16.0,14.1,14.5
122.252,32,98.0,947.0,25.0,21.0,10.08,83.5,16.0,14.1,14.5
122.342,32,98.0,947.0,25.0,21.0,10.08,83.5,16.0,14.1,14.5
122.432,32,98.0,947.0,25.0,21.0,10.08,83.5,16.0,14.1,14.5
122.523,32,98.0,947.0,25.0,21.0,10.08,83.5,16.0,14.1,14.5
122.612,32,99.0,947.0,25.0,21.0,10.08,83.5,16.0,14.1,14.5
122.702,32,99.0,977.0,25.0,21.0,10.08,83.5,16.0,14.1,14.5
122.792,32,99.0,977.0,26.0,21.0,10.08,83.5,16.0,14.1,14.5
122.942,32,99.0,977.0,26.0,20.0,10.08,83.5,16.0,14.1,14.5
123.032,32,99.0,977.0,26.0,20.0,10.58,83.5,16.0,14.1,14.5
123.122,32,99.0,977.0,26.0,20.0,10.58,83.5,16.0,14.1,14.5
123.212,32,99.0,977.0,26.0,20.0,10.58,83.5,16.0,14.1,14.5
123.303,32,99.0,977.0,26.0,20.0,10.58,83.5,16.0,14.1,14.5
123.392,32,99.0,977.0,26.0,20.0,10.58,83.5,16.0,14.1,14.5
123.482,32,99.0,977.0,26.0,20.0,10.58,83.5,16.0,14.1,14.5
123.573,32,99.0,977.0,26.0,20.0,10.58,83.5,16.0,14.1,14.5
123.662,32,99.0,1003.0,26.0,20.0,10.58,83.5,16.0,14.1,14.5
123.752,32,99.0,1003.0,27.0,20.0,10.58,83.5,16.0,14.1,14.5
123.842,32,99.0,1003.0,27.0,21.0,10.58,83.5,16.0,14.1,14.5
123.932,32,99.0,1003.0,27.0,21.0,10.61,83.5,16.0,14.1,14.5
124.022,32,99.0,1003.0,27.0,21.0,10.61,83.5,16.0,14.1,14.5
124.114,32,99.0,1003.0,27.0,21.0,10.61,83.5,16.0,14.1,14.5
124.203,32,99.0,1003.0,27.0,21.0,10.61,83.5,16.0,14.1,14.5
124.292,32,99.0,1003.0,27.0,21.0,10.61,83.5,16.0,14.1,14.5
124.382,32,99.0,1003.0,27.0,21.0,10.61,83.5,16.0,14.1,14.5
124.472,32,100.0,1003.0,27.0,21.0,10.61,83.5,16.0,14.1,14.5
124.562,32,100.0,1006.0,27.0,21.0,10.61,83.5,16.0,14.1,14.5
124.652,32,100.0,1006.0,27.0,21.0,10.61,83.5,16.0,14.1,14.5
124.743,32,100.0,1006.0,27.0,21.0,10.61,83.5,16.0,14.1,14.5
124.833,32,100.0,1006.0,27.0,21.0,10.8,83.5,16.0,14.1,14.5
124.923,32,100.0,1006.0,27.0,21.0,10.8,83.5,16.0,14.1,14.5
125.012,32,100.0,1006.0,27.0,21.0,10.8,83.5,16.0,14.1,14.5
125.102,32,100.0,1006.0,27.0,21.0,10.8,83.5,16.0,14.1,14.5
125.192,32,100.0,1006.0,27.0,21.0,10.8,83.5,16.0,14.1,14.5
125.282,33,100.0,1006.0,27.0,21.0,10.8,83.5,16.0,14.1,14.5
125.372,33,100.0,1006.0,27.0,21.0,10.8,83.5,16.0,14.1,14.5
125.462,33,100.0,1034.0,27.0,21.0,10.8,83.5,16.0,14.1,14.5
125.552,33,100.0,1034.0,28.0,21.0,10.8,83.5,16.0,14.1,14.5
125.642,33,100.0,1034.0,28.0,21.0,10.8,83.5,16.0,14.1,14.5
125.733,33,100.0,1034.0,28.0,21.0,11.11,83.5,16.0,14.1,14.5
125.823,33,100.0,1034.0,28.0,21.0,11.11,83.5,16.0,14.1,14.5
125.912,33,100.0,1034.0,28.0,21.0,11.11,83.5,16.0,14.1,14.5
126.001,33,100.0,1034.0,28.0,21.0,11.11,83.5,16.0,14.1,14.5
126.091,33,100.0,1034.0,28.0,21.0,11.11,83.5,16.0,14.1,14.5
126.182,33,100.0,1034.0,28.0,21.0,11.11,83.5,16.0,14.1,14.5
126.272,33,100.0,1034.0,28.0,21.0,11.11,83.5,16.0,14.1,14.5
126.362,33,100.0,1054.0,28.0,21.0,11.11,83.5,16.0,14.1,14.5
126.452,33,100.0,1054.0,28.0,21.0,11.11,83.5,16.0,14.1,14.5
126.541,33,100.0,1054.0,28.0,21.0,11.11,83.5,16.0,14.1,14.5
126.632,33,100.0,1054.0,28.0,21.0,11.16,83.5,16.0,14.1,14.5
126.722,33,100.0,1054.0,28.0,21.0,11.16,83.5,16.0,14.1,14.5
126.812,33,100.0,1054.0,28.0,21.0,11.16,83.5,16.0,14.1,14.5
126.903,33,100.0,1054.0,28.0,21.0,11.16,83.5,16.0,14.1,14.5
127.022,33,100.0,1054.0,28.0,21.0,11.16,83.5,16.0,14.1,14.5
127.112,33,100.0,1054.0,28.0,21.0,11.16,83.5,16.0,14.1,14.5
127.202,33,100.0,1054.0,28.0,21.0,11.16,83.5,16.0,14.1,14.5
127.292,33,100.0,1081.0,28.0,21.0,11.16,83.5,16.0,14.1,14.5
127.383,33,100.0,1081.0,29.0,21.0,11.16,83.5,16.0,14.1,14.5
127.472,33,100.0,1081.0,29.0,21.0,11.16,83.5,16.0,14.1,14.5
127.562,33,100.0,1081.0,29.0,21.0,11.24,83.5,16.0,14.1,14.5
127.652,33,100.0,1081.0,29.0,21.0,11.24,83.5,16.0,14.1,14.5
127.742,33,100.0,1081.0,29.0,21.0,11.24,83.5,16.0,14.1,14.5
127.832,33,100.0,1081.0,29.0,21.0,11.24,83.5,16.0,14.1,14.5
127.925,33,100.0,1081.0,29.0,21.0,11.24,83.5,16.0,14.1,14.1
128.014,33,100.0,1081.0,29.0,21.0,11.24,83.5,16.0,14.1,14.1
128.102,33,100.0,1081.0,29.0,21.0,11.24,83.5,16.0,14.1,14.1
128.194,33,100.0,1085.0,29.0,21.0,11.24,83.5,16.0,14.1,14.1
128.282,33,100.0,1085.0,29.0,21.0,11.24,83.5,16.0,14.1,14.1
128.374,33,100.0,1085.0,29.0,21.0,11.24,83.5,16.0,14.1,14.1
128.462,33,100.0,1085.0,29.0,21.0,11.63,83.5,16.0,14.1,14.1
128.552,33,100.0,1085.0,29.0,21.0,11.63,83.5,16.0,14.1,14.1
128.642,33,100.0,1085.0,29.0,21.0,11.63,83.5,16.0,14.1,14.1
128.732,33,100.0,1085.0,29.0,21.0,11.63,83.5,16.0,27.8,14.1
128.822,33,100.0,1085.0,29.0,21.0,11.63,83.5,16.0,27.8,27.8
128.912,33,100.0,1085.0,29.0,21.0,11.63,83.5,16.0,27.8,27.8
129.002,33,99.0,1085.0,29.0,21.0,11.63,83.5,16.0,27.8,27.8
129.093,33,99.0,1135.0,29.0,21.0,11.63,83.5,16.0,27.8,27.8
129.182,33,99.0,1135.0,30.0,21.0,11.63,83.5,16.0,27.8,27.8
129.273,33,99.0,1135.0,30.0,21.0,11.63,83.5,16.0,27.8,27.8
129.363,33,99.0,1135.0,30.0,21.0,13.72,83.5,16.0,27.8,27.8
129.453,33,99.0,1135.0,30.0,21.0,13.72,83.5,16.0,27.8,27.8
129.572,33,99.0,1135.0,30.0,21.0,13.72,83.5,16.0,27.8,27.8
129.662,33,99.0,1135.0,30.0,21.0,13.72,83.5,16.0,29.8,27.8
129.752,33,99.0,1135.0,30.0,21.0,13.72,83.5,16.0,29.8,30.6
129.842,33,99.0,1135.0,30.0,21.0,13.72,83.5,16.0,29.8,30.6
129.932,33,98.0,1135.0,30.0,21.0,13.72,83.5,16.0,29.8,30.6
130.023,33,98.0,1230.0,30.0,21.0,13.72,83.5,16.0,29.8,30.6
130.112,33,98.0,1230.0,33.0,21.0,13.72,83.5,16.0,29.8,30.6
130.203,33,98.0,1230.0,33.0,22.0,13.72,83.5,16.0,29.8,30.6
130.292,33,98.0,1230.0,33.0,22.0,15.27,83.5,16.0,29.8,30.6
130.382,33,98.0,1230.0,33.0,22.0,15.27,83.5,16.0,29.8,30.6
130.484,33,98.0,1230.0,33.0,22.0,15.27,83.5,16.0,29.8,30.6
130.561,33,98.0,1230.0,33.0,22.0,15.27,83.5,16.0,40.0,30.6
130.652,33,98.0,1230.0,33.0,22.0,15.27,83.5,16.0,40.0,40.4
130.742,33,98.0,1230.0,33.0,22.0,15.27,83.5,16.0,40.0,40.4
130.832,33,103.0,1230.0,33.0,22.0,15.27,83.5,16.0,40.0,40.4
130.923,33,103.0,1351.0,33.0,22.0,15.27,83.5,16.0,40.0,40.4
131.012,33,103.0,1351.0,37.0,22.0,15.27,83.5,16.0,40.0,40.4
131.103,33,103.0,1351.0,37.0,23.0,15.27,83.5,16.0,40.0,40.4
131.192,33,103.0,1351.0,37.0,23.0,20.74,83.5,16.0,40.0,40.4
131.282,33,103.0,1351.0,37.0,23.0,20.74,83.5,16.0,40.0,40.4
131.372,33,103.0,1351.0,37.0,23.0,20.74,83.5,16.0,40.0,40.4
131.462,33,103.0,1351.0,37.0,23.0,20.74,83.5,16.0,37.6,40.4
131.552,33,103.0,1351.0,37.0,23.0,20.74,83.5,16.0,37.6,31.4
131.642,33,103.0,1351.0,37.0,23.0,20.74,83.5,16.0,37.6,31.4
131.734,33,113.0,1351.0,37.0,23.0,20.74,83.5,16.0,37.6,31.4
131.822,33,113.0,1263.0,37.0,23.0,20.74,83.5,16.0,37.6,31.4
131.912,33,113.0,1263.0,40.0,23.0,20.74,83.5,16.0,37.6,31.4
132.002,33,113.0,1263.0,40.0,24.0,20.74,83.5,16.0,37.6,31.4
132.092,33,113.0,1263.0,40.0,24.0,17.27,83.5,16.0,37.6,31.4
132.182,33,113.0,1263.0,40.0,24.0,17.27,31.0,16.0,37.6,31.4
132.272,33,113.0,1263.0,40.0,24.0,17.27,31.0,16.0,37.6,31.4
132.362,33,113.0,1263.0,40.0,24.0,17.27,31.0,16.0,14.1,31.4
132.452,33,113.0,1263.0,40.0,24.0,17.27,31.0,16.0,14.1,14.5
132.542,33,113.0,1263.0,40.0,24.0,17.27,31.0,16.0,14.1,14.5
132.632,33,100.0,1263.0,40.0,24.0,17.27,31.0,16.0,14.1,14.5
132.722,33,100.0,1043.0,40.0,24.0,17.27,31.0,16.0,14.1,14.5
132.812,33,100.0,1043.0,40.0,24.0,17.27,31.0,16.0,14.1,14.5
132.932,33,100.0,1043.0,40.0,24.0,17.27,31.0,16.0,14.1,14.5
133.053,33,100.0,1043.0,40.0,24.0,9.58,31.0,16.0,14.1,14.5
133.143,33,100.0,1043.0,40.0,24.0,9.58,83.5,16.0,14.1,14.5
133.232,33,100.0,1043.0,40.0,24.0,9.58,83.5,16.0,14.1,14.5
133.333,33,100.0,1043.0,40.0,24.0,9.58,83.5,16.0,14.1,14.5
133.413,33,100.0,1043.0,40.0,24.0,9.58,83.5,16.0,14.1,14.5
133.502,33,100.0,1043.0,40.0,24.0,9.58,83.5,16.0,14.1,14.5
133.592,33,100.0,1043.0,40.0,24.0,9.58,83.5,16.0,14.1,14.5
133.683,33,100.0,1054.0,40.0,24.0,9.58,83.5,16.0,14.1,14.5
133.772,33,100.0,1054.0,41.0,24.0,9.58,83.5,16.0,14.1,14.5
133.862,33,100.0,1054.0,41.0,21.0,9.58,83.5,16.0,14.1,14.5
133.952,33,100.0,1054.0,41.0,21.0,11.3,83.5,16.0,14.1,14.5
134.042,33,100.0,1054.0,41.0,21.0,11.3,83.5,16.0,14.1,14.5
134.132,33,100.0,1054.0,41.0,21.0,11.3,83.5,16.0,14.1,14.5
134.224,33,100.0,1054.0,41.0,21.0,11.3,83.5,16.0,14.1,14.5
134.312,33,100.0,1054.0,41.0,21.0,11.3,83.5,16.0,14.1,14.5
134.402,33,100.0,1054.0,41.0,21.0,11.3,83.5,16.0,14.1,14.5
134.492,33,101.0,1054.0,41.0,21.0,11.3,83.5,16.0,14.1,14.5
134.582,33,101.0,1057.0,41.0,21.0,11.3,83.5,16.0,14.1,14.5
134.672,33,101.0,1057.0,41.0,21.0,11.3,83.5,16.0,14.1,14.5
134.762,33,101.0,1057.0,41.0,21.0,11.3,83.5,16.0,14.1,14.5
134.854,33,101.0,1057.0,41.0,21.0,11.3,83.5,16.0,14.1,14.5
134.942,33,101.0,1057.0,41.0,21.0,11.3,83.5,16.0,14.1,14.5
135.032,33,101.0,1057.0,41.0,21.0,11.3,83.5,16.0,14.1,14.5
135.123,33,101.0,1057.0,41.0,21.0,11.3,83.5,16.0,14.1,14.5
135.212,33,101.0,1057.0,41.0,21.0,11.3,83.5,16.0,14.1,14.5
135.304,33,101.0,1057.0,41.0,21.0,11.3,83.5,16.0,14.1,14.5
135.393,33,101.0,1057.0,41.0,21.0,11.3,83.5,16.0,14.1,14.5
135.482,33,101.0,1069.0,41.0,21.0,11.3,83.5,16.0,14.1,14.5
135.572,33,101.0,1069.0,42.0,21.0,11.3,83.5,16.0,14.1,14.5
135.662,33,101.0,1069.0,42.0,21.0,11.3,83.5,16.0,14.1,14.5
135.752,33,101.0,1069.0,42.0,21.0,11.38,83.5,16.0,14.1,14.5
135.843,33,101.0,1069.0,42.0,21.0,11.38,83.5,16.0,14.1,14.5
135.903,33,101.0,1069.0,42.0,21.0,11.38,83.5,16.0,14.1,14.5
135.992,33,101.0,1069.0,42.0,21.0,11.38,83.5,16.0,14.1,14.5
136.082,33,101.0,1069.0,42.0,21.0,11.38,83.5,16.0,14.1,14.5
136.172,33,101.0,1069.0,42.0,21.0,11.38,83.5,16.0,14.1,14.5
136.263,33,101.0,1069.0,42.0,21.0,11.38,83.5,16.0,14.1,14.5
136.353,33,101.0,1080.0,42.0,21.0,11.38,83.5,16.0,14.1,14.5
136.442,33,101.0,1080.0,42.0,21.0,11.38,83.5,16.0,14.1,14.5
136.532,33,101.0,1080.0,42.0,21.0,11.38,83.5,16.0,14.1,14.5
136.624,33,101.0,1080.0,42.0,21.0,11.49,83.5,16.0,14.1,14.5
136.713,33,101.0,1080.0,42.0,21.0,11.49,83.5,16.0,14.1,14.5
136.802,33,101.0,1080.0,42.0,21.0,11.49,83.5,16.0,14.1,14.5
136.892,33,101.0,1080.0,42.0,21.0,11.49,83.5,16.0,14.1,14.5
136.982,33,101.0,1080.0,42.0,21.0,11.49,83.5,16.0,14.1,14.5
137.072,34,101.0,1080.0,42.0,21.0,11.49,83.5,16.0,14.1,14.5
137.162,34,101.0,1080.0,42.0,21.0,11.49,83.5,16.0,14.1,14.5
137.282,34,101.0,1079.0,42.0,21.0,11.49,83.5,16.0,14.1,14.5
137.371,34,101.0,1079.0,42.0,21.0,11.49,83.5,16.0,14.1,14.5
137.461,34,101.0,1079.0,42.0,21.0,11.49,83.5,16.0,14.1,14.5
137.551,34,101.0,1079.0,42.0,21.0,11.38,83.5,16.0,14.1,14.5
137.642,34,101.0,1079.0,42.0,21.0,11.38,83.5,16.0,14.1,14.5
137.733,34,101.0,1079.0,42.0,21.0,11.38,83.5,16.0,14.1,14.5
137.822,34,101.0,1079.0,42.0,21.0,11.38,83.5,16.0,14.1,14.5
137.912,34,101.0,1079.0,42.0,21.0,11.38,83.5,16.0,14.1,14.5
138.004,34,101.0,1079.0,42.0,21.0,11.38,83.5,16.0,14.1,14.5
138.093,34,101.0,1079.0,42.0,21.0,11.38,83.5,16.0,14.1,14.5
138.182,34,101.0,1090.0,42.0,21.0,11.38,83.5,16.0,14.1,14.5
138.271,34,101.0,1090.0,42.0,21.0,11.38,83.5,16.0,14.1,14.5
138.362,34,101.0,1090.0,42.0,21.0,11.38,83.5,16.0,14.1,14.5
138.452,34,101.0,1090.0,42.0,21.0,11.49,83.5,16.0,14.1,14.5
138.542,34,101.0,1090.0,42.0,21.0,11.49,83.5,16.0,14.1,14.5
138.632,34,101.0,1090.0,42.0,21.0,11.49,83.5,16.0,14.1,14.5
138.722,34,101.0,1090.0,42.0,21.0,11.49,83.5,16.0,14.1,14.5
138.813,34,101.0,1090.0,42.0,21.0,11.49,83.5,16.0,14.1,14.5
138.902,34,101.0,1090.0,42.0,21.0,11.49,83.5,16.0,14.1,14.5
138.992,34,101.0,1090.0,42.0,21.0,11.49,83.5,16.0,14.1,14.5
139.053,34,101.0,1108.0,42.0,21.0,11.49,83.5,16.0,14.1,14.5
139.142,34,101.0,1108.0,43.0,21.0,11.49,83.5,16.0,14.1,14.5
139.232,34,101.0,1108.0,43.0,21.0,11.49,83.5,16.0,14.1,14.5
139.322,34,101.0,1108.0,43.0,21.0,11.55,83.5,16.0,14.1,14.5
139.412,34,101.0,1108.0,43.0,21.0,11.55,83.5,16.0,14.1,14.5
139.502,34,101.0,1108.0,43.0,21.0,11.55,83.5,16.0,14.1,14.5
139.592,34,101.0,1108.0,43.0,21.0,11.55,83.5,16.0,14.1,14.5
139.682,34,101.0,1108.0,43.0,21.0,11.55,83.5,16.0,14.1,14.5
139.773,34,101.0,1108.0,43.0,21.0,11.55,83.5,16.0,14.1,14.5
139.862,34,101.0,1108.0,43.0,21.0,11.55,83.5,16.0,14.1,14.5
139.953,34,101.0,1124.0,43.0,21.0,11.55,83.5,16.0,14.1,14.5
140.043,34,101.0,1124.0,44.0,21.0,11.55,83.5,16.0,14.1,14.5
140.132,34,101.0,1124.0,44.0,21.0,11.55,83.5,16.0,14.1,14.5
140.222,34,101.0,1124.0,44.0,21.0,12.08,83.5,16.0,14.1,14.5
140.312,34,101.0,1124.0,44.0,21.0,12.08,83.5,16.0,14.1,14.5
140.404,34,101.0,1124.0,44.0,21.0,12.08,83.5,16.0,14.1,14.5
140.491,34,101.0,1124.0,44.0,21.0,12.08,83.5,16.0,14.1,14.5
140.582,34,101.0,1124.0,44.0,21.0,12.08,83.5,16.0,14.1,14.5
140.672,34,101.0,1124.0,44.0,21.0,12.08,83.5,16.0,14.1,14.5
140.762,34,101.0,1124.0,44.0,21.0,12.08,83.5,16.0,14.1,14.5
140.853,34,101.0,1125.0,44.0,21.0,12.08,83.5,16.0,14.1,14.5
140.942,34,101.0,1125.0,44.0,21.0,12.08,83.5,16.0,14.1,14.5
141.007,34,101.0,1125.0,44.0,22.0,12.08,83.5,16.0,14.1,14.5
141.092,34,101.0,1125.0,44.0,22.0,11.88,83.5,16.0,14.1,14.5
141.182,34,101.0,1125.0,44.0,22.0,11.88,83.5,16.0,14.1,14.5
141.273,34,101.0,1125.0,44.0,22.0,11.88,83.5,16.0,14.1,14.5
141.364,34,101.0,1125.0,44.0,22.0,11.88,83.5,16.0,14.1,14.5
141.453,34,101.0,1125.0,44.0,22.0,11.88,83.5,16.0,14.1,14.5
141.542,34,101.0,1125.0,44.0,22.0,11.88,83.5,16.0,14.1,14.5
141.632,34,101.0,1125.0,44.0,22.0,11.88,83.5,16.0,14.1,14.5
141.722,34,101.0,1119.0,44.0,22.0,11.88,83.5,16.0,14.1,14.5
141.814,34,101.0,1119.0,44.0,22.0,11.88,83.5,16.0,14.1,14.5
141.902,34,101.0,1119.0,44.0,22.0,11.88,83.5,16.0,14.1,14.5
141.994,34,101.0,1119.0,44.0,22.0,11.83,83.5,16.0,14.1,14.5
142.082,34,101.0,1119.0,44.0,22.0,11.83,83.5,16.0,14.1,14.5
142.172,34,101.0,1119.0,44.0,22.0,11.83,83.5,16.0,14.1,14.5
142.264,34,101.0,1119.0,44.0,22.0,11.83,83.5,16.0,14.1,14.5
142.353,34,101.0,1119.0,44.0,22.0,11.83,83.5,16.0,14.1,14.5
142.442,34,101.0,1119.0,44.0,22.0,11.83,83.5,16.0,14.1,14.5
142.532,34,101.0,1119.0,44.0,22.0,11.83,83.5,16.0,14.1,14.5
142.622,34,101.0,1128.0,44.0,22.0,11.83,83.5,16.0,14.1,14.5
142.712,34,101.0,1128.0,43.0,22.0,11.83,83.5,16.0,14.1,14.5
142.802,34,101.0,1128.0,43.0,21.0,11.83,83.5,16.0,14.1,14.5
142.892,34,101.0,1128.0,43.0,21.0,11.61,83.5,16.0,14.1,14.5
142.953,34,101.0,1128.0,43.0,21.0,11.61,83.5,16.0,14.1,14.5
143.042,34,101.0,1128.0,43.0,21.0,11.61,83.5,16.0,14.1,14.5
143.106,34,101.0,1128.0,43.0,21.0,11.61,83.5,16.0,14.1,14.5
143.194,34,101.0,1128.0,43.0,21.0,11.61,83.5,16.0,14.1,14.5
143.282,34,101.0,1128.0,43.0,21.0,11.61,83.5,16.0,14.1,14.5
143.376,34,102.0,1128.0,43.0,21.0,11.61,83.5,16.0,14.1,14.5
143.462,34,102.0,908.0,43.0,21.0,11.61,83.5,16.0,14.1,14.5
143.552,34,102.0,908.0,44.0,21.0,11.61,83.5,16.0,14.1,14.5
143.642,34,102.0,908.0,44.0,21.0,11.61,83.5,16.0,14.1,14.5
143.732,34,102.0,908.0,44.0,21.0,9.8,83.5,16.0,14.1,14.5
143.823,34,102.0,908.0,44.0,21.0,9.8,83.5,16.0,14.1,14.5
143.912,34,102.0,908.0,44.0,21.0,9.8,83.5,16.0,14.1,14.5
144.002,34,102.0,908.0,44.0,21.0,9.8,83.5,16.0,14.1,14.5
144.093,34,102.0,908.0,44.0,21.0,9.8,83.5,16.0,14.1,14.5
144.153,34,102.0,908.0,44.0,21.0,9.8,83.5,16.0,14.1,14.5
144.242,34,100.0,908.0,44.0,21.0,9.8,83.5,16.0,14.1,14.5
144.303,34,100.0,1604.0,44.0,21.0,9.8,83.5,16.0,14.1,14.5
144.393,34,100.0,1604.0,44.0,21.0,9.8,83.5,16.0,14.1,14.5
144.482,34,100.0,1604.0,44.0,20.0,9.8,83.5,16.0,14.1,14.5
144.572,34,100.0,1604.0,44.0,20.0,18.44,83.5,16.0,14.1,14.5
144.662,34,100.0,1604.0,44.0,20.0,18.44,83.5,16.0,14.1,14.5
144.752,34,100.0,1604.0,44.0,20.0,18.44,83.5,16.0,14.1,14.5
144.843,34,100.0,1604.0,44.0,20.0,18.44,83.5,16.0,14.1,14.5
144.932,34,100.0,1604.0,44.0,20.0,18.44,83.5,16.0,14.1,14.5
145.022,34,100.0,1604.0,44.0,20.0,18.44,83.5,16.0,14.1,14.5
145.113,34,106.0,1604.0,44.0,20.0,18.44,83.5,16.0,14.1,14.5
145.203,34,106.0,920.0,44.0,20.0,18.44,83.5,16.0,14.1,14.5
145.292,34,106.0,920.0,43.0,20.0,18.44,83.5,16.0,14.1,14.5
145.357,34,106.0,920.0,43.0,24.0,18.44,83.5,16.0,14.1,14.5
145.455,34,106.0,920.0,43.0,24.0,9.97,83.5,16.0,14.1,14.5
145.503,34,106.0,920.0,43.0,24.0,9.97,83.5,16.0,14.1,14.5
145.592,34,106.0,920.0,43.0,24.0,9.97,83.5,16.0,14.1,14.5
145.714,34,106.0,920.0,43.0,24.0,9.97,83.5,16.0,14.1,14.5
145.802,34,106.0,920.0,43.0,24.0,9.97,83.5,16.0,14.1,14.5
145.892,34,106.0,920.0,43.0,24.0,9.97,83.5,16.0,14.1,14.5
145.983,34,99.0,920.0,43.0,24.0,9.97,83.5,16.0,14.1,14.5
146.072,34,99.0,1585.0,43.0,24.0,9.97,83.5,16.0,14.1,14.5
146.162,34,99.0,1585.0,38.0,24.0,9.97,83.5,16.0,14.1,14.5
146.252,34,99.0,1585.0,38.0,21.0,9.97,83.5,16.0,14.1,14.5
146.342,34,99.0,1585.0,38.0,21.0,19.47,83.5,16.0,14.1,14.5
146.434,34,99.0,1585.0,38.0,21.0,19.47,83.5,16.0,14.1,14.5
146.521,34,99.0,1585.0,38.0,21.0,19.47,83.5,16.0,14.1,14.5
146.612,34,99.0,1585.0,38.0,21.0,19.47,83.5,16.0,14.1,14.5
146.702,34,99.0,1585.0,38.0,21.0,19.47,83.5,16.0,14.1,14.5
146.793,34,99.0,1585.0,38.0,21.0,19.47,83.5,16.0,14.1,14.5
146.882,34,101.0,1585.0,38.0,21.0,19.47,83.5,16.0,14.1,14.5
146.973,34,101.0,1936.0,38.0,21.0,19.47,83.5,16.0,14.1,14.5
147.062,34,101.0,1936.0,33.0,21.0,19.47,83.5,16.0,14.1,14.5
147.152,34,101.0,1936.0,33.0,24.0,19.47,83.5,16.0,14.1,14.5
147.242,34,101.0,1936.0,33.0,24.0,19.8,83.5,16.0,14.1,14.5
147.305,34,101.0,1936.0,33.0,24.0,19.8,83.5,16.0,14.1,14.5
147.393,34,101.0,1936.0,33.0,24.0,19.8,83.5,16.0,14.1,14.5
147.453,34,101.0,1936.0,33.0,24.0,19.8,83.5,16.0,14.1,14.5
147.542,34,101.0,1936.0,33.0,24.0,19.8,83.5,16.0,14.1,14.5
147.632,34,101.0,1936.0,33.0,24.0,19.8,83.5,16.0,14.1,14.5
147.723,34,109.0,1936.0,33.0,24.0,19.8,83.5,16.0,14.1,14.5
147.812,34,109.0,1736.0,33.0,24.0,19.8,83.5,16.0,14.1,14.5
147.903,34,109.0,1736.0,30.0,24.0,19.8,83.5,16.0,14.1,14.5
147.993,34,109.0,1736.0,30.0,25.0,19.8,83.5,16.0,14.1,14.5
148.055,34,109.0,1736.0,30.0,25.0,18.94,83.5,16.0,14.1,14.5
148.142,34,109.0,1736.0,30.0,25.0,18.94,83.5,16.0,14.1,14.5
148.206,34,109.0,1736.0,30.0,25.0,18.94,83.5,16.0,14.1,14.5
148.292,34,109.0,1736.0,30.0,25.0,18.94,83.5,16.0,14.1,14.5
148.383,34,109.0,1736.0,30.0,25.0,18.94,83.5,16.0,14.1,14.5
148.473,34,109.0,1736.0,30.0,25.0,18.94,83.5,16.0,14.1,14.5
148.562,34,110.0,1736.0,30.0,25.0,18.94,83.5,16.0,14.1,14.5
148.652,34,110.0,1617.0,30.0,25.0,18.94,83.5,16.0,14.1,14.5
148.742,34,110.0,1617.0,28.0,25.0,18.94,83.5,16.0,14.1,14.5
148.833,34,110.0,1617.0,28.0,24.0,18.94,83.5,16.0,14.1,14.5
148.923,34,110.0,1617.0,28.0,24.0,17.69,83.5,16.0,14.1,14.5
149.012,34,110.0,1617.0,28.0,24.0,17.69,83.5,16.0,14.1,14.5
149.102,34,110.0,1617.0,28.0,24.0,17.69,83.5,16.0,14.1,14.5
149.192,34,110.0,1617.0,28.0,24.0,17.69,83.5,16.0,17.6,14.5
149.254,34,110.0,1617.0,28.0,24.0,17.69,83.5,16.0,17.6,18.8
149.343,34,110.0,1617.0,28.0,24.0,17.69,83.5,16.0,17.6,18.8
149.404,34,109.0,1617.0,28.0,24.0,17.69,83.5,16.0,17.6,18.8
149.492,34,109.0,1546.0,28.0,24.0,17.69,83.5,16.0,17.6,18.8
149.582,34,109.0,1546.0,27.0,24.0,17.69,83.5,16.0,17.6,18.8
149.672,34,109.0,1546.0,27.0,24.0,17.69,83.5,16.0,17.6,18.8
149.762,34,109.0,1546.0,27.0,24.0,16.94,83.5,16.0,17.6,18.8
149.853,34,109.0,1546.0,27.0,24.0,16.94,83.5,16.0,17.6,18.8
149.942,34,109.0,1546.0,27.0,24.0,16.94,83.5,16.0,17.6,18.8
150.033,34,109.0,1546.0,27.0,24.0,16.94,83.5,16.0,23.1,18.8
150.122,34,109.0,1546.0,27.0,24.0,16.94,83.5,16.0,23.1,22.7
150.212,34,109.0,1546.0,27.0,24.0,16.94,83.5,16.0,23.1,22.7
150.303,34,110.0,1546.0,27.0,24.0,16.94,83.5,16.0,23.1,22.7
150.392,34,110.0,1524.0,27.0,24.0,16.94,83.5,16.0,23.1,22.7
150.453,34,110.0,1524.0,26.0,24.0,16.94,83.5,16.0,23.1,22.7
150.541,34,110.0,1524.0,26.0,23.0,16.94,83.5,16.0,23.1,22.7
150.603,34,110.0,1524.0,26.0,23.0,17.66,83.5,16.0,23.1,22.7
150.693,34,110.0,1524.0,26.0,23.0,17.66,83.5,16.0,23.1,22.7
150.783,34,110.0,1524.0,26.0,23.0,17.66,83.5,16.0,23.1,22.7
150.873,34,110.0,1524.0,26.0,23.0,17.66,83.5,16.0,23.5,22.7
150.962,34,110.0,1524.0,26.0,23.0,17.66,83.5,16.0,23.5,23.5
151.052,34,110.0,1524.0,26.0,23.0,17.66,83.5,16.0,23.5,23.5
151.143,34,111.0,1524.0,26.0,23.0,17.66,83.5,16.0,23.5,23.5
151.203,34,111.0,1540.0,26.0,23.0,17.66,83.5,16.0,23.5,23.5
151.293,34,111.0,1540.0,26.0,23.0,17.66,83.5,16.0,23.5,23.5
151.356,34,111.0,1540.0,26.0,23.0,17.66,83.5,16.0,23.5,23.5
151.443,34,111.0,1540.0,26.0,23.0,16.61,83.5,16.0,23.5,23.5
151.503,34,111.0,1540.0,26.0,23.0,16.61,83.5,16.0,23.5,23.5
151.593,34,111.0,1540.0,26.0,23.0,16.61,83.5,16.0,23.5,23.5
151.653,34,111.0,1540.0,26.0,23.0,16.61,83.5,16.0,28.6,23.5
151.742,34,111.0,1540.0,26.0,23.0,16.61,83.5,16.0,28.6,28.6
151.803,34,111.0,1540.0,26.0,23.0,16.61,83.5,16.0,28.6,28.6
151.892,34,101.0,1540.0,26.0,23.0,16.61,83.5,16.0,28.6,28.6
151.982,34,101.0,1559.0,26.0,23.0,16.61,83.5,16.0,28.6,28.6
152.046,34,101.0,1559.0,27.0,23.0,16.61,83.5,16.0,28.6,28.6
152.103,34,101.0,1559.0,27.0,23.0,16.61,83.5,16.0,28.6,28.6
152.193,34,101.0,1559.0,27.0,23.0,16.77,83.5,16.0,28.6,28.6
152.253,34,101.0,1559.0,27.0,23.0,16.77,83.5,16.0,28.6,28.6
152.342,34,101.0,1559.0,27.0,23.0,16.77,83.5,16.0,28.6,28.6
152.404,34,101.0,1559.0,27.0,23.0,16.77,83.5,16.0,26.3,28.6
152.492,34,101.0,1559.0,27.0,23.0,16.77,83.5,16.0,26.3,26.7
152.553,35,101.0,1559.0,27.0,23.0,16.77,83.5,16.0,26.3,26.7
152.642,35,98.0,1559.0,27.0,23.0,16.77,83.5,16.0,26.3,26.7
152.703,35,98.0,1605.0,27.0,23.0,16.77,83.5,16.0,26.3,26.7
152.793,35,98.0,1605.0,28.0,23.0,16.77,83.5,16.0,26.3,26.7
152.854,35,98.0,1605.0,28.0,23.0,16.77,83.5,16.0,26.3,26.7
152.942,35,98.0,1605.0,28.0,23.0,16.63,83.5,16.0,26.3,26.7
153.004,35,98.0,1605.0,28.0,23.0,16.63,83.5,16.0,26.3,26.7
153.096,35,98.0,1605.0,28.0,23.0,16.63,83.5,16.0,26.3,26.7
153.156,35,98.0,1605.0,28.0,23.0,16.63,83.5,16.0,24.7,26.7
153.243,35,98.0,1605.0,28.0,23.0,16.63,83.5,16.0,24.7,23.1
153.304,35,98.0,1605.0,28.0,23.0,16.63,83.5,16.0,24.7,23.1
153.394,35,97.0,1605.0,28.0,23.0,16.63,83.5,16.0,24.7,23.1
153.453,35,97.0,1633.0,28.0,23.0,16.63,83.5,16.0,24.7,23.1
153.541,35,97.0,1633.0,28.0,23.0,16.63,83.5,16.0,24.7,23.1
153.603,35,97.0,1633.0,28.0,23.0,16.63,83.5,16.0,24.7,23.1
153.693,35,97.0,1633.0,28.0,23.0,16.44,83.5,16.0,24.7,23.1
153.753,35,97.0,1633.0,28.0,23.0,16.44,83.5,16.0,24.7,23.1
153.842,35,97.0,1633.0,28.0,23.0,16.44,83.5,16.0,24.7,23.1
153.932,35,97.0,1633.0,28.0,23.0,16.44,83.5,16.0,27.5,23.1
154.024,35,97.0,1633.0,28.0,23.0,16.44,83.5,16.0,27.5,29.4
154.112,35,97.0,1633.0,28.0,23.0,16.44,83.5,16.0,27.5,29.4
154.203,35,101.0,1633.0,28.0,23.0,16.44,83.5,16.0,27.5,29.4
154.3,35,101.0,1619.0,28.0,23.0,16.44,83.5,16.0,27.5,29.4
154.383,35,101.0,1619.0,28.0,23.0,16.44,83.5,16.0,27.5,29.4
154.444,35,101.0,1619.0,28.0,23.0,16.44,83.5,16.0,27.5,29.4
154.532,35,101.0,1619.0,28.0,23.0,22.22,83.5,16.0,27.5,29.4
154.623,35,101.0,1619.0,28.0,23.0,22.22,83.5,16.0,27.5,29.4
154.713,35,101.0,1619.0,28.0,23.0,22.22,83.5,16.0,27.5,29.4
154.802,35,101.0,1619.0,28.0,23.0,22.22,83.5,16.0,41.6,29.4
154.892,35,101.0,1619.0,28.0,23.0,22.22,83.5,16.0,41.6,42.7
154.982,35,101.0,1619.0,28.0,23.0,22.22,83.5,16.0,41.6,42.7
155.072,35,115.0,1619.0,28.0,23.0,22.22,83.5,16.0,41.6,42.7
155.163,35,115.0,1780.0,28.0,23.0,22.22,83.5,16.0,41.6,42.7
155.252,35,115.0,1780.0,30.0,23.0,22.22,83.5,16.0,41.6,42.7
155.342,35,115.0,1780.0,30.0,23.0,22.22,83.5,16.0,41.6,42.7
155.432,35,115.0,1780.0,30.0,23.0,34.05,83.5,16.0,41.6,42.7
155.551,35,115.0,1780.0,30.0,23.0,34.05,83.5,16.0,41.6,42.7
155.642,35,115.0,1780.0,30.0,23.0,34.05,83.5,16.0,41.6,42.7
155.733,35,115.0,1780.0,30.0,23.0,34.05,83.5,16.0,49.0,42.7
155.823,35,115.0,1780.0,30.0,23.0,34.05,83.5,16.0,49.0,49.8
155.912,35,115.0,1780.0,30.0,23.0,34.05,83.5,16.0,49.0,49.8
156.002,35,163.0,1780.0,30.0,23.0,34.05,83.5,16.0,49.0,49.8
156.096,35,163.0,2129.0,30.0,23.0,34.05,83.5,16.0,49.0,49.8
156.183,35,163.0,2129.0,36.0,23.0,34.05,83.5,16.0,49.0,49.8
156.272,35,163.0,2129.0,36.0,26.0,34.05,83.5,16.0,49.0,49.8
156.362,35,163.0,2129.0,36.0,26.0,60.41,83.5,16.0,49.0,49.8
156.452,35,163.0,2129.0,36.0,26.0,60.41,83.5,16.0,49.0,49.8
156.542,35,163.0,2129.0,36.0,26.0,60.41,83.5,16.0,49.0,49.8
156.633,35,163.0,2129.0,36.0,26.0,60.41,83.5,16.0,30.2,49.8
156.722,35,163.0,2129.0,36.0,26.0,60.41,83.5,16.0,30.2,14.5
156.812,35,163.0,2129.0,36.0,26.0,60.41,83.5,16.0,30.2,14.5
156.902,35,116.0,2129.0,36.0,26.0,60.41,83.5,16.0,30.2,14.5
156.993,35,116.0,1975.0,36.0,26.0,60.41,83.5,16.0,30.2,14.5
157.083,35,116.0,1975.0,41.0,26.0,60.41,83.5,16.0,30.2,14.5
157.172,35,116.0,1975.0,41.0,28.0,60.41,83.5,16.0,30.2,14.5
157.262,35,116.0,1975.0,41.0,28.0,29.05,83.5,16.0,30.2,14.5
157.352,35,116.0,1975.0,41.0,28.0,29.05,31.0,16.0,30.2,14.5
157.441,35,116.0,1975.0,41.0,28.0,29.05,31.0,16.0,30.2,14.5
157.532,35,116.0,1975.0,41.0,28.0,29.05,31.0,16.0,43.1,14.5
157.623,35,116.0,1975.0,41.0,28.0,29.05,31.0,16.0,43.1,47.5
157.714,35,116.0,1975.0,41.0,28.0,29.05,31.0,16.0,43.1,47.5
157.802,35,111.0,1975.0,41.0,28.0,29.05,31.0,16.0,43.1,47.5
157.892,35,111.0,1637.0,41.0,28.0,29.05,31.0,16.0,43.1,47.5
157.982,35,111.0,1637.0,44.0,28.0,29.05,31.0,16.0,43.1,47.5
158.045,35,111.0,1637.0,44.0,26.0,29.05,31.0,16.0,43.1,47.5
158.132,35,111.0,1637.0,44.0,26.0,22.24,31.0,16.0,43.1,47.5
158.222,35,111.0,1637.0,44.0,26.0,22.24,44.7,16.0,43.1,47.5
158.312,35,111.0,1637.0,44.0,26.0,22.24,44.7,16.0,43.1,47.5
158.402,35,111.0,1637.0,44.0,26.0,22.24,44.7,16.0,14.1,47.5
158.492,35,111.0,1637.0,44.0,26.0,22.24,44.7,16.0,14.1,14.5
158.582,35,111.0,1637.0,44.0,26.0,22.24,44.7,16.0,14.1,14.5
158.673,35,100.0,1637.0,44.0,26.0,22.24,44.7,16.0,14.1,14.5
158.762,35,100.0,948.0,44.0,26.0,22.24,44.7,16.0,14.1,14.5
158.854,35,100.0,948.0,46.0,26.0,22.24,44.7,16.0,14.1,14.5
158.943,35,100.0,948.0,46.0,24.0,22.24,44.7,16.0,14.1,14.5
159.036,35,100.0,948.0,46.0,24.0,16.99,44.7,16.0,14.1,14.5
159.122,35,100.0,948.0,46.0,24.0,16.99,78.8,16.0,14.1,14.5
159.212,35,100.0,948.0,46.0,24.0,16.99,78.8,16.0,14.1,14.5
159.302,35,100.0,948.0,46.0,24.0,16.99,78.8,16.0,14.1,14.5
159.393,35,100.0,948.0,46.0,24.0,16.99,78.8,16.0,14.1,14.5
159.482,35,100.0,948.0,46.0,24.0,16.99,78.8,16.0,14.1,14.5
159.543,35,102.0,948.0,46.0,24.0,16.99,78.8,16.0,14.1,14.5
159.632,35,102.0,1867.0,46.0,24.0,16.99,78.8,16.0,14.1,14.5
159.693,35,102.0,1867.0,43.0,24.0,16.99,78.8,16.0,14.1,14.5
159.782,35,102.0,1867.0,43.0,22.0,16.99,78.8,16.0,14.1,14.5
159.873,35,102.0,1867.0,43.0,22.0,26.88,78.8,16.0,14.1,14.5
159.963,35,102.0,1867.0,43.0,22.0,26.88,83.5,16.0,14.1,14.5
160.055,35,102.0,1867.0,43.0,22.0,26.88,83.5,16.0,14.1,14.5
160.142,35,102.0,1867.0,43.0,22.0,26.88,83.5,16.0,14.1,14.5
160.233,35,102.0,1867.0,43.0,22.0,26.88,83.5,16.0,14.1,14.5
160.323,35,102.0,1867.0,43.0,22.0,26.88,83.5,16.0,14.1,14.5
160.413,35,114.0,1867.0,43.0,22.0,26.88,83.5,16.0,14.1,14.5
160.502,35,114.0,2320.0,43.0,22.0,26.88,83.5,16.0,14.1,14.5
160.592,35,114.0,2320.0,40.0,22.0,26.88,83.5,16.0,14.1,14.5
160.682,35,114.0,2320.0,40.0,20.0,26.88,83.5,16.0,14.1,14.5
160.744,35,114.0,2320.0,40.0,20.0,31.66,83.5,16.0,14.1,14.5
160.833,35,114.0,2320.0,40.0,20.0,31.66,83.5,16.0,14.1,14.5
160.894,35,114.0,2320.0,40.0,20.0,31.66,83.5,16.0,14.1,14.5
160.982,35,114.0,2320.0,40.0,20.0,31.66,83.5,16.0,14.1,14.5
161.072,35,114.0,2320.0,40.0,20.0,31.66,83.5,16.0,14.1,14.5
161.162,35,114.0,2320.0,40.0,20.0,31.66,83.5,16.0,14.1,14.5
161.252,35,120.0,2320.0,40.0,20.0,31.66,83.5,16.0,14.1,14.5
161.344,35,120.0,1984.0,40.0,20.0,31.66,83.5,16.0,14.1,14.5
161.433,35,120.0,1984.0,34.0,20.0,31.66,83.5,16.0,14.1,14.5
161.521,35,120.0,1984.0,34.0,25.0,31.66,83.5,16.0,14.1,14.5
161.612,35,120.0,1984.0,34.0,25.0,21.88,83.5,16.0,14.1,14.5
161.702,35,120.0,1984.0,34.0,25.0,21.88,83.5,16.0,14.1,14.5
161.793,35,120.0,1984.0,34.0,25.0,21.88,83.5,16.0,14.1,14.5
161.883,35,120.0,1984.0,34.0,25.0,21.88,83.5,16.0,14.1,14.5
161.944,35,120.0,1984.0,34.0,25.0,21.88,83.5,16.0,14.1,14.5
162.033,35,120.0,1984.0,34.0,25.0,21.88,83.5,16.0,14.1,14.5
162.123,35,116.0,1984.0,34.0,25.0,21.88,83.5,16.0,14.1,14.5
162.213,35,116.0,1572.0,34.0,25.0,21.88,83.5,16.0,14.1,14.5
162.303,35,116.0,1572.0,27.0,25.0,21.88,83.5,16.0,14.1,14.5
162.394,35,116.0,1572.0,27.0,22.0,21.88,83.5,16.0,14.1,14.5
162.482,35,116.0,1572.0,27.0,22.0,16.63,83.5,16.0,14.1,14.5
162.572,35,116.0,1572.0,27.0,22.0,16.63,83.5,16.0,14.1,14.5
162.663,35,116.0,1572.0,27.0,22.0,16.63,83.5,16.0,14.1,14.5
162.753,35,116.0,1572.0,27.0,22.0,16.63,83.5,16.0,14.1,14.5
162.842,35,116.0,1572.0,27.0,22.0,16.63,83.5,16.0,14.1,14.5
162.962,35,116.0,1572.0,27.0,22.0,16.63,83.5,16.0,14.1,14.5
163.053,35,111.0,1572.0,27.0,22.0,16.63,83.5,16.0,14.1,14.5
163.144,35,111.0,1307.0,27.0,22.0,16.63,83.5,16.0,14.1,14.5
163.232,35,111.0,1307.0,22.0,22.0,16.63,83.5,16.0,14.1,14.5
163.294,35,111.0,1307.0,22.0,20.0,16.63,83.5,16.0,14.1,14.5
163.382,35,111.0,1307.0,22.0,20.0,13.8,83.5,16.0,14.1,14.5
163.446,35,111.0,1307.0,22.0,20.0,13.8,83.5,16.0,14.1,14.5
163.532,35,111.0,1307.0,22.0,20.0,13.8,83.5,16.0,14.1,14.5
163.593,35,111.0,1307.0,22.0,20.0,13.8,83.5,16.0,14.1,14.5
163.683,35,111.0,1307.0,22.0,20.0,13.8,83.5,16.0,14.1,14.5
163.772,35,111.0,1307.0,22.0,20.0,13.8,83.5,16.0,14.1,14.5
163.862,35,107.0,1307.0,22.0,20.0,13.8,83.5,16.0,14.1,14.5
163.952,35,107.0,1229.0,22.0,20.0,13.8,83.5,16.0,14.1,14.5
164.042,35,107.0,1229.0,21.0,20.0,13.8,83.5,16.0,14.1,14.5
164.133,35,107.0,1229.0,21.0,20.0,13.8,83.5,16.0,14.1,14.5
164.222,35,107.0,1229.0,21.0,20.0,13.13,83.5,16.0,14.1,14.5
164.312,35,107.0,1229.0,21.0,20.0,13.13,83.5,16.0,14.1,14.5
164.402,35,107.0,1229.0,21.0,20.0,13.13,83.5,16.0,14.1,14.5
164.492,35,107.0,1229.0,21.0,20.0,13.13,83.5,16.0,23.9,14.5
164.583,35,107.0,1229.0,21.0,20.0,13.13,83.5,16.0,23.9,23.9
164.643,35,107.0,1229.0,21.0,20.0,13.13,83.5,16.0,23.9,23.9
164.733,35,105.0,1229.0,21.0,20.0,13.13,83.5,16.0,23.9,23.9
164.794,35,105.0,1268.0,21.0,20.0,13.13,83.5,16.0,23.9,23.9
164.882,35,105.0,1268.0,21.0,20.0,13.13,83.5,16.0,23.9,23.9
164.972,35,105.0,1268.0,21.0,20.0,13.13,83.5,16.0,23.9,23.9
165.074,35,105.0,1268.0,21.0,20.0,14.02,83.5,16.0,23.9,23.9
165.153,35,105.0,1268.0,21.0,20.0,14.02,83.5,16.0,23.9,23.9
165.243,35,105.0,1268.0,21.0,20.0,14.02,83.5,16.0,23.9,23.9
165.332,35,105.0,1268.0,21.0,20.0,14.02,83.5,16.0,22.0,23.9
165.427,35,105.0,1268.0,21.0,20.0,14.02,83.5,16.0,22.0,22.0
165.512,35,105.0,1268.0,21.0,20.0,14.02,83.5,16.0,22.0,22.0
165.602,35,98.0,1268.0,21.0,20.0,14.02,83.5,16.0,22.0,22.0
165.692,35,98.0,1301.0,21.0,20.0,14.02,83.5,16.0,22.0,22.0
165.783,35,98.0,1301.0,22.0,20.0,14.02,83.5,16.0,22.0,22.0
165.844,35,98.0,1301.0,22.0,20.0,14.02,83.5,16.0,22.0,22.0
165.932,35,98.0,1301.0,22.0,20.0,13.19,83.5,16.0,22.0,22.0
165.994,35,98.0,1301.0,22.0,20.0,13.19,83.5,16.0,22.0,22.0
166.083,35,98.0,1301.0,22.0,20.0,13.19,83.5,16.0,22.0,22.0
166.174,35,98.0,1301.0,22.0,20.0,13.19,83.5,16.0,25.1,22.0
166.262,35,98.0,1301.0,22.0,20.0,13.19,83.5,16.0,25.1,25.1
166.354,35,98.0,1301.0,22.0,20.0,13.19,83.5,16.0,25.1,25.1
166.464,35,97.0,1301.0,22.0,20.0,13.19,83.5,16.0,25.1,25.1
166.532,35,97.0,1344.0,22.0,20.0,13.19,83.5,16.0,25.1,25.1
166.623,35,97.0,1344.0,23.0,20.0,13.19,83.5,16.0,25.1,25.1
166.683,35,97.0,1344.0,23.0,20.0,13.19,83.5,16.0,25.1,25.1
166.744,35,97.0,1344.0,23.0,20.0,14.11,83.5,16.0,25.1,25.1
166.832,35,97.0,1344.0,23.0,20.0,14.11,83.5,16.0,25.1,25.1
166.894,35,97.0,1344.0,23.0,20.0,14.11,83.5,16.0,25.1,25.1
166.983,35,97.0,1344.0,23.0,20.0,14.11,83.5,16.0,27.1,25.1
167.044,35,97.0,1344.0,23.0,20.0,14.11,83.5,16.0,27.1,27.1
167.132,36,97.0,1344.0,23.0,20.0,14.11,83.5,16.0,27.1,27.1
167.194,36,96.0,1344.0,23.0,20.0,14.11,83.5,16.0,27.1,27.1
167.282,36,96.0,1413.0,23.0,20.0,14.11,83.5,16.0,27.1,27.1
167.373,36,96.0,1413.0,24.0,20.0,14.11,83.5,16.0,27.1,27.1
167.462,36,96.0,1413.0,24.0,21.0,14.11,83.5,16.0,27.1,27.1
167.552,36,96.0,1413.0,24.0,21.0,15.69,83.5,16.0,27.1,27.1
167.642,36,96.0,1413.0,24.0,21.0,15.69,83.5,16.0,27.1,27.1
167.733,36,96.0,1413.0,24.0,21.0,15.69,83.5,16.0,27.1,27.1
167.793,36,96.0,1413.0,24.0,21.0,15.69,83.5,16.0,33.7,27.1
167.883,36,96.0,1413.0,24.0,21.0,15.69,83.5,16.0,33.7,34.9
168.002,36,96.0,1413.0,24.0,21.0,15.69,83.5,16.0,33.7,34.9
168.092,36,97.0,1413.0,24.0,21.0,15.69,83.5,16.0,33.7,34.9
168.183,36,97.0,1556.0,24.0,21.0,15.69,83.5,16.0,33.7,34.9
168.245,36,97.0,1556.0,26.0,21.0,15.69,83.5,16.0,33.7,34.9
168.333,36,97.0,1556.0,26.0,22.0,15.69,83.5,16.0,33.7,34.9
168.393,36,97.0,1556.0,26.0,22.0,18.66,83.5,16.0,33.7,34.9
168.482,36,97.0,1556.0,26.0,22.0,18.66,83.5,16.0,33.7,34.9
168.543,36,97.0,1556.0,26.0,22.0,18.66,83.5,16.0,33.7,34.9
168.632,36,97.0,1556.0,26.0,22.0,18.66,83.5,16.0,33.7,34.9
168.693,36,97.0,1556.0,26.0,22.0,18.66,83.5,16.0,33.7,34.1
168.782,36,97.0,1556.0,26.0,22.0,18.66,83.5,16.0,33.7,34.1
168.843,36,102.0,1556.0,26.0,22.0,18.66,83.5,16.0,33.7,34.1
168.932,36,102.0,1688.0,26.0,22.0,18.66,83.5,16.0,33.7,34.1
169.053,36,102.0,1688.0,29.0,22.0,18.66,83.5,16.0,33.7,34.1
169.142,36,102.0,1688.0,29.0,22.0,18.66,83.5,16.0,33.7,34.1
169.262,36,102.0,1688.0,29.0,22.0,21.72,83.5,16.0,33.7,34.1
169.354,36,102.0,1688.0,29.0,22.0,21.72,83.5,16.0,33.7,34.1
169.442,36,102.0,1688.0,29.0,22.0,21.72,83.5,16.0,33.7,34.1
169.532,36,102.0,1688.0,29.0,22.0,21.72,83.5,16.0,37.6,34.1
169.593,36,102.0,1688.0,29.0,22.0,21.72,83.5,16.0,37.6,38.0
169.682,36,102.0,1688.0,29.0,22.0,21.72,83.5,16.0,37.6,38.0
169.773,36,114.0,1688.0,29.0,22.0,21.72,83.5,16.0,37.6,38.0
169.864,36,114.0,1842.0,29.0,22.0,21.72,83.5,16.0,37.6,38.0
169.953,36,114.0,1842.0,32.0,22.0,21.72,83.5,16.0,37.6,38.0
170.044,36,114.0,1842.0,32.0,23.0,21.72,83.5,16.0,37.6,38.0
170.132,36,114.0,1842.0,32.0,23.0,25.91,83.5,16.0,37.6,38.0
170.194,36,114.0,1842.0,32.0,23.0,25.91,83.5,16.0,37.6,38.0
170.283,36,114.0,1842.0,32.0,23.0,25.91,83.5,16.0,37.6,38.0
170.344,36,114.0,1842.0,32.0,23.0,25.91,83.5,16.0,40.0,38.0
170.433,36,114.0,1842.0,32.0,23.0,25.91,83.5,16.0,40.0,40.8
170.551,36,114.0,1842.0,32.0,23.0,25.91,83.5,16.0,40.0,40.8
170.641,36,127.0,1842.0,32.0,23.0,25.91,83.5,16.0,40.0,40.8
170.732,36,127.0,2040.0,32.0,23.0,25.91,83.5,16.0,40.0,40.8
170.792,36,127.0,2040.0,34.0,23.0,25.91,83.5,16.0,40.0,40.8
170.882,36,127.0,2040.0,34.0,24.0,25.91,83.5,16.0,40.0,40.8
170.943,36,127.0,2040.0,34.0,24.0,28.24,83.5,16.0,40.0,40.8
171.032,36,127.0,2040.0,34.0,24.0,28.24,83.5,16.0,40.0,40.8
171.095,36,127.0,2040.0,34.0,24.0,28.24,83.5,16.0,40.0,40.8
171.183,36,127.0,2040.0,34.0,24.0,28.24,83.5,16.0,14.1,40.8
171.244,36,127.0,2040.0,34.0,24.0,28.24,83.5,16.0,14.1,14.5
171.333,36,127.0,2040.0,34.0,24.0,28.24,83.5,16.0,14.1,14.5
171.423,36,114.0,2040.0,34.0,24.0,28.24,83.5,16.0,14.1,14.5
171.483,36,114.0,1327.0,34.0,24.0,28.24,83.5,16.0,14.1,14.5
171.543,36,114.0,1327.0,36.0,24.0,28.24,83.5,16.0,14.1,14.5
171.633,36,114.0,1327.0,36.0,22.0,28.24,83.5,16.0,14.1,14.5
171.723,36,114.0,1327.0,36.0,22.0,12.52,83.5,16.0,14.1,14.5
171.784,36,114.0,1327.0,36.0,22.0,12.52,83.5,16.0,14.1,14.5
171.844,36,114.0,1327.0,36.0,22.0,12.52,83.5,16.0,14.1,14.5
171.932,36,114.0,1327.0,36.0,22.0,12.52,83.5,16.0,51.0,14.5
171.994,36,114.0,1327.0,36.0,22.0,12.52,83.5,16.0,51.0,52.9
172.082,36,114.0,1327.0,36.0,22.0,12.52,83.5,16.0,51.0,52.9
172.144,36,115.0,1327.0,36.0,22.0,12.52,83.5,16.0,51.0,52.9
172.233,36,115.0,1467.0,36.0,22.0,12.52,83.5,16.0,51.0,52.9
172.296,36,115.0,1467.0,39.0,22.0,12.52,83.5,16.0,51.0,52.9
172.384,36,115.0,1467.0,39.0,22.0,12.52,83.5,16.0,51.0,52.9
172.443,36,115.0,1467.0,39.0,22.0,32.58,83.5,16.0,51.0,52.9
172.532,36,115.0,1467.0,39.0,22.0,32.58,83.5,16.0,51.0,52.9
172.593,36,115.0,1467.0,39.0,22.0,32.58,83.5,16.0,51.0,52.9
172.683,36,115.0,1467.0,39.0,22.0,32.58,83.5,16.0,45.9,52.9
172.745,36,115.0,1467.0,39.0,22.0,32.58,83.5,16.0,45.9,45.5
172.833,36,115.0,1467.0,39.0,22.0,32.58,83.5,16.0,45.9,45.5
172.924,36,137.0,1467.0,39.0,22.0,32.58,83.5,16.0,45.9,45.5
172.984,36,137.0,1637.0,39.0,22.0,32.58,83.5,16.0,45.9,45.5
173.045,36,137.0,1637.0,44.0,22.0,32.58,83.5,16.0,45.9,45.5
173.135,36,137.0,1637.0,44.0,23.0,32.58,83.5,16.0,45.9,45.5
173.223,36,137.0,1637.0,44.0,23.0,22.36,83.5,16.0,45.9,45.5
173.314,36,137.0,1637.0,44.0,23.0,22.36,83.5,16.0,45.9,45.5
173.402,36,137.0,1637.0,44.0,23.0,22.36,83.5,16.0,45.9,45.5
173.492,36,137.0,1637.0,44.0,23.0,22.36,83.5,16.0,14.1,45.5
173.582,36,137.0,1637.0,44.0,23.0,22.36,83.5,16.0,14.1,14.5
173.643,36,137.0,1637.0,44.0,23.0,22.36,83.5,16.0,14.1,14.5
173.732,36,94.0,1637.0,44.0,23.0,22.36,83.5,16.0,14.1,14.5
173.794,36,94.0,1695.0,44.0,23.0,22.36,83.5,16.0,14.1,14.5
173.882,36,94.0,1695.0,46.0,23.0,22.36,83.5,16.0,14.1,14.5
173.943,36,94.0,1695.0,46.0,24.0,22.36,83.5,16.0,14.1,14.5
174.033,36,94.0,1695.0,46.0,24.0,26.55,83.5,16.0,14.1,14.5
174.123,36,94.0,1695.0,46.0,24.0,26.55,31.0,16.0,14.1,14.5
174.186,36,94.0,1695.0,46.0,24.0,26.55,31.0,16.0,14.1,14.5
174.244,36,94.0,1695.0,46.0,24.0,26.55,31.0,16.0,14.1,14.5
174.332,36,94.0,1695.0,46.0,24.0,26.55,31.0,16.0,14.1,14.5
174.394,36,94.0,1695.0,46.0,24.0,26.55,31.0,16.0,14.1,14.5
174.483,36,105.0,1695.0,46.0,24.0,26.55,31.0,16.0,14.1,14.5
174.543,36,105.0,1709.0,46.0,24.0,26.55,31.0,16.0,14.1,14.5
174.632,36,105.0,1709.0,46.0,24.0,26.55,31.0,16.0,14.1,14.5
174.693,36,105.0,1709.0,46.0,23.0,26.55,31.0,16.0,14.1,14.5
174.782,36,105.0,1709.0,46.0,23.0,17.88,31.0,16.0,14.1,14.5
174.843,36,105.0,1709.0,46.0,23.0,17.88,83.5,16.0,14.1,14.5
174.933,36,105.0,1709.0,46.0,23.0,17.88,83.5,16.0,14.1,14.5
174.994,36,105.0,1709.0,46.0,23.0,17.88,83.5,16.0,14.1,14.5
175.082,36,105.0,1709.0,46.0,23.0,17.88,83.5,16.0,14.1,14.5
175.144,36,105.0,1709.0,46.0,23.0,17.88,83.5,16.0,14.1,14.5
175.233,36,111.0,1709.0,46.0,23.0,17.88,83.5,16.0,14.1,14.5
175.295,36,111.0,1715.0,46.0,23.0,17.88,83.5,16.0,14.1,14.5
175.382,36,111.0,1715.0,46.0,23.0,17.88,83.5,16.0,14.1,14.5
175.443,36,111.0,1715.0,46.0,22.0,17.88,83.5,16.0,14.1,14.5
175.532,36,111.0,1715.0,46.0,22.0,19.91,83.5,16.0,14.1,14.5
175.592,36,111.0,1715.0,46.0,22.0,19.91,83.5,16.0,14.1,14.5
175.682,36,111.0,1715.0,46.0,22.0,19.91,83.5,16.0,14.1,14.5
175.742,36,111.0,1715.0,46.0,22.0,19.91,83.5,16.0,14.1,14.5
175.832,36,111.0,1715.0,46.0,22.0,19.91,83.5,16.0,14.1,14.5
175.893,36,111.0,1715.0,46.0,22.0,19.91,83.5,16.0,14.1,14.5
175.982,36,113.0,1715.0,46.0,22.0,19.91,83.5,16.0,14.1,14.5
176.043,36,113.0,1722.0,46.0,22.0,19.91,83.5,16.0,14.1,14.5
176.132,36,113.0,1722.0,46.0,22.0,19.91,83.5,16.0,14.1,14.5
176.193,36,113.0,1722.0,46.0,21.0,19.91,83.5,16.0,14.1,14.5
176.282,36,113.0,1722.0,46.0,21.0,20.08,83.5,16.0,14.1,14.5
176.344,36,113.0,1722.0,46.0,21.0,20.08,83.5,16.0,14.1,14.5
176.432,36,113.0,1722.0,46.0,21.0,20.08,83.5,16.0,14.1,14.5
176.493,36,113.0,1722.0,46.0,21.0,20.08,83.5,16.0,14.1,14.5
176.583,36,113.0,1722.0,46.0,21.0,20.08,83.5,16.0,14.1,14.5
176.643,36,113.0,1722.0,46.0,21.0,20.08,83.5,16.0,14.1,14.5
176.732,36,114.0,1722.0,46.0,21.0,20.08,83.5,16.0,14.1,14.5
176.793,36,114.0,1733.0,46.0,21.0,20.08,83.5,16.0,14.1,14.5
176.882,36,114.0,1733.0,47.0,21.0,20.08,83.5,16.0,14.1,14.5
176.943,36,114.0,1733.0,47.0,22.0,20.08,83.5,16.0,14.1,14.5
177.033,36,114.0,1733.0,47.0,22.0,20.33,83.5,16.0,14.1,14.5
177.093,36,114.0,1733.0,47.0,22.0,20.33,83.5,16.0,14.1,14.5
177.182,36,114.0,1733.0,47.0,22.0,20.33,83.5,16.0,14.1,14.5
177.244,36,114.0,1733.0,47.0,22.0,20.33,83.5,16.0,14.1,14.5
177.332,36,114.0,1733.0,47.0,22.0,20.33,83.5,16.0,14.1,14.5
177.394,36,114.0,1733.0,47.0,22.0,20.33,83.5,16.0,14.1,14.5
177.482,36,114.0,1733.0,47.0,22.0,20.33,83.5,16.0,14.1,14.5
177.543,36,114.0,1738.0,47.0,22.0,20.33,83.5,16.0,14.1,14.5
177.633,36,114.0,1738.0,47.0,22.0,20.33,83.5,16.0,14.1,14.5
177.694,36,114.0,1738.0,47.0,22.0,20.33,83.5,16.0,14.1,14.5
177.783,36,114.0,1738.0,47.0,22.0,20.36,83.5,16.0,14.1,14.5
177.844,36,114.0,1738.0,47.0,22.0,20.36,83.5,16.0,14.1,14.5
177.932,36,114.0,1738.0,47.0,22.0,20.36,83.5,16.0,14.1,14.5
178.023,36,114.0,1738.0,47.0,22.0,20.36,83.5,16.0,14.1,14.5
178.083,36,114.0,1738.0,47.0,22.0,20.36,83.5,16.0,14.1,14.5
178.144,37,114.0,1738.0,47.0,22.0,20.36,83.5,16.0,14.1,14.5
178.233,37,114.0,1738.0,47.0,22.0,20.36,83.5,16.0,14.1,14.5
178.295,37,114.0,1755.0,47.0,22.0,20.36,83.5,16.0,14.1,14.5
178.383,37,114.0,1755.0,47.0,22.0,20.36,83.5,16.0,14.1,14.5
178.447,37,114.0,1755.0,47.0,22.0,20.36,83.5,16.0,14.1,14.5
178.532,37,114.0,1755.0,47.0,22.0,20.33,83.5,16.0,14.1,14.5
178.623,37,114.0,1755.0,47.0,22.0,20.33,83.5,16.0,14.1,14.5
178.686,37,114.0,1755.0,47.0,22.0,20.33,83.5,16.0,14.1,14.5
178.744,37,114.0,1755.0,47.0,22.0,20.33,83.5,16.0,14.1,14.5
178.833,37,114.0,1755.0,47.0,22.0,20.33,83.5,16.0,14.1,14.5
178.895,37,114.0,1755.0,47.0,22.0,20.33,83.5,16.0,14.1,14.5
178.982,37,114.0,1755.0,47.0,22.0,20.33,83.5,16.0,14.1,14.5
179.045,37,114.0,1758.0,47.0,22.0,20.33,83.5,16.0,14.1,14.5
179.133,37,114.0,1758.0,47.0,22.0,20.33,83.5,16.0,14.1,14.5
179.223,37,114.0,1758.0,47.0,22.0,20.33,83.5,16.0,14.1,14.5
179.284,37,114.0,1758.0,47.0,22.0,20.63,83.5,16.0,14.1,14.5
179.344,37,114.0,1758.0,47.0,22.0,20.63,83.5,16.0,14.1,14.5
179.433,37,114.0,1758.0,47.0,22.0,20.63,83.5,16.0,14.1,14.5
179.493,37,114.0,1758.0,47.0,22.0,20.63,83.5,16.0,14.1,14.5
179.583,37,114.0,1758.0,47.0,22.0,20.63,83.5,16.0,14.1,14.5
179.643,37,114.0,1758.0,47.0,22.0,20.63,83.5,16.0,14.1,14.5
179.734,37,114.0,1758.0,47.0,22.0,20.63,83.5,16.0,14.1,14.5
179.795,37,114.0,1761.0,47.0,22.0,20.63,83.5,16.0,14.1,14.5
179.883,37,114.0,1761.0,48.0,22.0,20.63,83.5,16.0,14.1,14.5
179.944,37,114.0,1761.0,48.0,22.0,20.63,83.5,16.0,14.1,14.5
180.033,37,114.0,1761.0,48.0,22.0,20.69,83.5,16.0,14.1,14.5
180.096,37,114.0,1761.0,48.0,22.0,20.69,83.5,16.0,14.1,14.5
180.183,37,114.0,1761.0,48.0,22.0,20.69,83.5,16.0,14.1,14.5
180.245,37,114.0,1761.0,48.0,22.0,20.69,83.5,16.0,14.1,14.5
180.334,37,114.0,1761.0,48.0,22.0,20.69,83.5,16.0,14.1,14.5
180.395,37,114.0,1761.0,48.0,22.0,20.69,83.5,16.0,14.1,14.5
180.482,37,114.0,1761.0,48.0,22.0,20.69,83.5,16.0,14.1,14.5
180.543,37,114.0,1781.0,48.0,22.0,20.69,83.5,16.0,14.1,14.5
180.632,37,114.0,1781.0,48.0,22.0,20.69,83.5,16.0,14.1,14.5
180.693,37,114.0,1781.0,48.0,22.0,20.69,83.5,16.0,14.1,14.5
180.783,37,114.0,1781.0,48.0,22.0,20.69,83.5,16.0,14.1,14.5
180.843,37,114.0,1781.0,48.0,22.0,20.69,83.5,16.0,14.1,14.5
180.932,37,114.0,1781.0,48.0,22.0,20.69,83.5,16.0,14.1,14.5
180.994,37,114.0,1781.0,48.0,22.0,20.69,83.5,16.0,14.1,14.5
181.082,37,114.0,1781.0,48.0,22.0,20.69,83.5,16.0,14.1,14.5
181.145,37,114.0,1781.0,48.0,22.0,20.69,83.5,16.0,14.1,14.5
181.233,37,114.0,1781.0,48.0,22.0,20.69,83.5,16.0,14.1,14.5
181.295,37,114.0,1790.0,48.0,22.0,20.69,83.5,16.0,14.1,14.5
181.382,37,114.0,1790.0,48.0,22.0,20.69,83.5,16.0,14.1,14.5
181.444,37,114.0,1790.0,48.0,22.0,20.69,83.5,16.0,14.1,14.5
181.533,37,114.0,1790.0,48.0,22.0,20.94,83.5,16.0,14.1,14.5
181.593,37,114.0,1790.0,48.0,22.0,20.94,83.5,16.0,14.1,14.5
181.683,37,114.0,1790.0,48.0,22.0,20.94,83.5,16.0,14.1,14.5
181.744,37,114.0,1790.0,48.0,22.0,20.94,83.5,16.0,14.1,14.5
181.833,37,114.0,1790.0,48.0,22.0,20.94,83.5,16.0,14.1,14.5
181.894,37,114.0,1790.0,48.0,22.0,20.94,83.5,16.0,14.1,14.5
181.982,37,113.0,1790.0,48.0,22.0,20.94,83.5,16.0,14.1,14.5
182.046,37,113.0,1813.0,48.0,22.0,20.94,83.5,16.0,14.1,14.5
182.133,37,113.0,1813.0,49.0,22.0,20.94,83.5,16.0,14.1,14.5
182.223,37,113.0,1813.0,49.0,22.0,20.94,83.5,16.0,14.1,14.5
182.284,37,113.0,1813.0,49.0,22.0,20.97,83.5,16.0,14.1,14.5
182.344,37,113.0,1813.0,49.0,22.0,20.97,83.5,16.0,14.1,14.5
182.435,37,113.0,1813.0,49.0,22.0,20.97,83.5,16.0,14.1,14.5
182.493,37,113.0,1813.0,49.0,22.0,20.97,83.5,16.0,14.1,14.5
182.583,37,113.0,1813.0,49.0,22.0,20.97,83.5,16.0,14.1,14.5
182.644,37,113.0,1813.0,49.0,22.0,20.97,83.5,16.0,14.1,14.5
182.733,37,113.0,1813.0,49.0,22.0,20.97,83.5,16.0,14.1,14.5
182.824,37,113.0,1807.0,49.0,22.0,20.97,83.5,16.0,14.1,14.5
182.884,37,113.0,1807.0,48.0,22.0,20.97,83.5,16.0,14.1,14.5
182.944,37,113.0,1807.0,48.0,22.0,20.97,83.5,16.0,14.1,14.5
183.032,37,113.0,1807.0,48.0,22.0,20.91,83.5,16.0,14.1,14.5
183.096,37,113.0,1807.0,48.0,22.0,20.91,83.5,16.0,14.1,14.5
183.183,37,113.0,1807.0,48.0,22.0,20.91,83.5,16.0,14.1,14.5
183.244,37,113.0,1807.0,48.0,22.0,20.91,83.5,16.0,14.1,14.5
183.334,37,113.0,1807.0,48.0,22.0,20.91,83.5,16.0,14.1,14.5
183.395,37,113.0,1807.0,48.0,22.0,20.91,83.5,16.0,14.1,14.5
183.482,37,113.0,1807.0,48.0,22.0,20.91,83.5,16.0,14.1,14.5
183.543,37,113.0,1812.0,48.0,22.0,20.91,83.5,16.0,14.1,14.5
183.633,37,113.0,1812.0,49.0,22.0,20.91,83.5,16.0,14.1,14.5
183.693,37,113.0,1812.0,49.0,22.0,20.91,83.5,16.0,14.1,14.5
183.782,37,113.0,1812.0,49.0,22.0,20.86,83.5,16.0,14.1,14.5
183.847,37,113.0,1812.0,49.0,22.0,20.86,83.5,16.0,14.1,14.5
183.932,37,113.0,1812.0,49.0,22.0,20.86,83.5,16.0,14.1,14.5
183.993,37,113.0,1812.0,49.0,22.0,20.86,83.5,16.0,14.1,14.5
184.082,37,113.0,1812.0,49.0,22.0,20.86,83.5,16.0,14.1,14.5
184.144,37,113.0,1812.0,49.0,22.0,20.86,83.5,16.0,14.1,14.5
184.234,37,113.0,1812.0,49.0,22.0,20.86,83.5,16.0,14.1,14.5
184.294,37,113.0,1817.0,49.0,22.0,20.86,83.5,16.0,14.1,14.5
184.383,37,113.0,1817.0,49.0,22.0,20.86,83.5,16.0,14.1,14.5
184.472,37,113.0,1817.0,49.0,22.0,20.86,83.5,16.0,14.1,14.5
184.534,37,113.0,1817.0,49.0,22.0,21.41,83.5,16.0,14.1,14.5
184.623,37,113.0,1817.0,49.0,22.0,21.41,83.5,16.0,14.1,14.5
184.684,37,113.0,1817.0,49.0,22.0,21.41,83.5,16.0,14.1,14.5
184.743,37,113.0,1817.0,49.0,22.0,21.41,83.5,16.0,14.1,14.5
184.832,37,113.0,1817.0,49.0,22.0,21.41,83.5,16.0,14.1,14.5
184.893,37,113.0,1817.0,49.0,22.0,21.41,83.5,16.0,14.1,14.5
184.983,37,113.0,1817.0,49.0,22.0,21.41,83.5,16.0,14.1,14.5
185.072,37,113.0,1848.0,49.0,22.0,21.41,83.5,16.0,14.1,14.5
185.163,37,113.0,1848.0,49.0,22.0,21.41,83.5,16.0,14.1,14.5
185.225,37,113.0,1848.0,49.0,22.0,21.41,83.5,16.0,14.1,14.5
185.283,37,113.0,1848.0,49.0,22.0,21.38,83.5,16.0,14.1,14.5
185.372,37,113.0,1848.0,49.0,22.0,21.38,83.5,16.0,14.1,14.5
185.433,37,113.0,1848.0,49.0,22.0,21.38,83.5,16.0,14.1,14.5
185.522,37,113.0,1848.0,49.0,22.0,21.38,83.5,16.0,14.1,14.5
185.584,37,113.0,1848.0,49.0,22.0,21.38,83.5,16.0,14.1,14.5
185.672,37,113.0,1848.0,49.0,22.0,21.38,83.5,16.0,14.1,14.5
185.733,37,113.0,1848.0,49.0,22.0,21.38,83.5,16.0,14.1,14.5
185.822,37,113.0,1845.0,49.0,22.0,21.38,83.5,16.0,14.1,14.5
185.915,37,113.0,1845.0,50.0,22.0,21.38,83.5,16.0,14.1,14.5
185.974,37,113.0,1845.0,50.0,22.0,21.38,83.5,16.0,14.1,14.5
186.034,37,113.0,1845.0,50.0,22.0,21.36,83.5,16.0,14.1,14.5
186.123,37,113.0,1845.0,50.0,22.0,21.36,83.5,16.0,14.1,14.5
186.184,37,113.0,1845.0,50.0,22.0,21.36,83.5,16.0,14.1,14.5
186.272,37,113.0,1845.0,50.0,22.0,21.36,83.5,16.0,14.1,14.5
186.338,37,113.0,1845.0,50.0,22.0,21.36,83.5,16.0,14.1,14.5
186.458,37,113.0,1845.0,50.0,22.0,21.36,83.5,16.0,14.1,14.5
186.543,37,113.0,1845.0,50.0,22.0,21.36,83.5,16.0,14.1,14.5
186.633,37,113.0,1877.0,50.0,22.0,21.36,83.5,16.0,14.1,14.5
186.722,37,113.0,1877.0,50.0,22.0,21.36,83.5,16.0,14.1,14.5
186.783,37,113.0,1877.0,50.0,22.0,21.36,83.5,16.0,14.1,14.5
186.872,37,113.0,1877.0,50.0,22.0,21.74,83.5,16.0,14.1,14.5
186.933,37,113.0,1877.0,50.0,22.0,21.74,83.5,16.0,14.1,14.5
187.023,37,113.0,1877.0,50.0,22.0,21.74,83.5,16.0,14.1,14.5
187.084,37,113.0,1877.0,50.0,22.0,21.74,83.5,16.0,14.1,14.5
187.173,37,113.0,1877.0,50.0,22.0,21.74,83.5,16.0,14.1,14.5
187.234,37,113.0,1877.0,50.0,22.0,21.74,83.5,16.0,14.1,14.5
187.323,37,113.0,1877.0,50.0,22.0,21.74,83.5,16.0,14.1,14.5
187.385,37,113.0,1889.0,50.0,22.0,21.74,83.5,16.0,14.1,14.5
187.473,37,113.0,1889.0,51.0,22.0,21.74,83.5,16.0,14.1,14.5
187.533,37,113.0,1889.0,51.0,22.0,21.74,83.5,16.0,14.1,14.5
187.622,37,113.0,1889.0,51.0,22.0,21.72,83.5,16.0,14.1,14.5
187.683,37,113.0,1889.0,51.0,22.0,21.72,83.5,16.0,14.1,14.5
187.773,37,113.0,1889.0,51.0,22.0,21.72,83.5,16.0,14.1,14.5
187.834,37,113.0,1889.0,51.0,22.0,21.72,83.5,16.0,14.1,14.5
187.923,37,113.0,1889.0,51.0,22.0,21.72,83.5,16.0,14.1,14.5
187.984,38,113.0,1889.0,51.0,22.0,21.72,83.5,16.0,14.1,14.5
188.073,38,113.0,1889.0,51.0,22.0,21.72,83.5,16.0,14.1,14.5
188.135,38,113.0,1896.0,51.0,22.0,21.72,83.5,16.0,14.1,14.5
188.223,38,113.0,1896.0,51.0,22.0,21.72,83.5,16.0,14.1,14.5
188.284,38,113.0,1896.0,51.0,22.0,21.72,83.5,16.0,14.1,14.5
188.373,38,113.0,1896.0,51.0,22.0,22.08,83.5,16.0,14.1,14.5
188.435,38,113.0,1896.0,51.0,22.0,22.08,83.5,16.0,14.1,14.5
188.522,38,113.0,1896.0,51.0,22.0,22.08,83.5,16.0,14.1,14.5
188.583,38,113.0,1896.0,51.0,22.0,22.08,83.5,16.0,14.1,14.5
188.672,38,113.0,1896.0,51.0,22.0,22.08,83.5,16.0,14.1,14.5
188.734,38,113.0,1896.0,51.0,22.0,22.08,83.5,16.0,14.1,14.5
188.823,38,113.0,1896.0,51.0,22.0,22.08,83.5,16.0,14.1,14.5
188.884,38,113.0,1906.0,51.0,22.0,22.08,83.5,16.0,14.1,14.5
188.973,38,113.0,1906.0,51.0,22.0,22.08,83.5,16.0,14.1,14.5
189.035,38,113.0,1906.0,51.0,22.0,22.08,83.5,16.0,14.1,14.5
189.123,38,113.0,1906.0,51.0,22.0,22.27,83.5,16.0,14.1,14.5
189.185,38,113.0,1906.0,51.0,22.0,22.27,83.5,16.0,14.1,14.5
189.274,38,113.0,1906.0,51.0,22.0,22.27,83.5,16.0,14.1,14.5
189.334,38,113.0,1906.0,51.0,22.0,22.27,83.5,16.0,14.1,14.5
189.422,38,113.0,1906.0,51.0,22.0,22.27,83.5,16.0,14.1,14.5
189.483,38,113.0,1906.0,51.0,22.0,22.27,83.5,16.0,14.1,14.5
189.573,38,112.0,1906.0,51.0,22.0,22.27,83.5,16.0,14.1,14.5
189.633,38,112.0,1918.0,51.0,22.0,22.27,83.5,16.0,14.1,14.5
189.722,38,112.0,1918.0,52.0,22.0,22.27,83.5,16.0,14.1,14.5
189.785,38,112.0,1918.0,52.0,22.0,22.27,83.5,16.0,14.1,14.5
189.874,38,112.0,1918.0,52.0,22.0,22.11,83.5,16.0,14.1,14.5
189.934,38,112.0,1918.0,52.0,22.0,22.11,83.5,16.0,14.1,14.5
190.023,38,112.0,1918.0,52.0,22.0,22.11,83.5,16.0,14.1,14.5
190.083,38,112.0,1918.0,52.0,22.0,22.11,83.5,16.0,14.1,14.5
190.172,38,112.0,1918.0,52.0,22.0,22.11,83.5,16.0,14.1,14.5
190.234,38,112.0,1918.0,52.0,22.0,22.11,83.5,16.0,14.1,14.5
190.323,38,113.0,1918.0,52.0,22.0,22.11,83.5,16.0,14.1,14.5
190.384,38,113.0,1922.0,52.0,22.0,22.11,83.5,16.0,14.1,14.5
190.472,38,113.0,1922.0,52.0,22.0,22.11,83.5,16.0,14.1,14.5
190.533,38,113.0,1922.0,52.0,22.0,22.11,83.5,16.0,14.1,14.5
190.622,38,113.0,1922.0,52.0,22.0,22.38,83.5,16.0,14.1,14.5
190.683,38,113.0,1922.0,52.0,22.0,22.38,83.5,16.0,14.1,14.5
190.773,38,113.0,1922.0,52.0,22.0,22.38,83.5,16.0,14.1,14.5
190.833,38,113.0,1922.0,52.0,22.0,22.38,83.5,16.0,14.1,14.5
190.923,38,113.0,1922.0,52.0,22.0,22.38,83.5,16.0,14.1,14.5
190.985,38,113.0,1922.0,52.0,22.0,22.38,83.5,16.0,14.1,14.5
191.072,38,112.0,1922.0,52.0,22.0,22.38,83.5,16.0,14.1,14.5
191.135,38,112.0,1940.0,52.0,22.0,22.38,83.5,16.0,14.1,14.5
191.223,38,112.0,1940.0,52.0,22.0,22.38,83.5,16.0,14.1,14.5
191.284,38,112.0,1940.0,52.0,22.0,22.38,83.5,16.0,14.1,14.5
191.373,38,112.0,1940.0,52.0,22.0,22.69,83.5,16.0,14.1,14.5
191.433,38,112.0,1940.0,52.0,22.0,22.69,83.5,16.0,14.1,14.5
191.523,38,112.0,1940.0,52.0,22.0,22.69,83.5,16.0,14.1,14.5
191.583,38,112.0,1940.0,52.0,22.0,22.69,83.5,16.0,14.1,14.5
191.673,38,112.0,1940.0,52.0,22.0,22.69,83.5,16.0,14.1,14.5
191.733,38,112.0,1940.0,52.0,22.0,22.69,83.5,16.0,14.1,14.5
191.822,38,112.0,1940.0,52.0,22.0,22.69,83.5,16.0,14.1,14.5
191.883,38,112.0,1945.0,52.0,22.0,22.69,83.5,16.0,14.1,14.5
191.972,38,112.0,1945.0,52.0,22.0,22.69,83.5,16.0,14.1,14.5
192.033,38,112.0,1945.0,52.0,22.0,22.69,83.5,16.0,14.1,14.5
192.123,38,112.0,1945.0,52.0,22.0,22.58,83.5,16.0,14.1,14.5
192.187,38,112.0,1945.0,52.0,22.0,22.58,83.5,16.0,14.1,14.5
192.273,38,112.0,1945.0,52.0,22.0,22.58,83.5,16.0,14.1,14.5
192.334,38,112.0,1945.0,52.0,22.0,22.58,83.5,16.0,14.1,14.5
192.425,38,112.0,1945.0,52.0,22.0,22.58,83.5,16.0,14.1,14.5
192.483,38,112.0,1945.0,52.0,22.0,22.58,83.5,16.0,14.1,14.5
192.573,38,112.0,1945.0,52.0,22.0,22.58,83.5,16.0,14.1,14.5
192.633,38,112.0,1954.0,52.0,22.0,22.58,83.5,16.0,14.1,14.5
192.723,38,112.0,1954.0,53.0,22.0,22.58,83.5,16.0,14.1,14.5
192.784,38,112.0,1954.0,53.0,22.0,22.58,83.5,16.0,14.1,14.5
192.874,38,112.0,1954.0,53.0,22.0,22.63,83.5,16.0,14.1,14.5
192.933,38,112.0,1954.0,53.0,22.0,22.63,83.5,16.0,14.1,14.5
193.023,38,112.0,1954.0,53.0,22.0,22.63,83.5,16.0,14.1,14.5
193.084,38,112.0,1954.0,53.0,22.0,22.63,83.5,16.0,14.1,14.5
193.173,38,112.0,1954.0,53.0,22.0,22.63,83.5,16.0,14.1,14.5
193.234,38,112.0,1954.0,53.0,22.0,22.63,83.5,16.0,14.1,14.5
193.323,38,112.0,1954.0,53.0,22.0,22.63,83.5,16.0,14.1,14.5
193.384,38,112.0,1966.0,53.0,22.0,22.63,83.5,16.0,14.1,14.5
193.472,38,112.0,1966.0,53.0,22.0,22.63,83.5,16.0,14.1,14.5
193.534,38,112.0,1966.0,53.0,22.0,22.63,83.5,16.0,14.1,14.5
193.622,38,112.0,1966.0,53.0,22.0,22.8,83.5,16.0,14.1,14.5
193.683,38,112.0,1966.0,53.0,22.0,22.8,83.5,16.0,14.1,14.5
193.772,38,112.0,1966.0,53.0,22.0,22.8,83.5,16.0,14.1,14.5
193.834,38,112.0,1966.0,53.0,22.0,22.8,83.5,16.0,14.1,14.5
193.923,38,112.0,1966.0,53.0,22.0,22.8,83.5,16.0,14.1,14.5
193.984,38,112.0,1966.0,53.0,22.0,22.8,83.5,16.0,14.1,14.5
194.074,38,112.0,1966.0,53.0,22.0,22.8,83.5,16.0,14.1,14.5
194.135,38,112.0,1986.0,53.0,22.0,22.8,83.5,16.0,14.1,14.5
194.223,38,112.0,1986.0,54.0,22.0,22.8,83.5,16.0,14.1,14.5
194.286,38,112.0,1986.0,54.0,22.0,22.8,83.5,16.0,14.1,14.5
194.375,38,112.0,1986.0,54.0,22.0,23.24,83.5,16.0,14.1,14.5
194.436,38,112.0,1986.0,54.0,22.0,23.24,83.5,16.0,14.1,14.5
194.522,38,112.0,1986.0,54.0,22.0,23.24,83.5,16.0,14.1,14.5
194.584,38,112.0,1986.0,54.0,22.0,23.24,83.5,16.0,14.1,14.5
194.673,38,112.0,1986.0,54.0,22.0,23.24,83.5,16.0,14.1,14.5
194.734,38,112.0,1986.0,54.0,22.0,23.24,83.5,16.0,14.1,14.5
194.823,38,112.0,1986.0,54.0,22.0,23.24,83.5,16.0,14.1,14.5
194.885,38,112.0,1990.0,54.0,22.0,23.24,83.5,16.0,14.1,14.5
194.973,38,112.0,1990.0,53.0,22.0,23.24,83.5,16.0,14.1,14.5
195.035,38,112.0,1990.0,53.0,22.0,23.24,83.5,16.0,14.1,14.5
195.123,38,112.0,1990.0,53.0,22.0,23.02,83.5,16.0,14.1,14.5
195.185,38,112.0,1990.0,53.0,22.0,23.02,83.5,16.0,14.1,14.5
195.273,38,112.0,1990.0,53.0,22.0,23.02,83.5,16.0,14.1,14.5
195.336,38,112.0,1990.0,53.0,22.0,23.02,83.5,16.0,14.1,14.5
195.426,38,112.0,1990.0,53.0,22.0,23.02,83.5,16.0,14.1,14.5
195.514,38,112.0,1990.0,53.0,22.0,23.02,83.5,16.0,14.1,14.5
195.573,38,112.0,1990.0,53.0,22.0,23.02,83.5,16.0,14.1,14.5
195.633,38,112.0,2007.0,53.0,22.0,23.02,83.5,16.0,14.1,14.5
195.723,38,112.0,2007.0,54.0,22.0,23.02,83.5,16.0,14.1,14.5
195.783,38,112.0,2007.0,54.0,22.0,23.02,83.5,16.0,14.1,14.5
195.873,38,112.0,2007.0,54.0,22.0,23.33,83.5,16.0,14.1,14.5
195.935,38,112.0,2007.0,54.0,22.0,23.33,83.5,16.0,14.1,14.5
196.023,38,112.0,2007.0,54.0,22.0,23.33,83.5,16.0,14.1,14.5
196.084,38,112.0,2007.0,54.0,22.0,23.33,83.5,16.0,14.1,14.5
196.172,38,112.0,2007.0,54.0,22.0,23.33,83.5,16.0,14.1,14.5
196.234,38,112.0,2007.0,54.0,22.0,23.33,83.5,16.0,14.1,14.5
196.325,38,112.0,2007.0,54.0,22.0,23.33,83.5,16.0,14.1,14.5
196.385,38,112.0,2019.0,54.0,22.0,23.33,83.5,16.0,14.1,14.5
196.472,38,112.0,2019.0,54.0,22.0,23.33,83.5,16.0,14.1,14.5
196.533,38,112.0,2019.0,54.0,22.0,23.33,83.5,16.0,14.1,14.5
196.623,38,112.0,2019.0,54.0,22.0,23.58,83.5,16.0,14.1,14.5
196.684,38,112.0,2019.0,54.0,22.0,23.58,83.5,16.0,14.1,14.5
196.773,38,112.0,2019.0,54.0,22.0,23.58,83.5,16.0,14.1,14.5
196.841,38,112.0,2019.0,54.0,22.0,23.58,83.5,16.0,14.1,14.5
196.923,38,112.0,2019.0,54.0,22.0,23.58,83.5,16.0,14.1,14.5
196.984,38,112.0,2019.0,54.0,22.0,23.58,83.5,16.0,14.1,14.5
197.072,38,112.0,2019.0,54.0,22.0,23.58,83.5,16.0,14.1,14.5
197.134,38,112.0,2036.0,54.0,22.0,23.58,83.5,16.0,14.1,14.5
197.223,38,112.0,2036.0,55.0,22.0,23.58,83.5,16.0,14.1,14.5
197.285,38,112.0,2036.0,55.0,22.0,23.58,83.5,16.0,14.1,14.5
197.373,38,112.0,2036.0,55.0,22.0,23.33,83.5,16.0,14.1,14.5
197.436,38,112.0,2036.0,55.0,22.0,23.33,83.5,16.0,14.1,14.5
197.522,38,112.0,2036.0,55.0,22.0,23.33,83.5,16.0,14.1,14.5
197.583,38,112.0,2036.0,55.0,22.0,23.33,83.5,16.0,14.1,14.5
197.673,38,112.0,2036.0,55.0,22.0,23.33,83.5,16.0,14.1,14.5
197.735,38,112.0,2036.0,55.0,22.0,23.33,83.5,16.0,14.1,14.5
197.823,38,112.0,2036.0,55.0,22.0,23.33,83.5,16.0,14.1,14.5
197.887,38,112.0,2041.0,55.0,22.0,23.33,83.5,16.0,14.1,14.5
197.974,38,112.0,2041.0,55.0,22.0,23.33,83.5,16.0,14.1,14.5
198.035,38,112.0,2041.0,55.0,22.0,23.33,83.5,16.0,14.1,14.5
198.123,38,112.0,2041.0,55.0,22.0,23.8,83.5,16.0,14.1,14.5
198.185,38,112.0,2041.0,55.0,22.0,23.8,83.5,16.0,14.1,14.5
198.273,38,112.0,2041.0,55.0,22.0,23.8,83.5,16.0,14.1,14.5
198.336,38,112.0,2041.0,55.0,22.0,23.8,83.5,16.0,14.1,14.5
198.422,38,112.0,2041.0,55.0,22.0,23.8,83.5,16.0,14.1,14.5
198.483,38,112.0,2041.0,55.0,22.0,23.8,83.5,16.0,14.1,14.5
198.573,38,112.0,2041.0,55.0,22.0,23.8,83.5,16.0,14.1,14.5
198.633,38,112.0,2044.0,55.0,22.0,23.8,83.5,16.0,14.1,14.5
198.723,38,112.0,2044.0,56.0,22.0,23.8,83.5,16.0,14.1,14.5
198.783,38,112.0,2044.0,56.0,22.0,23.8,83.5,16.0,14.1,14.5
198.873,38,112.0,2044.0,56.0,22.0,24.44,83.5,16.0,14.1,14.5
198.934,38,112.0,2044.0,56.0,22.0,24.44,83.5,16.0,14.1,14.5
199.023,38,112.0,2044.0,56.0,22.0,24.44,83.5,16.0,14.1,14.5
199.084,38,112.0,2044.0,56.0,22.0,24.44,83.5,16.0,14.1,14.5
199.173,38,112.0,2044.0,56.0,22.0,24.44,83.5,16.0,14.1,14.5
199.234,39,112.0,2044.0,56.0,22.0,24.44,83.5,16.0,14.1,14.5
199.323,39,112.0,2044.0,56.0,22.0,24.44,83.5,16.0,14.1,14.5
199.384,39,112.0,2054.0,56.0,22.0,24.44,83.5,16.0,14.1,14.5
199.472,39,112.0,2054.0,55.0,22.0,24.44,83.5,16.0,14.1,14.5
199.533,39,112.0,2054.0,55.0,22.0,24.44,83.5,16.0,14.1,14.5
199.623,39,112.0,2054.0,55.0,22.0,23.94,83.5,16.0,14.1,14.5
199.685,39,112.0,2054.0,55.0,22.0,23.94,83.5,16.0,14.1,14.5
199.773,39,112.0,2054.0,55.0,22.0,23.94,83.5,16.0,14.1,14.5
199.834,39,112.0,2054.0,55.0,22.0,23.94,83.5,16.0,14.5,14.5
199.924,39,112.0,2054.0,55.0,22.0,23.94,83.5,16.0,14.5,14.5
199.984,39,112.0,2054.0,55.0,22.0,23.94,83.5,16.0,14.5,14.5
200.072,39,112.0,2054.0,55.0,22.0,23.94,83.5,16.0,14.5,14.5
200.143,39,112.0,2061.0,55.0,22.0,23.94,83.5,16.0,14.5,14.5
200.223,39,112.0,2061.0,56.0,22.0,23.94,83.5,16.0,14.5,14.5
200.284,39,112.0,2061.0,56.0,22.0,23.94,83.5,16.0,14.5,14.5
200.373,39,112.0,2061.0,56.0,22.0,24.49,83.5,16.0,14.5,14.5
200.435,39,112.0,2061.0,56.0,22.0,24.49,83.5,16.0,14.5,14.5
200.522,39,112.0,2061.0,56.0,22.0,24.49,83.5,16.0,14.5,14.5
200.583,39,112.0,2061.0,56.0,22.0,24.49,83.5,16.0,14.1,14.5
200.673,39,112.0,2061.0,56.0,22.0,24.49,83.5,16.0,14.1,14.5
200.733,39,112.0,2061.0,56.0,22.0,24.49,83.5,16.0,14.1,14.5
200.823,39,112.0,2061.0,56.0,22.0,24.49,83.5,16.0,14.1,14.5
200.884,39,112.0,2076.0,56.0,22.0,24.49,83.5,16.0,14.1,14.5
200.972,39,112.0,2076.0,56.0,22.0,24.49,83.5,16.0,14.1,14.5
201.035,39,112.0,2076.0,56.0,22.0,24.49,83.5,16.0,14.1,14.5
201.123,39,112.0,2076.0,56.0,22.0,24.77,83.5,16.0,14.1,14.5
201.184,39,112.0,2076.0,56.0,22.0,24.77,83.5,16.0,14.1,14.5
201.272,39,112.0,2076.0,56.0,22.0,24.77,83.5,16.0,14.1,14.5
201.337,39,112.0,2076.0,56.0,22.0,24.77,83.5,16.0,14.1,14.5
201.423,39,112.0,2076.0,56.0,22.0,24.77,83.5,16.0,14.1,14.5
201.483,39,112.0,2076.0,56.0,22.0,24.77,83.5,16.0,14.1,14.5
201.573,39,112.0,2076.0,56.0,22.0,24.77,83.5,16.0,14.1,14.5
201.634,39,112.0,2071.0,56.0,22.0,24.77,83.5,16.0,14.1,14.5
201.723,39,112.0,2071.0,56.0,22.0,24.77,83.5,16.0,14.1,14.5
201.785,39,112.0,2071.0,56.0,22.0,24.77,83.5,16.0,14.1,14.5
201.872,39,112.0,2071.0,56.0,22.0,22.33,83.5,16.0,14.1,14.5
201.935,39,112.0,2071.0,56.0,22.0,22.33,83.5,16.0,14.1,14.5
202.023,39,112.0,2071.0,56.0,22.0,22.33,83.5,16.0,14.1,14.5
202.084,39,112.0,2071.0,56.0,22.0,22.33,83.5,16.0,14.1,14.5
202.173,39,112.0,2071.0,56.0,22.0,22.33,83.5,16.0,14.1,14.5
202.234,39,112.0,2071.0,56.0,22.0,22.33,83.5,16.0,14.1,14.5
202.323,39,113.0,2071.0,56.0,22.0,22.33,83.5,16.0,14.1,14.5
202.385,39,113.0,1036.0,56.0,22.0,22.33,83.5,16.0,14.1,14.5
202.472,39,113.0,1036.0,52.0,22.0,22.33,83.5,16.0,14.1,14.5
202.533,39,113.0,1036.0,52.0,22.0,22.33,83.5,16.0,14.1,14.5
202.623,39,113.0,1036.0,52.0,22.0,8.74,83.5,16.0,14.1,14.5
202.684,39,113.0,1036.0,52.0,22.0,8.74,83.5,16.0,14.1,14.5
202.772,39,113.0,1036.0,52.0,22.0,8.74,83.5,16.0,14.1,14.5
202.834,39,113.0,1036.0,52.0,22.0,8.74,83.5,16.0,14.1,14.5
202.923,39,113.0,1036.0,52.0,22.0,8.74,83.5,16.0,14.1,14.5
202.984,39,113.0,1036.0,52.0,22.0,8.74,83.5,16.0,14.1,14.5
203.074,39,107.0,1036.0,52.0,22.0,8.74,83.5,16.0,14.1,14.5
203.134,39,107.0,922.0,52.0,22.0,8.74,83.5,16.0,14.1,14.5
203.223,39,107.0,922.0,51.0,22.0,8.74,83.5,16.0,14.1,14.5
203.284,39,107.0,922.0,51.0,18.0,8.74,83.5,16.0,14.1,14.5
203.375,39,107.0,922.0,51.0,18.0,11.61,83.5,16.0,14.1,14.5
203.442,39,107.0,922.0,51.0,18.0,11.61,83.5,16.0,14.1,14.5
203.523,39,107.0,922.0,51.0,18.0,11.61,83.5,16.0,14.1,14.5
203.584,39,107.0,922.0,51.0,18.0,11.61,83.5,16.0,14.1,14.5
203.672,39,107.0,922.0,51.0,18.0,11.61,83.5,16.0,14.1,14.5
203.734,39,107.0,922.0,51.0,18.0,11.61,83.5,16.0,14.1,14.5
203.825,39,103.0,922.0,51.0,18.0,11.61,83.5,16.0,14.1,14.5
203.885,39,103.0,1631.0,51.0,18.0,11.61,83.5,16.0,14.1,14.5
203.972,39,103.0,1631.0,46.0,18.0,11.61,83.5,16.0,14.1,14.5
204.034,39,103.0,1631.0,46.0,18.0,11.61,83.5,16.0,14.1,14.5
204.123,39,103.0,1631.0,46.0,18.0,19.8,83.5,16.0,14.1,14.5
204.183,39,103.0,1631.0,46.0,18.0,19.8,83.5,16.0,14.1,14.5
204.273,39,103.0,1631.0,46.0,18.0,19.8,83.5,16.0,14.1,14.5
204.335,39,103.0,1631.0,46.0,18.0,19.8,83.5,16.0,14.1,14.5
204.425,39,103.0,1631.0,46.0,18.0,19.8,83.5,16.0,14.1,14.5
204.483,39,103.0,1631.0,46.0,18.0,19.8,83.5,16.0,14.1,14.5
204.572,39,106.0,1631.0,46.0,18.0,19.8,83.5,16.0,14.1,14.5
204.633,39,106.0,2551.0,46.0,18.0,19.8,83.5,16.0,14.1,14.5
204.723,39,106.0,2551.0,43.0,18.0,19.8,83.5,16.0,14.1,14.5
204.785,39,106.0,2551.0,43.0,21.0,19.8,83.5,16.0,14.1,14.5
204.874,39,106.0,2551.0,43.0,21.0,37.11,83.5,16.0,14.1,14.5
204.935,39,106.0,2551.0,43.0,21.0,37.11,83.5,16.0,14.1,14.5
205.024,39,106.0,2551.0,43.0,21.0,37.11,83.5,16.0,14.1,14.5
205.084,39,106.0,2551.0,43.0,21.0,37.11,83.5,16.0,14.1,14.5
205.173,39,106.0,2551.0,43.0,21.0,37.11,83.5,16.0,14.1,14.5
205.235,39,106.0,2551.0,43.0,21.0,37.11,83.5,16.0,14.1,14.5
205.325,39,116.0,2551.0,43.0,21.0,37.11,83.5,16.0,14.1,14.5
205.384,39,116.0,2418.0,43.0,21.0,37.11,83.5,16.0,14.1,14.5
205.472,39,116.0,2418.0,42.0,21.0,37.11,83.5,16.0,14.1,14.5
205.533,39,116.0,2418.0,42.0,24.0,37.11,83.5,16.0,14.1,14.5
205.623,39,116.0,2418.0,42.0,24.0,33.83,83.5,16.0,14.1,14.5
205.685,39,116.0,2418.0,42.0,24.0,33.83,83.5,16.0,14.1,14.5
205.773,39,116.0,2418.0,42.0,24.0,33.83,83.5,16.0,14.1,14.5
205.836,39,116.0,2418.0,42.0,24.0,33.83,83.5,16.0,14.1,14.5
205.924,39,116.0,2418.0,42.0,24.0,33.83,83.5,16.0,14.1,14.5
205.984,39,116.0,2418.0,42.0,24.0,33.83,83.5,16.0,14.1,14.5
206.073,39,117.0,2418.0,42.0,24.0,33.83,83.5,16.0,14.1,14.5
206.135,39,117.0,2327.0,42.0,24.0,33.83,83.5,16.0,14.1,14.5
206.223,39,117.0,2327.0,40.0,24.0,33.83,83.5,16.0,14.1,14.5
206.285,39,117.0,2327.0,40.0,24.0,33.83,83.5,16.0,14.1,14.5
206.373,39,117.0,2327.0,40.0,24.0,31.02,83.5,16.0,14.1,14.5
206.436,39,117.0,2327.0,40.0,24.0,31.02,83.5,16.0,14.1,14.5
206.522,39,117.0,2327.0,40.0,24.0,31.02,83.5,16.0,14.1,14.5
206.613,39,117.0,2327.0,40.0,24.0,31.02,83.5,16.0,14.1,14.5
206.703,39,117.0,2327.0,40.0,24.0,31.02,83.5,16.0,14.1,14.5
206.793,39,117.0,2327.0,40.0,24.0,31.02,83.5,16.0,14.1,14.5
206.884,39,115.0,2327.0,40.0,24.0,31.02,83.5,16.0,14.1,14.5
206.973,39,115.0,2213.0,40.0,24.0,31.02,83.5,16.0,14.1,14.5
207.063,39,115.0,2213.0,38.0,24.0,31.02,83.5,16.0,14.1,14.5
207.153,39,115.0,2213.0,38.0,24.0,31.02,83.5,16.0,14.1,14.5
207.243,39,115.0,2213.0,38.0,24.0,27.83,83.5,16.0,14.1,14.5
207.332,39,115.0,2213.0,38.0,24.0,27.83,83.5,16.0,14.1,14.5
207.423,39,115.0,2213.0,38.0,24.0,27.83,83.5,16.0,14.1,14.5
207.512,39,115.0,2213.0,38.0,24.0,27.83,83.5,16.0,14.5,14.5
207.603,39,115.0,2213.0,38.0,24.0,27.83,83.5,16.0,14.5,15.3
207.693,39,115.0,2213.0,38.0,24.0,27.83,83.5,16.0,14.5,15.3
207.783,39,114.0,2213.0,38.0,24.0,27.83,83.5,16.0,14.5,15.3
207.874,39,114.0,2193.0,38.0,24.0,27.83,83.5,16.0,14.5,15.3
207.963,39,114.0,2193.0,38.0,24.0,27.83,83.5,16.0,14.5,15.3
208.053,39,114.0,2193.0,38.0,23.0,27.83,83.5,16.0,14.5,15.3
208.143,39,114.0,2193.0,38.0,23.0,27.38,83.5,16.0,14.5,15.3
208.233,39,114.0,2193.0,38.0,23.0,27.38,83.5,16.0,14.5,15.3
208.324,39,114.0,2193.0,38.0,23.0,27.38,83.5,16.0,14.5,15.3
208.414,39,114.0,2193.0,38.0,23.0,27.38,83.5,16.0,25.5,15.3
208.502,39,114.0,2193.0,38.0,23.0,27.38,83.5,16.0,25.5,26.3
208.593,39,114.0,2193.0,38.0,23.0,27.38,83.5,16.0,25.5,26.3
208.683,39,115.0,2193.0,38.0,23.0,27.38,83.5,16.0,25.5,26.3
208.773,39,115.0,2179.0,38.0,23.0,27.38,83.5,16.0,25.5,26.3
208.863,39,115.0,2179.0,37.0,23.0,27.38,83.5,16.0,25.5,26.3
208.953,39,115.0,2179.0,37.0,22.0,27.38,83.5,16.0,25.5,26.3
209.043,39,115.0,2179.0,37.0,22.0,28.97,83.5,16.0,25.5,26.3
209.133,39,115.0,2179.0,37.0,22.0,28.97,83.5,16.0,25.5,26.3
209.223,39,115.0,2179.0,37.0,22.0,28.97,83.5,16.0,25.5,26.3
209.314,39,115.0,2179.0,37.0,22.0,28.97,83.5,16.0,28.2,26.3
209.403,39,115.0,2179.0,37.0,22.0,28.97,83.5,16.0,28.2,28.2
209.492,39,115.0,2179.0,37.0,22.0,28.97,83.5,16.0,28.2,28.2
209.583,39,120.0,2179.0,37.0,22.0,28.97,83.5,16.0,28.2,28.2
209.673,39,120.0,2235.0,37.0,22.0,28.97,83.5,16.0,28.2,28.2
209.763,39,120.0,2235.0,38.0,22.0,28.97,83.5,16.0,28.2,28.2
209.852,39,120.0,2235.0,38.0,23.0,28.97,83.5,16.0,28.2,28.2
209.943,39,120.0,2235.0,38.0,23.0,30.02,83.5,16.0,28.2,28.2
210.033,39,120.0,2235.0,38.0,23.0,30.02,83.5,16.0,28.2,28.2
210.123,39,120.0,2235.0,38.0,23.0,30.02,83.5,16.0,28.2,28.2
210.213,39,120.0,2235.0,38.0,23.0,30.02,83.5,16.0,33.7,28.2
210.303,39,120.0,2235.0,38.0,23.0,30.02,83.5,16.0,33.7,34.5
210.394,39,120.0,2235.0,38.0,23.0,30.02,83.5,16.0,33.7,34.5
210.483,39,107.0,2235.0,38.0,23.0,30.02,83.5,16.0,33.7,34.5
210.574,39,107.0,2360.0,38.0,23.0,30.02,83.5,16.0,33.7,34.5
210.664,39,107.0,2360.0,40.0,23.0,30.02,83.5,16.0,33.7,34.5
210.753,39,107.0,2360.0,40.0,23.0,30.02,83.5,16.0,33.7,34.5
210.843,39,107.0,2360.0,40.0,23.0,37.47,83.5,16.0,33.7,34.5
210.933,39,107.0,2360.0,40.0,23.0,37.47,83.5,16.0,33.7,34.5
211.023,39,107.0,2360.0,40.0,23.0,37.47,83.5,16.0,33.7,34.5
211.113,39,107.0,2360.0,40.0,23.0,37.47,83.5,16.0,14.1,34.5
211.203,39,107.0,2360.0,40.0,23.0,37.47,83.5,16.0,14.1,14.5
211.293,39,107.0,2360.0,40.0,23.0,37.47,83.5,16.0,14.1,14.5
211.385,39,115.0,2360.0,40.0,23.0,37.47,83.5,16.0,14.1,14.5
211.472,39,115.0,1634.0,40.0,23.0,37.47,83.5,16.0,14.1,14.5
211.563,39,115.0,1634.0,43.0,23.0,37.47,83.5,16.0,14.1,14.5
211.653,39,115.0,1634.0,43.0,23.0,37.47,83.5,16.0,14.1,14.5
211.743,39,115.0,1634.0,43.0,23.0,11.33,83.5,16.0,14.1,14.5
211.833,39,115.0,1634.0,43.0,23.0,11.33,83.5,16.0,14.1,14.5
211.922,39,115.0,1634.0,43.0,23.0,11.33,83.5,16.0,14.1,14.5
212.012,39,115.0,1634.0,43.0,23.0,11.33,83.5,16.0,14.1,14.5
212.104,39,115.0,1634.0,43.0,23.0,11.33,83.5,16.0,14.1,14.5
212.193,40,115.0,1634.0,43.0,23.0,11.33,83.5,16.0,14.1,14.5
212.283,40,111.0,1634.0,43.0,23.0,11.33,83.5,16.0,14.1,14.5
212.375,40,111.0,1612.0,43.0,23.0,11.33,83.5,16.0,14.1,14.5
212.462,40,111.0,1612.0,43.0,23.0,11.33,83.5,16.0,14.1,14.5
212.552,40,111.0,1612.0,43.0,19.0,11.33,83.5,16.0,14.1,14.5
212.643,40,111.0,1612.0,43.0,19.0,18.8,83.5,16.0,14.1,14.5
212.734,40,111.0,1612.0,43.0,19.0,18.8,83.5,16.0,14.1,14.5
212.822,40,111.0,1612.0,43.0,19.0,18.8,83.5,16.0,14.1,14.5
212.912,40,111.0,1612.0,43.0,19.0,18.8,83.5,16.0,14.1,14.5
213.002,40,111.0,1612.0,43.0,19.0,18.8,83.5,16.0,14.1,14.5
213.093,40,111.0,1612.0,43.0,19.0,18.8,83.5,16.0,14.1,14.5
213.183,40,111.0,1612.0,43.0,19.0,18.8,83.5,16.0,14.1,14.5
213.274,40,111.0,1618.0,43.0,19.0,18.8,83.5,16.0,14.1,14.5
213.364,40,111.0,1618.0,43.0,19.0,18.8,83.5,16.0,14.1,14.5
213.453,40,111.0,1618.0,43.0,20.0,18.8,83.5,16.0,14.1,14.5
213.542,40,111.0,1618.0,43.0,20.0,17.83,83.5,16.0,14.1,14.5
213.633,40,111.0,1618.0,43.0,20.0,17.83,83.5,16.0,14.1,14.5
213.725,40,111.0,1618.0,43.0,20.0,17.83,83.5,16.0,14.1,14.5
213.813,40,111.0,1618.0,43.0,20.0,17.83,83.5,16.0,14.1,14.5
213.905,40,111.0,1618.0,43.0,20.0,17.83,83.5,16.0,14.1,14.5
213.994,40,111.0,1618.0,43.0,20.0,17.83,83.5,16.0,14.1,14.5
214.083,40,111.0,1618.0,43.0,20.0,17.83,83.5,16.0,14.1,14.5
214.174,40,111.0,1630.0,43.0,20.0,17.83,83.5,16.0,14.1,14.5
214.304,40,111.0,1630.0,44.0,20.0,17.83,83.5,16.0,14.1,14.5
214.383,40,111.0,1630.0,44.0,20.0,17.83,83.5,16.0,14.1,14.5
214.472,40,111.0,1630.0,44.0,20.0,15.08,83.5,16.0,14.1,14.5
214.563,40,111.0,1630.0,44.0,20.0,15.08,83.5,16.0,14.1,14.5
214.653,40,111.0,1630.0,44.0,20.0,15.08,83.5,16.0,14.1,14.5
214.744,40,111.0,1630.0,44.0,20.0,15.08,83.5,16.0,14.1,14.5
214.833,40,111.0,1630.0,44.0,20.0,15.08,83.5,16.0,14.1,14.5
214.923,40,111.0,1630.0,44.0,20.0,15.08,83.5,16.0,14.1,14.5
215.014,40,108.0,1630.0,44.0,20.0,15.08,83.5,16.0,14.1,14.5
215.103,40,108.0,921.0,44.0,20.0,15.08,83.5,16.0,14.1,14.5
215.193,40,108.0,921.0,42.0,20.0,15.08,83.5,16.0,14.1,14.5
215.283,40,108.0,921.0,42.0,20.0,15.08,83.5,16.0,14.1,14.5
215.375,40,108.0,921.0,42.0,20.0,10.33,83.5,16.0,14.1,14.5
215.463,40,108.0,921.0,42.0,20.0,10.33,83.5,16.0,14.1,14.5
215.552,40,108.0,921.0,42.0,20.0,10.33,83.5,16.0,14.1,14.5
215.643,40,108.0,921.0,42.0,20.0,10.33,83.5,16.0,14.1,14.5
215.733,40,108.0,921.0,42.0,20.0,10.33,83.5,16.0,14.1,14.5
215.823,40,108.0,921.0,42.0,20.0,10.33,83.5,16.0,14.1,14.5
215.914,40,104.0,921.0,42.0,20.0,10.33,83.5,16.0,14.1,14.5
216.003,40,104.0,909.0,42.0,20.0,10.33,83.5,16.0,14.1,14.5
216.093,40,104.0,909.0,37.0,20.0,10.33,83.5,16.0,14.1,14.5
216.183,40,104.0,909.0,37.0,17.0,10.33,83.5,16.0,14.1,14.5
216.273,40,104.0,909.0,37.0,17.0,9.55,83.5,16.0,14.1,14.5
216.364,40,104.0,909.0,37.0,17.0,9.55,83.5,16.0,14.1,14.5
216.453,40,104.0,909.0,37.0,17.0,9.55,83.5,16.0,14.1,14.5
216.542,40,104.0,909.0,37.0,17.0,9.55,83.5,16.0,14.1,14.5
216.633,40,104.0,909.0,37.0,17.0,9.55,83.5,16.0,14.1,14.5
216.723,40,104.0,909.0,37.0,17.0,9.55,83.5,16.0,14.1,14.5
216.813,40,103.0,909.0,37.0,17.0,9.55,83.5,16.0,14.1,14.5
216.903,40,103.0,912.0,37.0,17.0,9.55,83.5,16.0,14.1,14.5
216.994,40,103.0,912.0,32.0,17.0,9.55,83.5,16.0,14.1,14.5
217.084,40,103.0,912.0,32.0,17.0,9.55,83.5,16.0,14.1,14.5
217.174,40,103.0,912.0,32.0,17.0,9.52,83.5,16.0,14.1,14.5
217.263,40,103.0,912.0,32.0,17.0,9.52,83.5,16.0,14.1,14.5
217.354,40,103.0,912.0,32.0,17.0,9.52,83.5,16.0,14.1,14.5
217.443,40,103.0,912.0,32.0,17.0,9.52,83.5,16.0,14.1,14.5
217.563,40,103.0,912.0,32.0,17.0,9.52,83.5,16.0,14.1,14.5
217.653,40,103.0,912.0,32.0,17.0,9.52,83.5,16.0,14.1,14.5
217.743,40,102.0,912.0,32.0,17.0,9.52,83.5,16.0,14.1,14.5
217.835,40,102.0,912.0,32.0,17.0,9.52,83.5,16.0,14.1,14.5
217.922,40,102.0,912.0,27.0,17.0,9.52,83.5,16.0,14.1,14.5
218.012,40,102.0,912.0,27.0,17.0,9.52,83.5,16.0,14.1,14.5
218.103,40,102.0,912.0,27.0,17.0,9.3,83.5,16.0,14.1,14.5
218.195,40,102.0,912.0,27.0,17.0,9.3,83.5,16.0,14.1,14.5
218.315,40,102.0,912.0,27.0,17.0,9.3,83.5,16.0,14.1,14.5
218.403,40,102.0,912.0,27.0,17.0,9.3,83.5,16.0,14.1,14.5
218.492,40,102.0,912.0,27.0,17.0,9.3,83.5,16.0,14.1,14.5
218.583,40,102.0,912.0,27.0,17.0,9.3,83.5,16.0,14.1,14.5
218.673,40,102.0,912.0,27.0,17.0,9.3,83.5,16.0,14.1,14.5
218.764,40,102.0,913.0,27.0,17.0,9.3,83.5,16.0,14.1,14.5
218.855,40,102.0,913.0,23.0,17.0,9.3,83.5,16.0,14.1,14.5
218.943,40,102.0,913.0,23.0,17.0,9.3,83.5,16.0,14.1,14.5
219.033,40,102.0,913.0,23.0,17.0,9.19,83.5,16.0,14.1,14.5
219.123,40,102.0,913.0,23.0,17.0,9.19,83.5,16.0,14.1,14.5
219.213,40,102.0,913.0,23.0,17.0,9.19,83.5,16.0,14.1,14.5
219.304,40,102.0,913.0,23.0,17.0,9.19,83.5,16.0,14.1,14.5
219.394,40,102.0,913.0,23.0,17.0,9.19,83.5,16.0,14.1,14.5
219.483,40,102.0,913.0,23.0,17.0,9.19,83.5,16.0,14.1,14.5
219.573,40,102.0,913.0,23.0,17.0,9.19,83.5,16.0,14.1,14.5
219.663,40,102.0,914.0,23.0,17.0,9.19,83.5,16.0,14.1,14.5
219.754,40,102.0,914.0,19.0,17.0,9.19,83.5,16.0,14.1,14.5
219.844,40,102.0,914.0,19.0,17.0,9.19,83.5,16.0,14.1,14.5
219.933,40,102.0,914.0,19.0,17.0,9.33,83.5,16.0,14.1,14.5
220.023,40,102.0,914.0,19.0,17.0,9.33,83.5,16.0,14.1,14.5
220.113,40,102.0,914.0,19.0,17.0,9.33,83.5,16.0,14.1,14.5
220.205,40,102.0,914.0,19.0,17.0,9.33,83.5,16.0,14.1,14.5
220.294,40,102.0,914.0,19.0,17.0,9.33,83.5,16.0,14.1,14.5
220.383,40,102.0,914.0,19.0,17.0,9.33,83.5,16.0,14.1,14.5
220.473,40,102.0,914.0,19.0,17.0,9.33,83.5,16.0,14.1,14.5
220.563,40,102.0,914.0,19.0,17.0,9.33,83.5,16.0,14.1,14.5
220.653,40,102.0,914.0,14.0,17.0,9.33,83.5,16.0,14.1,14.5
220.743,40,102.0,914.0,14.0,18.0,9.33,83.5,16.0,14.1,14.5
220.835,40,102.0,914.0,14.0,18.0,9.16,83.5,16.0,14.1,14.5
220.923,40,102.0,914.0,14.0,18.0,9.16,83.5,16.0,14.1,14.5
221.013,40,102.0,914.0,14.0,18.0,9.16,83.5,16.0,14.1,14.5
221.103,40,102.0,914.0,14.0,18.0,9.16,83.5,16.0,14.1,14.5
221.194,40,102.0,914.0,14.0,18.0,9.16,83.5,16.0,14.1,14.5
221.284,40,102.0,914.0,14.0,18.0,9.16,83.5,16.0,14.1,14.5
221.375,40,102.0,914.0,14.0,18.0,9.16,83.5,16.0,14.1,14.5
221.463,40,102.0,915.0,14.0,18.0,9.16,83.5,16.0,14.1,14.5
221.553,40,102.0,915.0,9.0,18.0,9.16,83.5,16.0,14.1,14.5
221.643,40,102.0,915.0,9.0,18.0,9.16,83.5,16.0,14.1,14.5
221.735,40,102.0,915.0,9.0,18.0,9.38,83.5,16.0,14.1,14.5
221.823,40,102.0,915.0,9.0,18.0,9.38,83.5,16.0,14.1,14.5
221.914,40,102.0,915.0,9.0,18.0,9.38,83.5,16.0,14.1,14.5
222.003,40,102.0,915.0,9.0,18.0,9.38,83.5,16.0,14.1,14.5
222.094,40,102.0,915.0,9.0,18.0,9.38,83.5,16.0,14.1,14.5
222.183,40,102.0,915.0,9.0,18.0,9.38,83.5,16.0,14.1,14.5
222.273,40,102.0,915.0,9.0,18.0,9.38,83.5,16.0,14.1,14.5
222.364,40,102.0,913.0,9.0,18.0,9.38,83.5,16.0,14.1,14.5
222.454,40,102.0,913.0,4.0,18.0,9.38,83.5,16.0,14.1,14.5
222.542,40,102.0,913.0,4.0,18.0,9.38,83.5,16.0,14.1,14.5
222.633,40,102.0,913.0,4.0,18.0,9.33,83.5,16.0,14.1,14.5
222.724,40,102.0,913.0,4.0,18.0,9.33,83.5,16.0,14.1,14.5
222.814,40,102.0,913.0,4.0,18.0,9.33,83.5,16.0,14.1,14.5
222.903,40,102.0,913.0,4.0,18.0,9.33,83.5,16.0,14.1,14.5
222.993,40,102.0,913.0,4.0,18.0,9.33,83.5,16.0,14.1,14.5
223.083,40,102.0,913.0,4.0,18.0,9.33,83.5,16.0,14.1,14.5
223.175,40,102.0,913.0,4.0,18.0,9.33,83.5,16.0,14.1,14.5
223.264,40,102.0,880.0,4.0,18.0,9.33,83.5,16.0,14.1,14.5
223.353,40,102.0,880.0,2.0,18.0,9.33,83.5,16.0,14.1,14.5
223.443,40,102.0,880.0,2.0,18.0,9.33,83.5,16.0,14.1,14.5
223.532,40,102.0,880.0,2.0,18.0,8.69,83.5,16.0,14.1,14.5
223.623,40,102.0,880.0,2.0,18.0,8.69,83.5,16.0,14.1,14.5
223.715,40,102.0,880.0,2.0,18.0,8.69,83.5,16.0,14.1,14.5
223.803,40,102.0,880.0,2.0,18.0,8.69,83.5,16.0,14.1,14.5
223.893,40,102.0,880.0,2.0,18.0,8.69,83.5,16.0,14.1,14.5
223.983,40,102.0,880.0,2.0,18.0,8.69,83.5,16.0,14.1,14.5
224.073,40,101.0,880.0,2.0,18.0,8.69,83.5,16.0,14.1,14.5
224.163,40,101.0,806.0,2.0,18.0,8.69,83.5,16.0,14.1,14.5
224.254,40,101.0,806.0,1.0,18.0,8.69,83.5,16.0,14.1,14.5
224.343,40,101.0,806.0,1.0,18.0,8.69,83.5,16.0,14.1,14.5
224.434,40,101.0,806.0,1.0,18.0,8.38,83.5,16.0,14.1,14.5
224.522,40,101.0,806.0,1.0,18.0,8.38,83.5,16.0,14.1,14.5
224.613,40,101.0,806.0,1.0,18.0,8.38,83.5,16.0,14.1,14.5
224.703,40,101.0,806.0,1.0,18.0,8.38,83.5,16.0,14.1,14.5
224.794,40,101.0,806.0,1.0,18.0,8.38,83.5,16.0,14.1,14.5
224.883,40,101.0,806.0,1.0,18.0,8.38,83.5,16.0,14.1,14.5
224.974,40,101.0,806.0,1.0,18.0,8.38,83.5,16.0,14.1,14.5
225.063,40,101.0,807.0,1.0,18.0,8.38,83.5,16.0,14.1,14.5
225.154,40,101.0,807.0,0.0,18.0,8.38,83.5,16.0,14.1,14.5
225.243,40,101.0,807.0,0.0,17.0,8.38,83.5,16.0,14.1,14.5
225.334,40,101.0,807.0,0.0,17.0,8.41,83.5,16.0,14.1,14.5
225.423,40,101.0,807.0,0.0,17.0,8.41,83.5,16.0,14.1,14.5
225.512,40,101.0,807.0,0.0,17.0,8.41,83.5,16.0,14.1,14.5
225.603,40,101.0,807.0,0.0,17.0,8.41,83.5,16.0,14.1,14.5
225.693,40,101.0,807.0,0.0,17.0,8.41,83.5,16.0,14.1,14.5
225.783,40,101.0,807.0,0.0,17.0,8.41,83.5,16.0,14.1,14.5
225.874,40,101.0,807.0,0.0,17.0,8.41,83.5,16.0,14.1,14.5
225.965,40,101.0,807.0,0.0,17.0,8.41,83.5,16.0,14.1,14.5
226.055,40,101.0,807.0,0.0,17.0,8.41,83.5,16.0,14.1,14.5
226.143,40,101.0,807.0,0.0,17.0,8.41,83.5,16.0,14.1,14.5
226.234,40,101.0,807.0,0.0,17.0,8.41,83.5,16.0,14.1,14.5
226.323,40,101.0,807.0,0.0,17.0,8.41,83.5,16.0,14.1,14.5
226.414,40,101.0,807.0,0.0,17.0,8.41,83.5,17.0,14.1,14.5
226.502,40,101.0,807.0,0.0,17.0,8.41,83.5,17.0,14.1,14.5
226.593,40,101.0,807.0,0.0,17.0,8.41,83.5,17.0,14.1,14.5
226.683,40,101.0,807.0,0.0,17.0,8.41,83.5,17.0,14.1,14.5
226.774,40,100.0,807.0,0.0,17.0,8.41,83.5,17.0,14.1,14.5
226.863,40,100.0,806.0,0.0,17.0,8.41,83.5,17.0,14.1,14.5
226.954,40,100.0,806.0,1.0,17.0,8.41,83.5,17.0,14.1,14.5
227.043,40,100.0,806.0,1.0,17.0,8.41,83.5,17.0,14.1,14.5
227.133,40,100.0,806.0,1.0,17.0,8.08,83.5,17.0,14.1,14.5
227.223,40,100.0,806.0,1.0,17.0,8.08,83.5,17.0,14.1,14.5
227.315,40,100.0,806.0,1.0,17.0,8.08,83.5,17.0,14.1,14.5
227.403,40,100.0,806.0,1.0,17.0,8.08,83.5,17.0,14.1,14.5
227.494,40,100.0,806.0,1.0,17.0,8.08,83.5,17.0,14.1,14.5
227.583,41,100.0,806.0,1.0,17.0,8.08,83.5,17.0,14.1,14.5
227.673,41,100.0,806.0,1.0,17.0,8.08,83.5,17.0,14.1,14.5
227.763,41,100.0,807.0,1.0,17.0,8.08,83.5,17.0,14.1,14.5
227.854,41,100.0,807.0,1.0,17.0,8.08,83.5,17.0,14.1,14.5
227.943,41,100.0,807.0,1.0,17.0,8.08,83.5,17.0,14.1,14.5
228.04,41,100.0,807.0,1.0,17.0,8.08,83.5,17.0,14.1,14.5
228.123,41,100.0,807.0,1.0,17.0,8.08,83.5,17.0,14.1,14.5
228.214,41,100.0,807.0,1.0,17.0,8.08,83.5,17.0,14.1,14.5
228.303,41,100.0,807.0,1.0,17.0,8.08,83.5,17.0,14.1,14.5
228.394,41,100.0,807.0,1.0,17.0,8.08,83.5,17.0,14.1,14.5
228.483,41,100.0,807.0,1.0,17.0,8.08,83.5,17.0,14.1,14.5
228.573,41,100.0,807.0,1.0,17.0,8.08,83.5,17.0,14.1,14.5
228.663,41,100.0,805.0,1.0,17.0,8.08,83.5,17.0,14.1,14.5
228.753,41,100.0,805.0,0.0,17.0,8.08,83.5,17.0,14.1,14.5
228.843,41,100.0,805.0,0.0,17.0,8.08,83.5,17.0,14.1,14.5
228.932,41,100.0,805.0,0.0,17.0,8.08,83.5,17.0,14.1,14.5
229.023,41,100.0,805.0,0.0,17.0,8.08,83.5,17.0,14.1,14.5
229.113,41,100.0,805.0,0.0,17.0,8.08,83.5,17.0,14.1,14.5
229.205,41,100.0,805.0,0.0,17.0,8.08,83.5,17.0,14.1,14.5
229.294,41,100.0,805.0,0.0,17.0,8.08,83.5,17.0,14.1,14.5
229.384,41,100.0,805.0,0.0,17.0,8.08,83.5,17.0,14.1,14.5
229.473,41,100.0,805.0,0.0,17.0,8.08,83.5,17.0,14.1,14.5
229.563,41,100.0,808.0,0.0,17.0,8.08,83.5,17.0,14.1,14.5
229.654,41,100.0,808.0,0.0,17.0,8.08,83.5,17.0,14.1,14.5
229.743,41,100.0,808.0,0.0,17.0,8.08,83.5,17.0,14.1,14.5
229.834,41,100.0,808.0,0.0,17.0,8.22,83.5,17.0,14.1,14.5
229.923,41,100.0,808.0,0.0,17.0,8.22,83.5,17.0,14.1,14.5
230.014,41,100.0,808.0,0.0,17.0,8.22,83.5,17.0,14.1,14.5
230.103,41,100.0,808.0,0.0,17.0,8.22,83.5,17.0,14.1,14.5
230.194,41,100.0,808.0,0.0,17.0,8.22,83.5,17.0,14.1,14.5
230.283,41,100.0,808.0,0.0,17.0,8.22,83.5,17.0,14.1,14.5
230.403,41,100.0,808.0,0.0,17.0,8.22,83.5,17.0,14.1,14.5
230.493,41,100.0,808.0,0.0,17.0,8.22,83.5,17.0,14.1,14.5
230.582,41,100.0,808.0,0.0,17.0,8.22,83.5,17.0,14.1,14.5
230.673,41,100.0,808.0,0.0,18.0,8.22,83.5,17.0,14.1,14.5
230.763,41,100.0,808.0,0.0,18.0,8.08,83.5,17.0,14.1,14.5
230.853,41,100.0,808.0,0.0,18.0,8.08,83.5,17.0,14.1,14.5
230.943,41,100.0,808.0,0.0,18.0,8.08,83.5,17.0,14.1,14.5
231.033,41,100.0,808.0,0.0,18.0,8.08,83.5,17.0,14.1,14.5
231.123,41,100.0,808.0,0.0,18.0,8.08,83.5,17.0,14.1,14.5
231.214,41,100.0,808.0,0.0,18.0,8.08,83.5,17.0,14.1,14.5
231.303,41,100.0,808.0,0.0,18.0,8.08,83.5,17.0,14.1,14.5
231.393,41,100.0,806.0,0.0,18.0,8.08,83.5,17.0,14.1,14.5
231.483,41,100.0,806.0,1.0,18.0,8.08,83.5,17.0,14.1,14.5
231.573,41,100.0,806.0,1.0,18.0,8.08,83.5,17.0,14.1,14.5
231.663,41,100.0,806.0,1.0,18.0,8.05,83.5,17.0,14.1,14.5
231.754,41,100.0,806.0,1.0,18.0,8.05,83.5,17.0,14.1,14.5
231.845,41,100.0,806.0,1.0,18.0,8.05,83.5,17.0,14.1,14.5
231.936,41,100.0,806.0,1.0,18.0,8.05,83.5,17.0,14.1,14.5
232.023,41,100.0,806.0,1.0,18.0,8.05,83.5,17.0,14.1,14.5
232.114,41,100.0,806.0,1.0,18.0,8.05,83.5,17.0,14.1,14.5
232.203,41,100.0,806.0,1.0,18.0,8.05,83.5,17.0,14.1,14.5
232.299,41,100.0,808.0,1.0,18.0,8.05,83.5,17.0,14.1,14.5
232.383,41,100.0,808.0,0.0,18.0,8.05,83.5,17.0,14.1,14.5
232.472,41,100.0,808.0,0.0,18.0,8.05,83.5,17.0,14.1,14.5
232.562,41,100.0,808.0,0.0,18.0,8.22,83.5,17.0,14.1,14.5
232.653,41,100.0,808.0,0.0,18.0,8.22,83.5,17.0,14.1,14.5
232.743,41,100.0,808.0,0.0,18.0,8.22,83.5,17.0,14.1,14.5
232.834,41,100.0,808.0,0.0,18.0,8.22,83.5,17.0,14.1,14.5
232.955,41,100.0,808.0,0.0,18.0,8.22,83.5,17.0,14.1,14.5
233.045,41,100.0,808.0,0.0,18.0,8.22,83.5,17.0,14.1,14.5
233.134,41,100.0,808.0,0.0,18.0,8.22,83.5,17.0,14.1,14.5
233.223,41,100.0,806.0,0.0,18.0,8.22,83.5,17.0,14.1,14.5
233.343,41,100.0,806.0,1.0,18.0,8.22,83.5,17.0,14.1,14.5
233.433,41,100.0,806.0,1.0,18.0,8.22,83.5,17.0,14.1,14.5
233.522,41,100.0,806.0,1.0,18.0,8.38,83.5,17.0,14.1,14.5
233.614,41,100.0,806.0,1.0,18.0,8.38,83.5,17.0,14.1,14.5
233.703,41,100.0,806.0,1.0,18.0,8.38,83.5,17.0,14.1,14.5
233.794,41,100.0,806.0,1.0,18.0,8.38,83.5,17.0,14.1,14.5
233.883,41,100.0,806.0,1.0,18.0,8.38,83.5,17.0,14.1,14.5
233.974,41,100.0,806.0,1.0,18.0,8.38,83.5,17.0,14.1,14.5
234.064,41,100.0,806.0,1.0,18.0,8.38,83.5,17.0,14.1,14.5
234.154,41,100.0,805.0,1.0,18.0,8.38,83.5,17.0,14.1,14.5
234.274,41,100.0,805.0,1.0,18.0,8.38,83.5,17.0,14.1,14.5
234.364,41,100.0,805.0,1.0,18.0,8.38,83.5,17.0,14.1,14.5
234.454,41,100.0,805.0,1.0,18.0,8.27,83.5,17.0,14.1,14.5
234.543,41,100.0,805.0,1.0,18.0,8.27,83.5,17.0,14.1,14.5
234.633,41,100.0,805.0,1.0,18.0,8.27,83.5,17.0,14.1,14.5
234.723,41,100.0,805.0,1.0,18.0,8.27,83.5,17.0,14.1,14.5
234.815,41,100.0,805.0,1.0,18.0,8.27,83.5,17.0,14.1,14.5
234.903,41,100.0,805.0,1.0,18.0,8.27,83.5,17.0,14.1,14.5
234.994,41,100.0,805.0,1.0,18.0,8.27,83.5,17.0,14.1,14.5
235.084,41,100.0,804.0,1.0,18.0,8.27,83.5,17.0,14.1,14.5
235.175,41,100.0,804.0,1.0,18.0,8.27,83.5,17.0,14.1,14.5
235.263,41,100.0,804.0,1.0,19.0,8.27,83.5,17.0,14.1,14.5
235.354,41,100.0,804.0,1.0,19.0,8.58,83.5,17.0,14.1,14.5
235.453,41,100.0,804.0,1.0,19.0,8.58,83.5,17.0,14.1,14.5
235.532,41,100.0,804.0,1.0,19.0,8.58,83.5,17.0,14.1,14.5
235.623,41,100.0,804.0,1.0,19.0,8.58,83.5,17.0,14.1,14.5
235.716,41,100.0,804.0,1.0,19.0,8.58,83.5,17.0,14.1,14.5
235.803,41,100.0,804.0,1.0,19.0,8.58,83.5,17.0,14.1,14.5
235.894,41,100.0,804.0,1.0,19.0,8.58,83.5,17.0,14.1,14.5
235.983,41,100.0,805.0,1.0,19.0,8.58,83.5,17.0,14.1,14.5
236.074,41,100.0,805.0,1.0,19.0,8.58,83.5,17.0,14.1,14.5
236.164,41,100.0,805.0,1.0,19.0,8.58,83.5,17.0,14.1,14.5
236.255,41,100.0,805.0,1.0,19.0,8.22,83.5,17.0,14.1,14.5
236.343,41,100.0,805.0,1.0,19.0,8.22,83.5,17.0,14.1,14.5
236.435,41,100.0,805.0,1.0,19.0,8.22,83.5,17.0,14.1,14.5
236.523,41,100.0,805.0,1.0,19.0,8.22,83.5,17.0,14.1,14.5
236.613,41,100.0,805.0,1.0,19.0,8.22,83.5,17.0,14.1,14.5
236.703,41,100.0,805.0,1.0,19.0,8.22,83.5,17.0,14.1,14.5
236.794,41,100.0,805.0,1.0,19.0,8.22,83.5,17.0,14.1,14.5
236.883,41,100.0,804.0,1.0,19.0,8.22,83.5,17.0,14.1,14.5
236.975,41,100.0,804.0,0.0,19.0,8.22,83.5,17.0,14.1,14.5
237.063,41,100.0,804.0,0.0,19.0,8.22,83.5,17.0,14.1,14.5
237.155,41,100.0,804.0,0.0,19.0,8.3,83.5,17.0,14.1,14.5
237.243,41,100.0,804.0,0.0,19.0,8.3,83.5,17.0,14.1,14.5
237.335,41,100.0,804.0,0.0,19.0,8.3,83.5,17.0,14.1,14.5
237.424,41,100.0,804.0,0.0,19.0,8.3,83.5,17.0,14.1,14.5
237.513,41,100.0,804.0,0.0,19.0,8.3,83.5,17.0,14.1,14.5
237.604,41,100.0,804.0,0.0,19.0,8.3,83.5,17.0,14.1,14.5
237.693,41,100.0,804.0,0.0,19.0,8.3,83.5,17.0,14.1,14.5
237.783,41,100.0,804.0,0.0,19.0,8.3,83.5,17.0,14.1,14.5
237.873,41,100.0,804.0,0.0,19.0,8.3,83.5,17.0,14.1,14.5
237.992,41,100.0,804.0,0.0,19.0,8.3,83.5,17.0,14.1,14.5
238.082,41,100.0,804.0,0.0,19.0,8.3,83.5,17.0,14.1,14.5
238.172,41,100.0,804.0,0.0,19.0,8.3,83.5,17.0,14.1,14.5
238.263,41,100.0,804.0,0.0,19.0,8.3,83.5,17.0,14.1,14.5
238.354,41,100.0,804.0,0.0,19.0,8.3,83.5,17.0,14.1,14.5
238.444,41,100.0,804.0,0.0,19.0,8.3,83.5,17.0,14.1,14.5
238.534,41,100.0,804.0,0.0,19.0,8.3,83.5,17.0,14.1,14.5
238.623,41,100.0,804.0,0.0,19.0,8.3,83.5,17.0,14.1,14.5
238.713,41,100.0,804.0,0.0,19.0,8.3,83.5,17.0,14.1,14.5
238.803,41,100.0,804.0,0.0,19.0,8.3,83.5,17.0,14.1,14.5
238.894,41,100.0,804.0,0.0,19.0,8.3,83.5,17.0,14.1,14.5
238.983,41,100.0,804.0,0.0,19.0,8.19,83.5,17.0,14.1,14.5
239.075,41,100.0,804.0,0.0,19.0,8.19,83.5,17.0,14.1,14.5
239.164,41,100.0,804.0,0.0,19.0,8.19,83.5,17.0,14.1,14.5
239.254,41,100.0,804.0,0.0,19.0,8.19,83.5,17.0,14.1,14.5
239.343,41,100.0,804.0,0.0,19.0,8.19,83.5,17.0,14.1,14.1
239.435,41,100.0,804.0,0.0,19.0,8.19,83.5,17.0,14.1,14.1
239.523,41,100.0,804.0,0.0,19.0,8.19,83.5,17.0,14.1,14.1
239.613,41,100.0,803.0,0.0,19.0,8.19,83.5,17.0,14.1,14.1
239.703,41,100.0,803.0,0.0,19.0,8.19,83.5,17.0,14.1,14.1
239.793,41,100.0,803.0,0.0,19.0,8.19,83.5,17.0,14.1,14.1
239.882,41,100.0,803.0,0.0,19.0,8.3,83.5,17.0,14.1,14.1
239.973,41,100.0,803.0,0.0,19.0,8.3,83.5,17.0,14.1,14.1
240.063,41,100.0,803.0,0.0,19.0,8.3,83.5,17.0,14.1,14.1
240.156,41,100.0,803.0,0.0,19.0,8.3,83.5,17.0,14.1,14.1
240.243,41,100.0,803.0,0.0,19.0,8.3,83.5,17.0,14.1,14.5
240.335,41,100.0,803.0,0.0,19.0,8.3,83.5,17.0,14.1,14.5
240.423,41,100.0,803.0,0.0,19.0,8.3,83.5,17.0,14.1,14.5
240.513,41,100.0,804.0,0.0,19.0,8.3,83.5,17.0,14.1,14.5
240.634,41,100.0,804.0,0.0,19.0,8.3,83.5,17.0,14.1,14.5
240.723,41,100.0,804.0,0.0,19.0,8.3,83.5,17.0,14.1,14.5
240.813,41,100.0,804.0,0.0,19.0,8.13,83.5,17.0,14.1,14.5
240.903,41,100.0,804.0,0.0,19.0,8.13,83.5,17.0,14.1,14.5
240.993,41,100.0,804.0,0.0,19.0,8.13,83.5,17.0,14.1,14.5
241.083,41,100.0,804.0,0.0,19.0,8.13,83.5,17.0,14.1,14.5
241.174,41,100.0,804.0,0.0,19.0,8.13,83.5,17.0,14.1,14.5
241.263,41,100.0,804.0,0.0,19.0,8.13,83.5,17.0,14.1,14.5
241.353,41,100.0,804.0,0.0,19.0,8.13,83.5,17.0,14.1,14.5
241.444,41,100.0,804.0,0.0,19.0,8.13,83.5,17.0,14.1,14.5
241.533,41,100.0,804.0,0.0,19.0,8.13,83.5,17.0,14.1,14.5
241.623,41,100.0,804.0,0.0,19.0,8.13,83.5,17.0,14.1,14.5
241.715,41,100.0,804.0,0.0,19.0,8.24,83.5,17.0,14.1,14.5
241.803,41,100.0,804.0,0.0,19.0,8.24,83.5,17.0,14.1,14.5
241.894,41,100.0,804.0,0.0,19.0,8.24,83.5,17.0,14.1,14.5
241.983,41,100.0,804.0,0.0,19.0,8.24,83.5,17.0,14.1,14.5
242.073,41,100.0,804.0,0.0,19.0,8.24,83.5,17.0,14.1,14.5
242.163,41,100.0,804.0,0.0,19.0,8.24,83.5,17.0,14.1,14.5
242.255,41,100.0,804.0,0.0,19.0,8.24,83.5,17.0,14.1,14.5
242.343,41,100.0,804.0,0.0,19.0,8.24,83.5,17.0,14.1,14.5
242.434,41,100.0,804.0,0.0,19.0,8.24,83.5,17.0,14.1,14.5
242.522,41,100.0,804.0,0.0,19.0,8.24,83.5,17.0,14.1,14.5
242.613,41,100.0,804.0,0.0,19.0,8.24,83.5,17.0,14.1,14.5
242.703,41,100.0,804.0,0.0,19.0,8.24,83.5,17.0,14.1,14.5
242.795,41,100.0,804.0,0.0,19.0,8.24,83.5,17.0,14.1,14.5
242.883,41,100.0,804.0,0.0,19.0,8.24,83.5,17.0,14.1,14.5
243.003,41,100.0,804.0,0.0,19.0,8.24,83.5,17.0,14.1,14.5
243.094,41,100.0,804.0,0.0,19.0,8.24,83.5,17.0,14.1,14.5
243.185,41,100.0,804.0,0.0,19.0,8.24,83.5,17.0,14.1,14.5
243.274,41,100.0,804.0,0.0,19.0,8.24,83.5,17.0,14.1,14.5
243.364,41,100.0,804.0,0.0,19.0,8.24,83.5,17.0,14.1,14.5
243.455,41,100.0,804.0,0.0,19.0,8.24,83.5,17.0,14.1,14.5
243.543,41,100.0,804.0,0.0,19.0,8.27,83.5,17.0,14.1,14.5
243.633,41,100.0,804.0,0.0,19.0,8.27,83.5,17.0,14.1,14.5
243.723,41,100.0,804.0,0.0,19.0,8.27,83.5,17.0,14.1,14.5
243.814,41,100.0,804.0,0.0,19.0,8.27,83.5,17.0,14.1,14.5
243.904,41,100.0,804.0,0.0,19.0,8.27,83.5,17.0,14.1,14.5
243.994,41,100.0,804.0,0.0,19.0,8.27,83.5,17.0,14.1,14.5
244.083,41,100.0,804.0,0.0,19.0,8.27,83.5,17.0,14.1,14.5
244.174,41,100.0,804.0,0.0,19.0,8.27,83.5,17.0,14.1,14.5
244.263,41,100.0,804.0,0.0,19.0,8.27,83.5,17.0,14.1,14.5
244.353,41,100.0,804.0,0.0,19.0,8.27,83.5,17.0,14.1,14.5
244.443,41,100.0,804.0,0.0,19.0,8.33,83.5,17.0,14.1,14.5
244.533,41,100.0,804.0,0.0,19.0,8.33,83.5,17.0,14.1,14.5
244.623,41,100.0,804.0,0.0,19.0,8.33,83.5,17.0,14.1,14.5
244.714,41,100.0,804.0,0.0,19.0,8.33,83.5,17.0,14.1,14.5
244.804,41,100.0,804.0,0.0,19.0,8.33,83.5,17.0,14.1,14.5
244.894,41,100.0,804.0,0.0,19.0,8.33,83.5,17.0,14.1,14.5
244.983,41,100.0,804.0,0.0,19.0,8.33,83.5,17.0,14.1,14.5
245.074,41,100.0,804.0,0.0,19.0,8.33,83.5,17.0,14.1,14.5
245.163,41,100.0,804.0,0.0,19.0,8.33,83.5,17.0,14.1,14.5
245.255,41,100.0,804.0,0.0,19.0,8.33,83.5,17.0,14.1,14.5
245.344,41,100.0,804.0,0.0,19.0,8.22,83.5,17.0,14.1,14.5
245.434,41,100.0,804.0,0.0,19.0,8.22,83.5,17.0,14.1,14.5
245.523,41,100.0,804.0,0.0,19.0,8.22,83.5,17.0,14.1,14.5
245.613,41,100.0,804.0,0.0,19.0,8.22,83.5,17.0,14.1,14.5
245.703,41,100.0,804.0,0.0,19.0,8.22,83.5,17.0,14.1,14.5
245.794,41,100.0,804.0,0.0,19.0,8.22,83.5,17.0,14.1,14.5
245.883,41,100.0,804.0,0.0,19.0,8.22,83.5,17.0,14.1,14.5
245.974,41,100.0,803.0,0.0,19.0,8.22,83.5,17.0,14.1,14.5
246.063,41,100.0,803.0,0.0,19.0,8.22,83.5,17.0,14.1,14.5
246.153,41,100.0,803.0,0.0,19.0,8.22,83.5,17.0,14.1,14.5
246.244,41,100.0,803.0,0.0,19.0,8.16,83.5,17.0,14.1,14.5
246.333,41,100.0,803.0,0.0,19.0,8.16,83.5,17.0,14.1,14.5
246.424,41,100.0,803.0,0.0,19.0,8.16,83.5,17.0,14.1,14.5
246.513,41,100.0,803.0,0.0,19.0,8.16,83.5,17.0,14.1,14.5
246.603,41,100.0,803.0,0.0,19.0,8.16,83.5,17.0,14.1,14.5
246.693,41,100.0,803.0,0.0,19.0,8.16,83.5,17.0,14.1,14.5
246.783,41,100.0,803.0,0.0,19.0,8.16,83.5,17.0,14.1,14.5
246.873,41,100.0,801.0,0.0,19.0,8.16,83.5,17.0,14.1,14.5
246.963,41,100.0,801.0,0.0,19.0,8.16,83.5,17.0,14.1,14.5
247.054,41,100.0,801.0,0.0,19.0,8.16,83.5,17.0,14.1,14.5
247.152,41,100.0,801.0,0.0,19.0,7.91,83.5,17.0,14.1,14.5
247.233,41,100.0,801.0,0.0,19.0,7.91,83.5,17.0,14.1,14.5
247.323,41,100.0,801.0,0.0,19.0,7.91,83.5,17.0,14.1,14.5
247.414,41,100.0,801.0,0.0,19.0,7.91,83.5,17.0,14.1,14.5
247.503,41,100.0,801.0,0.0,19.0,7.91,83.5,17.0,14.1,14.5
247.593,41,100.0,801.0,0.0,19.0,7.91,83.5,17.0,14.1,14.5
247.683,41,100.0,801.0,0.0,19.0,7.91,83.5,17.0,14.1,14.5
247.774,41,100.0,803.0,0.0,19.0,7.91,83.5,17.0,14.1,14.5
247.864,41,100.0,803.0,0.0,19.0,7.91,83.5,17.0,14.1,14.5
247.983,41,100.0,803.0,0.0,19.0,7.91,83.5,17.0,14.1,14.5
248.076,41,100.0,803.0,0.0,19.0,8.08,83.5,17.0,14.1,14.5
248.168,41,100.0,803.0,0.0,19.0,8.08,83.5,17.0,14.1,14.5
248.254,41,100.0,803.0,0.0,19.0,8.08,83.5,17.0,14.1,14.5
248.343,41,100.0,803.0,0.0,19.0,8.08,83.5,17.0,14.1,14.5
248.435,41,100.0,803.0,0.0,19.0,8.08,83.5,17.0,14.1,14.5
248.523,42,100.0,803.0,0.0,19.0,8.08,83.5,17.0,14.1,14.5
248.613,42,100.0,803.0,0.0,19.0,8.08,83.5,17.0,14.1,14.5
248.703,42,100.0,802.0,0.0,19.0,8.08,83.5,17.0,14.1,14.5
248.794,42,100.0,802.0,0.0,19.0,8.08,83.5,17.0,14.1,14.5
248.883,42,100.0,802.0,0.0,19.0,8.08,83.5,17.0,14.1,14.5
248.974,42,100.0,802.0,0.0,19.0,8.22,83.5,17.0,14.1,14.5
249.064,42,100.0,802.0,0.0,19.0,8.22,83.5,17.0,14.1,14.5
249.154,42,100.0,802.0,0.0,19.0,8.22,83.5,17.0,14.1,14.5
249.248,42,100.0,802.0,0.0,19.0,8.22,83.5,17.0,14.1,14.5
249.334,42,100.0,802.0,0.0,19.0,8.22,83.5,17.0,14.1,14.5
249.423,42,100.0,802.0,0.0,19.0,8.22,83.5,17.0,14.1,14.5
249.513,42,100.0,802.0,0.0,19.0,8.22,83.5,17.0,14.1,14.5
249.603,42,100.0,804.0,0.0,19.0,8.22,83.5,17.0,14.1,14.5
249.693,42,100.0,804.0,0.0,19.0,8.22,83.5,17.0,14.1,14.5
249.783,42,100.0,804.0,0.0,19.0,8.22,83.5,17.0,14.1,14.5
249.875,42,100.0,804.0,0.0,19.0,8.22,83.5,17.0,14.1,14.5
249.964,42,100.0,804.0,0.0,19.0,8.22,83.5,17.0,14.1,14.5
250.054,42,100.0,804.0,0.0,19.0,8.22,83.5,17.0,14.1,14.5
250.143,42,100.0,804.0,0.0,19.0,8.22,83.5,17.0,14.1,14.5
250.234,42,100.0,804.0,0.0,19.0,8.22,83.5,17.0,14.1,14.1
250.323,42,100.0,804.0,0.0,19.0,8.22,83.5,17.0,14.1,14.1
250.415,42,100.0,804.0,0.0,19.0,8.22,83.5,17.0,14.1,14.1
250.506,42,100.0,804.0,0.0,19.0,8.22,83.5,17.0,14.1,14.1
250.593,42,100.0,804.0,0.0,19.0,8.22,83.5,17.0,14.1,14.1
250.683,42,100.0,804.0,0.0,19.0,8.22,83.5,17.0,14.1,14.1
250.774,42,100.0,804.0,0.0,19.0,8.33,83.5,17.0,14.1,14.1
250.863,42,100.0,804.0,0.0,19.0,8.33,83.5,17.0,14.1,14.1
250.957,42,100.0,804.0,0.0,19.0,8.33,83.5,17.0,14.1,14.1
251.043,42,100.0,804.0,0.0,19.0,8.33,83.5,17.0,14.1,14.1
251.133,42,100.0,804.0,0.0,19.0,8.33,83.5,17.0,14.1,14.5
251.223,42,100.0,804.0,0.0,19.0,8.33,83.5,17.0,14.1,14.5
251.315,42,100.0,804.0,0.0,19.0,8.33,83.5,17.0,14.1,14.5
251.404,42,100.0,802.0,0.0,19.0,8.33,83.5,17.0,14.1,14.5
251.493,42,100.0,802.0,0.0,19.0,8.33,83.5,17.0,14.1,14.5
251.583,42,100.0,802.0,0.0,19.0,8.33,83.5,17.0,14.1,14.5
251.673,42,100.0,802.0,0.0,19.0,8.22,83.5,17.0,14.1,14.5
251.763,42,100.0,802.0,0.0,19.0,8.22,83.5,17.0,14.1,14.5
251.854,42,100.0,802.0,0.0,19.0,8.22,83.5,17.0,14.1,14.5
251.944,42,100.0,802.0,0.0,19.0,8.22,83.5,17.0,14.1,14.5
252.035,42,100.0,802.0,0.0,19.0,8.22,83.5,17.0,14.1,14.5
252.123,42,100.0,802.0,0.0,19.0,8.22,83.5,17.0,14.1,14.5
252.214,42,100.0,802.0,0.0,19.0,8.22,83.5,17.0,14.1,14.5
252.303,42,100.0,803.0,0.0,19.0,8.22,83.5,17.0,14.1,14.5
252.395,42,100.0,803.0,0.0,19.0,8.22,83.5,17.0,14.1,14.5
252.513,42,100.0,803.0,0.0,19.0,8.22,83.5,17.0,14.1,14.5
252.603,42,100.0,803.0,0.0,19.0,8.33,83.5,17.0,14.1,14.5
252.694,42,100.0,803.0,0.0,19.0,8.33,83.5,17.0,14.1,14.5
252.783,42,100.0,803.0,0.0,19.0,8.33,83.5,17.0,14.1,14.5
252.875,42,100.0,803.0,0.0,19.0,8.33,83.5,17.0,14.1,14.5
252.994,42,100.0,803.0,0.0,19.0,8.33,83.5,17.0,14.1,14.5
253.084,42,100.0,803.0,0.0,19.0,8.33,83.5,17.0,14.1,14.5
253.174,42,100.0,803.0,0.0,19.0,8.33,83.5,17.0,14.1,14.5
253.264,42,100.0,802.0,0.0,19.0,8.33,83.5,17.0,14.1,14.5
253.356,42,100.0,802.0,0.0,19.0,8.33,83.5,17.0,14.1,14.5
253.45,42,100.0,802.0,0.0,19.0,8.33,83.5,17.0,14.1,14.5
253.533,42,100.0,802.0,0.0,19.0,8.33,83.5,17.0,14.1,14.5
253.623,42,100.0,802.0,0.0,19.0,8.33,83.5,17.0,14.1,14.5
253.713,42,100.0,802.0,0.0,19.0,8.33,83.5,17.0,14.1,14.5
253.804,42,100.0,802.0,0.0,19.0,8.33,83.5,17.0,14.1,14.5
253.894,42,100.0,802.0,0.0,19.0,8.33,83.5,17.0,14.1,14.1
253.983,42,100.0,802.0,0.0,19.0,8.33,83.5,17.0,14.1,14.1
254.074,42,100.0,802.0,0.0,19.0,8.33,83.5,17.0,14.1,14.1
254.163,42,100.0,803.0,0.0,19.0,8.33,83.5,17.0,14.1,14.1
254.256,42,100.0,803.0,0.0,19.0,8.33,83.5,17.0,14.1,14.1
254.343,42,100.0,803.0,0.0,19.0,8.33,83.5,17.0,14.1,14.1
254.435,42,100.0,803.0,0.0,19.0,8.11,83.5,17.0,14.1,14.1
254.523,42,100.0,803.0,0.0,19.0,8.11,83.5,17.0,14.1,14.1
254.613,42,100.0,803.0,0.0,19.0,8.11,83.5,17.0,14.1,14.1
254.703,42,100.0,803.0,0.0,19.0,8.11,83.5,17.0,14.1,14.1
254.794,42,100.0,803.0,0.0,19.0,8.11,83.5,17.0,14.1,14.5
254.883,42,100.0,803.0,0.0,19.0,8.11,83.5,17.0,14.1,14.5
254.974,42,100.0,803.0,0.0,19.0,8.11,83.5,17.0,14.1,14.5
255.063,42,100.0,801.0,0.0,19.0,8.11,83.5,17.0,14.1,14.5
255.155,42,100.0,801.0,0.0,19.0,8.11,83.5,17.0,14.1,14.5
255.244,42,100.0,801.0,0.0,19.0,8.11,83.5,17.0,14.1,14.5
255.336,42,100.0,801.0,0.0,19.0,8.08,83.5,17.0,14.1,14.5
255.423,42,100.0,801.0,0.0,19.0,8.08,83.5,17.0,14.1,14.5
255.513,42,100.0,801.0,0.0,19.0,8.08,83.5,17.0,14.1,14.5
255.603,42,100.0,801.0,0.0,19.0,8.08,83.5,17.0,14.1,14.5
255.693,42,100.0,801.0,0.0,19.0,8.08,83.5,17.0,14.1,14.5
255.783,42,100.0,801.0,0.0,19.0,8.08,83.5,17.0,14.1,14.5
255.875,42,100.0,801.0,0.0,19.0,8.08,83.5,17.0,14.1,14.5
255.963,42,100.0,803.0,0.0,19.0,8.08,83.5,17.0,14.1,14.5
256.054,42,100.0,803.0,0.0,19.0,8.08,83.5,17.0,14.1,14.5
256.144,42,100.0,803.0,0.0,19.0,8.08,83.5,17.0,14.1,14.5
256.234,42,100.0,803.0,0.0,19.0,8.19,83.5,17.0,14.1,14.5
256.324,42,100.0,803.0,0.0,19.0,8.19,83.5,17.0,14.1,14.5
256.414,42,100.0,803.0,0.0,19.0,8.19,83.5,17.0,14.1,14.5
256.503,42,100.0,803.0,0.0,19.0,8.19,83.5,17.0,14.1,14.5
256.593,42,100.0,803.0,0.0,19.0,8.19,83.5,17.0,14.1,14.5
256.683,42,100.0,803.0,0.0,19.0,8.19,83.5,17.0,14.1,14.5
256.775,42,100.0,803.0,0.0,19.0,8.19,83.5,17.0,14.1,14.5
256.863,42,100.0,801.0,0.0,19.0,8.19,83.5,17.0,14.1,14.5
256.954,42,100.0,801.0,0.0,19.0,8.19,83.5,17.0,14.1,14.5
257.043,42,100.0,801.0,0.0,19.0,8.19,83.5,17.0,14.1,14.5
257.135,42,100.0,801.0,0.0,19.0,8.02,83.5,17.0,14.1,14.5
257.224,42,100.0,801.0,0.0,19.0,8.02,83.5,17.0,14.1,14.5
257.314,42,100.0,801.0,0.0,19.0,8.02,83.5,17.0,14.1,14.5
257.403,42,100.0,801.0,0.0,19.0,8.02,83.5,17.0,14.1,14.5
257.493,42,100.0,801.0,0.0,19.0,8.02,83.5,17.0,14.1,14.5
257.583,42,100.0,801.0,0.0,19.0,8.02,83.5,17.0,14.1,14.5
257.673,42,100.0,801.0,0.0,19.0,8.02,83.5,17.0,14.1,14.5
257.763,42,100.0,802.0,0.0,19.0,8.02,83.5,17.0,14.1,14.5
257.854,42,100.0,802.0,0.0,19.0,8.02,83.5,17.0,14.1,14.5
257.974,42,100.0,802.0,0.0,19.0,8.02,83.5,17.0,14.1,14.5
258.064,42,100.0,802.0,0.0,19.0,7.99,83.5,17.0,14.1,14.5
258.154,42,100.0,802.0,0.0,19.0,7.99,83.5,17.0,14.1,14.5
258.243,42,100.0,802.0,0.0,19.0,7.99,83.5,17.0,14.1,14.5
258.335,42,100.0,802.0,0.0,19.0,7.99,83.5,17.0,14.1,14.5
258.423,42,100.0,802.0,0.0,19.0,7.99,83.5,17.0,14.1,14.5
258.514,42,100.0,802.0,0.0,19.0,7.99,83.5,17.0,14.1,14.5
258.603,42,100.0,802.0,0.0,19.0,7.99,83.5,17.0,14.1,14.5
258.694,42,100.0,802.0,0.0,19.0,7.99,83.5,17.0,14.1,14.5
258.783,42,100.0,802.0,0.0,19.0,7.99,83.5,17.0,14.1,14.5
258.874,42,100.0,802.0,0.0,19.0,7.99,83.5,17.0,14.1,14.5
258.963,42,100.0,802.0,0.0,19.0,8.24,83.5,17.0,14.1,14.5
259.055,42,100.0,802.0,0.0,19.0,8.24,83.5,17.0,14.1,14.5
259.143,42,100.0,802.0,0.0,19.0,8.24,83.5,17.0,14.1,14.5
259.234,42,100.0,802.0,0.0,19.0,8.24,83.5,17.0,14.1,14.5
259.323,42,100.0,802.0,0.0,19.0,8.24,83.5,17.0,14.1,14.5
259.414,42,100.0,802.0,0.0,19.0,8.24,83.5,17.0,14.1,14.5
259.503,42,100.0,802.0,0.0,19.0,8.24,83.5,17.0,14.1,14.5
259.594,42,100.0,802.0,0.0,19.0,8.24,83.5,17.0,14.1,14.5
259.683,42,100.0,802.0,1.0,19.0,8.24,83.5,17.0,14.1,14.5
259.774,42,100.0,802.0,1.0,19.0,8.24,83.5,17.0,14.1,14.5
259.864,42,100.0,802.0,1.0,19.0,8.66,83.5,17.0,14.1,14.5
259.955,42,100.0,802.0,1.0,19.0,8.66,83.5,17.0,14.1,14.5
260.016,42,100.0,802.0,1.0,19.0,8.66,83.5,17.0,14.1,14.5
260.104,42,100.0,802.0,1.0,19.0,8.66,83.5,17.0,15.7,14.5
260.194,42,100.0,802.0,1.0,19.0,8.66,83.5,17.0,15.7,15.3
260.285,42,100.0,802.0,1.0,19.0,8.66,83.5,17.0,15.7,15.3
260.374,42,101.0,802.0,1.0,19.0,8.66,83.5,17.0,15.7,15.3
260.463,42,101.0,891.0,1.0,19.0,8.66,83.5,17.0,15.7,15.3
260.554,42,101.0,891.0,3.0,19.0,8.66,83.5,17.0,15.7,15.3
260.643,42,101.0,891.0,3.0,20.0,8.66,83.5,17.0,15.7,15.3
260.734,42,101.0,891.0,3.0,20.0,9.27,83.5,17.0,15.7,15.3
260.823,42,101.0,891.0,3.0,20.0,9.27,83.5,17.0,15.7,15.3
260.914,42,101.0,891.0,3.0,20.0,9.27,83.5,17.0,15.7,15.3
261.004,42,101.0,891.0,3.0,20.0,9.27,83.5,17.0,15.7,15.3
261.094,42,101.0,891.0,3.0,20.0,9.27,83.5,17.0,15.7,15.3
261.183,42,101.0,891.0,3.0,20.0,9.27,83.5,17.0,15.7,15.3
261.274,42,102.0,891.0,3.0,20.0,9.27,83.5,17.0,15.7,15.3
261.363,42,102.0,950.0,3.0,20.0,9.27,83.5,17.0,15.7,15.3
261.463,42,102.0,950.0,8.0,20.0,9.27,83.5,17.0,15.7,15.3
261.543,42,102.0,950.0,8.0,22.0,9.27,83.5,17.0,15.7,15.3
261.634,42,102.0,950.0,8.0,22.0,13.16,83.5,17.0,15.7,15.3
261.724,42,102.0,950.0,8.0,22.0,13.16,83.5,17.0,15.7,15.3
261.814,42,102.0,950.0,8.0,22.0,13.16,83.5,17.0,15.7,15.3
261.904,42,102.0,950.0,8.0,22.0,13.16,83.5,17.0,22.0,15.3
261.971,42,102.0,950.0,8.0,22.0,13.16,83.5,17.0,22.0,24.7
262.054,42,102.0,950.0,8.0,22.0,13.16,83.5,17.0,22.0,24.7
262.143,42,100.0,950.0,8.0,22.0,13.16,83.5,17.0,22.0,24.7
262.234,42,100.0,1362.0,8.0,22.0,13.16,83.5,17.0,22.0,24.7
262.326,42,100.0,1362.0,12.0,22.0,13.16,83.5,17.0,22.0,24.7
262.415,42,100.0,1362.0,12.0,25.0,13.16,83.5,17.0,22.0,24.7
262.503,42,100.0,1362.0,12.0,25.0,16.3,83.5,17.0,22.0,24.7
262.593,42,100.0,1362.0,12.0,25.0,16.3,83.5,17.0,22.0,24.7
262.683,42,100.0,1362.0,12.0,25.0,16.3,83.5,17.0,22.0,24.7
262.775,42,100.0,1362.0,12.0,25.0,16.3,83.5,17.0,36.1,24.7
262.864,42,100.0,1362.0,12.0,25.0,16.3,83.5,17.0,36.1,36.1
262.983,42,100.0,1362.0,12.0,25.0,16.3,83.5,17.0,36.1,36.1
263.076,42,108.0,1362.0,12.0,25.0,16.3,83.5,17.0,36.1,36.1
263.163,42,108.0,1749.0,12.0,25.0,16.3,83.5,17.0,36.1,36.1
263.255,42,108.0,1749.0,16.0,25.0,16.3,83.5,17.0,36.1,36.1
263.344,42,108.0,1749.0,16.0,26.0,16.3,83.5,17.0,36.1,36.1
263.435,42,108.0,1749.0,16.0,26.0,17.66,83.5,17.0,36.1,36.1
263.524,42,108.0,1749.0,16.0,26.0,17.66,83.5,17.0,36.1,36.1
263.613,42,108.0,1749.0,16.0,26.0,17.66,83.5,17.0,36.1,36.1
263.703,42,108.0,1749.0,16.0,26.0,17.66,83.5,17.0,14.9,36.1
263.795,42,108.0,1749.0,16.0,26.0,17.66,83.5,17.0,14.9,17.3
263.883,42,108.0,1749.0,16.0,26.0,17.66,83.5,17.0,14.9,17.3
263.974,42,109.0,1749.0,16.0,26.0,17.66,83.5,17.0,14.9,17.3
264.063,42,109.0,1030.0,16.0,26.0,17.66,83.5,17.0,14.9,17.3
264.156,42,109.0,1030.0,17.0,26.0,17.66,83.5,17.0,14.9,17.3
264.244,42,109.0,1030.0,17.0,24.0,17.66,83.5,17.0,14.9,17.3
264.335,42,109.0,1030.0,17.0,24.0,13.27,83.5,17.0,14.9,17.3
264.423,42,109.0,1030.0,17.0,24.0,13.27,83.5,17.0,14.9,17.3
264.513,42,109.0,1030.0,17.0,24.0,13.27,83.5,17.0,14.9,17.3
264.633,42,109.0,1030.0,17.0,24.0,13.27,83.5,17.0,28.2,17.3
264.724,42,109.0,1030.0,17.0,24.0,13.27,83.5,17.0,28.2,28.2
264.814,42,109.0,1030.0,17.0,24.0,13.27,83.5,17.0,28.2,28.2
264.904,42,105.0,1030.0,17.0,24.0,13.27,83.5,17.0,28.2,28.2
264.994,42,105.0,1170.0,17.0,24.0,13.27,83.5,17.0,28.2,28.2
265.113,42,105.0,1170.0,20.0,24.0,13.27,83.5,17.0,28.2,28.2
265.203,42,105.0,1170.0,20.0,23.0,13.27,83.5,17.0,28.2,28.2
265.266,42,105.0,1170.0,20.0,23.0,13.61,83.5,17.0,28.2,28.2
265.354,42,105.0,1170.0,20.0,23.0,13.61,83.5,17.0,28.2,28.2
265.444,42,105.0,1170.0,20.0,23.0,13.61,83.5,17.0,28.2,28.2
265.533,42,105.0,1170.0,20.0,23.0,13.61,83.5,17.0,29.4,28.2
265.623,42,105.0,1170.0,20.0,23.0,13.61,83.5,17.0,29.4,29.4
265.715,42,105.0,1170.0,20.0,23.0,13.61,83.5,17.0,29.4,29.4
265.804,42,102.0,1170.0,20.0,23.0,13.61,83.5,17.0,29.4,29.4
265.895,42,102.0,1299.0,20.0,23.0,13.61,83.5,17.0,29.4,29.4
265.983,42,102.0,1299.0,22.0,23.0,13.61,83.5,17.0,29.4,29.4
266.076,42,102.0,1299.0,22.0,24.0,13.61,83.5,17.0,29.4,29.4
266.164,42,102.0,1299.0,22.0,24.0,14.33,83.5,17.0,29.4,29.4
266.255,42,102.0,1299.0,22.0,24.0,14.33,83.5,17.0,29.4,29.4
266.523,42,102.0,1299.0,22.0,24.0,14.33,83.5,17.0,29.4,29.4
266.613,42,102.0,1299.0,22.0,24.0,14.33,83.5,17.0,29.4,29.4
266.703,42,102.0,1370.0,22.0,24.0,14.33,83.5,17.0,29.4,29.4
266.765,42,102.0,1370.0,23.0,24.0,14.33,83.5,17.0,29.4,29.4
266.854,42,102.0,1370.0,23.0,24.0,14.33,83.5,17.0,29.4,29.4
266.943,42,102.0,1370.0,23.0,24.0,14.86,83.5,17.0,29.4,29.4
267.274,42,102.0,1370.0,23.0,24.0,14.86,83.5,17.0,29.4,29.4
267.492,42,102.0,1370.0,24.0,24.0,14.86,83.5,17.0,29.4,29.4
267.573,42,102.0,1370.0,24.0,24.0,14.86,83.5,17.0,29.4,29.4
267.663,42,102.0,1370.0,24.0,24.0,14.88,83.5,17.0,29.4,29.4
267.754,42,102.0,1370.0,24.0,24.0,14.88,83.5,17.0,29.4,29.4
267.843,42,102.0,1370.0,24.0,24.0,14.88,83.5,17.0,29.4,29.4
267.933,42,102.0,1370.0,24.0,24.0,14.88,83.5,17.0,28.2,29.4
268.056,42,102.0,1370.0,24.0,24.0,14.88,83.5,17.0,28.2,27.8
268.204,42,104.0,1370.0,24.0,24.0,14.88,83.5,17.0,28.2,27.8
268.474,42,104.0,1370.0,24.0,24.0,14.3,83.5,17.0,28.2,27.8
268.564,42,104.0,1370.0,24.0,24.0,14.3,83.5,17.0,28.2,27.8
268.654,42,104.0,1370.0,24.0,24.0,14.3,83.5,17.0,28.2,27.8
268.714,42,104.0,1370.0,24.0,24.0,14.3,83.5,17.0,25.5,27.8
268.803,42,104.0,1370.0,24.0,24.0,14.3,83.5,17.0,25.5,25.5
268.865,42,104.0,1370.0,24.0,24.0,14.3,83.5,17.0,25.5,25.5
268.954,42,101.0,1370.0,24.0,24.0,14.3,83.5,17.0,25.5,25.5
269.044,42,101.0,1410.0,24.0,24.0,14.3,83.5,17.0,25.5,25.5
269.134,42,101.0,1410.0,24.0,24.0,14.3,83.5,17.0,25.5,25.5
269.223,42,101.0,1410.0,24.0,23.0,14.3,83.5,17.0,25.5,25.5
269.314,42,101.0,1410.0,24.0,23.0,13.97,83.5,17.0,25.5,25.5
269.404,42,101.0,1410.0,24.0,23.0,13.97,83.5,17.0,25.5,25.5
269.467,42,101.0,1410.0,24.0,23.0,13.97,83.5,17.0,25.5,25.5
269.553,42,101.0,1410.0,24.0,23.0,13.97,83.5,17.0,27.1,25.5
269.615,42,101.0,1410.0,24.0,23.0,13.97,83.5,17.0,27.1,27.5
269.704,42,101.0,1410.0,24.0,23.0,13.97,83.5,17.0,27.1,27.5
269.794,42,100.0,1410.0,24.0,23.0,13.97,83.5,17.0,27.1,27.5
269.884,42,100.0,1413.0,24.0,23.0,13.97,83.5,17.0,27.1,27.5
269.975,42,100.0,1413.0,24.0,23.0,13.97,83.5,17.0,27.1,27.5
270.063,42,100.0,1413.0,24.0,23.0,13.97,83.5,17.0,27.1,27.5
270.154,42,100.0,1413.0,24.0,23.0,15.24,83.5,17.0,27.1,27.5
270.217,42,100.0,1413.0,24.0,23.0,15.24,83.5,17.0,27.1,27.5
270.303,42,100.0,1413.0,24.0,23.0,15.24,83.5,17.0,27.1,27.5
270.365,42,100.0,1413.0,24.0,23.0,15.24,83.5,17.0,29.8,27.5
270.455,42,100.0,1413.0,24.0,23.0,15.24,83.5,17.0,29.8,29.8
270.543,42,100.0,1413.0,24.0,23.0,15.24,83.5,17.0,29.8,29.8
270.634,42,104.0,1413.0,24.0,23.0,15.24,83.5,17.0,29.8,29.8
270.723,42,104.0,1450.0,24.0,23.0,15.24,83.5,17.0,29.8,29.8
270.814,42,104.0,1450.0,25.0,23.0,15.24,83.5,17.0,29.8,29.8
270.904,42,104.0,1450.0,25.0,23.0,15.24,83.5,17.0,29.8,29.8
270.994,42,104.0,1450.0,25.0,23.0,15.19,83.5,17.0,29.8,29.8
271.083,42,104.0,1450.0,25.0,23.0,15.19,83.5,17.0,29.8,29.8
271.175,42,104.0,1450.0,25.0,23.0,15.19,83.5,17.0,29.8,29.8
271.263,42,104.0,1450.0,25.0,23.0,15.19,83.5,17.0,33.3,29.8
271.357,42,104.0,1450.0,25.0,23.0,15.19,83.5,17.0,33.3,36.1
271.416,42,104.0,1450.0,25.0,23.0,15.19,83.5,17.0,33.3,36.1
271.503,42,108.0,1450.0,25.0,23.0,15.19,83.5,17.0,33.3,36.1
271.564,42,108.0,1512.0,25.0,23.0,15.19,83.5,17.0,33.3,36.1
271.654,42,108.0,1512.0,26.0,23.0,15.19,83.5,17.0,33.3,36.1
271.743,42,108.0,1512.0,26.0,23.0,15.19,83.5,17.0,33.3,36.1
271.835,42,108.0,1512.0,26.0,23.0,20.33,83.5,17.0,33.3,36.1
271.923,42,108.0,1512.0,26.0,23.0,20.33,83.5,17.0,33.3,36.1
272.014,42,108.0,1512.0,26.0,23.0,20.33,83.5,17.0,33.3,36.1
272.103,42,108.0,1512.0,26.0,23.0,20.33,83.5,17.0,41.6,36.1
272.164,42,108.0,1512.0,26.0,23.0,20.33,83.5,17.0,41.6,43.1
272.254,42,108.0,1512.0,26.0,23.0,20.33,83.5,17.0,41.6,43.1
272.316,42,124.0,1512.0,26.0,23.0,20.33,83.5,17.0,41.6,43.1
272.403,42,124.0,1655.0,26.0,23.0,20.33,83.5,17.0,41.6,43.1
272.464,42,124.0,1655.0,28.0,23.0,20.33,83.5,17.0,41.6,43.1
272.553,42,124.0,1655.0,28.0,25.0,20.33,83.5,17.0,41.6,43.1
272.614,42,124.0,1655.0,28.0,25.0,31.8,83.5,17.0,41.6,43.1
272.703,42,124.0,1655.0,28.0,25.0,31.8,83.5,17.0,41.6,43.1
272.764,42,124.0,1655.0,28.0,25.0,31.8,83.5,17.0,41.6,43.1
272.854,42,124.0,1655.0,28.0,25.0,31.8,83.5,17.0,45.9,43.1
272.974,42,124.0,1655.0,28.0,25.0,31.8,83.5,17.0,45.9,46.3
273.094,42,124.0,1655.0,28.0,25.0,31.8,83.5,17.0,45.9,46.3
273.187,42,155.0,1655.0,28.0,25.0,31.8,83.5,17.0,45.9,46.3
273.273,42,155.0,1895.0,28.0,25.0,31.8,83.5,17.0,45.9,46.3
273.363,42,155.0,1895.0,33.0,25.0,31.8,83.5,17.0,45.9,46.3
273.454,42,155.0,1895.0,33.0,26.0,31.8,83.5,17.0,45.9,46.3
273.513,42,155.0,1895.0,33.0,26.0,22.86,83.5,17.0,45.9,46.3
273.603,42,155.0,1895.0,33.0,26.0,22.86,76.5,17.0,45.9,46.3
273.664,42,155.0,1895.0,33.0,26.0,22.86,76.5,17.0,45.9,46.3
273.754,42,155.0,1895.0,33.0,26.0,22.86,76.5,17.0,14.1,46.3
273.815,42,155.0,1895.0,33.0,26.0,22.86,76.5,17.0,14.1,14.5
273.903,42,155.0,1895.0,33.0,26.0,22.86,76.5,17.0,14.1,14.5
273.964,42,100.0,1895.0,33.0,26.0,22.86,76.5,17.0,14.1,14.5
274.054,42,100.0,1372.0,33.0,26.0,22.86,76.5,17.0,14.1,14.5
274.143,42,100.0,1372.0,33.0,26.0,22.86,76.5,17.0,14.1,14.5
274.205,42,100.0,1372.0,33.0,25.0,22.86,76.5,17.0,14.1,14.5
274.264,42,100.0,1372.0,33.0,25.0,25.22,76.5,17.0,14.1,14.5
274.354,42,100.0,1372.0,33.0,25.0,25.22,63.5,17.0,14.1,14.5
274.414,42,100.0,1372.0,33.0,25.0,25.22,63.5,17.0,14.1,14.5
274.502,42,100.0,1372.0,33.0,25.0,25.22,63.5,17.0,51.4,14.5
274.564,42,100.0,1372.0,33.0,25.0,25.22,63.5,17.0,51.4,54.5
274.655,42,100.0,1372.0,33.0,25.0,25.22,63.5,17.0,51.4,54.5
274.715,42,114.0,1372.0,33.0,25.0,25.22,63.5,17.0,51.4,54.5
274.803,42,114.0,1332.0,33.0,25.0,25.22,63.5,17.0,51.4,54.5
274.864,42,114.0,1332.0,36.0,25.0,25.22,63.5,17.0,51.4,54.5
274.956,42,114.0,1332.0,36.0,24.0,25.22,63.5,17.0,51.4,54.5
275.015,42,114.0,1332.0,36.0,24.0,27.97,63.5,17.0,51.4,54.5
275.105,42,114.0,1332.0,36.0,24.0,27.97,83.5,17.0,51.4,54.5
275.164,42,114.0,1332.0,36.0,24.0,27.97,83.5,17.0,51.4,54.5
275.253,42,114.0,1332.0,36.0,24.0,27.97,83.5,17.0,56.9,54.5
275.315,42,114.0,1332.0,36.0,24.0,27.97,83.5,17.0,56.9,57.6
275.403,42,114.0,1332.0,36.0,24.0,27.97,83.5,17.0,56.9,57.6
275.464,42,138.0,1332.0,36.0,24.0,27.97,83.5,17.0,56.9,57.6
275.554,42,138.0,1477.0,36.0,24.0,27.97,83.5,17.0,56.9,57.6
275.614,42,138.0,1477.0,40.0,24.0,27.97,83.5,17.0,56.9,57.6
275.703,42,138.0,1477.0,40.0,24.0,27.97,83.5,17.0,56.9,57.6
275.764,42,138.0,1477.0,40.0,24.0,39.08,83.5,17.0,56.9,57.6
275.854,42,138.0,1477.0,40.0,24.0,39.08,83.5,17.0,56.9,57.6
275.914,42,138.0,1477.0,40.0,24.0,39.08,83.5,17.0,56.9,57.6
276.003,42,138.0,1477.0,40.0,24.0,39.08,83.5,17.0,56.9,57.6
276.065,42,138.0,1477.0,40.0,24.0,39.08,83.5,17.0,56.9,57.3
276.154,42,138.0,1477.0,40.0,24.0,39.08,83.5,17.0,56.9,57.3
276.216,42,184.0,1477.0,40.0,24.0,39.08,83.5,17.0,56.9,57.3
276.303,42,184.0,1673.0,40.0,24.0,39.08,83.5,17.0,56.9,57.3
276.365,42,184.0,1673.0,45.0,24.0,39.08,83.5,17.0,56.9,57.3
276.454,42,184.0,1673.0,45.0,25.0,39.08,83.5,17.0,56.9,57.3
276.513,42,184.0,1673.0,45.0,25.0,55.69,83.5,17.0,56.9,57.3
276.603,42,184.0,1673.0,45.0,25.0,55.69,83.5,17.0,56.9,57.3
276.694,42,184.0,1673.0,45.0,25.0,55.69,83.5,17.0,56.9,57.3
276.784,42,184.0,1673.0,45.0,25.0,55.69,83.5,17.0,38.0,57.3
276.874,42,184.0,1673.0,45.0,25.0,55.69,83.5,17.0,38.0,21.2
276.963,42,184.0,1673.0,45.0,25.0,55.69,83.5,17.0,38.0,21.2
277.055,42,132.0,1673.0,45.0,25.0,55.69,83.5,17.0,38.0,21.2
277.144,42,132.0,1508.0,45.0,25.0,55.69,83.5,17.0,38.0,21.2
277.234,42,132.0,1508.0,48.0,25.0,55.69,83.5,17.0,38.0,21.2
277.323,42,132.0,1508.0,48.0,27.0,55.69,83.5,17.0,38.0,21.2
277.414,42,132.0,1508.0,48.0,27.0,23.3,83.5,17.0,38.0,21.2
277.503,42,132.0,1508.0,48.0,27.0,23.3,31.0,17.0,38.0,21.2
277.593,42,132.0,1508.0,48.0,27.0,23.3,31.0,17.0,38.0,21.2
277.683,42,132.0,1508.0,48.0,27.0,23.3,31.0,17.0,27.1,21.2
277.774,42,132.0,1508.0,48.0,27.0,23.3,31.0,17.0,27.1,27.5
277.864,42,132.0,1508.0,48.0,27.0,23.3,31.0,17.0,27.1,27.5
277.954,42,108.0,1508.0,48.0,27.0,23.3,31.0,17.0,27.1,27.5
278.103,42,108.0,1508.0,49.0,27.0,23.3,31.0,17.0,27.1,27.5
278.194,42,108.0,1508.0,49.0,24.0,23.3,31.0,17.0,27.1,27.5
278.263,42,108.0,1508.0,49.0,24.0,12.44,31.0,17.0,27.1,27.5
278.343,42,108.0,1508.0,49.0,24.0,12.44,83.5,17.0,27.1,27.5
278.434,42,108.0,1508.0,49.0,24.0,12.44,83.5,17.0,27.1,27.5
278.525,42,108.0,1508.0,49.0,24.0,12.44,83.5,17.0,14.5,27.5
278.614,42,108.0,1508.0,49.0,24.0,12.44,83.5,17.0,14.5,14.5
278.703,42,108.0,1508.0,49.0,24.0,12.44,83.5,17.0,14.5,14.5
278.794,42,101.0,1508.0,49.0,24.0,12.44,83.5,17.0,14.5,14.5
278.914,42,101.0,1259.0,49.0,24.0,12.44,83.5,17.0,14.5,14.5
279.004,42,101.0,1259.0,49.0,24.0,12.44,83.5,17.0,14.5,14.5
279.094,42,101.0,1259.0,49.0,20.0,12.44,83.5,17.0,14.5,14.5
279.183,42,101.0,1259.0,49.0,20.0,11.88,83.5,17.0,14.5,14.5
279.274,42,101.0,1259.0,49.0,20.0,11.88,83.5,17.0,14.5,14.5
279.366,42,101.0,1259.0,49.0,20.0,11.88,83.5,17.0,14.5,14.5
279.454,42,101.0,1259.0,49.0,20.0,11.88,83.5,17.0,14.1,14.5
279.543,42,101.0,1259.0,49.0,20.0,11.88,83.5,17.0,14.1,14.5
279.634,43,101.0,1259.0,49.0,20.0,11.88,83.5,17.0,14.1,14.5
279.723,43,104.0,1259.0,49.0,20.0,11.88,83.5,17.0,14.1,14.5
279.814,43,104.0,1258.0,49.0,20.0,11.88,83.5,17.0,14.1,14.5
279.903,43,104.0,1258.0,49.0,20.0,11.88,83.5,17.0,14.1,14.5
279.995,43,104.0,1258.0,49.0,19.0,11.88,83.5,17.0,14.1,14.5
280.084,43,104.0,1258.0,49.0,19.0,12.94,83.5,17.0,14.1,14.5
280.174,43,104.0,1258.0,49.0,19.0,12.94,83.5,17.0,14.1,14.5
280.263,43,104.0,1258.0,49.0,19.0,12.94,83.5,17.0,14.1,14.5
280.354,43,104.0,1258.0,49.0,19.0,12.94,83.5,17.0,14.1,14.5
280.444,43,104.0,1258.0,49.0,19.0,12.94,83.5,17.0,14.1,14.5
280.564,43,104.0,1258.0,49.0,19.0,12.94,83.5,17.0,14.1,14.5
280.654,43,106.0,1258.0,49.0,19.0,12.94,83.5,17.0,14.1,14.5
280.743,43,106.0,1256.0,49.0,19.0,12.94,83.5,17.0,14.1,14.5
280.834,43,106.0,1256.0,49.0,19.0,12.94,83.5,17.0,14.1,14.5
280.923,43,106.0,1256.0,49.0,20.0,12.94,83.5,17.0,14.1,14.5
281.014,43,106.0,1256.0,49.0,20.0,12.99,83.5,17.0,14.1,14.5
281.106,43,106.0,1256.0,49.0,20.0,12.99,83.5,17.0,14.1,14.5
281.194,43,106.0,1256.0,49.0,20.0,12.99,83.5,17.0,14.1,14.5
281.283,43,106.0,1256.0,49.0,20.0,12.99,83.5,17.0,14.1,14.5
281.375,43,106.0,1256.0,49.0,20.0,12.99,83.5,17.0,14.1,14.5
281.463,43,106.0,1256.0,49.0,20.0,12.99,83.5,17.0,14.1,14.5
281.554,43,106.0,1256.0,49.0,20.0,12.99,83.5,17.0,14.1,14.5
281.644,43,106.0,1253.0,49.0,20.0,12.99,83.5,17.0,14.1,14.5
281.704,43,106.0,1253.0,49.0,20.0,12.99,83.5,17.0,14.1,14.5
281.795,43,106.0,1253.0,49.0,20.0,12.99,83.5,17.0,14.1,14.5
281.858,43,106.0,1253.0,49.0,20.0,13.19,83.5,17.0,14.1,14.5
281.943,43,106.0,1253.0,49.0,20.0,13.19,83.5,17.0,14.1,14.5
282.034,43,106.0,1253.0,49.0,20.0,13.19,83.5,17.0,14.1,14.5
282.123,43,106.0,1253.0,49.0,20.0,13.19,83.5,17.0,14.1,14.5
282.214,43,106.0,1253.0,49.0,20.0,13.19,83.5,17.0,14.1,14.5
282.304,43,106.0,1253.0,49.0,20.0,13.19,83.5,17.0,14.1,14.5
282.394,43,106.0,1253.0,49.0,20.0,13.19,83.5,17.0,14.1,14.5
282.456,43,106.0,1260.0,49.0,20.0,13.19,83.5,17.0,14.1,14.5
282.543,43,106.0,1260.0,49.0,20.0,13.19,83.5,17.0,14.1,14.5
282.604,43,106.0,1260.0,49.0,20.0,13.19,83.5,17.0,14.1,14.5
282.694,43,106.0,1260.0,49.0,20.0,12.97,83.5,17.0,14.1,14.5
282.784,43,106.0,1260.0,49.0,20.0,12.97,83.5,17.0,14.1,14.5
282.875,43,106.0,1260.0,49.0,20.0,12.97,83.5,17.0,14.1,14.5
282.963,43,106.0,1260.0,49.0,20.0,12.97,83.5,17.0,14.1,14.5
283.054,43,106.0,1260.0,49.0,20.0,12.97,83.5,17.0,14.1,14.5
283.143,43,106.0,1260.0,49.0,20.0,12.97,83.5,17.0,14.1,14.5
283.234,43,106.0,1260.0,49.0,20.0,12.97,83.5,17.0,14.1,14.5
283.324,43,106.0,1269.0,49.0,20.0,12.97,83.5,17.0,14.1,14.5
283.414,43,106.0,1269.0,50.0,20.0,12.97,83.5,17.0,14.1,14.5
283.503,43,106.0,1269.0,50.0,20.0,12.97,83.5,17.0,14.1,14.5
283.593,43,106.0,1269.0,50.0,20.0,13.13,83.5,17.0,14.1,14.5
283.654,43,106.0,1269.0,50.0,20.0,13.13,83.5,17.0,14.1,14.5
283.743,43,106.0,1269.0,50.0,20.0,13.13,83.5,17.0,14.1,14.5
283.804,43,106.0,1269.0,50.0,20.0,13.13,83.5,17.0,14.1,14.5
283.894,43,106.0,1269.0,50.0,20.0,13.13,83.5,17.0,14.1,14.5
283.984,43,106.0,1269.0,50.0,20.0,13.13,83.5,17.0,14.1,14.5
284.077,43,106.0,1269.0,50.0,20.0,13.13,83.5,17.0,14.1,14.5
284.164,43,106.0,1277.0,50.0,20.0,13.13,83.5,17.0,14.1,14.5
284.255,43,106.0,1277.0,50.0,20.0,13.13,83.5,17.0,14.1,14.5
284.343,43,106.0,1277.0,50.0,21.0,13.13,83.5,17.0,14.1,14.5
284.405,43,106.0,1277.0,50.0,21.0,13.19,83.5,17.0,14.1,14.5
284.492,43,106.0,1277.0,50.0,21.0,13.19,83.5,17.0,14.1,14.5
284.554,43,106.0,1277.0,50.0,21.0,13.19,83.5,17.0,14.1,14.5
284.643,43,106.0,1277.0,50.0,21.0,13.19,83.5,17.0,14.1,14.5
284.735,43,106.0,1277.0,50.0,21.0,13.19,83.5,17.0,14.1,14.5
284.823,43,106.0,1277.0,50.0,21.0,13.19,83.5,17.0,14.1,14.5
284.914,43,106.0,1277.0,50.0,21.0,13.19,83.5,17.0,14.1,14.5
285.003,43,106.0,1285.0,50.0,21.0,13.19,83.5,17.0,14.1,14.5
285.096,43,106.0,1285.0,50.0,21.0,13.19,83.5,17.0,14.1,14.5
285.184,43,106.0,1285.0,50.0,21.0,13.19,83.5,17.0,14.1,14.5
285.275,43,106.0,1285.0,50.0,21.0,13.49,83.5,17.0,14.1,14.5
285.363,43,106.0,1285.0,50.0,21.0,13.49,83.5,17.0,14.1,14.5
285.458,43,106.0,1285.0,50.0,21.0,13.49,83.5,17.0,14.1,14.5
285.543,43,106.0,1285.0,50.0,21.0,13.49,83.5,17.0,14.1,14.5
285.604,43,106.0,1285.0,50.0,21.0,13.49,83.5,17.0,14.1,14.5
285.694,43,106.0,1285.0,50.0,21.0,13.49,83.5,17.0,14.1,14.5
285.756,43,106.0,1285.0,50.0,21.0,13.49,83.5,17.0,14.1,14.5
285.843,43,106.0,1298.0,50.0,21.0,13.49,83.5,17.0,14.1,14.5
285.935,43,106.0,1298.0,50.0,21.0,13.49,83.5,17.0,14.1,14.5
286.024,43,106.0,1298.0,50.0,21.0,13.49,83.5,17.0,14.1,14.5
286.115,43,106.0,1298.0,50.0,21.0,13.44,83.5,17.0,14.1,14.5
286.203,43,106.0,1298.0,50.0,21.0,13.44,83.5,17.0,14.1,14.5
286.294,43,106.0,1298.0,50.0,21.0,13.44,83.5,17.0,14.1,14.5
286.383,43,106.0,1298.0,50.0,21.0,13.44,83.5,17.0,14.1,14.5
286.483,43,106.0,1298.0,50.0,21.0,13.44,83.5,17.0,14.1,14.5
286.563,43,106.0,1298.0,50.0,21.0,13.44,83.5,17.0,14.1,14.5
286.654,43,106.0,1298.0,50.0,21.0,13.44,83.5,17.0,14.1,14.5
286.746,43,106.0,1324.0,50.0,21.0,13.44,83.5,17.0,14.1,14.5
286.805,43,106.0,1324.0,51.0,21.0,13.44,83.5,17.0,14.1,14.5
286.894,43,106.0,1324.0,51.0,21.0,13.44,83.5,17.0,14.1,14.5
286.959,43,106.0,1324.0,51.0,21.0,13.47,83.5,17.0,14.1,14.5
287.074,43,106.0,1324.0,51.0,21.0,13.47,83.5,17.0,14.1,14.5
287.164,43,106.0,1324.0,51.0,21.0,13.47,83.5,17.0,14.1,14.5
287.254,43,106.0,1324.0,51.0,21.0,13.47,83.5,17.0,14.1,14.5
287.343,43,106.0,1324.0,51.0,21.0,13.47,83.5,17.0,14.1,14.5
287.406,43,106.0,1324.0,51.0,21.0,13.47,83.5,17.0,14.1,14.5
287.493,43,106.0,1324.0,51.0,21.0,13.47,83.5,17.0,14.1,14.5
287.555,43,106.0,1334.0,51.0,21.0,13.47,83.5,17.0,14.1,14.5
287.643,43,106.0,1334.0,52.0,21.0,13.47,83.5,17.0,14.1,14.5
287.704,43,106.0,1334.0,52.0,21.0,13.47,83.5,17.0,14.1,14.5
287.795,43,106.0,1334.0,52.0,21.0,13.83,83.5,17.0,14.1,14.5
287.857,43,106.0,1334.0,52.0,21.0,13.83,83.5,17.0,14.1,14.5
287.944,43,106.0,1334.0,52.0,21.0,13.83,83.5,17.0,14.1,14.5
288.063,43,106.0,1334.0,52.0,21.0,13.83,83.5,17.0,14.1,14.5
288.154,43,106.0,1334.0,52.0,21.0,13.83,83.5,17.0,14.1,14.5
288.243,43,106.0,1334.0,52.0,21.0,13.83,83.5,17.0,14.1,14.5
288.335,43,106.0,1334.0,52.0,21.0,13.83,83.5,17.0,14.1,14.5
288.424,43,106.0,1345.0,52.0,21.0,13.83,83.5,17.0,14.1,14.5
288.513,43,106.0,1345.0,52.0,21.0,13.83,83.5,17.0,14.1,14.5
288.603,43,106.0,1345.0,52.0,21.0,13.83,83.5,17.0,14.1,14.5
288.694,43,106.0,1345.0,52.0,21.0,13.86,83.5,17.0,14.1,14.5
288.756,43,106.0,1345.0,52.0,21.0,13.86,83.5,17.0,14.1,14.5
288.843,43,106.0,1345.0,52.0,21.0,13.86,83.5,17.0,14.1,14.5
288.905,43,106.0,1345.0,52.0,21.0,13.86,83.5,17.0,14.1,14.5
288.994,43,106.0,1345.0,52.0,21.0,13.86,83.5,17.0,14.1,14.5
289.055,43,106.0,1345.0,52.0,21.0,13.86,83.5,17.0,14.1,14.5
289.143,43,106.0,1345.0,52.0,21.0,13.86,83.5,17.0,14.1,14.5
289.205,43,106.0,1356.0,52.0,21.0,13.86,83.5,17.0,14.1,14.5
289.296,43,106.0,1356.0,53.0,21.0,13.86,83.5,17.0,14.1,14.5
289.356,43,106.0,1356.0,53.0,21.0,13.86,83.5,17.0,14.1,14.5
289.443,43,106.0,1356.0,53.0,21.0,13.97,83.5,17.0,14.1,14.5
289.533,43,106.0,1356.0,53.0,21.0,13.97,83.5,17.0,14.1,14.5
289.594,43,106.0,1356.0,53.0,21.0,13.97,83.5,17.0,14.1,14.5
289.655,43,106.0,1356.0,53.0,21.0,13.97,83.5,17.0,14.1,14.5
289.745,43,106.0,1356.0,53.0,21.0,13.97,83.5,17.0,14.1,14.5
289.805,44,106.0,1356.0,53.0,21.0,13.97,83.5,17.0,14.1,14.5
289.895,44,107.0,1356.0,53.0,21.0,13.97,83.5,17.0,14.1,14.5
289.957,44,107.0,1376.0,53.0,21.0,13.97,83.5,17.0,14.1,14.5
290.043,44,107.0,1376.0,53.0,21.0,13.97,83.5,17.0,14.1,14.5
290.105,44,107.0,1376.0,53.0,21.0,13.97,83.5,17.0,14.1,14.5
290.194,44,107.0,1376.0,53.0,21.0,14.05,83.5,17.0,14.1,14.5
290.256,44,107.0,1376.0,53.0,21.0,14.05,83.5,17.0,14.1,14.5
290.344,44,107.0,1376.0,53.0,21.0,14.05,83.5,17.0,14.1,14.5
290.405,44,107.0,1376.0,53.0,21.0,14.05,83.5,17.0,14.1,14.5
290.495,44,107.0,1376.0,53.0,21.0,14.05,83.5,17.0,14.1,14.5
290.555,44,107.0,1376.0,53.0,21.0,14.05,83.5,17.0,14.1,14.5
290.643,44,107.0,1376.0,53.0,21.0,14.05,83.5,17.0,14.1,14.5
290.704,44,107.0,1389.0,53.0,21.0,14.05,83.5,17.0,14.1,14.5
290.795,44,107.0,1389.0,54.0,21.0,14.05,83.5,17.0,14.1,14.5
290.856,44,107.0,1389.0,54.0,21.0,14.05,83.5,17.0,14.1,14.5
290.943,44,107.0,1389.0,54.0,21.0,14.41,83.5,17.0,14.1,14.5
291.005,44,107.0,1389.0,54.0,21.0,14.41,83.5,17.0,14.1,14.5
291.094,44,107.0,1389.0,54.0,21.0,14.41,83.5,17.0,14.1,14.5
291.159,44,107.0,1389.0,54.0,21.0,14.41,83.5,17.0,14.1,14.5
291.244,44,107.0,1389.0,54.0,21.0,14.41,83.5,17.0,14.1,14.5
291.306,44,107.0,1389.0,54.0,21.0,14.41,83.5,17.0,14.1,14.5
291.394,44,107.0,1389.0,54.0,21.0,14.41,83.5,17.0,14.1,14.5
291.456,44,107.0,1386.0,54.0,21.0,14.41,83.5,17.0,14.1,14.5
291.543,44,107.0,1386.0,54.0,21.0,14.41,83.5,17.0,14.1,14.5
291.605,44,107.0,1386.0,54.0,21.0,14.41,83.5,17.0,14.1,14.5
291.694,44,107.0,1386.0,54.0,21.0,14.44,83.5,17.0,14.1,14.5
291.754,44,107.0,1386.0,54.0,21.0,14.44,83.5,17.0,14.1,14.5
291.843,44,107.0,1386.0,54.0,21.0,14.44,83.5,17.0,14.1,14.5
291.904,44,107.0,1386.0,54.0,21.0,14.44,83.5,17.0,14.1,14.5
291.994,44,107.0,1386.0,54.0,21.0,14.44,83.5,17.0,14.1,14.5
292.056,44,107.0,1386.0,54.0,21.0,14.44,83.5,17.0,14.1,14.5
292.143,44,107.0,1386.0,54.0,21.0,14.44,83.5,17.0,14.1,14.5
292.206,44,107.0,1395.0,54.0,21.0,14.44,83.5,17.0,14.1,14.5
292.294,44,107.0,1395.0,55.0,21.0,14.44,83.5,17.0,14.1,14.5
292.363,44,107.0,1395.0,55.0,21.0,14.44,83.5,17.0,14.1,14.5
292.444,44,107.0,1395.0,55.0,21.0,14.61,83.5,17.0,14.1,14.5
292.503,44,107.0,1395.0,55.0,21.0,14.61,83.5,17.0,14.1,14.5
292.594,44,107.0,1395.0,55.0,21.0,14.61,83.5,17.0,14.1,14.5
292.684,44,107.0,1395.0,55.0,21.0,14.61,83.5,17.0,14.1,14.5
292.745,44,107.0,1395.0,55.0,21.0,14.61,83.5,17.0,14.1,14.5
292.804,44,107.0,1395.0,55.0,21.0,14.61,83.5,17.0,14.1,14.5
292.894,44,107.0,1395.0,55.0,21.0,14.61,83.5,17.0,14.1,14.5
293.015,44,107.0,1405.0,55.0,21.0,14.61,83.5,17.0,14.1,14.5
293.106,44,107.0,1405.0,55.0,21.0,14.61,83.5,17.0,14.1,14.5
293.195,44,107.0,1405.0,55.0,21.0,14.61,83.5,17.0,14.1,14.5
293.257,44,107.0,1405.0,55.0,21.0,14.69,83.5,17.0,14.1,14.5
293.343,44,107.0,1405.0,55.0,21.0,14.69,83.5,17.0,14.1,14.5
293.404,44,107.0,1405.0,55.0,21.0,14.69,83.5,17.0,14.1,14.5
293.494,44,107.0,1405.0,55.0,21.0,14.69,83.5,17.0,14.1,14.5
293.555,44,107.0,1405.0,55.0,21.0,14.69,83.5,17.0,14.1,14.5
293.643,44,107.0,1405.0,55.0,21.0,14.69,83.5,17.0,14.1,14.5
293.704,44,107.0,1405.0,55.0,21.0,14.69,83.5,17.0,14.1,14.5
293.794,44,107.0,1417.0,55.0,21.0,14.69,83.5,17.0,14.1,14.5
293.856,44,107.0,1417.0,55.0,21.0,14.69,83.5,17.0,14.1,14.5
293.944,44,107.0,1417.0,55.0,21.0,14.69,83.5,17.0,14.1,14.5
294.005,44,107.0,1417.0,55.0,21.0,14.72,83.5,17.0,14.1,14.5
294.094,44,107.0,1417.0,55.0,21.0,14.72,83.5,17.0,14.1,14.5
294.155,44,107.0,1417.0,55.0,21.0,14.72,83.5,17.0,14.1,14.5
294.243,44,107.0,1417.0,55.0,21.0,14.72,83.5,17.0,14.1,14.5
294.304,44,107.0,1417.0,55.0,21.0,14.72,83.5,17.0,14.1,14.5
294.395,44,107.0,1417.0,55.0,21.0,14.72,83.5,17.0,14.1,14.5
294.457,44,107.0,1417.0,55.0,21.0,14.72,83.5,17.0,14.1,14.5
294.543,44,107.0,1419.0,55.0,21.0,14.72,83.5,17.0,14.1,14.5
294.604,44,107.0,1419.0,55.0,21.0,14.72,83.5,17.0,14.1,14.5
294.723,44,107.0,1419.0,55.0,21.0,14.72,83.5,17.0,14.1,14.5
294.815,44,107.0,1419.0,55.0,21.0,14.91,83.5,17.0,14.1,14.5
294.903,44,107.0,1419.0,55.0,21.0,14.91,83.5,17.0,14.1,14.5
294.994,44,107.0,1419.0,55.0,21.0,14.91,83.5,17.0,14.1,14.5
295.055,44,107.0,1419.0,55.0,21.0,14.91,83.5,17.0,14.1,14.5
295.143,44,107.0,1419.0,55.0,21.0,14.91,83.5,17.0,14.1,14.5
295.204,44,107.0,1419.0,55.0,21.0,14.91,83.5,17.0,14.1,14.5
295.294,44,108.0,1419.0,55.0,21.0,14.91,83.5,17.0,14.1,14.5
295.356,44,108.0,1435.0,55.0,21.0,14.91,83.5,17.0,14.1,14.5
295.443,44,108.0,1435.0,56.0,21.0,14.91,83.5,17.0,14.1,14.5
295.504,44,108.0,1435.0,56.0,21.0,14.91,83.5,17.0,14.1,14.5
295.593,44,108.0,1435.0,56.0,21.0,14.86,83.5,17.0,14.1,14.5
295.655,44,108.0,1435.0,56.0,21.0,14.86,83.5,17.0,14.1,14.5
295.743,44,108.0,1435.0,56.0,21.0,14.86,83.5,17.0,14.1,14.5
295.805,44,108.0,1435.0,56.0,21.0,14.86,83.5,17.0,14.1,14.5
295.894,44,108.0,1435.0,56.0,21.0,14.86,83.5,17.0,14.1,14.5
295.955,44,108.0,1435.0,56.0,21.0,14.86,83.5,17.0,14.1,14.5
296.043,44,108.0,1435.0,56.0,21.0,14.86,83.5,17.0,14.1,14.5
296.105,44,108.0,1438.0,56.0,21.0,14.86,83.5,17.0,14.1,14.5
296.194,44,108.0,1438.0,56.0,21.0,14.86,83.5,17.0,14.1,14.5
296.257,44,108.0,1438.0,56.0,22.0,14.86,83.5,17.0,14.1,14.5
296.343,44,108.0,1438.0,56.0,22.0,15.02,83.5,17.0,14.1,14.5
296.406,44,108.0,1438.0,56.0,22.0,15.02,83.5,17.0,14.1,14.5
296.493,44,108.0,1438.0,56.0,22.0,15.02,83.5,17.0,14.1,14.5
296.554,44,108.0,1438.0,56.0,22.0,15.02,83.5,17.0,14.1,14.5
296.643,44,108.0,1438.0,56.0,22.0,15.02,83.5,17.0,14.1,14.5
296.705,44,108.0,1438.0,56.0,22.0,15.02,83.5,17.0,14.1,14.5
296.794,44,108.0,1438.0,56.0,22.0,15.02,83.5,17.0,14.1,14.5
296.857,44,108.0,1444.0,56.0,22.0,15.02,83.5,17.0,14.1,14.5
296.943,44,108.0,1444.0,56.0,22.0,15.02,83.5,17.0,14.1,14.5
297.004,44,108.0,1444.0,56.0,22.0,15.02,83.5,17.0,14.1,14.5
297.097,44,108.0,1444.0,56.0,22.0,15.05,83.5,17.0,14.1,14.5
297.156,44,108.0,1444.0,56.0,22.0,15.05,83.5,17.0,14.1,14.5
297.243,44,108.0,1444.0,56.0,22.0,15.05,83.5,17.0,14.1,14.5
297.305,44,108.0,1444.0,56.0,22.0,15.05,83.5,17.0,14.1,14.5
297.395,44,108.0,1444.0,56.0,22.0,15.05,83.5,17.0,14.1,14.5
297.465,44,108.0,1444.0,56.0,22.0,15.05,83.5,17.0,14.1,14.5
297.543,44,108.0,1444.0,56.0,22.0,15.05,83.5,17.0,14.1,14.5
297.604,44,108.0,1446.0,56.0,22.0,15.05,83.5,17.0,14.1,14.5
297.693,44,108.0,1446.0,56.0,22.0,15.05,83.5,17.0,14.1,14.5
297.784,44,108.0,1446.0,56.0,21.0,15.05,83.5,17.0,14.1,14.5
297.844,44,108.0,1446.0,56.0,21.0,15.02,83.5,17.0,14.1,14.5
297.904,44,108.0,1446.0,56.0,21.0,15.02,83.5,17.0,14.1,14.5
298.023,44,108.0,1446.0,56.0,21.0,15.02,83.5,17.0,14.1,14.5
298.116,44,108.0,1446.0,56.0,21.0,15.02,83.5,17.0,14.1,14.5
298.203,44,108.0,1446.0,56.0,21.0,15.02,83.5,17.0,14.1,14.5
298.295,44,108.0,1446.0,56.0,21.0,15.02,83.5,17.0,14.1,14.5
298.356,44,108.0,1446.0,56.0,21.0,15.02,83.5,17.0,14.1,14.5
298.444,44,108.0,1455.0,56.0,21.0,15.02,83.5,17.0,14.1,14.5
298.504,44,108.0,1455.0,56.0,21.0,15.02,83.5,17.0,14.1,14.5
298.594,44,108.0,1455.0,56.0,22.0,15.02,83.5,17.0,14.1,14.5
298.655,44,108.0,1455.0,56.0,22.0,15.24,83.5,17.0,14.1,14.5
298.745,44,108.0,1455.0,56.0,22.0,15.24,83.5,17.0,14.1,14.5
298.806,44,108.0,1455.0,56.0,22.0,15.24,83.5,17.0,14.1,14.5
298.894,44,108.0,1455.0,56.0,22.0,15.24,83.5,17.0,14.1,14.5
298.956,44,108.0,1455.0,56.0,22.0,15.24,83.5,17.0,14.1,14.5
299.043,44,108.0,1455.0,56.0,22.0,15.24,83.5,17.0,14.1,14.5
299.105,44,108.0,1455.0,56.0,22.0,15.24,83.5,17.0,14.1,14.5
299.195,44,108.0,1462.0,56.0,22.0,15.24,83.5,17.0,14.1,14.5
299.257,44,108.0,1462.0,57.0,22.0,15.24,83.5,17.0,14.1,14.5
299.343,44,108.0,1462.0,57.0,21.0,15.24,83.5,17.0,14.1,14.5
299.405,44,108.0,1462.0,57.0,21.0,14.97,83.5,17.0,14.1,14.5
299.493,44,108.0,1462.0,57.0,21.0,14.97,83.5,17.0,14.1,14.5
299.554,44,108.0,1462.0,57.0,21.0,14.97,83.5,17.0,14.1,14.5
299.644,44,108.0,1462.0,57.0,21.0,14.97,83.5,17.0,14.1,14.5
299.705,44,108.0,1462.0,57.0,21.0,14.97,83.5,17.0,14.1,14.5
299.794,44,108.0,1462.0,57.0,21.0,14.97,83.5,17.0,14.1,14.5
299.856,44,108.0,1462.0,57.0,21.0,14.97,83.5,17.0,14.1,14.5
299.944,44,108.0,1457.0,57.0,21.0,14.97,83.5,17.0,14.1,14.5
300.005,44,108.0,1457.0,57.0,21.0,14.97,83.5,17.0,14.1,14.5
300.095,44,108.0,1457.0,57.0,21.0,14.97,83.5,17.0,14.1,14.5
300.156,44,108.0,1457.0,57.0,21.0,14.99,83.5,17.0,14.1,14.5
300.243,44,108.0,1457.0,57.0,21.0,14.99,83.5,17.0,14.1,14.5
300.305,44,108.0,1457.0,57.0,21.0,14.99,83.5,17.0,14.1,14.5
300.395,44,108.0,1457.0,57.0,21.0,14.99,83.5,17.0,14.1,14.5
300.459,44,108.0,1457.0,57.0,21.0,14.99,83.5,17.0,14.1,14.5
300.543,44,108.0,1457.0,57.0,21.0,14.99,83.5,17.0,14.1,14.5
300.604,44,108.0,1457.0,57.0,21.0,14.99,83.5,17.0,14.1,14.5
300.694,44,108.0,1467.0,57.0,21.0,14.99,83.5,17.0,14.1,14.5
300.756,44,108.0,1467.0,57.0,21.0,14.99,83.5,17.0,14.1,14.5
300.844,44,108.0,1467.0,57.0,21.0,14.99,83.5,17.0,14.1,14.5
300.905,44,108.0,1467.0,57.0,21.0,15.02,83.5,17.0,14.1,14.5
300.995,44,108.0,1467.0,57.0,21.0,15.02,83.5,17.0,14.1,14.5
301.057,44,108.0,1467.0,57.0,21.0,15.02,83.5,17.0,14.1,14.5
301.144,44,108.0,1467.0,57.0,21.0,15.02,83.5,17.0,14.1,14.5
301.205,44,108.0,1467.0,57.0,21.0,15.02,83.5,17.0,14.1,14.5
301.294,44,108.0,1467.0,57.0,21.0,15.02,83.5,17.0,14.1,14.5
301.354,44,108.0,1467.0,57.0,21.0,15.02,83.5,17.0,14.1,14.5
301.443,44,108.0,1474.0,57.0,21.0,15.02,83.5,17.0,14.1,14.5
301.504,44,108.0,1474.0,57.0,21.0,15.02,83.5,17.0,14.1,14.5
301.593,44,108.0,1474.0,57.0,21.0,15.02,83.5,17.0,14.1,14.5
301.654,44,108.0,1474.0,57.0,21.0,15.44,83.5,17.0,14.1,14.5
301.744,44,108.0,1474.0,57.0,21.0,15.44,83.5,17.0,14.1,14.5
301.804,44,108.0,1474.0,57.0,21.0,15.44,83.5,17.0,14.1,14.5
301.894,44,108.0,1474.0,57.0,21.0,15.44,83.5,17.0,14.1,14.5
301.957,44,108.0,1474.0,57.0,21.0,15.44,83.5,17.0,14.1,14.5
302.043,45,108.0,1474.0,57.0,21.0,15.44,83.5,17.0,14.1,14.5
302.104,45,108.0,1474.0,57.0,21.0,15.44,83.5,17.0,14.1,14.5
302.194,45,108.0,1464.0,57.0,21.0,15.44,83.5,17.0,14.1,14.5
302.255,45,108.0,1464.0,57.0,21.0,15.44,83.5,17.0,14.1,14.5
302.343,45,108.0,1464.0,57.0,21.0,15.44,83.5,17.0,14.1,14.5
302.405,45,108.0,1464.0,57.0,21.0,15.13,83.5,17.0,14.1,14.5
302.494,45,108.0,1464.0,57.0,21.0,15.13,83.5,17.0,14.1,14.5
302.554,45,108.0,1464.0,57.0,21.0,15.13,83.5,17.0,14.1,14.5
302.643,45,108.0,1464.0,57.0,21.0,15.13,83.5,17.0,14.1,14.5
302.704,45,108.0,1464.0,57.0,21.0,15.13,83.5,17.0,14.1,14.5
302.794,45,108.0,1464.0,57.0,21.0,15.13,83.5,17.0,14.1,14.5
302.859,45,108.0,1464.0,57.0,21.0,15.13,83.5,17.0,14.1,14.5
302.945,45,108.0,1456.0,57.0,21.0,15.13,83.5,17.0,14.1,14.5
303.064,45,108.0,1456.0,57.0,21.0,15.13,83.5,17.0,14.1,14.5
303.154,45,108.0,1456.0,57.0,21.0,15.13,83.5,17.0,14.1,14.5
303.243,45,108.0,1456.0,57.0,21.0,15.24,83.5,17.0,14.1,14.5
303.306,45,108.0,1456.0,57.0,21.0,15.24,83.5,17.0,14.1,14.5
303.396,45,108.0,1456.0,57.0,21.0,15.24,83.5,17.0,14.1,14.5
303.456,45,108.0,1456.0,57.0,21.0,15.24,83.5,17.0,14.1,14.5
303.543,45,108.0,1456.0,57.0,21.0,15.24,83.5,17.0,14.1,14.5
303.604,45,108.0,1456.0,57.0,21.0,15.24,83.5,17.0,14.1,14.5
303.694,45,108.0,1456.0,57.0,21.0,15.24,83.5,17.0,14.1,14.5
303.755,45,108.0,1452.0,57.0,21.0,15.24,83.5,17.0,14.1,14.5
303.843,45,108.0,1452.0,56.0,21.0,15.24,83.5,17.0,14.1,14.5
303.905,45,108.0,1452.0,56.0,21.0,15.24,83.5,17.0,14.1,14.5
303.995,45,108.0,1452.0,56.0,21.0,13.61,83.5,17.0,14.1,14.5
304.056,45,108.0,1452.0,56.0,21.0,13.61,83.5,17.0,14.1,14.5
304.144,45,108.0,1452.0,56.0,21.0,13.61,83.5,17.0,14.1,14.5
304.204,45,108.0,1452.0,56.0,21.0,13.61,83.5,17.0,14.1,14.5
304.293,45,108.0,1452.0,56.0,21.0,13.61,83.5,17.0,14.1,14.5
304.355,45,108.0,1452.0,56.0,21.0,13.61,83.5,17.0,14.1,14.5
304.443,45,108.0,1452.0,56.0,21.0,13.61,83.5,17.0,14.1,14.5
304.504,45,108.0,921.0,56.0,21.0,13.61,83.5,17.0,14.1,14.5
304.593,45,108.0,921.0,57.0,21.0,13.61,83.5,17.0,14.1,14.5
304.653,45,108.0,921.0,57.0,20.0,13.61,83.5,17.0,14.1,14.5
304.743,45,108.0,921.0,57.0,20.0,10.27,83.5,17.0,14.1,14.5
304.803,45,108.0,921.0,57.0,20.0,10.27,83.5,17.0,14.1,14.5
304.893,45,108.0,921.0,57.0,20.0,10.27,83.5,17.0,14.1,14.5
304.954,45,108.0,921.0,57.0,20.0,10.27,83.5,17.0,14.1,14.5
305.042,45,108.0,921.0,57.0,20.0,10.27,83.5,17.0,14.1,14.5
305.103,45,108.0,921.0,57.0,20.0,10.27,83.5,17.0,14.1,14.5
305.193,45,103.0,921.0,57.0,20.0,10.27,83.5,17.0,14.1,14.5
305.253,45,103.0,1637.0,57.0,20.0,10.27,83.5,17.0,14.1,14.5
305.342,45,103.0,1637.0,55.0,20.0,10.27,83.5,17.0,14.1,14.5
305.404,45,103.0,1637.0,55.0,19.0,10.27,83.5,17.0,14.1,14.5
305.492,45,103.0,1637.0,55.0,19.0,21.05,83.5,17.0,14.1,14.5
305.553,45,103.0,1637.0,55.0,19.0,21.05,83.5,17.0,14.1,14.5
305.642,45,103.0,1637.0,55.0,19.0,21.05,83.5,17.0,14.1,14.5
305.704,45,103.0,1637.0,55.0,19.0,21.05,83.5,17.0,14.1,14.5
305.793,45,103.0,1637.0,55.0,19.0,21.05,83.5,17.0,14.1,14.5
305.854,45,103.0,1637.0,55.0,19.0,21.05,83.5,17.0,14.1,14.5
305.943,45,109.0,1637.0,55.0,19.0,21.05,83.5,17.0,14.1,14.5
306.004,45,109.0,2047.0,55.0,19.0,21.05,83.5,17.0,14.1,14.5
306.093,45,109.0,2047.0,55.0,19.0,21.05,83.5,17.0,14.1,14.5
306.154,45,109.0,2047.0,55.0,23.0,21.05,83.5,17.0,14.1,14.5
306.243,45,109.0,2047.0,55.0,23.0,23.05,83.5,17.0,14.1,14.5
306.304,45,109.0,2047.0,55.0,23.0,23.05,83.5,17.0,14.1,14.5
306.393,45,109.0,2047.0,55.0,23.0,23.05,83.5,17.0,14.1,14.5
306.454,45,109.0,2047.0,55.0,23.0,23.05,83.5,17.0,14.1,14.5
306.573,45,109.0,2047.0,55.0,23.0,23.05,83.5,17.0,14.1,14.5
306.634,45,109.0,2047.0,55.0,23.0,23.05,83.5,17.0,14.1,14.5
306.694,45,114.0,2047.0,55.0,23.0,23.05,83.5,17.0,14.1,14.5
306.754,45,114.0,1986.0,55.0,23.0,23.05,83.5,17.0,14.1,14.5
306.842,45,114.0,1986.0,53.0,23.0,23.05,83.5,17.0,14.1,14.5
306.903,45,114.0,1986.0,53.0,23.0,23.05,83.5,17.0,14.1,14.5
306.993,45,114.0,1986.0,53.0,23.0,21.74,83.5,17.0,14.1,14.5
307.054,45,114.0,1986.0,53.0,23.0,21.74,83.5,17.0,14.1,14.5
307.142,45,114.0,1986.0,53.0,23.0,21.74,83.5,17.0,14.1,14.5
307.232,45,114.0,1986.0,53.0,23.0,21.74,83.5,17.0,14.1,14.5
307.323,45,114.0,1986.0,53.0,23.0,21.74,83.5,17.0,14.1,14.5
307.384,45,114.0,1986.0,53.0,23.0,21.74,83.5,17.0,14.1,14.5
307.443,45,114.0,1986.0,53.0,23.0,21.74,83.5,17.0,14.1,14.5
307.504,45,114.0,1813.0,53.0,23.0,21.74,83.5,17.0,14.1,14.5
307.593,45,114.0,1813.0,48.0,23.0,21.74,83.5,17.0,14.1,14.5
307.654,45,114.0,1813.0,48.0,23.0,21.74,83.5,17.0,14.1,14.5
307.743,45,114.0,1813.0,48.0,23.0,18.83,83.5,17.0,14.1,14.5
307.833,45,114.0,1813.0,48.0,23.0,18.83,83.5,17.0,14.1,14.5
307.893,45,114.0,1813.0,48.0,23.0,18.83,83.5,17.0,14.1,14.5
307.983,45,114.0,1813.0,48.0,23.0,18.83,83.5,17.0,14.1,14.5
308.044,45,114.0,1813.0,48.0,23.0,18.83,83.5,17.0,14.1,14.5
308.133,45,114.0,1813.0,48.0,23.0,18.83,83.5,17.0,14.1,14.5
308.194,45,114.0,1813.0,48.0,23.0,18.83,83.5,17.0,14.1,14.5
308.283,45,114.0,1548.0,48.0,23.0,18.83,83.5,17.0,14.1,14.5
308.343,45,114.0,1548.0,42.0,23.0,18.83,83.5,17.0,14.1,14.5
308.433,45,114.0,1548.0,42.0,22.0,18.83,83.5,17.0,14.1,14.5
308.494,45,114.0,1548.0,42.0,22.0,15.47,83.5,17.0,14.1,14.5
308.583,45,114.0,1548.0,42.0,22.0,15.47,83.5,17.0,14.1,14.5
308.644,45,114.0,1548.0,42.0,22.0,15.47,83.5,17.0,14.1,14.5
308.733,45,114.0,1548.0,42.0,22.0,15.47,83.5,17.0,14.1,14.5
308.794,45,114.0,1548.0,42.0,22.0,15.47,83.5,17.0,14.1,14.5
308.883,45,114.0,1548.0,42.0,22.0,15.47,83.5,17.0,14.1,14.5
308.943,45,112.0,1548.0,42.0,22.0,15.47,83.5,17.0,14.1,14.5
309.033,45,112.0,1088.0,42.0,22.0,15.47,83.5,17.0,14.1,14.5
309.094,45,112.0,1088.0,35.0,22.0,15.47,83.5,17.0,14.1,14.5
309.183,45,112.0,1088.0,35.0,21.0,15.47,83.5,17.0,14.1,14.5
309.244,45,112.0,1088.0,35.0,21.0,8.36,83.5,17.0,14.1,14.5
309.333,45,112.0,1088.0,35.0,21.0,8.36,83.5,17.0,14.1,14.5
309.394,45,112.0,1088.0,35.0,21.0,8.36,83.5,17.0,14.1,14.5
309.482,45,112.0,1088.0,35.0,21.0,8.36,83.5,17.0,14.1,14.5
309.544,45,112.0,1088.0,35.0,21.0,8.36,83.5,17.0,14.1,14.5
309.633,45,112.0,1088.0,35.0,21.0,8.36,83.5,17.0,14.1,14.5
309.694,45,107.0,1088.0,35.0,21.0,8.36,83.5,17.0,14.1,14.5
309.783,45,107.0,914.0,35.0,21.0,8.36,83.5,17.0,14.1,14.5
309.843,45,107.0,914.0,30.0,21.0,8.36,83.5,17.0,14.1,14.5
309.933,45,107.0,914.0,30.0,19.0,8.36,83.5,17.0,14.1,14.5
309.994,45,107.0,914.0,30.0,19.0,9.83,83.5,17.0,14.1,14.5
310.083,45,107.0,914.0,30.0,19.0,9.83,83.5,17.0,14.1,14.5
310.143,45,107.0,914.0,30.0,19.0,9.83,83.5,17.0,14.1,14.5
310.233,45,107.0,914.0,30.0,19.0,9.83,83.5,17.0,14.1,14.5
310.294,45,107.0,914.0,30.0,19.0,9.83,83.5,17.0,14.1,14.5
310.383,45,107.0,914.0,30.0,19.0,9.83,83.5,17.0,14.1,14.5
310.444,45,104.0,914.0,30.0,19.0,9.83,83.5,17.0,14.1,14.5
310.533,45,104.0,907.0,30.0,19.0,9.83,83.5,17.0,14.1,14.5
310.594,45,104.0,907.0,25.0,19.0,9.83,83.5,17.0,14.1,14.5
310.683,45,104.0,907.0,25.0,18.0,9.83,83.5,17.0,14.1,14.5
310.743,45,104.0,907.0,25.0,18.0,9.22,83.5,17.0,14.1,14.5
310.833,45,104.0,907.0,25.0,18.0,9.22,83.5,17.0,14.1,14.5
310.894,45,104.0,907.0,25.0,18.0,9.22,83.5,17.0,14.1,14.5
310.983,45,104.0,907.0,25.0,18.0,9.22,83.5,17.0,14.1,14.5
311.044,45,104.0,907.0,25.0,18.0,9.22,83.5,17.0,14.1,14.5
311.133,45,104.0,907.0,25.0,18.0,9.22,83.5,17.0,14.1,14.5
311.194,45,103.0,907.0,25.0,18.0,9.22,83.5,17.0,14.1,14.5
311.283,45,103.0,904.0,25.0,18.0,9.22,83.5,17.0,14.1,14.5
311.343,45,103.0,904.0,20.0,18.0,9.22,83.5,17.0,14.1,14.5
311.432,45,103.0,904.0,20.0,18.0,9.22,83.5,17.0,14.1,14.5
311.493,45,103.0,904.0,20.0,18.0,8.97,83.5,17.0,14.1,14.5
311.583,45,103.0,904.0,20.0,18.0,8.97,83.5,17.0,14.1,14.5
311.644,45,103.0,904.0,20.0,18.0,8.97,83.5,17.0,14.1,14.5
311.733,45,103.0,904.0,20.0,18.0,8.97,83.5,17.0,14.1,14.5
311.794,45,103.0,904.0,20.0,18.0,8.97,83.5,17.0,14.1,14.5
311.883,45,103.0,904.0,20.0,18.0,8.97,83.5,17.0,14.1,14.5
311.944,45,103.0,904.0,20.0,18.0,8.97,83.5,17.0,14.1,14.5
312.033,45,103.0,906.0,20.0,18.0,8.97,83.5,17.0,14.1,14.5
312.094,45,103.0,906.0,14.0,18.0,8.97,83.5,17.0,14.1,14.5
312.183,45,103.0,906.0,14.0,18.0,8.97,83.5,17.0,14.1,14.5
312.244,45,103.0,906.0,14.0,18.0,8.97,83.5,17.0,14.1,14.5
312.333,45,103.0,906.0,14.0,18.0,8.97,83.5,17.0,14.1,14.5
312.394,45,103.0,906.0,14.0,18.0,8.97,83.5,17.0,14.1,14.5
312.483,45,103.0,906.0,14.0,18.0,8.97,83.5,17.0,14.1,14.5
312.544,45,103.0,906.0,14.0,18.0,8.97,83.5,17.0,14.1,14.5
312.633,45,103.0,906.0,14.0,18.0,8.97,83.5,17.0,14.1,14.5
312.694,45,103.0,906.0,14.0,18.0,8.97,83.5,17.0,14.1,14.5
312.783,45,103.0,904.0,14.0,18.0,8.97,83.5,17.0,14.1,14.5
312.844,45,103.0,904.0,11.0,18.0,8.97,83.5,17.0,14.1,14.5
312.933,45,103.0,904.0,11.0,18.0,8.97,83.5,17.0,14.1,14.5
313.053,45,103.0,904.0,11.0,18.0,8.74,83.5,17.0,14.1,14.5
313.143,45,103.0,904.0,11.0,18.0,8.74,83.5,17.0,14.1,14.5
313.233,45,103.0,904.0,11.0,18.0,8.74,83.5,17.0,14.1,14.5
313.294,45,103.0,904.0,11.0,18.0,8.74,83.5,17.0,21.6,14.5
313.383,45,103.0,904.0,11.0,18.0,8.74,83.5,17.0,21.6,23.1
313.444,45,103.0,904.0,11.0,18.0,8.74,83.5,17.0,21.6,23.1
313.533,45,103.0,904.0,11.0,18.0,8.74,83.5,17.0,21.6,23.1
313.594,45,103.0,1029.0,11.0,18.0,8.74,83.5,17.0,21.6,23.1
313.682,45,103.0,1029.0,13.0,18.0,8.74,83.5,17.0,21.6,23.1
313.743,45,103.0,1029.0,13.0,18.0,8.74,83.5,17.0,21.6,23.1
313.833,45,103.0,1029.0,13.0,18.0,13.49,83.5,17.0,21.6,23.1
313.894,45,103.0,1029.0,13.0,18.0,13.49,83.5,17.0,21.6,23.1
313.983,45,103.0,1029.0,13.0,18.0,13.49,83.5,17.0,21.6,23.1
314.044,45,103.0,1029.0,13.0,18.0,13.49,83.5,17.0,31.8,23.1
314.133,45,103.0,1029.0,13.0,18.0,13.49,83.5,17.0,31.8,32.2
314.194,45,103.0,1029.0,13.0,18.0,13.49,83.5,17.0,31.8,32.2
314.283,45,106.0,1029.0,13.0,18.0,13.49,83.5,17.0,31.8,32.2
314.343,45,106.0,989.0,13.0,18.0,13.49,83.5,17.0,31.8,32.2
314.433,45,106.0,989.0,17.0,18.0,13.49,83.5,17.0,31.8,32.2
314.494,45,106.0,989.0,17.0,21.0,13.49,83.5,17.0,31.8,32.2
314.583,45,106.0,989.0,17.0,21.0,17.63,83.5,17.0,31.8,32.2
314.644,45,106.0,989.0,17.0,21.0,17.63,83.5,17.0,31.8,32.2
314.733,45,106.0,989.0,17.0,21.0,17.63,83.5,17.0,31.8,32.2
314.794,45,106.0,989.0,17.0,21.0,17.63,83.5,17.0,51.0,32.2
314.883,45,106.0,989.0,17.0,21.0,17.63,83.5,17.0,51.0,52.2
314.944,45,106.0,989.0,17.0,21.0,17.63,83.5,17.0,51.0,52.2
315.033,45,112.0,989.0,17.0,21.0,17.63,83.5,17.0,51.0,52.2
315.094,45,112.0,1308.0,17.0,21.0,17.63,83.5,17.0,51.0,52.2
315.183,45,112.0,1308.0,22.0,21.0,17.63,83.5,17.0,51.0,52.2
315.244,45,112.0,1308.0,22.0,23.0,17.63,83.5,17.0,51.0,52.2
315.333,45,112.0,1308.0,22.0,23.0,27.19,83.5,17.0,51.0,52.2
315.394,45,112.0,1308.0,22.0,23.0,27.19,83.5,17.0,51.0,52.2
315.483,45,112.0,1308.0,22.0,23.0,27.19,83.5,17.0,51.0,52.2
315.544,45,112.0,1308.0,22.0,23.0,27.19,83.5,17.0,44.3,52.2
315.633,45,112.0,1308.0,22.0,23.0,27.19,83.5,17.0,44.3,41.2
315.694,45,112.0,1308.0,22.0,23.0,27.19,83.5,17.0,44.3,41.2
315.783,45,132.0,1308.0,22.0,23.0,27.19,83.5,17.0,44.3,41.2
315.844,45,132.0,1567.0,22.0,23.0,27.19,83.5,17.0,44.3,41.2
315.933,45,132.0,1567.0,28.0,23.0,27.19,83.5,17.0,44.3,41.2
315.994,45,132.0,1567.0,28.0,23.0,27.19,83.5,17.0,44.3,41.2
316.083,45,132.0,1567.0,28.0,23.0,26.02,83.5,17.0,44.3,41.2
316.144,45,132.0,1567.0,28.0,23.0,26.02,31.0,17.0,44.3,41.2
316.233,45,132.0,1567.0,28.0,23.0,26.02,31.0,17.0,44.3,41.2
316.294,45,132.0,1567.0,28.0,23.0,26.02,31.0,17.0,14.1,41.2
316.383,45,132.0,1567.0,28.0,23.0,26.02,31.0,17.0,14.1,14.5
316.444,45,132.0,1567.0,28.0,23.0,26.02,31.0,17.0,14.1,14.5
316.533,45,105.0,1567.0,28.0,23.0,26.02,31.0,17.0,14.1,14.5
316.594,45,105.0,907.0,28.0,23.0,26.02,31.0,17.0,14.1,14.5
316.683,45,105.0,907.0,28.0,23.0,26.02,31.0,17.0,14.1,14.5
316.744,45,105.0,907.0,28.0,25.0,26.02,31.0,17.0,14.1,14.5
316.833,45,105.0,907.0,28.0,25.0,8.55,31.0,17.0,14.1,14.5
316.895,45,105.0,907.0,28.0,25.0,8.55,83.5,17.0,14.1,14.5
316.983,45,105.0,907.0,28.0,25.0,8.55,83.5,17.0,14.1,14.5
317.043,45,105.0,907.0,28.0,25.0,8.55,83.5,17.0,14.1,14.5
317.133,45,105.0,907.0,28.0,25.0,8.55,83.5,17.0,14.1,14.5
317.194,45,105.0,907.0,28.0,25.0,8.55,83.5,17.0,14.1,14.5
317.283,45,106.0,907.0,28.0,25.0,8.55,83.5,17.0,14.1,14.5
317.344,45,106.0,908.0,28.0,25.0,8.55,83.5,17.0,14.1,14.5
317.433,45,106.0,908.0,29.0,25.0,8.55,83.5,17.0,14.1,14.5
317.494,45,106.0,908.0,29.0,21.0,8.55,83.5,17.0,14.1,14.5
317.583,45,106.0,908.0,29.0,21.0,9.66,83.5,17.0,14.1,14.5
317.644,45,106.0,908.0,29.0,21.0,9.66,83.5,17.0,14.1,14.5
317.733,45,106.0,908.0,29.0,21.0,9.66,83.5,17.0,14.1,14.5
317.794,45,106.0,908.0,29.0,21.0,9.66,83.5,17.0,14.1,14.5
317.883,45,106.0,908.0,29.0,21.0,9.66,83.5,17.0,14.1,14.5
317.944,45,106.0,908.0,29.0,21.0,9.66,83.5,17.0,14.1,14.5
318.034,45,105.0,908.0,29.0,21.0,9.66,83.5,17.0,14.1,14.5
318.095,45,105.0,908.0,29.0,21.0,9.66,83.5,17.0,14.1,14.5
318.183,45,105.0,908.0,30.0,21.0,9.66,83.5,17.0,14.1,14.5
318.244,45,105.0,908.0,30.0,18.0,9.66,83.5,17.0,14.1,14.5
318.333,45,105.0,908.0,30.0,18.0,9.16,83.5,17.0,14.1,14.5
318.394,45,105.0,908.0,30.0,18.0,9.16,83.5,17.0,14.1,14.5
318.483,45,105.0,908.0,30.0,18.0,9.16,83.5,17.0,14.1,14.5
318.544,45,105.0,908.0,30.0,18.0,9.16,83.5,17.0,14.1,14.5
318.633,45,105.0,908.0,30.0,18.0,9.16,83.5,17.0,14.1,14.5
318.694,46,105.0,908.0,30.0,18.0,9.16,83.5,17.0,14.1,14.5
318.783,46,104.0,908.0,30.0,18.0,9.16,83.5,17.0,14.1,14.5
318.844,46,104.0,904.0,30.0,18.0,9.16,83.5,17.0,14.1,14.5
318.933,46,104.0,904.0,30.0,18.0,9.16,83.5,17.0,14.1,14.5
318.994,46,104.0,904.0,30.0,18.0,9.16,83.5,17.0,14.1,14.5
319.083,46,104.0,904.0,30.0,18.0,9.08,83.5,17.0,14.1,14.5
319.144,46,104.0,904.0,30.0,18.0,9.08,83.5,17.0,14.1,14.5
319.263,46,104.0,904.0,30.0,18.0,9.08,83.5,17.0,14.1,14.5
319.353,46,104.0,904.0,30.0,18.0,9.08,83.5,17.0,14.1,14.5
319.443,46,104.0,904.0,30.0,18.0,9.08,83.5,17.0,14.1,14.5
319.533,46,104.0,904.0,30.0,18.0,9.08,83.5,17.0,14.1,14.5
319.594,46,103.0,904.0,30.0,18.0,9.08,83.5,17.0,14.1,14.5
319.683,46,103.0,905.0,30.0,18.0,9.08,83.5,17.0,14.1,14.5
319.744,46,103.0,905.0,31.0,18.0,9.08,83.5,17.0,14.1,14.5
319.833,46,103.0,905.0,31.0,18.0,9.08,83.5,17.0,14.1,14.5
319.894,46,103.0,905.0,31.0,18.0,9.02,83.5,17.0,14.1,14.5
319.983,46,103.0,905.0,31.0,18.0,9.02,83.5,17.0,14.1,14.5
320.044,46,103.0,905.0,31.0,18.0,9.02,83.5,17.0,14.1,14.5
320.133,46,103.0,905.0,31.0,18.0,9.02,83.5,17.0,14.1,14.5
320.223,46,103.0,905.0,31.0,18.0,9.02,83.5,17.0,14.1,14.5
320.313,46,103.0,905.0,31.0,18.0,9.02,83.5,17.0,14.1,14.5
320.403,46,103.0,905.0,31.0,18.0,9.02,83.5,17.0,14.1,14.5
320.492,46,103.0,905.0,31.0,18.0,9.02,83.5,17.0,14.1,14.5
320.583,46,103.0,905.0,30.0,18.0,9.02,83.5,17.0,14.1,14.5
320.644,46,103.0,905.0,30.0,18.0,9.02,83.5,17.0,14.1,14.5
320.733,46,103.0,905.0,30.0,18.0,9.05,83.5,17.0,14.1,14.5
320.794,46,103.0,905.0,30.0,18.0,9.05,83.5,17.0,14.1,14.5
320.883,46,103.0,905.0,30.0,18.0,9.05,83.5,17.0,14.1,14.5
320.944,46,103.0,905.0,30.0,18.0,9.05,83.5,17.0,14.1,14.5
321.033,46,103.0,905.0,30.0,18.0,9.05,83.5,17.0,14.1,14.5
321.094,46,103.0,905.0,30.0,18.0,9.05,83.5,17.0,14.1,14.5
321.183,46,103.0,905.0,30.0,18.0,9.05,83.5,17.0,14.1,14.5
321.244,46,103.0,906.0,30.0,18.0,9.05,83.5,17.0,14.1,14.5
321.333,46,103.0,906.0,27.0,18.0,9.05,83.5,17.0,14.1,14.5
321.394,46,103.0,906.0,27.0,18.0,9.05,83.5,17.0,14.1,14.5
321.483,46,103.0,906.0,27.0,18.0,9.02,83.5,17.0,14.1,14.5
321.543,46,103.0,906.0,27.0,18.0,9.02,83.5,17.0,14.1,14.5
321.633,46,103.0,906.0,27.0,18.0,9.02,83.5,17.0,14.1,14.5
321.694,46,103.0,906.0,27.0,18.0,9.02,83.5,17.0,14.1,14.5
321.783,46,103.0,906.0,27.0,18.0,9.02,83.5,17.0,14.1,14.5
321.844,46,103.0,906.0,27.0,18.0,9.02,83.5,17.0,14.1,14.5
321.933,46,103.0,906.0,27.0,18.0,9.02,83.5,17.0,14.1,14.5
321.994,46,103.0,905.0,27.0,18.0,9.02,83.5,17.0,14.1,14.5
322.083,46,103.0,905.0,24.0,18.0,9.02,83.5,17.0,14.1,14.5
322.144,46,103.0,905.0,24.0,18.0,9.02,83.5,17.0,14.1,14.5
322.233,46,103.0,905.0,24.0,18.0,9.02,83.5,17.0,14.1,14.5
322.294,46,103.0,905.0,24.0,18.0,9.02,83.5,17.0,14.1,14.5
322.382,46,103.0,905.0,24.0,18.0,9.02,83.5,17.0,14.1,14.5
322.444,46,103.0,905.0,24.0,18.0,9.02,83.5,17.0,14.1,14.5
322.533,46,103.0,905.0,24.0,18.0,9.02,83.5,17.0,14.1,14.5
322.594,46,103.0,905.0,24.0,18.0,9.02,83.5,17.0,14.1,14.5
322.683,46,103.0,905.0,24.0,18.0,9.02,83.5,17.0,14.1,14.5
322.744,46,103.0,906.0,24.0,18.0,9.02,83.5,17.0,14.1,14.5
322.833,46,103.0,906.0,22.0,18.0,9.02,83.5,17.0,14.1,14.5
322.894,46,103.0,906.0,22.0,18.0,9.02,83.5,17.0,14.1,14.5
322.983,46,103.0,906.0,22.0,18.0,8.83,83.5,17.0,14.1,14.5
323.043,46,103.0,906.0,22.0,18.0,8.83,83.5,17.0,14.1,14.5
323.133,46,103.0,906.0,22.0,18.0,8.83,83.5,17.0,14.1,14.5
323.194,46,103.0,906.0,22.0,18.0,8.83,83.5,17.0,14.1,14.5
323.283,46,103.0,906.0,22.0,18.0,8.83,83.5,17.0,14.1,14.5
323.344,46,103.0,906.0,22.0,18.0,8.83,83.5,17.0,14.1,14.5
323.433,46,103.0,906.0,22.0,18.0,8.83,83.5,17.0,14.1,14.5
323.494,46,103.0,906.0,22.0,18.0,8.83,83.5,17.0,14.1,14.5
323.583,46,103.0,906.0,19.0,18.0,8.83,83.5,17.0,14.1,14.5
323.644,46,103.0,906.0,19.0,18.0,8.83,83.5,17.0,14.1,14.5
323.733,46,103.0,906.0,19.0,18.0,8.97,83.5,17.0,14.1,14.5
323.794,46,103.0,906.0,19.0,18.0,8.97,83.5,17.0,14.1,14.5
323.883,46,103.0,906.0,19.0,18.0,8.97,83.5,17.0,14.1,14.5
323.944,46,103.0,906.0,19.0,18.0,8.97,83.5,17.0,14.1,14.5
324.033,46,103.0,906.0,19.0,18.0,8.97,83.5,17.0,14.1,14.5
324.094,46,103.0,906.0,19.0,18.0,8.97,83.5,17.0,14.1,14.5
324.183,46,103.0,906.0,19.0,18.0,8.97,83.5,17.0,14.1,14.5
324.244,46,103.0,906.0,19.0,18.0,8.97,83.5,17.0,14.1,14.5
324.333,46,103.0,906.0,16.0,18.0,8.97,83.5,17.0,14.1,14.5
324.394,46,103.0,906.0,16.0,18.0,8.97,83.5,17.0,14.1,14.5
324.485,46,103.0,906.0,16.0,18.0,8.74,83.5,17.0,14.1,14.5
324.544,46,103.0,906.0,16.0,18.0,8.74,83.5,17.0,14.1,14.5
324.633,46,103.0,906.0,16.0,18.0,8.74,83.5,17.0,14.1,14.5
324.694,46,103.0,906.0,16.0,18.0,8.74,83.5,17.0,14.1,14.5
324.783,46,103.0,906.0,16.0,18.0,8.74,83.5,17.0,14.1,14.5
324.844,46,103.0,906.0,16.0,18.0,8.74,83.5,17.0,14.1,14.5
324.933,46,103.0,906.0,16.0,18.0,8.74,83.5,17.0,14.1,14.5
324.994,46,103.0,907.0,16.0,18.0,8.74,83.5,17.0,14.1,14.5
325.083,46,103.0,907.0,12.0,18.0,8.74,83.5,17.0,14.1,14.5
325.143,46,103.0,907.0,12.0,19.0,8.74,83.5,17.0,14.1,14.5
325.233,46,103.0,907.0,12.0,19.0,8.86,83.5,17.0,14.1,14.5
325.323,46,103.0,907.0,12.0,19.0,8.86,83.5,17.0,14.1,14.5
325.384,46,103.0,907.0,12.0,19.0,8.86,83.5,17.0,14.1,14.5
325.444,46,103.0,907.0,12.0,19.0,8.86,83.5,17.0,14.1,14.5
325.533,46,103.0,907.0,12.0,19.0,8.86,83.5,17.0,14.1,14.5
325.623,46,103.0,907.0,12.0,19.0,8.86,83.5,17.0,14.1,14.5
325.713,46,103.0,907.0,12.0,19.0,8.86,83.5,17.0,14.1,14.5
325.803,46,103.0,906.0,12.0,19.0,8.86,83.5,17.0,14.1,14.5
325.893,46,103.0,906.0,5.0,19.0,8.86,83.5,17.0,14.1,14.5
325.983,46,103.0,906.0,5.0,19.0,8.86,83.5,17.0,14.1,14.5
326.073,46,103.0,906.0,5.0,19.0,8.94,83.5,17.0,14.1,14.5
326.163,46,103.0,906.0,5.0,19.0,8.94,83.5,17.0,14.1,14.5
326.253,46,103.0,906.0,5.0,19.0,8.94,83.5,17.0,14.1,14.5
326.343,46,103.0,906.0,5.0,19.0,8.94,83.5,17.0,14.1,14.5
326.433,46,103.0,906.0,5.0,19.0,8.94,83.5,17.0,14.1,14.5
326.523,46,103.0,906.0,5.0,19.0,8.94,83.5,17.0,14.1,14.5
326.613,46,103.0,906.0,5.0,19.0,8.94,83.5,17.0,14.1,14.5
326.703,46,103.0,901.0,5.0,19.0,8.94,83.5,17.0,14.1,14.5
326.823,46,103.0,901.0,3.0,19.0,8.94,83.5,17.0,14.1,14.5
326.913,46,103.0,901.0,3.0,19.0,8.94,83.5,17.0,14.1,14.5
327.003,46,103.0,901.0,3.0,19.0,8.74,83.5,17.0,14.1,14.5
327.093,46,103.0,901.0,3.0,19.0,8.74,83.5,17.0,14.1,14.5
327.183,46,103.0,901.0,3.0,19.0,8.74,83.5,17.0,14.1,14.5
327.273,46,103.0,901.0,3.0,19.0,8.74,83.5,17.0,15.3,14.5
327.363,46,103.0,901.0,3.0,19.0,8.74,83.5,17.0,15.3,14.9
327.453,46,103.0,901.0,3.0,19.0,8.74,83.5,17.0,15.3,14.9
327.543,46,103.0,901.0,3.0,19.0,8.74,83.5,17.0,15.3,14.9
327.633,46,103.0,932.0,3.0,19.0,8.74,83.5,17.0,15.3,14.9
327.723,46,103.0,932.0,4.0,19.0,8.74,83.5,17.0,15.3,14.9
327.813,46,103.0,932.0,4.0,19.0,8.74,83.5,17.0,15.3,14.9
327.903,46,103.0,932.0,4.0,19.0,9.13,83.5,17.0,15.3,14.9
327.993,46,103.0,932.0,4.0,19.0,9.13,83.5,17.0,15.3,14.9
328.113,46,103.0,932.0,4.0,19.0,9.13,83.5,17.0,15.3,14.9
328.203,46,103.0,932.0,4.0,19.0,9.13,83.5,17.0,14.1,14.9
328.293,46,103.0,932.0,4.0,19.0,9.13,83.5,17.0,14.1,14.5
328.383,46,103.0,932.0,4.0,19.0,9.13,83.5,17.0,14.1,14.5
328.473,46,103.0,932.0,4.0,19.0,9.13,83.5,17.0,14.1,14.5
328.563,46,103.0,936.0,4.0,19.0,9.13,83.5,17.0,14.1,14.5
328.653,46,103.0,936.0,5.0,19.0,9.13,83.5,17.0,14.1,14.5
328.743,46,103.0,936.0,5.0,20.0,9.13,83.5,17.0,14.1,14.5
328.833,46,103.0,936.0,5.0,20.0,8.91,83.5,17.0,14.1,14.5
328.923,46,103.0,936.0,5.0,20.0,8.91,83.5,17.0,14.1,14.5
329.013,46,103.0,936.0,5.0,20.0,8.91,83.5,17.0,14.1,14.5
329.103,46,103.0,936.0,5.0,20.0,8.91,83.5,17.0,14.1,14.5
329.193,46,103.0,936.0,5.0,20.0,8.91,83.5,17.0,14.1,14.5
329.283,46,103.0,936.0,5.0,20.0,8.91,83.5,17.0,14.1,14.5
329.373,46,103.0,936.0,5.0,20.0,8.91,83.5,17.0,14.1,14.5
329.463,46,103.0,885.0,5.0,20.0,8.91,83.5,17.0,14.1,14.5
329.553,46,103.0,885.0,5.0,20.0,8.91,83.5,17.0,14.1,14.5
329.643,46,103.0,885.0,5.0,19.0,8.91,83.5,17.0,14.1,14.5
329.733,46,103.0,885.0,5.0,19.0,8.86,83.5,17.0,14.1,14.5
329.823,46,103.0,885.0,5.0,19.0,8.86,83.5,17.0,14.1,14.5
329.913,46,103.0,885.0,5.0,19.0,8.86,83.5,17.0,14.1,14.5
330.003,46,103.0,885.0,5.0,19.0,8.86,83.5,17.0,14.1,14.5
330.093,46,103.0,885.0,5.0,19.0,8.86,83.5,17.0,14.1,14.5
330.183,46,103.0,885.0,5.0,19.0,8.86,83.5,17.0,14.1,14.5
330.273,46,103.0,885.0,5.0,19.0,8.86,83.5,17.0,14.1,14.5
330.363,46,103.0,902.0,5.0,19.0,8.86,83.5,17.0,14.1,14.5
330.483,46,103.0,902.0,5.0,19.0,8.86,83.5,17.0,14.1,14.5
330.573,46,103.0,902.0,5.0,19.0,8.86,83.5,17.0,14.1,14.5
330.663,46,103.0,902.0,5.0,19.0,9.08,83.5,17.0,14.1,14.5
330.753,46,103.0,902.0,5.0,19.0,9.08,83.5,17.0,14.1,14.5
330.843,46,103.0,902.0,5.0,19.0,9.08,83.5,17.0,14.1,14.5
330.933,46,103.0,902.0,5.0,19.0,9.08,83.5,17.0,14.1,14.5
331.024,46,103.0,902.0,5.0,19.0,9.08,83.5,17.0,14.1,14.1
331.113,46,103.0,902.0,5.0,19.0,9.08,83.5,17.0,14.1,14.1
331.203,46,103.0,902.0,5.0,19.0,9.08,83.5,17.0,14.1,14.1
331.293,46,103.0,907.0,5.0,19.0,9.08,83.5,17.0,14.1,14.1
331.383,46,103.0,907.0,5.0,19.0,9.08,83.5,17.0,14.1,14.1
331.473,46,103.0,907.0,5.0,19.0,9.08,83.5,17.0,14.1,14.1
331.563,46,103.0,907.0,5.0,19.0,9.08,83.5,17.0,14.1,14.1
331.653,46,103.0,907.0,5.0,19.0,9.08,83.5,17.0,14.1,14.1
331.743,46,103.0,907.0,5.0,19.0,9.08,83.5,17.0,14.1,14.1
331.833,46,103.0,907.0,5.0,19.0,9.08,83.5,17.0,14.1,14.1
331.923,46,103.0,907.0,5.0,19.0,9.08,83.5,17.0,14.1,14.5
332.013,46,103.0,907.0,5.0,19.0,9.08,83.5,17.0,14.1,14.5
332.103,46,103.0,907.0,5.0,19.0,9.08,83.5,17.0,14.1,14.5
332.193,46,103.0,906.0,5.0,19.0,9.08,83.5,17.0,14.1,14.5
332.313,46,103.0,906.0,5.0,19.0,9.08,83.5,17.0,14.1,14.5
332.403,46,103.0,906.0,5.0,19.0,9.08,83.5,17.0,14.1,14.5
332.493,46,103.0,906.0,5.0,19.0,8.97,83.5,17.0,14.1,14.5
332.583,46,103.0,906.0,5.0,19.0,8.97,83.5,17.0,14.1,14.5
332.673,46,103.0,906.0,5.0,19.0,8.97,83.5,17.0,14.1,14.5
332.763,46,103.0,906.0,5.0,19.0,8.97,83.5,17.0,14.1,14.5
332.853,46,103.0,906.0,5.0,19.0,8.97,83.5,17.0,14.1,14.5
332.943,46,103.0,906.0,5.0,19.0,8.97,83.5,17.0,14.1,14.5
333.033,46,103.0,906.0,5.0,19.0,8.97,83.5,17.0,14.1,14.5
333.123,46,103.0,910.0,5.0,19.0,8.97,83.5,17.0,14.1,14.5
333.213,46,103.0,910.0,4.0,19.0,8.97,83.5,17.0,14.1,14.5
333.303,46,103.0,910.0,4.0,19.0,8.97,83.5,17.0,14.1,14.5
333.393,46,103.0,910.0,4.0,19.0,9.08,83.5,17.0,14.1,14.5
333.483,46,103.0,910.0,4.0,19.0,9.08,83.5,17.0,14.1,14.5
333.573,46,103.0,910.0,4.0,19.0,9.08,83.5,17.0,14.1,14.5
333.663,46,103.0,910.0,4.0,19.0,9.08,83.5,17.0,15.7,14.5
333.753,46,103.0,910.0,4.0,19.0,9.08,83.5,17.0,15.7,15.3
333.843,46,103.0,910.0,4.0,19.0,9.08,83.5,17.0,15.7,15.3
333.933,46,103.0,910.0,4.0,19.0,9.08,83.5,17.0,15.7,15.3
334.023,46,103.0,844.0,4.0,19.0,9.08,83.5,17.0,15.7,15.3
334.113,46,103.0,844.0,6.0,19.0,9.08,83.5,17.0,15.7,15.3
334.203,46,103.0,844.0,6.0,19.0,9.08,83.5,17.0,15.7,15.3
334.293,46,103.0,844.0,6.0,19.0,10.66,83.5,17.0,15.7,15.3
334.383,46,103.0,844.0,6.0,19.0,10.66,83.5,17.0,15.7,15.3
334.473,46,103.0,844.0,6.0,19.0,10.66,83.5,17.0,15.7,15.3
334.563,46,103.0,844.0,6.0,19.0,10.66,83.5,17.0,20.8,15.3
334.653,46,103.0,844.0,6.0,19.0,10.66,83.5,17.0,20.8,22.4
334.743,46,103.0,844.0,6.0,19.0,10.66,83.5,17.0,20.8,22.4
334.833,46,104.0,844.0,6.0,19.0,10.66,83.5,17.0,20.8,22.4
334.923,46,104.0,1167.0,6.0,19.0,10.66,83.5,17.0,20.8,22.4
335.013,46,104.0,1167.0,10.0,19.0,10.66,83.5,17.0,20.8,22.4
335.103,46,104.0,1167.0,10.0,20.0,10.66,83.5,17.0,20.8,22.4
335.193,46,104.0,1167.0,10.0,20.0,19.97,83.5,17.0,20.8,22.4
335.313,46,104.0,1167.0,10.0,20.0,19.97,83.5,17.0,20.8,22.4
335.403,46,104.0,1167.0,10.0,20.0,19.97,83.5,17.0,20.8,22.4
335.493,46,104.0,1167.0,10.0,20.0,19.97,83.5,17.0,47.8,22.4
335.583,46,104.0,1167.0,10.0,20.0,19.97,83.5,17.0,47.8,48.6
335.673,47,104.0,1167.0,10.0,20.0,19.97,83.5,17.0,47.8,48.6
335.764,47,123.0,1167.0,10.0,20.0,19.97,83.5,17.0,47.8,48.6
335.854,47,123.0,1962.0,10.0,20.0,19.97,83.5,17.0,47.8,48.6
335.944,47,123.0,1962.0,17.0,20.0,19.97,83.5,17.0,47.8,48.6
336.033,47,123.0,1962.0,17.0,24.0,19.97,83.5,17.0,47.8,48.6
336.125,47,123.0,1962.0,17.0,24.0,47.3,83.5,17.0,47.8,48.6
336.217,47,123.0,1962.0,17.0,24.0,47.3,83.5,17.0,47.8,48.6
336.303,47,123.0,1962.0,17.0,24.0,47.3,83.5,17.0,47.8,48.6
336.394,47,123.0,1962.0,17.0,24.0,47.3,83.5,17.0,14.1,48.6
336.483,47,123.0,1962.0,17.0,24.0,47.3,83.5,17.0,14.1,14.5
336.574,47,123.0,1962.0,17.0,24.0,47.3,83.5,17.0,14.1,14.5
336.664,47,97.0,1962.0,17.0,24.0,47.3,83.5,17.0,14.1,14.5
336.755,47,97.0,1900.0,17.0,24.0,47.3,83.5,17.0,14.1,14.5
336.844,47,97.0,1900.0,21.0,24.0,47.3,83.5,17.0,14.1,14.5
336.934,47,97.0,1900.0,21.0,28.0,47.3,83.5,17.0,14.1,14.5
337.054,47,97.0,1900.0,21.0,28.0,26.72,83.5,17.0,14.1,14.5
337.144,47,97.0,1900.0,21.0,28.0,26.72,31.0,17.0,14.1,14.5
337.234,47,97.0,1900.0,21.0,28.0,26.72,31.0,17.0,14.1,14.5
337.323,47,97.0,1900.0,21.0,28.0,26.72,31.0,17.0,47.1,14.5
337.414,47,97.0,1900.0,21.0,28.0,26.72,31.0,17.0,47.1,51.4
337.503,47,97.0,1900.0,21.0,28.0,26.72,31.0,17.0,47.1,51.4
337.594,47,116.0,1900.0,21.0,28.0,26.72,31.0,17.0,47.1,51.4
337.684,47,116.0,1511.0,21.0,28.0,26.72,31.0,17.0,47.1,51.4
337.773,47,116.0,1511.0,26.0,28.0,26.72,31.0,17.0,47.1,51.4
337.864,47,116.0,1511.0,26.0,26.0,26.72,31.0,17.0,47.1,51.4
337.954,47,116.0,1511.0,26.0,26.0,36.08,31.0,17.0,47.1,51.4
338.044,47,116.0,1511.0,26.0,26.0,36.08,83.5,17.0,47.1,51.4
338.134,47,116.0,1511.0,26.0,26.0,36.08,83.5,17.0,47.1,51.4
338.224,47,116.0,1511.0,26.0,26.0,36.08,83.5,17.0,58.4,51.4
338.314,47,116.0,1511.0,26.0,26.0,36.08,83.5,17.0,58.4,58.8
338.404,47,116.0,1511.0,26.0,26.0,36.08,83.5,17.0,58.4,58.8
338.493,47,183.0,1511.0,26.0,26.0,36.08,83.5,17.0,58.4,58.8
338.584,47,183.0,1995.0,26.0,26.0,36.08,83.5,17.0,58.4,58.8
338.674,47,183.0,1995.0,34.0,26.0,36.08,83.5,17.0,58.4,58.8
338.764,47,183.0,1995.0,34.0,25.0,36.08,83.5,17.0,58.4,58.8
338.854,47,183.0,1995.0,34.0,25.0,77.36,83.5,17.0,58.4,58.8
338.944,47,183.0,1995.0,34.0,25.0,77.36,83.5,17.0,58.4,58.8
339.033,47,183.0,1995.0,34.0,25.0,77.36,83.5,17.0,58.4,58.8
339.124,47,183.0,1995.0,34.0,25.0,77.36,83.5,17.0,52.9,58.8
339.213,47,183.0,1995.0,34.0,25.0,77.36,83.5,17.0,52.9,53.7
339.303,47,183.0,1995.0,34.0,25.0,77.36,83.5,17.0,52.9,53.7
339.393,47,203.0,1995.0,34.0,25.0,77.36,83.5,17.0,52.9,53.7
339.484,47,203.0,2518.0,34.0,25.0,77.36,83.5,17.0,52.9,53.7
339.573,47,203.0,2518.0,43.0,25.0,77.36,83.5,17.0,52.9,53.7
339.663,47,203.0,2518.0,43.0,27.0,77.36,83.5,17.0,52.9,53.7
339.753,47,203.0,2518.0,43.0,27.0,50.47,83.5,17.0,52.9,53.7
339.844,47,203.0,2518.0,43.0,27.0,50.47,31.4,17.0,52.9,53.7
339.934,47,203.0,2518.0,43.0,27.0,50.47,31.4,17.0,52.9,53.7
340.024,47,203.0,2518.0,43.0,27.0,50.47,31.4,17.0,14.1,53.7
340.114,47,203.0,2518.0,43.0,27.0,50.47,31.4,17.0,14.1,16.9
340.204,47,203.0,2518.0,43.0,27.0,50.47,31.4,17.0,14.1,16.9
340.294,47,95.0,2518.0,43.0,27.0,50.47,31.4,17.0,14.1,16.9
340.384,47,95.0,1807.0,43.0,27.0,50.47,31.4,17.0,14.1,16.9
340.474,47,95.0,1807.0,44.0,27.0,50.47,31.4,17.0,14.1,16.9
340.563,47,95.0,1807.0,44.0,25.0,50.47,31.4,17.0,14.1,16.9
340.653,47,95.0,1807.0,44.0,25.0,29.61,31.4,17.0,14.1,16.9
340.744,47,95.0,1807.0,44.0,25.0,29.61,81.2,17.0,14.1,16.9
340.833,47,95.0,1807.0,44.0,25.0,29.61,81.2,17.0,14.1,16.9
340.923,47,95.0,1807.0,44.0,25.0,29.61,81.2,17.0,51.4,16.9
341.014,47,95.0,1807.0,44.0,25.0,29.61,81.2,17.0,51.4,51.8
341.104,47,95.0,1807.0,44.0,25.0,29.61,81.2,17.0,51.4,51.8
341.194,47,144.0,1807.0,44.0,25.0,29.61,81.2,17.0,51.4,51.8
341.283,47,144.0,1787.0,44.0,25.0,29.61,81.2,17.0,51.4,51.8
341.374,47,144.0,1787.0,48.0,25.0,29.61,81.2,17.0,51.4,51.8
341.464,47,144.0,1787.0,48.0,24.0,29.61,81.2,17.0,51.4,51.8
341.553,47,144.0,1787.0,48.0,24.0,52.27,81.2,17.0,51.4,51.8
341.644,47,144.0,1787.0,48.0,24.0,52.27,83.5,17.0,51.4,51.8
341.734,47,144.0,1787.0,48.0,24.0,52.27,83.5,17.0,51.4,51.8
341.824,47,144.0,1787.0,48.0,24.0,52.27,83.5,17.0,51.0,51.8
341.914,47,144.0,1787.0,48.0,24.0,52.27,83.5,17.0,51.0,51.4
342.004,47,144.0,1787.0,48.0,24.0,52.27,83.5,17.0,51.0,51.4
342.094,47,198.0,1787.0,48.0,24.0,52.27,83.5,17.0,51.0,51.4
342.184,47,198.0,1951.0,48.0,24.0,52.27,83.5,17.0,51.0,51.4
342.274,47,198.0,1951.0,52.0,24.0,52.27,83.5,17.0,51.0,51.4
342.365,47,198.0,1951.0,52.0,26.0,52.27,83.5,17.0,51.0,51.4
342.455,47,198.0,1951.0,52.0,26.0,37.24,83.5,17.0,51.0,51.4
342.543,47,198.0,1951.0,52.0,26.0,37.24,31.4,17.0,51.0,51.4
342.633,47,198.0,1951.0,52.0,26.0,37.24,31.4,17.0,51.0,51.4
342.724,47,198.0,1951.0,52.0,26.0,37.24,31.4,17.0,14.1,51.4
342.813,47,198.0,1951.0,52.0,26.0,37.24,31.4,17.0,14.1,15.7
342.904,47,198.0,1951.0,52.0,26.0,37.24,31.4,17.0,14.1,15.7
342.993,47,113.0,1951.0,52.0,26.0,37.24,31.4,17.0,14.1,15.7
343.084,47,113.0,1402.0,52.0,26.0,37.24,31.4,17.0,14.1,15.7
343.174,47,113.0,1402.0,53.0,26.0,37.24,31.4,17.0,14.1,15.7
343.264,47,113.0,1402.0,53.0,23.0,37.24,31.4,17.0,14.1,15.7
343.355,47,113.0,1402.0,53.0,23.0,23.49,31.4,17.0,14.1,15.7
343.444,47,113.0,1402.0,53.0,23.0,23.49,81.2,17.0,14.1,15.7
343.533,47,113.0,1402.0,53.0,23.0,23.49,81.2,17.0,14.1,15.7
343.623,47,113.0,1402.0,53.0,23.0,23.49,81.2,17.0,54.9,15.7
343.713,47,113.0,1402.0,53.0,23.0,23.49,81.2,17.0,54.9,55.7
343.805,47,113.0,1402.0,53.0,23.0,23.49,81.2,17.0,54.9,55.7
343.894,47,136.0,1402.0,53.0,23.0,23.49,81.2,17.0,54.9,55.7
343.984,47,136.0,1419.0,53.0,23.0,23.49,81.2,17.0,54.9,55.7
344.074,47,136.0,1419.0,55.0,23.0,23.49,81.2,17.0,54.9,55.7
344.164,47,136.0,1419.0,55.0,21.0,23.49,81.2,17.0,54.9,55.7
344.254,47,136.0,1419.0,55.0,21.0,35.88,81.2,17.0,54.9,55.7
344.344,47,136.0,1419.0,55.0,21.0,35.88,83.5,17.0,54.9,55.7
344.434,47,136.0,1419.0,55.0,21.0,35.88,83.5,17.0,54.9,55.7
344.523,47,136.0,1419.0,55.0,21.0,35.88,83.5,17.0,37.3,55.7
344.643,47,136.0,1419.0,55.0,21.0,35.88,83.5,17.0,37.3,26.7
344.734,47,136.0,1419.0,55.0,21.0,35.88,83.5,17.0,37.3,26.7
344.825,47,127.0,1419.0,55.0,21.0,35.88,83.5,17.0,37.3,26.7
344.914,47,127.0,1438.0,55.0,21.0,35.88,83.5,17.0,37.3,26.7
345.004,47,127.0,1438.0,57.0,21.0,35.88,83.5,17.0,37.3,26.7
345.094,47,127.0,1438.0,57.0,22.0,35.88,83.5,17.0,37.3,26.7
345.184,47,127.0,1438.0,57.0,22.0,24.88,83.5,17.0,37.3,26.7
345.274,47,127.0,1438.0,57.0,22.0,24.88,31.0,17.0,37.3,26.7
345.364,47,127.0,1438.0,57.0,22.0,24.88,31.0,17.0,37.3,26.7
345.455,47,127.0,1438.0,57.0,22.0,24.88,31.0,17.0,14.1,26.7
345.543,47,127.0,1438.0,57.0,22.0,24.88,31.0,17.0,14.1,14.5
345.634,47,127.0,1438.0,57.0,22.0,24.88,31.0,17.0,14.1,14.5
345.724,47,112.0,1438.0,57.0,22.0,24.88,31.0,17.0,14.1,14.5
345.815,47,112.0,1430.0,57.0,22.0,24.88,31.0,17.0,14.1,14.5
345.904,47,112.0,1430.0,55.0,22.0,24.88,31.0,17.0,14.1,14.5
345.994,47,112.0,1430.0,55.0,21.0,24.88,31.0,17.0,14.1,14.5
346.084,47,112.0,1430.0,55.0,21.0,13.63,31.0,17.0,14.1,14.5
346.174,47,112.0,1430.0,55.0,21.0,13.63,83.5,17.0,14.1,14.5
346.264,47,112.0,1430.0,55.0,21.0,13.63,83.5,17.0,14.1,14.5
346.354,47,112.0,1430.0,55.0,21.0,13.63,83.5,17.0,14.1,14.5
346.444,47,112.0,1430.0,55.0,21.0,13.63,83.5,17.0,14.1,14.5
346.533,47,112.0,1430.0,55.0,21.0,13.63,83.5,17.0,14.1,14.5
346.624,47,103.0,1430.0,55.0,21.0,13.63,83.5,17.0,14.1,14.5
346.714,47,103.0,1419.0,55.0,21.0,13.63,83.5,17.0,14.1,14.5
346.804,47,103.0,1419.0,55.0,21.0,13.63,83.5,17.0,14.1,14.5
346.894,47,103.0,1419.0,55.0,18.0,13.63,83.5,17.0,14.1,14.5
346.984,47,103.0,1419.0,55.0,18.0,14.97,83.5,17.0,14.1,14.5
347.074,47,103.0,1419.0,55.0,18.0,14.97,83.5,17.0,14.1,14.5
347.164,47,103.0,1419.0,55.0,18.0,14.97,83.5,17.0,14.1,14.5
347.254,47,103.0,1419.0,55.0,18.0,14.97,83.5,17.0,14.1,14.5
347.344,47,103.0,1419.0,55.0,18.0,14.97,83.5,17.0,14.1,14.5
347.434,48,103.0,1419.0,55.0,18.0,14.97,83.5,17.0,14.1,14.5
347.523,48,106.0,1419.0,55.0,18.0,14.97,83.5,17.0,14.1,14.5
347.613,48,106.0,1413.0,55.0,18.0,14.97,83.5,17.0,14.1,14.5
347.703,48,106.0,1413.0,55.0,18.0,14.97,83.5,17.0,14.1,14.5
347.793,48,106.0,1413.0,55.0,19.0,14.97,83.5,17.0,14.1,14.5
347.884,48,106.0,1413.0,55.0,19.0,15.97,83.5,17.0,14.1,14.5
347.973,48,106.0,1413.0,55.0,19.0,15.97,83.5,17.0,14.1,14.5
348.063,48,106.0,1413.0,55.0,19.0,15.97,83.5,17.0,14.1,14.5
348.153,48,106.0,1413.0,55.0,19.0,15.97,83.5,17.0,14.1,14.5
348.245,48,106.0,1413.0,55.0,19.0,15.97,83.5,17.0,14.1,14.1
348.333,48,106.0,1413.0,55.0,19.0,15.97,83.5,17.0,14.1,14.1
348.423,48,114.0,1413.0,55.0,19.0,15.97,83.5,17.0,14.1,14.1
348.513,48,114.0,1409.0,55.0,19.0,15.97,83.5,17.0,14.1,14.1
348.603,48,114.0,1409.0,55.0,19.0,15.97,83.5,17.0,14.1,14.1
348.693,48,114.0,1409.0,55.0,19.0,15.97,83.5,17.0,14.1,14.1
348.783,48,114.0,1409.0,55.0,19.0,16.55,83.5,17.0,14.1,14.1
348.873,48,114.0,1409.0,55.0,19.0,16.55,83.5,17.0,14.1,14.1
348.963,48,114.0,1409.0,55.0,19.0,16.55,83.5,17.0,14.1,14.1
349.053,48,114.0,1409.0,55.0,19.0,16.55,83.5,17.0,14.1,14.1
349.143,48,114.0,1409.0,55.0,19.0,16.55,83.5,17.0,14.1,14.5
349.233,48,114.0,1409.0,55.0,19.0,16.55,83.5,17.0,14.1,14.5
349.323,48,119.0,1409.0,55.0,19.0,16.55,83.5,17.0,14.1,14.5
349.413,48,119.0,1412.0,55.0,19.0,16.55,83.5,17.0,14.1,14.5
349.503,48,119.0,1412.0,55.0,19.0,16.55,83.5,17.0,14.1,14.5
349.593,48,119.0,1412.0,55.0,20.0,16.55,83.5,17.0,14.1,14.5
349.683,48,119.0,1412.0,55.0,20.0,17.11,83.5,17.0,14.1,14.5
349.773,48,119.0,1412.0,55.0,20.0,17.11,83.5,17.0,14.1,14.5
349.863,48,119.0,1412.0,55.0,20.0,17.11,83.5,17.0,14.1,14.5
349.953,48,119.0,1412.0,55.0,20.0,17.11,83.5,17.0,14.1,14.5
350.043,48,119.0,1412.0,55.0,20.0,17.11,83.5,17.0,14.1,14.5
350.133,48,119.0,1412.0,55.0,20.0,17.11,83.5,17.0,14.1,14.5
350.223,48,118.0,1412.0,55.0,20.0,17.11,83.5,17.0,14.1,14.5
350.313,48,118.0,1421.0,55.0,20.0,17.11,83.5,17.0,14.1,14.5
350.403,48,118.0,1421.0,55.0,20.0,17.11,83.5,17.0,14.1,14.5
350.493,48,118.0,1421.0,55.0,20.0,17.11,83.5,17.0,14.1,14.5
350.583,48,118.0,1421.0,55.0,20.0,16.77,83.5,17.0,14.1,14.5
350.673,48,118.0,1421.0,55.0,20.0,16.77,83.5,17.0,14.1,14.5
350.763,48,118.0,1421.0,55.0,20.0,16.77,83.5,17.0,14.1,14.5
350.853,48,118.0,1421.0,55.0,20.0,16.77,83.5,17.0,14.1,14.5
350.943,48,118.0,1421.0,55.0,20.0,16.77,83.5,17.0,14.1,14.5
351.033,48,118.0,1421.0,55.0,20.0,16.77,83.5,17.0,14.1,14.5
351.123,48,117.0,1421.0,55.0,20.0,16.77,83.5,17.0,14.1,14.5
351.213,48,117.0,1423.0,55.0,20.0,16.77,83.5,17.0,14.1,14.5
351.303,48,117.0,1423.0,56.0,20.0,16.77,83.5,17.0,14.1,14.5
351.393,48,117.0,1423.0,56.0,20.0,16.77,83.5,17.0,14.1,14.5
351.483,48,117.0,1423.0,56.0,20.0,17.22,83.5,17.0,14.1,14.5
351.573,48,117.0,1423.0,56.0,20.0,17.22,83.5,17.0,14.1,14.5
351.663,48,117.0,1423.0,56.0,20.0,17.22,83.5,17.0,14.1,14.5
351.753,48,117.0,1423.0,56.0,20.0,17.22,83.5,17.0,14.1,14.5
351.843,48,117.0,1423.0,56.0,20.0,17.22,83.5,17.0,14.1,14.5
351.933,48,117.0,1423.0,56.0,20.0,17.22,83.5,17.0,14.1,14.5
352.023,48,119.0,1423.0,56.0,20.0,17.22,83.5,17.0,14.1,14.5
352.113,48,119.0,1425.0,56.0,20.0,17.22,83.5,17.0,14.1,14.5
352.203,48,119.0,1425.0,55.0,20.0,17.22,83.5,17.0,14.1,14.5
352.293,48,119.0,1425.0,55.0,20.0,17.22,83.5,17.0,14.1,14.5
352.383,48,119.0,1425.0,55.0,20.0,17.16,83.5,17.0,14.1,14.5
352.473,48,119.0,1425.0,55.0,20.0,17.16,83.5,17.0,14.1,14.5
352.563,48,119.0,1425.0,55.0,20.0,17.16,83.5,17.0,14.1,14.5
352.653,48,119.0,1425.0,55.0,20.0,17.16,83.5,17.0,14.1,14.5
352.743,48,119.0,1425.0,55.0,20.0,17.16,83.5,17.0,14.1,14.5
352.833,48,119.0,1425.0,55.0,20.0,17.16,83.5,17.0,14.1,14.5
352.923,48,119.0,1425.0,55.0,20.0,17.16,83.5,17.0,14.1,14.5
353.013,48,119.0,1427.0,55.0,20.0,17.16,83.5,17.0,14.1,14.5
353.103,48,119.0,1427.0,56.0,20.0,17.16,83.5,17.0,14.1,14.5
353.193,48,119.0,1427.0,56.0,20.0,17.16,83.5,17.0,14.1,14.5
353.283,48,119.0,1427.0,56.0,20.0,17.38,83.5,17.0,14.1,14.5
353.373,48,119.0,1427.0,56.0,20.0,17.38,83.5,17.0,14.1,14.5
353.463,48,119.0,1427.0,56.0,20.0,17.38,83.5,17.0,14.1,14.5
353.553,48,119.0,1427.0,56.0,20.0,17.38,83.5,17.0,14.1,14.5
353.643,48,119.0,1427.0,56.0,20.0,17.38,83.5,17.0,14.1,14.5
353.733,48,119.0,1427.0,56.0,20.0,17.38,83.5,17.0,14.1,14.5
353.823,48,119.0,1427.0,56.0,20.0,17.38,83.5,17.0,14.1,14.5
353.913,48,119.0,1442.0,56.0,20.0,17.38,83.5,17.0,14.1,14.5
354.003,48,119.0,1442.0,56.0,20.0,17.38,83.5,17.0,14.1,14.5
354.093,48,119.0,1442.0,56.0,20.0,17.38,83.5,17.0,14.1,14.5
354.183,48,119.0,1442.0,56.0,20.0,17.3,83.5,17.0,14.1,14.5
354.273,48,119.0,1442.0,56.0,20.0,17.3,83.5,17.0,14.1,14.5
354.363,48,119.0,1442.0,56.0,20.0,17.3,83.5,17.0,14.1,14.5
354.453,48,119.0,1442.0,56.0,20.0,17.3,83.5,17.0,14.1,14.5
354.543,48,119.0,1442.0,56.0,20.0,17.3,83.5,17.0,14.1,14.5
354.633,49,119.0,1442.0,56.0,20.0,17.3,83.5,17.0,14.1,14.5
354.723,49,118.0,1442.0,56.0,20.0,17.3,83.5,17.0,14.1,14.5
354.813,49,118.0,1442.0,56.0,20.0,17.3,83.5,17.0,14.1,14.5
354.903,49,118.0,1442.0,56.0,20.0,17.3,83.5,17.0,14.1,14.5
354.993,49,118.0,1442.0,56.0,20.0,17.3,83.5,17.0,14.1,14.5
355.083,49,118.0,1442.0,56.0,20.0,16.63,83.5,17.0,14.1,14.5
355.173,49,118.0,1442.0,56.0,20.0,16.63,83.5,17.0,14.1,14.5
355.263,49,118.0,1442.0,56.0,20.0,16.63,83.5,17.0,14.1,14.5
355.353,49,118.0,1442.0,56.0,20.0,16.63,83.5,17.0,14.1,14.5
355.443,49,118.0,1442.0,56.0,20.0,16.63,83.5,17.0,14.1,14.5
355.533,49,118.0,1442.0,56.0,20.0,16.63,83.5,17.0,14.1,14.5
355.623,49,117.0,1442.0,56.0,20.0,16.63,83.5,17.0,14.1,14.5
355.714,49,117.0,1446.0,56.0,20.0,16.63,83.5,17.0,14.1,14.5
355.803,49,117.0,1446.0,56.0,20.0,16.63,83.5,17.0,14.1,14.5
355.893,49,117.0,1446.0,56.0,20.0,16.63,83.5,17.0,14.1,14.5
355.983,49,117.0,1446.0,56.0,20.0,16.94,83.5,17.0,14.1,14.5
356.073,49,117.0,1446.0,56.0,20.0,16.94,83.5,17.0,14.1,14.5
356.163,49,117.0,1446.0,56.0,20.0,16.94,83.5,17.0,14.1,14.5
356.254,49,117.0,1446.0,56.0,20.0,16.94,83.5,17.0,14.1,14.5
356.344,49,117.0,1446.0,56.0,20.0,16.94,83.5,17.0,14.1,14.1
356.434,49,117.0,1446.0,56.0,20.0,16.94,83.5,17.0,14.1,14.1
356.524,49,117.0,1446.0,56.0,20.0,16.94,83.5,17.0,14.1,14.1
356.613,49,117.0,1447.0,56.0,20.0,16.94,83.5,17.0,14.1,14.1
356.704,49,117.0,1447.0,56.0,20.0,16.94,83.5,17.0,14.1,14.1
356.793,49,117.0,1447.0,56.0,20.0,16.94,83.5,17.0,14.1,14.1
356.884,49,117.0,1447.0,56.0,20.0,16.94,83.5,17.0,14.1,14.1
356.973,49,117.0,1447.0,56.0,20.0,16.94,83.5,17.0,14.1,14.1
357.094,49,117.0,1447.0,56.0,20.0,16.94,83.5,17.0,14.1,14.1
357.184,49,117.0,1447.0,56.0,20.0,16.94,83.5,17.0,14.1,14.1
357.274,49,117.0,1447.0,56.0,20.0,16.94,83.5,17.0,14.1,14.5
357.365,49,117.0,1447.0,56.0,20.0,16.94,83.5,17.0,14.1,14.5
357.483,49,117.0,1447.0,56.0,20.0,16.94,83.5,17.0,14.1,14.5
357.574,49,117.0,1453.0,56.0,20.0,16.94,83.5,17.0,14.1,14.5
357.664,49,117.0,1453.0,56.0,20.0,16.94,83.5,17.0,14.1,14.5
357.754,49,117.0,1453.0,56.0,20.0,16.94,83.5,17.0,14.1,14.5
357.844,49,117.0,1453.0,56.0,20.0,16.69,83.5,17.0,14.1,14.5
357.934,49,117.0,1453.0,56.0,20.0,16.69,83.5,17.0,14.1,14.5
358.024,49,117.0,1453.0,56.0,20.0,16.69,83.5,17.0,14.1,14.5
358.114,49,117.0,1453.0,56.0,20.0,16.69,83.5,17.0,14.1,14.5
358.203,49,117.0,1453.0,56.0,20.0,16.69,83.5,17.0,14.1,14.5
358.294,49,117.0,1453.0,56.0,20.0,16.69,83.5,17.0,14.1,14.5
358.384,49,116.0,1453.0,56.0,20.0,16.69,83.5,17.0,14.1,14.5
358.474,49,116.0,1453.0,56.0,20.0,16.69,83.5,17.0,14.1,14.5
358.564,49,116.0,1453.0,57.0,20.0,16.69,83.5,17.0,14.1,14.5
358.654,49,116.0,1453.0,57.0,20.0,16.69,83.5,17.0,14.1,14.5
358.744,49,116.0,1453.0,57.0,20.0,16.74,83.5,17.0,14.1,14.5
358.835,49,116.0,1453.0,57.0,20.0,16.74,83.5,17.0,14.1,14.5
358.924,49,116.0,1453.0,57.0,20.0,16.74,83.5,17.0,14.1,14.5
359.014,49,116.0,1453.0,57.0,20.0,16.74,83.5,17.0,14.1,14.5
359.105,49,116.0,1453.0,57.0,20.0,16.74,83.5,17.0,14.1,14.5
359.194,49,116.0,1453.0,57.0,20.0,16.74,83.5,17.0,14.1,14.5
359.284,49,116.0,1453.0,57.0,20.0,16.74,83.5,17.0,14.1,14.5
359.375,49,116.0,1455.0,57.0,20.0,16.74,83.5,17.0,14.1,14.5
359.465,49,116.0,1455.0,57.0,20.0,16.74,83.5,17.0,14.1,14.5
359.554,49,116.0,1455.0,57.0,20.0,16.74,83.5,17.0,14.1,14.5
359.644,49,116.0,1455.0,57.0,20.0,16.8,83.5,17.0,14.1,14.5
359.734,49,116.0,1455.0,57.0,20.0,16.8,83.5,17.0,14.1,14.5
359.824,49,116.0,1455.0,57.0,20.0,16.8,83.5,17.0,14.1,14.5
359.914,49,116.0,1455.0,57.0,20.0,16.8,83.5,17.0,14.1,14.5
360.005,49,116.0,1455.0,57.0,20.0,16.8,83.5,17.0,14.1,14.5
360.094,49,116.0,1455.0,57.0,20.0,16.8,83.5,17.0,14.1,14.5
360.184,49,116.0,1455.0,57.0,20.0,16.8,83.5,17.0,14.1,14.5
360.274,49,116.0,1461.0,57.0,20.0,16.8,83.5,17.0,14.1,14.5
360.366,49,116.0,1461.0,57.0,20.0,16.8,83.5,17.0,14.1,14.5
360.455,49,116.0,1461.0,57.0,20.0,16.8,83.5,17.0,14.1,14.5
360.544,49,116.0,1461.0,57.0,20.0,16.52,83.5,17.0,14.1,14.5
360.634,49,116.0,1461.0,57.0,20.0,16.52,83.5,17.0,14.1,14.5
360.724,49,116.0,1461.0,57.0,20.0,16.52,83.5,17.0,14.1,14.5
360.814,49,116.0,1461.0,57.0,20.0,16.52,83.5,17.0,14.1,14.5
360.906,49,116.0,1461.0,57.0,20.0,16.52,83.5,17.0,14.1,14.5
360.994,49,116.0,1461.0,57.0,20.0,16.52,83.5,17.0,14.1,14.5
361.084,49,116.0,1461.0,57.0,20.0,16.52,83.5,17.0,14.1,14.5
361.174,49,116.0,1459.0,57.0,20.0,16.52,83.5,17.0,14.1,14.5
361.264,49,116.0,1459.0,57.0,20.0,16.52,83.5,17.0,14.1,14.5
361.355,49,116.0,1459.0,57.0,20.0,16.52,83.5,17.0,14.1,14.5
361.445,49,116.0,1459.0,57.0,20.0,16.61,83.5,17.0,14.1,14.5
361.534,49,116.0,1459.0,57.0,20.0,16.61,83.5,17.0,14.1,14.5
361.624,49,116.0,1459.0,57.0,20.0,16.61,83.5,17.0,14.1,14.5
361.713,49,116.0,1459.0,57.0,20.0,16.61,83.5,17.0,14.1,14.5
361.804,49,116.0,1459.0,57.0,20.0,16.61,83.5,17.0,14.1,14.5
361.894,50,116.0,1459.0,57.0,20.0,16.61,83.5,17.0,14.1,14.5
361.988,50,115.0,1459.0,57.0,20.0,16.61,83.5,17.0,14.1,14.5
362.074,50,115.0,1459.0,57.0,20.0,16.61,83.5,17.0,14.1,14.5
362.164,50,115.0,1459.0,57.0,20.0,16.61,83.5,17.0,14.1,14.5
362.254,50,115.0,1459.0,57.0,20.0,16.61,83.5,17.0,14.1,14.5
362.346,50,115.0,1459.0,57.0,20.0,15.16,83.5,17.0,14.1,14.5
362.434,50,115.0,1459.0,57.0,20.0,15.16,83.5,17.0,14.1,14.5
362.527,50,115.0,1459.0,57.0,20.0,15.16,83.5,17.0,14.1,14.5
362.614,50,115.0,1459.0,57.0,20.0,15.16,83.5,17.0,14.1,14.5
362.704,50,115.0,1459.0,57.0,20.0,15.16,83.5,17.0,14.1,14.5
362.794,50,115.0,1459.0,57.0,20.0,15.16,83.5,17.0,14.1,14.5
362.884,50,110.0,1459.0,57.0,20.0,15.16,83.5,17.0,14.1,14.5
362.975,50,110.0,1425.0,57.0,20.0,15.16,83.5,17.0,14.1,14.5
363.064,50,110.0,1425.0,55.0,20.0,15.16,83.5,17.0,14.1,14.5
363.154,50,110.0,1425.0,55.0,20.0,15.16,83.5,17.0,14.1,14.5
363.244,50,110.0,1425.0,55.0,20.0,14.19,83.5,17.0,14.1,14.5
363.334,50,110.0,1425.0,55.0,20.0,14.19,83.5,17.0,14.1,14.5
363.425,50,110.0,1425.0,55.0,20.0,14.19,83.5,17.0,14.1,14.5
363.514,50,110.0,1425.0,55.0,20.0,14.19,83.5,17.0,24.3,14.5
363.634,50,110.0,1425.0,55.0,20.0,14.19,83.5,17.0,24.3,25.5
363.725,50,110.0,1425.0,55.0,20.0,14.19,83.5,17.0,24.3,25.5
363.814,50,113.0,1425.0,55.0,20.0,14.19,83.5,17.0,24.3,25.5
363.904,50,113.0,1390.0,55.0,20.0,14.19,83.5,17.0,24.3,25.5
363.994,50,113.0,1390.0,54.0,20.0,14.19,83.5,17.0,24.3,25.5
364.084,50,113.0,1390.0,54.0,20.0,14.19,83.5,17.0,24.3,25.5
364.174,50,113.0,1390.0,54.0,20.0,14.61,83.5,17.0,24.3,25.5
364.264,50,113.0,1390.0,54.0,20.0,14.61,83.5,17.0,24.3,25.5
364.354,50,113.0,1390.0,54.0,20.0,14.61,83.5,17.0,24.3,25.5
364.444,50,113.0,1390.0,54.0,20.0,14.61,83.5,17.0,32.2,25.5
364.534,50,113.0,1390.0,54.0,20.0,14.61,83.5,17.0,32.2,32.5
364.624,50,113.0,1390.0,54.0,20.0,14.61,83.5,17.0,32.2,32.5
364.714,50,107.0,1390.0,54.0,20.0,14.61,83.5,17.0,32.2,32.5
364.804,50,107.0,1390.0,54.0,20.0,14.61,83.5,17.0,32.2,32.5
364.895,50,107.0,1390.0,54.0,20.0,14.61,83.5,17.0,32.2,32.5
364.984,50,107.0,1390.0,54.0,20.0,14.61,83.5,17.0,32.2,32.5
365.074,50,107.0,1390.0,54.0,20.0,16.63,83.5,17.0,32.2,32.5
365.164,50,107.0,1390.0,54.0,20.0,16.63,83.5,17.0,32.2,32.5
365.254,50,107.0,1390.0,54.0,20.0,16.63,83.5,17.0,32.2,32.5
365.344,50,107.0,1390.0,54.0,20.0,16.63,83.5,17.0,36.9,32.5
365.434,50,107.0,1390.0,54.0,20.0,16.63,83.5,17.0,36.9,38.0
365.523,50,107.0,1390.0,54.0,20.0,16.63,83.5,17.0,36.9,38.0
365.614,50,118.0,1390.0,54.0,20.0,16.63,83.5,17.0,36.9,38.0
365.704,50,118.0,1407.0,54.0,20.0,16.63,83.5,17.0,36.9,38.0
365.794,50,118.0,1407.0,55.0,20.0,16.63,83.5,17.0,36.9,38.0
365.884,50,118.0,1407.0,55.0,20.0,16.63,83.5,17.0,36.9,38.0
365.974,50,118.0,1407.0,55.0,20.0,22.61,83.5,17.0,36.9,38.0
366.036,50,118.0,1407.0,55.0,20.0,22.61,83.5,17.0,36.9,38.0
366.124,50,118.0,1407.0,55.0,20.0,22.61,83.5,17.0,36.9,38.0
366.214,50,118.0,1407.0,55.0,20.0,22.61,83.5,17.0,43.9,38.0
366.304,50,118.0,1407.0,55.0,20.0,22.61,83.5,17.0,43.9,44.7
366.393,50,118.0,1407.0,55.0,20.0,22.61,83.5,17.0,43.9,44.7
366.484,50,135.0,1407.0,55.0,20.0,22.61,83.5,17.0,43.9,44.7
366.574,50,135.0,1437.0,55.0,20.0,22.61,83.5,17.0,43.9,44.7
366.664,50,135.0,1437.0,56.0,20.0,22.61,83.5,17.0,43.9,44.7
366.754,50,135.0,1437.0,56.0,22.0,22.61,83.5,17.0,43.9,44.7
366.844,50,135.0,1437.0,56.0,22.0,26.72,83.5,17.0,43.9,44.7
366.934,50,135.0,1437.0,56.0,22.0,26.72,83.5,17.0,43.9,44.7
367.024,50,135.0,1437.0,56.0,22.0,26.72,83.5,17.0,43.9,44.7
367.114,50,135.0,1437.0,56.0,22.0,26.72,83.5,17.0,43.9,44.7
367.204,50,135.0,1437.0,56.0,22.0,26.72,83.5,17.0,43.9,44.7
367.294,51,135.0,1437.0,56.0,22.0,26.72,83.5,17.0,43.9,44.7
367.384,51,150.0,1437.0,56.0,22.0,26.72,83.5,17.0,43.9,44.7
367.473,51,150.0,1483.0,56.0,22.0,26.72,83.5,17.0,43.9,44.7
367.563,51,150.0,1483.0,58.0,22.0,26.72,83.5,17.0,43.9,44.7
367.654,51,150.0,1483.0,58.0,23.0,26.72,83.5,17.0,43.9,44.7
367.744,51,150.0,1483.0,58.0,23.0,25.74,83.5,17.0,43.9,44.7
367.864,51,150.0,1483.0,58.0,23.0,25.74,83.5,17.0,43.9,44.7
367.954,51,150.0,1483.0,58.0,23.0,25.74,83.5,17.0,43.9,44.7
368.045,51,150.0,1483.0,58.0,23.0,25.74,83.5,17.0,14.1,44.7
368.134,51,150.0,1483.0,58.0,23.0,25.74,83.5,17.0,14.1,14.5
368.224,51,150.0,1483.0,58.0,23.0,25.74,83.5,17.0,14.1,14.5
368.314,51,110.0,1483.0,58.0,23.0,25.74,83.5,17.0,14.1,14.5
368.403,51,110.0,1032.0,58.0,23.0,25.74,83.5,17.0,14.1,14.5
368.493,51,110.0,1032.0,57.0,23.0,25.74,83.5,17.0,14.1,14.5
368.583,51,110.0,1032.0,57.0,22.0,25.74,83.5,17.0,14.1,14.5
368.673,51,110.0,1032.0,57.0,22.0,18.19,83.5,17.0,14.1,14.5
368.763,51,110.0,1032.0,57.0,22.0,18.19,75.7,17.0,14.1,14.5
368.853,51,110.0,1032.0,57.0,22.0,18.19,75.7,17.0,14.1,14.5
368.943,51,110.0,1032.0,57.0,22.0,18.19,75.7,17.0,14.1,14.5
369.033,51,110.0,1032.0,57.0,22.0,18.19,75.7,17.0,14.1,14.5
369.124,51,110.0,1032.0,57.0,22.0,18.19,75.7,17.0,14.1,14.5
369.214,51,105.0,1032.0,57.0,22.0,18.19,75.7,17.0,14.1,14.5
369.306,51,105.0,1778.0,57.0,22.0,18.19,75.7,17.0,14.1,14.5
369.394,51,105.0,1778.0,55.0,22.0,18.19,75.7,17.0,14.1,14.5
369.483,51,105.0,1778.0,55.0,20.0,18.19,75.7,17.0,14.1,14.5
369.573,51,105.0,1778.0,55.0,20.0,24.55,75.7,17.0,14.1,14.5
369.664,51,105.0,1778.0,55.0,20.0,24.55,83.5,17.0,14.1,14.5
369.754,51,105.0,1778.0,55.0,20.0,24.55,83.5,17.0,14.1,14.5
369.844,51,105.0,1778.0,55.0,20.0,24.55,83.5,17.0,14.1,14.5
369.934,51,105.0,1778.0,55.0,20.0,24.55,83.5,17.0,14.1,14.5
370.024,51,105.0,1778.0,55.0,20.0,24.55,83.5,17.0,14.1,14.5
370.114,51,117.0,1778.0,55.0,20.0,24.55,83.5,17.0,14.1,14.5
370.204,51,117.0,1965.0,55.0,20.0,24.55,83.5,17.0,14.1,14.5
370.294,51,117.0,1965.0,53.0,20.0,24.55,83.5,17.0,14.1,14.5
370.384,51,117.0,1965.0,53.0,21.0,24.55,83.5,17.0,14.1,14.5
370.474,51,117.0,1965.0,53.0,21.0,21.16,83.5,17.0,14.1,14.5
370.563,51,117.0,1965.0,53.0,21.0,21.16,83.5,17.0,14.1,14.5
370.654,51,117.0,1965.0,53.0,21.0,21.16,83.5,17.0,14.1,14.5
370.745,51,117.0,1965.0,53.0,21.0,21.16,83.5,17.0,14.1,14.5
370.834,51,117.0,1965.0,53.0,21.0,21.16,83.5,17.0,14.1,14.5
370.924,51,117.0,1965.0,53.0,21.0,21.16,83.5,17.0,14.1,14.5
371.014,51,120.0,1965.0,53.0,21.0,21.16,83.5,17.0,14.1,14.5
371.107,51,120.0,1886.0,53.0,21.0,21.16,83.5,17.0,14.1,14.5
371.194,51,120.0,1886.0,50.0,21.0,21.16,83.5,17.0,14.1,14.5
371.284,51,120.0,1886.0,50.0,21.0,21.16,83.5,17.0,14.1,14.5
371.376,51,120.0,1886.0,50.0,21.0,20.74,83.5,17.0,14.1,14.5
371.464,51,120.0,1886.0,50.0,21.0,20.74,83.5,17.0,14.1,14.5
371.553,51,120.0,1886.0,50.0,21.0,20.74,83.5,17.0,14.1,14.5
371.644,51,120.0,1886.0,50.0,21.0,20.74,83.5,17.0,20.0,14.5
371.734,51,120.0,1886.0,50.0,21.0,20.74,83.5,17.0,20.0,21.6
371.824,51,120.0,1886.0,50.0,21.0,20.74,83.5,17.0,20.0,21.6
371.914,51,119.0,1886.0,50.0,21.0,20.74,83.5,17.0,20.0,21.6
372.004,51,119.0,1821.0,50.0,21.0,20.74,83.5,17.0,20.0,21.6
372.095,51,119.0,1821.0,49.0,21.0,20.74,83.5,17.0,20.0,21.6
372.185,51,119.0,1821.0,49.0,21.0,20.74,83.5,17.0,20.0,21.6
372.274,51,119.0,1821.0,49.0,21.0,17.88,83.5,17.0,20.0,21.6
372.365,51,119.0,1821.0,49.0,21.0,17.88,83.5,17.0,20.0,21.6
372.454,51,119.0,1821.0,49.0,21.0,17.88,83.5,17.0,20.0,21.6
372.543,51,119.0,1821.0,49.0,21.0,17.88,83.5,17.0,39.2,21.6
372.634,51,119.0,1821.0,49.0,21.0,17.88,83.5,17.0,39.2,41.6
372.724,51,119.0,1821.0,49.0,21.0,17.88,83.5,17.0,39.2,41.6
372.814,51,122.0,1821.0,49.0,21.0,17.88,83.5,17.0,39.2,41.6
372.904,51,122.0,1833.0,49.0,21.0,17.88,83.5,17.0,39.2,41.6
372.994,51,122.0,1833.0,49.0,21.0,17.88,83.5,17.0,39.2,41.6
373.114,51,122.0,1833.0,49.0,21.0,17.88,83.5,17.0,39.2,41.6
373.204,51,122.0,1833.0,49.0,21.0,33.8,83.5,17.0,39.2,41.6
373.294,51,122.0,1833.0,49.0,21.0,33.8,83.5,17.0,39.2,41.6
373.384,51,122.0,1833.0,49.0,21.0,33.8,83.5,17.0,39.2,41.6
373.474,51,122.0,1833.0,49.0,21.0,33.8,83.5,17.0,46.7,41.6
373.564,51,122.0,1833.0,49.0,21.0,33.8,83.5,17.0,46.7,48.6
373.654,52,122.0,1833.0,49.0,21.0,33.8,83.5,17.0,46.7,48.6
373.744,52,166.0,1833.0,49.0,21.0,33.8,83.5,17.0,46.7,48.6
373.834,52,166.0,1927.0,49.0,21.0,33.8,83.5,17.0,46.7,48.6
373.924,52,166.0,1927.0,52.0,21.0,33.8,83.5,17.0,46.7,48.6
374.014,52,166.0,1927.0,52.0,22.0,33.8,83.5,17.0,46.7,48.6
374.104,52,166.0,1927.0,52.0,22.0,62.77,83.5,17.0,46.7,48.6
374.194,52,166.0,1927.0,52.0,22.0,62.77,83.5,17.0,46.7,48.6
374.284,52,166.0,1927.0,52.0,22.0,62.77,83.5,17.0,46.7,48.6
374.374,52,166.0,1927.0,52.0,22.0,62.77,83.5,17.0,58.4,48.6
374.464,52,166.0,1927.0,52.0,22.0,62.77,83.5,17.0,58.4,58.8
374.554,52,166.0,1927.0,52.0,22.0,62.77,83.5,17.0,58.4,58.8
374.643,52,223.0,1927.0,52.0,22.0,62.77,83.5,17.0,58.4,58.8
374.734,52,223.0,2126.0,52.0,22.0,62.77,83.5,17.0,58.4,58.8
374.824,52,223.0,2126.0,58.0,22.0,62.77,83.5,17.0,58.4,58.8
374.914,52,223.0,2126.0,58.0,26.0,62.77,83.5,17.0,58.4,58.8
375.004,52,223.0,2126.0,58.0,26.0,80.97,83.5,17.0,58.4,58.8
375.094,52,223.0,2126.0,58.0,26.0,80.97,83.5,17.0,58.4,58.8
375.184,52,223.0,2126.0,58.0,26.0,80.97,83.5,17.0,58.4,58.8
375.275,52,223.0,2126.0,58.0,26.0,80.97,83.5,17.0,60.0,58.8
375.364,52,223.0,2126.0,58.0,26.0,80.97,83.5,17.0,60.0,60.4
375.454,52,223.0,2126.0,58.0,26.0,80.97,83.5,17.0,60.0,60.4
375.544,52,225.0,2126.0,58.0,26.0,80.97,83.5,17.0,60.0,60.4
375.634,52,225.0,2415.0,58.0,26.0,80.97,83.5,17.0,60.0,60.4
375.724,52,225.0,2415.0,65.0,26.0,80.97,83.5,17.0,60.0,60.4
375.814,52,225.0,2415.0,65.0,25.0,80.97,83.5,17.0,60.0,60.4
375.905,52,225.0,2415.0,65.0,25.0,88.08,83.5,17.0,60.0,60.4
375.994,52,225.0,2415.0,65.0,25.0,88.08,83.5,17.0,60.0,60.4
376.084,52,225.0,2415.0,65.0,25.0,88.08,83.5,17.0,60.0,60.4
376.174,52,225.0,2415.0,65.0,25.0,88.08,83.5,17.0,14.1,60.4
376.264,52,225.0,2415.0,65.0,25.0,88.08,83.5,17.0,14.1,14.5
376.355,52,225.0,2415.0,65.0,25.0,88.08,83.5,17.0,14.1,14.5
376.444,52,131.0,2415.0,65.0,25.0,88.08,83.5,17.0,14.1,14.5
376.534,52,131.0,2523.0,65.0,25.0,88.08,83.5,17.0,14.1,14.5
376.624,52,131.0,2523.0,68.0,25.0,88.08,83.5,17.0,14.1,14.5
376.714,52,131.0,2523.0,68.0,23.0,88.08,83.5,17.0,14.1,14.5
376.805,52,131.0,2523.0,68.0,23.0,36.13,83.5,17.0,14.1,14.5
376.895,52,131.0,2523.0,68.0,23.0,36.13,83.5,17.0,14.1,14.5
376.984,52,131.0,2523.0,68.0,23.0,36.13,83.5,17.0,14.1,14.5
377.074,52,131.0,2523.0,68.0,23.0,36.13,83.5,17.0,14.1,14.5
377.165,52,131.0,2523.0,68.0,23.0,36.13,83.5,17.0,14.1,14.5
377.254,52,131.0,2523.0,68.0,23.0,36.13,83.5,17.0,14.1,14.5
377.344,52,133.0,2523.0,68.0,23.0,36.13,83.5,17.0,14.1,14.5
377.445,52,133.0,2460.0,68.0,23.0,36.13,83.5,17.0,14.1,14.5
377.523,52,133.0,2460.0,66.0,23.0,36.13,83.5,17.0,14.1,14.5
377.614,52,133.0,2460.0,66.0,21.0,36.13,83.5,17.0,14.1,14.5
377.705,52,133.0,2460.0,66.0,21.0,35.19,83.5,17.0,14.1,14.5
377.794,52,133.0,2460.0,66.0,21.0,35.19,83.5,17.0,14.1,14.5
377.884,52,133.0,2460.0,66.0,21.0,35.19,83.5,17.0,14.1,14.5
377.974,52,133.0,2460.0,66.0,21.0,35.19,83.5,17.0,14.1,14.5
378.094,52,133.0,2460.0,66.0,21.0,35.19,83.5,17.0,14.1,14.1
378.184,52,133.0,2460.0,66.0,21.0,35.19,83.5,17.0,14.1,14.1
378.274,52,129.0,2460.0,66.0,21.0,35.19,83.5,17.0,14.1,14.1
378.364,52,129.0,2231.0,66.0,21.0,35.19,83.5,17.0,14.1,14.1
378.454,52,129.0,2231.0,60.0,21.0,35.19,83.5,17.0,14.1,14.1
378.543,52,129.0,2231.0,60.0,21.0,35.19,83.5,17.0,14.1,14.1
378.634,52,129.0,2231.0,60.0,21.0,27.08,83.5,17.0,14.1,14.1
378.724,52,129.0,2231.0,60.0,21.0,27.08,83.5,17.0,14.1,14.1
378.814,52,129.0,2231.0,60.0,21.0,27.08,83.5,17.0,14.1,14.1
378.904,52,129.0,2231.0,60.0,21.0,27.08,83.5,17.0,14.1,14.1
378.996,52,129.0,2231.0,60.0,21.0,27.08,83.5,17.0,14.1,14.5
379.084,52,129.0,2231.0,60.0,21.0,27.08,83.5,17.0,14.1,14.5
379.176,52,124.0,2231.0,60.0,21.0,27.08,83.5,17.0,14.1,14.5
379.264,52,124.0,2014.0,60.0,21.0,27.08,83.5,17.0,14.1,14.5
379.354,52,124.0,2014.0,54.0,21.0,27.08,83.5,17.0,14.1,14.5
379.444,52,124.0,2014.0,54.0,20.0,27.08,83.5,17.0,14.1,14.5
379.533,52,124.0,2014.0,54.0,20.0,22.08,83.5,17.0,14.1,14.5
379.624,52,124.0,2014.0,54.0,20.0,22.08,83.5,17.0,14.1,14.5
379.714,52,124.0,2014.0,54.0,20.0,22.08,83.5,17.0,14.1,14.5
379.804,52,124.0,2014.0,54.0,20.0,22.08,83.5,17.0,14.1,14.5
379.894,52,124.0,2014.0,54.0,20.0,22.08,83.5,17.0,14.1,14.5
379.984,52,124.0,2014.0,54.0,20.0,22.08,83.5,17.0,14.1,14.5
380.074,52,121.0,2014.0,54.0,20.0,22.08,83.5,17.0,14.1,14.5
380.164,52,121.0,1818.0,54.0,20.0,22.08,83.5,17.0,14.1,14.5
380.224,52,121.0,1818.0,49.0,20.0,22.08,83.5,17.0,14.1,14.5
380.314,52,121.0,1818.0,49.0,19.0,22.08,83.5,17.0,14.1,14.5
380.403,52,121.0,1818.0,49.0,19.0,18.94,83.5,17.0,14.1,14.5
380.493,52,121.0,1818.0,49.0,19.0,18.94,83.5,17.0,14.1,14.5
380.583,52,121.0,1818.0,49.0,19.0,18.94,83.5,17.0,14.1,14.5
380.674,52,121.0,1818.0,49.0,19.0,18.94,83.5,17.0,14.1,14.5
380.763,52,121.0,1818.0,49.0,19.0,18.94,83.5,17.0,14.1,14.5
380.853,52,121.0,1818.0,49.0,19.0,18.94,83.5,17.0,14.1,14.5
380.944,52,119.0,1818.0,49.0,19.0,18.94,83.5,17.0,14.1,14.5
381.034,52,119.0,1700.0,49.0,19.0,18.94,83.5,17.0,14.1,14.5
381.124,52,119.0,1700.0,46.0,19.0,18.94,83.5,17.0,14.1,14.5
381.213,52,119.0,1700.0,46.0,18.0,18.94,83.5,17.0,14.1,14.5
381.303,52,119.0,1700.0,46.0,18.0,17.99,83.5,17.0,14.1,14.5
381.393,52,119.0,1700.0,46.0,18.0,17.99,83.5,17.0,14.1,14.5
381.483,52,119.0,1700.0,46.0,18.0,17.99,83.5,17.0,14.1,14.5
381.574,52,119.0,1700.0,46.0,18.0,17.99,83.5,17.0,18.4,14.5
381.663,52,119.0,1700.0,46.0,18.0,17.99,83.5,17.0,18.4,20.0
381.755,52,119.0,1700.0,46.0,18.0,17.99,83.5,17.0,18.4,20.0
381.844,52,117.0,1700.0,46.0,18.0,17.99,83.5,17.0,18.4,20.0
381.934,52,117.0,1659.0,46.0,18.0,17.99,83.5,17.0,18.4,20.0
382.024,52,117.0,1659.0,45.0,18.0,17.99,83.5,17.0,18.4,20.0
382.113,52,117.0,1659.0,45.0,18.0,17.99,83.5,17.0,18.4,20.0
382.174,52,117.0,1659.0,45.0,18.0,18.3,83.5,17.0,18.4,20.0
382.263,52,117.0,1659.0,45.0,18.0,18.3,83.5,17.0,18.4,20.0
382.353,52,117.0,1659.0,45.0,18.0,18.3,83.5,17.0,18.4,20.0
382.444,52,117.0,1659.0,45.0,18.0,18.3,83.5,17.0,29.8,20.0
382.533,52,117.0,1659.0,45.0,18.0,18.3,83.5,17.0,29.8,32.5
382.623,52,117.0,1659.0,45.0,18.0,18.3,83.5,17.0,29.8,32.5
382.713,52,109.0,1659.0,45.0,18.0,18.3,83.5,17.0,29.8,32.5
382.803,52,109.0,1663.0,45.0,18.0,18.3,83.5,17.0,29.8,32.5
382.894,52,109.0,1663.0,44.0,18.0,18.3,83.5,17.0,29.8,32.5
382.985,52,109.0,1663.0,44.0,18.0,18.3,83.5,17.0,29.8,32.5
383.104,52,109.0,1663.0,44.0,18.0,23.16,83.5,17.0,29.8,32.5
383.194,52,109.0,1663.0,44.0,18.0,23.16,83.5,17.0,29.8,32.5
383.284,52,109.0,1663.0,44.0,18.0,23.16,83.5,17.0,29.8,32.5
383.374,52,109.0,1663.0,44.0,18.0,23.16,83.5,17.0,45.9,32.5
383.465,52,109.0,1663.0,44.0,18.0,23.16,83.5,17.0,45.9,47.5
383.554,52,109.0,1663.0,44.0,18.0,23.16,83.5,17.0,45.9,47.5
383.644,52,137.0,1663.0,44.0,18.0,23.16,83.5,17.0,45.9,47.5
383.734,52,137.0,1735.0,44.0,18.0,23.16,83.5,17.0,45.9,47.5
383.825,52,137.0,1735.0,46.0,18.0,23.16,83.5,17.0,45.9,47.5
383.914,52,137.0,1735.0,46.0,19.0,23.16,83.5,17.0,45.9,47.5
384.004,52,137.0,1735.0,46.0,19.0,38.86,83.5,17.0,45.9,47.5
384.094,52,137.0,1735.0,46.0,19.0,38.86,83.5,17.0,45.9,47.5
384.184,52,137.0,1735.0,46.0,19.0,38.86,83.5,17.0,45.9,47.5
384.274,52,137.0,1735.0,46.0,19.0,38.86,83.5,17.0,52.9,47.5
384.365,52,137.0,1735.0,46.0,19.0,38.86,83.5,17.0,52.9,54.1
384.454,52,137.0,1735.0,46.0,19.0,38.86,83.5,17.0,52.9,54.1
384.544,52,190.0,1735.0,46.0,19.0,38.86,83.5,17.0,52.9,54.1
384.634,52,190.0,1858.0,46.0,19.0,38.86,83.5,17.0,52.9,54.1
384.725,52,190.0,1858.0,50.0,19.0,38.86,83.5,17.0,52.9,54.1
384.814,52,190.0,1858.0,50.0,22.0,38.86,83.5,17.0,52.9,54.1
384.904,52,190.0,1858.0,50.0,22.0,64.8,83.5,17.0,52.9,54.1
384.994,52,190.0,1858.0,50.0,22.0,64.8,83.5,17.0,52.9,54.1
385.084,52,190.0,1858.0,50.0,22.0,64.8,83.5,17.0,52.9,54.1
385.174,52,190.0,1858.0,50.0,22.0,64.8,83.5,17.0,58.8,54.1
385.264,52,190.0,1858.0,50.0,22.0,64.8,83.5,17.0,58.8,60.0
385.326,52,190.0,1858.0,50.0,22.0,64.8,83.5,17.0,58.8,60.0
385.414,52,232.0,1858.0,50.0,22.0,64.8,83.5,17.0,58.8,60.0
385.504,52,232.0,2084.0,50.0,22.0,64.8,83.5,17.0,58.8,60.0
385.593,52,232.0,2084.0,57.0,22.0,64.8,83.5,17.0,58.8,60.0
385.684,52,232.0,2084.0,57.0,25.0,64.8,83.5,17.0,58.8,60.0
385.774,52,232.0,2084.0,57.0,25.0,81.41,83.5,17.0,58.8,60.0
385.864,52,232.0,2084.0,57.0,25.0,81.41,83.5,17.0,58.8,60.0
385.954,52,232.0,2084.0,57.0,25.0,81.41,83.5,17.0,58.8,60.0
386.044,52,232.0,2084.0,57.0,25.0,81.41,83.5,17.0,61.2,60.0
386.134,52,232.0,2084.0,57.0,25.0,81.41,83.5,17.0,61.2,61.6
386.225,52,232.0,2084.0,57.0,25.0,81.41,83.5,17.0,61.2,61.6
386.314,52,232.0,2084.0,57.0,25.0,81.41,83.5,17.0,61.2,61.6
386.404,52,232.0,2374.0,57.0,25.0,81.41,83.5,17.0,61.2,61.6
386.493,52,232.0,2374.0,64.0,25.0,81.41,83.5,17.0,61.2,61.6
386.583,52,232.0,2374.0,64.0,24.0,81.41,83.5,17.0,61.2,61.6
386.674,52,232.0,2374.0,64.0,24.0,91.44,83.5,17.0,61.2,61.6
386.794,52,232.0,2374.0,64.0,24.0,91.44,83.5,17.0,61.2,61.6
386.885,52,232.0,2374.0,64.0,24.0,91.44,83.5,17.0,61.2,61.6
386.974,52,232.0,2374.0,64.0,24.0,91.44,83.5,17.0,41.2,61.6
387.064,52,232.0,2374.0,64.0,24.0,91.44,83.5,17.0,41.2,20.0
387.155,52,232.0,2374.0,64.0,24.0,91.44,83.5,17.0,41.2,20.0
387.244,52,150.0,2374.0,64.0,24.0,91.44,83.5,17.0,41.2,20.0
387.335,52,150.0,2287.0,64.0,24.0,91.44,83.5,17.0,41.2,20.0
387.424,52,150.0,2287.0,68.0,24.0,91.44,83.5,17.0,41.2,20.0
387.513,52,150.0,2287.0,68.0,24.0,91.44,83.5,17.0,41.2,20.0
387.604,52,150.0,2287.0,68.0,24.0,32.91,83.5,17.0,41.2,20.0
387.694,52,150.0,2287.0,68.0,24.0,32.91,31.0,17.0,41.2,20.0
387.784,52,150.0,2287.0,68.0,24.0,32.91,31.0,17.0,41.2,20.0
387.874,52,150.0,2287.0,68.0,24.0,32.91,31.0,17.0,53.7,20.0
387.963,52,150.0,2287.0,68.0,24.0,32.91,31.0,17.0,53.7,56.5
388.084,52,150.0,2287.0,68.0,24.0,32.91,31.0,17.0,53.7,56.5
388.174,52,129.0,2287.0,68.0,24.0,32.91,31.0,17.0,53.7,56.5
388.264,52,129.0,1793.0,68.0,24.0,32.91,31.0,17.0,53.7,56.5
388.354,52,129.0,1793.0,70.0,24.0,32.91,31.0,17.0,53.7,56.5
388.444,52,129.0,1793.0,70.0,20.0,32.91,31.0,17.0,53.7,56.5
388.533,52,129.0,1793.0,70.0,20.0,49.74,31.0,17.0,53.7,56.5
388.624,52,129.0,1793.0,70.0,20.0,49.74,83.5,17.0,53.7,56.5
388.714,52,129.0,1793.0,70.0,20.0,49.74,83.5,17.0,53.7,56.5
388.804,52,129.0,1793.0,70.0,20.0,49.74,83.5,17.0,57.6,56.5
388.894,52,129.0,1793.0,70.0,20.0,49.74,83.5,17.0,57.6,59.2
388.984,52,129.0,1793.0,70.0,20.0,49.74,83.5,17.0,57.6,59.2
389.074,52,221.0,1793.0,70.0,20.0,49.74,83.5,17.0,57.6,59.2
389.164,52,221.0,1893.0,70.0,20.0,49.74,83.5,17.0,57.6,59.2
389.226,52,221.0,1893.0,74.0,20.0,49.74,83.5,17.0,57.6,59.2
389.314,52,221.0,1893.0,74.0,23.0,49.74,83.5,17.0,57.6,59.2
389.376,52,221.0,1893.0,74.0,23.0,71.36,83.5,17.0,57.6,59.2
389.464,52,221.0,1893.0,74.0,23.0,71.36,83.5,17.0,57.6,59.2
389.554,52,221.0,1893.0,74.0,23.0,71.36,83.5,17.0,57.6,59.2
389.644,52,221.0,1893.0,74.0,23.0,71.36,83.5,17.0,63.5,59.2
389.734,52,221.0,1893.0,74.0,23.0,71.36,83.5,17.0,63.5,64.3
389.824,52,221.0,1893.0,74.0,23.0,71.36,83.5,17.0,63.5,64.3
389.914,52,230.0,1893.0,74.0,23.0,71.36,83.5,17.0,63.5,64.3
390.005,52,230.0,2009.0,74.0,23.0,71.36,83.5,17.0,63.5,64.3
390.124,52,230.0,2009.0,79.0,23.0,71.36,83.5,17.0,63.5,64.3
390.213,52,230.0,2009.0,79.0,22.0,71.36,83.5,17.0,63.5,64.3
390.304,52,230.0,2009.0,79.0,22.0,75.24,83.5,17.0,63.5,64.3
390.394,52,230.0,2009.0,79.0,22.0,75.24,83.5,17.0,63.5,64.3
390.483,52,230.0,2009.0,79.0,22.0,75.24,83.5,17.0,63.5,64.3
390.573,52,230.0,2009.0,79.0,22.0,75.24,83.5,17.0,67.8,64.3
390.664,52,230.0,2009.0,79.0,22.0,75.24,83.5,17.0,67.8,67.8
390.754,53,230.0,2009.0,79.0,22.0,75.24,83.5,17.0,67.8,67.8
390.844,53,232.0,2009.0,79.0,22.0,75.24,83.5,17.0,67.8,67.8
390.935,53,232.0,2144.0,79.0,22.0,75.24,83.5,17.0,67.8,67.8
391.024,53,232.0,2144.0,84.0,22.0,75.24,83.5,17.0,67.8,67.8
391.114,53,232.0,2144.0,84.0,22.0,75.24,83.5,17.0,67.8,67.8
391.204,53,232.0,2144.0,84.0,22.0,82.11,83.5,17.0,67.8,67.8
391.267,53,232.0,2144.0,84.0,22.0,82.11,83.5,17.0,67.8,67.8
391.326,53,232.0,2144.0,84.0,22.0,82.11,83.5,17.0,67.8,67.8
391.415,53,232.0,2144.0,84.0,22.0,82.11,83.5,17.0,57.3,67.8
391.503,53,232.0,2144.0,84.0,22.0,82.11,83.5,17.0,57.3,50.6
391.594,53,232.0,2144.0,84.0,22.0,82.11,83.5,17.0,57.3,50.6
391.684,53,205.0,2144.0,84.0,22.0,82.11,83.5,17.0,57.3,50.6
391.774,53,205.0,2097.0,84.0,22.0,82.11,83.5,17.0,57.3,50.6
391.864,53,205.0,2097.0,87.0,22.0,82.11,83.5,17.0,57.3,50.6
391.954,53,205.0,2097.0,87.0,22.0,82.11,83.5,17.0,57.3,50.6
392.044,53,205.0,2097.0,87.0,22.0,26.66,83.5,17.0,57.3,50.6
392.134,53,205.0,2097.0,87.0,22.0,26.66,83.5,17.0,57.3,50.6
392.224,53,205.0,2097.0,87.0,22.0,26.66,83.5,17.0,57.3,50.6
392.316,53,205.0,2097.0,87.0,22.0,26.66,83.5,17.0,46.3,50.6
392.377,53,205.0,2097.0,87.0,22.0,26.66,83.5,17.0,46.3,51.0
392.464,53,205.0,2097.0,87.0,22.0,26.66,83.5,17.0,46.3,51.0
392.525,53,137.0,2097.0,87.0,22.0,26.66,83.5,17.0,46.3,51.0
392.614,53,137.0,1746.0,87.0,22.0,26.66,83.5,17.0,46.3,51.0
392.704,53,137.0,1746.0,86.0,22.0,26.66,83.5,17.0,46.3,51.0
392.794,53,137.0,1746.0,86.0,18.0,26.66,83.5,17.0,46.3,51.0
392.884,53,137.0,1746.0,86.0,18.0,45.86,83.5,17.0,46.3,51.0
392.974,53,137.0,1746.0,86.0,18.0,45.86,83.5,17.0,46.3,51.0
393.094,53,137.0,1746.0,86.0,18.0,45.86,83.5,17.0,46.3,51.0
393.184,53,137.0,1746.0,86.0,18.0,45.86,83.5,17.0,64.7,51.0
393.274,53,137.0,1746.0,86.0,18.0,45.86,83.5,17.0,64.7,64.7
393.364,53,137.0,1746.0,86.0,18.0,45.86,83.5,17.0,64.7,64.7
393.426,53,220.0,1746.0,86.0,18.0,45.86,83.5,17.0,64.7,64.7
393.514,53,220.0,1787.0,86.0,18.0,45.86,83.5,17.0,64.7,64.7
393.574,53,220.0,1787.0,89.0,18.0,45.86,83.5,17.0,64.7,64.7
393.664,53,220.0,1787.0,89.0,21.0,45.86,83.5,17.0,64.7,64.7
393.725,53,220.0,1787.0,89.0,21.0,58.58,83.5,17.0,64.7,64.7
393.814,53,220.0,1787.0,89.0,21.0,58.58,45.9,17.0,64.7,64.7
393.904,53,220.0,1787.0,89.0,21.0,58.58,45.9,17.0,64.7,64.7
393.994,53,220.0,1787.0,89.0,21.0,58.58,45.9,17.0,14.1,64.7
394.084,53,220.0,1787.0,89.0,21.0,58.58,45.9,17.0,14.1,14.5
394.174,53,220.0,1787.0,89.0,21.0,58.58,45.9,17.0,14.1,14.5
394.264,53,129.0,1787.0,89.0,21.0,58.58,45.9,17.0,14.1,14.5
394.354,53,129.0,1478.0,89.0,21.0,58.58,45.9,17.0,14.1,14.5
394.415,53,129.0,1478.0,88.0,21.0,58.58,45.9,17.0,14.1,14.5
394.475,53,129.0,1478.0,88.0,21.0,58.58,45.9,17.0,14.1,14.5
394.564,53,129.0,1478.0,88.0,21.0,26.97,45.9,17.0,14.1,14.5
394.625,53,129.0,1478.0,88.0,21.0,26.97,63.5,17.0,14.1,14.5
394.715,53,129.0,1478.0,88.0,21.0,26.97,63.5,17.0,14.1,14.5
394.776,53,129.0,1478.0,88.0,21.0,26.97,63.5,17.0,59.6,14.5
394.865,53,129.0,1478.0,88.0,21.0,26.97,63.5,17.0,59.6,61.6
394.925,53,129.0,1478.0,88.0,21.0,26.97,63.5,17.0,59.6,61.6
395.014,53,141.0,1478.0,88.0,21.0,26.97,63.5,17.0,59.6,61.6
395.104,53,141.0,1496.0,88.0,21.0,26.97,63.5,17.0,59.6,61.6
395.194,53,141.0,1496.0,88.0,21.0,26.97,63.5,17.0,59.6,61.6
395.284,53,141.0,1496.0,88.0,18.0,26.97,63.5,17.0,59.6,61.6
395.374,53,141.0,1496.0,88.0,18.0,39.27,63.5,17.0,59.6,61.6
395.464,53,141.0,1496.0,88.0,18.0,39.27,83.5,17.0,59.6,61.6
395.524,53,141.0,1496.0,88.0,18.0,39.27,83.5,17.0,59.6,61.6
395.614,53,141.0,1496.0,88.0,18.0,39.27,83.5,17.0,61.6,61.6
395.675,53,141.0,1496.0,88.0,18.0,39.27,83.5,17.0,61.6,62.0
395.764,53,141.0,1496.0,88.0,18.0,39.27,83.5,17.0,61.6,62.0
395.825,53,191.0,1496.0,88.0,18.0,39.27,83.5,17.0,61.6,62.0
395.914,53,191.0,1518.0,88.0,18.0,39.27,83.5,17.0,61.6,62.0
395.975,53,191.0,1518.0,90.0,18.0,39.27,83.5,17.0,61.6,62.0
396.064,53,191.0,1518.0,90.0,20.0,39.27,83.5,17.0,61.6,62.0
396.126,53,191.0,1518.0,90.0,20.0,49.36,83.5,17.0,61.6,62.0
396.214,53,191.0,1518.0,90.0,20.0,49.36,83.5,17.0,61.6,62.0
396.276,53,191.0,1518.0,90.0,20.0,49.36,83.5,17.0,61.6,62.0
396.364,53,191.0,1518.0,90.0,20.0,49.36,83.5,17.0,61.6,62.0
396.425,53,191.0,1518.0,90.0,20.0,49.36,83.5,17.0,61.6,62.0
396.517,53,191.0,1518.0,90.0,20.0,49.36,83.5,17.0,61.6,62.0
396.634,53,222.0,1518.0,90.0,20.0,49.36,83.5,17.0,61.6,62.0
396.724,53,222.0,1564.0,90.0,20.0,49.36,83.5,17.0,61.6,62.0
396.814,53,222.0,1564.0,92.0,20.0,49.36,83.5,17.0,61.6,62.0
396.875,53,222.0,1564.0,92.0,22.0,49.36,83.5,17.0,61.6,62.0
396.965,53,222.0,1564.0,92.0,22.0,52.38,83.5,17.0,61.6,62.0
397.025,53,222.0,1564.0,92.0,22.0,52.38,83.5,17.0,61.6,62.0
397.114,53,222.0,1564.0,92.0,22.0,52.38,83.5,17.0,61.6,62.0
397.175,53,222.0,1564.0,92.0,22.0,52.38,83.5,17.0,61.2,62.0
397.264,53,222.0,1564.0,92.0,22.0,52.38,83.5,17.0,61.2,61.6
397.325,54,222.0,1564.0,92.0,22.0,52.38,83.5,17.0,61.2,61.6
397.414,54,222.0,1564.0,92.0,22.0,52.38,83.5,17.0,61.2,61.6
397.477,54,222.0,1588.0,92.0,22.0,52.38,83.5,17.0,61.2,61.6
397.564,54,222.0,1588.0,94.0,22.0,52.38,83.5,17.0,61.2,61.6
397.624,54,222.0,1588.0,94.0,22.0,52.38,83.5,17.0,61.2,61.6
397.714,54,222.0,1588.0,94.0,22.0,46.24,83.5,17.0,61.2,61.6
397.775,54,222.0,1588.0,94.0,22.0,46.24,31.4,17.0,61.2,61.6
397.865,54,222.0,1588.0,94.0,22.0,46.24,31.4,18.0,61.2,61.6
397.926,54,222.0,1588.0,94.0,22.0,46.24,31.4,18.0,14.1,61.6
398.044,54,222.0,1588.0,94.0,22.0,46.24,31.4,18.0,14.1,14.5
398.164,54,222.0,1588.0,94.0,22.0,46.24,31.4,18.0,14.1,14.5
398.225,54,135.0,1588.0,94.0,22.0,46.24,31.4,18.0,14.1,14.5
398.314,54,135.0,1595.0,94.0,22.0,46.24,31.4,18.0,14.1,14.5
398.376,54,135.0,1595.0,94.0,22.0,46.24,31.4,18.0,14.1,14.5
398.465,54,135.0,1595.0,94.0,20.0,46.24,31.4,18.0,14.1,14.5
398.524,54,135.0,1595.0,94.0,20.0,29.69,31.4,18.0,14.1,14.5
398.614,54,135.0,1595.0,94.0,20.0,29.69,79.6,18.0,14.1,14.5
398.704,54,135.0,1595.0,94.0,20.0,29.69,79.6,18.0,14.1,14.5
398.765,54,135.0,1595.0,94.0,20.0,29.69,79.6,18.0,14.1,14.5
398.827,54,135.0,1595.0,94.0,20.0,29.69,79.6,18.0,14.1,14.5
398.915,54,135.0,1595.0,94.0,20.0,29.69,79.6,18.0,14.1,14.5
398.976,54,142.0,1595.0,94.0,20.0,29.69,79.6,18.0,14.1,14.5
399.064,54,142.0,1591.0,94.0,20.0,29.69,79.6,18.0,14.1,14.5
399.154,54,142.0,1591.0,94.0,20.0,29.69,79.6,18.0,14.1,14.5
399.215,54,142.0,1591.0,94.0,20.0,29.69,79.6,18.0,14.1,14.5
399.304,54,142.0,1591.0,94.0,20.0,25.88,79.6,18.0,14.1,14.5
399.394,54,142.0,1591.0,94.0,20.0,25.88,83.5,18.0,14.1,14.5
399.483,54,142.0,1591.0,94.0,20.0,25.88,83.5,18.0,14.1,14.5
399.574,54,142.0,1591.0,94.0,20.0,25.88,83.5,18.0,14.1,14.5
399.664,54,142.0,1591.0,94.0,20.0,25.88,83.5,18.0,14.1,14.5
399.754,54,142.0,1591.0,94.0,20.0,25.88,83.5,18.0,14.1,14.5
399.845,54,150.0,1591.0,94.0,20.0,25.88,83.5,18.0,14.1,14.5
399.934,54,150.0,1590.0,94.0,20.0,25.88,83.5,18.0,14.1,14.5
400.024,54,150.0,1590.0,94.0,20.0,25.88,83.5,18.0,14.1,14.5
400.115,54,150.0,1590.0,94.0,18.0,25.88,83.5,18.0,14.1,14.5
400.204,54,150.0,1590.0,94.0,18.0,26.24,83.5,18.0,14.1,14.5
400.295,54,150.0,1590.0,94.0,18.0,26.24,83.5,18.0,14.1,14.5
400.384,54,150.0,1590.0,94.0,18.0,26.24,83.5,18.0,14.1,14.5
400.474,54,150.0,1590.0,94.0,18.0,26.24,83.5,18.0,14.1,14.5
400.564,54,150.0,1590.0,94.0,18.0,26.24,83.5,18.0,14.1,14.5
400.654,54,150.0,1590.0,94.0,18.0,26.24,83.5,18.0,14.1,14.5
400.716,54,148.0,1590.0,94.0,18.0,26.24,83.5,18.0,14.1,14.5
400.805,54,148.0,1590.0,94.0,18.0,26.24,83.5,18.0,14.1,14.5
400.895,54,148.0,1590.0,94.0,18.0,26.24,83.5,18.0,14.1,14.5
400.984,54,148.0,1590.0,94.0,18.0,26.24,83.5,18.0,14.1,14.5
401.074,54,148.0,1590.0,94.0,18.0,26.3,83.5,18.0,14.1,14.5
401.164,54,148.0,1590.0,94.0,18.0,26.3,83.5,18.0,14.1,14.5
401.255,54,148.0,1590.0,94.0,18.0,26.3,83.5,18.0,14.1,14.5
401.345,54,148.0,1590.0,94.0,18.0,26.3,83.5,18.0,14.1,14.5
401.434,54,148.0,1590.0,94.0,18.0,26.3,83.5,18.0,14.1,14.5
401.524,54,148.0,1590.0,94.0,18.0,26.3,83.5,18.0,14.1,14.5
401.614,54,148.0,1590.0,94.0,18.0,26.3,83.5,18.0,14.1,14.5
401.705,54,148.0,1588.0,94.0,18.0,26.3,83.5,18.0,14.1,14.5
401.794,54,148.0,1588.0,94.0,18.0,26.3,83.5,18.0,14.1,14.5
401.885,54,148.0,1588.0,94.0,19.0,26.3,83.5,18.0,14.1,14.5
401.974,54,148.0,1588.0,94.0,19.0,25.44,83.5,18.0,14.1,14.5
402.064,54,148.0,1588.0,94.0,19.0,25.44,83.5,18.0,14.1,14.5
402.154,54,148.0,1588.0,94.0,19.0,25.44,83.5,18.0,14.1,14.5
402.244,54,148.0,1588.0,94.0,19.0,25.44,83.5,18.0,14.1,14.5
402.334,54,148.0,1588.0,94.0,19.0,25.44,83.5,18.0,14.1,14.5
402.424,55,148.0,1588.0,94.0,19.0,25.44,83.5,18.0,14.1,14.5
402.517,55,148.0,1588.0,94.0,19.0,25.44,83.5,18.0,14.1,14.5
402.604,55,148.0,1596.0,94.0,19.0,25.44,83.5,18.0,14.1,14.5
402.665,55,148.0,1596.0,94.0,19.0,25.44,83.5,18.0,14.1,14.5
402.754,55,148.0,1596.0,94.0,19.0,25.44,83.5,18.0,14.1,14.5
402.816,55,148.0,1596.0,94.0,19.0,25.22,83.5,18.0,14.1,14.5
402.904,55,148.0,1596.0,94.0,19.0,25.22,83.5,18.0,14.1,14.5
402.994,55,148.0,1596.0,94.0,19.0,25.22,83.5,18.0,14.1,14.5
403.085,55,148.0,1596.0,94.0,19.0,25.22,83.5,18.0,14.1,14.5
403.175,55,148.0,1596.0,94.0,19.0,25.22,83.5,18.0,14.1,14.5
403.264,55,148.0,1596.0,94.0,19.0,25.22,83.5,18.0,14.1,14.5
403.354,55,142.0,1596.0,94.0,19.0,25.22,83.5,18.0,14.1,14.5
403.444,55,142.0,1594.0,94.0,19.0,25.22,83.5,18.0,14.1,14.5
403.534,55,142.0,1594.0,94.0,19.0,25.22,83.5,18.0,14.1,14.5
403.624,55,142.0,1594.0,94.0,19.0,25.22,83.5,18.0,14.1,14.5
403.714,55,142.0,1594.0,94.0,19.0,24.52,83.5,18.0,14.1,14.5
403.804,55,142.0,1594.0,94.0,19.0,24.52,83.5,18.0,14.1,14.5
403.866,55,142.0,1594.0,94.0,19.0,24.52,83.5,18.0,14.1,14.5
403.954,55,142.0,1594.0,94.0,19.0,24.52,83.5,18.0,14.1,14.5
404.016,55,142.0,1594.0,94.0,19.0,24.52,83.5,18.0,14.1,14.5
404.105,55,142.0,1594.0,94.0,19.0,24.52,83.5,18.0,14.1,14.5
404.203,55,141.0,1594.0,94.0,19.0,24.52,83.5,18.0,14.1,14.5
404.284,55,141.0,1593.0,94.0,19.0,24.52,83.5,18.0,14.1,14.5
404.374,55,141.0,1593.0,94.0,19.0,24.52,83.5,18.0,14.1,14.5
404.464,55,141.0,1593.0,94.0,19.0,24.52,83.5,18.0,14.1,14.5
404.554,55,141.0,1593.0,94.0,19.0,24.36,83.5,18.0,14.1,14.5
404.615,55,141.0,1593.0,94.0,19.0,24.36,83.5,18.0,14.1,14.5
404.705,55,141.0,1593.0,94.0,19.0,24.36,83.5,18.0,14.1,14.5
404.765,55,141.0,1593.0,94.0,19.0,24.36,83.5,18.0,14.1,14.5
404.854,55,141.0,1593.0,94.0,19.0,24.36,83.5,18.0,14.1,14.5
404.944,55,141.0,1593.0,94.0,19.0,24.36,83.5,18.0,14.1,14.5
405.035,55,141.0,1593.0,94.0,19.0,24.36,83.5,18.0,14.1,14.5
405.124,55,141.0,1594.0,94.0,19.0,24.36,83.5,18.0,14.1,14.5
405.214,55,141.0,1594.0,95.0,19.0,24.36,83.5,18.0,14.1,14.5
405.304,55,141.0,1594.0,95.0,19.0,24.36,83.5,18.0,14.1,14.5
405.394,55,141.0,1594.0,95.0,19.0,22.16,83.5,18.0,14.1,14.5
405.485,55,141.0,1594.0,95.0,19.0,22.16,83.5,18.0,14.1,14.5
405.573,55,141.0,1594.0,95.0,19.0,22.16,83.5,18.0,14.1,14.5
405.664,55,141.0,1594.0,95.0,19.0,22.16,83.5,18.0,14.1,14.5
405.754,55,141.0,1594.0,95.0,19.0,22.16,83.5,18.0,14.1,14.5
405.815,55,141.0,1594.0,95.0,19.0,22.16,83.5,18.0,14.1,14.5
405.904,55,136.0,1594.0,95.0,19.0,22.16,83.5,18.0,14.1,14.5
405.965,55,136.0,1593.0,95.0,19.0,22.16,83.5,18.0,14.1,14.5
406.054,55,136.0,1593.0,94.0,19.0,22.16,83.5,18.0,14.1,14.5
406.144,55,136.0,1593.0,94.0,18.0,22.16,83.5,18.0,14.1,14.5
406.234,55,136.0,1593.0,94.0,18.0,22.8,83.5,18.0,14.1,14.5
406.324,55,136.0,1593.0,94.0,18.0,22.8,83.5,18.0,14.1,14.5
406.414,55,136.0,1593.0,94.0,18.0,22.8,83.5,18.0,14.1,14.5
406.504,55,136.0,1593.0,94.0,18.0,22.8,83.5,18.0,14.1,14.5
406.594,55,136.0,1593.0,94.0,18.0,22.8,83.5,18.0,14.1,14.5
406.655,56,136.0,1593.0,94.0,18.0,22.8,83.5,18.0,14.1,14.5
406.715,56,137.0,1593.0,94.0,18.0,22.8,83.5,18.0,14.1,14.5
406.804,56,137.0,1590.0,94.0,18.0,22.8,83.5,18.0,14.1,14.5
406.894,56,137.0,1590.0,94.0,18.0,22.8,83.5,18.0,14.1,14.5
406.984,56,137.0,1590.0,94.0,18.0,22.8,83.5,18.0,14.1,14.5
407.074,56,137.0,1590.0,94.0,18.0,23.16,83.5,18.0,14.1,14.5
407.164,56,137.0,1590.0,94.0,18.0,23.16,83.5,18.0,14.1,14.5
407.254,56,137.0,1590.0,94.0,18.0,23.16,83.5,18.0,14.1,14.5
407.344,56,137.0,1590.0,94.0,18.0,23.16,83.5,18.0,14.1,14.5
407.434,56,137.0,1590.0,94.0,18.0,23.16,83.5,18.0,14.1,14.5
407.524,56,137.0,1590.0,94.0,18.0,23.16,83.5,18.0,14.1,14.5
407.614,56,138.0,1590.0,94.0,18.0,23.16,83.5,18.0,14.1,14.5
407.704,56,138.0,1592.0,94.0,18.0,23.16,83.5,18.0,14.1,14.5
407.794,56,138.0,1592.0,94.0,18.0,23.16,83.5,18.0,14.1,14.5
407.855,56,138.0,1592.0,94.0,19.0,23.16,83.5,18.0,14.1,14.5
407.915,56,138.0,1592.0,94.0,19.0,23.44,83.5,18.0,14.1,14.5
408.004,56,138.0,1592.0,94.0,19.0,23.44,83.5,18.0,14.1,14.5
408.094,56,138.0,1592.0,94.0,19.0,23.44,83.5,18.0,14.1,14.5
408.184,56,138.0,1592.0,94.0,19.0,23.44,83.5,18.0,14.1,14.5
408.275,56,138.0,1592.0,94.0,19.0,23.44,83.5,18.0,14.1,14.5
408.364,56,138.0,1592.0,94.0,19.0,23.44,83.5,18.0,14.1,14.5
408.454,56,139.0,1592.0,94.0,19.0,23.44,83.5,18.0,14.1,14.5
408.544,56,139.0,1592.0,94.0,19.0,23.44,83.5,18.0,14.1,14.5
408.634,56,139.0,1592.0,94.0,19.0,23.44,83.5,18.0,14.1,14.5
408.724,56,139.0,1592.0,94.0,19.0,23.44,83.5,18.0,14.1,14.5
408.814,56,139.0,1592.0,94.0,19.0,22.94,83.5,18.0,14.1,14.5
408.904,56,139.0,1592.0,94.0,19.0,22.94,83.5,18.0,14.1,14.5
408.965,56,139.0,1592.0,94.0,19.0,22.94,83.5,18.0,14.1,14.5
409.054,56,139.0,1592.0,94.0,19.0,22.94,83.5,18.0,14.1,14.5
409.115,56,139.0,1592.0,94.0,19.0,22.94,83.5,18.0,14.1,14.5
409.204,56,139.0,1592.0,94.0,19.0,22.94,83.5,18.0,14.1,14.5
409.295,56,135.0,1592.0,94.0,19.0,22.94,83.5,18.0,14.1,14.5
409.384,56,135.0,1591.0,94.0,19.0,22.94,83.5,18.0,14.1,14.5
409.474,56,135.0,1591.0,94.0,19.0,22.94,83.5,18.0,14.1,14.5
409.563,56,135.0,1591.0,94.0,19.0,22.94,83.5,18.0,14.1,14.5
409.654,56,135.0,1591.0,94.0,19.0,20.94,83.5,18.0,14.1,14.5
409.715,56,135.0,1591.0,94.0,19.0,20.94,83.5,18.0,14.1,14.5
409.805,56,135.0,1591.0,94.0,19.0,20.94,83.5,18.0,14.1,14.5
409.865,56,135.0,1591.0,94.0,19.0,20.94,83.5,18.0,14.5,14.5
409.954,56,135.0,1591.0,94.0,19.0,20.94,83.5,18.0,14.5,14.5
410.016,56,135.0,1591.0,94.0,19.0,20.94,83.5,18.0,14.5,14.5
410.104,56,132.0,1591.0,94.0,19.0,20.94,83.5,18.0,14.5,14.5
410.165,56,132.0,1591.0,94.0,19.0,20.94,83.5,18.0,14.5,14.5
410.254,56,132.0,1591.0,94.0,19.0,20.94,83.5,18.0,14.5,14.5
410.315,56,132.0,1591.0,94.0,19.0,20.94,83.5,18.0,14.5,14.5
410.404,56,132.0,1591.0,94.0,19.0,19.38,83.5,18.0,14.5,14.5
410.494,56,132.0,1591.0,94.0,19.0,19.38,83.5,18.0,14.5,14.5
410.584,56,132.0,1591.0,94.0,19.0,19.38,83.5,18.0,14.5,14.5
410.674,56,132.0,1591.0,94.0,19.0,19.38,83.5,18.0,14.1,14.5
410.764,56,132.0,1591.0,94.0,19.0,19.38,83.5,18.0,14.1,14.5
410.854,56,132.0,1591.0,94.0,19.0,19.38,83.5,18.0,14.1,14.5
410.915,56,123.0,1591.0,94.0,19.0,19.38,83.5,18.0,14.1,14.5
411.004,56,123.0,1587.0,94.0,19.0,19.38,83.5,18.0,14.1,14.5
411.066,56,123.0,1587.0,94.0,19.0,19.38,83.5,18.0,14.1,14.5
411.154,56,123.0,1587.0,94.0,18.0,19.38,83.5,18.0,14.1,14.5
411.215,56,123.0,1587.0,94.0,18.0,16.8,83.5,18.0,14.1,14.5
411.304,56,123.0,1587.0,94.0,18.0,16.8,83.5,18.0,14.1,14.5
411.365,56,123.0,1587.0,94.0,18.0,16.8,83.5,18.0,14.1,14.5
411.454,56,123.0,1587.0,94.0,18.0,16.8,83.5,18.0,14.1,14.5
411.515,56,123.0,1587.0,94.0,18.0,16.8,83.5,18.0,14.1,14.5
411.604,57,123.0,1587.0,94.0,18.0,16.8,83.5,18.0,14.1,14.5
411.694,57,119.0,1587.0,94.0,18.0,16.8,83.5,18.0,14.1,14.5
411.784,57,119.0,1586.0,94.0,18.0,16.8,83.5,18.0,14.1,14.5
411.876,57,119.0,1586.0,94.0,18.0,16.8,83.5,18.0,14.1,14.5
411.964,57,119.0,1586.0,94.0,18.0,16.8,83.5,18.0,14.1,14.5
412.054,57,119.0,1586.0,94.0,18.0,16.61,83.5,18.0,14.1,14.5
412.115,57,119.0,1586.0,94.0,18.0,16.61,83.5,18.0,14.1,14.5
412.204,57,119.0,1586.0,94.0,18.0,16.61,83.5,18.0,14.1,14.5
412.265,57,119.0,1586.0,94.0,18.0,16.61,83.5,18.0,14.1,14.5
412.355,57,119.0,1586.0,94.0,18.0,16.61,83.5,18.0,14.1,14.5
412.415,57,119.0,1586.0,94.0,18.0,16.61,83.5,18.0,14.1,14.5
412.504,57,117.0,1586.0,94.0,18.0,16.61,83.5,18.0,14.1,14.5
412.565,57,117.0,1579.0,94.0,18.0,16.61,83.5,18.0,14.1,14.5
412.654,57,117.0,1579.0,94.0,18.0,16.61,83.5,18.0,14.1,14.5
412.715,57,117.0,1579.0,94.0,18.0,16.61,83.5,18.0,14.1,14.5
412.804,57,117.0,1579.0,94.0,18.0,16.47,83.5,18.0,14.1,14.5
412.894,57,117.0,1579.0,94.0,18.0,16.47,83.5,18.0,14.1,14.5
412.984,57,117.0,1579.0,94.0,18.0,16.47,83.5,18.0,14.1,14.5
413.074,57,117.0,1579.0,94.0,18.0,16.47,83.5,18.0,14.1,14.5
413.164,57,117.0,1579.0,94.0,18.0,16.47,83.5,18.0,14.1,14.5
413.254,57,117.0,1579.0,94.0,18.0,16.47,83.5,18.0,14.1,14.5
413.315,57,113.0,1579.0,94.0,18.0,16.47,83.5,18.0,14.1,14.5
413.404,57,113.0,1573.0,94.0,18.0,16.47,83.5,18.0,14.1,14.5
413.464,57,113.0,1573.0,93.0,18.0,16.47,83.5,18.0,14.1,14.5
413.554,57,113.0,1573.0,93.0,18.0,16.47,83.5,18.0,14.1,14.5
413.645,57,113.0,1573.0,93.0,18.0,16.02,83.5,18.0,14.1,14.5
413.734,57,113.0,1573.0,93.0,18.0,16.02,83.5,18.0,14.1,14.5
413.823,57,113.0,1573.0,93.0,18.0,16.02,83.5,18.0,14.1,14.5
413.913,57,113.0,1573.0,93.0,18.0,16.02,83.5,18.0,14.1,14.5
414.004,57,113.0,1573.0,93.0,18.0,16.02,83.5,18.0,14.1,14.5
414.094,57,113.0,1573.0,93.0,18.0,16.02,83.5,18.0,14.1,14.5
414.184,57,112.0,1573.0,93.0,18.0,16.02,83.5,18.0,14.1,14.5
414.274,57,112.0,1565.0,93.0,18.0,16.02,83.5,18.0,14.1,14.5
414.424,57,112.0,1565.0,93.0,18.0,16.02,83.5,18.0,14.1,14.5
414.514,57,112.0,1565.0,93.0,18.0,14.86,83.5,18.0,14.1,14.5
414.604,57,112.0,1565.0,93.0,18.0,14.86,83.5,18.0,14.1,14.5
414.665,57,112.0,1565.0,93.0,18.0,14.86,83.5,18.0,14.1,14.5
414.754,57,112.0,1565.0,93.0,18.0,14.86,83.5,18.0,14.1,14.5
414.845,57,112.0,1565.0,93.0,18.0,14.86,83.5,18.0,14.1,14.5
414.934,57,112.0,1565.0,93.0,18.0,14.86,83.5,18.0,14.1,14.5
415.024,57,113.0,1565.0,93.0,18.0,14.86,83.5,18.0,14.1,14.5
415.114,57,113.0,1555.0,93.0,18.0,14.86,83.5,18.0,14.1,14.5
415.204,57,113.0,1555.0,92.0,18.0,14.86,83.5,18.0,14.1,14.5
415.266,57,113.0,1555.0,92.0,18.0,14.86,83.5,18.0,14.1,14.5
415.355,57,113.0,1555.0,92.0,18.0,15.16,83.5,18.0,14.1,14.5
415.415,57,113.0,1555.0,92.0,18.0,15.16,83.5,18.0,14.1,14.5
415.503,57,113.0,1555.0,92.0,18.0,15.16,83.5,18.0,14.1,14.5
415.565,57,113.0,1555.0,92.0,18.0,15.16,83.5,18.0,14.1,14.5
415.654,57,113.0,1555.0,92.0,18.0,15.16,83.5,18.0,14.1,14.5
415.715,57,113.0,1555.0,92.0,18.0,15.16,83.5,18.0,14.1,14.5
415.804,57,115.0,1555.0,92.0,18.0,15.16,83.5,18.0,14.1,14.5
415.867,57,115.0,1552.0,92.0,18.0,15.16,83.5,18.0,14.1,14.5
415.954,57,115.0,1552.0,92.0,18.0,15.16,83.5,18.0,14.1,14.5
416.016,57,115.0,1552.0,92.0,18.0,15.16,83.5,18.0,14.1,14.5
416.104,57,115.0,1552.0,92.0,18.0,15.44,83.5,18.0,14.1,14.5
416.166,57,115.0,1552.0,92.0,18.0,15.44,83.5,18.0,14.1,14.5
416.254,57,115.0,1552.0,92.0,18.0,15.44,83.5,18.0,14.1,14.5
416.316,57,115.0,1552.0,92.0,18.0,15.44,83.5,18.0,14.1,14.5
416.404,57,115.0,1552.0,92.0,18.0,15.44,83.5,18.0,14.1,14.5
416.465,58,115.0,1552.0,92.0,18.0,15.44,83.5,18.0,14.1,14.5
416.554,58,117.0,1552.0,92.0,18.0,15.44,83.5,18.0,14.1,14.5
416.615,58,117.0,1546.0,92.0,18.0,15.44,83.5,18.0,14.1,14.5
416.704,58,117.0,1546.0,92.0,18.0,15.44,83.5,18.0,14.1,14.5
416.766,58,117.0,1546.0,92.0,19.0,15.44,83.5,18.0,14.1,14.5
416.854,58,117.0,1546.0,92.0,19.0,16.02,83.5,18.0,14.1,14.5
416.915,58,117.0,1546.0,92.0,19.0,16.02,83.5,18.0,14.1,14.5
417.004,58,117.0,1546.0,92.0,19.0,16.02,83.5,18.0,14.1,14.5
417.065,58,117.0,1546.0,92.0,19.0,16.02,83.5,18.0,14.1,14.5
417.154,58,117.0,1546.0,92.0,19.0,16.02,83.5,18.0,14.1,14.5
417.215,58,117.0,1546.0,92.0,19.0,16.02,83.5,18.0,14.1,14.5
417.304,58,121.0,1546.0,92.0,19.0,16.02,83.5,18.0,14.1,14.5
417.365,58,121.0,1540.0,92.0,19.0,16.02,83.5,18.0,14.1,14.5
417.454,58,121.0,1540.0,91.0,19.0,16.02,83.5,18.0,14.1,14.5
417.515,58,121.0,1540.0,91.0,19.0,16.02,83.5,18.0,14.1,14.5
417.604,58,121.0,1540.0,91.0,19.0,16.97,83.5,18.0,14.1,14.5
417.666,58,121.0,1540.0,91.0,19.0,16.97,83.5,18.0,14.1,14.5
417.754,58,121.0,1540.0,91.0,19.0,16.97,83.5,18.0,14.1,14.5
417.815,58,121.0,1540.0,91.0,19.0,16.97,83.5,18.0,14.1,14.5
417.904,58,121.0,1540.0,91.0,19.0,16.97,83.5,18.0,14.1,14.5
417.965,58,121.0,1540.0,91.0,19.0,16.97,83.5,18.0,14.1,14.5
418.084,58,123.0,1540.0,91.0,19.0,16.97,83.5,18.0,14.1,14.5
418.174,58,123.0,1540.0,91.0,19.0,16.97,83.5,18.0,14.1,14.5
418.264,58,123.0,1540.0,91.0,19.0,16.97,83.5,18.0,14.1,14.5
418.354,58,123.0,1540.0,91.0,19.0,16.97,83.5,18.0,14.1,14.5
418.415,58,123.0,1540.0,91.0,19.0,17.8,83.5,18.0,14.1,14.5
418.504,58,123.0,1540.0,91.0,19.0,17.8,83.5,18.0,14.1,14.5
418.624,58,123.0,1540.0,91.0,19.0,17.8,83.5,18.0,14.1,14.5
418.714,58,123.0,1540.0,91.0,19.0,17.8,83.5,18.0,14.1,14.5
418.804,58,123.0,1540.0,91.0,19.0,17.8,83.5,18.0,14.1,14.5
418.866,58,123.0,1540.0,91.0,19.0,17.8,83.5,18.0,14.1,14.5
418.954,58,127.0,1540.0,91.0,19.0,17.8,83.5,18.0,14.1,14.5
419.015,58,127.0,1537.0,91.0,19.0,17.8,83.5,18.0,14.1,14.5
419.104,58,127.0,1537.0,91.0,19.0,17.8,83.5,18.0,14.1,14.5
419.165,58,127.0,1537.0,91.0,19.0,17.8,83.5,18.0,14.1,14.5
419.254,58,127.0,1537.0,91.0,19.0,18.69,83.5,18.0,14.1,14.5
419.316,58,127.0,1537.0,91.0,19.0,18.69,83.5,18.0,14.1,14.5
419.404,58,127.0,1537.0,91.0,19.0,18.69,83.5,18.0,14.1,14.5
419.465,58,127.0,1537.0,91.0,19.0,18.69,83.5,18.0,14.1,14.5
419.554,58,127.0,1537.0,91.0,19.0,18.69,83.5,18.0,14.1,14.5
419.615,58,127.0,1537.0,91.0,19.0,18.69,83.5,18.0,14.1,14.5
419.704,58,131.0,1537.0,91.0,19.0,18.69,83.5,18.0,14.1,14.5
419.766,58,131.0,1537.0,91.0,19.0,18.69,83.5,18.0,14.1,14.5
419.854,58,131.0,1537.0,91.0,19.0,18.69,83.5,18.0,14.1,14.5
419.915,58,131.0,1537.0,91.0,20.0,18.69,83.5,18.0,14.1,14.5
420.004,58,131.0,1537.0,91.0,20.0,18.97,83.5,18.0,14.1,14.5
420.066,58,131.0,1537.0,91.0,20.0,18.97,83.5,18.0,14.1,14.5
420.154,58,131.0,1537.0,91.0,20.0,18.97,83.5,18.0,14.1,14.5
420.215,58,131.0,1537.0,91.0,20.0,18.97,83.5,18.0,14.1,14.5
420.304,58,131.0,1537.0,91.0,20.0,18.97,83.5,18.0,14.1,14.5
420.365,58,131.0,1537.0,91.0,20.0,18.97,83.5,18.0,14.1,14.5
420.455,58,133.0,1537.0,91.0,20.0,18.97,83.5,18.0,14.1,14.5
420.515,58,133.0,1542.0,91.0,20.0,18.97,83.5,18.0,14.1,14.5
420.605,58,133.0,1542.0,91.0,20.0,18.97,83.5,18.0,14.1,14.5
420.665,58,133.0,1542.0,91.0,20.0,18.97,83.5,18.0,14.1,14.5
420.754,58,133.0,1542.0,91.0,20.0,20.61,83.5,18.0,14.1,14.5
420.816,58,133.0,1542.0,91.0,20.0,20.61,83.5,18.0,14.1,14.5
420.904,58,133.0,1542.0,91.0,20.0,20.61,83.5,18.0,14.1,14.5
420.965,58,133.0,1542.0,91.0,20.0,20.61,83.5,18.0,14.1,14.5
421.056,58,133.0,1542.0,91.0,20.0,20.61,83.5,18.0,14.1,14.5
421.116,58,133.0,1542.0,91.0,20.0,20.61,83.5,18.0,14.1,14.5
421.204,58,136.0,1542.0,91.0,20.0,20.61,83.5,18.0,14.1,14.5
421.266,58,136.0,1537.0,91.0,20.0,20.61,83.5,18.0,14.1,14.5
421.355,58,136.0,1537.0,91.0,20.0,20.61,83.5,18.0,14.1,14.5
421.415,58,136.0,1537.0,91.0,20.0,20.61,83.5,18.0,14.1,14.5
421.504,58,136.0,1537.0,91.0,20.0,22.66,83.5,18.0,14.1,14.5
421.565,58,136.0,1537.0,91.0,20.0,22.66,83.5,18.0,14.1,14.5
421.654,58,136.0,1537.0,91.0,20.0,22.66,83.5,18.0,14.1,14.5
421.715,58,136.0,1537.0,91.0,20.0,22.66,83.5,18.0,14.1,14.5
421.804,58,136.0,1537.0,91.0,20.0,22.66,83.5,18.0,14.1,14.1
421.864,59,136.0,1537.0,91.0,20.0,22.66,83.5,18.0,14.1,14.1
421.953,59,141.0,1537.0,91.0,20.0,22.66,83.5,18.0,14.1,14.1
422.014,59,141.0,1539.0,91.0,20.0,22.66,83.5,18.0,14.1,14.1
422.102,59,141.0,1539.0,91.0,20.0,22.66,83.5,18.0,14.1,14.1
422.167,59,141.0,1539.0,91.0,20.0,22.66,83.5,18.0,14.1,14.1
422.252,59,141.0,1539.0,91.0,20.0,23.02,83.5,18.0,14.1,14.1
422.313,59,141.0,1539.0,91.0,20.0,23.02,83.5,18.0,14.1,14.1
422.401,59,141.0,1539.0,91.0,20.0,23.02,83.5,18.0,14.1,14.1
422.462,59,141.0,1539.0,91.0,20.0,23.02,83.5,18.0,14.1,14.1
422.55,59,141.0,1539.0,91.0,20.0,23.02,83.5,18.0,14.1,14.5
422.611,59,141.0,1539.0,91.0,20.0,23.02,83.5,18.0,14.1,14.5
422.7,59,143.0,1539.0,91.0,20.0,23.02,83.5,18.0,14.1,14.5
422.761,59,143.0,1537.0,91.0,20.0,23.02,83.5,18.0,14.1,14.5
422.85,59,143.0,1537.0,91.0,20.0,23.02,83.5,18.0,14.1,14.5
422.912,59,143.0,1537.0,91.0,20.0,23.02,83.5,18.0,14.1,14.5
423.0,59,143.0,1537.0,91.0,20.0,24.91,83.5,18.0,14.1,14.5
423.12,59,143.0,1537.0,91.0,20.0,24.91,83.5,18.0,14.1,14.5
423.21,59,143.0,1537.0,91.0,20.0,24.91,83.5,18.0,14.1,14.5
423.3,59,143.0,1537.0,91.0,20.0,24.91,83.5,18.0,14.1,14.5
423.362,59,143.0,1537.0,91.0,20.0,24.91,83.5,18.0,14.1,14.5
423.45,59,143.0,1537.0,91.0,20.0,24.91,83.5,18.0,14.1,14.5
423.511,59,148.0,1537.0,91.0,20.0,24.91,83.5,18.0,14.1,14.5
423.6,59,148.0,1550.0,91.0,20.0,24.91,83.5,18.0,14.1,14.5
423.661,59,148.0,1550.0,92.0,20.0,24.91,83.5,18.0,14.1,14.5
423.751,59,148.0,1550.0,92.0,21.0,24.91,83.5,18.0,14.1,14.5
423.813,59,148.0,1550.0,92.0,21.0,24.94,83.5,18.0,14.1,14.5
423.9,59,148.0,1550.0,92.0,21.0,24.94,83.5,18.0,14.1,14.5
423.991,59,148.0,1550.0,92.0,21.0,24.94,83.5,18.0,14.1,14.5
424.052,59,148.0,1550.0,92.0,21.0,24.94,83.5,18.0,14.1,14.5
424.112,59,148.0,1550.0,92.0,21.0,24.94,83.5,18.0,14.1,14.5
424.2,59,148.0,1550.0,92.0,21.0,24.94,83.5,18.0,14.1,14.5
424.262,59,149.0,1550.0,92.0,21.0,24.94,83.5,18.0,14.1,14.5
424.351,59,149.0,1553.0,92.0,21.0,24.94,83.5,18.0,14.1,14.5
424.413,59,149.0,1553.0,92.0,21.0,24.94,83.5,18.0,14.1,14.5
424.5,59,149.0,1553.0,92.0,21.0,24.94,83.5,18.0,14.1,14.5
424.561,59,149.0,1553.0,92.0,21.0,24.02,83.5,18.0,14.1,14.5
424.651,59,149.0,1553.0,92.0,21.0,24.02,83.5,18.0,14.1,14.5
424.8,59,149.0,1553.0,92.0,21.0,24.02,83.5,18.0,14.1,14.5
424.861,59,149.0,1553.0,92.0,21.0,24.02,83.5,18.0,14.1,14.5
424.951,59,149.0,1553.0,92.0,21.0,24.02,83.5,18.0,14.1,14.5
425.011,59,143.0,1553.0,92.0,21.0,24.02,83.5,18.0,14.1,14.5
425.1,59,143.0,1363.0,92.0,21.0,24.02,83.5,18.0,14.1,14.5
425.161,59,143.0,1363.0,92.0,21.0,24.02,83.5,18.0,14.1,14.5
425.25,59,143.0,1363.0,92.0,21.0,24.02,83.5,18.0,14.1,14.5
425.311,59,143.0,1363.0,92.0,21.0,20.55,83.5,18.0,14.1,14.5
425.4,59,143.0,1363.0,92.0,21.0,20.55,31.0,18.0,14.1,14.5
425.461,59,143.0,1363.0,92.0,21.0,20.55,31.0,18.0,14.1,14.5
425.55,59,143.0,1363.0,92.0,21.0,20.55,31.0,18.0,14.1,14.5
425.611,59,143.0,1363.0,92.0,21.0,20.55,31.0,18.0,14.1,14.5
425.7,59,143.0,1363.0,92.0,21.0,20.55,31.0,18.0,14.1,14.5
425.762,59,105.0,1363.0,92.0,21.0,20.55,31.0,18.0,14.1,14.5
425.853,59,105.0,1245.0,92.0,21.0,20.55,31.0,18.0,14.1,14.5
425.912,59,105.0,1245.0,90.0,21.0,20.55,31.0,18.0,14.1,14.5
426.0,59,105.0,1245.0,90.0,20.0,20.55,31.0,18.0,14.1,14.5
426.062,59,105.0,1245.0,90.0,20.0,15.91,31.0,18.0,14.1,14.5
426.15,59,105.0,1245.0,90.0,20.0,15.91,83.1,18.0,14.1,14.5
426.212,59,105.0,1245.0,90.0,20.0,15.91,83.1,18.0,14.1,14.5
426.3,59,105.0,1245.0,90.0,20.0,15.91,83.1,18.0,14.1,14.5
426.362,59,105.0,1245.0,90.0,20.0,15.91,83.1,18.0,14.1,14.5
426.45,59,105.0,1245.0,90.0,20.0,15.91,83.1,18.0,14.1,14.5
426.511,59,113.0,1245.0,90.0,20.0,15.91,83.1,18.0,14.1,14.5
426.6,59,113.0,1696.0,90.0,20.0,15.91,83.1,18.0,14.1,14.5
426.662,59,113.0,1696.0,89.0,20.0,15.91,83.1,18.0,14.1,14.5
426.75,59,113.0,1696.0,89.0,19.0,15.91,83.1,18.0,14.1,14.5
426.812,59,113.0,1696.0,89.0,19.0,13.13,83.1,18.0,14.1,14.5
426.9,59,113.0,1696.0,89.0,19.0,13.13,83.5,18.0,14.1,14.5
426.963,59,113.0,1696.0,89.0,19.0,13.13,83.5,18.0,14.1,14.5
427.05,59,113.0,1696.0,89.0,19.0,13.13,83.5,18.0,14.1,14.5
427.134,59,113.0,1696.0,89.0,19.0,13.13,83.5,18.0,14.1,14.5
427.199,60,113.0,1696.0,89.0,19.0,13.13,83.5,18.0,14.1,14.5
427.261,60,115.0,1696.0,89.0,19.0,13.13,83.5,18.0,14.1,14.5
427.35,60,115.0,1012.0,89.0,19.0,13.13,83.5,18.0,14.1,14.5
427.411,60,115.0,1012.0,88.0,19.0,13.13,83.5,18.0,14.1,14.5
427.499,60,115.0,1012.0,88.0,19.0,13.13,83.5,18.0,14.1,14.5
427.56,60,115.0,1012.0,88.0,19.0,12.94,83.5,18.0,14.1,14.5
427.65,60,115.0,1012.0,88.0,19.0,12.94,83.5,18.0,14.1,14.5
427.71,60,115.0,1012.0,88.0,19.0,12.94,83.5,18.0,14.1,14.5
427.8,60,115.0,1012.0,88.0,19.0,12.94,83.5,18.0,14.1,14.5
427.95,60,115.0,1012.0,88.0,19.0,12.94,83.5,18.0,14.1,14.5
428.16,60,115.0,2165.0,88.0,19.0,12.94,83.5,18.0,14.1,14.5
428.251,60,115.0,2165.0,85.0,19.0,12.94,83.5,18.0,14.1,14.5
428.312,60,115.0,2165.0,85.0,16.0,12.94,83.5,18.0,14.1,14.5
428.4,60,115.0,2165.0,85.0,16.0,27.44,83.5,18.0,14.1,14.5
428.461,60,115.0,2165.0,85.0,16.0,27.44,83.5,18.0,14.1,14.5
428.611,60,115.0,2165.0,85.0,16.0,27.44,83.5,18.0,14.1,14.5
428.76,60,115.0,2165.0,85.0,16.0,27.44,83.5,18.0,14.1,14.5
428.85,60,122.0,2165.0,85.0,16.0,27.44,83.5,18.0,14.1,14.5
428.912,60,122.0,2105.0,85.0,16.0,27.44,83.5,18.0,14.1,14.5
429.0,60,122.0,2105.0,82.0,16.0,27.44,83.5,18.0,14.1,14.5
429.061,60,122.0,2105.0,82.0,21.0,27.44,83.5,18.0,14.1,14.5
429.15,60,122.0,2105.0,82.0,21.0,24.05,83.5,18.0,14.1,14.5
429.24,60,122.0,2105.0,82.0,21.0,24.05,83.5,18.0,14.1,14.5
429.302,60,122.0,2105.0,82.0,21.0,24.05,83.5,18.0,14.1,14.5
429.39,60,122.0,2105.0,82.0,21.0,24.05,83.5,18.0,14.1,14.5
429.48,60,122.0,2105.0,82.0,21.0,24.05,83.5,18.0,14.1,14.5
429.57,60,122.0,2105.0,82.0,21.0,24.05,83.5,18.0,14.1,14.5
429.72,60,122.0,2041.0,82.0,21.0,24.05,83.5,18.0,14.1,14.5
429.81,60,122.0,2041.0,80.0,21.0,24.05,83.5,18.0,14.1,14.5
429.9,60,122.0,2041.0,80.0,20.0,24.05,83.5,18.0,14.1,14.5
429.99,60,122.0,2041.0,80.0,20.0,18.74,83.5,18.0,14.1,14.5
430.051,60,122.0,2041.0,80.0,20.0,18.74,83.5,18.0,14.1,14.5
430.141,60,122.0,2041.0,80.0,20.0,18.74,83.5,18.0,14.1,14.5
430.23,60,122.0,2041.0,80.0,20.0,18.74,83.5,18.0,14.1,14.5
430.321,60,122.0,2041.0,80.0,20.0,18.74,83.5,18.0,14.1,14.5
430.41,60,122.0,2041.0,80.0,20.0,18.74,83.5,18.0,14.1,14.5
430.5,60,119.0,2041.0,80.0,20.0,18.74,83.5,18.0,14.1,14.5
430.59,60,119.0,953.0,80.0,20.0,18.74,83.5,18.0,14.1,14.5
430.652,60,119.0,953.0,78.0,20.0,18.74,83.5,18.0,14.1,14.5
430.74,60,119.0,953.0,78.0,19.0,18.74,83.5,18.0,14.1,14.5
430.802,60,119.0,953.0,78.0,19.0,8.19,83.5,18.0,14.1,14.5
430.89,60,119.0,953.0,78.0,19.0,8.19,83.5,18.0,14.1,14.5
430.952,60,119.0,953.0,78.0,19.0,8.19,83.5,18.0,14.1,14.5
431.04,60,119.0,953.0,78.0,19.0,8.19,83.5,18.0,14.1,14.5
431.102,60,119.0,953.0,78.0,19.0,8.19,83.5,18.0,14.1,14.5
431.191,60,119.0,953.0,78.0,19.0,8.19,83.5,18.0,14.1,14.5
431.252,60,107.0,953.0,78.0,19.0,8.19,83.5,18.0,14.1,14.5
431.55,60,107.0,953.0,78.0,19.0,23.49,83.5,18.0,14.1,14.5
431.7,60,107.0,953.0,78.0,19.0,23.49,83.5,18.0,14.1,14.5
431.79,60,107.0,953.0,78.0,19.0,23.49,83.5,18.0,14.1,14.5
431.851,60,107.0,953.0,78.0,19.0,23.49,83.5,18.0,14.1,14.5
431.94,60,107.0,953.0,78.0,19.0,23.49,83.5,18.0,14.1,14.5
432.001,60,110.0,953.0,78.0,19.0,23.49,83.5,18.0,14.1,14.5
432.091,60,110.0,2562.0,78.0,19.0,23.49,83.5,18.0,14.1,14.5
432.153,60,110.0,2562.0,69.0,19.0,23.49,83.5,18.0,14.1,14.5
432.24,60,110.0,2562.0,69.0,21.0,23.49,83.5,18.0,14.1,14.5
432.302,60,110.0,2562.0,69.0,21.0,35.63,83.5,18.0,14.1,14.5
432.39,60,110.0,2562.0,69.0,21.0,35.63,83.5,18.0,14.1,14.5
432.451,60,110.0,2562.0,69.0,21.0,35.63,83.5,18.0,14.1,14.5
432.54,60,110.0,2562.0,69.0,21.0,35.63,83.5,18.0,14.1,14.5
432.63,60,110.0,2562.0,69.0,21.0,35.63,83.5,18.0,14.1,14.1
432.692,60,110.0,2562.0,69.0,21.0,35.63,83.5,18.0,14.1,14.1
432.751,60,125.0,2562.0,69.0,21.0,35.63,83.5,18.0,14.1,14.1
432.841,60,125.0,2442.0,69.0,21.0,35.63,83.5,18.0,14.1,14.1
432.905,60,125.0,2442.0,66.0,21.0,35.63,83.5,18.0,14.1,14.1
432.99,60,125.0,2442.0,66.0,23.0,35.63,83.5,18.0,14.1,14.1
433.08,60,125.0,2442.0,66.0,23.0,31.88,83.5,18.0,14.1,14.1
433.17,60,125.0,2442.0,66.0,23.0,31.88,83.5,18.0,14.1,14.1
433.26,60,125.0,2442.0,66.0,23.0,31.88,83.5,18.0,14.1,14.1
433.35,60,125.0,2442.0,66.0,23.0,31.88,83.5,18.0,14.1,14.1
433.447,60,125.0,2442.0,66.0,23.0,31.88,83.5,18.0,14.1,14.5
433.501,60,125.0,2442.0,66.0,23.0,31.88,83.5,18.0,14.1,14.5
433.59,60,127.0,2442.0,66.0,23.0,31.88,83.5,18.0,14.1,14.5
433.651,60,127.0,2368.0,66.0,23.0,31.88,83.5,18.0,14.1,14.5
433.74,60,127.0,2368.0,64.0,23.0,31.88,83.5,18.0,14.1,14.5
433.802,60,127.0,2368.0,64.0,22.0,31.88,83.5,18.0,14.1,14.5
433.89,60,127.0,2368.0,64.0,22.0,30.49,83.5,18.0,14.1,14.5
433.981,60,127.0,2368.0,64.0,22.0,30.49,83.5,18.0,14.1,14.5
434.07,60,127.0,2368.0,64.0,22.0,30.49,83.5,18.0,14.1,14.5
434.16,60,127.0,2368.0,64.0,22.0,30.49,83.5,18.0,27.8,14.5
434.25,60,127.0,2368.0,64.0,22.0,30.49,83.5,18.0,27.8,28.2
434.34,61,127.0,2368.0,64.0,22.0,30.49,83.5,18.0,27.8,28.2
434.402,61,130.0,2368.0,64.0,22.0,30.49,83.5,18.0,27.8,28.2
434.49,61,130.0,2340.0,64.0,22.0,30.49,83.5,18.0,27.8,28.2
434.551,61,130.0,2340.0,63.0,22.0,30.49,83.5,18.0,27.8,28.2
434.641,61,130.0,2340.0,63.0,22.0,30.49,83.5,18.0,27.8,28.2
434.702,61,130.0,2340.0,63.0,22.0,30.05,83.5,18.0,27.8,28.2
434.79,61,130.0,2340.0,63.0,22.0,30.05,83.5,18.0,27.8,28.2
434.852,61,130.0,2340.0,63.0,22.0,30.05,83.5,18.0,27.8,28.2
434.941,61,130.0,2340.0,63.0,22.0,30.05,83.5,18.0,29.4,28.2
435.001,61,130.0,2340.0,63.0,22.0,30.05,83.5,18.0,29.4,29.4
435.093,61,130.0,2340.0,63.0,22.0,30.05,83.5,18.0,29.4,29.4
435.153,61,134.0,2340.0,63.0,22.0,30.05,83.5,18.0,29.4,29.4
435.24,61,134.0,2322.0,63.0,22.0,30.05,83.5,18.0,29.4,29.4
435.302,61,134.0,2322.0,62.0,22.0,30.05,83.5,18.0,29.4,29.4
435.39,61,134.0,2322.0,62.0,22.0,30.05,83.5,18.0,29.4,29.4
435.453,61,134.0,2322.0,62.0,22.0,27.66,83.5,18.0,29.4,29.4
435.539,61,134.0,2322.0,62.0,22.0,27.66,83.5,18.0,29.4,29.4
435.601,61,134.0,2322.0,62.0,22.0,27.66,83.5,18.0,29.4,29.4
435.69,61,134.0,2322.0,62.0,22.0,27.66,83.5,18.0,31.0,29.4
435.752,61,134.0,2322.0,62.0,22.0,27.66,83.5,18.0,31.0,31.4
435.84,61,134.0,2322.0,62.0,22.0,27.66,83.5,18.0,31.0,31.4
435.902,61,122.0,2322.0,62.0,22.0,27.66,83.5,18.0,31.0,31.4
435.99,61,122.0,2313.0,62.0,22.0,27.66,83.5,18.0,31.0,31.4
436.052,61,122.0,2313.0,62.0,22.0,27.66,83.5,18.0,31.0,31.4
436.14,61,122.0,2313.0,62.0,22.0,27.66,83.5,18.0,31.0,31.4
436.202,61,122.0,2313.0,62.0,22.0,27.3,83.5,18.0,31.0,31.4
436.29,61,122.0,2313.0,62.0,22.0,27.3,83.5,18.0,31.0,31.4
436.352,61,122.0,2313.0,62.0,22.0,27.3,83.5,18.0,31.0,31.4
436.441,61,122.0,2313.0,62.0,22.0,27.3,83.5,18.0,31.4,31.4
436.501,61,122.0,2313.0,62.0,22.0,27.3,83.5,18.0,31.4,31.8
436.591,61,122.0,2313.0,62.0,22.0,27.3,83.5,18.0,31.4,31.8
436.652,61,123.0,2313.0,62.0,22.0,27.3,83.5,18.0,31.4,31.8
436.741,61,123.0,2310.0,62.0,22.0,27.3,83.5,18.0,31.4,31.8
436.803,61,123.0,2310.0,62.0,22.0,27.3,83.5,18.0,31.4,31.8
436.89,61,123.0,2310.0,62.0,21.0,27.3,83.5,18.0,31.4,31.8
436.952,61,123.0,2310.0,62.0,21.0,27.08,83.5,18.0,31.4,31.8
437.041,61,123.0,2310.0,62.0,21.0,27.08,83.5,18.0,31.4,31.8
437.103,61,123.0,2310.0,62.0,21.0,27.08,83.5,18.0,31.4,31.8
437.191,61,123.0,2310.0,62.0,21.0,27.08,83.5,18.0,35.3,31.8
437.252,61,123.0,2310.0,62.0,21.0,27.08,83.5,18.0,35.3,35.7
437.341,61,123.0,2310.0,62.0,21.0,27.08,83.5,18.0,35.3,35.7
437.402,61,128.0,2310.0,62.0,21.0,27.08,83.5,18.0,35.3,35.7
437.49,61,128.0,2328.0,62.0,21.0,27.08,83.5,18.0,35.3,35.7
437.551,61,128.0,2328.0,63.0,21.0,27.08,83.5,18.0,35.3,35.7
437.641,61,128.0,2328.0,63.0,21.0,27.08,83.5,18.0,35.3,35.7
437.702,61,128.0,2328.0,63.0,21.0,32.44,83.5,18.0,35.3,35.7
437.79,61,128.0,2328.0,63.0,21.0,32.44,83.5,18.0,35.3,35.7
437.852,61,128.0,2328.0,63.0,21.0,32.44,83.5,18.0,35.3,35.7
437.941,61,128.0,2328.0,63.0,21.0,32.44,83.5,18.0,36.1,35.7
438.091,61,128.0,2328.0,63.0,21.0,32.44,83.5,18.0,36.1,36.5
438.152,61,128.0,2328.0,63.0,21.0,32.44,83.5,18.0,36.1,36.5
438.241,61,137.0,2328.0,63.0,21.0,32.44,83.5,18.0,36.1,36.5
438.302,61,137.0,2360.0,63.0,21.0,32.44,83.5,18.0,36.1,36.5
438.39,61,137.0,2360.0,64.0,21.0,32.44,83.5,18.0,36.1,36.5
438.457,61,137.0,2360.0,64.0,22.0,32.44,83.5,18.0,36.1,36.5
438.54,61,137.0,2360.0,64.0,22.0,34.44,83.5,18.0,36.1,36.5
438.602,61,137.0,2360.0,64.0,22.0,34.44,83.5,18.0,36.1,36.5
438.689,61,137.0,2360.0,64.0,22.0,34.44,83.5,18.0,36.1,36.5
438.75,61,137.0,2360.0,64.0,22.0,34.44,83.5,18.0,36.9,36.5
438.84,61,137.0,2360.0,64.0,22.0,34.44,83.5,18.0,36.9,37.3
438.901,61,137.0,2360.0,64.0,22.0,34.44,83.5,18.0,36.9,37.3
438.99,61,137.0,2360.0,64.0,22.0,34.44,83.5,18.0,36.9,37.3
439.052,61,137.0,2390.0,64.0,22.0,34.44,83.5,18.0,36.9,37.3
439.141,61,137.0,2390.0,64.0,22.0,34.44,83.5,18.0,36.9,37.3
439.203,61,137.0,2390.0,64.0,22.0,34.44,83.5,18.0,36.9,37.3
439.291,61,137.0,2390.0,64.0,22.0,34.99,83.5,18.0,36.9,37.3
439.352,61,137.0,2390.0,64.0,22.0,34.99,83.5,18.0,36.9,37.3
439.44,61,137.0,2390.0,64.0,22.0,34.99,83.5,18.0,36.9,37.3
439.501,61,137.0,2390.0,64.0,22.0,34.99,83.5,18.0,36.1,37.3
439.59,61,137.0,2390.0,64.0,22.0,34.99,83.5,18.0,36.1,36.5
439.651,61,137.0,2390.0,64.0,22.0,34.99,83.5,18.0,36.1,36.5
439.741,61,136.0,2390.0,64.0,22.0,34.99,83.5,18.0,36.1,36.5
439.803,61,136.0,2416.0,64.0,22.0,34.99,83.5,18.0,36.1,36.5
439.89,61,136.0,2416.0,65.0,22.0,34.99,83.5,18.0,36.1,36.5
439.952,61,136.0,2416.0,65.0,22.0,34.99,83.5,18.0,36.1,36.5
440.041,61,136.0,2416.0,65.0,22.0,35.33,83.5,18.0,36.1,36.5
440.103,61,136.0,2416.0,65.0,22.0,35.33,83.5,18.0,36.1,36.5
440.191,61,136.0,2416.0,65.0,22.0,35.33,83.5,18.0,36.1,36.5
440.252,61,136.0,2416.0,65.0,22.0,35.33,83.5,18.0,35.7,36.5
440.341,61,136.0,2416.0,65.0,22.0,35.33,83.5,18.0,35.7,36.1
440.402,61,136.0,2416.0,65.0,22.0,35.33,83.5,18.0,35.7,36.1
440.49,61,135.0,2416.0,65.0,22.0,35.33,83.5,18.0,35.7,36.1
440.551,61,135.0,2437.0,65.0,22.0,35.33,83.5,18.0,35.7,36.1
440.641,61,135.0,2437.0,66.0,22.0,35.33,83.5,18.0,35.7,36.1
440.701,61,135.0,2437.0,66.0,22.0,35.33,83.5,18.0,35.7,36.1
440.79,61,135.0,2437.0,66.0,22.0,34.63,83.5,18.0,35.7,36.1
440.851,61,135.0,2437.0,66.0,22.0,34.63,83.5,18.0,35.7,36.1
440.941,61,135.0,2437.0,66.0,22.0,34.63,83.5,18.0,35.7,36.1
441.003,61,135.0,2437.0,66.0,22.0,34.63,83.5,18.0,14.1,36.1
441.091,61,135.0,2437.0,66.0,22.0,34.63,83.5,18.0,14.1,14.5
441.152,61,135.0,2437.0,66.0,22.0,34.63,83.5,18.0,14.1,14.5
441.241,61,122.0,2437.0,66.0,22.0,34.63,83.5,18.0,14.1,14.5
441.302,61,122.0,2406.0,66.0,22.0,34.63,83.5,18.0,14.1,14.5
441.39,61,122.0,2406.0,65.0,22.0,34.63,83.5,18.0,14.1,14.5
441.451,61,122.0,2406.0,65.0,21.0,34.63,83.5,18.0,14.1,14.5
441.54,61,122.0,2406.0,65.0,21.0,30.52,83.5,18.0,14.1,14.5
441.6,61,122.0,2406.0,65.0,21.0,30.52,83.5,18.0,14.1,14.5
441.689,61,122.0,2406.0,65.0,21.0,30.52,83.5,18.0,14.1,14.5
441.75,61,122.0,2406.0,65.0,21.0,30.52,83.5,18.0,14.1,14.5
441.839,61,122.0,2406.0,65.0,21.0,30.52,83.5,18.0,14.1,14.5
441.9,61,122.0,2406.0,65.0,21.0,30.52,83.5,18.0,14.1,14.5
441.99,61,127.0,2406.0,65.0,21.0,30.52,83.5,18.0,14.1,14.5
442.142,61,127.0,2406.0,62.0,21.0,30.52,83.5,18.0,14.1,14.5
442.201,61,127.0,2406.0,62.0,21.0,30.52,83.5,18.0,14.1,14.5
442.29,61,127.0,2406.0,62.0,21.0,28.22,83.5,18.0,14.1,14.5
442.351,61,127.0,2406.0,62.0,21.0,28.22,83.5,18.0,14.1,14.5
442.439,61,127.0,2406.0,62.0,21.0,28.22,83.5,18.0,14.1,14.5
442.502,61,127.0,2406.0,62.0,21.0,28.22,83.5,18.0,14.1,14.5
442.59,61,127.0,2406.0,62.0,21.0,28.22,83.5,18.0,14.1,14.5
442.651,61,127.0,2406.0,62.0,21.0,28.22,83.5,18.0,14.1,14.5
442.74,61,125.0,2406.0,62.0,21.0,28.22,83.5,18.0,14.1,14.5
442.801,61,125.0,2151.0,62.0,21.0,28.22,83.5,18.0,14.1,14.5
442.89,61,125.0,2151.0,58.0,21.0,28.22,83.5,18.0,14.1,14.5
442.952,61,125.0,2151.0,58.0,20.0,28.22,83.5,18.0,14.1,14.5
443.1,61,125.0,2151.0,58.0,20.0,24.24,83.5,18.0,14.1,14.5
443.19,61,125.0,2151.0,58.0,20.0,24.24,83.5,18.0,14.1,14.5
443.25,61,125.0,2151.0,58.0,20.0,24.24,83.5,18.0,14.1,14.5
443.34,61,125.0,2151.0,58.0,20.0,24.24,83.5,18.0,14.1,14.5
443.401,61,125.0,2151.0,58.0,20.0,24.24,83.5,18.0,14.1,14.5
443.49,62,125.0,2151.0,58.0,20.0,24.24,83.5,18.0,14.1,14.5
443.551,62,121.0,2151.0,58.0,20.0,24.24,83.5,18.0,14.1,14.5
443.64,62,121.0,2048.0,58.0,20.0,24.24,83.5,18.0,14.1,14.5
443.701,62,121.0,2048.0,55.0,20.0,24.24,83.5,18.0,14.1,14.5
443.79,62,121.0,2048.0,55.0,20.0,24.24,83.5,18.0,14.1,14.5
443.851,62,121.0,2048.0,55.0,20.0,21.99,83.5,18.0,14.1,14.5
443.939,62,121.0,2048.0,55.0,20.0,21.99,83.5,18.0,14.1,14.5
444.0,62,121.0,2048.0,55.0,20.0,21.99,83.5,18.0,14.1,14.5
444.09,62,121.0,2048.0,55.0,20.0,21.99,83.5,18.0,14.1,14.5
444.151,62,121.0,2048.0,55.0,20.0,21.99,83.5,18.0,14.1,14.5
444.24,62,121.0,2048.0,55.0,20.0,21.99,83.5,18.0,14.1,14.5
444.301,62,119.0,2048.0,55.0,20.0,21.99,83.5,18.0,14.1,14.5
444.39,62,119.0,1980.0,55.0,20.0,21.99,83.5,18.0,14.1,14.5
444.45,62,119.0,1980.0,53.0,20.0,21.99,83.5,18.0,14.1,14.5
444.54,62,119.0,1980.0,53.0,19.0,21.99,83.5,18.0,14.1,14.5
444.601,62,119.0,1980.0,53.0,19.0,20.49,83.5,18.0,14.1,14.5
444.69,62,119.0,1980.0,53.0,19.0,20.49,83.5,18.0,14.1,14.5
444.75,62,119.0,1980.0,53.0,19.0,20.49,83.5,18.0,14.1,14.5
444.84,62,119.0,1980.0,53.0,19.0,20.49,83.5,18.0,16.1,14.5
444.901,62,119.0,1980.0,53.0,19.0,20.49,83.5,18.0,16.1,21.6
444.99,62,119.0,1980.0,53.0,19.0,20.49,83.5,18.0,16.1,21.6
445.051,62,118.0,1980.0,53.0,19.0,20.49,83.5,18.0,16.1,21.6
445.14,62,118.0,1919.0,53.0,19.0,20.49,83.5,18.0,16.1,21.6
445.2,62,118.0,1919.0,51.0,19.0,20.49,83.5,18.0,16.1,21.6
445.289,62,118.0,1919.0,51.0,19.0,20.49,83.5,18.0,16.1,21.6
445.35,62,118.0,1919.0,51.0,19.0,20.86,83.5,18.0,16.1,21.6
445.44,62,118.0,1919.0,51.0,19.0,20.86,83.5,18.0,16.1,21.6
445.5,62,118.0,1919.0,51.0,19.0,20.86,83.5,18.0,16.1,21.6
445.59,62,118.0,1919.0,51.0,19.0,20.86,83.5,18.0,42.7,21.6
445.65,62,118.0,1919.0,51.0,19.0,20.86,83.5,18.0,42.7,45.1
445.74,62,118.0,1919.0,51.0,19.0,20.86,83.5,18.0,42.7,45.1
445.801,62,133.0,1919.0,51.0,19.0,20.86,83.5,18.0,42.7,45.1
445.89,62,133.0,1917.0,51.0,19.0,20.86,83.5,18.0,42.7,45.1
445.951,62,133.0,1917.0,51.0,19.0,20.86,83.5,18.0,42.7,45.1
446.04,62,133.0,1917.0,51.0,19.0,20.86,83.5,18.0,42.7,45.1
446.101,62,133.0,1917.0,51.0,19.0,35.99,83.5,18.0,42.7,45.1
446.189,62,133.0,1917.0,51.0,19.0,35.99,83.5,18.0,42.7,45.1
446.25,62,133.0,1917.0,51.0,19.0,35.99,83.5,18.0,42.7,45.1
446.34,62,133.0,1917.0,51.0,19.0,35.99,83.5,18.0,48.6,45.1
446.4,62,133.0,1917.0,51.0,19.0,35.99,83.5,18.0,48.6,49.4
446.49,62,133.0,1917.0,51.0,19.0,35.99,83.5,18.0,48.6,49.4
446.551,62,177.0,1917.0,51.0,19.0,35.99,83.5,18.0,48.6,49.4
446.64,62,177.0,1964.0,51.0,19.0,35.99,83.5,18.0,48.6,49.4
446.701,62,177.0,1964.0,53.0,19.0,35.99,83.5,18.0,48.6,49.4
446.79,62,177.0,1964.0,53.0,21.0,35.99,83.5,18.0,48.6,49.4
446.851,62,177.0,1964.0,53.0,21.0,45.86,83.5,18.0,48.6,49.4
446.94,62,177.0,1964.0,53.0,21.0,45.86,83.5,18.0,48.6,49.4
447.001,62,177.0,1964.0,53.0,21.0,45.86,83.5,18.0,48.6,49.4
447.09,62,177.0,1964.0,53.0,21.0,45.86,83.5,18.0,51.0,49.4
447.151,62,177.0,1964.0,53.0,21.0,45.86,83.5,18.0,51.0,51.4
447.24,62,177.0,1964.0,53.0,21.0,45.86,83.5,18.0,51.0,51.4
447.301,62,212.0,1964.0,53.0,21.0,45.86,83.5,18.0,51.0,51.4
447.39,62,212.0,2061.0,53.0,21.0,45.86,83.5,18.0,51.0,51.4
447.45,62,212.0,2061.0,56.0,21.0,45.86,83.5,18.0,51.0,51.4
447.54,62,212.0,2061.0,56.0,23.0,45.86,83.5,18.0,51.0,51.4
447.601,62,212.0,2061.0,56.0,23.0,62.41,83.5,18.0,51.0,51.4
447.69,62,212.0,2061.0,56.0,23.0,62.41,83.5,18.0,51.0,51.4
447.751,62,212.0,2061.0,56.0,23.0,62.41,83.5,18.0,51.0,51.4
447.84,62,212.0,2061.0,56.0,23.0,62.41,83.5,18.0,48.6,51.4
447.93,62,212.0,2061.0,56.0,23.0,62.41,83.5,18.0,48.6,48.6
448.05,62,212.0,2061.0,56.0,23.0,62.41,83.5,18.0,48.6,48.6
448.141,62,198.0,2061.0,56.0,23.0,62.41,83.5,18.0,48.6,48.6
448.23,62,198.0,2188.0,56.0,23.0,62.41,83.5,18.0,48.6,48.6
448.32,62,198.0,2188.0,59.0,23.0,62.41,83.5,18.0,48.6,48.6
448.41,62,198.0,2188.0,59.0,24.0,62.41,83.5,18.0,48.6,48.6
448.5,62,198.0,2188.0,59.0,24.0,39.77,83.5,18.0,48.6,48.6
448.59,62,198.0,2188.0,59.0,24.0,39.77,83.5,18.0,48.6,48.6
448.68,62,198.0,2188.0,59.0,24.0,39.77,83.5,18.0,48.6,48.6
448.77,62,198.0,2188.0,59.0,24.0,39.77,83.5,18.0,31.4,48.6
448.86,62,198.0,2188.0,59.0,24.0,39.77,83.5,18.0,31.4,27.1
448.95,62,198.0,2188.0,59.0,24.0,39.77,83.5,18.0,31.4,27.1
449.04,62,131.0,2188.0,59.0,24.0,39.77,83.5,18.0,31.4,27.1
449.13,62,131.0,2220.0,59.0,24.0,39.77,83.5,18.0,31.4,27.1
449.22,62,131.0,2220.0,60.0,24.0,39.77,83.5,18.0,31.4,27.1
449.31,62,131.0,2220.0,60.0,22.0,39.77,83.5,18.0,31.4,27.1
449.4,62,131.0,2220.0,60.0,22.0,22.99,83.5,18.0,31.4,27.1
449.52,62,131.0,2220.0,60.0,22.0,22.99,83.5,18.0,31.4,27.1
449.61,62,131.0,2220.0,60.0,22.0,22.99,83.5,18.0,31.4,27.1
449.7,62,131.0,2220.0,60.0,22.0,22.99,83.5,18.0,25.1,27.1
449.79,62,131.0,2220.0,60.0,22.0,22.99,83.5,18.0,25.1,25.5
449.88,62,131.0,2220.0,60.0,22.0,22.99,83.5,18.0,25.1,25.5
449.97,62,112.0,2220.0,60.0,22.0,22.99,83.5,18.0,25.1,25.5
450.06,62,112.0,2201.0,60.0,22.0,22.99,83.5,18.0,25.1,25.5
450.151,62,112.0,2201.0,59.0,22.0,22.99,83.5,18.0,25.1,25.5
450.241,62,112.0,2201.0,59.0,19.0,22.99,83.5,18.0,25.1,25.5
450.33,62,112.0,2201.0,59.0,19.0,25.88,83.5,18.0,25.1,25.5
450.422,62,112.0,2201.0,59.0,19.0,25.88,83.5,18.0,25.1,25.5
450.51,62,112.0,2201.0,59.0,19.0,25.88,83.5,18.0,25.1,25.5
450.601,62,112.0,2201.0,59.0,19.0,25.88,83.5,18.0,40.4,25.5
450.721,62,112.0,2201.0,59.0,19.0,25.88,83.5,18.0,40.4,40.8
450.81,62,112.0,2201.0,59.0,19.0,25.88,83.5,18.0,40.4,40.8
450.901,62,147.0,2201.0,59.0,19.0,25.88,83.5,18.0,40.4,40.8
450.99,62,147.0,2203.0,59.0,19.0,25.88,83.5,18.0,40.4,40.8
451.051,62,147.0,2203.0,59.0,19.0,25.88,83.5,18.0,40.4,40.8
451.141,62,147.0,2203.0,59.0,19.0,25.88,83.5,18.0,40.4,40.8
451.202,62,147.0,2203.0,59.0,19.0,30.41,83.5,18.0,40.4,40.8
451.29,62,147.0,2203.0,59.0,19.0,30.41,83.5,18.0,40.4,40.8
451.382,62,147.0,2203.0,59.0,19.0,30.41,83.5,18.0,40.4,40.8
451.47,62,147.0,2203.0,59.0,19.0,30.41,83.5,18.0,14.1,40.8
451.56,62,147.0,2203.0,59.0,19.0,30.41,83.5,18.0,14.1,14.5
451.65,62,147.0,2203.0,59.0,19.0,30.41,83.5,18.0,14.1,14.5
451.742,62,126.0,2203.0,59.0,19.0,30.41,83.5,18.0,14.1,14.5
451.83,62,126.0,1568.0,59.0,19.0,30.41,83.5,18.0,14.1,14.5
451.921,62,126.0,1568.0,59.0,19.0,30.41,83.5,18.0,14.1,14.5
452.01,62,126.0,1568.0,59.0,20.0,30.41,83.5,18.0,14.1,14.5
452.101,62,126.0,1568.0,59.0,20.0,15.05,83.5,18.0,14.1,14.5
452.19,62,126.0,1568.0,59.0,20.0,15.05,83.5,18.0,14.1,14.5
452.28,62,126.0,1568.0,59.0,20.0,15.05,83.5,18.0,14.1,14.5
452.37,62,126.0,1568.0,59.0,20.0,15.05,83.5,18.0,40.4,14.5
452.459,62,126.0,1568.0,59.0,20.0,15.05,83.5,18.0,40.4,42.0
452.55,63,126.0,1568.0,59.0,20.0,15.05,83.5,18.0,40.4,42.0
452.64,63,130.0,1568.0,59.0,20.0,15.05,83.5,18.0,40.4,42.0
452.73,63,130.0,1537.0,59.0,20.0,15.05,83.5,18.0,40.4,42.0
452.82,63,130.0,1537.0,60.0,20.0,15.05,83.5,18.0,40.4,42.0
452.909,63,130.0,1537.0,60.0,17.0,15.05,83.5,18.0,40.4,42.0
453.0,63,130.0,1537.0,60.0,17.0,24.97,83.5,18.0,40.4,42.0
453.12,63,130.0,1537.0,60.0,17.0,24.97,83.5,18.0,40.4,42.0
453.21,63,130.0,1537.0,60.0,17.0,24.97,83.5,18.0,40.4,42.0
453.3,63,130.0,1537.0,60.0,17.0,24.97,83.5,18.0,45.9,42.0
453.39,63,130.0,1537.0,60.0,17.0,24.97,83.5,18.0,45.9,47.1
453.48,63,130.0,1537.0,60.0,17.0,24.97,83.5,18.0,45.9,47.1
453.57,63,154.0,1537.0,60.0,17.0,24.97,83.5,18.0,45.9,47.1
453.66,63,154.0,1585.0,60.0,17.0,24.97,83.5,18.0,45.9,47.1
453.75,63,154.0,1585.0,62.0,17.0,24.97,83.5,18.0,45.9,47.1
453.84,63,154.0,1585.0,62.0,19.0,24.97,83.5,18.0,45.9,47.1
453.929,63,154.0,1585.0,62.0,19.0,32.94,83.5,18.0,45.9,47.1
454.02,63,154.0,1585.0,62.0,19.0,32.94,83.5,18.0,45.9,47.1
454.11,63,154.0,1585.0,62.0,19.0,32.94,83.5,18.0,45.9,47.1
454.2,63,154.0,1585.0,62.0,19.0,32.94,83.5,18.0,47.8,47.1
454.29,63,154.0,1585.0,62.0,19.0,32.94,83.5,18.0,47.8,49.0
454.38,63,154.0,1585.0,62.0,19.0,32.94,83.5,18.0,47.8,49.0
454.47,63,178.0,1585.0,62.0,19.0,32.94,83.5,18.0,47.8,49.0
454.56,63,178.0,1651.0,62.0,19.0,32.94,83.5,18.0,47.8,49.0
454.649,63,178.0,1651.0,64.0,19.0,32.94,83.5,18.0,47.8,49.0
454.74,63,178.0,1651.0,64.0,21.0,32.94,83.5,18.0,47.8,49.0
454.83,63,178.0,1651.0,64.0,21.0,37.58,83.5,18.0,47.8,49.0
454.92,63,178.0,1651.0,64.0,21.0,37.58,83.5,18.0,47.8,49.0
455.009,63,178.0,1651.0,64.0,21.0,37.58,83.5,18.0,47.8,49.0
455.1,63,178.0,1651.0,64.0,21.0,37.58,83.5,18.0,48.2,49.0
455.19,63,178.0,1651.0,64.0,21.0,37.58,83.5,18.0,48.2,49.0
455.279,63,178.0,1651.0,64.0,21.0,37.58,83.5,18.0,48.2,49.0
455.369,63,192.0,1651.0,64.0,21.0,37.58,83.5,18.0,48.2,49.0
455.46,63,192.0,1719.0,64.0,21.0,37.58,83.5,18.0,48.2,49.0
455.549,63,192.0,1719.0,67.0,21.0,37.58,83.5,18.0,48.2,49.0
455.64,63,192.0,1719.0,67.0,21.0,37.58,83.5,18.0,48.2,49.0
455.73,63,192.0,1719.0,67.0,21.0,37.58,83.5,18.0,48.2,49.0
455.82,63,192.0,1719.0,67.0,21.0,37.58,83.5,18.0,48.2,49.0
455.91,63,192.0,1719.0,67.0,21.0,37.58,83.5,18.0,48.2,49.0
456.0,63,192.0,1719.0,67.0,21.0,37.58,83.5,18.0,47.1,49.0
456.09,63,192.0,1719.0,67.0,21.0,37.58,83.5,18.0,47.1,47.8
456.18,63,192.0,1719.0,67.0,21.0,37.58,83.5,18.0,47.1,47.8
456.27,63,186.0,1719.0,67.0,21.0,37.58,83.5,18.0,47.1,47.8
456.36,63,186.0,1782.0,67.0,21.0,37.58,83.5,18.0,47.1,47.8
456.449,63,186.0,1782.0,69.0,21.0,37.58,83.5,18.0,47.1,47.8
456.54,63,186.0,1782.0,69.0,21.0,37.58,83.5,18.0,47.1,47.8
456.63,63,186.0,1782.0,69.0,21.0,37.16,83.5,18.0,47.1,47.8
456.72,63,186.0,1782.0,69.0,21.0,37.16,83.5,18.0,47.1,47.8
456.809,63,186.0,1782.0,69.0,21.0,37.16,83.5,18.0,47.1,47.8
456.9,63,186.0,1782.0,69.0,21.0,37.16,83.5,18.0,47.5,47.8
456.99,63,186.0,1782.0,69.0,21.0,37.16,83.5,18.0,47.5,48.2
457.08,63,186.0,1782.0,69.0,21.0,37.16,83.5,18.0,47.5,48.2
457.17,63,187.0,1782.0,69.0,21.0,37.16,83.5,18.0,47.5,48.2
457.26,63,187.0,1835.0,69.0,21.0,37.16,83.5,18.0,47.5,48.2
457.35,63,187.0,1835.0,71.0,21.0,37.16,83.5,18.0,47.5,48.2
457.44,63,187.0,1835.0,71.0,21.0,37.16,83.5,18.0,47.5,48.2
457.529,63,187.0,1835.0,71.0,21.0,38.99,83.5,18.0,47.5,48.2
457.621,63,187.0,1835.0,71.0,21.0,38.99,83.5,18.0,47.5,48.2
457.71,63,187.0,1835.0,71.0,21.0,38.99,83.5,18.0,47.5,48.2
457.8,63,187.0,1835.0,71.0,21.0,38.99,83.5,18.0,47.8,48.2
457.89,63,187.0,1835.0,71.0,21.0,38.99,83.5,18.0,47.8,48.6
457.98,63,187.0,1835.0,71.0,21.0,38.99,83.5,18.0,47.8,48.6
458.13,63,191.0,1835.0,71.0,21.0,38.99,83.5,18.0,47.8,48.6
458.22,63,191.0,1884.0,71.0,21.0,38.99,83.5,18.0,47.8,48.6
458.31,63,191.0,1884.0,74.0,21.0,38.99,83.5,18.0,47.8,48.6
458.4,63,191.0,1884.0,74.0,21.0,38.99,83.5,18.0,47.8,48.6
458.49,63,191.0,1884.0,74.0,21.0,41.52,83.5,18.0,47.8,48.6
458.579,63,191.0,1884.0,74.0,21.0,41.52,83.5,18.0,47.8,48.6
458.67,63,191.0,1884.0,74.0,21.0,41.52,83.5,18.0,47.8,48.6
458.76,63,191.0,1884.0,74.0,21.0,41.52,83.5,18.0,49.8,48.6
458.85,63,191.0,1884.0,74.0,21.0,41.52,83.5,18.0,49.8,50.6
458.94,63,191.0,1884.0,74.0,21.0,41.52,83.5,18.0,49.8,50.6
459.03,63,205.0,1884.0,74.0,21.0,41.52,83.5,18.0,49.8,50.6
459.12,63,205.0,1936.0,74.0,21.0,41.52,83.5,18.0,49.8,50.6
459.21,63,205.0,1936.0,75.0,21.0,41.52,83.5,18.0,49.8,50.6
459.3,63,205.0,1936.0,75.0,22.0,41.52,83.5,18.0,49.8,50.6
459.39,63,205.0,1936.0,75.0,22.0,65.11,83.5,18.0,49.8,50.6
459.48,63,205.0,1936.0,75.0,22.0,65.11,83.5,18.0,49.8,50.6
459.57,63,205.0,1936.0,75.0,22.0,65.11,83.5,18.0,49.8,50.6
459.66,63,205.0,1936.0,75.0,22.0,65.11,83.5,18.0,52.5,50.6
459.75,63,205.0,1936.0,75.0,22.0,65.11,83.5,18.0,52.5,52.9
459.84,64,205.0,1936.0,75.0,22.0,65.11,83.5,18.0,52.5,52.9
459.93,64,215.0,1936.0,75.0,22.0,65.11,83.5,18.0,52.5,52.9
460.02,64,215.0,1999.0,75.0,22.0,65.11,83.5,18.0,52.5,52.9
460.109,64,215.0,1999.0,78.0,22.0,65.11,83.5,18.0,52.5,52.9
460.2,64,215.0,1999.0,78.0,23.0,65.11,83.5,18.0,52.5,52.9
460.29,64,215.0,1999.0,78.0,23.0,66.49,83.5,18.0,52.5,52.9
460.382,64,215.0,1999.0,78.0,23.0,66.49,83.5,18.0,52.5,52.9
460.47,64,215.0,1999.0,78.0,23.0,66.49,83.5,18.0,52.5,52.9
460.56,64,215.0,1999.0,78.0,23.0,66.49,83.5,18.0,52.2,52.9
460.65,64,215.0,1999.0,78.0,23.0,66.49,83.5,18.0,52.2,52.2
460.741,64,215.0,1999.0,78.0,23.0,66.49,83.5,18.0,52.2,52.2
460.831,64,211.0,1999.0,78.0,23.0,66.49,83.5,18.0,52.2,52.2
460.921,64,211.0,2033.0,78.0,23.0,66.49,83.5,18.0,52.2,52.2
461.011,64,211.0,2033.0,80.0,23.0,66.49,83.5,18.0,52.2,52.2
461.102,64,211.0,2033.0,80.0,23.0,66.49,83.5,18.0,52.2,52.2
461.19,64,211.0,2033.0,80.0,23.0,34.47,83.5,18.0,52.2,52.2
461.282,64,211.0,2033.0,80.0,23.0,34.47,31.4,18.0,52.2,52.2
461.371,64,211.0,2033.0,80.0,23.0,34.47,31.4,18.0,52.2,52.2
461.46,64,211.0,2033.0,80.0,23.0,34.47,31.4,18.0,17.6,52.2
461.55,64,211.0,2033.0,80.0,23.0,34.47,31.4,18.0,17.6,28.2
461.641,64,211.0,2033.0,80.0,23.0,34.47,31.4,18.0,17.6,28.2
461.731,64,103.0,2033.0,80.0,23.0,34.47,31.4,18.0,17.6,28.2
461.821,64,103.0,1606.0,80.0,23.0,34.47,31.4,18.0,17.6,28.2
461.911,64,103.0,1606.0,78.0,23.0,34.47,31.4,18.0,17.6,28.2
462.002,64,103.0,1606.0,78.0,21.0,34.47,31.4,18.0,17.6,28.2
462.09,64,103.0,1606.0,78.0,21.0,30.13,31.4,18.0,17.6,28.2
462.182,64,103.0,1606.0,78.0,21.0,30.13,82.0,18.0,17.6,28.2
462.271,64,103.0,1606.0,78.0,21.0,30.13,82.0,18.0,17.6,28.2
462.362,64,103.0,1606.0,78.0,21.0,30.13,82.0,18.0,58.4,28.2
462.45,64,103.0,1606.0,78.0,21.0,30.13,82.0,18.0,58.4,59.2
462.539,64,103.0,1606.0,78.0,21.0,30.13,82.0,18.0,58.4,59.2
462.629,64,150.0,1606.0,78.0,21.0,30.13,82.0,18.0,58.4,59.2
462.721,64,150.0,1595.0,78.0,21.0,30.13,82.0,18.0,58.4,59.2
462.81,64,150.0,1595.0,79.0,21.0,30.13,82.0,18.0,58.4,59.2
462.9,64,150.0,1595.0,79.0,19.0,30.13,82.0,18.0,58.4,59.2
462.99,64,150.0,1595.0,79.0,19.0,45.41,82.0,18.0,58.4,59.2
463.081,64,150.0,1595.0,79.0,19.0,45.41,83.5,18.0,58.4,59.2
463.17,64,150.0,1595.0,79.0,19.0,45.41,83.5,18.0,58.4,59.2
463.261,64,150.0,1595.0,79.0,19.0,45.41,83.5,18.0,62.7,59.2
463.352,64,150.0,1595.0,79.0,19.0,45.41,83.5,18.0,62.7,63.9
463.442,64,150.0,1595.0,79.0,19.0,45.41,83.5,18.0,62.7,63.9
463.53,64,221.0,1595.0,79.0,19.0,45.41,83.5,18.0,62.7,63.9
463.621,64,221.0,1645.0,79.0,19.0,45.41,83.5,18.0,62.7,63.9
463.711,64,221.0,1645.0,81.0,19.0,45.41,83.5,18.0,62.7,63.9
463.802,64,221.0,1645.0,81.0,20.0,45.41,83.5,18.0,62.7,63.9
463.892,64,221.0,1645.0,81.0,20.0,57.66,83.5,18.0,62.7,63.9
463.981,64,221.0,1645.0,81.0,20.0,57.66,83.5,18.0,62.7,63.9
464.071,64,221.0,1645.0,81.0,20.0,57.66,83.5,18.0,62.7,63.9
464.164,64,221.0,1645.0,81.0,20.0,57.66,83.5,18.0,66.3,63.9
464.251,64,221.0,1645.0,81.0,20.0,57.66,83.5,18.0,66.3,66.7
464.341,64,221.0,1645.0,81.0,20.0,57.66,83.5,18.0,66.3,66.7
464.433,64,230.0,1645.0,81.0,20.0,57.66,83.5,18.0,66.3,66.7
464.55,64,230.0,1711.0,81.0,20.0,57.66,83.5,18.0,66.3,66.7
464.641,64,230.0,1711.0,85.0,20.0,57.66,83.5,18.0,66.3,66.7
464.73,64,230.0,1711.0,85.0,22.0,57.66,83.5,18.0,66.3,66.7
464.822,64,230.0,1711.0,85.0,22.0,60.27,83.5,18.0,66.3,66.7
464.91,64,230.0,1711.0,85.0,22.0,60.27,83.5,18.0,66.3,66.7
465.001,64,230.0,1711.0,85.0,22.0,60.27,83.5,18.0,66.3,66.7
465.09,64,230.0,1711.0,85.0,22.0,60.27,83.5,18.0,68.2,66.7
465.182,64,230.0,1711.0,85.0,22.0,60.27,83.5,18.0,68.2,68.2
465.27,65,230.0,1711.0,85.0,22.0,60.27,83.5,18.0,68.2,68.2
465.362,65,233.0,1711.0,85.0,22.0,60.27,83.5,18.0,68.2,68.2
465.451,65,233.0,1777.0,85.0,22.0,60.27,83.5,18.0,68.2,68.2
465.571,65,233.0,1777.0,88.0,22.0,60.27,83.5,18.0,68.2,68.2
465.661,65,233.0,1777.0,88.0,22.0,60.27,83.5,18.0,68.2,68.2
465.75,65,233.0,1777.0,88.0,22.0,64.44,83.5,18.0,68.2,68.2
465.841,65,233.0,1777.0,88.0,22.0,64.44,83.5,18.0,68.2,68.2
465.93,65,233.0,1777.0,88.0,22.0,64.44,83.5,18.0,68.2,68.2
466.021,65,233.0,1777.0,88.0,22.0,64.44,83.5,18.0,68.6,68.2
466.111,65,233.0,1777.0,88.0,22.0,64.44,83.5,18.0,68.6,68.6
466.202,65,233.0,1777.0,88.0,22.0,64.44,83.5,18.0,68.6,68.6
466.29,65,234.0,1777.0,88.0,22.0,64.44,83.5,18.0,68.6,68.6
466.38,65,234.0,1849.0,88.0,22.0,64.44,83.5,18.0,68.6,68.6
466.474,65,234.0,1849.0,92.0,22.0,64.44,83.5,18.0,68.6,68.6
466.56,65,234.0,1849.0,92.0,22.0,64.44,83.5,18.0,68.6,68.6
466.651,65,234.0,1849.0,92.0,22.0,66.99,83.5,18.0,68.6,68.6
466.741,65,234.0,1849.0,92.0,22.0,66.99,83.5,18.0,68.6,68.6
466.83,65,234.0,1849.0,92.0,22.0,66.99,83.5,18.0,68.6,68.6
466.923,65,234.0,1849.0,92.0,22.0,66.99,83.5,18.0,68.6,68.6
467.011,65,234.0,1849.0,92.0,22.0,66.99,83.5,18.0,68.6,68.2
467.102,65,234.0,1849.0,92.0,22.0,66.99,83.5,18.0,68.6,68.2
467.19,65,235.0,1849.0,92.0,22.0,66.99,83.5,18.0,68.6,68.2
467.282,65,235.0,1921.0,92.0,22.0,66.99,83.5,18.0,68.6,68.2
467.37,65,235.0,1921.0,95.0,22.0,66.99,83.5,18.0,68.6,68.2
467.474,65,235.0,1921.0,95.0,21.0,66.99,83.5,18.0,68.6,68.2
467.58,65,235.0,1921.0,95.0,21.0,33.63,83.5,18.0,68.6,68.2
467.671,65,235.0,1921.0,95.0,21.0,33.63,33.7,18.0,68.6,68.2
467.762,65,235.0,1921.0,95.0,21.0,33.63,33.7,18.0,68.6,68.2
467.851,65,235.0,1921.0,95.0,21.0,33.63,33.7,18.0,16.1,68.2
467.943,65,235.0,1921.0,95.0,21.0,33.63,33.7,18.0,16.1,26.7
468.03,65,235.0,1921.0,95.0,21.0,33.63,33.7,18.0,16.1,26.7
468.122,65,110.0,1921.0,95.0,21.0,33.63,33.7,18.0,16.1,26.7
468.211,65,110.0,1602.0,95.0,21.0,33.63,33.7,18.0,16.1,26.7
468.301,65,110.0,1602.0,95.0,21.0,33.63,33.7,18.0,16.1,26.7
468.391,65,110.0,1602.0,95.0,19.0,33.63,33.7,18.0,16.1,26.7
468.48,65,110.0,1602.0,95.0,19.0,25.52,33.7,18.0,16.1,26.7
468.57,65,110.0,1602.0,95.0,19.0,25.52,80.0,18.0,16.1,26.7
468.661,65,110.0,1602.0,95.0,19.0,25.52,80.0,18.0,16.1,26.7
468.751,65,110.0,1602.0,95.0,19.0,25.52,80.0,18.0,43.1,26.7
468.841,65,110.0,1602.0,95.0,19.0,25.52,80.0,18.0,43.1,43.5
468.931,65,110.0,1602.0,95.0,19.0,25.52,80.0,18.0,43.1,43.5
469.022,65,135.0,1602.0,95.0,19.0,25.52,80.0,18.0,43.1,43.5
469.11,65,135.0,1594.0,95.0,19.0,25.52,80.0,18.0,43.1,43.5
469.202,65,135.0,1594.0,95.0,19.0,25.52,80.0,18.0,43.1,43.5
469.29,65,135.0,1594.0,95.0,17.0,25.52,80.0,18.0,43.1,43.5
469.383,65,135.0,1594.0,95.0,17.0,24.66,80.0,18.0,43.1,43.5
469.5,65,135.0,1594.0,95.0,17.0,24.66,30.6,18.0,43.1,43.5
469.59,65,135.0,1594.0,95.0,17.0,24.66,30.6,18.0,43.1,43.5
469.68,65,135.0,1594.0,95.0,17.0,24.66,30.6,18.0,14.1,43.5
469.77,65,135.0,1594.0,95.0,17.0,24.66,30.6,18.0,14.1,14.5
469.861,66,135.0,1594.0,95.0,17.0,24.66,30.6,18.0,14.1,14.5
469.949,66,105.0,1594.0,95.0,17.0,24.66,30.6,18.0,14.1,14.5
470.04,66,105.0,1605.0,95.0,17.0,24.66,30.6,18.0,14.1,14.5
470.13,66,105.0,1605.0,95.0,17.0,24.66,30.6,18.0,14.1,14.5
470.219,66,105.0,1605.0,95.0,17.0,24.66,30.6,18.0,14.1,14.5
470.31,66,105.0,1605.0,95.0,17.0,20.99,30.6,18.0,14.1,14.5
470.4,66,105.0,1605.0,95.0,17.0,20.99,83.1,18.0,14.1,14.5
470.49,66,105.0,1605.0,95.0,17.0,20.99,83.1,18.0,14.1,14.5
470.58,66,105.0,1605.0,95.0,17.0,20.99,83.1,18.0,14.1,14.5
470.67,66,105.0,1605.0,95.0,17.0,20.99,83.1,18.0,14.1,14.1
470.76,66,105.0,1605.0,95.0,17.0,20.99,83.1,18.0,14.1,14.1
470.854,66,121.0,1605.0,95.0,17.0,20.99,83.1,18.0,14.1,14.1
470.941,66,121.0,1607.0,95.0,17.0,20.99,83.1,18.0,14.1,14.1
471.03,66,121.0,1607.0,95.0,17.0,20.99,83.1,18.0,14.1,14.1
471.12,66,121.0,1607.0,95.0,17.0,20.99,83.1,18.0,14.1,14.1
471.21,66,121.0,1607.0,95.0,17.0,16.91,83.1,18.0,14.1,14.1
471.3,66,121.0,1607.0,95.0,17.0,16.91,83.5,18.0,14.1,14.1
471.39,66,121.0,1607.0,95.0,17.0,16.91,83.5,18.0,14.1,14.1
471.48,66,121.0,1607.0,95.0,17.0,16.91,83.5,18.0,14.1,14.1
471.571,66,121.0,1607.0,95.0,17.0,16.91,83.5,18.0,14.1,14.5
471.66,66,121.0,1607.0,95.0,17.0,16.91,83.5,18.0,14.1,14.5
471.75,66,121.0,1607.0,95.0,17.0,16.91,83.5,18.0,14.1,14.5
471.841,66,121.0,1608.0,95.0,17.0,16.91,83.5,18.0,14.1,14.5
471.93,66,121.0,1608.0,95.0,17.0,16.91,83.5,18.0,14.1,14.5
472.021,66,121.0,1608.0,95.0,16.0,16.91,83.5,18.0,14.1,14.5
472.111,66,121.0,1608.0,95.0,16.0,16.97,83.5,18.0,14.1,14.5
472.201,66,121.0,1608.0,95.0,16.0,16.97,83.5,18.0,14.1,14.5
472.29,66,121.0,1608.0,95.0,16.0,16.97,83.5,18.0,14.1,14.5
472.38,66,121.0,1608.0,95.0,16.0,16.97,83.5,18.0,14.1,14.5
472.469,66,121.0,1608.0,95.0,16.0,16.97,83.5,18.0,14.1,14.1
472.56,66,121.0,1608.0,95.0,16.0,16.97,83.5,18.0,14.1,14.1
472.65,66,120.0,1608.0,95.0,16.0,16.97,83.5,18.0,14.1,14.1
472.741,66,120.0,1611.0,95.0,16.0,16.97,83.5,18.0,14.1,14.1
472.831,66,120.0,1611.0,95.0,16.0,16.97,83.5,18.0,14.1,14.1
472.922,66,120.0,1611.0,95.0,17.0,16.97,83.5,18.0,14.1,14.1
473.01,66,120.0,1611.0,95.0,17.0,18.61,83.5,18.0,14.1,14.1
473.101,66,120.0,1611.0,95.0,17.0,18.61,83.5,18.0,14.1,14.1
473.191,66,120.0,1611.0,95.0,17.0,18.61,83.5,18.0,14.1,14.1
473.281,66,120.0,1611.0,95.0,17.0,18.61,83.5,18.0,14.1,14.1
473.371,66,120.0,1611.0,95.0,17.0,18.61,83.5,18.0,14.1,14.5
473.46,67,120.0,1611.0,95.0,17.0,18.61,83.5,18.0,14.1,14.5
473.551,67,132.0,1611.0,95.0,17.0,18.61,83.5,18.0,14.1,14.5
473.64,67,132.0,1616.0,95.0,17.0,18.61,83.5,18.0,14.1,14.5
473.73,67,132.0,1616.0,96.0,17.0,18.61,83.5,18.0,14.1,14.5
473.82,67,132.0,1616.0,96.0,17.0,18.61,83.5,18.0,14.1,14.5
473.911,67,132.0,1616.0,96.0,17.0,21.27,83.5,18.0,14.1,14.5
474.001,67,132.0,1616.0,96.0,17.0,21.27,83.5,18.0,14.1,14.5
474.09,67,132.0,1616.0,96.0,17.0,21.27,83.5,18.0,14.1,14.5
474.18,67,132.0,1616.0,96.0,17.0,21.27,83.5,18.0,14.1,14.5
474.27,67,132.0,1616.0,96.0,17.0,21.27,83.5,18.0,14.1,14.5
474.361,67,132.0,1616.0,96.0,17.0,21.27,83.5,18.0,14.1,14.5
474.45,67,142.0,1616.0,96.0,17.0,21.27,83.5,18.0,14.1,14.5
474.541,67,142.0,1624.0,96.0,17.0,21.27,83.5,18.0,14.1,14.5
474.631,67,142.0,1624.0,96.0,17.0,21.27,83.5,18.0,14.1,14.5
474.721,67,142.0,1624.0,96.0,17.0,21.27,83.5,18.0,14.1,14.5
474.81,67,142.0,1624.0,96.0,17.0,22.02,83.5,18.0,14.1,14.5
474.903,67,142.0,1624.0,96.0,17.0,22.02,83.5,18.0,14.1,14.5
474.991,67,142.0,1624.0,96.0,17.0,22.02,83.5,18.0,14.1,14.5
475.112,67,142.0,1624.0,96.0,17.0,22.02,83.5,18.0,14.1,14.5
475.231,67,142.0,1624.0,96.0,17.0,22.02,83.5,18.0,14.1,14.5
475.322,67,142.0,1624.0,96.0,17.0,22.02,83.5,18.0,14.1,14.5
475.411,67,139.0,1624.0,96.0,17.0,22.02,83.5,18.0,14.1,14.5
475.5,67,139.0,1636.0,96.0,17.0,22.02,83.5,18.0,14.1,14.5
475.59,67,139.0,1636.0,97.0,17.0,22.02,83.5,18.0,14.1,14.5
475.68,67,139.0,1636.0,97.0,18.0,22.02,83.5,18.0,14.1,14.5
475.77,67,139.0,1636.0,97.0,18.0,22.16,83.5,18.0,14.1,14.5
475.861,67,139.0,1636.0,97.0,18.0,22.16,83.5,18.0,14.1,14.5
475.951,67,139.0,1636.0,97.0,18.0,22.16,83.5,18.0,14.1,14.5
476.043,67,139.0,1636.0,97.0,18.0,22.16,83.5,18.0,14.1,14.5
476.131,67,139.0,1636.0,97.0,18.0,22.16,83.5,18.0,14.1,14.5
476.221,67,139.0,1636.0,97.0,18.0,22.16,83.5,18.0,14.1,14.5
476.31,67,139.0,1636.0,97.0,18.0,22.16,83.5,18.0,14.1,14.5
476.4,67,139.0,1644.0,97.0,18.0,22.16,83.5,18.0,14.1,14.5
476.49,67,139.0,1644.0,97.0,18.0,22.16,83.5,18.0,14.1,14.5
476.58,67,139.0,1644.0,97.0,18.0,22.16,83.5,18.0,14.1,14.5
476.821,67,139.0,1644.0,97.0,18.0,22.16,83.5,18.0,14.1,14.5
476.91,67,139.0,1644.0,97.0,18.0,22.16,83.5,18.0,14.1,14.5
477.001,67,139.0,1644.0,97.0,18.0,22.16,83.5,18.0,14.1,14.1
477.091,67,139.0,1644.0,97.0,18.0,22.16,83.5,18.0,14.1,14.1
477.181,67,135.0,1644.0,97.0,18.0,22.16,83.5,18.0,14.1,14.1
477.271,67,135.0,1654.0,97.0,18.0,22.16,83.5,18.0,14.1,14.1
477.361,67,135.0,1654.0,98.0,18.0,22.16,83.5,18.0,14.1,14.1
477.454,67,135.0,1654.0,98.0,18.0,22.16,83.5,18.0,14.1,14.1
477.54,67,135.0,1654.0,98.0,18.0,19.86,83.5,18.0,14.1,14.1
477.631,67,135.0,1654.0,98.0,18.0,19.86,83.5,18.0,14.1,14.1
477.721,67,135.0,1654.0,98.0,18.0,19.86,83.5,18.0,14.1,14.1
477.811,67,135.0,1654.0,98.0,18.0,19.86,83.5,18.0,14.1,14.1
477.901,67,135.0,1654.0,98.0,18.0,19.86,83.5,18.0,14.1,14.5
477.991,68,135.0,1654.0,98.0,18.0,19.86,83.5,18.0,14.1,14.5
478.111,68,133.0,1654.0,98.0,18.0,19.86,83.5,18.0,14.1,14.5
478.2,68,133.0,1653.0,98.0,18.0,19.86,83.5,18.0,14.1,14.5
478.291,68,133.0,1653.0,98.0,18.0,19.86,83.5,18.0,14.1,14.5
478.381,68,133.0,1653.0,98.0,18.0,19.86,83.5,18.0,14.1,14.5
478.561,68,133.0,1653.0,98.0,18.0,19.86,83.5,18.0,14.1,14.5
478.711,68,133.0,1653.0,98.0,18.0,19.86,83.5,18.0,14.1,14.5
478.861,68,133.0,1653.0,98.0,18.0,19.86,83.5,18.0,14.1,14.5
479.011,68,133.0,1659.0,98.0,18.0,19.86,83.5,18.0,14.1,14.5
479.251,68,133.0,1659.0,98.0,18.0,23.55,83.5,18.0,14.1,14.5
479.341,68,133.0,1659.0,98.0,18.0,23.55,83.5,18.0,14.1,14.5
479.45,68,133.0,1659.0,98.0,18.0,23.55,83.5,18.0,14.1,14.5
479.911,68,133.0,1659.0,99.0,18.0,23.55,83.5,18.0,14.1,14.5
480.001,68,133.0,1659.0,99.0,19.0,23.55,83.5,18.0,14.1,14.5
480.27,68,133.0,1659.0,99.0,19.0,23.55,83.5,18.0,14.1,14.5
480.481,68,133.0,1659.0,99.0,19.0,23.55,83.5,18.0,14.1,14.5
481.021,68,133.0,1659.0,99.0,19.0,23.55,83.5,18.0,14.1,14.5
481.111,68,133.0,1659.0,99.0,19.0,23.55,83.5,18.0,14.1,14.5
481.201,68,133.0,1659.0,99.0,19.0,23.55,83.5,18.0,14.1,14.5
481.291,68,144.0,1659.0,99.0,19.0,23.55,83.5,18.0,14.1,14.5
481.381,68,144.0,1675.0,99.0,19.0,23.55,83.5,18.0,14.1,14.5
481.47,68,144.0,1675.0,99.0,19.0,23.55,83.5,18.0,14.1,14.5
481.56,68,144.0,1675.0,99.0,19.0,23.55,83.5,18.0,14.1,14.5
481.651,68,144.0,1675.0,99.0,19.0,26.61,83.5,18.0,14.1,14.5
481.741,68,144.0,1675.0,99.0,19.0,26.61,83.5,18.0,14.1,14.5
481.83,68,144.0,1675.0,99.0,19.0,26.61,83.5,18.0,14.1,14.5
481.921,68,144.0,1675.0,99.0,19.0,26.61,83.5,18.0,14.1,14.5
482.011,68,144.0,1675.0,99.0,19.0,26.61,83.5,18.0,14.1,14.5
482.16,68,151.0,1675.0,99.0,19.0,26.61,83.5,18.0,14.1,14.5
482.25,68,151.0,1675.0,99.0,19.0,26.61,83.5,18.0,14.1,14.5
482.341,68,151.0,1675.0,99.0,19.0,26.61,83.5,18.0,14.1,14.5
482.431,68,151.0,1675.0,99.0,19.0,26.61,83.5,18.0,14.1,14.5
482.521,68,151.0,1675.0,99.0,19.0,26.58,83.5,18.0,14.1,14.5
482.61,68,151.0,1675.0,99.0,19.0,26.58,83.5,18.0,14.1,14.5
482.701,68,151.0,1675.0,99.0,19.0,26.58,83.5,18.0,14.1,14.5
482.791,68,151.0,1675.0,99.0,19.0,26.58,83.5,18.0,14.1,14.5
482.881,68,151.0,1675.0,99.0,19.0,26.58,83.5,18.0,14.1,14.5
482.97,69,151.0,1675.0,99.0,19.0,26.58,83.5,18.0,14.1,14.5
483.27,69,151.0,1675.0,99.0,20.0,26.58,83.5,18.0,14.1,14.5
483.361,69,151.0,1675.0,99.0,20.0,26.11,83.5,18.0,14.1,14.5
483.51,69,151.0,1675.0,99.0,20.0,26.11,83.5,18.0,14.1,14.5
483.6,69,151.0,1675.0,99.0,20.0,26.11,83.5,18.0,14.1,14.5
483.691,69,151.0,1675.0,99.0,20.0,26.11,83.5,18.0,14.1,14.1
483.78,69,151.0,1675.0,99.0,20.0,26.11,83.5,18.0,14.1,14.1
483.871,69,148.0,1675.0,99.0,20.0,26.11,83.5,18.0,14.1,14.1
483.961,69,148.0,1680.0,99.0,20.0,26.11,83.5,18.0,14.1,14.1
484.05,69,148.0,1680.0,99.0,20.0,26.11,83.5,18.0,14.1,14.1
484.14,69,148.0,1680.0,99.0,20.0,26.11,83.5,18.0,14.1,14.1
484.231,69,148.0,1680.0,99.0,20.0,26.88,83.5,18.0,14.1,14.1
484.321,69,148.0,1680.0,99.0,20.0,26.88,83.5,18.0,14.1,14.1
484.411,69,148.0,1680.0,99.0,20.0,26.88,83.5,18.0,14.1,14.1
484.5,69,148.0,1680.0,99.0,20.0,26.88,83.5,18.0,14.1,14.1
484.591,69,148.0,1680.0,99.0,20.0,26.88,83.5,18.0,14.1,14.5
484.741,69,152.0,1680.0,99.0,20.0,26.88,83.5,18.0,14.1,14.5
484.831,69,152.0,1682.0,99.0,20.0,26.88,83.5,18.0,14.1,14.5
484.922,69,152.0,1682.0,100.0,20.0,26.88,83.5,18.0,14.1,14.5
485.071,69,152.0,1682.0,100.0,20.0,26.8,83.5,18.0,14.1,14.5
485.16,69,152.0,1682.0,100.0,20.0,26.8,83.5,18.0,14.1,14.5
485.25,69,152.0,1682.0,100.0,20.0,26.8,83.5,18.0,14.1,14.5
485.551,69,133.0,1682.0,100.0,20.0,26.8,83.5,18.0,14.1,14.5
485.641,69,133.0,1678.0,100.0,20.0,26.8,83.5,18.0,14.1,14.5
485.731,69,133.0,1678.0,99.0,20.0,26.8,83.5,18.0,14.1,14.5
485.821,69,133.0,1678.0,99.0,19.0,26.8,83.5,18.0,14.1,14.5
485.911,69,133.0,1678.0,99.0,19.0,19.44,83.5,18.0,14.1,14.5
486.001,69,133.0,1678.0,99.0,19.0,19.44,83.5,18.0,14.1,14.5
486.091,69,133.0,1678.0,99.0,19.0,19.44,83.5,18.0,14.1,14.5
486.18,69,133.0,1678.0,99.0,19.0,19.44,83.5,18.0,14.1,14.5
486.271,69,133.0,1678.0,99.0,19.0,19.44,83.5,18.0,14.1,14.5
486.36,69,133.0,1678.0,99.0,19.0,19.44,83.5,18.0,14.1,14.5
486.45,69,127.0,1678.0,99.0,19.0,19.44,83.5,18.0,14.1,14.5
486.541,69,127.0,1670.0,99.0,19.0,19.44,83.5,18.0,14.1,14.5
486.631,69,127.0,1670.0,99.0,19.0,19.44,83.5,18.0,14.1,14.5
486.721,69,127.0,1670.0,99.0,18.0,19.44,83.5,18.0,14.1,14.5
486.811,69,127.0,1670.0,99.0,18.0,19.88,83.5,18.0,14.1,14.5
486.901,69,127.0,1670.0,99.0,18.0,19.88,83.5,18.0,14.1,14.5
486.991,69,127.0,1670.0,99.0,18.0,19.88,83.5,18.0,14.1,14.5
487.082,69,127.0,1670.0,99.0,18.0,19.88,83.5,18.0,14.1,14.5
487.171,69,127.0,1670.0,99.0,18.0,19.88,83.5,18.0,14.1,14.5
487.261,69,127.0,1670.0,99.0,18.0,19.88,83.5,18.0,14.1,14.5
487.351,69,115.0,1670.0,99.0,18.0,19.88,83.5,18.0,14.1,14.5
487.441,69,115.0,1642.0,99.0,18.0,19.88,83.5,18.0,14.1,14.5
487.53,69,115.0,1642.0,97.0,18.0,19.88,83.5,18.0,14.1,14.5
487.741,69,115.0,1642.0,97.0,18.0,19.88,83.5,18.0,14.1,14.5
487.831,69,115.0,1642.0,97.0,18.0,19.88,83.5,18.0,14.1,14.5
487.921,69,115.0,1642.0,97.0,18.0,19.88,83.5,18.0,14.1,14.5
488.071,70,115.0,1642.0,97.0,18.0,19.88,83.5,18.0,14.1,14.5
488.16,70,119.0,1642.0,97.0,18.0,19.88,83.5,18.0,14.1,14.5
488.25,70,119.0,1613.0,97.0,18.0,19.88,83.5,18.0,14.1,14.5
488.341,70,119.0,1613.0,95.0,18.0,19.88,83.5,18.0,14.1,14.5
488.431,70,119.0,1613.0,95.0,18.0,19.88,83.5,18.0,14.1,14.5
488.52,70,119.0,1613.0,95.0,18.0,16.24,83.5,18.0,14.1,14.5
488.611,70,119.0,1613.0,95.0,18.0,16.24,83.5,18.0,14.1,14.5
488.701,70,119.0,1613.0,95.0,18.0,16.24,83.5,18.0,14.1,14.5
488.791,70,119.0,1613.0,95.0,18.0,16.24,83.5,18.0,14.1,14.5
488.881,70,119.0,1613.0,95.0,18.0,16.24,83.5,18.0,14.1,14.5
488.971,70,119.0,1613.0,95.0,18.0,16.24,83.5,18.0,14.1,14.5
489.061,70,119.0,1613.0,95.0,18.0,16.24,83.5,18.0,14.1,14.5
489.151,70,119.0,1577.0,95.0,18.0,16.24,83.5,18.0,14.1,14.5
489.241,70,119.0,1577.0,93.0,18.0,16.24,83.5,18.0,14.1,14.5
489.331,70,119.0,1577.0,93.0,18.0,16.24,83.5,18.0,14.1,14.5
489.421,70,119.0,1577.0,93.0,18.0,15.74,83.5,18.0,14.1,14.5
489.51,70,119.0,1577.0,93.0,18.0,15.74,83.5,18.0,14.1,14.5
489.601,70,119.0,1577.0,93.0,18.0,15.74,83.5,18.0,14.1,14.5
489.691,70,119.0,1577.0,93.0,18.0,15.74,83.5,18.0,14.1,14.5
489.841,70,119.0,1577.0,93.0,18.0,15.74,83.5,18.0,14.1,14.5
489.931,70,118.0,1577.0,93.0,18.0,15.74,83.5,18.0,14.1,14.5
490.021,70,118.0,1547.0,93.0,18.0,15.74,83.5,18.0,14.1,14.5
490.111,70,118.0,1547.0,91.0,18.0,15.74,83.5,18.0,14.1,14.5
490.202,70,118.0,1547.0,91.0,18.0,15.74,83.5,18.0,14.1,14.5
490.291,70,118.0,1547.0,91.0,18.0,15.19,83.5,18.0,14.1,14.5
490.382,70,118.0,1547.0,91.0,18.0,15.19,83.5,18.0,14.1,14.5
490.47,70,118.0,1547.0,91.0,18.0,15.19,83.5,18.0,14.1,14.5
490.56,70,118.0,1547.0,91.0,18.0,15.19,83.5,18.0,14.1,14.5
490.651,70,118.0,1547.0,91.0,18.0,15.19,83.5,18.0,14.1,14.5
490.741,70,118.0,1547.0,91.0,18.0,15.19,83.5,18.0,14.1,14.5
490.831,70,116.0,1547.0,91.0,18.0,15.19,83.5,18.0,14.1,14.5
490.921,70,116.0,1509.0,91.0,18.0,15.19,83.5,18.0,14.1,14.5
491.011,70,116.0,1509.0,89.0,18.0,15.19,83.5,18.0,14.1,14.5
491.101,70,116.0,1509.0,89.0,18.0,15.19,83.5,18.0,14.1,14.5
491.191,70,116.0,1509.0,89.0,18.0,14.44,83.5,18.0,14.1,14.5
491.281,70,116.0,1509.0,89.0,18.0,14.44,83.5,18.0,14.1,14.5
491.371,70,116.0,1509.0,89.0,18.0,14.44,83.5,18.0,14.1,14.5
491.463,70,116.0,1509.0,89.0,18.0,14.44,83.5,18.0,14.1,14.5
491.55,70,116.0,1509.0,89.0,18.0,14.44,83.5,18.0,14.1,14.5
491.641,70,116.0,1509.0,89.0,18.0,14.44,83.5,18.0,14.1,14.5
491.731,70,113.0,1509.0,89.0,18.0,14.44,83.5,18.0,14.1,14.5
491.821,70,113.0,1494.0,89.0,18.0,14.44,83.5,18.0,14.1,14.5
491.91,70,113.0,1494.0,88.0,18.0,14.44,83.5,18.0,14.1,14.5
492.001,70,113.0,1494.0,88.0,18.0,14.44,83.5,18.0,14.1,14.5
492.091,70,113.0,1494.0,88.0,18.0,13.88,83.5,18.0,14.1,14.5
492.181,70,113.0,1494.0,88.0,18.0,13.88,83.5,18.0,14.1,14.5
492.271,70,113.0,1494.0,88.0,18.0,13.88,83.5,18.0,14.1,14.5
492.361,70,113.0,1494.0,88.0,18.0,13.88,83.5,18.0,14.1,14.5
492.451,70,113.0,1494.0,88.0,18.0,13.88,83.5,18.0,14.1,14.5
492.541,70,113.0,1494.0,88.0,18.0,13.88,83.5,18.0,14.1,14.5
492.631,70,116.0,1494.0,88.0,18.0,13.88,83.5,18.0,14.1,14.5
492.721,70,116.0,1478.0,88.0,18.0,13.88,83.5,18.0,14.1,14.5
492.811,70,116.0,1478.0,87.0,18.0,13.88,83.5,18.0,14.1,14.5
492.901,70,116.0,1478.0,87.0,18.0,13.88,83.5,18.0,14.1,14.5
492.991,70,116.0,1478.0,87.0,18.0,15.88,83.5,18.0,14.1,14.5
493.081,70,116.0,1478.0,87.0,18.0,15.88,83.5,18.0,14.1,14.5
493.171,70,116.0,1478.0,87.0,18.0,15.88,83.5,18.0,14.1,14.5
493.261,70,116.0,1478.0,87.0,18.0,15.88,83.5,18.0,14.1,14.5
493.351,70,116.0,1478.0,87.0,18.0,15.88,83.5,18.0,14.1,14.5
493.441,71,116.0,1478.0,87.0,18.0,15.88,83.5,18.0,14.1,14.5
493.531,71,124.0,1478.0,87.0,18.0,15.88,83.5,18.0,14.1,14.5
493.621,71,124.0,1469.0,87.0,18.0,15.88,83.5,18.0,14.1,14.5
493.711,71,124.0,1469.0,87.0,18.0,15.88,83.5,18.0,14.1,14.5
493.801,71,124.0,1469.0,87.0,19.0,15.88,83.5,18.0,14.1,14.5
493.891,71,124.0,1469.0,87.0,19.0,16.44,83.5,18.0,14.1,14.5
493.981,71,124.0,1469.0,87.0,19.0,16.44,83.5,18.0,14.1,14.5
494.071,71,124.0,1469.0,87.0,19.0,16.44,83.5,18.0,14.1,14.5
494.162,71,124.0,1469.0,87.0,19.0,16.44,83.5,18.0,14.1,14.5
494.251,71,124.0,1469.0,87.0,19.0,16.44,83.5,18.0,14.1,14.5
494.341,71,124.0,1469.0,87.0,19.0,16.44,83.5,18.0,14.1,14.5
494.431,71,125.0,1469.0,87.0,19.0,16.44,83.5,18.0,14.1,14.5
494.521,71,125.0,1466.0,87.0,19.0,16.44,83.5,18.0,14.1,14.5
494.611,71,125.0,1466.0,87.0,19.0,16.44,83.5,18.0,14.1,14.5
494.701,71,125.0,1466.0,87.0,19.0,16.44,83.5,18.0,14.1,14.5
494.791,71,125.0,1466.0,87.0,19.0,16.69,83.5,18.0,14.1,14.5
494.881,71,125.0,1466.0,87.0,19.0,16.69,83.5,18.0,14.1,14.5
494.971,71,125.0,1466.0,87.0,19.0,16.69,83.5,18.0,14.1,14.5
495.061,71,125.0,1466.0,87.0,19.0,16.69,83.5,18.0,14.1,14.5
495.151,71,125.0,1466.0,87.0,19.0,16.69,83.5,18.0,14.1,14.5
495.241,71,125.0,1466.0,87.0,19.0,16.69,83.5,18.0,14.1,14.5
495.331,71,126.0,1466.0,87.0,19.0,16.69,83.5,18.0,14.1,14.5
495.421,71,126.0,1460.0,87.0,19.0,16.69,83.5,18.0,14.1,14.5
495.51,71,126.0,1460.0,86.0,19.0,16.69,83.5,18.0,14.1,14.5
495.601,71,126.0,1460.0,86.0,19.0,16.69,83.5,18.0,14.1,14.5
495.691,71,126.0,1460.0,86.0,19.0,16.99,83.5,18.0,14.1,14.5
495.781,71,126.0,1460.0,86.0,19.0,16.99,83.5,18.0,14.1,14.5
495.871,71,126.0,1460.0,86.0,19.0,16.99,83.5,18.0,14.1,14.5
495.961,71,126.0,1460.0,86.0,19.0,16.99,83.5,18.0,14.1,14.5
496.051,71,126.0,1460.0,86.0,19.0,16.99,83.5,18.0,14.1,14.5
496.141,71,126.0,1460.0,86.0,19.0,16.99,83.5,18.0,14.1,14.5
496.231,71,128.0,1460.0,86.0,19.0,16.99,83.5,18.0,14.1,14.5
496.321,71,128.0,1462.0,86.0,19.0,16.99,83.5,18.0,14.1,14.5
496.411,71,128.0,1462.0,87.0,19.0,16.99,83.5,18.0,14.1,14.5
496.5,71,128.0,1462.0,87.0,19.0,16.99,83.5,18.0,14.1,14.5
496.591,71,128.0,1462.0,87.0,19.0,16.33,83.5,18.0,14.1,14.5
496.681,71,128.0,1462.0,87.0,19.0,16.33,83.5,18.0,14.1,14.5
496.771,71,128.0,1462.0,87.0,19.0,16.33,83.5,18.0,14.1,14.5
496.861,71,128.0,1462.0,87.0,19.0,16.33,83.5,18.0,14.1,14.5
496.951,71,128.0,1462.0,87.0,19.0,16.33,83.5,18.0,14.1,14.5
497.041,71,128.0,1462.0,87.0,19.0,16.33,83.5,18.0,14.1,14.5
497.131,71,119.0,1462.0,87.0,19.0,16.33,83.5,18.0,14.1,14.5
497.221,71,119.0,1456.0,87.0,19.0,16.33,83.5,18.0,14.1,14.5
497.311,71,119.0,1456.0,86.0,19.0,16.33,83.5,18.0,14.1,14.5
497.401,71,119.0,1456.0,86.0,19.0,16.33,83.5,18.0,14.1,14.5
497.49,71,119.0,1456.0,86.0,19.0,14.55,83.5,18.0,14.1,14.5
497.581,71,119.0,1456.0,86.0,19.0,14.55,83.5,18.0,14.1,14.5
497.671,71,119.0,1456.0,86.0,19.0,14.55,83.5,18.0,14.1,14.5
497.761,71,119.0,1456.0,86.0,19.0,14.55,83.5,18.0,14.1,14.5
497.851,71,119.0,1456.0,86.0,19.0,14.55,83.5,18.0,14.1,14.5
497.941,71,119.0,1456.0,86.0,19.0,14.55,83.5,18.0,14.1,14.5
498.031,71,111.0,1456.0,86.0,19.0,14.55,83.5,18.0,14.1,14.5
498.122,71,111.0,1439.0,86.0,19.0,14.55,83.5,18.0,14.1,14.5
498.211,71,111.0,1439.0,85.0,19.0,14.55,83.5,18.0,14.1,14.5
498.301,71,111.0,1439.0,85.0,19.0,14.55,83.5,18.0,14.1,14.5
498.391,71,111.0,1439.0,85.0,19.0,12.24,83.5,18.0,14.1,14.5
498.48,71,111.0,1439.0,85.0,19.0,12.24,83.5,18.0,14.1,14.5
498.571,71,111.0,1439.0,85.0,19.0,12.24,83.5,18.0,14.1,14.5
498.661,71,111.0,1439.0,85.0,19.0,12.24,83.5,18.0,14.1,14.5
498.931,71,111.0,1429.0,85.0,19.0,12.24,83.5,18.0,14.1,14.5
499.021,71,111.0,1429.0,84.0,19.0,12.24,83.5,18.0,14.1,14.5
499.111,71,111.0,1429.0,84.0,18.0,12.24,83.5,18.0,14.1,14.5
499.201,71,111.0,1429.0,84.0,18.0,12.94,83.5,18.0,14.1,14.5
499.293,71,111.0,1429.0,84.0,18.0,12.94,83.5,18.0,14.1,14.5
499.381,71,111.0,1429.0,84.0,18.0,12.94,83.5,18.0,14.1,14.5
499.47,71,111.0,1429.0,84.0,18.0,12.94,83.5,18.0,14.1,14.5
499.621,72,111.0,1429.0,84.0,18.0,12.94,83.5,18.0,14.1,14.5
499.711,72,111.0,1429.0,84.0,18.0,12.94,83.5,18.0,14.1,14.5
499.803,72,111.0,1404.0,84.0,18.0,12.94,83.5,18.0,14.1,14.5
499.891,72,111.0,1404.0,83.0,18.0,12.94,83.5,18.0,14.1,14.5
499.981,72,111.0,1404.0,83.0,18.0,12.94,83.5,18.0,14.1,14.5
500.071,72,111.0,1404.0,83.0,18.0,13.63,83.5,18.0,14.1,14.5
500.161,72,111.0,1404.0,83.0,18.0,13.63,83.5,18.0,14.1,14.5
500.251,72,111.0,1404.0,83.0,18.0,13.63,83.5,18.0,14.1,14.5
500.341,72,111.0,1404.0,83.0,18.0,13.63,83.5,18.0,14.1,14.5
500.431,72,111.0,1404.0,83.0,18.0,13.63,83.5,18.0,14.1,14.5
500.521,72,111.0,1404.0,83.0,18.0,13.63,83.5,18.0,14.1,14.5
500.611,72,112.0,1404.0,83.0,18.0,13.63,83.5,18.0,14.1,14.5
500.701,72,112.0,1372.0,83.0,18.0,13.63,83.5,18.0,14.1,14.5
500.791,72,112.0,1372.0,81.0,18.0,13.63,83.5,18.0,14.1,14.5
500.881,72,112.0,1372.0,81.0,18.0,13.63,83.5,18.0,14.1,14.5
500.971,72,112.0,1372.0,81.0,18.0,13.19,83.5,18.0,14.1,14.5
501.061,72,112.0,1372.0,81.0,18.0,13.19,83.5,18.0,14.1,14.5
501.151,72,112.0,1372.0,81.0,18.0,13.19,83.5,18.0,14.1,14.5
501.241,72,112.0,1372.0,81.0,18.0,13.19,83.5,18.0,14.1,14.5
501.331,72,112.0,1372.0,81.0,18.0,13.19,83.5,18.0,14.1,14.5
501.421,72,112.0,1372.0,81.0,18.0,13.19,83.5,18.0,14.1,14.5
501.51,72,112.0,1372.0,81.0,18.0,13.19,83.5,18.0,14.1,14.5
501.601,72,112.0,1330.0,81.0,18.0,13.19,83.5,18.0,14.1,14.5
501.691,72,112.0,1330.0,78.0,18.0,13.19,83.5,18.0,14.1,14.5
501.781,72,112.0,1330.0,78.0,18.0,13.19,83.5,18.0,14.1,14.5
501.962,72,112.0,1330.0,78.0,18.0,13.19,83.5,18.0,14.1,14.5
502.051,72,112.0,1330.0,78.0,18.0,13.19,83.5,18.0,14.1,14.5
502.141,72,112.0,1330.0,78.0,18.0,13.19,83.5,18.0,14.1,14.5
502.231,72,112.0,1330.0,78.0,18.0,13.19,83.5,18.0,14.1,14.5
502.531,72,112.0,1330.0,76.0,18.0,13.19,83.5,18.0,14.1,14.5
502.621,72,112.0,1330.0,76.0,17.0,13.19,83.5,18.0,14.1,14.5
502.711,72,112.0,1330.0,76.0,17.0,8.16,83.5,18.0,14.1,14.5
502.801,72,112.0,1330.0,76.0,17.0,8.16,83.5,18.0,14.1,14.5
502.891,72,112.0,1330.0,76.0,17.0,8.16,83.5,18.0,14.1,14.5
503.101,72,112.0,1330.0,76.0,17.0,8.16,83.5,18.0,14.1,14.5
503.191,72,108.0,1330.0,76.0,17.0,8.16,83.5,18.0,14.1,14.5
503.281,72,108.0,900.0,76.0,17.0,8.16,83.5,18.0,14.1,14.5
503.37,72,108.0,900.0,74.0,17.0,8.16,83.5,18.0,14.1,14.5
503.46,72,108.0,900.0,74.0,15.0,8.16,83.5,18.0,14.1,14.5
503.55,72,108.0,900.0,74.0,15.0,8.88,83.5,18.0,14.1,14.5
503.641,72,108.0,900.0,74.0,15.0,8.88,83.5,18.0,14.1,14.5
503.731,72,108.0,900.0,74.0,15.0,8.88,83.5,18.0,14.1,14.5
503.821,72,108.0,900.0,74.0,15.0,8.88,83.5,18.0,14.1,14.5
503.911,72,108.0,900.0,74.0,15.0,8.88,83.5,18.0,14.1,14.5
504.271,72,108.0,900.0,74.0,15.0,8.88,83.5,18.0,14.1,14.5
504.361,72,108.0,900.0,74.0,15.0,20.19,83.5,18.0,14.1,14.5
504.451,72,108.0,900.0,74.0,15.0,20.19,83.5,18.0,14.1,14.5
505.021,72,108.0,900.0,74.0,15.0,17.55,83.5,18.0,14.1,14.5
505.111,72,108.0,900.0,74.0,15.0,17.55,83.5,18.0,14.1,14.5
505.201,72,108.0,900.0,74.0,15.0,17.55,83.5,18.0,14.1,14.5
505.621,72,108.0,900.0,68.0,15.0,17.55,83.5,18.0,14.1,14.5
505.891,72,108.0,900.0,68.0,15.0,17.55,83.5,18.0,14.1,14.5
505.982,72,108.0,900.0,68.0,15.0,17.55,83.5,18.0,14.1,14.5
506.521,72,108.0,900.0,68.0,15.0,17.55,83.5,18.0,14.1,14.5
506.911,72,108.0,1720.0,68.0,15.0,17.55,83.5,18.0,14.1,14.5
507.061,72,108.0,1720.0,68.0,20.0,17.55,83.5,18.0,14.1,14.5
507.151,72,108.0,1720.0,68.0,20.0,16.3,83.5,18.0,14.1,14.5
507.241,72,108.0,1720.0,68.0,20.0,16.3,83.5,18.0,14.1,14.5
507.331,72,108.0,1720.0,68.0,20.0,16.3,83.5,18.0,14.1,14.5
507.421,72,108.0,1720.0,68.0,20.0,16.3,83.5,18.0,14.1,14.5
507.511,72,108.0,1720.0,68.0,20.0,16.3,83.5,18.0,14.1,14.5
507.601,73,108.0,1720.0,68.0,20.0,16.3,83.5,18.0,14.1,14.5
507.691,73,112.0,1720.0,68.0,20.0,16.3,83.5,18.0,14.1,14.5
507.783,73,112.0,1718.0,68.0,20.0,16.3,83.5,18.0,14.1,14.5
507.872,73,112.0,1718.0,67.0,20.0,16.3,83.5,18.0,14.1,14.5
507.961,73,112.0,1718.0,67.0,20.0,16.3,83.5,18.0,14.1,14.5
508.05,73,112.0,1718.0,67.0,20.0,16.72,83.5,18.0,14.1,14.5
508.201,73,112.0,1718.0,67.0,20.0,16.72,83.5,18.0,14.1,14.5
508.291,73,112.0,1718.0,67.0,20.0,16.72,83.5,18.0,14.1,14.5
508.381,73,112.0,1718.0,67.0,20.0,16.72,83.5,18.0,14.1,14.5
508.471,73,112.0,1718.0,67.0,20.0,16.72,83.5,18.0,14.1,14.5
508.56,73,112.0,1718.0,67.0,20.0,16.72,83.5,18.0,14.1,14.5
508.651,73,117.0,1718.0,67.0,20.0,16.72,83.5,18.0,14.1,14.5
508.741,73,117.0,1711.0,67.0,20.0,16.72,83.5,18.0,14.1,14.5
508.831,73,117.0,1711.0,67.0,20.0,16.72,83.5,18.0,14.1,14.5
508.921,73,117.0,1711.0,67.0,20.0,16.72,83.5,18.0,14.1,14.5
509.011,73,117.0,1711.0,67.0,20.0,16.22,83.5,18.0,14.1,14.5
509.101,73,117.0,1711.0,67.0,20.0,16.22,83.5,18.0,14.1,14.5
509.191,73,117.0,1711.0,67.0,20.0,16.22,83.5,18.0,14.1,14.5
509.281,73,117.0,1711.0,67.0,20.0,16.22,83.5,18.0,14.1,14.5
509.371,73,117.0,1711.0,67.0,20.0,16.22,83.5,18.0,14.1,14.5
509.461,73,117.0,1711.0,67.0,20.0,16.22,83.5,18.0,14.1,14.5
509.551,73,119.0,1711.0,67.0,20.0,16.22,83.5,18.0,14.1,14.5
509.641,73,119.0,1710.0,67.0,20.0,16.22,83.5,18.0,14.1,14.5
509.731,73,119.0,1710.0,67.0,20.0,16.22,83.5,18.0,14.1,14.5
509.821,73,119.0,1710.0,67.0,20.0,16.22,83.5,18.0,14.1,14.5
509.911,73,119.0,1710.0,67.0,20.0,16.72,83.5,18.0,14.1,14.5
510.001,73,119.0,1710.0,67.0,20.0,16.72,83.5,18.0,14.1,14.5
510.091,73,119.0,1710.0,67.0,20.0,16.72,83.5,18.0,14.1,14.5
510.181,73,119.0,1710.0,67.0,20.0,16.72,83.5,18.0,14.1,14.5
510.271,73,119.0,1710.0,67.0,20.0,16.72,83.5,18.0,14.1,14.5
510.361,73,119.0,1710.0,67.0,20.0,16.72,83.5,18.0,14.1,14.5
510.453,73,120.0,1710.0,67.0,20.0,16.72,83.5,18.0,14.1,14.5
510.54,73,120.0,1710.0,67.0,20.0,16.72,83.5,18.0,14.1,14.5
510.662,73,120.0,1710.0,67.0,20.0,16.72,83.5,18.0,14.1,14.5
510.751,73,120.0,1710.0,67.0,20.0,16.72,83.5,18.0,14.1,14.5
510.841,73,120.0,1710.0,67.0,20.0,16.86,83.5,18.0,14.1,14.5
510.931,73,120.0,1710.0,67.0,20.0,16.86,83.5,18.0,14.1,14.5
511.021,73,120.0,1710.0,67.0,20.0,16.86,83.5,18.0,14.1,14.5
511.111,73,120.0,1710.0,67.0,20.0,16.86,83.5,18.0,14.1,14.5
511.202,73,120.0,1710.0,67.0,20.0,16.86,83.5,18.0,14.1,14.5
511.291,73,120.0,1710.0,67.0,20.0,16.86,83.5,18.0,14.1,14.5
511.38,73,120.0,1710.0,67.0,20.0,16.86,83.5,18.0,14.1,14.5
511.471,73,120.0,1711.0,67.0,20.0,16.86,83.5,18.0,14.1,14.5
511.561,73,120.0,1711.0,67.0,20.0,16.86,83.5,18.0,14.1,14.5
511.651,73,120.0,1711.0,67.0,20.0,16.86,83.5,18.0,14.1,14.5
511.741,73,120.0,1711.0,67.0,20.0,16.91,83.5,18.0,14.1,14.5
511.831,73,120.0,1711.0,67.0,20.0,16.91,83.5,18.0,14.1,14.5
511.922,73,120.0,1711.0,67.0,20.0,16.91,83.5,18.0,14.1,14.5
512.011,73,120.0,1711.0,67.0,20.0,16.91,83.5,18.0,14.1,14.5
512.101,73,120.0,1711.0,67.0,20.0,16.91,83.5,18.0,14.1,14.5
512.191,73,120.0,1711.0,67.0,20.0,16.91,83.5,18.0,14.1,14.5
512.281,73,120.0,1711.0,67.0,20.0,16.91,83.5,18.0,14.1,14.5
512.371,73,120.0,1712.0,67.0,20.0,16.91,83.5,18.0,14.1,14.5
512.461,73,120.0,1712.0,67.0,20.0,16.91,83.5,18.0,14.1,14.5
512.551,73,120.0,1712.0,67.0,20.0,16.91,83.5,18.0,14.1,14.5
512.641,73,120.0,1712.0,67.0,20.0,16.91,83.5,18.0,14.1,14.5
512.731,73,120.0,1712.0,67.0,20.0,16.91,83.5,18.0,14.1,14.5
512.821,73,120.0,1712.0,67.0,20.0,16.91,83.5,18.0,14.1,14.5
512.911,73,120.0,1712.0,67.0,20.0,16.91,83.5,18.0,14.1,14.5
513.001,73,120.0,1712.0,67.0,20.0,16.91,83.5,18.0,14.1,14.1
513.091,73,120.0,1712.0,67.0,20.0,16.91,83.5,18.0,14.1,14.1
513.182,73,120.0,1712.0,67.0,20.0,16.91,83.5,18.0,14.1,14.1
513.271,73,120.0,1716.0,67.0,20.0,16.91,83.5,18.0,14.1,14.1
513.361,73,120.0,1716.0,67.0,20.0,16.91,83.5,18.0,14.1,14.1
513.451,73,120.0,1716.0,67.0,20.0,16.91,83.5,18.0,14.1,14.1
513.541,73,120.0,1716.0,67.0,20.0,17.16,83.5,18.0,14.1,14.1
513.661,73,120.0,1716.0,67.0,20.0,17.16,83.5,18.0,14.1,14.1
513.751,73,120.0,1716.0,67.0,20.0,17.16,83.5,18.0,14.1,14.1
513.841,73,120.0,1716.0,67.0,20.0,17.16,83.5,18.0,14.1,14.1
513.938,73,120.0,1716.0,67.0,20.0,17.16,83.5,18.0,14.1,14.5
514.021,73,120.0,1716.0,67.0,20.0,17.16,83.5,18.0,14.1,14.5
514.111,73,120.0,1716.0,67.0,20.0,17.16,83.5,18.0,14.1,14.5
514.201,73,120.0,1716.0,67.0,20.0,17.16,83.5,18.0,14.1,14.5
514.291,73,120.0,1716.0,67.0,20.0,17.16,83.5,18.0,14.1,14.5
514.381,73,120.0,1716.0,67.0,20.0,17.16,83.5,18.0,14.1,14.5
514.472,73,120.0,1716.0,67.0,20.0,17.19,83.5,18.0,14.1,14.5
514.561,73,120.0,1716.0,67.0,20.0,17.19,83.5,18.0,14.1,14.5
514.651,73,120.0,1716.0,67.0,20.0,17.19,83.5,18.0,14.1,14.5
514.741,73,120.0,1716.0,67.0,20.0,17.19,83.5,18.0,14.1,14.5
514.831,73,120.0,1716.0,67.0,20.0,17.19,83.5,18.0,14.1,14.5
514.922,73,120.0,1716.0,67.0,20.0,17.19,83.5,18.0,14.1,14.5
515.011,73,120.0,1716.0,67.0,20.0,17.19,83.5,18.0,14.1,14.5
515.102,73,120.0,1719.0,67.0,20.0,17.19,83.5,18.0,14.1,14.5
515.191,73,120.0,1719.0,67.0,20.0,17.19,83.5,18.0,14.1,14.5
515.281,73,120.0,1719.0,67.0,20.0,17.19,83.5,18.0,14.1,14.5
515.374,73,120.0,1719.0,67.0,20.0,17.13,83.5,18.0,14.1,14.5
515.462,73,120.0,1719.0,67.0,20.0,17.13,83.5,18.0,14.1,14.5
515.551,73,120.0,1719.0,67.0,20.0,17.13,83.5,18.0,14.1,14.5
515.641,73,120.0,1719.0,67.0,20.0,17.13,83.5,18.0,14.1,14.5
515.731,73,120.0,1719.0,67.0,20.0,17.13,83.5,18.0,14.1,14.5
515.822,73,120.0,1719.0,67.0,20.0,17.13,83.5,18.0,14.1,14.5
515.911,73,121.0,1719.0,67.0,20.0,17.13,83.5,18.0,14.1,14.5
516.001,73,121.0,1718.0,67.0,20.0,17.13,83.5,18.0,14.1,14.5
516.091,73,121.0,1718.0,67.0,20.0,17.13,83.5,18.0,14.1,14.5
516.271,73,121.0,1718.0,67.0,20.0,17.3,83.5,18.0,14.1,14.5
516.361,73,121.0,1718.0,67.0,20.0,17.3,83.5,18.0,14.1,14.5
516.451,73,121.0,1718.0,67.0,20.0,17.3,83.5,18.0,14.1,14.5
516.541,73,121.0,1718.0,67.0,20.0,17.3,83.5,18.0,14.1,14.5
516.661,73,121.0,1718.0,67.0,20.0,17.3,83.5,18.0,14.1,14.5
516.751,73,121.0,1718.0,67.0,20.0,17.3,83.5,18.0,14.1,14.5
516.841,73,121.0,1718.0,67.0,20.0,17.3,83.5,18.0,14.1,14.5
516.931,73,121.0,1718.0,67.0,20.0,17.3,83.5,18.0,14.1,14.5
517.022,73,121.0,1718.0,67.0,20.0,17.3,83.5,18.0,14.1,14.5
517.111,73,121.0,1718.0,67.0,20.0,17.3,83.5,18.0,14.1,14.5
517.201,73,121.0,1718.0,67.0,20.0,17.33,83.5,18.0,14.1,14.5
517.321,73,121.0,1718.0,67.0,20.0,17.33,83.5,18.0,14.1,14.5
517.411,73,121.0,1718.0,67.0,20.0,17.33,83.5,18.0,14.1,14.5
517.5,73,121.0,1718.0,67.0,20.0,17.33,83.5,18.0,14.1,14.5
517.591,73,121.0,1718.0,67.0,20.0,17.33,83.5,18.0,14.1,14.5
517.711,73,121.0,1718.0,67.0,20.0,17.33,83.5,18.0,14.1,14.5
517.801,73,116.0,1718.0,67.0,20.0,17.33,83.5,18.0,14.1,14.5
517.891,73,116.0,1701.0,67.0,20.0,17.33,83.5,18.0,14.1,14.5
517.981,73,116.0,1701.0,66.0,20.0,17.33,83.5,18.0,14.1,14.5
518.101,73,116.0,1701.0,66.0,20.0,17.33,83.5,18.0,14.1,14.5
518.193,73,116.0,1701.0,66.0,20.0,16.55,83.5,18.0,14.1,14.5
518.281,73,116.0,1701.0,66.0,20.0,16.55,83.5,18.0,14.1,14.5
518.371,73,116.0,1701.0,66.0,20.0,16.55,83.5,18.0,14.1,14.5
518.461,73,116.0,1701.0,66.0,20.0,16.55,83.5,18.0,14.1,14.5
518.551,73,116.0,1701.0,66.0,20.0,16.55,83.5,18.0,14.1,14.5
518.641,73,116.0,1701.0,66.0,20.0,16.55,83.5,18.0,14.1,14.5
518.731,73,117.0,1701.0,66.0,20.0,16.55,83.5,18.0,14.1,14.5
518.821,73,117.0,1671.0,66.0,20.0,16.55,83.5,18.0,14.1,14.5
518.911,73,117.0,1671.0,65.0,20.0,16.55,83.5,18.0,14.1,14.5
519.001,73,117.0,1671.0,65.0,19.0,16.55,83.5,18.0,14.1,14.5
519.091,73,117.0,1671.0,65.0,19.0,16.52,83.5,18.0,14.1,14.5
519.181,73,117.0,1671.0,65.0,19.0,16.52,83.5,18.0,14.1,14.5
519.272,73,117.0,1671.0,65.0,19.0,16.52,83.5,18.0,14.1,14.5
519.361,73,117.0,1671.0,65.0,19.0,16.52,83.5,18.0,14.1,14.5
519.451,73,117.0,1671.0,65.0,19.0,16.52,83.5,18.0,14.1,14.5
519.541,73,117.0,1671.0,65.0,19.0,16.52,83.5,18.0,14.1,14.5
519.631,73,118.0,1671.0,65.0,19.0,16.52,83.5,18.0,14.1,14.5
519.721,73,118.0,1633.0,65.0,19.0,16.52,83.5,18.0,14.1,14.5
519.811,73,118.0,1633.0,63.0,19.0,16.52,83.5,18.0,14.1,14.5
519.901,73,118.0,1633.0,63.0,19.0,16.52,83.5,18.0,14.1,14.5
519.991,73,118.0,1633.0,63.0,19.0,16.33,83.5,18.0,14.1,14.5
520.081,73,118.0,1633.0,63.0,19.0,16.33,83.5,18.0,14.1,14.5
520.171,73,118.0,1633.0,63.0,19.0,16.33,83.5,18.0,14.1,14.5
520.261,73,118.0,1633.0,63.0,19.0,16.33,83.5,18.0,14.1,14.5
520.351,73,118.0,1633.0,63.0,19.0,16.33,83.5,18.0,14.1,14.5
520.441,73,118.0,1633.0,63.0,19.0,16.33,83.5,18.0,14.1,14.5
520.531,73,117.0,1633.0,63.0,19.0,16.33,83.5,18.0,14.1,14.5
520.621,73,117.0,1597.0,63.0,19.0,16.33,83.5,18.0,14.1,14.5
520.711,73,117.0,1597.0,62.0,19.0,16.33,83.5,18.0,14.1,14.5
520.801,73,117.0,1597.0,62.0,19.0,16.33,83.5,18.0,14.1,14.5
520.891,73,117.0,1597.0,62.0,19.0,15.55,83.5,18.0,14.1,14.5
520.981,73,117.0,1597.0,62.0,19.0,15.55,83.5,18.0,14.1,14.5
521.071,73,117.0,1597.0,62.0,19.0,15.55,83.5,18.0,14.1,14.5
521.162,73,117.0,1597.0,62.0,19.0,15.55,83.5,18.0,14.1,14.5
521.251,73,117.0,1597.0,62.0,19.0,15.55,83.5,18.0,14.1,14.5
521.341,74,117.0,1597.0,62.0,19.0,15.55,83.5,18.0,14.1,14.5
521.432,74,116.0,1597.0,62.0,19.0,15.55,83.5,18.0,14.1,14.5
521.521,74,116.0,1560.0,62.0,19.0,15.55,83.5,18.0,14.1,14.5
521.612,74,116.0,1560.0,61.0,19.0,15.55,83.5,18.0,14.1,14.5
521.701,74,116.0,1560.0,61.0,19.0,15.55,83.5,18.0,14.1,14.5
521.791,74,116.0,1560.0,61.0,19.0,15.11,83.5,18.0,14.1,14.5
521.881,74,116.0,1560.0,61.0,19.0,15.11,83.5,18.0,14.1,14.5
521.971,74,116.0,1560.0,61.0,19.0,15.11,83.5,18.0,14.1,14.5
522.061,74,116.0,1560.0,61.0,19.0,15.11,83.5,18.0,14.1,14.5
522.151,74,116.0,1560.0,61.0,19.0,15.11,83.5,18.0,14.1,14.5
522.241,74,116.0,1560.0,61.0,19.0,15.11,83.5,18.0,14.1,14.5
522.331,74,115.0,1560.0,61.0,19.0,15.11,83.5,18.0,14.1,14.5
522.422,74,115.0,1530.0,61.0,19.0,15.11,83.5,18.0,14.1,14.5
522.51,74,115.0,1530.0,59.0,19.0,15.11,83.5,18.0,14.1,14.5
522.6,74,115.0,1530.0,59.0,19.0,15.11,83.5,18.0,14.1,14.5
522.691,74,115.0,1530.0,59.0,19.0,14.99,83.5,18.0,14.1,14.5
522.781,74,115.0,1530.0,59.0,19.0,14.99,83.5,18.0,14.1,14.5
522.871,74,115.0,1530.0,59.0,19.0,14.99,83.5,18.0,14.1,14.5
522.961,74,115.0,1530.0,59.0,19.0,14.99,83.5,18.0,14.1,14.5
523.051,74,115.0,1530.0,59.0,19.0,14.99,83.5,18.0,14.1,14.5
523.171,74,115.0,1530.0,59.0,19.0,14.99,83.5,18.0,14.1,14.5
523.261,74,111.0,1530.0,59.0,19.0,14.99,83.5,18.0,14.1,14.5
523.352,74,111.0,1510.0,59.0,19.0,14.99,83.5,18.0,14.1,14.5
523.447,74,111.0,1510.0,59.0,19.0,14.99,83.5,18.0,14.1,14.5
523.561,74,111.0,1510.0,59.0,19.0,14.99,83.5,18.0,14.1,14.5
523.651,74,111.0,1510.0,59.0,19.0,13.49,83.5,18.0,14.1,14.5
523.741,74,111.0,1510.0,59.0,19.0,13.49,83.5,18.0,14.1,14.5
523.832,74,111.0,1510.0,59.0,19.0,13.49,83.5,18.0,14.1,14.5
523.921,74,111.0,1510.0,59.0,19.0,13.49,83.5,18.0,14.1,14.5
524.011,74,111.0,1510.0,59.0,19.0,13.49,83.5,18.0,14.1,14.5
524.101,74,111.0,1510.0,59.0,19.0,13.49,83.5,18.0,14.1,14.5
524.191,74,107.0,1510.0,59.0,19.0,13.49,83.5,18.0,14.1,14.5
524.282,74,107.0,1493.0,59.0,19.0,13.49,83.5,18.0,14.1,14.5
524.371,74,107.0,1493.0,58.0,19.0,13.49,83.5,18.0,14.1,14.5
524.482,74,107.0,1493.0,58.0,19.0,13.49,83.5,18.0,14.1,14.5
524.58,74,107.0,1493.0,58.0,19.0,13.38,83.5,18.0,14.1,14.5
524.671,74,107.0,1493.0,58.0,19.0,13.38,83.5,18.0,14.1,14.5
524.762,74,107.0,1493.0,58.0,19.0,13.38,83.5,18.0,14.1,14.5
524.851,74,107.0,1493.0,58.0,19.0,13.38,83.5,18.0,14.1,14.5
524.941,74,107.0,1493.0,58.0,19.0,13.38,83.5,18.0,14.1,14.5
525.031,74,107.0,1493.0,58.0,19.0,13.38,83.5,18.0,14.1,14.5
525.121,74,110.0,1493.0,58.0,19.0,13.38,83.5,18.0,14.1,14.5
525.211,74,110.0,1484.0,58.0,19.0,13.38,83.5,18.0,14.1,14.5
525.301,74,110.0,1484.0,58.0,19.0,13.38,83.5,18.0,14.1,14.5
525.393,74,110.0,1484.0,58.0,19.0,13.38,83.5,18.0,14.1,14.5
525.481,74,110.0,1484.0,58.0,19.0,13.47,83.5,18.0,14.1,14.5
525.571,74,110.0,1484.0,58.0,19.0,13.47,83.5,18.0,14.1,14.5
525.661,74,110.0,1484.0,58.0,19.0,13.47,83.5,18.0,14.1,14.5
525.751,74,110.0,1484.0,58.0,19.0,13.47,83.5,18.0,14.1,14.5
525.841,74,110.0,1484.0,58.0,19.0,13.47,83.5,18.0,14.1,14.5
525.931,74,110.0,1484.0,58.0,19.0,13.47,83.5,18.0,14.1,14.5
526.021,74,113.0,1484.0,58.0,19.0,13.47,83.5,18.0,14.1,14.5
526.111,74,113.0,1476.0,58.0,19.0,13.47,83.5,18.0,14.1,14.5
526.201,74,113.0,1476.0,57.0,19.0,13.47,83.5,18.0,14.1,14.5
526.292,74,113.0,1476.0,57.0,19.0,13.47,83.5,18.0,14.1,14.5
526.381,74,113.0,1476.0,57.0,19.0,13.99,83.5,18.0,14.1,14.5
526.47,74,113.0,1476.0,57.0,19.0,13.99,83.5,18.0,14.1,14.5
526.56,74,113.0,1476.0,57.0,19.0,13.99,83.5,18.0,14.1,14.5
526.651,74,113.0,1476.0,57.0,19.0,13.99,83.5,18.0,14.1,14.5
526.741,74,113.0,1476.0,57.0,19.0,13.99,83.5,18.0,14.1,14.5
526.831,74,113.0,1476.0,57.0,19.0,13.99,83.5,18.0,14.1,14.5
526.922,74,114.0,1476.0,57.0,19.0,13.99,83.5,18.0,14.1,14.5
527.011,74,114.0,1470.0,57.0,19.0,13.99,83.5,18.0,14.1,14.5
527.101,74,114.0,1470.0,57.0,19.0,13.99,83.5,18.0,14.1,14.5
527.191,74,114.0,1470.0,57.0,19.0,13.99,83.5,18.0,14.1,14.5
527.281,74,114.0,1470.0,57.0,19.0,14.44,83.5,18.0,14.1,14.5
527.372,74,114.0,1470.0,57.0,19.0,14.44,83.5,18.0,14.1,14.5
527.461,74,114.0,1470.0,57.0,19.0,14.44,83.5,18.0,14.1,14.5
527.55,74,114.0,1470.0,57.0,19.0,14.44,83.5,18.0,14.1,14.5
527.641,74,114.0,1470.0,57.0,19.0,14.44,83.5,18.0,14.1,14.5
527.731,74,114.0,1470.0,57.0,19.0,14.44,83.5,18.0,14.1,14.5
527.821,74,116.0,1470.0,57.0,19.0,14.44,83.5,18.0,14.1,14.5
527.911,74,116.0,1459.0,57.0,19.0,14.44,83.5,18.0,14.1,14.5
528.001,74,116.0,1459.0,57.0,19.0,14.44,83.5,18.0,14.1,14.5
528.091,74,116.0,1459.0,57.0,19.0,14.44,83.5,18.0,14.1,14.5
528.212,74,116.0,1459.0,57.0,19.0,14.36,83.5,18.0,14.1,14.5
528.301,74,116.0,1459.0,57.0,19.0,14.36,83.5,18.0,14.1,14.5
528.391,74,116.0,1459.0,57.0,19.0,14.36,83.5,18.0,14.1,14.5
528.482,74,116.0,1459.0,57.0,19.0,14.36,83.5,18.0,14.1,14.5
528.571,74,116.0,1459.0,57.0,19.0,14.36,83.5,18.0,14.1,14.5
528.661,74,116.0,1459.0,57.0,19.0,14.36,83.5,18.0,14.1,14.5
528.751,74,118.0,1459.0,57.0,19.0,14.36,83.5,18.0,14.1,14.5
528.841,74,118.0,1452.0,57.0,19.0,14.36,83.5,18.0,14.1,14.5
528.932,74,118.0,1452.0,56.0,19.0,14.36,83.5,18.0,14.1,14.5
529.022,74,118.0,1452.0,56.0,19.0,14.36,83.5,18.0,14.1,14.5
529.111,74,118.0,1452.0,56.0,19.0,15.8,83.5,18.0,14.1,14.5
529.202,74,118.0,1452.0,56.0,19.0,15.8,83.5,18.0,14.1,14.5
529.291,74,118.0,1452.0,56.0,19.0,15.8,83.5,18.0,14.1,14.5
529.381,74,118.0,1452.0,56.0,19.0,15.8,83.5,18.0,14.1,14.5
529.472,74,118.0,1452.0,56.0,19.0,15.8,83.5,18.0,14.1,14.5
529.561,74,118.0,1452.0,56.0,19.0,15.8,83.5,18.0,14.1,14.5
529.651,74,121.0,1452.0,56.0,19.0,15.8,83.5,18.0,14.1,14.5
529.741,74,121.0,1446.0,56.0,19.0,15.8,83.5,18.0,14.1,14.5
529.831,74,121.0,1446.0,56.0,19.0,15.8,83.5,18.0,14.1,14.5
529.95,74,121.0,1446.0,56.0,19.0,15.8,83.5,18.0,14.1,14.5
530.04,74,121.0,1446.0,56.0,19.0,16.24,83.5,18.0,14.1,14.5
530.13,74,121.0,1446.0,56.0,19.0,16.24,83.5,18.0,14.1,14.5
530.22,74,121.0,1446.0,56.0,19.0,16.24,83.5,18.0,14.1,14.5
530.31,74,121.0,1446.0,56.0,19.0,16.24,83.5,18.0,14.1,14.5
530.4,74,121.0,1446.0,56.0,19.0,16.24,83.5,18.0,14.1,14.5
530.49,74,121.0,1446.0,56.0,19.0,16.24,83.5,18.0,14.1,14.5
530.58,74,125.0,1446.0,56.0,19.0,16.24,83.5,18.0,14.1,14.5
530.67,74,125.0,1446.0,56.0,19.0,16.24,83.5,18.0,14.1,14.5
530.76,74,125.0,1446.0,56.0,19.0,16.24,83.5,18.0,14.1,14.5
530.85,74,125.0,1446.0,56.0,20.0,16.24,83.5,18.0,14.1,14.5
530.94,74,125.0,1446.0,56.0,20.0,17.08,83.5,18.0,14.1,14.5
531.03,74,125.0,1446.0,56.0,20.0,17.08,83.5,18.0,14.1,14.5
531.12,74,125.0,1446.0,56.0,20.0,17.08,83.5,18.0,14.1,14.5
531.21,74,125.0,1446.0,56.0,20.0,17.08,83.5,18.0,14.1,14.5
531.3,74,125.0,1446.0,56.0,20.0,17.08,83.5,18.0,14.1,14.5
531.39,74,125.0,1446.0,56.0,20.0,17.08,83.5,18.0,14.1,14.5
531.48,74,126.0,1446.0,56.0,20.0,17.08,83.5,18.0,14.1,14.5
531.57,74,126.0,1446.0,56.0,20.0,17.08,83.5,18.0,14.1,14.5
531.66,74,126.0,1446.0,56.0,20.0,17.08,83.5,18.0,14.1,14.5
531.75,74,126.0,1446.0,56.0,20.0,17.08,83.5,18.0,14.1,14.5
531.84,74,126.0,1446.0,56.0,20.0,17.24,83.5,18.0,14.1,14.5
531.93,74,126.0,1446.0,56.0,20.0,17.24,83.5,18.0,14.1,14.5
532.02,74,126.0,1446.0,56.0,20.0,17.24,83.5,18.0,14.1,14.5
532.11,74,126.0,1446.0,56.0,20.0,17.24,83.5,18.0,14.1,14.5
532.2,74,126.0,1446.0,56.0,20.0,17.24,83.5,18.0,14.1,14.5
532.29,74,126.0,1446.0,56.0,20.0,17.24,83.5,18.0,14.1,14.5
532.38,74,126.0,1446.0,56.0,20.0,17.24,83.5,18.0,14.1,14.5
532.47,74,126.0,1450.0,56.0,20.0,17.24,83.5,18.0,14.1,14.5
532.56,74,126.0,1450.0,56.0,20.0,17.24,83.5,18.0,14.1,14.5
532.65,74,126.0,1450.0,56.0,20.0,17.24,83.5,18.0,14.1,14.5
532.74,74,126.0,1450.0,56.0,20.0,17.33,83.5,18.0,14.1,14.5
532.83,74,126.0,1450.0,56.0,20.0,17.33,83.5,18.0,14.1,14.5
532.92,74,126.0,1450.0,56.0,20.0,17.33,83.5,18.0,14.1,14.5
533.01,74,126.0,1450.0,56.0,20.0,17.33,83.5,18.0,14.1,14.5
533.13,74,126.0,1450.0,56.0,20.0,17.33,83.5,18.0,14.1,14.5
533.221,74,126.0,1450.0,56.0,20.0,17.33,83.5,18.0,14.1,14.5
533.31,74,126.0,1450.0,56.0,20.0,17.33,83.5,18.0,14.1,14.5
533.4,74,126.0,1453.0,56.0,20.0,17.33,83.5,18.0,14.1,14.5
533.49,74,126.0,1453.0,57.0,20.0,17.33,83.5,18.0,14.1,14.5
533.58,74,126.0,1453.0,57.0,20.0,17.33,83.5,18.0,14.1,14.5
533.67,74,126.0,1453.0,57.0,20.0,17.05,83.5,18.0,14.1,14.5
533.76,74,126.0,1453.0,57.0,20.0,17.05,83.5,18.0,14.1,14.5
533.85,74,126.0,1453.0,57.0,20.0,17.05,83.5,18.0,14.1,14.5
533.94,74,126.0,1453.0,57.0,20.0,17.05,83.5,18.0,14.1,14.5
534.03,74,126.0,1453.0,57.0,20.0,17.05,83.5,18.0,14.1,14.5
534.12,74,126.0,1453.0,57.0,20.0,17.05,83.5,18.0,14.1,14.5
534.21,74,126.0,1453.0,57.0,20.0,17.05,83.5,18.0,14.1,14.5
534.3,74,126.0,1461.0,57.0,20.0,17.05,83.5,18.0,14.1,14.5
534.39,74,126.0,1461.0,57.0,20.0,17.05,83.5,18.0,14.1,14.5
534.48,74,126.0,1461.0,57.0,20.0,17.05,83.5,18.0,14.1,14.5
534.57,74,126.0,1461.0,57.0,20.0,16.99,83.5,18.0,14.1,14.5
534.66,74,126.0,1461.0,57.0,20.0,16.99,83.5,18.0,14.1,14.5
534.75,74,126.0,1461.0,57.0,20.0,16.99,83.5,18.0,14.1,14.5
534.84,74,126.0,1461.0,57.0,20.0,16.99,83.5,18.0,14.1,14.5
534.931,74,126.0,1461.0,57.0,20.0,16.99,83.5,18.0,14.1,14.5
535.02,74,126.0,1461.0,57.0,20.0,16.99,83.5,18.0,14.1,14.5
535.111,74,125.0,1461.0,57.0,20.0,16.99,83.5,18.0,14.1,14.5
535.201,74,125.0,1464.0,57.0,20.0,16.99,83.5,18.0,14.1,14.5
535.29,74,125.0,1464.0,57.0,20.0,16.99,83.5,18.0,14.1,14.5
535.381,74,125.0,1464.0,57.0,19.0,16.99,83.5,18.0,14.1,14.5
535.47,74,125.0,1464.0,57.0,19.0,17.02,83.5,18.0,14.1,14.5
535.56,74,125.0,1464.0,57.0,19.0,17.02,83.5,18.0,14.1,14.5
535.65,74,125.0,1464.0,57.0,19.0,17.02,83.5,18.0,14.1,14.5
535.74,74,125.0,1464.0,57.0,19.0,17.02,83.5,18.0,14.1,14.5
535.831,74,125.0,1464.0,57.0,19.0,17.02,83.5,18.0,14.1,14.5
535.922,74,125.0,1464.0,57.0,19.0,17.02,83.5,18.0,14.1,14.5
536.011,74,124.0,1464.0,57.0,19.0,17.02,83.5,18.0,14.1,14.5
536.101,74,124.0,1472.0,57.0,19.0,17.02,83.5,18.0,14.1,14.5
536.191,74,124.0,1472.0,57.0,19.0,17.02,83.5,18.0,14.1,14.5
536.28,74,124.0,1472.0,57.0,19.0,17.02,83.5,18.0,14.1,14.5
536.37,74,124.0,1472.0,57.0,19.0,16.97,83.5,18.0,14.1,14.5
536.46,74,124.0,1472.0,57.0,19.0,16.97,83.5,18.0,14.1,14.5
536.551,74,124.0,1472.0,57.0,19.0,16.97,83.5,18.0,14.1,14.5
536.641,74,124.0,1472.0,57.0,19.0,16.97,83.5,18.0,14.1,14.5
536.731,74,124.0,1472.0,57.0,19.0,16.97,83.5,18.0,14.1,14.5
536.821,75,124.0,1472.0,57.0,19.0,16.97,83.5,18.0,14.1,14.5
536.911,75,123.0,1472.0,57.0,19.0,16.97,83.5,18.0,14.1,14.5
537.001,75,123.0,1480.0,57.0,19.0,16.97,83.5,18.0,14.1,14.5
537.091,75,123.0,1480.0,58.0,19.0,16.97,83.5,18.0,14.1,14.5
537.181,75,123.0,1480.0,58.0,19.0,16.97,83.5,18.0,14.1,14.5
537.271,75,123.0,1480.0,58.0,19.0,16.47,83.5,18.0,14.1,14.5
537.362,75,123.0,1480.0,58.0,19.0,16.47,83.5,18.0,14.1,14.5
537.45,75,123.0,1480.0,58.0,19.0,16.47,83.5,18.0,14.1,14.5
537.541,75,123.0,1480.0,58.0,19.0,16.47,83.5,18.0,14.1,14.5
537.631,75,123.0,1480.0,58.0,19.0,16.47,83.5,18.0,14.1,14.5
537.721,75,123.0,1480.0,58.0,19.0,16.47,83.5,18.0,14.1,14.5
537.811,75,121.0,1480.0,58.0,19.0,16.47,83.5,18.0,14.1,14.5
537.901,75,121.0,1484.0,58.0,19.0,16.47,83.5,18.0,14.1,14.5
537.991,75,121.0,1484.0,58.0,19.0,16.47,83.5,18.0,14.1,14.5
538.111,75,121.0,1484.0,58.0,19.0,16.47,83.5,18.0,14.1,14.5
538.202,75,121.0,1484.0,58.0,19.0,16.13,83.5,18.0,14.1,14.5
538.292,75,121.0,1484.0,58.0,19.0,16.13,83.5,18.0,14.1,14.5
538.381,75,121.0,1484.0,58.0,19.0,16.13,83.5,18.0,14.1,14.5
538.471,75,121.0,1484.0,58.0,19.0,16.13,83.5,18.0,14.1,14.5
538.561,75,121.0,1484.0,58.0,19.0,16.13,83.5,18.0,14.1,14.1
538.651,75,121.0,1484.0,58.0,19.0,16.13,83.5,18.0,14.1,14.1
538.742,75,120.0,1484.0,58.0,19.0,16.13,83.5,18.0,14.1,14.1
538.832,75,120.0,1492.0,58.0,19.0,16.13,83.5,18.0,14.1,14.1
538.922,75,120.0,1492.0,58.0,19.0,16.13,83.5,18.0,14.1,14.1
539.012,75,120.0,1492.0,58.0,19.0,16.13,83.5,18.0,14.1,14.1
539.101,75,120.0,1492.0,58.0,19.0,15.86,83.5,18.0,14.1,14.1
539.191,75,120.0,1492.0,58.0,19.0,15.86,83.5,18.0,14.1,14.1
539.281,75,120.0,1492.0,58.0,19.0,15.86,83.5,18.0,14.1,14.1
539.373,75,120.0,1492.0,58.0,19.0,15.86,83.5,18.0,14.1,14.1
539.461,75,120.0,1492.0,58.0,19.0,15.86,83.5,18.0,14.1,14.5
539.551,75,120.0,1492.0,58.0,19.0,15.86,83.5,18.0,14.1,14.5
539.641,75,118.0,1492.0,58.0,19.0,15.86,83.5,18.0,14.1,14.5
539.732,75,118.0,1494.0,58.0,19.0,15.86,83.5,18.0,14.1,14.5
539.821,75,118.0,1494.0,58.0,19.0,15.86,83.5,18.0,14.1,14.5
539.911,75,118.0,1494.0,58.0,19.0,15.86,83.5,18.0,14.1,14.5
540.001,75,118.0,1494.0,58.0,19.0,15.38,83.5,18.0,14.1,14.5
540.092,75,118.0,1494.0,58.0,19.0,15.38,83.5,18.0,14.1,14.5
540.181,75,118.0,1494.0,58.0,19.0,15.38,83.5,18.0,14.1,14.5
540.271,75,118.0,1494.0,58.0,19.0,15.38,83.5,18.0,14.1,14.5
540.361,75,118.0,1494.0,58.0,19.0,15.38,83.5,18.0,14.1,14.5
540.459,75,118.0,1494.0,58.0,19.0,15.38,83.5,18.0,14.1,14.5
540.541,75,116.0,1494.0,58.0,19.0,15.38,83.5,18.0,14.1,14.5
540.631,75,116.0,1496.0,58.0,19.0,15.38,83.5,18.0,14.1,14.5
540.721,75,116.0,1496.0,58.0,19.0,15.38,83.5,18.0,14.1,14.5
540.811,75,116.0,1496.0,58.0,19.0,15.38,83.5,18.0,14.1,14.5
540.901,75,116.0,1496.0,58.0,19.0,15.3,83.5,18.0,14.1,14.5
540.991,75,116.0,1496.0,58.0,19.0,15.3,83.5,18.0,14.1,14.5
541.081,75,116.0,1496.0,58.0,19.0,15.3,83.5,18.0,14.1,14.5
541.172,75,116.0,1496.0,58.0,19.0,15.3,83.5,18.0,14.1,14.5
541.261,75,116.0,1496.0,58.0,19.0,15.3,83.5,18.0,14.1,14.5
541.351,75,116.0,1496.0,58.0,19.0,15.3,83.5,18.0,14.1,14.5
541.441,75,116.0,1496.0,58.0,19.0,15.3,83.5,18.0,14.1,14.5
541.531,75,116.0,1495.0,58.0,19.0,15.3,83.5,18.0,14.1,14.5
541.623,75,116.0,1495.0,58.0,19.0,15.3,83.5,18.0,14.1,14.5
541.711,75,116.0,1495.0,58.0,19.0,15.3,83.5,18.0,14.1,14.5
541.803,75,116.0,1495.0,58.0,19.0,15.02,83.5,18.0,14.1,14.5
541.891,75,116.0,1495.0,58.0,19.0,15.02,83.5,18.0,14.1,14.5
541.982,75,116.0,1495.0,58.0,19.0,15.02,83.5,18.0,14.1,14.5
542.075,75,116.0,1495.0,58.0,19.0,15.02,83.5,18.0,14.1,14.5
542.162,75,116.0,1495.0,58.0,19.0,15.02,83.5,18.0,14.1,14.5
542.251,75,116.0,1495.0,58.0,19.0,15.02,83.5,18.0,14.1,14.5
542.341,75,116.0,1495.0,58.0,19.0,15.02,83.5,18.0,14.1,14.5
542.432,75,116.0,1498.0,58.0,19.0,15.02,83.5,18.0,14.1,14.5
542.522,75,116.0,1498.0,58.0,19.0,15.02,83.5,18.0,14.1,14.5
542.611,75,116.0,1498.0,58.0,19.0,15.02,83.5,18.0,14.1,14.5
542.701,75,116.0,1498.0,58.0,19.0,15.3,83.5,18.0,14.1,14.5
542.821,75,116.0,1498.0,58.0,19.0,15.3,83.5,18.0,14.1,14.5
542.911,75,116.0,1498.0,58.0,19.0,15.3,83.5,18.0,14.1,14.5
543.001,75,116.0,1498.0,58.0,19.0,15.3,83.5,18.0,14.1,14.5
543.092,75,116.0,1498.0,58.0,19.0,15.3,83.5,18.0,14.1,14.5
543.182,75,116.0,1498.0,58.0,19.0,15.3,83.5,18.0,14.1,14.5
543.272,75,115.0,1498.0,58.0,19.0,15.3,83.5,18.0,14.1,14.5
543.361,75,115.0,1501.0,58.0,19.0,15.3,83.5,18.0,14.1,14.5
543.451,75,115.0,1501.0,58.0,19.0,15.3,83.5,18.0,14.1,14.5
543.54,75,115.0,1501.0,58.0,19.0,15.3,83.5,18.0,14.1,14.5
543.631,75,115.0,1501.0,58.0,19.0,14.72,83.5,18.0,14.1,14.5
543.721,75,115.0,1501.0,58.0,19.0,14.72,83.5,18.0,14.1,14.5
543.811,75,115.0,1501.0,58.0,19.0,14.72,83.5,18.0,14.1,14.5
543.901,75,115.0,1501.0,58.0,19.0,14.72,83.5,18.0,14.1,14.5
543.993,75,115.0,1501.0,58.0,19.0,14.72,83.5,18.0,14.1,14.5
544.081,75,115.0,1501.0,58.0,19.0,14.72,83.5,18.0,14.1,14.5
544.172,75,115.0,1501.0,58.0,19.0,14.72,83.5,18.0,14.1,14.5
544.261,75,115.0,1501.0,58.0,19.0,14.72,83.5,18.0,14.1,14.5
544.351,75,115.0,1501.0,58.0,19.0,14.72,83.5,18.0,14.1,14.5
544.441,75,115.0,1501.0,58.0,19.0,14.72,83.5,18.0,14.1,14.5
544.531,75,115.0,1501.0,58.0,19.0,14.49,83.5,18.0,14.1,14.5
544.621,75,115.0,1501.0,58.0,19.0,14.49,83.5,18.0,14.1,14.5
544.711,75,115.0,1501.0,58.0,19.0,14.49,83.5,18.0,14.1,14.5
544.801,75,115.0,1501.0,58.0,19.0,14.49,83.5,18.0,14.1,14.5
544.891,75,115.0,1501.0,58.0,19.0,14.49,83.5,18.0,14.1,14.5
544.982,75,115.0,1501.0,58.0,19.0,14.49,83.5,18.0,14.1,14.5
545.072,75,114.0,1501.0,58.0,19.0,14.49,83.5,18.0,14.1,14.5
545.162,75,114.0,1502.0,58.0,19.0,14.49,83.5,18.0,14.1,14.5
545.251,75,114.0,1502.0,59.0,19.0,14.49,83.5,18.0,14.1,14.5
545.341,75,114.0,1502.0,59.0,19.0,14.49,83.5,18.0,14.1,14.5
545.433,75,114.0,1502.0,59.0,19.0,13.69,83.5,18.0,14.1,14.5
545.55,75,114.0,1502.0,59.0,19.0,13.69,83.5,18.0,14.1,14.5
545.641,75,114.0,1502.0,59.0,19.0,13.69,83.5,18.0,14.1,14.5
545.731,75,114.0,1502.0,59.0,19.0,13.69,83.5,18.0,14.1,14.5
545.821,75,114.0,1502.0,59.0,19.0,13.69,83.5,18.0,14.1,14.5
545.912,75,114.0,1502.0,59.0,19.0,13.69,83.5,18.0,14.1,14.5
546.002,75,113.0,1502.0,59.0,19.0,13.69,83.5,18.0,14.1,14.5
546.092,75,113.0,1501.0,59.0,19.0,13.69,83.5,18.0,14.1,14.5
546.181,75,113.0,1501.0,58.0,19.0,13.69,83.5,18.0,14.1,14.5
546.271,75,113.0,1501.0,58.0,19.0,13.69,83.5,18.0,14.1,14.5
546.361,75,113.0,1501.0,58.0,19.0,13.83,83.5,18.0,14.1,14.5
546.453,75,113.0,1501.0,58.0,19.0,13.83,83.5,18.0,14.1,14.5
546.54,75,113.0,1501.0,58.0,19.0,13.83,83.5,18.0,14.1,14.5
546.631,75,113.0,1501.0,58.0,19.0,13.83,83.5,18.0,14.1,14.5
546.721,75,113.0,1501.0,58.0,19.0,13.83,83.5,18.0,14.1,14.5
546.811,75,113.0,1501.0,58.0,19.0,13.83,83.5,18.0,14.1,14.5
546.902,75,112.0,1501.0,58.0,19.0,13.83,83.5,18.0,14.1,14.5
546.992,75,112.0,1499.0,58.0,19.0,13.83,83.5,18.0,14.1,14.5
547.081,75,112.0,1499.0,58.0,19.0,13.83,83.5,18.0,14.1,14.5
547.172,75,112.0,1499.0,58.0,19.0,13.83,83.5,18.0,14.1,14.5
547.261,75,112.0,1499.0,58.0,19.0,13.94,83.5,18.0,14.1,14.5
547.351,75,112.0,1499.0,58.0,19.0,13.94,83.5,18.0,14.1,14.5
547.441,75,112.0,1499.0,58.0,19.0,13.94,83.5,18.0,14.1,14.5
547.531,75,112.0,1499.0,58.0,19.0,13.94,83.5,18.0,14.1,14.5
547.621,75,112.0,1499.0,58.0,19.0,13.94,83.5,18.0,14.1,14.5
547.711,75,112.0,1499.0,58.0,19.0,13.94,83.5,18.0,14.1,14.5
547.801,75,112.0,1499.0,58.0,19.0,13.94,83.5,18.0,14.1,14.5
547.893,75,112.0,1496.0,58.0,19.0,13.94,83.5,18.0,14.1,14.5
547.982,75,112.0,1496.0,58.0,19.0,13.94,83.5,18.0,14.1,14.5
548.071,75,112.0,1496.0,58.0,19.0,13.94,83.5,18.0,14.1,14.5
548.221,75,112.0,1496.0,58.0,19.0,13.66,83.5,18.0,14.1,14.5
548.311,75,112.0,1496.0,58.0,19.0,13.66,83.5,18.0,14.1,14.5
548.372,75,112.0,1496.0,58.0,19.0,13.66,83.5,18.0,14.1,14.5
548.461,75,112.0,1496.0,58.0,19.0,13.66,83.5,18.0,14.1,14.5
548.522,75,112.0,1496.0,58.0,19.0,13.66,83.5,18.0,14.1,14.5
548.611,75,112.0,1496.0,58.0,19.0,13.66,83.5,18.0,14.1,14.5
548.672,75,112.0,1496.0,58.0,19.0,13.66,83.5,18.0,14.1,14.5
548.761,75,112.0,1490.0,58.0,19.0,13.66,83.5,18.0,14.1,14.5
548.824,75,112.0,1490.0,58.0,19.0,13.66,83.5,18.0,14.1,14.5
548.911,75,112.0,1490.0,58.0,19.0,13.66,83.5,18.0,14.1,14.5
548.975,75,112.0,1490.0,58.0,19.0,13.72,83.5,18.0,14.1,14.5
549.061,75,112.0,1490.0,58.0,19.0,13.72,83.5,18.0,14.1,14.5
549.122,75,112.0,1490.0,58.0,19.0,13.72,83.5,18.0,14.1,14.5
549.211,75,112.0,1490.0,58.0,19.0,13.72,83.5,18.0,14.1,14.5
549.274,75,112.0,1490.0,58.0,19.0,13.72,83.5,18.0,14.1,14.5
549.362,75,112.0,1490.0,58.0,19.0,13.72,83.5,18.0,14.1,14.5
549.424,75,112.0,1490.0,58.0,19.0,13.72,83.5,18.0,14.1,14.5
549.511,75,112.0,1487.0,58.0,19.0,13.72,83.5,18.0,14.1,14.5
549.572,75,112.0,1487.0,58.0,19.0,13.72,83.5,18.0,14.1,14.5
549.661,75,112.0,1487.0,58.0,19.0,13.72,83.5,18.0,14.1,14.5
549.723,75,112.0,1487.0,58.0,19.0,13.83,83.5,18.0,14.1,14.5
549.811,75,112.0,1487.0,58.0,19.0,13.83,83.5,18.0,14.1,14.5
549.874,75,112.0,1487.0,58.0,19.0,13.83,83.5,18.0,14.1,14.5
549.961,75,112.0,1487.0,58.0,19.0,13.83,83.5,18.0,14.1,14.5
550.022,75,112.0,1487.0,58.0,19.0,13.83,83.5,18.0,14.1,14.5
550.114,76,112.0,1487.0,58.0,19.0,13.83,83.5,18.0,14.1,14.5
550.175,76,112.0,1487.0,58.0,19.0,13.83,83.5,18.0,14.1,14.5
550.261,76,112.0,1486.0,58.0,19.0,13.83,83.5,18.0,14.1,14.5
550.323,76,112.0,1486.0,58.0,19.0,13.83,83.5,18.0,14.1,14.5
550.411,76,112.0,1486.0,58.0,19.0,13.83,83.5,18.0,14.1,14.5
550.5,76,112.0,1486.0,58.0,19.0,13.97,83.5,18.0,14.1,14.5
550.561,76,112.0,1486.0,58.0,19.0,13.97,83.5,18.0,14.1,14.5
550.621,76,112.0,1486.0,58.0,19.0,13.97,83.5,18.0,14.1,14.5
550.711,76,112.0,1486.0,58.0,19.0,13.97,83.5,18.0,14.1,14.5
550.772,76,112.0,1486.0,58.0,19.0,13.97,83.5,18.0,14.1,14.5
550.861,76,112.0,1486.0,58.0,19.0,13.97,83.5,18.0,14.1,14.5
550.923,76,113.0,1486.0,58.0,19.0,13.97,83.5,18.0,14.1,14.5
551.011,76,113.0,1484.0,58.0,19.0,13.97,83.5,18.0,14.1,14.5
551.073,76,113.0,1484.0,58.0,19.0,13.97,83.5,18.0,14.1,14.5
551.162,76,113.0,1484.0,58.0,19.0,13.97,83.5,18.0,14.1,14.5
551.251,76,113.0,1484.0,58.0,19.0,13.91,83.5,18.0,14.1,14.5
551.313,76,113.0,1484.0,58.0,19.0,13.91,83.5,18.0,14.1,14.5
551.401,76,113.0,1484.0,58.0,19.0,13.91,83.5,18.0,14.1,14.5
551.464,76,113.0,1484.0,58.0,19.0,13.91,83.5,18.0,14.1,14.5
551.551,76,113.0,1484.0,58.0,19.0,13.91,83.5,18.0,14.1,14.5
551.612,76,113.0,1484.0,58.0,19.0,13.91,83.5,18.0,14.1,14.5
551.701,76,113.0,1484.0,58.0,19.0,13.91,83.5,18.0,14.1,14.5
551.763,76,113.0,1478.0,58.0,19.0,13.91,83.5,18.0,14.1,14.5
551.851,76,113.0,1478.0,58.0,19.0,13.91,83.5,18.0,14.1,14.5
551.912,76,113.0,1478.0,58.0,19.0,13.91,83.5,18.0,14.1,14.5
552.001,76,113.0,1478.0,58.0,19.0,14.05,83.5,18.0,14.1,14.5
552.063,76,113.0,1478.0,58.0,19.0,14.05,83.5,18.0,14.1,14.5
552.152,76,113.0,1478.0,58.0,19.0,14.05,83.5,18.0,14.1,14.5
552.212,76,113.0,1478.0,58.0,19.0,14.05,83.5,18.0,14.1,14.5
552.301,76,113.0,1478.0,58.0,19.0,14.05,83.5,18.0,14.1,14.5
552.362,76,113.0,1478.0,58.0,19.0,14.05,83.5,18.0,14.1,14.5
552.451,76,114.0,1478.0,58.0,19.0,14.05,83.5,18.0,14.1,14.5
552.511,76,114.0,1477.0,58.0,19.0,14.05,83.5,18.0,14.1,14.5
552.601,76,114.0,1477.0,58.0,19.0,14.05,83.5,18.0,14.1,14.5
552.662,76,114.0,1477.0,58.0,19.0,14.05,83.5,18.0,14.1,14.5
552.751,76,114.0,1477.0,58.0,19.0,14.16,83.5,18.0,14.1,14.5
552.821,76,114.0,1477.0,58.0,19.0,14.16,83.5,18.0,14.1,14.5
552.901,76,114.0,1477.0,58.0,19.0,14.16,83.5,18.0,14.1,14.5
552.963,76,114.0,1477.0,58.0,19.0,14.16,83.5,18.0,14.1,14.5
553.052,76,114.0,1477.0,58.0,19.0,14.16,83.5,18.0,14.1,14.5
553.171,76,114.0,1477.0,58.0,19.0,14.16,83.5,18.0,14.1,14.5
553.261,76,114.0,1477.0,58.0,19.0,14.16,83.5,18.0,14.1,14.5
553.351,76,114.0,1478.0,58.0,19.0,14.16,83.5,18.0,14.1,14.5
553.414,76,114.0,1478.0,58.0,19.0,14.16,83.5,18.0,14.1,14.5
553.502,76,114.0,1478.0,58.0,19.0,14.16,83.5,18.0,14.1,14.5
553.562,76,114.0,1478.0,58.0,19.0,14.02,83.5,18.0,14.1,14.5
553.651,76,114.0,1478.0,58.0,19.0,14.02,83.5,18.0,14.1,14.5
553.712,76,114.0,1478.0,58.0,19.0,14.02,83.5,18.0,14.1,14.5
553.801,76,114.0,1478.0,58.0,19.0,14.02,83.5,18.0,14.1,14.5
553.863,76,114.0,1478.0,58.0,19.0,14.02,83.5,18.0,14.1,14.5
553.952,76,114.0,1478.0,58.0,19.0,14.02,83.5,18.0,14.1,14.5
554.013,76,114.0,1478.0,58.0,19.0,14.02,83.5,18.0,14.1,14.5
554.102,76,114.0,1476.0,58.0,19.0,14.02,83.5,18.0,14.1,14.5
554.164,76,114.0,1476.0,57.0,19.0,14.02,83.5,18.0,14.1,14.5
554.251,76,114.0,1476.0,57.0,19.0,14.02,83.5,18.0,14.1,14.5
554.312,76,114.0,1476.0,57.0,19.0,14.3,83.5,18.0,14.1,14.5
554.401,76,114.0,1476.0,57.0,19.0,14.3,83.5,18.0,14.1,14.5
554.463,76,114.0,1476.0,57.0,19.0,14.3,83.5,18.0,14.1,14.5
554.551,76,114.0,1476.0,57.0,19.0,14.3,83.5,18.0,14.1,14.5
554.612,76,114.0,1476.0,57.0,19.0,14.3,83.5,18.0,14.1,14.5
554.701,76,114.0,1476.0,57.0,19.0,14.3,83.5,18.0,14.1,14.5
554.762,76,114.0,1476.0,57.0,19.0,14.3,83.5,18.0,14.1,14.5
554.851,76,114.0,1477.0,57.0,19.0,14.3,83.5,18.0,14.1,14.5
554.912,76,114.0,1477.0,57.0,19.0,14.3,83.5,18.0,14.1,14.5
555.001,76,114.0,1477.0,57.0,19.0,14.3,83.5,18.0,14.1,14.5
555.062,76,114.0,1477.0,57.0,19.0,14.05,83.5,18.0,14.1,14.5
555.151,76,114.0,1477.0,57.0,19.0,14.05,83.5,18.0,14.1,14.5
555.212,76,114.0,1477.0,57.0,19.0,14.05,83.5,18.0,14.1,14.5
555.301,76,114.0,1477.0,57.0,19.0,14.05,83.5,18.0,14.1,14.5
555.363,76,114.0,1477.0,57.0,19.0,14.05,83.5,18.0,14.1,14.5
555.451,76,114.0,1477.0,57.0,19.0,14.05,83.5,18.0,14.1,14.5
555.512,76,114.0,1477.0,57.0,19.0,14.05,83.5,18.0,14.1,14.5
555.601,76,114.0,1471.0,57.0,19.0,14.05,83.5,18.0,14.1,14.5
555.721,76,114.0,1471.0,57.0,19.0,14.05,83.5,18.0,14.1,14.5
555.812,76,114.0,1471.0,57.0,19.0,14.05,83.5,18.0,14.1,14.5
555.901,76,114.0,1471.0,57.0,19.0,14.13,83.5,18.0,14.1,14.5
555.964,76,114.0,1471.0,57.0,19.0,14.13,83.5,18.0,14.1,14.5
556.051,76,114.0,1471.0,57.0,19.0,14.13,83.5,18.0,14.1,14.5
556.112,76,114.0,1471.0,57.0,19.0,14.13,83.5,18.0,14.1,14.5
556.201,76,114.0,1471.0,57.0,19.0,14.13,83.5,18.0,14.1,14.5
556.263,76,114.0,1471.0,57.0,19.0,14.13,83.5,18.0,14.1,14.5
556.351,76,114.0,1471.0,57.0,19.0,14.13,83.5,18.0,14.1,14.5
556.412,76,114.0,1470.0,57.0,19.0,14.13,83.5,18.0,14.1,14.5
556.501,76,114.0,1470.0,57.0,19.0,14.13,83.5,18.0,14.1,14.5
556.562,76,114.0,1470.0,57.0,19.0,14.13,83.5,18.0,14.1,14.5
556.651,76,114.0,1470.0,57.0,19.0,14.16,83.5,18.0,14.1,14.5
556.712,76,114.0,1470.0,57.0,19.0,14.16,83.5,18.0,14.1,14.5
556.803,76,114.0,1470.0,57.0,19.0,14.16,83.5,18.0,14.1,14.5
556.863,76,114.0,1470.0,57.0,19.0,14.16,83.5,18.0,14.1,14.5
556.951,76,114.0,1470.0,57.0,19.0,14.16,83.5,18.0,14.1,14.5
557.014,76,114.0,1470.0,57.0,19.0,14.16,83.5,18.0,14.1,14.5
557.102,76,113.0,1470.0,57.0,19.0,14.16,83.5,18.0,14.1,14.5
557.164,76,113.0,1474.0,57.0,19.0,14.16,83.5,18.0,14.1,14.5
557.252,76,113.0,1474.0,57.0,19.0,14.16,83.5,18.0,14.1,14.5
557.313,76,113.0,1474.0,57.0,19.0,14.16,83.5,18.0,14.1,14.5
557.401,76,113.0,1474.0,57.0,19.0,14.11,83.5,18.0,14.1,14.5
557.464,76,113.0,1474.0,57.0,19.0,14.11,83.5,18.0,14.1,14.5
557.551,76,113.0,1474.0,57.0,19.0,14.11,83.5,18.0,14.1,14.5
557.612,76,113.0,1474.0,57.0,19.0,14.11,83.5,18.0,14.1,14.5
557.701,76,113.0,1474.0,57.0,19.0,14.11,83.5,18.0,14.1,14.5
557.762,76,113.0,1474.0,57.0,19.0,14.11,83.5,18.0,14.1,14.5
557.851,76,114.0,1474.0,57.0,19.0,14.11,83.5,18.0,14.1,14.5
557.912,76,114.0,1473.0,57.0,19.0,14.11,83.5,18.0,14.1,14.5
558.001,76,114.0,1473.0,57.0,19.0,14.11,83.5,18.0,14.1,14.5
558.067,76,114.0,1473.0,57.0,19.0,14.11,83.5,18.0,14.1,14.5
558.151,76,114.0,1473.0,57.0,19.0,14.41,83.5,18.0,14.1,14.5
558.213,76,114.0,1473.0,57.0,19.0,14.41,83.5,18.0,14.1,14.5
558.301,76,114.0,1473.0,57.0,19.0,14.41,83.5,18.0,14.1,14.5
558.363,76,114.0,1473.0,57.0,19.0,14.41,83.5,18.0,14.1,14.5
558.451,76,114.0,1473.0,57.0,19.0,14.41,83.5,18.0,14.1,14.5
558.512,76,114.0,1473.0,57.0,19.0,14.41,83.5,18.0,14.1,14.5
558.602,76,114.0,1473.0,57.0,19.0,14.41,83.5,18.0,14.1,14.5
558.662,76,114.0,1476.0,57.0,19.0,14.41,83.5,18.0,14.1,14.5
558.751,76,114.0,1476.0,57.0,19.0,14.41,83.5,18.0,14.1,14.5
558.812,76,114.0,1476.0,57.0,19.0,14.41,83.5,18.0,14.1,14.5
558.901,76,114.0,1476.0,57.0,19.0,14.33,83.5,18.0,14.1,14.5
558.962,76,114.0,1476.0,57.0,19.0,14.33,83.5,18.0,14.1,14.5
559.051,76,114.0,1476.0,57.0,19.0,14.33,83.5,18.0,14.1,14.5
559.113,76,114.0,1476.0,57.0,19.0,14.33,83.5,18.0,14.1,14.5
559.201,76,114.0,1476.0,57.0,19.0,14.33,83.5,18.0,14.1,14.5
559.263,76,114.0,1476.0,57.0,19.0,14.33,83.5,18.0,14.1,14.5
559.351,76,114.0,1476.0,57.0,19.0,14.33,83.5,18.0,14.1,14.5
559.412,76,114.0,1477.0,57.0,19.0,14.33,83.5,18.0,14.1,14.5
559.501,76,114.0,1477.0,58.0,19.0,14.33,83.5,18.0,14.1,14.5
559.562,76,114.0,1477.0,58.0,19.0,14.33,83.5,18.0,14.1,14.5
559.651,76,114.0,1477.0,58.0,19.0,14.47,83.5,18.0,14.1,14.5
559.713,76,114.0,1477.0,58.0,19.0,14.47,83.5,18.0,14.1,14.5
559.801,76,114.0,1477.0,58.0,19.0,14.47,83.5,18.0,14.1,14.5
559.862,76,114.0,1477.0,58.0,19.0,14.47,83.5,18.0,14.1,14.5
559.951,76,114.0,1477.0,58.0,19.0,14.47,83.5,18.0,14.1,14.5
560.015,76,114.0,1477.0,58.0,19.0,14.47,83.5,18.0,14.1,14.5
560.102,76,113.0,1477.0,58.0,19.0,14.47,83.5,18.0,14.1,14.5
560.163,76,113.0,1471.0,58.0,19.0,14.47,83.5,18.0,14.1,14.5
560.253,76,113.0,1471.0,57.0,19.0,14.47,83.5,18.0,14.1,14.5
560.312,76,113.0,1471.0,57.0,19.0,14.47,83.5,18.0,14.1,14.5
560.402,76,113.0,1471.0,57.0,19.0,14.38,83.5,18.0,14.1,14.5
560.462,76,113.0,1471.0,57.0,19.0,14.38,83.5,18.0,14.1,14.5
560.551,76,113.0,1471.0,57.0,19.0,14.38,83.5,18.0,14.1,14.5
560.612,76,113.0,1471.0,57.0,19.0,14.38,83.5,18.0,14.1,14.5
560.701,76,113.0,1471.0,57.0,19.0,14.38,83.5,18.0,14.1,14.5
560.763,76,113.0,1471.0,57.0,19.0,14.38,83.5,18.0,14.1,14.5
560.851,76,114.0,1471.0,57.0,19.0,14.38,83.5,18.0,14.1,14.5
560.914,76,114.0,1471.0,57.0,19.0,14.38,83.5,18.0,14.1,14.5
561.002,76,114.0,1471.0,57.0,19.0,14.38,83.5,18.0,14.1,14.5
561.063,76,114.0,1471.0,57.0,19.0,14.38,83.5,18.0,14.1,14.5
561.151,76,114.0,1471.0,57.0,19.0,14.19,83.5,18.0,14.1,14.5
561.212,76,114.0,1471.0,57.0,19.0,14.19,83.5,18.0,14.1,14.5
561.303,76,114.0,1471.0,57.0,19.0,14.19,83.5,18.0,14.1,14.5
561.363,76,114.0,1471.0,57.0,19.0,14.19,83.5,18.0,14.1,14.5
561.454,76,114.0,1471.0,57.0,19.0,14.19,83.5,18.0,14.1,14.5
561.542,76,114.0,1471.0,57.0,19.0,14.19,83.5,18.0,14.1,14.5
561.602,76,114.0,1471.0,57.0,19.0,14.19,83.5,18.0,14.1,14.5
561.662,76,114.0,1473.0,57.0,19.0,14.19,83.5,18.0,14.1,14.5
561.751,76,114.0,1473.0,57.0,19.0,14.19,83.5,18.0,14.1,14.5
561.813,76,114.0,1473.0,57.0,19.0,14.19,83.5,18.0,14.1,14.5
561.901,76,114.0,1473.0,57.0,19.0,14.49,83.5,18.0,14.1,14.5
561.963,76,114.0,1473.0,57.0,19.0,14.49,83.5,18.0,14.1,14.5
562.051,76,114.0,1473.0,57.0,19.0,14.49,83.5,18.0,14.1,14.5
562.113,76,114.0,1473.0,57.0,19.0,14.49,83.5,18.0,14.5,14.5
562.201,76,114.0,1473.0,57.0,19.0,14.49,83.5,18.0,14.5,14.5
562.262,76,114.0,1473.0,57.0,19.0,14.49,83.5,18.0,14.5,14.5
562.352,76,114.0,1473.0,57.0,19.0,14.49,83.5,18.0,14.5,14.5
562.416,76,114.0,1476.0,57.0,19.0,14.49,83.5,18.0,14.5,14.5
562.501,76,114.0,1476.0,57.0,19.0,14.49,83.5,18.0,14.5,14.5
562.562,76,114.0,1476.0,57.0,19.0,14.49,83.5,18.0,14.5,14.5
562.651,76,114.0,1476.0,57.0,19.0,14.44,83.5,18.0,14.5,14.5
562.712,76,114.0,1476.0,57.0,19.0,14.44,83.5,18.0,14.5,14.5
562.802,76,114.0,1476.0,57.0,19.0,14.44,83.5,18.0,14.5,14.5
562.863,76,114.0,1476.0,57.0,19.0,14.44,83.5,18.0,14.1,14.5
562.951,76,114.0,1476.0,57.0,19.0,14.44,83.5,18.0,14.1,14.5
563.012,76,114.0,1476.0,57.0,19.0,14.44,83.5,18.0,14.1,14.5
563.102,76,114.0,1476.0,57.0,19.0,14.44,83.5,18.0,14.1,14.5
563.162,76,114.0,1475.0,57.0,19.0,14.44,83.5,18.0,14.1,14.5
563.251,76,114.0,1475.0,57.0,19.0,14.44,83.5,18.0,14.1,14.5
563.313,76,114.0,1475.0,57.0,19.0,14.44,83.5,18.0,14.1,14.5
563.402,76,114.0,1475.0,57.0,19.0,14.44,83.5,18.0,14.1,14.5
563.463,76,114.0,1475.0,57.0,19.0,14.44,83.5,18.0,14.1,14.5
563.551,76,114.0,1475.0,57.0,19.0,14.44,83.5,18.0,14.1,14.5
563.612,76,114.0,1475.0,57.0,19.0,14.44,83.5,18.0,14.1,14.5
563.701,76,114.0,1475.0,57.0,19.0,14.44,83.5,18.0,14.1,14.5
563.763,77,114.0,1475.0,57.0,19.0,14.44,83.5,18.0,14.1,14.5
563.852,77,113.0,1475.0,57.0,19.0,14.44,83.5,18.0,14.1,14.5
563.913,77,113.0,1476.0,57.0,19.0,14.44,83.5,18.0,14.1,14.5
564.001,77,113.0,1476.0,57.0,19.0,14.44,83.5,18.0,14.1,14.5
564.063,77,113.0,1476.0,57.0,19.0,14.44,83.5,18.0,14.1,14.5
564.151,77,113.0,1476.0,57.0,19.0,14.61,83.5,18.0,14.1,14.5
564.213,77,113.0,1476.0,57.0,19.0,14.61,83.5,18.0,14.1,14.5
564.302,77,113.0,1476.0,57.0,19.0,14.61,83.5,18.0,14.1,14.5
564.363,77,113.0,1476.0,57.0,19.0,14.61,83.5,18.0,14.1,14.5
564.452,77,113.0,1476.0,57.0,19.0,14.61,83.5,18.0,14.1,14.5
564.512,77,113.0,1476.0,57.0,19.0,14.61,83.5,18.0,14.1,14.5
564.601,77,113.0,1476.0,57.0,19.0,14.61,83.5,18.0,14.1,14.5
564.663,77,113.0,1477.0,57.0,19.0,14.61,83.5,18.0,14.1,14.5
564.752,77,113.0,1477.0,57.0,19.0,14.61,83.5,18.0,14.1,14.5
564.814,77,113.0,1477.0,57.0,19.0,14.61,83.5,18.0,14.1,14.5
564.901,77,113.0,1477.0,57.0,19.0,14.41,83.5,18.0,14.1,14.5
564.963,77,113.0,1477.0,57.0,19.0,14.41,83.5,18.0,14.1,14.5
565.052,77,113.0,1477.0,57.0,19.0,14.41,83.5,18.0,14.1,14.5
565.112,77,113.0,1477.0,57.0,19.0,14.41,83.5,18.0,14.1,14.5
565.202,77,113.0,1477.0,57.0,19.0,14.41,83.5,18.0,14.1,14.5
565.263,77,113.0,1477.0,57.0,19.0,14.41,83.5,18.0,14.1,14.5
565.351,77,114.0,1477.0,57.0,19.0,14.41,83.5,18.0,14.1,14.5
565.412,77,114.0,1476.0,57.0,19.0,14.41,83.5,18.0,14.1,14.5
565.5,77,114.0,1476.0,57.0,19.0,14.41,83.5,18.0,14.1,14.5
565.562,77,114.0,1476.0,57.0,19.0,14.41,83.5,18.0,14.1,14.5
565.651,77,114.0,1476.0,57.0,19.0,14.49,83.5,18.0,14.1,14.5
565.713,77,114.0,1476.0,57.0,19.0,14.49,83.5,18.0,14.1,14.5
565.802,77,114.0,1476.0,57.0,19.0,14.49,83.5,18.0,14.1,14.5
565.863,77,114.0,1476.0,57.0,19.0,14.49,83.5,18.0,14.1,14.5
565.951,77,114.0,1476.0,57.0,19.0,14.49,83.5,18.0,14.1,14.5
566.012,77,114.0,1476.0,57.0,19.0,14.49,83.5,18.0,14.1,14.5
566.101,77,113.0,1476.0,57.0,19.0,14.49,83.5,18.0,14.1,14.5
566.164,77,113.0,1477.0,57.0,19.0,14.49,83.5,18.0,14.1,14.5
566.251,77,113.0,1477.0,58.0,19.0,14.49,83.5,18.0,14.1,14.5
566.312,77,113.0,1477.0,58.0,19.0,14.49,83.5,18.0,14.1,14.5
566.403,77,113.0,1477.0,58.0,19.0,14.36,83.5,18.0,14.1,14.5
566.461,77,113.0,1477.0,58.0,19.0,14.36,83.5,18.0,14.1,14.5
566.551,77,113.0,1477.0,58.0,19.0,14.36,83.5,18.0,14.1,14.5
566.612,77,113.0,1477.0,58.0,19.0,14.36,83.5,18.0,14.1,14.5
566.702,77,113.0,1477.0,58.0,19.0,14.36,83.5,18.0,14.1,14.5
566.765,77,113.0,1477.0,58.0,19.0,14.36,83.5,18.0,14.1,14.5
566.851,77,114.0,1477.0,58.0,19.0,14.36,83.5,18.0,14.1,14.5
566.913,77,114.0,1475.0,58.0,19.0,14.36,83.5,18.0,14.1,14.5
567.001,77,114.0,1475.0,57.0,19.0,14.36,83.5,18.0,14.1,14.5
567.064,77,114.0,1475.0,57.0,19.0,14.36,83.5,18.0,14.1,14.5
567.152,77,114.0,1475.0,57.0,19.0,14.61,83.5,18.0,14.1,14.5
567.213,77,114.0,1475.0,57.0,19.0,14.61,83.5,18.0,14.1,14.5
567.301,77,114.0,1475.0,57.0,19.0,14.61,83.5,18.0,14.1,14.5
567.362,77,114.0,1475.0,57.0,19.0,14.61,83.5,18.0,14.1,14.5
567.451,77,114.0,1475.0,57.0,19.0,14.61,83.5,18.0,14.1,14.1
567.512,77,114.0,1475.0,57.0,19.0,14.61,83.5,18.0,14.1,14.1
567.601,77,113.0,1475.0,57.0,19.0,14.61,83.5,18.0,14.1,14.1
567.662,77,113.0,1478.0,57.0,19.0,14.61,83.5,18.0,14.1,14.1
567.751,77,113.0,1478.0,57.0,19.0,14.61,83.5,18.0,14.1,14.1
567.812,77,113.0,1478.0,57.0,19.0,14.61,83.5,18.0,14.1,14.1
567.901,77,113.0,1478.0,57.0,19.0,14.47,83.5,18.0,14.1,14.1
567.962,77,113.0,1478.0,57.0,19.0,14.47,83.5,18.0,14.1,14.1
568.051,77,113.0,1478.0,57.0,19.0,14.47,83.5,18.0,14.1,14.1
568.113,77,113.0,1478.0,57.0,19.0,14.47,83.5,18.0,14.1,14.1
568.202,77,113.0,1478.0,57.0,19.0,14.47,83.5,18.0,14.1,14.5
568.263,77,113.0,1478.0,57.0,19.0,14.47,83.5,18.0,14.1,14.5
568.351,77,114.0,1478.0,57.0,19.0,14.47,83.5,18.0,14.1,14.5
568.413,77,114.0,1479.0,57.0,19.0,14.47,83.5,18.0,14.1,14.5
568.5,77,114.0,1479.0,57.0,19.0,14.47,83.5,18.0,14.1,14.5
568.562,77,114.0,1479.0,57.0,19.0,14.47,83.5,18.0,14.1,14.5
568.651,77,114.0,1479.0,57.0,19.0,14.44,83.5,18.0,14.1,14.5
568.712,77,114.0,1479.0,57.0,19.0,14.44,83.5,18.0,14.1,14.5
568.801,77,114.0,1479.0,57.0,19.0,14.44,83.5,18.0,14.1,14.5
568.862,77,114.0,1479.0,57.0,19.0,14.44,83.5,18.0,14.1,14.5
568.951,77,114.0,1479.0,57.0,19.0,14.44,83.5,18.0,14.1,14.5
569.012,77,114.0,1479.0,57.0,19.0,14.44,83.5,18.0,14.1,14.5
569.102,77,114.0,1479.0,57.0,19.0,14.44,83.5,18.0,14.1,14.5
569.164,77,114.0,1484.0,57.0,19.0,14.44,83.5,18.0,14.1,14.5
569.252,77,114.0,1484.0,58.0,19.0,14.44,83.5,18.0,14.1,14.5
569.313,77,114.0,1484.0,58.0,19.0,14.44,83.5,18.0,14.1,14.5
569.406,77,114.0,1484.0,58.0,19.0,14.3,83.5,18.0,14.1,14.5
569.463,77,114.0,1484.0,58.0,19.0,14.3,83.5,18.0,14.1,14.5
569.551,77,114.0,1484.0,58.0,19.0,14.3,83.5,18.0,14.1,14.5
569.612,77,114.0,1484.0,58.0,19.0,14.3,83.5,18.0,14.1,14.5
569.701,77,114.0,1484.0,58.0,19.0,14.3,83.5,18.0,14.1,14.1
569.762,77,114.0,1484.0,58.0,19.0,14.3,83.5,18.0,14.1,14.1
569.851,77,114.0,1484.0,58.0,19.0,14.3,83.5,18.0,14.1,14.1
569.912,77,114.0,1476.0,58.0,19.0,14.3,83.5,18.0,14.1,14.1
570.002,77,114.0,1476.0,57.0,19.0,14.3,83.5,18.0,14.1,14.1
570.064,77,114.0,1476.0,57.0,19.0,14.3,83.5,18.0,14.1,14.1
570.151,77,114.0,1476.0,57.0,19.0,14.36,83.5,18.0,14.1,14.1
570.213,77,114.0,1476.0,57.0,19.0,14.36,83.5,18.0,14.1,14.1
570.301,77,114.0,1476.0,57.0,19.0,14.36,83.5,18.0,14.1,14.1
570.363,77,114.0,1476.0,57.0,19.0,14.36,83.5,18.0,14.1,14.1
570.452,77,114.0,1476.0,57.0,19.0,14.36,83.5,18.0,14.1,14.5
570.512,77,114.0,1476.0,57.0,19.0,14.36,83.5,18.0,14.1,14.5
570.601,77,114.0,1476.0,57.0,19.0,14.36,83.5,18.0,14.1,14.5
570.963,77,114.0,1476.0,57.0,19.0,14.36,83.5,18.0,14.1,14.5
571.051,77,114.0,1476.0,57.0,19.0,14.36,83.5,18.0,14.1,14.5
571.112,77,114.0,1476.0,57.0,19.0,14.36,83.5,18.0,14.1,14.5
571.201,77,114.0,1476.0,57.0,19.0,14.36,83.5,18.0,14.1,14.5
571.262,77,115.0,1476.0,57.0,19.0,14.36,83.5,18.0,14.1,14.5
571.351,77,115.0,1465.0,57.0,19.0,14.36,83.5,18.0,14.1,14.5
571.442,77,115.0,1465.0,57.0,19.0,14.36,83.5,18.0,14.1,14.5
571.502,77,115.0,1465.0,57.0,19.0,14.36,83.5,18.0,14.1,14.5
571.562,77,115.0,1465.0,57.0,19.0,13.91,83.5,18.0,14.1,14.5
571.742,77,115.0,1465.0,57.0,19.0,13.91,83.5,18.0,14.1,14.5
571.803,77,115.0,1465.0,57.0,19.0,13.91,83.5,18.0,14.1,14.5
571.863,77,115.0,1465.0,57.0,19.0,13.91,83.5,18.0,14.1,14.5
571.951,77,116.0,1465.0,57.0,19.0,13.91,83.5,18.0,14.1,14.5
572.071,77,116.0,1465.0,57.0,19.0,13.91,83.5,18.0,14.1,14.5
572.161,77,116.0,1465.0,57.0,19.0,13.91,83.5,18.0,14.1,14.5
572.251,77,116.0,1465.0,57.0,19.0,13.91,83.5,18.0,14.1,14.5
572.342,77,116.0,1465.0,57.0,19.0,14.69,83.5,18.0,14.1,14.5
572.431,77,116.0,1465.0,57.0,19.0,14.69,83.5,18.0,14.1,14.5
572.521,77,116.0,1465.0,57.0,19.0,14.69,83.5,18.0,14.1,14.5
572.611,77,116.0,1465.0,57.0,19.0,14.69,83.5,18.0,14.1,14.5
572.702,77,116.0,1465.0,57.0,19.0,14.69,83.5,18.0,14.1,14.5
572.972,77,116.0,1465.0,57.0,19.0,14.69,83.5,18.0,14.1,14.5
573.062,77,116.0,1465.0,57.0,19.0,14.69,83.5,18.0,14.1,14.5
573.151,77,116.0,1465.0,57.0,19.0,14.63,83.5,18.0,14.1,14.5
573.242,77,116.0,1465.0,57.0,19.0,14.63,83.5,18.0,14.1,14.5
573.332,77,116.0,1465.0,57.0,19.0,14.63,83.5,18.0,14.1,14.5
573.422,77,116.0,1465.0,57.0,19.0,14.63,83.5,18.0,14.1,14.5
573.511,77,116.0,1465.0,57.0,19.0,14.63,83.5,18.0,14.1,14.5
573.601,77,116.0,1465.0,57.0,19.0,14.63,83.5,18.0,14.1,14.5
573.691,77,116.0,1465.0,57.0,19.0,14.63,83.5,18.0,14.1,14.5
574.021,77,116.0,1465.0,57.0,19.0,14.63,83.5,18.0,14.1,14.5
574.112,77,116.0,1465.0,57.0,19.0,14.63,83.5,18.0,14.1,14.5
574.202,77,116.0,1465.0,57.0,19.0,14.63,83.5,18.0,14.1,14.5
574.443,77,116.0,1465.0,57.0,19.0,14.63,83.5,18.0,14.1,14.5
574.532,77,116.0,1478.0,57.0,19.0,14.63,83.5,18.0,14.1,14.5
574.621,77,116.0,1478.0,58.0,19.0,14.63,83.5,18.0,14.1,14.5
574.711,77,116.0,1478.0,58.0,19.0,14.63,83.5,18.0,14.1,14.5
574.802,77,116.0,1478.0,58.0,19.0,14.91,83.5,18.0,14.1,14.5
574.891,77,116.0,1478.0,58.0,19.0,14.91,83.5,18.0,14.1,14.5
574.981,77,116.0,1478.0,58.0,19.0,14.91,83.5,18.0,14.1,14.5
575.131,77,116.0,1478.0,58.0,19.0,14.91,83.5,18.0,14.1,14.5
575.222,77,116.0,1478.0,58.0,19.0,14.91,83.5,18.0,14.1,14.5
575.311,77,116.0,1478.0,58.0,19.0,14.91,83.5,18.0,14.1,14.5
575.401,77,116.0,1487.0,58.0,19.0,14.91,83.5,18.0,14.1,14.5
575.491,77,116.0,1487.0,58.0,19.0,14.91,83.5,18.0,14.1,14.5
575.581,77,116.0,1487.0,58.0,19.0,14.91,83.5,18.0,14.1,14.5
575.731,77,116.0,1487.0,58.0,19.0,14.91,83.5,18.0,14.1,14.5
575.881,77,116.0,1487.0,58.0,19.0,14.91,83.5,18.0,14.1,14.5
575.972,77,116.0,1487.0,58.0,19.0,14.91,83.5,18.0,14.1,14.5
576.062,77,116.0,1487.0,58.0,19.0,14.91,83.5,18.0,14.1,14.5
576.152,77,112.0,1487.0,58.0,19.0,14.91,83.5,18.0,14.1,14.5
576.242,77,112.0,1489.0,58.0,19.0,14.91,83.5,18.0,14.1,14.5
576.332,77,112.0,1489.0,58.0,19.0,14.91,83.5,18.0,14.1,14.5
576.421,77,112.0,1489.0,58.0,19.0,14.91,83.5,18.0,14.1,14.5
576.511,77,112.0,1489.0,58.0,19.0,13.94,83.5,18.0,14.1,14.5
576.601,77,112.0,1489.0,58.0,19.0,13.94,83.5,18.0,14.1,14.5
576.691,77,112.0,1489.0,58.0,19.0,13.94,83.5,18.0,14.1,14.5
576.781,77,112.0,1489.0,58.0,19.0,13.94,83.5,18.0,14.1,14.5
576.871,77,112.0,1489.0,58.0,19.0,13.94,83.5,18.0,14.1,14.5
576.961,77,112.0,1489.0,58.0,19.0,13.94,83.5,18.0,14.1,14.5
577.055,77,111.0,1489.0,58.0,19.0,13.94,83.5,18.0,14.1,14.5
577.143,77,111.0,1482.0,58.0,19.0,13.94,83.5,18.0,14.1,14.5
577.231,77,111.0,1482.0,58.0,19.0,13.94,83.5,18.0,14.1,14.5
577.321,77,111.0,1482.0,58.0,19.0,13.94,83.5,18.0,14.1,14.5
577.411,77,111.0,1482.0,58.0,19.0,13.66,83.5,18.0,14.1,14.5
577.501,77,111.0,1482.0,58.0,19.0,13.66,83.5,18.0,14.1,14.5
577.591,77,111.0,1482.0,58.0,19.0,13.66,83.5,18.0,14.1,14.5
577.681,77,111.0,1482.0,58.0,19.0,13.66,83.5,18.0,14.1,14.5
577.771,77,111.0,1482.0,58.0,19.0,13.66,83.5,18.0,14.1,14.1
577.861,77,111.0,1482.0,58.0,19.0,13.66,83.5,18.0,14.1,14.1
577.951,77,110.0,1482.0,58.0,19.0,13.66,83.5,18.0,14.1,14.1
578.042,77,110.0,1485.0,58.0,19.0,13.66,83.5,18.0,14.1,14.1
578.191,77,110.0,1485.0,58.0,19.0,13.66,83.5,18.0,14.1,14.1
578.281,77,110.0,1485.0,58.0,19.0,13.66,83.5,18.0,14.1,14.1
578.432,77,110.0,1485.0,58.0,19.0,13.66,83.5,18.0,14.1,14.1
578.521,77,110.0,1485.0,58.0,19.0,13.66,83.5,18.0,14.1,14.1
578.611,77,110.0,1485.0,58.0,19.0,13.66,83.5,18.0,14.1,14.1
578.701,77,110.0,1485.0,58.0,19.0,13.66,83.5,18.0,14.1,14.5
578.791,78,110.0,1485.0,58.0,19.0,13.66,83.5,18.0,14.1,14.5
578.882,78,110.0,1485.0,58.0,19.0,13.66,83.5,18.0,14.1,14.5
578.972,78,110.0,1483.0,58.0,19.0,13.66,83.5,18.0,14.1,14.5
579.062,78,110.0,1483.0,58.0,19.0,13.66,83.5,18.0,14.1,14.5
579.151,78,110.0,1483.0,58.0,19.0,13.66,83.5,18.0,14.1,14.5
579.241,78,110.0,1483.0,58.0,19.0,13.61,83.5,18.0,14.1,14.5
579.331,78,110.0,1483.0,58.0,19.0,13.61,83.5,18.0,14.1,14.5
579.422,78,110.0,1483.0,58.0,19.0,13.61,83.5,18.0,14.1,14.5
579.512,78,110.0,1483.0,58.0,19.0,13.61,83.5,18.0,14.1,14.5
579.601,78,110.0,1483.0,58.0,19.0,13.61,83.5,18.0,14.1,14.5
579.691,78,110.0,1483.0,58.0,19.0,13.61,83.5,18.0,14.1,14.5
579.781,78,110.0,1483.0,58.0,19.0,13.61,83.5,18.0,14.1,14.5
579.872,78,110.0,1485.0,58.0,19.0,13.61,83.5,18.0,14.1,14.5
579.963,78,110.0,1485.0,58.0,19.0,13.61,83.5,18.0,14.1,14.5
580.051,78,110.0,1485.0,58.0,19.0,13.61,83.5,18.0,14.1,14.5
580.142,78,110.0,1485.0,58.0,19.0,13.69,83.5,18.0,14.1,14.5
580.231,78,110.0,1485.0,58.0,19.0,13.69,83.5,18.0,14.1,14.5
580.322,78,110.0,1485.0,58.0,19.0,13.69,83.5,18.0,14.1,14.5
580.411,78,110.0,1485.0,58.0,19.0,13.69,83.5,18.0,14.1,14.5
580.501,78,110.0,1485.0,58.0,19.0,13.69,83.5,18.0,14.1,14.5
580.591,78,110.0,1485.0,58.0,19.0,13.69,83.5,18.0,14.1,14.5
580.681,78,110.0,1485.0,58.0,19.0,13.69,83.5,18.0,14.1,14.5
580.772,78,110.0,1481.0,58.0,19.0,13.69,83.5,18.0,14.1,14.5
580.863,78,110.0,1481.0,58.0,19.0,13.69,83.5,18.0,14.1,14.5
580.951,78,110.0,1481.0,58.0,19.0,13.69,83.5,18.0,14.1,14.5
581.042,78,110.0,1481.0,58.0,19.0,13.69,83.5,18.0,14.1,14.5
581.131,78,110.0,1481.0,58.0,19.0,13.69,83.5,18.0,14.1,14.5
581.582,78,110.0,1481.0,57.0,19.0,13.69,83.5,18.0,14.1,14.5
581.671,78,110.0,1481.0,57.0,19.0,13.69,83.5,18.0,14.1,14.5
581.762,78,110.0,1481.0,57.0,19.0,13.77,83.5,18.0,14.1,14.5
581.851,78,110.0,1481.0,57.0,19.0,13.77,83.5,18.0,14.1,14.5
581.941,78,110.0,1481.0,57.0,19.0,13.77,83.5,18.0,14.1,14.5
582.031,78,110.0,1481.0,57.0,19.0,13.77,83.5,18.0,14.1,14.5
582.212,78,110.0,1481.0,57.0,19.0,13.77,83.5,18.0,14.1,14.5
582.302,78,111.0,1481.0,57.0,19.0,13.77,83.5,18.0,14.1,14.5
582.391,78,111.0,1476.0,57.0,19.0,13.77,83.5,18.0,14.1,14.5
582.481,78,111.0,1476.0,58.0,19.0,13.77,83.5,18.0,14.1,14.5
582.571,78,111.0,1476.0,58.0,19.0,13.77,83.5,18.0,14.1,14.5
582.666,78,111.0,1476.0,58.0,19.0,13.74,83.5,18.0,14.1,14.5
582.751,78,111.0,1476.0,58.0,19.0,13.74,83.5,18.0,14.1,14.5
582.843,78,111.0,1476.0,58.0,19.0,13.74,83.5,18.0,14.1,14.5
582.931,78,111.0,1476.0,58.0,19.0,13.74,83.5,18.0,14.1,14.5
583.021,78,111.0,1476.0,58.0,19.0,13.74,83.5,18.0,14.1,14.5
583.143,78,111.0,1476.0,58.0,19.0,13.74,83.5,18.0,14.1,14.5
583.233,78,111.0,1476.0,58.0,19.0,13.74,83.5,18.0,14.1,14.5
583.323,78,111.0,1477.0,58.0,19.0,13.74,83.5,18.0,14.1,14.5
583.412,78,111.0,1477.0,58.0,19.0,13.74,83.5,18.0,14.1,14.5
583.501,78,111.0,1477.0,58.0,19.0,13.74,83.5,18.0,14.1,14.5
583.592,78,111.0,1477.0,58.0,19.0,13.88,83.5,18.0,14.1,14.5
583.681,78,111.0,1477.0,58.0,19.0,13.88,83.5,18.0,14.1,14.5
583.771,78,111.0,1477.0,58.0,19.0,13.88,83.5,18.0,14.1,14.5
583.861,78,111.0,1477.0,58.0,19.0,13.88,83.5,18.0,14.1,14.5
584.042,78,111.0,1477.0,58.0,19.0,13.88,83.5,18.0,14.1,14.5
584.222,78,111.0,1477.0,58.0,19.0,13.88,83.5,18.0,14.1,14.5
584.495,78,111.0,1477.0,58.0,19.0,13.88,83.5,18.0,14.1,14.5
584.582,78,111.0,1477.0,58.0,19.0,13.88,83.5,18.0,14.1,14.5
584.798,78,111.0,1477.0,58.0,19.0,13.88,83.5,18.0,14.1,14.5
584.882,78,111.0,1477.0,58.0,19.0,13.88,83.5,18.0,14.1,14.5
584.971,78,111.0,1479.0,58.0,19.0,13.88,83.5,18.0,14.1,14.5
585.062,78,111.0,1479.0,57.0,19.0,13.88,83.5,18.0,14.1,14.5
585.153,78,111.0,1479.0,57.0,19.0,13.88,83.5,18.0,14.1,14.5
585.241,78,111.0,1479.0,57.0,19.0,13.55,83.5,18.0,14.1,14.5
585.332,78,111.0,1479.0,57.0,19.0,13.55,83.5,18.0,14.1,14.5
585.421,78,111.0,1479.0,57.0,19.0,13.55,83.5,18.0,14.1,14.5
585.511,78,111.0,1479.0,57.0,19.0,13.55,83.5,18.0,14.1,14.5
585.662,78,111.0,1479.0,57.0,19.0,13.55,83.5,18.0,14.1,14.5
585.751,78,111.0,1479.0,57.0,19.0,13.55,83.5,18.0,14.1,14.5
585.842,78,111.0,1478.0,57.0,19.0,13.55,83.5,18.0,14.1,14.5
585.933,78,111.0,1478.0,57.0,19.0,13.55,83.5,18.0,14.1,14.5
586.503,78,111.0,1478.0,57.0,19.0,13.55,83.5,18.0,14.1,14.5
586.652,78,111.0,1478.0,58.0,19.0,13.55,83.5,18.0,14.1,14.5
586.741,78,111.0,1478.0,58.0,19.0,13.55,83.5,18.0,14.1,14.5
586.832,78,111.0,1478.0,58.0,19.0,13.74,83.5,18.0,14.1,14.5
586.952,78,111.0,1478.0,58.0,19.0,13.74,83.5,18.0,14.1,14.5
587.042,78,111.0,1478.0,58.0,19.0,13.74,83.5,18.0,14.1,14.5
587.161,78,111.0,1478.0,58.0,19.0,13.74,83.5,18.0,14.1,14.5
587.251,78,111.0,1478.0,58.0,19.0,13.74,83.5,18.0,14.1,14.5
587.342,78,111.0,1478.0,58.0,19.0,13.74,83.5,18.0,14.1,14.5
587.463,78,111.0,1478.0,58.0,19.0,13.74,83.5,18.0,14.1,14.5
588.091,78,111.0,1478.0,58.0,19.0,13.74,83.5,18.0,14.1,14.5
588.211,78,110.0,1478.0,58.0,19.0,13.74,83.5,18.0,14.1,14.5
588.391,78,110.0,1478.0,58.0,19.0,13.74,83.5,18.0,14.1,14.5
588.991,78,110.0,1484.0,58.0,19.0,13.74,83.5,18.0,14.1,14.5
589.141,78,110.0,1484.0,58.0,19.0,13.74,83.5,18.0,14.1,14.5
589.232,78,110.0,1484.0,58.0,19.0,13.58,83.5,18.0,14.1,14.5
589.352,78,110.0,1484.0,58.0,19.0,13.58,83.5,18.0,14.1,14.5
589.682,78,110.0,1484.0,58.0,19.0,13.58,83.5,18.0,14.1,14.5
589.891,78,110.0,1484.0,58.0,19.0,13.58,83.5,18.0,14.1,14.5
589.982,78,110.0,1484.0,58.0,19.0,13.58,83.5,18.0,14.1,14.5
590.102,78,110.0,1484.0,58.0,19.0,13.36,83.5,18.0,14.1,14.5
590.192,78,110.0,1484.0,58.0,19.0,13.36,83.5,18.0,14.1,14.5
590.312,78,110.0,1484.0,58.0,19.0,13.36,83.5,18.0,14.1,14.5
590.403,78,110.0,1484.0,58.0,19.0,13.36,83.5,18.0,14.1,14.5
590.702,78,109.0,1484.0,58.0,19.0,13.36,83.5,18.0,14.1,14.5
591.632,78,109.0,1484.0,58.0,19.0,13.36,83.5,18.0,14.1,14.5
592.052,78,109.0,1481.0,58.0,19.0,13.36,83.5,18.0,14.1,14.5
592.203,78,109.0,1481.0,58.0,19.0,13.36,83.5,18.0,14.1,14.5
612.903,79,109.0,1481.0,58.0,19.0,13.36,83.5,18.0,14.1,14.5
612.991,79,104.0,1481.0,58.0,19.0,13.36,83.5,18.0,14.1,14.5
620.883,79,104.0,1481.0,58.0,19.0,13.36,83.5,18.0,14.1,14.5
622.983,79,104.0,1481.0,58.0,21.0,13.36,83.5,18.0,14.1,14.5
659.372,79,104.0,1481.0,58.0,21.0,18.16,83.5,18.0,14.1,14.5
659.582,79,104.0,1481.0,58.0,21.0,18.16,83.5,18.0,14.1,14.5
659.792,79,104.0,1481.0,58.0,21.0,18.16,83.5,18.0,14.1,14.5
663.395,79,104.0,1481.0,32.0,21.0,18.16,83.5,18.0,14.1,14.5
669.212,79,104.0,1481.0,32.0,26.0,18.16,83.5,18.0,14.1,14.5
731.282,79,104.0,1535.0,32.0,26.0,18.16,83.5,18.0,14.1,14.5
