timestamp,coolant_temp,map,rpm,speed,iat,maf,throttle_pos,ambient_temp,pedal_d,pedal_e
0.85,16,101.0,915.0,0.0,13.0,16.08,83.5,9.0,14.1,14.5
0.928,16,101.0,915.0,0.0,13.0,16.08,83.5,9.0,14.1,14.5
1.018,16,101.0,915.0,0.0,13.0,16.08,83.5,9.0,14.1,14.5
1.108,16,101.0,914.0,0.0,13.0,16.08,83.5,9.0,14.1,14.5
1.2,16,101.0,914.0,0.0,13.0,16.08,83.5,9.0,14.1,14.5
1.288,16,101.0,914.0,0.0,13.0,16.08,83.5,9.0,14.1,14.5
1.378,16,101.0,914.0,0.0,13.0,16.11,83.5,9.0,14.1,14.5
1.468,16,101.0,914.0,0.0,13.0,16.11,83.5,9.0,14.1,14.5
1.557,16,101.0,914.0,0.0,13.0,16.11,83.5,9.0,14.1,14.5
1.648,16,101.0,914.0,0.0,13.0,16.11,83.5,9.0,14.1,14.5
1.738,16,101.0,914.0,0.0,13.0,16.11,83.5,9.0,14.1,14.5
1.8,16,101.0,914.0,0.0,13.0,16.11,83.5,9.0,14.1,14.5
1.888,16,101.0,914.0,0.0,13.0,16.11,83.5,9.0,14.1,14.5
1.95,16,101.0,912.0,0.0,13.0,16.11,83.5,9.0,14.1,14.5
2.039,16,101.0,912.0,0.0,13.0,16.11,83.5,9.0,14.1,14.5
2.128,16,101.0,912.0,0.0,13.0,16.11,83.5,9.0,14.1,14.5
2.218,16,101.0,912.0,0.0,13.0,16.02,83.5,9.0,14.1,14.5
2.308,16,101.0,912.0,0.0,13.0,16.02,83.5,9.0,14.1,14.5
2.398,16,101.0,912.0,0.0,13.0,16.02,83.5,9.0,14.1,14.5
2.488,16,101.0,912.0,0.0,13.0,16.02,83.5,9.0,14.1,14.5
2.579,16,101.0,912.0,0.0,13.0,16.02,83.5,9.0,14.1,14.5
2.667,16,101.0,912.0,0.0,13.0,16.02,83.5,9.0,14.1,14.5
2.758,16,101.0,912.0,0.0,13.0,16.02,83.5,9.0,14.1,14.5
2.847,16,101.0,913.0,0.0,13.0,16.02,83.5,9.0,14.1,14.5
2.937,16,101.0,913.0,0.0,13.0,16.02,83.5,9.0,14.1,14.5
2.998,16,101.0,913.0,0.0,13.0,16.02,83.5,9.0,14.1,14.5
3.087,16,101.0,913.0,0.0,13.0,15.99,83.5,9.0,14.1,14.5
3.148,16,101.0,913.0,0.0,13.0,15.99,83.5,9.0,14.1,14.5
3.237,16,101.0,913.0,0.0,13.0,15.99,83.5,9.0,14.1,14.5
3.327,16,101.0,913.0,0.0,13.0,15.99,83.5,9.0,14.1,14.5
3.417,16,101.0,913.0,0.0,13.0,15.99,83.5,9.0,14.1,14.5
3.507,16,101.0,913.0,0.0,13.0,15.99,83.5,9.0,14.1,14.5
3.597,16,101.0,913.0,0.0,13.0,15.99,83.5,9.0,14.1,14.5
3.687,16,101.0,912.0,0.0,13.0,15.99,83.5,9.0,14.1,14.5
3.747,16,101.0,912.0,0.0,13.0,15.99,83.5,9.0,14.1,14.5
3.836,16,101.0,912.0,0.0,13.0,15.99,83.5,9.0,14.1,14.5
3.898,16,101.0,912.0,0.0,13.0,15.86,83.5,9.0,14.1,14.5
3.987,16,101.0,912.0,0.0,13.0,15.86,83.5,9.0,14.1,14.5
4.048,16,101.0,912.0,0.0,13.0,15.86,83.5,9.0,14.1,14.5
4.137,16,101.0,912.0,0.0,13.0,15.86,83.5,9.0,14.1,14.5
4.198,16,101.0,912.0,0.0,13.0,15.86,83.5,9.0,14.1,14.5
4.287,16,101.0,912.0,0.0,13.0,15.86,83.5,9.0,14.1,14.5
4.348,16,101.0,912.0,0.0,13.0,15.86,83.5,9.0,14.1,14.5
4.436,16,101.0,912.0,0.0,13.0,15.86,83.5,9.0,14.1,14.5
4.529,16,101.0,912.0,0.0,13.0,15.86,83.5,9.0,14.1,14.5
4.642,16,101.0,912.0,0.0,13.0,15.86,83.5,9.0,14.1,14.5
4.766,16,101.0,912.0,0.0,13.0,16.27,83.5,9.0,14.1,14.5
4.855,16,101.0,912.0,0.0,13.0,16.27,83.5,9.0,14.1,14.5
4.945,16,101.0,912.0,0.0,13.0,16.27,83.5,9.0,14.1,14.5
5.035,16,101.0,912.0,0.0,13.0,16.27,83.5,9.0,14.1,14.5
5.096,16,101.0,912.0,0.0,13.0,16.27,83.5,9.0,14.1,14.5
5.186,16,101.0,912.0,0.0,13.0,16.27,83.5,9.0,14.1,14.5
5.247,16,101.0,912.0,0.0,13.0,16.27,83.5,9.0,14.1,14.5
5.335,16,101.0,912.0,0.0,13.0,16.27,83.5,9.0,14.1,14.5
5.396,16,101.0,912.0,0.0,13.0,16.27,83.5,9.0,14.1,14.5
5.486,16,101.0,912.0,0.0,13.0,16.27,83.5,9.0,14.1,14.5
5.546,16,101.0,912.0,0.0,13.0,16.02,83.5,9.0,14.1,14.5
5.635,16,101.0,912.0,0.0,13.0,16.02,83.5,9.0,14.1,14.5
5.725,16,101.0,912.0,0.0,13.0,16.02,83.5,9.0,14.1,14.5
5.786,16,101.0,912.0,0.0,13.0,16.02,83.5,9.0,14.1,14.5
5.875,16,101.0,912.0,0.0,13.0,16.02,83.5,9.0,14.1,14.5
5.966,16,101.0,912.0,0.0,13.0,16.02,83.5,9.0,14.1,14.5
6.055,16,101.0,912.0,0.0,13.0,16.02,83.5,9.0,14.1,14.5
6.145,16,101.0,911.0,0.0,13.0,16.02,83.5,9.0,14.1,14.5
6.235,16,101.0,911.0,0.0,13.0,16.02,83.5,9.0,14.1,14.5
6.296,16,101.0,911.0,0.0,13.0,16.02,83.5,9.0,14.1,14.5
6.386,16,101.0,911.0,0.0,13.0,15.74,83.5,9.0,14.1,14.5
6.446,16,101.0,911.0,0.0,13.0,15.74,83.5,9.0,14.1,14.5
6.535,16,101.0,911.0,0.0,13.0,15.74,83.5,9.0,14.1,14.5
6.596,16,101.0,911.0,0.0,13.0,15.74,83.5,9.0,14.1,14.5
6.686,16,101.0,911.0,0.0,13.0,15.74,83.5,9.0,14.1,14.5
6.747,16,101.0,911.0,0.0,13.0,15.74,83.5,9.0,14.1,14.5
6.835,16,101.0,911.0,0.0,13.0,15.74,83.5,9.0,14.1,14.5
6.896,16,101.0,909.0,0.0,13.0,15.74,83.5,9.0,14.1,14.5
6.985,16,101.0,909.0,0.0,13.0,15.74,83.5,9.0,14.1,14.5
7.045,16,101.0,909.0,0.0,13.0,15.74,83.5,9.0,14.1,14.5
7.135,16,101.0,909.0,0.0,13.0,16.05,83.5,9.0,14.1,14.5
7.197,16,101.0,909.0,0.0,13.0,16.05,83.5,9.0,14.1,14.5
7.285,16,101.0,909.0,0.0,13.0,16.05,83.5,9.0,14.1,14.5
7.347,16,101.0,909.0,0.0,13.0,16.05,83.5,9.0,14.1,14.5
7.435,16,101.0,909.0,0.0,13.0,16.05,83.5,9.0,14.1,14.5
7.495,16,101.0,909.0,0.0,13.0,16.05,83.5,9.0,14.1,14.5
7.584,16,101.0,909.0,0.0,13.0,16.05,83.5,9.0,14.1,14.5
7.675,16,101.0,908.0,0.0,13.0,16.05,83.5,9.0,14.1,14.5
7.765,16,101.0,908.0,0.0,13.0,16.05,83.5,9.0,14.1,14.5
7.856,16,101.0,908.0,0.0,13.0,16.05,83.5,9.0,14.1,14.5
7.948,16,101.0,908.0,0.0,13.0,16.27,83.5,9.0,14.1,14.5
8.035,16,101.0,908.0,0.0,13.0,16.27,83.5,9.0,14.1,14.5
8.096,16,101.0,908.0,0.0,13.0,16.27,83.5,9.0,14.1,14.5
8.185,16,101.0,908.0,0.0,13.0,16.27,83.5,9.0,14.5,14.5
8.246,16,101.0,908.0,0.0,13.0,16.27,83.5,9.0,14.5,14.5
8.335,16,101.0,908.0,0.0,13.0,16.27,83.5,9.0,14.5,14.5
8.397,16,101.0,908.0,0.0,13.0,16.27,83.5,9.0,14.5,14.5
8.485,16,101.0,937.0,0.0,13.0,16.27,83.5,9.0,14.5,14.5
8.546,16,101.0,937.0,0.0,13.0,16.27,83.5,9.0,14.5,14.5
8.634,16,101.0,937.0,0.0,13.0,16.27,83.5,9.0,14.5,14.5
8.696,16,101.0,937.0,0.0,13.0,16.36,83.5,9.0,14.5,14.5
8.785,16,101.0,937.0,0.0,13.0,16.36,83.5,9.0,14.5,14.5
8.845,16,101.0,937.0,0.0,13.0,16.36,83.5,9.0,14.5,14.5
8.934,16,101.0,937.0,0.0,13.0,16.36,83.5,9.0,14.5,14.5
9.01,16,101.0,937.0,0.0,13.0,16.36,83.5,9.0,14.5,14.1
9.085,16,101.0,937.0,0.0,13.0,16.36,83.5,9.0,14.5,14.1
9.146,16,102.0,937.0,0.0,13.0,16.36,83.5,9.0,14.5,14.1
9.234,16,102.0,919.0,0.0,13.0,16.36,83.5,9.0,14.5,14.1
9.295,16,102.0,919.0,0.0,13.0,16.36,83.5,9.0,14.5,14.1
9.384,16,102.0,919.0,0.0,13.0,16.36,83.5,9.0,14.5,14.1
9.446,16,102.0,919.0,0.0,13.0,16.22,83.5,9.0,14.5,14.1
9.534,16,102.0,919.0,0.0,13.0,16.22,83.5,9.0,14.5,14.1
9.598,16,102.0,919.0,0.0,13.0,16.22,83.5,9.0,14.5,14.1
9.684,16,102.0,919.0,0.0,13.0,16.22,83.5,9.0,14.5,14.1
9.746,16,102.0,919.0,0.0,13.0,16.22,83.5,9.0,14.5,14.5
9.833,16,102.0,919.0,0.0,13.0,16.22,83.5,9.0,14.5,14.5
9.896,16,102.0,919.0,0.0,13.0,16.22,83.5,9.0,14.5,14.5
9.984,16,102.0,934.0,0.0,13.0,16.22,83.5,9.0,14.5,14.5
10.044,16,102.0,934.0,1.0,13.0,16.22,83.5,9.0,14.5,14.5
10.134,16,102.0,934.0,1.0,13.0,16.22,83.5,9.0,14.5,14.5
10.194,16,102.0,934.0,1.0,13.0,16.3,83.5,9.0,14.5,14.5
10.283,16,102.0,934.0,1.0,13.0,16.3,83.5,9.0,14.5,14.5
10.345,16,102.0,934.0,1.0,13.0,16.3,83.5,9.0,14.5,14.5
10.433,16,102.0,934.0,1.0,13.0,16.3,83.5,9.0,14.5,14.5
10.495,16,102.0,934.0,1.0,13.0,16.3,83.5,9.0,14.5,14.5
10.584,16,102.0,934.0,1.0,13.0,16.3,83.5,9.0,14.5,14.5
10.645,16,102.0,934.0,1.0,13.0,16.3,83.5,9.0,14.5,14.5
10.733,16,102.0,937.0,1.0,13.0,16.3,83.5,9.0,14.5,14.5
10.795,16,102.0,937.0,1.0,13.0,16.3,83.5,9.0,14.5,14.5
10.884,16,102.0,937.0,1.0,13.0,16.3,83.5,9.0,14.5,14.5
10.945,16,102.0,937.0,1.0,13.0,16.49,83.5,9.0,14.5,14.5
11.034,16,102.0,937.0,1.0,13.0,16.49,83.5,9.0,14.5,14.5
11.096,16,102.0,937.0,1.0,13.0,16.49,83.5,9.0,14.5,14.5
11.183,16,102.0,937.0,1.0,13.0,16.49,83.5,9.0,14.5,14.5
11.245,16,102.0,937.0,1.0,13.0,16.49,83.5,9.0,14.5,14.5
11.333,17,102.0,937.0,1.0,13.0,16.49,83.5,9.0,14.5,14.5
11.395,17,102.0,937.0,1.0,13.0,16.49,83.5,9.0,14.5,14.5
11.483,17,102.0,973.0,1.0,13.0,16.49,83.5,9.0,14.5,14.5
11.543,17,102.0,973.0,2.0,13.0,16.49,83.5,9.0,14.5,14.5
11.633,17,102.0,973.0,2.0,13.0,16.49,83.5,9.0,14.5,14.5
11.753,17,102.0,973.0,2.0,13.0,17.52,83.5,9.0,14.5,14.5
11.843,17,102.0,973.0,2.0,13.0,17.52,83.5,9.0,14.5,14.5
11.933,17,102.0,973.0,2.0,13.0,17.52,83.5,9.0,14.5,14.5
11.994,17,102.0,973.0,2.0,13.0,17.52,83.5,9.0,14.1,14.5
12.083,17,102.0,973.0,2.0,13.0,17.52,83.5,9.0,14.1,14.5
12.143,17,102.0,973.0,2.0,13.0,17.52,83.5,9.0,14.1,14.5
12.233,17,102.0,973.0,2.0,13.0,17.52,83.5,9.0,14.1,14.5
12.293,17,102.0,942.0,2.0,13.0,17.52,83.5,9.0,14.1,14.5
12.383,17,102.0,942.0,2.0,13.0,17.52,83.5,9.0,14.1,14.5
12.444,17,102.0,942.0,2.0,13.0,17.52,83.5,9.0,14.1,14.5
12.532,17,102.0,942.0,2.0,13.0,16.33,83.5,9.0,14.1,14.5
12.595,17,102.0,942.0,2.0,13.0,16.33,83.5,9.0,14.1,14.5
12.683,17,102.0,942.0,2.0,13.0,16.33,83.5,9.0,14.1,14.5
12.745,17,102.0,942.0,2.0,13.0,16.33,83.5,9.0,14.1,14.5
12.833,17,102.0,942.0,2.0,13.0,16.33,83.5,9.0,14.1,14.5
12.895,17,102.0,942.0,2.0,13.0,16.33,83.5,9.0,14.1,14.5
12.983,17,102.0,942.0,2.0,13.0,16.33,83.5,9.0,14.1,14.5
13.044,17,102.0,917.0,2.0,13.0,16.33,83.5,9.0,14.1,14.5
13.133,17,102.0,917.0,2.0,13.0,16.33,83.5,9.0,14.1,14.5
13.194,17,102.0,917.0,2.0,13.0,16.33,83.5,9.0,14.1,14.5
13.283,17,102.0,917.0,2.0,13.0,16.13,83.5,9.0,14.1,14.5
13.344,17,102.0,917.0,2.0,13.0,16.13,83.5,9.0,14.1,14.5
13.433,17,102.0,917.0,2.0,13.0,16.13,83.5,9.0,14.1,14.5
13.494,17,102.0,917.0,2.0,13.0,16.13,83.5,9.0,14.5,14.5
13.582,17,102.0,917.0,2.0,13.0,16.13,83.5,9.0,14.5,14.5
13.643,17,102.0,917.0,2.0,13.0,16.13,83.5,9.0,14.5,14.5
13.732,17,102.0,917.0,2.0,13.0,16.13,83.5,9.0,14.5,14.5
13.794,17,102.0,952.0,2.0,13.0,16.13,83.5,9.0,14.5,14.5
13.883,17,102.0,952.0,2.0,13.0,16.13,83.5,9.0,14.5,14.5
13.944,17,102.0,952.0,2.0,13.0,16.13,83.5,9.0,14.5,14.5
14.032,17,102.0,952.0,2.0,13.0,16.72,83.5,9.0,14.5,14.5
14.093,17,102.0,952.0,2.0,13.0,16.72,83.5,9.0,14.5,14.5
14.183,17,102.0,952.0,2.0,13.0,16.72,83.5,9.0,14.5,14.5
14.245,17,102.0,952.0,2.0,13.0,16.72,83.5,9.0,14.1,14.5
14.332,17,102.0,952.0,2.0,13.0,16.72,83.5,9.0,14.1,14.5
14.394,17,102.0,952.0,2.0,13.0,16.72,83.5,9.0,14.1,14.5
14.482,17,102.0,952.0,2.0,13.0,16.72,83.5,9.0,14.1,14.5
14.552,17,102.0,943.0,2.0,13.0,16.72,83.5,9.0,14.1,14.5
14.631,17,102.0,943.0,2.0,13.0,16.72,83.5,9.0,14.1,14.5
14.693,17,102.0,943.0,2.0,13.0,16.72,83.5,9.0,14.1,14.5
14.782,17,102.0,943.0,2.0,13.0,16.52,83.5,9.0,14.1,14.5
14.844,17,102.0,943.0,2.0,13.0,16.52,83.5,9.0,14.1,14.5
14.932,17,102.0,943.0,2.0,13.0,16.52,83.5,9.0,14.1,14.5
14.992,17,102.0,943.0,2.0,13.0,16.52,83.5,9.0,14.1,14.5
15.082,17,102.0,943.0,2.0,13.0,16.52,83.5,9.0,14.1,14.5
15.143,17,102.0,943.0,2.0,13.0,16.52,83.5,9.0,14.1,14.5
15.234,17,102.0,943.0,2.0,13.0,16.52,83.5,9.0,14.1,14.5
15.293,17,102.0,946.0,2.0,13.0,16.52,83.5,9.0,14.1,14.5
15.382,17,102.0,946.0,2.0,13.0,16.52,83.5,9.0,14.1,14.5
15.444,17,102.0,946.0,2.0,13.0,16.52,83.5,9.0,14.1,14.5
15.532,17,102.0,946.0,2.0,13.0,16.91,83.5,9.0,14.1,14.5
15.598,17,102.0,946.0,2.0,13.0,16.91,83.5,9.0,14.1,14.5
15.683,17,102.0,946.0,2.0,13.0,16.91,83.5,9.0,14.1,14.5
15.743,17,102.0,946.0,2.0,13.0,16.91,83.5,9.0,14.1,14.5
15.832,17,102.0,946.0,2.0,13.0,16.91,83.5,9.0,14.1,14.5
15.894,17,102.0,946.0,2.0,13.0,16.91,83.5,9.0,14.1,14.5
15.982,17,102.0,946.0,2.0,13.0,16.91,83.5,9.0,14.1,14.5
16.043,17,102.0,944.0,2.0,13.0,16.91,83.5,9.0,14.1,14.5
16.134,17,102.0,944.0,2.0,13.0,16.91,83.5,9.0,14.1,14.5
16.194,17,102.0,944.0,2.0,13.0,16.91,83.5,9.0,14.1,14.5
16.282,17,102.0,944.0,2.0,13.0,16.8,83.5,9.0,14.1,14.5
16.342,17,102.0,944.0,2.0,13.0,16.8,83.5,9.0,14.1,14.5
16.431,17,102.0,944.0,2.0,13.0,16.8,83.5,9.0,14.1,14.5
16.493,17,102.0,944.0,2.0,13.0,16.8,83.5,9.0,14.1,14.5
16.581,17,102.0,944.0,2.0,13.0,16.8,83.5,9.0,14.1,14.5
16.643,17,102.0,944.0,2.0,13.0,16.8,83.5,9.0,14.1,14.5
16.733,17,102.0,944.0,2.0,13.0,16.8,83.5,9.0,14.1,14.5
16.793,17,102.0,917.0,2.0,13.0,16.8,83.5,9.0,14.1,14.5
16.881,17,102.0,917.0,2.0,13.0,16.8,83.5,9.0,14.1,14.5
16.944,17,102.0,917.0,2.0,13.0,16.8,83.5,9.0,14.1,14.5
17.031,17,102.0,917.0,2.0,13.0,16.19,83.5,9.0,14.1,14.5
17.093,17,102.0,917.0,2.0,13.0,16.19,83.5,9.0,14.1,14.5
17.181,17,102.0,917.0,2.0,13.0,16.19,83.5,9.0,14.1,14.5
17.243,17,102.0,917.0,2.0,13.0,16.19,83.5,9.0,14.1,14.5
17.332,17,102.0,917.0,2.0,13.0,16.19,83.5,9.0,14.1,14.5
17.392,17,102.0,917.0,2.0,13.0,16.19,83.5,9.0,14.1,14.5
17.481,17,102.0,917.0,2.0,13.0,16.19,83.5,9.0,14.1,14.5
17.543,17,102.0,922.0,2.0,13.0,16.19,83.5,9.0,14.1,14.5
17.631,17,102.0,922.0,3.0,13.0,16.19,83.5,9.0,14.1,14.5
17.751,17,102.0,922.0,3.0,13.0,16.19,83.5,9.0,14.1,14.5
17.841,17,102.0,922.0,3.0,13.0,16.11,83.5,9.0,14.1,14.5
17.931,17,102.0,922.0,3.0,13.0,16.11,83.5,9.0,14.1,14.5
17.992,17,102.0,922.0,3.0,13.0,16.11,83.5,9.0,14.1,14.5
18.08,17,102.0,922.0,3.0,13.0,16.11,83.5,9.0,14.1,14.5
18.142,17,102.0,922.0,3.0,13.0,16.11,83.5,9.0,14.1,14.5
18.231,17,102.0,922.0,3.0,13.0,16.11,83.5,9.0,14.1,14.5
18.292,17,102.0,922.0,3.0,13.0,16.11,83.5,9.0,14.1,14.5
18.381,17,102.0,921.0,3.0,13.0,16.11,83.5,9.0,14.1,14.5
18.442,17,102.0,921.0,4.0,13.0,16.11,83.5,9.0,14.1,14.5
18.531,17,102.0,921.0,4.0,13.0,16.11,83.5,9.0,14.1,14.5
18.592,17,102.0,921.0,4.0,13.0,16.08,83.5,9.0,14.1,14.5
18.681,17,102.0,921.0,4.0,13.0,16.08,83.5,9.0,14.1,14.5
18.742,17,102.0,921.0,4.0,13.0,16.08,83.5,9.0,14.1,14.5
18.831,17,102.0,921.0,4.0,13.0,16.08,83.5,9.0,14.1,14.5
18.892,17,102.0,921.0,4.0,13.0,16.08,83.5,9.0,14.1,14.5
18.981,17,102.0,921.0,4.0,13.0,16.08,83.5,9.0,14.1,14.5
19.071,17,102.0,921.0,4.0,13.0,16.08,83.5,9.0,14.1,14.5
19.131,17,102.0,917.0,4.0,13.0,16.08,83.5,9.0,14.1,14.5
19.22,17,102.0,917.0,5.0,13.0,16.08,83.5,9.0,14.1,14.5
19.281,17,102.0,917.0,5.0,13.0,16.08,83.5,9.0,14.1,14.5
19.341,17,102.0,917.0,5.0,13.0,15.86,83.5,9.0,14.1,14.5
19.431,17,102.0,917.0,5.0,13.0,15.86,83.5,9.0,14.1,14.5
19.522,17,102.0,917.0,5.0,13.0,15.86,83.5,9.0,14.1,14.5
19.582,17,102.0,917.0,5.0,13.0,15.86,83.5,9.0,14.1,14.5
19.67,17,102.0,917.0,5.0,13.0,15.86,83.5,9.0,14.1,14.5
19.738,17,102.0,917.0,5.0,13.0,15.86,83.5,9.0,14.1,14.5
19.851,17,103.0,917.0,5.0,13.0,15.86,83.5,9.0,14.1,14.5
19.941,17,103.0,905.0,5.0,13.0,15.86,83.5,9.0,14.1,14.5
20.03,17,103.0,905.0,7.0,13.0,15.86,83.5,9.0,14.1,14.5
20.121,17,103.0,905.0,7.0,13.0,15.86,83.5,9.0,14.1,14.5
20.181,17,103.0,905.0,7.0,13.0,15.99,83.5,9.0,14.1,14.5
20.271,17,103.0,905.0,7.0,13.0,15.99,83.5,9.0,14.1,14.5
20.331,17,103.0,905.0,7.0,13.0,15.99,83.5,9.0,14.1,14.5
20.421,17,103.0,905.0,7.0,13.0,15.99,83.5,9.0,14.1,14.5
20.482,17,103.0,905.0,7.0,13.0,15.99,83.5,9.0,14.1,14.5
20.57,17,103.0,905.0,7.0,13.0,15.99,83.5,9.0,14.1,14.5
20.637,17,103.0,905.0,7.0,13.0,15.99,83.5,9.0,14.1,14.5
20.721,17,103.0,996.0,7.0,13.0,15.99,83.5,9.0,14.1,14.5
20.783,17,103.0,996.0,9.0,13.0,15.99,83.5,9.0,14.1,14.5
20.871,17,103.0,996.0,9.0,13.0,15.99,83.5,9.0,14.1,14.5
20.932,17,103.0,996.0,9.0,13.0,18.33,83.5,9.0,14.1,14.5
21.021,17,103.0,996.0,9.0,13.0,18.33,83.5,9.0,14.1,14.5
21.082,17,103.0,996.0,9.0,13.0,18.33,83.5,9.0,14.1,14.5
21.173,17,103.0,996.0,9.0,13.0,18.33,83.5,9.0,18.4,14.5
21.233,17,103.0,996.0,9.0,13.0,18.33,83.5,9.0,18.4,19.6
21.32,17,103.0,996.0,9.0,13.0,18.33,83.5,9.0,18.4,19.6
21.382,17,103.0,996.0,9.0,13.0,18.33,83.5,9.0,18.4,19.6
21.47,17,103.0,1053.0,9.0,13.0,18.33,83.5,9.0,18.4,19.6
21.532,17,103.0,1053.0,9.0,13.0,18.33,83.5,9.0,18.4,19.6
21.62,17,103.0,1053.0,9.0,13.0,18.33,83.5,9.0,18.4,19.6
21.682,17,103.0,1053.0,9.0,13.0,19.19,83.5,9.0,18.4,19.6
21.77,17,103.0,1053.0,9.0,13.0,19.19,83.5,9.0,18.4,19.6
21.832,17,103.0,1053.0,9.0,13.0,19.19,83.5,9.0,18.4,19.6
21.92,17,103.0,1053.0,9.0,13.0,19.19,83.5,9.0,23.9,19.6
21.983,17,103.0,1053.0,9.0,13.0,19.19,83.5,9.0,23.9,24.7
22.071,17,103.0,1053.0,9.0,13.0,19.19,83.5,9.0,23.9,24.7
22.132,17,102.0,1053.0,9.0,13.0,19.19,83.5,9.0,23.9,24.7
22.22,17,102.0,1206.0,9.0,13.0,19.19,83.5,9.0,23.9,24.7
22.283,17,102.0,1206.0,10.0,13.0,19.19,83.5,9.0,23.9,24.7
22.37,17,102.0,1206.0,10.0,13.0,19.19,83.5,9.0,23.9,24.7
22.437,17,102.0,1206.0,10.0,13.0,22.11,83.5,9.0,23.9,24.7
22.521,17,102.0,1206.0,10.0,13.0,22.11,83.5,9.0,23.9,24.7
22.581,17,102.0,1206.0,10.0,13.0,22.11,83.5,9.0,23.9,24.7
22.671,17,102.0,1206.0,10.0,13.0,22.11,83.5,9.0,24.7,24.7
22.731,17,102.0,1206.0,10.0,13.0,22.11,83.5,9.0,24.7,24.3
22.82,17,102.0,1206.0,10.0,13.0,22.11,83.5,9.0,24.7,24.3
22.883,17,99.0,1206.0,10.0,13.0,22.11,83.5,9.0,24.7,24.3
22.97,17,99.0,1310.0,10.0,13.0,22.11,83.5,9.0,24.7,24.3
23.031,17,99.0,1310.0,11.0,13.0,22.11,83.5,9.0,24.7,24.3
23.12,17,99.0,1310.0,11.0,14.0,22.11,83.5,9.0,24.7,24.3
23.182,17,99.0,1310.0,11.0,14.0,23.41,83.5,9.0,24.7,24.3
23.271,17,99.0,1310.0,11.0,14.0,23.41,83.5,9.0,24.7,24.3
23.332,17,99.0,1310.0,11.0,14.0,23.41,83.5,9.0,24.7,24.3
23.42,17,99.0,1310.0,11.0,14.0,23.41,83.5,9.0,25.1,24.3
23.482,17,99.0,1310.0,11.0,14.0,23.41,83.5,9.0,25.1,25.1
23.569,17,99.0,1310.0,11.0,14.0,23.41,83.5,9.0,25.1,25.1
23.631,17,98.0,1310.0,11.0,14.0,23.41,83.5,9.0,25.1,25.1
23.722,17,98.0,1331.0,11.0,14.0,23.41,83.5,9.0,25.1,25.1
23.78,17,98.0,1331.0,12.0,14.0,23.41,83.5,9.0,25.1,25.1
23.87,17,98.0,1331.0,12.0,14.0,23.41,83.5,9.0,25.1,25.1
23.961,17,98.0,1331.0,12.0,14.0,23.47,83.5,9.0,25.1,25.1
24.02,17,98.0,1331.0,12.0,14.0,23.47,83.5,9.0,25.1,25.1
24.081,17,98.0,1331.0,12.0,14.0,23.47,83.5,9.0,25.1,25.1
24.17,17,98.0,1331.0,12.0,14.0,23.47,83.5,9.0,25.1,25.1
24.234,17,98.0,1331.0,12.0,14.0,23.47,83.5,9.0,25.1,25.1
24.32,17,98.0,1331.0,12.0,14.0,23.47,83.5,9.0,25.1,25.1
24.47,17,97.0,1331.0,12.0,14.0,23.47,83.5,9.0,25.1,25.1
24.532,17,97.0,1338.0,12.0,14.0,23.47,83.5,9.0,25.1,25.1
24.62,17,97.0,1338.0,12.0,14.0,23.47,83.5,9.0,25.1,25.1
24.681,17,97.0,1338.0,12.0,14.0,23.47,83.5,9.0,25.1,25.1
24.77,17,97.0,1338.0,12.0,14.0,23.61,83.5,9.0,25.1,25.1
24.833,17,97.0,1338.0,12.0,14.0,23.61,83.5,9.0,25.1,25.1
24.919,17,97.0,1338.0,12.0,14.0,23.61,83.5,9.0,25.1,25.1
24.981,17,97.0,1338.0,12.0,14.0,23.61,83.5,9.0,25.5,25.1
25.07,17,97.0,1338.0,12.0,14.0,23.61,83.5,9.0,25.5,25.5
25.132,17,97.0,1338.0,12.0,14.0,23.61,83.5,9.0,25.5,25.5
25.22,17,97.0,1338.0,12.0,14.0,23.61,83.5,9.0,25.5,25.5
25.283,17,97.0,1346.0,12.0,14.0,23.61,83.5,9.0,25.5,25.5
25.37,17,97.0,1346.0,12.0,14.0,23.61,83.5,9.0,25.5,25.5
25.431,17,97.0,1346.0,12.0,14.0,23.61,83.5,9.0,25.5,25.5
25.52,17,97.0,1346.0,12.0,14.0,23.36,83.5,9.0,25.5,25.5
25.582,17,97.0,1346.0,12.0,14.0,23.36,83.5,9.0,25.5,25.5
25.67,17,97.0,1346.0,12.0,14.0,23.36,83.5,9.0,25.5,25.5
25.732,17,97.0,1346.0,12.0,14.0,23.36,83.5,9.0,25.5,25.5
25.82,17,97.0,1346.0,12.0,14.0,23.36,83.5,9.0,25.5,25.9
25.881,17,97.0,1346.0,12.0,14.0,23.36,83.5,9.0,25.5,25.9
25.971,17,97.0,1346.0,12.0,14.0,23.36,83.5,9.0,25.5,25.9
26.031,17,97.0,1357.0,12.0,14.0,23.36,83.5,9.0,25.5,25.9
26.119,17,97.0,1357.0,12.0,14.0,23.36,83.5,9.0,25.5,25.9
26.183,17,97.0,1357.0,12.0,14.0,23.36,83.5,9.0,25.5,25.9
26.27,17,97.0,1357.0,12.0,14.0,23.94,83.5,9.0,25.5,25.9
26.332,17,97.0,1357.0,12.0,14.0,23.94,83.5,9.0,25.5,25.9
26.42,17,97.0,1357.0,12.0,14.0,23.94,83.5,9.0,25.5,25.9
26.482,17,97.0,1357.0,12.0,14.0,23.94,83.5,9.0,25.9,25.9
26.569,17,97.0,1357.0,12.0,14.0,23.94,83.5,9.0,25.9,26.3
26.631,18,97.0,1357.0,12.0,14.0,23.94,83.5,9.0,25.9,26.3
26.719,18,97.0,1357.0,12.0,14.0,23.94,83.5,9.0,25.9,26.3
26.781,18,97.0,1378.0,12.0,14.0,23.94,83.5,9.0,25.9,26.3
26.869,18,97.0,1378.0,12.0,14.0,23.94,83.5,9.0,25.9,26.3
26.931,18,97.0,1378.0,12.0,14.0,23.94,83.5,9.0,25.9,26.3
27.02,18,97.0,1378.0,12.0,14.0,24.24,83.5,9.0,25.9,26.3
27.082,18,97.0,1378.0,12.0,14.0,24.24,83.5,9.0,25.9,26.3
27.17,18,97.0,1378.0,12.0,14.0,24.24,83.5,9.0,25.9,26.3
27.233,18,97.0,1378.0,12.0,14.0,24.24,83.5,9.0,25.9,26.3
27.319,18,97.0,1378.0,12.0,14.0,24.24,83.5,9.0,25.9,26.3
27.381,18,97.0,1378.0,12.0,14.0,24.24,83.5,9.0,25.9,26.3
27.469,18,97.0,1378.0,12.0,14.0,24.24,83.5,9.0,25.9,26.3
27.531,18,97.0,1404.0,12.0,14.0,24.24,83.5,9.0,25.9,26.3
27.619,18,97.0,1404.0,12.0,14.0,24.24,83.5,9.0,25.9,26.3
27.681,18,97.0,1404.0,12.0,14.0,24.24,83.5,9.0,25.9,26.3
27.769,18,97.0,1404.0,12.0,14.0,24.86,83.5,9.0,25.9,26.3
27.831,18,97.0,1404.0,12.0,14.0,24.86,83.5,9.0,25.9,26.3
27.919,18,97.0,1404.0,12.0,14.0,24.86,83.5,9.0,25.9,26.3
27.98,18,97.0,1404.0,12.0,14.0,24.86,83.5,9.0,28.2,26.3
28.069,18,97.0,1404.0,12.0,14.0,24.86,83.5,9.0,28.2,28.2
28.131,18,97.0,1404.0,12.0,14.0,24.86,83.5,9.0,28.2,28.2
28.219,18,97.0,1404.0,12.0,14.0,24.86,83.5,9.0,28.2,28.2
28.283,18,97.0,1435.0,12.0,14.0,24.86,83.5,9.0,28.2,28.2
28.37,18,97.0,1435.0,13.0,14.0,24.86,83.5,9.0,28.2,28.2
28.431,18,97.0,1435.0,13.0,14.0,24.86,83.5,9.0,28.2,28.2
28.519,18,97.0,1435.0,13.0,14.0,25.63,83.5,9.0,28.2,28.2
28.581,18,97.0,1435.0,13.0,14.0,25.63,83.5,9.0,28.2,28.2
28.669,18,97.0,1435.0,13.0,14.0,25.63,83.5,9.0,28.2,28.2
28.731,18,97.0,1435.0,13.0,14.0,25.63,83.5,9.0,29.4,28.2
28.819,18,97.0,1435.0,13.0,14.0,25.63,83.5,9.0,29.4,29.4
28.88,18,97.0,1435.0,13.0,14.0,25.63,83.5,9.0,29.4,29.4
28.969,18,98.0,1435.0,13.0,14.0,25.63,83.5,9.0,29.4,29.4
29.03,18,98.0,1467.0,13.0,14.0,25.63,83.5,9.0,29.4,29.4
29.119,18,98.0,1467.0,13.0,14.0,25.63,83.5,9.0,29.4,29.4
29.18,18,98.0,1467.0,13.0,14.0,25.63,83.5,9.0,29.4,29.4
29.269,18,98.0,1467.0,13.0,14.0,26.58,83.5,9.0,29.4,29.4
29.332,18,98.0,1467.0,13.0,14.0,26.58,83.5,9.0,29.4,29.4
29.419,18,98.0,1467.0,13.0,14.0,26.58,83.5,9.0,29.4,29.4
29.48,18,98.0,1467.0,13.0,14.0,26.58,83.5,9.0,32.9,29.4
29.569,18,98.0,1467.0,13.0,14.0,26.58,83.5,9.0,32.9,32.9
29.631,18,98.0,1467.0,13.0,14.0,26.58,83.5,9.0,32.9,32.9
29.719,18,101.0,1467.0,13.0,14.0,26.58,83.5,9.0,32.9,32.9
29.781,18,101.0,1623.0,13.0,14.0,26.58,83.5,9.0,32.9,32.9
29.869,18,101.0,1623.0,14.0,14.0,26.58,83.5,9.0,32.9,32.9
29.931,18,101.0,1623.0,14.0,14.0,26.58,83.5,9.0,32.9,32.9
30.019,18,101.0,1623.0,14.0,14.0,30.74,83.5,9.0,32.9,32.9
30.08,18,101.0,1623.0,14.0,14.0,30.74,83.5,9.0,32.9,32.9
30.169,18,101.0,1623.0,14.0,14.0,30.74,83.5,9.0,32.9,32.9
30.23,18,101.0,1623.0,14.0,14.0,30.74,83.5,9.0,34.5,32.9
30.319,18,101.0,1623.0,14.0,14.0,30.74,83.5,9.0,34.5,34.9
30.379,18,101.0,1623.0,14.0,14.0,30.74,83.5,9.0,34.5,34.9
30.468,18,113.0,1623.0,14.0,14.0,30.74,83.5,9.0,34.5,34.9
30.529,18,113.0,1706.0,14.0,14.0,30.74,83.5,9.0,34.5,34.9
30.618,18,113.0,1706.0,15.0,14.0,30.74,83.5,9.0,34.5,34.9
30.679,18,113.0,1706.0,15.0,15.0,30.74,83.5,9.0,34.5,34.9
30.768,18,113.0,1706.0,15.0,15.0,32.61,83.5,9.0,34.5,34.9
30.829,18,113.0,1706.0,15.0,15.0,32.61,83.5,9.0,34.5,34.9
30.919,18,113.0,1706.0,15.0,15.0,32.61,83.5,9.0,34.5,34.9
30.979,18,113.0,1706.0,15.0,15.0,32.61,83.5,9.0,14.1,34.9
31.069,18,113.0,1706.0,15.0,15.0,32.61,83.5,9.0,14.1,14.5
31.132,18,113.0,1706.0,15.0,15.0,32.61,83.5,9.0,14.1,14.5
31.219,18,111.0,1706.0,15.0,15.0,32.61,83.5,9.0,14.1,14.5
31.283,18,111.0,1086.0,15.0,15.0,32.61,83.5,9.0,14.1,14.5
31.369,18,111.0,1086.0,15.0,15.0,32.61,83.5,9.0,14.1,14.5
31.43,18,111.0,1086.0,15.0,13.0,32.61,83.5,9.0,14.1,14.5
31.519,18,111.0,1086.0,15.0,13.0,19.27,83.5,9.0,14.1,14.5
31.581,18,111.0,1086.0,15.0,13.0,19.27,83.5,9.0,14.1,14.5
31.669,18,111.0,1086.0,15.0,13.0,19.27,83.5,8.0,14.1,14.5
31.731,18,111.0,1086.0,15.0,13.0,19.27,83.5,8.0,28.6,14.5
31.819,18,111.0,1086.0,15.0,13.0,19.27,83.5,8.0,28.6,28.6
31.881,18,111.0,1086.0,15.0,13.0,19.27,83.5,8.0,28.6,28.6
31.969,18,110.0,1086.0,15.0,13.0,19.27,83.5,8.0,28.6,28.6
32.032,18,110.0,1040.0,15.0,13.0,19.27,83.5,8.0,28.6,28.6
32.122,18,110.0,1040.0,18.0,13.0,19.27,83.5,8.0,28.6,28.6
32.18,18,110.0,1040.0,18.0,13.0,19.27,83.5,8.0,28.6,28.6
32.269,18,110.0,1040.0,18.0,13.0,20.05,83.5,8.0,28.6,28.6
32.329,18,110.0,1040.0,18.0,13.0,20.05,83.5,8.0,28.6,28.6
32.419,18,110.0,1040.0,18.0,13.0,20.05,83.5,8.0,28.6,28.6
32.48,18,110.0,1040.0,18.0,13.0,20.05,83.5,8.0,31.4,28.6
32.569,18,110.0,1040.0,18.0,13.0,20.05,83.5,8.0,31.4,31.8
32.629,18,110.0,1040.0,18.0,13.0,20.05,83.5,8.0,31.4,31.8
32.719,18,107.0,1040.0,18.0,13.0,20.05,83.5,8.0,31.4,31.8
32.78,18,107.0,1189.0,18.0,13.0,20.05,83.5,8.0,31.4,31.8
32.871,18,107.0,1189.0,20.0,13.0,20.05,83.5,8.0,31.4,31.8
32.936,18,107.0,1189.0,20.0,12.0,20.05,83.5,8.0,31.4,31.8
33.019,18,107.0,1189.0,20.0,12.0,22.44,83.5,8.0,31.4,31.8
33.081,18,107.0,1189.0,20.0,12.0,22.44,83.5,8.0,31.4,31.8
33.171,18,107.0,1189.0,20.0,12.0,22.44,83.5,8.0,31.4,31.8
33.23,18,107.0,1189.0,20.0,12.0,22.44,83.5,8.0,29.4,31.8
33.319,18,107.0,1189.0,20.0,12.0,22.44,83.5,8.0,29.4,29.4
33.381,18,107.0,1189.0,20.0,12.0,22.44,83.5,8.0,29.4,29.4
33.471,18,104.0,1189.0,20.0,12.0,22.44,83.5,8.0,29.4,29.4
33.53,18,104.0,1287.0,20.0,12.0,22.44,83.5,8.0,29.4,29.4
33.619,18,104.0,1287.0,22.0,12.0,22.44,83.5,8.0,29.4,29.4
33.68,18,104.0,1287.0,22.0,13.0,22.44,83.5,8.0,29.4,29.4
33.769,18,104.0,1287.0,22.0,13.0,23.47,83.5,8.0,29.4,29.4
33.833,18,104.0,1287.0,22.0,13.0,23.47,83.5,8.0,29.4,29.4
33.919,18,104.0,1287.0,22.0,13.0,23.47,83.5,8.0,29.4,29.4
33.981,18,104.0,1287.0,22.0,13.0,23.47,83.5,8.0,27.1,29.4
34.069,18,104.0,1287.0,22.0,13.0,23.47,83.5,8.0,27.1,27.1
34.13,18,104.0,1287.0,22.0,13.0,23.47,83.5,8.0,27.1,27.1
34.219,18,101.0,1287.0,22.0,13.0,23.47,83.5,8.0,27.1,27.1
34.282,18,101.0,1329.0,22.0,13.0,23.47,83.5,8.0,27.1,27.1
34.371,18,101.0,1329.0,23.0,13.0,23.47,83.5,8.0,27.1,27.1
34.43,18,101.0,1329.0,23.0,13.0,23.47,83.5,8.0,27.1,27.1
34.518,18,101.0,1329.0,23.0,13.0,23.44,83.5,8.0,27.1,27.1
34.58,18,101.0,1329.0,23.0,13.0,23.44,83.5,8.0,27.1,27.1
34.669,18,101.0,1329.0,23.0,13.0,23.44,83.5,8.0,27.1,27.1
34.73,18,101.0,1329.0,23.0,13.0,23.44,83.5,8.0,27.1,27.1
34.82,18,101.0,1329.0,23.0,13.0,23.44,83.5,8.0,27.1,27.1
34.88,18,101.0,1329.0,23.0,13.0,23.44,83.5,8.0,27.1,27.1
34.969,18,99.0,1329.0,23.0,13.0,23.44,83.5,8.0,27.1,27.1
35.036,18,99.0,1352.0,23.0,13.0,23.44,83.5,8.0,27.1,27.1
35.119,18,99.0,1352.0,23.0,13.0,23.44,83.5,8.0,27.1,27.1
35.179,18,99.0,1352.0,23.0,13.0,23.44,83.5,8.0,27.1,27.1
35.268,18,99.0,1352.0,23.0,13.0,24.13,83.5,8.0,27.1,27.1
35.329,18,99.0,1352.0,23.0,13.0,24.13,83.5,8.0,27.1,27.1
35.419,18,99.0,1352.0,23.0,13.0,24.13,83.5,8.0,27.1,27.1
35.48,18,99.0,1352.0,23.0,13.0,24.13,83.5,8.0,26.3,27.1
35.569,18,99.0,1352.0,23.0,13.0,24.13,83.5,8.0,26.3,26.3
35.629,18,99.0,1352.0,23.0,13.0,24.13,83.5,8.0,26.3,26.3
35.718,18,98.0,1352.0,23.0,13.0,24.13,83.5,8.0,26.3,26.3
35.779,18,98.0,1362.0,23.0,13.0,24.13,83.5,8.0,26.3,26.3
35.869,18,98.0,1362.0,23.0,13.0,24.13,83.5,8.0,26.3,26.3
35.93,18,98.0,1362.0,23.0,13.0,24.13,83.5,8.0,26.3,26.3
36.018,18,98.0,1362.0,23.0,13.0,23.8,83.5,8.0,26.3,26.3
36.081,18,98.0,1362.0,23.0,13.0,23.8,83.5,8.0,26.3,26.3
36.169,18,98.0,1362.0,23.0,13.0,23.8,83.5,8.0,26.3,26.3
36.23,18,98.0,1362.0,23.0,13.0,23.8,83.5,8.0,25.5,26.3
36.319,18,98.0,1362.0,23.0,13.0,23.8,83.5,8.0,25.5,24.7
36.38,18,98.0,1362.0,23.0,13.0,23.8,83.5,8.0,25.5,24.7
36.469,18,98.0,1362.0,23.0,13.0,23.8,83.5,8.0,25.5,24.7
36.53,18,98.0,1354.0,23.0,13.0,23.8,83.5,8.0,25.5,24.7
36.619,18,98.0,1354.0,23.0,13.0,23.8,83.5,8.0,25.5,24.7
36.681,18,98.0,1354.0,23.0,13.0,23.8,83.5,8.0,25.5,24.7
36.769,18,98.0,1354.0,23.0,13.0,23.74,83.5,8.0,25.5,24.7
36.83,18,98.0,1354.0,23.0,13.0,23.74,83.5,8.0,25.5,24.7
36.922,18,98.0,1354.0,23.0,13.0,23.74,83.5,8.0,25.5,24.7
36.98,18,98.0,1354.0,23.0,13.0,23.74,83.5,8.0,21.2,24.7
37.069,18,98.0,1354.0,23.0,13.0,23.74,83.5,8.0,21.2,21.2
37.13,18,98.0,1354.0,23.0,13.0,23.74,83.5,8.0,21.2,21.2
37.218,18,98.0,1354.0,23.0,13.0,23.74,83.5,8.0,21.2,21.2
37.279,18,98.0,1305.0,23.0,13.0,23.74,83.5,8.0,21.2,21.2
37.369,18,98.0,1305.0,22.0,13.0,23.74,83.5,8.0,21.2,21.2
37.429,18,98.0,1305.0,22.0,13.0,23.74,83.5,8.0,21.2,21.2
37.519,18,98.0,1305.0,22.0,13.0,22.58,83.5,8.0,21.2,21.2
37.58,18,98.0,1305.0,22.0,13.0,22.58,83.5,8.0,21.2,21.2
37.668,18,98.0,1305.0,22.0,13.0,22.58,83.5,8.0,21.2,21.2
37.731,18,98.0,1305.0,22.0,13.0,22.58,83.5,8.0,14.9,21.2
37.819,18,98.0,1305.0,22.0,13.0,22.58,83.5,8.0,14.9,16.9
37.881,18,98.0,1305.0,22.0,13.0,22.58,83.5,8.0,14.9,16.9
37.968,18,100.0,1305.0,22.0,13.0,22.58,83.5,8.0,14.9,16.9
38.029,18,100.0,1204.0,22.0,13.0,22.58,83.5,8.0,14.9,16.9
38.118,18,100.0,1204.0,20.0,13.0,22.58,83.5,8.0,14.9,16.9
38.179,18,100.0,1204.0,20.0,13.0,22.58,83.5,8.0,14.9,16.9
38.268,18,100.0,1204.0,20.0,13.0,21.16,83.5,8.0,14.9,16.9
38.33,18,100.0,1204.0,20.0,13.0,21.16,83.5,8.0,14.9,16.9
38.418,18,100.0,1204.0,20.0,13.0,21.16,83.5,8.0,14.9,16.9
38.479,18,100.0,1204.0,20.0,13.0,21.16,83.5,8.0,22.0,16.9
38.568,18,100.0,1204.0,20.0,13.0,21.16,83.5,8.0,22.0,22.4
38.629,19,100.0,1204.0,20.0,13.0,21.16,83.5,8.0,22.0,22.4
38.719,19,103.0,1204.0,20.0,13.0,21.16,83.5,8.0,22.0,22.4
38.778,19,103.0,1168.0,20.0,13.0,21.16,83.5,8.0,22.0,22.4
38.868,19,103.0,1168.0,19.0,13.0,21.16,83.5,8.0,22.0,22.4
38.93,19,103.0,1168.0,19.0,13.0,21.16,83.5,8.0,22.0,22.4
39.018,19,103.0,1168.0,19.0,13.0,20.19,83.5,8.0,22.0,22.4
39.08,19,103.0,1168.0,19.0,13.0,20.19,83.5,8.0,22.0,22.4
39.168,19,103.0,1168.0,19.0,13.0,20.19,83.5,8.0,22.0,22.4
39.23,19,103.0,1168.0,19.0,13.0,20.19,83.5,8.0,22.0,22.4
39.318,19,103.0,1168.0,19.0,13.0,20.19,83.5,8.0,22.0,22.0
39.38,19,103.0,1168.0,19.0,13.0,20.19,83.5,8.0,22.0,22.0
39.468,19,99.0,1168.0,19.0,13.0,20.19,83.5,8.0,22.0,22.0
39.53,19,99.0,1130.0,19.0,13.0,20.19,83.5,8.0,22.0,22.0
39.618,19,99.0,1130.0,19.0,13.0,20.19,83.5,8.0,22.0,22.0
39.68,19,99.0,1130.0,19.0,12.0,20.19,83.5,8.0,22.0,22.0
39.768,19,99.0,1130.0,19.0,12.0,20.05,83.5,8.0,22.0,22.0
39.83,19,99.0,1130.0,19.0,12.0,20.05,83.5,8.0,22.0,22.0
39.918,19,99.0,1130.0,19.0,12.0,20.05,83.5,8.0,22.0,22.0
39.98,19,99.0,1130.0,19.0,12.0,20.05,83.5,8.0,23.1,22.0
40.068,19,99.0,1130.0,19.0,12.0,20.05,83.5,8.0,23.1,23.1
40.131,19,99.0,1130.0,19.0,12.0,20.05,83.5,8.0,23.1,23.1
40.218,19,98.0,1130.0,19.0,12.0,20.05,83.5,8.0,23.1,23.1
40.281,19,98.0,1130.0,19.0,12.0,20.05,83.5,8.0,23.1,23.1
40.369,19,98.0,1130.0,19.0,12.0,20.05,83.5,8.0,23.1,23.1
40.43,19,98.0,1130.0,19.0,12.0,20.05,83.5,8.0,23.1,23.1
40.519,19,98.0,1130.0,19.0,12.0,19.38,83.5,8.0,23.1,23.1
40.58,19,98.0,1130.0,19.0,12.0,19.38,83.5,8.0,23.1,23.1
40.669,19,98.0,1130.0,19.0,12.0,19.38,83.5,8.0,23.1,23.1
40.73,19,98.0,1130.0,19.0,12.0,19.38,83.5,8.0,25.5,23.1
40.818,19,98.0,1130.0,19.0,12.0,19.38,83.5,8.0,25.5,25.5
40.88,19,98.0,1130.0,19.0,12.0,19.38,83.5,8.0,25.5,25.5
40.968,19,98.0,1130.0,19.0,12.0,19.38,83.5,8.0,25.5,25.5
41.033,19,98.0,1154.0,19.0,12.0,19.38,83.5,8.0,25.5,25.5
41.119,19,98.0,1154.0,20.0,12.0,19.38,83.5,8.0,25.5,25.5
41.18,19,98.0,1154.0,20.0,12.0,19.38,83.5,8.0,25.5,25.5
41.268,19,98.0,1154.0,20.0,12.0,20.02,83.5,8.0,25.5,25.5
41.33,19,98.0,1154.0,20.0,12.0,20.02,83.5,8.0,25.5,25.5
41.419,19,98.0,1154.0,20.0,12.0,20.02,83.5,8.0,25.5,25.5
41.509,19,98.0,1154.0,20.0,12.0,20.02,83.5,8.0,27.1,25.5
41.57,19,98.0,1154.0,20.0,12.0,20.02,83.5,8.0,27.1,27.1
41.629,19,98.0,1154.0,20.0,12.0,20.02,83.5,8.0,27.1,27.1
41.719,19,97.0,1154.0,20.0,12.0,20.02,83.5,8.0,27.1,27.1
41.78,19,97.0,1210.0,20.0,12.0,20.02,83.5,8.0,27.1,27.1
41.87,19,97.0,1210.0,21.0,12.0,20.02,83.5,8.0,27.1,27.1
41.929,19,97.0,1210.0,21.0,12.0,20.02,83.5,8.0,27.1,27.1
42.018,19,97.0,1210.0,21.0,12.0,20.83,83.5,8.0,27.1,27.1
42.08,19,97.0,1210.0,21.0,12.0,20.83,83.5,8.0,27.1,27.1
42.168,19,97.0,1210.0,21.0,12.0,20.83,83.5,8.0,27.1,27.1
42.229,19,97.0,1210.0,21.0,12.0,20.83,83.5,8.0,26.3,27.1
42.318,19,97.0,1210.0,21.0,12.0,20.83,83.5,8.0,26.3,26.3
42.379,19,97.0,1210.0,21.0,12.0,20.83,83.5,8.0,26.3,26.3
42.468,19,97.0,1210.0,21.0,12.0,20.83,83.5,8.0,26.3,26.3
42.529,19,97.0,1230.0,21.0,12.0,20.83,83.5,8.0,26.3,26.3
42.618,19,97.0,1230.0,21.0,12.0,20.83,83.5,8.0,26.3,26.3
42.679,19,97.0,1230.0,21.0,12.0,20.83,83.5,8.0,26.3,26.3
42.769,19,97.0,1230.0,21.0,12.0,21.8,83.5,8.0,26.3,26.3
42.833,19,97.0,1230.0,21.0,12.0,21.8,83.5,8.0,26.3,26.3
42.918,19,97.0,1230.0,21.0,12.0,21.8,83.5,7.0,26.3,26.3
42.981,19,97.0,1230.0,21.0,12.0,21.8,83.5,7.0,30.2,26.3
43.068,19,97.0,1230.0,21.0,12.0,21.8,83.5,7.0,30.2,31.0
43.128,19,97.0,1230.0,21.0,12.0,21.8,83.5,7.0,30.2,31.0
43.218,19,97.0,1230.0,21.0,12.0,21.8,83.5,7.0,30.2,31.0
43.278,19,97.0,1266.0,21.0,12.0,21.8,83.5,7.0,30.2,31.0
43.367,19,97.0,1266.0,22.0,12.0,21.8,83.5,7.0,30.2,31.0
43.428,19,97.0,1266.0,22.0,13.0,21.8,83.5,7.0,30.2,31.0
43.518,19,97.0,1266.0,22.0,13.0,22.41,83.5,7.0,30.2,31.0
43.579,19,97.0,1266.0,22.0,13.0,22.41,83.5,7.0,30.2,31.0
43.669,19,97.0,1266.0,22.0,13.0,22.41,83.5,7.0,30.2,31.0
43.732,19,97.0,1266.0,22.0,13.0,22.41,83.5,7.0,27.1,31.0
43.822,19,97.0,1266.0,22.0,13.0,22.41,83.5,7.0,27.1,26.7
43.908,19,97.0,1266.0,22.0,13.0,22.41,83.5,7.0,27.1,26.7
43.998,19,98.0,1266.0,22.0,13.0,22.41,83.5,7.0,27.1,26.7
44.088,19,98.0,1274.0,22.0,13.0,22.41,83.5,7.0,27.1,26.7
44.178,19,98.0,1274.0,22.0,13.0,22.41,83.5,7.0,27.1,26.7
44.278,19,98.0,1274.0,22.0,13.0,22.41,83.5,7.0,27.1,26.7
44.358,19,98.0,1274.0,22.0,13.0,22.08,83.5,7.0,27.1,26.7
44.448,19,98.0,1274.0,22.0,13.0,22.08,83.5,7.0,27.1,26.7
44.542,19,98.0,1274.0,22.0,13.0,22.08,83.5,7.0,27.1,26.7
44.628,19,98.0,1274.0,22.0,13.0,22.08,83.5,7.0,23.9,26.7
44.718,19,98.0,1274.0,22.0,13.0,22.08,83.5,7.0,23.9,23.9
44.808,19,98.0,1274.0,22.0,13.0,22.08,83.5,7.0,23.9,23.9
44.904,19,97.0,1274.0,22.0,13.0,22.08,83.5,7.0,23.9,23.9
44.988,19,97.0,1200.0,22.0,13.0,22.08,83.5,7.0,23.9,23.9
45.078,19,97.0,1200.0,20.0,13.0,22.08,83.5,7.0,23.9,23.9
45.168,19,97.0,1200.0,20.0,13.0,22.08,83.5,7.0,23.9,23.9
45.258,19,97.0,1200.0,20.0,13.0,20.47,83.5,7.0,23.9,23.9
45.348,19,97.0,1200.0,20.0,13.0,20.47,83.5,7.0,23.9,23.9
45.438,19,97.0,1200.0,20.0,13.0,20.47,83.5,7.0,23.9,23.9
45.528,19,97.0,1200.0,20.0,13.0,20.47,83.5,7.0,24.7,23.9
45.618,19,97.0,1200.0,20.0,13.0,20.47,83.5,7.0,24.7,24.7
45.708,19,97.0,1200.0,20.0,13.0,20.47,83.5,7.0,24.7,24.7
45.797,19,97.0,1200.0,20.0,13.0,20.47,83.5,7.0,24.7,24.7
45.887,19,97.0,1146.0,20.0,13.0,20.47,83.5,7.0,24.7,24.7
45.978,19,97.0,1146.0,19.0,13.0,20.47,83.5,7.0,24.7,24.7
46.068,19,97.0,1146.0,19.0,12.0,20.47,83.5,7.0,24.7,24.7
46.158,19,97.0,1146.0,19.0,12.0,18.99,83.5,7.0,24.7,24.7
46.256,19,97.0,1146.0,19.0,12.0,18.99,83.5,7.0,24.7,24.7
46.338,19,97.0,1146.0,19.0,12.0,18.99,83.5,7.0,24.7,24.7
46.428,19,97.0,1146.0,19.0,12.0,18.99,83.5,7.0,14.1,24.7
46.518,19,97.0,1146.0,19.0,12.0,18.99,83.5,7.0,14.1,14.5
46.607,19,97.0,1146.0,19.0,12.0,18.99,83.5,7.0,14.1,14.5
46.698,19,99.0,1146.0,19.0,12.0,18.99,83.5,7.0,14.1,14.5
46.788,19,99.0,986.0,19.0,12.0,18.99,83.5,7.0,14.1,14.5
46.878,19,99.0,986.0,19.0,12.0,18.99,83.5,7.0,14.1,14.5
46.968,19,99.0,986.0,19.0,12.0,18.99,83.5,7.0,14.1,14.5
47.058,19,99.0,986.0,19.0,12.0,16.88,83.5,7.0,14.1,14.5
47.156,19,99.0,986.0,19.0,12.0,16.88,83.5,7.0,14.1,14.5
47.241,19,99.0,986.0,19.0,12.0,16.88,83.5,7.0,14.1,14.5
47.328,19,99.0,986.0,19.0,12.0,16.88,83.5,7.0,14.1,14.5
47.418,19,99.0,986.0,19.0,12.0,16.88,83.5,7.0,14.1,14.5
47.508,19,99.0,986.0,19.0,12.0,16.88,83.5,7.0,14.1,14.5
47.604,19,101.0,986.0,19.0,12.0,16.88,83.5,7.0,14.1,14.5
47.688,19,101.0,960.0,19.0,12.0,16.88,83.5,7.0,14.1,14.5
47.778,19,101.0,960.0,15.0,12.0,16.88,83.5,7.0,14.1,14.5
47.868,19,101.0,960.0,15.0,12.0,16.88,83.5,7.0,14.1,14.5
47.958,19,101.0,960.0,15.0,12.0,16.69,83.5,7.0,14.1,14.5
48.047,19,101.0,960.0,15.0,12.0,16.69,83.5,7.0,14.1,14.5
48.138,19,101.0,960.0,15.0,12.0,16.69,83.5,7.0,14.1,14.5
48.228,19,101.0,960.0,15.0,12.0,16.69,83.5,7.0,14.1,14.5
48.318,19,101.0,960.0,15.0,12.0,16.69,83.5,7.0,14.1,14.5
48.408,20,101.0,960.0,15.0,12.0,16.69,83.5,7.0,14.1,14.5
48.498,20,101.0,960.0,15.0,12.0,16.69,83.5,7.0,14.1,14.5
48.593,20,101.0,951.0,15.0,12.0,16.69,83.5,7.0,14.1,14.5
48.678,20,101.0,951.0,8.0,12.0,16.69,83.5,7.0,14.1,14.5
48.769,20,101.0,951.0,8.0,12.0,16.69,83.5,7.0,14.1,14.5
48.858,20,101.0,951.0,8.0,12.0,16.66,83.5,7.0,14.1,14.5
48.948,20,101.0,951.0,8.0,12.0,16.66,83.5,7.0,14.1,14.5
49.038,20,101.0,951.0,8.0,12.0,16.66,83.5,7.0,14.1,14.5
49.128,20,101.0,951.0,8.0,12.0,16.66,83.5,7.0,14.1,14.5
49.224,20,101.0,951.0,8.0,12.0,16.66,83.5,7.0,14.1,14.5
49.337,20,101.0,951.0,8.0,12.0,16.66,83.5,7.0,14.1,14.5
49.427,20,102.0,951.0,8.0,12.0,16.66,83.5,7.0,14.1,14.5
49.517,20,102.0,944.0,8.0,12.0,16.66,83.5,7.0,14.1,14.5
49.608,20,102.0,944.0,0.0,12.0,16.66,83.5,7.0,14.1,14.5
49.709,20,102.0,944.0,0.0,12.0,16.66,83.5,7.0,14.1,14.5
49.787,20,102.0,944.0,0.0,12.0,15.97,83.5,7.0,14.1,14.5
49.877,20,102.0,944.0,0.0,12.0,15.97,83.5,7.0,14.1,14.5
49.967,20,102.0,944.0,0.0,12.0,15.97,83.5,7.0,14.1,14.5
50.057,20,102.0,944.0,0.0,12.0,15.97,83.5,7.0,14.1,14.5
50.147,20,102.0,944.0,0.0,12.0,15.97,83.5,7.0,14.1,14.5
50.237,20,102.0,944.0,0.0,12.0,15.97,83.5,7.0,14.1,14.5
50.327,20,102.0,944.0,0.0,12.0,15.97,83.5,7.0,14.1,14.5
50.417,20,102.0,895.0,0.0,12.0,15.97,83.5,7.0,14.1,14.5
50.537,20,102.0,895.0,0.0,12.0,15.97,83.5,7.0,14.1,14.5
50.627,20,102.0,895.0,0.0,12.0,15.97,83.5,7.0,14.1,14.5
50.717,20,102.0,895.0,0.0,12.0,15.49,83.5,7.0,14.1,14.5
50.807,20,102.0,895.0,0.0,12.0,15.49,83.5,7.0,14.1,14.5
50.898,20,102.0,895.0,0.0,12.0,15.49,83.5,7.0,14.1,14.5
50.987,20,102.0,895.0,0.0,12.0,15.49,83.5,7.0,14.1,14.5
51.078,20,102.0,895.0,0.0,12.0,15.49,83.5,7.0,14.1,14.5
51.198,20,102.0,895.0,0.0,12.0,15.49,83.5,7.0,14.1,14.5
51.287,20,101.0,895.0,0.0,12.0,15.49,83.5,7.0,14.1,14.5
51.378,20,101.0,893.0,0.0,12.0,15.49,83.5,7.0,14.1,14.5
51.468,20,101.0,893.0,0.0,12.0,15.49,83.5,7.0,14.1,14.5
51.558,20,101.0,893.0,0.0,11.0,15.49,83.5,7.0,14.1,14.5
51.647,20,101.0,893.0,0.0,11.0,15.24,83.5,7.0,14.1,14.5
51.737,20,101.0,893.0,0.0,11.0,15.24,83.5,7.0,14.1,14.5
51.828,20,101.0,893.0,0.0,11.0,15.24,83.5,7.0,14.1,14.5
51.919,20,101.0,893.0,0.0,11.0,15.24,83.5,7.0,19.2,14.5
52.039,20,101.0,893.0,0.0,11.0,15.24,83.5,7.0,19.2,20.0
52.128,20,101.0,893.0,0.0,11.0,15.24,83.5,7.0,19.2,20.0
52.218,20,101.0,893.0,0.0,11.0,15.24,83.5,7.0,19.2,20.0
52.308,20,101.0,1089.0,0.0,11.0,15.24,83.5,7.0,19.2,20.0
52.398,20,101.0,1089.0,0.0,11.0,15.24,83.5,7.0,19.2,20.0
52.487,20,101.0,1089.0,0.0,12.0,15.24,83.5,7.0,19.2,20.0
52.578,20,101.0,1089.0,0.0,12.0,16.99,83.5,7.0,19.2,20.0
52.669,20,101.0,1089.0,0.0,12.0,16.99,83.5,7.0,19.2,20.0
52.758,20,101.0,1089.0,0.0,12.0,16.99,83.5,7.0,19.2,20.0
52.848,20,101.0,1089.0,0.0,12.0,16.99,83.5,7.0,20.0,20.0
52.938,20,101.0,1089.0,0.0,12.0,16.99,83.5,7.0,20.0,20.0
53.028,20,101.0,1089.0,0.0,12.0,16.99,83.5,7.0,20.0,20.0
53.119,20,102.0,1089.0,0.0,12.0,16.99,83.5,7.0,20.0,20.0
53.208,20,102.0,905.0,0.0,12.0,16.99,83.5,7.0,20.0,20.0
53.298,20,102.0,905.0,4.0,12.0,16.99,83.5,7.0,20.0,20.0
53.395,20,102.0,905.0,4.0,12.0,16.99,83.5,7.0,20.0,20.0
53.478,20,102.0,905.0,4.0,12.0,15.77,83.5,7.0,20.0,20.0
53.569,20,102.0,905.0,4.0,12.0,15.77,83.5,7.0,20.0,20.0
53.658,20,102.0,905.0,4.0,12.0,15.77,83.5,7.0,20.0,20.0
53.748,20,102.0,905.0,4.0,12.0,15.77,83.5,7.0,23.1,20.0
53.837,20,102.0,905.0,4.0,12.0,15.77,83.5,7.0,23.1,24.3
53.928,20,102.0,905.0,4.0,12.0,15.77,83.5,7.0,23.1,24.3
54.018,20,105.0,905.0,4.0,12.0,15.77,83.5,7.0,23.1,24.3
54.108,20,105.0,1308.0,4.0,12.0,15.77,83.5,7.0,23.1,24.3
54.198,20,105.0,1308.0,12.0,12.0,15.77,83.5,7.0,23.1,24.3
54.288,20,105.0,1308.0,12.0,12.0,15.77,83.5,7.0,23.1,24.3
54.378,20,105.0,1308.0,12.0,12.0,30.05,83.5,7.0,23.1,24.3
54.468,20,105.0,1308.0,12.0,12.0,30.05,83.5,7.0,23.1,24.3
54.558,20,105.0,1308.0,12.0,12.0,30.05,83.5,7.0,23.1,24.3
54.648,20,105.0,1308.0,12.0,12.0,30.05,83.5,7.0,43.9,24.3
54.737,20,105.0,1308.0,12.0,12.0,30.05,83.5,7.0,43.9,44.7
54.828,20,105.0,1308.0,12.0,12.0,30.05,83.5,7.0,43.9,44.7
54.917,20,129.0,1308.0,12.0,12.0,30.05,83.5,7.0,43.9,44.7
55.008,20,129.0,2034.0,12.0,12.0,30.05,83.5,7.0,43.9,44.7
55.098,20,129.0,2034.0,18.0,12.0,30.05,83.5,7.0,43.9,44.7
55.187,20,129.0,2034.0,18.0,15.0,30.05,83.5,7.0,43.9,44.7
55.278,20,129.0,2034.0,18.0,15.0,56.69,83.5,7.0,43.9,44.7
55.368,20,129.0,2034.0,18.0,15.0,56.69,83.5,7.0,43.9,44.7
55.458,20,129.0,2034.0,18.0,15.0,56.69,83.5,7.0,43.9,44.7
55.552,20,129.0,2034.0,18.0,15.0,56.69,83.5,7.0,27.5,44.7
55.637,20,129.0,2034.0,18.0,15.0,56.69,83.5,7.0,27.5,14.5
55.726,20,129.0,2034.0,18.0,15.0,56.69,83.5,7.0,27.5,14.5
55.817,20,107.0,2034.0,18.0,15.0,56.69,83.5,7.0,27.5,14.5
55.906,20,107.0,1820.0,18.0,15.0,56.69,83.5,7.0,27.5,14.5
55.997,20,107.0,1820.0,19.0,15.0,56.69,83.5,7.0,27.5,14.5
56.087,20,107.0,1820.0,19.0,17.0,56.69,83.5,7.0,27.5,14.5
56.177,20,107.0,1820.0,19.0,17.0,26.63,83.5,7.0,27.5,14.5
56.267,20,107.0,1820.0,19.0,17.0,26.63,31.0,7.0,27.5,14.5
56.357,20,107.0,1820.0,19.0,17.0,26.63,31.0,7.0,27.5,14.5
56.447,20,107.0,1820.0,19.0,17.0,26.63,31.0,7.0,36.1,14.5
56.536,20,107.0,1820.0,19.0,17.0,26.63,31.0,7.0,36.1,38.8
56.626,20,107.0,1820.0,19.0,17.0,26.63,31.0,7.0,36.1,38.8
56.717,20,108.0,1820.0,19.0,17.0,26.63,31.0,7.0,36.1,38.8
56.809,20,108.0,1166.0,19.0,17.0,26.63,31.0,7.0,36.1,38.8
56.896,20,108.0,1166.0,20.0,17.0,26.63,31.0,7.0,36.1,38.8
56.987,20,108.0,1166.0,20.0,13.0,26.63,31.0,7.0,36.1,38.8
57.077,20,108.0,1166.0,20.0,13.0,23.72,31.0,7.0,36.1,38.8
57.167,20,108.0,1166.0,20.0,13.0,23.72,83.5,7.0,36.1,38.8
57.257,20,108.0,1166.0,20.0,13.0,23.72,83.5,7.0,36.1,38.8
57.347,20,108.0,1166.0,20.0,13.0,23.72,83.5,7.0,40.8,38.8
57.437,20,108.0,1166.0,20.0,13.0,23.72,83.5,7.0,40.8,40.8
57.527,20,108.0,1166.0,20.0,13.0,23.72,83.5,7.0,40.8,40.8
57.617,20,122.0,1166.0,20.0,13.0,23.72,83.5,7.0,40.8,40.8
57.707,20,122.0,1298.0,20.0,13.0,23.72,83.5,7.0,40.8,40.8
57.796,20,122.0,1298.0,22.0,13.0,23.72,83.5,7.0,40.8,40.8
57.887,20,122.0,1298.0,22.0,13.0,23.72,83.5,7.0,40.8,40.8
57.977,20,122.0,1298.0,22.0,13.0,27.11,83.5,7.0,40.8,40.8
58.067,20,122.0,1298.0,22.0,13.0,27.11,83.5,7.0,40.8,40.8
58.156,20,122.0,1298.0,22.0,13.0,27.11,83.5,7.0,40.8,40.8
58.246,20,122.0,1298.0,22.0,13.0,27.11,83.5,7.0,34.5,40.8
58.336,20,122.0,1298.0,22.0,13.0,27.11,83.5,7.0,34.5,34.9
58.426,21,122.0,1298.0,22.0,13.0,27.11,83.5,7.0,34.5,34.9
58.516,21,113.0,1298.0,22.0,13.0,27.11,83.5,7.0,34.5,34.9
58.607,21,113.0,1324.0,22.0,13.0,27.11,83.5,7.0,34.5,34.9
58.696,21,113.0,1324.0,23.0,13.0,27.11,83.5,7.0,34.5,34.9
58.787,21,113.0,1324.0,23.0,13.0,27.11,83.5,7.0,34.5,34.9
58.876,21,113.0,1324.0,23.0,13.0,25.13,83.5,7.0,34.5,34.9
58.967,21,113.0,1324.0,23.0,13.0,25.13,83.5,7.0,34.5,34.9
59.057,21,113.0,1324.0,23.0,13.0,25.13,83.5,6.0,34.5,34.9
59.147,21,113.0,1324.0,23.0,13.0,25.13,83.5,6.0,33.3,34.9
59.236,21,113.0,1324.0,23.0,13.0,25.13,83.5,6.0,33.3,33.7
59.326,21,113.0,1324.0,23.0,13.0,25.13,83.5,6.0,33.3,33.7
59.418,21,107.0,1324.0,23.0,13.0,25.13,83.5,6.0,33.3,33.7
59.506,21,107.0,1310.0,23.0,13.0,25.13,83.5,6.0,33.3,33.7
59.597,21,107.0,1310.0,22.0,13.0,25.13,83.5,6.0,33.3,33.7
59.717,21,107.0,1310.0,22.0,13.0,25.13,83.5,6.0,33.3,33.7
59.807,21,107.0,1310.0,22.0,13.0,22.83,83.5,6.0,33.3,33.7
59.897,21,107.0,1310.0,22.0,13.0,22.83,83.5,6.0,33.3,33.7
59.986,21,107.0,1310.0,22.0,13.0,22.83,83.5,6.0,33.3,33.7
60.077,21,107.0,1310.0,22.0,13.0,22.83,83.5,6.0,14.1,33.7
60.166,21,107.0,1310.0,22.0,13.0,22.83,83.5,6.0,14.1,14.5
60.257,21,107.0,1310.0,22.0,13.0,22.83,83.5,6.0,14.1,14.5
60.347,21,106.0,1310.0,22.0,13.0,22.83,83.5,6.0,14.1,14.5
60.437,21,106.0,1057.0,22.0,13.0,22.83,83.5,6.0,14.1,14.5
60.526,21,106.0,1057.0,20.0,13.0,22.83,83.5,6.0,14.1,14.5
60.616,21,106.0,1057.0,20.0,13.0,22.83,83.5,6.0,14.1,14.5
60.708,21,106.0,1057.0,20.0,13.0,18.63,83.5,6.0,14.1,14.5
60.796,21,106.0,1057.0,20.0,13.0,18.63,83.5,6.0,14.1,14.5
60.887,21,106.0,1057.0,20.0,13.0,18.63,83.5,6.0,14.1,14.5
60.976,21,106.0,1057.0,20.0,13.0,18.63,83.5,6.0,14.1,14.5
61.067,21,106.0,1057.0,20.0,13.0,18.63,83.5,6.0,14.1,14.5
61.157,21,106.0,1057.0,20.0,13.0,18.63,83.5,6.0,14.1,14.5
61.247,21,106.0,1057.0,20.0,13.0,18.63,83.5,6.0,14.1,14.5
61.336,21,106.0,981.0,20.0,13.0,18.63,83.5,6.0,14.1,14.5
61.427,21,106.0,981.0,18.0,13.0,18.63,83.5,6.0,14.1,14.5
61.517,21,106.0,981.0,18.0,12.0,18.63,83.5,6.0,14.1,14.5
61.608,21,106.0,981.0,18.0,12.0,17.36,83.5,6.0,14.1,14.5
61.696,21,106.0,981.0,18.0,12.0,17.36,83.5,6.0,14.1,14.5
61.787,21,106.0,981.0,18.0,12.0,17.36,83.5,6.0,14.1,14.5
61.877,21,106.0,981.0,18.0,12.0,17.36,83.5,6.0,14.1,14.5
61.968,21,106.0,981.0,18.0,12.0,17.36,83.5,6.0,14.1,14.5
62.057,21,106.0,981.0,18.0,12.0,17.36,83.5,6.0,14.1,14.5
62.147,21,105.0,981.0,18.0,12.0,17.36,83.5,6.0,14.1,14.5
62.237,21,105.0,956.0,18.0,12.0,17.36,83.5,6.0,14.1,14.5
62.327,21,105.0,956.0,14.0,12.0,17.36,83.5,6.0,14.1,14.5
62.417,21,105.0,956.0,14.0,11.0,17.36,83.5,6.0,14.1,14.5
62.507,21,105.0,956.0,14.0,11.0,17.13,83.5,6.0,14.1,14.5
62.597,21,105.0,956.0,14.0,11.0,17.13,83.5,6.0,14.1,14.5
62.687,21,105.0,956.0,14.0,11.0,17.13,83.5,6.0,14.1,14.5
62.777,21,105.0,956.0,14.0,11.0,17.13,83.5,6.0,14.1,14.5
62.868,21,105.0,956.0,14.0,11.0,17.13,83.5,6.0,14.1,14.5
62.957,21,105.0,956.0,14.0,11.0,17.13,83.5,6.0,14.1,14.5
63.047,21,104.0,956.0,14.0,11.0,17.13,83.5,6.0,14.1,14.5
63.137,21,104.0,948.0,14.0,11.0,17.13,83.5,6.0,14.1,14.5
63.227,21,104.0,948.0,12.0,11.0,17.13,83.5,6.0,14.1,14.5
63.318,21,104.0,948.0,12.0,11.0,17.13,83.5,6.0,14.1,14.5
63.407,21,104.0,948.0,12.0,11.0,16.86,83.5,6.0,14.1,14.5
63.497,21,104.0,948.0,12.0,11.0,16.86,83.5,6.0,14.1,14.5
63.587,21,104.0,948.0,12.0,11.0,16.86,83.5,6.0,14.1,14.5
63.677,21,104.0,948.0,12.0,11.0,16.86,83.5,6.0,14.1,14.5
63.797,21,104.0,948.0,12.0,11.0,16.86,83.5,6.0,14.1,14.5
63.887,21,104.0,948.0,12.0,11.0,16.86,83.5,6.0,14.1,14.5
63.977,21,104.0,948.0,12.0,11.0,16.86,83.5,6.0,14.1,14.5
64.066,21,104.0,946.0,12.0,11.0,16.86,83.5,6.0,14.1,14.5
64.157,21,104.0,946.0,8.0,11.0,16.86,83.5,6.0,14.1,14.5
64.246,21,104.0,946.0,8.0,11.0,16.86,83.5,6.0,14.1,14.5
64.336,21,104.0,946.0,8.0,11.0,16.8,83.5,6.0,14.1,14.5
64.426,21,104.0,946.0,8.0,11.0,16.8,83.5,6.0,14.1,14.5
64.517,21,104.0,946.0,8.0,11.0,16.8,83.5,6.0,14.1,14.5
64.606,21,104.0,946.0,8.0,11.0,16.8,83.5,6.0,14.1,14.5
64.726,21,104.0,946.0,8.0,11.0,16.8,83.5,6.0,14.1,14.5
64.847,21,104.0,946.0,8.0,11.0,16.8,83.5,6.0,14.1,14.5
64.936,21,104.0,946.0,8.0,11.0,16.8,83.5,6.0,14.1,14.5
65.027,21,104.0,944.0,8.0,11.0,16.8,83.5,6.0,14.1,14.5
65.117,21,104.0,944.0,7.0,11.0,16.8,83.5,6.0,14.1,14.5
65.207,21,104.0,944.0,7.0,11.0,16.8,83.5,6.0,14.1,14.5
65.296,21,104.0,944.0,7.0,11.0,16.49,83.5,6.0,14.1,14.5
65.387,21,104.0,944.0,7.0,11.0,16.49,83.5,6.0,14.1,14.5
65.477,21,104.0,944.0,7.0,11.0,16.49,83.5,6.0,14.1,14.5
65.567,21,104.0,944.0,7.0,11.0,16.49,83.5,6.0,15.7,14.5
65.657,21,104.0,944.0,7.0,11.0,16.49,83.5,6.0,15.7,15.3
65.747,21,104.0,944.0,7.0,11.0,16.49,83.5,6.0,15.7,15.3
65.837,21,103.0,944.0,7.0,11.0,16.49,83.5,6.0,15.7,15.3
65.927,21,103.0,908.0,7.0,11.0,16.49,83.5,6.0,15.7,15.3
66.017,21,103.0,908.0,6.0,11.0,16.49,83.5,6.0,15.7,15.3
66.107,21,103.0,908.0,6.0,11.0,16.49,83.5,6.0,15.7,15.3
66.197,21,103.0,908.0,6.0,11.0,15.41,83.5,6.0,15.7,15.3
66.286,21,103.0,908.0,6.0,11.0,15.41,83.5,6.0,15.7,15.3
66.377,21,103.0,908.0,6.0,11.0,15.41,83.5,6.0,15.7,15.3
66.467,21,103.0,908.0,6.0,11.0,15.41,83.5,6.0,23.5,15.3
66.556,21,103.0,908.0,6.0,11.0,15.41,83.5,6.0,23.5,24.3
66.647,21,103.0,908.0,6.0,11.0,15.41,83.5,6.0,23.5,24.3
66.736,21,104.0,908.0,6.0,11.0,15.41,83.5,6.0,23.5,24.3
66.827,21,104.0,909.0,6.0,11.0,15.41,83.5,6.0,23.5,24.3
66.916,21,104.0,909.0,8.0,11.0,15.41,83.5,6.0,23.5,24.3
67.007,21,104.0,909.0,8.0,11.0,15.41,83.5,6.0,23.5,24.3
67.096,21,104.0,909.0,8.0,11.0,15.13,83.5,6.0,23.5,24.3
67.187,21,104.0,909.0,8.0,11.0,15.13,83.5,6.0,23.5,24.3
67.276,21,104.0,909.0,8.0,11.0,15.13,83.5,6.0,23.5,24.3
67.367,21,104.0,909.0,8.0,11.0,15.13,83.5,6.0,24.3,24.3
67.456,21,104.0,909.0,8.0,11.0,15.13,83.5,6.0,24.3,24.3
67.546,22,104.0,909.0,8.0,11.0,15.13,83.5,6.0,24.3,24.3
67.637,22,106.0,909.0,8.0,11.0,15.13,83.5,6.0,24.3,24.3
67.726,22,106.0,898.0,8.0,11.0,15.13,83.5,6.0,24.3,24.3
67.816,22,106.0,898.0,12.0,11.0,15.13,83.5,6.0,24.3,24.3
67.906,22,106.0,898.0,12.0,11.0,15.13,83.5,6.0,24.3,24.3
67.996,22,106.0,898.0,12.0,11.0,15.8,83.5,6.0,24.3,24.3
68.087,22,106.0,898.0,12.0,11.0,15.8,83.5,6.0,24.3,24.3
68.176,22,106.0,898.0,12.0,11.0,15.8,83.5,6.0,24.3,24.3
68.266,22,106.0,898.0,12.0,11.0,15.8,83.5,6.0,24.7,24.3
68.356,22,106.0,898.0,12.0,11.0,15.8,83.5,6.0,24.7,24.3
68.447,22,106.0,898.0,12.0,11.0,15.8,83.5,6.0,24.7,24.3
68.536,22,107.0,898.0,12.0,11.0,15.8,83.5,6.0,24.7,24.3
68.626,22,107.0,997.0,12.0,11.0,15.8,83.5,6.0,24.7,24.3
68.716,22,107.0,997.0,17.0,11.0,15.8,83.5,6.0,24.7,24.3
68.806,22,107.0,997.0,17.0,11.0,15.8,83.5,6.0,24.7,24.3
68.896,22,107.0,997.0,17.0,11.0,19.16,83.5,6.0,24.7,24.3
68.987,22,107.0,997.0,17.0,11.0,19.16,83.5,6.0,24.7,24.3
69.076,22,107.0,997.0,17.0,11.0,19.16,83.5,6.0,24.7,24.3
69.167,22,107.0,997.0,17.0,11.0,19.16,83.5,6.0,35.3,24.3
69.257,22,107.0,997.0,17.0,11.0,19.16,83.5,6.0,35.3,36.5
69.347,22,107.0,997.0,17.0,11.0,19.16,83.5,6.0,35.3,36.5
69.437,22,114.0,997.0,17.0,11.0,19.16,83.5,6.0,35.3,36.5
69.528,22,114.0,1287.0,17.0,11.0,19.16,83.5,6.0,35.3,36.5
69.617,22,114.0,1287.0,22.0,11.0,19.16,83.5,6.0,35.3,36.5
69.737,22,114.0,1287.0,22.0,12.0,19.16,83.5,6.0,35.3,36.5
69.827,22,114.0,1287.0,22.0,12.0,28.97,83.5,6.0,35.3,36.5
69.916,22,114.0,1287.0,22.0,12.0,28.97,83.5,6.0,35.3,36.5
70.006,22,114.0,1287.0,22.0,12.0,28.97,83.5,6.0,35.3,36.5
70.097,22,114.0,1287.0,22.0,12.0,28.97,83.5,6.0,36.1,36.5
70.187,22,114.0,1287.0,22.0,12.0,28.97,83.5,6.0,36.1,36.5
70.276,22,114.0,1287.0,22.0,12.0,28.97,83.5,6.0,36.1,36.5
70.367,22,125.0,1287.0,22.0,12.0,28.97,83.5,6.0,36.1,36.5
70.456,22,125.0,1523.0,22.0,12.0,28.97,83.5,6.0,36.1,36.5
70.546,22,125.0,1523.0,26.0,12.0,28.97,83.5,6.0,36.1,36.5
70.637,22,125.0,1523.0,26.0,14.0,28.97,83.5,6.0,36.1,36.5
70.727,22,125.0,1523.0,26.0,14.0,30.8,83.5,6.0,36.1,36.5
70.816,22,125.0,1523.0,26.0,14.0,30.8,83.5,6.0,36.1,36.5
70.906,22,125.0,1523.0,26.0,14.0,30.8,83.5,6.0,36.1,36.5
70.996,22,125.0,1523.0,26.0,14.0,30.8,83.5,6.0,30.2,36.5
71.087,22,125.0,1523.0,26.0,14.0,30.8,83.5,6.0,30.2,30.6
71.177,22,125.0,1523.0,26.0,14.0,30.8,83.5,6.0,30.2,30.6
71.267,22,105.0,1523.0,26.0,14.0,30.8,83.5,6.0,30.2,30.6
71.356,22,105.0,1596.0,26.0,14.0,30.8,83.5,6.0,30.2,30.6
71.446,22,105.0,1596.0,27.0,14.0,30.8,83.5,6.0,30.2,30.6
71.536,22,105.0,1596.0,27.0,14.0,30.8,83.5,6.0,30.2,30.6
71.627,22,105.0,1596.0,27.0,14.0,28.88,83.5,6.0,30.2,30.6
71.716,22,105.0,1596.0,27.0,14.0,28.88,83.5,6.0,30.2,30.6
71.806,22,105.0,1596.0,27.0,14.0,28.88,83.5,6.0,30.2,30.6
71.896,22,105.0,1596.0,27.0,14.0,28.88,83.5,6.0,32.2,30.6
71.986,22,105.0,1596.0,27.0,14.0,28.88,83.5,6.0,32.2,32.2
72.076,22,105.0,1596.0,27.0,14.0,28.88,83.5,6.0,32.2,32.2
72.167,22,101.0,1596.0,27.0,14.0,28.88,83.5,6.0,32.2,32.2
72.256,22,101.0,1614.0,27.0,14.0,28.88,83.5,6.0,32.2,32.2
72.347,22,101.0,1614.0,28.0,14.0,28.88,83.5,6.0,32.2,32.2
72.437,22,101.0,1614.0,28.0,14.0,28.88,83.5,6.0,32.2,32.2
72.527,22,101.0,1614.0,28.0,14.0,29.77,83.5,6.0,32.2,32.2
72.617,22,101.0,1614.0,28.0,14.0,29.77,83.5,6.0,32.2,32.2
72.707,22,101.0,1614.0,28.0,14.0,29.77,83.5,6.0,32.2,32.2
72.796,22,101.0,1614.0,28.0,14.0,29.77,83.5,6.0,31.8,32.2
72.887,22,101.0,1614.0,28.0,14.0,29.77,83.5,6.0,31.8,31.8
72.976,22,101.0,1614.0,28.0,14.0,29.77,83.5,6.0,31.8,31.8
73.067,22,103.0,1614.0,28.0,14.0,29.77,83.5,6.0,31.8,31.8
73.156,22,103.0,1670.0,28.0,14.0,29.77,83.5,6.0,31.8,31.8
73.246,22,103.0,1670.0,29.0,14.0,29.77,83.5,6.0,31.8,31.8
73.336,22,103.0,1670.0,29.0,14.0,29.77,83.5,6.0,31.8,31.8
73.426,22,103.0,1670.0,29.0,14.0,30.91,83.5,6.0,31.8,31.8
73.516,22,103.0,1670.0,29.0,14.0,30.91,83.5,6.0,31.8,31.8
73.636,22,103.0,1670.0,29.0,14.0,30.91,83.5,6.0,31.8,31.8
73.726,22,103.0,1670.0,29.0,14.0,30.91,83.5,6.0,31.4,31.8
73.816,22,103.0,1670.0,29.0,14.0,30.91,83.5,6.0,31.4,31.8
73.906,22,103.0,1670.0,29.0,14.0,30.91,83.5,6.0,31.4,31.8
73.997,22,104.0,1670.0,29.0,14.0,30.91,83.5,6.0,31.4,31.8
74.087,22,104.0,1713.0,29.0,14.0,30.91,83.5,6.0,31.4,31.8
74.176,22,104.0,1713.0,29.0,14.0,30.91,83.5,6.0,31.4,31.8
74.266,22,104.0,1713.0,29.0,14.0,30.91,83.5,6.0,31.4,31.8
74.356,22,104.0,1713.0,29.0,14.0,32.08,83.5,6.0,31.4,31.8
74.447,22,104.0,1713.0,29.0,14.0,32.08,83.5,6.0,31.4,31.8
74.536,22,104.0,1713.0,29.0,14.0,32.08,83.5,6.0,31.4,31.8
74.626,22,104.0,1713.0,29.0,14.0,32.08,83.5,6.0,31.0,31.8
74.746,22,104.0,1713.0,29.0,14.0,32.08,83.5,6.0,31.0,31.4
74.836,23,104.0,1713.0,29.0,14.0,32.08,83.5,6.0,31.0,31.4
74.927,23,104.0,1713.0,29.0,14.0,32.08,83.5,6.0,31.0,31.4
75.016,23,104.0,1715.0,29.0,14.0,32.08,83.5,6.0,31.0,31.4
75.106,23,104.0,1715.0,29.0,14.0,32.08,83.5,6.0,31.0,31.4
75.196,23,104.0,1715.0,29.0,13.0,32.08,83.5,6.0,31.0,31.4
75.287,23,104.0,1715.0,29.0,13.0,31.69,83.5,6.0,31.0,31.4
75.407,23,104.0,1715.0,29.0,13.0,31.69,83.5,6.0,31.0,31.4
75.498,23,104.0,1715.0,29.0,13.0,31.69,83.5,5.0,31.0,31.4
75.587,23,104.0,1715.0,29.0,13.0,31.69,83.5,5.0,31.0,31.4
75.676,23,104.0,1715.0,29.0,13.0,31.69,83.5,5.0,31.0,31.4
75.767,23,104.0,1715.0,29.0,13.0,31.69,83.5,5.0,31.0,31.4
75.857,23,104.0,1715.0,29.0,13.0,31.69,83.5,5.0,31.0,31.4
75.948,23,104.0,1731.0,29.0,13.0,31.69,83.5,5.0,31.0,31.4
76.038,23,104.0,1731.0,30.0,13.0,31.69,83.5,5.0,31.0,31.4
76.126,23,104.0,1731.0,30.0,13.0,31.69,83.5,5.0,31.0,31.4
76.216,23,104.0,1731.0,30.0,13.0,31.94,83.5,5.0,31.0,31.4
76.336,23,104.0,1731.0,30.0,13.0,31.94,83.5,5.0,31.0,31.4
76.426,23,104.0,1731.0,30.0,13.0,31.94,83.5,5.0,31.0,31.4
76.516,23,104.0,1731.0,30.0,13.0,31.94,83.5,5.0,30.6,31.4
76.606,23,104.0,1731.0,30.0,13.0,31.94,83.5,5.0,30.6,29.0
76.696,23,104.0,1731.0,30.0,13.0,31.94,83.5,5.0,30.6,29.0
76.786,23,104.0,1731.0,30.0,13.0,31.94,83.5,5.0,30.6,29.0
76.876,23,104.0,1733.0,30.0,13.0,31.94,83.5,5.0,30.6,29.0
76.966,23,104.0,1733.0,30.0,13.0,31.94,83.5,5.0,30.6,29.0
77.056,23,104.0,1733.0,30.0,13.0,31.94,83.5,5.0,30.6,29.0
77.146,23,104.0,1733.0,30.0,13.0,31.11,83.5,5.0,30.6,29.0
77.236,23,104.0,1733.0,30.0,13.0,31.11,83.5,5.0,30.6,29.0
77.326,23,104.0,1733.0,30.0,13.0,31.11,83.5,5.0,30.6,29.0
77.416,23,104.0,1733.0,30.0,13.0,31.11,83.5,5.0,14.1,29.0
77.506,23,104.0,1733.0,30.0,13.0,31.11,83.5,5.0,14.1,14.5
77.596,23,104.0,1733.0,30.0,13.0,31.11,83.5,5.0,14.1,14.5
77.686,23,105.0,1733.0,30.0,13.0,31.11,83.5,5.0,14.1,14.5
77.776,23,105.0,1626.0,30.0,13.0,31.11,83.5,5.0,14.1,14.5
77.866,23,105.0,1626.0,28.0,13.0,31.11,83.5,5.0,14.1,14.5
77.956,23,105.0,1626.0,28.0,13.0,31.11,83.5,5.0,14.1,14.5
78.046,23,105.0,1626.0,28.0,13.0,30.86,83.5,5.0,14.1,14.5
78.136,23,105.0,1626.0,28.0,13.0,30.86,83.5,5.0,14.1,14.5
78.227,23,105.0,1626.0,28.0,13.0,30.86,83.5,5.0,14.1,14.5
78.316,23,105.0,1626.0,28.0,13.0,30.86,83.5,5.0,14.1,14.5
78.407,23,105.0,1626.0,28.0,13.0,30.86,83.5,5.0,14.1,14.5
78.497,23,105.0,1626.0,28.0,13.0,30.86,83.5,5.0,14.1,14.5
78.587,23,111.0,1626.0,28.0,13.0,30.86,83.5,5.0,14.1,14.5
78.677,23,111.0,1474.0,28.0,13.0,30.86,83.5,5.0,14.1,14.5
78.767,23,111.0,1474.0,25.0,13.0,30.86,83.5,5.0,14.1,14.5
78.858,23,111.0,1474.0,25.0,13.0,30.86,83.5,5.0,14.1,14.5
78.949,23,111.0,1474.0,25.0,13.0,28.47,83.5,5.0,14.1,14.5
79.036,23,111.0,1474.0,25.0,13.0,28.47,83.5,5.0,14.1,14.5
79.127,23,111.0,1474.0,25.0,13.0,28.47,83.5,5.0,14.1,14.5
79.217,23,111.0,1474.0,25.0,13.0,28.47,83.5,5.0,14.1,14.5
79.306,23,111.0,1474.0,25.0,13.0,28.47,83.5,5.0,14.1,14.5
79.397,23,111.0,1474.0,25.0,13.0,28.47,83.5,5.0,14.1,14.5
79.487,23,111.0,1474.0,25.0,13.0,28.47,83.5,5.0,14.1,14.5
79.577,23,111.0,1330.0,25.0,13.0,28.47,83.5,5.0,14.1,14.5
79.669,23,111.0,1330.0,23.0,13.0,28.47,83.5,5.0,14.1,14.5
79.786,23,111.0,1330.0,23.0,12.0,28.47,83.5,5.0,14.1,14.5
79.876,23,111.0,1330.0,23.0,12.0,24.91,83.5,5.0,14.1,14.5
79.967,23,111.0,1330.0,23.0,12.0,24.91,83.5,5.0,14.1,14.5
80.057,23,111.0,1330.0,23.0,12.0,24.91,83.5,5.0,14.1,14.5
80.15,23,111.0,1330.0,23.0,12.0,24.91,83.5,5.0,14.1,14.5
80.237,23,111.0,1330.0,23.0,12.0,24.91,83.5,5.0,14.1,14.5
80.326,23,111.0,1330.0,23.0,12.0,24.91,83.5,5.0,14.1,14.5
80.416,23,109.0,1330.0,23.0,12.0,24.91,83.5,5.0,14.1,14.5
80.506,23,109.0,1035.0,23.0,12.0,24.91,83.5,5.0,14.1,14.5
80.597,23,109.0,1035.0,21.0,12.0,24.91,83.5,5.0,14.1,14.5
80.686,23,109.0,1035.0,21.0,12.0,24.91,83.5,5.0,14.1,14.5
80.776,23,109.0,1035.0,21.0,12.0,18.58,83.5,5.0,14.1,14.5
80.866,23,109.0,1035.0,21.0,12.0,18.58,83.5,5.0,14.1,14.5
80.957,23,109.0,1035.0,21.0,12.0,18.58,83.5,5.0,14.1,14.5
81.046,23,109.0,1035.0,21.0,12.0,18.58,83.5,5.0,14.1,14.5
81.197,23,109.0,1035.0,21.0,12.0,18.58,83.5,5.0,14.1,14.5
81.287,24,109.0,1035.0,21.0,12.0,18.58,83.5,5.0,14.1,14.5
81.377,24,106.0,1035.0,21.0,12.0,18.58,83.5,5.0,14.1,14.5
81.467,24,106.0,969.0,21.0,12.0,18.58,83.5,5.0,14.1,14.5
81.558,24,106.0,969.0,18.0,12.0,18.58,83.5,5.0,14.1,14.5
81.677,24,106.0,969.0,18.0,10.0,18.58,83.5,5.0,14.1,14.5
81.767,24,106.0,969.0,18.0,10.0,17.13,83.5,5.0,14.1,14.5
81.868,24,106.0,969.0,18.0,10.0,17.13,83.5,5.0,14.1,14.5
81.976,24,106.0,969.0,18.0,10.0,17.13,83.5,5.0,14.1,14.5
82.066,24,106.0,969.0,18.0,10.0,17.13,83.5,5.0,14.1,14.5
82.157,24,106.0,969.0,18.0,10.0,17.13,83.5,5.0,14.1,14.5
82.247,24,106.0,969.0,18.0,10.0,17.13,83.5,5.0,14.1,14.5
82.336,24,105.0,969.0,18.0,10.0,17.13,83.5,5.0,14.1,14.5
82.426,24,105.0,950.0,18.0,10.0,17.13,83.5,5.0,14.1,14.5
82.516,24,105.0,950.0,13.0,10.0,17.13,83.5,5.0,14.1,14.5
82.607,24,105.0,950.0,13.0,10.0,17.13,83.5,5.0,14.1,14.5
82.697,24,105.0,950.0,13.0,10.0,16.99,83.5,5.0,14.1,14.5
82.787,24,105.0,950.0,13.0,10.0,16.99,83.5,5.0,14.1,14.5
82.877,24,105.0,950.0,13.0,10.0,16.99,83.5,5.0,14.1,14.5
82.97,24,105.0,950.0,13.0,10.0,16.99,83.5,5.0,14.5,14.5
83.057,24,105.0,950.0,13.0,10.0,16.99,83.5,5.0,14.5,14.5
83.177,24,105.0,950.0,13.0,10.0,16.99,83.5,5.0,14.5,14.5
83.266,24,104.0,950.0,13.0,10.0,16.99,83.5,5.0,14.5,14.5
83.356,24,104.0,946.0,13.0,10.0,16.99,83.5,5.0,14.5,14.5
83.448,24,104.0,946.0,9.0,10.0,16.99,83.5,5.0,14.5,14.5
83.537,24,104.0,946.0,9.0,10.0,16.99,83.5,5.0,14.5,14.5
83.627,24,104.0,946.0,9.0,10.0,16.63,83.5,5.0,14.5,14.5
83.717,24,104.0,946.0,9.0,10.0,16.63,83.5,5.0,14.5,14.5
83.807,24,104.0,946.0,9.0,10.0,16.63,83.5,5.0,14.5,14.5
83.897,24,104.0,946.0,9.0,10.0,16.63,83.5,5.0,14.1,14.5
83.987,24,104.0,946.0,9.0,10.0,16.63,83.5,5.0,14.1,14.5
84.081,24,104.0,946.0,9.0,10.0,16.63,83.5,5.0,14.1,14.5
84.167,24,103.0,946.0,9.0,10.0,16.63,83.5,5.0,14.1,14.5
84.257,24,103.0,941.0,9.0,10.0,16.63,83.5,5.0,14.1,14.5
84.348,24,103.0,941.0,4.0,10.0,16.63,83.5,5.0,14.1,14.5
84.437,24,103.0,941.0,4.0,10.0,16.63,83.5,5.0,14.1,14.5
84.527,24,103.0,941.0,4.0,10.0,16.69,83.5,5.0,14.1,14.5
84.617,24,103.0,941.0,4.0,10.0,16.69,83.5,5.0,14.1,14.5
84.737,24,103.0,941.0,4.0,10.0,16.69,83.5,5.0,14.1,14.5
84.827,24,103.0,941.0,4.0,10.0,16.69,83.5,5.0,14.1,14.5
84.916,24,103.0,941.0,4.0,10.0,16.69,83.5,5.0,14.1,14.5
85.006,24,103.0,941.0,4.0,10.0,16.69,83.5,5.0,14.1,14.5
85.097,24,103.0,941.0,4.0,10.0,16.69,83.5,5.0,14.1,14.5
85.187,24,103.0,892.0,4.0,10.0,16.69,83.5,5.0,14.1,14.5
85.277,24,103.0,892.0,2.0,10.0,16.69,83.5,5.0,14.1,14.5
85.367,24,103.0,892.0,2.0,10.0,16.69,83.5,5.0,14.1,14.5
85.457,24,103.0,892.0,2.0,10.0,15.97,83.5,5.0,14.1,14.5
85.549,24,103.0,892.0,2.0,10.0,15.97,83.5,5.0,14.1,14.5
85.637,24,103.0,892.0,2.0,10.0,15.97,83.5,5.0,14.1,14.5
85.728,24,103.0,892.0,2.0,10.0,15.97,83.5,5.0,19.6,14.5
85.817,24,103.0,892.0,2.0,10.0,15.97,83.5,5.0,19.6,19.6
85.908,24,103.0,892.0,2.0,10.0,15.97,83.5,5.0,19.6,19.6
85.997,24,103.0,892.0,2.0,10.0,15.97,83.5,5.0,19.6,19.6
86.093,24,103.0,896.0,2.0,10.0,15.97,83.5,5.0,19.6,19.6
86.177,24,103.0,896.0,5.0,10.0,15.97,83.5,5.0,19.6,19.6
86.267,24,103.0,896.0,5.0,10.0,15.97,83.5,5.0,19.6,19.6
86.357,24,103.0,896.0,5.0,10.0,17.05,83.5,5.0,19.6,19.6
86.447,24,103.0,896.0,5.0,10.0,17.05,83.5,5.0,19.6,19.6
86.537,24,103.0,896.0,5.0,10.0,17.05,83.5,5.0,19.6,19.6
86.627,24,103.0,896.0,5.0,10.0,17.05,83.5,5.0,23.9,19.6
86.717,24,103.0,896.0,5.0,10.0,17.05,83.5,5.0,23.9,25.1
86.807,24,103.0,896.0,5.0,10.0,17.05,83.5,5.0,23.9,25.1
86.897,24,107.0,896.0,5.0,10.0,17.05,83.5,5.0,23.9,25.1
86.987,24,107.0,1363.0,5.0,10.0,17.05,83.5,5.0,23.9,25.1
87.083,24,107.0,1363.0,12.0,10.0,17.05,83.5,5.0,23.9,25.1
87.167,24,107.0,1363.0,12.0,11.0,17.05,83.5,5.0,23.9,25.1
87.257,24,107.0,1363.0,12.0,11.0,29.83,83.5,5.0,23.9,25.1
87.347,24,107.0,1363.0,12.0,11.0,29.83,83.5,5.0,23.9,25.1
87.437,24,107.0,1363.0,12.0,11.0,29.83,83.5,5.0,23.9,25.1
87.527,24,107.0,1363.0,12.0,11.0,29.83,83.5,5.0,31.8,25.1
87.617,24,107.0,1363.0,12.0,11.0,29.83,83.5,5.0,31.8,31.8
87.707,25,107.0,1363.0,12.0,11.0,29.83,83.5,5.0,31.8,31.8
87.797,25,111.0,1363.0,12.0,11.0,29.83,83.5,5.0,31.8,31.8
87.887,25,111.0,1753.0,12.0,11.0,29.83,83.5,5.0,31.8,31.8
87.977,25,111.0,1753.0,15.0,11.0,29.83,83.5,5.0,31.8,31.8
88.069,25,111.0,1753.0,15.0,13.0,29.83,83.5,5.0,31.8,31.8
88.187,25,111.0,1753.0,15.0,13.0,33.22,83.5,5.0,31.8,31.8
88.277,25,111.0,1753.0,15.0,13.0,33.22,83.5,5.0,31.8,31.8
88.367,25,111.0,1753.0,15.0,13.0,33.22,83.5,5.0,31.8,31.8
88.457,25,111.0,1753.0,15.0,13.0,33.22,83.5,5.0,14.1,31.8
88.547,25,111.0,1753.0,15.0,13.0,33.22,83.5,5.0,14.1,14.5
88.637,25,111.0,1753.0,15.0,13.0,33.22,83.5,5.0,14.1,14.5
88.729,25,105.0,1753.0,15.0,13.0,33.22,83.5,5.0,14.1,14.5
88.818,25,105.0,1108.0,15.0,13.0,33.22,83.5,5.0,14.1,14.5
88.907,25,105.0,1108.0,16.0,13.0,33.22,83.5,5.0,14.1,14.5
88.998,25,105.0,1108.0,16.0,14.0,33.22,83.5,5.0,14.1,14.5
89.092,25,105.0,1108.0,16.0,14.0,18.33,83.5,5.0,14.1,14.5
89.177,25,105.0,1108.0,16.0,14.0,18.33,83.5,5.0,14.1,14.5
89.267,25,105.0,1108.0,16.0,14.0,18.33,83.5,5.0,14.1,14.5
89.357,25,105.0,1108.0,16.0,14.0,18.33,83.5,5.0,14.1,14.5
89.447,25,105.0,1108.0,16.0,14.0,18.33,83.5,5.0,14.1,14.5
89.537,25,105.0,1108.0,16.0,14.0,18.33,83.5,5.0,14.1,14.5
89.629,25,106.0,1108.0,16.0,14.0,18.33,83.5,5.0,14.1,14.5
89.718,25,106.0,963.0,16.0,14.0,18.33,83.5,5.0,14.1,14.5
89.807,25,106.0,963.0,15.0,14.0,18.33,83.5,5.0,14.1,14.5
89.898,25,106.0,963.0,15.0,12.0,18.33,83.5,5.0,14.1,14.5
89.991,25,106.0,963.0,15.0,12.0,17.36,83.5,5.0,14.1,14.5
90.077,25,106.0,963.0,15.0,12.0,17.36,83.5,5.0,14.1,14.5
90.169,25,106.0,963.0,15.0,12.0,17.36,83.5,5.0,14.1,14.5
90.257,25,106.0,963.0,15.0,12.0,17.36,83.5,5.0,14.1,14.5
90.346,25,106.0,963.0,15.0,12.0,17.36,83.5,5.0,14.1,14.5
90.436,25,106.0,963.0,15.0,12.0,17.36,83.5,5.0,14.1,14.5
90.526,25,105.0,963.0,15.0,12.0,17.36,83.5,5.0,14.1,14.5
90.616,25,105.0,947.0,15.0,12.0,17.36,83.5,5.0,14.1,14.5
90.706,25,105.0,947.0,11.0,12.0,17.36,83.5,5.0,14.1,14.5
90.796,25,105.0,947.0,11.0,10.0,17.36,83.5,5.0,14.1,14.5
90.887,25,105.0,947.0,11.0,10.0,16.88,83.5,5.0,14.1,14.5
90.977,25,105.0,947.0,11.0,10.0,16.88,83.5,5.0,14.1,14.5
91.066,25,105.0,947.0,11.0,10.0,16.88,83.5,5.0,14.1,14.5
91.157,25,105.0,947.0,11.0,10.0,16.88,83.5,5.0,14.1,14.5
91.248,25,105.0,947.0,11.0,10.0,16.88,83.5,5.0,14.1,14.5
91.313,25,105.0,947.0,11.0,10.0,16.88,83.5,5.0,14.1,14.5
91.397,25,104.0,947.0,11.0,10.0,16.88,83.5,5.0,14.1,14.5
91.487,25,104.0,941.0,11.0,10.0,16.88,83.5,5.0,14.1,14.5
91.577,25,104.0,941.0,8.0,10.0,16.88,83.5,5.0,14.1,14.5
91.667,25,104.0,941.0,8.0,10.0,16.88,83.5,5.0,14.1,14.5
91.756,25,104.0,941.0,8.0,10.0,16.58,83.5,5.0,14.1,14.5
91.846,25,104.0,941.0,8.0,10.0,16.58,83.5,5.0,14.1,14.5
91.937,25,104.0,941.0,8.0,10.0,16.58,83.5,5.0,14.1,14.5
92.028,25,104.0,941.0,8.0,10.0,16.58,83.5,5.0,18.4,14.5
92.117,25,104.0,941.0,8.0,10.0,16.58,83.5,5.0,18.4,18.8
92.209,25,104.0,941.0,8.0,10.0,16.58,83.5,5.0,18.4,18.8
92.296,25,104.0,941.0,8.0,10.0,16.58,83.5,5.0,18.4,18.8
92.387,25,104.0,909.0,8.0,10.0,16.58,83.5,5.0,18.4,18.8
92.477,25,104.0,909.0,7.0,10.0,16.58,83.5,5.0,18.4,18.8
92.567,25,104.0,909.0,7.0,10.0,16.58,83.5,5.0,18.4,18.8
92.657,25,104.0,909.0,7.0,10.0,15.77,83.5,5.0,18.4,18.8
92.747,25,104.0,909.0,7.0,10.0,15.77,83.5,5.0,18.4,18.8
92.837,25,104.0,909.0,7.0,10.0,15.77,83.5,5.0,18.4,18.8
92.933,25,104.0,909.0,7.0,10.0,15.77,83.5,5.0,22.4,18.8
93.017,25,104.0,909.0,7.0,10.0,15.77,83.5,5.0,22.4,23.1
93.107,25,104.0,909.0,7.0,10.0,15.77,83.5,5.0,22.4,23.1
93.197,25,104.0,909.0,7.0,10.0,15.77,83.5,5.0,22.4,23.1
93.259,25,104.0,1121.0,7.0,10.0,15.77,83.5,5.0,22.4,23.1
93.346,25,104.0,1121.0,9.0,10.0,15.77,83.5,5.0,22.4,23.1
93.437,25,104.0,1121.0,9.0,10.0,15.77,83.5,5.0,22.4,23.1
93.527,25,104.0,1121.0,9.0,10.0,21.41,83.5,5.0,22.4,23.1
93.617,25,104.0,1121.0,9.0,10.0,21.41,83.5,5.0,22.4,23.1
93.708,25,104.0,1121.0,9.0,10.0,21.41,83.5,5.0,22.4,23.1
93.797,25,104.0,1121.0,9.0,10.0,21.41,83.5,5.0,37.3,23.1
93.917,25,104.0,1121.0,9.0,10.0,21.41,83.5,5.0,37.3,40.4
94.007,26,104.0,1121.0,9.0,10.0,21.41,83.5,5.0,37.3,40.4
94.096,26,105.0,1121.0,9.0,10.0,21.41,83.5,5.0,37.3,40.4
94.187,26,105.0,1617.0,9.0,10.0,21.41,83.5,5.0,37.3,40.4
94.278,26,105.0,1617.0,14.0,10.0,21.41,83.5,5.0,37.3,40.4
94.366,26,105.0,1617.0,14.0,11.0,21.41,83.5,5.0,37.3,40.4
94.457,26,105.0,1617.0,14.0,11.0,35.19,83.5,5.0,37.3,40.4
94.548,26,105.0,1617.0,14.0,11.0,35.19,83.5,5.0,37.3,40.4
94.637,26,105.0,1617.0,14.0,11.0,35.19,83.5,5.0,37.3,40.4
94.728,26,105.0,1617.0,14.0,11.0,35.19,83.5,5.0,42.7,40.4
94.817,26,105.0,1617.0,14.0,11.0,35.19,83.5,5.0,42.7,42.0
94.909,26,105.0,1617.0,14.0,11.0,35.19,83.5,5.0,42.7,42.0
94.997,26,136.0,1617.0,14.0,11.0,35.19,83.5,5.0,42.7,42.0
95.088,26,136.0,1979.0,14.0,11.0,35.19,83.5,5.0,42.7,42.0
95.21,26,136.0,1979.0,19.0,11.0,35.19,83.5,5.0,42.7,42.0
95.298,26,136.0,1979.0,19.0,15.0,35.19,83.5,5.0,42.7,42.0
95.386,26,136.0,1979.0,19.0,15.0,28.61,83.5,5.0,42.7,42.0
95.477,26,136.0,1979.0,19.0,15.0,28.61,31.0,5.0,42.7,42.0
95.567,26,136.0,1979.0,19.0,15.0,28.61,31.0,5.0,42.7,42.0
95.658,26,136.0,1979.0,19.0,15.0,28.61,31.0,5.0,32.2,42.0
95.75,26,136.0,1979.0,19.0,15.0,28.61,31.0,5.0,32.2,36.9
95.837,26,136.0,1979.0,19.0,15.0,28.61,31.0,5.0,32.2,36.9
95.927,26,106.0,1979.0,19.0,15.0,28.61,31.0,5.0,32.2,36.9
96.017,26,106.0,1177.0,19.0,15.0,28.61,31.0,5.0,32.2,36.9
96.109,26,106.0,1177.0,20.0,15.0,28.61,31.0,5.0,32.2,36.9
96.197,26,106.0,1177.0,20.0,12.0,28.61,31.0,5.0,32.2,36.9
96.302,26,106.0,1177.0,20.0,12.0,24.58,31.0,5.0,32.2,36.9
96.377,26,106.0,1177.0,20.0,12.0,24.58,83.5,5.0,32.2,36.9
96.467,26,106.0,1177.0,20.0,12.0,24.58,83.5,5.0,32.2,36.9
96.557,26,106.0,1177.0,20.0,12.0,24.58,83.5,5.0,45.5,36.9
96.648,26,106.0,1177.0,20.0,12.0,24.58,83.5,5.0,45.5,45.9
96.737,26,106.0,1177.0,20.0,12.0,24.58,83.5,5.0,45.5,45.9
96.828,26,125.0,1177.0,20.0,12.0,24.58,83.5,5.0,45.5,45.9
96.917,26,125.0,1514.0,20.0,12.0,24.58,83.5,5.0,45.5,45.9
97.014,26,125.0,1514.0,26.0,12.0,24.58,83.5,5.0,45.5,45.9
97.097,26,125.0,1514.0,26.0,13.0,24.58,83.5,5.0,45.5,45.9
97.158,26,125.0,1514.0,26.0,13.0,34.91,83.5,5.0,45.5,45.9
97.248,26,125.0,1514.0,26.0,13.0,34.91,83.5,5.0,45.5,45.9
97.336,26,125.0,1514.0,26.0,13.0,34.91,83.5,5.0,45.5,45.9
97.427,26,125.0,1514.0,26.0,13.0,34.91,83.5,5.0,14.1,45.9
97.517,26,125.0,1514.0,26.0,13.0,34.91,83.5,5.0,14.1,14.5
97.608,26,125.0,1514.0,26.0,13.0,34.91,83.5,5.0,14.1,14.5
97.697,26,102.0,1514.0,26.0,13.0,34.91,83.5,5.0,14.1,14.5
97.788,26,102.0,1013.0,26.0,13.0,34.91,83.5,5.0,14.1,14.5
97.877,26,102.0,1013.0,27.0,13.0,34.91,83.5,5.0,14.1,14.5
97.968,26,102.0,1013.0,27.0,13.0,34.91,83.5,5.0,14.1,14.5
98.057,26,102.0,1013.0,27.0,13.0,16.66,83.5,5.0,14.1,14.5
98.15,26,102.0,1013.0,27.0,13.0,16.66,31.0,5.0,14.1,14.5
98.237,26,102.0,1013.0,27.0,13.0,16.66,31.0,5.0,14.1,14.5
98.326,26,102.0,1013.0,27.0,13.0,16.66,31.0,5.0,14.1,14.5
98.416,26,102.0,1013.0,27.0,13.0,16.66,31.0,5.0,14.1,14.5
98.507,26,102.0,1013.0,27.0,13.0,16.66,31.0,5.0,14.1,14.5
98.597,26,104.0,1013.0,27.0,13.0,16.66,31.0,5.0,14.1,14.5
98.687,26,104.0,942.0,27.0,13.0,16.66,31.0,5.0,14.1,14.5
98.777,26,104.0,942.0,26.0,13.0,16.66,31.0,5.0,14.1,14.5
98.868,26,104.0,942.0,26.0,10.0,16.66,31.0,5.0,14.1,14.5
98.957,26,104.0,942.0,26.0,10.0,16.77,31.0,5.0,14.1,14.5
99.049,26,104.0,942.0,26.0,10.0,16.77,83.5,5.0,14.1,14.5
99.109,26,104.0,942.0,26.0,10.0,16.77,83.5,5.0,14.1,14.5
99.197,26,104.0,942.0,26.0,10.0,16.77,83.5,5.0,14.1,14.5
99.291,26,104.0,942.0,26.0,10.0,16.77,83.5,5.0,14.1,14.5
99.376,26,104.0,942.0,26.0,10.0,16.77,83.5,5.0,14.1,14.5
99.468,26,104.0,942.0,26.0,10.0,16.77,83.5,5.0,14.1,14.5
99.557,26,104.0,939.0,26.0,10.0,16.77,83.5,5.0,14.1,14.5
99.648,26,104.0,939.0,21.0,10.0,16.77,83.5,5.0,14.1,14.5
99.737,26,104.0,939.0,21.0,10.0,16.77,83.5,5.0,14.1,14.5
99.829,26,104.0,939.0,21.0,10.0,16.41,83.5,5.0,14.1,14.5
99.917,26,104.0,939.0,21.0,10.0,16.41,83.5,5.0,14.1,14.5
100.009,26,104.0,939.0,21.0,10.0,16.41,83.5,5.0,14.1,14.5
100.097,26,104.0,939.0,21.0,10.0,16.41,83.5,5.0,14.1,14.5
100.188,26,104.0,939.0,21.0,10.0,16.41,83.5,5.0,14.1,14.5
100.277,26,104.0,939.0,21.0,10.0,16.41,83.5,5.0,14.1,14.5
100.367,26,104.0,939.0,21.0,10.0,16.41,83.5,5.0,14.1,14.5
100.457,26,104.0,937.0,21.0,10.0,16.41,83.5,5.0,14.1,14.5
100.548,26,104.0,937.0,15.0,10.0,16.41,83.5,5.0,14.1,14.5
100.637,26,104.0,937.0,15.0,10.0,16.41,83.5,5.0,14.1,14.5
100.728,26,104.0,937.0,15.0,10.0,16.38,83.5,5.0,14.1,14.5
100.818,26,104.0,937.0,15.0,10.0,16.38,83.5,5.0,14.1,14.5
100.908,26,104.0,937.0,15.0,10.0,16.38,83.5,5.0,14.1,14.5
100.997,26,104.0,937.0,15.0,10.0,16.38,83.5,5.0,14.1,14.5
101.088,26,104.0,937.0,15.0,10.0,16.38,83.5,5.0,14.1,14.5
101.177,27,104.0,937.0,15.0,10.0,16.38,83.5,5.0,14.1,14.5
101.268,27,104.0,937.0,15.0,10.0,16.38,83.5,5.0,14.1,14.5
101.356,27,104.0,937.0,15.0,10.0,16.38,83.5,5.0,14.1,14.5
101.448,27,104.0,937.0,10.0,10.0,16.38,83.5,5.0,14.1,14.5
101.509,27,104.0,937.0,10.0,10.0,16.38,83.5,5.0,14.1,14.5
101.597,27,104.0,937.0,10.0,10.0,16.22,83.5,5.0,14.1,14.5
101.658,27,104.0,937.0,10.0,10.0,16.22,83.5,5.0,14.1,14.5
101.753,27,104.0,937.0,10.0,10.0,16.22,83.5,4.0,14.1,14.5
101.837,27,104.0,937.0,10.0,10.0,16.22,83.5,4.0,14.1,14.5
101.926,27,104.0,937.0,10.0,10.0,16.22,83.5,4.0,14.1,14.5
102.017,27,104.0,937.0,10.0,10.0,16.22,83.5,4.0,14.1,14.5
102.107,27,104.0,937.0,10.0,10.0,16.22,83.5,4.0,14.1,14.5
102.198,27,104.0,936.0,10.0,10.0,16.22,83.5,4.0,14.1,14.5
102.287,27,104.0,936.0,8.0,10.0,16.22,83.5,4.0,14.1,14.5
102.376,27,104.0,936.0,8.0,10.0,16.22,83.5,4.0,14.1,14.5
102.467,27,104.0,936.0,8.0,10.0,16.49,83.5,4.0,14.1,14.5
102.556,27,104.0,936.0,8.0,10.0,16.49,83.5,4.0,14.1,14.5
102.648,27,104.0,936.0,8.0,10.0,16.49,83.5,4.0,14.1,14.5
102.709,27,104.0,936.0,8.0,10.0,16.49,83.5,4.0,14.1,14.5
102.797,27,104.0,936.0,8.0,10.0,16.49,83.5,4.0,14.1,14.5
102.857,27,104.0,936.0,8.0,10.0,16.49,83.5,4.0,14.1,14.5
102.949,27,103.0,936.0,8.0,10.0,16.49,83.5,4.0,14.1,14.5
103.038,27,103.0,935.0,8.0,10.0,16.49,83.5,4.0,14.1,14.5
103.127,27,103.0,935.0,7.0,10.0,16.49,83.5,4.0,14.1,14.5
103.216,27,103.0,935.0,7.0,11.0,16.49,83.5,4.0,14.1,14.5
103.308,27,103.0,935.0,7.0,11.0,16.27,83.5,4.0,14.1,14.5
103.429,27,103.0,935.0,7.0,11.0,16.27,83.5,4.0,14.1,14.5
103.516,27,103.0,935.0,7.0,11.0,16.27,83.5,4.0,14.1,14.5
103.606,27,103.0,935.0,7.0,11.0,16.27,83.5,4.0,14.1,14.5
103.712,27,103.0,935.0,7.0,11.0,16.27,83.5,4.0,14.1,14.5
103.876,27,103.0,935.0,7.0,11.0,16.27,83.5,4.0,14.1,14.5
104.056,27,103.0,935.0,7.0,11.0,16.27,83.5,4.0,14.1,14.5
104.146,27,103.0,936.0,7.0,11.0,16.27,83.5,4.0,14.1,14.5
104.267,27,103.0,936.0,6.0,11.0,16.27,83.5,4.0,14.1,14.5
104.356,27,103.0,936.0,6.0,11.0,16.27,83.5,4.0,14.1,14.5
104.447,27,103.0,936.0,6.0,11.0,19.19,83.5,4.0,14.1,14.5
104.578,27,103.0,936.0,6.0,11.0,19.19,83.5,4.0,14.1,14.5
104.783,27,103.0,936.0,6.0,11.0,19.19,83.5,4.0,14.1,14.5
104.958,27,103.0,936.0,6.0,11.0,19.19,83.5,4.0,29.4,14.5
105.138,27,103.0,936.0,6.0,11.0,19.19,83.5,4.0,29.4,37.6
105.407,27,103.0,936.0,6.0,11.0,19.19,83.5,4.0,29.4,37.6
105.588,27,107.0,936.0,6.0,11.0,19.19,83.5,4.0,29.4,37.6
105.767,27,107.0,1656.0,6.0,11.0,19.19,83.5,4.0,29.4,37.6
105.947,27,107.0,1656.0,15.0,11.0,19.19,83.5,4.0,29.4,37.6
106.157,27,107.0,1656.0,15.0,12.0,19.19,83.5,4.0,29.4,37.6
106.398,27,107.0,1656.0,15.0,12.0,49.41,83.5,4.0,29.4,37.6
106.549,27,107.0,1656.0,15.0,12.0,49.41,31.8,4.0,29.4,37.6
106.788,27,107.0,1656.0,15.0,12.0,49.41,31.8,4.0,29.4,37.6
106.968,27,107.0,1656.0,15.0,12.0,49.41,31.8,4.0,23.9,37.6
107.15,27,107.0,1656.0,15.0,12.0,49.41,31.8,4.0,23.9,33.7
107.272,27,107.0,1656.0,15.0,12.0,49.41,31.8,4.0,23.9,33.7
107.419,27,106.0,1656.0,15.0,12.0,49.41,31.8,4.0,23.9,33.7
107.598,27,106.0,1302.0,15.0,12.0,49.41,31.8,4.0,23.9,33.7
107.838,27,106.0,1302.0,23.0,12.0,49.41,31.8,4.0,23.9,33.7
108.018,27,106.0,1302.0,23.0,12.0,49.41,31.8,4.0,23.9,33.7
108.199,27,106.0,1302.0,23.0,12.0,33.86,31.8,4.0,23.9,33.7
108.438,27,106.0,1302.0,23.0,12.0,33.86,83.5,4.0,23.9,33.7
108.618,27,106.0,1302.0,23.0,12.0,33.86,83.5,4.0,23.9,33.7
108.799,27,106.0,1302.0,23.0,12.0,33.86,83.5,4.0,40.4,33.7
108.979,27,106.0,1302.0,23.0,12.0,33.86,83.5,4.0,40.4,38.4
109.159,28,106.0,1302.0,23.0,12.0,33.86,83.5,4.0,40.4,38.4
109.312,28,121.0,1302.0,23.0,12.0,33.86,83.5,4.0,40.4,38.4
109.489,28,121.0,1790.0,23.0,12.0,33.86,83.5,4.0,40.4,38.4
109.669,28,121.0,1790.0,31.0,12.0,33.86,83.5,4.0,40.4,38.4
109.879,28,121.0,1790.0,31.0,13.0,33.86,83.5,4.0,40.4,38.4
110.058,28,121.0,1790.0,31.0,13.0,32.13,83.5,4.0,40.4,38.4
110.298,28,121.0,1790.0,31.0,13.0,32.13,83.5,4.0,40.4,38.4
110.418,28,121.0,1790.0,31.0,13.0,32.13,83.5,4.0,40.4,38.4
110.598,28,121.0,1790.0,31.0,13.0,32.13,83.5,4.0,14.1,38.4
110.808,28,121.0,1790.0,31.0,13.0,32.13,83.5,4.0,14.1,14.5
110.958,28,121.0,1790.0,31.0,13.0,32.13,83.5,4.0,14.1,14.5
111.139,28,115.0,1790.0,31.0,13.0,32.13,83.5,4.0,14.1,14.5
111.348,28,115.0,1578.0,31.0,13.0,32.13,83.5,4.0,14.1,14.5
111.498,28,115.0,1578.0,27.0,13.0,32.13,83.5,4.0,14.1,14.5
111.679,28,115.0,1578.0,27.0,13.0,32.13,83.5,4.0,14.1,14.5
111.859,28,115.0,1578.0,27.0,13.0,29.86,83.5,4.0,14.1,14.5
112.04,28,115.0,1578.0,27.0,13.0,29.86,83.5,4.0,14.1,14.5
112.219,28,115.0,1578.0,27.0,13.0,29.86,83.5,4.0,14.1,14.5
112.489,28,115.0,1578.0,27.0,13.0,29.86,83.5,4.0,30.2,14.5
112.728,28,115.0,1578.0,27.0,13.0,29.86,83.5,4.0,30.2,30.6
112.909,28,115.0,1578.0,27.0,13.0,29.86,83.5,4.0,30.2,30.6
113.118,28,100.0,1578.0,27.0,13.0,29.86,83.5,4.0,30.2,30.6
113.299,28,100.0,1595.0,27.0,13.0,29.86,83.5,4.0,30.2,30.6
113.478,28,100.0,1595.0,27.0,13.0,29.86,83.5,4.0,30.2,30.6
113.629,28,100.0,1595.0,27.0,12.0,29.86,83.5,4.0,30.2,30.6
113.813,28,100.0,1595.0,27.0,12.0,28.47,83.5,4.0,30.2,30.6
114.109,28,100.0,1595.0,27.0,12.0,28.47,83.5,4.0,30.2,30.6
114.288,28,100.0,1595.0,27.0,12.0,28.47,83.5,4.0,30.2,30.6
114.408,28,100.0,1595.0,27.0,12.0,28.47,83.5,4.0,30.6,30.6
114.588,28,100.0,1595.0,27.0,12.0,28.47,83.5,4.0,30.6,30.6
114.771,28,100.0,1595.0,27.0,12.0,28.47,83.5,4.0,30.6,30.6
114.979,28,100.0,1595.0,27.0,12.0,28.47,83.5,4.0,30.6,30.6
115.159,28,100.0,1652.0,27.0,12.0,28.47,83.5,4.0,30.6,30.6
115.338,28,100.0,1652.0,28.0,12.0,28.47,83.5,4.0,30.6,30.6
115.459,28,100.0,1652.0,28.0,12.0,28.47,83.5,4.0,30.6,30.6
115.699,28,100.0,1652.0,28.0,12.0,29.38,83.5,4.0,30.6,30.6
115.878,28,100.0,1652.0,28.0,12.0,29.38,83.5,4.0,30.6,30.6
116.058,28,100.0,1652.0,28.0,12.0,29.38,83.5,4.0,30.6,30.6
116.238,28,100.0,1652.0,28.0,12.0,29.38,83.5,4.0,26.7,30.6
116.448,28,100.0,1652.0,28.0,12.0,29.38,83.5,4.0,26.7,26.7
116.689,29,100.0,1652.0,28.0,12.0,29.38,83.5,4.0,26.7,26.7
116.869,29,98.0,1652.0,28.0,12.0,29.38,83.5,4.0,26.7,26.7
117.078,29,98.0,1639.0,28.0,12.0,29.38,83.5,4.0,26.7,26.7
117.26,29,98.0,1639.0,28.0,12.0,29.38,83.5,4.0,26.7,26.7
117.438,29,98.0,1639.0,28.0,12.0,29.38,83.5,4.0,26.7,26.7
117.648,29,98.0,1639.0,28.0,12.0,28.38,83.5,4.0,26.7,26.7
117.863,29,98.0,1639.0,28.0,12.0,28.38,83.5,4.0,26.7,26.7
118.038,29,98.0,1639.0,28.0,12.0,28.38,83.5,4.0,26.7,26.7
118.249,29,98.0,1639.0,28.0,12.0,28.38,83.5,4.0,31.4,26.7
118.398,29,98.0,1639.0,28.0,12.0,28.38,83.5,4.0,31.4,31.4
118.549,29,98.0,1639.0,28.0,12.0,28.38,83.5,4.0,31.4,31.4
118.728,29,102.0,1639.0,28.0,12.0,28.38,83.5,4.0,31.4,31.4
118.909,29,102.0,1680.0,28.0,12.0,28.38,83.5,4.0,31.4,31.4
119.091,29,102.0,1680.0,29.0,12.0,28.38,83.5,4.0,31.4,31.4
119.328,29,102.0,1680.0,29.0,12.0,28.38,83.5,4.0,31.4,31.4
119.478,29,102.0,1680.0,29.0,12.0,33.16,83.5,4.0,31.4,31.4
119.66,29,102.0,1680.0,29.0,12.0,33.16,83.5,4.0,31.4,31.4
119.839,29,102.0,1680.0,29.0,12.0,33.16,83.5,4.0,31.4,31.4
120.02,29,102.0,1680.0,29.0,12.0,33.16,83.5,4.0,14.1,31.4
120.2,29,102.0,1680.0,29.0,12.0,33.16,83.5,4.0,14.1,14.5
120.437,29,102.0,1680.0,29.0,12.0,33.16,83.5,4.0,14.1,14.5
120.677,29,110.0,1680.0,29.0,12.0,33.16,83.5,4.0,14.1,14.5
120.857,29,110.0,1526.0,29.0,12.0,33.16,83.5,4.0,14.1,14.5
121.038,29,110.0,1526.0,26.0,12.0,33.16,83.5,4.0,14.1,14.5
121.219,29,110.0,1526.0,26.0,12.0,33.16,83.5,4.0,14.1,14.5
121.398,29,110.0,1526.0,26.0,12.0,28.05,83.5,4.0,14.1,14.5
121.549,29,110.0,1526.0,26.0,12.0,28.05,83.5,4.0,14.1,14.5
121.729,29,110.0,1526.0,26.0,12.0,28.05,83.5,4.0,14.1,14.5
121.97,29,110.0,1526.0,26.0,12.0,28.05,83.5,4.0,24.3,14.5
122.209,29,110.0,1526.0,26.0,12.0,28.05,83.5,4.0,24.3,14.5
122.389,29,110.0,1526.0,26.0,12.0,28.05,83.5,4.0,24.3,14.5
122.539,29,105.0,1526.0,26.0,12.0,28.05,83.5,4.0,24.3,14.5
122.719,29,105.0,1284.0,26.0,12.0,28.05,83.5,4.0,24.3,14.5
122.933,29,105.0,1284.0,21.0,12.0,28.05,83.5,4.0,24.3,14.5
123.17,29,105.0,1284.0,21.0,10.0,28.05,83.5,4.0,24.3,14.5
123.439,29,105.0,1284.0,21.0,10.0,22.22,83.5,4.0,24.3,14.5
123.558,29,105.0,1284.0,21.0,10.0,22.22,83.5,4.0,24.3,14.5
123.769,29,105.0,1284.0,21.0,10.0,22.22,83.5,4.0,24.3,14.5
123.919,29,105.0,1284.0,21.0,10.0,22.22,83.5,4.0,22.0,14.5
124.098,29,105.0,1284.0,21.0,10.0,22.22,83.5,4.0,22.0,21.6
124.282,30,105.0,1284.0,21.0,10.0,22.22,83.5,4.0,22.0,21.6
124.489,30,106.0,1284.0,21.0,10.0,22.22,83.5,4.0,22.0,21.6
124.669,30,106.0,1121.0,21.0,10.0,22.22,83.5,4.0,22.0,21.6
124.788,30,106.0,1121.0,19.0,10.0,22.22,83.5,4.0,22.0,21.6
124.97,30,106.0,1121.0,19.0,9.0,22.22,83.5,4.0,22.0,21.6
125.18,30,106.0,1121.0,19.0,9.0,20.91,83.5,4.0,22.0,21.6
125.389,30,106.0,1121.0,19.0,9.0,20.91,83.5,4.0,22.0,21.6
125.569,30,106.0,1121.0,19.0,9.0,20.91,83.5,4.0,22.0,21.6
125.749,30,106.0,1121.0,19.0,9.0,20.91,83.5,4.0,14.1,21.6
125.932,30,106.0,1121.0,19.0,9.0,20.91,83.5,4.0,14.1,14.5
126.111,30,106.0,1121.0,19.0,9.0,20.91,83.5,4.0,14.1,14.5
126.318,30,102.0,1121.0,19.0,9.0,20.91,83.5,4.0,14.1,14.5
126.558,30,102.0,1153.0,19.0,9.0,20.91,83.5,4.0,14.1,14.5
126.77,30,102.0,1153.0,19.0,9.0,20.91,83.5,4.0,14.1,14.5
126.95,30,102.0,1153.0,19.0,10.0,20.91,83.5,4.0,14.1,14.5
127.131,30,102.0,1153.0,19.0,10.0,19.19,83.5,4.0,14.1,14.5
127.369,30,102.0,1153.0,19.0,10.0,19.19,83.5,4.0,14.1,14.5
127.489,30,102.0,1153.0,19.0,10.0,19.19,83.5,4.0,14.1,14.5
127.672,30,102.0,1153.0,19.0,10.0,19.19,83.5,4.0,14.1,14.5
127.848,30,102.0,1153.0,19.0,10.0,19.19,83.5,4.0,14.1,14.5
128.034,30,102.0,1153.0,19.0,10.0,19.19,83.5,4.0,14.1,14.5
128.209,30,105.0,1153.0,19.0,10.0,19.19,83.5,4.0,14.1,14.5
128.478,30,105.0,1016.0,19.0,10.0,19.19,83.5,4.0,14.1,14.5
128.718,30,105.0,1016.0,17.0,10.0,19.19,83.5,4.0,14.1,14.5
128.898,30,105.0,1016.0,17.0,9.0,19.19,83.5,4.0,14.1,14.5
129.078,30,105.0,1016.0,17.0,9.0,18.11,83.5,4.0,14.1,14.5
129.258,30,105.0,1016.0,17.0,9.0,18.11,83.5,4.0,14.1,14.5
129.438,30,105.0,1016.0,17.0,9.0,18.11,83.5,4.0,14.1,14.5
129.589,30,105.0,1016.0,17.0,9.0,18.11,83.5,4.0,16.9,14.5
129.768,30,105.0,1016.0,17.0,9.0,18.11,83.5,4.0,16.9,17.3
129.949,30,105.0,1016.0,17.0,9.0,18.11,83.5,4.0,16.9,17.3
130.131,30,106.0,1016.0,17.0,9.0,18.11,83.5,4.0,16.9,17.3
130.369,30,106.0,1008.0,17.0,9.0,18.11,83.5,4.0,16.9,17.3
130.55,30,106.0,1008.0,17.0,9.0,18.11,83.5,4.0,16.9,17.3
130.728,30,106.0,1008.0,17.0,10.0,18.11,83.5,4.0,16.9,17.3
130.909,30,106.0,1008.0,17.0,10.0,18.44,83.5,4.0,16.9,17.3
131.151,30,106.0,1008.0,17.0,10.0,18.44,83.5,4.0,16.9,17.3
131.299,30,106.0,1008.0,17.0,10.0,18.44,83.5,4.0,16.9,17.3
131.449,30,106.0,1008.0,17.0,10.0,18.44,83.5,4.0,14.1,17.3
131.598,30,106.0,1008.0,17.0,10.0,18.44,83.5,4.0,14.1,14.5
131.838,30,106.0,1008.0,17.0,10.0,18.44,83.5,4.0,14.1,14.5
132.018,30,107.0,1008.0,17.0,10.0,18.44,83.5,4.0,14.1,14.5
132.2,30,107.0,1069.0,17.0,10.0,18.44,83.5,4.0,14.1,14.5
132.377,30,107.0,1069.0,18.0,10.0,18.44,83.5,4.0,14.1,14.5
132.558,30,107.0,1069.0,18.0,10.0,18.44,83.5,4.0,14.1,14.5
132.769,30,107.0,1069.0,18.0,10.0,19.08,83.5,4.0,14.1,14.5
132.978,30,107.0,1069.0,18.0,10.0,19.08,83.5,4.0,14.1,14.5
133.129,30,107.0,1069.0,18.0,10.0,19.08,83.5,4.0,14.1,14.5
133.368,30,107.0,1069.0,18.0,10.0,19.08,83.5,4.0,25.1,14.5
133.518,30,107.0,1069.0,18.0,10.0,19.08,83.5,4.0,25.1,25.9
133.698,31,107.0,1069.0,18.0,10.0,19.08,83.5,4.0,25.1,25.9
133.878,31,108.0,1069.0,18.0,10.0,19.08,83.5,4.0,25.1,25.9
134.058,31,108.0,1143.0,18.0,10.0,19.08,83.5,4.0,25.1,25.9
134.272,31,108.0,1143.0,20.0,10.0,19.08,83.5,4.0,25.1,25.9
134.508,31,108.0,1143.0,20.0,10.0,19.08,83.5,4.0,25.1,25.9
134.689,31,108.0,1143.0,20.0,10.0,24.49,83.5,4.0,25.1,25.9
134.87,31,108.0,1143.0,20.0,10.0,24.49,83.5,4.0,25.1,25.9
135.048,31,108.0,1143.0,20.0,10.0,24.49,83.5,4.0,25.1,25.9
135.229,31,108.0,1143.0,20.0,10.0,24.49,83.5,4.0,25.5,25.9
135.529,31,108.0,1143.0,20.0,10.0,24.49,83.5,4.0,25.5,23.1
135.709,31,108.0,1143.0,20.0,10.0,24.49,83.5,4.0,25.5,23.1
135.919,31,102.0,1143.0,20.0,10.0,24.49,83.5,4.0,25.5,23.1
136.099,31,102.0,1302.0,20.0,10.0,24.49,83.5,4.0,25.5,23.1
136.31,31,102.0,1302.0,22.0,10.0,24.49,83.5,4.0,25.5,23.1
136.549,31,102.0,1302.0,22.0,12.0,24.49,83.5,4.0,25.5,23.1
136.729,31,102.0,1302.0,22.0,12.0,21.61,83.5,4.0,25.5,23.1
136.909,31,102.0,1302.0,22.0,12.0,21.61,83.5,4.0,25.5,23.1
137.122,31,102.0,1302.0,22.0,12.0,21.61,83.5,4.0,25.5,23.1
137.358,31,102.0,1302.0,22.0,12.0,21.61,83.5,4.0,14.1,23.1
137.629,31,102.0,1302.0,22.0,12.0,21.61,83.5,4.0,14.1,14.5
137.872,31,102.0,1302.0,22.0,12.0,21.61,83.5,4.0,14.1,14.5
138.05,31,104.0,1302.0,22.0,12.0,21.61,83.5,4.0,14.1,14.5
138.232,31,104.0,1022.0,22.0,12.0,21.61,83.5,4.0,14.1,14.5
138.409,31,104.0,1022.0,17.0,12.0,21.61,83.5,4.0,14.1,14.5
138.619,31,104.0,1022.0,17.0,10.0,21.61,83.5,4.0,14.1,14.5
138.798,31,104.0,1022.0,17.0,10.0,17.88,83.5,4.0,14.1,14.5
139.009,31,104.0,1022.0,17.0,10.0,17.88,83.5,4.0,14.1,14.5
139.218,31,104.0,1022.0,17.0,10.0,17.88,83.5,4.0,14.1,14.5
139.458,31,104.0,1022.0,17.0,10.0,17.88,83.5,4.0,14.1,14.5
139.638,31,104.0,1022.0,17.0,10.0,17.88,83.5,4.0,14.1,14.1
139.817,31,104.0,1022.0,17.0,10.0,17.88,83.5,4.0,14.1,14.1
140.057,31,106.0,1022.0,17.0,10.0,17.88,83.5,4.0,14.1,14.1
140.268,31,106.0,1007.0,17.0,10.0,17.88,83.5,4.0,14.1,14.1
140.478,31,106.0,1007.0,17.0,10.0,17.88,83.5,4.0,14.1,14.1
140.629,31,106.0,1007.0,17.0,10.0,17.88,83.5,4.0,14.1,14.1
140.809,31,106.0,1007.0,17.0,10.0,18.99,83.5,4.0,14.1,14.1
140.989,31,106.0,1007.0,17.0,10.0,18.99,83.5,4.0,14.1,14.1
141.139,31,106.0,1007.0,17.0,10.0,18.99,83.5,4.0,14.1,14.1
141.322,31,106.0,1007.0,17.0,10.0,18.99,83.5,4.0,14.1,14.1
141.587,31,106.0,1007.0,17.0,10.0,18.99,83.5,4.0,14.1,14.5
141.858,31,106.0,1007.0,17.0,10.0,18.99,83.5,4.0,14.1,14.5
142.038,31,107.0,1007.0,17.0,10.0,18.99,83.5,4.0,14.1,14.5
142.218,31,107.0,1047.0,17.0,10.0,18.99,83.5,4.0,14.1,14.5
142.398,31,107.0,1047.0,12.0,10.0,18.99,83.5,4.0,14.1,14.5
142.549,31,107.0,1047.0,12.0,10.0,18.99,83.5,4.0,14.1,14.5
142.758,31,107.0,1047.0,12.0,10.0,18.8,83.5,4.0,14.1,14.5
142.939,31,107.0,1047.0,12.0,10.0,18.8,83.5,4.0,14.1,14.5
143.118,31,107.0,1047.0,12.0,10.0,18.8,83.5,4.0,14.1,14.5
143.358,31,107.0,1047.0,12.0,10.0,18.8,83.5,4.0,14.1,14.5
143.598,31,107.0,1047.0,12.0,10.0,18.8,83.5,4.0,14.1,14.5
143.778,32,107.0,1047.0,12.0,10.0,18.8,83.5,4.0,14.1,14.5
143.958,32,107.0,1047.0,12.0,10.0,18.8,83.5,4.0,14.1,14.5
144.142,32,107.0,1045.0,12.0,10.0,18.8,83.5,4.0,14.1,14.5
144.348,32,107.0,1045.0,5.0,10.0,18.8,83.5,4.0,14.1,14.5
144.589,32,107.0,1045.0,5.0,10.0,18.8,83.5,4.0,14.1,14.5
144.801,32,107.0,1045.0,5.0,10.0,18.74,83.5,4.0,14.1,14.5
144.887,32,107.0,1045.0,5.0,10.0,18.74,83.5,4.0,14.1,14.5
145.013,32,107.0,1045.0,5.0,10.0,18.74,83.5,4.0,14.1,14.5
145.217,32,107.0,1045.0,5.0,10.0,18.74,83.5,4.0,14.1,14.5
145.337,32,107.0,1045.0,5.0,10.0,18.74,83.5,4.0,14.1,14.5
145.427,32,107.0,1045.0,5.0,10.0,18.74,83.5,4.0,14.1,14.5
145.517,32,107.0,1045.0,5.0,10.0,18.74,83.5,4.0,14.1,14.5
145.607,32,107.0,1043.0,5.0,10.0,18.74,83.5,4.0,14.1,14.5
145.697,32,107.0,1043.0,1.0,10.0,18.74,83.5,4.0,14.1,14.5
145.787,32,107.0,1043.0,1.0,10.0,18.74,83.5,4.0,14.1,14.5
145.877,32,107.0,1043.0,1.0,10.0,19.22,83.5,4.0,14.1,14.5
146.061,32,107.0,1043.0,1.0,10.0,19.22,83.5,4.0,14.1,14.5
146.147,32,107.0,1043.0,1.0,10.0,19.22,83.5,4.0,14.1,14.5
146.237,32,107.0,1043.0,1.0,10.0,19.22,83.5,4.0,14.1,14.5
146.327,32,107.0,1043.0,1.0,10.0,19.22,83.5,4.0,14.1,14.5
146.417,32,107.0,1043.0,1.0,10.0,19.22,83.5,4.0,14.1,14.5
146.507,32,107.0,1043.0,1.0,10.0,19.22,83.5,4.0,14.1,14.5
146.597,32,107.0,1040.0,1.0,10.0,19.22,83.5,4.0,14.1,14.5
146.687,32,107.0,1040.0,0.0,10.0,19.22,83.5,4.0,14.1,14.5
146.777,32,107.0,1040.0,0.0,10.0,19.22,83.5,4.0,14.1,14.5
146.867,32,107.0,1040.0,0.0,10.0,18.77,83.5,4.0,14.1,14.5
146.957,32,107.0,1040.0,0.0,10.0,18.77,83.5,4.0,14.1,14.5
147.047,32,107.0,1040.0,0.0,10.0,18.77,83.5,4.0,14.1,14.5
147.137,32,107.0,1040.0,0.0,10.0,18.77,83.5,4.0,14.1,14.5
147.227,32,107.0,1040.0,0.0,10.0,18.77,83.5,4.0,14.1,14.1
147.317,32,107.0,1040.0,0.0,10.0,18.77,83.5,4.0,14.1,14.1
147.407,32,107.0,1040.0,0.0,10.0,18.77,83.5,4.0,14.1,14.1
147.497,32,107.0,1040.0,0.0,10.0,18.77,83.5,4.0,14.1,14.1
147.587,32,107.0,1040.0,0.0,10.0,18.77,83.5,4.0,14.1,14.1
147.677,32,107.0,1040.0,0.0,10.0,18.77,83.5,4.0,14.1,14.1
147.768,32,107.0,1040.0,0.0,10.0,18.8,83.5,4.0,14.1,14.1
147.857,32,107.0,1040.0,0.0,10.0,18.8,83.5,4.0,14.1,14.1
147.947,32,107.0,1040.0,0.0,10.0,18.8,83.5,4.0,14.1,14.1
148.039,32,107.0,1040.0,0.0,10.0,18.8,83.5,4.0,14.1,14.1
148.128,32,107.0,1040.0,0.0,10.0,18.8,83.5,4.0,14.1,14.5
148.218,32,107.0,1040.0,0.0,10.0,18.8,83.5,4.0,14.1,14.5
148.368,32,107.0,1040.0,0.0,10.0,18.8,83.5,4.0,14.1,14.5
148.458,32,107.0,1040.0,0.0,10.0,18.8,83.5,4.0,14.1,14.5
148.547,32,107.0,1040.0,0.0,10.0,18.8,83.5,4.0,14.1,14.5
148.669,32,107.0,1040.0,0.0,10.0,18.8,83.5,4.0,14.1,14.5
148.758,32,107.0,1040.0,0.0,10.0,19.02,83.5,4.0,14.1,14.5
148.877,32,107.0,1040.0,0.0,10.0,19.02,83.5,4.0,14.1,14.5
148.967,32,107.0,1040.0,0.0,10.0,19.02,83.5,4.0,14.1,14.5
149.057,32,107.0,1040.0,0.0,10.0,19.02,83.5,4.0,14.1,14.5
149.149,32,107.0,1040.0,0.0,10.0,19.02,83.5,4.0,14.1,14.5
149.237,32,107.0,1040.0,0.0,10.0,19.02,83.5,4.0,14.1,14.5
149.327,32,107.0,1040.0,0.0,10.0,19.02,83.5,4.0,14.1,14.5
149.417,32,107.0,1040.0,0.0,10.0,19.02,83.5,4.0,14.1,14.5
149.509,32,107.0,1040.0,0.0,10.0,19.02,83.5,4.0,14.1,14.5
149.599,32,107.0,1040.0,0.0,10.0,19.02,83.5,4.0,14.1,14.5
149.688,32,107.0,1040.0,0.0,10.0,18.86,83.5,4.0,14.1,14.5
149.751,32,107.0,1040.0,0.0,10.0,18.86,83.5,4.0,14.1,14.5
149.868,32,107.0,1040.0,0.0,10.0,18.86,83.5,4.0,14.1,14.5
149.958,32,107.0,1040.0,0.0,10.0,18.86,83.5,4.0,14.1,14.5
150.048,32,107.0,1040.0,0.0,10.0,18.86,83.5,4.0,14.1,14.5
150.138,32,107.0,1040.0,0.0,10.0,18.86,83.5,4.0,14.1,14.5
150.228,32,106.0,1040.0,0.0,10.0,18.86,83.5,4.0,14.1,14.5
150.347,32,106.0,1037.0,0.0,10.0,18.86,83.5,4.0,14.1,14.5
150.437,32,106.0,1037.0,0.0,10.0,18.86,83.5,4.0,14.1,14.5
150.527,32,106.0,1037.0,0.0,10.0,18.86,83.5,4.0,14.1,14.5
150.617,32,106.0,1037.0,0.0,10.0,18.72,83.5,4.0,14.1,14.5
150.707,32,106.0,1037.0,0.0,10.0,18.72,83.5,4.0,14.1,14.5
150.797,32,106.0,1037.0,0.0,10.0,18.72,83.5,4.0,14.1,14.5
150.887,32,106.0,1037.0,0.0,10.0,18.72,83.5,4.0,14.1,14.5
150.978,32,106.0,1037.0,0.0,10.0,18.72,83.5,4.0,14.1,14.5
151.068,32,106.0,1037.0,0.0,10.0,18.72,83.5,4.0,14.1,14.5
151.158,32,107.0,1037.0,0.0,10.0,18.72,83.5,4.0,14.1,14.5
151.249,32,107.0,1037.0,0.0,10.0,18.72,83.5,4.0,14.1,14.5
151.337,32,107.0,1037.0,0.0,10.0,18.72,83.5,4.0,14.1,14.5
151.427,32,107.0,1037.0,0.0,10.0,18.72,83.5,4.0,14.1,14.5
151.517,32,107.0,1037.0,0.0,10.0,18.63,83.5,4.0,14.1,14.5
151.607,32,107.0,1037.0,0.0,10.0,18.63,83.5,4.0,14.1,14.5
151.697,32,107.0,1037.0,0.0,10.0,18.63,83.5,4.0,14.1,14.5
151.787,32,107.0,1037.0,0.0,10.0,18.63,83.5,4.0,14.1,14.5
151.878,32,107.0,1037.0,0.0,10.0,18.63,83.5,4.0,14.1,14.5
151.969,32,107.0,1037.0,0.0,10.0,18.63,83.5,4.0,14.1,14.5
152.059,32,107.0,1037.0,0.0,10.0,18.63,83.5,4.0,14.1,14.5
152.148,32,107.0,1041.0,0.0,10.0,18.63,83.5,4.0,14.1,14.5
152.26,32,107.0,1041.0,0.0,10.0,18.63,83.5,4.0,14.1,14.5
152.357,32,107.0,1041.0,0.0,10.0,18.63,83.5,4.0,14.1,14.5
152.447,32,107.0,1041.0,0.0,10.0,18.58,83.5,4.0,14.1,14.5
152.538,32,107.0,1041.0,0.0,10.0,18.58,83.5,4.0,14.1,14.5
152.629,32,107.0,1041.0,0.0,10.0,18.58,83.5,4.0,14.1,14.5
152.718,32,107.0,1041.0,0.0,10.0,18.58,83.5,4.0,14.1,14.5
152.808,32,107.0,1041.0,0.0,10.0,18.58,83.5,4.0,14.1,14.5
152.898,32,107.0,1041.0,0.0,10.0,18.58,83.5,4.0,14.1,14.5
152.988,32,107.0,1041.0,0.0,10.0,18.58,83.5,4.0,14.1,14.5
153.078,32,107.0,1041.0,0.0,10.0,18.58,83.5,4.0,14.1,14.5
153.169,32,107.0,1041.0,0.0,10.0,18.58,83.5,4.0,14.1,14.5
153.258,32,107.0,1041.0,0.0,10.0,18.58,83.5,4.0,14.1,14.5
153.347,32,107.0,1041.0,0.0,10.0,18.97,83.5,4.0,14.1,14.5
153.437,32,107.0,1041.0,0.0,10.0,18.97,83.5,4.0,14.1,14.5
153.529,32,107.0,1041.0,0.0,10.0,18.97,83.5,4.0,14.1,14.5
153.618,32,107.0,1041.0,0.0,10.0,18.97,83.5,4.0,14.1,14.5
153.708,32,107.0,1041.0,0.0,10.0,18.97,83.5,4.0,14.1,14.1
153.798,32,107.0,1041.0,0.0,10.0,18.97,83.5,4.0,14.1,14.1
153.888,32,107.0,1041.0,0.0,10.0,18.97,83.5,4.0,14.1,14.1
153.997,32,107.0,1040.0,0.0,10.0,18.97,83.5,4.0,14.1,14.1
154.097,32,107.0,1040.0,0.0,10.0,18.97,83.5,4.0,14.1,14.1
154.187,32,107.0,1040.0,0.0,10.0,18.97,83.5,4.0,14.1,14.1
154.277,32,107.0,1040.0,0.0,10.0,18.8,83.5,4.0,14.1,14.1
154.367,32,107.0,1040.0,0.0,10.0,18.8,83.5,4.0,14.1,14.1
154.457,32,107.0,1040.0,0.0,10.0,18.8,83.5,4.0,14.1,14.1
154.547,32,107.0,1040.0,0.0,10.0,18.8,83.5,4.0,14.1,14.1
154.637,32,107.0,1040.0,0.0,10.0,18.8,83.5,4.0,14.1,14.5
154.728,32,107.0,1040.0,0.0,10.0,18.8,83.5,4.0,14.1,14.5
154.878,32,107.0,1040.0,0.0,10.0,18.8,83.5,4.0,14.1,14.5
154.97,32,107.0,1041.0,0.0,10.0,18.8,83.5,4.0,14.1,14.5
155.058,32,107.0,1041.0,0.0,10.0,18.8,83.5,4.0,14.1,14.5
155.149,32,107.0,1041.0,0.0,11.0,18.8,83.5,4.0,14.1,14.5
155.27,32,107.0,1041.0,0.0,11.0,18.77,83.5,4.0,14.1,14.5
155.357,32,107.0,1041.0,0.0,11.0,18.77,83.5,4.0,14.1,14.5
155.447,32,107.0,1041.0,0.0,11.0,18.77,83.5,4.0,14.1,14.5
155.537,32,107.0,1041.0,0.0,11.0,18.77,83.5,4.0,14.1,14.5
155.628,32,107.0,1041.0,0.0,11.0,18.77,83.5,4.0,14.1,14.5
155.718,32,107.0,1041.0,0.0,11.0,18.77,83.5,4.0,14.1,14.5
155.838,32,107.0,1041.0,0.0,11.0,18.77,83.5,4.0,14.1,14.5
155.928,32,107.0,1040.0,0.0,11.0,18.77,83.5,4.0,14.1,14.5
156.019,32,107.0,1040.0,0.0,11.0,18.77,83.5,4.0,14.1,14.5
156.138,32,107.0,1040.0,0.0,11.0,18.77,83.5,4.0,14.1,14.5
156.229,32,107.0,1040.0,0.0,11.0,18.69,83.5,4.0,14.1,14.5
156.317,32,107.0,1040.0,0.0,11.0,18.69,83.5,4.0,14.1,14.5
156.408,32,107.0,1040.0,0.0,11.0,18.69,83.5,4.0,14.1,14.5
156.498,32,107.0,1040.0,0.0,11.0,18.69,83.5,4.0,14.1,14.5
156.588,32,107.0,1040.0,0.0,11.0,18.69,83.5,4.0,14.1,14.1
156.68,32,107.0,1040.0,0.0,11.0,18.69,83.5,4.0,14.1,14.1
156.799,32,107.0,1040.0,0.0,11.0,18.69,83.5,4.0,14.1,14.1
156.89,32,107.0,1040.0,0.0,11.0,18.69,83.5,4.0,14.1,14.1
156.978,32,107.0,1040.0,0.0,11.0,18.69,83.5,4.0,14.1,14.1
157.069,32,107.0,1040.0,0.0,11.0,18.69,83.5,4.0,14.1,14.1
157.158,32,107.0,1040.0,0.0,11.0,18.61,83.5,4.0,14.1,14.1
157.279,32,107.0,1040.0,0.0,11.0,18.61,83.5,4.0,14.1,14.1
157.367,32,107.0,1040.0,0.0,11.0,18.61,83.5,4.0,14.1,14.1
157.457,32,107.0,1040.0,0.0,11.0,18.61,83.5,4.0,14.1,14.1
157.548,32,107.0,1040.0,0.0,11.0,18.61,83.5,4.0,14.1,14.5
157.638,33,107.0,1040.0,0.0,11.0,18.61,83.5,4.0,14.1,14.5
157.729,33,107.0,1040.0,0.0,11.0,18.61,83.5,4.0,14.1,14.5
157.818,33,107.0,1041.0,0.0,11.0,18.61,83.5,4.0,14.1,14.5
157.939,33,107.0,1041.0,0.0,11.0,18.61,83.5,4.0,14.1,14.5
158.028,33,107.0,1041.0,0.0,11.0,18.61,83.5,4.0,14.1,14.5
158.118,33,107.0,1041.0,0.0,11.0,18.86,83.5,4.0,14.1,14.5
158.208,33,107.0,1041.0,0.0,11.0,18.86,83.5,4.0,14.1,14.5
158.297,33,107.0,1041.0,0.0,11.0,18.86,83.5,4.0,14.1,14.5
158.387,33,107.0,1041.0,0.0,11.0,18.86,83.5,4.0,14.1,14.5
158.477,33,107.0,1041.0,0.0,11.0,18.86,83.5,4.0,14.1,14.5
158.567,33,107.0,1041.0,0.0,11.0,18.86,83.5,4.0,14.1,14.5
158.658,33,107.0,1041.0,0.0,11.0,18.86,83.5,4.0,14.1,14.5
158.748,33,107.0,1040.0,0.0,11.0,18.86,83.5,4.0,14.1,14.5
158.837,33,107.0,1040.0,0.0,11.0,18.86,83.5,4.0,14.1,14.5
158.927,33,107.0,1040.0,0.0,11.0,18.86,83.5,4.0,14.1,14.5
159.019,33,107.0,1040.0,0.0,11.0,18.8,83.5,4.0,14.1,14.5
159.108,33,107.0,1040.0,0.0,11.0,18.8,83.5,4.0,14.1,14.5
159.197,33,107.0,1040.0,0.0,11.0,18.8,83.5,4.0,14.1,14.5
159.289,33,107.0,1040.0,0.0,11.0,18.8,83.5,4.0,14.1,14.5
159.377,33,107.0,1040.0,0.0,11.0,18.8,83.5,4.0,14.1,14.5
159.467,33,107.0,1040.0,0.0,11.0,18.8,83.5,4.0,14.1,14.5
159.56,33,107.0,1040.0,0.0,11.0,18.8,83.5,4.0,14.1,14.5
159.647,33,107.0,1039.0,0.0,11.0,18.8,83.5,4.0,14.1,14.5
159.737,33,107.0,1039.0,0.0,11.0,18.8,83.5,4.0,14.1,14.5
159.829,33,107.0,1039.0,0.0,11.0,18.8,83.5,4.0,14.1,14.5
159.918,33,107.0,1039.0,0.0,11.0,18.88,83.5,4.0,14.1,14.5
160.008,33,107.0,1039.0,0.0,11.0,18.88,83.5,4.0,14.1,14.5
160.097,33,107.0,1039.0,0.0,11.0,18.88,83.5,4.0,14.1,14.5
160.187,33,107.0,1039.0,0.0,11.0,18.88,83.5,4.0,14.1,14.5
160.278,33,107.0,1039.0,0.0,11.0,18.88,83.5,4.0,14.1,14.5
160.368,33,107.0,1039.0,0.0,11.0,18.88,83.5,4.0,14.1,14.5
160.458,33,107.0,1039.0,0.0,11.0,18.88,83.5,4.0,14.1,14.5
160.548,33,107.0,1040.0,0.0,11.0,18.88,83.5,4.0,14.1,14.5
160.637,33,107.0,1040.0,0.0,11.0,18.88,83.5,4.0,14.1,14.5
160.728,33,107.0,1040.0,0.0,11.0,18.88,83.5,4.0,14.1,14.5
160.818,33,107.0,1040.0,0.0,11.0,18.94,83.5,4.0,14.1,14.5
160.908,33,107.0,1040.0,0.0,11.0,18.94,83.5,4.0,14.1,14.5
160.999,33,107.0,1040.0,0.0,11.0,18.94,83.5,4.0,14.1,14.5
161.088,33,107.0,1040.0,0.0,11.0,18.94,83.5,4.0,14.1,14.5
161.178,33,107.0,1040.0,0.0,11.0,18.94,83.5,4.0,14.1,14.5
161.268,33,107.0,1040.0,0.0,11.0,18.94,83.5,4.0,14.1,14.5
161.358,33,107.0,1040.0,0.0,11.0,18.94,83.5,4.0,14.1,14.5
161.448,33,107.0,1039.0,0.0,11.0,18.94,83.5,4.0,14.1,14.5
161.538,33,107.0,1039.0,0.0,11.0,18.94,83.5,4.0,14.1,14.5
161.628,33,107.0,1039.0,0.0,11.0,18.94,83.5,4.0,14.1,14.5
161.718,33,107.0,1039.0,0.0,11.0,19.08,83.5,4.0,14.1,14.5
161.808,33,107.0,1039.0,0.0,11.0,19.08,83.5,4.0,14.1,14.5
161.899,33,107.0,1039.0,0.0,11.0,19.08,83.5,4.0,14.1,14.5
161.989,33,107.0,1039.0,0.0,11.0,19.08,83.5,4.0,14.5,14.5
162.078,33,107.0,1039.0,0.0,11.0,19.08,83.5,4.0,14.5,14.5
162.168,33,107.0,1039.0,0.0,11.0,19.08,83.5,4.0,14.5,14.5
162.258,33,107.0,1039.0,0.0,11.0,19.08,83.5,4.0,14.5,14.5
162.348,33,107.0,1039.0,0.0,11.0,19.08,83.5,4.0,14.5,14.5
162.439,33,107.0,1039.0,0.0,11.0,19.08,83.5,4.0,14.5,14.5
162.528,33,107.0,1039.0,0.0,11.0,19.08,83.5,4.0,14.5,14.5
162.618,33,107.0,1039.0,0.0,11.0,18.88,83.5,4.0,14.5,14.5
162.708,33,107.0,1039.0,0.0,11.0,18.88,83.5,4.0,14.5,14.5
162.798,33,107.0,1039.0,0.0,11.0,18.88,83.5,4.0,14.5,14.5
162.889,33,107.0,1039.0,0.0,11.0,18.88,83.5,4.0,14.1,14.5
162.978,33,107.0,1039.0,0.0,11.0,18.88,83.5,4.0,14.1,14.1
163.068,33,107.0,1039.0,0.0,11.0,18.88,83.5,4.0,14.1,14.1
163.158,33,107.0,1039.0,0.0,11.0,18.88,83.5,4.0,14.1,14.1
163.248,33,107.0,1040.0,0.0,11.0,18.88,83.5,4.0,14.1,14.1
163.337,33,107.0,1040.0,0.0,11.0,18.88,83.5,4.0,14.1,14.1
163.427,33,107.0,1040.0,0.0,11.0,18.88,83.5,4.0,14.1,14.1
163.518,33,107.0,1040.0,0.0,11.0,18.74,83.5,4.0,14.1,14.1
163.608,33,107.0,1040.0,0.0,11.0,18.74,83.5,4.0,14.1,14.1
163.698,33,107.0,1040.0,0.0,11.0,18.74,83.5,4.0,14.1,14.1
163.788,33,107.0,1040.0,0.0,11.0,18.74,83.5,4.0,14.1,14.1
163.879,33,107.0,1040.0,0.0,11.0,18.74,83.5,4.0,14.1,14.5
163.968,33,107.0,1040.0,0.0,11.0,18.74,83.5,4.0,14.1,14.5
164.058,33,107.0,1040.0,0.0,11.0,18.74,83.5,4.0,14.1,14.5
164.148,33,107.0,1040.0,0.0,11.0,18.74,83.5,4.0,14.1,14.5
164.24,33,107.0,1040.0,0.0,11.0,18.74,83.5,4.0,14.1,14.5
164.327,33,107.0,1040.0,0.0,11.0,18.74,83.5,4.0,14.1,14.5
164.418,33,107.0,1040.0,0.0,11.0,19.13,83.5,4.0,14.1,14.5
164.509,33,107.0,1040.0,0.0,11.0,19.13,83.5,4.0,14.1,14.5
164.598,33,107.0,1040.0,0.0,11.0,19.13,83.5,4.0,14.1,14.5
164.688,33,107.0,1040.0,0.0,11.0,19.13,83.5,4.0,14.1,14.5
164.779,33,107.0,1040.0,0.0,11.0,19.13,83.5,4.0,14.1,14.5
164.868,33,107.0,1040.0,0.0,11.0,19.13,83.5,4.0,14.1,14.5
164.958,33,107.0,1040.0,0.0,11.0,19.13,83.5,4.0,14.1,14.5
165.048,33,107.0,1040.0,0.0,11.0,19.13,83.5,4.0,14.1,14.5
165.14,33,107.0,1040.0,0.0,11.0,19.13,83.5,4.0,14.1,14.5
165.229,33,107.0,1040.0,0.0,11.0,19.13,83.5,4.0,14.1,14.5
165.348,33,107.0,1040.0,0.0,11.0,18.83,83.5,4.0,14.1,14.5
165.438,33,107.0,1040.0,0.0,11.0,18.83,83.5,4.0,14.1,14.5
165.528,33,107.0,1040.0,0.0,11.0,18.83,83.5,4.0,14.1,14.5
165.618,33,107.0,1040.0,0.0,11.0,18.83,83.5,4.0,14.1,14.5
165.708,33,107.0,1040.0,0.0,11.0,18.83,83.5,4.0,14.1,14.5
165.798,33,107.0,1040.0,0.0,11.0,18.83,83.5,4.0,14.1,14.5
165.888,33,107.0,1040.0,0.0,11.0,18.83,83.5,4.0,14.1,14.5
165.983,33,107.0,1044.0,0.0,11.0,18.83,83.5,4.0,14.1,14.5
166.068,33,107.0,1044.0,0.0,11.0,18.83,83.5,4.0,14.1,14.5
166.158,33,107.0,1044.0,0.0,11.0,18.83,83.5,4.0,14.1,14.5
166.248,33,107.0,1044.0,0.0,11.0,18.8,83.5,4.0,14.1,14.5
166.337,33,107.0,1044.0,0.0,11.0,18.8,83.5,4.0,14.1,14.5
166.427,33,107.0,1044.0,0.0,11.0,18.8,83.5,4.0,14.1,14.5
166.518,33,107.0,1044.0,0.0,11.0,18.8,83.5,4.0,16.5,14.5
166.608,33,107.0,1044.0,0.0,11.0,18.8,83.5,4.0,16.5,18.4
166.698,33,107.0,1044.0,0.0,11.0,18.8,83.5,4.0,16.5,18.4
166.788,33,107.0,1044.0,0.0,11.0,18.8,83.5,4.0,16.5,18.4
166.878,33,107.0,1222.0,0.0,11.0,18.8,83.5,4.0,16.5,18.4
166.968,33,107.0,1222.0,0.0,11.0,18.8,83.5,4.0,16.5,18.4
167.058,33,107.0,1222.0,0.0,11.0,18.8,83.5,4.0,16.5,18.4
167.148,33,107.0,1222.0,0.0,11.0,21.22,83.5,4.0,16.5,18.4
167.238,33,107.0,1222.0,0.0,11.0,21.22,83.5,4.0,16.5,18.4
167.327,33,107.0,1222.0,0.0,11.0,21.22,83.5,4.0,16.5,18.4
167.418,33,107.0,1222.0,0.0,11.0,21.22,83.5,4.0,23.5,18.4
167.508,33,107.0,1222.0,0.0,11.0,21.22,83.5,4.0,23.5,23.1
167.598,33,107.0,1222.0,0.0,11.0,21.22,83.5,4.0,23.5,23.1
167.688,33,105.0,1222.0,0.0,11.0,21.22,83.5,4.0,23.5,23.1
167.778,33,105.0,1131.0,0.0,11.0,21.22,83.5,4.0,23.5,23.1
167.868,33,105.0,1131.0,6.0,11.0,21.22,83.5,4.0,23.5,23.1
167.958,33,105.0,1131.0,6.0,11.0,21.22,83.5,4.0,23.5,23.1
168.048,33,105.0,1131.0,6.0,11.0,21.11,83.5,4.0,23.5,23.1
168.138,33,105.0,1131.0,6.0,11.0,21.11,83.5,4.0,23.5,23.1
168.228,33,105.0,1131.0,6.0,11.0,21.11,83.5,4.0,23.5,23.1
168.318,33,105.0,1131.0,6.0,11.0,21.11,83.5,4.0,25.9,23.1
168.407,33,105.0,1131.0,6.0,11.0,21.11,83.5,4.0,25.9,28.2
168.498,33,105.0,1131.0,6.0,11.0,21.11,83.5,4.0,25.9,28.2
168.588,33,115.0,1131.0,6.0,11.0,21.11,83.5,4.0,25.9,28.2
168.678,33,115.0,1572.0,6.0,11.0,21.11,83.5,4.0,25.9,28.2
168.768,33,115.0,1572.0,13.0,11.0,21.11,83.5,4.0,25.9,28.2
168.858,33,115.0,1572.0,13.0,11.0,21.11,83.5,4.0,25.9,28.2
168.948,33,115.0,1572.0,13.0,11.0,38.24,83.5,4.0,25.9,28.2
169.038,33,115.0,1572.0,13.0,11.0,38.24,83.5,4.0,25.9,28.2
169.128,33,115.0,1572.0,13.0,11.0,38.24,83.5,4.0,25.9,28.2
169.218,33,115.0,1572.0,13.0,11.0,38.24,83.5,4.0,42.0,28.2
169.308,33,115.0,1572.0,13.0,11.0,38.24,83.5,4.0,42.0,42.4
169.397,33,115.0,1572.0,13.0,11.0,38.24,83.5,4.0,42.0,42.4
169.488,33,134.0,1572.0,13.0,11.0,38.24,83.5,4.0,42.0,42.4
169.578,33,134.0,2145.0,13.0,11.0,38.24,83.5,4.0,42.0,42.4
169.668,33,134.0,2145.0,19.0,11.0,38.24,83.5,4.0,42.0,42.4
169.757,33,134.0,2145.0,19.0,13.0,38.24,83.5,4.0,42.0,42.4
169.847,33,134.0,2145.0,19.0,13.0,30.55,83.5,4.0,42.0,42.4
169.938,33,134.0,2145.0,19.0,13.0,30.55,31.0,4.0,42.0,42.4
170.028,33,134.0,2145.0,19.0,13.0,30.55,31.0,4.0,42.0,42.4
170.118,33,134.0,2145.0,19.0,13.0,30.55,31.0,4.0,16.9,42.4
170.208,33,134.0,2145.0,19.0,13.0,30.55,31.0,4.0,16.9,25.9
170.297,33,134.0,2145.0,19.0,13.0,30.55,31.0,4.0,16.9,25.9
170.387,33,98.0,2145.0,19.0,13.0,30.55,31.0,4.0,16.9,25.9
170.477,33,98.0,1205.0,19.0,13.0,30.55,31.0,4.0,16.9,25.9
170.568,33,98.0,1205.0,20.0,13.0,30.55,31.0,4.0,16.9,25.9
170.658,33,98.0,1205.0,20.0,14.0,30.55,31.0,4.0,16.9,25.9
170.748,33,98.0,1205.0,20.0,14.0,22.52,31.0,4.0,16.9,25.9
170.838,33,98.0,1205.0,20.0,14.0,22.52,83.1,4.0,16.9,25.9
170.928,33,98.0,1205.0,20.0,14.0,22.52,83.1,4.0,16.9,25.9
171.018,33,98.0,1205.0,20.0,14.0,22.52,83.1,4.0,40.8,25.9
171.109,33,98.0,1205.0,20.0,14.0,22.52,83.1,4.0,40.8,41.6
171.198,33,98.0,1205.0,20.0,14.0,22.52,83.1,4.0,40.8,41.6
171.288,33,116.0,1205.0,20.0,14.0,22.52,83.1,4.0,40.8,41.6
171.377,33,116.0,1398.0,20.0,14.0,22.52,83.1,4.0,40.8,41.6
171.467,33,116.0,1398.0,24.0,14.0,22.52,83.1,4.0,40.8,41.6
171.558,33,116.0,1398.0,24.0,11.0,22.52,83.1,4.0,40.8,41.6
171.648,33,116.0,1398.0,24.0,11.0,31.05,83.1,4.0,40.8,41.6
171.738,33,116.0,1398.0,24.0,11.0,31.05,83.5,4.0,40.8,41.6
171.828,33,116.0,1398.0,24.0,11.0,31.05,83.5,4.0,40.8,41.6
171.918,33,116.0,1398.0,24.0,11.0,31.05,83.5,4.0,44.3,41.6
172.008,33,116.0,1398.0,24.0,11.0,31.05,83.5,4.0,44.3,45.5
172.098,33,116.0,1398.0,24.0,11.0,31.05,83.5,4.0,44.3,45.5
172.188,33,140.0,1398.0,24.0,11.0,31.05,83.5,4.0,44.3,45.5
172.28,33,140.0,1651.0,24.0,11.0,31.05,83.5,4.0,44.3,45.5
172.367,33,140.0,1651.0,28.0,11.0,31.05,83.5,4.0,44.3,45.5
172.457,33,140.0,1651.0,28.0,12.0,31.05,83.5,4.0,44.3,45.5
172.548,33,140.0,1651.0,28.0,12.0,46.27,83.5,4.0,44.3,45.5
172.638,33,140.0,1651.0,28.0,12.0,46.27,83.5,4.0,44.3,45.5
172.728,33,140.0,1651.0,28.0,12.0,46.27,83.5,4.0,44.3,45.5
172.824,33,140.0,1651.0,28.0,12.0,46.27,83.5,4.0,43.9,45.5
172.909,33,140.0,1651.0,28.0,12.0,46.27,83.5,4.0,43.9,43.9
172.998,33,140.0,1651.0,28.0,12.0,46.27,83.5,4.0,43.9,43.9
173.088,33,146.0,1651.0,28.0,12.0,46.27,83.5,4.0,43.9,43.9
173.179,33,146.0,1913.0,28.0,12.0,46.27,83.5,4.0,43.9,43.9
173.268,33,146.0,1913.0,33.0,12.0,46.27,83.5,4.0,43.9,43.9
173.357,33,146.0,1913.0,33.0,13.0,46.27,83.5,4.0,43.9,43.9
173.447,33,146.0,1913.0,33.0,13.0,39.13,83.5,4.0,43.9,43.9
173.538,33,146.0,1913.0,33.0,13.0,39.13,34.5,4.0,43.9,43.9
173.628,33,146.0,1913.0,33.0,13.0,39.13,34.5,4.0,43.9,43.9
173.718,33,146.0,1913.0,33.0,13.0,39.13,34.5,4.0,14.1,43.9
173.809,33,146.0,1913.0,33.0,13.0,39.13,34.5,4.0,14.1,14.5
173.898,33,146.0,1913.0,33.0,13.0,39.13,34.5,4.0,14.1,14.5
173.988,33,103.0,1913.0,33.0,13.0,39.13,34.5,4.0,14.1,14.5
174.078,33,103.0,1142.0,33.0,13.0,39.13,34.5,4.0,14.1,14.5
174.168,33,103.0,1142.0,32.0,13.0,39.13,34.5,4.0,14.1,14.5
174.259,33,103.0,1142.0,32.0,11.0,39.13,34.5,4.0,14.1,14.5
174.347,33,103.0,1142.0,32.0,11.0,23.02,34.5,4.0,14.1,14.5
174.438,33,103.0,1142.0,32.0,11.0,23.02,81.2,4.0,14.1,14.5
174.528,33,103.0,1142.0,32.0,11.0,23.02,81.2,4.0,14.1,14.5
174.618,33,103.0,1142.0,32.0,11.0,23.02,81.2,4.0,43.5,14.5
174.708,33,103.0,1142.0,32.0,11.0,23.02,81.2,4.0,43.5,43.5
174.798,33,103.0,1142.0,32.0,11.0,23.02,81.2,4.0,43.5,43.5
174.889,33,118.0,1142.0,32.0,11.0,23.02,81.2,4.0,43.5,43.5
174.978,33,118.0,1338.0,32.0,11.0,23.02,81.2,4.0,43.5,43.5
175.068,33,118.0,1338.0,36.0,11.0,23.02,81.2,4.0,43.5,43.5
175.158,33,118.0,1338.0,36.0,11.0,23.02,81.2,4.0,43.5,43.5
175.248,33,118.0,1338.0,36.0,11.0,29.66,81.2,4.0,43.5,43.5
175.337,33,118.0,1338.0,36.0,11.0,29.66,83.5,4.0,43.5,43.5
175.458,33,118.0,1338.0,36.0,11.0,29.66,83.5,4.0,43.5,43.5
175.548,33,118.0,1338.0,36.0,11.0,29.66,83.5,4.0,49.8,43.5
175.638,33,118.0,1338.0,36.0,11.0,29.66,83.5,4.0,49.8,50.6
175.727,33,118.0,1338.0,36.0,11.0,29.66,83.5,4.0,49.8,50.6
175.817,33,148.0,1338.0,36.0,11.0,29.66,83.5,4.0,49.8,50.6
175.908,33,148.0,1504.0,36.0,11.0,29.66,83.5,4.0,49.8,50.6
175.998,33,148.0,1504.0,41.0,11.0,29.66,83.5,4.0,49.8,50.6
176.088,33,148.0,1504.0,41.0,12.0,29.66,83.5,4.0,49.8,50.6
176.178,33,148.0,1504.0,41.0,12.0,41.22,83.5,4.0,49.8,50.6
176.268,33,148.0,1504.0,41.0,12.0,41.22,83.5,4.0,49.8,50.6
176.357,33,148.0,1504.0,41.0,12.0,41.22,83.5,4.0,49.8,50.6
176.448,33,148.0,1504.0,41.0,12.0,41.22,83.5,4.0,43.9,50.6
176.538,33,148.0,1504.0,41.0,12.0,41.22,83.5,4.0,43.9,44.3
176.628,34,148.0,1504.0,41.0,12.0,41.22,83.5,4.0,43.9,44.3
176.719,34,147.0,1504.0,41.0,12.0,41.22,83.5,4.0,43.9,44.3
176.808,34,147.0,1633.0,41.0,12.0,41.22,83.5,4.0,43.9,44.3
176.898,34,147.0,1633.0,44.0,12.0,41.22,83.5,4.0,43.9,44.3
177.018,34,147.0,1633.0,44.0,13.0,41.22,83.5,4.0,43.9,44.3
177.108,34,147.0,1633.0,44.0,13.0,37.16,83.5,4.0,43.9,44.3
177.198,34,147.0,1633.0,44.0,13.0,37.16,83.5,4.0,43.9,44.3
177.287,34,147.0,1633.0,44.0,13.0,37.16,83.5,4.0,43.9,44.3
177.377,34,147.0,1633.0,44.0,13.0,37.16,83.5,4.0,38.8,44.3
177.467,34,147.0,1633.0,44.0,13.0,37.16,83.5,4.0,38.8,39.2
177.557,34,147.0,1633.0,44.0,13.0,37.16,83.5,4.0,38.8,39.2
177.648,34,120.0,1633.0,44.0,13.0,37.16,83.5,4.0,38.8,39.2
177.738,34,120.0,1700.0,44.0,13.0,37.16,83.5,4.0,38.8,39.2
177.827,34,120.0,1700.0,46.0,13.0,37.16,83.5,4.0,38.8,39.2
177.918,34,120.0,1700.0,46.0,12.0,37.16,83.5,4.0,38.8,39.2
178.008,34,120.0,1700.0,46.0,12.0,33.61,83.5,4.0,38.8,39.2
178.098,34,120.0,1700.0,46.0,12.0,33.61,83.5,4.0,38.8,39.2
178.188,34,120.0,1700.0,46.0,12.0,33.61,83.5,4.0,38.8,39.2
178.28,34,120.0,1700.0,46.0,12.0,33.61,83.5,4.0,37.3,39.2
178.367,34,120.0,1700.0,46.0,12.0,33.61,83.5,4.0,37.3,38.0
178.457,34,120.0,1700.0,46.0,12.0,33.61,83.5,4.0,37.3,38.0
178.548,34,110.0,1700.0,46.0,12.0,33.61,83.5,4.0,37.3,38.0
178.637,34,110.0,1732.0,46.0,12.0,33.61,83.5,4.0,37.3,38.0
178.73,34,110.0,1732.0,47.0,12.0,33.61,83.5,4.0,37.3,38.0
178.818,34,110.0,1732.0,47.0,12.0,33.61,83.5,4.0,37.3,38.0
178.908,34,110.0,1732.0,47.0,12.0,33.69,83.5,4.0,37.3,38.0
179.001,34,110.0,1732.0,47.0,12.0,33.69,83.5,4.0,37.3,38.0
179.088,34,110.0,1732.0,47.0,12.0,33.69,83.5,4.0,37.3,38.0
179.178,34,110.0,1732.0,47.0,12.0,33.69,83.5,4.0,36.9,38.0
179.268,34,110.0,1732.0,47.0,12.0,33.69,83.5,4.0,36.9,37.6
179.357,34,110.0,1732.0,47.0,12.0,33.69,83.5,4.0,36.9,37.6
179.447,34,111.0,1732.0,47.0,12.0,33.69,83.5,4.0,36.9,37.6
179.538,34,111.0,1762.0,47.0,12.0,33.69,83.5,4.0,36.9,37.6
179.628,34,111.0,1762.0,47.0,12.0,33.69,83.5,4.0,36.9,37.6
179.718,34,111.0,1762.0,47.0,12.0,33.69,83.5,4.0,36.9,37.6
179.807,34,111.0,1762.0,47.0,12.0,34.02,83.5,4.0,36.9,37.6
179.897,34,111.0,1762.0,47.0,12.0,34.02,83.5,4.0,36.9,37.6
179.988,34,111.0,1762.0,47.0,12.0,34.02,83.5,4.0,36.9,37.6
180.079,34,111.0,1762.0,47.0,12.0,34.02,83.5,4.0,36.5,37.6
180.168,34,111.0,1762.0,47.0,12.0,34.02,83.5,4.0,36.5,36.9
180.259,34,111.0,1762.0,47.0,12.0,34.02,83.5,4.0,36.5,36.9
180.348,34,112.0,1762.0,47.0,12.0,34.02,83.5,4.0,36.5,36.9
180.437,34,112.0,1769.0,47.0,12.0,34.02,83.5,4.0,36.5,36.9
180.557,34,112.0,1769.0,48.0,12.0,34.02,83.5,4.0,36.5,36.9
180.647,34,112.0,1769.0,48.0,12.0,34.02,83.5,4.0,36.5,36.9
180.737,34,112.0,1769.0,48.0,12.0,32.86,83.5,4.0,36.5,36.9
180.827,34,112.0,1769.0,48.0,12.0,32.86,83.5,4.0,36.5,36.9
180.917,34,112.0,1769.0,48.0,12.0,32.86,83.5,4.0,36.5,36.9
181.007,34,112.0,1769.0,48.0,12.0,32.86,83.5,4.0,32.2,36.9
181.097,34,112.0,1769.0,48.0,12.0,32.86,83.5,4.0,32.2,32.2
181.187,34,112.0,1769.0,48.0,12.0,32.86,83.5,4.0,32.2,32.2
181.278,34,103.0,1769.0,48.0,12.0,32.86,83.5,4.0,32.2,32.2
181.367,34,103.0,1767.0,48.0,12.0,32.86,83.5,4.0,32.2,32.2
181.457,34,103.0,1767.0,47.0,12.0,32.86,83.5,4.0,32.2,32.2
181.548,34,103.0,1767.0,47.0,11.0,32.86,83.5,4.0,32.2,32.2
181.638,34,103.0,1767.0,47.0,11.0,31.66,83.5,4.0,32.2,32.2
181.728,34,103.0,1767.0,47.0,11.0,31.66,83.5,4.0,32.2,32.2
181.818,34,103.0,1767.0,47.0,11.0,31.66,83.5,4.0,32.2,32.2
181.908,34,103.0,1767.0,47.0,11.0,31.66,83.5,4.0,32.2,32.2
181.998,34,103.0,1767.0,47.0,11.0,31.66,83.5,4.0,32.2,32.5
182.088,34,103.0,1767.0,47.0,11.0,31.66,83.5,4.0,32.2,32.5
182.178,34,103.0,1767.0,47.0,11.0,31.66,83.5,4.0,32.2,32.5
182.268,34,103.0,1755.0,47.0,11.0,31.66,83.5,4.0,32.2,32.5
182.357,34,103.0,1755.0,47.0,11.0,31.66,83.5,4.0,32.2,32.5
182.448,34,103.0,1755.0,47.0,11.0,31.66,83.5,4.0,32.2,32.5
182.538,34,103.0,1755.0,47.0,11.0,31.58,83.5,4.0,32.2,32.5
182.628,34,103.0,1755.0,47.0,11.0,31.58,83.5,4.0,32.2,32.5
182.718,34,103.0,1755.0,47.0,11.0,31.58,83.5,4.0,32.2,32.5
182.808,34,103.0,1755.0,47.0,11.0,31.58,83.5,4.0,32.2,32.5
182.898,34,103.0,1755.0,47.0,11.0,31.58,83.5,4.0,32.2,32.5
182.988,34,103.0,1755.0,47.0,11.0,31.58,83.5,4.0,32.2,32.5
183.078,34,103.0,1755.0,47.0,11.0,31.58,83.5,4.0,32.2,32.5
183.168,34,103.0,1735.0,47.0,11.0,31.58,83.5,4.0,32.2,32.5
183.258,34,103.0,1735.0,47.0,11.0,31.58,83.5,4.0,32.2,32.5
183.347,34,103.0,1735.0,47.0,11.0,31.58,83.5,4.0,32.2,32.5
183.437,34,103.0,1735.0,47.0,11.0,31.88,83.5,4.0,32.2,32.5
183.528,34,103.0,1735.0,47.0,11.0,31.88,83.5,4.0,32.2,32.5
183.618,34,103.0,1735.0,47.0,11.0,31.88,83.5,4.0,32.2,32.5
183.708,34,103.0,1735.0,47.0,11.0,31.88,83.5,4.0,32.9,32.5
183.8,34,103.0,1735.0,47.0,11.0,31.88,83.5,4.0,32.9,33.3
183.888,34,103.0,1735.0,47.0,11.0,31.88,83.5,4.0,32.9,33.3
183.983,34,105.0,1735.0,47.0,11.0,31.88,83.5,4.0,32.9,33.3
184.068,34,105.0,1735.0,47.0,11.0,31.88,83.5,4.0,32.9,33.3
184.159,34,105.0,1735.0,47.0,11.0,31.88,83.5,4.0,32.9,33.3
184.248,34,105.0,1735.0,47.0,11.0,31.88,83.5,4.0,32.9,33.3
184.337,34,105.0,1735.0,47.0,11.0,32.16,83.5,4.0,32.9,33.3
184.428,34,105.0,1735.0,47.0,11.0,32.16,83.5,4.0,32.9,33.3
184.518,34,105.0,1735.0,47.0,11.0,32.16,83.5,4.0,32.9,33.3
184.608,34,105.0,1735.0,47.0,11.0,32.16,83.5,4.0,34.1,33.3
184.698,34,105.0,1735.0,47.0,11.0,32.16,83.5,4.0,34.1,34.9
184.788,34,105.0,1735.0,47.0,11.0,32.16,83.5,4.0,34.1,34.9
184.877,34,107.0,1735.0,47.0,11.0,32.16,83.5,4.0,34.1,34.9
184.968,34,107.0,1735.0,47.0,11.0,32.16,83.5,4.0,34.1,34.9
185.057,34,107.0,1735.0,47.0,11.0,32.16,83.5,4.0,34.1,34.9
185.147,34,107.0,1735.0,47.0,11.0,32.16,83.5,4.0,34.1,34.9
185.238,34,107.0,1735.0,47.0,11.0,33.22,83.5,4.0,34.1,34.9
185.327,34,107.0,1735.0,47.0,11.0,33.22,83.5,4.0,34.1,34.9
185.417,34,107.0,1735.0,47.0,11.0,33.22,83.5,4.0,34.1,34.9
185.51,34,107.0,1735.0,47.0,11.0,33.22,83.5,4.0,36.1,34.9
185.598,34,107.0,1735.0,47.0,11.0,33.22,83.5,4.0,36.1,36.9
185.688,34,107.0,1735.0,47.0,11.0,33.22,83.5,4.0,36.1,36.9
185.778,34,115.0,1735.0,47.0,11.0,33.22,83.5,4.0,36.1,36.9
185.868,34,115.0,1751.0,47.0,11.0,33.22,83.5,4.0,36.1,36.9
185.958,34,115.0,1751.0,47.0,11.0,33.22,83.5,4.0,36.1,36.9
186.048,34,115.0,1751.0,47.0,11.0,33.22,83.5,4.0,36.1,36.9
186.141,34,115.0,1751.0,47.0,11.0,36.33,83.5,4.0,36.1,36.9
186.228,34,115.0,1751.0,47.0,11.0,36.33,83.5,4.0,36.1,36.9
186.317,34,115.0,1751.0,47.0,11.0,36.33,83.5,4.0,36.1,36.9
186.407,34,115.0,1751.0,47.0,11.0,36.33,83.5,4.0,34.1,36.9
186.498,34,115.0,1751.0,47.0,11.0,36.33,83.5,4.0,34.1,27.5
186.588,34,115.0,1751.0,47.0,11.0,36.33,83.5,4.0,34.1,27.5
186.678,34,113.0,1751.0,47.0,11.0,36.33,83.5,4.0,34.1,27.5
186.768,34,113.0,1439.0,47.0,11.0,36.33,83.5,4.0,34.1,27.5
186.858,34,113.0,1439.0,47.0,11.0,36.33,83.5,4.0,34.1,27.5
186.947,34,113.0,1439.0,47.0,11.0,36.33,83.5,4.0,34.1,27.5
187.037,34,113.0,1439.0,47.0,11.0,21.13,83.5,4.0,34.1,27.5
187.128,34,113.0,1439.0,47.0,11.0,21.13,83.5,4.0,34.1,27.5
187.218,34,113.0,1439.0,47.0,11.0,21.13,83.5,3.0,34.1,27.5
187.307,34,113.0,1439.0,47.0,11.0,21.13,83.5,3.0,34.9,27.5
187.397,34,113.0,1439.0,47.0,11.0,21.13,83.5,3.0,34.9,36.1
187.487,35,113.0,1439.0,47.0,11.0,21.13,83.5,3.0,34.9,36.1
187.577,35,109.0,1439.0,47.0,11.0,21.13,83.5,3.0,34.9,36.1
187.668,35,109.0,1216.0,47.0,11.0,21.13,83.5,3.0,34.9,36.1
187.758,35,109.0,1216.0,47.0,11.0,21.13,83.5,3.0,34.9,36.1
187.85,35,109.0,1216.0,47.0,9.0,21.13,83.5,3.0,34.9,36.1
187.938,35,109.0,1216.0,47.0,9.0,22.88,83.5,3.0,34.9,36.1
188.029,35,109.0,1216.0,47.0,9.0,22.88,83.5,3.0,34.9,36.1
188.118,35,109.0,1216.0,47.0,9.0,22.88,83.5,3.0,34.9,36.1
188.21,35,109.0,1216.0,47.0,9.0,22.88,83.5,3.0,33.3,36.1
188.298,35,109.0,1216.0,47.0,9.0,22.88,83.5,3.0,33.3,32.9
188.387,35,109.0,1216.0,47.0,9.0,22.88,83.5,3.0,33.3,32.9
188.478,35,111.0,1216.0,47.0,9.0,22.88,83.5,3.0,33.3,32.9
188.568,35,111.0,1244.0,47.0,9.0,22.88,83.5,3.0,33.3,32.9
188.658,35,111.0,1244.0,48.0,9.0,22.88,83.5,3.0,33.3,32.9
188.748,35,111.0,1244.0,48.0,9.0,22.88,83.5,3.0,33.3,32.9
188.838,35,111.0,1244.0,48.0,9.0,22.66,83.5,3.0,33.3,32.9
188.928,35,111.0,1244.0,48.0,9.0,22.66,83.5,3.0,33.3,32.9
189.02,35,111.0,1244.0,48.0,9.0,22.66,83.5,3.0,33.3,32.9
189.138,35,111.0,1244.0,48.0,9.0,22.66,83.5,3.0,32.5,32.9
189.229,35,111.0,1244.0,48.0,9.0,22.66,83.5,3.0,32.5,32.5
189.317,35,111.0,1244.0,48.0,9.0,22.66,83.5,3.0,32.5,32.5
189.408,35,105.0,1244.0,48.0,9.0,22.66,83.5,3.0,32.5,32.5
189.498,35,105.0,1255.0,48.0,9.0,22.66,83.5,3.0,32.5,32.5
189.588,35,105.0,1255.0,49.0,9.0,22.66,83.5,3.0,32.5,32.5
189.678,35,105.0,1255.0,49.0,9.0,22.66,83.5,3.0,32.5,32.5
189.768,35,105.0,1255.0,49.0,9.0,21.94,83.5,3.0,32.5,32.5
189.858,35,105.0,1255.0,49.0,9.0,21.94,83.5,3.0,32.5,32.5
189.948,35,105.0,1255.0,49.0,9.0,21.94,83.5,3.0,32.5,32.5
190.038,35,105.0,1255.0,49.0,9.0,21.94,83.5,3.0,14.1,32.5
190.128,35,105.0,1255.0,49.0,9.0,21.94,83.5,3.0,14.1,14.5
190.218,35,105.0,1255.0,49.0,9.0,21.94,83.5,3.0,14.1,14.5
190.308,35,101.0,1255.0,49.0,9.0,21.94,83.5,3.0,14.1,14.5
190.397,35,101.0,1027.0,49.0,9.0,21.94,83.5,3.0,14.1,14.5
190.488,35,101.0,1027.0,49.0,9.0,21.94,83.5,3.0,14.1,14.5
190.578,35,101.0,1027.0,49.0,9.0,21.94,83.5,3.0,14.1,14.5
190.668,35,101.0,1027.0,49.0,9.0,16.63,83.5,3.0,14.1,14.5
190.758,35,101.0,1027.0,49.0,9.0,16.63,83.5,3.0,14.1,14.5
190.849,35,101.0,1027.0,49.0,9.0,16.63,83.5,3.0,14.1,14.5
190.938,35,101.0,1027.0,49.0,9.0,16.63,83.5,3.0,14.1,14.5
191.029,35,101.0,1027.0,49.0,9.0,16.63,83.5,3.0,14.1,14.5
191.118,35,101.0,1027.0,49.0,9.0,16.63,83.5,3.0,14.1,14.5
191.208,35,105.0,1027.0,49.0,9.0,16.63,83.5,3.0,14.1,14.5
191.327,35,105.0,1013.0,49.0,9.0,16.63,83.5,3.0,14.1,14.5
191.448,35,105.0,1013.0,48.0,9.0,16.63,83.5,3.0,14.1,14.5
191.538,35,105.0,1013.0,48.0,8.0,16.63,83.5,3.0,14.1,14.5
191.629,35,105.0,1013.0,48.0,8.0,18.02,83.5,3.0,14.1,14.5
191.718,35,105.0,1013.0,48.0,8.0,18.02,83.5,3.0,14.1,14.5
191.807,35,105.0,1013.0,48.0,8.0,18.02,83.5,3.0,14.1,14.5
191.897,35,105.0,1013.0,48.0,8.0,18.02,83.5,3.0,14.1,14.5
191.988,35,105.0,1013.0,48.0,8.0,18.02,83.5,3.0,14.1,14.5
192.077,35,105.0,1013.0,48.0,8.0,18.02,83.5,3.0,14.1,14.5
192.198,35,106.0,1013.0,48.0,8.0,18.02,83.5,3.0,14.1,14.5
192.287,35,106.0,1033.0,48.0,8.0,18.02,83.5,3.0,14.1,14.5
192.377,35,106.0,1033.0,47.0,8.0,18.02,83.5,3.0,14.1,14.5
192.468,35,106.0,1033.0,47.0,8.0,18.02,83.5,3.0,14.1,14.5
192.559,35,106.0,1033.0,47.0,8.0,18.33,83.5,3.0,14.1,14.5
192.68,35,106.0,1033.0,47.0,8.0,18.33,83.5,3.0,14.1,14.5
192.768,35,106.0,1033.0,47.0,8.0,18.33,83.5,3.0,14.1,14.5
192.86,35,106.0,1033.0,47.0,8.0,18.33,83.5,3.0,14.1,14.5
192.948,35,106.0,1033.0,47.0,8.0,18.33,83.5,3.0,14.1,14.5
193.039,35,106.0,1033.0,47.0,8.0,18.33,83.5,3.0,14.1,14.5
193.128,35,107.0,1033.0,47.0,8.0,18.33,83.5,3.0,14.1,14.5
193.219,35,107.0,1033.0,47.0,8.0,18.33,83.5,3.0,14.1,14.5
193.308,35,107.0,1033.0,46.0,8.0,18.33,83.5,3.0,14.1,14.5
193.427,35,107.0,1033.0,46.0,8.0,18.33,83.5,3.0,14.1,14.5
193.518,35,107.0,1033.0,46.0,8.0,18.36,83.5,3.0,14.1,14.5
193.608,35,107.0,1033.0,46.0,8.0,18.36,83.5,3.0,14.1,14.5
193.698,35,107.0,1033.0,46.0,8.0,18.36,83.5,3.0,14.1,14.5
193.788,35,107.0,1033.0,46.0,8.0,18.36,83.5,3.0,14.1,14.5
193.878,35,107.0,1033.0,46.0,8.0,18.36,83.5,3.0,14.1,14.5
193.968,35,107.0,1033.0,46.0,8.0,18.36,83.5,3.0,14.1,14.5
194.058,35,107.0,1033.0,46.0,8.0,18.36,83.5,3.0,14.1,14.5
194.148,35,107.0,1035.0,46.0,8.0,18.36,83.5,3.0,14.1,14.5
194.238,35,107.0,1035.0,45.0,8.0,18.36,83.5,3.0,14.1,14.5
194.327,35,107.0,1035.0,45.0,9.0,18.36,83.5,3.0,14.1,14.5
194.418,35,107.0,1035.0,45.0,9.0,18.41,83.5,3.0,14.1,14.5
194.509,35,107.0,1035.0,45.0,9.0,18.41,83.5,3.0,14.1,14.5
194.599,35,107.0,1035.0,45.0,9.0,18.41,83.5,3.0,14.1,14.5
194.688,35,107.0,1035.0,45.0,9.0,18.41,83.5,3.0,14.1,14.5
194.779,35,107.0,1035.0,45.0,9.0,18.41,83.5,3.0,14.1,14.5
194.898,35,107.0,1035.0,45.0,9.0,18.41,83.5,3.0,14.1,14.5
194.988,35,107.0,1035.0,45.0,9.0,18.41,83.5,3.0,14.1,14.5
195.079,35,107.0,1039.0,45.0,9.0,18.41,83.5,3.0,14.1,14.5
195.169,35,107.0,1039.0,43.0,9.0,18.41,83.5,3.0,14.1,14.5
195.26,35,107.0,1039.0,43.0,9.0,18.41,83.5,3.0,14.1,14.5
195.347,35,107.0,1039.0,43.0,9.0,18.77,83.5,3.0,14.1,14.5
195.437,35,107.0,1039.0,43.0,9.0,18.77,83.5,3.0,14.1,14.5
195.527,35,107.0,1039.0,43.0,9.0,18.77,83.5,3.0,14.1,14.5
195.618,35,107.0,1039.0,43.0,9.0,18.77,83.5,3.0,14.1,14.5
195.708,35,107.0,1039.0,43.0,9.0,18.77,83.5,3.0,14.1,14.5
195.8,35,107.0,1039.0,43.0,9.0,18.77,83.5,3.0,14.1,14.5
195.888,35,107.0,1039.0,43.0,9.0,18.77,83.5,3.0,14.1,14.5
195.979,35,107.0,1034.0,43.0,9.0,18.77,83.5,3.0,14.1,14.5
196.068,35,107.0,1034.0,40.0,9.0,18.77,83.5,3.0,14.1,14.5
196.159,35,107.0,1034.0,40.0,9.0,18.77,83.5,3.0,14.1,14.5
196.248,35,107.0,1034.0,40.0,9.0,18.69,83.5,3.0,14.1,14.5
196.337,35,107.0,1034.0,40.0,9.0,18.69,83.5,3.0,14.1,14.5
196.427,35,107.0,1034.0,40.0,9.0,18.69,83.5,3.0,14.1,14.5
196.519,35,107.0,1034.0,40.0,9.0,18.69,83.5,3.0,14.1,14.5
196.61,35,107.0,1034.0,40.0,9.0,18.69,83.5,3.0,14.1,14.5
196.699,35,107.0,1034.0,40.0,9.0,18.69,83.5,3.0,14.1,14.5
196.788,35,103.0,1034.0,40.0,9.0,18.69,83.5,3.0,14.1,14.5
196.878,35,103.0,1134.0,40.0,9.0,18.69,83.5,3.0,14.1,14.5
196.968,35,103.0,1134.0,35.0,9.0,18.69,83.5,3.0,14.1,14.5
197.061,35,103.0,1134.0,35.0,10.0,18.69,83.5,3.0,14.1,14.5
197.148,35,103.0,1134.0,35.0,10.0,20.3,83.5,3.0,14.1,14.5
197.24,35,103.0,1134.0,35.0,10.0,20.3,83.5,3.0,14.1,14.5
197.327,35,103.0,1134.0,35.0,10.0,20.3,83.5,3.0,14.1,14.5
197.448,35,103.0,1134.0,35.0,10.0,20.3,83.5,3.0,14.1,14.5
197.538,35,103.0,1134.0,35.0,10.0,20.3,83.5,3.0,14.1,14.5
197.628,36,103.0,1134.0,35.0,10.0,20.3,83.5,3.0,14.1,14.5
197.717,36,103.0,1134.0,35.0,10.0,20.3,83.5,3.0,14.1,14.5
197.807,36,103.0,1166.0,35.0,10.0,20.3,83.5,3.0,14.1,14.5
197.899,36,103.0,1166.0,29.0,10.0,20.3,83.5,3.0,14.1,14.5
197.988,36,103.0,1166.0,29.0,10.0,20.3,83.5,3.0,14.1,14.5
198.08,36,103.0,1166.0,29.0,10.0,21.11,83.5,3.0,14.1,14.5
198.168,36,103.0,1166.0,29.0,10.0,21.11,83.5,3.0,14.1,14.5
198.26,36,103.0,1166.0,29.0,10.0,21.11,83.5,3.0,14.1,14.5
198.347,36,103.0,1166.0,29.0,10.0,21.11,83.5,3.0,14.1,14.5
198.438,36,103.0,1166.0,29.0,10.0,21.11,83.5,3.0,14.1,14.5
198.529,36,103.0,1166.0,29.0,10.0,21.11,83.5,3.0,14.1,14.5
198.619,36,105.0,1166.0,29.0,10.0,21.11,83.5,3.0,14.1,14.5
198.708,36,105.0,1347.0,29.0,10.0,21.11,83.5,3.0,14.1,14.5
198.798,36,105.0,1347.0,24.0,10.0,21.11,83.5,3.0,14.1,14.5
198.888,36,105.0,1347.0,24.0,10.0,21.11,83.5,3.0,14.1,14.5
198.979,36,105.0,1347.0,24.0,10.0,25.08,83.5,3.0,14.1,14.5
199.067,36,105.0,1347.0,24.0,10.0,25.08,83.5,3.0,14.1,14.5
199.158,36,105.0,1347.0,24.0,10.0,25.08,83.5,3.0,14.1,14.5
199.248,36,105.0,1347.0,24.0,10.0,25.08,83.5,3.0,14.1,14.5
199.337,36,105.0,1347.0,24.0,10.0,25.08,83.5,3.0,14.1,14.5
199.428,36,105.0,1347.0,24.0,10.0,25.08,83.5,3.0,14.1,14.5
199.519,36,108.0,1347.0,24.0,10.0,25.08,83.5,3.0,14.1,14.5
199.608,36,108.0,992.0,24.0,10.0,25.08,83.5,3.0,14.1,14.5
199.699,36,108.0,992.0,20.0,10.0,25.08,83.5,3.0,14.1,14.5
199.788,36,108.0,992.0,20.0,11.0,25.08,83.5,3.0,14.1,14.5
199.88,36,108.0,992.0,20.0,11.0,18.19,83.5,3.0,14.1,14.5
199.968,36,108.0,992.0,20.0,11.0,18.19,83.5,3.0,14.1,14.5
200.03,36,108.0,992.0,20.0,11.0,18.19,83.5,3.0,14.1,14.5
200.12,36,108.0,992.0,20.0,11.0,18.19,83.5,3.0,14.1,14.5
200.208,36,108.0,992.0,20.0,11.0,18.19,83.5,3.0,14.1,14.5
200.298,36,108.0,992.0,20.0,11.0,18.19,83.5,3.0,14.1,14.5
200.388,36,107.0,992.0,20.0,11.0,18.19,83.5,3.0,14.1,14.5
200.478,36,107.0,1025.0,20.0,11.0,18.19,83.5,3.0,14.1,14.5
200.567,36,107.0,1025.0,18.0,11.0,18.19,83.5,3.0,14.1,14.5
200.658,36,107.0,1025.0,18.0,9.0,18.19,83.5,3.0,14.1,14.5
200.747,36,107.0,1025.0,18.0,9.0,18.24,83.5,3.0,14.1,14.5
200.84,36,107.0,1025.0,18.0,9.0,18.24,83.5,3.0,14.1,14.5
200.929,36,107.0,1025.0,18.0,9.0,18.24,83.5,3.0,14.1,14.5
201.019,36,107.0,1025.0,18.0,9.0,18.24,83.5,3.0,14.1,14.5
201.108,36,107.0,1025.0,18.0,9.0,18.24,83.5,3.0,14.1,14.5
201.198,36,107.0,1025.0,18.0,9.0,18.24,83.5,3.0,14.1,14.5
201.287,36,106.0,1025.0,18.0,9.0,18.24,83.5,3.0,14.1,14.5
201.377,36,106.0,1029.0,18.0,9.0,18.24,83.5,3.0,14.1,14.5
201.467,36,106.0,1029.0,14.0,9.0,18.24,83.5,3.0,14.1,14.5
201.558,36,106.0,1029.0,14.0,9.0,18.24,83.5,3.0,14.1,14.5
201.647,36,106.0,1029.0,14.0,9.0,18.49,83.5,3.0,14.1,14.5
201.738,36,106.0,1029.0,14.0,9.0,18.49,83.5,3.0,14.1,14.5
201.829,36,106.0,1029.0,14.0,9.0,18.49,83.5,3.0,14.1,14.5
201.918,36,106.0,1029.0,14.0,9.0,18.49,83.5,3.0,14.1,14.5
201.98,36,106.0,1029.0,14.0,9.0,18.49,83.5,3.0,14.1,14.1
202.068,36,106.0,1029.0,14.0,9.0,18.49,83.5,3.0,14.1,14.1
202.158,36,107.0,1029.0,14.0,9.0,18.49,83.5,3.0,14.1,14.1
202.247,36,107.0,1033.0,14.0,9.0,18.49,83.5,3.0,14.1,14.1
202.337,36,107.0,1033.0,10.0,9.0,18.49,83.5,3.0,14.1,14.1
202.428,36,107.0,1033.0,10.0,9.0,18.49,83.5,3.0,14.1,14.1
202.518,36,107.0,1033.0,10.0,9.0,18.52,83.5,3.0,14.1,14.1
202.608,36,107.0,1033.0,10.0,9.0,18.52,83.5,3.0,14.1,14.1
202.698,36,107.0,1033.0,10.0,9.0,18.52,83.5,3.0,14.1,14.1
202.787,36,107.0,1033.0,10.0,9.0,18.52,83.5,3.0,14.1,14.1
202.878,36,107.0,1033.0,10.0,9.0,18.52,83.5,3.0,14.1,14.5
202.968,36,107.0,1033.0,10.0,9.0,18.52,83.5,3.0,14.1,14.5
203.058,36,107.0,1033.0,10.0,9.0,18.52,83.5,3.0,14.1,14.5
203.149,36,107.0,1036.0,10.0,9.0,18.52,83.5,3.0,14.1,14.5
203.238,36,107.0,1036.0,5.0,9.0,18.52,83.5,3.0,14.1,14.5
203.357,36,107.0,1036.0,5.0,9.0,18.52,83.5,3.0,14.1,14.5
203.48,36,107.0,1036.0,5.0,9.0,18.55,83.5,3.0,14.1,14.5
203.568,36,107.0,1036.0,5.0,9.0,18.55,83.5,3.0,14.1,14.5
203.631,36,107.0,1036.0,5.0,9.0,18.55,83.5,3.0,14.1,14.5
203.718,36,107.0,1036.0,5.0,9.0,18.55,83.5,3.0,14.1,14.5
203.808,36,107.0,1036.0,5.0,9.0,18.55,83.5,3.0,14.1,14.5
203.898,36,107.0,1036.0,5.0,9.0,18.55,83.5,3.0,14.1,14.5
203.988,36,107.0,1036.0,5.0,9.0,18.55,83.5,3.0,14.1,14.5
204.079,36,107.0,1038.0,5.0,9.0,18.55,83.5,3.0,14.1,14.5
204.168,36,107.0,1038.0,1.0,9.0,18.55,83.5,3.0,14.1,14.5
204.258,36,107.0,1038.0,1.0,9.0,18.55,83.5,3.0,14.1,14.5
204.347,36,107.0,1038.0,1.0,9.0,18.77,83.5,3.0,14.1,14.5
204.437,36,107.0,1038.0,1.0,9.0,18.77,83.5,3.0,14.1,14.5
204.53,36,107.0,1038.0,1.0,9.0,18.77,83.5,3.0,14.1,14.5
204.618,36,107.0,1038.0,1.0,9.0,18.77,83.5,3.0,14.1,14.5
204.708,36,107.0,1038.0,1.0,9.0,18.77,83.5,3.0,14.1,14.5
204.798,36,107.0,1038.0,1.0,9.0,18.77,83.5,3.0,14.1,14.5
204.888,36,107.0,1038.0,1.0,9.0,18.77,83.5,3.0,14.1,14.5
204.985,36,107.0,1038.0,1.0,9.0,18.77,83.5,3.0,14.1,14.5
205.068,36,107.0,1038.0,0.0,9.0,18.77,83.5,3.0,14.1,14.5
205.129,36,107.0,1038.0,0.0,9.0,18.77,83.5,3.0,14.1,14.5
205.218,36,107.0,1038.0,0.0,9.0,18.61,83.5,3.0,14.1,14.5
205.281,36,107.0,1038.0,0.0,9.0,18.61,83.5,3.0,14.1,14.5
205.367,36,107.0,1038.0,0.0,9.0,18.61,83.5,3.0,14.1,14.5
205.458,36,107.0,1038.0,0.0,9.0,18.61,83.5,3.0,14.1,14.5
205.582,36,107.0,1038.0,0.0,9.0,18.61,83.5,3.0,14.1,14.5
205.667,36,107.0,1038.0,0.0,9.0,18.61,83.5,3.0,14.1,14.5
205.758,36,107.0,1038.0,0.0,9.0,18.61,83.5,3.0,14.1,14.5
205.849,36,107.0,1041.0,0.0,9.0,18.61,83.5,3.0,14.1,14.5
205.939,36,107.0,1041.0,0.0,9.0,18.61,83.5,3.0,14.1,14.5
206.028,36,107.0,1041.0,0.0,9.0,18.61,83.5,3.0,14.1,14.5
206.118,36,107.0,1041.0,0.0,9.0,18.41,83.5,3.0,14.1,14.5
206.208,36,107.0,1041.0,0.0,9.0,18.41,83.5,3.0,14.1,14.5
206.298,36,107.0,1041.0,0.0,9.0,18.41,83.5,3.0,14.1,14.5
206.387,36,107.0,1041.0,0.0,9.0,18.41,83.5,3.0,14.1,14.5
206.478,36,107.0,1041.0,0.0,9.0,18.41,83.5,3.0,14.1,14.5
206.568,36,107.0,1041.0,0.0,9.0,18.41,83.5,3.0,14.1,14.5
206.657,36,107.0,1041.0,0.0,9.0,18.41,83.5,3.0,14.1,14.5
206.747,36,107.0,1040.0,0.0,9.0,18.41,83.5,3.0,14.1,14.5
206.838,36,107.0,1040.0,0.0,9.0,18.41,83.5,3.0,14.1,14.5
206.929,36,107.0,1040.0,0.0,9.0,18.41,83.5,3.0,14.1,14.5
207.017,36,107.0,1040.0,0.0,9.0,18.47,83.5,3.0,14.1,14.5
207.08,36,107.0,1040.0,0.0,9.0,18.47,83.5,3.0,14.1,14.5
207.168,36,107.0,1040.0,0.0,9.0,18.47,83.5,3.0,14.1,14.5
207.229,36,107.0,1040.0,0.0,9.0,18.47,83.5,3.0,14.1,14.5
207.317,36,107.0,1040.0,0.0,9.0,18.47,83.5,3.0,14.1,14.5
207.407,36,107.0,1040.0,0.0,9.0,18.47,83.5,3.0,14.1,14.5
207.497,36,107.0,1040.0,0.0,9.0,18.47,83.5,3.0,14.1,14.5
207.588,36,107.0,1039.0,0.0,9.0,18.47,83.5,3.0,14.1,14.5
207.678,36,107.0,1039.0,0.0,9.0,18.47,83.5,3.0,14.1,14.5
207.768,36,107.0,1039.0,0.0,10.0,18.47,83.5,3.0,14.1,14.5
207.83,36,107.0,1039.0,0.0,10.0,18.61,83.5,3.0,14.1,14.5
207.918,36,107.0,1039.0,0.0,10.0,18.61,83.5,3.0,14.1,14.5
207.98,36,107.0,1039.0,0.0,10.0,18.61,83.5,3.0,14.1,14.5
208.067,36,107.0,1039.0,0.0,10.0,18.61,83.5,3.0,14.1,14.5
208.158,36,107.0,1039.0,0.0,10.0,18.61,83.5,3.0,14.1,14.5
208.249,36,107.0,1039.0,0.0,10.0,18.61,83.5,3.0,14.1,14.5
208.338,36,107.0,1039.0,0.0,10.0,18.61,83.5,3.0,14.1,14.5
208.429,36,107.0,1038.0,0.0,10.0,18.61,83.5,3.0,14.1,14.5
208.518,36,107.0,1038.0,0.0,10.0,18.61,83.5,3.0,14.1,14.5
208.608,36,107.0,1038.0,0.0,10.0,18.61,83.5,3.0,14.1,14.5
208.699,36,107.0,1038.0,0.0,10.0,18.69,83.5,3.0,14.1,14.5
208.787,36,107.0,1038.0,0.0,10.0,18.69,83.5,3.0,14.1,14.5
208.878,36,107.0,1038.0,0.0,10.0,18.69,83.5,3.0,14.1,14.5
208.968,36,107.0,1038.0,0.0,10.0,18.69,83.5,3.0,14.1,14.5
209.058,36,107.0,1038.0,0.0,10.0,18.69,83.5,3.0,14.1,14.5
209.149,37,107.0,1038.0,0.0,10.0,18.69,83.5,3.0,14.1,14.5
209.237,37,107.0,1038.0,0.0,10.0,18.69,83.5,3.0,14.1,14.5
209.327,37,107.0,1040.0,0.0,10.0,18.69,83.5,3.0,14.1,14.5
209.417,37,107.0,1040.0,0.0,10.0,18.69,83.5,3.0,14.1,14.5
209.48,37,107.0,1040.0,0.0,10.0,18.69,83.5,3.0,14.1,14.5
209.6,37,107.0,1040.0,0.0,10.0,18.72,83.5,3.0,14.1,14.5
209.688,37,107.0,1040.0,0.0,10.0,18.72,83.5,3.0,14.1,14.5
209.78,37,107.0,1040.0,0.0,10.0,18.72,83.5,3.0,14.1,14.5
209.868,37,107.0,1040.0,0.0,10.0,18.72,83.5,3.0,14.1,14.5
209.929,37,107.0,1040.0,0.0,10.0,18.72,83.5,3.0,14.1,14.1
210.018,37,107.0,1040.0,0.0,10.0,18.72,83.5,3.0,14.1,14.1
210.085,37,107.0,1040.0,0.0,10.0,18.72,83.5,3.0,14.1,14.1
210.168,37,107.0,1041.0,0.0,10.0,18.72,83.5,3.0,14.1,14.1
210.229,37,107.0,1041.0,0.0,10.0,18.72,83.5,3.0,14.1,14.1
210.318,37,107.0,1041.0,0.0,10.0,18.72,83.5,3.0,14.1,14.1
210.378,37,107.0,1041.0,0.0,10.0,18.69,83.5,3.0,14.1,14.1
210.467,37,107.0,1041.0,0.0,10.0,18.69,83.5,3.0,14.1,14.1
210.557,37,107.0,1041.0,0.0,10.0,18.69,83.5,3.0,14.1,14.1
210.647,37,107.0,1041.0,0.0,10.0,18.69,83.5,3.0,14.1,14.1
210.737,37,107.0,1041.0,0.0,10.0,18.69,83.5,3.0,14.1,14.1
210.827,37,107.0,1041.0,0.0,10.0,18.69,83.5,3.0,14.1,14.1
210.918,37,107.0,1041.0,0.0,10.0,18.69,83.5,3.0,14.1,14.1
210.982,37,107.0,1041.0,0.0,10.0,18.69,83.5,3.0,14.1,14.1
211.068,37,107.0,1041.0,0.0,10.0,18.69,83.5,3.0,14.1,14.1
211.135,37,107.0,1041.0,0.0,10.0,18.69,83.5,3.0,14.1,14.1
211.218,37,107.0,1041.0,0.0,10.0,18.52,83.5,3.0,14.1,14.1
211.31,37,107.0,1041.0,0.0,10.0,18.52,83.5,3.0,14.1,14.1
211.397,37,107.0,1041.0,0.0,10.0,18.52,83.5,3.0,14.1,14.1
211.489,37,107.0,1041.0,0.0,10.0,18.52,83.5,3.0,14.1,14.1
211.587,37,107.0,1041.0,0.0,10.0,18.52,83.5,3.0,14.1,14.5
211.668,37,107.0,1041.0,0.0,10.0,18.52,83.5,3.0,14.1,14.5
211.758,37,107.0,1041.0,0.0,10.0,18.52,83.5,3.0,14.1,14.5
211.848,37,107.0,1039.0,0.0,10.0,18.52,83.5,3.0,14.1,14.5
211.938,37,107.0,1039.0,0.0,10.0,18.52,83.5,3.0,14.1,14.5
212.028,37,107.0,1039.0,0.0,10.0,18.52,83.5,3.0,14.1,14.5
212.118,37,107.0,1039.0,0.0,10.0,18.61,83.5,3.0,14.1,14.5
212.178,37,107.0,1039.0,0.0,10.0,18.61,83.5,3.0,14.1,14.5
212.267,37,107.0,1039.0,0.0,10.0,18.61,83.5,3.0,14.1,14.5
212.329,37,107.0,1039.0,0.0,10.0,18.61,83.5,3.0,14.1,14.5
212.417,37,107.0,1039.0,0.0,10.0,18.61,83.5,3.0,14.1,14.5
212.478,37,107.0,1039.0,0.0,10.0,18.61,83.5,3.0,14.1,14.5
212.568,37,107.0,1039.0,0.0,10.0,18.61,83.5,3.0,14.1,14.5
212.628,37,107.0,1039.0,0.0,10.0,18.61,83.5,3.0,14.1,14.5
212.718,37,107.0,1039.0,0.0,10.0,18.61,83.5,3.0,14.1,14.5
212.786,37,107.0,1039.0,0.0,10.0,18.61,83.5,3.0,14.1,14.5
212.87,37,107.0,1039.0,0.0,10.0,18.63,83.5,3.0,14.1,14.5
212.929,37,107.0,1039.0,0.0,10.0,18.63,83.5,3.0,14.1,14.5
213.018,37,107.0,1039.0,0.0,10.0,18.63,83.5,3.0,14.1,14.5
213.079,37,107.0,1039.0,0.0,10.0,18.63,83.5,3.0,14.1,14.5
213.168,37,107.0,1039.0,0.0,10.0,18.63,83.5,3.0,14.1,14.5
213.24,37,107.0,1039.0,0.0,10.0,18.63,83.5,3.0,14.1,14.5
213.318,37,107.0,1039.0,0.0,10.0,18.63,83.5,3.0,14.1,14.5
213.379,37,107.0,1040.0,0.0,10.0,18.63,83.5,3.0,14.1,14.5
213.468,37,107.0,1040.0,0.0,10.0,18.63,83.5,3.0,14.1,14.5
213.528,37,107.0,1040.0,0.0,10.0,18.63,83.5,3.0,14.1,14.5
213.618,37,107.0,1040.0,0.0,10.0,18.61,83.5,3.0,14.1,14.5
213.708,37,107.0,1040.0,0.0,10.0,18.61,83.5,3.0,14.1,14.5
213.797,37,107.0,1040.0,0.0,10.0,18.61,83.5,3.0,14.1,14.5
213.888,37,107.0,1040.0,0.0,10.0,18.61,83.5,3.0,14.1,14.5
213.977,37,107.0,1040.0,0.0,10.0,18.61,83.5,3.0,14.1,14.5
214.068,37,107.0,1040.0,0.0,10.0,18.61,83.5,3.0,14.1,14.5
214.131,37,107.0,1040.0,0.0,10.0,18.61,83.5,3.0,14.1,14.5
214.218,37,107.0,1040.0,0.0,10.0,18.61,83.5,3.0,14.1,14.5
214.28,37,107.0,1040.0,0.0,10.0,18.61,83.5,3.0,14.1,14.5
214.367,37,107.0,1040.0,0.0,10.0,18.61,83.5,3.0,14.1,14.5
214.458,37,107.0,1040.0,0.0,10.0,18.69,83.5,3.0,14.1,14.5
214.548,37,107.0,1040.0,0.0,10.0,18.69,83.5,3.0,14.1,14.5
214.638,37,107.0,1040.0,0.0,10.0,18.69,83.5,3.0,14.1,14.5
214.728,37,107.0,1040.0,0.0,10.0,18.69,83.5,3.0,14.1,14.5
214.819,37,107.0,1040.0,0.0,10.0,18.69,83.5,3.0,14.1,14.5
214.907,37,107.0,1040.0,0.0,10.0,18.69,83.5,3.0,14.1,14.5
214.968,37,107.0,1040.0,0.0,10.0,18.69,83.5,3.0,14.1,14.5
215.028,37,107.0,1039.0,0.0,10.0,18.69,83.5,3.0,14.1,14.5
215.118,37,107.0,1039.0,0.0,10.0,18.69,83.5,3.0,14.1,14.5
215.179,37,107.0,1039.0,0.0,10.0,18.69,83.5,3.0,14.1,14.5
215.269,37,107.0,1039.0,0.0,10.0,18.55,83.5,3.0,14.1,14.5
215.328,37,107.0,1039.0,0.0,10.0,18.55,83.5,3.0,14.1,14.5
215.418,37,107.0,1039.0,0.0,10.0,18.55,83.5,3.0,14.1,14.5
215.478,37,107.0,1039.0,0.0,10.0,18.55,83.5,3.0,14.1,14.5
215.567,37,107.0,1039.0,0.0,10.0,18.55,83.5,3.0,14.1,14.5
215.63,37,107.0,1039.0,0.0,10.0,18.55,83.5,3.0,14.1,14.5
215.719,37,107.0,1039.0,0.0,10.0,18.55,83.5,3.0,14.1,14.5
215.779,37,107.0,1039.0,0.0,10.0,18.55,83.5,3.0,14.1,14.5
215.868,37,107.0,1039.0,0.0,10.0,18.55,83.5,3.0,14.1,14.5
215.929,37,107.0,1039.0,0.0,10.0,18.55,83.5,3.0,14.1,14.5
216.018,37,107.0,1039.0,0.0,10.0,18.55,83.5,3.0,14.1,14.5
216.08,37,107.0,1039.0,0.0,10.0,18.55,83.5,3.0,14.1,14.5
216.168,37,107.0,1039.0,0.0,10.0,18.55,83.5,3.0,14.1,14.5
216.229,37,107.0,1039.0,0.0,10.0,18.55,83.5,3.0,14.1,14.5
216.317,37,107.0,1039.0,0.0,10.0,18.55,83.5,3.0,14.1,14.5
216.378,37,107.0,1039.0,0.0,10.0,18.55,83.5,3.0,14.1,14.5
216.468,37,107.0,1039.0,0.0,10.0,18.55,83.5,3.0,14.1,14.5
216.529,37,107.0,1041.0,0.0,10.0,18.55,83.5,3.0,14.1,14.5
216.626,37,107.0,1041.0,0.0,10.0,18.55,83.5,3.0,14.1,14.5
216.678,37,107.0,1041.0,0.0,10.0,18.55,83.5,3.0,14.1,14.5
216.768,37,107.0,1041.0,0.0,10.0,18.55,83.5,3.0,14.1,14.5
216.828,37,107.0,1041.0,0.0,10.0,18.55,83.5,3.0,14.1,14.5
216.918,37,107.0,1041.0,0.0,10.0,18.55,83.5,3.0,14.1,14.5
216.981,37,107.0,1041.0,0.0,10.0,18.55,83.5,3.0,14.1,14.5
217.067,37,107.0,1041.0,0.0,10.0,18.55,83.5,3.0,14.1,14.5
217.129,37,107.0,1041.0,0.0,10.0,18.55,83.5,3.0,14.1,14.5
217.218,37,107.0,1041.0,0.0,10.0,18.55,83.5,3.0,14.1,14.5
217.308,37,107.0,1039.0,0.0,10.0,18.55,83.5,3.0,14.1,14.5
217.368,37,107.0,1039.0,0.0,10.0,18.55,83.5,3.0,14.1,14.5
217.429,37,107.0,1039.0,0.0,10.0,18.55,83.5,3.0,14.1,14.5
217.518,37,107.0,1039.0,0.0,10.0,18.58,83.5,3.0,14.1,14.5
217.579,37,107.0,1039.0,0.0,10.0,18.58,83.5,3.0,14.1,14.5
217.668,37,107.0,1039.0,0.0,10.0,18.58,83.5,3.0,14.1,14.5
217.728,37,107.0,1039.0,0.0,10.0,18.58,83.5,3.0,14.1,14.5
217.818,37,107.0,1039.0,0.0,10.0,18.58,83.5,3.0,14.1,14.5
217.879,37,107.0,1039.0,0.0,10.0,18.58,83.5,3.0,14.1,14.5
217.968,37,107.0,1039.0,0.0,10.0,18.58,83.5,3.0,14.1,14.5
218.029,37,107.0,1040.0,0.0,10.0,18.58,83.5,3.0,14.1,14.5
218.118,37,107.0,1040.0,0.0,10.0,18.58,83.5,3.0,14.1,14.5
218.179,37,107.0,1040.0,0.0,10.0,18.58,83.5,3.0,14.1,14.5
218.268,37,107.0,1040.0,0.0,10.0,18.66,83.5,3.0,14.1,14.5
218.328,37,107.0,1040.0,0.0,10.0,18.66,83.5,3.0,14.1,14.5
218.417,37,107.0,1040.0,0.0,10.0,18.66,83.5,3.0,14.1,14.5
218.479,37,107.0,1040.0,0.0,10.0,18.66,83.5,3.0,14.1,14.5
218.568,37,107.0,1040.0,0.0,10.0,18.66,83.5,3.0,14.1,14.5
218.63,37,107.0,1040.0,0.0,10.0,18.66,83.5,3.0,14.1,14.5
218.717,37,107.0,1040.0,0.0,10.0,18.66,83.5,3.0,14.1,14.5
218.781,37,107.0,1040.0,0.0,10.0,18.66,83.5,3.0,14.1,14.5
218.869,37,107.0,1040.0,0.0,10.0,18.66,83.5,3.0,14.1,14.5
218.93,37,107.0,1040.0,0.0,10.0,18.66,83.5,3.0,14.1,14.5
219.019,37,107.0,1040.0,0.0,10.0,18.77,83.5,3.0,14.1,14.5
219.081,37,107.0,1040.0,0.0,10.0,18.77,83.5,3.0,14.1,14.5
219.168,37,107.0,1040.0,0.0,10.0,18.77,83.5,3.0,14.1,14.5
219.229,37,107.0,1040.0,0.0,10.0,18.77,83.5,3.0,14.1,14.5
219.317,37,107.0,1040.0,0.0,10.0,18.77,83.5,3.0,14.1,14.5
219.378,37,107.0,1040.0,0.0,10.0,18.77,83.5,3.0,14.1,14.5
219.468,37,107.0,1040.0,0.0,10.0,18.77,83.5,3.0,14.1,14.5
219.529,37,107.0,1040.0,0.0,10.0,18.77,83.5,3.0,14.1,14.5
219.618,37,107.0,1040.0,0.0,10.0,18.77,83.5,3.0,14.1,14.5
219.679,37,107.0,1040.0,0.0,10.0,18.77,83.5,3.0,14.1,14.5
219.768,37,107.0,1040.0,0.0,10.0,18.91,83.5,3.0,14.1,14.5
219.828,37,107.0,1040.0,0.0,10.0,18.91,83.5,3.0,14.1,14.5
219.918,37,107.0,1040.0,0.0,10.0,18.91,83.5,3.0,14.1,14.5
219.978,37,107.0,1040.0,0.0,10.0,18.91,83.5,3.0,14.1,14.5
220.068,37,107.0,1040.0,0.0,10.0,18.91,83.5,3.0,14.1,14.5
220.131,37,107.0,1040.0,0.0,10.0,18.91,83.5,3.0,14.1,14.5
220.219,37,107.0,1040.0,0.0,10.0,18.91,83.5,3.0,14.1,14.5
220.281,37,107.0,1039.0,0.0,10.0,18.91,83.5,3.0,14.1,14.5
220.367,37,107.0,1039.0,0.0,10.0,18.91,83.5,3.0,14.1,14.5
220.428,37,107.0,1039.0,0.0,10.0,18.91,83.5,3.0,14.1,14.5
220.518,37,107.0,1039.0,0.0,10.0,18.66,83.5,3.0,14.1,14.5
220.578,37,107.0,1039.0,0.0,10.0,18.66,83.5,3.0,14.1,14.5
220.668,37,107.0,1039.0,0.0,10.0,18.66,83.5,3.0,14.1,14.5
220.73,37,107.0,1039.0,0.0,10.0,18.66,83.5,3.0,14.1,14.5
220.819,37,107.0,1039.0,0.0,10.0,18.66,83.5,3.0,14.1,14.5
220.879,37,107.0,1039.0,0.0,10.0,18.66,83.5,3.0,14.1,14.5
220.968,37,107.0,1039.0,0.0,10.0,18.66,83.5,3.0,14.1,14.5
221.03,37,107.0,1041.0,0.0,10.0,18.66,83.5,3.0,14.1,14.5
221.118,37,107.0,1041.0,0.0,10.0,18.66,83.5,3.0,14.1,14.5
221.208,37,107.0,1041.0,0.0,10.0,18.66,83.5,3.0,14.1,14.5
221.268,37,107.0,1041.0,0.0,10.0,18.8,83.5,3.0,14.1,14.5
221.387,37,107.0,1041.0,0.0,10.0,18.8,83.5,3.0,14.1,14.5
221.478,37,107.0,1041.0,0.0,10.0,18.8,83.5,3.0,14.1,14.5
221.568,37,107.0,1041.0,0.0,10.0,18.8,83.5,3.0,14.1,14.5
221.629,37,107.0,1041.0,0.0,10.0,18.8,83.5,3.0,14.1,14.5
221.718,37,107.0,1041.0,0.0,10.0,18.8,83.5,3.0,14.1,14.5
221.779,37,107.0,1041.0,0.0,10.0,18.8,83.5,3.0,14.1,14.5
221.867,37,107.0,1040.0,0.0,10.0,18.8,83.5,3.0,14.1,14.5
221.958,37,107.0,1040.0,0.0,10.0,18.8,83.5,3.0,14.1,14.5
222.019,37,107.0,1040.0,0.0,10.0,18.8,83.5,3.0,14.1,14.5
222.108,37,107.0,1040.0,0.0,10.0,18.58,83.5,3.0,14.1,14.5
222.169,37,107.0,1040.0,0.0,10.0,18.58,83.5,3.0,14.1,14.5
222.258,37,107.0,1040.0,0.0,10.0,18.58,83.5,3.0,14.1,14.5
222.347,37,107.0,1040.0,0.0,10.0,18.58,83.5,3.0,14.1,14.5
222.438,37,107.0,1040.0,0.0,10.0,18.58,83.5,3.0,14.1,14.5
222.528,37,107.0,1040.0,0.0,10.0,18.58,83.5,3.0,14.1,14.5
222.619,37,107.0,1040.0,0.0,10.0,18.58,83.5,3.0,14.1,14.5
222.708,37,107.0,1040.0,0.0,10.0,18.58,83.5,3.0,14.1,14.5
222.798,37,107.0,1040.0,0.0,10.0,18.58,83.5,3.0,14.1,14.5
222.889,37,107.0,1040.0,0.0,10.0,18.58,83.5,3.0,14.1,14.5
222.978,37,107.0,1040.0,0.0,10.0,18.66,83.5,3.0,14.1,14.5
223.068,37,107.0,1040.0,0.0,10.0,18.66,83.5,3.0,14.1,14.5
223.157,37,107.0,1040.0,0.0,10.0,18.66,83.5,3.0,14.1,14.5
223.219,37,107.0,1040.0,0.0,10.0,18.66,83.5,3.0,14.1,14.5
223.307,37,107.0,1040.0,0.0,10.0,18.66,83.5,3.0,14.1,14.5
223.368,37,107.0,1040.0,0.0,10.0,18.66,83.5,3.0,14.1,14.5
223.458,37,107.0,1040.0,0.0,10.0,18.66,83.5,3.0,14.1,14.5
223.548,37,107.0,1040.0,0.0,10.0,18.66,83.5,3.0,14.1,14.5
223.638,37,107.0,1040.0,0.0,10.0,18.66,83.5,3.0,14.1,14.5
223.729,37,107.0,1040.0,0.0,10.0,18.66,83.5,3.0,14.1,14.5
223.817,37,107.0,1040.0,0.0,10.0,19.05,83.5,3.0,14.1,14.5
223.909,37,107.0,1040.0,0.0,10.0,19.05,83.5,3.0,14.1,14.5
223.997,37,107.0,1040.0,0.0,10.0,19.05,83.5,3.0,14.1,14.5
224.087,37,107.0,1040.0,0.0,10.0,19.05,83.5,3.0,14.1,14.5
224.178,37,107.0,1040.0,0.0,10.0,19.05,83.5,3.0,14.1,14.5
224.269,37,107.0,1040.0,0.0,10.0,19.05,83.5,3.0,14.1,14.5
224.357,37,107.0,1040.0,0.0,10.0,19.05,83.5,3.0,14.1,14.5
224.418,37,107.0,1039.0,0.0,10.0,19.05,83.5,3.0,14.1,14.5
224.508,37,107.0,1039.0,0.0,10.0,19.05,83.5,3.0,14.1,14.5
224.569,37,107.0,1039.0,0.0,10.0,19.05,83.5,3.0,14.1,14.5
224.658,37,107.0,1039.0,0.0,10.0,18.69,83.5,3.0,14.1,14.5
224.748,37,107.0,1039.0,0.0,10.0,18.69,83.5,3.0,14.1,14.5
224.838,37,107.0,1039.0,0.0,10.0,18.69,83.5,3.0,14.1,14.5
224.928,37,107.0,1039.0,0.0,10.0,18.69,83.5,3.0,14.1,14.5
225.018,37,107.0,1039.0,0.0,10.0,18.69,83.5,3.0,14.1,14.1
225.108,38,107.0,1039.0,0.0,10.0,18.69,83.5,3.0,14.1,14.1
225.198,38,107.0,1039.0,0.0,10.0,18.69,83.5,3.0,14.1,14.1
225.262,38,107.0,1040.0,0.0,10.0,18.69,83.5,3.0,14.1,14.1
225.318,38,107.0,1040.0,0.0,10.0,18.69,83.5,3.0,14.1,14.1
225.407,38,107.0,1040.0,0.0,10.0,18.69,83.5,3.0,14.1,14.1
225.468,38,107.0,1040.0,0.0,10.0,18.8,83.5,3.0,14.1,14.1
225.558,38,107.0,1040.0,0.0,10.0,18.8,83.5,3.0,14.1,14.1
225.619,38,107.0,1040.0,0.0,10.0,18.8,83.5,3.0,14.1,14.1
225.708,38,107.0,1040.0,0.0,10.0,18.8,83.5,3.0,14.1,14.1
225.769,38,107.0,1040.0,0.0,10.0,18.8,83.5,3.0,14.1,14.5
225.858,38,107.0,1040.0,0.0,10.0,18.8,83.5,3.0,14.1,14.5
225.948,38,107.0,1040.0,0.0,10.0,18.8,83.5,3.0,14.1,14.5
226.038,38,107.0,1039.0,0.0,10.0,18.8,83.5,3.0,14.1,14.5
226.129,38,107.0,1039.0,0.0,10.0,18.8,83.5,3.0,14.1,14.5
226.218,38,107.0,1039.0,0.0,10.0,18.8,83.5,3.0,14.1,14.5
226.307,38,107.0,1039.0,0.0,10.0,18.63,83.5,3.0,14.1,14.5
226.368,38,107.0,1039.0,0.0,10.0,18.63,83.5,3.0,14.1,14.5
226.459,38,107.0,1039.0,0.0,10.0,18.63,83.5,3.0,14.1,14.5
226.548,38,107.0,1039.0,0.0,10.0,18.63,83.5,3.0,14.1,14.5
226.637,38,107.0,1039.0,0.0,10.0,18.63,83.5,3.0,14.1,14.5
226.728,38,107.0,1039.0,0.0,10.0,18.63,83.5,3.0,14.1,14.5
226.818,38,107.0,1039.0,0.0,10.0,18.63,83.5,3.0,14.1,14.5
226.909,38,107.0,1039.0,0.0,10.0,18.63,83.5,3.0,14.1,14.5
226.97,38,107.0,1039.0,0.0,10.0,18.63,83.5,3.0,14.1,14.5
227.062,38,107.0,1039.0,0.0,10.0,18.63,83.5,3.0,14.1,14.5
227.148,38,107.0,1039.0,0.0,10.0,18.8,83.5,3.0,14.1,14.5
227.21,38,107.0,1039.0,0.0,10.0,18.8,83.5,3.0,14.1,14.5
227.27,38,107.0,1039.0,0.0,10.0,18.8,83.5,3.0,14.1,14.5
227.357,38,107.0,1039.0,0.0,10.0,18.8,83.5,3.0,14.1,14.5
227.418,38,107.0,1039.0,0.0,10.0,18.8,83.5,3.0,14.1,14.5
227.508,38,107.0,1039.0,0.0,10.0,18.8,83.5,3.0,14.1,14.5
227.569,38,107.0,1039.0,0.0,10.0,18.8,83.5,3.0,14.1,14.5
227.658,38,107.0,1039.0,0.0,10.0,18.8,83.5,3.0,14.1,14.5
227.721,38,107.0,1039.0,0.0,10.0,18.8,83.5,3.0,14.1,14.5
227.809,38,107.0,1039.0,0.0,10.0,18.8,83.5,3.0,14.1,14.5
227.898,38,107.0,1039.0,0.0,10.0,18.86,83.5,3.0,14.1,14.5
227.988,38,107.0,1039.0,0.0,10.0,18.86,83.5,3.0,14.1,14.5
228.078,38,107.0,1039.0,0.0,10.0,18.86,83.5,3.0,14.1,14.5
228.168,38,107.0,1039.0,0.0,10.0,18.86,83.5,3.0,14.1,14.5
228.257,38,107.0,1039.0,0.0,10.0,18.86,83.5,3.0,14.1,14.5
228.318,38,107.0,1039.0,0.0,10.0,18.86,83.5,3.0,14.1,14.5
228.407,38,107.0,1039.0,0.0,10.0,18.86,83.5,3.0,14.1,14.5
228.468,38,107.0,1041.0,0.0,10.0,18.86,83.5,3.0,14.1,14.5
228.559,38,107.0,1041.0,0.0,10.0,18.86,83.5,3.0,14.1,14.5
228.648,38,107.0,1041.0,0.0,10.0,18.86,83.5,3.0,14.1,14.5
228.737,38,107.0,1041.0,0.0,10.0,18.58,83.5,3.0,14.1,14.5
228.828,38,107.0,1041.0,0.0,10.0,18.58,83.5,3.0,14.1,14.5
228.918,38,107.0,1041.0,0.0,10.0,18.58,83.5,3.0,14.1,14.5
229.007,38,107.0,1041.0,0.0,10.0,18.58,83.5,3.0,14.1,14.5
229.098,38,107.0,1041.0,0.0,10.0,18.58,83.5,3.0,14.1,14.5
229.189,38,107.0,1041.0,0.0,10.0,18.58,83.5,3.0,14.1,14.5
229.278,38,107.0,1041.0,0.0,10.0,18.58,83.5,3.0,14.1,14.5
229.368,38,107.0,1040.0,0.0,10.0,18.58,83.5,3.0,14.1,14.5
229.458,38,107.0,1040.0,0.0,10.0,18.58,83.5,3.0,14.1,14.5
229.518,38,107.0,1040.0,0.0,10.0,18.58,83.5,3.0,14.1,14.5
229.608,38,107.0,1040.0,0.0,10.0,18.83,83.5,3.0,14.1,14.5
229.669,38,107.0,1040.0,0.0,10.0,18.83,83.5,3.0,14.1,14.5
229.759,38,107.0,1040.0,0.0,10.0,18.83,83.5,3.0,14.1,14.5
229.819,38,107.0,1040.0,0.0,10.0,18.83,83.5,3.0,14.5,14.5
229.908,38,107.0,1040.0,0.0,10.0,18.83,83.5,3.0,14.5,14.5
229.969,38,107.0,1040.0,0.0,10.0,18.83,83.5,3.0,14.5,14.5
230.058,38,107.0,1040.0,0.0,10.0,18.83,83.5,3.0,14.5,14.5
230.121,38,107.0,1042.0,0.0,10.0,18.83,83.5,3.0,14.5,14.5
230.208,38,107.0,1042.0,0.0,10.0,18.83,83.5,3.0,14.5,14.5
230.27,38,107.0,1042.0,0.0,10.0,18.83,83.5,3.0,14.5,14.5
230.357,38,107.0,1042.0,0.0,10.0,18.63,83.5,3.0,14.5,14.5
230.418,38,107.0,1042.0,0.0,10.0,18.63,83.5,3.0,14.5,14.5
230.508,38,107.0,1042.0,0.0,10.0,18.63,83.5,3.0,14.5,14.5
230.569,38,107.0,1042.0,0.0,10.0,18.63,83.5,3.0,14.1,14.5
230.657,38,107.0,1042.0,0.0,10.0,18.63,83.5,3.0,14.1,14.5
230.719,38,107.0,1042.0,0.0,10.0,18.63,83.5,3.0,14.1,14.5
230.808,38,107.0,1042.0,0.0,10.0,18.63,83.5,3.0,14.1,14.5
230.869,38,107.0,1040.0,0.0,10.0,18.63,83.5,3.0,14.1,14.5
230.957,38,107.0,1040.0,0.0,10.0,18.63,83.5,3.0,14.1,14.5
231.021,38,107.0,1040.0,0.0,10.0,18.63,83.5,3.0,14.1,14.5
231.107,38,107.0,1040.0,0.0,10.0,18.72,83.5,3.0,14.1,14.5
231.169,38,107.0,1040.0,0.0,10.0,18.72,83.5,3.0,14.1,14.5
231.265,38,107.0,1040.0,0.0,10.0,18.72,83.5,3.0,14.1,14.5
231.318,38,107.0,1040.0,0.0,10.0,18.72,83.5,3.0,16.5,14.5
231.407,38,107.0,1040.0,0.0,10.0,18.72,83.5,3.0,16.5,16.1
231.469,38,107.0,1040.0,0.0,10.0,18.72,83.5,3.0,16.5,16.1
231.56,38,107.0,1040.0,0.0,10.0,18.72,83.5,3.0,16.5,16.1
231.619,38,107.0,994.0,0.0,10.0,18.72,83.5,3.0,16.5,16.1
231.708,38,107.0,994.0,0.0,10.0,18.72,83.5,3.0,16.5,16.1
231.769,38,107.0,994.0,0.0,10.0,18.72,83.5,3.0,16.5,16.1
231.858,38,107.0,994.0,0.0,10.0,17.69,83.5,3.0,16.5,16.1
231.92,38,107.0,994.0,0.0,10.0,17.69,83.5,3.0,16.5,16.1
232.008,38,107.0,994.0,0.0,10.0,17.69,83.5,3.0,16.5,16.1
232.069,38,107.0,994.0,0.0,10.0,17.69,83.5,3.0,16.9,16.1
232.158,38,107.0,994.0,0.0,10.0,17.69,83.5,3.0,16.9,16.5
232.219,38,107.0,994.0,0.0,10.0,17.69,83.5,3.0,16.9,16.5
232.307,38,107.0,994.0,0.0,10.0,17.69,83.5,3.0,16.9,16.5
232.368,38,107.0,986.0,0.0,10.0,17.69,83.5,3.0,16.9,16.5
232.458,38,107.0,986.0,1.0,10.0,17.69,83.5,3.0,16.9,16.5
232.521,38,107.0,986.0,1.0,10.0,17.69,83.5,3.0,16.9,16.5
232.608,38,107.0,986.0,1.0,10.0,17.27,83.5,3.0,16.9,16.5
232.669,38,107.0,986.0,1.0,10.0,17.27,83.5,3.0,16.9,16.5
232.76,38,107.0,986.0,1.0,10.0,17.27,83.5,3.0,16.9,16.5
232.819,38,107.0,986.0,1.0,10.0,17.27,83.5,3.0,18.8,16.5
232.908,38,107.0,986.0,1.0,10.0,17.27,83.5,3.0,18.8,18.8
232.971,38,107.0,986.0,1.0,10.0,17.27,83.5,3.0,18.8,18.8
233.058,38,108.0,986.0,1.0,10.0,17.27,83.5,3.0,18.8,18.8
233.122,38,108.0,984.0,1.0,10.0,17.27,83.5,3.0,18.8,18.8
233.207,38,108.0,984.0,6.0,10.0,17.27,83.5,3.0,18.8,18.8
233.269,38,108.0,984.0,6.0,10.0,17.27,83.5,3.0,18.8,18.8
233.357,38,108.0,984.0,6.0,10.0,18.47,83.5,3.0,18.8,18.8
233.418,38,108.0,984.0,6.0,10.0,18.47,83.5,3.0,18.8,18.8
233.508,38,108.0,984.0,6.0,10.0,18.47,83.5,3.0,18.8,18.8
233.568,38,108.0,984.0,6.0,10.0,18.47,83.5,3.0,22.4,18.8
233.657,38,108.0,984.0,6.0,10.0,18.47,83.5,3.0,22.4,22.4
233.719,38,108.0,984.0,6.0,10.0,18.47,83.5,3.0,22.4,22.4
233.809,38,112.0,984.0,6.0,10.0,18.47,83.5,3.0,22.4,22.4
233.868,38,112.0,1282.0,6.0,10.0,18.47,83.5,3.0,22.4,22.4
233.959,38,112.0,1282.0,11.0,10.0,18.47,83.5,3.0,22.4,22.4
234.021,38,112.0,1282.0,11.0,11.0,18.47,83.5,3.0,22.4,22.4
234.108,38,112.0,1282.0,11.0,11.0,27.91,83.5,3.0,22.4,22.4
234.168,38,112.0,1282.0,11.0,11.0,27.91,83.5,3.0,22.4,22.4
234.258,38,112.0,1282.0,11.0,11.0,27.91,83.5,3.0,22.4,22.4
234.318,38,112.0,1282.0,11.0,11.0,27.91,83.5,3.0,40.0,22.4
234.468,38,112.0,1282.0,11.0,11.0,27.91,83.5,3.0,40.0,40.4
234.558,38,112.0,1282.0,11.0,11.0,27.91,83.5,3.0,40.0,40.4
234.619,38,132.0,1282.0,11.0,11.0,27.91,83.5,3.0,40.0,40.4
234.707,38,132.0,1882.0,11.0,11.0,27.91,83.5,3.0,40.0,40.4
234.768,38,132.0,1882.0,17.0,11.0,27.91,83.5,3.0,40.0,40.4
234.857,38,132.0,1882.0,17.0,13.0,27.91,83.5,3.0,40.0,40.4
234.92,38,132.0,1882.0,17.0,13.0,41.38,83.5,3.0,40.0,40.4
235.007,38,132.0,1882.0,17.0,13.0,41.38,83.5,3.0,40.0,40.4
235.069,38,132.0,1882.0,17.0,13.0,41.38,83.5,3.0,40.0,40.4
235.16,38,132.0,1882.0,17.0,13.0,41.38,83.5,3.0,14.1,40.4
235.219,38,132.0,1882.0,17.0,13.0,41.38,83.5,3.0,14.1,14.5
235.307,38,132.0,1882.0,17.0,13.0,41.38,83.5,3.0,14.1,14.5
235.368,38,97.0,1882.0,17.0,13.0,41.38,83.5,3.0,14.1,14.5
235.457,38,97.0,1299.0,17.0,13.0,41.38,83.5,3.0,14.1,14.5
235.519,38,97.0,1299.0,18.0,13.0,41.38,83.5,3.0,14.1,14.5
235.607,38,97.0,1299.0,18.0,13.0,41.38,83.5,3.0,14.1,14.5
235.67,38,97.0,1299.0,18.0,13.0,21.24,83.5,3.0,14.1,14.5
235.758,38,97.0,1299.0,18.0,13.0,21.24,31.0,3.0,14.1,14.5
235.818,38,97.0,1299.0,18.0,13.0,21.24,31.0,3.0,14.1,14.5
235.907,38,97.0,1299.0,18.0,13.0,21.24,31.0,3.0,38.0,14.5
235.968,38,97.0,1299.0,18.0,13.0,21.24,31.0,3.0,38.0,38.8
236.057,38,97.0,1299.0,18.0,13.0,21.24,31.0,3.0,38.0,38.8
236.118,38,106.0,1299.0,18.0,13.0,21.24,31.0,3.0,38.0,38.8
236.208,38,106.0,1204.0,18.0,13.0,21.24,31.0,3.0,38.0,38.8
236.269,38,106.0,1204.0,20.0,13.0,21.24,31.0,3.0,38.0,38.8
236.357,38,106.0,1204.0,20.0,13.0,21.24,31.0,3.0,38.0,38.8
236.418,38,106.0,1204.0,20.0,13.0,23.61,31.0,3.0,38.0,38.8
236.508,38,106.0,1204.0,20.0,13.0,23.61,83.5,3.0,38.0,38.8
236.569,38,106.0,1204.0,20.0,13.0,23.61,83.5,3.0,38.0,38.8
236.664,38,106.0,1204.0,20.0,13.0,23.61,83.5,3.0,37.6,38.8
236.718,38,106.0,1204.0,20.0,13.0,23.61,83.5,3.0,37.6,37.3
236.808,38,106.0,1204.0,20.0,13.0,23.61,83.5,3.0,37.6,37.3
236.87,38,120.0,1204.0,20.0,13.0,23.61,83.5,3.0,37.6,37.3
236.958,38,120.0,1389.0,20.0,13.0,23.61,83.5,3.0,37.6,37.3
237.018,38,120.0,1389.0,24.0,13.0,23.61,83.5,3.0,37.6,37.3
237.108,38,120.0,1389.0,24.0,11.0,23.61,83.5,3.0,37.6,37.3
237.168,38,120.0,1389.0,24.0,11.0,29.11,83.5,3.0,37.6,37.3
237.258,38,120.0,1389.0,24.0,11.0,29.11,83.5,3.0,37.6,37.3
237.317,38,120.0,1389.0,24.0,11.0,29.11,83.5,3.0,37.6,37.3
237.407,38,120.0,1389.0,24.0,11.0,29.11,83.5,3.0,35.7,37.3
237.468,38,120.0,1389.0,24.0,11.0,29.11,83.5,3.0,35.7,36.5
237.558,38,120.0,1389.0,24.0,11.0,29.11,83.5,3.0,35.7,36.5
237.618,38,114.0,1389.0,24.0,11.0,29.11,83.5,3.0,35.7,36.5
237.708,38,114.0,1503.0,24.0,11.0,29.11,83.5,3.0,35.7,36.5
237.768,38,114.0,1503.0,26.0,11.0,29.11,83.5,3.0,35.7,36.5
237.857,38,114.0,1503.0,26.0,12.0,29.11,83.5,3.0,35.7,36.5
237.918,38,114.0,1503.0,26.0,12.0,29.52,83.5,3.0,35.7,36.5
238.007,38,114.0,1503.0,26.0,12.0,29.52,83.5,3.0,35.7,36.5
238.068,38,114.0,1503.0,26.0,12.0,29.52,83.5,3.0,35.7,36.5
238.158,38,114.0,1503.0,26.0,12.0,29.52,83.5,3.0,34.9,36.5
238.218,38,114.0,1503.0,26.0,12.0,29.52,83.5,3.0,34.9,35.3
238.307,38,114.0,1503.0,26.0,12.0,29.52,83.5,3.0,34.9,35.3
238.368,38,108.0,1503.0,26.0,12.0,29.52,83.5,3.0,34.9,35.3
238.457,38,108.0,1588.0,26.0,12.0,29.52,83.5,3.0,34.9,35.3
238.518,38,108.0,1588.0,27.0,12.0,29.52,83.5,3.0,34.9,35.3
238.608,38,108.0,1588.0,27.0,12.0,29.52,83.5,3.0,34.9,35.3
238.669,38,108.0,1588.0,27.0,12.0,29.61,83.5,3.0,34.9,35.3
238.762,38,108.0,1588.0,27.0,12.0,29.61,83.5,3.0,34.9,35.3
238.818,38,108.0,1588.0,27.0,12.0,29.61,83.5,3.0,34.9,35.3
238.908,38,108.0,1588.0,27.0,12.0,29.61,83.5,3.0,32.5,35.3
238.969,38,108.0,1588.0,27.0,12.0,29.61,83.5,3.0,32.5,32.9
239.06,38,108.0,1588.0,27.0,12.0,29.61,83.5,3.0,32.5,32.9
239.12,38,105.0,1588.0,27.0,12.0,29.61,83.5,3.0,32.5,32.9
239.208,38,105.0,1638.0,27.0,12.0,29.61,83.5,3.0,32.5,32.9
239.268,38,105.0,1638.0,28.0,12.0,29.61,83.5,3.0,32.5,32.9
239.357,38,105.0,1638.0,28.0,12.0,29.61,83.5,3.0,32.5,32.9
239.418,38,105.0,1638.0,28.0,12.0,30.05,83.5,3.0,32.5,32.9
239.507,38,105.0,1638.0,28.0,12.0,30.05,83.5,3.0,32.5,32.9
239.569,38,105.0,1638.0,28.0,12.0,30.05,83.5,3.0,32.5,32.9
239.66,38,105.0,1638.0,28.0,12.0,30.05,83.5,3.0,32.2,32.9
239.718,38,105.0,1638.0,28.0,12.0,30.05,83.5,3.0,32.2,32.2
239.807,38,105.0,1638.0,28.0,12.0,30.05,83.5,3.0,32.2,32.2
239.868,38,103.0,1638.0,28.0,12.0,30.05,83.5,3.0,32.2,32.2
239.958,38,103.0,1675.0,28.0,12.0,30.05,83.5,3.0,32.2,32.2
240.018,38,103.0,1675.0,29.0,12.0,30.05,83.5,3.0,32.2,32.2
240.107,38,103.0,1675.0,29.0,12.0,30.05,83.5,3.0,32.2,32.2
240.168,38,103.0,1675.0,29.0,12.0,30.22,83.5,3.0,32.2,32.2
240.259,38,103.0,1675.0,29.0,12.0,30.22,83.5,3.0,32.2,32.2
240.318,38,103.0,1675.0,29.0,12.0,30.22,83.5,3.0,32.2,32.2
240.407,38,103.0,1675.0,29.0,12.0,30.22,83.5,3.0,32.5,32.2
240.467,38,103.0,1675.0,29.0,12.0,30.22,83.5,3.0,32.5,32.2
240.556,38,103.0,1675.0,29.0,12.0,30.22,83.5,3.0,32.5,32.2
240.617,38,103.0,1675.0,29.0,12.0,30.22,83.5,3.0,32.5,32.2
240.707,38,103.0,1715.0,29.0,12.0,30.22,83.5,3.0,32.5,32.2
240.768,38,103.0,1715.0,29.0,12.0,30.22,83.5,3.0,32.5,32.2
240.857,38,103.0,1715.0,29.0,12.0,30.22,83.5,3.0,32.5,32.2
240.918,38,103.0,1715.0,29.0,12.0,31.02,83.5,3.0,32.5,32.2
241.007,38,103.0,1715.0,29.0,12.0,31.02,83.5,3.0,32.5,32.2
241.07,38,103.0,1715.0,29.0,12.0,31.02,83.5,3.0,32.5,32.2
241.157,38,103.0,1715.0,29.0,12.0,31.02,83.5,3.0,32.9,32.2
241.22,38,103.0,1715.0,29.0,12.0,31.02,83.5,3.0,32.9,33.7
241.307,38,103.0,1715.0,29.0,12.0,31.02,83.5,3.0,32.9,33.7
241.367,38,105.0,1715.0,29.0,12.0,31.02,83.5,3.0,32.9,33.7
241.457,38,105.0,1700.0,29.0,12.0,31.02,83.5,3.0,32.9,33.7
241.518,38,105.0,1700.0,29.0,12.0,31.02,83.5,3.0,32.9,33.7
241.61,38,105.0,1700.0,29.0,12.0,31.02,83.5,3.0,32.9,33.7
241.669,38,105.0,1700.0,29.0,12.0,31.58,83.5,3.0,32.9,33.7
241.759,38,105.0,1700.0,29.0,12.0,31.58,83.5,3.0,32.9,33.7
241.818,38,105.0,1700.0,29.0,12.0,31.58,83.5,3.0,32.9,33.7
241.908,38,105.0,1700.0,29.0,12.0,31.58,83.5,3.0,37.3,33.7
241.97,38,105.0,1700.0,29.0,12.0,31.58,83.5,3.0,37.3,37.6
242.059,38,105.0,1700.0,29.0,12.0,31.58,83.5,3.0,37.3,37.6
242.119,38,114.0,1700.0,29.0,12.0,31.58,83.5,3.0,37.3,37.6
242.207,38,114.0,1756.0,29.0,12.0,31.58,83.5,3.0,37.3,37.6
242.27,38,114.0,1756.0,30.0,12.0,31.58,83.5,3.0,37.3,37.6
242.357,38,114.0,1756.0,30.0,12.0,31.58,83.5,3.0,37.3,37.6
242.418,38,114.0,1756.0,30.0,12.0,37.86,83.5,3.0,37.3,37.6
242.507,38,114.0,1756.0,30.0,12.0,37.86,83.5,3.0,37.3,37.6
242.569,38,114.0,1756.0,30.0,12.0,37.86,83.5,3.0,37.3,37.6
242.659,38,114.0,1756.0,30.0,12.0,37.86,83.5,3.0,42.0,37.6
242.718,38,114.0,1756.0,30.0,12.0,37.86,83.5,3.0,42.0,44.7
242.807,38,114.0,1756.0,30.0,12.0,37.86,83.5,3.0,42.0,44.7
242.871,38,131.0,1756.0,30.0,12.0,37.86,83.5,3.0,42.0,44.7
242.958,38,131.0,1911.0,30.0,12.0,37.86,83.5,3.0,42.0,44.7
243.021,38,131.0,1911.0,33.0,12.0,37.86,83.5,3.0,42.0,44.7
243.108,38,131.0,1911.0,33.0,12.0,37.86,83.5,3.0,42.0,44.7
243.175,38,131.0,1911.0,33.0,12.0,43.83,83.5,3.0,42.0,44.7
243.26,38,131.0,1911.0,33.0,12.0,43.83,83.5,3.0,42.0,44.7
243.318,38,131.0,1911.0,33.0,12.0,43.83,83.5,3.0,42.0,44.7
243.407,38,131.0,1911.0,33.0,12.0,43.83,83.5,3.0,40.8,44.7
243.468,38,131.0,1911.0,33.0,12.0,43.83,83.5,3.0,40.8,35.7
243.557,38,131.0,1911.0,33.0,12.0,43.83,83.5,3.0,40.8,35.7
243.62,38,127.0,1911.0,33.0,12.0,43.83,83.5,3.0,40.8,35.7
243.707,38,127.0,1916.0,33.0,12.0,43.83,83.5,3.0,40.8,35.7
243.769,38,127.0,1916.0,34.0,12.0,43.83,83.5,3.0,40.8,35.7
243.857,38,127.0,1916.0,34.0,13.0,43.83,83.5,3.0,40.8,35.7
243.918,38,127.0,1916.0,34.0,13.0,33.19,83.5,3.0,40.8,35.7
244.007,38,127.0,1916.0,34.0,13.0,33.19,83.5,3.0,40.8,35.7
244.07,38,127.0,1916.0,34.0,13.0,33.19,83.5,3.0,40.8,35.7
244.157,38,127.0,1916.0,34.0,13.0,33.19,83.5,3.0,14.1,35.7
244.219,38,127.0,1916.0,34.0,13.0,33.19,83.5,3.0,14.1,14.5
244.307,38,127.0,1916.0,34.0,13.0,33.19,83.5,3.0,14.1,14.5
244.368,38,117.0,1916.0,34.0,13.0,33.19,83.5,3.0,14.1,14.5
244.457,38,117.0,1088.0,34.0,13.0,33.19,83.5,3.0,14.1,14.5
244.519,38,117.0,1088.0,33.0,13.0,33.19,83.5,3.0,14.1,14.5
244.607,38,117.0,1088.0,33.0,13.0,33.19,83.5,3.0,14.1,14.5
244.669,38,117.0,1088.0,33.0,13.0,20.13,83.5,3.0,14.1,14.5
244.759,38,117.0,1088.0,33.0,13.0,20.13,83.5,3.0,14.1,14.5
244.819,38,117.0,1088.0,33.0,13.0,20.13,83.5,3.0,14.1,14.5
244.908,38,117.0,1088.0,33.0,13.0,20.13,83.5,3.0,14.1,14.5
244.968,38,117.0,1088.0,33.0,13.0,20.13,83.5,3.0,14.1,14.5
245.058,38,117.0,1088.0,33.0,13.0,20.13,83.5,3.0,14.1,14.5
245.119,38,112.0,1088.0,33.0,13.0,20.13,83.5,3.0,14.1,14.5
245.208,38,112.0,1049.0,33.0,13.0,20.13,83.5,3.0,14.1,14.5
245.27,38,112.0,1049.0,30.0,13.0,20.13,83.5,3.0,14.1,14.5
245.357,38,112.0,1049.0,30.0,9.0,20.13,83.5,3.0,14.1,14.5
245.418,38,112.0,1049.0,30.0,9.0,19.27,83.5,3.0,14.1,14.5
245.507,38,112.0,1049.0,30.0,9.0,19.27,83.5,3.0,14.1,14.5
245.57,38,112.0,1049.0,30.0,9.0,19.27,83.5,3.0,14.1,14.5
245.658,38,112.0,1049.0,30.0,9.0,19.27,83.5,3.0,14.1,14.5
245.721,38,112.0,1049.0,30.0,9.0,19.27,83.5,3.0,14.1,14.5
245.809,38,112.0,1049.0,30.0,9.0,19.27,83.5,3.0,14.1,14.5
245.869,38,110.0,1049.0,30.0,9.0,19.27,83.5,3.0,14.1,14.5
245.957,38,110.0,1042.0,30.0,9.0,19.27,83.5,3.0,14.1,14.5
246.021,38,110.0,1042.0,28.0,9.0,19.27,83.5,3.0,14.1,14.5
246.107,38,110.0,1042.0,28.0,8.0,19.27,83.5,3.0,14.1,14.5
246.169,38,110.0,1042.0,28.0,8.0,18.86,83.5,3.0,14.1,14.5
246.258,38,110.0,1042.0,28.0,8.0,18.86,83.5,3.0,14.1,14.5
246.317,38,110.0,1042.0,28.0,8.0,18.86,83.5,3.0,14.1,14.5
246.408,38,110.0,1042.0,28.0,8.0,18.86,83.5,3.0,24.3,14.5
246.468,38,110.0,1042.0,28.0,8.0,18.86,83.5,3.0,24.3,25.5
246.558,38,110.0,1042.0,28.0,8.0,18.86,83.5,3.0,24.3,25.5
246.618,38,108.0,1042.0,28.0,8.0,18.86,83.5,3.0,24.3,25.5
246.707,38,108.0,1205.0,28.0,8.0,18.86,83.5,3.0,24.3,25.5
246.768,38,108.0,1205.0,28.0,8.0,18.86,83.5,3.0,24.3,25.5
246.857,38,108.0,1205.0,28.0,8.0,18.86,83.5,3.0,24.3,25.5
246.919,38,108.0,1205.0,28.0,8.0,21.55,83.5,3.0,24.3,25.5
247.007,38,108.0,1205.0,28.0,8.0,21.55,83.5,3.0,24.3,25.5
247.069,38,108.0,1205.0,28.0,8.0,21.55,83.5,3.0,24.3,25.5
247.157,38,108.0,1205.0,28.0,8.0,21.55,83.5,3.0,30.2,25.5
247.219,38,108.0,1205.0,28.0,8.0,21.55,83.5,3.0,30.2,30.2
247.309,38,108.0,1205.0,28.0,8.0,21.55,83.5,3.0,30.2,30.2
247.368,38,105.0,1205.0,28.0,8.0,21.55,83.5,3.0,30.2,30.2
247.457,38,105.0,1100.0,28.0,8.0,21.55,83.5,3.0,30.2,30.2
247.518,38,105.0,1100.0,29.0,8.0,21.55,83.5,3.0,30.2,30.2
247.608,38,105.0,1100.0,29.0,9.0,21.55,83.5,3.0,30.2,30.2
247.672,38,105.0,1100.0,29.0,9.0,19.61,83.5,3.0,30.2,30.2
247.758,38,105.0,1100.0,29.0,9.0,19.61,83.5,3.0,30.2,30.2
247.819,38,105.0,1100.0,29.0,9.0,19.61,83.5,3.0,30.2,30.2
247.907,38,105.0,1100.0,29.0,9.0,19.61,83.5,3.0,29.4,30.2
247.968,38,105.0,1100.0,29.0,9.0,19.61,83.5,3.0,29.4,29.4
248.057,38,105.0,1100.0,29.0,9.0,19.61,83.5,3.0,29.4,29.4
248.119,38,106.0,1100.0,29.0,9.0,19.61,83.5,3.0,29.4,29.4
248.207,38,106.0,1142.0,29.0,9.0,19.61,83.5,3.0,29.4,29.4
248.268,38,106.0,1142.0,30.0,9.0,19.61,83.5,3.0,29.4,29.4
248.357,38,106.0,1142.0,30.0,9.0,19.61,83.5,3.0,29.4,29.4
248.418,38,106.0,1142.0,30.0,9.0,20.44,83.5,3.0,29.4,29.4
248.508,38,106.0,1142.0,30.0,9.0,20.44,83.5,3.0,29.4,29.4
248.568,38,106.0,1142.0,30.0,9.0,20.44,83.5,3.0,29.4,29.4
248.657,38,106.0,1142.0,30.0,9.0,20.44,83.5,3.0,29.4,29.4
248.719,38,106.0,1142.0,30.0,9.0,20.44,83.5,3.0,29.4,29.8
248.808,38,106.0,1142.0,30.0,9.0,20.44,83.5,3.0,29.4,29.8
248.869,38,104.0,1142.0,30.0,9.0,20.44,83.5,3.0,29.4,29.8
248.957,38,104.0,1180.0,30.0,9.0,20.44,83.5,3.0,29.4,29.8
249.021,38,104.0,1180.0,32.0,9.0,20.44,83.5,3.0,29.4,29.8
249.107,38,104.0,1180.0,32.0,9.0,20.44,83.5,3.0,29.4,29.8
249.17,38,104.0,1180.0,32.0,9.0,21.11,83.5,3.0,29.4,29.8
249.26,38,104.0,1180.0,32.0,9.0,21.11,83.5,3.0,29.4,29.8
249.319,38,104.0,1180.0,32.0,9.0,21.11,83.5,3.0,29.4,29.8
249.407,38,104.0,1180.0,32.0,9.0,21.11,83.5,3.0,33.7,29.8
249.468,38,104.0,1180.0,32.0,9.0,21.11,83.5,3.0,33.7,33.7
249.558,39,104.0,1180.0,32.0,9.0,21.11,83.5,3.0,33.7,33.7
249.618,39,107.0,1180.0,32.0,9.0,21.11,83.5,3.0,33.7,33.7
249.707,39,107.0,1229.0,32.0,9.0,21.11,83.5,3.0,33.7,33.7
249.768,39,107.0,1229.0,33.0,9.0,21.11,83.5,3.0,33.7,33.7
249.888,39,107.0,1229.0,33.0,9.0,21.11,83.5,3.0,33.7,33.7
249.977,39,107.0,1229.0,33.0,9.0,23.19,83.5,3.0,33.7,33.7
250.067,39,107.0,1229.0,33.0,9.0,23.19,83.5,3.0,33.7,33.7
250.157,39,107.0,1229.0,33.0,9.0,23.19,83.5,3.0,33.7,33.7
250.219,39,107.0,1229.0,33.0,9.0,23.19,83.5,3.0,33.7,33.7
250.307,39,107.0,1229.0,33.0,9.0,23.19,83.5,3.0,33.7,34.1
250.368,39,107.0,1229.0,33.0,9.0,23.19,83.5,3.0,33.7,34.1
250.457,39,114.0,1229.0,33.0,9.0,23.19,83.5,3.0,33.7,34.1
250.518,39,114.0,1272.0,33.0,9.0,23.19,83.5,3.0,33.7,34.1
250.607,39,114.0,1272.0,34.0,9.0,23.19,83.5,3.0,33.7,34.1
250.668,39,114.0,1272.0,34.0,10.0,23.19,83.5,3.0,33.7,34.1
250.757,39,114.0,1272.0,34.0,10.0,25.19,83.5,3.0,33.7,34.1
250.819,39,114.0,1272.0,34.0,10.0,25.19,83.5,3.0,33.7,34.1
250.907,39,114.0,1272.0,34.0,10.0,25.19,83.5,3.0,33.7,34.1
250.969,39,114.0,1272.0,34.0,10.0,25.19,83.5,3.0,34.1,34.1
251.057,39,114.0,1272.0,34.0,10.0,25.19,83.5,3.0,34.1,34.5
251.119,39,114.0,1272.0,34.0,10.0,25.19,83.5,3.0,34.1,34.5
251.207,39,114.0,1272.0,34.0,10.0,25.19,83.5,3.0,34.1,34.5
251.269,39,114.0,1322.0,34.0,10.0,25.19,83.5,3.0,34.1,34.5
251.357,39,114.0,1322.0,35.0,10.0,25.19,83.5,3.0,34.1,34.5
251.418,39,114.0,1322.0,35.0,10.0,25.19,83.5,3.0,34.1,34.5
251.507,39,114.0,1322.0,35.0,10.0,25.52,83.5,3.0,34.1,34.5
251.569,39,114.0,1322.0,35.0,10.0,25.52,83.5,3.0,34.1,34.5
251.657,39,114.0,1322.0,35.0,10.0,25.52,83.5,3.0,34.1,34.5
251.719,39,114.0,1322.0,35.0,10.0,25.52,83.5,3.0,39.2,34.5
251.808,39,114.0,1322.0,35.0,10.0,25.52,83.5,3.0,39.2,39.6
251.871,39,114.0,1322.0,35.0,10.0,25.52,83.5,3.0,39.2,39.6
251.957,39,118.0,1322.0,35.0,10.0,25.52,83.5,3.0,39.2,39.6
252.019,39,118.0,1369.0,35.0,10.0,25.52,83.5,3.0,39.2,39.6
252.107,39,118.0,1369.0,37.0,10.0,25.52,83.5,3.0,39.2,39.6
252.169,39,118.0,1369.0,37.0,11.0,25.52,83.5,3.0,39.2,39.6
252.257,39,118.0,1369.0,37.0,11.0,29.13,83.5,3.0,39.2,39.6
252.319,39,118.0,1369.0,37.0,11.0,29.13,83.5,3.0,39.2,39.6
252.407,39,118.0,1369.0,37.0,11.0,29.13,83.5,3.0,39.2,39.6
252.468,39,118.0,1369.0,37.0,11.0,29.13,83.5,3.0,42.0,39.6
252.558,39,118.0,1369.0,37.0,11.0,29.13,83.5,3.0,42.0,42.7
252.618,39,118.0,1369.0,37.0,11.0,29.13,83.5,3.0,42.0,42.7
252.707,39,132.0,1369.0,37.0,11.0,29.13,83.5,3.0,42.0,42.7
252.797,39,132.0,1464.0,37.0,11.0,29.13,83.5,3.0,42.0,42.7
252.858,39,132.0,1464.0,39.0,11.0,29.13,83.5,3.0,42.0,42.7
252.947,39,132.0,1464.0,39.0,11.0,29.13,83.5,3.0,42.0,42.7
253.008,39,132.0,1464.0,39.0,11.0,35.3,83.5,3.0,42.0,42.7
253.097,39,132.0,1464.0,39.0,11.0,35.3,83.5,3.0,42.0,42.7
253.158,39,132.0,1464.0,39.0,11.0,35.3,83.5,3.0,42.0,42.7
253.247,39,132.0,1464.0,39.0,11.0,35.3,83.5,3.0,42.4,42.7
253.308,39,132.0,1464.0,39.0,11.0,35.3,83.5,3.0,42.4,42.7
253.398,39,132.0,1464.0,39.0,11.0,35.3,83.5,3.0,42.4,42.7
253.458,39,137.0,1464.0,39.0,11.0,35.3,83.5,3.0,42.4,42.7
253.547,39,137.0,1557.0,39.0,11.0,35.3,83.5,3.0,42.4,42.7
253.607,39,137.0,1557.0,42.0,11.0,35.3,83.5,3.0,42.4,42.7
253.697,39,137.0,1557.0,42.0,12.0,35.3,83.5,3.0,42.4,42.7
253.758,39,137.0,1557.0,42.0,12.0,35.44,83.5,3.0,42.4,42.7
253.847,39,137.0,1557.0,42.0,12.0,35.44,83.5,3.0,42.4,42.7
253.908,39,137.0,1557.0,42.0,12.0,35.44,83.5,3.0,42.4,42.7
253.998,39,137.0,1557.0,42.0,12.0,35.44,83.5,3.0,41.6,42.7
254.059,39,137.0,1557.0,42.0,12.0,35.44,83.5,3.0,41.6,42.4
254.147,39,137.0,1557.0,42.0,12.0,35.44,83.5,3.0,41.6,42.4
254.21,39,130.0,1557.0,42.0,12.0,35.44,83.5,3.0,41.6,42.4
254.297,39,130.0,1620.0,42.0,12.0,35.44,83.5,3.0,41.6,42.4
254.358,39,130.0,1620.0,44.0,12.0,35.44,83.5,3.0,41.6,42.4
254.447,39,130.0,1620.0,44.0,12.0,35.44,83.5,3.0,41.6,42.4
254.511,39,130.0,1620.0,44.0,12.0,35.47,83.5,3.0,41.6,42.4
254.597,39,130.0,1620.0,44.0,12.0,35.47,83.5,3.0,41.6,42.4
254.659,39,130.0,1620.0,44.0,12.0,35.47,83.5,3.0,41.6,42.4
254.747,39,130.0,1620.0,44.0,12.0,35.47,83.5,3.0,14.1,42.4
254.867,39,130.0,1620.0,44.0,12.0,35.47,83.5,3.0,14.1,14.5
254.957,39,130.0,1620.0,44.0,12.0,35.47,83.5,3.0,14.1,14.5
255.047,39,103.0,1620.0,44.0,12.0,35.47,83.5,3.0,14.1,14.5
255.108,39,103.0,1072.0,44.0,12.0,35.47,83.5,3.0,14.1,14.5
255.197,39,103.0,1072.0,44.0,12.0,35.47,83.5,3.0,14.1,14.5
255.259,39,103.0,1072.0,44.0,11.0,35.47,83.5,3.0,14.1,14.5
255.347,39,103.0,1072.0,44.0,11.0,17.99,83.5,3.0,14.1,14.5
255.409,39,103.0,1072.0,44.0,11.0,17.99,31.0,3.0,14.1,14.5
255.497,39,103.0,1072.0,44.0,11.0,17.99,31.0,3.0,14.1,14.5
255.558,39,103.0,1072.0,44.0,11.0,17.99,31.0,3.0,27.1,14.5
255.647,39,103.0,1072.0,44.0,11.0,17.99,31.0,3.0,27.1,27.1
255.708,39,103.0,1072.0,44.0,11.0,17.99,31.0,3.0,27.1,27.1
255.771,39,104.0,1072.0,44.0,11.0,17.99,31.0,3.0,27.1,27.1
255.857,39,104.0,1125.0,44.0,11.0,17.99,31.0,3.0,27.1,27.1
255.919,39,104.0,1125.0,44.0,11.0,17.99,31.0,3.0,27.1,27.1
256.007,39,104.0,1125.0,44.0,9.0,17.99,31.0,3.0,27.1,27.1
256.069,39,104.0,1125.0,44.0,9.0,19.91,31.0,3.0,27.1,27.1
256.157,39,104.0,1125.0,44.0,9.0,19.91,83.5,3.0,27.1,27.1
256.219,39,104.0,1125.0,44.0,9.0,19.91,83.5,3.0,27.1,27.1
256.308,39,104.0,1125.0,44.0,9.0,19.91,83.5,3.0,26.3,27.1
256.369,39,104.0,1125.0,44.0,9.0,19.91,83.5,3.0,26.3,26.3
256.457,39,104.0,1125.0,44.0,9.0,19.91,83.5,3.0,26.3,26.3
256.519,39,102.0,1125.0,44.0,9.0,19.91,83.5,3.0,26.3,26.3
256.607,39,102.0,1131.0,44.0,9.0,19.91,83.5,3.0,26.3,26.3
256.669,39,102.0,1131.0,44.0,9.0,19.91,83.5,3.0,26.3,26.3
256.757,39,102.0,1131.0,44.0,8.0,19.91,83.5,3.0,26.3,26.3
256.82,39,102.0,1131.0,44.0,8.0,19.33,83.5,3.0,26.3,26.3
256.907,39,102.0,1131.0,44.0,8.0,19.33,83.5,3.0,26.3,26.3
256.969,39,102.0,1131.0,44.0,8.0,19.33,83.5,3.0,26.3,26.3
257.057,39,102.0,1131.0,44.0,8.0,19.33,83.5,3.0,22.4,26.3
257.12,39,102.0,1131.0,44.0,8.0,19.33,83.5,3.0,22.4,22.4
257.207,39,102.0,1131.0,44.0,8.0,19.33,83.5,3.0,22.4,22.4
257.269,39,101.0,1131.0,44.0,8.0,19.33,83.5,3.0,22.4,22.4
257.356,39,101.0,1130.0,44.0,8.0,19.33,83.5,3.0,22.4,22.4
257.447,39,101.0,1130.0,44.0,8.0,19.33,83.5,3.0,22.4,22.4
257.508,39,101.0,1130.0,44.0,8.0,19.33,83.5,3.0,22.4,22.4
257.569,39,101.0,1130.0,44.0,8.0,19.11,83.5,3.0,22.4,22.4
257.657,39,101.0,1130.0,44.0,8.0,19.11,83.5,3.0,22.4,22.4
257.719,39,101.0,1130.0,44.0,8.0,19.11,83.5,3.0,22.4,22.4
257.808,39,101.0,1130.0,44.0,8.0,19.11,83.5,3.0,14.1,22.4
257.927,39,101.0,1130.0,44.0,8.0,19.11,83.5,3.0,14.1,14.5
257.989,39,101.0,1130.0,44.0,8.0,19.11,83.5,3.0,14.1,14.5
258.049,39,99.0,1130.0,44.0,8.0,19.11,83.5,3.0,14.1,14.5
258.111,39,99.0,1118.0,44.0,8.0,19.11,83.5,3.0,14.1,14.5
258.171,39,99.0,1118.0,44.0,8.0,19.11,83.5,3.0,14.1,14.5
258.257,39,99.0,1118.0,44.0,8.0,19.11,83.5,3.0,14.1,14.5
258.347,39,99.0,1118.0,44.0,8.0,19.08,83.5,3.0,14.1,14.5
258.438,39,99.0,1118.0,44.0,8.0,19.08,83.5,3.0,14.1,14.5
258.527,39,99.0,1118.0,44.0,8.0,19.08,83.5,3.0,14.1,14.5
258.618,39,99.0,1118.0,44.0,8.0,19.08,83.5,3.0,14.1,14.5
258.708,39,99.0,1118.0,44.0,8.0,19.08,83.5,3.0,14.1,14.5
258.797,39,99.0,1118.0,44.0,8.0,19.08,83.5,3.0,14.1,14.5
258.887,39,98.0,1118.0,44.0,8.0,19.08,83.5,3.0,14.1,14.5
258.977,39,98.0,1094.0,44.0,8.0,19.08,83.5,3.0,14.1,14.5
259.067,39,98.0,1094.0,43.0,8.0,19.08,83.5,3.0,14.1,14.5
259.157,39,98.0,1094.0,43.0,8.0,19.08,83.5,3.0,14.1,14.5
259.248,39,98.0,1094.0,43.0,8.0,18.27,83.5,3.0,14.1,14.5
259.338,39,98.0,1094.0,43.0,8.0,18.27,83.5,3.0,14.1,14.5
259.427,39,98.0,1094.0,43.0,8.0,18.27,83.5,3.0,14.1,14.5
259.518,39,98.0,1094.0,43.0,8.0,18.27,83.5,3.0,14.1,14.5
259.608,39,98.0,1094.0,43.0,8.0,18.27,83.5,3.0,14.1,14.5
259.697,39,98.0,1094.0,43.0,8.0,18.27,83.5,3.0,14.1,14.5
259.787,39,100.0,1094.0,43.0,8.0,18.27,83.5,3.0,14.1,14.5
259.908,39,100.0,1061.0,43.0,8.0,18.27,83.5,3.0,14.1,14.5
259.997,39,100.0,1061.0,41.0,8.0,18.27,83.5,3.0,14.1,14.5
260.088,39,100.0,1061.0,41.0,8.0,18.27,83.5,3.0,14.1,14.5
260.177,39,100.0,1061.0,41.0,8.0,18.19,83.5,3.0,14.1,14.5
260.267,39,100.0,1061.0,41.0,8.0,18.19,83.5,3.0,14.1,14.5
260.356,39,100.0,1061.0,41.0,8.0,18.19,83.5,3.0,14.1,14.5
260.447,39,100.0,1061.0,41.0,8.0,18.19,83.5,3.0,16.5,14.5
260.537,39,100.0,1061.0,41.0,8.0,18.19,83.5,3.0,16.5,18.0
260.627,39,100.0,1061.0,41.0,8.0,18.19,83.5,3.0,16.5,18.0
260.718,39,104.0,1061.0,41.0,8.0,18.19,83.5,3.0,16.5,18.0
260.808,39,104.0,1050.0,41.0,8.0,18.19,83.5,3.0,16.5,18.0
260.897,39,104.0,1050.0,40.0,8.0,18.19,83.5,3.0,16.5,18.0
260.988,39,104.0,1050.0,40.0,9.0,18.19,83.5,3.0,16.5,18.0
261.078,39,104.0,1050.0,40.0,9.0,18.36,83.5,3.0,16.5,18.0
261.167,39,104.0,1050.0,40.0,9.0,18.36,83.5,3.0,16.5,18.0
261.257,39,104.0,1050.0,40.0,9.0,18.36,83.5,3.0,16.5,18.0
261.347,39,104.0,1050.0,40.0,9.0,18.36,83.5,3.0,14.1,18.0
261.437,39,104.0,1050.0,40.0,9.0,18.36,83.5,3.0,14.1,14.5
261.527,39,104.0,1050.0,40.0,9.0,18.36,83.5,3.0,14.1,14.5
261.618,39,105.0,1050.0,40.0,9.0,18.36,83.5,3.0,14.1,14.5
261.709,39,105.0,1009.0,40.0,9.0,18.36,83.5,3.0,14.1,14.5
261.798,39,105.0,1009.0,40.0,9.0,18.36,83.5,3.0,14.1,14.5
261.887,39,105.0,1009.0,40.0,9.0,18.36,83.5,3.0,14.1,14.5
261.977,39,105.0,1009.0,40.0,9.0,17.58,83.5,3.0,14.1,14.5
262.067,39,105.0,1009.0,40.0,9.0,17.58,83.5,3.0,14.1,14.5
262.157,39,105.0,1009.0,40.0,9.0,17.58,83.5,3.0,14.1,14.5
262.247,39,105.0,1009.0,40.0,9.0,17.58,83.5,3.0,20.8,14.5
262.336,39,105.0,1009.0,40.0,9.0,17.58,83.5,3.0,20.8,20.4
262.426,39,105.0,1009.0,40.0,9.0,17.58,83.5,3.0,20.8,20.4
262.517,39,103.0,1009.0,40.0,9.0,17.58,83.5,3.0,20.8,20.4
262.608,39,103.0,1409.0,40.0,9.0,17.58,83.5,3.0,20.8,20.4
262.697,39,103.0,1409.0,38.0,9.0,17.58,83.5,3.0,20.8,20.4
262.787,39,103.0,1409.0,38.0,9.0,17.58,83.5,3.0,20.8,20.4
262.877,39,103.0,1409.0,38.0,9.0,24.36,83.5,3.0,20.8,20.4
262.967,39,103.0,1409.0,38.0,9.0,24.36,83.5,3.0,20.8,20.4
263.057,39,103.0,1409.0,38.0,9.0,24.36,83.5,3.0,20.8,20.4
263.147,39,103.0,1409.0,38.0,9.0,24.36,83.5,3.0,29.4,20.4
263.237,39,103.0,1409.0,38.0,9.0,24.36,83.5,3.0,29.4,31.0
263.327,40,103.0,1409.0,38.0,9.0,24.36,83.5,3.0,29.4,31.0
263.417,40,99.0,1409.0,38.0,9.0,24.36,83.5,3.0,29.4,31.0
263.507,40,99.0,1425.0,38.0,9.0,24.36,83.5,3.0,29.4,31.0
263.597,40,99.0,1425.0,38.0,9.0,24.36,83.5,3.0,29.4,31.0
263.689,40,99.0,1425.0,38.0,10.0,24.36,83.5,3.0,29.4,31.0
263.777,40,99.0,1425.0,38.0,10.0,24.74,83.5,3.0,29.4,31.0
263.867,40,99.0,1425.0,38.0,10.0,24.74,83.5,3.0,29.4,31.0
263.957,40,99.0,1425.0,38.0,10.0,24.74,83.5,3.0,29.4,31.0
264.047,40,99.0,1425.0,38.0,10.0,24.74,83.5,3.0,33.3,31.0
264.137,40,99.0,1425.0,38.0,10.0,24.74,83.5,3.0,33.3,33.3
264.227,40,99.0,1425.0,38.0,10.0,24.74,83.5,3.0,33.3,33.3
264.347,40,101.0,1425.0,38.0,10.0,24.74,83.5,3.0,33.3,33.3
264.437,40,101.0,1443.0,38.0,10.0,24.74,83.5,3.0,33.3,33.3
264.527,40,101.0,1443.0,39.0,10.0,24.74,83.5,3.0,33.3,33.3
264.618,40,101.0,1443.0,39.0,10.0,24.74,83.5,3.0,33.3,33.3
264.707,40,101.0,1443.0,39.0,10.0,25.58,83.5,3.0,33.3,33.3
264.797,40,101.0,1443.0,39.0,10.0,25.58,83.5,3.0,33.3,33.3
264.918,40,101.0,1443.0,39.0,10.0,25.58,83.5,3.0,33.3,33.3
265.007,40,101.0,1443.0,39.0,10.0,25.58,83.5,3.0,33.3,33.3
265.097,40,101.0,1443.0,39.0,10.0,25.58,83.5,3.0,33.3,33.3
265.187,40,101.0,1443.0,39.0,10.0,25.58,83.5,3.0,33.3,33.3
265.278,40,103.0,1443.0,39.0,10.0,25.58,83.5,3.0,33.3,33.3
265.367,40,103.0,1464.0,39.0,10.0,25.58,83.5,3.0,33.3,33.3
265.457,40,103.0,1464.0,39.0,10.0,25.58,83.5,3.0,33.3,33.3
265.547,40,103.0,1464.0,39.0,11.0,25.58,83.5,3.0,33.3,33.3
265.639,40,103.0,1464.0,39.0,11.0,26.3,83.5,3.0,33.3,33.3
265.727,40,103.0,1464.0,39.0,11.0,26.3,83.5,3.0,33.3,33.3
265.817,40,103.0,1464.0,39.0,11.0,26.3,83.5,3.0,33.3,33.3
265.907,40,103.0,1464.0,39.0,11.0,26.3,83.5,3.0,33.3,33.3
266.009,40,103.0,1464.0,39.0,11.0,26.3,83.5,3.0,33.3,33.7
266.087,40,103.0,1464.0,39.0,11.0,26.3,83.5,3.0,33.3,33.7
266.177,40,104.0,1464.0,39.0,11.0,26.3,83.5,3.0,33.3,33.7
266.267,40,104.0,1496.0,39.0,11.0,26.3,83.5,3.0,33.3,33.7
266.356,40,104.0,1496.0,40.0,11.0,26.3,83.5,3.0,33.3,33.7
266.447,40,104.0,1496.0,40.0,11.0,26.3,83.5,3.0,33.3,33.7
266.537,40,104.0,1496.0,40.0,11.0,27.19,83.5,3.0,33.3,33.7
266.627,40,104.0,1496.0,40.0,11.0,27.19,83.5,3.0,33.3,33.7
266.718,40,104.0,1496.0,40.0,11.0,27.19,83.5,3.0,33.3,33.7
266.807,40,104.0,1496.0,40.0,11.0,27.19,83.5,3.0,31.4,33.7
266.897,40,104.0,1496.0,40.0,11.0,27.19,83.5,3.0,31.4,31.8
266.987,40,104.0,1496.0,40.0,11.0,27.19,83.5,3.0,31.4,31.8
267.078,40,104.0,1496.0,40.0,11.0,27.19,83.5,3.0,31.4,31.8
267.167,40,104.0,1512.0,40.0,11.0,27.19,83.5,3.0,31.4,31.8
267.258,40,104.0,1512.0,41.0,11.0,27.19,83.5,3.0,31.4,31.8
267.347,40,104.0,1512.0,41.0,11.0,27.19,83.5,3.0,31.4,31.8
267.437,40,104.0,1512.0,41.0,11.0,27.05,83.5,3.0,31.4,31.8
267.528,40,104.0,1512.0,41.0,11.0,27.05,83.5,3.0,31.4,31.8
267.617,40,104.0,1512.0,41.0,11.0,27.05,83.5,3.0,31.4,31.8
267.707,40,104.0,1512.0,41.0,11.0,27.05,83.5,3.0,29.0,31.8
267.797,40,104.0,1512.0,41.0,11.0,27.05,83.5,3.0,29.0,29.0
267.889,40,104.0,1512.0,41.0,11.0,27.05,83.5,3.0,29.0,29.0
267.977,40,102.0,1512.0,41.0,11.0,27.05,83.5,3.0,29.0,29.0
268.067,40,102.0,1512.0,41.0,11.0,27.05,83.5,3.0,29.0,29.0
268.158,40,102.0,1512.0,41.0,11.0,27.05,83.5,3.0,29.0,29.0
268.248,40,102.0,1512.0,41.0,11.0,27.05,83.5,3.0,29.0,29.0
268.337,40,102.0,1512.0,41.0,11.0,26.27,83.5,3.0,29.0,29.0
268.427,40,102.0,1512.0,41.0,11.0,26.27,83.5,3.0,29.0,29.0
268.517,40,102.0,1512.0,41.0,11.0,26.27,83.5,3.0,29.0,29.0
268.609,40,102.0,1512.0,41.0,11.0,26.27,83.5,3.0,24.7,29.0
268.698,40,102.0,1512.0,41.0,11.0,26.27,83.5,3.0,24.7,22.7
268.788,40,102.0,1512.0,41.0,11.0,26.27,83.5,3.0,24.7,22.7
268.877,40,100.0,1512.0,41.0,11.0,26.27,83.5,3.0,24.7,22.7
268.967,40,100.0,1468.0,41.0,11.0,26.27,83.5,3.0,24.7,22.7
269.058,40,100.0,1468.0,40.0,11.0,26.27,83.5,3.0,24.7,22.7
269.148,40,100.0,1468.0,40.0,10.0,26.27,83.5,3.0,24.7,22.7
269.238,40,100.0,1468.0,40.0,10.0,25.97,83.5,3.0,24.7,22.7
269.327,40,100.0,1468.0,40.0,10.0,25.97,83.5,3.0,24.7,22.7
269.417,40,100.0,1468.0,40.0,10.0,25.97,83.5,3.0,24.7,22.7
269.509,40,100.0,1468.0,40.0,10.0,25.97,83.5,3.0,14.1,22.7
269.597,40,100.0,1468.0,40.0,10.0,25.97,83.5,3.0,14.1,14.5
269.689,40,100.0,1468.0,40.0,10.0,25.97,83.5,3.0,14.1,14.5
269.777,40,106.0,1468.0,40.0,10.0,25.97,83.5,3.0,14.1,14.5
269.867,40,106.0,1413.0,40.0,10.0,25.97,83.5,3.0,14.1,14.5
269.99,40,106.0,1413.0,38.0,10.0,25.97,83.5,3.0,14.1,14.5
270.077,40,106.0,1413.0,38.0,10.0,25.97,83.5,3.0,14.1,14.5
270.168,40,106.0,1413.0,38.0,10.0,25.97,83.5,3.0,14.1,14.5
270.258,40,106.0,1413.0,38.0,10.0,25.97,83.5,3.0,14.1,14.5
270.346,40,106.0,1413.0,38.0,10.0,25.97,83.5,3.0,14.1,14.5
270.437,40,106.0,1413.0,38.0,10.0,25.97,83.5,3.0,24.7,14.5
270.526,40,106.0,1413.0,38.0,10.0,25.97,83.5,3.0,24.7,25.1
270.616,40,106.0,1413.0,38.0,10.0,25.97,83.5,3.0,24.7,25.1
270.706,40,108.0,1413.0,38.0,10.0,25.97,83.5,3.0,24.7,25.1
270.797,40,108.0,1370.0,38.0,10.0,25.97,83.5,3.0,24.7,25.1
270.887,40,108.0,1370.0,36.0,10.0,25.97,83.5,3.0,24.7,25.1
270.978,40,108.0,1370.0,36.0,10.0,25.97,83.5,3.0,24.7,25.1
271.069,40,108.0,1370.0,36.0,10.0,24.19,83.5,3.0,24.7,25.1
271.157,40,108.0,1370.0,36.0,10.0,24.19,83.5,3.0,24.7,25.1
271.248,40,108.0,1370.0,36.0,10.0,24.19,83.5,3.0,24.7,25.1
271.337,40,108.0,1370.0,36.0,10.0,24.19,83.5,3.0,34.1,25.1
271.428,40,108.0,1370.0,36.0,10.0,24.19,83.5,3.0,34.1,35.3
271.517,40,108.0,1370.0,36.0,10.0,24.19,83.5,3.0,34.1,35.3
271.608,40,102.0,1370.0,36.0,10.0,24.19,83.5,3.0,34.1,35.3
271.697,40,102.0,1395.0,36.0,10.0,24.19,83.5,3.0,34.1,35.3
271.787,40,102.0,1395.0,37.0,10.0,24.19,83.5,3.0,34.1,35.3
271.878,40,102.0,1395.0,37.0,9.0,24.19,83.5,3.0,34.1,35.3
271.969,40,102.0,1395.0,37.0,9.0,25.36,83.5,3.0,34.1,35.3
272.057,40,102.0,1395.0,37.0,9.0,25.36,83.5,3.0,34.1,35.3
272.148,40,102.0,1395.0,37.0,9.0,25.36,83.5,3.0,34.1,35.3
272.241,40,102.0,1395.0,37.0,9.0,25.36,83.5,3.0,36.9,35.3
272.327,40,102.0,1395.0,37.0,9.0,25.36,83.5,3.0,36.9,37.3
272.417,40,102.0,1395.0,37.0,9.0,25.36,83.5,3.0,36.9,37.3
272.507,40,109.0,1395.0,37.0,9.0,25.36,83.5,3.0,36.9,37.3
272.597,40,109.0,1445.0,37.0,9.0,25.36,83.5,3.0,36.9,37.3
272.688,40,109.0,1445.0,39.0,9.0,25.36,83.5,3.0,36.9,37.3
272.777,40,109.0,1445.0,39.0,10.0,25.36,83.5,3.0,36.9,37.3
272.869,40,109.0,1445.0,39.0,10.0,28.19,83.5,3.0,36.9,37.3
272.958,40,109.0,1445.0,39.0,10.0,28.19,83.5,3.0,36.9,37.3
273.048,40,109.0,1445.0,39.0,10.0,28.19,83.5,3.0,36.9,37.3
273.137,40,109.0,1445.0,39.0,10.0,28.19,83.5,3.0,37.3,37.3
273.229,40,109.0,1445.0,39.0,10.0,28.19,83.5,3.0,37.3,37.6
273.317,40,109.0,1445.0,39.0,10.0,28.19,83.5,3.0,37.3,37.6
273.408,40,113.0,1445.0,39.0,10.0,28.19,83.5,3.0,37.3,37.6
273.497,40,113.0,1507.0,39.0,10.0,28.19,83.5,3.0,37.3,37.6
273.588,40,113.0,1507.0,40.0,10.0,28.19,83.5,3.0,37.3,37.6
273.677,40,113.0,1507.0,40.0,10.0,28.19,83.5,3.0,37.3,37.6
273.77,40,113.0,1507.0,40.0,10.0,29.16,83.5,3.0,37.3,37.6
273.857,40,113.0,1507.0,40.0,10.0,29.16,83.5,3.0,37.3,37.6
273.948,40,113.0,1507.0,40.0,10.0,29.16,83.5,3.0,37.3,37.6
274.038,40,113.0,1507.0,40.0,10.0,29.16,83.5,3.0,36.5,37.6
274.128,40,113.0,1507.0,40.0,10.0,29.16,83.5,3.0,36.5,36.9
274.217,40,113.0,1507.0,40.0,10.0,29.16,83.5,3.0,36.5,36.9
274.308,40,111.0,1507.0,40.0,10.0,29.16,83.5,3.0,36.5,36.9
274.396,40,111.0,1559.0,40.0,10.0,29.16,83.5,3.0,36.5,36.9
274.488,40,111.0,1559.0,42.0,10.0,29.16,83.5,3.0,36.5,36.9
274.577,40,111.0,1559.0,42.0,10.0,29.16,83.5,3.0,36.5,36.9
274.668,40,111.0,1559.0,42.0,10.0,30.22,83.5,3.0,36.5,36.9
274.757,40,111.0,1559.0,42.0,10.0,30.22,83.5,3.0,36.5,36.9
274.847,40,111.0,1559.0,42.0,10.0,30.22,83.5,3.0,36.5,36.9
274.937,40,111.0,1559.0,42.0,10.0,30.22,83.5,3.0,36.5,36.9
275.029,40,111.0,1559.0,42.0,10.0,30.22,83.5,3.0,36.5,37.3
275.117,40,111.0,1559.0,42.0,10.0,30.22,83.5,3.0,36.5,37.3
275.209,40,111.0,1559.0,42.0,10.0,30.22,83.5,3.0,36.5,37.3
275.299,40,111.0,1610.0,42.0,10.0,30.22,83.5,3.0,36.5,37.3
275.4,40,111.0,1610.0,43.0,10.0,30.22,83.5,3.0,36.5,37.3
275.476,40,111.0,1610.0,43.0,10.0,30.22,83.5,3.0,36.5,37.3
275.568,40,111.0,1610.0,43.0,10.0,32.11,83.5,3.0,36.5,37.3
275.657,40,111.0,1610.0,43.0,10.0,32.11,83.5,3.0,36.5,37.3
275.748,40,111.0,1610.0,43.0,10.0,32.11,83.5,3.0,36.5,37.3
275.837,40,111.0,1610.0,43.0,10.0,32.11,83.5,3.0,39.6,37.3
275.927,40,111.0,1610.0,43.0,10.0,32.11,83.5,3.0,39.6,40.4
276.017,41,111.0,1610.0,43.0,10.0,32.11,83.5,3.0,39.6,40.4
276.109,41,127.0,1610.0,43.0,10.0,32.11,83.5,3.0,39.6,40.4
276.197,41,127.0,1670.0,43.0,10.0,32.11,83.5,3.0,39.6,40.4
276.288,41,127.0,1670.0,45.0,10.0,32.11,83.5,3.0,39.6,40.4
276.377,41,127.0,1670.0,45.0,10.0,32.11,83.5,3.0,39.6,40.4
276.467,41,127.0,1670.0,45.0,10.0,36.8,83.5,3.0,39.6,40.4
276.558,41,127.0,1670.0,45.0,10.0,36.8,83.5,3.0,39.6,40.4
276.65,41,127.0,1670.0,45.0,10.0,36.8,83.5,3.0,39.6,40.4
276.737,41,127.0,1670.0,45.0,10.0,36.8,83.5,3.0,40.8,40.4
276.829,41,127.0,1670.0,45.0,10.0,36.8,83.5,3.0,40.8,39.6
276.918,41,127.0,1670.0,45.0,10.0,36.8,83.5,3.0,40.8,39.6
277.016,41,128.0,1670.0,45.0,10.0,36.8,83.5,3.0,40.8,39.6
277.097,41,128.0,1694.0,45.0,10.0,36.8,83.5,3.0,40.8,39.6
277.188,41,128.0,1694.0,46.0,10.0,36.8,83.5,3.0,40.8,39.6
277.277,41,128.0,1694.0,46.0,11.0,36.8,83.5,3.0,40.8,39.6
277.367,41,128.0,1694.0,46.0,11.0,24.88,83.5,3.0,40.8,39.6
277.457,41,128.0,1694.0,46.0,11.0,24.88,31.0,3.0,40.8,39.6
277.547,41,128.0,1694.0,46.0,11.0,24.88,31.0,3.0,40.8,39.6
277.637,41,128.0,1694.0,46.0,11.0,24.88,31.0,3.0,20.0,39.6
277.728,41,128.0,1694.0,46.0,11.0,24.88,31.0,3.0,20.0,27.1
277.817,41,128.0,1694.0,46.0,11.0,24.88,31.0,3.0,20.0,27.1
277.912,41,98.0,1694.0,46.0,11.0,24.88,31.0,3.0,20.0,27.1
278.028,41,98.0,1183.0,46.0,11.0,24.88,31.0,3.0,20.0,27.1
278.117,41,98.0,1183.0,46.0,11.0,24.88,31.0,3.0,20.0,27.1
278.209,41,98.0,1183.0,46.0,10.0,24.88,31.0,3.0,20.0,27.1
278.298,41,98.0,1183.0,46.0,10.0,21.33,31.0,3.0,20.0,27.1
278.387,41,98.0,1183.0,46.0,10.0,21.33,83.1,3.0,20.0,27.1
278.477,41,98.0,1183.0,46.0,10.0,21.33,83.1,3.0,20.0,27.1
278.568,41,98.0,1183.0,46.0,10.0,21.33,83.1,3.0,34.9,27.1
278.657,41,98.0,1183.0,46.0,10.0,21.33,83.1,3.0,34.9,35.3
278.748,41,98.0,1183.0,46.0,10.0,21.33,83.1,3.0,34.9,35.3
278.837,41,112.0,1183.0,46.0,10.0,21.33,83.1,3.0,34.9,35.3
278.927,41,112.0,1207.0,46.0,10.0,21.33,83.1,3.0,34.9,35.3
279.017,41,112.0,1207.0,47.0,10.0,21.33,83.1,3.0,34.9,35.3
279.107,41,112.0,1207.0,47.0,8.0,21.33,83.1,3.0,34.9,35.3
279.197,41,112.0,1207.0,47.0,8.0,23.47,83.1,3.0,34.9,35.3
279.292,41,112.0,1207.0,47.0,8.0,23.47,83.5,3.0,34.9,35.3
279.376,41,112.0,1207.0,47.0,8.0,23.47,83.5,3.0,34.9,35.3
279.467,41,112.0,1207.0,47.0,8.0,23.47,83.5,3.0,34.5,35.3
279.557,41,112.0,1207.0,47.0,8.0,23.47,83.5,3.0,34.5,34.9
279.648,41,112.0,1207.0,47.0,8.0,23.47,83.5,3.0,34.5,34.9
279.737,41,118.0,1207.0,47.0,8.0,23.47,83.5,3.0,34.5,34.9
279.828,41,118.0,1242.0,47.0,8.0,23.47,83.5,3.0,34.5,34.9
279.917,41,118.0,1242.0,48.0,8.0,23.47,83.5,3.0,34.5,34.9
280.008,41,118.0,1242.0,48.0,9.0,23.47,83.5,3.0,34.5,34.9
280.097,41,118.0,1242.0,48.0,9.0,24.41,83.5,3.0,34.5,34.9
280.188,41,118.0,1242.0,48.0,9.0,24.41,83.5,3.0,34.5,34.9
280.277,41,118.0,1242.0,48.0,9.0,24.41,83.5,3.0,34.5,34.9
280.367,41,118.0,1242.0,48.0,9.0,24.41,83.5,3.0,33.7,34.9
280.456,41,118.0,1242.0,48.0,9.0,24.41,83.5,3.0,33.7,34.1
280.547,41,118.0,1242.0,48.0,9.0,24.41,83.5,3.0,33.7,34.1
280.638,41,114.0,1242.0,48.0,9.0,24.41,83.5,3.0,33.7,34.1
280.728,41,114.0,1269.0,48.0,9.0,24.41,83.5,3.0,33.7,34.1
280.817,41,114.0,1269.0,49.0,9.0,24.41,83.5,3.0,33.7,34.1
280.908,41,114.0,1269.0,49.0,9.0,24.41,83.5,3.0,33.7,34.1
280.997,41,114.0,1269.0,49.0,9.0,24.22,83.5,3.0,33.7,34.1
281.088,41,114.0,1269.0,49.0,9.0,24.22,83.5,3.0,33.7,34.1
281.177,41,114.0,1269.0,49.0,9.0,24.22,83.5,3.0,33.7,34.1
281.291,41,114.0,1269.0,49.0,9.0,24.22,83.5,3.0,34.1,34.1
281.387,41,114.0,1269.0,49.0,9.0,24.22,83.5,3.0,34.1,34.5
281.477,41,114.0,1269.0,49.0,9.0,24.22,83.5,3.0,34.1,34.5
281.567,41,111.0,1269.0,49.0,9.0,24.22,83.5,3.0,34.1,34.5
281.657,41,111.0,1292.0,49.0,9.0,24.22,83.5,3.0,34.1,34.5
281.747,41,111.0,1292.0,50.0,9.0,24.22,83.5,3.0,34.1,34.5
281.837,41,111.0,1292.0,50.0,9.0,24.22,83.5,3.0,34.1,34.5
281.928,41,111.0,1292.0,50.0,9.0,23.91,83.5,3.0,34.1,34.5
282.017,41,111.0,1292.0,50.0,9.0,23.91,83.5,3.0,34.1,34.5
282.108,41,111.0,1292.0,50.0,9.0,23.91,83.5,3.0,34.1,34.5
282.197,41,111.0,1292.0,50.0,9.0,23.91,83.5,3.0,32.2,34.5
282.289,41,111.0,1292.0,50.0,9.0,23.91,83.5,3.0,32.2,32.2
282.376,41,111.0,1292.0,50.0,9.0,23.91,83.5,3.0,32.2,32.2
282.467,41,108.0,1292.0,50.0,9.0,23.91,83.5,3.0,32.2,32.2
282.557,41,108.0,1308.0,50.0,9.0,23.91,83.5,3.0,32.2,32.2
282.648,41,108.0,1308.0,51.0,9.0,23.91,83.5,3.0,32.2,32.2
282.737,41,108.0,1308.0,51.0,9.0,23.91,83.5,3.0,32.2,32.2
282.827,41,108.0,1308.0,51.0,9.0,23.58,83.5,3.0,32.2,32.2
282.916,41,108.0,1308.0,51.0,9.0,23.58,83.5,3.0,32.2,32.2
283.008,41,108.0,1308.0,51.0,9.0,23.58,83.5,3.0,32.2,32.2
283.097,41,108.0,1308.0,51.0,9.0,23.58,83.5,3.0,31.4,32.2
283.188,41,108.0,1308.0,51.0,9.0,23.58,83.5,3.0,31.4,31.8
283.277,41,108.0,1308.0,51.0,9.0,23.58,83.5,3.0,31.4,31.8
283.367,41,104.0,1308.0,51.0,9.0,23.58,83.5,3.0,31.4,31.8
283.487,41,104.0,1322.0,51.0,9.0,23.58,83.5,3.0,31.4,31.8
283.577,41,104.0,1322.0,51.0,9.0,23.58,83.5,3.0,31.4,31.8
283.668,41,104.0,1322.0,51.0,9.0,23.58,83.5,3.0,31.4,31.8
283.757,41,104.0,1322.0,51.0,9.0,23.49,83.5,3.0,31.4,31.8
283.847,41,104.0,1322.0,51.0,9.0,23.49,83.5,3.0,31.4,31.8
283.937,41,104.0,1322.0,51.0,9.0,23.49,83.5,3.0,31.4,31.8
284.028,41,104.0,1322.0,51.0,9.0,23.49,83.5,3.0,30.6,31.8
284.117,41,104.0,1322.0,51.0,9.0,23.49,83.5,3.0,30.6,30.6
284.209,41,104.0,1322.0,51.0,9.0,23.49,83.5,3.0,30.6,30.6
284.297,41,103.0,1322.0,51.0,9.0,23.49,83.5,3.0,30.6,30.6
284.387,41,103.0,1323.0,51.0,9.0,23.49,83.5,3.0,30.6,30.6
284.477,41,103.0,1323.0,52.0,9.0,23.49,83.5,3.0,30.6,30.6
284.567,41,103.0,1323.0,52.0,9.0,23.49,83.5,3.0,30.6,30.6
284.657,41,103.0,1323.0,52.0,9.0,23.27,83.5,3.0,30.6,30.6
284.747,41,103.0,1323.0,52.0,9.0,23.27,83.5,3.0,30.6,30.6
284.837,41,103.0,1323.0,52.0,9.0,23.27,83.5,3.0,30.6,30.6
284.928,41,103.0,1323.0,52.0,9.0,23.27,83.5,3.0,31.0,30.6
285.018,41,103.0,1323.0,52.0,9.0,23.27,83.5,3.0,31.0,31.4
285.109,41,103.0,1323.0,52.0,9.0,23.27,83.5,3.0,31.0,31.4
285.197,41,102.0,1323.0,52.0,9.0,23.27,83.5,3.0,31.0,31.4
285.287,41,102.0,1334.0,52.0,9.0,23.27,83.5,3.0,31.0,31.4
285.376,41,102.0,1334.0,52.0,9.0,23.27,83.5,3.0,31.0,31.4
285.467,41,102.0,1334.0,52.0,9.0,23.27,83.5,3.0,31.0,31.4
285.557,41,102.0,1334.0,52.0,9.0,23.33,83.5,3.0,31.0,31.4
285.647,41,102.0,1334.0,52.0,9.0,23.33,83.5,3.0,31.0,31.4
285.738,41,102.0,1334.0,52.0,9.0,23.33,83.5,3.0,31.0,31.4
285.828,41,102.0,1334.0,52.0,9.0,23.33,83.5,3.0,31.4,31.4
285.917,41,102.0,1334.0,52.0,9.0,23.33,83.5,3.0,31.4,31.4
286.008,41,102.0,1334.0,52.0,9.0,23.33,83.5,3.0,31.4,31.4
286.097,41,102.0,1334.0,52.0,9.0,23.33,83.5,3.0,31.4,31.4
286.188,41,102.0,1335.0,52.0,9.0,23.33,83.5,3.0,31.4,31.4
286.277,41,102.0,1335.0,52.0,9.0,23.33,83.5,3.0,31.4,31.4
286.368,41,102.0,1335.0,52.0,9.0,23.33,83.5,3.0,31.4,31.4
286.457,41,102.0,1335.0,52.0,9.0,23.36,83.5,3.0,31.4,31.4
286.547,41,102.0,1335.0,52.0,9.0,23.36,83.5,3.0,31.4,31.4
286.637,41,102.0,1335.0,52.0,9.0,23.36,83.5,3.0,31.4,31.4
286.727,41,102.0,1335.0,52.0,9.0,23.36,83.5,3.0,32.9,31.4
286.817,41,102.0,1335.0,52.0,9.0,23.36,83.5,3.0,32.9,33.3
286.907,41,102.0,1335.0,52.0,9.0,23.36,83.5,3.0,32.9,33.3
286.997,41,103.0,1335.0,52.0,9.0,23.36,83.5,3.0,32.9,33.3
287.088,41,103.0,1343.0,52.0,9.0,23.36,83.5,3.0,32.9,33.3
287.177,41,103.0,1343.0,52.0,9.0,23.36,83.5,3.0,32.9,33.3
287.269,41,103.0,1343.0,52.0,9.0,23.36,83.5,3.0,32.9,33.3
287.357,41,103.0,1343.0,52.0,9.0,23.91,83.5,3.0,32.9,33.3
287.447,41,103.0,1343.0,52.0,9.0,23.91,83.5,3.0,32.9,33.3
287.537,41,103.0,1343.0,52.0,9.0,23.91,83.5,3.0,32.9,33.3
287.627,41,103.0,1343.0,52.0,9.0,23.91,83.5,3.0,33.3,33.3
287.717,41,103.0,1343.0,52.0,9.0,23.91,83.5,3.0,33.3,33.7
287.808,42,103.0,1343.0,52.0,9.0,23.91,83.5,3.0,33.3,33.7
287.898,42,105.0,1343.0,52.0,9.0,23.91,83.5,3.0,33.3,33.7
287.989,42,105.0,1355.0,52.0,9.0,23.91,83.5,3.0,33.3,33.7
288.077,42,105.0,1355.0,53.0,9.0,23.91,83.5,3.0,33.3,33.7
288.167,42,105.0,1355.0,53.0,9.0,23.91,83.5,3.0,33.3,33.7
288.258,42,105.0,1355.0,53.0,9.0,24.27,83.5,3.0,33.3,33.7
288.347,42,105.0,1355.0,53.0,9.0,24.27,83.5,3.0,33.3,33.7
288.437,42,105.0,1355.0,53.0,9.0,24.27,83.5,3.0,33.3,33.7
288.527,42,105.0,1355.0,53.0,9.0,24.27,83.5,3.0,33.3,33.7
288.617,42,105.0,1355.0,53.0,9.0,24.27,83.5,3.0,33.3,33.7
288.707,42,105.0,1355.0,53.0,9.0,24.27,83.5,3.0,33.3,33.7
288.797,42,106.0,1355.0,53.0,9.0,24.27,83.5,3.0,33.3,33.7
288.917,42,106.0,1365.0,53.0,9.0,24.27,83.5,3.0,33.3,33.7
289.007,42,106.0,1365.0,53.0,9.0,24.27,83.5,3.0,33.3,33.7
289.097,42,106.0,1365.0,53.0,9.0,24.27,83.5,3.0,33.3,33.7
289.187,42,106.0,1365.0,53.0,9.0,24.8,83.5,3.0,33.3,33.7
289.277,42,106.0,1365.0,53.0,9.0,24.8,83.5,3.0,33.3,33.7
289.367,42,106.0,1365.0,53.0,9.0,24.8,83.5,3.0,33.3,33.7
289.457,42,106.0,1365.0,53.0,9.0,24.8,83.5,3.0,32.9,33.7
289.547,42,106.0,1365.0,53.0,9.0,24.8,83.5,3.0,32.9,33.3
289.637,42,106.0,1365.0,53.0,9.0,24.8,83.5,3.0,32.9,33.3
289.727,42,106.0,1365.0,53.0,9.0,24.8,83.5,3.0,32.9,33.3
289.817,42,106.0,1381.0,53.0,9.0,24.8,83.5,3.0,32.9,33.3
289.907,42,106.0,1381.0,54.0,9.0,24.8,83.5,3.0,32.9,33.3
289.997,42,106.0,1381.0,54.0,9.0,24.8,83.5,3.0,32.9,33.3
290.087,42,106.0,1381.0,54.0,9.0,24.86,83.5,3.0,32.9,33.3
290.178,42,106.0,1381.0,54.0,9.0,24.86,83.5,3.0,32.9,33.3
290.297,42,106.0,1381.0,54.0,9.0,24.86,83.5,3.0,32.9,33.3
290.395,42,106.0,1381.0,54.0,9.0,24.86,83.5,3.0,32.2,33.3
290.477,42,106.0,1381.0,54.0,9.0,24.86,83.5,3.0,32.2,32.2
290.567,42,106.0,1381.0,54.0,9.0,24.86,83.5,3.0,32.2,32.2
290.657,42,105.0,1381.0,54.0,9.0,24.86,83.5,3.0,32.2,32.2
290.747,42,105.0,1381.0,54.0,9.0,24.86,83.5,3.0,32.2,32.2
290.837,42,105.0,1381.0,54.0,9.0,24.86,83.5,3.0,32.2,32.2
290.927,42,105.0,1381.0,54.0,9.0,24.86,83.5,3.0,32.2,32.2
291.017,42,105.0,1381.0,54.0,9.0,24.74,83.5,3.0,32.2,32.2
291.107,42,105.0,1381.0,54.0,9.0,24.74,83.5,3.0,32.2,32.2
291.197,42,105.0,1381.0,54.0,9.0,24.74,83.5,3.0,32.2,32.2
291.287,42,105.0,1381.0,54.0,9.0,24.74,83.5,3.0,29.8,32.2
291.376,42,105.0,1381.0,54.0,9.0,24.74,83.5,3.0,29.8,29.8
291.467,42,105.0,1381.0,54.0,9.0,24.74,83.5,3.0,29.8,29.8
291.557,42,104.0,1381.0,54.0,9.0,24.74,83.5,3.0,29.8,29.8
291.648,42,104.0,1385.0,54.0,9.0,24.74,83.5,3.0,29.8,29.8
291.737,42,104.0,1385.0,54.0,9.0,24.74,83.5,3.0,29.8,29.8
291.827,42,104.0,1385.0,54.0,9.0,24.74,83.5,3.0,29.8,29.8
291.917,42,104.0,1385.0,54.0,9.0,24.49,83.5,3.0,29.8,29.8
292.007,42,104.0,1385.0,54.0,9.0,24.49,83.5,3.0,29.8,29.8
292.097,42,104.0,1385.0,54.0,9.0,24.49,83.5,3.0,29.8,29.8
292.187,42,104.0,1385.0,54.0,9.0,24.49,83.5,3.0,29.8,29.8
292.277,42,104.0,1385.0,54.0,9.0,24.49,83.5,3.0,29.8,29.8
292.367,42,104.0,1385.0,54.0,9.0,24.49,83.5,3.0,29.8,29.8
292.457,42,102.0,1385.0,54.0,9.0,24.49,83.5,3.0,29.8,29.8
292.547,42,102.0,1380.0,54.0,9.0,24.49,83.5,3.0,29.8,29.8
292.637,42,102.0,1380.0,54.0,9.0,24.49,83.5,3.0,29.8,29.8
292.758,42,102.0,1380.0,54.0,9.0,24.49,83.5,3.0,29.8,29.8
292.847,42,102.0,1380.0,54.0,9.0,24.24,83.5,3.0,29.8,29.8
292.937,42,102.0,1380.0,54.0,9.0,24.24,83.5,3.0,29.8,29.8
293.027,42,102.0,1380.0,54.0,9.0,24.24,83.5,3.0,29.8,29.8
293.117,42,102.0,1380.0,54.0,9.0,24.24,83.5,3.0,29.8,29.8
293.207,42,102.0,1380.0,54.0,9.0,24.24,83.5,3.0,29.8,29.8
293.298,42,102.0,1380.0,54.0,9.0,24.24,83.5,3.0,29.8,29.8
293.387,42,102.0,1380.0,54.0,9.0,24.24,83.5,3.0,29.8,29.8
293.477,42,102.0,1378.0,54.0,9.0,24.24,83.5,3.0,29.8,29.8
293.569,42,102.0,1378.0,54.0,9.0,24.24,83.5,3.0,29.8,29.8
293.657,42,102.0,1378.0,54.0,9.0,24.24,83.5,3.0,29.8,29.8
293.747,42,102.0,1378.0,54.0,9.0,24.08,83.5,3.0,29.8,29.8
293.837,42,102.0,1378.0,54.0,9.0,24.08,83.5,3.0,29.8,29.8
293.927,42,102.0,1378.0,54.0,9.0,24.08,83.5,3.0,29.8,29.8
294.018,42,102.0,1378.0,54.0,9.0,24.08,83.5,3.0,30.6,29.8
294.107,42,102.0,1378.0,54.0,9.0,24.08,83.5,3.0,30.6,31.0
294.197,42,102.0,1378.0,54.0,9.0,24.08,83.5,3.0,30.6,31.0
294.287,42,102.0,1378.0,54.0,9.0,24.08,83.5,3.0,30.6,31.0
294.377,42,102.0,1376.0,54.0,9.0,24.08,83.5,3.0,30.6,31.0
294.467,42,102.0,1376.0,54.0,9.0,24.08,83.5,3.0,30.6,31.0
294.557,42,102.0,1376.0,54.0,9.0,24.08,83.5,3.0,30.6,31.0
294.647,42,102.0,1376.0,54.0,9.0,23.94,83.5,3.0,30.6,31.0
294.737,42,102.0,1376.0,54.0,9.0,23.94,83.5,3.0,30.6,31.0
294.828,42,102.0,1376.0,54.0,9.0,23.94,83.5,3.0,30.6,31.0
294.916,42,102.0,1376.0,54.0,9.0,23.94,83.5,3.0,31.0,31.0
295.007,42,102.0,1376.0,54.0,9.0,23.94,83.5,3.0,31.0,31.0
295.097,42,102.0,1376.0,54.0,9.0,23.94,83.5,3.0,31.0,31.0
295.187,42,103.0,1376.0,54.0,9.0,23.94,83.5,3.0,31.0,31.0
295.277,42,103.0,1377.0,54.0,9.0,23.94,83.5,3.0,31.0,31.0
295.366,42,103.0,1377.0,54.0,9.0,23.94,83.5,3.0,31.0,31.0
295.457,42,103.0,1377.0,54.0,9.0,23.94,83.5,3.0,31.0,31.0
295.547,42,103.0,1377.0,54.0,9.0,24.24,83.5,3.0,31.0,31.0
295.637,42,103.0,1377.0,54.0,9.0,24.24,83.5,3.0,31.0,31.0
295.727,42,103.0,1377.0,54.0,9.0,24.24,83.5,3.0,31.0,31.0
295.817,42,103.0,1377.0,54.0,9.0,24.24,83.5,3.0,31.0,31.0
295.907,42,103.0,1377.0,54.0,9.0,24.24,83.5,3.0,31.0,31.0
295.997,42,103.0,1377.0,54.0,9.0,24.24,83.5,3.0,31.0,31.0
296.087,42,103.0,1377.0,54.0,9.0,24.24,83.5,3.0,31.0,31.0
296.177,42,103.0,1377.0,54.0,9.0,24.24,83.5,3.0,31.0,31.0
296.268,42,103.0,1377.0,53.0,9.0,24.24,83.5,3.0,31.0,31.0
296.357,42,103.0,1377.0,53.0,9.0,24.24,83.5,3.0,31.0,31.0
296.447,42,103.0,1377.0,53.0,9.0,24.24,83.5,3.0,31.0,31.0
296.537,42,103.0,1377.0,53.0,9.0,24.24,83.5,3.0,31.0,31.0
296.627,42,103.0,1377.0,53.0,9.0,24.24,83.5,3.0,31.0,31.0
296.717,42,103.0,1377.0,53.0,9.0,24.24,83.5,3.0,30.6,31.0
296.807,42,103.0,1377.0,53.0,9.0,24.24,83.5,3.0,30.6,31.0
296.898,42,103.0,1377.0,53.0,9.0,24.24,83.5,3.0,30.6,31.0
296.987,42,103.0,1377.0,53.0,9.0,24.24,83.5,3.0,30.6,31.0
297.077,42,103.0,1374.0,53.0,9.0,24.24,83.5,3.0,30.6,31.0
297.167,42,103.0,1374.0,53.0,9.0,24.24,83.5,3.0,30.6,31.0
297.262,42,103.0,1374.0,53.0,9.0,24.24,83.5,3.0,30.6,31.0
297.346,42,103.0,1374.0,53.0,9.0,24.52,83.5,3.0,30.6,31.0
297.436,42,103.0,1374.0,53.0,9.0,24.52,83.5,3.0,30.6,31.0
297.526,42,103.0,1374.0,53.0,9.0,24.52,83.5,3.0,30.6,31.0
297.617,42,103.0,1374.0,53.0,9.0,24.52,83.5,3.0,30.6,31.0
297.709,42,103.0,1374.0,53.0,9.0,24.52,83.5,3.0,30.6,30.6
297.797,42,103.0,1374.0,53.0,9.0,24.52,83.5,3.0,30.6,30.6
297.887,42,103.0,1374.0,53.0,9.0,24.52,83.5,3.0,30.6,30.6
297.977,42,103.0,1371.0,53.0,9.0,24.52,83.5,3.0,30.6,30.6
298.067,42,103.0,1371.0,53.0,9.0,24.52,83.5,3.0,30.6,30.6
298.158,42,103.0,1371.0,53.0,9.0,24.52,83.5,3.0,30.6,30.6
298.263,42,103.0,1371.0,53.0,9.0,23.88,83.5,3.0,30.6,30.6
298.336,42,103.0,1371.0,53.0,9.0,23.88,83.5,3.0,30.6,30.6
298.427,42,103.0,1371.0,53.0,9.0,23.88,83.5,3.0,30.6,30.6
298.517,42,103.0,1371.0,53.0,9.0,23.88,83.5,3.0,28.6,30.6
298.608,42,103.0,1371.0,53.0,9.0,23.88,83.5,3.0,28.6,28.6
298.697,42,103.0,1371.0,53.0,9.0,23.88,83.5,3.0,28.6,28.6
298.787,42,102.0,1371.0,53.0,9.0,23.88,83.5,3.0,28.6,28.6
298.877,42,102.0,1360.0,53.0,9.0,23.88,83.5,3.0,28.6,28.6
298.967,42,102.0,1360.0,53.0,9.0,23.88,83.5,3.0,28.6,28.6
299.057,42,102.0,1360.0,53.0,9.0,23.88,83.5,3.0,28.6,28.6
299.147,42,102.0,1360.0,53.0,9.0,23.74,83.5,3.0,28.6,28.6
299.237,42,102.0,1360.0,53.0,9.0,23.74,83.5,3.0,28.6,28.6
299.327,42,102.0,1360.0,53.0,9.0,23.74,83.5,3.0,28.6,28.6
299.417,42,102.0,1360.0,53.0,9.0,23.74,83.5,3.0,29.0,28.6
299.509,42,102.0,1360.0,53.0,9.0,23.74,83.5,3.0,29.0,29.8
299.597,43,102.0,1360.0,53.0,9.0,23.74,83.5,3.0,29.0,29.8
299.687,43,101.0,1360.0,53.0,9.0,23.74,83.5,3.0,29.0,29.8
299.781,43,101.0,1355.0,53.0,9.0,23.74,83.5,3.0,29.0,29.8
299.927,43,101.0,1355.0,53.0,9.0,23.74,83.5,3.0,29.0,29.8
300.018,43,101.0,1355.0,53.0,9.0,23.74,83.5,3.0,29.0,29.8
300.107,43,101.0,1355.0,53.0,9.0,23.66,83.5,3.0,29.0,29.8
300.198,43,101.0,1355.0,53.0,9.0,23.66,83.5,3.0,29.0,29.8
300.288,43,101.0,1355.0,53.0,9.0,23.66,83.5,3.0,29.0,29.8
300.376,43,101.0,1355.0,53.0,9.0,23.66,83.5,3.0,32.9,29.8
300.496,43,101.0,1355.0,53.0,9.0,23.66,83.5,3.0,32.9,33.7
300.586,43,101.0,1355.0,53.0,9.0,23.66,83.5,3.0,32.9,33.7
300.676,43,104.0,1355.0,53.0,9.0,23.66,83.5,3.0,32.9,33.7
300.766,43,104.0,1360.0,53.0,9.0,23.66,83.5,3.0,32.9,33.7
300.856,43,104.0,1360.0,53.0,9.0,23.66,83.5,3.0,32.9,33.7
300.947,43,104.0,1360.0,53.0,8.0,23.66,83.5,3.0,32.9,33.7
301.037,43,104.0,1360.0,53.0,8.0,24.74,83.5,3.0,32.9,33.7
301.128,43,104.0,1360.0,53.0,8.0,24.74,83.5,3.0,32.9,33.7
301.218,43,104.0,1360.0,53.0,8.0,24.74,83.5,3.0,32.9,33.7
301.308,43,104.0,1360.0,53.0,8.0,24.74,83.5,3.0,34.1,33.7
301.396,43,104.0,1360.0,53.0,8.0,24.74,83.5,3.0,34.1,34.1
301.487,43,104.0,1360.0,53.0,8.0,24.74,83.5,3.0,34.1,34.1
301.577,43,109.0,1360.0,53.0,8.0,24.74,83.5,3.0,34.1,34.1
301.667,43,109.0,1363.0,53.0,8.0,24.74,83.5,3.0,34.1,34.1
301.757,43,109.0,1363.0,53.0,8.0,24.74,83.5,3.0,34.1,34.1
301.847,43,109.0,1363.0,53.0,9.0,24.74,83.5,3.0,34.1,34.1
301.937,43,109.0,1363.0,53.0,9.0,25.36,83.5,3.0,34.1,34.1
302.027,43,109.0,1363.0,53.0,9.0,25.36,83.5,3.0,34.1,34.1
302.117,43,109.0,1363.0,53.0,9.0,25.36,83.5,3.0,34.1,34.1
302.207,43,109.0,1363.0,53.0,9.0,25.36,83.5,3.0,33.7,34.1
302.298,43,109.0,1363.0,53.0,9.0,25.36,83.5,3.0,33.7,34.1
302.386,43,109.0,1363.0,53.0,9.0,25.36,83.5,3.0,33.7,34.1
302.477,43,111.0,1363.0,53.0,9.0,25.36,83.5,3.0,33.7,34.1
302.567,43,111.0,1377.0,53.0,9.0,25.36,83.5,3.0,33.7,34.1
302.659,43,111.0,1377.0,53.0,9.0,25.36,83.5,3.0,33.7,34.1
302.748,43,111.0,1377.0,53.0,9.0,25.36,83.5,3.0,33.7,34.1
302.837,43,111.0,1377.0,53.0,9.0,25.66,83.5,3.0,33.7,34.1
302.928,43,111.0,1377.0,53.0,9.0,25.66,83.5,3.0,33.7,34.1
303.017,43,111.0,1377.0,53.0,9.0,25.66,83.5,3.0,33.7,34.1
303.107,43,111.0,1377.0,53.0,9.0,25.66,83.5,3.0,34.1,34.1
303.197,43,111.0,1377.0,53.0,9.0,25.66,83.5,3.0,34.1,34.5
303.287,43,111.0,1377.0,53.0,9.0,25.66,83.5,3.0,34.1,34.5
303.376,43,110.0,1377.0,53.0,9.0,25.66,83.5,3.0,34.1,34.5
303.497,43,110.0,1384.0,53.0,9.0,25.66,83.5,3.0,34.1,34.5
303.587,43,110.0,1384.0,54.0,9.0,25.66,83.5,3.0,34.1,34.5
303.707,43,110.0,1384.0,54.0,9.0,25.66,83.5,3.0,34.1,34.5
303.796,43,110.0,1384.0,54.0,9.0,26.02,83.5,3.0,34.1,34.5
303.887,43,110.0,1384.0,54.0,9.0,26.02,83.5,3.0,34.1,34.5
303.977,43,110.0,1384.0,54.0,9.0,26.02,83.5,3.0,34.1,34.5
304.066,43,110.0,1384.0,54.0,9.0,26.02,83.5,3.0,34.1,34.5
304.156,43,110.0,1384.0,54.0,9.0,26.02,83.5,3.0,34.1,34.5
304.246,43,110.0,1384.0,54.0,9.0,26.02,83.5,3.0,34.1,34.5
304.336,43,110.0,1384.0,54.0,9.0,26.02,83.5,3.0,34.1,34.5
304.397,43,110.0,1400.0,54.0,9.0,26.02,83.5,3.0,34.1,34.5
304.486,43,110.0,1400.0,54.0,9.0,26.02,83.5,3.0,34.1,34.5
304.577,43,110.0,1400.0,54.0,9.0,26.02,83.5,3.0,34.1,34.5
304.666,43,110.0,1400.0,54.0,9.0,26.13,83.5,3.0,34.1,34.5
304.756,43,110.0,1400.0,54.0,9.0,26.13,83.5,3.0,34.1,34.5
304.846,43,110.0,1400.0,54.0,9.0,26.13,83.5,3.0,34.1,34.5
304.966,43,110.0,1400.0,54.0,9.0,26.13,83.5,3.0,34.1,34.5
305.056,43,110.0,1400.0,54.0,9.0,26.13,83.5,3.0,34.1,34.1
305.147,43,110.0,1400.0,54.0,9.0,26.13,83.5,3.0,34.1,34.1
305.237,43,109.0,1400.0,54.0,9.0,26.13,83.5,3.0,34.1,34.1
305.297,43,109.0,1418.0,54.0,9.0,26.13,83.5,3.0,34.1,34.1
305.386,43,109.0,1418.0,55.0,9.0,26.13,83.5,3.0,34.1,34.1
305.476,43,109.0,1418.0,55.0,9.0,26.13,83.5,3.0,34.1,34.1
305.567,43,109.0,1418.0,55.0,9.0,26.08,83.5,3.0,34.1,34.1
305.658,43,109.0,1418.0,55.0,9.0,26.08,83.5,3.0,34.1,34.1
305.748,43,109.0,1418.0,55.0,9.0,26.08,83.5,3.0,34.1,34.1
305.837,43,109.0,1418.0,55.0,9.0,26.08,83.5,3.0,17.6,34.1
305.926,43,109.0,1418.0,55.0,9.0,26.08,83.5,3.0,17.6,14.5
306.016,43,109.0,1418.0,55.0,9.0,26.08,83.5,3.0,17.6,14.5
306.107,43,105.0,1418.0,55.0,9.0,26.08,83.5,3.0,17.6,14.5
306.196,43,105.0,1404.0,55.0,9.0,26.08,83.5,3.0,17.6,14.5
306.286,43,105.0,1404.0,54.0,9.0,26.08,83.5,3.0,17.6,14.5
306.376,43,105.0,1404.0,54.0,9.0,26.08,83.5,3.0,17.6,14.5
306.466,43,105.0,1404.0,54.0,9.0,25.44,83.5,3.0,17.6,14.5
306.556,43,105.0,1404.0,54.0,9.0,25.44,83.5,3.0,17.6,14.5
306.646,43,105.0,1404.0,54.0,9.0,25.44,83.5,3.0,17.6,14.5
306.736,43,105.0,1404.0,54.0,9.0,25.44,83.5,3.0,14.1,14.5
306.797,43,105.0,1404.0,54.0,9.0,25.44,83.5,3.0,14.1,14.1
306.886,43,105.0,1404.0,54.0,9.0,25.44,83.5,3.0,14.1,14.1
306.976,43,110.0,1404.0,54.0,9.0,25.44,83.5,3.0,14.1,14.1
307.067,43,110.0,1312.0,54.0,9.0,25.44,83.5,3.0,14.1,14.1
307.157,43,110.0,1312.0,51.0,9.0,25.44,83.5,3.0,14.1,14.1
307.247,43,110.0,1312.0,51.0,9.0,25.44,83.5,3.0,14.1,14.1
307.337,43,110.0,1312.0,51.0,9.0,23.88,83.5,3.0,14.1,14.1
307.426,43,110.0,1312.0,51.0,9.0,23.88,83.5,3.0,14.1,14.1
307.516,43,110.0,1312.0,51.0,9.0,23.88,83.5,3.0,14.1,14.1
307.606,43,110.0,1312.0,51.0,9.0,23.88,83.5,3.0,14.1,14.1
307.697,43,110.0,1312.0,51.0,9.0,23.88,83.5,3.0,14.1,14.5
307.786,43,110.0,1312.0,51.0,9.0,23.88,83.5,3.0,14.1,14.5
307.876,43,110.0,1312.0,51.0,9.0,23.88,83.5,3.0,14.1,14.5
307.966,43,110.0,1243.0,51.0,9.0,23.88,83.5,3.0,14.1,14.5
308.057,43,110.0,1243.0,48.0,9.0,23.88,83.5,3.0,14.1,14.5
308.147,43,110.0,1243.0,48.0,8.0,23.88,83.5,3.0,14.1,14.5
308.238,43,110.0,1243.0,48.0,8.0,22.99,83.5,3.0,14.1,14.5
308.3,43,110.0,1243.0,48.0,8.0,22.99,83.5,3.0,14.1,14.5
308.386,43,110.0,1243.0,48.0,8.0,22.99,83.5,3.0,14.1,14.5
308.507,43,110.0,1243.0,48.0,8.0,22.99,83.5,3.0,26.7,14.5
308.597,43,110.0,1243.0,48.0,8.0,22.99,83.5,3.0,26.7,28.2
308.687,43,110.0,1243.0,48.0,8.0,22.99,83.5,3.0,26.7,28.2
308.749,43,106.0,1243.0,48.0,8.0,22.99,83.5,3.0,26.7,28.2
308.837,43,106.0,1233.0,48.0,8.0,22.99,83.5,3.0,26.7,28.2
308.9,43,106.0,1233.0,48.0,8.0,22.99,83.5,3.0,26.7,28.2
308.987,43,106.0,1233.0,48.0,8.0,22.99,83.5,3.0,26.7,28.2
309.077,43,106.0,1233.0,48.0,8.0,21.83,83.5,3.0,26.7,28.2
309.167,43,106.0,1233.0,48.0,8.0,21.83,83.5,3.0,26.7,28.2
309.258,43,106.0,1233.0,48.0,8.0,21.83,83.5,3.0,26.7,28.2
309.347,43,106.0,1233.0,48.0,8.0,21.83,83.5,3.0,42.0,28.2
309.437,43,106.0,1233.0,48.0,8.0,21.83,83.5,3.0,42.0,43.5
309.498,43,106.0,1233.0,48.0,8.0,21.83,83.5,3.0,42.0,43.5
309.587,43,110.0,1233.0,48.0,8.0,21.83,83.5,3.0,42.0,43.5
309.648,43,110.0,1262.0,48.0,8.0,21.83,83.5,3.0,42.0,43.5
309.737,43,110.0,1262.0,49.0,8.0,21.83,83.5,3.0,42.0,43.5
309.827,43,110.0,1262.0,49.0,8.0,21.83,83.5,3.0,42.0,43.5
309.947,43,110.0,1262.0,49.0,8.0,24.97,83.5,3.0,42.0,43.5
310.037,43,110.0,1262.0,49.0,8.0,24.97,83.5,3.0,42.0,43.5
310.127,43,110.0,1262.0,49.0,8.0,24.97,83.5,3.0,42.0,43.5
310.217,43,110.0,1262.0,49.0,8.0,24.97,83.5,3.0,43.9,43.5
310.306,43,110.0,1262.0,49.0,8.0,24.97,83.5,3.0,43.9,44.3
310.397,43,110.0,1262.0,49.0,8.0,24.97,83.5,3.0,43.9,44.3
310.487,43,127.0,1262.0,49.0,8.0,24.97,83.5,3.0,43.9,44.3
310.577,43,127.0,1316.0,49.0,8.0,24.97,83.5,3.0,43.9,44.3
310.667,43,127.0,1316.0,51.0,8.0,24.97,83.5,3.0,43.9,44.3
310.757,43,127.0,1316.0,51.0,9.0,24.97,83.5,3.0,43.9,44.3
310.847,43,127.0,1316.0,51.0,9.0,29.16,83.5,3.0,43.9,44.3
310.937,43,127.0,1316.0,51.0,9.0,29.16,83.5,3.0,43.9,44.3
311.028,43,127.0,1316.0,51.0,9.0,29.16,83.5,3.0,43.9,44.3
311.118,43,127.0,1316.0,51.0,9.0,29.16,83.5,3.0,41.6,44.3
311.207,43,127.0,1316.0,51.0,9.0,29.16,83.5,3.0,41.6,41.6
311.298,44,127.0,1316.0,51.0,9.0,29.16,83.5,3.0,41.6,41.6
311.386,44,136.0,1316.0,51.0,9.0,29.16,83.5,3.0,41.6,41.6
311.507,44,136.0,1360.0,51.0,9.0,29.16,83.5,3.0,41.6,41.6
311.597,44,136.0,1360.0,53.0,9.0,29.16,83.5,3.0,41.6,41.6
311.687,44,136.0,1360.0,53.0,9.0,29.16,83.5,3.0,41.6,41.6
311.778,44,136.0,1360.0,53.0,9.0,27.77,83.5,3.0,41.6,41.6
311.867,44,136.0,1360.0,53.0,9.0,27.77,83.5,3.0,41.6,41.6
311.957,44,136.0,1360.0,53.0,9.0,27.77,83.5,3.0,41.6,41.6
312.047,44,136.0,1360.0,53.0,9.0,27.77,83.5,3.0,35.3,41.6
312.137,44,136.0,1360.0,53.0,9.0,27.77,83.5,3.0,35.3,35.7
312.227,44,136.0,1360.0,53.0,9.0,27.77,83.5,3.0,35.3,35.7
312.317,44,113.0,1360.0,53.0,9.0,27.77,83.5,3.0,35.3,35.7
312.407,44,113.0,1394.0,53.0,9.0,27.77,83.5,3.0,35.3,35.7
312.497,44,113.0,1394.0,54.0,9.0,27.77,83.5,3.0,35.3,35.7
312.587,44,113.0,1394.0,54.0,9.0,27.77,83.5,3.0,35.3,35.7
312.648,44,113.0,1394.0,54.0,9.0,25.83,83.5,3.0,35.3,35.7
312.737,44,113.0,1394.0,54.0,9.0,25.83,83.5,3.0,35.3,35.7
312.798,44,113.0,1394.0,54.0,9.0,25.83,83.5,3.0,35.3,35.7
312.888,44,113.0,1394.0,54.0,9.0,25.83,83.5,3.0,34.9,35.7
312.977,44,113.0,1394.0,54.0,9.0,25.83,83.5,3.0,34.9,35.3
313.068,44,113.0,1394.0,54.0,9.0,25.83,83.5,3.0,34.9,35.3
313.157,44,107.0,1394.0,54.0,9.0,25.83,83.5,3.0,34.9,35.3
313.247,44,107.0,1407.0,54.0,9.0,25.83,83.5,3.0,34.9,35.3
313.336,44,107.0,1407.0,55.0,9.0,25.83,83.5,3.0,34.9,35.3
313.398,44,107.0,1407.0,55.0,9.0,25.83,83.5,3.0,34.9,35.3
313.486,44,107.0,1407.0,55.0,9.0,25.58,83.5,3.0,34.9,35.3
313.577,44,107.0,1407.0,55.0,9.0,25.58,83.5,3.0,34.9,35.3
313.667,44,107.0,1407.0,55.0,9.0,25.58,83.5,3.0,34.9,35.3
313.757,44,107.0,1407.0,55.0,9.0,25.58,83.5,3.0,34.1,35.3
313.847,44,107.0,1407.0,55.0,9.0,25.58,83.5,3.0,34.1,34.5
313.938,44,107.0,1407.0,55.0,9.0,25.58,83.5,3.0,34.1,34.5
314.027,44,105.0,1407.0,55.0,9.0,25.58,83.5,3.0,34.1,34.5
314.117,44,105.0,1424.0,55.0,9.0,25.58,83.5,3.0,34.1,34.5
314.208,44,105.0,1424.0,55.0,9.0,25.58,83.5,3.0,34.1,34.5
314.297,44,105.0,1424.0,55.0,8.0,25.58,83.5,3.0,34.1,34.5
314.386,44,105.0,1424.0,55.0,8.0,25.36,83.5,3.0,34.1,34.5
314.477,44,105.0,1424.0,55.0,8.0,25.36,83.5,3.0,34.1,34.5
314.567,44,105.0,1424.0,55.0,8.0,25.36,83.5,3.0,34.1,34.5
314.657,44,105.0,1424.0,55.0,8.0,25.36,83.5,3.0,32.2,34.5
314.748,44,105.0,1424.0,55.0,8.0,25.36,83.5,3.0,32.2,32.5
314.837,44,105.0,1424.0,55.0,8.0,25.36,83.5,3.0,32.2,32.5
314.958,44,104.0,1424.0,55.0,8.0,25.36,83.5,3.0,32.2,32.5
315.047,44,104.0,1423.0,55.0,8.0,25.36,83.5,3.0,32.2,32.5
315.137,44,104.0,1423.0,55.0,8.0,25.36,83.5,3.0,32.2,32.5
315.227,44,104.0,1423.0,55.0,8.0,25.36,83.5,3.0,32.2,32.5
315.317,44,104.0,1423.0,55.0,8.0,25.38,83.5,3.0,32.2,32.5
315.407,44,104.0,1423.0,55.0,8.0,25.38,83.5,3.0,32.2,32.5
315.497,44,104.0,1423.0,55.0,8.0,25.38,83.5,3.0,32.2,32.5
315.587,44,104.0,1423.0,55.0,8.0,25.38,83.5,3.0,28.6,32.5
315.677,44,104.0,1423.0,55.0,8.0,25.38,83.5,3.0,28.6,28.2
315.767,44,104.0,1423.0,55.0,8.0,25.38,83.5,3.0,28.6,28.2
315.857,44,102.0,1423.0,55.0,8.0,25.38,83.5,3.0,28.6,28.2
315.947,44,102.0,1419.0,55.0,8.0,25.38,83.5,3.0,28.6,28.2
316.037,44,102.0,1419.0,56.0,8.0,25.38,83.5,3.0,28.6,28.2
316.128,44,102.0,1419.0,56.0,8.0,25.38,83.5,3.0,28.6,28.2
316.217,44,102.0,1419.0,56.0,8.0,24.38,83.5,3.0,28.6,28.2
316.307,44,102.0,1419.0,56.0,8.0,24.38,83.5,3.0,28.6,28.2
316.396,44,102.0,1419.0,56.0,8.0,24.38,83.5,3.0,28.6,28.2
316.487,44,102.0,1419.0,56.0,8.0,24.38,83.5,3.0,14.1,28.2
316.577,44,102.0,1419.0,56.0,8.0,24.38,83.5,3.0,14.1,14.5
316.667,44,102.0,1419.0,56.0,8.0,24.38,83.5,3.0,14.1,14.5
316.757,44,105.0,1419.0,56.0,8.0,24.38,83.5,3.0,14.1,14.5
316.847,44,105.0,1224.0,56.0,8.0,24.38,83.5,3.0,14.1,14.5
316.937,44,105.0,1224.0,54.0,8.0,24.38,83.5,3.0,14.1,14.5
317.027,44,105.0,1224.0,54.0,8.0,24.38,83.5,3.0,14.1,14.5
317.089,44,105.0,1224.0,54.0,8.0,18.05,83.5,3.0,14.1,14.5
317.177,44,105.0,1224.0,54.0,8.0,18.05,83.5,3.0,14.1,14.5
317.267,44,105.0,1224.0,54.0,8.0,18.05,83.5,3.0,14.1,14.5
317.357,44,105.0,1224.0,54.0,8.0,18.05,83.5,3.0,14.1,14.5
317.476,44,105.0,1224.0,54.0,8.0,18.05,83.5,3.0,14.1,14.5
317.567,44,105.0,1224.0,54.0,8.0,18.05,83.5,3.0,14.1,14.5
317.656,44,108.0,1224.0,54.0,8.0,18.05,83.5,3.0,14.1,14.5
317.747,44,108.0,1088.0,54.0,8.0,18.05,83.5,3.0,14.1,14.5
317.836,44,108.0,1088.0,53.0,8.0,18.05,83.5,3.0,14.1,14.5
317.926,44,108.0,1088.0,53.0,6.0,18.05,83.5,3.0,14.1,14.5
318.016,44,108.0,1088.0,53.0,6.0,20.27,83.5,3.0,14.1,14.5
318.106,44,108.0,1088.0,53.0,6.0,20.27,83.5,3.0,14.1,14.5
318.197,44,108.0,1088.0,53.0,6.0,20.27,83.5,3.0,14.1,14.5
318.287,44,108.0,1088.0,53.0,6.0,20.27,83.5,3.0,14.1,14.5
318.378,44,108.0,1088.0,53.0,6.0,20.27,83.5,3.0,14.1,14.5
318.467,44,108.0,1088.0,53.0,6.0,20.27,83.5,3.0,14.1,14.5
318.557,44,101.0,1088.0,53.0,6.0,20.27,83.5,3.0,14.1,14.5
318.647,44,101.0,1404.0,53.0,6.0,20.27,83.5,3.0,14.1,14.5
318.737,44,101.0,1404.0,51.0,6.0,20.27,83.5,3.0,14.1,14.5
318.827,44,101.0,1404.0,51.0,8.0,20.27,83.5,3.0,14.1,14.5
318.918,44,101.0,1404.0,51.0,8.0,27.27,83.5,3.0,14.1,14.5
319.009,44,101.0,1404.0,51.0,8.0,27.27,83.5,3.0,14.1,14.5
319.097,44,101.0,1404.0,51.0,8.0,27.27,83.5,3.0,14.1,14.5
319.187,44,101.0,1404.0,51.0,8.0,27.27,83.5,3.0,14.1,14.5
319.277,44,101.0,1404.0,51.0,8.0,27.27,83.5,3.0,14.1,14.5
319.367,44,101.0,1404.0,51.0,8.0,27.27,83.5,3.0,14.1,14.5
319.457,44,111.0,1404.0,51.0,8.0,27.27,83.5,3.0,14.1,14.5
319.547,44,111.0,1789.0,51.0,8.0,27.27,83.5,3.0,14.1,14.5
319.637,44,111.0,1789.0,48.0,8.0,27.27,83.5,3.0,14.1,14.5
319.727,44,111.0,1789.0,48.0,10.0,27.27,83.5,3.0,14.1,14.5
319.787,44,111.0,1789.0,48.0,10.0,34.83,83.5,3.0,14.1,14.5
319.877,44,111.0,1789.0,48.0,10.0,34.83,83.5,3.0,14.1,14.5
319.967,44,111.0,1789.0,48.0,10.0,34.83,83.5,3.0,14.1,14.5
320.057,44,111.0,1789.0,48.0,10.0,34.83,83.5,3.0,14.1,14.5
320.148,44,111.0,1789.0,48.0,10.0,34.83,83.5,3.0,14.1,14.5
320.237,44,111.0,1789.0,48.0,10.0,34.83,83.5,3.0,14.1,14.5
320.327,44,119.0,1789.0,48.0,10.0,34.83,83.5,3.0,14.1,14.5
320.417,44,119.0,1709.0,48.0,10.0,34.83,83.5,3.0,14.1,14.5
320.507,44,119.0,1709.0,46.0,10.0,34.83,83.5,3.0,14.1,14.5
320.597,44,119.0,1709.0,46.0,10.0,34.83,83.5,3.0,14.1,14.5
320.687,44,119.0,1709.0,46.0,10.0,34.33,83.5,3.0,14.1,14.5
320.777,44,119.0,1709.0,46.0,10.0,34.33,83.5,3.0,14.1,14.5
320.867,44,119.0,1709.0,46.0,10.0,34.33,83.5,3.0,14.1,14.5
320.957,44,119.0,1709.0,46.0,10.0,34.33,83.5,3.0,14.1,14.5
321.047,44,119.0,1709.0,46.0,10.0,34.33,83.5,3.0,14.1,14.5
321.137,44,119.0,1709.0,46.0,10.0,34.33,83.5,3.0,14.1,14.5
321.227,44,119.0,1709.0,46.0,10.0,34.33,83.5,3.0,14.1,14.5
321.322,44,119.0,1601.0,46.0,10.0,34.33,83.5,3.0,14.1,14.5
321.407,44,119.0,1601.0,43.0,10.0,34.33,83.5,3.0,14.1,14.5
321.497,44,119.0,1601.0,43.0,9.0,34.33,83.5,3.0,14.1,14.5
321.587,44,119.0,1601.0,43.0,9.0,31.66,83.5,3.0,14.1,14.5
321.677,44,119.0,1601.0,43.0,9.0,31.66,83.5,3.0,14.1,14.5
321.738,44,119.0,1601.0,43.0,9.0,31.66,83.5,3.0,14.1,14.5
321.827,44,119.0,1601.0,43.0,9.0,31.66,83.5,3.0,17.3,14.5
321.888,44,119.0,1601.0,43.0,9.0,31.66,83.5,3.0,17.3,19.2
322.008,44,119.0,1601.0,43.0,9.0,31.66,83.5,3.0,17.3,19.2
322.097,44,117.0,1601.0,43.0,9.0,31.66,83.5,3.0,17.3,19.2
322.187,44,117.0,1535.0,43.0,9.0,31.66,83.5,3.0,17.3,19.2
322.277,44,117.0,1535.0,40.0,9.0,31.66,83.5,3.0,17.3,19.2
322.366,44,117.0,1535.0,40.0,9.0,31.66,83.5,3.0,17.3,19.2
322.456,44,117.0,1535.0,40.0,9.0,28.24,83.5,3.0,17.3,19.2
322.547,44,117.0,1535.0,40.0,9.0,28.24,83.5,3.0,17.3,19.2
322.637,44,117.0,1535.0,40.0,9.0,28.24,83.5,3.0,17.3,19.2
322.727,44,117.0,1535.0,40.0,9.0,28.24,83.5,3.0,29.8,19.2
322.817,44,117.0,1535.0,40.0,9.0,28.24,83.5,3.0,29.8,29.8
322.907,45,117.0,1535.0,40.0,9.0,28.24,83.5,3.0,29.8,29.8
322.997,45,104.0,1535.0,40.0,9.0,28.24,83.5,3.0,29.8,29.8
323.087,45,104.0,1494.0,40.0,9.0,28.24,83.5,3.0,29.8,29.8
323.177,45,104.0,1494.0,40.0,9.0,28.24,83.5,3.0,29.8,29.8
323.266,45,104.0,1494.0,40.0,8.0,28.24,83.5,3.0,29.8,29.8
323.356,45,104.0,1494.0,40.0,8.0,26.27,83.5,3.0,29.8,29.8
323.446,45,104.0,1494.0,40.0,8.0,26.27,83.5,3.0,29.8,29.8
323.536,45,104.0,1494.0,40.0,8.0,26.27,83.5,3.0,29.8,29.8
323.626,45,104.0,1494.0,40.0,8.0,26.27,83.5,3.0,29.4,29.8
323.687,45,104.0,1494.0,40.0,8.0,26.27,83.5,3.0,29.4,29.4
323.776,45,104.0,1494.0,40.0,8.0,26.27,83.5,3.0,29.4,29.4
323.837,45,101.0,1494.0,40.0,8.0,26.27,83.5,3.0,29.4,29.4
323.926,45,101.0,1480.0,40.0,8.0,26.27,83.5,3.0,29.4,29.4
324.016,45,101.0,1480.0,40.0,8.0,26.27,83.5,3.0,29.4,29.4
324.106,45,101.0,1480.0,40.0,8.0,26.27,83.5,3.0,29.4,29.4
324.196,45,101.0,1480.0,40.0,8.0,25.63,83.5,3.0,29.4,29.4
324.286,45,101.0,1480.0,40.0,8.0,25.63,83.5,3.0,29.4,29.4
324.376,45,101.0,1480.0,40.0,8.0,25.63,83.5,3.0,29.4,29.4
324.466,45,101.0,1480.0,40.0,8.0,25.63,83.5,3.0,29.0,29.4
324.557,45,101.0,1480.0,40.0,8.0,25.63,83.5,3.0,29.0,29.4
324.647,45,101.0,1480.0,40.0,8.0,25.63,83.5,3.0,29.0,29.4
324.737,45,100.0,1480.0,40.0,8.0,25.63,83.5,3.0,29.0,29.4
324.827,45,100.0,1467.0,40.0,8.0,25.63,83.5,3.0,29.0,29.4
324.888,45,100.0,1467.0,39.0,8.0,25.63,83.5,3.0,29.0,29.4
324.978,45,100.0,1467.0,39.0,8.0,25.63,83.5,3.0,29.0,29.4
325.037,45,100.0,1467.0,39.0,8.0,25.11,83.5,3.0,29.0,29.4
325.127,45,100.0,1467.0,39.0,8.0,25.11,83.5,3.0,29.0,29.4
325.217,45,100.0,1467.0,39.0,8.0,25.11,83.5,3.0,29.0,29.4
325.306,45,100.0,1467.0,39.0,8.0,25.11,83.5,3.0,29.4,29.4
325.397,45,100.0,1467.0,39.0,8.0,25.11,83.5,3.0,29.4,29.4
325.486,45,100.0,1467.0,39.0,8.0,25.11,83.5,3.0,29.4,29.4
325.577,45,100.0,1467.0,39.0,8.0,25.11,83.5,3.0,29.4,29.4
325.666,45,100.0,1461.0,39.0,8.0,25.11,83.5,3.0,29.4,29.4
325.761,45,100.0,1461.0,39.0,8.0,25.11,83.5,3.0,29.4,29.4
325.846,45,100.0,1461.0,39.0,8.0,25.11,83.5,3.0,29.4,29.4
325.937,45,100.0,1461.0,39.0,8.0,24.72,83.5,3.0,29.4,29.4
326.027,45,100.0,1461.0,39.0,8.0,24.72,83.5,3.0,29.4,29.4
326.087,45,100.0,1461.0,39.0,8.0,24.72,83.5,3.0,29.4,29.4
326.177,45,100.0,1461.0,39.0,8.0,24.72,83.5,3.0,28.6,29.4
326.237,45,100.0,1461.0,39.0,8.0,24.72,83.5,3.0,28.6,28.6
326.326,45,100.0,1461.0,39.0,8.0,24.72,83.5,3.0,28.6,28.6
326.416,45,100.0,1461.0,39.0,8.0,24.72,83.5,3.0,28.6,28.6
326.508,45,100.0,1461.0,39.0,8.0,24.72,83.5,3.0,28.6,28.6
326.627,45,100.0,1461.0,39.0,8.0,24.72,83.5,3.0,28.6,28.6
326.717,45,100.0,1461.0,39.0,8.0,24.72,83.5,3.0,28.6,28.6
326.809,45,100.0,1461.0,39.0,8.0,19.58,83.5,3.0,28.6,28.6
326.896,45,100.0,1461.0,39.0,8.0,19.58,83.5,3.0,28.6,28.6
326.986,45,100.0,1461.0,39.0,8.0,19.58,83.5,3.0,28.6,28.6
327.077,45,100.0,1461.0,39.0,8.0,19.58,83.5,3.0,31.8,28.6
327.167,45,100.0,1461.0,39.0,8.0,19.58,83.5,3.0,31.8,32.2
327.263,45,100.0,1461.0,39.0,8.0,19.58,83.5,3.0,31.8,32.2
327.346,45,101.0,1461.0,39.0,8.0,19.58,83.5,3.0,31.8,32.2
327.436,45,101.0,1478.0,39.0,8.0,19.58,83.5,3.0,31.8,32.2
327.526,45,101.0,1478.0,40.0,8.0,19.58,83.5,3.0,31.8,32.2
327.616,45,101.0,1478.0,40.0,7.0,19.58,83.5,3.0,31.8,32.2
327.708,45,101.0,1478.0,40.0,7.0,16.44,83.5,3.0,31.8,32.2
327.797,45,101.0,1478.0,40.0,7.0,16.44,83.5,3.0,31.8,32.2
327.886,45,101.0,1478.0,40.0,7.0,16.44,83.5,3.0,31.8,32.2
327.976,45,101.0,1478.0,40.0,7.0,16.44,83.5,3.0,31.8,32.2
328.037,45,101.0,1478.0,40.0,7.0,16.44,83.5,3.0,31.8,32.2
328.127,45,101.0,1478.0,40.0,7.0,16.44,83.5,3.0,31.8,32.2
328.187,45,103.0,1478.0,40.0,7.0,16.44,83.5,3.0,31.8,32.2
328.277,45,103.0,1495.0,40.0,7.0,16.44,83.5,3.0,31.8,32.2
328.366,45,103.0,1495.0,40.0,7.0,16.44,83.5,3.0,31.8,32.2
328.456,45,103.0,1495.0,40.0,6.0,16.44,83.5,3.0,31.8,32.2
328.546,45,103.0,1495.0,40.0,6.0,16.58,83.5,3.0,31.8,32.2
328.637,45,103.0,1495.0,40.0,6.0,16.58,83.5,3.0,31.8,32.2
328.726,45,103.0,1495.0,40.0,6.0,16.58,83.5,3.0,31.8,32.2
328.787,45,103.0,1495.0,40.0,6.0,16.58,83.5,3.0,35.3,32.2
328.876,45,103.0,1495.0,40.0,6.0,16.58,83.5,3.0,35.3,36.1
328.937,45,103.0,1495.0,40.0,6.0,16.58,83.5,3.0,35.3,36.1
329.026,45,105.0,1495.0,40.0,6.0,16.58,83.5,3.0,35.3,36.1
329.116,45,105.0,1528.0,40.0,6.0,16.58,83.5,3.0,35.3,36.1
329.206,45,105.0,1528.0,41.0,6.0,16.58,83.5,3.0,35.3,36.1
329.296,45,105.0,1528.0,41.0,6.0,16.58,83.5,3.0,35.3,36.1
329.386,45,105.0,1528.0,41.0,6.0,20.77,83.5,3.0,35.3,36.1
329.476,45,105.0,1528.0,41.0,6.0,20.77,83.5,3.0,35.3,36.1
329.566,45,105.0,1528.0,41.0,6.0,20.77,83.5,3.0,35.3,36.1
329.656,45,105.0,1528.0,41.0,6.0,20.77,83.5,3.0,40.8,36.1
329.747,45,105.0,1528.0,41.0,6.0,20.77,83.5,3.0,40.8,42.4
329.836,45,105.0,1528.0,41.0,6.0,20.77,83.5,3.0,40.8,42.4
329.927,45,125.0,1528.0,41.0,6.0,20.77,83.5,3.0,40.8,42.4
329.988,45,125.0,1595.0,41.0,6.0,20.77,83.5,3.0,40.8,42.4
330.077,45,125.0,1595.0,43.0,6.0,20.77,83.5,3.0,40.8,42.4
330.138,45,125.0,1595.0,43.0,7.0,20.77,83.5,3.0,40.8,42.4
330.227,45,125.0,1595.0,43.0,7.0,32.36,83.5,3.0,40.8,42.4
330.317,45,125.0,1595.0,43.0,7.0,32.36,83.5,3.0,40.8,42.4
330.406,45,125.0,1595.0,43.0,7.0,32.36,83.5,3.0,40.8,42.4
330.496,45,125.0,1595.0,43.0,7.0,32.36,83.5,3.0,47.5,42.4
330.586,45,125.0,1595.0,43.0,7.0,32.36,83.5,3.0,47.5,48.2
330.676,45,125.0,1595.0,43.0,7.0,32.36,83.5,3.0,47.5,48.2
330.766,45,164.0,1595.0,43.0,7.0,32.36,83.5,3.0,47.5,48.2
330.827,45,164.0,1732.0,43.0,7.0,32.36,83.5,3.0,47.5,48.2
330.887,45,164.0,1732.0,46.0,7.0,32.36,83.5,3.0,47.5,48.2
330.976,45,164.0,1732.0,46.0,9.0,32.36,83.5,3.0,47.5,48.2
331.037,45,164.0,1732.0,46.0,9.0,39.94,83.5,3.0,47.5,48.2
331.127,45,164.0,1732.0,46.0,9.0,39.94,83.5,3.0,47.5,48.2
331.187,45,164.0,1732.0,46.0,9.0,39.94,83.5,3.0,47.5,48.2
331.276,45,164.0,1732.0,46.0,9.0,39.94,83.5,3.0,46.3,48.2
331.337,45,164.0,1732.0,46.0,9.0,39.94,83.5,3.0,46.3,46.7
331.426,45,164.0,1732.0,46.0,9.0,39.94,83.5,3.0,46.3,46.7
331.516,45,166.0,1732.0,46.0,9.0,39.94,83.5,3.0,46.3,46.7
331.607,45,166.0,1844.0,46.0,9.0,39.94,83.5,3.0,46.3,46.7
331.696,45,166.0,1844.0,50.0,9.0,39.94,83.5,3.0,46.3,46.7
331.786,45,166.0,1844.0,50.0,10.0,39.94,83.5,3.0,46.3,46.7
331.877,45,166.0,1844.0,50.0,10.0,39.08,83.5,3.0,46.3,46.7
331.937,45,166.0,1844.0,50.0,10.0,39.08,83.5,3.0,46.3,46.7
332.027,45,166.0,1844.0,50.0,10.0,39.08,83.5,3.0,46.3,46.7
332.087,45,166.0,1844.0,50.0,10.0,39.08,83.5,3.0,48.2,46.7
332.177,45,166.0,1844.0,50.0,10.0,39.08,83.5,3.0,48.2,49.0
332.237,45,166.0,1844.0,50.0,10.0,39.08,83.5,3.0,48.2,49.0
332.326,45,175.0,1844.0,50.0,10.0,39.08,83.5,3.0,48.2,49.0
332.387,45,175.0,1960.0,50.0,10.0,39.08,83.5,3.0,48.2,49.0
332.476,45,175.0,1960.0,53.0,10.0,39.08,83.5,3.0,48.2,49.0
332.537,45,175.0,1960.0,53.0,10.0,39.08,83.5,3.0,48.2,49.0
332.626,45,175.0,1960.0,53.0,10.0,43.99,83.5,3.0,48.2,49.0
332.716,45,175.0,1960.0,53.0,10.0,43.99,83.5,3.0,48.2,49.0
332.806,45,175.0,1960.0,53.0,10.0,43.99,83.5,3.0,48.2,49.0
332.896,45,175.0,1960.0,53.0,10.0,43.99,83.5,3.0,14.1,49.0
332.986,45,175.0,1960.0,53.0,10.0,43.99,83.5,3.0,14.1,14.5
333.076,45,175.0,1960.0,53.0,10.0,43.99,83.5,3.0,14.1,14.5
333.137,45,111.0,1960.0,53.0,10.0,43.99,83.5,3.0,14.1,14.5
333.226,45,111.0,1415.0,53.0,10.0,43.99,83.5,3.0,14.1,14.5
333.287,45,111.0,1415.0,53.0,10.0,43.99,83.5,3.0,14.1,14.5
333.376,45,111.0,1415.0,53.0,10.0,43.99,83.5,3.0,14.1,14.5
333.437,45,111.0,1415.0,53.0,10.0,22.27,83.5,3.0,14.1,14.5
333.526,45,111.0,1415.0,53.0,10.0,22.27,31.0,3.0,14.1,14.5
333.588,45,111.0,1415.0,53.0,10.0,22.27,31.0,3.0,14.1,14.5
333.677,45,111.0,1415.0,53.0,10.0,22.27,31.0,3.0,48.2,14.5
333.737,45,111.0,1415.0,53.0,10.0,22.27,31.0,3.0,48.2,50.6
333.826,45,111.0,1415.0,53.0,10.0,22.27,31.0,3.0,48.2,50.6
333.887,45,115.0,1415.0,53.0,10.0,22.27,31.0,3.0,48.2,50.6
333.977,45,115.0,1394.0,53.0,10.0,22.27,31.0,3.0,48.2,50.6
334.037,45,115.0,1394.0,54.0,10.0,22.27,31.0,3.0,48.2,50.6
334.126,45,115.0,1394.0,54.0,7.0,22.27,31.0,3.0,48.2,50.6
334.187,45,115.0,1394.0,54.0,7.0,31.19,31.0,3.0,48.2,50.6
334.276,45,115.0,1394.0,54.0,7.0,31.19,83.5,3.0,48.2,50.6
334.366,45,115.0,1394.0,54.0,7.0,31.19,83.5,3.0,48.2,50.6
334.427,45,115.0,1394.0,54.0,7.0,31.19,83.5,3.0,45.5,50.6
334.487,45,115.0,1394.0,54.0,7.0,31.19,83.5,3.0,45.5,45.5
334.576,45,115.0,1394.0,54.0,7.0,31.19,83.5,3.0,45.5,45.5
334.639,45,143.0,1394.0,54.0,7.0,31.19,83.5,3.0,45.5,45.5
334.726,45,143.0,1444.0,54.0,7.0,31.19,83.5,3.0,45.5,45.5
334.787,45,143.0,1444.0,56.0,7.0,31.19,83.5,3.0,45.5,45.5
334.876,45,143.0,1444.0,56.0,8.0,31.19,83.5,3.0,45.5,45.5
334.967,45,143.0,1444.0,56.0,8.0,26.61,83.5,3.0,45.5,45.5
335.057,45,143.0,1444.0,56.0,8.0,26.61,83.5,3.0,45.5,45.5
335.146,45,143.0,1444.0,56.0,8.0,26.61,83.5,3.0,45.5,45.5
335.236,45,143.0,1444.0,56.0,8.0,26.61,83.5,3.0,43.1,45.5
335.326,45,143.0,1444.0,56.0,8.0,26.61,83.5,3.0,43.1,43.9
335.387,45,143.0,1444.0,56.0,8.0,26.61,83.5,3.0,43.1,43.9
335.476,45,141.0,1444.0,56.0,8.0,26.61,83.5,3.0,43.1,43.9
335.539,45,141.0,1479.0,56.0,8.0,26.61,83.5,3.0,43.1,43.9
335.627,45,141.0,1479.0,58.0,8.0,26.61,83.5,3.0,43.1,43.9
335.687,45,141.0,1479.0,58.0,8.0,26.61,83.5,3.0,43.1,43.9
335.776,45,141.0,1479.0,58.0,8.0,20.83,83.5,3.0,43.1,43.9
335.838,45,141.0,1479.0,58.0,8.0,20.83,83.5,3.0,43.1,43.9
335.926,45,141.0,1479.0,58.0,8.0,20.83,83.5,3.0,43.1,43.9
335.987,45,141.0,1479.0,58.0,8.0,20.83,83.5,3.0,40.0,43.9
336.076,45,141.0,1479.0,58.0,8.0,20.83,83.5,3.0,40.0,40.8
336.137,45,141.0,1479.0,58.0,8.0,20.83,83.5,3.0,40.0,40.8
336.226,45,121.0,1479.0,58.0,8.0,20.83,83.5,3.0,40.0,40.8
336.287,45,121.0,1511.0,58.0,8.0,20.83,83.5,3.0,40.0,40.8
336.376,45,121.0,1511.0,59.0,8.0,20.83,83.5,3.0,40.0,40.8
336.437,45,121.0,1511.0,59.0,6.0,20.83,83.5,3.0,40.0,40.8
336.526,45,121.0,1511.0,59.0,6.0,21.52,83.5,3.0,40.0,40.8
336.587,45,121.0,1511.0,59.0,6.0,21.52,83.5,3.0,40.0,40.8
336.676,45,121.0,1511.0,59.0,6.0,21.52,83.5,3.0,40.0,40.8
336.737,45,121.0,1511.0,59.0,6.0,21.52,83.5,3.0,37.6,40.8
336.826,45,121.0,1511.0,59.0,6.0,21.52,83.5,3.0,37.6,37.6
336.887,46,121.0,1511.0,59.0,6.0,21.52,83.5,3.0,37.6,37.6
336.976,46,116.0,1511.0,59.0,6.0,21.52,83.5,3.0,37.6,37.6
337.037,46,116.0,1526.0,59.0,6.0,21.52,83.5,3.0,37.6,37.6
337.126,46,116.0,1526.0,59.0,6.0,21.52,83.5,3.0,37.6,37.6
337.187,46,116.0,1526.0,59.0,6.0,21.52,83.5,3.0,37.6,37.6
337.276,46,116.0,1526.0,59.0,6.0,17.16,83.5,3.0,37.6,37.6
337.337,46,116.0,1526.0,59.0,6.0,17.16,83.5,3.0,37.6,37.6
337.426,46,116.0,1526.0,59.0,6.0,17.16,83.5,3.0,37.6,37.6
337.546,46,116.0,1526.0,59.0,6.0,17.16,83.5,3.0,31.8,37.6
337.636,46,116.0,1526.0,59.0,6.0,17.16,83.5,3.0,31.8,30.2
337.726,46,116.0,1526.0,59.0,6.0,17.16,83.5,3.0,31.8,30.2
337.787,46,106.0,1526.0,59.0,6.0,17.16,83.5,3.0,31.8,30.2
337.876,46,106.0,1523.0,59.0,6.0,17.16,83.5,3.0,31.8,30.2
337.937,46,106.0,1523.0,60.0,6.0,17.16,83.5,3.0,31.8,30.2
338.026,46,106.0,1523.0,60.0,6.0,17.16,83.5,3.0,31.8,30.2
338.087,46,106.0,1523.0,60.0,6.0,15.38,83.5,3.0,31.8,30.2
338.176,46,106.0,1523.0,60.0,6.0,15.38,83.5,3.0,31.8,30.2
338.237,46,106.0,1523.0,60.0,6.0,15.38,83.5,3.0,31.8,30.2
338.326,46,106.0,1523.0,60.0,6.0,15.38,83.5,3.0,14.1,30.2
338.387,46,106.0,1523.0,60.0,6.0,15.38,83.5,3.0,14.1,14.5
338.476,46,106.0,1523.0,60.0,6.0,15.38,83.5,3.0,14.1,14.5
338.537,46,106.0,1523.0,60.0,6.0,15.38,83.5,3.0,14.1,14.5
338.626,46,106.0,1495.0,60.0,6.0,15.38,83.5,3.0,14.1,14.5
338.687,46,106.0,1495.0,58.0,6.0,15.38,83.5,3.0,14.1,14.5
338.776,46,106.0,1495.0,58.0,6.0,15.38,83.5,3.0,14.1,14.5
338.837,46,106.0,1495.0,58.0,6.0,15.27,83.5,3.0,14.1,14.5
338.926,46,106.0,1495.0,58.0,6.0,15.27,83.5,3.0,14.1,14.5
338.987,46,106.0,1495.0,58.0,6.0,15.27,83.5,3.0,14.1,14.5
339.076,46,106.0,1495.0,58.0,6.0,15.27,83.5,3.0,14.1,14.5
339.137,46,106.0,1495.0,58.0,6.0,15.27,83.5,3.0,14.1,14.5
339.226,46,106.0,1495.0,58.0,6.0,15.27,83.5,3.0,14.1,14.5
339.287,46,111.0,1495.0,58.0,6.0,15.27,83.5,3.0,14.1,14.5
339.376,46,111.0,1458.0,58.0,6.0,15.27,83.5,3.0,14.1,14.5
339.437,46,111.0,1458.0,57.0,6.0,15.27,83.5,3.0,14.1,14.5
339.526,46,111.0,1458.0,57.0,6.0,15.27,83.5,3.0,14.1,14.5
339.587,46,111.0,1458.0,57.0,6.0,16.47,83.5,3.0,14.1,14.5
339.676,46,111.0,1458.0,57.0,6.0,16.47,83.5,3.0,14.1,14.5
339.737,46,111.0,1458.0,57.0,6.0,16.47,83.5,3.0,14.1,14.5
339.826,46,111.0,1458.0,57.0,6.0,16.47,83.5,3.0,14.1,14.5
339.887,46,111.0,1458.0,57.0,6.0,16.47,83.5,3.0,14.1,14.1
339.976,46,111.0,1458.0,57.0,6.0,16.47,83.5,3.0,14.1,14.1
340.037,46,113.0,1458.0,57.0,6.0,16.47,83.5,3.0,14.1,14.1
340.126,46,113.0,1424.0,57.0,6.0,16.47,83.5,3.0,14.1,14.1
340.187,46,113.0,1424.0,56.0,6.0,16.47,83.5,3.0,14.1,14.1
340.276,46,113.0,1424.0,56.0,6.0,16.47,83.5,3.0,14.1,14.1
340.337,46,113.0,1424.0,56.0,6.0,16.11,83.5,3.0,14.1,14.1
340.426,46,113.0,1424.0,56.0,6.0,16.11,83.5,3.0,14.1,14.1
340.487,46,113.0,1424.0,56.0,6.0,16.11,83.5,3.0,14.1,14.1
340.576,46,113.0,1424.0,56.0,6.0,16.11,83.5,3.0,14.1,14.1
340.637,46,113.0,1424.0,56.0,6.0,16.11,83.5,3.0,14.1,14.5
340.726,46,113.0,1424.0,56.0,6.0,16.11,83.5,3.0,14.1,14.5
340.787,46,113.0,1424.0,56.0,6.0,16.11,83.5,3.0,14.1,14.5
340.876,46,113.0,1393.0,56.0,6.0,16.11,83.5,3.0,14.1,14.5
340.937,46,113.0,1393.0,54.0,6.0,16.11,83.5,3.0,14.1,14.5
341.026,46,113.0,1393.0,54.0,6.0,16.11,83.5,3.0,14.1,14.5
341.087,46,113.0,1393.0,54.0,6.0,15.36,83.5,3.0,14.1,14.5
341.176,46,113.0,1393.0,54.0,6.0,15.36,83.5,3.0,14.1,14.5
341.237,46,113.0,1393.0,54.0,6.0,15.36,83.5,3.0,14.1,14.5
341.326,46,113.0,1393.0,54.0,6.0,15.36,83.5,3.0,14.1,14.5
341.446,46,113.0,1393.0,54.0,6.0,15.36,83.5,3.0,14.1,14.5
341.536,46,113.0,1393.0,54.0,6.0,15.36,83.5,3.0,14.1,14.5
341.626,46,112.0,1393.0,54.0,6.0,15.36,83.5,3.0,14.1,14.5
341.687,46,112.0,1357.0,54.0,6.0,15.36,83.5,3.0,14.1,14.5
341.776,46,112.0,1357.0,53.0,6.0,15.36,83.5,3.0,14.1,14.5
341.837,46,112.0,1357.0,53.0,6.0,15.36,83.5,3.0,14.1,14.5
341.926,46,112.0,1357.0,53.0,6.0,14.86,83.5,3.0,14.1,14.5
341.987,46,112.0,1357.0,53.0,6.0,14.86,83.5,3.0,14.1,14.5
342.076,46,112.0,1357.0,53.0,6.0,14.86,83.5,3.0,14.1,14.5
342.137,46,112.0,1357.0,53.0,6.0,14.86,83.5,3.0,29.4,14.5
342.226,46,112.0,1357.0,53.0,6.0,14.86,83.5,3.0,29.4,30.2
342.287,46,112.0,1357.0,53.0,6.0,14.86,83.5,3.0,29.4,30.2
342.376,46,111.0,1357.0,53.0,6.0,14.86,83.5,3.0,29.4,30.2
342.437,46,111.0,1333.0,53.0,6.0,14.86,83.5,3.0,29.4,30.2
342.526,46,111.0,1333.0,52.0,6.0,14.86,83.5,3.0,29.4,30.2
342.587,46,111.0,1333.0,52.0,6.0,14.86,83.5,3.0,29.4,30.2
342.676,46,111.0,1333.0,52.0,6.0,15.69,83.5,3.0,29.4,30.2
342.737,46,111.0,1333.0,52.0,6.0,15.69,83.5,3.0,29.4,30.2
342.826,46,111.0,1333.0,52.0,6.0,15.69,83.5,3.0,29.4,30.2
342.887,46,111.0,1333.0,52.0,6.0,15.69,83.5,3.0,14.1,30.2
342.976,46,111.0,1333.0,52.0,6.0,15.69,83.5,3.0,14.1,14.5
343.037,46,111.0,1333.0,52.0,6.0,15.69,83.5,3.0,14.1,14.5
343.126,46,103.0,1333.0,52.0,6.0,15.69,83.5,3.0,14.1,14.5
343.216,46,103.0,1259.0,52.0,6.0,15.69,83.5,3.0,14.1,14.5
343.306,46,103.0,1259.0,52.0,6.0,15.69,83.5,3.0,14.1,14.5
343.396,46,103.0,1259.0,52.0,6.0,15.69,83.5,3.0,14.1,14.5
343.486,46,103.0,1259.0,52.0,6.0,8.86,83.5,3.0,14.1,14.5
343.576,46,103.0,1259.0,52.0,6.0,8.86,83.5,3.0,14.1,14.5
343.637,46,103.0,1259.0,52.0,6.0,8.86,83.5,3.0,14.1,14.5
343.726,46,103.0,1259.0,52.0,6.0,8.86,83.5,3.0,14.1,14.5
343.787,46,103.0,1259.0,52.0,6.0,8.86,83.5,3.0,14.1,14.5
343.876,46,103.0,1259.0,52.0,6.0,8.86,83.5,3.0,14.1,14.5
343.966,46,106.0,1259.0,52.0,6.0,8.86,83.5,3.0,14.1,14.5
344.027,46,106.0,1166.0,52.0,6.0,8.86,83.5,3.0,14.1,14.5
344.116,46,106.0,1166.0,51.0,6.0,8.86,83.5,3.0,14.1,14.5
344.206,46,106.0,1166.0,51.0,4.0,8.86,83.5,3.0,14.1,14.5
344.296,46,106.0,1166.0,51.0,4.0,13.77,83.5,3.0,14.1,14.5
344.387,46,106.0,1166.0,51.0,4.0,13.77,83.5,3.0,14.1,14.5
344.476,46,106.0,1166.0,51.0,4.0,13.77,83.5,3.0,14.1,14.5
344.566,46,106.0,1166.0,51.0,4.0,13.77,83.5,3.0,14.1,14.5
344.627,46,106.0,1166.0,51.0,4.0,13.77,83.5,3.0,14.1,14.5
344.716,46,106.0,1166.0,51.0,4.0,13.77,83.5,3.0,14.1,14.5
344.777,46,98.0,1166.0,51.0,4.0,13.77,83.5,3.0,14.1,14.5
344.866,46,98.0,1822.0,51.0,4.0,13.77,83.5,3.0,14.1,14.5
344.986,46,98.0,1822.0,49.0,4.0,13.77,83.5,3.0,14.1,14.5
345.076,46,98.0,1822.0,49.0,7.0,13.77,83.5,3.0,14.1,14.5
345.166,46,98.0,1822.0,49.0,7.0,19.27,83.5,3.0,14.1,14.5
345.227,46,98.0,1822.0,49.0,7.0,19.27,83.5,3.0,14.1,14.5
345.316,46,98.0,1822.0,49.0,7.0,19.27,83.5,3.0,14.1,14.5
345.377,46,98.0,1822.0,49.0,7.0,19.27,83.5,3.0,14.1,14.5
345.466,46,98.0,1822.0,49.0,7.0,19.27,83.5,3.0,14.1,14.5
345.527,47,98.0,1822.0,49.0,7.0,19.27,83.5,3.0,14.1,14.5
345.616,47,109.0,1822.0,49.0,7.0,19.27,83.5,3.0,14.1,14.5
345.706,47,109.0,1652.0,49.0,7.0,19.27,83.5,3.0,14.1,14.5
345.796,47,109.0,1652.0,44.0,7.0,19.27,83.5,3.0,14.1,14.5
345.886,47,109.0,1652.0,44.0,8.0,19.27,83.5,3.0,14.1,14.5
345.976,47,109.0,1652.0,44.0,8.0,17.22,83.5,3.0,14.1,14.5
346.066,47,109.0,1652.0,44.0,8.0,17.22,83.5,3.0,14.1,14.5
346.156,47,109.0,1652.0,44.0,8.0,17.22,83.5,3.0,14.1,14.5
346.246,47,109.0,1652.0,44.0,8.0,17.22,83.5,3.0,14.1,14.5
346.336,47,109.0,1652.0,44.0,8.0,17.22,83.5,3.0,14.1,14.1
346.426,47,109.0,1652.0,44.0,8.0,17.22,83.5,3.0,14.1,14.1
346.516,47,113.0,1652.0,44.0,8.0,17.22,83.5,3.0,14.1,14.1
346.577,47,113.0,1431.0,44.0,8.0,17.22,83.5,3.0,14.1,14.1
346.666,47,113.0,1431.0,39.0,8.0,17.22,83.5,3.0,14.1,14.1
346.727,47,113.0,1431.0,39.0,7.0,17.22,83.5,3.0,14.1,14.1
346.816,47,113.0,1431.0,39.0,7.0,14.19,83.5,3.0,14.1,14.1
346.906,47,113.0,1431.0,39.0,7.0,14.19,83.5,3.0,14.1,14.1
346.996,47,113.0,1431.0,39.0,7.0,14.19,83.5,3.0,14.1,14.1
347.086,47,113.0,1431.0,39.0,7.0,14.19,83.5,3.0,14.1,14.1
347.177,47,113.0,1431.0,39.0,7.0,14.19,83.5,3.0,14.1,14.5
347.266,47,113.0,1431.0,39.0,7.0,14.19,83.5,3.0,14.1,14.5
347.327,47,111.0,1431.0,39.0,7.0,14.19,83.5,3.0,14.1,14.5
347.416,47,111.0,1034.0,39.0,7.0,14.19,83.5,3.0,14.1,14.5
347.477,47,111.0,1034.0,32.0,7.0,14.19,83.5,3.0,14.1,14.5
347.566,47,111.0,1034.0,32.0,6.0,14.19,83.5,3.0,14.1,14.5
347.627,47,111.0,1034.0,32.0,6.0,11.8,83.5,3.0,14.1,14.5
347.716,47,111.0,1034.0,32.0,6.0,11.8,83.5,3.0,14.1,14.5
347.777,47,111.0,1034.0,32.0,6.0,11.8,83.5,3.0,14.1,14.5
347.866,47,111.0,1034.0,32.0,6.0,11.8,83.5,3.0,14.1,14.5
347.927,47,111.0,1034.0,32.0,6.0,11.8,83.5,3.0,14.1,14.5
348.016,47,111.0,1034.0,32.0,6.0,11.8,83.5,3.0,14.1,14.5
348.106,47,109.0,1034.0,32.0,6.0,11.8,83.5,3.0,14.1,14.5
348.167,47,109.0,1039.0,32.0,6.0,11.8,83.5,3.0,14.1,14.5
348.227,47,109.0,1039.0,27.0,6.0,11.8,83.5,3.0,14.1,14.5
348.316,47,109.0,1039.0,27.0,5.0,11.8,83.5,3.0,14.1,14.5
348.377,47,109.0,1039.0,27.0,5.0,11.16,83.5,3.0,14.1,14.5
348.466,47,109.0,1039.0,27.0,5.0,11.16,83.5,3.0,14.1,14.5
348.527,47,109.0,1039.0,27.0,5.0,11.16,83.5,3.0,14.1,14.5
348.617,47,109.0,1039.0,27.0,5.0,11.16,83.5,3.0,14.1,14.5
348.677,47,109.0,1039.0,27.0,5.0,11.16,83.5,3.0,14.1,14.5
348.766,47,109.0,1039.0,27.0,5.0,11.16,83.5,3.0,14.1,14.5
348.827,47,108.0,1039.0,27.0,5.0,11.16,83.5,3.0,14.1,14.5
348.916,47,108.0,1033.0,27.0,5.0,11.16,83.5,3.0,14.1,14.5
348.977,47,108.0,1033.0,24.0,5.0,11.16,83.5,3.0,14.1,14.5
349.066,47,108.0,1033.0,24.0,5.0,11.16,83.5,3.0,14.1,14.5
349.127,47,108.0,1033.0,24.0,5.0,11.49,83.5,3.0,14.1,14.5
349.216,47,108.0,1033.0,24.0,5.0,11.49,83.5,3.0,14.1,14.5
349.306,47,108.0,1033.0,24.0,5.0,11.49,83.5,3.0,14.1,14.5
349.396,47,108.0,1033.0,24.0,5.0,11.49,83.5,3.0,23.1,14.5
349.486,47,108.0,1033.0,24.0,5.0,11.49,83.5,3.0,23.1,23.5
349.576,47,108.0,1033.0,24.0,5.0,11.49,83.5,3.0,23.1,23.5
349.666,47,102.0,1033.0,24.0,5.0,11.49,83.5,3.0,23.1,23.5
349.727,47,102.0,1340.0,24.0,5.0,11.49,83.5,3.0,23.1,23.5
349.816,47,102.0,1340.0,23.0,5.0,11.49,83.5,3.0,23.1,23.5
349.936,47,102.0,1340.0,23.0,7.0,11.49,83.5,3.0,23.1,23.5
350.026,47,102.0,1340.0,23.0,7.0,13.66,83.5,3.0,23.1,23.5
350.116,47,102.0,1340.0,23.0,7.0,13.66,83.5,3.0,23.1,23.5
350.177,47,102.0,1340.0,23.0,7.0,13.66,83.5,3.0,23.1,23.5
350.266,47,102.0,1340.0,23.0,7.0,13.66,83.5,3.0,24.7,23.5
350.327,47,102.0,1340.0,23.0,7.0,13.66,83.5,3.0,24.7,24.7
350.416,47,102.0,1340.0,23.0,7.0,13.66,83.5,3.0,24.7,24.7
350.477,47,99.0,1340.0,23.0,7.0,13.66,83.5,3.0,24.7,24.7
350.566,47,99.0,1340.0,23.0,7.0,13.66,83.5,3.0,24.7,24.7
350.627,47,99.0,1340.0,23.0,7.0,13.66,83.5,3.0,24.7,24.7
350.716,47,99.0,1340.0,23.0,7.0,13.66,83.5,3.0,24.7,24.7
350.777,47,99.0,1340.0,23.0,7.0,13.72,83.5,3.0,24.7,24.7
350.866,47,99.0,1340.0,23.0,7.0,13.72,83.5,3.0,24.7,24.7
350.927,47,99.0,1340.0,23.0,7.0,13.72,83.5,3.0,24.7,24.7
351.016,47,99.0,1340.0,23.0,7.0,13.72,83.5,3.0,34.1,24.7
351.077,47,99.0,1340.0,23.0,7.0,13.72,83.5,3.0,34.1,36.1
351.166,47,99.0,1340.0,23.0,7.0,13.72,83.5,3.0,34.1,36.1
351.227,47,100.0,1340.0,23.0,7.0,13.72,83.5,3.0,34.1,36.1
351.316,47,100.0,1422.0,23.0,7.0,13.72,83.5,3.0,34.1,36.1
351.377,47,100.0,1422.0,24.0,7.0,13.72,83.5,3.0,34.1,36.1
351.466,47,100.0,1422.0,24.0,7.0,13.72,83.5,3.0,34.1,36.1
351.527,47,100.0,1422.0,24.0,7.0,19.41,83.5,3.0,34.1,36.1
351.616,47,100.0,1422.0,24.0,7.0,19.41,83.5,3.0,34.1,36.1
351.677,47,100.0,1422.0,24.0,7.0,19.41,83.5,3.0,34.1,36.1
351.766,47,100.0,1422.0,24.0,7.0,19.41,83.5,3.0,37.6,36.1
351.827,47,100.0,1422.0,24.0,7.0,19.41,83.5,3.0,37.6,38.4
351.916,47,100.0,1422.0,24.0,7.0,19.41,83.5,3.0,37.6,38.4
351.98,47,113.0,1422.0,24.0,7.0,19.41,83.5,3.0,37.6,38.4
352.066,47,113.0,1531.0,24.0,7.0,19.41,83.5,3.0,37.6,38.4
352.127,47,113.0,1531.0,26.0,7.0,19.41,83.5,3.0,37.6,38.4
352.217,47,113.0,1531.0,26.0,8.0,19.41,83.5,3.0,37.6,38.4
352.277,47,113.0,1531.0,26.0,8.0,22.8,83.5,3.0,37.6,38.4
352.366,47,113.0,1531.0,26.0,8.0,22.8,83.5,3.0,37.6,38.4
352.486,47,113.0,1531.0,26.0,8.0,22.8,83.5,3.0,37.6,38.4
352.576,47,113.0,1531.0,26.0,8.0,22.8,83.5,3.0,42.0,38.4
352.666,47,113.0,1531.0,26.0,8.0,22.8,83.5,3.0,42.0,42.7
352.727,47,113.0,1531.0,26.0,8.0,22.8,83.5,3.0,42.0,42.7
352.816,47,132.0,1531.0,26.0,8.0,22.8,83.5,3.0,42.0,42.7
352.877,47,132.0,1697.0,26.0,8.0,22.8,83.5,3.0,42.0,42.7
352.966,47,132.0,1697.0,29.0,8.0,22.8,83.5,3.0,42.0,42.7
353.027,47,132.0,1697.0,29.0,9.0,22.8,83.5,3.0,42.0,42.7
353.116,47,132.0,1697.0,29.0,9.0,29.36,83.5,3.0,42.0,42.7
353.177,47,132.0,1697.0,29.0,9.0,29.36,83.5,3.0,42.0,42.7
353.266,47,132.0,1697.0,29.0,9.0,29.36,83.5,3.0,42.0,42.7
353.327,47,132.0,1697.0,29.0,9.0,29.36,83.5,3.0,46.7,42.7
353.416,47,132.0,1697.0,29.0,9.0,29.36,83.5,3.0,46.7,48.2
353.477,47,132.0,1697.0,29.0,9.0,29.36,83.5,3.0,46.7,48.2
353.566,47,156.0,1697.0,29.0,9.0,29.36,83.5,3.0,46.7,48.2
353.627,47,156.0,1929.0,29.0,9.0,29.36,83.5,3.0,46.7,48.2
353.716,47,156.0,1929.0,33.0,9.0,29.36,83.5,3.0,46.7,48.2
353.777,47,156.0,1929.0,33.0,10.0,29.36,83.5,3.0,46.7,48.2
353.866,47,156.0,1929.0,33.0,10.0,52.91,83.5,3.0,46.7,48.2
353.927,47,156.0,1929.0,33.0,10.0,52.91,83.5,3.0,46.7,48.2
354.016,47,156.0,1929.0,33.0,10.0,52.91,83.5,3.0,46.7,48.2
354.077,47,156.0,1929.0,33.0,10.0,52.91,83.5,3.0,52.2,48.2
354.166,47,156.0,1929.0,33.0,10.0,52.91,83.5,3.0,52.2,52.9
354.227,47,156.0,1929.0,33.0,10.0,52.91,83.5,3.0,52.2,52.9
354.316,47,196.0,1929.0,33.0,10.0,52.91,83.5,3.0,52.2,52.9
354.377,47,196.0,2294.0,33.0,10.0,52.91,83.5,3.0,52.2,52.9
354.466,47,196.0,2294.0,39.0,10.0,52.91,83.5,3.0,52.2,52.9
354.527,47,196.0,2294.0,39.0,12.0,52.91,83.5,3.0,52.2,52.9
354.616,47,196.0,2294.0,39.0,12.0,81.11,83.5,3.0,52.2,52.9
354.677,47,196.0,2294.0,39.0,12.0,81.11,83.5,3.0,52.2,52.9
354.766,47,196.0,2294.0,39.0,12.0,81.11,83.5,3.0,52.2,52.9
354.827,47,196.0,2294.0,39.0,12.0,81.11,83.5,3.0,46.7,52.9
354.976,47,196.0,2294.0,39.0,12.0,81.11,83.5,3.0,46.7,43.5
355.066,48,196.0,2294.0,39.0,12.0,81.11,83.5,3.0,46.7,43.5
355.127,48,155.0,2294.0,39.0,12.0,81.11,83.5,3.0,46.7,43.5
355.216,48,155.0,2470.0,39.0,12.0,81.11,83.5,3.0,46.7,43.5
355.277,48,155.0,2470.0,44.0,12.0,81.11,83.5,3.0,46.7,43.5
355.366,48,155.0,2470.0,44.0,13.0,81.11,83.5,3.0,46.7,43.5
355.427,48,155.0,2470.0,44.0,13.0,36.66,83.5,3.0,46.7,43.5
355.516,48,155.0,2470.0,44.0,13.0,36.66,31.0,3.0,46.7,43.5
355.578,48,155.0,2470.0,44.0,13.0,36.66,31.0,2.0,46.7,43.5
355.667,48,155.0,2470.0,44.0,13.0,36.66,31.0,2.0,35.7,43.5
355.73,48,155.0,2470.0,44.0,13.0,36.66,31.0,2.0,35.7,43.9
355.817,48,155.0,2470.0,44.0,13.0,36.66,31.0,2.0,35.7,43.9
355.879,48,103.0,2470.0,44.0,13.0,36.66,31.0,2.0,35.7,43.9
355.966,48,103.0,1677.0,44.0,13.0,36.66,31.0,2.0,35.7,43.9
356.027,48,103.0,1677.0,45.0,13.0,36.66,31.0,2.0,35.7,43.9
356.116,48,103.0,1677.0,45.0,10.0,36.66,31.0,2.0,35.7,43.9
356.177,48,103.0,1677.0,45.0,10.0,38.58,31.0,2.0,35.7,43.9
356.266,48,103.0,1677.0,45.0,10.0,38.58,83.5,2.0,35.7,43.9
356.327,48,103.0,1677.0,45.0,10.0,38.58,83.5,2.0,35.7,43.9
356.416,48,103.0,1677.0,45.0,10.0,38.58,83.5,2.0,65.9,43.9
356.477,48,103.0,1677.0,45.0,10.0,38.58,83.5,2.0,65.9,65.9
356.566,48,103.0,1677.0,45.0,10.0,38.58,83.5,2.0,65.9,65.9
356.627,48,178.0,1677.0,45.0,10.0,38.58,83.5,2.0,65.9,65.9
356.716,48,178.0,1883.0,45.0,10.0,38.58,83.5,2.0,65.9,65.9
356.778,48,178.0,1883.0,51.0,10.0,38.58,83.5,2.0,65.9,65.9
356.867,48,178.0,1883.0,51.0,9.0,38.58,83.5,2.0,65.9,65.9
356.928,48,178.0,1883.0,51.0,9.0,70.11,83.5,2.0,65.9,65.9
357.018,48,178.0,1883.0,51.0,9.0,70.11,83.5,2.0,65.9,65.9
357.108,48,178.0,1883.0,51.0,9.0,70.11,83.5,2.0,65.9,65.9
357.197,48,178.0,1883.0,51.0,9.0,70.11,83.5,2.0,65.1,65.9
357.287,48,178.0,1883.0,51.0,9.0,70.11,83.5,2.0,65.1,65.5
357.376,48,178.0,1883.0,51.0,9.0,70.11,83.5,2.0,65.1,65.5
357.467,48,221.0,1883.0,51.0,9.0,70.11,83.5,2.0,65.1,65.5
357.527,48,221.0,2192.0,51.0,9.0,70.11,83.5,2.0,65.1,65.5
357.617,48,221.0,2192.0,59.0,9.0,70.11,83.5,2.0,65.1,65.5
357.707,48,221.0,2192.0,59.0,11.0,70.11,83.5,2.0,65.1,65.5
357.768,48,221.0,2192.0,59.0,11.0,83.55,83.5,2.0,65.1,65.5
357.827,48,221.0,2192.0,59.0,11.0,83.55,83.5,2.0,65.1,65.5
357.917,48,221.0,2192.0,59.0,11.0,83.55,83.5,2.0,65.1,65.5
357.979,48,221.0,2192.0,59.0,11.0,83.55,83.5,2.0,56.9,65.5
358.066,48,221.0,2192.0,59.0,11.0,83.55,83.5,2.0,56.9,54.1
358.127,48,221.0,2192.0,59.0,11.0,83.55,83.5,2.0,56.9,54.1
358.217,48,206.0,2192.0,59.0,11.0,83.55,83.5,2.0,56.9,54.1
358.279,48,206.0,2331.0,59.0,11.0,83.55,83.5,2.0,56.9,54.1
358.366,48,206.0,2331.0,64.0,11.0,83.55,83.5,2.0,56.9,54.1
358.427,48,206.0,2331.0,64.0,11.0,83.55,83.5,2.0,56.9,54.1
358.517,48,206.0,2331.0,64.0,11.0,38.22,83.5,2.0,56.9,54.1
358.577,48,206.0,2331.0,64.0,11.0,38.22,31.0,2.0,56.9,54.1
358.667,48,206.0,2331.0,64.0,11.0,38.22,31.0,2.0,56.9,54.1
358.727,48,206.0,2331.0,64.0,11.0,38.22,31.0,2.0,25.1,54.1
358.817,48,206.0,2331.0,64.0,11.0,38.22,31.0,2.0,25.1,32.9
358.878,48,206.0,2331.0,64.0,11.0,38.22,31.0,2.0,25.1,32.9
358.968,48,99.0,2331.0,64.0,11.0,38.22,31.0,2.0,25.1,32.9
359.028,48,99.0,1640.0,64.0,11.0,38.22,31.0,2.0,25.1,32.9
359.117,48,99.0,1640.0,64.0,11.0,38.22,31.0,2.0,25.1,32.9
359.179,48,99.0,1640.0,64.0,8.0,38.22,31.0,2.0,25.1,32.9
359.267,48,99.0,1640.0,64.0,8.0,29.77,31.0,2.0,25.1,32.9
359.33,48,99.0,1640.0,64.0,8.0,29.77,81.2,2.0,25.1,32.9
359.417,48,99.0,1640.0,64.0,8.0,29.77,81.2,2.0,25.1,32.9
359.477,48,99.0,1640.0,64.0,8.0,29.77,81.2,2.0,46.3,32.9
359.567,48,99.0,1640.0,64.0,8.0,29.77,81.2,2.0,46.3,47.1
359.627,48,99.0,1640.0,64.0,8.0,29.77,81.2,2.0,46.3,47.1
359.717,48,135.0,1640.0,64.0,8.0,29.77,81.2,2.0,46.3,47.1
359.778,48,135.0,1691.0,64.0,8.0,29.77,81.2,2.0,46.3,47.1
359.867,48,135.0,1691.0,66.0,8.0,29.77,81.2,2.0,46.3,47.1
359.987,48,135.0,1691.0,66.0,7.0,29.77,81.2,2.0,46.3,47.1
360.077,48,135.0,1691.0,66.0,7.0,28.13,81.2,2.0,46.3,47.1
360.167,48,135.0,1691.0,66.0,7.0,28.13,83.5,2.0,46.3,47.1
360.229,48,135.0,1691.0,66.0,7.0,28.13,83.5,2.0,46.3,47.1
360.35,48,135.0,1691.0,66.0,7.0,28.13,83.5,2.0,42.4,47.1
360.436,48,135.0,1691.0,66.0,7.0,28.13,83.5,2.0,42.4,42.4
360.526,48,135.0,1691.0,66.0,7.0,28.13,83.5,2.0,42.4,42.4
360.617,48,135.0,1691.0,66.0,7.0,28.13,83.5,2.0,42.4,42.4
360.677,48,135.0,1723.0,66.0,7.0,28.13,83.5,2.0,42.4,42.4
360.767,48,135.0,1723.0,67.0,7.0,28.13,83.5,2.0,42.4,42.4
360.828,48,135.0,1723.0,67.0,6.0,28.13,83.5,2.0,42.4,42.4
360.917,48,135.0,1723.0,67.0,6.0,23.63,83.5,2.0,42.4,42.4
360.978,48,135.0,1723.0,67.0,6.0,23.63,83.5,2.0,42.4,42.4
361.067,48,135.0,1723.0,67.0,6.0,23.63,83.5,2.0,42.4,42.4
361.127,48,135.0,1723.0,67.0,6.0,23.63,83.5,2.0,40.4,42.4
361.218,48,135.0,1723.0,67.0,6.0,23.63,83.5,2.0,40.4,40.8
361.279,48,135.0,1723.0,67.0,6.0,23.63,83.5,2.0,40.4,40.8
361.366,48,122.0,1723.0,67.0,6.0,23.63,83.5,2.0,40.4,40.8
361.427,48,122.0,1738.0,67.0,6.0,23.63,83.5,2.0,40.4,40.8
361.516,48,122.0,1738.0,68.0,6.0,23.63,83.5,2.0,40.4,40.8
361.577,48,122.0,1738.0,68.0,6.0,23.63,83.5,2.0,40.4,40.8
361.667,48,122.0,1738.0,68.0,6.0,23.49,83.5,2.0,40.4,40.8
361.729,48,122.0,1738.0,68.0,6.0,23.49,83.5,2.0,40.4,40.8
361.817,48,122.0,1738.0,68.0,6.0,23.49,83.5,2.0,40.4,40.8
361.877,48,122.0,1738.0,68.0,6.0,23.49,83.5,2.0,38.8,40.8
361.967,48,122.0,1738.0,68.0,6.0,23.49,83.5,2.0,38.8,39.6
362.028,48,122.0,1738.0,68.0,6.0,23.49,83.5,2.0,38.8,39.6
362.117,48,121.0,1738.0,68.0,6.0,23.49,83.5,2.0,38.8,39.6
362.179,48,121.0,1745.0,68.0,6.0,23.49,83.5,2.0,38.8,39.6
362.267,48,121.0,1745.0,68.0,6.0,23.49,83.5,2.0,38.8,39.6
362.328,48,121.0,1745.0,68.0,6.0,23.49,83.5,2.0,38.8,39.6
362.416,48,121.0,1745.0,68.0,6.0,21.99,83.5,2.0,38.8,39.6
362.477,48,121.0,1745.0,68.0,6.0,21.99,83.5,2.0,38.8,39.6
362.567,48,121.0,1745.0,68.0,6.0,21.99,83.5,2.0,38.8,39.6
362.627,48,121.0,1745.0,68.0,6.0,21.99,83.5,2.0,37.6,39.6
362.717,48,121.0,1745.0,68.0,6.0,21.99,83.5,2.0,37.6,38.0
362.777,48,121.0,1745.0,68.0,6.0,21.99,83.5,2.0,37.6,38.0
362.867,48,118.0,1745.0,68.0,6.0,21.99,83.5,2.0,37.6,38.0
362.929,48,118.0,1756.0,68.0,6.0,21.99,83.5,2.0,37.6,38.0
363.017,48,118.0,1756.0,68.0,6.0,21.99,83.5,2.0,37.6,38.0
363.078,48,118.0,1756.0,68.0,5.0,21.99,83.5,2.0,37.6,38.0
363.167,48,118.0,1756.0,68.0,5.0,21.05,83.5,2.0,37.6,38.0
363.229,48,118.0,1756.0,68.0,5.0,21.05,83.5,2.0,37.6,38.0
363.316,48,118.0,1756.0,68.0,5.0,21.05,83.5,2.0,37.6,38.0
363.378,48,118.0,1756.0,68.0,5.0,21.05,83.5,2.0,36.1,38.0
363.466,48,118.0,1756.0,68.0,5.0,21.05,83.5,2.0,36.1,36.5
363.527,48,118.0,1756.0,68.0,5.0,21.05,83.5,2.0,36.1,36.5
363.617,48,115.0,1756.0,68.0,5.0,21.05,83.5,2.0,36.1,36.5
363.678,48,115.0,1756.0,68.0,5.0,21.05,83.5,2.0,36.1,36.5
363.767,48,115.0,1756.0,68.0,5.0,21.05,83.5,2.0,36.1,36.5
363.828,48,115.0,1756.0,68.0,5.0,21.05,83.5,2.0,36.1,36.5
363.917,48,115.0,1756.0,68.0,5.0,20.33,83.5,2.0,36.1,36.5
363.979,48,115.0,1756.0,68.0,5.0,20.33,83.5,2.0,36.1,36.5
364.066,48,115.0,1756.0,68.0,5.0,20.33,83.5,2.0,36.1,36.5
364.128,48,115.0,1756.0,68.0,5.0,20.33,83.5,2.0,36.5,36.5
364.218,48,115.0,1756.0,68.0,5.0,20.33,83.5,2.0,36.5,37.3
364.279,48,115.0,1756.0,68.0,5.0,20.33,83.5,2.0,36.5,37.3
364.37,48,114.0,1756.0,68.0,5.0,20.33,83.5,2.0,36.5,37.3
364.427,48,114.0,1757.0,68.0,5.0,20.33,83.5,2.0,36.5,37.3
364.516,48,114.0,1757.0,68.0,5.0,20.33,83.5,2.0,36.5,37.3
364.577,48,114.0,1757.0,68.0,5.0,20.33,83.5,2.0,36.5,37.3
364.667,48,114.0,1757.0,68.0,5.0,21.41,83.5,2.0,36.5,37.3
364.729,48,114.0,1757.0,68.0,5.0,21.41,83.5,2.0,36.5,37.3
364.817,48,114.0,1757.0,68.0,5.0,21.41,83.5,2.0,36.5,37.3
364.937,48,114.0,1757.0,68.0,5.0,21.41,83.5,2.0,36.9,37.3
365.027,48,114.0,1757.0,68.0,5.0,21.41,83.5,2.0,36.9,37.3
365.116,48,114.0,1757.0,68.0,5.0,21.41,83.5,2.0,36.9,37.3
365.177,48,116.0,1757.0,68.0,5.0,21.41,83.5,2.0,36.9,37.3
365.266,48,116.0,1761.0,68.0,5.0,21.41,83.5,2.0,36.9,37.3
365.327,48,116.0,1761.0,69.0,5.0,21.41,83.5,2.0,36.9,37.3
365.416,48,116.0,1761.0,69.0,6.0,21.41,83.5,2.0,36.9,37.3
365.477,48,116.0,1761.0,69.0,6.0,21.69,83.5,2.0,36.9,37.3
365.566,48,116.0,1761.0,69.0,6.0,21.69,83.5,2.0,36.9,37.3
365.627,48,116.0,1761.0,69.0,6.0,21.69,83.5,2.0,36.9,37.3
365.716,48,116.0,1761.0,69.0,6.0,21.69,83.5,2.0,37.3,37.3
365.777,48,116.0,1761.0,69.0,6.0,21.69,83.5,2.0,37.3,37.6
365.867,48,116.0,1761.0,69.0,6.0,21.69,83.5,2.0,37.3,37.6
365.928,48,118.0,1761.0,69.0,6.0,21.69,83.5,2.0,37.3,37.6
366.017,48,118.0,1774.0,69.0,6.0,21.69,83.5,2.0,37.3,37.6
366.079,48,118.0,1774.0,69.0,6.0,21.69,83.5,2.0,37.3,37.6
366.167,48,118.0,1774.0,69.0,6.0,21.69,83.5,2.0,37.3,37.6
366.228,48,118.0,1774.0,69.0,6.0,21.58,83.5,2.0,37.3,37.6
366.317,48,118.0,1774.0,69.0,6.0,21.58,83.5,2.0,37.3,37.6
366.377,48,118.0,1774.0,69.0,6.0,21.58,83.5,2.0,37.3,37.6
366.467,48,118.0,1774.0,69.0,6.0,21.58,83.5,2.0,37.3,37.6
366.527,48,118.0,1774.0,69.0,6.0,21.58,83.5,2.0,37.3,37.6
366.617,48,118.0,1774.0,69.0,6.0,21.58,83.5,2.0,37.3,37.6
366.678,48,120.0,1774.0,69.0,6.0,21.58,83.5,2.0,37.3,37.6
366.767,48,120.0,1771.0,69.0,6.0,21.58,83.5,2.0,37.3,37.6
366.829,48,120.0,1771.0,69.0,6.0,21.58,83.5,2.0,37.3,37.6
366.919,48,120.0,1771.0,69.0,6.0,21.58,83.5,2.0,37.3,37.6
366.99,48,120.0,1771.0,69.0,6.0,22.05,83.5,2.0,37.3,37.6
367.066,48,120.0,1771.0,69.0,6.0,22.05,83.5,2.0,37.3,37.6
367.128,48,120.0,1771.0,69.0,6.0,22.05,83.5,2.0,37.3,37.6
367.216,48,120.0,1771.0,69.0,6.0,22.05,83.5,2.0,34.9,37.6
367.308,48,120.0,1771.0,69.0,6.0,22.05,83.5,2.0,34.9,34.9
367.367,48,120.0,1771.0,69.0,6.0,22.05,83.5,2.0,34.9,34.9
367.427,48,118.0,1771.0,69.0,6.0,22.05,83.5,2.0,34.9,34.9
367.516,48,118.0,1771.0,69.0,6.0,22.05,83.5,2.0,34.9,34.9
367.578,48,118.0,1771.0,69.0,6.0,22.05,83.5,2.0,34.9,34.9
367.667,48,118.0,1771.0,69.0,6.0,22.05,83.5,2.0,34.9,34.9
367.728,48,118.0,1771.0,69.0,6.0,20.16,83.5,2.0,34.9,34.9
367.816,48,118.0,1771.0,69.0,6.0,20.16,83.5,2.0,34.9,34.9
367.877,48,118.0,1771.0,69.0,6.0,20.16,83.5,2.0,34.9,34.9
367.967,48,118.0,1771.0,69.0,6.0,20.16,83.5,2.0,34.5,34.9
368.027,48,118.0,1771.0,69.0,6.0,20.16,83.5,2.0,34.5,34.9
368.116,48,118.0,1771.0,69.0,6.0,20.16,83.5,2.0,34.5,34.9
368.177,48,112.0,1771.0,69.0,6.0,20.16,83.5,2.0,34.5,34.9
368.266,48,112.0,1773.0,69.0,6.0,20.16,83.5,2.0,34.5,34.9
368.328,48,112.0,1773.0,69.0,6.0,20.16,83.5,2.0,34.5,34.9
368.416,48,112.0,1773.0,69.0,6.0,20.16,83.5,2.0,34.5,34.9
368.478,48,112.0,1773.0,69.0,6.0,19.99,83.5,2.0,34.5,34.9
368.567,48,112.0,1773.0,69.0,6.0,19.99,83.5,2.0,34.5,34.9
368.628,48,112.0,1773.0,69.0,6.0,19.99,83.5,2.0,34.5,34.9
368.716,48,112.0,1773.0,69.0,6.0,19.99,83.5,2.0,34.1,34.9
368.778,48,112.0,1773.0,69.0,6.0,19.99,83.5,2.0,34.1,34.5
368.867,48,112.0,1773.0,69.0,6.0,19.99,83.5,2.0,34.1,34.5
368.928,48,112.0,1773.0,69.0,6.0,19.99,83.5,2.0,34.1,34.5
369.017,48,112.0,1763.0,69.0,6.0,19.99,83.5,2.0,34.1,34.5
369.079,48,112.0,1763.0,69.0,6.0,19.99,83.5,2.0,34.1,34.5
369.167,48,112.0,1763.0,69.0,6.0,19.99,83.5,2.0,34.1,34.5
369.228,48,112.0,1763.0,69.0,6.0,20.05,83.5,2.0,34.1,34.5
369.316,48,112.0,1763.0,69.0,6.0,20.05,83.5,2.0,34.1,34.5
369.377,48,112.0,1763.0,69.0,6.0,20.05,83.5,2.0,34.1,34.5
369.466,48,112.0,1763.0,69.0,6.0,20.05,83.5,2.0,34.1,34.5
369.528,48,112.0,1763.0,69.0,6.0,20.05,83.5,2.0,34.1,34.5
369.616,48,112.0,1763.0,69.0,6.0,20.05,83.5,2.0,34.1,34.5
369.678,48,112.0,1763.0,69.0,6.0,20.05,83.5,2.0,34.1,34.5
369.767,48,112.0,1763.0,69.0,6.0,20.05,83.5,2.0,34.1,34.5
369.828,48,112.0,1763.0,69.0,6.0,20.05,83.5,2.0,34.1,34.5
369.979,48,112.0,1763.0,69.0,6.0,20.05,83.5,2.0,34.1,34.5
370.066,48,112.0,1763.0,69.0,6.0,20.02,83.5,2.0,34.1,34.5
370.128,48,112.0,1763.0,69.0,6.0,20.02,83.5,2.0,34.1,34.5
370.216,48,112.0,1763.0,69.0,6.0,20.02,83.5,2.0,34.1,34.5
370.28,48,112.0,1763.0,69.0,6.0,20.02,83.5,2.0,33.3,34.5
370.366,48,112.0,1763.0,69.0,6.0,20.02,83.5,2.0,33.3,32.9
370.427,48,112.0,1763.0,69.0,6.0,20.02,83.5,2.0,33.3,32.9
370.516,48,112.0,1763.0,69.0,6.0,20.02,83.5,2.0,33.3,32.9
370.577,48,112.0,1762.0,69.0,6.0,20.02,83.5,2.0,33.3,32.9
370.667,48,112.0,1762.0,69.0,6.0,20.02,83.5,2.0,33.3,32.9
370.727,48,112.0,1762.0,69.0,6.0,20.02,83.5,2.0,33.3,32.9
370.817,48,112.0,1762.0,69.0,6.0,19.24,83.5,2.0,33.3,32.9
370.878,48,112.0,1762.0,69.0,6.0,19.24,83.5,2.0,33.3,32.9
370.966,48,112.0,1762.0,69.0,6.0,19.24,83.5,2.0,33.3,32.9
371.028,48,112.0,1762.0,69.0,6.0,19.24,83.5,2.0,32.5,32.9
371.117,48,112.0,1762.0,69.0,6.0,19.24,83.5,2.0,32.5,32.5
371.178,48,112.0,1762.0,69.0,6.0,19.24,83.5,2.0,32.5,32.5
371.267,48,109.0,1762.0,69.0,6.0,19.24,83.5,2.0,32.5,32.5
371.328,48,109.0,1760.0,69.0,6.0,19.24,83.5,2.0,32.5,32.5
371.416,48,109.0,1760.0,69.0,6.0,19.24,83.5,2.0,32.5,32.5
371.477,48,109.0,1760.0,69.0,6.0,19.24,83.5,2.0,32.5,32.5
371.567,48,109.0,1760.0,69.0,6.0,19.13,83.5,2.0,32.5,32.5
371.628,48,109.0,1760.0,69.0,6.0,19.13,83.5,2.0,32.5,32.5
371.717,48,109.0,1760.0,69.0,6.0,19.13,83.5,2.0,32.5,32.5
371.778,48,109.0,1760.0,69.0,6.0,19.13,83.5,2.0,32.5,32.5
371.867,48,109.0,1760.0,69.0,6.0,19.13,83.5,2.0,32.5,32.9
371.928,48,109.0,1760.0,69.0,6.0,19.13,83.5,2.0,32.5,32.9
372.016,48,109.0,1760.0,69.0,6.0,19.13,83.5,2.0,32.5,32.9
372.077,48,109.0,1755.0,69.0,6.0,19.13,83.5,2.0,32.5,32.9
372.166,48,109.0,1755.0,68.0,6.0,19.13,83.5,2.0,32.5,32.9
372.227,48,109.0,1755.0,68.0,6.0,19.13,83.5,2.0,32.5,32.9
372.316,48,109.0,1755.0,68.0,6.0,19.47,83.5,2.0,32.5,32.9
372.378,48,109.0,1755.0,68.0,6.0,19.47,83.5,2.0,32.5,32.9
372.466,48,109.0,1755.0,68.0,6.0,19.47,83.5,2.0,32.5,32.9
372.527,48,109.0,1755.0,68.0,6.0,19.47,83.5,2.0,32.5,32.9
372.617,48,109.0,1755.0,68.0,6.0,19.47,83.5,2.0,32.5,32.9
372.679,48,109.0,1755.0,68.0,6.0,19.47,83.5,2.0,32.5,32.9
372.767,48,110.0,1755.0,68.0,6.0,19.47,83.5,2.0,32.5,32.9
372.828,48,110.0,1756.0,68.0,6.0,19.47,83.5,2.0,32.5,32.9
372.917,48,110.0,1756.0,68.0,6.0,19.47,83.5,2.0,32.5,32.9
372.979,48,110.0,1756.0,68.0,6.0,19.47,83.5,2.0,32.5,32.9
373.066,48,110.0,1756.0,68.0,6.0,19.41,83.5,2.0,32.5,32.9
373.128,48,110.0,1756.0,68.0,6.0,19.41,83.5,2.0,32.5,32.9
373.217,48,110.0,1756.0,68.0,6.0,19.41,83.5,2.0,32.5,32.9
373.278,48,110.0,1756.0,68.0,6.0,19.41,83.5,2.0,33.3,32.9
373.371,48,110.0,1756.0,68.0,6.0,19.41,83.5,2.0,33.3,33.3
373.457,48,110.0,1756.0,68.0,6.0,19.41,83.5,2.0,33.3,33.3
373.517,48,111.0,1756.0,68.0,6.0,19.41,83.5,2.0,33.3,33.3
373.577,48,111.0,1751.0,68.0,6.0,19.41,83.5,2.0,33.3,33.3
373.667,48,111.0,1751.0,68.0,6.0,19.41,83.5,2.0,33.3,33.3
373.728,48,111.0,1751.0,68.0,6.0,19.41,83.5,2.0,33.3,33.3
373.817,48,111.0,1751.0,68.0,6.0,19.66,83.5,2.0,33.3,33.3
373.878,48,111.0,1751.0,68.0,6.0,19.66,83.5,2.0,33.3,33.3
373.967,48,111.0,1751.0,68.0,6.0,19.66,83.5,2.0,33.3,33.3
374.028,48,111.0,1751.0,68.0,6.0,19.66,83.5,2.0,32.2,33.3
374.118,48,111.0,1751.0,68.0,6.0,19.66,83.5,2.0,32.2,32.5
374.178,48,111.0,1751.0,68.0,6.0,19.66,83.5,2.0,32.2,32.5
374.268,48,111.0,1751.0,68.0,6.0,19.66,83.5,2.0,32.2,32.5
374.357,48,111.0,1747.0,68.0,6.0,19.66,83.5,2.0,32.2,32.5
374.448,48,111.0,1747.0,68.0,6.0,19.66,83.5,2.0,32.2,32.5
374.536,48,111.0,1747.0,68.0,6.0,19.66,83.5,2.0,32.2,32.5
374.627,48,111.0,1747.0,68.0,6.0,18.99,83.5,2.0,32.2,32.5
374.716,48,111.0,1747.0,68.0,6.0,18.99,83.5,2.0,32.2,32.5
374.806,48,111.0,1747.0,68.0,6.0,18.99,83.5,2.0,32.2,32.5
374.957,48,111.0,1747.0,68.0,6.0,18.99,83.5,2.0,31.8,32.5
375.047,48,111.0,1747.0,68.0,6.0,18.99,83.5,2.0,31.8,32.2
375.136,48,111.0,1747.0,68.0,6.0,18.99,83.5,2.0,31.8,32.2
375.227,48,110.0,1747.0,68.0,6.0,18.99,83.5,2.0,31.8,32.2
375.317,48,110.0,1732.0,68.0,6.0,18.99,83.5,2.0,31.8,32.2
375.406,48,110.0,1732.0,67.0,6.0,18.99,83.5,2.0,31.8,32.2
375.497,48,110.0,1732.0,67.0,6.0,18.99,83.5,2.0,31.8,32.2
375.587,48,110.0,1732.0,67.0,6.0,18.69,83.5,2.0,31.8,32.2
375.676,48,110.0,1732.0,67.0,6.0,18.69,83.5,2.0,31.8,32.2
375.767,48,110.0,1732.0,67.0,6.0,18.69,83.5,2.0,31.8,32.2
375.857,48,110.0,1732.0,67.0,6.0,18.69,83.5,2.0,32.2,32.2
375.947,48,110.0,1732.0,67.0,6.0,18.69,83.5,2.0,32.2,32.5
376.037,48,110.0,1732.0,67.0,6.0,18.69,83.5,2.0,32.2,32.5
376.126,48,109.0,1732.0,67.0,6.0,18.69,83.5,2.0,32.2,32.5
376.216,48,109.0,1716.0,67.0,6.0,18.69,83.5,2.0,32.2,32.5
376.307,48,109.0,1716.0,67.0,6.0,18.69,83.5,2.0,32.2,32.5
376.396,48,109.0,1716.0,67.0,6.0,18.69,83.5,2.0,32.2,32.5
376.486,48,109.0,1716.0,67.0,6.0,18.33,83.5,2.0,32.2,32.5
376.577,48,109.0,1716.0,67.0,6.0,18.33,83.5,2.0,32.2,32.5
376.667,48,109.0,1716.0,67.0,6.0,18.33,83.5,2.0,32.2,32.5
376.756,48,109.0,1716.0,67.0,6.0,18.33,83.5,2.0,32.9,32.5
376.847,48,109.0,1716.0,67.0,6.0,18.33,83.5,2.0,32.9,33.3
376.937,48,109.0,1716.0,67.0,6.0,18.33,83.5,2.0,32.9,33.3
377.026,48,110.0,1716.0,67.0,6.0,18.33,83.5,2.0,32.9,33.3
377.128,48,110.0,1703.0,67.0,6.0,18.33,83.5,2.0,32.9,33.3
377.238,48,110.0,1703.0,66.0,6.0,18.33,83.5,2.0,32.9,33.3
377.327,48,110.0,1703.0,66.0,7.0,18.33,83.5,2.0,32.9,33.3
377.416,48,110.0,1703.0,66.0,7.0,18.66,83.5,2.0,32.9,33.3
377.507,48,110.0,1703.0,66.0,7.0,18.66,83.5,2.0,32.9,33.3
377.597,48,110.0,1703.0,66.0,7.0,18.66,83.5,2.0,32.9,33.3
377.687,48,110.0,1703.0,66.0,7.0,18.66,83.5,2.0,32.9,33.3
377.777,48,110.0,1703.0,66.0,7.0,18.66,83.5,2.0,32.9,33.3
377.866,48,110.0,1703.0,66.0,7.0,18.66,83.5,2.0,32.9,33.3
377.957,48,112.0,1703.0,66.0,7.0,18.66,83.5,2.0,32.9,33.3
378.046,48,112.0,1693.0,66.0,7.0,18.66,83.5,2.0,32.9,33.3
378.137,48,112.0,1693.0,66.0,7.0,18.66,83.5,2.0,32.9,33.3
378.227,48,112.0,1693.0,66.0,7.0,18.66,83.5,2.0,32.9,33.3
378.317,48,112.0,1693.0,66.0,7.0,18.83,83.5,2.0,32.9,33.3
378.407,48,112.0,1693.0,66.0,7.0,18.83,83.5,2.0,32.9,33.3
378.496,48,112.0,1693.0,66.0,7.0,18.83,83.5,2.0,32.9,33.3
378.586,48,112.0,1693.0,66.0,7.0,18.83,83.5,2.0,32.9,33.3
378.677,48,112.0,1693.0,66.0,7.0,18.83,83.5,2.0,32.9,33.3
378.767,48,112.0,1693.0,66.0,7.0,18.83,83.5,2.0,32.9,33.3
378.858,48,112.0,1693.0,66.0,7.0,18.83,83.5,2.0,32.9,33.3
378.947,48,112.0,1655.0,66.0,7.0,18.83,83.5,2.0,32.9,33.3
379.037,48,112.0,1655.0,65.0,7.0,18.83,83.5,2.0,32.9,33.3
379.126,48,112.0,1655.0,65.0,7.0,18.83,83.5,2.0,32.9,33.3
379.216,48,112.0,1655.0,65.0,7.0,17.52,83.5,2.0,32.9,33.3
379.307,48,112.0,1655.0,65.0,7.0,17.52,83.5,2.0,32.9,33.3
379.396,48,112.0,1655.0,65.0,7.0,17.52,83.5,2.0,32.9,33.3
379.487,48,112.0,1655.0,65.0,7.0,17.52,83.5,2.0,14.1,33.3
379.576,48,112.0,1655.0,65.0,7.0,17.52,83.5,2.0,14.1,14.5
379.667,48,112.0,1655.0,65.0,7.0,17.52,83.5,2.0,14.1,14.5
379.757,48,114.0,1655.0,65.0,7.0,17.52,83.5,2.0,14.1,14.5
379.847,48,114.0,1617.0,65.0,7.0,17.52,83.5,2.0,14.1,14.5
379.937,48,114.0,1617.0,63.0,7.0,17.52,83.5,2.0,14.1,14.5
380.028,48,114.0,1617.0,63.0,7.0,17.52,83.5,2.0,14.1,14.5
380.117,48,114.0,1617.0,63.0,7.0,15.36,83.5,2.0,14.1,14.5
380.208,48,114.0,1617.0,63.0,7.0,15.36,83.5,2.0,14.1,14.5
380.296,48,114.0,1617.0,63.0,7.0,15.36,83.5,2.0,14.1,14.5
380.386,48,114.0,1617.0,63.0,7.0,15.36,83.5,2.0,14.1,14.5
380.476,48,114.0,1617.0,63.0,7.0,15.36,83.5,2.0,14.1,14.5
380.566,48,114.0,1617.0,63.0,7.0,15.36,83.5,2.0,14.1,14.5
380.657,48,114.0,1617.0,63.0,7.0,15.36,83.5,2.0,14.1,14.5
380.747,48,114.0,1050.0,63.0,7.0,15.36,83.5,2.0,14.1,14.5
380.836,48,114.0,1050.0,62.0,7.0,15.36,83.5,2.0,14.1,14.5
380.926,48,114.0,1050.0,62.0,4.0,15.36,83.5,2.0,14.1,14.5
381.016,48,114.0,1050.0,62.0,4.0,13.38,83.5,2.0,14.1,14.5
381.107,48,114.0,1050.0,62.0,4.0,13.38,83.5,2.0,14.1,14.5
381.196,48,114.0,1050.0,62.0,4.0,13.38,83.5,2.0,14.1,14.5
381.287,48,114.0,1050.0,62.0,4.0,13.38,83.5,2.0,14.1,14.5
381.376,48,114.0,1050.0,62.0,4.0,13.38,83.5,2.0,14.1,14.5
381.467,48,114.0,1050.0,62.0,4.0,13.38,83.5,2.0,14.1,14.5
381.557,48,101.0,1050.0,62.0,4.0,13.38,83.5,2.0,14.1,14.5
381.647,48,101.0,1982.0,62.0,4.0,13.38,83.5,2.0,14.1,14.5
381.738,48,101.0,1982.0,59.0,4.0,13.38,83.5,2.0,14.1,14.5
381.826,48,101.0,1982.0,59.0,7.0,13.38,83.5,2.0,14.1,14.5
381.917,48,101.0,1982.0,59.0,7.0,25.74,83.5,2.0,14.1,14.5
382.008,48,101.0,1982.0,59.0,7.0,25.74,83.5,2.0,14.1,14.5
382.097,48,101.0,1982.0,59.0,7.0,25.74,83.5,2.0,14.1,14.5
382.186,48,101.0,1982.0,59.0,7.0,25.74,83.5,2.0,14.1,14.5
382.276,48,101.0,1982.0,59.0,7.0,25.74,83.5,2.0,14.1,14.5
382.367,48,101.0,1982.0,59.0,7.0,25.74,83.5,2.0,14.1,14.5
382.457,48,111.0,1982.0,59.0,7.0,25.74,83.5,2.0,14.1,14.5
382.547,48,111.0,2080.0,59.0,7.0,25.74,83.5,2.0,14.1,14.5
382.637,48,111.0,2080.0,56.0,7.0,25.74,83.5,2.0,14.1,14.5
382.727,48,111.0,2080.0,56.0,9.0,25.74,83.5,2.0,14.1,14.5
382.817,48,111.0,2080.0,56.0,9.0,24.49,83.5,2.0,14.1,14.5
382.908,48,111.0,2080.0,56.0,9.0,24.49,83.5,2.0,14.1,14.5
382.997,48,111.0,2080.0,56.0,9.0,24.49,83.5,2.0,14.1,14.5
383.086,48,111.0,2080.0,56.0,9.0,24.49,83.5,2.0,14.1,14.5
383.176,48,111.0,2080.0,56.0,9.0,24.49,83.5,2.0,14.1,14.5
383.267,48,111.0,2080.0,56.0,9.0,24.49,83.5,2.0,14.1,14.5
383.357,48,121.0,2080.0,56.0,9.0,24.49,83.5,2.0,14.1,14.5
383.446,48,121.0,1958.0,56.0,9.0,24.49,83.5,2.0,14.1,14.5
383.536,48,121.0,1958.0,53.0,9.0,24.49,83.5,2.0,14.1,14.5
383.626,48,121.0,1958.0,53.0,8.0,24.49,83.5,2.0,14.1,14.5
383.716,48,121.0,1958.0,53.0,8.0,23.02,83.5,2.0,14.1,14.5
383.807,48,121.0,1958.0,53.0,8.0,23.02,83.5,2.0,14.1,14.5
383.896,48,121.0,1958.0,53.0,8.0,23.02,83.5,2.0,14.1,14.5
383.987,48,121.0,1958.0,53.0,8.0,23.02,83.5,2.0,14.1,14.5
384.076,48,121.0,1958.0,53.0,8.0,23.02,83.5,2.0,14.1,14.5
384.167,49,121.0,1958.0,53.0,8.0,23.02,83.5,2.0,14.1,14.5
384.257,49,122.0,1958.0,53.0,8.0,23.02,83.5,2.0,14.1,14.5
384.347,49,122.0,1824.0,53.0,8.0,23.02,83.5,2.0,14.1,14.5
384.436,49,122.0,1824.0,49.0,8.0,23.02,83.5,2.0,14.1,14.5
384.526,49,122.0,1824.0,49.0,7.0,23.02,83.5,2.0,14.1,14.5
384.616,49,122.0,1824.0,49.0,7.0,20.94,83.5,2.0,14.1,14.5
384.707,49,122.0,1824.0,49.0,7.0,20.94,83.5,2.0,14.1,14.5
384.796,49,122.0,1824.0,49.0,7.0,20.94,83.5,2.0,14.1,14.5
384.887,49,122.0,1824.0,49.0,7.0,20.94,83.5,2.0,14.1,14.5
384.977,49,122.0,1824.0,49.0,7.0,20.94,83.5,2.0,14.1,14.5
385.066,49,122.0,1824.0,49.0,7.0,20.94,83.5,2.0,14.1,14.5
385.157,49,120.0,1824.0,49.0,7.0,20.94,83.5,2.0,14.1,14.5
385.247,49,120.0,1691.0,49.0,7.0,20.94,83.5,2.0,14.1,14.5
385.337,49,120.0,1691.0,45.0,7.0,20.94,83.5,2.0,14.1,14.5
385.426,49,120.0,1691.0,45.0,7.0,20.94,83.5,2.0,14.1,14.5
385.517,49,120.0,1691.0,45.0,7.0,18.33,83.5,2.0,14.1,14.5
385.609,49,120.0,1691.0,45.0,7.0,18.33,83.5,2.0,14.1,14.5
385.696,49,120.0,1691.0,45.0,7.0,18.33,83.5,2.0,14.1,14.5
385.786,49,120.0,1691.0,45.0,7.0,18.33,83.5,2.0,14.1,14.5
385.876,49,120.0,1691.0,45.0,7.0,18.33,83.5,2.0,14.1,14.5
385.966,49,120.0,1691.0,45.0,7.0,18.33,83.5,2.0,14.1,14.5
386.057,49,118.0,1691.0,45.0,7.0,18.33,83.5,2.0,14.1,14.5
386.148,49,118.0,1065.0,45.0,7.0,18.33,83.5,2.0,14.1,14.5
386.237,49,118.0,1065.0,41.0,7.0,18.33,83.5,2.0,14.1,14.5
386.327,49,118.0,1065.0,41.0,7.0,18.33,83.5,2.0,14.1,14.5
386.416,49,118.0,1065.0,41.0,7.0,10.49,83.5,2.0,14.1,14.5
386.506,49,118.0,1065.0,41.0,7.0,10.49,83.5,2.0,14.1,14.5
386.596,49,118.0,1065.0,41.0,7.0,10.49,83.5,2.0,14.1,14.5
386.686,49,118.0,1065.0,41.0,7.0,10.49,83.5,2.0,14.1,14.5
386.776,49,118.0,1065.0,41.0,7.0,10.49,83.5,2.0,14.1,14.5
386.866,49,118.0,1065.0,41.0,7.0,10.49,83.5,2.0,14.1,14.5
386.957,49,111.0,1065.0,41.0,7.0,10.49,83.5,2.0,14.1,14.5
387.049,49,111.0,1036.0,41.0,7.0,10.49,83.5,2.0,14.1,14.5
387.137,49,111.0,1036.0,37.0,7.0,10.49,83.5,2.0,14.1,14.5
387.227,49,111.0,1036.0,37.0,4.0,10.49,83.5,2.0,14.1,14.5
387.317,49,111.0,1036.0,37.0,4.0,11.36,83.5,2.0,14.1,14.5
387.406,49,111.0,1036.0,37.0,4.0,11.36,83.5,2.0,14.1,14.5
387.496,49,111.0,1036.0,37.0,4.0,11.36,83.5,2.0,14.1,14.5
387.586,49,111.0,1036.0,37.0,4.0,11.36,83.5,2.0,14.1,14.5
387.676,49,111.0,1036.0,37.0,4.0,11.36,83.5,2.0,14.1,14.5
387.766,49,111.0,1036.0,37.0,4.0,11.36,83.5,2.0,14.1,14.5
387.857,49,108.0,1036.0,37.0,4.0,11.36,83.5,2.0,14.1,14.5
387.946,49,108.0,1036.0,37.0,4.0,11.36,83.5,2.0,14.1,14.5
388.036,49,108.0,1036.0,31.0,4.0,11.36,83.5,2.0,14.1,14.5
388.126,49,108.0,1036.0,31.0,4.0,11.36,83.5,2.0,14.1,14.5
388.216,49,108.0,1036.0,31.0,4.0,10.86,83.5,2.0,14.1,14.5
388.307,49,108.0,1036.0,31.0,4.0,10.86,83.5,2.0,14.1,14.5
388.396,49,108.0,1036.0,31.0,4.0,10.86,83.5,2.0,14.1,14.5
388.487,49,108.0,1036.0,31.0,4.0,10.86,83.5,2.0,14.1,14.5
388.576,49,108.0,1036.0,31.0,4.0,10.86,83.5,2.0,14.1,14.1
388.666,49,108.0,1036.0,31.0,4.0,10.86,83.5,2.0,14.1,14.1
388.757,49,107.0,1036.0,31.0,4.0,10.86,83.5,2.0,14.1,14.1
388.847,49,107.0,1037.0,31.0,4.0,10.86,83.5,2.0,14.1,14.1
388.936,49,107.0,1037.0,24.0,4.0,10.86,83.5,2.0,14.1,14.1
389.027,49,107.0,1037.0,24.0,4.0,10.86,83.5,2.0,14.1,14.1
389.117,49,107.0,1037.0,24.0,4.0,10.8,83.5,2.0,14.1,14.1
389.207,49,107.0,1037.0,24.0,4.0,10.8,83.5,2.0,14.1,14.1
389.296,49,107.0,1037.0,24.0,4.0,10.8,83.5,2.0,14.1,14.1
389.386,49,107.0,1037.0,24.0,4.0,10.8,83.5,2.0,14.1,14.1
389.476,49,107.0,1037.0,24.0,4.0,10.8,83.5,2.0,14.1,14.5
389.566,49,107.0,1037.0,24.0,4.0,10.8,83.5,2.0,14.1,14.5
389.657,49,107.0,1037.0,24.0,4.0,10.8,83.5,2.0,14.1,14.5
389.747,49,107.0,1039.0,24.0,4.0,10.8,83.5,2.0,14.1,14.5
389.837,49,107.0,1039.0,17.0,4.0,10.8,83.5,2.0,14.1,14.5
389.957,49,107.0,1039.0,17.0,5.0,10.8,83.5,2.0,14.1,14.5
390.047,49,107.0,1039.0,17.0,5.0,10.77,83.5,2.0,14.1,14.5
390.136,49,107.0,1039.0,17.0,5.0,10.77,83.5,2.0,14.1,14.5
390.226,49,107.0,1039.0,17.0,5.0,10.77,83.5,2.0,14.1,14.5
390.316,49,107.0,1039.0,17.0,5.0,10.77,83.5,2.0,14.1,14.5
390.406,49,107.0,1039.0,17.0,5.0,10.77,83.5,2.0,14.1,14.5
390.495,49,107.0,1039.0,17.0,5.0,10.77,83.5,2.0,14.1,14.5
390.585,49,107.0,1039.0,17.0,5.0,10.77,83.5,2.0,14.1,14.5
390.676,49,107.0,1038.0,17.0,5.0,10.77,83.5,2.0,14.1,14.5
390.766,49,107.0,1038.0,11.0,5.0,10.77,83.5,2.0,14.1,14.5
390.856,49,107.0,1038.0,11.0,4.0,10.77,83.5,2.0,14.1,14.5
390.946,49,107.0,1038.0,11.0,4.0,10.66,83.5,2.0,14.1,14.5
391.037,49,107.0,1038.0,11.0,4.0,10.66,83.5,2.0,14.1,14.5
391.126,49,107.0,1038.0,11.0,4.0,10.66,83.5,2.0,14.1,14.5
391.216,49,107.0,1038.0,11.0,4.0,10.66,83.5,2.0,22.7,14.5
391.307,49,107.0,1038.0,11.0,4.0,10.66,83.5,2.0,22.7,22.7
391.426,49,107.0,1038.0,11.0,4.0,10.66,83.5,2.0,22.7,22.7
391.516,49,103.0,1038.0,11.0,4.0,10.66,83.5,2.0,22.7,22.7
391.607,49,103.0,1249.0,11.0,4.0,10.66,83.5,2.0,22.7,22.7
391.696,49,103.0,1249.0,11.0,4.0,10.66,83.5,2.0,22.7,22.7
391.786,49,103.0,1249.0,11.0,5.0,10.66,83.5,2.0,22.7,22.7
391.876,49,103.0,1249.0,11.0,5.0,13.49,83.5,2.0,22.7,22.7
391.966,49,103.0,1249.0,11.0,5.0,13.49,83.5,2.0,22.7,22.7
392.056,49,103.0,1249.0,11.0,5.0,13.49,83.5,2.0,22.7,22.7
392.147,49,103.0,1249.0,11.0,5.0,13.49,83.5,2.0,36.5,22.7
392.24,49,103.0,1249.0,11.0,5.0,13.49,83.5,2.0,36.5,39.2
392.326,49,103.0,1249.0,11.0,5.0,13.49,83.5,2.0,36.5,39.2
392.416,49,105.0,1249.0,11.0,5.0,13.49,83.5,2.0,36.5,39.2
392.506,49,105.0,1636.0,11.0,5.0,13.49,83.5,2.0,36.5,39.2
392.596,49,105.0,1636.0,14.0,5.0,13.49,83.5,2.0,36.5,39.2
392.686,49,105.0,1636.0,14.0,6.0,13.49,83.5,2.0,36.5,39.2
392.776,49,105.0,1636.0,14.0,6.0,32.97,83.5,2.0,36.5,39.2
392.866,49,105.0,1636.0,14.0,6.0,32.97,83.5,2.0,36.5,39.2
392.957,49,105.0,1636.0,14.0,6.0,32.97,83.5,2.0,36.5,39.2
393.046,49,105.0,1636.0,14.0,6.0,32.97,83.5,2.0,45.9,39.2
393.136,49,105.0,1636.0,14.0,6.0,32.97,83.5,2.0,45.9,45.9
393.226,49,105.0,1636.0,14.0,6.0,32.97,83.5,2.0,45.9,45.9
393.316,49,156.0,1636.0,14.0,6.0,32.97,83.5,2.0,45.9,45.9
393.406,49,156.0,2387.0,14.0,6.0,32.97,83.5,2.0,45.9,45.9
393.496,49,156.0,2387.0,21.0,6.0,32.97,83.5,2.0,45.9,45.9
393.586,49,156.0,2387.0,21.0,12.0,32.97,83.5,2.0,45.9,45.9
393.677,49,156.0,2387.0,21.0,12.0,43.47,83.5,2.0,45.9,45.9
393.766,49,156.0,2387.0,21.0,12.0,43.47,31.0,2.0,45.9,45.9
393.856,49,156.0,2387.0,21.0,12.0,43.47,31.0,2.0,45.9,45.9
393.946,49,156.0,2387.0,21.0,12.0,43.47,31.0,2.0,14.1,45.9
394.037,49,156.0,2387.0,21.0,12.0,43.47,31.0,2.0,14.1,15.3
394.126,49,156.0,2387.0,21.0,12.0,43.47,31.0,2.0,14.1,15.3
394.217,49,96.0,2387.0,21.0,12.0,43.47,31.0,2.0,14.1,15.3
394.306,49,96.0,1583.0,21.0,12.0,43.47,31.0,2.0,14.1,15.3
394.396,49,96.0,1583.0,22.0,12.0,43.47,31.0,2.0,14.1,15.3
394.516,49,96.0,1583.0,22.0,10.0,43.47,31.0,2.0,14.1,15.3
394.606,49,96.0,1583.0,22.0,10.0,24.69,31.0,2.0,14.1,15.3
394.696,49,96.0,1583.0,22.0,10.0,24.69,82.4,2.0,14.1,15.3
394.786,49,96.0,1583.0,22.0,10.0,24.69,82.4,2.0,14.1,15.3
394.876,49,96.0,1583.0,22.0,10.0,24.69,82.4,2.0,53.3,15.3
394.966,49,96.0,1583.0,22.0,10.0,24.69,82.4,2.0,53.3,54.9
395.057,49,96.0,1583.0,22.0,10.0,24.69,82.4,2.0,53.3,54.9
395.146,49,136.0,1583.0,22.0,10.0,24.69,82.4,2.0,53.3,54.9
395.237,49,136.0,1679.0,22.0,10.0,24.69,82.4,2.0,53.3,54.9
395.326,49,136.0,1679.0,29.0,10.0,24.69,82.4,2.0,53.3,54.9
395.446,49,136.0,1679.0,29.0,9.0,24.69,82.4,2.0,53.3,54.9
395.536,49,136.0,1679.0,29.0,9.0,53.22,82.4,2.0,53.3,54.9
395.626,49,136.0,1679.0,29.0,9.0,53.22,83.5,2.0,53.3,54.9
395.716,49,136.0,1679.0,29.0,9.0,53.22,83.5,2.0,53.3,54.9
395.806,49,136.0,1679.0,29.0,9.0,53.22,83.5,2.0,53.3,54.9
395.896,49,136.0,1679.0,29.0,9.0,53.22,83.5,2.0,53.3,53.7
395.986,49,136.0,1679.0,29.0,9.0,53.22,83.5,2.0,53.3,53.7
396.077,49,202.0,1679.0,29.0,9.0,53.22,83.5,2.0,53.3,53.7
396.166,49,202.0,2206.0,29.0,9.0,53.22,83.5,2.0,53.3,53.7
396.257,49,202.0,2206.0,38.0,9.0,53.22,83.5,2.0,53.3,53.7
396.346,49,202.0,2206.0,38.0,12.0,53.22,83.5,2.0,53.3,53.7
396.437,49,202.0,2206.0,38.0,12.0,79.94,83.5,2.0,53.3,53.7
396.526,49,202.0,2206.0,38.0,12.0,79.94,83.5,2.0,53.3,53.7
396.616,49,202.0,2206.0,38.0,12.0,79.94,83.5,2.0,53.3,53.7
396.707,49,202.0,2206.0,38.0,12.0,79.94,83.5,2.0,42.4,53.7
396.797,49,202.0,2206.0,38.0,12.0,79.94,83.5,2.0,42.4,35.7
396.886,49,202.0,2206.0,38.0,12.0,79.94,83.5,2.0,42.4,35.7
396.976,49,144.0,2206.0,38.0,12.0,79.94,83.5,2.0,42.4,35.7
397.066,49,144.0,2369.0,38.0,12.0,79.94,83.5,2.0,42.4,35.7
397.156,49,144.0,2369.0,43.0,12.0,79.94,83.5,2.0,42.4,35.7
397.247,49,144.0,2369.0,43.0,11.0,79.94,83.5,2.0,42.4,35.7
397.336,49,144.0,2369.0,43.0,11.0,33.3,83.5,2.0,42.4,35.7
397.426,49,144.0,2369.0,43.0,11.0,33.3,31.0,2.0,42.4,35.7
397.516,49,144.0,2369.0,43.0,11.0,33.3,31.0,2.0,42.4,35.7
397.606,49,144.0,2369.0,43.0,11.0,33.3,31.0,2.0,23.5,35.7
397.696,49,144.0,2369.0,43.0,11.0,33.3,31.0,2.0,23.5,33.7
397.786,49,144.0,2369.0,43.0,11.0,33.3,31.0,2.0,23.5,33.7
397.876,49,108.0,2369.0,43.0,11.0,33.3,31.0,2.0,23.5,33.7
397.966,49,108.0,1608.0,43.0,11.0,33.3,31.0,2.0,23.5,33.7
398.057,49,108.0,1608.0,43.0,11.0,33.3,31.0,2.0,23.5,33.7
398.146,49,108.0,1608.0,43.0,8.0,33.3,31.0,2.0,23.5,33.7
398.236,49,108.0,1608.0,43.0,8.0,34.22,31.0,2.0,23.5,33.7
398.33,49,108.0,1608.0,43.0,8.0,34.22,83.5,2.0,23.5,33.7
398.416,49,108.0,1608.0,43.0,8.0,34.22,83.5,2.0,23.5,33.7
398.507,49,108.0,1608.0,43.0,8.0,34.22,83.5,2.0,60.4,33.7
398.596,49,108.0,1608.0,43.0,8.0,34.22,83.5,2.0,60.4,60.8
398.686,49,108.0,1608.0,43.0,8.0,34.22,83.5,2.0,60.4,60.8
398.776,49,170.0,1608.0,43.0,8.0,34.22,83.5,2.0,60.4,60.8
398.866,49,170.0,1788.0,43.0,8.0,34.22,83.5,2.0,60.4,60.8
398.956,49,170.0,1788.0,48.0,8.0,34.22,83.5,2.0,60.4,60.8
399.046,49,170.0,1788.0,48.0,8.0,34.22,83.5,2.0,60.4,60.8
399.136,49,170.0,1788.0,48.0,8.0,67.05,83.5,2.0,60.4,60.8
399.226,49,170.0,1788.0,48.0,8.0,67.05,83.5,2.0,60.4,60.8
399.322,49,170.0,1788.0,48.0,8.0,67.05,83.5,2.0,60.4,60.8
399.406,49,170.0,1788.0,48.0,8.0,67.05,83.5,2.0,60.0,60.8
399.497,49,170.0,1788.0,48.0,8.0,67.05,83.5,2.0,60.0,60.4
399.586,49,170.0,1788.0,48.0,8.0,67.05,83.5,2.0,60.0,60.4
399.676,49,224.0,1788.0,48.0,8.0,67.05,83.5,2.0,60.0,60.4
399.766,49,224.0,2083.0,48.0,8.0,67.05,83.5,2.0,60.0,60.4
399.857,49,224.0,2083.0,56.0,8.0,67.05,83.5,2.0,60.0,60.4
399.946,49,224.0,2083.0,56.0,10.0,67.05,83.5,2.0,60.0,60.4
400.037,49,224.0,2083.0,56.0,10.0,74.22,83.5,2.0,60.0,60.4
400.126,49,224.0,2083.0,56.0,10.0,74.22,83.5,2.0,60.0,60.4
400.216,49,224.0,2083.0,56.0,10.0,74.22,83.5,2.0,60.0,60.4
400.307,49,224.0,2083.0,56.0,10.0,74.22,83.5,2.0,23.9,60.4
400.426,49,224.0,2083.0,56.0,10.0,74.22,83.5,2.0,23.9,14.5
400.516,49,224.0,2083.0,56.0,10.0,74.22,83.5,2.0,23.9,14.5
400.608,49,116.0,2083.0,56.0,10.0,74.22,83.5,2.0,23.9,14.5
400.697,49,116.0,1828.0,56.0,10.0,74.22,83.5,2.0,23.9,14.5
400.786,49,116.0,1828.0,59.0,10.0,74.22,83.5,2.0,23.9,14.5
400.877,49,116.0,1828.0,59.0,10.0,74.22,83.5,2.0,23.9,14.5
400.967,49,116.0,1828.0,59.0,10.0,26.88,83.5,2.0,23.9,14.5
401.056,49,116.0,1828.0,59.0,10.0,26.88,31.0,2.0,23.9,14.5
401.146,49,116.0,1828.0,59.0,10.0,26.88,31.0,2.0,23.9,14.5
401.237,49,116.0,1828.0,59.0,10.0,26.88,31.0,2.0,42.4,14.5
401.326,49,116.0,1828.0,59.0,10.0,26.88,31.0,2.0,42.4,46.7
401.415,50,116.0,1828.0,59.0,10.0,26.88,31.0,2.0,42.4,46.7
401.506,50,114.0,1828.0,59.0,10.0,26.88,31.0,2.0,42.4,46.7
401.596,50,114.0,1526.0,59.0,10.0,26.88,31.0,2.0,42.4,46.7
401.686,50,114.0,1526.0,60.0,10.0,26.88,31.0,2.0,42.4,46.7
401.779,50,114.0,1526.0,60.0,7.0,26.88,31.0,2.0,42.4,46.7
401.866,50,114.0,1526.0,60.0,7.0,27.83,31.0,2.0,42.4,46.7
401.957,50,114.0,1526.0,60.0,7.0,27.83,83.5,2.0,42.4,46.7
402.046,50,114.0,1526.0,60.0,7.0,27.83,83.5,2.0,42.4,46.7
402.136,50,114.0,1526.0,60.0,7.0,27.83,83.5,2.0,43.9,46.7
402.226,50,114.0,1526.0,60.0,7.0,27.83,83.5,2.0,43.9,42.7
402.316,50,114.0,1526.0,60.0,7.0,27.83,83.5,2.0,43.9,42.7
402.406,50,146.0,1526.0,60.0,7.0,27.83,83.5,2.0,43.9,42.7
402.496,50,146.0,1567.0,60.0,7.0,27.83,83.5,2.0,43.9,42.7
402.586,50,146.0,1567.0,61.0,7.0,27.83,83.5,2.0,43.9,42.7
402.676,50,146.0,1567.0,61.0,6.0,27.83,83.5,2.0,43.9,42.7
402.766,50,146.0,1567.0,61.0,6.0,14.44,83.5,2.0,43.9,42.7
402.856,50,146.0,1567.0,61.0,6.0,14.44,83.5,2.0,43.9,42.7
402.946,50,146.0,1567.0,61.0,6.0,14.44,83.5,2.0,43.9,42.7
403.036,50,146.0,1567.0,61.0,6.0,14.44,83.5,2.0,14.1,42.7
403.126,50,146.0,1567.0,61.0,6.0,14.44,83.5,2.0,14.1,14.5
403.216,50,146.0,1567.0,61.0,6.0,14.44,83.5,2.0,14.1,14.5
403.307,50,115.0,1567.0,61.0,6.0,14.44,83.5,2.0,14.1,14.5
403.396,50,115.0,1546.0,61.0,6.0,14.44,83.5,2.0,14.1,14.5
403.486,50,115.0,1546.0,60.0,6.0,14.44,83.5,2.0,14.1,14.5
403.576,50,115.0,1546.0,60.0,5.0,14.44,83.5,2.0,14.1,14.5
403.666,50,115.0,1546.0,60.0,5.0,16.63,83.5,2.0,14.1,14.5
403.756,50,115.0,1546.0,60.0,5.0,16.63,83.5,2.0,14.1,14.5
403.846,50,115.0,1546.0,60.0,5.0,16.63,83.5,2.0,14.1,14.5
403.936,50,115.0,1546.0,60.0,5.0,16.63,83.5,2.0,25.1,14.5
404.027,50,115.0,1546.0,60.0,5.0,16.63,83.5,2.0,25.1,25.1
404.117,50,115.0,1546.0,60.0,5.0,16.63,83.5,2.0,25.1,25.1
404.206,50,122.0,1546.0,60.0,5.0,16.63,83.5,2.0,25.1,25.1
404.296,50,122.0,1519.0,60.0,5.0,16.63,83.5,2.0,25.1,25.1
404.386,50,122.0,1519.0,59.0,5.0,16.63,83.5,2.0,25.1,25.1
404.476,50,122.0,1519.0,59.0,4.0,16.63,83.5,2.0,25.1,25.1
404.566,50,122.0,1519.0,59.0,4.0,18.11,83.5,2.0,25.1,25.1
404.657,50,122.0,1519.0,59.0,4.0,18.11,83.5,2.0,25.1,25.1
404.746,50,122.0,1519.0,59.0,4.0,18.11,83.5,2.0,25.1,25.1
404.836,50,122.0,1519.0,59.0,4.0,18.11,83.5,2.0,14.1,25.1
404.986,50,122.0,1519.0,59.0,4.0,18.11,83.5,2.0,14.1,14.5
405.077,50,122.0,1519.0,59.0,4.0,18.11,83.5,2.0,14.1,14.5
405.166,50,121.0,1519.0,59.0,4.0,18.11,83.5,2.0,14.1,14.5
405.258,50,121.0,1486.0,59.0,4.0,18.11,83.5,2.0,14.1,14.5
405.346,50,121.0,1486.0,58.0,4.0,18.11,83.5,2.0,14.1,14.5
405.436,50,121.0,1486.0,58.0,5.0,18.11,83.5,2.0,14.1,14.5
405.526,50,121.0,1486.0,58.0,5.0,16.58,83.5,2.0,14.1,14.5
405.616,50,121.0,1486.0,58.0,5.0,16.58,83.5,2.0,14.1,14.5
405.707,50,121.0,1486.0,58.0,5.0,16.58,83.5,2.0,14.1,14.5
405.796,50,121.0,1486.0,58.0,5.0,16.58,83.5,2.0,14.1,14.5
405.886,50,121.0,1486.0,58.0,5.0,16.58,83.5,2.0,14.1,14.5
405.976,50,121.0,1486.0,58.0,5.0,16.58,83.5,2.0,14.1,14.5
406.066,50,117.0,1486.0,58.0,5.0,16.58,83.5,2.0,14.1,14.5
406.156,50,117.0,1452.0,58.0,5.0,16.58,83.5,2.0,14.1,14.5
406.246,50,117.0,1452.0,56.0,5.0,16.58,83.5,2.0,14.1,14.5
406.335,50,117.0,1452.0,56.0,5.0,16.58,83.5,2.0,14.1,14.5
406.426,50,117.0,1452.0,56.0,5.0,15.72,83.5,2.0,14.1,14.5
406.516,50,117.0,1452.0,56.0,5.0,15.72,83.5,2.0,14.1,14.5
406.606,50,117.0,1452.0,56.0,5.0,15.72,83.5,2.0,14.1,14.5
406.696,50,117.0,1452.0,56.0,5.0,15.72,83.5,2.0,14.1,14.5
406.786,50,117.0,1452.0,56.0,5.0,15.72,83.5,2.0,14.1,14.5
406.876,50,117.0,1452.0,56.0,5.0,15.72,83.5,2.0,14.1,14.5
406.966,50,115.0,1452.0,56.0,5.0,15.72,83.5,2.0,14.1,14.5
407.057,50,115.0,1411.0,56.0,5.0,15.72,83.5,2.0,14.1,14.5
407.147,50,115.0,1411.0,55.0,5.0,15.72,83.5,2.0,14.1,14.5
407.236,50,115.0,1411.0,55.0,5.0,15.72,83.5,2.0,14.1,14.5
407.326,50,115.0,1411.0,55.0,5.0,14.97,83.5,2.0,14.1,14.5
407.416,50,115.0,1411.0,55.0,5.0,14.97,83.5,2.0,14.1,14.5
407.506,50,115.0,1411.0,55.0,5.0,14.97,83.5,2.0,14.1,14.5
407.596,50,115.0,1411.0,55.0,5.0,14.97,83.5,2.0,14.1,14.5
407.686,50,115.0,1411.0,55.0,5.0,14.97,83.5,2.0,14.1,14.5
407.776,50,115.0,1411.0,55.0,5.0,14.97,83.5,2.0,14.1,14.5
407.867,50,113.0,1411.0,55.0,5.0,14.97,83.5,2.0,14.1,14.5
407.957,50,113.0,1372.0,55.0,5.0,14.97,83.5,2.0,14.1,14.5
408.046,50,113.0,1372.0,53.0,5.0,14.97,83.5,2.0,14.1,14.5
408.136,50,113.0,1372.0,53.0,5.0,14.97,83.5,2.0,14.1,14.5
408.226,50,113.0,1372.0,53.0,5.0,14.16,83.5,2.0,14.1,14.5
408.316,50,113.0,1372.0,53.0,5.0,14.16,83.5,2.0,14.1,14.5
408.406,50,113.0,1372.0,53.0,5.0,14.16,83.5,2.0,14.1,14.5
408.496,50,113.0,1372.0,53.0,5.0,14.16,83.5,2.0,23.1,14.5
408.586,50,113.0,1372.0,53.0,5.0,14.16,83.5,2.0,23.1,23.5
408.676,50,113.0,1372.0,53.0,5.0,14.16,83.5,2.0,23.1,23.5
408.766,50,113.0,1372.0,53.0,5.0,14.16,83.5,2.0,23.1,23.5
408.856,50,113.0,1366.0,53.0,5.0,14.16,83.5,2.0,23.1,23.5
408.946,50,113.0,1366.0,52.0,5.0,14.16,83.5,2.0,23.1,23.5
409.036,50,113.0,1366.0,52.0,5.0,14.16,83.5,2.0,23.1,23.5
409.126,50,113.0,1366.0,52.0,5.0,13.66,83.5,2.0,23.1,23.5
409.217,50,113.0,1366.0,52.0,5.0,13.66,83.5,2.0,23.1,23.5
409.306,50,113.0,1366.0,52.0,5.0,13.66,83.5,2.0,23.1,23.5
409.396,50,113.0,1366.0,52.0,5.0,13.66,83.5,2.0,25.9,23.5
409.486,50,113.0,1366.0,52.0,5.0,13.66,83.5,2.0,25.9,25.9
409.576,50,113.0,1366.0,52.0,5.0,13.66,83.5,2.0,25.9,25.9
409.666,50,103.0,1366.0,52.0,5.0,13.66,83.5,2.0,25.9,25.9
409.756,50,103.0,1334.0,52.0,5.0,13.66,83.5,2.0,25.9,25.9
409.846,50,103.0,1334.0,52.0,5.0,13.66,83.5,2.0,25.9,25.9
409.966,50,103.0,1334.0,52.0,5.0,13.66,83.5,2.0,25.9,25.9
410.056,50,103.0,1334.0,52.0,5.0,13.05,83.5,2.0,25.9,25.9
410.146,50,103.0,1334.0,52.0,5.0,13.05,83.5,2.0,25.9,25.9
410.236,50,103.0,1334.0,52.0,5.0,13.05,83.5,2.0,25.9,25.9
410.326,50,103.0,1334.0,52.0,5.0,13.05,83.5,2.0,14.1,25.9
410.416,50,103.0,1334.0,52.0,5.0,13.05,83.5,2.0,14.1,14.5
410.506,50,103.0,1334.0,52.0,5.0,13.05,83.5,2.0,14.1,14.5
410.596,50,104.0,1334.0,52.0,5.0,13.05,83.5,2.0,14.1,14.5
410.686,50,104.0,1158.0,52.0,5.0,13.05,83.5,2.0,14.1,14.5
410.776,50,104.0,1158.0,51.0,5.0,13.05,83.5,2.0,14.1,14.5
410.866,50,104.0,1158.0,51.0,5.0,13.05,83.5,2.0,14.1,14.5
410.956,50,104.0,1158.0,51.0,5.0,11.52,83.5,2.0,14.1,14.5
411.046,50,104.0,1158.0,51.0,5.0,11.52,83.5,2.0,14.1,14.5
411.136,50,104.0,1158.0,51.0,5.0,11.52,83.5,2.0,14.1,14.5
411.226,50,104.0,1158.0,51.0,5.0,11.52,83.5,2.0,14.1,14.5
411.316,50,104.0,1158.0,51.0,5.0,11.52,83.5,2.0,14.1,14.5
411.406,51,104.0,1158.0,51.0,5.0,11.52,83.5,2.0,14.1,14.5
411.496,51,101.0,1158.0,51.0,5.0,11.52,83.5,2.0,14.1,14.5
411.616,51,101.0,1828.0,51.0,5.0,11.52,83.5,2.0,14.1,14.5
411.707,51,101.0,1828.0,49.0,5.0,11.52,83.5,2.0,14.1,14.5
411.796,51,101.0,1828.0,49.0,4.0,11.52,83.5,2.0,14.1,14.5
411.886,51,101.0,1828.0,49.0,4.0,19.88,83.5,2.0,14.1,14.5
411.976,51,101.0,1828.0,49.0,4.0,19.88,83.5,2.0,14.1,14.5
412.066,51,101.0,1828.0,49.0,4.0,19.88,83.5,2.0,14.1,14.5
412.155,51,101.0,1828.0,49.0,4.0,19.88,83.5,2.0,14.1,14.5
412.245,51,101.0,1828.0,49.0,4.0,19.88,83.5,2.0,14.1,14.5
412.335,51,101.0,1828.0,49.0,4.0,19.88,83.5,2.0,14.1,14.5
412.425,51,107.0,1828.0,49.0,4.0,19.88,83.5,2.0,14.1,14.5
412.515,51,107.0,1118.0,49.0,4.0,19.88,83.5,2.0,14.1,14.5
412.606,51,107.0,1118.0,45.0,4.0,19.88,83.5,2.0,14.1,14.5
412.695,51,107.0,1118.0,45.0,6.0,19.88,83.5,2.0,14.1,14.5
412.785,51,107.0,1118.0,45.0,6.0,9.97,83.5,2.0,14.1,14.5
412.875,51,107.0,1118.0,45.0,6.0,9.97,83.5,2.0,14.1,14.5
412.965,51,107.0,1118.0,45.0,6.0,9.97,83.5,2.0,14.1,14.5
413.055,51,107.0,1118.0,45.0,6.0,9.97,83.5,2.0,14.1,14.5
413.146,51,107.0,1118.0,45.0,6.0,9.97,83.5,2.0,14.1,14.5
413.235,51,107.0,1118.0,45.0,6.0,9.97,83.5,2.0,14.1,14.5
413.325,51,108.0,1118.0,45.0,6.0,9.97,83.5,2.0,14.1,14.5
413.415,51,108.0,1417.0,45.0,6.0,9.97,83.5,2.0,14.1,14.5
413.505,51,108.0,1417.0,39.0,6.0,9.97,83.5,2.0,14.1,14.5
413.595,51,108.0,1417.0,39.0,4.0,9.97,83.5,2.0,14.1,14.5
413.685,51,108.0,1417.0,39.0,4.0,16.77,83.5,2.0,14.1,14.5
413.775,51,108.0,1417.0,39.0,4.0,16.77,83.5,2.0,14.1,14.5
413.865,51,108.0,1417.0,39.0,4.0,16.77,83.5,2.0,14.1,14.5
413.955,51,108.0,1417.0,39.0,4.0,16.77,83.5,2.0,14.1,14.5
414.045,51,108.0,1417.0,39.0,4.0,16.77,83.5,2.0,14.1,14.5
414.135,51,108.0,1417.0,39.0,4.0,16.77,83.5,2.0,14.1,14.5
414.225,51,112.0,1417.0,39.0,4.0,16.77,83.5,2.0,14.1,14.5
414.315,51,112.0,1818.0,39.0,4.0,16.77,83.5,2.0,14.1,14.5
414.435,51,112.0,1818.0,31.0,4.0,16.77,83.5,2.0,14.1,14.5
414.527,51,112.0,1818.0,31.0,6.0,16.77,83.5,2.0,14.1,14.5
414.615,51,112.0,1818.0,31.0,6.0,19.33,83.5,2.0,14.1,14.5
414.705,51,112.0,1818.0,31.0,6.0,19.33,83.5,2.0,14.1,14.5
414.795,51,112.0,1818.0,31.0,6.0,19.33,83.5,2.0,14.1,14.5
414.885,51,112.0,1818.0,31.0,6.0,19.33,83.5,2.0,14.1,14.5
415.007,51,112.0,1818.0,31.0,6.0,19.33,83.5,2.0,14.1,14.1
415.095,51,112.0,1818.0,31.0,6.0,19.33,83.5,2.0,14.1,14.1
415.185,51,117.0,1818.0,31.0,6.0,19.33,83.5,2.0,14.1,14.1
415.275,51,117.0,1060.0,31.0,6.0,19.33,83.5,2.0,14.1,14.1
415.365,51,117.0,1060.0,24.0,6.0,19.33,83.5,2.0,14.1,14.1
415.455,51,117.0,1060.0,24.0,5.0,19.33,83.5,2.0,14.1,14.1
415.545,51,117.0,1060.0,24.0,5.0,10.99,83.5,2.0,14.1,14.1
415.636,51,117.0,1060.0,24.0,5.0,10.99,83.5,2.0,14.1,14.1
415.725,51,117.0,1060.0,24.0,5.0,10.99,83.5,2.0,14.1,14.1
415.815,51,117.0,1060.0,24.0,5.0,10.99,83.5,2.0,14.1,14.1
415.906,51,117.0,1060.0,24.0,5.0,10.99,83.5,2.0,14.1,14.5
415.995,51,117.0,1060.0,24.0,5.0,10.99,83.5,2.0,14.1,14.5
416.085,51,111.0,1060.0,24.0,5.0,10.99,83.5,2.0,14.1,14.5
416.175,51,111.0,1039.0,24.0,5.0,10.99,83.5,2.0,14.1,14.5
416.265,51,111.0,1039.0,16.0,5.0,10.99,83.5,2.0,14.1,14.5
416.355,51,111.0,1039.0,16.0,4.0,10.99,83.5,2.0,14.1,14.5
416.446,51,111.0,1039.0,16.0,4.0,10.66,83.5,2.0,14.1,14.5
416.535,51,111.0,1039.0,16.0,4.0,10.66,83.5,2.0,14.1,14.5
416.648,51,111.0,1039.0,16.0,4.0,10.66,83.5,2.0,14.1,14.5
416.715,51,111.0,1039.0,16.0,4.0,10.66,83.5,2.0,14.1,14.5
416.805,51,111.0,1039.0,16.0,4.0,10.66,83.5,2.0,14.1,14.5
416.896,51,111.0,1039.0,16.0,4.0,10.66,83.5,2.0,14.1,14.5
416.985,51,109.0,1039.0,16.0,4.0,10.66,83.5,2.0,14.1,14.5
417.076,51,109.0,1038.0,16.0,4.0,10.66,83.5,2.0,14.1,14.5
417.166,51,109.0,1038.0,8.0,4.0,10.66,83.5,2.0,14.1,14.5
417.255,51,109.0,1038.0,8.0,4.0,10.66,83.5,2.0,14.1,14.5
417.346,51,109.0,1038.0,8.0,4.0,10.58,83.5,2.0,14.1,14.5
417.435,51,109.0,1038.0,8.0,4.0,10.58,83.5,2.0,14.1,14.5
417.526,51,109.0,1038.0,8.0,4.0,10.58,83.5,2.0,14.1,14.5
417.615,51,109.0,1038.0,8.0,4.0,10.58,83.5,2.0,14.1,14.5
417.706,51,109.0,1038.0,8.0,4.0,10.58,83.5,2.0,14.1,14.5
417.795,51,109.0,1038.0,8.0,4.0,10.58,83.5,2.0,14.1,14.5
417.885,51,108.0,1038.0,8.0,4.0,10.58,83.5,2.0,14.1,14.5
417.975,51,108.0,1037.0,8.0,4.0,10.58,83.5,2.0,14.1,14.5
418.066,51,108.0,1037.0,2.0,4.0,10.58,83.5,2.0,14.1,14.5
418.156,51,108.0,1037.0,2.0,4.0,10.58,83.5,2.0,14.1,14.5
418.246,51,108.0,1037.0,2.0,4.0,10.52,83.5,2.0,14.1,14.5
418.306,51,108.0,1037.0,2.0,4.0,10.52,83.5,2.0,14.1,14.5
418.395,51,108.0,1037.0,2.0,4.0,10.52,83.5,2.0,14.1,14.5
418.485,51,108.0,1037.0,2.0,4.0,10.52,83.5,2.0,14.1,14.5
418.575,51,108.0,1037.0,2.0,4.0,10.52,83.5,2.0,14.1,14.5
418.667,51,108.0,1037.0,2.0,4.0,10.52,83.5,2.0,14.1,14.5
418.756,51,108.0,1037.0,2.0,4.0,10.52,83.5,2.0,14.1,14.5
418.848,51,108.0,1039.0,2.0,4.0,10.52,83.5,2.0,14.1,14.5
418.936,51,108.0,1039.0,0.0,4.0,10.52,83.5,2.0,14.1,14.5
419.028,51,108.0,1039.0,0.0,4.0,10.52,83.5,2.0,14.1,14.5
419.117,51,108.0,1039.0,0.0,4.0,10.63,83.5,2.0,14.1,14.5
419.208,51,108.0,1039.0,0.0,4.0,10.63,83.5,2.0,14.1,14.5
419.296,51,108.0,1039.0,0.0,4.0,10.63,83.5,2.0,14.1,14.5
419.416,51,108.0,1039.0,0.0,4.0,10.63,83.5,2.0,14.1,14.5
419.507,51,108.0,1039.0,0.0,4.0,10.63,83.5,2.0,14.1,14.5
419.596,51,108.0,1039.0,0.0,4.0,10.63,83.5,2.0,14.1,14.5
419.687,51,107.0,1039.0,0.0,4.0,10.63,83.5,2.0,14.1,14.5
419.776,51,107.0,1040.0,0.0,4.0,10.63,83.5,2.0,14.1,14.5
419.867,51,107.0,1040.0,0.0,4.0,10.63,83.5,2.0,14.1,14.5
419.987,51,107.0,1040.0,0.0,4.0,10.63,83.5,2.0,14.1,14.5
420.077,51,107.0,1040.0,0.0,4.0,10.38,83.5,2.0,14.1,14.5
420.167,51,107.0,1040.0,0.0,4.0,10.38,83.5,2.0,14.1,14.5
420.256,51,107.0,1040.0,0.0,4.0,10.38,83.5,2.0,14.1,14.5
420.352,51,107.0,1040.0,0.0,4.0,10.38,83.5,2.0,14.1,14.5
420.436,51,107.0,1040.0,0.0,4.0,10.38,83.5,2.0,14.1,14.5
420.525,51,107.0,1040.0,0.0,4.0,10.38,83.5,2.0,14.1,14.5
420.615,51,107.0,1040.0,0.0,4.0,10.38,83.5,2.0,14.1,14.5
420.705,51,107.0,1041.0,0.0,4.0,10.38,83.5,2.0,14.1,14.5
420.795,51,107.0,1041.0,0.0,4.0,10.38,83.5,2.0,14.1,14.5
420.885,51,107.0,1041.0,0.0,5.0,10.38,83.5,2.0,14.1,14.5
420.975,51,107.0,1041.0,0.0,5.0,10.44,83.5,2.0,14.1,14.5
421.066,51,107.0,1041.0,0.0,5.0,10.44,83.5,2.0,14.1,14.5
421.156,51,107.0,1041.0,0.0,5.0,10.44,83.5,2.0,14.1,14.5
421.246,51,107.0,1041.0,0.0,5.0,10.44,83.5,2.0,14.1,14.5
421.336,51,107.0,1041.0,0.0,5.0,10.44,83.5,2.0,14.1,14.5
421.427,51,107.0,1041.0,0.0,5.0,10.44,83.5,2.0,14.1,14.5
421.516,51,107.0,1041.0,0.0,5.0,10.44,83.5,2.0,14.1,14.5
421.607,51,107.0,1038.0,0.0,5.0,10.44,83.5,2.0,14.1,14.5
421.696,51,107.0,1038.0,0.0,5.0,10.44,83.5,2.0,14.1,14.5
421.788,51,107.0,1038.0,0.0,5.0,10.44,83.5,2.0,14.1,14.5
421.877,51,107.0,1038.0,0.0,5.0,10.47,83.5,2.0,14.1,14.5
421.968,51,107.0,1038.0,0.0,5.0,10.47,83.5,2.0,14.1,14.5
422.057,51,107.0,1038.0,0.0,5.0,10.47,83.5,2.0,14.1,14.5
422.146,51,107.0,1038.0,0.0,5.0,10.47,83.5,2.0,14.1,14.5
422.236,51,107.0,1038.0,0.0,5.0,10.47,83.5,2.0,14.1,14.5
422.33,51,107.0,1038.0,0.0,5.0,10.47,83.5,2.0,14.1,14.5
422.416,51,107.0,1038.0,0.0,5.0,10.47,83.5,2.0,14.1,14.5
422.507,51,107.0,1039.0,0.0,5.0,10.47,83.5,2.0,14.1,14.5
422.596,51,107.0,1039.0,0.0,5.0,10.47,83.5,2.0,14.1,14.5
422.656,51,107.0,1039.0,0.0,5.0,10.47,83.5,2.0,14.1,14.5
422.746,51,107.0,1039.0,0.0,5.0,10.44,83.5,2.0,14.1,14.5
422.836,51,107.0,1039.0,0.0,5.0,10.44,83.5,2.0,14.1,14.5
422.931,51,107.0,1039.0,0.0,5.0,10.44,83.5,2.0,14.1,14.5
423.016,51,107.0,1039.0,0.0,5.0,10.44,83.5,2.0,14.1,14.5
423.107,51,107.0,1039.0,0.0,5.0,10.44,83.5,2.0,14.1,14.5
423.196,51,107.0,1039.0,0.0,5.0,10.44,83.5,2.0,14.1,14.5
423.289,51,107.0,1039.0,0.0,5.0,10.44,83.5,2.0,14.1,14.5
423.376,51,107.0,1039.0,0.0,5.0,10.44,83.5,2.0,14.1,14.5
423.467,51,107.0,1039.0,0.0,5.0,10.44,83.5,2.0,14.1,14.5
423.556,51,107.0,1039.0,0.0,5.0,10.44,83.5,2.0,14.1,14.5
423.648,51,107.0,1039.0,0.0,5.0,10.3,83.5,2.0,14.1,14.5
423.736,51,107.0,1039.0,0.0,5.0,10.3,83.5,2.0,14.1,14.5
423.828,51,107.0,1039.0,0.0,5.0,10.3,83.5,2.0,14.1,14.5
423.916,51,107.0,1039.0,0.0,5.0,10.3,83.5,2.0,14.1,14.5
424.007,51,107.0,1039.0,0.0,5.0,10.3,83.5,2.0,14.1,14.5
424.097,51,107.0,1039.0,0.0,5.0,10.3,83.5,2.0,14.1,14.5
424.188,51,107.0,1039.0,0.0,5.0,10.3,83.5,2.0,14.1,14.5
424.277,51,107.0,1039.0,0.0,5.0,10.3,83.5,2.0,14.1,14.5
424.366,51,107.0,1039.0,0.0,5.0,10.3,83.5,2.0,14.1,14.5
424.456,51,107.0,1039.0,0.0,5.0,10.3,83.5,2.0,14.1,14.5
424.548,51,107.0,1039.0,0.0,5.0,10.49,83.5,2.0,14.1,14.5
424.607,51,107.0,1039.0,0.0,5.0,10.49,83.5,2.0,14.1,14.5
424.696,51,107.0,1039.0,0.0,5.0,10.49,83.5,2.0,14.1,14.5
424.787,51,107.0,1039.0,0.0,5.0,10.49,83.5,2.0,14.1,14.5
424.876,51,107.0,1039.0,0.0,5.0,10.49,83.5,2.0,14.1,14.5
424.969,51,107.0,1039.0,0.0,5.0,10.49,83.5,2.0,14.1,14.5
425.057,51,108.0,1039.0,0.0,5.0,10.49,83.5,2.0,14.1,14.5
425.147,51,108.0,1039.0,0.0,5.0,10.49,83.5,2.0,14.1,14.5
425.236,51,108.0,1039.0,0.0,5.0,10.49,83.5,2.0,14.1,14.5
425.329,51,108.0,1039.0,0.0,5.0,10.49,83.5,2.0,14.1,14.5
425.417,51,108.0,1039.0,0.0,5.0,10.36,83.5,2.0,14.1,14.5
425.506,51,108.0,1039.0,0.0,5.0,10.36,83.5,2.0,14.1,14.5
425.596,51,108.0,1039.0,0.0,5.0,10.36,83.5,2.0,14.1,14.5
425.687,51,108.0,1039.0,0.0,5.0,10.36,83.5,2.0,14.1,14.5
425.776,51,108.0,1039.0,0.0,5.0,10.36,83.5,2.0,14.1,14.5
425.867,52,108.0,1039.0,0.0,5.0,10.36,83.5,2.0,14.1,14.5
425.956,52,108.0,1039.0,0.0,5.0,10.36,83.5,2.0,14.1,14.5
426.047,52,108.0,1039.0,0.0,5.0,10.36,83.5,2.0,14.1,14.5
426.136,52,108.0,1039.0,0.0,5.0,10.36,83.5,2.0,14.1,14.5
426.227,52,108.0,1039.0,0.0,5.0,10.36,83.5,2.0,14.1,14.5
426.321,52,108.0,1039.0,0.0,5.0,10.49,83.5,2.0,14.1,14.5
426.406,52,108.0,1039.0,0.0,5.0,10.49,83.5,2.0,14.1,14.5
426.496,52,108.0,1039.0,0.0,5.0,10.49,83.5,2.0,14.1,14.5
426.557,52,108.0,1039.0,0.0,5.0,10.49,83.5,2.0,14.1,14.5
426.647,52,108.0,1039.0,0.0,5.0,10.49,83.5,2.0,14.1,14.5
426.736,52,108.0,1039.0,0.0,5.0,10.49,83.5,2.0,14.1,14.5
426.826,52,108.0,1039.0,0.0,5.0,10.49,83.5,2.0,14.1,14.5
426.916,52,108.0,1039.0,0.0,5.0,10.49,83.5,2.0,14.1,14.5
427.008,52,108.0,1039.0,0.0,5.0,10.49,83.5,2.0,14.1,14.5
427.097,52,108.0,1039.0,0.0,5.0,10.49,83.5,2.0,14.1,14.5
427.187,52,108.0,1039.0,0.0,5.0,10.44,83.5,2.0,14.1,14.5
427.276,52,108.0,1039.0,0.0,5.0,10.44,83.5,2.0,14.1,14.5
427.366,52,108.0,1039.0,0.0,5.0,10.44,83.5,2.0,14.1,14.5
427.456,52,108.0,1039.0,0.0,5.0,10.44,83.5,2.0,14.1,14.5
427.547,52,108.0,1039.0,0.0,5.0,10.44,83.5,2.0,14.1,14.5
427.636,52,108.0,1039.0,0.0,5.0,10.44,83.5,2.0,14.1,14.5
427.726,52,108.0,1039.0,0.0,5.0,10.44,83.5,2.0,14.1,14.5
427.816,52,108.0,1040.0,0.0,5.0,10.44,83.5,2.0,14.1,14.5
427.909,52,108.0,1040.0,0.0,5.0,10.44,83.5,2.0,14.1,14.5
427.996,52,108.0,1040.0,0.0,6.0,10.44,83.5,2.0,14.1,14.5
428.087,52,108.0,1040.0,0.0,6.0,10.49,83.5,2.0,14.1,14.5
428.176,52,108.0,1040.0,0.0,6.0,10.49,83.5,2.0,14.1,14.5
428.267,52,108.0,1040.0,0.0,6.0,10.49,83.5,2.0,14.1,14.5
428.358,52,108.0,1040.0,0.0,6.0,10.49,83.5,2.0,14.1,14.5
428.447,52,108.0,1040.0,0.0,6.0,10.49,83.5,2.0,14.1,14.1
428.507,52,108.0,1040.0,0.0,6.0,10.49,83.5,2.0,14.1,14.1
428.596,52,108.0,1040.0,0.0,6.0,10.49,83.5,2.0,14.1,14.1
428.688,52,108.0,1041.0,0.0,6.0,10.49,83.5,2.0,14.1,14.1
428.776,52,108.0,1041.0,0.0,6.0,10.49,83.5,2.0,14.1,14.1
428.868,52,108.0,1041.0,0.0,6.0,10.49,83.5,2.0,14.1,14.1
428.957,52,108.0,1041.0,0.0,6.0,10.41,83.5,2.0,14.1,14.1
429.047,52,108.0,1041.0,0.0,6.0,10.41,83.5,2.0,14.1,14.1
429.136,52,108.0,1041.0,0.0,6.0,10.41,83.5,2.0,14.1,14.1
429.227,52,108.0,1041.0,0.0,6.0,10.41,83.5,2.0,14.1,14.1
429.317,52,108.0,1041.0,0.0,6.0,10.41,83.5,2.0,14.1,14.5
429.406,52,108.0,1041.0,0.0,6.0,10.41,83.5,2.0,14.1,14.5
429.496,52,107.0,1041.0,0.0,6.0,10.41,83.5,2.0,14.1,14.5
429.586,52,107.0,1041.0,0.0,6.0,10.41,83.5,2.0,14.1,14.5
429.675,52,107.0,1041.0,0.0,6.0,10.41,83.5,2.0,14.1,14.5
429.765,52,107.0,1041.0,0.0,6.0,10.41,83.5,2.0,14.1,14.5
429.856,52,107.0,1041.0,0.0,6.0,10.47,83.5,2.0,14.1,14.5
429.947,52,107.0,1041.0,0.0,6.0,10.47,83.5,2.0,14.1,14.5
430.036,52,107.0,1041.0,0.0,6.0,10.47,83.5,2.0,14.1,14.5
430.127,52,107.0,1041.0,0.0,6.0,10.47,83.5,2.0,14.1,14.5
430.216,52,107.0,1041.0,0.0,6.0,10.47,83.5,2.0,14.1,14.5
430.308,52,107.0,1041.0,0.0,6.0,10.47,83.5,2.0,14.1,14.5
430.396,52,108.0,1041.0,0.0,6.0,10.47,83.5,2.0,14.1,14.5
430.486,52,108.0,1040.0,0.0,6.0,10.47,83.5,2.0,14.1,14.5
430.576,52,108.0,1040.0,0.0,6.0,10.47,83.5,2.0,14.1,14.5
430.667,52,108.0,1040.0,0.0,6.0,10.47,83.5,2.0,14.1,14.5
430.757,52,108.0,1040.0,0.0,6.0,10.41,83.5,2.0,14.1,14.5
430.846,52,108.0,1040.0,0.0,6.0,10.41,83.5,2.0,14.1,14.5
430.907,52,108.0,1040.0,0.0,6.0,10.41,83.5,2.0,14.1,14.5
430.996,52,108.0,1040.0,0.0,6.0,10.41,83.5,2.0,14.1,14.5
431.056,52,108.0,1040.0,0.0,6.0,10.41,83.5,2.0,14.1,14.5
431.147,52,108.0,1040.0,0.0,6.0,10.41,83.5,2.0,14.1,14.5
431.236,52,107.0,1040.0,0.0,6.0,10.41,83.5,2.0,14.1,14.5
431.326,52,107.0,1038.0,0.0,6.0,10.41,83.5,2.0,14.1,14.5
431.446,52,107.0,1038.0,0.0,6.0,10.41,83.5,2.0,14.1,14.5
431.536,52,107.0,1038.0,0.0,6.0,10.41,83.5,2.0,14.1,14.5
431.626,52,107.0,1038.0,0.0,6.0,10.52,83.5,2.0,14.1,14.5
431.716,52,107.0,1038.0,0.0,6.0,10.52,83.5,2.0,14.1,14.5
431.806,52,107.0,1038.0,0.0,6.0,10.52,83.5,2.0,14.1,14.5
431.896,52,107.0,1038.0,0.0,6.0,10.52,83.5,2.0,14.1,14.5
431.987,52,107.0,1038.0,0.0,6.0,10.52,83.5,2.0,14.1,14.5
432.076,52,107.0,1038.0,0.0,6.0,10.52,83.5,2.0,14.1,14.5
432.166,52,107.0,1038.0,0.0,6.0,10.52,83.5,2.0,14.1,14.5
432.256,52,107.0,1040.0,0.0,6.0,10.52,83.5,2.0,14.1,14.5
432.346,52,107.0,1040.0,0.0,6.0,10.52,83.5,2.0,14.1,14.5
432.466,52,107.0,1040.0,0.0,6.0,10.52,83.5,2.0,14.1,14.5
432.556,52,107.0,1040.0,0.0,6.0,10.38,83.5,2.0,14.1,14.5
432.646,52,107.0,1040.0,0.0,6.0,10.38,83.5,2.0,14.1,14.5
432.736,52,107.0,1040.0,0.0,6.0,10.38,83.5,2.0,14.1,14.5
432.827,52,107.0,1040.0,0.0,6.0,10.38,83.5,2.0,14.1,14.5
432.916,52,107.0,1040.0,0.0,6.0,10.38,83.5,2.0,14.1,14.5
433.007,52,107.0,1040.0,0.0,6.0,10.38,83.5,2.0,14.1,14.5
433.096,52,107.0,1040.0,0.0,6.0,10.38,83.5,2.0,14.1,14.5
433.186,52,107.0,1040.0,0.0,6.0,10.38,83.5,2.0,14.1,14.5
433.276,52,107.0,1040.0,0.0,6.0,10.38,83.5,2.0,14.1,14.5
433.366,52,107.0,1040.0,0.0,6.0,10.38,83.5,2.0,14.1,14.5
433.456,52,107.0,1040.0,0.0,6.0,10.61,83.5,2.0,14.1,14.5
433.546,52,107.0,1040.0,0.0,6.0,10.61,83.5,2.0,14.1,14.5
433.609,52,107.0,1040.0,0.0,6.0,10.61,83.5,2.0,14.1,14.5
433.697,52,107.0,1040.0,0.0,6.0,10.61,83.5,2.0,14.1,14.5
433.758,52,107.0,1040.0,0.0,6.0,10.61,83.5,2.0,14.1,14.5
433.847,52,107.0,1040.0,0.0,6.0,10.61,83.5,2.0,14.1,14.5
433.937,52,107.0,1040.0,0.0,6.0,10.61,83.5,2.0,14.1,14.5
434.026,52,107.0,1039.0,0.0,6.0,10.61,83.5,2.0,14.1,14.5
434.118,52,107.0,1039.0,0.0,6.0,10.61,83.5,2.0,14.1,14.5
434.207,52,107.0,1039.0,0.0,6.0,10.61,83.5,2.0,14.1,14.5
434.297,52,107.0,1039.0,0.0,6.0,10.33,83.5,2.0,14.1,14.5
434.386,52,107.0,1039.0,0.0,6.0,10.33,83.5,2.0,14.1,14.5
434.476,52,107.0,1039.0,0.0,6.0,10.33,83.5,2.0,14.1,14.5
434.566,52,107.0,1039.0,0.0,6.0,10.33,83.5,2.0,23.5,14.5
434.657,52,107.0,1039.0,0.0,6.0,10.33,83.5,2.0,23.5,23.5
434.747,52,107.0,1039.0,0.0,6.0,10.33,83.5,2.0,23.5,23.5
434.836,52,109.0,1039.0,0.0,6.0,10.33,83.5,2.0,23.5,23.5
434.898,52,109.0,1211.0,0.0,6.0,10.33,83.5,2.0,23.5,23.5
434.986,52,109.0,1211.0,1.0,6.0,10.33,83.5,2.0,23.5,23.5
435.076,52,109.0,1211.0,1.0,6.0,10.33,83.5,2.0,23.5,23.5
435.166,52,109.0,1211.0,1.0,6.0,13.83,83.5,2.0,23.5,23.5
435.257,52,109.0,1211.0,1.0,6.0,13.83,83.5,2.0,23.5,23.5
435.346,52,109.0,1211.0,1.0,6.0,13.83,83.5,2.0,23.5,23.5
435.436,52,109.0,1211.0,1.0,6.0,13.83,83.5,2.0,23.1,23.5
435.526,52,109.0,1211.0,1.0,6.0,13.83,83.5,2.0,23.1,23.1
435.616,52,109.0,1211.0,1.0,6.0,13.83,83.5,2.0,23.1,23.1
435.706,52,107.0,1211.0,1.0,6.0,13.83,83.5,2.0,23.1,23.1
435.796,52,107.0,1184.0,1.0,6.0,13.83,83.5,2.0,23.1,23.1
435.887,52,107.0,1184.0,6.0,6.0,13.83,83.5,2.0,23.1,23.1
435.976,52,107.0,1184.0,6.0,8.0,13.83,83.5,2.0,23.1,23.1
436.066,52,107.0,1184.0,6.0,8.0,13.55,83.5,2.0,23.1,23.1
436.156,52,107.0,1184.0,6.0,8.0,13.55,83.5,2.0,23.1,23.1
436.247,52,107.0,1184.0,6.0,8.0,13.55,83.5,2.0,23.1,23.1
436.34,52,107.0,1184.0,6.0,8.0,13.55,83.5,2.0,23.1,23.1
436.397,52,107.0,1184.0,6.0,8.0,13.55,83.5,2.0,23.1,23.1
436.486,52,107.0,1184.0,6.0,8.0,13.55,83.5,2.0,23.1,23.1
436.576,52,112.0,1184.0,6.0,8.0,13.55,83.5,2.0,23.1,23.1
436.667,52,112.0,1218.0,6.0,8.0,13.55,83.5,2.0,23.1,23.1
436.756,52,112.0,1218.0,10.0,8.0,13.55,83.5,2.0,23.1,23.1
436.845,52,112.0,1218.0,10.0,7.0,13.55,83.5,2.0,23.1,23.1
436.936,52,112.0,1218.0,10.0,7.0,12.61,83.5,2.0,23.1,23.1
437.026,52,112.0,1218.0,10.0,7.0,12.61,83.5,2.0,23.1,23.1
437.116,52,112.0,1218.0,10.0,7.0,12.61,83.5,2.0,23.1,23.1
437.206,52,112.0,1218.0,10.0,7.0,12.61,83.5,2.0,26.3,23.1
437.297,52,112.0,1218.0,10.0,7.0,12.61,83.5,2.0,26.3,26.7
437.386,52,112.0,1218.0,10.0,7.0,12.61,83.5,2.0,26.3,26.7
437.476,52,107.0,1218.0,10.0,7.0,12.61,83.5,2.0,26.3,26.7
437.566,52,107.0,1453.0,10.0,7.0,12.61,83.5,2.0,26.3,26.7
437.656,52,107.0,1453.0,12.0,7.0,12.61,83.5,2.0,26.3,26.7
437.746,52,107.0,1453.0,12.0,7.0,12.61,83.5,2.0,26.3,26.7
437.836,52,107.0,1453.0,12.0,7.0,15.74,83.5,2.0,26.3,26.7
437.926,52,107.0,1453.0,12.0,7.0,15.74,83.5,2.0,26.3,26.7
438.016,52,107.0,1453.0,12.0,7.0,15.74,83.5,2.0,26.3,26.7
438.107,52,107.0,1453.0,12.0,7.0,15.74,83.5,2.0,30.2,26.7
438.195,52,107.0,1453.0,12.0,7.0,15.74,83.5,2.0,30.2,31.0
438.286,52,107.0,1453.0,12.0,7.0,15.74,83.5,2.0,30.2,31.0
438.376,52,112.0,1453.0,12.0,7.0,15.74,83.5,2.0,30.2,31.0
438.466,52,112.0,1683.0,12.0,7.0,15.74,83.5,2.0,30.2,31.0
438.556,52,112.0,1683.0,15.0,7.0,15.74,83.5,2.0,30.2,31.0
438.646,52,112.0,1683.0,15.0,8.0,15.74,83.5,2.0,30.2,31.0
438.736,52,112.0,1683.0,15.0,8.0,18.55,83.5,2.0,30.2,31.0
438.797,52,112.0,1683.0,15.0,8.0,18.55,83.5,2.0,30.2,31.0
438.886,52,112.0,1683.0,15.0,8.0,18.55,83.5,2.0,30.2,31.0
438.976,52,112.0,1683.0,15.0,8.0,18.55,83.5,2.0,31.0,31.0
439.068,52,112.0,1683.0,15.0,8.0,18.55,83.5,2.0,31.0,32.2
439.156,52,112.0,1683.0,15.0,8.0,18.55,83.5,2.0,31.0,32.2
439.246,52,116.0,1683.0,15.0,8.0,18.55,83.5,2.0,31.0,32.2
439.335,52,116.0,1836.0,15.0,8.0,18.55,83.5,2.0,31.0,32.2
439.426,52,116.0,1836.0,16.0,8.0,18.55,83.5,2.0,31.0,32.2
439.516,52,116.0,1836.0,16.0,9.0,18.55,83.5,2.0,31.0,32.2
439.606,52,116.0,1836.0,16.0,9.0,21.72,83.5,2.0,31.0,32.2
439.696,52,116.0,1836.0,16.0,9.0,21.72,83.5,2.0,31.0,32.2
439.786,52,116.0,1836.0,16.0,9.0,21.72,83.5,2.0,31.0,32.2
439.876,52,116.0,1836.0,16.0,9.0,21.72,83.5,2.0,36.9,32.2
439.966,52,116.0,1836.0,16.0,9.0,21.72,83.5,2.0,36.9,37.3
440.057,52,116.0,1836.0,16.0,9.0,21.72,83.5,2.0,36.9,37.3
440.146,52,126.0,1836.0,16.0,9.0,21.72,83.5,2.0,36.9,37.3
440.236,52,126.0,2053.0,16.0,9.0,21.72,83.5,2.0,36.9,37.3
440.325,52,126.0,2053.0,18.0,9.0,21.72,83.5,2.0,36.9,37.3
440.416,52,126.0,2053.0,18.0,9.0,21.72,83.5,2.0,36.9,37.3
440.507,52,126.0,2053.0,18.0,9.0,26.05,83.5,2.0,36.9,37.3
440.596,52,126.0,2053.0,18.0,9.0,26.05,83.5,2.0,36.9,37.3
440.687,52,126.0,2053.0,18.0,9.0,26.05,83.5,2.0,36.9,37.3
440.776,52,126.0,2053.0,18.0,9.0,26.05,83.5,2.0,14.1,37.3
440.866,52,126.0,2053.0,18.0,9.0,26.05,83.5,2.0,14.1,19.2
440.956,52,126.0,2053.0,18.0,9.0,26.05,83.5,2.0,14.1,19.2
441.046,52,120.0,2053.0,18.0,9.0,26.05,83.5,2.0,14.1,19.2
441.136,52,120.0,1360.0,18.0,9.0,26.05,83.5,2.0,14.1,19.2
441.198,52,120.0,1360.0,19.0,9.0,26.05,83.5,2.0,14.1,19.2
441.286,52,120.0,1360.0,19.0,10.0,26.05,83.5,2.0,14.1,19.2
441.375,52,120.0,1360.0,19.0,10.0,19.58,83.5,2.0,14.1,19.2
441.466,52,120.0,1360.0,19.0,10.0,19.58,83.5,2.0,14.1,19.2
441.558,52,120.0,1360.0,19.0,10.0,19.58,83.5,2.0,14.1,19.2
441.646,52,120.0,1360.0,19.0,10.0,19.58,83.5,2.0,42.4,19.2
441.736,52,120.0,1360.0,19.0,10.0,19.58,83.5,2.0,42.4,44.3
441.826,52,120.0,1360.0,19.0,10.0,19.58,83.5,2.0,42.4,44.3
441.916,52,125.0,1360.0,19.0,10.0,19.58,83.5,2.0,42.4,44.3
442.006,52,125.0,1408.0,19.0,10.0,19.58,83.5,2.0,42.4,44.3
442.096,52,125.0,1408.0,24.0,10.0,19.58,83.5,2.0,42.4,44.3
442.186,52,125.0,1408.0,24.0,7.0,19.58,83.5,2.0,42.4,44.3
442.276,52,125.0,1408.0,24.0,7.0,29.86,83.5,2.0,42.4,44.3
442.366,52,125.0,1408.0,24.0,7.0,29.86,83.5,2.0,42.4,44.3
442.456,52,125.0,1408.0,24.0,7.0,29.86,83.5,2.0,42.4,44.3
442.546,52,125.0,1408.0,24.0,7.0,29.86,83.5,2.0,49.0,44.3
442.636,52,125.0,1408.0,24.0,7.0,29.86,83.5,2.0,49.0,49.8
442.697,52,125.0,1408.0,24.0,7.0,29.86,83.5,2.0,49.0,49.8
442.786,52,160.0,1408.0,24.0,7.0,29.86,83.5,2.0,49.0,49.8
442.847,52,160.0,1759.0,24.0,7.0,29.86,83.5,2.0,49.0,49.8
442.936,52,160.0,1759.0,30.0,7.0,29.86,83.5,2.0,49.0,49.8
443.027,52,160.0,1759.0,30.0,9.0,29.86,83.5,2.0,49.0,49.8
443.116,52,160.0,1759.0,30.0,9.0,45.61,83.5,2.0,49.0,49.8
443.206,52,160.0,1759.0,30.0,9.0,45.61,83.5,2.0,49.0,49.8
443.296,52,160.0,1759.0,30.0,9.0,45.61,83.5,2.0,49.0,49.8
443.385,52,160.0,1759.0,30.0,9.0,45.61,83.5,2.0,49.0,49.8
443.476,52,160.0,1759.0,30.0,9.0,45.61,83.5,2.0,49.0,49.8
443.566,52,160.0,1759.0,30.0,9.0,45.61,83.5,2.0,49.0,49.8
443.656,52,195.0,1759.0,30.0,9.0,45.61,83.5,2.0,49.0,49.8
443.746,52,195.0,2144.0,30.0,9.0,45.61,83.5,2.0,49.0,49.8
443.836,52,195.0,2144.0,37.0,9.0,45.61,83.5,2.0,49.0,49.8
443.898,52,195.0,2144.0,37.0,11.0,45.61,83.5,2.0,49.0,49.8
443.986,52,195.0,2144.0,37.0,11.0,55.99,83.5,2.0,49.0,49.8
444.048,52,195.0,2144.0,37.0,11.0,55.99,83.5,2.0,49.0,49.8
444.136,52,195.0,2144.0,37.0,11.0,55.99,83.5,2.0,49.0,49.8
444.228,52,195.0,2144.0,37.0,11.0,55.99,83.5,2.0,46.7,49.8
444.316,52,195.0,2144.0,37.0,11.0,55.99,83.5,2.0,46.7,42.4
444.405,52,195.0,2144.0,37.0,11.0,55.99,83.5,2.0,46.7,42.4
444.496,52,164.0,2144.0,37.0,11.0,55.99,83.5,2.0,46.7,42.4
444.587,52,164.0,2245.0,37.0,11.0,55.99,83.5,2.0,46.7,42.4
444.646,52,164.0,2245.0,41.0,11.0,55.99,83.5,2.0,46.7,42.4
444.736,52,164.0,2245.0,41.0,12.0,55.99,83.5,2.0,46.7,42.4
444.798,52,164.0,2245.0,41.0,12.0,33.63,83.5,2.0,46.7,42.4
444.886,52,164.0,2245.0,41.0,12.0,33.63,31.0,2.0,46.7,42.4
444.991,52,164.0,2245.0,41.0,12.0,33.63,31.0,2.0,46.7,42.4
445.066,52,164.0,2245.0,41.0,12.0,33.63,31.0,2.0,34.5,42.4
445.156,52,164.0,2245.0,41.0,12.0,33.63,31.0,2.0,34.5,40.4
445.246,53,164.0,2245.0,41.0,12.0,33.63,31.0,2.0,34.5,40.4
445.336,53,107.0,2245.0,41.0,12.0,33.63,31.0,2.0,34.5,40.4
445.426,53,107.0,1587.0,41.0,12.0,33.63,31.0,2.0,34.5,40.4
445.516,53,107.0,1587.0,42.0,12.0,33.63,31.0,2.0,34.5,40.4
445.606,53,107.0,1587.0,42.0,11.0,33.63,31.0,2.0,34.5,40.4
445.696,53,107.0,1587.0,42.0,11.0,34.19,31.0,2.0,34.5,40.4
445.786,53,107.0,1587.0,42.0,11.0,34.19,83.5,2.0,34.5,40.4
445.846,53,107.0,1587.0,42.0,11.0,34.19,83.5,2.0,34.5,40.4
445.936,53,107.0,1587.0,42.0,11.0,34.19,83.5,2.0,57.3,40.4
445.997,53,107.0,1587.0,42.0,11.0,34.19,83.5,2.0,57.3,58.0
446.086,53,107.0,1587.0,42.0,11.0,34.19,83.5,2.0,57.3,58.0
446.176,53,168.0,1587.0,42.0,11.0,34.19,83.5,2.0,57.3,58.0
446.267,53,168.0,1761.0,42.0,11.0,34.19,83.5,2.0,57.3,58.0
446.355,53,168.0,1761.0,47.0,11.0,34.19,83.5,2.0,57.3,58.0
446.446,53,168.0,1761.0,47.0,9.0,34.19,83.5,2.0,57.3,58.0
446.536,53,168.0,1761.0,47.0,9.0,63.97,83.5,2.0,57.3,58.0
446.598,53,168.0,1761.0,47.0,9.0,63.97,83.5,2.0,57.3,58.0
446.686,53,168.0,1761.0,47.0,9.0,63.97,83.5,2.0,57.3,58.0
446.748,53,168.0,1761.0,47.0,9.0,63.97,83.5,2.0,57.3,58.0
446.836,53,168.0,1761.0,47.0,9.0,63.97,83.5,2.0,57.3,57.6
446.926,53,168.0,1761.0,47.0,9.0,63.97,83.5,2.0,57.3,57.6
447.016,53,219.0,1761.0,47.0,9.0,63.97,83.5,2.0,57.3,57.6
447.107,53,219.0,2002.0,47.0,9.0,63.97,83.5,2.0,57.3,57.6
447.196,53,219.0,2002.0,54.0,9.0,63.97,83.5,2.0,57.3,57.6
447.285,53,219.0,2002.0,54.0,10.0,63.97,83.5,2.0,57.3,57.6
447.375,53,219.0,2002.0,54.0,10.0,71.63,83.5,2.0,57.3,57.6
447.465,53,219.0,2002.0,54.0,10.0,71.63,83.5,2.0,57.3,57.6
447.556,53,219.0,2002.0,54.0,10.0,71.63,83.5,2.0,57.3,57.6
447.646,53,219.0,2002.0,54.0,10.0,71.63,83.5,2.0,27.8,57.6
447.736,53,219.0,2002.0,54.0,10.0,71.63,83.5,2.0,27.8,14.5
447.797,53,219.0,2002.0,54.0,10.0,71.63,83.5,2.0,27.8,14.5
447.887,53,123.0,2002.0,54.0,10.0,71.63,83.5,2.0,27.8,14.5
447.947,53,123.0,1788.0,54.0,10.0,71.63,83.5,2.0,27.8,14.5
448.044,53,123.0,1788.0,57.0,10.0,71.63,83.5,2.0,27.8,14.5
448.126,53,123.0,1788.0,57.0,11.0,71.63,83.5,2.0,27.8,14.5
448.216,53,123.0,1788.0,57.0,11.0,26.8,83.5,2.0,27.8,14.5
448.305,53,123.0,1788.0,57.0,11.0,26.8,31.0,2.0,27.8,14.5
448.395,53,123.0,1788.0,57.0,11.0,26.8,31.0,2.0,27.8,14.5
448.485,53,123.0,1788.0,57.0,11.0,26.8,31.0,2.0,45.1,14.5
448.575,53,123.0,1788.0,57.0,11.0,26.8,31.0,2.0,45.1,49.8
448.638,53,123.0,1788.0,57.0,11.0,26.8,31.0,2.0,45.1,49.8
448.698,53,114.0,1788.0,57.0,11.0,26.8,31.0,2.0,45.1,49.8
448.786,53,114.0,1478.0,57.0,11.0,26.8,31.0,2.0,45.1,49.8
448.848,53,114.0,1478.0,57.0,11.0,26.8,31.0,2.0,45.1,49.8
448.936,53,114.0,1478.0,57.0,9.0,26.8,31.0,2.0,45.1,49.8
448.998,53,114.0,1478.0,57.0,9.0,31.52,31.0,2.0,45.1,49.8
449.086,53,114.0,1478.0,57.0,9.0,31.52,83.5,2.0,45.1,49.8
449.147,53,114.0,1478.0,57.0,9.0,31.52,83.5,2.0,45.1,49.8
449.236,53,114.0,1478.0,57.0,9.0,31.52,83.5,2.0,48.2,49.8
449.325,53,114.0,1478.0,57.0,9.0,31.52,83.5,2.0,48.2,48.6
449.415,53,114.0,1478.0,57.0,9.0,31.52,83.5,2.0,48.2,48.6
449.505,53,151.0,1478.0,57.0,9.0,31.52,83.5,2.0,48.2,48.6
449.596,53,151.0,1521.0,57.0,9.0,31.52,83.5,2.0,48.2,48.6
449.686,53,151.0,1521.0,59.0,9.0,31.52,83.5,2.0,48.2,48.6
449.748,53,151.0,1521.0,59.0,7.0,31.52,83.5,2.0,48.2,48.6
449.836,53,151.0,1521.0,59.0,7.0,23.11,83.5,2.0,48.2,48.6
449.897,53,151.0,1521.0,59.0,7.0,23.11,31.8,2.0,48.2,48.6
449.988,53,151.0,1521.0,59.0,7.0,23.11,31.8,2.0,48.2,48.6
450.048,53,151.0,1521.0,59.0,7.0,23.11,31.8,2.0,14.1,48.6
450.136,53,151.0,1521.0,59.0,7.0,23.11,31.8,2.0,14.1,14.5
450.197,53,151.0,1521.0,59.0,7.0,23.11,31.8,2.0,14.1,14.5
450.288,53,108.0,1521.0,59.0,7.0,23.11,31.8,2.0,14.1,14.5
450.347,53,108.0,1516.0,59.0,7.0,23.11,31.8,2.0,14.1,14.5
450.435,53,108.0,1516.0,59.0,7.0,23.11,31.8,2.0,14.1,14.5
450.525,53,108.0,1516.0,59.0,7.0,23.11,31.8,2.0,14.1,14.5
450.615,53,108.0,1516.0,59.0,7.0,28.77,31.8,2.0,14.1,14.5
450.705,53,108.0,1516.0,59.0,7.0,28.77,75.3,2.0,14.1,14.5
450.795,53,108.0,1516.0,59.0,7.0,28.77,75.3,2.0,14.1,14.5
450.885,53,108.0,1516.0,59.0,7.0,28.77,75.3,2.0,14.1,14.5
450.946,53,108.0,1516.0,59.0,7.0,28.77,75.3,2.0,14.1,14.5
451.035,53,108.0,1516.0,59.0,7.0,28.77,75.3,2.0,14.1,14.5
451.097,53,105.0,1516.0,59.0,7.0,28.77,75.3,2.0,14.1,14.5
451.186,53,105.0,1495.0,59.0,7.0,28.77,75.3,2.0,14.1,14.5
451.248,53,105.0,1495.0,58.0,7.0,28.77,75.3,2.0,14.1,14.5
451.335,53,105.0,1495.0,58.0,6.0,28.77,75.3,2.0,14.1,14.5
451.396,53,105.0,1495.0,58.0,6.0,13.8,75.3,2.0,14.1,14.5
451.487,53,105.0,1495.0,58.0,6.0,13.8,83.5,2.0,14.1,14.5
451.546,53,105.0,1495.0,58.0,6.0,13.8,83.5,2.0,14.1,14.5
451.635,53,105.0,1495.0,58.0,6.0,13.8,83.5,2.0,14.1,14.5
451.696,53,105.0,1495.0,58.0,6.0,13.8,83.5,2.0,14.1,14.5
451.785,53,105.0,1495.0,58.0,6.0,13.8,83.5,2.0,14.1,14.5
451.847,53,107.0,1495.0,58.0,6.0,13.8,83.5,2.0,14.1,14.5
451.936,53,107.0,1489.0,58.0,6.0,13.8,83.5,2.0,14.1,14.5
451.998,53,107.0,1489.0,58.0,6.0,13.8,83.5,2.0,14.1,14.5
452.086,53,107.0,1489.0,58.0,4.0,13.8,83.5,2.0,14.1,14.5
452.147,53,107.0,1489.0,58.0,4.0,15.27,83.5,2.0,14.1,14.5
452.248,53,107.0,1489.0,58.0,4.0,15.27,83.5,2.0,14.1,14.5
452.295,53,107.0,1489.0,58.0,4.0,15.27,83.5,2.0,14.1,14.5
452.385,53,107.0,1489.0,58.0,4.0,15.27,83.5,2.0,14.1,14.5
452.446,53,107.0,1489.0,58.0,4.0,15.27,83.5,2.0,14.1,14.5
452.535,53,107.0,1489.0,58.0,4.0,15.27,83.5,2.0,14.1,14.5
452.596,53,112.0,1489.0,58.0,4.0,15.27,83.5,2.0,14.1,14.5
452.685,53,112.0,1490.0,58.0,4.0,15.27,83.5,2.0,14.1,14.5
452.746,53,112.0,1490.0,58.0,4.0,15.27,83.5,2.0,14.1,14.5
452.835,53,112.0,1490.0,58.0,4.0,15.27,83.5,2.0,14.1,14.5
452.898,53,112.0,1490.0,58.0,4.0,14.97,83.5,2.0,14.1,14.5
452.987,53,112.0,1490.0,58.0,4.0,14.97,83.5,2.0,14.1,14.5
453.047,53,112.0,1490.0,58.0,4.0,14.97,83.5,2.0,14.1,14.5
453.135,53,112.0,1490.0,58.0,4.0,14.97,83.5,2.0,14.1,14.5
453.197,53,112.0,1490.0,58.0,4.0,14.97,83.5,2.0,14.1,14.5
453.285,53,112.0,1490.0,58.0,4.0,14.97,83.5,2.0,14.1,14.5
453.346,53,115.0,1490.0,58.0,4.0,14.97,83.5,2.0,14.1,14.5
453.435,53,115.0,1492.0,58.0,4.0,14.97,83.5,2.0,14.1,14.5
453.496,53,115.0,1492.0,58.0,4.0,14.97,83.5,2.0,14.1,14.5
453.585,53,115.0,1492.0,58.0,5.0,14.97,83.5,2.0,14.1,14.5
453.675,53,115.0,1492.0,58.0,5.0,16.66,83.5,2.0,14.1,14.5
453.765,53,115.0,1492.0,58.0,5.0,16.66,83.5,2.0,14.1,14.5
453.855,53,115.0,1492.0,58.0,5.0,16.66,83.5,2.0,14.1,14.5
453.945,53,115.0,1492.0,58.0,5.0,16.66,83.5,2.0,14.1,14.5
454.035,53,115.0,1492.0,58.0,5.0,16.66,83.5,2.0,14.1,14.5
454.097,54,115.0,1492.0,58.0,5.0,16.66,83.5,2.0,14.1,14.5
454.186,54,117.0,1492.0,58.0,5.0,16.66,83.5,2.0,14.1,14.5
454.247,54,117.0,1489.0,58.0,5.0,16.66,83.5,2.0,14.1,14.5
454.335,54,117.0,1489.0,58.0,5.0,16.66,83.5,2.0,14.1,14.5
454.396,54,117.0,1489.0,58.0,5.0,16.66,83.5,2.0,14.1,14.5
454.486,54,117.0,1489.0,58.0,5.0,16.52,83.5,2.0,14.1,14.5
454.547,54,117.0,1489.0,58.0,5.0,16.52,83.5,2.0,14.1,14.5
454.634,54,117.0,1489.0,58.0,5.0,16.52,83.5,2.0,14.1,14.5
454.696,54,117.0,1489.0,58.0,5.0,16.52,83.5,2.0,14.1,14.5
454.785,54,117.0,1489.0,58.0,5.0,16.52,83.5,2.0,14.1,14.5
454.875,54,117.0,1489.0,58.0,5.0,16.52,83.5,2.0,14.1,14.5
454.995,54,118.0,1489.0,58.0,5.0,16.52,83.5,2.0,14.1,14.5
455.085,54,118.0,1490.0,58.0,5.0,16.52,83.5,2.0,14.1,14.5
455.147,54,118.0,1490.0,58.0,5.0,16.52,83.5,2.0,14.1,14.5
455.235,54,118.0,1490.0,58.0,5.0,16.52,83.5,2.0,14.1,14.5
455.295,54,118.0,1490.0,58.0,5.0,17.11,83.5,2.0,14.1,14.5
455.385,54,118.0,1490.0,58.0,5.0,17.11,83.5,2.0,14.1,14.5
455.446,54,118.0,1490.0,58.0,5.0,17.11,83.5,2.0,14.1,14.5
455.535,54,118.0,1490.0,58.0,5.0,17.11,83.5,2.0,14.1,14.5
455.598,54,118.0,1490.0,58.0,5.0,17.11,83.5,2.0,14.1,14.1
455.685,54,118.0,1490.0,58.0,5.0,17.11,83.5,2.0,14.1,14.1
455.746,54,119.0,1490.0,58.0,5.0,17.11,83.5,2.0,14.1,14.1
455.835,54,119.0,1490.0,58.0,5.0,17.11,83.5,2.0,14.1,14.1
455.896,54,119.0,1490.0,58.0,5.0,17.11,83.5,2.0,14.1,14.1
455.986,54,119.0,1490.0,58.0,6.0,17.11,83.5,2.0,14.1,14.1
456.047,54,119.0,1490.0,58.0,6.0,17.08,83.5,2.0,14.1,14.1
456.135,54,119.0,1490.0,58.0,6.0,17.08,83.5,2.0,14.1,14.1
456.196,54,119.0,1490.0,58.0,6.0,17.08,83.5,2.0,14.1,14.1
456.285,54,119.0,1490.0,58.0,6.0,17.08,83.5,2.0,14.1,14.1
456.346,54,119.0,1490.0,58.0,6.0,17.08,83.5,2.0,14.1,14.5
456.435,54,119.0,1490.0,58.0,6.0,17.08,83.5,2.0,14.1,14.5
456.496,54,119.0,1490.0,58.0,6.0,17.08,83.5,2.0,14.1,14.5
456.585,54,119.0,1497.0,58.0,6.0,17.08,83.5,2.0,14.1,14.5
456.649,54,119.0,1497.0,58.0,6.0,17.08,83.5,2.0,14.1,14.5
456.736,54,119.0,1497.0,58.0,6.0,17.08,83.5,2.0,14.1,14.5
456.795,54,119.0,1497.0,58.0,6.0,16.94,83.5,2.0,14.1,14.5
456.884,54,119.0,1497.0,58.0,6.0,16.94,83.5,2.0,14.1,14.5
457.005,54,119.0,1497.0,58.0,6.0,16.94,83.5,2.0,14.1,14.5
457.095,54,119.0,1497.0,58.0,6.0,16.94,83.5,2.0,14.1,14.5
457.185,54,119.0,1497.0,58.0,6.0,16.94,83.5,2.0,14.1,14.5
457.247,54,119.0,1497.0,58.0,6.0,16.94,83.5,2.0,14.1,14.5
457.334,54,118.0,1497.0,58.0,6.0,16.94,83.5,2.0,14.1,14.5
457.396,54,118.0,1496.0,58.0,6.0,16.94,83.5,2.0,14.1,14.5
457.486,54,118.0,1496.0,58.0,6.0,16.94,83.5,2.0,14.1,14.5
457.547,54,118.0,1496.0,58.0,6.0,16.94,83.5,2.0,14.1,14.5
457.635,54,118.0,1496.0,58.0,6.0,16.8,83.5,2.0,14.1,14.5
457.697,54,118.0,1496.0,58.0,6.0,16.8,83.5,2.0,14.1,14.5
457.785,54,118.0,1496.0,58.0,6.0,16.8,83.5,2.0,14.1,14.5
457.849,54,118.0,1496.0,58.0,6.0,16.8,83.5,2.0,14.1,14.5
457.936,54,118.0,1496.0,58.0,6.0,16.8,83.5,2.0,14.1,14.5
457.997,54,118.0,1496.0,58.0,6.0,16.8,83.5,2.0,14.1,14.5
458.085,54,116.0,1496.0,58.0,6.0,16.8,83.5,2.0,14.1,14.5
458.146,54,116.0,1476.0,58.0,6.0,16.8,83.5,2.0,14.1,14.5
458.235,54,116.0,1476.0,58.0,6.0,16.8,83.5,2.0,14.1,14.5
458.296,54,116.0,1476.0,58.0,6.0,16.8,83.5,2.0,14.1,14.5
458.384,54,116.0,1476.0,58.0,6.0,14.86,83.5,2.0,14.1,14.5
458.446,54,116.0,1476.0,58.0,6.0,14.86,83.5,2.0,14.1,14.5
458.535,54,116.0,1476.0,58.0,6.0,14.86,83.5,2.0,14.1,14.5
458.597,54,116.0,1476.0,58.0,6.0,14.86,83.5,2.0,14.1,14.5
458.685,54,116.0,1476.0,58.0,6.0,14.86,83.5,2.0,14.1,14.5
458.746,54,116.0,1476.0,58.0,6.0,14.86,83.5,2.0,14.1,14.5
458.835,54,114.0,1476.0,58.0,6.0,14.86,83.5,2.0,14.1,14.5
458.896,54,114.0,1081.0,58.0,6.0,14.86,83.5,2.0,14.1,14.5
458.986,54,114.0,1081.0,57.0,6.0,14.86,83.5,2.0,14.1,14.5
459.046,54,114.0,1081.0,57.0,5.0,14.86,83.5,2.0,14.1,14.5
459.134,54,114.0,1081.0,57.0,5.0,9.33,83.5,2.0,14.1,14.5
459.196,54,114.0,1081.0,57.0,5.0,9.33,83.5,2.0,14.1,14.5
459.285,54,114.0,1081.0,57.0,5.0,9.33,83.5,2.0,14.1,14.5
459.375,54,114.0,1081.0,57.0,5.0,9.33,83.5,2.0,14.1,14.5
459.436,54,114.0,1081.0,57.0,5.0,9.33,83.5,2.0,14.1,14.5
459.496,54,114.0,1081.0,57.0,5.0,9.33,83.5,2.0,14.1,14.5
459.585,54,109.0,1081.0,57.0,5.0,9.33,83.5,2.0,14.1,14.5
459.645,54,109.0,1481.0,57.0,5.0,9.33,83.5,2.0,14.1,14.5
459.735,54,109.0,1481.0,55.0,5.0,9.33,83.5,2.0,14.1,14.5
459.796,54,109.0,1481.0,55.0,5.0,9.33,83.5,2.0,14.1,14.5
459.885,54,109.0,1481.0,55.0,5.0,19.02,83.5,2.0,14.1,14.5
459.947,54,109.0,1481.0,55.0,5.0,19.02,83.5,2.0,14.1,14.5
460.065,54,109.0,1481.0,55.0,5.0,19.02,83.5,2.0,14.1,14.5
460.155,54,109.0,1481.0,55.0,5.0,19.02,83.5,2.0,14.1,14.5
460.245,54,109.0,1481.0,55.0,5.0,19.02,83.5,2.0,14.1,14.5
460.337,54,109.0,1481.0,55.0,5.0,19.02,83.5,2.0,14.1,14.5
460.395,54,107.0,1481.0,55.0,5.0,19.02,83.5,2.0,14.1,14.5
460.485,54,107.0,1947.0,55.0,5.0,19.02,83.5,2.0,14.1,14.5
460.545,54,107.0,1947.0,52.0,5.0,19.02,83.5,2.0,14.1,14.5
460.635,54,107.0,1947.0,52.0,4.0,19.02,83.5,2.0,14.1,14.5
460.696,54,107.0,1947.0,52.0,4.0,20.94,83.5,2.0,14.1,14.5
460.785,54,107.0,1947.0,52.0,4.0,20.94,83.5,2.0,14.1,14.5
460.846,54,107.0,1947.0,52.0,4.0,20.94,83.5,2.0,14.1,14.5
460.935,54,107.0,1947.0,52.0,4.0,20.94,83.5,2.0,14.1,14.5
460.999,54,107.0,1947.0,52.0,4.0,20.94,83.5,2.0,14.1,14.5
461.085,54,107.0,1947.0,52.0,4.0,20.94,83.5,2.0,14.1,14.5
461.147,54,118.0,1947.0,52.0,4.0,20.94,83.5,2.0,14.1,14.5
461.235,54,118.0,1795.0,52.0,4.0,20.94,83.5,2.0,14.1,14.5
461.295,54,118.0,1795.0,50.0,4.0,20.94,83.5,2.0,14.1,14.5
461.385,54,118.0,1795.0,50.0,7.0,20.94,83.5,2.0,14.1,14.5
461.445,54,118.0,1795.0,50.0,7.0,15.86,83.5,2.0,14.1,14.5
461.535,54,118.0,1795.0,50.0,7.0,15.86,83.5,2.0,14.1,14.5
461.596,54,118.0,1795.0,50.0,7.0,15.86,83.5,2.0,14.1,14.5
461.685,54,118.0,1795.0,50.0,7.0,15.86,83.5,2.0,14.1,14.5
461.746,54,118.0,1795.0,50.0,7.0,15.86,83.5,2.0,14.1,14.5
461.835,55,118.0,1795.0,50.0,7.0,15.86,83.5,2.0,14.1,14.5
461.896,55,117.0,1795.0,50.0,7.0,15.86,83.5,2.0,14.1,14.5
461.985,55,117.0,1047.0,50.0,7.0,15.86,83.5,2.0,14.1,14.5
462.075,55,117.0,1047.0,47.0,7.0,15.86,83.5,2.0,14.1,14.5
462.135,55,117.0,1047.0,47.0,7.0,15.86,83.5,2.0,14.1,14.5
462.196,55,117.0,1047.0,47.0,7.0,12.41,83.5,2.0,14.1,14.5
462.284,55,117.0,1047.0,47.0,7.0,12.41,83.5,2.0,14.1,14.5
462.345,55,117.0,1047.0,47.0,7.0,12.41,83.5,2.0,14.1,14.5
462.435,55,117.0,1047.0,47.0,7.0,12.41,83.5,2.0,14.1,14.5
462.496,55,117.0,1047.0,47.0,7.0,12.41,83.5,2.0,14.1,14.5
462.586,55,117.0,1047.0,47.0,7.0,12.41,83.5,2.0,14.1,14.5
462.646,55,111.0,1047.0,47.0,7.0,12.41,83.5,2.0,14.1,14.5
462.735,55,111.0,1497.0,47.0,7.0,12.41,83.5,2.0,14.1,14.5
462.796,55,111.0,1497.0,43.0,7.0,12.41,83.5,2.0,14.1,14.5
462.885,55,111.0,1497.0,43.0,4.0,12.41,83.5,2.0,14.1,14.5
462.945,55,111.0,1497.0,43.0,4.0,18.38,83.5,2.0,14.1,14.5
463.035,55,111.0,1497.0,43.0,4.0,18.38,83.5,2.0,14.1,14.5
463.095,55,111.0,1497.0,43.0,4.0,18.38,83.5,2.0,14.1,14.5
463.184,55,111.0,1497.0,43.0,4.0,18.38,83.5,2.0,14.1,14.5
463.245,55,111.0,1497.0,43.0,4.0,18.38,83.5,2.0,14.1,14.5
463.334,55,111.0,1497.0,43.0,4.0,18.38,83.5,2.0,14.1,14.5
463.395,55,114.0,1497.0,43.0,4.0,18.38,83.5,2.0,14.1,14.5
463.485,55,114.0,2145.0,43.0,4.0,18.38,83.5,2.0,14.1,14.5
463.545,55,114.0,2145.0,39.0,4.0,18.38,83.5,2.0,14.1,14.5
463.635,55,114.0,2145.0,39.0,6.0,18.38,83.5,2.0,14.1,14.5
463.725,55,114.0,2145.0,39.0,6.0,28.19,83.5,2.0,14.1,14.5
463.787,55,114.0,2145.0,39.0,6.0,28.19,83.5,2.0,14.1,14.5
463.846,55,114.0,2145.0,39.0,6.0,28.19,83.5,2.0,14.1,14.5
463.935,55,114.0,2145.0,39.0,6.0,28.19,83.5,2.0,14.1,14.5
463.996,55,114.0,2145.0,39.0,6.0,28.19,83.5,2.0,14.1,14.1
464.085,55,114.0,2145.0,39.0,6.0,28.19,83.5,2.0,14.1,14.1
464.146,55,124.0,2145.0,39.0,6.0,28.19,83.5,2.0,14.1,14.1
464.235,55,124.0,2049.0,39.0,6.0,28.19,83.5,2.0,14.1,14.1
464.295,55,124.0,2049.0,35.0,6.0,28.19,83.5,2.0,14.1,14.1
464.384,55,124.0,2049.0,35.0,9.0,28.19,83.5,2.0,14.1,14.1
464.475,55,124.0,2049.0,35.0,9.0,23.83,83.5,2.0,14.1,14.1
464.535,55,124.0,2049.0,35.0,9.0,23.83,83.5,2.0,14.1,14.1
464.595,55,124.0,2049.0,35.0,9.0,23.83,83.5,2.0,14.1,14.1
464.685,55,124.0,2049.0,35.0,9.0,23.83,83.5,2.0,14.1,14.1
464.775,55,124.0,2049.0,35.0,9.0,23.83,83.5,2.0,14.1,14.1
464.836,55,124.0,2049.0,35.0,9.0,23.83,83.5,2.0,14.1,14.1
464.924,55,124.0,2049.0,35.0,9.0,23.83,83.5,2.0,14.1,14.1
464.988,55,124.0,1833.0,35.0,9.0,23.83,83.5,2.0,14.1,14.1
465.074,55,124.0,1833.0,31.0,9.0,23.83,83.5,2.0,14.1,14.1
465.135,55,124.0,1833.0,31.0,7.0,23.83,83.5,2.0,14.1,14.1
465.225,55,124.0,1833.0,31.0,7.0,19.47,83.5,2.0,14.1,14.1
465.285,55,124.0,1833.0,31.0,7.0,19.47,83.5,2.0,14.1,14.1
465.374,55,124.0,1833.0,31.0,7.0,19.47,83.5,2.0,14.1,14.1
465.435,55,124.0,1833.0,31.0,7.0,19.47,83.5,2.0,14.1,14.1
465.524,55,124.0,1833.0,31.0,7.0,19.47,83.5,2.0,14.1,14.5
465.586,55,124.0,1833.0,31.0,7.0,19.47,83.5,2.0,14.1,14.5
465.674,55,120.0,1833.0,31.0,7.0,19.47,83.5,2.0,14.1,14.5
465.736,55,120.0,1592.0,31.0,7.0,19.47,83.5,2.0,14.1,14.5
465.824,55,120.0,1592.0,27.0,7.0,19.47,83.5,2.0,14.1,14.5
465.914,55,120.0,1592.0,27.0,6.0,19.47,83.5,2.0,14.1,14.5
465.977,55,120.0,1592.0,27.0,6.0,15.63,83.5,2.0,14.1,14.5
466.041,55,120.0,1592.0,27.0,6.0,15.63,83.5,2.0,14.1,14.5
466.124,55,120.0,1592.0,27.0,6.0,15.63,83.5,2.0,14.1,14.5
466.185,55,120.0,1592.0,27.0,6.0,15.63,83.5,2.0,14.1,14.5
466.275,55,120.0,1592.0,27.0,6.0,15.63,83.5,2.0,14.1,14.5
466.335,55,120.0,1592.0,27.0,6.0,15.63,83.5,2.0,14.1,14.5
466.424,55,116.0,1592.0,27.0,6.0,15.63,83.5,2.0,14.1,14.5
466.486,55,116.0,1130.0,27.0,6.0,15.63,83.5,2.0,14.1,14.5
466.575,55,116.0,1130.0,21.0,6.0,15.63,83.5,2.0,14.1,14.5
466.635,55,116.0,1130.0,21.0,5.0,15.63,83.5,2.0,14.1,14.5
466.725,55,116.0,1130.0,21.0,5.0,9.05,83.5,2.0,14.1,14.5
466.785,55,116.0,1130.0,21.0,5.0,9.05,83.5,2.0,14.1,14.5
466.874,55,116.0,1130.0,21.0,5.0,9.05,83.5,2.0,14.1,14.5
466.936,55,116.0,1130.0,21.0,5.0,9.05,83.5,2.0,14.1,14.5
467.025,55,116.0,1130.0,21.0,5.0,9.05,83.5,2.0,14.1,14.5
467.086,55,116.0,1130.0,21.0,5.0,9.05,83.5,2.0,14.1,14.5
467.174,55,111.0,1130.0,21.0,5.0,9.05,83.5,2.0,14.1,14.5
467.236,55,111.0,1033.0,21.0,5.0,9.05,83.5,2.0,14.1,14.5
467.324,55,111.0,1033.0,14.0,5.0,9.05,83.5,2.0,14.1,14.5
467.385,55,111.0,1033.0,14.0,5.0,9.05,83.5,2.0,14.1,14.5
467.475,55,111.0,1033.0,14.0,5.0,10.44,83.5,2.0,14.1,14.5
467.537,55,111.0,1033.0,14.0,5.0,10.44,83.5,2.0,14.1,14.5
467.624,55,111.0,1033.0,14.0,5.0,10.44,83.5,2.0,14.1,14.5
467.686,55,111.0,1033.0,14.0,5.0,10.44,83.5,2.0,14.1,14.5
467.774,55,111.0,1033.0,14.0,5.0,10.44,83.5,2.0,14.1,14.5
467.835,55,111.0,1033.0,14.0,5.0,10.44,83.5,2.0,14.1,14.5
467.924,55,108.0,1033.0,14.0,5.0,10.44,83.5,2.0,14.1,14.5
467.986,55,108.0,1035.0,14.0,5.0,10.44,83.5,2.0,14.1,14.5
468.074,55,108.0,1035.0,7.0,5.0,10.44,83.5,2.0,14.1,14.5
468.135,55,108.0,1035.0,7.0,3.0,10.44,83.5,2.0,14.1,14.5
468.225,55,108.0,1035.0,7.0,3.0,9.74,83.5,2.0,14.1,14.5
468.285,55,108.0,1035.0,7.0,3.0,9.74,83.5,2.0,14.1,14.5
468.374,55,108.0,1035.0,7.0,3.0,9.74,83.5,2.0,14.1,14.5
468.435,55,108.0,1035.0,7.0,3.0,9.74,83.5,2.0,14.1,14.5
468.525,55,108.0,1035.0,7.0,3.0,9.74,83.5,2.0,14.1,14.5
468.586,55,108.0,1035.0,7.0,3.0,9.74,83.5,2.0,14.1,14.5
468.679,55,107.0,1035.0,7.0,3.0,9.74,83.5,2.0,14.1,14.5
468.735,55,107.0,1034.0,7.0,3.0,9.74,83.5,2.0,14.1,14.5
468.824,55,107.0,1034.0,3.0,3.0,9.74,83.5,2.0,14.1,14.5
468.885,55,107.0,1034.0,3.0,3.0,9.74,83.5,2.0,14.1,14.5
468.975,55,107.0,1034.0,3.0,3.0,9.94,83.5,2.0,14.1,14.5
469.035,55,107.0,1034.0,3.0,3.0,9.94,83.5,2.0,14.1,14.5
469.124,55,107.0,1034.0,3.0,3.0,9.94,83.5,2.0,14.1,14.5
469.185,55,107.0,1034.0,3.0,3.0,9.94,83.5,2.0,14.1,14.5
469.274,55,107.0,1034.0,3.0,3.0,9.94,83.5,2.0,14.1,14.5
469.335,55,107.0,1034.0,3.0,3.0,9.94,83.5,2.0,14.1,14.5
469.424,55,107.0,1034.0,3.0,3.0,9.94,83.5,2.0,14.1,14.5
469.486,55,107.0,1038.0,3.0,3.0,9.94,83.5,2.0,14.1,14.5
469.574,55,107.0,1038.0,1.0,3.0,9.94,83.5,2.0,14.1,14.5
469.635,55,107.0,1038.0,1.0,3.0,9.94,83.5,2.0,14.1,14.5
469.725,55,107.0,1038.0,1.0,3.0,9.74,83.5,2.0,14.1,14.5
469.785,55,107.0,1038.0,1.0,3.0,9.74,83.5,2.0,14.1,14.5
469.874,55,107.0,1038.0,1.0,3.0,9.74,83.5,2.0,14.1,14.5
469.995,55,107.0,1038.0,1.0,3.0,9.74,83.5,2.0,14.1,14.5
470.084,55,107.0,1038.0,1.0,3.0,9.74,83.5,2.0,14.1,14.5
470.175,56,107.0,1038.0,1.0,3.0,9.74,83.5,2.0,14.1,14.5
470.235,56,107.0,1038.0,1.0,3.0,9.74,83.5,2.0,14.1,14.5
470.323,56,107.0,1041.0,1.0,3.0,9.74,83.5,2.0,14.1,14.5
470.385,56,107.0,1041.0,0.0,3.0,9.74,83.5,2.0,14.1,14.5
470.474,56,107.0,1041.0,0.0,3.0,9.74,83.5,2.0,14.1,14.5
470.535,56,107.0,1041.0,0.0,3.0,9.8,83.5,2.0,14.1,14.5
470.624,56,107.0,1041.0,0.0,3.0,9.8,83.5,2.0,14.1,14.5
470.685,56,107.0,1041.0,0.0,3.0,9.8,83.5,2.0,14.1,14.5
470.775,56,107.0,1041.0,0.0,3.0,9.8,83.5,2.0,14.1,14.5
470.835,56,107.0,1041.0,0.0,3.0,9.8,83.5,2.0,14.1,14.5
470.924,56,107.0,1041.0,0.0,3.0,9.8,83.5,2.0,14.1,14.5
470.985,56,107.0,1041.0,0.0,3.0,9.8,83.5,2.0,14.1,14.5
471.074,56,107.0,1038.0,0.0,3.0,9.8,83.5,2.0,14.1,14.5
471.135,56,107.0,1038.0,0.0,3.0,9.8,83.5,2.0,14.1,14.5
471.225,56,107.0,1038.0,0.0,4.0,9.8,83.5,2.0,14.1,14.5
471.286,56,107.0,1038.0,0.0,4.0,9.91,83.5,2.0,14.1,14.5
471.374,56,107.0,1038.0,0.0,4.0,9.91,83.5,2.0,14.1,14.5
471.435,56,107.0,1038.0,0.0,4.0,9.91,83.5,2.0,14.1,14.5
471.525,56,107.0,1038.0,0.0,4.0,9.91,83.5,2.0,14.1,14.5
471.585,56,107.0,1038.0,0.0,4.0,9.91,83.5,2.0,14.1,14.5
471.675,56,107.0,1038.0,0.0,4.0,9.91,83.5,2.0,14.1,14.5
471.735,56,107.0,1038.0,0.0,4.0,9.91,83.5,2.0,14.1,14.5
471.824,56,107.0,1041.0,0.0,4.0,9.91,83.5,2.0,14.1,14.5
471.885,56,107.0,1041.0,0.0,4.0,9.91,83.5,2.0,14.1,14.5
471.974,56,107.0,1041.0,0.0,4.0,9.91,83.5,2.0,14.1,14.5
472.037,56,107.0,1041.0,0.0,4.0,9.83,83.5,2.0,14.1,14.5
472.124,56,107.0,1041.0,0.0,4.0,9.83,83.5,2.0,14.1,14.5
472.244,56,107.0,1041.0,0.0,4.0,9.83,83.5,2.0,14.1,14.5
472.334,56,107.0,1041.0,0.0,4.0,9.83,83.5,2.0,14.1,14.5
472.424,56,107.0,1041.0,0.0,4.0,9.83,83.5,2.0,14.1,14.5
472.485,56,107.0,1041.0,0.0,4.0,9.83,83.5,2.0,14.1,14.5
472.574,56,107.0,1041.0,0.0,4.0,9.83,83.5,2.0,14.1,14.5
472.635,56,107.0,1038.0,0.0,4.0,9.83,83.5,2.0,14.1,14.5
472.724,56,107.0,1038.0,0.0,4.0,9.83,83.5,2.0,14.1,14.5
472.788,56,107.0,1038.0,0.0,4.0,9.83,83.5,2.0,14.1,14.5
472.874,56,107.0,1038.0,0.0,4.0,9.86,83.5,2.0,14.1,14.5
472.935,56,107.0,1038.0,0.0,4.0,9.86,83.5,2.0,14.1,14.5
473.024,56,107.0,1038.0,0.0,4.0,9.86,83.5,2.0,14.1,14.5
473.084,56,107.0,1038.0,0.0,4.0,9.86,83.5,2.0,14.1,14.5
473.174,56,107.0,1038.0,0.0,4.0,9.86,83.5,2.0,14.1,14.5
473.235,56,107.0,1038.0,0.0,4.0,9.86,83.5,2.0,14.1,14.5
473.323,56,107.0,1038.0,0.0,4.0,9.86,83.5,2.0,14.1,14.5
473.385,56,107.0,1039.0,0.0,4.0,9.86,83.5,2.0,14.1,14.5
473.475,56,107.0,1039.0,0.0,4.0,9.86,83.5,2.0,14.1,14.5
473.535,56,107.0,1039.0,0.0,4.0,9.86,83.5,2.0,14.1,14.5
473.624,56,107.0,1039.0,0.0,4.0,10.05,83.5,2.0,14.1,14.5
473.685,56,107.0,1039.0,0.0,4.0,10.05,83.5,2.0,14.1,14.5
473.774,56,107.0,1039.0,0.0,4.0,10.05,83.5,2.0,14.1,14.5
473.835,56,107.0,1039.0,0.0,4.0,10.05,83.5,2.0,14.1,14.5
473.924,56,107.0,1039.0,0.0,4.0,10.05,83.5,2.0,14.1,14.5
473.985,56,107.0,1039.0,0.0,4.0,10.05,83.5,2.0,14.1,14.5
474.074,56,107.0,1039.0,0.0,4.0,10.05,83.5,2.0,14.1,14.5
474.135,56,107.0,1038.0,0.0,4.0,10.05,83.5,2.0,14.1,14.5
474.223,56,107.0,1038.0,0.0,4.0,10.05,83.5,2.0,14.1,14.5
474.284,56,107.0,1038.0,0.0,4.0,10.05,83.5,2.0,14.1,14.5
474.374,56,107.0,1038.0,0.0,4.0,9.91,83.5,2.0,14.1,14.5
474.435,56,107.0,1038.0,0.0,4.0,9.91,83.5,2.0,14.1,14.5
474.525,56,107.0,1038.0,0.0,4.0,9.91,83.5,2.0,14.1,14.5
474.585,56,107.0,1038.0,0.0,4.0,9.91,83.5,2.0,14.1,14.5
474.675,56,107.0,1038.0,0.0,4.0,9.91,83.5,2.0,14.1,14.5
474.735,56,107.0,1038.0,0.0,4.0,9.91,83.5,2.0,14.1,14.5
474.824,56,107.0,1038.0,0.0,4.0,9.91,83.5,2.0,14.1,14.5
474.885,56,107.0,1041.0,0.0,4.0,9.91,83.5,2.0,14.1,14.5
474.974,56,107.0,1041.0,0.0,4.0,9.91,83.5,2.0,14.1,14.5
475.064,56,107.0,1041.0,0.0,5.0,9.91,83.5,2.0,14.1,14.5
475.125,56,107.0,1041.0,0.0,5.0,9.69,83.5,2.0,14.1,14.5
475.192,56,107.0,1041.0,0.0,5.0,9.69,83.5,2.0,14.1,14.5
475.275,56,107.0,1041.0,0.0,5.0,9.69,83.5,2.0,14.1,14.5
475.335,56,107.0,1041.0,0.0,5.0,9.69,83.5,2.0,14.1,14.5
475.424,56,107.0,1041.0,0.0,5.0,9.69,83.5,2.0,14.1,14.5
475.485,56,107.0,1041.0,0.0,5.0,9.69,83.5,2.0,14.1,14.5
475.575,56,107.0,1041.0,0.0,5.0,9.69,83.5,2.0,14.1,14.5
475.635,56,107.0,1040.0,0.0,5.0,9.69,83.5,2.0,14.1,14.5
475.725,56,107.0,1040.0,0.0,5.0,9.69,83.5,2.0,14.1,14.5
475.785,56,107.0,1040.0,0.0,5.0,9.69,83.5,2.0,14.1,14.5
475.874,56,107.0,1040.0,0.0,5.0,9.8,83.5,2.0,14.1,14.5
475.935,56,107.0,1040.0,0.0,5.0,9.8,83.5,2.0,14.1,14.5
476.024,56,107.0,1040.0,0.0,5.0,9.8,83.5,2.0,14.1,14.5
476.085,56,107.0,1040.0,0.0,5.0,9.8,83.5,2.0,14.1,14.5
476.174,56,107.0,1040.0,0.0,5.0,9.8,83.5,2.0,14.1,14.5
476.235,56,107.0,1040.0,0.0,5.0,9.8,83.5,2.0,14.1,14.5
476.324,56,107.0,1040.0,0.0,5.0,9.8,83.5,2.0,14.1,14.5
476.384,56,107.0,1038.0,0.0,5.0,9.8,83.5,2.0,14.1,14.5
476.473,56,107.0,1038.0,0.0,5.0,9.8,83.5,2.0,14.1,14.5
476.534,56,107.0,1038.0,0.0,5.0,9.8,83.5,2.0,14.1,14.5
476.623,56,107.0,1038.0,0.0,5.0,9.77,83.5,2.0,14.1,14.5
476.684,56,107.0,1038.0,0.0,5.0,9.77,83.5,2.0,14.1,14.5
476.773,56,107.0,1038.0,0.0,5.0,9.77,83.5,2.0,14.1,14.5
476.834,56,107.0,1038.0,0.0,5.0,9.77,83.5,2.0,14.1,14.5
476.923,56,107.0,1038.0,0.0,5.0,9.77,83.5,2.0,14.1,14.5
476.984,56,107.0,1038.0,0.0,5.0,9.77,83.5,2.0,14.1,14.5
477.073,56,107.0,1038.0,0.0,5.0,9.77,83.5,2.0,14.1,14.5
477.134,56,107.0,1039.0,0.0,5.0,9.77,83.5,2.0,14.1,14.5
477.223,56,107.0,1039.0,0.0,5.0,9.77,83.5,2.0,14.1,14.5
477.286,56,107.0,1039.0,0.0,5.0,9.77,83.5,2.0,14.1,14.5
477.374,56,107.0,1039.0,0.0,5.0,9.83,83.5,2.0,14.1,14.5
477.435,56,107.0,1039.0,0.0,5.0,9.83,83.5,2.0,14.1,14.5
477.525,56,107.0,1039.0,0.0,5.0,9.83,83.5,2.0,14.1,14.5
477.585,56,107.0,1039.0,0.0,5.0,9.83,83.5,2.0,14.1,14.5
477.674,56,107.0,1039.0,0.0,5.0,9.83,83.5,2.0,14.1,14.5
477.737,56,107.0,1039.0,0.0,5.0,9.83,83.5,2.0,14.1,14.5
477.824,56,107.0,1039.0,0.0,5.0,9.83,83.5,2.0,14.1,14.5
477.885,56,107.0,1040.0,0.0,5.0,9.83,83.5,2.0,14.1,14.5
477.974,56,107.0,1040.0,0.0,5.0,9.83,83.5,2.0,14.1,14.5
478.037,56,107.0,1040.0,0.0,5.0,9.83,83.5,2.0,14.1,14.5
478.124,56,107.0,1040.0,0.0,5.0,9.88,83.5,2.0,14.1,14.5
478.185,56,107.0,1040.0,0.0,5.0,9.88,83.5,2.0,14.1,14.5
478.274,56,107.0,1040.0,0.0,5.0,9.88,83.5,2.0,14.1,14.5
478.334,56,107.0,1040.0,0.0,5.0,9.88,83.5,2.0,14.1,14.5
478.425,56,107.0,1040.0,0.0,5.0,9.88,83.5,2.0,14.1,14.5
478.486,57,107.0,1040.0,0.0,5.0,9.88,83.5,2.0,14.1,14.5
478.576,57,107.0,1040.0,0.0,5.0,9.88,83.5,2.0,14.1,14.5
478.637,57,107.0,1040.0,0.0,5.0,9.88,83.5,2.0,14.1,14.5
478.724,57,107.0,1040.0,0.0,5.0,9.88,83.5,2.0,14.1,14.5
478.784,57,107.0,1040.0,0.0,5.0,9.88,83.5,2.0,14.1,14.5
478.874,57,107.0,1040.0,0.0,5.0,9.8,83.5,2.0,14.1,14.5
478.935,57,107.0,1040.0,0.0,5.0,9.8,83.5,2.0,14.1,14.5
479.024,57,107.0,1040.0,0.0,5.0,9.8,83.5,2.0,14.1,14.5
479.085,57,107.0,1040.0,0.0,5.0,9.8,83.5,2.0,14.1,14.5
479.174,57,107.0,1040.0,0.0,5.0,9.8,83.5,2.0,14.1,14.5
479.237,57,107.0,1040.0,0.0,5.0,9.8,83.5,2.0,14.1,14.5
479.324,57,107.0,1040.0,0.0,5.0,9.8,83.5,2.0,14.1,14.5
479.385,57,107.0,1038.0,0.0,5.0,9.8,83.5,2.0,14.1,14.5
479.474,57,107.0,1038.0,0.0,5.0,9.8,83.5,2.0,14.1,14.5
479.535,57,107.0,1038.0,0.0,5.0,9.8,83.5,2.0,14.1,14.5
479.624,57,107.0,1038.0,0.0,5.0,9.99,83.5,2.0,14.1,14.5
479.685,57,107.0,1038.0,0.0,5.0,9.99,83.5,2.0,14.1,14.5
479.774,57,107.0,1038.0,0.0,5.0,9.99,83.5,2.0,14.1,14.5
479.837,57,107.0,1038.0,0.0,5.0,9.99,83.5,2.0,14.1,14.5
479.924,57,107.0,1038.0,0.0,5.0,9.99,83.5,2.0,14.1,14.5
479.986,57,107.0,1038.0,0.0,5.0,9.99,83.5,2.0,14.1,14.5
480.076,57,107.0,1038.0,0.0,5.0,9.99,83.5,2.0,14.1,14.5
480.135,57,107.0,1039.0,0.0,5.0,9.99,83.5,2.0,14.1,14.5
480.224,57,107.0,1039.0,0.0,5.0,9.99,83.5,2.0,14.1,14.5
480.284,57,107.0,1039.0,0.0,5.0,9.99,83.5,2.0,14.1,14.5
480.374,57,107.0,1039.0,0.0,5.0,10.08,83.5,2.0,14.1,14.5
480.434,57,107.0,1039.0,0.0,5.0,10.08,83.5,2.0,14.1,14.5
480.523,57,107.0,1039.0,0.0,5.0,10.08,83.5,2.0,14.1,14.5
480.584,57,107.0,1039.0,0.0,5.0,10.08,83.5,2.0,14.1,14.5
480.673,57,107.0,1039.0,0.0,5.0,10.08,83.5,2.0,14.1,14.5
480.734,57,107.0,1039.0,0.0,5.0,10.08,83.5,2.0,14.1,14.5
480.823,57,107.0,1039.0,0.0,5.0,10.08,83.5,2.0,14.1,14.5
480.885,57,107.0,1040.0,0.0,5.0,10.08,83.5,2.0,14.1,14.5
480.973,57,107.0,1040.0,0.0,5.0,10.08,83.5,2.0,14.1,14.5
481.064,57,107.0,1040.0,0.0,5.0,10.08,83.5,2.0,14.1,14.5
481.124,57,107.0,1040.0,0.0,5.0,9.94,83.5,2.0,14.1,14.5
481.185,57,107.0,1040.0,0.0,5.0,9.94,83.5,2.0,14.1,14.5
481.274,57,107.0,1040.0,0.0,5.0,9.94,83.5,2.0,14.1,14.5
481.334,57,107.0,1040.0,0.0,5.0,9.94,83.5,2.0,14.1,14.5
481.424,57,107.0,1040.0,0.0,5.0,9.94,83.5,2.0,14.1,14.5
481.485,57,107.0,1040.0,0.0,5.0,9.94,83.5,2.0,14.1,14.5
481.574,57,107.0,1040.0,0.0,5.0,9.94,83.5,2.0,14.1,14.5
481.635,57,107.0,1039.0,0.0,5.0,9.94,83.5,2.0,14.1,14.5
481.724,57,107.0,1039.0,0.0,5.0,9.94,83.5,2.0,14.1,14.5
481.786,57,107.0,1039.0,0.0,5.0,9.94,83.5,2.0,14.1,14.5
481.875,57,107.0,1039.0,0.0,5.0,9.88,83.5,2.0,14.1,14.5
481.938,57,107.0,1039.0,0.0,5.0,9.88,83.5,2.0,14.1,14.5
482.024,57,107.0,1039.0,0.0,5.0,9.88,83.5,2.0,14.1,14.5
482.084,57,107.0,1039.0,0.0,5.0,9.88,83.5,2.0,14.1,14.5
482.174,57,107.0,1039.0,0.0,5.0,9.88,83.5,2.0,14.1,14.5
482.235,57,107.0,1039.0,0.0,5.0,9.88,83.5,2.0,14.1,14.5
482.324,57,107.0,1039.0,0.0,5.0,9.88,83.5,2.0,14.1,14.5
482.384,57,107.0,1040.0,0.0,5.0,9.88,83.5,2.0,14.1,14.5
482.474,57,107.0,1040.0,0.0,5.0,9.88,83.5,2.0,14.1,14.5
482.535,57,107.0,1040.0,0.0,5.0,9.88,83.5,2.0,14.1,14.5
482.624,57,107.0,1040.0,0.0,5.0,9.91,83.5,2.0,14.1,14.5
482.685,57,107.0,1040.0,0.0,5.0,9.91,83.5,2.0,14.1,14.5
482.774,57,107.0,1040.0,0.0,5.0,9.91,83.5,2.0,14.1,14.5
482.835,57,107.0,1040.0,0.0,5.0,9.91,83.5,2.0,14.1,14.5
482.923,57,107.0,1040.0,0.0,5.0,9.91,83.5,2.0,14.1,14.5
482.985,57,107.0,1040.0,0.0,5.0,9.91,83.5,2.0,14.1,14.5
483.073,57,107.0,1040.0,0.0,5.0,9.91,83.5,2.0,14.1,14.5
483.134,57,107.0,1040.0,0.0,5.0,9.91,83.5,2.0,14.1,14.5
483.223,57,107.0,1040.0,0.0,5.0,9.91,83.5,2.0,14.1,14.5
483.284,57,107.0,1040.0,0.0,5.0,9.91,83.5,2.0,14.1,14.5
483.373,57,107.0,1040.0,0.0,5.0,9.99,83.5,2.0,14.1,14.5
483.435,57,107.0,1040.0,0.0,5.0,9.99,83.5,2.0,14.1,14.5
483.523,57,107.0,1040.0,0.0,5.0,9.99,83.5,2.0,14.1,14.5
483.584,57,107.0,1040.0,0.0,5.0,9.99,83.5,2.0,14.1,14.5
483.676,57,107.0,1040.0,0.0,5.0,9.99,83.5,2.0,14.1,14.5
483.736,57,107.0,1040.0,0.0,5.0,9.99,83.5,2.0,14.1,14.5
483.824,57,107.0,1040.0,0.0,5.0,9.99,83.5,2.0,14.1,14.5
483.886,57,107.0,1039.0,0.0,5.0,9.99,83.5,2.0,14.1,14.5
483.975,57,107.0,1039.0,0.0,5.0,9.99,83.5,2.0,14.1,14.5
484.037,57,107.0,1039.0,0.0,5.0,9.99,83.5,2.0,14.1,14.5
484.124,57,107.0,1039.0,0.0,5.0,9.83,83.5,2.0,14.1,14.5
484.186,57,107.0,1039.0,0.0,5.0,9.83,83.5,2.0,14.1,14.5
484.285,57,107.0,1039.0,0.0,5.0,9.83,83.5,2.0,14.1,14.5
484.334,57,107.0,1039.0,0.0,5.0,9.83,83.5,2.0,14.1,14.5
484.424,57,107.0,1039.0,0.0,5.0,9.83,83.5,2.0,14.1,14.5
484.486,57,107.0,1039.0,0.0,5.0,9.83,83.5,2.0,14.1,14.5
484.575,57,107.0,1039.0,0.0,5.0,9.83,83.5,2.0,14.1,14.5
484.64,57,107.0,1039.0,0.0,5.0,9.83,83.5,2.0,14.1,14.5
484.724,57,107.0,1039.0,0.0,5.0,9.83,83.5,2.0,14.1,14.5
484.784,57,107.0,1039.0,0.0,5.0,9.83,83.5,2.0,14.1,14.5
484.873,57,107.0,1039.0,0.0,5.0,9.86,83.5,2.0,14.1,14.5
484.934,57,107.0,1039.0,0.0,5.0,9.86,83.5,2.0,14.1,14.5
485.083,57,107.0,1039.0,0.0,5.0,9.86,83.5,2.0,14.1,14.5
485.173,57,107.0,1039.0,0.0,5.0,9.86,83.5,2.0,14.1,14.5
485.234,57,107.0,1039.0,0.0,5.0,9.86,83.5,2.0,14.1,14.5
485.328,57,107.0,1039.0,0.0,5.0,9.86,83.5,2.0,14.1,14.5
485.384,57,107.0,1039.0,0.0,5.0,9.86,83.5,2.0,14.1,14.5
485.473,57,107.0,1041.0,0.0,5.0,9.86,83.5,2.0,14.1,14.5
485.624,57,107.0,1041.0,0.0,5.0,9.86,83.5,2.0,14.1,14.5
485.684,57,107.0,1041.0,0.0,5.0,9.86,83.5,2.0,14.1,14.5
485.773,57,107.0,1041.0,0.0,5.0,9.86,83.5,2.0,14.1,14.5
485.834,57,107.0,1041.0,0.0,5.0,9.86,83.5,2.0,14.1,14.5
485.923,57,107.0,1041.0,0.0,5.0,9.86,83.5,2.0,14.1,14.5
485.984,57,107.0,1041.0,0.0,5.0,9.86,83.5,2.0,14.1,14.5
486.073,57,107.0,1041.0,0.0,5.0,9.86,83.5,2.0,14.1,14.5
486.134,57,107.0,1041.0,0.0,5.0,9.86,83.5,2.0,14.1,14.5
486.552,57,107.0,1041.0,0.0,5.0,9.86,83.5,2.0,14.1,14.5
486.792,57,107.0,1040.0,0.0,5.0,9.86,83.5,2.0,14.1,14.5
486.972,57,107.0,1040.0,0.0,5.0,9.86,83.5,2.0,14.1,14.5
487.152,57,107.0,1040.0,0.0,5.0,9.86,83.5,2.0,14.1,14.5
487.332,57,107.0,1040.0,0.0,5.0,9.83,83.5,2.0,14.1,14.5
487.542,57,107.0,1040.0,0.0,5.0,9.83,83.5,2.0,14.1,14.5
487.722,57,107.0,1040.0,0.0,5.0,9.83,83.5,2.0,14.1,14.5
487.903,57,107.0,1040.0,0.0,5.0,9.83,83.5,2.0,14.1,14.5
488.113,57,107.0,1040.0,0.0,5.0,9.83,83.5,2.0,14.1,14.5
488.293,57,107.0,1040.0,0.0,5.0,9.83,83.5,2.0,14.1,14.5
488.443,57,107.0,1040.0,0.0,5.0,9.83,83.5,2.0,14.1,14.5
488.623,57,107.0,1039.0,0.0,5.0,9.83,83.5,2.0,14.1,14.5
488.803,57,107.0,1039.0,0.0,5.0,9.83,83.5,2.0,14.1,14.5
488.982,57,107.0,1039.0,0.0,5.0,9.83,83.5,2.0,14.1,14.5
489.256,57,107.0,1039.0,0.0,5.0,9.88,83.5,2.0,14.1,14.5
489.493,57,107.0,1039.0,0.0,5.0,9.88,83.5,2.0,14.1,14.5
489.673,57,107.0,1039.0,0.0,5.0,9.88,83.5,2.0,14.1,14.5
489.853,57,107.0,1039.0,0.0,5.0,9.88,83.5,2.0,14.1,14.5
490.105,57,107.0,1039.0,0.0,5.0,9.88,83.5,2.0,14.1,14.5
490.242,57,107.0,1039.0,0.0,5.0,9.88,83.5,2.0,14.1,14.5
490.392,57,107.0,1039.0,0.0,5.0,9.88,83.5,2.0,14.1,14.5
490.482,57,107.0,1040.0,0.0,5.0,9.88,83.5,2.0,14.1,14.5
490.662,57,107.0,1040.0,0.0,5.0,9.88,83.5,2.0,14.1,14.5
490.872,57,107.0,1040.0,0.0,5.0,9.88,83.5,2.0,14.1,14.5
491.052,57,107.0,1040.0,0.0,5.0,9.66,83.5,2.0,14.1,14.5
491.172,57,107.0,1040.0,0.0,5.0,9.66,83.5,2.0,14.1,14.5
491.416,57,107.0,1040.0,0.0,5.0,9.66,83.5,2.0,14.1,14.5
491.663,57,107.0,1040.0,0.0,5.0,9.66,83.5,2.0,14.1,14.5
491.912,57,107.0,1040.0,0.0,5.0,9.66,83.5,2.0,14.1,14.5
492.131,58,107.0,1040.0,0.0,5.0,9.66,83.5,2.0,14.1,14.5
492.244,58,107.0,1040.0,0.0,5.0,9.66,83.5,2.0,14.1,14.5
492.407,58,107.0,1039.0,0.0,5.0,9.66,83.5,2.0,14.1,14.5
492.655,58,107.0,1039.0,0.0,5.0,9.66,83.5,2.0,14.1,14.5
492.902,58,107.0,1039.0,0.0,5.0,9.66,83.5,2.0,14.1,14.5
493.068,58,107.0,1039.0,0.0,5.0,9.88,83.5,2.0,14.1,14.5
493.315,58,107.0,1039.0,0.0,5.0,9.88,83.5,2.0,14.1,14.5
493.562,58,107.0,1039.0,0.0,5.0,9.88,83.5,2.0,14.1,14.5
493.812,58,107.0,1039.0,0.0,5.0,9.88,83.5,2.0,14.1,14.5
494.059,58,107.0,1039.0,0.0,5.0,9.88,83.5,2.0,14.1,14.5
494.222,58,107.0,1039.0,0.0,5.0,9.88,83.5,2.0,14.1,14.5
494.387,58,107.0,1039.0,0.0,5.0,9.88,83.5,2.0,14.1,14.5
494.636,58,107.0,1038.0,0.0,5.0,9.88,83.5,2.0,14.1,14.5
494.886,58,107.0,1038.0,0.0,5.0,9.88,83.5,2.0,14.1,14.5
495.102,58,107.0,1038.0,0.0,5.0,9.88,83.5,2.0,14.1,14.5
495.295,58,107.0,1038.0,0.0,5.0,9.91,83.5,2.0,14.1,14.5
495.46,58,107.0,1038.0,0.0,5.0,9.91,83.5,2.0,14.1,14.5
495.707,58,107.0,1038.0,0.0,5.0,9.91,83.5,2.0,14.1,14.5
495.957,58,107.0,1038.0,0.0,5.0,9.91,83.5,2.0,14.1,14.5
496.284,58,107.0,1038.0,0.0,5.0,9.91,83.5,2.0,14.1,14.5
496.449,58,107.0,1038.0,0.0,5.0,9.91,83.5,2.0,14.1,14.5
496.696,58,107.0,1038.0,0.0,5.0,9.91,83.5,2.0,14.1,14.5
496.944,58,107.0,1040.0,0.0,5.0,9.91,83.5,2.0,14.1,14.5
497.111,58,107.0,1040.0,0.0,5.0,9.91,83.5,2.0,14.1,14.5
497.284,58,107.0,1040.0,0.0,5.0,9.91,83.5,2.0,14.1,14.5
497.522,58,107.0,1040.0,0.0,5.0,9.66,83.5,2.0,14.1,14.5
497.769,58,107.0,1040.0,0.0,5.0,9.66,83.5,2.0,14.1,14.5
498.017,58,107.0,1040.0,0.0,5.0,9.66,83.5,2.0,14.1,14.5
498.184,58,107.0,1040.0,0.0,5.0,9.66,83.5,2.0,14.1,14.5
498.346,58,107.0,1040.0,0.0,5.0,9.66,83.5,2.0,14.1,14.5
498.595,58,107.0,1040.0,0.0,5.0,9.66,83.5,2.0,14.1,14.5
498.841,58,107.0,1040.0,0.0,5.0,9.66,83.5,2.0,14.1,14.5
499.09,58,107.0,1067.0,0.0,5.0,9.66,83.5,2.0,14.1,14.5
499.336,58,107.0,1067.0,0.0,5.0,9.66,83.5,2.0,14.1,14.5
499.584,58,107.0,1067.0,0.0,7.0,9.66,83.5,2.0,14.1,14.5
499.831,58,107.0,1067.0,0.0,7.0,12.99,83.5,2.0,14.1,14.5
500.079,58,107.0,1067.0,0.0,7.0,12.99,83.5,2.0,14.1,14.5
500.326,58,107.0,1067.0,0.0,7.0,12.99,83.5,2.0,14.1,14.5
500.578,58,107.0,1067.0,0.0,7.0,12.99,83.5,2.0,23.5,14.5
500.821,58,107.0,1067.0,0.0,7.0,12.99,83.5,2.0,23.5,29.8
501.069,58,107.0,1067.0,0.0,7.0,12.99,83.5,2.0,23.5,29.8
501.234,58,123.0,1067.0,0.0,7.0,12.99,83.5,2.0,23.5,29.8
501.398,58,123.0,1787.0,0.0,7.0,12.99,83.5,2.0,23.5,29.8
501.646,58,123.0,1787.0,16.0,7.0,12.99,83.5,2.0,23.5,29.8
501.896,58,123.0,1787.0,16.0,9.0,12.99,83.5,2.0,23.5,29.8
502.142,58,123.0,1787.0,16.0,9.0,23.83,83.5,2.0,23.5,29.8
502.389,58,123.0,1787.0,16.0,9.0,23.83,83.5,2.0,23.5,29.8
502.636,58,123.0,1787.0,16.0,9.0,23.83,83.5,2.0,23.5,29.8
502.884,58,123.0,1787.0,16.0,9.0,23.83,83.5,2.0,34.5,29.8
503.132,58,123.0,1787.0,16.0,9.0,23.83,83.5,2.0,34.5,44.3
503.296,58,123.0,1787.0,16.0,9.0,23.83,83.5,2.0,34.5,44.3
503.463,58,120.0,1787.0,16.0,9.0,23.83,83.5,2.0,34.5,44.3
503.709,58,120.0,1314.0,16.0,9.0,23.83,83.5,2.0,34.5,44.3
503.959,58,120.0,1314.0,23.0,9.0,23.83,83.5,2.0,34.5,44.3
504.26,58,120.0,1314.0,23.0,8.0,23.83,83.5,2.0,34.5,44.3
504.369,58,120.0,1314.0,23.0,8.0,42.38,83.5,2.0,34.5,44.3
504.535,58,120.0,1314.0,23.0,8.0,42.38,83.5,2.0,34.5,44.3
504.783,58,120.0,1314.0,23.0,8.0,42.38,83.5,2.0,34.5,44.3
504.948,58,120.0,1314.0,23.0,8.0,42.38,83.5,2.0,49.8,44.3
505.167,58,120.0,1314.0,23.0,8.0,42.38,83.5,2.0,49.8,50.2
505.284,58,120.0,1314.0,23.0,8.0,42.38,83.5,2.0,49.8,50.2
505.442,58,196.0,1314.0,23.0,8.0,42.38,83.5,2.0,49.8,50.2
505.69,58,196.0,2216.0,23.0,8.0,42.38,83.5,2.0,49.8,50.2
505.938,58,196.0,2216.0,39.0,8.0,42.38,83.5,2.0,49.8,50.2
506.266,58,196.0,2216.0,39.0,13.0,42.38,83.5,2.0,49.8,50.2
506.515,58,196.0,2216.0,39.0,13.0,32.08,83.5,2.0,49.8,50.2
506.766,58,196.0,2216.0,39.0,13.0,32.08,31.0,2.0,49.8,50.2
507.009,58,196.0,2216.0,39.0,13.0,32.08,31.0,2.0,49.8,50.2
507.176,58,196.0,2216.0,39.0,13.0,32.08,31.0,2.0,51.8,50.2
507.339,58,196.0,2216.0,39.0,13.0,32.08,31.0,2.0,51.8,54.9
507.587,58,196.0,2216.0,39.0,13.0,32.08,31.0,2.0,51.8,54.9
507.835,58,141.0,2216.0,39.0,13.0,32.08,31.0,2.0,51.8,54.9
508.082,58,141.0,1641.0,39.0,13.0,32.08,31.0,2.0,51.8,54.9
508.248,58,141.0,1641.0,45.0,13.0,32.08,31.0,2.0,51.8,54.9
508.494,58,141.0,1641.0,45.0,9.0,32.08,31.0,2.0,51.8,54.9
508.742,58,141.0,1641.0,45.0,9.0,62.63,31.0,2.0,51.8,54.9
508.988,58,141.0,1641.0,45.0,9.0,62.63,83.5,2.0,51.8,54.9
509.155,58,141.0,1641.0,45.0,9.0,62.63,83.5,2.0,51.8,54.9
509.401,58,141.0,1641.0,45.0,9.0,62.63,83.5,2.0,50.6,54.9
509.649,58,141.0,1641.0,45.0,9.0,62.63,83.5,2.0,50.6,44.3
509.898,58,141.0,1641.0,45.0,9.0,62.63,83.5,2.0,50.6,44.3
510.144,58,118.0,1641.0,45.0,9.0,62.63,83.5,2.0,50.6,44.3
510.308,58,118.0,1389.0,45.0,9.0,62.63,83.5,2.0,50.6,44.3
510.473,58,118.0,1389.0,54.0,9.0,62.63,83.5,2.0,50.6,44.3
510.72,58,118.0,1389.0,54.0,9.0,62.63,83.5,2.0,50.6,44.3
510.968,58,118.0,1389.0,54.0,9.0,29.16,83.5,2.0,50.6,44.3
511.381,58,118.0,1389.0,54.0,9.0,29.16,83.5,2.0,50.6,44.3
511.629,58,118.0,1389.0,54.0,9.0,29.16,83.5,2.0,50.6,44.3
511.876,58,118.0,1389.0,54.0,9.0,29.16,83.5,2.0,50.6,44.3
512.124,58,118.0,1389.0,54.0,9.0,29.16,83.5,2.0,50.6,50.6
512.288,59,118.0,1389.0,54.0,9.0,29.16,83.5,2.0,50.6,50.6
512.455,59,185.0,1389.0,54.0,9.0,29.16,83.5,2.0,50.6,50.6
512.701,59,185.0,1544.0,54.0,9.0,29.16,83.5,2.0,50.6,50.6
512.949,59,185.0,1544.0,60.0,9.0,29.16,83.5,2.0,50.6,50.6
513.196,59,185.0,1544.0,60.0,8.0,29.16,83.5,2.0,50.6,50.6
513.444,59,185.0,1544.0,60.0,8.0,16.61,83.5,2.0,50.6,50.6
513.691,59,185.0,1544.0,60.0,8.0,16.61,83.5,2.0,50.6,50.6
513.947,59,185.0,1544.0,60.0,8.0,16.61,83.5,2.0,50.6,50.6
514.241,59,185.0,1544.0,60.0,8.0,16.61,83.5,2.0,38.8,50.6
514.353,59,185.0,1544.0,60.0,8.0,16.61,83.5,2.0,38.8,39.2
514.599,59,185.0,1544.0,60.0,8.0,16.61,83.5,2.0,38.8,39.2
514.846,59,132.0,1544.0,60.0,8.0,16.61,83.5,2.0,38.8,39.2
515.095,59,132.0,1562.0,60.0,8.0,16.61,83.5,2.0,38.8,39.2
515.424,59,132.0,1562.0,61.0,8.0,16.61,83.5,2.0,38.8,39.2
515.671,59,132.0,1562.0,61.0,6.0,16.61,83.5,2.0,38.8,39.2
515.923,59,132.0,1562.0,61.0,6.0,20.05,83.5,2.0,38.8,39.2
516.167,59,132.0,1562.0,61.0,6.0,20.05,83.5,2.0,38.8,39.2
516.338,59,132.0,1562.0,61.0,6.0,20.05,83.5,2.0,38.8,39.2
516.497,59,132.0,1562.0,61.0,6.0,20.05,83.5,2.0,37.3,39.2
516.744,59,132.0,1562.0,61.0,6.0,20.05,83.5,2.0,37.3,36.9
516.992,59,132.0,1562.0,61.0,6.0,20.05,83.5,2.0,37.3,36.9
517.321,59,125.0,1562.0,61.0,6.0,20.05,83.5,2.0,37.3,36.9
517.486,59,125.0,1593.0,61.0,6.0,20.05,83.5,2.0,37.3,36.9
517.654,59,125.0,1593.0,62.0,6.0,20.05,83.5,2.0,37.3,36.9
517.9,59,125.0,1593.0,62.0,6.0,20.05,83.5,2.0,37.3,36.9
518.146,59,125.0,1593.0,62.0,6.0,17.38,83.5,2.0,37.3,36.9
518.311,59,125.0,1593.0,62.0,6.0,17.38,83.5,2.0,37.3,36.9
518.477,59,125.0,1593.0,62.0,6.0,17.38,83.5,2.0,37.3,36.9
518.724,59,125.0,1593.0,62.0,6.0,17.38,83.5,2.0,33.7,36.9
518.975,59,125.0,1593.0,62.0,6.0,17.38,83.5,2.0,33.7,34.1
519.22,59,125.0,1593.0,62.0,6.0,17.38,83.5,2.0,33.7,34.1
519.466,59,117.0,1593.0,62.0,6.0,17.38,83.5,2.0,33.7,34.1
519.714,59,117.0,1595.0,62.0,6.0,17.38,83.5,2.0,33.7,34.1
519.961,59,117.0,1595.0,62.0,6.0,17.38,83.5,2.0,33.7,34.1
520.295,59,117.0,1595.0,62.0,6.0,17.38,83.5,2.0,33.7,34.1
520.456,59,117.0,1595.0,62.0,6.0,17.3,83.5,2.0,33.7,34.1
520.621,59,117.0,1595.0,62.0,6.0,17.3,83.5,2.0,33.7,34.1
520.871,59,117.0,1595.0,62.0,6.0,17.3,83.5,2.0,33.7,34.1
521.12,59,117.0,1595.0,62.0,6.0,17.3,83.5,2.0,33.7,34.1
521.418,59,117.0,1595.0,62.0,6.0,17.3,83.5,2.0,33.7,34.9
521.53,59,117.0,1595.0,62.0,6.0,17.3,83.5,2.0,33.7,34.9
521.695,59,120.0,1595.0,62.0,6.0,17.3,83.5,2.0,33.7,34.9
521.941,59,120.0,1598.0,62.0,6.0,17.3,83.5,2.0,33.7,34.9
522.189,59,120.0,1598.0,62.0,6.0,17.3,83.5,2.0,33.7,34.9
522.355,59,120.0,1598.0,62.0,6.0,17.3,83.5,2.0,33.7,34.9
522.519,59,120.0,1598.0,62.0,6.0,17.88,83.5,2.0,33.7,34.9
522.766,59,120.0,1598.0,62.0,6.0,17.88,83.5,2.0,33.7,34.9
523.015,59,120.0,1598.0,62.0,6.0,17.88,83.5,2.0,33.7,34.9
523.265,59,120.0,1598.0,62.0,6.0,17.88,83.5,2.0,34.1,34.9
523.508,59,120.0,1598.0,62.0,6.0,17.88,83.5,2.0,34.1,34.1
523.758,59,120.0,1598.0,62.0,6.0,17.88,83.5,2.0,34.1,34.1
524.006,59,120.0,1598.0,62.0,6.0,17.88,83.5,2.0,34.1,34.1
524.334,59,120.0,1596.0,62.0,6.0,17.88,83.5,2.0,34.1,34.1
524.585,59,120.0,1596.0,62.0,6.0,17.88,83.5,2.0,34.1,34.1
524.765,59,120.0,1596.0,62.0,6.0,17.88,83.5,2.0,34.1,34.1
524.994,59,120.0,1596.0,62.0,6.0,14.61,83.5,2.0,34.1,34.1
525.324,59,120.0,1596.0,62.0,6.0,14.61,83.5,2.0,34.1,34.1
525.575,59,120.0,1596.0,62.0,6.0,14.61,83.5,2.0,34.1,34.1
525.819,59,120.0,1596.0,62.0,6.0,14.61,83.5,2.0,14.1,34.1
526.066,59,120.0,1596.0,62.0,6.0,14.61,83.5,2.0,14.1,14.5
526.231,60,120.0,1596.0,62.0,6.0,14.61,83.5,2.0,14.1,14.5
526.478,60,113.0,1596.0,62.0,6.0,14.61,83.5,2.0,14.1,14.5
526.644,60,113.0,1539.0,62.0,6.0,14.61,83.5,2.0,14.1,14.5
526.809,60,113.0,1539.0,60.0,6.0,14.61,83.5,2.0,14.1,14.5
527.058,60,113.0,1539.0,60.0,6.0,14.61,83.5,2.0,14.1,14.5
527.226,60,113.0,1539.0,60.0,6.0,14.86,83.5,2.0,14.1,14.5
527.469,60,113.0,1539.0,60.0,6.0,14.86,83.5,2.0,14.1,14.5
527.717,60,113.0,1539.0,60.0,6.0,14.86,83.5,2.0,14.1,14.5
527.964,60,113.0,1539.0,60.0,6.0,14.86,83.5,2.0,14.1,14.5
528.294,60,113.0,1539.0,60.0,6.0,14.86,83.5,2.0,14.1,14.5
528.459,60,113.0,1539.0,60.0,6.0,14.86,83.5,2.0,14.1,14.5
528.706,60,112.0,1539.0,60.0,6.0,14.86,83.5,2.0,14.1,14.5
528.958,60,112.0,1509.0,60.0,6.0,14.86,83.5,2.0,14.1,14.5
529.203,60,112.0,1509.0,59.0,6.0,14.86,83.5,2.0,14.1,14.5
529.366,60,112.0,1509.0,59.0,6.0,14.86,83.5,2.0,14.1,14.5
529.532,60,112.0,1509.0,59.0,6.0,13.99,83.5,2.0,14.1,14.5
529.696,60,112.0,1509.0,59.0,6.0,13.99,83.5,2.0,14.1,14.5
529.944,60,112.0,1509.0,59.0,6.0,13.99,83.5,2.0,14.1,14.5
530.195,60,112.0,1509.0,59.0,6.0,13.99,83.5,2.0,14.1,14.5
530.356,60,112.0,1509.0,59.0,6.0,13.99,83.5,2.0,14.1,14.5
530.521,60,112.0,1509.0,59.0,6.0,13.99,83.5,2.0,14.1,14.5
530.769,60,115.0,1509.0,59.0,6.0,13.99,83.5,2.0,14.1,14.5
531.017,60,115.0,1507.0,59.0,6.0,13.99,83.5,2.0,14.1,14.5
531.346,60,115.0,1507.0,59.0,6.0,13.99,83.5,2.0,14.1,14.5
531.596,60,115.0,1507.0,59.0,6.0,13.99,83.5,2.0,14.1,14.5
531.843,60,115.0,1507.0,59.0,6.0,14.3,83.5,2.0,14.1,14.5
532.092,60,115.0,1507.0,59.0,6.0,14.3,83.5,2.0,14.1,14.5
532.337,60,115.0,1507.0,59.0,6.0,14.3,83.5,2.0,14.1,14.5
532.501,60,115.0,1507.0,59.0,6.0,14.3,83.5,2.0,14.1,14.5
532.667,60,115.0,1507.0,59.0,6.0,14.3,83.5,2.0,14.1,14.1
532.914,60,115.0,1507.0,59.0,6.0,14.3,83.5,2.0,14.1,14.1
533.162,60,117.0,1507.0,59.0,6.0,14.3,83.5,2.0,14.1,14.1
533.328,60,117.0,1508.0,59.0,6.0,14.3,83.5,2.0,14.1,14.1
533.574,60,117.0,1508.0,59.0,6.0,14.3,83.5,2.0,14.1,14.1
533.821,60,117.0,1508.0,59.0,6.0,14.3,83.5,2.0,14.1,14.1
534.068,60,117.0,1508.0,59.0,6.0,14.63,83.5,2.0,14.1,14.1
534.371,60,117.0,1508.0,59.0,6.0,14.63,83.5,2.0,14.1,14.1
534.482,60,117.0,1508.0,59.0,6.0,14.63,83.5,2.0,14.1,14.1
534.646,60,117.0,1508.0,59.0,6.0,14.63,83.5,2.0,14.1,14.1
534.897,60,117.0,1508.0,59.0,6.0,14.63,83.5,2.0,14.1,14.5
535.142,60,117.0,1508.0,59.0,6.0,14.63,83.5,2.0,14.1,14.5
535.307,60,117.0,1508.0,59.0,6.0,14.63,83.5,2.0,14.1,14.5
535.472,60,117.0,1514.0,59.0,6.0,14.63,83.5,2.0,14.1,14.5
535.637,60,117.0,1514.0,59.0,6.0,14.63,83.5,2.0,14.1,14.5
535.801,60,117.0,1514.0,59.0,6.0,14.63,83.5,2.0,14.1,14.5
536.049,60,117.0,1514.0,59.0,6.0,14.63,83.5,2.0,14.1,14.5
536.378,60,117.0,1514.0,59.0,6.0,14.63,83.5,2.0,14.1,14.5
536.626,60,117.0,1514.0,59.0,6.0,14.63,83.5,2.0,14.1,14.5
536.874,60,117.0,1514.0,59.0,6.0,14.63,83.5,2.0,14.1,14.5
537.121,60,117.0,1514.0,59.0,6.0,14.63,83.5,2.0,14.1,14.5
537.286,60,117.0,1514.0,59.0,6.0,14.63,83.5,2.0,14.1,14.5
537.534,60,118.0,1514.0,59.0,6.0,14.63,83.5,2.0,14.1,14.5
537.781,60,118.0,1522.0,59.0,6.0,14.63,83.5,2.0,14.1,14.5
538.031,60,118.0,1522.0,59.0,6.0,14.63,83.5,2.0,14.1,14.5
538.331,60,118.0,1522.0,59.0,6.0,14.63,83.5,2.0,14.1,14.5
538.441,60,118.0,1522.0,59.0,6.0,14.61,83.5,2.0,14.1,14.5
538.606,60,118.0,1522.0,59.0,6.0,14.61,83.5,2.0,14.1,14.5
538.854,60,118.0,1522.0,59.0,6.0,14.61,83.5,2.0,14.1,14.5
539.101,60,118.0,1522.0,59.0,6.0,14.61,83.5,2.0,14.1,14.5
539.268,60,118.0,1522.0,59.0,6.0,14.61,83.5,2.0,14.1,14.5
539.433,60,118.0,1522.0,59.0,6.0,14.61,83.5,2.0,14.1,14.5
539.679,60,117.0,1522.0,59.0,6.0,14.61,83.5,2.0,14.1,14.5
539.926,60,117.0,1526.0,59.0,6.0,14.61,83.5,2.0,14.1,14.5
540.175,60,117.0,1526.0,59.0,6.0,14.61,83.5,2.0,14.1,14.5
540.502,60,117.0,1526.0,59.0,6.0,14.61,83.5,2.0,14.1,14.5
540.75,60,117.0,1526.0,59.0,6.0,14.86,83.5,2.0,14.1,14.5
540.998,60,117.0,1526.0,59.0,6.0,14.86,83.5,2.0,14.1,14.5
541.247,60,117.0,1526.0,59.0,6.0,14.86,83.5,2.0,14.1,14.5
541.411,60,117.0,1526.0,59.0,6.0,14.86,83.5,2.0,14.1,14.5
541.661,60,117.0,1526.0,59.0,6.0,14.86,83.5,2.0,14.1,14.5
541.825,60,117.0,1526.0,59.0,6.0,14.86,83.5,2.0,14.1,14.5
542.071,60,119.0,1526.0,59.0,6.0,14.86,83.5,2.0,14.1,14.5
542.373,60,119.0,1529.0,59.0,6.0,14.86,83.5,2.0,14.1,14.5
542.485,60,119.0,1529.0,59.0,6.0,14.86,83.5,2.0,14.1,14.5
542.649,60,119.0,1529.0,59.0,7.0,14.86,83.5,2.0,14.1,14.5
542.9,60,119.0,1529.0,59.0,7.0,16.02,83.5,2.0,14.1,14.5
543.144,60,119.0,1529.0,59.0,7.0,16.02,83.5,2.0,14.1,14.5
543.319,60,119.0,1529.0,59.0,7.0,16.02,83.5,2.0,14.1,14.5
543.475,60,119.0,1529.0,59.0,7.0,16.02,83.5,2.0,14.1,14.5
543.721,60,119.0,1529.0,59.0,7.0,16.02,83.5,2.0,14.1,14.5
543.971,60,119.0,1529.0,59.0,7.0,16.02,83.5,2.0,14.1,14.5
544.219,60,117.0,1529.0,59.0,7.0,16.02,83.5,2.0,14.1,14.5
544.382,60,117.0,1539.0,59.0,7.0,16.02,83.5,2.0,14.1,14.5
544.546,60,117.0,1539.0,60.0,7.0,16.02,83.5,2.0,14.1,14.5
544.716,60,117.0,1539.0,60.0,7.0,16.02,83.5,2.0,14.1,14.5
544.879,60,117.0,1539.0,60.0,7.0,15.02,83.5,2.0,14.1,14.5
545.124,60,117.0,1539.0,60.0,7.0,15.02,83.5,2.0,14.1,14.5
545.426,60,117.0,1539.0,60.0,7.0,15.02,83.5,2.0,14.1,14.5
545.537,60,117.0,1539.0,60.0,7.0,15.02,83.5,2.0,14.1,14.5
545.702,60,117.0,1539.0,60.0,7.0,15.02,83.5,2.0,14.1,14.5
545.951,61,117.0,1539.0,60.0,7.0,15.02,83.5,2.0,14.1,14.5
546.196,61,111.0,1539.0,60.0,7.0,15.02,83.5,2.0,14.1,14.5
546.526,61,111.0,1459.0,60.0,7.0,15.02,83.5,2.0,14.1,14.5
546.773,61,111.0,1459.0,57.0,7.0,15.02,83.5,2.0,14.1,14.5
546.993,61,111.0,1459.0,57.0,6.0,15.02,83.5,2.0,14.1,14.5
547.103,61,111.0,1459.0,57.0,6.0,13.69,83.5,2.0,14.1,14.5
547.269,61,111.0,1459.0,57.0,6.0,13.69,83.5,2.0,14.1,14.5
547.434,61,111.0,1459.0,57.0,6.0,13.69,83.5,2.0,14.1,14.5
547.599,61,111.0,1459.0,57.0,6.0,13.69,83.5,2.0,29.4,14.5
547.763,61,111.0,1459.0,57.0,6.0,13.69,83.5,2.0,29.4,29.4
547.931,61,111.0,1459.0,57.0,6.0,13.69,83.5,2.0,29.4,29.4
548.177,61,111.0,1459.0,57.0,6.0,13.69,83.5,2.0,29.4,29.4
548.342,61,111.0,1461.0,57.0,6.0,13.69,83.5,2.0,29.4,29.4
548.506,61,111.0,1461.0,57.0,6.0,13.69,83.5,2.0,29.4,29.4
548.754,61,111.0,1461.0,57.0,6.0,13.69,83.5,2.0,29.4,29.4
549.001,61,111.0,1461.0,57.0,6.0,13.91,83.5,2.0,29.4,29.4
549.251,61,111.0,1461.0,57.0,6.0,13.91,83.5,2.0,29.4,29.4
549.414,61,111.0,1461.0,57.0,6.0,13.91,83.5,2.0,29.4,29.4
549.661,61,111.0,1461.0,57.0,6.0,13.91,83.5,2.0,30.2,29.4
549.909,61,111.0,1461.0,57.0,6.0,13.91,83.5,2.0,30.2,30.2
550.128,61,111.0,1461.0,57.0,6.0,13.91,83.5,2.0,30.2,30.2
550.239,61,117.0,1461.0,57.0,6.0,13.91,83.5,2.0,30.2,30.2
550.376,61,117.0,1477.0,57.0,6.0,13.91,83.5,2.0,30.2,30.2
550.569,61,117.0,1477.0,58.0,6.0,13.91,83.5,2.0,30.2,30.2
550.818,61,117.0,1477.0,58.0,6.0,13.91,83.5,2.0,30.2,30.2
551.064,61,117.0,1477.0,58.0,6.0,13.97,83.5,2.0,30.2,30.2
551.312,61,117.0,1477.0,58.0,6.0,13.97,83.5,2.0,30.2,30.2
551.477,61,117.0,1477.0,58.0,6.0,13.97,83.5,2.0,30.2,30.2
551.723,61,117.0,1477.0,58.0,6.0,13.97,83.5,2.0,31.4,30.2
551.971,61,117.0,1477.0,58.0,6.0,13.97,83.5,2.0,31.4,31.4
552.221,61,117.0,1477.0,58.0,6.0,13.97,83.5,2.0,31.4,31.4
552.466,61,117.0,1477.0,58.0,6.0,13.97,83.5,2.0,31.4,31.4
552.631,61,117.0,1492.0,58.0,6.0,13.97,83.5,2.0,31.4,31.4
552.878,61,117.0,1492.0,58.0,6.0,13.97,83.5,2.0,31.4,31.4
553.128,61,117.0,1492.0,58.0,6.0,13.97,83.5,2.0,31.4,31.4
553.374,61,117.0,1492.0,58.0,6.0,14.22,83.5,2.0,31.4,31.4
553.538,61,117.0,1492.0,58.0,6.0,14.22,83.5,2.0,31.4,31.4
553.789,61,117.0,1492.0,58.0,6.0,14.22,83.5,2.0,31.4,31.4
553.95,61,117.0,1492.0,58.0,6.0,14.22,83.5,2.0,26.7,31.4
554.171,61,117.0,1492.0,58.0,6.0,14.22,83.5,2.0,26.7,26.7
554.282,61,117.0,1492.0,58.0,6.0,14.22,83.5,2.0,26.7,26.7
554.446,61,117.0,1492.0,58.0,6.0,14.22,83.5,2.0,26.7,26.7
554.612,61,117.0,1505.0,58.0,6.0,14.22,83.5,2.0,26.7,26.7
554.858,61,117.0,1505.0,59.0,6.0,14.22,83.5,2.0,26.7,26.7
555.106,61,117.0,1505.0,59.0,6.0,14.22,83.5,2.0,26.7,26.7
555.408,61,117.0,1505.0,59.0,6.0,14.13,83.5,2.0,26.7,26.7
555.601,61,117.0,1505.0,59.0,6.0,14.13,83.5,2.0,26.7,26.7
555.767,61,117.0,1505.0,59.0,6.0,14.13,83.5,2.0,26.7,26.7
556.015,61,117.0,1505.0,59.0,6.0,14.13,83.5,2.0,25.5,26.7
556.261,61,117.0,1505.0,59.0,6.0,14.13,83.5,2.0,25.5,25.5
556.426,61,117.0,1505.0,59.0,6.0,14.13,83.5,2.0,25.5,25.5
556.673,61,117.0,1505.0,59.0,6.0,14.13,83.5,2.0,25.5,25.5
556.811,61,117.0,1514.0,59.0,6.0,14.13,83.5,2.0,25.5,25.5
557.003,61,117.0,1514.0,59.0,6.0,14.13,83.5,2.0,25.5,25.5
557.171,61,117.0,1514.0,59.0,6.0,14.13,83.5,2.0,25.5,25.5
557.417,61,117.0,1514.0,59.0,6.0,14.33,83.5,2.0,25.5,25.5
557.585,61,117.0,1514.0,59.0,6.0,14.33,83.5,2.0,25.5,25.5
557.829,61,117.0,1514.0,59.0,6.0,14.33,83.5,2.0,25.5,25.5
558.077,61,117.0,1514.0,59.0,6.0,14.33,83.5,2.0,14.1,25.5
558.323,61,117.0,1514.0,59.0,6.0,14.33,83.5,2.0,14.1,14.5
558.489,61,117.0,1514.0,59.0,6.0,14.33,83.5,2.0,14.1,14.5
558.654,61,117.0,1514.0,59.0,6.0,14.33,83.5,2.0,14.1,14.5
558.901,61,117.0,1523.0,59.0,6.0,14.33,83.5,2.0,14.1,14.5
559.149,61,117.0,1523.0,59.0,6.0,14.33,83.5,2.0,14.1,14.5
559.477,61,117.0,1523.0,59.0,6.0,14.33,83.5,2.0,14.1,14.5
559.725,61,117.0,1523.0,59.0,6.0,14.08,83.5,2.0,14.1,14.5
559.891,61,117.0,1523.0,59.0,6.0,14.08,83.5,2.0,14.1,14.5
560.055,61,117.0,1523.0,59.0,6.0,14.08,83.5,2.0,14.1,14.5
560.228,61,117.0,1523.0,59.0,6.0,14.08,83.5,2.0,14.1,14.5
560.468,61,117.0,1523.0,59.0,6.0,14.08,83.5,2.0,14.1,14.5
560.716,61,117.0,1523.0,59.0,6.0,14.08,83.5,2.0,14.1,14.5
560.964,61,117.0,1523.0,59.0,6.0,14.08,83.5,2.0,14.1,14.5
561.214,61,117.0,1529.0,59.0,6.0,14.08,83.5,2.0,14.1,14.5
561.376,61,117.0,1529.0,59.0,6.0,14.08,83.5,2.0,14.1,14.5
561.542,61,117.0,1529.0,59.0,6.0,14.08,83.5,2.0,14.1,14.5
561.788,61,117.0,1529.0,59.0,6.0,14.47,83.5,2.0,14.1,14.5
562.037,61,117.0,1529.0,59.0,6.0,14.47,83.5,2.0,14.1,14.5
562.284,61,117.0,1529.0,59.0,6.0,14.47,83.5,2.0,14.1,14.5
562.449,61,117.0,1529.0,59.0,6.0,14.47,83.5,2.0,14.1,14.5
562.616,61,117.0,1529.0,59.0,6.0,14.47,83.5,2.0,14.1,14.5
562.86,61,117.0,1529.0,59.0,6.0,14.47,83.5,2.0,14.1,14.5
563.11,61,117.0,1529.0,59.0,6.0,14.47,83.5,2.0,14.1,14.5
563.355,61,117.0,1532.0,59.0,6.0,14.47,83.5,2.0,14.1,14.5
563.521,61,117.0,1532.0,60.0,6.0,14.47,83.5,2.0,14.1,14.5
563.686,61,117.0,1532.0,60.0,6.0,14.47,83.5,2.0,14.1,14.5
563.936,61,117.0,1532.0,60.0,6.0,14.52,83.5,2.0,14.1,14.5
564.181,61,117.0,1532.0,60.0,6.0,14.52,83.5,2.0,14.1,14.5
564.483,61,117.0,1532.0,60.0,6.0,14.52,83.5,2.0,14.1,14.5
564.596,61,117.0,1532.0,60.0,6.0,14.52,83.5,2.0,14.1,14.5
564.759,61,117.0,1532.0,60.0,6.0,14.52,83.5,2.0,14.1,14.5
564.926,61,117.0,1532.0,60.0,6.0,14.52,83.5,2.0,14.1,14.5
565.173,61,116.0,1532.0,60.0,6.0,14.52,83.5,2.0,14.1,14.5
565.419,61,116.0,1537.0,60.0,6.0,14.52,83.5,2.0,14.1,14.5
565.667,61,116.0,1537.0,60.0,6.0,14.52,83.5,2.0,14.1,14.5
565.997,61,116.0,1537.0,60.0,6.0,14.52,83.5,2.0,14.1,14.5
566.245,61,116.0,1537.0,60.0,6.0,14.27,83.5,2.0,14.1,14.5
566.409,61,116.0,1537.0,60.0,6.0,14.27,83.5,2.0,14.1,14.5
566.656,61,116.0,1537.0,60.0,6.0,14.27,83.5,2.0,14.1,14.5
566.903,61,116.0,1537.0,60.0,6.0,14.27,83.5,2.0,28.6,14.5
567.152,61,116.0,1537.0,60.0,6.0,14.27,83.5,2.0,28.6,31.4
567.4,61,116.0,1537.0,60.0,6.0,14.27,83.5,2.0,28.6,31.4
567.564,61,117.0,1537.0,60.0,6.0,14.27,83.5,2.0,28.6,31.4
567.728,61,117.0,1544.0,60.0,6.0,14.27,83.5,2.0,28.6,31.4
567.976,61,117.0,1544.0,60.0,6.0,14.27,83.5,2.0,28.6,31.4
568.223,61,117.0,1544.0,60.0,6.0,14.27,83.5,2.0,28.6,31.4
568.388,61,117.0,1544.0,60.0,6.0,16.11,83.5,2.0,28.6,31.4
568.634,61,117.0,1544.0,60.0,6.0,16.11,83.5,2.0,28.6,31.4
568.882,61,117.0,1544.0,60.0,6.0,16.11,83.5,2.0,28.6,31.4
569.048,61,117.0,1544.0,60.0,6.0,16.11,83.5,2.0,24.7,31.4
569.216,61,117.0,1544.0,60.0,6.0,16.11,83.5,2.0,24.7,23.9
569.378,61,117.0,1544.0,60.0,6.0,16.11,83.5,2.0,24.7,23.9
569.544,61,110.0,1544.0,60.0,6.0,16.11,83.5,2.0,24.7,23.9
569.791,61,110.0,1563.0,60.0,6.0,16.11,83.5,2.0,24.7,23.9
570.038,61,110.0,1563.0,61.0,6.0,16.11,83.5,2.0,24.7,23.9
570.288,61,110.0,1563.0,61.0,6.0,16.11,83.5,2.0,24.7,23.9
570.45,61,110.0,1563.0,61.0,6.0,14.44,83.5,2.0,24.7,23.9
570.698,61,110.0,1563.0,61.0,6.0,14.44,83.5,2.0,24.7,23.9
570.947,61,110.0,1563.0,61.0,6.0,14.44,83.5,2.0,24.7,23.9
571.195,61,110.0,1563.0,61.0,6.0,14.44,83.5,2.0,29.8,23.9
571.523,61,110.0,1563.0,61.0,6.0,14.44,83.5,2.0,29.8,29.4
571.772,62,110.0,1563.0,61.0,6.0,14.44,83.5,2.0,29.8,29.4
572.103,62,113.0,1563.0,61.0,6.0,14.44,83.5,2.0,29.8,29.4
572.348,62,113.0,1601.0,61.0,6.0,14.44,83.5,2.0,29.8,29.4
572.514,62,113.0,1601.0,63.0,6.0,14.44,83.5,2.0,29.8,29.4
572.762,62,113.0,1601.0,63.0,6.0,14.44,83.5,2.0,29.8,29.4
573.012,62,113.0,1601.0,63.0,6.0,14.58,83.5,2.0,29.8,29.4
573.257,62,113.0,1601.0,63.0,6.0,14.58,83.5,2.0,29.8,29.4
573.421,62,113.0,1601.0,63.0,6.0,14.58,83.5,2.0,29.8,29.4
573.585,62,113.0,1601.0,63.0,6.0,14.58,83.5,2.0,14.1,29.4
573.834,62,113.0,1601.0,63.0,6.0,14.58,83.5,2.0,14.1,14.5
574.081,62,113.0,1601.0,63.0,6.0,14.58,83.5,2.0,14.1,14.5
574.328,62,113.0,1601.0,63.0,6.0,14.58,83.5,2.0,14.1,14.5
574.494,62,113.0,1586.0,63.0,6.0,14.58,83.5,2.0,14.1,14.5
574.658,62,113.0,1586.0,62.0,6.0,14.58,83.5,2.0,14.1,14.5
574.907,62,113.0,1586.0,62.0,6.0,14.58,83.5,2.0,14.1,14.5
575.237,62,113.0,1586.0,62.0,6.0,15.83,83.5,2.0,14.1,14.5
575.401,62,113.0,1586.0,62.0,6.0,15.83,83.5,2.0,14.1,14.5
575.566,62,113.0,1586.0,62.0,6.0,15.83,83.5,2.0,14.1,14.5
575.814,62,113.0,1586.0,62.0,6.0,15.83,83.5,2.0,23.1,14.5
576.066,62,113.0,1586.0,62.0,6.0,15.83,83.5,2.0,23.1,25.1
576.309,62,113.0,1586.0,62.0,6.0,15.83,83.5,2.0,23.1,25.1
576.474,62,113.0,1586.0,62.0,6.0,15.83,83.5,2.0,23.1,25.1
576.638,62,113.0,1584.0,62.0,6.0,15.83,83.5,2.0,23.1,25.1
576.887,62,113.0,1584.0,62.0,6.0,15.83,83.5,2.0,23.1,25.1
577.134,62,113.0,1584.0,62.0,6.0,15.83,83.5,2.0,23.1,25.1
577.381,62,113.0,1584.0,62.0,6.0,14.41,83.5,2.0,23.1,25.1
577.546,62,113.0,1584.0,62.0,6.0,14.41,83.5,2.0,23.1,25.1
577.714,62,113.0,1584.0,62.0,6.0,14.41,83.5,2.0,23.1,25.1
577.96,62,113.0,1584.0,62.0,6.0,14.41,83.5,2.0,29.8,25.1
578.125,62,113.0,1584.0,62.0,6.0,14.41,83.5,2.0,29.8,30.2
578.288,62,113.0,1584.0,62.0,6.0,14.41,83.5,2.0,29.8,30.2
578.537,62,114.0,1584.0,62.0,6.0,14.41,83.5,2.0,29.8,30.2
578.783,62,114.0,1616.0,62.0,6.0,14.41,83.5,2.0,29.8,30.2
579.033,62,114.0,1616.0,63.0,6.0,14.41,83.5,2.0,29.8,30.2
579.278,62,114.0,1616.0,63.0,6.0,14.41,83.5,2.0,29.8,30.2
579.443,62,114.0,1616.0,63.0,6.0,14.83,83.5,2.0,29.8,30.2
579.608,62,114.0,1616.0,63.0,6.0,14.83,83.5,2.0,29.8,30.2
579.856,62,114.0,1616.0,63.0,6.0,14.83,83.5,2.0,29.8,30.2
580.105,62,114.0,1616.0,63.0,6.0,14.83,83.5,2.0,25.9,30.2
580.35,62,114.0,1616.0,63.0,6.0,14.83,83.5,2.0,25.9,14.5
580.68,62,114.0,1616.0,63.0,6.0,14.83,83.5,2.0,25.9,14.5
580.928,62,114.0,1616.0,63.0,6.0,14.83,83.5,2.0,25.9,14.5
581.095,62,114.0,1581.0,63.0,6.0,14.83,83.5,2.0,25.9,14.5
581.26,62,114.0,1581.0,61.0,6.0,14.83,83.5,2.0,25.9,14.5
581.589,62,114.0,1581.0,61.0,6.0,14.83,83.5,2.0,25.9,14.5
581.836,62,114.0,1581.0,61.0,6.0,14.52,83.5,2.0,25.9,14.5
582.09,62,114.0,1581.0,61.0,6.0,14.52,83.5,2.0,25.9,14.5
582.33,62,114.0,1581.0,61.0,6.0,14.52,83.5,2.0,25.9,14.5
582.496,62,114.0,1581.0,61.0,6.0,14.52,83.5,2.0,14.1,14.5
582.66,62,114.0,1581.0,61.0,6.0,14.52,83.5,2.0,14.1,14.5
582.909,62,114.0,1581.0,61.0,6.0,14.52,83.5,2.0,14.1,14.5
583.157,62,110.0,1581.0,61.0,6.0,14.52,83.5,2.0,14.1,14.5
583.403,62,110.0,1556.0,61.0,6.0,14.52,83.5,2.0,14.1,14.5
583.573,62,110.0,1556.0,59.0,6.0,14.52,83.5,2.0,14.1,14.5
583.734,62,110.0,1556.0,59.0,6.0,14.52,83.5,2.0,14.1,14.5
583.981,62,110.0,1556.0,59.0,6.0,28.58,83.5,2.0,14.1,14.5
584.229,62,110.0,1556.0,59.0,6.0,28.58,83.5,2.0,14.1,14.5
584.53,62,110.0,1556.0,59.0,6.0,28.58,83.5,2.0,14.1,14.5
584.725,62,110.0,1556.0,59.0,6.0,28.58,83.5,2.0,45.9,14.5
584.971,62,110.0,1556.0,59.0,6.0,28.58,83.5,2.0,45.9,45.1
585.219,62,110.0,1556.0,59.0,6.0,28.58,83.5,2.0,45.9,45.1
585.548,62,138.0,1556.0,59.0,6.0,28.58,83.5,2.0,45.9,45.1
585.797,62,138.0,1621.0,59.0,6.0,28.58,83.5,2.0,45.9,45.1
586.045,62,138.0,1621.0,63.0,6.0,28.58,83.5,2.0,45.9,45.1
586.29,62,138.0,1621.0,63.0,6.0,28.58,83.5,2.0,45.9,45.1
586.456,62,138.0,1621.0,63.0,6.0,17.27,83.5,2.0,45.9,45.1
586.621,62,138.0,1621.0,63.0,6.0,17.27,83.5,2.0,45.9,45.1
586.868,62,138.0,1621.0,63.0,6.0,17.27,83.5,2.0,45.9,45.1
587.171,62,138.0,1621.0,63.0,6.0,17.27,83.5,2.0,32.2,45.1
587.282,62,138.0,1621.0,63.0,6.0,17.27,83.5,2.0,32.2,32.2
587.446,62,138.0,1621.0,63.0,6.0,17.27,83.5,2.0,32.2,32.2
587.611,62,117.0,1621.0,63.0,6.0,17.27,83.5,2.0,32.2,32.2
587.776,62,117.0,1613.0,63.0,6.0,17.27,83.5,2.0,32.2,32.2
588.024,62,117.0,1613.0,63.0,6.0,17.27,83.5,2.0,32.2,32.2
588.271,62,117.0,1613.0,63.0,6.0,17.27,83.5,2.0,32.2,32.2
588.573,62,117.0,1613.0,63.0,6.0,16.97,83.5,2.0,32.2,32.2
588.738,62,117.0,1613.0,63.0,6.0,16.97,83.5,2.0,32.2,32.2
588.985,62,117.0,1613.0,63.0,6.0,16.97,83.5,2.0,32.2,32.2
589.096,62,117.0,1613.0,63.0,6.0,16.97,83.5,2.0,32.2,32.2
589.262,62,117.0,1613.0,63.0,6.0,16.97,83.5,2.0,32.2,29.8
589.591,62,117.0,1613.0,63.0,6.0,16.97,83.5,2.0,32.2,29.8
589.838,62,113.0,1613.0,63.0,6.0,16.97,83.5,2.0,32.2,29.8
590.088,62,113.0,1556.0,63.0,6.0,16.97,83.5,2.0,32.2,29.8
590.415,62,113.0,1556.0,61.0,6.0,16.97,83.5,2.0,32.2,29.8
590.58,62,113.0,1556.0,61.0,6.0,16.97,83.5,2.0,32.2,29.8
590.827,62,113.0,1556.0,61.0,6.0,14.36,83.5,2.0,32.2,29.8
591.074,62,113.0,1556.0,61.0,6.0,14.36,83.5,2.0,32.2,29.8
591.326,62,113.0,1556.0,61.0,6.0,14.36,83.5,2.0,32.2,29.8
591.488,62,113.0,1556.0,61.0,6.0,14.36,83.5,2.0,14.1,29.8
591.654,62,113.0,1556.0,61.0,6.0,14.36,83.5,2.0,14.1,14.5
591.901,62,113.0,1556.0,61.0,6.0,14.36,83.5,2.0,14.1,14.5
592.149,62,115.0,1556.0,61.0,6.0,14.36,83.5,2.0,14.1,14.5
592.395,62,115.0,1541.0,61.0,6.0,14.36,83.5,2.0,14.1,14.5
592.561,62,115.0,1541.0,60.0,6.0,14.36,83.5,2.0,14.1,14.5
592.808,62,115.0,1541.0,60.0,6.0,14.36,83.5,2.0,14.1,14.5
593.057,62,115.0,1541.0,60.0,6.0,14.47,83.5,2.0,14.1,14.5
593.225,62,115.0,1541.0,60.0,6.0,14.47,83.5,2.0,14.1,14.5
593.386,62,115.0,1541.0,60.0,6.0,14.47,83.5,2.0,14.1,14.5
593.716,62,115.0,1541.0,60.0,6.0,14.47,83.5,2.0,14.1,14.5
593.964,62,115.0,1541.0,60.0,6.0,14.47,83.5,2.0,14.1,14.5
594.211,62,115.0,1541.0,60.0,6.0,14.47,83.5,2.0,14.1,14.5
594.458,62,120.0,1541.0,60.0,6.0,14.47,83.5,2.0,14.1,14.5
594.706,62,120.0,1537.0,60.0,6.0,14.47,83.5,2.0,14.1,14.5
594.87,62,120.0,1537.0,60.0,6.0,14.47,83.5,2.0,14.1,14.5
595.118,62,120.0,1537.0,60.0,6.0,14.47,83.5,2.0,14.1,14.5
595.365,62,120.0,1537.0,60.0,6.0,16.52,83.5,2.0,14.1,14.5
595.531,62,120.0,1537.0,60.0,6.0,16.52,83.5,2.0,14.1,14.5
595.697,62,120.0,1537.0,60.0,6.0,16.52,83.5,2.0,14.1,14.5
595.945,62,120.0,1537.0,60.0,6.0,16.52,83.5,2.0,14.1,14.5
596.192,62,120.0,1537.0,60.0,6.0,16.52,83.5,2.0,14.1,14.5
596.357,62,120.0,1537.0,60.0,6.0,16.52,83.5,2.0,14.1,14.5
596.521,62,115.0,1537.0,60.0,6.0,16.52,83.5,2.0,14.1,14.5
596.686,62,115.0,1447.0,60.0,6.0,16.52,83.5,2.0,14.1,14.5
596.934,62,115.0,1447.0,56.0,6.0,16.52,83.5,2.0,14.1,14.5
597.181,62,115.0,1447.0,56.0,6.0,16.52,83.5,2.0,14.1,14.5
597.428,62,115.0,1447.0,56.0,6.0,13.47,83.5,2.0,14.1,14.5
597.565,62,115.0,1447.0,56.0,6.0,13.47,83.5,2.0,14.1,14.5
597.758,62,115.0,1447.0,56.0,6.0,13.47,83.5,2.0,14.1,14.5
597.926,62,115.0,1447.0,56.0,6.0,13.47,83.5,2.0,27.8,14.5
598.171,62,115.0,1447.0,56.0,6.0,13.47,83.5,2.0,27.8,31.4
598.418,62,115.0,1447.0,56.0,6.0,13.47,83.5,2.0,27.8,31.4
598.584,62,114.0,1447.0,56.0,6.0,13.47,83.5,2.0,27.8,31.4
598.748,62,114.0,1374.0,56.0,6.0,13.47,83.5,2.0,27.8,31.4
598.998,62,114.0,1374.0,53.0,6.0,13.47,83.5,2.0,27.8,31.4
599.246,62,114.0,1374.0,53.0,5.0,13.47,83.5,2.0,27.8,31.4
599.408,62,114.0,1374.0,53.0,5.0,21.86,83.5,2.0,27.8,31.4
599.656,62,114.0,1374.0,53.0,5.0,21.86,83.5,2.0,27.8,31.4
599.904,62,114.0,1374.0,53.0,5.0,21.86,83.5,2.0,27.8,31.4
600.15,62,114.0,1374.0,53.0,5.0,21.86,83.5,2.0,42.4,31.4
600.399,62,114.0,1374.0,53.0,5.0,21.86,83.5,2.0,42.4,43.1
600.564,62,114.0,1374.0,53.0,5.0,21.86,83.5,2.0,42.4,43.1
600.811,62,149.0,1374.0,53.0,5.0,21.86,83.5,2.0,42.4,43.1
601.06,62,149.0,1464.0,53.0,5.0,21.86,83.5,2.0,42.4,43.1
601.305,62,149.0,1464.0,57.0,5.0,21.86,83.5,2.0,42.4,43.1
601.553,62,149.0,1464.0,57.0,8.0,21.86,83.5,2.0,42.4,43.1
601.72,62,149.0,1464.0,57.0,8.0,27.36,83.5,2.0,42.4,43.1
601.965,62,149.0,1464.0,57.0,8.0,27.36,83.5,2.0,42.4,43.1
602.214,62,149.0,1464.0,57.0,8.0,27.36,83.5,2.0,42.4,43.1
602.378,62,149.0,1464.0,57.0,8.0,27.36,83.5,2.0,43.9,43.1
602.545,62,149.0,1464.0,57.0,8.0,27.36,83.5,2.0,43.9,44.3
602.708,63,149.0,1464.0,57.0,8.0,27.36,83.5,2.0,43.9,44.3
602.956,63,157.0,1464.0,57.0,8.0,27.36,83.5,2.0,43.9,44.3
603.204,63,157.0,1577.0,57.0,8.0,27.36,83.5,2.0,43.9,44.3
603.45,63,157.0,1577.0,62.0,8.0,27.36,83.5,2.0,43.9,44.3
603.588,63,157.0,1577.0,62.0,8.0,27.36,83.5,2.0,43.9,44.3
603.78,63,157.0,1577.0,62.0,8.0,26.88,83.5,2.0,43.9,44.3
603.946,63,157.0,1577.0,62.0,8.0,26.88,83.5,2.0,43.9,44.3
604.195,63,157.0,1577.0,62.0,8.0,26.88,83.5,2.0,43.9,44.3
604.44,63,157.0,1577.0,62.0,8.0,26.88,83.5,2.0,39.6,44.3
604.606,63,157.0,1577.0,62.0,8.0,26.88,83.5,2.0,39.6,39.2
604.771,63,157.0,1577.0,62.0,8.0,26.88,83.5,2.0,39.6,39.2
605.017,63,133.0,1577.0,62.0,8.0,26.88,83.5,2.0,39.6,39.2
605.265,63,133.0,1656.0,62.0,8.0,26.88,83.5,2.0,39.6,39.2
605.518,63,133.0,1656.0,64.0,8.0,26.88,83.5,2.0,39.6,39.2
605.761,63,133.0,1656.0,64.0,6.0,26.88,83.5,2.0,39.6,39.2
605.926,63,133.0,1656.0,64.0,6.0,17.38,83.5,2.0,39.6,39.2
606.174,63,133.0,1656.0,64.0,6.0,17.38,83.5,2.0,39.6,39.2
606.42,63,133.0,1656.0,64.0,6.0,17.38,83.5,2.0,39.6,39.2
606.668,63,133.0,1656.0,64.0,6.0,17.38,83.5,2.0,32.2,39.2
606.916,63,133.0,1656.0,64.0,6.0,17.38,83.5,2.0,32.2,31.8
607.164,63,133.0,1656.0,64.0,6.0,17.38,83.5,2.0,32.2,31.8
607.41,63,117.0,1656.0,64.0,6.0,17.38,83.5,2.0,32.2,31.8
607.583,63,117.0,1646.0,64.0,6.0,17.38,83.5,2.0,32.2,31.8
607.824,63,117.0,1646.0,64.0,6.0,17.38,83.5,2.0,32.2,31.8
608.071,63,117.0,1646.0,64.0,5.0,17.38,83.5,2.0,32.2,31.8
608.317,63,117.0,1646.0,64.0,5.0,14.97,83.5,2.0,32.2,31.8
608.565,63,117.0,1646.0,64.0,5.0,14.97,83.5,2.0,32.2,31.8
608.73,63,117.0,1646.0,64.0,5.0,14.97,83.5,2.0,32.2,31.8
608.898,63,117.0,1646.0,64.0,5.0,14.97,83.5,2.0,27.1,31.8
609.143,63,117.0,1646.0,64.0,5.0,14.97,83.5,2.0,27.1,27.1
609.39,63,117.0,1646.0,64.0,5.0,14.97,83.5,2.0,27.1,27.1
609.557,63,109.0,1646.0,64.0,5.0,14.97,83.5,2.0,27.1,27.1
609.719,63,109.0,1612.0,64.0,5.0,14.97,83.5,2.0,27.1,27.1
609.968,63,109.0,1612.0,62.0,5.0,14.97,83.5,2.0,27.1,27.1
610.215,63,109.0,1612.0,62.0,5.0,14.97,83.5,2.0,27.1,27.1
610.463,63,109.0,1612.0,62.0,5.0,14.72,83.5,2.0,27.1,27.1
610.793,63,109.0,1612.0,62.0,5.0,14.72,83.5,2.0,27.1,27.1
611.041,63,109.0,1612.0,62.0,5.0,14.72,83.5,2.0,27.1,27.1
611.288,63,109.0,1612.0,62.0,5.0,14.72,83.5,2.0,27.1,27.1
611.536,63,109.0,1612.0,62.0,5.0,14.72,83.5,2.0,27.1,19.2
611.701,63,109.0,1612.0,62.0,5.0,14.72,83.5,2.0,27.1,19.2
611.949,63,111.0,1612.0,62.0,5.0,14.72,83.5,2.0,27.1,19.2
612.197,63,111.0,1549.0,62.0,5.0,14.72,83.5,2.0,27.1,19.2
612.442,63,111.0,1549.0,60.0,5.0,14.72,83.5,2.0,27.1,19.2
612.69,63,111.0,1549.0,60.0,5.0,14.72,83.5,2.0,27.1,19.2
612.938,63,111.0,1549.0,60.0,5.0,15.24,83.5,2.0,27.1,19.2
613.187,63,111.0,1549.0,60.0,5.0,15.24,83.5,2.0,27.1,19.2
613.433,63,111.0,1549.0,60.0,5.0,15.24,83.5,2.0,27.1,19.2
613.601,63,111.0,1549.0,60.0,5.0,15.24,83.5,2.0,14.1,19.2
613.763,63,111.0,1549.0,60.0,5.0,15.24,83.5,2.0,14.1,14.5
614.01,63,111.0,1549.0,60.0,5.0,15.24,83.5,2.0,14.1,14.5
614.258,63,114.0,1549.0,60.0,5.0,15.24,83.5,2.0,14.1,14.5
614.505,63,114.0,1465.0,60.0,5.0,15.24,83.5,2.0,14.1,14.5
614.643,63,114.0,1465.0,56.0,5.0,15.24,83.5,2.0,14.1,14.5
614.754,63,114.0,1465.0,56.0,5.0,15.24,83.5,2.0,14.1,14.5
614.919,63,114.0,1465.0,56.0,5.0,13.41,83.5,2.0,14.1,14.5
615.166,63,114.0,1465.0,56.0,5.0,13.41,83.5,2.0,14.1,14.5
615.413,63,114.0,1465.0,56.0,5.0,13.41,83.5,2.0,14.1,14.5
615.587,63,114.0,1465.0,56.0,5.0,13.41,83.5,2.0,34.9,14.5
615.743,63,114.0,1465.0,56.0,5.0,13.41,83.5,2.0,34.9,36.1
615.908,63,114.0,1465.0,56.0,5.0,13.41,83.5,2.0,34.9,36.1
616.156,63,120.0,1465.0,56.0,5.0,13.41,83.5,2.0,34.9,36.1
616.403,63,120.0,1445.0,56.0,5.0,13.41,83.5,2.0,34.9,36.1
616.585,63,120.0,1445.0,56.0,5.0,13.41,83.5,2.0,34.9,36.1
616.817,63,120.0,1445.0,56.0,6.0,13.41,83.5,2.0,34.9,36.1
617.063,63,120.0,1445.0,56.0,6.0,22.02,83.5,2.0,34.9,36.1
617.31,63,120.0,1445.0,56.0,6.0,22.02,83.5,2.0,34.9,36.1
617.557,63,120.0,1445.0,56.0,6.0,22.02,83.5,2.0,34.9,36.1
617.695,63,120.0,1445.0,56.0,6.0,22.02,83.5,2.0,40.8,36.1
617.888,63,120.0,1445.0,56.0,6.0,22.02,83.5,2.0,40.8,41.6
618.053,64,120.0,1445.0,56.0,6.0,22.02,83.5,2.0,40.8,41.6
618.304,64,143.0,1445.0,56.0,6.0,22.02,83.5,2.0,40.8,41.6
618.548,64,143.0,1512.0,56.0,6.0,22.02,83.5,2.0,40.8,41.6
618.713,64,143.0,1512.0,59.0,6.0,22.02,83.5,2.0,40.8,41.6
618.878,64,143.0,1512.0,59.0,7.0,22.02,83.5,2.0,40.8,41.6
619.126,64,143.0,1512.0,59.0,7.0,21.38,83.5,2.0,40.8,41.6
619.373,64,143.0,1512.0,59.0,7.0,21.38,83.5,2.0,40.8,41.6
619.706,64,143.0,1512.0,59.0,7.0,21.38,83.5,2.0,40.8,41.6
619.952,64,143.0,1512.0,59.0,7.0,21.38,83.5,2.0,34.9,41.6
620.198,64,143.0,1512.0,59.0,7.0,21.38,83.5,2.0,34.9,27.1
620.445,64,143.0,1512.0,59.0,7.0,21.38,83.5,2.0,34.9,27.1
620.611,64,114.0,1512.0,59.0,7.0,21.38,83.5,2.0,34.9,27.1
620.777,64,114.0,1549.0,59.0,7.0,21.38,83.5,2.0,34.9,27.1
621.022,64,114.0,1549.0,60.0,7.0,21.38,83.5,2.0,34.9,27.1
621.271,64,114.0,1549.0,60.0,6.0,21.38,83.5,2.0,34.9,27.1
621.518,64,114.0,1549.0,60.0,6.0,13.86,83.5,2.0,34.9,27.1
621.765,64,114.0,1549.0,60.0,6.0,13.86,83.5,2.0,34.9,27.1
621.931,64,114.0,1549.0,60.0,6.0,13.86,83.5,2.0,34.9,27.1
622.178,64,114.0,1549.0,60.0,6.0,13.86,83.5,2.0,14.1,27.1
622.425,64,114.0,1549.0,60.0,6.0,13.86,83.5,2.0,14.1,14.5
622.592,64,114.0,1549.0,60.0,6.0,13.86,83.5,2.0,14.1,14.5
622.755,64,120.0,1549.0,60.0,6.0,13.86,83.5,2.0,14.1,14.5
623.003,64,120.0,1531.0,60.0,6.0,13.86,83.5,2.0,14.1,14.5
623.251,64,120.0,1531.0,59.0,6.0,13.86,83.5,2.0,14.1,14.5
623.498,64,120.0,1531.0,59.0,5.0,13.86,83.5,2.0,14.1,14.5
623.745,64,120.0,1531.0,59.0,5.0,14.55,83.5,2.0,14.1,14.5
623.993,64,120.0,1531.0,59.0,5.0,14.55,83.5,2.0,14.1,14.5
624.241,64,120.0,1531.0,59.0,5.0,14.55,83.5,2.0,14.1,14.5
624.487,64,120.0,1531.0,59.0,5.0,14.55,83.5,2.0,14.1,14.5
624.736,64,120.0,1531.0,59.0,5.0,14.55,83.5,2.0,14.1,14.5
624.983,64,120.0,1531.0,59.0,5.0,14.55,83.5,2.0,14.1,14.5
625.23,64,129.0,1531.0,59.0,5.0,14.55,83.5,2.0,14.1,14.5
625.477,64,129.0,1570.0,59.0,5.0,14.55,83.5,2.0,14.1,14.5
625.644,64,129.0,1570.0,61.0,5.0,14.55,83.5,2.0,14.1,14.5
625.891,64,129.0,1570.0,61.0,7.0,14.55,83.5,2.0,14.1,14.5
626.058,64,129.0,1570.0,61.0,7.0,33.27,83.5,2.0,14.1,14.5
626.304,64,129.0,1570.0,61.0,7.0,33.27,83.5,2.0,14.1,14.5
626.551,64,129.0,1570.0,61.0,7.0,33.27,83.5,2.0,14.1,14.5
626.716,64,129.0,1570.0,61.0,7.0,33.27,83.5,2.0,14.1,14.5
626.801,64,129.0,1570.0,61.0,7.0,33.27,83.5,2.0,14.1,14.5
626.966,64,129.0,1570.0,61.0,7.0,33.27,83.5,2.0,14.1,14.5
627.21,64,205.0,1570.0,61.0,7.0,33.27,83.5,2.0,14.1,14.5
627.458,64,205.0,1734.0,61.0,7.0,33.27,83.5,2.0,14.1,14.5
627.708,64,205.0,1734.0,68.0,7.0,33.27,83.5,2.0,14.1,14.5
627.873,64,205.0,1734.0,68.0,10.0,33.27,83.5,2.0,14.1,14.5
628.12,64,205.0,1734.0,68.0,10.0,54.02,83.5,2.0,14.1,14.5
628.365,64,205.0,1734.0,68.0,10.0,54.02,83.5,2.0,14.1,14.5
628.613,64,205.0,1734.0,68.0,10.0,54.02,83.5,2.0,14.1,14.5
628.778,64,205.0,1734.0,68.0,10.0,54.02,83.5,2.0,14.1,14.5
628.944,64,205.0,1734.0,68.0,10.0,54.02,83.5,2.0,14.1,14.5
629.191,64,205.0,1734.0,68.0,10.0,54.02,83.5,2.0,14.1,14.5
629.437,64,189.0,1734.0,68.0,10.0,54.02,83.5,2.0,14.1,14.5
629.602,64,189.0,1924.0,68.0,10.0,54.02,83.5,2.0,14.1,14.5
629.767,64,189.0,1924.0,75.0,10.0,54.02,83.5,2.0,14.1,14.5
629.906,64,189.0,1924.0,75.0,8.0,54.02,83.5,2.0,14.1,14.5
630.098,64,189.0,1924.0,75.0,8.0,37.41,83.5,2.0,14.1,14.5
630.264,64,189.0,1924.0,75.0,8.0,37.41,83.5,2.0,14.1,14.5
630.509,64,189.0,1924.0,75.0,8.0,37.41,83.5,2.0,14.1,14.5
630.758,64,189.0,1924.0,75.0,8.0,37.41,83.5,2.0,14.1,14.5
631.005,64,189.0,1924.0,75.0,8.0,37.41,83.5,2.0,14.1,14.5
631.254,65,189.0,1924.0,75.0,8.0,37.41,83.5,2.0,14.1,14.5
631.501,65,161.0,1924.0,75.0,8.0,37.41,83.5,2.0,14.1,14.5
631.666,65,161.0,2041.0,75.0,8.0,37.41,83.5,2.0,14.1,14.5
631.831,65,161.0,2041.0,80.0,8.0,37.41,83.5,2.0,14.1,14.5
632.078,65,161.0,2041.0,80.0,7.0,37.41,83.5,2.0,14.1,14.5
632.324,65,161.0,2041.0,80.0,7.0,34.11,83.5,2.0,14.1,14.5
632.572,65,161.0,2041.0,80.0,7.0,34.11,83.5,2.0,14.1,14.5
632.738,65,161.0,2041.0,80.0,7.0,34.11,83.5,2.0,14.1,14.5
633.067,65,161.0,2041.0,80.0,7.0,34.11,83.5,2.0,14.1,14.5
633.317,65,161.0,2041.0,80.0,7.0,34.11,83.5,2.0,14.1,14.5
633.563,65,161.0,2041.0,80.0,7.0,34.11,83.5,2.0,14.1,14.5
633.73,65,128.0,2041.0,80.0,7.0,34.11,83.5,2.0,14.1,14.5
633.895,65,128.0,1623.0,80.0,7.0,34.11,83.5,2.0,14.1,14.5
634.141,65,128.0,1623.0,80.0,7.0,34.11,83.5,2.0,14.1,14.5
634.387,65,128.0,1623.0,80.0,3.0,34.11,83.5,2.0,14.1,14.5
634.635,65,128.0,1623.0,80.0,3.0,26.69,83.5,2.0,14.1,14.5
634.8,65,128.0,1623.0,80.0,3.0,26.69,83.5,2.0,14.1,14.5
634.969,65,128.0,1623.0,80.0,3.0,26.69,83.5,2.0,14.1,14.5
635.214,65,128.0,1623.0,80.0,3.0,26.69,83.5,2.0,14.1,14.5
635.461,65,128.0,1623.0,80.0,3.0,26.69,83.5,2.0,14.1,14.5
635.626,65,128.0,1623.0,80.0,3.0,26.69,83.5,2.0,14.1,14.5
635.79,65,146.0,1623.0,80.0,3.0,26.69,83.5,2.0,14.1,14.5
635.957,65,146.0,1669.0,80.0,3.0,26.69,83.5,2.0,14.1,14.5
636.203,65,146.0,1669.0,83.0,3.0,26.69,83.5,2.0,14.1,14.5
636.45,65,146.0,1669.0,83.0,5.0,26.69,83.5,2.0,14.1,14.5
636.752,65,146.0,1669.0,83.0,5.0,23.49,83.5,2.0,14.1,14.5
636.863,65,146.0,1669.0,83.0,5.0,23.49,83.5,2.0,14.1,14.5
637.028,65,146.0,1669.0,83.0,5.0,23.49,83.5,2.0,14.1,14.5
637.277,65,146.0,1669.0,83.0,5.0,23.49,83.5,2.0,14.1,14.5
637.522,65,146.0,1669.0,83.0,5.0,23.49,83.5,2.0,14.1,14.5
637.689,65,146.0,1669.0,83.0,5.0,23.49,83.5,2.0,14.1,14.5
637.854,65,106.0,1669.0,83.0,5.0,23.49,83.5,2.0,14.1,14.5
638.1,65,106.0,1670.0,83.0,5.0,23.49,83.5,2.0,14.1,14.5
638.347,65,106.0,1670.0,82.0,5.0,23.49,83.5,2.0,14.1,14.5
638.596,65,106.0,1670.0,82.0,3.0,23.49,83.5,2.0,14.1,14.5
638.76,65,106.0,1670.0,82.0,3.0,15.05,83.5,2.0,14.1,14.5
638.925,65,106.0,1670.0,82.0,3.0,15.05,83.5,2.0,14.1,14.5
639.09,65,106.0,1670.0,82.0,3.0,15.05,83.5,2.0,14.1,14.5
639.257,65,106.0,1670.0,82.0,3.0,15.05,83.5,2.0,14.1,14.5
639.502,65,106.0,1670.0,82.0,3.0,15.05,83.5,2.0,14.1,14.5
639.75,66,106.0,1670.0,82.0,3.0,15.05,83.5,2.0,14.1,14.5
640.0,66,117.0,1670.0,82.0,3.0,15.05,83.5,2.0,14.1,14.5
640.246,66,117.0,1606.0,82.0,3.0,15.05,83.5,2.0,14.1,14.5
640.492,66,117.0,1606.0,79.0,3.0,15.05,83.5,2.0,14.1,14.5
640.658,66,117.0,1606.0,79.0,4.0,15.05,83.5,2.0,14.1,14.5
640.823,66,117.0,1606.0,79.0,4.0,16.86,83.5,2.0,14.1,14.5
641.07,66,117.0,1606.0,79.0,4.0,16.86,83.5,2.0,14.1,14.5
641.323,66,117.0,1606.0,79.0,4.0,16.86,83.5,2.0,14.1,14.5
641.565,66,117.0,1606.0,79.0,4.0,16.86,83.5,2.0,32.2,14.5
641.896,66,117.0,1606.0,79.0,4.0,16.86,83.5,2.0,32.2,37.3
642.06,66,117.0,1606.0,79.0,4.0,16.86,83.5,2.0,32.2,37.3
642.225,66,123.0,1606.0,79.0,4.0,16.86,83.5,2.0,32.2,37.3
642.472,66,123.0,1582.0,79.0,4.0,16.86,83.5,2.0,32.2,37.3
642.802,66,123.0,1582.0,78.0,4.0,16.86,83.5,2.0,32.2,37.3
643.05,66,123.0,1582.0,78.0,4.0,16.86,83.5,2.0,32.2,37.3
643.302,66,123.0,1582.0,78.0,4.0,22.36,83.5,2.0,32.2,37.3
643.545,66,123.0,1582.0,78.0,4.0,22.36,83.5,2.0,32.2,37.3
643.71,66,123.0,1582.0,78.0,4.0,22.36,83.5,2.0,32.2,37.3
643.88,66,123.0,1582.0,78.0,4.0,22.36,83.5,2.0,41.2,37.3
644.122,66,123.0,1582.0,78.0,4.0,22.36,83.5,2.0,41.2,42.0
644.37,66,123.0,1582.0,78.0,4.0,22.36,83.5,2.0,41.2,42.0
644.618,66,142.0,1582.0,78.0,4.0,22.36,83.5,2.0,41.2,42.0
644.782,66,142.0,1600.0,78.0,4.0,22.36,83.5,2.0,41.2,42.0
644.958,66,142.0,1600.0,79.0,4.0,22.36,83.5,2.0,41.2,42.0
645.114,66,142.0,1600.0,79.0,6.0,22.36,83.5,2.0,41.2,42.0
645.282,66,142.0,1600.0,79.0,6.0,19.47,83.5,2.0,41.2,42.0
645.498,66,142.0,1600.0,79.0,6.0,19.47,83.5,2.0,41.2,42.0
645.607,66,142.0,1600.0,79.0,6.0,19.47,83.5,2.0,41.2,42.0
645.745,66,142.0,1600.0,79.0,6.0,19.47,83.5,2.0,39.2,42.0
645.942,66,142.0,1600.0,79.0,6.0,19.47,83.5,2.0,39.2,40.0
646.103,66,142.0,1600.0,79.0,6.0,19.47,83.5,2.0,39.2,40.0
646.35,66,133.0,1600.0,79.0,6.0,19.47,83.5,2.0,39.2,40.0
646.6,66,133.0,1598.0,79.0,6.0,19.47,83.5,2.0,39.2,40.0
646.927,66,133.0,1598.0,79.0,6.0,19.47,83.5,2.0,39.2,40.0
647.175,66,133.0,1598.0,79.0,5.0,19.47,83.5,2.0,39.2,40.0
647.422,66,133.0,1598.0,79.0,5.0,22.02,83.5,2.0,39.2,40.0
647.67,66,133.0,1598.0,79.0,5.0,22.02,83.5,2.0,39.2,40.0
647.836,66,133.0,1598.0,79.0,5.0,22.02,83.5,2.0,39.2,40.0
648.166,66,133.0,1598.0,79.0,5.0,22.02,83.5,2.0,40.8,40.0
648.412,66,133.0,1598.0,79.0,5.0,22.02,83.5,2.0,40.8,40.8
648.66,66,133.0,1598.0,79.0,5.0,22.02,83.5,2.0,40.8,40.8
648.825,66,139.0,1598.0,79.0,5.0,22.02,83.5,2.0,40.8,40.8
648.992,66,139.0,1588.0,79.0,5.0,22.02,83.5,2.0,40.8,40.8
649.239,66,139.0,1588.0,79.0,5.0,22.02,83.5,2.0,40.8,40.8
649.485,66,139.0,1588.0,79.0,5.0,22.02,83.5,2.0,40.8,40.8
649.733,66,139.0,1588.0,79.0,5.0,21.52,83.5,2.0,40.8,40.8
649.902,66,139.0,1588.0,79.0,5.0,21.52,83.5,2.0,40.8,40.8
650.145,66,139.0,1588.0,79.0,5.0,21.52,83.5,2.0,40.8,40.8
650.392,66,139.0,1588.0,79.0,5.0,21.52,83.5,2.0,39.6,40.8
650.64,66,139.0,1588.0,79.0,5.0,21.52,83.5,2.0,39.6,40.4
650.805,67,139.0,1588.0,79.0,5.0,21.52,83.5,2.0,39.6,40.4
650.972,67,136.0,1588.0,79.0,5.0,21.52,83.5,2.0,39.6,40.4
651.22,67,136.0,1583.0,79.0,5.0,21.52,83.5,2.0,39.6,40.4
651.465,67,136.0,1583.0,78.0,5.0,21.52,83.5,2.0,39.6,40.4
651.713,67,136.0,1583.0,78.0,5.0,21.52,83.5,2.0,39.6,40.4
651.881,67,136.0,1583.0,78.0,5.0,20.44,83.5,2.0,39.6,40.4
652.044,67,136.0,1583.0,78.0,5.0,20.44,83.5,2.0,39.6,40.4
652.291,67,136.0,1583.0,78.0,5.0,20.44,83.5,2.0,39.6,40.4
652.537,67,136.0,1583.0,78.0,5.0,20.44,83.5,2.0,32.5,40.4
652.703,67,136.0,1583.0,78.0,5.0,20.44,83.5,2.0,32.5,31.0
652.868,67,136.0,1583.0,78.0,5.0,20.44,83.5,2.0,32.5,31.0
653.115,67,123.0,1583.0,78.0,5.0,20.44,83.5,2.0,32.5,31.0
653.362,67,123.0,1552.0,78.0,5.0,20.44,83.5,2.0,32.5,31.0
653.61,67,123.0,1552.0,77.0,5.0,20.44,83.5,2.0,32.5,31.0
653.947,67,123.0,1552.0,77.0,5.0,20.44,83.5,2.0,32.5,31.0
654.105,67,123.0,1552.0,77.0,5.0,18.97,83.5,2.0,32.5,31.0
654.271,67,123.0,1552.0,77.0,5.0,18.97,83.5,2.0,32.5,31.0
654.518,67,123.0,1552.0,77.0,5.0,18.97,83.5,2.0,32.5,31.0
654.847,67,123.0,1552.0,77.0,5.0,18.97,83.5,2.0,14.1,31.0
655.098,67,123.0,1552.0,77.0,5.0,18.97,83.5,2.0,14.1,14.5
655.342,67,123.0,1552.0,77.0,5.0,18.97,83.5,2.0,14.1,14.5
655.59,67,107.0,1552.0,77.0,5.0,18.97,83.5,2.0,14.1,14.5
655.758,67,107.0,1459.0,77.0,5.0,18.97,83.5,2.0,14.1,14.5
655.921,67,107.0,1459.0,74.0,5.0,18.97,83.5,2.0,14.1,14.5
656.167,67,107.0,1459.0,74.0,5.0,18.97,83.5,2.0,14.1,14.5
656.415,67,107.0,1459.0,74.0,5.0,10.41,83.5,2.0,14.1,14.5
656.662,67,107.0,1459.0,74.0,5.0,10.41,83.5,2.0,14.1,14.5
656.827,67,107.0,1459.0,74.0,5.0,10.41,83.5,2.0,14.1,14.5
656.998,67,107.0,1459.0,74.0,5.0,10.41,83.5,2.0,14.1,14.5
657.159,67,107.0,1459.0,74.0,5.0,10.41,83.5,2.0,14.1,14.5
657.322,67,107.0,1459.0,74.0,5.0,10.41,83.5,2.0,14.1,14.5
657.571,67,117.0,1459.0,74.0,5.0,10.41,83.5,2.0,14.1,14.5
657.737,67,117.0,1069.0,74.0,5.0,10.41,83.5,2.0,14.1,14.5
657.9,67,117.0,1069.0,69.0,5.0,10.41,83.5,2.0,14.1,14.5
658.148,67,117.0,1069.0,69.0,4.0,10.41,83.5,2.0,14.1,14.5
658.395,67,117.0,1069.0,69.0,4.0,11.58,83.5,2.0,14.1,14.5
658.642,67,117.0,1069.0,69.0,4.0,11.58,83.5,2.0,14.1,14.5
658.862,67,117.0,1069.0,69.0,4.0,11.58,83.5,2.0,14.1,14.5
658.972,67,117.0,1069.0,69.0,4.0,11.58,83.5,2.0,14.1,14.5
659.139,67,117.0,1069.0,69.0,4.0,11.58,83.5,2.0,14.1,14.5
659.357,67,117.0,1069.0,69.0,4.0,11.58,83.5,2.0,14.1,14.5
659.468,67,114.0,1069.0,69.0,4.0,11.58,83.5,2.0,14.1,14.5
659.632,67,114.0,2075.0,69.0,4.0,11.58,83.5,2.0,14.1,14.5
659.852,67,114.0,2075.0,62.0,4.0,11.58,83.5,2.0,14.1,14.5
660.045,67,114.0,2075.0,62.0,6.0,11.58,83.5,2.0,14.1,14.5
660.185,67,114.0,2075.0,62.0,6.0,11.66,83.5,2.0,14.1,14.5
660.293,67,114.0,2075.0,62.0,6.0,11.66,83.5,2.0,14.1,14.5
660.431,67,114.0,2075.0,62.0,6.0,11.66,83.5,2.0,14.1,14.5
660.539,67,114.0,2075.0,62.0,6.0,11.66,83.5,2.0,14.1,14.5
660.677,67,114.0,2075.0,62.0,6.0,11.66,83.5,2.0,14.1,14.5
660.842,68,114.0,2075.0,62.0,6.0,11.66,83.5,2.0,14.1,14.5
660.952,68,113.0,2075.0,62.0,6.0,11.66,83.5,2.0,14.1,14.5
661.09,68,113.0,1177.0,62.0,6.0,11.66,83.5,2.0,14.1,14.5
661.206,68,113.0,1177.0,57.0,6.0,11.66,83.5,2.0,14.1,14.5
661.339,68,113.0,1177.0,57.0,2.0,11.66,83.5,2.0,14.1,14.5
661.447,68,113.0,1177.0,57.0,2.0,14.24,83.5,2.0,14.1,14.5
661.612,68,113.0,1177.0,57.0,2.0,14.24,83.5,2.0,14.1,14.5
661.75,68,113.0,1177.0,57.0,2.0,14.24,83.5,2.0,14.1,14.5
661.914,68,113.0,1177.0,57.0,2.0,14.24,83.5,2.0,14.1,14.5
662.026,68,113.0,1177.0,57.0,2.0,14.24,83.5,2.0,14.1,14.5
662.165,68,113.0,1177.0,57.0,2.0,14.24,83.5,2.0,14.1,14.5
662.275,68,112.0,1177.0,57.0,2.0,14.24,83.5,2.0,14.1,14.5
662.41,68,112.0,2785.0,57.0,2.0,14.24,83.5,2.0,14.1,14.5
662.52,68,112.0,2785.0,48.0,2.0,14.24,83.5,2.0,14.1,14.5
662.686,68,112.0,2785.0,48.0,8.0,14.24,83.5,2.0,14.1,14.5
662.85,68,112.0,2785.0,48.0,8.0,43.88,83.5,2.0,14.1,14.5
662.993,68,112.0,2785.0,48.0,8.0,43.88,83.5,2.0,14.1,14.5
663.101,68,112.0,2785.0,48.0,8.0,43.88,83.5,2.0,14.1,14.5
663.317,68,112.0,2785.0,48.0,8.0,43.88,83.5,2.0,14.1,14.5
663.428,68,112.0,2785.0,48.0,8.0,43.88,83.5,2.0,14.1,14.5
663.567,68,112.0,2785.0,48.0,8.0,43.88,83.5,2.0,14.1,14.5
663.677,68,134.0,2785.0,48.0,8.0,43.88,83.5,2.0,14.1,14.5
663.813,68,134.0,2384.0,48.0,8.0,43.88,83.5,2.0,14.1,14.5
664.006,68,134.0,2384.0,40.0,8.0,43.88,83.5,2.0,14.1,14.5
664.145,68,134.0,2384.0,40.0,8.0,43.88,83.5,2.0,14.1,14.5
664.307,68,134.0,2384.0,40.0,8.0,29.08,83.5,2.0,14.1,14.5
664.555,68,134.0,2384.0,40.0,8.0,29.08,83.5,2.0,14.1,14.5
664.775,68,134.0,2384.0,40.0,8.0,29.08,83.5,2.0,14.1,14.5
664.887,68,134.0,2384.0,40.0,8.0,29.08,83.5,2.0,14.1,14.5
665.051,68,134.0,2384.0,40.0,8.0,29.08,83.5,2.0,14.1,14.5
665.188,68,134.0,2384.0,40.0,8.0,29.08,83.5,2.0,14.1,14.5
665.38,68,124.0,2384.0,40.0,8.0,29.08,83.5,2.0,14.1,14.5
665.545,68,124.0,1991.0,40.0,8.0,29.08,83.5,2.0,14.1,14.5
665.793,68,124.0,1991.0,34.0,8.0,29.08,83.5,2.0,14.1,14.5
665.961,68,124.0,1991.0,34.0,5.0,29.08,83.5,2.0,14.1,14.5
666.205,68,124.0,1991.0,34.0,5.0,20.05,83.5,2.0,14.1,14.5
666.37,68,124.0,1991.0,34.0,5.0,20.05,83.5,2.0,14.1,14.5
666.538,68,124.0,1991.0,34.0,5.0,20.05,83.5,2.0,14.1,14.5
666.783,68,124.0,1991.0,34.0,5.0,20.05,83.5,2.0,39.6,14.5
666.947,68,124.0,1991.0,34.0,5.0,20.05,83.5,2.0,39.6,41.6
667.112,68,124.0,1991.0,34.0,5.0,20.05,83.5,2.0,39.6,41.6
667.359,68,146.0,1991.0,34.0,5.0,20.05,83.5,2.0,39.6,41.6
667.607,68,146.0,2046.0,34.0,5.0,20.05,83.5,2.0,39.6,41.6
667.773,68,146.0,2046.0,36.0,5.0,20.05,83.5,2.0,39.6,41.6
667.938,68,146.0,2046.0,36.0,6.0,20.05,83.5,2.0,39.6,41.6
668.105,68,146.0,2046.0,36.0,6.0,37.24,83.5,2.0,39.6,41.6
668.349,68,146.0,2046.0,36.0,6.0,37.24,83.5,2.0,39.6,41.6
668.598,68,146.0,2046.0,36.0,6.0,37.24,83.5,2.0,39.6,41.6
668.735,68,146.0,2046.0,36.0,6.0,37.24,83.5,2.0,43.9,41.6
668.929,68,146.0,2046.0,36.0,6.0,37.24,83.5,2.0,43.9,44.7
669.178,68,146.0,2046.0,36.0,6.0,37.24,83.5,2.0,43.9,44.7
669.422,68,172.0,2046.0,36.0,6.0,37.24,83.5,2.0,43.9,44.7
669.588,68,172.0,2424.0,36.0,6.0,37.24,83.5,2.0,43.9,44.7
669.917,68,172.0,2424.0,42.0,6.0,37.24,83.5,2.0,43.9,44.7
670.06,68,172.0,2424.0,42.0,9.0,37.24,83.5,2.0,43.9,44.7
670.247,68,172.0,2424.0,42.0,9.0,58.88,83.5,2.0,43.9,44.7
670.412,68,172.0,2424.0,42.0,9.0,58.88,83.5,2.0,43.9,44.7
670.66,68,172.0,2424.0,42.0,9.0,58.88,83.5,2.0,43.9,44.7
670.825,68,172.0,2424.0,42.0,9.0,58.88,83.5,2.0,14.1,44.7
670.963,68,172.0,2424.0,42.0,9.0,58.88,83.5,2.0,14.1,14.5
671.156,68,172.0,2424.0,42.0,9.0,58.88,83.5,2.0,14.1,14.5
671.321,68,95.0,2424.0,42.0,9.0,58.88,83.5,2.0,14.1,14.5
671.567,68,95.0,1669.0,42.0,9.0,58.88,83.5,2.0,14.1,14.5
671.705,68,95.0,1669.0,45.0,9.0,58.88,83.5,2.0,14.1,14.5
671.98,68,95.0,1669.0,45.0,5.0,58.88,83.5,2.0,14.1,14.5
672.148,68,95.0,1669.0,45.0,5.0,41.99,83.5,2.0,14.1,14.5
672.317,68,95.0,1669.0,45.0,5.0,41.99,83.5,2.0,14.1,14.5
672.475,68,95.0,1669.0,45.0,5.0,41.99,83.5,2.0,14.1,14.5
672.724,68,95.0,1669.0,45.0,5.0,41.99,83.5,2.0,57.3,14.5
672.861,68,95.0,1669.0,45.0,5.0,41.99,83.5,2.0,57.3,57.6
673.025,68,95.0,1669.0,45.0,5.0,41.99,83.5,2.0,57.3,57.6
673.217,68,229.0,1669.0,45.0,5.0,41.99,83.5,2.0,57.3,57.6
673.464,68,229.0,2110.0,45.0,5.0,41.99,83.5,2.0,57.3,57.6
673.712,68,229.0,2110.0,58.0,5.0,41.99,83.5,2.0,57.3,57.6
673.877,68,229.0,2110.0,58.0,8.0,41.99,83.5,2.0,57.3,57.6
674.015,68,229.0,2110.0,58.0,8.0,83.38,83.5,2.0,57.3,57.6
674.18,68,229.0,2110.0,58.0,8.0,83.38,83.5,2.0,57.3,57.6
674.372,68,229.0,2110.0,58.0,8.0,83.38,83.5,2.0,57.3,57.6
674.51,68,229.0,2110.0,58.0,8.0,83.38,83.5,2.0,56.5,57.6
674.702,68,229.0,2110.0,58.0,8.0,83.38,83.5,2.0,56.5,54.1
674.95,68,229.0,2110.0,58.0,8.0,83.38,83.5,2.0,56.5,54.1
675.088,68,169.0,2110.0,58.0,8.0,83.38,83.5,2.0,56.5,54.1
675.283,68,169.0,2247.0,58.0,8.0,83.38,83.5,2.0,56.5,54.1
675.417,68,169.0,2247.0,67.0,8.0,83.38,83.5,2.0,56.5,54.1
675.61,68,169.0,2247.0,67.0,8.0,83.38,83.5,2.0,56.5,54.1
675.775,68,169.0,2247.0,67.0,8.0,29.47,83.5,2.0,56.5,54.1
675.94,68,169.0,2247.0,67.0,8.0,29.47,69.0,2.0,56.5,54.1
676.106,68,169.0,2247.0,67.0,8.0,29.47,69.0,2.0,56.5,54.1
676.352,68,169.0,2247.0,67.0,8.0,29.47,69.0,2.0,50.6,54.1
676.6,68,169.0,2247.0,67.0,8.0,29.47,69.0,2.0,50.6,51.0
676.737,69,169.0,2247.0,67.0,8.0,29.47,69.0,2.0,50.6,51.0
676.931,69,176.0,2247.0,67.0,8.0,29.47,69.0,2.0,50.6,51.0
677.097,69,176.0,1801.0,67.0,8.0,29.47,69.0,2.0,50.6,51.0
677.342,69,176.0,1801.0,71.0,8.0,29.47,69.0,2.0,50.6,51.0
677.589,69,176.0,1801.0,71.0,5.0,29.47,69.0,2.0,50.6,51.0
677.922,69,176.0,1801.0,71.0,5.0,36.24,69.0,2.0,50.6,51.0
678.167,69,176.0,1801.0,71.0,5.0,36.24,83.5,2.0,50.6,51.0
678.497,69,176.0,1801.0,71.0,5.0,36.24,83.5,2.0,50.6,51.0
678.744,69,176.0,1801.0,71.0,5.0,36.24,83.5,2.0,40.4,51.0
678.91,69,176.0,1801.0,71.0,5.0,36.24,83.5,2.0,40.4,30.2
679.077,69,176.0,1801.0,71.0,5.0,36.24,83.5,2.0,40.4,30.2
679.322,69,121.0,1801.0,71.0,5.0,36.24,83.5,2.0,40.4,30.2
679.572,69,121.0,1864.0,71.0,5.0,36.24,83.5,2.0,40.4,30.2
679.817,69,121.0,1864.0,73.0,5.0,36.24,83.5,2.0,40.4,30.2
679.983,69,121.0,1864.0,73.0,4.0,36.24,83.5,2.0,40.4,30.2
680.149,69,121.0,1864.0,73.0,4.0,19.05,83.5,2.0,40.4,30.2
680.395,69,121.0,1864.0,73.0,4.0,19.05,83.5,2.0,40.4,30.2
680.642,69,121.0,1864.0,73.0,4.0,19.05,83.5,2.0,40.4,30.2
680.95,69,121.0,1864.0,73.0,4.0,19.05,83.5,2.0,26.3,30.2
681.056,69,121.0,1864.0,73.0,4.0,19.05,83.5,2.0,26.3,16.1
681.222,69,121.0,1864.0,73.0,4.0,19.05,83.5,2.0,26.3,16.1
681.549,69,130.0,1864.0,73.0,4.0,19.05,83.5,2.0,26.3,16.1
681.854,69,130.0,1764.0,73.0,4.0,19.05,83.5,2.0,26.3,16.1
681.965,69,130.0,1764.0,68.0,4.0,19.05,83.5,2.0,26.3,16.1
682.127,69,130.0,1764.0,68.0,3.0,19.05,83.5,2.0,26.3,16.1
682.295,69,130.0,1764.0,68.0,3.0,18.63,83.5,2.0,26.3,16.1
682.539,69,130.0,1764.0,68.0,3.0,18.63,83.5,2.0,26.3,16.1
682.788,69,130.0,1764.0,68.0,3.0,18.63,83.5,2.0,26.3,16.1
682.954,69,130.0,1764.0,68.0,3.0,18.63,83.5,2.0,14.1,16.1
683.203,69,130.0,1764.0,68.0,3.0,18.63,83.5,2.0,14.1,14.5
683.34,69,130.0,1764.0,68.0,3.0,18.63,83.5,2.0,14.1,14.5
683.529,69,121.0,1764.0,68.0,3.0,18.63,83.5,2.0,14.1,14.5
683.696,69,121.0,1639.0,68.0,3.0,18.63,83.5,2.0,14.1,14.5
683.86,69,121.0,1639.0,63.0,3.0,18.63,83.5,2.0,14.1,14.5
684.028,69,121.0,1639.0,63.0,2.0,18.63,83.5,2.0,14.1,14.5
684.274,69,121.0,1639.0,63.0,2.0,16.22,83.5,2.0,14.1,14.5
684.52,69,121.0,1639.0,63.0,2.0,16.22,83.5,2.0,14.1,14.5
684.657,69,121.0,1639.0,63.0,2.0,16.22,83.5,2.0,14.1,14.5
684.935,69,121.0,1639.0,63.0,2.0,16.22,83.5,2.0,31.0,14.5
685.179,69,121.0,1639.0,63.0,2.0,16.22,83.5,2.0,31.0,31.0
685.427,70,121.0,1639.0,63.0,2.0,16.22,83.5,2.0,31.0,31.0
685.675,70,116.0,1639.0,63.0,2.0,16.22,83.5,2.0,31.0,31.0
685.923,70,116.0,1572.0,63.0,2.0,16.22,83.5,2.0,31.0,31.0
686.087,70,116.0,1572.0,61.0,2.0,16.22,83.5,2.0,31.0,31.0
686.224,70,116.0,1572.0,61.0,3.0,16.22,83.5,2.0,31.0,31.0
686.418,70,116.0,1572.0,61.0,3.0,15.38,83.5,2.0,31.0,31.0
686.582,70,116.0,1572.0,61.0,3.0,15.38,83.5,2.0,31.0,31.0
686.829,70,116.0,1572.0,61.0,3.0,15.38,83.5,2.0,31.0,31.0
686.969,70,116.0,1572.0,61.0,3.0,15.38,83.5,2.0,14.1,31.0
687.16,70,116.0,1572.0,61.0,3.0,15.38,83.5,2.0,14.1,14.5
687.407,70,116.0,1572.0,61.0,3.0,15.38,83.5,2.0,14.1,14.5
687.573,70,115.0,1572.0,61.0,3.0,15.38,83.5,2.0,14.1,14.5
687.737,70,115.0,1484.0,61.0,3.0,15.38,83.5,2.0,14.1,14.5
687.903,70,115.0,1484.0,58.0,3.0,15.38,83.5,2.0,14.1,14.5
688.071,70,115.0,1484.0,58.0,3.0,15.38,83.5,2.0,14.1,14.5
688.314,70,115.0,1484.0,58.0,3.0,14.19,83.5,2.0,14.1,14.5
688.562,70,115.0,1484.0,58.0,3.0,14.19,83.5,2.0,14.1,14.5
688.809,70,115.0,1484.0,58.0,3.0,14.19,83.5,2.0,14.1,14.5
688.974,70,115.0,1484.0,58.0,3.0,14.19,83.5,2.0,31.0,14.5
689.141,70,115.0,1484.0,58.0,3.0,14.19,83.5,2.0,31.0,34.9
689.387,70,115.0,1484.0,58.0,3.0,14.19,83.5,2.0,31.0,34.9
689.634,70,117.0,1484.0,58.0,3.0,14.19,83.5,2.0,31.0,34.9
689.964,70,117.0,1455.0,58.0,3.0,14.19,83.5,2.0,31.0,34.9
690.214,70,117.0,1455.0,57.0,3.0,14.19,83.5,2.0,31.0,34.9
690.459,70,117.0,1455.0,57.0,5.0,14.19,83.5,2.0,31.0,34.9
690.596,70,117.0,1455.0,57.0,5.0,25.55,83.5,2.0,31.0,34.9
690.762,70,117.0,1455.0,57.0,5.0,25.55,83.5,2.0,31.0,34.9
690.872,70,117.0,1455.0,57.0,5.0,25.55,83.5,2.0,31.0,34.9
691.038,70,117.0,1455.0,57.0,5.0,25.55,83.5,2.0,54.5,34.9
691.284,70,117.0,1455.0,57.0,5.0,25.55,83.5,2.0,54.5,56.1
691.533,70,117.0,1455.0,57.0,5.0,25.55,83.5,2.0,54.5,56.1
691.779,70,199.0,1455.0,57.0,5.0,25.55,83.5,2.0,54.5,56.1
691.947,70,199.0,1613.0,57.0,5.0,25.55,83.5,2.0,54.5,56.1
692.11,70,199.0,1613.0,63.0,5.0,25.55,83.5,2.0,54.5,56.1
692.356,70,199.0,1613.0,63.0,9.0,25.55,83.5,2.0,54.5,56.1
692.604,70,199.0,1613.0,63.0,9.0,58.02,83.5,2.0,54.5,56.1
692.907,70,199.0,1613.0,63.0,9.0,58.02,83.5,2.0,54.5,56.1
693.018,70,199.0,1613.0,63.0,9.0,58.02,83.5,2.0,54.5,56.1
693.184,70,199.0,1613.0,63.0,9.0,58.02,83.5,2.0,58.0,56.1
693.429,70,199.0,1613.0,63.0,9.0,58.02,83.5,2.0,58.0,58.4
693.597,70,199.0,1613.0,63.0,9.0,58.02,83.5,2.0,58.0,58.4
693.734,70,231.0,1613.0,63.0,9.0,58.02,83.5,2.0,58.0,58.4
693.924,70,231.0,1887.0,63.0,9.0,58.02,83.5,2.0,58.0,58.4
694.174,70,231.0,1887.0,74.0,9.0,58.02,83.5,2.0,58.0,58.4
694.419,70,231.0,1887.0,74.0,8.0,58.02,83.5,2.0,58.0,58.4
694.667,70,231.0,1887.0,74.0,8.0,70.88,83.5,2.0,58.0,58.4
694.997,70,231.0,1887.0,74.0,8.0,70.88,83.5,2.0,58.0,58.4
695.247,70,231.0,1887.0,74.0,8.0,70.88,83.5,2.0,58.0,58.4
695.492,70,231.0,1887.0,74.0,8.0,70.88,83.5,2.0,58.0,58.4
695.739,70,231.0,1887.0,74.0,8.0,70.88,83.5,2.0,58.0,58.4
695.988,71,231.0,1887.0,74.0,8.0,70.88,83.5,2.0,58.0,58.4
696.124,71,228.0,1887.0,74.0,8.0,70.88,83.5,2.0,58.0,58.4
696.317,71,228.0,2202.0,74.0,8.0,70.88,83.5,2.0,58.0,58.4
696.482,71,228.0,2202.0,86.0,8.0,70.88,83.5,2.0,58.0,58.4
696.813,71,228.0,2202.0,86.0,7.0,70.88,83.5,2.0,58.0,58.4
696.978,71,228.0,2202.0,86.0,7.0,77.74,83.5,2.0,58.0,58.4
697.142,71,228.0,2202.0,86.0,7.0,77.74,83.5,2.0,58.0,58.4
697.389,71,228.0,2202.0,86.0,7.0,77.74,83.5,2.0,58.0,58.4
697.637,71,228.0,2202.0,86.0,7.0,77.74,83.5,2.0,14.1,58.4
697.884,71,228.0,2202.0,86.0,7.0,77.74,83.5,2.0,14.1,29.4
698.051,71,228.0,2202.0,86.0,7.0,77.74,83.5,2.0,14.1,29.4
698.216,71,131.0,2202.0,86.0,7.0,77.74,83.5,2.0,14.1,29.4
698.462,71,131.0,1784.0,86.0,7.0,77.74,83.5,2.0,14.1,29.4
698.709,71,131.0,1784.0,88.0,7.0,77.74,83.5,2.0,14.1,29.4
699.014,71,131.0,1784.0,88.0,2.0,77.74,83.5,2.0,14.1,29.4
699.125,71,131.0,1784.0,88.0,2.0,56.52,83.5,2.0,14.1,29.4
699.287,71,131.0,1784.0,88.0,2.0,56.52,83.5,2.0,14.1,29.4
699.535,71,131.0,1784.0,88.0,2.0,56.52,83.5,2.0,14.1,29.4
699.782,71,131.0,1784.0,88.0,2.0,56.52,83.5,2.0,46.7,29.4
700.029,71,131.0,1784.0,88.0,2.0,56.52,83.5,2.0,46.7,47.5
700.277,71,131.0,1784.0,88.0,2.0,56.52,83.5,2.0,46.7,47.5
700.526,71,161.0,1784.0,88.0,2.0,56.52,83.5,2.0,46.7,47.5
700.774,71,161.0,1842.0,88.0,2.0,56.52,83.5,2.0,46.7,47.5
700.937,71,161.0,1842.0,91.0,2.0,56.52,83.5,2.0,46.7,47.5
701.104,71,161.0,1842.0,91.0,3.0,56.52,83.5,2.0,46.7,47.5
701.241,71,161.0,1842.0,91.0,3.0,20.22,83.5,2.0,46.7,47.5
701.432,71,161.0,1842.0,91.0,3.0,20.22,83.5,2.0,46.7,47.5
701.597,71,161.0,1842.0,91.0,3.0,20.22,83.5,2.0,46.7,47.5
701.844,71,161.0,1842.0,91.0,3.0,20.22,83.5,2.0,34.9,47.5
702.011,71,161.0,1842.0,91.0,3.0,20.22,83.5,2.0,34.9,35.3
702.176,72,161.0,1842.0,91.0,3.0,20.22,83.5,2.0,34.9,35.3
702.422,72,122.0,1842.0,91.0,3.0,20.22,83.5,2.0,34.9,35.3
702.669,72,122.0,1823.0,91.0,3.0,20.22,83.5,2.0,34.9,35.3
702.807,72,122.0,1823.0,90.0,3.0,20.22,83.5,2.0,34.9,35.3
702.919,72,122.0,1823.0,90.0,2.0,20.22,83.5,2.0,34.9,35.3
703.085,72,122.0,1823.0,90.0,2.0,19.3,83.5,2.0,34.9,35.3
703.329,72,122.0,1823.0,90.0,2.0,19.3,83.5,2.0,34.9,35.3
703.577,72,122.0,1823.0,90.0,2.0,19.3,83.5,2.0,34.9,35.3
703.826,72,122.0,1823.0,90.0,2.0,19.3,83.5,2.0,32.9,35.3
703.992,72,122.0,1823.0,90.0,2.0,19.3,83.5,2.0,32.9,32.9
704.156,72,122.0,1823.0,90.0,2.0,19.3,83.5,2.0,32.9,32.9
704.402,72,121.0,1823.0,90.0,2.0,19.3,83.5,2.0,32.9,32.9
704.649,72,121.0,1798.0,90.0,2.0,19.3,83.5,2.0,32.9,32.9
704.814,72,121.0,1798.0,89.0,2.0,19.3,83.5,2.0,32.9,32.9
704.982,72,121.0,1798.0,89.0,2.0,19.3,83.5,2.0,32.9,32.9
705.2,72,121.0,1798.0,89.0,2.0,17.52,83.5,2.0,32.9,32.9
705.316,72,121.0,1798.0,89.0,2.0,17.52,83.5,2.0,32.9,32.9
705.474,72,121.0,1798.0,89.0,2.0,17.52,83.5,2.0,32.9,32.9
705.804,72,121.0,1798.0,89.0,2.0,17.52,83.5,2.0,30.6,32.9
705.972,72,121.0,1798.0,89.0,2.0,17.52,83.5,2.0,30.6,25.5
706.135,72,121.0,1798.0,89.0,2.0,17.52,83.5,2.0,30.6,25.5
706.382,72,114.0,1798.0,89.0,2.0,17.52,83.5,2.0,30.6,25.5
706.629,72,114.0,1757.0,89.0,2.0,17.52,83.5,2.0,30.6,25.5
706.877,72,114.0,1757.0,87.0,2.0,17.52,83.5,2.0,30.6,25.5
707.044,72,114.0,1757.0,87.0,3.0,17.52,83.5,2.0,30.6,25.5
707.208,72,114.0,1757.0,87.0,3.0,14.91,83.5,2.0,30.6,25.5
707.457,72,114.0,1757.0,87.0,3.0,14.91,83.5,2.0,30.6,25.5
707.702,72,114.0,1757.0,87.0,3.0,14.91,83.5,2.0,30.6,25.5
708.033,72,114.0,1757.0,87.0,3.0,14.91,83.5,2.0,14.1,25.5
708.281,72,114.0,1757.0,87.0,3.0,14.91,83.5,2.0,14.1,14.5
708.527,73,114.0,1757.0,87.0,3.0,14.91,83.5,2.0,14.1,14.5
708.747,73,108.0,1757.0,87.0,3.0,14.91,83.5,2.0,14.1,14.5
708.914,73,108.0,2109.0,87.0,3.0,14.91,83.5,2.0,14.1,14.5
709.106,73,108.0,2109.0,82.0,3.0,14.91,83.5,2.0,14.1,14.5
709.242,73,108.0,2109.0,82.0,3.0,14.91,83.5,2.0,14.1,14.5
709.434,73,108.0,2109.0,82.0,3.0,23.63,83.5,2.0,14.1,14.5
709.601,73,108.0,2109.0,82.0,3.0,23.63,83.5,2.0,14.1,14.5
709.847,73,108.0,2109.0,82.0,3.0,23.63,83.5,2.0,14.1,14.5
710.014,73,108.0,2109.0,82.0,3.0,23.63,83.5,2.0,14.1,14.5
710.18,73,108.0,2109.0,82.0,3.0,23.63,83.5,2.0,14.1,14.5
710.424,73,108.0,2109.0,82.0,3.0,23.63,83.5,2.0,14.1,14.5
710.672,73,126.0,2109.0,82.0,3.0,23.63,83.5,2.0,14.1,14.5
710.919,73,126.0,2007.0,82.0,3.0,23.63,83.5,2.0,14.1,14.5
711.084,73,126.0,2007.0,78.0,3.0,23.63,83.5,2.0,14.1,14.5
711.254,73,126.0,2007.0,78.0,4.0,23.63,83.5,2.0,14.1,14.5
711.496,73,126.0,2007.0,78.0,4.0,21.55,83.5,2.0,14.1,14.5
711.744,73,126.0,2007.0,78.0,4.0,21.55,83.5,2.0,14.1,14.5
711.911,73,126.0,2007.0,78.0,4.0,21.55,83.5,2.0,14.1,14.5
712.049,73,126.0,2007.0,78.0,4.0,21.55,83.5,2.0,14.1,14.5
712.24,73,126.0,2007.0,78.0,4.0,21.55,83.5,2.0,14.1,14.5
712.404,73,126.0,2007.0,78.0,4.0,21.55,83.5,2.0,14.1,14.5
712.651,73,122.0,2007.0,78.0,4.0,21.55,83.5,2.0,14.1,14.5
712.901,73,122.0,1794.0,78.0,4.0,21.55,83.5,2.0,14.1,14.5
713.064,73,122.0,1794.0,69.0,4.0,21.55,83.5,2.0,14.1,14.5
713.232,73,122.0,1794.0,69.0,4.0,21.55,83.5,2.0,14.1,14.5
713.477,73,122.0,1794.0,69.0,4.0,17.91,83.5,2.0,14.1,14.5
713.724,73,122.0,1794.0,69.0,4.0,17.91,83.5,2.0,14.1,14.5
714.027,73,122.0,1794.0,69.0,4.0,17.91,83.5,2.0,14.1,14.5
714.138,73,122.0,1794.0,69.0,4.0,17.91,83.5,2.0,20.0,14.5
714.303,73,122.0,1794.0,69.0,4.0,17.91,83.5,2.0,20.0,25.5
714.549,73,122.0,1794.0,69.0,4.0,17.91,83.5,2.0,20.0,25.5
714.797,73,116.0,1794.0,69.0,4.0,17.91,83.5,2.0,20.0,25.5
714.934,73,116.0,1697.0,69.0,4.0,17.91,83.5,2.0,20.0,25.5
715.044,73,116.0,1697.0,66.0,4.0,17.91,83.5,2.0,20.0,25.5
715.21,73,116.0,1697.0,66.0,3.0,17.91,83.5,2.0,20.0,25.5
715.457,73,116.0,1697.0,66.0,3.0,22.16,83.5,2.0,20.0,25.5
715.704,73,116.0,1697.0,66.0,3.0,22.16,83.5,2.0,20.0,25.5
715.952,73,116.0,1697.0,66.0,3.0,22.16,83.5,2.0,20.0,25.5
716.117,73,116.0,1697.0,66.0,3.0,22.16,83.5,2.0,44.3,25.5
716.284,73,116.0,1697.0,66.0,3.0,22.16,83.5,2.0,44.3,45.5
716.53,73,116.0,1697.0,66.0,3.0,22.16,83.5,2.0,44.3,45.5
716.777,73,168.0,1697.0,66.0,3.0,22.16,83.5,2.0,44.3,45.5
717.079,73,168.0,1808.0,66.0,3.0,22.16,83.5,2.0,44.3,45.5
717.191,73,168.0,1808.0,71.0,3.0,22.16,83.5,2.0,44.3,45.5
717.354,73,168.0,1808.0,71.0,7.0,22.16,83.5,2.0,44.3,45.5
717.603,73,168.0,1808.0,71.0,7.0,29.99,83.5,2.0,44.3,45.5
717.851,73,168.0,1808.0,71.0,7.0,29.99,83.5,2.0,44.3,45.5
718.016,73,168.0,1808.0,71.0,7.0,29.99,83.5,2.0,44.3,45.5
718.18,73,168.0,1808.0,71.0,7.0,29.99,83.5,2.0,38.4,45.5
718.427,73,168.0,1808.0,71.0,7.0,29.99,83.5,2.0,38.4,38.8
718.674,74,168.0,1808.0,71.0,7.0,29.99,83.5,2.0,38.4,38.8
718.922,74,131.0,1808.0,71.0,7.0,29.99,83.5,2.0,38.4,38.8
719.086,74,131.0,1878.0,71.0,7.0,29.99,83.5,2.0,38.4,38.8
719.259,74,131.0,1878.0,73.0,7.0,29.99,83.5,2.0,38.4,38.8
719.499,74,131.0,1878.0,73.0,4.0,29.99,83.5,2.0,38.4,38.8
719.747,74,131.0,1878.0,73.0,4.0,21.91,83.5,2.0,38.4,38.8
720.077,74,131.0,1878.0,73.0,4.0,21.91,83.5,2.0,38.4,38.8
720.324,74,131.0,1878.0,73.0,4.0,21.91,83.5,2.0,38.4,38.8
720.571,74,131.0,1878.0,73.0,4.0,21.91,83.5,2.0,34.9,38.8
720.818,74,131.0,1878.0,73.0,4.0,21.91,83.5,2.0,34.9,34.9
720.985,74,131.0,1878.0,73.0,4.0,21.91,83.5,2.0,34.9,34.9
721.122,74,124.0,1878.0,73.0,4.0,21.91,83.5,2.0,34.9,34.9
721.314,74,124.0,1849.0,73.0,4.0,21.91,83.5,2.0,34.9,34.9
721.479,74,124.0,1849.0,72.0,4.0,21.91,83.5,2.0,34.9,34.9
721.726,74,124.0,1849.0,72.0,4.0,21.91,83.5,2.0,34.9,34.9
721.974,74,124.0,1849.0,72.0,4.0,17.38,83.5,2.0,34.9,34.9
722.14,74,124.0,1849.0,72.0,4.0,17.38,83.5,2.0,34.9,34.9
722.314,74,124.0,1849.0,72.0,4.0,17.38,83.5,2.0,34.9,34.9
722.551,74,124.0,1849.0,72.0,4.0,17.38,83.5,2.0,14.1,34.9
722.799,74,124.0,1849.0,72.0,4.0,17.38,83.5,2.0,14.1,14.1
722.965,74,124.0,1849.0,72.0,4.0,17.38,83.5,2.0,14.1,14.1
723.103,74,122.0,1849.0,72.0,4.0,17.38,83.5,2.0,14.1,14.1
723.294,74,122.0,1744.0,72.0,4.0,17.38,83.5,2.0,14.1,14.1
723.543,74,122.0,1744.0,67.0,4.0,17.38,83.5,2.0,14.1,14.1
723.791,74,122.0,1744.0,67.0,3.0,17.38,83.5,2.0,14.1,14.1
724.037,74,122.0,1744.0,67.0,3.0,17.47,83.5,2.0,14.1,14.1
724.206,74,122.0,1744.0,67.0,3.0,17.47,83.5,2.0,14.1,14.1
724.339,74,122.0,1744.0,67.0,3.0,17.47,83.5,2.0,14.1,14.1
724.532,74,122.0,1744.0,67.0,3.0,17.47,83.5,2.0,14.1,14.1
724.752,74,122.0,1744.0,67.0,3.0,17.47,83.5,2.0,14.1,14.5
724.947,74,122.0,1744.0,67.0,3.0,17.47,83.5,2.0,14.1,14.5
725.083,74,119.0,1744.0,67.0,3.0,17.47,83.5,2.0,14.1,14.5
725.274,74,119.0,1568.0,67.0,3.0,17.47,83.5,2.0,14.1,14.5
725.522,74,119.0,1568.0,60.0,3.0,17.47,83.5,2.0,14.1,14.5
725.687,74,119.0,1568.0,60.0,3.0,17.47,83.5,2.0,14.1,14.5
725.824,74,119.0,1568.0,60.0,3.0,14.94,83.5,2.0,14.1,14.5
725.991,74,119.0,1568.0,60.0,3.0,14.94,83.5,2.0,14.1,14.5
726.101,74,119.0,1568.0,60.0,3.0,14.94,83.5,2.0,14.1,14.5
726.265,74,119.0,1568.0,60.0,3.0,14.94,83.5,2.0,14.1,14.5
726.511,74,119.0,1568.0,60.0,3.0,14.94,83.5,2.0,14.1,14.5
726.732,74,119.0,1568.0,60.0,3.0,14.94,83.5,2.0,14.1,14.5
726.843,74,115.0,1568.0,60.0,3.0,14.94,83.5,2.0,14.1,14.5
727.089,74,115.0,1390.0,60.0,3.0,14.94,83.5,2.0,14.1,14.5
727.335,74,115.0,1390.0,54.0,3.0,14.94,83.5,2.0,14.1,14.5
727.583,74,115.0,1390.0,54.0,3.0,14.94,83.5,2.0,14.1,14.5
727.831,74,115.0,1390.0,54.0,3.0,12.66,83.5,2.0,14.1,14.5
727.997,74,115.0,1390.0,54.0,3.0,12.66,83.5,2.0,14.1,14.5
728.163,74,115.0,1390.0,54.0,3.0,12.66,83.5,2.0,14.1,14.5
728.331,74,115.0,1390.0,54.0,3.0,12.66,83.5,2.0,22.0,14.5
728.574,74,115.0,1390.0,54.0,3.0,12.66,83.5,2.0,22.0,25.1
728.822,74,115.0,1390.0,54.0,3.0,12.66,83.5,2.0,22.0,25.1
728.99,74,109.0,1390.0,54.0,3.0,12.66,83.5,2.0,22.0,25.1
729.124,74,109.0,1311.0,54.0,3.0,12.66,83.5,2.0,22.0,25.1
729.316,74,109.0,1311.0,51.0,3.0,12.66,83.5,2.0,22.0,25.1
729.564,74,109.0,1311.0,51.0,2.0,12.66,83.5,2.0,22.0,25.1
729.811,74,109.0,1311.0,51.0,2.0,12.3,83.5,2.0,22.0,25.1
729.976,74,109.0,1311.0,51.0,2.0,12.3,83.5,2.0,22.0,25.1
730.116,74,109.0,1311.0,51.0,2.0,12.3,83.5,2.0,22.0,25.1
730.306,74,109.0,1311.0,51.0,2.0,12.3,83.5,2.0,34.9,25.1
730.554,74,109.0,1311.0,51.0,2.0,12.3,83.5,2.0,34.9,37.3
730.692,74,109.0,1311.0,51.0,2.0,12.3,83.5,2.0,34.9,37.3
730.884,74,121.0,1311.0,51.0,2.0,12.3,83.5,2.0,34.9,37.3
731.132,74,121.0,1358.0,51.0,2.0,12.3,83.5,2.0,34.9,37.3
731.379,74,121.0,1358.0,53.0,2.0,12.3,83.5,2.0,34.9,37.3
731.627,74,121.0,1358.0,53.0,4.0,12.3,83.5,2.0,34.9,37.3
731.874,74,121.0,1358.0,53.0,4.0,18.72,83.5,2.0,34.9,37.3
732.125,74,121.0,1358.0,53.0,4.0,18.72,83.5,2.0,34.9,37.3
732.369,74,121.0,1358.0,53.0,4.0,18.72,83.5,2.0,34.9,37.3
732.617,74,121.0,1358.0,53.0,4.0,18.72,83.5,2.0,37.6,37.3
732.864,74,121.0,1358.0,53.0,4.0,18.72,83.5,2.0,37.6,38.0
733.114,75,121.0,1358.0,53.0,4.0,18.72,83.5,2.0,37.6,38.0
733.251,75,131.0,1358.0,53.0,4.0,18.72,83.5,2.0,37.6,38.0
733.441,75,131.0,1469.0,53.0,4.0,18.72,83.5,2.0,37.6,38.0
733.608,75,131.0,1469.0,57.0,4.0,18.72,83.5,2.0,37.6,38.0
733.854,75,131.0,1469.0,57.0,4.0,18.72,83.5,2.0,37.6,38.0
734.02,75,131.0,1469.0,57.0,4.0,16.22,83.5,2.0,37.6,38.0
734.191,75,131.0,1469.0,57.0,4.0,16.22,83.5,2.0,37.6,38.0
734.431,75,131.0,1469.0,57.0,4.0,16.22,83.5,2.0,37.6,38.0
734.679,75,131.0,1469.0,57.0,4.0,16.22,83.5,2.0,31.4,38.0
734.931,75,131.0,1469.0,57.0,4.0,16.22,83.5,2.0,31.4,31.8
735.091,75,131.0,1469.0,57.0,4.0,16.22,83.5,2.0,31.4,31.8
735.257,75,114.0,1469.0,57.0,4.0,16.22,83.5,2.0,31.4,31.8
735.504,75,114.0,1516.0,57.0,4.0,16.22,83.5,2.0,31.4,31.8
735.751,75,114.0,1516.0,59.0,4.0,16.22,83.5,2.0,31.4,31.8
735.999,75,114.0,1516.0,59.0,4.0,16.22,83.5,2.0,31.4,31.8
736.168,75,114.0,1516.0,59.0,4.0,13.41,83.5,2.0,31.4,31.8
736.329,75,114.0,1516.0,59.0,4.0,13.41,83.5,2.0,31.4,31.8
736.578,75,114.0,1516.0,59.0,4.0,13.41,83.5,2.0,31.4,31.8
736.829,75,114.0,1516.0,59.0,4.0,13.41,83.5,2.0,27.1,31.8
737.072,75,114.0,1516.0,59.0,4.0,13.41,83.5,2.0,27.1,25.5
737.236,75,114.0,1516.0,59.0,4.0,13.41,83.5,2.0,27.1,25.5
737.485,75,108.0,1516.0,59.0,4.0,13.41,83.5,2.0,27.1,25.5
737.732,75,108.0,1524.0,59.0,4.0,13.41,83.5,2.0,27.1,25.5
737.98,75,108.0,1524.0,59.0,4.0,13.41,83.5,2.0,27.1,25.5
738.149,75,108.0,1524.0,59.0,4.0,13.41,83.5,2.0,27.1,25.5
738.31,75,108.0,1524.0,59.0,4.0,14.41,83.5,2.0,27.1,25.5
738.529,75,108.0,1524.0,59.0,4.0,14.41,83.5,2.0,27.1,25.5
738.639,75,108.0,1524.0,59.0,4.0,14.41,83.5,2.0,27.1,25.5
738.804,75,108.0,1524.0,59.0,4.0,14.41,83.5,2.0,14.1,25.5
739.053,75,108.0,1524.0,59.0,4.0,14.41,83.5,2.0,14.1,14.5
739.191,75,108.0,1524.0,59.0,4.0,14.41,83.5,2.0,14.1,14.5
739.382,75,115.0,1524.0,59.0,4.0,14.41,83.5,2.0,14.1,14.5
739.629,75,115.0,1469.0,59.0,4.0,14.41,83.5,2.0,14.1,14.5
739.769,75,115.0,1469.0,57.0,4.0,14.41,83.5,2.0,14.1,14.5
739.961,75,115.0,1469.0,57.0,4.0,14.41,83.5,2.0,14.1,14.5
740.096,75,115.0,1469.0,57.0,4.0,14.55,83.5,2.0,14.1,14.5
740.288,75,115.0,1469.0,57.0,4.0,14.55,83.5,2.0,14.1,14.5
740.454,75,115.0,1469.0,57.0,4.0,14.55,83.5,2.0,14.1,14.5
740.701,75,115.0,1469.0,57.0,4.0,14.55,83.5,2.0,21.6,14.5
740.953,75,115.0,1469.0,57.0,4.0,14.55,83.5,2.0,21.6,21.6
741.281,75,115.0,1469.0,57.0,4.0,14.55,83.5,2.0,21.6,21.6
741.527,75,116.0,1469.0,57.0,4.0,14.55,83.5,2.0,21.6,21.6
741.775,75,116.0,1431.0,57.0,4.0,14.55,83.5,2.0,21.6,21.6
742.022,75,116.0,1431.0,55.0,4.0,14.55,83.5,2.0,21.6,21.6
742.187,75,116.0,1431.0,55.0,4.0,14.55,83.5,2.0,21.6,21.6
742.351,75,116.0,1431.0,55.0,4.0,13.55,83.5,2.0,21.6,21.6
742.599,75,116.0,1431.0,55.0,4.0,13.55,83.5,2.0,21.6,21.6
742.847,75,116.0,1431.0,55.0,4.0,13.55,83.5,2.0,21.6,21.6
743.098,75,116.0,1431.0,55.0,4.0,13.55,83.5,2.0,22.0,21.6
743.261,75,116.0,1431.0,55.0,4.0,13.55,83.5,2.0,22.0,20.4
743.507,75,116.0,1431.0,55.0,4.0,13.55,83.5,2.0,22.0,20.4
743.754,75,114.0,1431.0,55.0,4.0,13.55,83.5,2.0,22.0,20.4
744.003,75,114.0,1370.0,55.0,4.0,13.55,83.5,2.0,22.0,20.4
744.168,75,114.0,1370.0,53.0,4.0,13.55,83.5,2.0,22.0,20.4
744.387,75,114.0,1370.0,53.0,4.0,13.55,83.5,2.0,22.0,20.4
744.582,75,114.0,1370.0,53.0,4.0,13.02,83.5,2.0,22.0,20.4
744.829,75,114.0,1370.0,53.0,4.0,13.02,83.5,2.0,22.0,20.4
744.991,75,114.0,1370.0,53.0,4.0,13.02,83.5,2.0,22.0,20.4
745.157,75,114.0,1370.0,53.0,4.0,13.02,83.5,2.0,14.1,20.4
745.322,75,114.0,1370.0,53.0,4.0,13.02,83.5,2.0,14.1,14.5
745.57,75,114.0,1370.0,53.0,4.0,13.02,83.5,2.0,14.1,14.5
745.816,75,110.0,1370.0,53.0,4.0,13.02,83.5,2.0,14.1,14.5
746.065,75,110.0,1121.0,53.0,4.0,13.02,83.5,2.0,14.1,14.5
746.233,75,110.0,1121.0,51.0,4.0,13.02,83.5,2.0,14.1,14.5
746.367,75,110.0,1121.0,51.0,2.0,13.02,83.5,2.0,14.1,14.5
746.559,75,110.0,1121.0,51.0,2.0,14.02,83.5,2.0,14.1,14.5
746.728,75,110.0,1121.0,51.0,2.0,14.02,83.5,2.0,14.1,14.5
746.972,75,110.0,1121.0,51.0,2.0,14.02,83.5,2.0,14.1,14.5
747.301,75,110.0,1121.0,51.0,2.0,14.02,83.5,2.0,14.1,14.5
747.549,75,110.0,1121.0,51.0,2.0,14.02,83.5,2.0,14.1,14.5
747.797,75,110.0,1121.0,51.0,2.0,14.02,83.5,2.0,14.1,14.5
748.052,75,117.0,1121.0,51.0,2.0,14.02,83.5,2.0,14.1,14.5
748.208,75,117.0,1672.0,51.0,2.0,14.02,83.5,2.0,14.1,14.5
748.374,75,117.0,1672.0,45.0,2.0,14.02,83.5,2.0,14.1,14.5
748.622,75,117.0,1672.0,45.0,5.0,14.02,83.5,2.0,14.1,14.5
748.869,75,117.0,1672.0,45.0,5.0,15.63,83.5,2.0,14.1,14.5
749.008,75,117.0,1672.0,45.0,5.0,15.63,83.5,2.0,14.1,14.5
749.282,75,117.0,1672.0,45.0,5.0,15.63,83.5,2.0,14.1,14.5
749.447,75,117.0,1672.0,45.0,5.0,15.63,83.5,2.0,14.1,14.5
749.694,75,117.0,1672.0,45.0,5.0,15.63,83.5,2.0,14.1,14.5
749.831,75,117.0,1672.0,45.0,5.0,15.63,83.5,2.0,14.1,14.5
750.024,75,115.0,1672.0,45.0,5.0,15.63,83.5,2.0,14.1,14.5
750.244,75,115.0,1424.0,45.0,5.0,15.63,83.5,2.0,14.1,14.5
750.354,75,115.0,1424.0,37.0,5.0,15.63,83.5,2.0,14.1,14.5
750.518,75,115.0,1424.0,37.0,4.0,15.63,83.5,2.0,14.1,14.5
750.768,75,115.0,1424.0,37.0,4.0,12.55,83.5,2.0,14.1,14.5
751.015,75,115.0,1424.0,37.0,4.0,12.55,83.5,2.0,14.1,14.5
751.152,75,115.0,1424.0,37.0,4.0,12.55,83.5,2.0,14.1,14.5
751.316,75,115.0,1424.0,37.0,4.0,12.55,83.5,2.0,14.1,14.5
751.509,75,115.0,1424.0,37.0,4.0,12.55,83.5,2.0,14.1,14.1
751.756,75,115.0,1424.0,37.0,4.0,12.55,83.5,2.0,14.1,14.1
752.004,75,109.0,1424.0,37.0,4.0,12.55,83.5,2.0,14.1,14.1
752.17,75,109.0,1035.0,37.0,4.0,12.55,83.5,2.0,14.1,14.1
752.333,75,109.0,1035.0,26.0,4.0,12.55,83.5,2.0,14.1,14.1
752.581,75,109.0,1035.0,26.0,1.0,12.55,83.5,2.0,14.1,14.1
752.829,75,109.0,1035.0,26.0,1.0,9.19,83.5,2.0,14.1,14.1
753.076,75,109.0,1035.0,26.0,1.0,9.19,83.5,2.0,14.1,14.1
753.242,75,109.0,1035.0,26.0,1.0,9.19,83.5,2.0,14.1,14.1
753.406,75,109.0,1035.0,26.0,1.0,9.19,83.5,2.0,14.1,14.1
753.626,75,109.0,1035.0,26.0,1.0,9.19,83.5,2.0,14.1,14.5
753.737,75,109.0,1035.0,26.0,1.0,9.19,83.5,2.0,14.1,14.5
753.906,75,108.0,1035.0,26.0,1.0,9.19,83.5,2.0,14.1,14.5
754.231,75,108.0,1038.0,26.0,1.0,9.19,83.5,2.0,14.1,14.5
754.479,75,108.0,1038.0,7.0,1.0,9.19,83.5,2.0,14.1,14.5
754.726,75,108.0,1038.0,7.0,2.0,9.19,83.5,2.0,14.1,14.5
754.974,75,108.0,1038.0,7.0,2.0,9.33,83.5,2.0,14.1,14.5
755.194,75,108.0,1038.0,7.0,2.0,9.33,83.5,2.0,14.1,14.5
755.359,75,108.0,1038.0,7.0,2.0,9.33,83.5,2.0,14.1,14.5
755.551,75,108.0,1038.0,7.0,2.0,9.33,83.5,2.0,14.1,14.5
755.799,75,108.0,1038.0,7.0,2.0,9.33,83.5,2.0,14.1,14.1
756.047,75,108.0,1038.0,7.0,2.0,9.33,83.5,2.0,14.1,14.1
756.211,75,108.0,1038.0,7.0,2.0,9.33,83.5,2.0,14.1,14.1
756.377,75,108.0,1039.0,7.0,2.0,9.33,83.5,2.0,14.1,14.1
756.623,75,108.0,1039.0,0.0,2.0,9.33,83.5,2.0,14.1,14.1
756.871,75,108.0,1039.0,0.0,2.0,9.33,83.5,2.0,14.1,14.1
757.206,75,108.0,1039.0,0.0,2.0,9.41,83.5,2.0,14.1,14.1
757.368,75,108.0,1039.0,0.0,2.0,9.41,83.5,2.0,14.1,14.1
757.505,75,108.0,1039.0,0.0,2.0,9.41,83.5,2.0,14.1,14.1
757.669,75,108.0,1039.0,0.0,2.0,9.41,83.5,2.0,14.1,14.1
757.861,75,108.0,1039.0,0.0,2.0,9.41,83.5,2.0,14.1,14.5
758.109,75,108.0,1039.0,0.0,2.0,9.41,83.5,2.0,14.1,14.5
758.273,75,108.0,1039.0,0.0,2.0,9.41,83.5,2.0,14.1,14.5
758.439,75,108.0,1039.0,0.0,2.0,9.41,83.5,2.0,14.1,14.5
758.686,75,108.0,1039.0,0.0,2.0,9.41,83.5,2.0,14.1,14.5
758.824,75,108.0,1039.0,0.0,2.0,9.41,83.5,2.0,14.1,14.5
759.016,75,108.0,1039.0,0.0,2.0,9.41,83.5,2.0,14.1,14.5
759.27,75,108.0,1039.0,0.0,2.0,9.41,83.5,2.0,14.1,14.5
759.401,75,108.0,1039.0,0.0,2.0,9.41,83.5,2.0,14.1,14.5
759.594,75,108.0,1039.0,0.0,2.0,9.41,83.5,2.0,14.1,14.5
759.758,75,108.0,1039.0,0.0,2.0,9.41,83.5,2.0,14.1,14.1
760.006,75,108.0,1039.0,0.0,2.0,9.41,83.5,2.0,14.1,14.1
760.173,75,108.0,1039.0,0.0,2.0,9.41,83.5,2.0,14.1,14.1
760.336,75,108.0,1042.0,0.0,2.0,9.41,83.5,2.0,14.1,14.1
760.502,75,108.0,1042.0,0.0,2.0,9.41,83.5,2.0,14.1,14.1
760.749,75,108.0,1042.0,0.0,3.0,9.41,83.5,2.0,14.1,14.1
760.996,75,108.0,1042.0,0.0,3.0,9.3,83.5,2.0,14.1,14.1
761.164,75,108.0,1042.0,0.0,3.0,9.3,83.5,2.0,14.1,14.1
761.329,75,108.0,1042.0,0.0,3.0,9.3,83.5,2.0,14.1,14.1
761.575,75,108.0,1042.0,0.0,3.0,9.3,83.5,2.0,23.1,14.1
761.823,75,108.0,1042.0,0.0,3.0,9.3,83.5,2.0,23.1,23.1
762.071,75,108.0,1042.0,0.0,3.0,9.3,83.5,2.0,23.1,23.1
762.235,75,112.0,1042.0,0.0,3.0,9.3,83.5,2.0,23.1,23.1
762.399,75,112.0,1117.0,0.0,3.0,9.3,83.5,2.0,23.1,23.1
762.646,75,112.0,1117.0,6.0,3.0,9.3,83.5,2.0,23.1,23.1
762.896,75,112.0,1117.0,6.0,6.0,9.3,83.5,2.0,23.1,23.1
763.227,75,112.0,1117.0,6.0,6.0,15.63,83.5,2.0,23.1,23.1
763.361,75,112.0,1117.0,6.0,6.0,15.63,83.5,2.0,23.1,23.1
763.554,75,112.0,1117.0,6.0,6.0,15.63,83.5,2.0,23.1,23.1
763.802,75,112.0,1117.0,6.0,6.0,15.63,83.5,2.0,34.9,23.1
764.049,75,112.0,1117.0,6.0,6.0,15.63,83.5,2.0,34.9,35.3
764.378,75,112.0,1117.0,6.0,6.0,15.63,83.5,2.0,34.9,35.3
764.626,75,122.0,1117.0,6.0,6.0,15.63,83.5,2.0,34.9,35.3
764.792,75,122.0,1588.0,6.0,6.0,15.63,83.5,2.0,34.9,35.3
764.93,75,122.0,1588.0,17.0,6.0,15.63,83.5,2.0,34.9,35.3
765.207,75,122.0,1588.0,17.0,7.0,15.63,83.5,2.0,34.9,35.3
765.368,75,122.0,1588.0,17.0,7.0,7.86,83.5,2.0,34.9,35.3
765.616,75,122.0,1588.0,17.0,7.0,7.86,83.5,2.0,34.9,35.3
765.864,75,122.0,1588.0,17.0,7.0,7.86,83.5,2.0,34.9,35.3
766.114,75,122.0,1588.0,17.0,7.0,7.86,83.5,2.0,23.1,35.3
766.331,75,122.0,1588.0,17.0,7.0,7.86,83.5,2.0,23.1,23.5
766.524,75,122.0,1588.0,17.0,7.0,7.86,83.5,2.0,23.1,23.5
766.771,75,113.0,1588.0,17.0,7.0,7.86,83.5,2.0,23.1,23.5
767.019,75,113.0,1117.0,17.0,7.0,7.86,83.5,2.0,23.1,23.5
767.19,75,113.0,1117.0,19.0,7.0,7.86,83.5,2.0,23.1,23.5
767.349,75,113.0,1117.0,19.0,3.0,7.86,83.5,2.0,23.1,23.5
767.596,75,113.0,1117.0,19.0,3.0,12.94,83.5,2.0,23.1,23.5
767.844,75,113.0,1117.0,19.0,3.0,12.94,83.5,2.0,23.1,23.5
768.092,75,113.0,1117.0,19.0,3.0,12.94,83.5,2.0,23.1,23.5
768.26,75,113.0,1117.0,19.0,3.0,12.94,83.5,2.0,37.3,23.5
768.421,75,113.0,1117.0,19.0,3.0,12.94,83.5,2.0,37.3,38.8
768.668,75,113.0,1117.0,19.0,3.0,12.94,83.5,2.0,37.3,38.8
768.916,75,123.0,1117.0,19.0,3.0,12.94,83.5,2.0,37.3,38.8
769.219,75,123.0,1379.0,19.0,3.0,12.94,83.5,2.0,37.3,38.8
769.329,75,123.0,1379.0,24.0,3.0,12.94,83.5,2.0,37.3,38.8
769.467,75,123.0,1379.0,24.0,6.0,12.94,83.5,2.0,37.3,38.8
769.658,75,123.0,1379.0,24.0,6.0,25.36,83.5,2.0,37.3,38.8
769.826,75,123.0,1379.0,24.0,6.0,25.36,83.5,2.0,37.3,38.8
770.071,75,123.0,1379.0,24.0,6.0,25.36,83.5,2.0,37.3,38.8
770.237,75,123.0,1379.0,24.0,6.0,25.36,83.5,2.0,42.7,38.8
770.402,75,123.0,1379.0,24.0,6.0,25.36,83.5,2.0,42.7,42.7
770.648,75,123.0,1379.0,24.0,6.0,25.36,83.5,2.0,42.7,42.7
770.896,75,150.0,1379.0,24.0,6.0,25.36,83.5,2.0,42.7,42.7
771.146,75,150.0,1825.0,24.0,6.0,25.36,83.5,2.0,42.7,42.7
771.311,75,150.0,1825.0,32.0,6.0,25.36,83.5,2.0,42.7,42.7
771.473,75,150.0,1825.0,32.0,8.0,25.36,83.5,2.0,42.7,42.7
771.611,75,150.0,1825.0,32.0,8.0,22.8,83.5,2.0,42.7,42.7
771.807,75,150.0,1825.0,32.0,8.0,22.8,83.5,2.0,42.7,42.7
771.971,75,150.0,1825.0,32.0,8.0,22.8,83.5,2.0,42.7,42.7
772.272,75,150.0,1825.0,32.0,8.0,22.8,83.5,2.0,34.5,42.7
772.381,75,150.0,1825.0,32.0,8.0,22.8,83.5,2.0,34.5,34.9
772.519,75,150.0,1825.0,32.0,8.0,22.8,83.5,2.0,34.5,34.9
772.711,75,121.0,1825.0,32.0,8.0,22.8,83.5,2.0,34.5,34.9
772.88,75,121.0,1892.0,32.0,8.0,22.8,83.5,2.0,34.5,34.9
773.097,75,121.0,1892.0,33.0,8.0,22.8,83.5,2.0,34.5,34.9
773.206,75,121.0,1892.0,33.0,6.0,22.8,83.5,2.0,34.5,34.9
773.344,75,121.0,1892.0,33.0,6.0,21.88,83.5,2.0,34.5,34.9
773.536,75,121.0,1892.0,33.0,6.0,21.88,83.5,2.0,34.5,34.9
773.702,75,121.0,1892.0,33.0,6.0,21.88,83.5,2.0,34.5,34.9
773.949,75,121.0,1892.0,33.0,6.0,21.88,83.5,2.0,35.7,34.9
774.196,75,121.0,1892.0,33.0,6.0,21.88,83.5,2.0,35.7,35.7
774.416,75,121.0,1892.0,33.0,6.0,21.88,83.5,2.0,35.7,35.7
774.527,75,127.0,1892.0,33.0,6.0,21.88,83.5,2.0,35.7,35.7
774.691,75,127.0,1892.0,33.0,6.0,21.88,83.5,2.0,35.7,35.7
774.939,75,127.0,1892.0,32.0,6.0,21.88,83.5,2.0,35.7,35.7
775.271,75,127.0,1892.0,32.0,6.0,21.88,83.5,2.0,35.7,35.7
775.489,75,127.0,1892.0,32.0,6.0,21.55,83.5,2.0,35.7,35.7
775.653,75,127.0,1892.0,32.0,6.0,21.55,83.5,2.0,35.7,35.7
775.846,75,127.0,1892.0,32.0,6.0,21.55,83.5,2.0,35.7,35.7
776.095,75,127.0,1892.0,32.0,6.0,21.55,83.5,2.0,34.9,35.7
776.424,75,127.0,1892.0,32.0,6.0,21.55,83.5,2.0,34.9,35.7
776.671,75,127.0,1892.0,32.0,6.0,21.55,83.5,2.0,34.9,35.7
776.918,75,125.0,1892.0,32.0,6.0,21.55,83.5,2.0,34.9,35.7
777.166,75,125.0,1891.0,32.0,6.0,21.55,83.5,2.0,34.9,35.7
777.331,75,125.0,1891.0,33.0,6.0,21.55,83.5,2.0,34.9,35.7
777.496,75,125.0,1891.0,33.0,6.0,21.55,83.5,2.0,34.9,35.7
777.746,75,125.0,1891.0,33.0,6.0,27.38,83.5,2.0,34.9,35.7
777.991,75,125.0,1891.0,33.0,6.0,27.38,83.5,2.0,34.9,35.7
778.297,75,125.0,1891.0,33.0,6.0,27.38,83.5,2.0,34.9,35.7
778.486,75,125.0,1891.0,33.0,6.0,27.38,83.5,2.0,46.7,35.7
778.651,75,125.0,1891.0,33.0,6.0,27.38,83.5,2.0,46.7,48.2
778.898,76,125.0,1891.0,33.0,6.0,27.38,83.5,2.0,46.7,48.2
779.146,76,191.0,1891.0,33.0,6.0,27.38,83.5,2.0,46.7,48.2
779.311,76,191.0,2318.0,33.0,6.0,27.38,83.5,2.0,46.7,48.2
779.476,76,191.0,2318.0,40.0,6.0,27.38,83.5,2.0,46.7,48.2
779.723,76,191.0,2318.0,40.0,10.0,27.38,83.5,2.0,46.7,48.2
779.971,76,191.0,2318.0,40.0,10.0,41.8,83.5,2.0,46.7,48.2
780.22,76,191.0,2318.0,40.0,10.0,41.8,31.0,2.0,46.7,48.2
780.385,76,191.0,2318.0,40.0,10.0,41.8,31.0,2.0,46.7,48.2
780.52,76,191.0,2318.0,40.0,10.0,41.8,31.0,2.0,40.0,48.2
780.712,76,191.0,2318.0,40.0,10.0,41.8,31.0,2.0,40.0,46.3
780.963,76,191.0,2318.0,40.0,10.0,41.8,31.0,2.0,40.0,46.3
781.291,76,130.0,2318.0,40.0,10.0,41.8,31.0,2.0,40.0,46.3
781.456,76,130.0,1655.0,40.0,10.0,41.8,31.0,2.0,40.0,46.3
781.622,76,130.0,1655.0,45.0,10.0,41.8,31.0,2.0,40.0,46.3
781.869,76,130.0,1655.0,45.0,7.0,41.8,31.0,2.0,40.0,46.3
782.116,76,130.0,1655.0,45.0,7.0,62.44,31.0,2.0,40.0,46.3
782.446,76,130.0,1655.0,45.0,7.0,62.44,83.5,2.0,40.0,46.3
782.695,76,130.0,1655.0,45.0,7.0,62.44,83.5,2.0,40.0,46.3
782.943,76,130.0,1655.0,45.0,7.0,62.44,83.5,2.0,50.6,46.3
783.19,76,130.0,1655.0,45.0,7.0,62.44,83.5,2.0,50.6,44.7
783.436,76,130.0,1655.0,45.0,7.0,62.44,83.5,2.0,50.6,44.7
783.685,76,116.0,1655.0,45.0,7.0,62.44,83.5,2.0,50.6,44.7
783.932,76,116.0,1550.0,45.0,7.0,62.44,83.5,2.0,50.6,44.7
784.179,76,116.0,1550.0,53.0,7.0,62.44,83.5,2.0,50.6,44.7
784.343,76,116.0,1550.0,53.0,5.0,62.44,83.5,2.0,50.6,44.7
784.591,76,116.0,1550.0,53.0,5.0,27.22,83.5,2.0,50.6,44.7
784.729,76,116.0,1550.0,53.0,5.0,27.22,83.5,2.0,50.6,44.7
784.921,76,116.0,1550.0,53.0,5.0,27.22,83.5,2.0,50.6,44.7
785.169,76,116.0,1550.0,53.0,5.0,27.22,83.5,2.0,46.7,44.7
785.333,76,116.0,1550.0,53.0,5.0,27.22,83.5,2.0,46.7,43.9
785.499,76,116.0,1550.0,53.0,5.0,27.22,83.5,2.0,46.7,43.9
785.746,76,149.0,1550.0,53.0,5.0,27.22,83.5,2.0,46.7,43.9
785.994,76,149.0,1425.0,53.0,5.0,27.22,83.5,2.0,46.7,43.9
786.323,76,149.0,1425.0,55.0,5.0,27.22,83.5,2.0,46.7,43.9
786.583,76,149.0,1425.0,55.0,4.0,27.22,83.5,2.0,46.7,43.9
786.818,76,149.0,1425.0,55.0,4.0,20.63,83.5,2.0,46.7,43.9
787.069,76,149.0,1425.0,55.0,4.0,20.63,83.5,2.0,46.7,43.9
787.233,76,149.0,1425.0,55.0,4.0,20.63,83.5,2.0,46.7,43.9
787.368,76,149.0,1425.0,55.0,4.0,20.63,83.5,2.0,36.9,43.9
787.533,76,149.0,1425.0,55.0,4.0,20.63,83.5,2.0,36.9,37.3
787.646,76,149.0,1425.0,55.0,4.0,20.63,83.5,2.0,36.9,37.3
787.808,76,128.0,1425.0,55.0,4.0,20.63,83.5,2.0,36.9,37.3
788.056,76,128.0,1413.0,55.0,4.0,20.63,83.5,2.0,36.9,37.3
788.225,76,128.0,1413.0,55.0,4.0,20.63,83.5,2.0,36.9,37.3
788.386,76,128.0,1413.0,55.0,3.0,20.63,83.5,2.0,36.9,37.3
788.633,76,128.0,1413.0,55.0,3.0,16.88,83.5,2.0,36.9,37.3
788.881,76,128.0,1413.0,55.0,3.0,16.88,83.5,2.0,36.9,37.3
789.129,76,128.0,1413.0,55.0,3.0,16.88,83.5,2.0,36.9,37.3
789.293,76,128.0,1413.0,55.0,3.0,16.88,83.5,2.0,42.4,37.3
789.459,76,128.0,1413.0,55.0,3.0,16.88,83.5,2.0,42.4,43.1
789.596,76,128.0,1413.0,55.0,3.0,16.88,83.5,2.0,42.4,43.1
789.788,76,143.0,1413.0,55.0,3.0,16.88,83.5,2.0,42.4,43.1
789.954,76,143.0,1401.0,55.0,3.0,16.88,83.5,2.0,42.4,43.1
790.205,76,143.0,1401.0,55.0,3.0,16.88,83.5,2.0,42.4,43.1
790.366,76,143.0,1401.0,55.0,4.0,16.88,83.5,2.0,42.4,43.1
790.531,76,143.0,1401.0,55.0,4.0,23.44,83.5,2.0,42.4,43.1
790.695,76,143.0,1401.0,55.0,4.0,23.44,83.5,2.0,42.4,43.1
790.864,76,143.0,1401.0,55.0,4.0,23.44,83.5,2.0,42.4,43.1
791.108,76,143.0,1401.0,55.0,4.0,23.44,83.5,2.0,42.0,43.1
791.274,76,143.0,1401.0,55.0,4.0,23.44,83.5,2.0,42.0,42.4
791.439,77,143.0,1401.0,55.0,4.0,23.44,83.5,2.0,42.0,42.4
791.69,77,144.0,1401.0,55.0,4.0,23.44,83.5,2.0,42.0,42.4
791.936,77,144.0,1406.0,55.0,4.0,23.44,83.5,2.0,42.0,42.4
792.185,77,144.0,1406.0,55.0,4.0,23.44,83.5,2.0,42.0,42.4
792.346,77,144.0,1406.0,55.0,4.0,23.44,83.5,2.0,42.0,42.4
792.511,77,144.0,1406.0,55.0,4.0,18.72,83.5,2.0,42.0,42.4
792.758,77,144.0,1406.0,55.0,4.0,18.72,83.5,2.0,42.0,42.4
793.006,77,144.0,1406.0,55.0,4.0,18.72,83.5,2.0,42.0,42.4
793.336,77,144.0,1406.0,55.0,4.0,18.72,83.5,2.0,40.0,42.4
793.474,77,144.0,1406.0,55.0,4.0,18.72,83.5,2.0,40.0,40.8
793.666,77,144.0,1406.0,55.0,4.0,18.72,83.5,2.0,40.0,40.8
793.914,77,135.0,1406.0,55.0,4.0,18.72,83.5,2.0,40.0,40.8
794.164,77,135.0,1389.0,55.0,4.0,18.72,83.5,2.0,40.0,40.8
794.326,77,135.0,1389.0,54.0,4.0,18.72,83.5,2.0,40.0,40.8
794.463,77,135.0,1389.0,54.0,4.0,18.72,83.5,2.0,40.0,40.8
794.656,77,135.0,1389.0,54.0,4.0,25.74,83.5,2.0,40.0,40.8
794.821,77,135.0,1389.0,54.0,4.0,25.74,83.5,2.0,40.0,40.8
795.069,77,135.0,1389.0,54.0,4.0,25.74,83.5,2.0,40.0,40.8
795.371,77,135.0,1389.0,54.0,4.0,25.74,83.5,2.0,44.7,40.8
795.536,77,135.0,1389.0,54.0,4.0,25.74,83.5,2.0,44.7,45.1
795.729,77,135.0,1389.0,54.0,4.0,25.74,83.5,2.0,44.7,45.1
795.894,77,163.0,1389.0,54.0,4.0,25.74,83.5,2.0,44.7,45.1
796.033,77,163.0,1419.0,54.0,4.0,25.74,83.5,2.0,44.7,45.1
796.224,77,163.0,1419.0,55.0,4.0,25.74,83.5,2.0,44.7,45.1
796.361,77,163.0,1419.0,55.0,6.0,25.74,83.5,2.0,44.7,45.1
796.553,77,163.0,1419.0,55.0,6.0,26.94,83.5,2.0,44.7,45.1
796.691,77,163.0,1419.0,55.0,6.0,26.94,83.5,2.0,44.7,45.1
796.883,77,163.0,1419.0,55.0,6.0,26.94,83.5,2.0,44.7,45.1
797.049,77,163.0,1419.0,55.0,6.0,26.94,83.5,2.0,44.7,45.1
797.35,77,163.0,1419.0,55.0,6.0,26.94,83.5,2.0,44.7,45.1
797.462,77,163.0,1419.0,55.0,6.0,26.94,83.5,2.0,44.7,45.1
797.628,77,158.0,1419.0,55.0,6.0,26.94,83.5,2.0,44.7,45.1
797.873,77,158.0,1438.0,55.0,6.0,26.94,83.5,2.0,44.7,45.1
798.093,77,158.0,1438.0,56.0,6.0,26.94,83.5,2.0,44.7,45.1
798.258,77,158.0,1438.0,56.0,5.0,26.94,83.5,2.0,44.7,45.1
798.423,77,158.0,1438.0,56.0,5.0,26.91,83.5,2.0,44.7,45.1
798.616,77,158.0,1438.0,56.0,5.0,26.91,83.5,2.0,44.7,45.1
798.782,77,158.0,1438.0,56.0,5.0,26.91,83.5,2.0,44.7,45.1
799.028,77,158.0,1438.0,56.0,5.0,26.91,83.5,2.0,44.3,45.1
799.276,77,158.0,1438.0,56.0,5.0,26.91,83.5,2.0,44.3,45.1
799.442,77,158.0,1438.0,56.0,5.0,26.91,83.5,2.0,44.3,45.1
799.611,77,158.0,1438.0,56.0,5.0,26.91,83.5,2.0,44.3,45.1
799.773,77,158.0,1461.0,56.0,5.0,26.91,83.5,2.0,44.3,45.1
799.909,77,158.0,1461.0,57.0,5.0,26.91,83.5,2.0,44.3,45.1
800.103,77,158.0,1461.0,57.0,5.0,26.91,83.5,2.0,44.3,45.1
800.266,77,158.0,1461.0,57.0,5.0,28.08,83.5,2.0,44.3,45.1
800.403,77,158.0,1461.0,57.0,5.0,28.08,83.5,2.0,44.3,45.1
800.596,77,158.0,1461.0,57.0,5.0,28.08,83.5,2.0,44.3,45.1
800.733,77,158.0,1461.0,57.0,5.0,28.08,83.5,2.0,44.7,45.1
800.926,77,158.0,1461.0,57.0,5.0,28.08,83.5,2.0,44.7,45.5
801.092,78,158.0,1461.0,57.0,5.0,28.08,83.5,2.0,44.7,45.5
801.421,78,162.0,1461.0,57.0,5.0,28.08,83.5,2.0,44.7,45.5
801.558,78,162.0,1474.0,57.0,5.0,28.08,83.5,2.0,44.7,45.5
801.75,78,162.0,1474.0,57.0,5.0,28.08,83.5,2.0,44.7,45.5
801.917,78,162.0,1474.0,57.0,5.0,28.08,83.5,2.0,44.7,45.5
802.135,78,162.0,1474.0,57.0,5.0,26.55,83.5,2.0,44.7,45.5
802.246,78,162.0,1474.0,57.0,5.0,26.55,83.5,2.0,44.7,45.5
802.383,78,162.0,1474.0,57.0,5.0,26.55,83.5,2.0,44.7,45.5
802.579,78,162.0,1474.0,57.0,5.0,26.55,83.5,2.0,42.4,45.5
802.742,78,162.0,1474.0,57.0,5.0,26.55,83.5,2.0,42.4,40.0
802.907,78,162.0,1474.0,57.0,5.0,26.55,83.5,2.0,42.4,40.0
803.154,78,135.0,1474.0,57.0,5.0,26.55,83.5,2.0,42.4,40.0
803.318,78,135.0,1458.0,57.0,5.0,26.55,83.5,2.0,42.4,40.0
803.456,78,135.0,1458.0,57.0,5.0,26.55,83.5,2.0,42.4,40.0
803.648,78,135.0,1458.0,57.0,3.0,26.55,83.5,2.0,42.4,40.0
803.813,78,135.0,1458.0,57.0,3.0,16.49,83.5,2.0,42.4,40.0
804.063,78,135.0,1458.0,57.0,3.0,16.49,83.5,2.0,42.4,40.0
804.391,78,135.0,1458.0,57.0,3.0,16.49,83.5,1.0,42.4,40.0
804.693,78,135.0,1458.0,57.0,3.0,16.49,83.5,1.0,30.6,40.0
804.861,78,135.0,1458.0,57.0,3.0,16.49,83.5,1.0,30.6,31.0
805.051,78,135.0,1458.0,57.0,3.0,16.49,83.5,1.0,30.6,31.0
805.298,78,111.0,1458.0,57.0,3.0,16.49,83.5,1.0,30.6,31.0
805.465,78,111.0,1376.0,57.0,3.0,16.49,83.5,1.0,30.6,31.0
805.71,78,111.0,1376.0,53.0,3.0,16.49,83.5,1.0,30.6,31.0
805.876,78,111.0,1376.0,53.0,2.0,16.49,83.5,1.0,30.6,31.0
806.044,78,111.0,1376.0,53.0,2.0,15.13,83.5,1.0,30.6,31.0
806.288,78,111.0,1376.0,53.0,2.0,15.13,83.5,1.0,30.6,31.0
806.453,78,111.0,1376.0,53.0,2.0,15.13,83.5,1.0,30.6,31.0
806.701,78,111.0,1376.0,53.0,2.0,15.13,83.5,1.0,39.6,31.0
806.949,78,111.0,1376.0,53.0,2.0,15.13,83.5,1.0,39.6,42.4
807.196,78,111.0,1376.0,53.0,2.0,15.13,83.5,1.0,39.6,42.4
807.446,78,138.0,1376.0,53.0,2.0,15.13,83.5,1.0,39.6,42.4
807.609,78,138.0,1348.0,53.0,2.0,15.13,83.5,1.0,39.6,42.4
807.856,78,138.0,1348.0,52.0,2.0,15.13,83.5,1.0,39.6,42.4
808.105,78,138.0,1348.0,52.0,5.0,15.13,83.5,1.0,39.6,42.4
808.433,78,138.0,1348.0,52.0,5.0,22.08,83.5,1.0,39.6,42.4
808.682,78,138.0,1348.0,52.0,5.0,22.08,83.5,1.0,39.6,42.4
808.929,78,138.0,1348.0,52.0,5.0,22.08,83.5,1.0,39.6,42.4
809.178,78,138.0,1348.0,52.0,5.0,22.08,83.5,1.0,37.3,42.4
809.343,78,138.0,1348.0,52.0,5.0,22.08,83.5,1.0,37.3,14.1
809.505,79,138.0,1348.0,52.0,5.0,22.08,83.5,1.0,37.3,14.1
809.753,79,113.0,1348.0,52.0,5.0,22.08,83.5,1.0,37.3,14.1
810.002,79,113.0,1073.0,52.0,5.0,22.08,83.5,1.0,37.3,14.1
810.248,79,113.0,1073.0,50.0,5.0,22.08,83.5,1.0,37.3,14.1
810.579,79,113.0,1073.0,50.0,4.0,22.08,83.5,1.0,37.3,14.1
810.825,79,113.0,1073.0,50.0,4.0,17.13,83.5,1.0,37.3,14.1
811.078,79,113.0,1073.0,50.0,4.0,17.13,83.5,1.0,37.3,14.1
811.324,79,113.0,1073.0,50.0,4.0,17.13,83.5,1.0,37.3,14.1
811.458,79,113.0,1073.0,50.0,4.0,17.13,83.5,1.0,31.8,14.1
811.651,79,113.0,1073.0,50.0,4.0,17.13,83.5,1.0,31.8,34.1
811.789,79,113.0,1073.0,50.0,4.0,17.13,83.5,1.0,31.8,34.1
811.982,79,128.0,1073.0,50.0,4.0,17.13,83.5,1.0,31.8,34.1
812.25,79,128.0,1729.0,50.0,4.0,17.13,83.5,1.0,31.8,34.1
812.475,79,128.0,1729.0,46.0,4.0,17.13,83.5,1.0,31.8,34.1
812.723,79,128.0,1729.0,46.0,4.0,17.13,83.5,1.0,31.8,34.1
812.971,79,128.0,1729.0,46.0,4.0,18.19,83.5,1.0,31.8,34.1
813.219,79,128.0,1729.0,46.0,4.0,18.19,83.5,1.0,31.8,34.1
813.466,79,128.0,1729.0,46.0,4.0,18.19,83.5,1.0,31.8,34.1
813.631,79,128.0,1729.0,46.0,4.0,18.19,83.5,1.0,14.1,34.1
813.88,79,128.0,1729.0,46.0,4.0,18.19,83.5,1.0,14.1,14.5
814.126,79,128.0,1729.0,46.0,4.0,18.19,83.5,1.0,14.1,14.5
814.456,79,118.0,1729.0,46.0,4.0,18.19,83.5,1.0,14.1,14.5
814.703,79,118.0,1575.0,46.0,4.0,18.19,83.5,1.0,14.1,14.5
814.868,79,118.0,1575.0,42.0,4.0,18.19,83.5,1.0,14.1,14.5
815.034,79,118.0,1575.0,42.0,4.0,18.19,83.5,1.0,14.1,14.5
815.253,79,118.0,1575.0,42.0,4.0,15.33,83.5,1.0,14.1,14.5
815.446,79,118.0,1575.0,42.0,4.0,15.33,83.5,1.0,14.1,14.5
815.693,79,118.0,1575.0,42.0,4.0,15.33,83.5,1.0,14.1,14.5
815.942,79,118.0,1575.0,42.0,4.0,15.33,83.5,1.0,14.1,14.5
816.189,79,118.0,1575.0,42.0,4.0,15.33,83.5,1.0,14.1,15.7
816.436,79,118.0,1575.0,42.0,4.0,15.33,83.5,1.0,14.1,15.7
816.601,79,116.0,1575.0,42.0,4.0,15.33,83.5,1.0,14.1,15.7
816.738,79,116.0,1424.0,42.0,4.0,15.33,83.5,1.0,14.1,15.7
816.931,79,116.0,1424.0,38.0,4.0,15.33,83.5,1.0,14.1,15.7
817.099,79,116.0,1424.0,38.0,3.0,15.33,83.5,1.0,14.1,15.7
817.343,79,116.0,1424.0,38.0,3.0,13.05,83.5,1.0,14.1,15.7
817.507,79,116.0,1424.0,38.0,3.0,13.05,83.5,1.0,14.1,15.7
817.645,79,116.0,1424.0,38.0,3.0,13.05,83.5,1.0,14.1,15.7
817.837,79,116.0,1424.0,38.0,3.0,13.05,83.5,1.0,14.1,15.7
817.975,79,116.0,1424.0,38.0,3.0,13.05,83.5,1.0,14.1,14.5
818.168,80,116.0,1424.0,38.0,3.0,13.05,83.5,1.0,14.1,14.5
818.333,80,111.0,1424.0,38.0,3.0,13.05,83.5,1.0,14.1,14.5
818.5,80,111.0,1332.0,38.0,3.0,13.05,83.5,1.0,14.1,14.5
818.667,80,111.0,1332.0,36.0,3.0,13.05,83.5,1.0,14.1,14.5
818.912,80,111.0,1332.0,36.0,3.0,13.05,83.5,1.0,14.1,14.5
819.166,80,111.0,1332.0,36.0,3.0,11.99,83.5,1.0,14.1,14.5
819.46,80,111.0,1332.0,36.0,3.0,11.99,83.5,1.0,14.1,14.5
819.581,80,111.0,1332.0,36.0,3.0,11.99,83.5,1.0,14.1,14.5
819.736,80,111.0,1332.0,36.0,3.0,11.99,83.5,1.0,37.3,14.5
819.984,80,111.0,1332.0,36.0,3.0,11.99,83.5,1.0,37.3,37.6
820.232,80,111.0,1332.0,36.0,3.0,11.99,83.5,1.0,37.3,37.6
820.396,80,122.0,1332.0,36.0,3.0,11.99,83.5,1.0,37.3,37.6
820.533,80,122.0,1397.0,36.0,3.0,11.99,83.5,1.0,37.3,37.6
820.726,80,122.0,1397.0,37.0,3.0,11.99,83.5,1.0,37.3,37.6
820.891,80,122.0,1397.0,37.0,4.0,11.99,83.5,1.0,37.3,37.6
821.055,80,122.0,1397.0,37.0,4.0,21.24,83.5,1.0,37.3,37.6
821.224,80,122.0,1397.0,37.0,4.0,21.24,83.5,1.0,37.3,37.6
821.468,80,122.0,1397.0,37.0,4.0,21.24,83.5,1.0,37.3,37.6
821.717,80,122.0,1397.0,37.0,4.0,21.24,83.5,1.0,45.9,37.6
821.966,80,122.0,1397.0,37.0,4.0,21.24,83.5,1.0,45.9,46.3
822.211,80,122.0,1397.0,37.0,4.0,21.24,83.5,1.0,45.9,46.3
822.376,80,160.0,1397.0,37.0,4.0,21.24,83.5,1.0,45.9,46.3
822.513,80,160.0,1537.0,37.0,4.0,21.24,83.5,1.0,45.9,46.3
822.705,80,160.0,1537.0,41.0,4.0,21.24,83.5,1.0,45.9,46.3
822.871,80,160.0,1537.0,41.0,7.0,21.24,83.5,1.0,45.9,46.3
823.119,80,160.0,1537.0,41.0,7.0,32.36,83.5,1.0,45.9,46.3
823.365,80,160.0,1537.0,41.0,7.0,32.36,83.5,1.0,45.9,46.3
823.586,80,160.0,1537.0,41.0,7.0,32.36,83.5,1.0,45.9,46.3
823.778,80,160.0,1537.0,41.0,7.0,32.36,83.5,1.0,49.4,46.3
824.025,80,160.0,1537.0,41.0,7.0,32.36,83.5,1.0,49.4,50.2
824.163,80,160.0,1537.0,41.0,7.0,32.36,83.5,1.0,49.4,50.2
824.439,80,195.0,1537.0,41.0,7.0,32.36,83.5,1.0,49.4,50.2
824.605,80,195.0,1721.0,41.0,7.0,32.36,83.5,1.0,49.4,50.2
824.772,80,195.0,1721.0,46.0,7.0,32.36,83.5,1.0,49.4,50.2
824.905,80,195.0,1721.0,46.0,9.0,32.36,83.5,1.0,49.4,50.2
825.101,80,195.0,1721.0,46.0,9.0,36.74,83.5,1.0,49.4,50.2
825.267,80,195.0,1721.0,46.0,9.0,36.74,83.5,1.0,49.4,50.2
825.429,80,195.0,1721.0,46.0,9.0,36.74,83.5,1.0,49.4,50.2
825.593,80,195.0,1721.0,46.0,9.0,36.74,83.5,1.0,44.3,50.2
825.842,80,195.0,1721.0,46.0,9.0,36.74,83.5,1.0,44.3,44.3
826.088,80,195.0,1721.0,46.0,9.0,36.74,83.5,1.0,44.3,44.3
826.335,80,151.0,1721.0,46.0,9.0,36.74,83.5,1.0,44.3,44.3
826.5,80,151.0,1815.0,46.0,9.0,36.74,83.5,1.0,44.3,44.3
826.666,80,151.0,1815.0,49.0,9.0,36.74,83.5,1.0,44.3,44.3
826.914,80,151.0,1815.0,49.0,6.0,36.74,83.5,1.0,44.3,44.3
827.082,80,151.0,1815.0,49.0,6.0,24.74,83.5,1.0,44.3,44.3
827.248,80,151.0,1815.0,49.0,6.0,24.74,83.5,1.0,44.3,44.3
827.408,80,151.0,1815.0,49.0,6.0,24.74,83.5,1.0,44.3,44.3
827.58,80,151.0,1815.0,49.0,6.0,24.74,83.5,1.0,40.0,44.3
827.822,80,151.0,1815.0,49.0,6.0,24.74,83.5,1.0,40.0,40.4
828.069,80,151.0,1815.0,49.0,6.0,24.74,83.5,1.0,40.0,40.4
828.315,80,134.0,1815.0,49.0,6.0,24.74,83.5,1.0,40.0,40.4
828.481,80,134.0,1759.0,49.0,6.0,24.74,83.5,1.0,40.0,40.4
828.645,80,134.0,1759.0,47.0,6.0,24.74,83.5,1.0,40.0,40.4
828.893,80,134.0,1759.0,47.0,4.0,24.74,83.5,1.0,40.0,40.4
829.143,80,134.0,1759.0,47.0,4.0,19.44,83.5,1.0,40.0,40.4
829.388,80,134.0,1759.0,47.0,4.0,19.44,83.5,1.0,40.0,40.4
829.554,80,134.0,1759.0,47.0,4.0,19.44,83.5,1.0,40.0,40.4
829.69,80,134.0,1759.0,47.0,4.0,19.44,83.5,1.0,36.1,40.4
829.885,80,134.0,1759.0,47.0,4.0,19.44,83.5,1.0,36.1,36.1
830.05,81,134.0,1759.0,47.0,4.0,19.44,83.5,1.0,36.1,36.1
830.188,81,123.0,1759.0,47.0,4.0,19.44,83.5,1.0,36.1,36.1
830.378,81,123.0,1653.0,47.0,4.0,19.44,83.5,1.0,36.1,36.1
830.543,81,123.0,1653.0,44.0,4.0,19.44,83.5,1.0,36.1,36.1
830.791,81,123.0,1653.0,44.0,3.0,19.44,83.5,1.0,36.1,36.1
831.039,81,123.0,1653.0,44.0,3.0,14.33,83.5,1.0,36.1,36.1
831.288,81,123.0,1653.0,44.0,3.0,14.33,83.5,1.0,36.1,36.1
831.451,81,123.0,1653.0,44.0,3.0,14.33,83.5,1.0,36.1,36.1
831.617,81,123.0,1653.0,44.0,3.0,14.33,83.5,1.0,14.1,36.1
831.864,81,123.0,1653.0,44.0,3.0,14.33,83.5,1.0,14.1,14.5
832.111,81,123.0,1653.0,44.0,3.0,14.33,83.5,1.0,14.1,14.5
832.359,81,110.0,1653.0,44.0,3.0,14.33,83.5,1.0,14.1,14.5
832.523,81,110.0,1338.0,44.0,3.0,14.33,83.5,1.0,14.1,14.5
832.69,81,110.0,1338.0,34.0,3.0,14.33,83.5,1.0,14.1,14.5
832.935,81,110.0,1338.0,34.0,1.0,14.33,83.5,1.0,14.1,14.5
833.189,81,110.0,1338.0,34.0,1.0,20.24,83.5,1.0,14.1,14.5
833.32,81,110.0,1338.0,34.0,1.0,20.24,83.5,1.0,14.1,14.5
833.595,81,110.0,1338.0,34.0,1.0,20.24,83.5,1.0,14.1,14.5
833.762,81,110.0,1338.0,34.0,1.0,20.24,83.5,1.0,30.2,14.5
834.009,81,110.0,1338.0,34.0,1.0,20.24,83.5,1.0,30.2,31.0
834.26,81,110.0,1338.0,34.0,1.0,20.24,83.5,1.0,30.2,31.0
834.421,81,123.0,1338.0,34.0,1.0,20.24,83.5,1.0,30.2,31.0
834.585,81,123.0,1642.0,34.0,1.0,20.24,83.5,1.0,30.2,31.0
834.833,81,123.0,1642.0,28.0,1.0,20.24,83.5,1.0,30.2,31.0
835.084,81,123.0,1642.0,28.0,4.0,20.24,83.5,1.0,30.2,31.0
835.357,81,123.0,1642.0,28.0,4.0,27.91,83.5,1.0,30.2,31.0
835.465,81,123.0,1642.0,28.0,4.0,27.91,83.5,1.0,30.2,31.0
835.661,81,123.0,1642.0,28.0,4.0,27.91,83.5,1.0,30.2,31.0
835.909,81,123.0,1642.0,28.0,4.0,27.91,83.5,1.0,43.5,31.0
836.153,81,123.0,1642.0,28.0,4.0,27.91,83.5,1.0,43.5,42.7
836.401,81,123.0,1642.0,28.0,4.0,27.91,83.5,1.0,43.5,42.7
836.565,81,143.0,1642.0,28.0,4.0,27.91,83.5,1.0,43.5,42.7
836.731,81,143.0,1825.0,28.0,4.0,27.91,83.5,1.0,43.5,42.7
836.979,81,143.0,1825.0,31.0,4.0,27.91,83.5,1.0,43.5,42.7
837.225,81,143.0,1825.0,31.0,5.0,27.91,83.5,1.0,43.5,42.7
837.529,81,143.0,1825.0,31.0,5.0,22.27,83.5,1.0,43.5,42.7
837.638,81,143.0,1825.0,31.0,5.0,22.27,83.5,1.0,43.5,42.7
837.803,81,143.0,1825.0,31.0,5.0,22.27,83.5,1.0,43.5,42.7
838.051,81,143.0,1825.0,31.0,5.0,22.27,83.5,1.0,46.3,42.7
838.188,81,143.0,1825.0,31.0,5.0,22.27,83.5,1.0,46.3,47.8
838.298,81,143.0,1825.0,31.0,5.0,22.27,83.5,1.0,46.3,47.8
838.463,81,174.0,1825.0,31.0,5.0,22.27,83.5,1.0,46.3,47.8
838.628,81,174.0,1975.0,31.0,5.0,22.27,83.5,1.0,46.3,47.8
838.877,81,174.0,1975.0,35.0,5.0,22.27,83.5,1.0,46.3,47.8
839.128,81,174.0,1975.0,35.0,7.0,22.27,83.5,1.0,46.3,47.8
839.288,81,174.0,1975.0,35.0,7.0,43.11,83.5,1.0,46.3,47.8
839.425,81,174.0,1975.0,35.0,7.0,43.11,83.5,1.0,46.3,47.8
839.618,81,174.0,1975.0,35.0,7.0,43.11,83.5,1.0,46.3,47.8
839.783,81,174.0,1975.0,35.0,7.0,43.11,83.5,1.0,46.3,47.8
840.03,81,174.0,1975.0,35.0,7.0,43.11,83.5,1.0,46.3,46.7
840.279,82,174.0,1975.0,35.0,7.0,43.11,83.5,1.0,46.3,46.7
840.442,82,179.0,1975.0,35.0,7.0,43.11,83.5,1.0,46.3,46.7
840.58,82,179.0,2376.0,35.0,7.0,43.11,83.5,1.0,46.3,46.7
840.773,82,179.0,2376.0,41.0,7.0,43.11,83.5,1.0,46.3,46.7
840.939,82,179.0,2376.0,41.0,8.0,43.11,83.5,1.0,46.3,46.7
841.188,82,179.0,2376.0,41.0,8.0,39.72,83.5,1.0,46.3,46.7
841.433,82,179.0,2376.0,41.0,8.0,39.72,31.0,1.0,46.3,46.7
841.598,82,179.0,2376.0,41.0,8.0,39.72,31.0,1.0,46.3,46.7
841.763,82,179.0,2376.0,41.0,8.0,39.72,31.0,1.0,32.9,46.7
842.01,82,179.0,2376.0,41.0,8.0,39.72,31.0,1.0,32.9,41.2
842.179,82,179.0,2376.0,41.0,8.0,39.72,31.0,1.0,32.9,41.2
842.34,82,116.0,2376.0,41.0,8.0,39.72,31.0,1.0,32.9,41.2
842.67,82,116.0,1485.0,41.0,8.0,39.72,31.0,1.0,32.9,41.2
842.919,82,116.0,1485.0,40.0,8.0,39.72,31.0,1.0,32.9,41.2
843.165,82,116.0,1485.0,40.0,4.0,39.72,31.0,1.0,32.9,41.2
843.413,82,116.0,1485.0,40.0,4.0,42.16,31.0,1.0,32.9,41.2
843.578,82,116.0,1485.0,40.0,4.0,42.16,83.5,1.0,32.9,41.2
843.825,82,116.0,1485.0,40.0,4.0,42.16,83.5,1.0,32.9,41.2
843.991,82,116.0,1485.0,40.0,4.0,42.16,83.5,1.0,52.2,41.2
844.239,82,116.0,1485.0,40.0,4.0,42.16,83.5,1.0,52.2,52.5
844.485,82,116.0,1485.0,40.0,4.0,42.16,83.5,1.0,52.2,52.5
844.705,82,206.0,1485.0,40.0,4.0,42.16,83.5,1.0,52.2,52.5
844.898,82,206.0,1772.0,40.0,4.0,42.16,83.5,1.0,52.2,52.5
845.066,82,206.0,1772.0,48.0,4.0,42.16,83.5,1.0,52.2,52.5
845.23,82,206.0,1772.0,48.0,7.0,42.16,83.5,1.0,52.2,52.5
845.394,82,206.0,1772.0,48.0,7.0,33.05,83.5,1.0,52.2,52.5
845.558,82,206.0,1772.0,48.0,7.0,33.05,83.5,1.0,52.2,52.5
845.695,82,206.0,1772.0,48.0,7.0,33.05,83.5,1.0,52.2,52.5
845.888,82,206.0,1772.0,48.0,7.0,33.05,83.5,1.0,46.7,52.5
846.053,82,206.0,1772.0,48.0,7.0,33.05,83.5,1.0,46.7,47.1
846.302,82,206.0,1772.0,48.0,7.0,33.05,83.5,1.0,46.7,47.1
846.466,82,178.0,1772.0,48.0,7.0,33.05,83.5,1.0,46.7,47.1
846.63,82,178.0,1890.0,48.0,7.0,33.05,83.5,1.0,46.7,47.1
846.879,82,178.0,1890.0,51.0,7.0,33.05,83.5,1.0,46.7,47.1
847.125,82,178.0,1890.0,51.0,5.0,33.05,83.5,1.0,46.7,47.1
847.372,82,178.0,1890.0,51.0,5.0,37.47,83.5,1.0,46.7,47.1
847.538,82,178.0,1890.0,51.0,5.0,37.47,83.5,1.0,46.7,47.1
847.705,82,178.0,1890.0,51.0,5.0,37.47,83.5,1.0,46.7,47.1
847.95,82,178.0,1890.0,51.0,5.0,37.47,83.5,1.0,46.3,47.1
848.203,82,178.0,1890.0,51.0,5.0,37.47,83.5,1.0,46.3,47.1
848.362,82,178.0,1890.0,51.0,5.0,37.47,83.5,1.0,46.3,47.1
848.61,82,178.0,1890.0,51.0,5.0,37.47,83.5,1.0,46.3,47.1
848.748,82,178.0,1990.0,51.0,5.0,37.47,83.5,1.0,46.3,47.1
848.942,82,178.0,1990.0,54.0,5.0,37.47,83.5,1.0,46.3,47.1
849.106,82,178.0,1990.0,54.0,5.0,37.47,83.5,1.0,46.3,47.1
849.353,82,178.0,1990.0,54.0,5.0,38.24,83.5,1.0,46.3,47.1
849.6,82,178.0,1990.0,54.0,5.0,38.24,83.5,1.0,46.3,47.1
849.848,82,178.0,1990.0,54.0,5.0,38.24,83.5,1.0,46.3,47.1
850.098,82,178.0,1990.0,54.0,5.0,38.24,83.5,1.0,45.9,47.1
850.343,82,178.0,1990.0,54.0,5.0,38.24,83.5,1.0,45.9,46.7
850.508,83,178.0,1990.0,54.0,5.0,38.24,83.5,1.0,45.9,46.7
850.676,83,174.0,1990.0,54.0,5.0,38.24,83.5,1.0,45.9,46.7
850.921,83,174.0,2072.0,54.0,5.0,38.24,83.5,1.0,45.9,46.7
851.168,83,174.0,2072.0,56.0,5.0,38.24,83.5,1.0,45.9,46.7
851.333,83,174.0,2072.0,56.0,5.0,38.24,83.5,1.0,45.9,46.7
851.583,83,174.0,2072.0,56.0,5.0,34.58,83.5,1.0,45.9,46.7
851.828,83,174.0,2072.0,56.0,5.0,34.58,83.5,1.0,45.9,46.7
852.074,83,174.0,2072.0,56.0,5.0,34.58,83.5,1.0,45.9,46.7
852.322,83,174.0,2072.0,56.0,5.0,34.58,83.5,1.0,42.4,46.7
852.488,83,174.0,2072.0,56.0,5.0,34.58,83.5,1.0,42.4,43.1
852.652,83,174.0,2072.0,56.0,5.0,34.58,83.5,1.0,42.4,43.1
852.901,83,146.0,2072.0,56.0,5.0,34.58,83.5,1.0,42.4,43.1
853.152,83,146.0,2051.0,56.0,5.0,34.58,83.5,1.0,42.4,43.1
853.396,83,146.0,2051.0,55.0,5.0,34.58,83.5,1.0,42.4,43.1
853.643,83,146.0,2051.0,55.0,4.0,34.58,83.5,1.0,42.4,43.1
853.891,83,146.0,2051.0,55.0,4.0,32.97,83.5,1.0,42.4,43.1
854.138,83,146.0,2051.0,55.0,4.0,32.97,83.5,1.0,42.4,43.1
854.44,83,146.0,2051.0,55.0,4.0,32.97,83.5,1.0,42.4,43.1
854.632,83,146.0,2051.0,55.0,4.0,32.97,83.5,1.0,43.9,43.1
854.771,83,146.0,2051.0,55.0,4.0,32.97,83.5,1.0,43.9,44.7
854.963,83,146.0,2051.0,55.0,4.0,32.97,83.5,1.0,43.9,44.7
855.129,83,158.0,2051.0,55.0,4.0,32.97,83.5,1.0,43.9,44.7
855.375,83,158.0,2047.0,55.0,4.0,32.97,83.5,1.0,43.9,44.7
855.541,83,158.0,2047.0,55.0,4.0,32.97,83.5,1.0,43.9,44.7
855.707,83,158.0,2047.0,55.0,4.0,32.97,83.5,1.0,43.9,44.7
855.927,83,158.0,2047.0,55.0,4.0,33.88,83.5,1.0,43.9,44.7
856.037,83,158.0,2047.0,55.0,4.0,33.88,83.5,1.0,43.9,44.7
856.203,83,158.0,2047.0,55.0,4.0,33.88,83.5,1.0,43.9,44.7
856.448,83,158.0,2047.0,55.0,4.0,33.88,83.5,1.0,43.9,44.7
856.612,83,158.0,2047.0,55.0,4.0,33.88,83.5,1.0,43.9,44.3
856.752,84,158.0,2047.0,55.0,4.0,33.88,83.5,1.0,43.9,44.3
856.948,84,155.0,2047.0,55.0,4.0,33.88,83.5,1.0,43.9,44.3
857.108,84,155.0,2046.0,55.0,4.0,33.88,83.5,1.0,43.9,44.3
857.355,84,155.0,2046.0,55.0,4.0,33.88,83.5,1.0,43.9,44.3
857.52,84,155.0,2046.0,55.0,4.0,33.88,83.5,1.0,43.9,44.3
857.686,84,155.0,2046.0,55.0,4.0,33.94,83.5,1.0,43.9,44.3
857.934,84,155.0,2046.0,55.0,4.0,33.94,83.5,1.0,43.9,44.3
858.182,84,155.0,2046.0,55.0,4.0,33.94,83.5,1.0,43.9,44.3
858.428,84,155.0,2046.0,55.0,4.0,33.94,83.5,1.0,43.9,44.3
858.571,84,155.0,2046.0,55.0,4.0,33.94,83.5,1.0,43.9,44.3
858.73,84,155.0,2046.0,55.0,4.0,33.94,83.5,1.0,43.9,44.3
858.922,84,157.0,2046.0,55.0,4.0,33.94,83.5,1.0,43.9,44.3
859.17,84,157.0,2049.0,55.0,4.0,33.94,83.5,1.0,43.9,44.3
859.418,84,157.0,2049.0,55.0,4.0,33.94,83.5,1.0,43.9,44.3
859.665,84,157.0,2049.0,55.0,4.0,33.94,83.5,1.0,43.9,44.3
859.914,84,157.0,2049.0,55.0,4.0,30.86,83.5,1.0,43.9,44.3
860.161,84,157.0,2049.0,55.0,4.0,30.86,83.5,1.0,43.9,44.3
860.407,84,157.0,2049.0,55.0,4.0,30.86,83.5,1.0,43.9,44.3
860.545,84,157.0,2049.0,55.0,4.0,30.86,83.5,1.0,38.8,44.3
860.71,84,157.0,2049.0,55.0,4.0,30.86,83.5,1.0,38.8,39.6
860.904,84,157.0,2049.0,55.0,4.0,30.86,83.5,1.0,38.8,39.6
861.071,84,130.0,2049.0,55.0,4.0,30.86,83.5,1.0,38.8,39.6
861.315,84,130.0,1968.0,55.0,4.0,30.86,83.5,1.0,38.8,39.6
861.618,84,130.0,1968.0,53.0,4.0,30.86,83.5,1.0,38.8,39.6
861.728,84,130.0,1968.0,53.0,3.0,30.86,83.5,1.0,38.8,39.6
861.895,84,130.0,1968.0,53.0,3.0,24.83,83.5,1.0,38.8,39.6
862.14,84,130.0,1968.0,53.0,3.0,24.83,83.5,1.0,38.8,39.6
862.388,84,130.0,1968.0,53.0,3.0,24.83,83.5,1.0,38.8,39.6
862.554,84,130.0,1968.0,53.0,3.0,24.83,83.5,1.0,38.4,39.6
862.718,84,130.0,1968.0,53.0,3.0,24.83,83.5,1.0,38.4,39.2
862.965,84,130.0,1968.0,53.0,3.0,24.83,83.5,1.0,38.4,39.2
863.212,84,135.0,1968.0,53.0,3.0,24.83,83.5,1.0,38.4,39.2
863.598,84,135.0,1880.0,53.0,3.0,24.83,83.5,1.0,38.4,39.2
863.709,84,135.0,1880.0,50.0,3.0,24.83,83.5,1.0,38.4,39.2
863.875,84,135.0,1880.0,50.0,3.0,24.83,83.5,1.0,38.4,39.2
864.093,84,135.0,1880.0,50.0,3.0,23.99,83.5,1.0,38.4,39.2
864.208,84,135.0,1880.0,50.0,3.0,23.99,83.5,1.0,38.4,39.2
864.367,84,135.0,1880.0,50.0,3.0,23.99,83.5,1.0,38.4,39.2
864.533,84,135.0,1880.0,50.0,3.0,23.99,83.5,1.0,42.4,39.2
864.697,84,135.0,1880.0,50.0,3.0,23.99,83.5,1.0,42.4,43.5
864.866,85,135.0,1880.0,50.0,3.0,23.99,83.5,1.0,42.4,43.5
865.11,85,154.0,1880.0,50.0,3.0,23.99,83.5,1.0,42.4,43.5
865.357,85,154.0,1842.0,50.0,3.0,23.99,83.5,1.0,42.4,43.5
865.524,85,154.0,1842.0,50.0,3.0,23.99,83.5,1.0,42.4,43.5
865.689,85,154.0,1842.0,50.0,4.0,23.99,83.5,1.0,42.4,43.5
865.937,85,154.0,1842.0,50.0,4.0,31.88,83.5,1.0,42.4,43.5
866.184,85,154.0,1842.0,50.0,4.0,31.88,83.5,1.0,42.4,43.5
866.402,85,154.0,1842.0,50.0,4.0,31.88,83.5,1.0,42.4,43.5
866.513,85,154.0,1842.0,50.0,4.0,31.88,83.5,1.0,45.5,43.5
866.65,85,154.0,1842.0,50.0,4.0,31.88,83.5,1.0,45.5,46.7
866.843,85,154.0,1842.0,50.0,4.0,31.88,83.5,1.0,45.5,46.7
867.09,85,171.0,1842.0,50.0,4.0,31.88,83.5,1.0,45.5,46.7
867.339,85,171.0,1916.0,50.0,4.0,31.88,83.5,1.0,45.5,46.7
867.585,85,171.0,1916.0,52.0,4.0,31.88,83.5,1.0,45.5,46.7
867.723,85,171.0,1916.0,52.0,5.0,31.88,83.5,1.0,45.5,46.7
867.915,85,171.0,1916.0,52.0,5.0,35.97,83.5,1.0,45.5,46.7
868.083,85,171.0,1916.0,52.0,5.0,35.97,83.5,1.0,45.5,46.7
868.327,85,171.0,1916.0,52.0,5.0,35.97,83.5,1.0,45.5,46.7
868.579,85,171.0,1916.0,52.0,5.0,35.97,83.5,1.0,40.8,46.7
868.741,85,171.0,1916.0,52.0,5.0,35.97,83.5,1.0,40.8,40.4
868.99,85,171.0,1916.0,52.0,5.0,35.97,83.5,1.0,40.8,40.4
869.235,85,133.0,1916.0,52.0,5.0,35.97,83.5,1.0,40.8,40.4
869.483,85,133.0,1914.0,52.0,5.0,35.97,83.5,1.0,40.8,40.4
869.62,85,133.0,1914.0,51.0,5.0,35.97,83.5,1.0,40.8,40.4
869.785,85,133.0,1914.0,51.0,4.0,35.97,83.5,1.0,40.8,40.4
869.978,85,133.0,1914.0,51.0,4.0,18.38,83.5,1.0,40.8,40.4
870.228,85,133.0,1914.0,51.0,4.0,18.38,83.5,1.0,40.8,40.4
870.471,85,133.0,1914.0,51.0,4.0,18.38,83.5,1.0,40.8,40.4
870.719,85,133.0,1914.0,51.0,4.0,18.38,83.5,1.0,14.1,40.4
870.885,85,133.0,1914.0,51.0,4.0,18.38,83.5,1.0,14.1,14.5
871.135,86,133.0,1914.0,51.0,4.0,18.38,83.5,1.0,14.1,14.5
871.38,86,119.0,1914.0,51.0,4.0,18.38,83.5,1.0,14.1,14.5
871.546,86,119.0,876.0,51.0,4.0,18.38,83.5,1.0,14.1,14.5
871.71,86,119.0,876.0,44.0,4.0,18.38,83.5,1.0,14.1,14.5
871.959,86,119.0,876.0,44.0,1.0,18.38,83.5,1.0,14.1,14.5
872.205,86,119.0,876.0,44.0,1.0,12.13,83.5,1.0,14.1,14.5
872.453,86,119.0,876.0,44.0,1.0,12.13,83.5,1.0,14.1,14.5
872.7,86,119.0,876.0,44.0,1.0,12.13,83.5,1.0,14.1,14.5
872.838,86,119.0,876.0,44.0,1.0,12.13,83.5,1.0,14.1,14.5
873.03,86,119.0,876.0,44.0,1.0,12.13,83.5,1.0,14.1,14.5
873.195,86,119.0,876.0,44.0,1.0,12.13,83.5,1.0,14.1,14.5
873.441,86,119.0,876.0,44.0,1.0,12.13,83.5,1.0,14.1,14.5
873.609,86,119.0,1873.0,44.0,1.0,12.13,83.5,1.0,14.1,14.5
873.855,86,119.0,1873.0,31.0,1.0,12.13,83.5,1.0,14.1,14.5
874.103,86,119.0,1873.0,31.0,4.0,12.13,83.5,1.0,14.1,14.5
874.268,86,119.0,1873.0,31.0,4.0,31.91,83.5,1.0,14.1,14.5
874.515,86,119.0,1873.0,31.0,4.0,31.91,83.5,1.0,14.1,14.5
874.68,86,119.0,1873.0,31.0,4.0,31.91,83.5,1.0,14.1,14.5
874.845,86,119.0,1873.0,31.0,4.0,31.91,83.5,1.0,14.1,14.5
875.095,86,119.0,1873.0,31.0,4.0,31.91,83.5,1.0,14.1,14.5
875.34,86,119.0,1873.0,31.0,4.0,31.91,83.5,1.0,14.1,14.5
875.67,86,117.0,1873.0,31.0,4.0,31.91,83.5,1.0,14.1,14.5
875.917,86,117.0,1153.0,31.0,4.0,31.91,83.5,1.0,14.1,14.5
876.165,86,117.0,1153.0,19.0,4.0,31.91,83.5,1.0,14.1,14.5
876.414,86,117.0,1153.0,19.0,4.0,31.91,83.5,1.0,14.1,14.5
876.66,86,117.0,1153.0,19.0,4.0,8.41,83.5,1.0,14.1,14.5
876.797,86,117.0,1153.0,19.0,4.0,8.41,83.5,1.0,14.1,14.5
876.99,86,117.0,1153.0,19.0,4.0,8.41,83.5,1.0,14.1,14.5
877.155,86,117.0,1153.0,19.0,4.0,8.41,83.5,1.0,32.9,14.5
877.403,86,117.0,1153.0,19.0,4.0,8.41,83.5,1.0,32.9,34.5
877.568,86,117.0,1153.0,19.0,4.0,8.41,83.5,1.0,32.9,34.5
877.732,86,113.0,1153.0,19.0,4.0,8.41,83.5,1.0,32.9,34.5
877.98,86,113.0,1143.0,19.0,4.0,8.41,83.5,1.0,32.9,34.5
878.229,86,113.0,1143.0,19.0,4.0,8.41,83.5,1.0,32.9,34.5
878.475,86,113.0,1143.0,19.0,2.0,8.41,83.5,1.0,32.9,34.5
878.725,86,113.0,1143.0,19.0,2.0,16.91,83.5,1.0,32.9,34.5
878.86,86,113.0,1143.0,19.0,2.0,16.91,83.5,1.0,32.9,34.5
879.053,86,113.0,1143.0,19.0,2.0,16.91,83.5,1.0,32.9,34.5
879.218,86,113.0,1143.0,19.0,2.0,16.91,83.5,1.0,36.9,34.5
879.464,86,113.0,1143.0,19.0,2.0,16.91,83.5,1.0,36.9,37.3
879.63,87,113.0,1143.0,19.0,2.0,16.91,83.5,1.0,36.9,37.3
879.796,87,126.0,1143.0,19.0,2.0,16.91,83.5,1.0,36.9,37.3
880.044,87,126.0,1371.0,19.0,2.0,16.91,83.5,1.0,36.9,37.3
880.29,87,126.0,1371.0,24.0,2.0,16.91,83.5,1.0,36.9,37.3
880.537,87,126.0,1371.0,24.0,3.0,16.91,83.5,1.0,36.9,37.3
880.703,87,126.0,1371.0,24.0,3.0,14.94,83.5,1.0,36.9,37.3
880.868,87,126.0,1371.0,24.0,3.0,14.94,83.5,1.0,36.9,37.3
881.115,87,126.0,1371.0,24.0,3.0,14.94,83.5,1.0,36.9,37.3
881.363,87,126.0,1371.0,24.0,3.0,14.94,83.5,1.0,14.1,37.3
881.609,87,126.0,1371.0,24.0,3.0,14.94,83.5,1.0,14.1,15.3
881.776,87,126.0,1371.0,24.0,3.0,14.94,83.5,1.0,14.1,15.3
881.916,87,110.0,1371.0,24.0,3.0,14.94,83.5,1.0,14.1,15.3
882.105,87,110.0,1267.0,24.0,3.0,14.94,83.5,1.0,14.1,15.3
882.271,87,110.0,1267.0,21.0,3.0,14.94,83.5,1.0,14.1,15.3
882.519,87,110.0,1267.0,21.0,1.0,14.94,83.5,1.0,14.1,15.3
882.848,87,110.0,1267.0,21.0,1.0,11.86,83.5,1.0,14.1,15.3
883.095,87,110.0,1267.0,21.0,1.0,11.86,83.5,1.0,14.1,15.3
883.343,87,110.0,1267.0,21.0,1.0,11.86,83.5,1.0,14.1,15.3
883.646,87,110.0,1267.0,21.0,1.0,11.86,83.5,1.0,35.3,15.3
883.755,87,110.0,1267.0,21.0,1.0,11.86,83.5,1.0,35.3,35.7
883.92,87,110.0,1267.0,21.0,1.0,11.86,83.5,1.0,35.3,35.7
884.169,87,120.0,1267.0,21.0,1.0,11.86,83.5,1.0,35.3,35.7
884.416,87,120.0,1398.0,21.0,1.0,11.86,83.5,1.0,35.3,35.7
884.8,87,120.0,1398.0,24.0,1.0,11.86,83.5,1.0,35.3,35.7
884.911,87,120.0,1398.0,24.0,3.0,11.86,83.5,1.0,35.3,35.7
885.158,87,120.0,1398.0,24.0,3.0,18.8,83.5,1.0,35.3,35.7
885.325,87,120.0,1398.0,24.0,3.0,18.8,83.5,1.0,35.3,35.7
885.578,87,120.0,1398.0,24.0,3.0,18.8,83.5,1.0,35.3,35.7
885.737,87,120.0,1398.0,24.0,3.0,18.8,83.5,1.0,43.1,35.7
885.983,87,120.0,1398.0,24.0,3.0,18.8,83.5,1.0,43.1,43.9
886.233,87,120.0,1398.0,24.0,3.0,18.8,83.5,1.0,43.1,43.9
886.478,87,154.0,1398.0,24.0,3.0,18.8,83.5,1.0,43.1,43.9
886.645,87,154.0,1745.0,24.0,3.0,18.8,83.5,1.0,43.1,43.9
886.809,87,154.0,1745.0,30.0,3.0,18.8,83.5,1.0,43.1,43.9
886.946,87,154.0,1745.0,30.0,6.0,18.8,83.5,1.0,43.1,43.9
887.139,87,154.0,1745.0,30.0,6.0,33.38,83.5,1.0,43.1,43.9
887.304,87,154.0,1745.0,30.0,6.0,33.38,83.5,1.0,43.1,43.9
887.552,87,154.0,1745.0,30.0,6.0,33.38,83.5,1.0,43.1,43.9
887.801,87,154.0,1745.0,30.0,6.0,33.38,83.5,1.0,45.1,43.9
888.045,87,154.0,1745.0,30.0,6.0,33.38,83.5,1.0,45.1,45.1
888.294,87,154.0,1745.0,30.0,6.0,33.38,83.5,1.0,45.1,45.1
888.46,87,164.0,1745.0,30.0,6.0,33.38,83.5,1.0,45.1,45.1
888.625,87,164.0,2204.0,30.0,6.0,33.38,83.5,1.0,45.1,45.1
888.789,87,164.0,2204.0,38.0,6.0,33.38,83.5,1.0,45.1,45.1
889.038,87,164.0,2204.0,38.0,7.0,33.38,83.5,1.0,45.1,45.1
889.284,87,164.0,2204.0,38.0,7.0,32.47,83.5,1.0,45.1,45.1
889.531,87,164.0,2204.0,38.0,7.0,32.47,83.5,1.0,45.1,45.1
889.862,87,164.0,2204.0,38.0,7.0,32.47,83.5,1.0,45.1,45.1
890.109,87,164.0,2204.0,38.0,7.0,32.47,83.5,1.0,31.8,45.1
890.356,87,164.0,2204.0,38.0,7.0,32.47,83.5,1.0,31.8,30.6
890.659,87,164.0,2204.0,38.0,7.0,32.47,83.5,1.0,31.8,30.6
890.769,87,117.0,2204.0,38.0,7.0,32.47,83.5,1.0,31.8,30.6
890.937,87,117.0,2115.0,38.0,7.0,32.47,83.5,1.0,31.8,30.6
891.182,87,117.0,2115.0,36.0,7.0,32.47,83.5,1.0,31.8,30.6
891.401,87,117.0,2115.0,36.0,5.0,32.47,83.5,1.0,31.8,30.6
891.512,87,117.0,2115.0,36.0,5.0,24.74,83.5,1.0,31.8,30.6
891.677,87,117.0,2115.0,36.0,5.0,24.74,83.5,1.0,31.8,30.6
891.814,87,117.0,2115.0,36.0,5.0,24.74,83.5,1.0,31.8,30.6
892.007,87,117.0,2115.0,36.0,5.0,24.74,83.5,1.0,14.1,30.6
892.172,87,117.0,2115.0,36.0,5.0,24.74,83.5,1.0,14.1,14.5
892.419,88,117.0,2115.0,36.0,5.0,24.74,83.5,1.0,14.1,14.5
892.75,88,128.0,2115.0,36.0,5.0,24.74,83.5,1.0,14.1,14.5
892.997,88,128.0,1645.0,36.0,5.0,24.74,83.5,1.0,14.1,14.5
893.244,88,128.0,1645.0,27.0,5.0,24.74,83.5,1.0,14.1,14.5
893.464,88,128.0,1645.0,27.0,5.0,24.74,83.5,1.0,14.1,14.5
893.575,88,128.0,1645.0,27.0,5.0,28.69,83.5,1.0,14.1,14.5
893.713,88,128.0,1645.0,27.0,5.0,28.69,83.5,1.0,14.1,14.5
893.907,88,128.0,1645.0,27.0,5.0,28.69,83.5,1.0,14.1,14.5
894.042,88,128.0,1645.0,27.0,5.0,28.69,83.5,1.0,20.4,14.5
894.236,88,128.0,1645.0,27.0,5.0,28.69,83.5,1.0,20.4,20.8
894.4,88,128.0,1645.0,27.0,5.0,28.69,83.5,1.0,20.4,20.8
894.647,88,115.0,1645.0,27.0,5.0,28.69,83.5,1.0,20.4,20.8
894.812,88,115.0,1309.0,27.0,5.0,28.69,83.5,1.0,20.4,20.8
894.977,88,115.0,1309.0,22.0,5.0,28.69,83.5,1.0,20.4,20.8
895.225,88,115.0,1309.0,22.0,0.0,28.69,83.5,1.0,20.4,20.8
895.474,88,115.0,1309.0,22.0,0.0,11.88,83.5,1.0,20.4,20.8
895.638,88,115.0,1309.0,22.0,0.0,11.88,83.5,1.0,20.4,20.8
895.774,88,115.0,1309.0,22.0,0.0,11.88,83.5,1.0,20.4,20.8
895.967,88,115.0,1309.0,22.0,0.0,11.88,83.5,1.0,24.7,20.8
896.214,88,115.0,1309.0,22.0,0.0,11.88,83.5,1.0,24.7,25.1
896.462,88,115.0,1309.0,22.0,0.0,11.88,83.5,1.0,24.7,25.1
896.599,88,103.0,1309.0,22.0,0.0,11.88,83.5,1.0,24.7,25.1
896.874,88,103.0,1171.0,22.0,0.0,11.88,83.5,1.0,24.7,25.1
897.122,88,103.0,1171.0,20.0,0.0,11.88,83.5,1.0,24.7,25.1
897.369,88,103.0,1171.0,20.0,-1.0,11.88,83.5,1.0,24.7,25.1
897.617,88,103.0,1171.0,20.0,-1.0,10.38,83.5,1.0,24.7,25.1
897.781,88,103.0,1171.0,20.0,-1.0,10.38,83.5,1.0,24.7,25.1
897.946,88,103.0,1171.0,20.0,-1.0,10.38,83.5,1.0,24.7,25.1
898.193,88,103.0,1171.0,20.0,-1.0,10.38,83.5,1.0,27.8,25.1
898.414,88,103.0,1171.0,20.0,-1.0,10.38,83.5,1.0,27.8,29.0
898.579,88,103.0,1171.0,20.0,-1.0,10.38,83.5,1.0,27.8,29.0
898.853,88,108.0,1171.0,20.0,-1.0,10.38,83.5,1.0,27.8,29.0
899.019,88,108.0,1156.0,20.0,-1.0,10.38,83.5,1.0,27.8,29.0
899.267,88,108.0,1156.0,20.0,-1.0,10.38,83.5,1.0,27.8,29.0
899.517,88,108.0,1156.0,20.0,1.0,10.38,83.5,1.0,27.8,29.0
899.68,88,108.0,1156.0,20.0,1.0,15.55,83.5,1.0,27.8,29.0
899.817,88,108.0,1156.0,20.0,1.0,15.55,83.5,1.0,27.8,29.0
900.092,88,108.0,1156.0,20.0,1.0,15.55,83.5,1.0,27.8,29.0
900.26,88,108.0,1156.0,20.0,1.0,15.55,83.5,1.0,38.8,29.0
900.558,88,108.0,1156.0,20.0,1.0,15.55,83.5,1.0,38.8,39.6
900.723,88,108.0,1156.0,20.0,1.0,15.55,83.5,1.0,38.8,39.6
900.916,88,125.0,1156.0,20.0,1.0,15.55,83.5,1.0,38.8,39.6
901.083,88,125.0,1351.0,20.0,1.0,15.55,83.5,1.0,38.8,39.6
901.33,88,125.0,1351.0,23.0,1.0,15.55,83.5,1.0,38.8,39.6
901.579,88,125.0,1351.0,23.0,4.0,15.55,83.5,1.0,38.8,39.6
901.744,88,125.0,1351.0,23.0,4.0,20.74,83.5,1.0,38.8,39.6
901.88,88,125.0,1351.0,23.0,4.0,20.74,83.5,1.0,38.8,39.6
902.072,88,125.0,1351.0,23.0,4.0,20.74,83.5,1.0,38.8,39.6
902.238,88,125.0,1351.0,23.0,4.0,20.74,83.5,1.0,40.8,39.6
902.486,88,125.0,1351.0,23.0,4.0,20.74,83.5,1.0,40.8,41.6
902.787,88,125.0,1351.0,23.0,4.0,20.74,83.5,1.0,40.8,41.6
902.899,88,142.0,1351.0,23.0,4.0,20.74,83.5,1.0,40.8,41.6
903.035,88,142.0,1570.0,23.0,4.0,20.74,83.5,1.0,40.8,41.6
903.227,88,142.0,1570.0,27.0,4.0,20.74,83.5,1.0,40.8,41.6
903.394,88,142.0,1570.0,27.0,5.0,20.74,83.5,1.0,40.8,41.6
903.64,88,142.0,1570.0,27.0,5.0,29.44,83.5,1.0,40.8,41.6
903.806,88,142.0,1570.0,27.0,5.0,29.44,83.5,1.0,40.8,41.6
903.971,88,142.0,1570.0,27.0,5.0,29.44,83.5,1.0,40.8,41.6
904.217,88,142.0,1570.0,27.0,5.0,29.44,83.5,1.0,43.5,41.6
904.466,88,142.0,1570.0,27.0,5.0,29.44,83.5,1.0,43.5,43.9
904.799,88,142.0,1570.0,27.0,5.0,29.44,83.5,1.0,43.5,43.9
905.044,88,148.0,1570.0,27.0,5.0,29.44,83.5,1.0,43.5,43.9
905.29,88,148.0,1969.0,27.0,5.0,29.44,83.5,1.0,43.5,43.9
905.537,88,148.0,1969.0,34.0,5.0,29.44,83.5,1.0,43.5,43.9
905.702,88,148.0,1969.0,34.0,6.0,29.44,83.5,1.0,43.5,43.9
905.869,88,148.0,1969.0,34.0,6.0,24.72,83.5,1.0,43.5,43.9
906.033,88,148.0,1969.0,34.0,6.0,24.72,83.5,1.0,43.5,43.9
906.198,88,148.0,1969.0,34.0,6.0,24.72,83.5,1.0,43.5,43.9
906.446,88,148.0,1969.0,34.0,6.0,24.72,83.5,1.0,35.7,43.9
906.693,88,148.0,1969.0,34.0,6.0,24.72,83.5,1.0,35.7,36.1
906.857,88,148.0,1969.0,34.0,6.0,24.72,83.5,1.0,35.7,36.1
907.021,88,124.0,1969.0,34.0,6.0,24.72,83.5,1.0,35.7,36.1
907.27,88,124.0,1932.0,34.0,6.0,24.72,83.5,1.0,35.7,36.1
907.517,88,124.0,1932.0,33.0,6.0,24.72,83.5,1.0,35.7,36.1
907.82,88,124.0,1932.0,33.0,4.0,24.72,83.5,1.0,35.7,36.1
907.933,88,124.0,1932.0,33.0,4.0,21.91,83.5,1.0,35.7,36.1
908.096,88,124.0,1932.0,33.0,4.0,21.91,83.5,1.0,35.7,36.1
908.344,88,124.0,1932.0,33.0,4.0,21.91,83.5,1.0,35.7,36.1
908.59,88,124.0,1932.0,33.0,4.0,21.91,83.5,1.0,35.7,36.1
908.838,88,124.0,1932.0,33.0,4.0,21.91,83.5,1.0,35.7,36.1
908.975,88,124.0,1932.0,33.0,4.0,21.91,83.5,1.0,35.7,36.1
909.25,88,127.0,1932.0,33.0,4.0,21.91,83.5,1.0,35.7,36.1
909.416,88,127.0,1916.0,33.0,4.0,21.91,83.5,1.0,35.7,36.1
909.664,88,127.0,1916.0,33.0,4.0,21.91,83.5,1.0,35.7,36.1
909.829,88,127.0,1916.0,33.0,4.0,21.91,83.5,1.0,35.7,36.1
909.995,88,127.0,1916.0,33.0,4.0,24.47,83.5,1.0,35.7,36.1
910.24,88,127.0,1916.0,33.0,4.0,24.47,83.5,1.0,35.7,36.1
910.487,88,127.0,1916.0,33.0,4.0,24.47,83.5,1.0,35.7,36.1
910.653,88,127.0,1916.0,33.0,4.0,24.47,83.5,1.0,39.6,36.1
910.79,88,127.0,1916.0,33.0,4.0,24.47,83.5,1.0,39.6,40.0
910.982,88,127.0,1916.0,33.0,4.0,24.47,83.5,1.0,39.6,40.0
911.231,88,135.0,1916.0,33.0,4.0,24.47,83.5,1.0,39.6,40.0
911.477,88,135.0,2002.0,33.0,4.0,24.47,83.5,1.0,39.6,40.0
911.808,88,135.0,2002.0,34.0,4.0,24.47,83.5,1.0,39.6,40.0
912.111,88,135.0,2002.0,34.0,5.0,24.47,83.5,1.0,39.6,40.0
912.306,88,135.0,2002.0,34.0,5.0,26.47,83.5,1.0,39.6,40.0
912.44,88,135.0,2002.0,34.0,5.0,26.47,83.5,1.0,39.6,40.0
912.633,88,135.0,2002.0,34.0,5.0,26.47,83.5,1.0,39.6,40.0
912.771,88,135.0,2002.0,34.0,5.0,26.47,83.5,1.0,39.6,40.0
912.964,88,135.0,2002.0,34.0,5.0,26.47,83.5,1.0,39.6,40.4
913.13,89,135.0,2002.0,34.0,5.0,26.47,83.5,1.0,39.6,40.4
913.375,89,135.0,2002.0,34.0,5.0,26.47,83.5,1.0,39.6,40.4
913.623,89,135.0,2027.0,34.0,5.0,26.47,83.5,1.0,39.6,40.4
913.789,89,135.0,2027.0,35.0,5.0,26.47,83.5,1.0,39.6,40.4
913.925,89,135.0,2027.0,35.0,5.0,26.47,83.5,1.0,39.6,40.4
914.117,89,135.0,2027.0,35.0,5.0,26.11,83.5,1.0,39.6,40.4
914.284,89,135.0,2027.0,35.0,5.0,26.11,83.5,1.0,39.6,40.4
914.531,89,135.0,2027.0,35.0,5.0,26.11,83.5,1.0,39.6,40.4
914.86,89,135.0,2027.0,35.0,5.0,26.11,83.5,1.0,39.2,40.4
915.108,89,135.0,2027.0,35.0,5.0,26.11,83.5,1.0,39.2,39.6
915.355,89,135.0,2027.0,35.0,5.0,26.11,83.5,1.0,39.2,39.6
915.603,89,135.0,2027.0,35.0,5.0,26.11,83.5,1.0,39.2,39.6
915.77,89,135.0,2065.0,35.0,5.0,26.11,83.5,1.0,39.2,39.6
915.934,89,135.0,2065.0,36.0,5.0,26.11,83.5,1.0,39.2,39.6
916.182,89,135.0,2065.0,36.0,5.0,26.11,83.5,1.0,39.2,39.6
916.427,89,135.0,2065.0,36.0,5.0,24.83,83.5,1.0,39.2,39.6
916.675,89,135.0,2065.0,36.0,5.0,24.83,83.5,1.0,39.2,39.6
916.84,89,135.0,2065.0,36.0,5.0,24.83,83.5,1.0,39.2,39.6
917.007,89,135.0,2065.0,36.0,5.0,24.83,83.5,1.0,34.9,39.6
917.253,89,135.0,2065.0,36.0,5.0,24.83,83.5,1.0,34.9,35.7
917.391,89,135.0,2065.0,36.0,5.0,24.83,83.5,1.0,34.9,35.7
917.588,89,125.0,2065.0,36.0,5.0,24.83,83.5,1.0,34.9,35.7
917.833,89,125.0,1970.0,36.0,5.0,24.83,83.5,1.0,34.9,35.7
918.077,89,125.0,1970.0,34.0,5.0,24.83,83.5,1.0,34.9,35.7
918.244,89,125.0,1970.0,34.0,4.0,24.83,83.5,1.0,34.9,35.7
918.409,89,125.0,1970.0,34.0,4.0,21.44,83.5,1.0,34.9,35.7
918.655,89,125.0,1970.0,34.0,4.0,21.44,83.5,1.0,34.9,35.7
918.821,89,125.0,1970.0,34.0,4.0,21.44,83.5,1.0,34.9,35.7
918.987,89,125.0,1970.0,34.0,4.0,21.44,83.5,1.0,34.5,35.7
919.233,89,125.0,1970.0,34.0,4.0,21.44,83.5,1.0,34.5,34.9
919.48,89,125.0,1970.0,34.0,4.0,21.44,83.5,1.0,34.5,34.9
919.728,89,123.0,1970.0,34.0,4.0,21.44,83.5,1.0,34.5,34.9
919.893,89,123.0,1876.0,34.0,4.0,21.44,83.5,1.0,34.5,34.9
920.058,89,123.0,1876.0,32.0,4.0,21.44,83.5,1.0,34.5,34.9
920.305,89,123.0,1876.0,32.0,4.0,21.44,83.5,1.0,34.5,34.9
920.552,89,123.0,1876.0,32.0,4.0,20.44,83.5,1.0,34.5,34.9
920.883,89,123.0,1876.0,32.0,4.0,20.44,83.5,1.0,34.5,34.9
921.02,89,123.0,1876.0,32.0,4.0,20.44,83.5,1.0,34.5,34.9
921.185,89,123.0,1876.0,32.0,4.0,20.44,83.5,1.0,34.9,34.9
921.297,89,123.0,1876.0,32.0,4.0,20.44,83.5,1.0,34.9,35.3
921.461,89,123.0,1876.0,32.0,4.0,20.44,83.5,1.0,34.9,35.3
921.708,89,124.0,1876.0,32.0,4.0,20.44,83.5,1.0,34.9,35.3
921.873,89,124.0,1798.0,32.0,4.0,20.44,83.5,1.0,34.9,35.3
922.04,89,124.0,1798.0,31.0,4.0,20.44,83.5,1.0,34.9,35.3
922.287,89,124.0,1798.0,31.0,4.0,20.44,83.5,1.0,34.9,35.3
922.532,89,124.0,1798.0,31.0,4.0,19.44,83.5,1.0,34.9,35.3
922.837,89,124.0,1798.0,31.0,4.0,19.44,83.5,1.0,34.9,35.3
922.953,89,124.0,1798.0,31.0,4.0,19.44,83.5,1.0,34.9,35.3
923.111,89,124.0,1798.0,31.0,4.0,19.44,83.5,1.0,34.9,35.3
923.357,89,124.0,1798.0,31.0,4.0,19.44,83.5,1.0,34.9,35.3
923.606,89,124.0,1798.0,31.0,4.0,19.44,83.5,1.0,34.9,35.3
923.771,89,123.0,1798.0,31.0,4.0,19.44,83.5,1.0,34.9,35.3
923.937,89,123.0,1762.0,31.0,4.0,19.44,83.5,1.0,34.9,35.3
924.183,89,123.0,1762.0,30.0,4.0,19.44,83.5,1.0,34.9,35.3
924.348,89,123.0,1762.0,30.0,4.0,19.44,83.5,1.0,34.9,35.3
924.513,89,123.0,1762.0,30.0,4.0,19.02,83.5,1.0,34.9,35.3
924.678,89,123.0,1762.0,30.0,4.0,19.02,83.5,1.0,34.9,35.3
924.843,89,123.0,1762.0,30.0,4.0,19.02,83.5,1.0,34.9,35.3
925.01,89,123.0,1762.0,30.0,4.0,19.02,83.5,1.0,34.9,35.3
925.255,89,123.0,1762.0,30.0,4.0,19.02,83.5,1.0,34.9,35.3
925.504,89,123.0,1762.0,30.0,4.0,19.02,83.5,1.0,34.9,35.3
925.75,89,123.0,1762.0,30.0,4.0,19.02,83.5,1.0,34.9,35.3
925.915,89,123.0,1737.0,30.0,4.0,19.02,83.5,1.0,34.9,35.3
926.084,89,123.0,1737.0,29.0,4.0,19.02,83.5,1.0,34.9,35.3
926.328,89,123.0,1737.0,29.0,4.0,19.02,83.5,1.0,34.9,35.3
926.579,89,123.0,1737.0,29.0,4.0,18.86,83.5,1.0,34.9,35.3
926.877,89,123.0,1737.0,29.0,4.0,18.86,83.5,1.0,34.9,35.3
926.993,89,123.0,1737.0,29.0,4.0,18.86,83.5,1.0,34.9,35.3
927.155,89,123.0,1737.0,29.0,4.0,18.86,83.5,1.0,35.7,35.3
927.483,89,123.0,1737.0,29.0,4.0,18.86,83.5,1.0,35.7,36.1
927.73,90,123.0,1737.0,29.0,4.0,18.86,83.5,1.0,35.7,36.1
927.979,90,123.0,1737.0,29.0,4.0,18.86,83.5,1.0,35.7,36.1
928.226,90,123.0,1692.0,29.0,4.0,18.86,83.5,1.0,35.7,36.1
928.472,90,123.0,1692.0,29.0,4.0,18.86,83.5,1.0,35.7,36.1
928.721,90,123.0,1692.0,29.0,4.0,18.86,83.5,1.0,35.7,36.1
928.889,90,123.0,1692.0,29.0,4.0,18.24,83.5,1.0,35.7,36.1
929.023,90,123.0,1692.0,29.0,4.0,18.24,83.5,1.0,35.7,36.1
929.215,90,123.0,1692.0,29.0,4.0,18.24,83.5,1.0,35.7,36.1
929.382,90,123.0,1692.0,29.0,4.0,18.24,83.5,1.0,34.9,36.1
929.628,90,123.0,1692.0,29.0,4.0,18.24,83.5,1.0,34.9,35.3
929.793,90,123.0,1692.0,29.0,4.0,18.24,83.5,1.0,34.9,35.3
929.958,90,122.0,1692.0,29.0,4.0,18.24,83.5,1.0,34.9,35.3
930.207,90,122.0,1644.0,29.0,4.0,18.24,83.5,1.0,34.9,35.3
930.534,90,122.0,1644.0,28.0,4.0,18.24,83.5,1.0,34.9,35.3
930.782,90,122.0,1644.0,28.0,3.0,18.24,83.5,1.0,34.9,35.3
930.947,90,122.0,1644.0,28.0,3.0,17.52,83.5,1.0,34.9,35.3
931.085,90,122.0,1644.0,28.0,3.0,17.52,83.5,1.0,34.9,35.3
931.278,90,122.0,1644.0,28.0,3.0,17.52,83.5,1.0,34.9,35.3
931.442,90,122.0,1644.0,28.0,3.0,17.52,83.5,1.0,29.0,35.3
931.691,90,122.0,1644.0,28.0,3.0,17.52,83.5,1.0,29.0,29.4
931.938,90,122.0,1644.0,28.0,3.0,17.52,83.5,1.0,29.0,29.4
932.102,90,111.0,1644.0,28.0,3.0,17.52,83.5,1.0,29.0,29.4
932.35,90,111.0,1533.0,28.0,3.0,17.52,83.5,1.0,29.0,29.4
932.597,90,111.0,1533.0,26.0,3.0,17.52,83.5,1.0,29.0,29.4
932.735,90,111.0,1533.0,26.0,3.0,17.52,83.5,1.0,29.0,29.4
932.983,90,111.0,1533.0,26.0,3.0,13.05,83.5,1.0,29.0,29.4
933.175,90,111.0,1533.0,26.0,3.0,13.05,83.5,1.0,29.0,29.4
933.34,90,111.0,1533.0,26.0,3.0,13.05,83.5,1.0,29.0,29.4
933.505,90,111.0,1533.0,26.0,3.0,13.05,83.5,1.0,14.1,29.4
933.751,90,111.0,1533.0,26.0,3.0,13.05,83.5,1.0,14.1,14.5
933.999,90,111.0,1533.0,26.0,3.0,13.05,83.5,1.0,14.1,14.5
934.167,90,112.0,1533.0,26.0,3.0,13.05,83.5,1.0,14.1,14.5
934.412,90,112.0,1202.0,26.0,3.0,13.05,83.5,1.0,14.1,14.5
934.66,90,112.0,1202.0,20.0,3.0,13.05,83.5,1.0,14.1,14.5
934.826,90,112.0,1202.0,20.0,4.0,13.05,83.5,1.0,14.1,14.5
934.995,90,112.0,1202.0,20.0,4.0,17.33,83.5,1.0,14.1,14.5
935.238,90,112.0,1202.0,20.0,4.0,17.33,83.5,1.0,14.1,14.5
935.487,90,112.0,1202.0,20.0,4.0,17.33,83.5,1.0,14.1,14.5
935.732,90,112.0,1202.0,20.0,4.0,17.33,83.5,1.0,14.1,14.5
935.898,90,112.0,1202.0,20.0,4.0,17.33,83.5,1.0,14.1,14.5
936.035,90,112.0,1202.0,20.0,4.0,17.33,83.5,1.0,14.1,14.5
936.227,90,106.0,1202.0,20.0,4.0,17.33,83.5,1.0,14.1,14.5
936.476,90,106.0,895.0,20.0,4.0,17.33,83.5,1.0,14.1,14.5
936.64,90,106.0,895.0,12.0,4.0,17.33,83.5,1.0,14.1,14.5
936.807,90,106.0,895.0,12.0,-2.0,17.33,83.5,1.0,14.1,14.5
937.052,90,106.0,895.0,12.0,-2.0,8.33,83.5,1.0,14.1,14.5
937.3,90,106.0,895.0,12.0,-2.0,8.33,83.5,1.0,14.1,14.5
937.547,90,106.0,895.0,12.0,-2.0,8.33,83.5,1.0,14.1,14.5
937.795,90,106.0,895.0,12.0,-2.0,8.33,83.5,1.0,14.1,14.5
937.96,90,106.0,895.0,12.0,-2.0,8.33,83.5,1.0,14.1,14.5
938.13,90,106.0,895.0,12.0,-2.0,8.33,83.5,1.0,14.1,14.5
938.372,90,105.0,895.0,12.0,-2.0,8.33,83.5,1.0,14.1,14.5
938.62,90,105.0,897.0,12.0,-2.0,8.33,83.5,1.0,14.1,14.5
938.87,90,105.0,897.0,7.0,-2.0,8.33,83.5,1.0,14.1,14.5
939.037,90,105.0,897.0,7.0,-1.0,8.33,83.5,1.0,14.1,14.5
939.28,90,105.0,897.0,7.0,-1.0,9.41,83.5,1.0,14.1,14.5
939.446,90,105.0,897.0,7.0,-1.0,9.41,83.5,1.0,14.1,14.5
939.611,90,105.0,897.0,7.0,-1.0,9.41,83.5,1.0,14.1,14.5
939.943,90,105.0,897.0,7.0,-1.0,9.41,83.5,1.0,24.3,14.5
940.189,90,105.0,897.0,7.0,-1.0,9.41,83.5,1.0,24.3,25.1
940.435,90,105.0,897.0,7.0,-1.0,9.41,83.5,1.0,24.3,25.1
940.683,90,108.0,897.0,7.0,-1.0,9.41,83.5,1.0,24.3,25.1
940.848,90,108.0,936.0,7.0,-1.0,9.41,83.5,1.0,24.3,25.1
941.013,90,108.0,936.0,10.0,-1.0,9.41,83.5,1.0,24.3,25.1
941.261,90,108.0,936.0,10.0,1.0,9.41,83.5,1.0,24.3,25.1
941.509,90,108.0,936.0,10.0,1.0,10.08,83.5,1.0,24.3,25.1
941.755,90,108.0,936.0,10.0,1.0,10.08,83.5,1.0,24.3,25.1
941.921,90,108.0,936.0,10.0,1.0,10.08,83.5,1.0,24.3,25.1
942.088,90,108.0,936.0,10.0,1.0,10.08,83.5,1.0,25.5,25.1
942.333,90,108.0,936.0,10.0,1.0,10.08,83.5,1.0,25.5,25.5
942.497,90,108.0,936.0,10.0,1.0,10.08,83.5,1.0,25.5,25.5
942.662,90,109.0,936.0,10.0,1.0,10.08,83.5,1.0,25.5,25.5
942.829,90,109.0,939.0,10.0,1.0,10.08,83.5,1.0,25.5,25.5
942.992,90,109.0,939.0,16.0,1.0,10.08,83.5,1.0,25.5,25.5
943.241,90,109.0,939.0,16.0,2.0,10.08,83.5,1.0,25.5,25.5
943.46,90,109.0,939.0,16.0,2.0,11.55,83.5,1.0,25.5,25.5
943.572,90,109.0,939.0,16.0,2.0,11.55,83.5,1.0,25.5,25.5
943.734,90,109.0,939.0,16.0,2.0,11.55,83.5,1.0,25.5,25.5
943.899,90,109.0,939.0,16.0,2.0,11.55,83.5,1.0,31.0,25.5
944.121,90,109.0,939.0,16.0,2.0,11.55,83.5,1.0,31.0,32.5
944.234,91,109.0,939.0,16.0,2.0,11.55,83.5,1.0,31.0,32.5
944.396,91,114.0,939.0,16.0,2.0,11.55,83.5,1.0,31.0,32.5
944.642,91,114.0,1186.0,16.0,2.0,11.55,83.5,1.0,31.0,32.5
944.808,91,114.0,1186.0,21.0,2.0,11.55,83.5,1.0,31.0,32.5
944.972,91,114.0,1186.0,21.0,4.0,11.55,83.5,1.0,31.0,32.5
945.138,91,114.0,1186.0,21.0,4.0,12.47,83.5,1.0,31.0,32.5
945.386,91,114.0,1186.0,21.0,4.0,12.47,83.5,1.0,31.0,32.5
945.55,91,114.0,1186.0,21.0,4.0,12.47,83.5,1.0,31.0,32.5
945.688,91,114.0,1186.0,21.0,4.0,12.47,83.5,1.0,32.2,32.5
945.881,91,114.0,1186.0,21.0,4.0,12.47,83.5,1.0,32.2,32.2
946.049,91,114.0,1186.0,21.0,4.0,12.47,83.5,1.0,32.2,32.2
946.292,91,114.0,1186.0,21.0,4.0,12.47,83.5,1.0,32.2,32.2
946.54,91,114.0,1401.0,21.0,4.0,12.47,83.5,1.0,32.2,32.2
946.789,91,114.0,1401.0,24.0,4.0,12.47,83.5,1.0,32.2,32.2
946.953,91,114.0,1401.0,24.0,5.0,12.47,83.5,1.0,32.2,32.2
947.2,91,114.0,1401.0,24.0,5.0,13.88,83.5,1.0,32.2,32.2
947.447,91,114.0,1401.0,24.0,5.0,13.88,83.5,1.0,32.2,32.2
947.613,91,114.0,1401.0,24.0,5.0,13.88,83.5,1.0,32.2,32.2
947.943,91,114.0,1401.0,24.0,5.0,13.88,83.5,1.0,29.0,32.2
948.19,91,114.0,1401.0,24.0,5.0,13.88,83.5,1.0,29.0,29.4
948.437,91,114.0,1401.0,24.0,5.0,13.88,83.5,1.0,29.0,29.4
948.602,91,111.0,1401.0,24.0,5.0,13.88,83.5,1.0,29.0,29.4
948.768,91,111.0,1502.0,24.0,5.0,13.88,83.5,1.0,29.0,29.4
949.099,91,111.0,1502.0,26.0,5.0,13.88,83.5,1.0,29.0,29.4
949.345,91,111.0,1502.0,26.0,4.0,13.88,83.5,1.0,29.0,29.4
949.593,91,111.0,1502.0,26.0,4.0,13.19,83.5,1.0,29.0,29.4
949.839,91,111.0,1502.0,26.0,4.0,13.19,83.5,1.0,29.0,29.4
950.005,91,111.0,1502.0,26.0,4.0,13.19,83.5,1.0,29.0,29.4
950.173,91,111.0,1502.0,26.0,4.0,13.19,83.5,1.0,29.4,29.4
950.417,91,111.0,1502.0,26.0,4.0,13.19,83.5,1.0,29.4,29.4
950.638,91,111.0,1502.0,26.0,4.0,13.19,83.5,1.0,29.4,29.4
950.834,91,113.0,1502.0,26.0,4.0,13.19,83.5,1.0,29.4,29.4
950.996,91,113.0,1595.0,26.0,4.0,13.19,83.5,1.0,29.4,29.4
951.135,91,113.0,1595.0,27.0,4.0,13.19,83.5,1.0,29.4,29.4
951.326,91,113.0,1595.0,27.0,5.0,13.19,83.5,1.0,29.4,29.4
951.49,91,113.0,1595.0,27.0,5.0,14.08,83.5,1.0,29.4,29.4
951.627,91,113.0,1595.0,27.0,5.0,14.08,83.5,1.0,29.4,29.4
951.794,91,113.0,1595.0,27.0,5.0,14.08,83.5,0.0,29.4,29.4
951.909,91,113.0,1595.0,27.0,5.0,14.08,83.5,0.0,29.4,29.4
952.04,91,113.0,1595.0,27.0,5.0,14.08,83.5,0.0,29.4,29.4
952.234,91,113.0,1595.0,27.0,5.0,14.08,83.5,0.0,29.4,29.4
952.397,91,114.0,1595.0,27.0,5.0,14.08,83.5,0.0,29.4,29.4
952.645,91,114.0,1657.0,27.0,5.0,14.08,83.5,0.0,29.4,29.4
952.975,91,114.0,1657.0,28.0,5.0,14.08,83.5,0.0,29.4,29.4
953.114,91,114.0,1657.0,28.0,5.0,14.08,83.5,0.0,29.4,29.4
953.305,91,114.0,1657.0,28.0,5.0,15.19,83.5,0.0,29.4,29.4
953.47,91,114.0,1657.0,28.0,5.0,15.19,83.5,0.0,29.4,29.4
953.717,91,114.0,1657.0,28.0,5.0,15.19,83.5,0.0,29.4,29.4
953.89,91,114.0,1657.0,28.0,5.0,15.19,83.5,0.0,27.1,29.4
954.051,91,114.0,1657.0,28.0,5.0,15.19,83.5,0.0,27.1,25.5
954.295,91,114.0,1657.0,28.0,5.0,15.19,83.5,0.0,27.1,25.5
954.542,91,112.0,1657.0,28.0,5.0,15.19,83.5,0.0,27.1,25.5
954.707,91,112.0,1702.0,28.0,5.0,15.19,83.5,0.0,27.1,25.5
954.873,91,112.0,1702.0,29.0,5.0,15.19,83.5,0.0,27.1,25.5
955.038,91,112.0,1702.0,29.0,5.0,15.19,83.5,0.0,27.1,25.5
955.205,91,112.0,1702.0,29.0,5.0,15.24,83.5,0.0,27.1,25.5
955.368,91,112.0,1702.0,29.0,5.0,15.24,83.5,0.0,27.1,25.5
955.505,91,112.0,1702.0,29.0,5.0,15.24,83.5,0.0,27.1,25.5
955.697,91,112.0,1702.0,29.0,5.0,15.24,83.5,0.0,24.7,25.5
956.002,91,112.0,1702.0,29.0,5.0,15.24,83.5,0.0,24.7,24.7
956.111,91,112.0,1702.0,29.0,5.0,15.24,83.5,0.0,24.7,24.7
956.277,91,107.0,1702.0,29.0,5.0,15.24,83.5,0.0,24.7,24.7
956.523,91,107.0,1665.0,29.0,5.0,15.24,83.5,0.0,24.7,24.7
956.77,91,107.0,1665.0,28.0,5.0,15.24,83.5,0.0,24.7,24.7
956.991,91,107.0,1665.0,28.0,4.0,15.24,83.5,0.0,24.7,24.7
957.185,91,107.0,1665.0,28.0,4.0,14.69,83.5,0.0,24.7,24.7
957.43,91,107.0,1665.0,28.0,4.0,14.69,83.5,0.0,24.7,24.7
957.762,91,107.0,1665.0,28.0,4.0,14.69,83.5,0.0,24.7,24.7
957.928,91,107.0,1665.0,28.0,4.0,14.69,83.5,0.0,25.9,24.7
958.09,91,107.0,1665.0,28.0,4.0,14.69,83.5,0.0,25.9,25.5
958.337,91,107.0,1665.0,28.0,4.0,14.69,83.5,0.0,25.9,25.5
958.585,91,110.0,1665.0,28.0,4.0,14.69,83.5,0.0,25.9,25.5
958.832,91,110.0,1617.0,28.0,4.0,14.69,83.5,0.0,25.9,25.5
958.998,91,110.0,1617.0,27.0,4.0,14.69,83.5,0.0,25.9,25.5
959.165,91,110.0,1617.0,27.0,4.0,14.69,83.5,0.0,25.9,25.5
959.41,91,110.0,1617.0,27.0,4.0,13.77,83.5,0.0,25.9,25.5
959.657,91,110.0,1617.0,27.0,4.0,13.77,83.5,0.0,25.9,25.5
959.96,91,110.0,1617.0,27.0,4.0,13.77,83.5,0.0,25.9,25.5
960.073,91,110.0,1617.0,27.0,4.0,13.77,83.5,0.0,14.1,25.5
960.237,91,110.0,1617.0,27.0,4.0,13.77,83.5,0.0,14.1,14.5
960.481,91,110.0,1617.0,27.0,4.0,13.77,83.5,0.0,14.1,14.5
960.647,91,116.0,1617.0,27.0,4.0,13.77,83.5,0.0,14.1,14.5
960.812,91,116.0,1344.0,27.0,4.0,13.77,83.5,0.0,14.1,14.5
960.978,91,116.0,1344.0,23.0,4.0,13.77,83.5,0.0,14.1,14.5
961.144,91,116.0,1344.0,23.0,6.0,13.77,83.5,0.0,14.1,14.5
961.39,91,116.0,1344.0,23.0,6.0,15.61,83.5,0.0,14.1,14.5
961.637,91,116.0,1344.0,23.0,6.0,15.61,83.5,0.0,14.1,14.5
961.885,91,116.0,1344.0,23.0,6.0,15.61,83.5,0.0,14.1,14.5
962.05,91,116.0,1344.0,23.0,6.0,15.61,83.5,0.0,14.1,14.5
962.216,91,116.0,1344.0,23.0,6.0,15.61,83.5,0.0,14.1,14.5
962.464,91,116.0,1344.0,23.0,6.0,15.61,83.5,0.0,14.1,14.5
962.71,91,106.0,1344.0,23.0,6.0,15.61,83.5,0.0,14.1,14.5
963.04,91,106.0,897.0,23.0,6.0,15.61,83.5,0.0,14.1,14.5
963.177,91,106.0,897.0,11.0,6.0,15.61,83.5,0.0,14.1,14.5
963.37,91,106.0,897.0,11.0,0.0,15.61,83.5,0.0,14.1,14.5
963.535,91,106.0,897.0,11.0,0.0,8.16,83.5,0.0,14.1,14.5
963.7,91,106.0,897.0,11.0,0.0,8.16,83.5,0.0,14.1,14.5
963.865,91,106.0,897.0,11.0,0.0,8.16,83.5,0.0,14.1,14.5
964.031,91,106.0,897.0,11.0,0.0,8.16,83.5,0.0,14.1,14.5
964.168,91,106.0,897.0,11.0,0.0,8.16,83.5,0.0,14.1,14.5
964.36,91,106.0,897.0,11.0,0.0,8.16,83.5,0.0,14.1,14.5
964.526,91,104.0,897.0,11.0,0.0,8.16,83.5,0.0,14.1,14.5
965.024,91,104.0,898.0,11.0,0.0,8.16,83.5,0.0,14.1,14.5
965.186,91,104.0,898.0,5.0,0.0,8.16,83.5,0.0,14.1,14.5
965.406,91,104.0,898.0,5.0,-1.0,8.16,83.5,0.0,14.1,14.5
965.515,91,104.0,898.0,5.0,-1.0,8.22,83.5,0.0,14.1,14.5
965.818,91,104.0,898.0,5.0,-1.0,8.22,83.5,0.0,14.1,14.5
966.011,91,104.0,898.0,5.0,-1.0,8.22,83.5,0.0,14.1,14.5
966.176,91,104.0,898.0,5.0,-1.0,8.22,83.5,0.0,19.2,14.5
966.423,91,104.0,898.0,5.0,-1.0,8.22,83.5,0.0,19.2,18.8
966.67,91,104.0,898.0,5.0,-1.0,8.22,83.5,0.0,19.2,18.8
966.808,91,105.0,898.0,5.0,-1.0,8.22,83.5,0.0,19.2,18.8
966.975,91,105.0,906.0,5.0,-1.0,8.22,83.5,0.0,19.2,18.8
967.087,91,105.0,906.0,8.0,-1.0,8.22,83.5,0.0,19.2,18.8
967.252,91,105.0,906.0,8.0,-1.0,8.22,83.5,0.0,19.2,18.8
967.467,91,105.0,906.0,8.0,-1.0,10.41,83.5,0.0,19.2,18.8
967.579,91,105.0,906.0,8.0,-1.0,10.41,83.5,0.0,19.2,18.8
967.743,91,105.0,906.0,8.0,-1.0,10.41,83.5,0.0,19.2,18.8
968.073,91,105.0,906.0,8.0,-1.0,10.41,83.5,0.0,23.5,18.8
968.32,91,105.0,906.0,8.0,-1.0,10.41,83.5,0.0,23.5,22.7
968.568,91,105.0,906.0,8.0,-1.0,10.41,83.5,0.0,23.5,22.7
968.705,91,107.0,906.0,8.0,-1.0,10.41,83.5,0.0,23.5,22.7
968.897,91,107.0,1207.0,8.0,-1.0,10.41,83.5,0.0,23.5,22.7
969.037,91,107.0,1207.0,10.0,-1.0,10.41,83.5,0.0,23.5,22.7
969.228,91,107.0,1207.0,10.0,3.0,10.41,83.5,0.0,23.5,22.7
969.393,91,107.0,1207.0,10.0,3.0,10.02,83.5,0.0,23.5,22.7
969.641,91,107.0,1207.0,10.0,3.0,10.02,83.5,0.0,23.5,22.7
969.891,91,107.0,1207.0,10.0,3.0,10.02,83.5,0.0,23.5,22.7
970.109,91,107.0,1207.0,10.0,3.0,10.02,83.5,0.0,21.6,22.7
970.273,91,107.0,1207.0,10.0,3.0,10.02,83.5,0.0,21.6,21.2
970.465,91,107.0,1207.0,10.0,3.0,10.02,83.5,0.0,21.6,21.2
970.63,91,103.0,1207.0,10.0,3.0,10.02,83.5,0.0,21.6,21.2
970.878,91,103.0,1185.0,10.0,3.0,10.02,83.5,0.0,21.6,21.2
971.045,91,103.0,1185.0,10.0,3.0,10.02,83.5,0.0,21.6,21.2
971.212,91,103.0,1185.0,10.0,2.0,10.02,83.5,0.0,21.6,21.2
971.455,91,103.0,1185.0,10.0,2.0,9.69,83.5,0.0,21.6,21.2
971.704,91,103.0,1185.0,10.0,2.0,9.69,83.5,0.0,21.6,21.2
972.034,91,103.0,1185.0,10.0,2.0,9.69,83.5,0.0,21.6,21.2
972.285,91,103.0,1185.0,10.0,2.0,9.69,83.5,0.0,14.1,21.2
972.527,91,103.0,1185.0,10.0,2.0,9.69,83.5,0.0,14.1,14.5
972.775,91,103.0,1185.0,10.0,2.0,9.69,83.5,0.0,14.1,14.5
973.023,91,104.0,1185.0,10.0,2.0,9.69,83.5,0.0,14.1,14.5
973.19,91,104.0,915.0,10.0,2.0,9.69,83.5,0.0,14.1,14.5
973.353,91,104.0,915.0,1.0,2.0,9.69,83.5,0.0,14.1,14.5
973.49,91,104.0,915.0,1.0,1.0,9.69,83.5,0.0,14.1,14.5
973.682,91,104.0,915.0,1.0,1.0,8.16,83.5,0.0,14.1,14.5
973.985,91,104.0,915.0,1.0,1.0,8.16,83.5,0.0,14.1,14.5
974.178,91,104.0,915.0,1.0,1.0,8.16,83.5,0.0,14.1,14.5
974.425,91,104.0,915.0,1.0,1.0,8.16,83.5,0.0,14.1,14.5
974.672,91,104.0,915.0,1.0,1.0,8.16,83.5,0.0,14.1,14.5
974.923,91,104.0,915.0,1.0,1.0,8.16,83.5,0.0,14.1,14.5
975.087,91,103.0,915.0,1.0,1.0,8.16,83.5,0.0,14.1,14.5
975.223,91,103.0,768.0,1.0,1.0,8.16,83.5,0.0,14.1,14.5
975.415,91,103.0,768.0,0.0,1.0,8.16,83.5,0.0,14.1,14.5
975.583,91,103.0,768.0,0.0,0.0,8.16,83.5,0.0,14.1,14.5
975.828,91,103.0,768.0,0.0,0.0,7.38,83.5,0.0,14.1,14.5
975.994,91,103.0,768.0,0.0,0.0,7.38,83.5,0.0,14.1,14.5
976.13,91,103.0,768.0,0.0,0.0,7.38,83.5,0.0,14.1,14.5
976.295,91,103.0,768.0,0.0,0.0,7.38,83.5,0.0,14.1,14.5
976.487,91,103.0,768.0,0.0,0.0,7.38,83.5,0.0,14.1,14.5
976.625,91,103.0,768.0,0.0,0.0,7.38,83.5,0.0,14.1,14.5
976.817,91,102.0,768.0,0.0,0.0,7.38,83.5,0.0,14.1,14.5
977.066,91,102.0,770.0,0.0,0.0,7.38,83.5,0.0,14.1,14.5
977.312,91,102.0,770.0,0.0,0.0,7.38,83.5,0.0,14.1,14.5
977.56,91,102.0,770.0,0.0,0.0,7.38,83.5,0.0,14.1,14.5
977.808,91,102.0,770.0,0.0,0.0,9.19,83.5,0.0,14.1,14.5
977.973,91,102.0,770.0,0.0,0.0,9.19,83.5,0.0,14.1,14.5
978.138,91,102.0,770.0,0.0,0.0,9.19,83.5,0.0,14.1,14.5
978.385,91,102.0,770.0,0.0,0.0,9.19,83.5,0.0,14.1,14.5
978.632,91,102.0,770.0,0.0,0.0,9.19,83.5,0.0,14.1,14.5
978.885,91,102.0,770.0,0.0,0.0,9.19,83.5,0.0,14.1,14.5
979.018,91,106.0,770.0,0.0,0.0,9.19,83.5,0.0,14.1,14.5
979.184,91,106.0,945.0,0.0,0.0,9.19,83.5,0.0,14.1,14.5
979.375,91,106.0,945.0,0.0,0.0,9.19,83.5,0.0,14.1,14.5
979.622,91,106.0,945.0,0.0,2.0,9.19,83.5,0.0,14.1,14.5
979.87,91,106.0,945.0,0.0,2.0,8.47,83.5,0.0,14.1,14.5
980.036,91,106.0,945.0,0.0,2.0,8.47,83.5,0.0,14.1,14.5
980.203,91,106.0,945.0,0.0,2.0,8.47,83.5,0.0,14.1,14.5
980.448,91,106.0,945.0,0.0,2.0,8.47,83.5,0.0,19.6,14.5
980.695,91,106.0,945.0,0.0,2.0,8.47,83.5,0.0,19.6,14.5
980.943,91,106.0,945.0,0.0,2.0,8.47,83.5,0.0,19.6,14.5
981.19,91,104.0,945.0,0.0,2.0,8.47,83.5,0.0,19.6,14.5
981.356,91,104.0,817.0,0.0,2.0,8.47,83.5,0.0,19.6,14.5
981.603,91,104.0,817.0,0.0,2.0,8.47,83.5,0.0,19.6,14.5
981.849,91,104.0,817.0,0.0,4.0,8.47,83.5,0.0,19.6,14.5
981.986,91,104.0,817.0,0.0,4.0,7.55,83.5,0.0,19.6,14.5
982.151,91,104.0,817.0,0.0,4.0,7.55,83.5,0.0,19.6,14.5
982.344,91,104.0,817.0,0.0,4.0,7.55,83.5,0.0,19.6,14.5
982.592,91,104.0,817.0,0.0,4.0,7.55,83.5,0.0,14.1,14.5
982.839,91,104.0,817.0,0.0,4.0,7.55,83.5,0.0,14.1,14.5
983.004,91,104.0,817.0,0.0,4.0,7.55,83.5,0.0,14.1,14.5
983.142,91,102.0,817.0,0.0,4.0,7.55,83.5,0.0,14.1,14.5
983.335,91,102.0,761.0,0.0,4.0,7.55,83.5,0.0,14.1,14.5
983.503,91,102.0,761.0,1.0,4.0,7.55,83.5,0.0,14.1,14.5
983.75,91,102.0,761.0,1.0,1.0,7.55,83.5,0.0,14.1,14.5
983.996,91,102.0,761.0,1.0,1.0,7.13,83.5,0.0,14.1,14.5
984.161,91,102.0,761.0,1.0,1.0,7.13,83.5,0.0,14.1,14.5
984.325,91,102.0,761.0,1.0,1.0,7.13,83.5,0.0,14.1,14.5
984.582,91,102.0,761.0,1.0,1.0,7.13,83.5,0.0,14.1,14.5
984.821,91,102.0,761.0,1.0,1.0,7.13,83.5,0.0,14.1,14.5
985.152,91,102.0,761.0,1.0,1.0,7.13,83.5,0.0,14.1,14.5
985.397,91,102.0,761.0,1.0,1.0,7.13,83.5,0.0,14.1,14.5
985.7,91,102.0,770.0,1.0,1.0,7.13,83.5,0.0,14.1,14.5
985.865,91,102.0,770.0,2.0,1.0,7.13,83.5,0.0,14.1,14.5
986.113,91,102.0,770.0,2.0,1.0,7.13,83.5,0.0,14.1,14.5
986.225,91,102.0,770.0,2.0,1.0,7.11,83.5,0.0,14.1,14.5
986.389,91,102.0,770.0,2.0,1.0,7.11,83.5,0.0,14.1,14.5
986.635,91,102.0,770.0,2.0,1.0,7.11,83.5,0.0,14.1,14.5
986.885,91,102.0,770.0,2.0,1.0,7.11,83.5,0.0,14.1,14.5
987.05,91,102.0,770.0,2.0,1.0,7.11,83.5,0.0,14.1,14.5
987.214,91,102.0,770.0,2.0,1.0,7.11,83.5,0.0,14.1,14.5
987.46,91,102.0,770.0,2.0,1.0,7.11,83.5,0.0,14.1,14.5
987.708,91,102.0,771.0,2.0,1.0,7.11,83.5,0.0,14.1,14.5
987.955,91,102.0,771.0,3.0,1.0,7.11,83.5,0.0,14.1,14.5
988.092,91,102.0,771.0,3.0,1.0,7.11,83.5,0.0,14.1,14.5
988.257,91,102.0,771.0,3.0,1.0,7.11,83.5,0.0,14.1,14.5
988.45,91,102.0,771.0,3.0,1.0,7.11,83.5,0.0,14.1,14.5
988.697,91,102.0,771.0,3.0,1.0,7.11,83.5,0.0,14.1,14.5
988.946,91,102.0,771.0,3.0,1.0,7.11,83.5,0.0,14.1,14.5
989.086,91,102.0,771.0,3.0,1.0,7.11,83.5,0.0,14.1,14.5
989.254,91,102.0,771.0,3.0,1.0,7.11,83.5,0.0,14.1,14.5
989.441,91,102.0,771.0,3.0,1.0,7.11,83.5,0.0,14.1,14.5
989.688,91,102.0,770.0,3.0,1.0,7.11,83.5,0.0,14.1,14.5
989.936,91,102.0,770.0,2.0,1.0,7.11,83.5,0.0,14.1,14.5
990.103,91,102.0,770.0,2.0,1.0,7.11,83.5,0.0,14.1,14.5
990.267,91,102.0,770.0,2.0,1.0,7.13,83.5,0.0,14.1,14.5
990.511,91,102.0,770.0,2.0,1.0,7.13,83.5,0.0,14.1,14.5
990.732,91,102.0,770.0,2.0,1.0,7.13,83.5,0.0,14.1,14.5
990.926,91,102.0,770.0,2.0,1.0,7.13,83.5,0.0,14.1,14.5
991.172,91,102.0,770.0,2.0,1.0,7.13,83.5,0.0,14.1,14.5
991.338,91,102.0,770.0,2.0,1.0,7.13,83.5,0.0,14.1,14.5
991.585,91,102.0,770.0,2.0,1.0,7.13,83.5,0.0,14.1,14.5
991.831,91,102.0,967.0,2.0,1.0,7.13,83.5,0.0,14.1,14.5
992.137,91,102.0,967.0,1.0,1.0,7.13,83.5,0.0,14.1,14.5
992.247,91,102.0,967.0,1.0,1.0,7.13,83.5,0.0,14.1,14.5
992.41,91,102.0,967.0,1.0,1.0,9.74,83.5,0.0,14.1,14.5
992.657,91,102.0,967.0,1.0,1.0,9.74,83.5,0.0,14.1,14.5
992.906,91,102.0,967.0,1.0,1.0,9.74,83.5,0.0,14.1,14.5
993.073,91,102.0,967.0,1.0,1.0,9.74,83.5,0.0,21.2,14.5
993.207,91,102.0,967.0,1.0,1.0,9.74,83.5,0.0,21.2,21.2
993.4,91,102.0,967.0,1.0,1.0,9.74,83.5,0.0,21.2,21.2
993.566,91,108.0,967.0,1.0,1.0,9.74,83.5,0.0,21.2,21.2
993.812,91,108.0,1032.0,1.0,1.0,9.74,83.5,0.0,21.2,21.2
994.143,91,108.0,1032.0,3.0,1.0,9.74,83.5,0.0,21.2,21.2
994.39,91,108.0,1032.0,3.0,5.0,9.74,83.5,0.0,21.2,21.2
994.638,91,108.0,1032.0,3.0,5.0,8.58,83.5,0.0,21.2,21.2
994.888,91,108.0,1032.0,3.0,5.0,8.58,83.5,0.0,21.2,21.2
995.137,91,108.0,1032.0,3.0,5.0,8.58,83.5,0.0,21.2,21.2
995.38,91,108.0,1032.0,3.0,5.0,8.58,83.5,0.0,14.5,21.2
995.627,91,108.0,1032.0,3.0,5.0,8.58,83.5,0.0,14.5,20.0
995.875,91,108.0,1032.0,3.0,5.0,8.58,83.5,0.0,14.5,20.0
996.123,91,105.0,1032.0,3.0,5.0,8.58,83.5,0.0,14.5,20.0
996.371,91,105.0,1076.0,3.0,5.0,8.58,83.5,0.0,14.5,20.0
996.618,91,105.0,1076.0,1.0,5.0,8.58,83.5,0.0,14.5,20.0
996.755,91,105.0,1076.0,1.0,4.0,8.58,83.5,0.0,14.5,20.0
996.949,91,105.0,1076.0,1.0,4.0,8.69,83.5,0.0,14.5,20.0
997.195,91,105.0,1076.0,1.0,4.0,8.69,83.5,0.0,14.5,20.0
997.443,91,105.0,1076.0,1.0,4.0,8.69,83.5,1.0,14.5,20.0
997.69,91,105.0,1076.0,1.0,4.0,8.69,83.5,1.0,20.8,20.0
997.939,91,105.0,1076.0,1.0,4.0,8.69,83.5,1.0,20.8,20.8
998.186,90,105.0,1076.0,1.0,4.0,8.69,83.5,1.0,20.8,20.8
998.323,90,110.0,1076.0,1.0,4.0,8.69,83.5,1.0,20.8,20.8
998.515,90,110.0,1017.0,1.0,4.0,8.69,83.5,1.0,20.8,20.8
998.681,90,110.0,1017.0,5.0,4.0,8.69,83.5,1.0,20.8,20.8
998.927,90,110.0,1017.0,5.0,4.0,8.69,83.5,1.0,20.8,20.8
999.093,90,110.0,1017.0,5.0,4.0,9.91,83.5,1.0,20.8,20.8
999.257,90,110.0,1017.0,5.0,4.0,9.91,83.5,1.0,20.8,20.8
999.395,90,110.0,1017.0,5.0,4.0,9.91,83.5,1.0,20.8,20.8
999.587,90,110.0,1017.0,5.0,4.0,9.91,83.5,1.0,20.8,20.8
999.752,90,110.0,1017.0,5.0,4.0,9.91,83.5,1.0,20.8,20.4
1000.0,90,110.0,1017.0,5.0,4.0,9.91,83.5,1.0,20.8,20.4
1000.26,90,111.0,1017.0,5.0,4.0,9.91,83.5,1.0,20.8,20.4
1000.495,90,111.0,1063.0,5.0,4.0,9.91,83.5,1.0,20.8,20.4
1000.742,90,111.0,1063.0,9.0,4.0,9.91,83.5,1.0,20.8,20.4
1000.992,90,111.0,1063.0,9.0,4.0,9.91,83.5,1.0,20.8,20.4
1001.32,90,111.0,1063.0,9.0,4.0,9.61,83.5,1.0,20.8,20.4
1001.568,90,111.0,1063.0,9.0,4.0,9.61,83.5,1.0,20.8,20.4
1001.815,90,111.0,1063.0,9.0,4.0,9.61,83.5,1.0,20.8,20.4
1002.063,90,111.0,1063.0,9.0,4.0,9.61,83.5,1.0,14.1,20.4
1002.228,90,111.0,1063.0,9.0,4.0,9.61,83.5,1.0,14.1,14.5
1002.392,90,111.0,1063.0,9.0,4.0,9.61,83.5,1.0,14.1,14.5
1002.639,90,106.0,1063.0,9.0,4.0,9.61,83.5,1.0,14.1,14.5
1002.887,90,106.0,901.0,9.0,4.0,9.61,83.5,1.0,14.1,14.5
1003.142,90,106.0,901.0,1.0,4.0,9.61,83.5,1.0,14.1,14.5
1003.3,90,106.0,901.0,1.0,3.0,9.61,83.5,1.0,14.1,14.5
1003.547,90,106.0,901.0,1.0,3.0,8.13,83.5,1.0,14.1,14.5
1003.795,90,106.0,901.0,1.0,3.0,8.13,83.5,1.0,14.1,14.5
1004.043,90,106.0,901.0,1.0,3.0,8.13,83.5,1.0,14.1,14.5
1004.21,90,106.0,901.0,1.0,3.0,8.13,83.5,1.0,14.1,14.5
1004.373,90,106.0,901.0,1.0,3.0,8.13,83.5,1.0,14.1,14.5
1004.62,90,106.0,901.0,1.0,3.0,8.13,83.5,1.0,14.1,14.5
1004.868,90,103.0,901.0,1.0,3.0,8.13,83.5,1.0,14.1,14.5
1005.033,90,103.0,767.0,1.0,3.0,8.13,83.5,1.0,14.1,14.5
1005.254,90,103.0,767.0,3.0,3.0,8.13,83.5,1.0,14.1,14.5
1005.444,90,103.0,767.0,3.0,1.0,8.13,83.5,1.0,14.1,14.5
1005.609,90,103.0,767.0,3.0,1.0,7.22,83.5,1.0,14.1,14.5
1005.747,90,103.0,767.0,3.0,1.0,7.22,83.5,1.0,14.1,14.5
1005.94,90,103.0,767.0,3.0,1.0,7.22,83.5,1.0,14.1,14.5
1006.19,90,103.0,767.0,3.0,1.0,7.22,83.5,1.0,14.1,14.5
1006.325,90,103.0,767.0,3.0,1.0,7.22,83.5,1.0,14.1,14.5
1006.519,90,103.0,767.0,3.0,1.0,7.22,83.5,1.0,14.1,14.5
1006.765,90,102.0,767.0,3.0,1.0,7.22,83.5,1.0,14.1,14.5
1007.026,90,102.0,770.0,3.0,1.0,7.22,83.5,1.0,14.1,14.5
1007.263,90,102.0,770.0,3.0,1.0,7.22,83.5,1.0,14.1,14.5
1007.507,90,102.0,770.0,3.0,1.0,7.22,83.5,1.0,14.1,14.5
1007.755,90,102.0,770.0,3.0,1.0,7.11,83.5,1.0,14.1,14.5
1008.002,90,102.0,770.0,3.0,1.0,7.11,83.5,1.0,14.1,14.5
1008.169,90,102.0,770.0,3.0,1.0,7.11,83.5,1.0,14.1,14.5
1008.332,90,102.0,770.0,3.0,1.0,7.11,83.5,1.0,14.1,14.5
1008.581,90,102.0,770.0,3.0,1.0,7.11,83.5,1.0,14.1,14.5
1008.828,90,102.0,770.0,3.0,1.0,7.11,83.5,1.0,14.1,14.5
1009.074,90,102.0,770.0,3.0,1.0,7.11,83.5,1.0,14.1,14.5
1009.212,90,102.0,769.0,3.0,1.0,7.11,83.5,1.0,14.1,14.5
1009.323,90,102.0,769.0,4.0,1.0,7.11,83.5,1.0,14.1,14.5
1009.57,90,102.0,769.0,4.0,2.0,7.11,83.5,1.0,14.1,14.5
1009.734,90,102.0,769.0,4.0,2.0,7.16,83.5,1.0,14.1,14.5
1009.984,90,102.0,769.0,4.0,2.0,7.16,83.5,1.0,14.1,14.5
1010.15,90,102.0,769.0,4.0,2.0,7.16,83.5,1.0,14.1,14.5
1010.312,90,102.0,769.0,4.0,2.0,7.16,83.5,1.0,14.1,14.5
1010.559,90,102.0,769.0,4.0,2.0,7.16,83.5,1.0,14.1,14.5
1010.808,90,102.0,769.0,4.0,2.0,7.16,83.5,1.0,14.1,14.5
1011.055,90,102.0,769.0,4.0,2.0,7.16,83.5,1.0,14.1,14.5
1011.221,90,102.0,769.0,4.0,2.0,7.16,83.5,1.0,14.1,14.5
1011.385,90,102.0,769.0,5.0,2.0,7.16,83.5,1.0,14.1,14.5
1011.632,90,102.0,769.0,5.0,2.0,7.16,83.5,1.0,14.1,14.5
1011.883,90,102.0,769.0,5.0,2.0,7.19,83.5,1.0,14.1,14.5
1012.21,90,102.0,769.0,5.0,2.0,7.19,83.5,1.0,14.1,14.5
1012.347,90,102.0,769.0,5.0,2.0,7.19,83.5,1.0,14.1,14.5
1012.539,90,102.0,769.0,5.0,2.0,7.19,83.5,1.0,14.1,14.5
1012.787,90,102.0,769.0,5.0,2.0,7.19,83.5,1.0,14.1,14.5
1013.04,90,102.0,769.0,5.0,2.0,7.19,83.5,1.0,14.1,14.5
1013.282,90,102.0,769.0,5.0,2.0,7.19,83.5,1.0,14.1,14.5
1013.53,90,102.0,865.0,5.0,2.0,7.19,83.5,1.0,14.1,14.5
1013.779,90,102.0,865.0,4.0,2.0,7.19,83.5,1.0,14.1,14.5
1014.025,90,102.0,865.0,4.0,3.0,7.19,83.5,1.0,14.1,14.5
1014.354,90,102.0,865.0,4.0,3.0,8.19,83.5,1.0,14.1,14.5
1014.602,90,102.0,865.0,4.0,3.0,8.19,83.5,1.0,14.1,14.5
1014.849,90,102.0,865.0,4.0,3.0,8.19,83.5,1.0,14.1,14.5
1015.101,90,102.0,865.0,4.0,3.0,8.19,83.5,1.0,14.1,14.5
1015.345,90,102.0,865.0,4.0,3.0,8.19,83.5,1.0,14.1,14.5
1015.51,90,102.0,865.0,4.0,3.0,8.19,83.5,1.0,14.1,14.5
1015.647,90,103.0,865.0,4.0,3.0,8.19,83.5,1.0,14.1,14.5
1015.811,90,103.0,768.0,4.0,3.0,8.19,83.5,1.0,14.1,14.5
1016.005,90,103.0,768.0,2.0,3.0,8.19,83.5,1.0,14.1,14.5
1016.174,90,103.0,768.0,2.0,2.0,8.19,83.5,1.0,14.1,14.5
1016.335,90,103.0,768.0,2.0,2.0,7.16,83.5,1.0,14.1,14.5
1016.582,90,103.0,768.0,2.0,2.0,7.16,83.5,1.0,14.1,14.5
1016.83,90,103.0,768.0,2.0,2.0,7.16,83.5,1.0,14.1,14.5
1017.081,90,103.0,768.0,2.0,2.0,7.16,83.5,1.0,14.1,14.5
1017.25,90,103.0,768.0,2.0,2.0,7.16,83.5,1.0,14.1,14.5
1017.49,90,103.0,768.0,2.0,2.0,7.16,83.5,1.0,14.1,14.5
1017.654,90,102.0,768.0,2.0,2.0,7.16,83.5,1.0,14.1,14.5
1017.903,90,102.0,765.0,2.0,2.0,7.16,83.5,1.0,14.1,14.5
1018.233,90,102.0,765.0,0.0,2.0,7.16,83.5,1.0,14.1,14.5
1018.398,90,102.0,765.0,0.0,2.0,7.16,83.5,1.0,14.1,14.5
1018.563,90,102.0,765.0,0.0,2.0,7.08,83.5,1.0,14.1,14.5
1018.727,90,102.0,765.0,0.0,2.0,7.08,83.5,1.0,14.1,14.5
1018.866,90,102.0,765.0,0.0,2.0,7.08,83.5,1.0,14.1,14.5
1019.058,90,102.0,765.0,0.0,2.0,7.08,83.5,1.0,14.1,14.5
1019.387,90,102.0,765.0,0.0,2.0,7.08,83.5,1.0,14.1,14.5
1019.634,90,102.0,765.0,0.0,2.0,7.08,83.5,1.0,14.1,14.5
1019.883,90,102.0,765.0,0.0,2.0,7.08,83.5,1.0,14.1,14.5
1020.129,90,102.0,770.0,0.0,2.0,7.08,83.5,1.0,14.1,14.5
1020.294,90,102.0,770.0,0.0,2.0,7.08,83.5,1.0,14.1,14.5
1020.541,90,102.0,770.0,0.0,3.0,7.08,83.5,1.0,14.1,14.5
1020.762,90,102.0,770.0,0.0,3.0,7.05,83.5,1.0,14.1,14.5
1020.927,90,102.0,770.0,0.0,3.0,7.05,83.5,1.0,14.1,14.5
1021.122,90,102.0,770.0,0.0,3.0,7.05,83.5,1.0,14.1,14.5
1021.285,90,102.0,770.0,0.0,3.0,7.05,83.5,1.0,14.1,14.5
1021.45,90,102.0,770.0,0.0,3.0,7.05,83.5,1.0,14.1,14.5
1021.615,90,102.0,770.0,0.0,3.0,7.05,83.5,1.0,14.1,14.5
1021.862,90,102.0,770.0,0.0,3.0,7.05,83.5,1.0,14.1,14.5
1022.109,90,102.0,769.0,0.0,3.0,7.05,83.5,1.0,14.1,14.5
1022.247,90,102.0,769.0,0.0,3.0,7.05,83.5,1.0,14.1,14.5
1022.439,90,102.0,769.0,0.0,3.0,7.05,83.5,1.0,14.1,14.5
1022.686,90,102.0,769.0,0.0,3.0,7.33,83.5,1.0,14.1,14.5
1022.933,90,102.0,769.0,0.0,3.0,7.33,83.5,1.0,14.1,14.5
1023.319,90,102.0,769.0,0.0,3.0,7.33,83.5,1.0,14.1,14.5
1023.485,90,102.0,769.0,0.0,3.0,7.33,83.5,1.0,14.1,14.5
1023.677,90,102.0,769.0,0.0,3.0,7.33,83.5,1.0,14.1,14.5
1023.843,90,102.0,769.0,0.0,3.0,7.33,83.5,1.0,14.1,14.5
1024.089,90,102.0,769.0,0.0,3.0,7.33,83.5,1.0,14.1,14.5
1024.279,90,102.0,771.0,0.0,3.0,7.33,83.5,1.0,14.1,14.5
1024.586,90,102.0,771.0,0.0,3.0,7.33,83.5,1.0,14.1,14.5
1024.75,90,102.0,771.0,0.0,3.0,7.33,83.5,1.0,14.1,14.5
1024.916,90,102.0,771.0,0.0,3.0,7.19,83.5,1.0,14.1,14.5
1025.054,90,102.0,771.0,0.0,3.0,7.19,83.5,1.0,14.1,14.5
1025.22,90,102.0,771.0,0.0,3.0,7.19,83.5,1.0,14.1,14.5
1025.328,90,102.0,771.0,0.0,3.0,7.19,83.5,1.0,14.1,14.5
1025.492,90,102.0,771.0,0.0,3.0,7.19,83.5,1.0,14.1,14.5
1025.738,90,102.0,771.0,0.0,3.0,7.19,83.5,1.0,14.1,14.5
1025.988,90,102.0,771.0,0.0,3.0,7.19,83.5,1.0,14.1,14.5
1026.125,90,102.0,768.0,0.0,3.0,7.19,83.5,1.0,14.1,14.5
1026.24,90,102.0,768.0,0.0,3.0,7.19,83.5,1.0,14.1,14.5
1026.372,90,102.0,768.0,0.0,3.0,7.19,83.5,1.0,14.1,14.5
1026.565,90,102.0,768.0,0.0,3.0,7.33,83.5,1.0,14.1,14.5
1026.73,90,102.0,768.0,0.0,3.0,7.33,83.5,1.0,14.1,14.5
1026.979,90,102.0,768.0,0.0,3.0,7.33,83.5,1.0,14.1,14.5
1027.279,90,102.0,768.0,0.0,3.0,7.33,83.5,1.0,14.1,14.5
1027.39,90,102.0,768.0,0.0,3.0,7.33,83.5,1.0,14.1,14.1
1027.527,90,102.0,768.0,0.0,3.0,7.33,83.5,1.0,14.1,14.1
1027.72,90,102.0,768.0,0.0,3.0,7.33,83.5,1.0,14.1,14.1
1027.971,90,102.0,770.0,0.0,3.0,7.33,83.5,1.0,14.1,14.1
1028.297,90,102.0,770.0,0.0,3.0,7.33,83.5,1.0,14.1,14.1
1028.517,90,102.0,770.0,0.0,3.0,7.33,83.5,1.0,14.1,14.1
1028.628,90,102.0,770.0,0.0,3.0,6.91,83.5,1.0,14.1,14.1
1028.792,90,102.0,770.0,0.0,3.0,6.91,83.5,1.0,14.1,14.1
1029.039,90,102.0,770.0,0.0,3.0,6.91,83.5,1.0,14.1,14.1
1029.207,90,102.0,770.0,0.0,3.0,6.91,83.5,1.0,14.1,14.1
1029.37,90,102.0,770.0,0.0,3.0,6.91,83.5,1.0,14.1,14.5
1029.617,90,102.0,770.0,0.0,3.0,6.91,83.5,1.0,14.1,14.5
1029.864,90,102.0,770.0,0.0,3.0,6.91,83.5,1.0,14.1,14.5
1030.112,90,102.0,770.0,0.0,3.0,6.91,83.5,1.0,14.1,14.5
1030.25,90,102.0,770.0,0.0,3.0,6.91,83.5,1.0,14.1,14.5
1030.415,90,102.0,770.0,0.0,3.0,6.91,83.5,1.0,14.1,14.5
1030.689,90,102.0,770.0,0.0,3.0,7.16,83.5,1.0,14.1,14.5
1030.938,90,102.0,770.0,0.0,3.0,7.16,83.5,1.0,14.1,14.5
1031.185,90,102.0,770.0,0.0,3.0,7.16,83.5,1.0,14.1,14.5
1031.322,90,102.0,770.0,0.0,3.0,7.16,83.5,1.0,14.1,14.5
1031.515,90,102.0,770.0,0.0,3.0,7.16,83.5,1.0,14.1,14.5
1031.762,90,102.0,770.0,0.0,3.0,7.16,83.5,1.0,14.1,14.5
1032.01,90,102.0,770.0,0.0,3.0,7.16,83.5,1.0,14.1,14.5
1032.339,90,102.0,769.0,0.0,3.0,7.16,83.5,1.0,14.1,14.5
1032.477,90,102.0,769.0,0.0,3.0,7.16,83.5,1.0,14.1,14.5
1032.643,90,102.0,769.0,0.0,3.0,7.16,83.5,1.0,14.1,14.5
1032.836,90,102.0,769.0,0.0,3.0,7.11,83.5,1.0,14.1,14.5
1033.083,90,102.0,769.0,0.0,3.0,7.11,83.5,1.0,14.1,14.5
1033.25,90,102.0,769.0,0.0,3.0,7.11,83.5,1.0,14.1,14.5
1033.411,90,102.0,769.0,0.0,3.0,7.11,83.5,1.0,14.1,14.5
1033.632,90,102.0,769.0,0.0,3.0,7.11,83.5,1.0,14.1,14.5
1033.823,90,102.0,769.0,0.0,3.0,7.11,83.5,1.0,14.1,14.5
1033.992,90,102.0,769.0,0.0,3.0,7.11,83.5,1.0,14.1,14.5
1034.319,90,102.0,770.0,0.0,3.0,7.11,83.5,1.0,14.1,14.5
1034.569,90,102.0,770.0,0.0,3.0,7.11,83.5,1.0,14.1,14.5
1034.816,90,102.0,770.0,0.0,3.0,7.11,83.5,1.0,14.1,14.5
1035.062,90,102.0,770.0,0.0,3.0,7.24,83.5,1.0,14.1,14.5
1035.31,90,102.0,770.0,0.0,3.0,7.24,83.5,1.0,14.1,14.5
1035.558,90,102.0,770.0,0.0,3.0,7.24,83.5,1.0,14.1,14.5
1035.807,90,102.0,770.0,0.0,3.0,7.24,83.5,1.0,19.2,14.5
1036.053,90,102.0,770.0,0.0,3.0,7.24,83.5,1.0,19.2,19.6
1036.217,90,102.0,770.0,0.0,3.0,7.24,83.5,1.0,19.2,19.6
1036.382,90,104.0,770.0,0.0,3.0,7.24,83.5,1.0,19.2,19.6
1036.629,90,104.0,902.0,0.0,3.0,7.24,83.5,1.0,19.2,19.6
1036.878,90,104.0,902.0,2.0,3.0,7.24,83.5,1.0,19.2,19.6
1037.127,90,104.0,902.0,2.0,8.0,7.24,83.5,1.0,19.2,19.6
1037.291,90,104.0,902.0,2.0,8.0,10.02,83.5,1.0,19.2,19.6
1037.456,90,104.0,902.0,2.0,8.0,10.02,83.5,1.0,19.2,19.6
1037.703,90,104.0,902.0,2.0,8.0,10.02,83.5,1.0,19.2,19.6
1037.949,90,104.0,902.0,2.0,8.0,10.02,83.5,1.0,17.6,19.6
1038.197,90,104.0,902.0,2.0,8.0,10.02,83.5,1.0,17.6,18.0
1038.362,90,104.0,902.0,2.0,8.0,10.02,83.5,1.0,17.6,18.0
1038.529,90,107.0,902.0,2.0,8.0,10.02,83.5,1.0,17.6,18.0
1038.777,90,107.0,965.0,2.0,8.0,10.02,83.5,1.0,17.6,18.0
1039.022,90,107.0,965.0,3.0,8.0,10.02,83.5,1.0,17.6,18.0
1039.16,90,107.0,965.0,3.0,6.0,10.02,83.5,1.0,17.6,18.0
1039.407,90,107.0,965.0,3.0,6.0,8.99,83.5,1.0,17.6,18.0
1039.517,90,107.0,965.0,3.0,6.0,8.99,83.5,1.0,17.6,18.0
1039.654,90,107.0,965.0,3.0,6.0,8.99,83.5,1.0,17.6,18.0
1039.847,90,107.0,965.0,3.0,6.0,8.99,83.5,1.0,18.8,18.0
1040.013,90,107.0,965.0,3.0,6.0,8.99,83.5,1.0,18.8,18.4
1040.343,90,107.0,965.0,3.0,6.0,8.99,83.5,1.0,18.8,18.4
1040.589,90,107.0,965.0,3.0,6.0,8.99,83.5,1.0,18.8,18.4
1040.839,90,107.0,913.0,3.0,6.0,8.99,83.5,1.0,18.8,18.4
1041.084,90,107.0,913.0,5.0,6.0,8.99,83.5,1.0,18.8,18.4
1041.332,90,107.0,913.0,5.0,6.0,8.99,83.5,1.0,18.8,18.4
1041.58,90,107.0,913.0,5.0,6.0,9.74,83.5,1.0,18.8,18.4
1041.827,90,107.0,913.0,5.0,6.0,9.74,83.5,1.0,18.8,18.4
1041.992,90,107.0,913.0,5.0,6.0,9.74,83.5,1.0,18.8,18.4
1042.129,90,107.0,913.0,5.0,6.0,9.74,83.5,1.0,14.1,18.4
1042.239,90,107.0,913.0,5.0,6.0,9.74,83.5,1.0,14.1,14.5
1042.405,90,107.0,913.0,5.0,6.0,9.74,83.5,1.0,14.1,14.5
1042.736,90,106.0,913.0,5.0,6.0,9.74,83.5,1.0,14.1,14.5
1042.982,90,106.0,997.0,5.0,6.0,9.74,83.5,1.0,14.1,14.5
1043.229,90,106.0,997.0,4.0,6.0,9.74,83.5,1.0,14.1,14.5
1043.394,90,106.0,997.0,4.0,7.0,9.74,83.5,1.0,14.1,14.5
1043.559,90,106.0,997.0,4.0,7.0,8.47,83.5,1.0,14.1,14.5
1043.807,90,106.0,997.0,4.0,7.0,8.47,83.5,1.0,14.1,14.5
1044.055,90,106.0,997.0,4.0,7.0,8.47,83.5,1.0,14.1,14.5
1044.22,90,106.0,997.0,4.0,7.0,8.47,83.5,1.0,14.1,14.5
1044.385,90,106.0,997.0,4.0,7.0,8.47,83.5,1.0,14.1,14.5
1044.632,90,106.0,997.0,4.0,7.0,8.47,83.5,1.0,14.1,14.5
1044.88,90,104.0,997.0,4.0,7.0,8.47,83.5,1.0,14.1,14.5
1045.048,90,104.0,800.0,4.0,7.0,8.47,83.5,1.0,14.1,14.5
1045.182,90,104.0,800.0,0.0,7.0,8.47,83.5,1.0,14.1,14.5
1045.292,90,104.0,800.0,0.0,4.0,8.47,83.5,1.0,14.1,14.5
1045.429,90,104.0,800.0,0.0,4.0,7.3,83.5,1.0,14.1,14.5
1045.677,90,104.0,800.0,0.0,4.0,7.3,83.5,1.0,14.1,14.5
1045.788,90,104.0,800.0,0.0,4.0,7.3,83.5,1.0,14.1,14.5
1045.957,90,104.0,800.0,0.0,4.0,7.3,83.5,1.0,14.1,14.5
1046.199,90,104.0,800.0,0.0,4.0,7.3,83.5,1.0,14.1,14.5
1046.364,90,104.0,800.0,0.0,4.0,7.3,83.5,1.0,14.1,14.5
1046.53,90,102.0,800.0,0.0,4.0,7.3,83.5,1.0,14.1,14.5
1046.777,90,102.0,768.0,0.0,4.0,7.3,83.5,1.0,14.1,14.5
1047.025,90,102.0,768.0,1.0,4.0,7.3,83.5,1.0,14.1,14.5
1047.354,90,102.0,768.0,1.0,3.0,7.3,83.5,1.0,14.1,14.5
1047.602,90,102.0,768.0,1.0,3.0,7.33,83.5,1.0,14.1,14.5
1047.851,90,102.0,768.0,1.0,3.0,7.33,83.5,1.0,14.1,14.5
1048.099,90,102.0,768.0,1.0,3.0,7.33,83.5,1.0,14.1,14.5
1048.264,90,102.0,768.0,1.0,3.0,7.33,83.5,1.0,14.1,14.5
1048.427,90,102.0,768.0,1.0,3.0,7.33,83.5,1.0,14.1,14.5
1048.674,90,102.0,768.0,1.0,3.0,7.33,83.5,1.0,14.1,14.5
1048.841,90,102.0,768.0,1.0,3.0,7.33,83.5,1.0,14.1,14.5
1049.004,90,102.0,770.0,1.0,3.0,7.33,83.5,1.0,14.1,14.5
1049.169,90,102.0,770.0,1.0,3.0,7.33,83.5,1.0,14.1,14.5
1049.389,90,102.0,770.0,1.0,3.0,7.33,83.5,1.0,14.1,14.5
1049.582,90,102.0,770.0,1.0,3.0,7.22,83.5,1.0,14.1,14.5
1049.748,90,102.0,770.0,1.0,3.0,7.22,83.5,1.0,14.1,14.5
1049.997,90,102.0,770.0,1.0,3.0,7.22,83.5,1.0,14.1,14.5
1050.242,90,102.0,770.0,1.0,3.0,7.22,83.5,1.0,14.1,14.5
1050.406,90,102.0,770.0,1.0,3.0,7.22,83.5,1.0,14.1,14.5
1050.571,90,102.0,770.0,1.0,3.0,7.22,83.5,1.0,14.1,14.5
1050.818,90,102.0,770.0,1.0,3.0,7.22,83.5,1.0,14.1,14.5
1051.07,90,102.0,770.0,1.0,3.0,7.22,83.5,1.0,14.1,14.5
1051.369,90,102.0,770.0,4.0,3.0,7.22,83.5,1.0,14.1,14.5
1051.479,90,102.0,770.0,4.0,4.0,7.22,83.5,1.0,14.1,14.5
1051.645,90,102.0,770.0,4.0,4.0,7.19,83.5,1.0,14.1,14.5
1051.892,90,102.0,770.0,4.0,4.0,7.19,83.5,1.0,14.1,14.5
1052.141,90,102.0,770.0,4.0,4.0,7.19,83.5,1.0,14.1,14.5
1052.304,90,102.0,770.0,4.0,4.0,7.19,83.5,1.0,14.1,14.5
1052.469,90,102.0,770.0,4.0,4.0,7.19,83.5,1.0,14.1,14.5
1052.717,90,102.0,770.0,4.0,4.0,7.19,83.5,1.0,14.1,14.5
1052.964,90,102.0,770.0,4.0,4.0,7.19,83.5,1.0,14.1,14.5
1053.212,90,102.0,771.0,4.0,4.0,7.19,83.5,1.0,14.1,14.5
1053.459,90,102.0,771.0,2.0,4.0,7.19,83.5,1.0,14.1,14.5
1053.709,90,102.0,771.0,2.0,4.0,7.19,83.5,1.0,14.1,14.5
1053.955,90,102.0,771.0,2.0,4.0,7.08,83.5,1.0,14.1,14.5
1054.202,90,102.0,771.0,2.0,4.0,7.08,83.5,1.0,14.1,14.5
1054.367,90,102.0,771.0,2.0,4.0,7.08,83.5,1.0,14.1,14.5
1054.533,90,102.0,771.0,2.0,4.0,7.08,83.5,1.0,14.1,14.5
1054.862,90,102.0,771.0,2.0,4.0,7.08,83.5,1.0,14.1,14.5
1055.109,89,102.0,771.0,2.0,4.0,7.08,83.5,1.0,14.1,14.5
1055.274,89,102.0,771.0,2.0,4.0,7.08,83.5,1.0,14.1,14.5
1055.441,89,102.0,1195.0,2.0,4.0,7.08,83.5,1.0,14.1,14.5
1055.687,89,102.0,1195.0,1.0,4.0,7.08,83.5,1.0,14.1,14.5
1055.853,89,102.0,1195.0,1.0,7.0,7.08,83.5,1.0,14.1,14.5
1056.019,89,102.0,1195.0,1.0,7.0,9.08,83.5,1.0,14.1,14.5
1056.319,89,102.0,1195.0,1.0,7.0,9.08,83.5,1.0,14.1,14.5
1056.484,89,102.0,1195.0,1.0,7.0,9.08,83.5,1.0,14.1,14.5
1056.677,89,102.0,1195.0,1.0,7.0,9.08,83.5,1.0,24.7,14.5
1056.842,89,102.0,1195.0,1.0,7.0,9.08,83.5,1.0,24.7,24.7
1056.979,89,102.0,1195.0,1.0,7.0,9.08,83.5,1.0,24.7,24.7
1057.173,89,107.0,1195.0,1.0,7.0,9.08,83.5,1.0,24.7,24.7
1057.419,89,107.0,971.0,1.0,7.0,9.08,83.5,1.0,24.7,24.7
1057.64,89,107.0,971.0,0.0,7.0,9.08,83.5,1.0,24.7,24.7
1057.804,89,107.0,971.0,0.0,9.0,9.08,83.5,1.0,24.7,24.7
1057.998,89,107.0,971.0,0.0,9.0,8.52,83.5,1.0,24.7,24.7
1058.248,89,107.0,971.0,0.0,9.0,8.52,83.5,1.0,24.7,24.7
1058.409,89,107.0,971.0,0.0,9.0,8.52,83.5,1.0,24.7,24.7
1058.547,89,107.0,971.0,0.0,9.0,8.52,83.5,1.0,14.1,24.7
1058.739,89,107.0,971.0,0.0,9.0,8.52,83.5,1.0,14.1,14.5
1058.905,89,107.0,971.0,0.0,9.0,8.52,83.5,1.0,14.1,14.5
1059.155,89,104.0,971.0,0.0,9.0,8.52,83.5,1.0,14.1,14.5
1059.317,89,104.0,821.0,0.0,9.0,8.52,83.5,1.0,14.1,14.5
1059.483,89,104.0,821.0,0.0,9.0,8.52,83.5,1.0,14.1,14.5
1059.73,89,104.0,821.0,0.0,4.0,8.52,83.5,1.0,14.1,14.5
1059.977,89,104.0,821.0,0.0,4.0,7.44,83.5,1.0,14.1,14.5
1060.226,89,104.0,821.0,0.0,4.0,7.44,83.5,1.0,14.1,14.5
1060.39,89,104.0,821.0,0.0,4.0,7.44,83.5,1.0,14.1,14.5
1060.554,89,104.0,821.0,0.0,4.0,7.44,83.5,1.0,14.1,14.5
1060.856,89,104.0,821.0,0.0,4.0,7.44,83.5,1.0,14.1,14.5
1060.97,89,104.0,821.0,0.0,4.0,7.44,83.5,1.0,14.1,14.5
1061.139,89,102.0,821.0,0.0,4.0,7.44,83.5,1.0,14.1,14.5
1061.462,89,102.0,769.0,0.0,4.0,7.44,83.5,1.0,14.1,14.5
1061.599,89,102.0,769.0,0.0,4.0,7.44,83.5,1.0,14.1,14.5
1061.792,89,102.0,769.0,0.0,4.0,7.44,83.5,1.0,14.1,14.5
1061.959,89,102.0,769.0,0.0,4.0,6.94,83.5,1.0,14.1,14.5
1062.204,89,102.0,769.0,0.0,4.0,6.94,83.5,1.0,14.1,14.5
1062.37,89,102.0,769.0,0.0,4.0,6.94,83.5,1.0,14.1,14.5
1062.535,89,102.0,769.0,0.0,4.0,6.94,83.5,1.0,14.1,14.5
1062.782,89,102.0,769.0,0.0,4.0,6.94,83.5,1.0,14.1,14.5
1063.032,89,102.0,769.0,0.0,4.0,6.94,83.5,1.0,14.1,14.5
1063.276,89,102.0,769.0,0.0,4.0,6.94,83.5,1.0,14.1,14.5
1063.442,89,102.0,769.0,0.0,4.0,6.94,83.5,1.0,14.1,14.5
1063.607,89,102.0,769.0,0.0,4.0,6.94,83.5,1.0,14.1,14.5
1063.854,89,102.0,769.0,0.0,4.0,6.94,83.5,1.0,14.1,14.5
1064.019,89,102.0,769.0,0.0,4.0,10.47,83.5,1.0,14.1,14.5
1064.185,89,102.0,769.0,0.0,4.0,10.47,83.5,1.0,14.1,14.5
1064.35,89,102.0,769.0,0.0,4.0,10.47,83.5,1.0,14.1,14.5
1064.487,89,102.0,769.0,0.0,4.0,10.47,83.5,1.0,21.2,14.5
1064.679,89,102.0,769.0,0.0,4.0,10.47,83.5,1.0,21.2,20.8
1064.845,89,102.0,769.0,0.0,4.0,10.47,83.5,1.0,21.2,20.8
1065.092,89,106.0,769.0,0.0,4.0,10.47,83.5,1.0,21.2,20.8
1065.257,89,106.0,1029.0,0.0,4.0,10.47,83.5,1.0,21.2,20.8
1065.504,89,106.0,1029.0,0.0,4.0,10.47,83.5,1.0,21.2,20.8
1065.669,89,106.0,1029.0,0.0,7.0,10.47,83.5,1.0,21.2,20.8
1065.917,89,106.0,1029.0,0.0,7.0,7.97,83.5,1.0,21.2,20.8
1066.164,89,106.0,1029.0,0.0,7.0,7.97,83.5,1.0,21.2,20.8
1066.329,89,106.0,1029.0,0.0,7.0,7.97,83.5,1.0,21.2,20.8
1066.466,89,106.0,1029.0,0.0,7.0,7.97,83.5,1.0,19.6,20.8
1066.659,89,106.0,1029.0,0.0,7.0,7.97,83.5,1.0,19.6,19.6
1066.825,89,106.0,1029.0,0.0,7.0,7.97,83.5,1.0,19.6,19.6
1066.993,89,107.0,1029.0,0.0,7.0,7.97,83.5,1.0,19.6,19.6
1067.156,89,107.0,977.0,0.0,7.0,7.97,83.5,1.0,19.6,19.6
1067.319,89,107.0,977.0,2.0,7.0,7.97,83.5,1.0,19.6,19.6
1067.457,89,107.0,977.0,2.0,7.0,7.97,83.5,1.0,19.6,19.6
1067.65,89,107.0,977.0,2.0,7.0,9.69,83.5,1.0,19.6,19.6
1067.814,89,107.0,977.0,2.0,7.0,9.69,83.5,1.0,19.6,19.6
1068.062,89,107.0,977.0,2.0,7.0,9.69,83.5,1.0,19.6,19.6
1068.309,89,107.0,977.0,2.0,7.0,9.69,83.5,1.0,19.6,19.6
1068.558,89,107.0,977.0,2.0,7.0,9.69,83.5,1.0,19.6,19.6
1068.806,89,107.0,977.0,2.0,7.0,9.69,83.5,1.0,19.6,19.6
1069.053,89,108.0,977.0,2.0,7.0,9.69,83.5,1.0,19.6,19.6
1069.299,89,108.0,946.0,2.0,7.0,9.69,83.5,1.0,19.6,19.6
1069.464,89,108.0,946.0,5.0,7.0,9.69,83.5,1.0,19.6,19.6
1069.631,89,108.0,946.0,5.0,8.0,9.69,83.5,1.0,19.6,19.6
1069.878,89,108.0,946.0,5.0,8.0,9.72,83.5,1.0,19.6,19.6
1070.043,89,108.0,946.0,5.0,8.0,9.72,83.5,1.0,19.6,19.6
1070.209,89,108.0,946.0,5.0,8.0,9.72,83.5,1.0,19.6,19.6
1070.372,89,108.0,946.0,5.0,8.0,9.72,83.5,1.0,19.6,19.6
1070.509,89,108.0,946.0,5.0,8.0,9.72,83.5,1.0,19.6,19.6
1070.702,89,108.0,946.0,5.0,8.0,9.72,83.5,1.0,19.6,19.6
1070.869,89,108.0,946.0,5.0,8.0,9.72,83.5,1.0,19.6,19.6
1071.004,89,108.0,1068.0,5.0,8.0,9.72,83.5,1.0,19.6,19.6
1071.197,89,108.0,1068.0,9.0,8.0,9.72,83.5,1.0,19.6,19.6
1071.362,89,108.0,1068.0,9.0,8.0,9.72,83.5,1.0,19.6,19.6
1071.528,89,108.0,1068.0,9.0,8.0,12.38,83.5,1.0,19.6,19.6
1071.775,89,108.0,1068.0,9.0,8.0,12.38,83.5,1.0,19.6,19.6
1072.022,89,108.0,1068.0,9.0,8.0,12.38,83.5,1.0,19.6,19.6
1072.276,89,108.0,1068.0,9.0,8.0,12.38,83.5,1.0,32.2,19.6
1072.434,89,108.0,1068.0,9.0,8.0,12.38,83.5,1.0,32.2,33.7
1072.599,89,108.0,1068.0,9.0,8.0,12.38,83.5,1.0,32.2,33.7
1072.848,89,118.0,1068.0,9.0,8.0,12.38,83.5,1.0,32.2,33.7
1073.014,89,118.0,1515.0,9.0,8.0,12.38,83.5,1.0,32.2,33.7
1073.178,89,118.0,1515.0,13.0,8.0,12.38,83.5,1.0,32.2,33.7
1073.397,89,118.0,1515.0,13.0,11.0,12.38,83.5,1.0,32.2,33.7
1073.589,89,118.0,1515.0,13.0,11.0,24.72,83.5,1.0,32.2,33.7
1073.836,89,118.0,1515.0,13.0,11.0,24.72,83.5,1.0,32.2,33.7
1074.085,89,118.0,1515.0,13.0,11.0,24.72,83.5,1.0,32.2,33.7
1074.331,89,118.0,1515.0,13.0,11.0,24.72,83.5,1.0,42.4,33.7
1074.497,89,118.0,1515.0,13.0,11.0,24.72,83.5,1.0,42.4,42.7
1074.662,89,118.0,1515.0,13.0,11.0,24.72,83.5,1.0,42.4,42.7
1074.912,89,149.0,1515.0,13.0,11.0,24.72,83.5,1.0,42.4,42.7
1075.157,89,149.0,2272.0,13.0,11.0,24.72,83.5,1.0,42.4,42.7
1075.404,89,149.0,2272.0,20.0,11.0,24.72,83.5,1.0,42.4,42.7
1075.573,89,149.0,2272.0,20.0,13.0,24.72,83.5,1.0,42.4,42.7
1075.816,89,149.0,2272.0,20.0,13.0,28.11,83.5,1.0,42.4,42.7
1076.064,89,149.0,2272.0,20.0,13.0,28.11,31.0,1.0,42.4,42.7
1076.394,89,149.0,2272.0,20.0,13.0,28.11,31.0,1.0,42.4,42.7
1076.559,89,149.0,2272.0,20.0,13.0,28.11,31.0,1.0,40.4,42.7
1076.807,89,149.0,2272.0,20.0,13.0,28.11,31.0,1.0,40.4,42.4
1077.054,89,149.0,2272.0,20.0,13.0,28.11,31.0,1.0,40.4,42.4
1077.275,89,124.0,2272.0,20.0,13.0,28.11,31.0,1.0,40.4,42.4
1077.467,89,124.0,1281.0,20.0,13.0,28.11,31.0,1.0,40.4,42.4
1077.714,89,124.0,1281.0,22.0,13.0,28.11,31.0,1.0,40.4,42.4
1077.962,89,124.0,1281.0,22.0,11.0,28.11,31.0,1.0,40.4,42.4
1078.209,89,124.0,1281.0,22.0,11.0,21.86,31.0,1.0,40.4,42.4
1078.374,89,124.0,1281.0,22.0,11.0,21.86,83.5,1.0,40.4,42.4
1078.512,89,124.0,1281.0,22.0,11.0,21.86,83.5,1.0,40.4,42.4
1078.704,89,124.0,1281.0,22.0,11.0,21.86,83.5,1.0,31.8,42.4
1078.873,89,124.0,1281.0,22.0,11.0,21.86,83.5,1.0,31.8,29.8
1079.092,89,124.0,1281.0,22.0,11.0,21.86,83.5,1.0,31.8,29.8
1079.281,89,114.0,1281.0,22.0,11.0,21.86,83.5,1.0,31.8,29.8
1079.419,89,114.0,1250.0,22.0,11.0,21.86,83.5,1.0,31.8,29.8
1079.613,89,114.0,1250.0,21.0,11.0,21.86,83.5,1.0,31.8,29.8
1079.75,89,114.0,1250.0,21.0,10.0,21.86,83.5,1.0,31.8,29.8
1079.941,89,114.0,1250.0,21.0,10.0,10.11,83.5,1.0,31.8,29.8
1080.114,89,114.0,1250.0,21.0,10.0,10.11,83.5,1.0,31.8,29.8
1080.435,89,114.0,1250.0,21.0,10.0,10.11,83.5,1.0,31.8,29.8
1080.684,89,114.0,1250.0,21.0,10.0,10.11,83.5,1.0,14.1,29.8
1080.932,89,114.0,1250.0,21.0,10.0,10.11,83.5,1.0,14.1,14.5
1081.18,89,114.0,1250.0,21.0,10.0,10.11,83.5,1.0,14.1,14.5
1081.345,89,107.0,1250.0,21.0,10.0,10.11,83.5,1.0,14.1,14.5
1081.481,89,107.0,910.0,21.0,10.0,10.11,83.5,1.0,14.1,14.5
1081.674,89,107.0,910.0,5.0,10.0,10.11,83.5,1.0,14.1,14.5
1081.839,89,107.0,910.0,5.0,7.0,10.11,83.5,1.0,14.1,14.5
1082.088,89,107.0,910.0,5.0,7.0,8.69,83.5,1.0,14.1,14.5
1082.252,89,107.0,910.0,5.0,7.0,8.69,83.5,1.0,14.1,14.5
1082.554,89,107.0,910.0,5.0,7.0,8.69,83.5,1.0,14.1,14.5
1082.664,89,107.0,910.0,5.0,7.0,8.69,83.5,1.0,14.1,14.5
1082.831,89,107.0,910.0,5.0,7.0,8.69,83.5,1.0,14.1,14.5
1083.077,89,107.0,910.0,5.0,7.0,8.69,83.5,1.0,14.1,14.5
1083.324,89,104.0,910.0,5.0,7.0,8.69,83.5,1.0,14.1,14.5
1083.491,89,104.0,775.0,5.0,7.0,8.69,83.5,1.0,14.1,14.5
1083.654,89,104.0,775.0,0.0,7.0,8.69,83.5,1.0,14.1,14.5
1083.902,89,104.0,775.0,0.0,4.0,8.69,83.5,1.0,14.1,14.5
1084.149,89,104.0,775.0,0.0,4.0,7.27,83.5,1.0,14.1,14.5
1084.479,89,104.0,775.0,0.0,4.0,7.27,83.5,1.0,14.1,14.5
1084.728,89,104.0,775.0,0.0,4.0,7.27,83.5,1.0,14.1,14.5
1084.975,89,104.0,775.0,0.0,4.0,7.27,83.5,1.0,14.1,14.5
1085.141,89,104.0,775.0,0.0,4.0,7.27,83.5,1.0,14.1,14.5
1085.304,89,104.0,775.0,0.0,4.0,7.27,83.5,1.0,14.1,14.5
1085.442,89,102.0,775.0,0.0,4.0,7.27,83.5,1.0,14.1,14.5
1085.634,89,102.0,768.0,0.0,4.0,7.27,83.5,1.0,14.1,14.5
1085.882,89,102.0,768.0,0.0,4.0,7.27,83.5,1.0,14.1,14.5
1086.129,89,102.0,768.0,0.0,3.0,7.27,83.5,1.0,14.1,14.5
1086.459,89,102.0,768.0,0.0,3.0,7.19,83.5,1.0,14.1,14.5
1086.708,89,102.0,768.0,0.0,3.0,7.19,83.5,1.0,14.1,14.5
1086.954,89,102.0,768.0,0.0,3.0,7.19,83.5,1.0,14.1,14.5
1087.173,89,102.0,768.0,0.0,3.0,7.19,83.5,1.0,14.1,14.5
1087.338,89,102.0,768.0,0.0,3.0,7.19,83.5,1.0,14.1,14.5
1087.503,89,102.0,768.0,0.0,3.0,7.19,83.5,1.0,14.1,14.5
1087.695,89,102.0,768.0,0.0,3.0,7.19,83.5,1.0,14.1,14.5
1087.862,89,102.0,769.0,0.0,3.0,7.19,83.5,1.0,14.1,14.5
1088.113,89,102.0,769.0,0.0,3.0,7.19,83.5,1.0,14.1,14.5
1088.274,89,102.0,769.0,0.0,4.0,7.19,83.5,1.0,14.1,14.5
1088.521,89,102.0,769.0,0.0,4.0,7.02,83.5,1.0,14.1,14.5
1088.771,89,102.0,769.0,0.0,4.0,7.02,83.5,1.0,14.1,14.5
1089.018,89,102.0,769.0,0.0,4.0,7.02,83.5,1.0,14.1,14.5
1089.266,89,102.0,769.0,0.0,4.0,7.02,83.5,1.0,14.1,14.5
1089.43,89,102.0,769.0,0.0,4.0,7.02,83.5,1.0,14.1,14.5
1089.677,90,102.0,769.0,0.0,4.0,7.02,83.5,1.0,14.1,14.5
1089.924,90,102.0,769.0,0.0,4.0,7.02,83.5,1.0,14.1,14.5
1090.172,90,102.0,770.0,0.0,4.0,7.02,83.5,1.0,14.1,14.5
1090.419,90,102.0,770.0,0.0,4.0,7.02,83.5,1.0,14.1,14.5
1090.585,90,102.0,770.0,0.0,4.0,7.02,83.5,1.0,14.1,14.5
1090.831,90,102.0,770.0,0.0,4.0,7.08,83.5,1.0,14.1,14.5
1091.08,90,102.0,770.0,0.0,4.0,7.08,83.5,1.0,14.1,14.5
1091.244,90,102.0,770.0,0.0,4.0,7.08,83.5,1.0,14.1,14.5
1091.464,90,102.0,770.0,0.0,4.0,7.08,83.5,1.0,14.1,14.5
1091.656,90,102.0,770.0,0.0,4.0,7.08,83.5,1.0,14.1,14.5
1091.822,90,102.0,770.0,0.0,4.0,7.08,83.5,1.0,14.1,14.5
1092.071,90,102.0,770.0,0.0,4.0,7.08,83.5,1.0,14.1,14.5
1092.316,90,102.0,770.0,0.0,4.0,7.08,83.5,1.0,14.1,14.5
1092.482,90,102.0,770.0,0.0,4.0,7.08,83.5,1.0,14.1,14.5
1092.647,90,102.0,770.0,0.0,5.0,7.08,83.5,1.0,14.1,14.5
1092.894,90,102.0,770.0,0.0,5.0,7.11,83.5,1.0,14.1,14.5
1093.141,90,102.0,770.0,0.0,5.0,7.11,83.5,1.0,14.1,14.5
1093.389,90,102.0,770.0,0.0,5.0,7.11,83.5,1.0,14.1,14.5
1093.554,90,102.0,770.0,0.0,5.0,7.11,83.5,1.0,14.1,14.5
1093.721,90,102.0,770.0,0.0,5.0,7.11,83.5,1.0,14.1,14.5
1093.97,90,102.0,770.0,0.0,5.0,7.11,83.5,1.0,14.1,14.5
1094.215,90,102.0,770.0,0.0,5.0,7.11,83.5,1.0,14.1,14.5
1094.379,90,102.0,769.0,0.0,5.0,7.11,83.5,1.0,14.1,14.5
1094.516,90,102.0,769.0,0.0,5.0,7.11,83.5,1.0,14.1,14.5
1094.709,90,102.0,769.0,0.0,5.0,7.11,83.5,1.0,14.1,14.5
1094.957,90,102.0,769.0,0.0,5.0,7.16,83.5,1.0,14.1,14.5
1095.205,90,102.0,769.0,0.0,5.0,7.16,83.5,1.0,14.1,14.5
1095.507,90,102.0,769.0,0.0,5.0,7.16,83.5,1.0,14.1,14.5
1095.616,90,102.0,769.0,0.0,5.0,7.16,83.5,1.0,14.5,14.5
1095.781,90,102.0,769.0,0.0,5.0,7.16,83.5,1.0,14.5,14.5
1096.031,90,102.0,769.0,0.0,5.0,7.16,83.5,1.0,14.5,14.5
1096.276,90,102.0,769.0,0.0,5.0,7.16,83.5,1.0,14.5,14.5
1096.496,90,102.0,770.0,0.0,5.0,7.16,83.5,1.0,14.5,14.5
1096.689,90,102.0,770.0,0.0,5.0,7.16,83.5,1.0,14.5,14.5
1096.856,90,102.0,770.0,0.0,5.0,7.16,83.5,1.0,14.5,14.5
1097.101,90,102.0,770.0,0.0,5.0,7.24,83.5,1.0,14.5,14.5
1097.487,90,102.0,770.0,0.0,5.0,7.24,83.5,1.0,14.5,14.5
1097.596,90,102.0,770.0,0.0,5.0,7.24,83.5,1.0,14.5,14.5
1097.762,90,102.0,770.0,0.0,5.0,7.24,83.5,1.0,14.1,14.5
1098.012,90,102.0,770.0,0.0,5.0,7.24,83.5,1.0,14.1,14.5
1098.257,90,102.0,770.0,0.0,5.0,7.24,83.5,1.0,14.1,14.5
1098.422,90,102.0,770.0,0.0,5.0,7.24,83.5,1.0,14.1,14.5
1098.589,90,102.0,770.0,0.0,5.0,7.24,83.5,1.0,14.1,14.5
1098.834,90,102.0,770.0,0.0,5.0,7.24,83.5,1.0,14.1,14.5
1099.084,90,102.0,770.0,0.0,5.0,7.24,83.5,1.0,14.1,14.5
1099.329,90,102.0,770.0,0.0,5.0,6.99,83.5,1.0,14.1,14.5
1099.494,90,102.0,770.0,0.0,5.0,6.99,83.5,1.0,14.1,14.5
1099.632,90,102.0,770.0,0.0,5.0,6.99,83.5,1.0,14.1,14.5
1099.824,90,102.0,770.0,0.0,5.0,6.99,83.5,1.0,14.1,14.5
1099.993,90,102.0,770.0,0.0,5.0,6.99,83.5,1.0,14.1,14.5
1100.236,90,102.0,770.0,0.0,5.0,6.99,83.5,1.0,14.1,14.5
1100.401,90,102.0,770.0,0.0,5.0,6.99,83.5,1.0,14.1,14.5
1100.579,90,102.0,770.0,0.0,5.0,6.99,83.5,1.0,14.1,14.5
1100.953,90,102.0,770.0,0.0,5.0,6.99,83.5,1.0,14.1,14.5
1101.063,90,102.0,770.0,0.0,6.0,6.99,83.5,1.0,14.1,14.5
1101.229,90,102.0,770.0,0.0,6.0,7.24,83.5,1.0,14.1,14.5
1101.529,90,102.0,770.0,0.0,6.0,7.24,83.5,1.0,14.1,14.5
1101.639,90,102.0,770.0,0.0,6.0,7.24,83.5,1.0,14.1,14.5
1101.859,90,102.0,770.0,0.0,6.0,7.24,83.5,1.0,14.1,14.5
1102.052,90,102.0,770.0,0.0,6.0,7.24,83.5,1.0,14.1,14.5
1102.299,90,102.0,770.0,0.0,6.0,7.24,83.5,1.0,14.1,14.5
1102.465,90,102.0,770.0,0.0,6.0,7.24,83.5,1.0,14.1,14.5
1102.63,90,102.0,770.0,0.0,6.0,7.24,83.5,1.0,14.1,14.5
1102.876,90,102.0,770.0,0.0,6.0,7.24,83.5,1.0,14.1,14.5
1103.126,90,102.0,770.0,0.0,6.0,7.24,83.5,1.0,14.1,14.5
1103.375,90,102.0,770.0,0.0,6.0,7.11,83.5,1.0,14.1,14.5
1103.592,90,102.0,770.0,0.0,6.0,7.11,83.5,1.0,14.1,14.5
1103.784,90,102.0,770.0,0.0,6.0,7.11,83.5,1.0,14.1,14.5
1104.032,90,102.0,770.0,0.0,6.0,7.11,83.5,1.0,14.9,14.5
1104.279,90,102.0,770.0,0.0,6.0,7.11,83.5,1.0,14.9,23.1
1104.444,90,102.0,770.0,0.0,6.0,7.11,83.5,1.0,14.9,23.1
1104.61,90,103.0,770.0,0.0,6.0,7.11,83.5,1.0,14.9,23.1
1104.748,90,103.0,1075.0,0.0,6.0,7.11,83.5,1.0,14.9,23.1
1104.912,90,103.0,1075.0,0.0,6.0,7.11,83.5,1.0,14.9,23.1
1105.104,90,103.0,1075.0,0.0,11.0,7.11,83.5,1.0,14.9,23.1
1105.353,90,103.0,1075.0,0.0,11.0,13.27,83.5,1.0,14.9,23.1
1105.572,90,103.0,1075.0,0.0,11.0,13.27,83.5,1.0,14.9,23.1
1105.819,90,103.0,1075.0,0.0,11.0,13.27,83.5,1.0,14.9,23.1
1105.932,90,103.0,1075.0,0.0,11.0,13.27,83.5,1.0,23.1,23.1
1106.095,90,103.0,1075.0,0.0,11.0,13.27,83.5,1.0,23.1,23.1
1106.341,90,103.0,1075.0,0.0,11.0,13.27,83.5,1.0,23.1,23.1
1106.589,90,113.0,1075.0,0.0,11.0,13.27,83.5,1.0,23.1,23.1
1106.836,90,113.0,1075.0,0.0,11.0,13.27,83.5,1.0,23.1,23.1
1107.085,90,113.0,1075.0,10.0,11.0,13.27,83.5,1.0,23.1,23.1
1107.331,90,113.0,1075.0,10.0,12.0,13.27,83.5,1.0,23.1,23.1
1107.496,90,113.0,1075.0,10.0,12.0,17.11,83.5,1.0,23.1,23.1
1107.662,90,113.0,1075.0,10.0,12.0,17.11,83.5,1.0,23.1,23.1
1107.912,90,113.0,1075.0,10.0,12.0,17.11,83.5,1.0,23.1,23.1
1108.156,90,113.0,1075.0,10.0,12.0,17.11,83.5,1.0,27.1,23.1
1108.404,90,113.0,1075.0,10.0,12.0,17.11,83.5,1.0,27.1,26.3
1108.543,90,113.0,1075.0,10.0,12.0,17.11,83.5,1.0,27.1,26.3
1108.734,90,112.0,1075.0,10.0,12.0,17.11,83.5,1.0,27.1,26.3
1108.981,90,112.0,1367.0,10.0,12.0,17.11,83.5,1.0,27.1,26.3
1109.231,90,112.0,1367.0,12.0,12.0,17.11,83.5,1.0,27.1,26.3
1109.532,90,112.0,1367.0,12.0,11.0,17.11,83.5,1.0,27.1,26.3
1109.724,90,112.0,1367.0,12.0,11.0,10.3,83.5,1.0,27.1,26.3
1109.971,90,112.0,1367.0,12.0,11.0,10.3,83.5,1.0,27.1,26.3
1110.219,90,112.0,1367.0,12.0,11.0,10.3,83.5,1.0,27.1,26.3
1110.465,90,112.0,1367.0,12.0,11.0,10.3,83.5,1.0,25.1,26.3
1110.714,90,112.0,1367.0,12.0,11.0,10.3,83.5,1.0,25.1,24.7
1110.961,90,112.0,1367.0,12.0,11.0,10.3,83.5,1.0,25.1,24.7
1111.211,90,102.0,1367.0,12.0,11.0,10.3,83.5,1.0,25.1,24.7
1111.456,90,102.0,1098.0,12.0,11.0,10.3,83.5,1.0,25.1,24.7
1111.621,90,102.0,1098.0,9.0,11.0,10.3,83.5,1.0,25.1,24.7
1111.789,90,102.0,1098.0,9.0,7.0,10.3,83.5,1.0,25.1,24.7
1112.037,90,102.0,1098.0,9.0,7.0,8.49,83.5,1.0,25.1,24.7
1112.281,90,102.0,1098.0,9.0,7.0,8.49,83.5,1.0,25.1,24.7
1112.529,90,102.0,1098.0,9.0,7.0,8.49,83.5,1.0,25.1,24.7
1112.695,90,102.0,1098.0,9.0,7.0,8.49,83.5,1.0,14.1,24.7
1112.941,90,102.0,1098.0,9.0,7.0,8.49,83.5,1.0,14.1,14.5
1113.192,90,102.0,1098.0,9.0,7.0,8.49,83.5,1.0,14.1,14.5
1113.436,90,104.0,1098.0,9.0,7.0,8.49,83.5,1.0,14.1,14.5
1113.601,90,104.0,915.0,9.0,7.0,8.49,83.5,1.0,14.1,14.5
1113.768,90,104.0,915.0,3.0,7.0,8.49,83.5,1.0,14.1,14.5
1114.014,90,104.0,915.0,3.0,7.0,8.49,83.5,1.0,14.1,14.5
1114.262,90,104.0,915.0,3.0,7.0,7.97,83.5,1.0,14.1,14.5
1114.508,90,104.0,915.0,3.0,7.0,7.97,83.5,1.0,14.1,14.5
1114.756,90,104.0,915.0,3.0,7.0,7.97,83.5,1.0,14.1,14.5
1115.004,90,104.0,915.0,3.0,7.0,7.97,83.5,1.0,14.1,14.5
1115.252,90,104.0,915.0,3.0,7.0,7.97,83.5,1.0,14.1,14.5
1115.584,90,104.0,915.0,3.0,7.0,7.97,83.5,1.0,14.1,14.5
1115.829,90,103.0,915.0,3.0,7.0,7.97,83.5,1.0,14.1,14.5
1116.079,90,103.0,773.0,3.0,7.0,7.97,83.5,1.0,14.1,14.5
1116.323,90,103.0,773.0,0.0,7.0,7.97,83.5,1.0,14.1,14.5
1116.489,90,103.0,773.0,0.0,5.0,7.97,83.5,1.0,14.1,14.5
1116.653,90,103.0,773.0,0.0,5.0,7.02,83.5,1.0,14.1,14.5
1116.901,90,103.0,773.0,0.0,5.0,7.02,83.5,1.0,14.1,14.5
1117.151,90,103.0,773.0,0.0,5.0,7.02,83.5,1.0,14.1,14.5
1117.397,90,103.0,773.0,0.0,5.0,7.02,83.5,1.0,24.3,14.5
1117.616,90,103.0,773.0,0.0,5.0,7.02,83.5,1.0,24.3,14.5
1117.81,90,103.0,773.0,0.0,5.0,7.02,83.5,1.0,24.3,14.5
1117.974,90,102.0,773.0,0.0,5.0,7.02,83.5,1.0,24.3,14.5
1118.223,90,102.0,794.0,0.0,5.0,7.02,83.5,1.0,24.3,14.5
1118.387,90,102.0,794.0,1.0,5.0,7.02,83.5,1.0,24.3,14.5
1118.551,90,102.0,794.0,1.0,10.0,7.02,83.5,1.0,24.3,14.5
1118.8,90,102.0,794.0,1.0,10.0,7.94,83.5,1.0,24.3,14.5
1119.049,90,102.0,794.0,1.0,10.0,7.94,83.5,1.0,24.3,14.5
1119.184,90,102.0,794.0,1.0,10.0,7.94,83.5,1.0,24.3,14.5
1119.376,90,102.0,794.0,1.0,10.0,7.94,83.5,1.0,14.1,14.5
1119.514,90,102.0,794.0,1.0,10.0,7.94,83.5,1.0,14.1,14.5
1119.623,90,102.0,794.0,1.0,10.0,7.94,83.5,1.0,14.1,14.5
1119.788,90,102.0,794.0,1.0,10.0,7.94,83.5,1.0,14.1,14.5
1120.037,90,102.0,764.0,1.0,10.0,7.94,83.5,1.0,14.1,14.5
1120.284,90,102.0,764.0,1.0,10.0,7.94,83.5,1.0,14.1,14.5
1120.614,90,102.0,764.0,1.0,6.0,7.94,83.5,1.0,14.1,14.5
1120.861,90,102.0,764.0,1.0,6.0,7.11,83.5,1.0,14.1,14.5
1121.112,90,102.0,764.0,1.0,6.0,7.11,83.5,1.0,14.1,14.5
1121.355,90,102.0,764.0,1.0,6.0,7.11,83.5,1.0,14.1,14.5
1121.521,90,102.0,764.0,1.0,6.0,7.11,83.5,1.0,14.1,14.5
1121.688,90,102.0,764.0,1.0,6.0,7.11,83.5,1.0,14.1,14.5
1121.934,90,102.0,764.0,1.0,6.0,7.11,83.5,1.0,14.1,14.5
1122.181,90,102.0,764.0,1.0,6.0,7.11,83.5,1.0,14.1,14.5
1122.318,90,102.0,771.0,1.0,6.0,7.11,83.5,1.0,14.1,14.5
1122.511,90,102.0,771.0,1.0,6.0,7.11,83.5,1.0,14.1,14.5
1122.759,90,102.0,771.0,1.0,6.0,7.11,83.5,1.0,14.1,14.5
1123.008,90,102.0,771.0,1.0,6.0,7.19,83.5,1.0,14.1,14.5
1123.253,90,102.0,771.0,1.0,6.0,7.19,83.5,1.0,14.1,14.5
1123.583,90,102.0,771.0,1.0,6.0,7.19,83.5,1.0,14.1,14.5
1123.831,90,102.0,771.0,1.0,6.0,7.19,83.5,1.0,14.1,14.5
1124.08,90,102.0,771.0,1.0,6.0,7.19,83.5,1.0,14.1,14.5
1124.326,90,102.0,771.0,1.0,6.0,7.19,83.5,1.0,14.1,14.5
1124.491,90,102.0,771.0,1.0,6.0,7.19,83.5,1.0,14.1,14.5
1124.656,90,102.0,768.0,1.0,6.0,7.19,83.5,1.0,14.1,14.5
1124.904,90,102.0,768.0,2.0,6.0,7.19,83.5,1.0,14.1,14.5
1125.071,90,102.0,768.0,2.0,6.0,7.19,83.5,1.0,14.1,14.5
1125.208,90,102.0,768.0,2.0,6.0,7.24,83.5,1.0,14.1,14.5
1125.398,90,102.0,768.0,2.0,6.0,7.24,83.5,1.0,14.1,14.5
1125.646,90,102.0,768.0,2.0,6.0,7.24,83.5,1.0,14.1,14.5
1125.784,90,102.0,768.0,2.0,6.0,7.24,83.5,1.0,14.1,14.5
1125.894,90,102.0,768.0,2.0,6.0,7.24,83.5,1.0,14.1,14.5
1126.114,90,102.0,768.0,2.0,6.0,7.24,83.5,1.0,14.1,14.5
1126.306,90,101.0,768.0,2.0,6.0,7.24,83.5,1.0,14.1,14.5
1126.609,90,101.0,771.0,2.0,6.0,7.24,83.5,1.0,14.1,14.5
1126.719,90,101.0,771.0,3.0,6.0,7.24,83.5,1.0,14.1,14.5
1126.888,90,101.0,771.0,3.0,6.0,7.24,83.5,1.0,14.1,14.5
1127.135,90,101.0,771.0,3.0,6.0,7.22,83.5,1.0,14.1,14.5
1127.269,90,101.0,771.0,3.0,6.0,7.22,83.5,1.0,14.1,14.5
1127.434,90,101.0,771.0,3.0,6.0,7.22,83.5,1.0,14.1,14.5
1127.543,90,101.0,771.0,3.0,6.0,7.22,83.5,1.0,14.1,14.5
1127.711,90,101.0,771.0,3.0,6.0,7.22,83.5,1.0,14.1,14.5
1127.848,90,101.0,771.0,3.0,6.0,7.22,83.5,1.0,14.1,14.5
1128.04,90,101.0,771.0,3.0,6.0,7.22,83.5,1.0,14.1,14.5
1128.206,90,101.0,770.0,3.0,6.0,7.22,83.5,1.0,14.1,14.5
1128.451,90,101.0,770.0,2.0,6.0,7.22,83.5,1.0,14.1,14.5
1128.616,90,101.0,770.0,2.0,6.0,7.22,83.5,1.0,14.1,14.5
1128.864,90,101.0,770.0,2.0,6.0,7.16,83.5,1.0,14.1,14.5
1129.111,90,101.0,770.0,2.0,6.0,7.16,83.5,1.0,14.1,14.5
1129.358,90,101.0,770.0,2.0,6.0,7.16,83.5,1.0,14.1,14.5
1129.524,90,101.0,770.0,2.0,6.0,7.16,83.5,1.0,19.6,14.5
1129.661,90,101.0,770.0,2.0,6.0,7.16,83.5,1.0,19.6,23.9
1129.853,90,101.0,770.0,2.0,6.0,7.16,83.5,1.0,19.6,23.9
1130.02,90,103.0,770.0,2.0,6.0,7.16,83.5,1.0,19.6,23.9
1130.269,90,103.0,1142.0,2.0,6.0,7.16,83.5,1.0,19.6,23.9
1130.487,90,103.0,1142.0,0.0,6.0,7.16,83.5,1.0,19.6,23.9
1130.596,90,103.0,1142.0,0.0,11.0,7.16,83.5,1.0,19.6,23.9
1130.734,90,103.0,1142.0,0.0,11.0,12.11,83.5,1.0,19.6,23.9
1130.928,90,103.0,1142.0,0.0,11.0,12.11,83.5,1.0,19.6,23.9
1131.092,90,103.0,1142.0,0.0,11.0,12.11,83.5,1.0,19.6,23.9
1131.338,90,103.0,1142.0,0.0,11.0,12.11,83.5,1.0,23.1,23.9
1131.671,90,103.0,1142.0,0.0,11.0,12.11,83.5,1.0,23.1,23.1
1131.916,90,103.0,1142.0,0.0,11.0,12.11,83.5,1.0,23.1,23.1
1132.138,90,109.0,1142.0,0.0,11.0,12.11,83.5,1.0,23.1,23.1
1132.3,90,109.0,1161.0,0.0,11.0,12.11,83.5,1.0,23.1,23.1
1132.493,90,109.0,1161.0,2.0,11.0,12.11,83.5,1.0,23.1,23.1
1132.796,90,109.0,1161.0,2.0,10.0,12.11,83.5,1.0,23.1,23.1
1132.99,90,109.0,1161.0,2.0,10.0,9.33,83.5,1.0,23.1,23.1
1133.154,90,109.0,1161.0,2.0,10.0,9.33,83.5,1.0,23.1,23.1
1133.401,90,109.0,1161.0,2.0,10.0,9.33,83.5,1.0,23.1,23.1
1133.568,90,109.0,1161.0,2.0,10.0,9.33,83.5,1.0,22.0,23.1
1133.731,90,109.0,1161.0,2.0,10.0,9.33,83.5,1.0,22.0,21.6
1133.979,90,109.0,1161.0,2.0,10.0,9.33,83.5,1.0,22.0,21.6
1134.116,90,104.0,1161.0,2.0,10.0,9.33,83.5,1.0,22.0,21.6
1134.308,90,104.0,1073.0,2.0,10.0,9.33,83.5,1.0,22.0,21.6
1134.474,90,104.0,1073.0,3.0,10.0,9.33,83.5,1.0,22.0,21.6
1134.611,90,104.0,1073.0,3.0,10.0,9.33,83.5,1.0,22.0,21.6
1134.776,90,104.0,1073.0,3.0,10.0,10.74,83.5,1.0,22.0,21.6
1134.968,90,104.0,1073.0,3.0,10.0,10.74,83.5,1.0,22.0,21.6
1135.216,90,104.0,1073.0,3.0,10.0,10.74,83.5,1.0,22.0,21.6
1135.463,90,104.0,1073.0,3.0,10.0,10.74,83.5,1.0,21.6,21.6
1135.629,90,104.0,1073.0,3.0,10.0,10.74,83.5,1.0,21.6,21.2
1135.795,90,104.0,1073.0,3.0,10.0,10.74,83.5,1.0,21.6,21.2
1136.046,90,111.0,1073.0,3.0,10.0,10.74,83.5,1.0,21.6,21.2
1136.29,90,111.0,1015.0,3.0,10.0,10.74,83.5,1.0,21.6,21.2
1136.536,90,111.0,1015.0,8.0,10.0,10.74,83.5,1.0,21.6,21.2
1136.702,90,111.0,1015.0,8.0,11.0,10.74,83.5,1.0,21.6,21.2
1136.95,90,111.0,1015.0,8.0,11.0,10.36,83.5,1.0,21.6,21.2
1137.196,90,111.0,1015.0,8.0,11.0,10.36,83.5,1.0,21.6,21.2
1137.443,90,111.0,1015.0,8.0,11.0,10.36,83.5,1.0,21.6,21.2
1137.609,90,111.0,1015.0,8.0,11.0,10.36,83.5,1.0,23.9,21.2
1137.746,90,111.0,1015.0,8.0,11.0,10.36,83.5,1.0,23.9,23.5
1137.94,90,111.0,1015.0,8.0,11.0,10.36,83.5,1.0,23.9,23.5
1138.108,90,105.0,1015.0,8.0,11.0,10.36,83.5,1.0,23.9,23.5
1138.35,90,105.0,1253.0,8.0,11.0,10.36,83.5,1.0,23.9,23.5
1138.654,90,105.0,1253.0,11.0,11.0,10.36,83.5,1.0,23.9,23.5
1138.763,90,105.0,1253.0,11.0,10.0,10.36,83.5,1.0,23.9,23.5
1138.933,90,105.0,1253.0,11.0,10.0,11.11,83.5,1.0,23.9,23.5
1139.177,90,105.0,1253.0,11.0,10.0,11.11,83.5,1.0,23.9,23.5
1139.425,90,105.0,1253.0,11.0,10.0,11.11,83.5,1.0,23.9,23.5
1139.588,90,105.0,1253.0,11.0,10.0,11.11,83.5,1.0,28.6,23.5
1139.753,90,105.0,1253.0,11.0,10.0,11.11,83.5,1.0,28.6,29.0
1140.001,90,105.0,1253.0,11.0,10.0,11.11,83.5,1.0,28.6,29.0
1140.252,90,109.0,1253.0,11.0,10.0,11.11,83.5,1.0,28.6,29.0
1140.495,90,109.0,1563.0,11.0,10.0,11.11,83.5,1.0,28.6,29.0
1140.743,90,109.0,1563.0,14.0,10.0,11.11,83.5,1.0,28.6,29.0
1140.88,90,109.0,1563.0,14.0,12.0,11.11,83.5,1.0,28.6,29.0
1141.075,90,109.0,1563.0,14.0,12.0,14.44,83.5,1.0,28.6,29.0
1141.239,90,109.0,1563.0,14.0,12.0,14.44,83.5,1.0,28.6,29.0
1141.486,90,109.0,1563.0,14.0,12.0,14.44,83.5,1.0,28.6,29.0
1141.651,90,109.0,1563.0,14.0,12.0,14.44,83.5,1.0,25.5,29.0
1141.816,90,109.0,1563.0,14.0,12.0,14.44,83.5,1.0,25.5,25.5
1142.065,90,109.0,1563.0,14.0,12.0,14.44,83.5,1.0,25.5,25.5
1142.31,90,109.0,1563.0,14.0,12.0,14.44,83.5,1.0,25.5,25.5
1142.559,90,109.0,1756.0,14.0,12.0,14.44,83.5,1.0,25.5,25.5
1142.696,90,109.0,1756.0,16.0,12.0,14.44,83.5,1.0,25.5,25.5
1142.888,90,109.0,1756.0,16.0,13.0,14.44,83.5,1.0,25.5,25.5
1143.054,90,109.0,1756.0,16.0,13.0,14.88,83.5,1.0,25.5,25.5
1143.3,90,109.0,1756.0,16.0,13.0,14.88,83.5,1.0,25.5,25.5
1143.548,90,109.0,1756.0,16.0,13.0,14.88,83.5,1.0,25.5,25.5
1143.686,90,109.0,1756.0,16.0,13.0,14.88,83.5,1.0,22.0,25.5
1143.88,90,109.0,1756.0,16.0,13.0,14.88,83.5,1.0,22.0,22.0
1144.098,90,109.0,1756.0,16.0,13.0,14.88,83.5,1.0,22.0,22.0
1144.264,90,103.0,1756.0,16.0,13.0,14.88,83.5,1.0,22.0,22.0
1144.456,90,103.0,1662.0,16.0,13.0,14.88,83.5,1.0,22.0,22.0
1144.704,90,103.0,1662.0,14.0,13.0,14.88,83.5,1.0,22.0,22.0
1144.841,90,103.0,1662.0,14.0,12.0,14.88,83.5,1.0,22.0,22.0
1145.116,90,103.0,1662.0,14.0,12.0,14.22,83.5,1.0,22.0,22.0
1145.364,90,103.0,1662.0,14.0,12.0,14.22,83.5,1.0,22.0,22.0
1145.697,90,103.0,1662.0,14.0,12.0,14.22,83.5,1.0,22.0,22.0
1145.941,90,103.0,1662.0,14.0,12.0,14.22,83.5,1.0,22.4,22.0
1146.188,90,103.0,1662.0,14.0,12.0,14.22,83.5,1.0,22.4,22.7
1146.436,90,103.0,1662.0,14.0,12.0,14.22,83.5,1.0,22.4,22.7
1146.683,90,102.0,1662.0,14.0,12.0,14.22,83.5,1.0,22.4,22.7
1146.849,90,102.0,1599.0,14.0,12.0,14.22,83.5,1.0,22.4,22.7
1147.016,90,102.0,1599.0,14.0,12.0,14.22,83.5,1.0,22.4,22.7
1147.265,90,102.0,1599.0,14.0,11.0,14.22,83.5,1.0,22.4,22.7
1147.508,90,102.0,1599.0,14.0,11.0,12.94,83.5,1.0,22.4,22.7
1147.673,90,102.0,1599.0,14.0,11.0,12.94,83.5,1.0,22.4,22.7
1147.839,90,102.0,1599.0,14.0,11.0,12.94,83.5,1.0,22.4,22.7
1148.087,90,102.0,1599.0,14.0,11.0,12.94,83.5,1.0,23.1,22.7
1148.333,90,102.0,1599.0,14.0,11.0,12.94,83.5,1.0,23.1,22.7
1148.584,90,102.0,1599.0,14.0,11.0,12.94,83.5,1.0,23.1,22.7
1148.746,90,103.0,1599.0,14.0,11.0,12.94,83.5,1.0,23.1,22.7
1148.914,90,103.0,1548.0,14.0,11.0,12.94,83.5,1.0,23.1,22.7
1149.132,90,103.0,1548.0,13.0,11.0,12.94,83.5,1.0,23.1,22.7
1149.241,90,103.0,1548.0,13.0,11.0,12.94,83.5,1.0,23.1,22.7
1149.406,90,103.0,1548.0,13.0,11.0,13.33,83.5,1.0,23.1,22.7
1149.653,90,103.0,1548.0,13.0,11.0,13.33,83.5,1.0,23.1,22.7
1149.872,90,103.0,1548.0,13.0,11.0,13.33,83.5,1.0,23.1,22.7
1150.037,90,103.0,1548.0,13.0,11.0,13.33,83.5,1.0,22.0,22.7
1150.231,90,103.0,1548.0,13.0,11.0,13.33,83.5,1.0,22.0,21.6
1150.397,90,103.0,1548.0,13.0,11.0,13.33,83.5,1.0,22.0,21.6
1150.727,90,103.0,1548.0,13.0,11.0,13.33,83.5,1.0,22.0,21.6
1150.948,90,103.0,1426.0,13.0,11.0,13.33,83.5,1.0,22.0,21.6
1151.138,90,103.0,1426.0,12.0,11.0,13.33,83.5,1.0,22.0,21.6
1151.385,90,103.0,1426.0,12.0,11.0,13.33,83.5,1.0,22.0,21.6
1151.688,90,103.0,1426.0,12.0,11.0,18.97,83.5,1.0,22.0,21.6
1151.798,90,103.0,1426.0,12.0,11.0,18.97,83.5,1.0,22.0,21.6
1151.967,90,103.0,1426.0,12.0,11.0,18.97,83.5,1.0,22.0,21.6
1152.212,90,103.0,1426.0,12.0,11.0,18.97,83.5,1.0,14.1,21.6
1152.458,90,103.0,1426.0,12.0,11.0,18.97,83.5,1.0,14.1,14.5
1152.625,90,103.0,1426.0,12.0,11.0,18.97,83.5,1.0,14.1,14.5
1152.761,90,106.0,1426.0,12.0,11.0,18.97,83.5,1.0,14.1,14.5
1152.874,90,106.0,902.0,12.0,11.0,18.97,83.5,1.0,14.1,14.5
1153.036,90,106.0,902.0,6.0,11.0,18.97,83.5,1.0,14.1,14.5
1153.283,90,106.0,902.0,6.0,7.0,18.97,83.5,1.0,14.1,14.5
1153.531,90,106.0,902.0,6.0,7.0,8.49,83.5,1.0,14.1,14.5
1153.698,90,106.0,902.0,6.0,7.0,8.49,83.5,1.0,14.1,14.5
1153.863,90,106.0,902.0,6.0,7.0,8.49,83.5,1.0,14.1,14.5
1154.11,90,106.0,902.0,6.0,7.0,8.49,83.5,1.0,14.1,14.5
1154.356,90,106.0,902.0,6.0,7.0,8.49,83.5,1.0,14.1,14.5
1154.604,90,106.0,902.0,6.0,7.0,8.49,83.5,1.0,14.1,14.5
1154.768,90,103.0,902.0,6.0,7.0,8.49,83.5,1.0,14.1,14.5
1154.935,90,103.0,777.0,6.0,7.0,8.49,83.5,1.0,14.1,14.5
1155.181,90,103.0,777.0,2.0,7.0,8.49,83.5,1.0,14.1,14.5
1155.429,90,103.0,777.0,2.0,6.0,8.49,83.5,1.0,14.1,14.5
1155.594,90,103.0,777.0,2.0,6.0,7.13,83.5,1.0,14.1,14.5
1155.732,90,103.0,777.0,2.0,6.0,7.13,83.5,1.0,14.1,14.5
1155.842,90,103.0,777.0,2.0,6.0,7.13,83.5,1.0,14.1,14.5
1156.008,90,103.0,777.0,2.0,6.0,7.13,83.5,1.0,14.1,14.5
1156.254,90,103.0,777.0,2.0,6.0,7.13,83.5,1.0,14.1,14.5
1156.5,90,103.0,777.0,2.0,6.0,7.13,83.5,1.0,14.1,14.5
1156.669,90,102.0,777.0,2.0,6.0,7.13,83.5,1.0,14.1,14.5
1156.837,90,102.0,770.0,2.0,6.0,7.13,83.5,1.0,14.1,14.5
1157.078,90,102.0,770.0,1.0,6.0,7.13,83.5,1.0,14.1,14.5
1157.218,90,102.0,770.0,1.0,6.0,7.13,83.5,1.0,14.1,14.5
1157.408,90,102.0,770.0,1.0,6.0,6.97,83.5,1.0,14.1,14.5
1157.574,90,102.0,770.0,1.0,6.0,6.97,83.5,1.0,14.1,14.5
1157.738,90,102.0,770.0,1.0,6.0,6.97,83.5,1.0,14.1,14.5
1157.905,90,102.0,770.0,1.0,6.0,6.97,83.5,1.0,14.1,14.5
1158.152,90,102.0,770.0,1.0,6.0,6.97,83.5,1.0,14.1,14.5
1158.288,90,102.0,770.0,1.0,6.0,6.97,83.5,1.0,14.1,14.5
1158.481,90,101.0,770.0,1.0,6.0,6.97,83.5,1.0,14.1,14.5
1158.811,90,101.0,770.0,1.0,6.0,6.97,83.5,1.0,14.1,14.5
1158.948,90,101.0,770.0,1.0,6.0,6.97,83.5,1.0,14.1,14.5
1159.14,90,101.0,770.0,1.0,6.0,6.97,83.5,1.0,14.1,14.5
1159.388,90,101.0,770.0,1.0,6.0,7.02,83.5,1.0,14.1,14.5
1159.719,90,101.0,770.0,1.0,6.0,7.02,83.5,1.0,14.1,14.5
1159.969,90,101.0,770.0,1.0,6.0,7.02,83.5,1.0,14.1,14.5
1160.214,90,101.0,770.0,1.0,6.0,7.02,83.5,1.0,14.1,14.5
1160.434,90,101.0,770.0,1.0,6.0,7.02,83.5,1.0,14.1,14.5
1160.544,90,101.0,770.0,1.0,6.0,7.02,83.5,1.0,14.1,14.5
1160.681,90,101.0,770.0,1.0,6.0,7.02,83.5,1.0,14.1,14.5
1160.873,90,101.0,769.0,1.0,6.0,7.02,83.5,1.0,14.1,14.5
1161.039,90,101.0,769.0,2.0,6.0,7.02,83.5,1.0,14.1,14.5
1161.286,90,101.0,769.0,2.0,6.0,7.02,83.5,1.0,14.1,14.5
1161.533,90,101.0,769.0,2.0,6.0,7.05,83.5,1.0,14.1,14.5
1161.864,90,101.0,769.0,2.0,6.0,7.05,83.5,1.0,14.1,14.5
1162.03,90,101.0,769.0,2.0,6.0,7.05,83.5,1.0,14.1,14.5
1162.275,90,101.0,769.0,2.0,6.0,7.05,83.5,1.0,15.3,14.5
1162.524,90,101.0,769.0,2.0,6.0,7.05,83.5,1.0,15.3,14.9
1162.689,90,101.0,769.0,2.0,6.0,7.05,83.5,1.0,15.3,14.9
1162.826,90,103.0,769.0,2.0,6.0,7.05,83.5,1.0,15.3,14.9
1163.019,90,103.0,918.0,2.0,6.0,7.05,83.5,1.0,15.3,14.9
1163.184,90,103.0,918.0,7.0,6.0,7.05,83.5,1.0,15.3,14.9
1163.431,90,103.0,918.0,7.0,8.0,7.05,83.5,1.0,15.3,14.9
1163.761,90,103.0,918.0,7.0,8.0,8.91,83.5,1.0,15.3,14.9
1164.01,90,103.0,918.0,7.0,8.0,8.91,83.5,1.0,15.3,14.9
1164.257,90,103.0,918.0,7.0,8.0,8.91,83.5,1.0,15.3,14.9
1164.504,90,103.0,918.0,7.0,8.0,8.91,83.5,1.0,23.1,14.9
1164.751,90,103.0,918.0,7.0,8.0,8.91,83.5,1.0,23.1,22.4
1164.917,90,103.0,918.0,7.0,8.0,8.91,83.5,1.0,23.1,22.4
1165.082,90,105.0,918.0,7.0,8.0,8.91,83.5,1.0,23.1,22.4
1165.219,90,105.0,1189.0,7.0,8.0,8.91,83.5,1.0,23.1,22.4
1165.411,90,105.0,1189.0,10.0,8.0,8.91,83.5,1.0,23.1,22.4
1165.575,90,105.0,1189.0,10.0,11.0,8.91,83.5,1.0,23.1,22.4
1165.743,90,105.0,1189.0,10.0,11.0,10.74,83.5,1.0,23.1,22.4
1165.908,90,105.0,1189.0,10.0,11.0,10.74,83.5,1.0,23.1,22.4
1166.156,90,105.0,1189.0,10.0,11.0,10.74,83.5,1.0,23.1,22.4
1166.4,90,105.0,1189.0,10.0,11.0,10.74,83.5,1.0,22.4,22.4
1166.648,90,105.0,1189.0,10.0,11.0,10.74,83.5,1.0,22.4,22.4
1166.813,90,105.0,1189.0,10.0,11.0,10.74,83.5,1.0,22.4,22.4
1166.979,90,99.0,1189.0,10.0,11.0,10.74,83.5,1.0,22.4,22.4
1167.116,90,99.0,1401.0,10.0,11.0,10.74,83.5,1.0,22.4,22.4
1167.308,90,99.0,1401.0,12.0,11.0,10.74,83.5,1.0,22.4,22.4
1167.473,90,99.0,1401.0,12.0,12.0,10.74,83.5,1.0,22.4,22.4
1167.776,90,99.0,1401.0,12.0,12.0,13.24,83.5,1.0,22.4,22.4
1167.889,90,99.0,1401.0,12.0,12.0,13.24,83.5,1.0,22.4,22.4
1168.106,90,99.0,1401.0,12.0,12.0,13.24,83.5,1.0,22.4,22.4
1168.217,90,99.0,1401.0,12.0,12.0,13.24,83.5,1.0,14.1,22.4
1168.38,90,99.0,1401.0,12.0,12.0,13.24,83.5,1.0,14.1,14.5
1168.628,90,99.0,1401.0,12.0,12.0,13.24,83.5,1.0,14.1,14.5
1168.794,90,108.0,1401.0,12.0,12.0,13.24,83.5,1.0,14.1,14.5
1168.959,90,108.0,1212.0,12.0,12.0,13.24,83.5,1.0,14.1,14.5
1169.208,90,108.0,1212.0,10.0,12.0,13.24,83.5,1.0,14.1,14.5
1169.453,90,108.0,1212.0,10.0,13.0,13.24,83.5,1.0,14.1,14.5
1169.702,90,108.0,1212.0,10.0,13.0,18.44,83.5,1.0,14.1,14.5
1169.869,90,108.0,1212.0,10.0,13.0,18.44,83.5,1.0,14.1,14.5
1170.113,90,108.0,1212.0,10.0,13.0,18.44,83.5,1.0,14.1,14.5
1170.36,90,108.0,1212.0,10.0,13.0,18.44,83.5,1.0,14.1,14.5
1170.608,90,108.0,1212.0,10.0,13.0,18.44,83.5,1.0,14.1,14.5
1170.746,90,108.0,1212.0,10.0,13.0,18.44,83.5,1.0,14.1,14.5
1170.938,90,105.0,1212.0,10.0,13.0,18.44,83.5,1.0,14.1,14.5
1171.104,90,105.0,884.0,10.0,13.0,18.44,83.5,1.0,14.1,14.5
1171.27,90,105.0,884.0,8.0,13.0,18.44,83.5,1.0,14.1,14.5
1171.516,90,105.0,884.0,8.0,8.0,18.44,83.5,1.0,14.1,14.5
1171.681,90,105.0,884.0,8.0,8.0,8.27,83.5,1.0,14.1,14.5
1171.846,90,105.0,884.0,8.0,8.0,8.27,83.5,1.0,14.1,14.5
1172.094,90,105.0,884.0,8.0,8.0,8.27,83.5,1.0,14.1,14.5
1172.34,90,105.0,884.0,8.0,8.0,8.27,83.5,1.0,14.1,14.5
1172.589,90,105.0,884.0,8.0,8.0,8.27,83.5,1.0,14.1,14.5
1172.918,90,105.0,884.0,8.0,8.0,8.27,83.5,1.0,14.1,14.5
1173.167,90,103.0,884.0,8.0,8.0,8.27,83.5,1.0,14.1,14.5
1173.413,90,103.0,895.0,8.0,8.0,8.27,83.5,1.0,14.1,14.5
1173.661,90,103.0,895.0,7.0,8.0,8.27,83.5,1.0,14.1,14.5
1173.827,90,103.0,895.0,7.0,8.0,8.27,83.5,1.0,14.1,14.5
1173.994,90,103.0,895.0,7.0,8.0,8.33,83.5,1.0,14.1,14.5
1174.157,90,103.0,895.0,7.0,8.0,8.33,83.5,1.0,14.1,14.5
1174.321,90,103.0,895.0,7.0,8.0,8.33,83.5,1.0,14.1,14.5
1174.571,90,103.0,895.0,7.0,8.0,8.33,83.5,1.0,14.1,14.5
1174.733,90,103.0,895.0,7.0,8.0,8.33,83.5,1.0,14.1,14.5
1174.983,90,103.0,895.0,7.0,8.0,8.33,83.5,1.0,14.1,14.5
1175.118,90,104.0,895.0,7.0,8.0,8.33,83.5,1.0,14.1,14.5
1175.311,90,104.0,881.0,7.0,8.0,8.33,83.5,1.0,14.1,14.5
1175.476,90,104.0,881.0,1.0,8.0,8.33,83.5,1.0,14.1,14.5
1175.725,90,104.0,881.0,1.0,8.0,8.33,83.5,1.0,14.1,14.5
1175.944,90,104.0,881.0,1.0,8.0,7.61,83.5,1.0,14.1,14.5
1176.135,90,104.0,881.0,1.0,8.0,7.61,83.5,1.0,14.1,14.5
1176.383,90,104.0,881.0,1.0,8.0,7.61,83.5,1.0,14.1,14.5
1176.63,90,104.0,881.0,1.0,8.0,7.61,83.5,1.0,15.7,14.5
1176.796,90,104.0,881.0,1.0,8.0,7.61,83.5,1.0,15.7,16.1
1176.963,90,104.0,881.0,1.0,8.0,7.61,83.5,1.0,15.7,16.1
1177.13,90,103.0,881.0,1.0,8.0,7.61,83.5,1.0,15.7,16.1
1177.292,90,103.0,896.0,1.0,8.0,7.61,83.5,1.0,15.7,16.1
1177.539,90,103.0,896.0,0.0,8.0,7.61,83.5,1.0,15.7,16.1
1177.706,90,103.0,896.0,0.0,8.0,7.61,83.5,1.0,15.7,16.1
1177.871,90,103.0,896.0,0.0,8.0,8.72,83.5,1.0,15.7,16.1
1178.116,90,103.0,896.0,0.0,8.0,8.72,83.5,1.0,15.7,16.1
1178.363,90,103.0,896.0,0.0,8.0,8.72,83.5,1.0,15.7,16.1
1178.501,90,103.0,896.0,0.0,8.0,8.72,83.5,1.0,18.0,16.1
1178.693,90,103.0,896.0,0.0,8.0,8.72,83.5,1.0,18.0,17.6
1178.858,90,103.0,896.0,0.0,8.0,8.72,83.5,1.0,18.0,17.6
1179.106,90,105.0,896.0,0.0,8.0,8.72,83.5,1.0,18.0,17.6
1179.353,90,105.0,1038.0,0.0,8.0,8.72,83.5,1.0,18.0,17.6
1179.601,90,105.0,1038.0,2.0,8.0,8.72,83.5,1.0,18.0,17.6
1179.931,90,105.0,1038.0,2.0,10.0,8.72,83.5,1.0,18.0,17.6
1180.097,90,105.0,1038.0,2.0,10.0,8.74,83.5,1.0,18.0,17.6
1180.344,90,105.0,1038.0,2.0,10.0,8.74,83.5,1.0,18.0,17.6
1180.59,90,105.0,1038.0,2.0,10.0,8.74,83.5,1.0,18.0,17.6
1180.922,90,105.0,1038.0,2.0,10.0,8.74,83.5,1.0,16.5,17.6
1181.168,90,105.0,1038.0,2.0,10.0,8.74,83.5,1.0,16.5,14.5
1181.415,90,105.0,1038.0,2.0,10.0,8.74,83.5,1.0,16.5,14.5
1181.663,90,105.0,1038.0,2.0,10.0,8.74,83.5,1.0,16.5,14.5
1181.83,90,105.0,904.0,2.0,10.0,8.74,83.5,1.0,16.5,14.5
1181.996,90,105.0,904.0,1.0,10.0,8.74,83.5,1.0,16.5,14.5
1182.242,90,105.0,904.0,1.0,10.0,8.74,83.5,1.0,16.5,14.5
1182.488,90,105.0,904.0,1.0,10.0,8.86,83.5,1.0,16.5,14.5
1182.818,90,105.0,904.0,1.0,10.0,8.86,83.5,1.0,16.5,14.5
1183.067,90,105.0,904.0,1.0,10.0,8.86,83.5,1.0,16.5,14.5
1183.231,90,105.0,904.0,1.0,10.0,8.86,83.5,1.0,17.6,14.5
1183.396,90,105.0,904.0,1.0,10.0,8.86,83.5,1.0,17.6,14.5
1183.644,90,105.0,904.0,1.0,10.0,8.86,83.5,1.0,17.6,14.5
1183.812,90,106.0,904.0,1.0,10.0,8.86,83.5,1.0,17.6,14.5
1184.056,90,106.0,954.0,1.0,10.0,8.86,83.5,1.0,17.6,14.5
1184.303,90,106.0,954.0,1.0,10.0,8.86,83.5,1.0,17.6,14.5
1184.551,90,106.0,954.0,1.0,10.0,8.86,83.5,1.0,17.6,14.5
1184.688,90,106.0,954.0,1.0,10.0,8.8,83.5,1.0,17.6,14.5
1185.048,90,106.0,954.0,1.0,10.0,8.8,83.5,1.0,17.6,14.5
1185.293,90,106.0,954.0,1.0,10.0,8.8,83.5,1.0,17.6,14.5
1185.54,90,106.0,954.0,1.0,10.0,8.8,83.5,1.0,15.7,14.5
1185.678,90,106.0,954.0,1.0,10.0,8.8,83.5,1.0,15.7,15.3
1185.873,90,106.0,954.0,1.0,10.0,8.8,83.5,1.0,15.7,15.3
1186.091,90,106.0,954.0,1.0,10.0,8.8,83.5,1.0,15.7,15.3
1186.289,90,106.0,935.0,1.0,10.0,8.8,83.5,1.0,15.7,15.3
1186.53,90,106.0,935.0,1.0,10.0,8.8,83.5,1.0,15.7,15.3
1186.861,90,106.0,935.0,1.0,10.0,8.8,83.5,1.0,15.7,15.3
1187.109,90,106.0,935.0,1.0,10.0,9.36,83.5,1.0,15.7,15.3
1187.356,90,106.0,935.0,1.0,10.0,9.36,83.5,1.0,15.7,15.3
1187.493,90,106.0,935.0,1.0,10.0,9.36,83.5,1.0,15.7,15.3
1187.686,90,106.0,935.0,1.0,10.0,9.36,83.5,1.0,14.1,15.3
1187.851,90,106.0,935.0,1.0,10.0,9.36,83.5,1.0,14.1,14.5
1188.102,90,106.0,935.0,1.0,10.0,9.36,83.5,1.0,14.1,14.5
1188.347,90,105.0,935.0,1.0,10.0,9.36,83.5,1.0,14.1,14.5
1188.593,90,105.0,949.0,1.0,10.0,9.36,83.5,1.0,14.1,14.5
1188.815,90,105.0,949.0,1.0,10.0,9.36,83.5,1.0,14.1,14.5
1189.007,90,105.0,949.0,1.0,10.0,9.36,83.5,1.0,14.1,14.5
1189.172,90,105.0,949.0,1.0,10.0,8.41,83.5,1.0,14.1,14.5
1189.308,90,105.0,949.0,1.0,10.0,8.41,83.5,1.0,14.1,14.5
1189.5,90,105.0,949.0,1.0,10.0,8.41,83.5,1.0,14.1,14.5
1189.75,90,105.0,949.0,1.0,10.0,8.41,83.5,1.0,18.4,14.5
1189.915,90,105.0,949.0,1.0,10.0,8.41,83.5,1.0,18.4,17.6
1190.051,90,105.0,949.0,1.0,10.0,8.41,83.5,1.0,18.4,17.6
1190.244,90,105.0,949.0,1.0,10.0,8.41,83.5,1.0,18.4,17.6
1190.408,90,105.0,991.0,1.0,10.0,8.41,83.5,1.0,18.4,17.6
1190.656,90,105.0,991.0,2.0,10.0,8.41,83.5,1.0,18.4,17.6
1190.903,90,105.0,991.0,2.0,10.0,8.41,83.5,1.0,18.4,17.6
1191.07,90,105.0,991.0,2.0,10.0,8.69,83.5,1.0,18.4,17.6
1191.316,90,105.0,991.0,2.0,10.0,8.69,83.5,1.0,18.4,17.6
1191.563,90,105.0,991.0,2.0,10.0,8.69,83.5,1.0,18.4,17.6
1191.867,90,105.0,991.0,2.0,10.0,8.69,83.5,1.0,14.1,17.6
1191.977,90,105.0,991.0,2.0,10.0,8.69,83.5,1.0,14.1,14.5
1192.143,89,105.0,991.0,2.0,10.0,8.69,83.5,1.0,14.1,14.5
1192.306,89,105.0,991.0,2.0,10.0,8.69,83.5,1.0,14.1,14.5
1192.471,89,105.0,935.0,2.0,10.0,8.69,83.5,1.0,14.1,14.5
1192.691,89,105.0,935.0,1.0,10.0,8.69,83.5,1.0,14.1,14.5
1192.804,89,105.0,935.0,1.0,10.0,8.69,83.5,1.0,14.1,14.5
1193.05,89,105.0,935.0,1.0,10.0,8.41,83.5,1.0,14.1,14.5
1193.295,89,105.0,935.0,1.0,10.0,8.41,83.5,1.0,14.1,14.5
1193.543,89,105.0,935.0,1.0,10.0,8.41,83.5,1.0,14.1,14.5
1193.873,89,105.0,935.0,1.0,10.0,8.41,83.5,1.0,17.3,14.5
1194.122,89,105.0,935.0,1.0,10.0,8.41,83.5,1.0,17.3,14.5
1194.368,89,105.0,935.0,1.0,10.0,8.41,83.5,1.0,17.3,14.5
1194.615,89,105.0,935.0,1.0,10.0,8.41,83.5,1.0,17.3,14.5
1194.782,89,105.0,973.0,1.0,10.0,8.41,83.5,1.0,17.3,14.5
1194.946,89,105.0,973.0,0.0,10.0,8.41,83.5,1.0,17.3,14.5
1195.193,89,105.0,973.0,0.0,10.0,8.41,83.5,1.0,17.3,14.5
1195.359,89,105.0,973.0,0.0,10.0,8.22,83.5,1.0,17.3,14.5
1195.606,89,105.0,973.0,0.0,10.0,8.22,83.5,1.0,17.3,14.5
1195.771,89,105.0,973.0,0.0,10.0,8.22,83.5,1.0,17.3,14.5
1195.937,89,105.0,973.0,0.0,10.0,8.22,83.5,1.0,17.3,14.5
1196.104,89,105.0,973.0,0.0,10.0,8.22,83.5,1.0,17.3,14.5
1196.348,89,105.0,973.0,0.0,10.0,8.22,83.5,1.0,17.3,14.5
1196.595,89,105.0,973.0,0.0,10.0,8.22,83.5,1.0,17.3,14.5
1196.843,89,105.0,1007.0,0.0,10.0,8.22,83.5,1.0,17.3,14.5
1197.01,89,105.0,1007.0,0.0,10.0,8.22,83.5,1.0,17.3,14.5
1197.255,89,105.0,1007.0,0.0,11.0,8.22,83.5,1.0,17.3,14.5
1197.503,89,105.0,1007.0,0.0,11.0,8.61,83.5,1.0,17.3,14.5
1197.806,89,105.0,1007.0,0.0,11.0,8.61,83.5,1.0,17.3,14.5
1197.998,89,105.0,1007.0,0.0,11.0,8.61,83.5,1.0,17.3,14.5
1198.247,89,105.0,1007.0,0.0,11.0,8.61,83.5,1.0,14.1,14.5
1198.411,89,105.0,1007.0,0.0,11.0,8.61,83.5,1.0,14.1,14.5
1198.576,89,105.0,1007.0,0.0,11.0,8.61,83.5,1.0,14.1,14.5
1198.823,89,104.0,1007.0,0.0,11.0,8.61,83.5,1.0,14.1,14.5
1199.073,89,104.0,833.0,0.0,11.0,8.61,83.5,1.0,14.1,14.5
1199.29,89,104.0,833.0,0.0,11.0,8.61,83.5,1.0,14.1,14.5
1199.403,89,104.0,833.0,0.0,8.0,8.61,83.5,1.0,14.1,14.5
1199.578,89,104.0,833.0,0.0,8.0,7.41,83.5,1.0,14.1,14.5
1199.814,89,104.0,833.0,0.0,8.0,7.41,83.5,1.0,14.1,14.5
1199.979,89,104.0,833.0,0.0,8.0,7.41,83.5,1.0,14.1,14.5
1200.226,89,104.0,833.0,0.0,8.0,7.41,83.5,1.0,18.4,14.5
1200.472,89,104.0,833.0,0.0,8.0,7.41,83.5,1.0,18.4,20.4
1200.609,89,104.0,833.0,0.0,8.0,7.41,83.5,1.0,18.4,20.4
1200.803,89,105.0,833.0,0.0,8.0,7.41,83.5,1.0,18.4,20.4
1200.941,89,105.0,1050.0,0.0,8.0,7.41,83.5,1.0,18.4,20.4
1201.138,89,105.0,1050.0,0.0,8.0,7.41,83.5,1.0,18.4,20.4
1201.382,89,105.0,1050.0,0.0,11.0,7.41,83.5,1.0,18.4,20.4
1201.547,89,105.0,1050.0,0.0,11.0,9.58,83.5,1.0,18.4,20.4
1201.683,89,105.0,1050.0,0.0,11.0,9.58,83.5,1.0,18.4,20.4
1201.875,89,105.0,1050.0,0.0,11.0,9.58,83.5,1.0,18.4,20.4
1202.04,89,105.0,1050.0,0.0,11.0,9.58,83.5,1.0,14.1,20.4
1202.287,89,105.0,1050.0,0.0,11.0,9.58,83.5,1.0,14.1,14.5
1202.536,89,105.0,1050.0,0.0,11.0,9.58,83.5,1.0,14.1,14.5
1202.674,89,106.0,1050.0,0.0,11.0,9.58,83.5,1.0,14.1,14.5
1202.837,89,106.0,920.0,0.0,11.0,9.58,83.5,1.0,14.1,14.5
1203.03,89,106.0,920.0,0.0,11.0,9.58,83.5,1.0,14.1,14.5
1203.196,89,106.0,920.0,0.0,10.0,9.58,83.5,1.0,14.1,14.5
1203.443,89,106.0,920.0,0.0,10.0,8.08,83.5,1.0,14.1,14.5
1203.689,89,106.0,920.0,0.0,10.0,8.08,83.5,1.0,14.1,14.5
1204.019,89,106.0,920.0,0.0,10.0,8.08,83.5,1.0,14.1,14.5
1204.267,89,106.0,920.0,0.0,10.0,8.08,83.5,1.0,14.1,14.5
1204.515,89,106.0,920.0,0.0,10.0,8.08,83.5,1.0,14.1,14.5
1204.681,89,106.0,920.0,0.0,10.0,8.08,83.5,1.0,14.1,14.5
1204.845,89,36.0,920.0,0.0,10.0,8.08,83.5,1.0,14.1,14.5
1204.985,89,36.0,188.0,0.0,10.0,8.08,83.5,1.0,14.1,14.5
