timestamp,coolant_temp,map,rpm,speed,iat,maf,throttle_pos,ambient_temp,pedal_d,pedal_e
0.81,11,98.0,0.0,0.0,101.0,0.0,88.6,-1.0,14.5,14.5
0.901,11,98.0,0.0,0.0,101.0,0.0,88.6,-1.0,14.5,14.5
0.99,11,98.0,0.0,0.0,101.0,0.0,88.6,-1.0,14.5,14.5
1.08,11,98.0,0.0,0.0,101.0,0.0,88.6,-1.0,14.5,14.5
1.17,11,98.0,0.0,0.0,101.0,0.0,88.6,-1.0,14.5,14.5
1.26,11,98.0,0.0,0.0,100.0,0.0,88.6,-1.0,14.5,14.5
1.35,11,98.0,0.0,0.0,100.0,0.0,88.6,-1.0,14.5,14.5
1.44,11,98.0,0.0,0.0,100.0,0.0,88.6,-1.0,14.5,14.5
1.53,11,98.0,0.0,0.0,100.0,0.0,88.6,-1.0,14.5,14.5
1.62,11,98.0,0.0,0.0,100.0,0.0,88.6,-1.0,14.1,14.5
1.71,11,98.0,0.0,0.0,100.0,0.0,88.6,-1.0,14.1,14.5
1.8,11,98.0,0.0,0.0,100.0,0.0,88.6,-1.0,14.1,14.5
1.89,11,98.0,0.0,0.0,100.0,0.0,88.6,-1.0,14.1,14.5
1.98,11,98.0,0.0,0.0,100.0,0.0,88.6,-1.0,14.1,14.5
2.07,11,98.0,0.0,0.0,100.0,0.0,88.6,-1.0,14.1,14.5
2.161,11,98.0,0.0,0.0,100.0,0.0,88.6,-1.0,14.1,14.5
2.25,11,98.0,0.0,0.0,100.0,0.0,88.6,-1.0,14.1,14.5
2.34,11,98.0,0.0,0.0,100.0,0.0,88.6,-1.0,14.1,14.5
2.401,11,98.0,0.0,0.0,100.0,0.0,88.6,-1.0,14.1,14.5
2.49,11,98.0,0.0,0.0,100.0,0.0,88.6,-1.0,14.5,14.5
2.58,11,98.0,0.0,0.0,100.0,0.0,88.6,-1.0,14.5,14.5
2.671,11,98.0,0.0,0.0,100.0,0.0,88.6,-1.0,14.5,14.5
2.761,11,98.0,0.0,0.0,100.0,0.0,88.6,-1.0,14.5,14.5
2.852,11,98.0,0.0,0.0,100.0,0.0,88.6,-1.0,14.5,14.5
2.943,11,98.0,0.0,0.0,100.0,0.0,88.6,-1.0,14.5,14.5
3.031,11,98.0,0.0,0.0,99.0,0.0,88.6,-1.0,14.5,14.5
3.121,11,98.0,0.0,0.0,99.0,0.0,88.6,-1.0,14.5,14.5
3.212,11,98.0,0.0,0.0,99.0,0.0,88.6,-1.0,14.5,14.5
3.301,11,98.0,0.0,0.0,99.0,0.0,88.6,-1.0,14.5,14.5
3.391,11,98.0,0.0,0.0,99.0,0.0,88.6,-1.0,14.1,14.5
3.481,11,98.0,0.0,0.0,99.0,0.0,88.6,-1.0,14.1,14.5
3.571,11,98.0,0.0,0.0,99.0,0.0,88.6,-1.0,14.1,14.5
3.661,11,98.0,0.0,0.0,99.0,0.0,88.6,-1.0,14.1,14.5
3.751,11,98.0,0.0,0.0,99.0,0.0,88.6,-1.0,14.1,14.5
3.841,11,98.0,0.0,0.0,99.0,0.0,88.6,-1.0,14.1,14.5
3.931,11,98.0,0.0,0.0,99.0,0.0,88.6,-1.0,14.1,14.5
4.021,11,98.0,0.0,0.0,99.0,0.0,88.6,-1.0,14.1,14.5
4.111,11,98.0,0.0,0.0,99.0,0.0,88.6,-1.0,14.1,14.5
4.201,11,98.0,0.0,0.0,99.0,0.0,88.6,-1.0,14.1,14.5
4.291,11,98.0,0.0,0.0,99.0,0.0,88.6,-1.0,14.5,14.5
4.352,11,98.0,0.0,0.0,99.0,0.0,88.6,-1.0,14.5,14.5
4.441,11,98.0,0.0,0.0,99.0,0.0,88.6,-1.0,14.5,14.5
4.531,11,98.0,0.0,0.0,99.0,0.0,88.6,-1.0,14.5,14.5
4.622,11,98.0,0.0,0.0,99.0,0.0,88.6,-1.0,14.5,14.5
4.711,11,98.0,0.0,0.0,99.0,0.0,88.6,-1.0,14.5,14.5
4.801,11,98.0,0.0,0.0,99.0,0.0,88.6,-1.0,14.5,14.5
4.891,11,98.0,0.0,0.0,99.0,0.0,88.6,-1.0,14.5,14.5
4.981,11,98.0,0.0,0.0,99.0,0.0,88.6,-1.0,14.5,14.5
5.072,11,98.0,0.0,0.0,99.0,0.0,88.6,-1.0,14.5,14.5
5.162,11,98.0,0.0,0.0,99.0,0.0,88.6,-1.0,14.1,14.5
5.251,11,98.0,0.0,0.0,99.0,0.0,88.6,-1.0,14.1,14.5
5.341,11,98.0,0.0,0.0,99.0,0.0,88.6,-1.0,14.1,14.5
5.431,11,98.0,0.0,0.0,99.0,0.0,88.6,-1.0,14.1,14.5
5.522,11,98.0,0.0,0.0,99.0,0.0,88.6,-1.0,14.1,14.5
5.611,11,98.0,0.0,0.0,99.0,0.0,88.6,-1.0,14.1,14.5
5.701,11,98.0,0.0,0.0,98.0,0.0,88.6,-1.0,14.1,14.5
5.791,11,98.0,0.0,0.0,98.0,0.0,88.6,-1.0,14.1,14.5
5.881,11,98.0,0.0,0.0,98.0,0.0,88.6,-1.0,14.1,14.5
5.971,11,98.0,0.0,0.0,98.0,0.0,88.6,-1.0,14.1,14.5
6.061,11,98.0,0.0,0.0,98.0,0.0,88.6,-1.0,14.1,14.5
6.15,11,98.0,0.0,0.0,98.0,0.0,88.6,-1.0,14.1,14.5
6.24,11,98.0,0.0,0.0,98.0,0.0,88.6,-1.0,14.1,14.5
6.331,11,98.0,0.0,0.0,98.0,0.0,88.6,-1.0,14.1,14.5
6.421,11,98.0,0.0,0.0,98.0,0.0,88.6,-1.0,14.1,14.5
6.511,11,98.0,0.0,0.0,98.0,0.0,88.6,-1.0,14.1,14.5
6.601,11,98.0,0.0,0.0,98.0,0.0,88.6,-1.0,14.1,14.5
6.691,11,98.0,0.0,0.0,98.0,0.0,88.6,-1.0,14.1,14.5
6.752,11,98.0,0.0,0.0,98.0,0.0,88.6,-1.0,14.1,14.5
6.841,11,98.0,0.0,0.0,98.0,0.0,88.6,-1.0,14.1,14.5
6.932,11,98.0,0.0,0.0,98.0,0.0,88.6,-1.0,14.5,14.5
7.021,11,98.0,0.0,0.0,98.0,0.0,88.6,-1.0,14.5,14.5
7.111,11,98.0,0.0,0.0,98.0,0.0,88.6,-1.0,14.5,14.5
7.201,11,98.0,0.0,0.0,98.0,0.0,88.6,-1.0,14.5,14.5
7.291,11,98.0,0.0,0.0,98.0,0.0,88.6,-1.0,14.5,14.5
7.381,11,98.0,0.0,0.0,98.0,0.0,88.6,-1.0,14.5,14.5
7.471,11,98.0,0.0,0.0,98.0,0.0,88.6,-1.0,14.5,14.5
7.561,11,98.0,0.0,0.0,98.0,0.0,88.6,-1.0,14.5,14.5
7.651,11,98.0,0.0,0.0,98.0,0.0,88.6,-1.0,14.5,14.5
7.741,11,98.0,0.0,0.0,98.0,0.0,88.6,-1.0,14.5,14.5
7.832,11,98.0,0.0,0.0,98.0,0.0,88.6,-1.0,14.1,14.5
7.922,11,98.0,0.0,0.0,98.0,0.0,88.6,-1.0,14.1,14.5
8.011,11,98.0,0.0,0.0,98.0,0.0,88.6,-1.0,14.1,14.5
8.101,11,98.0,0.0,0.0,98.0,0.0,88.6,-1.0,14.1,14.5
8.191,11,98.0,0.0,0.0,98.0,0.0,88.6,-1.0,14.1,14.5
8.281,11,98.0,0.0,0.0,98.0,0.0,88.6,-1.0,14.1,14.5
8.371,11,98.0,0.0,0.0,98.0,0.0,88.6,-1.0,14.1,14.5
8.461,11,98.0,0.0,0.0,98.0,0.0,88.6,-1.0,14.1,14.5
8.552,11,98.0,0.0,0.0,98.0,0.0,88.6,-1.0,14.1,14.5
8.641,11,98.0,0.0,0.0,98.0,0.0,88.6,-1.0,14.1,14.5
8.731,11,98.0,0.0,0.0,98.0,0.0,88.6,-1.0,14.5,14.5
8.821,11,98.0,0.0,0.0,98.0,0.0,88.6,-1.0,14.5,14.5
8.912,11,98.0,0.0,0.0,98.0,0.0,88.6,-1.0,14.5,14.5
9.001,11,95.0,0.0,0.0,98.0,0.0,88.6,-1.0,14.5,14.5
9.091,11,95.0,1084.0,0.0,98.0,0.0,88.6,-1.0,14.5,14.5
9.152,11,95.0,1084.0,0.0,98.0,0.0,88.6,-1.0,14.5,14.5
9.241,11,95.0,1084.0,0.0,95.0,0.0,88.6,-1.0,14.5,14.5
9.331,11,95.0,1084.0,0.0,95.0,17.41,88.6,-1.0,14.5,14.5
9.421,11,95.0,1084.0,0.0,95.0,17.41,83.1,-1.0,14.5,14.5
9.511,11,95.0,1084.0,0.0,95.0,17.41,83.1,-1.0,14.5,14.5
9.601,11,95.0,1084.0,0.0,95.0,17.41,83.1,-1.0,14.1,14.5
9.691,11,95.0,1084.0,0.0,95.0,17.41,83.1,-1.0,14.1,14.5
9.782,11,95.0,1084.0,0.0,95.0,17.41,83.1,-1.0,14.1,14.5
9.87,11,96.0,1084.0,0.0,95.0,17.41,83.1,-1.0,14.1,14.5
9.96,11,96.0,1021.0,0.0,95.0,17.41,83.1,-1.0,14.1,14.5
10.05,11,96.0,1021.0,0.0,95.0,17.41,83.1,-1.0,14.1,14.5
10.14,11,96.0,1021.0,0.0,55.0,17.41,83.1,-1.0,14.1,14.5
10.23,11,96.0,1021.0,0.0,55.0,16.3,83.1,-1.0,14.1,14.5
10.321,11,96.0,1021.0,0.0,55.0,16.3,83.1,-1.0,14.1,14.5
10.411,11,96.0,1021.0,0.0,55.0,16.3,83.1,-1.0,14.1,14.5
10.501,11,96.0,1021.0,0.0,55.0,16.3,83.1,-1.0,14.1,14.5
10.591,11,96.0,1021.0,0.0,55.0,16.3,83.1,-1.0,14.1,14.5
10.652,11,96.0,1021.0,0.0,55.0,16.3,83.1,-1.0,14.1,14.5
10.741,11,96.0,1021.0,0.0,55.0,16.3,83.1,-1.0,14.1,14.5
10.802,11,96.0,984.0,0.0,55.0,16.3,83.1,-1.0,14.1,14.5
10.891,11,96.0,984.0,0.0,55.0,16.3,83.1,-1.0,14.1,14.5
10.98,11,96.0,984.0,0.0,25.0,16.3,83.1,-1.0,14.1,14.5
11.071,11,96.0,984.0,0.0,25.0,16.13,83.1,-1.0,14.1,14.5
11.162,11,96.0,984.0,0.0,25.0,16.13,83.1,-1.0,14.1,14.5
11.251,11,96.0,984.0,0.0,25.0,16.13,83.1,-1.0,14.1,14.5
11.341,11,96.0,984.0,0.0,25.0,16.13,83.1,-1.0,14.5,14.5
11.432,11,96.0,984.0,0.0,25.0,16.13,83.1,-1.0,14.5,14.5
11.521,11,96.0,984.0,0.0,25.0,16.13,83.1,-1.0,14.5,14.5
11.611,11,97.0,984.0,0.0,25.0,16.13,83.1,-1.0,14.5,14.5
11.707,11,97.0,968.0,0.0,25.0,16.13,83.1,-1.0,14.5,14.5
11.791,11,97.0,968.0,0.0,25.0,16.13,83.1,-1.0,14.5,14.5
11.854,11,97.0,968.0,0.0,-9.0,16.13,83.1,-1.0,14.5,14.5
11.941,11,97.0,968.0,0.0,-9.0,15.58,83.1,-1.0,14.5,14.5
12.002,11,97.0,968.0,0.0,-9.0,15.58,83.1,-1.0,14.5,14.5
12.091,11,97.0,968.0,0.0,-9.0,15.58,83.1,-1.0,14.5,14.5
12.18,11,97.0,968.0,0.0,-9.0,15.58,83.1,-1.0,14.5,14.5
12.271,11,97.0,968.0,0.0,-9.0,15.58,83.1,-1.0,14.5,14.5
12.361,11,97.0,968.0,0.0,-9.0,15.58,83.1,-1.0,14.5,14.5
12.451,11,97.0,968.0,0.0,-9.0,15.58,83.1,-1.0,14.5,14.5
12.541,11,97.0,922.0,0.0,-9.0,15.58,83.1,-1.0,14.5,14.5
12.632,11,97.0,922.0,0.0,-9.0,15.58,83.1,-1.0,14.5,14.5
12.752,11,97.0,922.0,0.0,-19.0,15.58,83.1,-1.0,14.5,14.5
12.841,11,97.0,922.0,0.0,-19.0,15.08,83.1,-1.0,14.5,14.5
12.931,11,97.0,922.0,0.0,-19.0,15.08,83.1,-1.0,14.5,14.5
13.021,11,97.0,922.0,0.0,-19.0,15.08,83.1,-1.0,14.5,14.5
13.111,11,97.0,922.0,0.0,-19.0,15.08,83.1,-1.0,14.5,14.5
13.201,11,97.0,922.0,0.0,-19.0,15.08,83.1,-1.0,14.5,14.5
13.291,11,97.0,922.0,0.0,-19.0,15.08,83.1,-1.0,14.5,14.5
13.381,11,97.0,922.0,0.0,-19.0,15.08,83.1,-1.0,14.5,14.5
13.472,11,97.0,925.0,0.0,-19.0,15.08,83.1,-1.0,14.5,14.5
13.56,11,97.0,925.0,0.0,-19.0,15.08,83.1,-1.0,14.5,14.5
13.651,11,97.0,925.0,0.0,-27.0,15.08,83.1,-1.0,14.5,14.5
13.74,11,97.0,925.0,0.0,-27.0,15.63,83.1,-1.0,14.5,14.5
13.831,11,97.0,925.0,0.0,-27.0,15.63,83.1,-1.0,14.5,14.5
13.92,11,97.0,925.0,0.0,-27.0,15.63,83.1,-1.0,14.5,14.5
14.01,11,97.0,925.0,0.0,-27.0,15.63,83.1,-1.0,14.5,14.5
14.101,11,97.0,925.0,0.0,-27.0,15.63,83.1,-1.0,14.5,14.5
14.191,10,97.0,925.0,0.0,-27.0,15.63,83.1,-1.0,14.5,14.5
14.252,10,97.0,925.0,0.0,-27.0,15.63,83.1,-1.0,14.5,14.5
14.341,10,97.0,957.0,0.0,-27.0,15.63,83.1,-1.0,14.5,14.5
14.431,10,97.0,957.0,3.0,-27.0,15.63,83.1,-1.0,14.5,14.5
14.521,10,97.0,957.0,3.0,-31.0,15.63,83.1,-1.0,14.5,14.5
14.611,10,97.0,957.0,3.0,-31.0,16.16,83.1,-1.0,14.5,14.5
14.701,10,97.0,957.0,3.0,-31.0,16.16,83.1,-1.0,14.5,14.5
14.791,10,97.0,957.0,3.0,-31.0,16.16,83.1,-1.0,14.5,14.5
14.882,10,97.0,957.0,3.0,-31.0,16.16,83.1,-1.0,14.1,14.5
14.971,10,97.0,957.0,3.0,-31.0,16.16,83.1,-1.0,14.1,14.5
15.061,10,97.0,957.0,3.0,-31.0,16.16,83.1,-1.0,14.1,14.5
15.151,10,98.0,957.0,3.0,-31.0,16.16,83.1,-1.0,14.1,14.5
15.241,10,98.0,1003.0,3.0,-31.0,16.16,83.1,-1.0,14.1,14.5
15.331,10,98.0,1003.0,2.0,-31.0,16.16,83.1,-1.0,14.1,14.5
15.451,10,98.0,1003.0,2.0,-35.0,16.16,83.1,-1.0,14.1,14.5
15.541,10,98.0,1003.0,2.0,-35.0,17.05,83.1,-1.0,14.1,14.5
15.631,10,98.0,1003.0,2.0,-35.0,17.05,83.1,-1.0,14.1,14.5
15.721,10,98.0,1003.0,2.0,-35.0,17.05,83.1,-1.0,14.1,14.5
15.811,10,98.0,1003.0,2.0,-35.0,17.05,83.1,-1.0,14.9,14.5
15.901,10,98.0,1003.0,2.0,-35.0,17.05,83.1,-1.0,14.9,14.9
15.99,10,98.0,1003.0,2.0,-35.0,17.05,83.1,-1.0,14.9,14.9
16.08,10,99.0,1003.0,2.0,-35.0,17.05,83.1,-1.0,14.9,14.9
16.17,10,99.0,954.0,2.0,-35.0,17.05,83.1,-1.0,14.9,14.9
16.261,10,99.0,954.0,1.0,-35.0,17.05,83.1,-1.0,14.9,14.9
16.35,10,99.0,954.0,1.0,-37.0,17.05,83.1,-1.0,14.9,14.9
16.44,10,99.0,954.0,1.0,-37.0,15.38,83.1,-1.0,14.9,14.9
16.531,10,99.0,954.0,1.0,-37.0,15.38,83.1,-1.0,14.9,14.9
16.621,10,99.0,954.0,1.0,-37.0,15.38,83.1,-1.0,14.9,14.9
16.71,10,99.0,954.0,1.0,-37.0,15.38,83.1,-1.0,15.7,14.9
16.8,10,99.0,954.0,1.0,-37.0,15.38,83.1,-1.0,15.7,15.3
16.891,10,99.0,954.0,1.0,-37.0,15.38,83.1,-1.0,15.7,15.3
16.951,10,99.0,954.0,1.0,-37.0,15.38,83.1,-1.0,15.7,15.3
17.04,10,99.0,942.0,1.0,-37.0,15.38,83.1,-1.0,15.7,15.3
17.102,10,99.0,942.0,2.0,-37.0,15.38,83.1,-1.0,15.7,15.3
17.191,10,99.0,942.0,2.0,-40.0,15.38,83.1,-1.0,15.7,15.3
17.281,10,99.0,942.0,2.0,-40.0,17.02,83.1,-1.0,15.7,15.3
17.37,10,99.0,942.0,2.0,-40.0,17.02,83.1,-1.0,15.7,15.3
17.461,10,99.0,942.0,2.0,-40.0,17.02,83.1,-1.0,15.7,15.3
17.551,10,99.0,942.0,2.0,-40.0,17.02,83.1,-1.0,14.1,15.3
17.641,10,99.0,942.0,2.0,-40.0,17.02,83.1,-1.0,14.1,14.5
17.761,10,99.0,942.0,2.0,-40.0,17.02,83.1,-1.0,14.1,14.5
17.851,10,100.0,942.0,2.0,-40.0,17.02,83.1,-1.0,14.1,14.5
17.941,10,100.0,983.0,2.0,-40.0,17.02,83.1,-1.0,14.1,14.5
18.001,10,100.0,983.0,1.0,-40.0,17.02,83.1,-1.0,14.1,14.5
18.091,10,100.0,983.0,1.0,-40.0,17.02,83.1,-1.0,14.1,14.5
18.151,10,100.0,983.0,1.0,-40.0,17.24,83.1,-1.0,14.1,14.5
18.241,10,100.0,983.0,1.0,-40.0,17.24,83.1,-1.0,14.1,14.5
18.302,10,100.0,983.0,1.0,-40.0,17.24,83.1,-1.0,14.1,14.5
18.391,10,100.0,983.0,1.0,-40.0,17.24,83.1,-1.0,14.5,14.5
18.481,10,100.0,983.0,1.0,-40.0,17.24,83.1,-1.0,14.5,14.1
18.571,10,100.0,983.0,1.0,-40.0,17.24,83.1,-1.0,14.5,14.1
18.661,10,101.0,983.0,1.0,-40.0,17.24,83.1,-1.0,14.5,14.1
18.753,10,101.0,958.0,1.0,-40.0,17.24,83.1,-1.0,14.5,14.1
18.841,10,101.0,958.0,1.0,-40.0,17.24,83.1,-1.0,14.5,14.1
18.902,10,101.0,958.0,1.0,-40.0,17.24,83.1,-1.0,14.5,14.1
18.99,10,101.0,958.0,1.0,-40.0,16.61,83.1,-1.0,14.5,14.1
19.051,10,101.0,958.0,1.0,-40.0,16.61,83.1,-1.0,14.5,14.1
19.141,10,101.0,958.0,1.0,-40.0,16.61,83.1,-1.0,14.5,14.1
19.202,10,101.0,958.0,1.0,-40.0,16.61,83.1,-1.0,14.5,14.1
19.291,10,101.0,958.0,1.0,-40.0,16.61,83.1,-1.0,14.5,14.5
19.352,10,101.0,958.0,1.0,-40.0,16.61,83.1,-1.0,14.5,14.5
19.443,10,101.0,958.0,1.0,-40.0,16.61,83.1,-1.0,14.5,14.5
19.502,10,101.0,984.0,1.0,-40.0,16.61,83.1,-1.0,14.5,14.5
19.591,10,101.0,984.0,1.0,-40.0,16.61,83.1,-1.0,14.5,14.5
19.681,10,101.0,984.0,1.0,-40.0,16.61,83.1,-1.0,14.5,14.5
19.742,10,101.0,984.0,1.0,-40.0,16.97,83.1,-1.0,14.5,14.5
19.831,10,101.0,984.0,1.0,-40.0,16.97,83.1,-1.0,14.5,14.5
19.921,10,101.0,984.0,1.0,-40.0,16.97,83.1,-1.0,14.5,14.5
20.011,10,101.0,984.0,1.0,-40.0,16.97,83.1,-1.0,17.3,14.5
20.101,10,101.0,984.0,1.0,-40.0,16.97,83.1,-1.0,17.3,16.9
20.191,10,101.0,984.0,1.0,-40.0,16.97,83.1,-1.0,17.3,16.9
20.252,10,101.0,984.0,1.0,-40.0,16.97,83.1,-1.0,17.3,16.9
20.341,10,101.0,935.0,1.0,-40.0,16.97,83.1,-1.0,17.3,16.9
20.462,10,101.0,935.0,1.0,-40.0,16.97,83.1,-1.0,17.3,16.9
20.551,10,101.0,935.0,1.0,-40.0,16.97,83.1,-1.0,17.3,16.9
20.641,10,101.0,935.0,1.0,-40.0,16.49,83.1,-1.0,17.3,16.9
20.761,10,101.0,935.0,1.0,-40.0,16.49,83.1,-1.0,17.3,16.9
20.851,10,101.0,935.0,1.0,-40.0,16.49,83.1,-1.0,17.3,16.9
20.941,10,101.0,935.0,1.0,-40.0,16.49,83.1,-1.0,15.7,16.9
21.001,10,101.0,935.0,1.0,-40.0,16.49,83.1,-1.0,15.7,15.7
21.091,10,101.0,935.0,1.0,-40.0,16.49,83.1,-1.0,15.7,15.7
21.152,10,102.0,935.0,1.0,-40.0,16.49,83.1,-1.0,15.7,15.7
21.241,10,102.0,938.0,1.0,-40.0,16.49,83.1,-1.0,15.7,15.7
21.332,10,102.0,938.0,1.0,-40.0,16.49,83.1,-1.0,15.7,15.7
21.392,10,102.0,938.0,1.0,-40.0,16.49,83.1,-1.0,15.7,15.7
21.454,10,102.0,938.0,1.0,-40.0,16.38,83.1,-1.0,15.7,15.7
21.541,10,102.0,938.0,1.0,-40.0,16.38,83.1,-1.0,15.7,15.7
21.631,10,102.0,938.0,1.0,-40.0,16.38,83.1,-1.0,15.7,15.7
21.723,10,102.0,938.0,1.0,-40.0,16.38,83.1,-1.0,17.3,15.7
21.811,10,102.0,938.0,1.0,-40.0,16.38,83.1,-1.0,17.3,17.3
21.901,10,102.0,938.0,1.0,-40.0,16.38,83.1,-1.0,17.3,17.3
21.991,10,102.0,938.0,1.0,-40.0,16.38,83.1,-1.0,17.3,17.3
22.052,10,102.0,921.0,1.0,-40.0,16.38,83.1,-1.0,17.3,17.3
22.141,10,102.0,921.0,2.0,-40.0,16.38,83.1,-1.0,17.3,17.3
22.202,10,102.0,921.0,2.0,-39.0,16.38,83.1,-1.0,17.3,17.3
22.291,10,102.0,921.0,2.0,-39.0,16.08,83.1,-1.0,17.3,17.3
22.352,10,102.0,921.0,2.0,-39.0,16.08,83.1,-1.0,17.3,17.3
22.44,10,102.0,921.0,2.0,-39.0,16.08,83.1,-1.0,17.3,17.3
22.531,10,102.0,921.0,2.0,-39.0,16.08,83.1,-1.0,17.3,17.3
22.592,10,102.0,921.0,2.0,-39.0,16.08,83.1,-1.0,17.3,17.3
22.653,10,102.0,921.0,2.0,-39.0,16.08,83.1,-1.0,17.3,17.3
22.771,10,102.0,921.0,2.0,-39.0,16.08,83.1,-1.0,17.3,17.3
22.861,10,102.0,924.0,2.0,-39.0,16.08,83.1,-1.0,17.3,17.3
22.951,10,102.0,924.0,3.0,-39.0,16.08,83.1,-1.0,17.3,17.3
23.041,10,102.0,924.0,3.0,-38.0,16.08,83.1,-1.0,17.3,17.3
23.131,10,102.0,924.0,3.0,-38.0,16.33,83.1,-1.0,17.3,17.3
23.222,10,102.0,924.0,3.0,-38.0,16.33,83.1,-1.0,17.3,17.3
23.311,10,102.0,924.0,3.0,-38.0,16.33,83.1,-1.0,17.3,17.3
23.401,10,102.0,924.0,3.0,-38.0,16.33,83.1,-1.0,17.3,17.3
23.521,10,102.0,924.0,3.0,-38.0,16.33,83.1,-1.0,17.3,17.3
23.611,10,102.0,924.0,3.0,-38.0,16.33,83.1,-1.0,17.3,17.3
23.701,10,103.0,924.0,3.0,-38.0,16.33,83.1,-1.0,17.3,17.3
23.791,10,103.0,945.0,3.0,-38.0,16.33,83.1,-1.0,17.3,17.3
23.859,10,103.0,945.0,4.0,-38.0,16.33,83.1,-1.0,17.3,17.3
23.941,10,103.0,945.0,4.0,-37.0,16.33,83.1,-1.0,17.3,17.3
24.001,10,103.0,945.0,4.0,-37.0,16.86,83.1,-1.0,17.3,17.3
24.091,10,103.0,945.0,4.0,-37.0,16.86,83.1,-1.0,17.3,17.3
24.153,10,103.0,945.0,4.0,-37.0,16.86,83.1,-1.0,17.3,17.3
24.241,10,103.0,945.0,4.0,-37.0,16.86,83.1,-1.0,17.3,17.3
24.361,10,103.0,945.0,4.0,-37.0,16.86,83.1,-1.0,17.3,17.3
24.451,10,103.0,945.0,4.0,-37.0,16.86,83.1,-1.0,17.3,17.3
24.541,10,104.0,945.0,4.0,-37.0,16.86,83.1,-1.0,17.3,17.3
24.603,10,104.0,944.0,4.0,-37.0,16.86,83.1,-1.0,17.3,17.3
24.691,10,104.0,944.0,5.0,-37.0,16.86,83.1,-1.0,17.3,17.3
24.753,10,104.0,944.0,5.0,-36.0,16.86,83.1,-1.0,17.3,17.3
24.841,10,104.0,944.0,5.0,-36.0,17.08,83.1,-1.0,17.3,17.3
24.931,10,104.0,944.0,5.0,-36.0,17.08,83.1,-1.0,17.3,17.3
24.991,10,104.0,944.0,5.0,-36.0,17.08,83.1,-1.0,17.3,17.3
25.052,10,104.0,944.0,5.0,-36.0,17.08,83.1,-1.0,17.3,17.3
25.141,10,104.0,944.0,5.0,-36.0,17.08,83.1,-1.0,17.3,17.3
25.264,10,104.0,944.0,5.0,-36.0,17.08,83.1,-1.0,17.3,17.3
25.351,10,104.0,944.0,5.0,-36.0,17.08,83.1,-1.0,17.3,17.3
25.442,10,104.0,939.0,5.0,-36.0,17.08,83.1,-1.0,17.3,17.3
25.531,10,104.0,939.0,6.0,-36.0,17.08,83.1,-1.0,17.3,17.3
25.622,10,104.0,939.0,6.0,-34.0,17.08,83.1,-1.0,17.3,17.3
25.711,10,104.0,939.0,6.0,-34.0,16.88,83.1,-1.0,17.3,17.3
25.801,10,104.0,939.0,6.0,-34.0,16.88,83.1,-1.0,17.3,17.3
25.891,10,104.0,939.0,6.0,-34.0,16.88,83.1,-1.0,17.3,17.3
25.951,10,104.0,939.0,6.0,-34.0,16.88,83.1,-1.0,17.6,17.3
26.041,10,104.0,939.0,6.0,-34.0,16.88,83.1,-1.0,17.6,18.0
26.133,10,104.0,939.0,6.0,-34.0,16.88,83.1,-1.0,17.6,18.0
26.193,10,105.0,939.0,6.0,-34.0,16.88,83.1,-1.0,17.6,18.0
26.253,10,105.0,1069.0,6.0,-34.0,16.88,83.1,-1.0,17.6,18.0
26.341,10,105.0,1069.0,9.0,-34.0,16.88,83.1,-1.0,17.6,18.0
26.432,10,105.0,1069.0,9.0,-33.0,16.88,83.1,-1.0,17.6,18.0
26.493,10,105.0,1069.0,9.0,-33.0,22.02,83.1,-1.0,17.6,18.0
26.553,10,105.0,1069.0,9.0,-33.0,22.02,83.1,-1.0,17.6,18.0
26.641,10,105.0,1069.0,9.0,-33.0,22.02,83.1,-1.0,17.6,18.0
26.702,10,105.0,1069.0,9.0,-33.0,22.02,83.1,-1.0,32.9,18.0
26.792,10,105.0,1069.0,9.0,-33.0,22.02,83.1,-1.0,32.9,34.5
26.853,10,105.0,1069.0,9.0,-33.0,22.02,83.1,-1.0,32.9,34.5
26.941,10,114.0,1069.0,9.0,-33.0,22.02,83.1,-1.0,32.9,34.5
27.001,10,114.0,1527.0,9.0,-33.0,22.02,83.1,-1.0,32.9,34.5
27.091,10,114.0,1527.0,13.0,-33.0,22.02,83.1,-1.0,32.9,34.5
27.153,10,114.0,1527.0,13.0,-30.0,22.02,83.1,-1.0,32.9,34.5
27.241,10,114.0,1527.0,13.0,-30.0,35.97,83.1,-1.0,32.9,34.5
27.304,10,114.0,1527.0,13.0,-30.0,35.97,83.1,-1.0,32.9,34.5
27.391,10,114.0,1527.0,13.0,-30.0,35.97,83.1,-1.0,32.9,34.5
27.453,10,114.0,1527.0,13.0,-30.0,35.97,83.1,-1.0,41.6,34.5
27.541,10,114.0,1527.0,13.0,-30.0,35.97,83.1,-1.0,41.6,42.0
27.603,10,114.0,1527.0,13.0,-30.0,35.97,83.1,-1.0,41.6,42.0
27.692,10,142.0,1527.0,13.0,-30.0,35.97,83.1,-1.0,41.6,42.0
27.811,10,142.0,1915.0,13.0,-30.0,35.97,83.1,-1.0,41.6,42.0
27.903,10,142.0,1915.0,17.0,-30.0,35.97,83.1,-1.0,41.6,42.0
27.991,10,142.0,1915.0,17.0,-26.0,35.97,83.1,-1.0,41.6,42.0
28.051,10,142.0,1915.0,17.0,-26.0,48.83,83.1,-1.0,41.6,42.0
28.14,10,142.0,1915.0,17.0,-26.0,48.83,83.1,-1.0,41.6,42.0
28.201,10,142.0,1915.0,17.0,-26.0,48.83,83.1,-1.0,41.6,42.0
28.29,10,142.0,1915.0,17.0,-26.0,48.83,83.1,-1.0,31.0,42.0
28.351,10,142.0,1915.0,17.0,-26.0,48.83,83.1,-1.0,31.0,16.1
28.44,10,142.0,1915.0,17.0,-26.0,48.83,83.1,-1.0,31.0,16.1
28.501,10,124.0,1915.0,17.0,-26.0,48.83,83.1,-1.0,31.0,16.1
28.591,10,124.0,1586.0,17.0,-26.0,48.83,83.1,-1.0,31.0,16.1
28.653,10,124.0,1586.0,17.0,-26.0,48.83,83.1,-1.0,31.0,16.1
28.741,10,124.0,1586.0,17.0,-25.0,48.83,83.1,-1.0,31.0,16.1
28.802,10,124.0,1586.0,17.0,-25.0,24.33,83.1,-1.0,31.0,16.1
28.892,10,124.0,1586.0,17.0,-25.0,24.33,31.0,-1.0,31.0,16.1
29.011,10,124.0,1586.0,17.0,-25.0,24.33,31.0,-1.0,31.0,16.1
29.101,10,124.0,1586.0,17.0,-25.0,24.33,31.0,-1.0,28.6,16.1
29.191,10,124.0,1586.0,17.0,-25.0,24.33,31.0,-1.0,28.6,31.0
29.251,10,124.0,1586.0,17.0,-25.0,24.33,31.0,-1.0,28.6,31.0
29.341,10,100.0,1586.0,17.0,-25.0,24.33,31.0,-1.0,28.6,31.0
29.402,10,100.0,1040.0,17.0,-25.0,24.33,31.0,-1.0,28.6,31.0
29.491,10,100.0,1040.0,17.0,-25.0,24.33,31.0,-1.0,28.6,31.0
29.553,10,100.0,1040.0,17.0,-28.0,24.33,31.0,-1.0,28.6,31.0
29.641,10,100.0,1040.0,17.0,-28.0,19.11,31.0,-1.0,28.6,31.0
29.703,10,100.0,1040.0,17.0,-28.0,19.11,83.1,-1.0,28.6,31.0
29.791,10,100.0,1040.0,17.0,-28.0,19.11,83.1,-1.0,28.6,31.0
29.853,10,100.0,1040.0,17.0,-28.0,19.11,83.1,-1.0,31.0,31.0
29.941,10,100.0,1040.0,17.0,-28.0,19.11,83.1,-1.0,31.0,31.0
30.031,10,100.0,1040.0,17.0,-28.0,19.11,83.1,-1.0,31.0,31.0
30.092,10,111.0,1040.0,17.0,-28.0,19.11,83.1,-1.0,31.0,31.0
30.181,10,111.0,1115.0,17.0,-28.0,19.11,83.1,-1.0,31.0,31.0
30.273,10,111.0,1115.0,19.0,-28.0,19.11,83.1,-1.0,31.0,31.0
30.361,10,111.0,1115.0,19.0,-27.0,19.11,83.1,-1.0,31.0,31.0
30.451,10,111.0,1115.0,19.0,-27.0,22.66,83.1,-1.0,31.0,31.0
30.541,10,111.0,1115.0,19.0,-27.0,22.66,83.5,-1.0,31.0,31.0
30.632,10,111.0,1115.0,19.0,-27.0,22.66,83.5,-1.0,31.0,31.0
30.722,10,111.0,1115.0,19.0,-27.0,22.66,83.5,-1.0,24.7,31.0
30.812,10,111.0,1115.0,19.0,-27.0,22.66,83.5,-1.0,24.7,24.7
30.901,10,111.0,1115.0,19.0,-27.0,22.66,83.5,-1.0,24.7,24.7
31.021,10,114.0,1115.0,19.0,-27.0,22.66,83.5,-1.0,24.7,24.7
31.111,10,114.0,1133.0,19.0,-27.0,22.66,83.5,-1.0,24.7,24.7
31.201,10,114.0,1133.0,19.0,-27.0,22.66,83.5,-1.0,24.7,24.7
31.292,10,114.0,1133.0,19.0,-25.0,22.66,83.5,-1.0,24.7,24.7
31.382,10,114.0,1133.0,19.0,-25.0,22.52,83.5,-1.0,24.7,24.7
31.471,10,114.0,1133.0,19.0,-25.0,22.52,83.5,-1.0,24.7,24.7
31.562,10,114.0,1133.0,19.0,-25.0,22.52,83.5,-1.0,24.7,24.7
31.653,10,114.0,1133.0,19.0,-25.0,22.52,83.5,-1.0,23.5,24.7
31.741,10,114.0,1133.0,19.0,-25.0,22.52,83.5,-1.0,23.5,23.9
31.833,10,114.0,1133.0,19.0,-25.0,22.52,83.5,-1.0,23.5,23.9
31.921,10,110.0,1133.0,19.0,-25.0,22.52,83.5,-1.0,23.5,23.9
32.01,10,110.0,1132.0,19.0,-25.0,22.52,83.5,-1.0,23.5,23.9
32.101,10,110.0,1132.0,19.0,-25.0,22.52,83.5,-1.0,23.5,23.9
32.193,10,110.0,1132.0,19.0,-24.0,22.52,83.5,-1.0,23.5,23.9
32.281,10,110.0,1132.0,19.0,-24.0,23.13,83.5,-1.0,23.5,23.9
32.342,10,110.0,1132.0,19.0,-24.0,23.13,83.5,-1.0,23.5,23.9
32.431,10,110.0,1132.0,19.0,-24.0,23.13,83.5,-1.0,23.5,23.9
32.491,10,110.0,1132.0,19.0,-24.0,23.13,83.5,-1.0,32.2,23.9
32.581,10,110.0,1132.0,19.0,-24.0,23.13,83.5,-1.0,32.2,32.5
32.671,10,110.0,1132.0,19.0,-24.0,23.13,83.5,-1.0,32.2,32.5
32.822,10,117.0,1132.0,19.0,-24.0,23.13,83.5,-1.0,32.2,32.5
32.911,10,117.0,1226.0,19.0,-24.0,23.13,83.5,-1.0,32.2,32.5
33.001,10,117.0,1226.0,21.0,-24.0,23.13,83.5,-1.0,32.2,32.5
33.091,10,117.0,1226.0,21.0,-22.0,23.13,83.5,-1.0,32.2,32.5
33.181,10,117.0,1226.0,21.0,-22.0,26.3,83.5,-1.0,32.2,32.5
33.244,10,117.0,1226.0,21.0,-22.0,26.3,83.5,-1.0,32.2,32.5
33.331,10,117.0,1226.0,21.0,-22.0,26.3,83.5,-1.0,32.2,32.5
33.393,10,117.0,1226.0,21.0,-22.0,26.3,83.5,-1.0,24.3,32.5
33.481,10,117.0,1226.0,21.0,-22.0,26.3,83.5,-1.0,24.3,26.3
33.543,10,117.0,1226.0,21.0,-22.0,26.3,83.5,-1.0,24.3,26.3
33.631,10,113.0,1226.0,21.0,-22.0,26.3,83.5,-1.0,24.3,26.3
33.695,10,113.0,1276.0,21.0,-22.0,26.3,83.5,-1.0,24.3,26.3
33.781,10,113.0,1276.0,22.0,-22.0,26.3,83.5,-1.0,24.3,26.3
33.871,10,113.0,1276.0,22.0,-21.0,26.3,83.5,-1.0,24.3,26.3
33.961,10,113.0,1276.0,22.0,-21.0,25.86,83.5,-1.0,24.3,26.3
34.051,10,113.0,1276.0,22.0,-21.0,25.86,83.5,-1.0,24.3,26.3
34.142,10,113.0,1276.0,22.0,-21.0,25.86,83.5,-1.0,24.3,26.3
34.231,10,113.0,1276.0,22.0,-21.0,25.86,83.5,-1.0,26.7,26.3
34.323,10,113.0,1276.0,22.0,-21.0,25.86,83.5,-1.0,26.7,27.8
34.383,10,113.0,1276.0,22.0,-21.0,25.86,83.5,-1.0,26.7,27.8
34.442,10,114.0,1276.0,22.0,-21.0,25.86,83.5,-1.0,26.7,27.8
34.531,10,114.0,1312.0,22.0,-21.0,25.86,83.5,-1.0,26.7,27.8
34.592,10,114.0,1312.0,22.0,-21.0,25.86,83.5,-1.0,26.7,27.8
34.682,10,114.0,1312.0,22.0,-19.0,25.86,83.5,-1.0,26.7,27.8
34.743,10,114.0,1312.0,22.0,-19.0,27.02,83.5,-1.0,26.7,27.8
34.831,10,114.0,1312.0,22.0,-19.0,27.02,83.5,-1.0,26.7,27.8
34.892,10,114.0,1312.0,22.0,-19.0,27.02,83.5,-1.0,26.7,27.8
34.98,10,114.0,1312.0,22.0,-19.0,27.02,83.5,-1.0,28.2,27.8
35.071,10,114.0,1312.0,22.0,-19.0,27.02,83.5,-1.0,28.2,29.0
35.162,10,114.0,1312.0,22.0,-19.0,27.02,83.5,-1.0,28.2,29.0
35.251,10,116.0,1312.0,22.0,-19.0,27.02,83.5,-1.0,28.2,29.0
35.341,10,116.0,1350.0,22.0,-19.0,27.02,83.5,-1.0,28.2,29.0
35.432,10,116.0,1350.0,23.0,-19.0,27.02,83.5,-1.0,28.2,29.0
35.492,10,116.0,1350.0,23.0,-18.0,27.02,83.5,-1.0,28.2,29.0
35.582,10,116.0,1350.0,23.0,-18.0,28.55,83.5,-1.0,28.2,29.0
35.643,10,116.0,1350.0,23.0,-18.0,28.55,83.5,-1.0,28.2,29.0
35.731,10,116.0,1350.0,23.0,-18.0,28.55,83.5,-1.0,28.2,29.0
35.795,10,116.0,1350.0,23.0,-18.0,28.55,83.5,-1.0,31.0,29.0
35.881,10,116.0,1350.0,23.0,-18.0,28.55,83.5,-1.0,31.0,31.4
35.942,10,116.0,1350.0,23.0,-18.0,28.55,83.5,-1.0,31.0,31.4
36.032,10,119.0,1350.0,23.0,-18.0,28.55,83.5,-1.0,31.0,31.4
36.092,10,119.0,1391.0,23.0,-18.0,28.55,83.5,-1.0,31.0,31.4
36.181,10,119.0,1391.0,24.0,-18.0,28.55,83.5,-1.0,31.0,31.4
36.242,10,119.0,1391.0,24.0,-17.0,28.55,83.5,-1.0,31.0,31.4
36.331,10,119.0,1391.0,24.0,-17.0,30.22,83.5,-1.0,31.0,31.4
36.392,10,119.0,1391.0,24.0,-17.0,30.22,83.5,-1.0,31.0,31.4
36.481,10,119.0,1391.0,24.0,-17.0,30.22,83.5,-1.0,31.0,31.4
36.542,10,119.0,1391.0,24.0,-17.0,30.22,83.5,-1.0,28.6,31.4
36.631,10,119.0,1391.0,24.0,-17.0,30.22,83.5,-1.0,28.6,28.6
36.692,10,119.0,1391.0,24.0,-17.0,30.22,83.5,-1.0,28.6,28.6
36.781,10,121.0,1391.0,24.0,-17.0,30.22,83.5,-1.0,28.6,28.6
36.842,10,121.0,1406.0,24.0,-17.0,30.22,83.5,-1.0,28.6,28.6
36.931,10,121.0,1406.0,24.0,-17.0,30.22,83.5,-1.0,28.6,28.6
36.991,10,121.0,1406.0,24.0,-17.0,30.22,83.5,-1.0,28.6,28.6
37.082,10,121.0,1406.0,24.0,-17.0,29.05,83.5,-1.0,28.6,28.6
37.143,10,121.0,1406.0,24.0,-17.0,29.05,83.5,-1.0,28.6,28.6
37.231,10,121.0,1406.0,24.0,-17.0,29.05,83.5,-1.0,28.6,28.6
37.292,10,121.0,1406.0,24.0,-17.0,29.05,83.5,-1.0,23.1,28.6
37.381,10,121.0,1406.0,24.0,-17.0,29.05,83.5,-1.0,23.1,22.4
37.442,10,121.0,1406.0,24.0,-17.0,29.05,83.5,-1.0,23.1,22.4
37.561,10,109.0,1406.0,24.0,-17.0,29.05,83.5,-1.0,23.1,22.4
37.652,10,109.0,1375.0,24.0,-17.0,29.05,83.5,-1.0,23.1,22.4
37.742,10,109.0,1375.0,24.0,-17.0,29.05,83.5,-1.0,23.1,22.4
37.834,10,109.0,1375.0,24.0,-16.0,29.05,83.5,-1.0,23.1,22.4
37.951,10,109.0,1375.0,24.0,-16.0,25.99,83.5,-1.0,23.1,22.4
38.042,10,109.0,1375.0,24.0,-16.0,25.99,83.5,-1.0,23.1,22.4
38.132,10,109.0,1375.0,24.0,-16.0,25.99,83.5,-1.0,23.1,22.4
38.193,10,109.0,1375.0,24.0,-16.0,25.99,83.5,-1.0,14.1,22.4
38.281,10,109.0,1375.0,24.0,-16.0,25.99,83.5,-1.0,14.1,14.5
38.342,10,109.0,1375.0,24.0,-16.0,25.99,83.5,-1.0,14.1,14.5
38.431,10,102.0,1375.0,24.0,-16.0,25.99,83.5,-1.0,14.1,14.5
38.492,10,102.0,1282.0,24.0,-16.0,25.99,83.5,-1.0,14.1,14.5
38.581,10,102.0,1282.0,22.0,-16.0,25.99,83.5,-1.0,14.1,14.5
38.642,10,102.0,1282.0,22.0,-15.0,25.99,83.5,-1.0,14.1,14.5
38.731,10,102.0,1282.0,22.0,-15.0,22.74,83.5,-1.0,14.1,14.5
38.795,10,102.0,1282.0,22.0,-15.0,22.74,83.5,-1.0,14.1,14.5
38.881,10,102.0,1282.0,22.0,-15.0,22.74,83.5,-1.0,14.1,14.5
38.942,10,102.0,1282.0,22.0,-15.0,22.74,83.5,-1.0,14.5,14.5
39.031,10,102.0,1282.0,22.0,-15.0,22.74,83.5,-1.0,14.5,14.5
39.092,10,102.0,1282.0,22.0,-15.0,22.74,83.5,-1.0,14.5,14.5
39.182,10,98.0,1282.0,22.0,-15.0,22.74,83.5,-1.0,14.5,14.5
39.242,10,98.0,1145.0,22.0,-15.0,22.74,83.5,-1.0,14.5,14.5
39.331,10,98.0,1145.0,20.0,-15.0,22.74,83.5,-1.0,14.5,14.5
39.393,10,98.0,1145.0,20.0,-15.0,22.74,83.5,-1.0,14.5,14.5
39.481,10,98.0,1145.0,20.0,-15.0,20.11,83.5,-1.0,14.5,14.5
39.542,10,98.0,1145.0,20.0,-15.0,20.11,83.5,-1.0,14.5,14.5
39.631,10,98.0,1145.0,20.0,-15.0,20.11,83.5,-1.0,14.5,14.5
39.693,10,98.0,1145.0,20.0,-15.0,20.11,83.5,-1.0,14.1,14.5
39.781,10,98.0,1145.0,20.0,-15.0,20.11,83.5,-1.0,14.1,14.5
39.841,10,98.0,1145.0,20.0,-15.0,20.11,83.5,-1.0,14.1,14.5
39.93,10,98.0,1145.0,20.0,-15.0,20.11,83.5,-1.0,14.1,14.5
39.991,10,98.0,982.0,20.0,-15.0,20.11,83.5,-1.0,14.1,14.5
40.08,10,98.0,982.0,18.0,-15.0,20.11,83.5,-1.0,14.1,14.5
40.142,10,98.0,982.0,18.0,-15.0,20.11,83.5,-1.0,14.1,14.5
40.232,10,98.0,982.0,18.0,-15.0,17.66,83.5,-1.0,14.1,14.5
40.293,10,98.0,982.0,18.0,-15.0,17.66,83.5,-1.0,14.1,14.5
40.381,10,98.0,982.0,18.0,-15.0,17.66,83.5,-1.0,14.1,14.5
40.445,10,98.0,982.0,18.0,-15.0,17.66,83.5,-1.0,14.1,14.5
40.534,10,98.0,982.0,18.0,-15.0,17.66,83.5,-1.0,14.1,14.5
40.593,10,98.0,982.0,18.0,-15.0,17.66,83.5,-1.0,14.1,14.5
40.682,10,101.0,982.0,18.0,-15.0,17.66,83.5,-1.0,14.1,14.5
40.801,10,101.0,1016.0,18.0,-15.0,17.66,83.5,-1.0,14.1,14.5
40.891,10,101.0,1016.0,14.0,-15.0,17.66,83.5,-1.0,14.1,14.5
40.981,10,101.0,1016.0,14.0,-14.0,17.66,83.5,-1.0,14.1,14.5
41.042,10,101.0,1016.0,14.0,-14.0,18.33,83.5,-1.0,14.1,14.5
41.131,10,101.0,1016.0,14.0,-14.0,18.33,83.5,-1.0,14.1,14.5
41.193,10,101.0,1016.0,14.0,-14.0,18.33,83.5,-1.0,14.1,14.5
41.281,10,101.0,1016.0,14.0,-14.0,18.33,83.5,-1.0,14.1,14.5
41.344,10,101.0,1016.0,14.0,-14.0,18.33,83.5,-1.0,14.1,14.5
41.432,11,101.0,1016.0,14.0,-14.0,18.33,83.5,-1.0,14.1,14.5
41.492,11,103.0,1016.0,14.0,-14.0,18.33,83.5,-1.0,14.1,14.5
41.582,11,103.0,1030.0,14.0,-14.0,18.33,83.5,-1.0,14.1,14.5
41.642,11,103.0,1030.0,10.0,-14.0,18.33,83.5,-1.0,14.1,14.5
41.731,11,103.0,1030.0,10.0,-13.0,18.33,83.5,-1.0,14.1,14.5
41.792,11,103.0,1030.0,10.0,-13.0,18.94,83.5,-1.0,14.1,14.5
41.881,11,103.0,1030.0,10.0,-13.0,18.94,83.5,-1.0,14.1,14.5
41.942,11,103.0,1030.0,10.0,-13.0,18.94,83.5,-1.0,14.1,14.5
42.032,11,103.0,1030.0,10.0,-13.0,18.94,83.5,-1.0,14.1,14.5
42.092,11,103.0,1030.0,10.0,-13.0,18.94,83.5,-1.0,14.1,14.5
42.181,11,103.0,1030.0,10.0,-13.0,18.94,83.5,-1.0,14.1,14.5
42.244,11,104.0,1030.0,10.0,-13.0,18.94,83.5,-1.0,14.1,14.5
42.331,11,104.0,1032.0,10.0,-13.0,18.94,83.5,-1.0,14.1,14.5
42.393,11,104.0,1032.0,6.0,-13.0,18.94,83.5,-1.0,14.1,14.5
42.481,11,104.0,1032.0,6.0,-12.0,18.94,83.5,-1.0,14.1,14.5
42.542,11,104.0,1032.0,6.0,-12.0,18.74,83.5,-1.0,14.1,14.5
42.632,11,104.0,1032.0,6.0,-12.0,18.74,83.5,-1.0,14.1,14.5
42.692,11,104.0,1032.0,6.0,-12.0,18.74,83.5,-1.0,14.1,14.5
42.781,11,104.0,1032.0,6.0,-12.0,18.74,83.5,-1.0,14.1,14.5
42.842,11,104.0,1032.0,6.0,-12.0,18.74,83.5,-1.0,14.1,14.5
42.931,11,104.0,1032.0,6.0,-12.0,18.74,83.5,-1.0,14.1,14.5
42.991,11,105.0,1032.0,6.0,-12.0,18.74,83.5,-1.0,14.1,14.5
43.081,11,105.0,1038.0,6.0,-12.0,18.74,83.5,-1.0,14.1,14.5
43.142,11,105.0,1038.0,4.0,-12.0,18.74,83.5,-1.0,14.1,14.5
43.231,11,105.0,1038.0,4.0,-11.0,18.74,83.5,-1.0,14.1,14.5
43.295,11,105.0,1038.0,4.0,-11.0,19.33,83.5,-1.0,14.1,14.5
43.381,11,105.0,1038.0,4.0,-11.0,19.33,83.5,-1.0,14.1,14.5
43.442,11,105.0,1038.0,4.0,-11.0,19.33,83.5,-1.0,14.1,14.5
43.531,11,105.0,1038.0,4.0,-11.0,19.33,83.5,-1.0,14.5,14.5
43.592,11,105.0,1038.0,4.0,-11.0,19.33,83.5,-1.0,14.5,14.5
43.682,11,105.0,1038.0,4.0,-11.0,19.33,83.5,-1.0,14.5,14.5
43.743,11,106.0,1038.0,4.0,-11.0,19.33,83.5,-1.0,14.5,14.5
43.831,11,106.0,1040.0,4.0,-11.0,19.33,83.5,-1.0,14.5,14.5
43.893,11,106.0,1040.0,4.0,-11.0,19.33,83.5,-1.0,14.5,14.5
43.981,11,106.0,1040.0,4.0,-10.0,19.33,83.5,-1.0,14.5,14.5
44.042,11,106.0,1040.0,4.0,-10.0,19.05,83.5,-1.0,14.5,14.5
44.131,11,106.0,1040.0,4.0,-10.0,19.05,83.5,-1.0,14.5,14.5
44.193,11,106.0,1040.0,4.0,-10.0,19.05,83.5,-1.0,14.5,14.5
44.281,11,106.0,1040.0,4.0,-10.0,19.05,83.5,-1.0,14.1,14.5
44.343,11,106.0,1040.0,4.0,-10.0,19.05,83.5,-1.0,14.1,14.5
44.432,11,106.0,1040.0,4.0,-10.0,19.05,83.5,-1.0,14.1,14.5
44.493,11,106.0,1040.0,4.0,-10.0,19.05,83.5,-1.0,14.1,14.5
44.581,11,106.0,1040.0,4.0,-10.0,19.05,83.5,-1.0,14.1,14.5
44.644,11,106.0,1040.0,4.0,-10.0,19.05,83.5,-1.0,14.1,14.5
44.732,11,106.0,1040.0,4.0,-9.0,19.05,83.5,-1.0,14.1,14.5
44.794,11,106.0,1040.0,4.0,-9.0,19.41,83.5,-1.0,14.1,14.5
44.911,11,106.0,1040.0,4.0,-9.0,19.41,83.5,-1.0,14.1,14.5
45.001,11,106.0,1040.0,4.0,-9.0,19.41,83.5,-1.0,14.1,14.5
45.091,11,106.0,1040.0,4.0,-9.0,19.41,83.5,-1.0,14.1,14.5
45.181,11,106.0,1040.0,4.0,-9.0,19.41,83.5,-1.0,14.1,14.5
45.243,11,106.0,1040.0,4.0,-9.0,19.41,83.5,-1.0,14.1,14.5
45.332,11,106.0,1040.0,4.0,-9.0,19.41,83.5,-1.0,14.1,14.5
45.394,11,106.0,1041.0,4.0,-9.0,19.41,83.5,-1.0,14.1,14.5
45.481,11,106.0,1041.0,4.0,-9.0,19.41,83.5,-1.0,14.1,14.5
45.542,11,106.0,1041.0,4.0,-8.0,19.41,83.5,-1.0,14.1,14.5
45.632,11,106.0,1041.0,4.0,-8.0,19.3,83.5,-1.0,14.1,14.5
45.692,11,106.0,1041.0,4.0,-8.0,19.3,83.5,-1.0,14.1,14.5
45.781,11,106.0,1041.0,4.0,-8.0,19.3,83.5,-1.0,14.1,14.5
45.851,11,106.0,1041.0,4.0,-8.0,19.3,83.5,-1.0,14.1,14.5
45.93,11,106.0,1041.0,4.0,-8.0,19.3,83.5,-1.0,14.1,14.5
45.991,11,106.0,1041.0,4.0,-8.0,19.3,83.5,-1.0,14.1,14.5
46.08,11,106.0,1041.0,4.0,-8.0,19.3,83.5,-1.0,14.1,14.5
46.142,11,106.0,1040.0,4.0,-8.0,19.3,83.5,-1.0,14.1,14.5
46.231,11,106.0,1040.0,5.0,-8.0,19.3,83.5,-1.0,14.1,14.5
46.291,11,106.0,1040.0,5.0,-8.0,19.3,83.5,-1.0,14.1,14.5
46.381,11,106.0,1040.0,5.0,-8.0,19.69,83.5,-1.0,14.1,14.5
46.441,11,106.0,1040.0,5.0,-8.0,19.69,83.5,-1.0,14.1,14.5
46.531,11,106.0,1040.0,5.0,-8.0,19.69,83.5,-1.0,14.1,14.5
46.592,11,106.0,1040.0,5.0,-8.0,19.69,83.5,-1.0,14.1,14.5
46.681,11,106.0,1040.0,5.0,-8.0,19.69,83.5,-1.0,14.1,14.5
46.743,12,106.0,1040.0,5.0,-8.0,19.69,83.5,-1.0,14.1,14.5
46.833,12,106.0,1040.0,5.0,-8.0,19.69,83.5,-1.0,14.1,14.5
46.893,12,106.0,1041.0,5.0,-8.0,19.69,83.5,-1.0,14.1,14.5
46.981,12,106.0,1041.0,4.0,-8.0,19.69,83.5,-1.0,14.1,14.5
47.042,12,106.0,1041.0,4.0,-8.0,19.69,83.5,-1.0,14.1,14.5
47.132,12,106.0,1041.0,4.0,-8.0,19.27,83.5,-1.0,14.1,14.5
47.191,12,106.0,1041.0,4.0,-8.0,19.27,83.5,-1.0,14.1,14.5
47.282,12,106.0,1041.0,4.0,-8.0,19.27,83.5,-1.0,14.1,14.5
47.343,12,106.0,1041.0,4.0,-8.0,19.27,83.5,-1.0,14.1,14.5
47.436,12,106.0,1041.0,4.0,-8.0,19.27,83.5,-1.0,14.1,14.5
47.495,12,106.0,1041.0,4.0,-8.0,19.27,83.5,-1.0,14.1,14.5
47.583,12,106.0,1041.0,4.0,-8.0,19.27,83.5,-1.0,14.1,14.5
47.641,12,106.0,1043.0,4.0,-8.0,19.27,83.5,-1.0,14.1,14.5
47.732,12,106.0,1043.0,3.0,-8.0,19.27,83.5,-1.0,14.1,14.5
47.794,12,106.0,1043.0,3.0,-8.0,19.27,83.5,-1.0,14.1,14.5
47.881,12,106.0,1043.0,3.0,-8.0,19.22,83.5,-1.0,14.1,14.5
47.942,12,106.0,1043.0,3.0,-8.0,19.22,83.5,-1.0,14.1,14.5
48.031,12,106.0,1043.0,3.0,-8.0,19.22,83.5,-1.0,14.1,14.5
48.092,12,106.0,1043.0,3.0,-8.0,19.22,83.5,-1.0,14.1,14.5
48.181,12,106.0,1043.0,3.0,-8.0,19.22,83.5,-1.0,14.1,14.5
48.243,12,106.0,1043.0,3.0,-8.0,19.22,83.5,-1.0,14.1,14.5
48.331,12,106.0,1043.0,3.0,-8.0,19.22,83.5,-1.0,14.1,14.5
48.393,12,106.0,1042.0,3.0,-8.0,19.22,83.5,-1.0,14.1,14.5
48.482,12,106.0,1042.0,3.0,-8.0,19.22,83.5,-1.0,14.1,14.5
48.543,12,106.0,1042.0,3.0,-7.0,19.22,83.5,-1.0,14.1,14.5
48.632,12,106.0,1042.0,3.0,-7.0,19.47,83.5,-1.0,14.1,14.5
48.693,12,106.0,1042.0,3.0,-7.0,19.47,83.5,-1.0,14.1,14.5
48.782,12,106.0,1042.0,3.0,-7.0,19.47,83.5,-1.0,14.1,14.5
48.844,12,106.0,1042.0,3.0,-7.0,19.47,83.5,-1.0,14.1,14.5
48.931,12,106.0,1042.0,3.0,-7.0,19.47,83.5,-1.0,14.1,14.5
48.991,12,106.0,1042.0,3.0,-7.0,19.47,83.5,-1.0,14.1,14.5
49.082,12,106.0,1042.0,3.0,-7.0,19.47,83.5,-1.0,14.1,14.5
49.143,12,106.0,1043.0,3.0,-7.0,19.47,83.5,-1.0,14.1,14.5
49.233,12,106.0,1043.0,3.0,-7.0,19.47,83.5,-1.0,14.1,14.5
49.294,12,106.0,1043.0,3.0,-6.0,19.47,83.5,-1.0,14.1,14.5
49.381,12,106.0,1043.0,3.0,-6.0,19.33,83.5,-1.0,14.1,14.5
49.444,12,106.0,1043.0,3.0,-6.0,19.33,83.5,-1.0,14.1,14.5
49.536,12,106.0,1043.0,3.0,-6.0,19.33,83.5,-1.0,14.1,14.5
49.593,12,106.0,1043.0,3.0,-6.0,19.33,83.5,-1.0,14.1,14.5
49.681,12,106.0,1043.0,3.0,-6.0,19.33,83.5,-1.0,14.1,14.5
49.745,12,106.0,1043.0,3.0,-6.0,19.33,83.5,-1.0,14.1,14.5
49.831,12,106.0,1043.0,3.0,-6.0,19.33,83.5,-1.0,14.1,14.5
49.893,12,106.0,1041.0,3.0,-6.0,19.33,83.5,-1.0,14.1,14.5
49.981,12,106.0,1041.0,2.0,-6.0,19.33,83.5,-1.0,14.1,14.5
50.042,12,106.0,1041.0,2.0,-6.0,19.33,83.5,-1.0,14.1,14.5
50.131,12,106.0,1041.0,2.0,-6.0,19.38,83.5,-1.0,14.1,14.5
50.192,12,106.0,1041.0,2.0,-6.0,19.38,83.5,-1.0,14.1,14.5
50.281,12,106.0,1041.0,2.0,-6.0,19.38,83.5,-1.0,14.1,14.5
50.343,12,106.0,1041.0,2.0,-6.0,19.38,83.5,-1.0,14.1,14.5
50.431,12,106.0,1041.0,2.0,-6.0,19.38,83.5,-1.0,14.1,14.5
50.492,12,106.0,1041.0,2.0,-6.0,19.38,83.5,-1.0,14.1,14.5
50.582,12,106.0,1041.0,2.0,-6.0,19.38,83.5,-1.0,14.1,14.5
50.643,12,106.0,1043.0,2.0,-6.0,19.38,83.5,-1.0,14.1,14.5
50.733,12,106.0,1043.0,2.0,-6.0,19.38,83.5,-1.0,14.1,14.5
50.798,12,106.0,1043.0,2.0,-5.0,19.38,83.5,-1.0,14.1,14.5
50.881,12,106.0,1043.0,2.0,-5.0,19.33,83.5,-1.0,14.1,14.5
50.942,12,106.0,1043.0,2.0,-5.0,19.33,83.5,-1.0,14.1,14.5
51.03,12,106.0,1043.0,2.0,-5.0,19.33,83.5,-1.0,14.1,14.5
51.092,12,106.0,1043.0,2.0,-5.0,19.33,83.5,-1.0,14.1,14.5
51.181,12,106.0,1043.0,2.0,-5.0,19.33,83.5,-1.0,14.1,14.5
51.243,12,106.0,1043.0,2.0,-5.0,19.33,83.5,-1.0,14.1,14.5
51.332,12,106.0,1043.0,2.0,-5.0,19.33,83.5,-1.0,14.1,14.5
51.394,12,106.0,1040.0,2.0,-5.0,19.33,83.5,-1.0,14.1,14.5
51.482,12,106.0,1040.0,3.0,-5.0,19.33,83.5,-1.0,14.1,14.5
51.543,12,106.0,1040.0,3.0,-4.0,19.33,83.5,-1.0,14.1,14.5
51.632,12,106.0,1040.0,3.0,-4.0,19.16,83.5,-1.0,14.1,14.5
51.725,12,106.0,1040.0,3.0,-4.0,19.16,83.5,-1.0,14.1,14.5
51.783,12,106.0,1040.0,3.0,-4.0,19.16,83.5,-1.0,14.1,14.5
51.845,12,106.0,1040.0,3.0,-4.0,19.16,83.5,-1.0,14.1,14.5
51.932,12,106.0,1040.0,3.0,-4.0,19.16,83.5,-1.0,14.1,14.5
51.992,12,106.0,1040.0,3.0,-4.0,19.16,83.5,-1.0,14.1,14.5
52.081,12,106.0,1040.0,3.0,-4.0,19.16,83.5,-1.0,14.1,14.5
52.143,12,106.0,1041.0,3.0,-4.0,19.16,83.5,-1.0,14.1,14.5
52.232,12,106.0,1041.0,6.0,-4.0,19.16,83.5,-1.0,14.1,14.5
52.296,12,106.0,1041.0,6.0,-4.0,19.16,83.5,-1.0,14.1,14.5
52.381,12,106.0,1041.0,6.0,-4.0,18.19,83.5,-1.0,14.1,14.5
52.445,12,106.0,1041.0,6.0,-4.0,18.19,83.5,-1.0,14.1,14.5
52.532,12,106.0,1041.0,6.0,-4.0,18.19,83.5,-1.0,14.1,14.5
52.593,12,106.0,1041.0,6.0,-4.0,18.19,83.5,-1.0,20.4,14.5
52.68,12,106.0,1041.0,6.0,-4.0,18.19,83.5,-1.0,20.4,22.4
52.742,12,106.0,1041.0,6.0,-4.0,18.19,83.5,-1.0,20.4,22.4
52.832,12,106.0,1041.0,6.0,-4.0,18.19,83.5,-1.0,20.4,22.4
52.892,12,106.0,1226.0,6.0,-4.0,18.19,83.5,-1.0,20.4,22.4
52.981,12,106.0,1226.0,11.0,-4.0,18.19,83.5,-1.0,20.4,22.4
53.042,12,106.0,1226.0,11.0,-4.0,18.19,83.5,-1.0,20.4,22.4
53.132,12,106.0,1226.0,11.0,-4.0,27.86,83.5,-1.0,20.4,22.4
53.193,12,106.0,1226.0,11.0,-4.0,27.86,83.5,-1.0,20.4,22.4
53.282,12,106.0,1226.0,11.0,-4.0,27.86,83.5,-1.0,20.4,22.4
53.343,12,106.0,1226.0,11.0,-4.0,27.86,83.5,-1.0,34.5,22.4
53.433,12,106.0,1226.0,11.0,-4.0,27.86,83.5,-1.0,34.5,34.9
53.496,12,106.0,1226.0,11.0,-4.0,27.86,83.5,-1.0,34.5,34.9
53.581,12,120.0,1226.0,11.0,-4.0,27.86,83.5,-1.0,34.5,34.9
53.643,12,120.0,1824.0,11.0,-4.0,27.86,83.5,-1.0,34.5,34.9
53.733,12,120.0,1824.0,16.0,-4.0,27.86,83.5,-1.0,34.5,34.9
53.792,12,120.0,1824.0,16.0,-4.0,27.86,83.5,-1.0,34.5,34.9
53.882,12,120.0,1824.0,16.0,-4.0,39.47,83.5,-1.0,34.5,34.9
53.944,12,120.0,1824.0,16.0,-4.0,39.47,38.0,-1.0,34.5,34.9
54.032,12,120.0,1824.0,16.0,-4.0,39.47,38.0,-1.0,34.5,34.9
54.092,12,120.0,1824.0,16.0,-4.0,39.47,38.0,-1.0,14.1,34.9
54.181,12,120.0,1824.0,16.0,-4.0,39.47,38.0,-1.0,14.1,14.5
54.242,12,120.0,1824.0,16.0,-4.0,39.47,38.0,-1.0,14.1,14.5
54.332,12,101.0,1824.0,16.0,-4.0,39.47,38.0,-1.0,14.1,14.5
54.393,12,101.0,1110.0,16.0,-4.0,39.47,38.0,-1.0,14.1,14.5
54.481,12,101.0,1110.0,19.0,-4.0,39.47,38.0,-1.0,14.1,14.5
54.543,12,101.0,1110.0,19.0,0.0,39.47,38.0,-1.0,14.1,14.5
54.633,12,101.0,1110.0,19.0,0.0,20.63,38.0,-1.0,14.1,14.5
54.696,12,101.0,1110.0,19.0,0.0,20.63,56.1,-1.0,14.1,14.5
54.782,12,101.0,1110.0,19.0,0.0,20.63,56.1,-1.0,14.1,14.5
54.843,12,101.0,1110.0,19.0,0.0,20.63,56.1,-1.0,26.7,14.5
54.937,12,101.0,1110.0,19.0,0.0,20.63,56.1,-1.0,26.7,26.7
54.991,12,101.0,1110.0,19.0,0.0,20.63,56.1,-1.0,26.7,26.7
55.081,12,104.0,1110.0,19.0,0.0,20.63,56.1,-1.0,26.7,26.7
55.143,12,104.0,1279.0,19.0,0.0,20.63,56.1,-1.0,26.7,26.7
55.236,12,104.0,1279.0,22.0,0.0,20.63,56.1,-1.0,26.7,26.7
55.293,12,104.0,1279.0,22.0,-2.0,20.63,56.1,-1.0,26.7,26.7
55.381,12,104.0,1279.0,22.0,-2.0,25.41,56.1,-1.0,26.7,26.7
55.445,12,104.0,1279.0,22.0,-2.0,25.41,83.5,-1.0,26.7,26.7
55.532,12,104.0,1279.0,22.0,-2.0,25.41,83.5,-1.0,26.7,26.7
55.621,12,104.0,1279.0,22.0,-2.0,25.41,83.5,-1.0,25.9,26.7
55.711,12,104.0,1279.0,22.0,-2.0,25.41,83.5,-1.0,25.9,25.9
55.801,12,104.0,1279.0,22.0,-2.0,25.41,83.5,-1.0,25.9,25.9
55.924,12,106.0,1279.0,22.0,-2.0,25.41,83.5,-1.0,25.9,25.9
56.011,12,106.0,1418.0,22.0,-2.0,25.41,83.5,-1.0,25.9,25.9
56.101,12,106.0,1418.0,24.0,-2.0,25.41,83.5,-1.0,25.9,25.9
56.191,12,106.0,1418.0,24.0,-1.0,25.41,83.5,-1.0,25.9,25.9
56.281,12,106.0,1418.0,24.0,-1.0,26.49,83.5,-1.0,25.9,25.9
56.371,12,106.0,1418.0,24.0,-1.0,26.49,83.5,-1.0,25.9,25.9
56.463,12,106.0,1418.0,24.0,-1.0,26.49,83.5,-1.0,25.9,25.9
56.551,12,106.0,1418.0,24.0,-1.0,26.49,83.5,-1.0,22.0,25.9
56.642,12,106.0,1418.0,24.0,-1.0,26.49,83.5,-1.0,22.0,21.2
56.735,12,106.0,1418.0,24.0,-1.0,26.49,83.5,-1.0,22.0,21.2
56.822,12,99.0,1418.0,24.0,-1.0,26.49,83.5,-1.0,22.0,21.2
56.912,12,99.0,1487.0,24.0,-1.0,26.49,83.5,-1.0,22.0,21.2
57.001,12,99.0,1487.0,26.0,-1.0,26.49,83.5,-1.0,22.0,21.2
57.091,12,99.0,1487.0,26.0,-1.0,26.49,83.5,-1.0,22.0,21.2
57.184,12,99.0,1487.0,26.0,-1.0,26.38,83.5,-1.0,22.0,21.2
57.271,12,99.0,1487.0,26.0,-1.0,26.38,83.5,-1.0,22.0,21.2
57.36,12,99.0,1487.0,26.0,-1.0,26.38,83.5,-1.0,22.0,21.2
57.451,12,99.0,1487.0,26.0,-1.0,26.38,83.5,-1.0,22.7,21.2
57.54,12,99.0,1487.0,26.0,-1.0,26.38,83.5,-1.0,22.7,22.4
57.631,12,99.0,1487.0,26.0,-1.0,26.38,83.5,-1.0,22.7,22.4
57.721,12,104.0,1487.0,26.0,-1.0,26.38,83.5,-1.0,22.7,22.4
57.811,12,104.0,1476.0,26.0,-1.0,26.38,83.5,-1.0,22.7,22.4
57.907,12,104.0,1476.0,25.0,-1.0,26.38,83.5,-1.0,22.7,22.4
57.99,12,104.0,1476.0,25.0,0.0,26.38,83.5,-1.0,22.7,22.4
58.08,12,104.0,1476.0,25.0,0.0,28.99,83.5,-1.0,22.7,22.4
58.17,12,104.0,1476.0,25.0,0.0,28.99,83.5,-1.0,22.7,22.4
58.26,12,104.0,1476.0,25.0,0.0,28.99,83.5,-1.0,22.7,22.4
58.35,12,104.0,1476.0,25.0,0.0,28.99,83.5,-1.0,21.6,22.4
58.441,12,104.0,1476.0,25.0,0.0,28.99,83.5,-1.0,21.6,21.6
58.532,12,104.0,1476.0,25.0,0.0,28.99,83.5,-1.0,21.6,21.6
58.621,12,111.0,1476.0,25.0,0.0,28.99,83.5,-1.0,21.6,21.6
58.711,12,111.0,1512.0,25.0,0.0,28.99,83.5,-1.0,21.6,21.6
58.801,12,111.0,1512.0,26.0,0.0,28.99,83.5,-1.0,21.6,21.6
58.891,12,111.0,1512.0,26.0,0.0,28.99,83.5,-1.0,21.6,21.6
58.981,12,111.0,1512.0,26.0,0.0,30.22,83.5,-1.0,21.6,21.6
59.071,12,111.0,1512.0,26.0,0.0,30.22,83.5,-1.0,21.6,21.6
59.163,12,111.0,1512.0,26.0,0.0,30.22,83.5,-1.0,21.6,21.6
59.251,12,111.0,1512.0,26.0,0.0,30.22,83.5,-1.0,14.1,21.6
59.341,12,111.0,1512.0,26.0,0.0,30.22,83.5,-1.0,14.1,14.5
59.432,13,111.0,1512.0,26.0,0.0,30.22,83.5,-1.0,14.1,14.5
59.522,13,111.0,1512.0,26.0,0.0,30.22,83.5,-1.0,14.1,14.5
59.614,13,111.0,1509.0,26.0,0.0,30.22,83.5,-1.0,14.1,14.5
59.704,13,111.0,1509.0,26.0,0.0,30.22,83.5,-1.0,14.1,14.5
59.791,13,111.0,1509.0,26.0,1.0,30.22,83.5,-1.0,14.1,14.5
59.88,13,111.0,1509.0,26.0,1.0,30.08,83.5,-1.0,14.1,14.5
59.97,13,111.0,1509.0,26.0,1.0,30.08,83.5,-1.0,14.1,14.5
60.06,13,111.0,1509.0,26.0,1.0,30.08,83.5,-1.0,14.1,14.5
60.151,13,111.0,1509.0,26.0,1.0,30.08,83.5,-1.0,14.1,14.5
60.241,13,111.0,1509.0,26.0,1.0,30.08,83.5,-1.0,14.1,14.5
60.331,13,111.0,1509.0,26.0,1.0,30.08,83.5,-1.0,14.1,14.5
60.421,13,111.0,1509.0,26.0,1.0,30.08,83.5,-1.0,14.1,14.5
60.513,13,111.0,1397.0,26.0,1.0,30.08,83.5,-1.0,14.1,14.5
60.602,13,111.0,1397.0,24.0,1.0,30.08,83.5,-1.0,14.1,14.5
60.691,13,111.0,1397.0,24.0,1.0,30.08,83.5,-1.0,14.1,14.5
60.781,13,111.0,1397.0,24.0,1.0,27.11,83.5,-1.0,14.1,14.5
60.871,13,111.0,1397.0,24.0,1.0,27.11,83.5,-1.0,14.1,14.5
60.976,13,111.0,1397.0,24.0,1.0,27.11,83.5,-1.0,14.1,14.5
61.051,13,111.0,1397.0,24.0,1.0,27.11,83.5,-1.0,14.1,14.5
61.141,13,111.0,1397.0,24.0,1.0,27.11,83.5,-1.0,14.1,14.5
61.231,13,111.0,1397.0,24.0,1.0,27.11,83.5,-1.0,14.1,14.5
61.322,13,109.0,1397.0,24.0,1.0,27.11,83.5,-1.0,14.1,14.5
61.411,13,109.0,1335.0,24.0,1.0,27.11,83.5,-1.0,14.1,14.5
61.501,13,109.0,1335.0,23.0,1.0,27.11,83.5,-1.0,14.1,14.5
61.593,13,109.0,1335.0,23.0,0.0,27.11,83.5,-1.0,14.1,14.5
61.681,13,109.0,1335.0,23.0,0.0,25.27,83.5,-1.0,14.1,14.5
61.773,13,109.0,1335.0,23.0,0.0,25.27,83.5,-1.0,14.1,14.5
61.862,13,109.0,1335.0,23.0,0.0,25.27,83.5,-1.0,14.1,14.5
61.951,13,109.0,1335.0,23.0,0.0,25.27,83.5,-1.0,14.1,14.5
62.042,13,109.0,1335.0,23.0,0.0,25.27,83.5,-1.0,14.1,14.5
62.161,13,109.0,1335.0,23.0,0.0,25.27,83.5,-1.0,14.1,14.5
62.251,13,108.0,1335.0,23.0,0.0,25.27,83.5,-1.0,14.1,14.5
62.34,13,108.0,1067.0,23.0,0.0,25.27,83.5,-1.0,14.1,14.5
62.46,13,108.0,1067.0,22.0,0.0,25.27,83.5,-1.0,14.1,14.5
62.551,13,108.0,1067.0,22.0,0.0,25.27,83.5,-1.0,14.1,14.5
62.642,13,108.0,1067.0,22.0,0.0,19.91,83.5,-1.0,14.1,14.5
62.762,13,108.0,1067.0,22.0,0.0,19.91,83.5,-1.0,14.1,14.5
62.85,13,108.0,1067.0,22.0,0.0,19.91,83.5,-1.0,14.1,14.5
62.941,13,108.0,1067.0,22.0,0.0,19.91,83.5,-1.0,14.1,14.5
63.061,13,108.0,1067.0,22.0,0.0,19.91,83.5,-1.0,14.1,14.5
63.151,13,108.0,1067.0,22.0,0.0,19.91,83.5,-1.0,14.1,14.5
63.24,13,107.0,1067.0,22.0,0.0,19.91,83.5,-1.0,14.1,14.5
63.33,13,107.0,1052.0,22.0,0.0,19.91,83.5,-1.0,14.1,14.5
63.42,13,107.0,1052.0,19.0,0.0,19.91,83.5,-1.0,14.1,14.5
63.51,13,107.0,1052.0,19.0,-1.0,19.91,83.5,-1.0,14.1,14.5
63.631,13,107.0,1052.0,19.0,-1.0,19.61,83.5,-1.0,14.1,14.5
63.72,13,107.0,1052.0,19.0,-1.0,19.61,83.5,-1.0,14.1,14.5
63.81,13,107.0,1052.0,19.0,-1.0,19.61,83.5,-1.0,14.1,14.5
63.93,13,107.0,1052.0,19.0,-1.0,19.61,83.5,-1.0,14.1,14.5
64.021,13,107.0,1052.0,19.0,-1.0,19.61,83.5,-1.0,14.1,14.5
64.111,13,107.0,1052.0,19.0,-1.0,19.61,83.5,-1.0,14.1,14.5
64.203,13,106.0,1052.0,19.0,-1.0,19.61,83.5,-1.0,14.1,14.5
64.294,13,106.0,1044.0,19.0,-1.0,19.61,83.5,-1.0,14.1,14.5
64.382,13,106.0,1044.0,14.0,-1.0,19.61,83.5,-1.0,14.1,14.5
64.472,13,106.0,1044.0,14.0,-1.0,19.61,83.5,-1.0,14.1,14.5
64.562,13,106.0,1044.0,14.0,-1.0,19.52,83.5,-1.0,14.1,14.5
64.652,13,106.0,1044.0,14.0,-1.0,19.52,83.5,-1.0,14.1,14.5
64.741,13,106.0,1044.0,14.0,-1.0,19.52,83.5,-1.0,14.1,14.5
64.834,13,106.0,1044.0,14.0,-1.0,19.52,83.5,-1.0,14.1,14.5
64.923,13,106.0,1044.0,14.0,-1.0,19.52,83.5,-1.0,14.1,14.5
65.011,13,106.0,1044.0,14.0,-1.0,19.52,83.5,-1.0,14.1,14.5
65.131,13,106.0,1044.0,14.0,-1.0,19.52,83.5,-1.0,14.1,14.5
65.223,13,106.0,1042.0,14.0,-1.0,19.52,83.5,-1.0,14.1,14.5
65.311,13,106.0,1042.0,10.0,-1.0,19.52,83.5,-1.0,14.1,14.5
65.402,13,106.0,1042.0,10.0,0.0,19.52,83.5,-1.0,14.1,14.5
65.492,13,106.0,1042.0,10.0,0.0,19.33,83.5,-1.0,14.1,14.5
65.581,13,106.0,1042.0,10.0,0.0,19.33,83.5,-1.0,14.1,14.5
65.672,13,106.0,1042.0,10.0,0.0,19.33,83.5,-1.0,14.1,14.5
65.763,13,106.0,1042.0,10.0,0.0,19.33,83.5,-1.0,14.1,14.5
65.853,13,106.0,1042.0,10.0,0.0,19.33,83.5,-1.0,14.1,14.5
65.945,13,106.0,1042.0,10.0,0.0,19.33,83.5,-1.0,14.1,14.5
66.031,13,106.0,1042.0,10.0,0.0,19.33,83.5,-1.0,14.1,14.5
66.122,13,106.0,1043.0,10.0,0.0,19.33,83.5,-1.0,14.1,14.5
66.211,13,106.0,1043.0,7.0,0.0,19.33,83.5,-1.0,14.1,14.5
66.301,13,106.0,1043.0,7.0,0.0,19.33,83.5,-1.0,14.1,14.5
66.391,13,106.0,1043.0,7.0,0.0,19.3,83.5,-1.0,14.1,14.5
66.48,13,106.0,1043.0,7.0,0.0,19.3,83.5,-1.0,14.1,14.5
66.572,13,106.0,1043.0,7.0,0.0,19.3,83.5,-1.0,14.1,14.5
66.661,13,106.0,1043.0,7.0,0.0,19.3,83.5,-1.0,16.9,14.5
66.752,13,106.0,1043.0,7.0,0.0,19.3,83.5,-1.0,16.9,18.0
66.841,13,106.0,1043.0,7.0,0.0,19.3,83.5,-1.0,16.9,18.0
66.932,13,106.0,1043.0,7.0,0.0,19.3,83.5,-1.0,16.9,18.0
67.021,13,106.0,1011.0,7.0,0.0,19.3,83.5,-1.0,16.9,18.0
67.11,13,106.0,1011.0,9.0,0.0,19.3,83.5,-1.0,16.9,18.0
67.201,13,106.0,1011.0,9.0,0.0,19.3,83.5,-1.0,16.9,18.0
67.29,13,106.0,1011.0,9.0,0.0,20.66,83.5,-1.0,16.9,18.0
67.381,13,106.0,1011.0,9.0,0.0,20.66,83.5,-1.0,16.9,18.0
67.473,13,106.0,1011.0,9.0,0.0,20.66,83.5,-1.0,16.9,18.0
67.561,13,106.0,1011.0,9.0,0.0,20.66,83.5,-1.0,30.6,18.0
67.654,13,106.0,1011.0,9.0,0.0,20.66,83.5,-1.0,30.6,33.3
67.741,13,106.0,1011.0,9.0,0.0,20.66,83.5,-1.0,30.6,33.3
67.831,13,108.0,1011.0,9.0,0.0,20.66,83.5,-1.0,30.6,33.3
67.921,13,108.0,1434.0,9.0,0.0,20.66,83.5,-1.0,30.6,33.3
68.012,13,108.0,1434.0,13.0,0.0,20.66,83.5,-1.0,30.6,33.3
68.1,13,108.0,1434.0,13.0,0.0,20.66,83.5,-1.0,30.6,33.3
68.191,13,108.0,1434.0,13.0,0.0,31.38,83.5,-1.0,30.6,33.3
68.281,13,108.0,1434.0,13.0,0.0,31.38,83.5,-1.0,30.6,33.3
68.373,13,108.0,1434.0,13.0,0.0,31.38,83.5,-1.0,30.6,33.3
68.461,13,108.0,1434.0,13.0,0.0,31.38,83.5,-1.0,37.6,33.3
68.581,13,108.0,1434.0,13.0,0.0,31.38,83.5,-1.0,37.6,35.7
68.672,13,108.0,1434.0,13.0,0.0,31.38,83.5,-1.0,37.6,35.7
68.792,13,125.0,1434.0,13.0,0.0,31.38,83.5,-1.0,37.6,35.7
68.883,13,125.0,1322.0,13.0,0.0,31.38,83.5,-1.0,37.6,35.7
68.971,13,125.0,1322.0,15.0,0.0,31.38,83.5,-1.0,37.6,35.7
69.062,13,125.0,1322.0,15.0,4.0,31.38,83.5,-1.0,37.6,35.7
69.153,13,125.0,1322.0,15.0,4.0,19.11,83.5,-1.0,37.6,35.7
69.241,13,125.0,1322.0,15.0,4.0,19.11,31.0,-1.0,37.6,35.7
69.334,13,125.0,1322.0,15.0,4.0,19.11,31.0,-1.0,37.6,35.7
69.422,13,125.0,1322.0,15.0,4.0,19.11,31.0,-1.0,14.1,35.7
69.513,13,125.0,1322.0,15.0,4.0,19.11,31.0,-1.0,14.1,14.5
69.601,13,125.0,1322.0,15.0,4.0,19.11,31.0,-1.0,14.1,14.5
69.721,13,103.0,1322.0,15.0,4.0,19.11,31.0,-1.0,14.1,14.5
69.812,13,103.0,1043.0,15.0,4.0,19.11,31.0,-1.0,14.1,14.5
69.902,13,103.0,1043.0,14.0,4.0,19.11,31.0,-1.0,14.1,14.5
69.99,13,103.0,1043.0,14.0,1.0,19.11,31.0,-1.0,14.1,14.5
70.081,13,103.0,1043.0,14.0,1.0,18.97,31.0,-1.0,14.1,14.5
70.172,13,103.0,1043.0,14.0,1.0,18.97,83.5,-1.0,14.1,14.5
70.261,13,103.0,1043.0,14.0,1.0,18.97,83.5,-1.0,14.1,14.5
70.352,13,103.0,1043.0,14.0,1.0,18.97,83.5,-1.0,25.9,14.5
70.441,13,103.0,1043.0,14.0,1.0,18.97,83.5,-1.0,25.9,27.5
70.533,13,103.0,1043.0,14.0,1.0,18.97,83.5,-1.0,25.9,27.5
70.621,13,106.0,1043.0,14.0,1.0,18.97,83.5,-1.0,25.9,27.5
70.712,13,106.0,988.0,14.0,1.0,18.97,83.5,-1.0,25.9,27.5
70.801,13,106.0,988.0,16.0,1.0,18.97,83.5,-1.0,25.9,27.5
70.894,13,106.0,988.0,16.0,1.0,18.97,83.5,-1.0,25.9,27.5
70.98,13,106.0,988.0,16.0,1.0,19.16,83.5,-1.0,25.9,27.5
71.072,13,106.0,988.0,16.0,1.0,19.16,83.5,-1.0,25.9,27.5
71.192,13,106.0,988.0,16.0,1.0,19.16,83.5,-1.0,25.9,27.5
71.281,13,106.0,988.0,16.0,1.0,19.16,83.5,-1.0,31.0,27.5
71.372,13,106.0,988.0,16.0,1.0,19.16,83.5,-1.0,31.0,31.0
71.461,13,106.0,988.0,16.0,1.0,19.16,83.5,-1.0,31.0,31.0
71.551,13,111.0,988.0,16.0,1.0,19.16,83.5,-1.0,31.0,31.0
71.641,13,111.0,1186.0,16.0,1.0,19.16,83.5,-1.0,31.0,31.0
71.735,13,111.0,1186.0,20.0,1.0,19.16,83.5,-1.0,31.0,31.0
71.823,13,111.0,1186.0,20.0,1.0,19.16,83.5,-1.0,31.0,31.0
71.912,13,111.0,1186.0,20.0,1.0,24.41,83.5,-1.0,31.0,31.0
72.0,13,111.0,1186.0,20.0,1.0,24.41,83.5,-1.0,31.0,31.0
72.091,13,111.0,1186.0,20.0,1.0,24.41,83.5,-1.0,31.0,31.0
72.183,13,111.0,1186.0,20.0,1.0,24.41,83.5,-1.0,31.4,31.0
72.271,13,111.0,1186.0,20.0,1.0,24.41,83.5,-1.0,31.4,31.4
72.361,13,111.0,1186.0,20.0,1.0,24.41,83.5,-1.0,31.4,31.4
72.451,13,118.0,1186.0,20.0,1.0,24.41,83.5,-1.0,31.4,31.4
72.541,13,118.0,1317.0,20.0,1.0,24.41,83.5,-1.0,31.4,31.4
72.631,13,118.0,1317.0,23.0,1.0,24.41,83.5,-1.0,31.4,31.4
72.721,13,118.0,1317.0,23.0,3.0,24.41,83.5,-1.0,31.4,31.4
72.816,13,118.0,1317.0,23.0,3.0,27.8,83.5,-1.0,31.4,31.4
72.901,13,118.0,1317.0,23.0,3.0,27.8,83.5,-1.0,31.4,31.4
73.021,13,118.0,1317.0,23.0,3.0,27.8,83.5,-1.0,31.4,31.4
73.112,13,118.0,1317.0,23.0,3.0,27.8,83.5,-1.0,27.8,31.4
73.233,13,118.0,1317.0,23.0,3.0,27.8,83.5,-1.0,27.8,28.2
73.322,13,118.0,1317.0,23.0,3.0,27.8,83.5,-1.0,27.8,28.2
73.441,13,111.0,1317.0,23.0,3.0,27.8,83.5,-1.0,27.8,28.2
73.534,13,111.0,1403.0,23.0,3.0,27.8,83.5,-1.0,27.8,28.2
73.652,13,111.0,1403.0,24.0,3.0,27.8,83.5,-1.0,27.8,28.2
73.741,13,111.0,1403.0,24.0,3.0,27.8,83.5,-1.0,27.8,28.2
73.861,13,111.0,1403.0,24.0,3.0,27.58,83.5,-1.0,27.8,28.2
73.951,13,111.0,1403.0,24.0,3.0,27.58,83.5,-1.0,27.8,28.2
74.072,13,111.0,1403.0,24.0,3.0,27.58,83.5,-1.0,27.8,28.2
74.162,13,111.0,1403.0,24.0,3.0,27.58,83.5,-1.0,27.1,28.2
74.282,13,111.0,1403.0,24.0,3.0,27.58,83.5,-1.0,27.1,27.1
74.372,13,111.0,1403.0,24.0,3.0,27.58,83.5,-1.0,27.1,27.1
74.492,13,106.0,1403.0,24.0,3.0,27.58,83.5,-1.0,27.1,27.1
74.581,13,106.0,1426.0,24.0,3.0,27.58,83.5,-1.0,27.1,27.1
74.672,13,106.0,1426.0,24.0,3.0,27.58,83.5,-1.0,27.1,27.1
74.762,13,106.0,1426.0,24.0,3.0,27.58,83.5,-1.0,27.1,27.1
74.852,13,106.0,1426.0,24.0,3.0,26.74,83.5,-1.0,27.1,27.1
74.941,13,106.0,1426.0,24.0,3.0,26.74,83.5,-1.0,27.1,27.1
75.031,13,106.0,1426.0,24.0,3.0,26.74,83.5,-1.0,27.1,27.1
75.121,13,106.0,1426.0,24.0,3.0,26.74,83.5,-1.0,27.1,27.1
75.215,13,106.0,1426.0,24.0,3.0,26.74,83.5,-1.0,27.1,27.1
75.301,14,106.0,1426.0,24.0,3.0,26.74,83.5,-1.0,27.1,27.1
75.393,14,104.0,1426.0,24.0,3.0,26.74,83.5,-1.0,27.1,27.1
75.481,14,104.0,1430.0,24.0,3.0,26.74,83.5,-1.0,27.1,27.1
75.573,14,104.0,1430.0,24.0,3.0,26.74,83.5,-1.0,27.1,27.1
75.661,14,104.0,1430.0,24.0,4.0,26.74,83.5,-1.0,27.1,27.1
75.752,14,104.0,1430.0,24.0,4.0,26.8,83.5,-1.0,27.1,27.1
75.842,14,104.0,1430.0,24.0,4.0,26.8,83.5,-1.0,27.1,27.1
75.935,14,104.0,1430.0,24.0,4.0,26.8,83.5,-1.0,27.1,27.1
76.052,14,104.0,1430.0,24.0,4.0,26.8,83.5,-1.0,27.1,27.1
76.141,14,104.0,1430.0,24.0,4.0,26.8,83.5,-1.0,27.1,27.5
76.235,14,104.0,1430.0,24.0,4.0,26.8,83.5,-1.0,27.1,27.5
76.321,14,106.0,1430.0,24.0,4.0,26.8,83.5,-1.0,27.1,27.5
76.415,14,106.0,1427.0,24.0,4.0,26.8,83.5,-1.0,27.1,27.5
76.501,14,106.0,1427.0,24.0,4.0,26.8,83.5,-1.0,27.1,27.5
76.593,14,106.0,1427.0,24.0,3.0,26.8,83.5,-1.0,27.1,27.5
76.681,14,106.0,1427.0,24.0,3.0,27.74,83.5,-1.0,27.1,27.5
76.772,14,106.0,1427.0,24.0,3.0,27.74,83.5,-1.0,27.1,27.5
76.893,14,106.0,1427.0,24.0,3.0,27.74,83.5,-1.0,27.1,27.5
76.981,14,106.0,1427.0,24.0,3.0,27.74,83.5,-1.0,28.2,27.5
77.072,14,106.0,1427.0,24.0,3.0,27.74,83.5,-1.0,28.2,29.0
77.161,14,106.0,1427.0,24.0,3.0,27.74,83.5,-1.0,28.2,29.0
77.255,14,107.0,1427.0,24.0,3.0,27.74,83.5,-1.0,28.2,29.0
77.341,14,107.0,1454.0,24.0,3.0,27.74,83.5,-1.0,28.2,29.0
77.432,14,107.0,1454.0,25.0,3.0,27.74,83.5,-1.0,28.2,29.0
77.521,14,107.0,1454.0,25.0,4.0,27.74,83.5,-1.0,28.2,29.0
77.613,14,107.0,1454.0,25.0,4.0,27.74,83.5,-1.0,28.2,29.0
77.703,14,107.0,1454.0,25.0,4.0,27.74,83.5,-1.0,28.2,29.0
77.821,14,107.0,1454.0,25.0,4.0,27.74,83.5,-1.0,28.2,29.0
77.912,14,107.0,1454.0,25.0,4.0,27.74,83.5,-1.0,28.6,29.0
78.031,14,107.0,1454.0,25.0,4.0,27.74,83.5,-1.0,28.6,28.6
78.121,14,107.0,1454.0,25.0,4.0,27.74,83.5,-1.0,28.6,28.6
78.211,14,111.0,1454.0,25.0,4.0,27.74,83.5,-1.0,28.6,28.6
78.301,14,111.0,1426.0,25.0,4.0,27.74,83.5,-1.0,28.6,28.6
78.392,14,111.0,1426.0,24.0,4.0,27.74,83.5,-1.0,28.6,28.6
78.481,14,111.0,1426.0,24.0,4.0,27.74,83.5,-1.0,28.6,28.6
78.601,14,111.0,1426.0,24.0,4.0,28.55,83.5,-1.0,28.6,28.6
78.694,14,111.0,1426.0,24.0,4.0,28.55,83.5,-1.0,28.6,28.6
78.812,14,111.0,1426.0,24.0,4.0,28.55,83.5,-1.0,28.6,28.6
78.901,14,111.0,1426.0,24.0,4.0,28.55,83.5,-1.0,28.2,28.6
79.021,14,111.0,1426.0,24.0,4.0,28.55,83.5,-1.0,28.2,28.2
79.111,14,111.0,1426.0,24.0,4.0,28.55,83.5,-1.0,28.2,28.2
79.233,14,111.0,1426.0,24.0,4.0,28.55,83.5,-1.0,28.2,28.2
79.322,14,111.0,1416.0,24.0,4.0,28.55,83.5,-1.0,28.2,28.2
79.441,14,111.0,1416.0,24.0,4.0,28.55,83.5,-1.0,28.2,28.2
79.539,14,111.0,1416.0,24.0,4.0,28.55,83.5,-1.0,28.2,28.2
79.62,14,111.0,1416.0,24.0,4.0,27.8,83.5,-1.0,28.2,28.2
79.711,14,111.0,1416.0,24.0,4.0,27.8,83.5,-1.0,28.2,28.2
79.8,14,111.0,1416.0,24.0,4.0,27.8,83.5,-1.0,28.2,28.2
79.89,14,111.0,1416.0,24.0,4.0,27.8,83.5,-1.0,26.7,28.2
79.981,14,111.0,1416.0,24.0,4.0,27.8,83.5,-1.0,26.7,27.1
80.07,14,111.0,1416.0,24.0,4.0,27.8,83.5,-1.0,26.7,27.1
80.161,14,110.0,1416.0,24.0,4.0,27.8,83.5,-1.0,26.7,27.1
80.252,14,110.0,1408.0,24.0,4.0,27.8,83.5,-1.0,26.7,27.1
80.34,14,110.0,1408.0,24.0,4.0,27.8,83.5,-1.0,26.7,27.1
80.431,14,110.0,1408.0,24.0,4.0,27.8,83.5,-1.0,26.7,27.1
80.52,14,110.0,1408.0,24.0,4.0,27.24,83.5,-1.0,26.7,27.1
80.61,14,110.0,1408.0,24.0,4.0,27.24,83.5,-1.0,26.7,27.1
80.7,14,110.0,1408.0,24.0,4.0,27.24,83.5,-1.0,26.7,27.1
80.79,14,110.0,1408.0,24.0,4.0,27.24,83.5,-1.0,27.1,27.1
80.88,14,110.0,1408.0,24.0,4.0,27.24,83.5,-1.0,27.1,27.1
80.97,14,110.0,1408.0,24.0,4.0,27.24,83.5,-1.0,27.1,27.1
81.06,14,107.0,1408.0,24.0,4.0,27.24,83.5,-1.0,27.1,27.1
81.15,14,107.0,1402.0,24.0,4.0,27.24,83.5,-1.0,27.1,27.1
81.24,14,107.0,1402.0,24.0,4.0,27.24,83.5,-1.0,27.1,27.1
81.33,14,107.0,1402.0,24.0,4.0,27.24,83.5,-1.0,27.1,27.1
81.42,14,107.0,1402.0,24.0,4.0,26.94,83.5,-1.0,27.1,27.1
81.51,14,107.0,1402.0,24.0,4.0,26.94,83.5,-1.0,27.1,27.1
81.601,14,107.0,1402.0,24.0,4.0,26.94,83.5,-1.0,27.1,27.1
81.691,14,107.0,1402.0,24.0,4.0,26.94,83.5,-1.0,25.5,27.1
81.78,14,107.0,1402.0,24.0,4.0,26.94,83.5,-1.0,25.5,25.5
81.874,14,107.0,1402.0,24.0,4.0,26.94,83.5,-1.0,25.5,25.5
81.96,14,107.0,1402.0,24.0,4.0,26.94,83.5,-1.0,25.5,25.5
82.05,14,107.0,1377.0,24.0,4.0,26.94,83.5,-1.0,25.5,25.5
82.14,14,107.0,1377.0,24.0,4.0,26.94,83.5,-1.0,25.5,25.5
82.23,14,107.0,1377.0,24.0,3.0,26.94,83.5,-1.0,25.5,25.5
82.32,14,107.0,1377.0,24.0,3.0,26.11,83.5,-1.0,25.5,25.5
82.41,14,107.0,1377.0,24.0,3.0,26.11,83.5,-1.0,25.5,25.5
82.501,14,107.0,1377.0,24.0,3.0,26.11,83.5,-1.0,25.5,25.5
82.591,14,107.0,1377.0,24.0,3.0,26.11,83.5,-1.0,25.9,25.5
82.681,14,107.0,1377.0,24.0,3.0,26.11,83.5,-1.0,25.9,26.3
82.771,14,107.0,1377.0,24.0,3.0,26.11,83.5,-1.0,25.9,26.3
82.861,14,106.0,1377.0,24.0,3.0,26.11,83.5,-1.0,25.9,26.3
82.95,14,106.0,1374.0,24.0,3.0,26.11,83.5,-1.0,25.9,26.3
83.04,14,106.0,1374.0,23.0,3.0,26.11,83.5,-1.0,25.9,26.3
83.131,14,106.0,1374.0,23.0,3.0,26.11,83.5,-1.0,25.9,26.3
83.22,14,106.0,1374.0,23.0,3.0,26.36,83.5,-1.0,25.9,26.3
83.31,14,106.0,1374.0,23.0,3.0,26.36,83.5,-1.0,25.9,26.3
83.4,14,106.0,1374.0,23.0,3.0,26.36,83.5,-1.0,25.9,26.3
83.52,14,106.0,1374.0,23.0,3.0,26.36,83.5,-1.0,25.5,26.3
83.611,14,106.0,1374.0,23.0,3.0,26.36,83.5,-1.0,25.5,25.5
83.7,14,106.0,1374.0,23.0,3.0,26.36,83.5,-1.0,25.5,25.5
83.79,14,107.0,1374.0,23.0,3.0,26.36,83.5,-1.0,25.5,25.5
83.881,14,107.0,1371.0,23.0,3.0,26.36,83.5,-1.0,25.5,25.5
83.97,14,107.0,1371.0,23.0,3.0,26.36,83.5,-1.0,25.5,25.5
84.06,14,107.0,1371.0,23.0,3.0,26.36,83.5,-1.0,25.5,25.5
84.15,14,107.0,1371.0,23.0,3.0,26.11,83.5,-1.0,25.5,25.5
84.24,14,107.0,1371.0,23.0,3.0,26.11,83.5,-1.0,25.5,25.5
84.33,14,107.0,1371.0,23.0,3.0,26.11,83.5,-1.0,25.5,25.5
84.42,14,107.0,1371.0,23.0,3.0,26.11,83.5,-1.0,26.3,25.5
84.51,14,107.0,1371.0,23.0,3.0,26.11,83.5,-1.0,26.3,26.3
84.6,14,107.0,1371.0,23.0,3.0,26.11,83.5,-1.0,26.3,26.3
84.69,14,108.0,1371.0,23.0,3.0,26.11,83.5,-1.0,26.3,26.3
84.781,14,108.0,1369.0,23.0,3.0,26.11,83.5,-1.0,26.3,26.3
84.87,14,108.0,1369.0,23.0,3.0,26.11,83.5,-1.0,26.3,26.3
84.96,14,108.0,1369.0,23.0,3.0,26.11,83.5,-1.0,26.3,26.3
85.051,14,108.0,1369.0,23.0,3.0,26.66,83.5,-1.0,26.3,26.3
85.14,14,108.0,1369.0,23.0,3.0,26.66,83.5,-1.0,26.3,26.3
85.231,14,108.0,1369.0,23.0,3.0,26.66,83.5,-1.0,26.3,26.3
85.32,14,108.0,1369.0,23.0,3.0,26.66,83.5,-1.0,25.9,26.3
85.411,14,108.0,1369.0,23.0,3.0,26.66,83.5,-1.0,25.9,25.9
85.5,14,108.0,1369.0,23.0,3.0,26.66,83.5,-1.0,25.9,25.9
85.59,14,108.0,1369.0,23.0,3.0,26.66,83.5,-1.0,25.9,25.9
85.68,14,108.0,1374.0,23.0,3.0,26.66,83.5,-1.0,25.9,25.9
85.771,14,108.0,1374.0,23.0,3.0,26.66,83.5,-1.0,25.9,25.9
85.86,14,108.0,1374.0,23.0,3.0,26.66,83.5,-1.0,25.9,25.9
85.95,14,108.0,1374.0,23.0,3.0,26.38,83.5,-1.0,25.9,25.9
86.04,14,108.0,1374.0,23.0,3.0,26.38,83.5,-1.0,25.9,25.9
86.13,14,108.0,1374.0,23.0,3.0,26.38,83.5,-1.0,25.9,25.9
86.22,14,108.0,1374.0,23.0,3.0,26.38,83.5,-1.0,26.3,25.9
86.311,14,108.0,1374.0,23.0,3.0,26.38,83.5,-1.0,26.3,26.7
86.4,14,108.0,1374.0,23.0,3.0,26.38,83.5,-1.0,26.3,26.7
86.491,14,108.0,1374.0,23.0,3.0,26.38,83.5,-1.0,26.3,26.7
86.58,14,108.0,1390.0,23.0,3.0,26.38,83.5,-1.0,26.3,26.7
86.671,14,108.0,1390.0,24.0,3.0,26.38,83.5,-1.0,26.3,26.7
86.76,14,108.0,1390.0,24.0,3.0,26.38,83.5,-1.0,26.3,26.7
86.85,14,108.0,1390.0,24.0,3.0,27.11,83.5,-1.0,26.3,26.7
86.94,14,108.0,1390.0,24.0,3.0,27.11,83.5,-1.0,26.3,26.7
87.03,14,108.0,1390.0,24.0,3.0,27.11,83.5,-1.0,26.3,26.7
87.12,14,108.0,1390.0,24.0,3.0,27.11,83.5,-1.0,26.7,26.7
87.211,14,108.0,1390.0,24.0,3.0,27.11,83.5,-1.0,26.7,26.7
87.3,14,108.0,1390.0,24.0,3.0,27.11,83.5,-1.0,26.7,26.7
87.39,14,108.0,1390.0,24.0,3.0,27.11,83.5,-1.0,26.7,26.7
87.48,14,108.0,1405.0,24.0,3.0,27.11,83.5,-1.0,26.7,26.7
87.57,14,108.0,1405.0,24.0,3.0,27.11,83.5,-1.0,26.7,26.7
87.667,14,108.0,1405.0,24.0,3.0,27.11,83.5,-1.0,26.7,26.7
87.75,14,108.0,1405.0,24.0,3.0,27.02,83.5,-1.0,26.7,26.7
87.84,14,108.0,1405.0,24.0,3.0,27.02,83.5,-1.0,26.7,26.7
87.931,14,108.0,1405.0,24.0,3.0,27.02,83.5,-1.0,26.7,26.7
88.02,14,108.0,1405.0,24.0,3.0,27.02,83.5,-1.0,27.1,26.7
88.11,14,108.0,1405.0,24.0,3.0,27.02,83.5,-1.0,27.1,27.1
88.201,14,108.0,1405.0,24.0,3.0,27.02,83.5,-1.0,27.1,27.1
88.29,14,108.0,1405.0,24.0,3.0,27.02,83.5,-1.0,27.1,27.1
88.38,14,108.0,1409.0,24.0,3.0,27.02,83.5,-1.0,27.1,27.1
88.47,14,108.0,1409.0,24.0,3.0,27.02,83.5,-1.0,27.1,27.1
88.56,14,108.0,1409.0,24.0,4.0,27.02,83.5,-1.0,27.1,27.1
88.651,14,108.0,1409.0,24.0,4.0,27.22,83.5,-1.0,27.1,27.1
88.74,14,108.0,1409.0,24.0,4.0,27.22,83.5,-1.0,27.1,27.1
88.83,14,108.0,1409.0,24.0,4.0,27.22,83.5,-1.0,27.1,27.1
88.92,14,108.0,1409.0,24.0,4.0,27.22,83.5,-1.0,26.7,27.1
89.01,14,108.0,1409.0,24.0,4.0,27.22,83.5,-1.0,26.7,27.1
89.1,14,108.0,1409.0,24.0,4.0,27.22,83.5,-1.0,26.7,27.1
89.191,14,108.0,1409.0,24.0,4.0,27.22,83.5,-1.0,26.7,27.1
89.28,14,108.0,1425.0,24.0,4.0,27.22,83.5,-1.0,26.7,27.1
89.37,14,108.0,1425.0,24.0,4.0,27.22,83.5,-1.0,26.7,27.1
89.46,14,108.0,1425.0,24.0,4.0,27.22,83.5,-1.0,26.7,27.1
89.551,14,108.0,1425.0,24.0,4.0,27.69,83.5,-1.0,26.7,27.1
89.64,14,108.0,1425.0,24.0,4.0,27.69,83.5,-1.0,26.7,27.1
89.731,14,108.0,1425.0,24.0,4.0,27.69,83.5,-1.0,26.7,27.1
89.82,14,108.0,1425.0,24.0,4.0,27.69,83.5,-1.0,26.7,27.1
89.91,14,108.0,1425.0,24.0,4.0,27.69,83.5,-1.0,26.7,26.7
90.0,15,108.0,1425.0,24.0,4.0,27.69,83.5,-1.0,26.7,26.7
90.09,15,108.0,1425.0,24.0,4.0,27.69,83.5,-1.0,26.7,26.7
90.18,15,108.0,1421.0,24.0,4.0,27.69,83.5,-1.0,26.7,26.7
90.27,15,108.0,1421.0,24.0,4.0,27.69,83.5,-1.0,26.7,26.7
90.36,15,108.0,1421.0,24.0,4.0,27.69,83.5,-1.0,26.7,26.7
90.45,15,108.0,1421.0,24.0,4.0,27.52,83.5,-1.0,26.7,26.7
90.54,15,108.0,1421.0,24.0,4.0,27.52,83.5,-1.0,26.7,26.7
90.63,15,108.0,1421.0,24.0,4.0,27.52,83.5,-1.0,26.7,26.7
90.721,15,108.0,1421.0,24.0,4.0,27.52,83.5,-1.0,28.2,26.7
90.81,15,108.0,1421.0,24.0,4.0,27.52,83.5,-1.0,28.2,28.2
90.93,15,108.0,1421.0,24.0,4.0,27.52,83.5,-1.0,28.2,28.2
91.02,15,110.0,1421.0,24.0,4.0,27.52,83.5,-1.0,28.2,28.2
91.111,15,110.0,1439.0,24.0,4.0,27.52,83.5,-1.0,28.2,28.2
91.201,15,110.0,1439.0,25.0,4.0,27.52,83.5,-1.0,28.2,28.2
91.291,15,110.0,1439.0,25.0,4.0,27.52,83.5,-1.0,28.2,28.2
91.38,15,110.0,1439.0,25.0,4.0,28.61,83.5,-1.0,28.2,28.2
91.47,15,110.0,1439.0,25.0,4.0,28.61,83.5,-1.0,28.2,28.2
91.56,15,110.0,1439.0,25.0,4.0,28.61,83.5,-1.0,28.2,28.2
91.65,15,110.0,1439.0,25.0,4.0,28.61,83.5,-1.0,28.6,28.2
91.74,15,110.0,1439.0,25.0,4.0,28.61,83.5,-1.0,28.6,28.6
91.831,15,110.0,1439.0,25.0,4.0,28.61,83.5,-1.0,28.6,28.6
91.92,15,112.0,1439.0,25.0,4.0,28.61,83.5,-1.0,28.6,28.6
92.01,15,112.0,1452.0,25.0,4.0,28.61,83.5,-1.0,28.6,28.6
92.1,15,112.0,1452.0,25.0,4.0,28.61,83.5,-1.0,28.6,28.6
92.191,15,112.0,1452.0,25.0,4.0,28.61,83.5,-1.0,28.6,28.6
92.28,15,112.0,1452.0,25.0,4.0,28.86,83.5,-1.0,28.6,28.6
92.37,15,112.0,1452.0,25.0,4.0,28.86,83.5,-1.0,28.6,28.6
92.46,15,112.0,1452.0,25.0,4.0,28.86,83.5,-1.0,28.6,28.6
92.55,15,112.0,1452.0,25.0,4.0,28.86,83.5,-1.0,28.6,28.6
92.641,15,112.0,1452.0,25.0,4.0,28.86,83.5,-1.0,28.6,29.0
92.731,15,112.0,1452.0,25.0,4.0,28.86,83.5,-1.0,28.6,29.0
92.82,15,110.0,1452.0,25.0,4.0,28.86,83.5,-1.0,28.6,29.0
92.911,15,110.0,1468.0,25.0,4.0,28.86,83.5,-1.0,28.6,29.0
93.001,15,110.0,1468.0,25.0,4.0,28.86,83.5,-1.0,28.6,29.0
93.09,15,110.0,1468.0,25.0,4.0,28.86,83.5,-1.0,28.6,29.0
93.18,15,110.0,1468.0,25.0,4.0,28.66,83.5,-1.0,28.6,29.0
93.27,15,110.0,1468.0,25.0,4.0,28.66,83.5,-1.0,28.6,29.0
93.36,15,110.0,1468.0,25.0,4.0,28.66,83.5,-1.0,28.6,29.0
93.45,15,110.0,1468.0,25.0,4.0,28.66,83.5,-1.0,29.0,29.0
93.57,15,110.0,1468.0,25.0,4.0,28.66,83.5,-1.0,29.0,29.0
93.66,15,110.0,1468.0,25.0,4.0,28.66,83.5,-1.0,29.0,29.0
93.751,15,109.0,1468.0,25.0,4.0,28.66,83.5,-1.0,29.0,29.0
93.84,15,109.0,1486.0,25.0,4.0,28.66,83.5,-1.0,29.0,29.0
93.933,15,109.0,1486.0,25.0,4.0,28.66,83.5,-1.0,29.0,29.0
94.02,15,109.0,1486.0,25.0,4.0,28.66,83.5,-1.0,29.0,29.0
94.11,15,109.0,1486.0,25.0,4.0,29.19,83.5,-1.0,29.0,29.0
94.23,15,109.0,1486.0,25.0,4.0,29.19,83.5,-1.0,29.0,29.0
94.32,15,109.0,1486.0,25.0,4.0,29.19,83.5,-1.0,29.0,29.0
94.41,15,109.0,1486.0,25.0,4.0,29.19,83.5,-1.0,28.2,29.0
94.5,15,109.0,1486.0,25.0,4.0,29.19,83.5,-1.0,28.2,28.6
94.59,15,109.0,1486.0,25.0,4.0,29.19,83.5,-1.0,28.2,28.6
94.68,15,108.0,1486.0,25.0,4.0,29.19,83.5,-1.0,28.2,28.6
94.77,15,108.0,1515.0,25.0,4.0,29.19,83.5,-1.0,28.2,28.6
94.86,15,108.0,1515.0,26.0,4.0,29.19,83.5,-1.0,28.2,28.6
94.98,15,108.0,1515.0,26.0,4.0,29.19,83.5,-1.0,28.2,28.6
95.071,15,108.0,1515.0,26.0,4.0,29.61,83.5,-1.0,28.2,28.6
95.16,15,108.0,1515.0,26.0,4.0,29.61,83.5,-1.0,28.2,28.6
95.251,15,108.0,1515.0,26.0,4.0,29.61,83.5,-1.0,28.2,28.6
95.34,15,108.0,1515.0,26.0,4.0,29.61,83.5,-1.0,28.2,28.6
95.431,15,108.0,1515.0,26.0,4.0,29.61,83.5,-1.0,28.2,28.2
95.52,15,108.0,1515.0,26.0,4.0,29.61,83.5,-1.0,28.2,28.2
95.61,15,108.0,1515.0,26.0,4.0,29.61,83.5,-1.0,28.2,28.2
95.7,15,108.0,1575.0,26.0,4.0,29.61,83.5,-1.0,28.2,28.2
95.79,15,108.0,1575.0,27.0,4.0,29.61,83.5,-1.0,28.2,28.2
95.88,15,108.0,1575.0,27.0,4.0,29.61,83.5,-1.0,28.2,28.2
95.97,15,108.0,1575.0,27.0,4.0,30.83,83.5,-1.0,28.2,28.2
96.06,15,108.0,1575.0,27.0,4.0,30.83,83.5,-1.0,28.2,28.2
96.15,15,108.0,1575.0,27.0,4.0,30.83,83.5,-1.0,28.2,28.2
96.242,15,108.0,1575.0,27.0,4.0,30.83,83.5,-1.0,27.5,28.2
96.33,15,108.0,1575.0,27.0,4.0,30.83,83.5,-1.0,27.5,27.5
96.42,15,108.0,1575.0,27.0,4.0,30.83,83.5,-1.0,27.5,27.5
96.511,15,107.0,1575.0,27.0,4.0,30.83,83.5,-1.0,27.5,27.5
96.6,15,107.0,1623.0,27.0,4.0,30.83,83.5,-1.0,27.5,27.5
96.69,15,107.0,1623.0,28.0,4.0,30.83,83.5,-1.0,27.5,27.5
96.78,15,107.0,1623.0,28.0,4.0,30.83,83.5,-1.0,27.5,27.5
96.87,15,107.0,1623.0,28.0,4.0,31.22,83.5,-1.0,27.5,27.5
96.96,15,107.0,1623.0,28.0,4.0,31.22,83.5,-1.0,27.5,27.5
97.05,15,107.0,1623.0,28.0,4.0,31.22,83.5,-1.0,27.5,27.5
97.14,15,107.0,1623.0,28.0,4.0,31.22,83.5,-1.0,27.1,27.5
97.23,15,107.0,1623.0,28.0,4.0,31.22,83.5,-1.0,27.1,27.5
97.321,15,107.0,1623.0,28.0,4.0,31.22,83.5,-1.0,27.1,27.5
97.41,15,106.0,1623.0,28.0,4.0,31.22,83.5,-1.0,27.1,27.5
97.5,15,106.0,1693.0,28.0,4.0,31.22,83.5,-1.0,27.1,27.5
97.59,15,106.0,1693.0,29.0,4.0,31.22,83.5,-1.0,27.1,27.5
97.68,15,106.0,1693.0,29.0,4.0,31.22,83.5,-1.0,27.1,27.5
97.77,15,106.0,1693.0,29.0,4.0,32.49,83.5,-1.0,27.1,27.5
97.86,15,106.0,1693.0,29.0,4.0,32.49,83.5,-1.0,27.1,27.5
97.95,15,106.0,1693.0,29.0,4.0,32.49,83.5,-1.0,27.1,27.5
98.04,15,106.0,1693.0,29.0,4.0,32.49,83.5,-1.0,27.1,27.5
98.13,15,106.0,1693.0,29.0,4.0,32.49,83.5,-1.0,27.1,27.1
98.22,15,106.0,1693.0,29.0,4.0,32.49,83.5,-1.0,27.1,27.1
98.311,15,106.0,1693.0,29.0,4.0,32.49,83.5,-1.0,27.1,27.1
98.4,15,106.0,1718.0,29.0,4.0,32.49,83.5,-1.0,27.1,27.1
98.491,15,106.0,1718.0,30.0,4.0,32.49,83.5,-1.0,27.1,27.1
98.58,15,106.0,1718.0,30.0,4.0,32.49,83.5,-1.0,27.1,27.1
98.67,15,106.0,1718.0,30.0,4.0,33.13,83.5,-1.0,27.1,27.1
98.76,15,106.0,1718.0,30.0,4.0,33.13,83.5,-1.0,27.1,27.1
98.851,15,106.0,1718.0,30.0,4.0,33.13,83.5,-1.0,27.1,27.1
98.94,15,106.0,1718.0,30.0,4.0,33.13,83.5,-1.0,25.9,27.1
99.03,15,106.0,1718.0,30.0,4.0,33.13,83.5,-1.0,25.9,25.9
99.12,16,106.0,1718.0,30.0,4.0,33.13,83.5,-1.0,25.9,25.9
99.21,16,105.0,1718.0,30.0,4.0,33.13,83.5,-1.0,25.9,25.9
99.3,16,105.0,1766.0,30.0,4.0,33.13,83.5,-1.0,25.9,25.9
99.391,16,105.0,1766.0,30.0,4.0,33.13,83.5,-1.0,25.9,25.9
99.48,16,105.0,1766.0,30.0,4.0,33.13,83.5,-1.0,25.9,25.9
99.57,16,105.0,1766.0,30.0,4.0,33.61,83.5,-1.0,25.9,25.9
99.66,16,105.0,1766.0,30.0,4.0,33.61,83.5,-1.0,25.9,25.9
99.751,16,105.0,1766.0,30.0,4.0,33.61,83.5,-1.0,25.9,25.9
99.84,16,105.0,1766.0,30.0,4.0,33.61,83.5,-1.0,25.9,25.9
99.93,16,105.0,1766.0,30.0,4.0,33.61,83.5,-1.0,25.9,25.9
100.02,16,105.0,1766.0,30.0,4.0,33.61,83.5,-1.0,25.9,25.9
100.11,16,105.0,1766.0,30.0,4.0,33.61,83.5,-1.0,25.9,25.9
100.2,16,105.0,1798.0,30.0,4.0,33.61,83.5,-1.0,25.9,25.9
100.29,16,105.0,1798.0,31.0,4.0,33.61,83.5,-1.0,25.9,25.9
100.38,16,105.0,1798.0,31.0,4.0,33.61,83.5,-1.0,25.9,25.9
100.47,16,105.0,1798.0,31.0,4.0,34.97,83.5,-1.0,25.9,25.9
100.56,16,105.0,1798.0,31.0,4.0,34.97,83.5,-1.0,25.9,25.9
100.65,16,105.0,1798.0,31.0,4.0,34.97,83.5,-1.0,25.9,25.9
100.74,16,105.0,1798.0,31.0,4.0,34.97,83.5,-1.0,32.9,25.9
100.831,16,105.0,1798.0,31.0,4.0,34.97,83.5,-1.0,32.9,33.3
100.92,16,105.0,1798.0,31.0,4.0,34.97,83.5,-1.0,32.9,33.3
101.011,16,119.0,1798.0,31.0,4.0,34.97,83.5,-1.0,32.9,33.3
101.1,16,119.0,1886.0,31.0,4.0,34.97,83.5,-1.0,32.9,33.3
101.191,16,119.0,1886.0,32.0,4.0,34.97,83.5,-1.0,32.9,33.3
101.28,16,119.0,1886.0,32.0,4.0,34.97,83.5,-1.0,32.9,33.3
101.37,16,119.0,1886.0,32.0,4.0,33.22,83.5,-1.0,32.9,33.3
101.461,16,119.0,1886.0,32.0,4.0,33.22,83.5,-1.0,32.9,33.3
101.551,16,119.0,1886.0,32.0,4.0,33.22,83.5,-1.0,32.9,33.3
101.64,16,119.0,1886.0,32.0,4.0,33.22,83.5,-1.0,14.1,33.3
101.731,16,119.0,1886.0,32.0,4.0,33.22,83.5,-1.0,14.1,14.5
101.82,16,119.0,1886.0,32.0,4.0,33.22,83.5,-1.0,14.1,14.5
101.911,16,113.0,1886.0,32.0,4.0,33.22,83.5,-1.0,14.1,14.5
102.0,16,113.0,1097.0,32.0,4.0,33.22,83.5,-1.0,14.1,14.5
102.09,16,113.0,1097.0,34.0,4.0,33.22,83.5,-1.0,14.1,14.5
102.18,16,113.0,1097.0,34.0,3.0,33.22,83.5,-1.0,14.1,14.5
102.27,16,113.0,1097.0,34.0,3.0,24.19,83.5,-1.0,14.1,14.5
102.36,16,113.0,1097.0,34.0,3.0,24.19,83.5,-1.0,14.1,14.5
102.451,16,113.0,1097.0,34.0,3.0,24.19,83.5,-1.0,14.1,14.5
102.54,16,113.0,1097.0,34.0,3.0,24.19,83.5,-1.0,26.3,14.5
102.631,16,113.0,1097.0,34.0,3.0,24.19,83.5,-1.0,26.3,26.3
102.72,16,113.0,1097.0,34.0,3.0,24.19,83.5,-1.0,26.3,26.3
102.81,16,104.0,1097.0,34.0,3.0,24.19,83.5,-1.0,26.3,26.3
102.9,16,104.0,1327.0,34.0,3.0,24.19,83.5,-1.0,26.3,26.3
102.99,16,104.0,1327.0,35.0,3.0,24.19,83.5,-1.0,26.3,26.3
103.081,16,104.0,1327.0,35.0,2.0,24.19,83.5,-1.0,26.3,26.3
103.171,16,104.0,1327.0,35.0,2.0,24.74,83.5,-1.0,26.3,26.3
103.26,16,104.0,1327.0,35.0,2.0,24.74,83.5,-1.0,26.3,26.3
103.35,16,104.0,1327.0,35.0,2.0,24.74,83.5,-1.0,26.3,26.3
103.44,16,104.0,1327.0,35.0,2.0,24.74,83.5,-1.0,24.3,26.3
103.53,16,104.0,1327.0,35.0,2.0,24.74,83.5,-1.0,24.3,24.3
103.62,16,104.0,1327.0,35.0,2.0,24.74,83.5,-1.0,24.3,24.3
103.711,16,102.0,1327.0,35.0,2.0,24.74,83.5,-1.0,24.3,24.3
103.8,16,102.0,1371.0,35.0,2.0,24.74,83.5,-1.0,24.3,24.3
103.89,16,102.0,1371.0,37.0,2.0,24.74,83.5,-1.0,24.3,24.3
103.98,16,102.0,1371.0,37.0,2.0,24.74,83.5,-1.0,24.3,24.3
104.07,16,102.0,1371.0,37.0,2.0,24.55,83.5,-1.0,24.3,24.3
104.161,16,102.0,1371.0,37.0,2.0,24.55,83.5,-1.0,24.3,24.3
104.25,16,102.0,1371.0,37.0,2.0,24.55,83.5,-1.0,24.3,24.3
104.34,16,102.0,1371.0,37.0,2.0,24.55,83.5,-1.0,14.1,24.3
104.431,16,102.0,1371.0,37.0,2.0,24.55,83.5,-1.0,14.1,14.5
104.52,16,102.0,1371.0,37.0,2.0,24.55,83.5,-1.0,14.1,14.5
104.611,16,101.0,1371.0,37.0,2.0,24.55,83.5,-1.0,14.1,14.5
104.7,16,101.0,1370.0,37.0,2.0,24.55,83.5,-1.0,14.1,14.5
104.79,16,101.0,1370.0,37.0,2.0,24.55,83.5,-1.0,14.1,14.5
104.88,16,101.0,1370.0,37.0,3.0,24.55,83.5,-1.0,14.1,14.5
105.0,16,101.0,1370.0,37.0,3.0,25.74,83.5,-1.0,14.1,14.5
105.09,16,101.0,1370.0,37.0,3.0,25.74,83.5,-1.0,14.1,14.5
105.18,16,101.0,1370.0,37.0,3.0,25.74,83.5,-1.0,14.1,14.5
105.271,16,101.0,1370.0,37.0,3.0,25.74,83.5,-1.0,30.6,14.5
105.36,16,101.0,1370.0,37.0,3.0,25.74,83.5,-1.0,30.6,31.0
105.45,17,101.0,1370.0,37.0,3.0,25.74,83.5,-1.0,30.6,31.0
105.541,17,103.0,1370.0,37.0,3.0,25.74,83.5,-1.0,30.6,31.0
105.631,17,103.0,1431.0,37.0,3.0,25.74,83.5,-1.0,30.6,31.0
105.72,17,103.0,1431.0,38.0,3.0,25.74,83.5,-1.0,30.6,31.0
105.81,17,103.0,1431.0,38.0,3.0,25.74,83.5,-1.0,30.6,31.0
105.9,17,103.0,1431.0,38.0,3.0,26.86,83.5,-1.0,30.6,31.0
105.99,17,103.0,1431.0,38.0,3.0,26.86,83.5,-1.0,30.6,31.0
106.08,17,103.0,1431.0,38.0,3.0,26.86,83.5,-1.0,30.6,31.0
106.17,17,103.0,1431.0,38.0,3.0,26.86,83.5,-1.0,30.6,31.0
106.26,17,103.0,1431.0,38.0,3.0,26.86,83.5,-1.0,30.6,31.0
106.35,17,103.0,1431.0,38.0,3.0,26.86,83.5,-1.0,30.6,31.0
106.44,17,106.0,1431.0,38.0,3.0,26.86,83.5,-1.0,30.6,31.0
106.531,17,106.0,1488.0,38.0,3.0,26.86,83.5,-1.0,30.6,31.0
106.62,17,106.0,1488.0,40.0,3.0,26.86,83.5,-1.0,30.6,31.0
106.711,17,106.0,1488.0,40.0,3.0,26.86,83.5,-1.0,30.6,31.0
106.8,17,106.0,1488.0,40.0,3.0,29.08,83.5,-1.0,30.6,31.0
106.89,17,106.0,1488.0,40.0,3.0,29.08,83.5,-1.0,30.6,31.0
106.98,17,106.0,1488.0,40.0,3.0,29.08,83.5,-1.0,30.6,31.0
107.07,17,106.0,1488.0,40.0,3.0,29.08,83.5,-1.0,30.6,31.0
107.161,17,106.0,1488.0,40.0,3.0,29.08,83.5,-1.0,30.6,30.6
107.221,17,106.0,1488.0,40.0,3.0,29.08,83.5,-1.0,30.6,30.6
107.31,17,107.0,1488.0,40.0,3.0,29.08,83.5,-1.0,30.6,30.6
107.4,17,107.0,1560.0,40.0,3.0,29.08,83.5,-1.0,30.6,30.6
107.49,17,107.0,1560.0,42.0,3.0,29.08,83.5,-1.0,30.6,30.6
107.58,17,107.0,1560.0,42.0,4.0,29.08,83.5,-1.0,30.6,30.6
107.67,17,107.0,1560.0,42.0,4.0,30.22,83.5,-1.0,30.6,30.6
107.76,17,107.0,1560.0,42.0,4.0,30.22,83.5,-1.0,30.6,30.6
107.851,17,107.0,1560.0,42.0,4.0,30.22,83.5,-1.0,30.6,30.6
107.94,17,107.0,1560.0,42.0,4.0,30.22,83.5,-1.0,30.6,30.6
108.031,17,107.0,1560.0,42.0,4.0,30.22,83.5,-1.0,30.6,31.0
108.12,17,107.0,1560.0,42.0,4.0,30.22,83.5,-1.0,30.6,31.0
108.21,17,108.0,1560.0,42.0,4.0,30.22,83.5,-1.0,30.6,31.0
108.3,17,108.0,1618.0,42.0,4.0,30.22,83.5,-1.0,30.6,31.0
108.39,17,108.0,1618.0,43.0,4.0,30.22,83.5,-1.0,30.6,31.0
108.48,17,108.0,1618.0,43.0,4.0,30.22,83.5,-1.0,30.6,31.0
108.57,17,108.0,1618.0,43.0,4.0,31.72,83.5,-1.0,30.6,31.0
108.66,17,108.0,1618.0,43.0,4.0,31.72,83.5,-1.0,30.6,31.0
108.751,17,108.0,1618.0,43.0,4.0,31.72,83.5,-1.0,30.6,31.0
108.84,17,108.0,1618.0,43.0,4.0,31.72,83.5,-1.0,29.0,31.0
108.93,17,108.0,1618.0,43.0,4.0,31.72,83.5,-1.0,29.0,29.0
109.02,17,108.0,1618.0,43.0,4.0,31.72,83.5,-1.0,29.0,29.0
109.11,17,107.0,1618.0,43.0,4.0,31.72,83.5,-1.0,29.0,29.0
109.171,17,107.0,1656.0,43.0,4.0,31.72,83.5,-1.0,29.0,29.0
109.26,17,107.0,1656.0,44.0,4.0,31.72,83.5,-1.0,29.0,29.0
109.35,17,107.0,1656.0,44.0,4.0,31.72,83.5,-1.0,29.0,29.0
109.44,17,107.0,1656.0,44.0,4.0,30.94,83.5,-1.0,29.0,29.0
109.532,17,107.0,1656.0,44.0,4.0,30.94,83.5,-1.0,29.0,29.0
109.62,17,107.0,1656.0,44.0,4.0,30.94,83.5,-1.0,29.0,29.0
109.711,17,107.0,1656.0,44.0,4.0,30.94,83.5,-1.0,14.1,29.0
109.8,17,107.0,1656.0,44.0,4.0,30.94,83.5,-1.0,14.1,14.5
109.89,17,107.0,1656.0,44.0,4.0,30.94,83.5,-1.0,14.1,14.5
109.98,17,107.0,1656.0,44.0,4.0,30.94,83.5,-1.0,14.1,14.5
110.07,17,107.0,1640.0,44.0,4.0,30.94,83.5,-1.0,14.1,14.5
110.161,17,107.0,1640.0,44.0,4.0,30.94,83.5,-1.0,14.1,14.5
110.251,17,107.0,1640.0,44.0,4.0,30.94,83.5,-1.0,14.1,14.5
110.37,17,107.0,1640.0,44.0,4.0,32.05,83.5,-1.0,14.1,14.5
110.46,17,107.0,1640.0,44.0,4.0,32.05,83.5,-1.0,14.1,14.5
110.58,17,107.0,1640.0,44.0,4.0,32.05,83.5,-1.0,14.1,14.5
110.67,17,107.0,1640.0,44.0,4.0,32.05,83.5,-1.0,23.9,14.5
110.791,17,107.0,1640.0,44.0,4.0,32.05,83.5,-1.0,23.9,23.9
110.88,17,107.0,1640.0,44.0,4.0,32.05,83.5,-1.0,23.9,23.9
110.971,17,115.0,1640.0,44.0,4.0,32.05,83.5,-1.0,23.9,23.9
111.091,17,115.0,1630.0,44.0,4.0,32.05,83.5,-1.0,23.9,23.9
111.18,17,115.0,1630.0,43.0,4.0,32.05,83.5,-1.0,23.9,23.9
111.3,17,115.0,1630.0,43.0,4.0,32.05,83.5,-1.0,23.9,23.9
111.39,17,115.0,1630.0,43.0,4.0,33.88,83.5,-1.0,23.9,23.9
111.48,17,115.0,1630.0,43.0,4.0,33.88,83.5,-1.0,23.9,23.9
111.6,17,115.0,1630.0,43.0,4.0,33.88,83.5,-1.0,23.9,23.9
111.69,17,115.0,1630.0,43.0,4.0,33.88,83.5,-1.0,24.3,23.9
111.81,17,115.0,1630.0,43.0,4.0,33.88,83.5,-1.0,24.3,24.3
111.9,17,115.0,1630.0,43.0,4.0,33.88,83.5,-1.0,24.3,24.3
111.99,17,119.0,1630.0,43.0,4.0,33.88,83.5,-1.0,24.3,24.3
112.08,17,119.0,1624.0,43.0,4.0,33.88,83.5,-1.0,24.3,24.3
112.17,17,119.0,1624.0,44.0,4.0,33.88,83.5,-1.0,24.3,24.3
112.261,17,119.0,1624.0,44.0,4.0,33.88,83.5,-1.0,24.3,24.3
112.321,17,119.0,1624.0,44.0,4.0,34.61,83.5,-1.0,24.3,24.3
112.44,17,119.0,1624.0,44.0,4.0,34.61,83.5,-1.0,24.3,24.3
112.532,17,119.0,1624.0,44.0,4.0,34.61,83.5,-2.0,24.3,24.3
112.62,17,119.0,1624.0,44.0,4.0,34.61,83.5,-2.0,24.3,24.3
112.71,17,119.0,1624.0,44.0,4.0,34.61,83.5,-2.0,24.3,24.3
112.83,17,119.0,1624.0,44.0,4.0,34.61,83.5,-2.0,24.3,24.3
112.921,17,121.0,1624.0,44.0,4.0,34.61,83.5,-2.0,24.3,24.3
113.01,17,121.0,1652.0,44.0,4.0,34.61,83.5,-2.0,24.3,24.3
113.1,17,121.0,1652.0,44.0,4.0,34.61,83.5,-2.0,24.3,24.3
113.19,17,121.0,1652.0,44.0,4.0,34.61,83.5,-2.0,24.3,24.3
113.28,17,121.0,1652.0,44.0,4.0,35.58,83.5,-2.0,24.3,24.3
113.37,17,121.0,1652.0,44.0,4.0,35.58,83.5,-2.0,24.3,24.3
113.46,17,121.0,1652.0,44.0,4.0,35.58,83.5,-2.0,24.3,24.3
113.551,17,121.0,1652.0,44.0,4.0,35.58,83.5,-2.0,24.3,24.3
113.641,17,121.0,1652.0,44.0,4.0,35.58,83.5,-2.0,24.3,23.9
113.73,18,121.0,1652.0,44.0,4.0,35.58,83.5,-2.0,24.3,23.9
113.82,18,121.0,1652.0,44.0,4.0,35.58,83.5,-2.0,24.3,23.9
113.91,18,121.0,1662.0,44.0,4.0,35.58,83.5,-2.0,24.3,23.9
113.971,18,121.0,1662.0,44.0,4.0,35.58,83.5,-2.0,24.3,23.9
114.06,18,121.0,1662.0,44.0,4.0,35.58,83.5,-2.0,24.3,23.9
114.15,18,121.0,1662.0,44.0,4.0,35.58,83.5,-2.0,24.3,23.9
114.24,18,121.0,1662.0,44.0,4.0,35.58,83.5,-2.0,24.3,23.9
114.33,18,121.0,1662.0,44.0,4.0,35.58,83.5,-2.0,24.3,23.9
114.42,18,121.0,1662.0,44.0,4.0,35.58,83.5,-2.0,23.5,23.9
114.51,18,121.0,1662.0,44.0,4.0,35.58,83.5,-2.0,23.5,23.5
114.6,18,121.0,1662.0,44.0,4.0,35.58,83.5,-2.0,23.5,23.5
114.691,18,122.0,1662.0,44.0,4.0,35.58,83.5,-2.0,23.5,23.5
114.78,18,122.0,1661.0,44.0,4.0,35.58,83.5,-2.0,23.5,23.5
114.87,18,122.0,1661.0,45.0,4.0,35.58,83.5,-2.0,23.5,23.5
114.96,18,122.0,1661.0,45.0,4.0,35.58,83.5,-2.0,23.5,23.5
115.05,18,122.0,1661.0,45.0,4.0,35.52,83.5,-2.0,23.5,23.5
115.14,18,122.0,1661.0,45.0,4.0,35.52,83.5,-2.0,23.5,23.5
115.23,18,122.0,1661.0,45.0,4.0,35.52,83.5,-2.0,23.5,23.5
115.35,18,122.0,1661.0,45.0,4.0,35.52,83.5,-2.0,22.7,23.5
115.44,18,122.0,1661.0,45.0,4.0,35.52,83.5,-2.0,22.7,22.0
115.531,18,122.0,1661.0,45.0,4.0,35.52,83.5,-2.0,22.7,22.0
115.62,18,121.0,1661.0,45.0,4.0,35.52,83.5,-2.0,22.7,22.0
115.71,18,121.0,1617.0,45.0,4.0,35.52,83.5,-2.0,22.7,22.0
115.831,18,121.0,1617.0,44.0,4.0,35.52,83.5,-2.0,22.7,22.0
115.92,18,121.0,1617.0,44.0,4.0,35.52,83.5,-2.0,22.7,22.0
116.011,18,121.0,1617.0,44.0,4.0,34.02,83.5,-2.0,22.7,22.0
116.071,18,121.0,1617.0,44.0,4.0,34.02,83.5,-2.0,22.7,22.0
116.16,18,121.0,1617.0,44.0,4.0,34.02,83.5,-2.0,22.7,22.0
116.25,18,121.0,1617.0,44.0,4.0,34.02,83.5,-2.0,14.5,22.0
116.37,18,121.0,1617.0,44.0,4.0,34.02,83.5,-2.0,14.5,14.5
116.46,18,121.0,1617.0,44.0,4.0,34.02,83.5,-2.0,14.5,14.5
116.58,18,116.0,1617.0,44.0,4.0,34.02,83.5,-2.0,14.5,14.5
116.67,18,116.0,1598.0,44.0,4.0,34.02,83.5,-2.0,14.5,14.5
116.76,18,116.0,1598.0,43.0,4.0,34.02,83.5,-2.0,14.5,14.5
116.821,18,116.0,1598.0,43.0,3.0,34.02,83.5,-2.0,14.5,14.5
116.91,18,116.0,1598.0,43.0,3.0,32.33,83.5,-2.0,14.5,14.5
117.0,18,116.0,1598.0,43.0,3.0,32.33,83.5,-2.0,14.5,14.5
117.09,18,116.0,1598.0,43.0,3.0,32.33,83.5,-2.0,14.5,14.5
117.18,18,116.0,1598.0,43.0,3.0,32.33,83.5,-2.0,14.1,14.5
117.27,18,116.0,1598.0,43.0,3.0,32.33,83.5,-2.0,14.1,14.5
117.36,18,116.0,1598.0,43.0,3.0,32.33,83.5,-2.0,14.1,14.5
117.421,18,114.0,1598.0,43.0,3.0,32.33,83.5,-2.0,14.1,14.5
117.51,18,114.0,1383.0,43.0,3.0,32.33,83.5,-2.0,14.1,14.5
117.572,18,114.0,1383.0,42.0,3.0,32.33,83.5,-2.0,14.1,14.5
117.66,18,114.0,1383.0,42.0,3.0,32.33,83.5,-2.0,14.1,14.5
117.81,18,114.0,1383.0,42.0,3.0,20.83,83.5,-2.0,14.1,14.5
117.872,18,114.0,1383.0,42.0,3.0,20.83,83.5,-2.0,14.1,14.5
117.96,18,114.0,1383.0,42.0,3.0,20.83,83.5,-2.0,14.1,14.5
118.021,18,114.0,1383.0,42.0,3.0,20.83,83.5,-2.0,14.1,14.5
118.11,18,114.0,1383.0,42.0,3.0,20.83,83.5,-2.0,14.1,14.5
118.2,18,114.0,1383.0,42.0,3.0,20.83,83.5,-2.0,14.1,14.5
118.29,18,110.0,1383.0,42.0,3.0,20.83,83.5,-2.0,14.1,14.5
118.38,18,110.0,1028.0,42.0,3.0,20.83,83.5,-2.0,14.1,14.5
118.47,18,110.0,1028.0,42.0,3.0,20.83,83.5,-2.0,14.1,14.5
118.56,18,110.0,1028.0,42.0,1.0,20.83,83.5,-2.0,14.1,14.5
118.621,18,110.0,1028.0,42.0,1.0,19.11,83.5,-2.0,14.1,14.5
118.71,18,110.0,1028.0,42.0,1.0,19.11,83.5,-2.0,14.1,14.5
118.771,18,110.0,1028.0,42.0,1.0,19.11,83.5,-2.0,14.1,14.5
118.86,18,110.0,1028.0,42.0,1.0,19.11,83.5,-2.0,14.1,14.5
118.951,18,110.0,1028.0,42.0,1.0,19.11,83.5,-2.0,14.1,14.5
119.04,18,110.0,1028.0,42.0,1.0,19.11,83.5,-2.0,14.1,14.5
119.131,18,106.0,1028.0,42.0,1.0,19.11,83.5,-2.0,14.1,14.5
119.22,18,106.0,1188.0,42.0,1.0,19.11,83.5,-2.0,14.1,14.5
119.311,18,106.0,1188.0,38.0,1.0,19.11,83.5,-2.0,14.1,14.5
119.371,18,106.0,1188.0,38.0,1.0,19.11,83.5,-2.0,14.1,14.5
119.49,18,106.0,1188.0,38.0,1.0,21.88,83.5,-2.0,14.1,14.5
119.58,18,106.0,1188.0,38.0,1.0,21.88,83.5,-2.0,14.1,14.5
119.67,18,106.0,1188.0,38.0,1.0,21.88,83.5,-2.0,14.1,14.5
119.76,18,106.0,1188.0,38.0,1.0,21.88,83.5,-2.0,14.1,14.5
119.821,18,106.0,1188.0,38.0,1.0,21.88,83.5,-2.0,14.1,14.5
119.91,18,106.0,1188.0,38.0,1.0,21.88,83.5,-2.0,14.1,14.5
119.971,18,101.0,1188.0,38.0,1.0,21.88,83.5,-2.0,14.1,14.5
120.06,18,101.0,1480.0,38.0,1.0,21.88,83.5,-2.0,14.1,14.5
120.15,18,101.0,1480.0,34.0,1.0,21.88,83.5,-2.0,14.1,14.5
120.241,18,101.0,1480.0,34.0,2.0,21.88,83.5,-2.0,14.1,14.5
120.33,18,101.0,1480.0,34.0,2.0,29.97,83.5,-2.0,14.1,14.5
120.42,18,101.0,1480.0,34.0,2.0,29.97,83.5,-2.0,14.1,14.5
120.51,18,101.0,1480.0,34.0,2.0,29.97,83.5,-2.0,14.1,14.5
120.571,18,101.0,1480.0,34.0,2.0,29.97,83.5,-2.0,14.1,14.5
120.661,18,101.0,1480.0,34.0,2.0,29.97,83.5,-2.0,14.1,14.5
120.721,19,101.0,1480.0,34.0,2.0,29.97,83.5,-2.0,14.1,14.5
120.81,19,108.0,1480.0,34.0,2.0,29.97,83.5,-2.0,14.1,14.5
120.9,19,108.0,1763.0,34.0,2.0,29.97,83.5,-2.0,14.1,14.5
120.991,19,108.0,1763.0,30.0,2.0,29.97,83.5,-2.0,14.1,14.5
121.08,19,108.0,1763.0,30.0,4.0,29.97,83.5,-2.0,14.1,14.5
121.2,19,108.0,1763.0,30.0,4.0,34.3,83.5,-2.0,14.1,14.5
121.29,19,108.0,1763.0,30.0,4.0,34.3,83.5,-2.0,14.1,14.5
121.38,19,108.0,1763.0,30.0,4.0,34.3,83.5,-2.0,14.1,14.5
121.47,19,108.0,1763.0,30.0,4.0,34.3,83.5,-2.0,14.1,14.5
121.56,19,108.0,1763.0,30.0,4.0,34.3,83.5,-2.0,14.1,14.5
121.621,19,108.0,1763.0,30.0,4.0,34.3,83.5,-2.0,14.1,14.5
121.711,19,113.0,1763.0,30.0,4.0,34.3,83.5,-2.0,14.1,14.5
121.771,19,113.0,1560.0,30.0,4.0,34.3,83.5,-2.0,14.1,14.5
121.86,19,113.0,1560.0,27.0,4.0,34.3,83.5,-2.0,14.1,14.5
121.921,19,113.0,1560.0,27.0,4.0,34.3,83.5,-2.0,14.1,14.5
122.01,19,113.0,1560.0,27.0,4.0,30.24,83.5,-2.0,14.1,14.5
122.1,19,113.0,1560.0,27.0,4.0,30.24,83.5,-2.0,14.1,14.5
122.19,19,113.0,1560.0,27.0,4.0,30.24,83.5,-2.0,14.1,14.5
122.28,19,113.0,1560.0,27.0,4.0,30.24,83.5,-2.0,14.1,14.5
122.37,19,113.0,1560.0,27.0,4.0,30.24,83.5,-2.0,14.1,14.5
122.46,19,113.0,1560.0,27.0,4.0,30.24,83.5,-2.0,14.1,14.5
122.521,19,112.0,1560.0,27.0,4.0,30.24,83.5,-2.0,14.1,14.5
122.61,19,112.0,1393.0,27.0,4.0,30.24,83.5,-2.0,14.1,14.5
122.672,19,112.0,1393.0,24.0,4.0,30.24,83.5,-2.0,14.1,14.5
122.76,19,112.0,1393.0,24.0,3.0,30.24,83.5,-2.0,14.1,14.5
122.88,19,112.0,1393.0,24.0,3.0,26.83,83.5,-2.0,14.1,14.5
122.97,19,112.0,1393.0,24.0,3.0,26.83,83.5,-2.0,14.1,14.5
123.06,19,112.0,1393.0,24.0,3.0,26.83,83.5,-2.0,14.1,14.5
123.121,19,112.0,1393.0,24.0,3.0,26.83,83.5,-2.0,21.2,14.5
123.21,19,112.0,1393.0,24.0,3.0,26.83,83.5,-2.0,21.2,22.7
123.3,19,112.0,1393.0,24.0,3.0,26.83,83.5,-2.0,21.2,22.7
123.39,19,109.0,1393.0,24.0,3.0,26.83,83.5,-2.0,21.2,22.7
123.48,19,109.0,1326.0,24.0,3.0,26.83,83.5,-2.0,21.2,22.7
123.57,19,109.0,1326.0,22.0,3.0,26.83,83.5,-2.0,21.2,22.7
123.66,19,109.0,1326.0,22.0,2.0,26.83,83.5,-2.0,21.2,22.7
123.721,19,109.0,1326.0,22.0,2.0,24.36,83.5,-2.0,21.2,22.7
123.81,19,109.0,1326.0,22.0,2.0,24.36,83.5,-2.0,21.2,22.7
123.871,19,109.0,1326.0,22.0,2.0,24.36,83.5,-2.0,21.2,22.7
123.96,19,109.0,1326.0,22.0,2.0,24.36,83.5,-2.0,29.4,22.7
124.021,19,109.0,1326.0,22.0,2.0,24.36,83.5,-2.0,29.4,29.8
124.11,19,109.0,1326.0,22.0,2.0,24.36,83.5,-2.0,29.4,29.8
124.171,19,102.0,1326.0,22.0,2.0,24.36,83.5,-2.0,29.4,29.8
124.26,19,102.0,1367.0,22.0,2.0,24.36,83.5,-2.0,29.4,29.8
124.321,19,102.0,1367.0,23.0,2.0,24.36,83.5,-2.0,29.4,29.8
124.41,19,102.0,1367.0,23.0,2.0,24.36,83.5,-2.0,29.4,29.8
124.5,19,102.0,1367.0,23.0,2.0,25.36,83.5,-2.0,29.4,29.8
124.561,19,102.0,1367.0,23.0,2.0,25.36,83.5,-2.0,29.4,29.8
124.621,19,102.0,1367.0,23.0,2.0,25.36,83.5,-2.0,29.4,29.8
124.71,19,102.0,1367.0,23.0,2.0,25.36,83.5,-2.0,29.8,29.8
124.771,19,102.0,1367.0,23.0,2.0,25.36,83.5,-2.0,29.8,30.2
124.86,19,102.0,1367.0,23.0,2.0,25.36,83.5,-2.0,29.8,30.2
124.921,19,102.0,1367.0,23.0,2.0,25.36,83.5,-2.0,29.8,30.2
125.01,19,102.0,1460.0,23.0,2.0,25.36,83.5,-2.0,29.8,30.2
125.071,19,102.0,1460.0,25.0,2.0,25.36,83.5,-2.0,29.8,30.2
125.16,19,102.0,1460.0,25.0,2.0,25.36,83.5,-2.0,29.8,30.2
125.221,19,102.0,1460.0,25.0,2.0,27.47,83.5,-2.0,29.8,30.2
125.31,19,102.0,1460.0,25.0,2.0,27.47,83.5,-2.0,29.8,30.2
125.371,19,102.0,1460.0,25.0,2.0,27.47,83.5,-2.0,29.8,30.2
125.46,19,102.0,1460.0,25.0,2.0,27.47,83.5,-2.0,28.6,30.2
125.521,19,102.0,1460.0,25.0,2.0,27.47,83.5,-2.0,28.6,29.0
125.61,19,102.0,1460.0,25.0,2.0,27.47,83.5,-2.0,28.6,29.0
125.671,19,103.0,1460.0,25.0,2.0,27.47,83.5,-2.0,28.6,29.0
125.76,19,103.0,1542.0,25.0,2.0,27.47,83.5,-2.0,28.6,29.0
125.821,19,103.0,1542.0,26.0,2.0,27.47,83.5,-2.0,28.6,29.0
125.91,19,103.0,1542.0,26.0,3.0,27.47,83.5,-2.0,28.6,29.0
125.971,19,103.0,1542.0,26.0,3.0,28.49,83.5,-2.0,28.6,29.0
126.06,19,103.0,1542.0,26.0,3.0,28.49,83.5,-2.0,28.6,29.0
126.121,19,103.0,1542.0,26.0,3.0,28.49,83.5,-2.0,28.6,29.0
126.21,19,103.0,1542.0,26.0,3.0,28.49,83.5,-2.0,29.4,29.0
126.271,19,103.0,1542.0,26.0,3.0,28.49,83.5,-2.0,29.4,29.4
126.36,19,103.0,1542.0,26.0,3.0,28.49,83.5,-2.0,29.4,29.4
126.421,19,103.0,1542.0,26.0,3.0,28.49,83.5,-2.0,29.4,29.4
126.51,19,103.0,1562.0,26.0,3.0,28.49,83.5,-2.0,29.4,29.4
126.571,19,103.0,1562.0,27.0,3.0,28.49,83.5,-2.0,29.4,29.4
126.66,19,103.0,1562.0,27.0,3.0,28.49,83.5,-2.0,29.4,29.4
126.721,19,103.0,1562.0,27.0,3.0,29.94,83.5,-2.0,29.4,29.4
126.81,19,103.0,1562.0,27.0,3.0,29.94,83.5,-2.0,29.4,29.4
126.871,19,103.0,1562.0,27.0,3.0,29.94,83.5,-2.0,29.4,29.4
126.96,19,103.0,1562.0,27.0,3.0,29.94,83.5,-2.0,29.8,29.4
127.021,19,103.0,1562.0,27.0,3.0,29.94,83.5,-2.0,29.8,29.8
127.111,19,103.0,1562.0,27.0,3.0,29.94,83.5,-2.0,29.8,29.8
127.171,19,104.0,1562.0,27.0,3.0,29.94,83.5,-2.0,29.8,29.8
127.26,19,104.0,1613.0,27.0,3.0,29.94,83.5,-2.0,29.8,29.8
127.321,19,104.0,1613.0,27.0,3.0,29.94,83.5,-2.0,29.8,29.8
127.411,19,104.0,1613.0,27.0,3.0,29.94,83.5,-2.0,29.8,29.8
127.471,19,104.0,1613.0,27.0,3.0,30.52,83.5,-2.0,29.8,29.8
127.56,19,104.0,1613.0,27.0,3.0,30.52,83.5,-2.0,29.8,29.8
127.621,19,104.0,1613.0,27.0,3.0,30.52,83.5,-2.0,29.8,29.8
127.71,19,104.0,1613.0,27.0,3.0,30.52,83.5,-2.0,29.8,29.8
127.83,19,104.0,1613.0,27.0,3.0,30.52,83.5,-2.0,29.8,31.4
127.92,19,104.0,1613.0,27.0,3.0,30.52,83.5,-2.0,29.8,31.4
128.01,19,106.0,1613.0,27.0,3.0,30.52,83.5,-2.0,29.8,31.4
128.072,19,106.0,1636.0,27.0,3.0,30.52,83.5,-2.0,29.8,31.4
128.16,19,106.0,1636.0,28.0,3.0,30.52,83.5,-2.0,29.8,31.4
128.251,19,106.0,1636.0,28.0,3.0,30.52,83.5,-2.0,29.8,31.4
128.34,19,106.0,1636.0,28.0,3.0,33.08,83.5,-2.0,29.8,31.4
128.431,19,106.0,1636.0,28.0,3.0,33.08,83.5,-2.0,29.8,31.4
128.52,19,106.0,1636.0,28.0,3.0,33.08,83.5,-2.0,29.8,31.4
128.61,19,106.0,1636.0,28.0,3.0,33.08,83.5,-2.0,37.3,31.4
128.671,19,106.0,1636.0,28.0,3.0,33.08,83.5,-2.0,37.3,38.4
128.76,19,106.0,1636.0,28.0,3.0,33.08,83.5,-2.0,37.3,38.4
128.821,19,121.0,1636.0,28.0,3.0,33.08,83.5,-2.0,37.3,38.4
128.91,19,121.0,1727.0,28.0,3.0,33.08,83.5,-2.0,37.3,38.4
128.971,19,121.0,1727.0,30.0,3.0,33.08,83.5,-2.0,37.3,38.4
129.06,19,121.0,1727.0,30.0,4.0,33.08,83.5,-2.0,37.3,38.4
129.121,19,121.0,1727.0,30.0,4.0,39.91,83.5,-2.0,37.3,38.4
129.21,19,121.0,1727.0,30.0,4.0,39.91,83.5,-2.0,37.3,38.4
129.271,19,121.0,1727.0,30.0,4.0,39.91,83.5,-2.0,37.3,38.4
129.36,19,121.0,1727.0,30.0,4.0,39.91,83.5,-2.0,42.7,38.4
129.421,19,121.0,1727.0,30.0,4.0,39.91,83.5,-2.0,42.7,43.9
129.51,20,121.0,1727.0,30.0,4.0,39.91,83.5,-2.0,42.7,43.9
129.571,20,141.0,1727.0,30.0,4.0,39.91,83.5,-2.0,42.7,43.9
129.66,20,141.0,1860.0,30.0,4.0,39.91,83.5,-2.0,42.7,43.9
129.721,20,141.0,1860.0,32.0,4.0,39.91,83.5,-2.0,42.7,43.9
129.81,20,141.0,1860.0,32.0,5.0,39.91,83.5,-2.0,42.7,43.9
129.871,20,141.0,1860.0,32.0,5.0,51.3,83.5,-2.0,42.7,43.9
129.96,20,141.0,1860.0,32.0,5.0,51.3,83.5,-2.0,42.7,43.9
130.022,20,141.0,1860.0,32.0,5.0,51.3,83.5,-2.0,42.7,43.9
130.11,20,141.0,1860.0,32.0,5.0,51.3,83.5,-2.0,43.5,43.9
130.171,20,141.0,1860.0,32.0,5.0,51.3,83.5,-2.0,43.5,43.9
130.26,20,141.0,1860.0,32.0,5.0,51.3,83.5,-2.0,43.5,43.9
130.321,20,149.0,1860.0,32.0,5.0,51.3,83.5,-2.0,43.5,43.9
130.41,20,149.0,2060.0,32.0,5.0,51.3,83.5,-2.0,43.5,43.9
130.471,20,149.0,2060.0,35.0,5.0,51.3,83.5,-2.0,43.5,43.9
130.59,20,149.0,2060.0,35.0,5.0,51.3,83.5,-2.0,43.5,43.9
130.68,20,149.0,2060.0,35.0,5.0,43.97,83.5,-2.0,43.5,43.9
130.77,20,149.0,2060.0,35.0,5.0,43.97,32.2,-2.0,43.5,43.9
130.86,20,149.0,2060.0,35.0,5.0,43.97,32.2,-2.0,43.5,43.9
130.921,20,149.0,2060.0,35.0,5.0,43.97,32.2,-2.0,14.1,43.9
131.01,20,149.0,2060.0,35.0,5.0,43.97,32.2,-2.0,14.1,14.5
131.071,20,149.0,2060.0,35.0,5.0,43.97,32.2,-2.0,14.1,14.5
131.16,20,104.0,2060.0,35.0,5.0,43.97,32.2,-2.0,14.1,14.5
131.221,20,104.0,1082.0,35.0,5.0,43.97,32.2,-2.0,14.1,14.5
131.31,20,104.0,1082.0,36.0,5.0,43.97,32.2,-2.0,14.1,14.5
131.371,20,104.0,1082.0,36.0,4.0,43.97,32.2,-2.0,14.1,14.5
131.46,20,104.0,1082.0,36.0,4.0,28.61,32.2,-2.0,14.1,14.5
131.55,20,104.0,1082.0,36.0,4.0,28.61,80.8,-2.0,14.1,14.5
131.611,20,104.0,1082.0,36.0,4.0,28.61,80.8,-2.0,14.1,14.5
131.7,20,104.0,1082.0,36.0,4.0,28.61,80.8,-2.0,54.5,14.5
131.761,20,104.0,1082.0,36.0,4.0,28.61,80.8,-2.0,54.5,58.0
131.85,20,104.0,1082.0,36.0,4.0,28.61,80.8,-2.0,54.5,58.0
131.94,20,126.0,1082.0,36.0,4.0,28.61,80.8,-2.0,54.5,58.0
132.03,20,126.0,1510.0,36.0,4.0,28.61,80.8,-2.0,54.5,58.0
132.12,20,126.0,1510.0,40.0,4.0,28.61,80.8,-2.0,54.5,58.0
132.21,20,126.0,1510.0,40.0,2.0,28.61,80.8,-2.0,54.5,58.0
132.3,20,126.0,1510.0,40.0,2.0,40.13,80.8,-2.0,54.5,58.0
132.39,20,126.0,1510.0,40.0,2.0,40.13,43.9,-2.0,54.5,58.0
132.48,20,126.0,1510.0,40.0,2.0,40.13,43.9,-2.0,54.5,58.0
132.57,20,126.0,1510.0,40.0,2.0,40.13,43.9,-2.0,14.5,58.0
132.66,20,126.0,1510.0,40.0,2.0,40.13,43.9,-2.0,14.5,14.5
132.75,20,126.0,1510.0,40.0,2.0,40.13,43.9,-2.0,14.5,14.5
132.87,20,113.0,1510.0,40.0,2.0,40.13,43.9,-2.0,14.5,14.5
132.96,20,113.0,999.0,40.0,2.0,40.13,43.9,-2.0,14.5,14.5
133.05,20,113.0,999.0,43.0,2.0,40.13,43.9,-2.0,14.5,14.5
133.14,20,113.0,999.0,43.0,3.0,40.13,43.9,-2.0,14.5,14.5
133.23,20,113.0,999.0,43.0,3.0,19.22,43.9,-2.0,14.5,14.5
133.32,20,113.0,999.0,43.0,3.0,19.22,80.4,-2.0,14.5,14.5
133.41,20,113.0,999.0,43.0,3.0,19.22,80.4,-2.0,14.5,14.5
133.5,20,113.0,999.0,43.0,3.0,19.22,80.4,-2.0,14.1,14.5
133.59,20,113.0,999.0,43.0,3.0,19.22,80.4,-2.0,14.1,14.5
133.651,20,113.0,999.0,43.0,3.0,19.22,80.4,-2.0,14.1,14.5
133.711,20,108.0,999.0,43.0,3.0,19.22,80.4,-2.0,14.1,14.5
133.8,20,108.0,1009.0,43.0,3.0,19.22,80.4,-2.0,14.1,14.5
133.89,20,108.0,1009.0,43.0,3.0,19.22,80.4,-2.0,14.1,14.5
133.98,20,108.0,1009.0,43.0,0.0,19.22,80.4,-2.0,14.1,14.5
134.07,20,108.0,1009.0,43.0,0.0,18.47,80.4,-2.0,14.1,14.5
134.16,20,108.0,1009.0,43.0,0.0,18.47,83.5,-2.0,14.1,14.5
134.25,20,108.0,1009.0,43.0,0.0,18.47,83.5,-2.0,14.1,14.5
134.34,20,108.0,1009.0,43.0,0.0,18.47,83.5,-2.0,14.5,14.5
134.43,20,108.0,1009.0,43.0,0.0,18.47,83.5,-2.0,14.5,14.5
134.52,20,108.0,1009.0,43.0,0.0,18.47,83.5,-2.0,14.5,14.5
134.61,20,106.0,1009.0,43.0,0.0,18.47,83.5,-2.0,14.5,14.5
134.73,20,106.0,1202.0,43.0,0.0,18.47,83.5,-2.0,14.5,14.5
134.82,20,106.0,1202.0,43.0,0.0,18.47,83.5,-2.0,14.5,14.5
134.91,20,106.0,1202.0,43.0,0.0,18.47,83.5,-2.0,14.5,14.5
135.0,20,106.0,1202.0,43.0,0.0,24.13,83.5,-2.0,14.5,14.5
135.09,20,106.0,1202.0,43.0,0.0,24.13,83.5,-2.0,14.5,14.5
135.18,20,106.0,1202.0,43.0,0.0,24.13,83.5,-2.0,14.5,14.5
135.27,20,106.0,1202.0,43.0,0.0,24.13,83.5,-2.0,14.1,14.5
135.36,20,106.0,1202.0,43.0,0.0,24.13,83.5,-2.0,14.1,14.5
135.45,20,106.0,1202.0,43.0,0.0,24.13,83.5,-2.0,14.1,14.5
135.54,20,96.0,1202.0,43.0,0.0,24.13,83.5,-2.0,14.1,14.5
135.63,20,96.0,1884.0,43.0,0.0,24.13,83.5,-2.0,14.1,14.5
135.72,20,96.0,1884.0,38.0,0.0,24.13,83.5,-2.0,14.1,14.5
135.81,20,96.0,1884.0,38.0,2.0,24.13,83.5,-2.0,14.1,14.5
135.9,20,96.0,1884.0,38.0,2.0,35.83,83.5,-2.0,14.1,14.5
135.99,20,96.0,1884.0,38.0,2.0,35.83,83.5,-2.0,14.1,14.5
136.051,20,96.0,1884.0,38.0,2.0,35.83,83.5,-2.0,14.1,14.5
136.111,20,96.0,1884.0,38.0,2.0,35.83,83.5,-2.0,14.1,14.5
136.201,20,96.0,1884.0,38.0,2.0,35.83,83.5,-2.0,14.1,14.5
136.29,20,96.0,1884.0,38.0,2.0,35.83,83.5,-2.0,14.1,14.5
136.381,20,110.0,1884.0,38.0,2.0,35.83,83.5,-2.0,14.1,14.5
136.47,20,110.0,1962.0,38.0,2.0,35.83,83.5,-2.0,14.1,14.5
136.56,20,110.0,1962.0,34.0,2.0,35.83,83.5,-2.0,14.1,14.5
136.65,20,110.0,1962.0,34.0,4.0,35.83,83.5,-2.0,14.1,14.5
136.74,20,110.0,1962.0,34.0,4.0,38.83,83.5,-2.0,14.1,14.5
136.83,20,110.0,1962.0,34.0,4.0,38.83,83.5,-2.0,14.1,14.5
136.92,20,110.0,1962.0,34.0,4.0,38.83,83.5,-2.0,14.1,14.5
137.01,20,110.0,1962.0,34.0,4.0,38.83,83.5,-2.0,14.1,14.5
137.1,20,110.0,1962.0,34.0,4.0,38.83,83.5,-2.0,14.1,14.5
137.161,20,110.0,1962.0,34.0,4.0,38.83,83.5,-2.0,14.1,14.5
137.25,20,119.0,1962.0,34.0,4.0,38.83,83.5,-2.0,14.1,14.5
137.311,20,119.0,1787.0,34.0,4.0,38.83,83.5,-2.0,14.1,14.5
137.4,20,119.0,1787.0,31.0,4.0,38.83,83.5,-2.0,14.1,14.5
137.49,20,119.0,1787.0,31.0,4.0,38.83,83.5,-2.0,14.1,14.5
137.58,20,119.0,1787.0,31.0,4.0,36.88,83.5,-2.0,14.1,14.5
137.67,20,119.0,1787.0,31.0,4.0,36.88,83.5,-2.0,14.1,14.5
137.76,20,119.0,1787.0,31.0,4.0,36.88,83.5,-2.0,14.1,14.5
137.88,20,119.0,1787.0,31.0,4.0,36.88,83.5,-2.0,20.8,14.5
137.97,20,119.0,1787.0,31.0,4.0,36.88,83.5,-2.0,20.8,21.6
138.06,21,119.0,1787.0,31.0,4.0,36.88,83.5,-2.0,20.8,21.6
138.15,21,119.0,1787.0,31.0,4.0,36.88,83.5,-2.0,20.8,21.6
138.211,21,119.0,1659.0,31.0,4.0,36.88,83.5,-2.0,20.8,21.6
138.3,21,119.0,1659.0,28.0,4.0,36.88,83.5,-2.0,20.8,21.6
138.362,21,119.0,1659.0,28.0,4.0,36.88,83.5,-2.0,20.8,21.6
138.45,21,119.0,1659.0,28.0,4.0,33.97,83.5,-2.0,20.8,21.6
138.511,21,119.0,1659.0,28.0,4.0,33.97,83.5,-2.0,20.8,21.6
138.6,21,119.0,1659.0,28.0,4.0,33.97,83.5,-2.0,20.8,21.6
138.69,21,119.0,1659.0,28.0,4.0,33.97,83.5,-2.0,23.5,21.6
138.781,21,119.0,1659.0,28.0,4.0,33.97,83.5,-2.0,23.5,23.5
138.87,21,119.0,1659.0,28.0,4.0,33.97,83.5,-2.0,23.5,23.5
138.96,21,118.0,1659.0,28.0,4.0,33.97,83.5,-2.0,23.5,23.5
139.05,21,118.0,1612.0,28.0,4.0,33.97,83.5,-2.0,23.5,23.5
139.111,21,118.0,1612.0,28.0,4.0,33.97,83.5,-2.0,23.5,23.5
139.2,21,118.0,1612.0,28.0,4.0,33.97,83.5,-2.0,23.5,23.5
139.261,21,118.0,1612.0,28.0,4.0,33.49,83.5,-2.0,23.5,23.5
139.35,21,118.0,1612.0,28.0,4.0,33.49,83.5,-2.0,23.5,23.5
139.411,21,118.0,1612.0,28.0,4.0,33.49,83.5,-2.0,23.5,23.5
139.5,21,118.0,1612.0,28.0,4.0,33.49,83.5,-2.0,25.1,23.5
139.561,21,118.0,1612.0,28.0,4.0,33.49,83.5,-2.0,25.1,24.7
139.65,21,118.0,1612.0,28.0,4.0,33.49,83.5,-2.0,25.1,24.7
139.711,21,120.0,1612.0,28.0,4.0,33.49,83.5,-2.0,25.1,24.7
139.8,21,120.0,1576.0,28.0,4.0,33.49,83.5,-2.0,25.1,24.7
139.861,21,120.0,1576.0,27.0,4.0,33.49,83.5,-2.0,25.1,24.7
139.95,21,120.0,1576.0,27.0,3.0,33.49,83.5,-2.0,25.1,24.7
140.011,21,120.0,1576.0,27.0,3.0,33.13,83.5,-2.0,25.1,24.7
140.1,21,120.0,1576.0,27.0,3.0,33.13,83.5,-2.0,25.1,24.7
140.161,21,120.0,1576.0,27.0,3.0,33.13,83.5,-2.0,25.1,24.7
140.25,21,120.0,1576.0,27.0,3.0,33.13,83.5,-2.0,26.3,24.7
140.311,21,120.0,1576.0,27.0,3.0,33.13,83.5,-2.0,26.3,26.7
140.4,21,120.0,1576.0,27.0,3.0,33.13,83.5,-2.0,26.3,26.7
140.461,21,106.0,1576.0,27.0,3.0,33.13,83.5,-2.0,26.3,26.7
140.55,21,106.0,1593.0,27.0,3.0,33.13,83.5,-2.0,26.3,26.7
140.611,21,106.0,1593.0,27.0,3.0,33.13,83.5,-2.0,26.3,26.7
140.7,21,106.0,1593.0,27.0,3.0,33.13,83.5,-2.0,26.3,26.7
140.761,21,106.0,1593.0,27.0,3.0,29.13,83.5,-2.0,26.3,26.7
140.85,21,106.0,1593.0,27.0,3.0,29.13,83.5,-2.0,26.3,26.7
140.911,21,106.0,1593.0,27.0,3.0,29.13,83.5,-2.0,26.3,26.7
141.0,21,106.0,1593.0,27.0,3.0,29.13,83.5,-2.0,27.1,26.7
141.061,21,106.0,1593.0,27.0,3.0,29.13,83.5,-2.0,27.1,27.5
141.15,21,106.0,1593.0,27.0,3.0,29.13,83.5,-2.0,27.1,27.5
141.211,21,100.0,1593.0,27.0,3.0,29.13,83.5,-2.0,27.1,27.5
141.3,21,100.0,1615.0,27.0,3.0,29.13,83.5,-2.0,27.1,27.5
141.361,21,100.0,1615.0,28.0,3.0,29.13,83.5,-2.0,27.1,27.5
141.45,21,100.0,1615.0,28.0,2.0,29.13,83.5,-2.0,27.1,27.5
141.511,21,100.0,1615.0,28.0,2.0,28.97,83.5,-2.0,27.1,27.5
141.601,21,100.0,1615.0,28.0,2.0,28.97,83.5,-2.0,27.1,27.5
141.661,21,100.0,1615.0,28.0,2.0,28.97,83.5,-2.0,27.1,27.5
141.75,21,100.0,1615.0,28.0,2.0,28.97,83.5,-2.0,29.4,27.5
141.811,21,100.0,1615.0,28.0,2.0,28.97,83.5,-2.0,29.4,29.4
141.901,21,100.0,1615.0,28.0,2.0,28.97,83.5,-2.0,29.4,29.4
141.962,21,100.0,1615.0,28.0,2.0,28.97,83.5,-2.0,29.4,29.4
142.05,21,100.0,1678.0,28.0,2.0,28.97,83.5,-2.0,29.4,29.4
142.111,21,100.0,1678.0,29.0,2.0,28.97,83.5,-2.0,29.4,29.4
142.2,21,100.0,1678.0,29.0,3.0,28.97,83.5,-2.0,29.4,29.4
142.261,21,100.0,1678.0,29.0,3.0,30.72,83.5,-2.0,29.4,29.4
142.35,21,100.0,1678.0,29.0,3.0,30.72,83.5,-2.0,29.4,29.4
142.411,21,100.0,1678.0,29.0,3.0,30.72,83.5,-2.0,29.4,29.4
142.5,21,100.0,1678.0,29.0,3.0,30.72,83.5,-2.0,30.2,29.4
142.561,21,100.0,1678.0,29.0,3.0,30.72,83.5,-2.0,30.2,31.0
142.65,21,100.0,1678.0,29.0,3.0,30.72,83.5,-2.0,30.2,31.0
142.711,21,102.0,1678.0,29.0,3.0,30.72,83.5,-2.0,30.2,31.0
142.8,21,102.0,1742.0,29.0,3.0,30.72,83.5,-2.0,30.2,31.0
142.861,21,102.0,1742.0,30.0,3.0,30.72,83.5,-2.0,30.2,31.0
142.95,21,102.0,1742.0,30.0,3.0,30.72,83.5,-2.0,30.2,31.0
143.011,21,102.0,1742.0,30.0,3.0,32.91,83.5,-2.0,30.2,31.0
143.1,21,102.0,1742.0,30.0,3.0,32.91,83.5,-2.0,30.2,31.0
143.161,21,102.0,1742.0,30.0,3.0,32.91,83.5,-2.0,30.2,31.0
143.25,21,102.0,1742.0,30.0,3.0,32.91,83.5,-2.0,34.5,31.0
143.311,21,102.0,1742.0,30.0,3.0,32.91,83.5,-2.0,34.5,36.9
143.4,21,102.0,1742.0,30.0,3.0,32.91,83.5,-2.0,34.5,36.9
143.461,21,109.0,1742.0,30.0,3.0,32.91,83.5,-2.0,34.5,36.9
143.55,21,109.0,1771.0,30.0,3.0,32.91,83.5,-2.0,34.5,36.9
143.611,21,109.0,1771.0,30.0,3.0,32.91,83.5,-2.0,34.5,36.9
143.7,21,109.0,1771.0,30.0,3.0,32.91,83.5,-2.0,34.5,36.9
143.761,21,109.0,1771.0,30.0,3.0,38.05,83.5,-2.0,34.5,36.9
143.85,21,109.0,1771.0,30.0,3.0,38.05,83.5,-2.0,34.5,36.9
143.911,21,109.0,1771.0,30.0,3.0,38.05,83.5,-2.0,34.5,36.9
144.0,21,109.0,1771.0,30.0,3.0,38.05,83.5,-2.0,40.0,36.9
144.061,21,109.0,1771.0,30.0,3.0,38.05,83.5,-2.0,40.0,40.8
144.15,21,109.0,1771.0,30.0,3.0,38.05,83.5,-2.0,40.0,40.8
144.211,21,130.0,1771.0,30.0,3.0,38.05,83.5,-2.0,40.0,40.8
144.3,21,130.0,1927.0,30.0,3.0,38.05,83.5,-2.0,40.0,40.8
144.361,21,130.0,1927.0,33.0,3.0,38.05,83.5,-2.0,40.0,40.8
144.45,21,130.0,1927.0,33.0,3.0,38.05,83.5,-2.0,40.0,40.8
144.511,21,130.0,1927.0,33.0,3.0,46.22,83.5,-2.0,40.0,40.8
144.6,21,130.0,1927.0,33.0,3.0,46.22,83.5,-2.0,40.0,40.8
144.661,21,130.0,1927.0,33.0,3.0,46.22,83.5,-2.0,40.0,40.8
144.75,21,130.0,1927.0,33.0,3.0,46.22,83.5,-2.0,40.8,40.8
144.811,21,130.0,1927.0,33.0,3.0,46.22,83.5,-2.0,40.8,40.8
144.9,21,130.0,1927.0,33.0,3.0,46.22,83.5,-2.0,40.8,40.8
144.961,21,136.0,1927.0,33.0,3.0,46.22,83.5,-2.0,40.8,40.8
145.05,21,136.0,1956.0,33.0,3.0,46.22,83.5,-2.0,40.8,40.8
145.111,21,136.0,1956.0,35.0,3.0,46.22,83.5,-2.0,40.8,40.8
145.2,21,136.0,1956.0,35.0,5.0,46.22,83.5,-2.0,40.8,40.8
145.261,21,136.0,1956.0,35.0,5.0,28.94,83.5,-2.0,40.8,40.8
145.35,21,136.0,1956.0,35.0,5.0,28.94,30.6,-2.0,40.8,40.8
145.411,21,136.0,1956.0,35.0,5.0,28.94,30.6,-2.0,40.8,40.8
145.5,21,136.0,1956.0,35.0,5.0,28.94,30.6,-2.0,16.5,40.8
145.561,21,136.0,1956.0,35.0,5.0,28.94,30.6,-2.0,16.5,23.1
145.65,21,136.0,1956.0,35.0,5.0,28.94,30.6,-2.0,16.5,23.1
145.711,21,102.0,1956.0,35.0,5.0,28.94,30.6,-2.0,16.5,23.1
145.8,21,102.0,1433.0,35.0,5.0,28.94,30.6,-2.0,16.5,23.1
145.861,21,102.0,1433.0,36.0,5.0,28.94,30.6,-2.0,16.5,23.1
145.95,21,102.0,1433.0,36.0,4.0,28.94,30.6,-2.0,16.5,23.1
146.011,21,102.0,1433.0,36.0,4.0,26.13,30.6,-2.0,16.5,23.1
146.1,21,102.0,1433.0,36.0,4.0,26.13,82.0,-2.0,16.5,23.1
146.161,21,102.0,1433.0,36.0,4.0,26.13,82.0,-2.0,16.5,23.1
146.25,21,102.0,1433.0,36.0,4.0,26.13,82.0,-2.0,41.6,23.1
146.311,21,102.0,1433.0,36.0,4.0,26.13,82.0,-2.0,41.6,42.4
146.4,21,102.0,1433.0,36.0,4.0,26.13,82.0,-2.0,41.6,42.4
146.461,21,117.0,1433.0,36.0,4.0,26.13,82.0,-2.0,41.6,42.4
146.55,21,117.0,1455.0,36.0,4.0,26.13,82.0,-2.0,41.6,42.4
146.611,21,117.0,1455.0,39.0,4.0,26.13,82.0,-2.0,41.6,42.4
146.7,21,117.0,1455.0,39.0,1.0,26.13,82.0,-2.0,41.6,42.4
146.761,21,117.0,1455.0,39.0,1.0,32.72,82.0,-2.0,41.6,42.4
146.85,21,117.0,1455.0,39.0,1.0,32.72,83.5,-2.0,41.6,42.4
146.911,21,117.0,1455.0,39.0,1.0,32.72,83.5,-2.0,41.6,42.4
147.0,21,117.0,1455.0,39.0,1.0,32.72,83.5,-2.0,42.0,42.4
147.061,21,117.0,1455.0,39.0,1.0,32.72,83.5,-2.0,42.0,42.7
147.15,22,117.0,1455.0,39.0,1.0,32.72,83.5,-2.0,42.0,42.7
147.211,22,135.0,1455.0,39.0,1.0,32.72,83.5,-2.0,42.0,42.7
147.301,22,135.0,1588.0,39.0,1.0,32.72,83.5,-2.0,42.0,42.7
147.361,22,135.0,1588.0,43.0,1.0,32.72,83.5,-2.0,42.0,42.7
147.45,22,135.0,1588.0,43.0,3.0,32.72,83.5,-2.0,42.0,42.7
147.512,22,135.0,1588.0,43.0,3.0,38.99,83.5,-2.0,42.0,42.7
147.6,22,135.0,1588.0,43.0,3.0,38.99,83.5,-2.0,42.0,42.7
147.661,22,135.0,1588.0,43.0,3.0,38.99,83.5,-2.0,42.0,42.7
147.75,22,135.0,1588.0,43.0,3.0,38.99,83.5,-2.0,14.5,42.7
147.811,22,135.0,1588.0,43.0,3.0,38.99,83.5,-2.0,14.5,14.5
147.9,22,135.0,1588.0,43.0,3.0,38.99,83.5,-2.0,14.5,14.5
147.961,22,107.0,1588.0,43.0,3.0,38.99,83.5,-2.0,14.5,14.5
148.05,22,107.0,1100.0,43.0,3.0,38.99,83.5,-2.0,14.5,14.5
148.111,22,107.0,1100.0,44.0,3.0,38.99,83.5,-2.0,14.5,14.5
148.2,22,107.0,1100.0,44.0,3.0,38.99,83.5,-2.0,14.5,14.5
148.261,22,107.0,1100.0,44.0,3.0,17.47,83.5,-2.0,14.5,14.5
148.35,22,107.0,1100.0,44.0,3.0,17.47,31.0,-2.0,14.5,14.5
148.411,22,107.0,1100.0,44.0,3.0,17.47,31.0,-2.0,14.5,14.5
148.53,22,107.0,1100.0,44.0,3.0,17.47,31.0,-2.0,23.5,14.5
148.62,22,107.0,1100.0,44.0,3.0,17.47,31.0,-2.0,23.5,22.7
148.71,22,107.0,1100.0,44.0,3.0,17.47,31.0,-2.0,23.5,22.7
148.8,22,103.0,1100.0,44.0,3.0,17.47,31.0,-2.0,23.5,22.7
148.861,22,103.0,1163.0,44.0,3.0,17.47,31.0,-2.0,23.5,22.7
148.95,22,103.0,1163.0,46.0,3.0,17.47,31.0,-2.0,23.5,22.7
149.011,22,103.0,1163.0,46.0,1.0,17.47,31.0,-2.0,23.5,22.7
149.1,22,103.0,1163.0,46.0,1.0,21.05,31.0,-2.0,23.5,22.7
149.161,22,103.0,1163.0,46.0,1.0,21.05,83.5,-2.0,23.5,22.7
149.25,22,103.0,1163.0,46.0,1.0,21.05,83.5,-2.0,23.5,22.7
149.311,22,103.0,1163.0,46.0,1.0,21.05,83.5,-2.0,14.1,22.7
149.4,22,103.0,1163.0,46.0,1.0,21.05,83.5,-2.0,14.1,14.5
149.461,22,103.0,1163.0,46.0,1.0,21.05,83.5,-2.0,14.1,14.5
149.55,22,101.0,1163.0,46.0,1.0,21.05,83.5,-2.0,14.1,14.5
149.611,22,101.0,1180.0,46.0,1.0,21.05,83.5,-2.0,14.1,14.5
149.701,22,101.0,1180.0,46.0,1.0,21.05,83.5,-2.0,14.1,14.5
149.761,22,101.0,1180.0,46.0,1.0,21.05,83.5,-2.0,14.1,14.5
149.85,22,101.0,1180.0,46.0,1.0,21.24,83.5,-2.0,14.1,14.5
149.911,22,101.0,1180.0,46.0,1.0,21.24,83.5,-2.0,14.1,14.5
150.0,22,101.0,1180.0,46.0,1.0,21.24,83.5,-2.0,14.1,14.5
150.061,22,101.0,1180.0,46.0,1.0,21.24,83.5,-2.0,14.1,14.5
150.15,22,101.0,1180.0,46.0,1.0,21.24,83.5,-2.0,14.1,14.5
150.211,22,101.0,1180.0,46.0,1.0,21.24,83.5,-2.0,14.1,14.5
150.3,22,103.0,1180.0,46.0,1.0,21.24,83.5,-2.0,14.1,14.5
150.361,22,103.0,1194.0,46.0,1.0,21.24,83.5,-2.0,14.1,14.5
150.45,22,103.0,1194.0,46.0,1.0,21.24,83.5,-2.0,14.1,14.5
150.511,22,103.0,1194.0,46.0,1.0,21.24,83.5,-2.0,14.1,14.5
150.6,22,103.0,1194.0,46.0,1.0,22.16,83.5,-2.0,14.1,14.5
150.661,22,103.0,1194.0,46.0,1.0,22.16,83.5,-2.0,14.1,14.5
150.75,22,103.0,1194.0,46.0,1.0,22.16,83.5,-2.0,14.1,14.5
150.811,22,103.0,1194.0,46.0,1.0,22.16,83.5,-2.0,14.1,14.5
150.9,22,103.0,1194.0,46.0,1.0,22.16,83.5,-2.0,14.1,14.5
150.961,22,103.0,1194.0,46.0,1.0,22.16,83.5,-2.0,14.1,14.5
151.05,22,105.0,1194.0,46.0,1.0,22.16,83.5,-2.0,14.1,14.5
151.111,22,105.0,1214.0,46.0,1.0,22.16,83.5,-2.0,14.1,14.5
151.2,22,105.0,1214.0,47.0,1.0,22.16,83.5,-2.0,14.1,14.5
151.261,22,105.0,1214.0,47.0,2.0,22.16,83.5,-2.0,14.1,14.5
151.35,22,105.0,1214.0,47.0,2.0,22.41,83.5,-2.0,14.1,14.5
151.411,22,105.0,1214.0,47.0,2.0,22.41,83.5,-2.0,14.1,14.5
151.5,22,105.0,1214.0,47.0,2.0,22.41,83.5,-2.0,14.1,14.5
151.561,22,105.0,1214.0,47.0,2.0,22.41,83.5,-2.0,14.5,14.5
151.65,22,105.0,1214.0,47.0,2.0,22.41,83.5,-2.0,14.5,14.5
151.711,22,105.0,1214.0,47.0,2.0,22.41,83.5,-2.0,14.5,14.5
151.8,22,105.0,1214.0,47.0,2.0,22.41,83.5,-2.0,14.5,14.5
151.861,22,105.0,1213.0,47.0,2.0,22.41,83.5,-2.0,14.5,14.5
151.951,22,105.0,1213.0,47.0,2.0,22.41,83.5,-2.0,14.5,14.5
152.011,22,105.0,1213.0,47.0,2.0,22.41,83.5,-2.0,14.5,14.5
152.1,22,105.0,1213.0,47.0,2.0,22.44,83.5,-2.0,14.5,14.5
152.161,22,105.0,1213.0,47.0,2.0,22.44,83.5,-2.0,14.5,14.5
152.25,22,105.0,1213.0,47.0,2.0,22.44,83.5,-2.0,14.5,14.5
152.311,22,105.0,1213.0,47.0,2.0,22.44,83.5,-2.0,14.1,14.5
152.401,22,105.0,1213.0,47.0,2.0,22.44,83.5,-2.0,14.1,14.5
152.521,22,105.0,1213.0,47.0,2.0,22.44,83.5,-2.0,14.1,14.5
152.61,22,106.0,1213.0,47.0,2.0,22.44,83.5,-2.0,14.1,14.5
152.7,22,106.0,1231.0,47.0,2.0,22.44,83.5,-2.0,14.1,14.5
152.761,22,106.0,1231.0,48.0,2.0,22.44,83.5,-2.0,14.1,14.5
152.85,22,106.0,1231.0,48.0,2.0,22.44,83.5,-2.0,14.1,14.5
152.912,22,106.0,1231.0,48.0,2.0,23.27,83.5,-2.0,14.1,14.5
153.0,22,106.0,1231.0,48.0,2.0,23.27,83.5,-2.0,14.1,14.5
153.061,22,106.0,1231.0,48.0,2.0,23.27,83.5,-2.0,14.1,14.5
153.151,22,106.0,1231.0,48.0,2.0,23.27,83.5,-2.0,14.1,14.5
153.211,22,106.0,1231.0,48.0,2.0,23.27,83.5,-2.0,14.1,14.5
153.301,22,106.0,1231.0,48.0,2.0,23.27,83.5,-2.0,14.1,14.5
153.361,22,106.0,1231.0,48.0,2.0,23.27,83.5,-2.0,14.1,14.5
153.45,22,106.0,1236.0,48.0,2.0,23.27,83.5,-2.0,14.1,14.5
153.511,22,106.0,1236.0,48.0,2.0,23.27,83.5,-2.0,14.1,14.5
153.601,22,106.0,1236.0,48.0,2.0,23.27,83.5,-2.0,14.1,14.5
153.661,22,106.0,1236.0,48.0,2.0,23.24,83.5,-2.0,14.1,14.5
153.75,22,106.0,1236.0,48.0,2.0,23.24,83.5,-2.0,14.1,14.5
153.811,22,106.0,1236.0,48.0,2.0,23.24,83.5,-2.0,14.1,14.5
153.9,22,106.0,1236.0,48.0,2.0,23.24,83.5,-2.0,14.5,14.5
153.961,22,106.0,1236.0,48.0,2.0,23.24,83.5,-2.0,14.5,14.5
154.05,22,106.0,1236.0,48.0,2.0,23.24,83.5,-2.0,14.5,14.5
154.111,22,106.0,1236.0,48.0,2.0,23.24,83.5,-2.0,14.5,14.5
154.2,22,106.0,1247.0,48.0,2.0,23.24,83.5,-2.0,14.5,14.5
154.262,22,106.0,1247.0,49.0,2.0,23.24,83.5,-2.0,14.5,14.5
154.35,22,106.0,1247.0,49.0,2.0,23.24,83.5,-2.0,14.5,14.5
154.411,22,106.0,1247.0,49.0,2.0,23.33,83.5,-2.0,14.5,14.5
154.5,22,106.0,1247.0,49.0,2.0,23.33,83.5,-2.0,14.5,14.5
154.561,22,106.0,1247.0,49.0,2.0,23.33,83.5,-2.0,14.5,14.5
154.65,22,106.0,1247.0,49.0,2.0,23.33,83.5,-2.0,14.5,14.5
154.711,22,106.0,1247.0,49.0,2.0,23.33,83.5,-2.0,14.5,14.5
154.8,23,106.0,1247.0,49.0,2.0,23.33,83.5,-2.0,14.5,14.5
154.861,23,106.0,1247.0,49.0,2.0,23.33,83.5,-2.0,14.5,14.5
154.95,23,106.0,1254.0,49.0,2.0,23.33,83.5,-2.0,14.5,14.5
155.011,23,106.0,1254.0,49.0,2.0,23.33,83.5,-2.0,14.5,14.5
155.1,23,106.0,1254.0,49.0,2.0,23.33,83.5,-2.0,14.5,14.5
155.161,23,106.0,1254.0,49.0,2.0,23.69,83.5,-2.0,14.5,14.5
155.25,23,106.0,1254.0,49.0,2.0,23.69,83.5,-2.0,14.5,14.5
155.311,23,106.0,1254.0,49.0,2.0,23.69,83.5,-2.0,14.5,14.5
155.4,23,106.0,1254.0,49.0,2.0,23.69,83.5,-2.0,14.5,14.5
155.461,23,106.0,1254.0,49.0,2.0,23.69,83.5,-2.0,14.5,14.5
155.55,23,106.0,1254.0,49.0,2.0,23.69,83.5,-2.0,14.5,14.5
155.611,23,106.0,1254.0,49.0,2.0,23.69,83.5,-2.0,14.5,14.5
155.7,23,106.0,1264.0,49.0,2.0,23.69,83.5,-2.0,14.5,14.5
155.761,23,106.0,1264.0,49.0,2.0,23.69,83.5,-2.0,14.5,14.5
155.85,23,106.0,1264.0,49.0,2.0,23.69,83.5,-2.0,14.5,14.5
155.911,23,106.0,1264.0,49.0,2.0,23.91,83.5,-2.0,14.5,14.5
156.0,23,106.0,1264.0,49.0,2.0,23.91,83.5,-2.0,14.5,14.5
156.062,23,106.0,1264.0,49.0,2.0,23.91,83.5,-2.0,14.5,14.5
156.15,23,106.0,1264.0,49.0,2.0,23.91,83.5,-2.0,14.1,14.5
156.211,23,106.0,1264.0,49.0,2.0,23.91,83.5,-2.0,14.1,14.5
156.3,23,106.0,1264.0,49.0,2.0,23.91,83.5,-2.0,14.1,14.5
156.361,23,106.0,1264.0,49.0,2.0,23.91,83.5,-2.0,14.1,14.5
156.45,23,106.0,1285.0,49.0,2.0,23.91,83.5,-2.0,14.1,14.5
156.511,23,106.0,1285.0,50.0,2.0,23.91,83.5,-2.0,14.1,14.5
156.6,23,106.0,1285.0,50.0,2.0,23.91,83.5,-2.0,14.1,14.5
156.661,23,106.0,1285.0,50.0,2.0,24.13,83.5,-2.0,14.1,14.5
156.75,23,106.0,1285.0,50.0,2.0,24.13,83.5,-2.0,14.1,14.5
156.811,23,106.0,1285.0,50.0,2.0,24.13,83.5,-2.0,14.1,14.5
156.901,23,106.0,1285.0,50.0,2.0,24.13,83.5,-2.0,14.1,14.5
156.961,23,106.0,1285.0,50.0,2.0,24.13,83.5,-2.0,14.1,14.5
157.05,23,106.0,1285.0,50.0,2.0,24.13,83.5,-2.0,14.1,14.5
157.111,23,106.0,1285.0,50.0,2.0,24.13,83.5,-2.0,14.1,14.5
157.2,23,106.0,1292.0,50.0,2.0,24.13,83.5,-2.0,14.1,14.5
157.261,23,106.0,1292.0,50.0,2.0,24.13,83.5,-2.0,14.1,14.5
157.35,23,106.0,1292.0,50.0,2.0,24.13,83.5,-2.0,14.1,14.5
157.411,23,106.0,1292.0,50.0,2.0,24.36,83.5,-2.0,14.1,14.5
157.5,23,106.0,1292.0,50.0,2.0,24.36,83.5,-2.0,14.1,14.5
157.561,23,106.0,1292.0,50.0,2.0,24.36,83.5,-2.0,14.1,14.5
157.65,23,106.0,1292.0,50.0,2.0,24.36,83.5,-2.0,14.1,14.5
157.711,23,106.0,1292.0,50.0,2.0,24.36,83.5,-2.0,14.1,14.5
157.8,23,106.0,1292.0,50.0,2.0,24.36,83.5,-2.0,14.1,14.5
157.861,23,106.0,1292.0,50.0,2.0,24.36,83.5,-2.0,14.1,14.5
157.95,23,106.0,1303.0,50.0,2.0,24.36,83.5,-2.0,14.1,14.5
158.011,23,106.0,1303.0,51.0,2.0,24.36,83.5,-2.0,14.1,14.5
158.1,23,106.0,1303.0,51.0,2.0,24.36,83.5,-2.0,14.1,14.5
158.161,23,106.0,1303.0,51.0,2.0,24.58,83.5,-2.0,14.1,14.5
158.25,23,106.0,1303.0,51.0,2.0,24.58,83.5,-2.0,14.1,14.5
158.311,23,106.0,1303.0,51.0,2.0,24.58,83.5,-2.0,14.1,14.5
158.4,23,106.0,1303.0,51.0,2.0,24.58,83.5,-2.0,14.1,14.5
158.461,23,106.0,1303.0,51.0,2.0,24.58,83.5,-2.0,14.1,14.5
158.55,23,106.0,1303.0,51.0,2.0,24.58,83.5,-2.0,14.1,14.5
158.611,23,106.0,1303.0,51.0,2.0,24.58,83.5,-2.0,14.1,14.5
158.7,23,106.0,1312.0,51.0,2.0,24.58,83.5,-2.0,14.1,14.5
158.761,23,106.0,1312.0,51.0,2.0,24.58,83.5,-2.0,14.1,14.5
158.85,23,106.0,1312.0,51.0,2.0,24.58,83.5,-2.0,14.1,14.5
158.911,23,106.0,1312.0,51.0,2.0,24.8,83.5,-2.0,14.1,14.5
159.0,23,106.0,1312.0,51.0,2.0,24.8,83.5,-2.0,14.1,14.5
159.061,23,106.0,1312.0,51.0,2.0,24.8,83.5,-2.0,14.1,14.5
159.15,23,106.0,1312.0,51.0,2.0,24.8,83.5,-2.0,14.5,14.5
159.211,23,106.0,1312.0,51.0,2.0,24.8,83.5,-2.0,14.5,14.5
159.3,23,106.0,1312.0,51.0,2.0,24.8,83.5,-2.0,14.5,14.5
159.361,23,107.0,1312.0,51.0,2.0,24.8,83.5,-2.0,14.5,14.5
159.45,23,107.0,1328.0,51.0,2.0,24.8,83.5,-2.0,14.5,14.5
159.511,23,107.0,1328.0,51.0,2.0,24.8,83.5,-2.0,14.5,14.5
159.6,23,107.0,1328.0,51.0,2.0,24.8,83.5,-2.0,14.5,14.5
159.661,23,107.0,1328.0,51.0,2.0,25.38,83.5,-2.0,14.5,14.5
159.75,23,107.0,1328.0,51.0,2.0,25.38,83.5,-2.0,14.5,14.5
159.811,23,107.0,1328.0,51.0,2.0,25.38,83.5,-2.0,14.5,14.5
159.936,23,107.0,1328.0,51.0,2.0,25.38,83.5,-2.0,14.1,14.5
160.02,23,107.0,1328.0,51.0,2.0,25.38,83.5,-2.0,14.1,14.5
160.11,23,107.0,1328.0,51.0,2.0,25.38,83.5,-2.0,14.1,14.5
160.202,23,107.0,1328.0,51.0,2.0,25.38,83.5,-2.0,14.1,14.5
160.263,23,107.0,1330.0,51.0,2.0,25.38,83.5,-2.0,14.1,14.5
160.351,23,107.0,1330.0,52.0,2.0,25.38,83.5,-2.0,14.1,14.5
160.414,23,107.0,1330.0,52.0,3.0,25.38,83.5,-2.0,14.1,14.5
160.501,23,107.0,1330.0,52.0,3.0,25.41,83.5,-2.0,14.1,14.5
160.565,23,107.0,1330.0,52.0,3.0,25.41,83.5,-2.0,14.1,14.5
160.651,23,107.0,1330.0,52.0,3.0,25.41,83.5,-2.0,14.1,14.5
160.712,23,107.0,1330.0,52.0,3.0,25.41,83.5,-2.0,14.1,14.5
160.801,23,107.0,1330.0,52.0,3.0,25.41,83.5,-2.0,14.1,14.5
160.865,23,107.0,1330.0,52.0,3.0,25.41,83.5,-2.0,14.1,14.5
160.951,23,107.0,1330.0,52.0,3.0,25.41,83.5,-2.0,14.1,14.5
161.011,23,107.0,1346.0,52.0,3.0,25.41,83.5,-2.0,14.1,14.5
161.101,23,107.0,1346.0,52.0,3.0,25.41,83.5,-2.0,14.1,14.5
161.162,23,107.0,1346.0,52.0,3.0,25.41,83.5,-2.0,14.1,14.5
161.251,23,107.0,1346.0,52.0,3.0,25.58,83.5,-2.0,14.1,14.5
161.313,23,107.0,1346.0,52.0,3.0,25.58,83.5,-2.0,14.1,14.5
161.432,23,107.0,1346.0,52.0,3.0,25.58,83.5,-2.0,14.1,14.5
161.522,23,107.0,1346.0,52.0,3.0,25.58,83.5,-2.0,14.1,14.5
161.611,23,107.0,1346.0,52.0,3.0,25.58,83.5,-2.0,14.1,14.5
161.701,23,107.0,1346.0,52.0,3.0,25.58,83.5,-2.0,14.1,14.5
161.763,23,107.0,1346.0,52.0,3.0,25.58,83.5,-2.0,14.1,14.5
161.852,23,107.0,1356.0,52.0,3.0,25.58,83.5,-2.0,14.1,14.5
161.915,23,107.0,1356.0,53.0,3.0,25.58,83.5,-2.0,14.1,14.5
162.0,23,107.0,1356.0,53.0,3.0,25.58,83.5,-2.0,14.1,14.5
162.061,23,107.0,1356.0,53.0,3.0,25.99,83.5,-2.0,14.1,14.5
162.15,23,107.0,1356.0,53.0,3.0,25.99,83.5,-2.0,14.1,14.5
162.211,23,107.0,1356.0,53.0,3.0,25.99,83.5,-2.0,14.1,14.5
162.3,23,107.0,1356.0,53.0,3.0,25.99,83.5,-2.0,14.1,14.5
162.361,23,107.0,1356.0,53.0,3.0,25.99,83.5,-2.0,14.1,14.5
162.45,23,107.0,1356.0,53.0,3.0,25.99,83.5,-2.0,14.1,14.5
162.511,23,107.0,1356.0,53.0,3.0,25.99,83.5,-2.0,14.1,14.5
162.602,23,107.0,1371.0,53.0,3.0,25.99,83.5,-2.0,14.1,14.5
162.691,23,107.0,1371.0,53.0,3.0,25.99,83.5,-2.0,14.1,14.5
162.751,23,107.0,1371.0,53.0,3.0,25.99,83.5,-2.0,14.1,14.5
162.87,23,107.0,1371.0,53.0,3.0,25.99,83.5,-2.0,14.1,14.5
162.962,23,107.0,1371.0,53.0,3.0,25.99,83.5,-2.0,14.1,14.5
163.051,23,107.0,1371.0,53.0,3.0,25.99,83.5,-2.0,14.1,14.5
163.141,23,107.0,1371.0,53.0,3.0,25.99,83.5,-2.0,14.1,14.5
163.203,23,107.0,1371.0,53.0,3.0,25.99,83.5,-2.0,14.1,14.5
163.291,23,107.0,1371.0,53.0,3.0,25.99,83.5,-2.0,14.1,14.5
163.353,23,108.0,1371.0,53.0,3.0,25.99,83.5,-2.0,14.1,14.5
163.445,23,108.0,1378.0,53.0,3.0,25.99,83.5,-2.0,14.1,14.5
163.503,23,108.0,1378.0,54.0,3.0,25.99,83.5,-2.0,14.1,14.5
163.591,23,108.0,1378.0,54.0,3.0,25.99,83.5,-2.0,14.1,14.5
163.653,23,108.0,1378.0,54.0,3.0,26.77,83.5,-2.0,14.1,14.5
163.742,23,108.0,1378.0,54.0,3.0,26.77,83.5,-2.0,14.1,14.5
163.806,23,108.0,1378.0,54.0,3.0,26.77,83.5,-2.0,14.1,14.5
163.891,23,108.0,1378.0,54.0,3.0,26.77,83.5,-2.0,14.1,14.5
163.954,23,108.0,1378.0,54.0,3.0,26.77,83.5,-2.0,14.1,14.5
164.041,24,108.0,1378.0,54.0,3.0,26.77,83.5,-2.0,14.1,14.5
164.102,24,108.0,1378.0,54.0,3.0,26.77,83.5,-2.0,14.1,14.5
164.192,24,108.0,1388.0,54.0,3.0,26.77,83.5,-2.0,14.1,14.5
164.281,24,108.0,1388.0,54.0,3.0,26.77,83.5,-2.0,14.1,14.5
164.37,24,108.0,1388.0,54.0,3.0,26.77,83.5,-2.0,14.1,14.5
164.46,24,108.0,1388.0,54.0,3.0,26.97,83.5,-2.0,14.1,14.5
164.55,24,108.0,1388.0,54.0,3.0,26.97,83.5,-2.0,14.1,14.5
164.642,24,108.0,1388.0,54.0,3.0,26.97,83.5,-2.0,14.1,14.5
164.732,24,108.0,1388.0,54.0,3.0,26.97,83.5,-2.0,14.1,14.5
164.821,24,108.0,1388.0,54.0,3.0,26.97,83.5,-2.0,14.1,14.5
164.911,24,108.0,1388.0,54.0,3.0,26.97,83.5,-2.0,14.1,14.5
165.0,24,108.0,1388.0,54.0,3.0,26.97,83.5,-2.0,14.1,14.5
165.091,24,108.0,1393.0,54.0,3.0,26.97,83.5,-2.0,14.1,14.5
165.181,24,108.0,1393.0,54.0,3.0,26.97,83.5,-2.0,14.1,14.5
165.301,24,108.0,1393.0,54.0,3.0,26.97,83.5,-2.0,14.1,14.5
165.363,24,108.0,1393.0,54.0,3.0,27.05,83.5,-2.0,14.1,14.5
165.451,24,108.0,1393.0,54.0,3.0,27.05,83.5,-2.0,14.1,14.5
165.542,24,108.0,1393.0,54.0,3.0,27.05,83.5,-2.0,14.1,14.5
165.631,24,108.0,1393.0,54.0,3.0,27.05,83.5,-2.0,14.1,14.5
165.762,24,108.0,1393.0,54.0,3.0,27.05,83.5,-2.0,14.1,14.5
165.84,24,108.0,1393.0,54.0,3.0,27.05,83.5,-2.0,14.1,14.5
165.93,24,108.0,1393.0,54.0,3.0,27.05,83.5,-2.0,14.1,14.5
166.02,24,108.0,1414.0,54.0,3.0,27.05,83.5,-2.0,14.1,14.5
166.11,24,108.0,1414.0,55.0,3.0,27.05,83.5,-2.0,14.1,14.5
166.2,24,108.0,1414.0,55.0,3.0,27.05,83.5,-2.0,14.1,14.5
166.291,24,108.0,1414.0,55.0,3.0,27.19,83.5,-2.0,14.1,14.5
166.38,24,108.0,1414.0,55.0,3.0,27.19,83.5,-2.0,14.1,14.5
166.471,24,108.0,1414.0,55.0,3.0,27.19,83.5,-2.0,14.1,14.5
166.561,24,108.0,1414.0,55.0,3.0,27.19,83.5,-2.0,14.1,14.5
166.651,24,108.0,1414.0,55.0,3.0,27.19,83.5,-2.0,14.1,14.5
166.741,24,108.0,1414.0,55.0,3.0,27.19,83.5,-2.0,14.1,14.5
166.831,24,108.0,1414.0,55.0,3.0,27.19,83.5,-2.0,14.1,14.5
166.921,24,108.0,1419.0,55.0,3.0,27.19,83.5,-2.0,14.1,14.5
167.01,24,108.0,1419.0,55.0,3.0,27.19,83.5,-2.0,14.1,14.5
167.101,24,108.0,1419.0,55.0,3.0,27.19,83.5,-2.0,14.1,14.5
167.192,24,108.0,1419.0,55.0,3.0,27.69,83.5,-2.0,14.1,14.5
167.283,24,108.0,1419.0,55.0,3.0,27.69,83.5,-2.0,14.1,14.5
167.371,24,108.0,1419.0,55.0,3.0,27.69,83.5,-2.0,14.1,14.5
167.461,24,108.0,1419.0,55.0,3.0,27.69,83.5,-2.0,14.1,14.5
167.551,24,108.0,1419.0,55.0,3.0,27.69,83.5,-2.0,14.1,14.5
167.641,24,108.0,1419.0,55.0,3.0,27.69,83.5,-2.0,14.1,14.5
167.733,24,109.0,1419.0,55.0,3.0,27.69,83.5,-2.0,14.1,14.5
167.851,24,109.0,1435.0,55.0,3.0,27.69,83.5,-2.0,14.1,14.5
167.942,24,109.0,1435.0,56.0,3.0,27.69,83.5,-2.0,14.1,14.5
168.031,24,109.0,1435.0,56.0,3.0,27.69,83.5,-2.0,14.1,14.5
168.121,24,109.0,1435.0,56.0,3.0,27.94,83.5,-2.0,14.1,14.5
168.211,24,109.0,1435.0,56.0,3.0,27.94,83.5,-2.0,14.1,14.5
168.303,24,109.0,1435.0,56.0,3.0,27.94,83.5,-2.0,14.1,14.5
168.393,24,109.0,1435.0,56.0,3.0,27.94,83.5,-2.0,14.1,14.5
168.484,24,109.0,1435.0,56.0,3.0,27.94,83.5,-2.0,14.1,14.5
168.571,24,109.0,1435.0,56.0,3.0,27.94,83.5,-2.0,14.1,14.5
168.661,24,109.0,1435.0,56.0,3.0,27.94,83.5,-2.0,14.1,14.5
168.75,24,109.0,1455.0,56.0,3.0,27.94,83.5,-2.0,14.1,14.5
168.84,24,109.0,1455.0,56.0,3.0,27.94,83.5,-2.0,14.1,14.5
168.931,24,109.0,1455.0,56.0,3.0,27.94,83.5,-2.0,14.1,14.5
169.02,24,109.0,1455.0,56.0,3.0,27.97,83.5,-2.0,14.1,14.5
169.11,24,109.0,1455.0,56.0,3.0,27.97,83.5,-2.0,14.1,14.5
169.203,24,109.0,1455.0,56.0,3.0,27.97,83.5,-2.0,14.1,14.5
169.291,24,109.0,1455.0,56.0,3.0,27.97,83.5,-2.0,14.1,14.5
169.384,24,109.0,1455.0,56.0,3.0,27.97,83.5,-2.0,14.1,14.5
169.473,24,109.0,1455.0,56.0,3.0,27.97,83.5,-2.0,14.1,14.5
169.563,24,109.0,1455.0,56.0,3.0,27.97,83.5,-2.0,14.1,14.5
169.651,24,109.0,1457.0,56.0,3.0,27.97,83.5,-2.0,14.1,14.5
169.743,24,109.0,1457.0,57.0,3.0,27.97,83.5,-2.0,14.1,14.5
169.833,24,109.0,1457.0,57.0,3.0,27.97,83.5,-2.0,14.1,14.5
169.926,24,109.0,1457.0,57.0,3.0,28.47,83.5,-2.0,14.1,14.5
170.01,24,109.0,1457.0,57.0,3.0,28.47,83.5,-2.0,14.1,14.5
170.101,24,109.0,1457.0,57.0,3.0,28.47,83.5,-2.0,14.1,14.5
170.191,24,109.0,1457.0,57.0,3.0,28.47,83.5,-2.0,14.1,14.5
170.281,24,109.0,1457.0,57.0,3.0,28.47,83.5,-2.0,14.1,14.5
170.371,24,109.0,1457.0,57.0,3.0,28.47,83.5,-2.0,14.1,14.5
170.461,24,109.0,1457.0,57.0,3.0,28.47,83.5,-2.0,14.1,14.5
170.551,24,109.0,1467.0,57.0,3.0,28.47,83.5,-2.0,14.1,14.5
170.644,24,109.0,1467.0,57.0,3.0,28.47,83.5,-2.0,14.1,14.5
170.731,24,109.0,1467.0,57.0,3.0,28.47,83.5,-2.0,14.1,14.5
170.822,24,109.0,1467.0,57.0,3.0,28.97,83.5,-2.0,14.1,14.5
170.912,24,109.0,1467.0,57.0,3.0,28.97,83.5,-2.0,14.1,14.5
171.0,24,109.0,1467.0,57.0,3.0,28.97,83.5,-2.0,14.1,14.5
171.091,24,109.0,1467.0,57.0,3.0,28.97,83.5,-2.0,14.1,14.5
171.182,24,109.0,1467.0,57.0,3.0,28.97,83.5,-2.0,14.1,14.5
171.271,24,109.0,1467.0,57.0,3.0,28.97,83.5,-2.0,14.1,14.5
171.361,24,110.0,1467.0,57.0,3.0,28.97,83.5,-2.0,14.1,14.5
171.451,24,110.0,1476.0,57.0,3.0,28.97,83.5,-2.0,14.1,14.5
171.543,24,110.0,1476.0,58.0,3.0,28.97,83.5,-2.0,14.1,14.5
171.631,24,110.0,1476.0,58.0,3.0,28.97,83.5,-2.0,14.1,14.5
171.722,24,110.0,1476.0,58.0,3.0,28.86,83.5,-2.0,14.1,14.5
171.811,24,110.0,1476.0,58.0,3.0,28.86,83.5,-2.0,14.1,14.5
171.903,24,110.0,1476.0,58.0,3.0,28.86,83.5,-2.0,14.1,14.5
171.99,24,110.0,1476.0,58.0,3.0,28.86,83.5,-2.0,14.1,14.5
172.082,24,110.0,1476.0,58.0,3.0,28.86,83.5,-2.0,14.1,14.5
172.171,24,110.0,1476.0,58.0,3.0,28.86,83.5,-2.0,14.1,14.5
172.261,24,110.0,1476.0,58.0,3.0,28.86,83.5,-2.0,14.1,14.5
172.353,24,110.0,1503.0,58.0,3.0,28.86,83.5,-2.0,14.1,14.5
172.445,24,110.0,1503.0,58.0,3.0,28.86,83.5,-2.0,14.1,14.5
172.531,24,110.0,1503.0,58.0,3.0,28.86,83.5,-2.0,14.1,14.5
172.621,24,110.0,1503.0,58.0,3.0,28.72,83.5,-2.0,14.1,14.5
172.711,24,110.0,1503.0,58.0,3.0,28.72,83.5,-2.0,14.1,14.5
172.801,24,110.0,1503.0,58.0,3.0,28.72,83.5,-2.0,14.1,14.5
172.892,24,110.0,1503.0,58.0,3.0,28.72,83.5,-2.0,14.1,14.5
172.982,24,110.0,1503.0,58.0,3.0,28.72,83.5,-2.0,14.1,14.5
173.071,24,110.0,1503.0,58.0,3.0,28.72,83.5,-2.0,14.1,14.5
173.161,24,110.0,1503.0,58.0,3.0,28.72,83.5,-2.0,14.1,14.5
173.251,24,110.0,1496.0,58.0,3.0,28.72,83.5,-2.0,14.1,14.5
173.343,24,110.0,1496.0,58.0,3.0,28.72,83.5,-2.0,14.1,14.5
173.432,24,110.0,1496.0,58.0,3.0,28.72,83.5,-2.0,14.1,14.5
173.521,24,110.0,1496.0,58.0,3.0,29.36,83.5,-2.0,14.1,14.5
173.611,24,110.0,1496.0,58.0,3.0,29.36,83.5,-2.0,14.1,14.5
173.704,24,110.0,1496.0,58.0,3.0,29.36,83.5,-2.0,14.1,14.5
173.793,24,110.0,1496.0,58.0,3.0,29.36,83.5,-2.0,14.1,14.5
173.884,24,110.0,1496.0,58.0,3.0,29.36,83.5,-2.0,14.1,14.1
173.971,24,110.0,1496.0,58.0,3.0,29.36,83.5,-2.0,14.1,14.1
174.062,24,110.0,1496.0,58.0,3.0,29.36,83.5,-2.0,14.1,14.1
174.151,24,110.0,1506.0,58.0,3.0,29.36,83.5,-2.0,14.1,14.1
174.242,24,110.0,1506.0,59.0,3.0,29.36,83.5,-2.0,14.1,14.1
174.331,24,110.0,1506.0,59.0,3.0,29.36,83.5,-2.0,14.1,14.1
174.421,24,110.0,1506.0,59.0,3.0,27.86,83.5,-2.0,14.1,14.1
174.511,24,110.0,1506.0,59.0,3.0,27.86,83.5,-2.0,14.1,14.1
174.603,24,110.0,1506.0,59.0,3.0,27.86,83.5,-2.0,14.1,14.1
174.693,24,110.0,1506.0,59.0,3.0,27.86,83.5,-2.0,14.5,14.1
174.783,24,110.0,1506.0,59.0,3.0,27.86,83.5,-2.0,14.5,14.5
174.871,25,110.0,1506.0,59.0,3.0,27.86,83.5,-2.0,14.5,14.5
174.96,25,109.0,1506.0,59.0,3.0,27.86,83.5,-2.0,14.5,14.5
175.05,25,109.0,1044.0,59.0,3.0,27.86,83.5,-2.0,14.5,14.5
175.141,25,109.0,1044.0,60.0,3.0,27.86,83.5,-2.0,14.5,14.5
175.233,25,109.0,1044.0,60.0,2.0,27.86,83.5,-2.0,14.5,14.5
175.322,25,109.0,1044.0,60.0,2.0,19.36,83.5,-2.0,14.5,14.5
175.41,25,109.0,1044.0,60.0,2.0,19.36,83.5,-2.0,14.5,14.5
175.501,25,109.0,1044.0,60.0,2.0,19.36,83.5,-2.0,14.5,14.5
175.591,25,109.0,1044.0,60.0,2.0,19.36,83.5,-2.0,14.1,14.5
175.681,25,109.0,1044.0,60.0,2.0,19.36,83.5,-2.0,14.1,14.5
175.771,25,109.0,1044.0,60.0,2.0,19.36,83.5,-2.0,14.1,14.5
175.862,25,101.0,1044.0,60.0,2.0,19.36,83.5,-2.0,14.1,14.5
175.953,25,101.0,1710.0,60.0,2.0,19.36,83.5,-2.0,14.1,14.5
176.04,25,101.0,1710.0,57.0,2.0,19.36,83.5,-2.0,14.1,14.5
176.131,25,101.0,1710.0,57.0,1.0,19.36,83.5,-2.0,14.1,14.5
176.224,25,101.0,1710.0,57.0,1.0,35.3,83.5,-2.0,14.1,14.5
176.311,25,101.0,1710.0,57.0,1.0,35.3,83.5,-2.0,14.1,14.5
176.401,25,101.0,1710.0,57.0,1.0,35.3,83.5,-2.0,14.1,14.5
176.493,25,101.0,1710.0,57.0,1.0,35.3,83.5,-2.0,14.1,14.5
176.582,25,101.0,1710.0,57.0,1.0,35.3,83.5,-2.0,14.1,14.5
176.671,25,101.0,1710.0,57.0,1.0,35.3,83.5,-2.0,14.1,14.5
176.761,25,105.0,1710.0,57.0,1.0,35.3,83.5,-2.0,14.1,14.5
176.851,25,105.0,2011.0,57.0,1.0,35.3,83.5,-2.0,14.1,14.5
176.948,25,105.0,2011.0,54.0,1.0,35.3,83.5,-2.0,14.1,14.5
177.031,25,105.0,2011.0,54.0,3.0,35.3,83.5,-2.0,14.1,14.5
177.122,25,105.0,2011.0,54.0,3.0,39.88,83.5,-2.0,14.1,14.5
177.211,25,105.0,2011.0,54.0,3.0,39.88,83.5,-2.0,14.1,14.5
177.305,25,105.0,2011.0,54.0,3.0,39.88,83.5,-2.0,14.1,14.5
177.391,25,105.0,2011.0,54.0,3.0,39.88,83.5,-2.0,14.1,14.5
177.482,25,105.0,2011.0,54.0,3.0,39.88,83.5,-2.0,14.1,14.5
177.571,25,105.0,2011.0,54.0,3.0,39.88,83.5,-2.0,14.1,14.5
177.661,25,116.0,2011.0,54.0,3.0,39.88,83.5,-2.0,14.1,14.5
177.751,25,116.0,1905.0,54.0,3.0,39.88,83.5,-2.0,14.1,14.5
177.871,25,116.0,1905.0,51.0,3.0,39.88,83.5,-2.0,14.1,14.5
177.96,25,116.0,1905.0,51.0,4.0,39.88,83.5,-2.0,14.1,14.5
178.05,25,116.0,1905.0,51.0,4.0,38.69,83.5,-2.0,14.1,14.5
178.14,25,116.0,1905.0,51.0,4.0,38.69,83.5,-2.0,14.1,14.5
178.23,25,116.0,1905.0,51.0,4.0,38.69,83.5,-2.0,14.1,14.5
178.32,25,116.0,1905.0,51.0,4.0,38.69,83.5,-2.0,14.1,14.5
178.41,25,116.0,1905.0,51.0,4.0,38.69,83.5,-2.0,14.1,14.5
178.5,25,116.0,1905.0,51.0,4.0,38.69,83.5,-2.0,14.1,14.5
178.591,25,117.0,1905.0,51.0,4.0,38.69,83.5,-2.0,14.1,14.5
178.681,25,117.0,1748.0,51.0,4.0,38.69,83.5,-2.0,14.1,14.5
178.772,25,117.0,1748.0,46.0,4.0,38.69,83.5,-2.0,14.1,14.5
178.862,25,117.0,1748.0,46.0,4.0,38.69,83.5,-2.0,14.1,14.5
178.95,25,117.0,1748.0,46.0,4.0,35.16,83.5,-2.0,14.1,14.5
179.04,25,117.0,1748.0,46.0,4.0,35.16,83.5,-2.0,14.1,14.5
179.131,25,117.0,1748.0,46.0,4.0,35.16,83.5,-2.0,14.1,14.5
179.221,25,117.0,1748.0,46.0,4.0,35.16,83.5,-2.0,14.1,14.5
179.311,25,117.0,1748.0,46.0,4.0,35.16,83.5,-2.0,14.1,14.5
179.401,25,117.0,1748.0,46.0,4.0,35.16,83.5,-2.0,14.1,14.5
179.492,25,116.0,1748.0,46.0,4.0,35.16,83.5,-2.0,14.1,14.5
179.581,25,116.0,1593.0,46.0,4.0,35.16,83.5,-2.0,14.1,14.5
179.673,25,116.0,1593.0,43.0,4.0,35.16,83.5,-2.0,14.1,14.5
179.761,25,116.0,1593.0,43.0,3.0,35.16,83.5,-2.0,14.1,14.5
179.85,25,116.0,1593.0,43.0,3.0,32.19,83.5,-2.0,14.1,14.5
179.94,25,116.0,1593.0,43.0,3.0,32.19,83.5,-2.0,14.1,14.5
180.032,25,116.0,1593.0,43.0,3.0,32.19,83.5,-2.0,14.1,14.5
180.12,25,116.0,1593.0,43.0,3.0,32.19,83.5,-2.0,14.1,14.5
180.211,25,116.0,1593.0,43.0,3.0,32.19,83.5,-2.0,14.1,14.5
180.301,25,116.0,1593.0,43.0,3.0,32.19,83.5,-2.0,14.1,14.5
180.391,25,113.0,1593.0,43.0,3.0,32.19,83.5,-2.0,14.1,14.5
180.481,25,113.0,1487.0,43.0,3.0,32.19,83.5,-2.0,14.1,14.5
180.571,25,113.0,1487.0,40.0,3.0,32.19,83.5,-2.0,14.1,14.5
180.661,25,113.0,1487.0,40.0,3.0,32.19,83.5,-2.0,14.1,14.5
180.751,25,113.0,1487.0,40.0,3.0,29.19,83.5,-2.0,14.1,14.5
180.841,25,113.0,1487.0,40.0,3.0,29.19,83.5,-2.0,14.1,14.5
180.93,25,113.0,1487.0,40.0,3.0,29.19,83.5,-2.0,14.1,14.5
181.02,25,113.0,1487.0,40.0,3.0,29.19,83.5,-2.0,18.0,14.5
181.111,25,113.0,1487.0,40.0,3.0,29.19,83.5,-2.0,18.0,20.8
181.202,25,113.0,1487.0,40.0,3.0,29.19,83.5,-2.0,18.0,20.8
181.291,25,111.0,1487.0,40.0,3.0,29.19,83.5,-2.0,18.0,20.8
181.381,25,111.0,1485.0,40.0,3.0,29.19,83.5,-2.0,18.0,20.8
181.472,25,111.0,1485.0,39.0,3.0,29.19,83.5,-2.0,18.0,20.8
181.561,25,111.0,1485.0,39.0,2.0,29.19,83.5,-2.0,18.0,20.8
181.651,25,111.0,1485.0,39.0,2.0,28.24,83.5,-2.0,18.0,20.8
181.742,25,111.0,1485.0,39.0,2.0,28.24,83.5,-2.0,18.0,20.8
181.831,25,111.0,1485.0,39.0,2.0,28.24,83.5,-2.0,18.0,20.8
181.921,25,111.0,1485.0,39.0,2.0,28.24,83.5,-2.0,32.5,20.8
182.01,25,111.0,1485.0,39.0,2.0,28.24,83.5,-2.0,32.5,33.3
182.101,25,111.0,1485.0,39.0,2.0,28.24,83.5,-2.0,32.5,33.3
182.191,25,104.0,1485.0,39.0,2.0,28.24,83.5,-2.0,32.5,33.3
182.281,25,104.0,1530.0,39.0,2.0,28.24,83.5,-2.0,32.5,33.3
182.371,25,104.0,1530.0,41.0,2.0,28.24,83.5,-2.0,32.5,33.3
182.463,25,104.0,1530.0,41.0,2.0,28.24,83.5,-2.0,32.5,33.3
182.551,25,104.0,1530.0,41.0,2.0,29.49,83.5,-2.0,32.5,33.3
182.641,25,104.0,1530.0,41.0,2.0,29.49,83.5,-2.0,32.5,33.3
182.731,25,104.0,1530.0,41.0,2.0,29.49,83.5,-2.0,32.5,33.3
182.881,25,104.0,1530.0,41.0,2.0,29.49,83.5,-2.0,34.9,33.3
182.974,25,104.0,1530.0,41.0,2.0,29.49,83.5,-2.0,34.9,35.3
183.061,25,104.0,1530.0,41.0,2.0,29.49,83.5,-2.0,34.9,35.3
183.151,25,108.0,1530.0,41.0,2.0,29.49,83.5,-2.0,34.9,35.3
183.241,25,108.0,1639.0,41.0,2.0,29.49,83.5,-2.0,34.9,35.3
183.331,25,108.0,1639.0,44.0,2.0,29.49,83.5,-2.0,34.9,35.3
183.424,25,108.0,1639.0,44.0,2.0,29.49,83.5,-2.0,34.9,35.3
183.512,25,108.0,1639.0,44.0,2.0,33.69,83.5,-2.0,34.9,35.3
183.602,25,108.0,1639.0,44.0,2.0,33.69,83.5,-2.0,34.9,35.3
183.692,25,108.0,1639.0,44.0,2.0,33.69,83.5,-2.0,34.9,35.3
183.782,25,108.0,1639.0,44.0,2.0,33.69,83.5,-2.0,35.3,35.3
183.875,25,108.0,1639.0,44.0,2.0,33.69,83.5,-2.0,35.3,35.7
183.961,25,108.0,1639.0,44.0,2.0,33.69,83.5,-2.0,35.3,35.7
184.05,25,116.0,1639.0,44.0,2.0,33.69,83.5,-2.0,35.3,35.7
184.141,25,116.0,1733.0,44.0,2.0,33.69,83.5,-2.0,35.3,35.7
184.231,25,116.0,1733.0,47.0,2.0,33.69,83.5,-2.0,35.3,35.7
184.321,25,116.0,1733.0,47.0,3.0,33.69,83.5,-2.0,35.3,35.7
184.411,25,116.0,1733.0,47.0,3.0,32.47,83.5,-2.0,35.3,35.7
184.501,25,116.0,1733.0,47.0,3.0,32.47,83.5,-2.0,35.3,35.7
184.592,25,116.0,1733.0,47.0,3.0,32.47,83.5,-2.0,35.3,35.7
184.681,25,116.0,1733.0,47.0,3.0,32.47,83.5,-2.0,17.6,35.7
184.773,25,116.0,1733.0,47.0,3.0,32.47,83.5,-2.0,17.6,26.7
184.861,25,116.0,1733.0,47.0,3.0,32.47,83.5,-2.0,17.6,26.7
184.951,25,112.0,1733.0,47.0,3.0,32.47,83.5,-2.0,17.6,26.7
185.04,25,112.0,1265.0,47.0,3.0,32.47,83.5,-2.0,17.6,26.7
185.161,25,112.0,1265.0,49.0,3.0,32.47,83.5,-2.0,17.6,26.7
185.251,25,112.0,1265.0,49.0,2.0,32.47,83.5,-2.0,17.6,26.7
185.341,25,112.0,1265.0,49.0,2.0,25.11,83.5,-2.0,17.6,26.7
185.431,25,112.0,1265.0,49.0,2.0,25.11,83.5,-2.0,17.6,26.7
185.521,25,112.0,1265.0,49.0,2.0,25.11,83.5,-2.0,17.6,26.7
185.611,25,112.0,1265.0,49.0,2.0,25.11,83.5,-2.0,30.2,26.7
185.702,25,112.0,1265.0,49.0,2.0,25.11,83.5,-2.0,30.2,30.2
185.791,25,112.0,1265.0,49.0,2.0,25.11,83.5,-2.0,30.2,30.2
185.882,25,111.0,1265.0,49.0,2.0,25.11,83.5,-2.0,30.2,30.2
185.97,25,111.0,1319.0,49.0,2.0,25.11,83.5,-2.0,30.2,30.2
186.06,25,111.0,1319.0,51.0,2.0,25.11,83.5,-2.0,30.2,30.2
186.151,25,111.0,1319.0,51.0,1.0,25.11,83.5,-2.0,30.2,30.2
186.241,25,111.0,1319.0,51.0,1.0,23.99,83.5,-2.0,30.2,30.2
186.331,25,111.0,1319.0,51.0,1.0,23.99,83.5,-2.0,30.2,30.2
186.421,25,111.0,1319.0,51.0,1.0,23.99,83.5,-2.0,30.2,30.2
186.511,25,111.0,1319.0,51.0,1.0,23.99,83.5,-2.0,14.1,30.2
186.601,25,111.0,1319.0,51.0,1.0,23.99,83.5,-2.0,14.1,14.5
186.691,25,111.0,1319.0,51.0,1.0,23.99,83.5,-2.0,14.1,14.5
186.781,25,105.0,1319.0,51.0,1.0,23.99,83.5,-2.0,14.1,14.5
186.931,25,105.0,1246.0,51.0,1.0,23.99,83.5,-2.0,14.1,14.5
187.02,25,105.0,1246.0,52.0,1.0,23.99,83.5,-2.0,14.1,14.5
187.11,25,105.0,1246.0,52.0,1.0,23.99,83.5,-2.0,14.1,14.5
187.2,25,105.0,1246.0,52.0,1.0,21.8,83.5,-2.0,14.1,14.5
187.292,25,105.0,1246.0,52.0,1.0,21.8,83.5,-2.0,14.1,14.5
187.381,25,105.0,1246.0,52.0,1.0,21.8,83.5,-2.0,14.1,14.5
187.471,25,105.0,1246.0,52.0,1.0,21.8,83.5,-2.0,14.1,14.5
187.563,25,105.0,1246.0,52.0,1.0,21.8,83.5,-2.0,14.1,14.5
187.651,25,105.0,1246.0,52.0,1.0,21.8,83.5,-2.0,14.1,14.5
187.741,25,108.0,1246.0,52.0,1.0,21.8,83.5,-2.0,14.1,14.5
187.863,25,108.0,1315.0,52.0,1.0,21.8,83.5,-2.0,14.1,14.5
187.951,25,108.0,1315.0,53.0,1.0,21.8,83.5,-2.0,14.1,14.5
188.04,25,108.0,1315.0,53.0,1.0,21.8,83.5,-2.0,14.1,14.5
188.131,25,108.0,1315.0,53.0,1.0,29.16,83.5,-2.0,14.1,14.5
188.221,25,108.0,1315.0,53.0,1.0,29.16,83.5,-2.0,14.1,14.5
188.312,25,108.0,1315.0,53.0,1.0,29.16,83.5,-2.0,14.1,14.5
188.401,25,108.0,1315.0,53.0,1.0,29.16,83.5,-2.0,14.1,14.5
188.491,25,108.0,1315.0,53.0,1.0,29.16,83.5,-2.0,14.1,14.5
188.581,25,108.0,1315.0,53.0,1.0,29.16,83.5,-2.0,14.1,14.5
188.671,25,101.0,1315.0,53.0,1.0,29.16,83.5,-2.0,14.1,14.5
188.761,25,101.0,1692.0,53.0,1.0,29.16,83.5,-2.0,14.1,14.5
188.852,25,101.0,1692.0,53.0,1.0,29.16,83.5,-2.0,14.1,14.5
188.941,25,101.0,1692.0,53.0,1.0,29.16,83.5,-2.0,14.1,14.5
189.03,25,101.0,1692.0,53.0,1.0,25.02,83.5,-2.0,14.1,14.5
189.121,25,101.0,1692.0,53.0,1.0,25.02,83.5,-2.0,14.1,14.5
189.212,25,101.0,1692.0,53.0,1.0,25.02,83.5,-2.0,14.1,14.5
189.302,25,101.0,1692.0,53.0,1.0,25.02,83.5,-2.0,14.5,14.5
189.391,25,101.0,1692.0,53.0,1.0,25.02,83.5,-2.0,14.5,14.5
189.481,25,101.0,1692.0,53.0,1.0,25.02,83.5,-2.0,14.5,14.5
189.571,25,109.0,1692.0,53.0,1.0,25.02,83.5,-2.0,14.5,14.5
189.661,25,109.0,1059.0,53.0,1.0,25.02,83.5,-2.0,14.5,14.5
189.751,25,109.0,1059.0,50.0,1.0,25.02,83.5,-2.0,14.5,14.5
189.842,25,109.0,1059.0,50.0,3.0,25.02,83.5,-2.0,14.5,14.5
189.931,25,109.0,1059.0,50.0,3.0,22.22,83.5,-2.0,14.5,14.5
190.02,25,109.0,1059.0,50.0,3.0,22.22,83.5,-2.0,14.5,14.5
190.111,25,109.0,1059.0,50.0,3.0,22.22,83.5,-2.0,14.5,14.5
190.202,25,109.0,1059.0,50.0,3.0,22.22,83.5,-2.0,14.1,14.5
190.291,25,109.0,1059.0,50.0,3.0,22.22,83.5,-2.0,14.1,14.5
190.381,25,109.0,1059.0,50.0,3.0,22.22,83.5,-2.0,14.1,14.5
190.47,25,100.0,1059.0,50.0,3.0,22.22,83.5,-2.0,14.1,14.5
190.563,25,100.0,1487.0,50.0,3.0,22.22,83.5,-2.0,14.1,14.5
190.651,25,100.0,1487.0,45.0,3.0,22.22,83.5,-2.0,14.1,14.5
190.742,25,100.0,1487.0,45.0,0.0,22.22,83.5,-2.0,14.1,14.5
190.831,25,100.0,1487.0,45.0,0.0,28.52,83.5,-2.0,14.1,14.5
190.921,25,100.0,1487.0,45.0,0.0,28.52,83.5,-2.0,14.1,14.5
191.01,25,100.0,1487.0,45.0,0.0,28.52,83.5,-2.0,14.1,14.5
191.1,25,100.0,1487.0,45.0,0.0,28.52,83.5,-2.0,14.5,14.5
191.191,25,100.0,1487.0,45.0,0.0,28.52,83.5,-2.0,14.5,14.5
191.281,25,100.0,1487.0,45.0,0.0,28.52,83.5,-2.0,14.5,14.5
191.371,25,106.0,1487.0,45.0,0.0,28.52,83.5,-2.0,14.5,14.5
191.461,25,106.0,2044.0,45.0,0.0,28.52,83.5,-2.0,14.5,14.5
191.551,25,106.0,2044.0,38.0,0.0,28.52,83.5,-2.0,14.5,14.5
191.641,25,106.0,2044.0,38.0,3.0,28.52,83.5,-2.0,14.5,14.5
191.731,25,106.0,2044.0,38.0,3.0,42.3,83.5,-2.0,14.5,14.5
191.82,25,106.0,2044.0,38.0,3.0,42.3,83.5,-2.0,14.5,14.5
191.911,25,106.0,2044.0,38.0,3.0,42.3,83.5,-2.0,14.5,14.5
192.0,25,106.0,2044.0,38.0,3.0,42.3,83.5,-2.0,14.1,14.5
192.09,25,106.0,2044.0,38.0,3.0,42.3,83.5,-2.0,14.1,14.1
192.18,26,106.0,2044.0,38.0,3.0,42.3,83.5,-2.0,14.1,14.1
192.271,26,119.0,2044.0,38.0,3.0,42.3,83.5,-2.0,14.1,14.1
192.361,26,119.0,1908.0,38.0,3.0,42.3,83.5,-2.0,14.1,14.1
192.451,26,119.0,1908.0,33.0,3.0,42.3,83.5,-2.0,14.1,14.1
192.541,26,119.0,1908.0,33.0,4.0,42.3,83.5,-2.0,14.1,14.1
192.631,26,119.0,1908.0,33.0,4.0,39.36,83.5,-2.0,14.1,14.1
192.722,26,119.0,1908.0,33.0,4.0,39.36,83.5,-2.0,14.1,14.1
192.811,26,119.0,1908.0,33.0,4.0,39.36,83.5,-2.0,14.1,14.1
192.932,26,119.0,1908.0,33.0,4.0,39.36,83.5,-2.0,14.1,14.1
193.021,26,119.0,1908.0,33.0,4.0,39.36,83.5,-2.0,14.1,14.5
193.111,26,119.0,1908.0,33.0,4.0,39.36,83.5,-2.0,14.1,14.5
193.201,26,119.0,1908.0,33.0,4.0,39.36,83.5,-2.0,14.1,14.5
193.291,26,119.0,1670.0,33.0,4.0,39.36,83.5,-2.0,14.1,14.5
193.381,26,119.0,1670.0,28.0,4.0,39.36,83.5,-2.0,14.1,14.5
193.471,26,119.0,1670.0,28.0,3.0,39.36,83.5,-2.0,14.1,14.5
193.562,26,119.0,1670.0,28.0,3.0,33.63,83.5,-2.0,14.1,14.5
193.651,26,119.0,1670.0,28.0,3.0,33.63,83.5,-2.0,14.1,14.5
193.741,26,119.0,1670.0,28.0,3.0,33.63,83.5,-2.0,14.1,14.5
193.832,26,119.0,1670.0,28.0,3.0,33.63,83.5,-2.0,14.1,14.5
193.921,26,119.0,1670.0,28.0,3.0,33.63,83.5,-2.0,14.1,15.3
194.011,26,119.0,1670.0,28.0,3.0,33.63,83.5,-2.0,14.1,15.3
194.101,26,115.0,1670.0,28.0,3.0,33.63,83.5,-2.0,14.1,15.3
194.191,26,115.0,1497.0,28.0,3.0,33.63,83.5,-2.0,14.1,15.3
194.28,26,115.0,1497.0,25.0,3.0,33.63,83.5,-2.0,14.1,15.3
194.371,26,115.0,1497.0,25.0,2.0,33.63,83.5,-2.0,14.1,15.3
194.461,26,115.0,1497.0,25.0,2.0,28.49,83.5,-2.0,14.1,15.3
194.551,26,115.0,1497.0,25.0,2.0,28.49,83.5,-2.0,14.1,15.3
194.64,26,115.0,1497.0,25.0,2.0,28.49,83.5,-2.0,14.1,15.3
194.731,26,115.0,1497.0,25.0,2.0,28.49,83.5,-2.0,27.5,15.3
194.821,26,115.0,1497.0,25.0,2.0,28.49,83.5,-2.0,27.5,28.2
194.91,26,115.0,1497.0,25.0,2.0,28.49,83.5,-2.0,27.5,28.2
195.0,26,102.0,1497.0,25.0,2.0,28.49,83.5,-2.0,27.5,28.2
195.091,26,102.0,1470.0,25.0,2.0,28.49,83.5,-2.0,27.5,28.2
195.181,26,102.0,1470.0,25.0,2.0,28.49,83.5,-2.0,27.5,28.2
195.271,26,102.0,1470.0,25.0,2.0,28.49,83.5,-2.0,27.5,28.2
195.361,26,102.0,1470.0,25.0,2.0,26.52,83.5,-2.0,27.5,28.2
195.452,26,102.0,1470.0,25.0,2.0,26.52,83.5,-2.0,27.5,28.2
195.541,26,102.0,1470.0,25.0,2.0,26.52,83.5,-2.0,27.5,28.2
195.632,26,102.0,1470.0,25.0,2.0,26.52,83.5,-2.0,31.0,28.2
195.721,26,102.0,1470.0,25.0,2.0,26.52,83.5,-2.0,31.0,31.4
195.811,26,102.0,1470.0,25.0,2.0,26.52,83.5,-2.0,31.0,31.4
195.901,26,101.0,1470.0,25.0,2.0,26.52,83.5,-2.0,31.0,31.4
195.99,26,101.0,1468.0,25.0,2.0,26.52,83.5,-2.0,31.0,31.4
196.08,26,101.0,1468.0,25.0,2.0,26.52,83.5,-2.0,31.0,31.4
196.171,26,101.0,1468.0,25.0,2.0,26.52,83.5,-2.0,31.0,31.4
196.261,26,101.0,1468.0,25.0,2.0,27.3,83.5,-2.0,31.0,31.4
196.351,26,101.0,1468.0,25.0,2.0,27.3,83.5,-2.0,31.0,31.4
196.441,26,101.0,1468.0,25.0,2.0,27.3,83.5,-2.0,31.0,31.4
196.532,26,101.0,1468.0,25.0,2.0,27.3,83.5,-2.0,31.8,31.4
196.622,26,101.0,1468.0,25.0,2.0,27.3,83.5,-2.0,31.8,31.8
196.711,26,101.0,1468.0,25.0,2.0,27.3,83.5,-2.0,31.8,31.8
196.801,26,104.0,1468.0,25.0,2.0,27.3,83.5,-2.0,31.8,31.8
196.892,26,104.0,1509.0,25.0,2.0,27.3,83.5,-2.0,31.8,31.8
196.981,26,104.0,1509.0,26.0,2.0,27.3,83.5,-2.0,31.8,31.8
197.07,26,104.0,1509.0,26.0,2.0,27.3,83.5,-2.0,31.8,31.8
197.16,26,104.0,1509.0,26.0,2.0,28.3,83.5,-2.0,31.8,31.8
197.251,26,104.0,1509.0,26.0,2.0,28.3,83.5,-2.0,31.8,31.8
197.341,26,104.0,1509.0,26.0,2.0,28.3,83.5,-2.0,31.8,31.8
197.431,26,104.0,1509.0,26.0,2.0,28.3,83.5,-2.0,31.0,31.8
197.522,26,104.0,1509.0,26.0,2.0,28.3,83.5,-2.0,31.0,30.6
197.611,26,104.0,1509.0,26.0,2.0,28.3,83.5,-2.0,31.0,30.6
197.701,26,105.0,1509.0,26.0,2.0,28.3,83.5,-2.0,31.0,30.6
197.791,26,105.0,1528.0,26.0,2.0,28.3,83.5,-2.0,31.0,30.6
197.881,26,105.0,1528.0,26.0,2.0,28.3,83.5,-2.0,31.0,30.6
197.971,26,105.0,1528.0,26.0,2.0,28.3,83.5,-2.0,31.0,30.6
198.061,26,105.0,1528.0,26.0,2.0,28.69,83.5,-2.0,31.0,30.6
198.151,26,105.0,1528.0,26.0,2.0,28.69,83.5,-2.0,31.0,30.6
198.241,26,105.0,1528.0,26.0,2.0,28.69,83.5,-2.0,31.0,30.6
198.33,26,105.0,1528.0,26.0,2.0,28.69,83.5,-2.0,28.2,30.6
198.421,26,105.0,1528.0,26.0,2.0,28.69,83.5,-2.0,28.2,28.6
198.511,26,105.0,1528.0,26.0,2.0,28.69,83.5,-2.0,28.2,28.6
198.601,26,103.0,1528.0,26.0,2.0,28.69,83.5,-2.0,28.2,28.6
198.691,26,103.0,1530.0,26.0,2.0,28.69,83.5,-2.0,28.2,28.6
198.781,26,103.0,1530.0,26.0,2.0,28.69,83.5,-2.0,28.2,28.6
198.871,26,103.0,1530.0,26.0,2.0,28.69,83.5,-2.0,28.2,28.6
198.96,26,103.0,1530.0,26.0,2.0,28.22,83.5,-2.0,28.2,28.6
199.05,26,103.0,1530.0,26.0,2.0,28.22,83.5,-2.0,28.2,28.6
199.141,26,103.0,1530.0,26.0,2.0,28.22,83.5,-2.0,28.2,28.6
199.231,26,103.0,1530.0,26.0,2.0,28.22,83.5,-2.0,36.5,28.6
199.321,26,103.0,1530.0,26.0,2.0,28.22,83.5,-2.0,36.5,36.9
199.411,26,103.0,1530.0,26.0,2.0,28.22,83.5,-2.0,36.5,36.9
199.501,26,109.0,1530.0,26.0,2.0,28.22,83.5,-2.0,36.5,36.9
199.59,26,109.0,1578.0,26.0,2.0,28.22,83.5,-2.0,36.5,36.9
199.681,26,109.0,1578.0,27.0,2.0,28.22,83.5,-2.0,36.5,36.9
199.771,26,109.0,1578.0,27.0,2.0,28.22,83.5,-2.0,36.5,36.9
199.861,26,109.0,1578.0,27.0,2.0,33.88,83.5,-2.0,36.5,36.9
199.95,26,109.0,1578.0,27.0,2.0,33.88,83.5,-2.0,36.5,36.9
200.04,26,109.0,1578.0,27.0,2.0,33.88,83.5,-2.0,36.5,36.9
200.131,26,109.0,1578.0,27.0,2.0,33.88,83.5,-2.0,46.3,36.9
200.222,26,109.0,1578.0,27.0,2.0,33.88,83.5,-2.0,46.3,49.0
200.311,26,109.0,1578.0,27.0,2.0,33.88,83.5,-2.0,46.3,49.0
200.401,26,137.0,1578.0,27.0,2.0,33.88,83.5,-2.0,46.3,49.0
200.491,26,137.0,1778.0,27.0,2.0,33.88,83.5,-2.0,46.3,49.0
200.582,26,137.0,1778.0,31.0,2.0,33.88,83.5,-2.0,46.3,49.0
200.67,26,137.0,1778.0,31.0,2.0,33.88,83.5,-2.0,46.3,49.0
200.761,26,137.0,1778.0,31.0,2.0,53.88,83.5,-2.0,46.3,49.0
200.851,26,137.0,1778.0,31.0,2.0,53.88,83.5,-2.0,46.3,49.0
200.941,26,137.0,1778.0,31.0,2.0,53.88,83.5,-2.0,46.3,49.0
201.03,26,137.0,1778.0,31.0,2.0,53.88,83.5,-2.0,36.1,49.0
201.121,26,137.0,1778.0,31.0,2.0,53.88,83.5,-2.0,36.1,21.6
201.211,26,137.0,1778.0,31.0,2.0,53.88,83.5,-2.0,36.1,21.6
201.301,26,130.0,1778.0,31.0,2.0,53.88,83.5,-2.0,36.1,21.6
201.391,26,130.0,1651.0,31.0,2.0,53.88,83.5,-2.0,36.1,21.6
201.481,26,130.0,1651.0,34.0,2.0,53.88,83.5,-2.0,36.1,21.6
201.571,26,130.0,1651.0,34.0,4.0,53.88,83.5,-2.0,36.1,21.6
201.661,26,130.0,1651.0,34.0,4.0,25.55,83.5,-2.0,36.1,21.6
201.751,26,130.0,1651.0,34.0,4.0,25.55,37.6,-2.0,36.1,21.6
201.841,26,130.0,1651.0,34.0,4.0,25.55,37.6,-2.0,36.1,21.6
201.931,26,130.0,1651.0,34.0,4.0,25.55,37.6,-2.0,47.8,21.6
202.02,26,130.0,1651.0,34.0,4.0,25.55,37.6,-2.0,47.8,53.3
202.111,26,130.0,1651.0,34.0,4.0,25.55,37.6,-2.0,47.8,53.3
202.201,26,126.0,1651.0,34.0,4.0,25.55,37.6,-2.0,47.8,53.3
202.291,26,126.0,1358.0,34.0,4.0,25.55,37.6,-2.0,47.8,53.3
202.382,26,126.0,1358.0,37.0,4.0,25.55,37.6,-2.0,47.8,53.3
202.471,26,126.0,1358.0,37.0,3.0,25.55,37.6,-2.0,47.8,53.3
202.561,26,126.0,1358.0,37.0,3.0,34.86,37.6,-2.0,47.8,53.3
202.65,26,126.0,1358.0,37.0,3.0,34.86,83.5,-2.0,47.8,53.3
202.741,26,126.0,1358.0,37.0,3.0,34.86,83.5,-2.0,47.8,53.3
202.833,26,126.0,1358.0,37.0,3.0,34.86,83.5,-2.0,60.0,53.3
202.92,26,126.0,1358.0,37.0,3.0,34.86,83.5,-2.0,60.0,60.4
203.01,26,126.0,1358.0,37.0,3.0,34.86,83.5,-2.0,60.0,60.4
203.101,26,176.0,1358.0,37.0,3.0,34.86,83.5,-2.0,60.0,60.4
203.19,26,176.0,1589.0,37.0,3.0,34.86,83.5,-2.0,60.0,60.4
203.28,26,176.0,1589.0,43.0,3.0,34.86,83.5,-2.0,60.0,60.4
203.371,26,176.0,1589.0,43.0,4.0,34.86,83.5,-2.0,60.0,60.4
203.461,26,176.0,1589.0,43.0,4.0,61.49,83.5,-2.0,60.0,60.4
203.551,26,176.0,1589.0,43.0,4.0,61.49,83.5,-2.0,60.0,60.4
203.641,26,176.0,1589.0,43.0,4.0,61.49,83.5,-2.0,60.0,60.4
203.732,26,176.0,1589.0,43.0,4.0,61.49,83.5,-2.0,58.4,60.4
203.821,26,176.0,1589.0,43.0,4.0,61.49,83.5,-2.0,58.4,57.3
203.911,26,176.0,1589.0,43.0,4.0,61.49,83.5,-2.0,58.4,57.3
204.0,26,218.0,1589.0,43.0,4.0,61.49,83.5,-2.0,58.4,57.3
204.09,26,218.0,1863.0,43.0,4.0,61.49,83.5,-2.0,58.4,57.3
204.181,26,218.0,1863.0,51.0,4.0,61.49,83.5,-2.0,58.4,57.3
204.272,26,218.0,1863.0,51.0,5.0,61.49,83.5,-2.0,58.4,57.3
204.361,26,218.0,1863.0,51.0,5.0,40.83,83.5,-2.0,58.4,57.3
204.451,26,218.0,1863.0,51.0,5.0,40.83,30.6,-2.0,58.4,57.3
204.541,26,218.0,1863.0,51.0,5.0,40.83,30.6,-2.0,58.4,57.3
204.631,26,218.0,1863.0,51.0,5.0,40.83,30.6,-2.0,14.1,57.3
204.721,26,218.0,1863.0,51.0,5.0,40.83,30.6,-2.0,14.1,14.5
204.811,26,218.0,1863.0,51.0,5.0,40.83,30.6,-2.0,14.1,14.5
204.901,26,118.0,1863.0,51.0,5.0,40.83,30.6,-2.0,14.1,14.5
204.99,26,118.0,1028.0,51.0,5.0,40.83,30.6,-2.0,14.1,14.5
205.08,26,118.0,1028.0,51.0,5.0,40.83,30.6,-2.0,14.1,14.5
205.174,26,118.0,1028.0,51.0,1.0,40.83,30.6,-2.0,14.1,14.5
205.261,26,118.0,1028.0,51.0,1.0,25.38,30.6,-2.0,14.1,14.5
205.351,26,118.0,1028.0,51.0,1.0,25.38,83.5,-2.0,14.1,14.5
205.441,26,118.0,1028.0,51.0,1.0,25.38,83.5,-2.0,14.1,14.5
205.532,26,118.0,1028.0,51.0,1.0,25.38,83.5,-2.0,35.7,14.5
205.621,26,118.0,1028.0,51.0,1.0,25.38,83.5,-2.0,35.7,36.1
205.71,26,118.0,1028.0,51.0,1.0,25.38,83.5,-2.0,35.7,36.1
205.802,26,110.0,1028.0,51.0,1.0,25.38,83.5,-2.0,35.7,36.1
205.925,26,110.0,1328.0,51.0,1.0,25.38,83.5,-2.0,35.7,36.1
206.01,26,110.0,1328.0,52.0,1.0,25.38,83.5,-2.0,35.7,36.1
206.101,26,110.0,1328.0,52.0,0.0,25.38,83.5,-2.0,35.7,36.1
206.191,26,110.0,1328.0,52.0,0.0,25.61,83.5,-2.0,35.7,36.1
206.281,26,110.0,1328.0,52.0,0.0,25.61,83.5,-2.0,35.7,36.1
206.374,26,110.0,1328.0,52.0,0.0,25.61,83.5,-2.0,35.7,36.1
206.462,26,110.0,1328.0,52.0,0.0,25.61,83.5,-2.0,29.0,36.1
206.552,26,110.0,1328.0,52.0,0.0,25.61,83.5,-2.0,29.0,29.4
206.64,26,110.0,1328.0,52.0,0.0,25.61,83.5,-2.0,29.0,29.4
206.732,26,105.0,1328.0,52.0,0.0,25.61,83.5,-2.0,29.0,29.4
206.822,26,105.0,1355.0,52.0,0.0,25.61,83.5,-2.0,29.0,29.4
206.915,26,105.0,1355.0,53.0,0.0,25.61,83.5,-2.0,29.0,29.4
207.0,26,105.0,1355.0,53.0,1.0,25.61,83.5,-2.0,29.0,29.4
207.091,26,105.0,1355.0,53.0,1.0,24.69,83.5,-2.0,29.0,29.4
207.181,26,105.0,1355.0,53.0,1.0,24.69,83.5,-2.0,29.0,29.4
207.271,26,105.0,1355.0,53.0,1.0,24.69,83.5,-2.0,29.0,29.4
207.363,26,105.0,1355.0,53.0,1.0,24.69,83.5,-2.0,28.6,29.4
207.451,26,105.0,1355.0,53.0,1.0,24.69,83.5,-2.0,28.6,28.2
207.541,26,105.0,1355.0,53.0,1.0,24.69,83.5,-2.0,28.6,28.2
207.63,26,101.0,1355.0,53.0,1.0,24.69,83.5,-2.0,28.6,28.2
207.721,26,101.0,1386.0,53.0,1.0,24.69,83.5,-2.0,28.6,28.2
207.812,26,101.0,1386.0,54.0,1.0,24.69,83.5,-2.0,28.6,28.2
207.9,26,101.0,1386.0,54.0,1.0,24.69,83.5,-2.0,28.6,28.2
207.989,26,101.0,1386.0,54.0,1.0,24.83,83.5,-2.0,28.6,28.2
208.08,26,101.0,1386.0,54.0,1.0,24.83,83.5,-2.0,28.6,28.2
208.17,26,101.0,1386.0,54.0,1.0,24.83,83.5,-2.0,28.6,28.2
208.261,26,101.0,1386.0,54.0,1.0,24.83,83.5,-2.0,14.5,28.2
208.351,26,101.0,1386.0,54.0,1.0,24.83,83.5,-2.0,14.5,14.5
208.441,26,101.0,1386.0,54.0,1.0,24.83,83.5,-2.0,14.5,14.5
208.53,26,100.0,1386.0,54.0,1.0,24.83,83.5,-2.0,14.5,14.5
208.621,26,100.0,1400.0,54.0,1.0,24.83,83.5,-2.0,14.5,14.5
208.714,26,100.0,1400.0,55.0,1.0,24.83,83.5,-2.0,14.5,14.5
208.801,26,100.0,1400.0,55.0,1.0,24.83,83.5,-2.0,14.5,14.5
208.891,26,100.0,1400.0,55.0,1.0,25.44,83.5,-2.0,14.5,14.5
208.98,26,100.0,1400.0,55.0,1.0,25.44,83.5,-2.0,14.5,14.5
209.1,26,100.0,1400.0,55.0,1.0,25.44,83.5,-2.0,14.5,14.5
209.189,26,100.0,1400.0,55.0,1.0,25.44,83.5,-2.0,14.1,14.5
209.279,26,100.0,1400.0,55.0,1.0,25.44,83.5,-2.0,14.1,14.5
209.37,27,100.0,1400.0,55.0,1.0,25.44,83.5,-2.0,14.1,14.5
209.46,27,107.0,1400.0,55.0,1.0,25.44,83.5,-2.0,14.1,14.5
209.55,27,107.0,1400.0,55.0,1.0,25.44,83.5,-2.0,14.1,14.5
209.64,27,107.0,1400.0,54.0,1.0,25.44,83.5,-2.0,14.1,14.5
209.733,27,107.0,1400.0,54.0,1.0,25.44,83.5,-2.0,14.1,14.5
209.82,27,107.0,1400.0,54.0,1.0,26.74,83.5,-2.0,14.1,14.5
209.94,27,107.0,1400.0,54.0,1.0,26.74,83.5,-2.0,14.1,14.5
210.03,27,107.0,1400.0,54.0,1.0,26.74,83.5,-2.0,14.1,14.5
210.092,27,107.0,1400.0,54.0,1.0,26.74,83.5,-2.0,14.1,14.5
210.18,27,107.0,1400.0,54.0,1.0,26.74,83.5,-2.0,14.1,14.5
210.272,27,107.0,1400.0,54.0,1.0,26.74,83.5,-2.0,14.1,14.5
210.361,27,110.0,1400.0,54.0,1.0,26.74,83.5,-2.0,14.1,14.5
210.453,27,110.0,1419.0,54.0,1.0,26.74,83.5,-2.0,14.1,14.5
210.54,27,110.0,1419.0,54.0,1.0,26.74,83.5,-2.0,14.1,14.5
210.632,27,110.0,1419.0,54.0,2.0,26.74,83.5,-2.0,14.1,14.5
210.721,27,110.0,1419.0,54.0,2.0,26.63,83.5,-2.0,14.1,14.5
210.813,27,110.0,1419.0,54.0,2.0,26.63,83.5,-2.0,14.1,14.5
210.901,27,110.0,1419.0,54.0,2.0,26.63,83.5,-2.0,14.1,14.5
210.99,27,110.0,1419.0,54.0,2.0,26.63,83.5,-2.0,29.0,14.5
211.081,27,110.0,1419.0,54.0,2.0,26.63,83.5,-2.0,29.0,28.6
211.172,27,110.0,1419.0,54.0,2.0,26.63,83.5,-2.0,29.0,28.6
211.261,27,103.0,1419.0,54.0,2.0,26.63,83.5,-2.0,29.0,28.6
211.353,27,103.0,1427.0,54.0,2.0,26.63,83.5,-2.0,29.0,28.6
211.441,27,103.0,1427.0,56.0,2.0,26.63,83.5,-2.0,29.0,28.6
211.532,27,103.0,1427.0,56.0,2.0,26.63,83.5,-2.0,29.0,28.6
211.623,27,103.0,1427.0,56.0,2.0,25.72,83.5,-2.0,29.0,28.6
211.712,27,103.0,1427.0,56.0,2.0,25.72,83.5,-2.0,29.0,28.6
211.801,27,103.0,1427.0,56.0,2.0,25.72,83.5,-2.0,29.0,28.6
211.896,27,103.0,1427.0,56.0,2.0,25.72,83.5,-2.0,14.1,28.6
212.01,27,103.0,1427.0,56.0,2.0,25.72,83.5,-2.0,14.1,14.5
212.1,27,103.0,1427.0,56.0,2.0,25.72,83.5,-2.0,14.1,14.5
212.192,27,101.0,1427.0,56.0,2.0,25.72,83.5,-2.0,14.1,14.5
212.281,27,101.0,1443.0,56.0,2.0,25.72,83.5,-2.0,14.1,14.5
212.372,27,101.0,1443.0,56.0,2.0,25.72,83.5,-2.0,14.1,14.5
212.46,27,101.0,1443.0,56.0,2.0,25.72,83.5,-2.0,14.1,14.5
212.552,27,101.0,1443.0,56.0,2.0,26.44,83.5,-2.0,14.1,14.5
212.64,27,101.0,1443.0,56.0,2.0,26.44,83.5,-2.0,14.1,14.5
212.733,27,101.0,1443.0,56.0,2.0,26.44,83.5,-2.0,14.1,14.5
212.821,27,101.0,1443.0,56.0,2.0,26.44,83.5,-2.0,14.1,14.5
212.916,27,101.0,1443.0,56.0,2.0,26.44,83.5,-2.0,14.1,14.5
213.0,27,101.0,1443.0,56.0,2.0,26.44,83.5,-2.0,14.1,14.5
213.091,27,108.0,1443.0,56.0,2.0,26.44,83.5,-2.0,14.1,14.5
213.181,27,108.0,1448.0,56.0,2.0,26.44,83.5,-2.0,14.1,14.5
213.242,27,108.0,1448.0,56.0,2.0,26.44,83.5,-2.0,14.1,14.5
213.333,27,108.0,1448.0,56.0,2.0,26.44,83.5,-2.0,14.1,14.5
213.421,27,108.0,1448.0,56.0,2.0,27.74,83.5,-2.0,14.1,14.5
213.512,27,108.0,1448.0,56.0,2.0,27.74,83.5,-2.0,14.1,14.5
213.6,27,108.0,1448.0,56.0,2.0,27.74,83.5,-2.0,14.1,14.5
213.692,27,108.0,1448.0,56.0,2.0,27.74,83.5,-2.0,14.5,14.5
213.781,27,108.0,1448.0,56.0,2.0,27.74,83.5,-2.0,14.5,14.5
213.872,27,108.0,1448.0,56.0,2.0,27.74,83.5,-2.0,14.5,14.5
213.96,27,110.0,1448.0,56.0,2.0,27.74,83.5,-2.0,14.5,14.5
214.052,27,110.0,1450.0,56.0,2.0,27.74,83.5,-2.0,14.5,14.5
214.141,27,110.0,1450.0,56.0,2.0,27.74,83.5,-2.0,14.5,14.5
214.233,27,110.0,1450.0,56.0,2.0,27.74,83.5,-2.0,14.5,14.5
214.321,27,110.0,1450.0,56.0,2.0,28.19,83.5,-2.0,14.5,14.5
214.412,27,110.0,1450.0,56.0,2.0,28.19,83.5,-2.0,14.5,14.5
214.501,27,110.0,1450.0,56.0,2.0,28.19,83.5,-2.0,14.5,14.5
214.592,27,110.0,1450.0,56.0,2.0,28.19,83.5,-2.0,14.5,14.5
214.68,27,110.0,1450.0,56.0,2.0,28.19,83.5,-2.0,14.5,14.5
214.773,27,110.0,1450.0,56.0,2.0,28.19,83.5,-2.0,14.5,14.5
214.86,27,111.0,1450.0,56.0,2.0,28.19,83.5,-2.0,14.5,14.5
214.952,27,111.0,1458.0,56.0,2.0,28.19,83.5,-2.0,14.5,14.5
215.04,27,111.0,1458.0,57.0,2.0,28.19,83.5,-2.0,14.5,14.5
215.131,27,111.0,1458.0,57.0,2.0,28.19,83.5,-2.0,14.5,14.5
215.197,27,111.0,1458.0,57.0,2.0,28.58,83.5,-2.0,14.5,14.5
215.28,27,111.0,1458.0,57.0,2.0,28.58,83.5,-2.0,14.5,14.5
215.371,27,111.0,1458.0,57.0,2.0,28.58,83.5,-2.0,14.5,14.5
215.462,27,111.0,1458.0,57.0,2.0,28.58,83.5,-2.0,14.1,14.5
215.55,27,111.0,1458.0,57.0,2.0,28.58,83.5,-2.0,14.1,14.1
215.641,27,111.0,1458.0,57.0,2.0,28.58,83.5,-2.0,14.1,14.1
215.736,27,111.0,1458.0,57.0,2.0,28.58,83.5,-2.0,14.1,14.1
215.822,27,111.0,1464.0,57.0,2.0,28.58,83.5,-2.0,14.1,14.1
215.914,27,111.0,1464.0,57.0,2.0,28.58,83.5,-2.0,14.1,14.1
216.0,27,111.0,1464.0,57.0,2.0,28.58,83.5,-2.0,14.1,14.1
216.091,27,111.0,1464.0,57.0,2.0,28.55,83.5,-2.0,14.1,14.1
216.181,27,111.0,1464.0,57.0,2.0,28.55,83.5,-2.0,14.1,14.1
216.273,27,111.0,1464.0,57.0,2.0,28.55,83.5,-2.0,14.1,14.1
216.36,27,111.0,1464.0,57.0,2.0,28.55,83.5,-2.0,14.1,14.1
216.452,27,111.0,1464.0,57.0,2.0,28.55,83.5,-2.0,14.1,14.5
216.541,27,111.0,1464.0,57.0,2.0,28.55,83.5,-2.0,14.1,14.5
216.63,27,111.0,1464.0,57.0,2.0,28.55,83.5,-2.0,14.1,14.5
216.722,27,111.0,1466.0,57.0,2.0,28.55,83.5,-2.0,14.1,14.5
216.813,27,111.0,1466.0,57.0,2.0,28.55,83.5,-2.0,14.1,14.5
216.901,27,111.0,1466.0,57.0,2.0,28.55,83.5,-2.0,14.1,14.5
216.99,27,111.0,1466.0,57.0,2.0,28.52,83.5,-2.0,14.1,14.5
217.081,27,111.0,1466.0,57.0,2.0,28.52,83.5,-2.0,14.1,14.5
217.142,27,111.0,1466.0,57.0,2.0,28.52,83.5,-2.0,14.1,14.5
217.232,27,111.0,1466.0,57.0,2.0,28.52,83.5,-2.0,14.1,14.5
217.294,27,111.0,1466.0,57.0,2.0,28.52,83.5,-2.0,14.1,14.5
217.38,27,111.0,1466.0,57.0,2.0,28.52,83.5,-2.0,14.1,14.5
217.473,27,111.0,1466.0,57.0,2.0,28.52,83.5,-2.0,14.1,14.5
217.56,27,111.0,1469.0,57.0,2.0,28.52,83.5,-2.0,14.1,14.5
217.653,27,111.0,1469.0,57.0,2.0,28.52,83.5,-2.0,14.1,14.5
217.741,27,111.0,1469.0,57.0,2.0,28.52,83.5,-2.0,14.1,14.5
217.862,27,111.0,1469.0,57.0,2.0,28.74,83.5,-2.0,14.1,14.5
217.95,27,111.0,1469.0,57.0,2.0,28.74,83.5,-2.0,14.1,14.5
218.04,27,111.0,1469.0,57.0,2.0,28.74,83.5,-2.0,14.1,14.5
218.132,27,111.0,1469.0,57.0,2.0,28.74,83.5,-2.0,14.1,14.5
218.221,27,111.0,1469.0,57.0,2.0,28.74,83.5,-2.0,14.1,14.5
218.311,27,111.0,1469.0,57.0,2.0,28.74,83.5,-2.0,14.1,14.5
218.4,27,111.0,1469.0,57.0,2.0,28.74,83.5,-2.0,14.1,14.5
218.492,27,111.0,1468.0,57.0,2.0,28.74,83.5,-2.0,14.1,14.5
218.581,27,111.0,1468.0,57.0,2.0,28.74,83.5,-2.0,14.1,14.5
218.671,27,111.0,1468.0,57.0,2.0,28.74,83.5,-2.0,14.1,14.5
218.76,27,111.0,1468.0,57.0,2.0,28.69,83.5,-2.0,14.1,14.5
218.851,27,111.0,1468.0,57.0,2.0,28.69,83.5,-2.0,14.1,14.5
218.94,27,111.0,1468.0,57.0,2.0,28.69,83.5,-2.0,14.1,14.5
219.031,27,111.0,1468.0,57.0,2.0,28.69,83.5,-2.0,14.1,14.5
219.091,27,111.0,1468.0,57.0,2.0,28.69,83.5,-2.0,14.1,14.5
219.183,28,111.0,1468.0,57.0,2.0,28.69,83.5,-2.0,14.1,14.5
219.242,28,111.0,1468.0,57.0,2.0,28.69,83.5,-2.0,14.1,14.5
219.331,28,111.0,1470.0,57.0,2.0,28.69,83.5,-2.0,14.1,14.5
219.421,28,111.0,1470.0,57.0,2.0,28.69,83.5,-2.0,14.1,14.5
219.513,28,111.0,1470.0,57.0,2.0,28.69,83.5,-2.0,14.1,14.5
219.601,28,111.0,1470.0,57.0,2.0,28.38,83.5,-2.0,14.1,14.5
219.694,28,111.0,1470.0,57.0,2.0,28.38,83.5,-2.0,14.1,14.5
219.781,28,111.0,1470.0,57.0,2.0,28.38,83.5,-2.0,14.1,14.5
219.874,28,111.0,1470.0,57.0,2.0,28.38,83.5,-2.0,14.1,14.5
219.972,28,111.0,1470.0,57.0,2.0,28.38,83.5,-2.0,14.1,14.5
220.051,28,111.0,1470.0,57.0,2.0,28.38,83.5,-2.0,14.1,14.5
220.141,28,111.0,1470.0,57.0,2.0,28.38,83.5,-2.0,14.1,14.5
220.234,28,111.0,1470.0,57.0,2.0,28.38,83.5,-2.0,14.1,14.5
220.292,28,111.0,1470.0,57.0,2.0,28.38,83.5,-2.0,14.1,14.5
220.38,28,111.0,1470.0,57.0,2.0,28.38,83.5,-2.0,14.1,14.5
220.444,28,111.0,1470.0,57.0,2.0,28.55,83.5,-2.0,14.1,14.5
220.531,28,111.0,1470.0,57.0,2.0,28.55,83.5,-2.0,14.1,14.5
220.621,28,111.0,1470.0,57.0,2.0,28.55,83.5,-2.0,14.1,14.5
220.711,28,111.0,1470.0,57.0,2.0,28.55,83.5,-2.0,14.1,14.5
220.8,28,111.0,1470.0,57.0,2.0,28.55,83.5,-2.0,14.1,14.5
220.89,28,111.0,1470.0,57.0,2.0,28.55,83.5,-2.0,14.1,14.5
220.981,28,111.0,1470.0,57.0,2.0,28.55,83.5,-2.0,14.1,14.5
221.1,28,111.0,1466.0,57.0,2.0,28.55,83.5,-2.0,14.1,14.5
221.191,28,111.0,1466.0,57.0,2.0,28.55,83.5,-2.0,14.1,14.5
221.312,28,111.0,1466.0,57.0,2.0,28.55,83.5,-2.0,14.1,14.5
221.401,28,111.0,1466.0,57.0,2.0,28.83,83.5,-2.0,14.1,14.5
221.492,28,111.0,1466.0,57.0,2.0,28.83,83.5,-2.0,14.1,14.5
221.581,28,111.0,1466.0,57.0,2.0,28.83,83.5,-2.0,14.1,14.5
221.642,28,111.0,1466.0,57.0,2.0,28.83,83.5,-2.0,14.1,14.5
221.73,28,111.0,1466.0,57.0,2.0,28.83,83.5,-2.0,14.1,14.5
221.821,28,111.0,1466.0,57.0,2.0,28.83,83.5,-2.0,14.1,14.5
221.914,28,111.0,1466.0,57.0,2.0,28.83,83.5,-2.0,14.1,14.5
222.002,28,111.0,1466.0,57.0,2.0,28.83,83.5,-2.0,14.1,14.5
222.091,28,111.0,1466.0,57.0,2.0,28.83,83.5,-2.0,14.1,14.5
222.18,28,111.0,1466.0,57.0,2.0,28.83,83.5,-2.0,14.1,14.5
222.241,28,111.0,1466.0,57.0,2.0,28.58,83.5,-2.0,14.1,14.5
222.331,28,111.0,1466.0,57.0,2.0,28.58,83.5,-2.0,14.1,14.5
222.393,28,111.0,1466.0,57.0,2.0,28.58,83.5,-2.0,14.1,14.5
222.48,28,111.0,1466.0,57.0,2.0,28.58,83.5,-2.0,14.1,14.5
222.573,28,111.0,1466.0,57.0,2.0,28.58,83.5,-2.0,14.1,14.5
222.66,28,111.0,1466.0,57.0,2.0,28.58,83.5,-2.0,14.1,14.5
222.754,28,111.0,1466.0,57.0,2.0,28.58,83.5,-2.0,14.1,14.5
222.871,28,111.0,1470.0,57.0,2.0,28.58,83.5,-2.0,14.1,14.5
222.96,28,111.0,1470.0,57.0,2.0,28.58,83.5,-2.0,14.1,14.5
223.051,28,111.0,1470.0,57.0,2.0,28.58,83.5,-2.0,14.1,14.5
223.141,28,111.0,1470.0,57.0,2.0,28.22,83.5,-2.0,14.1,14.5
223.231,28,111.0,1470.0,57.0,2.0,28.22,83.5,-2.0,14.1,14.5
223.293,28,111.0,1470.0,57.0,2.0,28.22,83.5,-2.0,14.1,14.5
223.382,28,111.0,1470.0,57.0,2.0,28.22,83.5,-2.0,14.1,14.5
223.442,28,111.0,1470.0,57.0,2.0,28.22,83.5,-2.0,14.1,14.5
223.531,28,111.0,1470.0,57.0,2.0,28.22,83.5,-2.0,14.1,14.5
223.592,28,111.0,1470.0,57.0,2.0,28.22,83.5,-2.0,14.1,14.5
223.681,28,111.0,1464.0,57.0,2.0,28.22,83.5,-2.0,14.1,14.5
223.773,28,111.0,1464.0,57.0,2.0,28.22,83.5,-2.0,14.1,14.5
223.862,28,111.0,1464.0,57.0,2.0,28.22,83.5,-2.0,14.1,14.5
223.95,28,111.0,1464.0,57.0,2.0,28.47,83.5,-2.0,14.1,14.5
224.04,28,111.0,1464.0,57.0,2.0,28.47,83.5,-2.0,14.1,14.5
224.13,28,111.0,1464.0,57.0,2.0,28.47,83.5,-2.0,14.1,14.5
224.196,28,111.0,1464.0,57.0,2.0,28.47,83.5,-2.0,14.5,14.5
224.281,28,111.0,1464.0,57.0,2.0,28.47,83.5,-2.0,14.5,14.5
224.342,28,111.0,1464.0,57.0,2.0,28.47,83.5,-2.0,14.5,14.5
224.431,28,111.0,1464.0,57.0,2.0,28.47,83.5,-2.0,14.5,14.5
224.492,28,111.0,1460.0,57.0,2.0,28.47,83.5,-2.0,14.5,14.5
224.58,28,111.0,1460.0,57.0,2.0,28.47,83.5,-2.0,14.5,14.5
224.642,28,111.0,1460.0,57.0,2.0,28.47,83.5,-2.0,14.5,14.5
224.733,28,111.0,1460.0,57.0,2.0,28.41,83.5,-2.0,14.5,14.5
224.827,28,111.0,1460.0,57.0,2.0,28.41,83.5,-2.0,14.5,14.5
224.922,28,111.0,1460.0,57.0,2.0,28.41,83.5,-2.0,14.5,14.5
225.0,28,111.0,1460.0,57.0,2.0,28.41,83.5,-2.0,14.1,14.5
225.092,28,111.0,1460.0,57.0,2.0,28.41,83.5,-2.0,14.1,14.5
225.181,28,111.0,1460.0,57.0,2.0,28.41,83.5,-2.0,14.1,14.5
225.273,28,111.0,1460.0,57.0,2.0,28.41,83.5,-2.0,14.1,14.5
225.362,28,111.0,1458.0,57.0,2.0,28.41,83.5,-2.0,14.1,14.5
225.454,28,111.0,1458.0,57.0,2.0,28.41,83.5,-2.0,14.1,14.5
225.541,28,111.0,1458.0,57.0,2.0,28.41,83.5,-2.0,14.1,14.5
225.633,28,111.0,1458.0,57.0,2.0,28.66,83.5,-2.0,14.1,14.5
225.724,28,111.0,1458.0,57.0,2.0,28.66,83.5,-2.0,14.1,14.5
225.81,28,111.0,1458.0,57.0,2.0,28.66,83.5,-2.0,14.1,14.5
225.9,28,111.0,1458.0,57.0,2.0,28.66,83.5,-2.0,14.1,14.5
225.99,28,111.0,1458.0,57.0,2.0,28.66,83.5,-2.0,14.1,14.5
226.08,28,111.0,1458.0,57.0,2.0,28.66,83.5,-2.0,14.1,14.5
226.171,28,111.0,1458.0,57.0,2.0,28.66,83.5,-2.0,14.1,14.5
226.232,28,111.0,1447.0,57.0,2.0,28.66,83.5,-2.0,14.1,14.5
226.32,28,111.0,1447.0,56.0,2.0,28.66,83.5,-2.0,14.1,14.5
226.41,28,111.0,1447.0,56.0,2.0,28.66,83.5,-2.0,14.1,14.5
226.501,28,111.0,1447.0,56.0,2.0,28.08,83.5,-2.0,14.1,14.5
226.593,28,111.0,1447.0,56.0,2.0,28.08,83.5,-2.0,14.1,14.5
226.681,28,111.0,1447.0,56.0,2.0,28.08,83.5,-2.0,14.1,14.5
226.771,28,111.0,1447.0,56.0,2.0,28.08,83.5,-2.0,14.5,14.5
226.861,28,111.0,1447.0,56.0,2.0,28.08,83.5,-2.0,14.5,14.5
226.95,28,111.0,1447.0,56.0,2.0,28.08,83.5,-2.0,14.5,14.5
227.04,28,110.0,1447.0,56.0,2.0,28.08,83.5,-2.0,14.5,14.5
227.13,28,110.0,1434.0,56.0,2.0,28.08,83.5,-2.0,14.5,14.5
227.22,28,110.0,1434.0,56.0,2.0,28.08,83.5,-2.0,14.5,14.5
227.311,28,110.0,1434.0,56.0,2.0,28.08,83.5,-2.0,14.5,14.5
227.401,28,110.0,1434.0,56.0,2.0,28.05,83.5,-2.0,14.5,14.5
227.491,28,110.0,1434.0,56.0,2.0,28.05,83.5,-2.0,14.5,14.5
227.581,28,110.0,1434.0,56.0,2.0,28.05,83.5,-2.0,14.5,14.5
227.67,28,110.0,1434.0,56.0,2.0,28.05,83.5,-2.0,14.1,14.5
227.761,28,110.0,1434.0,56.0,2.0,28.05,83.5,-2.0,14.1,14.5
227.882,28,110.0,1434.0,56.0,2.0,28.05,83.5,-2.0,14.1,14.5
227.973,28,110.0,1434.0,56.0,2.0,28.05,83.5,-2.0,14.1,14.5
228.062,28,110.0,1445.0,56.0,2.0,28.05,83.5,-2.0,14.1,14.5
228.152,28,110.0,1445.0,56.0,2.0,28.05,83.5,-2.0,14.1,14.5
228.241,28,110.0,1445.0,56.0,2.0,28.05,83.5,-2.0,14.1,14.5
228.33,28,110.0,1445.0,56.0,2.0,27.99,83.5,-2.0,14.1,14.5
228.42,28,110.0,1445.0,56.0,2.0,27.99,83.5,-2.0,14.1,14.5
228.511,28,110.0,1445.0,56.0,2.0,27.99,83.5,-2.0,14.1,14.5
228.601,28,110.0,1445.0,56.0,2.0,27.99,83.5,-2.0,14.1,14.5
228.693,28,110.0,1445.0,56.0,2.0,27.99,83.5,-2.0,14.1,14.5
228.781,28,110.0,1445.0,56.0,2.0,27.99,83.5,-2.0,14.1,14.5
228.873,28,110.0,1445.0,56.0,2.0,27.99,83.5,-2.0,14.1,14.5
228.962,28,110.0,1426.0,56.0,2.0,27.99,83.5,-2.0,14.1,14.5
229.052,28,110.0,1426.0,56.0,2.0,27.99,83.5,-2.0,14.1,14.5
229.141,28,110.0,1426.0,56.0,2.0,27.99,83.5,-2.0,14.1,14.5
229.232,28,110.0,1426.0,56.0,2.0,27.55,83.5,-2.0,14.1,14.5
229.321,28,110.0,1426.0,56.0,2.0,27.55,83.5,-2.0,14.1,14.5
229.381,28,110.0,1426.0,56.0,2.0,27.55,83.5,-2.0,14.1,14.5
229.471,28,110.0,1426.0,56.0,2.0,27.55,83.5,-2.0,14.1,14.5
229.561,28,110.0,1426.0,56.0,2.0,27.55,83.5,-2.0,14.1,14.5
229.653,28,110.0,1426.0,56.0,2.0,27.55,83.5,-2.0,14.1,14.5
229.74,28,110.0,1426.0,56.0,2.0,27.55,83.5,-2.0,14.1,14.5
229.83,28,110.0,1413.0,56.0,2.0,27.55,83.5,-2.0,14.1,14.5
229.92,28,110.0,1413.0,55.0,2.0,27.55,83.5,-2.0,14.1,14.5
230.01,28,110.0,1413.0,55.0,2.0,27.55,83.5,-2.0,14.1,14.5
230.1,28,110.0,1413.0,55.0,2.0,27.16,83.5,-2.0,14.1,14.5
230.191,28,110.0,1413.0,55.0,2.0,27.16,83.5,-2.0,14.1,14.5
230.281,28,110.0,1413.0,55.0,2.0,27.16,83.5,-2.0,14.1,14.5
230.37,28,110.0,1413.0,55.0,2.0,27.16,83.5,-2.0,14.1,14.5
230.463,28,110.0,1413.0,55.0,2.0,27.16,83.5,-2.0,14.1,14.5
230.55,28,110.0,1413.0,55.0,2.0,27.16,83.5,-2.0,14.1,14.5
230.64,28,110.0,1413.0,55.0,2.0,27.16,83.5,-2.0,14.1,14.5
230.73,28,110.0,1399.0,55.0,2.0,27.16,83.5,-2.0,14.1,14.5
230.82,28,110.0,1399.0,54.0,2.0,27.16,83.5,-2.0,14.1,14.5
230.913,28,110.0,1399.0,54.0,2.0,27.16,83.5,-2.0,14.1,14.5
231.0,28,110.0,1399.0,54.0,2.0,26.97,83.5,-2.0,14.1,14.5
231.09,28,110.0,1399.0,54.0,2.0,26.97,83.5,-2.0,14.1,14.5
231.181,28,110.0,1399.0,54.0,2.0,26.97,83.5,-2.0,14.1,14.5
231.271,28,110.0,1399.0,54.0,2.0,26.97,83.5,-2.0,14.5,14.5
231.334,28,110.0,1399.0,54.0,2.0,26.97,83.5,-2.0,14.5,14.5
231.421,29,110.0,1399.0,54.0,2.0,26.97,83.5,-2.0,14.5,14.5
231.482,29,109.0,1399.0,54.0,2.0,26.97,83.5,-2.0,14.5,14.5
231.572,29,109.0,1384.0,54.0,2.0,26.97,83.5,-2.0,14.5,14.5
231.661,29,109.0,1384.0,54.0,2.0,26.97,83.5,-2.0,14.5,14.5
231.754,29,109.0,1384.0,54.0,2.0,26.97,83.5,-2.0,14.5,14.5
231.842,29,109.0,1384.0,54.0,2.0,26.66,83.5,-2.0,14.5,14.5
231.934,29,109.0,1384.0,54.0,2.0,26.66,83.5,-2.0,14.5,14.5
232.02,29,109.0,1384.0,54.0,2.0,26.66,83.5,-2.0,14.5,14.5
232.11,29,109.0,1384.0,54.0,2.0,26.66,83.5,-2.0,14.1,14.5
232.201,29,109.0,1384.0,54.0,2.0,26.66,83.5,-2.0,14.1,14.5
232.292,29,109.0,1384.0,54.0,2.0,26.66,83.5,-2.0,14.1,14.5
232.38,29,109.0,1384.0,54.0,2.0,26.66,83.5,-2.0,14.1,14.5
232.472,29,109.0,1369.0,54.0,2.0,26.66,83.5,-2.0,14.1,14.5
232.533,29,109.0,1369.0,53.0,2.0,26.66,83.5,-2.0,14.1,14.5
232.621,29,109.0,1369.0,53.0,2.0,26.66,83.5,-2.0,14.1,14.5
232.682,29,109.0,1369.0,53.0,2.0,22.94,83.5,-2.0,14.1,14.5
232.771,29,109.0,1369.0,53.0,2.0,22.94,83.5,-2.0,14.1,14.5
232.891,29,109.0,1369.0,53.0,2.0,22.94,83.5,-2.0,14.1,14.5
232.98,29,109.0,1369.0,53.0,2.0,22.94,83.5,-2.0,14.1,14.5
233.1,29,109.0,1369.0,53.0,2.0,22.94,83.5,-2.0,14.1,14.5
233.192,29,109.0,1369.0,53.0,2.0,22.94,83.5,-2.0,14.1,14.5
233.28,29,108.0,1369.0,53.0,2.0,22.94,83.5,-2.0,14.1,14.5
233.372,29,108.0,1082.0,53.0,2.0,22.94,83.5,-2.0,14.1,14.5
233.431,29,108.0,1082.0,52.0,2.0,22.94,83.5,-2.0,14.1,14.5
233.52,29,108.0,1082.0,52.0,2.0,22.94,83.5,-2.0,14.1,14.5
233.611,29,108.0,1082.0,52.0,2.0,22.38,83.5,-2.0,14.1,14.5
233.701,29,108.0,1082.0,52.0,2.0,22.38,83.5,-2.0,14.1,14.5
233.79,29,108.0,1082.0,52.0,2.0,22.38,83.5,-2.0,14.1,14.5
233.881,29,108.0,1082.0,52.0,2.0,22.38,83.5,-2.0,14.1,14.5
233.97,29,108.0,1082.0,52.0,2.0,22.38,83.5,-2.0,14.1,14.5
234.06,29,108.0,1082.0,52.0,2.0,22.38,83.5,-2.0,14.1,14.5
234.151,29,99.0,1082.0,52.0,2.0,22.38,83.5,-2.0,14.1,14.5
234.241,29,99.0,1798.0,52.0,2.0,22.38,83.5,-2.0,14.1,14.5
234.334,29,99.0,1798.0,48.0,2.0,22.38,83.5,-2.0,14.1,14.5
234.421,29,99.0,1798.0,48.0,0.0,22.38,83.5,-2.0,14.1,14.5
234.482,29,99.0,1798.0,48.0,0.0,32.63,83.5,-2.0,14.1,14.5
234.571,29,99.0,1798.0,48.0,0.0,32.63,83.5,-2.0,14.1,14.5
234.634,29,99.0,1798.0,48.0,0.0,32.63,83.5,-2.0,14.1,14.5
234.721,29,99.0,1798.0,48.0,0.0,32.63,83.5,-2.0,14.1,14.5
234.811,29,99.0,1798.0,48.0,0.0,32.63,83.5,-2.0,14.1,14.5
234.901,29,99.0,1798.0,48.0,0.0,32.63,83.5,-2.0,14.1,14.5
234.99,29,110.0,1798.0,48.0,0.0,32.63,83.5,-2.0,14.1,14.5
235.081,29,110.0,1346.0,48.0,0.0,32.63,83.5,-2.0,14.1,14.5
235.172,29,110.0,1346.0,44.0,0.0,32.63,83.5,-2.0,14.1,14.5
235.26,29,110.0,1346.0,44.0,2.0,32.63,83.5,-2.0,14.1,14.5
235.351,29,110.0,1346.0,44.0,2.0,20.22,83.5,-2.0,14.1,14.5
235.441,29,110.0,1346.0,44.0,2.0,20.22,83.5,-2.0,14.1,14.5
235.534,29,110.0,1346.0,44.0,2.0,20.22,83.5,-2.0,14.1,14.5
235.62,29,110.0,1346.0,44.0,2.0,20.22,83.5,-2.0,14.1,14.5
235.683,29,110.0,1346.0,44.0,2.0,20.22,83.5,-2.0,14.1,14.5
235.77,29,110.0,1346.0,44.0,2.0,20.22,83.5,-2.0,14.1,14.5
235.835,29,109.0,1346.0,44.0,2.0,20.22,83.5,-2.0,14.1,14.5
235.92,29,109.0,1044.0,44.0,2.0,20.22,83.5,-2.0,14.1,14.5
236.01,29,109.0,1044.0,38.0,2.0,20.22,83.5,-2.0,14.1,14.5
236.101,29,109.0,1044.0,38.0,2.0,20.22,83.5,-2.0,14.1,14.5
236.192,29,109.0,1044.0,38.0,2.0,19.33,83.5,-2.0,14.1,14.5
236.281,29,109.0,1044.0,38.0,2.0,19.33,83.5,-2.0,14.1,14.5
236.371,29,109.0,1044.0,38.0,2.0,19.33,83.5,-2.0,14.1,14.5
236.436,29,109.0,1044.0,38.0,2.0,19.33,83.5,-2.0,14.1,14.5
236.52,29,109.0,1044.0,38.0,2.0,19.33,83.5,-2.0,14.1,14.5
236.582,29,109.0,1044.0,38.0,2.0,19.33,83.5,-2.0,14.1,14.5
236.671,29,107.0,1044.0,38.0,2.0,19.33,83.5,-2.0,14.1,14.5
236.76,29,107.0,1042.0,38.0,2.0,19.33,83.5,-2.0,14.1,14.5
236.851,29,107.0,1042.0,32.0,2.0,19.33,83.5,-2.0,14.1,14.5
236.94,29,107.0,1042.0,32.0,0.0,19.33,83.5,-2.0,14.1,14.5
237.029,29,107.0,1042.0,32.0,0.0,18.97,83.5,-2.0,14.1,14.5
237.12,29,107.0,1042.0,32.0,0.0,18.97,83.5,-2.0,14.1,14.5
237.21,29,107.0,1042.0,32.0,0.0,18.97,83.5,-2.0,14.1,14.5
237.301,29,107.0,1042.0,32.0,0.0,18.97,83.5,-2.0,14.1,14.5
237.39,29,107.0,1042.0,32.0,0.0,18.97,83.5,-2.0,14.1,14.5
237.481,29,107.0,1042.0,32.0,0.0,18.97,83.5,-2.0,14.1,14.5
237.57,29,107.0,1042.0,32.0,0.0,18.97,83.5,-2.0,14.1,14.5
237.633,29,107.0,1039.0,32.0,0.0,18.97,83.5,-2.0,14.1,14.5
237.72,29,107.0,1039.0,27.0,0.0,18.97,83.5,-2.0,14.1,14.5
237.784,29,107.0,1039.0,27.0,0.0,18.97,83.5,-2.0,14.1,14.5
237.901,29,107.0,1039.0,27.0,0.0,19.02,83.5,-2.0,14.1,14.5
237.989,29,107.0,1039.0,27.0,0.0,19.02,83.5,-2.0,14.1,14.5
238.079,29,107.0,1039.0,27.0,0.0,19.02,83.5,-2.0,14.1,14.5
238.169,29,107.0,1039.0,27.0,0.0,19.02,83.5,-2.0,14.1,14.5
238.23,29,107.0,1039.0,27.0,0.0,19.02,83.5,-2.0,14.1,14.5
238.321,29,107.0,1039.0,27.0,0.0,19.02,83.5,-2.0,14.1,14.5
238.411,29,106.0,1039.0,27.0,0.0,19.02,83.5,-2.0,14.1,14.5
238.471,29,106.0,1040.0,27.0,0.0,19.02,83.5,-2.0,14.1,14.5
238.532,29,106.0,1040.0,24.0,0.0,19.02,83.5,-2.0,14.1,14.5
238.62,29,106.0,1040.0,24.0,0.0,19.02,83.5,-2.0,14.1,14.5
238.687,29,106.0,1040.0,24.0,0.0,18.91,83.5,-2.0,14.1,14.5
238.772,29,106.0,1040.0,24.0,0.0,18.91,83.5,-2.0,14.1,14.5
238.832,29,106.0,1040.0,24.0,0.0,18.91,83.5,-2.0,14.1,14.5
238.921,29,106.0,1040.0,24.0,0.0,18.91,83.5,-2.0,16.5,14.5
238.98,29,106.0,1040.0,24.0,0.0,18.91,83.5,-2.0,16.5,19.2
239.07,29,106.0,1040.0,24.0,0.0,18.91,83.5,-2.0,16.5,19.2
239.16,29,106.0,1040.0,24.0,0.0,18.91,83.5,-2.0,16.5,19.2
239.251,29,106.0,1213.0,24.0,0.0,18.91,83.5,-2.0,16.5,19.2
239.341,29,106.0,1213.0,24.0,0.0,18.91,83.5,-2.0,16.5,19.2
239.43,29,106.0,1213.0,24.0,0.0,18.91,83.5,-2.0,16.5,19.2
239.521,29,106.0,1213.0,24.0,0.0,25.49,83.5,-2.0,16.5,19.2
239.586,29,106.0,1213.0,24.0,0.0,25.49,83.5,-2.0,16.5,19.2
239.673,29,106.0,1213.0,24.0,0.0,25.49,83.5,-2.0,16.5,19.2
239.732,29,106.0,1213.0,24.0,0.0,25.49,83.5,-2.0,26.3,19.2
239.822,29,106.0,1213.0,24.0,0.0,25.49,83.5,-2.0,26.3,27.1
239.882,29,106.0,1213.0,24.0,0.0,25.49,83.5,-2.0,26.3,27.1
239.969,29,100.0,1213.0,24.0,0.0,25.49,83.5,-2.0,26.3,27.1
240.03,29,100.0,1458.0,24.0,0.0,25.49,83.5,-2.0,26.3,27.1
240.12,29,100.0,1458.0,25.0,0.0,25.49,83.5,-2.0,26.3,27.1
240.181,29,100.0,1458.0,25.0,1.0,25.49,83.5,-2.0,26.3,27.1
240.27,29,100.0,1458.0,25.0,1.0,26.72,83.5,-2.0,26.3,27.1
240.36,29,100.0,1458.0,25.0,1.0,26.72,83.5,-2.0,26.3,27.1
240.451,29,100.0,1458.0,25.0,1.0,26.72,83.5,-2.0,26.3,27.1
240.541,29,100.0,1458.0,25.0,1.0,26.72,83.5,-2.0,36.1,27.1
240.632,29,100.0,1458.0,25.0,1.0,26.72,83.5,-2.0,36.1,35.7
240.721,29,100.0,1458.0,25.0,1.0,26.72,83.5,-2.0,36.1,35.7
240.783,29,107.0,1458.0,25.0,1.0,26.72,83.5,-2.0,36.1,35.7
240.884,29,107.0,1576.0,25.0,1.0,26.72,83.5,-2.0,36.1,35.7
240.931,29,107.0,1576.0,27.0,1.0,26.72,83.5,-2.0,36.1,35.7
241.02,29,107.0,1576.0,27.0,2.0,26.72,83.5,-2.0,36.1,35.7
241.081,29,107.0,1576.0,27.0,2.0,28.99,83.5,-2.0,36.1,35.7
241.171,29,107.0,1576.0,27.0,2.0,28.99,83.5,-2.0,36.1,35.7
241.232,29,107.0,1576.0,27.0,2.0,28.99,83.5,-2.0,36.1,35.7
241.321,29,107.0,1576.0,27.0,2.0,28.99,83.5,-2.0,14.1,35.7
241.383,29,107.0,1576.0,27.0,2.0,28.99,83.5,-2.0,14.1,14.5
241.472,29,107.0,1576.0,27.0,2.0,28.99,83.5,-2.0,14.1,14.5
241.533,29,108.0,1576.0,27.0,2.0,28.99,83.5,-2.0,14.1,14.5
241.621,29,108.0,1056.0,27.0,2.0,28.99,83.5,-2.0,14.1,14.5
241.683,29,108.0,1056.0,28.0,2.0,28.99,83.5,-2.0,14.1,14.5
241.77,29,108.0,1056.0,28.0,3.0,28.99,83.5,-2.0,14.1,14.5
241.832,29,108.0,1056.0,28.0,3.0,19.27,83.5,-2.0,14.1,14.5
241.92,29,108.0,1056.0,28.0,3.0,19.27,83.5,-2.0,14.1,14.5
241.981,29,108.0,1056.0,28.0,3.0,19.27,83.5,-2.0,14.1,14.5
242.07,29,108.0,1056.0,28.0,3.0,19.27,83.5,-2.0,14.1,14.5
242.131,29,108.0,1056.0,28.0,3.0,19.27,83.5,-2.0,14.1,14.5
242.22,29,108.0,1056.0,28.0,3.0,19.27,83.5,-2.0,14.1,14.5
242.281,29,108.0,1056.0,28.0,3.0,19.27,83.5,-2.0,14.1,14.5
242.37,29,108.0,1036.0,28.0,3.0,19.27,83.5,-2.0,14.1,14.5
242.431,29,108.0,1036.0,28.0,3.0,19.27,83.5,-2.0,14.1,14.5
242.55,29,108.0,1036.0,28.0,1.0,19.27,83.5,-2.0,14.1,14.5
242.641,29,108.0,1036.0,28.0,1.0,18.72,83.5,-2.0,14.1,14.5
242.73,29,108.0,1036.0,28.0,1.0,18.72,83.5,-2.0,14.1,14.5
242.82,29,108.0,1036.0,28.0,1.0,18.72,83.5,-2.0,14.1,14.5
242.883,29,108.0,1036.0,28.0,1.0,18.72,83.5,-2.0,14.1,14.5
242.97,29,108.0,1036.0,28.0,1.0,18.72,83.5,-2.0,14.1,14.5
243.032,29,108.0,1036.0,28.0,1.0,18.72,83.5,-2.0,14.1,14.5
243.121,29,107.0,1036.0,28.0,1.0,18.72,83.5,-2.0,14.1,14.5
243.181,29,107.0,1036.0,28.0,1.0,18.72,83.5,-2.0,14.1,14.5
243.271,29,107.0,1036.0,29.0,1.0,18.72,83.5,-2.0,14.1,14.5
243.332,29,107.0,1036.0,29.0,0.0,18.72,83.5,-2.0,14.1,14.5
243.421,29,107.0,1036.0,29.0,0.0,18.86,83.5,-2.0,14.1,14.5
243.512,29,107.0,1036.0,29.0,0.0,18.86,83.5,-2.0,14.1,14.5
243.6,29,107.0,1036.0,29.0,0.0,18.86,83.5,-2.0,14.1,14.5
243.69,29,107.0,1036.0,29.0,0.0,18.86,83.5,-2.0,14.1,14.5
243.78,29,107.0,1036.0,29.0,0.0,18.86,83.5,-2.0,14.1,14.5
243.871,29,107.0,1036.0,29.0,0.0,18.86,83.5,-2.0,14.1,14.5
243.934,29,107.0,1036.0,29.0,0.0,18.86,83.5,-2.0,14.1,14.5
244.021,29,107.0,1040.0,29.0,0.0,18.86,83.5,-2.0,14.1,14.5
244.081,29,107.0,1040.0,30.0,0.0,18.86,83.5,-2.0,14.1,14.5
244.171,29,107.0,1040.0,30.0,1.0,18.86,83.5,-2.0,14.1,14.5
244.231,29,107.0,1040.0,30.0,1.0,19.13,83.5,-2.0,14.1,14.5
244.32,29,107.0,1040.0,30.0,1.0,19.13,83.5,-2.0,14.1,14.5
244.382,29,107.0,1040.0,30.0,1.0,19.13,83.5,-2.0,14.1,14.5
244.471,29,107.0,1040.0,30.0,1.0,19.13,83.5,-2.0,14.1,14.5
244.533,29,107.0,1040.0,30.0,1.0,19.13,83.5,-2.0,14.1,14.5
244.621,29,107.0,1040.0,30.0,1.0,19.13,83.5,-2.0,14.1,14.5
244.682,29,107.0,1040.0,30.0,1.0,19.13,83.5,-2.0,14.1,14.5
244.771,29,107.0,1039.0,30.0,1.0,19.13,83.5,-2.0,14.1,14.5
244.834,29,107.0,1039.0,30.0,1.0,19.13,83.5,-2.0,14.1,14.5
244.92,29,107.0,1039.0,30.0,1.0,19.13,83.5,-2.0,14.1,14.5
244.981,29,107.0,1039.0,30.0,1.0,19.13,83.5,-2.0,14.1,14.5
245.07,29,107.0,1039.0,30.0,1.0,19.13,83.5,-2.0,14.1,14.5
245.161,29,107.0,1039.0,30.0,1.0,19.13,83.5,-2.0,14.1,14.5
245.221,29,107.0,1039.0,30.0,1.0,19.13,83.5,-2.0,14.1,14.5
245.285,29,107.0,1039.0,30.0,1.0,19.13,83.5,-2.0,14.1,14.5
245.37,29,107.0,1039.0,30.0,1.0,19.13,83.5,-2.0,14.1,14.5
245.431,29,107.0,1039.0,30.0,1.0,19.13,83.5,-2.0,14.1,14.5
245.52,29,107.0,1039.0,30.0,1.0,19.13,83.5,-2.0,14.1,14.5
245.582,29,107.0,1039.0,29.0,1.0,19.13,83.5,-2.0,14.1,14.5
245.67,29,107.0,1039.0,29.0,1.0,19.13,83.5,-2.0,14.1,14.5
245.733,29,107.0,1039.0,29.0,1.0,18.72,83.5,-2.0,14.1,14.5
245.821,29,107.0,1039.0,29.0,1.0,18.72,83.5,-2.0,14.1,14.5
245.885,29,107.0,1039.0,29.0,1.0,18.72,83.5,-2.0,14.1,14.5
245.971,29,107.0,1039.0,29.0,1.0,18.72,83.5,-2.0,14.5,14.5
246.031,29,107.0,1039.0,29.0,1.0,18.72,83.5,-2.0,14.5,14.5
246.12,29,107.0,1039.0,29.0,1.0,18.72,83.5,-2.0,14.5,14.5
246.182,29,107.0,1039.0,29.0,1.0,18.72,83.5,-2.0,14.5,14.5
246.27,29,107.0,1041.0,29.0,1.0,18.72,83.5,-2.0,14.5,14.5
246.334,29,107.0,1041.0,28.0,1.0,18.72,83.5,-2.0,14.5,14.5
246.42,29,107.0,1041.0,28.0,1.0,18.72,83.5,-2.0,14.5,14.5
246.482,29,107.0,1041.0,28.0,1.0,19.24,83.5,-2.0,14.5,14.5
246.57,29,107.0,1041.0,28.0,1.0,19.24,83.5,-2.0,14.5,14.5
246.632,29,107.0,1041.0,28.0,1.0,19.24,83.5,-2.0,14.5,14.5
246.721,29,107.0,1041.0,28.0,1.0,19.24,83.5,-2.0,14.1,14.5
246.79,29,107.0,1041.0,28.0,1.0,19.24,83.5,-2.0,14.1,14.1
246.87,29,107.0,1041.0,28.0,1.0,19.24,83.5,-2.0,14.1,14.1
246.936,29,107.0,1041.0,28.0,1.0,19.24,83.5,-2.0,14.1,14.1
247.02,29,107.0,1038.0,28.0,1.0,19.24,83.5,-2.0,14.1,14.1
247.082,29,107.0,1038.0,26.0,1.0,19.24,83.5,-2.0,14.1,14.1
247.17,29,107.0,1038.0,26.0,1.0,19.24,83.5,-2.0,14.1,14.1
247.235,29,107.0,1038.0,26.0,1.0,18.99,83.5,-2.0,14.1,14.1
247.32,29,107.0,1038.0,26.0,1.0,18.99,83.5,-2.0,14.1,14.1
247.384,29,107.0,1038.0,26.0,1.0,18.99,83.5,-2.0,14.1,14.1
247.47,29,107.0,1038.0,26.0,1.0,18.99,83.5,-2.0,14.5,14.1
247.534,29,107.0,1038.0,26.0,1.0,18.99,83.5,-2.0,14.5,14.5
247.62,29,107.0,1038.0,26.0,1.0,18.99,83.5,-2.0,14.5,14.5
247.683,29,107.0,1038.0,26.0,1.0,18.99,83.5,-2.0,14.5,14.5
247.773,29,107.0,1036.0,26.0,1.0,18.99,83.5,-2.0,14.5,14.5
247.891,29,107.0,1036.0,24.0,1.0,18.99,83.5,-2.0,14.5,14.5
247.98,29,107.0,1036.0,24.0,1.0,18.99,83.5,-2.0,14.5,14.5
248.07,29,107.0,1036.0,24.0,1.0,18.97,83.5,-2.0,14.5,14.5
248.131,29,107.0,1036.0,24.0,1.0,18.97,83.5,-2.0,14.5,14.5
248.22,29,107.0,1036.0,24.0,1.0,18.97,83.5,-2.0,14.5,14.5
248.281,29,107.0,1036.0,24.0,1.0,18.97,83.5,-2.0,14.1,14.5
248.37,29,107.0,1036.0,24.0,1.0,18.97,83.5,-2.0,14.1,14.5
248.431,29,107.0,1036.0,24.0,1.0,18.97,83.5,-2.0,14.1,14.5
248.52,29,107.0,1036.0,24.0,1.0,18.97,83.5,-2.0,14.1,14.5
248.585,29,107.0,1037.0,24.0,1.0,18.97,83.5,-2.0,14.1,14.5
248.671,29,107.0,1037.0,22.0,1.0,18.97,83.5,-2.0,14.1,14.5
248.731,29,107.0,1037.0,22.0,1.0,18.97,83.5,-2.0,14.1,14.5
248.82,29,107.0,1037.0,22.0,1.0,18.72,83.5,-2.0,14.1,14.5
248.883,29,107.0,1037.0,22.0,1.0,18.72,83.5,-2.0,14.1,14.5
248.97,29,107.0,1037.0,22.0,1.0,18.72,83.5,-2.0,14.1,14.5
249.03,29,107.0,1037.0,22.0,1.0,18.72,83.5,-2.0,14.1,14.5
249.121,29,107.0,1037.0,22.0,1.0,18.72,83.5,-2.0,14.1,14.5
249.181,30,107.0,1037.0,22.0,1.0,18.72,83.5,-2.0,14.1,14.5
249.271,30,107.0,1037.0,22.0,1.0,18.72,83.5,-2.0,14.1,14.5
249.332,30,107.0,1040.0,22.0,1.0,18.72,83.5,-2.0,14.1,14.5
249.42,30,107.0,1040.0,20.0,1.0,18.72,83.5,-2.0,14.1,14.5
249.483,30,107.0,1040.0,20.0,1.0,18.72,83.5,-2.0,14.1,14.5
249.57,30,107.0,1040.0,20.0,1.0,18.99,83.5,-2.0,14.1,14.5
249.632,30,107.0,1040.0,20.0,1.0,18.99,83.5,-2.0,14.1,14.5
249.72,30,107.0,1040.0,20.0,1.0,18.99,83.5,-2.0,14.1,14.5
249.783,30,107.0,1040.0,20.0,1.0,18.99,83.5,-2.0,14.1,14.5
249.87,30,107.0,1040.0,20.0,1.0,18.99,83.5,-2.0,14.1,14.5
249.936,30,107.0,1040.0,20.0,1.0,18.99,83.5,-2.0,14.1,14.5
250.02,30,107.0,1040.0,20.0,1.0,18.99,83.5,-2.0,14.1,14.5
250.081,30,107.0,1038.0,20.0,1.0,18.99,83.5,-2.0,14.1,14.5
250.17,30,107.0,1038.0,18.0,1.0,18.99,83.5,-2.0,14.1,14.5
250.231,30,107.0,1038.0,18.0,1.0,18.99,83.5,-2.0,14.1,14.5
250.32,30,107.0,1038.0,18.0,1.0,18.86,83.5,-2.0,14.1,14.5
250.381,30,107.0,1038.0,18.0,1.0,18.86,83.5,-2.0,14.1,14.5
250.47,30,107.0,1038.0,18.0,1.0,18.86,83.5,-2.0,14.1,14.5
250.531,30,107.0,1038.0,18.0,1.0,18.86,83.5,-2.0,14.1,14.5
250.62,30,107.0,1038.0,18.0,1.0,18.86,83.5,-2.0,14.1,14.5
250.683,30,107.0,1038.0,18.0,1.0,18.86,83.5,-2.0,14.1,14.5
250.771,30,107.0,1038.0,18.0,1.0,18.86,83.5,-2.0,14.1,14.5
250.832,30,107.0,1039.0,18.0,1.0,18.86,83.5,-2.0,14.1,14.5
250.921,30,107.0,1039.0,14.0,1.0,18.86,83.5,-2.0,14.1,14.5
250.98,30,107.0,1039.0,14.0,1.0,18.86,83.5,-2.0,14.1,14.5
251.071,30,107.0,1039.0,14.0,1.0,18.91,83.5,-2.0,14.1,14.5
251.131,30,107.0,1039.0,14.0,1.0,18.91,83.5,-2.0,14.1,14.5
251.22,30,107.0,1039.0,14.0,1.0,18.91,83.5,-2.0,14.1,14.5
251.282,30,107.0,1039.0,14.0,1.0,18.91,83.5,-2.0,14.1,14.5
251.371,30,107.0,1039.0,14.0,1.0,18.91,83.5,-2.0,14.1,14.5
251.432,30,107.0,1039.0,14.0,1.0,18.91,83.5,-2.0,14.1,14.5
251.52,30,107.0,1039.0,14.0,1.0,18.91,83.5,-2.0,14.1,14.5
251.581,30,107.0,1038.0,14.0,1.0,18.91,83.5,-2.0,14.1,14.5
251.67,30,107.0,1038.0,9.0,1.0,18.91,83.5,-2.0,14.1,14.5
251.732,30,107.0,1038.0,9.0,1.0,18.91,83.5,-2.0,14.1,14.5
251.821,30,107.0,1038.0,9.0,1.0,18.94,83.5,-2.0,14.1,14.5
251.884,30,107.0,1038.0,9.0,1.0,18.94,83.5,-2.0,14.1,14.5
251.97,30,107.0,1038.0,9.0,1.0,18.94,83.5,-2.0,14.1,14.5
252.031,30,107.0,1038.0,9.0,1.0,18.94,83.5,-2.0,14.1,14.5
252.12,30,107.0,1038.0,9.0,1.0,18.94,83.5,-2.0,14.1,14.5
252.182,30,107.0,1038.0,9.0,1.0,18.94,83.5,-2.0,14.1,14.5
252.27,30,107.0,1038.0,9.0,1.0,18.94,83.5,-2.0,14.1,14.5
252.331,30,107.0,1039.0,9.0,1.0,18.94,83.5,-2.0,14.1,14.5
252.42,30,107.0,1039.0,6.0,1.0,18.94,83.5,-2.0,14.1,14.5
252.481,30,107.0,1039.0,6.0,1.0,18.94,83.5,-2.0,14.1,14.5
252.571,30,107.0,1039.0,6.0,1.0,18.86,83.5,-2.0,14.1,14.5
252.632,30,107.0,1039.0,6.0,1.0,18.86,83.5,-2.0,14.1,14.5
252.72,30,107.0,1039.0,6.0,1.0,18.86,83.5,-2.0,14.1,14.5
252.784,30,107.0,1039.0,6.0,1.0,18.86,83.5,-2.0,14.1,14.5
252.87,30,107.0,1039.0,6.0,1.0,18.86,83.5,-2.0,14.1,14.5
252.932,30,107.0,1039.0,6.0,1.0,18.86,83.5,-2.0,14.1,14.5
253.021,30,107.0,1039.0,6.0,1.0,18.86,83.5,-2.0,14.1,14.5
253.081,30,107.0,1041.0,6.0,1.0,18.86,83.5,-2.0,14.1,14.5
253.17,30,107.0,1041.0,6.0,1.0,18.86,83.5,-2.0,14.1,14.5
253.231,30,107.0,1041.0,6.0,1.0,18.86,83.5,-2.0,14.1,14.5
253.32,30,107.0,1041.0,6.0,1.0,18.83,83.5,-2.0,14.1,14.5
253.384,30,107.0,1041.0,6.0,1.0,18.83,83.5,-2.0,14.1,14.5
253.47,30,107.0,1041.0,6.0,1.0,18.83,83.5,-2.0,14.1,14.5
253.532,30,107.0,1041.0,6.0,1.0,18.83,83.5,-2.0,14.1,14.5
253.62,30,107.0,1041.0,6.0,1.0,18.83,83.5,-2.0,14.1,14.5
253.683,30,107.0,1041.0,6.0,1.0,18.83,83.5,-2.0,14.1,14.5
253.771,30,107.0,1041.0,6.0,1.0,18.83,83.5,-2.0,14.1,14.5
253.832,30,107.0,1039.0,6.0,1.0,18.83,83.5,-2.0,14.1,14.5
253.921,30,107.0,1039.0,5.0,1.0,18.83,83.5,-2.0,14.1,14.5
253.98,30,107.0,1039.0,5.0,1.0,18.83,83.5,-2.0,14.1,14.5
254.07,30,107.0,1039.0,5.0,1.0,18.99,83.5,-2.0,14.1,14.5
254.131,30,107.0,1039.0,5.0,1.0,18.99,83.5,-2.0,14.1,14.5
254.221,30,107.0,1039.0,5.0,1.0,18.99,83.5,-2.0,14.1,14.5
254.283,30,107.0,1039.0,5.0,1.0,18.99,83.5,-2.0,14.1,14.5
254.371,30,107.0,1039.0,5.0,1.0,18.99,83.5,-2.0,14.1,14.5
254.433,30,107.0,1039.0,5.0,1.0,18.99,83.5,-2.0,14.1,14.5
254.52,30,107.0,1039.0,5.0,1.0,18.99,83.5,-2.0,14.1,14.5
254.583,30,107.0,1043.0,5.0,1.0,18.99,83.5,-2.0,14.1,14.5
254.67,30,107.0,1043.0,3.0,1.0,18.99,83.5,-2.0,14.1,14.5
254.732,30,107.0,1043.0,3.0,1.0,18.99,83.5,-2.0,14.1,14.5
254.82,30,107.0,1043.0,3.0,1.0,18.88,83.5,-2.0,14.1,14.5
254.884,30,107.0,1043.0,3.0,1.0,18.88,83.5,-2.0,14.1,14.5
254.97,30,107.0,1043.0,3.0,1.0,18.88,83.5,-2.0,14.1,14.5
255.031,30,107.0,1043.0,3.0,1.0,18.88,83.5,-2.0,14.1,14.5
255.12,30,107.0,1043.0,3.0,1.0,18.88,83.5,-2.0,14.1,14.5
255.183,30,107.0,1043.0,3.0,1.0,18.88,83.5,-2.0,14.1,14.5
255.27,30,107.0,1043.0,3.0,1.0,18.88,83.5,-2.0,14.1,14.5
255.335,30,107.0,1041.0,3.0,1.0,18.88,83.5,-2.0,14.1,14.5
255.424,30,107.0,1041.0,1.0,1.0,18.88,83.5,-2.0,14.1,14.5
255.482,30,107.0,1041.0,1.0,1.0,18.88,83.5,-2.0,14.1,14.5
255.57,30,107.0,1041.0,1.0,1.0,18.91,83.5,-2.0,14.1,14.5
255.631,30,107.0,1041.0,1.0,1.0,18.91,83.5,-2.0,14.1,14.5
255.72,30,107.0,1041.0,1.0,1.0,18.91,83.5,-2.0,14.1,14.5
255.783,30,107.0,1041.0,1.0,1.0,18.91,83.5,-2.0,14.1,14.5
255.872,30,107.0,1041.0,1.0,1.0,18.91,83.5,-2.0,14.1,14.5
255.963,30,107.0,1041.0,1.0,1.0,18.91,83.5,-2.0,14.1,14.5
256.05,30,107.0,1041.0,1.0,1.0,18.91,83.5,-2.0,14.1,14.5
256.141,30,107.0,1041.0,1.0,1.0,18.91,83.5,-2.0,14.1,14.5
256.231,30,107.0,1041.0,0.0,1.0,18.91,83.5,-2.0,14.1,14.5
256.323,30,107.0,1041.0,0.0,1.0,18.91,83.5,-2.0,14.1,14.5
256.41,30,107.0,1041.0,0.0,1.0,18.94,83.5,-2.0,14.1,14.5
256.503,30,107.0,1041.0,0.0,1.0,18.94,83.5,-2.0,14.1,14.5
256.591,30,107.0,1041.0,0.0,1.0,18.94,83.5,-2.0,14.1,14.5
256.68,30,107.0,1041.0,0.0,1.0,18.94,83.5,-2.0,14.1,14.5
256.773,30,107.0,1041.0,0.0,1.0,18.94,83.5,-2.0,14.1,14.5
256.862,30,107.0,1041.0,0.0,1.0,18.94,83.5,-2.0,14.1,14.5
256.924,30,107.0,1041.0,0.0,1.0,18.94,83.5,-2.0,14.1,14.5
257.011,30,107.0,1042.0,0.0,1.0,18.94,83.5,-2.0,14.1,14.5
257.071,30,107.0,1042.0,0.0,1.0,18.94,83.5,-2.0,14.1,14.5
257.16,30,107.0,1042.0,0.0,1.0,18.94,83.5,-2.0,14.1,14.5
257.225,30,107.0,1042.0,0.0,1.0,18.77,83.5,-2.0,14.1,14.5
257.312,30,107.0,1042.0,0.0,1.0,18.77,83.5,-2.0,14.1,14.5
257.372,30,107.0,1042.0,0.0,1.0,18.77,83.5,-2.0,14.1,14.5
257.461,30,107.0,1042.0,0.0,1.0,18.77,83.5,-2.0,14.5,14.5
257.524,30,107.0,1042.0,0.0,1.0,18.77,83.5,-2.0,14.5,14.5
257.611,30,107.0,1042.0,0.0,1.0,18.77,83.5,-2.0,14.5,14.5
257.673,30,107.0,1042.0,0.0,1.0,18.77,83.5,-2.0,14.5,14.5
257.763,30,107.0,1026.0,0.0,1.0,18.77,83.5,-2.0,14.5,14.5
257.823,30,107.0,1026.0,1.0,1.0,18.77,83.5,-2.0,14.5,14.5
257.91,30,107.0,1026.0,1.0,1.0,18.77,83.5,-2.0,14.5,14.5
257.971,30,107.0,1026.0,1.0,1.0,18.49,83.5,-2.0,14.5,14.5
258.06,30,107.0,1026.0,1.0,1.0,18.49,83.5,-2.0,14.5,14.5
258.121,30,107.0,1026.0,1.0,1.0,18.49,83.5,-2.0,14.5,14.5
258.213,30,107.0,1026.0,1.0,1.0,18.49,83.5,-2.0,14.5,14.5
258.272,30,107.0,1026.0,1.0,1.0,18.49,83.5,-2.0,14.5,14.5
258.361,30,107.0,1026.0,1.0,1.0,18.49,83.5,-2.0,14.5,14.5
258.423,30,107.0,1026.0,1.0,1.0,18.49,83.5,-2.0,14.5,14.5
258.51,30,107.0,1015.0,1.0,1.0,18.49,83.5,-2.0,14.5,14.5
258.574,30,107.0,1015.0,1.0,1.0,18.49,83.5,-2.0,14.5,14.5
258.663,30,107.0,1015.0,1.0,1.0,18.49,83.5,-2.0,14.5,14.5
258.723,30,107.0,1015.0,1.0,1.0,18.27,83.5,-2.0,14.5,14.5
258.811,30,107.0,1015.0,1.0,1.0,18.27,83.5,-2.0,14.5,14.5
258.872,30,107.0,1015.0,1.0,1.0,18.27,83.5,-2.0,14.5,14.5
258.96,30,107.0,1015.0,1.0,1.0,18.27,83.5,-2.0,14.5,14.5
259.021,30,107.0,1015.0,1.0,1.0,18.27,83.5,-2.0,14.5,14.5
259.11,30,107.0,1015.0,1.0,1.0,18.27,83.5,-2.0,14.5,14.5
259.174,30,107.0,1015.0,1.0,1.0,18.27,83.5,-2.0,14.5,14.5
259.262,30,107.0,987.0,1.0,1.0,18.27,83.5,-2.0,14.5,14.5
259.325,30,107.0,987.0,3.0,1.0,18.27,83.5,-2.0,14.5,14.5
259.41,30,107.0,987.0,3.0,1.0,18.27,83.5,-2.0,14.5,14.5
259.472,30,107.0,987.0,3.0,1.0,17.99,83.5,-2.0,14.5,14.5
259.56,30,107.0,987.0,3.0,1.0,17.99,83.5,-2.0,14.5,14.5
259.623,30,107.0,987.0,3.0,1.0,17.99,83.5,-2.0,14.5,14.5
259.71,30,107.0,987.0,3.0,1.0,17.99,83.5,-2.0,14.5,14.5
259.773,30,107.0,987.0,3.0,1.0,17.99,83.5,-2.0,14.5,14.1
259.862,30,107.0,987.0,3.0,1.0,17.99,83.5,-2.0,14.5,14.1
259.927,30,108.0,987.0,3.0,1.0,17.99,83.5,-2.0,14.5,14.1
260.01,30,108.0,981.0,3.0,1.0,17.99,83.5,-2.0,14.5,14.1
260.07,30,108.0,981.0,5.0,1.0,17.99,83.5,-2.0,14.5,14.1
260.16,30,108.0,981.0,5.0,1.0,17.99,83.5,-2.0,14.5,14.1
260.223,30,108.0,981.0,5.0,1.0,17.77,83.5,-2.0,14.5,14.1
260.31,30,108.0,981.0,5.0,1.0,17.77,83.5,-2.0,14.5,14.1
260.372,30,108.0,981.0,5.0,1.0,17.77,83.5,-2.0,14.5,14.1
260.459,30,108.0,981.0,5.0,1.0,17.77,83.5,-2.0,14.9,14.1
260.521,30,108.0,981.0,5.0,1.0,17.77,83.5,-2.0,14.9,14.9
260.611,30,108.0,981.0,5.0,1.0,17.77,83.5,-2.0,14.9,14.9
260.672,30,108.0,981.0,5.0,1.0,17.77,83.5,-2.0,14.9,14.9
260.761,30,108.0,1079.0,5.0,1.0,17.77,83.5,-2.0,14.9,14.9
260.825,30,108.0,1079.0,9.0,1.0,17.77,83.5,-2.0,14.9,14.9
260.91,30,108.0,1079.0,9.0,1.0,17.77,83.5,-2.0,14.9,14.9
260.97,30,108.0,1079.0,9.0,1.0,21.44,83.5,-2.0,14.9,14.9
261.061,30,108.0,1079.0,9.0,1.0,21.44,83.5,-2.0,14.9,14.9
261.122,30,108.0,1079.0,9.0,1.0,21.44,83.5,-2.0,14.9,14.9
261.211,30,108.0,1079.0,9.0,1.0,21.44,83.5,-2.0,32.5,14.9
261.331,30,108.0,1079.0,9.0,1.0,21.44,83.5,-2.0,32.5,36.5
261.422,30,108.0,1079.0,9.0,1.0,21.44,83.5,-2.0,32.5,36.5
261.51,30,110.0,1079.0,9.0,1.0,21.44,83.5,-2.0,32.5,36.5
261.572,30,110.0,1600.0,9.0,1.0,21.44,83.5,-2.0,32.5,36.5
261.663,30,110.0,1600.0,13.0,1.0,21.44,83.5,-2.0,32.5,36.5
261.725,30,110.0,1600.0,13.0,2.0,21.44,83.5,-2.0,32.5,36.5
261.81,30,110.0,1600.0,13.0,2.0,37.19,83.5,-2.0,32.5,36.5
261.873,30,110.0,1600.0,13.0,2.0,37.19,83.5,-2.0,32.5,36.5
261.962,30,110.0,1600.0,13.0,2.0,37.19,83.5,-2.0,32.5,36.5
262.021,30,110.0,1600.0,13.0,2.0,37.19,83.5,-2.0,44.3,36.5
262.11,30,110.0,1600.0,13.0,2.0,37.19,83.5,-2.0,44.3,44.7
262.172,30,110.0,1600.0,13.0,2.0,37.19,83.5,-2.0,44.3,44.7
262.261,30,145.0,1600.0,13.0,2.0,37.19,83.5,-2.0,44.3,44.7
262.323,30,145.0,2166.0,13.0,2.0,37.19,83.5,-2.0,44.3,44.7
262.41,30,145.0,2166.0,19.0,2.0,37.19,83.5,-2.0,44.3,44.7
262.472,30,145.0,2166.0,19.0,5.0,37.19,83.5,-2.0,44.3,44.7
262.561,30,145.0,2166.0,19.0,5.0,51.74,83.5,-2.0,44.3,44.7
262.624,30,145.0,2166.0,19.0,5.0,51.74,37.6,-2.0,44.3,44.7
262.712,30,145.0,2166.0,19.0,5.0,51.74,37.6,-2.0,44.3,44.7
262.773,30,145.0,2166.0,19.0,5.0,51.74,37.6,-2.0,14.1,44.7
262.892,30,145.0,2166.0,19.0,5.0,51.74,37.6,-2.0,14.1,14.5
262.979,30,145.0,2166.0,19.0,5.0,51.74,37.6,-2.0,14.1,14.5
263.07,30,101.0,2166.0,19.0,5.0,51.74,37.6,-2.0,14.1,14.5
263.16,30,101.0,1370.0,19.0,5.0,51.74,37.6,-2.0,14.1,14.5
263.221,30,101.0,1370.0,20.0,5.0,51.74,37.6,-2.0,14.1,14.5
263.31,30,101.0,1370.0,20.0,5.0,51.74,37.6,-2.0,14.1,14.5
263.372,30,101.0,1370.0,20.0,5.0,24.47,37.6,-2.0,14.1,14.5
263.462,30,101.0,1370.0,20.0,5.0,24.47,80.8,-2.0,14.1,14.5
263.525,30,101.0,1370.0,20.0,5.0,24.47,80.8,-2.0,14.1,14.5
263.61,30,101.0,1370.0,20.0,5.0,24.47,80.8,-2.0,49.4,14.5
263.672,30,101.0,1370.0,20.0,5.0,24.47,80.8,-2.0,49.4,53.3
263.763,30,101.0,1370.0,20.0,5.0,24.47,80.8,-2.0,49.4,53.3
263.823,30,123.0,1370.0,20.0,5.0,24.47,80.8,-2.0,49.4,53.3
263.911,30,123.0,1466.0,20.0,5.0,24.47,80.8,-2.0,49.4,53.3
263.971,30,123.0,1466.0,25.0,5.0,24.47,80.8,-2.0,49.4,53.3
264.06,30,123.0,1466.0,25.0,3.0,24.47,80.8,-2.0,49.4,53.3
264.122,30,123.0,1466.0,25.0,3.0,38.63,80.8,-2.0,49.4,53.3
264.211,30,123.0,1466.0,25.0,3.0,38.63,83.5,-2.0,49.4,53.3
264.272,30,123.0,1466.0,25.0,3.0,38.63,83.5,-2.0,49.4,53.3
264.364,30,123.0,1466.0,25.0,3.0,38.63,83.5,-2.0,56.9,53.3
264.426,30,123.0,1466.0,25.0,3.0,38.63,83.5,-2.0,56.9,57.3
264.51,30,123.0,1466.0,25.0,3.0,38.63,83.5,-2.0,56.9,57.3
264.572,30,183.0,1466.0,25.0,3.0,38.63,83.5,-2.0,56.9,57.3
264.662,30,183.0,1893.0,25.0,3.0,38.63,83.5,-2.0,56.9,57.3
264.723,30,183.0,1893.0,32.0,3.0,38.63,83.5,-2.0,56.9,57.3
264.811,30,183.0,1893.0,32.0,5.0,38.63,83.5,-2.0,56.9,57.3
264.873,30,183.0,1893.0,32.0,5.0,75.72,83.5,-2.0,56.9,57.3
264.96,30,183.0,1893.0,32.0,5.0,75.72,83.5,-2.0,56.9,57.3
265.021,30,183.0,1893.0,32.0,5.0,75.72,83.5,-2.0,56.9,57.3
265.11,30,183.0,1893.0,32.0,5.0,75.72,83.5,-2.0,53.3,57.3
265.173,30,183.0,1893.0,32.0,5.0,75.72,83.5,-2.0,53.3,52.9
265.262,30,183.0,1893.0,32.0,5.0,75.72,83.5,-2.0,53.3,52.9
265.325,30,205.0,1893.0,32.0,5.0,75.72,83.5,-2.0,53.3,52.9
265.412,30,205.0,2349.0,32.0,5.0,75.72,83.5,-2.0,53.3,52.9
265.471,30,205.0,2349.0,41.0,5.0,75.72,83.5,-2.0,53.3,52.9
265.562,30,205.0,2349.0,41.0,7.0,75.72,83.5,-2.0,53.3,52.9
265.625,30,205.0,2349.0,41.0,7.0,82.66,83.5,-2.0,53.3,52.9
265.71,30,205.0,2349.0,41.0,7.0,82.66,83.5,-2.0,53.3,52.9
265.773,30,205.0,2349.0,41.0,7.0,82.66,83.5,-2.0,53.3,52.9
265.862,30,205.0,2349.0,41.0,7.0,82.66,83.5,-2.0,14.1,52.9
265.924,30,205.0,2349.0,41.0,7.0,82.66,83.5,-2.0,14.1,14.5
266.01,30,205.0,2349.0,41.0,7.0,82.66,83.5,-2.0,14.1,14.5
266.071,30,106.0,2349.0,41.0,7.0,82.66,83.5,-2.0,14.1,14.5
266.164,30,106.0,1961.0,41.0,7.0,82.66,83.5,-2.0,14.1,14.5
266.224,30,106.0,1961.0,43.0,7.0,82.66,83.5,-2.0,14.1,14.5
266.31,30,106.0,1961.0,43.0,7.0,82.66,83.5,-2.0,14.1,14.5
266.37,30,106.0,1961.0,43.0,7.0,29.61,83.5,-2.0,14.1,14.5
266.46,30,106.0,1961.0,43.0,7.0,29.61,31.0,-2.0,14.1,14.5
266.521,30,106.0,1961.0,43.0,7.0,29.61,31.0,-2.0,14.1,14.5
266.611,30,106.0,1961.0,43.0,7.0,29.61,31.0,-2.0,43.5,14.5
266.676,30,106.0,1961.0,43.0,7.0,29.61,31.0,-2.0,43.5,47.5
266.763,30,106.0,1961.0,43.0,7.0,29.61,31.0,-2.0,43.5,47.5
266.822,30,110.0,1961.0,43.0,7.0,29.61,31.0,-2.0,43.5,47.5
266.91,30,110.0,1630.0,43.0,7.0,29.61,31.0,-2.0,43.5,47.5
266.97,30,110.0,1630.0,44.0,7.0,29.61,31.0,-2.0,43.5,47.5
267.06,30,110.0,1630.0,44.0,4.0,29.61,31.0,-2.0,43.5,47.5
267.122,30,110.0,1630.0,44.0,4.0,38.44,31.0,-2.0,43.5,47.5
267.212,30,110.0,1630.0,44.0,4.0,38.44,83.5,-2.0,43.5,47.5
267.272,30,110.0,1630.0,44.0,4.0,38.44,83.5,-2.0,43.5,47.5
267.361,30,110.0,1630.0,44.0,4.0,38.44,83.5,-2.0,56.9,47.5
267.425,30,110.0,1630.0,44.0,4.0,38.44,83.5,-2.0,56.9,57.6
267.51,30,110.0,1630.0,44.0,4.0,38.44,83.5,-2.0,56.9,57.6
267.572,30,175.0,1630.0,44.0,4.0,38.44,83.5,-2.0,56.9,57.6
267.663,30,175.0,1784.0,44.0,4.0,38.44,83.5,-2.0,56.9,57.6
267.723,30,175.0,1784.0,48.0,4.0,38.44,83.5,-2.0,56.9,57.6
267.81,30,175.0,1784.0,48.0,2.0,38.44,83.5,-2.0,56.9,57.6
267.929,30,175.0,1784.0,48.0,2.0,68.52,83.5,-2.0,56.9,57.6
268.019,30,175.0,1784.0,48.0,2.0,68.52,83.5,-2.0,56.9,57.6
268.109,30,175.0,1784.0,48.0,2.0,68.52,83.5,-2.0,56.9,57.6
268.171,30,175.0,1784.0,48.0,2.0,68.52,83.5,-2.0,56.1,57.6
268.26,30,175.0,1784.0,48.0,2.0,68.52,83.5,-2.0,56.1,56.9
268.324,30,175.0,1784.0,48.0,2.0,68.52,83.5,-2.0,56.1,56.9
268.411,30,208.0,1784.0,48.0,2.0,68.52,83.5,-2.0,56.1,56.9
268.472,30,208.0,2016.0,48.0,2.0,68.52,83.5,-2.0,56.1,56.9
268.563,30,208.0,2016.0,54.0,2.0,68.52,83.5,-2.0,56.1,56.9
268.623,30,208.0,2016.0,54.0,5.0,68.52,83.5,-2.0,56.1,56.9
268.71,30,208.0,2016.0,54.0,5.0,73.66,83.5,-2.0,56.1,56.9
268.772,30,208.0,2016.0,54.0,5.0,73.66,83.5,-2.0,56.1,56.9
268.861,30,208.0,2016.0,54.0,5.0,73.66,83.5,-2.0,56.1,56.9
268.927,30,208.0,2016.0,54.0,5.0,73.66,83.5,-2.0,18.0,56.9
269.01,30,208.0,2016.0,54.0,5.0,73.66,83.5,-2.0,18.0,14.5
269.072,30,208.0,2016.0,54.0,5.0,73.66,83.5,-2.0,18.0,14.5
269.16,30,124.0,2016.0,54.0,5.0,73.66,83.5,-2.0,18.0,14.5
269.223,30,124.0,1657.0,54.0,5.0,73.66,83.5,-2.0,18.0,14.5
269.31,30,124.0,1657.0,56.0,5.0,73.66,83.5,-2.0,18.0,14.5
269.372,30,124.0,1657.0,56.0,5.0,73.66,83.5,-2.0,18.0,14.5
269.463,30,124.0,1657.0,56.0,5.0,26.36,83.5,-2.0,18.0,14.5
269.523,30,124.0,1657.0,56.0,5.0,26.36,31.0,-2.0,18.0,14.5
269.609,30,124.0,1657.0,56.0,5.0,26.36,31.0,-2.0,18.0,14.5
269.671,30,124.0,1657.0,56.0,5.0,26.36,31.0,-2.0,44.3,14.5
269.76,30,124.0,1657.0,56.0,5.0,26.36,31.0,-2.0,44.3,48.2
269.822,30,124.0,1657.0,56.0,5.0,26.36,31.0,-2.0,44.3,48.2
269.91,30,112.0,1657.0,56.0,5.0,26.36,31.0,-2.0,44.3,48.2
269.97,30,112.0,1446.0,56.0,5.0,26.36,31.0,-2.0,44.3,48.2
270.06,30,112.0,1446.0,56.0,5.0,26.36,31.0,-2.0,44.3,48.2
270.121,30,112.0,1446.0,56.0,2.0,26.36,31.0,-2.0,44.3,48.2
270.211,30,112.0,1446.0,56.0,2.0,32.33,31.0,-2.0,44.3,48.2
270.272,30,112.0,1446.0,56.0,2.0,32.33,83.5,-2.0,44.3,48.2
270.362,30,112.0,1446.0,56.0,2.0,32.33,83.5,-2.0,44.3,48.2
270.426,30,112.0,1446.0,56.0,2.0,32.33,83.5,-2.0,54.5,48.2
270.51,30,112.0,1446.0,56.0,2.0,32.33,83.5,-2.0,54.5,55.3
270.572,30,112.0,1446.0,56.0,2.0,32.33,83.5,-2.0,54.5,55.3
270.661,30,153.0,1446.0,56.0,2.0,32.33,83.5,-2.0,54.5,55.3
270.725,30,153.0,1512.0,56.0,2.0,32.33,83.5,-2.0,54.5,55.3
270.81,30,153.0,1512.0,59.0,2.0,32.33,83.5,-2.0,54.5,55.3
270.872,30,153.0,1512.0,59.0,2.0,32.33,83.5,-2.0,54.5,55.3
270.96,30,153.0,1512.0,59.0,2.0,45.58,83.5,-2.0,54.5,55.3
271.021,30,153.0,1512.0,59.0,2.0,45.58,83.5,-2.0,54.5,55.3
271.11,30,153.0,1512.0,59.0,2.0,45.58,83.5,-2.0,54.5,55.3
271.172,30,153.0,1512.0,59.0,2.0,45.58,83.5,-2.0,53.7,55.3
271.263,30,153.0,1512.0,59.0,2.0,45.58,83.5,-2.0,53.7,54.5
271.322,31,153.0,1512.0,59.0,2.0,45.58,83.5,-2.0,53.7,54.5
271.41,31,198.0,1512.0,59.0,2.0,45.58,83.5,-2.0,53.7,54.5
271.473,31,198.0,1595.0,59.0,2.0,45.58,83.5,-2.0,53.7,54.5
271.56,31,198.0,1595.0,62.0,2.0,45.58,83.5,-2.0,53.7,54.5
271.624,31,198.0,1595.0,62.0,4.0,45.58,83.5,-2.0,53.7,54.5
271.71,31,198.0,1595.0,62.0,4.0,53.66,83.5,-2.0,53.7,54.5
271.771,31,198.0,1595.0,62.0,4.0,53.66,83.5,-2.0,53.7,54.5
271.861,31,198.0,1595.0,62.0,4.0,53.66,83.5,-2.0,53.7,54.5
271.923,31,198.0,1595.0,62.0,4.0,53.66,83.5,-2.0,52.5,54.5
272.009,31,198.0,1595.0,62.0,4.0,53.66,83.5,-2.0,52.5,52.5
272.07,31,198.0,1595.0,62.0,4.0,53.66,83.5,-2.0,52.5,52.5
272.162,31,194.0,1595.0,62.0,4.0,53.66,83.5,-2.0,52.5,52.5
272.221,31,194.0,1662.0,62.0,4.0,53.66,83.5,-2.0,52.5,52.5
272.31,31,194.0,1662.0,65.0,4.0,53.66,83.5,-2.0,52.5,52.5
272.371,31,194.0,1662.0,65.0,4.0,53.66,83.5,-2.0,52.5,52.5
272.461,31,194.0,1662.0,65.0,4.0,50.52,83.5,-2.0,52.5,52.5
272.523,31,194.0,1662.0,65.0,4.0,50.52,83.5,-2.0,52.5,52.5
272.611,31,194.0,1662.0,65.0,4.0,50.52,83.5,-1.0,52.5,52.5
272.671,31,194.0,1662.0,65.0,4.0,50.52,83.5,-1.0,47.1,52.5
272.761,31,194.0,1662.0,65.0,4.0,50.52,83.5,-1.0,47.1,47.5
272.822,31,194.0,1662.0,65.0,4.0,50.52,83.5,-1.0,47.1,47.5
272.91,31,166.0,1662.0,65.0,4.0,50.52,83.5,-1.0,47.1,47.5
272.97,31,166.0,1707.0,65.0,4.0,50.52,83.5,-1.0,47.1,47.5
273.06,31,166.0,1707.0,67.0,4.0,50.52,83.5,-1.0,47.1,47.5
273.121,31,166.0,1707.0,67.0,4.0,50.52,83.5,-1.0,47.1,47.5
273.21,31,166.0,1707.0,67.0,4.0,46.22,83.5,-1.0,47.1,47.5
273.271,31,166.0,1707.0,67.0,4.0,46.22,83.5,-1.0,47.1,47.5
273.36,31,166.0,1707.0,67.0,4.0,46.22,83.5,-1.0,47.1,47.5
273.426,31,166.0,1707.0,67.0,4.0,46.22,83.5,-1.0,45.9,47.5
273.51,31,166.0,1707.0,67.0,4.0,46.22,83.5,-1.0,45.9,46.7
273.571,31,166.0,1707.0,67.0,4.0,46.22,83.5,-1.0,45.9,46.7
273.66,31,160.0,1707.0,67.0,4.0,46.22,83.5,-1.0,45.9,46.7
273.721,31,160.0,1739.0,67.0,4.0,46.22,83.5,-1.0,45.9,46.7
273.81,31,160.0,1739.0,68.0,4.0,46.22,83.5,-1.0,45.9,46.7
273.874,31,160.0,1739.0,68.0,4.0,46.22,83.5,-1.0,45.9,46.7
273.961,31,160.0,1739.0,68.0,4.0,47.24,83.5,-1.0,45.9,46.7
274.02,31,160.0,1739.0,68.0,4.0,47.24,83.5,-1.0,45.9,46.7
274.11,31,160.0,1739.0,68.0,4.0,47.24,83.5,-1.0,45.9,46.7
274.171,31,160.0,1739.0,68.0,4.0,47.24,83.5,-1.0,44.3,46.7
274.29,31,160.0,1739.0,68.0,4.0,47.24,83.5,-1.0,44.3,45.1
274.381,31,160.0,1739.0,68.0,4.0,47.24,83.5,-1.0,44.3,45.1
274.47,31,153.0,1739.0,68.0,4.0,47.24,83.5,-1.0,44.3,45.1
274.56,31,153.0,1766.0,68.0,4.0,47.24,83.5,-1.0,44.3,45.1
274.622,31,153.0,1766.0,69.0,4.0,47.24,83.5,-1.0,44.3,45.1
274.71,31,153.0,1766.0,69.0,3.0,47.24,83.5,-1.0,44.3,45.1
274.774,31,153.0,1766.0,69.0,3.0,41.49,83.5,-1.0,44.3,45.1
274.863,31,153.0,1766.0,69.0,3.0,41.49,83.5,-1.0,44.3,45.1
274.951,31,153.0,1766.0,69.0,3.0,41.49,83.5,-1.0,44.3,45.1
275.041,31,153.0,1766.0,69.0,3.0,41.49,83.5,-1.0,41.2,45.1
275.13,31,153.0,1766.0,69.0,3.0,41.49,83.5,-1.0,41.2,42.0
275.222,31,153.0,1766.0,69.0,3.0,41.49,83.5,-1.0,41.2,42.0
275.312,31,125.0,1766.0,69.0,3.0,41.49,83.5,-1.0,41.2,42.0
275.402,31,125.0,1774.0,69.0,3.0,41.49,83.5,-1.0,41.2,42.0
275.492,31,125.0,1774.0,69.0,3.0,41.49,83.5,-1.0,41.2,42.0
275.583,31,125.0,1774.0,69.0,3.0,41.49,83.5,-1.0,41.2,42.0
275.67,31,125.0,1774.0,69.0,3.0,37.16,83.5,-1.0,41.2,42.0
275.763,31,125.0,1774.0,69.0,3.0,37.16,83.5,-1.0,41.2,42.0
275.85,31,125.0,1774.0,69.0,3.0,37.16,83.5,-1.0,41.2,42.0
275.961,31,125.0,1774.0,69.0,3.0,37.16,83.5,-1.0,40.8,42.0
276.06,31,125.0,1774.0,69.0,3.0,37.16,83.5,-1.0,40.8,41.6
276.15,31,125.0,1774.0,69.0,3.0,37.16,83.5,-1.0,40.8,41.6
276.24,31,123.0,1774.0,69.0,3.0,37.16,83.5,-1.0,40.8,41.6
276.33,31,123.0,1775.0,69.0,3.0,37.16,83.5,-1.0,40.8,41.6
276.42,31,123.0,1775.0,69.0,3.0,37.16,83.5,-1.0,40.8,41.6
276.51,31,123.0,1775.0,69.0,2.0,37.16,83.5,-1.0,40.8,41.6
276.6,31,123.0,1775.0,69.0,2.0,38.49,83.5,-1.0,40.8,41.6
276.69,31,123.0,1775.0,69.0,2.0,38.49,83.5,-1.0,40.8,41.6
276.78,31,123.0,1775.0,69.0,2.0,38.49,83.5,-1.0,40.8,41.6
276.872,31,123.0,1775.0,69.0,2.0,38.49,83.5,-1.0,40.4,41.6
276.959,31,123.0,1775.0,69.0,2.0,38.49,83.5,-1.0,40.4,41.2
277.05,31,123.0,1775.0,69.0,2.0,38.49,83.5,-1.0,40.4,41.2
277.14,31,126.0,1775.0,69.0,2.0,38.49,83.5,-1.0,40.4,41.2
277.231,31,126.0,1771.0,69.0,2.0,38.49,83.5,-1.0,40.4,41.2
277.32,31,126.0,1771.0,69.0,2.0,38.49,83.5,-1.0,40.4,41.2
277.411,31,126.0,1771.0,69.0,2.0,38.49,83.5,-1.0,40.4,41.2
277.5,31,126.0,1771.0,69.0,2.0,38.8,83.5,-1.0,40.4,41.2
277.591,31,126.0,1771.0,69.0,2.0,38.8,83.5,-1.0,40.4,41.2
277.681,31,126.0,1771.0,69.0,2.0,38.8,83.5,-1.0,40.4,41.2
277.772,31,126.0,1771.0,69.0,2.0,38.8,83.5,-1.0,40.4,41.2
277.89,31,126.0,1771.0,69.0,2.0,38.8,83.5,-1.0,40.4,41.2
277.98,31,126.0,1771.0,69.0,2.0,38.8,83.5,-1.0,40.4,41.2
278.07,31,127.0,1771.0,69.0,2.0,38.8,83.5,-1.0,40.4,41.2
278.16,31,127.0,1763.0,69.0,2.0,38.8,83.5,-1.0,40.4,41.2
278.25,31,127.0,1763.0,69.0,2.0,38.8,83.5,-1.0,40.4,41.2
278.34,31,127.0,1763.0,69.0,2.0,38.8,83.5,-1.0,40.4,41.2
278.43,31,127.0,1763.0,69.0,2.0,38.58,83.5,-1.0,40.4,41.2
278.521,31,127.0,1763.0,69.0,2.0,38.58,83.5,-1.0,40.4,41.2
278.611,31,127.0,1763.0,69.0,2.0,38.58,83.5,-1.0,40.4,41.2
278.7,31,127.0,1763.0,69.0,2.0,38.58,83.5,-1.0,39.6,41.2
278.79,31,127.0,1763.0,69.0,2.0,38.58,83.5,-1.0,39.6,40.0
278.88,31,127.0,1763.0,69.0,2.0,38.58,83.5,-1.0,39.6,40.0
278.969,31,126.0,1763.0,69.0,2.0,38.58,83.5,-1.0,39.6,40.0
279.06,31,126.0,1763.0,69.0,2.0,38.58,83.5,-1.0,39.6,40.0
279.15,31,126.0,1763.0,69.0,2.0,38.58,83.5,-1.0,39.6,40.0
279.24,31,126.0,1763.0,69.0,2.0,38.58,83.5,-1.0,39.6,40.0
279.33,31,126.0,1763.0,69.0,2.0,37.99,83.5,-1.0,39.6,40.0
279.421,31,126.0,1763.0,69.0,2.0,37.99,83.5,-1.0,39.6,40.0
279.51,31,126.0,1763.0,69.0,2.0,37.99,83.5,-1.0,39.6,40.0
279.601,31,126.0,1763.0,69.0,2.0,37.99,83.5,-1.0,39.2,40.0
279.69,31,126.0,1763.0,69.0,2.0,37.99,83.5,-1.0,39.2,40.0
279.781,32,126.0,1763.0,69.0,2.0,37.99,83.5,-1.0,39.2,40.0
279.871,32,123.0,1763.0,69.0,2.0,37.99,83.5,-1.0,39.2,40.0
279.959,32,123.0,1755.0,69.0,2.0,37.99,83.5,-1.0,39.2,40.0
280.05,32,123.0,1755.0,68.0,2.0,37.99,83.5,-1.0,39.2,40.0
280.14,32,123.0,1755.0,68.0,2.0,37.99,83.5,-1.0,39.2,40.0
280.231,32,123.0,1755.0,68.0,2.0,36.83,83.5,-1.0,39.2,40.0
280.32,32,123.0,1755.0,68.0,2.0,36.83,83.5,-1.0,39.2,40.0
280.41,32,123.0,1755.0,68.0,2.0,36.83,83.5,-1.0,39.2,40.0
280.5,32,123.0,1755.0,68.0,2.0,36.83,83.5,-1.0,39.2,40.0
280.591,32,123.0,1755.0,68.0,2.0,36.83,83.5,-1.0,39.2,40.0
280.682,32,123.0,1755.0,68.0,2.0,36.83,83.5,-1.0,39.2,40.0
280.77,32,123.0,1755.0,68.0,2.0,36.83,83.5,-1.0,39.2,40.0
280.861,32,123.0,1746.0,68.0,2.0,36.83,83.5,-1.0,39.2,40.0
280.95,32,123.0,1746.0,68.0,2.0,36.83,83.5,-1.0,39.2,40.0
281.04,32,123.0,1746.0,68.0,2.0,36.83,83.5,-1.0,39.2,40.0
281.13,32,123.0,1746.0,68.0,2.0,37.61,83.5,-1.0,39.2,40.0
281.22,32,123.0,1746.0,68.0,2.0,37.61,83.5,-1.0,39.2,40.0
281.31,32,123.0,1746.0,68.0,2.0,37.61,83.5,-1.0,39.2,40.0
281.402,32,123.0,1746.0,68.0,2.0,37.61,83.5,-1.0,40.0,40.0
281.49,32,123.0,1746.0,68.0,2.0,37.61,83.5,-1.0,40.0,40.8
281.58,32,123.0,1746.0,68.0,2.0,37.61,83.5,-1.0,40.0,40.8
281.67,32,127.0,1746.0,68.0,2.0,37.61,83.5,-1.0,40.0,40.8
281.76,32,127.0,1743.0,68.0,2.0,37.61,83.5,-1.0,40.0,40.8
281.851,32,127.0,1743.0,68.0,2.0,37.61,83.5,-1.0,40.0,40.8
281.94,32,127.0,1743.0,68.0,2.0,37.61,83.5,-1.0,40.0,40.8
282.03,32,127.0,1743.0,68.0,2.0,37.99,83.5,-1.0,40.0,40.8
282.12,32,127.0,1743.0,68.0,2.0,37.99,83.5,-1.0,40.0,40.8
282.21,32,127.0,1743.0,68.0,2.0,37.99,83.5,-1.0,40.0,40.8
282.3,32,127.0,1743.0,68.0,2.0,37.99,83.5,-1.0,40.8,40.8
282.391,32,127.0,1743.0,68.0,2.0,37.99,83.5,-1.0,40.8,41.6
282.48,32,127.0,1743.0,68.0,2.0,37.99,83.5,-1.0,40.8,41.6
282.57,32,129.0,1743.0,68.0,2.0,37.99,83.5,-1.0,40.8,41.6
282.661,32,129.0,1743.0,68.0,2.0,37.99,83.5,-1.0,40.8,41.6
282.75,32,129.0,1743.0,68.0,2.0,37.99,83.5,-1.0,40.8,41.6
282.84,32,129.0,1743.0,68.0,2.0,37.99,83.5,-1.0,40.8,41.6
282.962,32,129.0,1743.0,68.0,2.0,38.99,83.5,-1.0,40.8,41.6
283.05,32,129.0,1743.0,68.0,2.0,38.99,83.5,-1.0,40.8,41.6
283.141,32,129.0,1743.0,68.0,2.0,38.99,83.5,-1.0,40.8,41.6
283.23,32,129.0,1743.0,68.0,2.0,38.99,83.5,-1.0,41.6,41.6
283.322,32,129.0,1743.0,68.0,2.0,38.99,83.5,-1.0,41.6,41.6
283.411,32,129.0,1743.0,68.0,2.0,38.99,83.5,-1.0,41.6,41.6
283.502,32,135.0,1743.0,68.0,2.0,38.99,83.5,-1.0,41.6,41.6
283.59,32,135.0,1742.0,68.0,2.0,38.99,83.5,-1.0,41.6,41.6
283.682,32,135.0,1742.0,68.0,2.0,38.99,83.5,-1.0,41.6,41.6
283.77,32,135.0,1742.0,68.0,2.0,38.99,83.5,-1.0,41.6,41.6
283.86,32,135.0,1742.0,68.0,2.0,37.16,83.5,-1.0,41.6,41.6
283.95,32,135.0,1742.0,68.0,2.0,37.16,83.5,-1.0,41.6,41.6
284.04,32,135.0,1742.0,68.0,2.0,37.16,83.5,-1.0,41.6,41.6
284.13,32,135.0,1742.0,68.0,2.0,37.16,83.5,-1.0,33.3,41.6
284.221,32,135.0,1742.0,68.0,2.0,37.16,83.5,-1.0,33.3,32.9
284.311,32,135.0,1742.0,68.0,2.0,37.16,83.5,-1.0,33.3,32.9
284.401,32,113.0,1742.0,68.0,2.0,37.16,83.5,-1.0,33.3,32.9
284.489,32,113.0,1723.0,68.0,2.0,37.16,83.5,-1.0,33.3,32.9
284.579,32,113.0,1723.0,67.0,2.0,37.16,83.5,-1.0,33.3,32.9
284.67,32,113.0,1723.0,67.0,2.0,37.16,83.5,-1.0,33.3,32.9
284.761,32,113.0,1723.0,67.0,2.0,31.63,83.5,-1.0,33.3,32.9
284.85,32,113.0,1723.0,67.0,2.0,31.63,83.5,-1.0,33.3,32.9
284.942,32,113.0,1723.0,67.0,2.0,31.63,83.5,-1.0,33.3,32.9
285.03,32,113.0,1723.0,67.0,2.0,31.63,83.5,-1.0,31.8,32.9
285.121,32,113.0,1723.0,67.0,2.0,31.63,83.5,-1.0,31.8,32.2
285.213,32,113.0,1723.0,67.0,2.0,31.63,83.5,-1.0,31.8,32.2
285.301,32,104.0,1723.0,67.0,2.0,31.63,83.5,-1.0,31.8,32.2
285.391,32,104.0,1703.0,67.0,2.0,31.63,83.5,-1.0,31.8,32.2
285.484,32,104.0,1703.0,66.0,2.0,31.63,83.5,-1.0,31.8,32.2
285.57,32,104.0,1703.0,66.0,1.0,31.63,83.5,-1.0,31.8,32.2
285.662,32,104.0,1703.0,66.0,1.0,30.61,83.5,-1.0,31.8,32.2
285.757,32,104.0,1703.0,66.0,1.0,30.61,83.5,-1.0,31.8,32.2
285.841,32,104.0,1703.0,66.0,1.0,30.61,83.5,-1.0,31.8,32.2
285.929,32,104.0,1703.0,66.0,1.0,30.61,83.5,-1.0,32.2,32.2
286.049,32,104.0,1703.0,66.0,1.0,30.61,83.5,-1.0,32.2,32.5
286.14,32,104.0,1703.0,66.0,1.0,30.61,83.5,-1.0,32.2,32.5
286.231,32,104.0,1703.0,66.0,1.0,30.61,83.5,-1.0,32.2,32.5
286.32,32,104.0,1681.0,66.0,1.0,30.61,83.5,-1.0,32.2,32.5
286.411,32,104.0,1681.0,65.0,1.0,30.61,83.5,-1.0,32.2,32.5
286.501,32,104.0,1681.0,65.0,1.0,30.61,83.5,-1.0,32.2,32.5
286.59,32,104.0,1681.0,65.0,1.0,30.22,83.5,-1.0,32.2,32.5
286.681,32,104.0,1681.0,65.0,1.0,30.22,83.5,-1.0,32.2,32.5
286.771,32,104.0,1681.0,65.0,1.0,30.22,83.5,-1.0,32.2,32.5
286.86,32,104.0,1681.0,65.0,1.0,30.22,83.5,-1.0,31.8,32.5
286.949,32,104.0,1681.0,65.0,1.0,30.22,83.5,-1.0,31.8,32.2
287.041,33,104.0,1681.0,65.0,1.0,30.22,83.5,-1.0,31.8,32.2
287.13,33,104.0,1681.0,65.0,1.0,30.22,83.5,-1.0,31.8,32.2
287.221,33,104.0,1656.0,65.0,1.0,30.22,83.5,-1.0,31.8,32.2
287.31,33,104.0,1656.0,64.0,1.0,30.22,83.5,-1.0,31.8,32.2
287.4,33,104.0,1656.0,64.0,1.0,30.22,83.5,-1.0,31.8,32.2
287.49,33,104.0,1656.0,64.0,1.0,29.66,83.5,-1.0,31.8,32.2
287.58,33,104.0,1656.0,64.0,1.0,29.66,83.5,-1.0,31.8,32.2
287.67,33,104.0,1656.0,64.0,1.0,29.66,83.5,-1.0,31.8,32.2
287.76,33,104.0,1656.0,64.0,1.0,29.66,83.5,-1.0,31.4,32.2
287.85,33,104.0,1656.0,64.0,1.0,29.66,83.5,-1.0,31.4,31.4
287.969,33,104.0,1656.0,64.0,1.0,29.66,83.5,-1.0,31.4,31.4
288.06,33,104.0,1656.0,64.0,1.0,29.66,83.5,-1.0,31.4,31.4
288.151,33,104.0,1634.0,64.0,1.0,29.66,83.5,-1.0,31.4,31.4
288.241,33,104.0,1634.0,64.0,1.0,29.66,83.5,-1.0,31.4,31.4
288.33,33,104.0,1634.0,64.0,1.0,29.66,83.5,-1.0,31.4,31.4
288.42,33,104.0,1634.0,64.0,1.0,29.47,83.5,-1.0,31.4,31.4
288.51,33,104.0,1634.0,64.0,1.0,29.47,83.5,-1.0,31.4,31.4
288.6,33,104.0,1634.0,64.0,1.0,29.47,83.5,-1.0,31.4,31.4
288.69,33,104.0,1634.0,64.0,1.0,29.47,83.5,-1.0,33.7,31.4
288.782,33,104.0,1634.0,64.0,1.0,29.47,83.5,-1.0,33.7,35.3
288.87,33,104.0,1634.0,64.0,1.0,29.47,83.5,-1.0,33.7,35.3
288.959,33,106.0,1634.0,64.0,1.0,29.47,83.5,-1.0,33.7,35.3
289.051,33,106.0,1622.0,64.0,1.0,29.47,83.5,-1.0,33.7,35.3
289.14,33,106.0,1622.0,63.0,1.0,29.47,83.5,-1.0,33.7,35.3
289.23,33,106.0,1622.0,63.0,1.0,29.47,83.5,-1.0,33.7,35.3
289.32,33,106.0,1622.0,63.0,1.0,30.74,83.5,-1.0,33.7,35.3
289.412,33,106.0,1622.0,63.0,1.0,30.74,83.5,-1.0,33.7,35.3
289.501,33,106.0,1622.0,63.0,1.0,30.74,83.5,-1.0,33.7,35.3
289.59,33,106.0,1622.0,63.0,1.0,30.74,83.5,-1.0,36.1,35.3
289.68,33,106.0,1622.0,63.0,1.0,30.74,83.5,-1.0,36.1,36.5
289.77,33,106.0,1622.0,63.0,1.0,30.74,83.5,-1.0,36.1,36.5
289.86,33,115.0,1622.0,63.0,1.0,30.74,83.5,-1.0,36.1,36.5
289.95,33,115.0,1613.0,63.0,1.0,30.74,83.5,-1.0,36.1,36.5
290.04,33,115.0,1613.0,63.0,1.0,30.74,83.5,-1.0,36.1,36.5
290.13,33,115.0,1613.0,63.0,1.0,30.74,83.5,-1.0,36.1,36.5
290.22,33,115.0,1613.0,63.0,1.0,32.44,83.5,-1.0,36.1,36.5
290.309,33,115.0,1613.0,63.0,1.0,32.44,83.5,-1.0,36.1,36.5
290.4,33,115.0,1613.0,63.0,1.0,32.44,83.5,-1.0,36.1,36.5
290.49,33,115.0,1613.0,63.0,1.0,32.44,83.5,-1.0,27.5,36.5
290.58,33,115.0,1613.0,63.0,1.0,32.44,83.5,-1.0,27.5,14.5
290.67,33,115.0,1613.0,63.0,1.0,32.44,83.5,-1.0,27.5,14.5
290.76,33,111.0,1613.0,63.0,1.0,32.44,83.5,-1.0,27.5,14.5
290.85,33,111.0,1442.0,63.0,1.0,32.44,83.5,-1.0,27.5,14.5
290.94,33,111.0,1442.0,62.0,1.0,32.44,83.5,-1.0,27.5,14.5
291.029,33,111.0,1442.0,62.0,2.0,32.44,83.5,-1.0,27.5,14.5
291.12,33,111.0,1442.0,62.0,2.0,20.63,83.5,-1.0,27.5,14.5
291.21,33,111.0,1442.0,62.0,2.0,20.63,83.5,-1.0,27.5,14.5
291.33,33,111.0,1442.0,62.0,2.0,20.63,83.5,-1.0,27.5,14.5
291.422,33,111.0,1442.0,62.0,2.0,20.63,83.5,-1.0,14.1,14.5
291.511,33,111.0,1442.0,62.0,2.0,20.63,83.5,-1.0,14.1,14.5
291.601,33,111.0,1442.0,62.0,2.0,20.63,83.5,-1.0,14.1,14.5
291.69,33,111.0,1442.0,62.0,2.0,20.63,83.5,-1.0,14.1,14.5
291.78,33,111.0,1042.0,62.0,2.0,20.63,83.5,-1.0,14.1,14.5
291.872,33,111.0,1042.0,61.0,2.0,20.63,83.5,-1.0,14.1,14.5
291.96,33,111.0,1042.0,61.0,0.0,20.63,83.5,-1.0,14.1,14.5
292.05,33,111.0,1042.0,61.0,0.0,21.74,83.5,-1.0,14.1,14.5
292.14,33,111.0,1042.0,61.0,0.0,21.74,83.5,-1.0,14.1,14.5
292.23,33,111.0,1042.0,61.0,0.0,21.74,83.5,-1.0,14.1,14.5
292.32,33,111.0,1042.0,61.0,0.0,21.74,83.5,-1.0,14.1,14.5
292.41,33,111.0,1042.0,61.0,0.0,21.74,83.5,-1.0,14.1,14.5
292.503,34,111.0,1042.0,61.0,0.0,21.74,83.5,-1.0,14.1,14.5
292.59,34,101.0,1042.0,61.0,0.0,21.74,83.5,-1.0,14.1,14.5
292.682,34,101.0,1830.0,61.0,0.0,21.74,83.5,-1.0,14.1,14.5
292.77,34,101.0,1830.0,57.0,0.0,21.74,83.5,-1.0,14.1,14.5
292.86,34,101.0,1830.0,57.0,0.0,21.74,83.5,-1.0,14.1,14.5
292.95,34,101.0,1830.0,57.0,0.0,35.69,83.5,-1.0,14.1,14.5
293.039,34,101.0,1830.0,57.0,0.0,35.69,83.5,-1.0,14.1,14.5
293.129,34,101.0,1830.0,57.0,0.0,35.69,83.5,-1.0,14.1,14.5
293.25,34,101.0,1830.0,57.0,0.0,35.69,83.5,-1.0,14.1,14.5
293.339,34,101.0,1830.0,57.0,0.0,35.69,83.5,-1.0,14.1,14.5
293.429,34,101.0,1830.0,57.0,0.0,35.69,83.5,-1.0,14.1,14.5
293.52,34,110.0,1830.0,57.0,0.0,35.69,83.5,-1.0,14.1,14.5
293.609,34,110.0,1967.0,57.0,0.0,35.69,83.5,-1.0,14.1,14.5
293.699,34,110.0,1967.0,53.0,0.0,35.69,83.5,-1.0,14.1,14.5
293.789,34,110.0,1967.0,53.0,2.0,35.69,83.5,-1.0,14.1,14.5
293.879,34,110.0,1967.0,53.0,2.0,38.74,83.5,-1.0,14.1,14.5
293.969,34,110.0,1967.0,53.0,2.0,38.74,83.5,-1.0,14.1,14.5
294.059,34,110.0,1967.0,53.0,2.0,38.74,83.5,-1.0,14.1,14.5
294.149,34,110.0,1967.0,53.0,2.0,38.74,83.5,-1.0,14.1,14.5
294.239,34,110.0,1967.0,53.0,2.0,38.74,83.5,-1.0,14.1,14.5
294.359,34,110.0,1967.0,53.0,2.0,38.74,83.5,-1.0,14.1,14.5
294.449,34,121.0,1967.0,53.0,2.0,38.74,83.5,-1.0,14.1,14.5
294.539,34,121.0,1773.0,53.0,2.0,38.74,83.5,-1.0,14.1,14.5
294.63,34,121.0,1773.0,48.0,2.0,38.74,83.5,-1.0,14.1,14.5
294.72,34,121.0,1773.0,48.0,3.0,38.74,83.5,-1.0,14.1,14.5
294.81,34,121.0,1773.0,48.0,3.0,35.55,83.5,-1.0,14.1,14.5
294.902,34,121.0,1773.0,48.0,3.0,35.55,83.5,-1.0,14.1,14.5
294.989,34,121.0,1773.0,48.0,3.0,35.55,83.5,-1.0,14.1,14.5
295.11,34,121.0,1773.0,48.0,3.0,35.55,83.5,-1.0,14.1,14.5
295.2,34,121.0,1773.0,48.0,3.0,35.55,83.5,-1.0,14.1,14.5
295.293,34,121.0,1773.0,48.0,3.0,35.55,83.5,-1.0,14.1,14.5
295.38,34,121.0,1773.0,48.0,3.0,35.55,83.5,-1.0,14.1,14.5
295.47,34,121.0,1596.0,48.0,3.0,35.55,83.5,-1.0,14.1,14.5
295.56,34,121.0,1596.0,43.0,3.0,35.55,83.5,-1.0,14.1,14.5
295.65,34,121.0,1596.0,43.0,2.0,35.55,83.5,-1.0,14.1,14.5
295.741,34,121.0,1596.0,43.0,2.0,31.88,83.5,-1.0,14.1,14.5
295.83,34,121.0,1596.0,43.0,2.0,31.88,83.5,-1.0,14.1,14.5
295.924,34,121.0,1596.0,43.0,2.0,31.88,83.5,-1.0,14.1,14.5
296.009,34,121.0,1596.0,43.0,2.0,31.88,83.5,-1.0,19.6,14.5
296.101,34,121.0,1596.0,43.0,2.0,31.88,83.5,-1.0,19.6,21.2
296.19,34,121.0,1596.0,43.0,2.0,31.88,83.5,-1.0,19.6,21.2
296.282,34,117.0,1596.0,43.0,2.0,31.88,83.5,-1.0,19.6,21.2
296.371,34,117.0,1510.0,43.0,2.0,31.88,83.5,-1.0,19.6,21.2
296.46,34,117.0,1510.0,40.0,2.0,31.88,83.5,-1.0,19.6,21.2
296.55,34,117.0,1510.0,40.0,2.0,31.88,83.5,-1.0,19.6,21.2
296.64,34,117.0,1510.0,40.0,2.0,29.74,83.5,-1.0,19.6,21.2
296.734,34,117.0,1510.0,40.0,2.0,29.74,83.5,-1.0,19.6,21.2
296.821,34,117.0,1510.0,40.0,2.0,29.74,83.5,-1.0,19.6,21.2
296.911,34,117.0,1510.0,40.0,2.0,29.74,83.5,-1.0,27.8,21.2
296.999,34,117.0,1510.0,40.0,2.0,29.74,83.5,-1.0,27.8,30.2
297.09,34,117.0,1510.0,40.0,2.0,29.74,83.5,-1.0,27.8,30.2
297.18,34,109.0,1510.0,40.0,2.0,29.74,83.5,-1.0,27.8,30.2
297.272,34,109.0,1493.0,40.0,2.0,29.74,83.5,-1.0,27.8,30.2
297.36,34,109.0,1493.0,40.0,2.0,29.74,83.5,-1.0,27.8,30.2
297.45,34,109.0,1493.0,40.0,1.0,29.74,83.5,-1.0,27.8,30.2
297.54,34,109.0,1493.0,40.0,1.0,27.13,83.5,-1.0,27.8,30.2
297.63,34,109.0,1493.0,40.0,1.0,27.13,83.5,-1.0,27.8,30.2
297.721,34,109.0,1493.0,40.0,1.0,27.13,83.5,-1.0,27.8,30.2
297.81,34,109.0,1493.0,40.0,1.0,27.13,83.5,-1.0,45.1,30.2
297.939,34,109.0,1493.0,40.0,1.0,27.13,83.5,-1.0,45.1,47.5
298.019,34,109.0,1493.0,40.0,1.0,27.13,83.5,-1.0,45.1,47.5
298.109,34,118.0,1493.0,40.0,1.0,27.13,83.5,-1.0,45.1,47.5
298.199,34,118.0,1581.0,40.0,1.0,27.13,83.5,-1.0,45.1,47.5
298.289,34,118.0,1581.0,42.0,1.0,27.13,83.5,-1.0,45.1,47.5
298.379,34,118.0,1581.0,42.0,2.0,27.13,83.5,-1.0,45.1,47.5
298.47,34,118.0,1581.0,42.0,2.0,38.19,83.5,-1.0,45.1,47.5
298.559,34,118.0,1581.0,42.0,2.0,38.19,83.5,-1.0,45.1,47.5
298.649,34,118.0,1581.0,42.0,2.0,38.19,83.5,-1.0,45.1,47.5
298.74,34,118.0,1581.0,42.0,2.0,38.19,83.5,-1.0,49.0,47.5
298.83,34,118.0,1581.0,42.0,2.0,38.19,83.5,-1.0,49.0,49.8
298.92,35,118.0,1581.0,42.0,2.0,38.19,83.5,-1.0,49.0,49.8
299.009,35,165.0,1581.0,42.0,2.0,38.19,83.5,-1.0,49.0,49.8
299.1,35,165.0,1743.0,42.0,2.0,38.19,83.5,-1.0,49.0,49.8
299.22,35,165.0,1743.0,47.0,2.0,38.19,83.5,-1.0,49.0,49.8
299.31,35,165.0,1743.0,47.0,3.0,38.19,83.5,-1.0,49.0,49.8
299.4,35,165.0,1743.0,47.0,3.0,56.52,83.5,-1.0,49.0,49.8
299.491,35,165.0,1743.0,47.0,3.0,56.52,83.5,-1.0,49.0,49.8
299.583,35,165.0,1743.0,47.0,3.0,56.52,83.5,-1.0,49.0,49.8
299.67,35,165.0,1743.0,47.0,3.0,56.52,83.5,-1.0,50.6,49.8
299.76,35,165.0,1743.0,47.0,3.0,56.52,83.5,-1.0,50.6,51.4
299.85,35,165.0,1743.0,47.0,3.0,56.52,83.5,-1.0,50.6,51.4
299.961,35,189.0,1743.0,47.0,3.0,56.52,83.5,-1.0,50.6,51.4
300.06,35,189.0,1974.0,47.0,3.0,56.52,83.5,-1.0,50.6,51.4
300.151,35,189.0,1974.0,53.0,3.0,56.52,83.5,-1.0,50.6,51.4
300.24,35,189.0,1974.0,53.0,4.0,56.52,83.5,-1.0,50.6,51.4
300.331,35,189.0,1974.0,53.0,4.0,64.63,83.5,-1.0,50.6,51.4
300.42,35,189.0,1974.0,53.0,4.0,64.63,83.5,-1.0,50.6,51.4
300.51,35,189.0,1974.0,53.0,4.0,64.63,83.5,-1.0,50.6,51.4
300.603,35,189.0,1974.0,53.0,4.0,64.63,83.5,-1.0,40.8,51.4
300.69,35,189.0,1974.0,53.0,4.0,64.63,83.5,-1.0,40.8,39.6
300.78,35,189.0,1974.0,53.0,4.0,64.63,83.5,-1.0,40.8,39.6
300.87,35,136.0,1974.0,53.0,4.0,64.63,83.5,-1.0,40.8,39.6
300.959,35,136.0,2080.0,53.0,4.0,64.63,83.5,-1.0,40.8,39.6
301.05,35,136.0,2080.0,57.0,4.0,64.63,83.5,-1.0,40.8,39.6
301.14,35,136.0,2080.0,57.0,4.0,64.63,83.5,-1.0,40.8,39.6
301.231,35,136.0,2080.0,57.0,4.0,40.33,83.5,-1.0,40.8,39.6
301.32,35,136.0,2080.0,57.0,4.0,40.33,83.5,-1.0,40.8,39.6
301.41,35,136.0,2080.0,57.0,4.0,40.33,83.5,-1.0,40.8,39.6
301.502,35,136.0,2080.0,57.0,4.0,40.33,83.5,-1.0,14.1,39.6
301.59,35,136.0,2080.0,57.0,4.0,40.33,83.5,-1.0,14.1,14.5
301.68,35,136.0,2080.0,57.0,4.0,40.33,83.5,-1.0,14.1,14.5
301.77,35,122.0,2080.0,57.0,4.0,40.33,83.5,-1.0,14.1,14.5
301.86,35,122.0,2070.0,57.0,4.0,40.33,83.5,-1.0,14.1,14.5
301.949,35,122.0,2070.0,56.0,4.0,40.33,83.5,-1.0,14.1,14.5
302.039,35,122.0,2070.0,56.0,3.0,40.33,83.5,-1.0,14.1,14.5
302.131,35,122.0,2070.0,56.0,3.0,44.27,83.5,-1.0,14.1,14.5
302.22,35,122.0,2070.0,56.0,3.0,44.27,83.5,-1.0,14.1,14.5
302.31,35,122.0,2070.0,56.0,3.0,44.27,83.5,-1.0,14.1,14.5
302.402,35,122.0,2070.0,56.0,3.0,44.27,83.5,-1.0,14.1,14.5
302.492,35,122.0,2070.0,56.0,3.0,44.27,83.5,-1.0,14.1,14.5
302.58,35,122.0,2070.0,56.0,3.0,44.27,83.5,-1.0,14.1,14.5
302.67,35,129.0,2070.0,56.0,3.0,44.27,83.5,-1.0,14.1,14.5
302.76,35,129.0,1958.0,56.0,3.0,44.27,83.5,-1.0,14.1,14.5
302.853,35,129.0,1958.0,53.0,3.0,44.27,83.5,-1.0,14.1,14.5
302.969,35,129.0,1958.0,53.0,3.0,44.27,83.5,-1.0,14.1,14.5
303.06,35,129.0,1958.0,53.0,3.0,40.83,83.5,-1.0,14.1,14.5
303.15,35,129.0,1958.0,53.0,3.0,40.83,83.5,-1.0,14.1,14.5
303.24,35,129.0,1958.0,53.0,3.0,40.83,83.5,-1.0,14.1,14.5
303.332,35,129.0,1958.0,53.0,3.0,40.83,83.5,-1.0,14.1,14.5
303.421,35,129.0,1958.0,53.0,3.0,40.83,83.5,-1.0,14.1,14.1
303.51,35,129.0,1958.0,53.0,3.0,40.83,83.5,-1.0,14.1,14.1
303.601,35,126.0,1958.0,53.0,3.0,40.83,83.5,-1.0,14.1,14.1
303.693,35,126.0,1758.0,53.0,3.0,40.83,83.5,-1.0,14.1,14.1
303.78,35,126.0,1758.0,47.0,3.0,40.83,83.5,-1.0,14.1,14.1
303.87,35,126.0,1758.0,47.0,2.0,40.83,83.5,-1.0,14.1,14.1
303.959,35,126.0,1758.0,47.0,2.0,36.24,83.5,-1.0,14.1,14.1
304.049,35,126.0,1758.0,47.0,2.0,36.24,83.5,-1.0,14.1,14.1
304.139,35,126.0,1758.0,47.0,2.0,36.24,83.5,-1.0,14.1,14.1
304.23,35,126.0,1758.0,47.0,2.0,36.24,83.5,-1.0,14.1,14.1
304.319,35,126.0,1758.0,47.0,2.0,36.24,83.5,-1.0,14.1,14.5
304.409,35,126.0,1758.0,47.0,2.0,36.24,83.5,-1.0,14.1,14.5
304.499,35,122.0,1758.0,47.0,2.0,36.24,83.5,-1.0,14.1,14.5
304.589,35,122.0,1588.0,47.0,2.0,36.24,83.5,-1.0,14.1,14.5
304.679,35,122.0,1588.0,42.0,2.0,36.24,83.5,-1.0,14.1,14.5
304.769,35,122.0,1588.0,42.0,2.0,36.24,83.5,-1.0,14.1,14.5
304.862,35,122.0,1588.0,42.0,2.0,31.63,83.5,-1.0,14.1,14.5
304.949,35,122.0,1588.0,42.0,2.0,31.63,83.5,-1.0,14.1,14.5
305.04,35,122.0,1588.0,42.0,2.0,31.63,83.5,-1.0,14.1,14.5
305.132,35,122.0,1588.0,42.0,2.0,31.63,83.5,-1.0,14.1,14.5
305.219,35,122.0,1588.0,42.0,2.0,31.63,83.5,-1.0,14.1,14.5
305.309,35,122.0,1588.0,42.0,2.0,31.63,83.5,-1.0,14.1,14.5
305.399,35,118.0,1588.0,42.0,2.0,31.63,83.5,-1.0,14.1,14.5
305.489,35,118.0,1459.0,42.0,2.0,31.63,83.5,-1.0,14.1,14.5
305.579,35,118.0,1459.0,39.0,2.0,31.63,83.5,-1.0,14.1,14.5
305.669,35,118.0,1459.0,39.0,1.0,31.63,83.5,-1.0,14.1,14.5
305.759,35,118.0,1459.0,39.0,1.0,28.11,83.5,-1.0,14.1,14.5
305.849,35,118.0,1459.0,39.0,1.0,28.11,83.5,-1.0,14.1,14.5
305.939,35,118.0,1459.0,39.0,1.0,28.11,83.5,-1.0,14.1,14.5
306.029,35,118.0,1459.0,39.0,1.0,28.11,83.5,-1.0,14.1,14.5
306.119,35,118.0,1459.0,39.0,1.0,28.11,83.5,-1.0,14.1,14.5
306.209,36,118.0,1459.0,39.0,1.0,28.11,83.5,-1.0,14.1,14.5
306.299,36,114.0,1459.0,39.0,1.0,28.11,83.5,-1.0,14.1,14.5
306.389,36,114.0,1380.0,39.0,1.0,28.11,83.5,-1.0,14.1,14.5
306.48,36,114.0,1380.0,37.0,1.0,28.11,83.5,-1.0,14.1,14.5
306.569,36,114.0,1380.0,37.0,0.0,28.11,83.5,-1.0,14.1,14.5
306.659,36,114.0,1380.0,37.0,0.0,26.36,83.5,-1.0,14.1,14.5
306.749,36,114.0,1380.0,37.0,0.0,26.36,83.5,-1.0,14.1,14.5
306.839,36,114.0,1380.0,37.0,0.0,26.36,83.5,-1.0,14.1,14.5
306.934,36,114.0,1380.0,37.0,0.0,26.36,83.5,-1.0,14.1,14.5
307.019,36,114.0,1380.0,37.0,0.0,26.36,83.5,-1.0,14.1,15.3
307.109,36,114.0,1380.0,37.0,0.0,26.36,83.5,-1.0,14.1,15.3
307.199,36,112.0,1380.0,37.0,0.0,26.36,83.5,-1.0,14.1,15.3
307.289,36,112.0,1350.0,37.0,0.0,26.36,83.5,-1.0,14.1,15.3
307.379,36,112.0,1350.0,36.0,0.0,26.36,83.5,-1.0,14.1,15.3
307.47,36,112.0,1350.0,36.0,0.0,26.36,83.5,-1.0,14.1,15.3
307.56,36,112.0,1350.0,36.0,0.0,25.47,83.5,-1.0,14.1,15.3
307.65,36,112.0,1350.0,36.0,0.0,25.47,83.5,-1.0,14.1,15.3
307.74,36,112.0,1350.0,36.0,0.0,25.47,83.5,-1.0,14.1,15.3
307.831,36,112.0,1350.0,36.0,0.0,25.47,83.5,-1.0,24.3,15.3
307.919,36,112.0,1350.0,36.0,0.0,25.47,83.5,-1.0,24.3,27.8
308.009,36,112.0,1350.0,36.0,0.0,25.47,83.5,-1.0,24.3,27.8
308.099,36,110.0,1350.0,36.0,0.0,25.47,83.5,-1.0,24.3,27.8
308.191,36,110.0,1338.0,36.0,0.0,25.47,83.5,-1.0,24.3,27.8
308.281,36,110.0,1338.0,36.0,0.0,25.47,83.5,-1.0,24.3,27.8
308.371,36,110.0,1338.0,36.0,0.0,25.47,83.5,-1.0,24.3,27.8
308.461,36,110.0,1338.0,36.0,0.0,24.05,83.5,-1.0,24.3,27.8
308.551,36,110.0,1338.0,36.0,0.0,24.05,83.5,-1.0,24.3,27.8
308.64,36,110.0,1338.0,36.0,0.0,24.05,83.5,-1.0,24.3,27.8
308.731,36,110.0,1338.0,36.0,0.0,24.05,83.5,-1.0,32.9,27.8
308.82,36,110.0,1338.0,36.0,0.0,24.05,83.5,-1.0,32.9,37.6
308.912,36,110.0,1338.0,36.0,0.0,24.05,83.5,-1.0,32.9,37.6
308.999,36,103.0,1338.0,36.0,0.0,24.05,83.5,-1.0,32.9,37.6
309.09,36,103.0,1386.0,36.0,0.0,24.05,83.5,-1.0,32.9,37.6
309.181,36,103.0,1386.0,37.0,0.0,24.05,83.5,-1.0,32.9,37.6
309.271,36,103.0,1386.0,37.0,0.0,24.05,83.5,-1.0,32.9,37.6
309.36,36,103.0,1386.0,37.0,0.0,26.27,83.5,-1.0,32.9,37.6
309.452,36,103.0,1386.0,37.0,0.0,26.27,83.5,-1.0,32.9,37.6
309.541,36,103.0,1386.0,37.0,0.0,26.27,83.5,-1.0,32.9,37.6
309.63,36,103.0,1386.0,37.0,0.0,26.27,83.5,-1.0,40.4,37.6
309.72,36,103.0,1386.0,37.0,0.0,26.27,83.5,-1.0,40.4,41.2
309.812,36,103.0,1386.0,37.0,0.0,26.27,83.5,-1.0,40.4,41.2
309.9,36,121.0,1386.0,37.0,0.0,26.27,83.5,-1.0,40.4,41.2
309.989,36,121.0,1458.0,37.0,0.0,26.27,83.5,-1.0,40.4,41.2
310.11,36,121.0,1458.0,39.0,0.0,26.27,83.5,-1.0,40.4,41.2
310.201,36,121.0,1458.0,39.0,1.0,26.27,83.5,-1.0,40.4,41.2
310.293,36,121.0,1458.0,39.0,1.0,33.86,83.5,-1.0,40.4,41.2
310.38,36,121.0,1458.0,39.0,1.0,33.86,83.5,-1.0,40.4,41.2
310.471,36,121.0,1458.0,39.0,1.0,33.86,83.5,-1.0,40.4,41.2
310.56,36,121.0,1458.0,39.0,1.0,33.86,83.5,-1.0,57.6,41.2
310.65,36,121.0,1458.0,39.0,1.0,33.86,83.5,-1.0,57.6,58.8
310.74,36,121.0,1458.0,39.0,1.0,33.86,83.5,-1.0,57.6,58.8
310.83,36,168.0,1458.0,39.0,1.0,33.86,83.5,-1.0,57.6,58.8
310.919,36,168.0,1649.0,39.0,1.0,33.86,83.5,-1.0,57.6,58.8
311.009,36,168.0,1649.0,44.0,1.0,33.86,83.5,-1.0,57.6,58.8
311.099,36,168.0,1649.0,44.0,3.0,33.86,83.5,-1.0,57.6,58.8
311.189,36,168.0,1649.0,44.0,3.0,60.86,83.5,-1.0,57.6,58.8
311.279,36,168.0,1649.0,44.0,3.0,60.86,83.5,-1.0,57.6,58.8
311.401,36,168.0,1649.0,44.0,3.0,60.86,83.5,-1.0,57.6,58.8
311.49,36,168.0,1649.0,44.0,3.0,60.86,83.5,-1.0,63.1,58.8
311.58,36,168.0,1649.0,44.0,3.0,60.86,83.5,-1.0,63.1,63.5
311.67,36,168.0,1649.0,44.0,3.0,60.86,83.5,-1.0,63.1,63.5
311.76,36,215.0,1649.0,44.0,3.0,60.86,83.5,-1.0,63.1,63.5
311.852,36,215.0,1959.0,44.0,3.0,60.86,83.5,-1.0,63.1,63.5
311.94,36,215.0,1959.0,52.0,3.0,60.86,83.5,-1.0,63.1,63.5
312.029,36,215.0,1959.0,52.0,4.0,60.86,83.5,-1.0,63.1,63.5
312.12,36,215.0,1959.0,52.0,4.0,74.05,83.5,-1.0,63.1,63.5
312.213,36,215.0,1959.0,52.0,4.0,74.05,83.5,-1.0,63.1,63.5
312.302,36,215.0,1959.0,52.0,4.0,74.05,83.5,-1.0,63.1,63.5
312.392,36,215.0,1959.0,52.0,4.0,74.05,83.5,-1.0,61.6,63.5
312.481,36,215.0,1959.0,52.0,4.0,74.05,83.5,-1.0,61.6,61.2
312.571,36,215.0,1959.0,52.0,4.0,74.05,83.5,-1.0,61.6,61.2
312.66,36,213.0,1959.0,52.0,4.0,74.05,83.5,-1.0,61.6,61.2
312.752,36,213.0,2259.0,52.0,4.0,74.05,83.5,-1.0,61.6,61.2
312.84,36,213.0,2259.0,61.0,4.0,74.05,83.5,-1.0,61.6,61.2
312.933,36,213.0,2259.0,61.0,4.0,74.05,83.5,-1.0,61.6,61.2
313.02,36,213.0,2259.0,61.0,4.0,82.47,83.5,-1.0,61.6,61.2
313.11,36,213.0,2259.0,61.0,4.0,82.47,83.5,-1.0,61.6,61.2
313.202,36,213.0,2259.0,61.0,4.0,82.47,83.5,-1.0,61.6,61.2
313.291,36,213.0,2259.0,61.0,4.0,82.47,83.5,-1.0,54.5,61.2
313.38,36,213.0,2259.0,61.0,4.0,82.47,83.5,-1.0,54.5,52.2
313.47,37,213.0,2259.0,61.0,4.0,82.47,83.5,-1.0,54.5,52.2
313.561,37,195.0,2259.0,61.0,4.0,82.47,83.5,-1.0,54.5,52.2
313.653,37,195.0,2389.0,61.0,4.0,82.47,83.5,-1.0,54.5,52.2
313.741,37,195.0,2389.0,66.0,4.0,82.47,83.5,-1.0,54.5,52.2
313.832,37,195.0,2389.0,66.0,4.0,82.47,83.5,-1.0,54.5,52.2
313.92,37,195.0,2389.0,66.0,4.0,36.72,83.5,-1.0,54.5,52.2
314.009,37,195.0,2389.0,66.0,4.0,36.72,31.0,-1.0,54.5,52.2
314.101,37,195.0,2389.0,66.0,4.0,36.72,31.0,-1.0,54.5,52.2
314.194,37,195.0,2389.0,66.0,4.0,36.72,31.0,-1.0,39.6,52.2
314.282,37,195.0,2389.0,66.0,4.0,36.72,31.0,-1.0,39.6,45.9
314.372,37,195.0,2389.0,66.0,4.0,36.72,31.0,-1.0,39.6,45.9
314.46,37,111.0,2389.0,66.0,4.0,36.72,31.0,-1.0,39.6,45.9
314.552,37,111.0,1705.0,66.0,4.0,36.72,31.0,-1.0,39.6,45.9
314.64,37,111.0,1705.0,66.0,4.0,36.72,31.0,-1.0,39.6,45.9
314.732,37,111.0,1705.0,66.0,2.0,36.72,31.0,-1.0,39.6,45.9
314.821,37,111.0,1705.0,66.0,2.0,41.38,31.0,-1.0,39.6,45.9
314.91,37,111.0,1705.0,66.0,2.0,41.38,83.5,-1.0,39.6,45.9
314.999,37,111.0,1705.0,66.0,2.0,41.38,83.5,-1.0,39.6,45.9
315.092,37,111.0,1705.0,66.0,2.0,41.38,83.5,-1.0,61.2,45.9
315.181,37,111.0,1705.0,66.0,2.0,41.38,83.5,-1.0,61.2,61.6
315.27,37,111.0,1705.0,66.0,2.0,41.38,83.5,-1.0,61.2,61.6
315.36,37,203.0,1705.0,66.0,2.0,41.38,83.5,-1.0,61.2,61.6
315.45,37,203.0,1800.0,66.0,2.0,41.38,83.5,-1.0,61.2,61.6
315.54,37,203.0,1800.0,70.0,2.0,41.38,83.5,-1.0,61.2,61.6
315.632,37,203.0,1800.0,70.0,1.0,41.38,83.5,-1.0,61.2,61.6
315.72,37,203.0,1800.0,70.0,1.0,66.77,83.5,-1.0,61.2,61.6
315.812,37,203.0,1800.0,70.0,1.0,66.77,83.5,-1.0,61.2,61.6
315.904,37,203.0,1800.0,70.0,1.0,66.77,83.5,-1.0,61.2,61.6
315.989,37,203.0,1800.0,70.0,1.0,66.77,83.5,-1.0,60.8,61.6
316.081,37,203.0,1800.0,70.0,1.0,66.77,83.5,-1.0,60.8,61.2
316.171,36,203.0,1800.0,70.0,1.0,66.77,83.5,-1.0,60.8,61.2
316.26,36,218.0,1800.0,70.0,1.0,66.77,83.5,-1.0,60.8,61.2
316.351,36,218.0,1938.0,70.0,1.0,66.77,83.5,-1.0,60.8,61.2
316.44,36,218.0,1938.0,75.0,1.0,66.77,83.5,-1.0,60.8,61.2
316.533,36,218.0,1938.0,75.0,3.0,66.77,83.5,-1.0,60.8,61.2
316.621,36,218.0,1938.0,75.0,3.0,71.11,83.5,-1.0,60.8,61.2
316.711,36,218.0,1938.0,75.0,3.0,71.11,83.5,-1.0,60.8,61.2
316.801,36,218.0,1938.0,75.0,3.0,71.11,83.5,-1.0,60.8,61.2
316.893,36,218.0,1938.0,75.0,3.0,71.11,83.5,-1.0,60.8,61.2
316.979,36,218.0,1938.0,75.0,3.0,71.11,83.5,-1.0,60.8,61.2
317.071,36,218.0,1938.0,75.0,3.0,71.11,83.5,-1.0,60.8,61.2
317.162,36,217.0,1938.0,75.0,3.0,71.11,83.5,-1.0,60.8,61.2
317.251,36,217.0,2069.0,75.0,3.0,71.11,83.5,-1.0,60.8,61.2
317.34,36,217.0,2069.0,80.0,3.0,71.11,83.5,-1.0,60.8,61.2
317.433,36,217.0,2069.0,80.0,3.0,71.11,83.5,-1.0,60.8,61.2
317.521,36,217.0,2069.0,80.0,3.0,77.72,83.5,-1.0,60.8,61.2
317.618,36,217.0,2069.0,80.0,3.0,77.72,83.5,-1.0,60.8,61.2
317.699,36,217.0,2069.0,80.0,3.0,77.72,83.5,-1.0,60.8,61.2
317.789,36,217.0,2069.0,80.0,3.0,77.72,83.5,-1.0,60.8,61.2
317.88,36,217.0,2069.0,80.0,3.0,77.72,83.5,-1.0,60.8,61.2
317.969,36,217.0,2069.0,80.0,3.0,77.72,83.5,-1.0,60.8,61.2
318.06,36,215.0,2069.0,80.0,3.0,77.72,83.5,-1.0,60.8,61.2
318.152,36,215.0,2193.0,80.0,3.0,77.72,83.5,-1.0,60.8,61.2
318.241,36,215.0,2193.0,86.0,3.0,77.72,83.5,-1.0,60.8,61.2
318.331,36,215.0,2193.0,86.0,3.0,77.72,83.5,-1.0,60.8,61.2
318.423,36,215.0,2193.0,86.0,3.0,81.58,83.5,-1.0,60.8,61.2
318.511,36,215.0,2193.0,86.0,3.0,81.58,83.5,-1.0,60.8,61.2
318.6,36,215.0,2193.0,86.0,3.0,81.58,83.5,-1.0,60.8,61.2
318.69,36,215.0,2193.0,86.0,3.0,81.58,83.5,-1.0,32.9,61.2
318.781,36,215.0,2193.0,86.0,3.0,81.58,83.5,-1.0,32.9,14.5
318.872,36,215.0,2193.0,86.0,3.0,81.58,83.5,-1.0,32.9,14.5
318.959,36,147.0,2193.0,86.0,3.0,81.58,83.5,-1.0,32.9,14.5
319.05,36,147.0,1829.0,86.0,3.0,81.58,83.5,-1.0,32.9,14.5
319.14,36,147.0,1829.0,87.0,3.0,81.58,83.5,-1.0,32.9,14.5
319.235,36,147.0,1829.0,87.0,3.0,81.58,83.5,-1.0,32.9,14.5
319.32,36,147.0,1829.0,87.0,3.0,31.44,83.5,-1.0,32.9,14.5
319.412,36,147.0,1829.0,87.0,3.0,31.44,83.5,-1.0,32.9,14.5
319.501,36,147.0,1829.0,87.0,3.0,31.44,83.5,-1.0,32.9,14.5
319.592,36,147.0,1829.0,87.0,3.0,31.44,83.5,-1.0,48.6,14.5
319.68,36,147.0,1829.0,87.0,3.0,31.44,83.5,-1.0,48.6,53.7
319.772,36,147.0,1829.0,87.0,3.0,31.44,83.5,-1.0,48.6,53.7
319.862,36,139.0,1829.0,87.0,3.0,31.44,83.5,-1.0,48.6,53.7
319.949,36,139.0,1761.0,87.0,3.0,31.44,83.5,-1.0,48.6,53.7
320.04,36,139.0,1761.0,87.0,3.0,31.44,83.5,-1.0,48.6,53.7
320.132,36,139.0,1761.0,87.0,0.0,31.44,83.5,-1.0,48.6,53.7
320.22,36,139.0,1761.0,87.0,0.0,58.49,83.5,-1.0,48.6,53.7
320.312,36,139.0,1761.0,87.0,0.0,58.49,83.5,-1.0,48.6,53.7
320.402,36,139.0,1761.0,87.0,0.0,58.49,83.5,-1.0,48.6,53.7
320.492,36,139.0,1761.0,87.0,0.0,58.49,83.5,-1.0,56.1,53.7
320.58,36,139.0,1761.0,87.0,0.0,58.49,83.5,-1.0,56.1,53.7
320.675,36,139.0,1761.0,87.0,0.0,58.49,83.5,-1.0,56.1,53.7
320.761,36,206.0,1761.0,87.0,0.0,58.49,83.5,-1.0,56.1,53.7
320.853,36,206.0,1750.0,87.0,0.0,58.49,83.5,-1.0,56.1,53.7
320.94,36,206.0,1750.0,89.0,0.0,58.49,83.5,-1.0,56.1,53.7
321.03,36,206.0,1750.0,89.0,2.0,58.49,83.5,-1.0,56.1,53.7
321.12,36,206.0,1750.0,89.0,2.0,31.74,83.5,-1.0,56.1,53.7
321.211,36,206.0,1750.0,89.0,2.0,31.74,31.0,-1.0,56.1,53.7
321.3,36,206.0,1750.0,89.0,2.0,31.74,31.0,-1.0,56.1,53.7
321.391,36,206.0,1750.0,89.0,2.0,31.74,31.0,-1.0,33.3,53.7
321.48,36,206.0,1750.0,89.0,2.0,31.74,31.0,-1.0,33.3,36.9
321.572,36,206.0,1750.0,89.0,2.0,31.74,31.0,-1.0,33.3,36.9
321.66,36,109.0,1750.0,89.0,2.0,31.74,31.0,-1.0,33.3,36.9
321.752,36,109.0,1489.0,89.0,2.0,31.74,31.0,-1.0,33.3,36.9
321.843,36,109.0,1489.0,88.0,2.0,31.74,31.0,-1.0,33.3,36.9
321.932,36,109.0,1489.0,88.0,-1.0,31.74,31.0,-1.0,33.3,36.9
322.019,36,109.0,1489.0,88.0,-1.0,27.99,31.0,-1.0,33.3,36.9
322.11,36,109.0,1489.0,88.0,-1.0,27.99,83.5,-1.0,33.3,36.9
322.2,36,109.0,1489.0,88.0,-1.0,27.99,83.5,-1.0,33.3,36.9
322.292,36,109.0,1489.0,88.0,-1.0,27.99,83.5,-1.0,38.4,36.9
322.38,36,109.0,1489.0,88.0,-1.0,27.99,83.5,-1.0,38.4,39.2
322.472,37,109.0,1489.0,88.0,-1.0,27.99,83.5,-1.0,38.4,39.2
322.56,37,113.0,1489.0,88.0,-1.0,27.99,83.5,-1.0,38.4,39.2
322.652,37,113.0,1464.0,88.0,-1.0,27.99,83.5,-1.0,38.4,39.2
322.741,37,113.0,1464.0,87.0,-1.0,27.99,83.5,-1.0,38.4,39.2
322.832,37,113.0,1464.0,87.0,-1.0,27.99,83.5,-1.0,38.4,39.2
322.925,37,113.0,1464.0,87.0,-1.0,27.72,83.5,-1.0,38.4,39.2
323.01,37,113.0,1464.0,87.0,-1.0,27.72,83.5,-1.0,38.4,39.2
323.1,37,113.0,1464.0,87.0,-1.0,27.72,83.5,-1.0,38.4,39.2
323.205,37,113.0,1464.0,87.0,-1.0,27.72,83.5,-1.0,38.8,39.2
323.28,37,113.0,1464.0,87.0,-1.0,27.72,83.5,-1.0,38.8,39.2
323.371,37,113.0,1464.0,87.0,-1.0,27.72,83.5,-1.0,38.8,39.2
323.46,37,114.0,1464.0,87.0,-1.0,27.72,83.5,-1.0,38.8,39.2
323.551,37,114.0,1450.0,87.0,-1.0,27.72,83.5,-1.0,38.8,39.2
323.64,37,114.0,1450.0,86.0,-1.0,27.72,83.5,-1.0,38.8,39.2
323.73,37,114.0,1450.0,86.0,-1.0,27.72,83.5,-1.0,38.8,39.2
323.82,37,114.0,1450.0,86.0,-1.0,28.16,83.5,-1.0,38.8,39.2
323.912,37,114.0,1450.0,86.0,-1.0,28.16,83.5,-1.0,38.8,39.2
323.999,37,114.0,1450.0,86.0,-1.0,28.16,83.5,-1.0,38.8,39.2
324.09,37,114.0,1450.0,86.0,-1.0,28.16,83.5,-1.0,44.3,39.2
324.182,37,114.0,1450.0,86.0,-1.0,28.16,83.5,-1.0,44.3,45.1
324.273,37,114.0,1450.0,86.0,-1.0,28.16,83.5,-1.0,44.3,45.1
324.362,37,126.0,1450.0,86.0,-1.0,28.16,83.5,-1.0,44.3,45.1
324.45,37,126.0,1445.0,86.0,-1.0,28.16,83.5,-1.0,44.3,45.1
324.541,37,126.0,1445.0,85.0,-1.0,28.16,83.5,-1.0,44.3,45.1
324.632,37,126.0,1445.0,85.0,0.0,28.16,83.5,-1.0,44.3,45.1
324.72,37,126.0,1445.0,85.0,0.0,33.83,83.5,-1.0,44.3,45.1
324.812,37,126.0,1445.0,85.0,0.0,33.83,83.5,-1.0,44.3,45.1
324.9,37,126.0,1445.0,85.0,0.0,33.83,83.5,-1.0,44.3,45.1
324.99,37,126.0,1445.0,85.0,0.0,33.83,83.5,-1.0,44.7,45.1
325.08,37,126.0,1445.0,85.0,0.0,33.83,83.5,-1.0,44.7,46.3
325.171,37,126.0,1445.0,85.0,0.0,33.83,83.5,-1.0,44.7,46.3
325.26,37,150.0,1445.0,85.0,0.0,33.83,83.5,-1.0,44.7,46.3
325.38,37,150.0,1445.0,85.0,0.0,33.83,83.5,-1.0,44.7,46.3
325.471,37,150.0,1445.0,85.0,0.0,33.83,83.5,-1.0,44.7,46.3
325.56,37,150.0,1445.0,85.0,1.0,33.83,83.5,-1.0,44.7,46.3
325.65,37,150.0,1445.0,85.0,1.0,38.33,83.5,-1.0,44.7,46.3
325.74,37,150.0,1445.0,85.0,1.0,38.33,83.5,-1.0,44.7,46.3
325.832,37,150.0,1445.0,85.0,1.0,38.33,83.5,-1.0,44.7,46.3
325.92,37,150.0,1445.0,85.0,1.0,38.33,83.5,-1.0,47.5,46.3
326.009,37,150.0,1445.0,85.0,1.0,38.33,83.5,-1.0,47.5,49.0
326.1,37,150.0,1445.0,85.0,1.0,38.33,83.5,-1.0,47.5,49.0
326.19,37,171.0,1445.0,85.0,1.0,38.33,83.5,-1.0,47.5,49.0
326.28,37,171.0,1457.0,85.0,1.0,38.33,83.5,-1.0,47.5,49.0
326.37,37,171.0,1457.0,86.0,1.0,38.33,83.5,-1.0,47.5,49.0
326.46,37,171.0,1457.0,86.0,1.0,38.33,83.5,-1.0,47.5,49.0
326.552,37,171.0,1457.0,86.0,1.0,42.22,83.5,-1.0,47.5,49.0
326.64,37,171.0,1457.0,86.0,1.0,42.22,83.5,-1.0,47.5,49.0
326.73,37,171.0,1457.0,86.0,1.0,42.22,83.5,-1.0,47.5,49.0
326.82,37,171.0,1457.0,86.0,1.0,42.22,83.5,-1.0,52.5,49.0
326.912,37,171.0,1457.0,86.0,1.0,42.22,83.5,-1.0,52.5,52.9
326.999,37,171.0,1457.0,86.0,1.0,42.22,83.5,-1.0,52.5,52.9
327.09,37,189.0,1457.0,86.0,1.0,42.22,83.5,-1.0,52.5,52.9
327.18,37,189.0,1473.0,86.0,1.0,42.22,83.5,-1.0,52.5,52.9
327.27,37,189.0,1473.0,88.0,1.0,42.22,83.5,-1.0,52.5,52.9
327.36,37,189.0,1473.0,88.0,2.0,42.22,83.5,-1.0,52.5,52.9
327.45,37,189.0,1473.0,88.0,2.0,44.88,83.5,-1.0,52.5,52.9
327.54,37,189.0,1473.0,88.0,2.0,44.88,83.5,-1.0,52.5,52.9
327.631,37,189.0,1473.0,88.0,2.0,44.88,83.5,-1.0,52.5,52.9
327.72,37,189.0,1473.0,88.0,2.0,44.88,83.5,-1.0,52.5,52.9
327.811,37,189.0,1473.0,88.0,2.0,44.88,83.5,-1.0,52.5,52.9
327.9,37,189.0,1473.0,88.0,2.0,44.88,83.5,-1.0,52.5,52.9
327.989,37,186.0,1473.0,88.0,2.0,44.88,83.5,-1.0,52.5,52.9
328.079,37,186.0,1503.0,88.0,2.0,44.88,83.5,-1.0,52.5,52.9
328.169,37,186.0,1503.0,89.0,2.0,44.88,83.5,-1.0,52.5,52.9
328.259,37,186.0,1503.0,89.0,3.0,44.88,83.5,-1.0,52.5,52.9
328.349,37,186.0,1503.0,89.0,3.0,44.16,83.5,-1.0,52.5,52.9
328.439,37,186.0,1503.0,89.0,3.0,44.16,83.5,-1.0,52.5,52.9
328.53,37,186.0,1503.0,89.0,3.0,44.16,83.5,-1.0,52.5,52.9
328.619,37,186.0,1503.0,89.0,3.0,44.16,83.5,-1.0,52.2,52.9
328.71,37,186.0,1503.0,89.0,3.0,44.16,83.5,-1.0,52.2,52.9
328.8,37,186.0,1503.0,89.0,3.0,44.16,83.5,-1.0,52.2,52.9
328.891,37,186.0,1503.0,89.0,3.0,44.16,83.5,-1.0,52.2,52.9
328.979,37,186.0,1531.0,89.0,3.0,44.16,83.5,-1.0,52.2,52.9
329.07,37,186.0,1531.0,90.0,3.0,44.16,83.5,-1.0,52.2,52.9
329.16,37,186.0,1531.0,90.0,3.0,44.16,83.5,-1.0,52.2,52.9
329.25,37,186.0,1531.0,90.0,3.0,45.61,83.5,-1.0,52.2,52.9
329.34,37,186.0,1531.0,90.0,3.0,45.61,83.5,-1.0,52.2,52.9
329.43,37,186.0,1531.0,90.0,3.0,45.61,83.5,-1.0,52.2,52.9
329.52,37,186.0,1531.0,90.0,3.0,45.61,83.5,-1.0,61.2,52.9
329.61,37,186.0,1531.0,90.0,3.0,45.61,83.5,-1.0,61.2,62.0
329.7,37,186.0,1531.0,90.0,3.0,45.61,83.5,-1.0,61.2,62.0
329.791,37,210.0,1531.0,90.0,3.0,45.61,83.5,-1.0,61.2,62.0
329.88,37,210.0,1562.0,90.0,3.0,45.61,83.5,-1.0,61.2,62.0
329.969,37,210.0,1562.0,93.0,3.0,45.61,83.5,-1.0,61.2,62.0
330.059,37,210.0,1562.0,93.0,2.0,45.61,83.5,-1.0,61.2,62.0
330.15,37,210.0,1562.0,93.0,2.0,53.36,83.5,-1.0,61.2,62.0
330.24,37,210.0,1562.0,93.0,2.0,53.36,83.5,-1.0,61.2,62.0
330.332,37,210.0,1562.0,93.0,2.0,53.36,83.5,-1.0,61.2,62.0
330.42,37,210.0,1562.0,93.0,2.0,53.36,83.5,-1.0,60.8,62.0
330.51,37,210.0,1562.0,93.0,2.0,53.36,83.5,-1.0,60.8,61.2
330.6,38,210.0,1562.0,93.0,2.0,53.36,83.5,-1.0,60.8,61.2
330.69,38,210.0,1562.0,93.0,2.0,53.36,83.5,-1.0,60.8,61.2
330.78,38,210.0,1605.0,93.0,2.0,53.36,83.5,-1.0,60.8,61.2
330.87,38,210.0,1605.0,95.0,2.0,53.36,83.5,-1.0,60.8,61.2
330.959,38,210.0,1605.0,95.0,3.0,53.36,83.5,-1.0,60.8,61.2
331.049,38,210.0,1605.0,95.0,3.0,53.88,83.5,-1.0,60.8,61.2
331.14,38,210.0,1605.0,95.0,3.0,53.88,83.5,-1.0,60.8,61.2
331.231,38,210.0,1605.0,95.0,3.0,53.88,83.5,-1.0,60.8,61.2
331.32,38,210.0,1605.0,95.0,3.0,53.88,83.5,-1.0,60.0,61.2
331.409,38,210.0,1605.0,95.0,3.0,53.88,83.5,-1.0,60.0,60.4
331.499,38,210.0,1605.0,95.0,3.0,53.88,83.5,-1.0,60.0,60.4
331.59,38,213.0,1605.0,95.0,3.0,53.88,83.5,-1.0,60.0,60.4
331.68,38,213.0,1654.0,95.0,3.0,53.88,83.5,-1.0,60.0,60.4
331.77,38,213.0,1654.0,98.0,3.0,53.88,83.5,-1.0,60.0,60.4
331.861,38,213.0,1654.0,98.0,2.0,53.88,83.5,-1.0,60.0,60.4
331.949,38,213.0,1654.0,98.0,2.0,55.27,83.5,-1.0,60.0,60.4
332.039,38,213.0,1654.0,98.0,2.0,55.27,83.5,-1.0,60.0,60.4
332.13,38,213.0,1654.0,98.0,2.0,55.27,83.5,-1.0,60.0,60.4
332.22,38,213.0,1654.0,98.0,2.0,55.27,83.5,-1.0,53.3,60.4
332.31,38,213.0,1654.0,98.0,2.0,55.27,83.5,-1.0,53.3,52.5
332.4,38,213.0,1654.0,98.0,2.0,55.27,83.5,-1.0,53.3,52.5
332.49,38,196.0,1654.0,98.0,2.0,55.27,83.5,-1.0,53.3,52.5
332.58,38,196.0,1684.0,98.0,2.0,55.27,83.5,-1.0,53.3,52.5
332.671,38,196.0,1684.0,100.0,2.0,55.27,83.5,-1.0,53.3,52.5
332.76,38,196.0,1684.0,100.0,2.0,55.27,83.5,-1.0,53.3,52.5
332.851,38,196.0,1684.0,100.0,2.0,45.86,83.5,-1.0,53.3,52.5
332.97,38,196.0,1684.0,100.0,2.0,45.86,83.5,-1.0,53.3,52.5
333.059,38,196.0,1684.0,100.0,2.0,45.86,83.5,-1.0,53.3,52.5
333.15,38,196.0,1684.0,100.0,2.0,45.86,83.5,-1.0,46.3,52.5
333.24,38,196.0,1684.0,100.0,2.0,45.86,83.5,-1.0,46.3,46.7
333.33,38,196.0,1684.0,100.0,2.0,45.86,83.5,-1.0,46.3,46.7
333.42,38,156.0,1684.0,100.0,2.0,45.86,83.5,-1.0,46.3,46.7
333.51,38,156.0,1696.0,100.0,2.0,45.86,83.5,-1.0,46.3,46.7
333.601,38,156.0,1696.0,101.0,2.0,45.86,83.5,-1.0,46.3,46.7
333.69,38,156.0,1696.0,101.0,2.0,45.86,83.5,-1.0,46.3,46.7
333.781,38,156.0,1696.0,101.0,2.0,42.77,83.5,-1.0,46.3,46.7
333.87,38,156.0,1696.0,101.0,2.0,42.77,83.5,-1.0,46.3,46.7
333.959,38,156.0,1696.0,101.0,2.0,42.77,83.5,-1.0,46.3,46.7
334.049,38,156.0,1696.0,101.0,2.0,42.77,83.5,-1.0,45.1,46.7
334.14,38,156.0,1696.0,101.0,2.0,42.77,83.5,-1.0,45.1,45.9
334.23,38,156.0,1696.0,101.0,2.0,42.77,83.5,-1.0,45.1,45.9
334.32,38,153.0,1696.0,101.0,2.0,42.77,83.5,-1.0,45.1,45.9
334.411,38,153.0,1709.0,101.0,2.0,42.77,83.5,-1.0,45.1,45.9
334.5,38,153.0,1709.0,101.0,2.0,42.77,83.5,-1.0,45.1,45.9
334.591,38,153.0,1709.0,101.0,2.0,42.77,83.5,-1.0,45.1,45.9
334.68,38,153.0,1709.0,101.0,2.0,41.74,83.5,-1.0,45.1,45.9
334.77,38,153.0,1709.0,101.0,2.0,41.74,83.5,-1.0,45.1,45.9
334.86,38,153.0,1709.0,101.0,2.0,41.74,83.5,-1.0,45.1,45.9
334.95,38,153.0,1709.0,101.0,2.0,41.74,83.5,-1.0,44.3,45.9
335.039,38,153.0,1709.0,101.0,2.0,41.74,83.5,-1.0,44.3,45.1
335.13,38,153.0,1709.0,101.0,2.0,41.74,83.5,-1.0,44.3,45.1
335.22,38,146.0,1709.0,101.0,2.0,41.74,83.5,-1.0,44.3,45.1
335.31,38,146.0,1718.0,101.0,2.0,41.74,83.5,-1.0,44.3,45.1
335.4,38,146.0,1718.0,101.0,2.0,41.74,83.5,-1.0,44.3,45.1
335.492,38,146.0,1718.0,101.0,2.0,41.74,83.5,-1.0,44.3,45.1
335.58,38,146.0,1718.0,101.0,2.0,40.66,83.5,-1.0,44.3,45.1
335.67,38,146.0,1718.0,101.0,2.0,40.66,83.5,-1.0,44.3,45.1
335.76,38,146.0,1718.0,101.0,2.0,40.66,83.5,-1.0,44.3,45.1
335.851,38,146.0,1718.0,101.0,2.0,40.66,83.5,-1.0,49.4,45.1
335.94,38,146.0,1718.0,101.0,2.0,40.66,83.5,-1.0,49.4,51.8
336.029,39,146.0,1718.0,101.0,2.0,40.66,83.5,-1.0,49.4,51.8
336.12,39,165.0,1718.0,101.0,2.0,40.66,83.5,-1.0,49.4,51.8
336.21,39,165.0,1732.0,101.0,2.0,40.66,83.5,-1.0,49.4,51.8
336.3,39,165.0,1732.0,102.0,2.0,40.66,83.5,-1.0,49.4,51.8
336.391,39,165.0,1732.0,102.0,2.0,40.66,83.5,-1.0,49.4,51.8
336.48,39,165.0,1732.0,102.0,2.0,57.02,83.5,-1.0,49.4,51.8
336.57,39,165.0,1732.0,102.0,2.0,57.02,83.5,-1.0,49.4,51.8
336.66,39,165.0,1732.0,102.0,2.0,57.02,83.5,-1.0,49.4,51.8
336.75,39,165.0,1732.0,102.0,2.0,57.02,83.5,-1.0,14.5,51.8
336.84,39,165.0,1732.0,102.0,2.0,57.02,83.5,-1.0,14.5,14.5
336.929,39,165.0,1732.0,102.0,2.0,57.02,83.5,-1.0,14.5,14.5
337.019,39,129.0,1732.0,102.0,2.0,57.02,83.5,-1.0,14.5,14.5
337.11,39,129.0,1720.0,102.0,2.0,57.02,83.5,-1.0,14.5,14.5
337.2,39,129.0,1720.0,102.0,2.0,57.02,83.5,-1.0,14.5,14.5
337.29,39,129.0,1720.0,102.0,2.0,57.02,83.5,-1.0,14.5,14.5
337.38,39,129.0,1720.0,102.0,2.0,29.52,83.5,-1.0,14.5,14.5
337.47,39,129.0,1720.0,102.0,2.0,29.52,31.0,-1.0,14.5,14.5
337.56,39,129.0,1720.0,102.0,2.0,29.52,31.0,-1.0,14.5,14.5
337.65,39,129.0,1720.0,102.0,2.0,29.52,31.0,-1.0,14.5,14.5
337.74,39,129.0,1720.0,102.0,2.0,29.52,31.0,-1.0,14.5,14.5
337.83,39,129.0,1720.0,102.0,2.0,29.52,31.0,-1.0,14.5,14.5
337.95,39,119.0,1720.0,102.0,2.0,29.52,31.0,-1.0,14.5,14.5
338.07,39,119.0,1675.0,102.0,2.0,29.52,31.0,-1.0,14.5,14.5
338.16,39,119.0,1675.0,99.0,2.0,29.52,31.0,-1.0,14.5,14.5
338.249,39,119.0,1675.0,99.0,0.0,29.52,31.0,-1.0,14.5,14.5
338.34,39,119.0,1675.0,99.0,0.0,33.36,31.0,-1.0,14.5,14.5
338.43,39,119.0,1675.0,99.0,0.0,33.36,83.5,-1.0,14.5,14.5
338.52,39,119.0,1675.0,99.0,0.0,33.36,83.5,-1.0,14.5,14.5
338.61,39,119.0,1675.0,99.0,0.0,33.36,83.5,-1.0,14.5,14.5
338.7,39,119.0,1675.0,99.0,0.0,33.36,83.5,-1.0,14.5,14.5
338.79,39,119.0,1675.0,99.0,0.0,33.36,83.5,-1.0,14.5,14.5
338.88,39,124.0,1675.0,99.0,0.0,33.36,83.5,-1.0,14.5,14.5
338.97,39,124.0,1631.0,99.0,0.0,33.36,83.5,-1.0,14.5,14.5
339.059,39,124.0,1631.0,96.0,0.0,33.36,83.5,-1.0,14.5,14.5
339.15,39,124.0,1631.0,96.0,0.0,33.36,83.5,-1.0,14.5,14.5
339.24,39,124.0,1631.0,96.0,0.0,32.72,83.5,-1.0,14.5,14.5
339.33,39,124.0,1631.0,96.0,0.0,32.72,83.5,-1.0,14.5,14.5
339.42,39,124.0,1631.0,96.0,0.0,32.72,83.5,-1.0,14.5,14.5
339.51,39,124.0,1631.0,96.0,0.0,32.72,83.5,-1.0,14.1,14.5
339.6,39,124.0,1631.0,96.0,0.0,32.72,83.5,-1.0,14.1,14.5
339.69,39,124.0,1631.0,96.0,0.0,32.72,83.5,-1.0,14.1,14.5
339.78,39,122.0,1631.0,96.0,0.0,32.72,83.5,-1.0,14.1,14.5
339.87,39,122.0,1594.0,96.0,0.0,32.72,83.5,-1.0,14.1,14.5
339.96,39,122.0,1594.0,94.0,0.0,32.72,83.5,-1.0,14.1,14.5
340.049,39,122.0,1594.0,94.0,0.0,32.72,83.5,-1.0,14.1,14.5
340.139,39,122.0,1594.0,94.0,0.0,31.83,83.5,-1.0,14.1,14.5
340.23,39,122.0,1594.0,94.0,0.0,31.83,83.5,-1.0,14.1,14.5
340.32,39,122.0,1594.0,94.0,0.0,31.83,83.5,-1.0,14.1,14.5
340.409,39,122.0,1594.0,94.0,0.0,31.83,83.5,-1.0,23.1,14.5
340.501,39,122.0,1594.0,94.0,0.0,31.83,83.5,-1.0,23.1,23.9
340.59,40,122.0,1594.0,94.0,0.0,31.83,83.5,-1.0,23.1,23.9
340.68,40,123.0,1594.0,94.0,0.0,31.83,83.5,-1.0,23.1,23.9
340.769,40,123.0,1589.0,94.0,0.0,31.83,83.5,-1.0,23.1,23.9
340.861,40,123.0,1589.0,93.0,0.0,31.83,83.5,-1.0,23.1,23.9
340.95,40,123.0,1589.0,93.0,0.0,31.83,83.5,-1.0,23.1,23.9
341.039,40,123.0,1589.0,93.0,0.0,28.97,83.5,-1.0,23.1,23.9
341.1,40,123.0,1589.0,93.0,0.0,28.97,83.5,-1.0,23.1,23.9
341.19,40,123.0,1589.0,93.0,0.0,28.97,83.5,-1.0,23.1,23.9
341.28,40,123.0,1589.0,93.0,0.0,28.97,83.5,-1.0,32.2,23.9
341.341,40,123.0,1589.0,93.0,0.0,28.97,83.5,-1.0,32.2,33.3
341.46,40,123.0,1589.0,93.0,0.0,28.97,83.5,-1.0,32.2,33.3
341.549,40,106.0,1589.0,93.0,0.0,28.97,83.5,-1.0,32.2,33.3
341.639,40,106.0,1561.0,93.0,0.0,28.97,83.5,-1.0,32.2,33.3
341.7,40,106.0,1561.0,92.0,0.0,28.97,83.5,-1.0,32.2,33.3
341.789,40,106.0,1561.0,92.0,0.0,28.97,83.5,-1.0,32.2,33.3
341.851,40,106.0,1561.0,92.0,0.0,28.08,83.5,-1.0,32.2,33.3
341.94,40,106.0,1561.0,92.0,0.0,28.08,83.5,-1.0,32.2,33.3
342.03,40,106.0,1561.0,92.0,0.0,28.08,83.5,-1.0,32.2,33.3
342.12,40,106.0,1561.0,92.0,0.0,28.08,83.5,-1.0,36.1,33.3
342.21,40,106.0,1561.0,92.0,0.0,28.08,83.5,-1.0,36.1,36.5
342.3,40,106.0,1561.0,92.0,0.0,28.08,83.5,-1.0,36.1,36.5
342.39,40,109.0,1561.0,92.0,0.0,28.08,83.5,-1.0,36.1,36.5
342.451,40,109.0,1558.0,92.0,0.0,28.08,83.5,-1.0,36.1,36.5
342.54,40,109.0,1558.0,92.0,0.0,28.08,83.5,-1.0,36.1,36.5
342.63,40,109.0,1558.0,92.0,0.0,28.08,83.5,-1.0,36.1,36.5
342.72,40,109.0,1558.0,92.0,0.0,29.16,83.5,-1.0,36.1,36.5
342.81,40,109.0,1558.0,92.0,0.0,29.16,83.5,-1.0,36.1,36.5
342.899,40,109.0,1558.0,92.0,0.0,29.16,83.5,-1.0,36.1,36.5
342.989,40,109.0,1558.0,92.0,0.0,29.16,83.5,-1.0,40.8,36.5
343.05,40,109.0,1558.0,92.0,0.0,29.16,83.5,-1.0,40.8,41.2
343.14,40,109.0,1558.0,92.0,0.0,29.16,83.5,-1.0,40.8,41.2
343.201,40,121.0,1558.0,92.0,0.0,29.16,83.5,-1.0,40.8,41.2
343.29,40,121.0,1557.0,92.0,0.0,29.16,83.5,-1.0,40.8,41.2
343.351,40,121.0,1557.0,92.0,0.0,29.16,83.5,-1.0,40.8,41.2
343.44,40,121.0,1557.0,92.0,0.0,29.16,83.5,-1.0,40.8,41.2
343.501,40,121.0,1557.0,92.0,0.0,33.13,83.5,-1.0,40.8,41.2
343.59,40,121.0,1557.0,92.0,0.0,33.13,83.5,-1.0,40.8,41.2
343.651,40,121.0,1557.0,92.0,0.0,33.13,83.5,-1.0,40.8,41.2
343.74,40,121.0,1557.0,92.0,0.0,33.13,83.5,-1.0,38.8,41.2
343.802,40,121.0,1557.0,92.0,0.0,33.13,83.5,-1.0,38.8,39.2
343.891,40,121.0,1557.0,92.0,0.0,33.13,83.5,-1.0,38.8,39.2
343.979,40,128.0,1557.0,92.0,0.0,33.13,83.5,-1.0,38.8,39.2
344.07,40,128.0,1554.0,92.0,0.0,33.13,83.5,-1.0,38.8,39.2
344.16,40,128.0,1554.0,92.0,0.0,33.13,83.5,-1.0,38.8,39.2
344.251,40,128.0,1554.0,92.0,1.0,33.13,83.5,-1.0,38.8,39.2
344.34,40,128.0,1554.0,92.0,1.0,31.38,83.5,-1.0,38.8,39.2
344.43,40,128.0,1554.0,92.0,1.0,31.38,83.5,-1.0,38.8,39.2
344.491,40,128.0,1554.0,92.0,1.0,31.38,83.5,-1.0,38.8,39.2
344.551,40,128.0,1554.0,92.0,1.0,31.38,83.5,-1.0,38.8,39.2
344.64,40,128.0,1554.0,92.0,1.0,31.38,83.5,-1.0,38.8,39.2
344.701,40,128.0,1554.0,92.0,1.0,31.38,83.5,-1.0,38.8,39.2
344.79,40,120.0,1554.0,92.0,1.0,31.38,83.5,-1.0,38.8,39.2
344.851,40,120.0,1553.0,92.0,1.0,31.38,83.5,-1.0,38.8,39.2
344.939,40,120.0,1553.0,92.0,1.0,31.38,83.5,-1.0,38.8,39.2
345.029,40,120.0,1553.0,92.0,1.0,31.38,83.5,-1.0,38.8,39.2
345.12,40,120.0,1553.0,92.0,1.0,30.52,83.5,-1.0,38.8,39.2
345.21,40,120.0,1553.0,92.0,1.0,30.52,83.5,-1.0,38.8,39.2
345.3,40,120.0,1553.0,92.0,1.0,30.52,83.5,-1.0,38.8,39.2
345.39,40,120.0,1553.0,92.0,1.0,30.52,83.5,-1.0,31.0,39.2
345.452,40,120.0,1553.0,92.0,1.0,30.52,83.5,-1.0,31.0,31.4
345.54,40,120.0,1553.0,92.0,1.0,30.52,83.5,-1.0,31.0,31.4
345.63,40,111.0,1553.0,92.0,1.0,30.52,83.5,-1.0,31.0,31.4
345.691,40,111.0,1543.0,92.0,1.0,30.52,83.5,-1.0,31.0,31.4
345.751,40,111.0,1543.0,91.0,1.0,30.52,83.5,-1.0,31.0,31.4
345.84,40,111.0,1543.0,91.0,1.0,30.52,83.5,-1.0,31.0,31.4
345.901,40,111.0,1543.0,91.0,1.0,27.99,83.5,-1.0,31.0,31.4
345.989,40,111.0,1543.0,91.0,1.0,27.99,83.5,-1.0,31.0,31.4
346.05,40,111.0,1543.0,91.0,1.0,27.99,83.5,-1.0,31.0,31.4
346.14,40,111.0,1543.0,91.0,1.0,27.99,83.5,-1.0,29.8,31.4
346.201,40,111.0,1543.0,91.0,1.0,27.99,83.5,-1.0,29.8,29.8
346.29,41,111.0,1543.0,91.0,1.0,27.99,83.5,-1.0,29.8,29.8
346.351,41,105.0,1543.0,91.0,1.0,27.99,83.5,-1.0,29.8,29.8
346.44,41,105.0,1538.0,91.0,1.0,27.99,83.5,-1.0,29.8,29.8
346.501,41,105.0,1538.0,91.0,1.0,27.99,83.5,-1.0,29.8,29.8
346.59,41,105.0,1538.0,91.0,0.0,27.99,83.5,-1.0,29.8,29.8
346.651,41,105.0,1538.0,91.0,0.0,26.63,83.5,-1.0,29.8,29.8
346.74,41,105.0,1538.0,91.0,0.0,26.63,83.5,-1.0,29.8,29.8
346.83,41,105.0,1538.0,91.0,0.0,26.63,83.5,-1.0,29.8,29.8
346.891,41,105.0,1538.0,91.0,0.0,26.63,83.5,-1.0,35.7,29.8
346.951,41,105.0,1538.0,91.0,0.0,26.63,83.5,-1.0,35.7,36.9
347.039,41,105.0,1538.0,91.0,0.0,26.63,83.5,-1.0,35.7,36.9
347.101,41,105.0,1538.0,91.0,0.0,26.63,83.5,-1.0,35.7,36.9
347.19,41,105.0,1531.0,91.0,0.0,26.63,83.5,-1.0,35.7,36.9
347.251,41,105.0,1531.0,90.0,0.0,26.63,83.5,-1.0,35.7,36.9
347.34,41,105.0,1531.0,90.0,0.0,26.63,83.5,-1.0,35.7,36.9
347.401,41,105.0,1531.0,90.0,0.0,28.58,83.5,-1.0,35.7,36.9
347.49,41,105.0,1531.0,90.0,0.0,28.58,83.5,-1.0,35.7,36.9
347.58,41,105.0,1531.0,90.0,0.0,28.58,83.5,-1.0,35.7,36.9
347.67,41,105.0,1531.0,90.0,0.0,28.58,83.5,-1.0,41.2,36.9
347.76,41,105.0,1531.0,90.0,0.0,28.58,83.5,-1.0,41.2,42.0
347.85,41,105.0,1531.0,90.0,0.0,28.58,83.5,-1.0,41.2,42.0
347.97,41,123.0,1531.0,90.0,0.0,28.58,83.5,-1.0,41.2,42.0
348.06,41,123.0,1531.0,90.0,0.0,28.58,83.5,-1.0,41.2,42.0
348.149,41,123.0,1531.0,90.0,0.0,28.58,83.5,-1.0,41.2,42.0
348.24,41,123.0,1531.0,90.0,1.0,28.58,83.5,-1.0,41.2,42.0
348.33,41,123.0,1531.0,90.0,1.0,34.02,83.5,-1.0,41.2,42.0
348.392,41,123.0,1531.0,90.0,1.0,34.02,83.5,-1.0,41.2,42.0
348.479,41,123.0,1531.0,90.0,1.0,34.02,83.5,-1.0,41.2,42.0
348.541,41,123.0,1531.0,90.0,1.0,34.02,83.5,-1.0,43.1,42.0
348.66,41,123.0,1531.0,90.0,1.0,34.02,83.5,-1.0,43.1,43.5
348.75,41,123.0,1531.0,90.0,1.0,34.02,83.5,-1.0,43.1,43.5
348.84,41,139.0,1531.0,90.0,1.0,34.02,83.5,-1.0,43.1,43.5
348.93,41,139.0,1538.0,90.0,1.0,34.02,83.5,-1.0,43.1,43.5
349.019,41,139.0,1538.0,91.0,1.0,34.02,83.5,-1.0,43.1,43.5
349.109,41,139.0,1538.0,91.0,1.0,34.02,83.5,-1.0,43.1,43.5
349.2,41,139.0,1538.0,91.0,1.0,36.3,83.5,-1.0,43.1,43.5
349.29,41,139.0,1538.0,91.0,1.0,36.3,83.5,-1.0,43.1,43.5
349.38,41,139.0,1538.0,91.0,1.0,36.3,83.5,-1.0,43.1,43.5
349.47,41,139.0,1538.0,91.0,1.0,36.3,83.5,-1.0,43.9,43.5
349.56,41,139.0,1538.0,91.0,1.0,36.3,83.5,-1.0,43.9,44.7
349.65,41,139.0,1538.0,91.0,1.0,36.3,83.5,-1.0,43.9,44.7
349.74,41,148.0,1538.0,91.0,1.0,36.3,83.5,-1.0,43.9,44.7
349.83,41,148.0,1548.0,91.0,1.0,36.3,83.5,-1.0,43.9,44.7
349.92,41,148.0,1548.0,91.0,1.0,36.3,83.5,-1.0,43.9,44.7
350.009,41,148.0,1548.0,91.0,2.0,36.3,83.5,-1.0,43.9,44.7
350.1,41,148.0,1548.0,91.0,2.0,39.3,83.5,-1.0,43.9,44.7
350.19,41,148.0,1548.0,91.0,2.0,39.3,83.5,-1.0,43.9,44.7
350.279,41,148.0,1548.0,91.0,2.0,39.3,83.5,-1.0,43.9,44.7
350.341,41,148.0,1548.0,91.0,2.0,39.3,83.5,-1.0,46.3,44.7
350.431,41,148.0,1548.0,91.0,2.0,39.3,83.5,-1.0,46.3,46.7
350.491,41,148.0,1548.0,91.0,2.0,39.3,83.5,-1.0,46.3,46.7
350.58,41,169.0,1548.0,91.0,2.0,39.3,83.5,-1.0,46.3,46.7
350.67,41,169.0,1558.0,91.0,2.0,39.3,83.5,-1.0,46.3,46.7
350.76,41,169.0,1558.0,92.0,2.0,39.3,83.5,-1.0,46.3,46.7
350.85,41,169.0,1558.0,92.0,2.0,39.3,83.5,-1.0,46.3,46.7
350.943,41,169.0,1558.0,92.0,2.0,39.36,83.5,-1.0,46.3,46.7
351.029,41,169.0,1558.0,92.0,2.0,39.36,83.5,-1.0,46.3,46.7
351.12,41,169.0,1558.0,92.0,2.0,39.36,83.5,-1.0,46.3,46.7
351.21,41,169.0,1558.0,92.0,2.0,39.36,83.5,-1.0,38.8,46.7
351.3,41,169.0,1558.0,92.0,2.0,39.36,83.5,-1.0,38.8,36.9
351.39,41,169.0,1558.0,92.0,2.0,39.36,83.5,-1.0,38.8,36.9
351.48,41,133.0,1558.0,92.0,2.0,39.36,83.5,-1.0,38.8,36.9
351.541,41,133.0,1549.0,92.0,2.0,39.36,83.5,-1.0,38.8,36.9
351.631,41,133.0,1549.0,92.0,2.0,39.36,83.5,-1.0,38.8,36.9
351.691,41,133.0,1549.0,92.0,2.0,39.36,83.5,-1.0,38.8,36.9
351.779,41,133.0,1549.0,92.0,2.0,28.86,83.5,-1.0,38.8,36.9
351.87,41,133.0,1549.0,92.0,2.0,28.86,83.5,-1.0,38.8,36.9
351.959,41,133.0,1549.0,92.0,2.0,28.86,83.5,-1.0,38.8,36.9
352.049,41,133.0,1549.0,92.0,2.0,28.86,83.5,-1.0,14.1,36.9
352.14,41,133.0,1549.0,92.0,2.0,28.86,83.5,-1.0,14.1,14.5
352.229,42,133.0,1549.0,92.0,2.0,28.86,83.5,-1.0,14.1,14.5
352.32,42,111.0,1549.0,92.0,2.0,28.86,83.5,-1.0,14.1,14.5
352.409,42,111.0,1284.0,92.0,2.0,28.86,83.5,-1.0,14.1,14.5
352.499,42,111.0,1284.0,91.0,2.0,28.86,83.5,-1.0,14.1,14.5
352.59,42,111.0,1284.0,91.0,1.0,28.86,83.5,-1.0,14.1,14.5
352.68,42,111.0,1284.0,91.0,1.0,17.97,83.5,-1.0,14.1,14.5
352.742,42,111.0,1284.0,91.0,1.0,17.97,83.5,-1.0,14.1,14.5
352.83,42,111.0,1284.0,91.0,1.0,17.97,83.5,-1.0,14.1,14.5
352.95,42,111.0,1284.0,91.0,1.0,17.97,83.5,-1.0,14.1,14.5
353.039,42,111.0,1284.0,91.0,1.0,17.97,83.5,-1.0,14.1,14.5
353.129,42,111.0,1284.0,91.0,1.0,17.97,83.5,-1.0,14.1,14.5
353.191,42,109.0,1284.0,91.0,1.0,17.97,83.5,-1.0,14.1,14.5
353.28,42,109.0,1567.0,91.0,1.0,17.97,83.5,-1.0,14.1,14.5
353.37,42,109.0,1567.0,89.0,1.0,17.97,83.5,-1.0,14.1,14.5
353.46,42,109.0,1567.0,89.0,0.0,17.97,83.5,-1.0,14.1,14.5
353.55,42,109.0,1567.0,89.0,0.0,30.74,83.5,-1.0,14.1,14.5
353.639,42,109.0,1567.0,89.0,0.0,30.74,83.5,-1.0,14.1,14.5
353.73,42,109.0,1567.0,89.0,0.0,30.74,83.5,-1.0,14.1,14.5
353.82,42,109.0,1567.0,89.0,0.0,30.74,83.5,-1.0,14.1,14.5
353.91,42,109.0,1567.0,89.0,0.0,30.74,83.5,-1.0,14.1,14.5
353.999,42,109.0,1567.0,89.0,0.0,30.74,83.5,-1.0,14.1,14.5
354.09,42,109.0,1567.0,89.0,0.0,30.74,83.5,-1.0,14.1,14.5
354.18,42,109.0,1058.0,89.0,0.0,30.74,83.5,-1.0,14.1,14.5
354.269,42,109.0,1058.0,87.0,0.0,30.74,83.5,-1.0,14.1,14.5
354.359,42,109.0,1058.0,87.0,0.0,30.74,83.5,-1.0,14.1,14.5
354.45,42,109.0,1058.0,87.0,0.0,18.08,83.5,-1.0,14.1,14.5
354.54,42,109.0,1058.0,87.0,0.0,18.08,83.5,-1.0,14.1,14.5
354.63,42,109.0,1058.0,87.0,0.0,18.08,83.5,-1.0,14.1,14.5
354.691,42,109.0,1058.0,87.0,0.0,18.08,83.5,-1.0,14.1,14.5
354.779,42,109.0,1058.0,87.0,0.0,18.08,83.5,-1.0,14.1,14.5
354.841,42,109.0,1058.0,87.0,0.0,18.08,83.5,-1.0,14.1,14.5
354.93,42,105.0,1058.0,87.0,0.0,18.08,83.5,-1.0,14.1,14.5
355.019,42,105.0,1532.0,87.0,0.0,18.08,83.5,-1.0,14.1,14.5
355.109,42,105.0,1532.0,86.0,0.0,18.08,83.5,-1.0,14.1,14.5
355.199,42,105.0,1532.0,86.0,0.0,18.08,83.5,-1.0,14.1,14.5
355.29,42,105.0,1532.0,86.0,0.0,30.63,83.5,-1.0,14.1,14.5
355.38,42,105.0,1532.0,86.0,0.0,30.63,83.5,-1.0,14.1,14.5
355.47,42,105.0,1532.0,86.0,0.0,30.63,83.5,-1.0,14.1,14.5
355.56,42,105.0,1532.0,86.0,0.0,30.63,83.5,-1.0,14.1,14.5
355.65,42,105.0,1532.0,86.0,0.0,30.63,83.5,-1.0,14.1,14.1
355.74,42,105.0,1532.0,86.0,0.0,30.63,83.5,-1.0,14.1,14.1
355.83,42,115.0,1532.0,86.0,0.0,30.63,83.5,-1.0,14.1,14.1
355.891,42,115.0,2137.0,86.0,0.0,30.63,83.5,-1.0,14.1,14.1
355.979,42,115.0,2137.0,83.0,0.0,30.63,83.5,-1.0,14.1,14.1
356.04,42,115.0,2137.0,83.0,0.0,30.63,83.5,-1.0,14.1,14.1
356.13,42,115.0,2137.0,83.0,0.0,43.19,83.5,-1.0,14.1,14.1
356.22,42,115.0,2137.0,83.0,0.0,43.19,83.5,-1.0,14.1,14.1
356.31,42,115.0,2137.0,83.0,0.0,43.19,83.5,-1.0,14.1,14.1
356.399,42,115.0,2137.0,83.0,0.0,43.19,83.5,-1.0,14.1,14.1
356.49,42,115.0,2137.0,83.0,0.0,43.19,83.5,-1.0,14.1,14.5
356.579,42,115.0,2137.0,83.0,0.0,43.19,83.5,-1.0,14.1,14.5
356.643,42,129.0,2137.0,83.0,0.0,43.19,83.5,-1.0,14.1,14.5
356.73,42,129.0,2081.0,83.0,0.0,43.19,83.5,-1.0,14.1,14.5
356.791,42,129.0,2081.0,81.0,0.0,43.19,83.5,-1.0,14.1,14.5
356.88,42,129.0,2081.0,81.0,3.0,43.19,83.5,-1.0,14.1,14.5
356.97,42,129.0,2081.0,81.0,3.0,39.94,83.5,-1.0,14.1,14.5
357.059,42,129.0,2081.0,81.0,3.0,39.94,83.5,-1.0,14.1,14.5
357.15,42,129.0,2081.0,81.0,3.0,39.94,83.5,-1.0,14.1,14.5
357.239,42,129.0,2081.0,81.0,3.0,39.94,83.5,-1.0,14.1,14.5
357.33,42,129.0,2081.0,81.0,3.0,39.94,83.5,-1.0,14.1,14.5
357.42,42,129.0,2081.0,81.0,3.0,39.94,83.5,-1.0,14.1,14.5
357.51,42,125.0,2081.0,81.0,3.0,39.94,83.5,-1.0,14.1,14.5
357.6,42,125.0,1115.0,81.0,3.0,39.94,83.5,-1.0,14.1,14.5
357.69,42,125.0,1115.0,77.0,3.0,39.94,83.5,-1.0,14.1,14.5
357.78,42,125.0,1115.0,77.0,3.0,39.94,83.5,-1.0,14.1,14.5
357.842,42,125.0,1115.0,77.0,3.0,24.19,83.5,-1.0,14.1,14.5
357.93,42,125.0,1115.0,77.0,3.0,24.19,83.5,-1.0,14.1,14.5
357.99,42,125.0,1115.0,77.0,3.0,24.19,83.5,-1.0,14.1,14.5
358.078,42,125.0,1115.0,77.0,3.0,24.19,83.5,-1.0,14.1,14.5
358.168,42,125.0,1115.0,77.0,3.0,24.19,83.5,-1.0,14.1,14.5
358.259,42,125.0,1115.0,77.0,3.0,24.19,83.5,-1.0,14.1,14.5
358.349,42,103.0,1115.0,77.0,3.0,24.19,83.5,-1.0,14.1,14.5
358.439,42,103.0,1945.0,77.0,3.0,24.19,83.5,-1.0,14.1,14.5
358.529,42,103.0,1945.0,71.0,3.0,24.19,83.5,-1.0,14.1,14.5
358.591,42,103.0,1945.0,71.0,0.0,24.19,83.5,-1.0,14.1,14.5
358.68,42,103.0,1945.0,71.0,0.0,37.77,83.5,-1.0,14.1,14.5
358.742,42,103.0,1945.0,71.0,0.0,37.77,83.5,-1.0,14.1,14.5
358.83,42,103.0,1945.0,71.0,0.0,37.77,83.5,-1.0,14.1,14.5
358.891,42,103.0,1945.0,71.0,0.0,37.77,83.5,-1.0,14.1,14.5
358.979,42,103.0,1945.0,71.0,0.0,37.77,83.5,-1.0,14.1,14.5
359.04,42,103.0,1945.0,71.0,0.0,37.77,83.5,-1.0,14.1,14.5
359.129,42,120.0,1945.0,71.0,0.0,37.77,83.5,-1.0,14.1,14.5
359.192,42,120.0,2427.0,71.0,0.0,37.77,83.5,-1.0,14.1,14.5
359.28,42,120.0,2427.0,65.0,0.0,37.77,83.5,-1.0,14.1,14.5
359.37,42,120.0,2427.0,65.0,1.0,37.77,83.5,-1.0,14.1,14.5
359.459,42,120.0,2427.0,65.0,1.0,50.97,83.5,-1.0,14.1,14.5
359.549,42,120.0,2427.0,65.0,1.0,50.97,83.5,-1.0,14.1,14.5
359.639,42,120.0,2427.0,65.0,1.0,50.97,83.5,-1.0,14.1,14.5
359.73,42,120.0,2427.0,65.0,1.0,50.97,83.5,-1.0,14.1,14.5
359.791,42,120.0,2427.0,65.0,1.0,50.97,83.5,-1.0,14.1,14.5
359.879,42,120.0,2427.0,65.0,1.0,50.97,83.5,-1.0,14.1,14.5
359.941,42,135.0,2427.0,65.0,1.0,50.97,83.5,-1.0,14.1,14.5
360.029,42,135.0,2230.0,65.0,1.0,50.97,83.5,-1.0,14.1,14.5
360.09,42,135.0,2230.0,60.0,1.0,50.97,83.5,-1.0,14.1,14.5
360.179,42,135.0,2230.0,60.0,4.0,50.97,83.5,-1.0,14.1,14.5
360.242,42,135.0,2230.0,60.0,4.0,48.24,83.5,-1.0,14.1,14.5
360.33,42,135.0,2230.0,60.0,4.0,48.24,83.5,-1.0,14.1,14.5
360.391,42,135.0,2230.0,60.0,4.0,48.24,83.5,-1.0,14.1,14.5
360.48,42,135.0,2230.0,60.0,4.0,48.24,83.5,-1.0,14.1,14.5
360.569,42,135.0,2230.0,60.0,4.0,48.24,83.5,-1.0,14.1,14.5
360.632,42,135.0,2230.0,60.0,4.0,48.24,83.5,-1.0,14.1,14.5
360.691,42,133.0,2230.0,60.0,4.0,48.24,83.5,-1.0,14.1,14.5
360.78,42,133.0,2081.0,60.0,4.0,48.24,83.5,-1.0,14.1,14.5
360.841,42,133.0,2081.0,56.0,4.0,48.24,83.5,-1.0,14.1,14.5
360.93,42,133.0,2081.0,56.0,3.0,48.24,83.5,-1.0,14.1,14.5
360.99,42,133.0,2081.0,56.0,3.0,44.19,83.5,-1.0,14.1,14.5
361.079,42,133.0,2081.0,56.0,3.0,44.19,83.5,-1.0,14.1,14.5
361.141,42,133.0,2081.0,56.0,3.0,44.19,83.5,-1.0,14.1,14.5
361.23,42,133.0,2081.0,56.0,3.0,44.19,83.5,-1.0,14.1,14.5
361.291,42,133.0,2081.0,56.0,3.0,44.19,83.5,-1.0,14.1,14.5
361.38,42,133.0,2081.0,56.0,3.0,44.19,83.5,-1.0,14.1,14.5
361.441,42,129.0,2081.0,56.0,3.0,44.19,83.5,-1.0,14.1,14.5
361.53,42,129.0,1967.0,56.0,3.0,44.19,83.5,-1.0,14.1,14.5
361.591,42,129.0,1967.0,53.0,3.0,44.19,83.5,-1.0,14.1,14.5
361.68,42,129.0,1967.0,53.0,3.0,44.19,83.5,-1.0,14.1,14.5
361.741,42,129.0,1967.0,53.0,3.0,40.58,83.5,-1.0,14.1,14.5
361.83,42,129.0,1967.0,53.0,3.0,40.58,83.5,-1.0,14.1,14.5
361.891,42,129.0,1967.0,53.0,3.0,40.58,83.5,-1.0,14.1,14.5
361.98,42,129.0,1967.0,53.0,3.0,40.58,83.5,-1.0,14.1,14.5
362.04,42,129.0,1967.0,53.0,3.0,40.58,83.5,-1.0,14.1,14.5
362.159,43,129.0,1967.0,53.0,3.0,40.58,83.5,-1.0,14.1,14.5
362.249,43,126.0,1967.0,53.0,3.0,40.58,83.5,-1.0,14.1,14.5
362.339,43,126.0,1905.0,53.0,3.0,40.58,83.5,-1.0,14.1,14.5
362.43,43,126.0,1905.0,51.0,3.0,40.58,83.5,-1.0,14.1,14.5
362.49,43,126.0,1905.0,51.0,2.0,40.58,83.5,-1.0,14.1,14.5
362.58,43,126.0,1905.0,51.0,2.0,38.74,83.5,-1.0,14.1,14.5
362.642,43,126.0,1905.0,51.0,2.0,38.74,83.5,-1.0,14.1,14.5
362.73,43,126.0,1905.0,51.0,2.0,38.74,83.5,-1.0,14.1,14.5
362.792,43,126.0,1905.0,51.0,2.0,38.74,83.5,-1.0,14.1,14.5
362.88,43,126.0,1905.0,51.0,2.0,38.74,83.5,-1.0,14.1,14.5
363.0,43,126.0,1905.0,51.0,2.0,38.74,83.5,-1.0,14.1,14.5
363.089,43,123.0,1905.0,51.0,2.0,38.74,83.5,-1.0,14.1,14.5
363.179,43,123.0,1825.0,51.0,2.0,38.74,83.5,-1.0,14.1,14.5
363.24,43,123.0,1825.0,49.0,2.0,38.74,83.5,-1.0,14.1,14.5
363.329,43,123.0,1825.0,49.0,2.0,38.74,83.5,-1.0,14.1,14.5
363.391,43,123.0,1825.0,49.0,2.0,36.77,83.5,-1.0,14.1,14.5
363.48,43,123.0,1825.0,49.0,2.0,36.77,83.5,-1.0,14.1,14.5
363.542,43,123.0,1825.0,49.0,2.0,36.77,83.5,-1.0,14.1,14.5
363.63,43,123.0,1825.0,49.0,2.0,36.77,83.5,-1.0,14.1,14.5
363.692,43,123.0,1825.0,49.0,2.0,36.77,83.5,-1.0,14.1,14.5
363.78,43,123.0,1825.0,49.0,2.0,36.77,83.5,-1.0,14.1,14.5
363.841,43,122.0,1825.0,49.0,2.0,36.77,83.5,-1.0,14.1,14.5
363.93,43,122.0,1767.0,49.0,2.0,36.77,83.5,-1.0,14.1,14.5
364.049,43,122.0,1767.0,47.0,2.0,36.77,83.5,-1.0,14.1,14.5
364.14,43,122.0,1767.0,47.0,1.0,36.77,83.5,-1.0,14.1,14.5
364.231,43,122.0,1767.0,47.0,1.0,35.16,83.5,-1.0,14.1,14.5
364.292,43,122.0,1767.0,47.0,1.0,35.16,83.5,-1.0,14.1,14.5
364.38,43,122.0,1767.0,47.0,1.0,35.16,83.5,-1.0,14.1,14.5
364.441,43,122.0,1767.0,47.0,1.0,35.16,83.5,-1.0,14.1,14.5
364.532,43,122.0,1767.0,47.0,1.0,35.16,83.5,-1.0,14.1,14.5
364.592,43,122.0,1767.0,47.0,1.0,35.16,83.5,-1.0,14.1,14.5
364.68,43,121.0,1767.0,47.0,1.0,35.16,83.5,-1.0,14.1,14.5
364.741,43,121.0,1720.0,47.0,1.0,35.16,83.5,-1.0,14.1,14.5
364.83,43,121.0,1720.0,46.0,1.0,35.16,83.5,-1.0,14.1,14.5
364.892,43,121.0,1720.0,46.0,1.0,35.16,83.5,-1.0,14.1,14.5
364.979,43,121.0,1720.0,46.0,1.0,34.33,83.5,-1.0,14.1,14.5
365.04,43,121.0,1720.0,46.0,1.0,34.33,83.5,-1.0,14.1,14.5
365.13,43,121.0,1720.0,46.0,1.0,34.33,83.5,-1.0,14.1,14.5
365.19,43,121.0,1720.0,46.0,1.0,34.33,83.5,-1.0,30.2,14.5
365.279,43,121.0,1720.0,46.0,1.0,34.33,83.5,-1.0,30.2,31.0
365.34,43,121.0,1720.0,46.0,1.0,34.33,83.5,-1.0,30.2,31.0
365.432,43,113.0,1720.0,46.0,1.0,34.33,83.5,-1.0,30.2,31.0
365.49,43,113.0,1724.0,46.0,1.0,34.33,83.5,-1.0,30.2,31.0
365.58,43,113.0,1724.0,46.0,1.0,34.33,83.5,-1.0,30.2,31.0
365.641,43,113.0,1724.0,46.0,1.0,34.33,83.5,-1.0,30.2,31.0
365.73,43,113.0,1724.0,46.0,1.0,31.13,83.5,-1.0,30.2,31.0
365.792,43,113.0,1724.0,46.0,1.0,31.13,83.5,-1.0,30.2,31.0
365.879,43,113.0,1724.0,46.0,1.0,31.13,83.5,-1.0,30.2,31.0
365.941,43,113.0,1724.0,46.0,1.0,31.13,83.5,-1.0,30.6,31.0
366.029,43,113.0,1724.0,46.0,1.0,31.13,83.5,-1.0,30.6,31.0
366.09,43,113.0,1724.0,46.0,1.0,31.13,83.5,-1.0,30.6,31.0
366.179,43,106.0,1724.0,46.0,1.0,31.13,83.5,-1.0,30.6,31.0
366.242,43,106.0,1751.0,46.0,1.0,31.13,83.5,-1.0,30.6,31.0
366.33,43,106.0,1751.0,47.0,1.0,31.13,83.5,-1.0,30.6,31.0
366.391,43,106.0,1751.0,47.0,1.0,31.13,83.5,-1.0,30.6,31.0
366.48,43,106.0,1751.0,47.0,1.0,31.19,83.5,-1.0,30.6,31.0
366.541,43,106.0,1751.0,47.0,1.0,31.19,83.5,-1.0,30.6,31.0
366.632,43,106.0,1751.0,47.0,1.0,31.19,83.5,-1.0,30.6,31.0
366.692,43,106.0,1751.0,47.0,1.0,31.19,83.5,-1.0,30.6,31.0
366.779,43,106.0,1751.0,47.0,1.0,31.19,83.5,-1.0,30.6,31.0
366.841,43,106.0,1751.0,47.0,1.0,31.19,83.5,-1.0,30.6,31.0
366.934,43,105.0,1751.0,47.0,1.0,31.19,83.5,-1.0,30.6,31.0
366.99,43,105.0,1773.0,47.0,1.0,31.19,83.5,-1.0,30.6,31.0
367.079,43,105.0,1773.0,48.0,1.0,31.19,83.5,-1.0,30.6,31.0
367.14,43,105.0,1773.0,48.0,1.0,31.19,83.5,-1.0,30.6,31.0
367.232,43,105.0,1773.0,48.0,1.0,31.61,83.5,-1.0,30.6,31.0
367.292,43,105.0,1773.0,48.0,1.0,31.61,83.5,-1.0,30.6,31.0
367.38,43,105.0,1773.0,48.0,1.0,31.61,83.5,-1.0,30.6,31.0
367.441,43,105.0,1773.0,48.0,1.0,31.61,83.5,-1.0,30.6,31.0
367.531,43,105.0,1773.0,48.0,1.0,31.61,83.5,-1.0,30.6,31.0
367.592,43,105.0,1773.0,48.0,1.0,31.61,83.5,-1.0,30.6,31.0
367.68,43,105.0,1773.0,48.0,1.0,31.61,83.5,-1.0,30.6,31.0
367.741,43,105.0,1795.0,48.0,1.0,31.61,83.5,-1.0,30.6,31.0
367.831,43,105.0,1795.0,48.0,1.0,31.61,83.5,-1.0,30.6,31.0
367.892,43,105.0,1795.0,48.0,1.0,31.61,83.5,-1.0,30.6,31.0
367.98,43,105.0,1795.0,48.0,1.0,31.94,83.5,-1.0,30.6,31.0
368.04,43,105.0,1795.0,48.0,1.0,31.94,83.5,-1.0,30.6,31.0
368.129,43,105.0,1795.0,48.0,1.0,31.94,83.5,-1.0,30.6,31.0
368.19,43,105.0,1795.0,48.0,1.0,31.94,83.5,-1.0,30.6,31.0
368.279,43,105.0,1795.0,48.0,1.0,31.94,83.5,-1.0,30.6,31.0
368.343,43,105.0,1795.0,48.0,1.0,31.94,83.5,-1.0,30.6,31.0
368.43,43,106.0,1795.0,48.0,1.0,31.94,83.5,-1.0,30.6,31.0
368.522,43,106.0,1817.0,48.0,1.0,31.94,83.5,-1.0,30.6,31.0
368.581,43,106.0,1817.0,49.0,1.0,31.94,83.5,-1.0,30.6,31.0
368.641,43,106.0,1817.0,49.0,1.0,31.94,83.5,-1.0,30.6,31.0
368.73,43,106.0,1817.0,49.0,1.0,32.91,83.5,-1.0,30.6,31.0
368.792,43,106.0,1817.0,49.0,1.0,32.91,83.5,-1.0,30.6,31.0
368.879,43,106.0,1817.0,49.0,1.0,32.91,83.5,-1.0,30.6,31.0
368.941,43,106.0,1817.0,49.0,1.0,32.91,83.5,-1.0,33.7,31.0
369.03,43,106.0,1817.0,49.0,1.0,32.91,83.5,-1.0,33.7,35.3
369.09,43,106.0,1817.0,49.0,1.0,32.91,83.5,-1.0,33.7,35.3
369.179,43,109.0,1817.0,49.0,1.0,32.91,83.5,-1.0,33.7,35.3
369.241,43,109.0,1842.0,49.0,1.0,32.91,83.5,-1.0,33.7,35.3
369.331,43,109.0,1842.0,49.0,1.0,32.91,83.5,-1.0,33.7,35.3
369.392,43,109.0,1842.0,49.0,1.0,32.91,83.5,-1.0,33.7,35.3
369.479,43,109.0,1842.0,49.0,1.0,36.91,83.5,-1.0,33.7,35.3
369.541,43,109.0,1842.0,49.0,1.0,36.91,83.5,-1.0,33.7,35.3
369.63,43,109.0,1842.0,49.0,1.0,36.91,83.5,-1.0,33.7,35.3
369.692,43,109.0,1842.0,49.0,1.0,36.91,83.5,-1.0,30.6,35.3
369.779,43,109.0,1842.0,49.0,1.0,36.91,83.5,-1.0,30.6,30.2
369.841,43,109.0,1842.0,49.0,1.0,36.91,83.5,-1.0,30.6,30.2
369.932,43,115.0,1842.0,49.0,1.0,36.91,83.5,-1.0,30.6,30.2
370.05,43,115.0,1852.0,49.0,1.0,36.91,83.5,-1.0,30.6,30.2
370.139,43,115.0,1852.0,50.0,1.0,36.91,83.5,-1.0,30.6,30.2
370.231,43,115.0,1852.0,50.0,1.0,36.91,83.5,-1.0,30.6,30.2
370.292,43,115.0,1852.0,50.0,1.0,34.3,83.5,-1.0,30.6,30.2
370.379,43,115.0,1852.0,50.0,1.0,34.3,83.5,-1.0,30.6,30.2
370.442,43,115.0,1852.0,50.0,1.0,34.3,83.5,-1.0,30.6,30.2
370.531,43,115.0,1852.0,50.0,1.0,34.3,83.5,-1.0,29.4,30.2
370.592,43,115.0,1852.0,50.0,1.0,34.3,83.5,-1.0,29.4,29.4
370.679,43,115.0,1852.0,50.0,1.0,34.3,83.5,-1.0,29.4,29.4
370.741,43,106.0,1852.0,50.0,1.0,34.3,83.5,-1.0,29.4,29.4
370.831,43,106.0,1866.0,50.0,1.0,34.3,83.5,-1.0,29.4,29.4
370.892,43,106.0,1866.0,50.0,1.0,34.3,83.5,-1.0,29.4,29.4
370.979,43,106.0,1866.0,50.0,1.0,34.3,83.5,-1.0,29.4,29.4
371.04,43,106.0,1866.0,50.0,1.0,33.27,83.5,-1.0,29.4,29.4
371.13,43,106.0,1866.0,50.0,1.0,33.27,83.5,-1.0,29.4,29.4
371.192,43,106.0,1866.0,50.0,1.0,33.27,83.5,-1.0,29.4,29.4
371.279,43,106.0,1866.0,50.0,1.0,33.27,83.5,-1.0,27.5,29.4
371.341,43,106.0,1866.0,50.0,1.0,33.27,83.5,-1.0,27.5,27.5
371.431,43,106.0,1866.0,50.0,1.0,33.27,83.5,-1.0,27.5,27.5
371.492,43,104.0,1866.0,50.0,1.0,33.27,83.5,-1.0,27.5,27.5
371.58,43,104.0,1880.0,50.0,1.0,33.27,83.5,-1.0,27.5,27.5
371.641,43,104.0,1880.0,51.0,1.0,33.27,83.5,-1.0,27.5,27.5
371.73,43,104.0,1880.0,51.0,1.0,33.27,83.5,-1.0,27.5,27.5
371.792,43,104.0,1880.0,51.0,1.0,33.08,83.5,-1.0,27.5,27.5
371.879,43,104.0,1880.0,51.0,1.0,33.08,83.5,-1.0,27.5,27.5
371.942,43,104.0,1880.0,51.0,1.0,33.08,83.5,-1.0,27.5,27.5
372.029,43,104.0,1880.0,51.0,1.0,33.08,83.5,-1.0,24.7,27.5
372.09,43,104.0,1880.0,51.0,1.0,33.08,83.5,-1.0,24.7,23.5
372.179,43,104.0,1880.0,51.0,1.0,33.08,83.5,-1.0,24.7,23.5
372.24,43,103.0,1880.0,51.0,1.0,33.08,83.5,-1.0,24.7,23.5
372.329,43,103.0,1887.0,51.0,1.0,33.08,83.5,-1.0,24.7,23.5
372.39,43,103.0,1887.0,51.0,1.0,33.08,83.5,-1.0,24.7,23.5
372.479,43,103.0,1887.0,51.0,1.0,33.08,83.5,-1.0,24.7,23.5
372.54,43,103.0,1887.0,51.0,1.0,32.66,83.5,-1.0,24.7,23.5
372.629,43,103.0,1887.0,51.0,1.0,32.66,83.5,-1.0,24.7,23.5
372.689,43,103.0,1887.0,51.0,1.0,32.66,83.5,-1.0,24.7,23.5
372.779,43,103.0,1887.0,51.0,1.0,32.66,83.5,-1.0,14.1,23.5
372.84,43,103.0,1887.0,51.0,1.0,32.66,83.5,-1.0,14.1,14.5
372.989,43,103.0,1887.0,51.0,1.0,32.66,83.5,-1.0,14.1,14.5
373.079,43,111.0,1887.0,51.0,1.0,32.66,83.5,-1.0,14.1,14.5
373.14,43,111.0,1844.0,51.0,1.0,32.66,83.5,-1.0,14.1,14.5
373.231,43,111.0,1844.0,50.0,1.0,32.66,83.5,-1.0,14.1,14.5
373.29,43,111.0,1844.0,50.0,1.0,32.66,83.5,-1.0,14.1,14.5
373.381,43,111.0,1844.0,50.0,1.0,35.58,83.5,-1.0,14.1,14.5
373.441,43,111.0,1844.0,50.0,1.0,35.58,83.5,-1.0,14.1,14.5
373.532,43,111.0,1844.0,50.0,1.0,35.58,83.5,-1.0,14.1,14.5
373.592,43,111.0,1844.0,50.0,1.0,35.58,83.5,-1.0,14.1,14.5
373.679,43,111.0,1844.0,50.0,1.0,35.58,83.5,-1.0,14.1,14.5
373.741,43,111.0,1844.0,50.0,1.0,35.58,83.5,-1.0,14.1,14.5
373.831,43,120.0,1844.0,50.0,1.0,35.58,83.5,-1.0,14.1,14.5
373.892,43,120.0,1780.0,50.0,1.0,35.58,83.5,-1.0,14.1,14.5
373.979,43,120.0,1780.0,48.0,1.0,35.58,83.5,-1.0,14.1,14.5
374.071,43,120.0,1780.0,48.0,2.0,35.58,83.5,-1.0,14.1,14.5
374.133,43,120.0,1780.0,48.0,2.0,35.55,83.5,-1.0,14.1,14.5
374.19,43,120.0,1780.0,48.0,2.0,35.55,83.5,-1.0,14.1,14.5
374.28,43,120.0,1780.0,48.0,2.0,35.55,83.5,-1.0,14.1,14.5
374.371,43,120.0,1780.0,48.0,2.0,35.55,83.5,-1.0,14.5,14.5
374.431,43,120.0,1780.0,48.0,2.0,35.55,83.5,-1.0,14.5,14.5
374.492,43,120.0,1780.0,48.0,2.0,35.55,83.5,-1.0,14.5,14.5
374.579,43,121.0,1780.0,48.0,2.0,35.55,83.5,-1.0,14.5,14.5
374.641,43,121.0,1686.0,48.0,2.0,35.55,83.5,-1.0,14.5,14.5
374.73,43,121.0,1686.0,45.0,2.0,35.55,83.5,-1.0,14.5,14.5
374.792,43,121.0,1686.0,45.0,1.0,35.55,83.5,-1.0,14.5,14.5
374.879,43,121.0,1686.0,45.0,1.0,33.49,83.5,-1.0,14.5,14.5
374.94,43,121.0,1686.0,45.0,1.0,33.49,83.5,-1.0,14.5,14.5
375.029,43,121.0,1686.0,45.0,1.0,33.49,83.5,-1.0,14.5,14.5
375.09,43,121.0,1686.0,45.0,1.0,33.49,83.5,-1.0,14.1,14.5
375.179,43,121.0,1686.0,45.0,1.0,33.49,83.5,-1.0,14.1,14.5
375.242,43,121.0,1686.0,45.0,1.0,33.49,83.5,-1.0,14.1,14.5
375.33,43,120.0,1686.0,45.0,1.0,33.49,83.5,-1.0,14.1,14.5
375.392,43,120.0,1583.0,45.0,1.0,33.49,83.5,-1.0,14.1,14.5
375.479,43,120.0,1583.0,42.0,1.0,33.49,83.5,-1.0,14.1,14.5
375.541,43,120.0,1583.0,42.0,1.0,33.49,83.5,-1.0,14.1,14.5
375.632,43,120.0,1583.0,42.0,1.0,30.63,83.5,-1.0,14.1,14.5
375.692,43,120.0,1583.0,42.0,1.0,30.63,83.5,-1.0,14.1,14.5
375.781,43,120.0,1583.0,42.0,1.0,30.63,83.5,-1.0,14.1,14.5
375.841,43,120.0,1583.0,42.0,1.0,30.63,83.5,-1.0,14.1,14.5
375.93,43,120.0,1583.0,42.0,1.0,30.63,83.5,-1.0,14.1,14.1
375.99,43,120.0,1583.0,42.0,1.0,30.63,83.5,-1.0,14.1,14.1
376.08,43,117.0,1583.0,42.0,1.0,30.63,83.5,-1.0,14.1,14.1
376.14,43,117.0,1503.0,42.0,1.0,30.63,83.5,-1.0,14.1,14.1
376.23,43,117.0,1503.0,40.0,1.0,30.63,83.5,-1.0,14.1,14.1
376.292,43,117.0,1503.0,40.0,1.0,30.63,83.5,-1.0,14.1,14.1
376.38,43,117.0,1503.0,40.0,1.0,28.86,83.5,-1.0,14.1,14.1
376.441,43,117.0,1503.0,40.0,1.0,28.86,83.5,-1.0,14.1,14.1
376.53,43,117.0,1503.0,40.0,1.0,28.86,83.5,-1.0,14.1,14.1
376.591,43,117.0,1503.0,40.0,1.0,28.86,83.5,-1.0,29.4,14.1
376.68,43,117.0,1503.0,40.0,1.0,28.86,83.5,-1.0,29.4,30.2
376.741,43,117.0,1503.0,40.0,1.0,28.86,83.5,-1.0,29.4,30.2
376.83,43,111.0,1503.0,40.0,1.0,28.86,83.5,-1.0,29.4,30.2
376.891,43,111.0,1467.0,40.0,1.0,28.86,83.5,-1.0,29.4,30.2
376.98,43,111.0,1467.0,39.0,1.0,28.86,83.5,-1.0,29.4,30.2
377.04,43,111.0,1467.0,39.0,1.0,28.86,83.5,-1.0,29.4,30.2
377.129,43,111.0,1467.0,39.0,1.0,26.27,83.5,-1.0,29.4,30.2
377.191,43,111.0,1467.0,39.0,1.0,26.27,83.5,-1.0,29.4,30.2
377.279,43,111.0,1467.0,39.0,1.0,26.27,83.5,-1.0,29.4,30.2
377.341,43,111.0,1467.0,39.0,1.0,26.27,83.5,-1.0,31.4,30.2
377.432,43,111.0,1467.0,39.0,1.0,26.27,83.5,-1.0,31.4,31.4
377.493,43,111.0,1467.0,39.0,1.0,26.27,83.5,-1.0,31.4,31.4
377.581,43,105.0,1467.0,39.0,1.0,26.27,83.5,-1.0,31.4,31.4
377.641,43,105.0,1455.0,39.0,1.0,26.27,83.5,-1.0,31.4,31.4
377.733,43,105.0,1455.0,39.0,1.0,26.27,83.5,-1.0,31.4,31.4
377.791,43,105.0,1455.0,39.0,0.0,26.27,83.5,-1.0,31.4,31.4
377.881,43,105.0,1455.0,39.0,0.0,25.8,83.5,-1.0,31.4,31.4
377.97,43,105.0,1455.0,39.0,0.0,25.8,83.5,-1.0,31.4,31.4
378.089,43,105.0,1455.0,39.0,0.0,25.8,83.5,-1.0,31.4,31.4
378.18,43,105.0,1455.0,39.0,0.0,25.8,83.5,-1.0,37.6,31.4
378.269,43,105.0,1455.0,39.0,0.0,25.8,83.5,-1.0,37.6,40.8
378.331,43,105.0,1455.0,39.0,0.0,25.8,83.5,-1.0,37.6,40.8
378.42,43,109.0,1455.0,39.0,0.0,25.8,83.5,-1.0,37.6,40.8
378.481,43,109.0,1499.0,39.0,0.0,25.8,83.5,-1.0,37.6,40.8
378.57,43,109.0,1499.0,40.0,0.0,25.8,83.5,-1.0,37.6,40.8
378.634,43,109.0,1499.0,40.0,0.0,25.8,83.5,-1.0,37.6,40.8
378.719,43,109.0,1499.0,40.0,0.0,30.86,83.5,-1.0,37.6,40.8
378.781,43,109.0,1499.0,40.0,0.0,30.86,83.5,-1.0,37.6,40.8
378.869,43,109.0,1499.0,40.0,0.0,30.86,83.5,-1.0,37.6,40.8
378.932,43,109.0,1499.0,40.0,0.0,30.86,83.5,-1.0,56.5,40.8
379.019,43,109.0,1499.0,40.0,0.0,30.86,83.5,-1.0,56.5,57.6
379.08,43,109.0,1499.0,40.0,0.0,30.86,83.5,-1.0,56.5,57.6
379.169,43,144.0,1499.0,40.0,0.0,30.86,83.5,-1.0,56.5,57.6
379.231,43,144.0,1610.0,40.0,0.0,30.86,83.5,-1.0,56.5,57.6
379.319,43,144.0,1610.0,43.0,0.0,30.86,83.5,-1.0,56.5,57.6
379.381,43,144.0,1610.0,43.0,1.0,30.86,83.5,-1.0,56.5,57.6
379.469,43,144.0,1610.0,43.0,1.0,46.88,83.5,-1.0,56.5,57.6
379.531,43,144.0,1610.0,43.0,1.0,46.88,83.5,-1.0,56.5,57.6
379.62,43,144.0,1610.0,43.0,1.0,46.88,83.5,-1.0,56.5,57.6
379.681,43,144.0,1610.0,43.0,1.0,46.88,83.5,-1.0,60.4,57.6
379.769,43,144.0,1610.0,43.0,1.0,46.88,83.5,-1.0,60.4,60.8
379.831,43,144.0,1610.0,43.0,1.0,46.88,83.5,-1.0,60.4,60.8
379.919,43,215.0,1610.0,43.0,1.0,46.88,83.5,-1.0,60.4,60.8
379.979,43,215.0,1830.0,43.0,1.0,46.88,83.5,-1.0,60.4,60.8
380.069,43,215.0,1830.0,49.0,1.0,46.88,83.5,-1.0,60.4,60.8
380.13,43,215.0,1830.0,49.0,3.0,46.88,83.5,-1.0,60.4,60.8
380.219,43,215.0,1830.0,49.0,3.0,69.63,83.5,-1.0,60.4,60.8
380.281,43,215.0,1830.0,49.0,3.0,69.63,83.5,-1.0,60.4,60.8
380.372,43,215.0,1830.0,49.0,3.0,69.63,83.5,-1.0,60.4,60.8
380.432,43,215.0,1830.0,49.0,3.0,69.63,83.5,-1.0,62.0,60.8
380.519,43,215.0,1830.0,49.0,3.0,69.63,83.5,-1.0,62.0,62.4
380.581,43,215.0,1830.0,49.0,3.0,69.63,83.5,-1.0,62.0,62.4
380.669,43,228.0,1830.0,49.0,3.0,69.63,83.5,-1.0,62.0,62.4
380.731,43,228.0,2081.0,49.0,3.0,69.63,83.5,-1.0,62.0,62.4
380.819,43,228.0,2081.0,56.0,3.0,69.63,83.5,-1.0,62.0,62.4
380.881,43,228.0,2081.0,56.0,4.0,69.63,83.5,-1.0,62.0,62.4
380.968,43,228.0,2081.0,56.0,4.0,80.97,83.5,-1.0,62.0,62.4
381.03,43,228.0,2081.0,56.0,4.0,80.97,83.5,-1.0,62.0,62.4
381.119,43,228.0,2081.0,56.0,4.0,80.97,83.5,-1.0,62.0,62.4
381.18,43,228.0,2081.0,56.0,4.0,80.97,83.5,-1.0,61.6,62.4
381.269,43,228.0,2081.0,56.0,4.0,80.97,83.5,-1.0,61.6,62.0
381.33,43,228.0,2081.0,56.0,4.0,80.97,83.5,-1.0,61.6,62.0
381.419,43,223.0,2081.0,56.0,4.0,80.97,83.5,-1.0,61.6,62.0
381.481,43,223.0,2338.0,56.0,4.0,80.97,83.5,-1.0,61.6,62.0
381.569,43,223.0,2338.0,63.0,4.0,80.97,83.5,-1.0,61.6,62.0
381.632,43,223.0,2338.0,63.0,4.0,80.97,83.5,-1.0,61.6,62.0
381.72,43,223.0,2338.0,63.0,4.0,90.55,83.5,-1.0,61.6,62.0
381.781,43,223.0,2338.0,63.0,4.0,90.55,83.5,-1.0,61.6,62.0
381.87,43,223.0,2338.0,63.0,4.0,90.55,83.5,-1.0,61.6,62.0
381.93,43,223.0,2338.0,63.0,4.0,90.55,83.5,-1.0,58.4,62.0
382.019,43,223.0,2338.0,63.0,4.0,90.55,83.5,-1.0,58.4,58.0
382.08,43,223.0,2338.0,63.0,4.0,90.55,83.5,-1.0,58.4,58.0
382.17,43,217.0,2338.0,63.0,4.0,90.55,83.5,-1.0,58.4,58.0
382.259,43,217.0,2555.0,63.0,4.0,90.55,83.5,-1.0,58.4,58.0
382.349,43,217.0,2555.0,69.0,4.0,90.55,83.5,-1.0,58.4,58.0
382.439,43,217.0,2555.0,69.0,4.0,90.55,83.5,-1.0,58.4,58.0
382.532,43,217.0,2555.0,69.0,4.0,85.72,83.5,-1.0,58.4,58.0
382.619,43,217.0,2555.0,69.0,4.0,85.72,83.5,-1.0,58.4,58.0
382.708,43,217.0,2555.0,69.0,4.0,85.72,83.5,-1.0,58.4,58.0
382.799,43,217.0,2555.0,69.0,4.0,85.72,83.5,-1.0,14.1,58.0
382.889,43,217.0,2555.0,69.0,4.0,85.72,83.5,-1.0,14.1,14.5
383.009,43,217.0,2555.0,69.0,4.0,85.72,83.5,-1.0,14.1,14.5
383.099,43,102.0,2555.0,69.0,4.0,85.72,83.5,-1.0,14.1,14.5
383.189,43,102.0,1867.0,69.0,4.0,85.72,83.5,-1.0,14.1,14.5
383.279,43,102.0,1867.0,70.0,4.0,85.72,83.5,-1.0,14.1,14.5
383.369,43,102.0,1867.0,70.0,2.0,85.72,83.5,-1.0,14.1,14.5
383.458,43,102.0,1867.0,70.0,2.0,36.36,83.5,-1.0,14.1,14.5
383.549,43,102.0,1867.0,70.0,2.0,36.36,80.0,-1.0,14.1,14.5
383.639,43,102.0,1867.0,70.0,2.0,36.36,80.0,-1.0,14.1,14.5
383.729,43,102.0,1867.0,70.0,2.0,36.36,80.0,-1.0,54.5,14.5
383.819,43,102.0,1867.0,70.0,2.0,36.36,80.0,-1.0,54.5,55.3
383.909,43,102.0,1867.0,70.0,2.0,36.36,80.0,-1.0,54.5,55.3
383.999,43,165.0,1867.0,70.0,2.0,36.36,80.0,-1.0,54.5,55.3
384.089,43,165.0,1854.0,70.0,2.0,36.36,80.0,-1.0,54.5,55.3
384.179,43,165.0,1854.0,72.0,2.0,36.36,80.0,-1.0,54.5,55.3
384.269,43,165.0,1854.0,72.0,0.0,36.36,80.0,-1.0,54.5,55.3
384.359,43,165.0,1854.0,72.0,0.0,64.3,80.0,-1.0,54.5,55.3
384.448,43,165.0,1854.0,72.0,0.0,64.3,83.5,-1.0,54.5,55.3
384.538,43,165.0,1854.0,72.0,0.0,64.3,83.5,-1.0,54.5,55.3
384.629,43,165.0,1854.0,72.0,0.0,64.3,83.5,-1.0,52.9,55.3
384.72,43,165.0,1854.0,72.0,0.0,64.3,83.5,-1.0,52.9,53.7
384.81,44,165.0,1854.0,72.0,0.0,64.3,83.5,-1.0,52.9,53.7
384.901,44,205.0,1854.0,72.0,0.0,64.3,83.5,-1.0,52.9,53.7
384.989,44,205.0,1934.0,72.0,0.0,64.3,83.5,-1.0,52.9,53.7
385.079,44,205.0,1934.0,76.0,0.0,64.3,83.5,-1.0,52.9,53.7
385.17,44,205.0,1934.0,76.0,2.0,64.3,83.5,-1.0,52.9,53.7
385.259,44,205.0,1934.0,76.0,2.0,62.55,83.5,-1.0,52.9,53.7
385.349,44,205.0,1934.0,76.0,2.0,62.55,83.5,-1.0,52.9,53.7
385.44,44,205.0,1934.0,76.0,2.0,62.55,83.5,-1.0,52.9,53.7
385.529,44,205.0,1934.0,76.0,2.0,62.55,83.5,-1.0,49.0,53.7
385.62,44,205.0,1934.0,76.0,2.0,62.55,83.5,-1.0,49.0,49.8
385.714,44,205.0,1934.0,76.0,2.0,62.55,83.5,-1.0,49.0,49.8
385.799,44,190.0,1934.0,76.0,2.0,62.55,83.5,-1.0,49.0,49.8
385.889,44,190.0,2013.0,76.0,2.0,62.55,83.5,-1.0,49.0,49.8
385.978,44,190.0,2013.0,79.0,2.0,62.55,83.5,-1.0,49.0,49.8
386.069,44,190.0,2013.0,79.0,2.0,62.55,83.5,-1.0,49.0,49.8
386.16,44,190.0,2013.0,79.0,2.0,62.77,83.5,-1.0,49.0,49.8
386.249,44,190.0,2013.0,79.0,2.0,62.77,83.5,-1.0,49.0,49.8
386.339,44,190.0,2013.0,79.0,2.0,62.77,83.5,-1.0,49.0,49.8
386.429,44,190.0,2013.0,79.0,2.0,62.77,83.5,-1.0,48.6,49.8
386.519,44,190.0,2013.0,79.0,2.0,62.77,83.5,-1.0,48.6,49.0
386.61,44,190.0,2013.0,79.0,2.0,62.77,83.5,-1.0,48.6,49.0
386.699,44,190.0,2013.0,79.0,2.0,62.77,83.5,-1.0,48.6,49.0
386.789,44,190.0,2065.0,79.0,2.0,62.77,83.5,-1.0,48.6,49.0
386.879,44,190.0,2065.0,81.0,2.0,62.77,83.5,-1.0,48.6,49.0
386.968,44,190.0,2065.0,81.0,2.0,62.77,83.5,-1.0,48.6,49.0
387.058,44,190.0,2065.0,81.0,2.0,52.11,83.5,-1.0,48.6,49.0
387.149,44,190.0,2065.0,81.0,2.0,52.11,83.5,-1.0,48.6,49.0
387.239,44,190.0,2065.0,81.0,2.0,52.11,83.5,-1.0,48.6,49.0
387.329,44,190.0,2065.0,81.0,2.0,52.11,83.5,-1.0,42.0,49.0
387.419,44,190.0,2065.0,81.0,2.0,52.11,83.5,-1.0,42.0,42.7
387.509,44,190.0,2065.0,81.0,2.0,52.11,83.5,-1.0,42.0,42.7
387.599,44,136.0,2065.0,81.0,2.0,52.11,83.5,-1.0,42.0,42.7
387.689,44,136.0,2085.0,81.0,2.0,52.11,83.5,-1.0,42.0,42.7
387.779,44,136.0,2085.0,81.0,2.0,52.11,83.5,-1.0,42.0,42.7
387.87,44,136.0,2085.0,81.0,2.0,52.11,83.5,-1.0,42.0,42.7
387.958,44,136.0,2085.0,81.0,2.0,45.77,83.5,-1.0,42.0,42.7
388.048,44,136.0,2085.0,81.0,2.0,45.77,83.5,-1.0,42.0,42.7
388.138,44,136.0,2085.0,81.0,2.0,45.77,83.5,-1.0,42.0,42.7
388.228,44,136.0,2085.0,81.0,2.0,45.77,83.5,-1.0,42.0,42.7
388.318,44,136.0,2085.0,81.0,2.0,45.77,83.5,-1.0,42.0,42.7
388.408,44,136.0,2085.0,81.0,2.0,45.77,83.5,-1.0,42.0,42.7
388.499,44,134.0,2085.0,81.0,2.0,45.77,83.5,-1.0,42.0,42.7
388.589,44,134.0,2090.0,81.0,2.0,45.77,83.5,-1.0,42.0,42.7
388.679,44,134.0,2090.0,82.0,2.0,45.77,83.5,-1.0,42.0,42.7
388.769,44,134.0,2090.0,82.0,1.0,45.77,83.5,-1.0,42.0,42.7
388.86,44,134.0,2090.0,82.0,1.0,47.77,83.5,-1.0,42.0,42.7
388.948,44,134.0,2090.0,82.0,1.0,47.77,83.5,-1.0,42.0,42.7
389.039,44,134.0,2090.0,82.0,1.0,47.77,83.5,-1.0,42.0,42.7
389.129,44,134.0,2090.0,82.0,1.0,47.77,83.5,-1.0,42.7,42.7
389.219,44,134.0,2090.0,82.0,1.0,47.77,83.5,-1.0,42.7,43.5
389.311,44,134.0,2090.0,82.0,1.0,47.77,83.5,-1.0,42.7,43.5
389.399,44,144.0,2090.0,82.0,1.0,47.77,83.5,-1.0,42.7,43.5
389.492,44,144.0,2093.0,82.0,1.0,47.77,83.5,-1.0,42.7,43.5
389.579,44,144.0,2093.0,82.0,1.0,47.77,83.5,-1.0,42.7,43.5
389.67,44,144.0,2093.0,82.0,2.0,47.77,83.5,-1.0,42.7,43.5
389.76,44,144.0,2093.0,82.0,2.0,50.88,83.5,-1.0,42.7,43.5
389.849,44,144.0,2093.0,82.0,2.0,50.88,83.5,-1.0,42.7,43.5
389.939,44,144.0,2093.0,82.0,2.0,50.88,83.5,-1.0,42.7,43.5
390.029,44,144.0,2093.0,82.0,2.0,50.88,83.5,-1.0,43.1,43.5
390.119,44,144.0,2093.0,82.0,2.0,50.88,83.5,-1.0,43.1,43.9
390.209,44,144.0,2093.0,82.0,2.0,50.88,83.5,-1.0,43.1,43.9
390.329,44,149.0,2093.0,82.0,2.0,50.88,83.5,-1.0,43.1,43.9
390.419,44,149.0,2091.0,82.0,2.0,50.88,83.5,-1.0,43.1,43.9
390.51,44,149.0,2091.0,82.0,2.0,50.88,83.5,-1.0,43.1,43.9
390.599,44,149.0,2091.0,82.0,2.0,50.88,83.5,-1.0,43.1,43.9
390.692,44,149.0,2091.0,82.0,2.0,51.63,83.5,-1.0,43.1,43.9
390.779,44,149.0,2091.0,82.0,2.0,51.63,83.5,-1.0,43.1,43.9
390.871,44,149.0,2091.0,82.0,2.0,51.63,83.5,-1.0,43.1,43.9
390.96,44,149.0,2091.0,82.0,2.0,51.63,83.5,-1.0,42.7,43.9
391.049,44,149.0,2091.0,82.0,2.0,51.63,83.5,-1.0,42.7,43.5
391.139,45,149.0,2091.0,82.0,2.0,51.63,83.5,-1.0,42.7,43.5
391.229,45,148.0,2091.0,82.0,2.0,51.63,83.5,-1.0,42.7,43.5
391.319,45,148.0,2085.0,82.0,2.0,51.63,83.5,-1.0,42.7,43.5
391.409,45,148.0,2085.0,81.0,2.0,51.63,83.5,-1.0,42.7,43.5
391.499,45,148.0,2085.0,81.0,2.0,51.63,83.5,-1.0,42.7,43.5
391.589,45,148.0,2085.0,81.0,2.0,50.74,83.5,-1.0,42.7,43.5
391.679,45,148.0,2085.0,81.0,2.0,50.74,83.5,-1.0,42.7,43.5
391.769,45,148.0,2085.0,81.0,2.0,50.74,83.5,-1.0,42.7,43.5
391.859,45,148.0,2085.0,81.0,2.0,50.74,83.5,-1.0,43.1,43.5
391.949,45,148.0,2085.0,81.0,2.0,50.74,83.5,-1.0,43.1,43.5
392.038,45,148.0,2085.0,81.0,2.0,50.74,83.5,-1.0,43.1,43.5
392.129,45,145.0,2085.0,81.0,2.0,50.74,83.5,-1.0,43.1,43.5
392.219,45,145.0,2069.0,81.0,2.0,50.74,83.5,-1.0,43.1,43.5
392.339,45,145.0,2069.0,81.0,2.0,50.74,83.5,-1.0,43.1,43.5
392.429,45,145.0,2069.0,81.0,2.0,50.74,83.5,-1.0,43.1,43.5
392.519,45,145.0,2069.0,81.0,2.0,51.44,83.5,-1.0,43.1,43.5
392.61,45,145.0,2069.0,81.0,2.0,51.44,83.5,-1.0,43.1,43.5
392.699,45,145.0,2069.0,81.0,2.0,51.44,83.5,-1.0,43.1,43.5
392.789,45,145.0,2069.0,81.0,2.0,51.44,83.5,-1.0,49.0,43.5
392.879,45,145.0,2069.0,81.0,2.0,51.44,83.5,-1.0,49.0,50.2
392.998,45,145.0,2069.0,81.0,2.0,51.44,83.5,-1.0,49.0,50.2
393.089,45,192.0,2069.0,81.0,2.0,51.44,83.5,-1.0,49.0,50.2
393.179,45,192.0,2082.0,81.0,2.0,51.44,83.5,-1.0,49.0,50.2
393.27,45,192.0,2082.0,81.0,2.0,51.44,83.5,-1.0,49.0,50.2
393.359,45,192.0,2082.0,81.0,2.0,51.44,83.5,-1.0,49.0,50.2
393.449,45,192.0,2082.0,81.0,2.0,51.02,83.5,-1.0,49.0,50.2
393.54,45,192.0,2082.0,81.0,2.0,51.02,83.5,-1.0,49.0,50.2
393.63,45,192.0,2082.0,81.0,2.0,51.02,83.5,-1.0,49.0,50.2
393.719,45,192.0,2082.0,81.0,2.0,51.02,83.5,-1.0,53.7,50.2
393.809,45,192.0,2082.0,81.0,2.0,51.02,83.5,-1.0,53.7,54.5
393.901,45,192.0,2082.0,81.0,2.0,51.02,83.5,-1.0,53.7,54.5
393.989,45,212.0,2082.0,81.0,2.0,51.02,83.5,-1.0,53.7,54.5
394.079,45,212.0,2139.0,81.0,2.0,51.02,83.5,-1.0,53.7,54.5
394.169,45,212.0,2139.0,83.0,2.0,51.02,83.5,-1.0,53.7,54.5
394.289,45,212.0,2139.0,83.0,2.0,51.02,83.5,-1.0,53.7,54.5
394.379,45,212.0,2139.0,83.0,2.0,74.99,83.5,-1.0,53.7,54.5
394.469,45,212.0,2139.0,83.0,2.0,74.99,83.5,-1.0,53.7,54.5
394.558,45,212.0,2139.0,83.0,2.0,74.99,83.5,-1.0,53.7,54.5
394.649,45,212.0,2139.0,83.0,2.0,74.99,83.5,-1.0,53.7,54.5
394.739,45,212.0,2139.0,83.0,2.0,74.99,83.5,-1.0,53.7,54.5
394.83,45,212.0,2139.0,83.0,2.0,74.99,83.5,-1.0,53.7,54.5
394.919,45,207.0,2139.0,83.0,2.0,74.99,83.5,-1.0,53.7,54.5
395.009,45,207.0,2205.0,83.0,2.0,74.99,83.5,-1.0,53.7,54.5
395.099,45,207.0,2205.0,86.0,2.0,74.99,83.5,-1.0,53.7,54.5
395.19,45,207.0,2205.0,86.0,3.0,74.99,83.5,-1.0,53.7,54.5
395.279,45,207.0,2205.0,86.0,3.0,72.94,83.5,-1.0,53.7,54.5
395.37,45,207.0,2205.0,86.0,3.0,72.94,83.5,-1.0,53.7,54.5
395.461,45,207.0,2205.0,86.0,3.0,72.94,83.5,-1.0,53.7,54.5
395.549,45,207.0,2205.0,86.0,3.0,72.94,83.5,-1.0,14.5,54.5
395.639,45,207.0,2205.0,86.0,3.0,72.94,83.5,-1.0,14.5,14.5
395.729,45,207.0,2205.0,86.0,3.0,72.94,83.5,-1.0,14.5,14.5
395.819,45,138.0,2205.0,86.0,3.0,72.94,83.5,-1.0,14.5,14.5
395.91,45,138.0,1513.0,86.0,3.0,72.94,83.5,-1.0,14.5,14.5
395.999,45,138.0,1513.0,85.0,3.0,72.94,83.5,-1.0,14.5,14.5
396.089,45,138.0,1513.0,85.0,1.0,72.94,83.5,-1.0,14.5,14.5
396.179,45,138.0,1513.0,85.0,1.0,32.66,83.5,-1.0,14.5,14.5
396.27,45,138.0,1513.0,85.0,1.0,32.66,83.5,-1.0,14.5,14.5
396.359,45,138.0,1513.0,85.0,1.0,32.66,83.5,-1.0,14.5,14.5
396.449,45,138.0,1513.0,85.0,1.0,32.66,83.5,-1.0,65.9,14.5
396.539,45,138.0,1513.0,85.0,1.0,32.66,83.5,-1.0,65.9,65.9
396.63,45,138.0,1513.0,85.0,1.0,32.66,83.5,-1.0,65.9,65.9
396.719,45,163.0,1513.0,85.0,1.0,32.66,83.5,-1.0,65.9,65.9
396.81,45,163.0,1742.0,85.0,1.0,32.66,83.5,-1.0,65.9,65.9
396.899,45,163.0,1742.0,86.0,1.0,32.66,83.5,-1.0,65.9,65.9
396.989,45,163.0,1742.0,86.0,-2.0,32.66,83.5,-1.0,65.9,65.9
397.079,45,163.0,1742.0,86.0,-2.0,61.86,83.5,-1.0,65.9,65.9
397.169,45,163.0,1742.0,86.0,-2.0,61.86,83.5,-1.0,65.9,65.9
397.259,45,163.0,1742.0,86.0,-2.0,61.86,83.5,-1.0,65.9,65.9
397.349,45,163.0,1742.0,86.0,-2.0,61.86,83.5,-1.0,65.5,65.9
397.439,45,163.0,1742.0,86.0,-2.0,61.86,83.5,-1.0,65.5,65.9
397.53,46,163.0,1742.0,86.0,-2.0,61.86,83.5,-1.0,65.5,65.9
397.619,46,226.0,1742.0,86.0,-2.0,61.86,83.5,-1.0,65.5,65.9
397.709,46,226.0,1807.0,86.0,-2.0,61.86,83.5,-1.0,65.5,65.9
397.799,46,226.0,1807.0,90.0,-2.0,61.86,83.5,-1.0,65.5,65.9
397.889,46,226.0,1807.0,90.0,2.0,61.86,83.5,-1.0,65.5,65.9
397.979,46,226.0,1807.0,90.0,2.0,66.69,83.5,-1.0,65.5,65.9
398.07,46,226.0,1807.0,90.0,2.0,66.69,83.5,-1.0,65.5,65.9
398.159,46,226.0,1807.0,90.0,2.0,66.69,83.5,-1.0,65.5,65.9
398.249,46,226.0,1807.0,90.0,2.0,66.69,83.5,-1.0,65.5,65.9
398.339,46,226.0,1807.0,90.0,2.0,66.69,83.5,-1.0,65.5,65.9
398.43,46,226.0,1807.0,90.0,2.0,66.69,83.5,-1.0,65.5,65.9
398.519,46,226.0,1807.0,90.0,2.0,66.69,83.5,-1.0,65.5,65.9
398.609,46,226.0,1888.0,90.0,2.0,66.69,83.5,-1.0,65.5,65.9
398.699,46,226.0,1888.0,94.0,2.0,66.69,83.5,-1.0,65.5,65.9
398.789,46,226.0,1888.0,94.0,2.0,66.69,83.5,-1.0,65.5,65.9
398.879,46,226.0,1888.0,94.0,2.0,69.66,83.5,-1.0,65.5,65.9
398.968,46,226.0,1888.0,94.0,2.0,69.66,83.5,-1.0,65.5,65.9
399.058,46,226.0,1888.0,94.0,2.0,69.66,83.5,-1.0,65.5,65.9
399.149,46,226.0,1888.0,94.0,2.0,69.66,83.5,-1.0,27.1,65.9
399.239,46,226.0,1888.0,94.0,2.0,69.66,83.5,-1.0,27.1,14.5
399.329,46,226.0,1888.0,94.0,2.0,69.66,83.5,-1.0,27.1,14.5
399.419,46,148.0,1888.0,94.0,2.0,69.66,83.5,-1.0,27.1,14.5
399.51,46,148.0,1514.0,94.0,2.0,69.66,83.5,-1.0,27.1,14.5
399.599,46,148.0,1514.0,95.0,2.0,69.66,83.5,-1.0,27.1,14.5
399.689,46,148.0,1514.0,95.0,2.0,69.66,83.5,-1.0,27.1,14.5
399.779,46,148.0,1514.0,95.0,2.0,23.44,83.5,-1.0,27.1,14.5
399.869,46,148.0,1514.0,95.0,2.0,23.44,31.0,-1.0,27.1,14.5
399.959,46,148.0,1514.0,95.0,2.0,23.44,31.0,-1.0,27.1,14.5
400.049,46,148.0,1514.0,95.0,2.0,23.44,31.0,-1.0,47.1,14.5
400.139,46,148.0,1514.0,95.0,2.0,23.44,31.0,-1.0,47.1,49.8
400.23,46,148.0,1514.0,95.0,2.0,23.44,31.0,-1.0,47.1,49.8
400.32,46,117.0,1514.0,95.0,2.0,23.44,31.0,-1.0,47.1,49.8
400.41,46,117.0,1609.0,95.0,2.0,23.44,31.0,-1.0,47.1,49.8
400.499,46,117.0,1609.0,95.0,2.0,23.44,31.0,-1.0,47.1,49.8
400.589,46,117.0,1609.0,95.0,-1.0,23.44,31.0,-1.0,47.1,49.8
400.679,46,117.0,1609.0,95.0,-1.0,38.27,31.0,-1.0,47.1,49.8
400.769,46,117.0,1609.0,95.0,-1.0,38.27,83.5,-1.0,47.1,49.8
400.859,46,117.0,1609.0,95.0,-1.0,38.27,83.5,-1.0,47.1,49.8
400.95,46,117.0,1609.0,95.0,-1.0,38.27,83.5,-1.0,49.8,49.8
401.039,46,117.0,1609.0,95.0,-1.0,38.27,83.5,-1.0,49.8,50.6
401.129,46,117.0,1609.0,95.0,-1.0,38.27,83.5,-1.0,49.8,50.6
401.219,46,174.0,1609.0,95.0,-1.0,38.27,83.5,-1.0,49.8,50.6
401.309,46,174.0,1635.0,95.0,-1.0,38.27,83.5,-1.0,49.8,50.6
401.399,46,174.0,1635.0,97.0,-1.0,38.27,83.5,-1.0,49.8,50.6
401.489,46,174.0,1635.0,97.0,-1.0,38.27,83.5,-1.0,49.8,50.6
401.579,46,174.0,1635.0,97.0,-1.0,24.69,83.5,-1.0,49.8,50.6
401.669,46,174.0,1635.0,97.0,-1.0,24.69,37.6,-1.0,49.8,50.6
401.759,46,174.0,1635.0,97.0,-1.0,24.69,37.6,-1.0,49.8,50.6
401.849,46,174.0,1635.0,97.0,-1.0,24.69,37.6,-1.0,14.5,50.6
401.939,46,174.0,1635.0,97.0,-1.0,24.69,37.6,-1.0,14.5,14.5
402.029,46,174.0,1635.0,97.0,-1.0,24.69,37.6,-1.0,14.5,14.5
402.119,46,109.0,1635.0,97.0,-1.0,24.69,37.6,-1.0,14.5,14.5
402.209,46,109.0,1635.0,97.0,-1.0,24.69,37.6,-1.0,14.5,14.5
402.299,46,109.0,1635.0,96.0,-1.0,24.69,37.6,-1.0,14.5,14.5
402.389,46,109.0,1635.0,96.0,-1.0,24.69,37.6,-1.0,14.5,14.5
402.479,46,109.0,1635.0,96.0,-1.0,24.97,37.6,-1.0,14.5,14.5
402.569,46,109.0,1635.0,96.0,-1.0,24.97,79.6,-1.0,14.5,14.5
402.659,46,109.0,1635.0,96.0,-1.0,24.97,79.6,-1.0,14.5,14.5
402.749,46,109.0,1635.0,96.0,-1.0,24.97,79.6,-1.0,14.1,14.5
402.839,46,109.0,1635.0,96.0,-1.0,24.97,79.6,-1.0,14.1,14.5
402.959,47,109.0,1635.0,96.0,-1.0,24.97,79.6,-1.0,14.1,14.5
403.049,47,113.0,1635.0,96.0,-1.0,24.97,79.6,-1.0,14.1,14.5
403.139,47,113.0,1633.0,96.0,-1.0,24.97,79.6,-1.0,14.1,14.5
403.229,47,113.0,1633.0,97.0,-1.0,24.97,79.6,-1.0,14.1,14.5
403.319,47,113.0,1633.0,97.0,-2.0,24.97,79.6,-1.0,14.1,14.5
403.41,47,113.0,1633.0,97.0,-2.0,20.66,79.6,-1.0,14.1,14.5
403.499,47,113.0,1633.0,97.0,-2.0,20.66,83.5,-1.0,14.1,14.5
403.589,47,113.0,1633.0,97.0,-2.0,20.66,83.5,-1.0,14.1,14.5
403.679,47,113.0,1633.0,97.0,-2.0,20.66,83.5,-1.0,14.1,14.5
403.769,47,113.0,1633.0,97.0,-2.0,20.66,83.5,-1.0,14.1,14.5
403.859,47,113.0,1633.0,97.0,-2.0,20.66,83.5,-1.0,14.1,14.5
403.949,47,121.0,1633.0,97.0,-2.0,20.66,83.5,-1.0,14.1,14.5
404.039,47,121.0,1637.0,97.0,-2.0,20.66,83.5,-1.0,14.1,14.5
404.129,47,121.0,1637.0,97.0,-2.0,20.66,83.5,-1.0,14.1,14.5
404.219,47,121.0,1637.0,97.0,-2.0,20.66,83.5,-1.0,14.1,14.5
404.309,47,121.0,1637.0,97.0,-2.0,17.74,83.5,-1.0,14.1,14.5
404.429,47,121.0,1637.0,97.0,-2.0,17.74,83.5,-1.0,14.1,14.5
404.519,47,121.0,1637.0,97.0,-2.0,17.74,83.5,-1.0,14.1,14.5
404.609,47,121.0,1637.0,97.0,-2.0,17.74,83.5,-1.0,14.1,14.5
404.699,47,121.0,1637.0,97.0,-2.0,17.74,83.5,-1.0,14.1,14.5
404.789,47,121.0,1637.0,97.0,-2.0,17.74,83.5,-1.0,14.1,14.5
404.88,47,111.0,1637.0,97.0,-2.0,17.74,83.5,-1.0,14.1,14.5
404.968,47,111.0,1634.0,97.0,-2.0,17.74,83.5,-1.0,14.1,14.5
405.059,47,111.0,1634.0,97.0,-2.0,17.74,83.5,-1.0,14.1,14.5
405.149,47,111.0,1634.0,97.0,-3.0,17.74,83.5,-1.0,14.1,14.5
405.239,47,111.0,1634.0,97.0,-3.0,17.44,83.5,-1.0,14.1,14.5
405.329,47,111.0,1634.0,97.0,-3.0,17.44,83.5,-1.0,14.1,14.5
405.42,47,111.0,1634.0,97.0,-3.0,17.44,83.5,-1.0,14.1,14.5
405.509,47,111.0,1634.0,97.0,-3.0,17.44,83.5,-1.0,14.5,14.5
405.599,47,111.0,1634.0,97.0,-3.0,17.44,83.5,-1.0,14.5,14.5
405.689,47,111.0,1634.0,97.0,-3.0,17.44,83.5,-1.0,14.5,14.5
405.779,47,108.0,1634.0,97.0,-3.0,17.44,83.5,-1.0,14.5,14.5
405.87,47,108.0,1634.0,97.0,-3.0,17.44,83.5,-1.0,14.5,14.5
405.958,47,108.0,1634.0,96.0,-3.0,17.44,83.5,-1.0,14.5,14.5
406.049,47,108.0,1634.0,96.0,-2.0,17.44,83.5,-1.0,14.5,14.5
406.139,47,108.0,1634.0,96.0,-2.0,17.22,83.5,-1.0,14.5,14.5
406.229,47,108.0,1634.0,96.0,-2.0,17.22,83.5,-1.0,14.5,14.5
406.319,47,108.0,1634.0,96.0,-2.0,17.22,83.5,-1.0,14.5,14.5
406.409,47,108.0,1634.0,96.0,-2.0,17.22,83.5,-1.0,14.1,14.5
406.499,47,108.0,1634.0,96.0,-2.0,17.22,83.5,-1.0,14.1,14.5
406.589,47,108.0,1634.0,96.0,-2.0,17.22,83.5,-1.0,14.1,14.5
406.679,47,110.0,1634.0,96.0,-2.0,17.22,83.5,-1.0,14.1,14.5
406.769,47,110.0,1628.0,96.0,-2.0,17.22,83.5,-1.0,14.1,14.5
406.859,47,110.0,1628.0,96.0,-2.0,17.22,83.5,-1.0,14.1,14.5
406.948,47,110.0,1628.0,96.0,-2.0,17.22,83.5,-1.0,14.1,14.5
407.039,47,110.0,1628.0,96.0,-2.0,17.91,83.5,-1.0,14.1,14.5
407.129,47,110.0,1628.0,96.0,-2.0,17.91,83.5,-1.0,14.1,14.5
407.219,47,110.0,1628.0,96.0,-2.0,17.91,83.5,-1.0,14.1,14.5
407.309,47,110.0,1628.0,96.0,-2.0,17.91,83.5,-1.0,14.1,14.5
407.399,47,110.0,1628.0,96.0,-2.0,17.91,83.5,-1.0,14.1,14.5
407.49,47,110.0,1628.0,96.0,-2.0,17.91,83.5,-1.0,14.1,14.5
407.579,47,113.0,1628.0,96.0,-2.0,17.91,83.5,-1.0,14.1,14.5
407.669,47,113.0,1630.0,96.0,-2.0,17.91,83.5,-1.0,14.1,14.5
407.759,47,113.0,1630.0,97.0,-2.0,17.91,83.5,-1.0,14.1,14.5
407.849,47,113.0,1630.0,97.0,-2.0,17.91,83.5,-1.0,14.1,14.5
407.968,47,113.0,1630.0,97.0,-2.0,18.05,83.5,-1.0,14.1,14.5
408.059,47,113.0,1630.0,97.0,-2.0,18.05,83.5,-1.0,14.1,14.5
408.149,47,113.0,1630.0,97.0,-2.0,18.05,83.5,-1.0,14.1,14.5
408.239,47,113.0,1630.0,97.0,-2.0,18.05,83.5,-1.0,14.5,14.5
408.329,47,113.0,1630.0,97.0,-2.0,18.05,83.5,-1.0,14.5,14.5
408.419,48,113.0,1630.0,97.0,-2.0,18.05,83.5,-1.0,14.5,14.5
408.509,48,114.0,1630.0,97.0,-2.0,18.05,83.5,-1.0,14.5,14.5
408.6,48,114.0,1619.0,97.0,-2.0,18.05,83.5,-1.0,14.5,14.5
408.689,48,114.0,1619.0,96.0,-2.0,18.05,83.5,-1.0,14.5,14.5
408.78,48,114.0,1619.0,96.0,-1.0,18.05,83.5,-1.0,14.5,14.5
408.871,48,114.0,1619.0,96.0,-1.0,17.99,83.5,-1.0,14.5,14.5
408.959,48,114.0,1619.0,96.0,-1.0,17.99,83.5,-1.0,14.5,14.5
409.049,48,114.0,1619.0,96.0,-1.0,17.99,83.5,-1.0,14.5,14.5
409.14,48,114.0,1619.0,96.0,-1.0,17.99,83.5,-1.0,14.1,14.5
409.229,48,114.0,1619.0,96.0,-1.0,17.99,83.5,-1.0,14.1,14.5
409.319,48,114.0,1619.0,96.0,-1.0,17.99,83.5,-1.0,14.1,14.5
409.41,48,117.0,1619.0,96.0,-1.0,17.99,83.5,-1.0,14.1,14.5
409.499,48,117.0,1622.0,96.0,-1.0,17.99,83.5,-1.0,14.1,14.5
409.589,48,117.0,1622.0,96.0,-1.0,17.99,83.5,-1.0,14.1,14.5
409.679,48,117.0,1622.0,96.0,-1.0,17.99,83.5,-1.0,14.1,14.5
409.77,48,117.0,1622.0,96.0,-1.0,19.33,83.5,-1.0,14.1,14.5
409.859,48,117.0,1622.0,96.0,-1.0,19.33,83.5,-1.0,14.1,14.5
409.949,48,117.0,1622.0,96.0,-1.0,19.33,83.5,-1.0,14.1,14.5
410.039,48,117.0,1622.0,96.0,-1.0,19.33,83.5,-1.0,14.1,14.5
410.129,48,117.0,1622.0,96.0,-1.0,19.33,83.5,-1.0,14.1,14.5
410.22,48,117.0,1622.0,96.0,-1.0,19.33,83.5,-1.0,14.1,14.5
410.309,48,124.0,1622.0,96.0,-1.0,19.33,83.5,-1.0,14.1,14.5
410.399,48,124.0,1615.0,96.0,-1.0,19.33,83.5,-1.0,14.1,14.5
410.489,48,124.0,1615.0,95.0,-1.0,19.33,83.5,-1.0,14.1,14.5
410.579,48,124.0,1615.0,95.0,-1.0,19.33,83.5,-1.0,14.1,14.5
410.67,48,124.0,1615.0,95.0,-1.0,20.16,83.5,-1.0,14.1,14.5
410.759,48,124.0,1615.0,95.0,-1.0,20.16,83.5,-1.0,14.1,14.5
410.849,48,124.0,1615.0,95.0,-1.0,20.16,83.5,-1.0,14.1,14.5
410.939,48,124.0,1615.0,95.0,-1.0,20.16,83.5,-1.0,14.1,14.5
411.029,48,124.0,1615.0,95.0,-1.0,20.16,83.5,-1.0,14.1,14.5
411.119,48,124.0,1615.0,95.0,-1.0,20.16,83.5,-1.0,14.1,14.5
411.209,48,127.0,1615.0,95.0,-1.0,20.16,83.5,-1.0,14.1,14.5
411.299,48,127.0,1610.0,95.0,-1.0,20.16,83.5,-1.0,14.1,14.5
411.389,48,127.0,1610.0,95.0,-1.0,20.16,83.5,-1.0,14.1,14.5
411.479,48,127.0,1610.0,95.0,0.0,20.16,83.5,-1.0,14.1,14.5
411.569,48,127.0,1610.0,95.0,0.0,21.24,83.5,-1.0,14.1,14.5
411.66,48,127.0,1610.0,95.0,0.0,21.24,83.5,-1.0,14.1,14.5
411.749,48,127.0,1610.0,95.0,0.0,21.24,83.5,-1.0,14.1,14.5
411.84,48,127.0,1610.0,95.0,0.0,21.24,83.5,-1.0,14.1,14.5
411.929,48,127.0,1610.0,95.0,0.0,21.24,83.5,-1.0,14.1,14.5
412.019,48,127.0,1610.0,95.0,0.0,21.24,83.5,-1.0,14.1,14.5
412.109,48,130.0,1610.0,95.0,0.0,21.24,83.5,-1.0,14.1,14.5
412.199,48,130.0,1613.0,95.0,0.0,21.24,83.5,-1.0,14.1,14.5
412.289,48,130.0,1613.0,95.0,0.0,21.24,83.5,-1.0,14.1,14.5
412.379,48,130.0,1613.0,95.0,0.0,21.24,83.5,-1.0,14.1,14.5
412.469,48,130.0,1613.0,95.0,0.0,21.02,83.5,-1.0,14.1,14.5
412.56,48,130.0,1613.0,95.0,0.0,21.02,83.5,-1.0,14.1,14.5
412.65,48,130.0,1613.0,95.0,0.0,21.02,83.5,-1.0,14.1,14.5
412.739,48,130.0,1613.0,95.0,0.0,21.02,83.5,-1.0,14.1,14.5
412.829,48,130.0,1613.0,95.0,0.0,21.02,83.5,-1.0,14.1,14.1
412.919,48,130.0,1613.0,95.0,0.0,21.02,83.5,-1.0,14.1,14.1
413.039,48,114.0,1613.0,95.0,0.0,21.02,83.5,-1.0,14.1,14.1
413.129,48,114.0,1588.0,95.0,0.0,21.02,83.5,-1.0,14.1,14.1
413.219,48,114.0,1588.0,94.0,0.0,21.02,83.5,-1.0,14.1,14.1
413.309,48,114.0,1588.0,94.0,-1.0,21.02,83.5,-1.0,14.1,14.1
413.399,48,114.0,1588.0,94.0,-1.0,17.08,83.5,-1.0,14.1,14.1
413.489,48,114.0,1588.0,94.0,-1.0,17.08,83.5,-1.0,14.1,14.1
413.579,48,114.0,1588.0,94.0,-1.0,17.08,83.5,-1.0,14.1,14.1
413.668,48,114.0,1588.0,94.0,-1.0,17.08,83.5,-1.0,14.1,14.1
413.759,48,114.0,1588.0,94.0,-1.0,17.08,83.5,-1.0,14.1,14.5
413.85,48,114.0,1588.0,94.0,-1.0,17.08,83.5,-1.0,14.1,14.5
413.939,48,117.0,1588.0,94.0,-1.0,17.08,83.5,-1.0,14.1,14.5
414.029,48,117.0,1541.0,94.0,-1.0,17.08,83.5,-1.0,14.1,14.5
414.119,48,117.0,1541.0,91.0,-1.0,17.08,83.5,-1.0,14.1,14.5
414.209,48,117.0,1541.0,91.0,-1.0,17.08,83.5,-1.0,14.1,14.5
414.301,48,117.0,1541.0,91.0,-1.0,16.08,83.5,-1.0,14.1,14.5
414.388,48,117.0,1541.0,91.0,-1.0,16.08,83.5,-1.0,14.1,14.5
414.479,48,117.0,1541.0,91.0,-1.0,16.08,83.5,-1.0,14.1,14.5
414.569,48,117.0,1541.0,91.0,-1.0,16.08,83.5,-1.0,14.1,14.5
414.659,48,117.0,1541.0,91.0,-1.0,16.08,83.5,-1.0,14.1,14.5
414.749,49,117.0,1541.0,91.0,-1.0,16.08,83.5,-1.0,14.1,14.5
414.839,49,117.0,1541.0,91.0,-1.0,16.08,83.5,-1.0,14.1,14.5
414.933,49,117.0,1445.0,91.0,-1.0,16.08,83.5,-1.0,14.1,14.5
415.018,49,117.0,1445.0,86.0,-1.0,16.08,83.5,-1.0,14.1,14.5
415.109,49,117.0,1445.0,86.0,-1.0,16.08,83.5,-1.0,14.1,14.5
415.199,49,117.0,1445.0,86.0,-1.0,15.27,83.5,-1.0,14.1,14.5
415.289,49,117.0,1445.0,86.0,-1.0,15.27,83.5,-1.0,14.1,14.5
415.379,49,117.0,1445.0,86.0,-1.0,15.27,83.5,-1.0,14.1,14.5
415.468,49,117.0,1445.0,86.0,-1.0,15.27,83.5,-1.0,14.1,14.5
415.558,49,117.0,1445.0,86.0,-1.0,15.27,83.5,-1.0,14.1,14.5
415.649,49,117.0,1445.0,86.0,-1.0,15.27,83.5,-1.0,14.1,14.5
415.739,49,115.0,1445.0,86.0,-1.0,15.27,83.5,-1.0,14.1,14.5
415.83,49,115.0,1362.0,86.0,-1.0,15.27,83.5,-1.0,14.1,14.5
415.919,49,115.0,1362.0,80.0,-1.0,15.27,83.5,-1.0,14.1,14.5
416.038,49,115.0,1362.0,80.0,-1.0,15.27,83.5,-1.0,14.1,14.5
416.128,49,115.0,1362.0,80.0,-1.0,13.88,83.5,-1.0,14.1,14.5
416.219,49,115.0,1362.0,80.0,-1.0,13.88,83.5,-1.0,14.1,14.5
416.309,49,115.0,1362.0,80.0,-1.0,13.88,83.5,-1.0,14.1,14.5
416.399,49,115.0,1362.0,80.0,-1.0,13.88,83.5,-1.0,14.1,14.5
416.49,49,115.0,1362.0,80.0,-1.0,13.88,83.5,-1.0,14.1,14.5
416.579,49,115.0,1362.0,80.0,-1.0,13.88,83.5,-1.0,14.1,14.5
416.669,49,113.0,1362.0,80.0,-1.0,13.88,83.5,-1.0,14.1,14.5
416.759,49,113.0,1275.0,80.0,-1.0,13.88,83.5,-1.0,14.1,14.5
416.849,49,113.0,1275.0,75.0,-1.0,13.88,83.5,-1.0,14.1,14.5
416.939,49,113.0,1275.0,75.0,-1.0,13.88,83.5,-1.0,14.1,14.5
417.028,49,113.0,1275.0,75.0,-1.0,13.02,83.5,-1.0,14.1,14.5
417.118,49,113.0,1275.0,75.0,-1.0,13.02,83.5,-1.0,14.1,14.5
417.208,49,113.0,1275.0,75.0,-1.0,13.02,83.5,-1.0,14.1,14.5
417.3,49,113.0,1275.0,75.0,-1.0,13.02,83.5,-1.0,14.1,14.5
417.389,49,113.0,1275.0,75.0,-1.0,13.02,83.5,-1.0,14.1,14.5
417.479,49,113.0,1275.0,75.0,-1.0,13.02,83.5,-1.0,14.1,14.5
417.569,49,111.0,1275.0,75.0,-1.0,13.02,83.5,-1.0,14.1,14.5
417.659,49,111.0,1076.0,75.0,-1.0,13.02,83.5,-1.0,14.1,14.5
417.749,49,111.0,1076.0,71.0,-1.0,13.02,83.5,-1.0,14.1,14.5
417.84,49,111.0,1076.0,71.0,-1.0,13.02,83.5,-1.0,14.1,14.5
417.929,49,111.0,1076.0,71.0,-1.0,10.86,83.5,-1.0,14.1,14.5
418.048,49,111.0,1076.0,71.0,-1.0,10.86,83.5,-1.0,14.1,14.5
418.138,49,111.0,1076.0,71.0,-1.0,10.86,83.5,-1.0,14.1,14.5
418.228,49,111.0,1076.0,71.0,-1.0,10.86,83.5,-1.0,14.1,14.5
418.318,49,111.0,1076.0,71.0,-1.0,10.86,83.5,-1.0,14.1,14.5
418.408,49,111.0,1076.0,71.0,-1.0,10.86,83.5,-1.0,14.1,14.5
418.5,49,107.0,1076.0,71.0,-1.0,10.86,83.5,-1.0,14.1,14.5
418.589,49,107.0,1396.0,71.0,-1.0,10.86,83.5,-1.0,14.1,14.5
418.679,49,107.0,1396.0,69.0,-1.0,10.86,83.5,-1.0,14.1,14.5
418.769,49,107.0,1396.0,69.0,-2.0,10.86,83.5,-1.0,14.1,14.5
418.859,49,107.0,1396.0,69.0,-2.0,14.77,83.5,-1.0,14.1,14.5
418.949,49,107.0,1396.0,69.0,-2.0,14.77,83.5,-1.0,14.1,14.5
419.039,49,107.0,1396.0,69.0,-2.0,14.77,83.5,-1.0,14.1,14.5
419.13,49,107.0,1396.0,69.0,-2.0,14.77,83.5,-1.0,14.5,14.5
419.219,49,107.0,1396.0,69.0,-2.0,14.77,83.5,-1.0,14.5,14.5
419.309,49,107.0,1396.0,69.0,-2.0,14.77,83.5,-1.0,14.5,14.5
419.399,49,106.0,1396.0,69.0,-2.0,14.77,83.5,-1.0,14.5,14.5
419.489,49,106.0,1363.0,69.0,-2.0,14.77,83.5,-1.0,14.5,14.5
419.579,49,106.0,1363.0,67.0,-2.0,14.77,83.5,-1.0,14.5,14.5
419.669,49,106.0,1363.0,67.0,0.0,14.77,83.5,-1.0,14.5,14.5
419.759,49,106.0,1363.0,67.0,0.0,17.08,83.5,-1.0,14.5,14.5
419.85,49,106.0,1363.0,67.0,0.0,17.08,83.5,-1.0,14.5,14.5
419.942,49,106.0,1363.0,67.0,0.0,17.08,83.5,-1.0,14.5,14.5
420.029,49,106.0,1363.0,67.0,0.0,17.08,83.5,-1.0,14.1,14.5
420.119,49,106.0,1363.0,67.0,0.0,17.08,83.5,-1.0,14.1,14.5
420.209,49,106.0,1363.0,67.0,0.0,17.08,83.5,-1.0,14.1,14.5
420.298,49,113.0,1363.0,67.0,0.0,17.08,83.5,-1.0,14.1,14.5
420.389,49,113.0,1354.0,67.0,0.0,17.08,83.5,-1.0,14.1,14.5
420.48,49,113.0,1354.0,67.0,0.0,17.08,83.5,-1.0,14.1,14.5
420.57,49,113.0,1354.0,67.0,0.0,17.08,83.5,-1.0,14.1,14.5
420.66,49,113.0,1354.0,67.0,0.0,16.22,83.5,-1.0,14.1,14.5
420.75,49,113.0,1354.0,67.0,0.0,16.22,83.5,-1.0,14.1,14.5
420.839,49,113.0,1354.0,67.0,0.0,16.22,83.5,-1.0,14.1,14.5
420.93,49,113.0,1354.0,67.0,0.0,16.22,83.5,-1.0,14.1,14.5
421.019,49,113.0,1354.0,67.0,0.0,16.22,83.5,-1.0,14.1,14.5
421.11,49,113.0,1354.0,67.0,0.0,16.22,83.5,-1.0,14.1,14.5
421.199,49,118.0,1354.0,67.0,0.0,16.22,83.5,-1.0,14.1,14.5
421.289,49,118.0,1326.0,67.0,0.0,16.22,83.5,-1.0,14.1,14.5
421.379,49,118.0,1326.0,66.0,0.0,16.22,83.5,-1.0,14.1,14.5
421.47,49,118.0,1326.0,66.0,0.0,16.22,83.5,-1.0,14.1,14.5
421.56,49,118.0,1326.0,66.0,0.0,13.94,83.5,-1.0,14.1,14.5
421.649,49,118.0,1326.0,66.0,0.0,13.94,83.5,-1.0,14.1,14.5
421.74,49,118.0,1326.0,66.0,0.0,13.94,83.5,-1.0,14.1,14.5
421.83,49,118.0,1326.0,66.0,0.0,13.94,83.5,-1.0,14.1,14.5
421.92,49,118.0,1326.0,66.0,0.0,13.94,83.5,-1.0,14.1,14.5
422.01,49,118.0,1326.0,66.0,0.0,13.94,83.5,-1.0,14.1,14.5
422.099,49,110.0,1326.0,66.0,0.0,13.94,83.5,-1.0,14.1,14.5
422.201,49,110.0,1304.0,66.0,0.0,13.94,83.5,-1.0,14.1,14.5
422.28,49,110.0,1304.0,64.0,0.0,13.94,83.5,-1.0,14.1,14.5
422.369,49,110.0,1304.0,64.0,0.0,13.94,83.5,-1.0,14.1,14.5
422.459,49,110.0,1304.0,64.0,0.0,13.22,83.5,-1.0,14.1,14.5
422.55,49,110.0,1304.0,64.0,0.0,13.22,83.5,-1.0,14.1,14.5
422.64,49,110.0,1304.0,64.0,0.0,13.22,83.5,-1.0,14.1,14.5
422.73,49,110.0,1304.0,64.0,0.0,13.22,83.5,-1.0,14.1,14.5
422.82,49,110.0,1304.0,64.0,0.0,13.22,83.5,-1.0,14.1,14.5
422.91,50,110.0,1304.0,64.0,0.0,13.22,83.5,-1.0,14.1,14.5
422.999,50,111.0,1304.0,64.0,0.0,13.22,83.5,-1.0,14.1,14.5
423.09,50,111.0,1265.0,64.0,0.0,13.22,83.5,-1.0,14.1,14.5
423.18,50,111.0,1265.0,63.0,0.0,13.22,83.5,-1.0,14.1,14.5
423.27,50,111.0,1265.0,63.0,0.0,13.22,83.5,-1.0,14.1,14.5
423.36,50,111.0,1265.0,63.0,0.0,12.83,83.5,-1.0,14.1,14.5
423.449,50,111.0,1265.0,63.0,0.0,12.83,83.5,-1.0,14.1,14.5
423.539,50,111.0,1265.0,63.0,0.0,12.83,83.5,-1.0,14.1,14.5
423.63,50,111.0,1265.0,63.0,0.0,12.83,83.5,-1.0,14.1,14.5
423.72,50,111.0,1265.0,63.0,0.0,12.83,83.5,-1.0,14.1,14.5
423.81,50,111.0,1265.0,63.0,0.0,12.83,83.5,-1.0,14.1,14.5
423.9,50,110.0,1265.0,63.0,0.0,12.83,83.5,-1.0,14.1,14.5
423.989,50,110.0,1229.0,63.0,0.0,12.83,83.5,-1.0,14.1,14.5
424.08,50,110.0,1229.0,61.0,0.0,12.83,83.5,-1.0,14.1,14.5
424.17,50,110.0,1229.0,61.0,0.0,12.83,83.5,-1.0,14.1,14.5
424.26,50,110.0,1229.0,61.0,0.0,12.11,83.5,-1.0,14.1,14.5
424.35,50,110.0,1229.0,61.0,0.0,12.11,83.5,-1.0,14.1,14.5
424.44,50,110.0,1229.0,61.0,0.0,12.11,83.5,-1.0,14.1,14.5
424.529,50,110.0,1229.0,61.0,0.0,12.11,83.5,-1.0,14.1,14.5
424.619,50,110.0,1229.0,61.0,0.0,12.11,83.5,-1.0,14.1,14.5
424.71,50,110.0,1229.0,61.0,0.0,12.11,83.5,-1.0,14.1,14.5
424.802,50,108.0,1229.0,61.0,0.0,12.11,83.5,-1.0,14.1,14.5
424.89,50,108.0,1203.0,61.0,0.0,12.11,83.5,-1.0,14.1,14.5
424.979,50,108.0,1203.0,59.0,0.0,12.11,83.5,-1.0,14.1,14.5
425.069,50,108.0,1203.0,59.0,-1.0,12.11,83.5,-1.0,14.1,14.5
425.16,50,108.0,1203.0,59.0,-1.0,12.88,83.5,-1.0,14.1,14.5
425.25,50,108.0,1203.0,59.0,-1.0,12.88,83.5,-1.0,14.1,14.5
425.34,50,108.0,1203.0,59.0,-1.0,12.88,83.5,-1.0,14.1,14.5
425.43,50,108.0,1203.0,59.0,-1.0,12.88,83.5,-1.0,14.1,14.5
425.52,50,108.0,1203.0,59.0,-1.0,12.88,83.5,-1.0,14.1,14.5
425.609,50,108.0,1203.0,59.0,-1.0,12.88,83.5,-1.0,14.1,14.5
425.699,50,105.0,1203.0,59.0,-1.0,12.88,83.5,-1.0,14.1,14.5
425.789,50,105.0,1195.0,59.0,-1.0,12.88,83.5,-1.0,14.1,14.5
425.879,50,105.0,1195.0,59.0,-1.0,12.88,83.5,-1.0,14.1,14.5
425.969,50,105.0,1195.0,59.0,0.0,12.88,83.5,-1.0,14.1,14.5
426.06,50,105.0,1195.0,59.0,0.0,12.88,83.5,-1.0,14.1,14.5
426.15,50,105.0,1195.0,59.0,0.0,12.88,83.5,-1.0,14.1,14.5
426.24,50,105.0,1195.0,59.0,0.0,12.88,83.5,-1.0,14.1,14.5
426.331,50,105.0,1195.0,59.0,0.0,12.88,83.5,-1.0,14.1,14.5
426.419,50,105.0,1195.0,59.0,0.0,12.88,83.5,-1.0,14.1,14.5
426.509,50,105.0,1195.0,59.0,0.0,12.88,83.5,-1.0,14.1,14.5
426.6,50,106.0,1195.0,59.0,0.0,12.88,83.5,-1.0,14.1,14.5
426.69,50,106.0,1187.0,59.0,0.0,12.88,83.5,-1.0,14.1,14.5
426.81,50,106.0,1187.0,59.0,0.0,12.88,83.5,-1.0,14.1,14.5
426.9,50,106.0,1187.0,59.0,0.0,12.88,83.5,-1.0,14.1,14.5
426.99,50,106.0,1187.0,59.0,0.0,13.05,83.5,-1.0,14.1,14.5
427.08,50,106.0,1187.0,59.0,0.0,13.05,83.5,-1.0,14.1,14.5
427.17,50,106.0,1187.0,59.0,0.0,13.05,83.5,-1.0,14.1,14.5
427.26,50,106.0,1187.0,59.0,0.0,13.05,83.5,-1.0,14.1,14.5
427.35,50,106.0,1187.0,59.0,0.0,13.05,83.5,-1.0,14.1,14.5
427.44,50,106.0,1187.0,59.0,0.0,13.05,83.5,-1.0,14.1,14.5
427.53,50,107.0,1187.0,59.0,0.0,13.05,83.5,-1.0,14.1,14.5
427.62,50,107.0,1189.0,59.0,0.0,13.05,83.5,-1.0,14.1,14.5
427.71,50,107.0,1189.0,58.0,0.0,13.05,83.5,-1.0,14.1,14.5
427.8,50,107.0,1189.0,58.0,0.0,13.05,83.5,-1.0,14.1,14.5
427.891,50,107.0,1189.0,58.0,0.0,12.63,83.5,-1.0,14.1,14.5
427.979,50,107.0,1189.0,58.0,0.0,12.63,83.5,-1.0,14.1,14.5
428.07,50,107.0,1189.0,58.0,0.0,12.63,83.5,-1.0,14.1,14.5
428.16,50,107.0,1189.0,58.0,0.0,12.63,83.5,-1.0,14.5,14.5
428.25,50,107.0,1189.0,58.0,0.0,12.63,83.5,-1.0,14.5,14.5
428.34,50,107.0,1189.0,58.0,0.0,12.63,83.5,-1.0,14.5,14.5
428.43,50,107.0,1189.0,58.0,0.0,12.63,83.5,-1.0,14.5,14.5
428.52,50,107.0,1183.0,58.0,0.0,12.63,83.5,-1.0,14.5,14.5
428.612,50,107.0,1183.0,58.0,0.0,12.63,83.5,-1.0,14.5,14.5
428.7,50,107.0,1183.0,58.0,0.0,12.63,83.5,-1.0,14.5,14.5
428.791,50,107.0,1183.0,58.0,0.0,12.83,83.5,-1.0,14.5,14.5
428.88,50,107.0,1183.0,58.0,0.0,12.83,83.5,-1.0,14.5,14.5
428.969,50,107.0,1183.0,58.0,0.0,12.83,83.5,-1.0,14.5,14.5
429.06,50,107.0,1183.0,58.0,0.0,12.83,83.5,-1.0,14.1,14.5
429.15,50,107.0,1183.0,58.0,0.0,12.83,83.5,-1.0,14.1,14.5
429.24,50,107.0,1183.0,58.0,0.0,12.83,83.5,-1.0,14.1,14.5
429.331,50,108.0,1183.0,58.0,0.0,12.83,83.5,-1.0,14.1,14.5
429.42,50,108.0,1180.0,58.0,0.0,12.83,83.5,-1.0,14.1,14.5
429.511,50,108.0,1180.0,58.0,0.0,12.83,83.5,-1.0,14.1,14.5
429.6,50,108.0,1180.0,58.0,0.0,12.83,83.5,-1.0,14.1,14.5
429.69,50,108.0,1180.0,58.0,0.0,12.8,83.5,-1.0,14.1,14.5
429.78,50,108.0,1180.0,58.0,0.0,12.8,83.5,-1.0,14.1,14.5
429.872,50,108.0,1180.0,58.0,0.0,12.8,83.5,-1.0,14.1,14.5
429.96,50,108.0,1180.0,58.0,0.0,12.8,83.5,-1.0,14.1,14.5
430.05,50,108.0,1180.0,58.0,0.0,12.8,83.5,-1.0,14.1,14.5
430.14,50,108.0,1180.0,58.0,0.0,12.8,83.5,-1.0,14.1,14.5
430.231,50,108.0,1180.0,58.0,0.0,12.8,83.5,-1.0,14.1,14.5
430.321,50,108.0,1177.0,58.0,0.0,12.8,83.5,-1.0,14.1,14.5
430.412,50,108.0,1177.0,58.0,0.0,12.8,83.5,-1.0,14.1,14.5
430.5,50,108.0,1177.0,58.0,0.0,12.8,83.5,-1.0,14.1,14.5
430.592,50,108.0,1177.0,58.0,0.0,12.86,83.5,-1.0,14.1,14.5
430.68,50,108.0,1177.0,58.0,0.0,12.86,83.5,-1.0,14.1,14.5
430.771,50,108.0,1177.0,58.0,0.0,12.86,83.5,-1.0,14.1,14.5
430.861,50,108.0,1177.0,58.0,0.0,12.86,83.5,-1.0,14.1,14.5
430.96,50,108.0,1177.0,58.0,0.0,12.86,83.5,-1.0,14.1,14.5
431.04,50,108.0,1177.0,58.0,0.0,12.86,83.5,-1.0,14.1,14.5
431.13,50,108.0,1177.0,58.0,0.0,12.86,83.5,-1.0,14.1,14.5
431.22,50,108.0,1181.0,58.0,0.0,12.86,83.5,-1.0,14.1,14.5
431.311,50,108.0,1181.0,58.0,0.0,12.86,83.5,-1.0,14.1,14.5
431.4,50,108.0,1181.0,58.0,0.0,12.86,83.5,-1.0,14.1,14.5
431.493,50,108.0,1181.0,58.0,0.0,12.38,83.5,-1.0,14.1,14.5
431.58,50,108.0,1181.0,58.0,0.0,12.38,83.5,-1.0,14.1,14.5
431.672,50,108.0,1181.0,58.0,0.0,12.38,83.5,-1.0,14.1,14.5
431.76,50,108.0,1181.0,58.0,0.0,12.38,83.5,-1.0,14.1,14.5
431.852,50,108.0,1181.0,58.0,0.0,12.38,83.5,-1.0,14.1,14.5
431.94,50,108.0,1181.0,58.0,0.0,12.38,83.5,-1.0,14.1,14.5
432.029,50,108.0,1181.0,58.0,0.0,12.38,83.5,-1.0,14.1,14.5
432.12,50,108.0,1175.0,58.0,0.0,12.38,83.5,-1.0,14.1,14.5
432.211,50,108.0,1175.0,58.0,0.0,12.38,83.5,-1.0,14.1,14.5
432.3,50,108.0,1175.0,58.0,0.0,12.38,83.5,-1.0,14.1,14.5
432.391,50,108.0,1175.0,58.0,0.0,12.27,83.5,-1.0,14.1,14.5
432.48,50,108.0,1175.0,58.0,0.0,12.27,83.5,-1.0,14.1,14.5
432.571,50,108.0,1175.0,58.0,0.0,12.27,83.5,-1.0,14.1,14.5
432.66,50,108.0,1175.0,58.0,0.0,12.27,83.5,-1.0,14.1,14.5
432.751,50,108.0,1175.0,58.0,0.0,12.27,83.5,-1.0,14.1,14.5
432.84,50,108.0,1175.0,58.0,0.0,12.27,83.5,-1.0,14.1,14.5
432.935,50,108.0,1175.0,58.0,0.0,12.27,83.5,-1.0,14.1,14.5
433.02,50,108.0,1176.0,58.0,0.0,12.27,83.5,-1.0,14.1,14.5
433.111,50,108.0,1176.0,58.0,0.0,12.27,83.5,-1.0,14.1,14.5
433.203,50,108.0,1176.0,58.0,0.0,12.27,83.5,-1.0,14.1,14.5
433.292,50,108.0,1176.0,58.0,0.0,12.3,83.5,-1.0,14.1,14.5
433.38,50,108.0,1176.0,58.0,0.0,12.3,83.5,-1.0,14.1,14.5
433.471,50,108.0,1176.0,58.0,0.0,12.3,83.5,-1.0,14.1,14.5
433.56,50,108.0,1176.0,58.0,0.0,12.3,83.5,-1.0,14.5,14.5
433.651,50,108.0,1176.0,58.0,0.0,12.3,83.5,-1.0,14.5,14.5
433.741,50,108.0,1176.0,58.0,0.0,12.3,83.5,-1.0,14.5,14.5
433.831,50,108.0,1176.0,58.0,0.0,12.3,83.5,-1.0,14.5,14.5
433.92,50,108.0,1444.0,58.0,0.0,12.3,83.5,-1.0,14.5,14.5
434.04,50,108.0,1444.0,57.0,0.0,12.3,83.5,-1.0,14.5,14.5
434.13,50,108.0,1444.0,57.0,0.0,12.3,83.5,-1.0,14.5,14.5
434.22,50,108.0,1444.0,57.0,0.0,16.49,83.5,-1.0,14.5,14.5
434.311,50,108.0,1444.0,57.0,0.0,16.49,83.5,-1.0,14.5,14.5
434.4,50,108.0,1444.0,57.0,0.0,16.49,83.5,-1.0,14.5,14.5
434.491,50,108.0,1444.0,57.0,0.0,16.49,83.5,-1.0,14.1,14.5
434.58,50,108.0,1444.0,57.0,0.0,16.49,83.5,-1.0,14.1,14.5
434.671,50,108.0,1444.0,57.0,0.0,16.49,83.5,-1.0,14.1,14.5
434.76,50,110.0,1444.0,57.0,0.0,16.49,83.5,-1.0,14.1,14.5
434.852,50,110.0,1449.0,57.0,0.0,16.49,83.5,-1.0,14.1,14.5
434.94,50,110.0,1449.0,56.0,0.0,16.49,83.5,-1.0,14.1,14.5
435.029,50,110.0,1449.0,56.0,0.0,16.49,83.5,-1.0,14.1,14.5
435.12,50,110.0,1449.0,56.0,0.0,15.38,83.5,-1.0,14.1,14.5
435.212,50,110.0,1449.0,56.0,0.0,15.38,83.5,-1.0,14.1,14.5
435.332,50,110.0,1449.0,56.0,0.0,15.38,83.5,-1.0,14.1,14.5
435.421,50,110.0,1449.0,56.0,0.0,15.38,83.5,-1.0,14.1,14.5
435.511,50,110.0,1449.0,56.0,0.0,15.38,83.5,-1.0,14.1,14.5
435.6,51,110.0,1449.0,56.0,0.0,15.38,83.5,-1.0,14.1,14.5
435.691,51,112.0,1449.0,56.0,0.0,15.38,83.5,-1.0,14.1,14.5
435.78,51,112.0,1449.0,56.0,0.0,15.38,83.5,-1.0,14.1,14.5
435.871,51,112.0,1449.0,56.0,0.0,15.38,83.5,-1.0,14.1,14.5
435.96,51,112.0,1449.0,56.0,1.0,15.38,83.5,-1.0,14.1,14.5
436.051,51,112.0,1449.0,56.0,1.0,15.58,83.5,-1.0,14.1,14.5
436.14,51,112.0,1449.0,56.0,1.0,15.58,83.5,-1.0,14.1,14.5
436.231,51,112.0,1449.0,56.0,1.0,15.58,83.5,-1.0,14.1,14.5
436.32,51,112.0,1449.0,56.0,1.0,15.58,83.5,-1.0,14.1,14.5
436.412,51,112.0,1449.0,56.0,1.0,15.58,83.5,-1.0,14.1,14.5
436.501,51,112.0,1449.0,56.0,1.0,15.58,83.5,-1.0,14.1,14.5
436.591,51,113.0,1449.0,56.0,1.0,15.58,83.5,-1.0,14.1,14.5
436.681,51,113.0,1444.0,56.0,1.0,15.58,83.5,-1.0,14.1,14.5
436.779,51,113.0,1444.0,56.0,1.0,15.58,83.5,-1.0,14.1,14.5
436.86,51,113.0,1444.0,56.0,1.0,15.58,83.5,-1.0,14.1,14.5
436.951,51,113.0,1444.0,56.0,1.0,15.72,83.5,-1.0,14.1,14.5
437.04,51,113.0,1444.0,56.0,1.0,15.72,83.5,-1.0,14.1,14.5
437.13,51,113.0,1444.0,56.0,1.0,15.72,83.5,-1.0,14.1,14.5
437.22,51,113.0,1444.0,56.0,1.0,15.72,83.5,-1.0,14.1,14.5
437.31,51,113.0,1444.0,56.0,1.0,15.72,83.5,-1.0,14.1,14.5
437.4,51,113.0,1444.0,56.0,1.0,15.72,83.5,-1.0,14.1,14.5
437.491,51,115.0,1444.0,56.0,1.0,15.72,83.5,-1.0,14.1,14.5
437.581,51,115.0,1456.0,56.0,1.0,15.72,83.5,-1.0,14.1,14.5
437.671,51,115.0,1456.0,56.0,1.0,15.72,83.5,-1.0,14.1,14.5
437.76,51,115.0,1456.0,56.0,1.0,15.72,83.5,-1.0,14.1,14.5
437.851,51,115.0,1456.0,56.0,1.0,15.52,83.5,-1.0,14.1,14.5
437.94,51,115.0,1456.0,56.0,1.0,15.52,83.5,-1.0,14.1,14.5
438.03,51,115.0,1456.0,56.0,1.0,15.52,83.5,-1.0,14.1,14.5
438.121,51,115.0,1456.0,56.0,1.0,15.52,83.5,-1.0,14.1,14.5
438.21,51,115.0,1456.0,56.0,1.0,15.52,83.5,-1.0,14.1,14.5
438.301,51,115.0,1456.0,56.0,1.0,15.52,83.5,-1.0,14.1,14.5
438.392,51,114.0,1456.0,56.0,1.0,15.52,83.5,-1.0,14.1,14.5
438.481,51,114.0,1461.0,56.0,1.0,15.52,83.5,-1.0,14.1,14.5
438.571,51,114.0,1461.0,57.0,1.0,15.52,83.5,-1.0,14.1,14.5
438.661,51,114.0,1461.0,57.0,1.0,15.52,83.5,-1.0,14.1,14.5
438.752,51,114.0,1461.0,57.0,1.0,14.36,83.5,-1.0,14.1,14.5
438.84,51,114.0,1461.0,57.0,1.0,14.36,83.5,-1.0,14.1,14.5
438.933,51,114.0,1461.0,57.0,1.0,14.36,83.5,-1.0,14.1,14.5
439.02,51,114.0,1461.0,57.0,1.0,14.36,83.5,-1.0,14.1,14.5
439.111,51,114.0,1461.0,57.0,1.0,14.36,83.5,-1.0,14.1,14.5
439.201,51,114.0,1461.0,57.0,1.0,14.36,83.5,-1.0,14.1,14.5
439.292,51,106.0,1461.0,57.0,1.0,14.36,83.5,-1.0,14.1,14.5
439.381,51,106.0,1453.0,57.0,1.0,14.36,83.5,-1.0,14.1,14.5
439.471,51,106.0,1453.0,57.0,1.0,14.36,83.5,-1.0,14.1,14.5
439.561,51,106.0,1453.0,57.0,1.0,14.36,83.5,-1.0,14.1,14.5
439.651,51,106.0,1453.0,57.0,1.0,13.52,83.5,-1.0,14.1,14.5
439.741,51,106.0,1453.0,57.0,1.0,13.52,83.5,-1.0,14.1,14.5
439.831,51,106.0,1453.0,57.0,1.0,13.52,83.5,-1.0,14.1,14.5
439.92,51,106.0,1453.0,57.0,1.0,13.52,83.5,-1.0,14.1,14.5
440.011,51,106.0,1453.0,57.0,1.0,13.52,83.5,-1.0,14.1,14.5
440.1,51,106.0,1453.0,57.0,1.0,13.52,83.5,-1.0,14.1,14.5
440.191,51,102.0,1453.0,57.0,1.0,13.52,83.5,-1.0,14.1,14.5
440.281,51,102.0,1443.0,57.0,1.0,13.52,83.5,-1.0,14.1,14.5
440.371,51,102.0,1443.0,56.0,1.0,13.52,83.5,-1.0,14.1,14.5
440.462,51,102.0,1443.0,56.0,0.0,13.52,83.5,-1.0,14.1,14.5
440.551,51,102.0,1443.0,56.0,0.0,13.02,83.5,-1.0,14.1,14.5
440.641,51,102.0,1443.0,56.0,0.0,13.02,83.5,-1.0,14.1,14.5
440.731,51,102.0,1443.0,56.0,0.0,13.02,83.5,-1.0,14.1,14.5
440.821,51,102.0,1443.0,56.0,0.0,13.02,83.5,-1.0,14.1,14.5
440.91,51,102.0,1443.0,56.0,0.0,13.02,83.5,-1.0,14.1,14.5
441.0,51,102.0,1443.0,56.0,0.0,13.02,83.5,-1.0,14.1,14.5
441.09,51,100.0,1443.0,56.0,0.0,13.02,83.5,-1.0,14.1,14.5
441.181,51,100.0,1421.0,56.0,0.0,13.02,83.5,-1.0,14.1,14.5
441.273,51,100.0,1421.0,55.0,0.0,13.02,83.5,-1.0,14.1,14.5
441.361,51,100.0,1421.0,55.0,0.0,13.02,83.5,-1.0,14.1,14.5
441.45,51,100.0,1421.0,55.0,0.0,13.02,83.5,-1.0,14.1,14.5
441.54,51,100.0,1421.0,55.0,0.0,13.02,83.5,-1.0,14.1,14.5
441.631,51,100.0,1421.0,55.0,0.0,13.02,83.5,-1.0,14.1,14.5
441.72,51,100.0,1421.0,55.0,0.0,13.02,83.5,-1.0,14.1,14.5
441.81,51,100.0,1421.0,55.0,0.0,13.02,83.5,-1.0,14.1,14.5
441.901,51,100.0,1421.0,55.0,0.0,13.02,83.5,-1.0,14.1,14.5
441.99,51,100.0,1421.0,55.0,0.0,13.02,83.5,-1.0,14.1,14.5
442.081,51,100.0,1403.0,55.0,0.0,13.02,83.5,-1.0,14.1,14.5
442.171,51,100.0,1403.0,54.0,0.0,13.02,83.5,-1.0,14.1,14.5
442.261,51,100.0,1403.0,54.0,0.0,13.02,83.5,-1.0,14.1,14.5
442.35,51,100.0,1403.0,54.0,0.0,12.58,83.5,-1.0,14.1,14.5
442.44,51,100.0,1403.0,54.0,0.0,12.58,83.5,-1.0,14.1,14.5
442.53,51,100.0,1403.0,54.0,0.0,12.58,83.5,-1.0,14.1,14.5
442.621,51,100.0,1403.0,54.0,0.0,12.58,83.5,-1.0,14.1,14.5
442.71,51,100.0,1403.0,54.0,0.0,12.58,83.5,-1.0,14.1,14.1
442.8,51,100.0,1403.0,54.0,0.0,12.58,83.5,-1.0,14.1,14.1
442.89,51,99.0,1403.0,54.0,0.0,12.58,83.5,-1.0,14.1,14.1
442.98,51,99.0,1383.0,54.0,0.0,12.58,83.5,-1.0,14.1,14.1
443.1,51,99.0,1383.0,54.0,0.0,12.58,83.5,-1.0,14.1,14.1
443.191,51,99.0,1383.0,54.0,0.0,12.58,83.5,-1.0,14.1,14.1
443.281,51,99.0,1383.0,54.0,0.0,12.38,83.5,-1.0,14.1,14.1
443.371,51,99.0,1383.0,54.0,0.0,12.38,83.5,-1.0,14.1,14.1
443.461,51,99.0,1383.0,54.0,0.0,12.38,83.5,-1.0,14.1,14.1
443.551,51,99.0,1383.0,54.0,0.0,12.38,83.5,-1.0,14.1,14.1
443.641,51,99.0,1383.0,54.0,0.0,12.38,83.5,-1.0,14.1,14.5
443.73,51,99.0,1383.0,54.0,0.0,12.38,83.5,-1.0,14.1,14.5
443.82,51,101.0,1383.0,54.0,0.0,12.38,83.5,-1.0,14.1,14.5
443.909,51,101.0,1375.0,54.0,0.0,12.38,83.5,-1.0,14.1,14.5
444.0,51,101.0,1375.0,53.0,0.0,12.38,83.5,-1.0,14.1,14.5
444.089,51,101.0,1375.0,53.0,0.0,12.38,83.5,-1.0,14.1,14.5
444.179,51,101.0,1375.0,53.0,0.0,13.24,83.5,-1.0,14.1,14.5
444.27,51,101.0,1375.0,53.0,0.0,13.24,83.5,-1.0,14.1,14.5
444.36,51,101.0,1375.0,53.0,0.0,13.24,83.5,-1.0,14.1,14.5
444.45,51,101.0,1375.0,53.0,0.0,13.24,83.5,-1.0,14.1,14.5
444.54,51,101.0,1375.0,53.0,0.0,13.24,83.5,-1.0,14.1,14.5
444.631,51,101.0,1375.0,53.0,0.0,13.24,83.5,-1.0,14.1,14.5
444.721,51,104.0,1375.0,53.0,0.0,13.24,83.5,-1.0,14.1,14.5
444.811,51,104.0,1373.0,53.0,0.0,13.24,83.5,-1.0,14.1,14.5
444.9,51,104.0,1373.0,53.0,0.0,13.24,83.5,-1.0,14.1,14.5
444.99,51,104.0,1373.0,53.0,0.0,13.24,83.5,-1.0,14.1,14.5
445.08,51,104.0,1373.0,53.0,0.0,13.88,83.5,-1.0,14.1,14.5
445.171,51,104.0,1373.0,53.0,0.0,13.88,83.5,-1.0,14.1,14.5
445.26,51,104.0,1373.0,53.0,0.0,13.88,83.5,-1.0,14.1,14.5
445.351,51,104.0,1373.0,53.0,0.0,13.88,83.5,-1.0,14.1,14.5
445.441,51,104.0,1373.0,53.0,0.0,13.88,83.5,-1.0,14.1,14.5
445.531,51,104.0,1373.0,53.0,0.0,13.88,83.5,-1.0,14.1,14.5
445.62,51,111.0,1373.0,53.0,0.0,13.88,83.5,-1.0,14.1,14.5
445.712,51,111.0,1380.0,53.0,0.0,13.88,83.5,-1.0,14.1,14.5
445.801,51,111.0,1380.0,53.0,0.0,13.88,83.5,-1.0,14.1,14.5
445.89,51,111.0,1380.0,53.0,1.0,13.88,83.5,-1.0,14.1,14.5
445.98,51,111.0,1380.0,53.0,1.0,14.02,83.5,-1.0,14.1,14.5
446.07,51,111.0,1380.0,53.0,1.0,14.02,83.5,-1.0,14.1,14.5
446.161,51,111.0,1380.0,53.0,1.0,14.02,83.5,-1.0,14.1,14.5
446.251,51,111.0,1380.0,53.0,1.0,14.02,83.5,-1.0,14.1,14.5
446.341,51,111.0,1380.0,53.0,1.0,14.02,83.5,-1.0,14.1,14.5
446.431,51,111.0,1380.0,53.0,1.0,14.02,83.5,-1.0,14.1,14.5
446.52,51,114.0,1380.0,53.0,1.0,14.02,83.5,-1.0,14.1,14.5
446.611,51,114.0,1378.0,53.0,1.0,14.02,83.5,-1.0,14.1,14.5
446.701,51,114.0,1378.0,54.0,1.0,14.02,83.5,-1.0,14.1,14.5
446.791,51,114.0,1378.0,54.0,1.0,14.02,83.5,-1.0,14.1,14.5
446.881,51,114.0,1378.0,54.0,1.0,14.02,83.5,-1.0,14.1,14.5
446.97,51,114.0,1378.0,54.0,1.0,14.02,83.5,-1.0,14.1,14.5
447.06,51,114.0,1378.0,54.0,1.0,14.02,83.5,-1.0,14.1,14.5
447.151,51,114.0,1378.0,54.0,1.0,14.02,83.5,-1.0,14.1,14.5
447.241,51,114.0,1378.0,54.0,1.0,14.02,83.5,-1.0,14.1,14.5
447.33,51,114.0,1378.0,54.0,1.0,14.02,83.5,-1.0,14.1,14.5
447.421,51,111.0,1378.0,54.0,1.0,14.02,83.5,-1.0,14.1,14.5
447.51,51,111.0,1379.0,54.0,1.0,14.02,83.5,-1.0,14.1,14.5
447.6,51,111.0,1379.0,54.0,1.0,14.02,83.5,-1.0,14.1,14.5
447.691,51,111.0,1379.0,54.0,1.0,14.02,83.5,-1.0,14.1,14.5
447.781,51,111.0,1379.0,54.0,1.0,13.61,83.5,-1.0,14.1,14.5
447.872,51,111.0,1379.0,54.0,1.0,13.61,83.5,-1.0,14.1,14.5
447.99,51,111.0,1379.0,54.0,1.0,13.61,83.5,-1.0,14.1,14.5
448.081,51,111.0,1379.0,54.0,1.0,13.61,83.5,-1.0,14.1,14.5
448.171,51,111.0,1379.0,54.0,1.0,13.61,83.5,-1.0,14.1,14.5
448.26,52,111.0,1379.0,54.0,1.0,13.61,83.5,-1.0,14.1,14.5
448.35,52,109.0,1379.0,54.0,1.0,13.61,83.5,-1.0,14.1,14.5
448.44,52,109.0,1374.0,54.0,1.0,13.61,83.5,-1.0,14.1,14.5
448.531,52,109.0,1374.0,53.0,1.0,13.61,83.5,-1.0,14.1,14.5
448.62,52,109.0,1374.0,53.0,1.0,13.61,83.5,-1.0,14.1,14.5
448.71,52,109.0,1374.0,53.0,1.0,13.27,83.5,-1.0,14.1,14.5
448.801,52,109.0,1374.0,53.0,1.0,13.27,83.5,-1.0,14.1,14.5
448.891,52,109.0,1374.0,53.0,1.0,13.27,83.5,-1.0,14.1,14.5
448.98,52,109.0,1374.0,53.0,1.0,13.27,83.5,-1.0,14.1,14.5
449.071,52,109.0,1374.0,53.0,1.0,13.27,83.5,-1.0,14.1,14.5
449.161,52,109.0,1374.0,53.0,1.0,13.27,83.5,-1.0,14.1,14.5
449.25,52,107.0,1374.0,53.0,1.0,13.27,83.5,-1.0,14.1,14.5
449.341,52,107.0,1364.0,53.0,1.0,13.27,83.5,-1.0,14.1,14.5
449.431,52,107.0,1364.0,53.0,1.0,13.27,83.5,-1.0,14.1,14.5
449.523,52,107.0,1364.0,53.0,0.0,13.27,83.5,-1.0,14.1,14.5
449.61,52,107.0,1364.0,53.0,0.0,12.58,83.5,-1.0,14.1,14.5
449.701,52,107.0,1364.0,53.0,0.0,12.58,83.5,-1.0,14.1,14.5
449.791,52,107.0,1364.0,53.0,0.0,12.58,83.5,-1.0,14.1,14.5
449.881,52,107.0,1364.0,53.0,0.0,12.58,83.5,-1.0,14.1,14.5
449.971,52,107.0,1364.0,53.0,0.0,12.58,83.5,-1.0,14.1,14.5
450.09,52,107.0,1364.0,53.0,0.0,12.58,83.5,-1.0,14.1,14.5
450.18,52,105.0,1364.0,53.0,0.0,12.58,83.5,-1.0,14.1,14.5
450.27,52,105.0,1354.0,53.0,0.0,12.58,83.5,-1.0,14.1,14.5
450.36,52,105.0,1354.0,53.0,0.0,12.58,83.5,-1.0,14.1,14.5
450.45,52,105.0,1354.0,53.0,0.0,12.58,83.5,-1.0,14.1,14.5
450.54,52,105.0,1354.0,53.0,0.0,12.55,83.5,-1.0,14.1,14.5
450.63,52,105.0,1354.0,53.0,0.0,12.55,83.5,-1.0,14.1,14.5
450.722,52,105.0,1354.0,53.0,0.0,12.55,83.5,-1.0,14.1,14.5
450.81,52,105.0,1354.0,53.0,0.0,12.55,83.5,-1.0,14.1,14.5
450.901,52,105.0,1354.0,53.0,0.0,12.55,83.5,-1.0,14.1,14.5
450.99,52,105.0,1354.0,53.0,0.0,12.55,83.5,-1.0,14.1,14.5
451.081,52,105.0,1354.0,53.0,0.0,12.55,83.5,-1.0,14.1,14.5
451.17,52,105.0,1351.0,53.0,0.0,12.55,83.5,-1.0,14.1,14.5
451.261,52,105.0,1351.0,53.0,0.0,12.55,83.5,-1.0,14.1,14.5
451.35,52,105.0,1351.0,53.0,0.0,12.55,83.5,-1.0,14.1,14.5
451.441,52,105.0,1351.0,53.0,0.0,12.97,83.5,-1.0,14.1,14.5
451.531,52,105.0,1351.0,53.0,0.0,12.97,83.5,-1.0,14.1,14.5
451.622,52,105.0,1351.0,53.0,0.0,12.97,83.5,-1.0,14.1,14.5
451.711,52,105.0,1351.0,53.0,0.0,12.97,83.5,-1.0,14.1,14.5
451.801,52,105.0,1351.0,53.0,0.0,12.97,83.5,-1.0,14.1,14.5
451.898,52,105.0,1351.0,53.0,0.0,12.97,83.5,-1.0,14.1,14.5
452.01,52,106.0,1351.0,53.0,0.0,12.97,83.5,-1.0,14.1,14.5
452.1,52,106.0,1349.0,53.0,0.0,12.97,83.5,-1.0,14.1,14.5
452.162,52,106.0,1349.0,53.0,0.0,12.97,83.5,-1.0,14.1,14.5
452.251,52,106.0,1349.0,53.0,1.0,12.97,83.5,-1.0,14.1,14.5
452.341,52,106.0,1349.0,53.0,1.0,13.3,83.5,-1.0,14.1,14.5
452.431,52,106.0,1349.0,53.0,1.0,13.3,83.5,-1.0,14.1,14.5
452.521,52,106.0,1349.0,53.0,1.0,13.3,83.5,-1.0,14.1,14.5
452.611,52,106.0,1349.0,53.0,1.0,13.3,83.5,-1.0,14.1,14.5
452.701,52,106.0,1349.0,53.0,1.0,13.3,83.5,-1.0,14.1,14.5
452.79,52,106.0,1349.0,53.0,1.0,13.3,83.5,-1.0,14.1,14.5
452.88,52,108.0,1349.0,53.0,1.0,13.3,83.5,-1.0,14.1,14.5
453.03,52,108.0,1352.0,53.0,1.0,13.3,83.5,-1.0,14.1,14.5
453.12,52,108.0,1352.0,53.0,1.0,13.3,83.5,-1.0,14.1,14.5
453.211,52,108.0,1352.0,53.0,1.0,13.3,83.5,-1.0,14.1,14.5
453.301,52,108.0,1352.0,53.0,1.0,13.44,83.5,-1.0,14.1,14.5
453.362,52,108.0,1352.0,53.0,1.0,13.44,83.5,-1.0,14.1,14.5
453.453,52,108.0,1352.0,53.0,1.0,13.44,83.5,-1.0,14.1,14.5
453.541,52,108.0,1352.0,53.0,1.0,13.44,83.5,-1.0,14.5,14.5
453.63,52,108.0,1352.0,53.0,1.0,13.44,83.5,-1.0,14.5,14.5
453.721,52,108.0,1352.0,53.0,1.0,13.44,83.5,-1.0,14.5,14.5
453.81,52,112.0,1352.0,53.0,1.0,13.44,83.5,-1.0,14.5,14.5
453.902,52,112.0,1361.0,53.0,1.0,13.44,83.5,-1.0,14.5,14.5
453.961,52,112.0,1361.0,53.0,1.0,13.44,83.5,-1.0,14.5,14.5
454.05,52,112.0,1361.0,53.0,1.0,13.44,83.5,-1.0,14.5,14.5
454.111,52,112.0,1361.0,53.0,1.0,13.99,83.5,-1.0,14.5,14.5
454.201,52,112.0,1361.0,53.0,1.0,13.99,83.5,-1.0,14.5,14.5
454.29,52,112.0,1361.0,53.0,1.0,13.99,83.5,-1.0,14.5,14.5
454.381,52,112.0,1361.0,53.0,1.0,13.99,83.5,-1.0,14.1,14.5
454.47,52,112.0,1361.0,53.0,1.0,13.99,83.5,-1.0,14.1,14.5
454.561,52,112.0,1361.0,53.0,1.0,13.99,83.5,-1.0,14.1,14.5
454.65,52,114.0,1361.0,53.0,1.0,13.99,83.5,-1.0,14.1,14.5
454.74,52,114.0,1368.0,53.0,1.0,13.99,83.5,-1.0,14.1,14.5
454.831,52,114.0,1368.0,53.0,1.0,13.99,83.5,-1.0,14.1,14.5
454.924,52,114.0,1368.0,53.0,1.0,13.99,83.5,-1.0,14.1,14.5
455.01,52,114.0,1368.0,53.0,1.0,13.8,83.5,-1.0,14.1,14.5
455.101,52,114.0,1368.0,53.0,1.0,13.8,83.5,-1.0,14.1,14.5
455.162,52,114.0,1368.0,53.0,1.0,13.8,83.5,-1.0,14.1,14.5
455.251,52,114.0,1368.0,53.0,1.0,13.8,83.5,-1.0,14.1,14.5
455.312,52,114.0,1368.0,53.0,1.0,13.8,83.5,-1.0,14.1,14.5
455.401,52,114.0,1368.0,53.0,1.0,13.8,83.5,-1.0,14.1,14.5
455.491,52,113.0,1368.0,53.0,1.0,13.8,83.5,-1.0,14.1,14.5
455.581,52,113.0,1374.0,53.0,1.0,13.8,83.5,-1.0,14.1,14.5
455.67,52,113.0,1374.0,54.0,1.0,13.8,83.5,-1.0,14.1,14.5
455.76,52,113.0,1374.0,54.0,1.0,13.8,83.5,-1.0,14.1,14.5
455.851,52,113.0,1374.0,54.0,1.0,13.44,83.5,-1.0,14.1,14.5
455.94,52,113.0,1374.0,54.0,1.0,13.44,83.5,-1.0,14.1,14.5
456.031,52,113.0,1374.0,54.0,1.0,13.44,83.5,-1.0,14.1,14.5
456.12,52,113.0,1374.0,54.0,1.0,13.44,83.5,-1.0,14.1,14.5
456.21,52,113.0,1374.0,54.0,1.0,13.44,83.5,-1.0,14.1,14.5
456.301,52,113.0,1374.0,54.0,1.0,13.44,83.5,-1.0,14.1,14.5
456.361,52,109.0,1374.0,54.0,1.0,13.44,83.5,-1.0,14.1,14.5
456.451,52,109.0,1370.0,54.0,1.0,13.44,83.5,-1.0,14.1,14.5
456.511,52,109.0,1370.0,53.0,1.0,13.44,83.5,-1.0,14.1,14.5
456.601,52,109.0,1370.0,53.0,1.0,13.44,83.5,-1.0,14.1,14.5
456.691,52,109.0,1370.0,53.0,1.0,13.02,83.5,-1.0,14.1,14.5
456.781,52,109.0,1370.0,53.0,1.0,13.02,83.5,-1.0,14.1,14.5
456.87,52,109.0,1370.0,53.0,1.0,13.02,83.5,-1.0,14.1,14.5
456.96,52,109.0,1370.0,53.0,1.0,13.02,83.5,-1.0,14.1,14.5
457.051,52,109.0,1370.0,53.0,1.0,13.02,83.5,-1.0,14.1,14.5
457.141,52,109.0,1370.0,53.0,1.0,13.02,83.5,-1.0,14.1,14.5
457.23,52,107.0,1370.0,53.0,1.0,13.02,83.5,-1.0,14.1,14.5
457.321,52,107.0,1371.0,53.0,1.0,13.02,83.5,-1.0,14.1,14.5
457.411,52,107.0,1371.0,53.0,1.0,13.02,83.5,-1.0,14.1,14.5
457.501,52,107.0,1371.0,53.0,1.0,13.02,83.5,-1.0,14.1,14.5
457.562,52,107.0,1371.0,53.0,1.0,12.52,83.5,-1.0,14.1,14.5
457.651,52,107.0,1371.0,53.0,1.0,12.52,83.5,-1.0,14.1,14.5
457.712,52,107.0,1371.0,53.0,1.0,12.52,83.5,-1.0,14.1,14.5
457.801,52,107.0,1371.0,53.0,1.0,12.52,83.5,-1.0,14.1,14.5
457.891,52,107.0,1371.0,53.0,1.0,12.52,83.5,-1.0,14.1,14.5
457.98,52,107.0,1371.0,53.0,1.0,12.52,83.5,-1.0,14.1,14.5
458.07,52,104.0,1371.0,53.0,1.0,12.52,83.5,-1.0,14.1,14.5
458.16,52,104.0,1363.0,53.0,1.0,12.52,83.5,-1.0,14.1,14.5
458.25,52,104.0,1363.0,53.0,1.0,12.52,83.5,-1.0,14.1,14.5
458.311,52,104.0,1363.0,53.0,1.0,12.52,83.5,-1.0,14.1,14.5
458.401,52,104.0,1363.0,53.0,1.0,12.08,83.5,-1.0,14.1,14.5
458.492,52,104.0,1363.0,53.0,1.0,12.08,83.5,-1.0,14.1,14.5
458.58,52,104.0,1363.0,53.0,1.0,12.08,83.5,-1.0,14.1,14.5
458.671,52,104.0,1363.0,53.0,1.0,12.08,83.5,-1.0,14.1,14.5
458.761,52,104.0,1363.0,53.0,1.0,12.08,83.5,-1.0,14.1,14.5
458.851,52,104.0,1363.0,53.0,1.0,12.08,83.5,-1.0,14.1,14.5
458.912,52,103.0,1363.0,53.0,1.0,12.08,83.5,-1.0,14.1,14.5
459.0,52,103.0,1350.0,53.0,1.0,12.08,83.5,-1.0,14.1,14.5
459.091,52,103.0,1350.0,53.0,1.0,12.08,83.5,-1.0,14.1,14.5
459.152,52,103.0,1350.0,53.0,0.0,12.08,83.5,-1.0,14.1,14.5
459.213,52,103.0,1350.0,53.0,0.0,12.33,83.5,-1.0,14.1,14.5
459.303,52,103.0,1350.0,53.0,0.0,12.33,83.5,-1.0,14.1,14.5
459.391,52,103.0,1350.0,53.0,0.0,12.33,83.5,-1.0,14.1,14.5
459.481,52,103.0,1350.0,53.0,0.0,12.33,83.5,-1.0,14.5,14.5
459.571,52,103.0,1350.0,53.0,0.0,12.33,83.5,-1.0,14.5,14.5
459.661,52,103.0,1350.0,53.0,0.0,12.33,83.5,-1.0,14.5,14.5
459.751,52,102.0,1350.0,53.0,0.0,12.33,83.5,-1.0,14.5,14.5
459.841,52,102.0,1341.0,53.0,0.0,12.33,83.5,-1.0,14.5,14.5
459.93,52,102.0,1341.0,52.0,0.0,12.33,83.5,-1.0,14.5,14.5
460.02,52,102.0,1341.0,52.0,0.0,12.33,83.5,-1.0,14.5,14.5
460.111,52,102.0,1341.0,52.0,0.0,12.16,83.5,-1.0,14.5,14.5
460.201,52,102.0,1341.0,52.0,0.0,12.16,83.5,-1.0,14.5,14.5
460.263,52,102.0,1341.0,52.0,0.0,12.16,83.5,-1.0,14.5,14.5
460.35,52,102.0,1341.0,52.0,0.0,12.16,83.5,-1.0,14.5,14.5
460.411,52,102.0,1341.0,52.0,0.0,12.16,83.5,-1.0,14.5,14.5
460.5,53,102.0,1341.0,52.0,0.0,12.16,83.5,-1.0,14.5,14.5
460.591,53,102.0,1341.0,52.0,0.0,12.16,83.5,-1.0,14.5,14.5
460.681,53,102.0,1338.0,52.0,0.0,12.16,83.5,-1.0,14.5,14.5
460.77,53,102.0,1338.0,52.0,0.0,12.16,83.5,-1.0,14.5,14.5
460.861,53,102.0,1338.0,52.0,0.0,12.16,83.5,-1.0,14.5,14.5
460.95,53,102.0,1338.0,52.0,0.0,12.11,83.5,-1.0,14.5,14.5
461.04,53,102.0,1338.0,52.0,0.0,12.11,83.5,-1.0,14.5,14.5
461.13,53,102.0,1338.0,52.0,0.0,12.11,83.5,-1.0,14.5,14.5
461.221,53,102.0,1338.0,52.0,0.0,12.11,83.5,-1.0,14.1,14.5
461.311,53,102.0,1338.0,52.0,0.0,12.11,83.5,-1.0,14.1,14.5
461.401,53,102.0,1338.0,52.0,0.0,12.11,83.5,-1.0,14.1,14.5
461.462,53,103.0,1338.0,52.0,0.0,12.11,83.5,-1.0,14.1,14.5
461.551,53,103.0,1332.0,52.0,0.0,12.11,83.5,-1.0,14.1,14.5
461.611,53,103.0,1332.0,52.0,0.0,12.11,83.5,-1.0,14.1,14.5
461.7,53,103.0,1332.0,52.0,0.0,12.11,83.5,-1.0,14.1,14.5
461.79,53,103.0,1332.0,52.0,0.0,12.24,83.5,-1.0,14.1,14.5
461.881,53,103.0,1332.0,52.0,0.0,12.24,83.5,-1.0,14.1,14.5
461.97,53,103.0,1332.0,52.0,0.0,12.24,83.5,-1.0,14.1,14.5
462.06,53,103.0,1332.0,52.0,0.0,12.24,83.5,-1.0,14.1,14.5
462.15,53,103.0,1332.0,52.0,0.0,12.24,83.5,-1.0,14.1,14.5
462.211,53,103.0,1332.0,52.0,0.0,12.24,83.5,-1.0,14.1,14.5
462.3,53,105.0,1332.0,52.0,0.0,12.24,83.5,-1.0,14.1,14.5
462.361,53,105.0,1319.0,52.0,0.0,12.24,83.5,-1.0,14.1,14.5
462.481,53,105.0,1319.0,51.0,0.0,12.24,83.5,-1.0,14.1,14.5
462.571,53,105.0,1319.0,51.0,0.0,12.24,83.5,-1.0,14.1,14.5
462.661,53,105.0,1319.0,51.0,0.0,12.11,83.5,-1.0,14.1,14.5
462.751,53,105.0,1319.0,51.0,0.0,12.11,83.5,-1.0,14.1,14.5
462.812,53,105.0,1319.0,51.0,0.0,12.11,83.5,-1.0,14.1,14.5
462.9,53,105.0,1319.0,51.0,0.0,12.11,83.5,-1.0,14.1,14.5
462.99,53,105.0,1319.0,51.0,0.0,12.11,83.5,-1.0,14.1,14.5
463.081,53,105.0,1319.0,51.0,0.0,12.11,83.5,-1.0,14.1,14.5
463.171,53,107.0,1319.0,51.0,0.0,12.11,83.5,-1.0,14.1,14.5
463.262,53,107.0,1323.0,51.0,0.0,12.11,83.5,-1.0,14.1,14.5
463.351,53,107.0,1323.0,51.0,0.0,12.11,83.5,-1.0,14.1,14.5
463.411,53,107.0,1323.0,51.0,0.0,12.11,83.5,-1.0,14.1,14.5
463.501,53,107.0,1323.0,51.0,0.0,12.83,83.5,-1.0,14.1,14.5
463.562,53,107.0,1323.0,51.0,0.0,12.83,83.5,-1.0,14.1,14.5
463.651,53,107.0,1323.0,51.0,0.0,12.83,83.5,-1.0,14.1,14.5
463.712,53,107.0,1323.0,51.0,0.0,12.83,83.5,-1.0,14.1,14.5
463.801,53,107.0,1323.0,51.0,0.0,12.83,83.5,-1.0,14.1,14.5
463.862,53,107.0,1323.0,51.0,0.0,12.83,83.5,-1.0,14.1,14.5
463.952,53,110.0,1323.0,51.0,0.0,12.83,83.5,-1.0,14.1,14.5
464.011,53,110.0,1326.0,51.0,0.0,12.83,83.5,-1.0,14.1,14.5
464.1,53,110.0,1326.0,52.0,0.0,12.83,83.5,-1.0,14.1,14.5
464.161,53,110.0,1326.0,52.0,1.0,12.83,83.5,-1.0,14.1,14.5
464.251,53,110.0,1326.0,52.0,1.0,13.13,83.5,-1.0,14.1,14.5
464.311,53,110.0,1326.0,52.0,1.0,13.13,83.5,-1.0,14.1,14.5
464.4,53,110.0,1326.0,52.0,1.0,13.13,83.5,-1.0,14.1,14.5
464.461,53,110.0,1326.0,52.0,1.0,13.13,83.5,-1.0,14.1,14.5
464.551,53,110.0,1326.0,52.0,1.0,13.13,83.5,-1.0,14.1,14.5
464.613,53,110.0,1326.0,52.0,1.0,13.13,83.5,-1.0,14.1,14.5
464.7,53,112.0,1326.0,52.0,1.0,13.13,83.5,-1.0,14.1,14.5
464.762,53,112.0,1339.0,52.0,1.0,13.13,83.5,-1.0,14.1,14.5
464.851,53,112.0,1339.0,52.0,1.0,13.13,83.5,-1.0,14.1,14.5
464.913,53,112.0,1339.0,52.0,1.0,13.13,83.5,-1.0,14.1,14.5
465.0,53,112.0,1339.0,52.0,1.0,13.91,83.5,-1.0,14.1,14.5
465.061,53,112.0,1339.0,52.0,1.0,13.91,83.5,-1.0,14.1,14.5
465.151,53,112.0,1339.0,52.0,1.0,13.91,83.5,-1.0,14.1,14.5
465.214,53,112.0,1339.0,52.0,1.0,13.91,83.5,-1.0,14.1,14.5
465.302,53,112.0,1339.0,52.0,1.0,13.91,83.5,-1.0,14.1,14.5
465.362,53,112.0,1339.0,52.0,1.0,13.91,83.5,-1.0,14.1,14.5
465.451,53,115.0,1339.0,52.0,1.0,13.91,83.5,-1.0,14.1,14.5
465.512,53,115.0,1344.0,52.0,1.0,13.91,83.5,-1.0,14.1,14.5
465.6,53,115.0,1344.0,52.0,1.0,13.91,83.5,-1.0,14.1,14.5
465.663,53,115.0,1344.0,52.0,1.0,13.91,83.5,-1.0,14.1,14.5
465.75,53,115.0,1344.0,52.0,1.0,14.99,83.5,-1.0,14.1,14.5
465.812,53,115.0,1344.0,52.0,1.0,14.99,83.5,-1.0,14.1,14.5
465.901,53,115.0,1344.0,52.0,1.0,14.99,83.5,-1.0,14.1,14.5
465.961,53,115.0,1344.0,52.0,1.0,14.99,83.5,-1.0,14.5,14.5
466.111,53,115.0,1344.0,52.0,1.0,14.99,83.5,-1.0,14.5,14.5
466.201,53,115.0,1344.0,52.0,1.0,14.99,83.5,-1.0,14.5,14.5
466.263,53,119.0,1344.0,52.0,1.0,14.99,83.5,-1.0,14.5,14.5
466.351,53,119.0,1353.0,52.0,1.0,14.99,83.5,-1.0,14.5,14.5
466.411,53,119.0,1353.0,53.0,1.0,14.99,83.5,-1.0,14.5,14.5
466.5,53,119.0,1353.0,53.0,2.0,14.99,83.5,-1.0,14.5,14.5
466.563,53,119.0,1353.0,53.0,2.0,15.44,83.5,-1.0,14.5,14.5
466.651,53,119.0,1353.0,53.0,2.0,15.44,83.5,-1.0,14.5,14.5
466.712,53,119.0,1353.0,53.0,2.0,15.44,83.5,-1.0,14.5,14.5
466.801,53,119.0,1353.0,53.0,2.0,15.44,83.5,-1.0,14.1,14.5
466.864,53,119.0,1353.0,53.0,2.0,15.44,83.5,-1.0,14.1,14.5
466.95,53,119.0,1353.0,53.0,2.0,15.44,83.5,-1.0,14.1,14.5
467.011,53,117.0,1353.0,53.0,2.0,15.44,83.5,-1.0,14.1,14.5
467.101,53,117.0,1360.0,53.0,2.0,15.44,83.5,-1.0,14.1,14.5
467.161,53,117.0,1360.0,53.0,2.0,15.44,83.5,-1.0,14.1,14.5
467.25,53,117.0,1360.0,53.0,1.0,15.44,83.5,-1.0,14.1,14.5
467.34,53,117.0,1360.0,53.0,1.0,15.13,83.5,-1.0,14.1,14.5
467.401,53,117.0,1360.0,53.0,1.0,15.13,83.5,-1.0,14.1,14.5
467.461,53,117.0,1360.0,53.0,1.0,15.13,83.5,-1.0,14.1,14.5
467.551,53,117.0,1360.0,53.0,1.0,15.13,83.5,-1.0,14.1,14.5
467.611,53,117.0,1360.0,53.0,1.0,15.13,83.5,-1.0,14.1,14.5
467.701,53,117.0,1360.0,53.0,1.0,15.13,83.5,-1.0,14.1,14.5
467.761,53,114.0,1360.0,53.0,1.0,15.13,83.5,-1.0,14.1,14.5
467.851,53,114.0,1364.0,53.0,1.0,15.13,83.5,-1.0,14.1,14.5
467.912,53,114.0,1364.0,53.0,1.0,15.13,83.5,-1.0,14.1,14.5
468.03,53,114.0,1364.0,53.0,1.0,15.13,83.5,-1.0,14.1,14.5
468.121,53,114.0,1364.0,53.0,1.0,14.77,83.5,-1.0,14.1,14.5
468.211,53,114.0,1364.0,53.0,1.0,14.77,83.5,-1.0,14.1,14.5
468.3,53,114.0,1364.0,53.0,1.0,14.77,83.5,-1.0,14.1,14.5
468.362,53,114.0,1364.0,53.0,1.0,14.77,83.5,-1.0,14.1,14.5
468.45,53,114.0,1364.0,53.0,1.0,14.77,83.5,-1.0,14.1,14.5
468.511,53,114.0,1364.0,53.0,1.0,14.77,83.5,-1.0,14.1,14.5
468.601,53,113.0,1364.0,53.0,1.0,14.77,83.5,-1.0,14.1,14.5
468.664,53,113.0,1379.0,53.0,1.0,14.77,83.5,-1.0,14.1,14.5
468.751,53,113.0,1379.0,54.0,1.0,14.77,83.5,-1.0,14.1,14.5
468.841,53,113.0,1379.0,54.0,1.0,14.77,83.5,-1.0,14.1,14.5
468.93,53,113.0,1379.0,54.0,1.0,16.05,83.5,-1.0,14.1,14.5
469.02,53,113.0,1379.0,54.0,1.0,16.05,83.5,-1.0,14.1,14.5
469.11,53,113.0,1379.0,54.0,1.0,16.05,83.5,-1.0,14.1,14.5
469.201,53,113.0,1379.0,54.0,1.0,16.05,83.5,-1.0,14.5,14.5
469.291,53,113.0,1379.0,54.0,1.0,16.05,83.5,-1.0,14.5,14.5
469.352,53,113.0,1379.0,54.0,1.0,16.05,83.5,-1.0,14.5,14.5
469.441,53,119.0,1379.0,54.0,1.0,16.05,83.5,-1.0,14.5,14.5
469.504,53,119.0,1384.0,54.0,1.0,16.05,83.5,-1.0,14.5,14.5
469.591,53,119.0,1384.0,54.0,1.0,16.05,83.5,-1.0,14.5,14.5
469.681,53,119.0,1384.0,54.0,1.0,16.05,83.5,-1.0,14.5,14.5
469.771,53,119.0,1384.0,54.0,1.0,16.13,83.5,-1.0,14.5,14.5
469.86,53,119.0,1384.0,54.0,1.0,16.13,83.5,-1.0,14.5,14.5
469.95,53,119.0,1384.0,54.0,1.0,16.13,83.5,-1.0,14.5,14.5
470.04,53,119.0,1384.0,54.0,1.0,16.13,83.5,-1.0,14.5,14.5
470.131,53,119.0,1384.0,54.0,1.0,16.13,83.5,-1.0,14.5,14.5
470.221,53,119.0,1384.0,54.0,1.0,16.13,83.5,-1.0,14.5,14.5
470.311,53,121.0,1384.0,54.0,1.0,16.13,83.5,-1.0,14.5,14.5
470.401,53,121.0,1395.0,54.0,1.0,16.13,83.5,-1.0,14.5,14.5
470.491,53,121.0,1395.0,54.0,1.0,16.13,83.5,-1.0,14.5,14.5
470.557,53,121.0,1395.0,54.0,1.0,16.13,83.5,-1.0,14.5,14.5
470.641,53,121.0,1395.0,54.0,1.0,16.58,83.5,-1.0,14.5,14.5
470.704,53,121.0,1395.0,54.0,1.0,16.58,83.5,-1.0,14.5,14.5
470.79,53,121.0,1395.0,54.0,1.0,16.58,83.5,-1.0,14.5,14.5
470.881,53,121.0,1395.0,54.0,1.0,16.58,83.5,-1.0,14.5,14.5
470.971,53,121.0,1395.0,54.0,1.0,16.58,83.5,-1.0,14.5,14.5
471.061,53,121.0,1395.0,54.0,1.0,16.58,83.5,-1.0,14.5,14.5
471.151,53,120.0,1395.0,54.0,1.0,16.58,83.5,-1.0,14.5,14.5
471.241,53,120.0,1404.0,54.0,1.0,16.58,83.5,-1.0,14.5,14.5
471.331,53,120.0,1404.0,54.0,1.0,16.58,83.5,-1.0,14.5,14.5
471.392,53,120.0,1404.0,54.0,2.0,16.58,83.5,-1.0,14.5,14.5
471.453,53,120.0,1404.0,54.0,2.0,16.16,83.5,-1.0,14.5,14.5
471.54,53,120.0,1404.0,54.0,2.0,16.16,83.5,-1.0,14.5,14.5
471.631,53,120.0,1404.0,54.0,2.0,16.16,83.5,-1.0,14.5,14.5
471.721,53,120.0,1404.0,54.0,2.0,16.16,83.5,-1.0,14.1,14.5
471.81,53,120.0,1404.0,54.0,2.0,16.16,83.5,-1.0,14.1,14.5
471.903,54,120.0,1404.0,54.0,2.0,16.16,83.5,-1.0,14.1,14.5
471.99,54,120.0,1404.0,54.0,2.0,16.16,83.5,-1.0,14.1,14.5
472.081,54,120.0,1408.0,54.0,2.0,16.16,83.5,-1.0,14.1,14.5
472.171,54,120.0,1408.0,55.0,2.0,16.16,83.5,-1.0,14.1,14.5
472.262,54,120.0,1408.0,55.0,1.0,16.16,83.5,-1.0,14.1,14.5
472.351,54,120.0,1408.0,55.0,1.0,16.72,83.5,-1.0,14.1,14.5
472.441,54,120.0,1408.0,55.0,1.0,16.72,83.5,-1.0,14.1,14.5
472.504,54,120.0,1408.0,55.0,1.0,16.72,83.5,-1.0,14.1,14.5
472.591,54,120.0,1408.0,55.0,1.0,16.72,83.5,-1.0,14.1,14.5
472.652,54,120.0,1408.0,55.0,1.0,16.72,83.5,-1.0,14.1,14.1
472.742,54,120.0,1408.0,55.0,1.0,16.72,83.5,-1.0,14.1,14.1
472.831,54,121.0,1408.0,55.0,1.0,16.72,83.5,-1.0,14.1,14.1
472.922,54,121.0,1411.0,55.0,1.0,16.72,83.5,-1.0,14.1,14.1
473.042,54,121.0,1411.0,55.0,1.0,16.72,83.5,-1.0,14.1,14.1
473.102,54,121.0,1411.0,55.0,2.0,16.72,83.5,-1.0,14.1,14.1
473.192,54,121.0,1411.0,55.0,2.0,17.05,83.5,-1.0,14.1,14.1
473.281,54,121.0,1411.0,55.0,2.0,17.05,83.5,-1.0,14.1,14.1
473.37,54,121.0,1411.0,55.0,2.0,17.05,83.5,-1.0,14.1,14.1
473.461,54,121.0,1411.0,55.0,2.0,17.05,83.5,-1.0,14.1,14.1
473.551,54,121.0,1411.0,55.0,2.0,17.05,83.5,-1.0,14.1,14.5
473.641,54,121.0,1411.0,55.0,2.0,17.05,83.5,-1.0,14.1,14.5
473.706,54,124.0,1411.0,55.0,2.0,17.05,83.5,-1.0,14.1,14.5
473.79,54,124.0,1417.0,55.0,2.0,17.05,83.5,-1.0,14.1,14.5
473.853,54,124.0,1417.0,55.0,2.0,17.05,83.5,-1.0,14.1,14.5
473.94,54,124.0,1417.0,55.0,2.0,17.05,83.5,-1.0,14.1,14.5
474.03,54,124.0,1417.0,55.0,2.0,17.72,83.5,-1.0,14.1,14.5
474.121,54,124.0,1417.0,55.0,2.0,17.72,83.5,-1.0,14.1,14.5
474.211,54,124.0,1417.0,55.0,2.0,17.72,83.5,-1.0,14.1,14.5
474.302,54,124.0,1417.0,55.0,2.0,17.72,83.5,-1.0,14.1,14.5
474.391,54,124.0,1417.0,55.0,2.0,17.72,83.5,-1.0,14.1,14.5
474.454,54,124.0,1417.0,55.0,2.0,17.72,83.5,-1.0,14.1,14.5
474.542,54,127.0,1417.0,55.0,2.0,17.72,83.5,-1.0,14.1,14.5
474.605,54,127.0,1418.0,55.0,2.0,17.72,83.5,-1.0,14.1,14.5
474.691,54,127.0,1418.0,55.0,2.0,17.72,83.5,-1.0,14.1,14.5
474.752,54,127.0,1418.0,55.0,2.0,17.72,83.5,-1.0,14.1,14.5
474.843,54,127.0,1418.0,55.0,2.0,18.38,83.5,-1.0,14.1,14.5
474.904,54,127.0,1418.0,55.0,2.0,18.38,83.5,-1.0,14.1,14.5
474.99,54,127.0,1418.0,55.0,2.0,18.38,83.5,-1.0,14.1,14.5
475.051,54,127.0,1418.0,55.0,2.0,18.38,83.5,-1.0,14.1,14.5
475.141,54,127.0,1418.0,55.0,2.0,18.38,83.5,-1.0,14.1,14.5
475.236,54,127.0,1418.0,55.0,2.0,18.38,83.5,-1.0,14.1,14.5
475.32,54,128.0,1418.0,55.0,2.0,18.38,83.5,-1.0,14.1,14.5
475.41,54,128.0,1421.0,55.0,2.0,18.38,83.5,-1.0,14.1,14.5
475.501,54,128.0,1421.0,55.0,2.0,18.38,83.5,-1.0,14.1,14.5
475.59,54,128.0,1421.0,55.0,2.0,18.38,83.5,-1.0,14.1,14.5
475.651,54,128.0,1421.0,55.0,2.0,19.16,83.5,-1.0,14.1,14.5
475.741,54,128.0,1421.0,55.0,2.0,19.16,83.5,-1.0,14.1,14.5
475.802,54,128.0,1421.0,55.0,2.0,19.16,83.5,-1.0,14.1,14.5
475.891,54,128.0,1421.0,55.0,2.0,19.16,83.5,-1.0,14.1,14.5
475.953,54,128.0,1421.0,55.0,2.0,19.16,83.5,-1.0,14.1,14.5
476.041,54,128.0,1421.0,55.0,2.0,19.16,83.5,-1.0,14.1,14.5
476.102,54,129.0,1421.0,55.0,2.0,19.16,83.5,-1.0,14.1,14.5
476.191,54,129.0,1425.0,55.0,2.0,19.16,83.5,-1.0,14.1,14.5
476.252,54,129.0,1425.0,55.0,2.0,19.16,83.5,-1.0,14.1,14.5
476.341,54,129.0,1425.0,55.0,2.0,19.16,83.5,-1.0,14.1,14.5
476.431,54,129.0,1425.0,55.0,2.0,19.16,83.5,-1.0,14.1,14.5
476.521,54,129.0,1425.0,55.0,2.0,19.16,83.5,-1.0,14.1,14.5
476.611,54,129.0,1425.0,55.0,2.0,19.16,83.5,-1.0,14.1,14.5
476.703,54,129.0,1425.0,55.0,2.0,19.16,83.5,-1.0,14.1,14.5
476.79,54,129.0,1425.0,55.0,2.0,19.16,83.5,-1.0,14.1,14.1
476.852,54,129.0,1425.0,55.0,2.0,19.16,83.5,-1.0,14.1,14.1
476.948,54,130.0,1425.0,55.0,2.0,19.16,83.5,-1.0,14.1,14.1
477.001,54,130.0,1430.0,55.0,2.0,19.16,83.5,-1.0,14.1,14.1
477.091,54,130.0,1430.0,56.0,2.0,19.16,83.5,-1.0,14.1,14.1
477.181,54,130.0,1430.0,56.0,2.0,19.16,83.5,-1.0,14.1,14.1
477.27,54,130.0,1430.0,56.0,2.0,19.72,83.5,-1.0,14.1,14.1
477.361,54,130.0,1430.0,56.0,2.0,19.72,83.5,-1.0,14.1,14.1
477.451,54,130.0,1430.0,56.0,2.0,19.72,83.5,-1.0,14.1,14.1
477.542,54,130.0,1430.0,56.0,2.0,19.72,83.5,-1.0,14.1,14.1
477.605,54,130.0,1430.0,56.0,2.0,19.72,83.5,-1.0,14.1,14.5
477.69,54,130.0,1430.0,56.0,2.0,19.72,83.5,-1.0,14.1,14.5
477.752,54,129.0,1430.0,56.0,2.0,19.72,83.5,-1.0,14.1,14.5
477.842,54,129.0,1435.0,56.0,2.0,19.72,83.5,-1.0,14.1,14.5
477.905,54,129.0,1435.0,56.0,2.0,19.72,83.5,-1.0,14.1,14.5
477.99,54,129.0,1435.0,56.0,2.0,19.72,83.5,-1.0,14.1,14.5
478.081,54,129.0,1435.0,56.0,2.0,17.05,83.5,-1.0,14.1,14.5
478.14,54,129.0,1435.0,56.0,2.0,17.05,83.5,-1.0,14.1,14.5
478.201,54,129.0,1435.0,56.0,2.0,17.05,83.5,-1.0,14.1,14.5
478.291,54,129.0,1435.0,56.0,2.0,17.05,83.5,-1.0,14.1,14.5
478.38,54,129.0,1435.0,56.0,2.0,17.05,83.5,-1.0,14.1,14.5
478.47,54,129.0,1435.0,56.0,2.0,17.05,83.5,-1.0,14.1,14.5
478.561,54,122.0,1435.0,56.0,2.0,17.05,83.5,-1.0,14.1,14.5
478.651,54,122.0,1434.0,56.0,2.0,17.05,83.5,-1.0,14.1,14.5
478.742,54,122.0,1434.0,56.0,2.0,17.05,83.5,-1.0,14.1,14.5
478.803,54,122.0,1434.0,56.0,1.0,17.05,83.5,-1.0,14.1,14.5
478.891,54,122.0,1434.0,56.0,1.0,17.05,83.5,-1.0,14.1,14.5
478.951,54,122.0,1434.0,56.0,1.0,17.05,83.5,-1.0,14.1,14.5
479.04,54,122.0,1434.0,56.0,1.0,17.05,83.5,-1.0,14.1,14.5
479.102,54,122.0,1434.0,56.0,1.0,17.05,83.5,-1.0,14.1,14.5
479.191,54,122.0,1434.0,56.0,1.0,17.05,83.5,-1.0,14.1,14.5
479.252,54,122.0,1434.0,56.0,1.0,17.05,83.5,-1.0,14.1,14.5
479.342,54,119.0,1434.0,56.0,1.0,17.05,83.5,-1.0,14.1,14.5
479.404,54,119.0,1432.0,56.0,1.0,17.05,83.5,-1.0,14.1,14.5
479.49,54,119.0,1432.0,56.0,1.0,17.05,83.5,-1.0,14.1,14.5
479.582,54,119.0,1432.0,56.0,1.0,17.05,83.5,-1.0,14.1,14.5
479.643,54,119.0,1432.0,56.0,1.0,16.99,83.5,-1.0,14.1,14.5
479.703,54,119.0,1432.0,56.0,1.0,16.99,83.5,-1.0,14.1,14.5
479.79,54,119.0,1432.0,56.0,1.0,16.99,83.5,-1.0,14.1,14.5
479.852,54,119.0,1432.0,56.0,1.0,16.99,83.5,-1.0,14.1,14.5
479.942,54,119.0,1432.0,56.0,1.0,16.99,83.5,-1.0,14.1,14.5
480.002,54,119.0,1432.0,56.0,1.0,16.99,83.5,-1.0,14.1,14.5
480.09,54,121.0,1432.0,56.0,1.0,16.99,83.5,-1.0,14.1,14.5
480.151,54,121.0,1436.0,56.0,1.0,16.99,83.5,-1.0,14.1,14.5
480.242,54,121.0,1436.0,56.0,1.0,16.99,83.5,-1.0,14.1,14.5
480.303,54,121.0,1436.0,56.0,1.0,16.99,83.5,-1.0,14.1,14.5
480.391,54,121.0,1436.0,56.0,1.0,19.77,83.5,-1.0,14.1,14.5
480.453,54,121.0,1436.0,56.0,1.0,19.77,83.5,-1.0,14.1,14.5
480.541,54,121.0,1436.0,56.0,1.0,19.77,83.5,-1.0,14.1,14.5
480.604,54,121.0,1436.0,56.0,1.0,19.77,83.5,-1.0,14.1,14.5
480.691,54,121.0,1436.0,56.0,1.0,19.77,83.5,-1.0,14.1,14.5
480.752,54,121.0,1436.0,56.0,1.0,19.77,83.5,-1.0,14.1,14.5
480.842,54,130.0,1436.0,56.0,1.0,19.77,83.5,-1.0,14.1,14.5
480.918,54,130.0,1440.0,56.0,1.0,19.77,83.5,-1.0,14.1,14.5
481.02,54,130.0,1440.0,56.0,1.0,19.77,83.5,-1.0,14.1,14.5
481.11,54,130.0,1440.0,56.0,2.0,19.77,83.5,-1.0,14.1,14.5
481.201,54,130.0,1440.0,56.0,2.0,19.52,83.5,-1.0,14.1,14.5
481.291,54,130.0,1440.0,56.0,2.0,19.52,83.5,-1.0,14.1,14.5
481.41,54,130.0,1440.0,56.0,2.0,19.52,83.5,-1.0,14.1,14.5
481.501,54,130.0,1440.0,56.0,2.0,19.52,83.5,-1.0,14.1,14.5
481.59,54,130.0,1440.0,56.0,2.0,19.52,83.5,-1.0,14.1,14.5
481.652,54,130.0,1440.0,56.0,2.0,19.52,83.5,-1.0,14.1,14.5
481.741,54,130.0,1440.0,56.0,2.0,19.52,83.5,-1.0,14.1,14.5
481.803,54,130.0,1444.0,56.0,2.0,19.52,83.5,-1.0,14.1,14.5
481.891,54,130.0,1444.0,56.0,2.0,19.52,83.5,-1.0,14.1,14.5
481.951,54,130.0,1444.0,56.0,2.0,19.52,83.5,-1.0,14.1,14.5
482.04,54,130.0,1444.0,56.0,2.0,19.33,83.5,-1.0,14.1,14.5
482.101,54,130.0,1444.0,56.0,2.0,19.33,83.5,-1.0,14.1,14.5
482.19,54,130.0,1444.0,56.0,2.0,19.33,83.5,-1.0,14.1,14.5
482.252,54,130.0,1444.0,56.0,2.0,19.33,83.5,-1.0,14.1,14.5
482.341,54,130.0,1444.0,56.0,2.0,19.33,83.5,-1.0,14.1,14.5
482.403,54,130.0,1444.0,56.0,2.0,19.33,83.5,-1.0,14.1,14.5
482.491,54,127.0,1444.0,56.0,2.0,19.33,83.5,-1.0,14.1,14.5
482.553,54,127.0,1455.0,56.0,2.0,19.33,83.5,-1.0,14.1,14.5
482.641,54,127.0,1455.0,57.0,2.0,19.33,83.5,-1.0,14.1,14.5
482.703,54,127.0,1455.0,57.0,2.0,19.33,83.5,-1.0,14.1,14.5
482.79,54,127.0,1455.0,57.0,2.0,18.83,83.5,-1.0,14.1,14.5
482.853,54,127.0,1455.0,57.0,2.0,18.83,83.5,-1.0,14.1,14.5
482.94,54,127.0,1455.0,57.0,2.0,18.83,83.5,-1.0,14.1,14.5
483.06,54,127.0,1455.0,57.0,2.0,18.83,83.5,-1.0,14.1,14.5
483.152,54,127.0,1455.0,57.0,2.0,18.83,83.5,-1.0,14.1,14.5
483.241,55,127.0,1455.0,57.0,2.0,18.83,83.5,-1.0,14.1,14.5
483.302,55,126.0,1455.0,57.0,2.0,18.83,83.5,-1.0,14.1,14.5
483.391,55,126.0,1464.0,57.0,2.0,18.83,83.5,-1.0,14.1,14.5
483.452,55,126.0,1464.0,57.0,2.0,18.83,83.5,-1.0,14.1,14.5
483.541,55,126.0,1464.0,57.0,1.0,18.83,83.5,-1.0,14.1,14.5
483.604,55,126.0,1464.0,57.0,1.0,18.24,83.5,-1.0,14.1,14.5
483.691,55,126.0,1464.0,57.0,1.0,18.24,83.5,-1.0,14.1,14.5
483.752,55,126.0,1464.0,57.0,1.0,18.24,83.5,-1.0,14.1,14.5
483.841,55,126.0,1464.0,57.0,1.0,18.24,83.5,-1.0,14.5,14.5
483.903,55,126.0,1464.0,57.0,1.0,18.24,83.5,-1.0,14.5,14.1
483.99,55,126.0,1464.0,57.0,1.0,18.24,83.5,-1.0,14.5,14.1
484.051,55,125.0,1464.0,57.0,1.0,18.24,83.5,-1.0,14.5,14.1
484.142,55,125.0,1470.0,57.0,1.0,18.24,83.5,-1.0,14.5,14.1
484.203,55,125.0,1470.0,57.0,1.0,18.24,83.5,-1.0,14.5,14.1
484.29,55,125.0,1470.0,57.0,1.0,18.24,83.5,-1.0,14.5,14.1
484.353,55,125.0,1470.0,57.0,1.0,17.88,83.5,-1.0,14.5,14.1
484.44,55,125.0,1470.0,57.0,1.0,17.88,83.5,-1.0,14.5,14.1
484.503,55,125.0,1470.0,57.0,1.0,17.88,83.5,-1.0,14.5,14.1
484.591,55,125.0,1470.0,57.0,1.0,17.88,83.5,-1.0,14.1,14.1
484.652,55,125.0,1470.0,57.0,1.0,17.88,83.5,-1.0,14.1,14.5
484.741,55,125.0,1470.0,57.0,1.0,17.88,83.5,-1.0,14.1,14.5
484.802,55,124.0,1470.0,57.0,1.0,17.88,83.5,-1.0,14.1,14.5
484.891,55,124.0,1475.0,57.0,1.0,17.88,83.5,-1.0,14.1,14.5
484.951,55,124.0,1475.0,58.0,1.0,17.88,83.5,-1.0,14.1,14.5
485.04,55,124.0,1475.0,58.0,1.0,17.88,83.5,-1.0,14.1,14.5
485.102,55,124.0,1475.0,58.0,1.0,17.44,83.5,-1.0,14.1,14.5
485.19,55,124.0,1475.0,58.0,1.0,17.44,83.5,-1.0,14.1,14.5
485.252,55,124.0,1475.0,58.0,1.0,17.44,83.5,-1.0,14.1,14.5
485.341,55,124.0,1475.0,58.0,1.0,17.44,83.5,-1.0,14.1,14.5
485.46,55,124.0,1475.0,58.0,1.0,17.44,83.5,-1.0,14.1,14.5
485.55,55,124.0,1475.0,58.0,1.0,17.44,83.5,-1.0,14.1,14.5
485.641,55,120.0,1475.0,58.0,1.0,17.44,83.5,-1.0,14.1,14.5
485.704,55,120.0,1487.0,58.0,1.0,17.44,83.5,-1.0,14.1,14.5
485.79,55,120.0,1487.0,58.0,1.0,17.44,83.5,-1.0,14.1,14.5
485.852,55,120.0,1487.0,58.0,1.0,17.44,83.5,-1.0,14.1,14.5
485.94,55,120.0,1487.0,58.0,1.0,16.94,83.5,-1.0,14.1,14.5
486.06,55,120.0,1487.0,58.0,1.0,16.94,83.5,-1.0,14.1,14.5
486.15,55,120.0,1487.0,58.0,1.0,16.94,83.5,-1.0,14.1,14.5
486.24,55,120.0,1487.0,58.0,1.0,16.94,83.5,-1.0,14.1,14.5
486.301,55,120.0,1487.0,58.0,1.0,16.94,83.5,-1.0,14.1,14.5
486.39,55,120.0,1487.0,58.0,1.0,16.94,83.5,-1.0,14.1,14.5
486.452,55,117.0,1487.0,58.0,1.0,16.94,83.5,-1.0,14.1,14.5
486.541,55,117.0,1491.0,58.0,1.0,16.94,83.5,-1.0,14.1,14.5
486.604,55,117.0,1491.0,58.0,1.0,16.94,83.5,-1.0,14.1,14.5
486.69,55,117.0,1491.0,58.0,1.0,16.94,83.5,-1.0,14.1,14.5
486.752,55,117.0,1491.0,58.0,1.0,16.27,83.5,-1.0,14.1,14.5
486.84,55,117.0,1491.0,58.0,1.0,16.27,83.5,-1.0,14.1,14.5
486.902,55,117.0,1491.0,58.0,1.0,16.27,83.5,-1.0,14.1,14.5
486.99,55,117.0,1491.0,58.0,1.0,16.27,83.5,-1.0,14.1,14.5
487.051,55,117.0,1491.0,58.0,1.0,16.27,83.5,-1.0,14.1,14.5
487.14,55,117.0,1491.0,58.0,1.0,16.27,83.5,-1.0,14.1,14.5
487.202,55,116.0,1491.0,58.0,1.0,16.27,83.5,-1.0,14.1,14.5
487.29,55,116.0,1491.0,58.0,1.0,16.27,83.5,-1.0,14.1,14.5
487.352,55,116.0,1491.0,58.0,1.0,16.27,83.5,-1.0,14.1,14.5
487.441,55,116.0,1491.0,58.0,1.0,16.27,83.5,-1.0,14.1,14.5
487.502,55,116.0,1491.0,58.0,1.0,16.13,83.5,-1.0,14.1,14.5
487.59,55,116.0,1491.0,58.0,1.0,16.13,83.5,-1.0,14.1,14.5
487.652,55,116.0,1491.0,58.0,1.0,16.13,83.5,-1.0,14.1,14.5
487.741,55,116.0,1491.0,58.0,1.0,16.13,83.5,-1.0,14.1,14.5
487.802,55,116.0,1491.0,58.0,1.0,16.13,83.5,-1.0,14.1,14.1
487.891,55,116.0,1491.0,58.0,1.0,16.13,83.5,-1.0,14.1,14.1
487.952,55,115.0,1491.0,58.0,1.0,16.13,83.5,-1.0,14.1,14.1
488.041,55,115.0,1494.0,58.0,1.0,16.13,83.5,-1.0,14.1,14.1
488.101,55,115.0,1494.0,58.0,1.0,16.13,83.5,-1.0,14.1,14.1
488.191,55,115.0,1494.0,58.0,1.0,16.13,83.5,-1.0,14.1,14.1
488.252,55,115.0,1494.0,58.0,1.0,16.02,83.5,-1.0,14.1,14.1
488.341,55,115.0,1494.0,58.0,1.0,16.02,83.5,-1.0,14.1,14.1
488.403,55,115.0,1494.0,58.0,1.0,16.02,83.5,-1.0,14.1,14.1
488.491,55,115.0,1494.0,58.0,1.0,16.02,83.5,-1.0,14.1,14.1
488.552,55,115.0,1494.0,58.0,1.0,16.02,83.5,-1.0,14.1,14.5
488.64,55,115.0,1494.0,58.0,1.0,16.02,83.5,-1.0,14.1,14.5
488.702,55,114.0,1494.0,58.0,1.0,16.02,83.5,-1.0,14.1,14.5
488.79,55,114.0,1493.0,58.0,1.0,16.02,83.5,-1.0,14.1,14.5
488.853,55,114.0,1493.0,58.0,1.0,16.02,83.5,-1.0,14.1,14.5
488.94,55,114.0,1493.0,58.0,1.0,16.02,83.5,-1.0,14.1,14.5
489.001,55,114.0,1493.0,58.0,1.0,15.88,83.5,-1.0,14.1,14.5
489.09,55,114.0,1493.0,58.0,1.0,15.88,83.5,-1.0,14.1,14.5
489.153,55,114.0,1493.0,58.0,1.0,15.88,83.5,-1.0,14.1,14.5
489.241,55,114.0,1493.0,58.0,1.0,15.88,83.5,-1.0,14.1,14.5
489.304,55,114.0,1493.0,58.0,1.0,15.88,83.5,-1.0,14.1,14.5
489.391,55,114.0,1493.0,58.0,1.0,15.88,83.5,-1.0,14.1,14.5
489.453,55,114.0,1493.0,58.0,1.0,15.88,83.5,-1.0,14.1,14.5
489.54,55,114.0,1495.0,58.0,1.0,15.88,83.5,-1.0,14.1,14.5
489.605,55,114.0,1495.0,58.0,1.0,15.88,83.5,-1.0,14.1,14.5
489.691,55,114.0,1495.0,58.0,1.0,15.88,83.5,-1.0,14.1,14.5
489.752,55,114.0,1495.0,58.0,1.0,16.19,83.5,-1.0,14.1,14.5
489.84,55,114.0,1495.0,58.0,1.0,16.19,83.5,-1.0,14.1,14.5
489.902,55,114.0,1495.0,58.0,1.0,16.19,83.5,-1.0,14.1,14.5
489.99,55,114.0,1495.0,58.0,1.0,16.19,83.5,-1.0,14.1,14.5
490.051,55,114.0,1495.0,58.0,1.0,16.19,83.5,-1.0,14.1,14.5
490.141,55,114.0,1495.0,58.0,1.0,16.19,83.5,-1.0,14.1,14.5
490.203,55,114.0,1495.0,58.0,1.0,16.19,83.5,-1.0,14.1,14.5
490.29,55,114.0,1491.0,58.0,1.0,16.19,83.5,-1.0,14.1,14.5
490.351,55,114.0,1491.0,58.0,1.0,16.19,83.5,-1.0,14.1,14.5
490.44,55,114.0,1491.0,58.0,1.0,16.19,83.5,-1.0,14.1,14.5
490.501,55,114.0,1491.0,58.0,1.0,15.72,83.5,-1.0,14.1,14.5
490.59,55,114.0,1491.0,58.0,1.0,15.72,83.5,-1.0,14.1,14.5
490.652,55,114.0,1491.0,58.0,1.0,15.72,83.5,-1.0,14.1,14.5
490.74,55,114.0,1491.0,58.0,1.0,15.72,83.5,-1.0,14.1,14.5
490.803,55,114.0,1491.0,58.0,1.0,15.72,83.5,-1.0,14.1,14.5
490.89,55,114.0,1491.0,58.0,1.0,15.72,83.5,-1.0,14.1,14.5
490.952,55,113.0,1491.0,58.0,1.0,15.72,83.5,-1.0,14.1,14.5
491.04,55,113.0,1493.0,58.0,1.0,15.72,83.5,-1.0,14.1,14.5
491.101,55,113.0,1493.0,58.0,1.0,15.72,83.5,-1.0,14.1,14.5
491.19,55,113.0,1493.0,58.0,1.0,15.72,83.5,-1.0,14.1,14.5
491.252,55,113.0,1493.0,58.0,1.0,15.72,83.5,-1.0,14.1,14.5
491.34,55,113.0,1493.0,58.0,1.0,15.72,83.5,-1.0,14.1,14.5
491.402,55,113.0,1493.0,58.0,1.0,15.72,83.5,-1.0,14.1,14.5
491.49,55,113.0,1493.0,58.0,1.0,15.72,83.5,-1.0,14.5,14.5
491.552,55,113.0,1493.0,58.0,1.0,15.72,83.5,-1.0,14.5,14.1
491.641,55,113.0,1493.0,58.0,1.0,15.72,83.5,-1.0,14.5,14.1
491.702,55,113.0,1493.0,58.0,1.0,15.72,83.5,-1.0,14.5,14.1
491.792,55,113.0,1499.0,58.0,1.0,15.72,83.5,-1.0,14.5,14.1
491.852,55,113.0,1499.0,58.0,1.0,15.72,83.5,-1.0,14.5,14.1
491.94,55,113.0,1499.0,58.0,1.0,15.72,83.5,-1.0,14.5,14.1
492.001,55,113.0,1499.0,58.0,1.0,15.55,83.5,-1.0,14.5,14.1
492.09,55,113.0,1499.0,58.0,1.0,15.55,83.5,-1.0,14.5,14.1
492.152,55,113.0,1499.0,58.0,1.0,15.55,83.5,-1.0,14.5,14.1
492.24,55,113.0,1499.0,58.0,1.0,15.55,83.5,-1.0,14.1,14.1
492.302,55,113.0,1499.0,58.0,1.0,15.55,83.5,-1.0,14.1,14.5
492.39,56,113.0,1499.0,58.0,1.0,15.55,83.5,-1.0,14.1,14.5
492.452,56,113.0,1499.0,58.0,1.0,15.55,83.5,-1.0,14.1,14.5
492.541,56,113.0,1495.0,58.0,1.0,15.55,83.5,-1.0,14.1,14.5
492.604,56,113.0,1495.0,58.0,1.0,15.55,83.5,-1.0,14.1,14.5
492.69,56,113.0,1495.0,58.0,1.0,15.55,83.5,-1.0,14.1,14.5
492.752,56,113.0,1495.0,58.0,1.0,15.52,83.5,-1.0,14.1,14.5
492.84,56,113.0,1495.0,58.0,1.0,15.52,83.5,-1.0,14.1,14.5
492.903,56,113.0,1495.0,58.0,1.0,15.52,83.5,-1.0,14.1,14.5
492.99,56,113.0,1495.0,58.0,1.0,15.52,83.5,-1.0,14.1,14.5
493.11,56,113.0,1495.0,58.0,1.0,15.52,83.5,-1.0,14.1,14.5
493.2,56,113.0,1495.0,58.0,1.0,15.52,83.5,-1.0,14.1,14.5
493.29,56,113.0,1495.0,58.0,1.0,15.52,83.5,-1.0,14.1,14.5
493.352,56,113.0,1493.0,58.0,1.0,15.52,83.5,-1.0,14.1,14.5
493.442,56,113.0,1493.0,58.0,1.0,15.52,83.5,-1.0,14.1,14.5
493.501,56,113.0,1493.0,58.0,1.0,15.52,83.5,-1.0,14.1,14.5
493.591,56,113.0,1493.0,58.0,1.0,15.44,83.5,-1.0,14.1,14.5
493.651,56,113.0,1493.0,58.0,1.0,15.44,83.5,-1.0,14.1,14.5
493.74,56,113.0,1493.0,58.0,1.0,15.44,83.5,-1.0,14.1,14.5
493.801,56,113.0,1493.0,58.0,1.0,15.44,83.5,-1.0,14.1,14.5
493.89,56,113.0,1493.0,58.0,1.0,15.44,83.5,-1.0,14.1,14.5
493.951,56,113.0,1493.0,58.0,1.0,15.44,83.5,-1.0,14.1,14.5
494.04,56,112.0,1493.0,58.0,1.0,15.44,83.5,-1.0,14.1,14.5
494.102,56,112.0,1488.0,58.0,1.0,15.44,83.5,-1.0,14.1,14.5
494.19,56,112.0,1488.0,58.0,1.0,15.44,83.5,-1.0,14.1,14.5
494.251,56,112.0,1488.0,58.0,1.0,15.44,83.5,-1.0,14.1,14.5
494.34,56,112.0,1488.0,58.0,1.0,15.41,83.5,-1.0,14.1,14.5
494.401,56,112.0,1488.0,58.0,1.0,15.41,83.5,-1.0,14.1,14.5
494.49,56,112.0,1488.0,58.0,1.0,15.41,83.5,-1.0,14.1,14.5
494.552,56,112.0,1488.0,58.0,1.0,15.41,83.5,-1.0,14.1,14.5
494.64,56,112.0,1488.0,58.0,1.0,15.41,83.5,-1.0,14.1,14.5
494.701,56,112.0,1488.0,58.0,1.0,15.41,83.5,-1.0,14.1,14.5
494.79,56,112.0,1488.0,58.0,1.0,15.41,83.5,-1.0,14.1,14.5
494.851,56,112.0,1487.0,58.0,1.0,15.41,83.5,-1.0,14.1,14.5
494.942,56,112.0,1487.0,58.0,1.0,15.41,83.5,-1.0,14.1,14.5
495.001,56,112.0,1487.0,58.0,1.0,15.41,83.5,-1.0,14.1,14.5
495.09,56,112.0,1487.0,58.0,1.0,15.41,83.5,-1.0,14.1,14.5
495.151,56,112.0,1487.0,58.0,1.0,15.41,83.5,-1.0,14.1,14.5
495.24,56,112.0,1487.0,58.0,1.0,15.41,83.5,-1.0,14.1,14.5
495.302,56,112.0,1487.0,58.0,1.0,15.41,83.5,-1.0,14.5,14.5
495.39,56,112.0,1487.0,58.0,1.0,15.41,83.5,-1.0,14.5,14.5
495.451,56,112.0,1487.0,58.0,1.0,15.41,83.5,-1.0,14.5,14.5
495.54,56,113.0,1487.0,58.0,1.0,15.41,83.5,-1.0,14.5,14.5
495.603,56,113.0,1484.0,58.0,1.0,15.41,83.5,-1.0,14.5,14.5
495.691,56,113.0,1484.0,58.0,1.0,15.41,83.5,-1.0,14.5,14.5
495.751,56,113.0,1484.0,58.0,1.0,15.41,83.5,-1.0,14.5,14.5
495.84,56,113.0,1484.0,58.0,1.0,15.33,83.5,-1.0,14.5,14.5
495.901,56,113.0,1484.0,58.0,1.0,15.33,83.5,-1.0,14.5,14.5
495.99,56,113.0,1484.0,58.0,1.0,15.33,83.5,-1.0,14.5,14.5
496.05,56,113.0,1484.0,58.0,1.0,15.33,83.5,-1.0,14.1,14.5
496.14,56,113.0,1484.0,58.0,1.0,15.33,83.5,-1.0,14.1,14.5
496.201,56,113.0,1484.0,58.0,1.0,15.33,83.5,-1.0,14.1,14.5
496.291,56,113.0,1484.0,58.0,1.0,15.33,83.5,-1.0,14.1,14.5
496.351,56,113.0,1479.0,58.0,1.0,15.33,83.5,-1.0,14.1,14.5
496.44,56,113.0,1479.0,57.0,1.0,15.33,83.5,-1.0,14.1,14.5
496.501,56,113.0,1479.0,57.0,1.0,15.33,83.5,-1.0,14.1,14.5
496.59,56,113.0,1479.0,57.0,1.0,15.52,83.5,-1.0,14.1,14.5
496.651,56,113.0,1479.0,57.0,1.0,15.52,83.5,-1.0,14.1,14.5
496.74,56,113.0,1479.0,57.0,1.0,15.52,83.5,-1.0,14.1,14.5
496.802,56,113.0,1479.0,57.0,1.0,15.52,83.5,-1.0,14.1,14.5
496.89,56,113.0,1479.0,57.0,1.0,15.52,83.5,-1.0,14.1,14.5
496.951,56,113.0,1479.0,57.0,1.0,15.52,83.5,-1.0,14.1,14.5
497.04,56,114.0,1479.0,57.0,1.0,15.52,83.5,-1.0,14.1,14.5
497.101,56,114.0,1478.0,57.0,1.0,15.52,83.5,-1.0,14.1,14.5
497.19,56,114.0,1478.0,57.0,1.0,15.52,83.5,-1.0,14.1,14.5
497.251,56,114.0,1478.0,57.0,1.0,15.52,83.5,-1.0,14.1,14.5
497.34,56,114.0,1478.0,57.0,1.0,15.58,83.5,-1.0,14.1,14.5
497.401,56,114.0,1478.0,57.0,1.0,15.58,83.5,-1.0,14.1,14.5
497.491,56,114.0,1478.0,57.0,1.0,15.58,83.5,-1.0,14.1,14.5
497.552,56,114.0,1478.0,57.0,1.0,15.58,83.5,-1.0,14.1,14.5
497.64,56,114.0,1478.0,57.0,1.0,15.58,83.5,-1.0,14.1,14.5
497.702,56,114.0,1478.0,57.0,1.0,15.58,83.5,-1.0,14.1,14.5
497.79,56,114.0,1478.0,57.0,1.0,15.58,83.5,-1.0,14.1,14.5
497.852,56,114.0,1475.0,57.0,1.0,15.58,83.5,-1.0,14.1,14.5
497.94,56,114.0,1475.0,57.0,1.0,15.58,83.5,-1.0,14.1,14.5
498.001,56,114.0,1475.0,57.0,1.0,15.58,83.5,-1.0,14.1,14.5
498.091,56,114.0,1475.0,57.0,1.0,15.41,83.5,-1.0,14.1,14.5
498.152,56,114.0,1475.0,57.0,1.0,15.41,83.5,-1.0,14.1,14.5
498.24,56,114.0,1475.0,57.0,1.0,15.41,83.5,-1.0,14.1,14.5
498.302,56,114.0,1475.0,57.0,1.0,15.41,83.5,-1.0,14.1,14.5
498.391,56,114.0,1475.0,57.0,1.0,15.41,83.5,-1.0,14.1,14.5
498.452,56,114.0,1475.0,57.0,1.0,15.41,83.5,-1.0,14.1,14.5
498.54,56,115.0,1475.0,57.0,1.0,15.41,83.5,-1.0,14.1,14.5
498.603,56,115.0,1470.0,57.0,1.0,15.41,83.5,-1.0,14.1,14.5
498.69,56,115.0,1470.0,57.0,1.0,15.41,83.5,-1.0,14.1,14.5
498.752,56,115.0,1470.0,57.0,1.0,15.41,83.5,-1.0,14.1,14.5
498.84,56,115.0,1470.0,57.0,1.0,15.77,83.5,-1.0,14.1,14.5
498.902,56,115.0,1470.0,57.0,1.0,15.77,83.5,-1.0,14.1,14.5
498.99,56,115.0,1470.0,57.0,1.0,15.77,83.5,-1.0,14.1,14.5
499.081,56,115.0,1470.0,57.0,1.0,15.77,83.5,-1.0,14.1,14.5
499.141,56,115.0,1470.0,57.0,1.0,15.77,83.5,-1.0,14.1,14.5
499.201,56,115.0,1470.0,57.0,1.0,15.77,83.5,-1.0,14.1,14.5
499.29,56,115.0,1470.0,57.0,1.0,15.77,83.5,-1.0,14.1,14.5
499.381,56,115.0,1469.0,57.0,1.0,15.77,83.5,-1.0,14.1,14.5
499.441,56,115.0,1469.0,57.0,1.0,15.77,83.5,-1.0,14.1,14.5
499.531,56,115.0,1469.0,57.0,1.0,15.77,83.5,-1.0,14.1,14.5
499.592,56,115.0,1469.0,57.0,1.0,15.8,83.5,-1.0,14.1,14.5
499.68,56,115.0,1469.0,57.0,1.0,15.8,83.5,-1.0,14.1,14.5
499.742,56,115.0,1469.0,57.0,1.0,15.8,83.5,-1.0,14.1,14.5
499.831,56,115.0,1469.0,57.0,1.0,15.8,83.5,-1.0,14.1,14.5
499.892,56,115.0,1469.0,57.0,1.0,15.8,83.5,-1.0,14.1,14.5
499.98,56,115.0,1469.0,57.0,1.0,15.8,83.5,-1.0,14.1,14.5
500.041,56,116.0,1469.0,57.0,1.0,15.8,83.5,-1.0,14.1,14.5
500.13,56,116.0,1473.0,57.0,1.0,15.8,83.5,-1.0,14.1,14.5
500.191,56,116.0,1473.0,57.0,1.0,15.8,83.5,-1.0,14.1,14.5
500.28,56,116.0,1473.0,57.0,1.0,15.8,83.5,-1.0,14.1,14.5
500.341,56,116.0,1473.0,57.0,1.0,15.77,83.5,-1.0,14.1,14.5
500.431,56,116.0,1473.0,57.0,1.0,15.77,83.5,-1.0,14.1,14.5
500.491,56,116.0,1473.0,57.0,1.0,15.77,83.5,-1.0,14.1,14.5
500.58,56,116.0,1473.0,57.0,1.0,15.77,83.5,-1.0,14.1,14.5
500.642,56,116.0,1473.0,57.0,1.0,15.77,83.5,-1.0,14.1,14.5
500.731,57,116.0,1473.0,57.0,1.0,15.77,83.5,-1.0,14.1,14.5
500.792,57,116.0,1473.0,57.0,1.0,15.77,83.5,-1.0,14.1,14.5
500.882,57,116.0,1470.0,57.0,1.0,15.77,83.5,-1.0,14.1,14.5
500.942,57,116.0,1470.0,57.0,1.0,15.77,83.5,-1.0,14.1,14.5
501.03,57,116.0,1470.0,57.0,1.0,15.77,83.5,-1.0,14.1,14.5
501.091,57,116.0,1470.0,57.0,1.0,15.72,83.5,-1.0,14.1,14.5
501.181,57,116.0,1470.0,57.0,1.0,15.72,83.5,-1.0,14.1,14.5
501.242,57,116.0,1470.0,57.0,1.0,15.72,83.5,-1.0,14.1,14.5
501.33,57,116.0,1470.0,57.0,1.0,15.72,83.5,-1.0,14.1,14.5
501.392,57,116.0,1470.0,57.0,1.0,15.72,83.5,-1.0,14.1,14.5
501.48,57,116.0,1470.0,57.0,1.0,15.72,83.5,-1.0,14.1,14.5
501.542,57,116.0,1470.0,57.0,1.0,15.72,83.5,-1.0,14.1,14.5
501.63,57,116.0,1470.0,57.0,1.0,15.72,83.5,-1.0,14.1,14.5
501.693,57,116.0,1470.0,57.0,1.0,15.72,83.5,-1.0,14.1,14.5
501.781,57,116.0,1470.0,57.0,1.0,15.72,83.5,-1.0,14.1,14.5
501.842,57,116.0,1470.0,57.0,1.0,15.77,83.5,-1.0,14.1,14.5
501.931,57,116.0,1470.0,57.0,1.0,15.77,83.5,-1.0,14.1,14.5
501.991,57,116.0,1470.0,57.0,1.0,15.77,83.5,-1.0,14.1,14.5
502.08,57,116.0,1470.0,57.0,1.0,15.77,83.5,-1.0,14.1,14.5
502.142,57,116.0,1470.0,57.0,1.0,15.77,83.5,-1.0,14.1,14.5
502.23,57,116.0,1470.0,57.0,1.0,15.77,83.5,-1.0,14.1,14.5
502.292,57,116.0,1470.0,57.0,1.0,15.77,83.5,-1.0,14.1,14.5
502.38,57,116.0,1472.0,57.0,1.0,15.77,83.5,-1.0,14.1,14.5
502.442,57,116.0,1472.0,57.0,1.0,15.77,83.5,-1.0,14.1,14.5
502.53,57,116.0,1472.0,57.0,1.0,15.77,83.5,-1.0,14.1,14.5
502.592,57,116.0,1472.0,57.0,1.0,15.8,83.5,-1.0,14.1,14.5
502.682,57,116.0,1472.0,57.0,1.0,15.8,83.5,-1.0,14.1,14.5
502.742,57,116.0,1472.0,57.0,1.0,15.8,83.5,-1.0,14.1,14.5
502.831,57,116.0,1472.0,57.0,1.0,15.8,83.5,-1.0,14.1,14.5
502.892,57,116.0,1472.0,57.0,1.0,15.8,83.5,-1.0,14.1,14.5
502.98,57,116.0,1472.0,57.0,1.0,15.8,83.5,-1.0,14.1,14.5
503.1,57,116.0,1472.0,57.0,1.0,15.8,83.5,-1.0,14.1,14.5
503.191,57,116.0,1470.0,57.0,1.0,15.8,83.5,-1.0,14.1,14.5
503.28,57,116.0,1470.0,57.0,1.0,15.8,83.5,-1.0,14.1,14.5
503.341,57,116.0,1470.0,57.0,1.0,15.8,83.5,-1.0,14.1,14.5
503.43,57,116.0,1470.0,57.0,1.0,15.74,83.5,-1.0,14.1,14.5
503.492,57,116.0,1470.0,57.0,1.0,15.74,83.5,-1.0,14.1,14.5
503.58,57,116.0,1470.0,57.0,1.0,15.74,83.5,-1.0,14.1,14.5
503.642,57,116.0,1470.0,57.0,1.0,15.74,83.5,-1.0,14.1,14.5
503.73,57,116.0,1470.0,57.0,1.0,15.74,83.5,-1.0,14.1,14.5
503.794,57,116.0,1470.0,57.0,1.0,15.74,83.5,-1.0,14.1,14.5
503.88,57,116.0,1470.0,57.0,1.0,15.74,83.5,-1.0,14.1,14.5
503.947,57,116.0,1471.0,57.0,1.0,15.74,83.5,-1.0,14.1,14.5
504.03,57,116.0,1471.0,57.0,1.0,15.74,83.5,-1.0,14.1,14.5
504.091,57,116.0,1471.0,57.0,1.0,15.74,83.5,-1.0,14.1,14.5
504.18,57,116.0,1471.0,57.0,1.0,15.83,83.5,-1.0,14.1,14.5
504.242,57,116.0,1471.0,57.0,1.0,15.83,83.5,-1.0,14.1,14.5
504.33,57,116.0,1471.0,57.0,1.0,15.83,83.5,-1.0,14.1,14.5
504.392,57,116.0,1471.0,57.0,1.0,15.83,83.5,-1.0,14.1,14.5
504.48,57,116.0,1471.0,57.0,1.0,15.83,83.5,-1.0,14.1,14.5
504.542,57,116.0,1471.0,57.0,1.0,15.83,83.5,-1.0,14.1,14.5
504.63,57,116.0,1471.0,57.0,1.0,15.83,83.5,-1.0,14.1,14.5
504.692,57,116.0,1471.0,57.0,1.0,15.83,83.5,-1.0,14.1,14.5
504.756,57,116.0,1471.0,57.0,1.0,15.83,83.5,-1.0,14.1,14.5
504.841,57,116.0,1471.0,57.0,1.0,15.83,83.5,-1.0,14.1,14.5
504.903,57,116.0,1471.0,57.0,1.0,15.97,83.5,-1.0,14.1,14.5
504.99,57,116.0,1471.0,57.0,1.0,15.97,83.5,-1.0,14.1,14.5
505.081,57,116.0,1471.0,57.0,1.0,15.97,83.5,0.0,14.1,14.5
505.142,57,116.0,1471.0,57.0,1.0,15.97,83.5,0.0,14.1,14.5
505.23,57,116.0,1471.0,57.0,1.0,15.97,83.5,0.0,14.1,14.5
505.292,57,116.0,1471.0,57.0,1.0,15.97,83.5,0.0,14.1,14.5
505.38,57,117.0,1471.0,57.0,1.0,15.97,83.5,0.0,14.1,14.5
505.442,57,117.0,1471.0,57.0,1.0,15.97,83.5,0.0,14.1,14.5
505.531,57,117.0,1471.0,57.0,1.0,15.97,83.5,0.0,14.1,14.5
505.592,57,117.0,1471.0,57.0,1.0,15.97,83.5,0.0,14.1,14.5
505.68,57,117.0,1471.0,57.0,1.0,16.11,83.5,0.0,14.1,14.5
505.742,57,117.0,1471.0,57.0,1.0,16.11,83.5,0.0,14.1,14.5
505.83,57,117.0,1471.0,57.0,1.0,16.11,83.5,0.0,14.1,14.5
505.892,57,117.0,1471.0,57.0,1.0,16.11,83.5,0.0,14.1,14.5
505.98,57,117.0,1471.0,57.0,1.0,16.11,83.5,0.0,14.1,14.5
506.041,57,117.0,1471.0,57.0,1.0,16.11,83.5,0.0,14.1,14.5
506.13,57,117.0,1471.0,57.0,1.0,16.11,83.5,0.0,14.1,14.5
506.192,57,117.0,1470.0,57.0,1.0,16.11,83.5,0.0,14.1,14.5
506.28,57,117.0,1470.0,57.0,1.0,16.11,83.5,0.0,14.1,14.5
506.342,57,117.0,1470.0,57.0,1.0,16.11,83.5,0.0,14.1,14.5
506.43,57,117.0,1470.0,57.0,1.0,16.02,83.5,0.0,14.1,14.5
506.492,57,117.0,1470.0,57.0,1.0,16.02,83.5,0.0,14.1,14.5
506.58,57,117.0,1470.0,57.0,1.0,16.02,83.5,0.0,14.1,14.5
506.642,57,117.0,1470.0,57.0,1.0,16.02,83.5,0.0,14.1,14.5
506.73,57,117.0,1470.0,57.0,1.0,16.02,83.5,0.0,14.1,14.5
506.791,57,117.0,1470.0,57.0,1.0,16.02,83.5,0.0,14.1,14.5
506.88,57,117.0,1470.0,57.0,1.0,16.02,83.5,0.0,14.1,14.5
506.941,57,117.0,1473.0,57.0,1.0,16.02,83.5,0.0,14.1,14.5
507.03,57,117.0,1473.0,57.0,1.0,16.02,83.5,0.0,14.1,14.5
507.12,57,117.0,1473.0,57.0,1.0,16.02,83.5,0.0,14.1,14.5
507.21,57,117.0,1473.0,57.0,1.0,15.94,83.5,0.0,14.1,14.5
507.271,57,117.0,1473.0,57.0,1.0,15.94,83.5,0.0,14.1,14.5
507.332,57,117.0,1473.0,57.0,1.0,15.94,83.5,0.0,14.1,14.5
507.392,57,117.0,1473.0,57.0,1.0,15.94,83.5,0.0,14.1,14.5
507.481,57,117.0,1473.0,57.0,1.0,15.94,83.5,0.0,14.1,14.5
507.542,57,117.0,1473.0,57.0,1.0,15.94,83.5,0.0,14.1,14.5
507.631,57,116.0,1473.0,57.0,1.0,15.94,83.5,0.0,14.1,14.5
507.693,57,116.0,1471.0,57.0,1.0,15.94,83.5,0.0,14.1,14.5
507.781,57,116.0,1471.0,57.0,1.0,15.94,83.5,0.0,14.1,14.5
507.842,57,116.0,1471.0,57.0,1.0,15.94,83.5,0.0,14.1,14.5
507.93,57,116.0,1471.0,57.0,1.0,16.02,83.5,0.0,14.1,14.5
507.99,57,116.0,1471.0,57.0,1.0,16.02,83.5,0.0,14.1,14.5
508.08,57,116.0,1471.0,57.0,1.0,16.02,83.5,0.0,14.1,14.5
508.141,57,116.0,1471.0,57.0,1.0,16.02,83.5,0.0,14.1,14.5
508.23,57,116.0,1471.0,57.0,1.0,16.02,83.5,0.0,14.1,14.5
508.292,57,116.0,1471.0,57.0,1.0,16.02,83.5,0.0,14.1,14.5
508.38,57,117.0,1471.0,57.0,1.0,16.02,83.5,0.0,14.1,14.5
508.443,57,117.0,1470.0,57.0,1.0,16.02,83.5,0.0,14.1,14.5
508.53,57,117.0,1470.0,57.0,1.0,16.02,83.5,0.0,14.1,14.5
508.593,57,117.0,1470.0,57.0,1.0,16.02,83.5,0.0,14.1,14.5
508.68,57,117.0,1470.0,57.0,1.0,15.8,83.5,0.0,14.1,14.5
508.742,57,117.0,1470.0,57.0,1.0,15.8,83.5,0.0,14.1,14.5
508.83,57,117.0,1470.0,57.0,1.0,15.8,83.5,0.0,14.1,14.5
508.892,57,117.0,1470.0,57.0,1.0,15.8,83.5,0.0,14.1,14.5
508.98,57,117.0,1470.0,57.0,1.0,15.8,83.5,0.0,14.1,14.5
509.07,57,117.0,1470.0,57.0,1.0,15.8,83.5,0.0,14.1,14.5
509.16,57,117.0,1470.0,57.0,1.0,15.8,83.5,0.0,14.1,14.5
509.25,57,117.0,1470.0,57.0,1.0,15.8,83.5,0.0,14.1,14.5
509.34,57,117.0,1470.0,57.0,1.0,15.8,83.5,0.0,14.1,14.5
509.43,57,117.0,1470.0,57.0,1.0,15.8,83.5,0.0,14.1,14.5
509.521,57,117.0,1470.0,57.0,1.0,16.02,83.5,0.0,14.1,14.5
509.611,57,117.0,1470.0,57.0,1.0,16.02,83.5,0.0,14.1,14.5
509.702,57,117.0,1470.0,57.0,1.0,16.02,83.5,0.0,14.1,14.5
509.79,57,117.0,1470.0,57.0,1.0,16.02,83.5,0.0,14.1,14.5
509.881,57,117.0,1470.0,57.0,1.0,16.02,83.5,0.0,14.1,14.5
509.97,57,117.0,1470.0,57.0,1.0,16.02,83.5,0.0,14.1,14.5
510.061,57,117.0,1470.0,57.0,1.0,16.02,83.5,0.0,14.1,14.5
510.151,57,117.0,1475.0,57.0,1.0,16.02,83.5,0.0,14.1,14.5
510.241,57,117.0,1475.0,57.0,1.0,16.02,83.5,0.0,14.1,14.5
510.33,57,117.0,1475.0,57.0,1.0,16.02,83.5,0.0,14.1,14.5
510.421,57,117.0,1475.0,57.0,1.0,16.02,83.5,0.0,14.1,14.5
510.511,57,117.0,1475.0,57.0,1.0,16.02,83.5,0.0,14.1,14.5
510.601,57,117.0,1475.0,57.0,1.0,16.02,83.5,0.0,14.1,14.5
510.69,57,117.0,1475.0,57.0,1.0,16.02,83.5,0.0,14.5,14.5
510.781,57,117.0,1475.0,57.0,1.0,16.02,83.5,0.0,14.5,14.5
510.87,58,117.0,1475.0,57.0,1.0,16.02,83.5,0.0,14.5,14.5
510.96,58,116.0,1475.0,57.0,1.0,16.02,83.5,0.0,14.5,14.5
511.05,58,116.0,1477.0,57.0,1.0,16.02,83.5,0.0,14.5,14.5
511.14,58,116.0,1477.0,57.0,1.0,16.02,83.5,0.0,14.5,14.5
511.23,58,116.0,1477.0,57.0,1.0,16.02,83.5,0.0,14.5,14.5
511.321,58,116.0,1477.0,57.0,1.0,16.02,83.5,0.0,14.5,14.5
511.411,58,116.0,1477.0,57.0,1.0,16.02,83.5,0.0,14.5,14.5
511.501,58,116.0,1477.0,57.0,1.0,16.02,83.5,0.0,14.5,14.5
511.59,58,116.0,1477.0,57.0,1.0,16.02,83.5,0.0,14.1,14.5
511.68,58,116.0,1477.0,57.0,1.0,16.02,83.5,0.0,14.1,14.5
511.77,58,116.0,1477.0,57.0,1.0,16.02,83.5,0.0,14.1,14.5
511.86,58,116.0,1477.0,57.0,1.0,16.02,83.5,0.0,14.1,14.5
511.949,58,116.0,1474.0,57.0,1.0,16.02,83.5,0.0,14.1,14.5
512.04,58,116.0,1474.0,57.0,1.0,16.02,83.5,0.0,14.1,14.5
512.16,58,116.0,1474.0,57.0,1.0,16.02,83.5,0.0,14.1,14.5
512.25,58,116.0,1474.0,57.0,1.0,15.77,83.5,0.0,14.1,14.5
512.34,58,116.0,1474.0,57.0,1.0,15.77,83.5,0.0,14.1,14.5
512.431,58,116.0,1474.0,57.0,1.0,15.77,83.5,0.0,14.1,14.5
512.521,58,116.0,1474.0,57.0,1.0,15.77,83.5,0.0,14.1,14.5
512.61,58,116.0,1474.0,57.0,1.0,15.77,83.5,0.0,14.1,14.5
512.7,58,116.0,1474.0,57.0,1.0,15.77,83.5,0.0,14.1,14.5
512.79,58,116.0,1474.0,57.0,1.0,15.77,83.5,0.0,14.1,14.5
512.881,58,116.0,1477.0,57.0,1.0,15.77,83.5,0.0,14.1,14.5
512.969,58,116.0,1477.0,57.0,1.0,15.77,83.5,0.0,14.1,14.5
513.09,58,116.0,1477.0,57.0,1.0,15.77,83.5,0.0,14.1,14.5
513.181,58,116.0,1477.0,57.0,1.0,15.99,83.5,0.0,14.1,14.5
513.3,58,116.0,1477.0,57.0,1.0,15.99,83.5,0.0,14.1,14.5
513.39,58,116.0,1477.0,57.0,1.0,15.99,83.5,0.0,14.1,14.5
513.48,58,116.0,1477.0,57.0,1.0,15.99,83.5,0.0,14.1,14.5
513.57,58,116.0,1477.0,57.0,1.0,15.99,83.5,0.0,14.1,14.5
513.66,58,116.0,1477.0,57.0,1.0,15.99,83.5,0.0,14.1,14.5
513.75,58,116.0,1477.0,57.0,1.0,15.99,83.5,0.0,14.1,14.5
513.84,58,116.0,1479.0,57.0,1.0,15.99,83.5,0.0,14.1,14.5
513.93,58,116.0,1479.0,58.0,1.0,15.99,83.5,0.0,14.1,14.5
514.019,58,116.0,1479.0,58.0,1.0,15.99,83.5,0.0,14.1,14.5
514.11,58,116.0,1479.0,58.0,1.0,15.8,83.5,0.0,14.1,14.5
514.2,58,116.0,1479.0,58.0,1.0,15.8,83.5,0.0,14.1,14.5
514.29,58,116.0,1479.0,58.0,1.0,15.8,83.5,0.0,14.1,14.5
514.38,58,116.0,1479.0,58.0,1.0,15.8,83.5,0.0,14.1,14.5
514.47,58,116.0,1479.0,58.0,1.0,15.8,83.5,0.0,14.1,14.5
514.56,58,116.0,1479.0,58.0,1.0,15.8,83.5,0.0,14.1,14.5
514.651,58,116.0,1479.0,58.0,1.0,15.8,83.5,0.0,14.1,14.5
514.741,58,116.0,1479.0,58.0,1.0,15.8,83.5,0.0,14.1,14.5
514.833,58,116.0,1479.0,57.0,1.0,15.8,83.5,0.0,14.1,14.5
514.921,58,116.0,1479.0,57.0,1.0,15.8,83.5,0.0,14.1,14.5
515.01,58,116.0,1479.0,57.0,1.0,15.88,83.5,0.0,14.1,14.5
515.1,58,116.0,1479.0,57.0,1.0,15.88,83.5,0.0,14.1,14.5
515.191,58,116.0,1479.0,57.0,1.0,15.88,83.5,0.0,14.1,14.5
515.28,58,116.0,1479.0,57.0,1.0,15.88,83.5,0.0,14.1,14.5
515.372,58,116.0,1479.0,57.0,1.0,15.88,83.5,0.0,14.1,14.5
515.46,58,116.0,1479.0,57.0,1.0,15.88,83.5,0.0,14.1,14.5
515.551,58,115.0,1479.0,57.0,1.0,15.88,83.5,0.0,14.1,14.5
515.64,58,115.0,1478.0,57.0,1.0,15.88,83.5,0.0,14.1,14.5
515.731,58,115.0,1478.0,57.0,1.0,15.88,83.5,0.0,14.1,14.5
515.82,58,115.0,1478.0,57.0,1.0,15.88,83.5,0.0,14.1,14.5
515.91,58,115.0,1478.0,57.0,1.0,15.83,83.5,0.0,14.1,14.5
516.0,58,115.0,1478.0,57.0,1.0,15.83,83.5,0.0,14.1,14.5
516.091,58,115.0,1478.0,57.0,1.0,15.83,83.5,0.0,14.1,14.5
516.18,58,115.0,1478.0,57.0,1.0,15.83,83.5,0.0,14.1,14.5
516.271,58,115.0,1478.0,57.0,1.0,15.83,83.5,0.0,14.1,14.5
516.36,58,115.0,1478.0,57.0,1.0,15.83,83.5,0.0,14.1,14.5
516.451,58,115.0,1478.0,57.0,1.0,15.83,83.5,0.0,14.1,14.5
516.541,58,115.0,1480.0,57.0,1.0,15.83,83.5,0.0,14.1,14.5
516.631,58,115.0,1480.0,58.0,1.0,15.83,83.5,0.0,14.1,14.5
516.72,58,115.0,1480.0,58.0,1.0,15.83,83.5,0.0,14.1,14.5
516.811,58,115.0,1480.0,58.0,1.0,15.77,83.5,0.0,14.1,14.5
516.9,58,115.0,1480.0,58.0,1.0,15.77,83.5,0.0,14.1,14.5
516.99,58,115.0,1480.0,58.0,1.0,15.77,83.5,0.0,14.1,14.5
517.08,58,115.0,1480.0,58.0,1.0,15.77,83.5,0.0,14.1,14.5
517.171,58,115.0,1480.0,58.0,1.0,15.77,83.5,0.0,14.1,14.5
517.26,58,115.0,1480.0,58.0,1.0,15.77,83.5,0.0,14.1,14.5
517.351,58,115.0,1480.0,58.0,1.0,15.77,83.5,0.0,14.1,14.5
517.441,58,115.0,1477.0,58.0,1.0,15.77,83.5,0.0,14.1,14.5
517.532,58,115.0,1477.0,58.0,1.0,15.77,83.5,0.0,14.1,14.5
517.621,58,115.0,1477.0,58.0,1.0,15.77,83.5,0.0,14.1,14.5
517.713,58,115.0,1477.0,58.0,1.0,15.61,83.5,0.0,14.1,14.5
517.8,58,115.0,1477.0,58.0,1.0,15.61,83.5,0.0,14.1,14.5
517.891,58,115.0,1477.0,58.0,1.0,15.61,83.5,0.0,14.1,14.5
517.98,58,115.0,1477.0,58.0,1.0,15.61,83.5,0.0,14.1,14.5
518.1,58,115.0,1477.0,58.0,1.0,15.61,83.5,0.0,14.1,14.5
518.19,58,115.0,1477.0,58.0,1.0,15.61,83.5,0.0,14.1,14.5
518.28,58,115.0,1477.0,58.0,1.0,15.61,83.5,0.0,14.1,14.5
518.371,58,115.0,1477.0,58.0,1.0,15.61,83.5,0.0,14.1,14.5
518.46,58,115.0,1477.0,57.0,1.0,15.61,83.5,0.0,14.1,14.5
518.551,58,115.0,1477.0,57.0,1.0,15.61,83.5,0.0,14.1,14.5
518.64,58,115.0,1477.0,57.0,1.0,15.38,83.5,0.0,14.1,14.5
518.73,58,115.0,1477.0,57.0,1.0,15.38,83.5,0.0,14.1,14.5
518.82,58,115.0,1477.0,57.0,1.0,15.38,83.5,0.0,14.1,14.5
518.911,58,115.0,1477.0,57.0,1.0,15.38,83.5,0.0,14.5,14.5
518.999,58,115.0,1477.0,57.0,1.0,15.38,83.5,0.0,14.5,14.5
519.091,58,115.0,1477.0,57.0,1.0,15.38,83.5,0.0,14.5,14.5
519.18,58,115.0,1477.0,57.0,1.0,15.38,83.5,0.0,14.5,14.5
519.271,58,115.0,1467.0,57.0,1.0,15.38,83.5,0.0,14.5,14.5
519.36,58,115.0,1467.0,57.0,1.0,15.38,83.5,0.0,14.5,14.5
519.451,58,115.0,1467.0,57.0,1.0,15.38,83.5,0.0,14.5,14.5
519.54,58,115.0,1467.0,57.0,1.0,15.99,83.5,0.0,14.5,14.5
519.631,58,115.0,1467.0,57.0,1.0,15.99,83.5,0.0,14.5,14.5
519.72,58,115.0,1467.0,57.0,1.0,15.99,83.5,0.0,14.5,14.5
519.812,58,115.0,1467.0,57.0,1.0,15.99,83.5,0.0,14.1,14.5
519.9,58,115.0,1467.0,57.0,1.0,15.99,83.5,0.0,14.1,14.5
519.989,58,115.0,1467.0,57.0,1.0,15.99,83.5,0.0,14.1,14.5
520.08,58,116.0,1467.0,57.0,1.0,15.99,83.5,0.0,14.1,14.5
520.172,58,116.0,1476.0,57.0,1.0,15.99,83.5,0.0,14.1,14.5
520.261,58,116.0,1476.0,57.0,1.0,15.99,83.5,0.0,14.1,14.5
520.351,58,116.0,1476.0,57.0,1.0,15.99,83.5,0.0,14.1,14.5
520.44,58,116.0,1476.0,57.0,1.0,15.69,83.5,0.0,14.1,14.5
520.532,58,116.0,1476.0,57.0,1.0,15.69,83.5,0.0,14.1,14.5
520.62,58,116.0,1476.0,57.0,1.0,15.69,83.5,0.0,14.1,14.5
520.712,58,116.0,1476.0,57.0,1.0,15.69,83.5,0.0,14.1,14.5
520.8,58,116.0,1476.0,57.0,1.0,15.69,83.5,0.0,14.1,14.5
520.892,58,116.0,1476.0,57.0,1.0,15.69,83.5,0.0,14.1,14.5
520.98,58,116.0,1476.0,57.0,1.0,15.69,83.5,0.0,14.1,14.5
521.071,58,116.0,1475.0,57.0,1.0,15.69,83.5,0.0,14.1,14.5
521.191,58,116.0,1475.0,57.0,1.0,15.69,83.5,0.0,14.1,14.5
521.28,58,116.0,1475.0,57.0,1.0,15.69,83.5,0.0,14.1,14.5
521.372,58,116.0,1475.0,57.0,1.0,15.3,83.5,0.0,14.1,14.5
521.46,58,116.0,1475.0,57.0,1.0,15.3,83.5,0.0,14.1,14.5
521.551,58,116.0,1475.0,57.0,1.0,15.3,83.5,0.0,14.1,14.5
521.64,58,116.0,1475.0,57.0,1.0,15.3,83.5,0.0,14.1,14.5
521.732,58,116.0,1475.0,57.0,1.0,15.3,83.5,0.0,14.1,14.5
521.821,59,116.0,1475.0,57.0,1.0,15.3,83.5,0.0,14.1,14.5
521.911,59,116.0,1475.0,57.0,1.0,15.3,83.5,0.0,14.1,14.5
521.999,59,116.0,1476.0,57.0,1.0,15.3,83.5,0.0,14.1,14.5
522.091,59,116.0,1476.0,57.0,1.0,15.3,83.5,0.0,14.1,14.5
522.18,59,116.0,1476.0,57.0,1.0,15.3,83.5,0.0,14.1,14.5
522.271,59,116.0,1476.0,57.0,1.0,15.69,83.5,0.0,14.1,14.5
522.362,59,116.0,1476.0,57.0,1.0,15.69,83.5,0.0,14.1,14.5
522.451,59,116.0,1476.0,57.0,1.0,15.69,83.5,0.0,14.1,14.5
522.54,59,116.0,1476.0,57.0,1.0,15.69,83.5,0.0,14.5,14.5
522.631,59,116.0,1476.0,57.0,1.0,15.69,83.5,0.0,14.5,14.5
522.72,59,116.0,1476.0,57.0,1.0,15.69,83.5,0.0,14.5,14.5
522.811,59,115.0,1476.0,57.0,1.0,15.69,83.5,0.0,14.5,14.5
522.901,59,115.0,1486.0,57.0,1.0,15.69,83.5,0.0,14.5,14.5
522.99,59,115.0,1486.0,58.0,1.0,15.69,83.5,0.0,14.5,14.5
523.112,59,115.0,1486.0,58.0,1.0,15.69,83.5,0.0,14.5,14.5
523.202,59,115.0,1486.0,58.0,1.0,15.61,83.5,0.0,14.5,14.5
523.292,59,115.0,1486.0,58.0,1.0,15.61,83.5,0.0,14.5,14.5
523.38,59,115.0,1486.0,58.0,1.0,15.61,83.5,0.0,14.5,14.5
523.471,59,115.0,1486.0,58.0,1.0,15.61,83.5,0.0,14.1,14.5
523.561,59,115.0,1486.0,58.0,1.0,15.61,83.5,0.0,14.1,14.5
523.651,59,115.0,1486.0,58.0,1.0,15.61,83.5,0.0,14.1,14.5
523.741,59,115.0,1486.0,58.0,1.0,15.61,83.5,0.0,14.1,14.5
523.831,59,115.0,1485.0,58.0,1.0,15.61,83.5,0.0,14.1,14.5
523.92,59,115.0,1485.0,58.0,1.0,15.61,83.5,0.0,14.1,14.5
524.01,59,115.0,1485.0,58.0,1.0,15.61,83.5,0.0,14.1,14.5
524.1,59,115.0,1485.0,58.0,1.0,15.61,83.5,0.0,14.1,14.5
524.19,59,115.0,1485.0,58.0,1.0,15.61,83.5,0.0,14.1,14.5
524.28,59,115.0,1485.0,58.0,1.0,15.61,83.5,0.0,14.1,14.5
524.371,59,115.0,1485.0,58.0,1.0,15.61,83.5,0.0,14.1,14.5
524.46,59,115.0,1485.0,58.0,1.0,15.61,83.5,0.0,14.1,14.5
524.55,59,115.0,1485.0,58.0,1.0,15.61,83.5,0.0,14.1,14.5
524.64,59,114.0,1485.0,58.0,1.0,15.61,83.5,0.0,14.1,14.5
524.731,59,114.0,1483.0,58.0,1.0,15.61,83.5,0.0,14.1,14.5
524.82,59,114.0,1483.0,58.0,1.0,15.61,83.5,0.0,14.1,14.5
524.911,59,114.0,1483.0,58.0,1.0,15.61,83.5,0.0,14.1,14.5
525.0,59,114.0,1483.0,58.0,1.0,15.24,83.5,0.0,14.1,14.5
525.09,59,114.0,1483.0,58.0,1.0,15.24,83.5,0.0,14.1,14.5
525.18,59,114.0,1483.0,58.0,1.0,15.24,83.5,0.0,14.1,14.5
525.27,59,114.0,1483.0,58.0,1.0,15.24,83.5,0.0,14.1,14.5
525.36,59,114.0,1483.0,58.0,1.0,15.24,83.5,0.0,14.1,14.5
525.452,59,114.0,1483.0,58.0,1.0,15.24,83.5,0.0,14.1,14.5
525.54,59,113.0,1483.0,58.0,1.0,15.24,83.5,0.0,14.1,14.5
525.631,59,113.0,1483.0,58.0,1.0,15.24,83.5,0.0,14.1,14.5
525.721,59,113.0,1483.0,58.0,1.0,15.24,83.5,0.0,14.1,14.5
525.811,59,113.0,1483.0,58.0,1.0,15.24,83.5,0.0,14.1,14.5
525.932,59,113.0,1483.0,58.0,1.0,15.24,83.5,0.0,14.1,14.5
526.02,59,113.0,1483.0,58.0,1.0,15.24,83.5,0.0,14.1,14.5
526.11,59,113.0,1483.0,58.0,1.0,15.24,83.5,0.0,14.1,14.5
526.2,59,113.0,1483.0,58.0,1.0,15.24,83.5,0.0,14.1,14.5
526.29,59,113.0,1483.0,58.0,1.0,15.24,83.5,0.0,14.1,14.5
526.38,59,113.0,1483.0,58.0,1.0,15.24,83.5,0.0,14.1,14.5
526.472,59,113.0,1483.0,58.0,1.0,15.24,83.5,0.0,14.1,14.5
526.561,59,113.0,1481.0,58.0,1.0,15.24,83.5,0.0,14.1,14.5
526.651,59,113.0,1481.0,58.0,1.0,15.24,83.5,0.0,14.1,14.5
526.74,59,113.0,1481.0,58.0,1.0,15.24,83.5,0.0,14.1,14.5
526.831,59,113.0,1481.0,58.0,1.0,15.3,83.5,0.0,14.1,14.5
526.922,59,113.0,1481.0,58.0,1.0,15.3,83.5,0.0,14.1,14.5
527.01,59,113.0,1481.0,58.0,1.0,15.3,83.5,0.0,14.1,14.5
527.1,59,113.0,1481.0,58.0,1.0,15.3,83.5,0.0,14.1,14.5
527.19,59,113.0,1481.0,58.0,1.0,15.3,83.5,0.0,14.1,14.5
527.28,59,113.0,1481.0,58.0,1.0,15.3,83.5,0.0,14.1,14.5
527.371,59,113.0,1481.0,58.0,1.0,15.3,83.5,0.0,14.1,14.5
527.46,59,113.0,1485.0,58.0,1.0,15.3,83.5,0.0,14.1,14.5
527.55,59,113.0,1485.0,58.0,1.0,15.3,83.5,0.0,14.1,14.5
527.64,59,113.0,1485.0,58.0,1.0,15.3,83.5,0.0,14.1,14.5
527.73,59,113.0,1485.0,58.0,1.0,15.41,83.5,0.0,14.1,14.5
527.82,59,113.0,1485.0,58.0,1.0,15.41,83.5,0.0,14.1,14.5
527.911,59,113.0,1485.0,58.0,1.0,15.41,83.5,0.0,14.1,14.5
527.999,59,113.0,1485.0,58.0,1.0,15.41,83.5,0.0,14.1,14.5
528.12,59,113.0,1485.0,58.0,1.0,15.41,83.5,0.0,14.1,14.5
528.21,59,113.0,1485.0,58.0,1.0,15.41,83.5,0.0,14.1,14.5
528.301,59,113.0,1485.0,58.0,1.0,15.41,83.5,0.0,14.1,14.5
528.391,59,113.0,1480.0,58.0,1.0,15.41,83.5,0.0,14.1,14.5
528.481,59,113.0,1480.0,58.0,1.0,15.41,83.5,0.0,14.1,14.5
528.57,59,113.0,1480.0,58.0,1.0,15.41,83.5,0.0,14.1,14.5
528.66,59,113.0,1480.0,58.0,1.0,15.16,83.5,0.0,14.1,14.5
528.75,59,113.0,1480.0,58.0,1.0,15.16,83.5,0.0,14.1,14.5
528.84,59,113.0,1480.0,58.0,1.0,15.16,83.5,0.0,14.1,14.5
528.93,59,113.0,1480.0,58.0,1.0,15.16,83.5,0.0,14.1,14.5
529.02,59,113.0,1480.0,58.0,1.0,15.16,83.5,0.0,14.1,14.5
529.11,59,113.0,1480.0,58.0,1.0,15.16,83.5,0.0,14.1,14.5
529.202,59,113.0,1480.0,58.0,1.0,15.16,83.5,0.0,14.1,14.5
529.291,59,113.0,1484.0,58.0,1.0,15.16,83.5,0.0,14.1,14.5
529.38,59,113.0,1484.0,58.0,1.0,15.16,83.5,0.0,14.1,14.5
529.47,59,113.0,1484.0,58.0,1.0,15.16,83.5,0.0,14.1,14.5
529.56,59,113.0,1484.0,58.0,1.0,15.05,83.5,0.0,14.1,14.5
529.65,59,113.0,1484.0,58.0,1.0,15.05,83.5,0.0,14.1,14.5
529.74,59,113.0,1484.0,58.0,1.0,15.05,83.5,0.0,14.1,14.5
529.83,59,113.0,1484.0,58.0,1.0,15.05,83.5,0.0,14.1,14.5
529.92,59,113.0,1484.0,58.0,1.0,15.05,83.5,0.0,14.1,14.5
530.011,59,113.0,1484.0,58.0,1.0,15.05,83.5,0.0,14.1,14.5
530.13,59,113.0,1484.0,58.0,1.0,15.05,83.5,0.0,14.1,14.5
530.22,59,113.0,1479.0,58.0,1.0,15.05,83.5,0.0,14.1,14.5
530.311,59,113.0,1479.0,58.0,1.0,15.05,83.5,0.0,14.1,14.5
530.399,59,113.0,1479.0,58.0,1.0,15.05,83.5,0.0,14.1,14.5
530.49,59,113.0,1479.0,58.0,1.0,15.11,83.5,0.0,14.1,14.5
530.58,59,113.0,1479.0,58.0,1.0,15.11,83.5,0.0,14.1,14.5
530.671,59,113.0,1479.0,58.0,1.0,15.11,83.5,0.0,14.1,14.5
530.76,59,113.0,1479.0,58.0,1.0,15.11,83.5,0.0,14.1,14.5
530.85,59,113.0,1479.0,58.0,1.0,15.11,83.5,0.0,14.1,14.5
530.94,59,113.0,1479.0,58.0,1.0,15.11,83.5,0.0,14.1,14.5
531.03,59,113.0,1479.0,58.0,1.0,15.11,83.5,0.0,14.1,14.5
531.12,59,113.0,1481.0,58.0,1.0,15.11,83.5,0.0,14.1,14.5
531.211,59,113.0,1481.0,58.0,1.0,15.11,83.5,0.0,14.1,14.5
531.3,59,113.0,1481.0,58.0,1.0,15.11,83.5,0.0,14.1,14.5
531.39,59,113.0,1481.0,58.0,1.0,15.36,83.5,0.0,14.1,14.5
531.48,59,113.0,1481.0,58.0,1.0,15.36,83.5,0.0,14.1,14.5
531.57,59,113.0,1481.0,58.0,1.0,15.36,83.5,0.0,14.1,14.5
531.66,59,113.0,1481.0,58.0,1.0,15.36,83.5,0.0,14.1,14.5
531.75,59,113.0,1481.0,58.0,1.0,15.36,83.5,0.0,14.1,14.5
531.84,59,113.0,1481.0,58.0,1.0,15.36,83.5,0.0,14.1,14.5
531.93,59,113.0,1481.0,58.0,1.0,15.36,83.5,0.0,14.1,14.5
532.02,59,113.0,1480.0,58.0,1.0,15.36,83.5,0.0,14.1,14.5
532.11,59,113.0,1480.0,58.0,1.0,15.36,83.5,0.0,14.1,14.5
532.2,59,113.0,1480.0,58.0,1.0,15.36,83.5,0.0,14.1,14.5
532.291,59,113.0,1480.0,58.0,1.0,15.22,83.5,0.0,14.1,14.5
532.381,59,113.0,1480.0,58.0,1.0,15.22,83.5,0.0,14.1,14.5
532.47,59,113.0,1480.0,58.0,1.0,15.22,83.5,0.0,14.1,14.5
532.56,59,113.0,1480.0,58.0,1.0,15.22,83.5,0.0,14.1,14.5
532.65,59,113.0,1480.0,58.0,1.0,15.22,83.5,0.0,14.1,14.5
532.74,59,113.0,1480.0,58.0,1.0,15.22,83.5,0.0,14.1,14.5
532.83,59,113.0,1480.0,58.0,1.0,15.22,83.5,0.0,14.1,14.5
532.921,59,113.0,1481.0,58.0,1.0,15.22,83.5,0.0,14.1,14.5
533.07,59,113.0,1481.0,58.0,1.0,15.22,83.5,0.0,14.1,14.5
533.161,59,113.0,1481.0,58.0,1.0,15.22,83.5,0.0,14.1,14.5
533.25,59,113.0,1481.0,58.0,1.0,15.16,83.5,0.0,14.1,14.5
533.34,59,113.0,1481.0,58.0,1.0,15.16,83.5,0.0,14.1,14.5
533.429,59,113.0,1481.0,58.0,1.0,15.16,83.5,0.0,14.1,14.5
533.52,59,113.0,1481.0,58.0,1.0,15.16,83.5,0.0,14.1,14.5
533.61,59,113.0,1481.0,58.0,1.0,15.16,83.5,0.0,14.1,14.5
533.7,59,113.0,1481.0,58.0,1.0,15.16,83.5,0.0,14.1,14.5
533.79,59,113.0,1481.0,58.0,1.0,15.16,83.5,0.0,14.1,14.5
533.88,59,113.0,1479.0,58.0,1.0,15.16,83.5,0.0,14.1,14.5
533.972,59,113.0,1479.0,57.0,1.0,15.16,83.5,0.0,14.1,14.5
534.09,59,113.0,1479.0,57.0,1.0,15.16,83.5,0.0,14.1,14.5
534.18,59,113.0,1479.0,57.0,1.0,15.16,83.5,0.0,14.1,14.5
534.27,59,113.0,1479.0,57.0,1.0,15.16,83.5,0.0,14.1,14.5
534.36,59,113.0,1479.0,57.0,1.0,15.16,83.5,0.0,14.1,14.5
534.45,59,113.0,1479.0,57.0,1.0,15.16,83.5,0.0,14.1,14.5
534.54,59,113.0,1479.0,57.0,1.0,15.16,83.5,0.0,14.1,14.5
534.63,59,113.0,1479.0,57.0,1.0,15.16,83.5,0.0,14.1,14.5
534.72,59,113.0,1479.0,57.0,1.0,15.16,83.5,0.0,14.1,14.5
534.811,59,113.0,1479.0,57.0,1.0,15.16,83.5,0.0,14.1,14.5
534.9,59,113.0,1479.0,58.0,1.0,15.16,83.5,0.0,14.1,14.5
534.989,59,113.0,1479.0,58.0,1.0,15.16,83.5,0.0,14.1,14.5
535.08,59,113.0,1479.0,58.0,1.0,15.11,83.5,0.0,14.1,14.5
535.17,59,113.0,1479.0,58.0,1.0,15.11,83.5,0.0,14.1,14.5
535.261,59,113.0,1479.0,58.0,1.0,15.11,83.5,0.0,14.1,14.5
535.35,59,113.0,1479.0,58.0,1.0,15.11,83.5,0.0,14.1,14.5
535.44,59,113.0,1479.0,58.0,1.0,15.11,83.5,0.0,14.1,14.5
535.53,59,113.0,1479.0,58.0,1.0,15.11,83.5,0.0,14.1,14.5
535.62,59,113.0,1479.0,58.0,1.0,15.11,83.5,0.0,14.1,14.5
535.71,59,113.0,1483.0,58.0,1.0,15.11,83.5,0.0,14.1,14.5
535.8,59,113.0,1483.0,58.0,1.0,15.11,83.5,0.0,14.1,14.5
535.89,59,113.0,1483.0,58.0,1.0,15.11,83.5,0.0,14.1,14.5
535.98,59,113.0,1483.0,58.0,1.0,15.13,83.5,0.0,14.1,14.5
536.071,59,113.0,1483.0,58.0,1.0,15.13,83.5,0.0,14.1,14.5
536.161,59,113.0,1483.0,58.0,1.0,15.13,83.5,0.0,14.1,14.5
536.25,59,113.0,1483.0,58.0,1.0,15.13,83.5,0.0,14.5,14.5
536.34,59,113.0,1483.0,58.0,1.0,15.13,83.5,0.0,14.5,14.5
536.43,59,113.0,1483.0,58.0,1.0,15.13,83.5,0.0,14.5,14.5
536.52,59,112.0,1483.0,58.0,1.0,15.13,83.5,0.0,14.5,14.5
536.61,59,112.0,1480.0,58.0,1.0,15.13,83.5,0.0,14.5,14.5
536.7,59,112.0,1480.0,58.0,1.0,15.13,83.5,0.0,14.5,14.5
536.791,59,112.0,1480.0,58.0,1.0,15.13,83.5,0.0,14.5,14.5
536.881,59,112.0,1480.0,58.0,1.0,15.02,83.5,0.0,14.5,14.5
536.969,59,112.0,1480.0,58.0,1.0,15.02,83.5,0.0,14.5,14.5
537.06,59,112.0,1480.0,58.0,1.0,15.02,83.5,0.0,14.5,14.5
537.15,59,112.0,1480.0,58.0,1.0,15.02,83.5,0.0,14.1,14.5
537.24,59,112.0,1480.0,58.0,1.0,15.02,83.5,0.0,14.1,14.5
537.33,59,112.0,1480.0,58.0,1.0,15.02,83.5,0.0,14.1,14.5
537.42,59,112.0,1480.0,58.0,1.0,15.02,83.5,0.0,14.1,14.5
537.51,59,112.0,1482.0,58.0,1.0,15.02,83.5,0.0,14.1,14.5
537.6,59,112.0,1482.0,58.0,1.0,15.02,83.5,0.0,14.1,14.5
537.69,59,112.0,1482.0,58.0,1.0,15.02,83.5,0.0,14.1,14.5
537.78,59,112.0,1482.0,58.0,1.0,15.08,83.5,0.0,14.1,14.5
537.87,59,112.0,1482.0,58.0,1.0,15.08,83.5,0.0,14.1,14.5
537.96,59,112.0,1482.0,58.0,1.0,15.08,83.5,0.0,14.1,14.5
538.109,59,112.0,1482.0,58.0,1.0,15.08,83.5,0.0,14.1,14.5
538.199,59,112.0,1482.0,58.0,1.0,15.08,83.5,0.0,14.1,14.5
538.29,59,112.0,1482.0,58.0,1.0,15.08,83.5,0.0,14.1,14.5
538.38,59,112.0,1482.0,58.0,1.0,15.08,83.5,0.0,14.1,14.5
538.47,59,112.0,1480.0,58.0,1.0,15.08,83.5,0.0,14.1,14.5
538.56,59,112.0,1480.0,58.0,1.0,15.08,83.5,0.0,14.1,14.5
538.65,59,112.0,1480.0,58.0,1.0,15.08,83.5,0.0,14.1,14.5
538.74,59,112.0,1480.0,58.0,1.0,14.88,83.5,0.0,14.1,14.5
538.83,59,112.0,1480.0,58.0,1.0,14.88,83.5,0.0,14.1,14.5
538.921,59,112.0,1480.0,58.0,1.0,14.88,83.5,0.0,14.1,14.5
539.01,59,112.0,1480.0,58.0,1.0,14.88,83.5,0.0,14.5,14.5
539.101,59,112.0,1480.0,58.0,1.0,14.88,83.5,0.0,14.5,14.5
539.19,59,112.0,1480.0,58.0,1.0,14.88,83.5,0.0,14.5,14.5
539.28,59,112.0,1480.0,58.0,1.0,14.88,83.5,0.0,14.5,14.5
539.371,59,112.0,1481.0,58.0,1.0,14.88,83.5,0.0,14.5,14.5
539.46,59,112.0,1481.0,57.0,1.0,14.88,83.5,0.0,14.5,14.5
539.55,59,112.0,1481.0,57.0,1.0,14.88,83.5,0.0,14.5,14.5
539.64,59,112.0,1481.0,57.0,1.0,14.94,83.5,0.0,14.5,14.5
539.73,59,112.0,1481.0,57.0,1.0,14.94,83.5,0.0,14.5,14.5
539.82,59,112.0,1481.0,57.0,1.0,14.94,83.5,0.0,14.5,14.5
539.911,59,112.0,1481.0,57.0,1.0,14.94,83.5,0.0,14.5,14.5
540.0,59,112.0,1481.0,57.0,1.0,14.94,83.5,0.0,14.5,14.5
540.09,59,112.0,1481.0,57.0,1.0,14.94,83.5,0.0,14.5,14.5
540.18,59,112.0,1481.0,57.0,1.0,14.94,83.5,0.0,14.5,14.5
540.27,59,112.0,1478.0,57.0,1.0,14.94,83.5,0.0,14.5,14.5
540.36,59,112.0,1478.0,58.0,1.0,14.94,83.5,0.0,14.5,14.5
540.45,59,112.0,1478.0,58.0,1.0,14.94,83.5,0.0,14.5,14.5
540.54,59,112.0,1478.0,58.0,1.0,15.05,83.5,0.0,14.5,14.5
540.63,59,112.0,1478.0,58.0,1.0,15.05,83.5,0.0,14.5,14.5
540.72,59,112.0,1478.0,58.0,1.0,15.05,83.5,0.0,14.5,14.5
540.811,59,112.0,1478.0,58.0,1.0,15.05,83.5,0.0,14.1,14.5
540.9,59,112.0,1478.0,58.0,1.0,15.05,83.5,0.0,14.1,14.5
540.989,59,112.0,1478.0,58.0,1.0,15.05,83.5,0.0,14.1,14.5
541.079,59,112.0,1478.0,58.0,1.0,15.05,83.5,0.0,14.1,14.5
541.171,59,112.0,1476.0,58.0,1.0,15.05,83.5,0.0,14.1,14.5
541.26,59,112.0,1476.0,58.0,1.0,15.05,83.5,0.0,14.1,14.5
541.351,59,112.0,1476.0,58.0,1.0,15.05,83.5,0.0,14.1,14.5
541.44,59,112.0,1476.0,58.0,1.0,14.86,83.5,0.0,14.1,14.5
541.53,59,112.0,1476.0,58.0,1.0,14.86,83.5,0.0,14.1,14.5
541.62,59,112.0,1476.0,58.0,1.0,14.86,83.5,0.0,14.1,14.5
541.71,59,112.0,1476.0,58.0,1.0,14.86,83.5,0.0,14.1,14.5
541.8,59,112.0,1476.0,58.0,1.0,14.86,83.5,0.0,14.1,14.5
541.89,59,112.0,1476.0,58.0,1.0,14.86,83.5,0.0,14.1,14.5
541.98,59,112.0,1476.0,58.0,1.0,14.86,83.5,0.0,14.1,14.5
542.07,59,112.0,1477.0,58.0,1.0,14.86,83.5,0.0,14.1,14.5
542.16,59,112.0,1477.0,57.0,1.0,14.86,83.5,0.0,14.1,14.5
542.25,59,112.0,1477.0,57.0,1.0,14.86,83.5,0.0,14.1,14.5
542.34,59,112.0,1477.0,57.0,1.0,15.08,83.5,0.0,14.1,14.5
542.43,59,112.0,1477.0,57.0,1.0,15.08,83.5,0.0,14.1,14.5
542.52,59,112.0,1477.0,57.0,1.0,15.08,83.5,0.0,14.1,14.5
542.61,59,112.0,1477.0,57.0,1.0,15.08,83.5,0.0,14.5,14.5
542.7,59,112.0,1477.0,57.0,1.0,15.08,83.5,0.0,14.5,14.5
542.79,59,112.0,1477.0,57.0,1.0,15.08,83.5,0.0,14.5,14.5
542.88,59,112.0,1477.0,57.0,1.0,15.08,83.5,0.0,14.5,14.5
542.97,59,112.0,1474.0,57.0,1.0,15.08,83.5,0.0,14.5,14.5
543.06,59,112.0,1474.0,57.0,1.0,15.08,83.5,0.0,14.5,14.5
543.15,59,112.0,1474.0,57.0,1.0,15.08,83.5,0.0,14.5,14.5
543.24,59,112.0,1474.0,57.0,1.0,15.16,83.5,0.0,14.5,14.5
543.33,59,112.0,1474.0,57.0,1.0,15.16,83.5,0.0,14.5,14.5
543.422,59,112.0,1474.0,57.0,1.0,15.16,83.5,0.0,14.5,14.5
543.511,59,112.0,1474.0,57.0,1.0,15.16,83.5,0.0,14.1,14.5
543.6,59,112.0,1474.0,57.0,1.0,15.16,83.5,0.0,14.1,14.5
543.69,59,112.0,1474.0,57.0,1.0,15.16,83.5,0.0,14.1,14.5
543.78,59,113.0,1474.0,57.0,1.0,15.16,83.5,0.0,14.1,14.5
543.87,59,113.0,1477.0,57.0,1.0,15.16,83.5,0.0,14.1,14.5
543.96,59,113.0,1477.0,57.0,1.0,15.16,83.5,0.0,14.1,14.5
544.049,59,113.0,1477.0,57.0,1.0,15.16,83.5,0.0,14.1,14.5
544.14,59,113.0,1477.0,57.0,1.0,15.08,83.5,0.0,14.1,14.5
544.23,59,113.0,1477.0,57.0,1.0,15.08,83.5,0.0,14.1,14.5
544.32,59,113.0,1477.0,57.0,1.0,15.08,83.5,0.0,14.1,14.5
544.41,59,113.0,1477.0,57.0,1.0,15.08,83.5,0.0,14.1,14.5
544.5,59,113.0,1477.0,57.0,1.0,15.08,83.5,0.0,14.1,14.5
544.591,59,113.0,1477.0,57.0,1.0,15.08,83.5,0.0,14.1,14.5
544.68,59,113.0,1477.0,57.0,1.0,15.08,83.5,0.0,14.1,14.5
544.77,59,113.0,1474.0,57.0,1.0,15.08,83.5,0.0,14.1,14.5
544.86,59,113.0,1474.0,57.0,1.0,15.08,83.5,0.0,14.1,14.5
544.95,59,113.0,1474.0,57.0,1.0,15.08,83.5,0.0,14.1,14.5
545.04,59,113.0,1474.0,57.0,1.0,14.77,83.5,0.0,14.1,14.5
545.13,59,113.0,1474.0,57.0,1.0,14.77,83.5,0.0,14.1,14.5
545.22,59,113.0,1474.0,57.0,1.0,14.77,83.5,0.0,14.1,14.5
545.311,59,113.0,1474.0,57.0,1.0,14.77,83.5,0.0,14.1,14.5
545.4,59,113.0,1474.0,57.0,1.0,14.77,83.5,0.0,14.1,14.5
545.49,59,113.0,1474.0,57.0,1.0,14.77,83.5,0.0,14.1,14.5
545.581,59,113.0,1474.0,57.0,1.0,14.77,83.5,0.0,14.1,14.5
545.67,59,113.0,1477.0,57.0,1.0,14.77,83.5,0.0,14.1,14.5
545.76,59,113.0,1477.0,58.0,1.0,14.77,83.5,0.0,14.1,14.5
545.851,59,113.0,1477.0,58.0,1.0,14.77,83.5,0.0,14.1,14.5
545.939,59,113.0,1477.0,58.0,1.0,15.13,83.5,0.0,14.1,14.5
546.029,59,113.0,1477.0,58.0,1.0,15.13,83.5,0.0,14.1,14.5
546.121,59,113.0,1477.0,58.0,1.0,15.13,83.5,0.0,14.1,14.5
546.21,59,113.0,1477.0,58.0,1.0,15.13,83.5,0.0,14.5,14.5
546.33,59,113.0,1477.0,58.0,1.0,15.13,83.5,0.0,14.5,14.5
546.42,59,113.0,1477.0,58.0,1.0,15.13,83.5,0.0,14.5,14.5
546.51,59,113.0,1477.0,58.0,1.0,15.13,83.5,0.0,14.5,14.5
546.6,59,113.0,1476.0,58.0,1.0,15.13,83.5,0.0,14.5,14.5
546.69,59,113.0,1476.0,57.0,1.0,15.13,83.5,0.0,14.5,14.5
546.78,59,113.0,1476.0,57.0,1.0,15.13,83.5,0.0,14.5,14.5
546.87,59,113.0,1476.0,57.0,1.0,15.16,83.5,0.0,14.5,14.5
546.959,59,113.0,1476.0,57.0,1.0,15.16,83.5,0.0,14.5,14.5
547.051,59,113.0,1476.0,57.0,1.0,15.16,83.5,0.0,14.5,14.5
547.14,59,113.0,1476.0,57.0,1.0,15.16,83.5,0.0,14.1,14.5
547.23,59,113.0,1476.0,57.0,1.0,15.16,83.5,0.0,14.1,14.5
547.32,59,113.0,1476.0,57.0,1.0,15.16,83.5,0.0,14.1,14.5
547.41,59,113.0,1476.0,57.0,1.0,15.16,83.5,0.0,14.1,14.5
547.5,59,113.0,1482.0,57.0,1.0,15.16,83.5,0.0,14.1,14.5
547.59,59,113.0,1482.0,58.0,1.0,15.16,83.5,0.0,14.1,14.5
547.68,59,113.0,1482.0,58.0,1.0,15.16,83.5,0.0,14.1,14.5
547.77,59,113.0,1482.0,58.0,1.0,13.55,83.5,0.0,14.1,14.5
547.861,59,113.0,1482.0,58.0,1.0,13.55,83.5,0.0,14.1,14.5
547.95,59,113.0,1482.0,58.0,1.0,13.55,83.5,0.0,14.1,14.5
548.04,59,113.0,1482.0,58.0,1.0,13.55,83.5,0.0,14.1,14.5
548.13,59,113.0,1482.0,58.0,1.0,13.55,83.5,0.0,14.1,14.5
548.22,59,113.0,1482.0,58.0,1.0,13.55,83.5,0.0,14.1,14.5
548.31,59,110.0,1482.0,58.0,1.0,13.55,83.5,0.0,14.1,14.5
548.4,59,110.0,1457.0,58.0,1.0,13.55,83.5,0.0,14.1,14.5
548.49,59,110.0,1457.0,57.0,1.0,13.55,83.5,0.0,14.1,14.5
548.58,59,110.0,1457.0,57.0,1.0,13.55,83.5,0.0,14.1,14.5
548.67,59,110.0,1457.0,57.0,1.0,14.08,83.5,0.0,14.1,14.5
548.76,59,110.0,1457.0,57.0,1.0,14.08,83.5,0.0,14.1,14.5
548.851,59,110.0,1457.0,57.0,1.0,14.08,83.5,0.0,14.1,14.5
548.94,59,110.0,1457.0,57.0,1.0,14.08,83.5,0.0,14.1,14.5
549.03,59,110.0,1457.0,57.0,1.0,14.08,83.5,0.0,14.1,14.5
549.12,59,110.0,1457.0,57.0,1.0,14.08,83.5,0.0,14.1,14.5
549.21,59,113.0,1457.0,57.0,1.0,14.08,83.5,0.0,14.1,14.5
549.3,59,113.0,1427.0,57.0,1.0,14.08,83.5,0.0,14.1,14.5
549.39,59,113.0,1427.0,55.0,1.0,14.08,83.5,0.0,14.1,14.5
549.48,59,113.0,1427.0,55.0,1.0,14.08,83.5,0.0,14.1,14.5
549.57,59,113.0,1427.0,55.0,1.0,14.41,83.5,0.0,14.1,14.5
549.66,59,113.0,1427.0,55.0,1.0,14.41,83.5,0.0,14.1,14.5
549.75,59,113.0,1427.0,55.0,1.0,14.41,83.5,0.0,14.1,14.5
549.84,59,113.0,1427.0,55.0,1.0,14.41,83.5,0.0,14.5,14.5
549.93,59,113.0,1427.0,55.0,1.0,14.41,83.5,0.0,14.5,14.5
550.019,59,113.0,1427.0,55.0,1.0,14.41,83.5,0.0,14.5,14.5
550.11,59,113.0,1427.0,55.0,1.0,14.41,83.5,0.0,14.5,14.5
550.2,59,113.0,1391.0,55.0,1.0,14.41,83.5,0.0,14.5,14.5
550.291,59,113.0,1391.0,54.0,1.0,14.41,83.5,0.0,14.5,14.5
550.41,59,113.0,1391.0,54.0,1.0,14.41,83.5,0.0,14.5,14.5
550.5,59,113.0,1391.0,54.0,1.0,13.72,83.5,0.0,14.5,14.5
550.59,59,113.0,1391.0,54.0,1.0,13.72,83.5,0.0,14.5,14.5
550.68,59,113.0,1391.0,54.0,1.0,13.72,83.5,0.0,14.5,14.5
550.77,59,113.0,1391.0,54.0,1.0,13.72,83.5,0.0,14.1,14.5
550.86,59,113.0,1391.0,54.0,1.0,13.72,83.5,0.0,14.1,14.5
550.95,59,113.0,1391.0,54.0,1.0,13.72,83.5,0.0,14.1,14.5
551.039,59,112.0,1391.0,54.0,1.0,13.72,83.5,0.0,14.1,14.5
551.13,59,112.0,1354.0,54.0,1.0,13.72,83.5,0.0,14.1,14.5
551.22,59,112.0,1354.0,53.0,1.0,13.72,83.5,0.0,14.1,14.5
551.31,59,112.0,1354.0,53.0,1.0,13.72,83.5,0.0,14.1,14.5
551.399,59,112.0,1354.0,53.0,1.0,13.3,83.5,0.0,14.1,14.5
551.49,59,112.0,1354.0,53.0,1.0,13.3,83.5,0.0,14.1,14.5
551.58,59,112.0,1354.0,53.0,1.0,13.3,83.5,0.0,14.1,14.5
551.67,59,112.0,1354.0,53.0,1.0,13.3,83.5,0.0,14.5,14.5
551.761,59,112.0,1354.0,53.0,1.0,13.3,83.5,0.0,14.5,14.5
551.85,59,112.0,1354.0,53.0,1.0,13.3,83.5,0.0,14.5,14.5
551.941,59,111.0,1354.0,53.0,1.0,13.3,83.5,0.0,14.5,14.5
552.059,59,111.0,1324.0,53.0,1.0,13.3,83.5,0.0,14.5,14.5
552.15,59,111.0,1324.0,51.0,1.0,13.3,83.5,0.0,14.5,14.5
552.24,59,111.0,1324.0,51.0,1.0,13.3,83.5,0.0,14.5,14.5
552.33,59,111.0,1324.0,51.0,1.0,12.8,83.5,0.0,14.5,14.5
552.421,59,111.0,1324.0,51.0,1.0,12.8,83.5,0.0,14.5,14.5
552.51,59,111.0,1324.0,51.0,1.0,12.8,83.5,0.0,14.5,14.5
552.6,59,111.0,1324.0,51.0,1.0,12.8,83.5,0.0,14.1,14.5
552.69,59,111.0,1324.0,51.0,1.0,12.8,83.5,0.0,14.1,14.5
552.78,59,111.0,1324.0,51.0,1.0,12.8,83.5,0.0,14.1,14.5
552.87,59,110.0,1324.0,51.0,1.0,12.8,83.5,0.0,14.1,14.5
552.96,59,110.0,1293.0,51.0,1.0,12.8,83.5,0.0,14.1,14.5
553.049,59,110.0,1293.0,50.0,1.0,12.8,83.5,0.0,14.1,14.5
553.14,59,110.0,1293.0,50.0,1.0,12.8,83.5,0.0,14.1,14.5
553.23,59,110.0,1293.0,50.0,1.0,12.47,83.5,0.0,14.1,14.5
553.32,59,110.0,1293.0,50.0,1.0,12.47,83.5,0.0,14.1,14.5
553.41,59,110.0,1293.0,50.0,1.0,12.47,83.5,0.0,14.1,14.5
553.5,59,110.0,1293.0,50.0,1.0,12.47,83.5,0.0,14.1,14.5
553.59,59,110.0,1293.0,50.0,1.0,12.47,83.5,0.0,14.1,14.5
553.68,59,110.0,1293.0,50.0,1.0,12.47,83.5,0.0,14.1,14.5
553.77,59,110.0,1293.0,50.0,1.0,12.47,83.5,0.0,14.1,14.5
553.861,59,110.0,1281.0,50.0,1.0,12.47,83.5,0.0,14.1,14.5
553.95,59,110.0,1281.0,50.0,1.0,12.47,83.5,0.0,14.1,14.5
554.039,59,110.0,1281.0,50.0,1.0,12.47,83.5,0.0,14.1,14.5
554.13,59,110.0,1281.0,50.0,1.0,10.66,83.5,0.0,14.1,14.5
554.22,59,110.0,1281.0,50.0,1.0,10.66,83.5,0.0,14.1,14.5
554.31,59,110.0,1281.0,50.0,1.0,10.66,83.5,0.0,14.1,14.5
554.401,59,110.0,1281.0,50.0,1.0,10.66,83.5,0.0,14.1,14.5
554.49,59,110.0,1281.0,50.0,1.0,10.66,83.5,0.0,14.1,14.5
554.58,59,110.0,1281.0,50.0,1.0,10.66,83.5,0.0,14.1,14.5
554.67,59,102.0,1281.0,50.0,1.0,10.66,83.5,0.0,14.1,14.5
554.76,59,102.0,1266.0,50.0,1.0,10.66,83.5,0.0,14.1,14.5
554.85,59,102.0,1266.0,49.0,1.0,10.66,83.5,0.0,14.1,14.5
554.945,59,102.0,1266.0,49.0,-1.0,10.66,83.5,0.0,14.1,14.5
555.029,59,102.0,1266.0,49.0,-1.0,9.97,83.5,0.0,14.1,14.5
555.12,59,102.0,1266.0,49.0,-1.0,9.97,83.5,0.0,14.1,14.5
555.21,59,102.0,1266.0,49.0,-1.0,9.97,83.5,0.0,14.1,14.5
555.303,59,102.0,1266.0,49.0,-1.0,9.97,83.5,0.0,14.1,14.5
555.39,59,102.0,1266.0,49.0,-1.0,9.97,83.5,0.0,14.1,14.5
555.481,59,102.0,1266.0,49.0,-1.0,9.97,83.5,0.0,14.1,14.5
555.57,59,101.0,1266.0,49.0,-1.0,9.97,83.5,0.0,14.1,14.5
555.661,59,101.0,1264.0,49.0,-1.0,9.97,83.5,0.0,14.1,14.5
555.75,59,101.0,1264.0,49.0,-1.0,9.97,83.5,0.0,14.1,14.5
555.841,59,101.0,1264.0,49.0,-1.0,9.97,83.5,0.0,14.1,14.5
555.93,59,101.0,1264.0,49.0,-1.0,9.77,83.5,0.0,14.1,14.5
556.02,59,101.0,1264.0,49.0,-1.0,9.77,83.5,0.0,14.1,14.5
556.11,59,101.0,1264.0,49.0,-1.0,9.77,83.5,0.0,14.1,14.5
556.2,59,101.0,1264.0,49.0,-1.0,9.77,83.5,0.0,14.1,14.5
556.29,59,101.0,1264.0,49.0,-1.0,9.77,83.5,0.0,14.1,14.5
556.38,58,101.0,1264.0,49.0,-1.0,9.77,83.5,0.0,14.1,14.5
556.471,58,100.0,1264.0,49.0,-1.0,9.77,83.5,0.0,14.1,14.5
556.561,58,100.0,1259.0,49.0,-1.0,9.77,83.5,0.0,14.1,14.5
556.65,58,100.0,1259.0,49.0,-1.0,9.77,83.5,0.0,14.1,14.5
556.742,58,100.0,1259.0,49.0,-1.0,9.77,83.5,0.0,14.1,14.5
556.83,58,100.0,1259.0,49.0,-1.0,9.63,83.5,0.0,14.1,14.5
556.919,58,100.0,1259.0,49.0,-1.0,9.63,83.5,0.0,14.1,14.5
557.009,58,100.0,1259.0,49.0,-1.0,9.63,83.5,0.0,14.1,14.5
557.101,58,100.0,1259.0,49.0,-1.0,9.63,83.5,0.0,14.1,14.5
557.19,58,100.0,1259.0,49.0,-1.0,9.63,83.5,0.0,14.1,14.5
557.281,58,100.0,1259.0,49.0,-1.0,9.63,83.5,0.0,14.1,14.5
557.37,58,100.0,1259.0,49.0,-1.0,9.63,83.5,0.0,14.1,14.5
557.459,58,100.0,1254.0,49.0,-1.0,9.63,83.5,0.0,14.1,14.5
557.55,58,100.0,1254.0,49.0,-1.0,9.63,83.5,0.0,14.1,14.5
557.64,58,100.0,1254.0,49.0,-1.0,9.63,83.5,0.0,14.1,14.5
557.73,58,100.0,1254.0,49.0,-1.0,9.52,83.5,0.0,14.1,14.5
557.822,58,100.0,1254.0,49.0,-1.0,9.52,83.5,0.0,14.1,14.5
557.911,58,100.0,1254.0,49.0,-1.0,9.52,83.5,0.0,14.1,14.5
558.0,58,100.0,1254.0,49.0,-1.0,9.52,83.5,0.0,14.1,14.5
558.09,58,100.0,1254.0,49.0,-1.0,9.52,83.5,0.0,14.1,14.5
558.181,58,100.0,1254.0,49.0,-1.0,9.52,83.5,0.0,14.1,14.5
558.27,58,100.0,1254.0,49.0,-1.0,9.52,83.5,0.0,14.1,14.5
558.361,58,100.0,1253.0,49.0,-1.0,9.52,83.5,0.0,14.1,14.5
558.45,58,100.0,1253.0,48.0,-1.0,9.52,83.5,0.0,14.1,14.5
558.541,58,100.0,1253.0,48.0,-1.0,9.52,83.5,0.0,14.1,14.5
558.63,58,100.0,1253.0,48.0,-1.0,9.27,83.5,0.0,14.1,14.5
558.721,58,100.0,1253.0,48.0,-1.0,9.27,83.5,0.0,14.1,14.5
558.81,58,100.0,1253.0,48.0,-1.0,9.27,83.5,0.0,14.1,14.5
558.901,58,100.0,1253.0,48.0,-1.0,9.27,83.5,0.0,14.1,14.5
558.99,58,100.0,1253.0,48.0,-1.0,9.27,83.5,0.0,14.1,14.5
559.08,58,100.0,1253.0,48.0,-1.0,9.27,83.5,0.0,14.1,14.5
559.17,58,100.0,1253.0,48.0,-1.0,9.27,83.5,0.0,14.1,14.5
559.261,58,100.0,1242.0,48.0,-1.0,9.27,83.5,0.0,14.1,14.5
559.35,58,100.0,1242.0,49.0,-1.0,9.27,83.5,0.0,14.1,14.5
559.441,58,100.0,1242.0,49.0,-1.0,9.27,83.5,0.0,14.1,14.5
559.53,58,100.0,1242.0,49.0,-1.0,9.61,83.5,0.0,14.1,14.5
559.62,58,100.0,1242.0,49.0,-1.0,9.61,83.5,0.0,14.1,14.5
559.736,58,100.0,1242.0,49.0,-1.0,9.61,83.5,0.0,14.1,14.5
559.829,58,100.0,1242.0,49.0,-1.0,9.61,83.5,0.0,14.1,14.5
559.921,58,100.0,1242.0,49.0,-1.0,9.61,83.5,0.0,14.1,14.5
560.009,58,100.0,1242.0,49.0,-1.0,9.61,83.5,0.0,14.1,14.5
560.099,58,100.0,1242.0,49.0,-1.0,9.61,83.5,0.0,14.1,14.5
560.189,58,100.0,1238.0,49.0,-1.0,9.61,83.5,0.0,14.1,14.5
560.279,58,100.0,1238.0,48.0,-1.0,9.61,83.5,0.0,14.1,14.5
560.369,58,100.0,1238.0,48.0,0.0,9.61,83.5,0.0,14.1,14.5
560.46,58,100.0,1238.0,48.0,0.0,9.49,83.5,0.0,14.1,14.5
560.549,58,100.0,1238.0,48.0,0.0,9.49,83.5,0.0,14.1,14.5
560.639,58,100.0,1238.0,48.0,0.0,9.49,83.5,0.0,14.1,14.5
560.729,58,100.0,1238.0,48.0,0.0,9.49,83.5,0.0,14.1,14.5
560.819,58,100.0,1238.0,48.0,0.0,9.49,83.5,0.0,14.1,14.5
560.909,58,100.0,1238.0,48.0,0.0,9.49,83.5,0.0,14.1,14.5
560.999,58,100.0,1238.0,48.0,0.0,9.49,83.5,0.0,14.1,14.5
561.089,58,100.0,1233.0,48.0,0.0,9.49,83.5,0.0,14.1,14.5
561.179,58,100.0,1233.0,48.0,0.0,9.49,83.5,0.0,14.1,14.5
561.269,58,100.0,1233.0,48.0,0.0,9.49,83.5,0.0,14.1,14.5
561.359,58,100.0,1233.0,48.0,0.0,9.52,83.5,0.0,14.1,14.5
561.449,58,100.0,1233.0,48.0,0.0,9.52,83.5,0.0,14.1,14.5
561.539,58,100.0,1233.0,48.0,0.0,9.52,83.5,0.0,14.1,14.5
561.629,58,100.0,1233.0,48.0,0.0,9.52,83.5,0.0,14.5,14.5
561.72,58,100.0,1233.0,48.0,0.0,9.52,83.5,0.0,14.5,14.5
561.809,58,100.0,1233.0,48.0,0.0,9.52,83.5,0.0,14.5,14.5
561.9,58,100.0,1233.0,48.0,0.0,9.52,83.5,0.0,14.5,14.5
561.989,58,100.0,1230.0,48.0,0.0,9.52,83.5,0.0,14.5,14.5
562.079,58,100.0,1230.0,48.0,0.0,9.52,83.5,0.0,14.5,14.5
562.169,58,100.0,1230.0,48.0,0.0,9.52,83.5,0.0,14.5,14.5
562.26,58,100.0,1230.0,48.0,0.0,9.47,83.5,0.0,14.5,14.5
562.35,58,100.0,1230.0,48.0,0.0,9.47,83.5,0.0,14.5,14.5
562.441,58,100.0,1230.0,48.0,0.0,9.47,83.5,0.0,14.5,14.5
562.529,58,100.0,1230.0,48.0,0.0,9.47,83.5,0.0,14.1,14.5
562.62,58,100.0,1230.0,48.0,0.0,9.47,83.5,0.0,14.1,14.5
562.709,58,100.0,1230.0,48.0,0.0,9.47,83.5,0.0,14.1,14.5
562.77,58,101.0,1230.0,48.0,0.0,9.47,83.5,0.0,14.1,14.5
562.859,58,101.0,1217.0,48.0,0.0,9.47,83.5,0.0,14.1,14.5
562.949,58,101.0,1217.0,47.0,0.0,9.47,83.5,0.0,14.1,14.5
563.039,58,101.0,1217.0,47.0,0.0,9.47,83.5,0.0,14.1,14.5
563.129,58,101.0,1217.0,47.0,0.0,9.77,83.5,0.0,14.1,14.5
563.22,58,101.0,1217.0,47.0,0.0,9.77,83.5,0.0,14.1,14.5
563.309,58,101.0,1217.0,47.0,0.0,9.77,83.5,0.0,14.1,14.5
563.399,58,101.0,1217.0,47.0,0.0,9.77,83.5,0.0,14.1,14.5
563.489,58,101.0,1217.0,47.0,0.0,9.77,83.5,0.0,14.1,14.5
563.579,58,101.0,1217.0,47.0,0.0,9.77,83.5,0.0,14.1,14.5
563.669,58,101.0,1217.0,47.0,0.0,9.77,83.5,0.0,14.1,14.5
563.759,58,101.0,1217.0,47.0,0.0,9.77,83.5,0.0,14.1,14.5
563.849,58,101.0,1217.0,47.0,0.0,9.77,83.5,0.0,14.1,14.5
563.939,58,101.0,1217.0,47.0,0.0,9.77,83.5,0.0,14.1,14.5
564.029,58,101.0,1217.0,47.0,0.0,9.83,83.5,0.0,14.1,14.5
564.119,58,101.0,1217.0,47.0,0.0,9.83,83.5,0.0,14.1,14.5
564.209,58,101.0,1217.0,47.0,0.0,9.83,83.5,0.0,14.1,14.5
564.299,58,101.0,1217.0,47.0,0.0,9.83,83.5,0.0,14.1,14.5
564.389,58,101.0,1217.0,47.0,0.0,9.83,83.5,0.0,14.1,14.5
564.479,58,101.0,1217.0,47.0,0.0,9.83,83.5,0.0,14.1,14.5
564.569,58,102.0,1217.0,47.0,0.0,9.83,83.5,0.0,14.1,14.5
564.659,58,102.0,1215.0,47.0,0.0,9.83,83.5,0.0,14.1,14.5
564.749,58,102.0,1215.0,47.0,0.0,9.83,83.5,0.0,14.1,14.5
564.839,58,102.0,1215.0,47.0,0.0,9.83,83.5,0.0,14.1,14.5
564.929,58,102.0,1215.0,47.0,0.0,9.86,83.5,0.0,14.1,14.5
565.019,58,102.0,1215.0,47.0,0.0,9.86,83.5,0.0,14.1,14.5
565.109,58,102.0,1215.0,47.0,0.0,9.86,83.5,0.0,14.1,14.5
565.17,58,102.0,1215.0,47.0,0.0,9.86,83.5,0.0,14.1,14.5
565.259,58,102.0,1215.0,47.0,0.0,9.86,83.5,0.0,14.1,14.5
565.349,58,102.0,1215.0,47.0,0.0,9.86,83.5,0.0,14.1,14.5
565.439,58,103.0,1215.0,47.0,0.0,9.86,83.5,0.0,14.1,14.5
565.529,58,103.0,1215.0,47.0,0.0,9.86,83.5,0.0,14.1,14.5
565.619,58,103.0,1215.0,47.0,0.0,9.86,83.5,0.0,14.1,14.5
565.709,58,103.0,1215.0,47.0,0.0,9.86,83.5,0.0,14.1,14.5
565.799,58,103.0,1215.0,47.0,0.0,10.08,83.5,0.0,14.1,14.5
565.889,58,103.0,1215.0,47.0,0.0,10.08,83.5,0.0,14.1,14.5
565.979,58,103.0,1215.0,47.0,0.0,10.08,83.5,0.0,14.1,14.5
566.069,58,103.0,1215.0,47.0,0.0,10.08,83.5,0.0,14.1,14.5
566.159,58,103.0,1215.0,47.0,0.0,10.08,83.5,0.0,14.1,14.5
566.25,58,103.0,1215.0,47.0,0.0,10.08,83.5,0.0,14.1,14.5
566.34,58,103.0,1215.0,47.0,0.0,10.08,83.5,0.0,14.1,14.5
566.43,58,103.0,1212.0,47.0,0.0,10.08,83.5,0.0,14.1,14.5
566.521,58,103.0,1212.0,47.0,0.0,10.08,83.5,0.0,14.1,14.5
566.61,58,103.0,1212.0,47.0,0.0,10.08,83.5,0.0,14.1,14.5
566.7,58,103.0,1212.0,47.0,0.0,9.77,83.5,0.0,14.1,14.5
566.79,58,103.0,1212.0,47.0,0.0,9.77,83.5,0.0,14.1,14.5
566.88,58,103.0,1212.0,47.0,0.0,9.77,83.5,0.0,14.1,14.5
566.97,58,103.0,1212.0,47.0,0.0,9.77,83.5,0.0,14.1,14.5
567.06,58,103.0,1212.0,47.0,0.0,9.77,83.5,0.0,14.1,14.5
567.12,58,103.0,1212.0,47.0,0.0,9.77,83.5,0.0,14.1,14.5
567.21,58,103.0,1212.0,47.0,0.0,9.77,83.5,0.0,14.1,14.5
567.3,58,103.0,1209.0,47.0,0.0,9.77,83.5,0.0,14.1,14.5
567.39,58,103.0,1209.0,47.0,0.0,9.77,83.5,0.0,14.1,14.5
567.48,58,103.0,1209.0,47.0,0.0,9.77,83.5,0.0,14.1,14.5
567.57,58,103.0,1209.0,47.0,0.0,10.02,83.5,0.0,14.1,14.5
567.66,58,103.0,1209.0,47.0,0.0,10.02,83.5,0.0,14.1,14.5
567.75,58,103.0,1209.0,47.0,0.0,10.02,83.5,0.0,14.1,14.5
567.84,58,103.0,1209.0,47.0,0.0,10.02,83.5,0.0,14.1,14.5
567.929,58,103.0,1209.0,47.0,0.0,10.02,83.5,0.0,14.1,14.5
568.019,58,103.0,1209.0,47.0,0.0,10.02,83.5,0.0,14.1,14.5
568.139,58,103.0,1209.0,47.0,0.0,10.02,83.5,0.0,14.1,14.5
568.229,58,103.0,1215.0,47.0,0.0,10.02,83.5,0.0,14.1,14.5
568.32,58,103.0,1215.0,47.0,0.0,10.02,83.5,0.0,14.1,14.5
568.409,58,103.0,1215.0,47.0,0.0,10.02,83.5,0.0,14.1,14.5
568.5,58,103.0,1215.0,47.0,0.0,9.88,83.5,0.0,14.1,14.5
568.591,58,103.0,1215.0,47.0,0.0,9.88,83.5,0.0,14.1,14.5
568.68,58,103.0,1215.0,47.0,0.0,9.88,83.5,0.0,14.1,14.5
568.77,58,103.0,1215.0,47.0,0.0,9.88,83.5,0.0,14.5,14.5
568.86,58,103.0,1215.0,47.0,0.0,9.88,83.5,0.0,14.5,14.5
568.95,58,103.0,1215.0,47.0,0.0,9.88,83.5,0.0,14.5,14.5
569.039,58,103.0,1215.0,47.0,0.0,9.88,83.5,0.0,14.5,14.5
569.129,58,103.0,1217.0,47.0,0.0,9.88,83.5,0.0,14.5,14.5
569.219,58,103.0,1217.0,47.0,0.0,9.88,83.5,0.0,14.5,14.5
569.342,58,103.0,1217.0,47.0,0.0,9.88,83.5,0.0,14.5,14.5
569.43,58,103.0,1217.0,47.0,0.0,10.02,83.5,0.0,14.5,14.5
569.52,58,103.0,1217.0,47.0,0.0,10.02,83.5,0.0,14.5,14.5
569.61,58,103.0,1217.0,47.0,0.0,10.02,83.5,0.0,14.5,14.5
569.7,58,103.0,1217.0,47.0,0.0,10.02,83.5,0.0,14.1,14.5
569.79,58,103.0,1217.0,47.0,0.0,10.02,83.5,0.0,14.1,14.5
569.88,58,103.0,1217.0,47.0,0.0,10.02,83.5,0.0,14.1,14.5
569.969,58,103.0,1217.0,47.0,0.0,10.02,83.5,0.0,14.1,14.5
570.06,58,103.0,1214.0,47.0,0.0,10.02,83.5,0.0,14.1,14.5
570.15,58,103.0,1214.0,47.0,0.0,10.02,83.5,0.0,14.1,14.5
570.24,58,103.0,1214.0,47.0,0.0,10.02,83.5,0.0,14.1,14.5
570.33,58,103.0,1214.0,47.0,0.0,9.91,83.5,0.0,14.1,14.5
570.423,58,103.0,1214.0,47.0,0.0,9.91,83.5,0.0,14.1,14.5
570.51,58,103.0,1214.0,47.0,0.0,9.91,83.5,0.0,14.1,14.5
570.601,58,103.0,1214.0,47.0,0.0,9.91,83.5,0.0,14.1,14.5
570.69,58,103.0,1214.0,47.0,0.0,9.91,83.5,0.0,14.1,14.5
570.78,58,103.0,1214.0,47.0,0.0,9.91,83.5,0.0,14.1,14.5
570.87,58,103.0,1214.0,47.0,0.0,9.91,83.5,0.0,14.1,14.5
570.963,58,103.0,1213.0,47.0,0.0,9.91,83.5,0.0,14.1,14.5
571.02,58,103.0,1213.0,47.0,0.0,9.91,83.5,0.0,14.1,14.5
571.11,58,103.0,1213.0,47.0,0.0,9.91,83.5,0.0,14.1,14.5
571.171,58,103.0,1213.0,47.0,0.0,9.94,83.5,0.0,14.1,14.5
571.26,58,103.0,1213.0,47.0,0.0,9.94,83.5,0.0,14.1,14.5
571.35,58,103.0,1213.0,47.0,0.0,9.94,83.5,0.0,14.1,14.5
571.44,58,103.0,1213.0,47.0,0.0,9.94,83.5,0.0,14.1,14.5
571.53,58,103.0,1213.0,47.0,0.0,9.94,83.5,0.0,14.1,14.5
571.62,58,103.0,1213.0,47.0,0.0,9.94,83.5,0.0,14.1,14.5
571.71,58,103.0,1213.0,47.0,0.0,9.94,83.5,0.0,14.1,14.5
571.8,58,103.0,1213.0,47.0,0.0,9.94,83.5,0.0,14.1,14.5
571.895,58,103.0,1213.0,47.0,0.0,9.94,83.5,0.0,14.1,14.5
572.009,58,103.0,1213.0,47.0,0.0,9.94,83.5,0.0,14.1,14.5
572.1,58,103.0,1213.0,47.0,0.0,9.97,83.5,0.0,14.1,14.5
572.19,58,103.0,1213.0,47.0,0.0,9.97,83.5,0.0,14.1,14.5
572.28,58,103.0,1213.0,47.0,0.0,9.97,83.5,0.0,14.1,14.5
572.37,58,103.0,1213.0,47.0,0.0,9.97,83.5,0.0,14.1,14.5
572.46,58,103.0,1213.0,47.0,0.0,9.97,83.5,0.0,14.1,14.5
572.55,58,103.0,1213.0,47.0,0.0,9.97,83.5,0.0,14.1,14.5
572.64,58,104.0,1213.0,47.0,0.0,9.97,83.5,0.0,14.1,14.5
572.73,58,104.0,1215.0,47.0,0.0,9.97,83.5,0.0,14.1,14.5
572.82,58,104.0,1215.0,47.0,0.0,9.97,83.5,0.0,14.1,14.5
572.91,58,104.0,1215.0,47.0,0.0,9.97,83.5,0.0,14.1,14.5
572.972,58,104.0,1215.0,47.0,0.0,10.16,83.5,0.0,14.1,14.5
573.089,58,104.0,1215.0,47.0,0.0,10.16,83.5,0.0,14.1,14.5
573.18,58,104.0,1215.0,47.0,0.0,10.16,83.5,0.0,14.1,14.5
573.27,58,104.0,1215.0,47.0,0.0,10.16,83.5,0.0,14.1,14.5
573.36,58,104.0,1215.0,47.0,0.0,10.16,83.5,0.0,14.1,14.5
573.422,58,104.0,1215.0,47.0,0.0,10.16,83.5,0.0,14.1,14.5
573.51,58,103.0,1215.0,47.0,0.0,10.16,83.5,0.0,14.1,14.5
573.572,58,103.0,1198.0,47.0,0.0,10.16,83.5,0.0,14.1,14.5
573.66,58,103.0,1198.0,46.0,0.0,10.16,83.5,0.0,14.1,14.5
573.75,58,103.0,1198.0,46.0,1.0,10.16,83.5,0.0,14.1,14.5
573.841,58,103.0,1198.0,46.0,1.0,10.77,83.5,0.0,14.1,14.5
573.93,58,103.0,1198.0,46.0,1.0,10.77,83.5,0.0,14.1,14.5
574.019,58,103.0,1198.0,46.0,1.0,10.77,83.5,0.0,14.1,14.5
574.11,58,103.0,1198.0,46.0,1.0,10.77,83.5,0.0,14.1,14.5
574.171,58,103.0,1198.0,46.0,1.0,10.77,83.5,0.0,14.1,14.5
574.26,58,103.0,1198.0,46.0,1.0,10.77,83.5,0.0,14.1,14.5
574.321,58,105.0,1198.0,46.0,1.0,10.77,83.5,0.0,14.1,14.5
574.41,58,105.0,1163.0,46.0,1.0,10.77,83.5,0.0,14.1,14.5
574.5,58,105.0,1163.0,45.0,1.0,10.77,83.5,0.0,14.1,14.5
574.591,58,105.0,1163.0,45.0,1.0,10.77,83.5,0.0,14.1,14.5
574.68,58,105.0,1163.0,45.0,1.0,10.52,83.5,0.0,14.1,14.5
574.77,58,105.0,1163.0,45.0,1.0,10.52,83.5,0.0,14.1,14.5
574.861,58,105.0,1163.0,45.0,1.0,10.52,83.5,0.0,14.1,14.5
574.95,58,105.0,1163.0,45.0,1.0,10.52,83.5,0.0,14.1,14.5
575.04,58,105.0,1163.0,45.0,1.0,10.52,83.5,0.0,14.1,14.5
575.13,58,105.0,1163.0,45.0,1.0,10.52,83.5,0.0,14.1,14.5
575.22,58,107.0,1163.0,45.0,1.0,10.52,83.5,0.0,14.1,14.5
575.31,58,107.0,1029.0,45.0,1.0,10.52,83.5,0.0,14.1,14.5
575.371,58,107.0,1029.0,43.0,1.0,10.52,83.5,0.0,14.1,14.5
575.459,58,107.0,1029.0,43.0,0.0,10.52,83.5,0.0,14.1,14.5
575.52,58,107.0,1029.0,43.0,0.0,10.08,83.5,0.0,14.1,14.5
575.61,58,107.0,1029.0,43.0,0.0,10.08,83.5,0.0,14.1,14.5
575.7,58,107.0,1029.0,43.0,0.0,10.08,83.5,0.0,14.1,14.5
575.79,58,107.0,1029.0,43.0,0.0,10.08,83.5,0.0,14.1,14.5
575.88,58,107.0,1029.0,43.0,0.0,10.08,83.5,0.0,14.1,14.5
575.969,58,107.0,1029.0,43.0,0.0,10.08,83.5,0.0,14.1,14.5
576.06,58,107.0,1029.0,43.0,0.0,10.08,83.5,0.0,14.1,14.5
576.15,58,107.0,1037.0,43.0,0.0,10.08,83.5,0.0,14.1,14.5
576.211,58,107.0,1037.0,40.0,0.0,10.08,83.5,0.0,14.1,14.5
576.272,58,107.0,1037.0,40.0,0.0,10.08,83.5,0.0,14.1,14.5
576.36,58,107.0,1037.0,40.0,0.0,9.94,83.5,0.0,14.1,14.5
576.45,58,107.0,1037.0,40.0,0.0,9.94,83.5,0.0,14.1,14.5
576.54,58,107.0,1037.0,40.0,0.0,9.94,83.5,0.0,14.1,14.5
576.629,58,107.0,1037.0,40.0,0.0,9.94,83.5,0.0,14.1,14.5
576.72,58,107.0,1037.0,40.0,0.0,9.94,83.5,0.0,14.1,14.5
576.81,58,107.0,1037.0,40.0,0.0,9.94,83.5,0.0,14.1,14.5
576.9,58,107.0,1037.0,40.0,0.0,9.94,83.5,0.0,14.1,14.5
576.99,58,107.0,1124.0,40.0,0.0,9.94,83.5,0.0,14.1,14.5
577.08,58,107.0,1124.0,38.0,0.0,9.94,83.5,0.0,14.1,14.5
577.17,58,107.0,1124.0,38.0,1.0,9.94,83.5,0.0,14.1,14.5
577.26,58,107.0,1124.0,38.0,1.0,11.16,83.5,0.0,14.1,14.5
577.35,58,107.0,1124.0,38.0,1.0,11.16,83.5,0.0,14.1,14.5
577.41,58,107.0,1124.0,38.0,1.0,11.16,83.5,0.0,14.1,14.5
577.47,58,107.0,1124.0,38.0,1.0,11.16,83.5,0.0,19.2,14.5
577.56,58,107.0,1124.0,38.0,1.0,11.16,83.5,0.0,19.2,19.2
577.65,58,107.0,1124.0,38.0,1.0,11.16,83.5,0.0,19.2,19.2
577.741,58,108.0,1124.0,38.0,1.0,11.16,83.5,0.0,19.2,19.2
577.83,58,108.0,1359.0,38.0,1.0,11.16,83.5,0.0,19.2,19.2
577.92,58,108.0,1359.0,36.0,1.0,11.16,83.5,0.0,19.2,19.2
578.009,58,108.0,1359.0,36.0,3.0,11.16,83.5,0.0,19.2,19.2
578.13,58,108.0,1359.0,36.0,3.0,12.8,83.5,0.0,19.2,19.2
578.22,58,108.0,1359.0,36.0,3.0,12.8,83.5,0.0,19.2,19.2
578.31,58,108.0,1359.0,36.0,3.0,12.8,83.5,0.0,19.2,19.2
578.37,58,108.0,1359.0,36.0,3.0,12.8,83.5,0.0,23.1,19.2
578.46,58,108.0,1359.0,36.0,3.0,12.8,83.5,0.0,23.1,23.5
578.52,58,108.0,1359.0,36.0,3.0,12.8,83.5,0.0,23.1,23.5
578.61,58,111.0,1359.0,36.0,3.0,12.8,83.5,0.0,23.1,23.5
578.73,58,111.0,1359.0,36.0,3.0,12.8,83.5,0.0,23.1,23.5
578.82,58,111.0,1359.0,35.0,3.0,12.8,83.5,0.0,23.1,23.5
578.91,58,111.0,1359.0,35.0,2.0,12.8,83.5,0.0,23.1,23.5
578.972,58,111.0,1359.0,35.0,2.0,12.47,83.5,0.0,23.1,23.5
579.059,58,111.0,1359.0,35.0,2.0,12.47,83.5,0.0,23.1,23.5
579.12,58,111.0,1359.0,35.0,2.0,12.47,83.5,0.0,23.1,23.5
579.21,58,111.0,1359.0,35.0,2.0,12.47,83.5,0.0,14.1,23.5
579.272,58,111.0,1359.0,35.0,2.0,12.47,83.5,0.0,14.1,14.1
579.36,58,111.0,1359.0,35.0,2.0,12.47,83.5,0.0,14.1,14.1
579.421,58,104.0,1359.0,35.0,2.0,12.47,83.5,0.0,14.1,14.1
579.51,58,104.0,1329.0,35.0,2.0,12.47,83.5,0.0,14.1,14.1
579.572,58,104.0,1329.0,35.0,2.0,12.47,83.5,0.0,14.1,14.1
579.66,58,104.0,1329.0,35.0,2.0,12.47,83.5,0.0,14.1,14.1
579.721,58,104.0,1329.0,35.0,2.0,11.52,83.5,0.0,14.1,14.1
579.81,58,104.0,1329.0,35.0,2.0,11.52,83.5,0.0,14.1,14.1
579.871,58,104.0,1329.0,35.0,2.0,11.52,83.5,0.0,14.1,14.1
579.959,58,104.0,1329.0,35.0,2.0,11.52,83.5,0.0,14.1,14.1
580.049,58,104.0,1329.0,35.0,2.0,11.52,83.5,0.0,14.1,14.5
580.14,58,104.0,1329.0,35.0,2.0,11.52,83.5,0.0,14.1,14.5
580.23,58,103.0,1329.0,35.0,2.0,11.52,83.5,0.0,14.1,14.5
580.32,58,103.0,1294.0,35.0,2.0,11.52,83.5,0.0,14.1,14.5
580.41,58,103.0,1294.0,35.0,2.0,11.52,83.5,0.0,14.1,14.5
580.471,58,103.0,1294.0,35.0,2.0,11.52,83.5,0.0,14.1,14.5
580.56,58,103.0,1294.0,35.0,2.0,11.05,83.5,0.0,14.1,14.5
580.622,58,103.0,1294.0,35.0,2.0,11.05,83.5,0.0,14.1,14.5
580.71,58,103.0,1294.0,35.0,2.0,11.05,83.5,0.0,14.1,14.5
580.771,58,103.0,1294.0,35.0,2.0,11.05,83.5,0.0,14.1,14.5
580.859,58,103.0,1294.0,35.0,2.0,11.05,83.5,0.0,14.1,14.5
580.922,58,103.0,1294.0,35.0,2.0,11.05,83.5,0.0,14.1,14.5
581.04,58,107.0,1294.0,35.0,2.0,11.05,83.5,0.0,14.1,14.5
581.13,58,107.0,1020.0,35.0,2.0,11.05,83.5,0.0,14.1,14.5
581.22,58,107.0,1020.0,33.0,2.0,11.05,83.5,0.0,14.1,14.5
581.31,58,107.0,1020.0,33.0,0.0,11.05,83.5,0.0,14.1,14.5
581.371,58,107.0,1020.0,33.0,0.0,10.27,83.5,0.0,14.1,14.5
581.46,58,107.0,1020.0,33.0,0.0,10.27,83.5,0.0,14.1,14.5
581.521,58,107.0,1020.0,33.0,0.0,10.27,83.5,0.0,14.1,14.5
581.61,58,107.0,1020.0,33.0,0.0,10.27,83.5,0.0,14.1,14.5
581.671,58,107.0,1020.0,33.0,0.0,10.27,83.5,0.0,14.1,14.5
581.76,58,107.0,1020.0,33.0,0.0,10.27,83.5,0.0,14.1,14.5
581.821,58,107.0,1020.0,33.0,0.0,10.27,83.5,0.0,14.1,14.5
581.91,58,107.0,1031.0,33.0,0.0,10.27,83.5,0.0,14.1,14.5
581.97,58,107.0,1031.0,31.0,0.0,10.27,83.5,0.0,14.1,14.5
582.059,58,107.0,1031.0,31.0,0.0,10.27,83.5,0.0,14.1,14.5
582.12,58,107.0,1031.0,31.0,0.0,9.58,83.5,0.0,14.1,14.5
582.21,58,107.0,1031.0,31.0,0.0,9.58,83.5,0.0,14.1,14.5
582.271,58,107.0,1031.0,31.0,0.0,9.58,83.5,0.0,14.1,14.5
582.36,58,107.0,1031.0,31.0,0.0,9.58,83.5,0.0,14.5,14.5
582.421,58,107.0,1031.0,31.0,0.0,9.58,83.5,0.0,14.5,14.5
582.51,58,107.0,1031.0,31.0,0.0,9.58,83.5,0.0,14.5,14.5
582.571,58,107.0,1031.0,31.0,0.0,9.58,83.5,0.0,14.5,14.5
582.66,58,107.0,1033.0,31.0,0.0,9.58,83.5,0.0,14.5,14.5
582.722,58,107.0,1033.0,28.0,0.0,9.58,83.5,0.0,14.5,14.5
582.81,58,107.0,1033.0,28.0,0.0,9.58,83.5,0.0,14.5,14.5
582.871,58,107.0,1033.0,28.0,0.0,9.72,83.5,0.0,14.5,14.5
582.96,58,107.0,1033.0,28.0,0.0,9.72,83.5,0.0,14.5,14.5
583.079,58,107.0,1033.0,28.0,0.0,9.72,83.5,0.0,14.5,14.5
583.17,58,107.0,1033.0,28.0,0.0,9.72,83.5,0.0,14.1,14.5
583.26,58,107.0,1033.0,28.0,0.0,9.72,83.5,0.0,14.1,14.5
583.322,58,107.0,1033.0,28.0,0.0,9.72,83.5,0.0,14.1,14.5
583.41,58,108.0,1033.0,28.0,0.0,9.72,83.5,0.0,14.1,14.5
583.472,58,108.0,1035.0,28.0,0.0,9.72,83.5,0.0,14.1,14.5
583.56,58,108.0,1035.0,28.0,0.0,9.72,83.5,0.0,14.1,14.5
583.621,58,108.0,1035.0,28.0,0.0,9.72,83.5,0.0,14.1,14.5
583.71,58,108.0,1035.0,28.0,0.0,9.69,83.5,0.0,14.1,14.5
583.772,58,108.0,1035.0,28.0,0.0,9.69,83.5,0.0,14.1,14.5
583.86,58,108.0,1035.0,28.0,0.0,9.69,83.5,0.0,14.1,14.5
583.922,58,108.0,1035.0,28.0,0.0,9.69,83.5,0.0,14.1,14.5
584.009,58,108.0,1035.0,28.0,0.0,9.69,83.5,0.0,14.1,14.5
584.07,58,108.0,1035.0,28.0,0.0,9.69,83.5,0.0,14.1,14.5
584.16,58,108.0,1035.0,28.0,0.0,9.69,83.5,0.0,14.1,14.5
584.221,58,108.0,1038.0,28.0,0.0,9.69,83.5,0.0,14.1,14.5
584.31,58,108.0,1038.0,28.0,0.0,9.69,83.5,0.0,14.1,14.5
584.371,58,108.0,1038.0,28.0,0.0,9.69,83.5,0.0,14.1,14.5
584.46,58,108.0,1038.0,28.0,0.0,9.74,83.5,0.0,14.1,14.5
584.521,58,108.0,1038.0,28.0,0.0,9.74,83.5,0.0,14.1,14.5
584.61,58,108.0,1038.0,28.0,0.0,9.74,83.5,0.0,14.1,14.5
584.671,58,108.0,1038.0,28.0,0.0,9.74,83.5,0.0,14.1,14.5
584.76,58,108.0,1038.0,28.0,0.0,9.74,83.5,0.0,14.1,14.5
584.823,58,108.0,1038.0,28.0,0.0,9.74,83.5,0.0,14.1,14.5
584.91,58,108.0,1038.0,28.0,0.0,9.74,83.5,0.0,14.1,14.5
584.977,58,108.0,1037.0,28.0,0.0,9.74,83.5,0.0,14.1,14.5
585.089,58,108.0,1037.0,27.0,0.0,9.74,83.5,0.0,14.1,14.5
585.18,58,108.0,1037.0,27.0,0.0,9.74,83.5,0.0,14.1,14.5
585.27,58,108.0,1037.0,27.0,0.0,9.99,83.5,0.0,14.1,14.5
585.36,58,108.0,1037.0,27.0,0.0,9.99,83.5,0.0,14.1,14.5
585.421,58,108.0,1037.0,27.0,0.0,9.99,83.5,0.0,14.1,14.5
585.51,58,108.0,1037.0,27.0,0.0,9.99,83.5,0.0,14.1,14.5
585.572,58,108.0,1037.0,27.0,0.0,9.99,83.5,0.0,14.1,14.5
585.66,58,108.0,1037.0,27.0,0.0,9.99,83.5,0.0,14.1,14.5
585.721,58,108.0,1037.0,27.0,0.0,9.99,83.5,0.0,14.1,14.5
585.81,58,108.0,1038.0,27.0,0.0,9.99,83.5,0.0,14.1,14.5
585.93,58,108.0,1038.0,27.0,0.0,9.99,83.5,0.0,14.1,14.5
586.019,58,108.0,1038.0,27.0,0.0,9.99,83.5,0.0,14.1,14.5
586.109,58,108.0,1038.0,27.0,0.0,9.69,83.5,0.0,14.1,14.5
586.17,58,108.0,1038.0,27.0,0.0,9.69,83.5,0.0,14.1,14.5
586.26,58,108.0,1038.0,27.0,0.0,9.69,83.5,0.0,14.1,14.5
586.32,58,108.0,1038.0,27.0,0.0,9.69,83.5,0.0,14.1,14.5
586.41,58,108.0,1038.0,27.0,0.0,9.69,83.5,0.0,14.1,14.5
586.471,58,108.0,1038.0,27.0,0.0,9.69,83.5,0.0,14.1,14.5
586.56,58,108.0,1038.0,27.0,0.0,9.69,83.5,0.0,14.1,14.5
586.621,58,108.0,1039.0,27.0,0.0,9.69,83.5,0.0,14.1,14.5
586.71,58,108.0,1039.0,27.0,0.0,9.69,83.5,0.0,14.1,14.5
586.771,58,108.0,1039.0,27.0,0.0,9.69,83.5,0.0,14.1,14.5
586.86,58,108.0,1039.0,27.0,0.0,9.97,83.5,0.0,14.1,14.5
586.923,58,108.0,1039.0,27.0,0.0,9.97,83.5,0.0,14.1,14.5
587.009,58,108.0,1039.0,27.0,0.0,9.97,83.5,0.0,14.1,14.5
587.07,58,108.0,1039.0,27.0,0.0,9.97,83.5,0.0,14.5,14.5
587.16,58,108.0,1039.0,27.0,0.0,9.97,83.5,0.0,14.5,14.5
587.224,58,108.0,1039.0,27.0,0.0,9.97,83.5,0.0,14.5,14.5
587.31,58,108.0,1039.0,27.0,0.0,9.97,83.5,0.0,14.5,14.5
587.371,58,108.0,1040.0,27.0,0.0,9.97,83.5,0.0,14.5,14.5
587.459,58,108.0,1040.0,27.0,0.0,9.97,83.5,0.0,14.5,14.5
587.52,58,108.0,1040.0,27.0,0.0,9.97,83.5,0.0,14.5,14.5
587.61,58,108.0,1040.0,27.0,0.0,10.13,83.5,0.0,14.5,14.5
587.67,58,108.0,1040.0,27.0,0.0,10.13,83.5,0.0,14.5,14.5
587.759,58,108.0,1040.0,27.0,0.0,10.13,83.5,0.0,14.5,14.5
587.821,58,108.0,1040.0,27.0,0.0,10.13,83.5,0.0,14.1,14.5
587.909,58,108.0,1040.0,27.0,0.0,10.13,83.5,0.0,14.1,14.5
587.97,58,108.0,1040.0,27.0,0.0,10.13,83.5,0.0,14.1,14.5
588.089,58,108.0,1040.0,27.0,0.0,10.13,83.5,0.0,14.1,14.5
588.179,58,108.0,1040.0,27.0,0.0,10.13,83.5,0.0,14.1,14.5
588.269,58,108.0,1040.0,26.0,0.0,10.13,83.5,0.0,14.1,14.5
588.36,58,108.0,1040.0,26.0,0.0,10.13,83.5,0.0,14.1,14.5
588.42,58,108.0,1040.0,26.0,0.0,9.83,83.5,0.0,14.1,14.5
588.509,58,108.0,1040.0,26.0,0.0,9.83,83.5,0.0,14.1,14.5
588.57,58,108.0,1040.0,26.0,0.0,9.83,83.5,0.0,14.1,14.5
588.659,58,108.0,1040.0,26.0,0.0,9.83,83.5,0.0,14.1,14.5
588.721,58,108.0,1040.0,26.0,0.0,9.83,83.5,0.0,14.1,14.5
588.81,58,108.0,1040.0,26.0,0.0,9.83,83.5,0.0,14.1,14.5
588.87,58,108.0,1040.0,26.0,0.0,9.83,83.5,0.0,14.1,14.5
588.96,58,108.0,1041.0,26.0,0.0,9.83,83.5,0.0,14.1,14.5
589.02,58,108.0,1041.0,25.0,0.0,9.83,83.5,0.0,14.1,14.5
589.11,58,108.0,1041.0,25.0,0.0,9.83,83.5,0.0,14.1,14.5
589.17,58,108.0,1041.0,25.0,0.0,9.77,83.5,0.0,14.1,14.5
589.259,58,108.0,1041.0,25.0,0.0,9.77,83.5,0.0,14.1,14.5
589.35,58,108.0,1041.0,25.0,0.0,9.77,83.5,0.0,14.1,14.5
589.44,58,108.0,1041.0,25.0,0.0,9.77,83.5,0.0,14.5,14.5
589.53,58,108.0,1041.0,25.0,0.0,9.77,83.5,0.0,14.5,14.5
589.619,58,108.0,1041.0,25.0,0.0,9.77,83.5,0.0,14.5,14.5
589.71,58,108.0,1041.0,25.0,0.0,9.77,83.5,0.0,14.5,14.5
589.77,58,108.0,1040.0,25.0,0.0,9.77,83.5,0.0,14.5,14.5
589.86,58,108.0,1040.0,24.0,0.0,9.77,83.5,0.0,14.5,14.5
589.949,58,108.0,1040.0,24.0,0.0,9.77,83.5,0.0,14.5,14.5
590.01,58,108.0,1040.0,24.0,0.0,9.72,83.5,0.0,14.5,14.5
590.099,58,108.0,1040.0,24.0,0.0,9.72,83.5,0.0,14.5,14.5
590.16,58,108.0,1040.0,24.0,0.0,9.72,83.5,0.0,14.5,14.5
590.253,58,108.0,1040.0,24.0,0.0,9.72,83.5,0.0,14.1,14.5
590.341,58,108.0,1040.0,24.0,0.0,9.72,83.5,0.0,14.1,14.5
590.43,58,108.0,1040.0,24.0,0.0,9.72,83.5,0.0,14.1,14.5
590.52,58,108.0,1040.0,24.0,0.0,9.72,83.5,0.0,14.1,14.5
590.61,58,108.0,1040.0,24.0,0.0,9.72,83.5,0.0,14.1,14.5
590.701,58,108.0,1040.0,21.0,0.0,9.72,83.5,0.0,14.1,14.5
590.76,58,108.0,1040.0,21.0,0.0,9.72,83.5,0.0,14.1,14.5
590.856,58,108.0,1040.0,21.0,0.0,9.74,83.5,0.0,14.1,14.5
590.911,58,108.0,1040.0,21.0,0.0,9.74,83.5,0.0,14.1,14.5
590.999,58,108.0,1040.0,21.0,0.0,9.74,83.5,0.0,14.1,14.5
591.09,58,108.0,1040.0,21.0,0.0,9.74,83.5,0.0,14.1,14.5
591.18,58,108.0,1040.0,21.0,0.0,9.74,83.5,0.0,14.1,14.5
591.269,58,108.0,1040.0,21.0,0.0,9.74,83.5,0.0,14.1,14.5
591.36,58,108.0,1040.0,21.0,0.0,9.74,83.5,0.0,14.1,14.5
591.45,58,108.0,1029.0,21.0,0.0,9.74,83.5,0.0,14.1,14.5
591.51,58,108.0,1029.0,18.0,0.0,9.74,83.5,0.0,14.1,14.5
591.599,58,108.0,1029.0,18.0,0.0,9.74,83.5,0.0,14.1,14.5
591.66,58,108.0,1029.0,18.0,0.0,9.74,83.5,0.0,14.1,14.5
591.749,58,108.0,1029.0,18.0,0.0,9.74,83.5,0.0,14.1,14.5
591.84,58,108.0,1029.0,18.0,0.0,9.74,83.5,0.0,14.1,14.5
591.93,58,108.0,1029.0,18.0,0.0,9.74,83.5,0.0,14.1,14.5
592.05,58,108.0,1029.0,18.0,0.0,9.74,83.5,0.0,14.1,14.5
592.11,58,108.0,1029.0,18.0,0.0,9.74,83.5,0.0,14.1,14.5
592.199,58,108.0,1029.0,18.0,0.0,9.74,83.5,0.0,14.1,14.5
592.29,58,108.0,1038.0,18.0,0.0,9.74,83.5,0.0,14.1,14.5
592.38,58,108.0,1038.0,14.0,0.0,9.74,83.5,0.0,14.1,14.5
592.47,58,108.0,1038.0,14.0,0.0,9.74,83.5,0.0,14.1,14.5
592.56,58,108.0,1038.0,14.0,0.0,9.99,83.5,0.0,14.1,14.5
592.649,58,108.0,1038.0,14.0,0.0,9.99,83.5,0.0,14.1,14.5
592.71,58,108.0,1038.0,14.0,0.0,9.99,83.5,0.0,14.1,14.5
592.805,58,108.0,1038.0,14.0,0.0,9.99,83.5,0.0,14.1,14.5
592.89,58,108.0,1038.0,14.0,0.0,9.99,83.5,0.0,14.1,14.5
592.979,58,108.0,1038.0,14.0,0.0,9.99,83.5,0.0,14.1,14.5
593.07,58,108.0,1038.0,14.0,0.0,9.99,83.5,0.0,14.1,14.5
593.16,58,108.0,1039.0,14.0,0.0,9.99,83.5,0.0,14.1,14.5
593.28,58,108.0,1039.0,9.0,0.0,9.99,83.5,0.0,14.1,14.5
593.369,58,108.0,1039.0,9.0,1.0,9.99,83.5,0.0,14.1,14.5
593.46,58,108.0,1039.0,9.0,1.0,9.72,83.5,0.0,14.1,14.5
593.55,58,108.0,1039.0,9.0,1.0,9.72,83.5,0.0,14.1,14.5
593.61,58,108.0,1039.0,9.0,1.0,9.72,83.5,0.0,14.1,14.5
593.7,58,108.0,1039.0,9.0,1.0,9.72,83.5,0.0,14.5,14.5
593.761,58,108.0,1039.0,9.0,1.0,9.72,83.5,0.0,14.5,14.5
593.85,58,108.0,1039.0,9.0,1.0,9.72,83.5,0.0,14.5,14.5
593.91,58,108.0,1039.0,9.0,1.0,9.72,83.5,0.0,14.5,14.5
594.0,58,108.0,1038.0,9.0,1.0,9.72,83.5,0.0,14.5,14.5
594.06,58,108.0,1038.0,4.0,1.0,9.72,83.5,0.0,14.5,14.5
594.152,58,108.0,1038.0,4.0,0.0,9.72,83.5,0.0,14.5,14.5
594.24,58,108.0,1038.0,4.0,0.0,9.91,83.5,0.0,14.5,14.5
594.329,58,108.0,1038.0,4.0,0.0,9.91,83.5,0.0,14.5,14.5
594.42,58,108.0,1038.0,4.0,0.0,9.91,83.5,0.0,14.5,14.5
594.51,58,108.0,1038.0,4.0,0.0,9.91,83.5,0.0,14.1,14.5
594.599,58,108.0,1038.0,4.0,0.0,9.91,83.5,0.0,14.1,14.5
594.66,58,108.0,1038.0,4.0,0.0,9.91,83.5,0.0,14.1,14.5
594.756,58,108.0,1038.0,4.0,0.0,9.91,83.5,0.0,14.1,14.5
594.81,58,108.0,1037.0,4.0,0.0,9.91,83.5,0.0,14.1,14.5
594.9,58,108.0,1037.0,1.0,0.0,9.91,83.5,0.0,14.1,14.5
594.96,58,108.0,1037.0,1.0,0.0,9.91,83.5,0.0,14.1,14.5
595.049,58,108.0,1037.0,1.0,0.0,9.72,83.5,0.0,14.1,14.5
595.11,58,108.0,1037.0,1.0,0.0,9.72,83.5,0.0,14.1,14.5
595.204,58,108.0,1037.0,1.0,0.0,9.72,83.5,0.0,14.1,14.5
595.26,58,108.0,1037.0,1.0,0.0,9.72,83.5,0.0,14.1,14.5
595.349,58,108.0,1037.0,1.0,0.0,9.72,83.5,0.0,14.1,14.5
595.441,58,108.0,1037.0,1.0,0.0,9.72,83.5,0.0,14.1,14.5
595.53,58,108.0,1037.0,1.0,0.0,9.72,83.5,0.0,14.1,14.5
595.62,58,108.0,1039.0,1.0,0.0,9.72,83.5,0.0,14.1,14.5
595.709,58,108.0,1039.0,0.0,0.0,9.72,83.5,0.0,14.1,14.5
595.8,58,108.0,1039.0,0.0,0.0,9.72,83.5,0.0,14.1,14.5
595.86,58,108.0,1039.0,0.0,0.0,9.8,83.5,0.0,14.1,14.5
595.953,58,108.0,1039.0,0.0,0.0,9.8,83.5,0.0,14.1,14.5
596.01,58,108.0,1039.0,0.0,0.0,9.8,83.5,0.0,14.1,14.5
596.1,58,108.0,1039.0,0.0,0.0,9.8,83.5,0.0,14.1,14.5
596.16,58,108.0,1039.0,0.0,0.0,9.8,83.5,0.0,14.1,14.5
596.256,58,108.0,1039.0,0.0,0.0,9.8,83.5,0.0,14.1,14.5
596.31,58,108.0,1039.0,0.0,0.0,9.8,83.5,0.0,14.1,14.5
596.404,58,108.0,1040.0,0.0,0.0,9.8,83.5,0.0,14.1,14.5
596.46,58,108.0,1040.0,0.0,0.0,9.8,83.5,0.0,14.1,14.5
596.549,58,108.0,1040.0,0.0,0.0,9.8,83.5,0.0,14.1,14.5
596.612,58,108.0,1040.0,0.0,0.0,9.86,83.5,0.0,14.1,14.5
596.699,58,108.0,1040.0,0.0,0.0,9.86,83.5,0.0,14.1,14.5
596.76,58,108.0,1040.0,0.0,0.0,9.86,83.5,0.0,14.1,14.5
596.85,58,108.0,1040.0,0.0,0.0,9.86,83.5,0.0,14.1,14.5
596.911,58,108.0,1040.0,0.0,0.0,9.86,83.5,0.0,14.1,14.5
597.0,58,108.0,1040.0,0.0,0.0,9.86,83.5,0.0,14.1,14.5
597.09,58,108.0,1040.0,0.0,0.0,9.86,83.5,0.0,14.1,14.5
597.18,58,108.0,1041.0,0.0,0.0,9.86,83.5,0.0,14.1,14.5
597.27,58,108.0,1041.0,0.0,0.0,9.86,83.5,0.0,14.1,14.5
597.36,58,108.0,1041.0,0.0,0.0,9.86,83.5,0.0,14.1,14.5
597.45,58,108.0,1041.0,0.0,0.0,9.83,83.5,0.0,14.1,14.5
597.511,58,108.0,1041.0,0.0,0.0,9.83,83.5,0.0,14.1,14.5
597.6,58,108.0,1041.0,0.0,0.0,9.83,83.5,0.0,14.1,14.5
597.661,58,108.0,1041.0,0.0,0.0,9.83,83.5,0.0,14.1,14.5
597.75,58,108.0,1041.0,0.0,0.0,9.83,83.5,0.0,14.1,14.5
597.813,58,108.0,1041.0,0.0,0.0,9.83,83.5,0.0,14.1,14.5
597.9,58,108.0,1041.0,0.0,0.0,9.83,83.5,0.0,14.1,14.5
597.962,58,108.0,1042.0,0.0,0.0,9.83,83.5,0.0,14.1,14.5
598.079,58,108.0,1042.0,0.0,0.0,9.83,83.5,0.0,14.1,14.5
598.169,58,108.0,1042.0,0.0,0.0,9.83,83.5,0.0,14.1,14.5
598.259,58,108.0,1042.0,0.0,0.0,9.86,83.5,0.0,14.1,14.5
598.349,58,108.0,1042.0,0.0,0.0,9.86,83.5,0.0,14.1,14.5
598.41,58,108.0,1042.0,0.0,0.0,9.86,83.5,0.0,14.1,14.5
598.499,58,108.0,1042.0,0.0,0.0,9.86,83.5,0.0,14.1,14.5
598.56,58,108.0,1042.0,0.0,0.0,9.86,83.5,0.0,14.1,14.5
598.649,58,108.0,1042.0,0.0,0.0,9.86,83.5,0.0,14.1,14.5
598.713,58,108.0,1042.0,0.0,0.0,9.86,83.5,0.0,14.1,14.5
598.8,58,108.0,1042.0,0.0,0.0,9.86,83.5,0.0,14.1,14.5
598.861,58,108.0,1042.0,0.0,0.0,9.86,83.5,0.0,14.1,14.5
598.95,58,108.0,1042.0,0.0,0.0,9.86,83.5,0.0,14.1,14.5
599.012,58,108.0,1042.0,0.0,0.0,9.83,83.5,0.0,14.1,14.5
599.1,58,108.0,1042.0,0.0,0.0,9.83,83.5,0.0,14.1,14.5
599.16,58,108.0,1042.0,0.0,0.0,9.83,83.5,0.0,14.1,14.5
599.25,58,108.0,1042.0,0.0,0.0,9.83,83.5,0.0,14.1,14.5
599.312,58,108.0,1042.0,0.0,0.0,9.83,83.5,0.0,14.1,14.5
599.4,58,108.0,1042.0,0.0,0.0,9.83,83.5,0.0,14.1,14.5
599.461,58,108.0,1042.0,0.0,0.0,9.83,83.5,0.0,14.1,14.5
599.551,58,108.0,1040.0,0.0,0.0,9.83,83.5,0.0,14.1,14.5
599.613,58,108.0,1040.0,0.0,0.0,9.83,83.5,0.0,14.1,14.5
599.701,58,108.0,1040.0,0.0,0.0,9.83,83.5,0.0,14.1,14.5
599.762,58,108.0,1040.0,0.0,0.0,9.8,83.5,0.0,14.1,14.5
599.851,58,108.0,1040.0,0.0,0.0,9.8,83.5,0.0,14.1,14.5
599.913,58,108.0,1040.0,0.0,0.0,9.8,83.5,0.0,14.1,14.5
599.999,58,108.0,1040.0,0.0,0.0,9.8,83.5,0.0,14.5,14.5
600.06,58,108.0,1040.0,0.0,0.0,9.8,83.5,0.0,14.5,14.5
600.149,58,108.0,1040.0,0.0,0.0,9.8,83.5,0.0,14.5,14.5
600.211,58,108.0,1040.0,0.0,0.0,9.8,83.5,0.0,14.5,14.5
600.3,58,108.0,1041.0,0.0,0.0,9.8,83.5,0.0,14.5,14.5
600.36,58,108.0,1041.0,0.0,0.0,9.8,83.5,0.0,14.5,14.5
600.45,58,108.0,1041.0,0.0,1.0,9.8,83.5,0.0,14.5,14.5
600.511,58,108.0,1041.0,0.0,1.0,9.8,83.5,0.0,14.5,14.5
600.6,58,108.0,1041.0,0.0,1.0,9.8,83.5,0.0,14.5,14.5
600.661,58,108.0,1041.0,0.0,1.0,9.8,83.5,0.0,14.5,14.5
600.751,58,108.0,1041.0,0.0,1.0,9.8,83.5,0.0,14.1,14.5
600.814,58,108.0,1041.0,0.0,1.0,9.8,83.5,0.0,14.1,14.5
600.9,58,108.0,1041.0,0.0,1.0,9.8,83.5,0.0,14.1,14.5
600.961,58,108.0,1041.0,0.0,1.0,9.8,83.5,0.0,14.1,14.5
601.049,58,108.0,1038.0,0.0,1.0,9.8,83.5,0.0,14.1,14.5
601.111,58,108.0,1038.0,0.0,1.0,9.8,83.5,0.0,14.1,14.5
601.2,58,108.0,1038.0,0.0,1.0,9.8,83.5,0.0,14.1,14.5
601.26,58,108.0,1038.0,0.0,1.0,9.91,83.5,0.0,14.1,14.5
601.351,58,108.0,1038.0,0.0,1.0,9.91,83.5,0.0,14.1,14.5
601.412,58,108.0,1038.0,0.0,1.0,9.91,83.5,0.0,14.1,14.5
601.5,58,108.0,1038.0,0.0,1.0,9.91,83.5,0.0,14.1,14.5
601.561,58,108.0,1038.0,0.0,1.0,9.91,83.5,0.0,14.1,14.5
601.65,58,108.0,1038.0,0.0,1.0,9.91,83.5,0.0,14.1,14.5
601.711,58,108.0,1038.0,0.0,1.0,9.91,83.5,0.0,14.1,14.5
601.8,58,108.0,1040.0,0.0,1.0,9.91,83.5,0.0,14.1,14.5
601.86,58,108.0,1040.0,0.0,1.0,9.91,83.5,0.0,14.1,14.5
601.953,58,108.0,1040.0,0.0,1.0,9.91,83.5,0.0,14.1,14.5
602.01,58,108.0,1040.0,0.0,1.0,9.86,83.5,0.0,14.1,14.5
602.1,58,108.0,1040.0,0.0,1.0,9.86,83.5,0.0,14.1,14.5
602.16,58,108.0,1040.0,0.0,1.0,9.86,83.5,0.0,14.1,14.5
602.251,58,108.0,1040.0,0.0,1.0,9.86,83.5,0.0,14.1,14.5
602.312,58,108.0,1040.0,0.0,1.0,9.86,83.5,0.0,14.1,14.5
602.4,58,108.0,1040.0,0.0,1.0,9.86,83.5,0.0,14.1,14.5
602.461,58,108.0,1040.0,0.0,1.0,9.86,83.5,0.0,14.1,14.5
602.551,58,108.0,1040.0,0.0,1.0,9.86,83.5,0.0,14.1,14.5
602.612,58,108.0,1040.0,0.0,1.0,9.86,83.5,0.0,14.1,14.5
602.7,58,108.0,1040.0,0.0,1.0,9.86,83.5,0.0,14.1,14.5
602.761,58,108.0,1040.0,0.0,1.0,9.86,83.5,0.0,14.1,14.5
602.851,58,108.0,1040.0,0.0,1.0,9.86,83.5,0.0,14.1,14.5
602.915,58,108.0,1040.0,0.0,1.0,9.86,83.5,0.0,14.1,14.5
602.999,58,108.0,1040.0,0.0,1.0,9.86,83.5,0.0,14.1,14.5
603.06,58,108.0,1040.0,0.0,1.0,9.86,83.5,0.0,14.1,14.5
603.151,58,108.0,1040.0,0.0,1.0,9.86,83.5,0.0,14.1,14.5
603.212,58,108.0,1040.0,0.0,1.0,9.86,83.5,0.0,14.1,14.5
603.3,58,108.0,1040.0,0.0,1.0,9.86,83.5,0.0,14.1,14.5
603.361,58,108.0,1040.0,0.0,1.0,9.86,83.5,0.0,14.1,14.5
603.451,58,108.0,1040.0,0.0,1.0,9.86,83.5,0.0,14.1,14.5
603.512,58,108.0,1040.0,0.0,1.0,9.97,83.5,0.0,14.1,14.5
603.6,58,108.0,1040.0,0.0,1.0,9.97,83.5,0.0,14.1,14.5
603.661,58,108.0,1040.0,0.0,1.0,9.97,83.5,0.0,14.1,14.5
603.751,58,108.0,1040.0,0.0,1.0,9.97,83.5,0.0,14.1,14.5
603.813,58,108.0,1040.0,0.0,1.0,9.97,83.5,0.0,14.1,14.5
603.9,58,108.0,1040.0,0.0,1.0,9.97,83.5,0.0,14.1,14.5
603.96,58,108.0,1040.0,0.0,1.0,9.97,83.5,0.0,14.1,14.5
604.05,58,108.0,1038.0,0.0,1.0,9.97,83.5,0.0,14.1,14.5
604.111,58,108.0,1038.0,0.0,1.0,9.97,83.5,0.0,14.1,14.5
604.2,58,108.0,1038.0,0.0,1.0,9.97,83.5,0.0,14.1,14.5
604.26,58,108.0,1038.0,0.0,1.0,9.88,83.5,0.0,14.1,14.5
604.351,58,108.0,1038.0,0.0,1.0,9.88,83.5,0.0,14.1,14.5
604.414,58,108.0,1038.0,0.0,1.0,9.88,83.5,0.0,14.1,14.5
604.5,58,108.0,1038.0,0.0,1.0,9.88,83.5,0.0,14.1,14.5
604.562,58,108.0,1038.0,0.0,1.0,9.88,83.5,0.0,14.1,14.5
604.65,58,108.0,1038.0,0.0,1.0,9.88,83.5,0.0,14.1,14.5
604.713,58,108.0,1038.0,0.0,1.0,9.88,83.5,0.0,14.1,14.5
604.8,58,108.0,1038.0,0.0,1.0,9.88,83.5,0.0,14.1,14.5
604.862,58,108.0,1038.0,0.0,1.0,9.88,83.5,0.0,14.1,14.5
604.952,58,108.0,1038.0,0.0,1.0,9.88,83.5,0.0,14.1,14.5
605.01,58,108.0,1038.0,0.0,1.0,9.91,83.5,0.0,14.1,14.5
605.1,58,108.0,1038.0,0.0,1.0,9.91,83.5,0.0,14.1,14.5
605.161,58,108.0,1038.0,0.0,1.0,9.91,83.5,0.0,14.1,14.5
605.251,58,108.0,1038.0,0.0,1.0,9.91,83.5,0.0,14.1,14.5
605.312,58,108.0,1038.0,0.0,1.0,9.91,83.5,0.0,14.1,14.5
605.399,58,108.0,1038.0,0.0,1.0,9.91,83.5,0.0,14.1,14.5
605.461,58,108.0,1038.0,0.0,1.0,9.91,83.5,0.0,14.1,14.5
605.549,58,108.0,1039.0,0.0,1.0,9.91,83.5,0.0,14.1,14.5
605.611,58,108.0,1039.0,0.0,1.0,9.91,83.5,0.0,14.1,14.5
605.7,58,108.0,1039.0,0.0,1.0,9.91,83.5,0.0,14.1,14.5
605.76,58,108.0,1039.0,0.0,1.0,9.77,83.5,0.0,14.1,14.5
605.85,58,108.0,1039.0,0.0,1.0,9.77,83.5,0.0,14.1,14.5
605.91,58,108.0,1039.0,0.0,1.0,9.77,83.5,0.0,14.1,14.5
605.999,58,108.0,1039.0,0.0,1.0,9.77,83.5,0.0,14.1,14.5
606.06,58,108.0,1039.0,0.0,1.0,9.77,83.5,0.0,14.1,14.5
606.15,58,108.0,1039.0,0.0,1.0,9.77,83.5,0.0,14.1,14.5
606.21,58,108.0,1039.0,0.0,1.0,9.77,83.5,0.0,14.1,14.5
606.3,58,108.0,1040.0,0.0,1.0,9.77,83.5,0.0,14.1,14.5
606.361,58,108.0,1040.0,0.0,1.0,9.77,83.5,0.0,14.1,14.5
606.451,58,108.0,1040.0,0.0,1.0,9.77,83.5,0.0,14.1,14.5
606.512,58,108.0,1040.0,0.0,1.0,9.8,83.5,0.0,14.1,14.5
606.6,58,108.0,1040.0,0.0,1.0,9.8,83.5,0.0,14.1,14.5
606.678,58,108.0,1040.0,0.0,1.0,9.8,83.5,0.0,14.1,14.5
606.75,58,108.0,1040.0,0.0,1.0,9.8,83.5,0.0,14.1,14.5
606.812,58,108.0,1040.0,0.0,1.0,9.8,83.5,0.0,14.1,14.5
606.901,58,108.0,1040.0,0.0,1.0,9.8,83.5,0.0,14.1,14.5
606.99,58,108.0,1040.0,0.0,1.0,9.8,83.5,0.0,14.1,14.5
607.051,58,108.0,1039.0,0.0,1.0,9.8,83.5,0.0,14.1,14.5
607.11,58,108.0,1039.0,0.0,1.0,9.8,83.5,0.0,14.1,14.5
607.2,58,108.0,1039.0,0.0,1.0,9.8,83.5,0.0,14.1,14.5
607.26,58,108.0,1039.0,0.0,1.0,9.88,83.5,0.0,14.1,14.5
607.35,58,108.0,1039.0,0.0,1.0,9.88,83.5,0.0,14.1,14.5
607.41,58,108.0,1039.0,0.0,1.0,9.88,83.5,0.0,14.1,14.5
607.5,58,108.0,1039.0,0.0,1.0,9.88,83.5,0.0,14.5,14.5
607.561,58,108.0,1039.0,0.0,1.0,9.88,83.5,0.0,14.5,14.5
607.65,58,108.0,1039.0,0.0,1.0,9.88,83.5,0.0,14.5,14.5
607.711,58,108.0,1039.0,0.0,1.0,9.88,83.5,0.0,14.5,14.5
607.799,58,108.0,1041.0,0.0,1.0,9.88,83.5,0.0,14.5,14.5
607.862,58,108.0,1041.0,0.0,1.0,9.88,83.5,0.0,14.5,14.5
607.95,58,108.0,1041.0,0.0,1.0,9.88,83.5,0.0,14.5,14.5
608.01,58,108.0,1041.0,0.0,1.0,9.83,83.5,0.0,14.5,14.5
608.1,58,108.0,1041.0,0.0,1.0,9.83,83.5,0.0,14.5,14.5
608.161,58,108.0,1041.0,0.0,1.0,9.83,83.5,0.0,14.5,14.5
608.251,58,108.0,1041.0,0.0,1.0,9.83,83.5,0.0,14.1,14.5
608.312,58,108.0,1041.0,0.0,1.0,9.83,83.5,0.0,14.1,14.5
608.4,58,108.0,1041.0,0.0,1.0,9.83,83.5,0.0,14.1,14.5
608.461,58,108.0,1041.0,0.0,1.0,9.83,83.5,0.0,14.1,14.5
608.559,58,108.0,1043.0,0.0,1.0,9.83,83.5,0.0,14.1,14.5
608.67,58,108.0,1043.0,0.0,1.0,9.83,83.5,0.0,14.1,14.5
608.76,58,108.0,1043.0,0.0,1.0,9.83,83.5,0.0,14.1,14.5
608.849,58,108.0,1043.0,0.0,1.0,9.63,83.5,0.0,14.1,14.5
608.91,58,108.0,1043.0,0.0,1.0,9.63,83.5,0.0,14.1,14.5
608.999,58,108.0,1043.0,0.0,1.0,9.63,83.5,0.0,14.1,14.5
609.06,58,108.0,1043.0,0.0,1.0,9.63,83.5,0.0,14.5,14.5
609.149,58,108.0,1043.0,0.0,1.0,9.63,83.5,0.0,14.5,14.5
609.211,58,108.0,1043.0,0.0,1.0,9.63,83.5,0.0,14.5,14.5
609.3,58,108.0,1043.0,0.0,1.0,9.63,83.5,0.0,14.5,14.5
609.362,58,108.0,1041.0,0.0,1.0,9.63,83.5,0.0,14.5,14.5
609.45,58,108.0,1041.0,0.0,1.0,9.63,83.5,0.0,14.5,14.5
609.512,58,108.0,1041.0,0.0,1.0,9.63,83.5,0.0,14.5,14.5
609.6,58,108.0,1041.0,0.0,1.0,9.94,83.5,0.0,14.5,14.5
609.661,58,108.0,1041.0,0.0,1.0,9.94,83.5,0.0,14.5,14.5
609.749,58,108.0,1041.0,0.0,1.0,9.94,83.5,0.0,14.5,14.5
609.811,58,108.0,1041.0,0.0,1.0,9.94,83.5,0.0,14.1,14.5
609.9,58,108.0,1041.0,0.0,1.0,9.94,83.5,0.0,14.1,14.5
609.96,58,108.0,1041.0,0.0,1.0,9.94,83.5,0.0,14.1,14.5
610.049,58,108.0,1041.0,0.0,1.0,9.94,83.5,0.0,14.1,14.5
610.11,58,108.0,1041.0,0.0,1.0,9.94,83.5,0.0,14.1,14.5
610.2,58,108.0,1041.0,0.0,1.0,9.94,83.5,0.0,14.1,14.5
610.26,58,108.0,1041.0,0.0,1.0,9.94,83.5,0.0,14.1,14.5
610.35,58,108.0,1041.0,0.0,1.0,9.63,83.5,0.0,14.1,14.5
610.41,58,108.0,1041.0,0.0,1.0,9.63,83.5,0.0,14.1,14.5
610.499,58,108.0,1041.0,0.0,1.0,9.63,83.5,0.0,14.1,14.5
610.56,58,108.0,1041.0,0.0,1.0,9.63,83.5,0.0,14.1,14.5
610.649,58,108.0,1041.0,0.0,1.0,9.63,83.5,0.0,14.1,14.5
610.71,58,108.0,1041.0,0.0,1.0,9.63,83.5,0.0,14.1,14.5
610.8,58,108.0,1041.0,0.0,1.0,9.63,83.5,0.0,14.1,14.5
610.86,58,108.0,1039.0,0.0,1.0,9.63,83.5,0.0,14.1,14.5
610.951,58,108.0,1039.0,0.0,1.0,9.63,83.5,0.0,14.1,14.5
611.01,58,108.0,1039.0,0.0,1.0,9.63,83.5,0.0,14.1,14.5
611.1,58,108.0,1039.0,0.0,1.0,9.83,83.5,0.0,14.1,14.5
611.16,58,108.0,1039.0,0.0,1.0,9.83,83.5,0.0,14.1,14.5
611.249,58,108.0,1039.0,0.0,1.0,9.83,83.5,0.0,14.1,14.5
611.31,58,108.0,1039.0,0.0,1.0,9.83,83.5,0.0,14.1,14.5
611.399,58,108.0,1039.0,0.0,1.0,9.83,83.5,0.0,14.1,14.5
611.46,58,108.0,1039.0,0.0,1.0,9.83,83.5,0.0,14.1,14.5
611.549,58,108.0,1039.0,0.0,1.0,9.83,83.5,0.0,14.1,14.5
611.611,58,108.0,1040.0,0.0,1.0,9.83,83.5,0.0,14.1,14.5
611.702,58,108.0,1040.0,0.0,1.0,9.83,83.5,0.0,14.1,14.5
611.79,58,108.0,1040.0,0.0,1.0,9.83,83.5,0.0,14.1,14.5
611.849,58,108.0,1040.0,0.0,1.0,9.91,83.5,0.0,14.1,14.5
611.91,58,108.0,1040.0,0.0,1.0,9.91,83.5,0.0,14.1,14.5
611.999,58,108.0,1040.0,0.0,1.0,9.91,83.5,0.0,14.1,14.5
612.06,58,108.0,1040.0,0.0,1.0,9.91,83.5,0.0,14.1,14.5
612.149,58,108.0,1040.0,0.0,1.0,9.91,83.5,0.0,14.1,14.5
612.211,58,108.0,1040.0,0.0,1.0,9.91,83.5,0.0,14.1,14.5
612.3,58,108.0,1040.0,0.0,1.0,9.91,83.5,0.0,14.1,14.5
612.361,58,108.0,1041.0,0.0,1.0,9.91,83.5,0.0,14.1,14.5
612.45,58,108.0,1041.0,0.0,1.0,9.91,83.5,0.0,14.1,14.5
612.511,58,108.0,1041.0,0.0,1.0,9.91,83.5,0.0,14.1,14.5
612.6,58,108.0,1041.0,0.0,1.0,9.83,83.5,0.0,14.1,14.5
612.661,58,108.0,1041.0,0.0,1.0,9.83,83.5,0.0,14.1,14.5
612.75,58,108.0,1041.0,0.0,1.0,9.83,83.5,0.0,14.1,14.5
612.811,58,108.0,1041.0,0.0,1.0,9.83,83.5,0.0,14.1,14.5
612.9,58,108.0,1041.0,0.0,1.0,9.83,83.5,0.0,14.1,14.5
612.961,58,108.0,1041.0,0.0,1.0,9.83,83.5,0.0,14.1,14.5
613.05,58,108.0,1041.0,0.0,1.0,9.83,83.5,0.0,14.1,14.5
613.17,58,108.0,1037.0,0.0,1.0,9.83,83.5,0.0,14.1,14.5
613.259,58,108.0,1037.0,0.0,1.0,9.83,83.5,0.0,14.1,14.5
613.35,58,108.0,1037.0,0.0,1.0,9.83,83.5,0.0,14.1,14.5
613.411,58,108.0,1037.0,0.0,1.0,9.69,83.5,0.0,14.1,14.5
613.5,58,108.0,1037.0,0.0,1.0,9.69,83.5,0.0,14.1,14.5
613.561,58,108.0,1037.0,0.0,1.0,9.69,83.5,0.0,14.1,14.5
613.65,58,108.0,1037.0,0.0,1.0,9.69,83.5,0.0,14.5,14.5
613.711,58,108.0,1037.0,0.0,1.0,9.69,83.5,0.0,14.5,14.5
613.8,58,108.0,1037.0,0.0,1.0,9.69,83.5,0.0,14.5,14.5
613.861,58,108.0,1037.0,0.0,1.0,9.69,83.5,0.0,14.5,14.5
613.949,58,108.0,1039.0,0.0,1.0,9.69,83.5,0.0,14.5,14.5
614.01,58,108.0,1039.0,0.0,1.0,9.69,83.5,0.0,14.5,14.5
614.099,58,108.0,1039.0,0.0,1.0,9.69,83.5,0.0,14.5,14.5
614.163,58,108.0,1039.0,0.0,1.0,9.61,83.5,0.0,14.5,14.5
614.25,58,108.0,1039.0,0.0,1.0,9.61,83.5,0.0,14.5,14.5
614.311,58,108.0,1039.0,0.0,1.0,9.61,83.5,0.0,14.5,14.5
614.4,58,108.0,1039.0,0.0,1.0,9.61,83.5,0.0,14.1,14.5
614.461,58,108.0,1039.0,0.0,1.0,9.61,83.5,0.0,14.1,14.5
614.55,58,108.0,1039.0,0.0,1.0,9.61,83.5,0.0,14.1,14.5
614.611,58,108.0,1039.0,0.0,1.0,9.61,83.5,0.0,14.1,14.5
614.701,58,108.0,1039.0,0.0,1.0,9.61,83.5,0.0,14.1,14.5
614.761,58,108.0,1039.0,0.0,1.0,9.61,83.5,0.0,14.1,14.5
614.849,58,108.0,1039.0,0.0,1.0,9.61,83.5,0.0,14.1,14.5
614.911,58,108.0,1039.0,0.0,1.0,9.88,83.5,0.0,14.1,14.5
614.999,58,108.0,1039.0,0.0,1.0,9.88,83.5,0.0,14.1,14.5
615.06,58,108.0,1039.0,0.0,1.0,9.88,83.5,0.0,14.1,14.5
615.149,58,108.0,1039.0,0.0,1.0,9.88,83.5,0.0,14.1,14.5
615.211,58,108.0,1039.0,0.0,1.0,9.88,83.5,0.0,14.1,14.5
615.299,58,108.0,1039.0,0.0,1.0,9.88,83.5,0.0,14.1,14.5
615.361,58,108.0,1039.0,0.0,1.0,9.88,83.5,0.0,14.1,14.5
615.45,58,108.0,1038.0,0.0,1.0,9.88,83.5,0.0,14.1,14.5
615.513,58,108.0,1038.0,0.0,1.0,9.88,83.5,0.0,14.1,14.5
615.6,58,108.0,1038.0,0.0,1.0,9.88,83.5,0.0,14.1,14.5
615.661,58,108.0,1038.0,0.0,1.0,9.86,83.5,0.0,14.1,14.5
615.749,58,108.0,1038.0,0.0,1.0,9.86,83.5,0.0,14.1,14.5
615.811,58,108.0,1038.0,0.0,1.0,9.86,83.5,0.0,14.1,14.5
615.899,58,108.0,1038.0,0.0,1.0,9.86,83.5,0.0,14.5,14.5
615.96,58,108.0,1038.0,0.0,1.0,9.86,83.5,0.0,14.5,14.5
616.049,58,108.0,1038.0,0.0,1.0,9.86,83.5,0.0,14.5,14.5
616.11,58,108.0,1038.0,0.0,1.0,9.86,83.5,0.0,14.5,14.5
616.199,58,108.0,1038.0,0.0,1.0,9.86,83.5,0.0,14.5,14.5
616.26,58,108.0,1038.0,0.0,1.0,9.86,83.5,0.0,14.5,14.5
616.349,58,108.0,1038.0,0.0,1.0,9.86,83.5,0.0,14.5,14.5
616.411,58,108.0,1038.0,0.0,1.0,9.8,83.5,0.0,14.5,14.5
616.5,58,108.0,1038.0,0.0,1.0,9.8,83.5,0.0,14.5,14.5
616.561,58,108.0,1038.0,0.0,1.0,9.8,83.5,0.0,14.5,14.5
616.649,58,108.0,1038.0,0.0,1.0,9.8,83.5,0.0,14.5,14.5
616.711,58,108.0,1038.0,0.0,1.0,9.8,83.5,0.0,14.5,14.5
616.8,58,108.0,1038.0,0.0,1.0,9.8,83.5,0.0,14.5,14.5
616.861,58,108.0,1038.0,0.0,1.0,9.8,83.5,0.0,14.5,14.5
616.949,58,108.0,1039.0,0.0,1.0,9.8,83.5,0.0,14.5,14.5
617.01,58,108.0,1039.0,0.0,1.0,9.8,83.5,0.0,14.5,14.5
617.1,58,108.0,1039.0,0.0,1.0,9.8,83.5,0.0,14.5,14.5
617.16,58,108.0,1039.0,0.0,1.0,9.91,83.5,0.0,14.5,14.5
617.249,58,108.0,1039.0,0.0,1.0,9.91,83.5,0.0,14.5,14.5
617.31,58,108.0,1039.0,0.0,1.0,9.91,83.5,0.0,14.5,14.5
617.399,58,108.0,1039.0,0.0,1.0,9.91,83.5,0.0,14.1,14.5
617.46,58,108.0,1039.0,0.0,1.0,9.91,83.5,0.0,14.1,14.5
617.548,58,108.0,1039.0,0.0,1.0,9.91,83.5,0.0,14.1,14.5
617.61,58,108.0,1039.0,0.0,1.0,9.91,83.5,0.0,14.1,14.5
617.7,58,108.0,1038.0,0.0,1.0,9.91,83.5,0.0,14.1,14.5
617.76,58,108.0,1038.0,0.0,1.0,9.91,83.5,0.0,14.1,14.5
617.851,58,108.0,1038.0,0.0,1.0,9.91,83.5,0.0,14.1,14.5
617.91,58,108.0,1038.0,0.0,1.0,9.86,83.5,0.0,14.1,14.5
617.999,58,108.0,1038.0,0.0,1.0,9.86,83.5,0.0,14.1,14.5
618.06,58,108.0,1038.0,0.0,1.0,9.86,83.5,0.0,14.1,14.5
618.15,58,108.0,1038.0,0.0,1.0,9.86,83.5,0.0,14.1,14.5
618.212,58,108.0,1038.0,0.0,1.0,9.86,83.5,0.0,14.1,14.5
618.3,58,108.0,1038.0,0.0,1.0,9.86,83.5,0.0,14.1,14.5
618.36,58,108.0,1038.0,0.0,1.0,9.86,83.5,0.0,14.1,14.5
618.45,58,108.0,1039.0,0.0,1.0,9.86,83.5,0.0,14.1,14.5
618.511,58,108.0,1039.0,0.0,1.0,9.86,83.5,0.0,14.1,14.5
618.6,58,108.0,1039.0,0.0,1.0,9.86,83.5,0.0,14.1,14.5
618.661,58,108.0,1039.0,0.0,1.0,9.88,83.5,0.0,14.1,14.5
618.75,58,108.0,1039.0,0.0,1.0,9.88,83.5,0.0,14.1,14.5
618.811,58,108.0,1039.0,0.0,1.0,9.88,83.5,0.0,14.1,14.5
618.9,58,108.0,1039.0,0.0,1.0,9.88,83.5,0.0,14.1,14.5
618.96,58,108.0,1039.0,0.0,1.0,9.88,83.5,0.0,14.1,14.5
619.049,58,108.0,1039.0,0.0,1.0,9.88,83.5,0.0,14.1,14.5
619.109,58,108.0,1039.0,0.0,1.0,9.88,83.5,0.0,14.1,14.5
619.199,58,108.0,1039.0,0.0,1.0,9.88,83.5,0.0,14.1,14.5
619.26,58,108.0,1039.0,0.0,1.0,9.88,83.5,0.0,14.1,14.5
619.35,58,108.0,1039.0,0.0,1.0,9.88,83.5,0.0,14.1,14.5
619.41,58,108.0,1039.0,0.0,1.0,9.66,83.5,0.0,14.1,14.5
619.499,58,108.0,1039.0,0.0,1.0,9.66,83.5,0.0,14.1,14.5
619.562,58,108.0,1039.0,0.0,1.0,9.66,83.5,0.0,14.1,14.5
619.649,58,108.0,1039.0,0.0,1.0,9.66,83.5,0.0,14.1,14.5
619.711,58,108.0,1039.0,0.0,1.0,9.66,83.5,0.0,14.1,14.5
619.799,58,108.0,1039.0,0.0,1.0,9.66,83.5,0.0,14.1,14.5
619.861,58,108.0,1039.0,0.0,1.0,9.66,83.5,0.0,14.1,14.5
619.949,58,108.0,1039.0,0.0,1.0,9.66,83.5,0.0,14.1,14.5
620.01,58,108.0,1039.0,0.0,1.0,9.66,83.5,0.0,14.1,14.5
620.1,58,108.0,1039.0,0.0,1.0,9.66,83.5,0.0,14.1,14.5
620.16,58,108.0,1039.0,0.0,1.0,9.72,83.5,0.0,14.1,14.5
620.25,58,108.0,1039.0,0.0,1.0,9.72,83.5,0.0,14.1,14.5
620.311,58,108.0,1039.0,0.0,1.0,9.72,83.5,0.0,14.1,14.5
620.4,58,108.0,1039.0,0.0,1.0,9.72,83.5,0.0,14.1,14.5
620.49,58,108.0,1039.0,0.0,1.0,9.72,83.5,0.0,14.1,14.5
620.551,58,108.0,1039.0,0.0,1.0,9.72,83.5,0.0,14.1,14.5
620.64,58,108.0,1039.0,0.0,1.0,9.72,83.5,0.0,14.1,14.5
620.701,58,108.0,1039.0,0.0,1.0,9.72,83.5,0.0,14.1,14.5
620.79,58,108.0,1039.0,0.0,1.0,9.72,83.5,0.0,14.1,14.5
620.851,58,108.0,1039.0,0.0,1.0,9.72,83.5,0.0,14.1,14.5
620.94,58,108.0,1039.0,0.0,1.0,9.69,83.5,0.0,14.1,14.5
620.999,58,108.0,1039.0,0.0,1.0,9.69,83.5,0.0,14.1,14.5
621.089,58,108.0,1039.0,0.0,1.0,9.69,83.5,0.0,14.1,14.5
621.179,58,108.0,1039.0,0.0,1.0,9.69,83.5,0.0,14.1,14.5
621.27,58,108.0,1039.0,0.0,1.0,9.69,83.5,0.0,14.1,14.5
621.36,58,108.0,1039.0,0.0,1.0,9.69,83.5,0.0,14.1,14.5
621.449,58,108.0,1039.0,0.0,1.0,9.69,83.5,0.0,14.1,14.5
621.54,58,108.0,1040.0,0.0,1.0,9.69,83.5,0.0,14.1,14.5
621.601,58,108.0,1040.0,0.0,1.0,9.69,83.5,0.0,14.1,14.5
621.689,58,108.0,1040.0,0.0,1.0,9.69,83.5,0.0,14.1,14.5
621.751,58,108.0,1040.0,0.0,1.0,9.63,83.5,0.0,14.1,14.5
621.84,58,108.0,1040.0,0.0,1.0,9.63,83.5,0.0,14.1,14.5
621.901,58,108.0,1040.0,0.0,1.0,9.63,83.5,0.0,14.1,14.5
621.989,58,108.0,1040.0,0.0,1.0,9.63,83.5,0.0,14.1,14.5
622.05,58,108.0,1040.0,0.0,1.0,9.63,83.5,0.0,14.1,14.5
622.139,58,108.0,1040.0,0.0,1.0,9.63,83.5,0.0,14.1,14.5
622.201,58,108.0,1040.0,0.0,1.0,9.63,83.5,0.0,14.1,14.5
622.289,58,108.0,1040.0,0.0,1.0,9.63,83.5,0.0,14.1,14.5
622.351,58,108.0,1040.0,0.0,1.0,9.63,83.5,0.0,14.1,14.5
622.412,58,108.0,1040.0,0.0,1.0,9.63,83.5,0.0,14.1,14.5
622.5,58,108.0,1040.0,0.0,1.0,9.72,83.5,0.0,14.1,14.5
622.589,58,108.0,1040.0,0.0,1.0,9.72,83.5,0.0,14.1,14.5
622.651,58,108.0,1040.0,0.0,1.0,9.72,83.5,0.0,14.1,14.5
622.739,58,108.0,1040.0,0.0,1.0,9.72,83.5,0.0,14.5,14.5
622.801,58,108.0,1040.0,0.0,1.0,9.72,83.5,0.0,14.5,14.5
622.862,58,108.0,1040.0,0.0,1.0,9.72,83.5,0.0,14.5,14.5
622.951,58,108.0,1040.0,0.0,1.0,9.72,83.5,0.0,14.5,14.5
623.1,58,108.0,1041.0,0.0,1.0,9.72,83.5,0.0,14.5,14.5
623.161,58,108.0,1041.0,0.0,1.0,9.72,83.5,0.0,14.5,14.5
623.25,58,108.0,1041.0,0.0,1.0,9.72,83.5,0.0,14.5,14.5
623.312,58,108.0,1041.0,0.0,1.0,9.8,83.5,0.0,14.5,14.5
623.399,58,108.0,1041.0,0.0,1.0,9.8,83.5,0.0,14.5,14.5
623.462,58,108.0,1041.0,0.0,1.0,9.8,83.5,0.0,14.5,14.5
623.551,58,108.0,1041.0,0.0,1.0,9.8,83.5,0.0,14.1,14.5
623.64,58,108.0,1041.0,0.0,1.0,9.8,83.5,0.0,14.1,14.5
623.729,58,108.0,1041.0,0.0,1.0,9.8,83.5,0.0,14.1,14.5
623.819,58,108.0,1041.0,0.0,1.0,9.8,83.5,0.0,14.1,14.5
623.91,58,108.0,1038.0,0.0,1.0,9.8,83.5,0.0,14.1,14.5
623.999,58,108.0,1038.0,0.0,1.0,9.8,83.5,0.0,14.1,14.5
624.089,58,108.0,1038.0,0.0,1.0,9.8,83.5,0.0,14.1,14.5
624.179,58,108.0,1038.0,0.0,1.0,9.74,83.5,0.0,14.1,14.5
624.269,58,108.0,1038.0,0.0,1.0,9.74,83.5,0.0,14.1,14.5
624.36,58,108.0,1038.0,0.0,1.0,9.74,83.5,0.0,14.1,14.5
624.449,58,108.0,1038.0,0.0,1.0,9.74,83.5,0.0,14.1,14.5
624.54,58,108.0,1038.0,0.0,1.0,9.74,83.5,0.0,14.1,14.5
624.629,58,108.0,1038.0,0.0,1.0,9.74,83.5,0.0,14.1,14.5
624.719,58,108.0,1038.0,0.0,1.0,9.74,83.5,0.0,14.1,14.5
624.81,58,108.0,1038.0,0.0,1.0,9.74,83.5,0.0,14.1,14.5
624.9,58,108.0,1038.0,0.0,1.0,9.74,83.5,0.0,14.1,14.5
624.989,58,108.0,1038.0,0.0,1.0,9.74,83.5,0.0,14.1,14.5
625.08,58,108.0,1038.0,0.0,1.0,9.77,83.5,0.0,14.1,14.5
625.169,58,108.0,1038.0,0.0,1.0,9.77,83.5,0.0,14.1,14.5
625.26,58,108.0,1038.0,0.0,1.0,9.77,83.5,0.0,14.1,14.5
625.349,58,108.0,1038.0,0.0,1.0,9.77,83.5,0.0,14.1,14.5
625.439,58,108.0,1038.0,0.0,1.0,9.77,83.5,0.0,14.1,14.5
625.53,58,108.0,1038.0,0.0,1.0,9.77,83.5,0.0,14.1,14.5
625.619,58,108.0,1038.0,0.0,1.0,9.77,83.5,0.0,14.1,14.5
625.71,58,108.0,1039.0,0.0,1.0,9.77,83.5,0.0,14.1,14.5
625.799,58,108.0,1039.0,0.0,1.0,9.77,83.5,0.0,14.1,14.5
625.889,58,108.0,1039.0,0.0,1.0,9.77,83.5,0.0,14.1,14.5
625.979,58,108.0,1039.0,0.0,1.0,9.83,83.5,0.0,14.1,14.5
626.069,58,108.0,1039.0,0.0,1.0,9.83,83.5,0.0,14.1,14.5
626.159,58,108.0,1039.0,0.0,1.0,9.83,83.5,0.0,14.1,14.5
626.249,58,108.0,1039.0,0.0,1.0,9.83,83.5,0.0,14.1,14.5
626.34,58,108.0,1039.0,0.0,1.0,9.83,83.5,0.0,14.1,14.5
626.429,58,108.0,1039.0,0.0,1.0,9.83,83.5,0.0,14.1,14.5
626.519,58,108.0,1039.0,0.0,1.0,9.83,83.5,0.0,14.1,14.5
626.61,58,108.0,1039.0,0.0,1.0,9.83,83.5,0.0,14.1,14.5
626.7,58,108.0,1039.0,0.0,1.0,9.83,83.5,0.0,14.1,14.5
626.79,58,108.0,1039.0,0.0,1.0,9.83,83.5,0.0,14.1,14.5
626.879,58,108.0,1039.0,0.0,1.0,9.74,83.5,0.0,14.1,14.5
626.969,58,108.0,1039.0,0.0,1.0,9.74,83.5,0.0,14.1,14.5
627.059,58,108.0,1039.0,0.0,1.0,9.74,83.5,0.0,14.1,14.5
627.15,58,108.0,1039.0,0.0,1.0,9.74,83.5,0.0,14.5,14.5
627.239,58,108.0,1039.0,0.0,1.0,9.74,83.5,0.0,14.5,14.5
627.329,58,108.0,1039.0,0.0,1.0,9.74,83.5,0.0,14.5,14.5
627.42,58,108.0,1039.0,0.0,1.0,9.74,83.5,0.0,14.5,14.5
627.51,58,108.0,1039.0,0.0,1.0,9.74,83.5,0.0,14.5,14.5
627.599,58,108.0,1039.0,0.0,1.0,9.74,83.5,0.0,14.5,14.5
627.689,58,108.0,1039.0,0.0,1.0,9.74,83.5,0.0,14.5,14.5
627.779,58,108.0,1039.0,0.0,1.0,9.72,83.5,0.0,14.5,14.5
627.869,58,108.0,1039.0,0.0,1.0,9.72,83.5,0.0,14.5,14.5
627.959,58,108.0,1039.0,0.0,1.0,9.72,83.5,0.0,14.5,14.5
628.048,58,108.0,1039.0,0.0,1.0,9.72,83.5,0.0,14.1,14.5
628.169,58,108.0,1039.0,0.0,1.0,9.72,83.5,0.0,14.1,14.5
628.258,58,108.0,1039.0,0.0,1.0,9.72,83.5,0.0,14.1,14.5
628.348,58,108.0,1039.0,0.0,1.0,9.72,83.5,0.0,14.1,14.5
628.439,58,108.0,1040.0,0.0,1.0,9.72,83.5,0.0,14.1,14.5
628.529,58,108.0,1040.0,0.0,1.0,9.72,83.5,0.0,14.1,14.5
628.619,58,108.0,1040.0,0.0,1.0,9.72,83.5,0.0,14.1,14.5
628.709,58,108.0,1040.0,0.0,1.0,9.69,83.5,0.0,14.1,14.5
628.799,58,108.0,1040.0,0.0,1.0,9.69,83.5,0.0,14.1,14.5
628.889,58,108.0,1040.0,0.0,1.0,9.69,83.5,0.0,14.1,14.5
628.979,58,108.0,1040.0,0.0,1.0,9.69,83.5,0.0,14.1,14.5
629.07,58,108.0,1040.0,0.0,1.0,9.69,83.5,0.0,14.1,14.5
629.159,58,108.0,1040.0,0.0,1.0,9.69,83.5,0.0,14.1,14.5
629.249,58,108.0,1040.0,0.0,1.0,9.69,83.5,0.0,14.1,14.5
629.34,58,108.0,1041.0,0.0,1.0,9.69,83.5,0.0,14.1,14.5
629.43,58,108.0,1041.0,0.0,1.0,9.69,83.5,0.0,14.1,14.5
629.52,58,108.0,1041.0,0.0,1.0,9.69,83.5,0.0,14.1,14.5
629.61,58,108.0,1041.0,0.0,1.0,9.86,83.5,0.0,14.1,14.5
629.699,58,108.0,1041.0,0.0,1.0,9.86,83.5,0.0,14.1,14.5
629.79,58,108.0,1041.0,0.0,1.0,9.86,83.5,0.0,14.1,14.5
629.879,58,108.0,1041.0,0.0,1.0,9.86,83.5,0.0,14.1,14.5
629.969,58,108.0,1041.0,0.0,1.0,9.86,83.5,0.0,14.1,14.5
630.059,58,108.0,1041.0,0.0,1.0,9.86,83.5,0.0,14.1,14.5
630.149,58,108.0,1041.0,0.0,1.0,9.86,83.5,0.0,14.1,14.5
630.239,58,108.0,1041.0,0.0,1.0,9.86,83.5,0.0,14.1,14.5
630.33,58,108.0,1041.0,0.0,1.0,9.86,83.5,0.0,14.1,14.5
630.42,58,108.0,1041.0,0.0,2.0,9.86,83.5,0.0,14.1,14.5
630.51,58,108.0,1041.0,0.0,2.0,9.69,83.5,0.0,14.1,14.5
630.599,58,108.0,1041.0,0.0,2.0,9.69,83.5,0.0,14.1,14.5
630.689,58,108.0,1041.0,0.0,2.0,9.69,83.5,0.0,14.1,14.5
630.781,58,108.0,1041.0,0.0,2.0,9.69,83.5,0.0,14.1,14.5
630.869,58,108.0,1041.0,0.0,2.0,9.69,83.5,0.0,14.1,14.5
630.959,58,108.0,1041.0,0.0,2.0,9.69,83.5,0.0,14.1,14.5
631.049,58,108.0,1041.0,0.0,2.0,9.69,83.5,0.0,14.1,14.5
631.14,58,108.0,1038.0,0.0,2.0,9.69,83.5,0.0,14.1,14.5
631.23,58,108.0,1038.0,0.0,2.0,9.69,83.5,0.0,14.1,14.5
631.321,58,108.0,1038.0,0.0,1.0,9.69,83.5,0.0,14.1,14.5
631.409,58,108.0,1038.0,0.0,1.0,9.83,83.5,0.0,14.1,14.5
631.499,58,108.0,1038.0,0.0,1.0,9.83,83.5,0.0,14.1,14.5
631.589,58,108.0,1038.0,0.0,1.0,9.83,83.5,0.0,14.1,14.5
631.679,58,108.0,1038.0,0.0,1.0,9.83,83.5,0.0,14.1,14.5
631.77,58,108.0,1038.0,0.0,1.0,9.83,83.5,0.0,14.1,14.5
631.859,58,108.0,1038.0,0.0,1.0,9.83,83.5,0.0,14.1,14.5
631.949,58,108.0,1038.0,0.0,1.0,9.83,83.5,0.0,14.1,14.5
632.039,58,108.0,1039.0,0.0,1.0,9.83,83.5,0.0,14.1,14.5
632.129,58,108.0,1039.0,0.0,1.0,9.83,83.5,0.0,14.1,14.5
632.22,58,108.0,1039.0,0.0,2.0,9.83,83.5,0.0,14.1,14.5
632.339,58,108.0,1039.0,0.0,2.0,9.8,83.5,0.0,14.1,14.5
632.43,58,108.0,1039.0,0.0,2.0,9.8,83.5,0.0,14.1,14.5
632.519,58,108.0,1039.0,0.0,2.0,9.8,83.5,0.0,14.1,14.5
632.609,58,108.0,1039.0,0.0,2.0,9.8,83.5,0.0,14.1,14.5
632.7,58,108.0,1039.0,0.0,2.0,9.8,83.5,0.0,14.1,14.5
632.789,58,108.0,1039.0,0.0,2.0,9.8,83.5,0.0,14.1,14.5
632.88,58,108.0,1039.0,0.0,2.0,9.8,83.5,0.0,14.1,14.5
632.97,58,108.0,1038.0,0.0,2.0,9.8,83.5,0.0,14.1,14.5
633.059,58,108.0,1038.0,0.0,2.0,9.8,83.5,0.0,14.1,14.5
633.18,58,108.0,1038.0,0.0,2.0,9.8,83.5,0.0,14.1,14.5
633.27,58,108.0,1038.0,0.0,2.0,9.8,83.5,0.0,14.1,14.5
633.359,58,108.0,1038.0,0.0,2.0,9.8,83.5,0.0,14.1,14.5
633.479,58,108.0,1038.0,0.0,2.0,9.8,83.5,0.0,14.1,14.5
633.569,58,108.0,1038.0,0.0,2.0,9.8,83.5,0.0,14.1,14.5
633.66,58,108.0,1038.0,0.0,2.0,9.8,83.5,0.0,14.1,14.5
633.749,58,108.0,1038.0,0.0,2.0,9.8,83.5,0.0,14.1,14.5
633.84,58,108.0,1038.0,0.0,2.0,9.8,83.5,0.0,14.1,14.5
633.932,58,108.0,1039.0,0.0,2.0,9.8,83.5,0.0,14.1,14.5
634.019,58,108.0,1039.0,0.0,2.0,9.8,83.5,0.0,14.1,14.5
634.139,58,108.0,1039.0,0.0,1.0,9.8,83.5,0.0,14.1,14.5
634.23,58,108.0,1039.0,0.0,1.0,9.69,83.5,0.0,14.1,14.5
634.319,58,108.0,1039.0,0.0,1.0,9.69,83.5,0.0,14.1,14.5
634.409,58,108.0,1039.0,0.0,1.0,9.69,83.5,0.0,14.1,14.5
634.499,58,108.0,1039.0,0.0,1.0,9.69,83.5,0.0,14.1,14.5
634.589,58,108.0,1039.0,0.0,1.0,9.69,83.5,0.0,14.1,14.5
634.679,58,108.0,1039.0,0.0,1.0,9.69,83.5,0.0,14.1,14.5
634.769,58,108.0,1039.0,0.0,1.0,9.69,83.5,0.0,14.1,14.5
634.86,58,108.0,1041.0,0.0,1.0,9.69,83.5,0.0,14.1,14.5
634.95,58,108.0,1041.0,0.0,1.0,9.69,83.5,0.0,14.1,14.5
635.039,58,108.0,1041.0,0.0,2.0,9.69,83.5,0.0,14.1,14.5
635.131,58,108.0,1041.0,0.0,2.0,9.58,83.5,0.0,14.1,14.5
635.219,58,108.0,1041.0,0.0,2.0,9.58,83.5,0.0,14.1,14.5
635.309,58,108.0,1041.0,0.0,2.0,9.58,83.5,0.0,14.1,14.5
635.399,58,108.0,1041.0,0.0,2.0,9.58,83.5,0.0,14.1,14.5
635.489,58,108.0,1041.0,0.0,2.0,9.58,83.5,0.0,14.1,14.5
635.58,58,108.0,1041.0,0.0,2.0,9.58,83.5,0.0,14.1,14.5
635.669,58,108.0,1041.0,0.0,2.0,9.58,83.5,0.0,14.1,14.5
635.76,58,108.0,1040.0,0.0,2.0,9.58,83.5,0.0,14.1,14.5
635.85,58,108.0,1040.0,0.0,2.0,9.58,83.5,0.0,14.1,14.5
635.939,58,108.0,1040.0,0.0,2.0,9.58,83.5,0.0,14.1,14.5
636.029,58,108.0,1040.0,0.0,2.0,9.74,83.5,0.0,14.1,14.5
636.149,58,108.0,1040.0,0.0,2.0,9.74,83.5,0.0,14.1,14.5
636.239,58,108.0,1040.0,0.0,2.0,9.74,83.5,0.0,14.1,14.5
636.329,58,108.0,1040.0,0.0,2.0,9.74,83.5,0.0,14.1,14.5
636.42,58,108.0,1040.0,0.0,2.0,9.74,83.5,0.0,14.1,14.5
636.509,58,108.0,1040.0,0.0,2.0,9.74,83.5,0.0,14.1,14.5
636.6,58,108.0,1040.0,0.0,2.0,9.74,83.5,0.0,14.1,14.5
636.69,58,108.0,1039.0,0.0,2.0,9.74,83.5,0.0,14.1,14.5
636.78,58,108.0,1039.0,0.0,2.0,9.74,83.5,0.0,14.1,14.5
636.87,58,108.0,1039.0,0.0,2.0,9.74,83.5,0.0,14.1,14.5
636.959,58,108.0,1039.0,0.0,2.0,9.63,83.5,0.0,14.1,14.5
637.049,58,108.0,1039.0,0.0,2.0,9.63,83.5,0.0,14.1,14.5
637.139,58,108.0,1039.0,0.0,2.0,9.63,83.5,0.0,14.1,14.5
637.229,58,108.0,1039.0,0.0,2.0,9.63,83.5,0.0,14.1,14.5
637.319,58,108.0,1039.0,0.0,2.0,9.63,83.5,0.0,14.1,14.5
637.409,58,108.0,1039.0,0.0,2.0,9.63,83.5,0.0,14.1,14.5
637.5,58,108.0,1039.0,0.0,2.0,9.63,83.5,0.0,14.1,14.5
637.59,58,108.0,1040.0,0.0,2.0,9.63,83.5,0.0,14.1,14.5
637.68,58,108.0,1040.0,0.0,2.0,9.63,83.5,0.0,14.1,14.5
637.77,58,108.0,1040.0,0.0,2.0,9.63,83.5,0.0,14.1,14.5
637.86,58,108.0,1040.0,0.0,2.0,9.91,83.5,0.0,14.1,14.5
637.949,58,108.0,1040.0,0.0,2.0,9.91,83.5,0.0,14.1,14.5
638.039,58,108.0,1040.0,0.0,2.0,9.91,83.5,0.0,14.1,14.5
638.189,58,108.0,1040.0,0.0,2.0,9.91,83.5,0.0,14.1,14.5
638.279,58,108.0,1040.0,0.0,2.0,9.91,83.5,0.0,14.1,14.5
638.371,58,108.0,1040.0,0.0,2.0,9.91,83.5,0.0,14.1,14.5
638.46,58,108.0,1040.0,0.0,2.0,9.91,83.5,0.0,14.1,14.5
638.55,58,108.0,1038.0,0.0,2.0,9.91,83.5,0.0,14.1,14.5
638.641,58,108.0,1038.0,0.0,2.0,9.91,83.5,0.0,14.1,14.5
638.729,58,108.0,1038.0,0.0,2.0,9.91,83.5,0.0,14.1,14.5
638.82,58,108.0,1038.0,0.0,2.0,9.74,83.5,0.0,14.1,14.5
638.909,58,108.0,1038.0,0.0,2.0,9.74,83.5,0.0,14.1,14.5
638.999,58,108.0,1038.0,0.0,2.0,9.74,83.5,0.0,14.1,14.5
639.089,58,108.0,1038.0,0.0,2.0,9.74,83.5,0.0,14.1,14.5
639.179,58,108.0,1038.0,0.0,2.0,9.74,83.5,0.0,14.1,14.5
639.269,58,108.0,1038.0,0.0,2.0,9.74,83.5,0.0,14.1,14.5
639.36,58,108.0,1038.0,0.0,2.0,9.74,83.5,0.0,14.1,14.5
639.449,58,108.0,1037.0,0.0,2.0,9.74,83.5,0.0,14.1,14.5
639.541,58,108.0,1037.0,0.0,2.0,9.74,83.5,0.0,14.1,14.5
639.629,58,108.0,1037.0,0.0,2.0,9.74,83.5,0.0,14.1,14.5
639.719,58,108.0,1037.0,0.0,2.0,9.77,83.5,0.0,14.1,14.5
639.809,58,108.0,1037.0,0.0,2.0,9.77,83.5,0.0,14.1,14.5
639.9,58,108.0,1037.0,0.0,2.0,9.77,83.5,0.0,14.1,14.5
639.989,58,108.0,1037.0,0.0,2.0,9.77,83.5,0.0,14.1,14.5
640.079,58,108.0,1037.0,0.0,2.0,9.77,83.5,0.0,14.1,14.5
640.169,58,108.0,1037.0,0.0,2.0,9.77,83.5,0.0,14.1,14.5
640.259,58,108.0,1037.0,0.0,2.0,9.77,83.5,0.0,14.1,14.5
640.349,58,108.0,1040.0,0.0,2.0,9.77,83.5,0.0,14.1,14.5
640.441,58,108.0,1040.0,0.0,2.0,9.77,83.5,0.0,14.1,14.5
640.53,58,108.0,1040.0,0.0,2.0,9.77,83.5,0.0,14.1,14.5
640.621,58,108.0,1040.0,0.0,2.0,9.72,83.5,0.0,14.1,14.5
640.709,58,108.0,1040.0,0.0,2.0,9.72,83.5,0.0,14.1,14.5
640.801,58,108.0,1040.0,0.0,2.0,9.72,83.5,0.0,14.1,14.5
640.889,58,108.0,1040.0,0.0,2.0,9.72,83.5,0.0,14.1,14.5
640.98,58,108.0,1040.0,0.0,2.0,9.72,83.5,0.0,14.1,14.5
641.069,58,108.0,1040.0,0.0,2.0,9.72,83.5,0.0,14.1,14.5
641.16,58,108.0,1040.0,0.0,2.0,9.72,83.5,0.0,14.1,14.5
641.25,58,108.0,1042.0,0.0,2.0,9.72,83.5,0.0,14.1,14.5
641.369,58,108.0,1042.0,0.0,2.0,9.72,83.5,0.0,14.1,14.5
641.46,58,108.0,1042.0,0.0,2.0,9.72,83.5,0.0,14.1,14.5
641.549,58,108.0,1042.0,0.0,2.0,10.02,83.5,0.0,14.1,14.5
641.64,58,108.0,1042.0,0.0,2.0,10.02,83.5,0.0,14.1,14.5
641.729,58,108.0,1042.0,0.0,2.0,10.02,83.5,0.0,14.1,14.5
641.82,58,108.0,1042.0,0.0,2.0,10.02,83.5,0.0,14.1,14.5
641.909,58,108.0,1042.0,0.0,2.0,10.02,83.5,0.0,14.1,14.5
642.0,58,108.0,1042.0,0.0,2.0,10.02,83.5,0.0,14.1,14.5
642.089,58,108.0,1042.0,0.0,2.0,10.02,83.5,0.0,14.1,14.5
642.18,58,108.0,1042.0,0.0,2.0,10.02,83.5,0.0,14.1,14.5
642.27,58,108.0,1042.0,0.0,2.0,10.02,83.5,0.0,14.1,14.5
642.36,58,108.0,1042.0,0.0,2.0,10.02,83.5,0.0,14.1,14.5
642.45,58,108.0,1042.0,0.0,2.0,9.69,83.5,0.0,14.1,14.5
642.543,58,108.0,1042.0,0.0,2.0,9.69,83.5,0.0,14.1,14.5
642.629,58,108.0,1042.0,0.0,2.0,9.69,83.5,0.0,14.1,14.5
642.72,58,108.0,1042.0,0.0,2.0,9.69,83.5,0.0,14.1,14.5
642.809,58,108.0,1042.0,0.0,2.0,9.69,83.5,0.0,14.1,14.5
642.9,58,108.0,1042.0,0.0,2.0,9.69,83.5,0.0,14.1,14.5
643.02,58,108.0,1042.0,0.0,2.0,9.69,83.5,0.0,14.1,14.5
643.14,58,108.0,1040.0,0.0,2.0,9.69,83.5,0.0,14.1,14.5
643.23,58,108.0,1040.0,0.0,2.0,9.69,83.5,0.0,14.1,14.5
643.32,58,108.0,1040.0,0.0,2.0,9.69,83.5,0.0,14.1,14.5
643.41,58,108.0,1040.0,0.0,2.0,9.91,83.5,0.0,14.1,14.5
643.5,58,108.0,1040.0,0.0,2.0,9.91,83.5,0.0,14.1,14.5
643.589,58,108.0,1040.0,0.0,2.0,9.91,83.5,0.0,14.1,14.5
643.68,58,108.0,1040.0,0.0,2.0,9.91,83.5,0.0,14.1,14.5
643.77,58,108.0,1040.0,0.0,2.0,9.91,83.5,0.0,14.1,14.5
643.86,58,108.0,1040.0,0.0,2.0,9.91,83.5,0.0,14.1,14.5
643.954,58,108.0,1040.0,0.0,2.0,9.91,83.5,0.0,14.1,14.5
644.04,58,108.0,1038.0,0.0,2.0,9.91,83.5,0.0,14.1,14.5
644.129,58,108.0,1038.0,0.0,2.0,9.91,83.5,0.0,14.1,14.5
644.22,58,108.0,1038.0,0.0,2.0,9.91,83.5,0.0,14.1,14.5
644.309,58,108.0,1038.0,0.0,2.0,9.61,83.5,0.0,14.1,14.5
644.4,58,108.0,1038.0,0.0,2.0,9.61,83.5,0.0,14.1,14.5
644.489,58,108.0,1038.0,0.0,2.0,9.61,83.5,0.0,14.1,14.5
644.58,58,108.0,1038.0,0.0,2.0,9.61,83.5,0.0,14.1,14.5
644.669,58,108.0,1038.0,0.0,2.0,9.61,83.5,0.0,14.1,14.5
644.76,58,108.0,1038.0,0.0,2.0,9.61,83.5,0.0,14.1,14.5
644.849,58,108.0,1038.0,0.0,2.0,9.61,83.5,0.0,14.1,14.5
644.941,58,108.0,1038.0,0.0,2.0,9.61,83.5,0.0,14.1,14.5
645.029,58,108.0,1038.0,0.0,2.0,9.61,83.5,0.0,14.1,14.5
645.12,58,108.0,1038.0,0.0,2.0,9.61,83.5,0.0,14.1,14.5
645.21,58,108.0,1038.0,0.0,2.0,9.63,83.5,0.0,14.1,14.5
645.301,58,108.0,1038.0,0.0,2.0,9.63,83.5,0.0,14.1,14.5
645.389,58,108.0,1038.0,0.0,2.0,9.63,83.5,0.0,14.1,14.5
645.479,58,108.0,1038.0,0.0,2.0,9.63,83.5,0.0,14.1,14.5
645.569,58,108.0,1038.0,0.0,2.0,9.63,83.5,0.0,14.1,14.5
645.66,58,108.0,1038.0,0.0,2.0,9.63,83.5,0.0,14.1,14.5
645.749,58,108.0,1038.0,0.0,2.0,9.63,83.5,0.0,14.1,14.5
645.84,58,108.0,1040.0,0.0,2.0,9.63,83.5,0.0,14.1,14.5
645.93,58,108.0,1040.0,0.0,2.0,9.63,83.5,0.0,14.1,14.5
646.019,58,108.0,1040.0,0.0,2.0,9.63,83.5,0.0,14.1,14.5
646.11,58,108.0,1040.0,0.0,2.0,9.72,83.5,0.0,14.1,14.5
646.2,58,108.0,1040.0,0.0,2.0,9.72,83.5,0.0,14.1,14.5
646.289,58,108.0,1040.0,0.0,2.0,9.72,83.5,0.0,14.1,14.5
646.38,58,108.0,1040.0,0.0,2.0,9.72,83.5,0.0,14.1,14.5
646.469,58,108.0,1040.0,0.0,2.0,9.72,83.5,0.0,14.1,14.5
646.56,58,108.0,1040.0,0.0,2.0,9.72,83.5,0.0,14.1,14.5
646.649,58,108.0,1040.0,0.0,2.0,9.72,83.5,0.0,14.1,14.5
646.742,58,108.0,1041.0,0.0,2.0,9.72,83.5,0.0,14.1,14.5
646.829,58,108.0,1041.0,0.0,2.0,9.72,83.5,0.0,14.1,14.5
646.92,58,108.0,1041.0,0.0,2.0,9.72,83.5,0.0,14.1,14.5
647.009,58,108.0,1041.0,0.0,2.0,9.97,83.5,0.0,14.1,14.5
647.099,58,108.0,1041.0,0.0,2.0,9.97,83.5,0.0,14.1,14.5
647.189,58,108.0,1041.0,0.0,2.0,9.97,83.5,0.0,14.1,14.5
647.28,58,108.0,1041.0,0.0,2.0,9.97,83.5,0.0,14.1,14.5
647.37,58,108.0,1041.0,0.0,2.0,9.97,83.5,0.0,14.1,14.5
647.46,58,108.0,1041.0,0.0,2.0,9.97,83.5,0.0,14.1,14.5
647.55,58,108.0,1041.0,0.0,2.0,9.97,83.5,0.0,14.1,14.5
647.641,58,108.0,1045.0,0.0,2.0,9.97,83.5,0.0,14.1,14.5
647.73,58,108.0,1045.0,0.0,2.0,9.97,83.5,0.0,14.1,14.5
647.82,58,108.0,1045.0,0.0,2.0,9.97,83.5,0.0,14.1,14.5
647.91,58,108.0,1045.0,0.0,2.0,9.8,83.5,0.0,14.1,14.5
647.999,58,108.0,1045.0,0.0,2.0,9.8,83.5,0.0,14.1,14.5
648.12,58,108.0,1045.0,0.0,2.0,9.8,83.5,0.0,14.1,14.5
648.211,58,108.0,1045.0,0.0,2.0,9.8,83.5,0.0,22.4,14.5
648.3,58,108.0,1045.0,0.0,2.0,9.8,83.5,0.0,22.4,22.7
648.389,58,108.0,1045.0,0.0,2.0,9.8,83.5,0.0,22.4,22.7
648.479,58,111.0,1045.0,0.0,2.0,9.8,83.5,0.0,22.4,22.7
648.569,58,111.0,1116.0,0.0,2.0,9.8,83.5,0.0,22.4,22.7
648.659,58,111.0,1116.0,3.0,2.0,9.8,83.5,0.0,22.4,22.7
648.749,58,111.0,1116.0,3.0,3.0,9.8,83.5,0.0,22.4,22.7
648.839,58,111.0,1116.0,3.0,3.0,16.11,83.5,0.0,22.4,22.7
648.93,58,111.0,1116.0,3.0,3.0,16.11,83.5,0.0,22.4,22.7
649.019,58,111.0,1116.0,3.0,3.0,16.11,83.5,0.0,22.4,22.7
649.109,58,111.0,1116.0,3.0,3.0,16.11,83.5,0.0,23.5,22.7
649.199,58,111.0,1116.0,3.0,3.0,16.11,83.5,0.0,23.5,23.5
649.289,58,111.0,1116.0,3.0,3.0,16.11,83.5,0.0,23.5,23.5
649.379,58,117.0,1116.0,3.0,3.0,16.11,83.5,0.0,23.5,23.5
649.469,58,117.0,1178.0,3.0,3.0,16.11,83.5,0.0,23.5,23.5
649.56,58,117.0,1178.0,11.0,3.0,16.11,83.5,0.0,23.5,23.5
649.649,58,117.0,1178.0,11.0,5.0,16.11,83.5,0.0,23.5,23.5
649.739,58,117.0,1178.0,11.0,5.0,23.38,83.5,0.0,23.5,23.5
649.829,58,117.0,1178.0,11.0,5.0,23.38,83.5,0.0,23.5,23.5
649.919,58,117.0,1178.0,11.0,5.0,23.38,83.5,0.0,23.5,23.5
650.009,58,117.0,1178.0,11.0,5.0,23.38,83.5,0.0,38.4,23.5
650.099,58,117.0,1178.0,11.0,5.0,23.38,83.5,0.0,38.4,40.4
650.189,58,117.0,1178.0,11.0,5.0,23.38,83.5,0.0,38.4,40.4
650.28,58,137.0,1178.0,11.0,5.0,23.38,83.5,0.0,38.4,40.4
650.369,58,137.0,1944.0,11.0,5.0,23.38,83.5,0.0,38.4,40.4
650.46,58,137.0,1944.0,17.0,5.0,23.38,83.5,0.0,38.4,40.4
650.549,58,137.0,1944.0,17.0,7.0,23.38,83.5,0.0,38.4,40.4
650.639,58,137.0,1944.0,17.0,7.0,28.58,83.5,0.0,38.4,40.4
650.729,58,137.0,1944.0,17.0,7.0,28.58,83.5,0.0,38.4,40.4
650.819,58,137.0,1944.0,17.0,7.0,28.58,83.5,0.0,38.4,40.4
650.91,58,137.0,1944.0,17.0,7.0,28.58,83.5,0.0,14.1,40.4
650.999,58,137.0,1944.0,17.0,7.0,28.58,83.5,0.0,14.1,14.5
651.089,58,137.0,1944.0,17.0,7.0,28.58,83.5,0.0,14.1,14.5
651.18,58,102.0,1944.0,17.0,7.0,28.58,83.5,0.0,14.1,14.5
651.269,58,102.0,1579.0,17.0,7.0,28.58,83.5,0.0,14.1,14.5
651.359,58,102.0,1579.0,19.0,7.0,28.58,83.5,0.0,14.1,14.5
651.449,58,102.0,1579.0,19.0,8.0,28.58,83.5,0.0,14.1,14.5
651.54,58,102.0,1579.0,19.0,8.0,23.47,83.5,0.0,14.1,14.5
651.629,58,102.0,1579.0,19.0,8.0,23.47,37.6,0.0,14.1,14.5
651.719,58,102.0,1579.0,19.0,8.0,23.47,37.6,0.0,14.1,14.5
651.809,58,102.0,1579.0,19.0,8.0,23.47,37.6,0.0,43.5,14.5
651.899,58,102.0,1579.0,19.0,8.0,23.47,37.6,0.0,43.5,45.1
651.989,58,102.0,1579.0,19.0,8.0,23.47,37.6,0.0,43.5,45.1
652.079,58,115.0,1579.0,19.0,8.0,23.47,37.6,0.0,43.5,45.1
652.169,58,115.0,1332.0,19.0,8.0,23.47,37.6,0.0,43.5,45.1
652.259,58,115.0,1332.0,23.0,8.0,23.47,37.6,0.0,43.5,45.1
652.35,58,115.0,1332.0,23.0,7.0,23.47,37.6,0.0,43.5,45.1
652.439,58,115.0,1332.0,23.0,7.0,23.27,37.6,0.0,43.5,45.1
652.529,58,115.0,1332.0,23.0,7.0,23.27,83.5,0.0,43.5,45.1
652.619,58,115.0,1332.0,23.0,7.0,23.27,83.5,0.0,43.5,45.1
652.709,58,115.0,1332.0,23.0,7.0,23.27,83.5,0.0,44.3,45.1
652.8,58,115.0,1332.0,23.0,7.0,23.27,83.5,0.0,44.3,45.1
652.889,58,115.0,1332.0,23.0,7.0,23.27,83.5,0.0,44.3,45.1
652.979,58,142.0,1332.0,23.0,7.0,23.27,83.5,0.0,44.3,45.1
653.069,58,142.0,1610.0,23.0,7.0,23.27,83.5,0.0,44.3,45.1
653.189,58,142.0,1610.0,28.0,7.0,23.27,83.5,0.0,44.3,45.1
653.28,58,142.0,1610.0,28.0,7.0,23.27,83.5,0.0,44.3,45.1
653.369,58,142.0,1610.0,28.0,7.0,30.33,83.5,0.0,44.3,45.1
653.46,58,142.0,1610.0,28.0,7.0,30.33,83.5,0.0,44.3,45.1
653.549,58,142.0,1610.0,28.0,7.0,30.33,83.5,0.0,44.3,45.1
653.639,58,142.0,1610.0,28.0,7.0,30.33,83.5,0.0,44.3,45.1
653.729,58,142.0,1610.0,28.0,7.0,30.33,83.5,0.0,44.3,44.7
653.82,58,142.0,1610.0,28.0,7.0,30.33,83.5,0.0,44.3,44.7
653.909,58,160.0,1610.0,28.0,7.0,30.33,83.5,0.0,44.3,44.7
654.0,58,160.0,1874.0,28.0,7.0,30.33,83.5,0.0,44.3,44.7
654.088,58,160.0,1874.0,32.0,7.0,30.33,83.5,0.0,44.3,44.7
654.179,58,160.0,1874.0,32.0,7.0,30.33,83.5,0.0,44.3,44.7
654.271,58,160.0,1874.0,32.0,7.0,32.16,83.5,0.0,44.3,44.7
654.359,58,160.0,1874.0,32.0,7.0,32.16,83.5,0.0,44.3,44.7
654.449,58,160.0,1874.0,32.0,7.0,32.16,83.5,0.0,44.3,44.7
654.538,58,160.0,1874.0,32.0,7.0,32.16,83.5,0.0,18.4,44.7
654.629,58,160.0,1874.0,32.0,7.0,32.16,83.5,0.0,18.4,14.5
654.719,58,160.0,1874.0,32.0,7.0,32.16,83.5,0.0,18.4,14.5
654.809,58,122.0,1874.0,32.0,7.0,32.16,83.5,0.0,18.4,14.5
654.929,58,122.0,1517.0,32.0,7.0,32.16,83.5,0.0,18.4,14.5
655.049,58,122.0,1517.0,33.0,7.0,32.16,83.5,0.0,18.4,14.5
655.139,58,122.0,1517.0,33.0,8.0,32.16,83.5,0.0,18.4,14.5
655.23,58,122.0,1517.0,33.0,8.0,9.22,83.5,0.0,18.4,14.5
655.321,58,122.0,1517.0,33.0,8.0,9.22,83.5,0.0,18.4,14.5
655.409,58,122.0,1517.0,33.0,8.0,9.22,83.5,0.0,18.4,14.5
655.499,58,122.0,1517.0,33.0,8.0,9.22,83.5,0.0,36.1,14.5
655.589,58,122.0,1517.0,33.0,8.0,9.22,83.5,0.0,36.1,36.9
655.679,58,122.0,1517.0,33.0,8.0,9.22,83.5,0.0,36.1,36.9
655.769,58,117.0,1517.0,33.0,8.0,9.22,83.5,0.0,36.1,36.9
655.859,58,117.0,1304.0,33.0,8.0,9.22,83.5,0.0,36.1,36.9
655.949,58,117.0,1304.0,35.0,8.0,9.22,83.5,0.0,36.1,36.9
656.039,58,117.0,1304.0,35.0,3.0,9.22,83.5,0.0,36.1,36.9
656.131,58,117.0,1304.0,35.0,3.0,17.83,83.5,0.0,36.1,36.9
656.249,58,117.0,1304.0,35.0,3.0,17.83,83.5,0.0,36.1,36.9
656.34,58,117.0,1304.0,35.0,3.0,17.83,83.5,0.0,36.1,36.9
656.429,58,117.0,1304.0,35.0,3.0,17.83,83.5,0.0,37.6,36.9
656.519,58,117.0,1304.0,35.0,3.0,17.83,83.5,0.0,37.6,39.2
656.609,58,117.0,1304.0,35.0,3.0,17.83,83.5,0.0,37.6,39.2
656.699,58,127.0,1304.0,35.0,3.0,17.83,83.5,0.0,37.6,39.2
656.789,58,127.0,1408.0,35.0,3.0,17.83,83.5,0.0,37.6,39.2
656.88,58,127.0,1408.0,38.0,3.0,17.83,83.5,0.0,37.6,39.2
656.969,58,127.0,1408.0,38.0,5.0,17.83,83.5,0.0,37.6,39.2
657.059,58,127.0,1408.0,38.0,5.0,22.74,83.5,0.0,37.6,39.2
657.15,58,127.0,1408.0,38.0,5.0,22.74,83.5,0.0,37.6,39.2
657.239,58,127.0,1408.0,38.0,5.0,22.74,83.5,0.0,37.6,39.2
657.333,58,127.0,1408.0,38.0,5.0,22.74,83.5,0.0,42.4,39.2
657.45,58,127.0,1408.0,38.0,5.0,22.74,83.5,0.0,42.4,43.1
657.539,58,127.0,1408.0,38.0,5.0,22.74,83.5,0.0,42.4,43.1
657.629,58,141.0,1408.0,38.0,5.0,22.74,83.5,0.0,42.4,43.1
657.719,58,141.0,1507.0,38.0,5.0,22.74,83.5,0.0,42.4,43.1
657.809,58,141.0,1507.0,40.0,5.0,22.74,83.5,0.0,42.4,43.1
657.899,58,141.0,1507.0,40.0,6.0,22.74,83.5,0.0,42.4,43.1
657.989,58,141.0,1507.0,40.0,6.0,29.19,83.5,0.0,42.4,43.1
658.079,58,141.0,1507.0,40.0,6.0,29.19,83.5,0.0,42.4,43.1
658.199,58,141.0,1507.0,40.0,6.0,29.19,83.5,0.0,42.4,43.1
658.289,58,141.0,1507.0,40.0,6.0,29.19,83.5,0.0,47.1,43.1
658.381,58,141.0,1507.0,40.0,6.0,29.19,83.5,0.0,47.1,48.2
658.469,58,141.0,1507.0,40.0,6.0,29.19,83.5,0.0,47.1,48.2
658.56,58,170.0,1507.0,40.0,6.0,29.19,83.5,0.0,47.1,48.2
658.649,58,170.0,1646.0,40.0,6.0,29.19,83.5,0.0,47.1,48.2
658.739,58,170.0,1646.0,44.0,6.0,29.19,83.5,0.0,47.1,48.2
658.831,58,170.0,1646.0,44.0,7.0,29.19,83.5,0.0,47.1,48.2
658.919,58,170.0,1646.0,44.0,7.0,37.41,83.5,0.0,47.1,48.2
659.009,58,170.0,1646.0,44.0,7.0,37.41,83.5,0.0,47.1,48.2
659.099,58,170.0,1646.0,44.0,7.0,37.41,83.5,0.0,47.1,48.2
659.189,58,170.0,1646.0,44.0,7.0,37.41,83.5,0.0,45.9,48.2
659.281,58,170.0,1646.0,44.0,7.0,37.41,83.5,0.0,45.9,43.9
659.369,58,170.0,1646.0,44.0,7.0,37.41,83.5,0.0,45.9,43.9
659.459,58,166.0,1646.0,44.0,7.0,37.41,83.5,0.0,45.9,43.9
659.55,58,166.0,1681.0,44.0,7.0,37.41,83.5,0.0,45.9,43.9
659.639,58,166.0,1681.0,47.0,7.0,37.41,83.5,0.0,45.9,43.9
659.732,58,166.0,1681.0,47.0,8.0,37.41,83.5,0.0,45.9,43.9
659.819,58,166.0,1681.0,47.0,8.0,26.22,83.5,0.0,45.9,43.9
659.909,58,166.0,1681.0,47.0,8.0,26.22,31.0,0.0,45.9,43.9
659.999,58,166.0,1681.0,47.0,8.0,26.22,31.0,0.0,45.9,43.9
660.088,58,166.0,1681.0,47.0,8.0,26.22,31.0,0.0,35.3,43.9
660.179,58,166.0,1681.0,47.0,8.0,26.22,31.0,0.0,35.3,40.4
660.269,58,166.0,1681.0,47.0,8.0,26.22,31.0,0.0,35.3,40.4
660.359,58,112.0,1681.0,47.0,8.0,26.22,31.0,0.0,35.3,40.4
660.448,58,112.0,1234.0,47.0,8.0,26.22,31.0,0.0,35.3,40.4
660.538,58,112.0,1234.0,48.0,8.0,26.22,31.0,0.0,35.3,40.4
660.628,58,112.0,1234.0,48.0,6.0,26.22,31.0,0.0,35.3,40.4
660.718,58,112.0,1234.0,48.0,6.0,24.11,31.0,0.0,35.3,40.4
660.808,58,112.0,1234.0,48.0,6.0,24.11,83.5,0.0,35.3,40.4
660.898,58,112.0,1234.0,48.0,6.0,24.11,83.5,0.0,35.3,40.4
660.988,58,112.0,1234.0,48.0,6.0,24.11,83.5,0.0,44.7,40.4
661.079,58,112.0,1234.0,48.0,6.0,24.11,83.5,0.0,44.7,44.3
661.169,58,112.0,1234.0,48.0,6.0,24.11,83.5,0.0,44.7,44.3
661.259,58,134.0,1234.0,48.0,6.0,24.11,83.5,0.0,44.7,44.3
661.352,58,134.0,1297.0,48.0,6.0,24.11,83.5,0.0,44.7,44.3
661.439,58,134.0,1297.0,50.0,6.0,24.11,83.5,0.0,44.7,44.3
661.531,58,134.0,1297.0,50.0,5.0,24.11,83.5,0.0,44.7,44.3
661.619,58,134.0,1297.0,50.0,5.0,21.3,83.5,0.0,44.7,44.3
661.709,58,134.0,1297.0,50.0,5.0,21.3,83.5,0.0,44.7,44.3
661.799,58,134.0,1297.0,50.0,5.0,21.3,83.5,0.0,44.7,44.3
661.889,58,134.0,1297.0,50.0,5.0,21.3,83.5,0.0,39.2,44.3
661.979,58,134.0,1297.0,50.0,5.0,21.3,83.5,0.0,39.2,39.6
662.069,58,134.0,1297.0,50.0,5.0,21.3,83.5,0.0,39.2,39.6
662.159,58,137.0,1297.0,50.0,5.0,21.3,83.5,0.0,39.2,39.6
662.249,58,137.0,1334.0,50.0,5.0,21.3,83.5,0.0,39.2,39.6
662.339,58,137.0,1334.0,52.0,5.0,21.3,83.5,0.0,39.2,39.6
662.429,58,137.0,1334.0,52.0,5.0,21.3,83.5,0.0,39.2,39.6
662.52,58,137.0,1334.0,52.0,5.0,17.94,83.5,0.0,39.2,39.6
662.609,58,137.0,1334.0,52.0,5.0,17.94,83.5,0.0,39.2,39.6
662.699,58,137.0,1334.0,52.0,5.0,17.94,83.5,0.0,39.2,39.6
662.789,58,137.0,1334.0,52.0,5.0,17.94,83.5,0.0,36.9,39.6
662.879,58,137.0,1334.0,52.0,5.0,17.94,83.5,0.0,36.9,37.3
662.969,58,137.0,1334.0,52.0,5.0,17.94,83.5,0.0,36.9,37.3
663.059,58,126.0,1334.0,52.0,5.0,17.94,83.5,0.0,36.9,37.3
663.149,58,126.0,1365.0,52.0,5.0,17.94,83.5,0.0,36.9,37.3
663.239,58,126.0,1365.0,53.0,5.0,17.94,83.5,0.0,36.9,37.3
663.329,58,126.0,1365.0,53.0,4.0,17.94,83.5,0.0,36.9,37.3
663.419,58,126.0,1365.0,53.0,4.0,17.11,83.5,0.0,36.9,37.3
663.509,58,126.0,1365.0,53.0,4.0,17.11,83.5,0.0,36.9,37.3
663.599,58,126.0,1365.0,53.0,4.0,17.11,83.5,0.0,36.9,37.3
663.689,58,126.0,1365.0,53.0,4.0,17.11,83.5,0.0,36.5,37.3
663.809,58,126.0,1365.0,53.0,4.0,17.11,83.5,0.0,36.5,36.5
663.899,58,126.0,1365.0,53.0,4.0,17.11,83.5,0.0,36.5,36.5
663.989,58,121.0,1365.0,53.0,4.0,17.11,83.5,0.0,36.5,36.5
664.078,58,121.0,1386.0,53.0,4.0,17.11,83.5,0.0,36.5,36.5
664.169,58,121.0,1386.0,54.0,4.0,17.11,83.5,0.0,36.5,36.5
664.259,58,121.0,1386.0,54.0,3.0,17.11,83.5,0.0,36.5,36.5
664.349,58,121.0,1386.0,54.0,3.0,16.13,83.5,0.0,36.5,36.5
664.439,58,121.0,1386.0,54.0,3.0,16.13,83.5,0.0,36.5,36.5
664.529,58,121.0,1386.0,54.0,3.0,16.13,83.5,0.0,36.5,36.5
664.619,58,121.0,1386.0,54.0,3.0,16.13,83.5,0.0,32.9,36.5
664.709,58,121.0,1386.0,54.0,3.0,16.13,83.5,0.0,32.9,32.9
664.799,58,121.0,1386.0,54.0,3.0,16.13,83.5,0.0,32.9,32.9
664.889,58,118.0,1386.0,54.0,3.0,16.13,83.5,0.0,32.9,32.9
664.98,58,118.0,1401.0,54.0,3.0,16.13,83.5,0.0,32.9,32.9
665.068,58,118.0,1401.0,55.0,3.0,16.13,83.5,0.0,32.9,32.9
665.159,58,118.0,1401.0,55.0,3.0,16.13,83.5,0.0,32.9,32.9
665.249,58,118.0,1401.0,55.0,3.0,14.49,83.5,0.0,32.9,32.9
665.339,58,118.0,1401.0,55.0,3.0,14.49,83.5,0.0,32.9,32.9
665.43,58,118.0,1401.0,55.0,3.0,14.49,83.5,0.0,32.9,32.9
665.519,58,118.0,1401.0,55.0,3.0,14.49,83.5,0.0,14.1,32.9
665.608,58,118.0,1401.0,55.0,3.0,14.49,83.5,0.0,14.1,14.5
665.699,58,118.0,1401.0,55.0,3.0,14.49,83.5,0.0,14.1,14.5
665.789,58,108.0,1401.0,55.0,3.0,14.49,83.5,0.0,14.1,14.5
665.879,58,108.0,1396.0,55.0,3.0,14.49,83.5,0.0,14.1,14.5
665.969,58,108.0,1396.0,54.0,3.0,14.49,83.5,0.0,14.1,14.5
666.058,58,108.0,1396.0,54.0,3.0,14.49,83.5,0.0,14.1,14.5
666.149,58,108.0,1396.0,54.0,3.0,11.86,83.5,0.0,14.1,14.5
666.239,58,108.0,1396.0,54.0,3.0,11.86,83.5,0.0,14.1,14.5
666.33,58,108.0,1396.0,54.0,3.0,11.86,83.5,0.0,14.1,14.5
666.419,58,108.0,1396.0,54.0,3.0,11.86,83.5,0.0,14.1,14.5
666.509,58,108.0,1396.0,54.0,3.0,11.86,83.5,0.0,14.1,14.5
666.6,58,108.0,1396.0,54.0,3.0,11.86,83.5,0.0,14.1,14.5
666.689,58,107.0,1396.0,54.0,3.0,11.86,83.5,0.0,14.1,14.5
666.78,58,107.0,1392.0,54.0,3.0,11.86,83.5,0.0,14.1,14.5
666.869,58,107.0,1392.0,54.0,3.0,11.86,83.5,0.0,14.1,14.5
666.959,58,107.0,1392.0,54.0,3.0,11.86,83.5,0.0,14.1,14.5
667.049,58,107.0,1392.0,54.0,3.0,14.36,83.5,0.0,14.1,14.5
667.139,58,107.0,1392.0,54.0,3.0,14.36,83.5,0.0,14.1,14.5
667.229,58,107.0,1392.0,54.0,3.0,14.36,83.5,0.0,14.1,14.5
667.319,58,107.0,1392.0,54.0,3.0,14.36,83.5,0.0,14.1,14.5
667.409,58,107.0,1392.0,54.0,3.0,14.36,83.5,0.0,14.1,14.5
667.499,58,107.0,1392.0,54.0,3.0,14.36,83.5,0.0,14.1,14.5
667.589,58,115.0,1392.0,54.0,3.0,14.36,83.5,0.0,14.1,14.5
667.679,58,115.0,1401.0,54.0,3.0,14.36,83.5,0.0,14.1,14.5
667.769,58,115.0,1401.0,54.0,3.0,14.36,83.5,0.0,14.1,14.5
667.86,58,115.0,1401.0,54.0,3.0,14.36,83.5,0.0,14.1,14.5
667.949,58,115.0,1401.0,54.0,3.0,15.27,83.5,0.0,14.1,14.5
668.038,58,115.0,1401.0,54.0,3.0,15.27,83.5,0.0,14.1,14.5
668.129,58,115.0,1401.0,54.0,3.0,15.27,83.5,0.0,14.1,14.5
668.219,58,115.0,1401.0,54.0,3.0,15.27,83.5,0.0,14.1,14.5
668.309,58,115.0,1401.0,54.0,3.0,15.27,83.5,0.0,14.1,14.5
668.399,58,115.0,1401.0,54.0,3.0,15.27,83.5,0.0,14.1,14.5
668.489,58,119.0,1401.0,54.0,3.0,15.27,83.5,0.0,14.1,14.5
668.58,58,119.0,1410.0,54.0,3.0,15.27,83.5,0.0,14.1,14.5
668.674,58,119.0,1410.0,54.0,3.0,15.27,83.5,0.0,14.1,14.5
668.759,58,119.0,1410.0,54.0,3.0,15.27,83.5,0.0,14.1,14.5
668.849,58,119.0,1410.0,54.0,3.0,15.8,83.5,0.0,14.1,14.5
668.942,58,119.0,1410.0,54.0,3.0,15.8,83.5,0.0,14.1,14.5
669.029,58,119.0,1410.0,54.0,3.0,15.8,83.5,0.0,14.1,14.5
669.119,58,119.0,1410.0,54.0,3.0,15.8,83.5,0.0,14.1,14.5
669.209,58,119.0,1410.0,54.0,3.0,15.8,83.5,0.0,14.1,14.5
669.299,58,119.0,1410.0,54.0,3.0,15.8,83.5,0.0,14.1,14.5
669.389,58,119.0,1410.0,54.0,3.0,15.8,83.5,0.0,14.1,14.5
669.479,58,119.0,1412.0,54.0,3.0,15.8,83.5,0.0,14.1,14.5
669.541,58,119.0,1412.0,55.0,3.0,15.8,83.5,0.0,14.1,14.5
669.629,58,119.0,1412.0,55.0,3.0,15.8,83.5,0.0,14.1,14.5
669.719,58,119.0,1412.0,55.0,3.0,15.61,83.5,0.0,14.1,14.5
669.809,58,119.0,1412.0,55.0,3.0,15.61,83.5,0.0,14.1,14.5
669.899,58,119.0,1412.0,55.0,3.0,15.61,83.5,0.0,14.1,14.5
669.988,58,119.0,1412.0,55.0,3.0,15.61,83.5,0.0,14.1,14.5
670.079,58,119.0,1412.0,55.0,3.0,15.61,83.5,0.0,14.1,14.5
670.169,58,119.0,1412.0,55.0,3.0,15.61,83.5,0.0,14.1,14.5
670.259,58,118.0,1412.0,55.0,3.0,15.61,83.5,0.0,14.1,14.5
670.38,58,118.0,1421.0,55.0,3.0,15.61,83.5,0.0,14.1,14.5
670.439,58,118.0,1421.0,55.0,3.0,15.61,83.5,0.0,14.1,14.5
670.528,58,118.0,1421.0,55.0,3.0,15.61,83.5,0.0,14.1,14.5
670.619,58,118.0,1421.0,55.0,3.0,15.86,83.5,0.0,14.1,14.5
670.709,58,118.0,1421.0,55.0,3.0,15.86,83.5,0.0,14.1,14.5
670.799,58,118.0,1421.0,55.0,3.0,15.86,83.5,0.0,14.1,14.5
670.89,58,118.0,1421.0,55.0,3.0,15.86,83.5,0.0,14.1,14.5
670.979,58,118.0,1421.0,55.0,3.0,15.86,83.5,0.0,14.1,14.5
671.069,59,118.0,1421.0,55.0,3.0,15.86,83.5,0.0,14.1,14.5
671.159,59,118.0,1421.0,55.0,3.0,15.86,83.5,0.0,14.1,14.5
671.249,59,118.0,1430.0,55.0,3.0,15.86,83.5,0.0,14.1,14.5
671.339,59,118.0,1430.0,56.0,3.0,15.86,83.5,0.0,14.1,14.5
671.429,59,118.0,1430.0,56.0,3.0,15.86,83.5,0.0,14.1,14.5
671.519,59,118.0,1430.0,56.0,3.0,15.83,83.5,0.0,14.1,14.5
671.609,59,118.0,1430.0,56.0,3.0,15.83,83.5,0.0,14.1,14.5
671.7,59,118.0,1430.0,56.0,3.0,15.83,83.5,0.0,14.1,14.5
671.789,59,118.0,1430.0,56.0,3.0,15.83,83.5,0.0,14.1,14.5
671.879,59,118.0,1430.0,56.0,3.0,15.83,83.5,0.0,14.1,14.5
671.94,59,118.0,1430.0,56.0,3.0,15.83,83.5,0.0,14.1,14.5
672.029,59,117.0,1430.0,56.0,3.0,15.83,83.5,0.0,14.1,14.5
672.119,59,117.0,1438.0,56.0,3.0,15.83,83.5,0.0,14.1,14.5
672.209,59,117.0,1438.0,56.0,3.0,15.83,83.5,0.0,14.1,14.5
672.299,59,117.0,1438.0,56.0,3.0,15.83,83.5,0.0,14.1,14.5
672.389,59,117.0,1438.0,56.0,3.0,15.69,83.5,0.0,14.1,14.5
672.479,59,117.0,1438.0,56.0,3.0,15.69,83.5,0.0,14.1,14.5
672.569,59,117.0,1438.0,56.0,3.0,15.69,83.5,0.0,14.1,14.5
672.659,59,117.0,1438.0,56.0,3.0,15.69,83.5,0.0,14.1,14.5
672.749,59,117.0,1438.0,56.0,3.0,15.69,83.5,0.0,14.1,14.5
672.839,59,117.0,1438.0,56.0,3.0,15.69,83.5,0.0,14.1,14.5
672.929,59,117.0,1438.0,56.0,3.0,15.69,83.5,0.0,14.1,14.5
673.019,59,117.0,1451.0,56.0,3.0,15.69,83.5,0.0,14.1,14.5
673.109,59,117.0,1451.0,56.0,3.0,15.69,83.5,0.0,14.1,14.5
673.199,59,117.0,1451.0,56.0,3.0,15.69,83.5,0.0,14.1,14.5
673.289,59,117.0,1451.0,56.0,3.0,15.69,83.5,0.0,14.1,14.5
673.379,59,117.0,1451.0,56.0,3.0,15.69,83.5,0.0,14.1,14.5
673.469,59,117.0,1451.0,56.0,3.0,15.69,83.5,0.0,14.1,14.5
673.566,59,117.0,1451.0,56.0,3.0,15.69,83.5,0.0,14.5,14.5
673.649,59,117.0,1451.0,56.0,3.0,15.69,83.5,0.0,14.5,14.5
673.739,59,117.0,1451.0,56.0,3.0,15.69,83.5,0.0,14.5,14.5
673.829,59,116.0,1451.0,56.0,3.0,15.69,83.5,0.0,14.5,14.5
673.89,59,116.0,1460.0,56.0,3.0,15.69,83.5,0.0,14.5,14.5
673.978,59,116.0,1460.0,57.0,3.0,15.69,83.5,0.0,14.5,14.5
674.068,59,116.0,1460.0,57.0,3.0,15.69,83.5,0.0,14.5,14.5
674.159,59,116.0,1460.0,57.0,3.0,15.63,83.5,0.0,14.5,14.5
674.249,59,116.0,1460.0,57.0,3.0,15.63,83.5,0.0,14.5,14.5
674.339,59,116.0,1460.0,57.0,3.0,15.63,83.5,0.0,14.5,14.5
674.429,59,116.0,1460.0,57.0,3.0,15.63,83.5,0.0,14.1,14.5
674.519,59,116.0,1460.0,57.0,3.0,15.63,83.5,0.0,14.1,14.5
674.609,59,116.0,1460.0,57.0,3.0,15.63,83.5,0.0,14.1,14.5
674.7,59,115.0,1460.0,57.0,3.0,15.63,83.5,0.0,14.1,14.5
674.789,59,115.0,1466.0,57.0,3.0,15.63,83.5,0.0,14.1,14.5
674.88,59,115.0,1466.0,57.0,3.0,15.63,83.5,0.0,14.1,14.5
674.97,59,115.0,1466.0,57.0,3.0,15.63,83.5,0.0,14.1,14.5
675.058,59,115.0,1466.0,57.0,3.0,15.47,83.5,0.0,14.1,14.5
675.149,59,115.0,1466.0,57.0,3.0,15.47,83.5,0.0,14.1,14.5
675.239,59,115.0,1466.0,57.0,3.0,15.47,83.5,0.0,14.1,14.5
675.329,59,115.0,1466.0,57.0,3.0,15.47,83.5,0.0,14.1,14.5
675.42,59,115.0,1466.0,57.0,3.0,15.47,83.5,0.0,14.1,14.5
675.509,59,115.0,1466.0,57.0,3.0,15.47,83.5,0.0,14.1,14.5
675.599,59,115.0,1466.0,57.0,3.0,15.47,83.5,0.0,14.1,14.5
675.69,59,115.0,1472.0,57.0,3.0,15.47,83.5,0.0,14.1,14.5
675.779,59,115.0,1472.0,57.0,3.0,15.47,83.5,0.0,14.1,14.5
675.841,59,115.0,1472.0,57.0,3.0,15.47,83.5,0.0,14.1,14.5
675.929,59,115.0,1472.0,57.0,3.0,15.16,83.5,0.0,14.1,14.5
675.992,59,115.0,1472.0,57.0,3.0,15.16,83.5,0.0,14.1,14.5
676.078,59,115.0,1472.0,57.0,3.0,15.16,83.5,0.0,14.1,14.5
676.17,59,115.0,1472.0,57.0,3.0,15.16,83.5,0.0,14.1,14.5
676.259,59,115.0,1472.0,57.0,3.0,15.16,83.5,0.0,14.1,14.5
676.349,59,115.0,1472.0,57.0,3.0,15.16,83.5,0.0,14.1,14.5
676.469,59,114.0,1472.0,57.0,3.0,15.16,83.5,0.0,14.1,14.5
676.56,59,114.0,1479.0,57.0,3.0,15.16,83.5,0.0,14.1,14.5
676.65,59,114.0,1479.0,58.0,3.0,15.16,83.5,0.0,14.1,14.5
676.739,59,114.0,1479.0,58.0,3.0,15.16,83.5,0.0,14.1,14.5
676.829,59,114.0,1479.0,58.0,3.0,15.16,83.5,0.0,14.1,14.5
676.919,59,114.0,1479.0,58.0,3.0,15.16,83.5,0.0,14.1,14.5
677.022,59,114.0,1479.0,58.0,3.0,15.16,83.5,0.0,14.1,14.5
677.099,59,114.0,1479.0,58.0,3.0,15.16,83.5,0.0,14.1,14.5
677.189,59,114.0,1479.0,58.0,3.0,15.16,83.5,0.0,14.1,14.5
677.279,59,114.0,1479.0,58.0,3.0,15.16,83.5,0.0,14.1,14.5
677.37,59,114.0,1479.0,58.0,3.0,15.16,83.5,0.0,14.1,14.5
677.459,59,114.0,1486.0,58.0,3.0,15.16,83.5,0.0,14.1,14.5
677.549,59,114.0,1486.0,58.0,3.0,15.16,83.5,0.0,14.1,14.5
677.639,59,114.0,1486.0,58.0,3.0,15.16,83.5,0.0,14.1,14.5
677.731,59,114.0,1486.0,58.0,3.0,15.27,83.5,0.0,14.1,14.5
677.792,59,114.0,1486.0,58.0,3.0,15.27,83.5,0.0,14.1,14.5
677.881,59,114.0,1486.0,58.0,3.0,15.27,83.5,0.0,14.1,14.5
677.94,59,114.0,1486.0,58.0,3.0,15.27,83.5,0.0,14.1,14.5
678.028,59,114.0,1486.0,58.0,3.0,15.27,83.5,0.0,14.1,14.5
678.148,59,114.0,1486.0,58.0,3.0,15.27,83.5,0.0,14.1,14.5
678.239,59,113.0,1486.0,58.0,3.0,15.27,83.5,0.0,14.1,14.5
678.33,59,113.0,1484.0,58.0,3.0,15.27,83.5,0.0,14.1,14.5
678.392,59,113.0,1484.0,58.0,3.0,15.27,83.5,0.0,14.1,14.5
678.479,59,113.0,1484.0,58.0,3.0,15.27,83.5,0.0,14.1,14.5
678.57,59,113.0,1484.0,58.0,3.0,14.94,83.5,0.0,14.1,14.5
678.659,59,113.0,1484.0,58.0,3.0,14.94,83.5,0.0,14.1,14.5
678.75,59,113.0,1484.0,58.0,3.0,14.94,83.5,0.0,14.1,14.5
678.839,59,113.0,1484.0,58.0,3.0,14.94,83.5,0.0,14.1,14.5
678.93,59,113.0,1484.0,58.0,3.0,14.94,83.5,0.0,14.1,14.5
679.019,59,113.0,1484.0,58.0,3.0,14.94,83.5,0.0,14.1,14.5
679.109,59,112.0,1484.0,58.0,3.0,14.94,83.5,0.0,14.1,14.5
679.199,59,112.0,1485.0,58.0,3.0,14.94,83.5,0.0,14.1,14.5
679.289,59,112.0,1485.0,58.0,3.0,14.94,83.5,0.0,14.1,14.5
679.379,59,112.0,1485.0,58.0,3.0,14.94,83.5,0.0,14.1,14.5
679.44,59,112.0,1485.0,58.0,3.0,14.77,83.5,0.0,14.1,14.5
679.528,59,112.0,1485.0,58.0,3.0,14.77,83.5,0.0,14.1,14.5
679.589,59,112.0,1485.0,58.0,3.0,14.77,83.5,0.0,14.1,14.5
679.678,59,112.0,1485.0,58.0,3.0,14.77,83.5,0.0,14.1,14.5
679.739,59,112.0,1485.0,58.0,3.0,14.77,83.5,0.0,14.1,14.5
679.829,59,112.0,1485.0,58.0,3.0,14.77,83.5,0.0,14.1,14.5
679.919,59,112.0,1485.0,58.0,3.0,14.77,83.5,0.0,14.1,14.5
680.01,59,112.0,1492.0,58.0,3.0,14.77,83.5,0.0,14.1,14.5
680.099,59,112.0,1492.0,58.0,3.0,14.77,83.5,0.0,14.1,14.5
680.198,59,112.0,1492.0,58.0,3.0,14.77,83.5,0.0,14.1,14.5
680.279,59,112.0,1492.0,58.0,3.0,13.41,83.5,0.0,14.1,14.5
680.34,59,112.0,1492.0,58.0,3.0,13.41,83.5,0.0,14.1,14.5
680.429,59,112.0,1492.0,58.0,3.0,13.41,83.5,0.0,14.1,14.5
680.519,59,112.0,1492.0,58.0,3.0,13.41,83.5,0.0,14.1,14.5
680.636,59,112.0,1492.0,58.0,3.0,13.41,83.5,0.0,14.1,14.5
680.729,59,112.0,1492.0,58.0,3.0,13.41,83.5,0.0,14.1,14.5
680.819,59,111.0,1492.0,58.0,3.0,13.41,83.5,0.0,14.1,14.5
680.91,59,111.0,1491.0,58.0,3.0,13.41,83.5,0.0,14.1,14.5
680.998,59,111.0,1491.0,58.0,3.0,13.41,83.5,0.0,14.1,14.5
681.089,59,111.0,1491.0,58.0,3.0,13.41,83.5,0.0,14.1,14.5
681.179,59,111.0,1491.0,58.0,3.0,13.44,83.5,0.0,14.1,14.5
681.269,59,111.0,1491.0,58.0,3.0,13.44,83.5,0.0,14.1,14.5
681.359,59,111.0,1491.0,58.0,3.0,13.44,83.5,0.0,14.1,14.5
681.449,59,111.0,1491.0,58.0,3.0,13.44,83.5,0.0,14.1,14.5
681.539,59,111.0,1491.0,58.0,3.0,13.44,83.5,0.0,14.1,14.5
681.63,59,111.0,1491.0,58.0,3.0,13.44,83.5,0.0,14.1,14.5
681.719,59,111.0,1491.0,58.0,3.0,13.44,83.5,0.0,14.1,14.5
681.781,59,111.0,1491.0,58.0,3.0,13.44,83.5,0.0,14.1,14.5
681.87,59,111.0,1491.0,58.0,3.0,13.44,83.5,0.0,14.1,14.5
681.958,59,111.0,1491.0,58.0,3.0,13.44,83.5,0.0,14.1,14.5
682.049,59,111.0,1491.0,58.0,3.0,12.94,83.5,0.0,14.1,14.5
682.139,59,111.0,1491.0,58.0,3.0,12.94,83.5,0.0,14.1,14.5
682.229,59,111.0,1491.0,58.0,3.0,12.94,83.5,0.0,14.1,14.5
682.319,59,111.0,1491.0,58.0,3.0,12.94,83.5,0.0,14.1,14.5
682.41,59,111.0,1491.0,58.0,3.0,12.94,83.5,0.0,14.1,14.5
682.499,59,111.0,1491.0,58.0,3.0,12.94,83.5,0.0,14.1,14.5
682.59,59,110.0,1491.0,58.0,3.0,12.94,83.5,0.0,14.1,14.5
682.679,59,110.0,1491.0,58.0,3.0,12.94,83.5,0.0,14.1,14.5
682.771,59,110.0,1491.0,58.0,3.0,12.94,83.5,0.0,14.1,14.5
682.859,59,110.0,1491.0,58.0,3.0,12.94,83.5,0.0,14.1,14.5
682.949,59,110.0,1491.0,58.0,3.0,13.44,83.5,0.0,14.1,14.5
683.039,59,110.0,1491.0,58.0,3.0,13.44,83.5,0.0,14.1,14.5
683.129,59,110.0,1491.0,58.0,3.0,13.44,83.5,0.0,14.1,14.5
683.219,59,110.0,1491.0,58.0,3.0,13.44,83.5,0.0,14.1,14.5
683.31,59,110.0,1491.0,58.0,3.0,13.44,83.5,0.0,14.1,14.5
683.399,59,110.0,1491.0,58.0,3.0,13.44,83.5,0.0,14.1,14.5
683.489,59,110.0,1491.0,58.0,3.0,13.44,83.5,0.0,14.1,14.5
683.579,59,110.0,1489.0,58.0,3.0,13.44,83.5,0.0,14.1,14.5
683.669,59,110.0,1489.0,58.0,3.0,13.44,83.5,0.0,14.1,14.5
683.759,59,110.0,1489.0,58.0,3.0,13.44,83.5,0.0,14.1,14.5
683.849,59,110.0,1489.0,58.0,3.0,13.13,83.5,0.0,14.1,14.5
683.938,59,110.0,1489.0,58.0,3.0,13.13,83.5,0.0,14.1,14.5
684.029,59,110.0,1489.0,58.0,3.0,13.13,83.5,0.0,14.1,14.5
684.119,59,110.0,1489.0,58.0,3.0,13.13,83.5,0.0,14.1,14.5
684.18,59,110.0,1489.0,58.0,3.0,13.13,83.5,0.0,14.1,14.5
684.269,59,110.0,1489.0,58.0,3.0,13.13,83.5,0.0,14.1,14.5
684.359,59,110.0,1489.0,58.0,3.0,13.13,83.5,0.0,14.1,14.5
684.45,59,110.0,1488.0,58.0,3.0,13.13,83.5,0.0,14.1,14.5
684.539,59,110.0,1488.0,58.0,3.0,13.13,83.5,0.0,14.1,14.5
684.63,59,110.0,1488.0,58.0,3.0,13.13,83.5,0.0,14.1,14.5
684.719,59,110.0,1488.0,58.0,3.0,13.08,83.5,0.0,14.1,14.5
684.81,59,110.0,1488.0,58.0,3.0,13.08,83.5,0.0,14.1,14.5
684.9,59,110.0,1488.0,58.0,3.0,13.08,83.5,0.0,14.1,14.5
684.988,59,110.0,1488.0,58.0,3.0,13.08,83.5,0.0,14.1,14.5
685.109,59,110.0,1488.0,58.0,3.0,13.08,83.5,0.0,14.1,14.5
685.2,60,110.0,1488.0,58.0,3.0,13.08,83.5,0.0,14.1,14.5
685.29,60,110.0,1488.0,58.0,3.0,13.08,83.5,0.0,14.1,14.5
685.379,60,110.0,1489.0,58.0,3.0,13.08,83.5,0.0,14.1,14.5
685.469,60,110.0,1489.0,58.0,3.0,13.08,83.5,0.0,14.1,14.5
685.559,60,110.0,1489.0,58.0,3.0,13.08,83.5,0.0,14.1,14.5
685.65,60,110.0,1489.0,58.0,3.0,13.27,83.5,0.0,14.1,14.5
685.739,60,110.0,1489.0,58.0,3.0,13.27,83.5,0.0,14.1,14.5
685.83,60,110.0,1489.0,58.0,3.0,13.27,83.5,0.0,14.1,14.5
685.918,60,110.0,1489.0,58.0,3.0,13.27,83.5,0.0,14.1,14.5
686.008,60,110.0,1489.0,58.0,3.0,13.27,83.5,0.0,14.1,14.5
686.098,60,110.0,1489.0,58.0,3.0,13.27,83.5,0.0,14.1,14.5
686.218,60,109.0,1489.0,58.0,3.0,13.27,83.5,0.0,14.1,14.5
686.308,60,109.0,1491.0,58.0,3.0,13.27,83.5,0.0,14.1,14.5
686.399,60,109.0,1491.0,58.0,3.0,13.27,83.5,0.0,14.1,14.5
686.49,60,109.0,1491.0,58.0,3.0,13.27,83.5,0.0,14.1,14.5
686.579,60,109.0,1491.0,58.0,3.0,13.22,83.5,0.0,14.1,14.5
686.67,60,109.0,1491.0,58.0,3.0,13.22,83.5,0.0,14.1,14.5
686.759,60,109.0,1491.0,58.0,3.0,13.22,83.5,0.0,14.1,14.5
686.849,60,109.0,1491.0,58.0,3.0,13.22,83.5,0.0,14.1,14.5
686.94,60,109.0,1491.0,58.0,3.0,13.22,83.5,0.0,14.1,14.5
687.028,60,109.0,1491.0,58.0,3.0,13.22,83.5,0.0,14.1,14.5
687.119,60,109.0,1491.0,58.0,3.0,13.22,83.5,0.0,14.1,14.5
687.21,60,109.0,1491.0,58.0,3.0,13.22,83.5,0.0,14.1,14.5
687.299,60,109.0,1491.0,58.0,3.0,13.22,83.5,0.0,14.1,14.5
687.389,60,109.0,1491.0,58.0,3.0,13.22,83.5,0.0,14.1,14.5
687.479,60,109.0,1491.0,58.0,3.0,13.3,83.5,0.0,14.1,14.5
687.569,60,109.0,1491.0,58.0,3.0,13.3,83.5,0.0,14.1,14.5
687.66,60,109.0,1491.0,58.0,3.0,13.3,83.5,0.0,14.1,14.5
687.75,60,109.0,1491.0,58.0,3.0,13.3,83.5,0.0,14.1,14.5
687.839,60,109.0,1491.0,58.0,3.0,13.3,83.5,0.0,14.1,14.5
687.929,60,109.0,1491.0,58.0,3.0,13.3,83.5,0.0,14.1,14.5
688.018,60,109.0,1491.0,58.0,3.0,13.3,83.5,0.0,14.1,14.5
688.138,60,109.0,1487.0,58.0,3.0,13.3,83.5,0.0,14.1,14.5
688.228,60,109.0,1487.0,58.0,3.0,13.3,83.5,0.0,14.1,14.5
688.318,60,109.0,1487.0,58.0,3.0,13.3,83.5,0.0,14.1,14.5
688.408,60,109.0,1487.0,58.0,3.0,13.05,83.5,0.0,14.1,14.5
688.498,60,109.0,1487.0,58.0,3.0,13.05,83.5,0.0,14.1,14.5
688.589,60,109.0,1487.0,58.0,3.0,13.05,83.5,0.0,14.1,14.5
688.678,60,109.0,1487.0,58.0,3.0,13.05,83.5,0.0,14.1,14.5
688.77,60,109.0,1487.0,58.0,3.0,13.05,83.5,0.0,14.1,14.5
688.859,60,109.0,1487.0,58.0,3.0,13.05,83.5,0.0,14.1,14.5
688.949,60,108.0,1487.0,58.0,3.0,13.05,83.5,0.0,14.1,14.5
689.038,60,108.0,1491.0,58.0,3.0,13.05,83.5,0.0,14.1,14.5
689.128,60,108.0,1491.0,58.0,3.0,13.05,83.5,0.0,14.1,14.5
689.219,60,108.0,1491.0,58.0,3.0,13.05,83.5,0.0,14.1,14.5
689.28,60,108.0,1491.0,58.0,3.0,13.08,83.5,0.0,14.1,14.5
689.369,60,108.0,1491.0,58.0,3.0,13.08,83.5,0.0,14.1,14.5
689.459,60,108.0,1491.0,58.0,3.0,13.08,83.5,0.0,14.1,14.5
689.549,60,108.0,1491.0,58.0,3.0,13.08,83.5,0.0,14.1,14.5
689.64,60,108.0,1491.0,58.0,3.0,13.08,83.5,0.0,14.1,14.5
689.729,60,108.0,1491.0,58.0,3.0,13.08,83.5,0.0,14.1,14.5
689.82,60,107.0,1491.0,58.0,3.0,13.08,83.5,0.0,14.1,14.5
689.909,60,107.0,1486.0,58.0,3.0,13.08,83.5,0.0,14.1,14.5
689.999,60,107.0,1486.0,58.0,3.0,13.08,83.5,0.0,14.1,14.5
690.089,60,107.0,1486.0,58.0,3.0,13.08,83.5,0.0,14.1,14.5
690.179,60,107.0,1486.0,58.0,3.0,12.83,83.5,0.0,14.1,14.5
690.269,60,107.0,1486.0,58.0,3.0,12.83,83.5,0.0,14.1,14.5
690.359,60,107.0,1486.0,58.0,3.0,12.83,83.5,0.0,14.1,14.5
690.449,60,107.0,1486.0,58.0,3.0,12.83,83.5,0.0,14.1,14.5
690.54,60,107.0,1486.0,58.0,3.0,12.83,83.5,0.0,14.1,14.5
690.629,60,107.0,1486.0,58.0,3.0,12.83,83.5,0.0,14.1,14.5
690.719,60,107.0,1486.0,58.0,3.0,12.83,83.5,0.0,14.1,14.5
690.809,60,107.0,1481.0,58.0,3.0,12.83,83.5,0.0,14.1,14.5
690.899,60,107.0,1481.0,58.0,3.0,12.83,83.5,0.0,14.1,14.5
690.988,60,107.0,1481.0,58.0,3.0,12.83,83.5,0.0,14.1,14.5
691.078,60,107.0,1481.0,58.0,3.0,13.16,83.5,0.0,14.1,14.5
691.169,60,107.0,1481.0,58.0,3.0,13.16,83.5,0.0,14.1,14.5
691.289,60,107.0,1481.0,58.0,3.0,13.16,83.5,0.0,14.1,14.5
691.379,60,107.0,1481.0,58.0,3.0,13.16,83.5,0.0,14.5,14.5
691.469,60,107.0,1481.0,58.0,3.0,13.16,83.5,0.0,14.5,14.5
691.559,60,107.0,1481.0,58.0,3.0,13.16,83.5,0.0,14.5,14.5
691.649,60,108.0,1481.0,58.0,3.0,13.16,83.5,0.0,14.5,14.5
691.739,60,108.0,1466.0,58.0,3.0,13.16,83.5,0.0,14.5,14.5
691.829,60,108.0,1466.0,57.0,3.0,13.16,83.5,0.0,14.5,14.5
691.918,60,108.0,1466.0,57.0,3.0,13.16,83.5,0.0,14.5,14.5
691.979,60,108.0,1466.0,57.0,3.0,12.99,83.5,0.0,14.5,14.5
692.069,60,108.0,1466.0,57.0,3.0,12.99,83.5,0.0,14.5,14.5
692.129,60,108.0,1466.0,57.0,3.0,12.99,83.5,0.0,14.5,14.5
692.219,60,108.0,1466.0,57.0,3.0,12.99,83.5,0.0,14.1,14.5
692.309,60,108.0,1466.0,57.0,3.0,12.99,83.5,0.0,14.1,14.5
692.399,60,108.0,1466.0,57.0,3.0,12.99,83.5,0.0,14.1,14.5
692.49,60,111.0,1466.0,57.0,3.0,12.99,83.5,0.0,14.1,14.5
692.579,60,111.0,1473.0,57.0,3.0,12.99,83.5,0.0,14.1,14.5
692.669,60,111.0,1473.0,57.0,3.0,12.99,83.5,0.0,14.1,14.5
692.759,60,111.0,1473.0,57.0,3.0,12.99,83.5,0.0,14.1,14.5
692.85,60,111.0,1473.0,57.0,3.0,13.24,83.5,0.0,14.1,14.5
692.939,60,111.0,1473.0,57.0,3.0,13.24,83.5,0.0,14.1,14.5
693.028,60,111.0,1473.0,57.0,3.0,13.24,83.5,0.0,14.1,14.5
693.149,60,111.0,1473.0,57.0,3.0,13.24,83.5,0.0,14.1,14.5
693.239,60,111.0,1473.0,57.0,3.0,13.24,83.5,0.0,14.1,14.5
693.329,60,111.0,1473.0,57.0,3.0,13.24,83.5,0.0,14.1,14.5
693.419,60,115.0,1473.0,57.0,3.0,13.24,83.5,0.0,14.1,14.5
693.51,60,115.0,1465.0,57.0,3.0,13.24,83.5,0.0,14.1,14.5
693.599,60,115.0,1465.0,57.0,3.0,13.24,83.5,0.0,14.1,14.5
693.689,60,115.0,1465.0,57.0,3.0,13.24,83.5,0.0,14.1,14.5
693.779,60,115.0,1465.0,57.0,3.0,13.44,83.5,0.0,14.1,14.5
693.869,60,115.0,1465.0,57.0,3.0,13.44,83.5,0.0,14.1,14.5
693.958,60,115.0,1465.0,57.0,3.0,13.44,83.5,0.0,14.1,14.5
694.019,60,115.0,1465.0,57.0,3.0,13.44,83.5,0.0,14.5,14.5
694.079,60,115.0,1465.0,57.0,3.0,13.44,83.5,0.0,14.5,14.5
694.169,60,115.0,1465.0,57.0,3.0,13.44,83.5,0.0,14.5,14.5
694.259,60,115.0,1465.0,57.0,3.0,13.44,83.5,0.0,14.5,14.5
694.349,60,115.0,1462.0,57.0,3.0,13.44,83.5,0.0,14.5,14.5
694.439,60,115.0,1462.0,57.0,3.0,13.44,83.5,0.0,14.5,14.5
694.529,60,115.0,1462.0,57.0,3.0,13.44,83.5,0.0,14.5,14.5
694.619,60,115.0,1462.0,57.0,3.0,13.47,83.5,0.0,14.5,14.5
694.709,60,115.0,1462.0,57.0,3.0,13.47,83.5,0.0,14.5,14.5
694.799,60,115.0,1462.0,57.0,3.0,13.47,83.5,0.0,14.5,14.5
694.889,60,115.0,1462.0,57.0,3.0,13.47,83.5,0.0,14.1,14.5
694.978,60,115.0,1462.0,57.0,3.0,13.47,83.5,0.0,14.1,14.5
695.069,60,115.0,1462.0,57.0,3.0,13.47,83.5,0.0,14.1,14.5
695.16,60,114.0,1462.0,57.0,3.0,13.47,83.5,0.0,14.1,14.5
695.221,60,114.0,1459.0,57.0,3.0,13.47,83.5,0.0,14.1,14.5
695.28,60,114.0,1459.0,57.0,3.0,13.47,83.5,0.0,14.1,14.5
695.369,60,114.0,1459.0,57.0,3.0,13.47,83.5,0.0,14.1,14.5
695.459,60,114.0,1459.0,57.0,3.0,13.49,83.5,0.0,14.1,14.5
695.548,60,114.0,1459.0,57.0,3.0,13.49,83.5,0.0,14.1,14.5
695.64,60,114.0,1459.0,57.0,3.0,13.49,83.5,0.0,14.1,14.5
695.729,60,114.0,1459.0,57.0,3.0,13.49,83.5,0.0,14.1,14.5
695.819,60,114.0,1459.0,57.0,3.0,13.49,83.5,0.0,14.1,14.5
695.909,60,114.0,1459.0,57.0,3.0,13.49,83.5,0.0,14.1,14.5
695.999,60,114.0,1459.0,57.0,3.0,13.49,83.5,0.0,14.1,14.5
696.089,60,114.0,1461.0,57.0,3.0,13.49,83.5,0.0,14.1,14.5
696.179,60,114.0,1461.0,56.0,3.0,13.49,83.5,0.0,14.1,14.5
696.269,60,114.0,1461.0,56.0,3.0,13.49,83.5,0.0,14.1,14.5
696.359,60,114.0,1461.0,56.0,3.0,13.41,83.5,0.0,14.1,14.5
696.421,60,114.0,1461.0,56.0,3.0,13.41,83.5,0.0,14.1,14.5
696.48,60,114.0,1461.0,56.0,3.0,13.41,83.5,0.0,14.1,14.5
696.569,60,114.0,1461.0,56.0,3.0,13.41,83.5,0.0,14.1,14.5
696.659,60,114.0,1461.0,56.0,3.0,13.41,83.5,0.0,14.1,14.5
696.749,60,114.0,1461.0,56.0,3.0,13.41,83.5,0.0,14.1,14.5
696.839,60,115.0,1461.0,56.0,3.0,13.41,83.5,0.0,14.1,14.5
696.929,60,115.0,1458.0,56.0,3.0,13.41,83.5,0.0,14.1,14.5
697.018,60,115.0,1458.0,57.0,3.0,13.41,83.5,0.0,14.1,14.5
697.108,60,115.0,1458.0,57.0,3.0,13.41,83.5,0.0,14.1,14.5
697.17,60,115.0,1458.0,57.0,3.0,13.36,83.5,0.0,14.1,14.5
697.23,60,115.0,1458.0,57.0,3.0,13.36,83.5,0.0,14.1,14.5
697.319,60,115.0,1458.0,57.0,3.0,13.36,83.5,0.0,14.1,14.5
697.379,60,115.0,1458.0,57.0,3.0,13.36,83.5,0.0,14.1,14.5
697.469,60,115.0,1458.0,57.0,3.0,13.36,83.5,0.0,14.1,14.5
697.529,60,115.0,1458.0,57.0,3.0,13.36,83.5,0.0,14.1,14.5
697.619,60,115.0,1458.0,57.0,3.0,13.36,83.5,0.0,14.1,14.5
697.679,60,115.0,1455.0,57.0,3.0,13.36,83.5,0.0,14.1,14.5
697.769,60,115.0,1455.0,57.0,3.0,13.36,83.5,0.0,14.1,14.5
697.859,60,115.0,1455.0,57.0,3.0,13.36,83.5,0.0,14.1,14.5
697.949,60,115.0,1455.0,57.0,3.0,13.8,83.5,0.0,14.1,14.5
698.038,60,115.0,1455.0,57.0,3.0,13.8,83.5,0.0,14.1,14.5
698.159,60,115.0,1455.0,57.0,3.0,13.8,83.5,0.0,14.1,14.5
698.249,60,115.0,1455.0,57.0,3.0,13.8,83.5,0.0,14.1,14.5
698.339,60,115.0,1455.0,57.0,3.0,13.8,83.5,0.0,14.1,14.5
698.429,60,115.0,1455.0,57.0,3.0,13.8,83.5,0.0,14.1,14.5
698.52,60,116.0,1455.0,57.0,3.0,13.8,83.5,0.0,14.1,14.5
698.581,60,116.0,1459.0,57.0,3.0,13.8,83.5,0.0,14.1,14.5
698.669,60,116.0,1459.0,57.0,3.0,13.8,83.5,0.0,14.1,14.5
698.731,60,116.0,1459.0,57.0,3.0,13.8,83.5,0.0,14.1,14.5
698.819,60,116.0,1459.0,57.0,3.0,13.8,83.5,0.0,14.1,14.5
698.882,60,116.0,1459.0,57.0,3.0,13.8,83.5,0.0,14.1,14.5
698.969,60,116.0,1459.0,57.0,3.0,13.8,83.5,0.0,14.1,14.5
699.058,60,116.0,1459.0,57.0,3.0,13.8,83.5,0.0,14.1,14.5
699.149,60,116.0,1459.0,57.0,3.0,13.8,83.5,0.0,14.1,14.5
699.239,60,116.0,1459.0,57.0,3.0,13.8,83.5,0.0,14.1,14.5
699.329,60,116.0,1459.0,57.0,3.0,13.8,83.5,0.0,14.1,14.5
699.419,60,116.0,1464.0,57.0,3.0,13.8,83.5,0.0,14.1,14.5
699.481,60,116.0,1464.0,57.0,3.0,13.8,83.5,0.0,14.1,14.5
699.569,60,116.0,1464.0,57.0,3.0,13.8,83.5,0.0,14.1,14.5
699.631,60,116.0,1464.0,57.0,3.0,13.8,83.5,0.0,14.1,14.5
699.719,60,116.0,1464.0,57.0,3.0,13.8,83.5,0.0,14.1,14.5
699.78,60,116.0,1464.0,57.0,3.0,13.8,83.5,0.0,14.1,14.5
699.869,60,116.0,1464.0,57.0,3.0,13.8,83.5,0.0,14.1,14.5
699.93,60,116.0,1464.0,57.0,3.0,13.8,83.5,0.0,14.1,14.5
700.019,60,116.0,1464.0,57.0,3.0,13.8,83.5,0.0,14.1,14.5
700.08,60,116.0,1464.0,57.0,3.0,13.8,83.5,0.0,14.1,14.5
700.17,60,116.0,1465.0,57.0,3.0,13.8,83.5,0.0,14.1,14.5
700.23,60,116.0,1465.0,57.0,3.0,13.8,83.5,0.0,14.1,14.5
700.319,60,116.0,1465.0,57.0,3.0,13.8,83.5,0.0,14.1,14.5
700.381,60,116.0,1465.0,57.0,3.0,13.8,83.5,0.0,14.1,14.5
700.469,60,116.0,1465.0,57.0,3.0,13.8,83.5,0.0,14.1,14.5
700.53,60,116.0,1465.0,57.0,3.0,13.8,83.5,0.0,14.1,14.5
700.619,60,116.0,1465.0,57.0,3.0,13.8,83.5,0.0,14.1,14.5
700.68,60,116.0,1465.0,57.0,3.0,13.8,83.5,0.0,14.1,14.5
700.77,60,116.0,1465.0,57.0,3.0,13.8,83.5,0.0,14.1,14.5
700.83,60,115.0,1465.0,57.0,3.0,13.8,83.5,0.0,14.1,14.5
700.919,60,115.0,1473.0,57.0,3.0,13.8,83.5,0.0,14.1,14.5
700.979,60,115.0,1473.0,57.0,3.0,13.8,83.5,0.0,14.1,14.5
701.068,60,115.0,1473.0,57.0,3.0,13.8,83.5,0.0,14.1,14.5
701.129,60,115.0,1473.0,57.0,3.0,13.83,83.5,0.0,14.1,14.5
701.218,60,115.0,1473.0,57.0,3.0,13.83,83.5,0.0,14.1,14.5
701.279,60,115.0,1473.0,57.0,3.0,13.83,83.5,0.0,14.1,14.5
701.368,60,115.0,1473.0,57.0,3.0,13.83,83.5,0.0,14.1,14.5
701.43,60,115.0,1473.0,57.0,3.0,13.83,83.5,0.0,14.1,14.5
701.522,60,115.0,1473.0,57.0,3.0,13.83,83.5,0.0,14.1,14.5
701.58,60,115.0,1473.0,57.0,3.0,13.83,83.5,0.0,14.1,14.5
701.669,60,115.0,1480.0,57.0,3.0,13.83,83.5,0.0,14.1,14.5
701.731,60,115.0,1480.0,57.0,3.0,13.83,83.5,0.0,14.1,14.5
701.819,60,115.0,1480.0,57.0,3.0,13.83,83.5,0.0,14.1,14.5
701.88,60,115.0,1480.0,57.0,3.0,13.52,83.5,0.0,14.1,14.5
701.974,60,115.0,1480.0,57.0,3.0,13.52,83.5,0.0,14.1,14.5
702.029,60,115.0,1480.0,57.0,3.0,13.52,83.5,0.0,14.1,14.5
702.119,60,115.0,1480.0,57.0,3.0,13.52,83.5,0.0,14.1,14.5
702.186,60,115.0,1480.0,57.0,3.0,13.52,83.5,0.0,14.1,14.5
702.269,60,115.0,1480.0,57.0,3.0,13.52,83.5,0.0,14.1,14.5
702.33,60,114.0,1480.0,57.0,3.0,13.52,83.5,0.0,14.1,14.5
702.419,60,114.0,1480.0,57.0,3.0,13.52,83.5,0.0,14.1,14.5
702.481,60,114.0,1480.0,58.0,3.0,13.52,83.5,0.0,14.1,14.5
702.569,60,114.0,1480.0,58.0,3.0,13.52,83.5,0.0,14.1,14.5
702.631,60,114.0,1480.0,58.0,3.0,13.58,83.5,0.0,14.1,14.5
702.719,60,114.0,1480.0,58.0,3.0,13.58,83.5,0.0,14.1,14.5
702.781,60,114.0,1480.0,58.0,3.0,13.58,83.5,0.0,14.1,14.5
702.869,60,114.0,1480.0,58.0,3.0,13.58,83.5,0.0,14.1,14.5
702.931,60,114.0,1480.0,58.0,3.0,13.58,83.5,0.0,14.1,14.5
703.019,60,114.0,1480.0,58.0,3.0,13.58,83.5,0.0,14.1,14.5
703.139,60,113.0,1480.0,58.0,3.0,13.58,83.5,0.0,14.1,14.5
703.23,60,113.0,1483.0,58.0,3.0,13.58,83.5,0.0,14.1,14.5
703.319,60,113.0,1483.0,58.0,3.0,13.58,83.5,0.0,14.1,14.5
703.381,60,113.0,1483.0,58.0,3.0,13.58,83.5,0.0,14.1,14.5
703.468,60,113.0,1483.0,58.0,3.0,13.3,83.5,0.0,14.1,14.5
703.529,60,113.0,1483.0,58.0,3.0,13.3,83.5,0.0,14.1,14.5
703.618,60,113.0,1483.0,58.0,3.0,13.3,83.5,0.0,14.1,14.5
703.679,60,113.0,1483.0,58.0,3.0,13.3,83.5,0.0,14.1,14.5
703.768,60,113.0,1483.0,58.0,3.0,13.3,83.5,0.0,14.1,14.5
703.829,60,113.0,1483.0,58.0,3.0,13.3,83.5,0.0,14.1,14.5
703.918,60,113.0,1483.0,58.0,3.0,13.3,83.5,0.0,14.1,14.5
703.979,60,113.0,1484.0,58.0,3.0,13.3,83.5,0.0,14.1,14.5
704.069,60,113.0,1484.0,58.0,3.0,13.3,83.5,0.0,14.1,14.5
704.129,60,113.0,1484.0,58.0,3.0,13.3,83.5,0.0,14.1,14.5
704.219,60,113.0,1484.0,58.0,3.0,13.22,83.5,0.0,14.1,14.5
704.28,60,113.0,1484.0,58.0,3.0,13.22,83.5,0.0,14.1,14.5
704.369,60,113.0,1484.0,58.0,3.0,13.22,83.5,0.0,14.1,14.5
704.429,60,113.0,1484.0,58.0,3.0,13.22,83.5,0.0,14.5,14.5
704.519,60,113.0,1484.0,58.0,3.0,13.22,83.5,0.0,14.5,14.5
704.579,60,113.0,1484.0,58.0,3.0,13.22,83.5,0.0,14.5,14.5
704.669,60,112.0,1484.0,58.0,3.0,13.22,83.5,0.0,14.5,14.5
704.732,60,112.0,1481.0,58.0,3.0,13.22,83.5,0.0,14.5,14.5
704.821,60,112.0,1481.0,58.0,3.0,13.22,83.5,0.0,14.5,14.5
704.881,60,112.0,1481.0,58.0,3.0,13.22,83.5,0.0,14.5,14.5
704.969,60,112.0,1481.0,58.0,3.0,13.24,83.5,0.0,14.5,14.5
705.029,60,112.0,1481.0,58.0,3.0,13.24,83.5,0.0,14.5,14.5
705.119,60,112.0,1481.0,58.0,3.0,13.24,83.5,0.0,14.5,14.5
705.18,60,112.0,1481.0,58.0,3.0,13.24,83.5,0.0,14.5,14.5
705.27,60,112.0,1481.0,58.0,3.0,13.24,83.5,0.0,14.5,14.5
705.332,61,112.0,1481.0,58.0,3.0,13.24,83.5,0.0,14.5,14.5
705.419,61,111.0,1481.0,58.0,3.0,13.24,83.5,0.0,14.5,14.5
705.484,61,111.0,1483.0,58.0,3.0,13.24,83.5,0.0,14.5,14.5
705.568,61,111.0,1483.0,58.0,3.0,13.24,83.5,0.0,14.5,14.5
705.63,61,111.0,1483.0,58.0,3.0,13.24,83.5,0.0,14.5,14.5
705.719,61,111.0,1483.0,58.0,3.0,13.11,83.5,0.0,14.5,14.5
705.785,61,111.0,1483.0,58.0,3.0,13.11,83.5,0.0,14.5,14.5
705.869,61,111.0,1483.0,58.0,3.0,13.11,83.5,0.0,14.5,14.5
705.93,61,111.0,1483.0,58.0,3.0,13.11,83.5,0.0,14.1,14.5
706.018,61,111.0,1483.0,58.0,3.0,13.11,83.5,0.0,14.1,14.5
706.079,61,111.0,1483.0,58.0,3.0,13.11,83.5,0.0,14.1,14.5
706.169,61,111.0,1483.0,58.0,3.0,13.11,83.5,0.0,14.1,14.5
706.229,61,111.0,1484.0,58.0,3.0,13.11,83.5,0.0,14.1,14.5
706.319,61,111.0,1484.0,58.0,3.0,13.11,83.5,0.0,14.1,14.5
706.38,61,111.0,1484.0,58.0,3.0,13.11,83.5,0.0,14.1,14.5
706.469,61,111.0,1484.0,58.0,3.0,13.02,83.5,0.0,14.1,14.5
706.53,61,111.0,1484.0,58.0,3.0,13.02,83.5,0.0,14.1,14.5
706.619,61,111.0,1484.0,58.0,3.0,13.02,83.5,0.0,14.1,14.5
706.68,61,111.0,1484.0,58.0,3.0,13.02,83.5,0.0,14.1,14.5
706.769,61,111.0,1484.0,58.0,3.0,13.02,83.5,0.0,14.1,14.5
706.83,61,111.0,1484.0,58.0,3.0,13.02,83.5,0.0,14.1,14.5
706.924,61,111.0,1484.0,58.0,3.0,13.02,83.5,0.0,14.1,14.5
707.039,61,111.0,1486.0,58.0,3.0,13.02,83.5,0.0,14.1,14.5
707.129,61,111.0,1486.0,58.0,3.0,13.02,83.5,0.0,14.1,14.5
707.22,61,111.0,1486.0,58.0,3.0,13.02,83.5,0.0,14.1,14.5
707.281,61,111.0,1486.0,58.0,3.0,13.24,83.5,0.0,14.1,14.5
707.369,61,111.0,1486.0,58.0,3.0,13.24,83.5,0.0,14.1,14.5
707.43,61,111.0,1486.0,58.0,3.0,13.24,83.5,0.0,14.1,14.5
707.519,61,111.0,1486.0,58.0,3.0,13.24,83.5,0.0,14.1,14.5
707.58,61,111.0,1486.0,58.0,3.0,13.24,83.5,0.0,14.1,14.5
707.669,61,111.0,1486.0,58.0,3.0,13.24,83.5,0.0,14.1,14.5
707.73,61,111.0,1486.0,58.0,3.0,13.24,83.5,0.0,14.1,14.5
707.819,61,111.0,1484.0,58.0,3.0,13.24,83.5,0.0,14.1,14.5
707.881,61,111.0,1484.0,58.0,3.0,13.24,83.5,0.0,14.1,14.5
707.968,61,111.0,1484.0,58.0,3.0,13.24,83.5,0.0,14.1,14.5
708.029,61,111.0,1484.0,58.0,3.0,13.19,83.5,0.0,14.1,14.5
708.149,61,111.0,1484.0,58.0,3.0,13.19,83.5,0.0,14.1,14.5
708.239,61,111.0,1484.0,58.0,3.0,13.19,83.5,0.0,14.1,14.5
708.329,61,111.0,1484.0,58.0,3.0,13.19,83.5,0.0,14.1,14.5
708.419,61,111.0,1484.0,58.0,3.0,13.19,83.5,0.0,14.1,14.5
708.48,61,111.0,1484.0,58.0,3.0,13.19,83.5,0.0,14.1,14.5
708.569,61,110.0,1484.0,58.0,3.0,13.19,83.5,0.0,14.1,14.5
708.63,61,110.0,1485.0,58.0,3.0,13.19,83.5,0.0,14.1,14.5
708.72,61,110.0,1485.0,58.0,3.0,13.19,83.5,0.0,14.1,14.5
708.781,61,110.0,1485.0,58.0,3.0,13.19,83.5,0.0,14.1,14.5
708.87,61,110.0,1485.0,58.0,3.0,12.91,83.5,0.0,14.1,14.5
708.929,61,110.0,1485.0,58.0,3.0,12.91,83.5,0.0,14.1,14.5
709.019,61,110.0,1485.0,58.0,3.0,12.91,83.5,0.0,14.1,14.5
709.079,61,110.0,1485.0,58.0,3.0,12.91,83.5,0.0,14.1,14.5
709.169,61,110.0,1485.0,58.0,3.0,12.91,83.5,0.0,14.1,14.5
709.229,61,110.0,1485.0,58.0,3.0,12.91,83.5,0.0,14.1,14.5
709.319,61,109.0,1485.0,58.0,3.0,12.91,83.5,0.0,14.1,14.5
709.38,61,109.0,1461.0,58.0,3.0,12.91,83.5,0.0,14.1,14.5
709.469,61,109.0,1461.0,57.0,3.0,12.91,83.5,0.0,14.1,14.5
709.531,61,109.0,1461.0,57.0,3.0,12.91,83.5,0.0,14.1,14.5
709.62,61,109.0,1461.0,57.0,3.0,13.55,83.5,0.0,14.1,14.5
709.682,61,109.0,1461.0,57.0,3.0,13.55,83.5,0.0,14.1,14.5
709.769,61,109.0,1461.0,57.0,3.0,13.55,83.5,0.0,14.1,14.5
709.833,61,109.0,1461.0,57.0,3.0,13.55,83.5,0.0,14.1,14.5
709.919,61,109.0,1461.0,57.0,3.0,13.55,83.5,0.0,14.1,14.5
709.982,61,109.0,1461.0,57.0,3.0,13.55,83.5,0.0,14.1,14.5
710.069,61,112.0,1461.0,57.0,3.0,13.55,83.5,0.0,14.1,14.5
710.13,61,112.0,1428.0,57.0,3.0,13.55,83.5,0.0,14.1,14.5
710.219,61,112.0,1428.0,56.0,3.0,13.55,83.5,0.0,14.1,14.5
710.279,61,112.0,1428.0,56.0,3.0,13.55,83.5,0.0,14.1,14.5
710.369,61,112.0,1428.0,56.0,3.0,13.86,83.5,0.0,14.1,14.5
710.431,61,112.0,1428.0,56.0,3.0,13.86,83.5,0.0,14.1,14.5
710.519,61,112.0,1428.0,56.0,3.0,13.86,83.5,0.0,14.1,14.5
710.609,61,112.0,1428.0,56.0,3.0,13.86,83.5,0.0,14.1,14.5
710.67,61,112.0,1428.0,56.0,3.0,13.86,83.5,0.0,14.1,14.5
710.73,61,112.0,1428.0,56.0,3.0,13.86,83.5,0.0,14.1,14.5
710.819,61,113.0,1428.0,56.0,3.0,13.86,83.5,0.0,14.1,14.5
710.88,61,113.0,1388.0,56.0,3.0,13.86,83.5,0.0,14.1,14.5
710.968,61,113.0,1388.0,54.0,3.0,13.86,83.5,0.0,14.1,14.5
711.088,61,113.0,1388.0,54.0,3.0,13.86,83.5,0.0,14.1,14.5
711.179,61,113.0,1388.0,54.0,3.0,13.49,83.5,0.0,14.1,14.5
711.269,61,113.0,1388.0,54.0,3.0,13.49,83.5,0.0,14.1,14.5
711.359,61,113.0,1388.0,54.0,3.0,13.49,83.5,0.0,14.1,14.5
711.42,61,113.0,1388.0,54.0,3.0,13.49,83.5,0.0,14.1,14.5
711.509,61,113.0,1388.0,54.0,3.0,13.49,83.5,0.0,14.1,14.5
711.571,61,113.0,1388.0,54.0,3.0,13.49,83.5,0.0,14.1,14.5
711.659,61,112.0,1388.0,54.0,3.0,13.49,83.5,0.0,14.1,14.5
711.722,61,112.0,1345.0,54.0,3.0,13.49,83.5,0.0,14.1,14.5
711.809,61,112.0,1345.0,52.0,3.0,13.49,83.5,0.0,14.1,14.5
711.871,61,112.0,1345.0,52.0,3.0,13.49,83.5,0.0,14.1,14.5
711.959,61,112.0,1345.0,52.0,3.0,12.97,83.5,0.0,14.1,14.5
712.048,61,112.0,1345.0,52.0,3.0,12.97,83.5,0.0,14.1,14.5
712.139,61,112.0,1345.0,52.0,3.0,12.97,83.5,0.0,14.1,14.5
712.229,61,112.0,1345.0,52.0,3.0,12.97,83.5,0.0,14.5,14.5
712.319,61,112.0,1345.0,52.0,3.0,12.97,83.5,0.0,14.5,14.5
712.439,61,112.0,1345.0,52.0,3.0,12.97,83.5,0.0,14.5,14.5
712.529,61,111.0,1345.0,52.0,3.0,12.97,83.5,0.0,14.5,14.5
712.619,61,111.0,1042.0,52.0,3.0,12.97,83.5,0.0,14.5,14.5
712.709,61,111.0,1042.0,49.0,3.0,12.97,83.5,0.0,14.5,14.5
712.769,61,111.0,1042.0,49.0,3.0,12.97,83.5,0.0,14.5,14.5
712.862,61,111.0,1042.0,49.0,3.0,9.99,83.5,0.0,14.5,14.5
712.921,61,111.0,1042.0,49.0,3.0,9.99,83.5,0.0,14.5,14.5
713.008,61,111.0,1042.0,49.0,3.0,9.99,83.5,0.0,14.5,14.5
713.069,61,111.0,1042.0,49.0,3.0,9.99,83.5,0.0,14.5,14.5
713.159,61,111.0,1042.0,49.0,3.0,9.99,83.5,0.0,14.5,14.5
713.249,61,111.0,1042.0,49.0,3.0,9.99,83.5,0.0,14.5,14.5
713.339,61,109.0,1042.0,49.0,3.0,9.99,83.5,0.0,14.5,14.5
713.429,61,109.0,1045.0,49.0,3.0,9.99,83.5,0.0,14.5,14.5
713.519,61,109.0,1045.0,43.0,3.0,9.99,83.5,0.0,14.5,14.5
713.609,61,109.0,1045.0,43.0,1.0,9.99,83.5,0.0,14.5,14.5
713.671,61,109.0,1045.0,43.0,1.0,9.49,83.5,0.0,14.5,14.5
713.759,61,109.0,1045.0,43.0,1.0,9.49,83.5,0.0,14.5,14.5
713.879,61,109.0,1045.0,43.0,1.0,9.49,83.5,0.0,14.5,14.5
713.968,61,109.0,1045.0,43.0,1.0,9.49,83.5,0.0,14.1,14.5
714.059,61,109.0,1045.0,43.0,1.0,9.49,83.5,0.0,14.1,14.5
714.12,61,109.0,1045.0,43.0,1.0,9.49,83.5,0.0,14.1,14.5
714.209,61,108.0,1045.0,43.0,1.0,9.49,83.5,0.0,14.1,14.5
714.27,61,108.0,1046.0,43.0,1.0,9.49,83.5,0.0,14.1,14.5
714.359,61,108.0,1046.0,36.0,1.0,9.49,83.5,0.0,14.1,14.5
714.42,61,108.0,1046.0,36.0,1.0,9.49,83.5,0.0,14.1,14.5
714.509,61,108.0,1046.0,36.0,1.0,9.66,83.5,0.0,14.1,14.5
714.571,61,108.0,1046.0,36.0,1.0,9.66,83.5,0.0,14.1,14.5
714.659,61,108.0,1046.0,36.0,1.0,9.66,83.5,0.0,14.1,14.5
714.722,61,108.0,1046.0,36.0,1.0,9.66,83.5,0.0,14.1,14.5
714.811,61,108.0,1046.0,36.0,1.0,9.66,83.5,0.0,14.1,14.5
714.871,61,108.0,1046.0,36.0,1.0,9.66,83.5,0.0,14.1,14.5
714.959,61,108.0,1046.0,36.0,1.0,9.66,83.5,0.0,14.1,14.5
715.02,61,108.0,1039.0,36.0,1.0,9.66,83.5,0.0,14.1,14.5
715.109,61,108.0,1039.0,30.0,1.0,9.66,83.5,0.0,14.1,14.5
715.17,61,108.0,1039.0,30.0,1.0,9.66,83.5,0.0,14.1,14.5
715.259,61,108.0,1039.0,30.0,1.0,9.66,83.5,0.0,14.1,14.5
715.321,61,108.0,1039.0,30.0,1.0,9.66,83.5,0.0,14.1,14.5
715.409,61,108.0,1039.0,30.0,1.0,9.66,83.5,0.0,14.1,14.5
715.469,61,108.0,1039.0,30.0,1.0,9.66,83.5,0.0,14.1,14.5
715.558,61,108.0,1039.0,30.0,1.0,9.66,83.5,0.0,14.1,14.5
715.649,61,108.0,1039.0,30.0,1.0,9.66,83.5,0.0,14.1,14.5
715.71,61,108.0,1039.0,30.0,1.0,9.66,83.5,0.0,14.1,14.5
715.771,61,108.0,1039.0,30.0,1.0,9.66,83.5,0.0,14.1,14.5
715.859,61,108.0,1039.0,23.0,1.0,9.66,83.5,0.0,14.1,14.5
715.922,61,108.0,1039.0,23.0,1.0,9.66,83.5,0.0,14.1,14.5
716.008,61,108.0,1039.0,23.0,1.0,9.77,83.5,0.0,14.1,14.5
716.069,61,108.0,1039.0,23.0,1.0,9.77,83.5,0.0,14.1,14.5
716.159,61,108.0,1039.0,23.0,1.0,9.77,83.5,0.0,14.1,14.5
716.222,61,108.0,1039.0,23.0,1.0,9.77,83.5,0.0,14.1,14.5
716.309,61,108.0,1039.0,23.0,1.0,9.77,83.5,0.0,14.1,14.5
716.37,61,108.0,1039.0,23.0,1.0,9.77,83.5,0.0,14.1,14.5
716.459,61,108.0,1039.0,23.0,1.0,9.77,83.5,0.0,14.1,14.5
716.52,61,108.0,1037.0,23.0,1.0,9.77,83.5,0.0,14.1,14.5
716.609,61,108.0,1037.0,17.0,1.0,9.77,83.5,0.0,14.1,14.5
716.671,61,108.0,1037.0,17.0,1.0,9.77,83.5,0.0,14.1,14.5
716.759,61,108.0,1037.0,17.0,1.0,9.63,83.5,0.0,14.1,14.5
716.822,61,108.0,1037.0,17.0,1.0,9.63,83.5,0.0,14.1,14.5
716.909,61,108.0,1037.0,17.0,1.0,9.63,83.5,0.0,14.1,14.5
716.969,61,108.0,1037.0,17.0,1.0,9.63,83.5,0.0,14.1,14.5
717.119,61,108.0,1037.0,17.0,1.0,9.63,83.5,0.0,14.1,14.1
717.209,61,108.0,1037.0,17.0,1.0,9.63,83.5,0.0,14.1,14.1
717.27,61,108.0,1037.0,17.0,1.0,9.63,83.5,0.0,14.1,14.1
717.36,61,108.0,1037.0,17.0,1.0,9.63,83.5,0.0,14.1,14.1
717.419,61,108.0,1037.0,9.0,1.0,9.63,83.5,0.0,14.1,14.1
717.508,61,108.0,1037.0,9.0,1.0,9.63,83.5,0.0,14.1,14.1
717.599,61,108.0,1037.0,9.0,1.0,9.74,83.5,0.0,14.1,14.1
717.688,61,108.0,1037.0,9.0,1.0,9.74,83.5,0.0,14.1,14.1
717.778,61,108.0,1037.0,9.0,1.0,9.74,83.5,0.0,14.1,14.1
717.869,61,108.0,1037.0,9.0,1.0,9.74,83.5,0.0,14.1,14.1
717.958,61,108.0,1037.0,9.0,1.0,9.74,83.5,0.0,14.1,14.5
718.019,61,108.0,1037.0,9.0,1.0,9.74,83.5,0.0,14.1,14.5
718.108,61,108.0,1037.0,9.0,1.0,9.74,83.5,0.0,14.1,14.5
718.228,61,108.0,1037.0,9.0,1.0,9.74,83.5,0.0,14.1,14.5
718.319,61,108.0,1037.0,3.0,1.0,9.74,83.5,0.0,14.1,14.5
718.409,61,108.0,1037.0,3.0,1.0,9.74,83.5,0.0,14.1,14.5
718.47,61,108.0,1037.0,3.0,1.0,9.61,83.5,0.0,14.1,14.5
718.558,61,108.0,1037.0,3.0,1.0,9.61,83.5,0.0,14.1,14.5
718.619,61,108.0,1037.0,3.0,1.0,9.61,83.5,0.0,14.1,14.5
718.709,61,108.0,1037.0,3.0,1.0,9.61,83.5,0.0,14.1,14.5
718.771,61,108.0,1037.0,3.0,1.0,9.61,83.5,0.0,14.1,14.5
718.859,61,108.0,1037.0,3.0,1.0,9.61,83.5,0.0,14.1,14.5
718.925,61,108.0,1037.0,3.0,1.0,9.61,83.5,0.0,14.1,14.5
719.009,61,108.0,1037.0,3.0,1.0,9.61,83.5,0.0,14.1,14.5
719.07,61,108.0,1037.0,0.0,1.0,9.61,83.5,0.0,14.1,14.5
719.159,61,108.0,1037.0,0.0,1.0,9.61,83.5,0.0,14.1,14.5
719.221,61,108.0,1037.0,0.0,1.0,9.58,83.5,0.0,14.1,14.5
719.309,61,108.0,1037.0,0.0,1.0,9.58,83.5,0.0,14.1,14.5
719.37,61,108.0,1037.0,0.0,1.0,9.58,83.5,0.0,14.1,14.5
719.46,61,108.0,1037.0,0.0,1.0,9.58,83.5,0.0,14.1,14.5
719.522,61,108.0,1037.0,0.0,1.0,9.58,83.5,0.0,14.1,14.5
719.609,61,108.0,1037.0,0.0,1.0,9.58,83.5,0.0,14.1,14.5
719.67,61,108.0,1037.0,0.0,1.0,9.58,83.5,0.0,14.1,14.5
719.76,61,108.0,1040.0,0.0,1.0,9.58,83.5,0.0,14.1,14.5
719.822,61,108.0,1040.0,0.0,1.0,9.58,83.5,0.0,14.1,14.5
719.909,61,108.0,1040.0,0.0,2.0,9.58,83.5,0.0,14.1,14.5
719.971,61,108.0,1040.0,0.0,2.0,9.61,83.5,0.0,14.1,14.5
720.058,61,108.0,1040.0,0.0,2.0,9.61,83.5,0.0,14.1,14.5
720.12,61,108.0,1040.0,0.0,2.0,9.61,83.5,0.0,14.1,14.5
720.209,61,108.0,1040.0,0.0,2.0,9.61,83.5,0.0,14.1,14.5
720.27,61,108.0,1040.0,0.0,2.0,9.61,83.5,0.0,14.1,14.5
720.359,61,108.0,1040.0,0.0,2.0,9.61,83.5,0.0,14.1,14.5
720.42,61,108.0,1040.0,0.0,2.0,9.61,83.5,0.0,14.1,14.5
720.509,61,108.0,1041.0,0.0,2.0,9.61,83.5,0.0,14.1,14.5
720.571,61,108.0,1041.0,0.0,2.0,9.61,83.5,0.0,14.1,14.5
720.66,61,108.0,1041.0,0.0,2.0,9.61,83.5,0.0,14.1,14.5
720.722,61,108.0,1041.0,0.0,2.0,9.88,83.5,0.0,14.1,14.5
720.809,61,108.0,1041.0,0.0,2.0,9.88,83.5,0.0,14.1,14.5
720.87,61,108.0,1041.0,0.0,2.0,9.88,83.5,0.0,14.1,14.5
720.96,61,108.0,1041.0,0.0,2.0,9.88,83.5,0.0,14.1,14.5
721.024,61,108.0,1041.0,0.0,2.0,9.88,83.5,0.0,14.1,14.5
721.109,61,108.0,1041.0,0.0,2.0,9.88,83.5,0.0,14.1,14.5
721.17,61,108.0,1041.0,0.0,2.0,9.88,83.5,0.0,14.1,14.5
721.259,61,108.0,1040.0,0.0,2.0,9.88,83.5,0.0,14.1,14.5
721.321,61,108.0,1040.0,0.0,2.0,9.88,83.5,0.0,14.1,14.5
721.409,61,108.0,1040.0,0.0,2.0,9.88,83.5,0.0,14.1,14.5
721.469,61,108.0,1040.0,0.0,2.0,9.8,83.5,0.0,14.1,14.5
721.559,61,108.0,1040.0,0.0,2.0,9.8,83.5,0.0,14.1,14.5
721.622,61,108.0,1040.0,0.0,2.0,9.8,83.5,0.0,14.1,14.5
721.708,61,108.0,1040.0,0.0,2.0,9.8,83.5,0.0,14.1,14.5
721.77,61,108.0,1040.0,0.0,2.0,9.8,83.5,0.0,14.1,14.5
721.86,61,108.0,1040.0,0.0,2.0,9.8,83.5,0.0,14.1,14.5
721.921,61,108.0,1040.0,0.0,2.0,9.8,83.5,0.0,14.1,14.5
722.009,61,108.0,1040.0,0.0,2.0,9.8,83.5,0.0,14.1,14.5
722.069,61,108.0,1040.0,0.0,2.0,9.8,83.5,0.0,14.1,14.5
722.159,61,108.0,1040.0,0.0,2.0,9.8,83.5,0.0,14.1,14.5
722.22,61,108.0,1040.0,0.0,2.0,9.72,83.5,0.0,14.1,14.5
722.309,61,108.0,1040.0,0.0,2.0,9.72,83.5,0.0,14.1,14.5
722.371,61,108.0,1040.0,0.0,2.0,9.72,83.5,0.0,14.1,14.5
722.46,61,108.0,1040.0,0.0,2.0,9.72,83.5,0.0,14.1,14.5
722.522,61,108.0,1040.0,0.0,2.0,9.72,83.5,0.0,14.1,14.5
722.609,61,108.0,1040.0,0.0,2.0,9.72,83.5,0.0,14.1,14.5
722.67,61,108.0,1040.0,0.0,2.0,9.72,83.5,0.0,14.1,14.5
722.76,61,108.0,1039.0,0.0,2.0,9.72,83.5,0.0,14.1,14.5
722.85,61,108.0,1039.0,0.0,2.0,9.72,83.5,0.0,14.1,14.5
722.912,61,108.0,1039.0,0.0,2.0,9.72,83.5,0.0,14.1,14.5
722.97,61,108.0,1039.0,0.0,2.0,9.63,83.5,0.0,14.1,14.5
723.058,61,108.0,1039.0,0.0,2.0,9.63,83.5,0.0,14.1,14.5
723.18,61,108.0,1039.0,0.0,2.0,9.63,83.5,0.0,14.1,14.5
723.269,61,108.0,1039.0,0.0,2.0,9.63,83.5,0.0,14.5,14.5
723.36,61,108.0,1039.0,0.0,2.0,9.63,83.5,0.0,14.5,14.5
723.422,61,108.0,1039.0,0.0,2.0,9.63,83.5,0.0,14.5,14.5
723.509,61,108.0,1039.0,0.0,2.0,9.63,83.5,0.0,14.5,14.5
723.57,61,108.0,1038.0,0.0,2.0,9.63,83.5,0.0,14.5,14.5
723.66,61,108.0,1038.0,0.0,2.0,9.63,83.5,0.0,14.5,14.5
723.722,61,108.0,1038.0,0.0,2.0,9.63,83.5,0.0,14.5,14.5
723.808,61,108.0,1038.0,0.0,2.0,9.88,83.5,0.0,14.5,14.5
723.87,61,108.0,1038.0,0.0,2.0,9.88,83.5,0.0,14.5,14.5
723.959,61,108.0,1038.0,0.0,2.0,9.88,83.5,0.0,14.5,14.5
724.019,61,108.0,1038.0,0.0,2.0,9.88,83.5,0.0,14.1,14.5
724.109,61,108.0,1038.0,0.0,2.0,9.88,83.5,0.0,14.1,14.5
724.17,61,108.0,1038.0,0.0,2.0,9.88,83.5,0.0,14.1,14.5
724.26,61,108.0,1038.0,0.0,2.0,9.88,83.5,0.0,14.1,14.5
724.322,61,108.0,1038.0,0.0,2.0,9.88,83.5,0.0,14.1,14.5
724.409,61,108.0,1038.0,0.0,2.0,9.88,83.5,0.0,14.1,14.5
724.471,61,108.0,1038.0,0.0,2.0,9.88,83.5,0.0,14.1,14.5
724.56,61,108.0,1038.0,0.0,2.0,9.69,83.5,0.0,14.1,14.5
724.622,61,108.0,1038.0,0.0,2.0,9.69,83.5,0.0,14.1,14.5
724.709,61,108.0,1038.0,0.0,2.0,9.69,83.5,0.0,14.1,14.5
724.771,61,108.0,1038.0,0.0,2.0,9.69,83.5,0.0,14.1,14.5
724.86,61,108.0,1038.0,0.0,2.0,9.69,83.5,0.0,14.1,14.5
724.923,61,108.0,1038.0,0.0,2.0,9.69,83.5,0.0,14.1,14.5
725.009,61,108.0,1038.0,0.0,2.0,9.69,83.5,0.0,14.1,14.5
725.07,61,108.0,1039.0,0.0,2.0,9.69,83.5,0.0,14.1,14.5
725.159,61,108.0,1039.0,0.0,2.0,9.69,83.5,0.0,14.1,14.5
725.221,61,108.0,1039.0,0.0,2.0,9.69,83.5,0.0,14.1,14.5
725.309,61,108.0,1039.0,0.0,2.0,9.58,83.5,0.0,14.1,14.5
725.371,61,108.0,1039.0,0.0,2.0,9.58,83.5,0.0,14.1,14.5
725.46,61,108.0,1039.0,0.0,2.0,9.58,83.5,0.0,14.1,14.5
725.521,61,108.0,1039.0,0.0,2.0,9.58,83.5,0.0,14.1,14.5
725.609,61,108.0,1039.0,0.0,2.0,9.58,83.5,0.0,14.1,14.5
725.67,61,108.0,1039.0,0.0,2.0,9.58,83.5,0.0,14.1,14.5
725.76,61,108.0,1039.0,0.0,2.0,9.58,83.5,0.0,14.1,14.5
725.822,61,108.0,1038.0,0.0,2.0,9.58,83.5,0.0,14.1,14.5
725.909,61,108.0,1038.0,0.0,2.0,9.58,83.5,0.0,14.1,14.5
725.969,61,108.0,1038.0,0.0,2.0,9.58,83.5,0.0,14.1,14.5
726.058,61,108.0,1038.0,0.0,2.0,9.8,83.5,0.0,14.1,14.5
726.12,61,108.0,1038.0,0.0,2.0,9.8,83.5,0.0,14.1,14.5
726.209,61,108.0,1038.0,0.0,2.0,9.8,83.5,0.0,14.1,14.5
726.27,61,108.0,1038.0,0.0,2.0,9.8,83.5,0.0,14.1,14.5
726.36,61,108.0,1038.0,0.0,2.0,9.8,83.5,0.0,14.1,14.5
726.421,61,108.0,1038.0,0.0,2.0,9.8,83.5,0.0,14.1,14.5
726.509,61,108.0,1038.0,0.0,2.0,9.8,83.5,0.0,14.1,14.5
726.571,61,108.0,1039.0,0.0,2.0,9.8,83.5,0.0,14.1,14.5
726.659,61,108.0,1039.0,0.0,2.0,9.8,83.5,0.0,14.1,14.5
726.721,61,108.0,1039.0,0.0,2.0,9.8,83.5,0.0,14.1,14.5
726.809,61,108.0,1039.0,0.0,2.0,9.63,83.5,0.0,14.1,14.5
726.87,61,108.0,1039.0,0.0,2.0,9.63,83.5,0.0,14.1,14.5
726.958,61,108.0,1039.0,0.0,2.0,9.63,83.5,0.0,14.1,14.5
727.019,61,108.0,1039.0,0.0,2.0,9.63,83.5,0.0,14.1,14.5
727.109,61,108.0,1039.0,0.0,2.0,9.63,83.5,0.0,14.1,14.5
727.17,61,108.0,1039.0,0.0,2.0,9.63,83.5,0.0,14.1,14.5
727.259,61,108.0,1039.0,0.0,2.0,9.63,83.5,0.0,14.1,14.5
727.321,61,108.0,1041.0,0.0,2.0,9.63,83.5,0.0,14.1,14.5
727.409,61,108.0,1041.0,0.0,2.0,9.63,83.5,0.0,14.1,14.5
727.47,61,108.0,1041.0,0.0,2.0,9.63,83.5,0.0,14.1,14.5
727.56,61,108.0,1041.0,0.0,2.0,9.61,83.5,0.0,14.1,14.5
727.621,61,108.0,1041.0,0.0,2.0,9.61,83.5,0.0,14.1,14.5
727.709,61,108.0,1041.0,0.0,2.0,9.61,83.5,0.0,14.1,14.5
727.773,61,108.0,1041.0,0.0,2.0,9.61,83.5,0.0,14.1,14.5
727.86,61,108.0,1041.0,0.0,2.0,9.61,83.5,0.0,14.1,14.5
727.922,61,108.0,1041.0,0.0,2.0,9.61,83.5,0.0,14.1,14.5
728.009,61,108.0,1041.0,0.0,2.0,9.61,83.5,0.0,14.1,14.5
728.069,61,108.0,1041.0,0.0,2.0,9.61,83.5,0.0,14.1,14.5
728.219,61,108.0,1041.0,0.0,2.0,9.61,83.5,0.0,14.1,14.5
728.309,61,108.0,1041.0,0.0,2.0,9.61,83.5,0.0,14.1,14.5
728.371,61,108.0,1041.0,0.0,2.0,9.41,83.5,0.0,14.1,14.5
728.46,61,108.0,1041.0,0.0,2.0,9.41,83.5,0.0,14.1,14.5
728.522,61,108.0,1041.0,0.0,2.0,9.41,83.5,0.0,14.1,14.5
728.609,61,108.0,1041.0,0.0,2.0,9.41,83.5,0.0,14.1,14.5
728.671,61,108.0,1041.0,0.0,2.0,9.41,83.5,0.0,14.1,14.5
728.759,61,108.0,1041.0,0.0,2.0,9.41,83.5,0.0,14.1,14.5
728.823,61,108.0,1041.0,0.0,2.0,9.41,83.5,0.0,14.1,14.5
728.909,61,108.0,1040.0,0.0,2.0,9.41,83.5,0.0,14.1,14.5
728.969,61,108.0,1040.0,0.0,2.0,9.41,83.5,0.0,14.1,14.5
729.058,61,108.0,1040.0,0.0,2.0,9.41,83.5,0.0,14.1,14.5
729.12,61,108.0,1040.0,0.0,2.0,9.66,83.5,0.0,14.1,14.5
729.209,61,108.0,1040.0,0.0,2.0,9.66,83.5,0.0,14.1,14.5
729.27,61,108.0,1040.0,0.0,2.0,9.66,83.5,0.0,14.1,14.5
729.359,61,108.0,1040.0,0.0,2.0,9.66,83.5,0.0,14.1,14.5
729.421,61,108.0,1040.0,0.0,2.0,9.66,83.5,0.0,14.1,14.5
729.509,61,108.0,1040.0,0.0,2.0,9.66,83.5,0.0,14.1,14.5
729.57,61,108.0,1040.0,0.0,2.0,9.66,83.5,0.0,14.1,14.5
729.659,61,108.0,1041.0,0.0,2.0,9.66,83.5,0.0,14.1,14.5
729.721,61,108.0,1041.0,0.0,2.0,9.66,83.5,0.0,14.1,14.5
729.809,61,108.0,1041.0,0.0,2.0,9.66,83.5,0.0,14.1,14.5
729.87,61,108.0,1041.0,0.0,2.0,9.52,83.5,0.0,14.1,14.5
729.968,61,108.0,1041.0,0.0,2.0,9.52,83.5,0.0,14.1,14.5
730.019,61,108.0,1041.0,0.0,2.0,9.52,83.5,0.0,14.1,14.5
730.109,61,108.0,1041.0,0.0,2.0,9.52,83.5,0.0,14.1,14.5
730.17,61,108.0,1041.0,0.0,2.0,9.52,83.5,0.0,14.1,14.5
730.259,61,108.0,1041.0,0.0,2.0,9.52,83.5,0.0,14.1,14.5
730.32,61,108.0,1041.0,0.0,2.0,9.52,83.5,0.0,14.1,14.5
730.409,61,108.0,1040.0,0.0,2.0,9.52,83.5,0.0,14.1,14.5
730.471,61,108.0,1040.0,0.0,2.0,9.52,83.5,0.0,14.1,14.5
730.559,61,108.0,1040.0,0.0,2.0,9.52,83.5,0.0,14.1,14.5
730.621,61,108.0,1040.0,0.0,2.0,9.72,83.5,0.0,14.1,14.5
730.709,61,108.0,1040.0,0.0,2.0,9.72,83.5,0.0,14.1,14.5
730.771,61,108.0,1040.0,0.0,2.0,9.72,83.5,0.0,14.1,14.5
730.858,61,108.0,1040.0,0.0,2.0,9.72,83.5,0.0,14.1,14.5
730.92,61,108.0,1040.0,0.0,2.0,9.72,83.5,0.0,14.1,14.5
731.008,61,108.0,1040.0,0.0,2.0,9.72,83.5,0.0,14.1,14.5
731.069,61,108.0,1040.0,0.0,2.0,9.72,83.5,0.0,14.1,14.5
731.159,61,108.0,1040.0,0.0,2.0,9.72,83.5,0.0,14.1,14.5
731.22,61,108.0,1040.0,0.0,2.0,9.72,83.5,0.0,14.1,14.5
731.309,61,108.0,1040.0,0.0,2.0,9.72,83.5,0.0,14.1,14.5
731.37,61,108.0,1040.0,0.0,2.0,9.72,83.5,0.0,14.1,14.5
731.459,61,108.0,1040.0,0.0,2.0,9.72,83.5,0.0,14.1,14.5
731.52,61,108.0,1040.0,0.0,2.0,9.72,83.5,0.0,14.1,14.5
731.609,61,108.0,1040.0,0.0,2.0,9.72,83.5,0.0,14.1,14.5
731.67,61,108.0,1040.0,0.0,2.0,9.72,83.5,0.0,14.1,14.5
731.759,61,108.0,1040.0,0.0,2.0,9.72,83.5,0.0,14.1,14.5
731.82,61,108.0,1040.0,0.0,2.0,9.72,83.5,0.0,14.1,14.5
731.909,61,108.0,1042.0,0.0,2.0,9.72,83.5,0.0,14.1,14.5
731.971,61,108.0,1042.0,0.0,2.0,9.72,83.5,0.0,14.1,14.5
732.058,61,108.0,1042.0,0.0,2.0,9.72,83.5,0.0,14.1,14.5
732.119,61,108.0,1042.0,0.0,2.0,9.72,83.5,0.0,14.1,14.5
732.209,61,108.0,1042.0,0.0,2.0,9.72,83.5,0.0,14.1,14.5
732.27,61,108.0,1042.0,0.0,2.0,9.72,83.5,0.0,14.1,14.5
732.359,61,108.0,1042.0,0.0,2.0,9.72,83.5,0.0,14.1,14.5
732.42,61,108.0,1042.0,0.0,2.0,9.72,83.5,0.0,14.1,14.5
732.509,61,108.0,1042.0,0.0,2.0,9.72,83.5,0.0,14.1,14.5
732.57,61,108.0,1042.0,0.0,2.0,9.72,83.5,0.0,14.1,14.5
732.66,61,108.0,1039.0,0.0,2.0,9.72,83.5,0.0,14.1,14.5
732.721,61,108.0,1039.0,0.0,2.0,9.72,83.5,0.0,14.1,14.5
732.809,61,108.0,1039.0,0.0,2.0,9.72,83.5,0.0,14.1,14.5
732.871,61,108.0,1039.0,0.0,2.0,9.66,83.5,0.0,14.1,14.5
732.959,61,108.0,1039.0,0.0,2.0,9.66,83.5,0.0,14.1,14.5
733.021,61,108.0,1039.0,0.0,2.0,9.66,83.5,0.0,14.1,14.5
733.108,61,108.0,1039.0,0.0,2.0,9.66,83.5,0.0,14.5,14.5
733.17,61,108.0,1039.0,0.0,2.0,9.66,83.5,0.0,14.5,14.5
733.259,61,108.0,1039.0,0.0,2.0,9.66,83.5,0.0,14.5,14.5
733.319,61,108.0,1039.0,0.0,2.0,9.66,83.5,0.0,14.5,14.5
733.409,61,108.0,1041.0,0.0,2.0,9.66,83.5,0.0,14.5,14.5
733.469,61,108.0,1041.0,0.0,2.0,9.66,83.5,0.0,14.5,14.5
733.559,61,108.0,1041.0,0.0,2.0,9.66,83.5,0.0,14.5,14.5
733.621,61,108.0,1041.0,0.0,2.0,9.66,83.5,0.0,14.5,14.5
733.709,61,108.0,1041.0,0.0,2.0,9.66,83.5,0.0,14.5,14.5
733.771,61,108.0,1041.0,0.0,2.0,9.66,83.5,0.0,14.5,14.5
733.859,61,108.0,1041.0,0.0,2.0,9.66,83.5,0.0,14.1,14.5
733.921,61,108.0,1041.0,0.0,2.0,9.66,83.5,0.0,14.1,14.5
734.009,61,108.0,1041.0,0.0,2.0,9.66,83.5,0.0,14.1,14.5
734.069,61,108.0,1041.0,0.0,2.0,9.66,83.5,0.0,14.1,14.5
734.159,61,108.0,1039.0,0.0,2.0,9.66,83.5,0.0,14.1,14.5
734.22,61,108.0,1039.0,0.0,2.0,9.66,83.5,0.0,14.1,14.5
734.309,61,108.0,1039.0,0.0,2.0,9.66,83.5,0.0,14.1,14.5
734.37,61,108.0,1039.0,0.0,2.0,9.61,83.5,0.0,14.1,14.5
734.459,61,108.0,1039.0,0.0,2.0,9.61,83.5,0.0,14.1,14.5
734.52,61,108.0,1039.0,0.0,2.0,9.61,83.5,0.0,14.1,14.5
734.609,61,108.0,1039.0,0.0,2.0,9.61,83.5,0.0,14.1,14.5
734.67,61,108.0,1039.0,0.0,2.0,9.61,83.5,0.0,14.1,14.5
734.759,61,108.0,1039.0,0.0,2.0,9.61,83.5,0.0,14.1,14.5
734.82,61,108.0,1039.0,0.0,2.0,9.61,83.5,0.0,14.1,14.5
734.909,61,108.0,1039.0,0.0,2.0,9.61,83.5,0.0,14.1,14.5
734.988,61,108.0,1039.0,0.0,2.0,9.61,83.5,0.0,14.1,14.5
735.059,61,108.0,1039.0,0.0,2.0,9.61,83.5,0.0,14.1,14.5
735.149,61,108.0,1039.0,0.0,2.0,9.63,83.5,0.0,14.1,14.5
735.21,61,108.0,1039.0,0.0,2.0,9.63,83.5,0.0,14.1,14.5
735.27,61,108.0,1039.0,0.0,2.0,9.63,83.5,0.0,14.1,14.5
735.359,61,108.0,1039.0,0.0,2.0,9.63,83.5,0.0,14.1,14.5
735.42,61,108.0,1039.0,0.0,2.0,9.63,83.5,0.0,14.1,14.5
735.508,61,108.0,1039.0,0.0,2.0,9.63,83.5,0.0,14.1,14.5
735.569,61,108.0,1039.0,0.0,2.0,9.63,83.5,0.0,14.1,14.5
735.659,61,108.0,1038.0,0.0,2.0,9.63,83.5,0.0,14.1,14.5
735.719,61,108.0,1038.0,0.0,2.0,9.63,83.5,0.0,14.1,14.5
735.809,61,108.0,1038.0,0.0,2.0,9.63,83.5,0.0,14.1,14.5
735.869,61,108.0,1038.0,0.0,2.0,9.61,83.5,0.0,14.1,14.5
735.959,61,108.0,1038.0,0.0,2.0,9.61,83.5,0.0,14.1,14.5
736.019,61,108.0,1038.0,0.0,2.0,9.61,83.5,0.0,14.1,14.5
736.109,61,108.0,1038.0,0.0,2.0,9.61,83.5,0.0,14.5,14.5
736.169,61,108.0,1038.0,0.0,2.0,9.61,83.5,0.0,14.5,14.5
736.259,61,108.0,1038.0,0.0,2.0,9.61,83.5,0.0,14.5,14.5
736.32,61,108.0,1038.0,0.0,2.0,9.61,83.5,0.0,14.5,14.5
736.409,61,108.0,1037.0,0.0,2.0,9.61,83.5,0.0,14.5,14.5
736.47,61,108.0,1037.0,0.0,2.0,9.61,83.5,0.0,14.5,14.5
736.559,61,108.0,1037.0,0.0,2.0,9.61,83.5,0.0,14.5,14.5
736.62,61,108.0,1037.0,0.0,2.0,9.61,83.5,0.0,14.5,14.5
736.709,61,108.0,1037.0,0.0,2.0,9.61,83.5,0.0,14.5,14.5
736.77,61,108.0,1037.0,0.0,2.0,9.61,83.5,0.0,14.5,14.5
736.859,61,108.0,1037.0,0.0,2.0,9.61,83.5,0.0,14.1,14.5
736.92,61,108.0,1037.0,0.0,2.0,9.61,83.5,0.0,14.1,14.5
737.008,61,108.0,1037.0,0.0,2.0,9.61,83.5,0.0,14.1,14.5
737.069,61,108.0,1037.0,0.0,2.0,9.61,83.5,0.0,14.1,14.5
737.159,61,108.0,1038.0,0.0,2.0,9.61,83.5,0.0,14.1,14.5
737.22,61,108.0,1038.0,0.0,2.0,9.61,83.5,0.0,14.1,14.5
737.309,61,108.0,1038.0,0.0,2.0,9.61,83.5,0.0,14.1,14.5
737.37,61,108.0,1038.0,0.0,2.0,9.58,83.5,0.0,14.1,14.5
737.459,61,108.0,1038.0,0.0,2.0,9.58,83.5,0.0,14.1,14.5
737.52,61,108.0,1038.0,0.0,2.0,9.58,83.5,0.0,14.1,14.5
737.609,61,108.0,1038.0,0.0,2.0,9.58,83.5,0.0,14.1,14.5
737.67,61,108.0,1038.0,0.0,2.0,9.58,83.5,0.0,14.1,14.5
737.759,61,108.0,1038.0,0.0,2.0,9.58,83.5,0.0,14.1,14.5
737.82,61,108.0,1038.0,0.0,2.0,9.58,83.5,0.0,14.1,14.5
737.909,61,108.0,1037.0,0.0,2.0,9.58,83.5,0.0,14.1,14.5
737.971,61,108.0,1037.0,0.0,2.0,9.58,83.5,0.0,14.1,14.5
738.058,61,108.0,1037.0,0.0,2.0,9.58,83.5,0.0,14.1,14.5
738.179,61,108.0,1037.0,0.0,2.0,9.58,83.5,0.0,14.1,14.5
738.269,61,108.0,1037.0,0.0,2.0,9.58,83.5,0.0,14.1,14.5
738.359,61,108.0,1037.0,0.0,2.0,9.58,83.5,0.0,14.1,14.5
738.449,61,108.0,1037.0,0.0,2.0,9.58,83.5,0.0,14.1,14.5
738.539,61,108.0,1037.0,0.0,2.0,9.58,83.5,0.0,14.1,14.5
738.629,61,108.0,1037.0,0.0,2.0,9.58,83.5,0.0,14.1,14.5
738.719,61,108.0,1037.0,0.0,2.0,9.58,83.5,0.0,14.1,14.5
738.81,61,108.0,1039.0,0.0,2.0,9.58,83.5,0.0,14.1,14.5
738.899,61,108.0,1039.0,0.0,2.0,9.58,83.5,0.0,14.1,14.5
738.988,61,108.0,1039.0,0.0,2.0,9.58,83.5,0.0,14.1,14.5
739.079,61,108.0,1039.0,0.0,2.0,9.72,83.5,0.0,14.1,14.5
739.169,61,108.0,1039.0,0.0,2.0,9.72,83.5,0.0,14.1,14.5
739.259,61,108.0,1039.0,0.0,2.0,9.72,83.5,0.0,14.1,14.5
739.349,61,108.0,1039.0,0.0,2.0,9.72,83.5,0.0,14.1,14.5
739.439,61,108.0,1039.0,0.0,2.0,9.72,83.5,0.0,14.1,14.5
739.529,61,108.0,1039.0,0.0,2.0,9.72,83.5,0.0,14.1,14.5
739.619,61,108.0,1039.0,0.0,2.0,9.72,83.5,0.0,14.1,14.5
739.709,61,108.0,1039.0,0.0,2.0,9.72,83.5,0.0,14.1,14.5
739.8,61,108.0,1039.0,0.0,2.0,9.72,83.5,0.0,14.1,14.5
739.889,61,108.0,1039.0,0.0,3.0,9.72,83.5,0.0,14.1,14.5
739.978,61,108.0,1039.0,0.0,3.0,9.49,83.5,0.0,14.1,14.5
740.069,61,108.0,1039.0,0.0,3.0,9.49,83.5,0.0,14.1,14.5
740.159,61,108.0,1039.0,0.0,3.0,9.49,83.5,0.0,14.1,14.5
740.249,61,108.0,1039.0,0.0,3.0,9.49,83.5,0.0,14.1,14.5
740.339,61,108.0,1039.0,0.0,3.0,9.49,83.5,0.0,14.1,14.5
740.429,61,108.0,1039.0,0.0,3.0,9.49,83.5,0.0,14.1,14.5
740.519,61,108.0,1039.0,0.0,3.0,9.49,83.5,0.0,14.1,14.5
740.609,61,108.0,1039.0,0.0,3.0,9.49,83.5,0.0,14.1,14.5
740.699,61,108.0,1039.0,0.0,3.0,9.49,83.5,0.0,14.1,14.5
740.789,61,108.0,1039.0,0.0,2.0,9.49,83.5,0.0,14.1,14.5
740.879,61,108.0,1039.0,0.0,2.0,9.55,83.5,0.0,14.1,14.5
740.968,61,108.0,1039.0,0.0,2.0,9.55,83.5,0.0,14.1,14.5
741.089,61,108.0,1039.0,0.0,2.0,9.55,83.5,0.0,14.1,14.5
741.178,61,108.0,1039.0,0.0,2.0,9.55,83.5,0.0,14.1,14.5
741.269,61,108.0,1039.0,0.0,2.0,9.55,83.5,0.0,14.1,14.5
741.359,61,108.0,1039.0,0.0,2.0,9.55,83.5,0.0,14.1,14.5
741.45,61,108.0,1039.0,0.0,2.0,9.55,83.5,0.0,14.1,14.5
741.539,61,108.0,1039.0,0.0,2.0,9.55,83.5,0.0,14.1,14.5
741.629,61,108.0,1039.0,0.0,2.0,9.55,83.5,0.0,14.1,14.5
741.719,61,108.0,1039.0,0.0,2.0,9.55,83.5,0.0,14.1,14.5
741.809,61,108.0,1039.0,0.0,2.0,9.63,83.5,0.0,14.1,14.5
741.9,61,108.0,1039.0,0.0,2.0,9.63,83.5,0.0,14.1,14.5
741.988,61,108.0,1039.0,0.0,2.0,9.63,83.5,0.0,14.1,14.5
742.078,61,108.0,1039.0,0.0,2.0,9.63,83.5,0.0,14.1,14.5
742.169,61,108.0,1039.0,0.0,2.0,9.63,83.5,0.0,14.1,14.5
742.259,61,108.0,1039.0,0.0,2.0,9.63,83.5,0.0,14.1,14.5
742.349,61,108.0,1039.0,0.0,2.0,9.63,83.5,0.0,14.1,14.5
742.439,61,108.0,1043.0,0.0,2.0,9.63,83.5,0.0,14.1,14.5
742.529,61,108.0,1043.0,0.0,2.0,9.63,83.5,0.0,14.1,14.5
742.62,61,108.0,1043.0,0.0,2.0,9.63,83.5,0.0,14.1,14.5
742.708,61,108.0,1043.0,0.0,2.0,9.69,83.5,0.0,14.1,14.5
742.799,61,108.0,1043.0,0.0,2.0,9.69,83.5,0.0,14.1,14.5
742.888,61,108.0,1043.0,0.0,2.0,9.69,83.5,0.0,14.1,14.5
742.979,61,108.0,1043.0,0.0,2.0,9.69,83.5,0.0,22.4,14.5
743.068,61,108.0,1043.0,0.0,2.0,9.69,83.5,0.0,22.4,22.0
743.159,61,108.0,1043.0,0.0,2.0,9.69,83.5,0.0,22.4,22.0
743.249,61,112.0,1043.0,0.0,2.0,9.69,83.5,0.0,22.4,22.0
743.339,61,112.0,1109.0,0.0,2.0,9.69,83.5,0.0,22.4,22.0
743.429,61,112.0,1109.0,5.0,2.0,9.69,83.5,0.0,22.4,22.0
743.519,61,112.0,1109.0,5.0,5.0,9.69,83.5,0.0,22.4,22.0
743.609,61,112.0,1109.0,5.0,5.0,16.49,83.5,0.0,22.4,22.0
743.699,61,112.0,1109.0,5.0,5.0,16.49,83.5,0.0,22.4,22.0
743.789,61,112.0,1109.0,5.0,5.0,16.49,83.5,0.0,22.4,22.0
743.879,61,112.0,1109.0,5.0,5.0,16.49,83.5,0.0,22.7,22.0
743.969,61,112.0,1109.0,5.0,5.0,16.49,83.5,0.0,22.7,24.7
744.058,61,112.0,1109.0,5.0,5.0,16.49,83.5,0.0,22.7,24.7
744.148,61,117.0,1109.0,5.0,5.0,16.49,83.5,0.0,22.7,24.7
744.238,61,117.0,1393.0,5.0,5.0,16.49,83.5,0.0,22.7,24.7
744.329,61,117.0,1393.0,12.0,5.0,16.49,83.5,0.0,22.7,24.7
744.419,61,117.0,1393.0,12.0,6.0,16.49,83.5,0.0,22.7,24.7
744.509,61,117.0,1393.0,12.0,6.0,27.36,83.5,0.0,22.7,24.7
744.599,61,117.0,1393.0,12.0,6.0,27.36,83.5,0.0,22.7,24.7
744.689,61,117.0,1393.0,12.0,6.0,27.36,83.5,0.0,22.7,24.7
744.778,61,117.0,1393.0,12.0,6.0,27.36,83.5,0.0,36.1,24.7
744.869,61,117.0,1393.0,12.0,6.0,27.36,83.5,0.0,36.1,36.5
744.959,61,117.0,1393.0,12.0,6.0,27.36,83.5,0.0,36.1,36.5
745.048,61,135.0,1393.0,12.0,6.0,27.36,83.5,0.0,36.1,36.5
745.139,61,135.0,1914.0,12.0,6.0,27.36,83.5,0.0,36.1,36.5
745.229,61,135.0,1914.0,17.0,6.0,27.36,83.5,0.0,36.1,36.5
745.319,61,135.0,1914.0,17.0,8.0,27.36,83.5,0.0,36.1,36.5
745.409,61,135.0,1914.0,17.0,8.0,21.86,83.5,0.0,36.1,36.5
745.499,61,135.0,1914.0,17.0,8.0,21.86,83.5,0.0,36.1,36.5
745.589,61,135.0,1914.0,17.0,8.0,21.86,83.5,0.0,36.1,36.5
745.678,61,135.0,1914.0,17.0,8.0,21.86,83.5,0.0,14.5,36.5
745.769,61,135.0,1914.0,17.0,8.0,21.86,83.5,0.0,14.5,14.5
745.859,61,135.0,1914.0,17.0,8.0,21.86,83.5,0.0,14.5,14.5
745.949,61,120.0,1914.0,17.0,8.0,21.86,83.5,0.0,14.5,14.5
746.038,61,120.0,1215.0,17.0,8.0,21.86,83.5,0.0,14.5,14.5
746.128,61,120.0,1215.0,17.0,8.0,21.86,83.5,0.0,14.5,14.5
746.219,61,120.0,1215.0,17.0,7.0,21.86,83.5,0.0,14.5,14.5
746.311,61,120.0,1215.0,17.0,7.0,8.3,83.5,0.0,14.5,14.5
746.399,61,120.0,1215.0,17.0,7.0,8.3,83.5,0.0,14.5,14.5
746.49,61,120.0,1215.0,17.0,7.0,8.3,83.5,0.0,14.5,14.5
746.579,61,120.0,1215.0,17.0,7.0,8.3,83.5,0.0,34.1,14.5
746.669,61,120.0,1215.0,17.0,7.0,8.3,83.5,0.0,34.1,35.7
746.758,61,120.0,1215.0,17.0,7.0,8.3,83.5,0.0,34.1,35.7
746.849,61,117.0,1215.0,17.0,7.0,8.3,83.5,0.0,34.1,35.7
746.939,61,117.0,1151.0,17.0,7.0,8.3,83.5,0.0,34.1,35.7
747.028,61,117.0,1151.0,20.0,7.0,8.3,83.5,0.0,34.1,35.7
747.149,61,117.0,1151.0,20.0,3.0,8.3,83.5,0.0,34.1,35.7
747.239,61,117.0,1151.0,20.0,3.0,17.3,83.5,0.0,34.1,35.7
747.329,61,117.0,1151.0,20.0,3.0,17.3,83.5,0.0,34.1,35.7
747.419,61,117.0,1151.0,20.0,3.0,17.3,83.5,0.0,34.1,35.7
747.508,61,117.0,1151.0,20.0,3.0,17.3,83.5,0.0,41.2,35.7
747.598,61,117.0,1151.0,20.0,3.0,17.3,83.5,0.0,41.2,42.0
747.689,61,117.0,1151.0,20.0,3.0,17.3,83.5,0.0,41.2,42.0
747.779,61,124.0,1151.0,20.0,3.0,17.3,83.5,0.0,41.2,42.0
747.869,61,124.0,1361.0,20.0,3.0,17.3,83.5,0.0,41.2,42.0
747.958,61,124.0,1361.0,23.0,3.0,17.3,83.5,0.0,41.2,42.0
748.048,61,124.0,1361.0,23.0,5.0,17.3,83.5,0.0,41.2,42.0
748.139,61,124.0,1361.0,23.0,5.0,25.63,83.5,0.0,41.2,42.0
748.229,61,124.0,1361.0,23.0,5.0,25.63,83.5,0.0,41.2,42.0
748.319,61,124.0,1361.0,23.0,5.0,25.63,83.5,0.0,41.2,42.0
748.408,61,124.0,1361.0,23.0,5.0,25.63,83.5,0.0,47.8,42.0
748.499,61,124.0,1361.0,23.0,5.0,25.63,83.5,0.0,47.8,48.6
748.589,61,124.0,1361.0,23.0,5.0,25.63,83.5,0.0,47.8,48.6
748.679,61,155.0,1361.0,23.0,5.0,25.63,83.5,0.0,47.8,48.6
748.77,61,155.0,1680.0,23.0,5.0,25.63,83.5,0.0,47.8,48.6
748.859,61,155.0,1680.0,29.0,5.0,25.63,83.5,0.0,47.8,48.6
748.949,61,155.0,1680.0,29.0,7.0,25.63,83.5,0.0,47.8,48.6
749.039,61,155.0,1680.0,29.0,7.0,45.41,83.5,0.0,47.8,48.6
749.128,61,155.0,1680.0,29.0,7.0,45.41,83.5,0.0,47.8,48.6
749.219,61,155.0,1680.0,29.0,7.0,45.41,83.5,0.0,47.8,48.6
749.309,61,155.0,1680.0,29.0,7.0,45.41,83.5,0.0,49.0,48.6
749.399,61,155.0,1680.0,29.0,7.0,45.41,83.5,0.0,49.0,49.0
749.489,61,155.0,1680.0,29.0,7.0,45.41,83.5,0.0,49.0,49.0
749.579,61,197.0,1680.0,29.0,7.0,45.41,83.5,0.0,49.0,49.0
749.669,61,197.0,2063.0,29.0,7.0,45.41,83.5,0.0,49.0,49.0
749.759,61,197.0,2063.0,36.0,7.0,45.41,83.5,0.0,49.0,49.0
749.849,61,197.0,2063.0,36.0,9.0,45.41,83.5,0.0,49.0,49.0
749.939,61,197.0,2063.0,36.0,9.0,27.58,83.5,0.0,49.0,49.0
750.028,61,197.0,2063.0,36.0,9.0,27.58,43.1,0.0,49.0,49.0
750.119,61,197.0,2063.0,36.0,9.0,27.58,43.1,0.0,49.0,49.0
750.238,61,197.0,2063.0,36.0,9.0,27.58,43.1,0.0,14.5,49.0
750.359,61,197.0,2063.0,36.0,9.0,27.58,43.1,0.0,14.5,14.5
750.45,61,197.0,2063.0,36.0,9.0,27.58,43.1,0.0,14.5,14.5
750.539,61,103.0,2063.0,36.0,9.0,27.58,43.1,0.0,14.5,14.5
750.629,61,103.0,1522.0,36.0,9.0,27.58,43.1,0.0,14.5,14.5
750.719,61,103.0,1522.0,36.0,9.0,27.58,43.1,0.0,14.5,14.5
750.808,61,103.0,1522.0,36.0,9.0,27.58,43.1,0.0,14.5,14.5
750.899,61,103.0,1522.0,36.0,9.0,21.61,43.1,0.0,14.5,14.5
750.989,61,103.0,1522.0,36.0,9.0,21.61,80.8,0.0,14.5,14.5
751.078,61,103.0,1522.0,36.0,9.0,21.61,80.8,0.0,14.5,14.5
751.169,61,103.0,1522.0,36.0,9.0,21.61,80.8,0.0,62.7,14.5
751.259,61,103.0,1522.0,36.0,9.0,21.61,80.8,0.0,62.7,64.7
751.349,61,103.0,1522.0,36.0,9.0,21.61,80.8,0.0,62.7,64.7
751.438,61,130.0,1522.0,36.0,9.0,21.61,80.8,0.0,62.7,64.7
751.529,61,130.0,1470.0,36.0,9.0,21.61,80.8,0.0,62.7,64.7
751.62,61,130.0,1470.0,40.0,9.0,21.61,80.8,0.0,62.7,64.7
751.709,61,130.0,1470.0,40.0,7.0,21.61,80.8,0.0,62.7,64.7
751.8,61,130.0,1470.0,40.0,7.0,37.88,80.8,0.0,62.7,64.7
751.896,61,130.0,1470.0,40.0,7.0,37.88,83.5,0.0,62.7,64.7
752.008,61,130.0,1470.0,40.0,7.0,37.88,83.5,0.0,62.7,64.7
752.098,61,130.0,1470.0,40.0,7.0,37.88,83.5,0.0,64.7,64.7
752.189,61,130.0,1470.0,40.0,7.0,37.88,83.5,0.0,64.7,65.1
752.278,61,130.0,1470.0,40.0,7.0,37.88,83.5,0.0,64.7,65.1
752.368,61,203.0,1470.0,40.0,7.0,37.88,83.5,0.0,64.7,65.1
752.458,61,203.0,1722.0,40.0,7.0,37.88,83.5,0.0,64.7,65.1
752.548,61,203.0,1722.0,46.0,7.0,37.88,83.5,0.0,64.7,65.1
752.638,61,203.0,1722.0,46.0,9.0,37.88,83.5,0.0,64.7,65.1
752.728,61,203.0,1722.0,46.0,9.0,65.97,83.5,0.0,64.7,65.1
752.818,61,203.0,1722.0,46.0,9.0,65.97,83.5,0.0,64.7,65.1
752.909,61,203.0,1722.0,46.0,9.0,65.97,83.5,0.0,64.7,65.1
752.998,61,203.0,1722.0,46.0,9.0,65.97,83.5,0.0,60.0,65.1
753.088,61,203.0,1722.0,46.0,9.0,65.97,83.5,0.0,60.0,58.0
753.208,61,203.0,1722.0,46.0,9.0,65.97,83.5,0.0,60.0,58.0
753.299,61,227.0,1722.0,46.0,9.0,65.97,83.5,0.0,60.0,58.0
753.389,61,227.0,1934.0,46.0,9.0,65.97,83.5,0.0,60.0,58.0
753.478,61,227.0,1934.0,54.0,9.0,65.97,83.5,0.0,60.0,58.0
753.568,61,227.0,1934.0,54.0,10.0,65.97,83.5,0.0,60.0,58.0
753.658,61,227.0,1934.0,54.0,10.0,36.63,83.5,0.0,60.0,58.0
753.748,61,227.0,1934.0,54.0,10.0,36.63,31.0,0.0,60.0,58.0
753.839,61,227.0,1934.0,54.0,10.0,36.63,31.0,0.0,60.0,58.0
753.928,61,227.0,1934.0,54.0,10.0,36.63,31.0,0.0,14.1,58.0
754.018,61,227.0,1934.0,54.0,10.0,36.63,31.0,0.0,14.1,14.5
754.108,61,227.0,1934.0,54.0,10.0,36.63,31.0,0.0,14.1,14.5
754.199,61,123.0,1934.0,54.0,10.0,36.63,31.0,0.0,14.1,14.5
754.289,61,123.0,1402.0,54.0,10.0,36.63,31.0,0.0,14.1,14.5
754.378,61,123.0,1402.0,53.0,10.0,36.63,31.0,0.0,14.1,14.5
754.469,61,123.0,1402.0,53.0,6.0,36.63,31.0,0.0,14.1,14.5
754.559,61,123.0,1402.0,53.0,6.0,11.74,31.0,0.0,14.1,14.5
754.648,61,123.0,1402.0,53.0,6.0,11.74,83.5,0.0,14.1,14.5
754.739,61,123.0,1402.0,53.0,6.0,11.74,83.5,0.0,14.1,14.5
754.829,61,123.0,1402.0,53.0,6.0,11.74,83.5,0.0,14.1,14.5
754.92,61,123.0,1402.0,53.0,6.0,11.74,83.5,0.0,14.1,14.5
755.008,61,123.0,1402.0,53.0,6.0,11.74,83.5,0.0,14.1,14.5
755.098,61,115.0,1402.0,53.0,6.0,11.74,83.5,0.0,14.1,14.5
755.188,61,115.0,1309.0,53.0,6.0,11.74,83.5,0.0,14.1,14.5
755.279,61,115.0,1309.0,51.0,6.0,11.74,83.5,0.0,14.1,14.5
755.368,61,115.0,1309.0,51.0,2.0,11.74,83.5,0.0,14.1,14.5
755.458,61,115.0,1309.0,51.0,2.0,12.49,83.5,0.0,14.1,14.5
755.548,61,115.0,1309.0,51.0,2.0,12.49,83.5,0.0,14.1,14.5
755.638,61,115.0,1309.0,51.0,2.0,12.49,83.5,0.0,14.1,14.5
755.729,61,115.0,1309.0,51.0,2.0,12.49,83.5,0.0,27.5,14.5
755.818,61,115.0,1309.0,51.0,2.0,12.49,83.5,0.0,27.5,28.2
755.908,61,115.0,1309.0,51.0,2.0,12.49,83.5,0.0,27.5,28.2
755.998,61,108.0,1309.0,51.0,2.0,12.49,83.5,0.0,27.5,28.2
756.088,61,108.0,1292.0,51.0,2.0,12.49,83.5,0.0,27.5,28.2
756.178,61,108.0,1292.0,50.0,2.0,12.49,83.5,0.0,27.5,28.2
756.268,61,108.0,1292.0,50.0,1.0,12.49,83.5,0.0,27.5,28.2
756.358,61,108.0,1292.0,50.0,1.0,12.16,83.5,0.0,27.5,28.2
756.448,61,108.0,1292.0,50.0,1.0,12.16,83.5,0.0,27.5,28.2
756.538,61,108.0,1292.0,50.0,1.0,12.16,83.5,0.0,27.5,28.2
756.627,61,108.0,1292.0,50.0,1.0,12.16,83.5,0.0,36.5,28.2
756.718,61,108.0,1292.0,50.0,1.0,12.16,83.5,0.0,36.5,37.3
756.808,62,108.0,1292.0,50.0,1.0,12.16,83.5,0.0,36.5,37.3
756.898,62,114.0,1292.0,50.0,1.0,12.16,83.5,0.0,36.5,37.3
756.99,62,114.0,1302.0,50.0,1.0,12.16,83.5,0.0,36.5,37.3
757.078,62,114.0,1302.0,51.0,1.0,12.16,83.5,0.0,36.5,37.3
757.168,62,114.0,1302.0,51.0,2.0,12.16,83.5,0.0,36.5,37.3
757.258,62,114.0,1302.0,51.0,2.0,16.88,83.5,0.0,36.5,37.3
757.348,62,114.0,1302.0,51.0,2.0,16.88,83.5,0.0,36.5,37.3
757.438,62,114.0,1302.0,51.0,2.0,16.88,83.5,0.0,36.5,37.3
757.528,62,114.0,1302.0,51.0,2.0,16.88,83.5,0.0,38.8,37.3
757.619,62,114.0,1302.0,51.0,2.0,16.88,83.5,0.0,38.8,40.4
757.708,62,114.0,1302.0,51.0,2.0,16.88,83.5,0.0,38.8,40.4
757.798,62,125.0,1302.0,51.0,2.0,16.88,83.5,0.0,38.8,40.4
757.887,62,125.0,1329.0,51.0,2.0,16.88,83.5,0.0,38.8,40.4
757.978,62,125.0,1329.0,52.0,2.0,16.88,83.5,0.0,38.8,40.4
758.068,62,125.0,1329.0,52.0,4.0,16.88,83.5,0.0,38.8,40.4
758.188,62,125.0,1329.0,52.0,4.0,21.3,83.5,0.0,38.8,40.4
758.278,62,125.0,1329.0,52.0,4.0,21.3,83.5,0.0,38.8,40.4
758.367,62,125.0,1329.0,52.0,4.0,21.3,83.5,0.0,38.8,40.4
758.458,62,125.0,1329.0,52.0,4.0,21.3,83.5,0.0,59.6,40.4
758.547,62,125.0,1329.0,52.0,4.0,21.3,83.5,0.0,59.6,63.1
758.638,62,125.0,1329.0,52.0,4.0,21.3,83.5,0.0,59.6,63.1
758.728,62,148.0,1329.0,52.0,4.0,21.3,83.5,0.0,59.6,63.1
758.817,62,148.0,1393.0,52.0,4.0,21.3,83.5,0.0,59.6,63.1
758.907,62,148.0,1393.0,54.0,4.0,21.3,83.5,0.0,59.6,63.1
758.998,62,148.0,1393.0,54.0,5.0,21.3,83.5,0.0,59.6,63.1
759.087,62,148.0,1393.0,54.0,5.0,36.88,83.5,0.0,59.6,63.1
759.178,62,148.0,1393.0,54.0,5.0,36.88,83.5,0.0,59.6,63.1
759.267,62,148.0,1393.0,54.0,5.0,36.88,83.5,0.0,59.6,63.1
759.358,62,148.0,1393.0,54.0,5.0,36.88,83.5,0.0,43.1,63.1
759.448,62,148.0,1393.0,54.0,5.0,36.88,83.5,0.0,43.1,40.4
759.538,62,148.0,1393.0,54.0,5.0,36.88,83.5,0.0,43.1,40.4
759.627,62,150.0,1393.0,54.0,5.0,36.88,83.5,0.0,43.1,40.4
759.718,62,150.0,1460.0,54.0,5.0,36.88,83.5,0.0,43.1,40.4
759.808,62,150.0,1460.0,57.0,5.0,36.88,83.5,0.0,43.1,40.4
759.898,62,150.0,1460.0,57.0,7.0,36.88,83.5,0.0,43.1,40.4
759.987,62,150.0,1460.0,57.0,7.0,27.05,83.5,0.0,43.1,40.4
760.078,62,150.0,1460.0,57.0,7.0,27.05,31.0,0.0,43.1,40.4
760.168,62,150.0,1460.0,57.0,7.0,27.05,31.0,0.0,43.1,40.4
760.258,62,150.0,1460.0,57.0,7.0,27.05,31.0,0.0,28.2,40.4
760.348,62,150.0,1460.0,57.0,7.0,27.05,31.0,0.0,28.2,25.1
760.438,62,150.0,1460.0,57.0,7.0,27.05,31.0,0.0,28.2,25.1
760.528,62,116.0,1460.0,57.0,7.0,27.05,31.0,0.0,28.2,25.1
760.617,62,116.0,1417.0,57.0,7.0,27.05,31.0,0.0,28.2,25.1
760.708,62,116.0,1417.0,57.0,7.0,27.05,31.0,0.0,28.2,25.1
760.797,62,116.0,1417.0,57.0,6.0,27.05,31.0,0.0,28.2,25.1
760.888,62,116.0,1417.0,57.0,6.0,12.8,31.0,0.0,28.2,25.1
760.978,62,116.0,1417.0,57.0,6.0,12.8,83.5,0.0,28.2,25.1
761.068,62,116.0,1417.0,57.0,6.0,12.8,83.5,0.0,28.2,25.1
761.158,62,116.0,1417.0,57.0,6.0,12.8,83.5,0.0,14.1,25.1
761.248,62,116.0,1417.0,57.0,6.0,12.8,83.5,0.0,14.1,14.5
761.337,62,116.0,1417.0,57.0,6.0,12.8,83.5,0.0,14.1,14.5
761.428,62,113.0,1417.0,57.0,6.0,12.8,83.5,0.0,14.1,14.5
761.518,62,113.0,1424.0,57.0,6.0,12.8,83.5,0.0,14.1,14.5
761.608,62,113.0,1424.0,55.0,6.0,12.8,83.5,0.0,14.1,14.5
761.698,62,113.0,1424.0,55.0,3.0,12.8,83.5,0.0,14.1,14.5
761.788,62,113.0,1424.0,55.0,3.0,13.83,83.5,0.0,14.1,14.5
761.877,62,113.0,1424.0,55.0,3.0,13.83,83.5,0.0,14.1,14.5
761.967,62,113.0,1424.0,55.0,3.0,13.83,83.5,0.0,14.1,14.5
762.058,62,113.0,1424.0,55.0,3.0,13.83,83.5,0.0,14.1,14.5
762.148,62,113.0,1424.0,55.0,3.0,13.83,83.5,0.0,14.1,14.5
762.238,62,113.0,1424.0,55.0,3.0,13.83,83.5,0.0,14.1,14.5
762.328,62,114.0,1424.0,55.0,3.0,13.83,83.5,0.0,14.1,14.5
762.418,62,114.0,1393.0,55.0,3.0,13.83,83.5,0.0,14.1,14.5
762.507,62,114.0,1393.0,54.0,3.0,13.83,83.5,0.0,14.1,14.5
762.598,62,114.0,1393.0,54.0,3.0,13.83,83.5,0.0,14.1,14.5
762.688,62,114.0,1393.0,54.0,3.0,13.72,83.5,0.0,14.1,14.5
762.777,62,114.0,1393.0,54.0,3.0,13.72,83.5,0.0,14.1,14.5
762.867,62,114.0,1393.0,54.0,3.0,13.72,83.5,0.0,14.1,14.5
762.957,62,114.0,1393.0,54.0,3.0,13.72,83.5,0.0,14.1,14.5
763.078,62,114.0,1393.0,54.0,3.0,13.72,83.5,0.0,14.1,14.5
763.198,62,114.0,1393.0,54.0,3.0,13.72,83.5,0.0,14.1,14.5
763.288,62,114.0,1393.0,54.0,3.0,13.72,83.5,0.0,14.1,14.5
763.378,62,114.0,1301.0,54.0,3.0,13.72,83.5,0.0,14.1,14.5
763.467,62,114.0,1301.0,50.0,3.0,13.72,83.5,0.0,14.1,14.5
763.558,62,114.0,1301.0,50.0,3.0,13.72,83.5,0.0,14.1,14.5
763.648,62,114.0,1301.0,50.0,3.0,10.86,83.5,0.0,14.1,14.5
763.738,62,114.0,1301.0,50.0,3.0,10.86,83.5,0.0,14.1,14.5
763.828,62,114.0,1301.0,50.0,3.0,10.86,83.5,0.0,14.1,14.5
763.917,62,114.0,1301.0,50.0,3.0,10.86,83.5,0.0,14.1,14.5
764.008,62,114.0,1301.0,50.0,3.0,10.86,83.5,0.0,14.1,14.5
764.097,62,114.0,1301.0,50.0,3.0,10.86,83.5,0.0,14.1,14.5
764.188,62,112.0,1301.0,50.0,3.0,10.86,83.5,0.0,14.1,14.5
764.277,62,112.0,1136.0,50.0,3.0,10.86,83.5,0.0,14.1,14.5
764.368,62,112.0,1136.0,45.0,3.0,10.86,83.5,0.0,14.1,14.5
764.457,62,112.0,1136.0,45.0,1.0,10.86,83.5,0.0,14.1,14.5
764.548,62,112.0,1136.0,45.0,1.0,11.86,83.5,0.0,14.1,14.5
764.638,62,112.0,1136.0,45.0,1.0,11.86,83.5,0.0,14.1,14.5
764.728,62,112.0,1136.0,45.0,1.0,11.86,83.5,0.0,14.1,14.5
764.818,62,112.0,1136.0,45.0,1.0,11.86,83.5,0.0,14.1,14.5
764.91,62,112.0,1136.0,45.0,1.0,11.86,83.5,0.0,14.1,14.5
764.997,62,112.0,1136.0,45.0,1.0,11.86,83.5,0.0,14.1,14.5
765.088,62,104.0,1136.0,45.0,1.0,11.86,83.5,0.0,14.1,14.5
765.177,62,104.0,1490.0,45.0,1.0,11.86,83.5,0.0,14.1,14.5
765.268,62,104.0,1490.0,40.0,1.0,11.86,83.5,0.0,14.1,14.5
765.357,62,104.0,1490.0,40.0,3.0,11.86,83.5,0.0,14.1,14.5
765.448,62,104.0,1490.0,40.0,3.0,12.08,83.5,0.0,14.1,14.5
765.537,62,104.0,1490.0,40.0,3.0,12.08,83.5,0.0,14.1,14.5
765.628,62,104.0,1490.0,40.0,3.0,12.08,83.5,0.0,14.1,14.5
765.717,62,104.0,1490.0,40.0,3.0,12.08,83.5,0.0,14.1,14.5
765.808,62,104.0,1490.0,40.0,3.0,12.08,83.5,0.0,14.1,14.5
765.897,62,104.0,1490.0,40.0,3.0,12.08,83.5,0.0,14.1,14.5
765.988,62,109.0,1490.0,40.0,3.0,12.08,83.5,0.0,14.1,14.5
766.077,62,109.0,1034.0,40.0,3.0,12.08,83.5,0.0,14.1,14.5
766.168,62,109.0,1034.0,35.0,3.0,12.08,83.5,0.0,14.1,14.5
766.258,62,109.0,1034.0,35.0,1.0,12.08,83.5,0.0,14.1,14.5
766.348,62,109.0,1034.0,35.0,1.0,10.44,83.5,0.0,14.1,14.5
766.438,62,109.0,1034.0,35.0,1.0,10.44,83.5,0.0,14.1,14.5
766.528,62,109.0,1034.0,35.0,1.0,10.44,83.5,0.0,14.1,14.5
766.618,62,109.0,1034.0,35.0,1.0,10.44,83.5,0.0,14.1,14.5
766.708,62,109.0,1034.0,35.0,1.0,10.44,83.5,0.0,14.1,14.5
766.798,62,109.0,1034.0,35.0,1.0,10.44,83.5,0.0,14.1,14.5
766.888,62,108.0,1034.0,35.0,1.0,10.44,83.5,0.0,14.1,14.5
766.978,62,108.0,1210.0,35.0,1.0,10.44,83.5,0.0,14.1,14.5
767.068,62,108.0,1210.0,30.0,1.0,10.44,83.5,0.0,14.1,14.5
767.158,62,108.0,1210.0,30.0,2.0,10.44,83.5,0.0,14.1,14.5
767.249,62,108.0,1210.0,30.0,2.0,12.44,83.5,0.0,14.1,14.5
767.338,62,108.0,1210.0,30.0,2.0,12.44,83.5,0.0,14.1,14.5
767.428,62,108.0,1210.0,30.0,2.0,12.44,83.5,0.0,14.1,14.5
767.518,62,108.0,1210.0,30.0,2.0,12.44,83.5,0.0,14.1,14.5
767.61,62,108.0,1210.0,30.0,2.0,12.44,83.5,0.0,14.1,14.1
767.698,62,108.0,1210.0,30.0,2.0,12.44,83.5,0.0,14.1,14.1
767.788,62,110.0,1210.0,30.0,2.0,12.44,83.5,0.0,14.1,14.1
767.878,62,110.0,1336.0,30.0,2.0,12.44,83.5,0.0,14.1,14.1
767.968,62,110.0,1336.0,23.0,2.0,12.44,83.5,0.0,14.1,14.1
768.058,62,110.0,1336.0,23.0,3.0,12.44,83.5,0.0,14.1,14.1
768.149,62,110.0,1336.0,23.0,3.0,11.24,83.5,0.0,14.1,14.1
768.238,62,110.0,1336.0,23.0,3.0,11.24,83.5,0.0,14.1,14.1
768.329,62,110.0,1336.0,23.0,3.0,11.24,83.5,0.0,14.1,14.1
768.418,62,110.0,1336.0,23.0,3.0,11.24,83.5,0.0,14.1,14.1
768.509,62,110.0,1336.0,23.0,3.0,11.24,83.5,0.0,14.1,14.5
768.598,62,110.0,1336.0,23.0,3.0,11.24,83.5,0.0,14.1,14.5
768.689,62,110.0,1336.0,23.0,3.0,11.24,83.5,0.0,14.1,14.5
768.778,62,110.0,998.0,23.0,3.0,11.24,83.5,0.0,14.1,14.5
768.867,62,110.0,998.0,17.0,3.0,11.24,83.5,0.0,14.1,14.5
768.957,62,110.0,998.0,17.0,3.0,11.24,83.5,0.0,14.1,14.5
769.079,62,110.0,998.0,17.0,3.0,9.88,83.5,0.0,14.1,14.5
769.168,62,110.0,998.0,17.0,3.0,9.88,83.5,0.0,14.1,14.5
769.259,62,110.0,998.0,17.0,3.0,9.88,83.5,0.0,14.1,14.5
769.349,62,110.0,998.0,17.0,3.0,9.88,83.5,0.0,14.1,14.5
769.438,62,110.0,998.0,17.0,3.0,9.88,83.5,0.0,14.1,14.5
769.529,62,110.0,998.0,17.0,3.0,9.88,83.5,0.0,14.1,14.5
769.618,62,108.0,998.0,17.0,3.0,9.88,83.5,0.0,14.1,14.5
769.708,62,108.0,1025.0,17.0,3.0,9.88,83.5,0.0,14.1,14.5
769.798,62,108.0,1025.0,10.0,3.0,9.88,83.5,0.0,14.1,14.5
769.888,62,108.0,1025.0,10.0,1.0,9.88,83.5,0.0,14.1,14.5
769.979,62,108.0,1025.0,10.0,1.0,9.38,83.5,0.0,14.1,14.5
770.068,62,108.0,1025.0,10.0,1.0,9.38,83.5,0.0,14.1,14.5
770.158,62,108.0,1025.0,10.0,1.0,9.38,83.5,0.0,14.1,14.5
770.249,62,108.0,1025.0,10.0,1.0,9.38,83.5,0.0,14.1,14.5
770.338,62,108.0,1025.0,10.0,1.0,9.38,83.5,0.0,14.1,14.5
770.43,62,108.0,1025.0,10.0,1.0,9.38,83.5,0.0,14.1,14.5
770.518,62,108.0,1025.0,10.0,1.0,9.38,83.5,0.0,14.1,14.5
770.608,62,108.0,1033.0,10.0,1.0,9.38,83.5,0.0,14.1,14.5
770.699,62,108.0,1033.0,4.0,1.0,9.38,83.5,0.0,14.1,14.5
770.79,62,108.0,1033.0,4.0,1.0,9.38,83.5,0.0,14.1,14.5
770.878,62,108.0,1033.0,4.0,1.0,9.47,83.5,0.0,14.1,14.5
770.968,62,108.0,1033.0,4.0,1.0,9.47,83.5,0.0,14.1,14.5
771.058,62,108.0,1033.0,4.0,1.0,9.47,83.5,0.0,14.1,14.5
771.149,62,108.0,1033.0,4.0,1.0,9.47,83.5,0.0,14.1,14.5
771.238,62,108.0,1033.0,4.0,1.0,9.47,83.5,0.0,14.1,14.1
771.328,62,108.0,1033.0,4.0,1.0,9.47,83.5,0.0,14.1,14.1
771.419,62,108.0,1033.0,4.0,1.0,9.47,83.5,0.0,14.1,14.1
771.509,62,108.0,1042.0,4.0,1.0,9.47,83.5,0.0,14.1,14.1
771.599,62,108.0,1042.0,0.0,1.0,9.47,83.5,0.0,14.1,14.1
771.688,62,108.0,1042.0,0.0,1.0,9.47,83.5,0.0,14.1,14.1
771.779,62,108.0,1042.0,0.0,1.0,9.8,83.5,0.0,14.1,14.1
771.869,62,108.0,1042.0,0.0,1.0,9.8,83.5,0.0,14.1,14.1
771.958,62,108.0,1042.0,0.0,1.0,9.8,83.5,0.0,14.1,14.1
772.048,62,108.0,1042.0,0.0,1.0,9.8,83.5,0.0,14.1,14.1
772.138,62,108.0,1042.0,0.0,1.0,9.8,83.5,0.0,14.1,14.5
772.228,63,108.0,1042.0,0.0,1.0,9.8,83.5,0.0,14.1,14.5
772.318,63,108.0,1042.0,0.0,1.0,9.8,83.5,0.0,14.1,14.5
772.409,63,108.0,1040.0,0.0,1.0,9.8,83.5,0.0,14.1,14.5
772.499,63,108.0,1040.0,0.0,1.0,9.8,83.5,0.0,14.1,14.5
772.588,63,108.0,1040.0,0.0,1.0,9.8,83.5,0.0,14.1,14.5
772.678,63,108.0,1040.0,0.0,1.0,9.74,83.5,0.0,14.1,14.5
772.768,63,108.0,1040.0,0.0,1.0,9.74,83.5,0.0,14.1,14.5
772.859,63,108.0,1040.0,0.0,1.0,9.74,83.5,0.0,14.1,14.5
772.948,63,108.0,1040.0,0.0,1.0,9.74,83.5,0.0,14.5,14.5
773.038,63,108.0,1040.0,0.0,1.0,9.74,83.5,0.0,14.5,14.5
773.128,63,108.0,1040.0,0.0,1.0,9.74,83.5,0.0,14.5,14.5
773.218,63,108.0,1040.0,0.0,1.0,9.74,83.5,0.0,14.5,14.5
773.309,63,108.0,1041.0,0.0,1.0,9.74,83.5,0.0,14.5,14.5
773.399,63,108.0,1041.0,0.0,1.0,9.74,83.5,0.0,14.5,14.5
773.489,63,108.0,1041.0,0.0,2.0,9.74,83.5,0.0,14.5,14.5
773.579,63,108.0,1041.0,0.0,2.0,9.77,83.5,0.0,14.5,14.5
773.668,63,108.0,1041.0,0.0,2.0,9.77,83.5,0.0,14.5,14.5
773.758,63,108.0,1041.0,0.0,2.0,9.77,83.5,0.0,14.5,14.5
773.849,63,108.0,1041.0,0.0,2.0,9.77,83.5,0.0,14.1,14.5
773.938,63,108.0,1041.0,0.0,2.0,9.77,83.5,0.0,14.1,14.5
774.028,63,108.0,1041.0,0.0,2.0,9.77,83.5,0.0,14.1,14.5
774.118,63,108.0,1041.0,0.0,2.0,9.77,83.5,0.0,14.1,14.5
774.209,63,108.0,1041.0,0.0,2.0,9.77,83.5,0.0,14.1,14.5
774.3,63,108.0,1041.0,0.0,2.0,9.77,83.5,0.0,14.1,14.5
774.388,63,108.0,1041.0,0.0,2.0,9.77,83.5,0.0,14.1,14.5
774.479,63,108.0,1041.0,0.0,2.0,9.69,83.5,0.0,14.1,14.5
774.569,63,108.0,1041.0,0.0,2.0,9.69,83.5,0.0,14.1,14.5
774.659,63,108.0,1041.0,0.0,2.0,9.69,83.5,0.0,14.1,14.5
774.749,63,108.0,1041.0,0.0,2.0,9.69,83.5,0.0,14.1,14.5
774.839,63,108.0,1041.0,0.0,2.0,9.69,83.5,0.0,14.1,14.5
774.93,63,108.0,1041.0,0.0,2.0,9.69,83.5,0.0,14.1,14.5
775.018,63,108.0,1041.0,0.0,2.0,9.69,83.5,0.0,14.1,14.5
775.108,63,108.0,1038.0,0.0,2.0,9.69,83.5,0.0,14.1,14.5
775.199,63,108.0,1038.0,0.0,2.0,9.69,83.5,0.0,14.1,14.5
775.289,63,108.0,1038.0,0.0,2.0,9.69,83.5,0.0,14.1,14.5
775.387,63,108.0,1038.0,0.0,2.0,9.74,83.5,0.0,14.1,14.5
775.468,63,108.0,1038.0,0.0,2.0,9.74,83.5,0.0,14.1,14.5
775.558,63,108.0,1038.0,0.0,2.0,9.74,83.5,0.0,14.1,14.5
775.648,63,108.0,1038.0,0.0,2.0,9.74,83.5,0.0,14.1,14.5
775.738,63,108.0,1038.0,0.0,2.0,9.74,83.5,0.0,14.1,14.5
775.828,63,108.0,1038.0,0.0,2.0,9.74,83.5,0.0,14.1,14.5
775.92,63,108.0,1038.0,0.0,2.0,9.74,83.5,0.0,14.1,14.5
776.008,63,108.0,1040.0,0.0,2.0,9.74,83.5,0.0,14.1,14.5
776.098,63,108.0,1040.0,0.0,2.0,9.74,83.5,0.0,14.1,14.5
776.189,63,108.0,1040.0,0.0,2.0,9.74,83.5,0.0,14.1,14.5
776.278,63,108.0,1040.0,0.0,2.0,9.27,83.5,0.0,14.1,14.5
776.368,63,108.0,1040.0,0.0,2.0,9.27,83.5,0.0,14.1,14.5
776.458,63,108.0,1040.0,0.0,2.0,9.27,83.5,0.0,14.1,14.5
776.548,63,108.0,1040.0,0.0,2.0,9.27,83.5,0.0,14.1,14.5
776.638,63,108.0,1040.0,0.0,2.0,9.27,83.5,0.0,14.1,14.5
776.728,63,108.0,1040.0,0.0,2.0,9.27,83.5,0.0,14.1,14.5
776.819,63,108.0,1040.0,0.0,2.0,9.27,83.5,0.0,14.1,14.5
776.909,63,108.0,1040.0,0.0,2.0,9.27,83.5,0.0,14.1,14.5
776.999,63,108.0,1040.0,0.0,2.0,9.27,83.5,0.0,14.1,14.5
777.119,63,108.0,1040.0,0.0,2.0,9.27,83.5,0.0,14.1,14.5
777.209,63,108.0,1040.0,0.0,2.0,9.83,83.5,0.0,14.1,14.5
777.299,63,108.0,1040.0,0.0,2.0,9.83,83.5,0.0,14.1,14.5
777.389,63,108.0,1040.0,0.0,2.0,9.83,83.5,0.0,14.1,14.5
777.479,63,108.0,1040.0,0.0,2.0,9.83,83.5,0.0,14.1,14.5
777.569,63,108.0,1040.0,0.0,2.0,9.83,83.5,0.0,14.1,14.5
777.658,63,108.0,1040.0,0.0,2.0,9.83,83.5,0.0,14.1,14.5
777.749,63,108.0,1040.0,0.0,2.0,9.83,83.5,0.0,14.1,14.5
777.839,63,108.0,1040.0,0.0,2.0,9.83,83.5,0.0,14.1,14.5
777.931,63,108.0,1040.0,0.0,2.0,9.83,83.5,0.0,14.1,14.5
778.018,63,108.0,1040.0,0.0,3.0,9.83,83.5,0.0,14.1,14.5
778.107,63,108.0,1040.0,0.0,3.0,9.58,83.5,0.0,14.1,14.5
778.227,63,108.0,1040.0,0.0,3.0,9.58,83.5,0.0,14.1,14.5
778.317,63,108.0,1040.0,0.0,3.0,9.58,83.5,0.0,14.1,14.5
778.408,63,108.0,1040.0,0.0,3.0,9.58,83.5,0.0,14.1,14.5
778.498,63,108.0,1040.0,0.0,3.0,9.58,83.5,0.0,14.1,14.5
778.588,63,108.0,1040.0,0.0,3.0,9.58,83.5,0.0,14.1,14.5
778.678,63,108.0,1040.0,0.0,3.0,9.58,83.5,0.0,14.1,14.5
778.769,63,108.0,1038.0,0.0,3.0,9.58,83.5,0.0,14.1,14.5
778.858,63,108.0,1038.0,0.0,3.0,9.58,83.5,0.0,14.1,14.5
778.951,63,108.0,1038.0,0.0,2.0,9.58,83.5,0.0,14.1,14.5
779.038,63,108.0,1038.0,0.0,2.0,9.66,83.5,0.0,14.1,14.5
779.128,63,108.0,1038.0,0.0,2.0,9.66,83.5,0.0,14.1,14.5
779.218,63,108.0,1038.0,0.0,2.0,9.66,83.5,0.0,14.1,14.5
779.308,63,108.0,1038.0,0.0,2.0,9.66,83.5,0.0,14.1,14.5
779.398,63,108.0,1038.0,0.0,2.0,9.66,83.5,0.0,14.1,14.5
779.488,63,108.0,1038.0,0.0,2.0,9.66,83.5,0.0,14.1,14.5
779.578,63,108.0,1038.0,0.0,2.0,9.66,83.5,0.0,14.1,14.5
779.669,63,108.0,1041.0,0.0,2.0,9.66,83.5,0.0,14.1,14.5
779.759,63,108.0,1041.0,0.0,2.0,9.66,83.5,0.0,14.1,14.5
779.849,63,108.0,1041.0,0.0,2.0,9.66,83.5,0.0,14.1,14.5
779.938,63,108.0,1041.0,0.0,2.0,9.61,83.5,0.0,14.1,14.5
780.028,63,108.0,1041.0,0.0,2.0,9.61,83.5,0.0,14.1,14.5
780.118,63,108.0,1041.0,0.0,2.0,9.61,83.5,0.0,14.1,14.5
780.208,63,108.0,1041.0,0.0,2.0,9.61,83.5,0.0,14.1,14.5
780.298,63,108.0,1041.0,0.0,2.0,9.61,83.5,0.0,14.1,14.5
780.388,63,108.0,1041.0,0.0,2.0,9.61,83.5,0.0,14.1,14.5
780.478,63,108.0,1041.0,0.0,2.0,9.61,83.5,0.0,14.1,14.5
780.569,63,108.0,1040.0,0.0,2.0,9.61,83.5,0.0,14.1,14.5
780.659,63,108.0,1040.0,0.0,2.0,9.61,83.5,0.0,14.1,14.5
780.748,63,108.0,1040.0,0.0,2.0,9.61,83.5,0.0,14.1,14.5
780.839,63,108.0,1040.0,0.0,2.0,9.58,83.5,0.0,14.1,14.5
780.928,63,108.0,1040.0,0.0,2.0,9.58,83.5,0.0,14.1,14.5
781.019,63,108.0,1040.0,0.0,2.0,9.58,83.5,0.0,14.1,14.5
781.108,63,108.0,1040.0,0.0,2.0,9.58,83.5,0.0,14.1,14.5
781.198,63,108.0,1040.0,0.0,2.0,9.58,83.5,0.0,14.1,14.5
781.289,63,108.0,1040.0,0.0,2.0,9.58,83.5,0.0,14.1,14.5
781.378,63,108.0,1040.0,0.0,2.0,9.58,83.5,0.0,14.1,14.5
781.468,63,108.0,1039.0,0.0,2.0,9.58,83.5,0.0,14.1,14.5
781.559,63,108.0,1039.0,0.0,2.0,9.58,83.5,0.0,14.1,14.5
781.649,63,108.0,1039.0,0.0,3.0,9.58,83.5,0.0,14.1,14.5
781.739,63,108.0,1039.0,0.0,3.0,9.55,83.5,0.0,14.1,14.5
781.828,63,108.0,1039.0,0.0,3.0,9.55,83.5,0.0,14.1,14.5
781.918,63,108.0,1039.0,0.0,3.0,9.55,83.5,0.0,14.1,14.5
782.008,63,108.0,1039.0,0.0,3.0,9.55,83.5,0.0,14.1,14.5
782.098,63,108.0,1039.0,0.0,3.0,9.55,83.5,0.0,14.1,14.5
782.188,63,108.0,1039.0,0.0,3.0,9.55,83.5,0.0,14.1,14.5
782.278,63,108.0,1039.0,0.0,3.0,9.55,83.5,0.0,14.1,14.5
782.368,63,108.0,1039.0,0.0,3.0,9.55,83.5,0.0,14.1,14.5
782.458,63,108.0,1039.0,0.0,3.0,9.55,83.5,0.0,14.1,14.5
782.548,63,108.0,1039.0,0.0,3.0,9.55,83.5,0.0,14.1,14.5
782.638,63,108.0,1039.0,0.0,3.0,9.61,83.5,0.0,14.1,14.5
782.728,63,108.0,1039.0,0.0,3.0,9.61,83.5,0.0,14.1,14.5
782.819,63,108.0,1039.0,0.0,3.0,9.61,83.5,0.0,14.1,14.5
782.909,63,108.0,1039.0,0.0,3.0,9.61,83.5,0.0,14.1,14.5
782.998,63,108.0,1039.0,0.0,3.0,9.61,83.5,0.0,14.1,14.5
783.088,63,108.0,1039.0,0.0,3.0,9.61,83.5,0.0,14.1,14.5
783.178,63,108.0,1039.0,0.0,3.0,9.61,83.5,0.0,14.1,14.5
783.279,63,108.0,1040.0,0.0,3.0,9.61,83.5,0.0,14.1,14.5
783.358,63,108.0,1040.0,0.0,3.0,9.61,83.5,0.0,14.1,14.5
783.448,63,108.0,1040.0,0.0,3.0,9.61,83.5,0.0,14.1,14.5
783.538,63,108.0,1040.0,0.0,3.0,9.74,83.5,0.0,14.1,14.5
783.628,63,108.0,1040.0,0.0,3.0,9.74,83.5,0.0,14.1,14.5
783.718,63,108.0,1040.0,0.0,3.0,9.74,83.5,0.0,14.1,14.5
783.808,63,108.0,1040.0,0.0,3.0,9.74,83.5,0.0,14.5,14.5
783.901,63,108.0,1040.0,0.0,3.0,9.74,83.5,0.0,14.5,14.5
783.988,63,108.0,1040.0,0.0,3.0,9.74,83.5,0.0,14.5,14.5
784.078,63,108.0,1040.0,0.0,3.0,9.74,83.5,0.0,14.5,14.5
784.168,63,108.0,1039.0,0.0,3.0,9.74,83.5,0.0,14.5,14.5
784.258,63,108.0,1039.0,0.0,3.0,9.74,83.5,0.0,14.5,14.5
784.348,63,108.0,1039.0,0.0,3.0,9.74,83.5,0.0,14.5,14.5
784.438,63,108.0,1039.0,0.0,3.0,9.66,83.5,0.0,14.5,14.5
784.528,63,108.0,1039.0,0.0,3.0,9.66,83.5,0.0,14.5,14.5
784.618,63,108.0,1039.0,0.0,3.0,9.66,83.5,0.0,14.5,14.5
784.708,63,108.0,1039.0,0.0,3.0,9.66,83.5,0.0,14.1,14.5
784.798,63,108.0,1039.0,0.0,3.0,9.66,83.5,0.0,14.1,14.5
784.918,63,108.0,1039.0,0.0,3.0,9.66,83.5,0.0,14.1,14.5
785.008,63,108.0,1039.0,0.0,3.0,9.66,83.5,0.0,14.1,14.5
785.098,63,108.0,1039.0,0.0,3.0,9.66,83.5,0.0,14.1,14.5
785.188,63,108.0,1039.0,0.0,3.0,9.66,83.5,0.0,14.1,14.5
785.278,63,108.0,1039.0,0.0,3.0,9.66,83.5,0.0,14.1,14.5
785.368,63,108.0,1039.0,0.0,3.0,9.61,83.5,0.0,14.1,14.5
785.458,63,108.0,1039.0,0.0,3.0,9.61,83.5,0.0,14.1,14.5
785.548,63,108.0,1039.0,0.0,3.0,9.61,83.5,0.0,14.1,14.5
785.638,63,108.0,1039.0,0.0,3.0,9.61,83.5,0.0,14.5,14.5
785.728,63,108.0,1039.0,0.0,3.0,9.61,83.5,0.0,14.5,14.5
785.818,63,108.0,1039.0,0.0,3.0,9.61,83.5,0.0,14.5,14.5
785.908,63,108.0,1039.0,0.0,3.0,9.61,83.5,0.0,14.5,14.5
785.998,63,108.0,1040.0,0.0,3.0,9.61,83.5,0.0,14.5,14.5
786.088,63,108.0,1040.0,0.0,3.0,9.61,83.5,0.0,14.5,14.5
786.178,63,108.0,1040.0,0.0,3.0,9.61,83.5,0.0,14.5,14.5
786.268,63,108.0,1040.0,0.0,3.0,9.63,83.5,0.0,14.5,14.5
786.359,63,108.0,1040.0,0.0,3.0,9.63,83.5,0.0,14.5,14.5
786.447,63,108.0,1040.0,0.0,3.0,9.63,83.5,0.0,14.5,14.5
786.538,63,108.0,1040.0,0.0,3.0,9.63,83.5,0.0,14.1,14.5
786.6,63,108.0,1040.0,0.0,3.0,9.63,83.5,0.0,14.1,14.5
786.688,63,108.0,1040.0,0.0,3.0,9.63,83.5,0.0,14.1,14.5
786.779,63,108.0,1040.0,0.0,3.0,9.63,83.5,0.0,14.1,14.5
786.868,63,108.0,1039.0,0.0,3.0,9.63,83.5,0.0,14.1,14.5
786.958,63,108.0,1039.0,0.0,3.0,9.63,83.5,0.0,14.1,14.5
787.048,63,108.0,1039.0,0.0,3.0,9.63,83.5,0.0,14.1,14.5
787.138,63,108.0,1039.0,0.0,3.0,9.47,83.5,0.0,14.1,14.5
787.228,63,108.0,1039.0,0.0,3.0,9.47,83.5,0.0,14.1,14.5
787.318,63,108.0,1039.0,0.0,3.0,9.47,83.5,0.0,14.1,14.5
787.408,63,108.0,1039.0,0.0,3.0,9.47,83.5,0.0,14.1,14.5
787.498,63,108.0,1039.0,0.0,3.0,9.47,83.5,0.0,14.1,14.5
787.588,63,108.0,1039.0,0.0,3.0,9.47,83.5,0.0,14.1,14.5
787.678,63,108.0,1039.0,0.0,3.0,9.47,83.5,0.0,14.1,14.5
787.769,63,108.0,1039.0,0.0,3.0,9.47,83.5,0.0,14.1,14.5
787.859,63,108.0,1039.0,0.0,3.0,9.47,83.5,0.0,14.1,14.5
787.953,63,108.0,1039.0,0.0,3.0,9.47,83.5,0.0,14.1,14.5
788.038,63,108.0,1039.0,0.0,3.0,9.63,83.5,0.0,14.1,14.5
788.128,63,108.0,1039.0,0.0,3.0,9.63,83.5,0.0,14.1,14.5
788.218,63,108.0,1039.0,0.0,3.0,9.63,83.5,0.0,14.1,14.5
788.308,63,108.0,1039.0,0.0,3.0,9.63,83.5,0.0,14.1,14.5
788.398,63,108.0,1039.0,0.0,3.0,9.63,83.5,0.0,14.1,14.5
788.488,63,108.0,1039.0,0.0,3.0,9.63,83.5,0.0,14.1,14.5
788.55,63,108.0,1039.0,0.0,3.0,9.63,83.5,0.0,14.1,14.5
788.639,63,108.0,1039.0,0.0,3.0,9.63,83.5,0.0,14.1,14.5
788.729,63,108.0,1039.0,0.0,3.0,9.63,83.5,0.0,14.1,14.5
788.821,63,108.0,1039.0,0.0,3.0,9.63,83.5,0.0,14.1,14.5
788.909,63,108.0,1039.0,0.0,3.0,9.63,83.5,0.0,14.1,14.5
788.997,63,108.0,1039.0,0.0,3.0,9.63,83.5,0.0,14.1,14.5
789.088,63,108.0,1039.0,0.0,3.0,9.63,83.5,0.0,14.1,14.5
789.179,63,108.0,1039.0,0.0,3.0,9.63,83.5,0.0,14.1,14.5
789.269,63,108.0,1039.0,0.0,3.0,9.63,83.5,0.0,14.1,14.1
789.359,63,108.0,1039.0,0.0,3.0,9.63,83.5,0.0,14.1,14.1
789.448,63,108.0,1039.0,0.0,3.0,9.63,83.5,0.0,14.1,14.1
789.538,63,108.0,1038.0,0.0,3.0,9.63,83.5,0.0,14.1,14.1
789.628,63,108.0,1038.0,0.0,3.0,9.63,83.5,0.0,14.1,14.1
789.719,63,108.0,1038.0,0.0,3.0,9.63,83.5,0.0,14.1,14.1
789.809,63,108.0,1038.0,0.0,3.0,9.44,83.5,0.0,14.1,14.1
789.898,63,108.0,1038.0,0.0,3.0,9.44,83.5,0.0,14.1,14.1
789.989,63,108.0,1038.0,0.0,3.0,9.44,83.5,0.0,14.1,14.1
790.078,63,108.0,1038.0,0.0,3.0,9.44,83.5,0.0,14.1,14.1
790.168,63,108.0,1038.0,0.0,3.0,9.44,83.5,0.0,14.1,14.5
790.258,63,108.0,1038.0,0.0,3.0,9.44,83.5,0.0,14.1,14.5
790.348,63,108.0,1038.0,0.0,3.0,9.44,83.5,0.0,14.1,14.5
790.438,63,108.0,1041.0,0.0,3.0,9.44,83.5,0.0,14.1,14.5
790.53,63,108.0,1041.0,0.0,3.0,9.44,83.5,0.0,14.1,14.5
790.619,63,108.0,1041.0,0.0,3.0,9.44,83.5,0.0,14.1,14.5
790.709,63,108.0,1041.0,0.0,3.0,9.38,83.5,0.0,14.1,14.5
790.798,63,108.0,1041.0,0.0,3.0,9.38,83.5,0.0,14.1,14.5
790.888,63,108.0,1041.0,0.0,3.0,9.38,83.5,0.0,14.1,14.5
790.95,63,108.0,1041.0,0.0,3.0,9.38,83.5,0.0,14.1,14.5
791.068,63,108.0,1041.0,0.0,3.0,9.38,83.5,0.0,14.1,14.5
791.158,63,108.0,1041.0,0.0,3.0,9.38,83.5,0.0,14.1,14.5
791.248,63,108.0,1041.0,0.0,3.0,9.38,83.5,0.0,14.1,14.5
791.338,63,108.0,1038.0,0.0,3.0,9.38,83.5,0.0,14.1,14.5
791.399,63,108.0,1038.0,0.0,3.0,9.38,83.5,0.0,14.1,14.5
791.489,63,108.0,1038.0,0.0,3.0,9.38,83.5,0.0,14.1,14.5
791.578,63,108.0,1038.0,0.0,3.0,9.61,83.5,0.0,14.1,14.5
791.668,63,108.0,1038.0,0.0,3.0,9.61,83.5,0.0,14.1,14.5
791.758,63,108.0,1038.0,0.0,3.0,9.61,83.5,0.0,14.1,14.5
791.848,63,108.0,1038.0,0.0,3.0,9.61,83.5,0.0,14.1,14.5
791.938,63,108.0,1038.0,0.0,3.0,9.61,83.5,0.0,14.1,14.5
792.028,63,108.0,1038.0,0.0,3.0,9.61,83.5,0.0,14.1,14.5
792.118,63,108.0,1038.0,0.0,3.0,9.61,83.5,0.0,14.1,14.5
792.208,63,108.0,1040.0,0.0,3.0,9.61,83.5,0.0,14.1,14.5
792.299,63,108.0,1040.0,0.0,3.0,9.61,83.5,0.0,14.1,14.5
792.388,63,108.0,1040.0,0.0,3.0,9.61,83.5,0.0,14.1,14.5
792.478,63,108.0,1040.0,0.0,3.0,9.66,83.5,0.0,14.1,14.5
792.568,63,108.0,1040.0,0.0,3.0,9.66,83.5,0.0,14.1,14.5
792.658,63,108.0,1040.0,0.0,3.0,9.66,83.5,0.0,14.1,14.5
792.748,63,108.0,1040.0,0.0,3.0,9.66,83.5,0.0,14.1,14.5
792.838,63,108.0,1040.0,0.0,3.0,9.66,83.5,0.0,14.1,14.5
792.9,63,108.0,1040.0,0.0,3.0,9.66,83.5,0.0,14.1,14.5
792.988,63,108.0,1040.0,0.0,3.0,9.66,83.5,0.0,14.1,14.5
793.049,63,108.0,1040.0,0.0,3.0,9.66,83.5,0.0,14.1,14.5
793.138,63,108.0,1040.0,0.0,3.0,9.66,83.5,0.0,14.1,14.5
793.258,63,108.0,1040.0,0.0,3.0,9.66,83.5,0.0,14.1,14.5
793.349,63,108.0,1040.0,0.0,3.0,9.47,83.5,0.0,14.1,14.5
793.438,63,108.0,1040.0,0.0,3.0,9.47,83.5,0.0,14.1,14.5
793.529,63,108.0,1040.0,0.0,3.0,9.47,83.5,0.0,14.1,14.5
793.618,63,108.0,1040.0,0.0,3.0,9.47,83.5,0.0,14.1,14.5
793.708,63,108.0,1040.0,0.0,3.0,9.47,83.5,0.0,14.1,14.5
793.798,63,108.0,1040.0,0.0,3.0,9.47,83.5,0.0,14.1,14.5
793.888,63,108.0,1040.0,0.0,3.0,9.47,83.5,0.0,14.1,14.5
793.978,63,108.0,1040.0,0.0,3.0,9.47,83.5,0.0,14.1,14.5
794.068,63,108.0,1040.0,0.0,3.0,9.47,83.5,0.0,14.1,14.5
794.158,63,108.0,1040.0,0.0,3.0,9.47,83.5,0.0,14.1,14.5
794.248,63,108.0,1040.0,0.0,3.0,9.61,83.5,0.0,14.1,14.5
794.339,63,108.0,1040.0,0.0,3.0,9.61,83.5,0.0,14.1,14.5
794.428,63,108.0,1040.0,0.0,3.0,9.61,83.5,0.0,14.1,14.5
794.518,63,108.0,1040.0,0.0,3.0,9.61,83.5,0.0,14.5,14.5
794.608,63,108.0,1040.0,0.0,3.0,9.61,83.5,0.0,14.5,14.5
794.698,63,108.0,1040.0,0.0,3.0,9.61,83.5,0.0,14.5,14.5
794.788,63,108.0,1040.0,0.0,3.0,9.61,83.5,0.0,14.5,14.5
794.85,63,108.0,1041.0,0.0,3.0,9.61,83.5,0.0,14.5,14.5
794.938,63,108.0,1041.0,0.0,3.0,9.61,83.5,0.0,14.5,14.5
794.999,63,108.0,1041.0,0.0,3.0,9.61,83.5,0.0,14.5,14.5
795.088,63,108.0,1041.0,0.0,3.0,9.58,83.5,0.0,14.5,14.5
795.178,63,108.0,1041.0,0.0,3.0,9.58,83.5,0.0,14.5,14.5
795.268,63,108.0,1041.0,0.0,3.0,9.58,83.5,0.0,14.5,14.5
795.36,63,108.0,1041.0,0.0,3.0,9.58,83.5,0.0,14.1,14.5
795.448,63,108.0,1041.0,0.0,3.0,9.58,83.5,0.0,14.1,14.5
795.538,63,108.0,1041.0,0.0,3.0,9.58,83.5,0.0,14.1,14.5
795.6,63,108.0,1041.0,0.0,3.0,9.58,83.5,0.0,14.1,14.5
795.688,63,108.0,1040.0,0.0,3.0,9.58,83.5,0.0,14.1,14.5
795.75,63,108.0,1040.0,0.0,3.0,9.58,83.5,0.0,14.1,14.5
795.838,63,108.0,1040.0,0.0,3.0,9.58,83.5,0.0,14.1,14.5
795.928,63,108.0,1040.0,0.0,3.0,9.8,83.5,0.0,14.1,14.5
796.017,63,108.0,1040.0,0.0,3.0,9.8,83.5,0.0,14.1,14.5
796.108,63,108.0,1040.0,0.0,3.0,9.8,83.5,0.0,14.1,14.5
796.198,63,108.0,1040.0,0.0,3.0,9.8,83.5,0.0,14.1,14.5
796.288,63,108.0,1040.0,0.0,3.0,9.8,83.5,0.0,14.1,14.5
796.378,63,108.0,1040.0,0.0,3.0,9.8,83.5,0.0,14.1,14.5
796.468,63,108.0,1040.0,0.0,3.0,9.8,83.5,0.0,14.1,14.5
796.559,63,108.0,1039.0,0.0,3.0,9.8,83.5,0.0,14.1,14.5
796.648,63,108.0,1039.0,0.0,3.0,9.8,83.5,0.0,14.1,14.5
796.738,63,108.0,1039.0,0.0,3.0,9.8,83.5,0.0,14.1,14.5
796.8,63,108.0,1039.0,0.0,3.0,9.58,83.5,0.0,14.1,14.5
796.888,63,108.0,1039.0,0.0,3.0,9.58,83.5,0.0,14.1,14.5
796.949,63,108.0,1039.0,0.0,3.0,9.58,83.5,0.0,14.1,14.5
797.037,63,108.0,1039.0,0.0,3.0,9.58,83.5,0.0,14.1,14.5
797.128,63,108.0,1039.0,0.0,3.0,9.58,83.5,0.0,14.1,14.5
797.218,63,108.0,1039.0,0.0,3.0,9.58,83.5,0.0,14.1,14.5
797.308,63,108.0,1039.0,0.0,3.0,9.58,83.5,0.0,14.1,14.5
797.398,63,108.0,1039.0,0.0,3.0,9.58,83.5,0.0,14.1,14.5
797.488,63,108.0,1039.0,0.0,3.0,9.58,83.5,0.0,14.1,14.5
797.578,63,108.0,1039.0,0.0,3.0,9.58,83.5,0.0,14.1,14.5
797.668,63,108.0,1039.0,0.0,3.0,9.49,83.5,0.0,14.1,14.5
797.758,63,108.0,1039.0,0.0,3.0,9.49,83.5,0.0,14.1,14.5
797.848,63,108.0,1039.0,0.0,3.0,9.49,83.5,0.0,14.1,14.5
797.938,63,108.0,1039.0,0.0,3.0,9.49,83.5,0.0,14.5,14.5
797.999,63,108.0,1039.0,0.0,3.0,9.49,83.5,0.0,14.5,14.5
798.088,63,108.0,1039.0,0.0,3.0,9.49,83.5,0.0,14.5,14.5
798.209,63,108.0,1039.0,0.0,3.0,9.49,83.5,0.0,14.5,14.5
798.298,63,108.0,1040.0,0.0,3.0,9.49,83.5,0.0,14.5,14.5
798.388,63,108.0,1040.0,0.0,3.0,9.49,83.5,0.0,14.5,14.5
798.45,63,108.0,1040.0,0.0,3.0,9.49,83.5,0.0,14.5,14.5
798.538,63,108.0,1040.0,0.0,3.0,9.61,83.5,0.0,14.5,14.5
798.6,63,108.0,1040.0,0.0,3.0,9.61,83.5,0.0,14.5,14.5
798.688,63,108.0,1040.0,0.0,3.0,9.61,83.5,0.0,14.5,14.5
798.75,63,108.0,1040.0,0.0,3.0,9.61,83.5,0.0,14.1,14.5
798.838,63,108.0,1040.0,0.0,3.0,9.61,83.5,0.0,14.1,14.5
798.901,63,108.0,1040.0,0.0,3.0,9.61,83.5,0.0,14.1,14.5
798.99,63,108.0,1040.0,0.0,3.0,9.61,83.5,0.0,14.1,14.5
799.078,63,108.0,1040.0,0.0,3.0,9.61,83.5,0.0,14.1,14.5
799.168,63,108.0,1040.0,0.0,3.0,9.61,83.5,0.0,14.1,14.5
799.258,63,108.0,1040.0,0.0,3.0,9.61,83.5,0.0,14.1,14.5
799.348,63,108.0,1040.0,0.0,3.0,9.63,83.5,0.0,14.1,14.5
799.438,63,108.0,1040.0,0.0,3.0,9.63,83.5,0.0,14.1,14.5
799.527,63,108.0,1040.0,0.0,3.0,9.63,83.5,0.0,14.1,14.5
799.618,63,108.0,1040.0,0.0,3.0,9.63,83.5,0.0,14.5,14.5
799.708,63,108.0,1040.0,0.0,3.0,9.63,83.5,0.0,14.5,14.5
799.798,63,108.0,1040.0,0.0,3.0,9.63,83.5,0.0,14.5,14.5
799.888,63,108.0,1040.0,0.0,3.0,9.63,83.5,0.0,14.5,14.5
799.949,63,108.0,1039.0,0.0,3.0,9.63,83.5,0.0,14.5,14.5
800.038,63,108.0,1039.0,0.0,3.0,9.63,83.5,0.0,14.5,14.5
800.099,63,108.0,1039.0,0.0,3.0,9.63,83.5,0.0,14.5,14.5
800.187,63,108.0,1039.0,0.0,3.0,9.61,83.5,0.0,14.5,14.5
800.278,63,108.0,1039.0,0.0,3.0,9.61,83.5,0.0,14.5,14.5
800.368,63,108.0,1039.0,0.0,3.0,9.61,83.5,0.0,14.5,14.5
800.459,63,108.0,1039.0,0.0,3.0,9.61,83.5,0.0,14.1,14.5
800.548,63,108.0,1039.0,0.0,3.0,9.61,83.5,0.0,14.1,14.5
800.638,63,108.0,1039.0,0.0,3.0,9.61,83.5,0.0,14.1,14.5
800.728,63,108.0,1039.0,0.0,3.0,9.61,83.5,0.0,14.1,14.5
800.789,63,108.0,1040.0,0.0,3.0,9.61,83.5,0.0,14.1,14.5
800.85,63,108.0,1040.0,0.0,3.0,9.61,83.5,0.0,14.1,14.5
800.94,63,108.0,1040.0,0.0,3.0,9.61,83.5,0.0,14.1,14.5
800.998,63,108.0,1040.0,0.0,3.0,9.49,83.5,0.0,14.1,14.5
801.088,63,108.0,1040.0,0.0,3.0,9.49,83.5,0.0,14.1,14.5
801.149,63,108.0,1040.0,0.0,3.0,9.49,83.5,0.0,14.1,14.5
801.238,63,108.0,1040.0,0.0,3.0,9.49,83.5,0.0,14.1,14.5
801.301,63,108.0,1040.0,0.0,3.0,9.49,83.5,0.0,14.1,14.1
801.389,63,108.0,1040.0,0.0,3.0,9.49,83.5,0.0,14.1,14.1
801.478,63,108.0,1040.0,0.0,3.0,9.49,83.5,0.0,14.1,14.1
801.568,63,108.0,1038.0,0.0,3.0,9.49,83.5,0.0,14.1,14.1
801.659,63,108.0,1038.0,0.0,3.0,9.49,83.5,0.0,14.1,14.1
801.748,63,108.0,1038.0,0.0,3.0,9.49,83.5,0.0,14.1,14.1
801.838,63,108.0,1038.0,0.0,3.0,9.52,83.5,0.0,14.1,14.1
801.928,63,108.0,1038.0,0.0,3.0,9.52,83.5,0.0,14.1,14.1
801.99,63,108.0,1038.0,0.0,3.0,9.52,83.5,0.0,14.1,14.1
802.077,63,108.0,1038.0,0.0,3.0,9.52,83.5,0.0,14.1,14.1
802.167,63,108.0,1038.0,0.0,3.0,9.52,83.5,0.0,14.1,14.5
802.257,63,108.0,1038.0,0.0,3.0,9.52,83.5,0.0,14.1,14.5
802.348,63,108.0,1038.0,0.0,3.0,9.52,83.5,0.0,14.1,14.5
802.438,63,108.0,1041.0,0.0,3.0,9.52,83.5,0.0,14.1,14.5
802.529,63,108.0,1041.0,0.0,3.0,9.52,83.5,0.0,14.1,14.5
802.619,63,108.0,1041.0,0.0,3.0,9.52,83.5,0.0,14.1,14.5
802.708,63,108.0,1041.0,0.0,3.0,9.58,83.5,0.0,14.1,14.5
802.798,63,108.0,1041.0,0.0,3.0,9.58,83.5,0.0,14.1,14.5
802.888,63,108.0,1041.0,0.0,3.0,9.58,83.5,0.0,14.1,14.5
802.978,63,108.0,1041.0,0.0,3.0,9.58,83.5,0.0,14.1,14.5
803.068,63,108.0,1041.0,0.0,3.0,9.58,83.5,0.0,14.1,14.5
803.159,63,108.0,1041.0,0.0,3.0,9.58,83.5,0.0,14.1,14.5
803.248,63,108.0,1041.0,0.0,3.0,9.58,83.5,0.0,14.1,14.5
803.339,63,108.0,1039.0,0.0,3.0,9.58,83.5,0.0,14.1,14.5
803.428,63,108.0,1039.0,0.0,3.0,9.58,83.5,0.0,14.1,14.5
803.519,63,108.0,1039.0,0.0,3.0,9.58,83.5,0.0,14.1,14.5
803.609,63,108.0,1039.0,0.0,3.0,9.27,83.5,0.0,14.1,14.5
803.698,63,108.0,1039.0,0.0,3.0,9.27,83.5,0.0,14.1,14.5
803.788,63,108.0,1039.0,0.0,3.0,9.27,83.5,0.0,14.1,14.5
803.878,63,108.0,1039.0,0.0,3.0,9.27,83.5,0.0,14.1,14.5
803.941,63,108.0,1039.0,0.0,3.0,9.27,83.5,0.0,14.1,14.5
804.028,63,108.0,1039.0,0.0,3.0,9.27,83.5,0.0,14.1,14.5
804.119,63,108.0,1039.0,0.0,3.0,9.27,83.5,0.0,14.1,14.5
804.209,63,108.0,1043.0,0.0,3.0,9.27,83.5,0.0,14.1,14.5
804.3,63,108.0,1043.0,0.0,3.0,9.27,83.5,0.0,14.1,14.5
804.388,63,108.0,1043.0,0.0,3.0,9.27,83.5,0.0,14.1,14.5
804.479,63,108.0,1043.0,0.0,3.0,9.66,83.5,0.0,14.1,14.5
804.568,63,108.0,1043.0,0.0,3.0,9.66,83.5,0.0,14.1,14.5
804.659,63,108.0,1043.0,0.0,3.0,9.66,83.5,0.0,14.1,14.5
804.748,63,108.0,1043.0,0.0,3.0,9.66,83.5,0.0,14.1,14.5
804.839,63,108.0,1043.0,0.0,3.0,9.66,83.5,0.0,14.1,14.5
804.928,63,108.0,1043.0,0.0,3.0,9.66,83.5,0.0,14.1,14.5
805.018,63,108.0,1043.0,0.0,3.0,9.66,83.5,0.0,14.1,14.5
805.108,63,108.0,1042.0,0.0,3.0,9.66,83.5,0.0,14.1,14.5
805.2,63,108.0,1042.0,0.0,3.0,9.66,83.5,0.0,14.1,14.5
805.289,63,108.0,1042.0,0.0,4.0,9.66,83.5,0.0,14.1,14.5
805.379,63,108.0,1042.0,0.0,4.0,9.47,83.5,0.0,14.1,14.5
805.468,63,108.0,1042.0,0.0,4.0,9.47,83.5,0.0,14.1,14.5
805.559,63,108.0,1042.0,0.0,4.0,9.47,83.5,0.0,14.1,14.5
805.648,63,108.0,1042.0,0.0,4.0,9.47,83.5,0.0,14.1,14.5
805.74,63,108.0,1042.0,0.0,4.0,9.47,83.5,0.0,14.1,14.5
805.828,63,108.0,1042.0,0.0,4.0,9.47,83.5,0.0,14.1,14.5
805.89,63,108.0,1042.0,0.0,4.0,9.47,83.5,0.0,14.1,14.5
805.98,63,108.0,1040.0,0.0,4.0,9.47,83.5,0.0,14.1,14.5
806.04,63,108.0,1040.0,0.0,4.0,9.47,83.5,0.0,14.1,14.5
806.128,63,108.0,1040.0,0.0,4.0,9.47,83.5,0.0,14.1,14.5
806.219,63,108.0,1040.0,0.0,4.0,14.11,83.5,0.0,14.1,14.5
806.308,63,108.0,1040.0,0.0,4.0,14.11,83.5,0.0,14.1,14.5
806.399,63,108.0,1040.0,0.0,4.0,14.11,83.5,0.0,14.1,14.5
806.488,63,108.0,1040.0,0.0,4.0,14.11,83.5,0.0,24.7,14.5
806.578,63,108.0,1040.0,0.0,4.0,14.11,83.5,0.0,24.7,24.7
806.668,63,108.0,1040.0,0.0,4.0,14.11,83.5,0.0,24.7,24.7
806.76,63,113.0,1040.0,0.0,4.0,14.11,83.5,0.0,24.7,24.7
806.848,63,113.0,1184.0,0.0,4.0,14.11,83.5,0.0,24.7,24.7
806.942,63,113.0,1184.0,3.0,4.0,14.11,83.5,0.0,24.7,24.7
807.027,63,113.0,1184.0,3.0,4.0,14.11,83.5,0.0,24.7,24.7
807.089,63,113.0,1184.0,3.0,4.0,16.22,83.5,0.0,24.7,24.7
807.18,63,113.0,1184.0,3.0,4.0,16.22,83.5,0.0,24.7,24.7
807.241,63,113.0,1184.0,3.0,4.0,16.22,83.5,0.0,24.7,24.7
807.328,63,113.0,1184.0,3.0,4.0,16.22,83.5,0.0,24.7,24.7
807.419,63,113.0,1184.0,3.0,4.0,16.22,83.5,0.0,24.7,24.7
807.508,64,113.0,1184.0,3.0,4.0,16.22,83.5,0.0,24.7,24.7
807.599,64,120.0,1184.0,3.0,4.0,16.22,83.5,0.0,24.7,24.7
807.688,64,120.0,1231.0,3.0,4.0,16.22,83.5,0.0,24.7,24.7
807.779,64,120.0,1231.0,11.0,4.0,16.22,83.5,0.0,24.7,24.7
807.868,64,120.0,1231.0,11.0,7.0,16.22,83.5,0.0,24.7,24.7
807.974,64,120.0,1231.0,11.0,7.0,23.66,83.5,0.0,24.7,24.7
808.077,64,120.0,1231.0,11.0,7.0,23.66,83.5,0.0,24.7,24.7
808.167,64,120.0,1231.0,11.0,7.0,23.66,83.5,0.0,24.7,24.7
808.258,64,120.0,1231.0,11.0,7.0,23.66,83.5,0.0,43.1,24.7
808.348,64,120.0,1231.0,11.0,7.0,23.66,83.5,0.0,43.1,45.1
808.439,64,120.0,1231.0,11.0,7.0,23.66,83.5,0.0,43.1,45.1
808.528,64,148.0,1231.0,11.0,7.0,23.66,83.5,0.0,43.1,45.1
808.619,64,148.0,2059.0,11.0,7.0,23.66,83.5,0.0,43.1,45.1
808.708,64,148.0,2059.0,18.0,7.0,23.66,83.5,0.0,43.1,45.1
808.799,64,148.0,2059.0,18.0,8.0,23.66,83.5,0.0,43.1,45.1
808.888,64,148.0,2059.0,18.0,8.0,42.22,83.5,0.0,43.1,45.1
808.986,64,148.0,2059.0,18.0,8.0,42.22,83.5,0.0,43.1,45.1
809.038,64,148.0,2059.0,18.0,8.0,42.22,83.5,0.0,43.1,45.1
809.128,64,148.0,2059.0,18.0,8.0,42.22,83.5,0.0,39.6,45.1
809.22,64,148.0,2059.0,18.0,8.0,42.22,83.5,0.0,39.6,33.7
809.308,64,148.0,2059.0,18.0,8.0,42.22,83.5,0.0,39.6,33.7
809.399,64,143.0,2059.0,18.0,8.0,42.22,83.5,0.0,39.6,33.7
809.489,64,143.0,2441.0,18.0,8.0,42.22,83.5,0.0,39.6,33.7
809.587,64,143.0,2441.0,23.0,8.0,42.22,83.5,0.0,39.6,33.7
809.64,64,143.0,2441.0,23.0,10.0,42.22,83.5,0.0,39.6,33.7
809.729,64,143.0,2441.0,23.0,10.0,30.55,83.5,0.0,39.6,33.7
809.819,64,143.0,2441.0,23.0,10.0,30.55,83.5,0.0,39.6,33.7
809.908,64,143.0,2441.0,23.0,10.0,30.55,83.5,0.0,39.6,33.7
810.002,64,143.0,2441.0,23.0,10.0,30.55,83.5,0.0,35.7,33.7
810.088,64,143.0,2441.0,23.0,10.0,30.55,83.5,0.0,35.7,38.0
810.179,64,143.0,2441.0,23.0,10.0,30.55,83.5,0.0,35.7,38.0
810.239,64,125.0,2441.0,23.0,10.0,30.55,83.5,0.0,35.7,38.0
810.328,64,125.0,1431.0,23.0,10.0,30.55,83.5,0.0,35.7,38.0
810.39,64,125.0,1431.0,24.0,10.0,30.55,83.5,0.0,35.7,38.0
810.48,64,125.0,1431.0,24.0,11.0,30.55,83.5,0.0,35.7,38.0
810.568,64,125.0,1431.0,24.0,11.0,25.86,83.5,0.0,35.7,38.0
810.659,64,125.0,1431.0,24.0,11.0,25.86,83.5,0.0,35.7,38.0
810.748,64,125.0,1431.0,24.0,11.0,25.86,83.5,0.0,35.7,38.0
810.841,64,125.0,1431.0,24.0,11.0,25.86,83.5,0.0,46.3,38.0
810.928,64,125.0,1431.0,24.0,11.0,25.86,83.5,0.0,46.3,46.7
810.99,64,125.0,1431.0,24.0,11.0,25.86,83.5,0.0,46.3,46.7
811.078,64,153.0,1431.0,24.0,11.0,25.86,83.5,0.0,46.3,46.7
811.138,64,153.0,1691.0,24.0,11.0,25.86,83.5,0.0,46.3,46.7
811.228,64,153.0,1691.0,29.0,11.0,25.86,83.5,0.0,46.3,46.7
811.319,64,153.0,1691.0,29.0,8.0,25.86,83.5,0.0,46.3,46.7
811.408,64,153.0,1691.0,29.0,8.0,33.58,83.5,0.0,46.3,46.7
811.5,64,153.0,1691.0,29.0,8.0,33.58,83.5,0.0,46.3,46.7
811.588,64,153.0,1691.0,29.0,8.0,33.58,83.5,0.0,46.3,46.7
811.68,64,153.0,1691.0,29.0,8.0,33.58,83.5,0.0,41.6,46.7
811.768,64,153.0,1691.0,29.0,8.0,33.58,83.5,0.0,41.6,41.6
811.859,64,153.0,1691.0,29.0,8.0,33.58,83.5,0.0,41.6,41.6
811.947,64,150.0,1691.0,29.0,8.0,33.58,83.5,0.0,41.6,41.6
812.038,64,150.0,1921.0,29.0,8.0,33.58,83.5,0.0,41.6,41.6
812.128,64,150.0,1921.0,33.0,8.0,33.58,83.5,0.0,41.6,41.6
812.189,64,150.0,1921.0,33.0,9.0,33.58,83.5,0.0,41.6,41.6
812.278,64,150.0,1921.0,33.0,9.0,23.47,83.5,0.0,41.6,41.6
812.339,64,150.0,1921.0,33.0,9.0,23.47,83.5,0.0,41.6,41.6
812.428,64,150.0,1921.0,33.0,9.0,23.47,83.5,0.0,41.6,41.6
812.519,64,150.0,1921.0,33.0,9.0,23.47,83.5,0.0,31.4,41.6
812.608,64,150.0,1921.0,33.0,9.0,23.47,83.5,0.0,31.4,31.8
812.699,64,150.0,1921.0,33.0,9.0,23.47,83.5,0.0,31.4,31.8
812.789,64,118.0,1921.0,33.0,9.0,23.47,83.5,0.0,31.4,31.8
812.878,64,118.0,1951.0,33.0,9.0,23.47,83.5,0.0,31.4,31.8
812.968,64,118.0,1951.0,33.0,9.0,23.47,83.5,0.0,31.4,31.8
813.028,64,118.0,1951.0,33.0,9.0,23.47,83.5,0.0,31.4,31.8
813.089,64,118.0,1951.0,33.0,9.0,19.66,83.5,0.0,31.4,31.8
813.208,64,118.0,1951.0,33.0,9.0,19.66,83.5,0.0,31.4,31.8
813.299,64,118.0,1951.0,33.0,9.0,19.66,83.5,0.0,31.4,31.8
813.388,64,118.0,1951.0,33.0,9.0,19.66,83.5,0.0,27.8,31.8
813.479,64,118.0,1951.0,33.0,9.0,19.66,83.5,0.0,27.8,28.2
813.54,64,118.0,1951.0,33.0,9.0,19.66,83.5,0.0,27.8,28.2
813.628,64,112.0,1951.0,33.0,9.0,19.66,83.5,0.0,27.8,28.2
813.72,64,112.0,1939.0,33.0,9.0,19.66,83.5,0.0,27.8,28.2
813.808,64,112.0,1939.0,33.0,9.0,19.66,83.5,0.0,27.8,28.2
813.899,64,112.0,1939.0,33.0,6.0,19.66,83.5,0.0,27.8,28.2
813.988,64,112.0,1939.0,33.0,6.0,18.44,83.5,0.0,27.8,28.2
814.077,64,112.0,1939.0,33.0,6.0,18.44,83.5,0.0,27.8,28.2
814.139,64,112.0,1939.0,33.0,6.0,18.44,83.5,0.0,27.8,28.2
814.228,64,112.0,1939.0,33.0,6.0,18.44,83.5,0.0,28.2,28.2
814.318,64,112.0,1939.0,33.0,6.0,18.44,83.5,0.0,28.2,28.6
814.408,64,112.0,1939.0,33.0,6.0,18.44,83.5,0.0,28.2,28.6
814.498,64,112.0,1939.0,33.0,6.0,18.44,83.5,0.0,28.2,28.6
814.588,64,112.0,1917.0,33.0,6.0,18.44,83.5,0.0,28.2,28.6
814.679,64,112.0,1917.0,33.0,6.0,18.44,83.5,0.0,28.2,28.6
814.74,64,112.0,1917.0,33.0,6.0,18.44,83.5,0.0,28.2,28.6
814.829,64,112.0,1917.0,33.0,6.0,17.99,83.5,0.0,28.2,28.6
814.918,64,112.0,1917.0,33.0,6.0,17.99,83.5,0.0,28.2,28.6
815.008,64,112.0,1917.0,33.0,6.0,17.99,83.5,0.0,28.2,28.6
815.098,64,112.0,1917.0,33.0,6.0,17.99,83.5,0.0,30.6,28.6
815.188,64,112.0,1917.0,33.0,6.0,17.99,83.5,0.0,30.6,30.6
815.278,64,112.0,1917.0,33.0,6.0,17.99,83.5,0.0,30.6,30.6
815.339,64,117.0,1917.0,33.0,6.0,17.99,83.5,0.0,30.6,30.6
815.428,64,117.0,1898.0,33.0,6.0,17.99,83.5,0.0,30.6,30.6
815.49,64,117.0,1898.0,33.0,6.0,17.99,83.5,0.0,30.6,30.6
815.578,64,117.0,1898.0,33.0,6.0,17.99,83.5,0.0,30.6,30.6
815.668,64,117.0,1898.0,33.0,6.0,20.72,83.5,0.0,30.6,30.6
815.759,64,117.0,1898.0,33.0,6.0,20.72,83.5,0.0,30.6,30.6
815.848,64,117.0,1898.0,33.0,6.0,20.72,83.5,0.0,30.6,30.6
815.939,64,117.0,1898.0,33.0,6.0,20.72,83.5,0.0,33.3,30.6
816.029,64,117.0,1898.0,33.0,6.0,20.72,83.5,0.0,33.3,33.7
816.088,64,117.0,1898.0,33.0,6.0,20.72,83.5,0.0,33.3,33.7
816.178,64,128.0,1898.0,33.0,6.0,20.72,83.5,0.0,33.3,33.7
816.239,64,128.0,1912.0,33.0,6.0,20.72,83.5,0.0,33.3,33.7
816.328,64,128.0,1912.0,33.0,6.0,20.72,83.5,0.0,33.3,33.7
816.39,64,128.0,1912.0,33.0,6.0,20.72,83.5,0.0,33.3,33.7
816.481,64,128.0,1912.0,33.0,6.0,21.13,83.5,0.0,33.3,33.7
816.54,64,128.0,1912.0,33.0,6.0,21.13,83.5,0.0,33.3,33.7
816.628,64,128.0,1912.0,33.0,6.0,21.13,83.5,0.0,33.3,33.7
816.689,64,128.0,1912.0,33.0,6.0,21.13,83.5,0.0,36.5,33.7
816.778,64,128.0,1912.0,33.0,6.0,21.13,83.5,0.0,36.5,36.9
816.868,64,128.0,1912.0,33.0,6.0,21.13,83.5,0.0,36.5,36.9
816.958,64,129.0,1912.0,33.0,6.0,21.13,83.5,0.0,36.5,36.9
817.047,64,129.0,1961.0,33.0,6.0,21.13,83.5,0.0,36.5,36.9
817.138,64,129.0,1961.0,34.0,6.0,21.13,83.5,0.0,36.5,36.9
817.228,64,129.0,1961.0,34.0,6.0,21.13,83.5,0.0,36.5,36.9
817.319,64,129.0,1961.0,34.0,6.0,23.88,83.5,0.0,36.5,36.9
817.38,64,129.0,1961.0,34.0,6.0,23.88,83.5,0.0,36.5,36.9
817.44,64,129.0,1961.0,34.0,6.0,23.88,83.5,0.0,36.5,36.9
817.528,64,129.0,1961.0,34.0,6.0,23.88,83.5,0.0,37.6,36.9
817.589,64,129.0,1961.0,34.0,6.0,23.88,83.5,0.0,37.6,38.0
817.678,64,129.0,1961.0,34.0,6.0,23.88,83.5,0.0,37.6,38.0
817.739,64,135.0,1961.0,34.0,6.0,23.88,83.5,0.0,37.6,38.0
817.828,64,135.0,2032.0,34.0,6.0,23.88,83.5,0.0,37.6,38.0
817.89,64,135.0,2032.0,35.0,6.0,23.88,83.5,0.0,37.6,38.0
817.977,64,135.0,2032.0,35.0,7.0,23.88,83.5,0.0,37.6,38.0
818.068,64,135.0,2032.0,35.0,7.0,25.47,83.5,0.0,37.6,38.0
818.158,64,135.0,2032.0,35.0,7.0,25.47,83.5,0.0,37.6,38.0
818.278,64,135.0,2032.0,35.0,7.0,25.47,83.5,0.0,37.6,38.0
818.34,64,135.0,2032.0,35.0,7.0,25.47,83.5,0.0,32.5,38.0
818.428,64,135.0,2032.0,35.0,7.0,25.47,83.5,0.0,32.5,32.2
818.489,64,135.0,2032.0,35.0,7.0,25.47,83.5,0.0,32.5,32.2
818.578,64,127.0,2032.0,35.0,7.0,25.47,83.5,0.0,32.5,32.2
818.64,64,127.0,2057.0,35.0,7.0,25.47,83.5,0.0,32.5,32.2
818.727,64,127.0,2057.0,35.0,7.0,25.47,83.5,0.0,32.5,32.2
818.789,64,127.0,2057.0,35.0,7.0,25.47,83.5,0.0,32.5,32.2
818.878,64,127.0,2057.0,35.0,7.0,21.33,83.5,0.0,32.5,32.2
818.943,64,127.0,2057.0,35.0,7.0,21.33,83.5,0.0,32.5,32.2
819.027,64,127.0,2057.0,35.0,7.0,21.33,83.5,0.0,32.5,32.2
819.088,64,127.0,2057.0,35.0,7.0,21.33,83.5,0.0,27.5,32.2
819.178,64,127.0,2057.0,35.0,7.0,21.33,83.5,0.0,27.5,27.8
819.24,64,127.0,2057.0,35.0,7.0,21.33,83.5,0.0,27.5,27.8
819.328,64,114.0,2057.0,35.0,7.0,21.33,83.5,0.0,27.5,27.8
819.419,64,114.0,2023.0,35.0,7.0,21.33,83.5,0.0,27.5,27.8
819.508,64,114.0,2023.0,35.0,7.0,21.33,83.5,0.0,27.5,27.8
819.598,64,114.0,2023.0,35.0,7.0,21.33,83.5,0.0,27.5,27.8
819.688,64,114.0,2023.0,35.0,7.0,17.58,83.5,0.0,27.5,27.8
819.779,64,114.0,2023.0,35.0,7.0,17.58,83.5,0.0,27.5,27.8
819.84,64,114.0,2023.0,35.0,7.0,17.58,83.5,0.0,27.5,27.8
819.93,64,114.0,2023.0,35.0,7.0,17.58,83.5,0.0,25.1,27.8
819.988,64,114.0,2023.0,35.0,7.0,17.58,83.5,0.0,25.1,25.1
820.078,64,114.0,2023.0,35.0,7.0,17.58,83.5,0.0,25.1,25.1
820.138,64,110.0,2023.0,35.0,7.0,17.58,83.5,0.0,25.1,25.1
820.229,64,110.0,1990.0,35.0,7.0,17.58,83.5,0.0,25.1,25.1
820.29,64,110.0,1990.0,34.0,7.0,17.58,83.5,0.0,25.1,25.1
820.378,64,110.0,1990.0,34.0,6.0,17.58,83.5,0.0,25.1,25.1
820.438,64,110.0,1990.0,34.0,6.0,17.8,83.5,0.0,25.1,25.1
820.528,64,110.0,1990.0,34.0,6.0,17.8,83.5,0.0,25.1,25.1
820.589,64,110.0,1990.0,34.0,6.0,17.8,83.5,0.0,25.1,25.1
820.679,64,110.0,1990.0,34.0,6.0,17.8,83.5,0.0,29.0,25.1
820.739,64,110.0,1990.0,34.0,6.0,17.8,83.5,0.0,29.0,29.0
820.828,64,110.0,1990.0,34.0,6.0,17.8,83.5,0.0,29.0,29.0
820.891,64,113.0,1990.0,34.0,6.0,17.8,83.5,0.0,29.0,29.0
820.977,64,113.0,1972.0,34.0,6.0,17.8,83.5,0.0,29.0,29.0
821.038,64,113.0,1972.0,34.0,6.0,17.8,83.5,0.0,29.0,29.0
821.128,64,113.0,1972.0,34.0,5.0,17.8,83.5,0.0,29.0,29.0
821.189,64,113.0,1972.0,34.0,5.0,19.08,83.5,0.0,29.0,29.0
821.278,64,113.0,1972.0,34.0,5.0,19.08,83.5,0.0,29.0,29.0
821.339,64,113.0,1972.0,34.0,5.0,19.08,83.5,0.0,29.0,29.0
821.428,64,113.0,1972.0,34.0,5.0,19.08,83.5,0.0,34.9,29.0
821.491,64,113.0,1972.0,34.0,5.0,19.08,83.5,0.0,34.9,35.7
821.578,64,113.0,1972.0,34.0,5.0,19.08,83.5,0.0,34.9,35.7
821.639,64,127.0,1972.0,34.0,5.0,19.08,83.5,0.0,34.9,35.7
821.73,64,127.0,1995.0,34.0,5.0,19.08,83.5,0.0,34.9,35.7
821.789,64,127.0,1995.0,34.0,5.0,19.08,83.5,0.0,34.9,35.7
821.878,64,127.0,1995.0,34.0,6.0,19.08,83.5,0.0,34.9,35.7
821.941,64,127.0,1995.0,34.0,6.0,22.99,83.5,0.0,34.9,35.7
822.028,64,127.0,1995.0,34.0,6.0,22.99,83.5,0.0,34.9,35.7
822.089,64,127.0,1995.0,34.0,6.0,22.99,83.5,0.0,34.9,35.7
822.178,64,127.0,1995.0,34.0,6.0,22.99,83.5,0.0,40.4,35.7
822.24,64,127.0,1995.0,34.0,6.0,22.99,83.5,0.0,40.4,42.0
822.328,64,127.0,1995.0,34.0,6.0,22.99,83.5,0.0,40.4,42.0
822.39,64,139.0,1995.0,34.0,6.0,22.99,83.5,0.0,40.4,42.0
822.478,64,139.0,2071.0,34.0,6.0,22.99,83.5,0.0,40.4,42.0
822.54,64,139.0,2071.0,36.0,6.0,22.99,83.5,0.0,40.4,42.0
822.628,64,139.0,2071.0,36.0,6.0,22.99,83.5,0.0,40.4,42.0
822.689,64,139.0,2071.0,36.0,6.0,35.36,83.5,0.0,40.4,42.0
822.779,64,139.0,2071.0,36.0,6.0,35.36,83.5,0.0,40.4,42.0
822.839,64,139.0,2071.0,36.0,6.0,35.36,83.5,0.0,40.4,42.0
822.928,64,139.0,2071.0,36.0,6.0,35.36,83.5,0.0,45.5,42.0
822.99,64,139.0,2071.0,36.0,6.0,35.36,83.5,0.0,45.5,47.5
823.077,64,139.0,2071.0,36.0,6.0,35.36,83.5,0.0,45.5,47.5
823.228,64,181.0,2071.0,36.0,6.0,35.36,83.5,0.0,45.5,47.5
823.29,64,181.0,2284.0,36.0,6.0,35.36,83.5,0.0,45.5,47.5
823.379,64,181.0,2284.0,39.0,6.0,35.36,83.5,0.0,45.5,47.5
823.44,64,181.0,2284.0,39.0,8.0,35.36,83.5,0.0,45.5,47.5
823.528,64,181.0,2284.0,39.0,8.0,58.72,83.5,0.0,45.5,47.5
823.59,64,181.0,2284.0,39.0,8.0,58.72,83.5,0.0,45.5,47.5
823.678,64,181.0,2284.0,39.0,8.0,58.72,83.5,0.0,45.5,47.5
823.739,64,181.0,2284.0,39.0,8.0,58.72,83.5,0.0,49.8,47.5
823.828,64,181.0,2284.0,39.0,8.0,58.72,83.5,0.0,49.8,50.6
823.894,64,181.0,2284.0,39.0,8.0,58.72,83.5,0.0,49.8,50.6
823.978,64,207.0,2284.0,39.0,8.0,58.72,83.5,0.0,49.8,50.6
824.04,64,207.0,2587.0,39.0,8.0,58.72,83.5,0.0,49.8,50.6
824.127,64,207.0,2587.0,45.0,8.0,58.72,83.5,0.0,49.8,50.6
824.188,64,207.0,2587.0,45.0,10.0,58.72,83.5,0.0,49.8,50.6
824.28,64,207.0,2587.0,45.0,10.0,84.05,83.5,0.0,49.8,50.6
824.339,64,207.0,2587.0,45.0,10.0,84.05,83.5,0.0,49.8,50.6
824.428,64,207.0,2587.0,45.0,10.0,84.05,83.5,0.0,49.8,50.6
824.488,64,207.0,2587.0,45.0,10.0,84.05,83.5,0.0,36.9,50.6
824.578,64,207.0,2587.0,45.0,10.0,84.05,83.5,0.0,36.9,25.5
824.639,64,207.0,2587.0,45.0,10.0,84.05,83.5,0.0,36.9,25.5
824.728,64,150.0,2587.0,45.0,10.0,84.05,83.5,0.0,36.9,25.5
824.79,64,150.0,2594.0,45.0,10.0,84.05,83.5,0.0,36.9,25.5
824.878,64,150.0,2594.0,48.0,10.0,84.05,83.5,0.0,36.9,25.5
824.94,64,150.0,2594.0,48.0,10.0,84.05,83.5,0.0,36.9,25.5
825.028,64,150.0,2594.0,48.0,10.0,36.49,83.5,0.0,36.9,25.5
825.088,64,150.0,2594.0,48.0,10.0,36.49,31.0,0.0,36.9,25.5
825.178,64,150.0,2594.0,48.0,10.0,36.49,31.0,0.0,36.9,25.5
825.239,64,150.0,2594.0,48.0,10.0,36.49,31.0,0.0,37.3,25.5
825.328,64,150.0,2594.0,48.0,10.0,36.49,31.0,0.0,37.3,41.2
825.389,64,150.0,2594.0,48.0,10.0,36.49,31.0,0.0,37.3,41.2
825.478,64,97.0,2594.0,48.0,10.0,36.49,31.0,0.0,37.3,41.2
825.54,64,97.0,1831.0,48.0,10.0,36.49,31.0,0.0,37.3,41.2
825.627,64,97.0,1831.0,49.0,10.0,36.49,31.0,0.0,37.3,41.2
825.689,64,97.0,1831.0,49.0,7.0,36.49,31.0,0.0,37.3,41.2
825.778,64,97.0,1831.0,49.0,7.0,37.88,31.0,0.0,37.3,41.2
825.841,64,97.0,1831.0,49.0,7.0,37.88,83.5,0.0,37.3,41.2
825.928,64,97.0,1831.0,49.0,7.0,37.88,83.5,0.0,37.3,41.2
825.989,64,97.0,1831.0,49.0,7.0,37.88,83.5,0.0,57.3,41.2
826.077,64,97.0,1831.0,49.0,7.0,37.88,83.5,0.0,57.3,58.0
826.138,64,97.0,1831.0,49.0,7.0,37.88,83.5,0.0,57.3,58.0
826.228,64,178.0,1831.0,49.0,7.0,37.88,83.5,0.0,57.3,58.0
826.29,64,178.0,1969.0,49.0,7.0,37.88,83.5,0.0,57.3,58.0
826.378,64,178.0,1969.0,53.0,7.0,37.88,83.5,0.0,57.3,58.0
826.439,64,178.0,1969.0,53.0,7.0,37.88,83.5,0.0,57.3,58.0
826.528,64,178.0,1969.0,53.0,7.0,70.58,83.5,0.0,57.3,58.0
826.588,64,178.0,1969.0,53.0,7.0,70.58,83.5,0.0,57.3,58.0
826.678,64,178.0,1969.0,53.0,7.0,70.58,83.5,0.0,57.3,58.0
826.739,64,178.0,1969.0,53.0,7.0,70.58,83.5,0.0,14.1,58.0
826.828,64,178.0,1969.0,53.0,7.0,70.58,83.5,0.0,14.1,14.5
826.889,64,178.0,1969.0,53.0,7.0,70.58,83.5,0.0,14.1,14.5
826.978,64,128.0,1969.0,53.0,7.0,70.58,83.5,0.0,14.1,14.5
827.038,64,128.0,1648.0,53.0,7.0,70.58,83.5,0.0,14.1,14.5
827.128,64,128.0,1648.0,54.0,7.0,70.58,83.5,0.0,14.1,14.5
827.189,64,128.0,1648.0,54.0,8.0,70.58,83.5,0.0,14.1,14.5
827.278,64,128.0,1648.0,54.0,8.0,26.97,83.5,0.0,14.1,14.5
827.34,64,128.0,1648.0,54.0,8.0,26.97,31.0,0.0,14.1,14.5
827.428,64,128.0,1648.0,54.0,8.0,26.97,31.0,0.0,14.1,14.5
827.489,64,128.0,1648.0,54.0,8.0,26.97,31.0,0.0,31.0,14.5
827.578,64,128.0,1648.0,54.0,8.0,26.97,31.0,0.0,31.0,31.0
827.639,64,128.0,1648.0,54.0,8.0,26.97,31.0,0.0,31.0,31.0
827.728,64,116.0,1648.0,54.0,8.0,26.97,31.0,0.0,31.0,31.0
827.789,64,116.0,1390.0,54.0,8.0,26.97,31.0,0.0,31.0,31.0
827.878,64,116.0,1390.0,54.0,8.0,26.97,31.0,0.0,31.0,31.0
827.94,64,116.0,1390.0,54.0,7.0,26.97,31.0,0.0,31.0,31.0
828.028,64,116.0,1390.0,54.0,7.0,11.58,31.0,0.0,31.0,31.0
828.089,64,116.0,1390.0,54.0,7.0,11.58,83.5,0.0,31.0,31.0
828.178,64,116.0,1390.0,54.0,7.0,11.58,83.5,0.0,31.0,31.0
828.298,64,116.0,1390.0,54.0,7.0,11.58,83.5,0.0,30.6,31.0
828.388,64,116.0,1390.0,54.0,7.0,11.58,83.5,0.0,30.6,31.0
828.478,65,116.0,1390.0,54.0,7.0,11.58,83.5,0.0,30.6,31.0
828.54,65,112.0,1390.0,54.0,7.0,11.58,83.5,0.0,30.6,31.0
828.628,65,112.0,1396.0,54.0,7.0,11.58,83.5,0.0,30.6,31.0
828.69,65,112.0,1396.0,54.0,7.0,11.58,83.5,0.0,30.6,31.0
828.78,65,112.0,1396.0,54.0,2.0,11.58,83.5,0.0,30.6,31.0
828.84,65,112.0,1396.0,54.0,2.0,12.77,83.5,0.0,30.6,31.0
828.928,65,112.0,1396.0,54.0,2.0,12.77,83.5,0.0,30.6,31.0
828.989,65,112.0,1396.0,54.0,2.0,12.77,83.5,0.0,30.6,31.0
829.077,65,112.0,1396.0,54.0,2.0,12.77,83.5,0.0,29.4,31.0
829.139,65,112.0,1396.0,54.0,2.0,12.77,83.5,0.0,29.4,29.4
829.228,65,112.0,1396.0,54.0,2.0,12.77,83.5,0.0,29.4,29.4
829.289,65,112.0,1396.0,54.0,2.0,12.77,83.5,0.0,29.4,29.4
829.378,65,112.0,1391.0,54.0,2.0,12.77,83.5,0.0,29.4,29.4
829.44,65,112.0,1391.0,54.0,2.0,12.77,83.5,0.0,29.4,29.4
829.528,65,112.0,1391.0,54.0,1.0,12.77,83.5,0.0,29.4,29.4
829.589,65,112.0,1391.0,54.0,1.0,11.66,83.5,0.0,29.4,29.4
829.677,65,112.0,1391.0,54.0,1.0,11.66,83.5,0.0,29.4,29.4
829.738,65,112.0,1391.0,54.0,1.0,11.66,83.5,0.0,29.4,29.4
829.858,65,112.0,1391.0,54.0,1.0,11.66,83.5,0.0,27.5,29.4
829.948,65,112.0,1391.0,54.0,1.0,11.66,83.5,0.0,27.5,27.1
830.037,65,112.0,1391.0,54.0,1.0,11.66,83.5,0.0,27.5,27.1
830.128,65,112.0,1391.0,54.0,1.0,11.66,83.5,0.0,27.5,27.1
830.188,65,112.0,1386.0,54.0,1.0,11.66,83.5,0.0,27.5,27.1
830.279,65,112.0,1386.0,54.0,1.0,11.66,83.5,0.0,27.5,27.1
830.341,65,112.0,1386.0,54.0,2.0,11.66,83.5,0.0,27.5,27.1
830.429,65,112.0,1386.0,54.0,2.0,11.13,83.5,0.0,27.5,27.1
830.49,65,112.0,1386.0,54.0,2.0,11.13,83.5,0.0,27.5,27.1
830.578,65,112.0,1386.0,54.0,2.0,11.13,83.5,0.0,27.5,27.1
830.64,65,112.0,1386.0,54.0,2.0,11.13,83.5,0.0,26.3,27.1
830.728,65,112.0,1386.0,54.0,2.0,11.13,83.5,0.0,26.3,26.3
830.789,65,112.0,1386.0,54.0,2.0,11.13,83.5,0.0,26.3,26.3
830.878,65,108.0,1386.0,54.0,2.0,11.13,83.5,0.0,26.3,26.3
830.94,65,108.0,1384.0,54.0,2.0,11.13,83.5,0.0,26.3,26.3
831.027,65,108.0,1384.0,54.0,2.0,11.13,83.5,0.0,26.3,26.3
831.118,65,108.0,1384.0,54.0,2.0,11.13,83.5,0.0,26.3,26.3
831.18,65,108.0,1384.0,54.0,2.0,11.16,83.5,0.0,26.3,26.3
831.24,65,108.0,1384.0,54.0,2.0,11.16,83.5,0.0,26.3,26.3
831.328,65,108.0,1384.0,54.0,2.0,11.16,83.5,0.0,26.3,26.3
831.389,65,108.0,1384.0,54.0,2.0,11.16,83.5,0.0,25.5,26.3
831.478,65,108.0,1384.0,54.0,2.0,11.16,83.5,0.0,25.5,25.9
831.539,65,108.0,1384.0,54.0,2.0,11.16,83.5,0.0,25.5,25.9
831.628,65,106.0,1384.0,54.0,2.0,11.16,83.5,0.0,25.5,25.9
831.691,65,106.0,1374.0,54.0,2.0,11.16,83.5,0.0,25.5,25.9
831.778,65,106.0,1374.0,54.0,2.0,11.16,83.5,0.0,25.5,25.9
831.869,65,106.0,1374.0,54.0,2.0,11.16,83.5,0.0,25.5,25.9
831.929,65,106.0,1374.0,54.0,2.0,11.13,83.5,0.0,25.5,25.9
831.99,65,106.0,1374.0,54.0,2.0,11.13,83.5,0.0,25.5,25.9
832.077,65,106.0,1374.0,54.0,2.0,11.13,83.5,0.0,25.5,25.9
832.198,65,106.0,1374.0,54.0,2.0,11.13,83.5,0.0,21.2,25.9
832.288,65,106.0,1374.0,54.0,2.0,11.13,83.5,0.0,21.2,20.4
832.378,65,106.0,1374.0,54.0,2.0,11.13,83.5,0.0,21.2,20.4
832.468,65,105.0,1374.0,54.0,2.0,11.13,83.5,0.0,21.2,20.4
832.528,65,105.0,1361.0,54.0,2.0,11.13,83.5,0.0,21.2,20.4
832.618,65,105.0,1361.0,53.0,2.0,11.13,83.5,0.0,21.2,20.4
832.678,65,105.0,1361.0,53.0,2.0,11.13,83.5,0.0,21.2,20.4
832.768,65,105.0,1361.0,53.0,2.0,12.19,83.5,0.0,21.2,20.4
832.83,65,105.0,1361.0,53.0,2.0,12.19,83.5,0.0,21.2,20.4
832.918,65,105.0,1361.0,53.0,2.0,12.19,83.5,0.0,21.2,20.4
832.981,65,105.0,1361.0,53.0,2.0,12.19,83.5,0.0,23.1,20.4
833.067,65,105.0,1361.0,53.0,2.0,12.19,83.5,0.0,23.1,23.1
833.158,65,105.0,1361.0,53.0,2.0,12.19,83.5,0.0,23.1,23.1
833.219,65,109.0,1361.0,53.0,2.0,12.19,83.5,0.0,23.1,23.1
833.279,65,109.0,1336.0,53.0,2.0,12.19,83.5,0.0,23.1,23.1
833.369,65,109.0,1336.0,52.0,2.0,12.19,83.5,0.0,23.1,23.1
833.458,65,109.0,1336.0,52.0,2.0,12.19,83.5,0.0,23.1,23.1
833.521,65,109.0,1336.0,52.0,2.0,11.41,83.5,0.0,23.1,23.1
833.578,65,109.0,1336.0,52.0,2.0,11.41,83.5,0.0,23.1,23.1
833.668,65,109.0,1336.0,52.0,2.0,11.41,83.5,0.0,23.1,23.1
833.729,65,109.0,1336.0,52.0,2.0,11.41,83.5,0.0,21.6,23.1
833.818,65,109.0,1336.0,52.0,2.0,11.41,83.5,0.0,21.6,15.3
833.942,65,109.0,1336.0,52.0,2.0,11.41,83.5,0.0,21.6,15.3
834.027,65,107.0,1336.0,52.0,2.0,11.41,83.5,0.0,21.6,15.3
834.118,65,107.0,1305.0,52.0,2.0,11.41,83.5,0.0,21.6,15.3
834.179,65,107.0,1305.0,51.0,2.0,11.41,83.5,0.0,21.6,15.3
834.268,65,107.0,1305.0,51.0,2.0,11.41,83.5,0.0,21.6,15.3
834.328,65,107.0,1305.0,51.0,2.0,11.63,83.5,0.0,21.6,15.3
834.418,65,107.0,1305.0,51.0,2.0,11.63,83.5,0.0,21.6,15.3
834.48,65,107.0,1305.0,51.0,2.0,11.63,83.5,0.0,21.6,15.3
834.568,65,107.0,1305.0,51.0,2.0,11.63,83.5,0.0,14.1,15.3
834.658,65,107.0,1305.0,51.0,2.0,11.63,83.5,0.0,14.1,14.5
834.72,65,107.0,1305.0,51.0,2.0,11.63,83.5,0.0,14.1,14.5
834.78,65,110.0,1305.0,51.0,2.0,11.63,83.5,0.0,14.1,14.5
834.868,65,110.0,1280.0,51.0,2.0,11.63,83.5,0.0,14.1,14.5
834.932,65,110.0,1280.0,50.0,2.0,11.63,83.5,0.0,14.1,14.5
835.017,65,110.0,1280.0,50.0,3.0,11.63,83.5,0.0,14.1,14.5
835.078,65,110.0,1280.0,50.0,3.0,11.63,83.5,0.0,14.1,14.5
835.172,65,110.0,1280.0,50.0,3.0,11.63,83.5,0.0,14.1,14.5
835.229,65,110.0,1280.0,50.0,3.0,11.63,83.5,0.0,14.1,14.5
835.318,65,110.0,1280.0,50.0,3.0,11.63,83.5,0.0,14.1,14.5
835.38,65,110.0,1280.0,50.0,3.0,11.63,83.5,0.0,14.1,14.5
835.468,65,110.0,1280.0,50.0,3.0,11.63,83.5,0.0,14.1,14.5
835.53,65,110.0,1280.0,50.0,3.0,11.63,83.5,0.0,14.1,14.5
835.618,65,110.0,1242.0,50.0,3.0,11.63,83.5,0.0,14.1,14.5
835.68,65,110.0,1242.0,48.0,3.0,11.63,83.5,0.0,14.1,14.5
835.768,65,110.0,1242.0,48.0,3.0,11.63,83.5,0.0,14.1,14.5
835.829,65,110.0,1242.0,48.0,3.0,11.49,83.5,0.0,14.1,14.5
835.919,65,110.0,1242.0,48.0,3.0,11.49,83.5,0.0,14.1,14.5
835.978,65,110.0,1242.0,48.0,3.0,11.49,83.5,0.0,14.1,14.5
836.068,65,110.0,1242.0,48.0,3.0,11.49,83.5,0.0,14.1,14.5
836.128,65,110.0,1242.0,48.0,3.0,11.49,83.5,0.0,14.1,14.5
836.218,65,110.0,1242.0,48.0,3.0,11.49,83.5,0.0,14.1,14.5
836.28,65,110.0,1242.0,48.0,3.0,11.49,83.5,0.0,14.1,14.5
836.368,65,110.0,1204.0,48.0,3.0,11.49,83.5,0.0,14.1,14.5
836.43,65,110.0,1204.0,47.0,3.0,11.49,83.5,0.0,14.1,14.5
836.518,65,110.0,1204.0,47.0,3.0,11.49,83.5,0.0,14.1,14.5
836.579,65,110.0,1204.0,47.0,3.0,10.99,83.5,0.0,14.1,14.5
836.668,65,110.0,1204.0,47.0,3.0,10.99,83.5,0.0,14.1,14.5
836.729,65,110.0,1204.0,47.0,3.0,10.99,83.5,0.0,14.1,14.5
836.818,65,110.0,1204.0,47.0,3.0,10.99,83.5,0.0,14.1,14.5
836.88,65,110.0,1204.0,47.0,3.0,10.99,83.5,0.0,14.1,14.5
836.967,65,110.0,1204.0,47.0,3.0,10.99,83.5,0.0,14.1,14.5
837.028,65,109.0,1204.0,47.0,3.0,10.99,83.5,0.0,14.1,14.5
837.118,65,109.0,1190.0,47.0,3.0,10.99,83.5,0.0,14.1,14.5
837.182,65,109.0,1190.0,46.0,3.0,10.99,83.5,0.0,14.1,14.5
837.268,65,109.0,1190.0,46.0,3.0,10.99,83.5,0.0,14.1,14.5
837.359,65,109.0,1190.0,46.0,3.0,10.88,83.5,0.0,14.1,14.5
837.448,65,109.0,1190.0,46.0,3.0,10.88,83.5,0.0,14.1,14.5
837.538,65,109.0,1190.0,46.0,3.0,10.88,83.5,0.0,14.1,14.5
837.628,65,109.0,1190.0,46.0,3.0,10.88,83.5,0.0,14.1,14.5
837.718,65,109.0,1190.0,46.0,3.0,10.88,83.5,0.0,14.1,14.5
837.78,65,109.0,1190.0,46.0,3.0,10.88,83.5,0.0,14.1,14.5
837.875,65,109.0,1190.0,46.0,3.0,10.88,83.5,0.0,14.1,14.5
837.928,65,109.0,1133.0,46.0,3.0,10.88,83.5,0.0,14.1,14.5
838.017,65,109.0,1133.0,44.0,3.0,10.88,83.5,0.0,14.1,14.5
838.078,65,109.0,1133.0,44.0,3.0,10.88,83.5,0.0,14.1,14.5
838.167,65,109.0,1133.0,44.0,3.0,10.33,83.5,0.0,14.1,14.5
838.288,65,109.0,1133.0,44.0,3.0,10.33,83.5,0.0,14.1,14.5
838.377,65,109.0,1133.0,44.0,3.0,10.33,83.5,0.0,14.1,14.5
838.468,65,109.0,1133.0,44.0,3.0,10.33,83.5,0.0,14.1,14.5
838.529,65,109.0,1133.0,44.0,3.0,10.33,83.5,0.0,14.1,14.5
838.619,65,109.0,1133.0,44.0,3.0,10.33,83.5,0.0,14.1,14.5
838.679,65,108.0,1133.0,44.0,3.0,10.33,83.5,0.0,14.1,14.5
838.768,65,108.0,1050.0,44.0,3.0,10.33,83.5,0.0,14.1,14.5
838.831,65,108.0,1050.0,41.0,3.0,10.33,83.5,0.0,14.1,14.5
838.918,65,108.0,1050.0,41.0,3.0,10.33,83.5,0.0,14.1,14.5
838.978,65,108.0,1050.0,41.0,3.0,9.27,83.5,0.0,14.1,14.5
839.067,65,108.0,1050.0,41.0,3.0,9.27,83.5,0.0,14.1,14.5
839.129,65,108.0,1050.0,41.0,3.0,9.27,83.5,0.0,14.1,14.5
839.218,65,108.0,1050.0,41.0,3.0,9.27,83.5,0.0,14.1,14.5
839.28,65,108.0,1050.0,41.0,3.0,9.27,83.5,0.0,14.1,14.5
839.368,65,108.0,1050.0,41.0,3.0,9.27,83.5,0.0,14.1,14.5
839.431,65,108.0,1050.0,41.0,3.0,9.27,83.5,0.0,14.1,14.5
839.518,65,108.0,997.0,41.0,3.0,9.27,83.5,0.0,14.1,14.5
839.58,65,108.0,997.0,37.0,3.0,9.27,83.5,0.0,14.1,14.5
839.668,65,108.0,997.0,37.0,2.0,9.27,83.5,0.0,14.1,14.5
839.73,65,108.0,997.0,37.0,2.0,9.33,83.5,0.0,14.1,14.5
839.818,65,108.0,997.0,37.0,2.0,9.33,83.5,0.0,14.1,14.5
839.879,65,108.0,997.0,37.0,2.0,9.33,83.5,0.0,14.1,14.5
839.968,65,108.0,997.0,37.0,2.0,9.33,83.5,0.0,14.1,14.5
840.032,65,108.0,997.0,37.0,2.0,9.33,83.5,0.0,14.1,14.5
840.118,65,108.0,997.0,37.0,2.0,9.33,83.5,0.0,14.1,14.5
840.186,65,107.0,997.0,37.0,2.0,9.33,83.5,0.0,14.1,14.5
840.267,65,107.0,1026.0,37.0,2.0,9.33,83.5,0.0,14.1,14.5
840.328,65,107.0,1026.0,31.0,2.0,9.33,83.5,0.0,14.1,14.5
840.417,65,107.0,1026.0,31.0,1.0,9.33,83.5,0.0,14.1,14.5
840.478,65,107.0,1026.0,31.0,1.0,9.72,83.5,0.0,14.1,14.5
840.567,65,107.0,1026.0,31.0,1.0,9.72,83.5,0.0,14.1,14.5
840.628,65,107.0,1026.0,31.0,1.0,9.72,83.5,0.0,14.1,14.5
840.717,65,107.0,1026.0,31.0,1.0,9.72,83.5,0.0,14.1,14.5
840.778,65,107.0,1026.0,31.0,1.0,9.72,83.5,0.0,14.1,14.5
840.867,65,107.0,1026.0,31.0,1.0,9.72,83.5,0.0,14.1,14.5
840.929,65,108.0,1026.0,31.0,1.0,9.72,83.5,0.0,14.1,14.5
841.017,65,108.0,1031.0,31.0,1.0,9.72,83.5,0.0,14.1,14.5
841.078,65,108.0,1031.0,26.0,1.0,9.72,83.5,0.0,14.1,14.5
841.169,65,108.0,1031.0,26.0,2.0,9.72,83.5,0.0,14.1,14.5
841.231,65,108.0,1031.0,26.0,2.0,9.24,83.5,0.0,14.1,14.5
841.318,65,108.0,1031.0,26.0,2.0,9.24,83.5,0.0,14.1,14.5
841.379,65,108.0,1031.0,26.0,2.0,9.24,83.5,0.0,14.1,14.5
841.468,65,108.0,1031.0,26.0,2.0,9.24,83.5,0.0,14.1,14.5
841.529,65,108.0,1031.0,26.0,2.0,9.24,83.5,0.0,14.1,14.5
841.618,65,108.0,1031.0,26.0,2.0,9.24,83.5,0.0,14.1,14.5
841.68,65,108.0,1031.0,26.0,2.0,9.24,83.5,0.0,14.1,14.5
841.768,65,108.0,1034.0,26.0,2.0,9.24,83.5,0.0,14.1,14.5
841.831,65,108.0,1034.0,19.0,2.0,9.24,83.5,0.0,14.1,14.5
841.919,65,108.0,1034.0,19.0,2.0,9.24,83.5,0.0,14.1,14.5
841.978,65,108.0,1034.0,19.0,2.0,9.74,83.5,0.0,14.1,14.5
842.067,65,108.0,1034.0,19.0,2.0,9.74,83.5,0.0,14.1,14.5
842.128,65,108.0,1034.0,19.0,2.0,9.74,83.5,0.0,14.1,14.5
842.218,65,108.0,1034.0,19.0,2.0,9.74,83.5,0.0,14.1,14.5
842.279,65,108.0,1034.0,19.0,2.0,9.74,83.5,0.0,14.1,14.5
842.368,66,108.0,1034.0,19.0,2.0,9.74,83.5,0.0,14.1,14.5
842.431,66,108.0,1034.0,19.0,2.0,9.74,83.5,0.0,14.1,14.5
842.518,66,108.0,1037.0,19.0,2.0,9.74,83.5,0.0,14.1,14.5
842.58,66,108.0,1037.0,12.0,2.0,9.74,83.5,0.0,14.1,14.5
842.668,66,108.0,1037.0,12.0,2.0,9.74,83.5,0.0,14.1,14.5
842.73,66,108.0,1037.0,12.0,2.0,9.36,83.5,0.0,14.1,14.5
842.818,66,108.0,1037.0,12.0,2.0,9.36,83.5,0.0,14.1,14.5
842.879,66,108.0,1037.0,12.0,2.0,9.36,83.5,0.0,14.1,14.5
842.97,66,108.0,1037.0,12.0,2.0,9.36,83.5,0.0,14.1,14.5
843.028,66,108.0,1037.0,12.0,2.0,9.36,83.5,0.0,14.1,14.5
843.118,66,108.0,1037.0,12.0,2.0,9.36,83.5,0.0,14.1,14.5
843.238,66,108.0,1037.0,12.0,2.0,9.36,83.5,0.0,14.1,14.5
843.328,66,108.0,1037.0,12.0,2.0,9.36,83.5,0.0,14.1,14.5
843.419,66,108.0,1037.0,5.0,2.0,9.36,83.5,0.0,14.1,14.5
843.479,66,108.0,1037.0,5.0,2.0,9.36,83.5,0.0,14.1,14.5
843.568,66,108.0,1037.0,5.0,2.0,9.69,83.5,0.0,14.1,14.5
843.632,66,108.0,1037.0,5.0,2.0,9.69,83.5,0.0,14.1,14.5
843.718,66,108.0,1037.0,5.0,2.0,9.69,83.5,0.0,14.1,14.5
843.78,66,108.0,1037.0,5.0,2.0,9.69,83.5,0.0,14.1,14.5
843.868,66,108.0,1037.0,5.0,2.0,9.69,83.5,0.0,14.1,14.5
843.933,66,108.0,1037.0,5.0,2.0,9.69,83.5,0.0,14.1,14.5
844.018,66,108.0,1037.0,5.0,2.0,9.69,83.5,0.0,14.1,14.5
844.078,66,108.0,1038.0,5.0,2.0,9.69,83.5,0.0,14.1,14.5
844.168,66,108.0,1038.0,0.0,2.0,9.69,83.5,0.0,14.1,14.5
844.23,66,108.0,1038.0,0.0,3.0,9.69,83.5,0.0,14.1,14.5
844.318,66,108.0,1038.0,0.0,3.0,9.74,83.5,0.0,14.1,14.5
844.378,66,108.0,1038.0,0.0,3.0,9.74,83.5,0.0,14.1,14.5
844.468,66,108.0,1038.0,0.0,3.0,9.74,83.5,0.0,14.1,14.5
844.529,66,108.0,1038.0,0.0,3.0,9.74,83.5,0.0,14.1,14.5
844.618,66,108.0,1038.0,0.0,3.0,9.74,83.5,0.0,14.1,14.5
844.68,66,108.0,1038.0,0.0,3.0,9.74,83.5,0.0,14.1,14.5
844.768,66,108.0,1038.0,0.0,3.0,9.74,83.5,0.0,14.1,14.5
844.831,66,108.0,1038.0,0.0,3.0,9.74,83.5,0.0,14.1,14.5
844.917,66,108.0,1038.0,0.0,3.0,9.74,83.5,0.0,14.1,14.5
844.978,66,108.0,1038.0,0.0,3.0,9.74,83.5,0.0,14.1,14.5
845.069,66,108.0,1038.0,0.0,3.0,9.77,83.5,0.0,14.1,14.5
845.129,66,108.0,1038.0,0.0,3.0,9.77,83.5,0.0,14.1,14.5
845.218,66,108.0,1038.0,0.0,3.0,9.77,83.5,0.0,14.1,14.5
845.278,66,108.0,1038.0,0.0,3.0,9.77,83.5,0.0,14.1,14.5
845.368,66,108.0,1038.0,0.0,3.0,9.77,83.5,0.0,14.1,14.5
845.429,66,108.0,1038.0,0.0,3.0,9.77,83.5,0.0,14.1,14.5
845.518,66,108.0,1038.0,0.0,3.0,9.77,83.5,0.0,14.1,14.5
845.578,66,108.0,1040.0,0.0,3.0,9.77,83.5,0.0,14.1,14.5
845.668,66,108.0,1040.0,0.0,3.0,9.77,83.5,0.0,14.1,14.5
845.728,66,108.0,1040.0,0.0,3.0,9.77,83.5,0.0,14.1,14.5
845.817,66,108.0,1040.0,0.0,3.0,9.83,83.5,0.0,14.1,14.5
845.879,66,108.0,1040.0,0.0,3.0,9.83,83.5,0.0,14.1,14.5
845.968,66,108.0,1040.0,0.0,3.0,9.83,83.5,0.0,14.1,14.5
846.029,66,108.0,1040.0,0.0,3.0,9.83,83.5,0.0,14.1,14.5
846.118,66,108.0,1040.0,0.0,3.0,9.83,83.5,0.0,14.1,14.5
846.179,66,108.0,1040.0,0.0,3.0,9.83,83.5,0.0,14.1,14.5
846.268,66,108.0,1040.0,0.0,3.0,9.83,83.5,0.0,14.1,14.5
846.328,66,108.0,1042.0,0.0,3.0,9.83,83.5,0.0,14.1,14.5
846.418,66,108.0,1042.0,0.0,3.0,9.83,83.5,0.0,14.1,14.5
846.479,66,108.0,1042.0,0.0,3.0,9.83,83.5,0.0,14.1,14.5
846.568,66,108.0,1042.0,0.0,3.0,9.49,83.5,0.0,14.1,14.5
846.631,66,108.0,1042.0,0.0,3.0,9.49,83.5,0.0,14.1,14.5
846.718,66,108.0,1042.0,0.0,3.0,9.49,83.5,0.0,14.1,14.5
846.78,66,108.0,1042.0,0.0,3.0,9.49,83.5,0.0,14.1,14.5
846.869,66,108.0,1042.0,0.0,3.0,9.49,83.5,0.0,14.1,14.5
846.93,66,108.0,1042.0,0.0,3.0,9.49,83.5,0.0,14.1,14.5
847.018,66,108.0,1042.0,0.0,3.0,9.49,83.5,0.0,14.1,14.5
847.079,66,108.0,1042.0,0.0,3.0,9.49,83.5,0.0,14.1,14.5
847.168,66,108.0,1042.0,0.0,3.0,9.49,83.5,0.0,14.1,14.5
847.229,66,108.0,1042.0,0.0,3.0,9.49,83.5,0.0,14.1,14.5
847.318,66,108.0,1042.0,0.0,3.0,9.77,83.5,0.0,14.1,14.5
847.379,66,108.0,1042.0,0.0,3.0,9.77,83.5,0.0,14.1,14.5
847.469,66,108.0,1042.0,0.0,3.0,9.77,83.5,0.0,14.1,14.5
847.53,66,108.0,1042.0,0.0,3.0,9.77,83.5,0.0,14.1,14.5
847.62,66,108.0,1042.0,0.0,3.0,9.77,83.5,0.0,14.1,14.5
847.679,66,108.0,1042.0,0.0,3.0,9.77,83.5,0.0,14.1,14.5
847.769,66,108.0,1042.0,0.0,3.0,9.77,83.5,0.0,14.1,14.5
847.83,66,108.0,1039.0,0.0,3.0,9.77,83.5,0.0,14.1,14.5
847.918,66,108.0,1039.0,0.0,3.0,9.77,83.5,0.0,14.1,14.5
847.979,66,108.0,1039.0,0.0,3.0,9.77,83.5,0.0,14.1,14.5
848.067,66,108.0,1039.0,0.0,3.0,9.66,83.5,0.0,14.1,14.5
848.129,66,108.0,1039.0,0.0,3.0,9.66,83.5,0.0,14.1,14.5
848.278,66,108.0,1039.0,0.0,3.0,9.66,83.5,0.0,14.1,14.5
848.369,66,108.0,1039.0,0.0,3.0,9.66,83.5,0.0,14.1,14.5
848.43,66,108.0,1039.0,0.0,3.0,9.66,83.5,0.0,14.1,14.5
848.518,66,108.0,1039.0,0.0,3.0,9.66,83.5,0.0,14.1,14.5
848.58,66,108.0,1039.0,0.0,3.0,9.66,83.5,0.0,14.1,14.5
848.669,66,108.0,1041.0,0.0,3.0,9.66,83.5,0.0,14.1,14.5
848.738,66,108.0,1041.0,0.0,3.0,9.66,83.5,0.0,14.1,14.5
848.818,66,108.0,1041.0,0.0,3.0,9.66,83.5,0.0,14.1,14.5
848.88,66,108.0,1041.0,0.0,3.0,9.44,83.5,0.0,14.1,14.5
848.969,66,108.0,1041.0,0.0,3.0,9.44,83.5,0.0,14.1,14.5
849.03,66,108.0,1041.0,0.0,3.0,9.44,83.5,0.0,14.1,14.5
849.117,66,108.0,1041.0,0.0,3.0,9.44,83.5,0.0,14.5,14.5
849.179,66,108.0,1041.0,0.0,3.0,9.44,83.5,0.0,14.5,14.5
849.268,66,108.0,1041.0,0.0,3.0,9.44,83.5,0.0,14.5,14.5
849.329,66,108.0,1041.0,0.0,3.0,9.44,83.5,0.0,14.5,14.5
849.418,66,108.0,1038.0,0.0,3.0,9.44,83.5,0.0,14.5,14.5
849.478,66,108.0,1038.0,0.0,3.0,9.44,83.5,0.0,14.5,14.5
849.568,66,108.0,1038.0,0.0,3.0,9.44,83.5,0.0,14.5,14.5
849.63,66,108.0,1038.0,0.0,3.0,9.41,83.5,0.0,14.5,14.5
849.718,66,108.0,1038.0,0.0,3.0,9.41,83.5,0.0,14.5,14.5
849.779,66,108.0,1038.0,0.0,3.0,9.41,83.5,0.0,14.5,14.5
849.869,66,108.0,1038.0,0.0,3.0,9.41,83.5,0.0,14.1,14.5
849.931,66,108.0,1038.0,0.0,3.0,9.41,83.5,0.0,14.1,14.5
850.018,66,108.0,1038.0,0.0,3.0,9.41,83.5,0.0,14.1,14.5
850.078,66,108.0,1038.0,0.0,3.0,9.41,83.5,0.0,14.1,14.5
850.17,66,108.0,1039.0,0.0,3.0,9.41,83.5,0.0,14.1,14.5
850.229,66,108.0,1039.0,0.0,3.0,9.41,83.5,0.0,14.1,14.5
850.319,66,108.0,1039.0,0.0,3.0,9.41,83.5,0.0,14.1,14.5
850.379,66,108.0,1039.0,0.0,3.0,9.58,83.5,0.0,14.1,14.5
850.467,66,108.0,1039.0,0.0,3.0,9.58,83.5,0.0,14.1,14.5
850.528,66,108.0,1039.0,0.0,3.0,9.58,83.5,0.0,14.1,14.5
850.618,66,108.0,1039.0,0.0,3.0,9.58,83.5,0.0,14.1,14.5
850.678,66,108.0,1039.0,0.0,3.0,9.58,83.5,0.0,14.1,14.5
850.769,66,108.0,1039.0,0.0,3.0,9.58,83.5,0.0,14.1,14.5
850.83,66,108.0,1039.0,0.0,3.0,9.58,83.5,0.0,14.1,14.5
850.918,66,108.0,1040.0,0.0,3.0,9.58,83.5,0.0,14.1,14.5
850.98,66,108.0,1040.0,0.0,3.0,9.58,83.5,0.0,14.1,14.5
851.067,66,108.0,1040.0,0.0,3.0,9.58,83.5,0.0,14.1,14.5
851.129,66,108.0,1040.0,0.0,3.0,9.58,83.5,0.0,14.1,14.5
851.22,66,108.0,1040.0,0.0,3.0,9.58,83.5,0.0,14.1,14.5
851.28,66,108.0,1040.0,0.0,3.0,9.58,83.5,0.0,14.1,14.5
851.369,66,108.0,1040.0,0.0,3.0,9.58,83.5,0.0,14.5,14.5
851.432,66,108.0,1040.0,0.0,3.0,9.58,83.5,0.0,14.5,14.5
851.518,66,108.0,1040.0,0.0,3.0,9.58,83.5,0.0,14.5,14.5
851.578,66,108.0,1040.0,0.0,3.0,9.58,83.5,0.0,14.5,14.5
851.668,66,108.0,1041.0,0.0,3.0,9.58,83.5,0.0,14.5,14.5
851.731,66,108.0,1041.0,0.0,3.0,9.58,83.5,0.0,14.5,14.5
851.818,66,108.0,1041.0,0.0,3.0,9.58,83.5,0.0,14.5,14.5
851.879,66,108.0,1041.0,0.0,3.0,9.69,83.5,0.0,14.5,14.5
851.97,66,108.0,1041.0,0.0,3.0,9.69,83.5,0.0,14.5,14.5
852.029,66,108.0,1041.0,0.0,3.0,9.69,83.5,0.0,14.5,14.5
852.118,66,108.0,1041.0,0.0,3.0,9.69,83.5,0.0,14.1,14.5
852.178,66,108.0,1041.0,0.0,3.0,9.69,83.5,0.0,14.1,14.5
852.268,66,108.0,1041.0,0.0,3.0,9.69,83.5,0.0,14.1,14.5
852.329,66,108.0,1041.0,0.0,3.0,9.69,83.5,0.0,14.1,14.5
852.418,66,108.0,1040.0,0.0,3.0,9.69,83.5,0.0,14.1,14.5
852.478,66,108.0,1040.0,0.0,3.0,9.69,83.5,0.0,14.1,14.5
852.569,66,108.0,1040.0,0.0,3.0,9.69,83.5,0.0,14.1,14.5
852.63,66,108.0,1040.0,0.0,3.0,9.47,83.5,0.0,14.1,14.5
852.718,66,108.0,1040.0,0.0,3.0,9.47,83.5,0.0,14.1,14.5
852.78,66,108.0,1040.0,0.0,3.0,9.47,83.5,0.0,14.1,14.5
852.868,66,108.0,1040.0,0.0,3.0,9.47,83.5,0.0,14.1,14.5
852.93,66,108.0,1040.0,0.0,3.0,9.47,83.5,0.0,14.1,14.5
853.018,66,108.0,1040.0,0.0,3.0,9.47,83.5,0.0,14.1,14.5
853.079,66,108.0,1040.0,0.0,3.0,9.47,83.5,0.0,14.1,14.5
853.168,66,108.0,1039.0,0.0,3.0,9.47,83.5,0.0,14.1,14.5
853.289,66,108.0,1039.0,0.0,3.0,9.47,83.5,0.0,14.1,14.5
853.378,66,108.0,1039.0,0.0,3.0,9.47,83.5,0.0,14.1,14.5
853.469,66,108.0,1039.0,0.0,3.0,9.74,83.5,0.0,14.1,14.5
853.53,66,108.0,1039.0,0.0,3.0,9.74,83.5,0.0,14.1,14.5
853.618,66,108.0,1039.0,0.0,3.0,9.74,83.5,0.0,14.1,14.5
853.679,66,108.0,1039.0,0.0,3.0,9.74,83.5,0.0,14.1,14.5
853.768,66,108.0,1039.0,0.0,3.0,9.74,83.5,0.0,14.1,14.5
853.83,66,108.0,1039.0,0.0,3.0,9.74,83.5,0.0,14.1,14.5
853.918,66,108.0,1039.0,0.0,3.0,9.74,83.5,0.0,14.1,14.5
854.01,66,108.0,1039.0,0.0,3.0,9.74,83.5,0.0,14.1,14.5
854.127,66,108.0,1039.0,0.0,3.0,9.74,83.5,0.0,14.1,14.5
854.218,66,108.0,1039.0,0.0,3.0,9.74,83.5,0.0,14.1,14.5
854.308,66,108.0,1039.0,0.0,3.0,9.58,83.5,0.0,14.1,14.5
854.398,66,108.0,1039.0,0.0,3.0,9.58,83.5,0.0,14.1,14.5
854.489,66,108.0,1039.0,0.0,3.0,9.58,83.5,0.0,14.1,14.5
854.578,66,108.0,1039.0,0.0,3.0,9.58,83.5,0.0,14.1,14.5
854.668,66,108.0,1039.0,0.0,3.0,9.58,83.5,0.0,14.1,14.5
854.758,66,108.0,1039.0,0.0,3.0,9.58,83.5,0.0,14.1,14.5
854.848,66,108.0,1039.0,0.0,3.0,9.58,83.5,0.0,14.1,14.5
854.939,66,108.0,1039.0,0.0,3.0,9.58,83.5,0.0,14.1,14.5
855.03,66,108.0,1039.0,0.0,3.0,9.58,83.5,0.0,14.1,14.5
855.118,66,108.0,1039.0,0.0,3.0,9.58,83.5,0.0,14.1,14.5
855.209,66,108.0,1039.0,0.0,3.0,9.69,83.5,0.0,14.1,14.5
855.298,66,108.0,1039.0,0.0,3.0,9.69,83.5,0.0,14.1,14.5
855.389,66,108.0,1039.0,0.0,3.0,9.69,83.5,0.0,14.1,14.5
855.478,66,108.0,1039.0,0.0,3.0,9.69,83.5,0.0,14.1,14.5
855.57,66,108.0,1039.0,0.0,3.0,9.69,83.5,0.0,14.1,14.5
855.658,66,108.0,1039.0,0.0,3.0,9.69,83.5,0.0,14.1,14.5
855.75,66,108.0,1039.0,0.0,3.0,9.69,83.5,0.0,14.1,14.5
855.838,66,108.0,1040.0,0.0,3.0,9.69,83.5,0.0,14.1,14.5
855.928,66,108.0,1040.0,0.0,3.0,9.69,83.5,0.0,14.1,14.5
856.018,66,108.0,1040.0,0.0,3.0,9.69,83.5,0.0,14.1,14.5
856.107,66,108.0,1040.0,0.0,3.0,9.52,83.5,0.0,14.1,14.5
856.198,66,108.0,1040.0,0.0,3.0,9.52,83.5,0.0,14.1,14.5
856.288,66,108.0,1040.0,0.0,3.0,9.52,83.5,0.0,14.1,14.5
856.378,66,108.0,1040.0,0.0,3.0,9.52,83.5,0.0,14.1,14.5
856.468,66,108.0,1040.0,0.0,3.0,9.52,83.5,0.0,14.1,14.5
856.558,66,108.0,1040.0,0.0,3.0,9.52,83.5,0.0,14.1,14.5
856.648,66,108.0,1040.0,0.0,3.0,9.52,83.5,0.0,14.1,14.5
856.738,66,108.0,1040.0,0.0,3.0,9.52,83.5,0.0,14.1,14.5
856.828,66,108.0,1040.0,0.0,3.0,9.52,83.5,0.0,14.1,14.5
856.918,66,108.0,1040.0,0.0,3.0,9.52,83.5,0.0,14.1,14.5
857.01,66,108.0,1040.0,0.0,3.0,9.49,83.5,0.0,14.1,14.5
857.097,66,108.0,1040.0,0.0,3.0,9.49,83.5,0.0,14.1,14.5
857.188,66,108.0,1040.0,0.0,3.0,9.49,83.5,0.0,14.1,14.5
857.278,66,108.0,1040.0,0.0,3.0,9.49,83.5,0.0,14.1,14.5
857.369,66,108.0,1040.0,0.0,3.0,9.49,83.5,0.0,14.1,14.5
857.458,66,108.0,1040.0,0.0,3.0,9.49,83.5,0.0,14.1,14.5
857.548,66,108.0,1040.0,0.0,3.0,9.49,83.5,0.0,14.1,14.5
857.638,66,108.0,1040.0,0.0,3.0,9.49,83.5,0.0,14.1,14.5
857.728,66,108.0,1040.0,0.0,3.0,9.49,83.5,0.0,14.1,14.5
857.819,66,108.0,1040.0,0.0,3.0,9.49,83.5,0.0,14.1,14.5
857.909,66,108.0,1040.0,0.0,3.0,9.8,83.5,0.0,14.1,14.5
857.998,66,108.0,1040.0,0.0,3.0,9.8,83.5,0.0,14.1,14.5
858.088,66,108.0,1040.0,0.0,3.0,9.8,83.5,0.0,14.1,14.5
858.298,66,108.0,1040.0,0.0,3.0,9.8,83.5,0.0,14.1,14.5
858.388,66,108.0,1040.0,0.0,3.0,9.8,83.5,0.0,14.1,14.5
858.478,66,108.0,1040.0,0.0,3.0,9.8,83.5,0.0,14.1,14.5
858.568,66,108.0,1040.0,0.0,3.0,9.8,83.5,0.0,14.1,14.5
858.659,66,108.0,1041.0,0.0,3.0,9.8,83.5,0.0,14.1,14.5
858.748,66,108.0,1041.0,0.0,3.0,9.8,83.5,0.0,14.1,14.5
858.838,66,108.0,1041.0,0.0,3.0,9.8,83.5,0.0,14.1,14.5
858.928,66,108.0,1041.0,0.0,3.0,9.72,83.5,0.0,14.1,14.5
859.017,66,108.0,1041.0,0.0,3.0,9.72,83.5,0.0,14.1,14.5
859.108,66,108.0,1041.0,0.0,3.0,9.72,83.5,0.0,14.1,14.5
859.198,66,108.0,1041.0,0.0,3.0,9.72,83.5,0.0,14.1,14.5
859.288,66,108.0,1041.0,0.0,3.0,9.72,83.5,0.0,14.1,14.5
859.378,66,108.0,1041.0,0.0,3.0,9.72,83.5,0.0,14.1,14.5
859.468,66,108.0,1041.0,0.0,3.0,9.72,83.5,0.0,14.1,14.5
859.558,66,108.0,1040.0,0.0,3.0,9.72,83.5,0.0,14.1,14.5
859.649,66,108.0,1040.0,0.0,3.0,9.72,83.5,0.0,14.1,14.5
859.738,66,108.0,1040.0,0.0,3.0,9.72,83.5,0.0,14.1,14.5
859.828,66,108.0,1040.0,0.0,3.0,9.58,83.5,0.0,14.1,14.5
859.918,66,108.0,1040.0,0.0,3.0,9.58,83.5,0.0,14.1,14.5
860.007,66,108.0,1040.0,0.0,3.0,9.58,83.5,0.0,14.1,14.5
860.097,66,108.0,1040.0,0.0,3.0,9.58,83.5,0.0,14.5,14.5
860.188,66,108.0,1040.0,0.0,3.0,9.58,83.5,0.0,14.5,14.5
860.278,66,108.0,1040.0,0.0,3.0,9.58,83.5,0.0,14.5,14.5
860.368,66,108.0,1040.0,0.0,3.0,9.58,83.5,0.0,14.5,14.5
860.458,66,108.0,1042.0,0.0,3.0,9.58,83.5,0.0,14.5,14.5
860.548,66,108.0,1042.0,0.0,3.0,9.58,83.5,0.0,14.5,14.5
860.638,66,108.0,1042.0,0.0,3.0,9.58,83.5,0.0,14.5,14.5
860.728,66,108.0,1042.0,0.0,3.0,9.66,83.5,0.0,14.5,14.5
860.818,66,108.0,1042.0,0.0,3.0,9.66,83.5,0.0,14.5,14.5
860.908,66,108.0,1042.0,0.0,3.0,9.66,83.5,0.0,14.5,14.5
860.997,66,108.0,1042.0,0.0,3.0,9.66,83.5,0.0,24.7,14.5
861.087,66,108.0,1042.0,0.0,3.0,9.66,83.5,0.0,24.7,24.7
861.178,66,108.0,1042.0,0.0,3.0,9.66,83.5,0.0,24.7,24.7
861.268,66,111.0,1042.0,0.0,3.0,9.66,83.5,0.0,24.7,24.7
861.358,66,111.0,1236.0,0.0,3.0,9.66,83.5,0.0,24.7,24.7
861.448,66,111.0,1236.0,1.0,3.0,9.66,83.5,0.0,24.7,24.7
861.538,66,111.0,1236.0,1.0,3.0,9.66,83.5,0.0,24.7,24.7
861.628,66,111.0,1236.0,1.0,3.0,16.91,83.5,0.0,24.7,24.7
861.718,66,111.0,1236.0,1.0,3.0,16.91,83.5,0.0,24.7,24.7
861.809,66,111.0,1236.0,1.0,3.0,16.91,83.5,0.0,24.7,24.7
861.898,66,111.0,1236.0,1.0,3.0,16.91,83.5,0.0,24.7,24.7
861.987,66,111.0,1236.0,1.0,3.0,16.91,83.5,0.0,24.7,24.7
862.077,66,111.0,1236.0,1.0,3.0,16.91,83.5,0.0,24.7,24.7
862.198,66,120.0,1236.0,1.0,3.0,16.91,83.5,0.0,24.7,24.7
862.288,66,120.0,1175.0,1.0,3.0,16.91,83.5,0.0,24.7,24.7
862.378,66,120.0,1175.0,10.0,3.0,16.91,83.5,0.0,24.7,24.7
862.467,66,120.0,1175.0,10.0,7.0,16.91,83.5,0.0,24.7,24.7
862.558,66,120.0,1175.0,10.0,7.0,28.27,83.5,0.0,24.7,24.7
862.648,66,120.0,1175.0,10.0,7.0,28.27,83.5,0.0,24.7,24.7
862.738,66,120.0,1175.0,10.0,7.0,28.27,83.5,0.0,24.7,24.7
862.828,66,120.0,1175.0,10.0,7.0,28.27,83.5,0.0,43.1,24.7
862.918,66,120.0,1175.0,10.0,7.0,28.27,83.5,0.0,43.1,44.3
863.008,66,120.0,1175.0,10.0,7.0,28.27,83.5,0.0,43.1,44.3
863.097,66,144.0,1175.0,10.0,7.0,28.27,83.5,0.0,43.1,44.3
863.188,66,144.0,2061.0,10.0,7.0,28.27,83.5,0.0,43.1,44.3
863.308,66,144.0,2061.0,18.0,7.0,28.27,83.5,0.0,43.1,44.3
863.398,66,144.0,2061.0,18.0,8.0,28.27,83.5,0.0,43.1,44.3
863.487,66,144.0,2061.0,18.0,8.0,32.77,83.5,0.0,43.1,44.3
863.578,66,144.0,2061.0,18.0,8.0,32.77,52.9,0.0,43.1,44.3
863.668,66,144.0,2061.0,18.0,8.0,32.77,52.9,0.0,43.1,44.3
863.758,66,144.0,2061.0,18.0,8.0,32.77,52.9,0.0,14.1,44.3
863.848,66,144.0,2061.0,18.0,8.0,32.77,52.9,0.0,14.1,14.5
863.938,66,144.0,2061.0,18.0,8.0,32.77,52.9,0.0,14.1,14.5
864.028,66,102.0,2061.0,18.0,8.0,32.77,52.9,0.0,14.1,14.5
864.117,66,102.0,1632.0,18.0,8.0,32.77,52.9,0.0,14.1,14.5
864.208,66,102.0,1632.0,20.0,8.0,32.77,52.9,0.0,14.1,14.5
864.298,66,102.0,1632.0,20.0,9.0,32.77,52.9,0.0,14.1,14.5
864.387,66,102.0,1632.0,20.0,9.0,25.05,52.9,0.0,14.1,14.5
864.478,66,102.0,1632.0,20.0,9.0,25.05,80.8,0.0,14.1,14.5
864.568,66,102.0,1632.0,20.0,9.0,25.05,80.8,0.0,14.1,14.5
864.658,66,102.0,1632.0,20.0,9.0,25.05,80.8,0.0,56.5,14.5
864.748,66,102.0,1632.0,20.0,9.0,25.05,80.8,0.0,56.5,59.6
864.838,66,102.0,1632.0,20.0,9.0,25.05,80.8,0.0,56.5,59.6
864.928,66,133.0,1632.0,20.0,9.0,25.05,80.8,0.0,56.5,59.6
865.018,66,133.0,1539.0,20.0,9.0,25.05,80.8,0.0,56.5,59.6
865.107,66,133.0,1539.0,27.0,9.0,25.05,80.8,0.0,56.5,59.6
865.197,66,133.0,1539.0,27.0,9.0,25.05,80.8,0.0,56.5,59.6
865.287,66,133.0,1539.0,27.0,9.0,42.74,80.8,0.0,56.5,59.6
865.377,66,133.0,1539.0,27.0,9.0,42.74,83.5,0.0,56.5,59.6
865.467,66,133.0,1539.0,27.0,9.0,42.74,83.5,0.0,56.5,59.6
865.557,66,133.0,1539.0,27.0,9.0,42.74,83.5,0.0,58.8,59.6
865.649,66,133.0,1539.0,27.0,9.0,42.74,83.5,0.0,58.8,58.8
865.738,66,133.0,1539.0,27.0,9.0,42.74,83.5,0.0,58.8,58.8
866.153,66,222.0,1539.0,27.0,9.0,42.74,83.5,0.0,58.8,58.8
866.169,66,222.0,2271.0,27.0,9.0,42.74,83.5,0.0,58.8,58.8
866.247,66,222.0,2271.0,39.0,9.0,42.74,83.5,0.0,58.8,58.8
866.337,66,222.0,2271.0,39.0,12.0,42.74,83.5,0.0,58.8,58.8
866.438,66,222.0,2271.0,39.0,12.0,86.36,83.5,0.0,58.8,58.8
866.518,66,222.0,2271.0,39.0,12.0,86.36,83.5,0.0,58.8,58.8
866.608,66,222.0,2271.0,39.0,12.0,86.36,83.5,0.0,58.8,58.8
866.698,66,222.0,2271.0,39.0,12.0,86.36,83.5,0.0,51.8,58.8
866.788,66,222.0,2271.0,39.0,12.0,86.36,83.5,0.0,51.8,51.8
866.878,66,222.0,2271.0,39.0,12.0,86.36,83.5,0.0,51.8,51.8
866.968,66,209.0,2271.0,39.0,12.0,86.36,83.5,0.0,51.8,51.8
867.057,66,209.0,2735.0,39.0,12.0,86.36,83.5,0.0,51.8,51.8
867.147,66,209.0,2735.0,48.0,12.0,86.36,83.5,0.0,51.8,51.8
867.238,66,209.0,2735.0,48.0,12.0,86.36,83.5,0.0,51.8,51.8
867.328,66,209.0,2735.0,48.0,12.0,48.72,83.5,0.0,51.8,51.8
867.418,66,209.0,2735.0,48.0,12.0,48.72,31.0,0.0,51.8,51.8
867.508,66,209.0,2735.0,48.0,12.0,48.72,31.0,0.0,51.8,51.8
867.598,66,209.0,2735.0,48.0,12.0,48.72,31.0,0.0,22.7,51.8
867.688,66,209.0,2735.0,48.0,12.0,48.72,31.0,0.0,22.7,34.5
867.778,66,209.0,2735.0,48.0,12.0,48.72,31.0,0.0,22.7,34.5
867.868,66,91.0,2735.0,48.0,12.0,48.72,31.0,0.0,22.7,34.5
867.957,66,91.0,1915.0,48.0,12.0,48.72,31.0,0.0,22.7,34.5
868.047,66,91.0,1915.0,48.0,12.0,48.72,31.0,0.0,22.7,34.5
868.137,66,91.0,1915.0,48.0,10.0,48.72,31.0,0.0,22.7,34.5
868.257,66,91.0,1915.0,48.0,10.0,35.77,31.0,0.0,22.7,34.5
868.347,66,91.0,1915.0,48.0,10.0,35.77,83.1,0.0,22.7,34.5
868.437,66,91.0,1915.0,48.0,10.0,35.77,83.1,0.0,22.7,34.5
868.528,66,91.0,1915.0,48.0,10.0,35.77,83.1,0.0,55.7,34.5
868.618,66,91.0,1915.0,48.0,10.0,35.77,83.1,0.0,55.7,56.5
868.708,66,91.0,1915.0,48.0,10.0,35.77,83.1,0.0,55.7,56.5
868.798,66,188.0,1915.0,48.0,10.0,35.77,83.1,0.0,55.7,56.5
868.888,66,188.0,1993.0,48.0,10.0,35.77,83.1,0.0,55.7,56.5
868.978,66,188.0,1993.0,53.0,10.0,35.77,83.1,0.0,55.7,56.5
869.068,66,188.0,1993.0,53.0,8.0,35.77,83.1,0.0,55.7,56.5
869.187,66,188.0,1993.0,53.0,8.0,77.24,83.1,0.0,55.7,56.5
869.278,66,188.0,1993.0,53.0,8.0,77.24,83.5,0.0,55.7,56.5
869.368,66,188.0,1993.0,53.0,8.0,77.24,83.5,0.0,55.7,56.5
869.458,66,188.0,1993.0,53.0,8.0,77.24,83.5,0.0,14.1,56.5
869.548,66,188.0,1993.0,53.0,8.0,77.24,83.5,0.0,14.1,14.5
869.639,66,188.0,1993.0,53.0,8.0,77.24,83.5,0.0,14.1,14.5
869.728,66,119.0,1993.0,53.0,8.0,77.24,83.5,0.0,14.1,14.5
869.818,66,119.0,1791.0,53.0,8.0,77.24,83.5,0.0,14.1,14.5
869.908,66,119.0,1791.0,56.0,8.0,77.24,83.5,0.0,14.1,14.5
869.998,66,119.0,1791.0,56.0,10.0,77.24,83.5,0.0,14.1,14.5
870.117,66,119.0,1791.0,56.0,10.0,25.47,83.5,0.0,14.1,14.5
870.208,66,119.0,1791.0,56.0,10.0,25.47,31.0,0.0,14.1,14.5
870.298,66,119.0,1791.0,56.0,10.0,25.47,31.0,0.0,14.1,14.5
870.388,66,119.0,1791.0,56.0,10.0,25.47,31.0,0.0,14.1,14.5
870.478,66,119.0,1791.0,56.0,10.0,25.47,31.0,0.0,14.1,14.5
870.568,66,119.0,1791.0,56.0,10.0,25.47,31.0,0.0,14.1,14.5
870.658,66,110.0,1791.0,56.0,10.0,25.47,31.0,0.0,14.1,14.5
870.748,66,110.0,1418.0,56.0,10.0,25.47,31.0,0.0,14.1,14.5
870.838,66,110.0,1418.0,55.0,10.0,25.47,31.0,0.0,14.1,14.5
870.928,66,110.0,1418.0,55.0,7.0,25.47,31.0,0.0,14.1,14.5
871.018,66,110.0,1418.0,55.0,7.0,12.22,31.0,0.0,14.1,14.5
871.107,66,110.0,1418.0,55.0,7.0,12.22,83.5,0.0,14.1,14.5
871.199,66,110.0,1418.0,55.0,7.0,12.22,83.5,0.0,14.1,14.5
871.288,66,110.0,1418.0,55.0,7.0,12.22,83.5,0.0,14.1,14.5
871.378,66,110.0,1418.0,55.0,7.0,12.22,83.5,0.0,14.1,14.5
871.467,67,110.0,1418.0,55.0,7.0,12.22,83.5,0.0,14.1,14.5
871.558,67,113.0,1418.0,55.0,7.0,12.22,83.5,0.0,14.1,14.5
871.648,67,113.0,1382.0,55.0,7.0,12.22,83.5,0.0,14.1,14.5
871.738,67,113.0,1382.0,54.0,7.0,12.22,83.5,0.0,14.1,14.5
871.828,67,113.0,1382.0,54.0,3.0,12.22,83.5,0.0,14.1,14.5
871.917,67,113.0,1382.0,54.0,3.0,13.16,83.5,0.0,14.1,14.5
872.008,67,113.0,1382.0,54.0,3.0,13.16,83.5,0.0,14.1,14.5
872.097,67,113.0,1382.0,54.0,3.0,13.16,83.5,0.0,14.1,14.5
872.188,67,113.0,1382.0,54.0,3.0,13.16,83.5,0.0,14.1,14.5
872.278,67,113.0,1382.0,54.0,3.0,13.16,83.5,0.0,14.1,14.5
872.368,67,113.0,1382.0,54.0,3.0,13.16,83.5,0.0,14.1,14.5
872.458,67,110.0,1382.0,54.0,3.0,13.16,83.5,0.0,14.1,14.5
872.548,67,110.0,1369.0,54.0,3.0,13.16,83.5,0.0,14.1,14.5
872.638,67,110.0,1369.0,53.0,3.0,13.16,83.5,0.0,14.1,14.5
872.728,67,110.0,1369.0,53.0,2.0,13.16,83.5,0.0,14.1,14.5
872.818,67,110.0,1369.0,53.0,2.0,12.08,83.5,0.0,14.1,14.5
872.908,67,110.0,1369.0,53.0,2.0,12.08,83.5,0.0,14.1,14.5
872.998,67,110.0,1369.0,53.0,2.0,12.08,83.5,0.0,14.1,14.5
873.088,67,110.0,1369.0,53.0,2.0,12.08,83.5,0.0,14.1,14.5
873.208,67,110.0,1369.0,53.0,2.0,12.08,83.5,0.0,14.1,14.5
873.328,67,110.0,1369.0,53.0,2.0,12.08,83.5,0.0,14.1,14.5
873.418,67,107.0,1369.0,53.0,2.0,12.08,83.5,0.0,14.1,14.5
873.509,67,107.0,1370.0,53.0,2.0,12.08,83.5,0.0,14.1,14.5
873.598,67,107.0,1370.0,53.0,2.0,12.08,83.5,0.0,14.1,14.5
873.688,67,107.0,1370.0,53.0,3.0,12.08,83.5,0.0,14.1,14.5
873.778,67,107.0,1370.0,53.0,3.0,11.63,83.5,0.0,14.1,14.5
873.868,67,107.0,1370.0,53.0,3.0,11.63,83.5,0.0,14.1,14.5
873.958,67,107.0,1370.0,53.0,3.0,11.63,83.5,0.0,14.1,14.5
874.048,67,107.0,1370.0,53.0,3.0,11.63,83.5,0.0,14.1,14.5
874.138,67,107.0,1370.0,53.0,3.0,11.63,83.5,0.0,14.1,14.5
874.228,67,107.0,1370.0,53.0,3.0,11.63,83.5,0.0,14.1,14.5
874.318,67,109.0,1370.0,53.0,3.0,11.63,83.5,0.0,14.1,14.5
874.408,67,109.0,1370.0,53.0,3.0,11.63,83.5,0.0,14.1,14.5
874.498,67,109.0,1370.0,53.0,3.0,11.63,83.5,0.0,14.1,14.5
874.588,67,109.0,1370.0,53.0,3.0,11.63,83.5,0.0,14.1,14.5
874.678,67,109.0,1370.0,53.0,3.0,11.83,83.5,0.0,14.1,14.5
874.768,67,109.0,1370.0,53.0,3.0,11.83,83.5,0.0,14.1,14.5
874.858,67,109.0,1370.0,53.0,3.0,11.83,83.5,0.0,14.1,14.5
874.948,67,109.0,1370.0,53.0,3.0,11.83,83.5,0.0,14.1,14.5
875.038,67,109.0,1370.0,53.0,3.0,11.83,83.5,0.0,14.1,14.5
875.128,67,109.0,1370.0,53.0,3.0,11.83,83.5,0.0,14.1,14.5
875.218,67,110.0,1370.0,53.0,3.0,11.83,83.5,0.0,14.1,14.5
875.308,67,110.0,1369.0,53.0,3.0,11.83,83.5,0.0,14.1,14.5
875.398,67,110.0,1369.0,53.0,3.0,11.83,83.5,0.0,14.1,14.5
875.488,67,110.0,1369.0,53.0,3.0,11.83,83.5,0.0,14.1,14.5
875.578,67,110.0,1369.0,53.0,3.0,11.88,83.5,0.0,14.1,14.5
875.668,67,110.0,1369.0,53.0,3.0,11.88,83.5,0.0,14.1,14.5
875.758,67,110.0,1369.0,53.0,3.0,11.88,83.5,0.0,14.1,14.5
875.849,67,110.0,1369.0,53.0,3.0,11.88,83.5,0.0,14.1,14.5
875.938,67,110.0,1369.0,53.0,3.0,11.88,83.5,0.0,14.1,14.5
876.028,67,110.0,1369.0,53.0,3.0,11.88,83.5,0.0,14.1,14.5
876.148,67,111.0,1369.0,53.0,3.0,11.88,83.5,0.0,14.1,14.5
876.239,67,111.0,1371.0,53.0,3.0,11.88,83.5,0.0,14.1,14.5
876.328,67,111.0,1371.0,53.0,3.0,11.88,83.5,0.0,14.1,14.5
876.418,67,111.0,1371.0,53.0,3.0,11.88,83.5,0.0,14.1,14.5
876.508,67,111.0,1371.0,53.0,3.0,12.02,83.5,0.0,14.1,14.5
876.598,67,111.0,1371.0,53.0,3.0,12.02,83.5,0.0,14.1,14.5
876.688,67,111.0,1371.0,53.0,3.0,12.02,83.5,0.0,14.1,14.5
876.779,67,111.0,1371.0,53.0,3.0,12.02,83.5,0.0,14.1,14.5
876.868,67,111.0,1371.0,53.0,3.0,12.02,83.5,0.0,14.1,14.5
876.958,67,111.0,1371.0,53.0,3.0,12.02,83.5,0.0,14.1,14.5
877.048,67,113.0,1371.0,53.0,3.0,12.02,83.5,0.0,14.1,14.5
877.138,67,113.0,1367.0,53.0,3.0,12.02,83.5,0.0,14.1,14.5
877.228,67,113.0,1367.0,53.0,3.0,12.02,83.5,0.0,14.1,14.5
877.318,67,113.0,1367.0,53.0,4.0,12.02,83.5,0.0,14.1,14.5
877.408,67,113.0,1367.0,53.0,4.0,12.02,83.5,0.0,14.1,14.5
877.498,67,113.0,1367.0,53.0,4.0,12.02,83.5,0.0,14.1,14.5
877.588,67,113.0,1367.0,53.0,4.0,12.02,83.5,0.0,14.1,14.5
877.678,67,113.0,1367.0,53.0,4.0,12.02,83.5,0.0,14.1,14.5
877.768,67,113.0,1367.0,53.0,4.0,12.02,83.5,0.0,14.1,14.5
877.858,67,113.0,1367.0,53.0,4.0,12.02,83.5,0.0,14.1,14.5
877.948,67,114.0,1367.0,53.0,4.0,12.02,83.5,0.0,14.1,14.5
878.037,67,114.0,1367.0,53.0,4.0,12.02,83.5,0.0,14.1,14.5
878.158,67,114.0,1367.0,53.0,4.0,12.02,83.5,0.0,14.1,14.5
878.248,67,114.0,1367.0,53.0,4.0,12.02,83.5,0.0,14.1,14.5
878.338,67,114.0,1367.0,53.0,4.0,11.97,83.5,0.0,14.1,14.5
878.428,67,114.0,1367.0,53.0,4.0,11.97,83.5,0.0,14.1,14.5
878.518,67,114.0,1367.0,53.0,4.0,11.97,83.5,0.0,14.1,14.5
878.608,67,114.0,1367.0,53.0,4.0,11.97,83.5,0.0,14.5,14.5
878.698,67,114.0,1367.0,53.0,4.0,11.97,83.5,0.0,14.5,14.5
878.788,67,114.0,1367.0,53.0,4.0,11.97,83.5,0.0,14.5,14.5
878.878,67,114.0,1367.0,53.0,4.0,11.97,83.5,0.0,14.5,14.5
878.967,67,114.0,1369.0,53.0,4.0,11.97,83.5,0.0,14.5,14.5
879.058,67,114.0,1369.0,53.0,4.0,11.97,83.5,0.0,14.5,14.5
879.148,67,114.0,1369.0,53.0,4.0,11.97,83.5,0.0,14.5,14.5
879.238,67,114.0,1369.0,53.0,4.0,12.13,83.5,0.0,14.5,14.5
879.328,67,114.0,1369.0,53.0,4.0,12.13,83.5,0.0,14.5,14.5
879.418,67,114.0,1369.0,53.0,4.0,12.13,83.5,0.0,14.5,14.5
879.508,67,114.0,1369.0,53.0,4.0,12.13,83.5,0.0,14.1,14.5
879.598,67,114.0,1369.0,53.0,4.0,12.13,83.5,0.0,14.1,14.1
879.689,67,114.0,1369.0,53.0,4.0,12.13,83.5,0.0,14.1,14.1
879.778,67,114.0,1369.0,53.0,4.0,12.13,83.5,0.0,14.1,14.1
879.868,67,114.0,1374.0,53.0,4.0,12.13,83.5,0.0,14.1,14.1
879.958,67,114.0,1374.0,53.0,4.0,12.13,83.5,0.0,14.1,14.1
880.047,67,114.0,1374.0,53.0,4.0,12.13,83.5,0.0,14.1,14.1
880.138,67,114.0,1374.0,53.0,4.0,12.05,83.5,0.0,14.1,14.1
880.228,67,114.0,1374.0,53.0,4.0,12.05,83.5,0.0,14.1,14.1
880.318,67,114.0,1374.0,53.0,4.0,12.05,83.5,0.0,14.1,14.1
880.409,67,114.0,1374.0,53.0,4.0,12.05,83.5,0.0,14.1,14.1
880.498,67,114.0,1374.0,53.0,4.0,12.05,83.5,0.0,14.1,14.5
880.588,67,114.0,1374.0,53.0,4.0,12.05,83.5,0.0,14.1,14.5
880.678,67,114.0,1374.0,53.0,4.0,12.05,83.5,0.0,14.1,14.5
880.768,67,114.0,1373.0,53.0,4.0,12.05,83.5,0.0,14.1,14.5
880.86,67,114.0,1373.0,53.0,4.0,12.05,83.5,0.0,14.1,14.5
880.947,67,114.0,1373.0,53.0,4.0,12.05,83.5,0.0,14.1,14.5
881.037,67,114.0,1373.0,53.0,4.0,12.33,83.5,0.0,14.1,14.5
881.128,67,114.0,1373.0,53.0,4.0,12.33,83.5,0.0,14.1,14.5
881.218,67,114.0,1373.0,53.0,4.0,12.33,83.5,0.0,14.1,14.5
881.31,67,114.0,1373.0,53.0,4.0,12.33,83.5,0.0,14.1,14.5
881.398,67,114.0,1373.0,53.0,4.0,12.33,83.5,0.0,14.1,14.5
881.488,67,114.0,1373.0,53.0,4.0,12.33,83.5,0.0,14.1,14.5
881.578,67,115.0,1373.0,53.0,4.0,12.33,83.5,0.0,14.1,14.5
881.668,67,115.0,1377.0,53.0,4.0,12.33,83.5,0.0,14.1,14.5
881.758,67,115.0,1377.0,54.0,4.0,12.33,83.5,0.0,14.1,14.5
881.848,67,115.0,1377.0,54.0,4.0,12.33,83.5,0.0,14.1,14.5
881.938,67,115.0,1377.0,54.0,4.0,12.13,83.5,0.0,14.1,14.5
882.027,67,115.0,1377.0,54.0,4.0,12.13,83.5,0.0,14.1,14.5
882.118,67,115.0,1377.0,54.0,4.0,12.13,83.5,0.0,14.1,14.5
882.208,67,115.0,1377.0,54.0,4.0,12.13,83.5,0.0,14.1,14.5
882.298,67,115.0,1377.0,54.0,4.0,12.13,83.5,0.0,14.1,14.5
882.388,67,115.0,1377.0,54.0,4.0,12.13,83.5,0.0,14.1,14.5
882.508,67,115.0,1377.0,54.0,4.0,12.13,83.5,0.0,14.1,14.5
882.598,67,115.0,1377.0,54.0,4.0,12.13,83.5,0.0,14.1,14.5
882.688,67,115.0,1377.0,53.0,4.0,12.13,83.5,0.0,14.1,14.5
882.781,67,115.0,1377.0,53.0,4.0,12.13,83.5,0.0,14.1,14.5
882.868,67,115.0,1377.0,53.0,4.0,12.3,83.5,0.0,14.1,14.5
882.957,67,115.0,1377.0,53.0,4.0,12.3,83.5,0.0,14.1,14.5
883.048,67,115.0,1377.0,53.0,4.0,12.3,83.5,0.0,14.1,14.5
883.138,67,115.0,1377.0,53.0,4.0,12.3,83.5,0.0,14.1,14.5
883.258,67,115.0,1377.0,53.0,4.0,12.3,83.5,0.0,14.1,14.5
883.348,67,115.0,1377.0,53.0,4.0,12.3,83.5,0.0,14.1,14.5
883.438,67,115.0,1377.0,53.0,4.0,12.3,83.5,0.0,14.1,14.5
883.528,67,115.0,1383.0,53.0,4.0,12.3,83.5,0.0,14.1,14.5
883.618,67,115.0,1383.0,54.0,4.0,12.3,83.5,0.0,14.1,14.5
883.708,67,115.0,1383.0,54.0,4.0,12.3,83.5,0.0,14.1,14.5
883.798,67,115.0,1383.0,54.0,4.0,12.36,83.5,0.0,14.1,14.5
883.888,67,115.0,1383.0,54.0,4.0,12.36,83.5,0.0,14.1,14.5
883.977,67,115.0,1383.0,54.0,4.0,12.36,83.5,0.0,14.1,14.5
884.098,67,115.0,1383.0,54.0,4.0,12.36,83.5,0.0,14.1,14.5
884.188,67,115.0,1383.0,54.0,4.0,12.36,83.5,0.0,14.1,14.5
884.278,67,115.0,1383.0,54.0,4.0,12.36,83.5,0.0,14.1,14.5
884.367,67,115.0,1383.0,54.0,4.0,12.36,83.5,0.0,14.1,14.5
884.458,67,115.0,1379.0,54.0,4.0,12.36,83.5,0.0,14.1,14.5
884.548,67,115.0,1379.0,54.0,4.0,12.36,83.5,0.0,14.1,14.5
884.638,67,115.0,1379.0,54.0,4.0,12.36,83.5,0.0,14.1,14.5
884.728,67,115.0,1379.0,54.0,4.0,12.02,83.5,0.0,14.1,14.5
884.818,67,115.0,1379.0,54.0,4.0,12.02,83.5,0.0,14.1,14.5
884.91,67,115.0,1379.0,54.0,4.0,12.02,83.5,0.0,14.1,14.5
884.998,67,115.0,1379.0,54.0,4.0,12.02,83.5,0.0,14.1,14.5
885.088,67,115.0,1379.0,54.0,4.0,12.02,83.5,0.0,14.1,14.5
885.178,67,115.0,1379.0,54.0,4.0,12.02,83.5,0.0,14.1,14.5
885.268,67,115.0,1379.0,54.0,4.0,12.02,83.5,0.0,14.1,14.5
885.358,67,115.0,1385.0,54.0,4.0,12.02,83.5,0.0,14.1,14.5
885.449,67,115.0,1385.0,54.0,4.0,12.02,83.5,0.0,14.1,14.5
885.538,67,115.0,1385.0,54.0,4.0,12.02,83.5,0.0,14.1,14.5
885.628,67,115.0,1385.0,54.0,4.0,12.27,83.5,0.0,14.1,14.5
885.717,67,115.0,1385.0,54.0,4.0,12.27,83.5,0.0,14.1,14.5
885.808,67,115.0,1385.0,54.0,4.0,12.27,83.5,0.0,14.1,14.5
885.899,67,115.0,1385.0,54.0,4.0,12.27,83.5,0.0,14.1,14.5
885.989,67,115.0,1385.0,54.0,4.0,12.27,83.5,0.0,14.1,14.5
886.078,67,115.0,1385.0,54.0,4.0,12.27,83.5,0.0,14.1,14.5
886.168,67,111.0,1385.0,54.0,4.0,12.27,83.5,0.0,14.1,14.5
886.258,67,111.0,1337.0,54.0,4.0,12.27,83.5,0.0,14.1,14.5
886.348,67,111.0,1337.0,52.0,4.0,12.27,83.5,0.0,14.1,14.5
886.437,67,111.0,1337.0,52.0,4.0,12.27,83.5,0.0,14.1,14.5
886.528,67,111.0,1337.0,52.0,4.0,11.88,83.5,0.0,14.1,14.5
886.618,67,111.0,1337.0,52.0,4.0,11.88,83.5,0.0,14.1,14.5
886.707,67,111.0,1337.0,52.0,4.0,11.88,83.5,0.0,14.1,14.5
886.797,67,111.0,1337.0,52.0,4.0,11.88,83.5,0.0,14.1,14.5
886.888,67,111.0,1337.0,52.0,4.0,11.88,83.5,0.0,14.1,14.5
886.977,68,111.0,1337.0,52.0,4.0,11.88,83.5,0.0,14.1,14.5
887.068,68,112.0,1337.0,52.0,4.0,11.88,83.5,0.0,14.1,14.5
887.158,68,112.0,1251.0,52.0,4.0,11.88,83.5,0.0,14.1,14.5
887.248,68,112.0,1251.0,48.0,4.0,11.88,83.5,0.0,14.1,14.5
887.338,68,112.0,1251.0,48.0,4.0,11.88,83.5,0.0,14.1,14.5
887.428,68,112.0,1251.0,48.0,4.0,11.36,83.5,0.0,14.1,14.5
887.518,68,112.0,1251.0,48.0,4.0,11.36,83.5,0.0,14.1,14.5
887.608,68,112.0,1251.0,48.0,4.0,11.36,83.5,0.0,14.1,14.5
887.699,68,112.0,1251.0,48.0,4.0,11.36,83.5,0.0,14.1,14.5
887.788,68,112.0,1251.0,48.0,4.0,11.36,83.5,0.0,14.1,14.5
887.877,68,112.0,1251.0,48.0,4.0,11.36,83.5,0.0,14.1,14.5
887.968,68,111.0,1251.0,48.0,4.0,11.36,83.5,0.0,14.1,14.5
888.058,68,111.0,1203.0,48.0,4.0,11.36,83.5,0.0,14.1,14.5
888.148,68,111.0,1203.0,47.0,4.0,11.36,83.5,0.0,14.1,14.5
888.299,68,111.0,1203.0,47.0,4.0,11.36,83.5,0.0,14.1,14.5
888.388,68,111.0,1203.0,47.0,4.0,10.86,83.5,0.0,14.1,14.5
888.478,68,111.0,1203.0,47.0,4.0,10.86,83.5,0.0,14.1,14.5
888.568,68,111.0,1203.0,47.0,4.0,10.86,83.5,0.0,14.1,14.5
888.659,68,111.0,1203.0,47.0,4.0,10.86,83.5,0.0,14.1,14.5
888.749,68,111.0,1203.0,47.0,4.0,10.86,83.5,0.0,14.1,14.5
888.837,68,111.0,1203.0,47.0,4.0,10.86,83.5,0.0,14.1,14.5
888.928,68,109.0,1203.0,47.0,4.0,10.86,83.5,0.0,14.1,14.5
889.017,68,109.0,1159.0,47.0,4.0,10.86,83.5,0.0,14.1,14.5
889.108,68,109.0,1159.0,45.0,4.0,10.86,83.5,0.0,14.1,14.5
889.199,68,109.0,1159.0,45.0,4.0,10.86,83.5,0.0,14.1,14.5
889.288,68,109.0,1159.0,45.0,4.0,10.63,83.5,0.0,14.1,14.5
889.378,68,109.0,1159.0,45.0,4.0,10.63,83.5,0.0,14.1,14.5
889.468,68,109.0,1159.0,45.0,4.0,10.63,83.5,0.0,14.1,14.5
889.559,68,109.0,1159.0,45.0,4.0,10.63,83.5,0.0,14.1,14.5
889.648,68,109.0,1159.0,45.0,4.0,10.63,83.5,0.0,14.1,14.5
889.741,68,109.0,1159.0,45.0,4.0,10.63,83.5,0.0,14.1,14.5
889.828,68,108.0,1159.0,45.0,4.0,10.63,83.5,0.0,14.1,14.5
889.918,68,108.0,1114.0,45.0,4.0,10.63,83.5,0.0,14.1,14.5
890.007,68,108.0,1114.0,43.0,4.0,10.63,83.5,0.0,14.1,14.5
890.098,68,108.0,1114.0,43.0,4.0,10.63,83.5,0.0,14.1,14.5
890.189,68,108.0,1114.0,43.0,4.0,10.24,83.5,0.0,14.1,14.5
890.279,68,108.0,1114.0,43.0,4.0,10.24,83.5,0.0,14.1,14.5
890.368,68,108.0,1114.0,43.0,4.0,10.24,83.5,0.0,14.1,14.5
890.459,68,108.0,1114.0,43.0,4.0,10.24,83.5,0.0,14.1,14.5
890.548,68,108.0,1114.0,43.0,4.0,10.24,83.5,0.0,14.1,14.5
890.639,68,108.0,1114.0,43.0,4.0,10.24,83.5,0.0,14.1,14.5
890.728,68,107.0,1114.0,43.0,4.0,10.24,83.5,0.0,14.1,14.5
890.82,68,107.0,1073.0,43.0,4.0,10.24,83.5,0.0,14.1,14.5
890.908,68,107.0,1073.0,41.0,4.0,10.24,83.5,0.0,14.1,14.5
890.997,68,107.0,1073.0,41.0,4.0,10.24,83.5,0.0,14.1,14.5
891.087,68,107.0,1073.0,41.0,4.0,9.58,83.5,0.0,14.1,14.5
891.178,68,107.0,1073.0,41.0,4.0,9.58,83.5,0.0,14.1,14.5
891.268,68,107.0,1073.0,41.0,4.0,9.58,83.5,0.0,14.1,14.5
891.358,68,107.0,1073.0,41.0,4.0,9.58,83.5,0.0,14.1,14.5
891.448,68,107.0,1073.0,41.0,4.0,9.58,83.5,0.0,14.1,14.5
891.539,68,107.0,1073.0,41.0,4.0,9.58,83.5,0.0,14.1,14.5
891.629,68,107.0,1073.0,41.0,4.0,9.58,83.5,0.0,14.1,14.5
891.719,68,107.0,1003.0,41.0,4.0,9.58,83.5,0.0,14.1,14.5
891.808,68,107.0,1003.0,36.0,4.0,9.58,83.5,0.0,14.1,14.5
891.899,68,107.0,1003.0,36.0,3.0,9.58,83.5,0.0,14.1,14.5
891.987,68,107.0,1003.0,36.0,3.0,9.36,83.5,0.0,14.1,14.5
892.077,68,107.0,1003.0,36.0,3.0,9.36,83.5,0.0,14.1,14.5
892.167,68,107.0,1003.0,36.0,3.0,9.36,83.5,0.0,14.1,14.5
892.259,68,107.0,1003.0,36.0,3.0,9.36,83.5,0.0,14.1,14.5
892.348,68,107.0,1003.0,36.0,3.0,9.36,83.5,0.0,14.1,14.5
892.439,68,107.0,1003.0,36.0,3.0,9.36,83.5,0.0,14.1,14.5
892.528,68,107.0,1003.0,36.0,3.0,9.36,83.5,0.0,14.1,14.5
892.619,68,107.0,1027.0,36.0,3.0,9.36,83.5,0.0,14.1,14.5
892.708,68,107.0,1027.0,31.0,3.0,9.36,83.5,0.0,14.1,14.5
892.8,68,107.0,1027.0,31.0,2.0,9.36,83.5,0.0,14.1,14.5
892.888,68,107.0,1027.0,31.0,2.0,9.33,83.5,0.0,14.1,14.5
892.978,68,107.0,1027.0,31.0,2.0,9.33,83.5,0.0,14.1,14.5
893.067,68,107.0,1027.0,31.0,2.0,9.33,83.5,0.0,14.1,14.5
893.158,68,107.0,1027.0,31.0,2.0,9.33,83.5,0.0,14.1,14.5
893.248,68,107.0,1027.0,31.0,2.0,9.33,83.5,0.0,14.1,14.5
893.339,68,107.0,1027.0,31.0,2.0,9.33,83.5,0.0,14.1,14.5
893.428,68,108.0,1027.0,31.0,2.0,9.33,83.5,0.0,14.1,14.5
893.519,68,108.0,1036.0,31.0,2.0,9.33,83.5,0.0,14.1,14.5
893.608,68,108.0,1036.0,25.0,2.0,9.33,83.5,0.0,14.1,14.5
893.699,68,108.0,1036.0,25.0,2.0,9.33,83.5,0.0,14.1,14.5
893.788,68,108.0,1036.0,25.0,2.0,9.44,83.5,0.0,14.1,14.5
893.879,68,108.0,1036.0,25.0,2.0,9.44,83.5,0.0,14.1,14.5
893.968,68,108.0,1036.0,25.0,2.0,9.44,83.5,0.0,14.1,14.5
894.058,68,108.0,1036.0,25.0,2.0,9.44,83.5,0.0,14.1,14.5
894.148,68,108.0,1036.0,25.0,2.0,9.44,83.5,0.0,14.1,14.5
894.238,68,108.0,1036.0,25.0,2.0,9.44,83.5,0.0,14.1,14.5
894.328,68,108.0,1036.0,25.0,2.0,9.44,83.5,0.0,14.1,14.5
894.419,68,108.0,1038.0,25.0,2.0,9.44,83.5,0.0,14.1,14.5
894.509,68,108.0,1038.0,18.0,2.0,9.44,83.5,0.0,14.1,14.5
894.599,68,108.0,1038.0,18.0,3.0,9.44,83.5,0.0,14.1,14.5
894.688,68,108.0,1038.0,18.0,3.0,9.58,83.5,0.0,14.1,14.5
894.78,68,108.0,1038.0,18.0,3.0,9.58,83.5,0.0,14.1,14.5
894.868,68,108.0,1038.0,18.0,3.0,9.58,83.5,0.0,14.1,14.5
894.958,68,108.0,1038.0,18.0,3.0,9.58,83.5,0.0,14.1,14.5
895.048,68,108.0,1038.0,18.0,3.0,9.58,83.5,0.0,14.1,14.5
895.138,68,108.0,1038.0,18.0,3.0,9.58,83.5,0.0,14.1,14.5
895.228,68,108.0,1038.0,18.0,3.0,9.58,83.5,0.0,14.1,14.5
895.319,68,108.0,1038.0,18.0,3.0,9.58,83.5,0.0,14.1,14.5
895.408,68,108.0,1038.0,13.0,3.0,9.58,83.5,0.0,14.1,14.5
895.498,68,108.0,1038.0,13.0,3.0,9.58,83.5,0.0,14.1,14.5
895.588,68,108.0,1038.0,13.0,3.0,9.58,83.5,0.0,14.1,14.5
895.679,68,108.0,1038.0,13.0,3.0,9.58,83.5,0.0,14.1,14.5
895.768,68,108.0,1038.0,13.0,3.0,9.58,83.5,0.0,14.1,14.5
895.859,68,108.0,1038.0,13.0,3.0,9.58,83.5,0.0,14.1,14.5
895.948,68,108.0,1038.0,13.0,3.0,9.58,83.5,0.0,14.1,14.5
896.039,68,108.0,1038.0,13.0,3.0,9.58,83.5,0.0,14.1,14.5
896.128,68,108.0,1038.0,13.0,3.0,9.58,83.5,0.0,14.1,14.5
896.221,68,108.0,1037.0,13.0,3.0,9.58,83.5,0.0,14.1,14.5
896.308,68,108.0,1037.0,11.0,3.0,9.58,83.5,0.0,14.1,14.5
896.398,68,108.0,1037.0,11.0,3.0,9.58,83.5,0.0,14.1,14.5
896.488,68,108.0,1037.0,11.0,3.0,9.61,83.5,0.0,14.1,14.5
896.578,68,108.0,1037.0,11.0,3.0,9.61,83.5,0.0,14.1,14.5
896.668,68,108.0,1037.0,11.0,3.0,9.61,83.5,0.0,14.1,14.5
896.759,68,108.0,1037.0,11.0,3.0,9.61,83.5,0.0,14.1,14.5
896.848,68,108.0,1037.0,11.0,3.0,9.61,83.5,0.0,14.1,14.5
896.939,68,108.0,1037.0,11.0,3.0,9.61,83.5,0.0,14.1,14.5
897.028,68,108.0,1037.0,11.0,3.0,9.61,83.5,0.0,14.1,14.5
897.118,68,108.0,1039.0,11.0,3.0,9.61,83.5,0.0,14.1,14.5
897.209,68,108.0,1039.0,9.0,3.0,9.61,83.5,0.0,14.1,14.5
897.298,68,108.0,1039.0,9.0,3.0,9.61,83.5,0.0,14.1,14.5
897.389,68,108.0,1039.0,9.0,3.0,9.44,83.5,0.0,14.1,14.5
897.479,68,108.0,1039.0,9.0,3.0,9.44,83.5,0.0,14.1,14.5
897.568,68,108.0,1039.0,9.0,3.0,9.44,83.5,0.0,14.1,14.5
897.659,68,108.0,1039.0,9.0,3.0,9.44,83.5,0.0,14.1,14.5
897.749,68,108.0,1039.0,9.0,3.0,9.44,83.5,0.0,14.1,14.5
897.839,68,108.0,1039.0,9.0,3.0,9.44,83.5,0.0,14.1,14.5
897.93,68,108.0,1039.0,9.0,3.0,9.44,83.5,0.0,14.1,14.5
898.017,68,108.0,1039.0,9.0,3.0,9.44,83.5,0.0,14.1,14.5
898.107,68,108.0,1039.0,8.0,3.0,9.44,83.5,0.0,14.1,14.5
898.197,68,108.0,1039.0,8.0,3.0,9.44,83.5,0.0,14.1,14.5
898.347,68,108.0,1039.0,8.0,3.0,9.55,83.5,0.0,14.1,14.5
898.438,68,108.0,1039.0,8.0,3.0,9.55,83.5,0.0,14.1,14.5
898.528,68,108.0,1039.0,8.0,3.0,9.55,83.5,0.0,14.1,14.5
898.619,68,108.0,1039.0,8.0,3.0,9.55,83.5,0.0,14.1,14.5
898.709,68,108.0,1039.0,8.0,3.0,9.55,83.5,0.0,14.1,14.5
898.799,68,108.0,1039.0,8.0,3.0,9.55,83.5,0.0,14.1,14.5
898.889,68,108.0,1039.0,8.0,3.0,9.55,83.5,0.0,14.1,14.5
898.978,68,108.0,1041.0,8.0,3.0,9.55,83.5,0.0,14.1,14.5
899.068,68,108.0,1041.0,7.0,3.0,9.55,83.5,0.0,14.1,14.5
899.158,68,108.0,1041.0,7.0,3.0,9.55,83.5,0.0,14.1,14.5
899.248,68,108.0,1041.0,7.0,3.0,9.52,83.5,0.0,14.1,14.5
899.338,68,108.0,1041.0,7.0,3.0,9.52,83.5,0.0,14.1,14.5
899.428,68,108.0,1041.0,7.0,3.0,9.52,83.5,0.0,14.1,14.5
899.519,68,108.0,1041.0,7.0,3.0,9.52,83.5,0.0,14.1,14.5
899.608,68,108.0,1041.0,7.0,3.0,9.52,83.5,0.0,14.1,14.5
899.698,68,108.0,1041.0,7.0,3.0,9.52,83.5,0.0,14.1,14.5
899.789,68,108.0,1041.0,7.0,3.0,9.52,83.5,0.0,14.1,14.5
899.878,68,108.0,1040.0,7.0,3.0,9.52,83.5,0.0,14.1,14.5
899.968,68,108.0,1040.0,7.0,3.0,9.52,83.5,0.0,14.1,14.5
900.058,68,108.0,1040.0,7.0,3.0,9.52,83.5,0.0,14.1,14.5
900.148,68,108.0,1040.0,7.0,3.0,9.61,83.5,0.0,14.1,14.5
900.24,68,108.0,1040.0,7.0,3.0,9.61,83.5,0.0,14.1,14.5
900.329,68,108.0,1040.0,7.0,3.0,9.61,83.5,0.0,14.1,14.5
900.419,68,108.0,1040.0,7.0,3.0,9.61,83.5,0.0,14.1,14.5
900.509,68,108.0,1040.0,7.0,3.0,9.61,83.5,0.0,14.1,14.5
900.598,68,108.0,1040.0,7.0,3.0,9.61,83.5,0.0,14.1,14.5
900.688,68,108.0,1040.0,7.0,3.0,9.61,83.5,0.0,14.1,14.5
900.78,68,108.0,1041.0,7.0,3.0,9.61,83.5,0.0,14.1,14.5
900.869,68,108.0,1041.0,6.0,3.0,9.61,83.5,0.0,14.1,14.5
900.958,68,108.0,1041.0,6.0,4.0,9.61,83.5,0.0,14.1,14.5
901.078,68,108.0,1041.0,6.0,4.0,9.47,83.5,0.0,14.1,14.5
901.168,68,108.0,1041.0,6.0,4.0,9.47,83.5,0.0,14.1,14.5
901.258,68,108.0,1041.0,6.0,4.0,9.47,83.5,0.0,14.1,14.5
901.348,68,108.0,1041.0,6.0,4.0,9.47,83.5,0.0,14.1,14.5
901.438,68,108.0,1041.0,6.0,4.0,9.47,83.5,0.0,14.1,14.5
901.529,68,108.0,1041.0,6.0,4.0,9.47,83.5,0.0,14.1,14.5
901.619,68,108.0,1041.0,6.0,4.0,9.47,83.5,0.0,14.1,14.5
901.708,68,108.0,1042.0,6.0,4.0,9.47,83.5,0.0,14.1,14.5
901.798,68,108.0,1042.0,6.0,4.0,9.47,83.5,0.0,14.1,14.5
901.888,68,108.0,1042.0,6.0,4.0,9.47,83.5,0.0,14.1,14.5
901.979,68,108.0,1042.0,6.0,4.0,9.55,83.5,0.0,14.1,14.5
902.068,68,108.0,1042.0,6.0,4.0,9.55,83.5,0.0,14.1,14.5
902.158,68,108.0,1042.0,6.0,4.0,9.55,83.5,0.0,14.1,14.5
902.248,68,108.0,1042.0,6.0,4.0,9.55,83.5,0.0,14.1,14.5
902.339,68,108.0,1042.0,6.0,4.0,9.55,83.5,0.0,14.1,14.1
902.429,68,108.0,1042.0,6.0,4.0,9.55,83.5,0.0,14.1,14.1
902.519,68,108.0,1042.0,6.0,4.0,9.55,83.5,0.0,14.1,14.1
902.609,68,108.0,1040.0,6.0,4.0,9.55,83.5,0.0,14.1,14.1
902.699,68,108.0,1040.0,6.0,4.0,9.55,83.5,0.0,14.1,14.1
902.789,68,108.0,1040.0,6.0,4.0,9.55,83.5,0.0,14.1,14.1
902.879,68,108.0,1040.0,6.0,4.0,9.49,83.5,0.0,14.1,14.1
902.969,68,108.0,1040.0,6.0,4.0,9.49,83.5,0.0,14.1,14.1
903.06,68,108.0,1040.0,6.0,4.0,9.49,83.5,0.0,14.1,14.1
903.149,68,108.0,1040.0,6.0,4.0,9.49,83.5,0.0,14.1,14.1
903.239,68,108.0,1040.0,6.0,4.0,9.49,83.5,0.0,14.1,14.5
903.329,68,108.0,1040.0,6.0,4.0,9.49,83.5,0.0,14.1,14.5
903.419,68,108.0,1040.0,6.0,4.0,9.49,83.5,0.0,14.1,14.5
903.539,68,108.0,1039.0,6.0,4.0,9.49,83.5,0.0,14.1,14.5
903.629,68,108.0,1039.0,5.0,4.0,9.49,83.5,0.0,14.1,14.5
903.719,68,108.0,1039.0,5.0,4.0,9.49,83.5,0.0,14.1,14.5
903.808,68,108.0,1039.0,5.0,4.0,9.55,83.5,0.0,14.1,14.5
903.898,68,108.0,1039.0,5.0,4.0,9.55,83.5,0.0,14.1,14.5
903.988,68,108.0,1039.0,5.0,4.0,9.55,83.5,0.0,14.1,14.5
904.079,68,108.0,1039.0,5.0,4.0,9.55,83.5,0.0,14.1,14.5
904.168,68,108.0,1039.0,5.0,4.0,9.55,83.5,0.0,14.1,14.5
904.259,68,108.0,1039.0,5.0,4.0,9.55,83.5,0.0,14.1,14.5
904.349,68,108.0,1039.0,5.0,4.0,9.55,83.5,0.0,14.1,14.5
904.439,68,108.0,1039.0,5.0,4.0,9.55,83.5,0.0,14.1,14.5
904.529,68,108.0,1039.0,4.0,4.0,9.55,83.5,0.0,14.1,14.5
904.62,68,108.0,1039.0,4.0,4.0,9.55,83.5,0.0,14.1,14.5
904.709,68,108.0,1039.0,4.0,4.0,9.66,83.5,0.0,14.1,14.5
904.799,68,108.0,1039.0,4.0,4.0,9.66,83.5,0.0,14.1,14.5
904.889,68,108.0,1039.0,4.0,4.0,9.66,83.5,0.0,14.1,14.5
904.979,68,108.0,1039.0,4.0,4.0,9.66,83.5,0.0,14.1,14.5
905.069,68,108.0,1039.0,4.0,4.0,9.66,83.5,0.0,14.1,14.5
905.159,68,108.0,1039.0,4.0,4.0,9.66,83.5,0.0,14.1,14.5
905.249,68,108.0,1039.0,4.0,4.0,9.66,83.5,0.0,14.1,14.5
905.339,68,108.0,1040.0,4.0,4.0,9.66,83.5,0.0,14.1,14.5
905.43,68,108.0,1040.0,4.0,4.0,9.66,83.5,0.0,14.1,14.5
905.518,68,108.0,1040.0,4.0,4.0,9.66,83.5,0.0,14.1,14.5
905.608,68,108.0,1040.0,4.0,4.0,9.52,83.5,0.0,14.1,14.5
905.699,68,108.0,1040.0,4.0,4.0,9.52,83.5,0.0,14.1,14.5
905.788,68,108.0,1040.0,4.0,4.0,9.52,83.5,0.0,14.1,14.5
905.879,68,108.0,1040.0,4.0,4.0,9.52,83.5,0.0,14.1,14.5
905.969,68,108.0,1040.0,4.0,4.0,9.52,83.5,0.0,14.1,14.5
906.059,68,108.0,1040.0,4.0,4.0,9.52,83.5,0.0,14.1,14.5
906.149,68,108.0,1040.0,4.0,4.0,9.52,83.5,0.0,14.1,14.5
906.239,68,108.0,1038.0,4.0,4.0,9.52,83.5,0.0,14.1,14.5
906.329,68,108.0,1038.0,3.0,4.0,9.52,83.5,0.0,14.1,14.5
906.419,68,108.0,1038.0,3.0,4.0,9.52,83.5,0.0,14.1,14.5
906.508,68,108.0,1038.0,3.0,4.0,9.55,83.5,0.0,14.1,14.5
906.597,68,108.0,1038.0,3.0,4.0,9.55,83.5,0.0,14.1,14.5
906.689,68,108.0,1038.0,3.0,4.0,9.55,83.5,0.0,14.1,14.5
906.808,68,108.0,1038.0,3.0,4.0,9.55,83.5,0.0,14.1,14.5
906.898,68,108.0,1038.0,3.0,4.0,9.55,83.5,0.0,14.1,14.5
906.988,68,108.0,1038.0,3.0,4.0,9.55,83.5,0.0,14.1,14.5
907.079,68,108.0,1038.0,3.0,4.0,9.55,83.5,0.0,14.1,14.5
907.169,68,108.0,1040.0,3.0,4.0,9.55,83.5,0.0,14.1,14.5
907.26,68,108.0,1040.0,3.0,4.0,9.55,83.5,0.0,14.1,14.5
907.349,68,108.0,1040.0,3.0,4.0,9.55,83.5,0.0,14.1,14.5
907.439,68,108.0,1040.0,3.0,4.0,9.52,83.5,0.0,14.1,14.5
907.529,68,108.0,1040.0,3.0,4.0,9.52,83.5,0.0,14.1,14.5
907.619,68,108.0,1040.0,3.0,4.0,9.52,83.5,0.0,14.1,14.5
907.709,68,108.0,1040.0,3.0,4.0,9.52,83.5,0.0,14.1,14.5
907.799,68,108.0,1040.0,3.0,4.0,9.52,83.5,0.0,14.1,14.5
907.889,68,108.0,1040.0,3.0,4.0,9.52,83.5,0.0,14.1,14.5
907.979,68,108.0,1040.0,3.0,4.0,9.52,83.5,0.0,14.1,14.5
908.069,68,108.0,1040.0,3.0,4.0,9.52,83.5,0.0,14.1,14.5
908.16,68,108.0,1040.0,3.0,4.0,9.52,83.5,0.0,14.1,14.5
908.279,68,108.0,1040.0,3.0,4.0,9.52,83.5,0.0,14.1,14.5
908.369,68,108.0,1040.0,3.0,4.0,9.58,83.5,0.0,14.1,14.5
908.459,68,108.0,1040.0,3.0,4.0,9.58,83.5,0.0,14.1,14.5
908.549,68,108.0,1040.0,3.0,4.0,9.58,83.5,0.0,14.1,14.5
908.639,68,108.0,1040.0,3.0,4.0,9.58,83.5,0.0,14.1,14.5
908.729,68,108.0,1040.0,3.0,4.0,9.58,83.5,0.0,14.1,14.5
908.819,68,108.0,1040.0,3.0,4.0,9.58,83.5,0.0,14.1,14.5
908.909,68,108.0,1040.0,3.0,4.0,9.58,83.5,0.0,14.1,14.5
908.999,68,108.0,1043.0,3.0,4.0,9.58,83.5,0.0,14.1,14.5
909.089,68,108.0,1043.0,2.0,4.0,9.58,83.5,0.0,14.1,14.5
909.179,68,108.0,1043.0,2.0,4.0,9.58,83.5,0.0,14.1,14.5
909.268,68,108.0,1043.0,2.0,4.0,9.58,83.5,0.0,14.1,14.5
909.358,68,108.0,1043.0,2.0,4.0,9.58,83.5,0.0,14.1,14.5
909.449,68,108.0,1043.0,2.0,4.0,9.58,83.5,0.0,14.1,14.5
909.51,68,108.0,1043.0,2.0,4.0,9.58,83.5,0.0,15.3,14.5
909.599,68,108.0,1043.0,2.0,4.0,9.58,83.5,0.0,15.3,14.9
909.66,68,108.0,1043.0,2.0,4.0,9.58,83.5,0.0,15.3,14.9
909.749,68,108.0,1043.0,2.0,4.0,9.58,83.5,0.0,15.3,14.9
909.839,68,108.0,986.0,2.0,4.0,9.58,83.5,0.0,15.3,14.9
909.929,68,108.0,986.0,3.0,4.0,9.58,83.5,0.0,15.3,14.9
910.018,68,108.0,986.0,3.0,4.0,9.58,83.5,0.0,15.3,14.9
910.108,68,108.0,986.0,3.0,4.0,9.47,83.5,0.0,15.3,14.9
910.199,68,108.0,986.0,3.0,4.0,9.47,83.5,0.0,15.3,14.9
910.289,68,108.0,986.0,3.0,4.0,9.47,83.5,0.0,15.3,14.9
910.379,68,108.0,986.0,3.0,4.0,9.47,83.5,0.0,14.1,14.9
910.469,68,108.0,986.0,3.0,4.0,9.47,83.5,0.0,14.1,14.5
910.559,68,108.0,986.0,3.0,4.0,9.47,83.5,0.0,14.1,14.5
910.649,68,109.0,986.0,3.0,4.0,9.47,83.5,0.0,14.1,14.5
910.71,68,109.0,1004.0,3.0,4.0,9.47,83.5,0.0,14.1,14.5
910.799,68,109.0,1004.0,5.0,4.0,9.47,83.5,0.0,14.1,14.5
910.86,68,109.0,1004.0,5.0,4.0,9.47,83.5,0.0,14.1,14.5
910.95,68,109.0,1004.0,5.0,4.0,7.91,83.5,0.0,14.1,14.5
911.039,68,109.0,1004.0,5.0,4.0,7.91,83.5,0.0,14.1,14.5
911.129,68,109.0,1004.0,5.0,4.0,7.91,83.5,0.0,14.1,14.5
911.218,68,109.0,1004.0,5.0,4.0,7.91,83.5,0.0,14.1,14.5
911.308,68,109.0,1004.0,5.0,4.0,7.91,83.5,0.0,14.1,14.5
911.401,68,109.0,1004.0,5.0,4.0,7.91,83.5,0.0,14.1,14.5
911.489,68,108.0,1004.0,5.0,4.0,7.91,83.5,0.0,14.1,14.5
911.58,68,108.0,1132.0,5.0,4.0,7.91,83.5,0.0,14.1,14.5
911.668,68,108.0,1132.0,6.0,4.0,7.91,83.5,0.0,14.1,14.5
911.759,68,108.0,1132.0,6.0,2.0,7.91,83.5,0.0,14.1,14.5
911.871,68,108.0,1132.0,6.0,2.0,9.61,83.5,0.0,14.1,14.5
911.968,68,108.0,1132.0,6.0,2.0,9.61,83.5,0.0,14.1,14.5
912.059,68,108.0,1132.0,6.0,2.0,9.61,83.5,0.0,14.1,14.5
912.149,68,108.0,1132.0,6.0,2.0,9.61,83.5,0.0,14.1,14.5
912.239,68,108.0,1132.0,6.0,2.0,9.61,83.5,0.0,14.1,14.5
912.329,68,108.0,1132.0,6.0,2.0,9.61,83.5,0.0,14.1,14.5
912.419,68,104.0,1132.0,6.0,2.0,9.61,83.5,0.0,14.1,14.5
912.509,68,104.0,1058.0,6.0,2.0,9.61,83.5,0.0,14.1,14.5
912.599,68,104.0,1058.0,6.0,2.0,9.61,83.5,0.0,14.1,14.5
912.689,68,104.0,1058.0,6.0,4.0,9.61,83.5,0.0,14.1,14.5
912.779,68,104.0,1058.0,6.0,4.0,9.05,83.5,0.0,14.1,14.5
912.869,68,104.0,1058.0,6.0,4.0,9.05,83.5,0.0,14.1,14.5
912.959,68,104.0,1058.0,6.0,4.0,9.05,83.5,0.0,14.1,14.5
913.048,68,104.0,1058.0,6.0,4.0,9.05,83.5,0.0,14.1,14.5
913.11,68,104.0,1058.0,6.0,4.0,9.05,83.5,0.0,14.1,14.5
913.198,68,104.0,1058.0,6.0,4.0,9.05,83.5,0.0,14.1,14.5
913.26,68,106.0,1058.0,6.0,4.0,9.05,83.5,0.0,14.1,14.5
913.349,68,106.0,1050.0,6.0,4.0,9.05,83.5,0.0,14.1,14.5
913.439,68,106.0,1050.0,6.0,4.0,9.05,83.5,0.0,14.1,14.5
913.529,68,106.0,1050.0,6.0,4.0,9.05,83.5,0.0,14.1,14.5
913.618,68,106.0,1050.0,6.0,4.0,9.47,83.5,0.0,14.1,14.5
913.709,68,106.0,1050.0,6.0,4.0,9.47,83.5,0.0,14.1,14.5
913.799,68,106.0,1050.0,6.0,4.0,9.47,83.5,0.0,14.1,14.5
913.888,68,106.0,1050.0,6.0,4.0,9.47,83.5,0.0,14.1,14.5
913.98,68,106.0,1050.0,6.0,4.0,9.47,83.5,0.0,14.1,14.5
914.069,68,106.0,1050.0,6.0,4.0,9.47,83.5,0.0,14.1,14.5
914.159,68,107.0,1050.0,6.0,4.0,9.47,83.5,0.0,14.1,14.5
914.249,68,107.0,1046.0,6.0,4.0,9.47,83.5,0.0,14.1,14.5
914.311,68,107.0,1046.0,5.0,4.0,9.47,83.5,0.0,14.1,14.5
914.399,68,107.0,1046.0,5.0,4.0,9.47,83.5,0.0,14.1,14.5
914.46,68,107.0,1046.0,5.0,4.0,9.63,83.5,0.0,14.1,14.5
914.549,68,107.0,1046.0,5.0,4.0,9.63,83.5,0.0,14.1,14.5
914.61,68,107.0,1046.0,5.0,4.0,9.63,83.5,0.0,14.1,14.5
914.699,68,107.0,1046.0,5.0,4.0,9.63,83.5,0.0,14.1,14.5
914.76,68,107.0,1046.0,5.0,4.0,9.63,83.5,0.0,14.1,14.5
914.849,68,107.0,1046.0,5.0,4.0,9.63,83.5,0.0,14.1,14.5
914.943,68,108.0,1046.0,5.0,4.0,9.63,83.5,0.0,14.1,14.5
915.028,68,108.0,1042.0,5.0,4.0,9.63,83.5,0.0,14.1,14.5
915.118,68,108.0,1042.0,5.0,4.0,9.63,83.5,0.0,14.1,14.5
915.208,68,108.0,1042.0,5.0,4.0,9.63,83.5,0.0,14.1,14.5
915.299,68,108.0,1042.0,5.0,4.0,9.58,83.5,0.0,14.1,14.5
915.389,68,108.0,1042.0,5.0,4.0,9.58,83.5,0.0,14.1,14.5
915.486,68,108.0,1042.0,5.0,4.0,9.58,83.5,0.0,14.1,14.5
915.568,68,108.0,1042.0,5.0,4.0,9.58,83.5,0.0,14.1,14.5
915.658,68,108.0,1042.0,5.0,4.0,9.58,83.5,0.0,14.1,14.5
915.748,68,108.0,1042.0,5.0,4.0,9.58,83.5,0.0,14.1,14.5
915.809,68,108.0,1042.0,5.0,4.0,9.58,83.5,0.0,14.1,14.5
915.898,68,108.0,1041.0,5.0,4.0,9.58,83.5,0.0,14.1,14.5
915.959,68,108.0,1041.0,5.0,4.0,9.58,83.5,0.0,14.1,14.5
916.049,68,108.0,1041.0,5.0,4.0,9.58,83.5,0.0,14.1,14.5
916.139,68,108.0,1041.0,5.0,4.0,9.3,83.5,0.0,14.1,14.5
916.229,68,108.0,1041.0,5.0,4.0,9.3,83.5,0.0,14.1,14.5
916.319,68,108.0,1041.0,5.0,4.0,9.3,83.5,0.0,14.1,14.5
916.409,68,108.0,1041.0,5.0,4.0,9.3,83.5,0.0,14.1,14.5
916.499,68,108.0,1041.0,5.0,4.0,9.3,83.5,0.0,14.1,14.5
916.589,68,108.0,1041.0,5.0,4.0,9.3,83.5,0.0,14.1,14.5
916.65,68,108.0,1041.0,5.0,4.0,9.3,83.5,0.0,14.1,14.5
916.71,68,108.0,1040.0,5.0,4.0,9.3,83.5,0.0,14.1,14.5
916.799,68,108.0,1040.0,3.0,4.0,9.3,83.5,0.0,14.1,14.5
916.86,68,108.0,1040.0,3.0,4.0,9.3,83.5,0.0,14.1,14.5
916.949,68,108.0,1040.0,3.0,4.0,9.58,83.5,0.0,14.1,14.5
917.01,68,108.0,1040.0,3.0,4.0,9.58,83.5,0.0,14.1,14.5
917.099,68,108.0,1040.0,3.0,4.0,9.58,83.5,0.0,14.1,14.5
917.159,68,108.0,1040.0,3.0,4.0,9.58,83.5,0.0,14.1,14.5
917.249,68,108.0,1040.0,3.0,4.0,9.58,83.5,0.0,14.1,14.5
917.339,68,108.0,1040.0,3.0,4.0,9.58,83.5,0.0,14.1,14.5
917.429,68,108.0,1040.0,3.0,4.0,9.58,83.5,0.0,14.1,14.5
917.519,68,108.0,1040.0,3.0,4.0,9.58,83.5,0.0,14.1,14.5
917.609,68,108.0,1040.0,1.0,4.0,9.58,83.5,0.0,14.1,14.5
917.699,68,108.0,1040.0,1.0,4.0,9.58,83.5,0.0,14.1,14.5
917.789,68,108.0,1040.0,1.0,4.0,9.38,83.5,0.0,14.1,14.5
917.879,68,108.0,1040.0,1.0,4.0,9.38,83.5,0.0,14.1,14.5
917.969,68,108.0,1040.0,1.0,4.0,9.38,83.5,0.0,14.1,14.5
918.059,68,108.0,1040.0,1.0,4.0,9.38,83.5,0.0,14.1,14.5
918.149,68,108.0,1040.0,1.0,4.0,9.38,83.5,0.0,14.1,14.5
918.269,68,108.0,1040.0,1.0,4.0,9.38,83.5,0.0,14.1,14.5
918.361,68,108.0,1040.0,1.0,4.0,9.38,83.5,0.0,14.1,14.5
918.449,68,108.0,1040.0,1.0,4.0,9.38,83.5,0.0,14.1,14.5
918.539,68,108.0,1040.0,0.0,4.0,9.38,83.5,0.0,14.1,14.5
918.629,68,108.0,1040.0,0.0,4.0,9.38,83.5,0.0,14.1,14.5
918.718,68,108.0,1040.0,0.0,4.0,9.55,83.5,0.0,14.1,14.5
918.809,68,108.0,1040.0,0.0,4.0,9.55,83.5,0.0,14.1,14.5
918.899,68,108.0,1040.0,0.0,4.0,9.55,83.5,0.0,14.1,14.5
918.96,68,108.0,1040.0,0.0,4.0,9.55,83.5,0.0,14.1,14.5
919.048,68,108.0,1040.0,0.0,4.0,9.55,83.5,0.0,14.1,14.5
919.11,68,108.0,1040.0,0.0,4.0,9.55,83.5,0.0,14.1,14.5
919.198,68,108.0,1040.0,0.0,4.0,9.55,83.5,0.0,14.1,14.5
919.29,68,108.0,1040.0,0.0,4.0,9.55,83.5,0.0,14.1,14.5
919.379,68,108.0,1040.0,0.0,4.0,9.55,83.5,0.0,14.1,14.5
919.469,68,108.0,1040.0,0.0,4.0,9.55,83.5,0.0,14.1,14.5
919.559,68,108.0,1040.0,0.0,4.0,9.63,83.5,0.0,14.1,14.5
919.649,68,108.0,1040.0,0.0,4.0,9.63,83.5,0.0,14.1,14.5
919.71,68,108.0,1040.0,0.0,4.0,9.63,83.5,0.0,14.1,14.5
919.799,68,108.0,1040.0,0.0,4.0,9.63,83.5,0.0,14.1,14.5
919.861,68,108.0,1040.0,0.0,4.0,9.63,83.5,0.0,14.1,14.5
919.949,68,108.0,1040.0,0.0,4.0,9.63,83.5,0.0,14.1,14.5
920.01,68,108.0,1040.0,0.0,4.0,9.63,83.5,0.0,14.1,14.5
920.1,68,108.0,1038.0,0.0,4.0,9.63,83.5,0.0,14.1,14.5
920.161,68,108.0,1038.0,0.0,4.0,9.63,83.5,0.0,14.1,14.5
920.249,68,108.0,1038.0,0.0,4.0,9.63,83.5,0.0,14.1,14.5
920.309,68,108.0,1038.0,0.0,4.0,9.36,83.5,0.0,14.1,14.5
920.399,68,108.0,1038.0,0.0,4.0,9.36,83.5,0.0,14.1,14.5
920.489,68,108.0,1038.0,0.0,4.0,9.36,83.5,0.0,14.1,14.5
920.579,68,108.0,1038.0,0.0,4.0,9.36,83.5,0.0,14.1,14.5
920.669,68,108.0,1038.0,0.0,4.0,9.36,83.5,0.0,14.1,14.5
920.759,68,108.0,1038.0,0.0,4.0,9.36,83.5,0.0,14.1,14.5
920.849,68,108.0,1038.0,0.0,4.0,9.36,83.5,0.0,14.1,14.5
920.91,68,108.0,1040.0,0.0,4.0,9.36,83.5,0.0,14.1,14.5
920.999,68,108.0,1040.0,0.0,4.0,9.36,83.5,0.0,14.1,14.5
921.06,68,108.0,1040.0,0.0,4.0,9.36,83.5,0.0,14.1,14.5
921.149,68,108.0,1040.0,0.0,4.0,9.49,83.5,0.0,14.1,14.5
921.21,68,108.0,1040.0,0.0,4.0,9.49,83.5,0.0,14.1,14.5
921.299,68,108.0,1040.0,0.0,4.0,9.49,83.5,0.0,14.1,14.5
921.36,68,108.0,1040.0,0.0,4.0,9.49,83.5,0.0,14.1,14.5
921.449,68,108.0,1040.0,0.0,4.0,9.49,83.5,0.0,14.1,14.5
921.51,68,108.0,1040.0,0.0,4.0,9.49,83.5,0.0,14.1,14.5
921.599,68,108.0,1040.0,0.0,4.0,9.49,83.5,0.0,14.1,14.5
921.689,68,108.0,1039.0,0.0,4.0,9.49,83.5,0.0,14.1,14.5
921.75,68,108.0,1039.0,0.0,4.0,9.49,83.5,0.0,14.1,14.5
921.81,68,108.0,1039.0,0.0,4.0,9.49,83.5,0.0,14.1,14.5
921.899,68,108.0,1039.0,0.0,4.0,9.47,83.5,0.0,14.1,14.5
921.961,68,108.0,1039.0,0.0,4.0,9.47,83.5,0.0,14.1,14.5
922.049,68,108.0,1039.0,0.0,4.0,9.47,83.5,0.0,14.1,14.5
922.11,68,108.0,1039.0,0.0,4.0,9.47,83.5,0.0,14.1,14.5
922.199,68,108.0,1039.0,0.0,4.0,9.47,83.5,0.0,14.1,14.5
922.26,68,108.0,1039.0,0.0,4.0,9.47,83.5,0.0,14.1,14.5
922.349,68,108.0,1039.0,0.0,4.0,9.47,83.5,0.0,14.1,14.5
922.41,68,108.0,1040.0,0.0,4.0,9.47,83.5,0.0,14.1,14.5
922.499,68,108.0,1040.0,0.0,4.0,9.47,83.5,0.0,14.1,14.5
922.56,68,108.0,1040.0,0.0,4.0,9.47,83.5,0.0,14.1,14.5
922.649,68,108.0,1040.0,0.0,4.0,9.44,83.5,0.0,14.1,14.5
922.739,68,108.0,1040.0,0.0,4.0,9.44,83.5,0.0,14.1,14.5
922.829,68,108.0,1040.0,0.0,4.0,9.44,83.5,0.0,14.1,14.5
922.919,68,108.0,1040.0,0.0,4.0,9.44,83.5,0.0,14.1,14.5
923.008,68,108.0,1040.0,0.0,4.0,9.44,83.5,0.0,14.1,14.5
923.099,68,108.0,1040.0,0.0,4.0,9.44,83.5,0.0,14.1,14.5
923.189,68,108.0,1040.0,0.0,4.0,9.44,83.5,0.0,14.1,14.5
923.279,68,108.0,1040.0,0.0,4.0,9.44,83.5,0.0,14.1,14.5
923.369,68,108.0,1040.0,0.0,4.0,9.44,83.5,0.0,14.1,14.5
923.458,68,108.0,1040.0,0.0,4.0,9.44,83.5,0.0,14.1,14.5
923.548,68,108.0,1040.0,0.0,4.0,9.44,83.5,0.0,14.1,14.5
923.639,68,108.0,1040.0,0.0,4.0,9.44,83.5,0.0,14.1,14.5
923.729,68,108.0,1040.0,0.0,4.0,9.44,83.5,0.0,14.1,14.5
923.818,68,108.0,1040.0,0.0,4.0,9.44,83.5,0.0,14.1,14.5
923.909,68,108.0,1040.0,0.0,4.0,9.44,83.5,0.0,14.1,14.5
923.999,68,108.0,1040.0,0.0,4.0,9.44,83.5,0.0,14.1,14.5
924.089,68,108.0,1040.0,0.0,4.0,9.44,83.5,0.0,14.1,14.5
924.15,68,108.0,1039.0,0.0,4.0,9.44,83.5,0.0,14.1,14.5
924.239,68,108.0,1039.0,0.0,4.0,9.44,83.5,0.0,14.1,14.5
924.33,68,108.0,1039.0,0.0,4.0,9.44,83.5,0.0,14.1,14.5
924.42,68,108.0,1039.0,0.0,4.0,9.47,83.5,0.0,14.1,14.5
924.509,68,108.0,1039.0,0.0,4.0,9.47,83.5,0.0,14.1,14.5
924.599,68,108.0,1039.0,0.0,4.0,9.47,83.5,0.0,14.1,14.5
924.689,68,108.0,1039.0,0.0,4.0,9.47,83.5,0.0,14.1,14.5
924.779,68,108.0,1039.0,0.0,4.0,9.47,83.5,0.0,14.1,14.5
924.869,68,108.0,1039.0,0.0,4.0,9.47,83.5,0.0,14.1,14.5
924.959,68,108.0,1039.0,0.0,4.0,9.47,83.5,0.0,14.1,14.5
925.049,68,108.0,1040.0,0.0,4.0,9.47,83.5,0.0,14.1,14.5
925.139,68,108.0,1040.0,0.0,4.0,9.47,83.5,0.0,14.1,14.5
925.23,68,108.0,1040.0,0.0,4.0,9.47,83.5,0.0,14.1,14.5
925.319,68,108.0,1040.0,0.0,4.0,9.49,83.5,0.0,14.1,14.5
925.409,68,108.0,1040.0,0.0,4.0,9.49,83.5,0.0,14.1,14.5
925.499,68,108.0,1040.0,0.0,4.0,9.49,83.5,0.0,14.1,14.5
925.589,68,108.0,1040.0,0.0,4.0,9.49,83.5,0.0,14.1,14.5
925.679,68,108.0,1040.0,0.0,4.0,9.49,83.5,0.0,14.1,14.5
925.769,68,108.0,1040.0,0.0,4.0,9.49,83.5,0.0,14.1,14.5
925.859,68,108.0,1040.0,0.0,4.0,9.49,83.5,0.0,14.1,14.5
925.949,68,108.0,1038.0,0.0,4.0,9.49,83.5,0.0,14.1,14.5
926.039,68,108.0,1038.0,0.0,4.0,9.49,83.5,0.0,14.1,14.5
926.1,68,108.0,1038.0,0.0,4.0,9.49,83.5,0.0,14.1,14.5
926.189,68,108.0,1038.0,0.0,4.0,9.49,83.5,0.0,14.1,14.5
926.25,68,108.0,1038.0,0.0,4.0,9.49,83.5,0.0,14.1,14.5
926.339,68,108.0,1038.0,0.0,4.0,9.49,83.5,0.0,14.1,14.5
926.428,68,108.0,1038.0,0.0,4.0,9.49,83.5,0.0,14.1,14.5
926.519,68,108.0,1038.0,0.0,4.0,9.49,83.5,0.0,14.1,14.5
926.608,68,108.0,1038.0,0.0,4.0,9.49,83.5,0.0,14.1,14.5
926.699,68,108.0,1038.0,0.0,4.0,9.49,83.5,0.0,14.1,14.5
926.788,68,108.0,1041.0,0.0,4.0,9.49,83.5,0.0,14.1,14.5
926.849,68,108.0,1041.0,0.0,4.0,9.49,83.5,0.0,14.1,14.5
926.939,68,108.0,1041.0,0.0,4.0,9.49,83.5,0.0,14.1,14.5
927.058,68,108.0,1041.0,0.0,4.0,9.52,83.5,0.0,14.1,14.5
927.148,68,108.0,1041.0,0.0,4.0,9.52,83.5,0.0,14.1,14.5
927.238,68,108.0,1041.0,0.0,4.0,9.52,83.5,0.0,14.1,14.5
927.299,68,108.0,1041.0,0.0,4.0,9.52,83.5,0.0,14.1,14.5
927.389,68,108.0,1041.0,0.0,4.0,9.52,83.5,0.0,14.1,14.5
927.452,68,108.0,1041.0,0.0,4.0,9.52,83.5,0.0,14.1,14.5
927.539,68,108.0,1041.0,0.0,4.0,9.52,83.5,0.0,14.1,14.5
927.628,68,108.0,1039.0,0.0,4.0,9.52,83.5,0.0,14.1,14.5
927.718,68,108.0,1039.0,0.0,4.0,9.52,83.5,0.0,14.1,14.5
927.809,68,108.0,1039.0,0.0,4.0,9.52,83.5,0.0,14.1,14.5
927.898,68,108.0,1039.0,0.0,4.0,9.49,83.5,0.0,14.1,14.5
927.989,68,108.0,1039.0,0.0,4.0,9.49,83.5,0.0,14.1,14.5
928.049,68,108.0,1039.0,0.0,4.0,9.49,83.5,0.0,14.1,14.5
928.137,68,108.0,1039.0,0.0,4.0,9.49,83.5,0.0,14.1,14.5
928.198,68,108.0,1039.0,0.0,4.0,9.49,83.5,0.0,14.1,14.5
928.318,68,108.0,1039.0,0.0,4.0,9.49,83.5,0.0,14.1,14.5
928.408,68,108.0,1039.0,0.0,4.0,9.49,83.5,0.0,14.1,14.5
928.498,68,108.0,1040.0,0.0,4.0,9.49,83.5,0.0,14.1,14.5
928.589,68,108.0,1040.0,0.0,4.0,9.49,83.5,0.0,14.1,14.5
928.65,68,108.0,1040.0,0.0,4.0,9.49,83.5,0.0,14.1,14.5
928.739,68,108.0,1040.0,0.0,4.0,9.52,83.5,0.0,14.1,14.5
928.83,68,108.0,1040.0,0.0,4.0,9.52,83.5,0.0,14.1,14.5
928.891,68,108.0,1040.0,0.0,4.0,9.52,83.5,0.0,14.1,14.5
928.953,68,108.0,1040.0,0.0,4.0,9.52,83.5,0.0,14.1,14.5
929.038,68,108.0,1040.0,0.0,4.0,9.52,83.5,0.0,14.1,14.5
929.129,68,108.0,1040.0,0.0,4.0,9.52,83.5,0.0,14.1,14.5
929.219,68,108.0,1040.0,0.0,4.0,9.52,83.5,0.0,14.1,14.5
929.309,68,108.0,1039.0,0.0,4.0,9.52,83.5,0.0,14.1,14.5
929.399,68,108.0,1039.0,0.0,4.0,9.52,83.5,0.0,14.1,14.5
929.489,68,108.0,1039.0,0.0,5.0,9.52,83.5,0.0,14.1,14.5
929.579,68,108.0,1039.0,0.0,5.0,9.61,83.5,0.0,14.1,14.5
929.67,68,108.0,1039.0,0.0,5.0,9.61,83.5,0.0,14.1,14.5
929.759,68,108.0,1039.0,0.0,5.0,9.61,83.5,0.0,14.1,14.5
929.85,68,108.0,1039.0,0.0,5.0,9.61,83.5,0.0,14.1,14.5
929.948,68,108.0,1039.0,0.0,5.0,9.61,83.5,0.0,14.1,14.5
930.0,68,108.0,1039.0,0.0,5.0,9.61,83.5,0.0,14.1,14.5
930.089,68,108.0,1039.0,0.0,5.0,9.61,83.5,0.0,14.1,14.5
930.149,68,108.0,1040.0,0.0,5.0,9.61,83.5,0.0,14.1,14.5
930.238,68,108.0,1040.0,0.0,5.0,9.61,83.5,0.0,14.1,14.5
930.359,68,108.0,1040.0,0.0,5.0,9.61,83.5,0.0,14.1,14.5
930.449,68,108.0,1040.0,0.0,5.0,9.44,83.5,0.0,14.1,14.5
930.539,68,108.0,1040.0,0.0,5.0,9.44,83.5,0.0,14.1,14.5
930.6,68,108.0,1040.0,0.0,5.0,9.44,83.5,0.0,14.1,14.5
930.69,68,108.0,1040.0,0.0,5.0,9.44,83.5,0.0,14.1,14.5
930.78,68,108.0,1040.0,0.0,5.0,9.44,83.5,0.0,14.1,14.5
930.841,69,108.0,1040.0,0.0,5.0,9.44,83.5,0.0,14.1,14.5
930.901,69,108.0,1040.0,0.0,5.0,9.44,83.5,0.0,14.1,14.5
930.988,69,108.0,1040.0,0.0,5.0,9.44,83.5,0.0,14.1,14.5
931.049,69,108.0,1040.0,0.0,5.0,9.44,83.5,0.0,14.1,14.5
931.139,69,108.0,1040.0,0.0,5.0,9.44,83.5,0.0,14.1,14.5
931.199,69,108.0,1040.0,0.0,5.0,9.38,83.5,0.0,14.1,14.5
931.289,69,108.0,1040.0,0.0,5.0,9.38,83.5,0.0,14.1,14.5
931.349,69,108.0,1040.0,0.0,5.0,9.38,83.5,0.0,14.1,14.5
931.439,69,108.0,1040.0,0.0,5.0,9.38,83.5,0.0,14.5,14.5
931.529,69,108.0,1040.0,0.0,5.0,9.38,83.5,0.0,14.5,14.5
931.619,69,108.0,1040.0,0.0,5.0,9.38,83.5,0.0,14.5,14.5
931.71,69,108.0,1040.0,0.0,5.0,9.38,83.5,0.0,14.5,14.5
931.799,69,108.0,1040.0,0.0,5.0,9.38,83.5,0.0,14.5,14.5
931.893,69,108.0,1040.0,0.0,5.0,9.38,83.5,0.0,14.5,14.5
932.008,69,108.0,1040.0,0.0,5.0,9.38,83.5,0.0,14.5,14.5
932.099,69,108.0,1040.0,0.0,5.0,9.63,83.5,0.0,14.5,14.5
932.19,69,108.0,1040.0,0.0,5.0,9.63,83.5,0.0,14.5,14.5
932.279,69,108.0,1040.0,0.0,5.0,9.63,83.5,0.0,14.5,14.5
932.369,69,108.0,1040.0,0.0,5.0,9.63,83.5,0.0,14.1,14.5
932.459,69,108.0,1040.0,0.0,5.0,9.63,83.5,0.0,14.1,14.5
932.55,69,108.0,1040.0,0.0,5.0,9.63,83.5,0.0,14.1,14.5
932.639,69,108.0,1040.0,0.0,5.0,9.63,83.5,0.0,14.1,14.5
932.73,69,108.0,1040.0,0.0,5.0,9.63,83.5,0.0,14.1,14.5
932.819,69,108.0,1040.0,0.0,5.0,9.63,83.5,0.0,14.1,14.5
932.911,69,108.0,1040.0,0.0,5.0,9.63,83.5,0.0,14.1,14.5
932.998,69,108.0,1040.0,0.0,5.0,9.61,83.5,0.0,14.1,14.5
933.088,69,108.0,1040.0,0.0,5.0,9.61,83.5,0.0,14.1,14.5
933.149,69,108.0,1040.0,0.0,5.0,9.61,83.5,0.0,14.1,14.5
933.238,69,108.0,1040.0,0.0,5.0,9.61,83.5,0.0,14.1,14.5
933.358,69,108.0,1040.0,0.0,5.0,9.61,83.5,0.0,14.1,14.5
933.449,69,108.0,1040.0,0.0,5.0,9.61,83.5,0.0,14.1,14.5
933.538,69,108.0,1040.0,0.0,5.0,9.61,83.5,0.0,14.1,14.5
933.599,69,108.0,1039.0,0.0,5.0,9.61,83.5,0.0,14.1,14.5
933.689,69,108.0,1039.0,0.0,5.0,9.61,83.5,0.0,14.1,14.5
933.749,69,108.0,1039.0,0.0,5.0,9.61,83.5,0.0,14.1,14.5
933.839,69,108.0,1039.0,0.0,5.0,9.49,83.5,0.0,14.1,14.5
933.934,69,108.0,1039.0,0.0,5.0,9.49,83.5,0.0,14.1,14.5
934.019,69,108.0,1039.0,0.0,5.0,9.49,83.5,0.0,14.1,14.5
934.109,69,108.0,1039.0,0.0,5.0,9.49,83.5,0.0,14.1,14.5
934.199,69,108.0,1039.0,0.0,5.0,9.49,83.5,0.0,14.1,14.5
934.289,69,108.0,1039.0,0.0,5.0,9.49,83.5,0.0,14.1,14.5
934.35,69,108.0,1039.0,0.0,5.0,9.49,83.5,0.0,14.1,14.5
934.438,69,108.0,1041.0,0.0,5.0,9.49,83.5,0.0,14.1,14.5
934.499,69,108.0,1041.0,0.0,5.0,9.49,83.5,0.0,14.1,14.5
934.588,69,108.0,1041.0,0.0,5.0,9.49,83.5,0.0,14.1,14.5
934.679,69,108.0,1041.0,0.0,5.0,9.47,83.5,0.0,14.1,14.5
934.769,69,108.0,1041.0,0.0,5.0,9.47,83.5,0.0,14.1,14.5
934.859,69,108.0,1041.0,0.0,5.0,9.47,83.5,0.0,14.1,14.5
934.954,69,108.0,1041.0,0.0,5.0,9.47,83.5,0.0,14.1,14.5
935.039,69,108.0,1041.0,0.0,5.0,9.47,83.5,0.0,14.1,14.5
935.099,69,108.0,1041.0,0.0,5.0,9.47,83.5,0.0,14.1,14.5
935.189,69,108.0,1041.0,0.0,5.0,9.47,83.5,0.0,14.1,14.5
935.25,69,108.0,1040.0,0.0,5.0,9.47,83.5,0.0,14.1,14.5
935.339,69,108.0,1040.0,0.0,5.0,9.47,83.5,0.0,14.1,14.5
935.399,69,108.0,1040.0,0.0,5.0,9.47,83.5,0.0,14.1,14.5
935.488,69,108.0,1040.0,0.0,5.0,9.72,83.5,0.0,14.1,14.5
935.549,69,108.0,1040.0,0.0,5.0,9.72,83.5,0.0,14.1,14.5
935.639,69,108.0,1040.0,0.0,5.0,9.72,83.5,0.0,14.1,14.5
935.7,69,108.0,1040.0,0.0,5.0,9.72,83.5,0.0,14.1,14.5
935.789,69,108.0,1040.0,0.0,5.0,9.72,83.5,0.0,14.1,14.5
935.879,69,108.0,1040.0,0.0,5.0,9.72,83.5,0.0,14.1,14.5
935.969,69,108.0,1040.0,0.0,5.0,9.72,83.5,0.0,14.1,14.5
936.059,69,108.0,1039.0,0.0,5.0,9.72,83.5,0.0,14.1,14.5
936.149,69,108.0,1039.0,0.0,5.0,9.72,83.5,0.0,14.1,14.5
936.239,69,108.0,1039.0,0.0,5.0,9.72,83.5,0.0,14.1,14.5
936.3,69,108.0,1039.0,0.0,5.0,9.44,83.5,0.0,14.1,14.5
936.389,69,108.0,1039.0,0.0,5.0,9.44,83.5,0.0,14.1,14.5
936.45,69,108.0,1039.0,0.0,5.0,9.44,83.5,0.0,14.1,14.5
936.538,69,108.0,1039.0,0.0,5.0,9.44,83.5,0.0,14.1,14.5
936.599,69,108.0,1039.0,0.0,5.0,9.44,83.5,0.0,14.1,14.5
936.689,69,108.0,1039.0,0.0,5.0,9.44,83.5,0.0,14.1,14.5
936.75,69,108.0,1039.0,0.0,5.0,9.44,83.5,0.0,14.1,14.5
936.839,69,108.0,1039.0,0.0,5.0,9.44,83.5,0.0,14.1,14.5
936.902,69,108.0,1039.0,0.0,5.0,9.44,83.5,0.0,14.1,14.5
936.988,69,108.0,1039.0,0.0,5.0,9.44,83.5,0.0,14.1,14.5
937.049,69,108.0,1039.0,0.0,5.0,9.58,83.5,0.0,14.1,14.5
937.139,69,108.0,1039.0,0.0,5.0,9.58,83.5,0.0,14.1,14.5
937.199,69,108.0,1039.0,0.0,5.0,9.58,83.5,0.0,14.1,14.5
937.289,69,108.0,1039.0,0.0,5.0,9.58,83.5,0.0,14.1,14.5
937.35,69,108.0,1039.0,0.0,5.0,9.58,83.5,0.0,14.1,14.5
937.439,69,108.0,1039.0,0.0,5.0,9.58,83.5,0.0,14.1,14.5
937.499,69,108.0,1039.0,0.0,5.0,9.58,83.5,0.0,14.1,14.5
937.589,69,108.0,1040.0,0.0,5.0,9.58,83.5,0.0,14.1,14.5
937.649,69,108.0,1040.0,0.0,5.0,9.58,83.5,0.0,14.1,14.5
937.739,69,108.0,1040.0,0.0,5.0,9.58,83.5,0.0,14.1,14.5
937.8,69,108.0,1040.0,0.0,5.0,9.55,83.5,0.0,14.1,14.5
937.889,69,108.0,1040.0,0.0,5.0,9.55,83.5,0.0,14.1,14.5
937.949,69,108.0,1040.0,0.0,5.0,9.55,83.5,0.0,14.1,14.5
938.039,69,108.0,1040.0,0.0,5.0,9.55,83.5,0.0,14.1,14.5
938.1,69,108.0,1040.0,0.0,5.0,9.55,83.5,0.0,14.1,14.5
938.189,69,108.0,1040.0,0.0,5.0,9.55,83.5,0.0,14.1,14.5
938.31,69,108.0,1040.0,0.0,5.0,9.55,83.5,0.0,14.1,14.5
938.399,69,108.0,1039.0,0.0,5.0,9.55,83.5,0.0,14.1,14.5
938.492,69,108.0,1039.0,0.0,5.0,9.55,83.5,0.0,14.1,14.5
938.549,69,108.0,1039.0,0.0,5.0,9.55,83.5,0.0,14.1,14.5
938.638,69,108.0,1039.0,0.0,5.0,9.41,83.5,0.0,14.1,14.5
938.699,69,108.0,1039.0,0.0,5.0,9.41,83.5,0.0,14.1,14.5
938.791,69,108.0,1039.0,0.0,5.0,9.41,83.5,0.0,14.1,14.5
938.851,69,108.0,1039.0,0.0,5.0,9.41,83.5,0.0,14.1,14.5
938.939,69,108.0,1039.0,0.0,5.0,9.41,83.5,0.0,14.1,14.5
938.999,69,108.0,1039.0,0.0,5.0,9.41,83.5,0.0,14.1,14.5
939.089,69,108.0,1039.0,0.0,5.0,9.41,83.5,0.0,14.1,14.5
939.149,69,108.0,1044.0,0.0,5.0,9.41,83.5,0.0,14.1,14.5
939.239,69,108.0,1044.0,0.0,5.0,9.41,83.5,0.0,14.1,14.5
939.3,69,108.0,1044.0,0.0,5.0,9.41,83.5,0.0,14.1,14.5
939.39,69,108.0,1044.0,0.0,5.0,9.61,83.5,0.0,14.1,14.5
939.453,69,108.0,1044.0,0.0,5.0,9.61,83.5,0.0,14.1,14.5
939.539,69,108.0,1044.0,0.0,5.0,9.61,83.5,0.0,14.1,14.5
939.599,69,108.0,1044.0,0.0,5.0,9.61,83.5,0.0,14.1,14.5
939.689,69,108.0,1044.0,0.0,5.0,9.61,83.5,0.0,14.1,14.5
939.752,69,108.0,1044.0,0.0,5.0,9.61,83.5,0.0,14.1,14.5
939.839,69,108.0,1044.0,0.0,5.0,9.61,83.5,0.0,14.1,14.5
939.9,69,108.0,1041.0,0.0,5.0,9.61,83.5,0.0,14.1,14.5
939.988,69,108.0,1041.0,0.0,5.0,9.61,83.5,0.0,14.1,14.5
940.108,69,108.0,1041.0,0.0,5.0,9.61,83.5,0.0,14.1,14.5
940.199,69,108.0,1041.0,0.0,5.0,9.41,83.5,0.0,14.1,14.5
940.289,69,108.0,1041.0,0.0,5.0,9.41,83.5,0.0,14.1,14.5
940.35,69,108.0,1041.0,0.0,5.0,9.41,83.5,0.0,14.1,14.5
940.439,69,108.0,1041.0,0.0,5.0,9.41,83.5,0.0,14.1,14.5
940.499,69,108.0,1041.0,0.0,5.0,9.41,83.5,0.0,14.1,14.5
940.588,69,108.0,1041.0,0.0,5.0,9.41,83.5,0.0,14.1,14.5
940.65,69,108.0,1041.0,0.0,5.0,9.41,83.5,0.0,14.1,14.5
940.739,69,108.0,1040.0,0.0,5.0,9.41,83.5,0.0,14.1,14.5
940.8,69,108.0,1040.0,0.0,5.0,9.41,83.5,0.0,14.1,14.5
940.889,69,108.0,1040.0,0.0,5.0,9.41,83.5,0.0,14.1,14.5
940.949,69,108.0,1040.0,0.0,5.0,9.58,83.5,0.0,14.1,14.5
941.038,69,108.0,1040.0,0.0,5.0,9.58,83.5,0.0,14.1,14.5
941.099,69,108.0,1040.0,0.0,5.0,9.58,83.5,0.0,14.1,14.5
941.189,69,108.0,1040.0,0.0,5.0,9.58,83.5,0.0,14.1,14.5
941.25,69,108.0,1040.0,0.0,5.0,9.58,83.5,0.0,14.1,14.5
941.339,69,108.0,1040.0,0.0,5.0,9.58,83.5,0.0,14.1,14.5
941.401,69,108.0,1040.0,0.0,5.0,9.58,83.5,0.0,14.1,14.5
941.489,69,108.0,1040.0,0.0,5.0,9.58,83.5,0.0,14.1,14.5
941.551,69,108.0,1040.0,0.0,5.0,9.58,83.5,0.0,14.1,14.5
941.639,69,108.0,1040.0,0.0,5.0,9.58,83.5,0.0,14.1,14.5
941.7,69,108.0,1040.0,0.0,5.0,9.66,83.5,0.0,14.1,14.5
941.789,69,108.0,1040.0,0.0,5.0,9.66,83.5,0.0,14.1,14.5
941.85,69,108.0,1040.0,0.0,5.0,9.66,83.5,0.0,14.1,14.5
941.939,69,108.0,1040.0,0.0,5.0,9.66,83.5,0.0,14.1,14.5
942.0,69,108.0,1040.0,0.0,5.0,9.66,83.5,0.0,14.1,14.5
942.089,69,108.0,1040.0,0.0,5.0,9.66,83.5,0.0,14.1,14.5
942.149,69,108.0,1040.0,0.0,5.0,9.66,83.5,0.0,14.1,14.5
942.239,69,108.0,1040.0,0.0,5.0,9.66,83.5,0.0,14.1,14.5
942.301,69,108.0,1040.0,0.0,5.0,9.66,83.5,0.0,14.1,14.5
942.389,69,108.0,1040.0,0.0,5.0,9.66,83.5,0.0,14.1,14.5
942.45,69,108.0,1040.0,0.0,5.0,9.61,83.5,0.0,14.1,14.5
942.539,69,108.0,1040.0,0.0,5.0,9.61,83.5,0.0,14.1,14.5
942.6,69,108.0,1040.0,0.0,5.0,9.61,83.5,0.0,14.1,14.5
942.689,69,108.0,1040.0,0.0,5.0,9.61,83.5,0.0,14.1,14.5
942.751,69,108.0,1040.0,0.0,5.0,9.61,83.5,0.0,14.1,14.5
942.839,69,108.0,1040.0,0.0,5.0,9.61,83.5,0.0,14.1,14.5
942.901,69,108.0,1040.0,0.0,5.0,9.61,83.5,0.0,14.1,14.5
942.988,69,108.0,1040.0,0.0,5.0,9.61,83.5,0.0,14.1,14.5
943.049,69,108.0,1040.0,0.0,5.0,9.61,83.5,0.0,14.1,14.5
943.139,69,108.0,1040.0,0.0,5.0,9.61,83.5,0.0,14.1,14.5
943.2,69,108.0,1040.0,0.0,5.0,9.55,83.5,0.0,14.1,14.5
943.289,69,108.0,1040.0,0.0,5.0,9.55,83.5,0.0,14.1,14.5
943.349,69,108.0,1040.0,0.0,5.0,9.55,83.5,0.0,14.1,14.5
943.439,69,108.0,1040.0,0.0,5.0,9.55,83.5,0.0,14.1,14.5
943.499,69,108.0,1040.0,0.0,5.0,9.55,83.5,0.0,14.1,14.5
943.59,69,108.0,1040.0,0.0,5.0,9.55,83.5,0.0,14.1,14.5
943.652,69,108.0,1040.0,0.0,5.0,9.55,83.5,0.0,14.1,14.5
943.739,69,108.0,1039.0,0.0,5.0,9.55,83.5,0.0,14.1,14.5
943.8,69,108.0,1039.0,0.0,5.0,9.55,83.5,0.0,14.1,14.5
943.894,69,108.0,1039.0,0.0,5.0,9.55,83.5,0.0,14.1,14.5
943.951,69,108.0,1039.0,0.0,5.0,9.52,83.5,0.0,14.1,14.5
944.038,69,108.0,1039.0,0.0,5.0,9.52,83.5,0.0,14.1,14.5
944.099,69,108.0,1039.0,0.0,5.0,9.52,83.5,0.0,14.1,14.5
944.189,69,108.0,1039.0,0.0,5.0,9.52,83.5,0.0,14.1,14.5
944.249,69,108.0,1039.0,0.0,5.0,9.52,83.5,0.0,14.1,14.5
944.339,69,108.0,1039.0,0.0,5.0,9.52,83.5,0.0,14.1,14.5
944.401,69,108.0,1039.0,0.0,5.0,9.52,83.5,0.0,14.1,14.5
944.489,69,108.0,1039.0,0.0,5.0,9.52,83.5,0.0,14.1,14.5
944.553,69,108.0,1039.0,0.0,5.0,9.52,83.5,0.0,14.1,14.5
944.639,69,108.0,1039.0,0.0,5.0,9.52,83.5,0.0,14.1,14.5
944.701,69,108.0,1039.0,0.0,5.0,9.61,83.5,0.0,14.1,14.5
944.789,69,108.0,1039.0,0.0,5.0,9.61,83.5,0.0,14.1,14.5
944.85,69,108.0,1039.0,0.0,5.0,9.61,83.5,0.0,14.1,14.5
944.939,69,108.0,1039.0,0.0,5.0,9.61,83.5,0.0,14.1,14.5
944.999,69,108.0,1039.0,0.0,5.0,9.61,83.5,0.0,14.1,14.5
945.089,69,108.0,1039.0,0.0,5.0,9.61,83.5,0.0,14.1,14.5
945.151,69,108.0,1039.0,0.0,5.0,9.61,83.5,0.0,14.1,14.5
945.239,69,108.0,1041.0,0.0,5.0,9.61,83.5,0.0,14.1,14.5
945.299,69,108.0,1041.0,0.0,5.0,9.61,83.5,0.0,14.1,14.5
945.389,69,108.0,1041.0,0.0,5.0,9.61,83.5,0.0,14.1,14.5
945.449,69,108.0,1041.0,0.0,5.0,9.44,83.5,0.0,14.1,14.5
945.539,69,108.0,1041.0,0.0,5.0,9.44,83.5,0.0,14.1,14.5
945.6,69,108.0,1041.0,0.0,5.0,9.44,83.5,0.0,14.1,14.5
945.689,69,108.0,1041.0,0.0,5.0,9.44,83.5,0.0,14.1,14.5
945.75,69,108.0,1041.0,0.0,5.0,9.44,83.5,0.0,14.1,14.5
945.839,69,108.0,1041.0,0.0,5.0,9.44,83.5,0.0,14.1,14.5
945.9,69,108.0,1041.0,0.0,5.0,9.44,83.5,0.0,14.1,14.5
945.989,69,108.0,1040.0,0.0,5.0,9.44,83.5,0.0,14.1,14.5
946.109,69,108.0,1040.0,0.0,5.0,9.44,83.5,0.0,14.1,14.5
946.199,69,108.0,1040.0,0.0,5.0,9.44,83.5,0.0,14.1,14.5
946.289,69,108.0,1040.0,0.0,5.0,9.44,83.5,0.0,14.1,14.5
946.35,69,108.0,1040.0,0.0,5.0,9.44,83.5,0.0,14.1,14.5
946.439,69,108.0,1040.0,0.0,5.0,9.44,83.5,0.0,14.1,14.5
946.499,69,108.0,1040.0,0.0,5.0,9.44,83.5,0.0,14.1,14.5
946.589,69,108.0,1040.0,0.0,5.0,9.44,83.5,0.0,14.1,14.5
946.649,69,108.0,1040.0,0.0,5.0,9.44,83.5,0.0,14.1,14.5
946.739,69,108.0,1040.0,0.0,5.0,9.44,83.5,0.0,14.1,14.5
946.8,69,108.0,1039.0,0.0,5.0,9.44,83.5,0.0,14.1,14.5
946.891,69,108.0,1039.0,0.0,5.0,9.44,83.5,0.0,14.1,14.5
946.949,69,108.0,1039.0,0.0,5.0,9.44,83.5,0.0,14.1,14.5
947.038,69,108.0,1039.0,0.0,5.0,9.63,83.5,0.0,14.1,14.5
947.099,69,108.0,1039.0,0.0,5.0,9.63,83.5,0.0,14.1,14.5
947.19,69,108.0,1039.0,0.0,5.0,9.63,83.5,0.0,14.1,14.5
947.309,69,108.0,1039.0,0.0,5.0,9.63,83.5,0.0,14.1,14.5
947.399,69,108.0,1039.0,0.0,5.0,9.63,83.5,0.0,14.1,14.5
947.489,69,108.0,1039.0,0.0,5.0,9.63,83.5,0.0,14.1,14.5
947.55,69,108.0,1039.0,0.0,5.0,9.63,83.5,0.0,14.1,14.5
947.639,69,108.0,1040.0,0.0,5.0,9.63,83.5,0.0,14.1,14.5
947.699,69,108.0,1040.0,0.0,5.0,9.63,83.5,0.0,14.1,14.5
947.788,69,108.0,1040.0,0.0,5.0,9.63,83.5,0.0,14.1,14.5
947.849,69,108.0,1040.0,0.0,5.0,9.36,83.5,0.0,14.1,14.5
947.939,69,108.0,1040.0,0.0,5.0,9.36,83.5,0.0,14.1,14.5
947.999,69,108.0,1040.0,0.0,5.0,9.36,83.5,0.0,14.1,14.5
948.089,69,108.0,1040.0,0.0,5.0,9.36,83.5,0.0,14.1,14.5
948.149,69,108.0,1040.0,0.0,5.0,9.36,83.5,0.0,14.1,14.5
948.239,69,108.0,1040.0,0.0,5.0,9.36,83.5,0.0,14.1,14.5
948.359,69,108.0,1040.0,0.0,5.0,9.36,83.5,0.0,14.1,14.5
948.449,69,108.0,1040.0,0.0,5.0,9.36,83.5,0.0,14.1,14.5
948.539,69,108.0,1040.0,0.0,5.0,9.36,83.5,0.0,14.1,14.5
948.6,69,108.0,1040.0,0.0,5.0,9.36,83.5,0.0,14.1,14.5
948.689,69,108.0,1040.0,0.0,5.0,9.3,83.5,0.0,14.1,14.5
948.75,69,108.0,1040.0,0.0,5.0,9.3,83.5,0.0,14.1,14.5
948.839,69,108.0,1040.0,0.0,5.0,9.3,83.5,0.0,14.1,14.5
948.901,69,108.0,1040.0,0.0,5.0,9.3,83.5,0.0,14.9,14.5
948.989,69,108.0,1040.0,0.0,5.0,9.3,83.5,0.0,14.9,14.9
949.05,69,108.0,1040.0,0.0,5.0,9.3,83.5,0.0,14.9,14.9
949.139,69,108.0,1040.0,0.0,5.0,9.3,83.5,0.0,14.9,14.9
949.2,69,108.0,1003.0,0.0,5.0,9.3,83.5,0.0,14.9,14.9
949.289,69,108.0,1003.0,0.0,5.0,9.3,83.5,0.0,14.9,14.9
949.349,69,108.0,1003.0,0.0,5.0,9.3,83.5,0.0,14.9,14.9
949.439,69,108.0,1003.0,0.0,5.0,8.88,83.5,0.0,14.9,14.9
949.499,69,108.0,1003.0,0.0,5.0,8.88,83.5,0.0,14.9,14.9
949.589,69,108.0,1003.0,0.0,5.0,8.88,83.5,0.0,14.9,14.9
949.649,69,108.0,1003.0,0.0,5.0,8.88,83.5,0.0,16.1,14.9
949.738,69,108.0,1003.0,0.0,5.0,8.88,83.5,0.0,16.1,16.1
949.799,69,108.0,1003.0,0.0,5.0,8.88,83.5,0.0,16.1,16.1
949.889,69,108.0,1003.0,0.0,5.0,8.88,83.5,0.0,16.1,16.1
949.949,69,108.0,959.0,0.0,5.0,8.88,83.5,0.0,16.1,16.1
950.038,69,108.0,959.0,1.0,5.0,8.88,83.5,0.0,16.1,16.1
950.099,69,108.0,959.0,1.0,5.0,8.88,83.5,0.0,16.1,16.1
950.188,69,108.0,959.0,1.0,5.0,10.24,83.5,0.0,16.1,16.1
950.249,69,108.0,959.0,1.0,5.0,10.24,83.5,0.0,16.1,16.1
950.338,69,108.0,959.0,1.0,5.0,10.24,83.5,0.0,16.1,16.1
950.399,69,108.0,959.0,1.0,5.0,10.24,83.5,0.0,16.9,16.1
950.488,69,108.0,959.0,1.0,5.0,10.24,83.5,0.0,16.9,16.5
950.549,69,108.0,959.0,1.0,5.0,10.24,83.5,0.0,16.9,16.5
950.638,69,109.0,959.0,1.0,5.0,10.24,83.5,0.0,16.9,16.5
950.699,69,109.0,978.0,1.0,5.0,10.24,83.5,0.0,16.9,16.5
950.788,69,109.0,978.0,5.0,5.0,10.24,83.5,0.0,16.9,16.5
950.85,69,109.0,978.0,5.0,6.0,10.24,83.5,0.0,16.9,16.5
950.939,69,109.0,978.0,5.0,6.0,10.86,83.5,0.0,16.9,16.5
951.029,69,109.0,978.0,5.0,6.0,10.86,83.5,0.0,16.9,16.5
951.089,69,109.0,978.0,5.0,6.0,10.86,83.5,0.0,16.9,16.5
951.149,69,109.0,978.0,5.0,6.0,10.86,83.5,0.0,17.6,16.5
951.239,69,109.0,978.0,5.0,6.0,10.86,83.5,0.0,17.6,18.4
951.299,69,109.0,978.0,5.0,6.0,10.86,83.5,0.0,17.6,18.4
951.389,69,111.0,978.0,5.0,6.0,10.86,83.5,0.0,17.6,18.4
951.45,69,111.0,1154.0,5.0,6.0,10.86,83.5,0.0,17.6,18.4
951.539,69,111.0,1154.0,10.0,6.0,10.86,83.5,0.0,17.6,18.4
951.6,69,111.0,1154.0,10.0,6.0,10.86,83.5,0.0,17.6,18.4
951.689,69,111.0,1154.0,10.0,6.0,13.69,83.5,0.0,17.6,18.4
951.75,69,111.0,1154.0,10.0,6.0,13.69,83.5,0.0,17.6,18.4
951.839,69,111.0,1154.0,10.0,6.0,13.69,83.5,0.0,17.6,18.4
951.901,69,111.0,1154.0,10.0,6.0,13.69,83.5,0.0,32.9,18.4
951.988,69,111.0,1154.0,10.0,6.0,13.69,83.5,0.0,32.9,34.5
952.109,69,111.0,1154.0,10.0,6.0,13.69,83.5,0.0,32.9,34.5
952.199,69,119.0,1154.0,10.0,6.0,13.69,83.5,0.0,32.9,34.5
952.289,69,119.0,1579.0,10.0,6.0,13.69,83.5,0.0,32.9,34.5
952.378,69,119.0,1579.0,14.0,6.0,13.69,83.5,0.0,32.9,34.5
952.439,69,119.0,1579.0,14.0,7.0,13.69,83.5,0.0,32.9,34.5
952.5,69,119.0,1579.0,14.0,7.0,24.05,83.5,0.0,32.9,34.5
952.619,69,119.0,1579.0,14.0,7.0,24.05,83.5,0.0,32.9,34.5
952.709,69,119.0,1579.0,14.0,7.0,24.05,83.5,0.0,32.9,34.5
952.799,69,119.0,1579.0,14.0,7.0,24.05,83.5,0.0,21.2,34.5
952.89,69,119.0,1579.0,14.0,7.0,24.05,83.5,0.0,21.2,14.5
952.95,69,119.0,1579.0,14.0,7.0,24.05,83.5,0.0,21.2,14.5
953.039,69,120.0,1579.0,14.0,7.0,24.05,83.5,0.0,21.2,14.5
953.129,69,120.0,1560.0,14.0,7.0,24.05,83.5,0.0,21.2,14.5
953.19,69,120.0,1560.0,16.0,7.0,24.05,83.5,0.0,21.2,14.5
953.309,69,120.0,1560.0,16.0,10.0,24.05,83.5,0.0,21.2,14.5
953.4,69,120.0,1560.0,16.0,10.0,11.55,83.5,0.0,21.2,14.5
953.488,69,120.0,1560.0,16.0,10.0,11.55,83.5,0.0,21.2,14.5
953.579,69,120.0,1560.0,16.0,10.0,11.55,83.5,0.0,21.2,14.5
953.64,69,120.0,1560.0,16.0,10.0,11.55,83.5,0.0,14.1,14.5
953.729,69,120.0,1560.0,16.0,10.0,11.55,83.5,0.0,14.1,14.5
953.819,69,120.0,1560.0,16.0,10.0,11.55,83.5,0.0,14.1,14.5
953.909,69,112.0,1560.0,16.0,10.0,11.55,83.5,0.0,14.1,14.5
953.998,69,112.0,947.0,16.0,10.0,11.55,83.5,0.0,14.1,14.5
954.088,69,112.0,947.0,16.0,10.0,11.55,83.5,0.0,14.1,14.5
954.179,69,112.0,947.0,16.0,6.0,11.55,83.5,0.0,14.1,14.5
954.239,69,112.0,947.0,16.0,6.0,11.11,83.5,0.0,14.1,14.5
954.329,69,112.0,947.0,16.0,6.0,11.11,83.5,0.0,14.1,14.5
954.39,69,112.0,947.0,16.0,6.0,11.11,83.5,0.0,14.1,14.5
954.478,69,112.0,947.0,16.0,6.0,11.11,83.5,0.0,16.9,14.5
954.54,69,112.0,947.0,16.0,6.0,11.11,83.5,0.0,16.9,14.5
954.629,69,112.0,947.0,16.0,6.0,11.11,83.5,0.0,16.9,14.5
954.691,69,112.0,947.0,16.0,6.0,11.11,83.5,0.0,16.9,14.5
954.781,69,112.0,1049.0,16.0,6.0,11.11,83.5,0.0,16.9,14.5
954.841,69,112.0,1049.0,18.0,6.0,11.11,83.5,0.0,16.9,14.5
954.929,69,112.0,1049.0,18.0,6.0,11.11,83.5,0.0,16.9,14.5
954.989,69,112.0,1049.0,18.0,6.0,9.02,83.5,0.0,16.9,14.5
955.078,69,112.0,1049.0,18.0,6.0,9.02,83.5,0.0,16.9,14.5
955.14,69,112.0,1049.0,18.0,6.0,9.02,83.5,0.0,16.9,14.5
955.229,69,112.0,1049.0,18.0,6.0,9.02,83.5,0.0,14.1,14.5
955.29,69,112.0,1049.0,18.0,6.0,9.02,83.5,0.0,14.1,14.5
955.38,69,112.0,1049.0,18.0,6.0,9.02,83.5,0.0,14.1,14.5
955.44,69,111.0,1049.0,18.0,6.0,9.02,83.5,0.0,14.1,14.5
955.529,69,111.0,1098.0,18.0,6.0,9.02,83.5,0.0,14.1,14.5
955.59,69,111.0,1098.0,19.0,6.0,9.02,83.5,0.0,14.1,14.5
955.679,69,111.0,1098.0,19.0,6.0,9.02,83.5,0.0,14.1,14.5
955.74,69,111.0,1098.0,19.0,6.0,9.38,83.5,0.0,14.1,14.5
955.829,69,111.0,1098.0,19.0,6.0,9.38,83.5,0.0,14.1,14.5
955.891,69,111.0,1098.0,19.0,6.0,9.38,83.5,0.0,14.1,14.5
955.978,69,111.0,1098.0,19.0,6.0,9.38,83.5,0.0,14.1,14.5
956.039,69,111.0,1098.0,19.0,6.0,9.38,83.5,0.0,14.1,14.5
956.129,69,111.0,1098.0,19.0,6.0,9.38,83.5,0.0,14.1,14.5
956.19,69,105.0,1098.0,19.0,6.0,9.38,83.5,0.0,14.1,14.5
956.279,69,105.0,1098.0,19.0,6.0,9.38,83.5,0.0,14.1,14.5
956.34,69,105.0,1098.0,19.0,6.0,9.38,83.5,0.0,14.1,14.5
956.428,69,105.0,1098.0,19.0,4.0,9.38,83.5,0.0,14.1,14.5
956.49,69,105.0,1098.0,19.0,4.0,9.49,83.5,0.0,14.1,14.5
956.579,69,105.0,1098.0,19.0,4.0,9.49,83.5,0.0,14.1,14.5
956.64,69,105.0,1098.0,19.0,4.0,9.49,83.5,0.0,14.1,14.5
956.729,69,105.0,1098.0,19.0,4.0,9.49,83.5,0.0,14.1,14.5
956.79,69,105.0,1098.0,19.0,4.0,9.49,83.5,0.0,14.1,14.5
956.878,69,105.0,1098.0,19.0,4.0,9.49,83.5,0.0,14.1,14.5
956.939,69,104.0,1098.0,19.0,4.0,9.49,83.5,0.0,14.1,14.5
957.028,69,104.0,1078.0,19.0,4.0,9.49,83.5,0.0,14.1,14.5
957.089,69,104.0,1078.0,18.0,4.0,9.49,83.5,0.0,14.1,14.5
957.179,69,104.0,1078.0,18.0,6.0,9.49,83.5,0.0,14.1,14.5
957.239,69,104.0,1078.0,18.0,6.0,8.88,83.5,0.0,14.1,14.5
957.329,69,104.0,1078.0,18.0,6.0,8.88,83.5,0.0,14.1,14.5
957.389,69,104.0,1078.0,18.0,6.0,8.88,83.5,0.0,14.1,14.5
957.479,69,104.0,1078.0,18.0,6.0,8.88,83.5,0.0,14.1,14.5
957.54,69,104.0,1078.0,18.0,6.0,8.88,83.5,0.0,14.1,14.5
957.629,69,104.0,1078.0,18.0,6.0,8.88,83.5,0.0,14.1,14.5
957.69,69,106.0,1078.0,18.0,6.0,8.88,83.5,0.0,14.1,14.5
957.779,69,106.0,1051.0,18.0,6.0,8.88,83.5,0.0,14.1,14.5
957.84,69,106.0,1051.0,18.0,6.0,8.88,83.5,0.0,14.1,14.5
957.929,69,106.0,1051.0,18.0,5.0,8.88,83.5,0.0,14.1,14.5
958.018,69,106.0,1051.0,18.0,5.0,9.41,83.5,0.0,14.1,14.5
958.079,69,106.0,1051.0,18.0,5.0,9.41,83.5,0.0,14.1,14.5
958.139,69,106.0,1051.0,18.0,5.0,9.41,83.5,0.0,14.1,14.5
958.228,69,106.0,1051.0,18.0,5.0,9.41,83.5,0.0,14.1,14.5
958.348,69,106.0,1051.0,18.0,5.0,9.41,83.5,0.0,14.1,14.5
958.438,69,106.0,1051.0,18.0,5.0,9.41,83.5,0.0,14.1,14.5
958.528,69,107.0,1051.0,18.0,5.0,9.41,83.5,0.0,14.1,14.5
958.588,69,107.0,1034.0,18.0,5.0,9.41,83.5,0.0,14.1,14.5
958.679,69,107.0,1034.0,17.0,5.0,9.41,83.5,0.0,14.1,14.5
958.74,69,107.0,1034.0,17.0,5.0,9.41,83.5,0.0,14.1,14.5
958.829,69,107.0,1034.0,17.0,5.0,9.52,83.5,0.0,14.1,14.5
958.89,69,107.0,1034.0,17.0,5.0,9.52,83.5,0.0,14.1,14.5
958.978,69,107.0,1034.0,17.0,5.0,9.52,83.5,0.0,14.1,14.5
959.039,69,107.0,1034.0,17.0,5.0,9.52,83.5,0.0,14.1,14.5
959.129,69,107.0,1034.0,17.0,5.0,9.52,83.5,0.0,14.1,14.5
959.189,69,107.0,1034.0,17.0,5.0,9.52,83.5,0.0,14.1,14.5
959.279,69,107.0,1034.0,17.0,5.0,9.52,83.5,0.0,14.1,14.5
959.342,69,107.0,1037.0,17.0,5.0,9.52,83.5,0.0,14.1,14.5
959.428,69,107.0,1037.0,16.0,5.0,9.52,83.5,0.0,14.1,14.5
959.49,69,107.0,1037.0,16.0,5.0,9.52,83.5,0.0,14.1,14.5
959.579,69,107.0,1037.0,16.0,5.0,9.24,83.5,0.0,14.1,14.5
959.64,69,107.0,1037.0,16.0,5.0,9.24,83.5,0.0,14.1,14.5
959.729,69,107.0,1037.0,16.0,5.0,9.24,83.5,0.0,14.1,14.5
959.79,69,107.0,1037.0,16.0,5.0,9.24,83.5,0.0,14.1,14.5
959.879,69,107.0,1037.0,16.0,5.0,9.24,83.5,0.0,14.1,14.5
959.942,69,107.0,1037.0,16.0,5.0,9.24,83.5,0.0,14.1,14.5
960.029,69,108.0,1037.0,16.0,5.0,9.24,83.5,0.0,14.1,14.5
960.089,69,108.0,1039.0,16.0,5.0,9.24,83.5,0.0,14.1,14.5
960.179,69,108.0,1039.0,16.0,5.0,9.24,83.5,0.0,14.1,14.5
960.239,69,108.0,1039.0,16.0,5.0,9.24,83.5,0.0,14.1,14.5
960.359,69,108.0,1039.0,16.0,5.0,9.41,83.5,0.0,14.1,14.5
960.449,69,108.0,1039.0,16.0,5.0,9.41,83.5,0.0,14.1,14.5
960.539,69,108.0,1039.0,16.0,5.0,9.41,83.5,0.0,14.1,14.5
960.629,69,108.0,1039.0,16.0,5.0,9.41,83.5,0.0,14.5,14.5
960.691,69,108.0,1039.0,16.0,5.0,9.41,83.5,0.0,14.5,14.5
960.78,69,108.0,1039.0,16.0,5.0,9.41,83.5,0.0,14.5,14.5
960.84,69,108.0,1039.0,16.0,5.0,9.41,83.5,0.0,14.5,14.5
960.929,69,108.0,1039.0,16.0,5.0,9.41,83.5,0.0,14.5,14.5
960.992,69,108.0,1039.0,15.0,5.0,9.41,83.5,0.0,14.5,14.5
961.078,69,108.0,1039.0,15.0,5.0,9.41,83.5,0.0,14.5,14.5
961.139,69,108.0,1039.0,15.0,5.0,9.55,83.5,0.0,14.5,14.5
961.229,69,108.0,1039.0,15.0,5.0,9.55,83.5,0.0,14.5,14.5
961.289,69,108.0,1039.0,15.0,5.0,9.55,83.5,0.0,14.5,14.5
961.379,69,108.0,1039.0,15.0,5.0,9.55,83.5,0.0,14.5,14.5
961.439,69,108.0,1039.0,15.0,5.0,9.55,83.5,0.0,14.5,14.5
961.529,69,108.0,1039.0,15.0,5.0,9.55,83.5,0.0,14.5,14.5
961.59,69,108.0,1039.0,15.0,5.0,9.55,83.5,0.0,14.5,14.5
961.679,69,108.0,1040.0,15.0,5.0,9.55,83.5,0.0,14.5,14.5
961.742,69,108.0,1040.0,15.0,5.0,9.55,83.5,0.0,14.5,14.5
961.829,69,108.0,1040.0,15.0,6.0,9.55,83.5,0.0,14.5,14.5
961.89,69,108.0,1040.0,15.0,6.0,9.52,83.5,0.0,14.5,14.5
961.978,69,108.0,1040.0,15.0,6.0,9.52,83.5,0.0,14.5,14.5
962.069,69,108.0,1040.0,15.0,6.0,9.52,83.5,0.0,14.5,14.5
962.158,69,108.0,1040.0,15.0,6.0,9.52,83.5,0.0,14.1,14.5
962.249,69,108.0,1040.0,15.0,6.0,9.52,83.5,0.0,14.1,14.5
962.339,69,108.0,1040.0,15.0,6.0,9.52,83.5,0.0,14.1,14.5
962.429,69,108.0,1040.0,15.0,6.0,9.52,83.5,0.0,14.1,14.5
962.489,69,108.0,1040.0,15.0,6.0,9.52,83.5,0.0,14.1,14.5
962.579,69,108.0,1040.0,14.0,6.0,9.52,83.5,0.0,14.1,14.5
962.639,69,108.0,1040.0,14.0,5.0,9.52,83.5,0.0,14.1,14.5
962.729,69,108.0,1040.0,14.0,5.0,9.41,83.5,0.0,14.1,14.5
962.819,69,108.0,1040.0,14.0,5.0,9.41,83.5,0.0,14.1,14.5
962.88,69,108.0,1040.0,14.0,5.0,9.41,83.5,0.0,14.1,14.5
962.94,69,108.0,1040.0,14.0,5.0,9.41,83.5,0.0,14.1,14.5
963.028,69,108.0,1040.0,14.0,5.0,9.41,83.5,0.0,14.1,14.5
963.089,69,108.0,1040.0,14.0,5.0,9.41,83.5,0.0,14.1,14.5
963.179,69,108.0,1040.0,14.0,5.0,9.41,83.5,0.0,14.1,14.5
963.299,69,108.0,1039.0,14.0,5.0,9.41,83.5,0.0,14.1,14.5
963.39,69,108.0,1039.0,14.0,5.0,9.41,83.5,0.0,14.1,14.5
963.479,69,108.0,1039.0,14.0,6.0,9.41,83.5,0.0,14.1,14.5
963.54,69,108.0,1039.0,14.0,6.0,9.36,83.5,0.0,14.1,14.5
963.629,69,108.0,1039.0,14.0,6.0,9.36,83.5,0.0,14.1,14.5
963.69,69,108.0,1039.0,14.0,6.0,9.36,83.5,0.0,14.1,14.5
963.779,69,108.0,1039.0,14.0,6.0,9.36,83.5,0.0,14.1,14.5
963.84,69,108.0,1039.0,14.0,6.0,9.36,83.5,0.0,14.1,14.5
963.929,69,108.0,1039.0,14.0,6.0,9.36,83.5,0.0,14.1,14.5
963.989,69,108.0,1039.0,14.0,6.0,9.36,83.5,0.0,14.1,14.5
964.078,69,108.0,1039.0,14.0,6.0,9.36,83.5,0.0,14.1,14.5
964.139,69,108.0,1039.0,13.0,6.0,9.36,83.5,0.0,14.1,14.5
964.229,69,108.0,1039.0,13.0,6.0,9.36,83.5,0.0,14.1,14.5
964.29,69,108.0,1039.0,13.0,6.0,9.47,83.5,0.0,14.1,14.5
964.378,69,108.0,1039.0,13.0,6.0,9.47,83.5,0.0,14.1,14.5
964.439,69,108.0,1039.0,13.0,6.0,9.47,83.5,0.0,14.1,14.5
964.528,69,108.0,1039.0,13.0,6.0,9.47,83.5,0.0,14.1,14.5
964.589,69,108.0,1039.0,13.0,6.0,9.47,83.5,0.0,14.1,14.5
964.679,69,108.0,1039.0,13.0,6.0,9.47,83.5,0.0,14.1,14.5
964.741,69,108.0,1039.0,13.0,6.0,9.47,83.5,0.0,14.1,14.5
964.829,69,108.0,1040.0,13.0,6.0,9.47,83.5,0.0,14.1,14.5
964.891,69,108.0,1040.0,13.0,6.0,9.47,83.5,0.0,14.1,14.5
964.978,69,108.0,1040.0,13.0,5.0,9.47,83.5,0.0,14.1,14.5
965.039,69,108.0,1040.0,13.0,5.0,9.47,83.5,0.0,14.1,14.5
965.128,69,108.0,1040.0,13.0,5.0,9.47,83.5,0.0,14.1,14.5
965.19,69,108.0,1040.0,13.0,5.0,9.47,83.5,0.0,14.1,14.5
965.279,69,108.0,1040.0,13.0,5.0,9.47,83.5,0.0,14.1,14.5
965.341,69,108.0,1040.0,13.0,5.0,9.47,83.5,0.0,14.1,14.5
965.429,69,108.0,1040.0,13.0,5.0,9.47,83.5,0.0,14.1,14.5
965.49,69,108.0,1040.0,13.0,5.0,9.47,83.5,0.0,14.1,14.5
965.579,69,108.0,1040.0,13.0,5.0,9.47,83.5,0.0,14.1,14.5
965.641,69,108.0,1040.0,12.0,5.0,9.47,83.5,0.0,14.1,14.5
965.729,69,108.0,1040.0,12.0,6.0,9.47,83.5,0.0,14.1,14.5
965.791,69,108.0,1040.0,12.0,6.0,9.49,83.5,0.0,14.1,14.5
965.879,69,108.0,1040.0,12.0,6.0,9.49,83.5,0.0,14.1,14.5
965.941,69,108.0,1040.0,12.0,6.0,9.49,83.5,0.0,14.1,14.5
966.028,69,108.0,1040.0,12.0,6.0,9.49,83.5,0.0,14.1,14.5
966.089,69,108.0,1040.0,12.0,6.0,9.49,83.5,0.0,14.1,14.5
966.179,69,108.0,1040.0,12.0,6.0,9.49,83.5,0.0,14.1,14.5
966.239,69,108.0,1040.0,12.0,6.0,9.49,83.5,0.0,14.1,14.5
966.329,69,108.0,1040.0,12.0,6.0,9.49,83.5,0.0,14.1,14.5
966.389,69,108.0,1040.0,11.0,6.0,9.49,83.5,0.0,14.1,14.5
966.479,69,108.0,1040.0,11.0,6.0,9.49,83.5,0.0,14.1,14.5
966.539,69,108.0,1040.0,11.0,6.0,9.27,83.5,0.0,14.1,14.5
966.629,69,108.0,1040.0,11.0,6.0,9.27,83.5,0.0,14.1,14.5
966.69,69,108.0,1040.0,11.0,6.0,9.27,83.5,0.0,14.1,14.5
966.78,69,108.0,1040.0,11.0,6.0,9.27,83.5,0.0,14.1,14.5
966.842,69,108.0,1040.0,11.0,6.0,9.27,83.5,0.0,14.1,14.5
966.929,69,108.0,1040.0,11.0,6.0,9.27,83.5,0.0,14.1,14.5
966.991,69,108.0,1040.0,11.0,6.0,9.27,83.5,0.0,14.1,14.5
967.078,69,108.0,1040.0,11.0,6.0,9.27,83.5,0.0,14.1,14.5
967.139,69,108.0,1040.0,10.0,6.0,9.27,83.5,0.0,14.1,14.5
967.229,69,108.0,1040.0,10.0,6.0,9.27,83.5,0.0,14.1,14.5
967.29,69,108.0,1040.0,10.0,6.0,9.36,83.5,0.0,14.1,14.5
967.382,69,108.0,1040.0,10.0,6.0,9.36,83.5,0.0,14.1,14.5
967.441,69,108.0,1040.0,10.0,6.0,9.36,83.5,0.0,14.1,14.5
967.529,69,108.0,1040.0,10.0,6.0,9.36,83.5,0.0,14.1,14.5
967.59,69,108.0,1040.0,10.0,6.0,9.36,83.5,0.0,14.1,14.5
967.679,69,108.0,1040.0,10.0,6.0,9.36,83.5,0.0,14.1,14.5
967.742,69,108.0,1040.0,10.0,6.0,9.36,83.5,0.0,14.1,14.5
967.829,69,108.0,1040.0,10.0,6.0,9.36,83.5,0.0,14.1,14.5
967.921,69,108.0,1040.0,10.0,6.0,9.36,83.5,0.0,14.1,14.5
967.982,69,108.0,1040.0,10.0,6.0,9.36,83.5,0.0,14.1,14.5
968.042,69,108.0,1040.0,10.0,6.0,9.49,83.5,0.0,14.1,14.5
968.128,69,108.0,1040.0,10.0,6.0,9.49,83.5,0.0,14.1,14.5
968.189,69,108.0,1040.0,10.0,6.0,9.49,83.5,0.0,14.1,14.5
968.28,69,108.0,1040.0,10.0,6.0,9.49,83.5,0.0,14.1,14.5
968.342,69,108.0,1040.0,10.0,6.0,9.49,83.5,0.0,14.1,14.5
968.429,69,108.0,1040.0,10.0,6.0,9.49,83.5,0.0,14.1,14.5
968.49,69,108.0,1040.0,10.0,6.0,9.49,83.5,0.0,14.1,14.5
968.582,69,108.0,1040.0,10.0,6.0,9.49,83.5,0.0,14.1,14.5
968.642,69,108.0,1040.0,10.0,6.0,9.49,83.5,0.0,14.1,14.5
968.729,69,108.0,1040.0,10.0,6.0,9.49,83.5,0.0,14.1,14.5
968.79,69,108.0,1040.0,10.0,6.0,9.44,83.5,0.0,14.1,14.5
968.88,69,108.0,1040.0,10.0,6.0,9.44,83.5,0.0,14.1,14.5
968.942,69,108.0,1040.0,10.0,6.0,9.44,83.5,0.0,14.1,14.5
969.031,69,108.0,1040.0,10.0,6.0,9.44,83.5,0.0,14.1,14.5
969.089,69,108.0,1040.0,10.0,6.0,9.44,83.5,0.0,14.1,14.5
969.179,69,108.0,1040.0,10.0,6.0,9.44,83.5,0.0,14.1,14.5
969.269,69,108.0,1040.0,10.0,6.0,9.44,83.5,0.0,14.1,14.5
969.361,69,108.0,1041.0,10.0,6.0,9.44,83.5,0.0,14.1,14.5
969.449,69,108.0,1041.0,9.0,6.0,9.44,83.5,0.0,14.1,14.5
969.539,69,108.0,1041.0,9.0,6.0,9.44,83.5,0.0,14.1,14.5
969.629,69,108.0,1041.0,9.0,6.0,9.41,83.5,0.0,14.1,14.5
969.718,69,108.0,1041.0,9.0,6.0,9.41,83.5,0.0,14.1,14.5
969.808,69,108.0,1041.0,9.0,6.0,9.41,83.5,0.0,14.1,14.5
969.9,69,108.0,1041.0,9.0,6.0,9.41,83.5,0.0,14.1,14.5
969.989,69,108.0,1041.0,9.0,6.0,9.41,83.5,0.0,14.1,14.5
970.079,69,108.0,1041.0,9.0,6.0,9.41,83.5,0.0,14.1,14.5
970.14,69,108.0,1041.0,9.0,6.0,9.41,83.5,0.0,14.1,14.5
970.229,69,108.0,1042.0,9.0,6.0,9.41,83.5,0.0,14.1,14.5
970.319,69,108.0,1042.0,8.0,6.0,9.41,83.5,0.0,14.1,14.5
970.38,69,108.0,1042.0,8.0,6.0,9.41,83.5,0.0,14.1,14.5
970.441,69,108.0,1042.0,8.0,6.0,9.52,83.5,0.0,14.1,14.5
970.529,69,108.0,1042.0,8.0,6.0,9.52,83.5,0.0,14.1,14.5
970.619,69,108.0,1042.0,8.0,6.0,9.52,83.5,0.0,14.1,14.5
970.709,69,108.0,1042.0,8.0,6.0,9.52,83.5,0.0,14.1,14.5
970.8,69,108.0,1042.0,8.0,6.0,9.52,83.5,0.0,14.1,14.5
970.889,69,108.0,1042.0,8.0,6.0,9.52,83.5,0.0,14.1,14.5
970.983,69,108.0,1042.0,8.0,6.0,9.52,83.5,0.0,14.1,14.5
971.068,69,108.0,1040.0,8.0,6.0,9.52,83.5,0.0,14.1,14.5
971.159,69,108.0,1040.0,8.0,6.0,9.52,83.5,0.0,14.1,14.5
971.249,69,108.0,1040.0,8.0,6.0,9.52,83.5,0.0,14.1,14.5
971.339,69,108.0,1040.0,8.0,6.0,9.44,83.5,0.0,14.1,14.5
971.429,69,108.0,1040.0,8.0,6.0,9.44,83.5,0.0,14.1,14.5
971.519,69,108.0,1040.0,8.0,6.0,9.44,83.5,0.0,14.1,14.5
971.64,69,108.0,1040.0,8.0,6.0,9.44,83.5,0.0,14.1,14.5
971.73,69,108.0,1040.0,8.0,6.0,9.44,83.5,0.0,14.1,14.5
971.82,69,108.0,1040.0,8.0,6.0,9.44,83.5,0.0,14.1,14.5
971.909,69,108.0,1040.0,8.0,6.0,9.44,83.5,0.0,14.1,14.5
971.999,69,108.0,1040.0,8.0,6.0,9.44,83.5,0.0,14.1,14.5
972.089,69,108.0,1040.0,5.0,6.0,9.44,83.5,0.0,14.1,14.5
972.179,69,108.0,1040.0,5.0,6.0,9.44,83.5,0.0,14.1,14.5
972.268,69,108.0,1040.0,5.0,6.0,9.27,83.5,0.0,14.1,14.5
972.388,69,108.0,1040.0,5.0,6.0,9.27,83.5,0.0,14.1,14.5
972.478,69,108.0,1040.0,5.0,6.0,9.27,83.5,0.0,14.1,14.5
972.569,69,108.0,1040.0,5.0,6.0,9.27,83.5,0.0,14.1,14.5
972.66,69,108.0,1040.0,5.0,6.0,9.27,83.5,0.0,14.1,14.5
972.748,69,108.0,1040.0,5.0,6.0,9.27,83.5,0.0,14.1,14.5
972.84,69,108.0,1040.0,5.0,6.0,9.27,83.5,0.0,14.1,14.5
972.928,69,108.0,1040.0,5.0,6.0,9.27,83.5,0.0,14.1,14.5
973.02,69,108.0,1040.0,1.0,6.0,9.27,83.5,0.0,14.1,14.5
973.109,69,108.0,1040.0,1.0,6.0,9.27,83.5,0.0,14.1,14.5
973.199,69,108.0,1040.0,1.0,6.0,9.3,83.5,0.0,14.1,14.5
973.289,69,108.0,1040.0,1.0,6.0,9.3,83.5,0.0,14.1,14.5
973.379,69,108.0,1040.0,1.0,6.0,9.3,83.5,0.0,14.1,14.5
973.468,69,108.0,1040.0,1.0,6.0,9.3,83.5,0.0,14.1,14.5
973.559,69,108.0,1040.0,1.0,6.0,9.3,83.5,0.0,14.1,14.5
973.649,69,108.0,1040.0,1.0,6.0,9.3,83.5,0.0,14.1,14.5
973.74,69,108.0,1040.0,1.0,6.0,9.3,83.5,0.0,14.1,14.5
973.829,69,108.0,1026.0,1.0,6.0,9.3,83.5,0.0,14.1,14.5
973.921,69,108.0,1026.0,0.0,6.0,9.3,83.5,0.0,14.1,14.5
974.008,69,108.0,1026.0,0.0,6.0,9.3,83.5,0.0,14.1,14.5
974.098,69,108.0,1026.0,0.0,6.0,9.61,83.5,0.0,14.1,14.5
974.189,69,108.0,1026.0,0.0,6.0,9.61,83.5,0.0,14.1,14.5
974.28,69,108.0,1026.0,0.0,6.0,9.61,83.5,0.0,14.1,14.5
974.368,69,108.0,1026.0,0.0,6.0,9.61,83.5,0.0,14.5,14.5
974.459,69,108.0,1026.0,0.0,6.0,9.61,83.5,0.0,14.5,14.5
974.549,69,108.0,1026.0,0.0,6.0,9.61,83.5,0.0,14.5,14.5
974.64,69,108.0,1026.0,0.0,6.0,9.61,83.5,0.0,14.5,14.5
974.729,69,108.0,1043.0,0.0,6.0,9.61,83.5,0.0,14.5,14.5
974.821,69,108.0,1043.0,0.0,6.0,9.61,83.5,0.0,14.5,14.5
974.909,69,108.0,1043.0,0.0,6.0,9.61,83.5,0.0,14.5,14.5
974.998,69,108.0,1043.0,0.0,6.0,9.41,83.5,0.0,14.5,14.5
975.088,69,108.0,1043.0,0.0,6.0,9.41,83.5,0.0,14.5,14.5
975.18,69,108.0,1043.0,0.0,6.0,9.41,83.5,0.0,14.5,14.5
975.268,69,108.0,1043.0,0.0,6.0,9.41,83.5,0.0,14.1,14.5
975.359,69,108.0,1043.0,0.0,6.0,9.41,83.5,0.0,14.1,14.5
975.449,69,108.0,1043.0,0.0,6.0,9.41,83.5,0.0,14.1,14.5
975.54,69,108.0,1043.0,0.0,6.0,9.41,83.5,0.0,14.1,14.5
975.629,69,108.0,1040.0,0.0,6.0,9.41,83.5,0.0,14.1,14.5
975.72,69,108.0,1040.0,0.0,6.0,9.41,83.5,0.0,14.1,14.5
975.808,69,108.0,1040.0,0.0,6.0,9.41,83.5,0.0,14.1,14.5
975.899,69,108.0,1040.0,0.0,6.0,9.58,83.5,0.0,14.1,14.5
975.988,69,108.0,1040.0,0.0,6.0,9.58,83.5,0.0,14.1,14.5
976.109,69,108.0,1040.0,0.0,6.0,9.58,83.5,0.0,14.1,14.5
976.199,69,108.0,1040.0,0.0,6.0,9.58,83.5,0.0,14.1,14.5
976.289,69,108.0,1040.0,0.0,6.0,9.58,83.5,0.0,14.1,14.5
976.379,69,108.0,1040.0,0.0,6.0,9.58,83.5,0.0,14.1,14.5
976.469,69,108.0,1040.0,0.0,6.0,9.58,83.5,0.0,14.1,14.5
976.559,69,108.0,1040.0,0.0,6.0,9.58,83.5,0.0,14.1,14.5
976.649,69,108.0,1040.0,0.0,6.0,9.58,83.5,0.0,14.1,14.5
976.74,69,108.0,1040.0,0.0,6.0,9.58,83.5,0.0,14.1,14.5
976.829,69,108.0,1040.0,0.0,6.0,9.49,83.5,0.0,14.1,14.5
976.92,69,108.0,1040.0,0.0,6.0,9.49,83.5,0.0,14.1,14.5
977.009,69,108.0,1040.0,0.0,6.0,9.49,83.5,0.0,14.1,14.5
977.099,69,108.0,1040.0,0.0,6.0,9.49,83.5,0.0,14.1,14.5
977.189,69,108.0,1040.0,0.0,6.0,9.49,83.5,0.0,14.1,14.5
977.279,69,108.0,1040.0,0.0,6.0,9.49,83.5,0.0,14.1,14.5
977.369,69,108.0,1040.0,0.0,6.0,9.49,83.5,0.0,14.1,14.5
977.459,69,108.0,1040.0,0.0,6.0,9.49,83.5,0.0,14.1,14.5
977.549,69,108.0,1040.0,0.0,6.0,9.49,83.5,0.0,14.1,14.5
977.639,69,108.0,1040.0,0.0,6.0,9.49,83.5,0.0,14.1,14.5
977.729,69,108.0,1040.0,0.0,6.0,9.36,83.5,0.0,14.1,14.5
977.819,69,108.0,1040.0,0.0,6.0,9.36,83.5,0.0,14.1,14.5
977.911,69,108.0,1040.0,0.0,6.0,9.36,83.5,0.0,14.1,14.5
977.998,69,108.0,1040.0,0.0,6.0,9.36,83.5,0.0,14.1,14.5
978.089,69,108.0,1040.0,0.0,6.0,9.36,83.5,0.0,14.1,14.5
978.179,69,108.0,1040.0,0.0,6.0,9.36,83.5,0.0,14.1,14.5
978.269,69,108.0,1040.0,0.0,6.0,9.36,83.5,0.0,14.1,14.5
978.389,69,108.0,1041.0,0.0,6.0,9.36,83.5,0.0,14.1,14.5
978.509,69,108.0,1041.0,0.0,6.0,9.36,83.5,0.0,14.1,14.5
978.599,69,108.0,1041.0,0.0,6.0,9.36,83.5,0.0,14.1,14.5
978.689,69,108.0,1041.0,0.0,6.0,9.16,83.5,0.0,14.1,14.5
978.78,69,108.0,1041.0,0.0,6.0,9.16,83.5,0.0,14.1,14.5
978.869,69,108.0,1041.0,0.0,6.0,9.16,83.5,0.0,14.1,14.5
978.963,69,108.0,1041.0,0.0,6.0,9.16,83.5,0.0,14.1,14.5
979.048,69,108.0,1041.0,0.0,6.0,9.16,83.5,0.0,14.1,14.5
979.139,69,108.0,1041.0,0.0,6.0,9.16,83.5,0.0,14.1,14.5
979.229,69,108.0,1041.0,0.0,6.0,9.16,83.5,0.0,14.1,14.5
979.319,69,108.0,1040.0,0.0,6.0,9.16,83.5,0.0,14.1,14.5
979.411,69,108.0,1040.0,0.0,6.0,9.16,83.5,0.0,14.1,14.5
979.499,69,108.0,1040.0,0.0,6.0,9.16,83.5,0.0,14.1,14.5
979.589,69,108.0,1040.0,0.0,6.0,9.74,83.5,0.0,14.1,14.5
979.68,69,108.0,1040.0,0.0,6.0,9.74,83.5,0.0,14.1,14.5
979.769,69,108.0,1040.0,0.0,6.0,9.74,83.5,0.0,14.1,14.5
979.861,69,108.0,1040.0,0.0,6.0,9.74,83.5,0.0,14.1,14.5
979.948,69,108.0,1040.0,0.0,6.0,9.74,83.5,0.0,14.1,14.5
980.038,69,108.0,1040.0,0.0,6.0,9.74,83.5,0.0,14.1,14.5
980.128,69,108.0,1040.0,0.0,6.0,9.74,83.5,0.0,14.1,14.5
980.219,69,108.0,1040.0,0.0,6.0,9.74,83.5,0.0,14.1,14.5
980.309,69,108.0,1040.0,0.0,6.0,9.74,83.5,0.0,14.1,14.5
980.399,69,108.0,1040.0,0.0,6.0,9.74,83.5,0.0,14.1,14.5
980.489,69,108.0,1040.0,0.0,6.0,9.55,83.5,0.0,14.1,14.5
980.579,69,108.0,1040.0,0.0,6.0,9.55,83.5,0.0,14.1,14.5
980.669,69,108.0,1040.0,0.0,6.0,9.55,83.5,0.0,14.1,14.5
980.759,69,108.0,1040.0,0.0,6.0,9.55,83.5,0.0,14.1,14.5
980.849,69,108.0,1040.0,0.0,6.0,9.55,83.5,0.0,14.1,14.5
980.939,69,108.0,1040.0,0.0,6.0,9.55,83.5,0.0,14.1,14.5
981.059,69,108.0,1040.0,0.0,6.0,9.55,83.5,0.0,14.1,14.5
981.148,69,108.0,1039.0,0.0,6.0,9.55,83.5,0.0,14.1,14.5
981.238,69,108.0,1039.0,0.0,6.0,9.55,83.5,0.0,14.1,14.5
981.329,69,108.0,1039.0,0.0,6.0,9.55,83.5,0.0,14.1,14.5
981.419,69,108.0,1039.0,0.0,6.0,9.55,83.5,0.0,14.1,14.5
981.509,69,108.0,1039.0,0.0,6.0,9.55,83.5,0.0,14.1,14.5
981.599,69,108.0,1039.0,0.0,6.0,9.55,83.5,0.0,14.1,14.5
981.689,69,108.0,1039.0,0.0,6.0,9.55,83.5,0.0,14.5,14.5
981.78,69,108.0,1039.0,0.0,6.0,9.55,83.5,0.0,14.5,14.5
981.869,69,108.0,1039.0,0.0,6.0,9.55,83.5,0.0,14.5,14.5
981.975,69,108.0,1039.0,0.0,6.0,9.55,83.5,0.0,14.5,14.5
982.078,69,108.0,1041.0,0.0,6.0,9.55,83.5,0.0,14.5,14.5
982.168,69,108.0,1041.0,0.0,6.0,9.55,83.5,0.0,14.5,14.5
982.258,69,108.0,1041.0,0.0,6.0,9.55,83.5,0.0,14.5,14.5
982.348,69,108.0,1041.0,0.0,6.0,9.63,83.5,0.0,14.5,14.5
982.439,69,108.0,1041.0,0.0,6.0,9.63,83.5,0.0,14.5,14.5
982.528,69,108.0,1041.0,0.0,6.0,9.63,83.5,0.0,14.5,14.5
982.618,69,108.0,1041.0,0.0,6.0,9.63,83.5,0.0,14.1,14.5
982.709,69,108.0,1041.0,0.0,6.0,9.63,83.5,0.0,14.1,14.5
982.798,69,108.0,1041.0,0.0,6.0,9.63,83.5,0.0,14.1,14.5
982.89,69,108.0,1041.0,0.0,6.0,9.63,83.5,0.0,14.1,14.5
982.979,69,108.0,1041.0,0.0,6.0,9.63,83.5,0.0,14.1,14.5
983.069,69,108.0,1041.0,0.0,6.0,9.63,83.5,0.0,14.1,14.5
983.158,69,108.0,1041.0,0.0,6.0,9.63,83.5,0.0,14.1,14.5
983.249,69,108.0,1041.0,0.0,6.0,9.58,83.5,0.0,14.1,14.5
983.369,69,108.0,1041.0,0.0,6.0,9.58,83.5,0.0,14.1,14.5
983.459,69,108.0,1041.0,0.0,6.0,9.58,83.5,0.0,14.1,14.5
983.549,69,108.0,1041.0,0.0,6.0,9.58,83.5,0.0,14.5,14.5
983.639,69,108.0,1041.0,0.0,6.0,9.58,83.5,0.0,14.5,14.5
983.759,69,108.0,1041.0,0.0,6.0,9.58,83.5,0.0,14.5,14.5
983.85,69,108.0,1041.0,0.0,6.0,9.58,83.5,0.0,14.5,14.5
983.94,69,108.0,1039.0,0.0,6.0,9.58,83.5,0.0,14.5,14.5
984.028,69,108.0,1039.0,0.0,6.0,9.58,83.5,0.0,14.5,14.5
984.118,69,108.0,1039.0,0.0,6.0,9.58,83.5,0.0,14.5,14.5
984.208,69,108.0,1039.0,0.0,6.0,9.47,83.5,0.0,14.5,14.5
984.299,69,108.0,1039.0,0.0,6.0,9.47,83.5,0.0,14.5,14.5
984.388,69,108.0,1039.0,0.0,6.0,9.47,83.5,0.0,14.5,14.5
984.478,69,108.0,1039.0,0.0,6.0,9.47,83.5,0.0,14.1,14.5
984.569,69,108.0,1039.0,0.0,6.0,9.47,83.5,0.0,14.1,14.5
984.66,69,108.0,1039.0,0.0,6.0,9.47,83.5,0.0,14.1,14.5
984.75,69,108.0,1039.0,0.0,6.0,9.47,83.5,0.0,14.1,14.5
984.839,69,108.0,1039.0,0.0,6.0,9.47,83.5,0.0,14.1,14.5
984.929,69,108.0,1039.0,0.0,6.0,9.47,83.5,0.0,14.1,14.5
985.018,69,108.0,1039.0,0.0,6.0,9.47,83.5,0.0,14.1,14.5
985.109,69,108.0,1039.0,0.0,6.0,9.44,83.5,0.0,14.1,14.5
985.198,69,108.0,1039.0,0.0,6.0,9.44,83.5,0.0,14.1,14.5
985.289,69,108.0,1039.0,0.0,6.0,9.44,83.5,0.0,14.1,14.5
985.379,69,108.0,1039.0,0.0,6.0,9.44,83.5,0.0,14.1,14.5
985.468,69,108.0,1039.0,0.0,6.0,9.44,83.5,0.0,14.1,14.5
985.559,69,108.0,1039.0,0.0,6.0,9.44,83.5,0.0,14.1,14.5
985.649,69,108.0,1039.0,0.0,6.0,9.44,83.5,0.0,14.1,14.5
985.739,69,108.0,1040.0,0.0,6.0,9.44,83.5,0.0,14.1,14.5
985.829,69,108.0,1040.0,0.0,6.0,9.44,83.5,0.0,14.1,14.5
985.919,69,108.0,1040.0,0.0,6.0,9.44,83.5,0.0,14.1,14.5
986.008,69,108.0,1040.0,0.0,6.0,9.47,83.5,0.0,14.1,14.5
986.098,69,108.0,1040.0,0.0,6.0,9.47,83.5,0.0,14.1,14.5
986.189,69,108.0,1040.0,0.0,6.0,9.47,83.5,0.0,14.1,14.5
986.278,69,108.0,1040.0,0.0,6.0,9.47,83.5,0.0,14.1,14.5
986.369,69,108.0,1040.0,0.0,6.0,9.47,83.5,0.0,14.1,14.5
986.459,69,108.0,1040.0,0.0,6.0,9.47,83.5,0.0,14.1,14.5
986.549,69,108.0,1040.0,0.0,6.0,9.47,83.5,0.0,14.1,14.5
986.639,69,108.0,1040.0,0.0,6.0,9.47,83.5,0.0,14.1,14.5
986.729,69,108.0,1040.0,0.0,6.0,9.47,83.5,0.0,14.1,14.5
986.819,69,108.0,1040.0,0.0,6.0,9.47,83.5,0.0,14.1,14.5
986.938,69,108.0,1040.0,0.0,6.0,9.49,83.5,0.0,14.1,14.5
987.028,69,108.0,1040.0,0.0,6.0,9.49,83.5,0.0,14.1,14.5
987.119,69,108.0,1040.0,0.0,6.0,9.49,83.5,0.0,14.1,14.5
987.209,69,108.0,1040.0,0.0,6.0,9.49,83.5,0.0,14.1,14.5
987.299,69,108.0,1040.0,0.0,6.0,9.49,83.5,0.0,14.1,14.5
987.389,69,108.0,1040.0,0.0,6.0,9.49,83.5,0.0,14.1,14.5
987.479,69,108.0,1040.0,0.0,6.0,9.49,83.5,0.0,14.1,14.5
987.569,69,108.0,1040.0,0.0,6.0,9.49,83.5,0.0,14.1,14.5
987.658,69,108.0,1040.0,0.0,6.0,9.49,83.5,0.0,14.1,14.5
987.749,69,108.0,1040.0,0.0,6.0,9.49,83.5,0.0,14.1,14.5
987.839,69,108.0,1040.0,0.0,6.0,9.41,83.5,0.0,14.1,14.5
987.928,69,108.0,1040.0,0.0,6.0,9.41,83.5,0.0,14.1,14.5
988.018,69,108.0,1040.0,0.0,6.0,9.41,83.5,0.0,14.1,14.5
988.108,69,108.0,1040.0,0.0,6.0,9.41,83.5,0.0,14.1,14.5
988.198,69,108.0,1040.0,0.0,6.0,9.41,83.5,0.0,14.1,14.5
988.289,69,108.0,1040.0,0.0,6.0,9.41,83.5,0.0,14.1,14.5
988.409,69,108.0,1040.0,0.0,6.0,9.41,83.5,0.0,14.1,14.5
988.499,69,108.0,1040.0,0.0,6.0,9.41,83.5,0.0,14.1,14.5
988.588,69,108.0,1040.0,0.0,6.0,9.41,83.5,0.0,14.1,14.5
988.678,69,108.0,1040.0,0.0,6.0,9.41,83.5,0.0,14.1,14.5
988.768,69,108.0,1040.0,0.0,6.0,9.66,83.5,0.0,14.1,14.5
988.858,69,108.0,1040.0,0.0,6.0,9.66,83.5,0.0,14.1,14.5
988.949,69,108.0,1040.0,0.0,6.0,9.66,83.5,0.0,14.1,14.5
989.038,69,108.0,1040.0,0.0,6.0,9.66,83.5,0.0,14.1,14.5
989.128,69,108.0,1040.0,0.0,6.0,9.66,83.5,0.0,14.1,14.5
989.219,69,108.0,1040.0,0.0,6.0,9.66,83.5,0.0,14.1,14.5
989.311,69,108.0,1040.0,0.0,6.0,9.66,83.5,0.0,14.1,14.5
989.399,69,108.0,1040.0,0.0,6.0,9.66,83.5,0.0,14.1,14.5
989.489,69,108.0,1040.0,0.0,6.0,9.66,83.5,0.0,14.1,14.5
989.579,69,108.0,1040.0,0.0,6.0,9.66,83.5,0.0,14.1,14.5
989.668,69,108.0,1040.0,0.0,6.0,9.55,83.5,0.0,14.1,14.5
989.76,69,108.0,1040.0,0.0,6.0,9.55,83.5,0.0,14.1,14.5
989.848,69,108.0,1040.0,0.0,6.0,9.55,83.5,0.0,14.1,14.5
989.939,69,108.0,1040.0,0.0,6.0,9.55,83.5,0.0,14.1,14.5
990.028,69,108.0,1040.0,0.0,6.0,9.55,83.5,0.0,14.1,14.5
990.118,69,108.0,1040.0,0.0,6.0,9.55,83.5,0.0,14.1,14.5
990.209,69,108.0,1040.0,0.0,6.0,9.55,83.5,0.0,14.1,14.5
990.298,69,108.0,1039.0,0.0,6.0,9.55,83.5,0.0,14.1,14.5
990.388,69,108.0,1039.0,0.0,6.0,9.55,83.5,0.0,14.1,14.5
990.478,69,108.0,1039.0,0.0,7.0,9.55,83.5,0.0,14.1,14.5
990.568,69,108.0,1039.0,0.0,7.0,9.55,83.5,0.0,14.1,14.5
990.658,69,108.0,1039.0,0.0,7.0,9.55,83.5,0.0,14.1,14.5
990.748,69,108.0,1039.0,0.0,7.0,9.55,83.5,0.0,14.1,14.5
990.839,69,108.0,1039.0,0.0,7.0,9.55,83.5,0.0,14.1,14.5
990.928,69,108.0,1039.0,0.0,7.0,9.55,83.5,0.0,14.1,14.5
991.018,69,108.0,1039.0,0.0,7.0,9.55,83.5,0.0,14.1,14.5
991.108,69,108.0,1039.0,0.0,7.0,9.55,83.5,0.0,14.1,14.5
991.199,69,108.0,1041.0,0.0,7.0,9.55,83.5,0.0,14.1,14.5
991.289,69,108.0,1041.0,0.0,7.0,9.55,83.5,0.0,14.1,14.5
991.381,69,108.0,1041.0,0.0,6.0,9.55,83.5,0.0,14.1,14.5
991.469,69,108.0,1041.0,0.0,6.0,9.52,83.5,0.0,14.1,14.5
991.558,69,108.0,1041.0,0.0,6.0,9.52,83.5,0.0,14.1,14.5
991.651,69,108.0,1041.0,0.0,6.0,9.52,83.5,0.0,14.1,14.5
991.738,69,108.0,1041.0,0.0,6.0,9.52,83.5,0.0,14.1,14.5
991.828,69,108.0,1041.0,0.0,6.0,9.52,83.5,0.0,14.1,14.5
991.919,69,108.0,1041.0,0.0,6.0,9.52,83.5,0.0,14.1,14.5
992.008,69,108.0,1041.0,0.0,6.0,9.52,83.5,0.0,14.1,14.5
992.098,69,108.0,1040.0,0.0,6.0,9.52,83.5,0.0,14.1,14.5
992.188,69,108.0,1040.0,0.0,6.0,9.52,83.5,0.0,14.1,14.5
992.277,69,108.0,1040.0,0.0,7.0,9.52,83.5,0.0,14.1,14.5
992.368,69,108.0,1040.0,0.0,7.0,9.36,83.5,0.0,14.1,14.5
992.458,69,108.0,1040.0,0.0,7.0,9.36,83.5,0.0,14.1,14.5
992.548,69,108.0,1040.0,0.0,7.0,9.36,83.5,0.0,14.1,14.5
992.638,69,108.0,1040.0,0.0,7.0,9.36,83.5,0.0,14.1,14.5
992.729,69,108.0,1040.0,0.0,7.0,9.36,83.5,0.0,14.1,14.5
992.818,69,108.0,1040.0,0.0,7.0,9.36,83.5,0.0,14.1,14.5
992.909,69,108.0,1040.0,0.0,7.0,9.36,83.5,0.0,14.1,14.5
992.998,69,108.0,1039.0,0.0,7.0,9.36,83.5,0.0,14.1,14.5
993.088,69,108.0,1039.0,0.0,7.0,9.36,83.5,0.0,14.1,14.5
993.177,69,108.0,1039.0,0.0,6.0,9.36,83.5,0.0,14.1,14.5
993.268,69,108.0,1039.0,0.0,6.0,9.58,83.5,0.0,14.1,14.5
993.36,69,108.0,1039.0,0.0,6.0,9.58,83.5,0.0,14.1,14.5
993.448,69,108.0,1039.0,0.0,6.0,9.58,83.5,0.0,14.1,14.5
993.537,69,108.0,1039.0,0.0,6.0,9.58,83.5,0.0,14.1,14.5
993.628,69,108.0,1039.0,0.0,6.0,9.58,83.5,0.0,14.1,14.5
993.718,69,108.0,1039.0,0.0,6.0,9.58,83.5,0.0,14.1,14.5
993.807,69,108.0,1039.0,0.0,6.0,9.58,83.5,0.0,14.1,14.5
993.897,69,108.0,1040.0,0.0,6.0,9.58,83.5,0.0,14.1,14.5
993.987,69,108.0,1040.0,0.0,6.0,9.58,83.5,0.0,14.1,14.5
994.151,69,108.0,1040.0,0.0,6.0,9.58,83.5,0.0,14.1,14.5
994.227,69,108.0,1040.0,0.0,6.0,9.47,83.5,0.0,14.1,14.5
994.318,69,108.0,1040.0,0.0,6.0,9.47,83.5,0.0,14.1,14.5
994.408,69,108.0,1040.0,0.0,6.0,9.47,83.5,0.0,14.1,14.5
994.549,69,108.0,1040.0,0.0,6.0,9.47,83.5,0.0,14.1,14.5
994.617,69,108.0,1040.0,0.0,6.0,9.47,83.5,0.0,14.1,14.5
994.707,69,108.0,1040.0,0.0,6.0,9.47,83.5,0.0,14.1,14.5
994.799,69,108.0,1040.0,0.0,6.0,9.47,83.5,0.0,14.1,14.5
994.918,69,108.0,1040.0,0.0,6.0,9.47,83.5,0.0,14.1,14.5
995.008,69,108.0,1040.0,0.0,6.0,9.47,83.5,0.0,14.1,14.5
995.097,69,108.0,1040.0,0.0,6.0,9.47,83.5,0.0,14.1,14.5
995.212,69,108.0,1040.0,0.0,6.0,9.47,83.5,0.0,14.1,14.5
995.277,69,108.0,1040.0,0.0,6.0,9.47,83.5,0.0,14.1,14.5
995.367,69,108.0,1040.0,0.0,6.0,9.47,83.5,0.0,14.1,14.5
995.467,69,108.0,1040.0,0.0,6.0,9.47,83.5,0.0,14.1,14.5
995.548,69,108.0,1040.0,0.0,6.0,9.47,83.5,0.0,14.1,14.5
995.638,69,108.0,1040.0,0.0,6.0,9.47,83.5,0.0,14.1,14.5
995.728,69,108.0,1040.0,0.0,6.0,9.47,83.5,0.0,14.1,14.5
995.819,69,108.0,1040.0,0.0,6.0,9.47,83.5,0.0,14.1,14.5
995.908,69,108.0,1040.0,0.0,6.0,9.47,83.5,0.0,14.1,14.5
995.998,69,108.0,1040.0,0.0,6.0,9.47,83.5,0.0,14.1,14.5
996.088,69,108.0,1040.0,0.0,6.0,9.47,83.5,0.0,14.1,14.5
996.178,69,108.0,1040.0,0.0,6.0,9.47,83.5,0.0,14.1,14.5
996.268,69,108.0,1040.0,0.0,6.0,9.47,83.5,0.0,14.1,14.5
996.358,69,108.0,1040.0,0.0,6.0,9.47,83.5,0.0,14.1,14.5
996.449,69,108.0,1040.0,0.0,6.0,9.47,83.5,0.0,14.1,14.5
996.539,69,108.0,1040.0,0.0,6.0,9.47,83.5,0.0,14.1,14.5
996.63,69,108.0,1040.0,0.0,6.0,9.47,83.5,0.0,14.1,14.5
996.719,69,108.0,1040.0,0.0,6.0,9.47,83.5,0.0,14.1,14.5
996.809,69,108.0,1040.0,0.0,6.0,9.47,83.5,0.0,14.1,14.5
996.899,69,108.0,1040.0,0.0,6.0,9.47,83.5,0.0,14.1,14.5
996.988,69,108.0,1040.0,0.0,6.0,9.47,83.5,0.0,14.1,14.5
997.078,69,108.0,1040.0,0.0,6.0,9.47,83.5,0.0,14.1,14.5
997.168,69,108.0,1040.0,0.0,6.0,9.47,83.5,0.0,14.1,14.5
997.259,69,108.0,1040.0,0.0,6.0,9.47,83.5,0.0,14.1,14.5
997.349,69,108.0,1040.0,0.0,6.0,9.47,83.5,0.0,14.1,14.5
997.438,69,108.0,1040.0,0.0,6.0,9.47,83.5,0.0,14.1,14.5
997.529,69,108.0,1040.0,0.0,6.0,9.47,83.5,0.0,14.1,14.5
997.619,69,108.0,1039.0,0.0,6.0,9.47,83.5,0.0,14.1,14.5
997.708,69,108.0,1039.0,0.0,6.0,9.47,83.5,0.0,14.1,14.5
997.798,69,108.0,1039.0,0.0,7.0,9.47,83.5,0.0,14.1,14.5
997.888,69,108.0,1039.0,0.0,7.0,9.58,83.5,0.0,14.1,14.5
997.977,69,108.0,1039.0,0.0,7.0,9.58,83.5,0.0,14.1,14.5
998.068,69,108.0,1039.0,0.0,7.0,9.58,83.5,0.0,14.1,14.5
998.158,69,108.0,1039.0,0.0,7.0,9.58,83.5,0.0,14.1,14.5
998.248,69,108.0,1039.0,0.0,7.0,9.58,83.5,0.0,14.1,14.5
998.368,69,108.0,1039.0,0.0,7.0,9.58,83.5,0.0,14.1,14.5
998.459,69,108.0,1039.0,0.0,7.0,9.58,83.5,0.0,14.1,14.5
998.548,69,108.0,1040.0,0.0,7.0,9.58,83.5,0.0,14.1,14.5
998.638,69,108.0,1040.0,0.0,7.0,9.58,83.5,0.0,14.1,14.5
998.727,69,108.0,1040.0,0.0,7.0,9.58,83.5,0.0,14.1,14.5
998.817,69,108.0,1040.0,0.0,7.0,9.33,83.5,0.0,14.1,14.5
998.907,69,108.0,1040.0,0.0,7.0,9.33,83.5,0.0,14.1,14.5
998.997,69,108.0,1040.0,0.0,7.0,9.33,83.5,0.0,14.1,14.5
999.088,69,108.0,1040.0,0.0,7.0,9.33,83.5,0.0,14.1,14.5
999.178,69,108.0,1040.0,0.0,7.0,9.33,83.5,0.0,14.1,14.5
999.268,69,108.0,1040.0,0.0,7.0,9.33,83.5,0.0,14.1,14.5
999.358,69,108.0,1040.0,0.0,7.0,9.33,83.5,0.0,14.1,14.5
999.449,69,108.0,1041.0,0.0,7.0,9.33,83.5,0.0,14.1,14.5
999.539,69,108.0,1041.0,0.0,7.0,9.33,83.5,0.0,14.1,14.5
999.629,69,108.0,1041.0,0.0,7.0,9.33,83.5,0.0,14.1,14.5
999.719,69,108.0,1041.0,0.0,7.0,9.38,83.5,0.0,14.1,14.5
999.808,69,108.0,1041.0,0.0,7.0,9.38,83.5,0.0,14.1,14.5
999.899,69,108.0,1041.0,0.0,7.0,9.38,83.5,0.0,14.1,14.5
999.988,69,108.0,1041.0,0.0,7.0,9.38,83.5,0.0,14.1,14.5
1000.109,69,108.0,1041.0,0.0,7.0,9.38,83.5,0.0,14.1,14.5
1000.199,69,108.0,1041.0,0.0,7.0,9.38,83.5,0.0,14.1,14.5
1000.289,69,108.0,1041.0,0.0,7.0,9.38,83.5,0.0,14.1,14.5
1000.379,69,108.0,1041.0,0.0,7.0,9.38,83.5,0.0,14.1,14.5
1000.468,69,108.0,1041.0,0.0,7.0,9.38,83.5,0.0,14.1,14.5
1000.558,69,108.0,1041.0,0.0,7.0,9.38,83.5,0.0,14.1,14.5
1000.648,69,108.0,1041.0,0.0,7.0,9.38,83.5,0.0,14.1,14.5
1000.738,69,108.0,1041.0,0.0,7.0,9.38,83.5,0.0,14.1,14.5
1000.828,69,108.0,1041.0,0.0,7.0,9.38,83.5,0.0,14.1,14.5
1000.919,69,108.0,1041.0,0.0,7.0,9.38,83.5,0.0,14.1,14.5
1001.008,69,108.0,1041.0,0.0,7.0,9.38,83.5,0.0,14.1,14.5
1001.098,69,108.0,1041.0,0.0,7.0,9.38,83.5,0.0,14.1,14.5
1001.189,69,108.0,1041.0,0.0,7.0,9.38,83.5,0.0,14.1,14.5
1001.279,69,108.0,1040.0,0.0,7.0,9.38,83.5,0.0,14.1,14.5
1001.368,69,108.0,1040.0,0.0,7.0,9.38,83.5,0.0,14.1,14.5
1001.467,69,108.0,1040.0,0.0,7.0,9.38,83.5,0.0,14.1,14.5
1001.551,69,108.0,1040.0,0.0,7.0,9.47,83.5,0.0,14.1,14.5
1001.64,69,108.0,1040.0,0.0,7.0,9.47,83.5,0.0,14.1,14.5
1001.729,69,108.0,1040.0,0.0,7.0,9.47,83.5,0.0,14.1,14.5
1001.818,69,108.0,1040.0,0.0,7.0,9.47,83.5,0.0,14.1,14.5
1001.908,69,108.0,1040.0,0.0,7.0,9.47,83.5,0.0,14.1,14.5
1001.998,69,108.0,1040.0,0.0,7.0,9.47,83.5,0.0,14.1,14.5
1002.088,69,108.0,1040.0,0.0,7.0,9.47,83.5,0.0,14.1,14.5
1002.178,69,108.0,1040.0,0.0,7.0,9.47,83.5,0.0,14.1,14.5
1002.268,69,108.0,1040.0,0.0,7.0,9.47,83.5,0.0,14.1,14.5
1002.358,69,108.0,1040.0,0.0,7.0,9.47,83.5,0.0,14.1,14.5
1002.45,69,108.0,1040.0,0.0,7.0,9.55,83.5,0.0,14.1,14.5
1002.539,69,108.0,1040.0,0.0,7.0,9.55,83.5,0.0,14.1,14.5
1002.629,69,108.0,1040.0,0.0,7.0,9.55,83.5,0.0,14.1,14.5
1002.718,69,108.0,1040.0,0.0,7.0,9.55,83.5,0.0,14.5,14.5
1002.809,69,108.0,1040.0,0.0,7.0,9.55,83.5,0.0,14.5,14.5
1002.899,69,108.0,1040.0,0.0,7.0,9.55,83.5,0.0,14.5,14.5
1002.988,69,108.0,1040.0,0.0,7.0,9.55,83.5,0.0,14.5,14.5
1003.078,69,108.0,1040.0,0.0,7.0,9.55,83.5,0.0,14.5,14.5
1003.168,69,108.0,1040.0,0.0,7.0,9.55,83.5,0.0,14.5,14.5
1003.259,69,108.0,1040.0,0.0,7.0,9.55,83.5,0.0,14.5,14.5
1003.349,69,108.0,1040.0,0.0,7.0,9.27,83.5,0.0,14.5,14.5
1003.439,69,108.0,1040.0,0.0,7.0,9.27,83.5,0.0,14.5,14.5
1003.529,69,108.0,1040.0,0.0,7.0,9.27,83.5,0.0,14.5,14.5
1003.619,69,108.0,1040.0,0.0,7.0,9.27,83.5,0.0,14.1,14.5
1003.709,69,108.0,1040.0,0.0,7.0,9.27,83.5,0.0,14.1,14.5
1003.798,69,108.0,1040.0,0.0,7.0,9.27,83.5,0.0,14.1,14.5
1003.894,69,108.0,1040.0,0.0,7.0,9.27,83.5,0.0,14.1,14.5
1003.978,69,108.0,1039.0,0.0,7.0,9.27,83.5,0.0,14.1,14.5
1004.068,69,108.0,1039.0,0.0,7.0,9.27,83.5,0.0,14.1,14.5
1004.158,69,108.0,1039.0,0.0,7.0,9.27,83.5,0.0,14.1,14.5
1004.248,69,108.0,1039.0,0.0,7.0,9.41,83.5,0.0,14.1,14.5
1004.338,69,108.0,1039.0,0.0,7.0,9.41,83.5,0.0,14.1,14.5
1004.428,69,108.0,1039.0,0.0,7.0,9.41,83.5,0.0,14.1,14.5
1004.518,69,108.0,1039.0,0.0,7.0,9.41,83.5,0.0,14.1,14.5
1004.608,69,108.0,1039.0,0.0,7.0,9.41,83.5,0.0,14.1,14.5
1004.697,69,108.0,1039.0,0.0,7.0,9.41,83.5,0.0,14.1,14.5
1004.787,69,108.0,1039.0,0.0,7.0,9.41,83.5,0.0,14.1,14.5
1004.878,69,108.0,1039.0,0.0,7.0,9.41,83.5,0.0,14.1,14.5
1004.968,69,108.0,1039.0,0.0,7.0,9.41,83.5,0.0,14.1,14.5
1005.058,69,108.0,1039.0,0.0,7.0,9.41,83.5,0.0,14.1,14.5
1005.148,69,108.0,1039.0,0.0,7.0,9.38,83.5,0.0,14.1,14.5
1005.238,69,108.0,1039.0,0.0,7.0,9.38,83.5,0.0,14.1,14.5
1005.328,69,108.0,1039.0,0.0,7.0,9.38,83.5,0.0,14.1,14.5
1005.419,69,108.0,1039.0,0.0,7.0,9.38,83.5,0.0,14.1,14.5
1005.509,69,108.0,1039.0,0.0,7.0,9.38,83.5,0.0,14.1,14.5
1005.599,69,108.0,1039.0,0.0,7.0,9.38,83.5,0.0,14.1,14.5
1005.689,69,108.0,1039.0,0.0,7.0,9.38,83.5,0.0,14.1,14.5
1005.779,69,108.0,1040.0,0.0,7.0,9.38,83.5,0.0,14.1,14.5
1005.869,69,108.0,1040.0,0.0,7.0,9.38,83.5,0.0,14.1,14.5
1005.958,69,108.0,1040.0,0.0,7.0,9.38,83.5,0.0,14.1,14.5
1006.048,69,108.0,1040.0,0.0,7.0,9.36,83.5,0.0,14.1,14.5
1006.138,69,108.0,1040.0,0.0,7.0,9.36,83.5,0.0,14.1,14.5
1006.229,69,108.0,1040.0,0.0,7.0,9.36,83.5,0.0,14.1,14.5
1006.319,69,108.0,1040.0,0.0,7.0,9.36,83.5,0.0,14.5,14.5
1006.409,69,108.0,1040.0,0.0,7.0,9.36,83.5,0.0,14.5,14.5
1006.499,69,108.0,1040.0,0.0,7.0,9.36,83.5,0.0,14.5,14.5
1006.589,69,108.0,1040.0,0.0,7.0,9.36,83.5,0.0,14.5,14.5
1006.678,69,108.0,1040.0,0.0,7.0,9.36,83.5,0.0,14.5,14.5
1006.768,69,108.0,1040.0,0.0,7.0,9.36,83.5,0.0,14.5,14.5
1006.859,69,108.0,1040.0,0.0,7.0,9.36,83.5,0.0,14.5,14.5
1006.949,69,108.0,1040.0,0.0,7.0,9.33,83.5,0.0,14.5,14.5
1007.039,69,108.0,1040.0,0.0,7.0,9.33,83.5,0.0,14.5,14.5
1007.128,69,108.0,1040.0,0.0,7.0,9.33,83.5,0.0,14.5,14.5
1007.218,69,108.0,1040.0,0.0,7.0,9.33,83.5,0.0,14.1,14.5
1007.309,69,108.0,1040.0,0.0,7.0,9.33,83.5,0.0,14.1,14.5
1007.399,69,108.0,1040.0,0.0,7.0,9.33,83.5,0.0,14.1,14.5
1007.489,69,108.0,1040.0,0.0,7.0,9.33,83.5,0.0,14.1,14.5
1007.579,69,108.0,1038.0,0.0,7.0,9.33,83.5,0.0,14.1,14.5
1007.668,69,108.0,1038.0,0.0,7.0,9.33,83.5,0.0,14.1,14.5
1007.759,69,108.0,1038.0,0.0,7.0,9.33,83.5,0.0,14.1,14.5
1007.848,69,108.0,1038.0,0.0,7.0,9.55,83.5,0.0,14.1,14.5
1007.942,69,108.0,1038.0,0.0,7.0,9.55,83.5,0.0,14.1,14.5
1008.028,69,108.0,1038.0,0.0,7.0,9.55,83.5,0.0,14.1,14.5
1008.118,69,108.0,1038.0,0.0,7.0,9.55,83.5,0.0,14.1,14.5
1008.208,69,108.0,1038.0,0.0,7.0,9.55,83.5,0.0,14.1,14.5
1008.298,69,108.0,1038.0,0.0,7.0,9.55,83.5,0.0,14.1,14.5
1008.388,69,108.0,1038.0,0.0,7.0,9.55,83.5,0.0,14.1,14.5
1008.478,69,108.0,1040.0,0.0,7.0,9.55,83.5,0.0,14.1,14.5
1008.569,69,108.0,1040.0,0.0,7.0,9.55,83.5,0.0,14.1,14.5
1008.659,69,108.0,1040.0,0.0,7.0,9.55,83.5,0.0,14.1,14.5
1008.749,69,108.0,1040.0,0.0,7.0,9.38,83.5,0.0,14.1,14.5
1008.839,69,108.0,1040.0,0.0,7.0,9.38,83.5,0.0,14.1,14.5
1008.929,69,108.0,1040.0,0.0,7.0,9.38,83.5,0.0,14.1,14.5
1009.018,69,108.0,1040.0,0.0,7.0,9.38,83.5,0.0,14.1,14.5
1009.109,69,108.0,1040.0,0.0,7.0,9.38,83.5,0.0,14.1,14.5
1009.199,69,108.0,1040.0,0.0,7.0,9.38,83.5,0.0,14.1,14.5
1009.289,69,108.0,1040.0,0.0,7.0,9.38,83.5,0.0,14.1,14.5
1009.379,69,108.0,1039.0,0.0,7.0,9.38,83.5,0.0,14.1,14.5
1009.468,69,108.0,1039.0,0.0,7.0,9.38,83.5,0.0,14.1,14.5
1009.558,69,108.0,1039.0,0.0,7.0,9.38,83.5,0.0,14.1,14.5
1009.649,69,108.0,1039.0,0.0,7.0,9.72,83.5,0.0,14.1,14.5
1009.739,69,108.0,1039.0,0.0,7.0,9.72,83.5,0.0,14.1,14.5
1009.828,69,108.0,1039.0,0.0,7.0,9.72,83.5,0.0,14.1,14.5
1009.919,69,108.0,1039.0,0.0,7.0,9.72,83.5,0.0,14.1,14.5
1010.008,69,108.0,1039.0,0.0,7.0,9.72,83.5,0.0,14.1,14.5
1010.098,69,108.0,1039.0,0.0,7.0,9.72,83.5,0.0,14.1,14.5
1010.189,69,108.0,1039.0,0.0,7.0,9.72,83.5,0.0,14.1,14.5
1010.279,69,108.0,1039.0,0.0,7.0,9.72,83.5,0.0,14.1,14.5
1010.369,69,108.0,1039.0,0.0,7.0,9.72,83.5,0.0,14.1,14.5
1010.459,69,108.0,1039.0,0.0,7.0,9.72,83.5,0.0,14.1,14.5
1010.548,69,108.0,1039.0,0.0,7.0,9.38,83.5,0.0,14.1,14.5
1010.669,69,108.0,1039.0,0.0,7.0,9.38,83.5,0.0,14.1,14.5
1010.759,69,108.0,1039.0,0.0,7.0,9.38,83.5,0.0,14.1,14.5
1010.849,69,108.0,1039.0,0.0,7.0,9.38,83.5,0.0,14.1,14.5
1010.939,69,108.0,1039.0,0.0,7.0,9.38,83.5,0.0,14.1,14.5
1011.028,69,108.0,1039.0,0.0,7.0,9.38,83.5,0.0,14.1,14.5
1011.118,69,108.0,1039.0,0.0,7.0,9.38,83.5,0.0,14.1,14.5
1011.208,69,108.0,1039.0,0.0,7.0,9.38,83.5,0.0,14.1,14.5
1011.298,69,108.0,1039.0,0.0,7.0,9.38,83.5,0.0,14.1,14.5
1011.388,69,108.0,1039.0,0.0,7.0,9.38,83.5,0.0,14.1,14.5
1011.478,69,108.0,1039.0,0.0,7.0,9.44,83.5,0.0,14.1,14.5
1011.568,69,108.0,1039.0,0.0,7.0,9.44,83.5,0.0,14.1,14.5
1011.658,69,108.0,1039.0,0.0,7.0,9.44,83.5,0.0,14.1,14.5
1011.751,69,108.0,1039.0,0.0,7.0,9.44,83.5,0.0,14.1,14.5
1011.839,69,108.0,1039.0,0.0,7.0,9.44,83.5,0.0,14.1,14.5
1011.928,69,108.0,1039.0,0.0,7.0,9.44,83.5,0.0,14.1,14.5
1012.018,69,108.0,1039.0,0.0,7.0,9.44,83.5,0.0,14.1,14.5
1012.108,69,108.0,1039.0,0.0,7.0,9.44,83.5,0.0,14.1,14.5
1012.198,69,108.0,1039.0,0.0,7.0,9.44,83.5,0.0,14.1,14.5
1012.289,69,108.0,1039.0,0.0,7.0,9.44,83.5,0.0,14.1,14.5
1012.378,69,108.0,1039.0,0.0,7.0,9.49,83.5,0.0,14.1,14.5
1012.468,69,108.0,1039.0,0.0,7.0,9.49,83.5,0.0,14.1,14.5
1012.558,69,108.0,1039.0,0.0,7.0,9.49,83.5,0.0,14.1,14.5
1012.648,69,108.0,1039.0,0.0,7.0,9.49,83.5,0.0,14.1,14.5
1012.739,69,108.0,1039.0,0.0,7.0,9.49,83.5,0.0,14.1,14.5
1012.829,69,108.0,1039.0,0.0,7.0,9.49,83.5,0.0,14.1,14.5
1012.919,69,108.0,1039.0,0.0,7.0,9.49,83.5,0.0,14.1,14.5
1013.008,69,108.0,1039.0,0.0,7.0,9.49,83.5,0.0,14.1,14.5
1013.098,69,108.0,1039.0,0.0,7.0,9.49,83.5,0.0,14.1,14.5
1013.19,69,108.0,1039.0,0.0,7.0,9.49,83.5,0.0,14.1,14.5
1013.279,69,108.0,1039.0,0.0,7.0,9.44,83.5,0.0,14.1,14.5
1013.398,69,108.0,1039.0,0.0,7.0,9.44,83.5,0.0,14.1,14.5
1013.489,69,108.0,1039.0,0.0,7.0,9.44,83.5,0.0,14.1,14.5
1013.579,69,108.0,1039.0,0.0,7.0,9.44,83.5,0.0,14.1,14.5
1013.67,69,108.0,1039.0,0.0,7.0,9.44,83.5,0.0,14.1,14.5
1013.759,69,108.0,1039.0,0.0,7.0,9.44,83.5,0.0,14.1,14.5
1013.849,69,108.0,1039.0,0.0,7.0,9.44,83.5,0.0,14.1,14.5
1013.938,69,108.0,1040.0,0.0,7.0,9.44,83.5,0.0,14.1,14.5
1014.028,69,108.0,1040.0,0.0,7.0,9.44,83.5,0.0,14.1,14.5
1014.118,69,108.0,1040.0,0.0,7.0,9.44,83.5,0.0,14.1,14.5
1014.209,69,108.0,1040.0,0.0,7.0,9.47,83.5,0.0,14.1,14.5
1014.298,69,108.0,1040.0,0.0,7.0,9.47,83.5,0.0,14.1,14.5
1014.389,69,108.0,1040.0,0.0,7.0,9.47,83.5,0.0,14.1,14.5
1014.478,69,108.0,1040.0,0.0,7.0,9.47,83.5,0.0,14.1,14.5
1014.57,69,108.0,1040.0,0.0,7.0,9.47,83.5,0.0,14.1,14.5
1014.659,69,108.0,1040.0,0.0,7.0,9.47,83.5,0.0,14.1,14.5
1014.75,69,108.0,1040.0,0.0,7.0,9.47,83.5,0.0,14.1,14.5
1014.838,69,108.0,1040.0,0.0,7.0,9.47,83.5,0.0,14.1,14.5
1014.929,69,108.0,1040.0,0.0,7.0,9.47,83.5,0.0,14.1,14.5
1015.018,69,108.0,1040.0,0.0,7.0,9.47,83.5,0.0,14.1,14.5
1015.108,69,108.0,1040.0,0.0,7.0,9.69,83.5,0.0,14.1,14.5
1015.198,69,108.0,1040.0,0.0,7.0,9.69,83.5,0.0,14.1,14.5
1015.29,69,108.0,1040.0,0.0,7.0,9.69,83.5,0.0,14.1,14.5
1015.379,69,108.0,1040.0,0.0,7.0,9.69,83.5,0.0,14.1,14.5
1015.469,69,108.0,1040.0,0.0,7.0,9.69,83.5,0.0,14.1,14.5
1015.559,69,108.0,1040.0,0.0,7.0,9.69,83.5,0.0,14.1,14.5
1015.65,69,108.0,1040.0,0.0,7.0,9.69,83.5,0.0,14.1,14.5
1015.738,69,108.0,1040.0,0.0,7.0,9.69,83.5,0.0,14.1,14.5
1015.83,69,108.0,1040.0,0.0,7.0,9.69,83.5,0.0,14.1,14.5
1015.919,69,108.0,1040.0,0.0,7.0,9.69,83.5,0.0,14.1,14.5
1016.008,69,108.0,1040.0,0.0,7.0,9.3,83.5,0.0,14.1,14.5
1016.098,69,108.0,1040.0,0.0,7.0,9.3,83.5,0.0,14.1,14.5
1016.19,69,108.0,1040.0,0.0,7.0,9.3,83.5,0.0,14.1,14.5
1016.279,69,108.0,1040.0,0.0,7.0,9.3,83.5,0.0,14.1,14.5
1016.37,69,108.0,1040.0,0.0,7.0,9.3,83.5,0.0,14.1,14.5
1016.459,69,108.0,1040.0,0.0,7.0,9.3,83.5,0.0,14.1,14.5
1016.55,69,108.0,1040.0,0.0,7.0,9.3,83.5,0.0,14.1,14.5
1016.638,69,108.0,1040.0,0.0,7.0,9.3,83.5,0.0,14.1,14.5
1016.73,69,108.0,1040.0,0.0,7.0,9.3,83.5,0.0,14.1,14.5
1016.818,69,108.0,1040.0,0.0,7.0,9.3,83.5,0.0,14.1,14.5
1016.911,69,108.0,1040.0,0.0,7.0,9.58,83.5,0.0,14.1,14.5
1016.998,69,108.0,1040.0,0.0,7.0,9.58,83.5,0.0,14.1,14.5
1017.089,69,108.0,1040.0,0.0,7.0,9.58,83.5,0.0,14.1,14.5
1017.178,69,108.0,1040.0,0.0,7.0,9.58,83.5,0.0,14.1,14.5
1017.27,69,108.0,1040.0,0.0,7.0,9.58,83.5,0.0,14.1,14.5
1017.359,69,108.0,1040.0,0.0,7.0,9.58,83.5,0.0,14.1,14.5
1017.45,69,108.0,1040.0,0.0,7.0,9.58,83.5,0.0,14.1,14.5
1017.538,69,108.0,1039.0,0.0,7.0,9.58,83.5,0.0,14.1,14.5
1017.63,69,108.0,1039.0,0.0,7.0,9.58,83.5,0.0,14.1,14.5
1017.719,69,108.0,1039.0,0.0,7.0,9.58,83.5,0.0,14.1,14.5
1017.809,69,108.0,1039.0,0.0,7.0,9.33,83.5,0.0,14.1,14.5
1017.898,69,108.0,1039.0,0.0,7.0,9.33,83.5,0.0,14.1,14.5
1017.987,69,108.0,1039.0,0.0,7.0,9.33,83.5,0.0,14.1,14.5
1018.077,69,108.0,1039.0,0.0,7.0,9.33,83.5,0.0,14.1,14.5
1018.168,69,108.0,1039.0,0.0,7.0,9.33,83.5,0.0,14.1,14.5
1018.258,69,108.0,1039.0,0.0,7.0,9.33,83.5,0.0,14.1,14.5
1018.408,69,108.0,1039.0,0.0,7.0,9.33,83.5,0.0,14.1,14.5
1018.498,69,108.0,1040.0,0.0,7.0,9.33,83.5,0.0,14.1,14.5
1018.589,69,108.0,1040.0,0.0,7.0,9.33,83.5,0.0,14.1,14.5
1018.679,69,108.0,1040.0,0.0,7.0,9.33,83.5,0.0,14.1,14.5
1018.77,69,108.0,1040.0,0.0,7.0,9.38,83.5,0.0,14.1,14.5
1018.859,69,108.0,1040.0,0.0,7.0,9.38,83.5,0.0,14.1,14.5
1018.962,69,108.0,1040.0,0.0,7.0,9.38,83.5,0.0,14.1,14.5
1019.038,69,108.0,1040.0,0.0,7.0,9.38,83.5,0.0,14.1,14.5
1019.129,69,108.0,1040.0,0.0,7.0,9.38,83.5,0.0,14.1,14.5
1019.22,69,108.0,1040.0,0.0,7.0,9.38,83.5,0.0,14.1,14.5
1019.31,69,108.0,1040.0,0.0,7.0,9.38,83.5,0.0,14.1,14.5
1019.399,69,108.0,1042.0,0.0,7.0,9.38,83.5,0.0,14.1,14.5
1019.49,69,108.0,1042.0,0.0,7.0,9.38,83.5,0.0,14.1,14.5
1019.579,69,108.0,1042.0,0.0,8.0,9.38,83.5,0.0,14.1,14.5
1019.669,69,108.0,1042.0,0.0,8.0,9.49,83.5,0.0,14.1,14.5
1019.758,69,108.0,1042.0,0.0,8.0,9.49,83.5,0.0,14.1,14.5
1019.85,69,108.0,1042.0,0.0,8.0,9.49,83.5,0.0,14.1,14.5
1019.939,69,108.0,1042.0,0.0,8.0,9.49,83.5,0.0,14.9,14.5
1020.028,69,108.0,1042.0,0.0,8.0,9.49,83.5,0.0,14.9,14.9
1020.118,69,108.0,1042.0,0.0,8.0,9.49,83.5,0.0,14.9,14.9
1020.209,69,108.0,1042.0,0.0,8.0,9.49,83.5,0.0,14.9,14.9
1020.269,69,108.0,1041.0,0.0,8.0,9.49,83.5,0.0,14.9,14.9
1020.357,69,108.0,1041.0,0.0,8.0,9.49,83.5,0.0,14.9,14.9
1020.447,69,108.0,1041.0,0.0,8.0,9.49,83.5,0.0,14.9,14.9
1020.537,69,108.0,1041.0,0.0,8.0,9.66,83.5,0.0,14.9,14.9
1020.627,69,108.0,1041.0,0.0,8.0,9.66,83.5,0.0,14.9,14.9
1020.717,69,108.0,1041.0,0.0,8.0,9.66,83.5,0.0,14.9,14.9
1020.807,69,108.0,1041.0,0.0,8.0,9.66,83.5,0.0,15.3,14.9
1020.897,69,108.0,1041.0,0.0,8.0,9.66,83.5,0.0,15.3,14.9
1020.987,69,108.0,1041.0,0.0,8.0,9.66,83.5,0.0,15.3,14.9
1021.078,69,108.0,1041.0,0.0,8.0,9.66,83.5,0.0,15.3,14.9
1021.169,69,108.0,996.0,0.0,8.0,9.66,83.5,0.0,15.3,14.9
1021.258,69,108.0,996.0,0.0,8.0,9.66,83.5,0.0,15.3,14.9
1021.35,69,108.0,996.0,0.0,8.0,9.66,83.5,0.0,15.3,14.9
1021.438,69,108.0,996.0,0.0,8.0,8.83,83.5,0.0,15.3,14.9
1021.529,69,108.0,996.0,0.0,8.0,8.83,83.5,0.0,15.3,14.9
1021.618,69,108.0,996.0,0.0,8.0,8.83,83.5,0.0,15.3,14.9
1021.71,69,108.0,996.0,0.0,8.0,8.83,83.5,0.0,15.3,14.9
1021.798,69,108.0,996.0,0.0,8.0,8.83,83.5,0.0,15.3,14.9
1021.889,69,108.0,996.0,0.0,8.0,8.83,83.5,0.0,15.3,14.9
1021.978,69,108.0,996.0,0.0,8.0,8.83,83.5,0.0,15.3,14.9
1022.069,69,108.0,975.0,0.0,8.0,8.83,83.5,0.0,15.3,14.9
1022.158,69,108.0,975.0,3.0,8.0,8.83,83.5,0.0,15.3,14.9
1022.219,69,108.0,975.0,3.0,7.0,8.83,83.5,0.0,15.3,14.9
1022.309,69,108.0,975.0,3.0,7.0,10.58,83.5,0.0,15.3,14.9
1022.398,69,108.0,975.0,3.0,7.0,10.58,83.5,0.0,15.3,14.9
1022.489,69,108.0,975.0,3.0,7.0,10.58,83.5,0.0,15.3,14.9
1022.578,69,108.0,975.0,3.0,7.0,10.58,83.5,0.0,15.3,14.9
1022.669,69,108.0,975.0,3.0,7.0,10.58,83.5,0.0,15.3,14.9
1022.758,69,108.0,975.0,3.0,7.0,10.58,83.5,0.0,15.3,14.9
1022.85,69,110.0,975.0,3.0,7.0,10.58,83.5,0.0,15.3,14.9
1022.938,69,110.0,946.0,3.0,7.0,10.58,83.5,0.0,15.3,14.9
1023.027,69,110.0,946.0,9.0,7.0,10.58,83.5,0.0,15.3,14.9
1023.118,69,110.0,946.0,9.0,9.0,10.58,83.5,0.0,15.3,14.9
1023.209,69,110.0,946.0,9.0,9.0,13.55,83.5,0.0,15.3,14.9
1023.329,69,110.0,946.0,9.0,9.0,13.55,83.5,0.0,15.3,14.9
1023.419,69,110.0,946.0,9.0,9.0,13.55,83.5,0.0,15.3,14.9
1023.509,69,110.0,946.0,9.0,9.0,13.55,83.5,0.0,27.1,14.9
1023.598,69,110.0,946.0,9.0,9.0,13.55,83.5,0.0,27.1,28.6
1023.689,69,110.0,946.0,9.0,9.0,13.55,83.5,0.0,27.1,28.6
1023.778,69,114.0,946.0,9.0,9.0,13.55,83.5,0.0,27.1,28.6
1023.869,69,114.0,1456.0,9.0,9.0,13.55,83.5,0.0,27.1,28.6
1023.959,69,114.0,1456.0,13.0,9.0,13.55,83.5,0.0,27.1,28.6
1024.077,69,114.0,1456.0,13.0,11.0,13.55,83.5,0.0,27.1,28.6
1024.169,69,114.0,1456.0,13.0,11.0,22.08,83.5,0.0,27.1,28.6
1024.258,69,114.0,1456.0,13.0,11.0,22.08,83.5,0.0,27.1,28.6
1024.349,69,114.0,1456.0,13.0,11.0,22.08,83.5,0.0,27.1,28.6
1024.438,69,114.0,1456.0,13.0,11.0,22.08,83.5,0.0,29.8,28.6
1024.528,69,114.0,1456.0,13.0,11.0,22.08,83.5,0.0,29.8,23.9
1024.618,69,114.0,1456.0,13.0,11.0,22.08,83.5,0.0,29.8,23.9
1024.71,69,124.0,1456.0,13.0,11.0,22.08,83.5,0.0,29.8,23.9
1024.799,69,124.0,1530.0,13.0,11.0,22.08,83.5,0.0,29.8,23.9
1024.888,69,124.0,1530.0,15.0,11.0,22.08,83.5,0.0,29.8,23.9
1024.977,69,124.0,1530.0,15.0,12.0,22.08,83.5,0.0,29.8,23.9
1025.067,69,124.0,1530.0,15.0,12.0,10.41,83.5,0.0,29.8,23.9
1025.158,69,124.0,1530.0,15.0,12.0,10.41,83.5,0.0,29.8,23.9
1025.248,69,124.0,1530.0,15.0,12.0,10.41,83.5,0.0,29.8,23.9
1025.338,69,124.0,1530.0,15.0,12.0,10.41,83.5,0.0,15.3,23.9
1025.431,69,124.0,1530.0,15.0,12.0,10.41,83.5,0.0,15.3,17.3
1025.519,69,124.0,1530.0,15.0,12.0,10.41,83.5,0.0,15.3,17.3
1025.609,69,105.0,1530.0,15.0,12.0,10.41,83.5,0.0,15.3,17.3
1025.698,69,105.0,978.0,15.0,12.0,10.41,83.5,0.0,15.3,17.3
1025.789,69,105.0,978.0,15.0,12.0,10.41,83.5,0.0,15.3,17.3
1025.88,69,105.0,978.0,15.0,9.0,10.41,83.5,0.0,15.3,17.3
1025.968,69,105.0,978.0,15.0,9.0,9.8,83.5,0.0,15.3,17.3
1026.057,69,105.0,978.0,15.0,9.0,9.8,83.5,0.0,15.3,17.3
1026.149,69,105.0,978.0,15.0,9.0,9.8,83.5,0.0,15.3,17.3
1026.269,69,105.0,978.0,15.0,9.0,9.8,83.5,0.0,19.2,17.3
1026.358,69,105.0,978.0,15.0,9.0,9.8,83.5,0.0,19.2,18.4
1026.448,69,105.0,978.0,15.0,9.0,9.8,83.5,0.0,19.2,18.4
1026.538,69,107.0,978.0,15.0,9.0,9.8,83.5,0.0,19.2,18.4
1026.634,69,107.0,1016.0,15.0,9.0,9.8,83.5,0.0,19.2,18.4
1026.718,69,107.0,1016.0,17.0,9.0,9.8,83.5,0.0,19.2,18.4
1026.809,69,107.0,1016.0,17.0,8.0,9.8,83.5,0.0,19.2,18.4
1026.898,69,107.0,1016.0,17.0,8.0,8.69,83.5,0.0,19.2,18.4
1026.987,69,107.0,1016.0,17.0,8.0,8.69,83.5,0.0,19.2,18.4
1027.078,69,107.0,1016.0,17.0,8.0,8.69,83.5,0.0,19.2,18.4
1027.168,69,107.0,1016.0,17.0,8.0,8.69,83.5,0.0,14.1,18.4
1027.258,69,107.0,1016.0,17.0,8.0,8.69,83.5,0.0,14.1,14.5
1027.319,69,107.0,1016.0,17.0,8.0,8.69,83.5,0.0,14.1,14.5
1027.408,69,108.0,1016.0,17.0,8.0,8.69,83.5,0.0,14.1,14.5
1027.471,69,108.0,1071.0,17.0,8.0,8.69,83.5,0.0,14.1,14.5
1027.558,69,108.0,1071.0,18.0,8.0,8.69,83.5,0.0,14.1,14.5
1027.649,69,108.0,1071.0,18.0,6.0,8.69,83.5,0.0,14.1,14.5
1027.738,69,108.0,1071.0,18.0,6.0,8.86,83.5,0.0,14.1,14.5
1027.83,69,108.0,1071.0,18.0,6.0,8.86,83.5,0.0,14.1,14.5
1027.918,69,108.0,1071.0,18.0,6.0,8.86,83.5,0.0,14.1,14.5
1028.008,69,108.0,1071.0,18.0,6.0,8.86,83.5,0.0,18.8,14.5
1028.098,69,108.0,1071.0,18.0,6.0,8.86,83.5,0.0,18.8,19.6
1028.188,69,108.0,1071.0,18.0,6.0,8.86,83.5,0.0,18.8,19.6
1028.281,69,109.0,1071.0,18.0,6.0,8.86,83.5,0.0,18.8,19.6
1028.398,69,109.0,1099.0,18.0,6.0,8.86,83.5,0.0,18.8,19.6
1028.488,69,109.0,1099.0,19.0,6.0,8.86,83.5,0.0,18.8,19.6
1028.58,69,109.0,1099.0,19.0,6.0,8.86,83.5,0.0,18.8,19.6
1028.668,69,109.0,1099.0,19.0,6.0,10.02,83.5,0.0,18.8,19.6
1028.758,69,109.0,1099.0,19.0,6.0,10.02,83.5,0.0,18.8,19.6
1028.848,69,109.0,1099.0,19.0,6.0,10.02,83.5,0.0,18.8,19.6
1028.939,69,109.0,1099.0,19.0,6.0,10.02,83.5,0.0,25.5,19.6
1029.029,69,109.0,1099.0,19.0,6.0,10.02,83.5,0.0,25.5,25.5
1029.118,69,109.0,1099.0,19.0,6.0,10.02,83.5,0.0,25.5,25.5
1029.208,69,109.0,1099.0,19.0,6.0,10.02,83.5,0.0,25.5,25.5
1029.269,69,109.0,1193.0,19.0,6.0,10.02,83.5,0.0,25.5,25.5
1029.358,69,109.0,1193.0,20.0,6.0,10.02,83.5,0.0,25.5,25.5
1029.419,69,109.0,1193.0,20.0,8.0,10.02,83.5,0.0,25.5,25.5
1029.509,69,109.0,1193.0,20.0,8.0,10.69,83.5,0.0,25.5,25.5
1029.598,69,109.0,1193.0,20.0,8.0,10.69,83.5,0.0,25.5,25.5
1029.688,69,109.0,1193.0,20.0,8.0,10.69,83.5,0.0,25.5,25.5
1029.779,69,109.0,1193.0,20.0,8.0,10.69,83.5,0.0,25.5,25.5
1029.868,69,109.0,1193.0,20.0,8.0,10.69,83.5,0.0,25.5,25.5
1029.958,69,109.0,1193.0,20.0,8.0,10.69,83.5,0.0,25.5,25.5
1030.048,69,111.0,1193.0,20.0,8.0,10.69,83.5,0.0,25.5,25.5
1030.138,69,111.0,1262.0,20.0,8.0,10.69,83.5,0.0,25.5,25.5
1030.228,69,111.0,1262.0,22.0,8.0,10.69,83.5,0.0,25.5,25.5
1030.318,69,111.0,1262.0,22.0,9.0,10.69,83.5,0.0,25.5,25.5
1030.408,69,111.0,1262.0,22.0,9.0,12.58,83.5,0.0,25.5,25.5
1030.469,69,111.0,1262.0,22.0,9.0,12.58,83.5,0.0,25.5,25.5
1030.558,69,111.0,1262.0,22.0,9.0,12.58,83.5,0.0,25.5,25.5
1030.619,69,111.0,1262.0,22.0,9.0,12.58,83.5,0.0,19.6,25.5
1030.708,69,111.0,1262.0,22.0,9.0,12.58,83.5,0.0,19.6,16.1
1030.798,69,111.0,1262.0,22.0,9.0,12.58,83.5,0.0,19.6,16.1
1030.888,69,110.0,1262.0,22.0,9.0,12.58,83.5,0.0,19.6,16.1
1030.978,69,110.0,1244.0,22.0,9.0,12.58,83.5,0.0,19.6,16.1
1031.067,69,110.0,1244.0,22.0,9.0,12.58,83.5,0.0,19.6,16.1
1031.158,69,110.0,1244.0,22.0,10.0,12.58,83.5,0.0,19.6,16.1
1031.248,69,110.0,1244.0,22.0,10.0,10.8,83.5,0.0,19.6,16.1
1031.338,69,110.0,1244.0,22.0,10.0,10.8,83.5,0.0,19.6,16.1
1031.436,69,110.0,1244.0,22.0,10.0,10.8,83.5,0.0,19.6,16.1
1031.518,69,110.0,1244.0,22.0,10.0,10.8,83.5,0.0,14.1,16.1
1031.608,69,110.0,1244.0,22.0,10.0,10.8,83.5,0.0,14.1,14.5
1031.669,69,110.0,1244.0,22.0,10.0,10.8,83.5,0.0,14.1,14.5
1031.758,69,105.0,1244.0,22.0,10.0,10.8,83.5,0.0,14.1,14.5
1031.82,69,105.0,1177.0,22.0,10.0,10.8,83.5,0.0,14.1,14.5
1031.908,69,105.0,1177.0,20.0,10.0,10.8,83.5,0.0,14.1,14.5
1031.997,69,105.0,1177.0,20.0,9.0,10.8,83.5,0.0,14.1,14.5
1032.089,69,105.0,1177.0,20.0,9.0,9.94,83.5,0.0,14.1,14.5
1032.208,69,105.0,1177.0,20.0,9.0,9.94,83.5,0.0,14.1,14.5
1032.269,69,105.0,1177.0,20.0,9.0,9.94,83.5,0.0,14.1,14.5
1032.358,69,105.0,1177.0,20.0,9.0,9.94,83.5,0.0,14.1,14.5
1032.448,69,105.0,1177.0,20.0,9.0,9.94,83.5,0.0,14.1,14.5
1032.51,69,105.0,1177.0,20.0,9.0,9.94,83.5,0.0,14.1,14.5
1032.571,69,107.0,1177.0,20.0,9.0,9.94,83.5,0.0,14.1,14.5
1032.658,69,107.0,1081.0,20.0,9.0,9.94,83.5,0.0,14.1,14.5
1032.748,69,107.0,1081.0,18.0,9.0,9.94,83.5,0.0,14.1,14.5
1032.838,69,107.0,1081.0,18.0,9.0,9.94,83.5,0.0,14.1,14.5
1032.929,69,107.0,1081.0,18.0,9.0,9.41,83.5,0.0,14.1,14.5
1033.017,69,107.0,1081.0,18.0,9.0,9.41,83.5,0.0,14.1,14.5
1033.107,69,107.0,1081.0,18.0,9.0,9.41,83.5,0.0,14.1,14.5
1033.198,69,107.0,1081.0,18.0,9.0,9.41,83.5,0.0,14.1,14.5
1033.288,69,107.0,1081.0,18.0,9.0,9.41,83.5,0.0,14.1,14.5
1033.378,69,107.0,1081.0,18.0,9.0,9.41,83.5,0.0,14.1,14.5
1033.469,69,107.0,1081.0,18.0,9.0,9.41,83.5,0.0,14.1,14.5
1033.558,69,107.0,1014.0,18.0,9.0,9.41,83.5,0.0,14.1,14.5
1033.619,69,107.0,1014.0,17.0,9.0,9.41,83.5,0.0,14.1,14.5
1033.708,69,107.0,1014.0,17.0,8.0,9.41,83.5,0.0,14.1,14.5
1033.769,69,107.0,1014.0,17.0,8.0,9.11,83.5,0.0,14.1,14.5
1033.858,69,107.0,1014.0,17.0,8.0,9.11,83.5,0.0,14.1,14.5
1033.948,69,107.0,1014.0,17.0,8.0,9.11,83.5,0.0,14.1,14.5
1034.038,69,107.0,1014.0,17.0,8.0,9.11,83.5,0.0,14.1,14.5
1034.128,69,107.0,1014.0,17.0,8.0,9.11,83.5,0.0,14.1,14.5
1034.218,69,107.0,1014.0,17.0,8.0,9.11,83.5,0.0,14.1,14.5
1034.309,69,107.0,1014.0,17.0,8.0,9.11,83.5,0.0,14.1,14.5
1034.398,69,107.0,979.0,17.0,8.0,9.11,83.5,0.0,14.1,14.5
1034.464,69,107.0,979.0,17.0,8.0,9.11,83.5,0.0,14.1,14.5
1034.52,69,107.0,979.0,17.0,7.0,9.11,83.5,0.0,14.1,14.5
1034.608,69,107.0,979.0,17.0,7.0,8.99,83.5,0.0,14.1,14.5
1034.67,69,107.0,979.0,17.0,7.0,8.99,83.5,0.0,14.1,14.5
1034.758,69,107.0,979.0,17.0,7.0,8.99,83.5,0.0,14.1,14.5
1034.82,69,107.0,979.0,17.0,7.0,8.99,83.5,0.0,14.1,14.5
1034.908,69,107.0,979.0,17.0,7.0,8.99,83.5,0.0,14.1,14.5
1034.969,69,107.0,979.0,17.0,7.0,8.99,83.5,0.0,14.1,14.5
1035.058,69,107.0,979.0,17.0,7.0,8.99,83.5,0.0,14.1,14.5
1035.148,69,107.0,1016.0,17.0,7.0,8.99,83.5,0.0,14.1,14.5
1035.239,69,107.0,1016.0,16.0,7.0,8.99,83.5,0.0,14.1,14.5
1035.328,69,107.0,1016.0,16.0,7.0,8.99,83.5,0.0,14.1,14.5
1035.418,69,107.0,1016.0,16.0,7.0,9.27,83.5,0.0,14.1,14.5
1035.508,69,107.0,1016.0,16.0,7.0,9.27,83.5,0.0,14.1,14.5
1035.57,69,107.0,1016.0,16.0,7.0,9.27,83.5,0.0,14.1,14.5
1035.658,69,107.0,1016.0,16.0,7.0,9.27,83.5,0.0,14.1,14.5
1035.72,69,107.0,1016.0,16.0,7.0,9.27,83.5,0.0,14.1,14.5
1035.808,69,107.0,1016.0,16.0,7.0,9.27,83.5,0.0,14.1,14.5
1035.899,69,107.0,1016.0,16.0,7.0,9.27,83.5,0.0,14.1,14.5
1035.988,69,107.0,1029.0,16.0,7.0,9.27,83.5,0.0,14.1,14.5
1036.109,69,107.0,1029.0,14.0,7.0,9.27,83.5,0.0,14.1,14.5
1036.169,69,107.0,1029.0,14.0,7.0,9.27,83.5,0.0,14.1,14.5
1036.258,69,107.0,1029.0,14.0,7.0,9.24,83.5,0.0,14.1,14.5
1036.348,69,107.0,1029.0,14.0,7.0,9.24,83.5,0.0,14.1,14.5
1036.438,69,107.0,1029.0,14.0,7.0,9.24,83.5,0.0,14.1,14.5
1036.528,69,107.0,1029.0,14.0,7.0,9.24,83.5,0.0,14.1,14.5
1036.618,69,107.0,1029.0,14.0,7.0,9.24,83.5,0.0,14.1,14.5
1036.708,69,107.0,1029.0,14.0,7.0,9.24,83.5,0.0,14.1,14.5
1036.77,69,107.0,1029.0,14.0,7.0,9.24,83.5,0.0,14.1,14.5
1036.858,69,107.0,1036.0,14.0,7.0,9.24,83.5,0.0,14.1,14.5
1036.92,69,107.0,1036.0,12.0,7.0,9.24,83.5,0.0,14.1,14.5
1037.007,69,107.0,1036.0,12.0,8.0,9.24,83.5,0.0,14.1,14.5
1037.097,69,107.0,1036.0,12.0,8.0,8.97,83.5,0.0,14.1,14.5
1037.189,69,107.0,1036.0,12.0,8.0,8.97,83.5,0.0,14.1,14.5
1037.28,69,107.0,1036.0,12.0,8.0,8.97,83.5,0.0,14.1,14.5
1037.369,69,107.0,1036.0,12.0,8.0,8.97,83.5,0.0,14.1,14.5
1037.458,69,107.0,1036.0,12.0,8.0,8.97,83.5,0.0,14.1,14.5
1037.519,69,107.0,1036.0,12.0,8.0,8.97,83.5,0.0,14.1,14.5
1037.608,69,108.0,1036.0,12.0,8.0,8.97,83.5,0.0,14.1,14.5
1037.67,69,108.0,1036.0,12.0,8.0,8.97,83.5,0.0,14.1,14.5
1037.758,69,108.0,1036.0,11.0,8.0,8.97,83.5,0.0,14.1,14.5
1037.82,69,108.0,1036.0,11.0,8.0,8.97,83.5,0.0,14.1,14.5
1037.908,69,108.0,1036.0,11.0,8.0,9.72,83.5,0.0,14.1,14.5
1037.968,69,108.0,1036.0,11.0,8.0,9.72,83.5,0.0,14.1,14.5
1038.058,69,108.0,1036.0,11.0,8.0,9.72,83.5,0.0,14.1,14.5
1038.119,69,108.0,1036.0,11.0,8.0,9.72,83.5,0.0,14.1,14.5
1038.208,69,108.0,1036.0,11.0,8.0,9.72,83.5,0.0,14.1,14.5
1038.298,69,108.0,1036.0,11.0,8.0,9.72,83.5,0.0,14.1,14.5
1038.388,69,108.0,1036.0,11.0,8.0,9.72,83.5,0.0,14.1,14.5
1038.479,69,108.0,1039.0,11.0,8.0,9.72,83.5,0.0,14.1,14.5
1038.568,69,108.0,1039.0,10.0,8.0,9.72,83.5,0.0,14.1,14.5
1038.658,69,108.0,1039.0,10.0,8.0,9.72,83.5,0.0,14.1,14.5
1038.719,69,108.0,1039.0,10.0,8.0,9.33,83.5,0.0,14.1,14.5
1038.808,69,108.0,1039.0,10.0,8.0,9.33,83.5,0.0,14.1,14.5
1038.87,69,108.0,1039.0,10.0,8.0,9.33,83.5,0.0,14.1,14.5
1038.958,69,108.0,1039.0,10.0,8.0,9.33,83.5,0.0,14.1,14.5
1039.019,69,108.0,1039.0,10.0,8.0,9.33,83.5,0.0,14.1,14.5
1039.108,69,108.0,1039.0,10.0,8.0,9.33,83.5,0.0,14.1,14.5
1039.169,69,108.0,1039.0,10.0,8.0,9.33,83.5,0.0,14.1,14.5
1039.258,69,108.0,1037.0,10.0,8.0,9.33,83.5,0.0,14.1,14.5
1039.319,69,108.0,1037.0,8.0,8.0,9.33,83.5,0.0,14.1,14.5
1039.408,69,108.0,1037.0,8.0,8.0,9.33,83.5,0.0,14.1,14.5
1039.498,69,108.0,1037.0,8.0,8.0,9.63,83.5,0.0,14.1,14.5
1039.559,69,108.0,1037.0,8.0,8.0,9.63,83.5,0.0,14.1,14.5
1039.619,69,108.0,1037.0,8.0,8.0,9.63,83.5,0.0,14.1,14.5
1039.708,69,108.0,1037.0,8.0,8.0,9.63,83.5,0.0,14.1,14.5
1039.769,69,108.0,1037.0,8.0,8.0,9.63,83.5,0.0,14.1,14.5
1039.858,69,108.0,1037.0,8.0,8.0,9.63,83.5,0.0,14.1,14.5
1039.92,69,108.0,1037.0,8.0,8.0,9.63,83.5,0.0,14.1,14.5
1040.008,69,108.0,1040.0,8.0,8.0,9.63,83.5,0.0,14.1,14.5
1040.068,69,108.0,1040.0,6.0,8.0,9.63,83.5,0.0,14.1,14.5
1040.158,69,108.0,1040.0,6.0,8.0,9.63,83.5,0.0,14.1,14.5
1040.219,69,108.0,1040.0,6.0,8.0,9.44,83.5,0.0,14.1,14.5
1040.308,69,108.0,1040.0,6.0,8.0,9.44,83.5,0.0,14.1,14.5
1040.37,69,108.0,1040.0,6.0,8.0,9.44,83.5,0.0,14.1,14.5
1040.458,69,108.0,1040.0,6.0,8.0,9.44,83.5,0.0,14.1,14.5
1040.52,69,108.0,1040.0,6.0,8.0,9.44,83.5,0.0,14.1,14.5
1040.608,69,108.0,1040.0,6.0,8.0,9.44,83.5,0.0,14.1,14.5
1040.671,69,108.0,1040.0,6.0,8.0,9.44,83.5,0.0,14.1,14.5
1040.758,69,108.0,1040.0,6.0,8.0,9.44,83.5,0.0,14.1,14.5
1040.821,69,108.0,1040.0,4.0,8.0,9.44,83.5,0.0,14.1,14.5
1040.908,69,108.0,1040.0,4.0,8.0,9.44,83.5,0.0,14.1,14.5
1040.968,69,108.0,1040.0,4.0,8.0,9.47,83.5,0.0,14.1,14.5
1041.058,69,108.0,1040.0,4.0,8.0,9.47,83.5,0.0,14.1,14.5
1041.119,69,108.0,1040.0,4.0,8.0,9.47,83.5,0.0,14.1,14.5
1041.208,69,108.0,1040.0,4.0,8.0,9.47,83.5,0.0,14.1,14.5
1041.269,69,108.0,1040.0,4.0,8.0,9.47,83.5,0.0,14.1,14.5
1041.358,69,108.0,1040.0,4.0,8.0,9.47,83.5,0.0,14.1,14.5
1041.42,69,108.0,1040.0,4.0,8.0,9.47,83.5,0.0,14.1,14.5
1041.508,69,108.0,1040.0,4.0,8.0,9.47,83.5,0.0,14.1,14.5
1041.57,69,108.0,1040.0,2.0,8.0,9.47,83.5,0.0,14.1,14.5
1041.658,69,108.0,1040.0,2.0,8.0,9.47,83.5,0.0,14.1,14.5
1041.719,69,108.0,1040.0,2.0,8.0,9.3,83.5,0.0,14.1,14.5
1041.808,69,108.0,1040.0,2.0,8.0,9.3,83.5,0.0,14.1,14.5
1041.87,69,108.0,1040.0,2.0,8.0,9.3,83.5,0.0,14.1,14.5
1041.964,69,108.0,1040.0,2.0,8.0,9.3,83.5,0.0,14.1,14.5
1042.019,69,108.0,1040.0,2.0,8.0,9.3,83.5,0.0,14.1,14.5
1042.108,69,108.0,1040.0,2.0,8.0,9.3,83.5,0.0,14.1,14.5
1042.169,69,108.0,1040.0,2.0,8.0,9.3,83.5,0.0,14.1,14.5
1042.258,69,108.0,1039.0,2.0,8.0,9.3,83.5,0.0,14.1,14.5
1042.319,69,108.0,1039.0,0.0,8.0,9.3,83.5,0.0,14.1,14.5
1042.408,69,108.0,1039.0,0.0,8.0,9.3,83.5,0.0,14.1,14.5
1042.468,69,108.0,1039.0,0.0,8.0,9.49,83.5,0.0,14.1,14.5
1042.558,69,108.0,1039.0,0.0,8.0,9.49,83.5,0.0,14.1,14.5
1042.618,69,108.0,1039.0,0.0,8.0,9.49,83.5,1.0,14.1,14.5
1042.708,69,108.0,1039.0,0.0,8.0,9.49,83.5,1.0,14.1,14.5
1042.769,69,108.0,1039.0,0.0,8.0,9.49,83.5,1.0,14.1,14.5
1042.858,69,108.0,1039.0,0.0,8.0,9.49,83.5,1.0,14.1,14.5
1042.92,69,108.0,1039.0,0.0,8.0,9.49,83.5,1.0,14.1,14.5
1043.008,69,108.0,976.0,0.0,8.0,9.49,83.5,1.0,14.1,14.5
1043.069,69,108.0,976.0,0.0,8.0,9.49,83.5,1.0,14.1,14.5
1043.158,69,108.0,976.0,0.0,8.0,9.49,83.5,1.0,14.1,14.5
1043.219,69,108.0,976.0,0.0,8.0,9.49,83.5,1.0,14.1,14.5
1043.308,69,108.0,976.0,0.0,8.0,9.49,83.5,1.0,14.1,14.5
1043.428,69,108.0,976.0,0.0,8.0,9.49,83.5,1.0,14.1,14.5
1043.519,69,108.0,976.0,0.0,8.0,9.49,83.5,1.0,14.1,14.5
1043.608,69,108.0,976.0,0.0,8.0,9.49,83.5,1.0,14.1,14.5
1043.67,70,108.0,976.0,0.0,8.0,9.49,83.5,1.0,14.1,14.5
1043.758,70,108.0,976.0,0.0,8.0,9.49,83.5,1.0,14.1,14.5
1043.82,70,108.0,1042.0,0.0,8.0,9.49,83.5,1.0,14.1,14.5
1043.908,70,108.0,1042.0,0.0,8.0,9.49,83.5,1.0,14.1,14.5
1043.968,70,108.0,1042.0,0.0,8.0,9.49,83.5,1.0,14.1,14.5
1044.058,70,108.0,1042.0,0.0,8.0,9.55,83.5,1.0,14.1,14.5
1044.148,70,108.0,1042.0,0.0,8.0,9.55,83.5,1.0,14.1,14.5
1044.238,70,108.0,1042.0,0.0,8.0,9.55,83.5,1.0,14.1,14.5
1044.358,70,108.0,1042.0,0.0,8.0,9.55,83.5,1.0,14.1,14.5
1044.449,70,108.0,1042.0,0.0,8.0,9.55,83.5,1.0,14.1,14.5
1044.538,70,108.0,1042.0,0.0,8.0,9.55,83.5,1.0,14.1,14.5
1044.629,70,108.0,1042.0,0.0,8.0,9.55,83.5,1.0,14.1,14.5
1044.72,70,108.0,1042.0,0.0,8.0,9.55,83.5,1.0,14.1,14.5
1044.811,70,108.0,1042.0,0.0,8.0,9.55,83.5,1.0,14.1,14.5
1044.899,70,108.0,1042.0,0.0,8.0,9.55,83.5,1.0,14.1,14.5
1044.988,70,108.0,1042.0,0.0,8.0,9.58,83.5,1.0,14.1,14.5
1045.078,70,108.0,1042.0,0.0,8.0,9.58,83.5,1.0,14.1,14.5
1045.168,70,108.0,1042.0,0.0,8.0,9.58,83.5,1.0,14.1,14.5
1045.258,70,108.0,1042.0,0.0,8.0,9.58,83.5,1.0,14.1,14.5
1045.348,70,108.0,1042.0,0.0,8.0,9.58,83.5,1.0,14.1,14.5
1045.438,70,108.0,1042.0,0.0,8.0,9.58,83.5,1.0,14.1,14.5
1045.528,70,108.0,1042.0,0.0,8.0,9.58,83.5,1.0,14.1,14.5
1045.619,70,108.0,1039.0,0.0,8.0,9.58,83.5,1.0,14.1,14.5
1045.708,70,108.0,1039.0,0.0,8.0,9.58,83.5,1.0,14.1,14.5
1045.799,70,108.0,1039.0,0.0,8.0,9.58,83.5,1.0,14.1,14.5
1045.86,70,108.0,1039.0,0.0,8.0,9.47,83.5,1.0,14.1,14.5
1045.949,70,108.0,1039.0,0.0,8.0,9.47,83.5,1.0,14.1,14.5
1046.01,70,108.0,1039.0,0.0,8.0,9.47,83.5,1.0,14.1,14.5
1046.098,70,108.0,1039.0,0.0,8.0,9.47,83.5,1.0,14.1,14.5
1046.188,70,108.0,1039.0,0.0,8.0,9.47,83.5,1.0,14.1,14.5
1046.278,70,108.0,1039.0,0.0,8.0,9.47,83.5,1.0,14.1,14.5
1046.369,70,108.0,1039.0,0.0,8.0,9.47,83.5,1.0,14.1,14.5
1046.458,70,108.0,1041.0,0.0,8.0,9.47,83.5,1.0,14.1,14.5
1046.548,70,108.0,1041.0,0.0,8.0,9.47,83.5,1.0,14.1,14.5
1046.638,70,108.0,1041.0,0.0,8.0,9.47,83.5,1.0,14.1,14.5
1046.7,70,108.0,1041.0,0.0,8.0,9.41,83.5,1.0,14.1,14.5
1046.76,70,108.0,1041.0,0.0,8.0,9.41,83.5,1.0,14.1,14.5
1046.848,70,108.0,1041.0,0.0,8.0,9.41,83.5,1.0,14.1,14.5
1046.938,70,108.0,1041.0,0.0,8.0,9.41,83.5,1.0,14.1,14.5
1047.028,70,108.0,1041.0,0.0,8.0,9.41,83.5,1.0,14.1,14.5
1047.118,70,108.0,1041.0,0.0,8.0,9.41,83.5,1.0,14.1,14.5
1047.208,70,108.0,1041.0,0.0,8.0,9.41,83.5,1.0,14.1,14.5
1047.298,70,108.0,1040.0,0.0,8.0,9.41,83.5,1.0,14.1,14.5
1047.388,70,108.0,1040.0,0.0,8.0,9.41,83.5,1.0,14.1,14.5
1047.478,70,108.0,1040.0,0.0,8.0,9.41,83.5,1.0,14.1,14.5
1047.568,70,108.0,1040.0,0.0,8.0,9.61,83.5,1.0,14.1,14.5
1047.658,70,108.0,1040.0,0.0,8.0,9.61,83.5,1.0,14.1,14.5
1047.748,70,108.0,1040.0,0.0,8.0,9.61,83.5,1.0,14.1,14.5
1047.811,70,108.0,1040.0,0.0,8.0,9.61,83.5,1.0,14.1,14.5
1047.898,70,108.0,1040.0,0.0,8.0,9.61,83.5,1.0,14.1,14.5
1047.958,70,108.0,1040.0,0.0,8.0,9.61,83.5,1.0,14.1,14.5
1048.047,70,108.0,1040.0,0.0,8.0,9.61,83.5,1.0,14.1,14.5
1048.137,70,108.0,1041.0,0.0,8.0,9.61,83.5,1.0,14.1,14.5
1048.227,70,108.0,1041.0,0.0,8.0,9.61,83.5,1.0,14.1,14.5
1048.377,70,108.0,1041.0,0.0,8.0,9.61,83.5,1.0,14.1,14.5
1048.467,70,108.0,1041.0,0.0,8.0,9.33,83.5,1.0,14.1,14.5
1048.557,70,108.0,1041.0,0.0,8.0,9.33,83.5,1.0,14.1,14.5
1048.649,70,108.0,1041.0,0.0,8.0,9.33,83.5,1.0,14.1,14.5
1048.709,70,108.0,1041.0,0.0,8.0,9.33,83.5,1.0,14.1,14.5
1048.798,70,108.0,1041.0,0.0,8.0,9.33,83.5,1.0,14.1,14.5
1048.859,70,108.0,1041.0,0.0,8.0,9.33,83.5,1.0,14.1,14.5
1048.949,70,108.0,1041.0,0.0,8.0,9.33,83.5,1.0,14.1,14.5
1049.009,70,108.0,1040.0,0.0,8.0,9.33,83.5,1.0,14.1,14.5
1049.098,70,108.0,1040.0,0.0,8.0,9.33,83.5,1.0,14.1,14.5
1049.159,70,108.0,1040.0,0.0,8.0,9.33,83.5,1.0,14.1,14.5
1049.248,70,108.0,1040.0,0.0,8.0,9.22,83.5,1.0,14.1,14.5
1049.338,70,108.0,1040.0,0.0,8.0,9.22,83.5,1.0,14.1,14.5
1049.428,70,108.0,1040.0,0.0,8.0,9.22,83.5,1.0,14.1,14.5
1049.518,70,108.0,1040.0,0.0,8.0,9.22,83.5,1.0,14.1,14.5
1049.611,70,108.0,1040.0,0.0,8.0,9.22,83.5,1.0,14.1,14.5
1049.698,70,108.0,1040.0,0.0,8.0,9.22,83.5,1.0,14.1,14.5
1049.762,70,108.0,1040.0,0.0,8.0,9.22,83.5,1.0,14.1,14.5
1049.848,70,108.0,1039.0,0.0,8.0,9.22,83.5,1.0,14.1,14.5
1049.91,70,108.0,1039.0,0.0,8.0,9.22,83.5,1.0,14.1,14.5
1049.997,70,108.0,1039.0,0.0,8.0,9.22,83.5,1.0,14.1,14.5
1050.088,70,108.0,1039.0,0.0,8.0,9.47,83.5,1.0,14.1,14.5
1050.178,70,108.0,1039.0,0.0,8.0,9.47,83.5,1.0,14.1,14.5
1050.268,70,108.0,1039.0,0.0,8.0,9.47,83.5,1.0,14.1,14.5
1050.358,70,108.0,1039.0,0.0,8.0,9.47,83.5,1.0,14.1,14.5
1050.448,70,108.0,1039.0,0.0,8.0,9.47,83.5,1.0,14.1,14.5
1050.538,70,108.0,1039.0,0.0,8.0,9.47,83.5,1.0,14.1,14.5
1050.628,70,108.0,1039.0,0.0,8.0,9.47,83.5,1.0,14.1,14.5
1050.718,70,108.0,1040.0,0.0,8.0,9.47,83.5,1.0,14.1,14.5
1050.808,70,108.0,1040.0,0.0,8.0,9.47,83.5,1.0,14.1,14.5
1050.899,70,108.0,1040.0,0.0,8.0,9.47,83.5,1.0,14.1,14.5
1050.987,70,108.0,1040.0,0.0,8.0,9.58,83.5,1.0,14.1,14.5
1051.048,70,108.0,1040.0,0.0,8.0,9.58,83.5,1.0,14.1,14.5
1051.109,70,108.0,1040.0,0.0,8.0,9.58,83.5,1.0,14.1,14.5
1051.198,70,108.0,1040.0,0.0,8.0,9.58,83.5,1.0,14.1,14.5
1051.288,70,108.0,1040.0,0.0,8.0,9.58,83.5,1.0,14.1,14.5
1051.378,70,108.0,1040.0,0.0,8.0,9.58,83.5,1.0,14.1,14.5
1051.468,70,108.0,1040.0,0.0,8.0,9.58,83.5,1.0,14.1,14.5
1051.558,70,108.0,1039.0,0.0,8.0,9.58,83.5,1.0,14.1,14.5
1051.648,70,108.0,1039.0,0.0,8.0,9.58,83.5,1.0,14.1,14.5
1051.738,70,108.0,1039.0,0.0,9.0,9.58,83.5,1.0,14.1,14.5
1051.828,70,108.0,1039.0,0.0,9.0,9.3,83.5,1.0,14.1,14.5
1051.918,70,108.0,1039.0,0.0,9.0,9.3,83.5,1.0,14.1,14.5
1052.007,70,108.0,1039.0,0.0,9.0,9.3,83.5,1.0,14.1,14.5
1052.098,70,108.0,1039.0,0.0,9.0,9.3,83.5,1.0,14.1,14.5
1052.159,70,108.0,1039.0,0.0,9.0,9.3,83.5,1.0,14.1,14.5
1052.248,70,108.0,1039.0,0.0,9.0,9.3,83.5,1.0,14.1,14.5
1052.31,70,108.0,1039.0,0.0,9.0,9.3,83.5,1.0,14.1,14.5
1052.428,70,108.0,1039.0,0.0,9.0,9.3,83.5,1.0,14.1,14.5
1052.518,70,108.0,1039.0,0.0,9.0,9.3,83.5,1.0,14.1,14.5
1052.608,70,108.0,1039.0,0.0,8.0,9.3,83.5,1.0,14.1,14.5
1052.698,70,108.0,1039.0,0.0,8.0,9.16,83.5,1.0,14.1,14.5
1052.76,70,108.0,1039.0,0.0,8.0,9.16,83.5,1.0,14.1,14.5
1052.848,70,108.0,1039.0,0.0,8.0,9.16,83.5,1.0,14.1,14.5
1052.91,70,108.0,1039.0,0.0,8.0,9.16,83.5,1.0,14.5,14.5
1052.998,70,108.0,1039.0,0.0,8.0,9.16,83.5,1.0,14.5,14.5
1053.059,70,108.0,1039.0,0.0,8.0,9.16,83.5,1.0,14.5,14.5
1053.148,70,108.0,1039.0,0.0,8.0,9.16,83.5,1.0,14.5,14.5
1053.21,70,108.0,1039.0,0.0,8.0,9.16,83.5,1.0,14.5,14.5
1053.298,70,108.0,1039.0,0.0,8.0,9.16,83.5,1.0,14.5,14.5
1053.418,70,108.0,1039.0,0.0,8.0,9.16,83.5,1.0,14.5,14.5
1053.508,70,108.0,1039.0,0.0,8.0,9.36,83.5,1.0,14.5,14.5
1053.6,70,108.0,1039.0,0.0,8.0,9.36,83.5,1.0,14.5,14.5
1053.69,70,108.0,1039.0,0.0,8.0,9.36,83.5,1.0,14.5,14.5
1053.778,70,108.0,1039.0,0.0,8.0,9.36,83.5,1.0,14.1,14.5
1053.868,70,108.0,1039.0,0.0,8.0,9.36,83.5,1.0,14.1,14.5
1053.959,70,108.0,1039.0,0.0,8.0,9.36,83.5,1.0,14.1,14.5
1054.048,70,108.0,1039.0,0.0,8.0,9.36,83.5,1.0,14.1,14.5
1054.108,70,108.0,1039.0,0.0,8.0,9.36,83.5,1.0,14.1,14.5
1054.198,70,108.0,1039.0,0.0,8.0,9.36,83.5,1.0,14.1,14.5
1054.259,70,108.0,1039.0,0.0,8.0,9.36,83.5,1.0,14.1,14.5
1054.348,70,108.0,1039.0,0.0,8.0,9.3,83.5,1.0,14.1,14.5
1054.409,70,108.0,1039.0,0.0,8.0,9.3,83.5,1.0,14.1,14.5
1054.498,70,108.0,1039.0,0.0,8.0,9.3,83.5,1.0,14.1,14.5
1054.559,70,108.0,1039.0,0.0,8.0,9.3,83.5,1.0,14.1,14.5
1054.648,70,108.0,1039.0,0.0,8.0,9.3,83.5,1.0,14.1,14.5
1054.71,70,108.0,1039.0,0.0,8.0,9.3,83.5,1.0,14.1,14.5
1054.798,70,108.0,1039.0,0.0,8.0,9.3,83.5,1.0,14.1,14.5
1054.888,70,108.0,1039.0,0.0,8.0,9.3,83.5,1.0,14.1,14.5
1054.949,70,108.0,1039.0,0.0,8.0,9.3,83.5,1.0,14.1,14.5
1055.038,70,108.0,1039.0,0.0,8.0,9.3,83.5,1.0,14.1,14.5
1055.128,70,108.0,1039.0,0.0,8.0,9.49,83.5,1.0,14.1,14.5
1055.218,70,108.0,1039.0,0.0,8.0,9.49,83.5,1.0,14.1,14.5
1055.308,70,108.0,1039.0,0.0,8.0,9.49,83.5,1.0,14.1,14.5
1055.398,70,108.0,1039.0,0.0,8.0,9.49,83.5,1.0,14.1,14.5
1055.461,70,108.0,1039.0,0.0,8.0,9.49,83.5,1.0,14.1,14.5
1055.548,70,108.0,1039.0,0.0,8.0,9.49,83.5,1.0,14.1,14.5
1055.61,70,108.0,1039.0,0.0,8.0,9.49,83.5,1.0,14.1,14.5
1055.698,70,108.0,1039.0,0.0,8.0,9.49,83.5,1.0,14.1,14.5
1055.761,70,108.0,1039.0,0.0,8.0,9.49,83.5,1.0,14.1,14.5
1055.848,70,108.0,1039.0,0.0,8.0,9.49,83.5,1.0,14.1,14.5
1055.91,70,108.0,1039.0,0.0,8.0,9.16,83.5,1.0,14.1,14.5
1056.028,70,108.0,1039.0,0.0,8.0,9.16,83.5,1.0,14.1,14.5
1056.148,70,108.0,1039.0,0.0,8.0,9.16,83.5,1.0,14.1,14.5
1056.208,70,108.0,1039.0,0.0,8.0,9.16,83.5,1.0,14.1,14.5
1056.298,70,108.0,1039.0,0.0,8.0,9.16,83.5,1.0,14.1,14.5
1056.39,70,108.0,1039.0,0.0,8.0,9.16,83.5,1.0,14.1,14.5
1056.48,70,108.0,1039.0,0.0,8.0,9.16,83.5,1.0,14.1,14.5
1056.568,70,108.0,1039.0,0.0,8.0,9.16,83.5,1.0,14.1,14.5
1056.659,70,108.0,1039.0,0.0,8.0,9.16,83.5,1.0,14.1,14.5
1056.748,70,108.0,1039.0,0.0,8.0,9.16,83.5,1.0,14.1,14.5
1056.809,70,108.0,1039.0,0.0,8.0,9.44,83.5,1.0,14.1,14.5
1056.898,70,108.0,1039.0,0.0,8.0,9.44,83.5,1.0,14.1,14.5
1056.959,70,108.0,1039.0,0.0,8.0,9.44,83.5,1.0,14.1,14.5
1057.048,70,108.0,1039.0,0.0,8.0,9.44,83.5,1.0,14.1,14.5
1057.109,70,108.0,1039.0,0.0,8.0,9.44,83.5,1.0,14.1,14.5
1057.198,70,108.0,1039.0,0.0,8.0,9.44,83.5,1.0,14.1,14.5
1057.261,70,108.0,1039.0,0.0,8.0,9.44,83.5,1.0,14.1,14.5
1057.348,70,108.0,1039.0,0.0,8.0,9.44,83.5,1.0,14.1,14.5
1057.41,70,108.0,1039.0,0.0,8.0,9.44,83.5,1.0,14.1,14.5
1057.498,70,108.0,1039.0,0.0,8.0,9.44,83.5,1.0,14.1,14.5
1057.561,70,108.0,1039.0,0.0,8.0,9.27,83.5,1.0,14.1,14.5
1057.648,70,108.0,1039.0,0.0,8.0,9.27,83.5,1.0,14.1,14.5
1057.71,70,108.0,1039.0,0.0,8.0,9.27,83.5,1.0,14.1,14.5
1057.798,70,108.0,1039.0,0.0,8.0,9.27,83.5,1.0,14.1,14.5
1057.862,70,108.0,1039.0,0.0,8.0,9.27,83.5,1.0,14.1,14.5
1057.948,70,108.0,1039.0,0.0,8.0,9.27,83.5,1.0,14.1,14.5
1058.008,70,108.0,1039.0,0.0,8.0,9.27,83.5,1.0,14.1,14.5
1058.098,70,108.0,1042.0,0.0,8.0,9.27,83.5,1.0,14.1,14.5
1058.159,70,108.0,1042.0,0.0,8.0,9.27,83.5,1.0,14.1,14.5
1058.249,70,108.0,1042.0,0.0,8.0,9.27,83.5,1.0,14.1,14.5
1058.368,70,108.0,1042.0,0.0,8.0,9.24,83.5,1.0,14.1,14.5
1058.458,70,108.0,1042.0,0.0,8.0,9.24,83.5,1.0,14.1,14.5
1058.549,70,108.0,1042.0,0.0,8.0,9.24,83.5,1.0,14.1,14.5
1058.609,70,108.0,1042.0,0.0,8.0,9.24,83.5,1.0,14.1,14.5
1058.699,70,108.0,1042.0,0.0,8.0,9.24,83.5,1.0,14.1,14.5
1058.761,70,108.0,1042.0,0.0,8.0,9.24,83.5,1.0,14.1,14.5
1058.848,70,108.0,1042.0,0.0,8.0,9.24,83.5,1.0,14.1,14.5
1058.91,70,108.0,1039.0,0.0,8.0,9.24,83.5,1.0,14.1,14.5
1058.997,70,108.0,1039.0,0.0,8.0,9.24,83.5,1.0,14.1,14.5
1059.058,70,108.0,1039.0,0.0,8.0,9.24,83.5,1.0,14.1,14.5
1059.148,70,108.0,1039.0,0.0,8.0,9.38,83.5,1.0,14.1,14.5
1059.21,70,108.0,1039.0,0.0,8.0,9.38,83.5,1.0,14.1,14.5
1059.299,70,108.0,1039.0,0.0,8.0,9.38,83.5,1.0,14.1,14.5
1059.361,70,108.0,1039.0,0.0,8.0,9.38,83.5,1.0,14.1,14.5
1059.448,70,108.0,1039.0,0.0,8.0,9.38,83.5,1.0,14.1,14.5
1059.51,70,108.0,1039.0,0.0,8.0,9.38,83.5,1.0,14.1,14.5
1059.6,70,108.0,1039.0,0.0,8.0,9.38,83.5,1.0,14.1,14.5
1059.662,70,108.0,1040.0,0.0,8.0,9.38,83.5,1.0,14.1,14.5
1059.748,70,108.0,1040.0,0.0,8.0,9.38,83.5,1.0,14.1,14.5
1059.81,70,108.0,1040.0,0.0,8.0,9.38,83.5,1.0,14.1,14.5
1059.898,70,108.0,1040.0,0.0,8.0,9.24,83.5,1.0,14.1,14.5
1059.965,70,108.0,1040.0,0.0,8.0,9.24,83.5,1.0,14.1,14.5
1060.048,70,108.0,1040.0,0.0,8.0,9.24,83.5,1.0,14.1,14.5
1060.109,70,108.0,1040.0,0.0,8.0,9.24,83.5,1.0,14.1,14.5
1060.199,70,108.0,1040.0,0.0,8.0,9.24,83.5,1.0,14.1,14.5
1060.261,70,108.0,1040.0,0.0,8.0,9.24,83.5,1.0,14.1,14.5
1060.348,70,108.0,1040.0,0.0,8.0,9.24,83.5,1.0,14.1,14.5
1060.409,70,108.0,1039.0,0.0,8.0,9.24,83.5,1.0,14.1,14.5
1060.499,70,108.0,1039.0,0.0,8.0,9.24,83.5,1.0,14.1,14.5
1060.559,70,108.0,1039.0,0.0,9.0,9.24,83.5,1.0,14.1,14.5
1060.648,70,108.0,1039.0,0.0,9.0,9.19,83.5,1.0,14.1,14.5
1060.709,70,108.0,1039.0,0.0,9.0,9.19,83.5,1.0,14.1,14.5
1060.798,70,108.0,1039.0,0.0,9.0,9.19,83.5,1.0,14.1,14.5
1060.859,70,108.0,1039.0,0.0,9.0,9.19,83.5,1.0,14.1,14.5
1060.948,70,108.0,1039.0,0.0,9.0,9.19,83.5,1.0,14.1,14.5
1061.008,70,108.0,1039.0,0.0,9.0,9.19,83.5,1.0,14.1,14.5
1061.098,70,108.0,1039.0,0.0,9.0,9.19,83.5,1.0,14.1,14.5
1061.16,70,108.0,1039.0,0.0,9.0,9.19,83.5,1.0,14.1,14.5
1061.248,70,108.0,1039.0,0.0,9.0,9.19,83.5,1.0,14.1,14.5
1061.309,70,108.0,1039.0,0.0,8.0,9.19,83.5,1.0,14.1,14.5
1061.399,70,108.0,1039.0,0.0,8.0,9.33,83.5,1.0,14.1,14.5
1061.46,70,108.0,1039.0,0.0,8.0,9.33,83.5,1.0,14.1,14.5
1061.548,70,108.0,1039.0,0.0,8.0,9.33,83.5,1.0,14.1,14.5
1061.609,70,108.0,1039.0,0.0,8.0,9.33,83.5,1.0,14.1,14.5
1061.699,70,108.0,1039.0,0.0,8.0,9.33,83.5,1.0,14.1,14.5
1061.761,70,108.0,1039.0,0.0,8.0,9.33,83.5,1.0,14.1,14.5
1061.848,70,108.0,1039.0,0.0,8.0,9.33,83.5,1.0,14.1,14.5
1061.91,70,108.0,1039.0,0.0,8.0,9.33,83.5,1.0,14.1,14.5
1062.004,70,108.0,1039.0,0.0,8.0,9.33,83.5,1.0,14.1,14.5
1062.088,70,108.0,1039.0,0.0,8.0,9.33,83.5,1.0,14.1,14.5
1062.148,70,108.0,1039.0,0.0,8.0,9.27,83.5,1.0,14.1,14.5
1062.208,70,108.0,1039.0,0.0,8.0,9.27,83.5,1.0,14.1,14.5
1062.299,70,108.0,1039.0,0.0,8.0,9.27,83.5,1.0,14.1,14.5
1062.361,70,108.0,1039.0,0.0,8.0,9.27,83.5,1.0,14.1,14.5
1062.448,70,108.0,1039.0,0.0,8.0,9.27,83.5,1.0,14.1,14.5
1062.51,70,108.0,1039.0,0.0,8.0,9.27,83.5,1.0,14.1,14.5
1062.601,70,108.0,1039.0,0.0,8.0,9.27,83.5,1.0,14.1,14.5
1062.661,70,108.0,1054.0,0.0,8.0,9.27,83.5,1.0,14.1,14.5
1062.748,70,108.0,1054.0,0.0,8.0,9.27,83.5,1.0,14.1,14.5
1062.81,70,108.0,1054.0,0.0,8.0,9.27,83.5,1.0,14.1,14.5
1062.899,70,108.0,1054.0,0.0,8.0,9.44,83.5,1.0,14.1,14.5
1062.961,70,108.0,1054.0,0.0,8.0,9.44,83.5,1.0,14.1,14.5
1063.048,70,108.0,1054.0,0.0,8.0,9.44,83.5,1.0,14.1,14.5
1063.108,70,108.0,1054.0,0.0,8.0,9.44,83.5,1.0,14.1,14.5
1063.198,70,108.0,1054.0,0.0,8.0,9.44,83.5,1.0,14.1,14.5
1063.261,70,108.0,1054.0,0.0,8.0,9.44,83.5,1.0,14.1,14.5
1063.379,70,108.0,1054.0,0.0,8.0,9.44,83.5,1.0,14.1,14.5
1063.468,70,108.0,1048.0,0.0,8.0,9.44,83.5,1.0,14.1,14.5
1063.56,70,108.0,1048.0,0.0,8.0,9.44,83.5,1.0,14.1,14.5
1063.649,70,108.0,1048.0,0.0,9.0,9.44,83.5,1.0,14.1,14.5
1063.71,70,108.0,1048.0,0.0,9.0,9.41,83.5,1.0,14.1,14.5
1063.799,70,108.0,1048.0,0.0,9.0,9.41,83.5,1.0,14.1,14.5
1063.86,70,108.0,1048.0,0.0,9.0,9.41,83.5,1.0,14.1,14.5
1063.948,70,108.0,1048.0,0.0,9.0,9.41,83.5,1.0,14.1,14.5
1064.009,70,108.0,1048.0,0.0,9.0,9.41,83.5,1.0,14.1,14.5
1064.098,70,108.0,1048.0,0.0,9.0,9.41,83.5,1.0,14.1,14.5
1064.159,70,108.0,1048.0,0.0,9.0,9.41,83.5,1.0,14.1,14.5
1064.248,70,108.0,1042.0,0.0,9.0,9.41,83.5,1.0,14.1,14.5
1064.31,70,108.0,1042.0,0.0,9.0,9.41,83.5,1.0,14.1,14.5
1064.399,70,108.0,1042.0,0.0,9.0,9.41,83.5,1.0,14.1,14.5
1064.461,70,108.0,1042.0,0.0,9.0,9.55,83.5,1.0,14.1,14.5
1064.548,70,108.0,1042.0,0.0,9.0,9.55,83.5,1.0,14.1,14.5
1064.61,70,108.0,1042.0,0.0,9.0,9.55,83.5,1.0,14.1,14.5
1064.699,70,108.0,1042.0,0.0,9.0,9.55,83.5,1.0,14.1,14.5
1064.766,70,108.0,1042.0,0.0,9.0,9.55,83.5,1.0,14.1,14.5
1064.848,70,108.0,1042.0,0.0,9.0,9.55,83.5,1.0,14.1,14.5
1064.909,70,108.0,1042.0,0.0,9.0,9.55,83.5,1.0,14.1,14.5
1064.998,70,108.0,1040.0,0.0,9.0,9.55,83.5,1.0,14.1,14.5
1065.059,70,108.0,1040.0,0.0,9.0,9.55,83.5,1.0,14.1,14.5
1065.148,70,108.0,1040.0,0.0,9.0,9.55,83.5,1.0,14.1,14.5
1065.209,70,108.0,1040.0,0.0,9.0,9.3,83.5,1.0,14.1,14.5
1065.298,70,108.0,1040.0,0.0,9.0,9.3,83.5,1.0,14.1,14.5
1065.359,70,108.0,1040.0,0.0,9.0,9.3,83.5,1.0,14.1,14.5
1065.448,70,108.0,1040.0,0.0,9.0,9.3,83.5,1.0,14.1,14.5
1065.508,70,108.0,1040.0,0.0,9.0,9.3,83.5,1.0,14.1,14.5
1065.599,70,108.0,1040.0,0.0,9.0,9.3,83.5,1.0,14.1,14.5
1065.66,70,108.0,1040.0,0.0,9.0,9.3,83.5,1.0,14.1,14.5
1065.748,70,108.0,1041.0,0.0,9.0,9.3,83.5,1.0,14.1,14.5
1065.81,70,108.0,1041.0,0.0,9.0,9.3,83.5,1.0,14.1,14.5
1065.899,70,108.0,1041.0,0.0,9.0,9.3,83.5,1.0,14.1,14.5
1065.963,70,108.0,1041.0,0.0,9.0,9.41,83.5,1.0,14.1,14.5
1066.047,70,108.0,1041.0,0.0,9.0,9.41,83.5,1.0,14.1,14.5
1066.108,70,108.0,1041.0,0.0,9.0,9.41,83.5,1.0,14.1,14.5
1066.198,70,108.0,1041.0,0.0,9.0,9.41,83.5,1.0,14.1,14.5
1066.259,70,108.0,1041.0,0.0,9.0,9.41,83.5,1.0,14.1,14.5
1066.348,70,108.0,1041.0,0.0,9.0,9.41,83.5,1.0,14.1,14.5
1066.408,70,108.0,1041.0,0.0,9.0,9.41,83.5,1.0,14.1,14.5
1066.498,70,108.0,1040.0,0.0,9.0,9.41,83.5,1.0,14.1,14.5
1066.559,70,108.0,1040.0,0.0,9.0,9.41,83.5,1.0,14.1,14.5
1066.649,70,108.0,1040.0,0.0,9.0,9.41,83.5,1.0,14.1,14.5
1066.71,70,108.0,1040.0,0.0,9.0,9.38,83.5,1.0,14.1,14.5
1066.799,70,108.0,1040.0,0.0,9.0,9.38,83.5,1.0,14.1,14.5
1066.861,70,108.0,1040.0,0.0,9.0,9.38,83.5,1.0,14.1,14.5
1066.948,70,108.0,1040.0,0.0,9.0,9.38,83.5,1.0,14.1,14.5
1067.068,70,108.0,1040.0,0.0,9.0,9.38,83.5,1.0,14.1,14.5
1067.158,70,108.0,1040.0,0.0,9.0,9.38,83.5,1.0,14.1,14.5
1067.248,70,108.0,1040.0,0.0,9.0,9.38,83.5,1.0,14.1,14.5
1067.308,70,108.0,1038.0,0.0,9.0,9.38,83.5,1.0,14.1,14.5
1067.398,70,108.0,1038.0,0.0,9.0,9.38,83.5,1.0,14.1,14.5
1067.459,70,108.0,1038.0,0.0,9.0,9.38,83.5,1.0,14.1,14.5
1067.548,70,108.0,1038.0,0.0,9.0,9.27,83.5,1.0,14.1,14.5
1067.61,70,108.0,1038.0,0.0,9.0,9.27,83.5,1.0,14.1,14.5
1067.698,70,108.0,1038.0,0.0,9.0,9.27,83.5,1.0,14.1,14.5
1067.788,70,108.0,1038.0,0.0,9.0,9.27,83.5,1.0,14.1,14.5
1067.878,70,108.0,1038.0,0.0,9.0,9.27,83.5,1.0,14.1,14.5
1067.969,70,108.0,1038.0,0.0,9.0,9.27,83.5,1.0,14.1,14.5
1068.058,70,108.0,1038.0,0.0,9.0,9.27,83.5,1.0,14.1,14.5
1068.148,70,108.0,1039.0,0.0,9.0,9.27,83.5,1.0,14.1,14.5
1068.21,70,108.0,1039.0,0.0,9.0,9.27,83.5,1.0,14.1,14.5
1068.298,70,108.0,1039.0,0.0,9.0,9.27,83.5,1.0,14.1,14.5
1068.418,70,108.0,1039.0,0.0,9.0,9.44,83.5,1.0,14.1,14.5
1068.508,70,108.0,1039.0,0.0,9.0,9.44,83.5,1.0,14.1,14.5
1068.599,70,108.0,1039.0,0.0,9.0,9.44,83.5,1.0,14.1,14.5
1068.66,70,108.0,1039.0,0.0,9.0,9.44,83.5,1.0,14.1,14.5
1068.749,70,108.0,1039.0,0.0,9.0,9.44,83.5,1.0,14.1,14.5
1068.809,70,108.0,1039.0,0.0,9.0,9.44,83.5,1.0,14.1,14.5
1068.899,70,108.0,1039.0,0.0,9.0,9.44,83.5,1.0,14.1,14.5
1068.961,70,108.0,1041.0,0.0,9.0,9.44,83.5,1.0,14.1,14.5
1069.047,70,108.0,1041.0,0.0,9.0,9.44,83.5,1.0,14.1,14.5
1069.108,70,108.0,1041.0,0.0,9.0,9.44,83.5,1.0,14.1,14.5
1069.198,70,108.0,1041.0,0.0,9.0,9.47,83.5,1.0,14.1,14.5
1069.259,70,108.0,1041.0,0.0,9.0,9.47,83.5,1.0,14.1,14.5
1069.348,70,108.0,1041.0,0.0,9.0,9.47,83.5,1.0,14.1,14.5
1069.409,70,108.0,1041.0,0.0,9.0,9.47,83.5,1.0,14.1,14.5
1069.498,70,108.0,1041.0,0.0,9.0,9.47,83.5,1.0,14.1,14.5
1069.589,70,108.0,1041.0,0.0,9.0,9.47,83.5,1.0,14.1,14.5
1069.649,70,108.0,1041.0,0.0,9.0,9.47,83.5,1.0,14.1,14.5
1069.71,70,108.0,1040.0,0.0,9.0,9.47,83.5,1.0,14.1,14.5
1069.798,70,108.0,1040.0,0.0,9.0,9.47,83.5,1.0,14.1,14.5
1069.861,70,108.0,1040.0,0.0,9.0,9.47,83.5,1.0,14.1,14.5
1069.948,70,108.0,1040.0,0.0,9.0,9.13,83.5,1.0,14.1,14.5
1070.009,70,108.0,1040.0,0.0,9.0,9.13,83.5,1.0,14.1,14.5
1070.098,70,108.0,1040.0,0.0,9.0,9.13,83.5,1.0,14.1,14.5
1070.159,70,108.0,1040.0,0.0,9.0,9.13,83.5,1.0,14.1,14.5
1070.248,70,108.0,1040.0,0.0,9.0,9.13,83.5,1.0,14.1,14.5
1070.309,70,108.0,1040.0,0.0,9.0,9.13,83.5,1.0,14.1,14.5
1070.399,70,108.0,1040.0,0.0,9.0,9.13,83.5,1.0,14.1,14.5
1070.462,70,108.0,1039.0,0.0,9.0,9.13,83.5,1.0,14.1,14.5
1070.548,70,108.0,1039.0,0.0,9.0,9.13,83.5,1.0,14.1,14.5
1070.61,70,108.0,1039.0,0.0,9.0,9.13,83.5,1.0,14.1,14.5
1070.698,70,108.0,1039.0,0.0,9.0,9.27,83.5,1.0,14.1,14.5
1070.76,70,108.0,1039.0,0.0,9.0,9.27,83.5,1.0,14.1,14.5
1070.848,70,108.0,1039.0,0.0,9.0,9.27,83.5,1.0,14.1,14.5
1070.909,70,108.0,1039.0,0.0,9.0,9.27,83.5,1.0,14.1,14.5
1070.998,70,108.0,1039.0,0.0,9.0,9.27,83.5,1.0,14.1,14.5
1071.059,70,108.0,1039.0,0.0,9.0,9.27,83.5,1.0,14.1,14.5
1071.148,70,108.0,1039.0,0.0,9.0,9.27,83.5,1.0,14.1,14.5
1071.208,70,108.0,1039.0,0.0,9.0,9.27,83.5,1.0,14.1,14.5
1071.299,70,108.0,1039.0,0.0,9.0,9.27,83.5,1.0,14.1,14.5
1071.36,70,108.0,1039.0,0.0,9.0,9.27,83.5,1.0,14.1,14.5
1071.448,70,108.0,1039.0,0.0,9.0,9.13,83.5,1.0,14.1,14.5
1071.51,70,108.0,1039.0,0.0,9.0,9.13,83.5,1.0,14.1,14.5
1071.598,70,108.0,1039.0,0.0,9.0,9.13,83.5,1.0,14.1,14.5
1071.66,70,108.0,1039.0,0.0,9.0,9.13,83.5,1.0,14.1,14.5
1071.748,70,108.0,1039.0,0.0,9.0,9.13,83.5,1.0,14.1,14.5
1071.809,70,108.0,1039.0,0.0,9.0,9.13,83.5,1.0,14.1,14.5
1071.898,70,108.0,1039.0,0.0,9.0,9.13,83.5,1.0,14.1,14.5
1071.96,70,108.0,1041.0,0.0,9.0,9.13,83.5,1.0,14.1,14.5
1072.048,70,108.0,1041.0,0.0,9.0,9.13,83.5,1.0,14.1,14.5
1072.108,70,108.0,1041.0,0.0,9.0,9.13,83.5,1.0,14.1,14.5
1072.198,70,108.0,1041.0,0.0,9.0,9.22,83.5,1.0,14.1,14.5
1072.26,70,108.0,1041.0,0.0,9.0,9.22,83.5,1.0,14.1,14.5
1072.348,70,108.0,1041.0,0.0,9.0,9.22,83.5,1.0,14.1,14.5
1072.411,70,108.0,1041.0,0.0,9.0,9.22,83.5,1.0,14.1,14.5
1072.498,70,108.0,1041.0,0.0,9.0,9.22,83.5,1.0,14.1,14.5
1072.559,70,108.0,1041.0,0.0,9.0,9.22,83.5,1.0,14.1,14.5
1072.648,70,108.0,1041.0,0.0,9.0,9.22,83.5,1.0,14.1,14.5
1072.709,70,108.0,1040.0,0.0,9.0,9.22,83.5,1.0,14.1,14.5
1072.798,70,108.0,1040.0,0.0,9.0,9.22,83.5,1.0,14.1,14.5
1072.889,70,108.0,1040.0,0.0,9.0,9.22,83.5,1.0,14.1,14.5
1072.949,70,108.0,1040.0,0.0,9.0,9.47,83.5,1.0,14.1,14.5
1073.011,70,108.0,1040.0,0.0,9.0,9.47,83.5,1.0,14.1,14.5
1073.098,70,108.0,1040.0,0.0,9.0,9.47,83.5,1.0,14.1,14.5
1073.159,70,108.0,1040.0,0.0,9.0,9.47,83.5,1.0,14.1,14.5
1073.248,70,108.0,1040.0,0.0,9.0,9.47,83.5,1.0,14.1,14.5
1073.308,70,108.0,1040.0,0.0,9.0,9.47,83.5,1.0,14.1,14.5
1073.399,70,108.0,1040.0,0.0,9.0,9.47,83.5,1.0,14.1,14.5
1073.459,70,108.0,1039.0,0.0,9.0,9.47,83.5,1.0,14.1,14.5
1073.549,70,108.0,1039.0,0.0,9.0,9.47,83.5,1.0,14.1,14.5
1073.638,70,108.0,1039.0,0.0,9.0,9.47,83.5,1.0,14.1,14.5
1073.701,70,108.0,1039.0,0.0,9.0,9.38,83.5,1.0,14.1,14.5
1073.76,70,108.0,1039.0,0.0,9.0,9.38,83.5,1.0,14.1,14.5
1073.849,70,108.0,1039.0,0.0,9.0,9.38,83.5,1.0,14.1,14.5
1073.909,70,108.0,1039.0,0.0,9.0,9.38,83.5,1.0,14.1,14.5
1073.998,70,108.0,1039.0,0.0,9.0,9.38,83.5,1.0,14.1,14.5
1074.058,70,108.0,1039.0,0.0,9.0,9.38,83.5,1.0,14.1,14.5
1074.148,70,108.0,1039.0,0.0,9.0,9.38,83.5,1.0,14.1,14.5
1074.239,70,108.0,1040.0,0.0,9.0,9.38,83.5,1.0,14.1,14.5
1074.3,70,108.0,1040.0,0.0,9.0,9.38,83.5,1.0,14.1,14.5
1074.388,70,108.0,1040.0,0.0,9.0,9.38,83.5,1.0,14.1,14.5
1074.449,70,108.0,1040.0,0.0,9.0,9.33,83.5,1.0,14.1,14.5
1074.538,70,108.0,1040.0,0.0,9.0,9.33,83.5,1.0,14.1,14.5
1074.599,70,108.0,1040.0,0.0,9.0,9.33,83.5,1.0,14.1,14.5
1074.688,70,108.0,1040.0,0.0,9.0,9.33,83.5,1.0,14.1,14.5
1074.749,70,108.0,1040.0,0.0,9.0,9.33,83.5,1.0,14.1,14.5
1074.838,70,108.0,1040.0,0.0,9.0,9.33,83.5,1.0,14.1,14.5
1074.901,70,108.0,1040.0,0.0,9.0,9.33,83.5,1.0,14.1,14.5
1074.988,70,108.0,1039.0,0.0,9.0,9.33,83.5,1.0,14.1,14.5
1075.048,70,108.0,1039.0,0.0,9.0,9.33,83.5,1.0,14.1,14.5
1075.138,70,108.0,1039.0,0.0,9.0,9.33,83.5,1.0,14.1,14.5
1075.2,70,108.0,1039.0,0.0,9.0,9.22,83.5,1.0,14.1,14.5
1075.288,70,108.0,1039.0,0.0,9.0,9.22,83.5,1.0,14.1,14.5
1075.35,70,108.0,1039.0,0.0,9.0,9.22,83.5,1.0,14.1,14.5
1075.438,70,108.0,1039.0,0.0,9.0,9.22,83.5,1.0,14.1,14.5
1075.5,70,108.0,1039.0,0.0,9.0,9.22,83.5,1.0,14.1,14.5
1075.588,70,108.0,1039.0,0.0,9.0,9.22,83.5,1.0,14.1,14.5
1075.649,70,108.0,1039.0,0.0,9.0,9.22,83.5,1.0,14.1,14.5
1075.738,70,108.0,1040.0,0.0,9.0,9.22,83.5,1.0,14.1,14.5
1075.8,70,108.0,1040.0,0.0,9.0,9.22,83.5,1.0,14.1,14.5
1075.888,70,108.0,1040.0,0.0,9.0,9.22,83.5,1.0,14.1,14.5
1075.95,70,108.0,1040.0,0.0,9.0,9.19,83.5,1.0,14.1,14.5
1076.037,70,108.0,1040.0,0.0,9.0,9.19,83.5,1.0,14.1,14.5
1076.098,70,108.0,1040.0,0.0,9.0,9.19,83.5,1.0,14.1,14.5
1076.188,70,108.0,1040.0,0.0,9.0,9.19,83.5,1.0,14.1,14.5
1076.25,70,108.0,1040.0,0.0,9.0,9.19,83.5,1.0,14.1,14.5
1076.338,70,108.0,1040.0,0.0,9.0,9.19,83.5,1.0,14.1,14.5
1076.399,70,107.0,1040.0,0.0,9.0,9.19,83.5,1.0,14.1,14.5
1076.488,70,107.0,1040.0,0.0,9.0,9.19,83.5,1.0,14.1,14.5
1076.549,70,107.0,1040.0,0.0,9.0,9.19,83.5,1.0,14.1,14.5
1076.638,70,107.0,1040.0,0.0,9.0,9.19,83.5,1.0,14.1,14.5
1076.7,70,107.0,1040.0,0.0,9.0,9.16,83.5,1.0,14.1,14.5
1076.788,70,107.0,1040.0,0.0,9.0,9.16,83.5,1.0,14.1,14.5
1076.849,70,107.0,1040.0,0.0,9.0,9.16,83.5,1.0,14.1,14.5
1076.938,70,107.0,1040.0,0.0,9.0,9.16,83.5,1.0,14.1,14.5
1076.998,70,107.0,1040.0,0.0,9.0,9.16,83.5,1.0,14.1,14.5
1077.088,70,107.0,1040.0,0.0,9.0,9.16,83.5,1.0,14.1,14.5
1077.178,70,107.0,1040.0,0.0,9.0,9.16,83.5,1.0,14.1,14.5
1077.239,70,107.0,1040.0,0.0,9.0,9.16,83.5,1.0,14.1,14.5
1077.299,70,107.0,1040.0,0.0,9.0,9.16,83.5,1.0,14.1,14.5
1077.388,70,107.0,1040.0,0.0,9.0,9.16,83.5,1.0,14.1,14.5
1077.449,70,107.0,1040.0,0.0,9.0,9.3,83.5,1.0,14.1,14.5
1077.539,70,107.0,1040.0,0.0,9.0,9.3,83.5,1.0,14.1,14.5
1077.599,70,107.0,1040.0,0.0,9.0,9.3,83.5,1.0,14.1,14.5
1077.689,70,107.0,1040.0,0.0,9.0,9.3,83.5,1.0,14.1,14.5
1077.75,70,107.0,1040.0,0.0,9.0,9.3,83.5,1.0,14.1,14.5
1077.838,70,107.0,1040.0,0.0,9.0,9.3,83.5,1.0,14.1,14.5
1077.9,70,108.0,1040.0,0.0,9.0,9.3,83.5,1.0,14.1,14.5
1077.988,70,108.0,1040.0,0.0,9.0,9.3,83.5,1.0,14.1,14.5
1078.048,70,108.0,1040.0,0.0,9.0,9.3,83.5,1.0,14.1,14.5
1078.137,70,108.0,1040.0,0.0,9.0,9.3,83.5,1.0,14.1,14.5
1078.198,70,108.0,1040.0,0.0,9.0,9.49,83.5,1.0,14.1,14.5
1078.287,70,108.0,1040.0,0.0,9.0,9.49,83.5,1.0,14.1,14.5
1078.407,70,108.0,1040.0,0.0,9.0,9.49,83.5,1.0,14.1,14.5
1078.499,70,108.0,1040.0,0.0,9.0,9.49,83.5,1.0,14.1,14.5
1078.588,70,108.0,1040.0,0.0,9.0,9.49,83.5,1.0,14.1,14.5
1078.649,70,108.0,1040.0,0.0,9.0,9.49,83.5,1.0,14.1,14.5
1078.738,70,108.0,1040.0,0.0,9.0,9.49,83.5,1.0,14.1,14.5
1078.799,70,108.0,1039.0,0.0,9.0,9.49,83.5,1.0,14.1,14.5
1078.888,70,108.0,1039.0,0.0,9.0,9.49,83.5,1.0,14.1,14.5
1078.949,70,108.0,1039.0,0.0,9.0,9.49,83.5,1.0,14.1,14.5
1079.037,70,108.0,1039.0,0.0,9.0,9.38,83.5,1.0,14.1,14.5
1079.098,70,108.0,1039.0,0.0,9.0,9.38,83.5,1.0,14.1,14.5
1079.188,70,108.0,1039.0,0.0,9.0,9.38,83.5,1.0,14.1,14.5
1079.249,70,108.0,1039.0,0.0,9.0,9.38,83.5,1.0,14.1,14.5
1079.338,70,108.0,1039.0,0.0,9.0,9.38,83.5,1.0,14.1,14.5
1079.4,70,108.0,1039.0,0.0,9.0,9.38,83.5,1.0,14.1,14.5
1079.488,70,107.0,1039.0,0.0,9.0,9.38,83.5,1.0,14.1,14.5
1079.55,70,107.0,1039.0,0.0,9.0,9.38,83.5,1.0,14.1,14.5
1079.639,70,107.0,1039.0,0.0,9.0,9.38,83.5,1.0,14.1,14.5
1079.699,70,107.0,1039.0,0.0,9.0,9.38,83.5,1.0,14.1,14.5
1079.788,70,107.0,1039.0,0.0,9.0,9.22,83.5,1.0,14.1,14.5
1079.85,70,107.0,1039.0,0.0,9.0,9.22,83.5,1.0,14.1,14.5
1079.938,70,107.0,1039.0,0.0,9.0,9.22,83.5,1.0,14.1,14.5
1080.0,70,107.0,1039.0,0.0,9.0,9.22,83.5,1.0,14.1,14.5
1080.088,70,107.0,1039.0,0.0,9.0,9.22,83.5,1.0,14.1,14.5
1080.148,70,107.0,1039.0,0.0,9.0,9.22,83.5,1.0,14.1,14.5
1080.238,70,108.0,1039.0,0.0,9.0,9.22,83.5,1.0,14.1,14.5
1080.3,70,108.0,1039.0,0.0,9.0,9.22,83.5,1.0,14.1,14.5
1080.388,70,108.0,1039.0,0.0,9.0,9.22,83.5,1.0,14.1,14.5
1080.45,70,108.0,1039.0,0.0,9.0,9.22,83.5,1.0,14.1,14.5
1080.538,70,108.0,1039.0,0.0,9.0,9.41,83.5,1.0,14.1,14.5
1080.599,70,108.0,1039.0,0.0,9.0,9.41,83.5,1.0,14.1,14.5
1080.688,70,108.0,1039.0,0.0,9.0,9.41,83.5,1.0,14.1,14.5
1080.75,70,108.0,1039.0,0.0,9.0,9.41,83.5,1.0,14.1,14.5
1080.838,70,108.0,1039.0,0.0,9.0,9.41,83.5,1.0,14.1,14.5
1080.899,70,108.0,1039.0,0.0,9.0,9.41,83.5,1.0,14.1,14.5
1080.988,70,108.0,1039.0,0.0,9.0,9.41,83.5,1.0,14.1,14.5
1081.048,70,108.0,1039.0,0.0,9.0,9.41,83.5,1.0,14.1,14.5
1081.138,70,108.0,1039.0,0.0,9.0,9.41,83.5,1.0,14.1,14.5
1081.198,70,108.0,1039.0,0.0,9.0,9.41,83.5,1.0,14.1,14.5
1081.288,70,108.0,1039.0,0.0,9.0,9.63,83.5,1.0,14.1,14.5
1081.35,70,108.0,1039.0,0.0,9.0,9.63,83.5,1.0,14.1,14.5
1081.438,70,108.0,1039.0,0.0,9.0,9.63,83.5,1.0,14.1,14.5
1081.499,70,108.0,1039.0,0.0,9.0,9.63,83.5,1.0,14.1,14.5
1081.588,70,108.0,1039.0,0.0,9.0,9.63,83.5,1.0,14.1,14.5
1081.65,70,108.0,1039.0,0.0,9.0,9.63,83.5,1.0,14.1,14.5
1081.738,70,108.0,1039.0,0.0,9.0,9.63,83.5,1.0,14.1,14.5
1081.801,70,108.0,1040.0,0.0,9.0,9.63,83.5,1.0,14.1,14.5
1081.888,70,108.0,1040.0,0.0,9.0,9.63,83.5,1.0,14.1,14.5
1081.949,70,108.0,1040.0,0.0,9.0,9.63,83.5,1.0,14.1,14.5
1082.037,70,108.0,1040.0,0.0,9.0,9.55,83.5,1.0,14.1,14.5
1082.098,70,108.0,1040.0,0.0,9.0,9.55,83.5,1.0,14.1,14.5
1082.187,70,108.0,1040.0,0.0,9.0,9.55,83.5,1.0,14.1,14.5
1082.248,70,108.0,1040.0,0.0,9.0,9.55,83.5,1.0,14.1,14.5
1082.338,70,108.0,1040.0,0.0,9.0,9.55,83.5,1.0,14.1,14.1
1082.398,70,108.0,1040.0,0.0,9.0,9.55,83.5,1.0,14.1,14.1
1082.489,70,108.0,1040.0,0.0,9.0,9.55,83.5,1.0,14.1,14.1
1082.549,70,108.0,1039.0,0.0,9.0,9.55,83.5,1.0,14.1,14.1
1082.638,70,108.0,1039.0,0.0,9.0,9.55,83.5,1.0,14.1,14.1
1082.699,70,108.0,1039.0,0.0,9.0,9.55,83.5,1.0,14.1,14.1
1082.788,70,108.0,1039.0,0.0,9.0,9.24,83.5,1.0,14.1,14.1
1082.849,70,108.0,1039.0,0.0,9.0,9.24,83.5,1.0,14.1,14.1
1082.938,70,108.0,1039.0,0.0,9.0,9.24,83.5,1.0,14.1,14.1
1082.998,70,108.0,1039.0,0.0,9.0,9.24,83.5,1.0,14.1,14.1
1083.088,70,108.0,1039.0,0.0,9.0,9.24,83.5,1.0,14.1,14.5
1083.148,70,108.0,1039.0,0.0,9.0,9.24,83.5,1.0,14.1,14.5
1083.238,70,108.0,1039.0,0.0,9.0,9.24,83.5,1.0,14.1,14.5
1083.299,70,108.0,1040.0,0.0,9.0,9.24,83.5,1.0,14.1,14.5
1083.388,70,108.0,1040.0,0.0,9.0,9.24,83.5,1.0,14.1,14.5
1083.448,70,108.0,1040.0,0.0,9.0,9.24,83.5,1.0,14.1,14.5
1083.538,70,108.0,1040.0,0.0,9.0,9.36,83.5,1.0,14.1,14.5
1083.6,70,108.0,1040.0,0.0,9.0,9.36,83.5,1.0,14.1,14.5
1083.688,70,108.0,1040.0,0.0,9.0,9.36,83.5,1.0,14.1,14.5
1083.749,70,108.0,1040.0,0.0,9.0,9.36,83.5,1.0,14.1,14.5
1083.838,70,108.0,1040.0,0.0,9.0,9.36,83.5,1.0,14.1,14.5
1083.899,70,108.0,1040.0,0.0,9.0,9.36,83.5,1.0,14.1,14.5
1083.987,70,108.0,1040.0,0.0,9.0,9.36,83.5,1.0,14.1,14.5
1084.049,70,108.0,1040.0,0.0,9.0,9.36,83.5,1.0,14.1,14.5
1084.138,70,108.0,1040.0,0.0,9.0,9.36,83.5,1.0,14.1,14.5
1084.198,70,108.0,1040.0,0.0,9.0,9.36,83.5,1.0,14.1,14.5
1084.288,70,108.0,1040.0,0.0,9.0,9.47,83.5,1.0,14.1,14.5
1084.348,70,108.0,1040.0,0.0,9.0,9.47,83.5,1.0,14.1,14.5
1084.438,70,108.0,1040.0,0.0,9.0,9.47,83.5,1.0,14.1,14.5
1084.498,70,108.0,1040.0,0.0,9.0,9.47,83.5,1.0,14.1,14.5
1084.588,70,108.0,1040.0,0.0,9.0,9.47,83.5,1.0,14.1,14.5
1084.649,70,108.0,1040.0,0.0,9.0,9.47,83.5,1.0,14.1,14.5
1084.738,70,108.0,1040.0,0.0,9.0,9.47,83.5,1.0,14.1,14.5
1084.801,70,108.0,1039.0,0.0,9.0,9.47,83.5,1.0,14.1,14.5
1084.888,70,108.0,1039.0,0.0,9.0,9.47,83.5,1.0,14.1,14.5
1084.949,70,108.0,1039.0,0.0,9.0,9.47,83.5,1.0,14.1,14.5
1085.037,70,108.0,1039.0,0.0,9.0,9.41,83.5,1.0,14.1,14.5
1085.098,70,108.0,1039.0,0.0,9.0,9.41,83.5,1.0,14.1,14.5
1085.188,70,108.0,1039.0,0.0,9.0,9.41,83.5,1.0,14.1,14.5
1085.25,70,108.0,1039.0,0.0,9.0,9.41,83.5,1.0,14.1,14.5
1085.338,70,108.0,1039.0,0.0,9.0,9.41,83.5,1.0,14.1,14.5
1085.399,70,108.0,1039.0,0.0,9.0,9.41,83.5,1.0,14.1,14.5
1085.488,70,108.0,1039.0,0.0,9.0,9.41,83.5,1.0,14.1,14.5
1085.549,70,108.0,1041.0,0.0,9.0,9.41,83.5,1.0,14.1,14.5
1085.638,70,108.0,1041.0,0.0,9.0,9.41,83.5,1.0,14.1,14.5
1085.699,70,108.0,1041.0,0.0,9.0,9.41,83.5,1.0,14.1,14.5
1085.788,70,108.0,1041.0,0.0,9.0,9.24,83.5,1.0,14.1,14.5
1085.85,70,108.0,1041.0,0.0,9.0,9.24,83.5,1.0,14.1,14.5
1085.938,70,108.0,1041.0,0.0,9.0,9.24,83.5,1.0,14.1,14.5
1085.998,70,108.0,1041.0,0.0,9.0,9.24,83.5,1.0,14.1,14.5
1086.088,70,108.0,1041.0,0.0,9.0,9.24,83.5,1.0,14.1,14.5
1086.148,70,108.0,1041.0,0.0,9.0,9.24,83.5,1.0,14.1,14.5
1086.238,70,108.0,1041.0,0.0,9.0,9.24,83.5,1.0,14.1,14.5
1086.328,70,108.0,1038.0,0.0,9.0,9.24,83.5,1.0,14.1,14.5
1086.417,70,108.0,1038.0,0.0,9.0,9.24,83.5,1.0,14.1,14.5
1086.507,70,108.0,1038.0,0.0,9.0,9.24,83.5,1.0,14.1,14.5
1086.598,70,108.0,1038.0,0.0,9.0,9.38,83.5,1.0,14.1,14.5
1086.688,70,108.0,1038.0,0.0,9.0,9.38,83.5,1.0,14.1,14.5
1086.785,70,108.0,1038.0,0.0,9.0,9.38,83.5,1.0,14.1,14.5
1086.87,70,108.0,1038.0,0.0,9.0,9.38,83.5,1.0,14.1,14.5
1086.958,70,108.0,1038.0,0.0,9.0,9.38,83.5,1.0,14.1,14.5
1087.048,70,108.0,1038.0,0.0,9.0,9.38,83.5,1.0,14.1,14.5
1087.138,70,108.0,1038.0,0.0,9.0,9.38,83.5,1.0,14.1,14.5
1087.228,70,108.0,1039.0,0.0,9.0,9.38,83.5,1.0,14.1,14.5
1087.318,70,108.0,1039.0,0.0,9.0,9.38,83.5,1.0,14.1,14.5
1087.408,70,108.0,1039.0,0.0,9.0,9.38,83.5,1.0,14.1,14.5
1087.498,70,108.0,1039.0,0.0,9.0,9.27,83.5,1.0,14.1,14.5
1087.588,70,108.0,1039.0,0.0,9.0,9.27,83.5,1.0,14.1,14.5
1087.678,70,108.0,1039.0,0.0,9.0,9.27,83.5,1.0,14.1,14.5
1087.768,70,108.0,1039.0,0.0,9.0,9.27,83.5,1.0,14.1,14.5
1087.859,70,108.0,1039.0,0.0,9.0,9.27,83.5,1.0,14.1,14.5
1087.948,70,108.0,1039.0,0.0,9.0,9.27,83.5,1.0,14.1,14.5
1088.038,70,107.0,1039.0,0.0,9.0,9.27,83.5,1.0,14.1,14.5
1088.127,70,107.0,1040.0,0.0,9.0,9.27,83.5,1.0,14.1,14.5
1088.218,70,107.0,1040.0,0.0,9.0,9.27,83.5,1.0,14.1,14.5
1088.308,70,107.0,1040.0,0.0,10.0,9.27,83.5,1.0,14.1,14.5
1088.428,70,107.0,1040.0,0.0,10.0,9.3,83.5,1.0,14.1,14.5
1088.518,70,107.0,1040.0,0.0,10.0,9.3,83.5,1.0,14.1,14.5
1088.608,70,107.0,1040.0,0.0,10.0,9.3,83.5,1.0,14.1,14.5
1088.698,70,107.0,1040.0,0.0,10.0,9.3,83.5,1.0,14.1,14.5
1088.788,70,107.0,1040.0,0.0,10.0,9.3,83.5,1.0,14.1,14.5
1088.878,70,107.0,1040.0,0.0,10.0,9.3,83.5,1.0,14.1,14.5
1088.968,70,108.0,1040.0,0.0,10.0,9.3,83.5,1.0,14.1,14.5
1089.057,70,108.0,1039.0,0.0,10.0,9.3,83.5,1.0,14.1,14.5
1089.147,70,108.0,1039.0,0.0,10.0,9.3,83.5,1.0,14.1,14.5
1089.238,70,108.0,1039.0,0.0,9.0,9.3,83.5,1.0,14.1,14.5
1089.328,70,108.0,1039.0,0.0,9.0,9.33,83.5,1.0,14.1,14.5
1089.418,70,108.0,1039.0,0.0,9.0,9.33,83.5,1.0,14.1,14.5
1089.508,70,108.0,1039.0,0.0,9.0,9.33,83.5,1.0,14.1,14.5
1089.598,70,108.0,1039.0,0.0,9.0,9.33,83.5,1.0,14.1,14.5
1089.688,70,108.0,1039.0,0.0,9.0,9.33,83.5,1.0,14.1,14.5
1089.778,70,108.0,1039.0,0.0,9.0,9.33,83.5,1.0,14.1,14.5
1089.868,70,107.0,1039.0,0.0,9.0,9.33,83.5,1.0,14.1,14.5
1089.959,70,107.0,1041.0,0.0,9.0,9.33,83.5,1.0,14.1,14.5
1090.047,70,107.0,1041.0,0.0,9.0,9.33,83.5,1.0,14.1,14.5
1090.137,70,107.0,1041.0,0.0,10.0,9.33,83.5,1.0,14.1,14.5
1090.228,70,107.0,1041.0,0.0,10.0,9.38,83.5,1.0,14.1,14.5
1090.318,70,107.0,1041.0,0.0,10.0,9.38,83.5,1.0,14.1,14.5
1090.408,70,107.0,1041.0,0.0,10.0,9.38,83.5,1.0,14.1,14.5
1090.498,70,107.0,1041.0,0.0,10.0,9.38,83.5,1.0,14.1,14.5
1090.588,70,107.0,1041.0,0.0,10.0,9.38,83.5,1.0,14.1,14.5
1090.678,70,107.0,1041.0,0.0,10.0,9.38,83.5,1.0,14.1,14.5
1090.768,70,107.0,1041.0,0.0,10.0,9.38,83.5,1.0,14.1,14.5
1090.858,70,107.0,1040.0,0.0,10.0,9.38,83.5,1.0,14.1,14.5
1090.948,70,107.0,1040.0,0.0,10.0,9.38,83.5,1.0,14.1,14.5
1091.037,70,107.0,1040.0,0.0,10.0,9.38,83.5,1.0,14.1,14.5
1091.128,70,107.0,1040.0,0.0,10.0,9.27,83.5,1.0,14.1,14.5
1091.218,70,107.0,1040.0,0.0,10.0,9.27,83.5,1.0,14.1,14.5
1091.308,70,107.0,1040.0,0.0,10.0,9.27,83.5,1.0,14.1,14.5
1091.398,70,107.0,1040.0,0.0,10.0,9.27,83.5,1.0,14.5,14.5
1091.488,70,107.0,1040.0,0.0,10.0,9.27,83.5,1.0,14.5,14.5
1091.578,70,107.0,1040.0,0.0,10.0,9.27,83.5,1.0,14.5,14.5
1091.668,70,107.0,1040.0,0.0,10.0,9.27,83.5,1.0,14.5,14.5
1091.758,70,107.0,1045.0,0.0,10.0,9.27,83.5,1.0,14.5,14.5
1091.848,70,107.0,1045.0,0.0,10.0,9.27,83.5,1.0,14.5,14.5
1091.938,70,107.0,1045.0,0.0,10.0,9.27,83.5,1.0,14.5,14.5
1092.027,70,107.0,1045.0,0.0,10.0,9.24,83.5,1.0,14.5,14.5
1092.118,70,107.0,1045.0,0.0,10.0,9.24,83.5,1.0,14.5,14.5
1092.208,70,107.0,1045.0,0.0,10.0,9.24,83.5,1.0,14.5,14.5
1092.298,70,107.0,1045.0,0.0,10.0,9.24,83.5,1.0,14.1,14.5
1092.388,70,107.0,1045.0,0.0,10.0,9.24,83.5,1.0,14.1,14.5
1092.478,70,107.0,1045.0,0.0,10.0,9.24,83.5,1.0,14.1,14.5
1092.568,70,107.0,1045.0,0.0,10.0,9.24,83.5,1.0,14.1,14.5
1092.658,70,107.0,1043.0,0.0,10.0,9.24,83.5,1.0,14.1,14.5
1092.748,70,107.0,1043.0,0.0,10.0,9.24,83.5,1.0,14.1,14.5
1092.838,70,107.0,1043.0,0.0,9.0,9.24,83.5,1.0,14.1,14.5
1092.928,70,107.0,1043.0,0.0,9.0,9.33,83.5,1.0,14.1,14.5
1093.017,70,107.0,1043.0,0.0,9.0,9.33,83.5,1.0,14.1,14.5
1093.108,70,107.0,1043.0,0.0,9.0,9.33,83.5,1.0,14.1,14.5
1093.198,70,107.0,1043.0,0.0,9.0,9.33,83.5,1.0,14.1,14.5
1093.288,70,107.0,1043.0,0.0,9.0,9.33,83.5,1.0,14.1,14.5
1093.438,70,107.0,1043.0,0.0,9.0,9.33,83.5,1.0,14.1,14.5
1093.528,70,107.0,1043.0,0.0,9.0,9.33,83.5,1.0,14.1,14.5
1093.619,70,107.0,1040.0,0.0,9.0,9.33,83.5,1.0,14.1,14.5
1093.708,70,107.0,1040.0,0.0,9.0,9.33,83.5,1.0,14.1,14.5
1093.799,70,107.0,1040.0,0.0,10.0,9.33,83.5,1.0,14.1,14.5
1093.888,70,107.0,1040.0,0.0,10.0,9.44,83.5,1.0,14.1,14.5
1093.977,70,107.0,1040.0,0.0,10.0,9.44,83.5,1.0,14.1,14.5
1094.068,70,107.0,1040.0,0.0,10.0,9.44,83.5,1.0,14.1,14.5
1094.158,70,107.0,1040.0,0.0,10.0,9.44,83.5,1.0,14.9,14.5
1094.248,70,107.0,1040.0,0.0,10.0,9.44,83.5,1.0,14.9,14.9
1094.338,70,107.0,1040.0,0.0,10.0,9.44,83.5,1.0,14.9,14.9
1094.428,70,107.0,1040.0,0.0,10.0,9.44,83.5,1.0,14.9,14.9
1094.518,70,107.0,998.0,0.0,10.0,9.44,83.5,1.0,14.9,14.9
1094.608,70,107.0,998.0,0.0,10.0,9.44,83.5,1.0,14.9,14.9
1094.698,70,107.0,998.0,0.0,9.0,9.44,83.5,1.0,14.9,14.9
1094.788,70,107.0,998.0,0.0,9.0,9.27,83.5,1.0,14.9,14.9
1094.879,70,107.0,998.0,0.0,9.0,9.27,83.5,1.0,14.9,14.9
1094.967,70,107.0,998.0,0.0,9.0,9.27,83.5,1.0,14.9,14.9
1095.058,70,107.0,998.0,0.0,9.0,9.27,83.5,1.0,14.9,14.9
1095.148,70,107.0,998.0,0.0,9.0,9.27,83.5,1.0,14.9,14.5
1095.238,70,107.0,998.0,0.0,9.0,9.27,83.5,1.0,14.9,14.5
1095.328,70,108.0,998.0,0.0,9.0,9.27,83.5,1.0,14.9,14.5
1095.418,70,108.0,1002.0,0.0,9.0,9.27,83.5,1.0,14.9,14.5
1095.508,70,108.0,1002.0,1.0,9.0,9.27,83.5,1.0,14.9,14.5
1095.598,70,108.0,1002.0,1.0,9.0,9.27,83.5,1.0,14.9,14.5
1095.688,70,108.0,1002.0,1.0,9.0,8.47,83.5,1.0,14.9,14.5
1095.777,70,108.0,1002.0,1.0,9.0,8.47,83.5,1.0,14.9,14.5
1095.867,70,108.0,1002.0,1.0,9.0,8.47,83.5,1.0,14.9,14.5
1095.958,70,108.0,1002.0,1.0,9.0,8.47,83.5,1.0,14.1,14.5
1096.048,70,108.0,1002.0,1.0,9.0,8.47,83.5,1.0,14.1,14.5
1096.137,70,108.0,1002.0,1.0,9.0,8.47,83.5,1.0,14.1,14.5
1096.228,70,107.0,1002.0,1.0,9.0,8.47,83.5,1.0,14.1,14.5
1096.318,70,107.0,1092.0,1.0,9.0,8.47,83.5,1.0,14.1,14.5
1096.408,70,107.0,1092.0,1.0,9.0,8.47,83.5,1.0,14.1,14.5
1096.498,70,107.0,1092.0,1.0,8.0,8.47,83.5,1.0,14.1,14.5
1096.587,70,107.0,1092.0,1.0,8.0,9.99,83.5,1.0,14.1,14.5
1096.678,70,107.0,1092.0,1.0,8.0,9.99,83.5,1.0,14.1,14.5
1096.768,70,107.0,1092.0,1.0,8.0,9.99,83.5,1.0,14.1,14.5
1096.858,70,107.0,1092.0,1.0,8.0,9.99,83.5,1.0,14.9,14.5
1096.947,70,107.0,1092.0,1.0,8.0,9.99,83.5,1.0,14.9,14.5
1097.038,70,107.0,1092.0,1.0,8.0,9.99,83.5,1.0,14.9,14.5
1097.128,70,106.0,1092.0,1.0,8.0,9.99,83.5,1.0,14.9,14.5
1097.218,70,106.0,1018.0,1.0,8.0,9.99,83.5,1.0,14.9,14.5
1097.308,70,106.0,1018.0,1.0,8.0,9.99,83.5,1.0,14.9,14.5
1097.397,70,106.0,1018.0,1.0,10.0,9.99,83.5,1.0,14.9,14.5
1097.488,70,106.0,1018.0,1.0,10.0,8.49,83.5,1.0,14.9,14.5
1097.578,70,106.0,1018.0,1.0,10.0,8.49,83.5,1.0,14.9,14.5
1097.668,70,106.0,1018.0,1.0,10.0,8.49,83.5,1.0,14.9,14.5
1097.758,70,106.0,1018.0,1.0,10.0,8.49,83.5,1.0,14.9,14.5
1097.847,70,106.0,1018.0,1.0,10.0,8.49,83.5,1.0,14.9,14.5
1097.938,70,106.0,1018.0,1.0,10.0,8.49,83.5,1.0,14.9,14.5
1098.028,70,108.0,1018.0,1.0,10.0,8.49,83.5,1.0,14.9,14.5
1098.118,70,108.0,967.0,1.0,10.0,8.49,83.5,1.0,14.9,14.5
1098.208,70,108.0,967.0,4.0,10.0,8.49,83.5,1.0,14.9,14.5
1098.298,70,108.0,967.0,4.0,9.0,8.49,83.5,1.0,14.9,14.5
1098.418,70,108.0,967.0,4.0,9.0,10.52,83.5,1.0,14.9,14.5
1098.508,70,108.0,967.0,4.0,9.0,10.52,83.5,1.0,14.9,14.5
1098.598,70,108.0,967.0,4.0,9.0,10.52,83.5,1.0,14.9,14.5
1098.688,70,108.0,967.0,4.0,9.0,10.52,83.5,1.0,14.9,14.5
1098.779,70,108.0,967.0,4.0,9.0,10.52,83.5,1.0,14.9,14.5
1098.868,70,108.0,967.0,4.0,9.0,10.52,83.5,1.0,14.9,14.5
1098.958,70,109.0,967.0,4.0,9.0,10.52,83.5,1.0,14.9,14.5
1099.047,70,109.0,1097.0,4.0,9.0,10.52,83.5,1.0,14.9,14.5
1099.138,70,109.0,1097.0,10.0,9.0,10.52,83.5,1.0,14.9,14.5
1099.228,70,109.0,1097.0,10.0,11.0,10.52,83.5,1.0,14.9,14.5
1099.318,70,109.0,1097.0,10.0,11.0,10.52,83.5,1.0,14.9,14.5
1099.407,70,109.0,1097.0,10.0,11.0,10.52,83.5,1.0,14.9,14.5
1099.497,70,109.0,1097.0,10.0,11.0,10.52,83.5,1.0,14.9,14.5
1099.588,70,109.0,1097.0,10.0,11.0,10.52,83.5,1.0,18.8,14.5
1099.678,70,109.0,1097.0,10.0,11.0,10.52,83.5,1.0,18.8,19.2
1099.768,70,109.0,1097.0,10.0,11.0,10.52,83.5,1.0,18.8,19.2
1099.858,70,105.0,1097.0,10.0,11.0,10.52,83.5,1.0,18.8,19.2
1099.95,70,105.0,1226.0,10.0,11.0,10.52,83.5,1.0,18.8,19.2
1100.037,70,105.0,1226.0,10.0,11.0,10.52,83.5,1.0,18.8,19.2
1100.128,70,105.0,1226.0,10.0,11.0,10.52,83.5,1.0,18.8,19.2
1100.218,70,105.0,1226.0,10.0,11.0,12.52,83.5,1.0,18.8,19.2
1100.307,70,105.0,1226.0,10.0,11.0,12.52,83.5,1.0,18.8,19.2
1100.398,70,105.0,1226.0,10.0,11.0,12.52,83.5,1.0,18.8,19.2
1100.488,70,105.0,1226.0,10.0,11.0,12.52,83.5,1.0,29.0,19.2
1100.578,70,105.0,1226.0,10.0,11.0,12.52,83.5,1.0,29.0,29.0
1100.668,70,105.0,1226.0,10.0,11.0,12.52,83.5,1.0,29.0,29.0
1100.758,70,108.0,1226.0,10.0,11.0,12.52,83.5,1.0,29.0,29.0
1100.849,70,108.0,1413.0,10.0,11.0,12.52,83.5,1.0,29.0,29.0
1100.937,70,108.0,1413.0,12.0,11.0,12.52,83.5,1.0,29.0,29.0
1101.027,70,108.0,1413.0,12.0,11.0,12.52,83.5,1.0,29.0,29.0
1101.117,70,108.0,1413.0,12.0,11.0,13.99,83.5,1.0,29.0,29.0
1101.208,70,108.0,1413.0,12.0,11.0,13.99,83.5,1.0,29.0,29.0
1101.297,70,108.0,1413.0,12.0,11.0,13.99,83.5,1.0,29.0,29.0
1101.388,70,108.0,1413.0,12.0,11.0,13.99,83.5,1.0,34.5,29.0
1101.478,70,108.0,1413.0,12.0,11.0,13.99,83.5,1.0,34.5,34.1
1101.571,70,108.0,1413.0,12.0,11.0,13.99,83.5,1.0,34.5,34.1
1101.658,70,121.0,1413.0,12.0,11.0,13.99,83.5,1.0,34.5,34.1
1101.749,70,121.0,1688.0,12.0,11.0,13.99,83.5,1.0,34.5,34.1
1101.838,70,121.0,1688.0,15.0,11.0,13.99,83.5,1.0,34.5,34.1
1101.929,70,121.0,1688.0,15.0,13.0,13.99,83.5,1.0,34.5,34.1
1102.017,70,121.0,1688.0,15.0,13.0,16.13,83.5,1.0,34.5,34.1
1102.107,70,121.0,1688.0,15.0,13.0,16.13,83.5,1.0,34.5,34.1
1102.198,70,121.0,1688.0,15.0,13.0,16.13,83.5,1.0,34.5,34.1
1102.288,70,121.0,1688.0,15.0,13.0,16.13,83.5,1.0,14.9,34.1
1102.378,70,121.0,1688.0,15.0,13.0,16.13,83.5,1.0,14.9,20.4
1102.468,70,121.0,1688.0,15.0,13.0,16.13,83.5,1.0,14.9,20.4
1102.558,70,115.0,1688.0,15.0,13.0,16.13,83.5,1.0,14.9,20.4
1102.649,70,115.0,945.0,15.0,13.0,16.13,83.5,1.0,14.9,20.4
1102.738,70,115.0,945.0,16.0,13.0,16.13,83.5,1.0,14.9,20.4
1102.83,70,115.0,945.0,16.0,13.0,16.13,83.5,1.0,14.9,20.4
1102.918,70,115.0,945.0,16.0,13.0,11.05,83.5,1.0,14.9,20.4
1103.013,70,115.0,945.0,16.0,13.0,11.05,83.5,1.0,14.9,20.4
1103.097,70,115.0,945.0,16.0,13.0,11.05,83.5,1.0,14.9,20.4
1103.188,70,115.0,945.0,16.0,13.0,11.05,83.5,1.0,28.6,20.4
1103.278,70,115.0,945.0,16.0,13.0,11.05,83.5,1.0,28.6,30.6
1103.399,70,115.0,945.0,16.0,13.0,11.05,83.5,1.0,28.6,30.6
1103.488,70,112.0,945.0,16.0,13.0,11.05,83.5,1.0,28.6,30.6
1103.578,70,112.0,1042.0,16.0,13.0,11.05,83.5,1.0,28.6,30.6
1103.669,70,112.0,1042.0,18.0,13.0,11.05,83.5,1.0,28.6,30.6
1103.758,70,112.0,1042.0,18.0,11.0,11.05,83.5,1.0,28.6,30.6
1103.849,70,112.0,1042.0,18.0,11.0,11.58,83.5,1.0,28.6,30.6
1103.938,70,112.0,1042.0,18.0,11.0,11.58,83.5,1.0,28.6,30.6
1104.027,70,112.0,1042.0,18.0,11.0,11.58,83.5,1.0,28.6,30.6
1104.118,70,112.0,1042.0,18.0,11.0,11.58,83.5,1.0,28.2,30.6
1104.208,70,112.0,1042.0,18.0,11.0,11.58,83.5,1.0,28.2,28.6
1104.298,70,112.0,1042.0,18.0,11.0,11.58,83.5,1.0,28.2,28.6
1104.388,70,110.0,1042.0,18.0,11.0,11.58,83.5,1.0,28.2,28.6
1104.478,70,110.0,1164.0,18.0,11.0,11.58,83.5,1.0,28.2,28.6
1104.569,70,110.0,1164.0,20.0,11.0,11.58,83.5,1.0,28.2,28.6
1104.658,70,110.0,1164.0,20.0,11.0,11.58,83.5,1.0,28.2,28.6
1104.749,70,110.0,1164.0,20.0,11.0,11.05,83.5,1.0,28.2,28.6
1104.837,70,110.0,1164.0,20.0,11.0,11.05,83.5,1.0,28.2,28.6
1104.929,70,110.0,1164.0,20.0,11.0,11.05,83.5,1.0,28.2,28.6
1105.017,70,110.0,1164.0,20.0,11.0,11.05,83.5,1.0,33.3,28.6
1105.108,70,110.0,1164.0,20.0,11.0,11.05,83.5,1.0,33.3,33.7
1105.198,70,110.0,1164.0,20.0,11.0,11.05,83.5,1.0,33.3,33.7
1105.288,70,111.0,1164.0,20.0,11.0,11.05,83.5,1.0,33.3,33.7
1105.377,70,111.0,1278.0,20.0,11.0,11.05,83.5,1.0,33.3,33.7
1105.467,70,111.0,1278.0,22.0,11.0,11.05,83.5,1.0,33.3,33.7
1105.558,70,111.0,1278.0,22.0,12.0,11.05,83.5,1.0,33.3,33.7
1105.648,70,111.0,1278.0,22.0,12.0,14.44,83.5,1.0,33.3,33.7
1105.737,70,111.0,1278.0,22.0,12.0,14.44,83.5,1.0,33.3,33.7
1105.828,70,111.0,1278.0,22.0,12.0,14.44,83.5,1.0,33.3,33.7
1105.918,70,111.0,1278.0,22.0,12.0,14.44,83.5,1.0,35.7,33.7
1106.021,70,111.0,1278.0,22.0,12.0,14.44,83.5,1.0,35.7,36.5
1106.098,70,111.0,1278.0,22.0,12.0,14.44,83.5,1.0,35.7,36.5
1106.188,70,119.0,1278.0,22.0,12.0,14.44,83.5,1.0,35.7,36.5
1106.278,70,119.0,1424.0,22.0,12.0,14.44,83.5,1.0,35.7,36.5
1106.368,70,119.0,1424.0,24.0,12.0,14.44,83.5,1.0,35.7,36.5
1106.458,70,119.0,1424.0,24.0,13.0,14.44,83.5,1.0,35.7,36.5
1106.549,70,119.0,1424.0,24.0,13.0,18.24,83.5,1.0,35.7,36.5
1106.638,70,119.0,1424.0,24.0,13.0,18.24,83.5,1.0,35.7,36.5
1106.728,70,119.0,1424.0,24.0,13.0,18.24,83.5,1.0,35.7,36.5
1106.818,70,119.0,1424.0,24.0,13.0,18.24,83.5,1.0,38.8,36.5
1106.909,70,119.0,1424.0,24.0,13.0,18.24,83.5,1.0,38.8,39.2
1106.999,70,119.0,1424.0,24.0,13.0,18.24,83.5,1.0,38.8,39.2
1107.087,70,132.0,1424.0,24.0,13.0,18.24,83.5,1.0,38.8,39.2
1107.178,70,132.0,1586.0,24.0,13.0,18.24,83.5,1.0,38.8,39.2
1107.269,70,132.0,1586.0,27.0,13.0,18.24,83.5,1.0,38.8,39.2
1107.358,70,132.0,1586.0,27.0,13.0,18.24,83.5,1.0,38.8,39.2
1107.449,70,132.0,1586.0,27.0,13.0,21.58,83.5,1.0,38.8,39.2
1107.537,70,132.0,1586.0,27.0,13.0,21.58,83.5,1.0,38.8,39.2
1107.629,70,132.0,1586.0,27.0,13.0,21.58,83.5,1.0,38.8,39.2
1107.718,70,132.0,1586.0,27.0,13.0,21.58,83.5,1.0,38.8,39.2
1107.808,70,132.0,1586.0,27.0,13.0,21.58,83.5,1.0,38.8,38.8
1107.897,70,132.0,1586.0,27.0,13.0,21.58,83.5,1.0,38.8,38.8
1107.989,70,138.0,1586.0,27.0,13.0,21.58,83.5,1.0,38.8,38.8
1108.077,70,138.0,1742.0,27.0,13.0,21.58,83.5,1.0,38.8,38.8
1108.167,70,138.0,1742.0,30.0,13.0,21.58,83.5,1.0,38.8,38.8
1108.257,70,138.0,1742.0,30.0,14.0,21.58,83.5,1.0,38.8,38.8
1108.348,70,138.0,1742.0,30.0,14.0,19.52,83.5,1.0,38.8,38.8
1108.468,70,138.0,1742.0,30.0,14.0,19.52,83.5,1.0,38.8,38.8
1108.558,70,138.0,1742.0,30.0,14.0,19.52,83.5,1.0,38.8,38.8
1108.649,70,138.0,1742.0,30.0,14.0,19.52,83.5,1.0,31.4,38.8
1108.737,70,138.0,1742.0,30.0,14.0,19.52,83.5,1.0,31.4,31.4
1108.829,70,138.0,1742.0,30.0,14.0,19.52,83.5,1.0,31.4,31.4
1108.918,70,119.0,1742.0,30.0,14.0,19.52,83.5,1.0,31.4,31.4
1109.007,70,119.0,1806.0,30.0,14.0,19.52,83.5,1.0,31.4,31.4
1109.128,70,119.0,1806.0,31.0,14.0,19.52,83.5,1.0,31.4,31.4
1109.218,70,119.0,1806.0,31.0,13.0,19.52,83.5,1.0,31.4,31.4
1109.308,70,119.0,1806.0,31.0,13.0,17.16,83.5,1.0,31.4,31.4
1109.398,70,119.0,1806.0,31.0,13.0,17.16,83.5,1.0,31.4,31.4
1109.488,70,119.0,1806.0,31.0,13.0,17.16,83.5,1.0,31.4,31.4
1109.577,70,119.0,1806.0,31.0,13.0,17.16,83.5,1.0,26.3,31.4
1109.669,70,119.0,1806.0,31.0,13.0,17.16,83.5,1.0,26.3,26.7
1109.757,70,119.0,1806.0,31.0,13.0,17.16,83.5,1.0,26.3,26.7
1109.849,70,112.0,1806.0,31.0,13.0,17.16,83.5,1.0,26.3,26.7
1109.938,70,112.0,1782.0,31.0,13.0,17.16,83.5,1.0,26.3,26.7
1110.027,70,112.0,1782.0,30.0,13.0,17.16,83.5,1.0,26.3,26.7
1110.117,70,112.0,1782.0,30.0,13.0,17.16,83.5,1.0,26.3,26.7
1110.211,70,112.0,1782.0,30.0,13.0,15.63,83.5,1.0,26.3,26.7
1110.299,70,112.0,1782.0,30.0,13.0,15.63,83.5,1.0,26.3,26.7
1110.389,70,112.0,1782.0,30.0,13.0,15.63,83.5,1.0,26.3,26.7
1110.478,70,112.0,1782.0,30.0,13.0,15.63,83.5,1.0,20.4,26.7
1110.569,70,112.0,1782.0,30.0,13.0,15.63,83.5,1.0,20.4,19.2
1110.658,70,112.0,1782.0,30.0,13.0,15.63,83.5,1.0,20.4,19.2
1110.748,70,110.0,1782.0,30.0,13.0,15.63,83.5,1.0,20.4,19.2
1110.838,70,110.0,1681.0,30.0,13.0,15.63,83.5,1.0,20.4,19.2
1110.928,70,110.0,1681.0,29.0,13.0,15.63,83.5,1.0,20.4,19.2
1111.017,70,110.0,1681.0,29.0,12.0,15.63,83.5,1.0,20.4,19.2
1111.107,70,110.0,1681.0,29.0,12.0,15.47,83.5,1.0,20.4,19.2
1111.198,70,110.0,1681.0,29.0,12.0,15.47,83.5,1.0,20.4,19.2
1111.288,70,110.0,1681.0,29.0,12.0,15.47,83.5,1.0,20.4,19.2
1111.377,70,110.0,1681.0,29.0,12.0,15.47,83.5,1.0,22.4,19.2
1111.468,70,110.0,1681.0,29.0,12.0,15.47,83.5,1.0,22.4,22.0
1111.558,70,110.0,1681.0,29.0,12.0,15.47,83.5,1.0,22.4,22.0
1111.647,70,117.0,1681.0,29.0,12.0,15.47,83.5,1.0,22.4,22.0
1111.738,70,117.0,1584.0,29.0,12.0,15.47,83.5,1.0,22.4,22.0
1111.83,70,117.0,1584.0,27.0,12.0,15.47,83.5,1.0,22.4,22.0
1111.917,70,117.0,1584.0,27.0,12.0,15.47,83.5,1.0,22.4,22.0
1112.007,70,117.0,1584.0,27.0,12.0,15.83,83.5,1.0,22.4,22.0
1112.127,70,117.0,1584.0,27.0,12.0,15.83,83.5,1.0,22.4,22.0
1112.217,70,117.0,1584.0,27.0,12.0,15.83,83.5,1.0,22.4,22.0
1112.308,70,117.0,1584.0,27.0,12.0,15.83,83.5,1.0,22.7,22.0
1112.397,70,117.0,1584.0,27.0,12.0,15.83,83.5,1.0,22.7,22.7
1112.488,70,117.0,1584.0,27.0,12.0,15.83,83.5,1.0,22.7,22.7
1112.578,70,119.0,1584.0,27.0,12.0,15.83,83.5,1.0,22.7,22.7
1112.668,70,119.0,1530.0,27.0,12.0,15.83,83.5,1.0,22.7,22.7
1112.758,70,119.0,1530.0,26.0,12.0,15.83,83.5,1.0,22.7,22.7
1112.848,70,119.0,1530.0,26.0,12.0,15.83,83.5,1.0,22.7,22.7
1112.937,70,119.0,1530.0,26.0,12.0,14.55,83.5,1.0,22.7,22.7
1113.027,70,119.0,1530.0,26.0,12.0,14.55,83.5,1.0,22.7,22.7
1113.117,70,119.0,1530.0,26.0,12.0,14.55,83.5,1.0,22.7,22.7
1113.208,70,119.0,1530.0,26.0,12.0,14.55,83.5,1.0,22.4,22.7
1113.297,70,119.0,1530.0,26.0,12.0,14.55,83.5,1.0,22.4,22.4
1113.418,70,119.0,1530.0,26.0,12.0,14.55,83.5,1.0,22.4,22.4
1113.508,70,119.0,1530.0,26.0,12.0,14.55,83.5,1.0,22.4,22.4
1113.598,70,119.0,1476.0,26.0,12.0,14.55,83.5,1.0,22.4,22.4
1113.688,70,119.0,1476.0,25.0,12.0,14.55,83.5,1.0,22.4,22.4
1113.777,70,119.0,1476.0,25.0,12.0,14.55,83.5,1.0,22.4,22.4
1113.867,70,119.0,1476.0,25.0,12.0,14.11,83.5,1.0,22.4,22.4
1113.957,70,119.0,1476.0,25.0,12.0,14.11,83.5,1.0,22.4,22.4
1114.047,70,119.0,1476.0,25.0,12.0,14.11,83.5,1.0,22.4,22.4
1114.137,70,119.0,1476.0,25.0,12.0,14.11,83.5,1.0,23.1,22.4
1114.228,70,119.0,1476.0,25.0,12.0,14.11,83.5,1.0,23.1,23.9
1114.318,70,119.0,1476.0,25.0,12.0,14.11,83.5,1.0,23.1,23.9
1114.408,70,118.0,1476.0,25.0,12.0,14.11,83.5,1.0,23.1,23.9
1114.498,70,118.0,1480.0,25.0,12.0,14.11,83.5,1.0,23.1,23.9
1114.587,70,118.0,1480.0,25.0,12.0,14.11,83.5,1.0,23.1,23.9
1114.677,70,118.0,1480.0,25.0,12.0,14.11,83.5,1.0,23.1,23.9
1114.768,70,118.0,1480.0,25.0,12.0,13.44,83.5,1.0,23.1,23.9
1114.858,70,118.0,1480.0,25.0,12.0,13.44,83.5,1.0,23.1,23.9
1114.947,70,118.0,1480.0,25.0,12.0,13.44,83.5,1.0,23.1,23.9
1115.067,70,118.0,1480.0,25.0,12.0,13.44,83.5,1.0,25.5,23.9
1115.158,70,118.0,1480.0,25.0,12.0,13.44,83.5,1.0,25.5,26.3
1115.248,70,118.0,1480.0,25.0,12.0,13.44,83.5,1.0,25.5,26.3
1115.338,70,106.0,1480.0,25.0,12.0,13.44,83.5,1.0,25.5,26.3
1115.428,70,106.0,1471.0,25.0,12.0,13.44,83.5,1.0,25.5,26.3
1115.517,70,106.0,1471.0,25.0,12.0,13.44,83.5,1.0,25.5,26.3
1115.607,70,106.0,1471.0,25.0,11.0,13.44,83.5,1.0,25.5,26.3
1115.697,70,106.0,1471.0,25.0,11.0,13.24,83.5,1.0,25.5,26.3
1115.788,70,106.0,1471.0,25.0,11.0,13.24,83.5,1.0,25.5,26.3
1115.877,70,106.0,1471.0,25.0,11.0,13.24,83.5,1.0,25.5,26.3
1115.968,70,106.0,1471.0,25.0,11.0,13.24,83.5,1.0,31.0,26.3
1116.057,70,106.0,1471.0,25.0,11.0,13.24,83.5,1.0,31.0,31.0
1116.147,70,106.0,1471.0,25.0,11.0,13.24,83.5,1.0,31.0,31.0
1116.238,70,112.0,1471.0,25.0,11.0,13.24,83.5,1.0,31.0,31.0
1116.327,70,112.0,1519.0,25.0,11.0,13.24,83.5,1.0,31.0,31.0
1116.419,70,112.0,1519.0,26.0,11.0,13.24,83.5,1.0,31.0,31.0
1116.507,70,112.0,1519.0,26.0,12.0,13.24,83.5,1.0,31.0,31.0
1116.597,70,112.0,1519.0,26.0,12.0,13.83,83.5,1.0,31.0,31.0
1116.688,70,112.0,1519.0,26.0,12.0,13.83,83.5,1.0,31.0,31.0
1116.778,70,112.0,1519.0,26.0,12.0,13.83,83.5,1.0,31.0,31.0
1116.867,70,112.0,1519.0,26.0,12.0,13.83,83.5,1.0,29.0,31.0
1116.958,70,112.0,1519.0,26.0,12.0,13.83,83.5,1.0,29.0,29.0
1117.047,70,112.0,1519.0,26.0,12.0,13.83,83.5,1.0,29.0,29.0
1117.167,70,116.0,1519.0,26.0,12.0,13.83,83.5,1.0,29.0,29.0
1117.258,70,116.0,1582.0,26.0,12.0,13.83,83.5,1.0,29.0,29.0
1117.347,70,116.0,1582.0,27.0,12.0,13.83,83.5,1.0,29.0,29.0
1117.437,70,116.0,1582.0,27.0,12.0,13.83,83.5,1.0,29.0,29.0
1117.527,70,116.0,1582.0,27.0,12.0,13.77,83.5,1.0,29.0,29.0
1117.617,70,116.0,1582.0,27.0,12.0,13.77,83.5,1.0,29.0,29.0
1117.707,70,116.0,1582.0,27.0,12.0,13.77,83.5,1.0,29.0,29.0
1117.797,70,116.0,1582.0,27.0,12.0,13.77,83.5,1.0,23.5,29.0
1117.888,70,116.0,1582.0,27.0,12.0,13.77,83.5,1.0,23.5,23.5
1117.977,70,116.0,1582.0,27.0,12.0,13.77,83.5,1.0,23.5,23.5
1118.068,70,110.0,1582.0,27.0,12.0,13.77,83.5,1.0,23.5,23.5
1118.157,70,110.0,1554.0,27.0,12.0,13.77,83.5,1.0,23.5,23.5
1118.248,70,110.0,1554.0,27.0,12.0,13.77,83.5,1.0,23.5,23.5
1118.337,70,110.0,1554.0,27.0,12.0,13.77,83.5,1.0,23.5,23.5
1118.457,70,110.0,1554.0,27.0,12.0,13.49,83.5,1.0,23.5,23.5
1118.547,70,110.0,1554.0,27.0,12.0,13.49,83.5,1.0,23.5,23.5
1118.637,70,110.0,1554.0,27.0,12.0,13.49,83.5,1.0,23.5,23.5
1118.728,70,110.0,1554.0,27.0,12.0,13.49,83.5,1.0,20.0,23.5
1118.818,70,110.0,1554.0,27.0,12.0,13.49,83.5,1.0,20.0,19.6
1118.908,70,110.0,1554.0,27.0,12.0,13.49,83.5,1.0,20.0,19.6
1118.997,70,108.0,1554.0,27.0,12.0,13.49,83.5,1.0,20.0,19.6
1119.087,70,108.0,1481.0,27.0,12.0,13.49,83.5,1.0,20.0,19.6
1119.177,70,108.0,1481.0,25.0,12.0,13.49,83.5,1.0,20.0,19.6
1119.267,70,108.0,1481.0,25.0,12.0,13.49,83.5,1.0,20.0,19.6
1119.357,70,108.0,1481.0,25.0,12.0,13.24,83.5,1.0,20.0,19.6
1119.447,70,108.0,1481.0,25.0,12.0,13.24,83.5,1.0,20.0,19.6
1119.537,70,108.0,1481.0,25.0,12.0,13.24,83.5,1.0,20.0,19.6
1119.627,70,108.0,1481.0,25.0,12.0,13.24,83.5,1.0,14.1,19.6
1119.717,70,108.0,1481.0,25.0,12.0,13.24,83.5,1.0,14.1,14.5
1119.809,70,108.0,1481.0,25.0,12.0,13.24,83.5,1.0,14.1,14.5
1119.898,70,112.0,1481.0,25.0,12.0,13.24,83.5,1.0,14.1,14.5
1119.987,70,112.0,1375.0,25.0,12.0,13.24,83.5,1.0,14.1,14.5
1120.077,70,112.0,1375.0,23.0,12.0,13.24,83.5,1.0,14.1,14.5
1120.168,70,112.0,1375.0,23.0,11.0,13.24,83.5,1.0,14.1,14.5
1120.257,70,112.0,1375.0,23.0,11.0,12.72,83.5,1.0,14.1,14.5
1120.347,70,112.0,1375.0,23.0,11.0,12.72,83.5,1.0,14.1,14.5
1120.437,70,112.0,1375.0,23.0,11.0,12.72,83.5,1.0,14.1,14.5
1120.528,70,112.0,1375.0,23.0,11.0,12.72,83.5,1.0,14.1,14.5
1120.617,70,112.0,1375.0,23.0,11.0,12.72,83.5,1.0,14.1,14.5
1120.707,70,112.0,1375.0,23.0,11.0,12.72,83.5,1.0,14.1,14.5
1120.798,70,111.0,1375.0,23.0,11.0,12.72,83.5,1.0,14.1,14.5
1120.888,70,111.0,1221.0,23.0,11.0,12.72,83.5,1.0,14.1,14.5
1120.976,70,111.0,1221.0,21.0,11.0,12.72,83.5,1.0,14.1,14.5
1121.067,70,111.0,1221.0,21.0,11.0,12.72,83.5,1.0,14.1,14.5
1121.157,70,111.0,1221.0,21.0,11.0,10.49,83.5,1.0,14.1,14.5
1121.247,70,111.0,1221.0,21.0,11.0,10.49,83.5,1.0,14.1,14.5
1121.337,70,111.0,1221.0,21.0,11.0,10.49,83.5,1.0,14.1,14.5
1121.427,70,111.0,1221.0,21.0,11.0,10.49,83.5,1.0,14.1,14.5
1121.518,70,111.0,1221.0,21.0,11.0,10.49,83.5,1.0,14.1,14.5
1121.608,70,111.0,1221.0,21.0,11.0,10.49,83.5,1.0,14.1,14.5
1121.697,70,109.0,1221.0,21.0,11.0,10.49,83.5,1.0,14.1,14.5
1121.788,70,109.0,869.0,21.0,11.0,10.49,83.5,1.0,14.1,14.5
1121.877,70,109.0,869.0,16.0,11.0,10.49,83.5,1.0,14.1,14.5
1121.967,70,109.0,869.0,16.0,10.0,10.49,83.5,1.0,14.1,14.5
1122.057,70,109.0,869.0,16.0,10.0,8.33,83.5,1.0,14.1,14.5
1122.147,70,109.0,869.0,16.0,10.0,8.33,83.5,1.0,14.1,14.5
1122.238,70,109.0,869.0,16.0,10.0,8.33,83.5,1.0,14.1,14.5
1122.327,70,109.0,869.0,16.0,10.0,8.33,83.5,1.0,14.1,14.5
1122.417,70,109.0,869.0,16.0,10.0,8.33,83.5,1.0,14.1,14.5
1122.507,70,109.0,869.0,16.0,10.0,8.33,83.5,1.0,14.1,14.5
1122.598,70,106.0,869.0,16.0,10.0,8.33,83.5,1.0,14.1,14.5
1122.688,70,106.0,883.0,16.0,10.0,8.33,83.5,1.0,14.1,14.5
1122.778,70,106.0,883.0,7.0,10.0,8.33,83.5,1.0,14.1,14.5
1122.867,70,106.0,883.0,7.0,7.0,8.33,83.5,1.0,14.1,14.5
1122.957,70,106.0,883.0,7.0,7.0,8.44,83.5,1.0,14.1,14.5
1123.047,70,106.0,883.0,7.0,7.0,8.44,83.5,1.0,14.1,14.5
1123.137,70,106.0,883.0,7.0,7.0,8.44,83.5,1.0,14.1,14.5
1123.227,70,106.0,883.0,7.0,7.0,8.44,83.5,1.0,14.1,14.5
1123.318,70,106.0,883.0,7.0,7.0,8.44,83.5,1.0,14.1,14.5
1123.407,70,106.0,883.0,7.0,7.0,8.44,83.5,1.0,14.1,14.5
1123.498,70,105.0,883.0,7.0,7.0,8.44,83.5,1.0,14.1,14.5
1123.588,70,105.0,866.0,7.0,7.0,8.44,83.5,1.0,14.1,14.5
1123.677,70,105.0,866.0,1.0,7.0,8.44,83.5,1.0,14.1,14.5
1123.767,70,105.0,866.0,1.0,7.0,8.44,83.5,1.0,14.1,14.5
1123.858,70,105.0,866.0,1.0,7.0,7.74,83.5,1.0,14.1,14.5
1123.95,70,105.0,866.0,1.0,7.0,7.74,83.5,1.0,14.1,14.5
1124.037,70,105.0,866.0,1.0,7.0,7.74,83.5,1.0,14.1,14.5
1124.128,70,105.0,866.0,1.0,7.0,7.74,83.5,1.0,14.1,14.5
1124.217,70,105.0,866.0,1.0,7.0,7.74,83.5,1.0,14.1,14.5
1124.308,70,105.0,866.0,1.0,7.0,7.74,83.5,1.0,14.1,14.5
1124.398,70,104.0,866.0,1.0,7.0,7.74,83.5,1.0,14.1,14.5
1124.487,70,104.0,776.0,1.0,7.0,7.74,83.5,1.0,14.1,14.5
1124.577,70,104.0,776.0,0.0,7.0,7.74,83.5,1.0,14.1,14.5
1124.668,70,104.0,776.0,0.0,7.0,7.74,83.5,1.0,14.1,14.5
1124.758,70,104.0,776.0,0.0,7.0,7.11,83.5,1.0,14.1,14.5
1124.847,70,104.0,776.0,0.0,7.0,7.11,83.5,1.0,14.1,14.5
1124.938,70,104.0,776.0,0.0,7.0,7.11,83.5,1.0,14.1,14.5
1125.027,70,104.0,776.0,0.0,7.0,7.11,83.5,1.0,14.1,14.5
1125.089,70,104.0,776.0,0.0,7.0,7.11,83.5,1.0,14.1,14.5
1125.207,70,104.0,776.0,0.0,7.0,7.11,83.5,1.0,14.1,14.5
1125.298,70,103.0,776.0,0.0,7.0,7.11,83.5,1.0,14.1,14.5
1125.389,70,103.0,764.0,0.0,7.0,7.11,83.5,1.0,14.1,14.5
1125.477,70,103.0,764.0,0.0,7.0,7.11,83.5,1.0,14.1,14.5
1125.567,70,103.0,764.0,0.0,6.0,7.11,83.5,1.0,14.1,14.5
1125.658,70,103.0,764.0,0.0,6.0,6.97,83.5,1.0,14.1,14.5
1125.748,70,103.0,764.0,0.0,6.0,6.97,83.5,1.0,14.1,14.5
1125.837,70,103.0,764.0,0.0,6.0,6.97,83.5,1.0,14.1,14.5
1125.927,70,103.0,764.0,0.0,6.0,6.97,83.5,1.0,14.1,14.5
1126.017,70,103.0,764.0,0.0,6.0,6.97,83.5,1.0,14.1,14.5
1126.109,70,103.0,764.0,0.0,6.0,6.97,83.5,1.0,14.1,14.5
1126.198,70,103.0,764.0,0.0,6.0,6.97,83.5,1.0,14.1,14.5
1126.287,70,103.0,764.0,0.0,6.0,6.97,83.5,1.0,14.1,14.5
1126.378,70,103.0,764.0,0.0,6.0,6.97,83.5,1.0,14.1,14.5
1126.468,70,103.0,764.0,0.0,6.0,6.97,83.5,1.0,14.1,14.5
1126.558,70,103.0,764.0,0.0,6.0,7.13,83.5,1.0,14.1,14.5
1126.648,70,103.0,764.0,0.0,6.0,7.13,83.5,1.0,14.1,14.5
1126.738,70,103.0,764.0,0.0,6.0,7.13,83.5,1.0,14.1,14.5
1126.827,70,103.0,764.0,0.0,6.0,7.13,83.5,1.0,14.1,14.5
1126.918,70,103.0,764.0,0.0,6.0,7.13,83.5,1.0,14.1,14.5
1127.007,70,103.0,764.0,0.0,6.0,7.13,83.5,1.0,14.1,14.5
1127.097,70,103.0,764.0,0.0,6.0,7.13,83.5,1.0,14.1,14.5
1127.188,70,103.0,766.0,0.0,6.0,7.13,83.5,1.0,14.1,14.5
1127.278,70,103.0,766.0,0.0,6.0,7.13,83.5,1.0,14.1,14.5
1127.368,70,103.0,766.0,0.0,7.0,7.13,83.5,1.0,14.1,14.5
1127.458,70,103.0,766.0,0.0,7.0,7.3,83.5,1.0,14.1,14.5
1127.547,70,103.0,766.0,0.0,7.0,7.3,83.5,1.0,14.1,14.5
1127.637,70,103.0,766.0,0.0,7.0,7.3,83.5,1.0,14.1,14.5
1127.728,70,103.0,766.0,0.0,7.0,7.3,83.5,1.0,14.1,14.5
1127.789,70,103.0,766.0,0.0,7.0,7.3,83.5,1.0,14.1,14.5
1127.877,70,103.0,766.0,0.0,7.0,7.3,83.5,1.0,14.1,14.5
1127.967,70,103.0,766.0,0.0,7.0,7.3,83.5,1.0,14.1,14.5
1128.058,70,103.0,768.0,0.0,7.0,7.3,83.5,1.0,14.1,14.5
1128.147,70,103.0,768.0,0.0,7.0,7.3,83.5,1.0,14.1,14.5
1128.237,70,103.0,768.0,0.0,7.0,7.3,83.5,1.0,14.1,14.5
1128.327,70,103.0,768.0,0.0,7.0,7.11,83.5,1.0,14.1,14.5
1128.447,70,103.0,768.0,0.0,7.0,7.11,83.5,1.0,14.1,14.5
1128.537,70,103.0,768.0,0.0,7.0,7.11,83.5,1.0,14.1,14.5
1128.627,70,103.0,768.0,0.0,7.0,7.11,83.5,1.0,14.1,14.5
1128.692,70,103.0,768.0,0.0,7.0,7.11,83.5,1.0,14.1,14.5
1128.778,70,103.0,768.0,0.0,7.0,7.11,83.5,1.0,14.1,14.5
1128.867,70,103.0,768.0,0.0,7.0,7.11,83.5,1.0,14.1,14.5
1128.958,70,103.0,768.0,0.0,7.0,7.11,83.5,1.0,14.1,14.5
1129.047,70,103.0,768.0,0.0,7.0,7.11,83.5,1.0,14.1,14.5
1129.197,70,103.0,768.0,0.0,7.0,7.11,83.5,1.0,14.1,14.5
1129.288,70,103.0,768.0,0.0,7.0,7.22,83.5,1.0,14.1,14.5
1129.378,70,103.0,768.0,0.0,7.0,7.22,83.5,1.0,14.1,14.5
1129.439,70,103.0,768.0,0.0,7.0,7.22,83.5,1.0,14.1,14.5
1129.527,70,103.0,768.0,0.0,7.0,7.22,83.5,1.0,14.1,14.5
1129.618,70,103.0,768.0,0.0,7.0,7.22,83.5,1.0,14.1,14.5
1129.708,70,103.0,768.0,0.0,7.0,7.22,83.5,1.0,14.1,14.5
1129.798,70,103.0,768.0,0.0,7.0,7.22,83.5,1.0,14.1,14.5
1129.888,70,103.0,773.0,0.0,7.0,7.22,83.5,1.0,14.1,14.5
1129.977,70,103.0,773.0,0.0,7.0,7.22,83.5,1.0,14.1,14.5
1130.067,70,103.0,773.0,0.0,7.0,7.22,83.5,1.0,14.1,14.5
1130.158,70,103.0,773.0,0.0,7.0,6.99,83.5,1.0,14.1,14.5
1130.248,70,103.0,773.0,0.0,7.0,6.99,83.5,1.0,14.1,14.5
1130.338,70,103.0,773.0,0.0,7.0,6.99,83.5,1.0,14.1,14.5
1130.428,70,103.0,773.0,0.0,7.0,6.99,83.5,1.0,14.1,14.5
1130.517,70,103.0,773.0,0.0,7.0,6.99,83.5,1.0,14.1,14.5
1130.608,70,103.0,773.0,0.0,7.0,6.99,83.5,1.0,14.1,14.5
1130.698,70,103.0,773.0,0.0,7.0,6.99,83.5,1.0,14.1,14.5
1130.788,70,103.0,770.0,0.0,7.0,6.99,83.5,1.0,14.1,14.5
1130.877,70,103.0,770.0,0.0,7.0,6.99,83.5,1.0,14.1,14.5
1130.939,70,103.0,770.0,0.0,7.0,6.99,83.5,1.0,14.1,14.5
1131.027,70,103.0,770.0,0.0,7.0,7.24,83.5,1.0,14.1,14.5
1131.088,70,103.0,770.0,0.0,7.0,7.24,83.5,1.0,14.1,14.5
1131.177,70,103.0,770.0,0.0,7.0,7.24,83.5,1.0,14.1,14.5
1131.267,70,103.0,770.0,0.0,7.0,7.24,83.5,1.0,14.1,14.5
1131.358,70,103.0,770.0,0.0,7.0,7.24,83.5,1.0,14.1,14.5
1131.447,70,103.0,770.0,0.0,7.0,7.24,83.5,1.0,14.1,14.5
1131.538,70,103.0,770.0,0.0,7.0,7.24,83.5,1.0,14.1,14.5
1131.628,70,103.0,770.0,0.0,7.0,7.24,83.5,1.0,14.1,14.5
1131.718,70,103.0,770.0,0.0,7.0,7.24,83.5,1.0,14.1,14.5
1131.808,70,103.0,770.0,0.0,7.0,7.24,83.5,1.0,14.1,14.5
1131.898,70,103.0,770.0,0.0,7.0,7.08,83.5,1.0,14.1,14.5
1131.987,70,103.0,770.0,0.0,7.0,7.08,83.5,1.0,14.1,14.5
1132.077,70,103.0,770.0,0.0,7.0,7.08,83.5,1.0,14.1,14.5
1132.138,70,103.0,770.0,0.0,7.0,7.08,83.5,1.0,14.9,14.5
1132.228,70,103.0,770.0,0.0,7.0,7.08,83.5,1.0,14.9,14.9
1132.288,70,103.0,770.0,0.0,7.0,7.08,83.5,1.0,14.9,14.9
1132.376,70,103.0,770.0,0.0,7.0,7.08,83.5,1.0,14.9,14.9
1132.467,70,103.0,794.0,0.0,7.0,7.08,83.5,1.0,14.9,14.9
1132.557,70,103.0,794.0,0.0,7.0,7.08,83.5,1.0,14.9,14.9
1132.647,70,103.0,794.0,0.0,7.0,7.08,83.5,1.0,14.9,14.9
1132.737,70,103.0,794.0,0.0,7.0,8.3,83.5,1.0,14.9,14.9
1132.827,70,103.0,794.0,0.0,7.0,8.3,83.5,1.0,14.9,14.9
1132.889,70,103.0,794.0,0.0,7.0,8.3,83.5,1.0,14.9,14.9
1132.977,70,103.0,794.0,0.0,7.0,8.3,83.5,1.0,16.9,14.9
1133.038,70,103.0,794.0,0.0,7.0,8.3,83.5,1.0,16.9,16.5
1133.127,70,103.0,794.0,0.0,7.0,8.3,83.5,1.0,16.9,16.5
1133.218,70,104.0,794.0,0.0,7.0,8.3,83.5,1.0,16.9,16.5
1133.308,70,104.0,891.0,0.0,7.0,8.3,83.5,1.0,16.9,16.5
1133.428,70,104.0,891.0,0.0,7.0,8.3,83.5,1.0,16.9,16.5
1133.517,70,104.0,891.0,0.0,8.0,8.3,83.5,1.0,16.9,16.5
1133.608,70,104.0,891.0,0.0,8.0,8.88,83.5,1.0,16.9,16.5
1133.697,70,104.0,891.0,0.0,8.0,8.88,83.5,1.0,16.9,16.5
1133.787,70,104.0,891.0,0.0,8.0,8.88,83.5,1.0,16.9,16.5
1133.877,70,104.0,891.0,0.0,8.0,8.88,83.5,1.0,16.9,16.5
1133.968,70,104.0,891.0,0.0,8.0,8.88,83.5,1.0,16.9,16.9
1134.057,70,104.0,891.0,0.0,8.0,8.88,83.5,1.0,16.9,16.9
1134.148,70,105.0,891.0,0.0,8.0,8.88,83.5,1.0,16.9,16.9
1134.237,70,105.0,895.0,0.0,8.0,8.88,83.5,1.0,16.9,16.9
1134.327,70,105.0,895.0,4.0,8.0,8.88,83.5,1.0,16.9,16.9
1134.417,70,105.0,895.0,4.0,9.0,8.88,83.5,1.0,16.9,16.9
1134.507,70,105.0,895.0,4.0,9.0,9.8,83.5,1.0,16.9,16.9
1134.597,70,105.0,895.0,4.0,9.0,9.8,83.5,1.0,16.9,16.9
1134.687,70,105.0,895.0,4.0,9.0,9.8,83.5,1.0,16.9,16.9
1134.778,70,105.0,895.0,4.0,9.0,9.8,83.5,1.0,16.9,16.9
1134.867,70,105.0,895.0,4.0,9.0,9.8,83.5,1.0,16.9,16.5
1134.957,70,105.0,895.0,4.0,9.0,9.8,83.5,1.0,16.9,16.5
1135.062,70,107.0,895.0,4.0,9.0,9.8,83.5,1.0,16.9,16.5
1135.137,70,107.0,1013.0,4.0,9.0,9.8,83.5,1.0,16.9,16.5
1135.227,70,107.0,1013.0,9.0,9.0,9.8,83.5,1.0,16.9,16.5
1135.317,70,107.0,1013.0,9.0,11.0,9.8,83.5,1.0,16.9,16.5
1135.407,70,107.0,1013.0,9.0,11.0,10.41,83.5,1.0,16.9,16.5
1135.497,70,107.0,1013.0,9.0,11.0,10.41,83.5,1.0,16.9,16.5
1135.587,70,107.0,1013.0,9.0,11.0,10.41,83.5,1.0,16.9,16.5
1135.677,70,107.0,1013.0,9.0,11.0,10.41,83.5,1.0,23.9,16.5
1135.767,70,107.0,1013.0,9.0,11.0,10.41,83.5,1.0,23.9,23.9
1135.857,70,107.0,1013.0,9.0,11.0,10.41,83.5,1.0,23.9,23.9
1135.948,70,108.0,1013.0,9.0,11.0,10.41,83.5,1.0,23.9,23.9
1136.037,70,108.0,1281.0,9.0,11.0,10.41,83.5,1.0,23.9,23.9
1136.126,70,108.0,1281.0,11.0,11.0,10.41,83.5,1.0,23.9,23.9
1136.217,70,108.0,1281.0,11.0,12.0,10.41,83.5,1.0,23.9,23.9
1136.307,70,108.0,1281.0,11.0,12.0,12.38,83.5,1.0,23.9,23.9
1136.397,70,108.0,1281.0,11.0,12.0,12.38,83.5,1.0,23.9,23.9
1136.487,70,108.0,1281.0,11.0,12.0,12.38,83.5,1.0,23.9,23.9
1136.579,70,108.0,1281.0,11.0,12.0,12.38,83.5,1.0,24.7,23.9
1136.667,70,108.0,1281.0,11.0,12.0,12.38,83.5,1.0,24.7,24.3
1136.757,70,108.0,1281.0,11.0,12.0,12.38,83.5,1.0,24.7,24.3
1136.848,70,109.0,1281.0,11.0,12.0,12.38,83.5,1.0,24.7,24.3
1136.937,70,109.0,1403.0,11.0,12.0,12.38,83.5,1.0,24.7,24.3
1137.027,70,109.0,1403.0,12.0,12.0,12.38,83.5,1.0,24.7,24.3
1137.117,70,109.0,1403.0,12.0,13.0,12.38,83.5,1.0,24.7,24.3
1137.207,70,109.0,1403.0,12.0,13.0,11.86,83.5,1.0,24.7,24.3
1137.296,70,109.0,1403.0,12.0,13.0,11.86,83.5,1.0,24.7,24.3
1137.387,70,109.0,1403.0,12.0,13.0,11.86,83.5,1.0,24.7,24.3
1137.477,70,109.0,1403.0,12.0,13.0,11.86,83.5,1.0,30.2,24.3
1137.567,70,109.0,1403.0,12.0,13.0,11.86,83.5,1.0,30.2,32.9
1137.657,70,109.0,1403.0,12.0,13.0,11.86,83.5,1.0,30.2,32.9
1137.747,70,110.0,1403.0,12.0,13.0,11.86,83.5,1.0,30.2,32.9
1137.838,70,110.0,1547.0,12.0,13.0,11.86,83.5,1.0,30.2,32.9
1137.926,70,110.0,1547.0,14.0,13.0,11.86,83.5,1.0,30.2,32.9
1138.016,70,110.0,1547.0,14.0,13.0,11.86,83.5,1.0,30.2,32.9
1138.077,70,110.0,1547.0,14.0,13.0,18.52,83.5,1.0,30.2,32.9
1138.166,70,110.0,1547.0,14.0,13.0,18.52,83.5,1.0,30.2,32.9
1138.256,70,110.0,1547.0,14.0,13.0,18.52,83.5,1.0,30.2,32.9
1138.346,70,110.0,1547.0,14.0,13.0,18.52,83.5,1.0,14.1,32.9
1138.437,70,110.0,1547.0,14.0,13.0,18.52,83.5,1.0,14.1,14.5
1138.527,70,110.0,1547.0,14.0,13.0,18.52,83.5,1.0,14.1,14.5
1138.618,70,116.0,1547.0,14.0,13.0,18.52,83.5,1.0,14.1,14.5
1138.708,70,116.0,1239.0,14.0,13.0,18.52,83.5,1.0,14.1,14.5
1138.797,70,116.0,1239.0,14.0,13.0,18.52,83.5,1.0,14.1,14.5
1138.887,70,116.0,1239.0,14.0,13.0,18.52,83.5,1.0,14.1,14.5
1138.977,70,116.0,1239.0,14.0,13.0,7.77,83.5,1.0,14.1,14.5
1139.067,70,116.0,1239.0,14.0,13.0,7.77,83.5,1.0,14.1,14.5
1139.157,70,116.0,1239.0,14.0,13.0,7.77,83.5,1.0,14.1,14.5
1139.248,70,116.0,1239.0,14.0,13.0,7.77,83.5,1.0,32.9,14.5
1139.339,70,116.0,1239.0,14.0,13.0,7.77,83.5,1.0,32.9,34.9
1139.427,70,116.0,1239.0,14.0,13.0,7.77,83.5,1.0,32.9,34.9
1139.518,70,114.0,1239.0,14.0,13.0,7.77,83.5,1.0,32.9,34.9
1139.608,70,114.0,982.0,14.0,13.0,7.77,83.5,1.0,32.9,34.9
1139.697,70,114.0,982.0,17.0,13.0,7.77,83.5,1.0,32.9,34.9
1139.787,70,114.0,982.0,17.0,12.0,7.77,83.5,1.0,32.9,34.9
1139.877,70,114.0,982.0,17.0,12.0,15.36,83.5,1.0,32.9,34.9
1139.967,70,114.0,982.0,17.0,12.0,15.36,83.5,1.0,32.9,34.9
1140.027,70,114.0,982.0,17.0,12.0,15.36,83.5,1.0,32.9,34.9
1140.117,70,114.0,982.0,17.0,12.0,15.36,83.5,1.0,39.2,34.9
1140.207,70,114.0,982.0,17.0,12.0,15.36,83.5,1.0,39.2,41.2
1140.297,70,114.0,982.0,17.0,12.0,15.36,83.5,1.0,39.2,41.2
1140.387,70,118.0,982.0,17.0,12.0,15.36,83.5,1.0,39.2,41.2
1140.477,70,118.0,1232.0,17.0,12.0,15.36,83.5,1.0,39.2,41.2
1140.568,70,118.0,1232.0,21.0,12.0,15.36,83.5,1.0,39.2,41.2
1140.658,70,118.0,1232.0,21.0,14.0,15.36,83.5,1.0,39.2,41.2
1140.747,70,118.0,1232.0,21.0,14.0,21.77,83.5,1.0,39.2,41.2
1140.837,70,118.0,1232.0,21.0,14.0,21.77,83.5,1.0,39.2,41.2
1140.927,70,118.0,1232.0,21.0,14.0,21.77,83.5,1.0,39.2,41.2
1141.017,70,118.0,1232.0,21.0,14.0,21.77,83.5,1.0,44.3,41.2
1141.108,70,118.0,1232.0,21.0,14.0,21.77,83.5,1.0,44.3,45.1
1141.197,70,118.0,1232.0,21.0,14.0,21.77,83.5,1.0,44.3,45.1
1141.288,70,136.0,1232.0,21.0,14.0,21.77,83.5,1.0,44.3,45.1
1141.377,70,136.0,1541.0,21.0,14.0,21.77,83.5,1.0,44.3,45.1
1141.467,70,136.0,1541.0,26.0,14.0,21.77,83.5,1.0,44.3,45.1
1141.557,70,136.0,1541.0,26.0,15.0,21.77,83.5,1.0,44.3,45.1
1141.647,70,136.0,1541.0,26.0,15.0,28.91,83.5,1.0,44.3,45.1
1141.737,70,136.0,1541.0,26.0,15.0,28.91,83.5,1.0,44.3,45.1
1141.827,70,136.0,1541.0,26.0,15.0,28.91,83.5,1.0,44.3,45.1
1141.918,70,136.0,1541.0,26.0,15.0,28.91,83.5,1.0,44.7,45.1
1142.007,70,136.0,1541.0,26.0,15.0,28.91,83.5,1.0,44.7,45.1
1142.097,70,136.0,1541.0,26.0,15.0,28.91,83.5,1.0,44.7,45.1
1142.187,70,167.0,1541.0,26.0,15.0,28.91,83.5,1.0,44.7,45.1
1142.277,70,167.0,1815.0,26.0,15.0,28.91,83.5,1.0,44.7,45.1
1142.367,70,167.0,1815.0,31.0,15.0,28.91,83.5,1.0,44.7,45.1
1142.428,70,167.0,1815.0,31.0,16.0,28.91,83.5,1.0,44.7,45.1
1142.517,70,167.0,1815.0,31.0,16.0,28.24,83.5,1.0,44.7,45.1
1142.607,70,167.0,1815.0,31.0,16.0,28.24,31.0,1.0,44.7,45.1
1142.697,70,167.0,1815.0,31.0,16.0,28.24,31.0,1.0,44.7,45.1
1142.787,70,167.0,1815.0,31.0,16.0,28.24,31.0,1.0,14.1,45.1
1142.877,70,167.0,1815.0,31.0,16.0,28.24,31.0,1.0,14.1,16.5
1142.967,70,167.0,1815.0,31.0,16.0,28.24,31.0,1.0,14.1,16.5
1143.057,70,105.0,1815.0,31.0,16.0,28.24,31.0,1.0,14.1,16.5
1143.148,70,105.0,1385.0,31.0,16.0,28.24,31.0,1.0,14.1,16.5
1143.238,70,105.0,1385.0,32.0,16.0,28.24,31.0,1.0,14.1,16.5
1143.326,70,105.0,1385.0,32.0,14.0,28.24,31.0,1.0,14.1,16.5
1143.416,70,105.0,1385.0,32.0,14.0,17.3,31.0,1.0,14.1,16.5
1143.507,70,105.0,1385.0,32.0,14.0,17.3,81.6,1.0,14.1,16.5
1143.597,70,105.0,1385.0,32.0,14.0,17.3,81.6,1.0,14.1,16.5
1143.687,70,105.0,1385.0,32.0,14.0,17.3,81.6,1.0,49.4,16.5
1143.777,70,105.0,1385.0,32.0,14.0,17.3,81.6,1.0,49.4,50.2
1143.867,70,105.0,1385.0,32.0,14.0,17.3,81.6,1.0,49.4,50.2
1143.958,70,122.0,1385.0,32.0,14.0,17.3,81.6,1.0,49.4,50.2
1144.047,70,122.0,1306.0,32.0,14.0,17.3,81.6,1.0,49.4,50.2
1144.138,70,122.0,1306.0,35.0,14.0,17.3,81.6,1.0,49.4,50.2
1144.227,70,122.0,1306.0,35.0,13.0,17.3,81.6,1.0,49.4,50.2
1144.317,70,122.0,1306.0,35.0,13.0,27.05,81.6,1.0,49.4,50.2
1144.378,70,122.0,1306.0,35.0,13.0,27.05,83.5,1.0,49.4,50.2
1144.467,70,122.0,1306.0,35.0,13.0,27.05,83.5,1.0,49.4,50.2
1144.559,70,122.0,1306.0,35.0,13.0,27.05,83.5,1.0,35.7,50.2
1144.647,70,122.0,1306.0,35.0,13.0,27.05,83.5,1.0,35.7,32.9
1144.738,70,122.0,1306.0,35.0,13.0,27.05,83.5,1.0,35.7,32.9
1144.827,70,127.0,1306.0,35.0,13.0,27.05,83.5,1.0,35.7,32.9
1144.922,70,127.0,1402.0,35.0,13.0,27.05,83.5,1.0,35.7,32.9
1145.007,70,127.0,1402.0,38.0,13.0,27.05,83.5,1.0,35.7,32.9
1145.097,70,127.0,1402.0,38.0,13.0,27.05,83.5,1.0,35.7,32.9
1145.187,70,127.0,1402.0,38.0,13.0,13.19,83.5,1.0,35.7,32.9
1145.278,70,127.0,1402.0,38.0,13.0,13.19,83.5,1.0,35.7,32.9
1145.367,70,127.0,1402.0,38.0,13.0,13.19,83.5,1.0,35.7,32.9
1145.459,70,127.0,1402.0,38.0,13.0,13.19,83.5,1.0,14.1,32.9
1145.547,70,127.0,1402.0,38.0,13.0,13.19,83.5,1.0,14.1,14.5
1145.639,70,127.0,1402.0,38.0,13.0,13.19,83.5,1.0,14.1,14.5
1145.727,70,111.0,1402.0,38.0,13.0,13.19,83.5,1.0,14.1,14.5
1145.82,70,111.0,1376.0,38.0,13.0,13.19,83.5,1.0,14.1,14.5
1145.908,70,111.0,1376.0,37.0,13.0,13.19,83.5,1.0,14.1,14.5
1145.996,70,111.0,1376.0,37.0,11.0,13.19,83.5,1.0,14.1,14.5
1146.087,70,111.0,1376.0,37.0,11.0,12.58,83.5,1.0,14.1,14.5
1146.178,70,111.0,1376.0,37.0,11.0,12.58,83.5,1.0,14.1,14.5
1146.267,70,111.0,1376.0,37.0,11.0,12.58,83.5,1.0,14.1,14.5
1146.328,70,111.0,1376.0,37.0,11.0,12.58,83.5,1.0,30.6,14.5
1146.418,70,111.0,1376.0,37.0,11.0,12.58,83.5,1.0,30.6,31.8
1146.479,70,111.0,1376.0,37.0,11.0,12.58,83.5,1.0,30.6,31.8
1146.567,70,109.0,1376.0,37.0,11.0,12.58,83.5,1.0,30.6,31.8
1146.659,70,109.0,1365.0,37.0,11.0,12.58,83.5,1.0,30.6,31.8
1146.747,70,109.0,1365.0,37.0,11.0,12.58,83.5,1.0,30.6,31.8
1146.838,70,109.0,1365.0,37.0,11.0,12.58,83.5,1.0,30.6,31.8
1146.93,70,109.0,1365.0,37.0,11.0,13.55,83.5,1.0,30.6,31.8
1147.018,70,109.0,1365.0,37.0,11.0,13.55,83.5,1.0,30.6,31.8
1147.138,70,109.0,1365.0,37.0,11.0,13.55,83.5,1.0,30.6,31.8
1147.227,70,109.0,1365.0,37.0,11.0,13.55,83.5,1.0,33.7,31.8
1147.318,70,109.0,1365.0,37.0,11.0,13.55,83.5,1.0,33.7,34.1
1147.407,70,109.0,1365.0,37.0,11.0,13.55,83.5,1.0,33.7,34.1
1147.498,70,117.0,1365.0,37.0,11.0,13.55,83.5,1.0,33.7,34.1
1147.587,70,117.0,1395.0,37.0,11.0,13.55,83.5,1.0,33.7,34.1
1147.678,70,117.0,1395.0,37.0,11.0,13.55,83.5,1.0,33.7,34.1
1147.767,70,117.0,1395.0,37.0,12.0,13.55,83.5,1.0,33.7,34.1
1147.858,70,117.0,1395.0,37.0,12.0,15.58,83.5,1.0,33.7,34.1
1147.947,70,117.0,1395.0,37.0,12.0,15.58,83.5,1.0,33.7,34.1
1148.036,70,117.0,1395.0,37.0,12.0,15.58,83.5,1.0,33.7,34.1
1148.127,70,117.0,1395.0,37.0,12.0,15.58,83.5,1.0,34.1,34.1
1148.217,70,117.0,1395.0,37.0,12.0,15.58,83.5,1.0,34.1,34.1
1148.279,70,117.0,1395.0,37.0,12.0,15.58,83.5,1.0,34.1,34.1
1148.367,70,124.0,1395.0,37.0,12.0,15.58,83.5,1.0,34.1,34.1
1148.519,70,124.0,1432.0,37.0,12.0,15.58,83.5,1.0,34.1,34.1
1148.607,70,124.0,1432.0,38.0,12.0,15.58,83.5,1.0,34.1,34.1
1148.698,70,124.0,1432.0,38.0,12.0,15.58,83.5,1.0,34.1,34.1
1148.787,70,124.0,1432.0,38.0,12.0,15.55,83.5,1.0,34.1,34.1
1148.878,70,124.0,1432.0,38.0,12.0,15.55,83.5,1.0,34.1,34.1
1148.967,70,124.0,1432.0,38.0,12.0,15.55,83.5,1.0,34.1,34.1
1149.058,70,124.0,1432.0,38.0,12.0,15.55,83.5,1.0,32.5,34.1
1149.147,70,124.0,1432.0,38.0,12.0,15.55,83.5,1.0,32.5,32.9
1149.238,71,124.0,1432.0,38.0,12.0,15.55,83.5,1.0,32.5,32.9
1149.327,71,120.0,1432.0,38.0,12.0,15.55,83.5,1.0,32.5,32.9
1149.418,71,120.0,1461.0,38.0,12.0,15.55,83.5,1.0,32.5,32.9
1149.48,71,120.0,1461.0,39.0,12.0,15.55,83.5,1.0,32.5,32.9
1149.567,71,120.0,1461.0,39.0,12.0,15.55,83.5,1.0,32.5,32.9
1149.629,71,120.0,1461.0,39.0,12.0,15.24,83.5,1.0,32.5,32.9
1149.72,71,120.0,1461.0,39.0,12.0,15.24,83.5,1.0,32.5,32.9
1149.807,71,120.0,1461.0,39.0,12.0,15.24,83.5,1.0,32.5,32.9
1149.898,71,120.0,1461.0,39.0,12.0,15.24,83.5,1.0,29.0,32.9
1149.987,71,120.0,1461.0,39.0,12.0,15.24,83.5,1.0,29.0,29.4
1150.078,71,120.0,1461.0,39.0,12.0,15.24,83.5,1.0,29.0,29.4
1150.167,71,116.0,1461.0,39.0,12.0,15.24,83.5,1.0,29.0,29.4
1150.258,71,116.0,1473.0,39.0,12.0,15.24,83.5,1.0,29.0,29.4
1150.32,71,116.0,1473.0,39.0,12.0,15.24,83.5,1.0,29.0,29.4
1150.38,71,116.0,1473.0,39.0,12.0,15.24,83.5,1.0,29.0,29.4
1150.467,71,116.0,1473.0,39.0,12.0,13.69,83.5,1.0,29.0,29.4
1150.558,71,116.0,1473.0,39.0,12.0,13.69,83.5,1.0,29.0,29.4
1150.647,71,116.0,1473.0,39.0,12.0,13.69,83.5,1.0,29.0,29.4
1150.738,71,116.0,1473.0,39.0,12.0,13.69,83.5,1.0,28.6,29.4
1150.827,71,116.0,1473.0,39.0,12.0,13.69,83.5,1.0,28.6,28.2
1150.919,71,116.0,1473.0,39.0,12.0,13.69,83.5,1.0,28.6,28.2
1151.007,71,112.0,1473.0,39.0,12.0,13.69,83.5,1.0,28.6,28.2
1151.097,71,112.0,1474.0,39.0,12.0,13.69,83.5,1.0,28.6,28.2
1151.218,71,112.0,1474.0,40.0,12.0,13.69,83.5,1.0,28.6,28.2
1151.28,71,112.0,1474.0,40.0,12.0,13.69,83.5,1.0,28.6,28.2
1151.367,71,112.0,1474.0,40.0,12.0,12.36,83.5,1.0,28.6,28.2
1151.428,71,112.0,1474.0,40.0,12.0,12.36,83.5,1.0,28.6,28.2
1151.518,71,112.0,1474.0,40.0,12.0,12.36,83.5,0.0,28.6,28.2
1151.58,71,112.0,1474.0,40.0,12.0,12.36,83.5,0.0,25.1,28.2
1151.668,71,112.0,1474.0,40.0,12.0,12.36,83.5,0.0,25.1,25.1
1151.758,71,112.0,1474.0,40.0,12.0,12.36,83.5,0.0,25.1,25.1
1151.847,71,107.0,1474.0,40.0,12.0,12.36,83.5,0.0,25.1,25.1
1151.941,71,107.0,1467.0,40.0,12.0,12.36,83.5,0.0,25.1,25.1
1152.027,71,107.0,1467.0,39.0,12.0,12.36,83.5,0.0,25.1,25.1
1152.117,71,107.0,1467.0,39.0,11.0,12.36,83.5,0.0,25.1,25.1
1152.207,71,107.0,1467.0,39.0,11.0,12.38,83.5,0.0,25.1,25.1
1152.298,71,107.0,1467.0,39.0,11.0,12.38,83.5,0.0,25.1,25.1
1152.387,71,107.0,1467.0,39.0,11.0,12.38,83.5,0.0,25.1,25.1
1152.478,71,107.0,1467.0,39.0,11.0,12.38,83.5,0.0,25.5,25.1
1152.567,71,107.0,1467.0,39.0,11.0,12.38,83.5,0.0,25.5,25.9
1152.628,71,107.0,1467.0,39.0,11.0,12.38,83.5,0.0,25.5,25.9
1152.718,71,105.0,1467.0,39.0,11.0,12.38,83.5,0.0,25.5,25.9
1152.78,71,105.0,1464.0,39.0,11.0,12.38,83.5,0.0,25.5,25.9
1152.868,71,105.0,1464.0,39.0,11.0,12.38,83.5,0.0,25.5,25.9
1152.956,71,105.0,1464.0,39.0,11.0,12.38,83.5,0.0,25.5,25.9
1153.077,71,105.0,1464.0,39.0,11.0,12.55,83.5,0.0,25.5,25.9
1153.167,71,105.0,1464.0,39.0,11.0,12.55,83.5,0.0,25.5,25.9
1153.229,71,105.0,1464.0,39.0,11.0,12.55,83.5,0.0,25.5,25.9
1153.318,71,105.0,1464.0,39.0,11.0,12.55,83.5,0.0,27.8,25.9
1153.438,71,105.0,1464.0,39.0,11.0,12.55,83.5,0.0,27.8,28.2
1153.527,71,105.0,1464.0,39.0,11.0,12.55,83.5,0.0,27.8,28.2
1153.618,71,108.0,1464.0,39.0,11.0,12.55,83.5,0.0,27.8,28.2
1153.707,71,108.0,1454.0,39.0,11.0,12.55,83.5,0.0,27.8,28.2
1153.798,71,108.0,1454.0,39.0,11.0,12.55,83.5,0.0,27.8,28.2
1153.887,71,108.0,1454.0,39.0,11.0,12.55,83.5,0.0,27.8,28.2
1153.977,71,108.0,1454.0,39.0,11.0,12.74,83.5,0.0,27.8,28.2
1154.067,71,108.0,1454.0,39.0,11.0,12.74,83.5,0.0,27.8,28.2
1154.157,71,108.0,1454.0,39.0,11.0,12.74,83.5,0.0,27.8,28.2
1154.247,71,108.0,1454.0,39.0,11.0,12.74,83.5,0.0,26.7,28.2
1154.339,71,108.0,1454.0,39.0,11.0,12.74,83.5,0.0,26.7,26.7
1154.427,71,108.0,1454.0,39.0,11.0,12.74,83.5,0.0,26.7,26.7
1154.518,71,111.0,1454.0,39.0,11.0,12.74,83.5,0.0,26.7,26.7
1154.578,71,111.0,1454.0,39.0,11.0,12.74,83.5,0.0,26.7,26.7
1154.667,71,111.0,1454.0,39.0,11.0,12.74,83.5,0.0,26.7,26.7
1154.729,71,111.0,1454.0,39.0,11.0,12.74,83.5,0.0,26.7,26.7
1154.819,71,111.0,1454.0,39.0,11.0,12.49,83.5,0.0,26.7,26.7
1154.907,71,111.0,1454.0,39.0,11.0,12.49,83.5,0.0,26.7,26.7
1154.997,71,111.0,1454.0,39.0,11.0,12.49,83.5,0.0,26.7,26.7
1155.087,71,111.0,1454.0,39.0,11.0,12.49,83.5,0.0,14.5,26.7
1155.177,71,111.0,1454.0,39.0,11.0,12.49,83.5,0.0,14.5,14.5
1155.267,71,111.0,1454.0,39.0,11.0,12.49,83.5,0.0,14.5,14.5
1155.358,71,109.0,1454.0,39.0,11.0,12.49,83.5,0.0,14.5,14.5
1155.419,71,109.0,1419.0,39.0,11.0,12.49,83.5,0.0,14.5,14.5
1155.478,71,109.0,1419.0,38.0,11.0,12.49,83.5,0.0,14.5,14.5
1155.567,71,109.0,1419.0,38.0,11.0,12.49,83.5,0.0,14.5,14.5
1155.629,71,109.0,1419.0,38.0,11.0,12.72,83.5,0.0,14.5,14.5
1155.718,71,109.0,1419.0,38.0,11.0,12.72,83.5,0.0,14.5,14.5
1155.807,71,109.0,1419.0,38.0,11.0,12.72,83.5,0.0,14.5,14.5
1155.87,71,109.0,1419.0,38.0,11.0,12.72,83.5,0.0,14.1,14.5
1155.929,71,109.0,1419.0,38.0,11.0,12.72,83.5,0.0,14.1,14.5
1156.017,71,109.0,1419.0,38.0,11.0,12.72,83.5,0.0,14.1,14.5
1156.107,71,112.0,1419.0,38.0,11.0,12.72,83.5,0.0,14.1,14.5
1156.198,71,112.0,1357.0,38.0,11.0,12.72,83.5,0.0,14.1,14.5
1156.287,71,112.0,1357.0,36.0,11.0,12.72,83.5,0.0,14.1,14.5
1156.378,71,112.0,1357.0,36.0,11.0,12.72,83.5,0.0,14.1,14.5
1156.467,71,112.0,1357.0,36.0,11.0,12.63,83.5,0.0,14.1,14.5
1156.557,71,112.0,1357.0,36.0,11.0,12.63,83.5,0.0,14.1,14.5
1156.619,71,112.0,1357.0,36.0,11.0,12.63,83.5,0.0,14.1,14.5
1156.681,71,112.0,1357.0,36.0,11.0,12.63,83.5,0.0,14.1,14.5
1156.767,71,112.0,1357.0,36.0,11.0,12.63,83.5,0.0,14.1,14.5
1156.83,71,112.0,1357.0,36.0,11.0,12.63,83.5,0.0,14.1,14.5
1156.918,71,112.0,1357.0,36.0,11.0,12.63,83.5,0.0,14.1,14.5
1156.981,71,112.0,1309.0,36.0,11.0,12.63,83.5,0.0,14.1,14.5
1157.067,71,112.0,1309.0,35.0,11.0,12.63,83.5,0.0,14.1,14.5
1157.128,71,112.0,1309.0,35.0,11.0,12.63,83.5,0.0,14.1,14.5
1157.217,71,112.0,1309.0,35.0,11.0,12.11,83.5,0.0,14.1,14.5
1157.307,71,112.0,1309.0,35.0,11.0,12.11,83.5,0.0,14.1,14.5
1157.397,71,112.0,1309.0,35.0,11.0,12.11,83.5,0.0,14.1,14.5
1157.487,71,112.0,1309.0,35.0,11.0,12.11,83.5,0.0,14.1,14.5
1157.577,71,112.0,1309.0,35.0,11.0,12.11,83.5,0.0,14.1,14.5
1157.667,71,112.0,1309.0,35.0,11.0,12.11,83.5,0.0,14.1,14.5
1157.729,71,111.0,1309.0,35.0,11.0,12.11,83.5,0.0,14.1,14.5
1157.817,71,111.0,1245.0,35.0,11.0,12.11,83.5,0.0,14.1,14.5
1157.878,71,111.0,1245.0,33.0,11.0,12.11,83.5,0.0,14.1,14.5
1157.966,71,111.0,1245.0,33.0,11.0,12.11,83.5,0.0,14.1,14.5
1158.027,71,111.0,1245.0,33.0,11.0,11.49,83.5,0.0,14.1,14.5
1158.116,71,111.0,1245.0,33.0,11.0,11.49,83.5,0.0,14.1,14.5
1158.177,71,111.0,1245.0,33.0,11.0,11.49,83.5,0.0,14.1,14.5
1158.266,71,111.0,1245.0,33.0,11.0,11.49,83.5,0.0,14.1,14.5
1158.327,71,111.0,1245.0,33.0,11.0,11.49,83.5,0.0,14.1,14.5
1158.446,71,111.0,1245.0,33.0,11.0,11.49,83.5,0.0,14.1,14.5
1158.536,71,110.0,1245.0,33.0,11.0,11.49,83.5,0.0,14.1,14.5
1158.626,71,110.0,1188.0,33.0,11.0,11.49,83.5,0.0,14.1,14.5
1158.716,71,110.0,1188.0,32.0,11.0,11.49,83.5,0.0,14.1,14.5
1158.777,71,110.0,1188.0,32.0,10.0,11.49,83.5,0.0,14.1,14.5
1158.867,71,110.0,1188.0,32.0,10.0,10.8,83.5,0.0,14.1,14.5
1158.927,71,110.0,1188.0,32.0,10.0,10.8,83.5,0.0,14.1,14.5
1159.016,71,110.0,1188.0,32.0,10.0,10.8,83.5,0.0,14.1,14.5
1159.078,71,110.0,1188.0,32.0,10.0,10.8,83.5,0.0,14.1,14.5
1159.169,71,110.0,1188.0,32.0,10.0,10.8,83.5,0.0,14.1,14.5
1159.228,71,110.0,1188.0,32.0,10.0,10.8,83.5,0.0,14.1,14.5
1159.317,71,109.0,1188.0,32.0,10.0,10.8,83.5,0.0,14.1,14.5
1159.377,71,109.0,1131.0,32.0,10.0,10.8,83.5,0.0,14.1,14.5
1159.467,71,109.0,1131.0,30.0,10.0,10.8,83.5,0.0,14.1,14.5
1159.557,71,109.0,1131.0,30.0,10.0,10.8,83.5,0.0,14.1,14.5
1159.647,71,109.0,1131.0,30.0,10.0,10.24,83.5,0.0,14.1,14.5
1159.738,71,109.0,1131.0,30.0,10.0,10.24,83.5,0.0,14.1,14.5
1159.827,71,109.0,1131.0,30.0,10.0,10.24,83.5,0.0,14.1,14.5
1159.917,71,109.0,1131.0,30.0,10.0,10.24,83.5,0.0,16.5,14.5
1159.977,71,109.0,1131.0,30.0,10.0,10.24,83.5,0.0,16.5,20.4
1160.066,71,109.0,1131.0,30.0,10.0,10.24,83.5,0.0,16.5,20.4
1160.127,71,108.0,1131.0,30.0,10.0,10.24,83.5,0.0,16.5,20.4
1160.216,71,108.0,1098.0,30.0,10.0,10.24,83.5,0.0,16.5,20.4
1160.307,71,108.0,1098.0,29.0,10.0,10.24,83.5,0.0,16.5,20.4
1160.396,71,108.0,1098.0,29.0,10.0,10.24,83.5,0.0,16.5,20.4
1160.486,71,108.0,1098.0,29.0,10.0,8.91,83.5,0.0,16.5,20.4
1160.576,71,108.0,1098.0,29.0,10.0,8.91,83.5,0.0,16.5,20.4
1160.666,71,108.0,1098.0,29.0,10.0,8.91,83.5,0.0,16.5,20.4
1160.727,71,108.0,1098.0,29.0,10.0,8.91,83.5,0.0,25.1,20.4
1160.817,71,108.0,1098.0,29.0,10.0,8.91,83.5,0.0,25.1,24.7
1160.906,71,108.0,1098.0,29.0,10.0,8.91,83.5,0.0,25.1,24.7
1160.967,71,106.0,1098.0,29.0,10.0,8.91,83.5,0.0,25.1,24.7
1161.027,71,106.0,1079.0,29.0,10.0,8.91,83.5,0.0,25.1,24.7
1161.116,71,106.0,1079.0,29.0,10.0,8.91,83.5,0.0,25.1,24.7
1161.177,71,106.0,1079.0,29.0,9.0,8.91,83.5,0.0,25.1,24.7
1161.266,71,106.0,1079.0,29.0,9.0,9.05,83.5,0.0,25.1,24.7
1161.327,71,106.0,1079.0,29.0,9.0,9.05,83.5,0.0,25.1,24.7
1161.416,71,106.0,1079.0,29.0,9.0,9.05,83.5,0.0,25.1,24.7
1161.477,71,106.0,1079.0,29.0,9.0,9.05,83.5,0.0,14.1,24.7
1161.571,71,106.0,1079.0,29.0,9.0,9.05,83.5,0.0,14.1,14.5
1161.627,71,106.0,1079.0,29.0,9.0,9.05,83.5,0.0,14.1,14.5
1161.716,71,105.0,1079.0,29.0,9.0,9.05,83.5,0.0,14.1,14.5
1161.777,71,105.0,1062.0,29.0,9.0,9.05,83.5,0.0,14.1,14.5
1161.867,71,105.0,1062.0,28.0,9.0,9.05,83.5,0.0,14.1,14.5
1161.927,71,105.0,1062.0,28.0,8.0,9.05,83.5,0.0,14.1,14.5
1162.016,71,105.0,1062.0,28.0,8.0,9.33,83.5,0.0,14.1,14.5
1162.077,71,105.0,1062.0,28.0,8.0,9.33,83.5,0.0,14.1,14.5
1162.167,71,105.0,1062.0,28.0,8.0,9.33,83.5,0.0,14.1,14.5
1162.228,71,105.0,1062.0,28.0,8.0,9.33,83.5,0.0,14.1,14.5
1162.317,71,105.0,1062.0,28.0,8.0,9.33,83.5,0.0,14.1,14.5
1162.378,71,105.0,1062.0,28.0,8.0,9.33,83.5,0.0,14.1,14.5
1162.467,71,106.0,1062.0,28.0,8.0,9.33,83.5,0.0,14.1,14.5
1162.528,71,106.0,1020.0,28.0,8.0,9.33,83.5,0.0,14.1,14.5
1162.617,71,106.0,1020.0,27.0,8.0,9.33,83.5,0.0,14.1,14.5
1162.678,71,106.0,1020.0,27.0,9.0,9.33,83.5,0.0,14.1,14.5
1162.767,71,106.0,1020.0,27.0,9.0,8.91,83.5,0.0,14.1,14.5
1162.828,71,106.0,1020.0,27.0,9.0,8.91,83.5,0.0,14.1,14.5
1162.917,71,106.0,1020.0,27.0,9.0,8.91,83.5,0.0,14.1,14.5
1162.978,71,106.0,1020.0,27.0,9.0,8.91,83.5,0.0,14.1,14.5
1163.067,71,106.0,1020.0,27.0,9.0,8.91,83.5,0.0,14.1,14.5
1163.128,71,106.0,1020.0,27.0,9.0,8.91,83.5,0.0,14.1,14.5
1163.217,71,105.0,1020.0,27.0,9.0,8.91,83.5,0.0,14.1,14.5
1163.278,71,105.0,966.0,27.0,9.0,8.91,83.5,0.0,14.1,14.5
1163.367,71,105.0,966.0,26.0,9.0,8.91,83.5,0.0,14.1,14.5
1163.487,71,105.0,966.0,26.0,8.0,8.91,83.5,0.0,14.1,14.5
1163.577,71,105.0,966.0,26.0,8.0,8.38,83.5,0.0,14.1,14.5
1163.667,71,105.0,966.0,26.0,8.0,8.38,83.5,0.0,14.1,14.5
1163.728,71,105.0,966.0,26.0,8.0,8.38,83.5,0.0,14.1,14.5
1163.817,71,105.0,966.0,26.0,8.0,8.38,83.5,0.0,14.1,14.5
1163.879,71,105.0,966.0,26.0,8.0,8.38,83.5,0.0,14.1,14.5
1163.967,71,105.0,966.0,26.0,8.0,8.38,83.5,0.0,14.1,14.5
1164.029,71,105.0,966.0,26.0,8.0,8.38,83.5,0.0,14.1,14.5
1164.117,71,105.0,871.0,26.0,8.0,8.38,83.5,0.0,14.1,14.5
1164.178,71,105.0,871.0,23.0,8.0,8.38,83.5,0.0,14.1,14.5
1164.267,71,105.0,871.0,23.0,7.0,8.38,83.5,0.0,14.1,14.5
1164.357,71,105.0,871.0,23.0,7.0,8.44,83.5,0.0,14.1,14.5
1164.447,71,105.0,871.0,23.0,7.0,8.44,83.5,0.0,14.1,14.5
1164.537,71,105.0,871.0,23.0,7.0,8.44,83.5,0.0,14.1,14.5
1164.627,71,105.0,871.0,23.0,7.0,8.44,83.5,0.0,14.1,14.5
1164.717,71,105.0,871.0,23.0,7.0,8.44,83.5,0.0,14.1,14.5
1164.808,71,105.0,871.0,23.0,7.0,8.44,83.5,0.0,14.1,14.5
1164.869,71,104.0,871.0,23.0,7.0,8.44,83.5,0.0,14.1,14.5
1164.957,71,104.0,883.0,23.0,7.0,8.44,83.5,0.0,14.1,14.5
1165.017,71,104.0,883.0,20.0,7.0,8.44,83.5,0.0,14.1,14.5
1165.137,71,104.0,883.0,20.0,7.0,8.44,83.5,0.0,14.1,14.5
1165.227,71,104.0,883.0,20.0,7.0,8.33,83.5,0.0,14.1,14.5
1165.317,71,104.0,883.0,20.0,7.0,8.33,83.5,0.0,14.1,14.5
1165.407,71,104.0,883.0,20.0,7.0,8.33,83.5,0.0,14.1,14.5
1165.468,71,104.0,883.0,20.0,7.0,8.33,83.5,0.0,14.1,14.5
1165.557,71,104.0,883.0,20.0,7.0,8.33,83.5,0.0,14.1,14.5
1165.648,71,104.0,883.0,20.0,7.0,8.33,83.5,0.0,14.1,14.5
1165.767,71,104.0,883.0,20.0,7.0,8.33,83.5,0.0,14.1,14.5
1165.857,71,104.0,891.0,20.0,7.0,8.33,83.5,0.0,14.1,14.5
1165.95,71,104.0,891.0,17.0,7.0,8.33,83.5,0.0,14.1,14.5
1166.036,71,104.0,891.0,17.0,7.0,8.33,83.5,0.0,14.1,14.5
1166.127,71,104.0,891.0,17.0,7.0,8.19,83.5,0.0,14.1,14.5
1166.217,71,104.0,891.0,17.0,7.0,8.19,83.5,0.0,14.1,14.5
1166.307,71,104.0,891.0,17.0,7.0,8.19,83.5,0.0,14.1,14.5
1166.397,71,104.0,891.0,17.0,7.0,8.19,83.5,0.0,14.1,14.5
1166.487,71,104.0,891.0,17.0,7.0,8.19,83.5,0.0,14.1,14.5
1166.578,71,104.0,891.0,17.0,7.0,8.19,83.5,0.0,14.1,14.5
1166.667,71,104.0,891.0,17.0,7.0,8.19,83.5,0.0,14.1,14.5
1166.757,71,104.0,895.0,17.0,7.0,8.19,83.5,0.0,14.1,14.5
1166.818,71,104.0,895.0,14.0,7.0,8.19,83.5,0.0,14.1,14.5
1166.907,71,104.0,895.0,14.0,7.0,8.19,83.5,0.0,14.1,14.5
1166.969,71,104.0,895.0,14.0,7.0,8.27,83.5,0.0,14.1,14.5
1167.086,71,104.0,895.0,14.0,7.0,8.27,83.5,0.0,14.1,14.5
1167.177,71,104.0,895.0,14.0,7.0,8.27,83.5,0.0,14.1,14.5
1167.267,71,104.0,895.0,14.0,7.0,8.27,83.5,0.0,14.1,14.5
1167.357,71,104.0,895.0,14.0,7.0,8.27,83.5,0.0,14.1,14.5
1167.418,71,104.0,895.0,14.0,7.0,8.27,83.5,0.0,14.1,14.5
1167.507,71,105.0,895.0,14.0,7.0,8.27,83.5,0.0,14.1,14.5
1167.597,71,105.0,897.0,14.0,7.0,8.27,83.5,0.0,14.1,14.5
1167.659,71,105.0,897.0,11.0,7.0,8.27,83.5,0.0,14.1,14.5
1167.719,71,105.0,897.0,11.0,7.0,8.27,83.5,0.0,14.1,14.5
1167.807,71,105.0,897.0,11.0,7.0,8.13,83.5,0.0,14.1,14.5
1167.868,71,105.0,897.0,11.0,7.0,8.13,83.5,0.0,14.1,14.5
1167.956,71,105.0,897.0,11.0,7.0,8.13,83.5,0.0,14.1,14.5
1168.017,71,105.0,897.0,11.0,7.0,8.13,83.5,0.0,14.1,14.5
1168.106,71,105.0,897.0,11.0,7.0,8.13,83.5,0.0,14.1,14.5
1168.167,71,105.0,897.0,11.0,7.0,8.13,83.5,0.0,14.1,14.5
1168.256,71,105.0,897.0,11.0,7.0,8.13,83.5,0.0,14.1,14.5
1168.346,71,105.0,898.0,11.0,7.0,8.13,83.5,0.0,14.1,14.5
1168.467,71,105.0,898.0,7.0,7.0,8.13,83.5,0.0,14.1,14.5
1168.557,71,105.0,898.0,7.0,7.0,8.13,83.5,0.0,14.1,14.5
1168.618,71,105.0,898.0,7.0,7.0,8.22,83.5,0.0,14.1,14.5
1168.708,71,105.0,898.0,7.0,7.0,8.22,83.5,0.0,14.1,14.5
1168.797,71,105.0,898.0,7.0,7.0,8.22,83.5,0.0,14.1,14.5
1168.859,71,105.0,898.0,7.0,7.0,8.22,83.5,0.0,14.1,14.5
1168.918,71,105.0,898.0,7.0,7.0,8.22,83.5,0.0,14.1,14.5
1169.007,71,105.0,898.0,7.0,7.0,8.22,83.5,0.0,14.1,14.5
1169.097,71,105.0,898.0,7.0,7.0,8.22,83.5,0.0,14.1,14.5
1169.187,71,105.0,897.0,7.0,7.0,8.22,83.5,0.0,14.1,14.5
1169.277,71,105.0,897.0,3.0,7.0,8.22,83.5,0.0,14.1,14.5
1169.367,71,105.0,897.0,3.0,8.0,8.22,83.5,0.0,14.1,14.5
1169.457,71,105.0,897.0,3.0,8.0,8.24,83.5,0.0,14.1,14.5
1169.547,71,105.0,897.0,3.0,8.0,8.24,83.5,0.0,14.1,14.5
1169.637,71,105.0,897.0,3.0,8.0,8.24,83.5,0.0,14.1,14.5
1169.727,71,105.0,897.0,3.0,8.0,8.24,83.5,0.0,14.1,14.5
1169.817,71,105.0,897.0,3.0,8.0,8.24,83.5,0.0,14.1,14.5
1169.907,71,105.0,897.0,3.0,8.0,8.24,83.5,0.0,14.1,14.5
1169.997,71,105.0,897.0,3.0,8.0,8.24,83.5,0.0,14.1,14.5
1170.058,71,105.0,823.0,3.0,8.0,8.24,83.5,0.0,14.1,14.5
1170.118,71,105.0,823.0,1.0,8.0,8.24,83.5,0.0,14.1,14.5
1170.207,71,105.0,823.0,1.0,8.0,8.24,83.5,0.0,14.1,14.5
1170.297,71,105.0,823.0,1.0,8.0,7.36,83.5,0.0,14.1,14.5
1170.387,71,105.0,823.0,1.0,8.0,7.36,83.5,0.0,14.1,14.5
1170.477,71,105.0,823.0,1.0,8.0,7.36,83.5,0.0,14.1,14.5
1170.567,71,105.0,823.0,1.0,8.0,7.36,83.5,0.0,14.1,14.5
1170.657,71,105.0,823.0,1.0,8.0,7.36,83.5,0.0,14.1,14.5
1170.747,71,105.0,823.0,1.0,8.0,7.36,83.5,0.0,14.1,14.5
1170.838,71,104.0,823.0,1.0,8.0,7.36,83.5,0.0,14.1,14.5
1170.927,71,104.0,764.0,1.0,8.0,7.36,83.5,0.0,14.1,14.5
1171.016,71,104.0,764.0,0.0,8.0,7.36,83.5,0.0,14.1,14.5
1171.106,71,104.0,764.0,0.0,7.0,7.36,83.5,0.0,14.1,14.5
1171.169,71,104.0,764.0,0.0,7.0,7.22,83.5,0.0,14.1,14.5
1171.257,71,104.0,764.0,0.0,7.0,7.22,83.5,0.0,14.1,14.5
1171.319,71,104.0,764.0,0.0,7.0,7.22,83.5,0.0,14.1,14.5
1171.407,71,104.0,764.0,0.0,7.0,7.22,83.5,0.0,14.1,14.5
1171.497,71,104.0,764.0,0.0,7.0,7.22,83.5,0.0,14.1,14.5
1171.587,71,104.0,764.0,0.0,7.0,7.22,83.5,0.0,14.1,14.5
1171.677,71,103.0,764.0,0.0,7.0,7.22,83.5,0.0,14.1,14.5
1171.767,71,103.0,765.0,0.0,7.0,7.22,83.5,0.0,14.1,14.5
1171.857,71,103.0,765.0,0.0,7.0,7.22,83.5,0.0,14.1,14.5
1171.946,71,103.0,765.0,0.0,7.0,7.22,83.5,0.0,14.1,14.5
1172.007,71,103.0,765.0,0.0,7.0,7.36,83.5,0.0,14.1,14.5
1172.067,71,103.0,765.0,0.0,7.0,7.36,83.5,0.0,14.1,14.5
1172.157,71,103.0,765.0,0.0,7.0,7.36,83.5,0.0,14.1,14.5
1172.218,71,103.0,765.0,0.0,7.0,7.36,83.5,0.0,14.1,14.5
1172.307,71,103.0,765.0,0.0,7.0,7.36,83.5,0.0,14.1,14.5
1172.368,71,103.0,765.0,0.0,7.0,7.36,83.5,0.0,14.1,14.5
1172.457,71,103.0,765.0,0.0,7.0,7.36,83.5,0.0,14.1,14.5
1172.519,71,103.0,769.0,0.0,7.0,7.36,83.5,0.0,14.1,14.5
1172.607,71,103.0,769.0,0.0,7.0,7.36,83.5,0.0,14.1,14.5
1172.697,71,103.0,769.0,0.0,7.0,7.36,83.5,0.0,14.1,14.5
1172.787,71,103.0,769.0,0.0,7.0,6.88,83.5,0.0,14.1,14.5
1172.877,71,103.0,769.0,0.0,7.0,6.88,83.5,0.0,14.1,14.5
1172.967,71,103.0,769.0,0.0,7.0,6.88,83.5,0.0,14.1,14.5
1173.057,71,103.0,769.0,0.0,7.0,6.88,83.5,0.0,14.1,14.5
1173.147,71,103.0,769.0,0.0,7.0,6.88,83.5,0.0,14.1,14.5
1173.208,71,103.0,769.0,0.0,7.0,6.88,83.5,0.0,14.1,14.5
1173.268,71,103.0,769.0,0.0,7.0,6.88,83.5,0.0,14.1,14.5
1173.357,71,103.0,770.0,0.0,7.0,6.88,83.5,0.0,14.1,14.5
1173.477,71,103.0,770.0,0.0,7.0,6.88,83.5,0.0,14.1,14.5
1173.567,71,103.0,770.0,0.0,7.0,6.88,83.5,0.0,14.1,14.5
1173.657,71,103.0,770.0,0.0,7.0,7.33,83.5,0.0,14.1,14.5
1173.719,71,103.0,770.0,0.0,7.0,7.33,83.5,0.0,14.1,14.5
1173.838,71,103.0,770.0,0.0,7.0,7.33,83.5,0.0,14.1,14.5
1173.927,71,103.0,770.0,0.0,7.0,7.33,83.5,0.0,14.1,14.5
1174.018,71,103.0,770.0,0.0,7.0,7.33,83.5,0.0,14.1,14.5
1174.107,71,103.0,770.0,0.0,7.0,7.33,83.5,0.0,14.1,14.5
1174.167,71,103.0,770.0,0.0,7.0,7.33,83.5,0.0,14.1,14.5
1174.258,71,103.0,769.0,0.0,7.0,7.33,83.5,0.0,14.1,14.5
1174.318,71,103.0,769.0,0.0,7.0,7.33,83.5,0.0,14.1,14.5
1174.407,71,103.0,769.0,0.0,8.0,7.33,83.5,0.0,14.1,14.5
1174.468,71,103.0,769.0,0.0,8.0,7.3,83.5,0.0,14.1,14.5
1174.557,71,103.0,769.0,0.0,8.0,7.3,83.5,0.0,14.1,14.5
1174.618,71,103.0,769.0,0.0,8.0,7.3,83.5,0.0,14.1,14.5
1174.707,71,103.0,769.0,0.0,8.0,7.3,83.5,0.0,14.1,14.5
1174.769,71,103.0,769.0,0.0,8.0,7.3,83.5,0.0,14.1,14.5
1174.857,71,103.0,769.0,0.0,8.0,7.3,83.5,0.0,14.1,14.5
1174.918,71,103.0,769.0,0.0,8.0,7.3,83.5,0.0,14.1,14.5
1175.007,71,103.0,771.0,0.0,8.0,7.3,83.5,0.0,14.1,14.5
1175.097,71,103.0,771.0,0.0,8.0,7.3,83.5,0.0,14.1,14.5
1175.158,71,103.0,771.0,0.0,8.0,7.3,83.5,0.0,14.1,14.5
1175.218,71,103.0,771.0,0.0,8.0,6.88,83.5,0.0,14.1,14.5
1175.307,71,103.0,771.0,0.0,8.0,6.88,83.5,0.0,14.1,14.5
1175.367,71,103.0,771.0,0.0,8.0,6.88,83.5,0.0,14.1,14.5
1175.457,71,103.0,771.0,0.0,8.0,6.88,83.5,0.0,15.3,14.5
1175.523,71,103.0,771.0,0.0,8.0,6.88,83.5,0.0,15.3,15.3
1175.607,71,103.0,771.0,0.0,8.0,6.88,83.5,0.0,15.3,15.3
1175.669,71,103.0,771.0,0.0,8.0,6.88,83.5,0.0,15.3,15.3
1175.757,71,103.0,920.0,0.0,8.0,6.88,83.5,0.0,15.3,15.3
1175.819,71,103.0,920.0,0.0,8.0,6.88,83.5,0.0,15.3,15.3
1175.94,71,103.0,920.0,0.0,8.0,6.88,83.5,0.0,15.3,15.3
1176.026,71,103.0,920.0,0.0,8.0,8.61,83.5,0.0,15.3,15.3
1176.117,71,103.0,920.0,0.0,8.0,8.61,83.5,0.0,15.3,15.3
1176.207,71,103.0,920.0,0.0,8.0,8.61,83.5,0.0,15.3,15.3
1176.297,71,103.0,920.0,0.0,8.0,8.61,83.5,0.0,15.3,15.3
1176.357,71,103.0,920.0,0.0,8.0,8.61,83.5,0.0,15.3,14.9
1176.418,71,103.0,920.0,0.0,8.0,8.61,83.5,0.0,15.3,14.9
1176.507,71,105.0,920.0,0.0,8.0,8.61,83.5,0.0,15.3,14.9
1176.568,71,105.0,866.0,0.0,8.0,8.61,83.5,0.0,15.3,14.9
1176.657,71,105.0,866.0,3.0,8.0,8.61,83.5,0.0,15.3,14.9
1176.717,71,105.0,866.0,3.0,9.0,8.61,83.5,0.0,15.3,14.9
1176.807,71,105.0,866.0,3.0,9.0,9.72,83.5,0.0,15.3,14.9
1176.868,71,105.0,866.0,3.0,9.0,9.72,83.5,0.0,15.3,14.9
1176.956,71,105.0,866.0,3.0,9.0,9.72,83.5,0.0,15.3,14.9
1177.077,71,105.0,866.0,3.0,9.0,9.72,83.5,0.0,16.1,14.9
1177.167,71,105.0,866.0,3.0,9.0,9.72,83.5,0.0,16.1,16.9
1177.257,71,105.0,866.0,3.0,9.0,9.72,83.5,0.0,16.1,16.9
1177.319,71,106.0,866.0,3.0,9.0,9.72,83.5,0.0,16.1,16.9
1177.406,71,106.0,995.0,3.0,9.0,9.72,83.5,0.0,16.1,16.9
1177.496,71,106.0,995.0,9.0,9.0,9.72,83.5,0.0,16.1,16.9
1177.557,71,106.0,995.0,9.0,10.0,9.72,83.5,0.0,16.1,16.9
1177.619,71,106.0,995.0,9.0,10.0,16.8,83.5,0.0,16.1,16.9
1177.707,71,106.0,995.0,9.0,10.0,16.8,83.5,0.0,16.1,16.9
1177.768,71,106.0,995.0,9.0,10.0,16.8,83.5,0.0,16.1,16.9
1177.857,71,106.0,995.0,9.0,10.0,16.8,83.5,0.0,33.7,16.9
1177.919,71,106.0,995.0,9.0,10.0,16.8,83.5,0.0,33.7,36.1
1178.007,71,106.0,995.0,9.0,10.0,16.8,83.5,0.0,33.7,36.1
1178.069,71,115.0,995.0,9.0,10.0,16.8,83.5,0.0,33.7,36.1
1178.157,71,115.0,1563.0,9.0,10.0,16.8,83.5,0.0,33.7,36.1
1178.217,71,115.0,1563.0,14.0,10.0,16.8,83.5,0.0,33.7,36.1
1178.307,71,115.0,1563.0,14.0,12.0,16.8,83.5,0.0,33.7,36.1
1178.427,71,115.0,1563.0,14.0,12.0,25.27,83.5,0.0,33.7,36.1
1178.52,71,115.0,1563.0,14.0,12.0,25.27,83.5,0.0,33.7,36.1
1178.607,71,115.0,1563.0,14.0,12.0,25.27,83.5,0.0,33.7,36.1
1178.668,71,115.0,1563.0,14.0,12.0,25.27,83.5,0.0,38.8,36.1
1178.758,71,115.0,1563.0,14.0,12.0,25.27,83.5,0.0,38.8,38.4
1178.818,71,115.0,1563.0,14.0,12.0,25.27,83.5,0.0,38.8,38.4
1178.914,71,139.0,1563.0,14.0,12.0,25.27,83.5,0.0,38.8,38.4
1179.026,71,139.0,2047.0,14.0,12.0,25.27,83.5,0.0,38.8,38.4
1179.148,71,139.0,2047.0,18.0,12.0,25.27,83.5,0.0,38.8,38.4
1179.207,71,139.0,2047.0,18.0,15.0,25.27,83.5,0.0,38.8,38.4
1179.267,71,139.0,2047.0,18.0,15.0,21.33,83.5,0.0,38.8,38.4
1179.357,71,139.0,2047.0,18.0,15.0,21.33,83.5,0.0,38.8,38.4
1179.417,71,139.0,2047.0,18.0,15.0,21.33,83.5,0.0,38.8,38.4
1179.506,71,139.0,2047.0,18.0,15.0,21.33,83.5,0.0,14.1,38.4
1179.567,71,139.0,2047.0,18.0,15.0,21.33,83.5,0.0,14.1,16.5
1179.657,71,139.0,2047.0,18.0,15.0,21.33,83.5,0.0,14.1,16.5
1179.717,71,121.0,2047.0,18.0,15.0,21.33,83.5,0.0,14.1,16.5
1179.807,71,121.0,1430.0,18.0,15.0,21.33,83.5,0.0,14.1,16.5
1179.868,71,121.0,1430.0,19.0,15.0,21.33,83.5,0.0,14.1,16.5
1179.956,71,121.0,1430.0,19.0,16.0,21.33,83.5,0.0,14.1,16.5
1180.017,71,121.0,1430.0,19.0,16.0,15.38,83.5,0.0,14.1,16.5
1180.107,71,121.0,1430.0,19.0,16.0,15.38,83.5,0.0,14.1,16.5
1180.168,71,121.0,1430.0,19.0,16.0,15.38,83.5,0.0,14.1,16.5
1180.257,71,121.0,1430.0,19.0,16.0,15.38,83.5,0.0,53.7,16.5
1180.318,71,121.0,1430.0,19.0,16.0,15.38,83.5,0.0,53.7,55.7
1180.409,71,121.0,1430.0,19.0,16.0,15.38,83.5,0.0,53.7,55.7
1180.468,71,125.0,1430.0,19.0,16.0,15.38,83.5,0.0,53.7,55.7
1180.557,71,125.0,1331.0,19.0,16.0,15.38,83.5,0.0,53.7,55.7
1180.618,71,125.0,1331.0,23.0,16.0,15.38,83.5,0.0,53.7,55.7
1180.707,71,125.0,1331.0,23.0,13.0,15.38,83.5,0.0,53.7,55.7
1180.768,71,125.0,1331.0,23.0,13.0,30.8,83.5,0.0,53.7,55.7
1180.857,71,125.0,1331.0,23.0,13.0,30.8,83.5,0.0,53.7,55.7
1180.92,71,125.0,1331.0,23.0,13.0,30.8,83.5,0.0,53.7,55.7
1181.006,71,125.0,1331.0,23.0,13.0,30.8,83.5,0.0,50.2,55.7
1181.067,71,125.0,1331.0,23.0,13.0,30.8,83.5,0.0,50.2,47.5
1181.157,71,125.0,1331.0,23.0,13.0,30.8,83.5,0.0,50.2,47.5
1181.218,71,156.0,1331.0,23.0,13.0,30.8,83.5,0.0,50.2,47.5
1181.307,71,156.0,1694.0,23.0,13.0,30.8,83.5,0.0,50.2,47.5
1181.368,71,156.0,1694.0,30.0,13.0,30.8,83.5,0.0,50.2,47.5
1181.457,71,156.0,1694.0,30.0,16.0,30.8,83.5,0.0,50.2,47.5
1181.518,71,156.0,1694.0,30.0,16.0,29.05,83.5,0.0,50.2,47.5
1181.607,71,156.0,1694.0,30.0,16.0,29.05,83.5,0.0,50.2,47.5
1181.668,71,156.0,1694.0,30.0,16.0,29.05,83.5,0.0,50.2,47.5
1181.757,71,156.0,1694.0,30.0,16.0,29.05,83.5,0.0,41.2,47.5
1181.819,71,156.0,1694.0,30.0,16.0,29.05,83.5,0.0,41.2,40.4
1181.907,71,156.0,1694.0,30.0,16.0,29.05,83.5,0.0,41.2,40.4
1181.98,71,146.0,1694.0,30.0,16.0,29.05,83.5,0.0,41.2,40.4
1182.056,71,146.0,1908.0,30.0,16.0,29.05,83.5,0.0,41.2,40.4
1182.117,71,146.0,1908.0,33.0,16.0,29.05,83.5,0.0,41.2,40.4
1182.207,71,146.0,1908.0,33.0,16.0,29.05,83.5,0.0,41.2,40.4
1182.268,71,146.0,1908.0,33.0,16.0,21.38,83.5,0.0,41.2,40.4
1182.357,71,146.0,1908.0,33.0,16.0,21.38,83.5,0.0,41.2,40.4
1182.418,71,146.0,1908.0,33.0,16.0,21.38,83.5,0.0,41.2,40.4
1182.507,71,146.0,1908.0,33.0,16.0,21.38,83.5,0.0,32.2,40.4
1182.572,71,146.0,1908.0,33.0,16.0,21.38,83.5,0.0,32.2,32.5
1182.657,71,146.0,1908.0,33.0,16.0,21.38,83.5,0.0,32.2,32.5
1182.719,71,121.0,1908.0,33.0,16.0,21.38,83.5,0.0,32.2,32.5
1182.807,71,121.0,1963.0,33.0,16.0,21.38,83.5,0.0,32.2,32.5
1182.87,71,121.0,1963.0,34.0,16.0,21.38,83.5,0.0,32.2,32.5
1182.956,71,121.0,1963.0,34.0,13.0,21.38,83.5,0.0,32.2,32.5
1183.017,71,121.0,1963.0,34.0,13.0,20.58,83.5,0.0,32.2,32.5
1183.106,71,121.0,1963.0,34.0,13.0,20.58,83.5,0.0,32.2,32.5
1183.171,71,121.0,1963.0,34.0,13.0,20.58,83.5,0.0,32.2,32.5
1183.257,71,121.0,1963.0,34.0,13.0,20.58,83.5,0.0,30.6,32.5
1183.319,71,121.0,1963.0,34.0,13.0,20.58,83.5,0.0,30.6,31.0
1183.437,71,121.0,1963.0,34.0,13.0,20.58,83.5,0.0,30.6,31.0
1183.527,71,115.0,1963.0,34.0,13.0,20.58,83.5,0.0,30.6,31.0
1183.617,71,115.0,1974.0,34.0,13.0,20.58,83.5,0.0,30.6,31.0
1183.708,71,115.0,1974.0,34.0,13.0,20.58,83.5,0.0,30.6,31.0
1183.769,71,115.0,1974.0,34.0,13.0,20.58,83.5,0.0,30.6,31.0
1183.859,71,115.0,1974.0,34.0,13.0,18.44,83.5,0.0,30.6,31.0
1183.919,71,115.0,1974.0,34.0,13.0,18.44,83.5,0.0,30.6,31.0
1184.006,71,115.0,1974.0,34.0,13.0,18.44,83.5,0.0,30.6,31.0
1184.067,71,115.0,1974.0,34.0,13.0,18.44,83.5,0.0,30.6,31.0
1184.157,71,115.0,1974.0,34.0,13.0,18.44,83.5,0.0,30.6,30.6
1184.218,71,115.0,1974.0,34.0,13.0,18.44,83.5,0.0,30.6,30.6
1184.307,71,115.0,1974.0,34.0,13.0,18.44,83.5,0.0,30.6,30.6
1184.37,71,115.0,1980.0,34.0,13.0,18.44,83.5,0.0,30.6,30.6
1184.457,71,115.0,1980.0,34.0,13.0,18.44,83.5,0.0,30.6,30.6
1184.519,71,115.0,1980.0,34.0,13.0,18.44,83.5,0.0,30.6,30.6
1184.607,71,115.0,1980.0,34.0,13.0,19.13,83.5,0.0,30.6,30.6
1184.671,71,115.0,1980.0,34.0,13.0,19.13,83.5,0.0,30.6,30.6
1184.757,71,115.0,1980.0,34.0,13.0,19.13,83.5,0.0,30.6,30.6
1184.82,71,115.0,1980.0,34.0,13.0,19.13,83.5,0.0,30.6,30.6
1184.909,71,115.0,1980.0,34.0,13.0,19.13,83.5,0.0,30.6,31.0
1184.967,71,115.0,1980.0,34.0,13.0,19.13,83.5,0.0,30.6,31.0
1185.057,71,117.0,1980.0,34.0,13.0,19.13,83.5,0.0,30.6,31.0
1185.118,71,117.0,1980.0,34.0,13.0,19.13,83.5,0.0,30.6,31.0
1185.207,71,117.0,1980.0,34.0,13.0,19.13,83.5,0.0,30.6,31.0
1185.267,71,117.0,1980.0,34.0,13.0,19.13,83.5,0.0,30.6,31.0
1185.357,71,117.0,1980.0,34.0,13.0,19.47,83.5,0.0,30.6,31.0
1185.417,71,117.0,1980.0,34.0,13.0,19.47,83.5,0.0,30.6,31.0
1185.507,71,117.0,1980.0,34.0,13.0,19.47,83.5,0.0,30.6,31.0
1185.571,71,117.0,1980.0,34.0,13.0,19.47,83.5,0.0,27.5,31.0
1185.657,71,117.0,1980.0,34.0,13.0,19.47,83.5,0.0,27.5,27.1
1185.719,71,117.0,1980.0,34.0,13.0,19.47,83.5,0.0,27.5,27.1
1185.807,71,117.0,1980.0,34.0,13.0,19.47,83.5,0.0,27.5,27.1
1185.87,71,117.0,1951.0,34.0,13.0,19.47,83.5,0.0,27.5,27.1
1185.957,71,117.0,1951.0,34.0,13.0,19.47,83.5,0.0,27.5,27.1
1186.017,71,117.0,1951.0,34.0,13.0,19.47,83.5,0.0,27.5,27.1
1186.106,71,117.0,1951.0,34.0,13.0,17.99,83.5,0.0,27.5,27.1
1186.167,71,117.0,1951.0,34.0,13.0,17.99,83.5,0.0,27.5,27.1
1186.257,71,117.0,1951.0,34.0,13.0,17.99,83.5,0.0,27.5,27.1
1186.319,71,117.0,1951.0,34.0,13.0,17.99,83.5,0.0,23.9,27.1
1186.407,71,117.0,1951.0,34.0,13.0,17.99,83.5,0.0,23.9,20.4
1186.471,71,117.0,1951.0,34.0,13.0,17.99,83.5,0.0,23.9,20.4
1186.557,71,113.0,1951.0,34.0,13.0,17.99,83.5,0.0,23.9,20.4
1186.619,71,113.0,1918.0,34.0,13.0,17.99,83.5,0.0,23.9,20.4
1186.707,71,113.0,1918.0,33.0,13.0,17.99,83.5,0.0,23.9,20.4
1186.77,71,113.0,1918.0,33.0,13.0,17.99,83.5,0.0,23.9,20.4
1186.857,71,113.0,1918.0,33.0,13.0,18.69,83.5,0.0,23.9,20.4
1186.92,71,113.0,1918.0,33.0,13.0,18.69,83.5,0.0,23.9,20.4
1187.007,71,113.0,1918.0,33.0,13.0,18.69,83.5,0.0,23.9,20.4
1187.069,71,113.0,1918.0,33.0,13.0,18.69,83.5,0.0,22.0,20.4
1187.157,71,113.0,1918.0,33.0,13.0,18.69,83.5,0.0,22.0,23.1
1187.217,72,113.0,1918.0,33.0,13.0,18.69,83.5,0.0,22.0,23.1
1187.307,72,120.0,1918.0,33.0,13.0,18.69,83.5,0.0,22.0,23.1
1187.372,72,120.0,1809.0,33.0,13.0,18.69,83.5,0.0,22.0,23.1
1187.457,72,120.0,1809.0,31.0,13.0,18.69,83.5,0.0,22.0,23.1
1187.52,72,120.0,1809.0,31.0,13.0,18.69,83.5,0.0,22.0,23.1
1187.607,72,120.0,1809.0,31.0,13.0,19.02,83.5,0.0,22.0,23.1
1187.67,72,120.0,1809.0,31.0,13.0,19.02,83.5,0.0,22.0,23.1
1187.757,72,120.0,1809.0,31.0,13.0,19.02,83.5,0.0,22.0,23.1
1187.818,72,120.0,1809.0,31.0,13.0,19.02,83.5,0.0,14.5,23.1
1187.907,72,120.0,1809.0,31.0,13.0,19.02,83.5,0.0,14.5,14.5
1187.97,72,120.0,1809.0,31.0,13.0,19.02,83.5,0.0,14.5,14.5
1188.057,72,123.0,1809.0,31.0,13.0,19.02,83.5,0.0,14.5,14.5
1188.117,72,123.0,1747.0,31.0,13.0,19.02,83.5,0.0,14.5,14.5
1188.207,72,123.0,1747.0,30.0,13.0,19.02,83.5,0.0,14.5,14.5
1188.268,72,123.0,1747.0,30.0,13.0,19.02,83.5,0.0,14.5,14.5
1188.357,72,123.0,1747.0,30.0,13.0,17.24,83.5,0.0,14.5,14.5
1188.477,72,123.0,1747.0,30.0,13.0,17.24,83.5,0.0,14.5,14.5
1188.569,72,123.0,1747.0,30.0,13.0,17.24,83.5,0.0,14.5,14.5
1188.657,72,123.0,1747.0,30.0,13.0,17.24,83.5,0.0,14.1,14.5
1188.719,72,123.0,1747.0,30.0,13.0,17.24,83.5,0.0,14.1,14.5
1188.81,72,123.0,1747.0,30.0,13.0,17.24,83.5,0.0,14.1,14.5
1188.87,72,120.0,1747.0,30.0,13.0,17.24,83.5,0.0,14.1,14.5
1188.956,72,120.0,1585.0,30.0,13.0,17.24,83.5,0.0,14.1,14.5
1189.046,72,120.0,1585.0,27.0,13.0,17.24,83.5,0.0,14.1,14.5
1189.108,72,120.0,1585.0,27.0,12.0,17.24,83.5,0.0,14.1,14.5
1189.169,72,120.0,1585.0,27.0,12.0,15.88,83.5,0.0,14.1,14.5
1189.257,72,120.0,1585.0,27.0,12.0,15.88,83.5,0.0,14.1,14.5
1189.318,72,120.0,1585.0,27.0,12.0,15.88,83.5,0.0,14.1,14.5
1189.407,72,120.0,1585.0,27.0,12.0,15.88,83.5,0.0,14.1,14.5
1189.468,72,120.0,1585.0,27.0,12.0,15.88,83.5,0.0,14.1,14.5
1189.557,72,120.0,1585.0,27.0,12.0,15.88,83.5,0.0,14.1,14.5
1189.617,72,117.0,1585.0,27.0,12.0,15.88,83.5,0.0,14.1,14.5
1189.708,72,117.0,1516.0,27.0,12.0,15.88,83.5,0.0,14.1,14.5
1189.77,72,117.0,1516.0,26.0,12.0,15.88,83.5,0.0,14.1,14.5
1189.857,72,117.0,1516.0,26.0,12.0,15.88,83.5,0.0,14.1,14.5
1189.921,72,117.0,1516.0,26.0,12.0,14.27,83.5,0.0,14.1,14.5
1190.006,72,117.0,1516.0,26.0,12.0,14.27,83.5,0.0,14.1,14.5
1190.096,72,117.0,1516.0,26.0,12.0,14.27,83.5,0.0,14.1,14.5
1190.188,72,117.0,1516.0,26.0,12.0,14.27,83.5,0.0,14.1,14.5
1190.25,72,117.0,1516.0,26.0,12.0,14.27,83.5,0.0,14.1,14.5
1190.31,72,117.0,1516.0,26.0,12.0,14.27,83.5,0.0,14.1,14.5
1190.371,72,115.0,1516.0,26.0,12.0,14.27,83.5,0.0,14.1,14.5
1190.457,72,115.0,1425.0,26.0,12.0,14.27,83.5,0.0,14.1,14.5
1190.519,72,115.0,1425.0,24.0,12.0,14.27,83.5,0.0,14.1,14.5
1190.608,72,115.0,1425.0,24.0,11.0,14.27,83.5,0.0,14.1,14.5
1190.67,72,115.0,1425.0,24.0,11.0,13.41,83.5,0.0,14.1,14.5
1190.757,72,115.0,1425.0,24.0,11.0,13.41,83.5,0.0,14.1,14.5
1190.818,72,115.0,1425.0,24.0,11.0,13.41,83.5,0.0,14.1,14.5
1190.908,72,115.0,1425.0,24.0,11.0,13.41,83.5,0.0,14.1,14.5
1190.968,72,115.0,1425.0,24.0,11.0,13.41,83.5,0.0,14.1,14.5
1191.057,72,115.0,1425.0,24.0,11.0,13.41,83.5,0.0,14.1,14.5
1191.117,72,113.0,1425.0,24.0,11.0,13.41,83.5,0.0,14.1,14.5
1191.207,72,113.0,1316.0,24.0,11.0,13.41,83.5,0.0,14.1,14.5
1191.268,72,113.0,1316.0,22.0,11.0,13.41,83.5,0.0,14.1,14.5
1191.357,72,113.0,1316.0,22.0,11.0,13.41,83.5,0.0,14.1,14.5
1191.419,72,113.0,1316.0,22.0,11.0,12.3,83.5,0.0,14.1,14.5
1191.508,72,113.0,1316.0,22.0,11.0,12.3,83.5,0.0,14.1,14.5
1191.571,72,113.0,1316.0,22.0,11.0,12.3,83.5,0.0,14.1,14.5
1191.657,72,113.0,1316.0,22.0,11.0,12.3,83.5,0.0,14.1,14.5
1191.749,72,113.0,1316.0,22.0,11.0,12.3,83.5,0.0,14.1,14.5
1191.838,72,113.0,1316.0,22.0,11.0,12.3,83.5,0.0,14.1,14.5
1191.94,72,111.0,1316.0,22.0,11.0,12.3,83.5,0.0,14.1,14.5
1192.017,72,111.0,1076.0,22.0,11.0,12.3,83.5,0.0,14.1,14.5
1192.107,72,111.0,1076.0,20.0,11.0,12.3,83.5,0.0,14.1,14.5
1192.169,72,111.0,1076.0,20.0,10.0,12.3,83.5,0.0,14.1,14.5
1192.257,72,111.0,1076.0,20.0,10.0,9.38,83.5,0.0,14.1,14.5
1192.318,72,111.0,1076.0,20.0,10.0,9.38,83.5,0.0,14.1,14.5
1192.407,72,111.0,1076.0,20.0,10.0,9.38,83.5,0.0,14.1,14.5
1192.468,72,111.0,1076.0,20.0,10.0,9.38,83.5,0.0,14.1,14.5
1192.557,72,111.0,1076.0,20.0,10.0,9.38,83.5,0.0,14.1,14.5
1192.619,72,111.0,1076.0,20.0,10.0,9.38,83.5,0.0,14.1,14.5
1192.708,72,109.0,1076.0,20.0,10.0,9.38,83.5,0.0,14.1,14.5
1192.771,72,109.0,963.0,20.0,10.0,9.38,83.5,0.0,14.1,14.5
1192.857,72,109.0,963.0,16.0,10.0,9.38,83.5,0.0,14.1,14.5
1192.919,72,109.0,963.0,16.0,8.0,9.38,83.5,0.0,14.1,14.5
1193.006,72,109.0,963.0,16.0,8.0,8.66,83.5,0.0,14.1,14.5
1193.067,72,109.0,963.0,16.0,8.0,8.66,83.5,0.0,14.1,14.5
1193.156,72,109.0,963.0,16.0,8.0,8.66,83.5,0.0,14.1,14.5
1193.217,72,109.0,963.0,16.0,8.0,8.66,83.5,0.0,14.1,14.5
1193.307,72,109.0,963.0,16.0,8.0,8.66,83.5,0.0,14.1,14.5
1193.368,72,109.0,963.0,16.0,8.0,8.66,83.5,0.0,14.1,14.5
1193.458,72,107.0,963.0,16.0,8.0,8.66,83.5,0.0,14.1,14.5
1193.52,72,107.0,920.0,16.0,8.0,8.66,83.5,0.0,14.1,14.5
1193.607,72,107.0,920.0,10.0,8.0,8.66,83.5,0.0,14.1,14.5
1193.67,72,107.0,920.0,10.0,7.0,8.66,83.5,0.0,14.1,14.5
1193.757,72,107.0,920.0,10.0,7.0,8.66,83.5,0.0,14.1,14.5
1193.818,72,107.0,920.0,10.0,7.0,8.66,83.5,0.0,14.1,14.5
1193.91,72,107.0,920.0,10.0,7.0,8.66,83.5,0.0,14.1,14.5
1193.968,72,107.0,920.0,10.0,7.0,8.66,83.5,0.0,14.1,14.5
1194.057,72,107.0,920.0,10.0,7.0,8.66,83.5,0.0,14.1,14.5
1194.147,72,107.0,920.0,10.0,7.0,8.66,83.5,0.0,14.1,14.5
1194.208,72,106.0,920.0,10.0,7.0,8.66,83.5,0.0,14.1,14.5
1194.268,72,106.0,906.0,10.0,7.0,8.66,83.5,0.0,14.1,14.5
1194.357,72,106.0,906.0,6.0,7.0,8.66,83.5,0.0,14.1,14.5
1194.447,72,106.0,906.0,6.0,7.0,8.66,83.5,0.0,14.1,14.5
1194.508,72,106.0,906.0,6.0,7.0,8.36,83.5,0.0,14.1,14.5
1194.597,72,106.0,906.0,6.0,7.0,8.36,83.5,0.0,14.1,14.5
1194.659,72,106.0,906.0,6.0,7.0,8.36,83.5,0.0,14.1,14.5
1194.748,72,106.0,906.0,6.0,7.0,8.36,83.5,0.0,18.0,14.5
1194.809,72,106.0,906.0,6.0,7.0,8.36,83.5,0.0,18.0,19.6
1194.897,72,106.0,906.0,6.0,7.0,8.36,83.5,0.0,18.0,19.6
1194.958,72,105.0,906.0,6.0,7.0,8.36,83.5,0.0,18.0,19.6
1195.017,72,105.0,983.0,6.0,7.0,8.36,83.5,0.0,18.0,19.6
1195.106,72,105.0,983.0,6.0,7.0,8.36,83.5,0.0,18.0,19.6
1195.197,72,105.0,983.0,6.0,7.0,8.36,83.5,0.0,18.0,19.6
1195.257,72,105.0,983.0,6.0,7.0,9.11,83.5,0.0,18.0,19.6
1195.348,72,105.0,983.0,6.0,7.0,9.11,83.5,0.0,18.0,19.6
1195.408,72,105.0,983.0,6.0,7.0,9.11,83.5,0.0,18.0,19.6
1195.496,72,105.0,983.0,6.0,7.0,9.11,83.5,0.0,25.1,19.6
1195.558,72,105.0,983.0,6.0,7.0,9.11,83.5,0.0,25.1,26.3
1195.647,72,105.0,983.0,6.0,7.0,9.11,83.5,0.0,25.1,26.3
1195.737,72,107.0,983.0,6.0,7.0,9.11,83.5,0.0,25.1,26.3
1195.799,72,107.0,1070.0,6.0,7.0,9.11,83.5,0.0,25.1,26.3
1195.859,72,107.0,1070.0,9.0,7.0,9.11,83.5,0.0,25.1,26.3
1195.948,72,107.0,1070.0,9.0,7.0,9.11,83.5,0.0,25.1,26.3
1196.007,72,107.0,1070.0,9.0,7.0,13.91,83.5,0.0,25.1,26.3
1196.096,72,107.0,1070.0,9.0,7.0,13.91,83.5,0.0,25.1,26.3
1196.158,72,107.0,1070.0,9.0,7.0,13.91,83.5,0.0,25.1,26.3
1196.248,72,107.0,1070.0,9.0,7.0,13.91,83.5,0.0,41.2,26.3
1196.31,72,107.0,1070.0,9.0,7.0,13.91,83.5,0.0,41.2,43.1
1196.397,72,107.0,1070.0,9.0,7.0,13.91,83.5,0.0,41.2,43.1
1196.46,72,114.0,1070.0,9.0,7.0,13.91,83.5,0.0,41.2,43.1
1196.549,72,114.0,1555.0,9.0,7.0,13.91,83.5,0.0,41.2,43.1
1196.61,72,114.0,1555.0,14.0,7.0,13.91,83.5,0.0,41.2,43.1
1196.697,72,114.0,1555.0,14.0,10.0,13.91,83.5,0.0,41.2,43.1
1196.759,72,114.0,1555.0,14.0,10.0,28.94,83.5,0.0,41.2,43.1
1196.849,72,114.0,1555.0,14.0,10.0,28.94,83.5,0.0,41.2,43.1
1196.909,72,114.0,1555.0,14.0,10.0,28.94,83.5,0.0,41.2,43.1
1196.996,72,114.0,1555.0,14.0,10.0,28.94,83.5,0.0,44.3,43.1
1197.057,72,114.0,1555.0,14.0,10.0,28.94,83.5,0.0,44.3,45.1
1197.147,72,114.0,1555.0,14.0,10.0,28.94,83.5,0.0,44.3,45.1
1197.21,72,151.0,1555.0,14.0,10.0,28.94,83.5,0.0,44.3,45.1
1197.298,72,151.0,2193.0,14.0,10.0,28.94,83.5,0.0,44.3,45.1
1197.357,72,151.0,2193.0,20.0,10.0,28.94,83.5,0.0,44.3,45.1
1197.447,72,151.0,2193.0,20.0,13.0,28.94,83.5,0.0,44.3,45.1
1197.508,72,151.0,2193.0,20.0,13.0,46.16,83.5,0.0,44.3,45.1
1197.597,72,151.0,2193.0,20.0,13.0,46.16,83.5,0.0,44.3,45.1
1197.659,72,151.0,2193.0,20.0,13.0,46.16,83.5,0.0,44.3,45.1
1197.748,72,151.0,2193.0,20.0,13.0,46.16,83.5,0.0,44.3,45.1
1197.811,72,151.0,2193.0,20.0,13.0,46.16,83.5,0.0,44.3,44.7
1197.898,72,151.0,2193.0,20.0,13.0,46.16,83.5,0.0,44.3,44.7
1197.957,72,173.0,2193.0,20.0,13.0,46.16,83.5,0.0,44.3,44.7
1198.047,72,173.0,2818.0,20.0,13.0,46.16,83.5,0.0,44.3,44.7
1198.107,72,173.0,2818.0,25.0,13.0,46.16,83.5,0.0,44.3,44.7
1198.196,72,173.0,2818.0,25.0,17.0,46.16,83.5,0.0,44.3,44.7
1198.257,72,173.0,2818.0,25.0,17.0,75.22,83.5,0.0,44.3,44.7
1198.347,72,173.0,2818.0,25.0,17.0,75.22,83.5,0.0,44.3,44.7
1198.467,72,173.0,2818.0,25.0,17.0,75.22,83.5,0.0,44.3,44.7
1198.559,72,173.0,2818.0,25.0,17.0,75.22,83.5,0.0,14.1,44.7
1198.618,72,173.0,2818.0,25.0,17.0,75.22,83.5,0.0,14.1,14.5
1198.716,72,173.0,2818.0,25.0,17.0,75.22,83.5,0.0,14.1,14.5
1198.768,72,90.0,2818.0,25.0,17.0,75.22,83.5,0.0,14.1,14.5
1198.857,72,90.0,2469.0,25.0,17.0,75.22,83.5,0.0,14.1,14.5
1198.919,72,90.0,2469.0,27.0,17.0,75.22,83.5,0.0,14.1,14.5
1199.006,72,90.0,2469.0,27.0,17.0,75.22,83.5,0.0,14.1,14.5
1199.068,72,90.0,2469.0,27.0,17.0,33.08,83.5,0.0,14.1,14.5
1199.157,72,90.0,2469.0,27.0,17.0,33.08,31.0,0.0,14.1,14.5
1199.219,72,90.0,2469.0,27.0,17.0,33.08,31.0,0.0,14.1,14.5
1199.309,72,90.0,2469.0,27.0,17.0,33.08,31.0,0.0,37.3,14.5
1199.397,72,90.0,2469.0,27.0,17.0,33.08,31.0,0.0,37.3,41.2
1199.459,72,90.0,2469.0,27.0,17.0,33.08,31.0,0.0,37.3,41.2
1199.547,72,113.0,2469.0,27.0,17.0,33.08,31.0,0.0,37.3,41.2
1199.61,72,113.0,1649.0,27.0,17.0,33.08,31.0,0.0,37.3,41.2
1199.671,72,113.0,1649.0,28.0,17.0,33.08,31.0,0.0,37.3,41.2
1199.787,72,113.0,1649.0,28.0,14.0,33.08,31.0,0.0,37.3,41.2
1199.849,72,113.0,1649.0,28.0,14.0,14.38,31.0,0.0,37.3,41.2
1199.911,72,113.0,1649.0,28.0,14.0,14.38,83.5,0.0,37.3,41.2
1199.996,72,113.0,1649.0,28.0,14.0,14.38,83.5,0.0,37.3,41.2
1200.057,72,113.0,1649.0,28.0,14.0,14.38,83.5,0.0,14.1,41.2
1200.147,72,113.0,1649.0,28.0,14.0,14.38,83.5,0.0,14.1,14.5
1200.209,72,113.0,1649.0,28.0,14.0,14.38,83.5,0.0,14.1,14.5
1200.297,72,116.0,1649.0,28.0,14.0,14.38,83.5,0.0,14.1,14.5
1200.357,72,116.0,929.0,28.0,14.0,14.38,83.5,0.0,14.1,14.5
1200.446,72,116.0,929.0,28.0,14.0,14.38,83.5,0.0,14.1,14.5
1200.507,72,116.0,929.0,28.0,9.0,14.38,83.5,0.0,14.1,14.5
1200.596,72,116.0,929.0,28.0,9.0,8.49,83.5,0.0,14.1,14.5
1200.657,72,116.0,929.0,28.0,9.0,8.49,83.5,0.0,14.1,14.5
1200.746,72,116.0,929.0,28.0,9.0,8.49,83.5,0.0,14.1,14.5
1200.807,72,116.0,929.0,28.0,9.0,8.49,83.5,0.0,14.1,14.5
1200.896,72,116.0,929.0,28.0,9.0,8.49,83.5,0.0,14.1,14.5
1200.957,72,116.0,929.0,28.0,9.0,8.49,83.5,0.0,14.1,14.5
1201.046,72,111.0,929.0,28.0,9.0,8.49,83.5,0.0,14.1,14.5
1201.107,72,111.0,896.0,28.0,9.0,8.49,83.5,0.0,14.1,14.5
1201.196,72,111.0,896.0,27.0,9.0,8.49,83.5,0.0,14.1,14.5
1201.257,72,111.0,896.0,27.0,6.0,8.49,83.5,0.0,14.1,14.5
1201.346,72,111.0,896.0,27.0,6.0,8.52,83.5,0.0,14.1,14.5
1201.407,72,111.0,896.0,27.0,6.0,8.52,83.5,0.0,14.1,14.5
1201.497,72,111.0,896.0,27.0,6.0,8.52,83.5,0.0,14.1,14.5
1201.588,72,111.0,896.0,27.0,6.0,8.52,83.5,0.0,14.1,14.5
1201.677,72,111.0,896.0,27.0,6.0,8.52,83.5,0.0,14.1,14.5
1201.775,72,111.0,896.0,27.0,6.0,8.52,83.5,0.0,14.1,14.5
1201.857,72,107.0,896.0,27.0,6.0,8.52,83.5,0.0,14.1,14.5
1201.947,72,107.0,895.0,27.0,6.0,8.52,83.5,0.0,14.1,14.5
1202.037,72,107.0,895.0,24.0,6.0,8.52,83.5,0.0,14.1,14.5
1202.127,72,107.0,895.0,24.0,6.0,8.52,83.5,0.0,14.1,14.5
1202.217,72,107.0,895.0,24.0,6.0,8.41,83.5,0.0,14.1,14.5
1202.308,72,107.0,895.0,24.0,6.0,8.41,83.5,0.0,14.1,14.5
1202.397,72,107.0,895.0,24.0,6.0,8.41,83.5,0.0,14.1,14.5
1202.486,72,107.0,895.0,24.0,6.0,8.41,83.5,0.0,14.5,14.5
1202.577,72,107.0,895.0,24.0,6.0,8.41,83.5,0.0,14.5,14.5
1202.667,72,107.0,895.0,24.0,6.0,8.41,83.5,0.0,14.5,14.5
1202.757,72,106.0,895.0,24.0,6.0,8.41,83.5,0.0,14.5,14.5
1202.849,72,106.0,894.0,24.0,6.0,8.41,83.5,0.0,14.5,14.5
1202.937,72,106.0,894.0,20.0,6.0,8.41,83.5,0.0,14.5,14.5
1203.026,72,106.0,894.0,20.0,6.0,8.41,83.5,0.0,14.5,14.5
1203.117,72,106.0,894.0,20.0,6.0,8.16,83.5,0.0,14.5,14.5
1203.208,72,106.0,894.0,20.0,6.0,8.16,83.5,0.0,14.5,14.5
1203.297,72,106.0,894.0,20.0,6.0,8.16,83.5,0.0,14.5,14.5
1203.387,72,106.0,894.0,20.0,6.0,8.16,83.5,0.0,14.1,14.5
1203.508,72,106.0,894.0,20.0,6.0,8.16,83.5,0.0,14.1,14.5
1203.597,72,106.0,894.0,20.0,6.0,8.16,83.5,0.0,14.1,14.5
1203.687,72,106.0,894.0,20.0,6.0,8.16,83.5,0.0,14.1,14.5
1203.777,72,106.0,897.0,20.0,6.0,8.16,83.5,0.0,14.1,14.5
1203.868,72,106.0,897.0,18.0,6.0,8.16,83.5,0.0,14.1,14.5
1203.957,72,106.0,897.0,18.0,6.0,8.16,83.5,0.0,14.1,14.5
1204.046,72,106.0,897.0,18.0,6.0,8.16,83.5,0.0,14.1,14.5
1204.137,72,106.0,897.0,18.0,6.0,8.16,83.5,0.0,14.1,14.5
1204.227,72,106.0,897.0,18.0,6.0,8.16,83.5,0.0,14.1,14.5
1204.317,72,106.0,897.0,18.0,6.0,8.16,83.5,0.0,14.1,14.5
1204.407,72,106.0,897.0,18.0,6.0,8.16,83.5,0.0,14.1,14.1
1204.497,72,106.0,897.0,18.0,6.0,8.16,83.5,0.0,14.1,14.1
1204.587,72,105.0,897.0,18.0,6.0,8.16,83.5,0.0,14.1,14.1
1204.677,72,105.0,898.0,18.0,6.0,8.16,83.5,0.0,14.1,14.1
1204.768,72,105.0,898.0,17.0,6.0,8.16,83.5,0.0,14.1,14.1
1204.857,72,105.0,898.0,17.0,6.0,8.16,83.5,0.0,14.1,14.1
1204.947,72,105.0,898.0,17.0,6.0,8.3,83.5,0.0,14.1,14.1
1205.036,72,105.0,898.0,17.0,6.0,8.3,83.5,0.0,14.1,14.1
1205.127,72,105.0,898.0,17.0,6.0,8.3,83.5,0.0,14.1,14.1
1205.217,72,105.0,898.0,17.0,6.0,8.3,83.5,0.0,14.1,14.1
1205.307,72,105.0,898.0,17.0,6.0,8.3,83.5,0.0,14.1,14.5
1205.397,72,105.0,898.0,17.0,6.0,8.3,83.5,0.0,14.1,14.5
1205.487,72,105.0,898.0,17.0,6.0,8.3,83.5,0.0,14.1,14.5
1205.577,72,105.0,907.0,17.0,6.0,8.3,83.5,0.0,14.1,14.5
1205.667,72,105.0,907.0,17.0,6.0,8.3,83.5,0.0,14.1,14.5
1205.757,72,105.0,907.0,17.0,6.0,8.3,83.5,0.0,14.1,14.5
1205.847,72,105.0,907.0,17.0,6.0,8.97,83.5,0.0,14.1,14.5
1205.938,72,105.0,907.0,17.0,6.0,8.97,83.5,0.0,14.1,14.5
1206.027,72,105.0,907.0,17.0,6.0,8.97,83.5,0.0,14.1,14.5
1206.117,72,105.0,907.0,17.0,6.0,8.97,83.5,0.0,26.7,14.5
1206.209,72,105.0,907.0,17.0,6.0,8.97,83.5,0.0,26.7,27.1
1206.298,72,105.0,907.0,17.0,6.0,8.97,83.5,0.0,26.7,27.1
1206.388,72,107.0,907.0,17.0,6.0,8.97,83.5,0.0,26.7,27.1
1206.477,72,107.0,1056.0,17.0,6.0,8.97,83.5,0.0,26.7,27.1
1206.567,72,107.0,1056.0,18.0,6.0,8.97,83.5,0.0,26.7,27.1
1206.657,72,107.0,1056.0,18.0,7.0,8.97,83.5,0.0,26.7,27.1
1206.747,72,107.0,1056.0,18.0,7.0,12.66,83.5,0.0,26.7,27.1
1206.839,72,107.0,1056.0,18.0,7.0,12.66,83.5,0.0,26.7,27.1
1206.926,72,107.0,1056.0,18.0,7.0,12.66,83.5,0.0,26.7,27.1
1207.017,72,107.0,1056.0,18.0,7.0,12.66,83.5,0.0,32.5,27.1
1207.107,72,107.0,1056.0,18.0,7.0,12.66,83.5,0.0,32.5,32.2
1207.197,72,107.0,1056.0,18.0,7.0,12.66,83.5,0.0,32.5,32.2
1207.287,72,112.0,1056.0,18.0,7.0,12.66,83.5,0.0,32.5,32.2
1207.376,72,112.0,1195.0,18.0,7.0,12.66,83.5,0.0,32.5,32.2
1207.466,72,112.0,1195.0,20.0,7.0,12.66,83.5,0.0,32.5,32.2
1207.557,72,112.0,1195.0,20.0,11.0,12.66,83.5,0.0,32.5,32.2
1207.647,72,112.0,1195.0,20.0,11.0,12.19,83.5,0.0,32.5,32.2
1207.737,72,112.0,1195.0,20.0,11.0,12.19,83.5,0.0,32.5,32.2
1207.857,72,112.0,1195.0,20.0,11.0,12.19,83.5,0.0,32.5,32.2
1207.947,72,112.0,1195.0,20.0,11.0,12.19,83.5,0.0,32.9,32.2
1208.037,72,112.0,1195.0,20.0,11.0,12.19,83.5,0.0,32.9,35.7
1208.127,72,112.0,1195.0,20.0,11.0,12.19,83.5,0.0,32.9,35.7
1208.217,72,116.0,1195.0,20.0,11.0,12.19,83.5,0.0,32.9,35.7
1208.307,72,116.0,1315.0,20.0,11.0,12.19,83.5,0.0,32.9,35.7
1208.397,72,116.0,1315.0,23.0,11.0,12.19,83.5,0.0,32.9,35.7
1208.518,72,116.0,1315.0,23.0,11.0,12.19,83.5,0.0,32.9,35.7
1208.608,72,116.0,1315.0,23.0,11.0,15.58,83.5,0.0,32.9,35.7
1208.697,72,116.0,1315.0,23.0,11.0,15.58,83.5,0.0,32.9,35.7
1208.787,72,116.0,1315.0,23.0,11.0,15.58,83.5,0.0,32.9,35.7
1208.877,72,116.0,1315.0,23.0,11.0,15.58,83.5,0.0,27.5,35.7
1208.967,72,116.0,1315.0,23.0,11.0,15.58,83.5,0.0,27.5,27.5
1209.057,72,116.0,1315.0,23.0,11.0,15.58,83.5,0.0,27.5,27.5
1209.147,72,115.0,1315.0,23.0,11.0,15.58,83.5,0.0,27.5,27.5
1209.237,72,115.0,1404.0,23.0,11.0,15.58,83.5,0.0,27.5,27.5
1209.327,72,115.0,1404.0,24.0,11.0,15.58,83.5,0.0,27.5,27.5
1209.417,72,115.0,1404.0,24.0,12.0,15.58,83.5,0.0,27.5,27.5
1209.507,72,115.0,1404.0,24.0,12.0,12.63,83.5,0.0,27.5,27.5
1209.597,72,115.0,1404.0,24.0,12.0,12.63,83.5,0.0,27.5,27.5
1209.687,72,115.0,1404.0,24.0,12.0,12.63,83.5,0.0,27.5,27.5
1209.777,72,115.0,1404.0,24.0,12.0,12.63,83.5,0.0,27.5,27.5
1209.867,72,115.0,1404.0,24.0,12.0,12.63,83.5,0.0,27.5,27.8
1209.956,72,115.0,1404.0,24.0,12.0,12.63,83.5,0.0,27.5,27.8
1210.047,72,109.0,1404.0,24.0,12.0,12.63,83.5,0.0,27.5,27.8
1210.137,72,109.0,1445.0,24.0,12.0,12.63,83.5,0.0,27.5,27.8
1210.227,72,109.0,1445.0,25.0,12.0,12.63,83.5,0.0,27.5,27.8
1210.317,72,109.0,1445.0,25.0,11.0,12.63,83.5,0.0,27.5,27.8
1210.407,72,109.0,1445.0,25.0,11.0,12.41,83.5,0.0,27.5,27.8
1210.497,72,109.0,1445.0,25.0,11.0,12.41,83.5,0.0,27.5,27.8
1210.587,72,109.0,1445.0,25.0,11.0,12.41,83.5,0.0,27.5,27.8
1210.677,72,109.0,1445.0,25.0,11.0,12.41,83.5,0.0,25.1,27.8
1210.767,72,109.0,1445.0,25.0,11.0,12.41,83.5,0.0,25.1,25.1
1210.857,72,109.0,1445.0,25.0,11.0,12.41,83.5,0.0,25.1,25.1
1210.947,72,108.0,1445.0,25.0,11.0,12.41,83.5,0.0,25.1,25.1
1211.036,72,108.0,1459.0,25.0,11.0,12.41,83.5,0.0,25.1,25.1
1211.127,72,108.0,1459.0,25.0,11.0,12.41,83.5,0.0,25.1,25.1
1211.217,72,108.0,1459.0,25.0,11.0,12.41,83.5,0.0,25.1,25.1
1211.307,72,108.0,1459.0,25.0,11.0,12.16,83.5,0.0,25.1,25.1
1211.397,72,108.0,1459.0,25.0,11.0,12.16,83.5,0.0,25.1,25.1
1211.487,72,108.0,1459.0,25.0,11.0,12.16,83.5,0.0,25.1,25.1
1211.577,72,108.0,1459.0,25.0,11.0,12.16,83.5,0.0,24.7,25.1
1211.667,72,108.0,1459.0,25.0,11.0,12.16,83.5,0.0,24.7,25.5
1211.757,72,108.0,1459.0,25.0,11.0,12.16,83.5,0.0,24.7,25.5
1211.847,72,105.0,1459.0,25.0,11.0,12.16,83.5,0.0,24.7,25.5
1211.937,72,105.0,1450.0,25.0,11.0,12.16,83.5,0.0,24.7,25.5
1212.026,72,105.0,1450.0,25.0,11.0,12.16,83.5,0.0,24.7,25.5
1212.117,72,105.0,1450.0,25.0,11.0,12.16,83.5,0.0,24.7,25.5
1212.207,72,105.0,1450.0,25.0,11.0,12.58,83.5,0.0,24.7,25.5
1212.297,72,105.0,1450.0,25.0,11.0,12.58,83.5,0.0,24.7,25.5
1212.389,72,105.0,1450.0,25.0,11.0,12.58,83.5,0.0,24.7,25.5
1212.477,72,105.0,1450.0,25.0,11.0,12.58,83.5,0.0,29.4,25.5
1212.567,72,105.0,1450.0,25.0,11.0,12.58,83.5,0.0,29.4,29.8
1212.657,72,105.0,1450.0,25.0,11.0,12.58,83.5,0.0,29.4,29.8
1212.747,72,108.0,1450.0,25.0,11.0,12.58,83.5,0.0,29.4,29.8
1212.838,72,108.0,1472.0,25.0,11.0,12.58,83.5,0.0,29.4,29.8
1212.927,72,108.0,1472.0,25.0,11.0,12.58,83.5,0.0,29.4,29.8
1213.046,72,108.0,1472.0,25.0,11.0,12.58,83.5,0.0,29.4,29.8
1213.137,72,108.0,1472.0,25.0,11.0,12.58,83.5,0.0,29.4,29.8
1213.227,72,108.0,1472.0,25.0,11.0,12.58,83.5,0.0,29.4,29.8
1213.317,72,108.0,1472.0,25.0,11.0,12.58,83.5,0.0,29.4,29.8
1213.407,72,108.0,1472.0,25.0,11.0,12.58,83.5,0.0,24.7,29.8
1213.527,72,108.0,1472.0,25.0,11.0,12.58,83.5,0.0,24.7,24.7
1213.617,72,108.0,1472.0,25.0,11.0,12.58,83.5,0.0,24.7,24.7
1213.707,72,110.0,1472.0,25.0,11.0,12.58,83.5,0.0,24.7,24.7
1213.797,72,110.0,1485.0,25.0,11.0,12.58,83.5,0.0,24.7,24.7
1213.888,72,110.0,1485.0,25.0,11.0,12.58,83.5,0.0,24.7,24.7
1213.976,72,110.0,1485.0,25.0,11.0,12.58,83.5,0.0,24.7,24.7
1214.096,72,110.0,1485.0,25.0,11.0,13.08,83.5,0.0,24.7,24.7
1214.187,72,110.0,1485.0,25.0,11.0,13.08,83.5,0.0,24.7,24.7
1214.277,72,110.0,1485.0,25.0,11.0,13.08,83.5,0.0,24.7,24.7
1214.397,72,110.0,1485.0,25.0,11.0,13.08,83.5,0.0,14.5,24.7
1214.487,72,110.0,1485.0,25.0,11.0,13.08,83.5,0.0,14.5,14.5
1214.577,72,110.0,1485.0,25.0,11.0,13.08,83.5,0.0,14.5,14.5
1214.667,72,108.0,1485.0,25.0,11.0,13.08,83.5,0.0,14.5,14.5
1214.757,72,108.0,1419.0,25.0,11.0,13.08,83.5,0.0,14.5,14.5
1214.846,72,108.0,1419.0,24.0,11.0,13.08,83.5,0.0,14.5,14.5
1214.937,72,108.0,1419.0,24.0,11.0,13.08,83.5,0.0,14.5,14.5
1215.026,72,108.0,1419.0,24.0,11.0,12.38,83.5,0.0,14.5,14.5
1215.116,72,108.0,1419.0,24.0,11.0,12.38,83.5,0.0,14.5,14.5
1215.207,72,108.0,1419.0,24.0,11.0,12.38,83.5,0.0,14.5,14.5
1215.297,72,108.0,1419.0,24.0,11.0,12.38,83.5,0.0,22.0,14.5
1215.387,72,108.0,1419.0,24.0,11.0,12.38,83.5,0.0,22.0,21.6
1215.478,72,108.0,1419.0,24.0,11.0,12.38,83.5,0.0,22.0,21.6
1215.567,72,112.0,1419.0,24.0,11.0,12.38,83.5,0.0,22.0,21.6
1215.657,72,112.0,1329.0,24.0,11.0,12.38,83.5,0.0,22.0,21.6
1215.747,72,112.0,1329.0,23.0,11.0,12.38,83.5,0.0,22.0,21.6
1215.837,72,112.0,1329.0,23.0,11.0,12.38,83.5,0.0,22.0,21.6
1215.927,72,112.0,1329.0,23.0,11.0,11.72,83.5,0.0,22.0,21.6
1216.016,72,112.0,1329.0,23.0,11.0,11.72,83.5,0.0,22.0,21.6
1216.106,72,112.0,1329.0,23.0,11.0,11.72,83.5,0.0,22.0,21.6
1216.197,72,112.0,1329.0,23.0,11.0,11.72,83.5,0.0,31.8,21.6
1216.288,72,112.0,1329.0,23.0,11.0,11.72,83.5,0.0,31.8,33.3
1216.377,72,112.0,1329.0,23.0,11.0,11.72,83.5,0.0,31.8,33.3
1216.466,72,110.0,1329.0,23.0,11.0,11.72,83.5,0.0,31.8,33.3
1216.556,72,110.0,1390.0,23.0,11.0,11.72,83.5,0.0,31.8,33.3
1216.646,72,110.0,1390.0,24.0,11.0,11.72,83.5,0.0,31.8,33.3
1216.737,72,110.0,1390.0,24.0,11.0,11.72,83.5,0.0,31.8,33.3
1216.827,72,110.0,1390.0,24.0,11.0,18.55,83.5,0.0,31.8,33.3
1216.917,72,110.0,1390.0,24.0,11.0,18.55,83.5,0.0,31.8,33.3
1217.007,72,110.0,1390.0,24.0,11.0,18.55,83.5,0.0,31.8,33.3
1217.097,72,110.0,1390.0,24.0,11.0,18.55,83.5,0.0,40.8,33.3
1217.187,72,110.0,1390.0,24.0,11.0,18.55,83.5,0.0,40.8,41.6
1217.277,72,110.0,1390.0,24.0,11.0,18.55,83.5,0.0,40.8,41.6
1217.367,72,126.0,1390.0,24.0,11.0,18.55,83.5,0.0,40.8,41.6
1217.457,72,126.0,1569.0,24.0,11.0,18.55,83.5,0.0,40.8,41.6
1217.547,72,126.0,1569.0,27.0,11.0,18.55,83.5,0.0,40.8,41.6
1217.637,72,126.0,1569.0,27.0,12.0,18.55,83.5,0.0,40.8,41.6
1217.727,72,126.0,1569.0,27.0,12.0,22.8,83.5,0.0,40.8,41.6
1217.817,72,126.0,1569.0,27.0,12.0,22.8,83.5,0.0,40.8,41.6
1217.907,72,126.0,1569.0,27.0,12.0,22.8,83.5,0.0,40.8,41.6
1217.997,72,126.0,1569.0,27.0,12.0,22.8,83.5,0.0,41.2,41.6
1218.087,72,126.0,1569.0,27.0,12.0,22.8,83.5,0.0,41.2,41.6
1218.177,72,126.0,1569.0,27.0,12.0,22.8,83.5,0.0,41.2,41.6
1218.267,72,145.0,1569.0,27.0,12.0,22.8,83.5,0.0,41.2,41.6
1218.358,72,145.0,1759.0,27.0,12.0,22.8,83.5,0.0,41.2,41.6
1218.477,72,145.0,1759.0,30.0,12.0,22.8,83.5,0.0,41.2,41.6
1218.566,72,145.0,1759.0,30.0,13.0,22.8,83.5,0.0,41.2,41.6
1218.657,72,145.0,1759.0,30.0,13.0,25.22,83.5,0.0,41.2,41.6
1218.747,72,145.0,1759.0,30.0,13.0,25.22,83.5,0.0,41.2,41.6
1218.837,72,145.0,1759.0,30.0,13.0,25.22,83.5,0.0,41.2,41.6
1218.927,72,145.0,1759.0,30.0,13.0,25.22,83.5,0.0,39.6,41.6
1219.016,72,145.0,1759.0,30.0,13.0,25.22,83.5,0.0,39.6,38.8
1219.107,73,145.0,1759.0,30.0,13.0,25.22,83.5,0.0,39.6,38.8
1219.197,73,140.0,1759.0,30.0,13.0,25.22,83.5,0.0,39.6,38.8
1219.287,73,140.0,1924.0,30.0,13.0,25.22,83.5,0.0,39.6,38.8
1219.376,73,140.0,1924.0,33.0,13.0,25.22,83.5,0.0,39.6,38.8
1219.466,73,140.0,1924.0,33.0,13.0,25.22,83.5,0.0,39.6,38.8
1219.556,73,140.0,1924.0,33.0,13.0,21.94,83.5,0.0,39.6,38.8
1219.647,73,140.0,1924.0,33.0,13.0,21.94,83.5,0.0,39.6,38.8
1219.736,73,140.0,1924.0,33.0,13.0,21.94,83.5,0.0,39.6,38.8
1219.828,73,140.0,1924.0,33.0,13.0,21.94,83.5,0.0,29.0,38.8
1219.917,73,140.0,1924.0,33.0,13.0,21.94,83.5,0.0,29.0,29.0
1220.007,73,140.0,1924.0,33.0,13.0,21.94,83.5,0.0,29.0,29.0
1220.096,73,116.0,1924.0,33.0,13.0,21.94,83.5,0.0,29.0,29.0
1220.187,73,116.0,1960.0,33.0,13.0,21.94,83.5,0.0,29.0,29.0
1220.277,73,116.0,1960.0,34.0,13.0,21.94,83.5,0.0,29.0,29.0
1220.367,73,116.0,1960.0,34.0,13.0,21.94,83.5,0.0,29.0,29.0
1220.457,73,116.0,1960.0,34.0,13.0,18.49,83.5,0.0,29.0,29.0
1220.547,73,116.0,1960.0,34.0,13.0,18.49,83.5,0.0,29.0,29.0
1220.636,73,116.0,1960.0,34.0,13.0,18.49,83.5,0.0,29.0,29.0
1220.727,73,116.0,1960.0,34.0,13.0,18.49,83.5,0.0,28.6,29.0
1220.817,73,116.0,1960.0,34.0,13.0,18.49,83.5,0.0,28.6,29.0
1220.909,73,116.0,1960.0,34.0,13.0,18.49,83.5,0.0,28.6,29.0
1220.997,73,111.0,1960.0,34.0,13.0,18.49,83.5,0.0,28.6,29.0
1221.086,73,111.0,1945.0,34.0,13.0,18.49,83.5,0.0,28.6,29.0
1221.176,73,111.0,1945.0,33.0,13.0,18.49,83.5,0.0,28.6,29.0
1221.267,73,111.0,1945.0,33.0,12.0,18.49,83.5,0.0,28.6,29.0
1221.357,73,111.0,1945.0,33.0,12.0,18.05,83.5,0.0,28.6,29.0
1221.447,73,111.0,1945.0,33.0,12.0,18.05,83.5,0.0,28.6,29.0
1221.536,73,111.0,1945.0,33.0,12.0,18.05,83.5,0.0,28.6,29.0
1221.627,73,111.0,1945.0,33.0,12.0,18.05,83.5,0.0,29.0,29.0
1221.717,73,111.0,1945.0,33.0,12.0,18.05,83.5,0.0,29.0,29.0
1221.807,73,111.0,1945.0,33.0,12.0,18.05,83.5,0.0,29.0,29.0
1221.897,73,114.0,1945.0,33.0,12.0,18.05,83.5,0.0,29.0,29.0
1221.986,73,114.0,1934.0,33.0,12.0,18.05,83.5,0.0,29.0,29.0
1222.076,73,114.0,1934.0,33.0,12.0,18.05,83.5,0.0,29.0,29.0
1222.166,73,114.0,1934.0,33.0,11.0,18.05,83.5,0.0,29.0,29.0
1222.256,73,114.0,1934.0,33.0,11.0,18.58,83.5,0.0,29.0,29.0
1222.352,73,114.0,1934.0,33.0,11.0,18.58,83.5,0.0,29.0,29.0
1222.436,73,114.0,1934.0,33.0,11.0,18.58,83.5,0.0,29.0,29.0
1222.527,73,114.0,1934.0,33.0,11.0,18.58,83.5,0.0,27.8,29.0
1222.617,73,114.0,1934.0,33.0,11.0,18.58,83.5,0.0,27.8,27.8
1222.737,73,114.0,1934.0,33.0,11.0,18.58,83.5,0.0,27.8,27.8
1222.827,73,115.0,1934.0,33.0,11.0,18.58,83.5,0.0,27.8,27.8
1222.917,73,115.0,1919.0,33.0,11.0,18.58,83.5,0.0,27.8,27.8
1223.006,73,115.0,1919.0,33.0,11.0,18.58,83.5,0.0,27.8,27.8
1223.096,73,115.0,1919.0,33.0,11.0,18.58,83.5,0.0,27.8,27.8
1223.186,73,115.0,1919.0,33.0,11.0,18.44,83.5,0.0,27.8,27.8
1223.277,73,115.0,1919.0,33.0,11.0,18.44,83.5,0.0,27.8,27.8
1223.367,73,115.0,1919.0,33.0,11.0,18.44,83.5,0.0,27.8,27.8
1223.486,73,115.0,1919.0,33.0,11.0,18.44,83.5,0.0,24.3,27.8
1223.577,73,115.0,1919.0,33.0,11.0,18.44,83.5,0.0,24.3,23.1
1223.667,73,115.0,1919.0,33.0,11.0,18.44,83.5,0.0,24.3,23.1
1223.757,73,112.0,1919.0,33.0,11.0,18.44,83.5,0.0,24.3,23.1
1223.847,73,112.0,1878.0,33.0,11.0,18.44,83.5,0.0,24.3,23.1
1223.937,73,112.0,1878.0,32.0,11.0,18.44,83.5,0.0,24.3,23.1
1224.026,73,112.0,1878.0,32.0,11.0,18.44,83.5,0.0,24.3,23.1
1224.116,73,112.0,1878.0,32.0,11.0,18.47,83.5,0.0,24.3,23.1
1224.207,73,112.0,1878.0,32.0,11.0,18.47,83.5,0.0,24.3,23.1
1224.297,73,112.0,1878.0,32.0,11.0,18.47,83.5,0.0,24.3,23.1
1224.387,73,112.0,1878.0,32.0,11.0,18.47,83.5,0.0,14.1,23.1
1224.477,73,112.0,1878.0,32.0,11.0,18.47,83.5,0.0,14.1,14.5
1224.567,73,112.0,1878.0,32.0,11.0,18.47,83.5,0.0,14.1,14.5
1224.657,73,118.0,1878.0,32.0,11.0,18.47,83.5,0.0,14.1,14.5
1224.747,73,118.0,1736.0,32.0,11.0,18.47,83.5,0.0,14.1,14.5
1224.837,73,118.0,1736.0,30.0,11.0,18.47,83.5,0.0,14.1,14.5
1224.927,73,118.0,1736.0,30.0,11.0,18.47,83.5,0.0,14.1,14.5
1225.016,73,118.0,1736.0,30.0,11.0,16.97,83.5,0.0,14.1,14.5
1225.106,73,118.0,1736.0,30.0,11.0,16.97,83.5,0.0,14.1,14.5
1225.197,73,118.0,1736.0,30.0,11.0,16.97,83.5,0.0,14.1,14.5
1225.287,73,118.0,1736.0,30.0,11.0,16.97,83.5,0.0,14.1,14.5
1225.386,73,118.0,1736.0,30.0,11.0,16.97,83.5,0.0,14.1,14.5
1225.466,73,118.0,1736.0,30.0,11.0,16.97,83.5,0.0,14.1,14.5
1225.556,73,119.0,1736.0,30.0,11.0,16.97,83.5,0.0,14.1,14.5
1225.647,73,119.0,1204.0,30.0,11.0,16.97,83.5,0.0,14.1,14.5
1225.737,73,119.0,1204.0,26.0,11.0,16.97,83.5,0.0,14.1,14.5
1225.827,73,119.0,1204.0,26.0,10.0,16.97,83.5,0.0,14.1,14.5
1225.917,73,119.0,1204.0,26.0,10.0,7.72,83.5,0.0,14.1,14.5
1226.006,73,119.0,1204.0,26.0,10.0,7.72,83.5,0.0,14.1,14.5
1226.096,73,119.0,1204.0,26.0,10.0,7.72,83.5,0.0,14.1,14.5
1226.187,73,119.0,1204.0,26.0,10.0,7.72,83.5,0.0,14.1,14.5
1226.277,73,119.0,1204.0,26.0,10.0,7.72,83.5,0.0,14.1,14.5
1226.367,73,119.0,1204.0,26.0,10.0,7.72,83.5,0.0,14.1,14.5
1226.457,73,111.0,1204.0,26.0,10.0,7.72,83.5,0.0,14.1,14.5
1226.547,73,111.0,891.0,26.0,10.0,7.72,83.5,0.0,14.1,14.5
1226.637,73,111.0,891.0,22.0,10.0,7.72,83.5,0.0,14.1,14.5
1226.727,73,111.0,891.0,22.0,7.0,7.72,83.5,0.0,14.1,14.5
1226.817,73,111.0,891.0,22.0,7.0,9.16,83.5,0.0,14.1,14.5
1226.906,73,111.0,891.0,22.0,7.0,9.16,83.5,0.0,14.1,14.5
1226.996,73,111.0,891.0,22.0,7.0,9.16,83.5,0.0,14.1,14.5
1227.087,73,111.0,891.0,22.0,7.0,9.16,83.5,0.0,14.1,14.5
1227.177,73,111.0,891.0,22.0,7.0,9.16,83.5,0.0,14.1,14.5
1227.267,73,111.0,891.0,22.0,7.0,9.16,83.5,0.0,14.1,14.5
1227.357,73,107.0,891.0,22.0,7.0,9.16,83.5,0.0,14.1,14.5
1227.477,73,107.0,894.0,22.0,7.0,9.16,83.5,0.0,14.1,14.5
1227.567,73,107.0,894.0,18.0,7.0,9.16,83.5,0.0,14.1,14.5
1227.657,73,107.0,894.0,18.0,7.0,9.16,83.5,0.0,14.1,14.5
1227.747,73,107.0,894.0,18.0,7.0,8.41,83.5,0.0,14.1,14.5
1227.837,73,107.0,894.0,18.0,7.0,8.41,83.5,0.0,14.1,14.5
1227.926,73,107.0,894.0,18.0,7.0,8.41,83.5,0.0,14.1,14.5
1228.016,73,107.0,894.0,18.0,7.0,8.41,83.5,0.0,14.1,14.5
1228.106,73,107.0,894.0,18.0,7.0,8.41,83.5,0.0,14.1,14.5
1228.196,73,107.0,894.0,18.0,7.0,8.41,83.5,0.0,14.1,14.5
1228.287,73,106.0,894.0,18.0,7.0,8.41,83.5,0.0,14.1,14.5
1228.377,73,106.0,893.0,18.0,7.0,8.41,83.5,0.0,14.1,14.5
1228.557,73,106.0,893.0,14.0,7.0,8.41,83.5,0.0,14.1,14.5
1228.647,73,106.0,893.0,14.0,5.0,8.41,83.5,0.0,14.1,14.5
1228.737,73,106.0,893.0,14.0,5.0,8.41,83.5,0.0,14.1,14.5
1228.827,73,106.0,893.0,14.0,5.0,8.41,83.5,0.0,14.1,14.5
1228.917,73,106.0,893.0,14.0,5.0,8.41,83.5,0.0,14.1,14.5
1229.006,73,106.0,893.0,14.0,5.0,8.41,83.5,0.0,14.1,14.5
1229.097,73,106.0,893.0,14.0,5.0,8.41,83.5,0.0,14.1,14.5
1229.187,73,106.0,893.0,14.0,5.0,8.41,83.5,0.0,14.1,14.5
1229.277,73,105.0,893.0,14.0,5.0,8.41,83.5,0.0,14.1,14.5
1229.367,73,105.0,898.0,14.0,5.0,8.41,83.5,0.0,14.1,14.5
1229.457,73,105.0,898.0,8.0,5.0,8.41,83.5,0.0,14.1,14.5
1229.547,73,105.0,898.0,8.0,5.0,8.41,83.5,0.0,14.1,14.5
1229.637,73,105.0,898.0,8.0,5.0,8.36,83.5,0.0,14.1,14.5
1229.726,73,105.0,898.0,8.0,5.0,8.36,83.5,0.0,14.1,14.5
1229.817,73,105.0,898.0,8.0,5.0,8.36,83.5,0.0,14.1,14.5
1229.907,73,105.0,898.0,8.0,5.0,8.36,83.5,0.0,14.1,14.5
1229.997,73,105.0,898.0,8.0,5.0,8.36,83.5,0.0,14.1,14.5
1230.086,73,105.0,898.0,8.0,5.0,8.36,83.5,0.0,14.1,14.5
1230.177,73,105.0,898.0,8.0,5.0,8.36,83.5,0.0,14.1,14.5
1230.267,73,105.0,899.0,8.0,5.0,8.36,83.5,0.0,14.1,14.5
1230.357,73,105.0,899.0,4.0,5.0,8.36,83.5,0.0,14.1,14.5
1230.447,73,105.0,899.0,4.0,6.0,8.36,83.5,0.0,14.1,14.5
1230.536,73,105.0,899.0,4.0,6.0,8.08,83.5,0.0,14.1,14.5
1230.629,73,105.0,899.0,4.0,6.0,8.08,83.5,0.0,14.1,14.5
1230.716,73,105.0,899.0,4.0,6.0,8.08,83.5,0.0,14.1,14.5
1230.837,73,105.0,899.0,4.0,6.0,8.08,83.5,0.0,14.1,14.5
1230.928,73,105.0,899.0,4.0,6.0,8.08,83.5,0.0,14.1,14.5
1231.016,73,105.0,899.0,4.0,6.0,8.08,83.5,0.0,14.1,14.5
1231.106,73,105.0,899.0,4.0,6.0,8.08,83.5,0.0,14.1,14.5
1231.197,73,105.0,854.0,4.0,6.0,8.08,83.5,0.0,14.1,14.5
1231.286,73,105.0,854.0,2.0,6.0,8.08,83.5,0.0,14.1,14.5
1231.376,73,105.0,854.0,2.0,6.0,8.08,83.5,0.0,14.1,14.5
1231.466,73,105.0,854.0,2.0,6.0,7.44,83.5,0.0,14.1,14.5
1231.557,73,105.0,854.0,2.0,6.0,7.44,83.5,0.0,14.1,14.5
1231.647,73,105.0,854.0,2.0,6.0,7.44,83.5,0.0,14.1,14.5
1231.738,73,105.0,854.0,2.0,6.0,7.44,83.5,0.0,14.1,14.5
1231.828,73,105.0,854.0,2.0,6.0,7.44,83.5,0.0,14.1,14.5
1231.92,73,105.0,854.0,2.0,6.0,7.44,83.5,0.0,14.1,14.5
1232.006,73,104.0,854.0,2.0,6.0,7.44,83.5,0.0,14.1,14.5
1232.096,73,104.0,760.0,2.0,6.0,7.44,83.5,0.0,14.1,14.5
1232.186,73,104.0,760.0,1.0,6.0,7.44,83.5,0.0,14.1,14.5
1232.276,73,104.0,760.0,1.0,5.0,7.44,83.5,0.0,14.1,14.5
1232.367,73,104.0,760.0,1.0,5.0,7.41,83.5,0.0,14.1,14.5
1232.487,73,104.0,760.0,1.0,5.0,7.41,83.5,0.0,14.1,14.5
1232.577,73,104.0,760.0,1.0,5.0,7.41,83.5,0.0,14.1,14.5
1232.667,73,104.0,760.0,1.0,5.0,7.41,83.5,0.0,14.5,14.5
1232.758,73,104.0,760.0,1.0,5.0,7.41,83.5,0.0,14.5,14.5
1232.848,73,104.0,760.0,1.0,5.0,7.41,83.5,0.0,14.5,14.5
1232.937,73,103.0,760.0,1.0,5.0,7.41,83.5,0.0,14.5,14.5
1233.026,73,103.0,765.0,1.0,5.0,7.41,83.5,0.0,14.5,14.5
1233.116,73,103.0,765.0,0.0,5.0,7.41,83.5,0.0,14.5,14.5
1233.207,73,103.0,765.0,0.0,5.0,7.41,83.5,0.0,14.5,14.5
1233.298,73,103.0,765.0,0.0,5.0,7.33,83.5,0.0,14.5,14.5
1233.387,73,103.0,765.0,0.0,5.0,7.33,83.5,0.0,14.5,14.5
1233.477,73,103.0,765.0,0.0,5.0,7.33,83.5,0.0,14.5,14.5
1233.567,73,103.0,765.0,0.0,5.0,7.33,83.5,0.0,14.1,14.5
1233.657,73,103.0,765.0,0.0,5.0,7.33,83.5,0.0,14.1,14.5
1233.747,73,103.0,765.0,0.0,5.0,7.33,83.5,0.0,14.1,14.5
1233.838,73,103.0,765.0,0.0,5.0,7.33,83.5,0.0,14.1,14.5
1233.927,73,103.0,767.0,0.0,5.0,7.33,83.5,0.0,14.1,14.5
1234.016,73,103.0,767.0,0.0,5.0,7.33,83.5,0.0,14.1,14.5
1234.107,73,103.0,767.0,0.0,6.0,7.33,83.5,0.0,14.1,14.5
1234.198,73,103.0,767.0,0.0,6.0,7.72,83.5,0.0,14.1,14.5
1234.287,73,103.0,767.0,0.0,6.0,7.72,83.5,0.0,14.1,14.5
1234.376,73,103.0,767.0,0.0,6.0,7.72,83.5,0.0,14.1,14.5
1234.469,73,103.0,767.0,0.0,6.0,7.72,83.5,0.0,15.3,14.5
1234.567,73,103.0,767.0,0.0,6.0,7.72,83.5,0.0,15.3,14.9
1234.646,73,103.0,767.0,0.0,6.0,7.72,83.5,0.0,15.3,14.9
1234.738,73,104.0,767.0,0.0,6.0,7.72,83.5,0.0,15.3,14.9
1234.827,73,104.0,900.0,0.0,6.0,7.72,83.5,0.0,15.3,14.9
1234.918,73,104.0,900.0,0.0,6.0,7.72,83.5,0.0,15.3,14.9
1235.006,73,104.0,900.0,0.0,7.0,7.72,83.5,0.0,15.3,14.9
1235.125,73,104.0,900.0,0.0,7.0,8.52,83.5,0.0,15.3,14.9
1235.216,73,104.0,900.0,0.0,7.0,8.52,83.5,0.0,15.3,14.9
1235.305,73,104.0,900.0,0.0,7.0,8.52,83.5,0.0,15.3,14.9
1235.396,73,104.0,900.0,0.0,7.0,8.52,83.5,0.0,14.1,14.9
1235.486,73,104.0,900.0,0.0,7.0,8.52,83.5,0.0,14.1,14.5
1235.577,73,104.0,900.0,0.0,7.0,8.52,83.5,0.0,14.1,14.5
1235.667,73,105.0,900.0,0.0,7.0,8.52,83.5,0.0,14.1,14.5
1235.757,73,105.0,993.0,0.0,7.0,8.52,83.5,0.0,14.1,14.5
1235.847,73,105.0,993.0,2.0,7.0,8.52,83.5,0.0,14.1,14.5
1235.938,73,105.0,993.0,2.0,8.0,8.52,83.5,0.0,14.1,14.5
1236.026,73,105.0,993.0,2.0,8.0,8.88,83.5,0.0,14.1,14.5
1236.116,73,105.0,993.0,2.0,8.0,8.88,83.5,0.0,14.1,14.5
1236.206,73,105.0,993.0,2.0,8.0,8.88,83.5,0.0,14.1,14.5
1236.299,73,105.0,993.0,2.0,8.0,8.88,83.5,0.0,14.5,14.5
1236.387,73,105.0,993.0,2.0,8.0,8.88,83.5,0.0,14.5,14.5
1236.477,73,105.0,993.0,2.0,8.0,8.88,83.5,0.0,14.5,14.5
1236.567,73,106.0,993.0,2.0,8.0,8.88,83.5,0.0,14.5,14.5
1236.658,73,106.0,941.0,2.0,8.0,8.88,83.5,0.0,14.5,14.5
1236.747,73,106.0,941.0,3.0,8.0,8.88,83.5,0.0,14.5,14.5
1236.837,73,106.0,941.0,3.0,8.0,8.88,83.5,0.0,14.5,14.5
1236.926,73,106.0,941.0,3.0,8.0,8.94,83.5,0.0,14.5,14.5
1237.047,73,106.0,941.0,3.0,8.0,8.94,83.5,0.0,14.5,14.5
1237.138,73,106.0,941.0,3.0,8.0,8.94,83.5,0.0,14.5,14.5
1237.227,73,106.0,941.0,3.0,8.0,8.94,83.5,0.0,14.5,14.5
1237.317,73,106.0,941.0,3.0,8.0,8.94,83.5,0.0,14.5,14.5
1237.406,73,106.0,941.0,3.0,8.0,8.94,83.5,0.0,14.5,14.5
1237.496,73,107.0,941.0,3.0,8.0,8.94,83.5,0.0,14.5,14.5
1237.586,73,107.0,900.0,3.0,8.0,8.94,83.5,0.0,14.5,14.5
1237.676,73,107.0,900.0,6.0,8.0,8.94,83.5,0.0,14.5,14.5
1237.767,73,107.0,900.0,6.0,9.0,8.94,83.5,0.0,14.5,14.5
1237.856,73,107.0,900.0,6.0,9.0,9.27,83.5,0.0,14.5,14.5
1237.946,73,107.0,900.0,6.0,9.0,9.27,83.5,0.0,14.5,14.5
1238.036,73,107.0,900.0,6.0,9.0,9.27,83.5,0.0,14.5,14.5
1238.126,73,107.0,900.0,6.0,9.0,9.27,83.5,0.0,15.3,14.5
1238.216,73,107.0,900.0,6.0,9.0,9.27,83.5,0.0,15.3,15.3
1238.306,73,107.0,900.0,6.0,9.0,9.27,83.5,0.0,15.3,15.3
1238.396,73,107.0,900.0,6.0,9.0,9.27,83.5,0.0,15.3,15.3
1238.516,73,107.0,1022.0,6.0,9.0,9.27,83.5,0.0,15.3,15.3
1238.606,73,107.0,1022.0,9.0,9.0,9.27,83.5,0.0,15.3,15.3
1238.696,73,107.0,1022.0,9.0,9.0,9.27,83.5,0.0,15.3,15.3
1238.787,73,107.0,1022.0,9.0,9.0,12.72,83.5,0.0,15.3,15.3
1238.906,73,107.0,1022.0,9.0,9.0,12.72,83.5,0.0,15.3,15.3
1238.997,73,107.0,1022.0,9.0,9.0,12.72,83.5,0.0,15.3,15.3
1239.086,73,107.0,1022.0,9.0,9.0,12.72,83.5,0.0,25.9,15.3
1239.177,73,107.0,1022.0,9.0,9.0,12.72,83.5,0.0,25.9,26.3
1239.267,73,107.0,1022.0,9.0,9.0,12.72,83.5,0.0,25.9,26.3
1239.358,73,112.0,1022.0,9.0,9.0,12.72,83.5,0.0,25.9,26.3
1239.45,73,112.0,1328.0,9.0,9.0,12.72,83.5,0.0,25.9,26.3
1239.538,73,112.0,1328.0,11.0,9.0,12.72,83.5,0.0,25.9,26.3
1239.627,73,112.0,1328.0,11.0,11.0,12.72,83.5,0.0,25.9,26.3
1239.718,73,112.0,1328.0,11.0,11.0,13.72,83.5,0.0,25.9,26.3
1239.806,73,112.0,1328.0,11.0,11.0,13.72,83.5,0.0,25.9,26.3
1239.901,73,112.0,1328.0,11.0,11.0,13.72,83.5,0.0,25.9,26.3
1239.986,73,112.0,1328.0,11.0,11.0,13.72,83.5,0.0,26.7,26.3
1240.076,73,112.0,1328.0,11.0,11.0,13.72,83.5,0.0,26.7,25.5
1240.166,73,112.0,1328.0,11.0,11.0,13.72,83.5,0.0,26.7,25.5
1240.257,73,114.0,1328.0,11.0,11.0,13.72,83.5,0.0,26.7,25.5
1240.347,73,114.0,1452.0,11.0,11.0,13.72,83.5,0.0,26.7,25.5
1240.437,73,114.0,1452.0,13.0,11.0,13.72,83.5,0.0,26.7,25.5
1240.526,73,114.0,1452.0,13.0,12.0,13.72,83.5,0.0,26.7,25.5
1240.617,73,114.0,1452.0,13.0,12.0,12.52,83.5,0.0,26.7,25.5
1240.707,73,114.0,1452.0,13.0,12.0,12.52,83.5,0.0,26.7,25.5
1240.798,73,114.0,1452.0,13.0,12.0,12.52,83.5,0.0,26.7,25.5
1240.886,73,114.0,1452.0,13.0,12.0,12.52,83.5,0.0,14.1,25.5
1240.979,73,114.0,1452.0,13.0,12.0,12.52,83.5,0.0,14.1,14.5
1241.097,73,114.0,1452.0,13.0,12.0,12.52,83.5,0.0,14.1,14.5
1241.187,73,110.0,1452.0,13.0,12.0,12.52,83.5,0.0,14.1,14.5
1241.277,73,110.0,1268.0,13.0,12.0,12.52,83.5,0.0,14.1,14.5
1241.366,73,110.0,1268.0,11.0,12.0,12.52,83.5,0.0,14.1,14.5
1241.456,73,110.0,1268.0,11.0,12.0,12.52,83.5,0.0,14.1,14.5
1241.546,73,110.0,1268.0,11.0,12.0,10.16,83.5,0.0,14.1,14.5
1241.637,73,110.0,1268.0,11.0,12.0,10.16,83.5,0.0,14.1,14.5
1241.699,73,110.0,1268.0,11.0,12.0,10.16,83.5,0.0,14.1,14.5
1241.787,73,110.0,1268.0,11.0,12.0,10.16,83.5,0.0,14.1,14.5
1241.878,73,110.0,1268.0,11.0,12.0,10.16,83.5,0.0,14.1,14.5
1241.967,73,110.0,1268.0,11.0,12.0,10.16,83.5,0.0,14.1,14.5
1242.057,73,110.0,1268.0,11.0,12.0,10.16,83.5,0.0,14.1,14.5
1242.147,73,110.0,1016.0,11.0,12.0,10.16,83.5,0.0,14.1,14.5
1242.267,73,110.0,1016.0,9.0,12.0,10.16,83.5,0.0,14.1,14.5
1242.357,73,110.0,1016.0,9.0,10.0,10.16,83.5,0.0,14.1,14.5
1242.447,73,110.0,1016.0,9.0,10.0,9.13,83.5,0.0,14.1,14.5
1242.537,73,110.0,1016.0,9.0,10.0,9.13,83.5,0.0,14.1,14.5
1242.627,73,110.0,1016.0,9.0,10.0,9.13,83.5,0.0,14.1,14.5
1242.717,73,110.0,1016.0,9.0,10.0,9.13,83.5,0.0,19.6,14.5
1242.806,73,110.0,1016.0,9.0,10.0,9.13,83.5,0.0,19.6,20.0
1242.898,73,110.0,1016.0,9.0,10.0,9.13,83.5,0.0,19.6,20.0
1242.986,73,108.0,1016.0,9.0,10.0,9.13,83.5,0.0,19.6,20.0
1243.076,73,108.0,980.0,9.0,10.0,9.13,83.5,0.0,19.6,20.0
1243.166,73,108.0,980.0,8.0,10.0,9.13,83.5,0.0,19.6,20.0
1243.257,73,108.0,980.0,8.0,8.0,9.13,83.5,0.0,19.6,20.0
1243.346,73,108.0,980.0,8.0,8.0,12.02,83.5,0.0,19.6,20.0
1243.436,73,108.0,980.0,8.0,8.0,12.02,83.5,0.0,19.6,20.0
1243.526,73,108.0,980.0,8.0,8.0,12.02,83.5,0.0,19.6,20.0
1243.616,73,108.0,980.0,8.0,8.0,12.02,83.5,0.0,34.5,20.0
1243.706,73,108.0,980.0,8.0,8.0,12.02,83.5,0.0,34.5,37.6
1243.798,73,108.0,980.0,8.0,8.0,12.02,83.5,0.0,34.5,37.6
1243.894,73,111.0,980.0,8.0,8.0,12.02,83.5,0.0,34.5,37.6
1243.976,73,111.0,1431.0,8.0,8.0,12.02,83.5,0.0,34.5,37.6
1244.066,73,111.0,1431.0,12.0,8.0,12.02,83.5,0.0,34.5,37.6
1244.186,73,111.0,1431.0,12.0,12.0,12.02,83.5,0.0,34.5,37.6
1244.278,73,111.0,1431.0,12.0,12.0,29.74,83.5,0.0,34.5,37.6
1244.366,73,111.0,1431.0,12.0,12.0,29.74,83.5,0.0,34.5,37.6
1244.457,73,111.0,1431.0,12.0,12.0,29.74,83.5,0.0,34.5,37.6
1244.547,73,111.0,1431.0,12.0,12.0,29.74,83.5,0.0,42.4,37.6
1244.638,73,111.0,1431.0,12.0,12.0,29.74,83.5,0.0,42.4,22.0
1244.727,73,111.0,1431.0,12.0,12.0,29.74,83.5,0.0,42.4,22.0
1244.817,73,133.0,1431.0,12.0,12.0,29.74,83.5,0.0,42.4,22.0
1244.906,73,133.0,1953.0,12.0,12.0,29.74,83.5,0.0,42.4,22.0
1245.026,73,133.0,1953.0,20.0,12.0,29.74,83.5,0.0,42.4,22.0
1245.117,73,133.0,1953.0,20.0,15.0,29.74,83.5,0.0,42.4,22.0
1245.206,73,133.0,1953.0,20.0,15.0,27.44,83.5,0.0,42.4,22.0
1245.297,73,133.0,1953.0,20.0,15.0,27.44,31.0,0.0,42.4,22.0
1245.387,73,133.0,1953.0,20.0,15.0,27.44,31.0,0.0,42.4,22.0
1245.477,73,133.0,1953.0,20.0,15.0,27.44,31.0,0.0,14.1,22.0
1245.566,73,133.0,1953.0,20.0,15.0,27.44,31.0,0.0,14.1,14.1
1245.657,73,133.0,1953.0,20.0,15.0,27.44,31.0,0.0,14.1,14.1
1245.747,73,108.0,1953.0,20.0,15.0,27.44,31.0,0.0,14.1,14.1
1245.838,73,108.0,990.0,20.0,15.0,27.44,31.0,0.0,14.1,14.1
1245.926,73,108.0,990.0,22.0,15.0,27.44,31.0,0.0,14.1,14.1
1246.016,73,108.0,990.0,22.0,14.0,27.44,31.0,0.0,14.1,14.1
1246.106,73,108.0,990.0,22.0,14.0,7.36,31.0,0.0,14.1,14.1
1246.197,73,108.0,990.0,22.0,14.0,7.36,83.5,0.0,14.1,14.1
1246.286,73,108.0,990.0,22.0,14.0,7.36,83.5,0.0,14.1,14.1
1246.377,73,108.0,990.0,22.0,14.0,7.36,83.5,0.0,14.1,14.1
1246.466,73,108.0,990.0,22.0,14.0,7.36,83.5,0.0,14.1,14.5
1246.557,73,108.0,990.0,22.0,14.0,7.36,83.5,0.0,14.1,14.5
1246.647,73,107.0,990.0,22.0,14.0,7.36,83.5,0.0,14.1,14.5
1246.736,73,107.0,894.0,22.0,14.0,7.36,83.5,0.0,14.1,14.5
1246.801,73,107.0,894.0,24.0,14.0,7.36,83.5,0.0,14.1,14.5
1246.887,73,107.0,894.0,24.0,7.0,7.36,83.5,0.0,14.1,14.5
1246.976,73,107.0,894.0,24.0,7.0,8.69,83.5,0.0,14.1,14.5
1247.066,73,107.0,894.0,24.0,7.0,8.69,83.5,0.0,14.1,14.5
1247.157,73,107.0,894.0,24.0,7.0,8.69,83.5,0.0,14.1,14.5
1247.247,73,107.0,894.0,24.0,7.0,8.69,83.5,0.0,14.1,14.5
1247.336,73,107.0,894.0,24.0,7.0,8.69,83.5,0.0,14.1,14.5
1247.427,73,107.0,894.0,24.0,7.0,8.69,83.5,0.0,14.1,14.5
1247.516,73,106.0,894.0,24.0,7.0,8.69,83.5,0.0,14.1,14.5
1247.607,73,106.0,894.0,24.0,7.0,8.69,83.5,0.0,14.1,14.5
1247.697,73,106.0,894.0,27.0,7.0,8.69,83.5,0.0,14.1,14.5
1247.786,73,106.0,894.0,27.0,7.0,8.69,83.5,0.0,14.1,14.5
1247.876,73,106.0,894.0,27.0,7.0,8.22,83.5,0.0,14.1,14.5
1247.966,73,106.0,894.0,27.0,7.0,8.22,83.5,0.0,14.1,14.5
1248.056,73,106.0,894.0,27.0,7.0,8.22,83.5,0.0,14.1,14.5
1248.146,73,106.0,894.0,27.0,7.0,8.22,83.5,0.0,14.1,14.5
1248.236,73,106.0,894.0,27.0,7.0,8.22,83.5,0.0,14.1,14.5
1248.327,73,106.0,894.0,27.0,7.0,8.22,83.5,0.0,14.1,14.5
1248.416,73,106.0,894.0,27.0,7.0,8.22,83.5,0.0,14.1,14.5
1248.509,73,106.0,898.0,27.0,7.0,8.22,83.5,0.0,14.1,14.5
1248.597,73,106.0,898.0,28.0,7.0,8.22,83.5,0.0,14.1,14.5
1248.686,73,106.0,898.0,28.0,7.0,8.22,83.5,0.0,14.1,14.5
1248.777,73,106.0,898.0,28.0,7.0,8.36,83.5,0.0,14.1,14.5
1248.868,73,106.0,898.0,28.0,7.0,8.36,83.5,0.0,14.1,14.5
1248.956,73,106.0,898.0,28.0,7.0,8.36,83.5,0.0,14.1,14.5
1249.047,73,106.0,898.0,28.0,7.0,8.36,83.5,0.0,14.1,14.5
1249.136,73,106.0,898.0,28.0,7.0,8.36,83.5,0.0,14.1,14.5
1249.197,73,106.0,898.0,28.0,7.0,8.36,83.5,0.0,14.1,14.5
1249.287,73,105.0,898.0,28.0,7.0,8.36,83.5,0.0,14.1,14.5
1249.376,73,105.0,897.0,28.0,7.0,8.36,83.5,0.0,14.1,14.5
1249.466,73,105.0,897.0,27.0,7.0,8.36,83.5,0.0,14.1,14.5
1249.556,73,105.0,897.0,27.0,7.0,8.36,83.5,0.0,14.1,14.5
1249.647,73,105.0,897.0,27.0,7.0,8.41,83.5,0.0,14.1,14.5
1249.736,73,105.0,897.0,27.0,7.0,8.41,83.5,0.0,14.1,14.5
1249.828,73,105.0,897.0,27.0,7.0,8.41,83.5,0.0,14.1,14.5
1249.919,73,105.0,897.0,27.0,7.0,8.41,83.5,0.0,14.1,14.5
1250.036,73,105.0,897.0,27.0,7.0,8.41,83.5,0.0,14.1,14.5
1250.097,73,105.0,897.0,27.0,7.0,8.41,83.5,0.0,14.1,14.5
1250.186,73,105.0,897.0,27.0,7.0,8.41,83.5,0.0,14.1,14.5
1250.277,73,105.0,900.0,27.0,7.0,8.41,83.5,0.0,14.1,14.5
1250.366,73,105.0,900.0,24.0,7.0,8.41,83.5,0.0,14.1,14.5
1250.456,73,105.0,900.0,24.0,7.0,8.41,83.5,0.0,14.1,14.5
1250.55,73,105.0,900.0,24.0,7.0,8.19,83.5,0.0,14.1,14.5
1250.637,73,105.0,900.0,24.0,7.0,8.19,83.5,0.0,14.1,14.5
1250.726,73,105.0,900.0,24.0,7.0,8.19,83.5,0.0,14.1,14.5
1250.817,73,105.0,900.0,24.0,7.0,8.19,83.5,0.0,14.1,14.5
1250.906,73,105.0,900.0,24.0,7.0,8.19,83.5,0.0,14.1,14.5
1250.999,73,105.0,900.0,24.0,7.0,8.19,83.5,0.0,14.1,14.5
1251.086,73,105.0,900.0,24.0,7.0,8.19,83.5,0.0,14.1,14.5
1251.148,73,105.0,899.0,24.0,7.0,8.19,83.5,0.0,14.1,14.5
1251.236,73,105.0,899.0,17.0,7.0,8.19,83.5,0.0,14.1,14.5
1251.299,73,105.0,899.0,17.0,7.0,8.19,83.5,0.0,14.1,14.5
1251.386,73,105.0,899.0,17.0,7.0,8.3,83.5,0.0,14.1,14.5
1251.476,73,105.0,899.0,17.0,7.0,8.3,83.5,0.0,14.1,14.5
1251.567,73,105.0,899.0,17.0,7.0,8.3,83.5,0.0,14.1,14.5
1251.656,73,105.0,899.0,17.0,7.0,8.3,83.5,0.0,14.1,14.5
1251.746,73,105.0,899.0,17.0,7.0,8.3,83.5,0.0,14.1,14.5
1251.839,73,105.0,899.0,17.0,7.0,8.3,83.5,0.0,14.1,14.5
1251.898,73,105.0,899.0,17.0,7.0,8.3,83.5,0.0,14.1,14.5
1251.986,73,105.0,899.0,17.0,7.0,8.3,83.5,0.0,14.1,14.5
1252.05,73,105.0,899.0,7.0,7.0,8.3,83.5,0.0,14.1,14.5
1252.136,73,105.0,899.0,7.0,7.0,8.3,83.5,0.0,14.1,14.5
1252.226,73,105.0,899.0,7.0,7.0,8.27,83.5,0.0,14.1,14.5
1252.316,73,105.0,899.0,7.0,7.0,8.27,83.5,0.0,14.1,14.5
1252.406,73,105.0,899.0,7.0,7.0,8.27,83.5,0.0,14.1,14.5
1252.496,73,105.0,899.0,7.0,7.0,8.27,83.5,0.0,14.5,14.5
1252.587,73,105.0,899.0,7.0,7.0,8.27,83.5,0.0,14.5,14.5
1252.677,73,105.0,899.0,7.0,7.0,8.27,83.5,0.0,14.5,14.5
1252.766,73,105.0,899.0,7.0,7.0,8.27,83.5,0.0,14.5,14.5
1252.857,73,105.0,886.0,7.0,7.0,8.27,83.5,0.0,14.5,14.5
1252.946,73,105.0,886.0,1.0,7.0,8.27,83.5,0.0,14.5,14.5
1253.036,73,105.0,886.0,1.0,7.0,8.27,83.5,0.0,14.5,14.5
1253.098,73,105.0,886.0,1.0,7.0,8.05,83.5,0.0,14.5,14.5
1253.186,73,105.0,886.0,1.0,7.0,8.05,83.5,0.0,14.5,14.5
1253.249,73,105.0,886.0,1.0,7.0,8.05,83.5,0.0,14.5,14.5
1253.336,73,105.0,886.0,1.0,7.0,8.05,83.5,0.0,14.1,14.5
1253.427,73,105.0,886.0,1.0,7.0,8.05,83.5,0.0,14.1,14.5
1253.517,73,105.0,886.0,1.0,7.0,8.05,83.5,0.0,14.1,14.5
1253.606,73,72.0,886.0,1.0,7.0,8.05,83.5,0.0,14.1,14.5
1253.697,73,72.0,710.0,1.0,7.0,8.05,83.5,0.0,14.1,14.5
1253.787,73,72.0,710.0,0.0,7.0,8.05,83.5,0.0,14.1,14.5
1253.847,73,72.0,710.0,0.0,7.0,8.05,83.5,0.0,14.1,14.5
1253.937,73,72.0,710.0,0.0,7.0,1.55,83.5,0.0,14.1,14.5
1254.026,73,72.0,710.0,0.0,7.0,1.55,13.7,0.0,14.1,14.5
1254.116,73,72.0,710.0,0.0,7.0,1.55,13.7,0.0,14.1,14.5
1254.206,73,72.0,710.0,0.0,7.0,1.55,13.7,0.0,14.1,14.5
1254.3,73,72.0,710.0,0.0,7.0,1.55,13.7,0.0,14.1,14.5
1254.387,73,72.0,710.0,0.0,7.0,1.55,13.7,0.0,14.1,14.5
1254.448,73,36.0,710.0,0.0,7.0,1.55,13.7,0.0,14.1,14.5
1254.536,73,36.0,65.0,0.0,7.0,1.55,13.7,0.0,14.1,14.5
1254.628,73,36.0,65.0,0.0,7.0,1.55,13.7,0.0,14.1,14.5
1254.716,73,36.0,65.0,0.0,1.0,1.55,13.7,0.0,14.1,14.5
1254.807,73,36.0,65.0,0.0,1.0,0.0,13.7,0.0,14.1,14.5
1254.899,73,36.0,65.0,0.0,1.0,0.0,13.7,0.0,14.1,14.5
1254.986,73,36.0,65.0,0.0,1.0,0.0,13.7,0.0,14.1,14.5
1255.106,73,36.0,65.0,0.0,1.0,0.0,13.7,0.0,14.1,14.5
1255.199,73,36.0,65.0,0.0,1.0,0.0,13.7,0.0,14.1,14.5
1255.286,73,36.0,65.0,0.0,1.0,0.0,13.7,0.0,14.1,14.5
1255.376,73,106.0,65.0,0.0,1.0,0.0,13.7,0.0,14.1,14.5
1255.466,73,106.0,1178.0,0.0,1.0,0.0,13.7,0.0,14.1,14.5
1255.556,73,106.0,1178.0,0.0,1.0,0.0,13.7,0.0,14.1,14.5
1255.646,73,106.0,1178.0,0.0,6.0,0.0,13.7,0.0,14.1,14.5
1255.736,73,106.0,1178.0,0.0,6.0,7.66,13.7,0.0,14.1,14.5
1255.826,73,106.0,1178.0,0.0,6.0,7.66,83.5,0.0,14.1,14.5
1255.922,73,106.0,1178.0,0.0,6.0,7.66,83.5,0.0,14.1,14.5
1256.006,73,106.0,1178.0,0.0,6.0,7.66,83.5,0.0,19.6,14.5
1256.097,73,106.0,1178.0,0.0,6.0,7.66,83.5,0.0,19.6,20.0
1256.186,73,106.0,1178.0,0.0,6.0,7.66,83.5,0.0,19.6,20.0
1256.277,73,102.0,1178.0,0.0,6.0,7.66,83.5,0.0,19.6,20.0
1256.366,73,102.0,1016.0,0.0,6.0,7.66,83.5,0.0,19.6,20.0
1256.456,73,102.0,1016.0,0.0,6.0,7.66,83.5,0.0,19.6,20.0
1256.546,73,102.0,1016.0,0.0,26.0,7.66,83.5,0.0,19.6,20.0
1256.636,73,102.0,1016.0,0.0,26.0,10.49,83.5,0.0,19.6,20.0
1256.726,73,102.0,1016.0,0.0,26.0,10.49,83.5,0.0,19.6,20.0
1256.817,73,102.0,1016.0,0.0,26.0,10.49,83.5,0.0,19.6,20.0
1256.906,73,102.0,1016.0,0.0,26.0,10.49,83.5,0.0,20.8,20.0
1256.996,73,102.0,1016.0,0.0,26.0,10.49,83.5,0.0,20.8,20.4
1257.086,73,102.0,1016.0,0.0,26.0,10.49,83.5,0.0,20.8,20.4
1257.177,73,106.0,1016.0,0.0,26.0,10.49,83.5,0.0,20.8,20.4
1257.266,73,106.0,961.0,0.0,26.0,10.49,83.5,0.0,20.8,20.4
1257.356,73,106.0,961.0,5.0,26.0,10.49,83.5,0.0,20.8,20.4
1257.446,73,106.0,961.0,5.0,16.0,10.49,83.5,0.0,20.8,20.4
1257.536,73,106.0,961.0,5.0,16.0,10.13,83.5,0.0,20.8,20.4
1257.626,73,106.0,961.0,5.0,16.0,10.13,83.5,0.0,20.8,20.4
1257.716,73,106.0,961.0,5.0,16.0,10.13,83.5,0.0,20.8,20.4
1257.806,73,106.0,961.0,5.0,16.0,10.13,83.5,0.0,20.0,20.4
1257.899,73,106.0,961.0,5.0,16.0,10.13,83.5,0.0,20.0,20.0
1257.985,73,106.0,961.0,5.0,16.0,10.13,83.5,0.0,20.0,20.0
1258.075,73,108.0,961.0,5.0,16.0,10.13,83.5,0.0,20.0,20.0
1258.165,73,108.0,1056.0,5.0,16.0,10.13,83.5,0.0,20.0,20.0
1258.255,73,108.0,1056.0,9.0,16.0,10.13,83.5,0.0,20.0,20.0
1258.346,73,108.0,1056.0,9.0,14.0,10.13,83.5,0.0,20.0,20.0
1258.436,73,108.0,1056.0,9.0,14.0,8.52,83.5,0.0,20.0,20.0
1258.586,73,108.0,1056.0,9.0,14.0,8.52,83.5,0.0,20.0,20.0
1258.676,73,108.0,1056.0,9.0,14.0,8.52,83.5,0.0,20.0,20.0
1258.766,73,108.0,1056.0,9.0,14.0,8.52,83.5,0.0,14.1,20.0
1258.857,73,108.0,1056.0,9.0,14.0,8.52,83.5,0.0,14.1,14.5
1258.946,73,108.0,1056.0,9.0,14.0,8.52,83.5,0.0,14.1,14.5
1259.036,73,107.0,1056.0,9.0,14.0,8.52,83.5,0.0,14.1,14.5
1259.127,73,107.0,921.0,9.0,14.0,8.52,83.5,0.0,14.1,14.5
1259.216,73,107.0,921.0,9.0,14.0,8.52,83.5,0.0,14.1,14.5
1259.306,73,107.0,921.0,9.0,11.0,8.52,83.5,0.0,14.1,14.5
1259.396,73,107.0,921.0,9.0,11.0,8.58,83.5,0.0,14.1,14.5
1259.486,73,107.0,921.0,9.0,11.0,8.58,83.5,0.0,14.1,14.5
1259.576,73,107.0,921.0,9.0,11.0,8.58,83.5,0.0,14.1,14.5
1259.666,73,107.0,921.0,9.0,11.0,8.58,83.5,0.0,14.1,14.5
1259.756,73,107.0,921.0,9.0,11.0,8.58,83.5,0.0,14.1,14.5
1259.846,73,107.0,921.0,9.0,11.0,8.58,83.5,0.0,14.1,14.5
1259.936,73,106.0,921.0,9.0,11.0,8.58,83.5,0.0,14.1,14.5
1260.026,73,106.0,901.0,9.0,11.0,8.58,83.5,0.0,14.1,14.5
1260.116,73,106.0,901.0,8.0,11.0,8.58,83.5,0.0,14.1,14.5
1260.206,73,106.0,901.0,8.0,10.0,8.58,83.5,0.0,14.1,14.5
1260.296,73,106.0,901.0,8.0,10.0,8.38,83.5,0.0,14.1,14.5
1260.386,73,106.0,901.0,8.0,10.0,8.38,83.5,0.0,14.1,14.5
1260.476,73,106.0,901.0,8.0,10.0,8.38,83.5,0.0,14.1,14.5
1260.566,73,106.0,901.0,8.0,10.0,8.38,83.5,0.0,14.1,14.5
1260.656,73,106.0,901.0,8.0,10.0,8.38,83.5,0.0,14.1,14.5
1260.746,73,106.0,901.0,8.0,10.0,8.38,83.5,0.0,14.1,14.5
1260.837,73,106.0,901.0,8.0,10.0,8.38,83.5,0.0,14.1,14.5
1260.928,73,106.0,905.0,8.0,10.0,8.38,83.5,0.0,14.1,14.5
1261.016,73,106.0,905.0,7.0,10.0,8.38,83.5,0.0,14.1,14.5
1261.106,73,106.0,905.0,7.0,10.0,8.38,83.5,0.0,14.1,14.5
1261.196,73,106.0,905.0,7.0,10.0,8.44,83.5,0.0,14.1,14.5
1261.286,73,106.0,905.0,7.0,10.0,8.44,83.5,0.0,14.1,14.5
1261.376,73,106.0,905.0,7.0,10.0,8.44,83.5,0.0,14.1,14.5
1261.437,73,106.0,905.0,7.0,10.0,8.44,83.5,0.0,14.1,14.5
1261.531,73,106.0,905.0,7.0,10.0,8.44,83.5,0.0,14.1,14.5
1261.617,73,106.0,905.0,7.0,10.0,8.44,83.5,0.0,14.1,14.5
1261.709,73,105.0,905.0,7.0,10.0,8.44,83.5,0.0,14.1,14.5
1261.797,73,105.0,903.0,7.0,10.0,8.44,83.5,0.0,14.1,14.5
1261.886,73,105.0,903.0,4.0,10.0,8.44,83.5,0.0,14.1,14.5
1261.976,73,105.0,903.0,4.0,10.0,8.44,83.5,0.0,14.1,14.5
1262.066,73,105.0,903.0,4.0,10.0,8.08,83.5,0.0,14.1,14.5
1262.158,73,105.0,903.0,4.0,10.0,8.08,83.5,0.0,14.1,14.5
1262.247,73,105.0,903.0,4.0,10.0,8.08,83.5,0.0,14.1,14.5
1262.336,73,105.0,903.0,4.0,10.0,8.08,83.5,0.0,14.5,14.5
1262.43,73,105.0,903.0,4.0,10.0,8.08,83.5,0.0,14.5,14.5
1262.518,73,105.0,903.0,4.0,10.0,8.08,83.5,0.0,14.5,14.5
1262.606,73,105.0,903.0,4.0,10.0,8.08,83.5,0.0,14.5,14.5
1262.696,73,105.0,948.0,4.0,10.0,8.08,83.5,0.0,14.5,14.5
1262.786,73,105.0,948.0,4.0,10.0,8.08,83.5,0.0,14.5,14.5
1262.877,73,105.0,948.0,4.0,9.0,8.08,83.5,0.0,14.5,14.5
1262.937,73,105.0,948.0,4.0,9.0,8.69,83.5,0.0,14.5,14.5
1263.026,73,105.0,948.0,4.0,9.0,8.69,83.5,0.0,14.5,14.5
1263.087,73,105.0,948.0,4.0,9.0,8.69,83.5,0.0,14.5,14.5
1263.208,73,105.0,948.0,4.0,9.0,8.69,83.5,0.0,15.3,14.5
1263.296,73,105.0,948.0,4.0,9.0,8.69,83.5,0.0,15.3,14.9
1263.386,73,105.0,948.0,4.0,9.0,8.69,83.5,0.0,15.3,14.9
1263.506,73,106.0,948.0,4.0,9.0,8.69,83.5,0.0,15.3,14.9
1263.597,73,106.0,878.0,4.0,9.0,8.69,83.5,0.0,15.3,14.9
1263.686,73,106.0,878.0,5.0,9.0,8.69,83.5,0.0,15.3,14.9
1263.778,73,106.0,878.0,5.0,10.0,8.69,83.5,0.0,15.3,14.9
1263.837,73,106.0,878.0,5.0,10.0,8.91,83.5,0.0,15.3,14.9
1263.927,73,106.0,878.0,5.0,10.0,8.91,83.5,0.0,15.3,14.9
1264.016,73,106.0,878.0,5.0,10.0,8.91,83.5,0.0,15.3,14.9
1264.108,73,106.0,878.0,5.0,10.0,8.91,83.5,0.0,15.3,14.9
1264.196,73,106.0,878.0,5.0,10.0,8.91,83.5,0.0,15.3,14.9
1264.286,73,106.0,878.0,5.0,10.0,8.91,83.5,0.0,15.3,14.9
1264.377,73,106.0,878.0,5.0,10.0,8.91,83.5,0.0,15.3,14.9
1264.467,73,106.0,902.0,5.0,10.0,8.91,83.5,0.0,15.3,14.9
1264.558,73,106.0,902.0,8.0,10.0,8.91,83.5,0.0,15.3,14.9
1264.646,73,106.0,902.0,8.0,9.0,8.91,83.5,0.0,15.3,14.9
1264.736,73,106.0,902.0,8.0,9.0,10.36,83.5,0.0,15.3,14.9
1264.828,73,106.0,902.0,8.0,9.0,10.36,83.5,0.0,15.3,14.9
1264.916,73,106.0,902.0,8.0,9.0,10.36,83.5,0.0,15.3,14.9
1265.008,73,106.0,902.0,8.0,9.0,10.36,83.5,0.0,16.9,14.9
1265.096,73,106.0,902.0,8.0,9.0,10.36,83.5,0.0,16.9,17.3
1265.186,73,106.0,902.0,8.0,9.0,10.36,83.5,0.0,16.9,17.3
1265.277,73,107.0,902.0,8.0,9.0,10.36,83.5,0.0,16.9,17.3
1265.337,73,107.0,1003.0,8.0,9.0,10.36,83.5,0.0,16.9,17.3
1265.426,73,107.0,1003.0,9.0,9.0,10.36,83.5,0.0,16.9,17.3
1265.487,73,107.0,1003.0,9.0,10.0,10.36,83.5,0.0,16.9,17.3
1265.577,73,107.0,1003.0,9.0,10.0,8.69,83.5,0.0,16.9,17.3
1265.666,73,107.0,1003.0,9.0,10.0,8.69,83.5,0.0,16.9,17.3
1265.758,73,107.0,1003.0,9.0,10.0,8.69,83.5,0.0,16.9,17.3
1265.846,73,107.0,1003.0,9.0,10.0,8.69,83.5,0.0,18.8,17.3
1265.936,73,107.0,1003.0,9.0,10.0,8.69,83.5,0.0,18.8,19.6
1266.026,73,107.0,1003.0,9.0,10.0,8.69,83.5,0.0,18.8,19.6
1266.087,73,107.0,1003.0,9.0,10.0,8.69,83.5,0.0,18.8,19.6
1266.177,73,107.0,965.0,9.0,10.0,8.69,83.5,0.0,18.8,19.6
1266.24,73,107.0,965.0,8.0,10.0,8.69,83.5,0.0,18.8,19.6
1266.326,73,107.0,965.0,8.0,9.0,8.69,83.5,0.0,18.8,19.6
1266.416,73,107.0,965.0,8.0,9.0,9.11,83.5,0.0,18.8,19.6
1266.508,73,107.0,965.0,8.0,9.0,9.11,83.5,0.0,18.8,19.6
1266.596,73,107.0,965.0,8.0,9.0,9.11,83.5,0.0,18.8,19.6
1266.686,73,107.0,965.0,8.0,9.0,9.11,83.5,0.0,20.0,19.6
1266.777,73,107.0,965.0,8.0,9.0,9.11,83.5,0.0,20.0,19.6
1266.866,73,107.0,965.0,8.0,9.0,9.11,83.5,0.0,20.0,19.6
1266.956,73,106.0,965.0,8.0,9.0,9.11,83.5,0.0,20.0,19.6
1267.046,73,106.0,961.0,8.0,9.0,9.11,83.5,0.0,20.0,19.6
1267.136,73,106.0,961.0,8.0,9.0,9.11,83.5,0.0,20.0,19.6
1267.227,73,106.0,961.0,8.0,9.0,9.11,83.5,0.0,20.0,19.6
1267.287,73,106.0,961.0,8.0,9.0,8.77,83.5,0.0,20.0,19.6
1267.376,73,106.0,961.0,8.0,9.0,8.77,83.5,0.0,20.0,19.6
1267.437,73,106.0,961.0,8.0,9.0,8.77,83.5,0.0,20.0,19.6
1267.526,73,106.0,961.0,8.0,9.0,8.77,83.5,0.0,20.4,19.6
1267.616,73,106.0,961.0,8.0,9.0,8.77,83.5,0.0,20.4,20.0
1267.706,73,106.0,961.0,8.0,9.0,8.77,83.5,0.0,20.4,20.0
1267.799,73,106.0,961.0,8.0,9.0,8.77,83.5,0.0,20.4,20.0
1267.886,73,106.0,967.0,8.0,9.0,8.77,83.5,0.0,20.4,20.0
1267.976,73,106.0,967.0,8.0,9.0,8.77,83.5,0.0,20.4,20.0
1268.066,73,106.0,967.0,8.0,9.0,8.77,83.5,0.0,20.4,20.0
1268.127,73,106.0,967.0,8.0,9.0,9.13,83.5,0.0,20.4,20.0
1268.187,73,106.0,967.0,8.0,9.0,9.13,83.5,0.0,20.4,20.0
1268.276,73,106.0,967.0,8.0,9.0,9.13,83.5,0.0,20.4,20.0
1268.366,73,106.0,967.0,8.0,9.0,9.13,83.5,0.0,20.4,20.0
1268.458,73,106.0,967.0,8.0,9.0,9.13,83.5,0.0,20.4,20.0
1268.576,73,106.0,967.0,8.0,9.0,9.13,83.5,0.0,20.4,20.0
1268.638,73,107.0,967.0,8.0,9.0,9.13,83.5,0.0,20.4,20.0
1268.727,73,107.0,986.0,8.0,9.0,9.13,83.5,0.0,20.4,20.0
1268.817,73,107.0,986.0,8.0,9.0,9.13,83.5,0.0,20.4,20.0
1268.911,73,107.0,986.0,8.0,9.0,9.13,83.5,0.0,20.4,20.0
1268.996,73,107.0,986.0,8.0,9.0,9.08,83.5,0.0,20.4,20.0
1269.086,73,107.0,986.0,8.0,9.0,9.08,83.5,0.0,20.4,20.0
1269.186,73,107.0,986.0,8.0,9.0,9.08,83.5,0.0,20.4,20.0
1269.237,73,107.0,986.0,8.0,9.0,9.08,83.5,0.0,25.5,20.0
1269.326,73,107.0,986.0,8.0,9.0,9.08,83.5,0.0,25.5,26.3
1269.387,73,107.0,986.0,8.0,9.0,9.08,83.5,0.0,25.5,26.3
1269.476,73,107.0,986.0,8.0,9.0,9.08,83.5,0.0,25.5,26.3
1269.566,73,107.0,1098.0,8.0,9.0,9.08,83.5,0.0,25.5,26.3
1269.658,73,107.0,1098.0,9.0,9.0,9.08,83.5,0.0,25.5,26.3
1269.746,73,107.0,1098.0,9.0,10.0,9.08,83.5,0.0,25.5,26.3
1269.836,73,107.0,1098.0,9.0,10.0,10.58,83.5,0.0,25.5,26.3
1269.927,73,107.0,1098.0,9.0,10.0,10.58,83.5,0.0,25.5,26.3
1270.046,73,107.0,1098.0,9.0,10.0,10.58,83.5,1.0,25.5,26.3
1270.136,73,107.0,1098.0,9.0,10.0,10.58,83.5,1.0,30.2,26.3
1270.227,73,107.0,1098.0,9.0,10.0,10.58,83.5,1.0,30.2,31.0
1270.317,73,107.0,1098.0,9.0,10.0,10.58,83.5,1.0,30.2,31.0
1270.411,73,109.0,1098.0,9.0,10.0,10.58,83.5,1.0,30.2,31.0
1270.496,73,109.0,1384.0,9.0,10.0,10.58,83.5,1.0,30.2,31.0
1270.586,73,109.0,1384.0,12.0,10.0,10.58,83.5,1.0,30.2,31.0
1270.676,73,109.0,1384.0,12.0,10.0,10.58,83.5,1.0,30.2,31.0
1270.766,73,109.0,1384.0,12.0,10.0,16.69,83.5,1.0,30.2,31.0
1270.856,73,109.0,1384.0,12.0,10.0,16.69,83.5,1.0,30.2,31.0
1270.948,73,109.0,1384.0,12.0,10.0,16.69,83.5,1.0,30.2,31.0
1271.036,73,109.0,1384.0,12.0,10.0,16.69,83.5,1.0,23.1,31.0
1271.126,73,109.0,1384.0,12.0,10.0,16.69,83.5,1.0,23.1,14.1
1271.216,73,109.0,1384.0,12.0,10.0,16.69,83.5,1.0,23.1,14.1
1271.277,73,116.0,1384.0,12.0,10.0,16.69,83.5,1.0,23.1,14.1
1271.337,73,116.0,1393.0,12.0,10.0,16.69,83.5,1.0,23.1,14.1
1271.426,73,116.0,1393.0,14.0,10.0,16.69,83.5,1.0,23.1,14.1
1271.516,73,116.0,1393.0,14.0,13.0,16.69,83.5,1.0,23.1,14.1
1271.609,73,116.0,1393.0,14.0,13.0,9.16,83.5,1.0,23.1,14.1
1271.696,73,116.0,1393.0,14.0,13.0,9.16,83.5,1.0,23.1,14.1
1271.786,73,116.0,1393.0,14.0,13.0,9.16,83.5,1.0,23.1,14.1
1271.876,73,116.0,1393.0,14.0,13.0,9.16,83.5,1.0,27.1,14.1
1271.966,73,116.0,1393.0,14.0,13.0,9.16,83.5,1.0,27.1,27.5
1272.058,73,116.0,1393.0,14.0,13.0,9.16,83.5,1.0,27.1,27.5
1272.146,73,114.0,1393.0,14.0,13.0,9.16,83.5,1.0,27.1,27.5
1272.237,73,114.0,889.0,14.0,13.0,9.16,83.5,1.0,27.1,27.5
1272.326,73,114.0,889.0,15.0,13.0,9.16,83.5,1.0,27.1,27.5
1272.416,73,114.0,889.0,15.0,12.0,9.16,83.5,1.0,27.1,27.5
1272.477,73,114.0,889.0,15.0,12.0,11.44,83.5,1.0,27.1,27.5
1272.596,73,114.0,889.0,15.0,12.0,11.44,83.5,1.0,27.1,27.5
1272.686,73,114.0,889.0,15.0,12.0,11.44,83.5,1.0,27.1,27.5
1272.777,73,114.0,889.0,15.0,12.0,11.44,83.5,1.0,22.4,27.5
1272.838,73,114.0,889.0,15.0,12.0,11.44,83.5,1.0,22.4,22.0
1272.927,73,114.0,889.0,15.0,12.0,11.44,83.5,1.0,22.4,22.0
1272.987,73,111.0,889.0,15.0,12.0,11.44,83.5,1.0,22.4,22.0
1273.107,73,111.0,1005.0,15.0,12.0,11.44,83.5,1.0,22.4,22.0
1273.196,73,111.0,1005.0,17.0,12.0,11.44,83.5,1.0,22.4,22.0
1273.286,73,111.0,1005.0,17.0,10.0,11.44,83.5,1.0,22.4,22.0
1273.376,73,111.0,1005.0,17.0,10.0,8.63,83.5,1.0,22.4,22.0
1273.437,73,111.0,1005.0,17.0,10.0,8.63,83.5,1.0,22.4,22.0
1273.526,73,111.0,1005.0,17.0,10.0,8.63,83.5,1.0,22.4,22.0
1273.587,73,111.0,1005.0,17.0,10.0,8.63,83.5,1.0,23.1,22.0
1273.676,73,111.0,1005.0,17.0,10.0,8.63,83.5,1.0,23.1,23.1
1273.737,73,111.0,1005.0,17.0,10.0,8.63,83.5,1.0,23.1,23.1
1273.827,73,109.0,1005.0,17.0,10.0,8.63,83.5,1.0,23.1,23.1
1273.917,73,109.0,1020.0,17.0,10.0,8.63,83.5,1.0,23.1,23.1
1274.007,73,109.0,1020.0,17.0,10.0,8.63,83.5,1.0,23.1,23.1
1274.126,73,109.0,1020.0,17.0,10.0,8.63,83.5,1.0,23.1,23.1
1274.187,73,109.0,1020.0,17.0,10.0,8.77,83.5,1.0,23.1,23.1
1274.277,73,109.0,1020.0,17.0,10.0,8.77,83.5,1.0,23.1,23.1
1274.337,73,109.0,1020.0,17.0,10.0,8.77,83.5,1.0,23.1,23.1
1274.426,73,109.0,1020.0,17.0,10.0,8.77,83.5,1.0,23.1,23.1
1274.488,73,109.0,1020.0,17.0,10.0,8.77,83.5,1.0,23.1,23.1
1274.577,73,109.0,1020.0,17.0,10.0,8.77,83.5,1.0,23.1,23.1
1274.637,73,109.0,1020.0,17.0,10.0,8.77,83.5,1.0,23.1,23.1
1274.726,73,109.0,1026.0,17.0,10.0,8.77,83.5,1.0,23.1,23.1
1274.793,73,109.0,1026.0,17.0,10.0,8.77,83.5,1.0,23.1,23.1
1274.879,73,109.0,1026.0,17.0,8.0,8.77,83.5,1.0,23.1,23.1
1274.937,73,109.0,1026.0,17.0,8.0,8.8,83.5,1.0,23.1,23.1
1275.026,73,109.0,1026.0,17.0,8.0,8.8,83.5,1.0,23.1,23.1
1275.117,73,109.0,1026.0,17.0,8.0,8.8,83.5,1.0,23.1,23.1
1275.206,73,109.0,1026.0,17.0,8.0,8.8,83.5,1.0,23.1,23.1
1275.296,73,109.0,1026.0,17.0,8.0,8.8,83.5,1.0,23.1,23.1
1275.386,73,109.0,1026.0,17.0,8.0,8.8,83.5,1.0,23.1,23.1
1275.477,73,109.0,1026.0,17.0,8.0,8.8,83.5,1.0,23.1,23.1
1275.537,73,109.0,1040.0,17.0,8.0,8.8,83.5,1.0,23.1,23.1
1275.625,73,109.0,1040.0,18.0,8.0,8.8,83.5,1.0,23.1,23.1
1275.686,73,109.0,1040.0,18.0,8.0,8.8,83.5,1.0,23.1,23.1
1275.776,73,109.0,1040.0,18.0,8.0,9.02,83.5,1.0,23.1,23.1
1275.837,73,109.0,1040.0,18.0,8.0,9.02,83.5,1.0,23.1,23.1
1275.927,73,109.0,1040.0,18.0,8.0,9.02,83.5,1.0,23.1,23.1
1275.987,73,109.0,1040.0,18.0,8.0,9.02,83.5,1.0,23.9,23.1
1276.077,73,109.0,1040.0,18.0,8.0,9.02,83.5,1.0,23.9,23.9
1276.137,73,109.0,1040.0,18.0,8.0,9.02,83.5,1.0,23.9,23.9
1276.227,73,109.0,1040.0,18.0,8.0,9.02,83.5,1.0,23.9,23.9
1276.287,73,109.0,1050.0,18.0,8.0,9.02,83.5,1.0,23.9,23.9
1276.376,73,109.0,1050.0,18.0,8.0,9.02,83.5,1.0,23.9,23.9
1276.437,73,109.0,1050.0,18.0,9.0,9.02,83.5,1.0,23.9,23.9
1276.526,73,109.0,1050.0,18.0,9.0,9.16,83.5,1.0,23.9,23.9
1276.587,73,109.0,1050.0,18.0,9.0,9.16,83.5,1.0,23.9,23.9
1276.676,73,109.0,1050.0,18.0,9.0,9.16,83.5,1.0,23.9,23.9
1276.737,73,109.0,1050.0,18.0,9.0,9.16,83.5,1.0,23.9,23.9
1276.826,73,109.0,1050.0,18.0,9.0,9.16,83.5,1.0,23.9,23.9
1276.887,73,109.0,1050.0,18.0,9.0,9.16,83.5,1.0,23.9,23.9
1276.976,73,109.0,1050.0,18.0,9.0,9.16,83.5,1.0,23.9,23.9
1277.037,73,109.0,1072.0,18.0,9.0,9.16,83.5,1.0,23.9,23.9
1277.126,73,109.0,1072.0,18.0,9.0,9.16,83.5,1.0,23.9,23.9
1277.187,73,109.0,1072.0,18.0,9.0,9.16,83.5,1.0,23.9,23.9
1277.276,73,109.0,1072.0,18.0,9.0,9.36,83.5,1.0,23.9,23.9
1277.337,73,109.0,1072.0,18.0,9.0,9.36,83.5,1.0,23.9,23.9
1277.426,73,109.0,1072.0,18.0,9.0,9.36,83.5,1.0,23.9,23.9
1277.487,73,109.0,1072.0,18.0,9.0,9.36,83.5,1.0,23.9,23.9
1277.576,73,109.0,1072.0,18.0,9.0,9.36,83.5,1.0,23.9,23.9
1277.637,73,109.0,1072.0,18.0,9.0,9.36,83.5,1.0,23.9,23.9
1277.727,73,110.0,1072.0,18.0,9.0,9.36,83.5,1.0,23.9,23.9
1277.792,73,110.0,1096.0,18.0,9.0,9.36,83.5,1.0,23.9,23.9
1277.876,73,110.0,1096.0,19.0,9.0,9.36,83.5,1.0,23.9,23.9
1277.937,73,110.0,1096.0,19.0,9.0,9.36,83.5,1.0,23.9,23.9
1278.026,73,110.0,1096.0,19.0,9.0,8.27,83.5,1.0,23.9,23.9
1278.087,73,110.0,1096.0,19.0,9.0,8.27,83.5,1.0,23.9,23.9
1278.177,73,110.0,1096.0,19.0,9.0,8.27,83.5,1.0,23.9,23.9
1278.237,73,110.0,1096.0,19.0,9.0,8.27,83.5,1.0,23.5,23.9
1278.326,73,110.0,1096.0,19.0,9.0,8.27,83.5,1.0,23.5,23.5
1278.393,73,110.0,1096.0,19.0,9.0,8.27,83.5,1.0,23.5,23.5
1278.476,73,106.0,1096.0,19.0,9.0,8.27,83.5,1.0,23.5,23.5
1278.537,73,106.0,1115.0,19.0,9.0,8.27,83.5,1.0,23.5,23.5
1278.627,73,106.0,1115.0,19.0,9.0,8.27,83.5,1.0,23.5,23.5
1278.688,73,106.0,1115.0,19.0,9.0,8.27,83.5,1.0,23.5,23.5
1278.777,73,106.0,1115.0,19.0,9.0,9.63,83.5,1.0,23.5,23.5
1278.837,73,106.0,1115.0,19.0,9.0,9.63,83.5,1.0,23.5,23.5
1278.926,73,106.0,1115.0,19.0,9.0,9.63,83.5,1.0,23.5,23.5
1279.016,73,106.0,1115.0,19.0,9.0,9.63,83.5,1.0,23.1,23.5
1279.109,73,106.0,1115.0,19.0,9.0,9.63,83.5,1.0,23.1,22.7
1279.196,73,106.0,1115.0,19.0,9.0,9.63,83.5,1.0,23.1,22.7
1279.288,73,103.0,1115.0,19.0,9.0,9.63,83.5,1.0,23.1,22.7
1279.377,73,103.0,1127.0,19.0,9.0,9.63,83.5,1.0,23.1,22.7
1279.437,73,103.0,1127.0,19.0,9.0,9.63,83.5,1.0,23.1,22.7
1279.526,73,103.0,1127.0,19.0,9.0,9.63,83.5,1.0,23.1,22.7
1279.588,73,103.0,1127.0,19.0,9.0,9.22,83.5,1.0,23.1,22.7
1279.676,73,103.0,1127.0,19.0,9.0,9.22,83.5,1.0,23.1,22.7
1279.737,73,103.0,1127.0,19.0,9.0,9.22,83.5,2.0,23.1,22.7
1279.826,73,103.0,1127.0,19.0,9.0,9.22,83.5,2.0,14.1,22.7
1279.887,73,103.0,1127.0,19.0,9.0,9.22,83.5,2.0,14.1,14.5
1279.976,73,103.0,1127.0,19.0,9.0,9.22,83.5,2.0,14.1,14.5
1280.037,73,103.0,1127.0,19.0,9.0,9.22,83.5,2.0,14.1,14.5
1280.127,73,103.0,1078.0,19.0,9.0,9.22,83.5,2.0,14.1,14.5
1280.217,73,103.0,1078.0,18.0,9.0,9.22,83.5,2.0,14.1,14.5
1280.278,73,103.0,1078.0,18.0,10.0,9.22,83.5,2.0,14.1,14.5
1280.337,73,103.0,1078.0,18.0,10.0,8.8,83.5,2.0,14.1,14.5
1280.43,73,103.0,1078.0,18.0,10.0,8.8,83.5,2.0,14.1,14.5
1280.487,73,103.0,1078.0,18.0,10.0,8.8,83.5,2.0,14.1,14.5
1280.577,73,103.0,1078.0,18.0,10.0,8.8,83.5,2.0,14.5,14.5
1280.637,73,103.0,1078.0,18.0,10.0,8.8,83.5,2.0,14.5,14.5
1280.726,73,103.0,1078.0,18.0,10.0,8.8,83.5,2.0,14.5,14.5
1280.787,73,104.0,1078.0,18.0,10.0,8.8,83.5,2.0,14.5,14.5
1280.876,73,104.0,992.0,18.0,10.0,8.8,83.5,2.0,14.5,14.5
1280.937,73,104.0,992.0,17.0,10.0,8.8,83.5,2.0,14.5,14.5
1281.026,73,104.0,992.0,17.0,9.0,8.8,83.5,2.0,14.5,14.5
1281.087,73,104.0,992.0,17.0,9.0,8.22,83.5,2.0,14.5,14.5
1281.176,73,104.0,992.0,17.0,9.0,8.22,83.5,2.0,14.5,14.5
1281.237,73,104.0,992.0,17.0,9.0,8.22,83.5,2.0,14.5,14.5
1281.329,73,104.0,992.0,17.0,9.0,8.22,83.5,2.0,14.1,14.5
1281.387,73,104.0,992.0,17.0,9.0,8.22,83.5,2.0,14.1,14.5
1281.476,74,104.0,992.0,17.0,9.0,8.22,83.5,2.0,14.1,14.5
1281.537,74,105.0,992.0,17.0,9.0,8.22,83.5,2.0,14.1,14.5
1281.627,74,105.0,872.0,17.0,9.0,8.22,83.5,2.0,14.1,14.5
1281.688,74,105.0,872.0,13.0,9.0,8.22,83.5,2.0,14.1,14.5
1281.777,74,105.0,872.0,13.0,9.0,8.22,83.5,2.0,14.1,14.5
1281.837,74,105.0,872.0,13.0,9.0,8.52,83.5,2.0,14.1,14.5
1281.928,74,105.0,872.0,13.0,9.0,8.52,83.5,2.0,14.1,14.5
1281.987,74,105.0,872.0,13.0,9.0,8.52,83.5,2.0,14.1,14.5
1282.076,74,105.0,872.0,13.0,9.0,8.52,83.5,2.0,14.1,14.5
1282.137,74,105.0,872.0,13.0,9.0,8.52,83.5,2.0,14.1,14.5
1282.227,74,105.0,872.0,13.0,9.0,8.52,83.5,2.0,14.1,14.5
1282.291,74,105.0,872.0,13.0,9.0,8.52,83.5,2.0,14.1,14.5
1282.376,74,105.0,882.0,13.0,9.0,8.52,83.5,2.0,14.1,14.5
1282.437,74,105.0,882.0,11.0,9.0,8.52,83.5,2.0,14.1,14.5
1282.527,74,105.0,882.0,11.0,7.0,8.52,83.5,2.0,14.1,14.5
1282.593,74,105.0,882.0,11.0,7.0,7.91,83.5,2.0,14.1,14.5
1282.676,74,105.0,882.0,11.0,7.0,7.91,83.5,2.0,14.1,14.5
1282.737,74,105.0,882.0,11.0,7.0,7.91,83.5,2.0,14.1,14.5
1282.827,74,105.0,882.0,11.0,7.0,7.91,83.5,2.0,14.1,14.5
1282.895,74,105.0,882.0,11.0,7.0,7.91,83.5,2.0,14.1,14.5
1282.976,74,105.0,882.0,11.0,7.0,7.91,83.5,2.0,14.1,14.5
1283.037,74,105.0,882.0,11.0,7.0,7.91,83.5,2.0,14.1,14.5
1283.126,74,105.0,892.0,11.0,7.0,7.91,83.5,2.0,14.1,14.5
1283.19,74,105.0,892.0,11.0,7.0,7.91,83.5,2.0,14.1,14.5
1283.276,74,105.0,892.0,11.0,7.0,7.91,83.5,2.0,14.1,14.5
1283.375,74,105.0,892.0,11.0,7.0,8.38,83.5,2.0,14.1,14.5
1283.456,74,105.0,892.0,11.0,7.0,8.38,83.5,2.0,14.1,14.5
1283.576,74,105.0,892.0,11.0,7.0,8.38,83.5,2.0,14.1,14.5
1283.637,74,105.0,892.0,11.0,7.0,8.38,83.5,2.0,14.1,14.5
1283.726,74,105.0,892.0,11.0,7.0,8.38,83.5,2.0,14.1,14.5
1283.788,74,105.0,892.0,11.0,7.0,8.38,83.5,2.0,14.1,14.5
1283.876,74,105.0,892.0,11.0,7.0,8.38,83.5,2.0,14.1,14.5
1283.936,74,105.0,894.0,11.0,7.0,8.38,83.5,2.0,14.1,14.5
1284.025,74,105.0,894.0,10.0,7.0,8.38,83.5,2.0,14.1,14.5
1284.086,74,105.0,894.0,10.0,7.0,8.38,83.5,2.0,14.1,14.5
1284.175,74,105.0,894.0,10.0,7.0,8.41,83.5,2.0,14.1,14.5
1284.236,74,105.0,894.0,10.0,7.0,8.41,83.5,2.0,14.1,14.5
1284.326,74,105.0,894.0,10.0,7.0,8.41,83.5,2.0,14.1,14.5
1284.387,74,105.0,894.0,10.0,7.0,8.41,83.5,2.0,14.1,14.5
1284.48,74,105.0,894.0,10.0,7.0,8.41,83.5,2.0,14.1,14.5
1284.537,74,105.0,894.0,10.0,7.0,8.41,83.5,2.0,14.1,14.5
1284.633,74,105.0,894.0,10.0,7.0,8.41,83.5,2.0,14.1,14.5
1284.687,74,105.0,895.0,10.0,7.0,8.41,83.5,2.0,14.1,14.5
1284.777,74,105.0,895.0,10.0,7.0,8.41,83.5,2.0,14.1,14.5
1284.868,74,105.0,895.0,10.0,8.0,8.41,83.5,2.0,14.1,14.5
1284.955,74,105.0,895.0,10.0,8.0,8.16,83.5,2.0,14.1,14.5
1285.076,74,105.0,895.0,10.0,8.0,8.16,83.5,2.0,14.1,14.5
1285.167,74,105.0,895.0,10.0,8.0,8.16,83.5,2.0,14.1,14.5
1285.227,74,105.0,895.0,10.0,8.0,8.16,83.5,2.0,14.1,14.5
1285.316,74,105.0,895.0,10.0,8.0,8.16,83.5,2.0,14.1,14.5
1285.408,74,105.0,895.0,10.0,8.0,8.16,83.5,2.0,14.1,14.5
1285.496,74,105.0,895.0,10.0,8.0,8.16,83.5,2.0,14.1,14.5
1285.587,74,105.0,895.0,10.0,8.0,8.16,83.5,2.0,14.1,14.5
1285.676,74,105.0,895.0,9.0,8.0,8.16,83.5,2.0,14.1,14.5
1285.767,74,105.0,895.0,9.0,8.0,8.16,83.5,2.0,14.1,14.5
1285.827,74,105.0,895.0,9.0,8.0,8.16,83.5,2.0,14.1,14.5
1285.916,74,105.0,895.0,9.0,8.0,8.16,83.5,2.0,14.1,14.5
1285.978,74,105.0,895.0,9.0,8.0,8.16,83.5,2.0,14.1,14.5
1286.067,74,105.0,895.0,9.0,8.0,8.16,83.5,2.0,14.1,14.5
1286.157,74,105.0,895.0,9.0,8.0,8.16,83.5,2.0,14.1,14.5
1286.247,74,105.0,895.0,9.0,8.0,8.16,83.5,2.0,14.1,14.5
1286.336,74,105.0,895.0,9.0,8.0,8.16,83.5,2.0,14.1,14.5
1286.427,74,105.0,895.0,9.0,8.0,8.16,83.5,2.0,14.1,14.5
1286.516,74,105.0,895.0,9.0,8.0,8.16,83.5,2.0,14.1,14.5
1286.577,74,105.0,895.0,9.0,8.0,8.16,83.5,2.0,14.1,14.5
1286.667,74,105.0,895.0,9.0,8.0,7.94,83.5,2.0,14.1,14.5
1286.731,74,105.0,895.0,9.0,8.0,7.94,83.5,2.0,14.1,14.5
1286.816,74,105.0,895.0,9.0,8.0,7.94,83.5,2.0,14.1,14.5
1286.912,74,105.0,895.0,9.0,8.0,7.94,83.5,2.0,14.1,14.5
1286.996,74,105.0,895.0,9.0,8.0,7.94,83.5,2.0,14.1,14.5
1287.086,74,105.0,895.0,9.0,8.0,7.94,83.5,2.0,14.1,14.5
1287.176,74,105.0,895.0,9.0,8.0,7.94,83.5,2.0,14.1,14.5
1287.267,74,105.0,904.0,9.0,8.0,7.94,83.5,2.0,14.1,14.5
1287.358,74,105.0,904.0,7.0,8.0,7.94,83.5,2.0,14.1,14.5
1287.446,74,105.0,904.0,7.0,8.0,7.94,83.5,2.0,14.1,14.5
1287.536,74,105.0,904.0,7.0,8.0,8.27,83.5,2.0,14.1,14.5
1287.627,74,105.0,904.0,7.0,8.0,8.27,83.5,2.0,14.1,14.5
1287.718,74,105.0,904.0,7.0,8.0,8.27,83.5,2.0,14.1,14.5
1287.777,74,105.0,904.0,7.0,8.0,8.27,83.5,2.0,14.1,14.5
1287.868,74,105.0,904.0,7.0,8.0,8.27,83.5,2.0,14.1,14.5
1287.927,74,105.0,904.0,7.0,8.0,8.27,83.5,2.0,14.1,14.5
1288.016,74,105.0,904.0,7.0,8.0,8.27,83.5,2.0,14.1,14.5
1288.112,74,105.0,901.0,7.0,8.0,8.27,83.5,2.0,14.1,14.5
1288.196,74,105.0,901.0,3.0,8.0,8.27,83.5,2.0,14.1,14.5
1288.292,74,105.0,901.0,3.0,8.0,8.27,83.5,2.0,14.1,14.5
1288.376,74,105.0,901.0,3.0,8.0,8.22,83.5,2.0,14.1,14.5
1288.467,74,105.0,901.0,3.0,8.0,8.22,83.5,2.0,14.1,14.5
1288.588,74,105.0,901.0,3.0,8.0,8.22,83.5,2.0,14.1,14.5
1288.676,74,105.0,901.0,3.0,8.0,8.22,83.5,2.0,14.1,14.5
1288.767,74,105.0,901.0,3.0,8.0,8.22,83.5,2.0,14.1,14.5
1288.828,74,105.0,901.0,3.0,8.0,8.22,83.5,2.0,14.1,14.5
1288.917,74,105.0,901.0,3.0,8.0,8.22,83.5,2.0,14.1,14.5
1288.977,74,105.0,827.0,3.0,8.0,8.22,83.5,2.0,14.1,14.5
1289.066,74,105.0,827.0,0.0,8.0,8.22,83.5,2.0,14.1,14.5
1289.127,74,105.0,827.0,0.0,8.0,8.22,83.5,2.0,14.1,14.5
1289.216,74,105.0,827.0,0.0,8.0,7.38,83.5,2.0,14.1,14.5
1289.308,74,105.0,827.0,0.0,8.0,7.38,83.5,2.0,14.1,14.5
1289.396,74,105.0,827.0,0.0,8.0,7.38,83.5,2.0,14.1,14.5
1289.487,74,105.0,827.0,0.0,8.0,7.38,83.5,2.0,14.1,14.5
1289.576,74,105.0,827.0,0.0,8.0,7.38,83.5,2.0,14.1,14.5
1289.667,74,105.0,827.0,0.0,8.0,7.38,83.5,2.0,14.1,14.5
1289.728,74,104.0,827.0,0.0,8.0,7.38,83.5,2.0,14.1,14.5
1289.816,74,104.0,757.0,0.0,8.0,7.38,83.5,2.0,14.1,14.5
1289.877,74,104.0,757.0,0.0,8.0,7.38,83.5,2.0,14.1,14.5
1289.966,74,104.0,757.0,0.0,8.0,7.38,83.5,2.0,14.1,14.5
1290.028,74,104.0,757.0,0.0,8.0,7.49,83.5,2.0,14.1,14.5
1290.116,74,104.0,757.0,0.0,8.0,7.49,83.5,2.0,14.1,14.5
1290.176,74,104.0,757.0,0.0,8.0,7.49,83.5,2.0,14.1,14.5
1290.267,74,104.0,757.0,0.0,8.0,7.49,83.5,2.0,14.1,14.5
1290.387,74,104.0,757.0,0.0,8.0,7.49,83.5,2.0,14.1,14.5
1290.476,74,104.0,757.0,0.0,8.0,7.49,83.5,2.0,14.1,14.5
1290.567,74,104.0,757.0,0.0,8.0,7.49,83.5,2.0,14.1,14.5
1290.628,74,104.0,880.0,0.0,8.0,7.49,83.5,2.0,14.1,14.5
1290.716,74,104.0,880.0,0.0,8.0,7.49,83.5,2.0,14.1,14.5
1290.778,74,104.0,880.0,0.0,7.0,7.49,83.5,2.0,14.1,14.5
1290.866,74,104.0,880.0,0.0,7.0,8.86,83.5,2.0,14.1,14.5
1290.928,74,104.0,880.0,0.0,7.0,8.86,83.5,2.0,14.1,14.5
1291.016,74,104.0,880.0,0.0,7.0,8.86,83.5,2.0,14.1,14.5
1291.081,74,104.0,880.0,0.0,7.0,8.86,83.5,2.0,14.9,14.5
1291.166,74,104.0,880.0,0.0,7.0,8.86,83.5,2.0,14.9,14.5
1291.227,74,104.0,880.0,0.0,7.0,8.86,83.5,2.0,14.9,14.5
1291.316,74,104.0,880.0,0.0,7.0,8.86,83.5,2.0,14.9,14.5
1291.378,74,104.0,941.0,0.0,7.0,8.86,83.5,2.0,14.9,14.5
1291.467,74,104.0,941.0,0.0,7.0,8.86,83.5,2.0,14.9,14.5
1291.527,74,104.0,941.0,0.0,8.0,8.86,83.5,2.0,14.9,14.5
1291.616,74,104.0,941.0,0.0,8.0,8.33,83.5,2.0,14.9,14.5
1291.677,74,104.0,941.0,0.0,8.0,8.33,83.5,2.0,14.9,14.5
1291.766,74,104.0,941.0,0.0,8.0,8.33,83.5,2.0,14.9,14.5
1291.827,74,104.0,941.0,0.0,8.0,8.33,83.5,2.0,15.3,14.5
1291.916,74,104.0,941.0,0.0,8.0,8.33,83.5,2.0,15.3,14.9
1291.977,74,104.0,941.0,0.0,8.0,8.33,83.5,2.0,15.3,14.9
1292.066,74,105.0,941.0,0.0,8.0,8.33,83.5,2.0,15.3,14.9
1292.127,74,105.0,926.0,0.0,8.0,8.33,83.5,2.0,15.3,14.9
1292.216,74,105.0,926.0,1.0,8.0,8.33,83.5,2.0,15.3,14.9
1292.279,74,105.0,926.0,1.0,9.0,8.33,83.5,2.0,15.3,14.9
1292.366,74,105.0,926.0,1.0,9.0,8.58,83.5,2.0,15.3,14.9
1292.427,74,105.0,926.0,1.0,9.0,8.58,83.5,2.0,15.3,14.9
1292.516,74,105.0,926.0,1.0,9.0,8.58,83.5,2.0,15.3,14.9
1292.577,74,105.0,926.0,1.0,9.0,8.58,83.5,2.0,16.1,14.9
1292.666,74,105.0,926.0,1.0,9.0,8.58,83.5,2.0,16.1,15.7
1292.728,74,105.0,926.0,1.0,9.0,8.58,83.5,2.0,16.1,15.7
1292.816,74,106.0,926.0,1.0,9.0,8.58,83.5,2.0,16.1,15.7
1292.877,74,106.0,939.0,1.0,9.0,8.58,83.5,2.0,16.1,15.7
1292.967,74,106.0,939.0,2.0,9.0,8.58,83.5,2.0,16.1,15.7
1293.027,74,106.0,939.0,2.0,9.0,8.58,83.5,2.0,16.1,15.7
1293.116,74,106.0,939.0,2.0,9.0,8.74,83.5,2.0,16.1,15.7
1293.177,74,106.0,939.0,2.0,9.0,8.74,83.5,2.0,16.1,15.7
1293.266,74,106.0,939.0,2.0,9.0,8.74,83.5,2.0,16.1,15.7
1293.326,74,106.0,939.0,2.0,9.0,8.74,83.5,2.0,14.1,15.7
1293.416,74,106.0,939.0,2.0,9.0,8.74,83.5,2.0,14.1,14.5
1293.479,74,106.0,939.0,2.0,9.0,8.74,83.5,2.0,14.1,14.5
1293.567,74,106.0,939.0,2.0,9.0,8.74,83.5,2.0,14.1,14.5
1293.627,74,106.0,1003.0,2.0,9.0,8.74,83.5,2.0,14.1,14.5
1293.716,74,106.0,1003.0,3.0,9.0,8.74,83.5,2.0,14.1,14.5
1293.777,74,106.0,1003.0,3.0,10.0,8.74,83.5,2.0,14.1,14.5
1293.866,74,106.0,1003.0,3.0,10.0,8.55,83.5,2.0,14.1,14.5
1293.929,74,106.0,1003.0,3.0,10.0,8.55,83.5,2.0,14.1,14.5
1294.045,74,106.0,1003.0,3.0,10.0,8.55,83.5,2.0,14.1,14.5
1294.135,74,106.0,1003.0,3.0,10.0,8.55,83.5,2.0,14.1,14.5
1294.225,74,106.0,1003.0,3.0,10.0,8.55,83.5,2.0,14.1,14.5
1294.315,74,106.0,1003.0,3.0,10.0,8.55,83.5,2.0,14.1,14.5
1294.376,74,106.0,1003.0,3.0,10.0,8.55,83.5,2.0,14.1,14.5
1294.465,74,106.0,926.0,3.0,10.0,8.55,83.5,2.0,14.1,14.5
1294.527,74,106.0,926.0,2.0,10.0,8.55,83.5,2.0,14.1,14.5
1294.616,74,106.0,926.0,2.0,9.0,8.55,83.5,2.0,14.1,14.5
1294.709,74,106.0,926.0,2.0,9.0,8.36,83.5,2.0,14.1,14.5
1294.796,74,106.0,926.0,2.0,9.0,8.36,83.5,2.0,14.1,14.5
1294.886,74,106.0,926.0,2.0,9.0,8.36,83.5,2.0,14.1,14.5
1294.976,74,106.0,926.0,2.0,9.0,8.36,83.5,2.0,14.5,14.5
1295.067,74,106.0,926.0,2.0,9.0,8.36,83.5,2.0,14.5,14.5
1295.127,74,106.0,926.0,2.0,9.0,8.36,83.5,2.0,14.5,14.5
1295.217,74,106.0,926.0,2.0,9.0,8.36,83.5,2.0,14.5,14.5
1295.277,74,106.0,939.0,2.0,9.0,8.36,83.5,2.0,14.5,14.5
1295.366,74,106.0,939.0,2.0,9.0,8.36,83.5,2.0,14.5,14.5
1295.433,74,106.0,939.0,2.0,9.0,8.36,83.5,2.0,14.5,14.5
1295.516,74,106.0,939.0,2.0,9.0,8.77,83.5,2.0,14.5,14.5
1295.576,74,106.0,939.0,2.0,9.0,8.77,83.5,2.0,14.5,14.5
1295.666,74,106.0,939.0,2.0,9.0,8.77,83.5,2.0,14.5,14.5
1295.727,74,106.0,939.0,2.0,9.0,8.77,83.5,2.0,14.9,14.5
1295.816,74,106.0,939.0,2.0,9.0,8.77,83.5,2.0,14.9,14.5
1295.877,74,106.0,939.0,2.0,9.0,8.77,83.5,2.0,14.9,14.5
1295.966,74,106.0,939.0,2.0,9.0,8.77,83.5,2.0,14.9,14.5
1296.027,74,106.0,922.0,2.0,9.0,8.77,83.5,2.0,14.9,14.5
1296.116,74,106.0,922.0,2.0,9.0,8.77,83.5,2.0,14.9,14.5
1296.176,74,106.0,922.0,2.0,9.0,8.77,83.5,2.0,14.9,14.5
1296.267,74,106.0,922.0,2.0,9.0,8.72,83.5,2.0,14.9,14.5
1296.327,74,106.0,922.0,2.0,9.0,8.72,83.5,2.0,14.9,14.5
1296.416,74,106.0,922.0,2.0,9.0,8.72,83.5,2.0,14.9,14.5
1296.476,74,106.0,922.0,2.0,9.0,8.72,83.5,2.0,15.3,14.5
1296.566,74,106.0,922.0,2.0,9.0,8.72,83.5,2.0,15.3,14.9
1296.629,74,106.0,922.0,2.0,9.0,8.72,83.5,2.0,15.3,14.9
1296.716,74,106.0,922.0,2.0,9.0,8.72,83.5,2.0,15.3,14.9
1296.777,74,106.0,942.0,2.0,9.0,8.72,83.5,2.0,15.3,14.9
1296.866,74,106.0,942.0,2.0,9.0,8.72,83.5,2.0,15.3,14.9
1296.927,74,106.0,942.0,2.0,9.0,8.72,83.5,2.0,15.3,14.9
1297.016,74,106.0,942.0,2.0,9.0,8.77,83.5,2.0,15.3,14.9
1297.076,74,106.0,942.0,2.0,9.0,8.77,83.5,2.0,15.3,14.9
1297.166,74,106.0,942.0,2.0,9.0,8.77,83.5,2.0,15.3,14.9
1297.227,74,106.0,942.0,2.0,9.0,8.77,83.5,2.0,14.1,14.9
1297.316,74,106.0,942.0,2.0,9.0,8.77,83.5,2.0,14.1,14.5
1297.377,74,106.0,942.0,2.0,9.0,8.77,83.5,2.0,14.1,14.5
1297.466,74,106.0,942.0,2.0,9.0,8.77,83.5,2.0,14.1,14.5
1297.527,74,106.0,959.0,2.0,9.0,8.77,83.5,2.0,14.1,14.5
1297.619,74,106.0,959.0,2.0,9.0,8.77,83.5,2.0,14.1,14.5
1297.677,74,106.0,959.0,2.0,9.0,8.77,83.5,2.0,14.1,14.5
1297.767,74,106.0,959.0,2.0,9.0,8.88,83.5,2.0,14.1,14.5
1297.826,74,106.0,959.0,2.0,9.0,8.88,83.5,2.0,14.1,14.5
1297.916,74,106.0,959.0,2.0,9.0,8.88,83.5,2.0,14.1,14.5
1297.977,74,106.0,959.0,2.0,9.0,8.88,83.5,2.0,14.9,14.5
1298.067,74,106.0,959.0,2.0,9.0,8.88,83.5,2.0,14.9,14.5
1298.135,74,106.0,959.0,2.0,9.0,8.88,83.5,2.0,14.9,14.5
1298.216,74,106.0,959.0,2.0,9.0,8.88,83.5,2.0,14.9,14.5
1298.277,74,106.0,951.0,2.0,9.0,8.88,83.5,2.0,14.9,14.5
1298.366,74,106.0,951.0,2.0,9.0,8.88,83.5,2.0,14.9,14.5
1298.432,74,106.0,951.0,2.0,9.0,8.88,83.5,2.0,14.9,14.5
1298.546,74,106.0,951.0,2.0,9.0,8.8,83.5,2.0,14.9,14.5
1298.636,74,106.0,951.0,2.0,9.0,8.8,83.5,2.0,14.9,14.5
1298.727,74,106.0,951.0,2.0,9.0,8.8,83.5,2.0,14.9,14.5
1298.816,74,106.0,951.0,2.0,9.0,8.8,83.5,2.0,14.9,14.5
1298.877,74,106.0,951.0,2.0,9.0,8.8,83.5,2.0,14.9,14.5
1298.966,74,106.0,951.0,2.0,9.0,8.8,83.5,2.0,14.9,14.5
1299.027,74,106.0,951.0,2.0,9.0,8.8,83.5,2.0,14.9,14.5
1299.116,74,106.0,948.0,2.0,9.0,8.8,83.5,2.0,14.9,14.5
1299.177,74,106.0,948.0,1.0,9.0,8.8,83.5,2.0,14.9,14.5
1299.266,74,106.0,948.0,1.0,9.0,8.8,83.5,2.0,14.9,14.5
1299.327,74,106.0,948.0,1.0,9.0,8.74,83.5,2.0,14.9,14.5
1299.417,74,106.0,948.0,1.0,9.0,8.74,83.5,2.0,14.9,14.5
1299.478,74,106.0,948.0,1.0,9.0,8.74,83.5,2.0,14.9,14.5
1299.566,74,106.0,948.0,1.0,9.0,8.74,83.5,2.0,14.9,14.5
1299.628,74,106.0,948.0,1.0,9.0,8.74,83.5,2.0,14.9,14.5
1299.798,74,106.0,948.0,1.0,9.0,8.74,83.5,2.0,14.9,14.5
1299.877,74,106.0,948.0,1.0,9.0,8.74,83.5,2.0,14.9,14.5
1299.926,74,106.0,942.0,1.0,9.0,8.74,83.5,2.0,14.9,14.5
1300.015,74,106.0,942.0,1.0,9.0,8.74,83.5,2.0,14.9,14.5
1300.078,74,106.0,942.0,1.0,9.0,8.74,83.5,2.0,14.9,14.5
1300.165,74,106.0,942.0,1.0,9.0,8.83,83.5,2.0,14.9,14.5
1300.285,74,106.0,942.0,1.0,9.0,8.83,83.5,2.0,14.9,14.5
1300.375,74,106.0,942.0,1.0,9.0,8.83,83.5,2.0,14.9,14.5
1300.466,74,106.0,942.0,1.0,9.0,8.83,83.5,2.0,14.9,14.5
1300.527,74,106.0,942.0,1.0,9.0,8.83,83.5,2.0,14.9,14.9
1300.616,74,106.0,942.0,1.0,9.0,8.83,83.5,2.0,14.9,14.9
1300.706,74,106.0,942.0,1.0,9.0,8.83,83.5,2.0,14.9,14.9
1300.766,74,106.0,943.0,1.0,9.0,8.83,83.5,2.0,14.9,14.9
1300.826,74,106.0,943.0,2.0,9.0,8.83,83.5,2.0,14.9,14.9
1300.916,74,106.0,943.0,2.0,9.0,8.83,83.5,2.0,14.9,14.9
1300.977,74,106.0,943.0,2.0,9.0,8.74,83.5,2.0,14.9,14.9
1301.066,74,106.0,943.0,2.0,9.0,8.74,83.5,2.0,14.9,14.9
1301.126,74,106.0,943.0,2.0,9.0,8.74,83.5,2.0,14.9,14.9
1301.216,74,106.0,943.0,2.0,9.0,8.74,83.5,2.0,14.9,14.9
1301.277,74,106.0,943.0,2.0,9.0,8.74,83.5,2.0,14.9,14.5
1301.366,74,106.0,943.0,2.0,9.0,8.74,83.5,2.0,14.9,14.5
1301.428,74,106.0,943.0,2.0,9.0,8.74,83.5,2.0,14.9,14.5
1301.516,74,106.0,948.0,2.0,9.0,8.74,83.5,2.0,14.9,14.5
1301.578,74,106.0,948.0,2.0,9.0,8.74,83.5,2.0,14.9,14.5
1301.667,74,106.0,948.0,2.0,9.0,8.74,83.5,2.0,14.9,14.5
1301.727,74,106.0,948.0,2.0,9.0,8.8,83.5,2.0,14.9,14.5
1301.816,74,106.0,948.0,2.0,9.0,8.8,83.5,2.0,14.9,14.5
1301.876,74,106.0,948.0,2.0,9.0,8.8,83.5,2.0,14.9,14.5
1301.966,74,106.0,948.0,2.0,9.0,8.8,83.5,2.0,14.9,14.5
1302.028,74,106.0,948.0,2.0,9.0,8.8,83.5,2.0,14.9,14.5
1302.116,74,106.0,948.0,2.0,9.0,8.8,83.5,2.0,14.9,14.5
1302.178,74,106.0,948.0,2.0,9.0,8.8,83.5,2.0,14.9,14.5
1302.266,74,106.0,948.0,2.0,9.0,8.8,83.5,2.0,14.9,14.5
1302.328,74,106.0,948.0,2.0,9.0,8.8,83.5,2.0,14.9,14.5
1302.416,74,106.0,948.0,2.0,9.0,8.8,83.5,2.0,14.9,14.5
1302.479,74,106.0,948.0,2.0,9.0,8.8,83.5,2.0,14.9,14.5
1302.566,74,106.0,948.0,2.0,9.0,8.8,83.5,2.0,14.9,14.5
1302.626,74,106.0,948.0,2.0,9.0,8.8,83.5,2.0,14.9,14.5
1302.716,74,106.0,948.0,2.0,9.0,8.8,83.5,2.0,14.1,14.5
1302.777,74,106.0,948.0,2.0,9.0,8.8,83.5,2.0,14.1,14.5
1302.868,74,106.0,948.0,2.0,9.0,8.8,83.5,2.0,14.1,14.5
1302.926,74,106.0,948.0,2.0,9.0,8.8,83.5,2.0,14.1,14.5
1303.024,74,106.0,985.0,2.0,9.0,8.8,83.5,2.0,14.1,14.5
1303.076,74,106.0,985.0,2.0,9.0,8.8,83.5,2.0,14.1,14.5
1303.166,74,106.0,985.0,2.0,10.0,8.8,83.5,2.0,14.1,14.5
1303.227,74,106.0,985.0,2.0,10.0,8.69,83.5,2.0,14.1,14.5
1303.316,74,106.0,985.0,2.0,10.0,8.69,83.5,2.0,14.1,14.5
1303.436,74,106.0,985.0,2.0,10.0,8.69,83.5,2.0,14.1,14.5
1303.586,74,106.0,985.0,2.0,10.0,8.69,83.5,2.0,14.1,14.5
1303.678,74,106.0,985.0,2.0,10.0,8.69,83.5,2.0,14.1,14.5
1303.766,74,106.0,985.0,2.0,10.0,8.69,83.5,2.0,14.1,14.5
1303.827,74,106.0,985.0,2.0,10.0,8.69,83.5,2.0,14.1,14.5
1303.916,74,106.0,914.0,2.0,10.0,8.69,83.5,2.0,14.1,14.5
1303.977,74,106.0,914.0,1.0,10.0,8.69,83.5,2.0,14.1,14.5
1304.066,74,106.0,914.0,1.0,9.0,8.69,83.5,2.0,14.1,14.5
1304.127,74,106.0,914.0,1.0,9.0,8.27,83.5,2.0,14.1,14.5
1304.216,74,106.0,914.0,1.0,9.0,8.27,83.5,2.0,14.1,14.5
1304.277,74,106.0,914.0,1.0,9.0,8.27,83.5,2.0,14.1,14.5
1304.366,74,106.0,914.0,1.0,9.0,8.27,83.5,2.0,14.1,14.5
1304.427,74,106.0,914.0,1.0,9.0,8.27,83.5,2.0,14.1,14.5
1304.516,74,106.0,914.0,1.0,9.0,8.27,83.5,2.0,14.1,14.5
1304.577,74,106.0,914.0,1.0,9.0,8.27,83.5,2.0,14.1,14.5
1304.666,74,106.0,867.0,1.0,9.0,8.27,83.5,2.0,14.1,14.5
1304.728,74,106.0,867.0,0.0,9.0,8.27,83.5,2.0,14.1,14.5
1304.82,74,106.0,867.0,0.0,9.0,8.27,83.5,2.0,14.1,14.5
1304.876,74,106.0,867.0,0.0,9.0,7.83,83.5,2.0,14.1,14.5
1304.966,74,106.0,867.0,0.0,9.0,7.83,83.5,2.0,14.1,14.5
1305.028,74,106.0,867.0,0.0,9.0,7.83,83.5,2.0,14.1,14.5
1305.116,74,106.0,867.0,0.0,9.0,7.83,83.5,2.0,14.1,14.5
1305.176,74,106.0,867.0,0.0,9.0,7.83,83.5,2.0,14.1,14.5
1305.266,74,106.0,867.0,0.0,9.0,7.83,83.5,2.0,14.1,14.5
1305.327,74,105.0,867.0,0.0,9.0,7.83,83.5,2.0,14.1,14.5
1305.416,74,105.0,825.0,0.0,9.0,7.83,83.5,2.0,14.1,14.5
1305.477,74,105.0,825.0,0.0,9.0,7.83,83.5,2.0,14.1,14.5
1305.566,74,105.0,825.0,0.0,8.0,7.83,83.5,2.0,14.1,14.5
1305.627,74,105.0,825.0,0.0,8.0,7.63,83.5,2.0,14.1,14.5
1305.716,74,105.0,825.0,0.0,8.0,7.63,83.5,2.0,14.1,14.5
1305.78,74,105.0,825.0,0.0,8.0,7.63,83.5,2.0,14.1,14.5
1305.866,74,105.0,825.0,0.0,8.0,7.63,83.5,2.0,14.1,14.5
1305.927,74,105.0,825.0,0.0,8.0,7.63,83.5,2.0,14.1,14.5
1306.016,74,105.0,825.0,0.0,8.0,7.63,83.5,2.0,14.1,14.5
1306.077,74,104.0,825.0,0.0,8.0,7.63,83.5,2.0,14.1,14.5
1306.166,74,104.0,790.0,0.0,8.0,7.63,83.5,2.0,14.1,14.5
1306.227,74,104.0,790.0,0.0,8.0,7.63,83.5,2.0,14.1,14.5
1306.316,74,104.0,790.0,0.0,8.0,7.63,83.5,2.0,14.1,14.5
1306.378,74,104.0,790.0,0.0,8.0,7.08,83.5,2.0,14.1,14.5
1306.471,74,104.0,790.0,0.0,8.0,7.08,83.5,2.0,14.1,14.5
1306.527,74,104.0,790.0,0.0,8.0,7.08,83.5,2.0,14.1,14.5
1306.616,74,104.0,790.0,0.0,8.0,7.08,83.5,2.0,14.1,14.5
1306.677,74,104.0,790.0,0.0,8.0,7.08,83.5,2.0,14.1,14.5
1306.766,74,104.0,790.0,0.0,8.0,7.08,83.5,2.0,14.1,14.5
1306.826,74,104.0,790.0,0.0,8.0,7.08,83.5,2.0,14.1,14.5
1306.916,74,104.0,772.0,0.0,8.0,7.08,83.5,2.0,14.1,14.5
1306.985,74,104.0,772.0,0.0,8.0,7.08,83.5,2.0,14.1,14.5
1307.066,74,104.0,772.0,0.0,8.0,7.08,83.5,2.0,14.1,14.5
1307.147,74,104.0,772.0,0.0,8.0,7.08,83.5,2.0,14.1,14.5
1307.216,74,104.0,772.0,0.0,8.0,7.08,79.6,2.0,14.1,14.5
1307.277,74,104.0,772.0,0.0,8.0,7.08,79.6,2.0,14.1,14.5
1307.365,74,104.0,772.0,0.0,8.0,7.08,79.6,2.0,14.1,14.5
1307.426,74,104.0,772.0,0.0,8.0,7.08,79.6,2.0,14.1,14.5
1307.516,74,104.0,772.0,0.0,8.0,7.08,79.6,2.0,14.1,14.5
1307.577,74,52.0,772.0,0.0,8.0,7.08,79.6,2.0,14.1,14.5
1307.666,74,52.0,567.0,0.0,8.0,7.08,79.6,2.0,14.1,14.5
1307.726,74,52.0,567.0,0.0,8.0,7.08,79.6,2.0,14.1,14.5
1307.816,74,52.0,567.0,0.0,8.0,7.08,79.6,2.0,14.1,14.5
1307.877,74,52.0,567.0,0.0,8.0,0.0,79.6,2.0,14.1,14.5
1307.966,74,52.0,567.0,0.0,8.0,0.0,13.7,2.0,14.1,14.5
1308.027,74,52.0,567.0,0.0,8.0,0.0,13.7,2.0,14.1,14.5
1308.117,74,52.0,567.0,0.0,8.0,0.0,13.7,2.0,14.1,14.5
1308.176,74,52.0,567.0,0.0,8.0,0.0,13.7,2.0,14.1,14.5
1308.269,74,52.0,567.0,0.0,8.0,0.0,13.7,2.0,14.1,14.5
1308.327,74,42.0,567.0,0.0,8.0,0.0,13.7,2.0,14.1,14.5
