timestamp,coolant_temp,map,rpm,speed,iat,maf,throttle_pos,ambient_temp,pedal_d,pedal_e
0.81,11,102.0,941.0,0.0,10.0,16.94,83.1,6.0,14.1,14.5
0.9,11,102.0,941.0,0.0,10.0,16.94,83.1,6.0,14.1,14.5
1.02,11,102.0,941.0,0.0,10.0,16.94,83.1,6.0,14.1,14.5
1.11,11,102.0,941.0,0.0,10.0,16.94,83.1,6.0,14.1,14.5
1.2,11,102.0,941.0,0.0,10.0,16.94,83.1,6.0,14.1,14.5
1.29,11,102.0,941.0,0.0,10.0,16.94,83.1,6.0,14.1,14.5
1.38,11,102.0,941.0,0.0,10.0,16.99,83.1,6.0,14.1,14.5
1.47,11,102.0,941.0,0.0,10.0,16.99,83.1,6.0,14.1,14.5
1.56,11,102.0,941.0,0.0,10.0,16.99,83.1,6.0,14.1,14.5
1.65,11,102.0,941.0,0.0,10.0,16.99,83.1,6.0,14.1,14.5
1.74,11,102.0,941.0,0.0,10.0,16.99,83.1,6.0,14.1,14.5
1.83,11,102.0,941.0,0.0,10.0,16.99,83.1,6.0,14.1,14.5
1.938,11,102.0,941.0,0.0,10.0,16.99,83.1,6.0,14.1,14.5
2.041,11,102.0,941.0,0.0,10.0,16.99,83.1,6.0,14.1,14.5
2.13,11,102.0,941.0,0.0,10.0,16.99,83.1,6.0,14.1,14.5
2.224,11,102.0,941.0,0.0,10.0,16.99,83.1,6.0,14.1,14.5
2.31,11,102.0,941.0,0.0,10.0,17.16,83.1,6.0,14.1,14.5
2.4,11,102.0,941.0,0.0,10.0,17.16,83.1,6.0,14.1,14.5
2.49,11,102.0,941.0,0.0,10.0,17.16,83.1,6.0,14.1,14.5
2.581,11,102.0,941.0,0.0,10.0,17.16,83.1,6.0,14.1,14.5
2.67,11,102.0,941.0,0.0,10.0,17.16,83.1,6.0,14.1,14.5
2.76,11,102.0,941.0,0.0,10.0,17.16,83.1,6.0,14.1,14.5
2.851,11,102.0,941.0,0.0,10.0,17.16,83.1,6.0,14.1,14.5
2.94,11,102.0,942.0,0.0,10.0,17.16,83.1,6.0,14.1,14.5
3.03,11,102.0,942.0,0.0,10.0,17.16,83.1,6.0,14.1,14.5
3.12,11,102.0,942.0,0.0,10.0,17.16,83.1,6.0,14.1,14.5
3.21,11,102.0,942.0,0.0,10.0,16.97,83.1,6.0,14.1,14.5
3.302,11,102.0,942.0,0.0,10.0,16.97,83.1,6.0,14.1,14.5
3.39,11,102.0,942.0,0.0,10.0,16.97,83.1,6.0,14.1,14.5
3.48,11,102.0,942.0,0.0,10.0,16.97,83.1,6.0,14.1,14.5
3.57,11,102.0,942.0,0.0,10.0,16.97,83.1,6.0,14.1,14.5
3.66,11,102.0,942.0,0.0,10.0,16.97,83.1,6.0,14.1,14.5
3.75,11,102.0,942.0,0.0,10.0,16.97,83.1,6.0,14.1,14.5
3.84,11,102.0,942.0,0.0,10.0,16.97,83.1,6.0,14.1,14.5
3.93,11,102.0,942.0,0.0,10.0,16.97,83.1,6.0,14.1,14.5
4.02,11,102.0,942.0,0.0,10.0,16.97,83.1,6.0,14.1,14.5
4.11,11,102.0,942.0,0.0,10.0,17.02,83.1,6.0,14.1,14.5
4.202,11,102.0,942.0,0.0,10.0,17.02,83.1,6.0,14.1,14.5
4.29,11,102.0,942.0,0.0,10.0,17.02,83.1,6.0,14.1,14.5
4.38,11,102.0,942.0,0.0,10.0,17.02,83.1,6.0,14.1,14.5
4.47,11,102.0,942.0,0.0,10.0,17.02,83.1,6.0,14.1,14.5
4.56,11,102.0,942.0,0.0,10.0,17.02,83.1,6.0,14.1,14.5
4.652,11,102.0,942.0,0.0,10.0,17.02,83.1,6.0,14.1,14.5
4.74,11,102.0,940.0,0.0,10.0,17.02,83.1,6.0,14.1,14.5
4.83,11,102.0,940.0,0.0,10.0,17.02,83.1,6.0,14.1,14.5
4.92,11,102.0,940.0,0.0,10.0,17.02,83.1,6.0,14.1,14.5
5.01,11,102.0,940.0,0.0,10.0,17.11,83.1,6.0,14.1,14.5
5.1,11,102.0,940.0,0.0,10.0,17.11,83.1,6.0,14.1,14.5
5.19,11,102.0,940.0,0.0,10.0,17.11,83.1,6.0,14.1,14.5
5.28,11,102.0,940.0,0.0,10.0,17.11,83.1,6.0,14.1,14.5
5.37,11,102.0,940.0,0.0,10.0,17.11,83.1,6.0,14.1,14.5
5.46,11,102.0,940.0,0.0,10.0,17.11,83.1,6.0,14.1,14.5
5.551,11,102.0,940.0,0.0,10.0,17.11,83.1,6.0,14.1,14.5
5.64,11,102.0,939.0,0.0,10.0,17.11,83.1,6.0,14.1,14.5
5.73,11,102.0,939.0,0.0,10.0,17.11,83.1,6.0,14.1,14.5
5.82,11,102.0,939.0,0.0,10.0,17.11,83.1,6.0,14.1,14.5
5.91,11,102.0,939.0,0.0,10.0,16.94,83.1,6.0,14.1,14.5
6.001,11,102.0,939.0,0.0,10.0,16.94,83.1,6.0,14.1,14.5
6.09,11,102.0,939.0,0.0,10.0,16.94,83.1,6.0,14.1,14.5
6.18,11,102.0,939.0,0.0,10.0,16.94,83.1,6.0,14.1,14.5
6.27,11,102.0,939.0,0.0,10.0,16.94,83.1,6.0,14.1,14.5
6.36,11,102.0,939.0,0.0,10.0,16.94,83.1,6.0,14.1,14.5
6.45,11,102.0,939.0,0.0,10.0,16.94,83.1,6.0,14.1,14.5
6.54,11,102.0,940.0,0.0,10.0,16.94,83.1,6.0,14.1,14.5
6.63,11,102.0,940.0,0.0,10.0,16.94,83.1,6.0,14.1,14.5
6.72,11,102.0,940.0,0.0,10.0,16.94,83.1,6.0,14.1,14.5
6.81,11,102.0,940.0,0.0,10.0,17.08,83.1,6.0,14.1,14.5
6.9,11,102.0,940.0,0.0,10.0,17.08,83.1,6.0,14.1,14.5
6.99,11,102.0,940.0,0.0,10.0,17.08,83.1,6.0,14.1,14.5
7.08,11,102.0,940.0,0.0,10.0,17.08,83.1,6.0,14.1,14.5
7.17,11,102.0,940.0,0.0,10.0,17.08,83.1,6.0,14.1,14.5
7.26,11,102.0,940.0,0.0,10.0,17.08,83.1,6.0,14.1,14.5
7.35,11,102.0,940.0,0.0,10.0,17.08,83.1,6.0,14.1,14.5
7.44,11,102.0,939.0,0.0,10.0,17.08,83.1,6.0,14.1,14.5
7.53,11,102.0,939.0,0.0,10.0,17.08,83.1,6.0,14.1,14.5
7.62,11,102.0,939.0,0.0,10.0,17.08,83.1,6.0,14.1,14.5
7.71,11,102.0,939.0,0.0,10.0,16.8,83.1,6.0,14.1,14.5
7.8,11,102.0,939.0,0.0,10.0,16.8,83.1,6.0,14.1,14.5
7.89,11,102.0,939.0,0.0,10.0,16.8,83.1,6.0,14.1,14.5
7.98,11,102.0,939.0,0.0,10.0,16.8,83.1,6.0,14.1,14.5
8.07,11,102.0,939.0,0.0,10.0,16.8,83.1,6.0,14.1,14.5
8.16,11,102.0,939.0,0.0,10.0,16.8,83.1,6.0,14.1,14.5
8.25,11,102.0,939.0,0.0,10.0,16.8,83.1,6.0,14.1,14.5
8.34,11,102.0,942.0,0.0,10.0,16.8,83.1,6.0,14.1,14.5
8.43,11,102.0,942.0,0.0,10.0,16.8,83.1,6.0,14.1,14.5
8.52,11,102.0,942.0,0.0,10.0,16.8,83.1,6.0,14.1,14.5
8.61,11,102.0,942.0,0.0,10.0,16.86,83.1,6.0,14.1,14.5
8.7,11,102.0,942.0,0.0,10.0,16.86,83.1,6.0,14.1,14.5
8.79,11,102.0,942.0,0.0,10.0,16.86,83.1,6.0,14.1,14.5
8.88,11,102.0,942.0,0.0,10.0,16.86,83.1,6.0,14.1,14.5
8.97,11,102.0,942.0,0.0,10.0,16.86,83.1,6.0,14.1,14.5
9.06,12,102.0,942.0,0.0,10.0,16.86,83.1,6.0,14.1,14.5
9.15,12,102.0,942.0,0.0,10.0,16.86,83.1,6.0,14.1,14.5
9.24,12,102.0,940.0,0.0,10.0,16.86,83.1,6.0,14.1,14.5
9.33,12,102.0,940.0,0.0,10.0,16.86,83.1,6.0,14.1,14.5
9.42,12,102.0,940.0,0.0,10.0,16.86,83.1,6.0,14.1,14.5
9.51,12,102.0,940.0,0.0,10.0,16.74,83.1,6.0,14.1,14.5
9.6,12,102.0,940.0,0.0,10.0,16.74,83.1,6.0,14.1,14.5
9.69,12,102.0,940.0,0.0,10.0,16.74,83.1,6.0,14.1,14.5
9.78,12,102.0,940.0,0.0,10.0,16.74,83.1,6.0,14.1,14.5
9.87,12,102.0,940.0,0.0,10.0,16.74,83.1,6.0,14.1,14.5
9.96,12,102.0,940.0,0.0,10.0,16.74,83.1,6.0,14.1,14.5
10.05,12,102.0,940.0,0.0,10.0,16.74,83.1,6.0,14.1,14.5
10.14,12,102.0,939.0,0.0,10.0,16.74,83.1,6.0,14.1,14.5
10.23,12,102.0,939.0,0.0,10.0,16.74,83.1,6.0,14.1,14.5
10.32,12,102.0,939.0,0.0,10.0,16.74,83.1,6.0,14.1,14.5
10.41,12,102.0,939.0,0.0,10.0,16.55,83.1,6.0,14.1,14.5
10.5,12,102.0,939.0,0.0,10.0,16.55,83.1,6.0,14.1,14.5
10.59,12,102.0,939.0,0.0,10.0,16.55,83.1,6.0,14.1,14.5
10.68,12,102.0,939.0,0.0,10.0,16.55,83.1,6.0,14.1,14.5
10.77,12,102.0,939.0,0.0,10.0,16.55,83.1,6.0,14.1,14.5
10.86,12,102.0,939.0,0.0,10.0,16.55,83.1,6.0,14.1,14.5
10.95,12,102.0,939.0,0.0,10.0,16.55,83.1,6.0,14.1,14.5
11.04,12,102.0,940.0,0.0,10.0,16.55,83.1,6.0,14.1,14.5
11.13,12,102.0,940.0,0.0,10.0,16.55,83.1,6.0,14.1,14.5
11.22,12,102.0,940.0,0.0,10.0,16.55,83.1,6.0,14.1,14.5
11.31,12,102.0,940.0,0.0,10.0,16.97,83.1,6.0,14.1,14.5
11.4,12,102.0,940.0,0.0,10.0,16.97,83.1,6.0,14.1,14.5
11.49,12,102.0,940.0,0.0,10.0,16.97,83.1,6.0,14.1,14.5
11.58,12,102.0,940.0,0.0,10.0,16.97,83.1,6.0,14.5,14.5
11.67,12,102.0,940.0,0.0,10.0,16.97,83.1,6.0,14.5,14.5
11.76,12,102.0,940.0,0.0,10.0,16.97,83.1,6.0,14.5,14.5
11.85,12,103.0,940.0,0.0,10.0,16.97,83.1,6.0,14.5,14.5
11.94,12,103.0,933.0,0.0,10.0,16.97,83.1,6.0,14.5,14.5
12.03,12,103.0,933.0,0.0,10.0,16.97,83.1,6.0,14.5,14.5
12.12,12,103.0,933.0,0.0,10.0,16.97,83.1,6.0,14.5,14.5
12.21,12,103.0,933.0,0.0,10.0,16.52,83.1,6.0,14.5,14.5
12.3,12,103.0,933.0,0.0,10.0,16.52,83.1,6.0,14.5,14.5
12.39,12,103.0,933.0,0.0,10.0,16.52,83.1,6.0,14.5,14.5
12.48,12,103.0,933.0,0.0,10.0,16.52,83.1,6.0,14.5,14.5
12.57,12,103.0,933.0,0.0,10.0,16.52,83.1,6.0,14.5,14.1
12.66,12,103.0,933.0,0.0,10.0,16.52,83.1,6.0,14.5,14.1
12.75,12,103.0,933.0,0.0,10.0,16.52,83.1,6.0,14.5,14.1
12.84,12,103.0,935.0,0.0,10.0,16.52,83.1,6.0,14.5,14.1
12.93,12,103.0,935.0,0.0,10.0,16.52,83.1,6.0,14.5,14.1
13.02,12,103.0,935.0,0.0,10.0,16.52,83.1,6.0,14.5,14.1
13.11,12,103.0,935.0,0.0,10.0,16.94,83.1,6.0,14.5,14.1
13.2,12,103.0,935.0,0.0,10.0,16.94,83.1,6.0,14.5,14.1
13.29,12,103.0,935.0,0.0,10.0,16.94,83.1,6.0,14.5,14.1
13.38,12,103.0,935.0,0.0,10.0,16.94,83.1,6.0,14.1,14.1
13.47,12,103.0,935.0,0.0,10.0,16.94,83.1,6.0,14.1,14.5
13.56,12,103.0,935.0,0.0,10.0,16.94,83.1,6.0,14.1,14.5
13.65,12,103.0,935.0,0.0,10.0,16.94,83.1,6.0,14.1,14.5
13.74,12,103.0,951.0,0.0,10.0,16.94,83.1,6.0,14.1,14.5
13.83,12,103.0,951.0,0.0,10.0,16.94,83.1,6.0,14.1,14.5
13.92,12,103.0,951.0,0.0,10.0,16.94,83.1,6.0,14.1,14.5
14.01,12,103.0,951.0,0.0,10.0,17.05,83.1,6.0,14.1,14.5
14.1,12,103.0,951.0,0.0,10.0,17.05,83.1,6.0,14.1,14.5
14.19,12,103.0,951.0,0.0,10.0,17.05,83.1,6.0,14.1,14.5
14.28,12,103.0,951.0,0.0,10.0,17.05,83.1,6.0,14.5,14.5
14.369,12,103.0,951.0,0.0,10.0,17.05,83.1,6.0,14.5,14.5
14.46,12,103.0,951.0,0.0,10.0,17.05,83.1,6.0,14.5,14.5
14.55,12,103.0,951.0,0.0,10.0,17.05,83.1,6.0,14.5,14.5
14.64,12,103.0,940.0,0.0,10.0,17.05,83.1,6.0,14.5,14.5
14.729,12,103.0,940.0,0.0,10.0,17.05,83.1,6.0,14.5,14.5
14.82,12,103.0,940.0,0.0,10.0,17.05,83.1,6.0,14.5,14.5
14.91,12,103.0,940.0,0.0,10.0,17.02,83.1,6.0,14.5,14.5
15.0,12,103.0,940.0,0.0,10.0,17.02,83.1,6.0,14.5,14.5
15.09,12,103.0,940.0,0.0,10.0,17.02,83.1,6.0,14.5,14.5
15.179,12,103.0,940.0,0.0,10.0,17.02,83.1,6.0,14.5,14.5
15.27,12,103.0,940.0,0.0,10.0,17.02,83.1,6.0,14.5,14.5
15.36,12,103.0,940.0,0.0,10.0,17.02,83.1,6.0,14.5,14.5
15.45,12,103.0,940.0,0.0,10.0,17.02,83.1,6.0,14.5,14.5
15.54,12,103.0,955.0,0.0,10.0,17.02,83.1,6.0,14.5,14.5
15.63,12,103.0,955.0,1.0,10.0,17.02,83.1,6.0,14.5,14.5
15.719,12,103.0,955.0,1.0,10.0,17.02,83.1,6.0,14.5,14.5
15.81,12,103.0,955.0,1.0,10.0,17.52,83.1,6.0,14.5,14.5
15.901,12,103.0,955.0,1.0,10.0,17.52,83.1,6.0,14.5,14.5
15.99,12,103.0,955.0,1.0,10.0,17.52,83.1,6.0,14.5,14.5
16.08,12,103.0,955.0,1.0,10.0,17.52,83.1,6.0,14.1,14.5
16.17,12,103.0,955.0,1.0,10.0,17.52,83.1,6.0,14.1,14.5
16.26,12,103.0,955.0,1.0,10.0,17.52,83.1,6.0,14.1,14.5
16.35,12,103.0,955.0,1.0,10.0,17.52,83.1,6.0,14.1,14.5
16.44,12,103.0,945.0,1.0,10.0,17.52,83.1,6.0,14.1,14.5
16.53,12,103.0,945.0,1.0,10.0,17.52,83.1,6.0,14.1,14.5
16.62,12,103.0,945.0,1.0,10.0,17.52,83.1,6.0,14.1,14.5
16.71,12,103.0,945.0,1.0,10.0,16.86,83.1,6.0,14.1,14.5
16.8,12,103.0,945.0,1.0,10.0,16.86,83.1,6.0,14.1,14.5
16.89,12,103.0,945.0,1.0,10.0,16.86,83.1,6.0,14.1,14.5
16.98,12,103.0,945.0,1.0,10.0,16.86,83.1,6.0,14.5,14.5
17.07,12,103.0,945.0,1.0,10.0,16.86,83.1,6.0,14.5,14.5
17.16,12,103.0,945.0,1.0,10.0,16.86,83.1,6.0,14.5,14.5
17.249,12,103.0,945.0,1.0,10.0,16.86,83.1,6.0,14.5,14.5
17.34,12,103.0,940.0,1.0,10.0,16.86,83.1,6.0,14.5,14.5
17.43,12,103.0,940.0,2.0,10.0,16.86,83.1,6.0,14.5,14.5
17.52,12,103.0,940.0,2.0,10.0,16.86,83.1,6.0,14.5,14.5
17.61,12,103.0,940.0,2.0,10.0,17.27,83.1,6.0,14.5,14.5
17.699,12,103.0,940.0,2.0,10.0,17.27,83.1,6.0,14.5,14.5
17.79,12,103.0,940.0,2.0,10.0,17.27,83.1,6.0,14.5,14.5
17.88,12,103.0,940.0,2.0,10.0,17.27,83.1,6.0,14.1,14.5
17.969,12,103.0,940.0,2.0,10.0,17.27,83.1,6.0,14.1,14.5
18.06,12,103.0,940.0,2.0,10.0,17.27,83.1,6.0,14.1,14.5
18.15,12,103.0,940.0,2.0,10.0,17.27,83.1,6.0,14.1,14.5
18.24,12,103.0,973.0,2.0,10.0,17.27,83.1,6.0,14.1,14.5
18.33,12,103.0,973.0,2.0,10.0,17.27,83.1,6.0,14.1,14.5
18.42,12,103.0,973.0,2.0,10.0,17.27,83.1,6.0,14.1,14.5
18.51,12,103.0,973.0,2.0,10.0,17.52,83.1,6.0,14.1,14.5
18.6,12,103.0,973.0,2.0,10.0,17.52,83.1,6.0,14.1,14.5
18.69,12,103.0,973.0,2.0,10.0,17.52,83.1,6.0,14.1,14.5
18.779,12,103.0,973.0,2.0,10.0,17.52,83.1,6.0,14.5,14.5
18.87,12,103.0,973.0,2.0,10.0,17.52,83.1,6.0,14.5,14.5
18.96,12,103.0,973.0,2.0,10.0,17.52,83.1,6.0,14.5,14.5
19.05,12,103.0,973.0,2.0,10.0,17.52,83.1,6.0,14.5,14.5
19.14,12,103.0,956.0,2.0,10.0,17.52,83.1,6.0,14.5,14.5
19.23,12,103.0,956.0,2.0,10.0,17.52,83.1,6.0,14.5,14.5
19.322,12,103.0,956.0,2.0,10.0,17.52,83.1,6.0,14.5,14.5
19.41,12,103.0,956.0,2.0,10.0,17.55,83.1,6.0,14.5,14.5
19.501,12,103.0,956.0,2.0,10.0,17.55,83.1,6.0,14.5,14.5
19.589,12,103.0,956.0,2.0,10.0,17.55,83.1,6.0,14.5,14.5
19.68,12,103.0,956.0,2.0,10.0,17.55,83.1,6.0,14.5,14.5
19.77,12,103.0,956.0,2.0,10.0,17.55,83.1,6.0,14.5,14.5
19.86,12,103.0,956.0,2.0,10.0,17.55,83.1,6.0,14.5,14.5
19.95,12,103.0,956.0,2.0,10.0,17.55,83.1,6.0,14.5,14.5
20.04,12,103.0,946.0,2.0,10.0,17.55,83.1,6.0,14.5,14.5
20.129,12,103.0,946.0,2.0,10.0,17.55,83.1,6.0,14.5,14.5
20.22,12,103.0,946.0,2.0,10.0,17.55,83.1,6.0,14.5,14.5
20.31,12,103.0,946.0,2.0,10.0,17.24,83.1,6.0,14.5,14.5
20.4,12,103.0,946.0,2.0,10.0,17.24,83.1,6.0,14.5,14.5
20.49,12,103.0,946.0,2.0,10.0,17.24,83.1,6.0,14.5,14.5
20.58,12,103.0,946.0,2.0,10.0,17.24,83.1,6.0,14.1,14.5
20.67,12,103.0,946.0,2.0,10.0,17.24,83.1,6.0,14.1,14.5
20.76,12,103.0,946.0,2.0,10.0,17.24,83.1,6.0,14.1,14.5
20.85,12,103.0,946.0,2.0,10.0,17.24,83.1,6.0,14.1,14.5
20.939,12,103.0,947.0,2.0,10.0,17.24,83.1,6.0,14.1,14.5
21.03,12,103.0,947.0,2.0,10.0,17.24,83.1,6.0,14.1,14.5
21.12,12,103.0,947.0,2.0,10.0,17.24,83.1,6.0,14.1,14.5
21.209,12,103.0,947.0,2.0,10.0,17.11,83.1,6.0,14.1,14.5
21.3,12,103.0,947.0,2.0,10.0,17.11,83.1,6.0,14.1,14.5
21.39,12,103.0,947.0,2.0,10.0,17.11,83.1,6.0,14.1,14.5
21.48,12,103.0,947.0,2.0,10.0,17.11,83.1,6.0,14.1,14.5
21.569,12,103.0,947.0,2.0,10.0,17.11,83.1,6.0,14.1,14.5
21.66,12,103.0,947.0,2.0,10.0,17.11,83.1,6.0,14.1,14.5
21.749,12,103.0,947.0,2.0,10.0,17.11,83.1,6.0,14.1,14.5
21.84,12,103.0,940.0,2.0,10.0,17.11,83.1,6.0,14.1,14.5
21.93,12,103.0,940.0,2.0,10.0,17.11,83.1,6.0,14.1,14.5
22.02,12,103.0,940.0,2.0,10.0,17.11,83.1,6.0,14.1,14.5
22.11,12,103.0,940.0,2.0,10.0,17.13,83.1,6.0,14.1,14.5
22.2,12,103.0,940.0,2.0,10.0,17.13,83.1,6.0,14.1,14.5
22.29,12,103.0,940.0,2.0,10.0,17.13,83.1,6.0,14.1,14.5
22.38,12,103.0,940.0,2.0,10.0,17.13,83.1,6.0,14.9,14.5
22.47,12,103.0,940.0,2.0,10.0,17.13,83.1,6.0,14.9,14.5
22.56,12,103.0,940.0,2.0,10.0,17.13,83.1,6.0,14.9,14.5
22.65,12,103.0,940.0,2.0,10.0,17.13,83.1,6.0,14.9,14.5
22.741,12,103.0,946.0,2.0,10.0,17.13,83.1,6.0,14.9,14.5
22.83,12,103.0,946.0,1.0,10.0,17.13,83.1,6.0,14.9,14.5
22.92,12,103.0,946.0,1.0,10.0,17.13,83.1,6.0,14.9,14.5
23.01,12,103.0,946.0,1.0,10.0,16.97,83.1,6.0,14.9,14.5
23.101,12,103.0,946.0,1.0,10.0,16.97,83.1,6.0,14.9,14.5
23.19,12,103.0,946.0,1.0,10.0,16.97,83.1,6.0,14.9,14.5
23.28,12,103.0,946.0,1.0,10.0,16.97,83.1,6.0,14.9,14.5
23.369,12,103.0,946.0,1.0,10.0,16.97,83.1,6.0,14.9,14.9
23.46,12,103.0,946.0,1.0,10.0,16.97,83.1,6.0,14.9,14.9
23.549,12,103.0,946.0,1.0,10.0,16.97,83.1,6.0,14.9,14.9
23.639,12,103.0,916.0,1.0,10.0,16.97,83.1,6.0,14.9,14.9
23.729,12,103.0,916.0,1.0,10.0,16.97,83.1,6.0,14.9,14.9
23.82,12,103.0,916.0,1.0,10.0,16.97,83.1,6.0,14.9,14.9
23.909,12,103.0,916.0,1.0,10.0,16.36,83.1,6.0,14.9,14.9
24.0,12,103.0,916.0,1.0,10.0,16.36,83.1,6.0,14.9,14.9
24.09,12,103.0,916.0,1.0,10.0,16.36,83.1,6.0,14.9,14.9
24.18,12,103.0,916.0,1.0,10.0,16.36,83.1,6.0,14.9,14.9
24.27,12,103.0,916.0,1.0,10.0,16.36,83.1,6.0,14.9,14.5
24.36,12,103.0,916.0,1.0,10.0,16.36,83.1,6.0,14.9,14.5
24.45,12,103.0,916.0,1.0,10.0,16.36,83.1,6.0,14.9,14.5
24.54,12,103.0,928.0,1.0,10.0,16.36,83.1,6.0,14.9,14.5
24.63,12,103.0,928.0,2.0,10.0,16.36,83.1,6.0,14.9,14.5
24.72,12,103.0,928.0,2.0,10.0,16.36,83.1,6.0,14.9,14.5
24.81,12,103.0,928.0,2.0,10.0,16.63,83.1,6.0,14.9,14.5
24.9,12,103.0,928.0,2.0,10.0,16.63,83.1,6.0,14.9,14.5
24.99,12,103.0,928.0,2.0,10.0,16.63,83.1,6.0,14.9,14.5
25.08,12,103.0,928.0,2.0,10.0,16.63,83.1,6.0,14.5,14.5
25.169,12,103.0,928.0,2.0,10.0,16.63,83.1,6.0,14.5,14.5
25.259,12,103.0,928.0,2.0,10.0,16.63,83.1,6.0,14.5,14.5
25.35,12,103.0,928.0,2.0,10.0,16.63,83.1,6.0,14.5,14.5
25.44,12,103.0,926.0,2.0,10.0,16.63,83.1,6.0,14.5,14.5
25.53,12,103.0,926.0,3.0,10.0,16.63,83.1,6.0,14.5,14.5
25.619,12,103.0,926.0,3.0,10.0,16.63,83.1,6.0,14.5,14.5
25.71,12,103.0,926.0,3.0,10.0,16.66,83.1,6.0,14.5,14.5
25.8,12,103.0,926.0,3.0,10.0,16.66,83.1,6.0,14.5,14.5
25.89,12,103.0,926.0,3.0,10.0,16.66,83.1,6.0,14.5,14.5
25.98,12,103.0,926.0,3.0,10.0,16.66,83.1,6.0,14.1,14.5
26.07,12,103.0,926.0,3.0,10.0,16.66,83.1,6.0,14.1,14.5
26.16,12,103.0,926.0,3.0,10.0,16.66,83.1,6.0,14.1,14.5
26.25,12,103.0,926.0,3.0,10.0,16.66,83.1,6.0,14.1,14.5
26.34,12,103.0,922.0,3.0,10.0,16.66,83.1,6.0,14.1,14.5
26.43,12,103.0,922.0,5.0,10.0,16.66,83.1,6.0,14.1,14.5
26.52,12,103.0,922.0,5.0,10.0,16.66,83.1,6.0,14.1,14.5
26.61,12,103.0,922.0,5.0,10.0,16.66,83.1,6.0,14.1,14.5
26.7,12,103.0,922.0,5.0,10.0,16.66,83.1,6.0,14.1,14.5
26.791,12,103.0,922.0,5.0,10.0,16.66,83.1,6.0,14.1,14.5
26.88,12,103.0,922.0,5.0,10.0,16.66,83.1,6.0,14.1,14.5
26.97,12,103.0,922.0,5.0,10.0,16.66,83.1,6.0,14.1,14.5
27.06,12,103.0,922.0,5.0,10.0,16.66,83.1,6.0,14.1,14.5
27.151,12,104.0,922.0,5.0,10.0,16.66,83.1,6.0,14.1,14.5
27.24,12,104.0,944.0,5.0,10.0,16.66,83.1,6.0,14.1,14.5
27.33,12,104.0,944.0,7.0,10.0,16.66,83.1,6.0,14.1,14.5
27.42,12,104.0,944.0,7.0,10.0,16.66,83.1,6.0,14.1,14.5
27.51,12,104.0,944.0,7.0,10.0,17.13,83.1,6.0,14.1,14.5
27.6,12,104.0,944.0,7.0,10.0,17.13,83.1,6.0,14.1,14.5
27.69,12,104.0,944.0,7.0,10.0,17.13,83.1,6.0,14.1,14.5
27.78,12,104.0,944.0,7.0,10.0,17.13,83.1,6.0,15.3,14.5
27.87,12,104.0,944.0,7.0,10.0,17.13,83.1,6.0,15.3,15.7
27.96,12,104.0,944.0,7.0,10.0,17.13,83.1,6.0,15.3,15.7
28.05,12,105.0,944.0,7.0,10.0,17.13,83.1,6.0,15.3,15.7
28.14,12,105.0,1071.0,7.0,10.0,17.13,83.1,6.0,15.3,15.7
28.23,12,105.0,1071.0,9.0,10.0,17.13,83.1,6.0,15.3,15.7
28.32,12,105.0,1071.0,9.0,10.0,17.13,83.1,6.0,15.3,15.7
28.41,12,105.0,1071.0,9.0,10.0,21.24,83.1,6.0,15.3,15.7
28.5,12,105.0,1071.0,9.0,10.0,21.24,83.1,6.0,15.3,15.7
28.589,12,105.0,1071.0,9.0,10.0,21.24,83.1,6.0,15.3,15.7
28.68,12,105.0,1071.0,9.0,10.0,21.24,83.1,6.0,32.9,15.7
28.769,12,105.0,1071.0,9.0,10.0,21.24,83.1,6.0,32.9,33.7
28.86,12,105.0,1071.0,9.0,10.0,21.24,83.1,6.0,32.9,33.7
28.95,12,107.0,1071.0,9.0,10.0,21.24,83.1,6.0,32.9,33.7
29.04,12,107.0,1428.0,9.0,10.0,21.24,83.1,6.0,32.9,33.7
29.13,12,107.0,1428.0,13.0,10.0,21.24,83.1,6.0,32.9,33.7
29.22,12,107.0,1428.0,13.0,11.0,21.24,83.1,6.0,32.9,33.7
29.31,12,107.0,1428.0,13.0,11.0,30.44,83.1,6.0,32.9,33.7
29.399,12,107.0,1428.0,13.0,11.0,30.44,83.1,6.0,32.9,33.7
29.49,12,107.0,1428.0,13.0,11.0,30.44,83.1,6.0,32.9,33.7
29.58,12,107.0,1428.0,13.0,11.0,30.44,83.1,6.0,18.0,33.7
29.669,12,107.0,1428.0,13.0,11.0,30.44,83.1,6.0,18.0,14.5
29.759,12,107.0,1428.0,13.0,11.0,30.44,83.1,6.0,18.0,14.5
29.85,12,110.0,1428.0,13.0,11.0,30.44,83.1,6.0,18.0,14.5
29.941,12,110.0,1058.0,13.0,11.0,30.44,83.1,6.0,18.0,14.5
30.029,12,110.0,1058.0,14.0,11.0,30.44,83.1,6.0,18.0,14.5
30.119,12,110.0,1058.0,14.0,12.0,30.44,83.1,6.0,18.0,14.5
30.209,12,110.0,1058.0,14.0,12.0,19.83,83.1,6.0,18.0,14.5
30.299,12,110.0,1058.0,14.0,12.0,19.83,83.5,6.0,18.0,14.5
30.389,12,110.0,1058.0,14.0,12.0,19.83,83.5,6.0,18.0,14.5
30.478,12,110.0,1058.0,14.0,12.0,19.83,83.5,6.0,20.4,14.5
30.568,12,110.0,1058.0,14.0,12.0,19.83,83.5,6.0,20.4,20.0
30.658,13,110.0,1058.0,14.0,12.0,19.83,83.5,6.0,20.4,20.0
30.747,13,109.0,1058.0,14.0,12.0,19.83,83.5,6.0,20.4,20.0
30.838,13,109.0,871.0,14.0,12.0,19.83,83.5,6.0,20.4,20.0
30.927,13,109.0,871.0,15.0,12.0,19.83,83.5,6.0,20.4,20.0
31.017,13,109.0,871.0,15.0,11.0,19.83,83.5,6.0,20.4,20.0
31.107,13,109.0,871.0,15.0,11.0,16.49,83.5,6.0,20.4,20.0
31.197,13,109.0,871.0,15.0,11.0,16.49,83.1,6.0,20.4,20.0
31.287,13,109.0,871.0,15.0,11.0,16.49,83.1,6.0,20.4,20.0
31.377,13,109.0,871.0,15.0,11.0,16.49,83.1,6.0,19.2,20.0
31.467,13,109.0,871.0,15.0,11.0,16.49,83.1,6.0,19.2,14.5
31.557,13,109.0,871.0,15.0,11.0,16.49,83.1,6.0,19.2,14.5
31.648,13,107.0,871.0,15.0,11.0,16.49,83.1,6.0,19.2,14.5
31.736,13,107.0,984.0,15.0,11.0,16.49,83.1,6.0,19.2,14.5
31.826,13,107.0,984.0,17.0,11.0,16.49,83.1,6.0,19.2,14.5
31.916,13,107.0,984.0,17.0,9.0,16.49,83.1,6.0,19.2,14.5
32.006,13,107.0,984.0,17.0,9.0,18.63,83.1,6.0,19.2,14.5
32.096,13,107.0,984.0,17.0,9.0,18.63,83.1,6.0,19.2,14.5
32.186,13,107.0,984.0,17.0,9.0,18.63,83.1,6.0,19.2,14.5
32.277,13,107.0,984.0,17.0,9.0,18.63,83.1,6.0,14.1,14.5
32.366,13,107.0,984.0,17.0,9.0,18.63,83.1,6.0,14.1,14.5
32.456,13,107.0,984.0,17.0,9.0,18.63,83.1,6.0,14.1,14.5
32.545,13,107.0,984.0,17.0,9.0,18.63,83.1,6.0,14.1,14.5
32.635,13,107.0,1020.0,17.0,9.0,18.63,83.1,6.0,14.1,14.5
32.725,13,107.0,1020.0,17.0,9.0,18.63,83.1,6.0,14.1,14.5
32.814,13,107.0,1020.0,17.0,10.0,18.63,83.1,6.0,14.1,14.5
32.904,13,107.0,1020.0,17.0,10.0,19.02,83.1,6.0,14.1,14.5
33.024,13,107.0,1020.0,17.0,10.0,19.02,83.1,6.0,14.1,14.5
33.114,13,107.0,1020.0,17.0,10.0,19.02,83.1,6.0,14.1,14.5
33.204,13,107.0,1020.0,17.0,10.0,19.02,83.1,6.0,14.1,14.5
33.294,13,107.0,1020.0,17.0,10.0,19.02,83.1,6.0,14.1,14.5
33.384,13,107.0,1020.0,17.0,10.0,19.02,83.1,6.0,14.1,14.5
33.474,13,106.0,1020.0,17.0,10.0,19.02,83.1,6.0,14.1,14.5
33.564,13,106.0,1012.0,17.0,10.0,19.02,83.1,6.0,14.1,14.5
33.653,13,106.0,1012.0,17.0,10.0,19.02,83.1,6.0,14.1,14.5
33.743,13,106.0,1012.0,17.0,10.0,19.02,83.1,6.0,14.1,14.5
33.832,13,106.0,1012.0,17.0,10.0,18.74,83.1,6.0,14.1,14.5
33.923,13,106.0,1012.0,17.0,10.0,18.74,83.1,6.0,14.1,14.5
34.012,13,106.0,1012.0,17.0,10.0,18.74,83.1,6.0,14.1,14.5
34.102,13,106.0,1012.0,17.0,10.0,18.74,83.1,6.0,17.3,14.5
34.192,13,106.0,1012.0,17.0,10.0,18.74,83.1,6.0,17.3,17.6
34.282,13,106.0,1012.0,17.0,10.0,18.74,83.1,6.0,17.3,17.6
34.372,13,106.0,1012.0,17.0,10.0,18.74,83.1,6.0,17.3,17.6
34.462,13,106.0,988.0,17.0,10.0,18.74,83.1,6.0,17.3,17.6
34.552,13,106.0,988.0,17.0,10.0,18.74,83.1,6.0,17.3,17.6
34.642,13,106.0,988.0,17.0,10.0,18.74,83.1,6.0,17.3,17.6
34.732,13,106.0,988.0,17.0,10.0,18.58,83.1,6.0,17.3,17.6
34.825,13,106.0,988.0,17.0,10.0,18.58,83.1,6.0,17.3,17.6
34.911,13,106.0,988.0,17.0,10.0,18.58,83.1,6.0,17.3,17.6
35.001,13,106.0,988.0,17.0,10.0,18.58,83.1,6.0,24.3,17.6
35.091,13,106.0,988.0,17.0,10.0,18.58,83.1,6.0,24.3,23.9
35.181,13,106.0,988.0,17.0,10.0,18.58,83.1,6.0,24.3,23.9
35.271,13,106.0,988.0,17.0,10.0,18.58,83.1,6.0,24.3,23.9
35.361,13,106.0,1059.0,17.0,10.0,18.58,83.1,6.0,24.3,23.9
35.451,13,106.0,1059.0,18.0,10.0,18.58,83.1,6.0,24.3,23.9
35.541,13,106.0,1059.0,18.0,10.0,18.58,83.1,6.0,24.3,23.9
35.631,13,106.0,1059.0,18.0,10.0,20.33,83.1,6.0,24.3,23.9
35.72,13,106.0,1059.0,18.0,10.0,20.33,83.1,6.0,24.3,23.9
35.81,13,106.0,1059.0,18.0,10.0,20.33,83.1,6.0,24.3,23.9
35.9,13,106.0,1059.0,18.0,10.0,20.33,83.1,6.0,23.9,23.9
35.989,13,106.0,1059.0,18.0,10.0,20.33,83.1,6.0,23.9,23.9
36.079,13,106.0,1059.0,18.0,10.0,20.33,83.1,6.0,23.9,23.9
36.169,13,104.0,1059.0,18.0,10.0,20.33,83.1,6.0,23.9,23.9
36.259,13,104.0,1141.0,18.0,10.0,20.33,83.1,6.0,23.9,23.9
36.349,13,104.0,1141.0,19.0,10.0,20.33,83.1,6.0,23.9,23.9
36.439,13,104.0,1141.0,19.0,10.0,20.33,83.1,6.0,23.9,23.9
36.53,13,104.0,1141.0,19.0,10.0,21.11,83.1,6.0,23.9,23.9
36.62,13,104.0,1141.0,19.0,10.0,21.11,83.1,6.0,23.9,23.9
36.709,13,104.0,1141.0,19.0,10.0,21.11,83.1,6.0,23.9,23.9
36.799,13,104.0,1141.0,19.0,10.0,21.11,83.1,6.0,22.7,23.9
36.89,13,104.0,1141.0,19.0,10.0,21.11,83.1,6.0,22.7,21.2
36.978,13,104.0,1141.0,19.0,10.0,21.11,83.1,6.0,22.7,21.2
37.068,13,101.0,1141.0,19.0,10.0,21.11,83.1,6.0,22.7,21.2
37.158,13,101.0,1156.0,19.0,10.0,21.11,83.1,6.0,22.7,21.2
37.249,13,101.0,1156.0,20.0,10.0,21.11,83.1,6.0,22.7,21.2
37.339,13,101.0,1156.0,20.0,11.0,21.11,83.1,6.0,22.7,21.2
37.429,13,101.0,1156.0,20.0,11.0,21.08,83.1,6.0,22.7,21.2
37.518,13,101.0,1156.0,20.0,11.0,21.08,83.1,6.0,22.7,21.2
37.608,13,101.0,1156.0,20.0,11.0,21.08,83.1,6.0,22.7,21.2
37.698,13,101.0,1156.0,20.0,11.0,21.08,83.1,6.0,27.8,21.2
37.788,13,101.0,1156.0,20.0,11.0,21.08,83.1,6.0,27.8,28.2
37.878,13,101.0,1156.0,20.0,11.0,21.08,83.1,6.0,27.8,28.2
37.968,13,100.0,1156.0,20.0,11.0,21.08,83.1,6.0,27.8,28.2
38.058,13,100.0,1238.0,20.0,11.0,21.08,83.1,6.0,27.8,28.2
38.148,13,100.0,1238.0,21.0,11.0,21.08,83.1,6.0,27.8,28.2
38.238,13,100.0,1238.0,21.0,10.0,21.08,83.1,6.0,27.8,28.2
38.327,13,100.0,1238.0,21.0,10.0,22.83,83.1,6.0,27.8,28.2
38.417,13,100.0,1238.0,21.0,10.0,22.83,83.1,6.0,27.8,28.2
38.507,13,100.0,1238.0,21.0,10.0,22.83,83.1,6.0,27.8,28.2
38.597,13,100.0,1238.0,21.0,10.0,22.83,83.1,6.0,31.8,28.2
38.686,13,100.0,1238.0,21.0,10.0,22.83,83.1,6.0,31.8,32.2
38.777,13,100.0,1238.0,21.0,10.0,22.83,83.1,6.0,31.8,32.2
38.866,13,108.0,1238.0,21.0,10.0,22.83,83.1,6.0,31.8,32.2
38.956,13,108.0,1339.0,21.0,10.0,22.83,83.1,6.0,31.8,32.2
39.046,13,108.0,1339.0,23.0,10.0,22.83,83.1,6.0,31.8,32.2
39.136,13,108.0,1339.0,23.0,11.0,22.83,83.1,6.0,31.8,32.2
39.227,13,108.0,1339.0,23.0,11.0,27.38,83.1,6.0,31.8,32.2
39.316,13,108.0,1339.0,23.0,11.0,27.38,83.1,6.0,31.8,32.2
39.406,13,108.0,1339.0,23.0,11.0,27.38,83.1,6.0,31.8,32.2
39.496,13,108.0,1339.0,23.0,11.0,27.38,83.1,6.0,30.6,32.2
39.586,13,108.0,1339.0,23.0,11.0,27.38,83.1,6.0,30.6,29.8
39.676,13,108.0,1339.0,23.0,11.0,27.38,83.1,6.0,30.6,29.8
39.765,13,111.0,1339.0,23.0,11.0,27.38,83.1,6.0,30.6,29.8
39.855,13,111.0,1409.0,23.0,11.0,27.38,83.1,6.0,30.6,29.8
39.945,13,111.0,1409.0,24.0,11.0,27.38,83.1,6.0,30.6,29.8
40.035,13,111.0,1409.0,24.0,12.0,27.38,83.1,6.0,30.6,29.8
40.125,13,111.0,1409.0,24.0,12.0,27.52,83.1,6.0,30.6,29.8
40.216,13,111.0,1409.0,24.0,12.0,27.52,83.1,6.0,30.6,29.8
40.305,13,111.0,1409.0,24.0,12.0,27.52,83.1,6.0,30.6,29.8
40.395,13,111.0,1409.0,24.0,12.0,27.52,83.1,6.0,28.2,29.8
40.485,13,111.0,1409.0,24.0,12.0,27.52,83.1,6.0,28.2,28.6
40.575,13,111.0,1409.0,24.0,12.0,27.52,83.1,6.0,28.2,28.6
40.665,13,105.0,1409.0,24.0,12.0,27.52,83.1,6.0,28.2,28.6
40.755,13,105.0,1435.0,24.0,12.0,27.52,83.1,6.0,28.2,28.6
40.844,13,105.0,1435.0,24.0,12.0,27.52,83.1,6.0,28.2,28.6
40.934,13,105.0,1435.0,24.0,12.0,27.52,83.1,6.0,28.2,28.6
41.024,13,105.0,1435.0,24.0,12.0,27.05,83.1,6.0,28.2,28.6
41.114,13,105.0,1435.0,24.0,12.0,27.05,83.1,6.0,28.2,28.6
41.204,13,105.0,1435.0,24.0,12.0,27.05,83.1,6.0,28.2,28.6
41.294,13,105.0,1435.0,24.0,12.0,27.05,83.1,6.0,28.2,28.6
41.384,13,105.0,1435.0,24.0,12.0,27.05,83.1,6.0,28.2,28.6
41.474,13,105.0,1435.0,24.0,12.0,27.05,83.1,6.0,28.2,28.6
41.564,13,104.0,1435.0,24.0,12.0,27.05,83.1,6.0,28.2,28.6
41.653,13,104.0,1452.0,24.0,12.0,27.05,83.1,6.0,28.2,28.6
41.743,13,104.0,1452.0,25.0,12.0,27.05,83.1,6.0,28.2,28.6
41.833,13,104.0,1452.0,25.0,12.0,27.05,83.1,6.0,28.2,28.6
41.924,13,104.0,1452.0,25.0,12.0,27.36,83.1,6.0,28.2,28.6
42.014,13,104.0,1452.0,25.0,12.0,27.36,83.1,6.0,28.2,28.6
42.103,13,104.0,1452.0,25.0,12.0,27.36,83.1,6.0,28.2,28.6
42.193,13,104.0,1452.0,25.0,12.0,27.36,83.1,6.0,26.7,28.6
42.284,13,104.0,1452.0,25.0,12.0,27.36,83.1,6.0,26.7,25.5
42.374,13,104.0,1452.0,25.0,12.0,27.36,83.1,6.0,26.7,25.5
42.464,13,103.0,1452.0,25.0,12.0,27.36,83.1,6.0,26.7,25.5
42.554,13,103.0,1445.0,25.0,12.0,27.36,83.1,6.0,26.7,25.5
42.644,13,103.0,1445.0,25.0,12.0,27.36,83.1,6.0,26.7,25.5
42.734,13,103.0,1445.0,25.0,12.0,27.36,83.1,6.0,26.7,25.5
42.824,13,103.0,1445.0,25.0,12.0,26.41,83.1,6.0,26.7,25.5
42.913,13,103.0,1445.0,25.0,12.0,26.41,83.1,6.0,26.7,25.5
43.003,13,103.0,1445.0,25.0,12.0,26.41,83.1,6.0,26.7,25.5
43.093,13,103.0,1445.0,25.0,12.0,26.41,83.1,6.0,24.3,25.5
43.183,13,103.0,1445.0,25.0,12.0,26.41,83.1,6.0,24.3,23.9
43.274,14,103.0,1445.0,25.0,12.0,26.41,83.1,6.0,24.3,23.9
43.363,14,100.0,1445.0,25.0,12.0,26.41,83.1,6.0,24.3,23.9
43.452,14,100.0,1402.0,25.0,12.0,26.41,83.1,6.0,24.3,23.9
43.542,14,100.0,1402.0,24.0,12.0,26.41,83.1,6.0,24.3,23.9
43.632,14,100.0,1402.0,24.0,11.0,26.41,83.1,6.0,24.3,23.9
43.722,14,100.0,1402.0,24.0,11.0,25.13,83.1,6.0,24.3,23.9
43.812,14,100.0,1402.0,24.0,11.0,25.13,83.1,6.0,24.3,23.9
43.901,14,100.0,1402.0,24.0,11.0,25.13,83.1,6.0,24.3,23.9
43.992,14,100.0,1402.0,24.0,11.0,25.13,83.1,6.0,14.1,23.9
44.052,14,100.0,1402.0,24.0,11.0,25.13,83.1,6.0,14.1,14.5
44.142,14,100.0,1402.0,24.0,11.0,25.13,83.1,6.0,14.1,14.5
44.232,14,102.0,1402.0,24.0,11.0,25.13,83.1,6.0,14.1,14.5
44.322,14,102.0,1293.0,24.0,11.0,25.13,83.1,6.0,14.1,14.5
44.414,14,102.0,1293.0,22.0,11.0,25.13,83.1,6.0,14.1,14.5
44.502,14,102.0,1293.0,22.0,11.0,25.13,83.1,6.0,14.1,14.5
44.591,14,102.0,1293.0,22.0,11.0,23.47,83.1,6.0,14.1,14.5
44.681,14,102.0,1293.0,22.0,11.0,23.47,83.1,6.0,14.1,14.5
44.771,14,102.0,1293.0,22.0,11.0,23.47,83.1,6.0,14.1,14.5
44.861,14,102.0,1293.0,22.0,11.0,23.47,83.1,6.0,21.2,14.5
44.951,14,102.0,1293.0,22.0,11.0,23.47,83.1,6.0,21.2,21.2
45.042,14,102.0,1293.0,22.0,11.0,23.47,83.1,6.0,21.2,21.2
45.131,14,105.0,1293.0,22.0,11.0,23.47,83.1,6.0,21.2,21.2
45.222,14,105.0,1180.0,22.0,11.0,23.47,83.1,6.0,21.2,21.2
45.311,14,105.0,1180.0,20.0,11.0,23.47,83.1,6.0,21.2,21.2
45.401,14,105.0,1180.0,20.0,10.0,23.47,83.1,6.0,21.2,21.2
45.491,14,105.0,1180.0,20.0,10.0,22.13,83.1,6.0,21.2,21.2
45.581,14,105.0,1180.0,20.0,10.0,22.13,83.1,6.0,21.2,21.2
45.671,14,105.0,1180.0,20.0,10.0,22.13,83.1,6.0,21.2,21.2
45.761,14,105.0,1180.0,20.0,10.0,22.13,83.1,6.0,25.1,21.2
45.851,14,105.0,1180.0,20.0,10.0,22.13,83.1,6.0,25.1,25.5
45.941,14,105.0,1180.0,20.0,10.0,22.13,83.1,6.0,25.1,25.5
46.001,14,102.0,1180.0,20.0,10.0,22.13,83.1,6.0,25.1,25.5
46.091,14,102.0,1170.0,20.0,10.0,22.13,83.1,6.0,25.1,25.5
46.181,14,102.0,1170.0,20.0,10.0,22.13,83.1,6.0,25.1,25.5
46.271,14,102.0,1170.0,20.0,10.0,22.13,83.1,6.0,25.1,25.5
46.361,14,102.0,1170.0,20.0,10.0,21.13,83.1,6.0,25.1,25.5
46.451,14,102.0,1170.0,20.0,10.0,21.13,83.1,6.0,25.1,25.5
46.54,14,102.0,1170.0,20.0,10.0,21.13,83.1,6.0,25.1,25.5
46.63,14,102.0,1170.0,20.0,10.0,21.13,83.1,6.0,27.5,25.5
46.72,14,102.0,1170.0,20.0,10.0,21.13,83.1,6.0,27.5,27.8
46.81,14,102.0,1170.0,20.0,10.0,21.13,83.1,6.0,27.5,27.8
46.9,14,100.0,1170.0,20.0,10.0,21.13,83.1,6.0,27.5,27.8
46.989,14,100.0,1220.0,20.0,10.0,21.13,83.1,6.0,27.5,27.8
47.079,14,100.0,1220.0,21.0,10.0,21.13,83.1,6.0,27.5,27.8
47.169,14,100.0,1220.0,21.0,10.0,21.13,83.1,6.0,27.5,27.8
47.259,14,100.0,1220.0,21.0,10.0,22.08,83.1,6.0,27.5,27.8
47.349,14,100.0,1220.0,21.0,10.0,22.08,83.1,6.0,27.5,27.8
47.439,14,100.0,1220.0,21.0,10.0,22.08,83.1,5.0,27.5,27.8
47.53,14,100.0,1220.0,21.0,10.0,22.08,83.1,5.0,30.2,27.8
47.619,14,100.0,1220.0,21.0,10.0,22.08,83.1,5.0,30.2,31.0
47.709,14,100.0,1220.0,21.0,10.0,22.08,83.1,5.0,30.2,31.0
47.8,14,101.0,1220.0,21.0,10.0,22.08,83.1,5.0,30.2,31.0
47.889,14,101.0,1288.0,21.0,10.0,22.08,83.1,5.0,30.2,31.0
47.95,14,101.0,1288.0,22.0,10.0,22.08,83.1,5.0,30.2,31.0
48.04,14,101.0,1288.0,22.0,10.0,22.08,83.1,5.0,30.2,31.0
48.101,14,101.0,1288.0,22.0,10.0,24.05,83.1,5.0,30.2,31.0
48.22,14,101.0,1288.0,22.0,10.0,24.05,83.1,5.0,30.2,31.0
48.309,14,101.0,1288.0,22.0,10.0,24.05,83.1,5.0,30.2,31.0
48.399,14,101.0,1288.0,22.0,10.0,24.05,83.1,5.0,34.5,31.0
48.49,14,101.0,1288.0,22.0,10.0,24.05,83.1,5.0,34.5,34.5
48.581,14,101.0,1288.0,22.0,10.0,24.05,83.1,5.0,34.5,34.5
48.67,14,110.0,1288.0,22.0,10.0,24.05,83.1,5.0,34.5,34.5
48.759,14,110.0,1393.0,22.0,10.0,24.05,83.1,5.0,34.5,34.5
48.848,14,110.0,1393.0,24.0,10.0,24.05,83.1,5.0,34.5,34.5
48.938,14,110.0,1393.0,24.0,11.0,24.05,83.1,5.0,34.5,34.5
49.028,14,110.0,1393.0,24.0,11.0,29.36,83.1,5.0,34.5,34.5
49.119,14,110.0,1393.0,24.0,11.0,29.36,83.1,5.0,34.5,34.5
49.208,14,110.0,1393.0,24.0,11.0,29.36,83.1,5.0,34.5,34.5
49.298,14,110.0,1393.0,24.0,11.0,29.36,83.1,5.0,28.6,34.5
49.388,14,110.0,1393.0,24.0,11.0,29.36,83.1,5.0,28.6,21.2
49.479,14,110.0,1393.0,24.0,11.0,29.36,83.1,5.0,28.6,21.2
49.568,14,111.0,1393.0,24.0,11.0,29.36,83.1,5.0,28.6,21.2
49.658,14,111.0,1385.0,24.0,11.0,29.36,83.1,5.0,28.6,21.2
49.748,14,111.0,1385.0,25.0,11.0,29.36,83.1,5.0,28.6,21.2
49.838,14,111.0,1385.0,25.0,12.0,29.36,83.1,5.0,28.6,21.2
49.928,14,111.0,1385.0,25.0,12.0,21.13,83.1,5.0,28.6,21.2
50.018,14,111.0,1385.0,25.0,12.0,21.13,83.1,5.0,28.6,21.2
50.109,14,111.0,1385.0,25.0,12.0,21.13,83.1,5.0,28.6,21.2
50.198,14,111.0,1385.0,25.0,12.0,21.13,83.1,5.0,14.1,21.2
50.288,14,111.0,1385.0,25.0,12.0,21.13,83.1,5.0,14.1,14.5
50.378,14,111.0,1385.0,25.0,12.0,21.13,83.1,5.0,14.1,14.5
50.468,14,108.0,1385.0,25.0,12.0,21.13,83.1,5.0,14.1,14.5
50.558,14,108.0,969.0,25.0,12.0,21.13,83.1,5.0,14.1,14.5
50.649,14,108.0,969.0,23.0,12.0,21.13,83.1,5.0,14.1,14.5
50.737,14,108.0,969.0,23.0,9.0,21.13,83.1,5.0,14.1,14.5
50.829,14,108.0,969.0,23.0,9.0,17.74,83.1,5.0,14.1,14.5
50.917,14,108.0,969.0,23.0,9.0,17.74,83.1,5.0,14.1,14.5
51.007,14,108.0,969.0,23.0,9.0,17.74,83.1,5.0,14.1,14.5
51.098,14,108.0,969.0,23.0,9.0,17.74,83.1,5.0,14.1,14.5
51.192,14,108.0,969.0,23.0,9.0,17.74,83.1,5.0,14.1,14.5
51.279,15,108.0,969.0,23.0,9.0,17.74,83.1,5.0,14.1,14.5
51.367,15,106.0,969.0,23.0,9.0,17.74,83.1,5.0,14.1,14.5
51.457,15,106.0,966.0,23.0,9.0,17.74,83.1,5.0,14.1,14.5
51.548,15,106.0,966.0,20.0,9.0,17.74,83.1,5.0,14.1,14.5
51.637,15,106.0,966.0,20.0,8.0,17.74,83.1,5.0,14.1,14.5
51.728,15,106.0,966.0,20.0,8.0,17.66,83.1,5.0,14.1,14.5
51.817,15,106.0,966.0,20.0,8.0,17.66,83.1,5.0,14.1,14.5
51.907,15,106.0,966.0,20.0,8.0,17.66,83.1,5.0,14.1,14.5
51.997,15,106.0,966.0,20.0,8.0,17.66,83.1,5.0,14.1,14.5
52.087,15,106.0,966.0,20.0,8.0,17.66,83.1,5.0,14.1,14.5
52.18,15,106.0,966.0,20.0,8.0,17.66,83.1,5.0,14.1,14.5
52.267,15,105.0,966.0,20.0,8.0,17.66,83.1,5.0,14.1,14.5
52.358,15,105.0,968.0,20.0,8.0,17.66,83.1,5.0,14.1,14.5
52.448,15,105.0,968.0,18.0,8.0,17.66,83.1,5.0,14.1,14.5
52.538,15,105.0,968.0,18.0,9.0,17.66,83.1,5.0,14.1,14.5
52.629,15,105.0,968.0,18.0,9.0,17.52,83.1,5.0,14.1,14.5
52.717,15,105.0,968.0,18.0,9.0,17.52,83.1,5.0,14.1,14.5
52.807,15,105.0,968.0,18.0,9.0,17.52,83.1,4.0,14.1,14.5
52.897,15,105.0,968.0,18.0,9.0,17.52,83.1,4.0,14.5,14.5
52.987,15,105.0,968.0,18.0,9.0,17.52,83.1,4.0,14.5,14.5
53.081,15,105.0,968.0,18.0,9.0,17.52,83.1,4.0,14.5,14.5
53.166,15,105.0,968.0,18.0,9.0,17.52,83.1,4.0,14.5,14.5
53.256,15,105.0,965.0,18.0,9.0,17.52,83.1,4.0,14.5,14.5
53.346,15,105.0,965.0,17.0,9.0,17.52,83.1,4.0,14.5,14.5
53.436,15,105.0,965.0,17.0,9.0,17.52,83.1,4.0,14.5,14.5
53.526,15,105.0,965.0,17.0,9.0,17.3,83.1,4.0,14.5,14.5
53.616,15,105.0,965.0,17.0,9.0,17.3,83.1,4.0,14.5,14.5
53.706,15,105.0,965.0,17.0,9.0,17.3,83.1,4.0,14.5,14.5
53.797,15,105.0,965.0,17.0,9.0,17.3,83.1,4.0,14.5,14.5
53.886,15,105.0,965.0,17.0,9.0,17.3,83.1,4.0,14.5,14.5
53.979,15,105.0,965.0,17.0,9.0,17.3,83.1,4.0,14.5,14.5
54.066,15,104.0,965.0,17.0,9.0,17.3,83.1,4.0,14.5,14.5
54.156,15,104.0,965.0,17.0,9.0,17.3,83.1,4.0,14.5,14.5
54.247,15,104.0,965.0,13.0,9.0,17.3,83.1,4.0,14.5,14.5
54.336,15,104.0,965.0,13.0,9.0,17.3,83.1,4.0,14.5,14.5
54.428,15,104.0,965.0,13.0,9.0,17.24,83.1,4.0,14.5,14.5
54.516,15,104.0,965.0,13.0,9.0,17.24,83.1,4.0,14.5,14.5
54.606,15,104.0,965.0,13.0,9.0,17.24,83.1,4.0,14.5,14.5
54.697,15,104.0,965.0,13.0,9.0,17.24,83.1,4.0,14.1,14.5
54.787,15,104.0,965.0,13.0,9.0,17.24,83.1,4.0,14.1,14.5
54.878,15,104.0,965.0,13.0,9.0,17.24,83.1,4.0,14.1,14.5
54.966,15,104.0,965.0,13.0,9.0,17.24,83.1,4.0,14.1,14.5
55.056,15,104.0,962.0,13.0,9.0,17.24,83.1,4.0,14.1,14.5
55.148,15,104.0,962.0,6.0,9.0,17.24,83.1,4.0,14.1,14.5
55.236,15,104.0,962.0,6.0,9.0,17.24,83.1,4.0,14.1,14.5
55.33,15,104.0,962.0,6.0,9.0,17.33,83.1,4.0,14.1,14.5
55.416,15,104.0,962.0,6.0,9.0,17.33,83.1,4.0,14.1,14.5
55.506,15,104.0,962.0,6.0,9.0,17.33,83.1,4.0,14.1,14.5
55.596,15,104.0,962.0,6.0,9.0,17.33,83.1,4.0,14.1,14.5
55.686,15,104.0,962.0,6.0,9.0,17.33,83.1,4.0,14.1,14.5
55.776,15,104.0,962.0,6.0,9.0,17.33,83.1,4.0,14.1,14.5
55.866,15,104.0,962.0,6.0,9.0,17.33,83.1,4.0,14.1,14.5
55.956,15,104.0,937.0,6.0,9.0,17.33,83.1,4.0,14.1,14.5
56.079,15,104.0,937.0,0.0,9.0,17.33,83.1,4.0,14.1,14.5
56.166,15,104.0,937.0,0.0,9.0,17.33,83.1,4.0,14.1,14.5
56.255,15,104.0,937.0,0.0,9.0,16.41,83.1,4.0,14.1,14.5
56.345,15,104.0,937.0,0.0,9.0,16.41,83.1,4.0,14.1,14.5
56.435,15,104.0,937.0,0.0,9.0,16.41,83.1,4.0,14.1,14.5
56.527,15,104.0,937.0,0.0,9.0,16.41,83.1,4.0,14.1,14.5
56.616,15,104.0,937.0,0.0,9.0,16.41,83.1,4.0,14.1,14.5
56.707,16,104.0,937.0,0.0,9.0,16.41,83.1,4.0,14.1,14.5
56.795,16,103.0,937.0,0.0,9.0,16.41,83.1,4.0,14.1,14.5
56.885,16,103.0,912.0,0.0,9.0,16.41,83.1,4.0,14.1,14.5
56.975,16,103.0,912.0,0.0,9.0,16.41,83.1,4.0,14.1,14.5
57.065,16,103.0,912.0,0.0,9.0,16.41,83.1,4.0,14.1,14.5
57.156,16,103.0,912.0,0.0,9.0,16.41,83.1,4.0,14.1,14.5
57.247,16,103.0,912.0,0.0,9.0,16.41,83.1,4.0,14.1,14.5
57.336,16,103.0,912.0,0.0,9.0,16.41,83.1,4.0,14.1,14.5
57.427,16,103.0,912.0,0.0,9.0,16.41,83.1,4.0,14.1,14.5
57.544,16,103.0,912.0,0.0,9.0,16.41,83.1,4.0,14.1,14.5
57.648,16,103.0,912.0,0.0,9.0,16.41,83.1,4.0,14.1,14.5
57.754,16,103.0,912.0,0.0,9.0,16.41,83.1,4.0,14.1,14.5
57.845,16,103.0,918.0,0.0,9.0,16.41,83.1,4.0,14.1,14.5
57.935,16,103.0,918.0,0.0,9.0,16.41,83.1,4.0,14.1,14.5
58.028,16,103.0,918.0,0.0,9.0,16.41,83.1,4.0,14.1,14.5
58.116,16,103.0,918.0,0.0,9.0,16.27,83.1,4.0,14.1,14.5
58.207,16,103.0,918.0,0.0,9.0,16.27,83.1,4.0,14.1,14.5
58.296,16,103.0,918.0,0.0,9.0,16.27,83.1,4.0,14.1,14.5
58.385,16,103.0,918.0,0.0,9.0,16.27,83.1,4.0,14.1,14.5
58.477,16,103.0,918.0,0.0,9.0,16.27,83.1,4.0,14.1,14.1
58.565,16,103.0,918.0,0.0,9.0,16.27,83.1,4.0,14.1,14.1
58.655,16,103.0,918.0,0.0,9.0,16.27,83.1,4.0,14.1,14.1
58.745,16,103.0,915.0,0.0,9.0,16.27,83.1,4.0,14.1,14.1
58.835,16,103.0,915.0,0.0,9.0,16.27,83.1,4.0,14.1,14.1
58.925,16,103.0,915.0,0.0,9.0,16.27,83.1,4.0,14.1,14.1
59.015,16,103.0,915.0,0.0,9.0,16.3,83.1,4.0,14.1,14.1
59.105,16,103.0,915.0,0.0,9.0,16.3,83.1,4.0,14.1,14.1
59.195,16,103.0,915.0,0.0,9.0,16.3,83.1,4.0,14.1,14.1
59.285,16,103.0,915.0,0.0,9.0,16.3,83.1,4.0,14.9,14.1
59.378,16,103.0,915.0,0.0,9.0,16.3,83.1,4.0,14.9,14.5
59.464,16,103.0,915.0,0.0,9.0,16.3,83.1,4.0,14.9,14.5
59.555,16,103.0,915.0,0.0,9.0,16.3,83.1,4.0,14.9,14.5
59.677,16,103.0,900.0,0.0,9.0,16.3,83.1,4.0,14.9,14.5
59.765,16,103.0,900.0,0.0,9.0,16.3,83.1,4.0,14.9,14.5
59.855,16,103.0,900.0,0.0,9.0,16.3,83.1,4.0,14.9,14.5
59.945,16,103.0,900.0,0.0,9.0,15.86,83.1,4.0,14.9,14.5
60.036,16,103.0,900.0,0.0,9.0,15.86,83.1,4.0,14.9,14.5
60.125,16,103.0,900.0,0.0,9.0,15.86,83.1,4.0,14.9,14.5
60.215,16,103.0,900.0,0.0,9.0,15.86,83.1,4.0,16.1,14.5
60.305,16,103.0,900.0,0.0,9.0,15.86,83.1,4.0,16.1,15.7
60.396,16,103.0,900.0,0.0,9.0,15.86,83.1,4.0,16.1,15.7
60.486,16,103.0,900.0,0.0,9.0,15.86,83.1,4.0,16.1,15.7
60.575,16,103.0,882.0,0.0,9.0,15.86,83.1,4.0,16.1,15.7
60.664,16,103.0,882.0,3.0,9.0,15.86,83.1,4.0,16.1,15.7
60.755,16,103.0,882.0,3.0,9.0,15.86,83.1,4.0,16.1,15.7
60.845,16,103.0,882.0,3.0,9.0,15.3,83.1,4.0,16.1,15.7
60.935,16,103.0,882.0,3.0,9.0,15.3,83.1,4.0,16.1,15.7
61.026,16,103.0,882.0,3.0,9.0,15.3,83.1,4.0,16.1,15.7
61.115,16,103.0,882.0,3.0,9.0,15.3,83.1,4.0,18.0,15.7
61.204,16,103.0,882.0,3.0,9.0,15.3,83.1,4.0,18.0,18.0
61.295,16,103.0,882.0,3.0,9.0,15.3,83.1,4.0,18.0,18.0
61.385,16,104.0,882.0,3.0,9.0,15.3,83.1,4.0,18.0,18.0
61.477,16,104.0,875.0,3.0,9.0,15.3,83.1,4.0,18.0,18.0
61.564,16,104.0,875.0,8.0,9.0,15.3,83.1,4.0,18.0,18.0
61.654,16,104.0,875.0,8.0,8.0,15.3,83.1,4.0,18.0,18.0
61.744,16,104.0,875.0,8.0,8.0,19.22,83.1,4.0,18.0,18.0
61.835,16,104.0,875.0,8.0,8.0,19.22,83.1,4.0,18.0,18.0
61.928,16,104.0,875.0,8.0,8.0,19.22,83.1,4.0,18.0,18.0
62.014,16,104.0,875.0,8.0,8.0,19.22,83.1,4.0,29.0,18.0
62.104,16,104.0,875.0,8.0,8.0,19.22,83.1,4.0,29.0,30.6
62.198,16,104.0,875.0,8.0,8.0,19.22,83.1,4.0,29.0,30.6
62.284,16,110.0,875.0,8.0,8.0,19.22,83.1,4.0,29.0,30.6
62.374,16,110.0,1474.0,8.0,8.0,19.22,83.1,4.0,29.0,30.6
62.465,16,110.0,1474.0,13.0,8.0,19.22,83.1,4.0,29.0,30.6
62.554,16,110.0,1474.0,13.0,9.0,19.22,83.1,4.0,29.0,30.6
62.644,16,110.0,1474.0,13.0,9.0,34.24,83.1,4.0,29.0,30.6
62.733,16,110.0,1474.0,13.0,9.0,34.24,83.1,4.0,29.0,30.6
62.854,16,110.0,1474.0,13.0,9.0,34.24,83.1,4.0,29.0,30.6
62.945,16,110.0,1474.0,13.0,9.0,34.24,83.1,4.0,40.4,30.6
63.034,16,110.0,1474.0,13.0,9.0,34.24,83.1,4.0,40.4,41.6
63.128,17,110.0,1474.0,13.0,9.0,34.24,83.1,4.0,40.4,41.6
63.214,17,135.0,1474.0,13.0,9.0,34.24,83.1,4.0,40.4,41.6
63.304,17,135.0,1877.0,13.0,9.0,34.24,83.1,4.0,40.4,41.6
63.395,17,135.0,1877.0,17.0,9.0,34.24,83.1,4.0,40.4,41.6
63.484,17,135.0,1877.0,17.0,13.0,34.24,83.1,4.0,40.4,41.6
63.574,17,135.0,1877.0,17.0,13.0,47.11,83.1,4.0,40.4,41.6
63.664,17,135.0,1877.0,17.0,13.0,47.11,83.1,4.0,40.4,41.6
63.754,17,135.0,1877.0,17.0,13.0,47.11,83.1,4.0,40.4,41.6
63.844,17,135.0,1877.0,17.0,13.0,47.11,83.1,4.0,39.2,41.6
63.934,17,135.0,1877.0,17.0,13.0,47.11,83.1,4.0,39.2,37.6
64.027,17,135.0,1877.0,17.0,13.0,47.11,83.1,4.0,39.2,37.6
64.114,17,130.0,1877.0,17.0,13.0,47.11,83.1,4.0,39.2,37.6
64.203,17,130.0,1800.0,17.0,13.0,47.11,83.1,4.0,39.2,37.6
64.293,17,130.0,1800.0,18.0,13.0,47.11,83.1,4.0,39.2,37.6
64.384,17,130.0,1800.0,18.0,14.0,47.11,83.1,4.0,39.2,37.6
64.476,17,130.0,1800.0,18.0,14.0,26.41,83.1,4.0,39.2,37.6
64.564,17,130.0,1800.0,18.0,14.0,26.41,31.0,4.0,39.2,37.6
64.654,17,130.0,1800.0,18.0,14.0,26.41,31.0,3.0,39.2,37.6
64.743,17,130.0,1800.0,18.0,14.0,26.41,31.0,3.0,30.6,37.6
64.834,17,130.0,1800.0,18.0,14.0,26.41,31.0,3.0,30.6,33.3
64.926,17,130.0,1800.0,18.0,14.0,26.41,31.0,3.0,30.6,33.3
65.014,17,103.0,1800.0,18.0,14.0,26.41,31.0,3.0,30.6,33.3
65.104,17,103.0,1089.0,18.0,14.0,26.41,31.0,3.0,30.6,33.3
65.194,17,103.0,1089.0,16.0,14.0,26.41,31.0,3.0,30.6,33.3
65.284,17,103.0,1089.0,16.0,12.0,26.41,31.0,3.0,30.6,33.3
65.376,17,103.0,1089.0,16.0,12.0,17.97,31.0,3.0,30.6,33.3
65.435,17,103.0,1089.0,16.0,12.0,17.97,83.5,3.0,30.6,33.3
65.525,17,103.0,1089.0,16.0,12.0,17.97,83.5,3.0,30.6,33.3
65.613,17,103.0,1089.0,16.0,12.0,17.97,83.5,3.0,38.4,33.3
65.704,17,103.0,1089.0,16.0,12.0,17.97,83.5,3.0,38.4,39.2
65.793,17,103.0,1089.0,16.0,12.0,17.97,83.5,3.0,38.4,39.2
65.883,17,113.0,1089.0,16.0,12.0,17.97,83.5,3.0,38.4,39.2
65.973,17,113.0,1102.0,16.0,12.0,17.97,83.5,3.0,38.4,39.2
66.033,17,113.0,1102.0,19.0,12.0,17.97,83.5,3.0,38.4,39.2
66.124,17,113.0,1102.0,19.0,9.0,17.97,83.5,3.0,38.4,39.2
66.184,17,113.0,1102.0,19.0,9.0,22.88,83.5,3.0,38.4,39.2
66.277,17,113.0,1102.0,19.0,9.0,22.88,83.5,3.0,38.4,39.2
66.364,17,113.0,1102.0,19.0,9.0,22.88,83.5,3.0,38.4,39.2
66.453,17,113.0,1102.0,19.0,9.0,22.88,83.5,3.0,38.4,39.2
66.543,17,113.0,1102.0,19.0,9.0,22.88,83.5,3.0,38.4,38.8
66.633,17,113.0,1102.0,19.0,9.0,22.88,83.5,3.0,38.4,38.8
66.727,17,122.0,1102.0,19.0,9.0,22.88,83.5,3.0,38.4,38.8
66.813,17,122.0,1240.0,19.0,9.0,22.88,83.5,3.0,38.4,38.8
66.875,17,122.0,1240.0,21.0,9.0,22.88,83.5,3.0,38.4,38.8
66.963,17,122.0,1240.0,21.0,9.0,22.88,83.5,3.0,38.4,38.8
67.053,17,122.0,1240.0,21.0,9.0,27.44,83.5,3.0,38.4,38.8
67.144,17,122.0,1240.0,21.0,9.0,27.44,83.5,3.0,38.4,38.8
67.233,17,122.0,1240.0,21.0,9.0,27.44,83.5,3.0,38.4,38.8
67.325,17,122.0,1240.0,21.0,9.0,27.44,83.5,3.0,38.0,38.8
67.384,17,122.0,1240.0,21.0,9.0,27.44,83.5,3.0,38.0,38.4
67.473,17,122.0,1240.0,21.0,9.0,27.44,83.5,3.0,38.0,38.4
67.563,17,130.0,1240.0,21.0,9.0,27.44,83.5,3.0,38.0,38.4
67.653,17,130.0,1306.0,21.0,9.0,27.44,83.5,3.0,38.0,38.4
67.742,17,130.0,1306.0,22.0,9.0,27.44,83.5,3.0,38.0,38.4
67.832,17,130.0,1306.0,22.0,10.0,27.44,83.5,3.0,38.0,38.4
67.923,17,130.0,1306.0,22.0,10.0,25.72,83.5,3.0,38.0,38.4
67.983,17,130.0,1306.0,22.0,10.0,25.72,45.9,3.0,38.0,38.4
68.074,17,130.0,1306.0,22.0,10.0,25.72,45.9,3.0,38.0,38.4
68.134,17,130.0,1306.0,22.0,10.0,25.72,45.9,3.0,14.1,38.4
68.225,17,130.0,1306.0,22.0,10.0,25.72,45.9,3.0,14.1,14.5
68.316,17,130.0,1306.0,22.0,10.0,25.72,45.9,3.0,14.1,14.5
68.403,17,100.0,1306.0,22.0,10.0,25.72,45.9,3.0,14.1,14.5
68.493,17,100.0,1079.0,22.0,10.0,25.72,45.9,3.0,14.1,14.5
68.582,17,100.0,1079.0,20.0,10.0,25.72,45.9,3.0,14.1,14.5
68.674,17,100.0,1079.0,20.0,10.0,25.72,45.9,3.0,14.1,14.5
68.762,17,100.0,1079.0,20.0,10.0,19.49,45.9,3.0,14.1,14.5
68.852,17,100.0,1079.0,20.0,10.0,19.49,72.2,3.0,14.1,14.5
68.942,17,100.0,1079.0,20.0,10.0,19.49,72.2,3.0,14.1,14.5
69.032,17,100.0,1079.0,20.0,10.0,19.49,72.2,3.0,14.1,14.5
69.125,17,100.0,1079.0,20.0,10.0,19.49,72.2,3.0,14.1,14.5
69.184,17,100.0,1079.0,20.0,10.0,19.49,72.2,3.0,14.1,14.5
69.278,17,104.0,1079.0,20.0,10.0,19.49,72.2,3.0,14.1,14.5
69.333,17,104.0,985.0,20.0,10.0,19.49,72.2,3.0,14.1,14.5
69.425,17,104.0,985.0,18.0,10.0,19.49,72.2,3.0,14.1,14.5
69.513,17,104.0,985.0,18.0,8.0,19.49,72.2,3.0,14.1,14.5
69.603,17,104.0,985.0,18.0,8.0,17.55,72.2,3.0,14.1,14.5
69.693,17,104.0,985.0,18.0,8.0,17.55,83.5,3.0,14.1,14.5
69.782,17,104.0,985.0,18.0,8.0,17.55,83.5,3.0,14.1,14.5
69.873,17,104.0,985.0,18.0,8.0,17.55,83.5,3.0,14.5,14.5
69.934,17,104.0,985.0,18.0,8.0,17.55,83.5,3.0,14.5,14.5
70.023,17,104.0,985.0,18.0,8.0,17.55,83.5,3.0,14.5,14.5
70.085,17,105.0,985.0,18.0,8.0,17.55,83.5,3.0,14.5,14.5
70.174,17,105.0,965.0,18.0,8.0,17.55,83.5,3.0,14.5,14.5
70.235,17,105.0,965.0,15.0,8.0,17.55,83.5,3.0,14.5,14.5
70.324,17,105.0,965.0,15.0,8.0,17.55,83.5,3.0,14.5,14.5
70.385,17,105.0,965.0,15.0,8.0,17.44,83.5,3.0,14.5,14.5
70.473,17,105.0,965.0,15.0,8.0,17.44,83.5,3.0,14.5,14.5
70.535,17,105.0,965.0,15.0,8.0,17.44,83.5,2.0,14.5,14.5
70.623,17,105.0,965.0,15.0,8.0,17.44,83.5,2.0,14.1,14.5
70.713,17,105.0,965.0,15.0,8.0,17.44,83.5,2.0,14.1,14.5
70.802,17,105.0,965.0,15.0,8.0,17.44,83.5,2.0,14.1,14.5
70.893,17,105.0,965.0,15.0,8.0,17.44,83.5,2.0,14.1,14.5
70.983,17,105.0,935.0,15.0,8.0,17.44,83.5,2.0,14.1,14.5
71.072,17,105.0,935.0,12.0,8.0,17.44,83.5,2.0,14.1,14.5
71.133,17,105.0,935.0,12.0,8.0,17.44,83.5,2.0,14.1,14.5
71.223,17,105.0,935.0,12.0,8.0,16.63,83.5,2.0,14.1,14.5
71.284,17,105.0,935.0,12.0,8.0,16.63,83.5,2.0,14.1,14.5
71.373,17,105.0,935.0,12.0,8.0,16.63,83.5,2.0,14.1,14.5
71.433,17,105.0,935.0,12.0,8.0,16.63,83.5,2.0,14.1,14.5
71.524,17,105.0,935.0,12.0,8.0,16.63,83.5,2.0,14.1,14.5
71.587,17,105.0,935.0,12.0,8.0,16.63,83.5,2.0,14.1,14.5
71.673,17,105.0,935.0,12.0,8.0,16.63,83.5,2.0,14.1,14.5
71.733,17,105.0,939.0,12.0,8.0,16.63,83.5,2.0,14.1,14.5
71.822,17,105.0,939.0,10.0,8.0,16.63,83.5,2.0,14.1,14.5
71.912,17,105.0,939.0,10.0,8.0,16.63,83.5,2.0,14.1,14.5
71.973,17,105.0,939.0,10.0,8.0,16.91,83.5,2.0,14.1,14.5
72.036,17,105.0,939.0,10.0,8.0,16.91,83.5,2.0,14.1,14.5
72.124,17,105.0,939.0,10.0,8.0,16.91,83.5,2.0,14.1,14.5
72.185,17,105.0,939.0,10.0,8.0,16.91,83.5,2.0,14.1,14.5
72.273,17,105.0,939.0,10.0,8.0,16.91,83.5,2.0,14.1,14.5
72.334,17,105.0,939.0,10.0,8.0,16.91,83.5,2.0,14.1,14.5
72.423,17,105.0,939.0,10.0,8.0,16.91,83.5,2.0,14.1,14.5
72.484,17,105.0,945.0,10.0,8.0,16.91,83.5,2.0,14.1,14.5
72.574,17,105.0,945.0,9.0,8.0,16.91,83.5,2.0,14.1,14.5
72.636,17,105.0,945.0,9.0,8.0,16.91,83.5,2.0,14.1,14.5
72.722,17,105.0,945.0,9.0,8.0,17.11,83.5,2.0,14.1,14.5
72.783,17,105.0,945.0,9.0,8.0,17.11,83.5,2.0,14.1,14.5
72.873,17,105.0,945.0,9.0,8.0,17.11,83.5,2.0,14.1,14.5
72.935,17,105.0,945.0,9.0,8.0,17.11,83.5,2.0,17.3,14.5
73.023,17,105.0,945.0,9.0,8.0,17.11,83.5,2.0,17.3,18.0
73.084,18,105.0,945.0,9.0,8.0,17.11,83.5,2.0,17.3,18.0
73.173,18,104.0,945.0,9.0,8.0,17.11,83.5,2.0,17.3,18.0
73.234,18,104.0,971.0,9.0,8.0,17.11,83.5,2.0,17.3,18.0
73.323,18,104.0,971.0,8.0,8.0,17.11,83.5,2.0,17.3,18.0
73.385,18,104.0,971.0,8.0,8.0,17.11,83.5,2.0,17.3,18.0
73.474,18,104.0,971.0,8.0,8.0,17.47,83.5,2.0,17.3,18.0
73.563,18,104.0,971.0,8.0,8.0,17.47,83.5,2.0,17.3,18.0
73.627,18,104.0,971.0,8.0,8.0,17.47,83.5,2.0,17.3,18.0
73.685,18,104.0,971.0,8.0,8.0,17.47,83.5,2.0,23.5,18.0
73.772,18,104.0,971.0,8.0,8.0,17.47,83.5,2.0,23.5,23.9
73.833,18,104.0,971.0,8.0,8.0,17.47,83.5,2.0,23.5,23.9
73.923,18,105.0,971.0,8.0,8.0,17.47,83.5,2.0,23.5,23.9
73.985,18,105.0,1081.0,8.0,8.0,17.47,83.5,2.0,23.5,23.9
74.103,18,105.0,1081.0,9.0,8.0,17.47,83.5,2.0,23.5,23.9
74.192,18,105.0,1081.0,9.0,8.0,17.47,83.5,2.0,23.5,23.9
74.282,18,105.0,1081.0,9.0,8.0,21.69,83.5,2.0,23.5,23.9
74.374,18,105.0,1081.0,9.0,8.0,21.69,83.5,2.0,23.5,23.9
74.434,18,105.0,1081.0,9.0,8.0,21.69,83.5,2.0,23.5,23.9
74.523,18,105.0,1081.0,9.0,8.0,21.69,83.5,2.0,37.6,23.9
74.586,18,105.0,1081.0,9.0,8.0,21.69,83.5,2.0,37.6,40.0
74.673,18,105.0,1081.0,9.0,8.0,21.69,83.5,2.0,37.6,40.0
74.732,18,108.0,1081.0,9.0,8.0,21.69,83.5,2.0,37.6,40.0
74.822,18,108.0,1466.0,9.0,8.0,21.69,83.5,2.0,37.6,40.0
74.884,18,108.0,1466.0,13.0,8.0,21.69,83.5,2.0,37.6,40.0
74.972,18,108.0,1466.0,13.0,10.0,21.69,83.5,2.0,37.6,40.0
75.034,18,108.0,1466.0,13.0,10.0,32.47,83.5,2.0,37.6,40.0
75.122,18,108.0,1466.0,13.0,10.0,32.47,83.5,2.0,37.6,40.0
75.185,18,108.0,1466.0,13.0,10.0,32.47,83.5,2.0,37.6,40.0
75.273,18,108.0,1466.0,13.0,10.0,32.47,83.5,2.0,43.1,40.0
75.333,18,108.0,1466.0,13.0,10.0,32.47,83.5,2.0,43.1,43.5
75.425,18,108.0,1466.0,13.0,10.0,32.47,83.5,2.0,43.1,43.5
75.484,18,131.0,1466.0,13.0,10.0,32.47,83.5,2.0,43.1,43.5
75.572,18,131.0,1920.0,13.0,10.0,32.47,83.5,2.0,43.1,43.5
75.632,18,131.0,1920.0,17.0,10.0,32.47,83.5,2.0,43.1,43.5
75.722,18,131.0,1920.0,17.0,12.0,32.47,83.5,2.0,43.1,43.5
75.782,18,131.0,1920.0,17.0,12.0,40.94,83.5,2.0,43.1,43.5
75.872,18,131.0,1920.0,17.0,12.0,40.94,43.9,2.0,43.1,43.5
75.933,18,131.0,1920.0,17.0,12.0,40.94,43.9,2.0,43.1,43.5
76.022,18,131.0,1920.0,17.0,12.0,40.94,43.9,2.0,14.1,43.5
76.083,18,131.0,1920.0,17.0,12.0,40.94,43.9,2.0,14.1,14.5
76.172,18,131.0,1920.0,17.0,12.0,40.94,43.9,2.0,14.1,14.5
76.233,18,101.0,1920.0,17.0,12.0,40.94,43.9,2.0,14.1,14.5
76.324,18,101.0,1047.0,17.0,12.0,40.94,43.9,2.0,14.1,14.5
76.383,18,101.0,1047.0,17.0,12.0,40.94,43.9,2.0,14.1,14.5
76.472,18,101.0,1047.0,17.0,11.0,40.94,43.9,2.0,14.1,14.5
76.593,18,101.0,1047.0,17.0,11.0,19.58,43.9,2.0,14.1,14.5
76.682,18,101.0,1047.0,17.0,11.0,19.58,63.5,2.0,14.1,14.5
76.772,18,101.0,1047.0,17.0,11.0,19.58,63.5,2.0,14.1,14.5
76.833,18,101.0,1047.0,17.0,11.0,19.58,63.5,2.0,37.3,14.5
76.922,18,101.0,1047.0,17.0,11.0,19.58,63.5,2.0,37.3,39.2
76.985,18,101.0,1047.0,17.0,11.0,19.58,63.5,2.0,37.3,39.2
77.072,18,109.0,1047.0,17.0,11.0,19.58,63.5,2.0,37.3,39.2
77.133,18,109.0,1212.0,17.0,11.0,19.58,63.5,2.0,37.3,39.2
77.222,18,109.0,1212.0,20.0,11.0,19.58,63.5,2.0,37.3,39.2
77.284,18,109.0,1212.0,20.0,9.0,19.58,63.5,2.0,37.3,39.2
77.372,18,109.0,1212.0,20.0,9.0,25.08,63.5,2.0,37.3,39.2
77.434,18,109.0,1212.0,20.0,9.0,25.08,83.5,2.0,37.3,39.2
77.523,18,109.0,1212.0,20.0,9.0,25.08,83.5,1.0,37.3,39.2
77.585,18,109.0,1212.0,20.0,9.0,25.08,83.5,1.0,40.4,39.2
77.673,18,109.0,1212.0,20.0,9.0,25.08,83.5,1.0,40.4,40.8
77.733,18,109.0,1212.0,20.0,9.0,25.08,83.5,1.0,40.4,40.8
77.822,18,121.0,1212.0,20.0,9.0,25.08,83.5,1.0,40.4,40.8
77.883,18,121.0,1423.0,20.0,9.0,25.08,83.5,1.0,40.4,40.8
77.974,18,121.0,1423.0,24.0,9.0,25.08,83.5,1.0,40.4,40.8
78.032,18,121.0,1423.0,24.0,9.0,25.08,83.5,1.0,40.4,40.8
78.122,18,121.0,1423.0,24.0,9.0,32.49,83.5,1.0,40.4,40.8
78.182,18,121.0,1423.0,24.0,9.0,32.49,83.5,1.0,40.4,40.8
78.272,18,121.0,1423.0,24.0,9.0,32.49,83.5,1.0,40.4,40.8
78.333,18,121.0,1423.0,24.0,9.0,32.49,83.5,1.0,40.0,40.8
78.422,18,121.0,1423.0,24.0,9.0,32.49,83.5,1.0,40.0,40.0
78.484,18,121.0,1423.0,24.0,9.0,32.49,83.5,1.0,40.0,40.0
78.572,18,131.0,1423.0,24.0,9.0,32.49,83.5,1.0,40.0,40.0
78.635,18,131.0,1573.0,24.0,9.0,32.49,83.5,1.0,40.0,40.0
78.722,18,131.0,1573.0,27.0,9.0,32.49,83.5,1.0,40.0,40.0
78.784,18,131.0,1573.0,27.0,10.0,32.49,83.5,1.0,40.0,40.0
78.873,18,131.0,1573.0,27.0,10.0,34.66,83.5,1.0,40.0,40.0
78.935,18,131.0,1573.0,27.0,10.0,34.66,83.5,1.0,40.0,40.0
79.021,18,131.0,1573.0,27.0,10.0,34.66,83.5,1.0,40.0,40.0
79.082,18,131.0,1573.0,27.0,10.0,34.66,83.5,1.0,33.3,40.0
79.172,18,131.0,1573.0,27.0,10.0,34.66,83.5,1.0,33.3,33.7
79.233,18,131.0,1573.0,27.0,10.0,34.66,83.5,1.0,33.3,33.7
79.321,18,115.0,1573.0,27.0,10.0,34.66,83.5,1.0,33.3,33.7
79.382,18,115.0,1632.0,27.0,10.0,34.66,83.5,1.0,33.3,33.7
79.472,18,115.0,1632.0,28.0,10.0,34.66,83.5,1.0,33.3,33.7
79.533,18,115.0,1632.0,28.0,11.0,34.66,83.5,1.0,33.3,33.7
79.624,18,115.0,1632.0,28.0,11.0,32.24,83.5,1.0,33.3,33.7
79.683,18,115.0,1632.0,28.0,11.0,32.24,83.5,1.0,33.3,33.7
79.774,18,115.0,1632.0,28.0,11.0,32.24,83.5,1.0,33.3,33.7
79.833,18,115.0,1632.0,28.0,11.0,32.24,83.5,1.0,32.2,33.7
79.922,18,115.0,1632.0,28.0,11.0,32.24,83.5,1.0,32.2,31.8
79.982,19,115.0,1632.0,28.0,11.0,32.24,83.5,1.0,32.2,31.8
80.072,19,108.0,1632.0,28.0,11.0,32.24,83.5,1.0,32.2,31.8
80.133,19,108.0,1654.0,28.0,11.0,32.24,83.5,1.0,32.2,31.8
80.222,19,108.0,1654.0,28.0,11.0,32.24,83.5,1.0,32.2,31.8
80.283,19,108.0,1654.0,28.0,11.0,32.24,83.5,1.0,32.2,31.8
80.372,19,108.0,1654.0,28.0,11.0,31.13,83.5,1.0,32.2,31.8
80.434,19,108.0,1654.0,28.0,11.0,31.13,83.5,1.0,32.2,31.8
80.522,19,108.0,1654.0,28.0,11.0,31.13,83.5,1.0,32.2,31.8
80.584,19,108.0,1654.0,28.0,11.0,31.13,83.5,1.0,29.8,31.8
80.673,19,108.0,1654.0,28.0,11.0,31.13,83.5,1.0,29.8,29.8
80.733,19,108.0,1654.0,28.0,11.0,31.13,83.5,1.0,29.8,29.8
80.823,19,104.0,1654.0,28.0,11.0,31.13,83.5,1.0,29.8,29.8
80.883,19,104.0,1648.0,28.0,11.0,31.13,83.5,1.0,29.8,29.8
80.971,19,104.0,1648.0,28.0,11.0,31.13,83.5,1.0,29.8,29.8
81.032,19,104.0,1648.0,28.0,10.0,31.13,83.5,1.0,29.8,29.8
81.122,19,104.0,1648.0,28.0,10.0,30.16,83.5,1.0,29.8,29.8
81.183,19,104.0,1648.0,28.0,10.0,30.16,83.5,1.0,29.8,29.8
81.273,19,104.0,1648.0,28.0,10.0,30.16,83.5,1.0,29.8,29.8
81.333,19,104.0,1648.0,28.0,10.0,30.16,83.5,1.0,29.8,29.8
81.422,19,104.0,1648.0,28.0,10.0,30.16,83.5,1.0,29.8,30.2
81.582,19,104.0,1648.0,28.0,10.0,30.16,83.5,1.0,29.8,30.2
81.632,19,102.0,1648.0,28.0,10.0,30.16,83.5,1.0,29.8,30.2
81.721,19,102.0,1640.0,28.0,10.0,30.16,83.5,1.0,29.8,30.2
81.782,19,102.0,1640.0,28.0,10.0,30.16,83.5,1.0,29.8,30.2
81.87,19,102.0,1640.0,28.0,10.0,30.16,83.5,1.0,29.8,30.2
81.931,19,102.0,1640.0,28.0,10.0,30.49,83.5,1.0,29.8,30.2
82.021,19,102.0,1640.0,28.0,10.0,30.49,83.5,1.0,29.8,30.2
82.081,19,102.0,1640.0,28.0,10.0,30.49,83.5,1.0,29.8,30.2
82.171,19,102.0,1640.0,28.0,10.0,30.49,83.5,1.0,31.4,30.2
82.231,19,102.0,1640.0,28.0,10.0,30.49,83.5,1.0,31.4,31.4
82.321,19,102.0,1640.0,28.0,10.0,30.49,83.5,1.0,31.4,31.4
82.382,19,105.0,1640.0,28.0,10.0,30.49,83.5,1.0,31.4,31.4
82.477,19,105.0,1636.0,28.0,10.0,30.49,83.5,1.0,31.4,31.4
82.531,19,105.0,1636.0,28.0,10.0,30.49,83.5,1.0,31.4,31.4
82.621,19,105.0,1636.0,28.0,10.0,30.49,83.5,1.0,31.4,31.4
82.682,19,105.0,1636.0,28.0,10.0,31.19,83.5,1.0,31.4,31.4
82.771,19,105.0,1636.0,28.0,10.0,31.19,83.5,1.0,31.4,31.4
82.831,19,105.0,1636.0,28.0,10.0,31.19,83.5,1.0,31.4,31.4
82.921,19,105.0,1636.0,28.0,10.0,31.19,83.5,1.0,31.4,31.4
82.981,19,105.0,1636.0,28.0,10.0,31.19,83.5,1.0,31.4,31.4
83.071,19,105.0,1636.0,28.0,10.0,31.19,83.5,1.0,31.4,31.4
83.131,19,107.0,1636.0,28.0,10.0,31.19,83.5,1.0,31.4,31.4
83.221,19,107.0,1629.0,28.0,10.0,31.19,83.5,1.0,31.4,31.4
83.281,19,107.0,1629.0,28.0,10.0,31.19,83.5,1.0,31.4,31.4
83.371,19,107.0,1629.0,28.0,10.0,31.19,83.5,1.0,31.4,31.4
83.431,19,107.0,1629.0,28.0,10.0,31.36,83.5,1.0,31.4,31.4
83.521,19,107.0,1629.0,28.0,10.0,31.36,83.5,1.0,31.4,31.4
83.581,19,107.0,1629.0,28.0,10.0,31.36,83.5,1.0,31.4,31.4
83.671,19,107.0,1629.0,28.0,10.0,31.36,83.5,1.0,31.4,31.4
83.731,19,107.0,1629.0,28.0,10.0,31.36,83.5,1.0,31.4,31.4
83.821,19,107.0,1629.0,28.0,10.0,31.36,83.5,1.0,31.4,31.4
83.882,19,107.0,1629.0,28.0,10.0,31.36,83.5,1.0,31.4,31.4
83.971,19,107.0,1643.0,28.0,10.0,31.36,83.5,1.0,31.4,31.4
84.031,19,107.0,1643.0,28.0,10.0,31.36,83.5,1.0,31.4,31.4
84.121,19,107.0,1643.0,28.0,10.0,31.36,83.5,1.0,31.4,31.4
84.181,19,107.0,1643.0,28.0,10.0,31.66,83.5,1.0,31.4,31.4
84.272,19,107.0,1643.0,28.0,10.0,31.66,83.5,1.0,31.4,31.4
84.331,19,107.0,1643.0,28.0,10.0,31.66,83.5,1.0,31.4,31.4
84.421,19,107.0,1643.0,28.0,10.0,31.66,83.5,1.0,30.6,31.4
84.481,19,107.0,1643.0,28.0,10.0,31.66,83.5,1.0,30.6,31.0
84.571,19,107.0,1643.0,28.0,10.0,31.66,83.5,1.0,30.6,31.0
84.632,19,107.0,1643.0,28.0,10.0,31.66,83.5,1.0,30.6,31.0
84.721,19,107.0,1640.0,28.0,10.0,31.66,83.5,1.0,30.6,31.0
84.782,19,107.0,1640.0,28.0,10.0,31.66,83.5,1.0,30.6,31.0
84.872,19,107.0,1640.0,28.0,9.0,31.66,83.5,1.0,30.6,31.0
84.962,19,107.0,1640.0,28.0,9.0,31.41,83.5,1.0,30.6,31.0
85.081,19,107.0,1640.0,28.0,9.0,31.41,83.5,1.0,30.6,31.0
85.171,19,107.0,1640.0,28.0,9.0,31.41,83.5,0.0,30.6,31.0
85.261,19,107.0,1640.0,28.0,9.0,31.41,83.5,0.0,31.0,31.0
85.324,19,107.0,1640.0,28.0,9.0,31.41,83.5,0.0,31.0,30.6
85.42,19,107.0,1640.0,28.0,9.0,31.41,83.5,0.0,31.0,30.6
85.472,19,106.0,1640.0,28.0,9.0,31.41,83.5,0.0,31.0,30.6
85.562,19,106.0,1643.0,28.0,9.0,31.41,83.5,0.0,31.0,30.6
85.622,19,106.0,1643.0,28.0,9.0,31.41,83.5,0.0,31.0,30.6
85.711,19,106.0,1643.0,28.0,9.0,31.41,83.5,0.0,31.0,30.6
85.772,19,106.0,1643.0,28.0,9.0,31.61,83.5,0.0,31.0,30.6
85.861,19,106.0,1643.0,28.0,9.0,31.61,83.5,0.0,31.0,30.6
85.922,19,106.0,1643.0,28.0,9.0,31.61,83.5,0.0,31.0,30.6
86.011,19,106.0,1643.0,28.0,9.0,31.61,83.5,0.0,22.4,30.6
86.1,19,106.0,1643.0,28.0,9.0,31.61,83.5,0.0,22.4,19.6
86.191,19,106.0,1643.0,28.0,9.0,31.61,83.5,0.0,22.4,19.6
86.282,19,103.0,1643.0,28.0,9.0,31.61,83.5,0.0,22.4,19.6
86.372,19,103.0,1566.0,28.0,9.0,31.61,83.5,0.0,22.4,19.6
86.491,19,103.0,1566.0,27.0,9.0,31.61,83.5,0.0,22.4,19.6
86.581,19,103.0,1566.0,27.0,9.0,31.61,83.5,0.0,22.4,19.6
86.671,19,103.0,1566.0,27.0,9.0,29.24,83.5,0.0,22.4,19.6
86.761,19,103.0,1566.0,27.0,9.0,29.24,83.5,0.0,22.4,19.6
86.825,19,103.0,1566.0,27.0,9.0,29.24,83.5,0.0,22.4,19.6
86.911,19,103.0,1566.0,27.0,9.0,29.24,83.5,0.0,14.1,19.6
86.973,19,103.0,1566.0,27.0,9.0,29.24,83.5,0.0,14.1,14.5
87.061,19,103.0,1566.0,27.0,9.0,29.24,83.5,0.0,14.1,14.5
87.122,19,110.0,1566.0,27.0,9.0,29.24,83.5,0.0,14.1,14.5
87.212,19,110.0,1426.0,27.0,9.0,29.24,83.5,0.0,14.1,14.5
87.302,19,110.0,1426.0,24.0,9.0,29.24,83.5,0.0,14.1,14.5
87.364,19,110.0,1426.0,24.0,9.0,29.24,83.5,0.0,14.1,14.5
87.423,19,110.0,1426.0,24.0,9.0,27.38,83.5,0.0,14.1,14.5
87.511,19,110.0,1426.0,24.0,9.0,27.38,83.5,0.0,14.1,14.5
87.576,19,110.0,1426.0,24.0,9.0,27.38,83.5,0.0,14.1,14.5
87.662,19,110.0,1426.0,24.0,9.0,27.38,83.5,0.0,14.1,14.5
87.752,19,110.0,1426.0,24.0,9.0,27.38,83.5,0.0,14.1,14.5
87.813,20,110.0,1426.0,24.0,9.0,27.38,83.5,0.0,14.1,14.5
87.872,20,111.0,1426.0,24.0,9.0,27.38,83.5,0.0,14.1,14.5
87.962,20,111.0,1275.0,24.0,9.0,27.38,83.5,0.0,14.1,14.5
88.021,20,111.0,1275.0,22.0,9.0,27.38,83.5,0.0,14.1,14.5
88.11,20,111.0,1275.0,22.0,9.0,27.38,83.5,0.0,14.1,14.5
88.171,20,111.0,1275.0,22.0,9.0,23.94,83.5,0.0,14.1,14.5
88.261,20,111.0,1275.0,22.0,9.0,23.94,83.5,0.0,14.1,14.5
88.322,20,111.0,1275.0,22.0,9.0,23.94,83.5,0.0,14.1,14.5
88.411,20,111.0,1275.0,22.0,9.0,23.94,83.5,0.0,14.1,14.5
88.472,20,111.0,1275.0,22.0,9.0,23.94,83.5,0.0,14.1,14.5
88.563,20,111.0,1275.0,22.0,9.0,23.94,83.5,0.0,14.1,14.5
88.625,20,109.0,1275.0,22.0,9.0,23.94,83.5,0.0,14.1,14.5
88.713,20,109.0,1120.0,22.0,9.0,23.94,83.5,0.0,14.1,14.5
88.802,20,109.0,1120.0,19.0,9.0,23.94,83.5,0.0,14.1,14.5
88.892,20,109.0,1120.0,19.0,8.0,23.94,83.5,0.0,14.1,14.5
88.981,20,109.0,1120.0,19.0,8.0,18.02,83.5,0.0,14.1,14.5
89.071,20,109.0,1120.0,19.0,8.0,18.02,83.5,0.0,14.1,14.5
89.161,20,109.0,1120.0,19.0,8.0,18.02,83.5,0.0,14.1,14.5
89.222,20,109.0,1120.0,19.0,8.0,18.02,83.5,0.0,14.1,14.5
89.312,20,109.0,1120.0,19.0,8.0,18.02,83.5,0.0,14.1,14.5
89.374,20,109.0,1120.0,19.0,8.0,18.02,83.5,0.0,14.1,14.5
89.463,20,108.0,1120.0,19.0,8.0,18.02,83.5,0.0,14.1,14.5
89.523,20,108.0,1007.0,19.0,8.0,18.02,83.5,0.0,14.1,14.5
89.611,20,108.0,1007.0,17.0,8.0,18.02,83.5,0.0,14.1,14.5
89.674,20,108.0,1007.0,17.0,7.0,18.02,83.5,0.0,14.1,14.5
89.761,20,108.0,1007.0,17.0,7.0,18.58,83.5,0.0,14.1,14.5
89.826,20,108.0,1007.0,17.0,7.0,18.58,83.5,0.0,14.1,14.5
89.911,20,108.0,1007.0,17.0,7.0,18.58,83.5,0.0,14.1,14.5
90.002,20,108.0,1007.0,17.0,7.0,18.58,83.5,0.0,14.1,14.5
90.091,20,108.0,1007.0,17.0,7.0,18.58,83.5,0.0,14.1,14.5
90.181,20,108.0,1007.0,17.0,7.0,18.58,83.5,0.0,14.1,14.5
90.271,20,107.0,1007.0,17.0,7.0,18.58,83.5,0.0,14.1,14.5
90.362,20,107.0,1024.0,17.0,7.0,18.58,83.5,0.0,14.1,14.5
90.424,20,107.0,1024.0,13.0,7.0,18.58,83.5,0.0,14.1,14.5
90.511,20,107.0,1024.0,13.0,6.0,18.58,83.5,0.0,14.1,14.5
90.573,20,107.0,1024.0,13.0,6.0,19.16,83.5,0.0,14.1,14.5
90.662,20,107.0,1024.0,13.0,6.0,19.16,83.5,0.0,14.1,14.5
90.73,20,107.0,1024.0,13.0,6.0,19.16,83.5,0.0,14.1,14.5
90.812,20,107.0,1024.0,13.0,6.0,19.16,83.5,0.0,14.1,14.5
90.873,20,107.0,1024.0,13.0,6.0,19.16,83.5,0.0,14.1,14.1
90.963,20,107.0,1024.0,13.0,6.0,19.16,83.5,0.0,14.1,14.1
91.022,20,107.0,1024.0,13.0,6.0,19.16,83.5,0.0,14.1,14.1
91.111,20,107.0,1032.0,13.0,6.0,19.16,83.5,0.0,14.1,14.1
91.172,20,107.0,1032.0,8.0,6.0,19.16,83.5,0.0,14.1,14.1
91.262,20,107.0,1032.0,8.0,6.0,19.16,83.5,0.0,14.1,14.1
91.322,20,107.0,1032.0,8.0,6.0,18.83,83.5,0.0,14.1,14.1
91.411,20,107.0,1032.0,8.0,6.0,18.83,83.5,0.0,14.1,14.1
91.531,20,107.0,1032.0,8.0,6.0,18.83,83.5,0.0,14.1,14.1
91.621,20,107.0,1032.0,8.0,6.0,18.83,83.5,0.0,14.1,14.1
91.712,20,107.0,1032.0,8.0,6.0,18.83,83.5,0.0,14.1,14.5
91.773,20,107.0,1032.0,8.0,6.0,18.83,83.5,0.0,14.1,14.5
91.861,20,107.0,1032.0,8.0,6.0,18.83,83.5,0.0,14.1,14.5
91.981,20,107.0,1036.0,8.0,6.0,18.83,83.5,0.0,14.1,14.5
92.071,20,107.0,1036.0,4.0,6.0,18.83,83.5,0.0,14.1,14.5
92.161,20,107.0,1036.0,4.0,7.0,18.83,83.5,0.0,14.1,14.5
92.223,20,107.0,1036.0,4.0,7.0,19.05,83.5,0.0,14.1,14.5
92.311,20,107.0,1036.0,4.0,7.0,19.05,83.5,0.0,14.1,14.5
92.374,20,107.0,1036.0,4.0,7.0,19.05,83.5,0.0,14.1,14.5
92.461,20,107.0,1036.0,4.0,7.0,19.05,83.5,0.0,14.1,14.5
92.525,20,107.0,1036.0,4.0,7.0,19.05,83.5,0.0,14.1,14.5
92.612,20,107.0,1036.0,4.0,7.0,19.05,83.5,0.0,14.1,14.5
92.673,20,107.0,1036.0,4.0,7.0,19.05,83.5,0.0,14.1,14.5
92.762,20,107.0,1037.0,4.0,7.0,19.05,83.5,0.0,14.1,14.5
92.823,20,107.0,1037.0,3.0,7.0,19.05,83.5,0.0,14.1,14.5
92.911,20,107.0,1037.0,3.0,7.0,19.05,83.5,0.0,14.1,14.5
92.98,20,107.0,1037.0,3.0,7.0,19.22,83.5,0.0,14.1,14.5
93.061,20,107.0,1037.0,3.0,7.0,19.22,83.5,0.0,14.1,14.5
93.122,20,107.0,1037.0,3.0,7.0,19.22,83.5,0.0,14.1,14.5
93.211,20,107.0,1037.0,3.0,7.0,19.22,83.5,0.0,14.1,14.5
93.272,20,107.0,1037.0,3.0,7.0,19.22,83.5,0.0,14.1,14.5
93.362,20,107.0,1037.0,3.0,7.0,19.22,83.5,0.0,14.1,14.5
93.423,20,107.0,1037.0,3.0,7.0,19.22,83.5,0.0,14.1,14.5
93.512,20,107.0,1041.0,3.0,7.0,19.22,83.5,0.0,14.1,14.5
93.573,20,107.0,1041.0,3.0,7.0,19.22,83.5,0.0,14.1,14.5
93.661,20,107.0,1041.0,3.0,7.0,19.22,83.5,0.0,14.1,14.5
93.722,20,107.0,1041.0,3.0,7.0,19.11,83.5,0.0,14.1,14.5
93.811,20,107.0,1041.0,3.0,7.0,19.11,83.5,0.0,14.1,14.5
93.873,20,107.0,1041.0,3.0,7.0,19.11,83.5,0.0,14.1,14.5
93.961,20,107.0,1041.0,3.0,7.0,19.11,83.5,0.0,15.3,14.5
94.022,20,107.0,1041.0,3.0,7.0,19.11,83.5,0.0,15.3,14.9
94.111,20,107.0,1041.0,3.0,7.0,19.11,83.5,0.0,15.3,14.9
94.172,20,107.0,1041.0,3.0,7.0,19.11,83.5,0.0,15.3,14.9
94.261,20,107.0,980.0,3.0,7.0,19.11,83.5,0.0,15.3,14.9
94.324,20,107.0,980.0,3.0,7.0,19.11,83.5,0.0,15.3,14.9
94.411,20,107.0,980.0,3.0,7.0,19.11,83.5,0.0,15.3,14.9
94.473,20,107.0,980.0,3.0,7.0,17.61,83.5,0.0,15.3,14.9
94.561,20,107.0,980.0,3.0,7.0,17.61,83.5,0.0,15.3,14.9
94.623,20,107.0,980.0,3.0,7.0,17.61,83.5,0.0,15.3,14.9
94.711,20,107.0,980.0,3.0,7.0,17.61,83.5,0.0,16.5,14.9
94.803,20,107.0,980.0,3.0,7.0,17.61,83.5,0.0,16.5,16.1
94.865,20,107.0,980.0,3.0,7.0,17.61,83.5,0.0,16.5,16.1
94.924,20,108.0,980.0,3.0,7.0,17.61,83.5,0.0,16.5,16.1
95.011,20,108.0,965.0,3.0,7.0,17.61,83.5,0.0,16.5,16.1
95.101,20,108.0,965.0,6.0,7.0,17.61,83.5,0.0,16.5,16.1
95.193,20,108.0,965.0,6.0,7.0,17.61,83.5,0.0,16.5,16.1
95.282,20,108.0,965.0,6.0,7.0,17.61,83.5,0.0,16.5,16.1
95.372,20,108.0,965.0,6.0,7.0,17.61,83.5,0.0,16.5,16.1
95.461,20,108.0,965.0,6.0,7.0,17.61,83.5,0.0,16.5,16.1
95.523,20,108.0,965.0,6.0,7.0,17.61,83.5,0.0,17.3,16.1
95.611,20,108.0,965.0,6.0,7.0,17.61,83.5,0.0,17.3,17.6
95.674,21,108.0,965.0,6.0,7.0,17.61,83.5,0.0,17.3,17.6
95.762,21,109.0,965.0,6.0,7.0,17.61,83.5,0.0,17.3,17.6
95.824,21,109.0,1135.0,6.0,7.0,17.61,83.5,0.0,17.3,17.6
95.912,21,109.0,1135.0,10.0,7.0,17.61,83.5,0.0,17.3,17.6
95.975,21,109.0,1135.0,10.0,7.0,17.61,83.5,0.0,17.3,17.6
96.061,21,109.0,1135.0,10.0,7.0,22.47,83.5,0.0,17.3,17.6
96.121,21,109.0,1135.0,10.0,7.0,22.47,83.5,0.0,17.3,17.6
96.21,21,109.0,1135.0,10.0,7.0,22.47,83.5,0.0,17.3,17.6
96.271,21,109.0,1135.0,10.0,7.0,22.47,83.5,0.0,31.8,17.6
96.36,21,109.0,1135.0,10.0,7.0,22.47,83.5,0.0,31.8,33.3
96.421,21,109.0,1135.0,10.0,7.0,22.47,83.5,0.0,31.8,33.3
96.542,21,109.0,1135.0,10.0,7.0,22.47,83.5,0.0,31.8,33.3
96.662,21,109.0,1545.0,10.0,7.0,22.47,83.5,0.0,31.8,33.3
96.724,21,109.0,1545.0,13.0,7.0,22.47,83.5,0.0,31.8,33.3
96.811,21,109.0,1545.0,13.0,9.0,22.47,83.5,0.0,31.8,33.3
96.902,21,109.0,1545.0,13.0,9.0,34.74,83.5,0.0,31.8,33.3
96.966,21,109.0,1545.0,13.0,9.0,34.74,83.5,0.0,31.8,33.3
97.021,21,109.0,1545.0,13.0,9.0,34.74,83.5,0.0,31.8,33.3
97.111,21,109.0,1545.0,13.0,9.0,34.74,83.5,0.0,14.1,33.3
97.172,21,109.0,1545.0,13.0,9.0,34.74,83.5,0.0,14.1,14.5
97.261,21,109.0,1545.0,13.0,9.0,34.74,83.5,0.0,14.1,14.5
97.324,21,100.0,1545.0,13.0,9.0,34.74,83.5,0.0,14.1,14.5
97.412,21,100.0,1410.0,13.0,9.0,34.74,83.5,0.0,14.1,14.5
97.472,21,100.0,1410.0,15.0,9.0,34.74,83.5,0.0,14.1,14.5
97.592,21,100.0,1410.0,15.0,10.0,34.74,83.5,0.0,14.1,14.5
97.653,21,100.0,1410.0,15.0,10.0,23.19,83.5,0.0,14.1,14.5
97.741,21,100.0,1410.0,15.0,10.0,23.19,31.0,0.0,14.1,14.5
97.831,21,100.0,1410.0,15.0,10.0,23.19,31.0,0.0,14.1,14.5
97.922,21,100.0,1410.0,15.0,10.0,23.19,31.0,0.0,14.1,14.5
98.011,21,100.0,1410.0,15.0,10.0,23.19,31.0,0.0,14.1,14.5
98.101,21,100.0,1410.0,15.0,10.0,23.19,31.0,0.0,14.1,14.5
98.191,21,105.0,1410.0,15.0,10.0,23.19,31.0,0.0,14.1,14.5
98.281,21,105.0,1175.0,15.0,10.0,23.19,31.0,0.0,14.1,14.5
98.372,21,105.0,1175.0,14.0,10.0,23.19,31.0,0.0,14.1,14.5
98.462,21,105.0,1175.0,14.0,8.0,23.19,31.0,0.0,14.1,14.5
98.551,21,105.0,1175.0,14.0,8.0,20.44,31.0,0.0,14.1,14.5
98.641,21,105.0,1175.0,14.0,8.0,20.44,83.5,0.0,14.1,14.5
98.731,21,105.0,1175.0,14.0,8.0,20.44,83.5,0.0,14.1,14.5
98.822,21,105.0,1175.0,14.0,8.0,20.44,83.5,0.0,14.1,14.5
98.912,21,105.0,1175.0,14.0,8.0,20.44,83.5,0.0,14.1,14.5
99.001,21,105.0,1175.0,14.0,8.0,20.44,83.5,0.0,14.1,14.5
99.091,21,100.0,1175.0,14.0,8.0,20.44,83.5,0.0,14.1,14.5
99.181,21,100.0,1072.0,14.0,8.0,20.44,83.5,0.0,14.1,14.5
99.271,21,100.0,1072.0,12.0,8.0,20.44,83.5,0.0,14.1,14.5
99.362,21,100.0,1072.0,12.0,7.0,20.44,83.5,0.0,14.1,14.5
99.451,21,100.0,1072.0,12.0,7.0,18.55,83.5,0.0,14.1,14.5
99.542,21,100.0,1072.0,12.0,7.0,18.55,83.5,0.0,14.1,14.5
99.631,21,100.0,1072.0,12.0,7.0,18.55,83.5,0.0,14.1,14.5
99.722,21,100.0,1072.0,12.0,7.0,18.55,83.5,0.0,14.1,14.5
99.811,21,100.0,1072.0,12.0,7.0,18.55,83.5,0.0,14.1,14.5
99.902,21,100.0,1072.0,12.0,7.0,18.55,83.5,0.0,14.1,14.5
99.991,21,103.0,1072.0,12.0,7.0,18.55,83.5,0.0,14.1,14.5
100.08,21,103.0,1039.0,12.0,7.0,18.55,83.5,0.0,14.1,14.5
100.171,21,103.0,1039.0,9.0,7.0,18.55,83.5,0.0,14.1,14.5
100.261,21,103.0,1039.0,9.0,7.0,18.55,83.5,0.0,14.1,14.5
100.351,21,103.0,1039.0,9.0,7.0,18.49,83.5,0.0,14.1,14.5
100.441,21,103.0,1039.0,9.0,7.0,18.49,83.5,0.0,14.1,14.5
100.532,21,103.0,1039.0,9.0,7.0,18.49,83.5,0.0,14.1,14.5
100.621,21,103.0,1039.0,9.0,7.0,18.49,83.5,0.0,14.1,14.5
100.711,21,103.0,1039.0,9.0,7.0,18.49,83.5,0.0,14.1,14.5
100.802,21,103.0,1039.0,9.0,7.0,18.49,83.5,0.0,14.1,14.5
100.891,21,105.0,1039.0,9.0,7.0,18.49,83.5,0.0,14.1,14.5
100.982,21,105.0,1041.0,9.0,7.0,18.49,83.5,0.0,14.1,14.5
101.07,21,105.0,1041.0,4.0,7.0,18.49,83.5,0.0,14.1,14.5
101.161,21,105.0,1041.0,4.0,7.0,18.49,83.5,0.0,14.1,14.5
101.251,21,105.0,1041.0,4.0,7.0,18.94,83.5,0.0,14.1,14.5
101.341,21,105.0,1041.0,4.0,7.0,18.94,83.5,0.0,14.1,14.5
101.432,21,105.0,1041.0,4.0,7.0,18.94,83.5,-1.0,14.1,14.5
101.522,21,105.0,1041.0,4.0,7.0,18.94,83.5,-1.0,14.1,14.5
101.611,21,105.0,1041.0,4.0,7.0,18.94,83.5,-1.0,14.1,14.5
101.701,21,105.0,1041.0,4.0,7.0,18.94,83.5,-1.0,14.1,14.5
101.791,21,106.0,1041.0,4.0,7.0,18.94,83.5,-1.0,14.1,14.5
101.882,21,106.0,1041.0,4.0,7.0,18.94,83.5,-1.0,14.1,14.5
101.971,21,106.0,1041.0,0.0,7.0,18.94,83.5,-1.0,14.1,14.5
102.06,21,106.0,1041.0,0.0,7.0,18.94,83.5,-1.0,14.1,14.5
102.151,21,106.0,1041.0,0.0,7.0,19.02,83.5,-1.0,14.1,14.5
102.244,21,106.0,1041.0,0.0,7.0,19.02,83.5,-1.0,14.1,14.5
102.332,21,106.0,1041.0,0.0,7.0,19.02,83.5,-1.0,14.1,14.5
102.422,21,106.0,1041.0,0.0,7.0,19.02,83.5,-1.0,14.1,14.5
102.513,21,106.0,1041.0,0.0,7.0,19.02,83.5,-1.0,14.1,14.5
102.601,21,106.0,1041.0,0.0,7.0,19.02,83.5,-1.0,14.1,14.5
102.691,21,107.0,1041.0,0.0,7.0,19.02,83.5,-1.0,14.1,14.5
102.78,21,107.0,1040.0,0.0,7.0,19.02,83.5,-1.0,14.1,14.5
102.87,21,107.0,1040.0,0.0,7.0,19.02,83.5,-1.0,14.1,14.5
102.961,21,107.0,1040.0,0.0,7.0,19.02,83.5,-1.0,14.1,14.5
103.051,21,107.0,1040.0,0.0,7.0,19.16,83.5,-1.0,14.1,14.5
103.141,21,107.0,1040.0,0.0,7.0,19.16,83.5,-1.0,14.1,14.5
103.231,21,107.0,1040.0,0.0,7.0,19.16,83.5,-1.0,14.1,14.5
103.322,21,107.0,1040.0,0.0,7.0,19.16,83.5,-1.0,14.1,14.5
103.411,21,107.0,1040.0,0.0,7.0,19.16,83.5,-1.0,14.1,14.1
103.502,22,107.0,1040.0,0.0,7.0,19.16,83.5,-1.0,14.1,14.1
103.591,22,107.0,1040.0,0.0,7.0,19.16,83.5,-1.0,14.1,14.1
103.681,22,107.0,1040.0,0.0,7.0,19.16,83.5,-1.0,14.1,14.1
103.771,22,107.0,1040.0,0.0,7.0,19.16,83.5,-1.0,14.1,14.1
103.861,22,107.0,1040.0,0.0,7.0,19.16,83.5,-1.0,14.1,14.1
103.951,22,107.0,1040.0,0.0,7.0,19.08,83.5,-1.0,14.1,14.1
104.04,22,107.0,1040.0,0.0,7.0,19.08,83.5,-1.0,14.1,14.1
104.131,22,107.0,1040.0,0.0,7.0,19.08,83.5,-1.0,14.1,14.1
104.222,22,107.0,1040.0,0.0,7.0,19.08,83.5,-1.0,14.1,14.1
104.311,22,107.0,1040.0,0.0,7.0,19.08,83.5,-1.0,14.1,14.5
104.401,22,107.0,1040.0,0.0,7.0,19.08,83.5,-1.0,14.1,14.5
104.491,22,107.0,1040.0,0.0,7.0,19.08,83.5,-1.0,14.1,14.5
104.582,22,107.0,1040.0,0.0,7.0,19.08,83.5,-1.0,14.1,14.5
104.672,22,107.0,1040.0,0.0,7.0,19.08,83.5,-1.0,14.1,14.5
104.762,22,107.0,1040.0,0.0,7.0,19.08,83.5,-1.0,14.1,14.5
104.851,22,107.0,1040.0,0.0,7.0,19.27,83.5,-1.0,14.1,14.5
104.942,22,107.0,1040.0,0.0,7.0,19.27,83.5,-1.0,14.1,14.5
105.03,22,107.0,1040.0,0.0,7.0,19.27,83.5,-1.0,14.1,14.5
105.121,22,107.0,1040.0,0.0,7.0,19.27,83.5,-1.0,14.1,14.5
105.211,22,107.0,1040.0,0.0,7.0,19.27,83.5,-1.0,14.1,14.5
105.301,22,107.0,1040.0,0.0,7.0,19.27,83.5,-1.0,14.1,14.5
105.393,22,107.0,1040.0,0.0,7.0,19.27,83.5,-1.0,14.1,14.5
105.481,22,107.0,1041.0,0.0,7.0,19.27,83.5,-1.0,14.1,14.5
105.572,22,107.0,1041.0,0.0,7.0,19.27,83.5,-1.0,14.1,14.5
105.661,22,107.0,1041.0,0.0,7.0,19.27,83.5,-1.0,14.1,14.5
105.751,22,107.0,1041.0,0.0,7.0,19.24,83.5,-1.0,14.1,14.5
105.842,22,107.0,1041.0,0.0,7.0,19.24,83.5,-1.0,14.1,14.5
105.931,22,107.0,1041.0,0.0,7.0,19.24,83.5,-1.0,14.1,14.5
106.02,22,107.0,1041.0,0.0,7.0,19.24,83.5,-1.0,15.3,14.5
106.111,22,107.0,1041.0,0.0,7.0,19.24,83.5,-1.0,15.3,14.9
106.2,22,107.0,1041.0,0.0,7.0,19.24,83.5,-1.0,15.3,14.9
106.29,22,107.0,1041.0,0.0,7.0,19.24,83.5,-1.0,15.3,14.9
106.381,22,107.0,991.0,0.0,7.0,19.24,83.5,-1.0,15.3,14.9
106.501,22,107.0,991.0,0.0,7.0,19.24,83.5,-1.0,15.3,14.9
106.591,22,107.0,991.0,0.0,7.0,19.24,83.5,-1.0,15.3,14.9
106.681,22,107.0,991.0,0.0,7.0,18.16,83.5,-1.0,15.3,14.9
106.772,22,107.0,991.0,0.0,7.0,18.16,83.5,-1.0,15.3,14.9
106.861,22,107.0,991.0,0.0,7.0,18.16,83.5,-1.0,15.3,14.9
106.951,22,107.0,991.0,0.0,7.0,18.16,83.5,-1.0,16.1,14.9
107.04,22,107.0,991.0,0.0,7.0,18.16,83.5,-1.0,16.1,15.7
107.13,22,107.0,991.0,0.0,7.0,18.16,83.5,-1.0,16.1,15.7
107.221,22,107.0,991.0,0.0,7.0,18.16,83.5,-1.0,16.1,15.7
107.312,22,107.0,1007.0,0.0,7.0,18.16,83.5,-1.0,16.1,15.7
107.402,22,107.0,1007.0,2.0,7.0,18.16,83.5,-1.0,16.1,15.7
107.491,22,107.0,1007.0,2.0,7.0,18.16,83.5,-1.0,16.1,15.7
107.581,22,107.0,1007.0,2.0,7.0,18.61,83.5,-1.0,16.1,15.7
107.672,22,107.0,1007.0,2.0,7.0,18.61,83.5,-1.0,16.1,15.7
107.761,22,107.0,1007.0,2.0,7.0,18.61,83.5,-1.0,16.1,15.7
107.851,22,107.0,1007.0,2.0,7.0,18.61,83.5,-1.0,14.5,15.7
107.941,22,107.0,1007.0,2.0,7.0,18.61,83.5,-1.0,14.5,14.5
108.03,22,107.0,1007.0,2.0,7.0,18.61,83.5,-1.0,14.5,14.5
108.121,22,108.0,1007.0,2.0,7.0,18.61,83.5,-1.0,14.5,14.5
108.211,22,108.0,1065.0,2.0,7.0,18.61,83.5,-1.0,14.5,14.5
108.302,22,108.0,1065.0,3.0,7.0,18.61,83.5,-1.0,14.5,14.5
108.391,22,108.0,1065.0,3.0,8.0,18.61,83.5,-1.0,14.5,14.5
108.512,22,108.0,1065.0,3.0,8.0,19.63,83.5,-1.0,14.5,14.5
108.601,22,108.0,1065.0,3.0,8.0,19.63,83.5,-1.0,14.5,14.5
108.691,22,108.0,1065.0,3.0,8.0,19.63,83.5,-1.0,14.5,14.5
108.781,22,108.0,1065.0,3.0,8.0,19.63,83.5,-1.0,14.1,14.5
108.87,22,108.0,1065.0,3.0,8.0,19.63,83.5,-1.0,14.1,14.5
108.96,22,108.0,1065.0,3.0,8.0,19.63,83.5,-1.0,14.1,14.5
109.05,22,107.0,1065.0,3.0,8.0,19.63,83.5,-1.0,14.1,14.5
109.141,22,107.0,1055.0,3.0,8.0,19.63,83.5,-1.0,14.1,14.5
109.231,22,107.0,1055.0,4.0,8.0,19.63,83.5,-1.0,14.1,14.5
109.321,22,107.0,1055.0,4.0,8.0,19.63,83.5,-1.0,14.1,14.5
109.413,22,107.0,1055.0,4.0,8.0,17.8,83.5,-1.0,14.1,14.5
109.501,22,107.0,1055.0,4.0,8.0,17.8,83.5,-1.0,14.1,14.5
109.591,22,107.0,1055.0,4.0,8.0,17.8,83.5,-1.0,14.1,14.5
109.68,22,107.0,1055.0,4.0,8.0,17.8,83.5,-1.0,16.9,14.5
109.771,22,107.0,1055.0,4.0,8.0,17.8,83.5,-1.0,16.9,16.9
109.862,23,107.0,1055.0,4.0,8.0,17.8,83.5,-1.0,16.9,16.9
109.951,23,107.0,1055.0,4.0,8.0,17.8,83.5,-1.0,16.9,16.9
110.04,23,107.0,956.0,4.0,8.0,17.8,83.5,-1.0,16.9,16.9
110.131,23,107.0,956.0,7.0,8.0,17.8,83.5,-1.0,16.9,16.9
110.223,23,107.0,956.0,7.0,7.0,17.8,83.5,-1.0,16.9,16.9
110.312,23,107.0,956.0,7.0,7.0,17.63,83.5,-1.0,16.9,16.9
110.402,23,107.0,956.0,7.0,7.0,17.63,83.5,-1.0,16.9,16.9
110.491,23,107.0,956.0,7.0,7.0,17.63,83.5,-1.0,16.9,16.9
110.581,23,107.0,956.0,7.0,7.0,17.63,83.5,-1.0,22.4,16.9
110.672,23,107.0,956.0,7.0,7.0,17.63,83.5,-1.0,22.4,23.5
110.761,23,107.0,956.0,7.0,7.0,17.63,83.5,-1.0,22.4,23.5
110.852,23,107.0,956.0,7.0,7.0,17.63,83.5,-1.0,22.4,23.5
110.941,23,107.0,1380.0,7.0,7.0,17.63,83.5,-1.0,22.4,23.5
111.03,23,107.0,1380.0,12.0,7.0,17.63,83.5,-1.0,22.4,23.5
111.12,23,107.0,1380.0,12.0,8.0,17.63,83.5,-1.0,22.4,23.5
111.211,23,107.0,1380.0,12.0,8.0,30.83,83.5,-1.0,22.4,23.5
111.301,23,107.0,1380.0,12.0,8.0,30.83,83.5,-1.0,22.4,23.5
111.391,23,107.0,1380.0,12.0,8.0,30.83,83.5,-1.0,22.4,23.5
111.481,23,107.0,1380.0,12.0,8.0,30.83,83.5,-1.0,45.9,23.5
111.572,23,107.0,1380.0,12.0,8.0,30.83,83.5,-1.0,45.9,46.3
111.661,23,107.0,1380.0,12.0,8.0,30.83,83.5,-1.0,45.9,46.3
111.751,23,141.0,1380.0,12.0,8.0,30.83,83.5,-1.0,45.9,46.3
111.841,23,141.0,2123.0,12.0,8.0,30.83,83.5,-1.0,45.9,46.3
111.931,23,141.0,2123.0,19.0,8.0,30.83,83.5,-1.0,45.9,46.3
112.02,23,141.0,2123.0,19.0,11.0,30.83,83.5,-1.0,45.9,46.3
112.11,23,141.0,2123.0,19.0,11.0,53.02,83.5,-1.0,45.9,46.3
112.201,23,141.0,2123.0,19.0,11.0,53.02,53.7,-1.0,45.9,46.3
112.292,23,141.0,2123.0,19.0,11.0,53.02,53.7,-1.0,45.9,46.3
112.382,23,141.0,2123.0,19.0,11.0,53.02,53.7,-1.0,14.1,46.3
112.471,23,141.0,2123.0,19.0,11.0,53.02,53.7,-1.0,14.1,14.5
112.562,23,141.0,2123.0,19.0,11.0,53.02,53.7,-1.0,14.1,14.5
112.651,23,98.0,2123.0,19.0,11.0,53.02,53.7,-1.0,14.1,14.5
112.741,23,98.0,1274.0,19.0,11.0,53.02,53.7,-1.0,14.1,14.5
112.832,23,98.0,1274.0,20.0,11.0,53.02,53.7,-1.0,14.1,14.5
112.922,23,98.0,1274.0,20.0,11.0,53.02,53.7,-1.0,14.1,14.5
113.01,23,98.0,1274.0,20.0,11.0,25.63,53.7,-1.0,14.1,14.5
113.101,23,98.0,1274.0,20.0,11.0,25.63,77.3,-1.0,14.1,14.5
113.19,23,98.0,1274.0,20.0,11.0,25.63,77.3,-1.0,14.1,14.5
113.28,23,98.0,1274.0,20.0,11.0,25.63,77.3,-1.0,43.1,14.5
113.37,23,98.0,1274.0,20.0,11.0,25.63,77.3,-1.0,43.1,45.1
113.46,23,98.0,1274.0,20.0,11.0,25.63,77.3,-1.0,43.1,45.1
113.55,23,115.0,1274.0,20.0,11.0,25.63,77.3,-1.0,43.1,45.1
113.64,23,115.0,1403.0,20.0,11.0,25.63,77.3,-1.0,43.1,45.1
113.73,23,115.0,1403.0,24.0,11.0,25.63,77.3,-1.0,43.1,45.1
113.82,23,115.0,1403.0,24.0,8.0,25.63,77.3,-1.0,43.1,45.1
113.911,23,115.0,1403.0,24.0,8.0,32.61,77.3,-1.0,43.1,45.1
114.0,23,115.0,1403.0,24.0,8.0,32.61,83.5,-1.0,43.1,45.1
114.09,23,115.0,1403.0,24.0,8.0,32.61,83.5,-1.0,43.1,45.1
114.21,23,115.0,1403.0,24.0,8.0,32.61,83.5,-1.0,14.1,45.1
114.301,23,115.0,1403.0,24.0,8.0,32.61,83.5,-1.0,14.1,14.5
114.391,23,115.0,1403.0,24.0,8.0,32.61,83.5,-1.0,14.1,14.5
114.481,23,105.0,1403.0,24.0,8.0,32.61,83.5,-1.0,14.1,14.5
114.571,23,105.0,1067.0,24.0,8.0,32.61,83.5,-1.0,14.1,14.5
114.661,23,105.0,1067.0,25.0,8.0,32.61,83.5,-1.0,14.1,14.5
114.752,23,105.0,1067.0,25.0,9.0,32.61,83.5,-1.0,14.1,14.5
114.842,23,105.0,1067.0,25.0,9.0,18.13,83.5,-1.0,14.1,14.5
114.931,23,105.0,1067.0,25.0,9.0,18.13,49.8,-1.0,14.1,14.5
115.02,23,105.0,1067.0,25.0,9.0,18.13,49.8,-1.0,14.1,14.5
115.111,23,105.0,1067.0,25.0,9.0,18.13,49.8,-1.0,14.1,14.5
115.201,23,105.0,1067.0,25.0,9.0,18.13,49.8,-1.0,14.1,14.5
115.291,23,105.0,1067.0,25.0,9.0,18.13,49.8,-1.0,14.1,14.5
115.381,23,105.0,1067.0,25.0,9.0,18.13,49.8,-1.0,14.1,14.5
115.475,23,105.0,1024.0,25.0,9.0,18.13,49.8,-1.0,14.1,14.5
115.562,23,105.0,1024.0,25.0,9.0,18.13,49.8,-1.0,14.1,14.5
115.682,23,105.0,1024.0,25.0,7.0,18.13,49.8,-1.0,14.1,14.5
115.771,23,105.0,1024.0,25.0,7.0,18.41,49.8,-1.0,14.1,14.5
115.863,23,105.0,1024.0,25.0,7.0,18.41,83.5,-1.0,14.1,14.5
115.981,23,105.0,1024.0,25.0,7.0,18.41,83.5,-1.0,14.1,14.5
116.07,23,105.0,1024.0,25.0,7.0,18.41,83.5,-1.0,14.1,14.5
116.191,23,105.0,1024.0,25.0,7.0,18.41,83.5,-1.0,14.1,14.5
116.281,24,105.0,1024.0,25.0,7.0,18.41,83.5,-1.0,14.1,14.5
116.371,24,107.0,1024.0,25.0,7.0,18.41,83.5,-1.0,14.1,14.5
116.462,24,107.0,1028.0,25.0,7.0,18.41,83.5,-1.0,14.1,14.5
116.551,24,107.0,1028.0,24.0,7.0,18.41,83.5,-1.0,14.1,14.5
116.641,24,107.0,1028.0,24.0,7.0,18.41,83.5,-1.0,14.1,14.5
116.761,24,107.0,1028.0,24.0,7.0,18.83,83.5,-1.0,14.1,14.5
116.851,24,107.0,1028.0,24.0,7.0,18.83,83.5,-1.0,14.1,14.5
116.972,24,107.0,1028.0,24.0,7.0,18.83,83.5,-1.0,14.1,14.5
117.06,24,107.0,1028.0,24.0,7.0,18.83,83.5,-1.0,14.1,14.5
117.211,24,107.0,1028.0,24.0,7.0,18.83,83.5,-1.0,14.1,14.5
117.301,24,107.0,1028.0,24.0,7.0,18.83,83.5,-1.0,14.1,14.5
117.422,24,107.0,1028.0,24.0,7.0,18.83,83.5,-1.0,14.1,14.5
117.511,24,107.0,1031.0,24.0,7.0,18.83,83.5,-1.0,14.1,14.5
117.6,24,107.0,1031.0,22.0,7.0,18.83,83.5,-1.0,14.1,14.5
117.69,24,107.0,1031.0,22.0,7.0,18.83,83.5,-1.0,14.1,14.5
117.78,24,107.0,1031.0,22.0,7.0,18.91,83.5,-1.0,14.1,14.5
117.87,24,107.0,1031.0,22.0,7.0,18.91,83.5,-1.0,14.1,14.5
117.96,24,107.0,1031.0,22.0,7.0,18.91,83.5,-1.0,14.1,14.5
118.051,24,107.0,1031.0,22.0,7.0,18.91,83.5,-1.0,14.1,14.5
118.14,24,107.0,1031.0,22.0,7.0,18.91,83.5,-1.0,14.1,14.5
118.231,24,107.0,1031.0,22.0,7.0,18.91,83.5,-1.0,14.1,14.5
118.322,24,107.0,1031.0,22.0,7.0,18.91,83.5,-1.0,14.1,14.5
118.411,24,107.0,1033.0,22.0,7.0,18.91,83.5,-1.0,14.1,14.5
118.501,24,107.0,1033.0,19.0,7.0,18.91,83.5,-1.0,14.1,14.5
118.591,24,107.0,1033.0,19.0,7.0,18.91,83.5,-1.0,14.1,14.5
118.681,24,107.0,1033.0,19.0,7.0,18.99,83.5,-1.0,14.1,14.5
118.772,24,107.0,1033.0,19.0,7.0,18.99,83.5,-1.0,14.1,14.5
118.862,24,107.0,1033.0,19.0,7.0,18.99,83.5,-1.0,14.1,14.5
118.951,24,107.0,1033.0,19.0,7.0,18.99,83.5,-1.0,14.1,14.5
119.04,24,107.0,1033.0,19.0,7.0,18.99,83.5,-1.0,14.1,14.5
119.13,24,107.0,1033.0,19.0,7.0,18.99,83.5,-1.0,14.1,14.5
119.22,24,107.0,1033.0,19.0,7.0,18.99,83.5,-1.0,14.1,14.5
119.31,24,107.0,1036.0,19.0,7.0,18.99,83.5,-1.0,14.1,14.5
119.4,24,107.0,1036.0,15.0,7.0,18.99,83.5,-1.0,14.1,14.5
119.491,24,107.0,1036.0,15.0,7.0,18.99,83.5,-1.0,14.1,14.5
119.581,24,107.0,1036.0,15.0,7.0,18.97,83.5,-1.0,14.1,14.5
119.67,24,107.0,1036.0,15.0,7.0,18.97,83.5,-1.0,14.1,14.5
119.767,24,107.0,1036.0,15.0,7.0,18.97,83.5,-1.0,14.1,14.5
119.851,24,107.0,1036.0,15.0,7.0,18.97,83.5,-1.0,14.1,14.5
119.941,24,107.0,1036.0,15.0,7.0,18.97,83.5,-1.0,14.1,14.5
120.03,24,107.0,1036.0,15.0,7.0,18.97,83.5,-1.0,14.1,14.5
120.12,24,107.0,1036.0,15.0,7.0,18.97,83.5,-1.0,14.1,14.5
120.213,24,107.0,1036.0,15.0,7.0,18.97,83.5,-1.0,14.1,14.5
120.33,24,107.0,1036.0,10.0,7.0,18.97,83.5,-1.0,14.1,14.5
120.42,24,107.0,1036.0,10.0,7.0,18.97,83.5,-1.0,14.1,14.5
120.51,24,107.0,1036.0,10.0,7.0,19.13,83.5,-1.0,14.1,14.5
120.6,24,107.0,1036.0,10.0,7.0,19.13,83.5,-1.0,14.1,14.5
120.69,24,107.0,1036.0,10.0,7.0,19.13,83.5,-1.0,14.1,14.5
120.78,24,107.0,1036.0,10.0,7.0,19.13,83.5,-1.0,14.1,14.5
120.87,24,107.0,1036.0,10.0,7.0,19.13,83.5,-1.0,14.1,14.5
120.96,24,107.0,1036.0,10.0,7.0,19.13,83.5,-1.0,14.1,14.5
121.05,24,107.0,1036.0,10.0,7.0,19.13,83.5,-1.0,14.1,14.5
121.14,24,107.0,1036.0,10.0,7.0,19.13,83.5,-1.0,14.1,14.5
121.23,24,107.0,1036.0,3.0,7.0,19.13,83.5,-1.0,14.1,14.5
121.32,24,107.0,1036.0,3.0,7.0,19.13,83.5,-1.0,14.1,14.5
121.41,24,107.0,1036.0,3.0,7.0,19.19,83.5,-1.0,14.1,14.5
121.5,24,107.0,1036.0,3.0,7.0,19.19,83.5,-1.0,14.1,14.5
121.59,24,107.0,1036.0,3.0,7.0,19.19,83.5,-1.0,14.1,14.5
121.68,24,107.0,1036.0,3.0,7.0,19.19,83.5,-1.0,14.1,14.5
121.771,24,107.0,1036.0,3.0,7.0,19.19,83.5,-1.0,14.1,14.5
121.862,25,107.0,1036.0,3.0,7.0,19.19,83.5,-1.0,14.1,14.5
121.95,25,107.0,1036.0,3.0,7.0,19.19,83.5,-1.0,14.1,14.5
122.04,25,107.0,1038.0,3.0,7.0,19.19,83.5,-1.0,14.1,14.5
122.131,25,107.0,1038.0,0.0,7.0,19.19,83.5,-1.0,14.1,14.5
122.221,25,107.0,1038.0,0.0,7.0,19.19,83.5,-1.0,14.1,14.5
122.311,25,107.0,1038.0,0.0,7.0,18.88,83.5,-1.0,14.1,14.5
122.401,25,107.0,1038.0,0.0,7.0,18.88,83.5,-1.0,14.1,14.5
122.492,25,107.0,1038.0,0.0,7.0,18.88,83.5,-1.0,14.1,14.5
122.58,25,107.0,1038.0,0.0,7.0,18.88,83.5,-1.0,14.1,14.5
122.67,25,107.0,1038.0,0.0,7.0,18.88,83.5,-1.0,14.1,14.5
122.76,25,107.0,1038.0,0.0,7.0,18.88,83.5,-1.0,14.1,14.5
122.85,25,107.0,1038.0,0.0,7.0,18.88,83.5,-1.0,14.1,14.5
122.94,25,107.0,1039.0,0.0,7.0,18.88,83.5,-1.0,14.1,14.5
123.03,25,107.0,1039.0,0.0,7.0,18.88,83.5,-1.0,14.1,14.5
123.12,25,107.0,1039.0,0.0,7.0,18.88,83.5,-1.0,14.1,14.5
123.21,25,107.0,1039.0,0.0,7.0,18.91,83.5,-1.0,14.1,14.5
123.3,25,107.0,1039.0,0.0,7.0,18.91,83.5,-1.0,14.1,14.5
123.39,25,107.0,1039.0,0.0,7.0,18.91,83.5,-1.0,14.1,14.5
123.48,25,107.0,1039.0,0.0,7.0,18.91,83.5,-1.0,14.1,14.5
123.57,25,107.0,1039.0,0.0,7.0,18.91,83.5,-1.0,14.1,14.1
123.66,25,107.0,1039.0,0.0,7.0,18.91,83.5,-1.0,14.1,14.1
123.75,25,107.0,1039.0,0.0,7.0,18.91,83.5,-1.0,14.1,14.1
123.84,25,107.0,1039.0,0.0,7.0,18.91,83.5,-1.0,14.1,14.1
123.93,25,107.0,1039.0,0.0,7.0,18.91,83.5,-1.0,14.1,14.1
124.02,25,107.0,1039.0,0.0,7.0,18.91,83.5,-1.0,14.1,14.1
124.14,25,107.0,1039.0,0.0,7.0,18.97,83.5,-1.0,14.1,14.1
124.23,25,107.0,1039.0,0.0,7.0,18.97,83.5,-1.0,14.1,14.1
124.334,25,107.0,1039.0,0.0,7.0,18.97,83.5,-1.0,14.1,14.1
124.409,25,107.0,1039.0,0.0,7.0,18.97,83.5,-1.0,14.1,14.1
124.5,25,107.0,1039.0,0.0,7.0,18.97,83.5,-1.0,14.1,14.5
124.591,25,107.0,1039.0,0.0,7.0,18.97,83.5,-1.0,14.1,14.5
124.681,25,107.0,1039.0,0.0,7.0,18.97,83.5,-1.0,14.1,14.5
124.771,25,107.0,1040.0,0.0,7.0,18.97,83.5,-1.0,14.1,14.5
124.861,25,107.0,1040.0,0.0,7.0,18.97,83.5,-1.0,14.1,14.5
124.951,25,107.0,1040.0,0.0,7.0,18.97,83.5,-1.0,14.1,14.5
125.041,25,107.0,1040.0,0.0,7.0,18.8,83.5,-1.0,14.1,14.5
125.13,25,107.0,1040.0,0.0,7.0,18.8,83.5,-1.0,14.1,14.5
125.223,25,107.0,1040.0,0.0,7.0,18.8,83.5,-1.0,14.1,14.5
125.311,25,107.0,1040.0,0.0,7.0,18.8,83.5,-1.0,14.1,14.5
125.401,25,107.0,1040.0,0.0,7.0,18.8,83.5,-1.0,14.1,14.5
125.491,25,107.0,1040.0,0.0,7.0,18.8,83.5,-1.0,14.1,14.5
125.581,25,107.0,1040.0,0.0,7.0,18.8,83.5,-1.0,14.1,14.5
125.701,25,107.0,1040.0,0.0,7.0,18.8,83.5,-1.0,14.1,14.5
125.791,25,107.0,1040.0,0.0,7.0,18.8,83.5,-1.0,14.1,14.5
125.881,25,107.0,1040.0,0.0,7.0,18.8,83.5,-1.0,14.1,14.5
125.972,25,107.0,1040.0,0.0,7.0,19.19,83.5,-1.0,14.1,14.5
126.06,25,107.0,1040.0,0.0,7.0,19.19,83.5,-1.0,14.1,14.5
126.151,25,107.0,1040.0,0.0,7.0,19.19,83.5,-1.0,14.1,14.5
126.241,25,107.0,1040.0,0.0,7.0,19.19,83.5,-1.0,14.1,14.5
126.331,25,107.0,1040.0,0.0,7.0,19.19,83.5,-1.0,14.1,14.5
126.421,25,107.0,1040.0,0.0,7.0,19.19,83.5,-1.0,14.1,14.5
126.51,25,107.0,1040.0,0.0,7.0,19.19,83.5,-1.0,14.1,14.5
126.601,25,107.0,1040.0,0.0,7.0,19.19,83.5,-1.0,14.1,14.5
126.69,25,107.0,1040.0,0.0,7.0,19.19,83.5,-1.0,14.1,14.5
126.781,25,107.0,1040.0,0.0,7.0,19.19,83.5,-1.0,14.1,14.5
126.872,25,107.0,1040.0,0.0,7.0,18.86,83.5,-1.0,14.1,14.5
126.962,25,107.0,1040.0,0.0,7.0,18.86,83.5,-1.0,14.1,14.5
127.05,25,107.0,1040.0,0.0,7.0,18.86,83.5,-1.0,14.1,14.5
127.141,25,107.0,1040.0,0.0,7.0,18.86,83.5,-1.0,14.1,14.5
127.23,25,107.0,1040.0,0.0,7.0,18.86,83.5,-1.0,14.1,14.5
127.322,25,107.0,1040.0,0.0,7.0,18.86,83.5,-1.0,14.1,14.5
127.411,25,107.0,1040.0,0.0,7.0,18.86,83.5,-1.0,14.1,14.5
127.501,25,107.0,1039.0,0.0,7.0,18.86,83.5,-1.0,14.1,14.5
127.592,25,107.0,1039.0,0.0,7.0,18.86,83.5,-1.0,14.1,14.5
127.684,25,107.0,1039.0,0.0,7.0,18.86,83.5,-1.0,14.1,14.5
127.771,25,107.0,1039.0,0.0,7.0,19.19,83.5,-1.0,14.1,14.5
127.862,25,107.0,1039.0,0.0,7.0,19.19,83.5,-1.0,14.1,14.5
127.951,25,107.0,1039.0,0.0,7.0,19.19,83.5,-1.0,14.1,14.5
128.04,25,107.0,1039.0,0.0,7.0,19.19,83.5,-1.0,14.1,14.5
128.13,25,107.0,1039.0,0.0,7.0,19.19,83.5,-1.0,14.1,14.5
128.221,25,107.0,1039.0,0.0,7.0,19.19,83.5,-1.0,14.1,14.5
128.312,25,107.0,1039.0,0.0,7.0,19.19,83.5,-1.0,14.1,14.5
128.402,25,107.0,1040.0,0.0,7.0,19.19,83.5,-1.0,14.1,14.5
128.491,25,107.0,1040.0,0.0,7.0,19.19,83.5,-1.0,14.1,14.5
128.581,25,107.0,1040.0,0.0,7.0,19.19,83.5,-1.0,14.1,14.5
128.673,25,107.0,1040.0,0.0,7.0,19.19,83.5,-1.0,14.1,14.5
128.761,25,107.0,1040.0,0.0,7.0,19.19,83.5,-1.0,14.1,14.5
128.851,25,107.0,1040.0,0.0,7.0,19.19,83.5,-1.0,14.1,14.5
128.942,25,107.0,1040.0,0.0,7.0,19.19,83.5,-1.0,14.1,14.5
129.03,25,107.0,1040.0,0.0,7.0,19.19,83.5,-1.0,14.1,14.5
129.12,26,107.0,1040.0,0.0,7.0,19.19,83.5,-1.0,14.1,14.5
129.21,26,107.0,1040.0,0.0,7.0,19.19,83.5,-1.0,14.1,14.5
129.301,26,107.0,1040.0,0.0,7.0,19.19,83.5,-1.0,14.1,14.5
129.39,26,107.0,1040.0,0.0,7.0,19.19,83.5,-1.0,14.1,14.5
129.481,26,107.0,1040.0,0.0,7.0,19.19,83.5,-1.0,14.1,14.5
129.57,26,107.0,1040.0,0.0,7.0,19.08,83.5,-1.0,14.1,14.5
129.66,26,107.0,1040.0,0.0,7.0,19.08,83.5,-1.0,14.1,14.5
129.75,26,107.0,1040.0,0.0,7.0,19.08,83.5,-1.0,14.1,14.5
129.841,26,107.0,1040.0,0.0,7.0,19.08,83.5,-1.0,14.1,14.5
129.931,26,107.0,1040.0,0.0,7.0,19.08,83.5,-1.0,14.1,14.5
130.02,26,107.0,1040.0,0.0,7.0,19.08,83.5,-1.0,14.1,14.5
130.111,26,107.0,1040.0,0.0,7.0,19.08,83.5,-1.0,14.1,14.5
130.202,26,107.0,1040.0,0.0,7.0,19.08,83.5,-1.0,14.1,14.5
130.291,26,107.0,1040.0,0.0,7.0,19.08,83.5,-1.0,14.1,14.5
130.381,26,107.0,1040.0,0.0,7.0,19.08,83.5,-1.0,14.1,14.5
130.471,26,107.0,1040.0,0.0,7.0,19.13,83.5,-1.0,14.1,14.5
130.56,26,107.0,1040.0,0.0,7.0,19.13,83.5,-1.0,14.1,14.5
130.651,26,107.0,1040.0,0.0,7.0,19.13,83.5,-1.0,14.1,14.5
130.74,26,107.0,1040.0,0.0,7.0,19.13,83.5,-1.0,14.1,14.5
130.831,26,107.0,1040.0,0.0,7.0,19.13,83.5,-1.0,14.1,14.5
130.921,26,107.0,1040.0,0.0,7.0,19.13,83.5,-1.0,14.1,14.5
131.01,26,107.0,1040.0,0.0,7.0,19.13,83.5,-1.0,14.1,14.5
131.101,26,107.0,1038.0,0.0,7.0,19.13,83.5,-1.0,14.1,14.5
131.191,26,107.0,1038.0,0.0,7.0,19.13,83.5,-1.0,14.1,14.5
131.281,26,107.0,1038.0,0.0,7.0,19.13,83.5,-1.0,14.1,14.5
131.374,26,107.0,1038.0,0.0,7.0,19.13,83.5,-1.0,14.1,14.5
131.46,26,107.0,1038.0,0.0,7.0,19.13,83.5,-1.0,14.1,14.5
131.55,26,107.0,1038.0,0.0,7.0,19.13,83.5,-1.0,14.1,14.5
131.64,26,107.0,1038.0,0.0,7.0,19.13,83.5,-1.0,14.1,14.5
131.731,26,107.0,1038.0,0.0,7.0,19.13,83.5,-1.0,14.1,14.5
131.821,26,107.0,1038.0,0.0,7.0,19.13,83.5,-1.0,14.1,14.5
131.912,26,107.0,1038.0,0.0,7.0,19.13,83.5,-1.0,14.1,14.5
132.0,26,107.0,1040.0,0.0,7.0,19.13,83.5,-1.0,14.1,14.5
132.091,26,107.0,1040.0,0.0,7.0,19.13,83.5,-1.0,14.1,14.5
132.18,26,107.0,1040.0,0.0,8.0,19.13,83.5,-1.0,14.1,14.5
132.271,26,107.0,1040.0,0.0,8.0,18.97,83.5,-1.0,14.1,14.5
132.361,26,107.0,1040.0,0.0,8.0,18.97,83.5,-1.0,14.1,14.5
132.451,26,107.0,1040.0,0.0,8.0,18.97,83.5,-1.0,14.1,14.5
132.541,26,107.0,1040.0,0.0,8.0,18.97,83.5,-1.0,14.1,14.5
132.63,26,107.0,1040.0,0.0,8.0,18.97,83.5,-1.0,14.1,14.5
132.721,26,107.0,1040.0,0.0,8.0,18.97,83.5,-1.0,14.1,14.5
132.811,26,107.0,1040.0,0.0,8.0,18.97,83.5,-1.0,14.1,14.5
132.901,26,107.0,1039.0,0.0,8.0,18.97,83.5,-1.0,14.1,14.5
132.99,26,107.0,1039.0,0.0,8.0,18.97,83.5,-1.0,14.1,14.5
133.08,26,107.0,1039.0,0.0,8.0,18.97,83.5,-1.0,14.1,14.5
133.172,26,107.0,1039.0,0.0,8.0,19.41,83.5,-1.0,14.1,14.5
133.261,26,107.0,1039.0,0.0,8.0,19.41,83.5,-1.0,14.1,14.5
133.351,26,107.0,1039.0,0.0,8.0,19.41,83.5,-1.0,14.1,14.5
133.471,26,107.0,1039.0,0.0,8.0,19.41,83.5,-1.0,14.1,14.5
133.561,26,107.0,1039.0,0.0,8.0,19.41,83.5,-1.0,14.1,14.5
133.652,26,107.0,1039.0,0.0,8.0,19.41,83.5,-1.0,14.1,14.5
133.742,26,107.0,1039.0,0.0,8.0,19.41,83.5,-1.0,14.1,14.5
133.831,26,107.0,1040.0,0.0,8.0,19.41,83.5,-1.0,14.1,14.5
133.921,26,107.0,1040.0,0.0,8.0,19.41,83.5,-1.0,14.1,14.5
134.011,26,107.0,1040.0,0.0,8.0,19.41,83.5,-1.0,14.1,14.5
134.1,26,107.0,1040.0,0.0,8.0,19.3,83.5,-1.0,14.1,14.5
134.191,26,107.0,1040.0,0.0,8.0,19.3,83.5,-1.0,14.1,14.5
134.281,26,107.0,1040.0,0.0,8.0,19.3,83.5,-1.0,14.1,14.5
134.371,26,107.0,1040.0,0.0,8.0,19.3,83.5,-1.0,14.1,14.5
134.46,26,107.0,1040.0,0.0,8.0,19.3,83.5,-1.0,14.1,14.5
134.551,26,107.0,1040.0,0.0,8.0,19.3,83.5,-1.0,14.1,14.5
134.641,26,107.0,1040.0,0.0,8.0,19.3,83.5,-1.0,14.1,14.5
134.73,26,107.0,1040.0,0.0,8.0,19.3,83.5,-1.0,14.1,14.5
134.821,26,107.0,1040.0,0.0,8.0,19.3,83.5,-1.0,14.1,14.5
134.911,26,107.0,1040.0,0.0,8.0,19.3,83.5,-1.0,14.1,14.5
135.001,26,107.0,1040.0,0.0,8.0,19.05,83.5,-1.0,14.1,14.5
135.09,26,107.0,1040.0,0.0,8.0,19.05,83.5,-1.0,14.1,14.5
135.179,26,107.0,1040.0,0.0,8.0,19.05,83.5,-1.0,14.1,14.5
135.27,26,107.0,1040.0,0.0,8.0,19.05,83.5,-1.0,14.1,14.5
135.361,26,107.0,1040.0,0.0,8.0,19.05,83.5,-1.0,14.1,14.5
135.451,26,107.0,1040.0,0.0,8.0,19.05,83.5,-1.0,14.1,14.5
135.54,26,107.0,1040.0,0.0,8.0,19.05,83.5,-1.0,14.1,14.5
135.631,26,107.0,1041.0,0.0,8.0,19.05,83.5,-1.0,14.1,14.5
135.721,26,107.0,1041.0,0.0,8.0,19.05,83.5,-1.0,14.1,14.5
135.811,26,107.0,1041.0,0.0,8.0,19.05,83.5,-1.0,14.1,14.5
135.901,26,107.0,1041.0,0.0,8.0,18.99,83.5,-1.0,14.1,14.5
135.99,26,107.0,1041.0,0.0,8.0,18.99,83.5,-1.0,14.1,14.5
136.08,26,107.0,1041.0,0.0,8.0,18.99,83.5,-1.0,14.1,14.5
136.17,26,107.0,1041.0,0.0,8.0,18.99,83.5,-1.0,14.1,14.5
136.261,26,107.0,1041.0,0.0,8.0,18.99,83.5,-1.0,14.1,14.5
136.351,26,107.0,1041.0,0.0,8.0,18.99,83.5,-1.0,14.1,14.5
136.441,26,107.0,1041.0,0.0,8.0,18.99,83.5,-1.0,14.1,14.5
136.591,26,107.0,1041.0,0.0,8.0,18.99,83.5,-1.0,14.1,14.5
136.684,26,107.0,1041.0,0.0,8.0,18.99,83.5,-1.0,14.1,14.5
136.772,26,107.0,1041.0,0.0,8.0,18.99,83.5,-1.0,14.1,14.5
136.861,26,107.0,1041.0,0.0,8.0,19.36,83.5,-1.0,14.1,14.5
136.952,26,107.0,1041.0,0.0,8.0,19.36,83.5,-1.0,14.1,14.5
137.04,26,107.0,1041.0,0.0,8.0,19.36,83.5,-1.0,14.1,14.5
137.131,26,107.0,1041.0,0.0,8.0,19.36,83.5,-1.0,14.1,14.5
137.221,26,107.0,1041.0,0.0,8.0,19.36,83.5,-1.0,14.1,14.5
137.311,27,107.0,1041.0,0.0,8.0,19.36,83.5,-1.0,14.1,14.5
137.401,27,107.0,1041.0,0.0,8.0,19.36,83.5,-1.0,14.1,14.5
137.49,27,107.0,1039.0,0.0,8.0,19.36,83.5,-1.0,14.1,14.5
137.582,27,107.0,1039.0,0.0,8.0,19.36,83.5,-1.0,14.1,14.5
137.672,27,107.0,1039.0,0.0,8.0,19.36,83.5,-1.0,14.1,14.5
137.761,27,107.0,1039.0,0.0,8.0,19.19,83.5,-1.0,14.1,14.5
137.85,27,107.0,1039.0,0.0,8.0,19.19,83.5,-1.0,14.1,14.5
137.941,27,107.0,1039.0,0.0,8.0,19.19,83.5,-1.0,14.1,14.5
138.03,27,107.0,1039.0,0.0,8.0,19.19,83.5,-1.0,14.5,14.5
138.122,27,107.0,1039.0,0.0,8.0,19.19,83.5,-1.0,14.5,14.5
138.211,27,107.0,1039.0,0.0,8.0,19.19,83.5,-1.0,14.5,14.5
138.301,27,107.0,1039.0,0.0,8.0,19.19,83.5,-1.0,14.5,14.5
138.391,27,107.0,1042.0,0.0,8.0,19.19,83.5,-1.0,14.5,14.5
138.48,27,107.0,1042.0,0.0,8.0,19.19,83.5,-1.0,14.5,14.5
138.571,27,107.0,1042.0,0.0,8.0,19.19,83.5,-1.0,14.5,14.5
138.661,27,107.0,1042.0,0.0,8.0,19.05,83.5,-1.0,14.5,14.5
138.75,27,107.0,1042.0,0.0,8.0,19.05,83.5,-1.0,14.5,14.5
138.841,27,107.0,1042.0,0.0,8.0,19.05,83.5,-1.0,14.5,14.5
138.93,27,107.0,1042.0,0.0,8.0,19.05,83.5,-1.0,14.1,14.5
139.028,27,107.0,1042.0,0.0,8.0,19.05,83.5,-1.0,14.1,14.5
139.11,27,107.0,1042.0,0.0,8.0,19.05,83.5,-1.0,14.1,14.5
139.2,27,107.0,1042.0,0.0,8.0,19.05,83.5,-1.0,14.1,14.5
139.29,27,107.0,1044.0,0.0,8.0,19.05,83.5,-1.0,14.1,14.5
139.381,27,107.0,1044.0,0.0,8.0,19.05,83.5,-1.0,14.1,14.5
139.47,27,107.0,1044.0,0.0,8.0,19.05,83.5,-1.0,14.1,14.5
139.56,27,107.0,1044.0,0.0,8.0,18.97,83.5,-1.0,14.1,14.5
139.65,27,107.0,1044.0,0.0,8.0,18.97,83.5,-1.0,14.1,14.5
139.74,27,107.0,1044.0,0.0,8.0,18.97,83.5,-1.0,14.1,14.5
139.83,27,107.0,1044.0,0.0,8.0,18.97,83.5,-1.0,14.1,14.5
139.922,27,107.0,1044.0,0.0,8.0,18.97,83.5,-1.0,14.1,14.5
140.014,27,107.0,1044.0,0.0,8.0,18.97,83.5,-1.0,14.1,14.5
140.1,27,107.0,1044.0,0.0,8.0,18.97,83.5,-1.0,14.1,14.5
140.191,27,107.0,1041.0,0.0,8.0,18.97,83.5,-1.0,14.1,14.5
140.28,27,107.0,1041.0,0.0,8.0,18.97,83.5,-1.0,14.1,14.5
140.372,27,107.0,1041.0,0.0,8.0,18.97,83.5,-1.0,14.1,14.5
140.461,27,107.0,1041.0,0.0,8.0,19.24,83.5,-1.0,14.1,14.5
140.55,27,107.0,1041.0,0.0,8.0,19.24,83.5,-1.0,14.1,14.5
140.641,27,107.0,1041.0,0.0,8.0,19.24,83.5,-1.0,14.1,14.5
140.731,27,107.0,1041.0,0.0,8.0,19.24,83.5,-1.0,14.1,14.5
140.823,27,107.0,1041.0,0.0,8.0,19.24,83.5,-1.0,14.1,14.5
140.91,27,107.0,1041.0,0.0,8.0,19.24,83.5,-1.0,14.1,14.5
141.0,27,107.0,1041.0,0.0,8.0,19.24,83.5,-1.0,14.1,14.5
141.09,27,107.0,1040.0,0.0,8.0,19.24,83.5,-1.0,14.1,14.5
141.18,27,107.0,1040.0,0.0,8.0,19.24,83.5,-1.0,14.1,14.5
141.273,27,107.0,1040.0,0.0,8.0,19.24,83.5,-1.0,14.1,14.5
141.361,27,107.0,1040.0,0.0,8.0,19.27,83.5,-1.0,14.1,14.5
141.451,27,107.0,1040.0,0.0,8.0,19.27,83.5,-1.0,14.1,14.5
141.571,27,107.0,1040.0,0.0,8.0,19.27,83.5,-1.0,14.1,14.5
141.661,27,107.0,1040.0,0.0,8.0,19.27,83.5,-1.0,16.5,14.5
141.751,27,107.0,1040.0,0.0,8.0,19.27,83.5,-1.0,16.5,17.3
141.841,27,107.0,1040.0,0.0,8.0,19.27,83.5,-1.0,16.5,17.3
141.931,27,107.0,1040.0,0.0,8.0,19.27,83.5,-1.0,16.5,17.3
142.021,27,107.0,998.0,0.0,8.0,19.27,83.5,-1.0,16.5,17.3
142.111,27,107.0,998.0,0.0,8.0,19.27,83.5,-1.0,16.5,17.3
142.201,27,107.0,998.0,0.0,8.0,19.27,83.5,-1.0,16.5,17.3
142.29,27,107.0,998.0,0.0,8.0,17.61,83.5,-1.0,16.5,17.3
142.38,27,107.0,998.0,0.0,8.0,17.61,83.5,-1.0,16.5,17.3
142.471,27,107.0,998.0,0.0,8.0,17.61,83.5,-1.0,16.5,17.3
142.561,27,107.0,998.0,0.0,8.0,17.61,83.5,-1.0,18.0,17.3
142.651,27,107.0,998.0,0.0,8.0,17.61,83.5,-1.0,18.0,17.6
142.743,27,107.0,998.0,0.0,8.0,17.61,83.5,-1.0,18.0,17.6
142.831,27,107.0,998.0,0.0,8.0,17.61,83.5,-1.0,18.0,17.6
142.921,27,107.0,987.0,0.0,8.0,17.61,83.5,-1.0,18.0,17.6
143.013,27,107.0,987.0,2.0,8.0,17.61,83.5,-1.0,18.0,17.6
143.1,27,107.0,987.0,2.0,8.0,17.61,83.5,-1.0,18.0,17.6
143.189,27,107.0,987.0,2.0,8.0,17.99,83.5,-1.0,18.0,17.6
143.279,27,107.0,987.0,2.0,8.0,17.99,83.5,-1.0,18.0,17.6
143.369,27,107.0,987.0,2.0,8.0,17.99,83.5,-1.0,18.0,17.6
143.46,27,107.0,987.0,2.0,8.0,17.99,83.5,-1.0,18.0,17.6
143.549,27,107.0,987.0,2.0,8.0,17.99,83.5,-1.0,18.0,17.6
143.64,27,107.0,987.0,2.0,8.0,17.99,83.5,-1.0,18.0,17.6
143.731,27,109.0,987.0,2.0,8.0,17.99,83.5,-1.0,18.0,17.6
143.82,27,109.0,981.0,2.0,8.0,17.99,83.5,-1.0,18.0,17.6
143.911,27,109.0,981.0,6.0,8.0,17.99,83.5,-1.0,18.0,17.6
144.003,27,109.0,981.0,6.0,8.0,17.99,83.5,-1.0,18.0,17.6
144.09,27,109.0,981.0,6.0,8.0,17.19,83.5,-1.0,18.0,17.6
144.18,27,109.0,981.0,6.0,8.0,17.19,83.5,-1.0,18.0,17.6
144.274,27,109.0,981.0,6.0,8.0,17.19,83.5,-1.0,18.0,17.6
144.361,27,109.0,981.0,6.0,8.0,17.19,83.5,-1.0,25.1,17.6
144.45,27,109.0,981.0,6.0,8.0,17.19,83.5,-1.0,25.1,25.5
144.54,27,109.0,981.0,6.0,8.0,17.19,83.5,-1.0,25.1,25.5
144.631,27,113.0,981.0,6.0,8.0,17.19,83.5,-1.0,25.1,25.5
144.721,27,113.0,1498.0,6.0,8.0,17.19,83.5,-1.0,25.1,25.5
144.812,27,113.0,1498.0,13.0,8.0,17.19,83.5,-1.0,25.1,25.5
144.901,27,113.0,1498.0,13.0,8.0,17.19,83.5,-1.0,25.1,25.5
144.99,27,113.0,1498.0,13.0,8.0,36.74,83.5,-1.0,25.1,25.5
145.08,27,113.0,1498.0,13.0,8.0,36.74,83.5,-1.0,25.1,25.5
145.17,27,113.0,1498.0,13.0,8.0,36.74,83.5,-1.0,25.1,25.5
145.261,27,113.0,1498.0,13.0,8.0,36.74,83.5,-1.0,39.6,25.5
145.35,27,113.0,1498.0,13.0,8.0,36.74,83.5,-1.0,39.6,34.5
145.439,27,113.0,1498.0,13.0,8.0,36.74,83.5,-1.0,39.6,34.5
145.53,27,125.0,1498.0,13.0,8.0,36.74,83.5,-1.0,39.6,34.5
145.621,27,125.0,1902.0,13.0,8.0,36.74,83.5,-1.0,39.6,34.5
145.711,27,125.0,1902.0,19.0,8.0,36.74,83.5,-1.0,39.6,34.5
145.801,27,125.0,1902.0,19.0,11.0,36.74,83.5,-1.0,39.6,34.5
145.892,27,125.0,1902.0,19.0,11.0,27.3,83.5,-1.0,39.6,34.5
145.98,27,125.0,1902.0,19.0,11.0,27.3,31.0,-1.0,39.6,34.5
146.07,27,125.0,1902.0,19.0,11.0,27.3,31.0,-1.0,39.6,34.5
146.161,27,125.0,1902.0,19.0,11.0,27.3,31.0,-1.0,20.8,34.5
146.25,27,125.0,1902.0,19.0,11.0,27.3,31.0,-1.0,20.8,21.2
146.34,28,125.0,1902.0,19.0,11.0,27.3,31.0,-1.0,20.8,21.2
146.431,28,98.0,1902.0,19.0,11.0,27.3,31.0,-1.0,20.8,21.2
146.522,28,98.0,1066.0,19.0,11.0,27.3,31.0,-1.0,20.8,21.2
146.611,28,98.0,1066.0,18.0,11.0,27.3,31.0,-1.0,20.8,21.2
146.701,28,98.0,1066.0,18.0,10.0,27.3,31.0,-1.0,20.8,21.2
146.79,28,98.0,1066.0,18.0,10.0,19.27,31.0,-1.0,20.8,21.2
146.881,28,98.0,1066.0,18.0,10.0,19.27,83.5,-1.0,20.8,21.2
146.972,28,98.0,1066.0,18.0,10.0,19.27,83.5,-1.0,20.8,21.2
147.06,28,98.0,1066.0,18.0,10.0,19.27,83.5,-1.0,25.5,21.2
147.149,28,98.0,1066.0,18.0,10.0,19.27,83.5,-1.0,25.5,25.9
147.239,28,98.0,1066.0,18.0,10.0,19.27,83.5,-1.0,25.5,25.9
147.33,28,102.0,1066.0,18.0,10.0,19.27,83.5,-1.0,25.5,25.9
147.42,28,102.0,1170.0,18.0,10.0,19.27,83.5,-1.0,25.5,25.9
147.511,28,102.0,1170.0,20.0,10.0,19.27,83.5,-1.0,25.5,25.9
147.603,28,102.0,1170.0,20.0,8.0,19.27,83.5,-1.0,25.5,25.9
147.69,28,102.0,1170.0,20.0,8.0,21.36,83.5,-1.0,25.5,25.9
147.781,28,102.0,1170.0,20.0,8.0,21.36,83.5,-1.0,25.5,25.9
147.874,28,102.0,1170.0,20.0,8.0,21.36,83.5,-1.0,25.5,25.9
147.962,28,102.0,1170.0,20.0,8.0,21.36,83.5,-1.0,25.5,25.9
148.05,28,102.0,1170.0,20.0,8.0,21.36,83.5,-1.0,25.5,27.8
148.14,28,102.0,1170.0,20.0,8.0,21.36,83.5,-1.0,25.5,27.8
148.231,28,102.0,1170.0,20.0,8.0,21.36,83.5,-1.0,25.5,27.8
148.321,28,102.0,1300.0,20.0,8.0,21.36,83.5,-1.0,25.5,27.8
148.41,28,102.0,1300.0,22.0,8.0,21.36,83.5,-1.0,25.5,27.8
148.501,28,102.0,1300.0,22.0,8.0,21.36,83.5,-1.0,25.5,27.8
148.59,28,102.0,1300.0,22.0,8.0,24.36,83.5,-1.0,25.5,27.8
148.681,28,102.0,1300.0,22.0,8.0,24.36,83.5,-1.0,25.5,27.8
148.772,28,102.0,1300.0,22.0,8.0,24.36,83.5,-1.0,25.5,27.8
148.862,28,102.0,1300.0,22.0,8.0,24.36,83.5,-1.0,37.3,27.8
148.95,28,102.0,1300.0,22.0,8.0,24.36,83.5,-1.0,37.3,38.0
149.039,28,102.0,1300.0,22.0,8.0,24.36,83.5,-1.0,37.3,38.0
149.13,28,115.0,1300.0,22.0,8.0,24.36,83.5,-1.0,37.3,38.0
149.221,28,115.0,1446.0,22.0,8.0,24.36,83.5,-1.0,37.3,38.0
149.31,28,115.0,1446.0,25.0,8.0,24.36,83.5,-1.0,37.3,38.0
149.4,28,115.0,1446.0,25.0,9.0,24.36,83.5,-1.0,37.3,38.0
149.49,28,115.0,1446.0,25.0,9.0,31.11,83.5,-1.0,37.3,38.0
149.58,28,115.0,1446.0,25.0,9.0,31.11,83.5,-1.0,37.3,38.0
149.674,28,115.0,1446.0,25.0,9.0,31.11,83.5,-1.0,37.3,38.0
149.762,28,115.0,1446.0,25.0,9.0,31.11,83.5,-1.0,40.8,38.0
149.851,28,115.0,1446.0,25.0,9.0,31.11,83.5,-1.0,40.8,41.2
149.942,28,115.0,1446.0,25.0,9.0,31.11,83.5,-1.0,40.8,41.2
150.031,28,129.0,1446.0,25.0,9.0,31.11,83.5,-1.0,40.8,41.2
150.12,28,129.0,1610.0,25.0,9.0,31.11,83.5,-1.0,40.8,41.2
150.21,28,129.0,1610.0,28.0,9.0,31.11,83.5,-1.0,40.8,41.2
150.3,28,129.0,1610.0,28.0,10.0,31.11,83.5,-1.0,40.8,41.2
150.391,28,129.0,1610.0,28.0,10.0,36.97,83.5,-1.0,40.8,41.2
150.48,28,129.0,1610.0,28.0,10.0,36.97,83.5,-1.0,40.8,41.2
150.571,28,129.0,1610.0,28.0,10.0,36.97,83.5,-1.0,40.8,41.2
150.661,28,129.0,1610.0,28.0,10.0,36.97,83.5,-1.0,42.4,41.2
150.78,28,129.0,1610.0,28.0,10.0,36.97,83.5,-1.0,42.4,43.5
150.871,28,129.0,1610.0,28.0,10.0,36.97,83.5,-1.0,42.4,43.5
150.961,28,132.0,1610.0,28.0,10.0,36.97,83.5,-1.0,42.4,43.5
151.05,28,132.0,1784.0,28.0,10.0,36.97,83.5,-1.0,42.4,43.5
151.14,28,132.0,1784.0,31.0,10.0,36.97,83.5,-1.0,42.4,43.5
151.23,28,132.0,1784.0,31.0,11.0,36.97,83.5,-1.0,42.4,43.5
151.321,28,132.0,1784.0,31.0,11.0,45.88,83.5,-1.0,42.4,43.5
151.41,28,132.0,1784.0,31.0,11.0,45.88,83.5,-1.0,42.4,43.5
151.501,28,132.0,1784.0,31.0,11.0,45.88,83.5,-1.0,42.4,43.5
151.591,28,132.0,1784.0,31.0,11.0,45.88,83.5,-1.0,42.4,43.5
151.681,28,132.0,1784.0,31.0,11.0,45.88,83.5,-1.0,42.4,42.7
151.771,28,132.0,1784.0,31.0,11.0,45.88,83.5,-1.0,42.4,42.7
151.891,28,139.0,1784.0,31.0,11.0,45.88,83.5,-1.0,42.4,42.7
151.981,28,139.0,1963.0,31.0,11.0,45.88,83.5,-1.0,42.4,42.7
152.07,28,139.0,1963.0,34.0,11.0,45.88,83.5,-1.0,42.4,42.7
152.16,28,139.0,1963.0,34.0,12.0,45.88,83.5,-1.0,42.4,42.7
152.251,28,139.0,1963.0,34.0,12.0,38.44,83.5,-1.0,42.4,42.7
152.371,28,139.0,1963.0,34.0,12.0,38.44,32.2,-1.0,42.4,42.7
152.461,28,139.0,1963.0,34.0,12.0,38.44,32.2,-1.0,42.4,42.7
152.55,28,139.0,1963.0,34.0,12.0,38.44,32.2,-1.0,14.1,42.7
152.64,28,139.0,1963.0,34.0,12.0,38.44,32.2,-1.0,14.1,14.9
152.73,28,139.0,1963.0,34.0,12.0,38.44,32.2,-1.0,14.1,14.9
152.821,28,101.0,1963.0,34.0,12.0,38.44,32.2,-1.0,14.1,14.9
152.911,28,101.0,1305.0,34.0,12.0,38.44,32.2,-1.0,14.1,14.9
153.0,28,101.0,1305.0,34.0,12.0,38.44,32.2,-1.0,14.1,14.9
153.09,28,101.0,1305.0,34.0,8.0,38.44,32.2,-1.0,14.1,14.9
153.18,28,101.0,1305.0,34.0,8.0,23.91,32.2,-1.0,14.1,14.9
153.273,28,101.0,1305.0,34.0,8.0,23.91,80.4,-1.0,14.1,14.9
153.361,28,101.0,1305.0,34.0,8.0,23.91,80.4,-1.0,14.1,14.9
153.45,28,101.0,1305.0,34.0,8.0,23.91,80.4,-1.0,36.1,14.9
153.541,28,101.0,1305.0,34.0,8.0,23.91,80.4,-1.0,36.1,36.1
153.63,28,101.0,1305.0,34.0,8.0,23.91,80.4,-1.0,36.1,36.1
153.72,28,113.0,1305.0,34.0,8.0,23.91,80.4,-1.0,36.1,36.1
153.81,28,113.0,1315.0,34.0,8.0,23.91,80.4,-1.0,36.1,36.1
153.901,28,113.0,1315.0,35.0,8.0,23.91,80.4,-1.0,36.1,36.1
153.99,28,113.0,1315.0,35.0,8.0,23.91,80.4,-1.0,36.1,36.1
154.079,28,113.0,1315.0,35.0,8.0,27.22,80.4,-1.0,36.1,36.1
154.169,28,113.0,1315.0,35.0,8.0,27.22,83.5,-1.0,36.1,36.1
154.26,28,113.0,1315.0,35.0,8.0,27.22,83.5,-2.0,36.1,36.1
154.35,28,113.0,1315.0,35.0,8.0,27.22,83.5,-2.0,33.3,36.1
154.44,28,113.0,1315.0,35.0,8.0,27.22,83.5,-2.0,33.3,33.7
154.53,28,113.0,1315.0,35.0,8.0,27.22,83.5,-2.0,33.3,33.7
154.621,28,115.0,1315.0,35.0,8.0,27.22,83.5,-2.0,33.3,33.7
154.71,28,115.0,1370.0,35.0,8.0,27.22,83.5,-2.0,33.3,33.7
154.8,28,115.0,1370.0,37.0,8.0,27.22,83.5,-2.0,33.3,33.7
154.89,28,115.0,1370.0,37.0,8.0,27.22,83.5,-2.0,33.3,33.7
154.98,28,115.0,1370.0,37.0,8.0,26.63,83.5,-2.0,33.3,33.7
155.07,28,115.0,1370.0,37.0,8.0,26.63,83.5,-2.0,33.3,33.7
155.161,28,115.0,1370.0,37.0,8.0,26.63,83.5,-2.0,33.3,33.7
155.251,28,115.0,1370.0,37.0,8.0,26.63,83.5,-2.0,31.4,33.7
155.341,28,115.0,1370.0,37.0,8.0,26.63,83.5,-2.0,31.4,31.8
155.43,29,115.0,1370.0,37.0,8.0,26.63,83.5,-2.0,31.4,31.8
155.521,29,108.0,1370.0,37.0,8.0,26.63,83.5,-2.0,31.4,31.8
155.61,29,108.0,1400.0,37.0,8.0,26.63,83.5,-2.0,31.4,31.8
155.7,29,108.0,1400.0,37.0,8.0,26.63,83.5,-2.0,31.4,31.8
155.79,29,108.0,1400.0,37.0,8.0,26.63,83.5,-2.0,31.4,31.8
155.882,29,108.0,1400.0,37.0,8.0,26.11,83.5,-2.0,31.4,31.8
155.972,29,108.0,1400.0,37.0,8.0,26.11,83.5,-2.0,31.4,31.8
156.059,29,108.0,1400.0,37.0,8.0,26.11,83.5,-2.0,31.4,31.8
156.149,29,108.0,1400.0,37.0,8.0,26.11,83.5,-2.0,27.5,31.8
156.239,29,108.0,1400.0,37.0,8.0,26.11,83.5,-2.0,27.5,27.5
156.301,29,108.0,1400.0,37.0,8.0,26.11,83.5,-2.0,27.5,27.5
156.391,29,103.0,1400.0,37.0,8.0,26.11,83.5,-2.0,27.5,27.5
156.481,29,103.0,1404.0,37.0,8.0,26.11,83.5,-2.0,27.5,27.5
156.57,29,103.0,1404.0,38.0,8.0,26.11,83.5,-2.0,27.5,27.5
156.659,29,103.0,1404.0,38.0,8.0,26.11,83.5,-2.0,27.5,27.5
156.749,29,103.0,1404.0,38.0,8.0,25.02,83.5,-2.0,27.5,27.5
156.84,29,103.0,1404.0,38.0,8.0,25.02,83.5,-2.0,27.5,27.5
156.931,29,103.0,1404.0,38.0,8.0,25.02,83.5,-2.0,27.5,27.5
157.021,29,103.0,1404.0,38.0,8.0,25.02,83.5,-2.0,28.2,27.5
157.11,29,103.0,1404.0,38.0,8.0,25.02,83.5,-2.0,28.2,28.2
157.231,29,103.0,1404.0,38.0,8.0,25.02,83.5,-2.0,28.2,28.2
157.352,29,100.0,1404.0,38.0,8.0,25.02,83.5,-2.0,28.2,28.2
157.44,29,100.0,1396.0,38.0,8.0,25.02,83.5,-2.0,28.2,28.2
157.501,29,100.0,1396.0,37.0,8.0,25.02,83.5,-2.0,28.2,28.2
157.59,29,100.0,1396.0,37.0,8.0,25.02,83.5,-2.0,28.2,28.2
157.68,29,100.0,1396.0,37.0,8.0,24.66,83.5,-2.0,28.2,28.2
157.771,29,100.0,1396.0,37.0,8.0,24.66,83.5,-2.0,28.2,28.2
157.86,29,100.0,1396.0,37.0,8.0,24.66,83.5,-2.0,28.2,28.2
157.95,29,100.0,1396.0,37.0,8.0,24.66,83.5,-2.0,27.8,28.2
158.04,29,100.0,1396.0,37.0,8.0,24.66,83.5,-2.0,27.8,27.8
158.13,29,100.0,1396.0,37.0,8.0,24.66,83.5,-2.0,27.8,27.8
158.221,29,100.0,1396.0,37.0,8.0,24.66,83.5,-2.0,27.8,27.8
158.31,29,100.0,1399.0,37.0,8.0,24.66,83.5,-2.0,27.8,27.8
158.4,29,100.0,1399.0,37.0,8.0,24.66,83.5,-2.0,27.8,27.8
158.491,29,100.0,1399.0,37.0,8.0,24.66,83.5,-2.0,27.8,27.8
158.58,29,100.0,1399.0,37.0,8.0,24.58,83.5,-2.0,27.8,27.8
158.671,29,100.0,1399.0,37.0,8.0,24.58,83.5,-2.0,27.8,27.8
158.76,29,100.0,1399.0,37.0,8.0,24.58,83.5,-2.0,27.8,27.8
158.85,29,100.0,1399.0,37.0,8.0,24.58,83.5,-2.0,27.5,27.8
158.941,29,100.0,1399.0,37.0,8.0,24.58,83.5,-2.0,27.5,27.8
159.034,29,100.0,1399.0,37.0,8.0,24.58,83.5,-2.0,27.5,27.8
159.12,29,100.0,1399.0,37.0,8.0,24.58,83.5,-2.0,27.5,27.8
159.21,29,100.0,1402.0,37.0,8.0,24.58,83.5,-2.0,27.5,27.8
159.301,29,100.0,1402.0,38.0,8.0,24.58,83.5,-2.0,27.5,27.8
159.39,29,100.0,1402.0,38.0,8.0,24.58,83.5,-2.0,27.5,27.8
159.455,29,100.0,1402.0,38.0,8.0,24.55,83.5,-2.0,27.5,27.8
159.541,29,100.0,1402.0,38.0,8.0,24.55,83.5,-2.0,27.5,27.8
159.631,29,100.0,1402.0,38.0,8.0,24.55,83.5,-2.0,27.5,27.8
159.721,29,100.0,1402.0,38.0,8.0,24.55,83.5,-2.0,27.8,27.8
159.81,29,100.0,1402.0,38.0,8.0,24.55,83.5,-2.0,27.8,28.2
159.901,29,100.0,1402.0,38.0,8.0,24.55,83.5,-2.0,27.8,28.2
159.991,29,100.0,1402.0,38.0,8.0,24.55,83.5,-2.0,27.8,28.2
160.08,29,100.0,1402.0,38.0,8.0,24.55,83.5,-2.0,27.8,28.2
160.17,29,100.0,1402.0,38.0,8.0,24.55,83.5,-2.0,27.8,28.2
160.261,29,100.0,1402.0,38.0,8.0,24.55,83.5,-2.0,27.8,28.2
160.35,29,100.0,1402.0,38.0,8.0,24.91,83.5,-2.0,27.8,28.2
160.44,29,100.0,1402.0,38.0,8.0,24.91,83.5,-2.0,27.8,28.2
160.529,29,100.0,1402.0,38.0,8.0,24.91,83.5,-2.0,27.8,28.2
160.62,29,100.0,1402.0,38.0,8.0,24.91,83.5,-2.0,27.8,28.2
160.711,29,100.0,1402.0,38.0,8.0,24.91,83.5,-2.0,27.8,28.2
160.8,29,100.0,1402.0,38.0,8.0,24.91,83.5,-2.0,27.8,28.2
160.891,29,100.0,1402.0,38.0,8.0,24.91,83.5,-2.0,27.8,28.2
160.981,29,100.0,1407.0,38.0,8.0,24.91,83.5,-2.0,27.8,28.2
161.07,29,100.0,1407.0,38.0,8.0,24.91,83.5,-2.0,27.8,28.2
161.16,29,100.0,1407.0,38.0,8.0,24.91,83.5,-2.0,27.8,28.2
161.25,29,100.0,1407.0,38.0,8.0,24.88,83.5,-2.0,27.8,28.2
161.342,29,100.0,1407.0,38.0,8.0,24.88,83.5,-2.0,27.8,28.2
161.403,29,100.0,1407.0,38.0,8.0,24.88,83.5,-2.0,27.8,28.2
161.49,29,100.0,1407.0,38.0,8.0,24.88,83.5,-2.0,28.2,28.2
161.58,29,100.0,1407.0,38.0,8.0,24.88,83.5,-2.0,28.2,28.2
161.672,29,100.0,1407.0,38.0,8.0,24.88,83.5,-2.0,28.2,28.2
161.761,29,100.0,1407.0,38.0,8.0,24.88,83.5,-2.0,28.2,28.2
161.851,29,100.0,1409.0,38.0,8.0,24.88,83.5,-2.0,28.2,28.2
161.94,29,100.0,1409.0,38.0,8.0,24.88,83.5,-2.0,28.2,28.2
162.03,29,100.0,1409.0,38.0,8.0,24.88,83.5,-2.0,28.2,28.2
162.121,29,100.0,1409.0,38.0,8.0,24.58,83.5,-2.0,28.2,28.2
162.211,29,100.0,1409.0,38.0,8.0,24.58,83.5,-2.0,28.2,28.2
162.3,29,100.0,1409.0,38.0,8.0,24.58,83.5,-2.0,28.2,28.2
162.392,29,100.0,1409.0,38.0,8.0,24.58,83.5,-2.0,28.6,28.2
162.48,29,100.0,1409.0,38.0,8.0,24.58,83.5,-2.0,28.6,28.6
162.572,29,100.0,1409.0,38.0,8.0,24.58,83.5,-2.0,28.6,28.6
162.661,29,101.0,1409.0,38.0,8.0,24.58,83.5,-2.0,28.6,28.6
162.75,29,101.0,1412.0,38.0,8.0,24.58,83.5,-2.0,28.6,28.6
162.84,29,101.0,1412.0,38.0,8.0,24.58,83.5,-2.0,28.6,28.6
162.93,29,101.0,1412.0,38.0,8.0,24.58,83.5,-2.0,28.6,28.6
163.02,29,101.0,1412.0,38.0,8.0,25.02,83.5,-2.0,28.6,28.6
163.11,29,101.0,1412.0,38.0,8.0,25.02,83.5,-2.0,28.6,28.6
163.2,29,101.0,1412.0,38.0,8.0,25.02,83.5,-2.0,28.6,28.6
163.29,29,101.0,1412.0,38.0,8.0,25.02,83.5,-2.0,27.5,28.6
163.38,29,101.0,1412.0,38.0,8.0,25.02,83.5,-2.0,27.5,27.1
163.472,29,101.0,1412.0,38.0,8.0,25.02,83.5,-2.0,27.5,27.1
163.561,29,101.0,1412.0,38.0,8.0,25.02,83.5,-2.0,27.5,27.1
163.652,29,101.0,1414.0,38.0,8.0,25.02,83.5,-2.0,27.5,27.1
163.74,29,101.0,1414.0,38.0,8.0,25.02,83.5,-2.0,27.5,27.1
163.801,29,101.0,1414.0,38.0,8.0,25.02,83.5,-2.0,27.5,27.1
163.89,29,101.0,1414.0,38.0,8.0,25.05,83.5,-2.0,27.5,27.1
163.987,29,101.0,1414.0,38.0,8.0,25.05,83.5,-2.0,27.5,27.1
164.07,29,101.0,1414.0,38.0,8.0,25.05,83.5,-2.0,27.5,27.1
164.16,29,101.0,1414.0,38.0,8.0,25.05,83.5,-2.0,25.9,27.1
164.251,29,101.0,1414.0,38.0,8.0,25.05,83.5,-2.0,25.9,25.9
164.34,29,101.0,1414.0,38.0,8.0,25.05,83.5,-2.0,25.9,25.9
164.43,29,99.0,1414.0,38.0,8.0,25.05,83.5,-2.0,25.9,25.9
164.55,29,99.0,1403.0,38.0,8.0,25.05,83.5,-2.0,25.9,25.9
164.64,29,99.0,1403.0,38.0,8.0,25.05,83.5,-2.0,25.9,25.9
164.702,29,99.0,1403.0,38.0,8.0,25.05,83.5,-2.0,25.9,25.9
164.79,29,99.0,1403.0,38.0,8.0,24.11,83.5,-2.0,25.9,25.9
164.882,29,99.0,1403.0,38.0,8.0,24.11,83.5,-2.0,25.9,25.9
164.971,29,99.0,1403.0,38.0,8.0,24.11,83.5,-2.0,25.9,25.9
165.06,29,99.0,1403.0,38.0,8.0,24.11,83.5,-2.0,14.1,25.9
165.15,29,99.0,1403.0,38.0,8.0,24.11,83.5,-2.0,14.1,14.5
165.271,30,99.0,1403.0,38.0,8.0,24.11,83.5,-2.0,14.1,14.5
165.36,30,102.0,1403.0,38.0,8.0,24.11,83.5,-2.0,14.1,14.5
165.45,30,102.0,1330.0,38.0,8.0,24.11,83.5,-2.0,14.1,14.5
165.542,30,102.0,1330.0,36.0,8.0,24.11,83.5,-2.0,14.1,14.5
165.63,30,102.0,1330.0,36.0,7.0,24.11,83.5,-2.0,14.1,14.5
165.72,30,102.0,1330.0,36.0,7.0,23.94,83.5,-2.0,14.1,14.5
165.81,30,102.0,1330.0,36.0,7.0,23.94,83.5,-2.0,14.1,14.5
165.901,30,102.0,1330.0,36.0,7.0,23.94,83.5,-2.0,14.1,14.5
165.991,30,102.0,1330.0,36.0,7.0,23.94,83.5,-2.0,14.1,14.5
166.08,30,102.0,1330.0,36.0,7.0,23.94,83.5,-2.0,14.1,14.5
166.171,30,102.0,1330.0,36.0,7.0,23.94,83.5,-2.0,14.1,14.5
166.261,30,106.0,1330.0,36.0,7.0,23.94,83.5,-2.0,14.1,14.5
166.35,30,106.0,1247.0,36.0,7.0,23.94,83.5,-2.0,14.1,14.5
166.439,30,106.0,1247.0,34.0,7.0,23.94,83.5,-2.0,14.1,14.5
166.5,30,106.0,1247.0,34.0,7.0,23.94,83.5,-2.0,14.1,14.5
166.59,30,106.0,1247.0,34.0,7.0,22.88,83.5,-2.0,14.1,14.5
166.653,30,106.0,1247.0,34.0,7.0,22.88,83.5,-2.0,14.1,14.5
166.741,30,106.0,1247.0,34.0,7.0,22.88,83.5,-2.0,14.1,14.5
166.831,30,106.0,1247.0,34.0,7.0,22.88,83.5,-2.0,14.1,14.5
166.92,30,106.0,1247.0,34.0,7.0,22.88,83.5,-2.0,14.1,14.5
167.01,30,106.0,1247.0,34.0,7.0,22.88,83.5,-2.0,14.1,14.5
167.1,30,107.0,1247.0,34.0,7.0,22.88,83.5,-2.0,14.1,14.5
167.191,30,107.0,1173.0,34.0,7.0,22.88,83.5,-2.0,14.1,14.5
167.28,30,107.0,1173.0,31.0,7.0,22.88,83.5,-2.0,14.1,14.5
167.372,30,107.0,1173.0,31.0,7.0,22.88,83.5,-2.0,14.1,14.5
167.461,30,107.0,1173.0,31.0,7.0,21.36,83.5,-2.0,14.1,14.5
167.55,30,107.0,1173.0,31.0,7.0,21.36,83.5,-2.0,14.1,14.5
167.641,30,107.0,1173.0,31.0,7.0,21.36,83.5,-2.0,14.1,14.5
167.702,30,107.0,1173.0,31.0,7.0,21.36,83.5,-2.0,15.3,14.5
167.79,30,107.0,1173.0,31.0,7.0,21.36,83.5,-2.0,15.3,14.5
167.854,30,107.0,1173.0,31.0,7.0,21.36,83.5,-2.0,15.3,14.5
167.941,30,106.0,1173.0,31.0,7.0,21.36,83.5,-2.0,15.3,14.5
168.03,30,106.0,1092.0,31.0,7.0,21.36,83.5,-2.0,15.3,14.5
168.121,30,106.0,1092.0,29.0,7.0,21.36,83.5,-2.0,15.3,14.5
168.21,30,106.0,1092.0,29.0,7.0,21.36,83.5,-2.0,15.3,14.5
168.3,30,106.0,1092.0,29.0,7.0,19.66,83.5,-2.0,15.3,14.5
168.39,30,106.0,1092.0,29.0,7.0,19.66,83.5,-2.0,15.3,14.5
168.451,30,106.0,1092.0,29.0,7.0,19.66,83.5,-2.0,15.3,14.5
168.54,30,106.0,1092.0,29.0,7.0,19.66,83.5,-2.0,14.1,14.5
168.601,30,106.0,1092.0,29.0,7.0,19.66,83.5,-2.0,14.1,14.5
168.691,30,106.0,1092.0,29.0,7.0,19.66,83.5,-2.0,14.1,14.5
168.781,30,106.0,1092.0,29.0,7.0,19.66,83.5,-2.0,14.1,14.5
168.87,30,106.0,1029.0,29.0,7.0,19.66,83.5,-2.0,14.1,14.5
168.96,30,106.0,1029.0,27.0,7.0,19.66,83.5,-2.0,14.1,14.5
169.05,30,106.0,1029.0,27.0,6.0,19.66,83.5,-2.0,14.1,14.5
169.139,30,106.0,1029.0,27.0,6.0,18.3,83.5,-2.0,14.1,14.5
169.229,30,106.0,1029.0,27.0,6.0,18.3,83.5,-2.0,14.1,14.5
169.32,30,106.0,1029.0,27.0,6.0,18.3,83.5,-2.0,14.1,14.5
169.439,30,106.0,1029.0,27.0,6.0,18.3,83.5,-2.0,14.1,14.5
169.53,30,106.0,1029.0,27.0,6.0,18.3,83.5,-2.0,14.1,14.5
169.62,30,106.0,1029.0,27.0,6.0,18.3,83.5,-2.0,14.1,14.5
169.71,30,105.0,1029.0,27.0,6.0,18.3,83.5,-2.0,14.1,14.5
169.8,30,105.0,978.0,27.0,6.0,18.3,83.5,-2.0,14.1,14.5
169.89,30,105.0,978.0,26.0,6.0,18.3,83.5,-2.0,14.1,14.5
169.98,30,105.0,978.0,26.0,6.0,18.3,83.5,-2.0,14.1,14.5
170.07,30,105.0,978.0,26.0,6.0,17.74,83.5,-2.0,14.1,14.5
170.16,30,105.0,978.0,26.0,6.0,17.74,83.5,-2.0,14.1,14.5
170.25,30,105.0,978.0,26.0,6.0,17.74,83.5,-3.0,14.1,14.5
170.341,30,105.0,978.0,26.0,6.0,17.74,83.5,-3.0,14.1,14.5
170.431,30,105.0,978.0,26.0,6.0,17.74,83.5,-3.0,14.1,14.5
170.521,30,105.0,978.0,26.0,6.0,17.74,83.5,-3.0,14.1,14.5
170.641,30,105.0,978.0,26.0,6.0,17.74,83.5,-3.0,14.1,14.5
170.73,30,105.0,1077.0,26.0,6.0,17.74,83.5,-3.0,14.1,14.5
170.821,30,105.0,1077.0,25.0,6.0,17.74,83.5,-3.0,14.1,14.5
170.91,30,105.0,1077.0,25.0,6.0,17.74,83.5,-3.0,14.1,14.5
171.0,30,105.0,1077.0,25.0,6.0,25.41,83.5,-3.0,14.1,14.5
171.09,30,105.0,1077.0,25.0,6.0,25.41,83.5,-3.0,14.1,14.5
171.18,30,105.0,1077.0,25.0,6.0,25.41,83.5,-3.0,14.1,14.5
171.27,30,105.0,1077.0,25.0,6.0,25.41,83.5,-3.0,36.1,14.5
171.361,30,105.0,1077.0,25.0,6.0,25.41,83.5,-3.0,36.1,38.4
171.45,30,105.0,1077.0,25.0,6.0,25.41,83.5,-3.0,36.1,38.4
171.54,30,104.0,1077.0,25.0,6.0,25.41,83.5,-3.0,36.1,38.4
171.602,30,104.0,1530.0,25.0,6.0,25.41,83.5,-3.0,36.1,38.4
171.69,30,104.0,1530.0,26.0,6.0,25.41,83.5,-3.0,36.1,38.4
171.751,30,104.0,1530.0,26.0,7.0,25.41,83.5,-3.0,36.1,38.4
171.84,30,104.0,1530.0,26.0,7.0,31.63,83.5,-3.0,36.1,38.4
171.93,30,104.0,1530.0,26.0,7.0,31.63,83.5,-3.0,36.1,38.4
172.019,30,104.0,1530.0,26.0,7.0,31.63,83.5,-3.0,36.1,38.4
172.11,30,104.0,1530.0,26.0,7.0,31.63,83.5,-3.0,48.6,38.4
172.2,30,104.0,1530.0,26.0,7.0,31.63,83.5,-3.0,48.6,49.4
172.29,30,104.0,1530.0,26.0,7.0,31.63,83.5,-3.0,48.6,49.4
172.381,30,140.0,1530.0,26.0,7.0,31.63,83.5,-3.0,48.6,49.4
172.47,30,140.0,1795.0,26.0,7.0,31.63,83.5,-3.0,48.6,49.4
172.56,30,140.0,1795.0,31.0,7.0,31.63,83.5,-3.0,48.6,49.4
172.65,30,140.0,1795.0,31.0,9.0,31.63,83.5,-3.0,48.6,49.4
172.74,30,140.0,1795.0,31.0,9.0,51.08,83.5,-3.0,48.6,49.4
172.803,30,140.0,1795.0,31.0,9.0,51.08,83.5,-3.0,48.6,49.4
172.891,30,140.0,1795.0,31.0,9.0,51.08,83.5,-3.0,48.6,49.4
172.952,30,140.0,1795.0,31.0,9.0,51.08,83.5,-3.0,40.8,49.4
173.04,30,140.0,1795.0,31.0,9.0,51.08,83.5,-3.0,40.8,38.8
173.13,30,140.0,1795.0,31.0,9.0,51.08,83.5,-3.0,40.8,38.8
173.219,30,134.0,1795.0,31.0,9.0,51.08,83.5,-3.0,40.8,38.8
173.309,30,134.0,1811.0,31.0,9.0,51.08,83.5,-3.0,40.8,38.8
173.4,30,134.0,1811.0,34.0,9.0,51.08,83.5,-3.0,40.8,38.8
173.49,30,134.0,1811.0,34.0,10.0,51.08,83.5,-3.0,40.8,38.8
173.551,30,134.0,1811.0,34.0,10.0,26.3,83.5,-3.0,40.8,38.8
173.641,30,134.0,1811.0,34.0,10.0,26.3,30.6,-3.0,40.8,38.8
173.703,30,134.0,1811.0,34.0,10.0,26.3,30.6,-3.0,40.8,38.8
173.79,30,134.0,1811.0,34.0,10.0,26.3,30.6,-3.0,25.9,38.8
173.85,30,134.0,1811.0,34.0,10.0,26.3,30.6,-3.0,25.9,31.4
173.94,30,134.0,1811.0,34.0,10.0,26.3,30.6,-3.0,25.9,31.4
174.0,30,97.0,1811.0,34.0,10.0,26.3,30.6,-3.0,25.9,31.4
174.09,30,97.0,1220.0,34.0,10.0,26.3,30.6,-3.0,25.9,31.4
174.155,30,97.0,1220.0,34.0,10.0,26.3,30.6,-3.0,25.9,31.4
174.239,30,97.0,1220.0,34.0,8.0,26.3,30.6,-3.0,25.9,31.4
174.329,30,97.0,1220.0,34.0,8.0,24.13,30.6,-3.0,25.9,31.4
174.419,30,97.0,1220.0,34.0,8.0,24.13,82.7,-3.0,25.9,31.4
174.51,30,97.0,1220.0,34.0,8.0,24.13,82.7,-3.0,25.9,31.4
174.6,30,97.0,1220.0,34.0,8.0,24.13,82.7,-3.0,45.9,31.4
174.691,30,97.0,1220.0,34.0,8.0,24.13,82.7,-3.0,45.9,46.3
174.752,30,97.0,1220.0,34.0,8.0,24.13,82.7,-3.0,45.9,46.3
174.84,30,120.0,1220.0,34.0,8.0,24.13,82.7,-3.0,45.9,46.3
174.902,30,120.0,1372.0,34.0,8.0,24.13,82.7,-3.0,45.9,46.3
174.992,30,120.0,1372.0,37.0,8.0,24.13,82.7,-3.0,45.9,46.3
175.05,30,120.0,1372.0,37.0,6.0,24.13,82.7,-3.0,45.9,46.3
175.139,30,120.0,1372.0,37.0,6.0,31.05,82.7,-3.0,45.9,46.3
175.2,30,120.0,1372.0,37.0,6.0,31.05,83.5,-3.0,45.9,46.3
175.29,30,120.0,1372.0,37.0,6.0,31.05,83.5,-3.0,45.9,46.3
175.352,30,120.0,1372.0,37.0,6.0,31.05,83.5,-3.0,50.2,46.3
175.441,30,120.0,1372.0,37.0,6.0,31.05,83.5,-3.0,50.2,51.0
175.53,31,120.0,1372.0,37.0,6.0,31.05,83.5,-3.0,50.2,51.0
175.621,31,147.0,1372.0,37.0,6.0,31.05,83.5,-3.0,50.2,51.0
175.711,31,147.0,1514.0,37.0,6.0,31.05,83.5,-3.0,50.2,51.0
175.8,31,147.0,1514.0,41.0,6.0,31.05,83.5,-3.0,50.2,51.0
175.891,31,147.0,1514.0,41.0,8.0,31.05,83.5,-3.0,50.2,51.0
175.952,31,147.0,1514.0,41.0,8.0,43.02,83.5,-3.0,50.2,51.0
176.04,31,147.0,1514.0,41.0,8.0,43.02,83.5,-3.0,50.2,51.0
176.101,31,147.0,1514.0,41.0,8.0,43.02,83.5,-3.0,50.2,51.0
176.19,31,147.0,1514.0,41.0,8.0,43.02,83.5,-3.0,38.4,51.0
176.252,31,147.0,1514.0,41.0,8.0,43.02,83.5,-3.0,38.4,32.2
176.342,31,147.0,1514.0,41.0,8.0,43.02,83.5,-3.0,38.4,32.2
176.402,31,136.0,1514.0,41.0,8.0,43.02,83.5,-3.0,38.4,32.2
176.492,31,136.0,1457.0,41.0,8.0,43.02,83.5,-3.0,38.4,32.2
176.553,31,136.0,1457.0,43.0,8.0,43.02,83.5,-3.0,38.4,32.2
176.64,31,136.0,1457.0,43.0,9.0,43.02,83.5,-3.0,38.4,32.2
176.702,31,136.0,1457.0,43.0,9.0,22.47,83.5,-3.0,38.4,32.2
176.79,31,136.0,1457.0,43.0,9.0,22.47,31.0,-3.0,38.4,32.2
176.853,31,136.0,1457.0,43.0,9.0,22.47,31.0,-3.0,38.4,32.2
176.941,31,136.0,1457.0,43.0,9.0,22.47,31.0,-3.0,14.1,32.2
177.0,31,136.0,1457.0,43.0,9.0,22.47,31.0,-3.0,14.1,16.5
177.09,31,136.0,1457.0,43.0,9.0,22.47,31.0,-3.0,14.1,16.5
177.151,31,109.0,1457.0,43.0,9.0,22.47,31.0,-3.0,14.1,16.5
177.24,31,109.0,1118.0,43.0,9.0,22.47,31.0,-3.0,14.1,16.5
177.301,31,109.0,1118.0,42.0,9.0,22.47,31.0,-3.0,14.1,16.5
177.391,31,109.0,1118.0,42.0,5.0,22.47,31.0,-3.0,14.1,16.5
177.452,31,109.0,1118.0,42.0,5.0,21.94,31.0,-3.0,14.1,16.5
177.54,31,109.0,1118.0,42.0,5.0,21.94,83.5,-3.0,14.1,16.5
177.601,31,109.0,1118.0,42.0,5.0,21.94,83.5,-3.0,14.1,16.5
177.69,31,109.0,1118.0,42.0,5.0,21.94,83.5,-3.0,36.5,16.5
177.751,31,109.0,1118.0,42.0,5.0,21.94,83.5,-3.0,36.5,36.9
177.841,31,109.0,1118.0,42.0,5.0,21.94,83.5,-3.0,36.5,36.9
177.901,31,111.0,1118.0,42.0,5.0,21.94,83.5,-3.0,36.5,36.9
177.99,31,111.0,1111.0,42.0,5.0,21.94,83.5,-3.0,36.5,36.9
178.05,31,111.0,1111.0,43.0,5.0,21.94,83.5,-3.0,36.5,36.9
178.139,31,111.0,1111.0,43.0,5.0,21.94,83.5,-3.0,36.5,36.9
178.2,31,111.0,1111.0,43.0,5.0,21.77,83.5,-3.0,36.5,36.9
178.29,31,111.0,1111.0,43.0,5.0,21.77,83.5,-3.0,36.5,36.9
178.351,31,111.0,1111.0,43.0,5.0,21.77,83.5,-3.0,36.5,36.9
178.44,31,111.0,1111.0,43.0,5.0,21.77,83.5,-3.0,32.9,36.9
178.501,31,111.0,1111.0,43.0,5.0,21.77,83.5,-3.0,32.9,32.9
178.59,31,111.0,1111.0,43.0,5.0,21.77,83.5,-3.0,32.9,32.9
178.652,31,117.0,1111.0,43.0,5.0,21.77,83.5,-3.0,32.9,32.9
178.741,31,117.0,1142.0,43.0,5.0,21.77,83.5,-3.0,32.9,32.9
178.803,31,117.0,1142.0,44.0,5.0,21.77,83.5,-3.0,32.9,32.9
178.89,31,117.0,1142.0,44.0,5.0,21.77,83.5,-3.0,32.9,32.9
178.952,31,117.0,1142.0,44.0,5.0,22.3,83.5,-3.0,32.9,32.9
179.039,31,117.0,1142.0,44.0,5.0,22.3,83.5,-3.0,32.9,32.9
179.101,31,117.0,1142.0,44.0,5.0,22.3,83.5,-3.0,32.9,32.9
179.19,31,117.0,1142.0,44.0,5.0,22.3,83.5,-3.0,32.5,32.9
179.253,31,117.0,1142.0,44.0,5.0,22.3,83.5,-3.0,32.5,32.9
179.34,31,117.0,1142.0,44.0,5.0,22.3,83.5,-3.0,32.5,32.9
179.402,31,113.0,1142.0,44.0,5.0,22.3,83.5,-3.0,32.5,32.9
179.523,31,113.0,1172.0,44.0,5.0,22.3,83.5,-3.0,32.5,32.9
179.611,31,113.0,1172.0,45.0,5.0,22.3,83.5,-3.0,32.5,32.9
179.7,31,113.0,1172.0,45.0,6.0,22.3,83.5,-3.0,32.5,32.9
179.79,31,113.0,1172.0,45.0,6.0,22.16,83.5,-3.0,32.5,32.9
179.851,31,113.0,1172.0,45.0,6.0,22.16,83.5,-3.0,32.5,32.9
179.94,31,113.0,1172.0,45.0,6.0,22.16,83.5,-3.0,32.5,32.9
180.001,31,113.0,1172.0,45.0,6.0,22.16,83.5,-3.0,28.6,32.9
180.09,31,113.0,1172.0,45.0,6.0,22.16,83.5,-3.0,28.6,29.0
180.151,31,113.0,1172.0,45.0,6.0,22.16,83.5,-3.0,28.6,29.0
180.24,31,110.0,1172.0,45.0,6.0,22.16,83.5,-3.0,28.6,29.0
180.303,31,110.0,1181.0,45.0,6.0,22.16,83.5,-3.0,28.6,29.0
180.39,31,110.0,1181.0,46.0,6.0,22.16,83.5,-3.0,28.6,29.0
180.45,31,110.0,1181.0,46.0,6.0,22.16,83.5,-3.0,28.6,29.0
180.539,31,110.0,1181.0,46.0,6.0,21.58,83.5,-3.0,28.6,29.0
180.601,31,110.0,1181.0,46.0,6.0,21.58,83.5,-3.0,28.6,29.0
180.69,31,110.0,1181.0,46.0,6.0,21.58,83.5,-3.0,28.6,29.0
180.782,31,110.0,1181.0,46.0,6.0,21.58,83.5,-3.0,25.9,29.0
180.932,31,110.0,1181.0,46.0,6.0,21.58,83.5,-3.0,25.9,23.9
181.032,31,110.0,1181.0,46.0,6.0,21.58,83.5,-3.0,25.9,23.9
181.11,31,104.0,1181.0,46.0,6.0,21.58,83.5,-3.0,25.9,23.9
181.2,31,104.0,1176.0,46.0,6.0,21.58,83.5,-3.0,25.9,23.9
181.29,31,104.0,1176.0,46.0,6.0,21.58,83.5,-3.0,25.9,23.9
181.352,31,104.0,1176.0,46.0,5.0,21.58,83.5,-3.0,25.9,23.9
181.44,31,104.0,1176.0,46.0,5.0,20.05,83.5,-3.0,25.9,23.9
181.531,31,104.0,1176.0,46.0,5.0,20.05,83.5,-3.0,25.9,23.9
181.593,31,104.0,1176.0,46.0,5.0,20.05,83.5,-3.0,25.9,23.9
181.652,31,104.0,1176.0,46.0,5.0,20.05,83.5,-3.0,18.0,23.9
181.74,31,104.0,1176.0,46.0,5.0,20.05,83.5,-3.0,18.0,17.6
181.805,31,104.0,1176.0,46.0,5.0,20.05,83.5,-3.0,18.0,17.6
181.892,31,100.0,1176.0,46.0,5.0,20.05,83.5,-3.0,18.0,17.6
181.953,31,100.0,1152.0,46.0,5.0,20.05,83.5,-3.0,18.0,17.6
182.04,31,100.0,1152.0,45.0,5.0,20.05,83.5,-3.0,18.0,17.6
182.131,31,100.0,1152.0,45.0,5.0,20.05,83.5,-3.0,18.0,17.6
182.222,31,100.0,1152.0,45.0,5.0,18.19,83.5,-3.0,18.0,17.6
182.311,31,100.0,1152.0,45.0,5.0,18.19,83.5,-3.0,18.0,17.6
182.4,31,100.0,1152.0,45.0,5.0,18.19,83.5,-3.0,18.0,17.6
182.49,31,100.0,1152.0,45.0,5.0,18.19,83.5,-3.0,16.1,17.6
182.581,31,100.0,1152.0,45.0,5.0,18.19,83.5,-3.0,16.1,19.2
182.67,31,100.0,1152.0,45.0,5.0,18.19,83.5,-3.0,16.1,19.2
182.76,31,101.0,1152.0,45.0,5.0,18.19,83.5,-3.0,16.1,19.2
182.851,31,101.0,1332.0,45.0,5.0,18.19,83.5,-3.0,16.1,19.2
183.001,31,101.0,1332.0,43.0,5.0,18.19,83.5,-3.0,16.1,19.2
183.09,31,101.0,1332.0,43.0,5.0,18.19,83.5,-3.0,16.1,19.2
183.18,31,101.0,1332.0,43.0,5.0,27.86,83.5,-3.0,16.1,19.2
183.241,31,101.0,1332.0,43.0,5.0,27.86,83.5,-3.0,16.1,19.2
183.33,31,101.0,1332.0,43.0,5.0,27.86,83.5,-3.0,16.1,19.2
183.42,31,101.0,1332.0,43.0,5.0,27.86,83.5,-3.0,26.7,19.2
183.51,31,101.0,1332.0,43.0,5.0,27.86,83.5,-3.0,26.7,28.2
183.601,31,101.0,1332.0,43.0,5.0,27.86,83.5,-3.0,26.7,28.2
183.691,31,98.0,1332.0,43.0,5.0,27.86,83.5,-3.0,26.7,28.2
183.78,31,98.0,1580.0,43.0,5.0,27.86,83.5,-3.0,26.7,28.2
183.873,31,98.0,1580.0,42.0,5.0,27.86,83.5,-3.0,26.7,28.2
183.96,31,98.0,1580.0,42.0,5.0,27.86,83.5,-3.0,26.7,28.2
184.05,31,98.0,1580.0,42.0,5.0,27.94,83.5,-3.0,26.7,28.2
184.14,31,98.0,1580.0,42.0,5.0,27.94,83.5,-3.0,26.7,28.2
184.23,31,98.0,1580.0,42.0,5.0,27.94,83.5,-3.0,26.7,28.2
184.291,31,98.0,1580.0,42.0,5.0,27.94,83.5,-3.0,31.0,28.2
184.38,31,98.0,1580.0,42.0,5.0,27.94,83.5,-3.0,31.0,30.6
184.472,31,98.0,1580.0,42.0,5.0,27.94,83.5,-3.0,31.0,30.6
184.56,31,111.0,1580.0,42.0,5.0,27.94,83.5,-3.0,31.0,30.6
184.65,31,111.0,1587.0,42.0,5.0,27.94,83.5,-3.0,31.0,30.6
184.741,31,111.0,1587.0,43.0,5.0,27.94,83.5,-3.0,31.0,30.6
184.83,31,111.0,1587.0,43.0,7.0,27.94,83.5,-3.0,31.0,30.6
184.921,31,111.0,1587.0,43.0,7.0,28.99,83.5,-3.0,31.0,30.6
185.01,31,111.0,1587.0,43.0,7.0,28.99,83.5,-3.0,31.0,30.6
185.1,31,111.0,1587.0,43.0,7.0,28.99,83.5,-3.0,31.0,30.6
185.19,31,111.0,1587.0,43.0,7.0,28.99,83.5,-3.0,31.4,30.6
185.28,31,111.0,1587.0,43.0,7.0,28.99,83.5,-3.0,31.4,31.8
185.37,32,111.0,1587.0,43.0,7.0,28.99,83.5,-3.0,31.4,31.8
185.46,32,104.0,1587.0,43.0,7.0,28.99,83.5,-3.0,31.4,31.8
185.55,32,104.0,1584.0,43.0,7.0,28.99,83.5,-3.0,31.4,31.8
185.641,32,104.0,1584.0,42.0,7.0,28.99,83.5,-3.0,31.4,31.8
185.73,32,104.0,1584.0,42.0,7.0,28.99,83.5,-3.0,31.4,31.8
185.821,32,104.0,1584.0,42.0,7.0,28.88,83.5,-3.0,31.4,31.8
185.91,32,104.0,1584.0,42.0,7.0,28.88,83.5,-3.0,31.4,31.8
185.999,32,104.0,1584.0,42.0,7.0,28.88,83.5,-3.0,31.4,31.8
186.09,32,104.0,1584.0,42.0,7.0,28.88,83.5,-3.0,32.5,31.8
186.18,32,104.0,1584.0,42.0,7.0,28.88,83.5,-3.0,32.5,34.9
186.243,32,104.0,1584.0,42.0,7.0,28.88,83.5,-3.0,32.5,34.9
186.33,32,104.0,1584.0,42.0,7.0,28.88,83.5,-3.0,32.5,34.9
186.392,32,104.0,1587.0,42.0,7.0,28.88,83.5,-3.0,32.5,34.9
186.479,32,104.0,1587.0,42.0,7.0,28.88,83.5,-3.0,32.5,34.9
186.6,32,104.0,1587.0,42.0,7.0,28.88,83.5,-3.0,32.5,34.9
186.692,32,104.0,1587.0,42.0,7.0,30.38,83.5,-3.0,32.5,34.9
186.779,32,104.0,1587.0,42.0,7.0,30.38,83.5,-3.0,32.5,34.9
186.84,32,104.0,1587.0,42.0,7.0,30.38,83.5,-3.0,32.5,34.9
186.929,32,104.0,1587.0,42.0,7.0,30.38,83.5,-3.0,38.0,34.9
186.99,32,104.0,1587.0,42.0,7.0,30.38,83.5,-3.0,38.0,40.0
187.079,32,104.0,1587.0,42.0,7.0,30.38,83.5,-3.0,38.0,40.0
187.14,32,114.0,1587.0,42.0,7.0,30.38,83.5,-3.0,38.0,40.0
187.23,32,114.0,1612.0,42.0,7.0,30.38,83.5,-3.0,38.0,40.0
187.319,32,114.0,1612.0,43.0,7.0,30.38,83.5,-3.0,38.0,40.0
187.41,32,114.0,1612.0,43.0,7.0,30.38,83.5,-3.0,38.0,40.0
187.499,32,114.0,1612.0,43.0,7.0,35.63,83.5,-3.0,38.0,40.0
187.591,32,114.0,1612.0,43.0,7.0,35.63,83.5,-3.0,38.0,40.0
187.68,32,114.0,1612.0,43.0,7.0,35.63,83.5,-3.0,38.0,40.0
187.77,32,114.0,1612.0,43.0,7.0,35.63,83.5,-3.0,42.7,40.0
187.831,32,114.0,1612.0,43.0,7.0,35.63,83.5,-3.0,42.7,43.5
187.892,32,114.0,1612.0,43.0,7.0,35.63,83.5,-3.0,42.7,43.5
187.982,32,141.0,1612.0,43.0,7.0,35.63,83.5,-3.0,42.7,43.5
188.07,32,141.0,1676.0,43.0,7.0,35.63,83.5,-3.0,42.7,43.5
188.16,32,141.0,1676.0,45.0,7.0,35.63,83.5,-3.0,42.7,43.5
188.25,32,141.0,1676.0,45.0,8.0,35.63,83.5,-3.0,42.7,43.5
188.341,32,141.0,1676.0,45.0,8.0,39.74,83.5,-3.0,42.7,43.5
188.431,32,141.0,1676.0,45.0,8.0,39.74,83.5,-3.0,42.7,43.5
188.52,32,141.0,1676.0,45.0,8.0,39.74,83.5,-3.0,42.7,43.5
188.61,32,141.0,1676.0,45.0,8.0,39.74,83.5,-3.0,37.3,43.5
188.701,32,141.0,1676.0,45.0,8.0,39.74,83.5,-3.0,37.3,34.1
188.791,32,141.0,1676.0,45.0,8.0,39.74,83.5,-3.0,37.3,34.1
188.88,32,124.0,1676.0,45.0,8.0,39.74,83.5,-3.0,37.3,34.1
188.943,32,124.0,1586.0,45.0,8.0,39.74,83.5,-3.0,37.3,34.1
189.03,32,124.0,1586.0,46.0,8.0,39.74,83.5,-3.0,37.3,34.1
189.09,32,124.0,1586.0,46.0,7.0,39.74,83.5,-3.0,37.3,34.1
189.18,32,124.0,1586.0,46.0,7.0,23.13,83.5,-3.0,37.3,34.1
189.242,32,124.0,1586.0,46.0,7.0,23.13,30.6,-3.0,37.3,34.1
189.33,32,124.0,1586.0,46.0,7.0,23.13,30.6,-3.0,37.3,34.1
189.393,32,124.0,1586.0,46.0,7.0,23.13,30.6,-3.0,22.4,34.1
189.48,32,124.0,1586.0,46.0,7.0,23.13,30.6,-3.0,22.4,25.9
189.572,32,124.0,1586.0,46.0,7.0,23.13,30.6,-3.0,22.4,25.9
189.691,32,97.0,1586.0,46.0,7.0,23.13,30.6,-3.0,22.4,25.9
189.78,32,97.0,1181.0,46.0,7.0,23.13,30.6,-3.0,22.4,25.9
189.872,32,97.0,1181.0,46.0,7.0,23.13,30.6,-3.0,22.4,25.9
189.961,32,97.0,1181.0,46.0,4.0,23.13,30.6,-3.0,22.4,25.9
190.049,32,97.0,1181.0,46.0,4.0,21.47,30.6,-3.0,22.4,25.9
190.14,32,97.0,1181.0,46.0,4.0,21.47,83.5,-3.0,22.4,25.9
190.23,32,97.0,1181.0,46.0,4.0,21.47,83.5,-3.0,22.4,25.9
190.294,32,97.0,1181.0,46.0,4.0,21.47,83.5,-3.0,32.9,25.9
190.38,32,97.0,1181.0,46.0,4.0,21.47,83.5,-3.0,32.9,32.5
190.442,32,97.0,1181.0,46.0,4.0,21.47,83.5,-3.0,32.9,32.5
190.531,32,111.0,1181.0,46.0,4.0,21.47,83.5,-3.0,32.9,32.5
190.591,32,111.0,1207.0,46.0,4.0,21.47,83.5,-3.0,32.9,32.5
190.68,32,111.0,1207.0,47.0,4.0,21.47,83.5,-3.0,32.9,32.5
190.741,32,111.0,1207.0,47.0,4.0,21.47,83.5,-3.0,32.9,32.5
190.83,32,111.0,1207.0,47.0,4.0,22.91,83.5,-3.0,32.9,32.5
190.891,32,111.0,1207.0,47.0,4.0,22.91,83.5,-3.0,32.9,32.5
190.981,32,111.0,1207.0,47.0,4.0,22.91,83.5,-3.0,32.9,32.5
191.07,32,111.0,1207.0,47.0,4.0,22.91,83.5,-3.0,31.4,32.5
191.161,32,111.0,1207.0,47.0,4.0,22.91,83.5,-3.0,31.4,31.8
191.25,32,111.0,1207.0,47.0,4.0,22.91,83.5,-3.0,31.4,31.8
191.34,32,111.0,1207.0,47.0,4.0,22.91,83.5,-3.0,31.4,31.8
191.431,32,111.0,1223.0,47.0,4.0,22.91,83.5,-3.0,31.4,31.8
191.55,32,111.0,1223.0,47.0,4.0,22.91,83.5,-3.0,31.4,31.8
191.64,32,111.0,1223.0,47.0,5.0,22.91,83.5,-3.0,31.4,31.8
191.729,32,111.0,1223.0,47.0,5.0,22.74,83.5,-3.0,31.4,31.8
191.79,32,111.0,1223.0,47.0,5.0,22.74,83.5,-3.0,31.4,31.8
191.881,32,111.0,1223.0,47.0,5.0,22.74,83.5,-3.0,31.4,31.8
191.974,32,111.0,1223.0,47.0,5.0,22.74,83.5,-3.0,31.4,31.8
192.06,32,111.0,1223.0,47.0,5.0,22.74,83.5,-3.0,31.4,31.4
192.15,32,111.0,1223.0,47.0,5.0,22.74,83.5,-3.0,31.4,31.4
192.24,32,108.0,1223.0,47.0,5.0,22.74,83.5,-3.0,31.4,31.4
192.33,32,108.0,1247.0,47.0,5.0,22.74,83.5,-3.0,31.4,31.4
192.391,32,108.0,1247.0,48.0,5.0,22.74,83.5,-3.0,31.4,31.4
192.481,32,108.0,1247.0,48.0,5.0,22.74,83.5,-3.0,31.4,31.4
192.543,32,108.0,1247.0,48.0,5.0,22.41,83.5,-3.0,31.4,31.4
192.63,32,108.0,1247.0,48.0,5.0,22.41,83.5,-3.0,31.4,31.4
192.692,32,108.0,1247.0,48.0,5.0,22.41,83.5,-3.0,31.4,31.4
192.78,32,108.0,1247.0,48.0,5.0,22.41,83.5,-3.0,14.1,31.4
192.845,32,108.0,1247.0,48.0,5.0,22.41,83.5,-3.0,14.1,14.5
192.931,32,108.0,1247.0,48.0,5.0,22.41,83.5,-3.0,14.1,14.5
192.993,32,102.0,1247.0,48.0,5.0,22.41,83.5,-3.0,14.1,14.5
193.08,32,102.0,1228.0,48.0,5.0,22.41,83.5,-3.0,14.1,14.5
193.141,32,102.0,1228.0,47.0,5.0,22.41,83.5,-3.0,14.1,14.5
193.231,32,102.0,1228.0,47.0,5.0,22.41,83.5,-3.0,14.1,14.5
193.293,32,102.0,1228.0,47.0,5.0,21.41,83.5,-3.0,14.1,14.5
193.381,32,102.0,1228.0,47.0,5.0,21.41,83.5,-3.0,14.1,14.5
193.444,32,102.0,1228.0,47.0,5.0,21.41,83.5,-3.0,14.1,14.5
193.53,32,102.0,1228.0,47.0,5.0,21.41,83.5,-3.0,14.1,14.5
193.592,32,102.0,1228.0,47.0,5.0,21.41,83.5,-3.0,14.1,14.5
193.68,32,102.0,1228.0,47.0,5.0,21.41,83.5,-3.0,14.1,14.5
193.743,32,103.0,1228.0,47.0,5.0,21.41,83.5,-3.0,14.1,14.5
193.831,32,103.0,1188.0,47.0,5.0,21.41,83.5,-3.0,14.1,14.5
193.893,32,103.0,1188.0,46.0,5.0,21.41,83.5,-3.0,14.1,14.5
193.98,32,103.0,1188.0,46.0,5.0,21.41,83.5,-3.0,14.1,14.5
194.04,32,103.0,1188.0,46.0,5.0,21.24,83.5,-3.0,14.1,14.5
194.13,32,103.0,1188.0,46.0,5.0,21.24,83.5,-3.0,14.1,14.5
194.19,32,103.0,1188.0,46.0,5.0,21.24,83.5,-4.0,14.1,14.5
194.279,32,103.0,1188.0,46.0,5.0,21.24,83.5,-4.0,14.1,14.5
194.34,32,103.0,1188.0,46.0,5.0,21.24,83.5,-4.0,14.1,14.5
194.43,33,103.0,1188.0,46.0,5.0,21.24,83.5,-4.0,14.1,14.5
194.491,33,106.0,1188.0,46.0,5.0,21.24,83.5,-4.0,14.1,14.5
194.58,33,106.0,1156.0,46.0,5.0,21.24,83.5,-4.0,14.1,14.5
194.699,33,106.0,1156.0,45.0,5.0,21.24,83.5,-4.0,14.1,14.5
194.789,33,106.0,1156.0,45.0,4.0,21.24,83.5,-4.0,14.1,14.5
194.88,33,106.0,1156.0,45.0,4.0,20.66,83.5,-4.0,14.1,14.5
194.974,33,106.0,1156.0,45.0,4.0,20.66,83.5,-4.0,14.1,14.5
195.03,33,106.0,1156.0,45.0,4.0,20.66,83.5,-4.0,14.1,14.5
195.09,33,106.0,1156.0,45.0,4.0,20.66,83.5,-4.0,14.1,14.5
195.181,33,106.0,1156.0,45.0,4.0,20.66,83.5,-4.0,14.1,14.5
195.243,33,106.0,1156.0,45.0,4.0,20.66,83.5,-4.0,14.1,14.5
195.33,33,106.0,1156.0,45.0,4.0,20.66,83.5,-4.0,14.1,14.5
195.398,33,106.0,1114.0,45.0,4.0,20.66,83.5,-4.0,14.1,14.5
195.48,33,106.0,1114.0,43.0,4.0,20.66,83.5,-4.0,14.1,14.5
195.543,33,106.0,1114.0,43.0,4.0,20.66,83.5,-4.0,14.1,14.5
195.631,33,106.0,1114.0,43.0,4.0,17.52,83.5,-4.0,14.1,14.5
195.693,33,106.0,1114.0,43.0,4.0,17.52,83.5,-4.0,14.1,14.5
195.78,33,106.0,1114.0,43.0,4.0,17.52,83.5,-4.0,14.1,14.5
195.9,33,106.0,1114.0,43.0,4.0,17.52,83.5,-4.0,14.1,14.5
195.99,33,106.0,1114.0,43.0,4.0,17.52,83.5,-4.0,14.1,14.5
196.08,33,106.0,1114.0,43.0,4.0,17.52,83.5,-4.0,14.1,14.5
196.171,33,107.0,1114.0,43.0,4.0,17.52,83.5,-4.0,14.1,14.5
196.231,33,107.0,1116.0,43.0,4.0,17.52,83.5,-4.0,14.1,14.5
196.291,33,107.0,1116.0,42.0,4.0,17.52,83.5,-4.0,14.1,14.5
196.38,33,107.0,1116.0,42.0,4.0,17.52,83.5,-4.0,14.1,14.5
196.441,33,107.0,1116.0,42.0,4.0,21.44,83.5,-4.0,14.1,14.5
196.56,33,107.0,1116.0,42.0,4.0,21.44,83.5,-4.0,14.1,14.5
196.649,33,107.0,1116.0,42.0,4.0,21.44,83.5,-4.0,14.1,14.5
196.74,33,107.0,1116.0,42.0,4.0,21.44,83.5,-4.0,14.1,14.5
196.83,33,107.0,1116.0,42.0,4.0,21.44,83.5,-4.0,14.1,14.5
196.893,33,107.0,1116.0,42.0,4.0,21.44,83.5,-4.0,14.1,14.5
196.983,33,100.0,1116.0,42.0,4.0,21.44,83.5,-4.0,14.1,14.5
197.04,33,100.0,1504.0,42.0,4.0,21.44,83.5,-4.0,14.1,14.5
197.13,33,100.0,1504.0,40.0,4.0,21.44,83.5,-4.0,14.1,14.5
197.191,33,100.0,1504.0,40.0,4.0,21.44,83.5,-4.0,14.1,14.5
197.284,33,100.0,1504.0,40.0,4.0,26.3,83.5,-4.0,14.1,14.5
197.342,33,100.0,1504.0,40.0,4.0,26.3,83.5,-4.0,14.1,14.5
197.43,33,100.0,1504.0,40.0,4.0,26.3,83.5,-4.0,14.1,14.5
197.493,33,100.0,1504.0,40.0,4.0,26.3,83.5,-4.0,14.1,14.5
197.58,33,100.0,1504.0,40.0,4.0,26.3,83.5,-4.0,14.1,14.5
197.641,33,100.0,1504.0,40.0,4.0,26.3,83.5,-4.0,14.1,14.5
197.73,33,104.0,1504.0,40.0,4.0,26.3,83.5,-4.0,14.1,14.5
197.791,33,104.0,1430.0,40.0,4.0,26.3,83.5,-4.0,14.1,14.5
197.88,33,104.0,1430.0,38.0,4.0,26.3,83.5,-4.0,14.1,14.5
197.941,33,104.0,1430.0,38.0,6.0,26.3,83.5,-4.0,14.1,14.5
198.03,33,104.0,1430.0,38.0,6.0,25.99,83.5,-4.0,14.1,14.5
198.091,33,104.0,1430.0,38.0,6.0,25.99,83.5,-4.0,14.1,14.5
198.18,33,104.0,1430.0,38.0,6.0,25.99,83.5,-4.0,14.1,14.5
198.243,33,104.0,1430.0,38.0,6.0,25.99,83.5,-4.0,14.1,14.5
198.33,33,104.0,1430.0,38.0,6.0,25.99,83.5,-4.0,14.1,14.5
198.394,33,104.0,1430.0,38.0,6.0,25.99,83.5,-4.0,14.1,14.5
198.48,33,108.0,1430.0,38.0,6.0,25.99,83.5,-4.0,14.1,14.5
198.542,33,108.0,1367.0,38.0,6.0,25.99,83.5,-4.0,14.1,14.5
198.63,33,108.0,1367.0,37.0,6.0,25.99,83.5,-4.0,14.1,14.5
198.693,33,108.0,1367.0,37.0,6.0,25.99,83.5,-4.0,14.1,14.5
198.78,33,108.0,1367.0,37.0,6.0,25.61,83.5,-4.0,14.1,14.5
198.842,33,108.0,1367.0,37.0,6.0,25.61,83.5,-4.0,14.1,14.5
198.93,33,108.0,1367.0,37.0,6.0,25.61,83.5,-4.0,14.1,14.5
198.992,33,108.0,1367.0,37.0,6.0,25.61,83.5,-4.0,14.1,14.5
199.079,33,108.0,1367.0,37.0,6.0,25.61,83.5,-4.0,14.1,14.5
199.142,33,108.0,1367.0,37.0,6.0,25.61,83.5,-4.0,14.1,14.5
199.23,33,109.0,1367.0,37.0,6.0,25.61,83.5,-4.0,14.1,14.5
199.292,33,109.0,1306.0,37.0,6.0,25.61,83.5,-4.0,14.1,14.5
199.38,33,109.0,1306.0,35.0,6.0,25.61,83.5,-4.0,14.1,14.5
199.441,33,109.0,1306.0,35.0,6.0,25.61,83.5,-4.0,14.1,14.5
199.53,33,109.0,1306.0,35.0,6.0,24.41,83.5,-4.0,14.1,14.5
199.596,33,109.0,1306.0,35.0,6.0,24.41,83.5,-4.0,14.1,14.5
199.68,33,109.0,1306.0,35.0,6.0,24.41,83.5,-4.0,14.1,14.5
199.741,33,109.0,1306.0,35.0,6.0,24.41,83.5,-4.0,14.1,14.5
199.831,33,109.0,1306.0,35.0,6.0,24.41,83.5,-4.0,14.1,14.5
199.893,33,109.0,1306.0,35.0,6.0,24.41,83.5,-4.0,14.1,14.5
199.982,33,109.0,1306.0,35.0,6.0,24.41,83.5,-4.0,14.1,14.5
200.041,33,109.0,1242.0,35.0,6.0,24.41,83.5,-4.0,14.1,14.5
200.131,33,109.0,1242.0,33.0,6.0,24.41,83.5,-4.0,14.1,14.5
200.191,33,109.0,1242.0,33.0,5.0,24.41,83.5,-4.0,14.1,14.5
200.28,33,109.0,1242.0,33.0,5.0,23.19,83.5,-4.0,14.1,14.5
200.341,33,109.0,1242.0,33.0,5.0,23.19,83.5,-4.0,14.1,14.5
200.429,33,109.0,1242.0,33.0,5.0,23.19,83.5,-4.0,14.1,14.5
200.49,33,109.0,1242.0,33.0,5.0,23.19,83.5,-4.0,14.1,14.5
200.579,33,109.0,1242.0,33.0,5.0,23.19,83.5,-4.0,14.1,14.5
200.642,33,109.0,1242.0,33.0,5.0,23.19,83.5,-4.0,14.1,14.5
200.73,33,108.0,1242.0,33.0,5.0,23.19,83.5,-4.0,14.1,14.5
200.792,33,108.0,1178.0,33.0,5.0,23.19,83.5,-4.0,14.1,14.5
200.88,33,108.0,1178.0,31.0,5.0,23.19,83.5,-4.0,14.1,14.5
200.942,33,108.0,1178.0,31.0,5.0,23.19,83.5,-4.0,14.1,14.5
201.029,33,108.0,1178.0,31.0,5.0,21.63,83.5,-4.0,14.1,14.5
201.091,33,108.0,1178.0,31.0,5.0,21.63,83.5,-4.0,14.1,14.5
201.18,33,108.0,1178.0,31.0,5.0,21.63,83.5,-4.0,14.1,14.5
201.242,33,108.0,1178.0,31.0,5.0,21.63,83.5,-4.0,14.1,14.5
201.33,33,108.0,1178.0,31.0,5.0,21.63,83.5,-4.0,14.1,14.5
201.392,33,108.0,1178.0,31.0,5.0,21.63,83.5,-4.0,14.1,14.5
201.48,33,108.0,1178.0,31.0,5.0,21.63,83.5,-4.0,14.1,14.5
201.6,33,108.0,1010.0,31.0,5.0,21.63,83.5,-4.0,14.1,14.5
201.69,33,108.0,1010.0,30.0,5.0,21.63,83.5,-4.0,14.1,14.5
201.78,33,108.0,1010.0,30.0,4.0,21.63,83.5,-4.0,14.1,14.5
201.842,33,108.0,1010.0,30.0,4.0,18.36,83.5,-4.0,14.1,14.5
201.93,33,108.0,1010.0,30.0,4.0,18.36,83.5,-4.0,14.1,14.5
201.99,33,108.0,1010.0,30.0,4.0,18.36,83.5,-4.0,14.1,14.5
202.08,33,108.0,1010.0,30.0,4.0,18.36,83.5,-4.0,14.1,14.5
202.141,33,108.0,1010.0,30.0,4.0,18.36,83.5,-4.0,14.1,14.5
202.231,33,108.0,1010.0,30.0,4.0,18.36,83.5,-4.0,14.1,14.5
202.293,33,107.0,1010.0,30.0,4.0,18.36,83.5,-4.0,14.1,14.5
202.381,33,107.0,1028.0,30.0,4.0,18.36,83.5,-4.0,14.1,14.5
202.442,33,107.0,1028.0,26.0,4.0,18.36,83.5,-4.0,14.1,14.5
202.53,33,107.0,1028.0,26.0,4.0,18.36,83.5,-4.0,14.1,14.5
202.592,33,107.0,1028.0,26.0,4.0,18.77,83.5,-4.0,14.1,14.5
202.681,33,107.0,1028.0,26.0,4.0,18.77,83.5,-4.0,14.1,14.5
202.744,33,107.0,1028.0,26.0,4.0,18.77,83.5,-4.0,14.1,14.5
202.83,33,107.0,1028.0,26.0,4.0,18.77,83.5,-4.0,14.1,14.5
202.891,33,107.0,1028.0,26.0,4.0,18.77,83.5,-4.0,14.1,14.5
202.98,33,107.0,1028.0,26.0,4.0,18.77,83.5,-4.0,14.1,14.5
203.1,33,107.0,1028.0,26.0,4.0,18.77,83.5,-4.0,14.1,14.5
203.189,33,107.0,1031.0,26.0,4.0,18.77,83.5,-4.0,14.1,14.5
203.279,33,107.0,1031.0,22.0,4.0,18.77,83.5,-4.0,14.1,14.5
203.34,33,107.0,1031.0,22.0,4.0,18.77,83.5,-4.0,14.1,14.5
203.429,33,107.0,1031.0,22.0,4.0,18.49,83.5,-4.0,14.1,14.5
203.49,33,107.0,1031.0,22.0,4.0,18.49,83.5,-4.0,14.1,14.5
203.58,33,107.0,1031.0,22.0,4.0,18.49,83.5,-4.0,14.1,14.5
203.641,33,107.0,1031.0,22.0,4.0,18.49,83.5,-4.0,14.1,14.5
203.73,33,107.0,1031.0,22.0,4.0,18.49,83.5,-4.0,14.1,14.5
203.793,33,107.0,1031.0,22.0,4.0,18.49,83.5,-4.0,14.1,14.5
203.88,33,107.0,1031.0,22.0,4.0,18.49,83.5,-4.0,14.1,14.5
203.94,33,107.0,1033.0,22.0,4.0,18.49,83.5,-4.0,14.1,14.5
204.03,33,107.0,1033.0,17.0,4.0,18.49,83.5,-4.0,14.1,14.5
204.091,33,107.0,1033.0,17.0,4.0,18.49,83.5,-4.0,14.1,14.5
204.18,33,107.0,1033.0,17.0,4.0,18.63,83.5,-4.0,14.1,14.5
204.271,33,107.0,1033.0,17.0,4.0,18.63,83.5,-4.0,14.1,14.5
204.361,33,107.0,1033.0,17.0,4.0,18.63,83.5,-4.0,14.1,14.5
204.423,33,107.0,1033.0,17.0,4.0,18.63,83.5,-4.0,14.1,14.5
204.482,33,107.0,1033.0,17.0,4.0,18.63,83.5,-4.0,14.1,14.5
204.572,33,107.0,1033.0,17.0,4.0,18.63,83.5,-4.0,14.1,14.5
204.633,33,107.0,1033.0,17.0,4.0,18.63,83.5,-4.0,14.1,14.5
204.691,33,107.0,1034.0,17.0,4.0,18.63,83.5,-4.0,14.1,14.5
204.78,33,107.0,1034.0,12.0,4.0,18.63,83.5,-4.0,14.1,14.5
204.844,33,107.0,1034.0,12.0,4.0,18.63,83.5,-4.0,14.1,14.5
204.932,33,107.0,1034.0,12.0,4.0,18.69,83.5,-4.0,14.1,14.5
204.991,33,107.0,1034.0,12.0,4.0,18.69,83.5,-4.0,14.1,14.5
205.079,33,107.0,1034.0,12.0,4.0,18.69,83.5,-4.0,14.1,14.5
205.142,33,107.0,1034.0,12.0,4.0,18.69,83.5,-4.0,14.1,14.5
205.23,33,107.0,1034.0,12.0,4.0,18.69,83.5,-4.0,14.1,14.5
205.292,34,107.0,1034.0,12.0,4.0,18.69,83.5,-4.0,14.1,14.5
205.381,34,107.0,1034.0,12.0,4.0,18.69,83.5,-4.0,14.1,14.5
205.442,34,107.0,1037.0,12.0,4.0,18.69,83.5,-4.0,14.1,14.5
205.53,34,107.0,1037.0,7.0,4.0,18.69,83.5,-4.0,14.1,14.5
205.591,34,107.0,1037.0,7.0,4.0,18.69,83.5,-4.0,14.1,14.5
205.68,34,107.0,1037.0,7.0,4.0,18.58,83.5,-4.0,14.1,14.5
205.741,34,107.0,1037.0,7.0,4.0,18.58,83.5,-4.0,14.1,14.5
205.831,34,107.0,1037.0,7.0,4.0,18.58,83.5,-4.0,14.1,14.5
205.891,34,107.0,1037.0,7.0,4.0,18.58,83.5,-4.0,14.1,14.5
205.98,34,107.0,1037.0,7.0,4.0,18.58,83.5,-4.0,14.1,14.5
206.04,34,107.0,1037.0,7.0,4.0,18.58,83.5,-4.0,14.1,14.5
206.131,34,107.0,1037.0,7.0,4.0,18.58,83.5,-4.0,14.1,14.5
206.19,34,107.0,1036.0,7.0,4.0,18.58,83.5,-4.0,14.1,14.5
206.28,34,107.0,1036.0,2.0,4.0,18.58,83.5,-4.0,14.1,14.5
206.34,34,107.0,1036.0,2.0,4.0,18.58,83.5,-4.0,14.1,14.5
206.43,34,107.0,1036.0,2.0,4.0,18.55,83.5,-4.0,14.1,14.5
206.549,34,107.0,1036.0,2.0,4.0,18.55,83.5,-4.0,14.1,14.5
206.64,34,107.0,1036.0,2.0,4.0,18.55,83.5,-4.0,14.1,14.5
206.73,34,107.0,1036.0,2.0,4.0,18.55,83.5,-4.0,14.1,14.5
206.792,34,107.0,1036.0,2.0,4.0,18.55,83.5,-4.0,14.1,14.5
206.88,34,107.0,1036.0,2.0,4.0,18.55,83.5,-4.0,14.1,14.5
206.943,34,108.0,1036.0,2.0,4.0,18.55,83.5,-4.0,14.1,14.5
207.029,34,108.0,1036.0,2.0,4.0,18.55,83.5,-4.0,14.1,14.5
207.09,34,108.0,1036.0,1.0,4.0,18.55,83.5,-4.0,14.1,14.5
207.18,34,108.0,1036.0,1.0,4.0,18.55,83.5,-4.0,14.1,14.5
207.242,34,108.0,1036.0,1.0,4.0,18.8,83.5,-4.0,14.1,14.5
207.333,34,108.0,1036.0,1.0,4.0,18.8,83.5,-4.0,14.1,14.5
207.391,34,108.0,1036.0,1.0,4.0,18.8,83.5,-4.0,14.1,14.5
207.48,34,108.0,1036.0,1.0,4.0,18.8,83.5,-4.0,14.1,14.5
207.541,34,108.0,1036.0,1.0,4.0,18.8,83.5,-4.0,14.1,14.5
207.63,34,108.0,1036.0,1.0,4.0,18.8,83.5,-4.0,14.1,14.5
207.693,34,108.0,1036.0,1.0,4.0,18.8,83.5,-4.0,14.1,14.5
207.78,34,108.0,1039.0,1.0,4.0,18.8,83.5,-4.0,14.1,14.5
207.842,34,108.0,1039.0,0.0,4.0,18.8,83.5,-4.0,14.1,14.5
207.93,34,108.0,1039.0,0.0,4.0,18.8,83.5,-4.0,14.1,14.5
207.992,34,108.0,1039.0,0.0,4.0,18.83,83.5,-4.0,14.1,14.5
208.079,34,108.0,1039.0,0.0,4.0,18.83,83.5,-4.0,14.1,14.5
208.141,34,108.0,1039.0,0.0,4.0,18.83,83.5,-4.0,14.1,14.5
208.23,34,108.0,1039.0,0.0,4.0,18.83,83.5,-4.0,14.1,14.5
208.295,34,108.0,1039.0,0.0,4.0,18.83,83.5,-4.0,14.1,14.5
208.38,34,108.0,1039.0,0.0,4.0,18.83,83.5,-4.0,14.1,14.5
208.441,34,108.0,1039.0,0.0,4.0,18.83,83.5,-4.0,14.1,14.5
208.53,34,108.0,1038.0,0.0,4.0,18.83,83.5,-4.0,14.1,14.5
208.592,34,108.0,1038.0,0.0,4.0,18.83,83.5,-4.0,14.1,14.5
208.68,34,108.0,1038.0,0.0,4.0,18.83,83.5,-4.0,14.1,14.5
208.742,34,108.0,1038.0,0.0,4.0,18.77,83.5,-4.0,14.1,14.5
208.83,34,108.0,1038.0,0.0,4.0,18.77,83.5,-4.0,14.1,14.5
208.893,34,108.0,1038.0,0.0,4.0,18.77,83.5,-4.0,14.1,14.5
208.984,34,108.0,1038.0,0.0,4.0,18.77,83.5,-4.0,14.1,14.5
209.1,34,108.0,1038.0,0.0,4.0,18.77,83.5,-4.0,14.1,14.5
209.19,34,108.0,1038.0,0.0,4.0,18.77,83.5,-4.0,14.1,14.5
209.28,34,108.0,1038.0,0.0,4.0,18.77,83.5,-4.0,14.1,14.5
209.371,34,108.0,1038.0,0.0,4.0,18.77,83.5,-4.0,14.1,14.5
209.432,34,108.0,1038.0,0.0,4.0,18.77,83.5,-4.0,14.1,14.5
209.492,34,108.0,1038.0,0.0,4.0,18.77,83.5,-4.0,14.1,14.5
209.58,34,108.0,1038.0,0.0,4.0,18.83,83.5,-4.0,14.1,14.5
209.673,34,108.0,1038.0,0.0,4.0,18.83,83.5,-4.0,14.1,14.5
209.79,34,108.0,1038.0,0.0,4.0,18.83,83.5,-4.0,14.1,14.5
209.881,34,108.0,1038.0,0.0,4.0,18.83,83.5,-4.0,14.1,14.5
209.971,34,108.0,1038.0,0.0,4.0,18.83,83.5,-4.0,14.1,14.5
210.038,34,108.0,1038.0,0.0,4.0,18.83,83.5,-4.0,14.1,14.5
210.09,34,108.0,1038.0,0.0,4.0,18.83,83.5,-4.0,14.1,14.5
210.179,34,108.0,1039.0,0.0,4.0,18.83,83.5,-4.0,14.1,14.5
210.27,34,108.0,1039.0,0.0,4.0,18.83,83.5,-4.0,14.1,14.5
210.331,34,108.0,1039.0,0.0,4.0,18.83,83.5,-4.0,14.1,14.5
210.39,34,108.0,1039.0,0.0,4.0,18.86,83.5,-4.0,14.1,14.5
210.48,34,108.0,1039.0,0.0,4.0,18.86,83.5,-4.0,14.1,14.5
210.54,34,108.0,1039.0,0.0,4.0,18.86,83.5,-4.0,14.1,14.5
210.63,34,108.0,1039.0,0.0,4.0,18.86,83.5,-4.0,14.1,14.5
210.695,34,108.0,1039.0,0.0,4.0,18.86,83.5,-4.0,14.1,14.5
210.781,34,108.0,1039.0,0.0,4.0,18.86,83.5,-4.0,14.1,14.5
210.843,34,108.0,1039.0,0.0,4.0,18.86,83.5,-4.0,14.1,14.5
210.93,34,108.0,1039.0,0.0,4.0,18.86,83.5,-4.0,14.1,14.5
210.992,34,108.0,1039.0,0.0,4.0,18.86,83.5,-4.0,14.1,14.5
211.08,34,108.0,1039.0,0.0,4.0,18.86,83.5,-4.0,14.1,14.5
211.14,34,108.0,1039.0,0.0,4.0,19.05,83.5,-4.0,14.1,14.5
211.23,34,108.0,1039.0,0.0,4.0,19.05,83.5,-4.0,14.1,14.5
211.29,34,108.0,1039.0,0.0,4.0,19.05,83.5,-4.0,14.1,14.5
211.38,34,108.0,1039.0,0.0,4.0,19.05,83.5,-4.0,14.1,14.5
211.441,34,108.0,1039.0,0.0,4.0,19.05,83.5,-4.0,14.1,14.1
211.53,34,108.0,1039.0,0.0,4.0,19.05,83.5,-4.0,14.1,14.1
211.592,34,108.0,1039.0,0.0,4.0,19.05,83.5,-4.0,14.1,14.1
211.681,34,108.0,1039.0,0.0,4.0,19.05,83.5,-4.0,14.1,14.1
211.742,34,108.0,1039.0,0.0,4.0,19.05,83.5,-4.0,14.1,14.1
211.83,34,108.0,1039.0,0.0,5.0,19.05,83.5,-4.0,14.1,14.1
211.891,34,108.0,1039.0,0.0,5.0,18.94,83.5,-4.0,14.1,14.1
211.981,34,108.0,1039.0,0.0,5.0,18.94,83.5,-4.0,14.1,14.1
212.04,34,108.0,1039.0,0.0,5.0,18.94,83.5,-4.0,14.1,14.1
212.13,34,108.0,1039.0,0.0,5.0,18.94,83.5,-4.0,14.1,14.1
212.191,34,108.0,1039.0,0.0,5.0,18.94,83.5,-4.0,14.1,14.5
212.279,34,108.0,1039.0,0.0,5.0,18.94,83.5,-4.0,14.1,14.5
212.34,34,108.0,1039.0,0.0,5.0,18.94,83.5,-4.0,14.1,14.5
212.429,34,108.0,1040.0,0.0,5.0,18.94,83.5,-4.0,14.1,14.5
212.49,34,108.0,1040.0,0.0,5.0,18.94,83.5,-4.0,14.1,14.5
212.579,34,108.0,1040.0,0.0,5.0,18.94,83.5,-4.0,14.1,14.5
212.64,34,108.0,1040.0,0.0,5.0,18.74,83.5,-4.0,14.1,14.5
212.73,34,108.0,1040.0,0.0,5.0,18.74,83.5,-4.0,14.1,14.5
212.791,34,108.0,1040.0,0.0,5.0,18.74,83.5,-4.0,14.1,14.5
212.88,34,108.0,1040.0,0.0,5.0,18.74,83.5,-4.0,14.1,14.5
212.941,34,108.0,1040.0,0.0,5.0,18.74,83.5,-4.0,14.1,14.5
213.031,34,108.0,1040.0,0.0,5.0,18.74,83.5,-4.0,14.1,14.5
213.15,34,108.0,1040.0,0.0,5.0,18.74,83.5,-4.0,14.1,14.5
213.241,34,108.0,1039.0,0.0,5.0,18.74,83.5,-4.0,14.1,14.5
213.331,34,108.0,1039.0,0.0,5.0,18.74,83.5,-4.0,14.1,14.5
213.397,34,108.0,1039.0,0.0,5.0,18.74,83.5,-4.0,14.1,14.5
213.48,34,108.0,1039.0,0.0,5.0,18.91,83.5,-4.0,14.1,14.5
213.573,34,108.0,1039.0,0.0,5.0,18.91,83.5,-4.0,14.1,14.5
213.632,34,108.0,1039.0,0.0,5.0,18.91,83.5,-4.0,14.1,14.5
213.691,34,108.0,1039.0,0.0,5.0,18.91,83.5,-4.0,14.1,14.5
213.78,34,108.0,1039.0,0.0,5.0,18.91,83.5,-4.0,14.1,14.5
213.87,34,108.0,1039.0,0.0,5.0,18.91,83.5,-4.0,14.1,14.5
213.932,34,108.0,1039.0,0.0,5.0,18.91,83.5,-4.0,14.1,14.5
214.021,34,108.0,1039.0,0.0,5.0,18.91,83.5,-4.0,14.1,14.5
214.081,34,108.0,1039.0,0.0,5.0,18.91,83.5,-4.0,14.1,14.5
214.17,34,108.0,1039.0,0.0,5.0,18.91,83.5,-4.0,14.1,14.5
214.231,34,108.0,1039.0,0.0,5.0,19.05,83.5,-4.0,14.1,14.5
214.32,34,108.0,1039.0,0.0,5.0,19.05,83.5,-4.0,14.1,14.5
214.382,34,108.0,1039.0,0.0,5.0,19.05,83.5,-4.0,14.1,14.5
214.471,34,108.0,1039.0,0.0,5.0,19.05,83.5,-4.0,14.1,14.5
214.532,34,108.0,1039.0,0.0,5.0,19.05,83.5,-4.0,14.1,14.5
214.62,34,108.0,1039.0,0.0,5.0,19.05,83.5,-4.0,14.1,14.5
214.681,34,108.0,1039.0,0.0,5.0,19.05,83.5,-4.0,14.1,14.5
214.77,34,108.0,1040.0,0.0,5.0,19.05,83.5,-4.0,14.1,14.5
214.832,34,108.0,1040.0,0.0,5.0,19.05,83.5,-4.0,14.1,14.5
214.92,34,108.0,1040.0,0.0,5.0,19.05,83.5,-4.0,14.1,14.5
214.984,34,108.0,1040.0,0.0,5.0,18.63,83.5,-4.0,14.1,14.5
215.069,34,108.0,1040.0,0.0,5.0,18.63,83.5,-4.0,14.1,14.5
215.131,34,108.0,1040.0,0.0,5.0,18.63,83.5,-4.0,14.1,14.5
215.222,34,108.0,1040.0,0.0,5.0,18.63,83.5,-4.0,14.1,14.5
215.281,34,108.0,1040.0,0.0,5.0,18.63,83.5,-4.0,14.1,14.5
215.37,34,108.0,1040.0,0.0,5.0,18.63,83.5,-4.0,14.1,14.5
215.431,34,108.0,1040.0,0.0,5.0,18.63,83.5,-4.0,14.1,14.5
215.52,34,108.0,1039.0,0.0,5.0,18.63,83.5,-4.0,14.1,14.5
215.582,34,108.0,1039.0,0.0,5.0,18.63,83.5,-4.0,14.1,14.5
215.67,34,108.0,1039.0,0.0,5.0,18.63,83.5,-4.0,14.1,14.5
215.734,34,108.0,1039.0,0.0,5.0,18.69,83.5,-4.0,14.1,14.5
215.821,34,108.0,1039.0,0.0,5.0,18.69,83.5,-4.0,14.1,14.5
215.882,34,108.0,1039.0,0.0,5.0,18.69,83.5,-4.0,14.1,14.5
215.972,34,108.0,1039.0,0.0,5.0,18.69,83.5,-4.0,14.1,14.5
216.03,34,108.0,1039.0,0.0,5.0,18.69,83.5,-4.0,14.1,14.5
216.12,34,108.0,1039.0,0.0,5.0,18.69,83.5,-4.0,14.1,14.5
216.181,34,108.0,1039.0,0.0,5.0,18.69,83.5,-4.0,14.1,14.5
216.27,34,108.0,1042.0,0.0,5.0,18.69,83.5,-4.0,14.1,14.5
216.333,34,108.0,1042.0,0.0,5.0,18.69,83.5,-4.0,14.1,14.5
216.422,34,108.0,1042.0,0.0,5.0,18.69,83.5,-4.0,14.1,14.5
216.481,34,108.0,1042.0,0.0,5.0,19.02,83.5,-4.0,14.1,14.5
216.543,34,108.0,1042.0,0.0,5.0,19.02,83.5,-4.0,14.1,14.5
216.63,34,108.0,1042.0,0.0,5.0,19.02,83.5,-4.0,14.1,14.5
216.72,34,108.0,1042.0,0.0,5.0,19.02,83.5,-4.0,14.1,14.5
216.782,34,108.0,1042.0,0.0,5.0,19.02,83.5,-4.0,14.1,14.5
216.844,34,108.0,1042.0,0.0,5.0,19.02,83.5,-4.0,14.1,14.5
216.93,34,108.0,1042.0,0.0,5.0,19.02,83.5,-4.0,14.1,14.5
216.991,34,108.0,1040.0,0.0,5.0,19.02,83.5,-4.0,14.1,14.5
217.079,34,108.0,1040.0,0.0,5.0,19.02,83.5,-4.0,14.1,14.5
217.141,34,108.0,1040.0,0.0,5.0,19.02,83.5,-4.0,14.1,14.5
217.229,34,108.0,1040.0,0.0,5.0,19.36,83.5,-4.0,14.1,14.5
217.291,34,108.0,1040.0,0.0,5.0,19.36,83.5,-4.0,14.1,14.5
217.38,34,108.0,1040.0,0.0,5.0,19.36,83.5,-4.0,14.1,14.5
217.442,34,108.0,1040.0,0.0,5.0,19.36,83.5,-4.0,14.1,14.5
217.53,34,108.0,1040.0,0.0,5.0,19.36,83.5,-4.0,14.1,14.5
217.592,34,108.0,1040.0,0.0,5.0,19.36,83.5,-4.0,14.1,14.5
217.682,34,108.0,1040.0,0.0,5.0,19.36,83.5,-4.0,14.1,14.5
217.743,34,108.0,1041.0,0.0,5.0,19.36,83.5,-4.0,14.1,14.5
217.83,34,108.0,1041.0,0.0,5.0,19.36,83.5,-4.0,14.1,14.5
217.892,34,108.0,1041.0,0.0,5.0,19.36,83.5,-4.0,14.1,14.5
217.981,34,108.0,1041.0,0.0,5.0,18.88,83.5,-4.0,14.1,14.5
218.041,34,108.0,1041.0,0.0,5.0,18.88,83.5,-4.0,14.1,14.5
218.131,34,108.0,1041.0,0.0,5.0,18.88,83.5,-4.0,14.1,14.5
218.192,34,108.0,1041.0,0.0,5.0,18.88,83.5,-4.0,14.1,14.5
218.28,34,108.0,1041.0,0.0,5.0,18.88,83.5,-4.0,14.1,14.5
218.342,35,108.0,1041.0,0.0,5.0,18.88,83.5,-4.0,14.1,14.5
218.429,35,108.0,1041.0,0.0,5.0,18.88,83.5,-4.0,14.1,14.5
218.519,35,108.0,1040.0,0.0,5.0,18.88,83.5,-4.0,14.1,14.5
218.61,35,108.0,1040.0,0.0,5.0,18.88,83.5,-4.0,14.1,14.5
218.7,35,108.0,1040.0,0.0,5.0,18.88,83.5,-4.0,14.1,14.5
218.79,35,108.0,1040.0,0.0,5.0,18.99,83.5,-4.0,14.1,14.5
218.88,35,108.0,1040.0,0.0,5.0,18.99,83.5,-4.0,14.1,14.5
218.97,35,108.0,1040.0,0.0,5.0,18.99,83.5,-4.0,14.1,14.5
219.059,35,108.0,1040.0,0.0,5.0,18.99,83.5,-4.0,14.1,14.5
219.15,35,108.0,1040.0,0.0,5.0,18.99,83.5,-4.0,14.1,14.5
219.24,35,108.0,1040.0,0.0,5.0,18.99,83.5,-4.0,14.1,14.5
219.33,35,108.0,1040.0,0.0,5.0,18.99,83.5,-4.0,14.1,14.5
219.422,35,108.0,1042.0,0.0,5.0,18.99,83.5,-4.0,14.1,14.5
219.51,35,108.0,1042.0,0.0,5.0,18.99,83.5,-4.0,14.1,14.5
219.6,35,108.0,1042.0,0.0,5.0,18.99,83.5,-4.0,14.1,14.5
219.69,35,108.0,1042.0,0.0,5.0,18.94,83.5,-4.0,14.1,14.5
219.78,35,108.0,1042.0,0.0,5.0,18.94,83.5,-4.0,14.1,14.5
219.87,35,108.0,1042.0,0.0,5.0,18.94,83.5,-4.0,14.1,14.5
219.96,35,108.0,1042.0,0.0,5.0,18.94,83.5,-4.0,14.1,14.5
220.049,35,108.0,1042.0,0.0,5.0,18.94,83.5,-4.0,14.1,14.5
220.141,35,108.0,1042.0,0.0,5.0,18.94,83.5,-4.0,14.1,14.5
220.23,35,108.0,1042.0,0.0,5.0,18.94,83.5,-4.0,14.1,14.5
220.32,35,108.0,1040.0,0.0,5.0,18.94,83.5,-4.0,14.1,14.5
220.409,35,108.0,1040.0,0.0,5.0,18.94,83.5,-4.0,14.1,14.5
220.5,35,108.0,1040.0,0.0,5.0,18.94,83.5,-4.0,14.1,14.5
220.59,35,108.0,1040.0,0.0,5.0,19.05,83.5,-4.0,14.1,14.5
220.68,35,108.0,1040.0,0.0,5.0,19.05,83.5,-4.0,14.1,14.5
220.772,35,108.0,1040.0,0.0,5.0,19.05,83.5,-4.0,14.1,14.5
220.861,35,108.0,1040.0,0.0,5.0,19.05,83.5,-4.0,14.1,14.5
220.95,35,108.0,1040.0,0.0,5.0,19.05,83.5,-4.0,14.1,14.1
221.039,35,108.0,1040.0,0.0,5.0,19.05,83.5,-4.0,14.1,14.1
221.13,35,108.0,1040.0,0.0,5.0,19.05,83.5,-4.0,14.1,14.1
221.222,35,108.0,1039.0,0.0,5.0,19.05,83.5,-4.0,14.1,14.1
221.31,35,108.0,1039.0,0.0,5.0,19.05,83.5,-4.0,14.1,14.1
221.4,35,108.0,1039.0,0.0,5.0,19.05,83.5,-4.0,14.1,14.1
221.49,35,108.0,1039.0,0.0,5.0,19.02,83.5,-4.0,14.1,14.1
221.581,35,108.0,1039.0,0.0,5.0,19.02,83.5,-4.0,14.1,14.1
221.67,35,108.0,1039.0,0.0,5.0,19.02,83.5,-4.0,14.1,14.1
221.76,35,108.0,1039.0,0.0,5.0,19.02,83.5,-4.0,14.1,14.1
221.849,35,108.0,1039.0,0.0,5.0,19.02,83.5,-4.0,14.1,14.5
221.94,35,108.0,1039.0,0.0,5.0,19.02,83.5,-4.0,14.1,14.5
222.03,35,108.0,1039.0,0.0,5.0,19.02,83.5,-4.0,14.1,14.5
222.12,35,108.0,1041.0,0.0,5.0,19.02,83.5,-4.0,14.1,14.5
222.21,35,108.0,1041.0,0.0,5.0,19.02,83.5,-4.0,14.1,14.5
222.3,35,108.0,1041.0,0.0,5.0,19.02,83.5,-4.0,14.1,14.5
222.39,35,108.0,1041.0,0.0,5.0,18.97,83.5,-4.0,14.1,14.5
222.48,35,108.0,1041.0,0.0,5.0,18.97,83.5,-4.0,14.1,14.5
222.57,35,108.0,1041.0,0.0,5.0,18.97,83.5,-4.0,14.1,14.5
222.66,35,108.0,1041.0,0.0,5.0,18.97,83.5,-4.0,14.1,14.5
222.75,35,108.0,1041.0,0.0,5.0,18.97,83.5,-4.0,14.1,14.5
222.84,35,108.0,1041.0,0.0,5.0,18.97,83.5,-4.0,14.1,14.5
222.931,35,108.0,1041.0,0.0,5.0,18.97,83.5,-4.0,14.1,14.5
223.021,35,108.0,1039.0,0.0,5.0,18.97,83.5,-4.0,14.1,14.5
223.111,35,108.0,1039.0,0.0,5.0,18.97,83.5,-4.0,14.1,14.5
223.2,35,108.0,1039.0,0.0,5.0,18.97,83.5,-4.0,14.1,14.5
223.291,35,108.0,1039.0,0.0,5.0,18.86,83.5,-4.0,14.1,14.5
223.38,35,108.0,1039.0,0.0,5.0,18.86,83.5,-4.0,14.1,14.5
223.47,35,108.0,1039.0,0.0,5.0,18.86,83.5,-4.0,14.1,14.5
223.562,35,108.0,1039.0,0.0,5.0,18.86,83.5,-4.0,14.1,14.5
223.68,35,108.0,1039.0,0.0,5.0,18.86,83.5,-4.0,14.1,14.5
223.77,35,108.0,1039.0,0.0,5.0,18.86,83.5,-4.0,14.1,14.5
223.861,35,108.0,1039.0,0.0,5.0,18.86,83.5,-4.0,14.1,14.5
223.951,35,108.0,1039.0,0.0,5.0,18.86,83.5,-4.0,14.1,14.5
224.044,35,108.0,1039.0,0.0,5.0,18.86,83.5,-4.0,14.1,14.5
224.13,35,108.0,1039.0,0.0,5.0,18.86,83.5,-4.0,14.1,14.5
224.22,35,108.0,1039.0,0.0,5.0,18.99,83.5,-4.0,14.1,14.5
224.312,35,108.0,1039.0,0.0,5.0,18.99,83.5,-4.0,14.1,14.5
224.401,35,108.0,1039.0,0.0,5.0,18.99,83.5,-4.0,14.1,14.5
224.489,35,108.0,1039.0,0.0,5.0,18.99,83.5,-4.0,14.1,14.5
224.579,35,108.0,1039.0,0.0,5.0,18.99,83.5,-4.0,14.1,14.5
224.67,35,108.0,1039.0,0.0,5.0,18.99,83.5,-4.0,14.1,14.5
224.761,35,108.0,1039.0,0.0,5.0,18.99,83.5,-4.0,14.1,14.5
224.851,35,108.0,1040.0,0.0,5.0,18.99,83.5,-4.0,14.1,14.5
224.94,35,108.0,1040.0,0.0,5.0,18.99,83.5,-4.0,14.1,14.5
225.03,35,108.0,1040.0,0.0,5.0,18.99,83.5,-4.0,14.1,14.5
225.119,35,108.0,1040.0,0.0,5.0,19.05,83.5,-4.0,14.1,14.5
225.211,35,108.0,1040.0,0.0,5.0,19.05,83.5,-4.0,14.1,14.5
225.301,35,108.0,1040.0,0.0,5.0,19.05,83.5,-4.0,14.1,14.5
225.39,35,108.0,1040.0,0.0,5.0,19.05,83.5,-4.0,14.1,14.5
225.48,35,108.0,1040.0,0.0,5.0,19.05,83.5,-4.0,14.1,14.5
225.57,35,108.0,1040.0,0.0,5.0,19.05,83.5,-4.0,14.1,14.5
225.664,35,108.0,1040.0,0.0,5.0,19.05,83.5,-4.0,14.1,14.5
225.751,35,108.0,1043.0,0.0,5.0,19.05,83.5,-4.0,14.1,14.5
225.84,35,108.0,1043.0,0.0,5.0,19.05,83.5,-4.0,14.1,14.5
225.93,35,108.0,1043.0,0.0,5.0,19.05,83.5,-4.0,14.1,14.5
226.03,35,108.0,1043.0,0.0,5.0,19.16,83.5,-4.0,14.1,14.5
226.11,35,108.0,1043.0,0.0,5.0,19.16,83.5,-4.0,14.1,14.5
226.199,35,108.0,1043.0,0.0,5.0,19.16,83.5,-4.0,14.1,14.5
226.29,35,108.0,1043.0,0.0,5.0,19.16,83.5,-4.0,14.1,14.5
226.38,35,108.0,1043.0,0.0,5.0,19.16,83.5,-4.0,14.1,14.5
226.47,35,108.0,1043.0,0.0,5.0,19.16,83.5,-4.0,14.1,14.5
226.56,35,108.0,1043.0,0.0,5.0,19.16,83.5,-4.0,14.1,14.5
226.65,35,108.0,1042.0,0.0,5.0,19.16,83.5,-4.0,14.1,14.5
226.74,35,108.0,1042.0,0.0,5.0,19.16,83.5,-4.0,14.1,14.5
226.83,35,108.0,1042.0,0.0,5.0,19.16,83.5,-4.0,14.1,14.5
226.922,35,108.0,1042.0,0.0,5.0,19.05,83.5,-4.0,14.1,14.5
227.018,35,108.0,1042.0,0.0,5.0,19.05,83.5,-4.0,14.1,14.5
227.1,35,108.0,1042.0,0.0,5.0,19.05,83.5,-4.0,14.1,14.5
227.19,35,108.0,1042.0,0.0,5.0,19.05,83.5,-4.0,14.1,14.5
227.28,35,108.0,1042.0,0.0,5.0,19.05,83.5,-4.0,14.1,14.5
227.371,35,108.0,1042.0,0.0,5.0,19.05,83.5,-4.0,14.1,14.5
227.46,35,108.0,1042.0,0.0,5.0,19.05,83.5,-4.0,14.1,14.5
227.55,35,108.0,1040.0,0.0,5.0,19.05,83.5,-4.0,14.1,14.5
227.64,35,108.0,1040.0,0.0,5.0,19.05,83.5,-4.0,14.1,14.5
227.73,35,108.0,1040.0,0.0,5.0,19.05,83.5,-4.0,14.1,14.5
227.822,35,108.0,1040.0,0.0,5.0,18.88,83.5,-4.0,14.1,14.5
227.911,35,108.0,1040.0,0.0,5.0,18.88,83.5,-4.0,14.1,14.5
227.999,35,108.0,1040.0,0.0,5.0,18.88,83.5,-4.0,14.1,14.5
228.089,35,108.0,1040.0,0.0,5.0,18.88,83.5,-4.0,14.1,14.5
228.18,35,108.0,1040.0,0.0,5.0,18.88,83.5,-4.0,14.1,14.5
228.27,35,108.0,1040.0,0.0,5.0,18.88,83.5,-4.0,14.1,14.5
228.36,35,108.0,1040.0,0.0,5.0,18.88,83.5,-4.0,14.1,14.5
228.45,35,108.0,1040.0,0.0,5.0,18.88,83.5,-4.0,14.1,14.5
228.54,35,108.0,1040.0,0.0,5.0,18.88,83.5,-4.0,14.1,14.5
228.631,35,108.0,1040.0,0.0,5.0,18.88,83.5,-4.0,14.1,14.5
228.72,35,108.0,1040.0,0.0,5.0,19.05,83.5,-4.0,14.1,14.5
228.811,35,108.0,1040.0,0.0,5.0,19.05,83.5,-4.0,14.1,14.5
228.9,35,108.0,1040.0,0.0,5.0,19.05,83.5,-3.0,14.1,14.5
228.994,35,108.0,1040.0,0.0,5.0,19.05,83.5,-3.0,14.1,14.5
229.079,35,108.0,1040.0,0.0,5.0,19.05,83.5,-3.0,14.1,14.5
229.17,35,108.0,1040.0,0.0,5.0,19.05,83.5,-3.0,14.1,14.5
229.261,35,108.0,1040.0,0.0,5.0,19.05,83.5,-3.0,14.1,14.5
229.35,35,108.0,1039.0,0.0,5.0,19.05,83.5,-3.0,14.1,14.5
229.44,35,108.0,1039.0,0.0,5.0,19.05,83.5,-3.0,14.1,14.5
229.53,35,108.0,1039.0,0.0,5.0,19.05,83.5,-3.0,14.1,14.5
229.619,35,108.0,1039.0,0.0,5.0,18.86,83.5,-3.0,14.1,14.5
229.712,35,108.0,1039.0,0.0,5.0,18.86,83.5,-3.0,14.1,14.5
229.8,35,108.0,1039.0,0.0,5.0,18.86,83.5,-3.0,14.1,14.5
229.89,35,108.0,1039.0,0.0,5.0,18.86,83.5,-3.0,14.1,14.5
229.98,35,108.0,1039.0,0.0,5.0,18.86,83.5,-3.0,14.1,14.5
230.07,35,108.0,1039.0,0.0,5.0,18.86,83.5,-3.0,14.1,14.5
230.16,35,108.0,1039.0,0.0,5.0,18.86,83.5,-3.0,14.1,14.5
230.25,35,108.0,1039.0,0.0,5.0,18.86,83.5,-3.0,14.1,14.5
230.34,35,108.0,1039.0,0.0,5.0,18.86,83.5,-3.0,14.1,14.5
230.43,35,108.0,1039.0,0.0,5.0,18.86,83.5,-3.0,14.1,14.5
230.52,35,108.0,1039.0,0.0,5.0,19.02,83.5,-3.0,14.1,14.5
230.61,35,108.0,1039.0,0.0,5.0,19.02,83.5,-3.0,14.1,14.5
230.7,35,108.0,1039.0,0.0,5.0,19.02,83.5,-3.0,14.1,14.5
230.79,35,108.0,1039.0,0.0,5.0,19.02,83.5,-3.0,14.1,14.5
230.88,35,108.0,1039.0,0.0,5.0,19.02,83.5,-3.0,14.1,14.5
230.97,35,108.0,1039.0,0.0,5.0,19.02,83.5,-3.0,14.1,14.5
231.061,35,108.0,1039.0,0.0,5.0,19.02,83.5,-3.0,14.1,14.5
231.15,35,108.0,1040.0,0.0,5.0,19.02,83.5,-3.0,14.1,14.5
231.24,35,108.0,1040.0,0.0,5.0,19.02,83.5,-3.0,14.1,14.5
231.33,35,108.0,1040.0,0.0,5.0,19.02,83.5,-3.0,14.1,14.5
231.421,35,108.0,1040.0,0.0,5.0,19.02,83.5,-3.0,14.1,14.5
231.51,35,108.0,1040.0,0.0,5.0,19.02,83.5,-3.0,14.1,14.5
231.6,35,108.0,1040.0,0.0,5.0,19.02,83.5,-3.0,14.1,14.5
231.69,35,108.0,1040.0,0.0,5.0,19.02,83.5,-3.0,14.1,14.5
231.78,35,108.0,1040.0,0.0,5.0,19.02,83.5,-3.0,14.1,14.5
231.873,35,108.0,1040.0,0.0,5.0,19.02,83.5,-3.0,14.1,14.5
231.96,35,108.0,1040.0,0.0,5.0,19.02,83.5,-3.0,14.1,14.5
232.05,35,108.0,1040.0,0.0,5.0,19.02,83.5,-3.0,14.1,14.5
232.14,35,108.0,1040.0,0.0,5.0,19.02,83.5,-3.0,14.1,14.5
232.23,35,108.0,1040.0,0.0,5.0,19.02,83.5,-3.0,14.1,14.5
232.321,35,108.0,1040.0,0.0,5.0,19.16,83.5,-3.0,14.1,14.5
232.409,35,108.0,1040.0,0.0,5.0,19.16,83.5,-3.0,14.1,14.5
232.5,35,108.0,1040.0,0.0,5.0,19.16,83.5,-3.0,14.1,14.5
232.59,35,108.0,1040.0,0.0,5.0,19.16,83.5,-3.0,14.1,14.5
232.68,35,108.0,1040.0,0.0,5.0,19.16,83.5,-3.0,14.1,14.5
232.776,35,108.0,1040.0,0.0,5.0,19.16,83.5,-3.0,14.1,14.5
232.86,35,108.0,1040.0,0.0,5.0,19.16,83.5,-3.0,14.1,14.5
232.949,35,108.0,1039.0,0.0,5.0,19.16,83.5,-3.0,14.1,14.5
233.039,35,108.0,1039.0,0.0,5.0,19.16,83.5,-3.0,14.1,14.5
233.13,35,108.0,1039.0,0.0,5.0,19.16,83.5,-3.0,14.1,14.5
233.219,35,108.0,1039.0,0.0,5.0,18.74,83.5,-3.0,14.1,14.5
233.309,35,108.0,1039.0,0.0,5.0,18.74,83.5,-3.0,14.1,14.5
233.399,35,108.0,1039.0,0.0,5.0,18.74,83.5,-3.0,14.1,14.5
233.489,35,108.0,1039.0,0.0,5.0,18.74,83.5,-3.0,14.1,14.5
233.579,35,108.0,1039.0,0.0,5.0,18.74,83.5,-3.0,14.1,14.5
233.669,35,108.0,1039.0,0.0,5.0,18.74,83.5,-3.0,14.1,14.5
233.76,35,107.0,1039.0,0.0,5.0,18.74,83.5,-3.0,14.1,14.5
233.851,35,107.0,1043.0,0.0,5.0,18.74,83.5,-3.0,14.1,14.5
233.952,35,107.0,1043.0,0.0,5.0,18.74,83.5,-3.0,14.1,14.5
234.029,35,107.0,1043.0,0.0,5.0,18.74,83.5,-3.0,14.1,14.5
234.12,35,107.0,1043.0,0.0,5.0,18.99,83.5,-3.0,14.1,14.5
234.21,35,107.0,1043.0,0.0,5.0,18.99,83.5,-3.0,14.1,14.5
234.3,35,107.0,1043.0,0.0,5.0,18.99,83.5,-3.0,14.1,14.5
234.39,35,107.0,1043.0,0.0,5.0,18.99,83.5,-3.0,14.1,14.5
234.48,35,107.0,1043.0,0.0,5.0,18.99,83.5,-3.0,14.1,14.5
234.571,35,107.0,1043.0,0.0,5.0,18.99,83.5,-3.0,14.1,14.5
234.66,35,107.0,1043.0,0.0,5.0,18.99,83.5,-3.0,14.1,14.5
234.75,35,107.0,1041.0,0.0,5.0,18.99,83.5,-3.0,14.1,14.5
234.84,35,107.0,1041.0,0.0,5.0,18.99,83.5,-3.0,14.1,14.5
234.931,35,107.0,1041.0,0.0,5.0,18.99,83.5,-3.0,14.1,14.5
235.02,35,107.0,1041.0,0.0,5.0,18.86,83.5,-3.0,14.1,14.5
235.109,35,107.0,1041.0,0.0,5.0,18.86,83.5,-3.0,14.1,14.5
235.199,35,107.0,1041.0,0.0,5.0,18.86,83.5,-3.0,14.1,14.5
235.289,35,107.0,1041.0,0.0,5.0,18.86,83.5,-3.0,14.1,14.5
235.38,35,107.0,1041.0,0.0,5.0,18.86,83.5,-3.0,14.1,14.5
235.47,35,107.0,1041.0,0.0,5.0,18.86,83.5,-3.0,14.1,14.5
235.56,35,108.0,1041.0,0.0,5.0,18.86,83.5,-3.0,14.1,14.5
235.65,35,108.0,1039.0,0.0,5.0,18.86,83.5,-3.0,14.1,14.5
235.739,35,108.0,1039.0,0.0,5.0,18.86,83.5,-3.0,14.1,14.5
235.83,35,108.0,1039.0,0.0,5.0,18.86,83.5,-3.0,14.1,14.5
235.92,35,108.0,1039.0,0.0,5.0,18.86,83.5,-3.0,14.1,14.5
236.011,35,108.0,1039.0,0.0,5.0,18.86,83.5,-3.0,14.1,14.5
236.099,35,108.0,1039.0,0.0,5.0,18.86,83.5,-3.0,14.1,14.5
236.191,35,108.0,1039.0,0.0,5.0,18.86,83.5,-3.0,14.1,14.5
236.28,35,108.0,1039.0,0.0,5.0,18.86,83.5,-3.0,14.1,14.5
236.371,35,108.0,1039.0,0.0,5.0,18.86,83.5,-3.0,14.1,14.5
236.46,35,108.0,1039.0,0.0,5.0,18.86,83.5,-3.0,14.1,14.5
236.551,35,108.0,1039.0,0.0,5.0,18.86,83.5,-3.0,14.1,14.5
236.641,35,108.0,1039.0,0.0,5.0,18.86,83.5,-3.0,14.1,14.5
236.73,35,108.0,1039.0,0.0,5.0,18.86,83.5,-3.0,14.1,14.5
236.821,35,108.0,1039.0,0.0,5.0,18.91,83.5,-3.0,14.1,14.5
236.91,35,108.0,1039.0,0.0,5.0,18.91,83.5,-3.0,14.1,14.5
237.0,35,108.0,1039.0,0.0,5.0,18.91,83.5,-3.0,14.1,14.5
237.09,35,108.0,1039.0,0.0,5.0,18.91,83.5,-3.0,14.1,14.5
237.209,35,108.0,1039.0,0.0,5.0,18.91,83.5,-3.0,14.1,14.5
237.3,35,108.0,1039.0,0.0,5.0,18.91,83.5,-3.0,14.1,14.5
237.39,35,108.0,1039.0,0.0,5.0,18.91,83.5,-3.0,14.1,14.5
237.48,35,108.0,1038.0,0.0,5.0,18.91,83.5,-3.0,14.1,14.5
237.57,35,108.0,1038.0,0.0,5.0,18.91,83.5,-3.0,14.1,14.5
237.66,35,108.0,1038.0,0.0,6.0,18.91,83.5,-3.0,14.1,14.5
237.75,35,108.0,1038.0,0.0,6.0,19.02,83.5,-3.0,14.1,14.5
237.84,35,108.0,1038.0,0.0,6.0,19.02,83.5,-3.0,14.1,14.5
237.929,35,108.0,1038.0,0.0,6.0,19.02,83.5,-3.0,14.1,14.5
238.019,35,108.0,1038.0,0.0,6.0,19.02,83.5,-3.0,14.1,14.5
238.109,35,108.0,1038.0,0.0,6.0,19.02,83.5,-3.0,14.1,14.5
238.2,35,108.0,1038.0,0.0,6.0,19.02,83.5,-3.0,14.1,14.5
238.29,35,108.0,1038.0,0.0,6.0,19.02,83.5,-3.0,14.1,14.5
238.38,35,108.0,1039.0,0.0,6.0,19.02,83.5,-3.0,14.1,14.5
238.47,35,108.0,1039.0,0.0,6.0,19.02,83.5,-3.0,14.1,14.5
238.56,35,108.0,1039.0,0.0,6.0,19.02,83.5,-3.0,14.1,14.5
238.65,35,108.0,1039.0,0.0,6.0,19.02,83.5,-3.0,14.1,14.5
238.74,35,108.0,1039.0,0.0,6.0,19.02,83.5,-3.0,14.1,14.5
238.831,35,108.0,1039.0,0.0,6.0,19.02,83.5,-3.0,14.1,14.5
238.919,35,108.0,1039.0,0.0,6.0,19.02,83.5,-3.0,14.1,14.5
239.011,35,108.0,1039.0,0.0,6.0,19.02,83.5,-3.0,14.1,14.5
239.1,35,108.0,1039.0,0.0,6.0,19.02,83.5,-3.0,14.1,14.5
239.19,35,108.0,1039.0,0.0,6.0,19.02,83.5,-3.0,14.1,14.5
239.28,35,108.0,1041.0,0.0,6.0,19.02,83.5,-3.0,14.1,14.5
239.37,35,108.0,1041.0,0.0,6.0,19.02,83.5,-3.0,14.1,14.5
239.46,35,108.0,1041.0,0.0,6.0,19.02,83.5,-3.0,14.1,14.5
239.551,35,108.0,1041.0,0.0,6.0,19.02,83.5,-3.0,14.1,14.5
239.64,35,108.0,1041.0,0.0,6.0,19.02,83.5,-3.0,14.1,14.5
239.731,35,108.0,1041.0,0.0,6.0,19.02,83.5,-3.0,14.1,14.5
239.82,35,108.0,1041.0,0.0,6.0,19.02,83.5,-3.0,14.1,14.5
239.909,35,108.0,1041.0,0.0,6.0,19.02,83.5,-3.0,14.1,14.1
240.0,35,108.0,1041.0,0.0,6.0,19.02,83.5,-3.0,14.1,14.1
240.09,35,108.0,1041.0,0.0,6.0,19.02,83.5,-3.0,14.1,14.1
240.18,35,108.0,1043.0,0.0,6.0,19.02,83.5,-3.0,14.1,14.1
240.27,35,108.0,1043.0,0.0,6.0,19.02,83.5,-3.0,14.1,14.1
240.36,35,108.0,1043.0,0.0,6.0,19.02,83.5,-3.0,14.1,14.1
240.45,35,108.0,1043.0,0.0,6.0,19.05,83.5,-3.0,14.1,14.1
240.54,35,108.0,1043.0,0.0,6.0,19.05,83.5,-3.0,14.1,14.1
240.63,35,108.0,1043.0,0.0,6.0,19.05,83.5,-3.0,14.1,14.1
240.72,35,108.0,1043.0,0.0,6.0,19.05,83.5,-3.0,14.1,14.1
240.811,35,108.0,1043.0,0.0,6.0,19.05,83.5,-3.0,14.1,14.5
240.9,35,108.0,1043.0,0.0,6.0,19.05,83.5,-3.0,14.1,14.5
240.997,35,108.0,1043.0,0.0,6.0,19.05,83.5,-3.0,14.1,14.5
241.11,35,108.0,1041.0,0.0,6.0,19.05,83.5,-3.0,14.1,14.5
241.2,35,108.0,1041.0,0.0,6.0,19.05,83.5,-3.0,14.1,14.5
241.29,35,108.0,1041.0,0.0,6.0,19.05,83.5,-3.0,14.1,14.5
241.38,35,108.0,1041.0,0.0,6.0,19.02,83.5,-3.0,14.1,14.5
241.47,35,108.0,1041.0,0.0,6.0,19.02,83.5,-3.0,14.1,14.5
241.59,35,108.0,1041.0,0.0,6.0,19.02,83.5,-3.0,14.1,14.5
241.68,35,108.0,1041.0,0.0,6.0,19.02,83.5,-3.0,14.1,14.5
241.77,35,108.0,1041.0,0.0,6.0,19.02,83.5,-3.0,14.1,14.5
241.861,35,108.0,1041.0,0.0,6.0,19.02,83.5,-3.0,14.1,14.5
241.95,35,107.0,1041.0,0.0,6.0,19.02,83.5,-3.0,14.1,14.5
242.039,35,107.0,1039.0,0.0,6.0,19.02,83.5,-3.0,14.1,14.5
242.13,35,107.0,1039.0,0.0,6.0,19.02,83.5,-3.0,14.1,14.5
242.222,35,107.0,1039.0,0.0,6.0,19.02,83.5,-3.0,14.1,14.5
242.31,35,107.0,1039.0,0.0,6.0,18.86,83.5,-3.0,14.1,14.5
242.4,35,107.0,1039.0,0.0,6.0,18.86,83.5,-3.0,14.1,14.5
242.49,35,107.0,1039.0,0.0,6.0,18.86,83.5,-3.0,14.1,14.5
242.58,35,107.0,1039.0,0.0,6.0,18.86,83.5,-3.0,14.1,14.5
242.67,35,107.0,1039.0,0.0,6.0,18.86,83.5,-3.0,14.1,14.5
242.76,35,107.0,1039.0,0.0,6.0,18.86,83.5,-3.0,14.1,14.5
242.851,35,107.0,1039.0,0.0,6.0,18.86,83.5,-3.0,14.1,14.5
242.94,35,107.0,1038.0,0.0,6.0,18.86,83.5,-3.0,14.1,14.5
243.029,35,107.0,1038.0,0.0,6.0,18.86,83.5,-3.0,14.1,14.5
243.12,35,107.0,1038.0,0.0,6.0,18.86,83.5,-3.0,14.1,14.5
243.21,35,107.0,1038.0,0.0,6.0,18.97,83.5,-3.0,14.1,14.5
243.3,35,107.0,1038.0,0.0,6.0,18.97,83.5,-3.0,14.1,14.5
243.39,35,107.0,1038.0,0.0,6.0,18.97,83.5,-3.0,14.1,14.5
243.48,35,107.0,1038.0,0.0,6.0,18.97,83.5,-3.0,14.1,14.5
243.57,35,107.0,1038.0,0.0,6.0,18.97,83.5,-3.0,14.1,14.5
243.66,35,107.0,1038.0,0.0,6.0,18.97,83.5,-3.0,14.1,14.5
243.75,35,107.0,1038.0,0.0,6.0,18.97,83.5,-3.0,14.1,14.5
243.84,35,107.0,1040.0,0.0,6.0,18.97,83.5,-3.0,14.1,14.5
243.931,35,107.0,1040.0,0.0,6.0,18.97,83.5,-3.0,14.1,14.5
244.019,35,107.0,1040.0,0.0,6.0,18.97,83.5,-3.0,14.1,14.5
244.11,35,107.0,1040.0,0.0,6.0,19.13,83.5,-3.0,14.1,14.5
244.2,35,107.0,1040.0,0.0,6.0,19.13,83.5,-3.0,14.1,14.5
244.29,35,107.0,1040.0,0.0,6.0,19.13,83.5,-3.0,14.1,14.5
244.381,35,107.0,1040.0,0.0,6.0,19.13,83.5,-3.0,14.1,14.5
244.47,35,107.0,1040.0,0.0,6.0,19.13,83.5,-3.0,14.1,14.5
244.56,35,107.0,1040.0,0.0,6.0,19.13,83.5,-3.0,14.1,14.5
244.65,35,107.0,1040.0,0.0,6.0,19.13,83.5,-3.0,14.1,14.5
244.74,35,107.0,1039.0,0.0,6.0,19.13,83.5,-3.0,14.1,14.5
244.831,35,107.0,1039.0,0.0,6.0,19.13,83.5,-3.0,14.1,14.5
244.922,35,107.0,1039.0,0.0,6.0,19.13,83.5,-3.0,14.1,14.5
245.01,35,107.0,1039.0,0.0,6.0,19.05,83.5,-3.0,14.1,14.5
245.13,35,107.0,1039.0,0.0,6.0,19.05,83.5,-3.0,14.1,14.5
245.22,35,107.0,1039.0,0.0,6.0,19.05,83.5,-3.0,14.1,14.5
245.313,35,107.0,1039.0,0.0,6.0,19.05,83.5,-3.0,14.1,14.5
245.4,35,107.0,1039.0,0.0,6.0,19.05,83.5,-3.0,14.1,14.5
245.49,35,107.0,1039.0,0.0,6.0,19.05,83.5,-3.0,14.1,14.5
245.58,35,107.0,1039.0,0.0,6.0,19.05,83.5,-3.0,14.1,14.5
245.671,35,107.0,1041.0,0.0,6.0,19.05,83.5,-3.0,14.1,14.5
245.79,35,107.0,1041.0,0.0,6.0,19.05,83.5,-3.0,14.1,14.5
245.88,35,107.0,1041.0,0.0,6.0,19.05,83.5,-3.0,14.1,14.5
245.97,35,107.0,1041.0,0.0,6.0,18.97,83.5,-3.0,14.1,14.5
246.061,35,107.0,1041.0,0.0,6.0,18.97,83.5,-3.0,14.1,14.5
246.149,35,107.0,1041.0,0.0,6.0,18.97,83.5,-3.0,14.1,14.5
246.239,35,107.0,1041.0,0.0,6.0,18.97,83.5,-3.0,14.1,14.5
246.329,35,107.0,1041.0,0.0,6.0,18.97,83.5,-3.0,14.1,14.5
246.42,35,107.0,1041.0,0.0,6.0,18.97,83.5,-3.0,14.1,14.5
246.51,35,107.0,1041.0,0.0,6.0,18.97,83.5,-3.0,14.1,14.5
246.633,35,107.0,1044.0,0.0,6.0,18.97,83.5,-3.0,14.1,14.5
246.72,35,107.0,1044.0,0.0,6.0,18.97,83.5,-3.0,14.1,14.5
246.81,35,107.0,1044.0,0.0,6.0,18.97,83.5,-3.0,14.1,14.5
246.9,35,107.0,1044.0,0.0,6.0,19.05,83.5,-3.0,14.1,14.5
246.99,35,107.0,1044.0,0.0,6.0,19.05,83.5,-3.0,14.1,14.5
247.082,35,107.0,1044.0,0.0,6.0,19.05,83.5,-3.0,14.1,14.5
247.169,35,107.0,1044.0,0.0,6.0,19.05,83.5,-3.0,21.2,14.5
247.259,35,107.0,1044.0,0.0,6.0,19.05,83.5,-3.0,21.2,22.0
247.349,35,107.0,1044.0,0.0,6.0,19.05,83.5,-3.0,21.2,22.0
247.439,35,108.0,1044.0,0.0,6.0,19.05,83.5,-3.0,21.2,22.0
247.532,35,108.0,1178.0,0.0,6.0,19.05,83.5,-3.0,21.2,22.0
247.62,35,108.0,1178.0,1.0,6.0,19.05,83.5,-3.0,21.2,22.0
247.71,35,108.0,1178.0,1.0,6.0,19.05,83.5,-3.0,21.2,22.0
247.8,35,108.0,1178.0,1.0,6.0,20.94,83.5,-3.0,21.2,22.0
247.89,35,108.0,1178.0,1.0,6.0,20.94,83.5,-3.0,21.2,22.0
247.98,35,108.0,1178.0,1.0,6.0,20.94,83.5,-3.0,21.2,22.0
248.069,35,108.0,1178.0,1.0,6.0,20.94,83.5,-3.0,22.4,22.0
248.16,35,108.0,1178.0,1.0,6.0,20.94,83.5,-3.0,22.4,22.4
248.25,35,108.0,1178.0,1.0,6.0,20.94,83.5,-3.0,22.4,22.4
248.339,35,105.0,1178.0,1.0,6.0,20.94,83.5,-3.0,22.4,22.4
248.43,35,105.0,1142.0,1.0,6.0,20.94,83.5,-3.0,22.4,22.4
248.52,35,105.0,1142.0,7.0,6.0,20.94,83.5,-3.0,22.4,22.4
248.61,35,105.0,1142.0,7.0,7.0,20.94,83.5,-3.0,22.4,22.4
248.699,35,105.0,1142.0,7.0,7.0,21.24,83.5,-3.0,22.4,22.4
248.792,35,105.0,1142.0,7.0,7.0,21.24,83.5,-3.0,22.4,22.4
248.88,35,105.0,1142.0,7.0,7.0,21.24,83.5,-3.0,22.4,22.4
248.97,35,105.0,1142.0,7.0,7.0,21.24,83.5,-3.0,30.2,22.4
249.059,35,105.0,1142.0,7.0,7.0,21.24,83.5,-3.0,30.2,33.3
249.18,35,105.0,1142.0,7.0,7.0,21.24,83.5,-3.0,30.2,33.3
249.27,35,117.0,1142.0,7.0,7.0,21.24,83.5,-3.0,30.2,33.3
249.362,35,117.0,1668.0,7.0,7.0,21.24,83.5,-3.0,30.2,33.3
249.449,35,117.0,1668.0,15.0,7.0,21.24,83.5,-3.0,30.2,33.3
249.539,35,117.0,1668.0,15.0,8.0,21.24,83.5,-3.0,30.2,33.3
249.63,35,117.0,1668.0,15.0,8.0,43.11,83.5,-3.0,30.2,33.3
249.719,35,117.0,1668.0,15.0,8.0,43.11,83.5,-3.0,30.2,33.3
249.81,35,117.0,1668.0,15.0,8.0,43.11,83.5,-3.0,30.2,33.3
249.9,35,117.0,1668.0,15.0,8.0,43.11,83.5,-3.0,41.6,33.3
249.99,35,117.0,1668.0,15.0,8.0,43.11,83.5,-3.0,41.6,36.1
250.079,35,117.0,1668.0,15.0,8.0,43.11,83.5,-3.0,41.6,36.1
250.169,35,127.0,1668.0,15.0,8.0,43.11,83.5,-3.0,41.6,36.1
250.259,35,127.0,2006.0,15.0,8.0,43.11,83.5,-3.0,41.6,36.1
250.349,35,127.0,2006.0,20.0,8.0,43.11,83.5,-3.0,41.6,36.1
250.44,35,127.0,2006.0,20.0,11.0,43.11,83.5,-3.0,41.6,36.1
250.53,35,127.0,2006.0,20.0,11.0,28.77,83.5,-3.0,41.6,36.1
250.621,35,127.0,2006.0,20.0,11.0,28.77,31.0,-3.0,41.6,36.1
250.711,35,127.0,2006.0,20.0,11.0,28.77,31.0,-3.0,41.6,36.1
250.8,35,127.0,2006.0,20.0,11.0,28.77,31.0,-3.0,29.0,36.1
250.89,35,127.0,2006.0,20.0,11.0,28.77,31.0,-3.0,29.0,32.2
250.98,35,127.0,2006.0,20.0,11.0,28.77,31.0,-3.0,29.0,32.2
251.069,35,106.0,2006.0,20.0,11.0,28.77,31.0,-3.0,29.0,32.2
251.16,35,106.0,1207.0,20.0,11.0,28.77,31.0,-3.0,29.0,32.2
251.25,35,106.0,1207.0,21.0,11.0,28.77,31.0,-3.0,29.0,32.2
251.34,35,106.0,1207.0,21.0,8.0,28.77,31.0,-3.0,29.0,32.2
251.43,35,106.0,1207.0,21.0,8.0,23.86,31.0,-3.0,29.0,32.2
251.519,35,106.0,1207.0,21.0,8.0,23.86,83.5,-3.0,29.0,32.2
251.61,35,106.0,1207.0,21.0,8.0,23.86,83.5,-3.0,29.0,32.2
251.7,35,106.0,1207.0,21.0,8.0,23.86,83.5,-3.0,38.8,32.2
251.79,35,106.0,1207.0,21.0,8.0,23.86,83.5,-3.0,38.8,38.8
251.88,35,106.0,1207.0,21.0,8.0,23.86,83.5,-3.0,38.8,38.8
251.974,35,119.0,1207.0,21.0,8.0,23.86,83.5,-3.0,38.8,38.8
252.059,35,119.0,1405.0,21.0,8.0,23.86,83.5,-3.0,38.8,38.8
252.15,35,119.0,1405.0,24.0,8.0,23.86,83.5,-3.0,38.8,38.8
252.24,35,119.0,1405.0,24.0,8.0,23.86,83.5,-3.0,38.8,38.8
252.33,35,119.0,1405.0,24.0,8.0,28.91,83.5,-3.0,38.8,38.8
252.419,35,119.0,1405.0,24.0,8.0,28.91,83.5,-3.0,38.8,38.8
252.512,35,119.0,1405.0,24.0,8.0,28.91,83.5,-3.0,38.8,38.8
252.599,35,119.0,1405.0,24.0,8.0,28.91,83.5,-3.0,34.9,38.8
252.69,35,119.0,1405.0,24.0,8.0,28.91,83.5,-3.0,34.9,33.7
252.781,35,119.0,1405.0,24.0,8.0,28.91,83.5,-3.0,34.9,33.7
252.87,35,112.0,1405.0,24.0,8.0,28.91,83.5,-3.0,34.9,33.7
252.96,35,112.0,1522.0,24.0,8.0,28.91,83.5,-3.0,34.9,33.7
253.049,35,112.0,1522.0,26.0,8.0,28.91,83.5,-3.0,34.9,33.7
253.14,35,112.0,1522.0,26.0,8.0,28.91,83.5,-3.0,34.9,33.7
253.23,35,112.0,1522.0,26.0,8.0,29.24,83.5,-3.0,34.9,33.7
253.319,35,112.0,1522.0,26.0,8.0,29.24,83.5,-3.0,34.9,33.7
253.41,35,112.0,1522.0,26.0,8.0,29.24,83.5,-3.0,34.9,33.7
253.499,35,112.0,1522.0,26.0,8.0,29.24,83.5,-3.0,33.3,33.7
253.59,35,112.0,1522.0,26.0,8.0,29.24,83.5,-3.0,33.3,33.7
253.68,35,112.0,1522.0,26.0,8.0,29.24,83.5,-3.0,33.3,33.7
253.771,35,106.0,1522.0,26.0,8.0,29.24,83.5,-3.0,33.3,33.7
253.861,35,106.0,1604.0,26.0,8.0,29.24,83.5,-3.0,33.3,33.7
253.949,35,106.0,1604.0,28.0,8.0,29.24,83.5,-3.0,33.3,33.7
254.039,35,106.0,1604.0,28.0,8.0,29.24,83.5,-3.0,33.3,33.7
254.13,35,106.0,1604.0,28.0,8.0,30.24,83.5,-3.0,33.3,33.7
254.219,35,106.0,1604.0,28.0,8.0,30.24,83.5,-3.0,33.3,33.7
254.31,35,106.0,1604.0,28.0,8.0,30.24,83.5,-3.0,33.3,33.7
254.4,35,106.0,1604.0,28.0,8.0,30.24,83.5,-3.0,38.0,33.7
254.519,35,106.0,1604.0,28.0,8.0,30.24,83.5,-3.0,38.0,38.4
254.609,35,106.0,1604.0,28.0,8.0,30.24,83.5,-3.0,38.0,38.4
254.7,35,117.0,1604.0,28.0,8.0,30.24,83.5,-3.0,38.0,38.4
254.79,35,117.0,1668.0,28.0,8.0,30.24,83.5,-3.0,38.0,38.4
254.88,35,117.0,1668.0,29.0,8.0,30.24,83.5,-3.0,38.0,38.4
254.97,35,117.0,1668.0,29.0,8.0,30.24,83.5,-3.0,38.0,38.4
255.059,35,117.0,1668.0,29.0,8.0,39.13,83.5,-3.0,38.0,38.4
255.15,35,117.0,1668.0,29.0,8.0,39.13,83.5,-3.0,38.0,38.4
255.239,35,117.0,1668.0,29.0,8.0,39.13,83.5,-3.0,38.0,38.4
255.329,35,117.0,1668.0,29.0,8.0,39.13,83.5,-3.0,45.9,38.4
255.419,35,117.0,1668.0,29.0,8.0,39.13,83.5,-3.0,45.9,47.5
255.51,36,117.0,1668.0,29.0,8.0,39.13,83.5,-3.0,45.9,47.5
255.6,36,151.0,1668.0,29.0,8.0,39.13,83.5,-3.0,45.9,47.5
255.69,36,151.0,1937.0,29.0,8.0,39.13,83.5,-3.0,45.9,47.5
255.78,36,151.0,1937.0,33.0,8.0,39.13,83.5,-3.0,45.9,47.5
255.87,36,151.0,1937.0,33.0,9.0,39.13,83.5,-3.0,45.9,47.5
255.961,36,151.0,1937.0,33.0,9.0,56.36,83.5,-3.0,45.9,47.5
256.05,36,151.0,1937.0,33.0,9.0,56.36,83.5,-3.0,45.9,47.5
256.168,36,151.0,1937.0,33.0,9.0,56.36,83.5,-3.0,45.9,47.5
256.259,36,151.0,1937.0,33.0,9.0,56.36,83.5,-3.0,14.1,47.5
256.35,36,151.0,1937.0,33.0,9.0,56.36,83.5,-3.0,14.1,14.5
256.44,36,151.0,1937.0,33.0,9.0,56.36,83.5,-3.0,14.1,14.5
256.53,36,106.0,1937.0,33.0,9.0,56.36,83.5,-3.0,14.1,14.5
256.619,36,106.0,1253.0,33.0,9.0,56.36,83.5,-3.0,14.1,14.5
256.709,36,106.0,1253.0,35.0,9.0,56.36,83.5,-3.0,14.1,14.5
256.801,36,106.0,1253.0,35.0,11.0,56.36,83.5,-3.0,14.1,14.5
256.89,36,106.0,1253.0,35.0,11.0,27.88,83.5,-3.0,14.1,14.5
256.98,36,106.0,1253.0,35.0,11.0,27.88,78.8,-3.0,14.1,14.5
257.069,36,106.0,1253.0,35.0,11.0,27.88,78.8,-3.0,14.1,14.5
257.158,36,106.0,1253.0,35.0,11.0,27.88,78.8,-3.0,53.3,14.5
257.249,36,106.0,1253.0,35.0,11.0,27.88,78.8,-3.0,53.3,54.1
257.339,36,106.0,1253.0,35.0,11.0,27.88,78.8,-3.0,53.3,54.1
257.43,36,125.0,1253.0,35.0,11.0,27.88,78.8,-3.0,53.3,54.1
257.52,36,125.0,1415.0,35.0,11.0,27.88,78.8,-3.0,53.3,54.1
257.609,36,125.0,1415.0,38.0,11.0,27.88,78.8,-3.0,53.3,54.1
257.7,36,125.0,1415.0,38.0,7.0,27.88,78.8,-3.0,53.3,54.1
257.791,36,125.0,1415.0,38.0,7.0,36.3,78.8,-3.0,53.3,54.1
257.882,36,125.0,1415.0,38.0,7.0,36.3,83.5,-3.0,53.3,54.1
257.97,36,125.0,1415.0,38.0,7.0,36.3,83.5,-4.0,53.3,54.1
258.06,36,125.0,1415.0,38.0,7.0,36.3,83.5,-4.0,42.7,54.1
258.149,36,125.0,1415.0,38.0,7.0,36.3,83.5,-4.0,42.7,39.6
258.24,36,125.0,1415.0,38.0,7.0,36.3,83.5,-4.0,42.7,39.6
258.33,36,143.0,1415.0,38.0,7.0,36.3,83.5,-4.0,42.7,39.6
258.42,36,143.0,1555.0,38.0,7.0,36.3,83.5,-4.0,42.7,39.6
258.509,36,143.0,1555.0,42.0,7.0,36.3,83.5,-4.0,42.7,39.6
258.6,36,143.0,1555.0,42.0,8.0,36.3,83.5,-4.0,42.7,39.6
258.69,36,143.0,1555.0,42.0,8.0,31.47,83.5,-4.0,42.7,39.6
258.78,36,143.0,1555.0,42.0,8.0,31.47,83.5,-4.0,42.7,39.6
258.869,36,143.0,1555.0,42.0,8.0,31.47,83.5,-4.0,42.7,39.6
258.959,36,143.0,1555.0,42.0,8.0,31.47,83.5,-4.0,32.9,39.6
259.05,36,143.0,1555.0,42.0,8.0,31.47,83.5,-4.0,32.9,33.3
259.139,36,143.0,1555.0,42.0,8.0,31.47,83.5,-4.0,32.9,33.3
259.23,36,108.0,1555.0,42.0,8.0,31.47,83.5,-4.0,32.9,33.3
259.32,36,108.0,1575.0,42.0,8.0,31.47,83.5,-4.0,32.9,33.3
259.41,36,108.0,1575.0,42.0,8.0,31.47,83.5,-4.0,32.9,33.3
259.5,36,108.0,1575.0,42.0,8.0,31.47,83.5,-4.0,32.9,33.3
259.589,36,108.0,1575.0,42.0,8.0,28.99,83.5,-4.0,32.9,33.3
259.681,36,108.0,1575.0,42.0,8.0,28.99,83.5,-4.0,32.9,33.3
259.769,36,108.0,1575.0,42.0,8.0,28.99,83.5,-4.0,32.9,33.3
259.86,36,108.0,1575.0,42.0,8.0,28.99,83.5,-4.0,32.2,33.3
259.95,36,108.0,1575.0,42.0,8.0,28.99,83.5,-4.0,32.2,32.2
260.04,36,108.0,1575.0,42.0,8.0,28.99,83.5,-4.0,32.2,32.2
260.129,36,103.0,1575.0,42.0,8.0,28.99,83.5,-4.0,32.2,32.2
260.25,36,103.0,1580.0,42.0,8.0,28.99,83.5,-4.0,32.2,32.2
260.339,36,103.0,1580.0,42.0,8.0,28.99,83.5,-4.0,32.2,32.2
260.431,36,103.0,1580.0,42.0,7.0,28.99,83.5,-4.0,32.2,32.2
260.519,36,103.0,1580.0,42.0,7.0,28.66,83.5,-4.0,32.2,32.2
260.609,36,103.0,1580.0,42.0,7.0,28.66,83.5,-4.0,32.2,32.2
260.7,36,103.0,1580.0,42.0,7.0,28.66,83.5,-4.0,32.2,32.2
260.789,36,103.0,1580.0,42.0,7.0,28.66,83.5,-4.0,40.8,32.2
260.881,36,103.0,1580.0,42.0,7.0,28.66,83.5,-4.0,40.8,43.5
260.971,36,103.0,1580.0,42.0,7.0,28.66,83.5,-4.0,40.8,43.5
261.066,36,112.0,1580.0,42.0,7.0,28.66,83.5,-4.0,40.8,43.5
261.149,36,112.0,1632.0,42.0,7.0,28.66,83.5,-4.0,40.8,43.5
261.239,36,112.0,1632.0,44.0,7.0,28.66,83.5,-4.0,40.8,43.5
261.33,36,112.0,1632.0,44.0,7.0,28.66,83.5,-4.0,40.8,43.5
261.42,36,112.0,1632.0,44.0,7.0,37.08,83.5,-4.0,40.8,43.5
261.51,36,112.0,1632.0,44.0,7.0,37.08,83.5,-4.0,40.8,43.5
261.6,36,112.0,1632.0,44.0,7.0,37.08,83.5,-4.0,40.8,43.5
261.692,36,112.0,1632.0,44.0,7.0,37.08,83.5,-4.0,47.8,43.5
261.779,36,112.0,1632.0,44.0,7.0,37.08,83.5,-4.0,47.8,48.6
261.87,36,112.0,1632.0,44.0,7.0,37.08,83.5,-4.0,47.8,48.6
261.96,36,160.0,1632.0,44.0,7.0,37.08,83.5,-4.0,47.8,48.6
262.052,36,160.0,1736.0,44.0,7.0,37.08,83.5,-4.0,47.8,48.6
262.139,36,160.0,1736.0,47.0,7.0,37.08,83.5,-4.0,47.8,48.6
262.23,36,160.0,1736.0,47.0,8.0,37.08,83.5,-4.0,47.8,48.6
262.32,36,160.0,1736.0,47.0,8.0,53.38,83.5,-4.0,47.8,48.6
262.411,36,160.0,1736.0,47.0,8.0,53.38,83.5,-4.0,47.8,48.6
262.5,36,160.0,1736.0,47.0,8.0,53.38,83.5,-4.0,47.8,48.6
262.589,36,160.0,1736.0,47.0,8.0,53.38,83.5,-4.0,44.7,48.6
262.679,36,160.0,1736.0,47.0,8.0,53.38,83.5,-4.0,44.7,42.0
262.769,36,160.0,1736.0,47.0,8.0,53.38,83.5,-4.0,44.7,42.0
262.86,36,151.0,1736.0,47.0,8.0,53.38,83.5,-4.0,44.7,42.0
262.95,36,151.0,1837.0,47.0,8.0,53.38,83.5,-4.0,44.7,42.0
263.039,36,151.0,1837.0,50.0,8.0,53.38,83.5,-4.0,44.7,42.0
263.13,36,151.0,1837.0,50.0,9.0,53.38,83.5,-4.0,44.7,42.0
263.218,36,151.0,1837.0,50.0,9.0,39.91,83.5,-4.0,44.7,42.0
263.309,36,151.0,1837.0,50.0,9.0,39.91,83.5,-4.0,44.7,42.0
263.399,36,151.0,1837.0,50.0,9.0,39.91,83.5,-4.0,44.7,42.0
263.491,36,151.0,1837.0,50.0,9.0,39.91,83.5,-4.0,36.9,42.0
263.579,36,151.0,1837.0,50.0,9.0,39.91,83.5,-4.0,36.9,37.3
263.67,36,151.0,1837.0,50.0,9.0,39.91,83.5,-4.0,36.9,37.3
263.761,36,114.0,1837.0,50.0,9.0,39.91,83.5,-4.0,36.9,37.3
263.851,36,114.0,1883.0,50.0,9.0,39.91,83.5,-4.0,36.9,37.3
263.941,36,114.0,1883.0,51.0,9.0,39.91,83.5,-4.0,36.9,37.3
264.029,36,114.0,1883.0,51.0,7.0,39.91,83.5,-4.0,36.9,37.3
264.119,36,114.0,1883.0,51.0,7.0,35.94,83.5,-4.0,36.9,37.3
264.212,36,114.0,1883.0,51.0,7.0,35.94,83.5,-4.0,36.9,37.3
264.272,36,114.0,1883.0,51.0,7.0,35.94,83.5,-4.0,36.9,37.3
264.36,36,114.0,1883.0,51.0,7.0,35.94,83.5,-4.0,35.7,37.3
264.48,36,114.0,1883.0,51.0,7.0,35.94,83.5,-4.0,35.7,35.3
264.57,36,114.0,1883.0,51.0,7.0,35.94,83.5,-4.0,35.7,35.3
264.66,36,107.0,1883.0,51.0,7.0,35.94,83.5,-4.0,35.7,35.3
264.721,36,107.0,1897.0,51.0,7.0,35.94,83.5,-4.0,35.7,35.3
264.81,36,107.0,1897.0,51.0,7.0,35.94,83.5,-4.0,35.7,35.3
264.9,36,107.0,1897.0,51.0,6.0,35.94,83.5,-4.0,35.7,35.3
264.989,36,107.0,1897.0,51.0,6.0,35.41,83.5,-4.0,35.7,35.3
265.079,36,107.0,1897.0,51.0,6.0,35.41,83.5,-4.0,35.7,35.3
265.169,36,107.0,1897.0,51.0,6.0,35.41,83.5,-4.0,35.7,35.3
265.259,36,107.0,1897.0,51.0,6.0,35.41,83.5,-4.0,34.9,35.3
265.351,36,107.0,1897.0,51.0,6.0,35.41,83.5,-4.0,34.9,35.3
265.44,36,107.0,1897.0,51.0,6.0,35.41,83.5,-4.0,34.9,35.3
265.53,36,106.0,1897.0,51.0,6.0,35.41,83.5,-4.0,34.9,35.3
265.619,36,106.0,1909.0,51.0,6.0,35.41,83.5,-4.0,34.9,35.3
265.71,36,106.0,1909.0,51.0,6.0,35.41,83.5,-4.0,34.9,35.3
265.8,36,106.0,1909.0,51.0,6.0,35.41,83.5,-4.0,34.9,35.3
265.889,36,106.0,1909.0,51.0,6.0,35.3,83.5,-4.0,34.9,35.3
265.981,36,106.0,1909.0,51.0,6.0,35.3,83.5,-4.0,34.9,35.3
266.069,36,106.0,1909.0,51.0,6.0,35.3,83.5,-4.0,34.9,35.3
266.16,36,106.0,1909.0,51.0,6.0,35.3,83.5,-4.0,34.9,35.3
266.221,36,106.0,1909.0,51.0,6.0,35.3,83.5,-4.0,34.9,35.3
266.31,36,106.0,1909.0,51.0,6.0,35.3,83.5,-4.0,34.9,35.3
266.4,36,108.0,1909.0,51.0,6.0,35.3,83.5,-4.0,34.9,35.3
266.49,36,108.0,1904.0,51.0,6.0,35.3,83.5,-4.0,34.9,35.3
266.579,36,108.0,1904.0,51.0,6.0,35.3,83.5,-4.0,34.9,35.3
266.669,36,108.0,1904.0,51.0,6.0,35.3,83.5,-4.0,34.9,35.3
266.76,36,108.0,1904.0,51.0,6.0,35.88,83.5,-4.0,34.9,35.3
266.852,36,108.0,1904.0,51.0,6.0,35.88,83.5,-4.0,34.9,35.3
266.939,36,108.0,1904.0,51.0,6.0,35.88,83.5,-4.0,34.9,35.3
267.029,36,108.0,1904.0,51.0,6.0,35.88,83.5,-4.0,32.5,35.3
267.119,36,108.0,1904.0,51.0,6.0,35.88,83.5,-4.0,32.5,32.9
267.209,36,108.0,1904.0,51.0,6.0,35.88,83.5,-4.0,32.5,32.9
267.3,36,108.0,1904.0,51.0,6.0,35.88,83.5,-4.0,32.5,32.9
267.389,36,108.0,1884.0,51.0,6.0,35.88,83.5,-4.0,32.5,32.9
267.509,36,108.0,1884.0,51.0,6.0,35.88,83.5,-4.0,32.5,32.9
267.599,36,108.0,1884.0,51.0,6.0,35.88,83.5,-4.0,32.5,32.9
267.691,36,108.0,1884.0,51.0,6.0,33.41,83.5,-4.0,32.5,32.9
267.78,36,108.0,1884.0,51.0,6.0,33.41,83.5,-4.0,32.5,32.9
267.869,36,108.0,1884.0,51.0,6.0,33.41,83.5,-4.0,32.5,32.9
267.961,36,108.0,1884.0,51.0,6.0,33.41,83.5,-4.0,14.1,32.9
268.049,36,108.0,1884.0,51.0,6.0,33.41,83.5,-4.0,14.1,17.6
268.139,36,108.0,1884.0,51.0,6.0,33.41,83.5,-4.0,14.1,17.6
268.23,36,110.0,1884.0,51.0,6.0,33.41,83.5,-4.0,14.1,17.6
268.319,36,110.0,1281.0,51.0,6.0,33.41,83.5,-4.0,14.1,17.6
268.411,36,110.0,1281.0,50.0,6.0,33.41,83.5,-4.0,14.1,17.6
268.5,36,110.0,1281.0,50.0,5.0,33.41,83.5,-4.0,14.1,17.6
268.589,36,110.0,1281.0,50.0,5.0,23.36,83.5,-4.0,14.1,17.6
268.678,36,110.0,1281.0,50.0,5.0,23.36,83.5,-4.0,14.1,17.6
268.769,36,110.0,1281.0,50.0,5.0,23.36,83.5,-4.0,14.1,17.6
268.859,36,110.0,1281.0,50.0,5.0,23.36,83.5,-4.0,32.5,17.6
268.951,36,110.0,1281.0,50.0,5.0,23.36,83.5,-4.0,32.5,32.5
269.039,36,110.0,1281.0,50.0,5.0,23.36,83.5,-4.0,32.5,32.5
269.129,36,104.0,1281.0,50.0,5.0,23.36,83.5,-4.0,32.5,32.5
269.219,36,104.0,1293.0,50.0,5.0,23.36,83.5,-4.0,32.5,32.5
269.31,36,104.0,1293.0,50.0,5.0,23.36,83.5,-4.0,32.5,32.5
269.372,36,104.0,1293.0,50.0,3.0,23.36,83.5,-4.0,32.5,32.5
269.461,36,104.0,1293.0,50.0,3.0,22.61,83.5,-4.0,32.5,32.5
269.522,36,104.0,1293.0,50.0,3.0,22.61,83.5,-4.0,32.5,32.5
269.61,36,104.0,1293.0,50.0,3.0,22.61,83.5,-4.0,32.5,32.5
269.7,36,104.0,1293.0,50.0,3.0,22.61,83.5,-4.0,32.2,32.5
269.791,36,104.0,1293.0,50.0,3.0,22.61,83.5,-4.0,32.2,32.5
269.88,36,104.0,1293.0,50.0,3.0,22.61,83.5,-4.0,32.2,32.5
269.969,36,103.0,1293.0,50.0,3.0,22.61,83.5,-4.0,32.2,32.5
270.089,36,103.0,1300.0,50.0,3.0,22.61,83.5,-4.0,32.2,32.5
270.18,36,103.0,1300.0,51.0,3.0,22.61,83.5,-4.0,32.2,32.5
270.269,36,103.0,1300.0,51.0,3.0,22.61,83.5,-4.0,32.2,32.5
270.359,36,103.0,1300.0,51.0,3.0,23.13,83.5,-4.0,32.2,32.5
270.45,36,103.0,1300.0,51.0,3.0,23.13,83.5,-4.0,32.2,32.5
270.539,36,103.0,1300.0,51.0,3.0,23.13,83.5,-4.0,32.2,32.5
270.631,36,103.0,1300.0,51.0,3.0,23.13,83.5,-4.0,32.2,32.5
270.719,36,103.0,1300.0,51.0,3.0,23.13,83.5,-4.0,32.2,32.2
270.809,36,103.0,1300.0,51.0,3.0,23.13,83.5,-4.0,32.2,32.2
270.9,36,103.0,1300.0,51.0,3.0,23.13,83.5,-4.0,32.2,32.2
271.002,36,103.0,1311.0,51.0,3.0,23.13,83.5,-4.0,32.2,32.2
271.079,36,103.0,1311.0,51.0,3.0,23.13,83.5,-4.0,32.2,32.2
271.169,36,103.0,1311.0,51.0,4.0,23.13,83.5,-4.0,32.2,32.2
271.259,36,103.0,1311.0,51.0,4.0,23.3,83.5,-4.0,32.2,32.2
271.32,36,103.0,1311.0,51.0,4.0,23.3,83.5,-4.0,32.2,32.2
271.411,36,103.0,1311.0,51.0,4.0,23.3,83.5,-4.0,32.2,32.2
271.474,36,103.0,1311.0,51.0,4.0,23.3,83.5,-4.0,29.0,32.2
271.559,36,103.0,1311.0,51.0,4.0,23.3,83.5,-4.0,29.0,29.0
271.651,37,103.0,1311.0,51.0,4.0,23.3,83.5,-4.0,29.0,29.0
271.74,37,102.0,1311.0,51.0,4.0,23.3,83.5,-4.0,29.0,29.0
271.831,37,102.0,1304.0,51.0,4.0,23.3,83.5,-4.0,29.0,29.0
271.921,37,102.0,1304.0,51.0,4.0,23.3,83.5,-4.0,29.0,29.0
272.01,37,102.0,1304.0,51.0,4.0,23.3,83.5,-4.0,29.0,29.0
272.099,37,102.0,1304.0,51.0,4.0,22.72,83.5,-4.0,29.0,29.0
272.19,37,102.0,1304.0,51.0,4.0,22.72,83.5,-4.0,29.0,29.0
272.28,37,102.0,1304.0,51.0,4.0,22.72,83.5,-4.0,29.0,29.0
272.371,37,102.0,1304.0,51.0,4.0,22.72,83.5,-4.0,25.1,29.0
272.46,37,102.0,1304.0,51.0,4.0,22.72,83.5,-4.0,25.1,24.7
272.521,37,102.0,1304.0,51.0,4.0,22.72,83.5,-4.0,25.1,24.7
272.611,37,100.0,1304.0,51.0,4.0,22.72,83.5,-4.0,25.1,24.7
272.673,37,100.0,1300.0,51.0,4.0,22.72,83.5,-4.0,25.1,24.7
272.76,37,100.0,1300.0,50.0,4.0,22.72,83.5,-4.0,25.1,24.7
272.851,37,100.0,1300.0,50.0,4.0,22.72,83.5,-4.0,25.1,24.7
272.939,37,100.0,1300.0,50.0,4.0,22.52,83.5,-4.0,25.1,24.7
273.03,37,100.0,1300.0,50.0,4.0,22.52,83.5,-4.0,25.1,24.7
273.119,37,100.0,1300.0,50.0,4.0,22.52,83.5,-4.0,25.1,24.7
273.209,37,100.0,1300.0,50.0,4.0,22.52,83.5,-4.0,24.7,24.7
273.271,37,100.0,1300.0,50.0,4.0,22.52,83.5,-4.0,24.7,25.1
273.36,37,100.0,1300.0,50.0,4.0,22.52,83.5,-4.0,24.7,25.1
273.422,37,99.0,1300.0,50.0,4.0,22.52,83.5,-4.0,24.7,25.1
273.539,37,99.0,1281.0,50.0,4.0,22.52,83.5,-4.0,24.7,25.1
273.629,37,99.0,1281.0,50.0,4.0,22.52,83.5,-4.0,24.7,25.1
273.72,37,99.0,1281.0,50.0,4.0,22.52,83.5,-4.0,24.7,25.1
273.811,37,99.0,1281.0,50.0,4.0,21.97,83.5,-4.0,24.7,25.1
273.872,37,99.0,1281.0,50.0,4.0,21.97,83.5,-4.0,24.7,25.1
273.959,37,99.0,1281.0,50.0,4.0,21.97,83.5,-4.0,24.7,25.1
274.049,37,99.0,1281.0,50.0,4.0,21.97,83.5,-4.0,25.5,25.1
274.11,37,99.0,1281.0,50.0,4.0,21.97,83.5,-4.0,25.5,25.9
274.169,37,99.0,1281.0,50.0,4.0,21.97,83.5,-4.0,25.5,25.9
274.259,37,99.0,1281.0,50.0,4.0,21.97,83.5,-4.0,25.5,25.9
274.35,37,99.0,1266.0,50.0,4.0,21.97,83.5,-4.0,25.5,25.9
274.439,37,99.0,1266.0,49.0,4.0,21.97,83.5,-4.0,25.5,25.9
274.531,37,99.0,1266.0,49.0,4.0,21.97,83.5,-4.0,25.5,25.9
274.619,37,99.0,1266.0,49.0,4.0,21.49,83.5,-4.0,25.5,25.9
274.71,37,99.0,1266.0,49.0,4.0,21.49,83.5,-4.0,25.5,25.9
274.8,37,99.0,1266.0,49.0,4.0,21.49,83.5,-4.0,25.5,25.9
274.891,37,99.0,1266.0,49.0,4.0,21.49,83.5,-4.0,34.5,25.9
274.98,37,99.0,1266.0,49.0,4.0,21.49,83.5,-4.0,34.5,36.5
275.07,37,99.0,1266.0,49.0,4.0,21.49,83.5,-4.0,34.5,36.5
275.159,37,100.0,1266.0,49.0,4.0,21.49,83.5,-4.0,34.5,36.5
275.251,37,100.0,1269.0,49.0,4.0,21.49,83.5,-4.0,34.5,36.5
275.314,37,100.0,1269.0,49.0,4.0,21.49,83.5,-4.0,34.5,36.5
275.4,37,100.0,1269.0,49.0,4.0,21.49,83.5,-4.0,34.5,36.5
275.491,37,100.0,1269.0,49.0,4.0,22.52,83.5,-4.0,34.5,36.5
275.579,37,100.0,1269.0,49.0,4.0,22.52,83.5,-4.0,34.5,36.5
275.671,37,100.0,1269.0,49.0,4.0,22.52,83.5,-4.0,34.5,36.5
275.76,37,100.0,1269.0,49.0,4.0,22.52,83.5,-4.0,37.3,36.5
275.853,37,100.0,1269.0,49.0,4.0,22.52,83.5,-4.0,37.3,37.6
275.94,37,100.0,1269.0,49.0,4.0,22.52,83.5,-4.0,37.3,37.6
276.029,37,111.0,1269.0,49.0,4.0,22.52,83.5,-4.0,37.3,37.6
276.119,37,111.0,1284.0,49.0,4.0,22.52,83.5,-4.0,37.3,37.6
276.21,37,111.0,1284.0,50.0,4.0,22.52,83.5,-4.0,37.3,37.6
276.299,37,111.0,1284.0,50.0,4.0,22.52,83.5,-4.0,37.3,37.6
276.389,37,111.0,1284.0,50.0,4.0,25.3,83.5,-4.0,37.3,37.6
276.479,37,111.0,1284.0,50.0,4.0,25.3,83.5,-4.0,37.3,37.6
276.57,37,111.0,1284.0,50.0,4.0,25.3,83.5,-4.0,37.3,37.6
276.659,37,111.0,1284.0,50.0,4.0,25.3,83.5,-4.0,30.2,37.6
276.752,37,111.0,1284.0,50.0,4.0,25.3,83.5,-4.0,30.2,30.2
276.84,37,111.0,1284.0,50.0,4.0,25.3,83.5,-4.0,30.2,30.2
276.931,37,108.0,1284.0,50.0,4.0,25.3,83.5,-4.0,30.2,30.2
277.019,37,108.0,1290.0,50.0,4.0,25.3,83.5,-4.0,30.2,30.2
277.11,37,108.0,1290.0,50.0,4.0,25.3,83.5,-4.0,30.2,30.2
277.201,37,108.0,1290.0,50.0,4.0,25.3,83.5,-4.0,30.2,30.2
277.262,37,108.0,1290.0,50.0,4.0,23.11,83.5,-4.0,30.2,30.2
277.351,37,108.0,1290.0,50.0,4.0,23.11,83.5,-4.0,30.2,30.2
277.438,37,108.0,1290.0,50.0,4.0,23.11,83.5,-4.0,30.2,30.2
277.528,37,108.0,1290.0,50.0,4.0,23.11,83.5,-4.0,28.2,30.2
277.619,37,108.0,1290.0,50.0,4.0,23.11,83.5,-4.0,28.2,28.6
277.709,37,108.0,1290.0,50.0,4.0,23.11,83.5,-4.0,28.2,28.6
277.799,37,102.0,1290.0,50.0,4.0,23.11,83.5,-4.0,28.2,28.6
277.891,37,102.0,1284.0,50.0,4.0,23.11,83.5,-4.0,28.2,28.6
277.979,37,102.0,1284.0,50.0,4.0,23.11,83.5,-4.0,28.2,28.6
278.069,37,102.0,1284.0,50.0,4.0,23.11,83.5,-4.0,28.2,28.6
278.16,37,102.0,1284.0,50.0,4.0,22.24,83.5,-4.0,28.2,28.6
278.25,37,102.0,1284.0,50.0,4.0,22.24,83.5,-4.0,28.2,28.6
278.339,37,102.0,1284.0,50.0,4.0,22.24,83.5,-4.0,28.2,28.6
278.43,37,102.0,1284.0,50.0,4.0,22.24,83.5,-4.0,34.9,28.6
278.521,37,102.0,1284.0,50.0,4.0,22.24,83.5,-4.0,34.9,36.9
278.609,37,102.0,1284.0,50.0,4.0,22.24,83.5,-4.0,34.9,36.9
278.699,37,102.0,1284.0,50.0,4.0,22.24,83.5,-4.0,34.9,36.9
278.79,37,102.0,1301.0,50.0,4.0,22.24,83.5,-4.0,34.9,36.9
278.879,37,102.0,1301.0,50.0,4.0,22.24,83.5,-4.0,34.9,36.9
278.969,37,102.0,1301.0,50.0,4.0,22.24,83.5,-4.0,34.9,36.9
279.059,37,102.0,1301.0,50.0,4.0,24.47,83.5,-4.0,34.9,36.9
279.15,37,102.0,1301.0,50.0,4.0,24.47,83.5,-4.0,34.9,36.9
279.212,37,102.0,1301.0,50.0,4.0,24.47,83.5,-4.0,34.9,36.9
279.3,37,102.0,1301.0,50.0,4.0,24.47,83.5,-4.0,40.4,36.9
279.393,37,102.0,1301.0,50.0,4.0,24.47,83.5,-4.0,40.4,40.8
279.509,37,102.0,1301.0,50.0,4.0,24.47,83.5,-4.0,40.4,40.8
279.6,37,118.0,1301.0,50.0,4.0,24.47,83.5,-4.0,40.4,40.8
279.661,37,118.0,1320.0,50.0,4.0,24.47,83.5,-4.0,40.4,40.8
279.751,37,118.0,1320.0,51.0,4.0,24.47,83.5,-4.0,40.4,40.8
279.84,37,118.0,1320.0,51.0,5.0,24.47,83.5,-4.0,40.4,40.8
279.931,37,118.0,1320.0,51.0,5.0,28.41,83.5,-4.0,40.4,40.8
280.019,37,118.0,1320.0,51.0,5.0,28.41,83.5,-4.0,40.4,40.8
280.108,37,118.0,1320.0,51.0,5.0,28.41,83.5,-4.0,40.4,40.8
280.199,37,118.0,1320.0,51.0,5.0,28.41,83.5,-4.0,37.6,40.8
280.289,37,118.0,1320.0,51.0,5.0,28.41,83.5,-4.0,37.6,35.3
280.379,37,118.0,1320.0,51.0,5.0,28.41,83.5,-4.0,37.6,35.3
280.47,37,123.0,1320.0,51.0,5.0,28.41,83.5,-4.0,37.6,35.3
280.559,37,123.0,1354.0,51.0,5.0,28.41,83.5,-4.0,37.6,35.3
280.651,37,123.0,1354.0,53.0,5.0,28.41,83.5,-4.0,37.6,35.3
280.739,37,123.0,1354.0,53.0,5.0,28.41,83.5,-4.0,37.6,35.3
280.831,37,123.0,1354.0,53.0,5.0,25.72,83.5,-4.0,37.6,35.3
280.919,37,123.0,1354.0,53.0,5.0,25.72,83.5,-4.0,37.6,35.3
281.011,37,123.0,1354.0,53.0,5.0,25.72,83.5,-4.0,37.6,35.3
281.099,37,123.0,1354.0,53.0,5.0,25.72,83.5,-4.0,34.1,35.3
281.19,37,123.0,1354.0,53.0,5.0,25.72,83.5,-4.0,34.1,34.5
281.279,37,123.0,1354.0,53.0,5.0,25.72,83.5,-4.0,34.1,34.5
281.37,37,108.0,1354.0,53.0,5.0,25.72,83.5,-4.0,34.1,34.5
281.459,37,108.0,1366.0,53.0,5.0,25.72,83.5,-4.0,34.1,34.5
281.55,37,108.0,1366.0,53.0,5.0,25.72,83.5,-4.0,34.1,34.5
281.611,37,108.0,1366.0,53.0,5.0,25.72,83.5,-4.0,34.1,34.5
281.701,37,108.0,1366.0,53.0,5.0,24.91,83.5,-4.0,34.1,34.5
281.79,37,108.0,1366.0,53.0,5.0,24.91,83.5,-4.0,34.1,34.5
281.879,37,108.0,1366.0,53.0,5.0,24.91,83.5,-4.0,34.1,34.5
281.971,37,108.0,1366.0,53.0,5.0,24.91,83.5,-4.0,34.1,34.5
282.059,37,108.0,1366.0,53.0,5.0,24.91,83.5,-4.0,34.1,34.5
282.15,37,108.0,1366.0,53.0,5.0,24.91,83.5,-4.0,34.1,34.5
282.24,37,106.0,1366.0,53.0,5.0,24.91,83.5,-4.0,34.1,34.5
282.33,37,106.0,1385.0,53.0,5.0,24.91,83.5,-4.0,34.1,34.5
282.419,37,106.0,1385.0,54.0,5.0,24.91,83.5,-4.0,34.1,34.5
282.51,37,106.0,1385.0,54.0,5.0,24.91,83.5,-4.0,34.1,34.5
282.599,37,106.0,1385.0,54.0,5.0,25.36,83.5,-4.0,34.1,34.5
282.689,37,106.0,1385.0,54.0,5.0,25.36,83.5,-4.0,34.1,34.5
282.779,37,106.0,1385.0,54.0,5.0,25.36,83.5,-4.0,34.1,34.5
282.87,37,106.0,1385.0,54.0,5.0,25.36,83.5,-4.0,32.2,34.5
282.959,37,106.0,1385.0,54.0,5.0,25.36,83.5,-4.0,32.2,31.8
283.05,38,106.0,1385.0,54.0,5.0,25.36,83.5,-4.0,32.2,31.8
283.14,38,105.0,1385.0,54.0,5.0,25.36,83.5,-4.0,32.2,31.8
283.231,38,105.0,1376.0,54.0,5.0,25.36,83.5,-4.0,32.2,31.8
283.319,38,105.0,1376.0,54.0,5.0,25.36,83.5,-4.0,32.2,31.8
283.41,38,105.0,1376.0,54.0,4.0,25.36,83.5,-4.0,32.2,31.8
283.5,38,105.0,1376.0,54.0,4.0,24.86,83.5,-4.0,32.2,31.8
283.59,38,105.0,1376.0,54.0,4.0,24.86,83.5,-4.0,32.2,31.8
283.679,38,105.0,1376.0,54.0,4.0,24.86,83.5,-5.0,32.2,31.8
283.77,38,105.0,1376.0,54.0,4.0,24.86,83.5,-5.0,29.0,31.8
283.861,38,105.0,1376.0,54.0,4.0,24.86,83.5,-5.0,29.0,28.6
283.952,38,105.0,1376.0,54.0,4.0,24.86,83.5,-5.0,29.0,28.6
284.014,38,101.0,1376.0,54.0,4.0,24.86,83.5,-5.0,29.0,28.6
284.099,38,101.0,1385.0,54.0,4.0,24.86,83.5,-5.0,29.0,28.6
284.19,38,101.0,1385.0,54.0,4.0,24.86,83.5,-5.0,29.0,28.6
284.279,38,101.0,1385.0,54.0,4.0,24.86,83.5,-5.0,29.0,28.6
284.371,38,101.0,1385.0,54.0,4.0,24.11,83.5,-5.0,29.0,28.6
284.459,38,101.0,1385.0,54.0,4.0,24.11,83.5,-5.0,29.0,28.6
284.549,38,101.0,1385.0,54.0,4.0,24.11,83.5,-5.0,29.0,28.6
284.639,38,101.0,1385.0,54.0,4.0,24.11,83.5,-5.0,14.1,28.6
284.731,38,101.0,1385.0,54.0,4.0,24.11,83.5,-5.0,14.1,14.5
284.82,38,101.0,1385.0,54.0,4.0,24.11,83.5,-5.0,14.1,14.5
284.912,38,101.0,1385.0,54.0,4.0,24.11,83.5,-5.0,14.1,14.5
284.999,38,101.0,1357.0,54.0,4.0,24.11,83.5,-5.0,14.1,14.5
285.09,38,101.0,1357.0,53.0,4.0,24.11,83.5,-5.0,14.1,14.5
285.179,38,101.0,1357.0,53.0,4.0,24.11,83.5,-5.0,14.1,14.5
285.27,38,101.0,1357.0,53.0,4.0,24.3,83.5,-5.0,14.1,14.5
285.36,38,101.0,1357.0,53.0,4.0,24.3,83.5,-5.0,14.1,14.5
285.451,38,101.0,1357.0,53.0,4.0,24.3,83.5,-5.0,14.1,14.5
285.539,38,101.0,1357.0,53.0,4.0,24.3,83.5,-5.0,14.1,14.5
285.631,38,101.0,1357.0,53.0,4.0,24.3,83.5,-5.0,14.1,14.5
285.719,38,101.0,1357.0,53.0,4.0,24.3,83.5,-5.0,14.1,14.5
285.812,38,108.0,1357.0,53.0,4.0,24.3,83.5,-5.0,14.1,14.5
285.9,38,108.0,1305.0,53.0,4.0,24.3,83.5,-5.0,14.1,14.5
285.962,38,108.0,1305.0,51.0,4.0,24.3,83.5,-5.0,14.1,14.5
286.049,38,108.0,1305.0,51.0,4.0,24.3,83.5,-5.0,14.1,14.5
286.139,38,108.0,1305.0,51.0,4.0,24.16,83.5,-5.0,14.1,14.5
286.232,38,108.0,1305.0,51.0,4.0,24.16,83.5,-5.0,14.1,14.5
286.32,38,108.0,1305.0,51.0,4.0,24.16,83.5,-5.0,14.1,14.5
286.41,38,108.0,1305.0,51.0,4.0,24.16,83.5,-5.0,14.1,14.5
286.5,38,108.0,1305.0,51.0,4.0,24.16,83.5,-5.0,14.1,14.5
286.62,38,108.0,1305.0,51.0,4.0,24.16,83.5,-5.0,14.1,14.5
286.711,38,110.0,1305.0,51.0,4.0,24.16,83.5,-5.0,14.1,14.5
286.8,38,110.0,1274.0,51.0,4.0,24.16,83.5,-5.0,14.1,14.5
286.862,38,110.0,1274.0,49.0,4.0,24.16,83.5,-5.0,14.1,14.5
286.951,38,110.0,1274.0,49.0,4.0,24.16,83.5,-5.0,14.1,14.5
287.039,38,110.0,1274.0,49.0,4.0,23.66,83.5,-5.0,14.1,14.5
287.129,38,110.0,1274.0,49.0,4.0,23.66,83.5,-5.0,14.1,14.5
287.221,38,110.0,1274.0,49.0,4.0,23.66,83.5,-5.0,14.1,14.5
287.311,38,110.0,1274.0,49.0,4.0,23.66,83.5,-5.0,14.1,14.5
287.4,38,110.0,1274.0,49.0,4.0,23.66,83.5,-5.0,14.1,14.1
287.461,38,110.0,1274.0,49.0,4.0,23.66,83.5,-5.0,14.1,14.1
287.549,38,109.0,1274.0,49.0,4.0,23.66,83.5,-5.0,14.1,14.1
287.611,38,109.0,1225.0,49.0,4.0,23.66,83.5,-5.0,14.1,14.1
287.699,38,109.0,1225.0,47.0,4.0,23.66,83.5,-5.0,14.1,14.1
287.79,38,109.0,1225.0,47.0,4.0,23.66,83.5,-5.0,14.1,14.1
287.88,38,109.0,1225.0,47.0,4.0,22.72,83.5,-5.0,14.1,14.1
287.969,38,109.0,1225.0,47.0,4.0,22.72,83.5,-5.0,14.1,14.1
288.059,38,109.0,1225.0,47.0,4.0,22.72,83.5,-5.0,14.1,14.1
288.151,38,109.0,1225.0,47.0,4.0,22.72,83.5,-5.0,22.4,14.1
288.24,38,109.0,1225.0,47.0,4.0,22.72,83.5,-5.0,22.4,22.4
288.331,38,109.0,1225.0,47.0,4.0,22.72,83.5,-5.0,22.4,22.4
288.419,38,110.0,1225.0,47.0,4.0,22.72,83.5,-5.0,22.4,22.4
288.512,38,110.0,1199.0,47.0,4.0,22.72,83.5,-5.0,22.4,22.4
288.606,38,110.0,1199.0,46.0,4.0,22.72,83.5,-5.0,22.4,22.4
288.659,38,110.0,1199.0,46.0,4.0,22.72,83.5,-5.0,22.4,22.4
288.749,38,110.0,1199.0,46.0,4.0,22.27,83.5,-5.0,22.4,22.4
288.811,38,110.0,1199.0,46.0,4.0,22.27,83.5,-5.0,22.4,22.4
288.9,38,110.0,1199.0,46.0,4.0,22.27,83.5,-5.0,22.4,22.4
288.991,38,110.0,1199.0,46.0,4.0,22.27,83.5,-5.0,22.7,22.4
289.078,38,110.0,1199.0,46.0,4.0,22.27,83.5,-5.0,22.7,22.4
289.168,38,110.0,1199.0,46.0,4.0,22.27,83.5,-5.0,22.7,22.4
289.258,38,111.0,1199.0,46.0,4.0,22.27,83.5,-5.0,22.7,22.4
289.35,38,111.0,1178.0,46.0,4.0,22.27,83.5,-5.0,22.7,22.4
289.44,38,111.0,1178.0,46.0,4.0,22.27,83.5,-5.0,22.7,22.4
289.529,38,111.0,1178.0,46.0,4.0,22.27,83.5,-5.0,22.7,22.4
289.619,38,111.0,1178.0,46.0,4.0,22.08,83.5,-5.0,22.7,22.4
289.71,38,111.0,1178.0,46.0,4.0,22.08,83.5,-5.0,22.7,22.4
289.8,38,111.0,1178.0,46.0,4.0,22.08,83.5,-5.0,22.7,22.4
289.861,38,111.0,1178.0,46.0,4.0,22.08,83.5,-5.0,22.7,22.4
289.95,38,111.0,1178.0,46.0,4.0,22.08,83.5,-5.0,22.7,22.4
290.012,38,111.0,1178.0,46.0,4.0,22.08,83.5,-5.0,22.7,22.4
290.099,38,111.0,1178.0,46.0,4.0,22.08,83.5,-5.0,22.7,22.4
290.22,38,111.0,1159.0,46.0,4.0,22.08,83.5,-5.0,22.7,22.4
290.31,38,111.0,1159.0,45.0,4.0,22.08,83.5,-5.0,22.7,22.4
290.4,38,111.0,1159.0,45.0,3.0,22.08,83.5,-5.0,22.7,22.4
290.463,38,111.0,1159.0,45.0,3.0,21.22,83.5,-5.0,22.7,22.4
290.578,38,111.0,1159.0,45.0,3.0,21.22,83.5,-5.0,22.7,22.4
290.669,38,111.0,1159.0,45.0,3.0,21.22,83.5,-5.0,22.7,22.4
290.759,38,111.0,1159.0,45.0,3.0,21.22,83.5,-5.0,23.1,22.4
290.849,38,111.0,1159.0,45.0,3.0,21.22,83.5,-5.0,23.1,24.3
290.939,38,111.0,1159.0,45.0,3.0,21.22,83.5,-5.0,23.1,24.3
291.03,38,103.0,1159.0,45.0,3.0,21.22,83.5,-5.0,23.1,24.3
291.119,38,103.0,1148.0,45.0,3.0,21.22,83.5,-5.0,23.1,24.3
291.209,38,103.0,1148.0,45.0,3.0,21.22,83.5,-5.0,23.1,24.3
291.299,38,103.0,1148.0,45.0,3.0,21.22,83.5,-5.0,23.1,24.3
291.39,38,103.0,1148.0,45.0,3.0,19.47,83.5,-5.0,23.1,24.3
291.479,38,103.0,1148.0,45.0,3.0,19.47,83.5,-5.0,23.1,24.3
291.631,38,103.0,1148.0,45.0,3.0,19.47,83.5,-5.0,23.1,24.3
291.72,38,103.0,1148.0,45.0,3.0,19.47,83.5,-5.0,26.3,24.3
291.811,38,103.0,1148.0,45.0,3.0,19.47,83.5,-5.0,26.3,26.7
291.9,38,103.0,1148.0,45.0,3.0,19.47,83.5,-5.0,26.3,26.7
291.961,38,100.0,1148.0,45.0,3.0,19.47,83.5,-5.0,26.3,26.7
292.058,38,100.0,1146.0,45.0,3.0,19.47,83.5,-5.0,26.3,26.7
292.139,38,100.0,1146.0,44.0,3.0,19.47,83.5,-5.0,26.3,26.7
292.229,38,100.0,1146.0,44.0,3.0,19.47,83.5,-5.0,26.3,26.7
292.319,38,100.0,1146.0,44.0,3.0,19.49,83.5,-5.0,26.3,26.7
292.418,38,100.0,1146.0,44.0,3.0,19.49,83.5,-5.0,26.3,26.7
292.499,38,100.0,1146.0,44.0,3.0,19.49,83.5,-5.0,26.3,26.7
292.56,38,100.0,1146.0,44.0,3.0,19.49,83.5,-5.0,28.2,26.7
292.65,38,100.0,1146.0,44.0,3.0,19.49,83.5,-5.0,28.2,27.1
292.711,38,100.0,1146.0,44.0,3.0,19.49,83.5,-5.0,28.2,27.1
292.799,38,100.0,1146.0,44.0,3.0,19.49,83.5,-5.0,28.2,27.1
292.86,38,100.0,1125.0,44.0,3.0,19.49,83.5,-5.0,28.2,27.1
292.95,38,100.0,1125.0,44.0,3.0,19.49,83.5,-5.0,28.2,27.1
293.012,38,100.0,1125.0,44.0,3.0,19.49,83.5,-5.0,28.2,27.1
293.099,38,100.0,1125.0,44.0,3.0,17.55,83.5,-5.0,28.2,27.1
293.159,38,100.0,1125.0,44.0,3.0,17.55,83.5,-5.0,28.2,27.1
293.248,38,100.0,1125.0,44.0,3.0,17.55,83.5,-5.0,28.2,27.1
293.338,38,100.0,1125.0,44.0,3.0,17.55,83.5,-5.0,14.1,27.1
293.429,38,100.0,1125.0,44.0,3.0,17.55,83.5,-5.0,14.1,16.5
293.519,39,100.0,1125.0,44.0,3.0,17.55,83.5,-5.0,14.1,16.5
293.609,39,102.0,1125.0,44.0,3.0,17.55,83.5,-5.0,14.1,16.5
293.699,39,102.0,1377.0,44.0,3.0,17.55,83.5,-5.0,14.1,16.5
293.76,39,102.0,1377.0,43.0,3.0,17.55,83.5,-5.0,14.1,16.5
293.85,39,102.0,1377.0,43.0,3.0,17.55,83.5,-5.0,14.1,16.5
293.911,39,102.0,1377.0,43.0,3.0,28.47,83.5,-5.0,14.1,16.5
293.999,39,102.0,1377.0,43.0,3.0,28.47,83.5,-5.0,14.1,16.5
294.064,39,102.0,1377.0,43.0,3.0,28.47,83.5,-5.0,14.1,16.5
294.149,39,102.0,1377.0,43.0,3.0,28.47,83.5,-5.0,30.6,16.5
294.21,39,102.0,1377.0,43.0,3.0,28.47,83.5,-5.0,30.6,31.0
294.3,39,102.0,1377.0,43.0,3.0,28.47,83.5,-5.0,30.6,31.0
294.361,39,100.0,1377.0,43.0,3.0,28.47,83.5,-5.0,30.6,31.0
294.451,39,100.0,1612.0,43.0,3.0,28.47,83.5,-5.0,30.6,31.0
294.54,39,100.0,1612.0,43.0,3.0,28.47,83.5,-5.0,30.6,31.0
294.602,39,100.0,1612.0,43.0,3.0,28.47,83.5,-5.0,30.6,31.0
294.662,39,100.0,1612.0,43.0,3.0,28.58,83.5,-5.0,30.6,31.0
294.751,39,100.0,1612.0,43.0,3.0,28.58,83.5,-5.0,30.6,31.0
294.811,39,100.0,1612.0,43.0,3.0,28.58,83.5,-5.0,30.6,31.0
294.899,39,100.0,1612.0,43.0,3.0,28.58,83.5,-5.0,33.3,31.0
294.96,39,100.0,1612.0,43.0,3.0,28.58,83.5,-5.0,33.3,33.7
295.049,39,100.0,1612.0,43.0,3.0,28.58,83.5,-5.0,33.3,33.7
295.109,39,103.0,1612.0,43.0,3.0,28.58,83.5,-5.0,33.3,33.7
295.199,39,103.0,1616.0,43.0,3.0,28.58,83.5,-5.0,33.3,33.7
295.26,39,103.0,1616.0,43.0,3.0,28.58,83.5,-5.0,33.3,33.7
295.35,39,103.0,1616.0,43.0,5.0,28.58,83.5,-5.0,33.3,33.7
295.41,39,103.0,1616.0,43.0,5.0,29.44,83.5,-5.0,33.3,33.7
295.5,39,103.0,1616.0,43.0,5.0,29.44,83.5,-5.0,33.3,33.7
295.56,39,103.0,1616.0,43.0,5.0,29.44,83.5,-5.0,33.3,33.7
295.65,39,103.0,1616.0,43.0,5.0,29.44,83.5,-5.0,33.3,33.7
295.712,39,103.0,1616.0,43.0,5.0,29.44,83.5,-5.0,33.3,33.7
295.799,39,103.0,1616.0,43.0,5.0,29.44,83.5,-5.0,33.3,33.7
295.86,39,106.0,1616.0,43.0,5.0,29.44,83.5,-5.0,33.3,33.7
295.951,39,106.0,1634.0,43.0,5.0,29.44,83.5,-5.0,33.3,33.7
296.024,39,106.0,1634.0,44.0,5.0,29.44,83.5,-5.0,33.3,33.7
296.099,39,106.0,1634.0,44.0,5.0,29.44,83.5,-5.0,33.3,33.7
296.16,39,106.0,1634.0,44.0,5.0,30.41,83.5,-5.0,33.3,33.7
296.25,39,106.0,1634.0,44.0,5.0,30.41,83.5,-5.0,33.3,33.7
296.311,39,106.0,1634.0,44.0,5.0,30.41,83.5,-5.0,33.3,33.7
296.399,39,106.0,1634.0,44.0,5.0,30.41,83.5,-5.0,32.2,33.7
296.519,39,106.0,1634.0,44.0,5.0,30.41,83.5,-5.0,32.2,29.8
296.613,39,106.0,1634.0,44.0,5.0,30.41,83.5,-5.0,32.2,29.8
296.7,39,107.0,1634.0,44.0,5.0,30.41,83.5,-5.0,32.2,29.8
296.762,39,107.0,1639.0,44.0,5.0,30.41,83.5,-5.0,32.2,29.8
296.851,39,107.0,1639.0,44.0,5.0,30.41,83.5,-5.0,32.2,29.8
296.912,39,107.0,1639.0,44.0,5.0,30.41,83.5,-5.0,32.2,29.8
296.998,39,107.0,1639.0,44.0,5.0,29.33,83.5,-5.0,32.2,29.8
297.06,39,107.0,1639.0,44.0,5.0,29.33,83.5,-5.0,32.2,29.8
297.15,39,107.0,1639.0,44.0,5.0,29.33,83.5,-5.0,32.2,29.8
297.21,39,107.0,1639.0,44.0,5.0,29.33,83.5,-5.0,29.4,29.8
297.299,39,107.0,1639.0,44.0,5.0,29.33,83.5,-5.0,29.4,29.4
297.36,39,107.0,1639.0,44.0,5.0,29.33,83.5,-5.0,29.4,29.4
297.45,39,102.0,1639.0,44.0,5.0,29.33,83.5,-5.0,29.4,29.4
297.514,39,102.0,1633.0,44.0,5.0,29.33,83.5,-5.0,29.4,29.4
297.6,39,102.0,1633.0,44.0,5.0,29.33,83.5,-5.0,29.4,29.4
297.662,39,102.0,1633.0,44.0,5.0,29.33,83.5,-5.0,29.4,29.4
297.751,39,102.0,1633.0,44.0,5.0,28.77,83.5,-5.0,29.4,29.4
297.812,39,102.0,1633.0,44.0,5.0,28.77,83.5,-5.0,29.4,29.4
297.9,39,102.0,1633.0,44.0,5.0,28.77,83.5,-5.0,29.4,29.4
297.963,39,102.0,1633.0,44.0,5.0,28.77,83.5,-5.0,29.4,29.4
298.049,39,102.0,1633.0,44.0,5.0,28.77,83.5,-5.0,29.4,29.8
298.113,39,102.0,1633.0,44.0,5.0,28.77,83.5,-5.0,29.4,29.8
298.2,39,101.0,1633.0,44.0,5.0,28.77,83.5,-5.0,29.4,29.8
298.261,39,101.0,1625.0,44.0,5.0,28.77,83.5,-5.0,29.4,29.8
298.35,39,101.0,1625.0,44.0,5.0,28.77,83.5,-5.0,29.4,29.8
298.415,39,101.0,1625.0,44.0,4.0,28.77,83.5,-5.0,29.4,29.8
298.5,39,101.0,1625.0,44.0,4.0,28.8,83.5,-5.0,29.4,29.8
298.563,39,101.0,1625.0,44.0,4.0,28.8,83.5,-5.0,29.4,29.8
298.65,39,101.0,1625.0,44.0,4.0,28.8,83.5,-5.0,29.4,29.8
298.711,39,101.0,1625.0,44.0,4.0,28.8,83.5,-5.0,29.8,29.8
298.8,39,101.0,1625.0,44.0,4.0,28.8,83.5,-5.0,29.8,29.8
298.862,39,101.0,1625.0,44.0,4.0,28.8,83.5,-5.0,29.8,29.8
298.951,39,101.0,1625.0,44.0,4.0,28.8,83.5,-5.0,29.8,29.8
299.011,39,101.0,1625.0,44.0,4.0,28.8,83.5,-5.0,29.8,29.8
299.099,39,101.0,1625.0,44.0,4.0,28.8,83.5,-5.0,29.8,29.8
299.16,39,101.0,1625.0,44.0,4.0,28.8,83.5,-5.0,29.8,29.8
299.279,39,101.0,1625.0,44.0,4.0,29.08,83.5,-5.0,29.8,29.8
299.368,39,101.0,1625.0,44.0,4.0,29.08,83.5,-5.0,29.8,29.8
299.458,39,101.0,1625.0,44.0,4.0,29.08,83.5,-5.0,29.8,29.8
299.549,39,101.0,1625.0,44.0,4.0,29.08,83.5,-5.0,31.0,29.8
299.613,39,101.0,1625.0,44.0,4.0,29.08,83.5,-5.0,31.0,31.0
299.7,39,101.0,1625.0,44.0,4.0,29.08,83.5,-5.0,31.0,31.0
299.761,39,102.0,1625.0,44.0,4.0,29.08,83.5,-5.0,31.0,31.0
299.851,39,102.0,1621.0,44.0,4.0,29.08,83.5,-5.0,31.0,31.0
299.912,39,102.0,1621.0,43.0,4.0,29.08,83.5,-5.0,31.0,31.0
300.003,39,102.0,1621.0,43.0,4.0,29.08,83.5,-5.0,31.0,31.0
300.06,39,102.0,1621.0,43.0,4.0,29.13,83.5,-5.0,31.0,31.0
300.15,39,102.0,1621.0,43.0,4.0,29.13,83.5,-5.0,31.0,31.0
300.213,39,102.0,1621.0,43.0,4.0,29.13,83.5,-5.0,31.0,31.0
300.3,39,102.0,1621.0,43.0,4.0,29.13,83.5,-5.0,30.2,31.0
300.36,39,102.0,1621.0,43.0,4.0,29.13,83.5,-5.0,30.2,30.6
300.451,39,102.0,1621.0,43.0,4.0,29.13,83.5,-5.0,30.2,30.6
300.511,39,103.0,1621.0,43.0,4.0,29.13,83.5,-5.0,30.2,30.6
300.599,39,103.0,1619.0,43.0,4.0,29.13,83.5,-5.0,30.2,30.6
300.66,39,103.0,1619.0,43.0,4.0,29.13,83.5,-5.0,30.2,30.6
300.75,39,103.0,1619.0,43.0,4.0,29.13,83.5,-5.0,30.2,30.6
300.812,39,103.0,1619.0,43.0,4.0,29.08,83.5,-5.0,30.2,30.6
300.899,39,103.0,1619.0,43.0,4.0,29.08,83.5,-5.0,30.2,30.6
300.961,39,103.0,1619.0,43.0,4.0,29.08,83.5,-5.0,30.2,30.6
301.07,39,103.0,1619.0,43.0,4.0,29.08,83.5,-5.0,30.2,30.6
301.199,39,103.0,1619.0,43.0,4.0,29.08,83.5,-5.0,30.2,30.6
301.261,39,103.0,1619.0,43.0,4.0,29.08,83.5,-5.0,30.2,30.6
301.349,39,102.0,1619.0,43.0,4.0,29.08,83.5,-5.0,30.2,30.6
301.411,39,102.0,1619.0,43.0,4.0,29.08,83.5,-5.0,30.2,30.6
301.499,39,102.0,1619.0,44.0,4.0,29.08,83.5,-5.0,30.2,30.6
301.618,39,102.0,1619.0,44.0,4.0,29.08,83.5,-5.0,30.2,30.6
301.71,39,102.0,1619.0,44.0,4.0,28.97,83.5,-5.0,30.2,30.6
301.8,39,102.0,1619.0,44.0,4.0,28.97,83.5,-5.0,30.2,30.6
301.861,39,102.0,1619.0,44.0,4.0,28.97,83.5,-5.0,30.2,30.6
301.95,39,102.0,1619.0,44.0,4.0,28.97,83.5,-5.0,30.2,30.6
302.012,39,102.0,1619.0,44.0,4.0,28.97,83.5,-5.0,30.2,30.6
302.099,39,102.0,1619.0,44.0,4.0,28.97,83.5,-5.0,30.2,30.6
302.219,39,103.0,1619.0,44.0,4.0,28.97,83.5,-5.0,30.2,30.6
302.309,39,103.0,1614.0,44.0,4.0,28.97,83.5,-5.0,30.2,30.6
302.4,39,103.0,1614.0,43.0,4.0,28.97,83.5,-5.0,30.2,30.6
302.463,39,103.0,1614.0,43.0,4.0,28.97,83.5,-5.0,30.2,30.6
302.551,39,103.0,1614.0,43.0,4.0,28.91,83.5,-5.0,30.2,30.6
302.612,39,103.0,1614.0,43.0,4.0,28.91,83.5,-5.0,30.2,30.6
302.7,39,103.0,1614.0,43.0,4.0,28.91,83.5,-5.0,30.2,30.6
302.761,39,103.0,1614.0,43.0,4.0,28.91,83.5,-5.0,30.6,30.6
302.849,39,103.0,1614.0,43.0,4.0,28.91,83.5,-5.0,30.6,30.6
302.91,39,103.0,1614.0,43.0,4.0,28.91,83.5,-5.0,30.6,30.6
303.001,39,103.0,1614.0,43.0,4.0,28.91,83.5,-5.0,30.6,30.6
303.06,39,103.0,1607.0,43.0,4.0,28.91,83.5,-5.0,30.6,30.6
303.149,39,103.0,1607.0,43.0,4.0,28.91,83.5,-5.0,30.6,30.6
303.209,39,103.0,1607.0,43.0,4.0,28.91,83.5,-5.0,30.6,30.6
303.299,39,103.0,1607.0,43.0,4.0,28.61,83.5,-5.0,30.6,30.6
303.36,39,103.0,1607.0,43.0,4.0,28.61,83.5,-5.0,30.6,30.6
303.45,39,103.0,1607.0,43.0,4.0,28.61,83.5,-5.0,30.6,30.6
303.51,39,103.0,1607.0,43.0,4.0,28.61,83.5,-5.0,31.0,30.6
303.6,39,103.0,1607.0,43.0,4.0,28.61,83.5,-5.0,31.0,31.0
303.661,39,103.0,1607.0,43.0,4.0,28.61,83.5,-5.0,31.0,31.0
303.75,39,103.0,1607.0,43.0,4.0,28.61,83.5,-5.0,31.0,31.0
303.813,39,103.0,1613.0,43.0,4.0,28.61,83.5,-5.0,31.0,31.0
303.899,39,103.0,1613.0,43.0,4.0,28.61,83.5,-5.0,31.0,31.0
303.961,39,103.0,1613.0,43.0,4.0,28.61,83.5,-5.0,31.0,31.0
304.051,39,103.0,1613.0,43.0,4.0,29.19,83.5,-5.0,31.0,31.0
304.109,39,103.0,1613.0,43.0,4.0,29.19,83.5,-5.0,31.0,31.0
304.199,39,103.0,1613.0,43.0,4.0,29.19,83.5,-5.0,31.0,31.0
304.259,39,103.0,1613.0,43.0,4.0,29.19,83.5,-5.0,31.4,31.0
304.349,39,103.0,1613.0,43.0,4.0,29.19,83.5,-5.0,31.4,31.4
304.409,39,103.0,1613.0,43.0,4.0,29.19,83.5,-5.0,31.4,31.4
304.498,39,104.0,1613.0,43.0,4.0,29.19,83.5,-5.0,31.4,31.4
304.559,39,104.0,1609.0,43.0,4.0,29.19,83.5,-5.0,31.4,31.4
304.648,39,104.0,1609.0,43.0,4.0,29.19,83.5,-5.0,31.4,31.4
304.709,39,104.0,1609.0,43.0,4.0,29.19,83.5,-5.0,31.4,31.4
304.798,39,104.0,1609.0,43.0,4.0,29.41,83.5,-5.0,31.4,31.4
304.859,39,104.0,1609.0,43.0,4.0,29.41,83.5,-5.0,31.4,31.4
304.948,39,104.0,1609.0,43.0,4.0,29.41,83.5,-5.0,31.4,31.4
305.009,39,104.0,1609.0,43.0,4.0,29.41,83.5,-5.0,32.9,31.4
305.099,39,104.0,1609.0,43.0,4.0,29.41,83.5,-5.0,32.9,32.9
305.159,39,104.0,1609.0,43.0,4.0,29.41,83.5,-5.0,32.9,32.9
305.248,39,106.0,1609.0,43.0,4.0,29.41,83.5,-5.0,32.9,32.9
305.309,39,106.0,1610.0,43.0,4.0,29.41,83.5,-5.0,32.9,32.9
305.398,39,106.0,1610.0,43.0,4.0,29.41,83.5,-5.0,32.9,32.9
305.459,39,106.0,1610.0,43.0,3.0,29.41,83.5,-5.0,32.9,32.9
305.548,39,106.0,1610.0,43.0,3.0,29.99,83.5,-5.0,32.9,32.9
305.639,39,106.0,1610.0,43.0,3.0,29.99,83.5,-5.0,32.9,32.9
305.699,39,106.0,1610.0,43.0,3.0,29.99,83.5,-5.0,32.9,32.9
305.759,39,106.0,1610.0,43.0,3.0,29.99,83.5,-5.0,32.5,32.9
305.848,39,106.0,1610.0,43.0,3.0,29.99,83.5,-5.0,32.5,32.9
305.938,39,106.0,1610.0,43.0,3.0,29.99,83.5,-5.0,32.5,32.9
305.999,39,107.0,1610.0,43.0,3.0,29.99,83.5,-5.0,32.5,32.9
306.088,39,107.0,1619.0,43.0,3.0,29.99,83.5,-5.0,32.5,32.9
306.149,39,107.0,1619.0,44.0,3.0,29.99,83.5,-5.0,32.5,32.9
306.239,39,107.0,1619.0,44.0,3.0,29.99,83.5,-5.0,32.5,32.9
306.329,39,107.0,1619.0,44.0,3.0,30.22,83.5,-5.0,32.5,32.9
306.418,39,107.0,1619.0,44.0,3.0,30.22,83.5,-5.0,32.5,32.9
306.508,39,107.0,1619.0,44.0,3.0,30.22,83.5,-5.0,32.5,32.9
306.658,39,107.0,1619.0,44.0,3.0,30.22,83.5,-5.0,31.0,32.9
306.749,39,107.0,1619.0,44.0,3.0,30.22,83.5,-5.0,31.0,30.2
306.838,39,107.0,1619.0,44.0,3.0,30.22,83.5,-5.0,31.0,30.2
306.899,39,107.0,1619.0,44.0,3.0,30.22,83.5,-5.0,31.0,30.2
306.988,39,107.0,1615.0,44.0,3.0,30.22,83.5,-5.0,31.0,30.2
307.049,39,107.0,1615.0,43.0,3.0,30.22,83.5,-5.0,31.0,30.2
307.138,39,107.0,1615.0,43.0,3.0,30.22,83.5,-5.0,31.0,30.2
307.199,39,107.0,1615.0,43.0,3.0,29.86,83.5,-5.0,31.0,30.2
307.289,39,107.0,1615.0,43.0,3.0,29.86,83.5,-5.0,31.0,30.2
307.349,39,107.0,1615.0,43.0,3.0,29.86,83.5,-5.0,31.0,30.2
307.438,39,107.0,1615.0,43.0,3.0,29.86,83.5,-5.0,30.6,30.2
307.528,39,107.0,1615.0,43.0,3.0,29.86,83.5,-5.0,30.6,30.6
307.618,39,107.0,1615.0,43.0,3.0,29.86,83.5,-5.0,30.6,30.6
307.708,39,104.0,1615.0,43.0,3.0,29.86,83.5,-5.0,30.6,30.6
307.798,39,104.0,1606.0,43.0,3.0,29.86,83.5,-5.0,30.6,30.6
307.888,39,104.0,1606.0,43.0,3.0,29.86,83.5,-5.0,30.6,30.6
307.949,39,104.0,1606.0,43.0,3.0,29.86,83.5,-5.0,30.6,30.6
308.038,39,104.0,1606.0,43.0,3.0,28.86,83.5,-5.0,30.6,30.6
308.099,39,104.0,1606.0,43.0,3.0,28.86,83.5,-5.0,30.6,30.6
308.188,39,104.0,1606.0,43.0,3.0,28.86,83.5,-5.0,30.6,30.6
308.249,39,104.0,1606.0,43.0,3.0,28.86,83.5,-5.0,31.0,30.6
308.339,39,104.0,1606.0,43.0,3.0,28.86,83.5,-5.0,31.0,31.0
308.399,39,104.0,1606.0,43.0,3.0,28.86,83.5,-5.0,31.0,31.0
308.489,39,103.0,1606.0,43.0,3.0,28.86,83.5,-5.0,31.0,31.0
308.55,39,103.0,1606.0,43.0,3.0,28.86,83.5,-5.0,31.0,31.0
308.639,39,103.0,1606.0,43.0,3.0,28.86,83.5,-5.0,31.0,31.0
308.73,39,103.0,1606.0,43.0,3.0,28.86,83.5,-5.0,31.0,31.0
308.819,39,103.0,1606.0,43.0,3.0,28.83,83.5,-5.0,31.0,31.0
308.909,39,103.0,1606.0,43.0,3.0,28.83,83.5,-5.0,31.0,31.0
308.999,39,103.0,1606.0,43.0,3.0,28.83,83.5,-5.0,31.0,31.0
309.088,39,103.0,1606.0,43.0,3.0,28.83,83.5,-5.0,31.0,31.0
309.149,39,103.0,1606.0,43.0,3.0,28.83,83.5,-5.0,31.0,31.4
309.238,40,103.0,1606.0,43.0,3.0,28.83,83.5,-5.0,31.0,31.4
309.299,40,104.0,1606.0,43.0,3.0,28.83,83.5,-5.0,31.0,31.4
309.388,40,104.0,1603.0,43.0,3.0,28.83,83.5,-5.0,31.0,31.4
309.449,40,104.0,1603.0,43.0,3.0,28.83,83.5,-5.0,31.0,31.4
309.538,40,104.0,1603.0,43.0,3.0,28.83,83.5,-5.0,31.0,31.4
309.599,40,104.0,1603.0,43.0,3.0,28.97,83.5,-5.0,31.0,31.4
309.688,40,104.0,1603.0,43.0,3.0,28.97,83.5,-5.0,31.0,31.4
309.749,40,104.0,1603.0,43.0,3.0,28.97,83.5,-5.0,31.0,31.4
309.838,40,104.0,1603.0,43.0,3.0,28.97,83.5,-5.0,31.4,31.4
309.928,40,104.0,1603.0,43.0,3.0,28.97,83.5,-5.0,31.4,31.8
310.018,40,104.0,1603.0,43.0,3.0,28.97,83.5,-5.0,31.4,31.8
310.108,40,105.0,1603.0,43.0,3.0,28.97,83.5,-5.0,31.4,31.8
310.199,40,105.0,1601.0,43.0,3.0,28.97,83.5,-5.0,31.4,31.8
310.288,40,105.0,1601.0,43.0,3.0,28.97,83.5,-5.0,31.4,31.8
310.349,40,105.0,1601.0,43.0,3.0,28.97,83.5,-5.0,31.4,31.8
310.438,40,105.0,1601.0,43.0,3.0,29.38,83.5,-5.0,31.4,31.8
310.5,40,105.0,1601.0,43.0,3.0,29.38,83.5,-5.0,31.4,31.8
310.589,40,105.0,1601.0,43.0,3.0,29.38,83.5,-5.0,31.4,31.8
310.65,40,105.0,1601.0,43.0,3.0,29.38,83.5,-5.0,31.8,31.8
310.738,40,105.0,1601.0,43.0,3.0,29.38,83.5,-5.0,31.8,32.2
310.799,40,105.0,1601.0,43.0,3.0,29.38,83.5,-5.0,31.8,32.2
310.888,40,105.0,1601.0,43.0,3.0,29.38,83.5,-5.0,31.8,32.2
310.95,40,105.0,1598.0,43.0,3.0,29.38,83.5,-5.0,31.8,32.2
311.038,40,105.0,1598.0,43.0,3.0,29.38,83.5,-5.0,31.8,32.2
311.099,40,105.0,1598.0,43.0,3.0,29.38,83.5,-5.0,31.8,32.2
311.189,40,105.0,1598.0,43.0,3.0,29.47,83.5,-5.0,31.8,32.2
311.25,40,105.0,1598.0,43.0,3.0,29.47,83.5,-5.0,31.8,32.2
311.339,40,105.0,1598.0,43.0,3.0,29.47,83.5,-5.0,31.8,32.2
311.4,40,105.0,1598.0,43.0,3.0,29.47,83.5,-5.0,31.8,32.2
311.49,40,105.0,1598.0,43.0,3.0,29.47,83.5,-5.0,31.8,32.2
311.55,40,105.0,1598.0,43.0,3.0,29.47,83.5,-5.0,31.8,32.2
311.669,40,106.0,1598.0,43.0,3.0,29.47,83.5,-5.0,31.8,32.2
311.759,40,106.0,1601.0,43.0,3.0,29.47,83.5,-5.0,31.8,32.2
311.849,40,106.0,1601.0,43.0,3.0,29.47,83.5,-5.0,31.8,32.2
311.939,40,106.0,1601.0,43.0,3.0,29.47,83.5,-5.0,31.8,32.2
312.0,40,106.0,1601.0,43.0,3.0,29.38,83.5,-5.0,31.8,32.2
312.088,40,106.0,1601.0,43.0,3.0,29.38,83.5,-5.0,31.8,32.2
312.149,40,106.0,1601.0,43.0,3.0,29.38,83.5,-5.0,31.8,32.2
312.238,40,106.0,1601.0,43.0,3.0,29.38,83.5,-5.0,32.2,32.2
312.329,40,106.0,1601.0,43.0,3.0,29.38,83.5,-5.0,32.2,32.2
312.389,40,106.0,1601.0,43.0,3.0,29.38,83.5,-5.0,32.2,32.2
312.45,40,106.0,1601.0,43.0,3.0,29.38,83.5,-5.0,32.2,32.2
312.568,40,106.0,1593.0,43.0,3.0,29.38,83.5,-5.0,32.2,32.2
312.659,40,106.0,1593.0,43.0,3.0,29.38,83.5,-5.0,32.2,32.2
312.75,40,106.0,1593.0,43.0,3.0,29.38,83.5,-5.0,32.2,32.2
312.839,40,106.0,1593.0,43.0,3.0,29.41,83.5,-5.0,32.2,32.2
312.9,40,106.0,1593.0,43.0,3.0,29.41,83.5,-5.0,32.2,32.2
312.989,40,106.0,1593.0,43.0,3.0,29.41,83.5,-5.0,32.2,32.2
313.05,40,106.0,1593.0,43.0,3.0,29.41,83.5,-5.0,32.2,32.2
313.139,40,106.0,1593.0,43.0,3.0,29.41,83.5,-5.0,32.2,32.2
313.2,40,106.0,1593.0,43.0,3.0,29.41,83.5,-5.0,32.2,32.2
313.289,40,106.0,1593.0,43.0,3.0,29.41,83.5,-5.0,32.2,32.2
313.35,40,106.0,1603.0,43.0,3.0,29.41,83.5,-5.0,32.2,32.2
313.439,40,106.0,1603.0,43.0,3.0,29.41,83.5,-5.0,32.2,32.2
313.5,40,106.0,1603.0,43.0,3.0,29.41,83.5,-5.0,32.2,32.2
313.59,40,106.0,1603.0,43.0,3.0,29.16,83.5,-5.0,32.2,32.2
313.65,40,106.0,1603.0,43.0,3.0,29.16,83.5,-5.0,32.2,32.2
313.739,40,106.0,1603.0,43.0,3.0,29.16,83.5,-5.0,32.2,32.2
313.803,40,106.0,1603.0,43.0,3.0,29.16,83.5,-5.0,29.4,32.2
313.89,40,106.0,1603.0,43.0,3.0,29.16,83.5,-5.0,29.4,29.4
313.95,40,106.0,1603.0,43.0,3.0,29.16,83.5,-5.0,29.4,29.4
314.039,40,105.0,1603.0,43.0,3.0,29.16,83.5,-5.0,29.4,29.4
314.099,40,105.0,1600.0,43.0,3.0,29.16,83.5,-5.0,29.4,29.4
314.188,40,105.0,1600.0,43.0,3.0,29.16,83.5,-5.0,29.4,29.4
314.249,40,105.0,1600.0,43.0,3.0,29.16,83.5,-5.0,29.4,29.4
314.339,40,105.0,1600.0,43.0,3.0,28.97,83.5,-5.0,29.4,29.4
314.399,40,105.0,1600.0,43.0,3.0,28.97,83.5,-5.0,29.4,29.4
314.489,40,105.0,1600.0,43.0,3.0,28.97,83.5,-5.0,29.4,29.4
314.553,40,105.0,1600.0,43.0,3.0,28.97,83.5,-5.0,30.2,29.4
314.639,40,105.0,1600.0,43.0,3.0,28.97,83.5,-5.0,30.2,30.2
314.7,40,105.0,1600.0,43.0,3.0,28.97,83.5,-5.0,30.2,30.2
314.789,40,103.0,1600.0,43.0,3.0,28.97,83.5,-5.0,30.2,30.2
314.85,40,103.0,1597.0,43.0,3.0,28.97,83.5,-5.0,30.2,30.2
314.939,40,103.0,1597.0,43.0,3.0,28.97,83.5,-5.0,30.2,30.2
315.001,40,103.0,1597.0,43.0,3.0,28.97,83.5,-5.0,30.2,30.2
315.088,40,103.0,1597.0,43.0,3.0,28.77,83.5,-5.0,30.2,30.2
315.209,40,103.0,1597.0,43.0,3.0,28.77,83.5,-5.0,30.2,30.2
315.298,40,103.0,1597.0,43.0,3.0,28.77,83.5,-5.0,30.2,30.2
315.389,40,103.0,1597.0,43.0,3.0,28.77,83.5,-5.0,29.8,30.2
315.449,40,103.0,1597.0,43.0,3.0,28.77,83.5,-5.0,29.8,29.8
315.538,40,103.0,1597.0,43.0,3.0,28.77,83.5,-5.0,29.8,29.8
315.599,40,103.0,1597.0,43.0,3.0,28.77,83.5,-5.0,29.8,29.8
315.688,40,103.0,1598.0,43.0,3.0,28.77,83.5,-5.0,29.8,29.8
315.749,40,103.0,1598.0,43.0,3.0,28.77,83.5,-5.0,29.8,29.8
315.838,40,103.0,1598.0,43.0,3.0,28.77,83.5,-5.0,29.8,29.8
315.899,40,103.0,1598.0,43.0,3.0,28.58,83.5,-5.0,29.8,29.8
315.989,40,103.0,1598.0,43.0,3.0,28.58,83.5,-5.0,29.8,29.8
316.056,40,103.0,1598.0,43.0,3.0,28.58,83.5,-5.0,29.8,29.8
316.138,40,103.0,1598.0,43.0,3.0,28.58,83.5,-5.0,29.8,29.8
316.199,40,103.0,1598.0,43.0,3.0,28.58,83.5,-5.0,29.8,30.2
316.288,40,103.0,1598.0,43.0,3.0,28.58,83.5,-5.0,29.8,30.2
316.349,40,102.0,1598.0,43.0,3.0,28.58,83.5,-5.0,29.8,30.2
316.439,40,102.0,1601.0,43.0,3.0,28.58,83.5,-5.0,29.8,30.2
316.5,40,102.0,1601.0,43.0,3.0,28.58,83.5,-5.0,29.8,30.2
316.588,40,102.0,1601.0,43.0,3.0,28.58,83.5,-5.0,29.8,30.2
316.649,40,102.0,1601.0,43.0,3.0,29.11,83.5,-5.0,29.8,30.2
316.738,40,102.0,1601.0,43.0,3.0,29.11,83.5,-5.0,29.8,30.2
316.799,40,102.0,1601.0,43.0,3.0,29.11,83.5,-5.0,29.8,30.2
316.888,40,102.0,1601.0,43.0,3.0,29.11,83.5,-5.0,34.5,30.2
316.95,40,102.0,1601.0,43.0,3.0,29.11,83.5,-5.0,34.5,34.9
317.038,40,102.0,1601.0,43.0,3.0,29.11,83.5,-5.0,34.5,34.9
317.099,40,107.0,1601.0,43.0,3.0,29.11,83.5,-5.0,34.5,34.9
317.189,40,107.0,1617.0,43.0,3.0,29.11,83.5,-5.0,34.5,34.9
317.25,40,107.0,1617.0,43.0,3.0,29.11,83.5,-5.0,34.5,34.9
317.339,40,107.0,1617.0,43.0,2.0,29.11,83.5,-5.0,34.5,34.9
317.401,40,107.0,1617.0,43.0,2.0,31.3,83.5,-5.0,34.5,34.9
317.49,40,107.0,1617.0,43.0,2.0,31.3,83.5,-5.0,34.5,34.9
317.55,40,107.0,1617.0,43.0,2.0,31.3,83.5,-5.0,34.5,34.9
317.639,40,107.0,1617.0,43.0,2.0,31.3,83.5,-5.0,34.1,34.9
317.699,40,107.0,1617.0,43.0,2.0,31.3,83.5,-5.0,34.1,34.1
317.789,40,107.0,1617.0,43.0,2.0,31.3,83.5,-5.0,34.1,34.1
317.85,40,113.0,1617.0,43.0,2.0,31.3,83.5,-5.0,34.1,34.1
317.939,40,113.0,1638.0,43.0,2.0,31.3,83.5,-5.0,34.1,34.1
317.999,40,113.0,1638.0,44.0,2.0,31.3,83.5,-5.0,34.1,34.1
318.118,40,113.0,1638.0,44.0,3.0,31.3,83.5,-5.0,34.1,34.1
318.208,40,113.0,1638.0,44.0,3.0,31.63,83.5,-5.0,34.1,34.1
318.299,40,113.0,1638.0,44.0,3.0,31.63,83.5,-5.0,34.1,34.1
318.388,40,113.0,1638.0,44.0,3.0,31.63,83.5,-5.0,34.1,34.1
318.449,40,113.0,1638.0,44.0,3.0,31.63,83.5,-5.0,34.5,34.1
318.538,40,113.0,1638.0,44.0,3.0,31.63,83.5,-5.0,34.5,34.9
318.599,40,113.0,1638.0,44.0,3.0,31.63,83.5,-5.0,34.5,34.9
318.688,40,110.0,1638.0,44.0,3.0,31.63,83.5,-5.0,34.5,34.9
318.75,40,110.0,1660.0,44.0,3.0,31.63,83.5,-5.0,34.5,34.9
318.839,40,110.0,1660.0,45.0,3.0,31.63,83.5,-5.0,34.5,34.9
318.899,40,110.0,1660.0,45.0,3.0,31.63,83.5,-5.0,34.5,34.9
318.989,40,110.0,1660.0,45.0,3.0,32.91,83.5,-5.0,34.5,34.9
319.049,40,110.0,1660.0,45.0,3.0,32.91,83.5,-5.0,34.5,34.9
319.138,40,110.0,1660.0,45.0,3.0,32.91,83.5,-5.0,34.5,34.9
319.199,40,110.0,1660.0,45.0,3.0,32.91,83.5,-5.0,39.2,34.9
319.289,40,110.0,1660.0,45.0,3.0,32.91,83.5,-5.0,39.2,39.6
319.35,40,110.0,1660.0,45.0,3.0,32.91,83.5,-5.0,39.2,39.6
319.439,40,126.0,1660.0,45.0,3.0,32.91,83.5,-5.0,39.2,39.6
319.5,40,126.0,1698.0,45.0,3.0,32.91,83.5,-5.0,39.2,39.6
319.589,40,126.0,1698.0,45.0,3.0,32.91,83.5,-5.0,39.2,39.6
319.65,40,126.0,1698.0,45.0,3.0,32.91,83.5,-5.0,39.2,39.6
319.738,40,126.0,1698.0,45.0,3.0,37.08,83.5,-5.0,39.2,39.6
319.8,40,126.0,1698.0,45.0,3.0,37.08,83.5,-5.0,39.2,39.6
319.889,40,126.0,1698.0,45.0,3.0,37.08,83.5,-5.0,39.2,39.6
319.95,40,126.0,1698.0,45.0,3.0,37.08,83.5,-5.0,39.2,39.6
320.039,40,126.0,1698.0,45.0,3.0,37.08,83.5,-5.0,39.2,39.6
320.099,40,126.0,1698.0,45.0,3.0,37.08,83.5,-5.0,39.2,39.6
320.19,40,127.0,1698.0,45.0,3.0,37.08,83.5,-5.0,39.2,39.6
320.251,40,127.0,1738.0,45.0,3.0,37.08,83.5,-5.0,39.2,39.6
320.339,40,127.0,1738.0,47.0,3.0,37.08,83.5,-5.0,39.2,39.6
320.399,40,127.0,1738.0,47.0,3.0,37.08,83.5,-5.0,39.2,39.6
320.489,40,127.0,1738.0,47.0,3.0,37.86,83.5,-5.0,39.2,39.6
320.55,40,127.0,1738.0,47.0,3.0,37.86,83.5,-5.0,39.2,39.6
320.639,40,127.0,1738.0,47.0,3.0,37.86,83.5,-5.0,39.2,39.6
320.7,40,127.0,1738.0,47.0,3.0,37.86,83.5,-5.0,38.0,39.6
320.789,40,127.0,1738.0,47.0,3.0,37.86,83.5,-5.0,38.0,38.4
320.85,40,127.0,1738.0,47.0,3.0,37.86,83.5,-5.0,38.0,38.4
320.939,40,124.0,1738.0,47.0,3.0,37.86,83.5,-5.0,38.0,38.4
320.999,40,124.0,1773.0,47.0,3.0,37.86,83.5,-5.0,38.0,38.4
321.088,40,124.0,1773.0,48.0,3.0,37.86,83.5,-5.0,38.0,38.4
321.149,40,124.0,1773.0,48.0,3.0,37.86,83.5,-5.0,38.0,38.4
321.239,40,124.0,1773.0,48.0,3.0,35.55,83.5,-5.0,38.0,38.4
321.299,40,124.0,1773.0,48.0,3.0,35.55,83.5,-5.0,38.0,38.4
321.388,40,124.0,1773.0,48.0,3.0,35.55,83.5,-5.0,38.0,38.4
321.449,40,124.0,1773.0,48.0,3.0,35.55,83.5,-5.0,33.3,38.4
321.539,40,124.0,1773.0,48.0,3.0,35.55,83.5,-5.0,33.3,33.3
321.599,40,124.0,1773.0,48.0,3.0,35.55,83.5,-5.0,33.3,33.3
321.688,40,110.0,1773.0,48.0,3.0,35.55,83.5,-5.0,33.3,33.3
321.749,40,110.0,1782.0,48.0,3.0,35.55,83.5,-5.0,33.3,33.3
321.838,40,110.0,1782.0,48.0,3.0,35.55,83.5,-5.0,33.3,33.3
321.899,40,110.0,1782.0,48.0,3.0,35.55,83.5,-5.0,33.3,33.3
321.988,40,110.0,1782.0,48.0,3.0,33.24,83.5,-5.0,33.3,33.3
322.049,40,110.0,1782.0,48.0,3.0,33.24,83.5,-5.0,33.3,33.3
322.138,40,110.0,1782.0,48.0,3.0,33.24,83.5,-5.0,33.3,33.3
322.199,40,110.0,1782.0,48.0,3.0,33.24,83.5,-5.0,18.8,33.3
322.288,40,110.0,1782.0,48.0,3.0,33.24,83.5,-5.0,18.8,14.5
322.35,40,110.0,1782.0,48.0,3.0,33.24,83.5,-5.0,18.8,14.5
322.439,40,104.0,1782.0,48.0,3.0,33.24,83.5,-5.0,18.8,14.5
322.499,40,104.0,1401.0,48.0,3.0,33.24,83.5,-5.0,18.8,14.5
322.588,40,104.0,1401.0,47.0,3.0,33.24,83.5,-5.0,18.8,14.5
322.649,40,104.0,1401.0,47.0,2.0,33.24,83.5,-5.0,18.8,14.5
322.738,40,104.0,1401.0,47.0,2.0,21.38,83.5,-5.0,18.8,14.5
322.799,40,104.0,1401.0,47.0,2.0,21.38,83.5,-5.0,18.8,14.5
322.888,40,104.0,1401.0,47.0,2.0,21.38,83.5,-5.0,18.8,14.5
322.978,40,104.0,1401.0,47.0,2.0,21.38,83.5,-5.0,25.1,14.5
323.068,40,104.0,1401.0,47.0,2.0,21.38,83.5,-5.0,25.1,29.8
323.158,40,104.0,1401.0,47.0,2.0,21.38,83.5,-5.0,25.1,29.8
323.248,40,107.0,1401.0,47.0,2.0,21.38,83.5,-5.0,25.1,29.8
323.338,40,107.0,1232.0,47.0,2.0,21.38,83.5,-5.0,25.1,29.8
323.399,40,107.0,1232.0,47.0,2.0,21.38,83.5,-5.0,25.1,29.8
323.488,40,107.0,1232.0,47.0,0.0,21.38,83.5,-5.0,25.1,29.8
323.549,40,107.0,1232.0,47.0,0.0,22.86,83.5,-5.0,25.1,29.8
323.638,40,107.0,1232.0,47.0,0.0,22.86,83.5,-5.0,25.1,29.8
323.699,40,107.0,1232.0,47.0,0.0,22.86,83.5,-5.0,25.1,29.8
323.788,40,107.0,1232.0,47.0,0.0,22.86,83.5,-5.0,40.0,29.8
323.849,40,107.0,1232.0,47.0,0.0,22.86,83.5,-5.0,40.0,40.4
323.938,40,107.0,1232.0,47.0,0.0,22.86,83.5,-5.0,40.0,40.4
323.999,40,117.0,1232.0,47.0,0.0,22.86,83.5,-5.0,40.0,40.4
324.088,40,117.0,1254.0,47.0,0.0,22.86,83.5,-5.0,40.0,40.4
324.149,40,117.0,1254.0,49.0,0.0,22.86,83.5,-5.0,40.0,40.4
324.238,40,117.0,1254.0,49.0,0.0,22.86,83.5,-5.0,40.0,40.4
324.299,40,117.0,1254.0,49.0,0.0,26.16,83.5,-5.0,40.0,40.4
324.388,40,117.0,1254.0,49.0,0.0,26.16,83.5,-5.0,40.0,40.4
324.449,40,117.0,1254.0,49.0,0.0,26.16,83.5,-5.0,40.0,40.4
324.538,40,117.0,1254.0,49.0,0.0,26.16,83.5,-5.0,37.3,40.4
324.599,40,117.0,1254.0,49.0,0.0,26.16,83.5,-5.0,37.3,38.0
324.688,40,117.0,1254.0,49.0,0.0,26.16,83.5,-5.0,37.3,38.0
324.749,40,127.0,1254.0,49.0,0.0,26.16,83.5,-5.0,37.3,38.0
324.838,40,127.0,1288.0,49.0,0.0,26.16,83.5,-5.0,37.3,38.0
324.899,40,127.0,1288.0,50.0,0.0,26.16,83.5,-5.0,37.3,38.0
324.988,40,127.0,1288.0,50.0,1.0,26.16,83.5,-5.0,37.3,38.0
325.049,40,127.0,1288.0,50.0,1.0,26.58,83.5,-5.0,37.3,38.0
325.138,40,127.0,1288.0,50.0,1.0,26.58,83.5,-5.0,37.3,38.0
325.199,40,127.0,1288.0,50.0,1.0,26.58,83.5,-5.0,37.3,38.0
325.288,40,127.0,1288.0,50.0,1.0,26.58,83.5,-5.0,33.3,38.0
325.349,40,127.0,1288.0,50.0,1.0,26.58,83.5,-5.0,33.3,33.7
325.438,40,127.0,1288.0,50.0,1.0,26.58,83.5,-5.0,33.3,33.7
325.499,40,116.0,1288.0,50.0,1.0,26.58,83.5,-5.0,33.3,33.7
325.588,40,116.0,1313.0,50.0,1.0,26.58,83.5,-5.0,33.3,33.7
325.649,40,116.0,1313.0,51.0,1.0,26.58,83.5,-5.0,33.3,33.7
325.738,40,116.0,1313.0,51.0,2.0,26.58,83.5,-5.0,33.3,33.7
325.799,40,116.0,1313.0,51.0,2.0,24.83,83.5,-5.0,33.3,33.7
325.888,40,116.0,1313.0,51.0,2.0,24.83,83.5,-5.0,33.3,33.7
325.949,40,116.0,1313.0,51.0,2.0,24.83,83.5,-5.0,33.3,33.7
326.038,40,116.0,1313.0,51.0,2.0,24.83,83.5,-5.0,29.8,33.7
326.099,40,116.0,1313.0,51.0,2.0,24.83,83.5,-5.0,29.8,30.2
326.188,40,116.0,1313.0,51.0,2.0,24.83,83.5,-5.0,29.8,30.2
326.249,40,108.0,1313.0,51.0,2.0,24.83,83.5,-5.0,29.8,30.2
326.338,40,108.0,1319.0,51.0,2.0,24.83,83.5,-5.0,29.8,30.2
326.399,40,108.0,1319.0,52.0,2.0,24.83,83.5,-5.0,29.8,30.2
326.488,40,108.0,1319.0,52.0,1.0,24.83,83.5,-5.0,29.8,30.2
326.549,40,108.0,1319.0,52.0,1.0,23.74,83.5,-5.0,29.8,30.2
326.638,40,108.0,1319.0,52.0,1.0,23.74,83.5,-5.0,29.8,30.2
326.699,40,108.0,1319.0,52.0,1.0,23.74,83.5,-5.0,29.8,30.2
326.788,40,108.0,1319.0,52.0,1.0,23.74,83.5,-5.0,26.7,30.2
326.849,40,108.0,1319.0,52.0,1.0,23.74,83.5,-5.0,26.7,26.7
326.938,41,108.0,1319.0,52.0,1.0,23.74,83.5,-5.0,26.7,26.7
326.999,41,102.0,1319.0,52.0,1.0,23.74,83.5,-5.0,26.7,26.7
327.089,41,102.0,1324.0,52.0,1.0,23.74,83.5,-5.0,26.7,26.7
327.149,41,102.0,1324.0,51.0,1.0,23.74,83.5,-5.0,26.7,26.7
327.238,41,102.0,1324.0,51.0,1.0,23.74,83.5,-5.0,26.7,26.7
327.299,41,102.0,1324.0,51.0,1.0,23.19,83.5,-5.0,26.7,26.7
327.388,41,102.0,1324.0,51.0,1.0,23.19,83.5,-5.0,26.7,26.7
327.449,41,102.0,1324.0,51.0,1.0,23.19,83.5,-5.0,26.7,26.7
327.538,41,102.0,1324.0,51.0,1.0,23.19,83.5,-5.0,25.5,26.7
327.599,41,102.0,1324.0,51.0,1.0,23.19,83.5,-5.0,25.5,25.5
327.688,41,102.0,1324.0,51.0,1.0,23.19,83.5,-5.0,25.5,25.5
327.749,41,100.0,1324.0,51.0,1.0,23.19,83.5,-5.0,25.5,25.5
327.838,41,100.0,1319.0,51.0,1.0,23.19,83.5,-5.0,25.5,25.5
327.899,41,100.0,1319.0,51.0,1.0,23.19,83.5,-5.0,25.5,25.5
327.988,41,100.0,1319.0,51.0,1.0,23.19,83.5,-5.0,25.5,25.5
328.049,41,100.0,1319.0,51.0,1.0,22.69,83.5,-5.0,25.5,25.5
328.138,41,100.0,1319.0,51.0,1.0,22.69,83.5,-5.0,25.5,25.5
328.199,41,100.0,1319.0,51.0,1.0,22.69,83.5,-5.0,25.5,25.5
328.288,41,100.0,1319.0,51.0,1.0,22.69,83.5,-5.0,25.5,25.5
328.349,41,100.0,1319.0,51.0,1.0,22.69,83.5,-5.0,25.5,25.5
328.438,41,100.0,1319.0,51.0,1.0,22.69,83.5,-5.0,25.5,25.5
328.499,41,99.0,1319.0,51.0,1.0,22.69,83.5,-5.0,25.5,25.5
328.588,41,99.0,1314.0,51.0,1.0,22.69,83.5,-5.0,25.5,25.5
328.649,41,99.0,1314.0,51.0,1.0,22.69,83.5,-5.0,25.5,25.5
328.738,41,99.0,1314.0,51.0,1.0,22.69,83.5,-5.0,25.5,25.5
328.799,41,99.0,1314.0,51.0,1.0,22.47,83.5,-5.0,25.5,25.5
328.888,41,99.0,1314.0,51.0,1.0,22.47,83.5,-5.0,25.5,25.5
328.949,41,99.0,1314.0,51.0,1.0,22.47,83.5,-5.0,25.5,25.5
329.038,41,99.0,1314.0,51.0,1.0,22.47,83.5,-5.0,22.7,25.5
329.099,41,99.0,1314.0,51.0,1.0,22.47,83.5,-5.0,22.7,21.6
329.188,41,99.0,1314.0,51.0,1.0,22.47,83.5,-5.0,22.7,21.6
329.249,41,99.0,1314.0,51.0,1.0,22.47,83.5,-5.0,22.7,21.6
329.338,41,99.0,1253.0,51.0,1.0,22.47,83.5,-5.0,22.7,21.6
329.399,41,99.0,1253.0,51.0,1.0,22.47,83.5,-5.0,22.7,21.6
329.488,41,99.0,1253.0,51.0,1.0,22.47,83.5,-5.0,22.7,21.6
329.549,41,99.0,1253.0,51.0,1.0,19.74,83.5,-5.0,22.7,21.6
329.638,41,99.0,1253.0,51.0,1.0,19.74,83.5,-5.0,22.7,21.6
329.699,41,99.0,1253.0,51.0,1.0,19.74,83.5,-5.0,22.7,21.6
329.788,41,99.0,1253.0,51.0,1.0,19.74,83.5,-5.0,14.1,21.6
329.849,41,99.0,1253.0,51.0,1.0,19.74,83.5,-5.0,14.1,14.5
329.938,41,99.0,1253.0,51.0,1.0,19.74,83.5,-5.0,14.1,14.5
329.999,41,103.0,1253.0,51.0,1.0,19.74,83.5,-5.0,14.1,14.5
330.088,41,103.0,1092.0,51.0,1.0,19.74,83.5,-5.0,14.1,14.5
330.149,41,103.0,1092.0,50.0,1.0,19.74,83.5,-5.0,14.1,14.5
330.238,41,103.0,1092.0,50.0,0.0,19.74,83.5,-5.0,14.1,14.5
330.299,41,103.0,1092.0,50.0,0.0,19.61,83.5,-5.0,14.1,14.5
330.388,41,103.0,1092.0,50.0,0.0,19.61,83.5,-5.0,14.1,14.5
330.449,41,103.0,1092.0,50.0,0.0,19.61,83.5,-5.0,14.1,14.5
330.538,41,103.0,1092.0,50.0,0.0,19.61,83.5,-5.0,17.3,14.5
330.599,41,103.0,1092.0,50.0,0.0,19.61,83.5,-5.0,17.3,16.9
330.688,41,103.0,1092.0,50.0,0.0,19.61,83.5,-5.0,17.3,16.9
330.749,41,101.0,1092.0,50.0,0.0,19.61,83.5,-5.0,17.3,16.9
330.838,41,101.0,1469.0,50.0,0.0,19.61,83.5,-5.0,17.3,16.9
330.899,41,101.0,1469.0,48.0,0.0,19.61,83.5,-5.0,17.3,16.9
330.99,41,101.0,1469.0,48.0,1.0,19.61,83.5,-5.0,17.3,16.9
331.049,41,101.0,1469.0,48.0,1.0,27.74,83.5,-5.0,17.3,16.9
331.138,41,101.0,1469.0,48.0,1.0,27.74,83.5,-5.0,17.3,16.9
331.199,41,101.0,1469.0,48.0,1.0,27.74,83.5,-5.0,17.3,16.9
331.288,41,101.0,1469.0,48.0,1.0,27.74,83.5,-5.0,18.4,16.9
331.349,41,101.0,1469.0,48.0,1.0,27.74,83.5,-5.0,18.4,18.0
331.439,41,101.0,1469.0,48.0,1.0,27.74,83.5,-5.0,18.4,18.0
331.499,41,104.0,1469.0,48.0,1.0,27.74,83.5,-5.0,18.4,18.0
331.648,41,104.0,1716.0,48.0,1.0,27.74,83.5,-5.0,18.4,18.0
331.738,41,104.0,1716.0,46.0,1.0,27.74,83.5,-5.0,18.4,18.0
331.799,41,104.0,1716.0,46.0,3.0,27.74,83.5,-5.0,18.4,18.0
331.888,41,104.0,1716.0,46.0,3.0,32.47,83.5,-5.0,18.4,18.0
331.949,41,104.0,1716.0,46.0,3.0,32.47,83.5,-5.0,18.4,18.0
332.038,41,104.0,1716.0,46.0,3.0,32.47,83.5,-5.0,18.4,18.0
332.099,41,104.0,1716.0,46.0,3.0,32.47,83.5,-5.0,24.7,18.0
332.188,41,104.0,1716.0,46.0,3.0,32.47,83.5,-5.0,24.7,24.7
332.249,41,104.0,1716.0,46.0,3.0,32.47,83.5,-5.0,24.7,24.7
332.338,41,117.0,1716.0,46.0,3.0,32.47,83.5,-5.0,24.7,24.7
332.399,41,117.0,1665.0,46.0,3.0,32.47,83.5,-5.0,24.7,24.7
332.488,41,117.0,1665.0,45.0,3.0,32.47,83.5,-5.0,24.7,24.7
332.578,41,117.0,1665.0,45.0,3.0,32.47,83.5,-5.0,24.7,24.7
332.668,41,117.0,1665.0,45.0,3.0,33.94,83.5,-5.0,24.7,24.7
332.758,41,117.0,1665.0,45.0,3.0,33.94,83.5,-5.0,24.7,24.7
332.848,41,117.0,1665.0,45.0,3.0,33.94,83.5,-5.0,24.7,24.7
332.938,41,117.0,1665.0,45.0,3.0,33.94,83.5,-5.0,28.2,24.7
333.028,41,117.0,1665.0,45.0,3.0,33.94,83.5,-5.0,28.2,28.6
333.118,41,117.0,1665.0,45.0,3.0,33.94,83.5,-5.0,28.2,28.6
333.208,41,105.0,1665.0,45.0,3.0,33.94,83.5,-5.0,28.2,28.6
333.298,41,105.0,1644.0,45.0,3.0,33.94,83.5,-5.0,28.2,28.6
333.388,41,105.0,1644.0,44.0,3.0,33.94,83.5,-5.0,28.2,28.6
333.479,41,105.0,1644.0,44.0,3.0,33.94,83.5,-5.0,28.2,28.6
333.568,41,105.0,1644.0,44.0,3.0,28.83,83.5,-5.0,28.2,28.6
333.658,41,105.0,1644.0,44.0,3.0,28.83,83.5,-5.0,28.2,28.6
333.748,41,105.0,1644.0,44.0,3.0,28.83,83.5,-5.0,28.2,28.6
333.838,41,105.0,1644.0,44.0,3.0,28.83,83.5,-5.0,27.8,28.6
333.928,41,105.0,1644.0,44.0,3.0,28.83,83.5,-5.0,27.8,27.8
334.018,41,105.0,1644.0,44.0,3.0,28.83,83.5,-5.0,27.8,27.8
334.108,41,100.0,1644.0,44.0,3.0,28.83,83.5,-5.0,27.8,27.8
334.198,41,100.0,1602.0,44.0,3.0,28.83,83.5,-5.0,27.8,27.8
334.288,41,100.0,1602.0,43.0,3.0,28.83,83.5,-5.0,27.8,27.8
334.378,41,100.0,1602.0,43.0,2.0,28.83,83.5,-5.0,27.8,27.8
334.468,41,100.0,1602.0,43.0,2.0,27.72,83.5,-5.0,27.8,27.8
334.558,41,100.0,1602.0,43.0,2.0,27.72,83.5,-5.0,27.8,27.8
334.648,41,100.0,1602.0,43.0,2.0,27.72,83.5,-5.0,27.8,27.8
334.738,41,100.0,1602.0,43.0,2.0,27.72,83.5,-5.0,29.0,27.8
334.828,41,100.0,1602.0,43.0,2.0,27.72,83.5,-5.0,29.0,28.6
334.918,41,100.0,1602.0,43.0,2.0,27.72,83.5,-5.0,29.0,28.6
335.008,41,100.0,1602.0,43.0,2.0,27.72,83.5,-5.0,29.0,28.6
335.098,41,100.0,1574.0,43.0,2.0,27.72,83.5,-5.0,29.0,28.6
335.188,41,100.0,1574.0,42.0,2.0,27.72,83.5,-5.0,29.0,28.6
335.278,41,100.0,1574.0,42.0,2.0,27.72,83.5,-5.0,29.0,28.6
335.368,41,100.0,1574.0,42.0,2.0,27.63,83.5,-5.0,29.0,28.6
335.458,41,100.0,1574.0,42.0,2.0,27.63,83.5,-5.0,29.0,28.6
335.548,41,100.0,1574.0,42.0,2.0,27.63,83.5,-5.0,29.0,28.6
335.638,41,100.0,1574.0,42.0,2.0,27.63,83.5,-5.0,26.3,28.6
335.728,41,100.0,1574.0,42.0,2.0,27.63,83.5,-5.0,26.3,26.3
335.818,41,100.0,1574.0,42.0,2.0,27.63,83.5,-5.0,26.3,26.3
335.908,41,99.0,1574.0,42.0,2.0,27.63,83.5,-5.0,26.3,26.3
335.998,41,99.0,1549.0,42.0,2.0,27.63,83.5,-5.0,26.3,26.3
336.088,41,99.0,1549.0,42.0,2.0,27.63,83.5,-5.0,26.3,26.3
336.178,41,99.0,1549.0,42.0,2.0,27.63,83.5,-5.0,26.3,26.3
336.268,41,99.0,1549.0,42.0,2.0,26.08,83.5,-5.0,26.3,26.3
336.358,41,99.0,1549.0,42.0,2.0,26.08,83.5,-5.0,26.3,26.3
336.448,41,99.0,1549.0,42.0,2.0,26.08,83.5,-5.0,26.3,26.3
336.538,41,99.0,1549.0,42.0,2.0,26.08,83.5,-5.0,15.3,26.3
336.628,41,99.0,1549.0,42.0,2.0,26.08,83.5,-5.0,15.3,14.5
336.718,41,99.0,1549.0,42.0,2.0,26.08,83.5,-5.0,15.3,14.5
336.808,41,104.0,1549.0,42.0,2.0,26.08,83.5,-5.0,15.3,14.5
336.898,41,104.0,1467.0,42.0,2.0,26.08,83.5,-5.0,15.3,14.5
336.988,41,104.0,1467.0,39.0,2.0,26.08,83.5,-5.0,15.3,14.5
337.078,41,104.0,1467.0,39.0,1.0,26.08,83.5,-5.0,15.3,14.5
337.168,41,104.0,1467.0,39.0,1.0,26.99,83.5,-5.0,15.3,14.5
337.258,41,104.0,1467.0,39.0,1.0,26.99,83.5,-5.0,15.3,14.5
337.348,41,104.0,1467.0,39.0,1.0,26.99,83.5,-5.0,15.3,14.5
337.438,41,104.0,1467.0,39.0,1.0,26.99,83.5,-5.0,25.1,14.5
337.528,41,104.0,1467.0,39.0,1.0,26.99,83.5,-5.0,25.1,25.1
337.618,41,104.0,1467.0,39.0,1.0,26.99,83.5,-5.0,25.1,25.1
337.708,41,109.0,1467.0,39.0,1.0,26.99,83.5,-5.0,25.1,25.1
337.798,41,109.0,1419.0,39.0,1.0,26.99,83.5,-5.0,25.1,25.1
337.888,41,109.0,1419.0,38.0,1.0,26.99,83.5,-5.0,25.1,25.1
337.978,41,109.0,1419.0,38.0,2.0,26.99,83.5,-5.0,25.1,25.1
338.068,41,109.0,1419.0,38.0,2.0,25.49,83.5,-5.0,25.1,25.1
338.158,41,109.0,1419.0,38.0,2.0,25.49,83.5,-5.0,25.1,25.1
338.25,41,109.0,1419.0,38.0,2.0,25.49,83.5,-5.0,25.1,25.1
338.398,41,109.0,1419.0,38.0,2.0,25.49,83.5,-5.0,32.5,25.1
338.488,41,109.0,1419.0,38.0,2.0,25.49,83.5,-5.0,32.5,32.9
338.578,41,109.0,1419.0,38.0,2.0,25.49,83.5,-5.0,32.5,32.9
338.668,41,103.0,1419.0,38.0,2.0,25.49,83.5,-5.0,32.5,32.9
338.758,41,103.0,1436.0,38.0,2.0,25.49,83.5,-5.0,32.5,32.9
338.848,41,103.0,1436.0,38.0,2.0,25.49,83.5,-5.0,32.5,32.9
338.938,41,103.0,1436.0,38.0,1.0,25.49,83.5,-5.0,32.5,32.9
339.029,41,103.0,1436.0,38.0,1.0,25.8,83.5,-5.0,32.5,32.9
339.118,41,103.0,1436.0,38.0,1.0,25.8,83.5,-5.0,32.5,32.9
339.208,41,103.0,1436.0,38.0,1.0,25.8,83.5,-5.0,32.5,32.9
339.298,41,103.0,1436.0,38.0,1.0,25.8,83.5,-5.0,34.9,32.9
339.388,41,103.0,1436.0,38.0,1.0,25.8,83.5,-5.0,34.9,35.3
339.478,41,103.0,1436.0,38.0,1.0,25.8,83.5,-5.0,34.9,35.3
339.568,41,104.0,1436.0,38.0,1.0,25.8,83.5,-5.0,34.9,35.3
339.658,41,104.0,1474.0,38.0,1.0,25.8,83.5,-5.0,34.9,35.3
339.748,41,104.0,1474.0,40.0,1.0,25.8,83.5,-5.0,34.9,35.3
339.838,41,104.0,1474.0,40.0,1.0,25.8,83.5,-5.0,34.9,35.3
339.929,41,104.0,1474.0,40.0,1.0,27.52,83.5,-5.0,34.9,35.3
340.018,41,104.0,1474.0,40.0,1.0,27.52,83.5,-5.0,34.9,35.3
340.108,41,104.0,1474.0,40.0,1.0,27.52,83.5,-5.0,34.9,35.3
340.198,41,104.0,1474.0,40.0,1.0,27.52,83.5,-5.0,42.4,35.3
340.289,41,104.0,1474.0,40.0,1.0,27.52,83.5,-5.0,42.4,44.3
340.378,41,104.0,1474.0,40.0,1.0,27.52,83.5,-5.0,42.4,44.3
340.468,41,117.0,1474.0,40.0,1.0,27.52,83.5,-5.0,42.4,44.3
340.558,41,117.0,1563.0,40.0,1.0,27.52,83.5,-5.0,42.4,44.3
340.648,41,117.0,1563.0,42.0,1.0,27.52,83.5,-5.0,42.4,44.3
340.738,41,117.0,1563.0,42.0,2.0,27.52,83.5,-5.0,42.4,44.3
340.828,41,117.0,1563.0,42.0,2.0,36.44,83.5,-5.0,42.4,44.3
340.918,41,117.0,1563.0,42.0,2.0,36.44,83.5,-5.0,42.4,44.3
341.008,41,117.0,1563.0,42.0,2.0,36.44,83.5,-5.0,42.4,44.3
341.098,41,117.0,1563.0,42.0,2.0,36.44,83.5,-5.0,47.8,44.3
341.188,41,117.0,1563.0,42.0,2.0,36.44,83.5,-5.0,47.8,49.4
341.278,41,117.0,1563.0,42.0,2.0,36.44,83.5,-5.0,47.8,49.4
341.368,41,160.0,1563.0,42.0,2.0,36.44,83.5,-5.0,47.8,49.4
341.458,41,160.0,1692.0,42.0,2.0,36.44,83.5,-5.0,47.8,49.4
341.548,41,160.0,1692.0,46.0,2.0,36.44,83.5,-5.0,47.8,49.4
341.638,41,160.0,1692.0,46.0,3.0,36.44,83.5,-5.0,47.8,49.4
341.728,41,160.0,1692.0,46.0,3.0,53.36,83.5,-5.0,47.8,49.4
341.818,41,160.0,1692.0,46.0,3.0,53.36,83.5,-5.0,47.8,49.4
341.908,41,160.0,1692.0,46.0,3.0,53.36,83.5,-5.0,47.8,49.4
341.998,41,160.0,1692.0,46.0,3.0,53.36,83.5,-5.0,46.3,49.4
342.088,41,160.0,1692.0,46.0,3.0,53.36,83.5,-5.0,46.3,44.3
342.178,41,160.0,1692.0,46.0,3.0,53.36,83.5,-5.0,46.3,44.3
342.268,41,163.0,1692.0,46.0,3.0,53.36,83.5,-5.0,46.3,44.3
342.358,41,163.0,1797.0,46.0,3.0,53.36,83.5,-5.0,46.3,44.3
342.448,41,163.0,1797.0,49.0,3.0,53.36,83.5,-5.0,46.3,44.3
342.538,41,163.0,1797.0,49.0,4.0,53.36,83.5,-5.0,46.3,44.3
342.628,41,163.0,1797.0,49.0,4.0,30.05,83.5,-5.0,46.3,44.3
342.718,41,163.0,1797.0,49.0,4.0,30.05,31.0,-5.0,46.3,44.3
342.808,41,163.0,1797.0,49.0,4.0,30.05,31.0,-5.0,46.3,44.3
342.898,41,163.0,1797.0,49.0,4.0,30.05,31.0,-5.0,18.8,44.3
342.988,41,163.0,1797.0,49.0,4.0,30.05,31.0,-5.0,18.8,25.9
343.078,41,163.0,1797.0,49.0,4.0,30.05,31.0,-5.0,18.8,25.9
343.168,41,113.0,1797.0,49.0,4.0,30.05,31.0,-5.0,18.8,25.9
343.258,41,113.0,1231.0,49.0,4.0,30.05,31.0,-5.0,18.8,25.9
343.348,41,113.0,1231.0,49.0,4.0,30.05,31.0,-5.0,18.8,25.9
343.438,41,113.0,1231.0,49.0,3.0,30.05,31.0,-5.0,18.8,25.9
343.528,41,113.0,1231.0,49.0,3.0,22.69,31.0,-5.0,18.8,25.9
343.618,41,113.0,1231.0,49.0,3.0,22.69,83.1,-5.0,18.8,25.9
343.708,41,113.0,1231.0,49.0,3.0,22.69,83.1,-5.0,18.8,25.9
343.798,41,113.0,1231.0,49.0,3.0,22.69,83.1,-5.0,36.5,25.9
343.888,41,113.0,1231.0,49.0,3.0,22.69,83.1,-5.0,36.5,37.6
343.978,41,113.0,1231.0,49.0,3.0,22.69,83.1,-5.0,36.5,37.6
344.069,41,109.0,1231.0,49.0,3.0,22.69,83.1,-5.0,36.5,37.6
344.158,41,109.0,1265.0,49.0,3.0,22.69,83.1,-5.0,36.5,37.6
344.248,41,109.0,1265.0,49.0,3.0,22.69,83.1,-5.0,36.5,37.6
344.368,41,109.0,1265.0,49.0,0.0,22.69,83.1,-5.0,36.5,37.6
344.458,41,109.0,1265.0,49.0,0.0,24.88,83.1,-5.0,36.5,37.6
344.548,41,109.0,1265.0,49.0,0.0,24.88,83.5,-5.0,36.5,37.6
344.638,41,109.0,1265.0,49.0,0.0,24.88,83.5,-5.0,36.5,37.6
344.728,41,109.0,1265.0,49.0,0.0,24.88,83.5,-5.0,38.0,37.6
344.818,41,109.0,1265.0,49.0,0.0,24.88,83.5,-5.0,38.0,38.4
344.908,42,109.0,1265.0,49.0,0.0,24.88,83.5,-5.0,38.0,38.4
344.998,42,121.0,1265.0,49.0,0.0,24.88,83.5,-5.0,38.0,38.4
345.088,42,121.0,1288.0,49.0,0.0,24.88,83.5,-5.0,38.0,38.4
345.178,42,121.0,1288.0,50.0,0.0,24.88,83.5,-5.0,38.0,38.4
345.268,42,121.0,1288.0,50.0,1.0,24.88,83.5,-5.0,38.0,38.4
345.358,42,121.0,1288.0,50.0,1.0,25.11,83.5,-5.0,38.0,38.4
345.448,42,121.0,1288.0,50.0,1.0,25.11,83.5,-5.0,38.0,38.4
345.538,42,121.0,1288.0,50.0,1.0,25.11,83.5,-5.0,38.0,38.4
345.628,42,121.0,1288.0,50.0,1.0,25.11,83.5,-5.0,30.2,38.4
345.718,42,121.0,1288.0,50.0,1.0,25.11,83.5,-5.0,30.2,30.2
345.808,42,121.0,1288.0,50.0,1.0,25.11,83.5,-5.0,30.2,30.2
345.899,42,108.0,1288.0,50.0,1.0,25.11,83.5,-5.0,30.2,30.2
345.988,42,108.0,1290.0,50.0,1.0,25.11,83.5,-5.0,30.2,30.2
346.078,42,108.0,1290.0,50.0,1.0,25.11,83.5,-5.0,30.2,30.2
346.168,42,108.0,1290.0,50.0,0.0,25.11,83.5,-5.0,30.2,30.2
346.259,42,108.0,1290.0,50.0,0.0,22.99,83.5,-5.0,30.2,30.2
346.35,42,108.0,1290.0,50.0,0.0,22.99,83.5,-5.0,30.2,30.2
346.438,42,108.0,1290.0,50.0,0.0,22.99,83.5,-5.0,30.2,30.2
346.528,42,108.0,1290.0,50.0,0.0,22.99,83.5,-5.0,14.1,30.2
346.65,42,108.0,1290.0,50.0,0.0,22.99,83.5,-5.0,14.1,14.5
346.739,42,108.0,1290.0,50.0,0.0,22.99,83.5,-5.0,14.1,14.5
346.83,42,103.0,1290.0,50.0,0.0,22.99,83.5,-5.0,14.1,14.5
346.949,42,103.0,1265.0,50.0,0.0,22.99,83.5,-5.0,14.1,14.5
347.039,42,103.0,1265.0,49.0,0.0,22.99,83.5,-5.0,14.1,14.5
347.128,42,103.0,1265.0,49.0,0.0,22.99,83.5,-5.0,14.1,14.5
347.219,42,103.0,1265.0,49.0,0.0,22.66,83.5,-5.0,14.1,14.5
347.31,42,103.0,1265.0,49.0,0.0,22.66,83.5,-5.0,14.1,14.5
347.399,42,103.0,1265.0,49.0,0.0,22.66,83.5,-5.0,14.1,14.5
347.489,42,103.0,1265.0,49.0,0.0,22.66,83.5,-5.0,14.1,14.5
347.579,42,103.0,1265.0,49.0,0.0,22.66,83.5,-5.0,14.1,14.5
347.672,42,103.0,1265.0,49.0,0.0,22.66,83.5,-5.0,14.1,14.5
347.76,42,108.0,1265.0,49.0,0.0,22.66,83.5,-5.0,14.1,14.5
347.85,42,108.0,1217.0,49.0,0.0,22.66,83.5,-5.0,14.1,14.5
347.939,42,108.0,1217.0,47.0,0.0,22.66,83.5,-5.0,14.1,14.5
348.029,42,108.0,1217.0,47.0,0.0,22.66,83.5,-5.0,14.1,14.5
348.118,42,108.0,1217.0,47.0,0.0,22.44,83.5,-5.0,14.1,14.5
348.209,42,108.0,1217.0,47.0,0.0,22.44,83.5,-5.0,14.1,14.5
348.299,42,108.0,1217.0,47.0,0.0,22.44,83.5,-5.0,14.1,14.5
348.388,42,108.0,1217.0,47.0,0.0,22.44,83.5,-5.0,19.2,14.5
348.478,42,108.0,1217.0,47.0,0.0,22.44,83.5,-5.0,19.2,26.7
348.658,42,108.0,1217.0,47.0,0.0,22.44,83.5,-5.0,19.2,26.7
348.748,42,107.0,1217.0,47.0,0.0,22.44,83.5,-5.0,19.2,26.7
348.838,42,107.0,1182.0,47.0,0.0,22.44,83.5,-5.0,19.2,26.7
348.929,42,107.0,1182.0,46.0,0.0,22.44,83.5,-5.0,19.2,26.7
349.019,42,107.0,1182.0,46.0,0.0,22.44,83.5,-5.0,19.2,26.7
349.108,42,107.0,1182.0,46.0,0.0,20.74,83.5,-5.0,19.2,26.7
349.199,42,107.0,1182.0,46.0,0.0,20.74,83.5,-5.0,19.2,26.7
349.289,42,107.0,1182.0,46.0,0.0,20.74,83.5,-5.0,19.2,26.7
349.379,42,107.0,1182.0,46.0,0.0,20.74,83.5,-5.0,40.8,26.7
349.469,42,107.0,1182.0,46.0,0.0,20.74,83.5,-5.0,40.8,41.6
349.559,42,107.0,1182.0,46.0,0.0,20.74,83.5,-5.0,40.8,41.6
349.65,42,108.0,1182.0,46.0,0.0,20.74,83.5,-5.0,40.8,41.6
349.739,42,108.0,1214.0,46.0,0.0,20.74,83.5,-5.0,40.8,41.6
349.831,42,108.0,1214.0,47.0,0.0,20.74,83.5,-5.0,40.8,41.6
349.92,42,108.0,1214.0,47.0,0.0,20.74,83.5,-5.0,40.8,41.6
350.009,42,108.0,1214.0,47.0,0.0,23.72,83.5,-5.0,40.8,41.6
350.101,42,108.0,1214.0,47.0,0.0,23.72,83.5,-5.0,40.8,41.6
350.188,42,108.0,1214.0,47.0,0.0,23.72,83.5,-5.0,40.8,41.6
350.279,42,108.0,1214.0,47.0,0.0,23.72,83.5,-5.0,40.8,41.6
350.369,42,108.0,1214.0,47.0,0.0,23.72,83.5,-5.0,40.8,41.6
350.459,42,108.0,1214.0,47.0,0.0,23.72,83.5,-5.0,40.8,41.6
350.549,42,123.0,1214.0,47.0,0.0,23.72,83.5,-5.0,40.8,41.6
350.639,42,123.0,1260.0,47.0,0.0,23.72,83.5,-5.0,40.8,41.6
350.729,42,123.0,1260.0,49.0,0.0,23.72,83.5,-5.0,40.8,41.6
350.819,42,123.0,1260.0,49.0,1.0,23.72,83.5,-5.0,40.8,41.6
350.909,42,123.0,1260.0,49.0,1.0,27.41,83.5,-5.0,40.8,41.6
350.999,42,123.0,1260.0,49.0,1.0,27.41,83.5,-5.0,40.8,41.6
351.088,42,123.0,1260.0,49.0,1.0,27.41,83.5,-5.0,40.8,41.6
351.179,42,123.0,1260.0,49.0,1.0,27.41,83.5,-5.0,41.6,41.6
351.269,42,123.0,1260.0,49.0,1.0,27.41,83.5,-5.0,41.6,42.0
351.359,42,123.0,1260.0,49.0,1.0,27.41,83.5,-5.0,41.6,42.0
351.449,42,134.0,1260.0,49.0,1.0,27.41,83.5,-5.0,41.6,42.0
351.539,42,134.0,1307.0,49.0,1.0,27.41,83.5,-5.0,41.6,42.0
351.659,42,134.0,1307.0,51.0,1.0,27.41,83.5,-5.0,41.6,42.0
351.749,42,134.0,1307.0,51.0,1.0,27.41,83.5,-5.0,41.6,42.0
351.839,42,134.0,1307.0,51.0,1.0,29.58,83.5,-5.0,41.6,42.0
351.932,42,134.0,1307.0,51.0,1.0,29.58,83.5,-5.0,41.6,42.0
352.019,42,134.0,1307.0,51.0,1.0,29.58,83.5,-5.0,41.6,42.0
352.109,42,134.0,1307.0,51.0,1.0,29.58,83.5,-5.0,27.8,42.0
352.199,42,134.0,1307.0,51.0,1.0,29.58,83.5,-5.0,27.8,23.9
352.289,42,134.0,1307.0,51.0,1.0,29.58,83.5,-5.0,27.8,23.9
352.379,42,117.0,1307.0,51.0,1.0,29.58,83.5,-5.0,27.8,23.9
352.468,42,117.0,1284.0,51.0,1.0,29.58,83.5,-5.0,27.8,23.9
352.559,42,117.0,1284.0,51.0,1.0,29.58,83.5,-5.0,27.8,23.9
352.649,42,117.0,1284.0,51.0,2.0,29.58,83.5,-5.0,27.8,23.9
352.739,42,117.0,1284.0,51.0,2.0,24.47,83.5,-5.0,27.8,23.9
352.829,42,117.0,1284.0,51.0,2.0,24.47,83.5,-5.0,27.8,23.9
352.919,42,117.0,1284.0,51.0,2.0,24.47,83.5,-5.0,27.8,23.9
353.009,42,117.0,1284.0,51.0,2.0,24.47,83.5,-5.0,14.1,23.9
353.099,42,117.0,1284.0,51.0,2.0,24.47,83.5,-5.0,14.1,14.5
353.188,42,117.0,1284.0,51.0,2.0,24.47,83.5,-5.0,14.1,14.5
353.278,42,112.0,1284.0,51.0,2.0,24.47,83.5,-5.0,14.1,14.5
353.368,42,112.0,1284.0,51.0,2.0,24.47,83.5,-5.0,14.1,14.5
353.458,42,112.0,1284.0,50.0,2.0,24.47,83.5,-5.0,14.1,14.5
353.548,42,112.0,1284.0,50.0,1.0,24.47,83.5,-5.0,14.1,14.5
353.638,42,112.0,1284.0,50.0,1.0,24.22,83.5,-5.0,14.1,14.5
353.728,42,112.0,1284.0,50.0,1.0,24.22,83.5,-5.0,14.1,14.5
353.818,42,112.0,1284.0,50.0,1.0,24.22,83.5,-5.0,14.1,14.5
353.909,42,112.0,1284.0,50.0,1.0,24.22,83.5,-5.0,14.1,14.5
353.998,42,112.0,1284.0,50.0,1.0,24.22,83.5,-5.0,14.1,14.5
354.088,42,112.0,1284.0,50.0,1.0,24.22,83.5,-5.0,14.1,14.5
354.179,42,112.0,1284.0,50.0,1.0,24.22,83.5,-5.0,14.1,14.5
354.268,42,112.0,1239.0,50.0,1.0,24.22,83.5,-5.0,14.1,14.5
354.36,42,112.0,1239.0,48.0,1.0,24.22,83.5,-5.0,14.1,14.5
354.448,42,112.0,1239.0,48.0,1.0,24.22,83.5,-5.0,14.1,14.5
354.538,42,112.0,1239.0,48.0,1.0,23.24,83.5,-5.0,14.1,14.5
354.628,42,112.0,1239.0,48.0,1.0,23.24,83.5,-5.0,14.1,14.5
354.719,42,112.0,1239.0,48.0,1.0,23.24,83.5,-5.0,14.1,14.5
354.808,42,112.0,1239.0,48.0,1.0,23.24,83.5,-5.0,14.1,14.5
354.899,42,112.0,1239.0,48.0,1.0,23.24,83.5,-5.0,14.1,14.5
354.988,42,112.0,1239.0,48.0,1.0,23.24,83.5,-5.0,14.1,14.5
355.078,42,111.0,1239.0,48.0,1.0,23.24,83.5,-5.0,14.1,14.5
355.168,42,111.0,1203.0,48.0,1.0,23.24,83.5,-5.0,14.1,14.5
355.259,42,111.0,1203.0,47.0,1.0,23.24,83.5,-5.0,14.1,14.5
355.349,42,111.0,1203.0,47.0,1.0,23.24,83.5,-5.0,14.1,14.5
355.439,42,111.0,1203.0,47.0,1.0,22.16,83.5,-5.0,14.1,14.5
355.529,42,111.0,1203.0,47.0,1.0,22.16,83.5,-5.0,14.1,14.5
355.621,42,111.0,1203.0,47.0,1.0,22.16,83.5,-5.0,14.1,14.5
355.709,42,111.0,1203.0,47.0,1.0,22.16,83.5,-5.0,14.1,14.5
355.798,42,111.0,1203.0,47.0,1.0,22.16,83.5,-5.0,14.1,14.5
355.888,42,111.0,1203.0,47.0,1.0,22.16,83.5,-5.0,14.1,14.5
355.98,42,110.0,1203.0,47.0,1.0,22.16,83.5,-5.0,14.1,14.5
356.068,42,110.0,1005.0,47.0,1.0,22.16,83.5,-5.0,14.1,14.5
356.158,42,110.0,1005.0,46.0,1.0,22.16,83.5,-5.0,14.1,14.5
356.308,42,110.0,1005.0,46.0,-1.0,22.16,83.5,-5.0,14.1,14.5
356.399,42,110.0,1005.0,46.0,-1.0,19.24,83.5,-5.0,14.1,14.5
356.489,42,110.0,1005.0,46.0,-1.0,19.24,83.5,-5.0,14.1,14.5
356.579,42,110.0,1005.0,46.0,-1.0,19.24,83.5,-5.0,14.1,14.5
356.698,42,110.0,1005.0,46.0,-1.0,19.24,83.5,-5.0,14.1,14.5
356.789,42,110.0,1005.0,46.0,-1.0,19.24,83.5,-5.0,14.1,14.5
356.879,42,110.0,1005.0,46.0,-1.0,19.24,83.5,-5.0,14.1,14.5
356.969,42,101.0,1005.0,46.0,-1.0,19.24,83.5,-5.0,14.1,14.5
357.058,42,101.0,1597.0,46.0,-1.0,19.24,83.5,-5.0,14.1,14.5
357.149,42,101.0,1597.0,43.0,-1.0,19.24,83.5,-5.0,14.1,14.5
357.238,42,101.0,1597.0,43.0,0.0,19.24,83.5,-5.0,14.1,14.5
357.328,42,101.0,1597.0,43.0,0.0,28.8,83.5,-5.0,14.1,14.5
357.418,42,101.0,1597.0,43.0,0.0,28.8,83.5,-5.0,14.1,14.5
357.508,42,101.0,1597.0,43.0,0.0,28.8,83.5,-5.0,14.1,14.5
357.598,42,101.0,1597.0,43.0,0.0,28.8,83.5,-5.0,14.1,14.5
357.694,42,101.0,1597.0,43.0,0.0,28.8,83.5,-5.0,14.1,14.5
357.779,42,101.0,1597.0,43.0,0.0,28.8,83.5,-5.0,14.1,14.5
357.869,42,109.0,1597.0,43.0,0.0,28.8,83.5,-5.0,14.1,14.5
357.958,42,109.0,1029.0,43.0,0.0,28.8,83.5,-5.0,14.1,14.5
358.048,42,109.0,1029.0,39.0,0.0,28.8,83.5,-5.0,14.1,14.5
358.139,42,109.0,1029.0,39.0,1.0,28.8,83.5,-5.0,14.1,14.5
358.228,42,109.0,1029.0,39.0,1.0,18.55,83.5,-5.0,14.1,14.5
358.318,42,109.0,1029.0,39.0,1.0,18.55,83.5,-5.0,14.1,14.5
358.408,42,109.0,1029.0,39.0,1.0,18.55,83.5,-5.0,14.1,14.5
358.498,42,109.0,1029.0,39.0,1.0,18.55,83.5,-5.0,14.1,14.5
358.588,42,109.0,1029.0,39.0,1.0,18.55,83.5,-5.0,14.1,14.5
358.678,42,109.0,1029.0,39.0,1.0,18.55,83.5,-5.0,14.1,14.5
358.768,42,108.0,1029.0,39.0,1.0,18.55,83.5,-5.0,14.1,14.5
358.858,42,108.0,1235.0,39.0,1.0,18.55,83.5,-5.0,14.1,14.5
358.948,42,108.0,1235.0,34.0,1.0,18.55,83.5,-5.0,14.1,14.5
359.038,42,108.0,1235.0,34.0,0.0,18.55,83.5,-5.0,14.1,14.5
359.128,42,108.0,1235.0,34.0,0.0,23.72,83.5,-5.0,14.1,14.5
359.219,42,108.0,1235.0,34.0,0.0,23.72,83.5,-5.0,14.1,14.5
359.308,42,108.0,1235.0,34.0,0.0,23.72,83.5,-5.0,14.1,14.5
359.398,42,108.0,1235.0,34.0,0.0,23.72,83.5,-5.0,14.1,14.5
359.488,42,108.0,1235.0,34.0,0.0,23.72,83.5,-5.0,14.1,14.5
359.578,43,108.0,1235.0,34.0,0.0,23.72,83.5,-5.0,14.1,14.5
359.668,43,104.0,1235.0,34.0,0.0,23.72,83.5,-5.0,14.1,14.5
359.758,43,104.0,1713.0,34.0,0.0,23.72,83.5,-5.0,14.1,14.5
359.848,43,104.0,1713.0,29.0,0.0,23.72,83.5,-5.0,14.1,14.5
359.938,43,104.0,1713.0,29.0,1.0,23.72,83.5,-5.0,14.1,14.5
360.028,43,104.0,1713.0,29.0,1.0,30.94,83.5,-5.0,14.1,14.5
360.118,43,104.0,1713.0,29.0,1.0,30.94,83.5,-5.0,14.1,14.5
360.208,43,104.0,1713.0,29.0,1.0,30.94,83.5,-5.0,14.1,14.5
360.298,43,104.0,1713.0,29.0,1.0,30.94,83.5,-5.0,14.5,14.5
360.388,43,104.0,1713.0,29.0,1.0,30.94,83.5,-5.0,14.5,14.5
360.478,43,104.0,1713.0,29.0,1.0,30.94,83.5,-5.0,14.5,14.5
360.568,43,113.0,1713.0,29.0,1.0,30.94,83.5,-5.0,14.5,14.5
360.659,43,113.0,1433.0,29.0,1.0,30.94,83.5,-5.0,14.5,14.5
360.748,43,113.0,1433.0,24.0,1.0,30.94,83.5,-5.0,14.5,14.5
360.838,43,113.0,1433.0,24.0,2.0,30.94,83.5,-5.0,14.5,14.5
360.928,43,113.0,1433.0,24.0,2.0,26.61,83.5,-5.0,14.5,14.5
361.018,43,113.0,1433.0,24.0,2.0,26.61,83.5,-5.0,14.5,14.5
361.108,43,113.0,1433.0,24.0,2.0,26.61,83.5,-5.0,14.5,14.5
361.198,43,113.0,1433.0,24.0,2.0,26.61,83.5,-5.0,14.1,14.5
361.288,43,113.0,1433.0,24.0,2.0,26.61,83.5,-5.0,14.1,14.5
361.378,43,113.0,1433.0,24.0,2.0,26.61,83.5,-5.0,14.1,14.5
361.468,43,112.0,1433.0,24.0,2.0,26.61,83.5,-5.0,14.1,14.5
361.558,43,112.0,1046.0,24.0,2.0,26.61,83.5,-5.0,14.1,14.5
361.678,43,112.0,1046.0,18.0,2.0,26.61,83.5,-5.0,14.1,14.5
361.768,43,112.0,1046.0,18.0,1.0,26.61,83.5,-5.0,14.1,14.5
361.858,43,112.0,1046.0,18.0,1.0,18.99,83.5,-5.0,14.1,14.5
361.948,43,112.0,1046.0,18.0,1.0,18.99,83.5,-5.0,14.1,14.5
362.038,43,112.0,1046.0,18.0,1.0,18.99,83.5,-5.0,14.1,14.5
362.128,43,112.0,1046.0,18.0,1.0,18.99,83.5,-5.0,14.1,14.5
362.218,43,112.0,1046.0,18.0,1.0,18.99,83.5,-5.0,14.1,14.5
362.308,43,112.0,1046.0,18.0,1.0,18.99,83.5,-5.0,14.1,14.5
362.398,43,109.0,1046.0,18.0,1.0,18.99,83.5,-5.0,14.1,14.5
362.488,43,109.0,1043.0,18.0,1.0,18.99,83.5,-5.0,14.1,14.5
362.578,43,109.0,1043.0,11.0,1.0,18.99,83.5,-5.0,14.1,14.5
362.668,43,109.0,1043.0,11.0,-1.0,18.99,83.5,-5.0,14.1,14.5
362.758,43,109.0,1043.0,11.0,-1.0,18.99,83.5,-5.0,14.1,14.5
362.848,43,109.0,1043.0,11.0,-1.0,18.99,83.5,-5.0,14.1,14.5
362.938,43,109.0,1043.0,11.0,-1.0,18.99,83.5,-5.0,14.1,14.5
363.028,43,109.0,1043.0,11.0,-1.0,18.99,83.5,-5.0,25.1,14.5
363.148,43,109.0,1043.0,11.0,-1.0,18.99,83.5,-5.0,25.1,28.6
363.238,43,109.0,1043.0,11.0,-1.0,18.99,83.5,-5.0,25.1,28.6
363.328,43,108.0,1043.0,11.0,-1.0,18.99,83.5,-5.0,25.1,28.6
363.418,43,108.0,1234.0,11.0,-1.0,18.99,83.5,-5.0,25.1,28.6
363.508,43,108.0,1234.0,11.0,-1.0,18.99,83.5,-5.0,25.1,28.6
363.598,43,108.0,1234.0,11.0,-1.0,18.99,83.5,-5.0,25.1,28.6
363.688,43,108.0,1234.0,11.0,-1.0,21.36,83.5,-5.0,25.1,28.6
363.778,43,108.0,1234.0,11.0,-1.0,21.36,83.5,-5.0,25.1,28.6
363.868,43,108.0,1234.0,11.0,-1.0,21.36,83.5,-5.0,25.1,28.6
363.958,43,108.0,1234.0,11.0,-1.0,21.36,83.5,-5.0,34.9,28.6
364.048,43,108.0,1234.0,11.0,-1.0,21.36,83.5,-5.0,34.9,35.3
364.138,43,108.0,1234.0,11.0,-1.0,21.36,83.5,-5.0,34.9,35.3
364.228,43,113.0,1234.0,11.0,-1.0,21.36,83.5,-5.0,34.9,35.3
364.318,43,113.0,1088.0,11.0,-1.0,21.36,83.5,-5.0,34.9,35.3
364.408,43,113.0,1088.0,16.0,-1.0,21.36,83.5,-5.0,34.9,35.3
364.498,43,113.0,1088.0,16.0,0.0,21.36,83.5,-5.0,34.9,35.3
364.588,43,113.0,1088.0,16.0,0.0,20.52,83.5,-5.0,34.9,35.3
364.678,43,113.0,1088.0,16.0,0.0,20.52,83.5,-5.0,34.9,35.3
364.768,43,113.0,1088.0,16.0,0.0,20.52,83.5,-5.0,34.9,35.3
364.858,43,113.0,1088.0,16.0,0.0,20.52,83.5,-5.0,35.7,35.3
364.948,43,113.0,1088.0,16.0,0.0,20.52,83.5,-5.0,35.7,36.5
365.038,43,113.0,1088.0,16.0,0.0,20.52,83.5,-5.0,35.7,36.5
365.128,43,119.0,1088.0,16.0,0.0,20.52,83.5,-5.0,35.7,36.5
365.218,43,119.0,1229.0,16.0,0.0,20.52,83.5,-5.0,35.7,36.5
365.308,43,119.0,1229.0,21.0,0.0,20.52,83.5,-5.0,35.7,36.5
365.397,43,119.0,1229.0,21.0,1.0,20.52,83.5,-5.0,35.7,36.5
365.488,43,119.0,1229.0,21.0,1.0,27.13,83.5,-5.0,35.7,36.5
365.578,43,119.0,1229.0,21.0,1.0,27.13,83.5,-5.0,35.7,36.5
365.668,43,119.0,1229.0,21.0,1.0,27.13,83.5,-5.0,35.7,36.5
365.758,43,119.0,1229.0,21.0,1.0,27.13,83.5,-5.0,44.3,36.5
365.848,43,119.0,1229.0,21.0,1.0,27.13,83.5,-5.0,44.3,45.1
365.938,43,119.0,1229.0,21.0,1.0,27.13,83.5,-5.0,44.3,45.1
366.028,43,136.0,1229.0,21.0,1.0,27.13,83.5,-5.0,44.3,45.1
366.118,43,136.0,1520.0,21.0,1.0,27.13,83.5,-5.0,44.3,45.1
366.208,43,136.0,1520.0,26.0,1.0,27.13,83.5,-5.0,44.3,45.1
366.298,43,136.0,1520.0,26.0,2.0,27.13,83.5,-5.0,44.3,45.1
366.388,43,136.0,1520.0,26.0,2.0,35.11,83.5,-5.0,44.3,45.1
366.478,43,136.0,1520.0,26.0,2.0,35.11,83.5,-5.0,44.3,45.1
366.568,43,136.0,1520.0,26.0,2.0,35.11,83.5,-5.0,44.3,45.1
366.718,43,136.0,1520.0,26.0,2.0,35.11,83.5,-5.0,36.5,45.1
366.808,43,136.0,1520.0,26.0,2.0,35.11,83.5,-5.0,36.5,36.1
366.898,43,136.0,1520.0,26.0,2.0,35.11,83.5,-5.0,36.5,36.1
366.988,43,118.0,1520.0,26.0,2.0,35.11,83.5,-5.0,36.5,36.1
367.078,43,118.0,1674.0,26.0,2.0,35.11,83.5,-5.0,36.5,36.1
367.168,43,118.0,1674.0,29.0,2.0,35.11,83.5,-5.0,36.5,36.1
367.258,43,118.0,1674.0,29.0,2.0,35.11,83.5,-5.0,36.5,36.1
367.348,43,118.0,1674.0,29.0,2.0,31.36,83.5,-5.0,36.5,36.1
367.438,43,118.0,1674.0,29.0,2.0,31.36,83.5,-5.0,36.5,36.1
367.528,43,118.0,1674.0,29.0,2.0,31.36,83.5,-5.0,36.5,36.1
367.618,43,118.0,1674.0,29.0,2.0,31.36,83.5,-5.0,25.9,36.1
367.708,43,118.0,1674.0,29.0,2.0,31.36,83.5,-5.0,25.9,26.7
367.798,43,118.0,1674.0,29.0,2.0,31.36,83.5,-5.0,25.9,26.7
367.888,43,102.0,1674.0,29.0,2.0,31.36,83.5,-5.0,25.9,26.7
367.978,43,102.0,1692.0,29.0,2.0,31.36,83.5,-5.0,25.9,26.7
368.068,43,102.0,1692.0,29.0,2.0,31.36,83.5,-5.0,25.9,26.7
368.158,43,102.0,1692.0,29.0,2.0,31.36,83.5,-5.0,25.9,26.7
368.248,43,102.0,1692.0,29.0,2.0,29.66,83.5,-5.0,25.9,26.7
368.338,43,102.0,1692.0,29.0,2.0,29.66,83.5,-5.0,25.9,26.7
368.428,43,102.0,1692.0,29.0,2.0,29.66,83.5,-5.0,25.9,26.7
368.518,43,102.0,1692.0,29.0,2.0,29.66,83.5,-5.0,35.3,26.7
368.608,43,102.0,1692.0,29.0,2.0,29.66,83.5,-5.0,35.3,36.5
368.698,43,102.0,1692.0,29.0,2.0,29.66,83.5,-5.0,35.3,36.5
368.788,43,101.0,1692.0,29.0,2.0,29.66,83.5,-5.0,35.3,36.5
368.878,43,101.0,1717.0,29.0,2.0,29.66,83.5,-5.0,35.3,36.5
368.968,43,101.0,1717.0,29.0,2.0,29.66,83.5,-5.0,35.3,36.5
369.058,43,101.0,1717.0,29.0,2.0,29.66,83.5,-5.0,35.3,36.5
369.148,43,101.0,1717.0,29.0,2.0,33.44,83.5,-5.0,35.3,36.5
369.238,43,101.0,1717.0,29.0,2.0,33.44,83.5,-5.0,35.3,36.5
369.328,43,101.0,1717.0,29.0,2.0,33.44,83.5,-5.0,35.3,36.5
369.418,43,101.0,1717.0,29.0,2.0,33.44,83.5,-5.0,49.4,36.5
369.508,43,101.0,1717.0,29.0,2.0,33.44,83.5,-5.0,49.4,51.0
369.597,43,101.0,1717.0,29.0,2.0,33.44,83.5,-5.0,49.4,51.0
369.688,43,146.0,1717.0,29.0,2.0,33.44,83.5,-5.0,49.4,51.0
369.778,43,146.0,1997.0,29.0,2.0,33.44,83.5,-5.0,49.4,51.0
369.868,43,146.0,1997.0,34.0,2.0,33.44,83.5,-5.0,49.4,51.0
369.959,43,146.0,1997.0,34.0,2.0,33.44,83.5,-5.0,49.4,51.0
370.048,43,146.0,1997.0,34.0,2.0,70.11,83.5,-5.0,49.4,51.0
370.138,43,146.0,1997.0,34.0,2.0,70.11,83.5,-5.0,49.4,51.0
370.228,43,146.0,1997.0,34.0,2.0,70.11,83.5,-5.0,49.4,51.0
370.319,43,146.0,1997.0,34.0,2.0,70.11,83.5,-5.0,53.3,51.0
370.408,43,146.0,1997.0,34.0,2.0,70.11,83.5,-5.0,53.3,53.3
370.498,43,146.0,1997.0,34.0,2.0,70.11,83.5,-5.0,53.3,53.3
370.588,43,201.0,1997.0,34.0,2.0,70.11,83.5,-5.0,53.3,53.3
370.678,43,201.0,2473.0,34.0,2.0,70.11,83.5,-5.0,53.3,53.3
370.769,43,201.0,2473.0,43.0,2.0,70.11,83.5,-5.0,53.3,53.3
370.858,43,201.0,2473.0,43.0,4.0,70.11,83.5,-5.0,53.3,53.3
370.948,43,201.0,2473.0,43.0,4.0,88.88,83.5,-5.0,53.3,53.3
371.038,43,201.0,2473.0,43.0,4.0,88.88,83.5,-5.0,53.3,53.3
371.128,43,201.0,2473.0,43.0,4.0,88.88,83.5,-5.0,53.3,53.3
371.218,43,201.0,2473.0,43.0,4.0,88.88,83.5,-5.0,16.9,53.3
371.308,43,201.0,2473.0,43.0,4.0,88.88,83.5,-5.0,16.9,14.5
371.398,43,201.0,2473.0,43.0,4.0,88.88,83.5,-5.0,16.9,14.5
371.489,43,97.0,2473.0,43.0,4.0,88.88,83.5,-5.0,16.9,14.5
371.579,43,97.0,2102.0,43.0,4.0,88.88,83.5,-5.0,16.9,14.5
371.669,43,97.0,2102.0,46.0,4.0,88.88,83.5,-5.0,16.9,14.5
371.757,43,97.0,2102.0,46.0,4.0,88.88,83.5,-5.0,16.9,14.5
371.848,43,97.0,2102.0,46.0,4.0,30.55,83.5,-5.0,16.9,14.5
371.938,43,97.0,2102.0,46.0,4.0,30.55,31.0,-5.0,16.9,14.5
372.028,43,97.0,2102.0,46.0,4.0,30.55,31.0,-5.0,16.9,14.5
372.118,43,97.0,2102.0,46.0,4.0,30.55,31.0,-5.0,58.0,14.5
372.208,43,97.0,2102.0,46.0,4.0,30.55,31.0,-5.0,58.0,62.0
372.299,43,97.0,2102.0,46.0,4.0,30.55,31.0,-5.0,58.0,62.0
372.389,43,129.0,2102.0,46.0,4.0,30.55,31.0,-5.0,58.0,62.0
372.479,43,129.0,1810.0,46.0,4.0,30.55,31.0,-5.0,58.0,62.0
372.569,43,129.0,1810.0,49.0,4.0,30.55,31.0,-5.0,58.0,62.0
372.659,43,129.0,1810.0,49.0,0.0,30.55,31.0,-5.0,58.0,62.0
372.748,43,129.0,1810.0,49.0,0.0,59.58,31.0,-5.0,58.0,62.0
372.838,43,129.0,1810.0,49.0,0.0,59.58,83.5,-5.0,58.0,62.0
372.928,43,129.0,1810.0,49.0,0.0,59.58,83.5,-5.0,58.0,62.0
373.018,43,129.0,1810.0,49.0,0.0,59.58,83.5,-5.0,62.4,62.0
373.108,43,129.0,1810.0,49.0,0.0,59.58,83.5,-5.0,62.4,62.7
373.199,43,129.0,1810.0,49.0,0.0,59.58,83.5,-5.0,62.4,62.7
373.292,43,218.0,1810.0,49.0,0.0,59.58,83.5,-5.0,62.4,62.7
373.379,43,218.0,2100.0,49.0,0.0,59.58,83.5,-5.0,62.4,62.7
373.469,43,218.0,2100.0,57.0,0.0,59.58,83.5,-5.0,62.4,62.7
373.559,43,218.0,2100.0,57.0,2.0,59.58,83.5,-5.0,62.4,62.7
373.648,43,218.0,2100.0,57.0,2.0,84.38,83.5,-5.0,62.4,62.7
373.739,43,218.0,2100.0,57.0,2.0,84.38,83.5,-5.0,62.4,62.7
373.829,43,218.0,2100.0,57.0,2.0,84.38,83.5,-5.0,62.4,62.7
373.92,43,218.0,2100.0,57.0,2.0,84.38,83.5,-5.0,60.4,62.7
374.008,43,218.0,2100.0,57.0,2.0,84.38,83.5,-5.0,60.4,59.6
374.099,43,218.0,2100.0,57.0,2.0,84.38,83.5,-5.0,60.4,59.6
374.189,43,212.0,2100.0,57.0,2.0,84.38,83.5,-5.0,60.4,59.6
374.278,43,212.0,2368.0,57.0,2.0,84.38,83.5,-5.0,60.4,59.6
374.37,43,212.0,2368.0,64.0,2.0,84.38,83.5,-5.0,60.4,59.6
374.458,43,212.0,2368.0,64.0,3.0,84.38,83.5,-5.0,60.4,59.6
374.548,43,212.0,2368.0,64.0,3.0,49.88,83.5,-5.0,60.4,59.6
374.639,43,212.0,2368.0,64.0,3.0,49.88,30.6,-5.0,60.4,59.6
374.729,43,212.0,2368.0,64.0,3.0,49.88,30.6,-5.0,60.4,59.6
374.819,43,212.0,2368.0,64.0,3.0,49.88,30.6,-5.0,15.3,59.6
374.908,43,212.0,2368.0,64.0,3.0,49.88,30.6,-5.0,15.3,22.4
374.998,43,212.0,2368.0,64.0,3.0,49.88,30.6,-5.0,15.3,22.4
375.089,43,101.0,2368.0,64.0,3.0,49.88,30.6,-5.0,15.3,22.4
375.179,43,101.0,1660.0,64.0,3.0,49.88,30.6,-5.0,15.3,22.4
375.269,43,101.0,1660.0,64.0,3.0,49.88,30.6,-5.0,15.3,22.4
375.359,43,101.0,1660.0,64.0,2.0,49.88,30.6,-5.0,15.3,22.4
375.449,43,101.0,1660.0,64.0,2.0,31.88,30.6,-5.0,15.3,22.4
375.539,43,101.0,1660.0,64.0,2.0,31.88,81.2,-5.0,15.3,22.4
375.629,43,101.0,1660.0,64.0,2.0,31.88,81.2,-5.0,15.3,22.4
375.718,43,101.0,1660.0,64.0,2.0,31.88,81.2,-5.0,43.9,22.4
375.809,43,101.0,1660.0,64.0,2.0,31.88,81.2,-5.0,43.9,44.7
375.899,43,101.0,1660.0,64.0,2.0,31.88,81.2,-5.0,43.9,44.7
375.988,43,137.0,1660.0,64.0,2.0,31.88,81.2,-5.0,43.9,44.7
376.078,43,137.0,1678.0,64.0,2.0,31.88,81.2,-5.0,43.9,44.7
376.169,43,137.0,1678.0,65.0,2.0,31.88,81.2,-5.0,43.9,44.7
376.259,43,137.0,1678.0,65.0,-1.0,31.88,81.2,-5.0,43.9,44.7
376.349,43,137.0,1678.0,65.0,-1.0,37.66,81.2,-5.0,43.9,44.7
376.438,43,137.0,1678.0,65.0,-1.0,37.66,83.5,-5.0,43.9,44.7
376.528,43,137.0,1678.0,65.0,-1.0,37.66,83.5,-5.0,43.9,44.7
376.618,43,137.0,1678.0,65.0,-1.0,37.66,83.5,-5.0,38.4,44.7
376.709,43,137.0,1678.0,65.0,-1.0,37.66,83.5,-5.0,38.4,38.8
376.799,43,137.0,1678.0,65.0,-1.0,37.66,83.5,-5.0,38.4,38.8
376.888,43,122.0,1678.0,65.0,-1.0,37.66,83.5,-5.0,38.4,38.8
376.979,43,122.0,1699.0,65.0,-1.0,37.66,83.5,-5.0,38.4,38.8
377.068,43,122.0,1699.0,66.0,-1.0,37.66,83.5,-5.0,38.4,38.8
377.158,43,122.0,1699.0,66.0,0.0,37.66,83.5,-5.0,38.4,38.8
377.248,43,122.0,1699.0,66.0,0.0,33.88,83.5,-5.0,38.4,38.8
377.339,43,122.0,1699.0,66.0,0.0,33.88,83.5,-5.0,38.4,38.8
377.428,43,122.0,1699.0,66.0,0.0,33.88,83.5,-5.0,38.4,38.8
377.518,43,122.0,1699.0,66.0,0.0,33.88,83.5,-5.0,38.4,38.8
377.61,43,122.0,1699.0,66.0,0.0,33.88,83.5,-5.0,38.4,38.8
377.699,43,122.0,1699.0,66.0,0.0,33.88,83.5,-5.0,38.4,38.8
377.788,43,115.0,1699.0,66.0,0.0,33.88,83.5,-5.0,38.4,38.8
377.879,43,115.0,1703.0,66.0,0.0,33.88,83.5,-5.0,38.4,38.8
377.969,43,115.0,1703.0,66.0,0.0,33.88,83.5,-5.0,38.4,38.8
378.059,43,115.0,1703.0,66.0,-1.0,33.88,83.5,-5.0,38.4,38.8
378.149,43,115.0,1703.0,66.0,-1.0,34.19,83.5,-5.0,38.4,38.8
378.239,43,115.0,1703.0,66.0,-1.0,34.19,83.5,-5.0,38.4,38.8
378.328,43,115.0,1703.0,66.0,-1.0,34.19,83.5,-5.0,38.4,38.8
378.42,43,115.0,1703.0,66.0,-1.0,34.19,83.5,-5.0,38.4,38.8
378.509,43,115.0,1703.0,66.0,-1.0,34.19,83.5,-5.0,38.4,39.2
378.602,43,115.0,1703.0,66.0,-1.0,34.19,83.5,-5.0,38.4,39.2
378.688,43,118.0,1703.0,66.0,-1.0,34.19,83.5,-5.0,38.4,39.2
378.779,43,118.0,1709.0,66.0,-1.0,34.19,83.5,-5.0,38.4,39.2
378.869,43,118.0,1709.0,67.0,-1.0,34.19,83.5,-5.0,38.4,39.2
378.931,43,118.0,1709.0,67.0,0.0,34.19,83.5,-5.0,38.4,39.2
379.019,43,118.0,1709.0,67.0,0.0,35.33,83.5,-5.0,38.4,39.2
379.107,43,118.0,1709.0,67.0,0.0,35.33,83.5,-5.0,38.4,39.2
379.197,43,118.0,1709.0,67.0,0.0,35.33,83.5,-5.0,38.4,39.2
379.288,43,118.0,1709.0,67.0,0.0,35.33,83.5,-5.0,38.4,39.2
379.378,43,118.0,1709.0,67.0,0.0,35.33,83.5,-5.0,38.4,38.8
379.468,43,118.0,1709.0,67.0,0.0,35.33,83.5,-5.0,38.4,38.8
379.559,43,120.0,1709.0,67.0,0.0,35.33,83.5,-5.0,38.4,38.8
379.649,43,120.0,1720.0,67.0,0.0,35.33,83.5,-5.0,38.4,38.8
379.738,43,120.0,1720.0,67.0,0.0,35.33,83.5,-5.0,38.4,38.8
379.829,43,120.0,1720.0,67.0,0.0,35.33,83.5,-5.0,38.4,38.8
379.918,43,120.0,1720.0,67.0,0.0,35.58,83.5,-5.0,38.4,38.8
380.008,43,120.0,1720.0,67.0,0.0,35.58,83.5,-5.0,38.4,38.8
380.098,43,120.0,1720.0,67.0,0.0,35.58,83.5,-5.0,38.4,38.8
380.188,43,120.0,1720.0,67.0,0.0,35.58,83.5,-5.0,37.3,38.8
380.279,43,120.0,1720.0,67.0,0.0,35.58,83.5,-5.0,37.3,36.9
380.369,43,120.0,1720.0,67.0,0.0,35.58,83.5,-5.0,37.3,36.9
380.458,43,119.0,1720.0,67.0,0.0,35.58,83.5,-5.0,37.3,36.9
380.549,43,119.0,1723.0,67.0,0.0,35.58,83.5,-5.0,37.3,36.9
380.639,43,119.0,1723.0,67.0,0.0,35.58,83.5,-5.0,37.3,36.9
380.73,43,119.0,1723.0,67.0,0.0,35.58,83.5,-5.0,37.3,36.9
380.818,43,119.0,1723.0,67.0,0.0,34.8,83.5,-5.0,37.3,36.9
380.881,43,119.0,1723.0,67.0,0.0,34.8,83.5,-5.0,37.3,36.9
380.97,43,119.0,1723.0,67.0,0.0,34.8,83.5,-5.0,37.3,36.9
381.058,43,119.0,1723.0,67.0,0.0,34.8,83.5,-5.0,35.7,36.9
381.149,43,119.0,1723.0,67.0,0.0,34.8,83.5,-5.0,35.7,36.1
381.238,43,119.0,1723.0,67.0,0.0,34.8,83.5,-5.0,35.7,36.1
381.331,43,114.0,1723.0,67.0,0.0,34.8,83.5,-5.0,35.7,36.1
381.418,43,114.0,1726.0,67.0,0.0,34.8,83.5,-5.0,35.7,36.1
381.508,43,114.0,1726.0,67.0,0.0,34.8,83.5,-5.0,35.7,36.1
381.601,43,114.0,1726.0,67.0,0.0,34.8,83.5,-5.0,35.7,36.1
381.688,43,114.0,1726.0,67.0,0.0,33.58,83.5,-5.0,35.7,36.1
381.78,43,114.0,1726.0,67.0,0.0,33.58,83.5,-5.0,35.7,36.1
381.868,43,114.0,1726.0,67.0,0.0,33.58,83.5,-5.0,35.7,36.1
381.958,43,114.0,1726.0,67.0,0.0,33.58,83.5,-5.0,35.3,36.1
382.048,43,114.0,1726.0,67.0,0.0,33.58,83.5,-5.0,35.3,35.7
382.138,43,114.0,1726.0,67.0,0.0,33.58,83.5,-5.0,35.3,35.7
382.229,43,113.0,1726.0,67.0,0.0,33.58,83.5,-5.0,35.3,35.7
382.318,43,113.0,1726.0,67.0,0.0,33.58,83.5,-5.0,35.3,35.7
382.408,43,113.0,1726.0,67.0,0.0,33.58,83.5,-5.0,35.3,35.7
382.499,43,113.0,1726.0,67.0,0.0,33.58,83.5,-5.0,35.3,35.7
382.589,43,113.0,1726.0,67.0,0.0,33.3,83.5,-5.0,35.3,35.7
382.679,43,113.0,1726.0,67.0,0.0,33.3,83.5,-5.0,35.3,35.7
382.768,43,113.0,1726.0,67.0,0.0,33.3,83.5,-5.0,35.3,35.7
382.859,43,113.0,1726.0,67.0,0.0,33.3,83.5,-5.0,34.1,35.7
382.949,43,113.0,1726.0,67.0,0.0,33.3,83.5,-5.0,34.1,34.1
383.038,43,113.0,1726.0,67.0,0.0,33.3,83.5,-5.0,34.1,34.1
383.128,43,111.0,1726.0,67.0,0.0,33.3,83.5,-5.0,34.1,34.1
383.217,43,111.0,1713.0,67.0,0.0,33.3,83.5,-5.0,34.1,34.1
383.278,43,111.0,1713.0,67.0,0.0,33.3,83.5,-5.0,34.1,34.1
383.367,43,111.0,1713.0,67.0,0.0,33.3,83.5,-5.0,34.1,34.1
383.457,43,111.0,1713.0,67.0,0.0,32.33,83.5,-5.0,34.1,34.1
383.548,43,111.0,1713.0,67.0,0.0,32.33,83.5,-5.0,34.1,34.1
383.637,43,111.0,1713.0,67.0,0.0,32.33,83.5,-5.0,34.1,34.1
383.728,43,111.0,1713.0,67.0,0.0,32.33,83.5,-5.0,33.3,34.1
383.818,43,111.0,1713.0,67.0,0.0,32.33,83.5,-5.0,33.3,33.7
383.91,43,111.0,1713.0,67.0,0.0,32.33,83.5,-5.0,33.3,33.7
383.999,43,108.0,1713.0,67.0,0.0,32.33,83.5,-5.0,33.3,33.7
384.087,43,108.0,1702.0,67.0,0.0,32.33,83.5,-5.0,33.3,33.7
384.177,43,108.0,1702.0,66.0,0.0,32.33,83.5,-5.0,33.3,33.7
384.268,43,108.0,1702.0,66.0,0.0,32.33,83.5,-5.0,33.3,33.7
384.359,43,108.0,1702.0,66.0,0.0,31.61,83.5,-5.0,33.3,33.7
384.449,43,108.0,1702.0,66.0,0.0,31.61,83.5,-5.0,33.3,33.7
384.538,43,108.0,1702.0,66.0,0.0,31.61,83.5,-5.0,33.3,33.7
384.629,43,108.0,1702.0,66.0,0.0,31.61,83.5,-5.0,32.2,33.7
384.718,43,108.0,1702.0,66.0,0.0,31.61,83.5,-5.0,32.2,32.5
384.779,43,108.0,1702.0,66.0,0.0,31.61,83.5,-5.0,32.2,32.5
384.868,43,106.0,1702.0,66.0,0.0,31.61,83.5,-5.0,32.2,32.5
384.958,43,106.0,1693.0,66.0,0.0,31.61,83.5,-5.0,32.2,32.5
385.048,43,106.0,1693.0,66.0,0.0,31.61,83.5,-5.0,32.2,32.5
385.138,43,106.0,1693.0,66.0,0.0,31.61,83.5,-5.0,32.2,32.5
385.229,43,106.0,1693.0,66.0,0.0,31.41,83.5,-5.0,32.2,32.5
385.318,43,106.0,1693.0,66.0,0.0,31.41,83.5,-5.0,32.2,32.5
385.414,43,106.0,1693.0,66.0,0.0,31.41,83.5,-5.0,32.2,32.5
385.498,43,106.0,1693.0,66.0,0.0,31.41,83.5,-5.0,32.2,32.5
385.588,43,106.0,1693.0,66.0,0.0,31.41,83.5,-5.0,32.2,32.5
385.679,43,106.0,1693.0,66.0,0.0,31.41,83.5,-5.0,32.2,32.5
385.769,43,106.0,1693.0,66.0,0.0,31.41,83.5,-5.0,32.2,32.5
385.858,43,106.0,1679.0,66.0,0.0,31.41,83.5,-5.0,32.2,32.5
385.949,43,106.0,1679.0,66.0,0.0,31.41,83.5,-5.0,32.2,32.5
386.038,43,106.0,1679.0,66.0,-1.0,31.41,83.5,-5.0,32.2,32.5
386.13,43,106.0,1679.0,66.0,-1.0,31.02,83.5,-5.0,32.2,32.5
386.22,43,106.0,1679.0,66.0,-1.0,31.02,83.5,-5.0,32.2,32.5
386.308,43,106.0,1679.0,66.0,-1.0,31.02,83.5,-5.0,32.2,32.5
386.426,43,106.0,1679.0,66.0,-1.0,31.02,83.5,-5.0,31.4,32.5
386.519,43,106.0,1679.0,66.0,-1.0,31.02,83.5,-5.0,31.4,31.8
386.609,43,106.0,1679.0,66.0,-1.0,31.02,83.5,-5.0,31.4,31.8
386.698,43,106.0,1679.0,66.0,-1.0,31.02,83.5,-5.0,31.4,31.8
386.788,43,106.0,1678.0,66.0,-1.0,31.02,83.5,-5.0,31.4,31.8
386.879,43,106.0,1678.0,65.0,-1.0,31.02,83.5,-5.0,31.4,31.8
386.968,43,106.0,1678.0,65.0,-1.0,31.02,83.5,-5.0,31.4,31.8
387.058,43,106.0,1678.0,65.0,-1.0,30.8,83.5,-5.0,31.4,31.8
387.149,43,106.0,1678.0,65.0,-1.0,30.8,83.5,-5.0,31.4,31.8
387.238,43,106.0,1678.0,65.0,-1.0,30.8,83.5,-5.0,31.4,31.8
387.328,43,106.0,1678.0,65.0,-1.0,30.8,83.5,-5.0,32.2,31.8
387.418,43,106.0,1678.0,65.0,-1.0,30.8,83.5,-5.0,32.2,32.5
387.509,43,106.0,1678.0,65.0,-1.0,30.8,83.5,-5.0,32.2,32.5
387.598,43,106.0,1678.0,65.0,-1.0,30.8,83.5,-5.0,32.2,32.5
387.688,43,106.0,1667.0,65.0,-1.0,30.8,83.5,-5.0,32.2,32.5
387.778,43,106.0,1667.0,65.0,-1.0,30.8,83.5,-5.0,32.2,32.5
387.868,43,106.0,1667.0,65.0,-1.0,30.8,83.5,-5.0,32.2,32.5
387.93,43,106.0,1667.0,65.0,-1.0,30.8,83.5,-5.0,32.2,32.5
388.017,43,106.0,1667.0,65.0,-1.0,30.8,83.5,-5.0,32.2,32.5
388.079,43,106.0,1667.0,65.0,-1.0,30.8,83.5,-5.0,32.2,32.5
388.168,43,106.0,1667.0,65.0,-1.0,30.8,83.5,-5.0,32.2,32.5
388.258,43,106.0,1667.0,65.0,-1.0,30.8,83.5,-5.0,32.2,32.5
388.348,43,106.0,1667.0,65.0,-1.0,30.8,83.5,-5.0,32.2,32.5
388.438,43,107.0,1667.0,65.0,-1.0,30.8,83.5,-5.0,32.2,32.5
388.529,43,107.0,1661.0,65.0,-1.0,30.8,83.5,-5.0,32.2,32.5
388.618,43,107.0,1661.0,65.0,-1.0,30.8,83.5,-5.0,32.2,32.5
388.709,43,107.0,1661.0,65.0,-1.0,30.8,83.5,-5.0,32.2,32.5
388.798,43,107.0,1661.0,65.0,-1.0,30.63,83.5,-5.0,32.2,32.5
388.888,43,107.0,1661.0,65.0,-1.0,30.63,83.5,-5.0,32.2,32.5
388.978,43,107.0,1661.0,65.0,-1.0,30.63,83.5,-5.0,32.2,32.5
389.068,43,107.0,1661.0,65.0,-1.0,30.63,83.5,-5.0,32.2,32.5
389.129,43,107.0,1661.0,65.0,-1.0,30.63,83.5,-5.0,32.2,32.5
389.218,43,107.0,1661.0,65.0,-1.0,30.63,83.5,-5.0,32.2,32.5
389.339,43,107.0,1661.0,65.0,-1.0,30.63,83.5,-5.0,32.2,32.5
389.429,43,107.0,1654.0,65.0,-1.0,30.63,83.5,-5.0,32.2,32.5
389.519,43,107.0,1654.0,64.0,-1.0,30.63,83.5,-5.0,32.2,32.5
389.582,43,107.0,1654.0,64.0,0.0,30.63,83.5,-5.0,32.2,32.5
389.668,43,107.0,1654.0,64.0,0.0,30.74,83.5,-5.0,32.2,32.5
389.76,43,107.0,1654.0,64.0,0.0,30.74,83.5,-5.0,32.2,32.5
389.85,43,107.0,1654.0,64.0,0.0,30.74,83.5,-5.0,32.2,32.5
389.939,43,107.0,1654.0,64.0,0.0,30.74,83.5,-5.0,32.5,32.5
390.028,43,107.0,1654.0,64.0,0.0,30.74,83.5,-5.0,32.5,32.9
390.117,43,107.0,1654.0,64.0,0.0,30.74,83.5,-5.0,32.5,32.9
390.208,43,108.0,1654.0,64.0,0.0,30.74,83.5,-5.0,32.5,32.9
390.298,43,108.0,1650.0,64.0,0.0,30.74,83.5,-5.0,32.5,32.9
390.388,43,108.0,1650.0,64.0,0.0,30.74,83.5,-5.0,32.5,32.9
390.478,43,108.0,1650.0,64.0,0.0,30.74,83.5,-5.0,32.5,32.9
390.569,43,108.0,1650.0,64.0,0.0,31.11,83.5,-5.0,32.5,32.9
390.659,43,108.0,1650.0,64.0,0.0,31.11,83.5,-5.0,32.5,32.9
390.749,43,108.0,1650.0,64.0,0.0,31.11,83.5,-5.0,32.5,32.9
390.838,43,108.0,1650.0,64.0,0.0,31.11,83.5,-5.0,32.9,32.9
390.929,43,108.0,1650.0,64.0,0.0,31.11,83.5,-5.0,32.9,33.3
391.018,43,108.0,1650.0,64.0,0.0,31.11,83.5,-5.0,32.9,33.3
391.108,43,108.0,1650.0,64.0,0.0,31.11,83.5,-5.0,32.9,33.3
391.199,43,108.0,1652.0,64.0,0.0,31.11,83.5,-5.0,32.9,33.3
391.288,43,108.0,1652.0,64.0,0.0,31.11,83.5,-5.0,32.9,33.3
391.378,43,108.0,1652.0,64.0,0.0,31.11,83.5,-5.0,32.9,33.3
391.469,43,108.0,1652.0,64.0,0.0,31.11,83.5,-5.0,32.9,33.3
391.536,43,108.0,1652.0,64.0,0.0,31.11,83.5,-5.0,32.9,33.3
391.619,43,108.0,1652.0,64.0,0.0,31.11,83.5,-5.0,32.9,33.3
391.681,43,108.0,1652.0,64.0,0.0,31.11,83.5,-5.0,32.9,33.3
391.768,43,108.0,1652.0,64.0,0.0,31.11,83.5,-5.0,32.9,33.3
391.831,43,108.0,1652.0,64.0,0.0,31.11,83.5,-5.0,32.9,33.3
391.919,43,109.0,1652.0,64.0,0.0,31.11,83.5,-5.0,32.9,33.3
391.984,43,109.0,1636.0,64.0,0.0,31.11,83.5,-5.0,32.9,33.3
392.068,43,109.0,1636.0,64.0,0.0,31.11,83.5,-5.0,32.9,33.3
392.158,43,109.0,1636.0,64.0,0.0,31.11,83.5,-5.0,32.9,33.3
392.249,43,109.0,1636.0,64.0,0.0,30.88,83.5,-5.0,32.9,33.3
392.34,43,109.0,1636.0,64.0,0.0,30.88,83.5,-5.0,32.9,33.3
392.429,43,109.0,1636.0,64.0,0.0,30.88,83.5,-5.0,32.9,33.3
392.518,43,109.0,1636.0,64.0,0.0,30.88,83.5,-5.0,33.3,33.3
392.609,43,109.0,1636.0,64.0,0.0,30.88,83.5,-5.0,33.3,34.5
392.698,43,109.0,1636.0,64.0,0.0,30.88,83.5,-5.0,33.3,34.5
392.789,43,109.0,1636.0,64.0,0.0,30.88,83.5,-5.0,33.3,34.5
392.881,43,109.0,1634.0,64.0,0.0,30.88,83.5,-5.0,33.3,34.5
392.968,43,109.0,1634.0,64.0,0.0,30.88,83.5,-5.0,33.3,34.5
393.058,43,109.0,1634.0,64.0,0.0,30.88,83.5,-5.0,33.3,34.5
393.119,43,109.0,1634.0,64.0,0.0,31.66,83.5,-5.0,33.3,34.5
393.181,43,109.0,1634.0,64.0,0.0,31.66,83.5,-5.0,33.3,34.5
393.269,43,109.0,1634.0,64.0,0.0,31.66,83.5,-5.0,33.3,34.5
393.36,43,109.0,1634.0,64.0,0.0,31.66,83.5,-5.0,35.7,34.5
393.448,43,109.0,1634.0,64.0,0.0,31.66,83.5,-5.0,35.7,36.5
393.538,43,109.0,1634.0,64.0,0.0,31.66,83.5,-5.0,35.7,36.5
393.628,43,116.0,1634.0,64.0,0.0,31.66,83.5,-5.0,35.7,36.5
393.72,43,116.0,1627.0,64.0,0.0,31.66,83.5,-5.0,35.7,36.5
393.808,43,116.0,1627.0,63.0,0.0,31.66,83.5,-5.0,35.7,36.5
393.87,43,116.0,1627.0,63.0,0.0,31.66,83.5,-5.0,35.7,36.5
393.93,43,116.0,1627.0,63.0,0.0,32.69,83.5,-5.0,35.7,36.5
394.018,43,116.0,1627.0,63.0,0.0,32.69,83.5,-5.0,35.7,36.5
394.079,43,116.0,1627.0,63.0,0.0,32.69,83.5,-5.0,35.7,36.5
394.168,43,116.0,1627.0,63.0,0.0,32.69,83.5,-5.0,35.7,36.5
394.229,43,116.0,1627.0,63.0,0.0,32.69,83.5,-5.0,35.7,36.1
394.318,43,116.0,1627.0,63.0,0.0,32.69,83.5,-5.0,35.7,36.1
394.38,43,117.0,1627.0,63.0,0.0,32.69,83.5,-5.0,35.7,36.1
394.468,43,117.0,1627.0,63.0,0.0,32.69,83.5,-5.0,35.7,36.1
394.558,43,117.0,1627.0,63.0,0.0,32.69,83.5,-5.0,35.7,36.1
394.649,43,117.0,1627.0,63.0,0.0,32.69,83.5,-5.0,35.7,36.1
394.738,43,117.0,1627.0,63.0,0.0,32.61,83.5,-5.0,35.7,36.1
394.828,43,117.0,1627.0,63.0,0.0,32.61,83.5,-5.0,35.7,36.1
394.918,43,117.0,1627.0,63.0,0.0,32.61,83.5,-5.0,35.7,36.1
395.011,43,117.0,1627.0,63.0,0.0,32.61,83.5,-5.0,35.7,36.1
395.069,43,117.0,1627.0,63.0,0.0,32.61,83.5,-5.0,35.7,36.1
395.129,43,117.0,1627.0,63.0,0.0,32.61,83.5,-5.0,35.7,36.1
395.218,43,115.0,1627.0,63.0,0.0,32.61,83.5,-5.0,35.7,36.1
395.279,43,115.0,1626.0,63.0,0.0,32.61,83.5,-5.0,35.7,36.1
395.368,43,115.0,1626.0,63.0,0.0,32.61,83.5,-5.0,35.7,36.1
395.43,43,115.0,1626.0,63.0,0.0,32.61,83.5,-5.0,35.7,36.1
395.518,43,115.0,1626.0,63.0,0.0,31.88,83.5,-5.0,35.7,36.1
395.581,43,115.0,1626.0,63.0,0.0,31.88,83.5,-5.0,35.7,36.1
395.669,43,115.0,1626.0,63.0,0.0,31.88,83.5,-5.0,35.7,36.1
395.758,43,115.0,1626.0,63.0,0.0,31.88,83.5,-5.0,35.7,36.1
395.849,43,115.0,1626.0,63.0,0.0,31.88,83.5,-5.0,35.7,36.1
395.938,44,115.0,1626.0,63.0,0.0,31.88,83.5,-5.0,35.7,36.1
396.027,44,114.0,1626.0,63.0,0.0,31.88,83.5,-5.0,35.7,36.1
396.117,44,114.0,1625.0,63.0,0.0,31.88,83.5,-5.0,35.7,36.1
396.208,44,114.0,1625.0,63.0,0.0,31.88,83.5,-5.0,35.7,36.1
396.269,44,114.0,1625.0,63.0,0.0,31.88,83.5,-5.0,35.7,36.1
396.329,44,114.0,1625.0,63.0,0.0,31.86,83.5,-5.0,35.7,36.1
396.418,44,114.0,1625.0,63.0,0.0,31.86,83.5,-5.0,35.7,36.1
396.481,44,114.0,1625.0,63.0,0.0,31.86,83.5,-5.0,35.7,36.1
396.569,44,114.0,1625.0,63.0,0.0,31.86,83.5,-5.0,35.7,36.1
396.689,44,114.0,1625.0,63.0,0.0,31.86,83.5,-5.0,35.7,36.1
396.778,44,114.0,1625.0,63.0,0.0,31.86,83.5,-5.0,35.7,36.1
396.868,44,113.0,1625.0,63.0,0.0,31.86,83.5,-5.0,35.7,36.1
396.931,44,113.0,1624.0,63.0,0.0,31.86,83.5,-5.0,35.7,36.1
397.018,44,113.0,1624.0,63.0,0.0,31.86,83.5,-5.0,35.7,36.1
397.079,44,113.0,1624.0,63.0,0.0,31.86,83.5,-5.0,35.7,36.1
397.168,44,113.0,1624.0,63.0,0.0,31.69,83.5,-5.0,35.7,36.1
397.259,44,113.0,1624.0,63.0,0.0,31.69,83.5,-5.0,35.7,36.1
397.349,44,113.0,1624.0,63.0,0.0,31.69,83.5,-5.0,35.7,36.1
397.44,44,113.0,1624.0,63.0,0.0,31.69,83.5,-5.0,35.7,36.1
397.529,44,113.0,1624.0,63.0,0.0,31.69,83.5,-5.0,35.7,36.1
397.618,44,113.0,1624.0,63.0,0.0,31.69,83.5,-5.0,35.7,36.1
397.709,44,113.0,1624.0,63.0,0.0,31.69,83.5,-5.0,35.7,36.1
397.799,44,113.0,1621.0,63.0,0.0,31.69,83.5,-5.0,35.7,36.1
397.888,44,113.0,1621.0,63.0,0.0,31.69,83.5,-5.0,35.7,36.1
397.979,44,113.0,1621.0,63.0,0.0,31.69,83.5,-5.0,35.7,36.1
398.098,44,113.0,1621.0,63.0,0.0,31.47,83.5,-5.0,35.7,36.1
398.189,44,113.0,1621.0,63.0,0.0,31.47,83.5,-5.0,35.7,36.1
398.278,44,113.0,1621.0,63.0,0.0,31.47,83.5,-5.0,35.7,36.1
398.367,44,113.0,1621.0,63.0,0.0,31.47,83.5,-5.0,35.7,36.1
398.457,44,113.0,1621.0,63.0,0.0,31.47,83.5,-5.0,35.7,36.1
398.548,44,113.0,1621.0,63.0,0.0,31.47,83.5,-5.0,35.7,36.1
398.638,44,113.0,1621.0,63.0,0.0,31.47,83.5,-5.0,35.7,36.1
398.728,44,113.0,1624.0,63.0,0.0,31.47,83.5,-5.0,35.7,36.1
398.82,44,113.0,1624.0,63.0,0.0,31.47,83.5,-5.0,35.7,36.1
398.908,44,113.0,1624.0,63.0,0.0,31.47,83.5,-5.0,35.7,36.1
398.998,44,113.0,1624.0,63.0,0.0,31.61,83.5,-5.0,35.7,36.1
399.089,44,113.0,1624.0,63.0,0.0,31.61,83.5,-5.0,35.7,36.1
399.178,44,113.0,1624.0,63.0,0.0,31.61,83.5,-5.0,35.7,36.1
399.268,44,113.0,1624.0,63.0,0.0,31.61,83.5,-5.0,35.7,36.1
399.358,44,113.0,1624.0,63.0,0.0,31.61,83.5,-5.0,35.7,36.1
399.419,44,113.0,1624.0,63.0,0.0,31.61,83.5,-5.0,35.7,36.1
399.508,44,113.0,1624.0,63.0,0.0,31.61,83.5,-5.0,35.7,36.1
399.599,44,113.0,1627.0,63.0,0.0,31.61,83.5,-5.0,35.7,36.1
399.689,44,113.0,1627.0,63.0,0.0,31.61,83.5,-5.0,35.7,36.1
399.778,44,113.0,1627.0,63.0,0.0,31.61,83.5,-5.0,35.7,36.1
399.868,44,113.0,1627.0,63.0,0.0,31.63,83.5,-5.0,35.7,36.1
399.967,44,113.0,1627.0,63.0,0.0,31.63,83.5,-5.0,35.7,36.1
400.048,44,113.0,1627.0,63.0,0.0,31.63,83.5,-5.0,35.7,36.1
400.138,44,113.0,1627.0,63.0,0.0,31.63,83.5,-5.0,35.7,36.1
400.228,44,113.0,1627.0,63.0,0.0,31.63,83.5,-5.0,35.7,36.1
400.318,44,113.0,1627.0,63.0,0.0,31.63,83.5,-5.0,35.7,36.1
400.408,44,113.0,1627.0,63.0,0.0,31.63,83.5,-5.0,35.7,36.1
400.61,44,113.0,1633.0,63.0,0.0,31.63,83.5,-5.0,35.7,36.1
400.738,44,113.0,1633.0,63.0,0.0,31.63,83.5,-5.0,35.7,36.1
400.827,44,113.0,1633.0,63.0,0.0,31.63,83.5,-5.0,35.7,36.1
400.918,44,113.0,1633.0,63.0,0.0,31.74,83.5,-5.0,35.7,36.1
400.98,44,113.0,1633.0,63.0,0.0,31.74,83.5,-5.0,35.7,36.1
401.068,44,113.0,1633.0,63.0,0.0,31.74,83.5,-5.0,35.7,36.1
401.189,44,113.0,1633.0,63.0,0.0,31.74,83.5,-5.0,35.7,36.1
401.278,44,113.0,1633.0,63.0,0.0,31.74,83.5,-5.0,35.7,36.1
401.368,44,113.0,1633.0,63.0,0.0,31.74,83.5,-5.0,35.7,36.1
401.459,44,113.0,1633.0,63.0,0.0,31.74,83.5,-5.0,35.7,36.1
401.548,44,113.0,1638.0,63.0,0.0,31.74,83.5,-5.0,35.7,36.1
401.668,44,113.0,1638.0,63.0,0.0,31.74,83.5,-5.0,35.7,36.1
401.758,44,113.0,1638.0,63.0,0.0,31.74,83.5,-5.0,35.7,36.1
401.823,44,113.0,1638.0,63.0,0.0,31.74,83.5,-5.0,35.7,36.1
401.909,44,113.0,1638.0,63.0,0.0,31.74,83.5,-5.0,35.7,36.1
401.999,44,113.0,1638.0,63.0,0.0,31.74,83.5,-5.0,35.7,36.1
402.088,44,113.0,1638.0,63.0,0.0,31.74,83.5,-5.0,35.7,36.1
402.178,44,113.0,1638.0,63.0,0.0,31.74,83.5,-5.0,35.7,36.1
402.269,44,113.0,1638.0,63.0,0.0,31.74,83.5,-5.0,35.7,36.1
402.359,44,113.0,1638.0,63.0,0.0,31.74,83.5,-5.0,35.7,36.1
402.449,44,113.0,1637.0,63.0,0.0,31.74,83.5,-5.0,35.7,36.1
402.54,44,113.0,1637.0,64.0,0.0,31.74,83.5,-5.0,35.7,36.1
402.628,44,113.0,1637.0,64.0,0.0,31.74,83.5,-5.0,35.7,36.1
402.736,44,113.0,1637.0,64.0,0.0,31.66,83.5,-5.0,35.7,36.1
402.838,44,113.0,1637.0,64.0,0.0,31.66,83.5,-5.0,35.7,36.1
402.928,44,113.0,1637.0,64.0,0.0,31.66,83.5,-5.0,35.7,36.1
403.017,44,113.0,1637.0,64.0,0.0,31.66,83.5,-5.0,34.1,36.1
403.108,44,113.0,1637.0,64.0,0.0,31.66,83.5,-5.0,34.1,34.5
403.198,44,113.0,1637.0,64.0,0.0,31.66,83.5,-5.0,34.1,34.5
403.288,44,111.0,1637.0,64.0,0.0,31.66,83.5,-5.0,34.1,34.5
403.407,44,111.0,1635.0,64.0,0.0,31.66,83.5,-5.0,34.1,34.5
403.557,44,111.0,1635.0,64.0,0.0,31.66,83.5,-5.0,34.1,34.5
403.647,44,111.0,1635.0,64.0,0.0,31.66,83.5,-5.0,34.1,34.5
403.768,44,111.0,1635.0,64.0,0.0,30.86,83.5,-5.0,34.1,34.5
403.858,44,111.0,1635.0,64.0,0.0,30.86,83.5,-5.0,34.1,34.5
403.968,44,111.0,1635.0,64.0,0.0,30.86,83.5,-5.0,34.1,34.5
404.106,44,111.0,1635.0,64.0,0.0,30.86,83.5,-5.0,33.7,34.5
404.189,44,111.0,1635.0,64.0,0.0,30.86,83.5,-5.0,33.7,34.1
404.308,44,111.0,1635.0,64.0,0.0,30.86,83.5,-5.0,33.7,34.1
404.397,44,108.0,1635.0,64.0,0.0,30.86,83.5,-5.0,33.7,34.1
404.488,44,108.0,1630.0,64.0,0.0,30.86,83.5,-5.0,33.7,34.1
404.577,44,108.0,1630.0,63.0,0.0,30.86,83.5,-5.0,33.7,34.1
404.668,44,108.0,1630.0,63.0,-1.0,30.86,83.5,-5.0,33.7,34.1
404.758,44,108.0,1630.0,63.0,-1.0,29.91,83.5,-5.0,33.7,34.1
404.964,44,108.0,1630.0,63.0,-1.0,29.91,83.5,-5.0,33.7,34.1
405.146,44,108.0,1630.0,63.0,-1.0,29.91,83.5,-5.0,33.7,34.1
405.325,44,108.0,1630.0,63.0,-1.0,29.91,83.5,-5.0,31.0,34.1
405.567,44,108.0,1630.0,63.0,-1.0,29.91,83.5,-5.0,31.0,31.4
405.747,44,108.0,1630.0,63.0,-1.0,29.91,83.5,-5.0,31.0,31.4
405.925,44,104.0,1630.0,63.0,-1.0,29.91,83.5,-5.0,31.0,31.4
406.106,44,104.0,1608.0,63.0,-1.0,29.91,83.5,-5.0,31.0,31.4
406.255,44,104.0,1608.0,63.0,-1.0,29.91,83.5,-5.0,31.0,31.4
406.405,44,104.0,1608.0,63.0,-1.0,29.91,83.5,-5.0,31.0,31.4
406.555,44,104.0,1608.0,63.0,-1.0,28.47,83.5,-5.0,31.0,31.4
406.735,44,104.0,1608.0,63.0,-1.0,28.47,83.5,-5.0,31.0,31.4
406.945,44,104.0,1608.0,63.0,-1.0,28.47,83.5,-5.0,31.0,31.4
407.125,44,104.0,1608.0,63.0,-1.0,28.47,83.5,-5.0,30.6,31.4
407.364,44,104.0,1608.0,63.0,-1.0,28.47,83.5,-5.0,30.6,30.6
407.484,44,104.0,1608.0,63.0,-1.0,28.47,83.5,-5.0,30.6,30.6
407.693,44,103.0,1608.0,63.0,-1.0,28.47,83.5,-5.0,30.6,30.6
407.844,44,103.0,1577.0,63.0,-1.0,28.47,83.5,-5.0,30.6,30.6
408.026,44,103.0,1577.0,61.0,-1.0,28.47,83.5,-5.0,30.6,30.6
408.174,44,103.0,1577.0,61.0,-1.0,28.47,83.5,-5.0,30.6,30.6
408.285,44,103.0,1577.0,61.0,-1.0,28.22,83.5,-5.0,30.6,30.6
408.404,44,103.0,1577.0,61.0,-1.0,28.22,83.5,-5.0,30.6,30.6
408.554,44,103.0,1577.0,61.0,-1.0,28.22,83.5,-5.0,30.6,30.6
408.644,44,103.0,1577.0,61.0,-1.0,28.22,83.5,-5.0,26.3,30.6
408.734,44,103.0,1577.0,61.0,-1.0,28.22,83.5,-5.0,26.3,21.2
408.855,44,103.0,1577.0,61.0,-1.0,28.22,83.5,-5.0,26.3,21.2
409.005,44,102.0,1577.0,61.0,-1.0,28.22,83.5,-5.0,26.3,21.2
409.095,44,102.0,1536.0,61.0,-1.0,28.22,83.5,-5.0,26.3,21.2
409.185,44,102.0,1536.0,60.0,-1.0,28.22,83.5,-5.0,26.3,21.2
409.305,44,102.0,1536.0,60.0,-1.0,28.22,83.5,-5.0,26.3,21.2
409.425,44,102.0,1536.0,60.0,-1.0,28.02,83.5,-5.0,26.3,21.2
409.544,44,102.0,1536.0,60.0,-1.0,28.02,83.5,-5.0,26.3,21.2
409.695,44,102.0,1536.0,60.0,-1.0,28.02,83.5,-5.0,26.3,21.2
409.816,44,102.0,1536.0,60.0,-1.0,28.02,83.5,-5.0,24.3,21.2
409.965,44,102.0,1536.0,60.0,-1.0,28.02,83.5,-5.0,24.3,24.3
410.055,44,102.0,1536.0,60.0,-1.0,28.02,83.5,-5.0,24.3,24.3
410.146,44,115.0,1536.0,60.0,-1.0,28.02,83.5,-5.0,24.3,24.3
410.236,44,115.0,1499.0,60.0,-1.0,28.02,83.5,-5.0,24.3,24.3
410.355,44,115.0,1499.0,58.0,-1.0,28.02,83.5,-5.0,24.3,24.3
410.444,44,115.0,1499.0,58.0,-1.0,28.02,83.5,-5.0,24.3,24.3
410.596,44,115.0,1499.0,58.0,-1.0,30.11,83.5,-5.0,24.3,24.3
410.688,44,115.0,1499.0,58.0,-1.0,30.11,83.5,-5.0,24.3,24.3
410.778,44,115.0,1499.0,58.0,-1.0,30.11,83.5,-5.0,24.3,24.3
410.895,44,115.0,1499.0,58.0,-1.0,30.11,83.5,-5.0,20.8,24.3
411.045,44,115.0,1499.0,58.0,-1.0,30.11,83.5,-5.0,20.8,14.5
411.136,44,115.0,1499.0,58.0,-1.0,30.11,83.5,-5.0,20.8,14.5
411.254,44,119.0,1499.0,58.0,-1.0,30.11,83.5,-5.0,20.8,14.5
411.466,44,119.0,1458.0,58.0,-1.0,30.11,83.5,-5.0,20.8,14.5
411.557,44,119.0,1458.0,56.0,-1.0,30.11,83.5,-5.0,20.8,14.5
411.767,44,119.0,1458.0,56.0,-1.0,30.11,83.5,-5.0,20.8,14.5
411.857,44,119.0,1458.0,56.0,-1.0,28.3,83.5,-5.0,20.8,14.5
411.945,44,119.0,1458.0,56.0,-1.0,28.3,83.5,-5.0,20.8,14.5
412.038,44,119.0,1458.0,56.0,-1.0,28.3,83.5,-5.0,20.8,14.5
412.125,44,119.0,1458.0,56.0,-1.0,28.3,83.5,-5.0,14.1,14.5
412.244,44,119.0,1458.0,56.0,-1.0,28.3,83.5,-5.0,14.1,14.5
412.395,44,119.0,1458.0,56.0,-1.0,28.3,83.5,-5.0,14.1,14.5
412.485,44,116.0,1458.0,56.0,-1.0,28.3,83.5,-5.0,14.1,14.5
412.636,44,116.0,1139.0,56.0,-1.0,28.3,83.5,-5.0,14.1,14.5
412.726,44,116.0,1139.0,55.0,-1.0,28.3,83.5,-5.0,14.1,14.5
412.845,44,116.0,1139.0,55.0,-1.0,28.3,83.5,-5.0,14.1,14.5
412.999,44,116.0,1139.0,55.0,-1.0,20.08,83.5,-5.0,14.1,14.5
413.174,44,116.0,1139.0,55.0,-1.0,20.08,83.5,-5.0,14.1,14.5
413.294,44,116.0,1139.0,55.0,-1.0,20.08,83.5,-5.0,14.1,14.5
413.414,44,116.0,1139.0,55.0,-1.0,20.08,83.5,-5.0,14.1,14.5
413.564,44,116.0,1139.0,55.0,-1.0,20.08,83.5,-5.0,14.1,14.5
413.654,44,116.0,1139.0,55.0,-1.0,20.08,83.5,-5.0,14.1,14.5
413.746,44,110.0,1139.0,55.0,-1.0,20.08,83.5,-5.0,14.1,14.5
413.836,44,110.0,1222.0,55.0,-1.0,20.08,83.5,-5.0,14.1,14.5
413.929,44,110.0,1222.0,52.0,-1.0,20.08,83.5,-5.0,14.1,14.5
414.104,44,110.0,1222.0,52.0,-2.0,20.08,83.5,-5.0,14.1,14.5
414.194,44,110.0,1222.0,52.0,-2.0,23.8,83.5,-5.0,14.1,14.5
414.314,44,110.0,1222.0,52.0,-2.0,23.8,83.5,-5.0,14.1,14.5
414.464,44,110.0,1222.0,52.0,-2.0,23.8,83.5,-5.0,14.1,14.5
414.555,44,110.0,1222.0,52.0,-2.0,23.8,83.5,-5.0,14.1,14.5
414.645,44,110.0,1222.0,52.0,-2.0,23.8,83.5,-5.0,14.1,14.5
414.736,44,110.0,1222.0,52.0,-2.0,23.8,83.5,-5.0,14.1,14.5
414.828,44,110.0,1222.0,52.0,-2.0,23.8,83.5,-5.0,14.1,14.5
414.945,44,110.0,1495.0,52.0,-2.0,23.8,83.5,-5.0,14.1,14.5
415.094,44,110.0,1495.0,49.0,-2.0,23.8,83.5,-5.0,14.1,14.5
415.185,44,110.0,1495.0,49.0,-1.0,23.8,83.5,-5.0,14.1,14.5
415.275,44,110.0,1495.0,49.0,-1.0,31.24,83.5,-5.0,14.1,14.5
415.395,44,110.0,1495.0,49.0,-1.0,31.24,83.5,-5.0,14.1,14.5
415.545,44,110.0,1495.0,49.0,-1.0,31.24,83.5,-5.0,14.1,14.5
415.636,44,110.0,1495.0,49.0,-1.0,31.24,83.5,-5.0,14.5,14.5
415.726,44,110.0,1495.0,49.0,-1.0,31.24,83.5,-5.0,14.5,16.5
415.845,44,110.0,1495.0,49.0,-1.0,31.24,83.5,-5.0,14.5,16.5
415.995,44,118.0,1495.0,49.0,-1.0,31.24,83.5,-5.0,14.5,16.5
416.085,44,118.0,1739.0,49.0,-1.0,31.24,83.5,-5.0,14.5,16.5
416.175,44,118.0,1739.0,47.0,-1.0,31.24,83.5,-5.0,14.5,16.5
416.295,44,118.0,1739.0,47.0,0.0,31.24,83.5,-5.0,14.5,16.5
416.445,44,118.0,1739.0,47.0,0.0,34.94,83.5,-5.0,14.5,16.5
416.595,44,118.0,1739.0,47.0,0.0,34.94,83.5,-5.0,14.5,16.5
416.745,44,118.0,1739.0,47.0,0.0,34.94,83.5,-5.0,14.5,16.5
416.895,44,118.0,1739.0,47.0,0.0,34.94,83.5,-5.0,26.7,16.5
416.986,44,118.0,1739.0,47.0,0.0,34.94,83.5,-5.0,26.7,27.1
417.076,44,118.0,1739.0,47.0,0.0,34.94,83.5,-5.0,26.7,27.1
417.195,44,113.0,1739.0,47.0,0.0,34.94,83.5,-5.0,26.7,27.1
417.345,44,113.0,1673.0,47.0,0.0,34.94,83.5,-5.0,26.7,27.1
417.436,44,113.0,1673.0,45.0,0.0,34.94,83.5,-5.0,26.7,27.1
417.525,44,113.0,1673.0,45.0,0.0,34.94,83.5,-5.0,26.7,27.1
417.645,44,113.0,1673.0,45.0,0.0,29.97,83.5,-5.0,26.7,27.1
417.795,44,113.0,1673.0,45.0,0.0,29.97,83.5,-5.0,26.7,27.1
417.915,44,113.0,1673.0,45.0,0.0,29.97,83.5,-5.0,26.7,27.1
418.064,44,113.0,1673.0,45.0,0.0,29.97,83.5,-5.0,27.1,27.1
418.155,44,113.0,1673.0,45.0,0.0,29.97,83.5,-5.0,27.1,27.1
418.245,44,113.0,1673.0,45.0,0.0,29.97,83.5,-5.0,27.1,27.1
418.336,44,100.0,1673.0,45.0,0.0,29.97,83.5,-5.0,27.1,27.1
418.486,44,100.0,1649.0,45.0,0.0,29.97,83.5,-5.0,27.1,27.1
418.574,44,100.0,1649.0,44.0,0.0,29.97,83.5,-5.0,27.1,27.1
418.724,44,100.0,1649.0,44.0,-1.0,29.97,83.5,-5.0,27.1,27.1
418.845,44,100.0,1649.0,44.0,-1.0,28.49,83.5,-5.0,27.1,27.1
418.997,44,100.0,1649.0,44.0,-1.0,28.49,83.5,-5.0,27.1,27.1
419.113,44,100.0,1649.0,44.0,-1.0,28.49,83.5,-5.0,27.1,27.1
419.264,44,100.0,1649.0,44.0,-1.0,28.49,83.5,-5.0,29.8,27.1
419.355,44,100.0,1649.0,44.0,-1.0,28.49,83.5,-5.0,29.8,29.8
419.475,44,100.0,1649.0,44.0,-1.0,28.49,83.5,-5.0,29.8,29.8
419.595,44,99.0,1649.0,44.0,-1.0,28.49,83.5,-5.0,29.8,29.8
419.745,44,99.0,1649.0,44.0,-1.0,28.49,83.5,-5.0,29.8,29.8
419.837,44,99.0,1649.0,44.0,-1.0,28.49,83.5,-5.0,29.8,29.8
419.927,44,99.0,1649.0,44.0,-1.0,28.49,83.5,-5.0,29.8,29.8
420.044,44,99.0,1649.0,44.0,-1.0,28.49,83.5,-5.0,29.8,29.8
420.194,44,99.0,1649.0,44.0,-1.0,28.49,83.5,-5.0,29.8,29.8
420.314,44,99.0,1649.0,44.0,-1.0,28.49,83.5,-5.0,29.8,29.8
420.434,44,99.0,1649.0,44.0,-1.0,28.49,83.5,-5.0,25.1,29.8
420.527,44,99.0,1649.0,44.0,-1.0,28.49,83.5,-5.0,25.1,22.0
420.645,44,99.0,1649.0,44.0,-1.0,28.49,83.5,-5.0,25.1,22.0
420.794,44,99.0,1649.0,44.0,-1.0,28.49,83.5,-5.0,25.1,22.0
420.885,44,99.0,1615.0,44.0,-1.0,28.49,83.5,-5.0,25.1,22.0
420.975,44,99.0,1615.0,43.0,-1.0,28.49,83.5,-5.0,25.1,22.0
421.095,44,99.0,1615.0,43.0,-1.0,28.49,83.5,-5.0,25.1,22.0
421.244,44,99.0,1615.0,43.0,-1.0,29.13,83.5,-5.0,25.1,22.0
421.335,44,99.0,1615.0,43.0,-1.0,29.13,83.5,-5.0,25.1,22.0
421.488,44,99.0,1615.0,43.0,-1.0,29.13,83.5,-5.0,25.1,22.0
421.575,44,99.0,1615.0,43.0,-1.0,29.13,83.5,-5.0,14.1,22.0
421.785,44,99.0,1615.0,43.0,-1.0,29.13,83.5,-5.0,14.1,14.5
421.876,44,99.0,1615.0,43.0,-1.0,29.13,83.5,-5.0,14.1,14.5
421.994,44,112.0,1615.0,43.0,-1.0,29.13,83.5,-5.0,14.1,14.5
422.145,44,112.0,1522.0,43.0,-1.0,29.13,83.5,-5.0,14.1,14.5
422.235,44,112.0,1522.0,40.0,-1.0,29.13,83.5,-5.0,14.1,14.5
422.325,44,112.0,1522.0,40.0,-1.0,29.13,83.5,-5.0,14.1,14.5
422.444,44,112.0,1522.0,40.0,-1.0,29.19,83.5,-5.0,14.1,14.5
422.565,44,112.0,1522.0,40.0,-1.0,29.19,83.5,-5.0,14.1,14.5
422.655,44,112.0,1522.0,40.0,-1.0,29.19,83.5,-5.0,14.1,14.5
422.745,44,112.0,1522.0,40.0,-1.0,29.19,83.5,-5.0,14.1,14.5
422.839,44,112.0,1522.0,40.0,-1.0,29.19,83.5,-5.0,14.1,14.5
422.929,44,112.0,1522.0,40.0,-1.0,29.19,83.5,-5.0,14.1,14.5
423.044,44,115.0,1522.0,40.0,-1.0,29.19,83.5,-5.0,14.1,14.5
423.194,44,115.0,1030.0,40.0,-1.0,29.19,83.5,-5.0,14.1,14.5
423.289,44,115.0,1030.0,37.0,-1.0,29.19,83.5,-5.0,14.1,14.5
423.375,44,115.0,1030.0,37.0,-2.0,29.19,83.5,-5.0,14.1,14.5
423.466,44,115.0,1030.0,37.0,-2.0,19.16,83.5,-5.0,14.1,14.5
423.584,44,115.0,1030.0,37.0,-2.0,19.16,83.5,-5.0,14.1,14.5
423.735,44,115.0,1030.0,37.0,-2.0,19.16,83.5,-5.0,14.1,14.5
423.829,44,115.0,1030.0,37.0,-2.0,19.16,83.5,-5.0,14.1,14.5
423.945,44,115.0,1030.0,37.0,-2.0,19.16,83.5,-5.0,14.1,14.1
424.094,44,115.0,1030.0,37.0,-2.0,19.16,83.5,-5.0,14.1,14.1
424.186,44,110.0,1030.0,37.0,-2.0,19.16,83.5,-5.0,14.1,14.1
424.275,44,110.0,1034.0,37.0,-2.0,19.16,83.5,-5.0,14.1,14.1
424.395,44,110.0,1034.0,34.0,-2.0,19.16,83.5,-5.0,14.1,14.1
424.606,44,110.0,1034.0,34.0,-3.0,19.16,83.5,-5.0,14.1,14.1
424.697,44,110.0,1034.0,34.0,-3.0,18.86,83.5,-5.0,14.1,14.1
424.785,44,110.0,1034.0,34.0,-3.0,18.86,83.5,-5.0,14.1,14.1
424.875,44,110.0,1034.0,34.0,-3.0,18.86,83.5,-6.0,14.1,14.1
424.995,44,110.0,1034.0,34.0,-3.0,18.86,83.5,-6.0,14.1,14.1
425.144,44,110.0,1034.0,34.0,-3.0,18.86,83.5,-6.0,14.1,14.5
425.235,44,110.0,1034.0,34.0,-3.0,18.86,83.5,-6.0,14.1,14.5
425.326,44,109.0,1034.0,34.0,-3.0,18.86,83.5,-6.0,14.1,14.5
425.444,44,109.0,1036.0,34.0,-3.0,18.86,83.5,-6.0,14.1,14.5
425.535,44,109.0,1036.0,25.0,-3.0,18.86,83.5,-6.0,14.1,14.5
425.714,44,109.0,1036.0,25.0,-3.0,18.86,83.5,-6.0,14.1,14.5
425.835,44,109.0,1036.0,25.0,-3.0,18.69,83.5,-6.0,14.1,14.5
425.985,44,109.0,1036.0,25.0,-3.0,18.69,83.5,-6.0,14.1,14.5
426.074,44,109.0,1036.0,25.0,-3.0,18.69,83.5,-6.0,14.1,14.5
426.166,44,109.0,1036.0,25.0,-3.0,18.69,83.5,-6.0,14.1,14.5
426.284,44,109.0,1036.0,25.0,-3.0,18.69,83.5,-6.0,14.1,14.5
426.437,44,109.0,1036.0,25.0,-3.0,18.69,83.5,-6.0,14.1,14.5
426.528,44,109.0,1036.0,25.0,-3.0,18.69,83.5,-6.0,14.1,14.5
426.766,44,109.0,1035.0,25.0,-3.0,18.69,83.5,-6.0,14.1,14.5
426.885,44,109.0,1035.0,14.0,-3.0,18.69,83.5,-6.0,14.1,14.5
427.044,44,109.0,1035.0,14.0,-3.0,18.69,83.5,-6.0,14.1,14.5
427.125,44,109.0,1035.0,14.0,-3.0,18.77,83.5,-6.0,14.1,14.5
427.216,44,109.0,1035.0,14.0,-3.0,18.77,83.5,-6.0,14.1,14.5
427.335,44,109.0,1035.0,14.0,-3.0,18.77,83.5,-6.0,14.1,14.5
427.485,44,109.0,1035.0,14.0,-3.0,18.77,83.5,-6.0,14.1,14.5
427.546,44,109.0,1035.0,14.0,-3.0,18.77,83.5,-6.0,14.1,14.5
427.695,44,109.0,1035.0,14.0,-3.0,18.77,83.5,-6.0,14.1,14.5
427.79,44,108.0,1035.0,14.0,-3.0,18.77,83.5,-6.0,14.1,14.5
427.875,44,108.0,1039.0,14.0,-3.0,18.77,83.5,-6.0,14.1,14.5
427.965,44,108.0,1039.0,6.0,-3.0,18.77,83.5,-6.0,14.1,14.5
428.084,44,108.0,1039.0,6.0,-2.0,18.77,83.5,-6.0,14.1,14.5
428.235,44,108.0,1039.0,6.0,-2.0,18.61,83.5,-6.0,14.1,14.5
428.326,44,108.0,1039.0,6.0,-2.0,18.61,83.5,-6.0,14.1,14.5
428.416,44,108.0,1039.0,6.0,-2.0,18.61,83.5,-6.0,14.1,14.5
428.505,44,108.0,1039.0,6.0,-2.0,18.61,83.5,-6.0,14.1,14.5
428.654,44,108.0,1039.0,6.0,-2.0,18.61,83.5,-6.0,14.1,14.5
428.746,44,108.0,1039.0,6.0,-2.0,18.61,83.5,-6.0,14.1,14.5
428.895,44,109.0,1039.0,6.0,-2.0,18.61,83.5,-6.0,14.1,14.5
428.986,44,109.0,1036.0,6.0,-2.0,18.61,83.5,-6.0,14.1,14.5
429.076,44,109.0,1036.0,1.0,-2.0,18.61,83.5,-6.0,14.1,14.5
429.165,44,109.0,1036.0,1.0,-2.0,18.61,83.5,-6.0,14.1,14.5
429.284,44,109.0,1036.0,1.0,-2.0,18.91,83.5,-6.0,14.1,14.5
429.434,44,109.0,1036.0,1.0,-2.0,18.91,83.5,-6.0,14.1,14.5
429.585,44,109.0,1036.0,1.0,-2.0,18.91,83.5,-6.0,14.1,14.5
429.706,44,109.0,1036.0,1.0,-2.0,18.91,83.5,-6.0,14.1,14.5
429.855,44,109.0,1036.0,1.0,-2.0,18.91,83.5,-6.0,14.1,14.5
429.949,44,109.0,1036.0,1.0,-2.0,18.91,83.5,-6.0,14.1,14.5
430.037,44,109.0,1036.0,1.0,-2.0,18.91,83.5,-6.0,14.1,14.5
430.126,44,109.0,1040.0,1.0,-2.0,18.91,83.5,-6.0,14.1,14.5
430.215,44,109.0,1040.0,0.0,-2.0,18.91,83.5,-6.0,14.1,14.5
430.334,44,109.0,1040.0,0.0,-2.0,18.91,83.5,-6.0,14.1,14.5
430.514,44,109.0,1040.0,0.0,-2.0,18.86,83.5,-6.0,14.1,14.5
430.635,44,109.0,1040.0,0.0,-2.0,18.86,83.5,-6.0,14.1,14.5
430.784,44,109.0,1040.0,0.0,-2.0,18.86,83.5,-6.0,14.1,14.5
430.905,44,109.0,1040.0,0.0,-2.0,18.86,83.5,-6.0,14.1,14.5
431.054,44,109.0,1040.0,0.0,-2.0,18.86,83.5,-6.0,14.1,14.5
431.145,44,109.0,1040.0,0.0,-2.0,18.86,83.5,-6.0,14.1,14.5
431.235,44,109.0,1040.0,0.0,-2.0,18.86,83.5,-6.0,14.1,14.5
431.333,44,109.0,1038.0,0.0,-2.0,18.86,83.5,-6.0,14.1,14.5
431.415,44,109.0,1038.0,0.0,-2.0,18.86,83.5,-6.0,14.1,14.5
431.505,44,109.0,1038.0,0.0,-2.0,18.86,83.5,-6.0,14.1,14.5
431.596,44,109.0,1038.0,0.0,-2.0,18.86,83.5,-6.0,14.1,14.5
431.685,44,109.0,1038.0,0.0,-2.0,18.86,83.5,-6.0,14.1,14.5
431.806,44,109.0,1038.0,0.0,-2.0,18.86,83.5,-6.0,14.1,14.5
431.898,44,109.0,1038.0,0.0,-2.0,18.86,83.5,-6.0,14.1,14.5
431.985,44,109.0,1038.0,0.0,-2.0,18.86,83.5,-6.0,14.1,14.5
432.105,44,109.0,1038.0,0.0,-2.0,18.86,83.5,-6.0,14.1,14.5
432.254,44,109.0,1038.0,0.0,-2.0,18.86,83.5,-6.0,14.1,14.5
432.349,44,109.0,1041.0,0.0,-2.0,18.86,83.5,-6.0,14.1,14.5
432.435,44,109.0,1041.0,0.0,-2.0,18.86,83.5,-6.0,14.1,14.5
432.554,44,109.0,1041.0,0.0,-2.0,18.86,83.5,-6.0,14.1,14.5
432.648,44,109.0,1041.0,0.0,-2.0,18.97,83.5,-6.0,14.1,14.5
432.737,44,109.0,1041.0,0.0,-2.0,18.97,83.5,-6.0,14.1,14.5
432.83,44,109.0,1041.0,0.0,-2.0,18.97,83.5,-6.0,14.1,14.5
432.915,44,109.0,1041.0,0.0,-2.0,18.97,83.5,-6.0,14.1,14.5
433.035,44,109.0,1041.0,0.0,-2.0,18.97,83.5,-6.0,14.1,14.5
433.184,44,109.0,1041.0,0.0,-2.0,18.97,83.5,-6.0,14.1,14.5
433.304,44,109.0,1041.0,0.0,-2.0,18.97,83.5,-6.0,14.1,14.5
433.454,44,109.0,1040.0,0.0,-2.0,18.97,83.5,-6.0,14.1,14.5
433.549,44,109.0,1040.0,0.0,-2.0,18.97,83.5,-6.0,14.1,14.5
433.696,44,109.0,1040.0,0.0,-2.0,18.97,83.5,-6.0,14.1,14.5
433.787,44,109.0,1040.0,0.0,-2.0,18.61,83.5,-6.0,14.1,14.5
433.878,44,109.0,1040.0,0.0,-2.0,18.61,83.5,-6.0,14.1,14.5
433.97,44,109.0,1040.0,0.0,-2.0,18.61,83.5,-6.0,14.1,14.5
434.084,44,109.0,1040.0,0.0,-2.0,18.61,83.5,-6.0,14.1,14.5
434.234,44,109.0,1040.0,0.0,-2.0,18.61,83.5,-6.0,14.1,14.5
434.333,44,109.0,1040.0,0.0,-2.0,18.61,83.5,-6.0,14.1,14.5
434.417,44,109.0,1040.0,0.0,-2.0,18.61,83.5,-6.0,14.1,14.5
434.595,44,109.0,1040.0,0.0,-2.0,18.61,83.5,-6.0,14.1,14.5
434.747,44,109.0,1040.0,0.0,-2.0,18.61,83.5,-6.0,14.1,14.5
434.895,44,109.0,1040.0,0.0,-2.0,18.61,83.5,-6.0,14.1,14.5
434.987,44,109.0,1040.0,0.0,-2.0,18.86,83.5,-6.0,14.1,14.5
435.165,44,109.0,1040.0,0.0,-2.0,18.86,83.5,-6.0,14.1,14.5
435.344,44,109.0,1040.0,0.0,-2.0,18.86,83.5,-6.0,14.1,14.5
435.435,44,109.0,1040.0,0.0,-2.0,18.86,83.5,-6.0,14.1,14.5
435.495,44,109.0,1040.0,0.0,-2.0,18.86,83.5,-6.0,14.1,14.5
435.588,44,109.0,1040.0,0.0,-2.0,18.86,83.5,-6.0,14.1,14.5
435.677,44,109.0,1040.0,0.0,-2.0,18.86,83.5,-6.0,14.1,14.5
435.764,44,109.0,1042.0,0.0,-2.0,18.86,83.5,-6.0,14.1,14.5
435.884,44,109.0,1042.0,0.0,-2.0,18.86,83.5,-6.0,14.1,14.5
436.035,44,109.0,1042.0,0.0,-1.0,18.86,83.5,-6.0,14.1,14.5
436.125,44,109.0,1042.0,0.0,-1.0,18.72,83.5,-6.0,14.1,14.5
436.215,44,109.0,1042.0,0.0,-1.0,18.72,83.5,-6.0,14.1,14.5
436.335,44,109.0,1042.0,0.0,-1.0,18.72,83.5,-6.0,14.1,14.5
436.484,44,109.0,1042.0,0.0,-1.0,18.72,83.5,-6.0,14.1,14.5
436.574,44,109.0,1042.0,0.0,-1.0,18.72,83.5,-6.0,14.1,14.5
436.664,44,109.0,1042.0,0.0,-1.0,18.72,83.5,-6.0,14.1,14.5
436.785,44,109.0,1042.0,0.0,-1.0,18.72,83.5,-6.0,14.1,14.5
436.935,44,109.0,1037.0,0.0,-1.0,18.72,83.5,-6.0,14.1,14.5
437.05,44,109.0,1037.0,0.0,-1.0,18.72,83.5,-6.0,14.1,14.5
437.145,44,109.0,1037.0,0.0,-1.0,18.72,83.5,-6.0,14.1,14.5
437.295,44,109.0,1037.0,0.0,-1.0,18.91,83.5,-6.0,14.1,14.5
437.385,44,109.0,1037.0,0.0,-1.0,18.91,83.5,-6.0,14.1,14.5
437.535,44,109.0,1037.0,0.0,-1.0,18.91,83.5,-6.0,14.1,14.5
437.632,44,109.0,1037.0,0.0,-1.0,18.91,83.5,-6.0,14.1,14.5
437.715,44,109.0,1037.0,0.0,-1.0,18.91,83.5,-6.0,14.1,14.5
437.835,44,109.0,1037.0,0.0,-1.0,18.91,83.5,-6.0,14.1,14.5
437.986,44,109.0,1037.0,0.0,-1.0,18.91,83.5,-6.0,14.1,14.5
438.076,44,109.0,1038.0,0.0,-1.0,18.91,83.5,-6.0,14.1,14.5
438.165,44,109.0,1038.0,0.0,-1.0,18.91,83.5,-6.0,14.1,14.5
438.285,44,109.0,1038.0,0.0,-1.0,18.91,83.5,-6.0,14.1,14.5
438.434,44,109.0,1038.0,0.0,-1.0,19.22,83.5,-6.0,14.1,14.5
438.495,44,109.0,1038.0,0.0,-1.0,19.22,83.5,-6.0,14.1,14.5
438.589,44,109.0,1038.0,0.0,-1.0,19.22,83.5,-6.0,14.1,14.5
438.675,44,109.0,1038.0,0.0,-1.0,19.22,83.5,-6.0,14.1,14.5
438.769,44,109.0,1038.0,0.0,-1.0,19.22,83.5,-6.0,14.1,14.5
438.884,44,109.0,1038.0,0.0,-1.0,19.22,83.5,-6.0,14.1,14.5
439.034,44,109.0,1038.0,0.0,-1.0,19.22,83.5,-6.0,14.1,14.5
439.125,44,109.0,1041.0,0.0,-1.0,19.22,83.5,-6.0,14.1,14.5
439.304,44,109.0,1041.0,0.0,-1.0,19.22,83.5,-6.0,14.1,14.5
439.424,44,109.0,1041.0,0.0,-1.0,19.22,83.5,-6.0,14.1,14.5
439.635,44,109.0,1041.0,0.0,-1.0,18.86,83.5,-6.0,14.1,14.5
439.73,44,109.0,1041.0,0.0,-1.0,18.86,83.5,-6.0,14.1,14.5
439.817,44,109.0,1041.0,0.0,-1.0,18.86,83.5,-6.0,14.1,14.5
439.934,44,109.0,1041.0,0.0,-1.0,18.86,83.5,-6.0,14.1,14.5
440.084,44,109.0,1041.0,0.0,-1.0,18.86,83.5,-6.0,14.1,14.5
440.175,44,109.0,1041.0,0.0,-1.0,18.86,83.5,-6.0,14.1,14.5
440.265,44,109.0,1041.0,0.0,-1.0,18.86,83.5,-6.0,14.1,14.5
440.384,44,109.0,1039.0,0.0,-1.0,18.86,83.5,-6.0,14.1,14.5
440.505,44,109.0,1039.0,0.0,-1.0,18.86,83.5,-6.0,14.1,14.5
440.625,44,109.0,1039.0,0.0,-1.0,18.86,83.5,-6.0,14.1,14.5
440.745,44,109.0,1039.0,0.0,-1.0,18.86,83.5,-6.0,14.1,14.5
440.925,44,109.0,1039.0,0.0,-1.0,18.86,83.5,-6.0,14.1,14.5
441.015,44,109.0,1039.0,0.0,-1.0,18.86,83.5,-6.0,14.1,14.5
441.106,44,109.0,1039.0,0.0,-1.0,18.86,83.5,-6.0,14.1,14.5
441.195,44,109.0,1039.0,0.0,-1.0,18.86,83.5,-6.0,14.1,14.5
441.285,44,109.0,1039.0,0.0,-1.0,18.86,83.5,-6.0,14.1,14.5
441.375,44,109.0,1039.0,0.0,-1.0,18.86,83.5,-6.0,14.1,14.5
441.465,44,109.0,1041.0,0.0,-1.0,18.86,83.5,-6.0,14.1,14.5
441.555,44,109.0,1041.0,0.0,-1.0,18.86,83.5,-6.0,14.1,14.5
441.649,44,109.0,1041.0,0.0,-1.0,18.86,83.5,-6.0,14.1,14.5
441.854,44,109.0,1041.0,0.0,-1.0,18.97,83.5,-6.0,14.1,14.5
441.978,44,109.0,1041.0,0.0,-1.0,18.97,83.5,-6.0,14.1,14.5
442.126,44,109.0,1041.0,0.0,-1.0,18.97,83.5,-6.0,14.1,14.5
442.215,44,109.0,1041.0,0.0,-1.0,18.97,83.5,-6.0,14.1,14.5
442.334,44,109.0,1041.0,0.0,-1.0,18.97,83.5,-6.0,14.1,14.5
442.485,45,109.0,1041.0,0.0,-1.0,18.97,83.5,-6.0,14.1,14.5
442.634,45,109.0,1041.0,0.0,-1.0,18.97,83.5,-6.0,14.1,14.5
442.728,45,109.0,1039.0,0.0,-1.0,18.97,83.5,-6.0,14.1,14.5
442.817,45,109.0,1039.0,0.0,-1.0,18.97,83.5,-6.0,14.1,14.5
442.909,45,109.0,1039.0,0.0,-1.0,18.97,83.5,-6.0,14.1,14.5
443.024,45,109.0,1039.0,0.0,-1.0,18.83,83.5,-6.0,14.1,14.5
443.174,45,109.0,1039.0,0.0,-1.0,18.83,83.5,-6.0,14.1,14.5
443.264,45,109.0,1039.0,0.0,-1.0,18.83,83.5,-6.0,14.1,14.5
443.354,45,109.0,1039.0,0.0,-1.0,18.83,83.5,-6.0,14.1,14.5
443.473,45,109.0,1039.0,0.0,-1.0,18.83,83.5,-6.0,14.1,14.5
443.594,45,109.0,1039.0,0.0,-1.0,18.83,83.5,-6.0,14.1,14.5
443.685,45,109.0,1039.0,0.0,-1.0,18.83,83.5,-6.0,14.1,14.5
443.805,45,109.0,1040.0,0.0,-1.0,18.83,83.5,-6.0,14.1,14.5
443.926,45,109.0,1040.0,0.0,-1.0,18.83,83.5,-6.0,14.1,14.5
444.074,45,109.0,1040.0,0.0,-1.0,18.83,83.5,-6.0,14.1,14.5
444.166,45,109.0,1040.0,0.0,-1.0,19.02,83.5,-6.0,14.1,14.5
444.255,45,109.0,1040.0,0.0,-1.0,19.02,83.5,-6.0,14.1,14.5
444.374,45,109.0,1040.0,0.0,-1.0,19.02,83.5,-6.0,14.1,14.5
444.584,45,109.0,1040.0,0.0,-1.0,19.02,83.5,-6.0,14.5,14.5
444.678,45,109.0,1040.0,0.0,-1.0,19.02,83.5,-6.0,14.5,14.5
444.769,45,109.0,1040.0,0.0,-1.0,19.02,83.5,-6.0,14.5,14.5
444.857,45,109.0,1040.0,0.0,-1.0,19.02,83.5,-6.0,14.5,14.5
444.976,45,109.0,1040.0,0.0,-1.0,19.02,83.5,-6.0,14.5,14.5
445.124,45,109.0,1040.0,0.0,-1.0,19.02,83.5,-6.0,14.5,14.5
445.216,45,109.0,1040.0,0.0,-1.0,19.02,83.5,-6.0,14.5,14.5
445.334,45,109.0,1040.0,0.0,-1.0,19.19,83.5,-6.0,14.5,14.5
445.484,45,109.0,1040.0,0.0,-1.0,19.19,83.5,-6.0,14.5,14.5
445.604,45,109.0,1040.0,0.0,-1.0,19.19,83.5,-6.0,14.5,14.5
445.784,45,109.0,1040.0,0.0,-1.0,19.19,83.5,-6.0,14.1,14.5
445.876,45,109.0,1040.0,0.0,-1.0,19.19,83.5,-6.0,14.1,14.5
445.966,45,109.0,1040.0,0.0,-1.0,19.19,83.5,-6.0,14.1,14.5
446.055,45,109.0,1040.0,0.0,-1.0,19.19,83.5,-6.0,14.1,14.5
446.174,45,109.0,1040.0,0.0,-1.0,19.19,83.5,-6.0,14.1,14.5
446.325,45,109.0,1040.0,0.0,-1.0,19.19,83.5,-6.0,14.1,14.5
446.417,45,109.0,1040.0,0.0,-1.0,19.19,83.5,-6.0,14.1,14.5
446.569,45,109.0,1040.0,0.0,-1.0,18.99,83.5,-6.0,14.1,14.5
446.684,45,109.0,1040.0,0.0,-1.0,18.99,83.5,-6.0,14.1,14.5
446.777,45,109.0,1040.0,0.0,-1.0,18.99,83.5,-6.0,14.1,14.5
446.836,45,109.0,1040.0,0.0,-1.0,18.99,83.5,-6.0,14.1,14.5
446.984,45,109.0,1040.0,0.0,-1.0,18.99,83.5,-6.0,14.1,14.5
447.08,45,109.0,1040.0,0.0,-1.0,18.99,83.5,-6.0,14.1,14.5
447.164,45,109.0,1040.0,0.0,-1.0,18.99,83.5,-6.0,14.1,14.5
447.255,45,109.0,1040.0,0.0,-1.0,18.99,83.5,-6.0,14.1,14.5
447.374,45,109.0,1040.0,0.0,-1.0,18.99,83.5,-6.0,14.1,14.5
447.584,45,109.0,1040.0,0.0,-1.0,18.99,83.5,-6.0,14.1,14.5
447.675,45,109.0,1040.0,0.0,-1.0,19.19,83.5,-6.0,14.1,14.5
447.765,45,109.0,1040.0,0.0,-1.0,19.19,83.5,-6.0,14.1,14.5
447.855,45,109.0,1040.0,0.0,-1.0,19.19,83.5,-6.0,14.1,14.5
447.976,45,109.0,1040.0,0.0,-1.0,19.19,83.5,-6.0,14.1,14.5
448.124,45,109.0,1040.0,0.0,-1.0,19.19,83.5,-6.0,14.1,14.5
448.217,45,109.0,1040.0,0.0,-1.0,19.19,83.5,-6.0,14.1,14.5
448.305,45,109.0,1040.0,0.0,-1.0,19.19,83.5,-6.0,14.1,14.5
448.426,45,109.0,1042.0,0.0,-1.0,19.19,83.5,-6.0,14.1,14.5
448.548,45,109.0,1042.0,0.0,-1.0,19.19,83.5,-6.0,14.1,14.5
448.637,45,109.0,1042.0,0.0,-1.0,19.19,83.5,-6.0,14.1,14.5
448.728,45,109.0,1042.0,0.0,-1.0,18.83,83.5,-6.0,14.1,14.5
448.818,45,109.0,1042.0,0.0,-1.0,18.83,83.5,-6.0,14.1,14.5
448.936,45,109.0,1042.0,0.0,-1.0,18.83,83.5,-6.0,14.1,14.5
449.084,45,109.0,1042.0,0.0,-1.0,18.83,83.5,-6.0,25.5,14.5
449.174,45,109.0,1042.0,0.0,-1.0,18.83,83.5,-6.0,25.5,25.1
449.266,45,109.0,1042.0,0.0,-1.0,18.83,83.5,-6.0,25.5,25.1
449.355,45,108.0,1042.0,0.0,-1.0,18.83,83.5,-6.0,25.5,25.1
449.474,45,108.0,1235.0,0.0,-1.0,18.83,83.5,-6.0,25.5,25.1
449.625,45,108.0,1235.0,1.0,-1.0,18.83,83.5,-6.0,25.5,25.1
449.719,45,108.0,1235.0,1.0,0.0,18.83,83.5,-6.0,25.5,25.1
449.808,45,108.0,1235.0,1.0,0.0,23.55,83.5,-6.0,25.5,25.1
449.956,45,108.0,1235.0,1.0,0.0,23.55,83.5,-6.0,25.5,25.1
450.075,45,108.0,1235.0,1.0,0.0,23.55,83.5,-6.0,25.5,25.1
450.225,45,108.0,1235.0,1.0,0.0,23.55,83.5,-6.0,25.1,25.1
450.316,45,108.0,1235.0,1.0,0.0,23.55,83.5,-6.0,25.1,25.5
450.405,45,108.0,1235.0,1.0,0.0,23.55,83.5,-6.0,25.1,25.5
450.525,45,121.0,1235.0,1.0,0.0,23.55,83.5,-6.0,25.1,25.5
450.585,45,121.0,1445.0,1.0,0.0,23.55,83.5,-6.0,25.1,25.5
450.735,45,121.0,1445.0,12.0,0.0,23.55,83.5,-6.0,25.1,25.5
450.83,45,121.0,1445.0,12.0,1.0,23.55,83.5,-6.0,25.1,25.5
450.915,45,121.0,1445.0,12.0,1.0,38.02,83.5,-6.0,25.1,25.5
451.005,45,121.0,1445.0,12.0,1.0,38.02,83.5,-6.0,25.1,25.5
451.124,45,121.0,1445.0,12.0,1.0,38.02,83.5,-6.0,25.1,25.5
451.274,45,121.0,1445.0,12.0,1.0,38.02,83.5,-6.0,42.0,25.5
451.365,45,121.0,1445.0,12.0,1.0,38.02,83.5,-6.0,42.0,42.0
451.455,45,121.0,1445.0,12.0,1.0,38.02,83.5,-6.0,42.0,42.0
451.574,45,132.0,1445.0,12.0,1.0,38.02,83.5,-6.0,42.0,42.0
451.728,45,132.0,2176.0,12.0,1.0,38.02,83.5,-6.0,42.0,42.0
451.815,45,132.0,2176.0,20.0,1.0,38.02,83.5,-6.0,42.0,42.0
451.907,45,132.0,2176.0,20.0,4.0,38.02,83.5,-6.0,42.0,42.0
452.027,45,132.0,2176.0,20.0,4.0,38.97,83.5,-6.0,42.0,42.0
452.174,45,132.0,2176.0,20.0,4.0,38.97,83.5,-6.0,42.0,42.0
452.265,45,132.0,2176.0,20.0,4.0,38.97,83.5,-6.0,42.0,42.0
452.355,45,132.0,2176.0,20.0,4.0,38.97,83.5,-6.0,27.1,42.0
452.475,45,132.0,2176.0,20.0,4.0,38.97,83.5,-6.0,27.1,31.0
452.688,45,132.0,2176.0,20.0,4.0,38.97,83.5,-6.0,27.1,31.0
452.776,45,113.0,2176.0,20.0,4.0,38.97,83.5,-6.0,27.1,31.0
452.865,45,113.0,1238.0,20.0,4.0,38.97,83.5,-6.0,27.1,31.0
452.955,45,113.0,1238.0,21.0,4.0,38.97,83.5,-6.0,27.1,31.0
453.105,45,113.0,1238.0,21.0,2.0,38.97,83.5,-6.0,27.1,31.0
453.224,45,113.0,1238.0,21.0,2.0,24.13,83.5,-6.0,27.1,31.0
453.374,45,113.0,1238.0,21.0,2.0,24.13,83.5,-6.0,27.1,31.0
453.614,45,113.0,1238.0,21.0,2.0,24.13,83.5,-6.0,27.1,31.0
453.708,45,113.0,1238.0,21.0,2.0,24.13,83.5,-6.0,40.8,31.0
453.824,45,113.0,1238.0,21.0,2.0,24.13,83.5,-6.0,40.8,41.6
453.974,45,113.0,1238.0,21.0,2.0,24.13,83.5,-6.0,40.8,41.6
454.065,45,119.0,1238.0,21.0,2.0,24.13,83.5,-6.0,40.8,41.6
454.155,45,119.0,1493.0,21.0,2.0,24.13,83.5,-6.0,40.8,41.6
454.274,45,119.0,1493.0,26.0,2.0,24.13,83.5,-6.0,40.8,41.6
454.425,45,119.0,1493.0,26.0,0.0,24.13,83.5,-6.0,40.8,41.6
454.516,45,119.0,1493.0,26.0,0.0,36.19,83.5,-6.0,40.8,41.6
454.634,45,119.0,1493.0,26.0,0.0,36.19,83.5,-6.0,40.8,41.6
454.729,45,119.0,1493.0,26.0,0.0,36.19,83.5,-6.0,40.8,41.6
454.817,45,119.0,1493.0,26.0,0.0,36.19,83.5,-6.0,47.5,41.6
454.909,45,119.0,1493.0,26.0,0.0,36.19,83.5,-6.0,47.5,49.4
454.995,45,119.0,1493.0,26.0,0.0,36.19,83.5,-6.0,47.5,49.4
455.085,45,160.0,1493.0,26.0,0.0,36.19,83.5,-6.0,47.5,49.4
455.176,45,160.0,1821.0,26.0,0.0,36.19,83.5,-6.0,47.5,49.4
455.265,45,160.0,1821.0,31.0,0.0,36.19,83.5,-6.0,47.5,49.4
455.355,45,160.0,1821.0,31.0,4.0,36.19,83.5,-6.0,47.5,49.4
455.474,45,160.0,1821.0,31.0,4.0,63.27,83.5,-6.0,47.5,49.4
455.627,45,160.0,1821.0,31.0,4.0,63.27,83.5,-6.0,47.5,49.4
455.716,45,160.0,1821.0,31.0,4.0,63.27,83.5,-6.0,47.5,49.4
455.808,45,160.0,1821.0,31.0,4.0,63.27,83.5,-6.0,51.8,49.4
455.954,45,160.0,1821.0,31.0,4.0,63.27,83.5,-6.0,51.8,51.4
456.045,45,160.0,1821.0,31.0,4.0,63.27,83.5,-6.0,51.8,51.4
456.164,45,190.0,1821.0,31.0,4.0,63.27,83.5,-6.0,51.8,51.4
456.315,45,190.0,2206.0,31.0,4.0,63.27,83.5,-6.0,51.8,51.4
456.409,45,190.0,2206.0,39.0,4.0,63.27,83.5,-6.0,51.8,51.4
456.497,45,190.0,2206.0,39.0,5.0,63.27,83.5,-6.0,51.8,51.4
456.647,45,190.0,2206.0,39.0,5.0,33.36,83.5,-6.0,51.8,51.4
456.855,45,190.0,2206.0,39.0,5.0,33.36,31.0,-6.0,51.8,51.4
457.005,45,190.0,2206.0,39.0,5.0,33.36,31.0,-6.0,51.8,51.4
457.095,45,190.0,2206.0,39.0,5.0,33.36,31.0,-6.0,48.6,51.4
457.214,45,190.0,2206.0,39.0,5.0,33.36,31.0,-6.0,48.6,53.7
457.364,45,190.0,2206.0,39.0,5.0,33.36,31.0,-6.0,48.6,53.7
457.458,45,123.0,2206.0,39.0,5.0,33.36,31.0,-6.0,48.6,53.7
457.574,45,123.0,1566.0,39.0,5.0,33.36,31.0,-6.0,48.6,53.7
457.635,45,123.0,1566.0,42.0,5.0,33.36,31.0,-6.0,48.6,53.7
457.785,45,123.0,1566.0,42.0,2.0,33.36,31.0,-6.0,48.6,53.7
457.875,45,123.0,1566.0,42.0,2.0,45.3,31.0,-6.0,48.6,53.7
457.969,45,123.0,1566.0,42.0,2.0,45.3,83.5,-6.0,48.6,53.7
458.084,45,123.0,1566.0,42.0,2.0,45.3,83.5,-6.0,48.6,53.7
458.234,45,123.0,1566.0,42.0,2.0,45.3,83.5,-6.0,59.6,53.7
458.326,45,123.0,1566.0,42.0,2.0,45.3,83.5,-6.0,59.6,60.4
458.415,45,123.0,1566.0,42.0,2.0,45.3,83.5,-6.0,59.6,60.4
458.506,45,211.0,1566.0,42.0,2.0,45.3,83.5,-6.0,59.6,60.4
458.594,45,211.0,1857.0,42.0,2.0,45.3,83.5,-6.0,59.6,60.4
458.743,45,211.0,1857.0,50.0,2.0,45.3,83.5,-6.0,59.6,60.4
458.863,45,211.0,1857.0,50.0,3.0,45.3,83.5,-6.0,59.6,60.4
458.983,45,211.0,1857.0,50.0,3.0,70.83,83.5,-6.0,59.6,60.4
459.074,45,211.0,1857.0,50.0,3.0,70.83,83.5,-6.0,59.6,60.4
459.165,45,211.0,1857.0,50.0,3.0,70.83,83.5,-6.0,59.6,60.4
459.284,45,211.0,1857.0,50.0,3.0,70.83,83.5,-6.0,30.6,60.4
459.434,45,211.0,1857.0,50.0,3.0,70.83,83.5,-6.0,30.6,14.5
459.529,45,211.0,1857.0,50.0,3.0,70.83,83.5,-6.0,30.6,14.5
459.585,45,127.0,1857.0,50.0,3.0,70.83,83.5,-6.0,30.6,14.5
459.736,45,127.0,1419.0,50.0,3.0,70.83,83.5,-6.0,30.6,14.5
459.828,45,127.0,1419.0,54.0,3.0,70.83,83.5,-6.0,30.6,14.5
459.915,45,127.0,1419.0,54.0,4.0,70.83,83.5,-6.0,30.6,14.5
460.007,45,127.0,1419.0,54.0,4.0,29.63,83.5,-6.0,30.6,14.5
460.094,45,127.0,1419.0,54.0,4.0,29.63,74.5,-6.0,30.6,14.5
460.214,45,127.0,1419.0,54.0,4.0,29.63,74.5,-6.0,30.6,14.5
460.364,45,127.0,1419.0,54.0,4.0,29.63,74.5,-6.0,48.2,14.5
460.484,45,127.0,1419.0,54.0,4.0,29.63,74.5,-6.0,48.2,49.0
460.605,45,127.0,1419.0,54.0,4.0,29.63,74.5,-6.0,48.2,49.0
460.755,45,142.0,1419.0,54.0,4.0,29.63,74.5,-6.0,48.2,49.0
460.845,45,142.0,1439.0,54.0,4.0,29.63,74.5,-6.0,48.2,49.0
460.964,45,142.0,1439.0,56.0,4.0,29.63,74.5,-6.0,48.2,49.0
461.113,45,142.0,1439.0,56.0,0.0,29.63,74.5,-6.0,48.2,49.0
461.204,45,142.0,1439.0,56.0,0.0,32.49,74.5,-6.0,48.2,49.0
461.294,45,142.0,1439.0,56.0,0.0,32.49,83.5,-6.0,48.2,49.0
461.414,45,142.0,1439.0,56.0,0.0,32.49,83.5,-6.0,48.2,49.0
461.624,45,142.0,1439.0,56.0,0.0,32.49,83.5,-6.0,44.7,49.0
461.716,45,142.0,1439.0,56.0,0.0,32.49,83.5,-6.0,44.7,43.5
461.808,45,142.0,1439.0,56.0,0.0,32.49,83.5,-6.0,44.7,43.5
461.896,45,149.0,1439.0,56.0,0.0,32.49,83.5,-6.0,44.7,43.5
462.014,45,149.0,1494.0,56.0,0.0,32.49,83.5,-6.0,44.7,43.5
462.134,45,149.0,1494.0,59.0,0.0,32.49,83.5,-6.0,44.7,43.5
462.225,45,149.0,1494.0,59.0,0.0,32.49,83.5,-6.0,44.7,43.5
462.374,45,149.0,1494.0,59.0,0.0,20.19,83.5,-6.0,44.7,43.5
462.464,45,149.0,1494.0,59.0,0.0,20.19,83.5,-6.0,44.7,43.5
462.555,45,149.0,1494.0,59.0,0.0,20.19,83.5,-6.0,44.7,43.5
462.646,45,149.0,1494.0,59.0,0.0,20.19,83.5,-6.0,35.7,43.5
462.736,45,149.0,1494.0,59.0,0.0,20.19,83.5,-6.0,35.7,36.1
462.888,45,149.0,1494.0,59.0,0.0,20.19,83.5,-6.0,35.7,36.1
462.978,45,112.0,1494.0,59.0,0.0,20.19,83.5,-6.0,35.7,36.1
463.064,45,112.0,1496.0,59.0,0.0,20.19,83.5,-6.0,35.7,36.1
463.155,45,112.0,1496.0,59.0,0.0,20.19,83.5,-6.0,35.7,36.1
463.245,45,112.0,1496.0,59.0,-2.0,20.19,83.5,-6.0,35.7,36.1
463.364,45,112.0,1496.0,59.0,-2.0,15.16,83.5,-6.0,35.7,36.1
463.514,45,112.0,1496.0,59.0,-2.0,15.16,83.5,-6.0,35.7,36.1
463.575,45,112.0,1496.0,59.0,-2.0,15.16,83.5,-6.0,35.7,36.1
463.635,45,112.0,1496.0,59.0,-2.0,15.16,83.5,-6.0,14.1,36.1
463.785,45,112.0,1496.0,59.0,-2.0,15.16,83.5,-6.0,14.1,14.5
463.878,45,112.0,1496.0,59.0,-2.0,15.16,83.5,-6.0,14.1,14.5
463.968,45,102.0,1496.0,59.0,-2.0,15.16,83.5,-6.0,14.1,14.5
464.084,45,102.0,1497.0,59.0,-2.0,15.16,83.5,-6.0,14.1,14.5
464.175,45,102.0,1497.0,58.0,-2.0,15.16,83.5,-6.0,14.1,14.5
464.324,45,102.0,1497.0,58.0,-3.0,15.16,83.5,-6.0,14.1,14.5
464.415,45,102.0,1497.0,58.0,-3.0,16.33,83.5,-6.0,14.1,14.5
464.505,45,102.0,1497.0,58.0,-3.0,16.33,83.5,-6.0,14.1,14.5
464.656,45,102.0,1497.0,58.0,-3.0,16.33,83.5,-6.0,14.1,14.5
464.749,45,102.0,1497.0,58.0,-3.0,16.33,83.5,-6.0,14.1,14.5
464.864,45,102.0,1497.0,58.0,-3.0,16.33,83.5,-6.0,14.1,14.5
465.044,45,102.0,1497.0,58.0,-3.0,16.33,83.5,-6.0,14.1,14.5
465.164,45,103.0,1497.0,58.0,-3.0,16.33,83.5,-6.0,14.1,14.5
465.284,45,103.0,1487.0,58.0,-3.0,16.33,83.5,-6.0,14.1,14.5
465.375,45,103.0,1487.0,58.0,-3.0,16.33,83.5,-6.0,14.1,14.5
465.524,45,103.0,1487.0,58.0,-2.0,16.33,83.5,-6.0,14.1,14.5
465.616,45,103.0,1487.0,58.0,-2.0,16.72,83.5,-6.0,14.1,14.5
465.734,45,103.0,1487.0,58.0,-2.0,16.72,83.5,-6.0,14.1,14.5
465.825,45,103.0,1487.0,58.0,-2.0,16.72,83.5,-6.0,14.1,14.5
465.918,45,103.0,1487.0,58.0,-2.0,16.72,83.5,-6.0,14.1,14.5
466.005,45,103.0,1487.0,58.0,-2.0,16.72,83.5,-6.0,14.1,14.5
466.095,46,103.0,1487.0,58.0,-2.0,16.72,83.5,-6.0,14.1,14.5
466.214,46,106.0,1487.0,58.0,-2.0,16.72,83.5,-6.0,14.1,14.5
466.364,46,106.0,1487.0,58.0,-2.0,16.72,83.5,-6.0,14.1,14.5
466.456,46,106.0,1487.0,58.0,-2.0,16.72,83.5,-6.0,14.1,14.5
466.549,46,106.0,1487.0,58.0,-2.0,16.72,83.5,-6.0,14.1,14.5
466.635,46,106.0,1487.0,58.0,-2.0,17.27,83.5,-6.0,14.1,14.5
466.729,46,106.0,1487.0,58.0,-2.0,17.27,83.5,-6.0,14.1,14.5
466.905,46,106.0,1487.0,58.0,-2.0,17.27,83.5,-6.0,14.1,14.5
466.995,46,106.0,1487.0,58.0,-2.0,17.27,83.5,-6.0,14.1,14.5
467.114,46,106.0,1487.0,58.0,-2.0,17.27,83.5,-6.0,14.1,14.5
467.264,46,106.0,1487.0,58.0,-2.0,17.27,83.5,-6.0,14.1,14.5
467.355,46,109.0,1487.0,58.0,-2.0,17.27,83.5,-6.0,14.1,14.5
467.448,46,109.0,1488.0,58.0,-2.0,17.27,83.5,-6.0,14.1,14.5
467.565,46,109.0,1488.0,58.0,-2.0,17.27,83.5,-6.0,14.1,14.5
467.684,46,109.0,1488.0,58.0,-1.0,17.27,83.5,-6.0,14.1,14.5
467.775,46,109.0,1488.0,58.0,-1.0,17.36,83.5,-6.0,14.1,14.5
467.868,46,109.0,1488.0,58.0,-1.0,17.36,83.5,-6.0,14.1,14.5
467.957,46,109.0,1488.0,58.0,-1.0,17.36,83.5,-6.0,14.1,14.5
468.075,46,109.0,1488.0,58.0,-1.0,17.36,83.5,-6.0,14.1,14.5
468.135,46,109.0,1488.0,58.0,-1.0,17.36,83.5,-6.0,14.1,14.5
468.227,46,109.0,1488.0,58.0,-1.0,17.36,83.5,-6.0,14.1,14.5
468.374,46,111.0,1488.0,58.0,-1.0,17.36,83.5,-6.0,14.1,14.5
468.465,46,111.0,1488.0,58.0,-1.0,17.36,83.5,-6.0,14.1,14.5
468.555,46,111.0,1488.0,58.0,-1.0,17.36,83.5,-6.0,14.1,14.5
468.678,46,111.0,1488.0,58.0,-1.0,17.36,83.5,-6.0,14.1,14.5
468.824,46,111.0,1488.0,58.0,-1.0,17.8,83.5,-6.0,14.1,14.5
468.916,46,111.0,1488.0,58.0,-1.0,17.8,83.5,-6.0,14.1,14.5
469.005,46,111.0,1488.0,58.0,-1.0,17.8,83.5,-6.0,14.1,14.5
469.095,46,111.0,1488.0,58.0,-1.0,17.8,83.5,-6.0,14.1,14.5
469.214,46,111.0,1488.0,58.0,-1.0,17.8,83.5,-6.0,14.1,14.5
469.364,46,111.0,1488.0,58.0,-1.0,17.8,83.5,-6.0,14.1,14.5
469.484,46,112.0,1488.0,58.0,-1.0,17.8,83.5,-6.0,14.1,14.5
469.574,46,112.0,1491.0,58.0,-1.0,17.8,83.5,-6.0,14.1,14.5
469.637,46,112.0,1491.0,58.0,-1.0,17.8,83.5,-6.0,14.1,14.5
469.729,46,112.0,1491.0,58.0,-1.0,17.8,83.5,-6.0,14.1,14.5
469.817,46,112.0,1491.0,58.0,-1.0,17.8,83.5,-6.0,14.1,14.5
469.964,46,112.0,1491.0,58.0,-1.0,17.8,83.5,-6.0,14.1,14.5
470.055,46,112.0,1491.0,58.0,-1.0,17.8,83.5,-6.0,14.1,14.5
470.144,46,112.0,1491.0,58.0,-1.0,17.8,83.5,-6.0,14.1,14.5
470.236,46,112.0,1491.0,58.0,-1.0,17.8,83.5,-6.0,14.1,14.5
470.354,46,112.0,1491.0,58.0,-1.0,17.8,83.5,-6.0,14.1,14.5
470.504,46,112.0,1491.0,58.0,-1.0,17.8,83.5,-6.0,14.1,14.5
470.658,46,112.0,1496.0,58.0,-1.0,17.8,83.5,-6.0,14.1,14.5
470.746,46,112.0,1496.0,58.0,-1.0,17.8,83.5,-6.0,14.1,14.5
470.835,46,112.0,1496.0,58.0,-1.0,17.8,83.5,-6.0,14.1,14.5
470.929,46,112.0,1496.0,58.0,-1.0,16.88,83.5,-6.0,14.1,14.5
471.017,46,112.0,1496.0,58.0,-1.0,16.88,83.5,-6.0,14.1,14.5
471.104,46,112.0,1496.0,58.0,-1.0,16.88,83.5,-6.0,14.1,14.5
471.195,46,112.0,1496.0,58.0,-1.0,16.88,83.5,-6.0,14.1,14.5
471.284,46,112.0,1496.0,58.0,-1.0,16.88,83.5,-6.0,14.1,14.1
471.375,46,112.0,1496.0,58.0,-1.0,16.88,83.5,-6.0,14.1,14.1
471.465,46,110.0,1496.0,58.0,-1.0,16.88,83.5,-6.0,14.1,14.1
471.556,46,110.0,1453.0,58.0,-1.0,16.88,83.5,-6.0,14.1,14.1
471.644,46,110.0,1453.0,57.0,-1.0,16.88,83.5,-6.0,14.1,14.1
471.736,46,110.0,1453.0,57.0,-1.0,16.88,83.5,-6.0,14.1,14.1
471.831,46,110.0,1453.0,57.0,-1.0,15.47,83.5,-6.0,14.1,14.1
471.976,46,110.0,1453.0,57.0,-1.0,15.47,83.5,-6.0,14.1,14.1
472.065,46,110.0,1453.0,57.0,-1.0,15.47,83.5,-6.0,14.1,14.1
472.154,46,110.0,1453.0,57.0,-1.0,15.47,83.5,-6.0,14.5,14.1
472.245,46,110.0,1453.0,57.0,-1.0,15.47,83.5,-6.0,14.5,18.4
472.335,46,110.0,1453.0,57.0,-1.0,15.47,83.5,-6.0,14.5,18.4
472.454,46,114.0,1453.0,57.0,-1.0,15.47,83.5,-6.0,14.5,18.4
472.604,46,114.0,1389.0,57.0,-1.0,15.47,83.5,-6.0,14.5,18.4
472.724,46,114.0,1389.0,54.0,-1.0,15.47,83.5,-6.0,14.5,18.4
472.814,46,114.0,1389.0,54.0,-2.0,15.47,83.5,-6.0,14.5,18.4
472.907,46,114.0,1389.0,54.0,-2.0,15.8,83.5,-6.0,14.5,18.4
472.996,46,114.0,1389.0,54.0,-2.0,15.8,83.5,-6.0,14.5,18.4
473.115,46,114.0,1389.0,54.0,-2.0,15.8,83.5,-6.0,14.5,18.4
473.263,46,114.0,1389.0,54.0,-2.0,15.8,83.5,-6.0,25.5,18.4
473.354,46,114.0,1389.0,54.0,-2.0,15.8,83.5,-6.0,25.5,28.6
473.445,46,114.0,1389.0,54.0,-2.0,15.8,83.5,-6.0,25.5,28.6
473.536,46,109.0,1389.0,54.0,-2.0,15.8,83.5,-6.0,25.5,28.6
473.689,46,109.0,1360.0,54.0,-2.0,15.8,83.5,-6.0,25.5,28.6
473.805,46,109.0,1360.0,53.0,-2.0,15.8,83.5,-6.0,25.5,28.6
473.955,46,109.0,1360.0,53.0,-2.0,15.8,83.5,-6.0,25.5,28.6
474.044,46,109.0,1360.0,53.0,-2.0,16.44,83.5,-6.0,25.5,28.6
474.195,46,109.0,1360.0,53.0,-2.0,16.44,83.5,-6.0,25.5,28.6
474.286,46,109.0,1360.0,53.0,-2.0,16.44,83.5,-6.0,25.5,28.6
474.404,46,109.0,1360.0,53.0,-2.0,16.44,83.5,-6.0,34.5,28.6
474.554,46,109.0,1360.0,53.0,-2.0,16.44,83.5,-6.0,34.5,34.9
474.704,46,109.0,1360.0,53.0,-2.0,16.44,83.5,-6.0,34.5,34.9
474.798,46,105.0,1360.0,53.0,-2.0,16.44,83.5,-6.0,34.5,34.9
474.885,46,105.0,1361.0,53.0,-2.0,16.44,83.5,-6.0,34.5,34.9
475.004,46,105.0,1361.0,53.0,-2.0,16.44,83.5,-6.0,34.5,34.9
475.154,46,105.0,1361.0,53.0,-1.0,16.44,83.5,-6.0,34.5,34.9
475.246,46,105.0,1361.0,53.0,-1.0,16.05,83.5,-6.0,34.5,34.9
475.335,46,105.0,1361.0,53.0,-1.0,16.05,83.5,-6.0,34.5,34.9
475.454,46,105.0,1361.0,53.0,-1.0,16.05,83.5,-6.0,34.5,34.9
475.604,46,105.0,1361.0,53.0,-1.0,16.05,83.5,-6.0,34.9,34.9
475.665,46,105.0,1361.0,53.0,-1.0,16.05,83.5,-6.0,34.9,35.3
475.756,47,105.0,1361.0,53.0,-1.0,16.05,83.5,-6.0,34.9,35.3
475.874,47,106.0,1361.0,53.0,-1.0,16.05,83.5,-6.0,34.9,35.3
476.024,47,106.0,1366.0,53.0,-1.0,16.05,83.5,-6.0,34.9,35.3
476.115,47,106.0,1366.0,53.0,-1.0,16.05,83.5,-6.0,34.9,35.3
476.205,47,106.0,1366.0,53.0,-1.0,16.05,83.5,-6.0,34.9,35.3
476.296,47,106.0,1366.0,53.0,-1.0,16.24,83.5,-6.0,34.9,35.3
476.384,47,106.0,1366.0,53.0,-1.0,16.24,83.5,-6.0,34.9,35.3
476.504,47,106.0,1366.0,53.0,-1.0,16.24,83.5,-6.0,34.9,35.3
476.624,47,106.0,1366.0,53.0,-1.0,16.24,83.5,-6.0,34.9,35.3
476.717,47,106.0,1366.0,53.0,-1.0,16.24,83.5,-6.0,34.9,35.3
476.807,47,106.0,1366.0,53.0,-1.0,16.24,83.5,-6.0,34.9,35.3
476.895,47,107.0,1366.0,53.0,-1.0,16.24,83.5,-6.0,34.9,35.3
476.985,47,107.0,1369.0,53.0,-1.0,16.24,83.5,-6.0,34.9,35.3
477.105,47,107.0,1369.0,53.0,-1.0,16.24,83.5,-6.0,34.9,35.3
477.314,47,107.0,1369.0,53.0,-1.0,16.24,83.5,-6.0,34.9,35.3
477.404,47,107.0,1369.0,53.0,-1.0,16.77,83.5,-6.0,34.9,35.3
477.495,47,107.0,1369.0,53.0,-1.0,16.77,83.5,-6.0,34.9,35.3
477.585,47,107.0,1369.0,53.0,-1.0,16.77,83.5,-6.0,34.9,35.3
477.764,47,107.0,1369.0,53.0,-1.0,16.77,83.5,-6.0,34.9,35.3
477.855,47,107.0,1369.0,53.0,-1.0,16.77,83.5,-6.0,34.9,35.3
477.945,47,107.0,1369.0,53.0,-1.0,16.77,83.5,-6.0,34.9,35.3
478.038,47,108.0,1369.0,53.0,-1.0,16.77,83.5,-6.0,34.9,35.3
478.154,47,108.0,1383.0,53.0,-1.0,16.77,83.5,-6.0,34.9,35.3
478.304,47,108.0,1383.0,54.0,-1.0,16.77,83.5,-6.0,34.9,35.3
478.395,47,108.0,1383.0,54.0,-1.0,16.77,83.5,-6.0,34.9,35.3
478.514,47,108.0,1383.0,54.0,-1.0,16.36,83.5,-6.0,34.9,35.3
478.635,47,108.0,1383.0,54.0,-1.0,16.36,83.5,-6.0,34.9,35.3
478.816,47,108.0,1383.0,54.0,-1.0,16.36,83.5,-6.0,34.9,35.3
478.908,47,108.0,1383.0,54.0,-1.0,16.36,83.5,-6.0,39.6,35.3
478.995,47,108.0,1383.0,54.0,-1.0,16.36,83.5,-6.0,39.6,40.8
479.084,47,108.0,1383.0,54.0,-1.0,16.36,83.5,-6.0,39.6,40.8
479.204,47,116.0,1383.0,54.0,-1.0,16.36,83.5,-6.0,39.6,40.8
479.353,47,116.0,1389.0,54.0,-1.0,16.36,83.5,-6.0,39.6,40.8
479.473,47,116.0,1389.0,54.0,-1.0,16.36,83.5,-6.0,39.6,40.8
479.683,47,116.0,1389.0,54.0,-1.0,16.36,83.5,-6.0,39.6,40.8
479.776,47,116.0,1389.0,54.0,-1.0,23.16,83.5,-6.0,39.6,40.8
479.924,47,116.0,1389.0,54.0,-1.0,23.16,83.5,-6.0,39.6,40.8
480.015,47,116.0,1389.0,54.0,-1.0,23.16,83.5,-6.0,39.6,40.8
480.105,47,116.0,1389.0,54.0,-1.0,23.16,83.5,-6.0,41.6,40.8
480.255,47,116.0,1389.0,54.0,-1.0,23.16,83.5,-6.0,41.6,42.4
480.345,47,116.0,1389.0,54.0,-1.0,23.16,83.5,-6.0,41.6,42.4
480.434,47,135.0,1389.0,54.0,-1.0,23.16,83.5,-6.0,41.6,42.4
480.554,47,135.0,1428.0,54.0,-1.0,23.16,83.5,-6.0,41.6,42.4
480.673,47,135.0,1428.0,56.0,-1.0,23.16,83.5,-6.0,41.6,42.4
480.765,47,135.0,1428.0,56.0,1.0,23.16,83.5,-6.0,41.6,42.4
480.914,47,135.0,1428.0,56.0,1.0,24.94,83.5,-6.0,41.6,42.4
481.005,47,135.0,1428.0,56.0,1.0,24.94,83.5,-6.0,41.6,42.4
481.094,47,135.0,1428.0,56.0,1.0,24.94,83.5,-6.0,41.6,42.4
481.185,47,135.0,1428.0,56.0,1.0,24.94,83.5,-6.0,40.4,42.4
481.304,47,135.0,1428.0,56.0,1.0,24.94,83.5,-6.0,40.4,40.8
481.454,47,135.0,1428.0,56.0,1.0,24.94,83.5,-6.0,40.4,40.8
481.55,47,129.0,1428.0,56.0,1.0,24.94,83.5,-6.0,40.4,40.8
481.696,47,129.0,1460.0,56.0,1.0,24.94,83.5,-6.0,40.4,40.8
481.787,47,129.0,1460.0,57.0,1.0,24.94,83.5,-6.0,40.4,40.8
481.904,47,129.0,1460.0,57.0,1.0,24.94,83.5,-6.0,40.4,40.8
482.054,47,129.0,1460.0,57.0,1.0,20.69,83.5,-6.0,40.4,40.8
482.174,47,129.0,1460.0,57.0,1.0,20.69,83.5,-6.0,40.4,40.8
482.324,47,129.0,1460.0,57.0,1.0,20.69,83.5,-6.0,40.4,40.8
482.444,47,129.0,1460.0,57.0,1.0,20.69,83.5,-6.0,39.6,40.8
482.594,47,129.0,1460.0,57.0,1.0,20.69,83.5,-6.0,39.6,40.0
482.684,48,129.0,1460.0,57.0,1.0,20.69,83.5,-6.0,39.6,40.0
482.776,48,120.0,1460.0,57.0,1.0,20.69,83.5,-6.0,39.6,40.0
482.868,48,120.0,1487.0,57.0,1.0,20.69,83.5,-6.0,39.6,40.0
483.015,48,120.0,1487.0,58.0,1.0,20.69,83.5,-6.0,39.6,40.0
483.104,48,120.0,1487.0,58.0,0.0,20.69,83.5,-6.0,39.6,40.0
483.195,48,120.0,1487.0,58.0,0.0,24.3,83.5,-6.0,39.6,40.0
483.284,48,120.0,1487.0,58.0,0.0,24.3,83.5,-6.0,39.6,40.0
483.377,48,120.0,1487.0,58.0,0.0,24.3,83.5,-6.0,39.6,40.0
483.47,48,120.0,1487.0,58.0,0.0,24.3,83.5,-6.0,42.0,40.0
483.555,48,120.0,1487.0,58.0,0.0,24.3,83.5,-6.0,42.0,42.7
483.675,48,120.0,1487.0,58.0,0.0,24.3,83.5,-6.0,42.0,42.7
483.768,48,131.0,1487.0,58.0,0.0,24.3,83.5,-6.0,42.0,42.7
483.915,48,131.0,1515.0,58.0,0.0,24.3,83.5,-6.0,42.0,42.7
484.007,48,131.0,1515.0,59.0,0.0,24.3,83.5,-6.0,42.0,42.7
484.095,48,131.0,1515.0,59.0,0.0,24.3,83.5,-6.0,42.0,42.7
484.184,48,131.0,1515.0,59.0,0.0,24.66,83.5,-6.0,42.0,42.7
484.305,48,131.0,1515.0,59.0,0.0,24.66,83.5,-6.0,42.0,42.7
484.454,48,131.0,1515.0,59.0,0.0,24.66,83.5,-6.0,42.0,42.7
484.546,48,131.0,1515.0,59.0,0.0,24.66,83.5,-6.0,42.0,42.7
484.638,48,131.0,1515.0,59.0,0.0,24.66,83.5,-6.0,42.0,42.4
484.725,48,131.0,1515.0,59.0,0.0,24.66,83.5,-6.0,42.0,42.4
484.817,48,131.0,1515.0,59.0,0.0,24.66,83.5,-6.0,42.0,42.4
484.964,48,131.0,1549.0,59.0,0.0,24.66,83.5,-6.0,42.0,42.4
485.057,48,131.0,1549.0,60.0,0.0,24.66,83.5,-6.0,42.0,42.4
485.144,48,131.0,1549.0,60.0,0.0,24.66,83.5,-6.0,42.0,42.4
485.236,48,131.0,1549.0,60.0,0.0,23.77,83.5,-6.0,42.0,42.4
485.325,48,131.0,1549.0,60.0,0.0,23.77,83.5,-6.0,42.0,42.4
485.444,48,131.0,1549.0,60.0,0.0,23.77,83.5,-6.0,42.0,42.4
485.594,48,131.0,1549.0,60.0,0.0,23.77,83.5,-6.0,40.4,42.4
485.685,48,131.0,1549.0,60.0,0.0,23.77,83.5,-6.0,40.4,40.8
485.776,48,131.0,1549.0,60.0,0.0,23.77,83.5,-6.0,40.4,40.8
485.869,48,126.0,1549.0,60.0,0.0,23.77,83.5,-6.0,40.4,40.8
486.014,48,126.0,1564.0,60.0,0.0,23.77,83.5,-6.0,40.4,40.8
486.106,48,126.0,1564.0,61.0,0.0,23.77,83.5,-6.0,40.4,40.8
486.195,48,126.0,1564.0,61.0,0.0,23.77,83.5,-6.0,40.4,40.8
486.286,48,126.0,1564.0,61.0,0.0,19.55,83.5,-6.0,40.4,40.8
486.374,48,126.0,1564.0,61.0,0.0,19.55,83.5,-6.0,40.4,40.8
486.494,48,126.0,1564.0,61.0,0.0,19.55,83.5,-6.0,40.4,40.8
486.675,48,126.0,1564.0,61.0,0.0,19.55,83.5,-6.0,36.9,40.8
486.794,48,126.0,1564.0,61.0,0.0,19.55,83.5,-6.0,36.9,36.9
486.889,48,126.0,1564.0,61.0,0.0,19.55,83.5,-6.0,36.9,36.9
486.977,48,115.0,1564.0,61.0,0.0,19.55,83.5,-6.0,36.9,36.9
487.094,48,115.0,1571.0,61.0,0.0,19.55,83.5,-6.0,36.9,36.9
487.244,48,115.0,1571.0,61.0,0.0,19.55,83.5,-6.0,36.9,36.9
487.335,48,115.0,1571.0,61.0,-1.0,19.55,83.5,-6.0,36.9,36.9
487.454,48,115.0,1571.0,61.0,-1.0,18.36,83.5,-6.0,36.9,36.9
487.608,48,115.0,1571.0,61.0,-1.0,18.36,83.5,-6.0,36.9,36.9
487.666,48,115.0,1571.0,61.0,-1.0,18.36,83.5,-6.0,36.9,36.9
487.755,48,115.0,1571.0,61.0,-1.0,18.36,83.5,-6.0,34.5,36.9
487.85,48,115.0,1571.0,61.0,-1.0,18.36,83.5,-6.0,34.5,34.9
487.937,49,115.0,1571.0,61.0,-1.0,18.36,83.5,-6.0,34.5,34.9
488.025,49,110.0,1571.0,61.0,-1.0,18.36,83.5,-6.0,34.5,34.9
488.144,49,110.0,1572.0,61.0,-1.0,18.36,83.5,-6.0,34.5,34.9
488.294,49,110.0,1572.0,61.0,-1.0,18.36,83.5,-6.0,34.5,34.9
488.389,49,110.0,1572.0,61.0,-1.0,18.36,83.5,-6.0,34.5,34.9
488.477,49,110.0,1572.0,61.0,-1.0,16.86,83.5,-6.0,34.5,34.9
488.594,49,110.0,1572.0,61.0,-1.0,16.86,83.5,-6.0,34.5,34.9
488.715,49,110.0,1572.0,61.0,-1.0,16.86,83.5,-6.0,34.5,34.9
488.809,49,110.0,1572.0,61.0,-1.0,16.86,83.5,-6.0,32.9,34.9
488.954,49,110.0,1572.0,61.0,-1.0,16.86,83.5,-6.0,32.9,32.9
489.044,49,110.0,1572.0,61.0,-1.0,16.86,83.5,-6.0,32.9,32.9
489.134,49,105.0,1572.0,61.0,-1.0,16.86,83.5,-6.0,32.9,32.9
489.224,49,105.0,1559.0,61.0,-1.0,16.86,83.5,-6.0,32.9,32.9
489.345,49,105.0,1559.0,61.0,-1.0,16.86,83.5,-6.0,32.9,32.9
489.435,49,105.0,1559.0,61.0,-2.0,16.86,83.5,-6.0,32.9,32.9
489.525,49,105.0,1559.0,61.0,-2.0,16.11,83.5,-6.0,32.9,32.9
489.644,49,105.0,1559.0,61.0,-2.0,16.11,83.5,-6.0,32.9,32.9
489.768,49,105.0,1559.0,61.0,-2.0,16.11,83.5,-6.0,32.9,32.9
489.86,49,105.0,1559.0,61.0,-2.0,16.11,83.5,-6.0,16.9,32.9
490.013,49,105.0,1559.0,61.0,-2.0,16.11,83.5,-6.0,16.9,14.5
490.095,49,105.0,1559.0,61.0,-2.0,16.11,83.5,-6.0,16.9,14.5
490.185,49,101.0,1559.0,61.0,-2.0,16.11,83.5,-6.0,16.9,14.5
490.275,49,101.0,1522.0,61.0,-2.0,16.11,83.5,-6.0,16.9,14.5
490.394,49,101.0,1522.0,59.0,-2.0,16.11,83.5,-6.0,16.9,14.5
490.544,49,101.0,1522.0,59.0,-2.0,16.11,83.5,-6.0,16.9,14.5
490.639,49,101.0,1522.0,59.0,-2.0,13.24,83.5,-6.0,16.9,14.5
490.725,49,101.0,1522.0,59.0,-2.0,13.24,83.5,-6.0,16.9,14.5
490.817,49,101.0,1522.0,59.0,-2.0,13.24,83.5,-6.0,16.9,14.5
490.964,49,101.0,1522.0,59.0,-2.0,13.24,83.5,-6.0,14.1,14.5
491.057,49,101.0,1522.0,59.0,-2.0,13.24,83.5,-6.0,14.1,14.5
491.145,49,101.0,1522.0,59.0,-2.0,13.24,83.5,-6.0,14.1,14.5
491.264,49,103.0,1522.0,59.0,-2.0,13.24,83.5,-6.0,14.1,14.5
491.414,49,103.0,1499.0,59.0,-2.0,13.24,83.5,-6.0,14.1,14.5
491.509,49,103.0,1499.0,58.0,-2.0,13.24,83.5,-6.0,14.1,14.5
491.597,49,103.0,1499.0,58.0,-2.0,13.24,83.5,-6.0,14.1,14.5
491.689,49,103.0,1499.0,58.0,-2.0,16.19,83.5,-6.0,14.1,14.5
491.777,49,103.0,1499.0,58.0,-2.0,16.19,83.5,-6.0,14.1,14.5
491.867,49,103.0,1499.0,58.0,-2.0,16.19,83.5,-6.0,14.1,14.5
491.959,49,103.0,1499.0,58.0,-2.0,16.19,83.5,-6.0,14.1,14.5
492.104,49,103.0,1499.0,58.0,-2.0,16.19,83.5,-6.0,14.1,14.5
492.195,49,103.0,1499.0,58.0,-2.0,16.19,83.5,-6.0,14.1,14.5
492.285,49,104.0,1499.0,58.0,-2.0,16.19,83.5,-6.0,14.1,14.5
492.434,49,104.0,1498.0,58.0,-2.0,16.19,83.5,-6.0,14.1,14.5
492.525,49,104.0,1498.0,58.0,-2.0,16.19,83.5,-6.0,14.1,14.5
492.615,49,104.0,1498.0,58.0,-1.0,16.19,83.5,-6.0,14.1,14.5
492.704,49,104.0,1498.0,58.0,-1.0,16.44,83.5,-6.0,14.1,14.5
492.795,49,104.0,1498.0,58.0,-1.0,16.44,83.5,-6.0,14.1,14.5
492.886,49,104.0,1498.0,58.0,-1.0,16.44,83.5,-6.0,14.1,14.5
492.977,49,104.0,1498.0,58.0,-1.0,16.44,83.5,-6.0,14.1,14.5
493.064,49,104.0,1498.0,58.0,-1.0,16.44,83.5,-6.0,14.1,14.5
493.154,49,104.0,1498.0,58.0,-1.0,16.44,83.5,-6.0,14.1,14.5
493.244,49,106.0,1498.0,58.0,-1.0,16.44,83.5,-6.0,14.1,14.5
493.335,49,106.0,1494.0,58.0,-1.0,16.44,83.5,-6.0,14.1,14.5
493.425,49,106.0,1494.0,58.0,-1.0,16.44,83.5,-6.0,14.1,14.5
493.544,49,106.0,1494.0,58.0,-1.0,16.44,83.5,-6.0,14.1,14.5
493.694,49,106.0,1494.0,58.0,-1.0,16.99,83.5,-6.0,14.1,14.5
493.847,49,106.0,1494.0,58.0,-1.0,16.99,83.5,-6.0,14.1,14.5
493.935,49,106.0,1494.0,58.0,-1.0,16.99,83.5,-6.0,14.1,14.5
494.025,49,106.0,1494.0,58.0,-1.0,16.99,83.5,-6.0,14.1,14.5
494.114,49,106.0,1494.0,58.0,-1.0,16.99,83.5,-6.0,14.1,14.5
494.234,50,106.0,1494.0,58.0,-1.0,16.99,83.5,-6.0,14.1,14.5
494.384,50,109.0,1494.0,58.0,-1.0,16.99,83.5,-6.0,14.1,14.5
494.476,50,109.0,1500.0,58.0,-1.0,16.99,83.5,-6.0,14.1,14.5
494.594,50,109.0,1500.0,58.0,-1.0,16.99,83.5,-6.0,14.1,14.5
494.714,50,109.0,1500.0,58.0,-1.0,16.99,83.5,-6.0,14.1,14.5
494.835,50,109.0,1500.0,58.0,-1.0,17.11,83.5,-6.0,14.1,14.5
494.987,50,109.0,1500.0,58.0,-1.0,17.11,83.5,-6.0,14.1,14.5
495.074,50,109.0,1500.0,58.0,-1.0,17.11,83.5,-6.0,14.1,14.5
495.164,50,109.0,1500.0,58.0,-1.0,17.11,83.5,-6.0,14.1,14.5
495.255,50,109.0,1500.0,58.0,-1.0,17.11,83.5,-6.0,14.1,14.5
495.345,50,109.0,1500.0,58.0,-1.0,17.11,83.5,-6.0,14.1,14.5
495.434,50,110.0,1500.0,58.0,-1.0,17.11,83.5,-6.0,14.1,14.5
495.525,50,110.0,1506.0,58.0,-1.0,17.11,83.5,-6.0,14.1,14.5
495.615,50,110.0,1506.0,58.0,-1.0,17.11,83.5,-6.0,14.1,14.5
495.765,50,110.0,1506.0,58.0,-1.0,17.11,83.5,-6.0,14.1,14.5
495.914,50,110.0,1506.0,58.0,-1.0,17.13,83.5,-6.0,14.1,14.5
496.046,50,110.0,1506.0,58.0,-1.0,17.13,83.5,-6.0,14.1,14.5
496.184,50,110.0,1506.0,58.0,-1.0,17.13,83.5,-6.0,14.1,14.5
496.276,50,110.0,1506.0,58.0,-1.0,17.13,83.5,-6.0,14.1,14.5
496.365,50,110.0,1506.0,58.0,-1.0,17.13,83.5,-6.0,14.1,14.5
496.484,50,110.0,1506.0,58.0,-1.0,17.13,83.5,-6.0,14.1,14.5
496.634,50,111.0,1506.0,58.0,-1.0,17.13,83.5,-6.0,14.1,14.5
496.726,50,111.0,1513.0,58.0,-1.0,17.13,83.5,-6.0,14.1,14.5
496.875,50,111.0,1513.0,59.0,-1.0,17.13,83.5,-6.0,14.1,14.5
496.967,50,111.0,1513.0,59.0,-1.0,17.13,83.5,-6.0,14.1,14.5
497.084,50,111.0,1513.0,59.0,-1.0,17.19,83.5,-6.0,14.1,14.5
497.234,50,111.0,1513.0,59.0,-1.0,17.19,83.5,-6.0,14.1,14.5
497.331,50,111.0,1513.0,59.0,-1.0,17.19,83.5,-6.0,14.1,14.5
497.414,50,111.0,1513.0,59.0,-1.0,17.19,83.5,-6.0,14.1,14.5
497.534,50,111.0,1513.0,59.0,-1.0,17.19,83.5,-6.0,14.1,14.5
497.684,50,111.0,1513.0,59.0,-1.0,17.19,83.5,-6.0,14.1,14.5
497.804,50,110.0,1513.0,59.0,-1.0,17.19,83.5,-6.0,14.1,14.5
497.898,50,110.0,1518.0,59.0,-1.0,17.19,83.5,-6.0,14.1,14.5
497.986,50,110.0,1518.0,59.0,-1.0,17.19,83.5,-6.0,14.1,14.5
498.075,50,110.0,1518.0,59.0,-1.0,17.19,83.5,-6.0,14.1,14.5
498.193,50,110.0,1518.0,59.0,-1.0,16.77,83.5,-6.0,14.1,14.5
498.344,50,110.0,1518.0,59.0,-1.0,16.77,83.5,-6.0,14.1,14.5
498.434,50,110.0,1518.0,59.0,-1.0,16.77,83.5,-6.0,14.1,14.5
498.584,50,110.0,1518.0,59.0,-1.0,16.77,83.5,-6.0,14.1,14.5
498.683,50,110.0,1518.0,59.0,-1.0,16.77,83.5,-6.0,14.1,14.5
498.764,50,110.0,1518.0,59.0,-1.0,16.77,83.5,-6.0,14.1,14.5
498.915,50,110.0,1518.0,59.0,-1.0,16.77,83.5,-6.0,14.1,14.5
499.034,50,110.0,1516.0,59.0,-1.0,16.77,83.5,-6.0,14.1,14.5
499.184,50,110.0,1516.0,59.0,-1.0,16.77,83.5,-6.0,14.1,14.5
499.275,50,110.0,1516.0,59.0,-1.0,16.77,83.5,-6.0,14.1,14.5
499.365,50,110.0,1516.0,59.0,-1.0,17.08,83.5,-6.0,14.1,14.5
499.454,50,110.0,1516.0,59.0,-1.0,17.08,83.5,-6.0,14.1,14.5
499.575,50,110.0,1516.0,59.0,-1.0,17.08,83.5,-6.0,14.1,14.5
499.785,50,110.0,1516.0,59.0,-1.0,17.08,83.5,-6.0,14.1,14.5
499.888,50,110.0,1516.0,59.0,-1.0,17.08,83.5,-6.0,14.1,14.5
499.965,50,110.0,1516.0,59.0,-1.0,17.08,83.5,-6.0,14.1,14.5
500.084,50,110.0,1516.0,59.0,-1.0,17.08,83.5,-6.0,14.1,14.5
500.234,50,110.0,1520.0,59.0,-1.0,17.08,83.5,-6.0,14.1,14.5
500.325,50,110.0,1520.0,59.0,-1.0,17.08,83.5,-6.0,14.1,14.5
500.414,50,110.0,1520.0,59.0,-1.0,17.08,83.5,-6.0,14.1,14.5
500.534,50,110.0,1520.0,59.0,-1.0,16.91,83.5,-6.0,14.1,14.5
500.688,50,110.0,1520.0,59.0,-1.0,16.91,83.5,-6.0,14.1,14.5
500.779,50,110.0,1520.0,59.0,-1.0,16.91,83.5,-6.0,14.1,14.5
500.867,50,110.0,1520.0,59.0,-1.0,16.91,83.5,-6.0,14.1,14.5
500.965,50,110.0,1520.0,59.0,-1.0,16.91,83.5,-6.0,14.1,14.5
501.074,51,110.0,1520.0,59.0,-1.0,16.91,83.5,-6.0,14.1,14.5
501.224,51,110.0,1520.0,59.0,-1.0,16.91,83.5,-6.0,14.1,14.5
501.315,51,110.0,1525.0,59.0,-1.0,16.91,83.5,-6.0,14.1,14.5
501.405,51,110.0,1525.0,59.0,-1.0,16.91,83.5,-6.0,14.1,14.5
501.527,51,110.0,1525.0,59.0,-1.0,16.91,83.5,-6.0,14.1,14.5
501.617,51,110.0,1525.0,59.0,-1.0,16.77,83.5,-6.0,14.1,14.5
501.707,51,110.0,1525.0,59.0,-1.0,16.77,83.5,-6.0,14.1,14.5
501.827,51,110.0,1525.0,59.0,-1.0,16.77,83.5,-6.0,14.1,14.5
501.917,51,110.0,1525.0,59.0,-1.0,16.77,83.5,-6.0,14.1,14.5
502.004,51,110.0,1525.0,59.0,-1.0,16.77,83.5,-6.0,14.1,14.5
502.126,51,110.0,1525.0,59.0,-1.0,16.77,83.5,-6.0,14.1,14.5
502.279,51,111.0,1525.0,59.0,-1.0,16.77,83.5,-6.0,14.1,14.5
502.366,51,111.0,1530.0,59.0,-1.0,16.77,83.5,-6.0,14.1,14.5
502.456,51,111.0,1530.0,59.0,-1.0,16.77,83.5,-6.0,14.1,14.5
502.574,51,111.0,1530.0,59.0,-1.0,16.77,83.5,-6.0,14.1,14.5
502.784,51,111.0,1530.0,59.0,-1.0,16.86,83.5,-6.0,14.1,14.5
502.879,51,111.0,1530.0,59.0,-1.0,16.86,83.5,-6.0,14.1,14.5
502.967,51,111.0,1530.0,59.0,-1.0,16.86,83.5,-6.0,14.1,14.5
503.054,51,111.0,1530.0,59.0,-1.0,16.86,83.5,-6.0,14.1,14.5
503.173,51,111.0,1530.0,59.0,-1.0,16.86,83.5,-6.0,14.1,14.5
503.323,51,111.0,1530.0,59.0,-1.0,16.86,83.5,-6.0,14.1,14.5
503.414,51,111.0,1530.0,59.0,-1.0,16.86,83.5,-6.0,14.1,14.5
503.504,51,111.0,1532.0,59.0,-1.0,16.86,83.5,-6.0,14.1,14.5
503.624,51,111.0,1532.0,60.0,-1.0,16.86,83.5,-6.0,14.1,14.5
503.746,51,111.0,1532.0,60.0,-1.0,16.86,83.5,-6.0,14.1,14.5
503.834,51,111.0,1532.0,60.0,-1.0,17.13,83.5,-6.0,14.1,14.5
503.924,51,111.0,1532.0,60.0,-1.0,17.13,83.5,-6.0,14.1,14.5
504.015,51,111.0,1532.0,60.0,-1.0,17.13,83.5,-6.0,14.1,14.5
504.104,51,111.0,1532.0,60.0,-1.0,17.13,83.5,-6.0,14.1,14.5
504.223,51,111.0,1532.0,60.0,-1.0,17.13,83.5,-6.0,14.1,14.5
504.374,51,111.0,1532.0,60.0,-1.0,17.13,83.5,-6.0,14.1,14.5
504.497,51,111.0,1532.0,60.0,-1.0,17.13,83.5,-6.0,14.1,14.5
504.615,51,111.0,1534.0,60.0,-1.0,17.13,83.5,-6.0,14.1,14.5
504.767,51,111.0,1534.0,60.0,-1.0,17.13,83.5,-6.0,14.1,14.5
504.855,51,111.0,1534.0,60.0,-1.0,17.13,83.5,-6.0,14.1,14.5
504.974,51,111.0,1534.0,60.0,-1.0,16.88,83.5,-6.0,14.1,14.5
505.123,51,111.0,1534.0,60.0,-1.0,16.88,83.5,-6.0,14.1,14.5
505.214,51,111.0,1534.0,60.0,-1.0,16.88,83.5,-6.0,14.1,14.5
505.306,51,111.0,1534.0,60.0,-1.0,16.88,83.5,-6.0,14.1,14.5
505.424,51,111.0,1534.0,60.0,-1.0,16.88,83.5,-6.0,14.1,14.5
505.575,51,111.0,1534.0,60.0,-1.0,16.88,83.5,-6.0,14.1,14.5
505.667,51,110.0,1534.0,60.0,-1.0,16.88,83.5,-6.0,14.1,14.5
505.754,51,110.0,1537.0,60.0,-1.0,16.88,83.5,-6.0,14.1,14.5
505.904,51,110.0,1537.0,60.0,-1.0,16.88,83.5,-6.0,14.1,14.5
506.024,51,110.0,1537.0,60.0,-1.0,16.88,83.5,-6.0,14.1,14.5
506.174,51,110.0,1537.0,60.0,-1.0,16.38,83.5,-6.0,14.1,14.5
506.265,51,110.0,1537.0,60.0,-1.0,16.38,83.5,-6.0,14.1,14.5
506.354,51,110.0,1537.0,60.0,-1.0,16.38,83.5,-6.0,14.1,14.5
506.474,51,110.0,1537.0,60.0,-1.0,16.38,83.5,-6.0,14.1,14.5
506.654,51,110.0,1537.0,60.0,-1.0,16.38,83.5,-6.0,14.1,14.5
506.774,51,110.0,1537.0,60.0,-1.0,16.38,83.5,-6.0,14.1,14.5
506.867,51,110.0,1537.0,60.0,-1.0,16.38,83.5,-6.0,14.1,14.5
506.958,51,110.0,1541.0,60.0,-1.0,16.38,83.5,-6.0,14.1,14.5
507.074,51,110.0,1541.0,60.0,-1.0,16.38,83.5,-6.0,14.1,14.5
507.224,51,110.0,1541.0,60.0,-1.0,16.38,83.5,-6.0,14.1,14.5
507.315,51,110.0,1541.0,60.0,-1.0,16.47,83.5,-6.0,14.1,14.5
507.408,51,110.0,1541.0,60.0,-1.0,16.47,83.5,-6.0,14.1,14.5
507.553,51,110.0,1541.0,60.0,-1.0,16.47,83.5,-6.0,14.1,14.5
507.673,51,110.0,1541.0,60.0,-1.0,16.47,83.5,-6.0,14.1,14.5
507.884,51,110.0,1541.0,60.0,-1.0,16.47,83.5,-6.0,14.1,14.5
507.976,52,110.0,1541.0,60.0,-1.0,16.47,83.5,-6.0,14.1,14.5
508.067,52,110.0,1541.0,60.0,-1.0,16.47,83.5,-6.0,14.1,14.5
508.154,52,110.0,1544.0,60.0,-1.0,16.47,83.5,-6.0,14.1,14.5
508.273,52,110.0,1544.0,60.0,-1.0,16.47,83.5,-6.0,14.1,14.5
508.424,52,110.0,1544.0,60.0,-1.0,16.47,83.5,-6.0,14.1,14.5
508.514,52,110.0,1544.0,60.0,-1.0,16.08,83.5,-6.0,14.1,14.5
508.605,52,110.0,1544.0,60.0,-1.0,16.08,83.5,-6.0,14.1,14.5
508.724,52,110.0,1544.0,60.0,-1.0,16.08,83.5,-6.0,14.1,14.5
508.849,52,110.0,1544.0,60.0,-1.0,16.08,83.5,-6.0,14.1,14.5
508.935,52,110.0,1544.0,60.0,-1.0,16.08,83.5,-6.0,14.1,14.5
509.024,52,110.0,1544.0,60.0,-1.0,16.08,83.5,-6.0,14.1,14.5
509.115,52,110.0,1544.0,60.0,-1.0,16.08,83.5,-6.0,14.1,14.5
509.204,52,110.0,1544.0,60.0,-1.0,16.08,83.5,-6.0,14.1,14.5
509.33,52,110.0,1544.0,60.0,-1.0,16.08,83.5,-6.0,14.1,14.5
509.473,52,110.0,1544.0,60.0,-1.0,16.08,83.5,-6.0,14.1,14.5
509.565,52,110.0,1544.0,60.0,-1.0,16.3,83.5,-6.0,14.1,14.5
509.657,52,110.0,1544.0,60.0,-1.0,16.3,83.5,-6.0,14.1,14.5
509.804,52,110.0,1544.0,60.0,-1.0,16.3,83.5,-6.0,14.1,14.5
509.924,52,110.0,1544.0,60.0,-1.0,16.3,83.5,-6.0,14.1,14.5
510.074,52,110.0,1544.0,60.0,-1.0,16.3,83.5,-6.0,14.1,14.5
510.164,52,110.0,1544.0,60.0,-1.0,16.3,83.5,-6.0,14.1,14.5
510.254,52,110.0,1544.0,60.0,-1.0,16.3,83.5,-6.0,14.1,14.5
510.373,52,110.0,1546.0,60.0,-1.0,16.3,83.5,-6.0,14.1,14.5
510.554,52,110.0,1546.0,60.0,-1.0,16.3,83.5,-6.0,14.1,14.5
510.675,52,110.0,1546.0,60.0,-1.0,16.3,83.5,-6.0,14.1,14.5
510.768,52,110.0,1546.0,60.0,-1.0,16.02,83.5,-6.0,14.1,14.5
510.86,52,110.0,1546.0,60.0,-1.0,16.02,83.5,-6.0,14.1,14.5
510.974,52,110.0,1546.0,60.0,-1.0,16.02,83.5,-6.0,14.1,14.5
511.123,52,110.0,1546.0,60.0,-1.0,16.02,83.5,-6.0,14.1,14.5
511.215,52,110.0,1546.0,60.0,-1.0,16.02,83.5,-6.0,14.1,14.5
511.307,52,110.0,1546.0,60.0,-1.0,16.02,83.5,-6.0,14.1,14.5
511.424,52,110.0,1546.0,60.0,-1.0,16.02,83.5,-6.0,14.1,14.5
511.574,52,110.0,1545.0,60.0,-1.0,16.02,83.5,-6.0,14.1,14.5
511.67,52,110.0,1545.0,60.0,-1.0,16.02,83.5,-6.0,14.1,14.5
511.758,52,110.0,1545.0,60.0,-1.0,16.02,83.5,-6.0,14.1,14.5
511.903,52,110.0,1545.0,60.0,-1.0,16.02,83.5,-6.0,14.1,14.5
512.024,52,110.0,1545.0,60.0,-1.0,16.02,83.5,-6.0,14.1,14.5
512.173,52,110.0,1545.0,60.0,-1.0,16.02,83.5,-6.0,14.1,14.5
512.267,52,110.0,1545.0,60.0,-1.0,16.02,83.5,-6.0,14.1,14.5
512.354,52,110.0,1545.0,60.0,-1.0,16.02,83.5,-6.0,14.1,14.5
512.473,52,110.0,1545.0,60.0,-1.0,16.02,83.5,-6.0,14.1,14.5
512.627,52,110.0,1545.0,60.0,-1.0,16.02,83.5,-6.0,14.1,14.5
512.719,52,110.0,1543.0,60.0,-1.0,16.02,83.5,-6.0,14.1,14.5
512.804,52,110.0,1543.0,60.0,-1.0,16.02,83.5,-6.0,14.1,14.5
512.955,52,110.0,1543.0,60.0,-1.0,16.02,83.5,-6.0,14.1,14.5
513.074,52,110.0,1543.0,60.0,-1.0,15.91,83.5,-6.0,14.1,14.5
513.224,52,110.0,1543.0,60.0,-1.0,15.91,83.5,-6.0,14.1,14.5
513.314,52,110.0,1543.0,60.0,-1.0,15.91,83.5,-6.0,14.1,14.5
513.404,52,110.0,1543.0,60.0,-1.0,15.91,83.5,-6.0,14.1,14.5
513.524,52,110.0,1543.0,60.0,-1.0,15.91,83.5,-6.0,14.1,14.5
513.704,52,110.0,1543.0,60.0,-1.0,15.91,83.5,-6.0,14.1,14.5
513.83,52,110.0,1543.0,60.0,-1.0,15.91,83.5,-6.0,14.1,14.5
513.918,52,110.0,1540.0,60.0,-1.0,15.91,83.5,-6.0,14.1,14.5
514.008,52,110.0,1540.0,60.0,-1.0,15.91,83.5,-6.0,14.1,14.5
514.124,52,110.0,1540.0,60.0,-1.0,15.91,83.5,-6.0,14.1,14.5
514.274,52,110.0,1540.0,60.0,-1.0,15.77,83.5,-6.0,14.1,14.5
514.365,52,110.0,1540.0,60.0,-1.0,15.77,83.5,-6.0,14.1,14.5
514.454,52,110.0,1540.0,60.0,-1.0,15.77,83.5,-6.0,14.1,14.5
514.574,52,110.0,1540.0,60.0,-1.0,15.77,83.5,-6.0,14.1,14.5
514.724,52,110.0,1540.0,60.0,-1.0,15.77,83.5,-6.0,14.1,14.5
514.815,53,110.0,1540.0,60.0,-1.0,15.77,83.5,-6.0,14.1,14.5
514.967,53,111.0,1540.0,60.0,-1.0,15.77,83.5,-6.0,14.1,14.5
515.055,53,111.0,1538.0,60.0,-1.0,15.77,83.5,-6.0,14.1,14.5
515.174,53,111.0,1538.0,60.0,-1.0,15.77,83.5,-6.0,14.1,14.5
515.324,53,111.0,1538.0,60.0,-1.0,15.77,83.5,-6.0,14.1,14.5
515.415,53,111.0,1538.0,60.0,-1.0,16.63,83.5,-6.0,14.1,14.5
515.508,53,111.0,1538.0,60.0,-1.0,16.63,83.5,-6.0,14.1,14.5
515.595,53,111.0,1538.0,60.0,-1.0,16.63,83.5,-6.0,14.1,14.5
515.719,53,111.0,1538.0,60.0,-1.0,16.63,83.5,-6.0,14.1,14.5
515.836,53,111.0,1538.0,60.0,-1.0,16.63,83.5,-6.0,14.1,14.5
515.984,53,111.0,1538.0,60.0,-1.0,16.63,83.5,-6.0,14.1,14.5
516.074,53,111.0,1538.0,60.0,-1.0,16.63,83.5,-6.0,14.1,14.5
516.164,53,111.0,1547.0,60.0,-1.0,16.63,83.5,-6.0,14.1,14.5
516.254,53,111.0,1547.0,60.0,-1.0,16.63,83.5,-6.0,14.1,14.5
516.344,53,111.0,1547.0,60.0,-1.0,16.63,83.5,-6.0,14.1,14.5
516.464,53,111.0,1547.0,60.0,-1.0,17.08,83.5,-6.0,14.1,14.5
516.614,53,111.0,1547.0,60.0,-1.0,17.08,83.5,-6.0,14.1,14.5
516.827,53,111.0,1547.0,60.0,-1.0,17.08,83.5,-6.0,14.1,14.5
516.917,53,111.0,1547.0,60.0,-1.0,17.08,83.5,-6.0,14.1,14.5
517.009,53,111.0,1547.0,60.0,-1.0,17.08,83.5,-6.0,14.1,14.5
517.094,53,111.0,1547.0,60.0,-1.0,17.08,83.5,-6.0,14.1,14.5
517.214,53,110.0,1547.0,60.0,-1.0,17.08,83.5,-6.0,14.1,14.5
517.363,53,110.0,1543.0,60.0,-1.0,17.08,83.5,-6.0,14.1,14.5
517.454,53,110.0,1543.0,60.0,-1.0,17.08,83.5,-6.0,14.1,14.5
517.545,53,110.0,1543.0,60.0,-1.0,17.08,83.5,-6.0,14.1,14.5
517.664,53,110.0,1543.0,60.0,-1.0,16.77,83.5,-6.0,14.1,14.5
517.784,53,110.0,1543.0,60.0,-1.0,16.77,83.5,-6.0,14.1,14.5
517.877,53,110.0,1543.0,60.0,-1.0,16.77,83.5,-6.0,14.1,14.5
517.97,53,110.0,1543.0,60.0,-1.0,16.77,83.5,-6.0,14.1,14.5
518.058,53,110.0,1543.0,60.0,-1.0,16.77,83.5,-6.0,14.1,14.5
518.173,53,110.0,1543.0,60.0,-1.0,16.77,83.5,-6.0,14.1,14.5
518.324,53,110.0,1543.0,60.0,-1.0,16.77,83.5,-6.0,14.1,14.5
518.414,53,110.0,1547.0,60.0,-1.0,16.77,83.5,-6.0,14.1,14.5
518.507,53,110.0,1547.0,60.0,-1.0,16.77,83.5,-6.0,14.1,14.5
518.596,53,110.0,1547.0,60.0,-1.0,16.77,83.5,-6.0,14.1,14.5
518.714,53,110.0,1547.0,60.0,-1.0,16.63,83.5,-6.0,14.1,14.5
518.868,53,110.0,1547.0,60.0,-1.0,16.63,83.5,-6.0,14.1,14.5
519.024,53,110.0,1547.0,60.0,-1.0,16.63,83.5,-6.0,14.1,14.5
519.193,53,110.0,1547.0,60.0,-1.0,16.63,83.5,-6.0,14.1,14.5
519.313,53,110.0,1547.0,60.0,-1.0,16.63,83.5,-6.0,14.1,14.5
519.463,53,110.0,1547.0,60.0,-1.0,16.63,83.5,-6.0,14.1,14.5
519.554,53,109.0,1547.0,60.0,-1.0,16.63,83.5,-6.0,14.1,14.5
519.709,53,109.0,1541.0,60.0,-1.0,16.63,83.5,-6.0,14.1,14.5
519.858,53,109.0,1541.0,60.0,-1.0,16.63,83.5,-6.0,14.1,14.5
519.946,53,109.0,1541.0,60.0,-1.0,16.63,83.5,-6.0,14.1,14.5
520.064,53,109.0,1541.0,60.0,-1.0,16.36,83.5,-6.0,14.1,14.5
520.214,53,109.0,1541.0,60.0,-1.0,16.36,83.5,-6.0,14.1,14.5
520.305,53,109.0,1541.0,60.0,-1.0,16.36,83.5,-6.0,14.1,14.5
520.394,53,109.0,1541.0,60.0,-1.0,16.36,83.5,-6.0,14.1,14.5
520.513,53,109.0,1541.0,60.0,-1.0,16.36,83.5,-6.0,14.1,14.5
520.664,53,109.0,1541.0,60.0,-1.0,16.36,83.5,-6.0,14.1,14.5
520.755,53,109.0,1541.0,60.0,-1.0,16.36,83.5,-6.0,14.1,14.5
520.848,53,109.0,1546.0,60.0,-1.0,16.36,83.5,-6.0,14.1,14.5
520.964,53,109.0,1546.0,60.0,-1.0,16.36,83.5,-6.0,14.1,14.5
521.114,53,109.0,1546.0,60.0,-1.0,16.36,83.5,-6.0,14.1,14.5
521.204,53,109.0,1546.0,60.0,-1.0,16.55,83.5,-6.0,14.1,14.5
521.295,53,109.0,1546.0,60.0,-1.0,16.55,83.5,-6.0,14.1,14.5
521.414,53,109.0,1546.0,60.0,-1.0,16.55,83.5,-6.0,14.1,14.5
521.564,53,109.0,1546.0,60.0,-1.0,16.55,83.5,-6.0,14.1,14.5
521.657,53,109.0,1546.0,60.0,-1.0,16.55,83.5,-6.0,14.1,14.5
521.75,53,109.0,1546.0,60.0,-1.0,16.55,83.5,-6.0,14.1,14.5
521.834,53,109.0,1546.0,60.0,-1.0,16.55,83.5,-6.0,14.1,14.5
521.984,53,109.0,1540.0,60.0,-1.0,16.55,83.5,-6.0,14.1,14.5
522.073,53,109.0,1540.0,60.0,-1.0,16.55,83.5,-6.0,14.1,14.5
522.164,53,109.0,1540.0,60.0,-1.0,16.55,83.5,-6.0,14.1,14.5
522.253,53,109.0,1540.0,60.0,-1.0,16.47,83.5,-6.0,14.1,14.5
522.344,53,109.0,1540.0,60.0,-1.0,16.47,83.5,-6.0,14.1,14.5
522.464,53,109.0,1540.0,60.0,-1.0,16.47,83.5,-6.0,14.1,14.5
522.615,53,109.0,1540.0,60.0,-1.0,16.47,83.5,-6.0,14.1,14.5
522.706,53,109.0,1540.0,60.0,-1.0,16.47,83.5,-6.0,14.1,14.1
522.914,53,109.0,1540.0,60.0,-1.0,16.47,83.5,-6.0,14.1,14.1
523.004,53,109.0,1540.0,60.0,-1.0,16.47,83.5,-6.0,14.1,14.1
523.095,53,109.0,1547.0,60.0,-1.0,16.47,83.5,-6.0,14.1,14.1
523.213,53,109.0,1547.0,60.0,-1.0,16.47,83.5,-6.0,14.1,14.1
523.363,53,109.0,1547.0,60.0,-1.0,16.47,83.5,-6.0,14.1,14.1
523.454,53,109.0,1547.0,60.0,-1.0,16.47,83.5,-6.0,14.1,14.1
523.544,53,109.0,1547.0,60.0,-1.0,16.47,83.5,-6.0,14.1,14.1
523.664,53,109.0,1547.0,60.0,-1.0,16.47,83.5,-6.0,14.1,14.1
523.784,53,109.0,1547.0,60.0,-1.0,16.47,83.5,-6.0,14.1,14.1
523.878,53,109.0,1547.0,60.0,-1.0,16.47,83.5,-6.0,14.1,14.5
523.968,54,109.0,1547.0,60.0,-1.0,16.47,83.5,-6.0,14.1,14.5
524.058,54,109.0,1547.0,60.0,-1.0,16.47,83.5,-6.0,14.1,14.5
524.144,54,109.0,1540.0,60.0,-1.0,16.47,83.5,-6.0,14.1,14.5
524.264,54,109.0,1540.0,60.0,-1.0,16.47,83.5,-6.0,14.1,14.5
524.414,54,109.0,1540.0,60.0,-1.0,16.47,83.5,-6.0,14.1,14.5
524.508,54,109.0,1540.0,60.0,-1.0,16.41,83.5,-6.0,14.1,14.5
524.595,54,109.0,1540.0,60.0,-1.0,16.41,83.5,-6.0,14.1,14.5
524.714,54,109.0,1540.0,60.0,-1.0,16.41,83.5,-6.0,14.1,14.5
524.865,54,109.0,1540.0,60.0,-1.0,16.41,83.5,-6.0,14.1,14.5
525.013,54,109.0,1540.0,60.0,-1.0,16.41,83.5,-6.0,14.1,14.5
525.105,54,109.0,1540.0,60.0,-1.0,16.41,83.5,-6.0,14.1,14.5
525.194,54,110.0,1540.0,60.0,-1.0,16.41,83.5,-6.0,14.1,14.5
525.318,54,110.0,1543.0,60.0,-1.0,16.41,83.5,-6.0,14.1,14.5
525.464,54,110.0,1543.0,60.0,-1.0,16.41,83.5,-6.0,14.1,14.5
525.555,54,110.0,1543.0,60.0,-1.0,16.41,83.5,-6.0,14.1,14.5
525.644,54,110.0,1543.0,60.0,-1.0,16.47,83.5,-6.0,14.1,14.5
525.856,54,110.0,1543.0,60.0,-1.0,16.47,83.5,-6.0,14.1,14.5
525.948,54,110.0,1543.0,60.0,-1.0,16.47,83.5,-6.0,14.1,14.5
526.063,54,110.0,1543.0,60.0,-1.0,16.47,83.5,-6.0,14.1,14.5
526.214,54,110.0,1543.0,60.0,-1.0,16.47,83.5,-6.0,14.1,14.5
526.306,54,110.0,1543.0,60.0,-1.0,16.47,83.5,-6.0,14.1,14.5
526.394,54,110.0,1543.0,60.0,-1.0,16.47,83.5,-6.0,14.1,14.5
526.515,54,110.0,1542.0,60.0,-1.0,16.47,83.5,-6.0,14.1,14.5
526.634,54,110.0,1542.0,60.0,-1.0,16.47,83.5,-6.0,14.1,14.5
526.846,54,110.0,1542.0,60.0,-1.0,16.47,83.5,-6.0,14.1,14.5
526.964,54,110.0,1542.0,60.0,-1.0,16.77,83.5,-6.0,14.1,14.5
527.113,54,110.0,1542.0,60.0,-1.0,16.77,83.5,-6.0,14.1,14.5
527.205,54,110.0,1542.0,60.0,-1.0,16.77,83.5,-6.0,14.1,14.5
527.294,54,110.0,1542.0,60.0,-1.0,16.77,83.5,-6.0,14.1,14.5
527.413,54,110.0,1542.0,60.0,-1.0,16.77,83.5,-6.0,14.1,14.5
527.564,54,110.0,1542.0,60.0,-1.0,16.77,83.5,-6.0,14.1,14.5
527.658,54,110.0,1542.0,60.0,-1.0,16.77,83.5,-6.0,14.1,14.5
527.747,54,110.0,1543.0,60.0,-1.0,16.77,83.5,-6.0,14.1,14.5
527.834,54,110.0,1543.0,60.0,-1.0,16.77,83.5,-6.0,14.1,14.5
527.986,54,110.0,1543.0,60.0,-1.0,16.77,83.5,-6.0,14.1,14.5
528.103,54,110.0,1543.0,60.0,-1.0,16.69,83.5,-6.0,14.1,14.5
528.253,54,110.0,1543.0,60.0,-1.0,16.69,83.5,-6.0,14.1,14.5
528.345,54,110.0,1543.0,60.0,-1.0,16.69,83.5,-6.0,14.1,14.5
528.464,54,110.0,1543.0,60.0,-1.0,16.69,83.5,-6.0,14.1,14.5
528.614,54,110.0,1543.0,60.0,-1.0,16.69,83.5,-6.0,14.1,14.5
528.712,54,110.0,1543.0,60.0,-1.0,16.69,83.5,-6.0,14.1,14.5
528.824,54,110.0,1543.0,60.0,-1.0,16.69,83.5,-6.0,14.1,14.5
528.917,54,110.0,1546.0,60.0,-1.0,16.69,83.5,-6.0,14.1,14.5
529.01,54,110.0,1546.0,60.0,-1.0,16.69,83.5,-6.0,14.1,14.5
529.094,54,110.0,1546.0,60.0,-1.0,16.69,83.5,-6.0,14.1,14.5
529.214,54,110.0,1546.0,60.0,-1.0,16.36,83.5,-6.0,14.1,14.5
529.364,54,110.0,1546.0,60.0,-1.0,16.36,83.5,-6.0,14.1,14.5
529.455,54,110.0,1546.0,60.0,-1.0,16.36,83.5,-6.0,14.1,14.5
529.544,54,110.0,1546.0,60.0,-1.0,16.36,83.5,-6.0,14.1,14.5
529.635,54,110.0,1546.0,60.0,-1.0,16.36,83.5,-6.0,14.1,14.5
529.757,54,110.0,1546.0,60.0,-1.0,16.36,83.5,-6.0,14.1,14.5
529.877,54,110.0,1546.0,60.0,-1.0,16.36,83.5,-6.0,14.1,14.5
530.024,54,110.0,1542.0,60.0,-1.0,16.36,83.5,-6.0,14.1,14.5
530.114,54,110.0,1542.0,60.0,-1.0,16.36,83.5,-6.0,14.1,14.5
530.204,54,110.0,1542.0,60.0,-1.0,16.36,83.5,-6.0,14.1,14.5
530.294,54,110.0,1542.0,60.0,-1.0,16.19,83.5,-6.0,14.1,14.5
530.384,54,110.0,1542.0,60.0,-1.0,16.19,83.5,-6.0,14.1,14.5
530.563,54,110.0,1542.0,60.0,-1.0,16.19,83.5,-6.0,14.1,14.5
530.654,54,110.0,1542.0,60.0,-1.0,16.19,83.5,-6.0,14.1,14.5
530.745,54,110.0,1542.0,60.0,-1.0,16.19,83.5,-6.0,14.1,14.5
530.904,54,110.0,1542.0,60.0,-1.0,16.19,83.5,-6.0,14.1,14.5
530.99,54,110.0,1542.0,60.0,-1.0,16.19,83.5,-6.0,14.1,14.5
531.104,54,110.0,1544.0,60.0,-1.0,16.19,83.5,-6.0,14.1,14.5
531.254,54,110.0,1544.0,60.0,-1.0,16.19,83.5,-6.0,14.1,14.5
531.344,54,110.0,1544.0,60.0,-1.0,16.19,83.5,-6.0,14.1,14.5
531.463,54,110.0,1544.0,60.0,-1.0,16.63,83.5,-6.0,14.1,14.5
531.613,54,110.0,1544.0,60.0,-1.0,16.63,83.5,-6.0,14.1,14.5
531.708,54,110.0,1544.0,60.0,-1.0,16.63,83.5,-6.0,14.1,14.5
531.891,54,110.0,1544.0,60.0,-1.0,16.63,83.5,-6.0,14.1,14.5
532.003,54,110.0,1544.0,60.0,-1.0,16.63,83.5,-6.0,14.1,14.5
532.154,54,110.0,1544.0,60.0,-1.0,16.63,83.5,-6.0,14.1,14.5
532.244,54,110.0,1544.0,60.0,-1.0,16.63,83.5,-6.0,14.1,14.5
532.364,54,110.0,1540.0,60.0,-1.0,16.63,83.5,-6.0,14.1,14.5
532.514,54,110.0,1540.0,60.0,-1.0,16.63,83.5,-6.0,14.1,14.5
532.608,54,110.0,1540.0,60.0,-1.0,16.63,83.5,-6.0,14.1,14.5
532.697,54,110.0,1540.0,60.0,-1.0,16.58,83.5,-6.0,14.1,14.5
532.784,54,110.0,1540.0,60.0,-1.0,16.58,83.5,-6.0,14.1,14.5
532.903,54,110.0,1540.0,60.0,-1.0,16.58,83.5,-6.0,14.1,14.5
532.994,54,110.0,1540.0,60.0,-1.0,16.58,83.5,-6.0,14.1,14.5
533.084,54,110.0,1540.0,60.0,-1.0,16.58,83.5,-6.0,14.1,14.5
533.202,55,110.0,1540.0,60.0,-1.0,16.58,83.5,-6.0,14.1,14.5
533.353,55,110.0,1540.0,60.0,-1.0,16.58,83.5,-6.0,14.1,14.5
533.444,55,110.0,1544.0,60.0,-1.0,16.58,83.5,-6.0,14.1,14.5
533.563,55,110.0,1544.0,60.0,-1.0,16.58,83.5,-6.0,14.1,14.5
533.713,55,110.0,1544.0,60.0,-1.0,16.58,83.5,-6.0,14.1,14.5
533.867,55,110.0,1544.0,60.0,-1.0,16.47,83.5,-6.0,14.1,14.5
533.966,55,110.0,1544.0,60.0,-1.0,16.47,83.5,-6.0,14.1,14.5
534.133,55,110.0,1544.0,60.0,-1.0,16.47,83.5,-6.0,14.1,14.5
534.254,55,110.0,1544.0,60.0,-1.0,16.47,83.5,-6.0,14.1,14.5
534.404,55,110.0,1544.0,60.0,-1.0,16.47,83.5,-6.0,14.1,14.1
534.494,55,110.0,1544.0,60.0,-1.0,16.47,83.5,-6.0,14.1,14.1
534.585,55,110.0,1544.0,60.0,-1.0,16.47,83.5,-6.0,14.1,14.1
534.703,55,110.0,1543.0,60.0,-1.0,16.47,83.5,-6.0,14.1,14.1
534.827,55,110.0,1543.0,60.0,-1.0,16.47,83.5,-6.0,14.1,14.1
535.004,55,110.0,1543.0,60.0,-1.0,16.47,83.5,-6.0,14.1,14.1
535.094,55,110.0,1543.0,60.0,-1.0,16.47,83.5,-6.0,14.1,14.1
535.184,55,110.0,1543.0,60.0,-1.0,16.47,83.5,-6.0,14.1,14.1
535.303,55,110.0,1543.0,60.0,-1.0,16.47,83.5,-6.0,14.1,14.1
535.453,55,110.0,1543.0,60.0,-1.0,16.47,83.5,-6.0,14.1,14.1
535.548,55,110.0,1543.0,60.0,-1.0,16.47,83.5,-6.0,14.1,14.5
535.639,55,110.0,1543.0,60.0,-1.0,16.47,83.5,-6.0,14.1,14.5
535.754,55,110.0,1543.0,60.0,-1.0,16.47,83.5,-6.0,14.1,14.5
535.964,55,110.0,1543.0,60.0,-1.0,16.47,83.5,-6.0,14.1,14.5
536.054,55,110.0,1543.0,60.0,-1.0,16.47,83.5,-6.0,14.1,14.5
536.144,55,110.0,1543.0,60.0,-1.0,16.47,83.5,-6.0,14.1,14.5
536.234,55,110.0,1543.0,60.0,-1.0,16.41,83.5,-6.0,14.1,14.5
536.353,55,110.0,1543.0,60.0,-1.0,16.41,83.5,-6.0,14.1,14.5
536.503,55,110.0,1543.0,60.0,-1.0,16.41,83.5,-6.0,14.1,14.5
536.597,55,110.0,1543.0,60.0,-1.0,16.41,83.5,-6.0,14.1,14.5
536.686,55,110.0,1543.0,60.0,-1.0,16.41,83.5,-6.0,14.1,14.5
536.804,55,110.0,1543.0,60.0,-1.0,16.41,83.5,-6.0,14.1,14.5
536.924,55,110.0,1543.0,60.0,-1.0,16.41,83.5,-6.0,14.1,14.5
537.018,55,110.0,1543.0,60.0,-1.0,16.41,83.5,-6.0,14.1,14.5
537.104,55,110.0,1543.0,60.0,-1.0,16.41,83.5,-6.0,14.1,14.5
537.194,55,110.0,1543.0,60.0,-1.0,16.41,83.5,-6.0,14.1,14.5
537.284,55,110.0,1543.0,60.0,-1.0,16.41,83.5,-6.0,14.1,14.5
537.404,55,110.0,1543.0,60.0,-1.0,16.41,83.5,-6.0,14.1,14.5
537.554,55,110.0,1543.0,60.0,-1.0,16.41,83.5,-6.0,14.1,14.5
537.644,55,110.0,1543.0,60.0,-1.0,16.41,83.5,-6.0,14.1,14.5
537.734,55,110.0,1543.0,60.0,-1.0,16.41,83.5,-6.0,14.1,14.5
537.914,55,110.0,1543.0,60.0,-1.0,16.41,83.5,-6.0,14.1,14.5
538.066,55,110.0,1543.0,60.0,-1.0,16.41,83.5,-6.0,14.1,14.5
538.154,55,110.0,1541.0,60.0,-1.0,16.41,83.5,-6.0,14.1,14.5
538.245,55,110.0,1541.0,60.0,-1.0,16.41,83.5,-6.0,14.1,14.5
538.334,55,110.0,1541.0,60.0,-1.0,16.41,83.5,-6.0,14.1,14.5
538.454,55,110.0,1541.0,60.0,-1.0,16.19,83.5,-6.0,14.1,14.5
538.606,55,110.0,1541.0,60.0,-1.0,16.19,83.5,-6.0,14.1,14.5
538.699,55,110.0,1541.0,60.0,-1.0,16.19,83.5,-6.0,14.1,14.5
538.787,55,110.0,1541.0,60.0,-1.0,16.19,83.5,-6.0,14.1,14.5
538.904,55,110.0,1541.0,60.0,-1.0,16.19,83.5,-6.0,14.1,14.5
538.997,55,110.0,1541.0,60.0,-1.0,16.19,83.5,-6.0,14.1,14.5
539.084,55,110.0,1541.0,60.0,-1.0,16.19,83.5,-6.0,14.1,14.5
539.204,55,110.0,1545.0,60.0,-1.0,16.19,83.5,-6.0,14.1,14.5
539.353,55,110.0,1545.0,60.0,-1.0,16.19,83.5,-6.0,14.1,14.5
539.445,55,110.0,1545.0,60.0,-1.0,16.19,83.5,-6.0,14.1,14.5
539.534,55,110.0,1545.0,60.0,-1.0,16.66,83.5,-6.0,14.1,14.5
539.658,55,110.0,1545.0,60.0,-1.0,16.66,83.5,-6.0,14.1,14.5
539.806,55,110.0,1545.0,60.0,-1.0,16.66,83.5,-6.0,14.1,14.5
539.897,55,110.0,1545.0,60.0,-1.0,16.66,83.5,-6.0,14.1,14.5
540.051,55,110.0,1545.0,60.0,-1.0,16.66,83.5,-6.0,14.1,14.5
540.133,55,110.0,1545.0,60.0,-1.0,16.66,83.5,-6.0,14.1,14.5
540.254,55,110.0,1545.0,60.0,-1.0,16.66,83.5,-6.0,14.1,14.5
540.403,55,110.0,1546.0,60.0,-1.0,16.66,83.5,-6.0,14.1,14.5
540.494,55,110.0,1546.0,60.0,-1.0,16.66,83.5,-6.0,14.1,14.5
540.587,55,110.0,1546.0,60.0,-1.0,16.66,83.5,-6.0,14.1,14.5
540.704,55,110.0,1546.0,60.0,-1.0,16.3,83.5,-6.0,14.1,14.5
540.853,55,110.0,1546.0,60.0,-1.0,16.3,83.5,-6.0,14.1,14.5
541.003,55,110.0,1546.0,60.0,-1.0,16.3,83.5,-6.0,14.1,14.5
541.095,55,110.0,1546.0,60.0,-1.0,16.3,83.5,-6.0,14.1,14.5
541.184,55,110.0,1546.0,60.0,-1.0,16.3,83.5,-6.0,14.1,14.5
541.303,55,110.0,1546.0,60.0,-1.0,16.3,83.5,-6.0,14.1,14.5
541.453,55,110.0,1546.0,60.0,-1.0,16.3,83.5,-6.0,14.1,14.5
541.546,55,110.0,1543.0,60.0,-1.0,16.3,83.5,-6.0,14.1,14.5
541.636,55,110.0,1543.0,60.0,-1.0,16.3,83.5,-6.0,14.1,14.5
541.753,55,110.0,1543.0,60.0,-2.0,16.3,83.5,-6.0,14.1,14.5
541.874,55,110.0,1543.0,60.0,-2.0,16.55,83.5,-6.0,14.1,14.5
541.968,55,110.0,1543.0,60.0,-2.0,16.55,83.5,-6.0,14.1,14.5
542.053,55,110.0,1543.0,60.0,-2.0,16.55,83.5,-6.0,14.1,14.5
542.144,55,110.0,1543.0,60.0,-2.0,16.55,83.5,-6.0,14.1,14.5
542.234,55,110.0,1543.0,60.0,-2.0,16.55,83.5,-6.0,14.1,14.5
542.353,55,110.0,1543.0,60.0,-2.0,16.55,83.5,-6.0,14.1,14.5
542.504,55,109.0,1543.0,60.0,-2.0,16.55,83.5,-6.0,14.1,14.5
542.595,55,109.0,1556.0,60.0,-2.0,16.55,83.5,-6.0,14.1,14.5
542.713,55,109.0,1556.0,60.0,-2.0,16.55,83.5,-6.0,14.1,14.5
542.897,55,109.0,1556.0,60.0,-1.0,16.55,83.5,-6.0,14.1,14.5
542.984,55,109.0,1556.0,60.0,-1.0,15.88,83.5,-6.0,14.1,14.5
543.103,55,109.0,1556.0,60.0,-1.0,15.88,83.5,-6.0,14.1,14.5
543.253,55,109.0,1556.0,60.0,-1.0,15.88,83.5,-6.0,14.1,14.5
543.348,55,109.0,1556.0,60.0,-1.0,15.88,83.5,-6.0,14.1,14.5
543.436,55,109.0,1556.0,60.0,-1.0,15.88,83.5,-6.0,14.1,14.5
543.553,55,109.0,1556.0,60.0,-1.0,15.88,83.5,-6.0,14.1,14.5
543.703,55,106.0,1556.0,60.0,-1.0,15.88,83.5,-6.0,14.1,14.5
543.799,55,106.0,1575.0,60.0,-1.0,15.88,83.5,-6.0,14.1,14.5
543.918,55,106.0,1575.0,61.0,-1.0,15.88,83.5,-6.0,14.1,14.5
544.033,55,106.0,1575.0,61.0,-2.0,15.88,83.5,-6.0,14.1,14.5
544.153,55,106.0,1575.0,61.0,-2.0,14.05,83.5,-6.0,14.1,14.5
544.303,55,106.0,1575.0,61.0,-2.0,14.05,83.5,-6.0,14.1,14.5
544.397,55,106.0,1575.0,61.0,-2.0,14.05,83.5,-6.0,14.1,14.5
544.485,55,106.0,1575.0,61.0,-2.0,14.05,83.5,-6.0,14.1,14.5
544.577,55,106.0,1575.0,61.0,-2.0,14.05,83.5,-6.0,14.1,14.5
544.693,56,106.0,1575.0,61.0,-2.0,14.05,83.5,-6.0,14.1,14.5
544.906,56,102.0,1575.0,61.0,-2.0,14.05,83.5,-6.0,14.1,14.5
544.994,56,102.0,1575.0,61.0,-2.0,14.05,83.5,-6.0,14.1,14.5
545.113,56,102.0,1575.0,61.0,-2.0,14.05,83.5,-6.0,14.1,14.5
545.264,56,102.0,1575.0,61.0,-2.0,14.05,83.5,-6.0,14.1,14.5
545.354,56,102.0,1575.0,61.0,-2.0,14.3,83.5,-6.0,14.1,14.5
545.447,56,102.0,1575.0,61.0,-2.0,14.3,83.5,-6.0,14.1,14.5
545.536,56,102.0,1575.0,61.0,-2.0,14.3,83.5,-6.0,14.1,14.5
545.627,56,102.0,1575.0,61.0,-2.0,14.3,83.5,-6.0,14.1,14.5
545.745,56,102.0,1575.0,61.0,-2.0,14.3,83.5,-6.0,14.1,14.5
545.866,56,102.0,1575.0,61.0,-2.0,14.3,83.5,-6.0,14.1,14.5
545.959,56,100.0,1575.0,61.0,-2.0,14.3,83.5,-6.0,14.1,14.5
546.044,56,100.0,1582.0,61.0,-2.0,14.3,83.5,-6.0,14.1,14.5
546.134,56,100.0,1582.0,62.0,-2.0,14.3,83.5,-6.0,14.1,14.5
546.224,56,100.0,1582.0,62.0,-2.0,14.3,83.5,-6.0,14.1,14.5
546.343,56,100.0,1582.0,62.0,-2.0,14.88,83.5,-6.0,14.1,14.5
546.493,56,100.0,1582.0,62.0,-2.0,14.88,83.5,-6.0,14.1,14.5
546.586,56,100.0,1582.0,62.0,-2.0,14.88,83.5,-6.0,14.1,14.5
546.704,56,100.0,1582.0,62.0,-2.0,14.88,83.5,-6.0,14.1,14.5
546.797,56,100.0,1582.0,62.0,-2.0,14.88,83.5,-6.0,14.1,14.5
546.945,56,100.0,1582.0,62.0,-2.0,14.88,83.5,-6.0,14.1,14.5
547.005,56,99.0,1582.0,62.0,-2.0,14.88,83.5,-6.0,14.1,14.5
547.153,56,99.0,1573.0,62.0,-2.0,14.88,83.5,-6.0,14.1,14.5
547.244,56,99.0,1573.0,61.0,-2.0,14.88,83.5,-6.0,14.1,14.5
547.334,56,99.0,1573.0,61.0,-2.0,14.88,83.5,-6.0,14.1,14.5
547.453,56,99.0,1573.0,61.0,-2.0,14.99,83.5,-6.0,14.1,14.5
547.604,56,99.0,1573.0,61.0,-2.0,14.99,83.5,-6.0,14.1,14.5
547.696,56,99.0,1573.0,61.0,-2.0,14.99,83.5,-6.0,14.1,14.5
547.787,56,99.0,1573.0,61.0,-2.0,14.99,83.5,-6.0,14.1,14.5
547.877,56,99.0,1573.0,61.0,-2.0,14.99,83.5,-6.0,14.1,14.1
548.024,56,99.0,1573.0,61.0,-2.0,14.99,83.5,-6.0,14.1,14.1
548.143,56,106.0,1573.0,61.0,-2.0,14.99,83.5,-6.0,14.1,14.1
548.293,56,106.0,1553.0,61.0,-2.0,14.99,83.5,-6.0,14.1,14.1
548.387,56,106.0,1553.0,61.0,-2.0,14.99,83.5,-6.0,14.1,14.1
548.477,56,106.0,1553.0,61.0,-2.0,14.99,83.5,-6.0,14.1,14.1
548.593,56,106.0,1553.0,61.0,-2.0,16.36,83.5,-6.0,14.1,14.1
548.745,56,106.0,1553.0,61.0,-2.0,16.36,83.5,-6.0,14.1,14.1
548.837,56,106.0,1553.0,61.0,-2.0,16.36,83.5,-6.0,14.1,14.1
548.925,56,106.0,1553.0,61.0,-2.0,16.36,83.5,-6.0,14.1,14.1
549.073,56,106.0,1553.0,61.0,-2.0,16.36,83.5,-6.0,14.1,14.5
549.193,56,106.0,1553.0,61.0,-2.0,16.36,83.5,-6.0,14.1,14.5
549.346,56,117.0,1553.0,61.0,-2.0,16.36,83.5,-6.0,14.1,14.5
549.433,56,117.0,1557.0,61.0,-2.0,16.36,83.5,-6.0,14.1,14.5
549.523,56,117.0,1557.0,61.0,-2.0,16.36,83.5,-6.0,14.1,14.5
549.643,56,117.0,1557.0,61.0,-1.0,16.36,83.5,-6.0,14.1,14.5
549.793,56,117.0,1557.0,61.0,-1.0,17.08,83.5,-6.0,14.1,14.5
549.976,56,117.0,1557.0,61.0,-1.0,17.08,83.5,-6.0,14.1,14.5
550.093,56,117.0,1557.0,61.0,-1.0,17.08,83.5,-6.0,14.1,14.5
550.184,56,117.0,1557.0,61.0,-1.0,17.08,83.5,-6.0,14.1,14.5
550.275,56,117.0,1557.0,61.0,-1.0,17.08,83.5,-6.0,14.1,14.5
550.393,56,117.0,1557.0,61.0,-1.0,17.08,83.5,-6.0,14.1,14.5
550.543,56,120.0,1557.0,61.0,-1.0,17.08,83.5,-6.0,14.1,14.5
550.638,56,120.0,1545.0,61.0,-1.0,17.08,83.5,-6.0,14.1,14.5
550.724,56,120.0,1545.0,60.0,-1.0,17.08,83.5,-6.0,14.1,14.5
550.843,56,120.0,1545.0,60.0,-1.0,17.08,83.5,-6.0,14.1,14.5
550.993,56,120.0,1545.0,60.0,-1.0,17.08,83.5,-6.0,14.1,14.5
551.144,56,120.0,1545.0,60.0,-1.0,17.08,83.5,-6.0,14.1,14.5
551.235,56,120.0,1545.0,60.0,-1.0,17.08,83.5,-6.0,14.1,14.5
551.324,56,120.0,1545.0,60.0,-1.0,17.08,83.5,-6.0,14.1,14.5
551.443,56,120.0,1545.0,60.0,-1.0,17.08,83.5,-6.0,14.1,14.5
551.594,56,120.0,1545.0,60.0,-1.0,17.08,83.5,-6.0,14.1,14.5
551.684,56,121.0,1545.0,60.0,-1.0,17.08,83.5,-6.0,14.1,14.5
551.773,56,121.0,1534.0,60.0,-1.0,17.08,83.5,-6.0,14.1,14.5
551.893,56,121.0,1534.0,60.0,-1.0,17.08,83.5,-6.0,14.1,14.5
552.013,56,121.0,1534.0,60.0,-2.0,17.08,83.5,-6.0,14.1,14.5
552.105,56,121.0,1534.0,60.0,-2.0,16.94,83.5,-6.0,14.1,14.5
552.194,56,121.0,1534.0,60.0,-2.0,16.94,83.5,-6.0,14.1,14.5
552.285,56,121.0,1534.0,60.0,-2.0,16.94,83.5,-6.0,14.1,14.5
552.374,56,121.0,1534.0,60.0,-2.0,16.94,83.5,-6.0,14.1,14.5
552.493,56,121.0,1534.0,60.0,-2.0,16.94,83.5,-6.0,14.1,14.5
552.644,56,121.0,1534.0,60.0,-2.0,16.94,83.5,-6.0,14.1,14.5
552.738,56,114.0,1534.0,60.0,-2.0,16.94,83.5,-6.0,14.1,14.5
552.826,56,114.0,1524.0,60.0,-2.0,16.94,83.5,-6.0,14.1,14.5
552.913,56,114.0,1524.0,59.0,-2.0,16.94,83.5,-6.0,14.1,14.5
553.093,56,114.0,1524.0,59.0,-2.0,16.94,83.5,-6.0,14.1,14.5
553.185,56,114.0,1524.0,59.0,-2.0,14.63,83.5,-6.0,14.1,14.5
553.275,56,114.0,1524.0,59.0,-2.0,14.63,83.5,-6.0,14.1,14.5
553.394,56,114.0,1524.0,59.0,-2.0,14.63,83.5,-6.0,14.1,14.5
553.543,56,114.0,1524.0,59.0,-2.0,14.63,83.5,-6.0,14.1,14.5
553.637,56,114.0,1524.0,59.0,-2.0,14.63,83.5,-6.0,14.1,14.5
553.726,56,114.0,1524.0,59.0,-2.0,14.63,83.5,-6.0,14.1,14.5
553.847,56,101.0,1524.0,59.0,-2.0,14.63,83.5,-6.0,14.1,14.5
554.003,56,101.0,1515.0,59.0,-2.0,14.63,83.5,-6.0,14.1,14.5
554.144,56,101.0,1515.0,59.0,-2.0,14.63,83.5,-6.0,14.1,14.5
554.235,56,101.0,1515.0,59.0,-2.0,14.63,83.5,-6.0,14.1,14.5
554.329,56,101.0,1515.0,59.0,-2.0,13.94,83.5,-6.0,14.1,14.5
554.443,56,101.0,1515.0,59.0,-2.0,13.94,83.5,-6.0,14.1,14.5
554.593,56,101.0,1515.0,59.0,-2.0,13.94,83.5,-6.0,14.1,14.5
554.688,56,101.0,1515.0,59.0,-2.0,13.94,83.5,-6.0,14.1,14.5
554.776,56,101.0,1515.0,59.0,-2.0,13.94,83.5,-6.0,14.1,14.5
554.894,56,101.0,1515.0,59.0,-2.0,13.94,83.5,-6.0,14.1,14.5
554.957,56,103.0,1515.0,59.0,-2.0,13.94,83.5,-6.0,14.1,14.5
555.102,56,103.0,1506.0,59.0,-2.0,13.94,83.5,-6.0,14.1,14.5
555.193,56,103.0,1506.0,59.0,-2.0,13.94,83.5,-6.0,14.1,14.5
555.283,56,103.0,1506.0,59.0,-2.0,13.94,83.5,-6.0,14.1,14.5
555.375,56,103.0,1506.0,59.0,-2.0,14.99,83.5,-6.0,14.1,14.5
555.493,56,103.0,1506.0,59.0,-2.0,14.99,83.5,-6.0,14.1,14.5
555.643,56,103.0,1506.0,59.0,-2.0,14.99,83.5,-6.0,14.1,14.5
555.738,56,103.0,1506.0,59.0,-2.0,14.99,83.5,-6.0,14.1,14.5
555.826,56,103.0,1506.0,59.0,-2.0,14.99,83.5,-6.0,14.1,14.5
556.005,56,103.0,1506.0,59.0,-2.0,14.99,83.5,-6.0,14.1,14.5
556.123,56,108.0,1506.0,59.0,-2.0,14.99,83.5,-6.0,14.1,14.5
556.242,56,108.0,1499.0,59.0,-2.0,14.99,83.5,-6.0,14.1,14.5
556.393,56,108.0,1499.0,58.0,-2.0,14.99,83.5,-6.0,14.1,14.5
556.485,56,108.0,1499.0,58.0,-2.0,14.99,83.5,-6.0,14.1,14.5
556.574,56,108.0,1499.0,58.0,-2.0,16.38,83.5,-6.0,14.1,14.5
556.693,56,108.0,1499.0,58.0,-2.0,16.38,83.5,-6.0,14.1,14.5
556.844,56,108.0,1499.0,58.0,-2.0,16.38,83.5,-6.0,14.1,14.5
556.909,56,108.0,1499.0,58.0,-2.0,16.38,83.5,-6.0,14.1,14.5
557.057,56,108.0,1499.0,58.0,-2.0,16.38,83.5,-6.0,14.1,14.5
557.144,56,108.0,1499.0,58.0,-2.0,16.38,83.5,-6.0,14.1,14.5
557.233,56,113.0,1499.0,58.0,-2.0,16.38,83.5,-6.0,14.1,14.5
557.323,56,113.0,1501.0,58.0,-2.0,16.38,83.5,-6.0,14.1,14.5
557.444,56,113.0,1501.0,58.0,-2.0,16.38,83.5,-6.0,14.1,14.5
557.594,56,113.0,1501.0,58.0,-2.0,16.38,83.5,-6.0,14.1,14.5
557.687,56,113.0,1501.0,58.0,-2.0,17.19,83.5,-6.0,14.1,14.5
557.777,56,113.0,1501.0,58.0,-2.0,17.19,83.5,-6.0,14.1,14.5
557.894,56,113.0,1501.0,58.0,-2.0,17.19,83.5,-6.0,14.1,14.5
557.959,56,113.0,1501.0,58.0,-2.0,17.19,83.5,-6.0,14.1,14.5
558.105,56,113.0,1501.0,58.0,-2.0,17.19,83.5,-6.0,14.1,14.5
558.194,56,113.0,1501.0,58.0,-2.0,17.19,83.5,-6.0,14.1,14.5
558.284,56,115.0,1501.0,58.0,-2.0,17.19,83.5,-6.0,14.1,14.5
558.374,56,115.0,1506.0,58.0,-2.0,17.19,83.5,-6.0,14.1,14.5
558.494,56,115.0,1506.0,59.0,-2.0,17.19,83.5,-6.0,14.1,14.5
558.644,56,115.0,1506.0,59.0,-1.0,17.19,83.5,-6.0,14.1,14.5
558.74,56,115.0,1506.0,59.0,-1.0,17.3,83.5,-6.0,14.1,14.5
558.828,56,115.0,1506.0,59.0,-1.0,17.3,83.5,-6.0,14.1,14.5
558.978,56,115.0,1506.0,59.0,-1.0,17.3,83.5,-6.0,14.1,14.5
559.095,56,115.0,1506.0,59.0,-1.0,17.3,83.5,-6.0,14.1,14.5
559.156,56,115.0,1506.0,59.0,-1.0,17.3,83.5,-6.0,14.1,14.5
559.304,56,115.0,1506.0,59.0,-1.0,17.3,83.5,-6.0,14.1,14.5
559.395,56,116.0,1506.0,59.0,-1.0,17.3,83.5,-6.0,14.1,14.5
559.485,56,116.0,1513.0,59.0,-1.0,17.3,83.5,-6.0,14.1,14.5
559.579,56,116.0,1513.0,59.0,-1.0,17.3,83.5,-6.0,14.1,14.5
559.668,56,116.0,1513.0,59.0,-2.0,17.3,83.5,-6.0,14.1,14.5
559.789,56,116.0,1513.0,59.0,-2.0,17.44,83.5,-6.0,14.1,14.5
559.994,56,116.0,1513.0,59.0,-2.0,17.44,83.5,-6.0,14.1,14.5
560.085,56,116.0,1513.0,59.0,-2.0,17.44,83.5,-6.0,14.1,14.5
560.175,56,116.0,1513.0,59.0,-2.0,17.44,83.5,-6.0,14.1,14.5
560.265,56,116.0,1513.0,59.0,-2.0,17.44,83.5,-6.0,14.1,14.5
560.384,56,116.0,1513.0,59.0,-2.0,17.44,83.5,-6.0,14.1,14.5
560.534,56,116.0,1513.0,59.0,-2.0,17.44,83.5,-6.0,14.1,14.5
560.626,56,116.0,1520.0,59.0,-2.0,17.44,83.5,-6.0,14.1,14.5
560.716,56,116.0,1520.0,59.0,-2.0,17.44,83.5,-6.0,14.1,14.5
560.837,56,116.0,1520.0,59.0,-2.0,17.44,83.5,-6.0,14.1,14.5
560.963,56,116.0,1520.0,59.0,-2.0,17.52,83.5,-6.0,14.1,14.5
561.046,56,116.0,1520.0,59.0,-2.0,17.52,83.5,-6.0,14.1,14.5
561.225,56,116.0,1520.0,59.0,-2.0,17.52,83.5,-6.0,14.1,14.5
561.32,56,116.0,1520.0,59.0,-2.0,17.52,83.5,-6.0,14.1,14.5
561.434,56,116.0,1520.0,59.0,-2.0,17.52,83.5,-6.0,14.1,14.5
561.585,56,116.0,1520.0,59.0,-2.0,17.52,83.5,-6.0,14.1,14.5
561.705,56,116.0,1520.0,59.0,-2.0,17.52,83.5,-6.0,14.1,14.5
561.859,56,116.0,1521.0,59.0,-2.0,17.52,83.5,-6.0,14.1,14.5
561.945,56,116.0,1521.0,59.0,-2.0,17.52,83.5,-6.0,14.1,14.5
562.125,56,116.0,1521.0,59.0,-2.0,17.52,83.5,-6.0,14.1,14.5
562.245,56,116.0,1521.0,59.0,-2.0,17.22,83.5,-6.0,14.1,14.5
562.336,56,116.0,1521.0,59.0,-2.0,17.22,83.5,-6.0,14.1,14.5
562.427,56,116.0,1521.0,59.0,-2.0,17.22,83.5,-6.0,14.1,14.5
562.515,56,116.0,1521.0,59.0,-2.0,17.22,83.5,-6.0,14.1,14.5
562.635,56,116.0,1521.0,59.0,-2.0,17.22,83.5,-6.0,14.1,14.5
562.785,57,116.0,1521.0,59.0,-2.0,17.22,83.5,-6.0,14.1,14.5
562.938,57,116.0,1521.0,59.0,-2.0,17.22,83.5,-6.0,14.1,14.5
563.055,57,116.0,1526.0,59.0,-2.0,17.22,83.5,-6.0,14.1,14.5
563.145,57,116.0,1526.0,59.0,-2.0,17.22,83.5,-6.0,14.1,14.5
563.235,57,116.0,1526.0,59.0,-2.0,17.22,83.5,-6.0,14.1,14.5
563.325,57,116.0,1526.0,59.0,-2.0,17.55,83.5,-6.0,14.1,14.5
563.415,57,116.0,1526.0,59.0,-2.0,17.55,83.5,-6.0,14.1,14.5
563.534,57,116.0,1526.0,59.0,-2.0,17.55,83.5,-6.0,14.1,14.5
563.685,57,116.0,1526.0,59.0,-2.0,17.55,83.5,-6.0,14.1,14.5
563.78,57,116.0,1526.0,59.0,-2.0,17.55,83.5,-6.0,14.1,14.5
563.868,57,116.0,1526.0,59.0,-2.0,17.55,83.5,-6.0,14.1,14.5
563.994,57,116.0,1526.0,59.0,-2.0,17.55,83.5,-6.0,14.1,14.5
564.105,57,116.0,1528.0,59.0,-2.0,17.55,83.5,-6.0,14.1,14.5
564.255,57,116.0,1528.0,59.0,-2.0,17.55,83.5,-6.0,14.1,14.5
564.347,57,116.0,1528.0,59.0,-2.0,17.55,83.5,-6.0,14.1,14.5
564.437,57,116.0,1528.0,59.0,-2.0,17.13,83.5,-6.0,14.1,14.5
564.527,57,116.0,1528.0,59.0,-2.0,17.13,83.5,-6.0,14.1,14.5
564.616,57,116.0,1528.0,59.0,-2.0,17.13,83.5,-6.0,14.1,14.5
564.735,57,116.0,1528.0,59.0,-2.0,17.13,83.5,-6.0,14.1,14.5
564.885,57,116.0,1528.0,59.0,-2.0,17.13,83.5,-6.0,14.1,14.5
564.977,57,116.0,1528.0,59.0,-2.0,17.13,83.5,-6.0,14.1,14.5
565.155,57,115.0,1528.0,59.0,-2.0,17.13,83.5,-6.0,14.1,14.5
565.278,57,115.0,1530.0,59.0,-2.0,17.13,83.5,-6.0,14.1,14.5
565.366,57,115.0,1530.0,59.0,-2.0,17.13,83.5,-6.0,14.1,14.5
565.485,57,115.0,1530.0,59.0,-2.0,17.13,83.5,-6.0,14.1,14.5
565.635,57,115.0,1530.0,59.0,-2.0,17.52,83.5,-6.0,14.1,14.5
565.726,57,115.0,1530.0,59.0,-2.0,17.52,83.5,-6.0,14.1,14.5
565.816,57,115.0,1530.0,59.0,-2.0,17.52,83.5,-6.0,14.1,14.5
565.937,57,115.0,1530.0,59.0,-2.0,17.52,83.5,-6.0,14.1,14.5
566.086,57,115.0,1530.0,59.0,-2.0,17.52,83.5,-6.0,14.1,14.5
566.178,57,115.0,1530.0,59.0,-2.0,17.52,83.5,-6.0,14.1,14.5
566.269,57,116.0,1530.0,59.0,-2.0,17.52,83.5,-6.0,14.1,14.5
566.386,57,116.0,1533.0,59.0,-2.0,17.52,83.5,-6.0,14.1,14.5
566.538,57,116.0,1533.0,60.0,-2.0,17.52,83.5,-6.0,14.1,14.5
566.661,57,116.0,1533.0,60.0,-2.0,17.52,83.5,-6.0,14.1,14.5
566.749,57,116.0,1533.0,60.0,-2.0,17.61,83.5,-6.0,14.1,14.5
566.84,57,116.0,1533.0,60.0,-2.0,17.61,83.5,-6.0,14.1,14.5
566.99,57,116.0,1533.0,60.0,-2.0,17.61,83.5,-6.0,14.1,14.5
567.078,57,116.0,1533.0,60.0,-2.0,17.61,83.5,-6.0,14.1,14.5
567.166,57,116.0,1533.0,60.0,-2.0,17.61,83.5,-6.0,14.1,14.5
567.286,57,116.0,1533.0,60.0,-2.0,17.61,83.5,-6.0,14.1,14.5
567.436,57,116.0,1533.0,60.0,-2.0,17.61,83.5,-6.0,14.1,14.5
567.53,57,116.0,1541.0,60.0,-2.0,17.61,83.5,-6.0,14.1,14.5
567.62,57,116.0,1541.0,60.0,-2.0,17.61,83.5,-6.0,14.1,14.5
567.736,57,116.0,1541.0,60.0,-2.0,17.61,83.5,-6.0,14.1,14.5
567.886,57,116.0,1541.0,60.0,-2.0,17.55,83.5,-6.0,14.1,14.5
567.949,57,116.0,1541.0,60.0,-2.0,17.55,83.5,-6.0,14.1,14.5
568.04,57,116.0,1541.0,60.0,-2.0,17.55,83.5,-6.0,14.1,14.5
568.127,57,116.0,1541.0,60.0,-2.0,17.55,83.5,-6.0,14.1,14.5
568.216,57,116.0,1541.0,60.0,-2.0,17.55,83.5,-6.0,14.1,14.5
568.337,57,116.0,1541.0,60.0,-2.0,17.55,83.5,-6.0,14.1,14.5
568.428,57,115.0,1541.0,60.0,-2.0,17.55,83.5,-6.0,14.1,14.5
568.519,57,115.0,1544.0,60.0,-2.0,17.55,83.5,-6.0,14.1,14.5
568.637,57,115.0,1544.0,60.0,-2.0,17.55,83.5,-6.0,14.1,14.5
568.789,57,115.0,1544.0,60.0,-2.0,17.55,83.5,-6.0,14.1,14.5
568.881,57,115.0,1544.0,60.0,-2.0,16.91,83.5,-6.0,14.1,14.5
568.996,57,115.0,1544.0,60.0,-2.0,16.91,83.5,-6.0,14.1,14.5
569.087,57,115.0,1544.0,60.0,-2.0,16.91,83.5,-6.0,14.1,14.5
569.177,57,115.0,1544.0,60.0,-2.0,16.91,83.5,-6.0,14.1,14.5
569.267,57,115.0,1544.0,60.0,-2.0,16.91,83.5,-6.0,14.1,14.5
569.386,57,115.0,1544.0,60.0,-2.0,16.91,83.5,-6.0,14.1,14.5
569.541,57,115.0,1544.0,60.0,-2.0,16.91,83.5,-6.0,14.1,14.5
569.631,57,115.0,1544.0,60.0,-2.0,16.91,83.5,-6.0,14.1,14.5
569.72,57,115.0,1544.0,60.0,-2.0,16.91,83.5,-6.0,14.1,14.5
569.839,57,115.0,1544.0,60.0,-2.0,16.91,83.5,-6.0,14.1,14.5
569.957,57,115.0,1544.0,60.0,-2.0,16.94,83.5,-6.0,14.1,14.5
570.05,57,115.0,1544.0,60.0,-2.0,16.94,83.5,-6.0,14.1,14.5
570.138,57,115.0,1544.0,60.0,-2.0,16.94,83.5,-6.0,14.1,14.5
570.227,57,115.0,1544.0,60.0,-2.0,16.94,83.5,-6.0,14.1,14.5
570.318,57,115.0,1544.0,60.0,-2.0,16.94,83.5,-6.0,14.1,14.5
570.436,57,115.0,1544.0,60.0,-2.0,16.94,83.5,-6.0,14.1,14.5
570.587,57,110.0,1544.0,60.0,-2.0,16.94,83.5,-6.0,14.1,14.5
570.682,57,110.0,1487.0,60.0,-2.0,16.94,83.5,-6.0,14.1,14.5
570.771,57,110.0,1487.0,58.0,-2.0,16.94,83.5,-6.0,14.1,14.5
570.886,57,110.0,1487.0,58.0,-2.0,16.94,83.5,-6.0,14.1,14.5
571.036,57,110.0,1487.0,58.0,-2.0,13.86,83.5,-6.0,14.1,14.5
571.127,57,110.0,1487.0,58.0,-2.0,13.86,83.5,-6.0,14.1,14.5
571.278,57,110.0,1487.0,58.0,-2.0,13.86,83.5,-6.0,14.1,14.5
571.369,57,110.0,1487.0,58.0,-2.0,13.86,83.5,-6.0,14.1,14.5
571.486,57,110.0,1487.0,58.0,-2.0,13.86,83.5,-6.0,14.1,14.5
571.637,57,110.0,1487.0,58.0,-2.0,13.86,83.5,-6.0,14.1,14.5
571.732,57,113.0,1487.0,58.0,-2.0,13.86,83.5,-6.0,14.1,14.5
571.819,57,113.0,1349.0,58.0,-2.0,13.86,83.5,-6.0,14.1,14.5
571.938,57,113.0,1349.0,53.0,-2.0,13.86,83.5,-6.0,14.1,14.5
572.026,57,113.0,1349.0,53.0,-3.0,13.86,83.5,-6.0,14.1,14.5
572.178,57,113.0,1349.0,53.0,-3.0,11.63,83.5,-6.0,14.1,14.5
572.297,57,113.0,1349.0,53.0,-3.0,11.63,83.5,-6.0,14.1,14.5
572.447,57,113.0,1349.0,53.0,-3.0,11.63,83.5,-6.0,14.1,14.5
572.538,57,113.0,1349.0,53.0,-3.0,11.63,83.5,-6.0,43.5,14.5
572.632,57,113.0,1349.0,53.0,-3.0,11.63,83.5,-6.0,43.5,43.9
572.72,57,113.0,1349.0,53.0,-3.0,11.63,83.5,-6.0,43.5,43.9
572.837,57,119.0,1349.0,53.0,-3.0,11.63,83.5,-6.0,43.5,43.9
572.96,57,119.0,1369.0,53.0,-3.0,11.63,83.5,-6.0,43.5,43.9
573.077,57,119.0,1369.0,53.0,-3.0,11.63,83.5,-6.0,43.5,43.9
573.227,57,119.0,1369.0,53.0,-2.0,11.63,83.5,-6.0,43.5,43.9
573.321,57,119.0,1369.0,53.0,-2.0,23.88,83.5,-6.0,43.5,43.9
573.407,57,119.0,1369.0,53.0,-2.0,23.88,83.5,-6.0,43.5,43.9
573.527,57,119.0,1369.0,53.0,-2.0,23.88,83.5,-6.0,43.5,43.9
573.677,57,119.0,1369.0,53.0,-2.0,23.88,83.5,-6.0,43.1,43.9
573.769,57,119.0,1369.0,53.0,-2.0,23.88,83.5,-6.0,43.1,43.9
573.889,57,119.0,1369.0,53.0,-2.0,23.88,83.5,-6.0,43.1,43.9
574.098,57,144.0,1369.0,53.0,-2.0,23.88,83.5,-6.0,43.1,43.9
574.188,57,144.0,1433.0,53.0,-2.0,23.88,83.5,-6.0,43.1,43.9
574.249,57,144.0,1433.0,55.0,-2.0,23.88,83.5,-6.0,43.1,43.9
574.427,57,144.0,1433.0,55.0,0.0,23.88,83.5,-6.0,43.1,43.9
574.519,57,144.0,1433.0,55.0,0.0,24.38,83.5,-6.0,43.1,43.9
574.611,57,144.0,1433.0,55.0,0.0,24.38,83.5,-6.0,43.1,43.9
574.727,57,144.0,1433.0,55.0,0.0,24.38,83.5,-6.0,43.1,43.9
574.878,57,144.0,1433.0,55.0,0.0,24.38,83.5,-6.0,42.7,43.9
575.027,57,144.0,1433.0,55.0,0.0,24.38,83.5,-6.0,42.7,43.1
575.118,57,144.0,1433.0,55.0,0.0,24.38,83.5,-6.0,42.7,43.1
575.207,57,138.0,1433.0,55.0,0.0,24.38,83.5,-6.0,42.7,43.1
575.327,57,138.0,1489.0,55.0,0.0,24.38,83.5,-6.0,42.7,43.1
575.478,57,138.0,1489.0,58.0,0.0,24.38,83.5,-6.0,42.7,43.1
575.567,57,138.0,1489.0,58.0,-1.0,24.38,83.5,-6.0,42.7,43.1
575.687,57,138.0,1489.0,58.0,-1.0,23.63,83.5,-6.0,42.7,43.1
575.838,57,138.0,1489.0,58.0,-1.0,23.63,83.5,-6.0,42.7,43.1
575.93,57,138.0,1489.0,58.0,-1.0,23.63,83.5,-6.0,42.7,43.1
576.017,57,138.0,1489.0,58.0,-1.0,23.63,83.5,-6.0,41.6,43.1
576.167,57,138.0,1489.0,58.0,-1.0,23.63,83.5,-6.0,41.6,42.4
576.258,57,138.0,1489.0,58.0,-1.0,23.63,83.5,-6.0,41.6,42.4
576.377,57,134.0,1489.0,58.0,-1.0,23.63,83.5,-6.0,41.6,42.4
576.527,57,134.0,1530.0,58.0,-1.0,23.63,83.5,-6.0,41.6,42.4
576.621,57,134.0,1530.0,59.0,-1.0,23.63,83.5,-6.0,41.6,42.4
576.71,57,134.0,1530.0,59.0,-1.0,23.63,83.5,-6.0,41.6,42.4
576.83,57,134.0,1530.0,59.0,-1.0,21.16,83.5,-6.0,41.6,42.4
576.985,57,134.0,1530.0,59.0,-1.0,21.16,83.5,-6.0,41.6,42.4
577.127,57,134.0,1530.0,59.0,-1.0,21.16,83.5,-6.0,41.6,42.4
577.219,57,134.0,1530.0,59.0,-1.0,21.16,83.5,-6.0,37.6,42.4
577.338,57,134.0,1530.0,59.0,-1.0,21.16,83.5,-6.0,37.6,37.6
577.428,57,134.0,1530.0,59.0,-1.0,21.16,83.5,-6.0,37.6,37.6
577.523,57,124.0,1530.0,59.0,-1.0,21.16,83.5,-6.0,37.6,37.6
577.61,57,124.0,1540.0,59.0,-1.0,21.16,83.5,-6.0,37.6,37.6
577.727,57,124.0,1540.0,60.0,-1.0,21.16,83.5,-6.0,37.6,37.6
577.88,57,124.0,1540.0,60.0,-2.0,21.16,83.5,-6.0,37.6,37.6
578.028,57,124.0,1540.0,60.0,-2.0,17.27,83.5,-6.0,37.6,37.6
578.119,57,124.0,1540.0,60.0,-2.0,17.27,83.5,-6.0,37.6,37.6
578.208,57,124.0,1540.0,60.0,-2.0,17.27,83.5,-6.0,37.6,37.6
578.327,57,124.0,1540.0,60.0,-2.0,17.27,83.5,-6.0,31.4,37.6
578.478,57,124.0,1540.0,60.0,-2.0,17.27,83.5,-6.0,31.4,31.8
578.568,57,124.0,1540.0,60.0,-2.0,17.27,83.5,-6.0,31.4,31.8
578.687,57,110.0,1540.0,60.0,-2.0,17.27,83.5,-6.0,31.4,31.8
578.779,57,110.0,1540.0,60.0,-2.0,17.27,83.5,-6.0,31.4,31.8
578.87,57,110.0,1540.0,60.0,-2.0,17.27,83.5,-6.0,31.4,31.8
578.96,57,110.0,1540.0,60.0,-3.0,17.27,83.5,-6.0,31.4,31.8
579.047,57,110.0,1540.0,60.0,-3.0,15.36,83.5,-6.0,31.4,31.8
579.198,57,110.0,1540.0,60.0,-3.0,15.36,83.5,-6.0,31.4,31.8
579.288,57,110.0,1540.0,60.0,-3.0,15.36,83.5,-6.0,31.4,31.8
579.378,57,110.0,1540.0,60.0,-3.0,15.36,83.5,-6.0,31.8,31.8
579.468,57,110.0,1540.0,60.0,-3.0,15.36,83.5,-6.0,31.8,31.8
579.56,58,110.0,1540.0,60.0,-3.0,15.36,83.5,-6.0,31.8,31.8
579.677,58,106.0,1540.0,60.0,-3.0,15.36,83.5,-6.0,31.8,31.8
579.827,58,106.0,1531.0,60.0,-3.0,15.36,83.5,-6.0,31.8,31.8
579.919,58,106.0,1531.0,59.0,-3.0,15.36,83.5,-6.0,31.8,31.8
580.007,58,106.0,1531.0,59.0,-3.0,15.36,83.5,-6.0,31.8,31.8
580.099,58,106.0,1531.0,59.0,-3.0,15.58,83.5,-6.0,31.8,31.8
580.188,58,106.0,1531.0,59.0,-3.0,15.58,83.5,-6.0,31.8,31.8
580.307,58,106.0,1531.0,59.0,-3.0,15.58,83.5,-6.0,31.8,31.8
580.487,58,106.0,1531.0,59.0,-3.0,15.58,83.5,-6.0,31.8,31.8
580.581,58,106.0,1531.0,59.0,-3.0,15.58,83.5,-6.0,31.8,31.8
580.672,58,106.0,1531.0,59.0,-3.0,15.58,83.5,-6.0,31.8,31.8
580.76,58,107.0,1531.0,59.0,-3.0,15.58,83.5,-6.0,31.8,31.8
580.878,58,107.0,1522.0,59.0,-3.0,15.58,83.5,-6.0,31.8,31.8
581.087,58,107.0,1522.0,59.0,-3.0,15.58,83.5,-6.0,31.8,31.8
581.179,58,107.0,1522.0,59.0,-3.0,15.58,83.5,-6.0,31.8,31.8
581.269,58,107.0,1522.0,59.0,-3.0,15.27,83.5,-6.0,31.8,31.8
581.358,58,107.0,1522.0,59.0,-3.0,15.27,83.5,-6.0,31.8,31.8
581.479,58,107.0,1522.0,59.0,-3.0,15.27,83.5,-6.0,31.8,31.8
581.629,58,107.0,1522.0,59.0,-3.0,15.27,83.5,-6.0,30.6,31.8
581.722,58,107.0,1522.0,59.0,-3.0,15.27,83.5,-6.0,30.6,31.0
581.811,58,107.0,1522.0,59.0,-3.0,15.27,83.5,-6.0,30.6,31.0
581.928,58,107.0,1522.0,59.0,-3.0,15.27,83.5,-6.0,30.6,31.0
582.138,58,107.0,1511.0,59.0,-3.0,15.27,83.5,-6.0,30.6,31.0
582.228,58,107.0,1511.0,59.0,-3.0,15.27,83.5,-6.0,30.6,31.0
582.321,58,107.0,1511.0,59.0,-3.0,15.27,83.5,-6.0,30.6,31.0
582.408,58,107.0,1511.0,59.0,-3.0,15.83,83.5,-6.0,30.6,31.0
582.528,58,107.0,1511.0,59.0,-3.0,15.83,83.5,-6.0,30.6,31.0
582.679,58,107.0,1511.0,59.0,-3.0,15.83,83.5,-6.0,30.6,31.0
582.772,58,107.0,1511.0,59.0,-3.0,15.83,83.5,-6.0,33.3,31.0
582.861,58,107.0,1511.0,59.0,-3.0,15.83,83.5,-6.0,33.3,33.7
582.98,58,107.0,1511.0,59.0,-3.0,15.83,83.5,-6.0,33.3,33.7
583.07,58,112.0,1511.0,59.0,-3.0,15.83,83.5,-6.0,33.3,33.7
583.158,58,112.0,1506.0,59.0,-3.0,15.83,83.5,-6.0,33.3,33.7
583.278,58,112.0,1506.0,59.0,-3.0,15.83,83.5,-6.0,33.3,33.7
583.399,58,112.0,1506.0,59.0,-2.0,15.83,83.5,-6.0,33.3,33.7
583.489,58,112.0,1506.0,59.0,-2.0,16.3,83.5,-6.0,33.3,33.7
583.579,58,112.0,1506.0,59.0,-2.0,16.3,83.5,-6.0,33.3,33.7
583.727,58,112.0,1506.0,59.0,-2.0,16.3,83.5,-6.0,33.3,33.7
583.82,58,112.0,1506.0,59.0,-2.0,16.3,83.5,-6.0,34.5,33.7
583.908,58,112.0,1506.0,59.0,-2.0,16.3,83.5,-6.0,34.5,34.9
584.087,58,112.0,1506.0,59.0,-2.0,16.3,83.5,-6.0,34.5,34.9
584.237,58,115.0,1506.0,59.0,-2.0,16.3,83.5,-6.0,34.5,34.9
584.328,58,115.0,1508.0,59.0,-2.0,16.3,83.5,-6.0,34.5,34.9
584.419,58,115.0,1508.0,59.0,-2.0,16.3,83.5,-6.0,34.5,34.9
584.51,58,115.0,1508.0,59.0,-2.0,16.3,83.5,-6.0,34.5,34.9
584.627,58,115.0,1508.0,59.0,-2.0,17.05,83.5,-6.0,34.5,34.9
584.779,58,115.0,1508.0,59.0,-2.0,17.05,83.5,-6.0,34.5,34.9
584.871,58,115.0,1508.0,59.0,-2.0,17.05,83.5,-6.0,34.5,34.9
584.961,58,115.0,1508.0,59.0,-2.0,17.05,83.5,-6.0,33.7,34.9
585.048,58,115.0,1508.0,59.0,-2.0,17.05,83.5,-6.0,33.7,34.1
585.138,58,115.0,1508.0,59.0,-2.0,17.05,83.5,-6.0,33.7,34.1
585.228,58,115.0,1508.0,59.0,-2.0,17.05,83.5,-6.0,33.7,34.1
585.378,58,115.0,1511.0,59.0,-2.0,17.05,83.5,-6.0,33.7,34.1
585.472,58,115.0,1511.0,59.0,-2.0,17.05,83.5,-6.0,33.7,34.1
585.561,58,115.0,1511.0,59.0,-2.0,17.05,83.5,-6.0,33.7,34.1
585.68,58,115.0,1511.0,59.0,-2.0,16.61,83.5,-6.0,33.7,34.1
585.83,58,115.0,1511.0,59.0,-2.0,16.61,83.5,-6.0,33.7,34.1
585.923,58,115.0,1511.0,59.0,-2.0,16.61,83.5,-6.0,33.7,34.1
586.013,58,115.0,1511.0,59.0,-2.0,16.61,83.5,-6.0,32.9,34.1
586.098,58,115.0,1511.0,59.0,-2.0,16.61,83.5,-6.0,32.9,32.9
586.19,58,115.0,1511.0,59.0,-2.0,16.61,83.5,-6.0,32.9,32.9
586.339,58,114.0,1511.0,59.0,-2.0,16.61,83.5,-6.0,32.9,32.9
586.4,58,114.0,1513.0,59.0,-2.0,16.61,83.5,-6.0,32.9,32.9
586.49,58,114.0,1513.0,59.0,-2.0,16.61,83.5,-6.0,32.9,32.9
586.578,58,114.0,1513.0,59.0,-2.0,16.61,83.5,-6.0,32.9,32.9
586.697,58,114.0,1513.0,59.0,-2.0,16.02,83.5,-6.0,32.9,32.9
586.817,58,114.0,1513.0,59.0,-2.0,16.02,83.5,-6.0,32.9,32.9
586.967,58,114.0,1513.0,59.0,-2.0,16.02,83.5,-6.0,32.9,32.9
587.086,58,114.0,1513.0,59.0,-2.0,16.02,83.5,-6.0,32.9,32.9
587.178,58,114.0,1513.0,59.0,-2.0,16.02,83.5,-6.0,32.9,33.7
587.268,58,114.0,1513.0,59.0,-2.0,16.02,83.5,-6.0,32.9,33.7
587.357,58,112.0,1513.0,59.0,-2.0,16.02,83.5,-6.0,32.9,33.7
587.476,58,112.0,1506.0,59.0,-2.0,16.02,83.5,-6.0,32.9,33.7
587.627,58,112.0,1506.0,59.0,-2.0,16.02,83.5,-6.0,32.9,33.7
587.718,58,112.0,1506.0,59.0,-2.0,16.02,83.5,-6.0,32.9,33.7
587.808,58,112.0,1506.0,59.0,-2.0,16.36,83.5,-6.0,32.9,33.7
587.927,58,112.0,1506.0,59.0,-2.0,16.36,83.5,-6.0,32.9,33.7
588.047,58,112.0,1506.0,59.0,-2.0,16.36,83.5,-6.0,32.9,33.7
588.167,58,112.0,1506.0,59.0,-2.0,16.36,83.5,-6.0,32.5,33.7
588.317,58,112.0,1506.0,59.0,-2.0,16.36,83.5,-6.0,32.5,31.4
588.407,58,112.0,1506.0,59.0,-2.0,16.36,83.5,-6.0,32.5,31.4
588.527,58,113.0,1506.0,59.0,-2.0,16.36,83.5,-6.0,32.5,31.4
588.676,58,113.0,1518.0,59.0,-2.0,16.36,83.5,-6.0,32.5,31.4
588.767,58,113.0,1518.0,59.0,-2.0,16.36,83.5,-6.0,32.5,31.4
588.887,58,113.0,1518.0,59.0,-2.0,16.36,83.5,-6.0,32.5,31.4
589.007,58,113.0,1518.0,59.0,-2.0,15.66,83.5,-6.0,32.5,31.4
589.127,58,113.0,1518.0,59.0,-2.0,15.66,83.5,-6.0,32.5,31.4
589.277,58,113.0,1518.0,59.0,-2.0,15.66,83.5,-6.0,32.5,31.4
589.368,58,113.0,1518.0,59.0,-2.0,15.66,83.5,-6.0,31.0,31.4
589.517,58,113.0,1518.0,59.0,-2.0,15.66,83.5,-6.0,31.0,30.6
589.608,58,113.0,1518.0,59.0,-2.0,15.66,83.5,-6.0,31.0,30.6
589.699,58,109.0,1518.0,59.0,-2.0,15.66,83.5,-6.0,31.0,30.6
589.819,58,109.0,1498.0,59.0,-2.0,15.66,83.5,-6.0,31.0,30.6
589.969,58,109.0,1498.0,58.0,-2.0,15.66,83.5,-6.0,31.0,30.6
590.028,58,109.0,1498.0,58.0,-2.0,15.66,83.5,-6.0,31.0,30.6
590.12,58,109.0,1498.0,58.0,-2.0,15.63,83.5,-6.0,31.0,30.6
590.209,58,109.0,1498.0,58.0,-2.0,15.63,83.5,-6.0,31.0,30.6
590.3,58,109.0,1498.0,58.0,-2.0,15.63,83.5,-6.0,31.0,30.6
590.419,58,109.0,1498.0,58.0,-2.0,15.63,83.5,-6.0,34.9,30.6
590.57,58,109.0,1498.0,58.0,-2.0,15.63,83.5,-6.0,34.9,35.3
590.666,58,109.0,1498.0,58.0,-2.0,15.63,83.5,-6.0,34.9,35.3
590.748,58,115.0,1498.0,58.0,-2.0,15.63,83.5,-6.0,34.9,35.3
590.868,58,115.0,1492.0,58.0,-2.0,15.63,83.5,-6.0,34.9,35.3
591.048,58,115.0,1492.0,58.0,-2.0,15.63,83.5,-6.0,34.9,35.3
591.228,58,115.0,1492.0,58.0,-2.0,15.63,83.5,-6.0,34.9,35.3
591.319,58,115.0,1492.0,58.0,-2.0,16.83,83.5,-6.0,34.9,35.3
591.412,58,115.0,1492.0,58.0,-2.0,16.83,83.5,-6.0,34.9,35.3
591.499,58,115.0,1492.0,58.0,-2.0,16.83,83.5,-6.0,34.9,35.3
591.619,58,115.0,1492.0,58.0,-2.0,16.83,83.5,-6.0,34.5,35.3
591.768,58,115.0,1492.0,58.0,-2.0,16.83,83.5,-6.0,34.5,34.1
591.862,58,115.0,1492.0,58.0,-2.0,16.83,83.5,-6.0,34.5,34.1
591.951,58,118.0,1492.0,58.0,-2.0,16.83,83.5,-6.0,34.5,34.1
592.069,58,118.0,1506.0,58.0,-2.0,16.83,83.5,-6.0,34.5,34.1
592.159,58,118.0,1506.0,59.0,-2.0,16.83,83.5,-6.0,34.5,34.1
592.248,58,118.0,1506.0,59.0,-2.0,16.83,83.5,-6.0,34.5,34.1
592.339,58,118.0,1506.0,59.0,-2.0,16.27,83.5,-6.0,34.5,34.1
592.431,58,118.0,1506.0,59.0,-2.0,16.27,83.5,-6.0,34.5,34.1
592.52,58,118.0,1506.0,59.0,-2.0,16.27,83.5,-6.0,34.5,34.1
592.613,58,118.0,1506.0,59.0,-2.0,16.27,83.5,-6.0,31.0,34.1
592.701,58,118.0,1506.0,59.0,-2.0,16.27,83.5,-6.0,31.0,31.4
592.82,58,118.0,1506.0,59.0,-2.0,16.27,83.5,-6.0,31.0,31.4
592.968,58,111.0,1506.0,59.0,-2.0,16.27,83.5,-6.0,31.0,31.4
593.06,58,111.0,1506.0,59.0,-2.0,16.27,83.5,-6.0,31.0,31.4
593.207,58,111.0,1506.0,58.0,-2.0,16.27,83.5,-6.0,31.0,31.4
593.298,58,111.0,1506.0,58.0,-2.0,16.27,83.5,-6.0,31.0,31.4
593.417,58,111.0,1506.0,58.0,-2.0,17.11,83.5,-6.0,31.0,31.4
593.568,58,111.0,1506.0,58.0,-2.0,17.11,83.5,-6.0,31.0,31.4
593.69,58,111.0,1506.0,58.0,-2.0,17.11,83.5,-6.0,31.0,31.4
593.839,58,111.0,1506.0,58.0,-2.0,17.11,83.5,-6.0,35.3,31.4
593.931,58,111.0,1506.0,58.0,-2.0,17.11,83.5,-6.0,35.3,35.7
594.019,59,111.0,1506.0,58.0,-2.0,17.11,83.5,-6.0,35.3,35.7
594.108,59,117.0,1506.0,58.0,-2.0,17.11,83.5,-6.0,35.3,35.7
594.199,59,117.0,1509.0,58.0,-2.0,17.11,83.5,-6.0,35.3,35.7
594.318,59,117.0,1509.0,59.0,-2.0,17.11,83.5,-6.0,35.3,35.7
594.467,59,117.0,1509.0,59.0,-2.0,17.11,83.5,-6.0,35.3,35.7
594.562,59,117.0,1509.0,59.0,-2.0,19.55,83.5,-6.0,35.3,35.7
594.651,59,117.0,1509.0,59.0,-2.0,19.55,83.5,-6.0,35.3,35.7
594.77,59,117.0,1509.0,59.0,-2.0,19.55,83.5,-6.0,35.3,35.7
594.919,59,117.0,1509.0,59.0,-2.0,19.55,83.5,-6.0,43.9,35.7
595.018,59,117.0,1509.0,59.0,-2.0,19.55,83.5,-6.0,43.9,45.5
595.098,59,117.0,1509.0,59.0,-2.0,19.55,83.5,-6.0,43.9,45.5
595.218,59,140.0,1509.0,59.0,-2.0,19.55,83.5,-6.0,43.9,45.5
595.368,59,140.0,1548.0,59.0,-2.0,19.55,83.5,-6.0,43.9,45.5
595.461,59,140.0,1548.0,60.0,-2.0,19.55,83.5,-6.0,43.9,45.5
595.608,59,140.0,1548.0,60.0,0.0,19.55,83.5,-6.0,43.9,45.5
595.699,59,140.0,1548.0,60.0,0.0,28.55,83.5,-6.0,43.9,45.5
595.82,59,140.0,1548.0,60.0,0.0,28.55,83.5,-6.0,43.9,45.5
595.972,59,140.0,1548.0,60.0,0.0,28.55,83.5,-6.0,43.9,45.5
596.118,59,140.0,1548.0,60.0,0.0,28.55,83.5,-6.0,42.0,45.5
596.21,59,140.0,1548.0,60.0,0.0,28.55,83.5,-6.0,42.0,42.7
596.298,59,140.0,1548.0,60.0,0.0,28.55,83.5,-6.0,42.0,42.7
596.418,59,138.0,1548.0,60.0,0.0,28.55,83.5,-6.0,42.0,42.7
596.568,59,138.0,1593.0,60.0,0.0,28.55,83.5,-6.0,42.0,42.7
596.662,59,138.0,1593.0,62.0,0.0,28.55,83.5,-6.0,42.0,42.7
596.75,59,138.0,1593.0,62.0,0.0,28.55,83.5,-6.0,42.0,42.7
596.868,59,138.0,1593.0,62.0,0.0,24.3,83.5,-6.0,42.0,42.7
597.048,59,138.0,1593.0,62.0,0.0,24.3,83.5,-6.0,42.0,42.7
597.167,59,138.0,1593.0,62.0,0.0,24.3,83.5,-7.0,42.0,42.7
597.319,59,138.0,1593.0,62.0,0.0,24.3,83.5,-7.0,42.0,42.7
597.408,59,138.0,1593.0,62.0,0.0,24.3,83.5,-7.0,42.0,42.7
597.499,59,138.0,1593.0,62.0,0.0,24.3,83.5,-7.0,42.0,42.7
597.618,59,134.0,1593.0,62.0,0.0,24.3,83.5,-7.0,42.0,42.7
597.768,59,134.0,1631.0,62.0,0.0,24.3,83.5,-7.0,42.0,42.7
597.862,59,134.0,1631.0,64.0,0.0,24.3,83.5,-7.0,42.0,42.7
597.951,59,134.0,1631.0,64.0,-1.0,24.3,83.5,-7.0,42.0,42.7
598.068,59,134.0,1631.0,64.0,-1.0,26.22,83.5,-7.0,42.0,42.7
598.218,59,134.0,1631.0,64.0,-1.0,26.22,83.5,-7.0,42.0,42.7
598.309,59,134.0,1631.0,64.0,-1.0,26.22,83.5,-7.0,42.0,42.7
598.4,59,134.0,1631.0,64.0,-1.0,26.22,83.5,-7.0,44.3,42.7
598.518,59,134.0,1631.0,64.0,-1.0,26.22,83.5,-7.0,44.3,45.1
598.64,59,134.0,1631.0,64.0,-1.0,26.22,83.5,-7.0,44.3,45.1
598.731,59,150.0,1631.0,64.0,-1.0,26.22,83.5,-7.0,44.3,45.1
598.821,59,150.0,1695.0,64.0,-1.0,26.22,83.5,-7.0,44.3,45.1
598.908,59,150.0,1695.0,66.0,-1.0,26.22,83.5,-7.0,44.3,45.1
599.0,59,150.0,1695.0,66.0,0.0,26.22,83.5,-7.0,44.3,45.1
599.088,59,150.0,1695.0,66.0,0.0,40.99,83.5,-7.0,44.3,45.1
599.18,59,150.0,1695.0,66.0,0.0,40.99,83.5,-7.0,44.3,45.1
599.334,59,150.0,1695.0,66.0,0.0,40.99,83.5,-7.0,44.3,45.1
599.421,59,150.0,1695.0,66.0,0.0,40.99,83.5,-7.0,58.8,45.1
599.511,59,150.0,1695.0,66.0,0.0,40.99,83.5,-7.0,58.8,60.8
599.6,59,150.0,1695.0,66.0,0.0,40.99,83.5,-7.0,58.8,60.8
599.719,59,219.0,1695.0,66.0,0.0,40.99,83.5,-7.0,58.8,60.8
599.869,59,219.0,1811.0,66.0,0.0,40.99,83.5,-7.0,58.8,60.8
599.963,59,219.0,1811.0,71.0,0.0,40.99,83.5,-7.0,58.8,60.8
600.048,59,219.0,1811.0,71.0,2.0,40.99,83.5,-7.0,58.8,60.8
600.168,59,219.0,1811.0,71.0,2.0,66.36,83.5,-7.0,58.8,60.8
600.32,59,219.0,1811.0,71.0,2.0,66.36,83.5,-7.0,58.8,60.8
600.412,59,219.0,1811.0,71.0,2.0,66.36,83.5,-7.0,58.8,60.8
600.5,59,219.0,1811.0,71.0,2.0,66.36,83.5,-7.0,63.5,60.8
600.619,59,219.0,1811.0,71.0,2.0,66.36,83.5,-7.0,63.5,63.5
600.769,59,219.0,1811.0,71.0,2.0,66.36,83.5,-7.0,63.5,63.5
600.86,59,219.0,1811.0,71.0,2.0,66.36,83.5,-7.0,63.5,63.5
600.95,59,219.0,1998.0,71.0,2.0,66.36,83.5,-7.0,63.5,63.5
601.129,59,219.0,1998.0,78.0,2.0,66.36,83.5,-7.0,63.5,63.5
601.278,59,219.0,1998.0,78.0,2.0,66.36,83.5,-7.0,63.5,63.5
601.368,59,219.0,1998.0,78.0,2.0,56.69,83.5,-7.0,63.5,63.5
601.459,59,219.0,1998.0,78.0,2.0,56.69,31.4,-7.0,63.5,63.5
601.554,59,219.0,1998.0,78.0,2.0,56.69,31.4,-7.0,63.5,63.5
601.67,59,219.0,1998.0,78.0,2.0,56.69,31.4,-7.0,14.1,63.5
601.819,59,219.0,1998.0,78.0,2.0,56.69,31.4,-7.0,14.1,16.9
601.91,59,219.0,1998.0,78.0,2.0,56.69,31.4,-7.0,14.1,16.9
601.999,59,108.0,1998.0,78.0,2.0,56.69,31.4,-7.0,14.1,16.9
602.118,59,108.0,1634.0,78.0,2.0,56.69,31.4,-7.0,14.1,16.9
602.208,59,108.0,1634.0,79.0,2.0,56.69,31.4,-7.0,14.1,16.9
602.3,59,108.0,1634.0,79.0,-2.0,56.69,31.4,-7.0,14.1,16.9
602.419,59,108.0,1634.0,79.0,-2.0,33.3,31.4,-7.0,14.1,16.9
602.569,59,108.0,1634.0,79.0,-2.0,33.3,83.5,-7.0,14.1,16.9
602.66,59,108.0,1634.0,79.0,-2.0,33.3,83.5,-7.0,14.1,16.9
602.751,59,108.0,1634.0,79.0,-2.0,33.3,83.5,-7.0,57.3,16.9
602.868,59,108.0,1634.0,79.0,-2.0,33.3,83.5,-7.0,57.3,57.6
603.018,59,108.0,1634.0,79.0,-2.0,33.3,83.5,-7.0,57.3,57.6
603.079,59,190.0,1634.0,79.0,-2.0,33.3,83.5,-7.0,57.3,57.6
603.169,59,190.0,1653.0,79.0,-2.0,33.3,83.5,-7.0,57.3,57.6
603.259,59,190.0,1653.0,82.0,-2.0,33.3,83.5,-7.0,57.3,57.6
603.348,59,190.0,1653.0,82.0,-1.0,33.3,83.5,-7.0,57.3,57.6
603.468,59,190.0,1653.0,82.0,-1.0,56.13,83.5,-7.0,57.3,57.6
603.618,59,190.0,1653.0,82.0,-1.0,56.13,83.5,-7.0,57.3,57.6
603.71,59,190.0,1653.0,82.0,-1.0,56.13,83.5,-7.0,57.3,57.6
603.802,59,190.0,1653.0,82.0,-1.0,56.13,83.5,-7.0,51.0,57.6
603.92,59,190.0,1653.0,82.0,-1.0,56.13,83.5,-7.0,51.0,45.1
604.068,59,190.0,1653.0,82.0,-1.0,56.13,83.5,-7.0,51.0,45.1
604.218,59,145.0,1653.0,82.0,-1.0,56.13,83.5,-7.0,51.0,45.1
604.308,59,145.0,1366.0,82.0,-1.0,56.13,83.5,-7.0,51.0,45.1
604.399,59,145.0,1366.0,84.0,-1.0,56.13,83.5,-7.0,51.0,45.1
604.489,59,145.0,1366.0,84.0,0.0,56.13,83.5,-7.0,51.0,45.1
604.609,59,145.0,1366.0,84.0,0.0,22.16,83.5,-7.0,51.0,45.1
604.728,59,145.0,1366.0,84.0,0.0,22.16,31.0,-7.0,51.0,45.1
604.821,59,145.0,1366.0,84.0,0.0,22.16,31.0,-7.0,51.0,45.1
604.912,59,145.0,1366.0,84.0,0.0,22.16,31.0,-7.0,51.4,45.1
604.999,59,145.0,1366.0,84.0,0.0,22.16,31.0,-7.0,51.4,52.5
605.148,59,145.0,1366.0,84.0,0.0,22.16,31.0,-7.0,51.4,52.5
605.24,59,130.0,1366.0,84.0,0.0,22.16,31.0,-7.0,51.4,52.5
605.36,59,130.0,1438.0,84.0,0.0,22.16,31.0,-7.0,51.4,52.5
605.525,59,130.0,1438.0,85.0,0.0,22.16,31.0,-7.0,51.4,52.5
605.658,59,130.0,1438.0,85.0,-3.0,22.16,31.0,-7.0,51.4,52.5
605.749,59,130.0,1438.0,85.0,-3.0,37.02,31.0,-7.0,51.4,52.5
605.868,59,130.0,1438.0,85.0,-3.0,37.02,83.5,-7.0,51.4,52.5
606.018,59,130.0,1438.0,85.0,-3.0,37.02,83.5,-7.0,51.4,52.5
606.137,59,130.0,1438.0,85.0,-3.0,37.02,83.5,-7.0,51.0,52.5
606.259,59,130.0,1438.0,85.0,-3.0,37.02,83.5,-7.0,51.0,51.4
606.408,59,130.0,1438.0,85.0,-3.0,37.02,83.5,-7.0,51.0,51.4
606.503,59,185.0,1438.0,85.0,-3.0,37.02,83.5,-7.0,51.0,51.4
606.591,59,185.0,1480.0,85.0,-3.0,37.02,83.5,-7.0,51.0,51.4
606.71,59,185.0,1480.0,88.0,-3.0,37.02,83.5,-7.0,51.0,51.4
606.801,59,185.0,1480.0,88.0,-1.0,37.02,83.5,-7.0,51.0,51.4
606.919,59,185.0,1480.0,88.0,-1.0,39.61,83.5,-7.0,51.0,51.4
607.127,59,185.0,1480.0,88.0,-1.0,39.61,83.5,-7.0,51.0,51.4
607.219,59,185.0,1480.0,88.0,-1.0,39.61,83.5,-7.0,51.0,51.4
607.308,59,185.0,1480.0,88.0,-1.0,39.61,83.5,-7.0,42.4,51.4
607.402,59,185.0,1480.0,88.0,-1.0,39.61,83.5,-7.0,42.4,42.4
607.491,59,185.0,1480.0,88.0,-1.0,39.61,83.5,-7.0,42.4,42.4
607.61,59,147.0,1480.0,88.0,-1.0,39.61,83.5,-7.0,42.4,42.4
607.758,59,147.0,1510.0,88.0,-1.0,39.61,83.5,-7.0,42.4,42.4
607.909,59,147.0,1510.0,89.0,-1.0,39.61,83.5,-7.0,42.4,42.4
608.002,59,147.0,1510.0,89.0,-2.0,39.61,83.5,-7.0,42.4,42.4
608.117,59,147.0,1510.0,89.0,-2.0,19.24,83.5,-7.0,42.4,42.4
608.208,59,147.0,1510.0,89.0,-2.0,19.24,83.5,-7.0,42.4,42.4
608.3,59,147.0,1510.0,89.0,-2.0,19.24,83.5,-7.0,42.4,42.4
608.39,59,147.0,1510.0,89.0,-2.0,19.24,83.5,-7.0,37.6,42.4
608.479,59,147.0,1510.0,89.0,-2.0,19.24,83.5,-7.0,37.6,38.0
608.6,59,147.0,1510.0,89.0,-2.0,19.24,83.5,-7.0,37.6,38.0
608.75,59,119.0,1510.0,89.0,-2.0,19.24,83.5,-7.0,37.6,38.0
608.841,59,119.0,1519.0,89.0,-2.0,19.24,83.5,-7.0,37.6,38.0
608.96,59,119.0,1519.0,90.0,-2.0,19.24,83.5,-7.0,37.6,38.0
609.078,59,119.0,1519.0,90.0,-5.0,19.24,83.5,-7.0,37.6,38.0
609.198,59,119.0,1519.0,90.0,-5.0,16.97,83.5,-7.0,37.6,38.0
609.35,59,119.0,1519.0,90.0,-5.0,16.97,83.5,-7.0,37.6,38.0
609.439,59,119.0,1519.0,90.0,-5.0,16.97,83.5,-7.0,37.6,38.0
609.558,59,119.0,1519.0,90.0,-5.0,16.97,83.5,-7.0,35.7,38.0
609.708,59,119.0,1519.0,90.0,-5.0,16.97,83.5,-7.0,35.7,36.5
609.802,59,119.0,1519.0,90.0,-5.0,16.97,83.5,-7.0,35.7,36.5
609.888,59,114.0,1519.0,90.0,-5.0,16.97,83.5,-7.0,35.7,36.5
609.978,59,114.0,1519.0,90.0,-5.0,16.97,83.5,-7.0,35.7,36.5
610.188,59,114.0,1519.0,90.0,-5.0,16.97,83.5,-7.0,35.7,36.5
610.279,59,114.0,1519.0,90.0,-5.0,16.97,83.5,-7.0,35.7,36.5
610.398,59,114.0,1519.0,90.0,-5.0,17.41,83.5,-7.0,35.7,36.5
610.548,59,114.0,1519.0,90.0,-5.0,17.41,83.5,-7.0,35.7,36.5
610.641,59,114.0,1519.0,90.0,-5.0,17.41,83.5,-7.0,35.7,36.5
610.727,59,114.0,1519.0,90.0,-5.0,17.41,83.5,-7.0,35.3,36.5
610.879,59,114.0,1519.0,90.0,-5.0,17.41,83.5,-7.0,35.3,35.7
610.998,59,114.0,1519.0,90.0,-5.0,17.41,83.5,-7.0,35.3,35.7
611.118,59,116.0,1519.0,90.0,-5.0,17.41,83.5,-7.0,35.3,35.7
611.209,59,116.0,1522.0,90.0,-5.0,17.41,83.5,-7.0,35.3,35.7
611.299,59,116.0,1522.0,90.0,-5.0,17.41,83.5,-7.0,35.3,35.7
611.388,59,116.0,1522.0,90.0,-5.0,17.41,83.5,-7.0,35.3,35.7
611.479,59,116.0,1522.0,90.0,-5.0,17.38,83.5,-7.0,35.3,35.7
611.602,59,116.0,1522.0,90.0,-5.0,17.38,83.5,-7.0,35.3,35.7
611.748,59,116.0,1522.0,90.0,-5.0,17.38,83.5,-7.0,35.3,35.7
611.84,59,116.0,1522.0,90.0,-5.0,17.38,83.5,-7.0,34.1,35.7
611.932,59,116.0,1522.0,90.0,-5.0,17.38,83.5,-7.0,34.1,34.1
612.048,59,116.0,1522.0,90.0,-5.0,17.38,83.5,-7.0,34.1,34.1
612.138,59,116.0,1522.0,90.0,-5.0,17.38,83.5,-7.0,34.1,34.1
612.288,59,116.0,1519.0,90.0,-5.0,17.38,83.5,-7.0,34.1,34.1
612.378,59,116.0,1519.0,90.0,-5.0,17.38,83.5,-7.0,34.1,34.1
612.469,59,116.0,1519.0,90.0,-5.0,17.38,83.5,-7.0,34.1,34.1
612.561,59,116.0,1519.0,90.0,-5.0,16.52,83.5,-7.0,34.1,34.1
612.649,59,116.0,1519.0,90.0,-5.0,16.52,83.5,-7.0,34.1,34.1
612.739,59,116.0,1519.0,90.0,-5.0,16.52,83.5,-7.0,34.1,34.1
612.829,59,116.0,1519.0,90.0,-5.0,16.52,83.5,-7.0,36.5,34.1
612.948,59,116.0,1519.0,90.0,-5.0,16.52,83.5,-7.0,36.5,37.3
613.098,59,116.0,1519.0,90.0,-5.0,16.52,83.5,-7.0,36.5,37.3
613.248,59,119.0,1519.0,90.0,-5.0,16.52,83.5,-7.0,36.5,37.3
613.341,59,119.0,1512.0,90.0,-5.0,16.52,83.5,-7.0,36.5,37.3
613.458,59,119.0,1512.0,89.0,-5.0,16.52,83.5,-7.0,36.5,37.3
613.608,59,119.0,1512.0,89.0,-5.0,16.52,83.5,-7.0,36.5,37.3
613.7,59,119.0,1512.0,89.0,-5.0,18.33,83.5,-7.0,36.5,37.3
613.79,59,119.0,1512.0,89.0,-5.0,18.33,83.5,-7.0,36.5,37.3
613.94,59,119.0,1512.0,89.0,-5.0,18.33,83.5,-7.0,36.5,37.3
614.028,59,119.0,1512.0,89.0,-5.0,18.33,83.5,-7.0,38.8,37.3
614.179,59,119.0,1512.0,89.0,-5.0,18.33,83.5,-7.0,38.8,39.6
614.298,59,119.0,1512.0,89.0,-5.0,18.33,83.5,-7.0,38.8,39.6
614.448,59,129.0,1512.0,89.0,-5.0,18.33,83.5,-7.0,38.8,39.6
614.54,59,129.0,1513.0,89.0,-5.0,18.33,83.5,-7.0,38.8,39.6
614.63,59,129.0,1513.0,89.0,-5.0,18.33,83.5,-7.0,38.8,39.6
614.748,59,129.0,1513.0,89.0,-4.0,18.33,83.5,-7.0,38.8,39.6
614.899,59,129.0,1513.0,89.0,-4.0,21.8,83.5,-7.0,38.8,39.6
614.991,59,129.0,1513.0,89.0,-4.0,21.8,83.5,-7.0,38.8,39.6
615.079,59,129.0,1513.0,89.0,-4.0,21.8,83.5,-7.0,38.8,39.6
615.168,59,129.0,1513.0,89.0,-4.0,21.8,83.5,-7.0,39.2,39.6
615.32,59,129.0,1513.0,89.0,-4.0,21.8,83.5,-7.0,39.2,39.2
615.409,59,129.0,1513.0,89.0,-4.0,21.8,83.5,-7.0,39.2,39.2
615.499,59,132.0,1513.0,89.0,-4.0,21.8,83.5,-7.0,39.2,39.2
615.588,59,132.0,1508.0,89.0,-4.0,21.8,83.5,-7.0,39.2,39.2
615.681,59,132.0,1508.0,89.0,-4.0,21.8,83.5,-7.0,39.2,39.2
615.8,59,132.0,1508.0,89.0,-3.0,21.8,83.5,-7.0,39.2,39.2
615.948,59,132.0,1508.0,89.0,-3.0,19.3,83.5,-7.0,39.2,39.2
616.044,59,132.0,1508.0,89.0,-3.0,19.3,83.5,-7.0,39.2,39.2
616.188,59,132.0,1508.0,89.0,-3.0,19.3,83.5,-7.0,39.2,39.2
616.279,59,132.0,1508.0,89.0,-3.0,19.3,83.5,-7.0,38.0,39.2
616.398,59,132.0,1508.0,89.0,-3.0,19.3,83.5,-7.0,38.0,38.4
616.548,59,132.0,1508.0,89.0,-3.0,19.3,83.5,-7.0,38.0,38.4
616.641,59,124.0,1508.0,89.0,-3.0,19.3,83.5,-7.0,38.0,38.4
616.73,59,124.0,1501.0,89.0,-3.0,19.3,83.5,-7.0,38.0,38.4
616.818,59,124.0,1501.0,89.0,-3.0,19.3,83.5,-7.0,38.0,38.4
616.968,59,124.0,1501.0,89.0,-4.0,19.3,83.5,-7.0,38.0,38.4
617.119,59,124.0,1501.0,89.0,-4.0,14.47,83.5,-7.0,38.0,38.4
617.239,59,124.0,1501.0,89.0,-4.0,14.47,83.5,-7.0,38.0,38.4
617.328,59,124.0,1501.0,89.0,-4.0,14.47,83.5,-7.0,38.0,38.4
617.448,59,124.0,1501.0,89.0,-4.0,14.47,83.5,-7.0,23.5,38.4
617.598,59,124.0,1501.0,89.0,-4.0,14.47,83.5,-7.0,23.5,14.5
617.693,59,124.0,1501.0,89.0,-4.0,14.47,83.5,-7.0,23.5,14.5
617.78,59,106.0,1501.0,89.0,-4.0,14.47,83.5,-7.0,23.5,14.5
617.898,59,106.0,1467.0,89.0,-4.0,14.47,83.5,-7.0,23.5,14.5
618.058,59,106.0,1467.0,87.0,-4.0,14.47,83.5,-7.0,23.5,14.5
618.138,59,106.0,1467.0,87.0,-5.0,14.47,83.5,-7.0,23.5,14.5
618.288,59,106.0,1467.0,87.0,-5.0,13.94,83.5,-7.0,23.5,14.5
618.379,59,106.0,1467.0,87.0,-5.0,13.94,83.5,-7.0,23.5,14.5
618.498,59,106.0,1467.0,87.0,-5.0,13.94,83.5,-7.0,23.5,14.5
618.648,59,106.0,1467.0,87.0,-5.0,13.94,83.5,-7.0,29.4,14.5
618.739,59,106.0,1467.0,87.0,-5.0,13.94,83.5,-7.0,29.4,30.6
618.828,59,106.0,1467.0,87.0,-5.0,13.94,83.5,-7.0,29.4,30.6
618.919,59,110.0,1467.0,87.0,-5.0,13.94,83.5,-7.0,29.4,30.6
619.04,59,110.0,1443.0,87.0,-5.0,13.94,83.5,-7.0,29.4,30.6
619.218,59,110.0,1443.0,85.0,-5.0,13.94,83.5,-7.0,29.4,30.6
619.339,59,110.0,1443.0,85.0,-5.0,13.94,83.5,-7.0,29.4,30.6
619.488,59,110.0,1443.0,85.0,-5.0,19.47,83.5,-7.0,29.4,30.6
619.579,59,110.0,1443.0,85.0,-5.0,19.47,83.5,-7.0,29.4,30.6
619.698,59,110.0,1443.0,85.0,-5.0,19.47,83.5,-7.0,29.4,30.6
619.822,59,110.0,1443.0,85.0,-5.0,19.47,83.5,-7.0,38.8,30.6
619.94,59,110.0,1443.0,85.0,-5.0,19.47,83.5,-7.0,38.8,40.0
620.087,59,110.0,1443.0,85.0,-5.0,19.47,83.5,-7.0,38.8,40.0
620.178,59,130.0,1443.0,85.0,-5.0,19.47,83.5,-7.0,38.8,40.0
620.329,59,130.0,1424.0,85.0,-5.0,19.47,83.5,-7.0,38.8,40.0
620.422,59,130.0,1424.0,84.0,-5.0,19.47,83.5,-7.0,38.8,40.0
620.539,59,130.0,1424.0,84.0,-3.0,19.47,83.5,-7.0,38.8,40.0
620.695,59,130.0,1424.0,84.0,-3.0,20.63,83.5,-7.0,38.8,40.0
620.779,59,130.0,1424.0,84.0,-3.0,20.63,83.5,-7.0,38.8,40.0
620.872,59,130.0,1424.0,84.0,-3.0,20.63,83.5,-7.0,38.8,40.0
620.99,59,130.0,1424.0,84.0,-3.0,20.63,83.5,-7.0,40.0,40.0
621.138,59,130.0,1424.0,84.0,-3.0,20.63,83.5,-7.0,40.0,40.8
621.228,59,130.0,1424.0,84.0,-3.0,20.63,83.5,-7.0,40.0,40.8
621.321,59,131.0,1424.0,84.0,-3.0,20.63,83.5,-7.0,40.0,40.8
621.438,59,131.0,1418.0,84.0,-3.0,20.63,83.5,-7.0,40.0,40.8
621.588,59,131.0,1418.0,84.0,-3.0,20.63,83.5,-7.0,40.0,40.8
621.68,59,131.0,1418.0,84.0,-3.0,20.63,83.5,-7.0,40.0,40.8
621.799,59,131.0,1418.0,84.0,-3.0,25.38,83.5,-7.0,40.0,40.8
621.948,59,131.0,1418.0,84.0,-3.0,25.38,83.5,-7.0,40.0,40.8
622.042,59,131.0,1418.0,84.0,-3.0,25.38,83.5,-7.0,40.0,40.8
622.218,59,131.0,1418.0,84.0,-3.0,25.38,83.5,-7.0,43.5,40.8
622.368,59,131.0,1418.0,84.0,-3.0,25.38,83.5,-7.0,43.5,44.3
622.488,59,131.0,1418.0,84.0,-3.0,25.38,83.5,-7.0,43.5,44.3
622.638,59,153.0,1418.0,84.0,-3.0,25.38,83.5,-7.0,43.5,44.3
622.73,59,153.0,1415.0,84.0,-3.0,25.38,83.5,-7.0,43.5,44.3
622.851,59,153.0,1415.0,84.0,-3.0,25.38,83.5,-7.0,43.5,44.3
622.969,59,153.0,1415.0,84.0,-2.0,25.38,83.5,-7.0,43.5,44.3
623.087,59,153.0,1415.0,84.0,-2.0,26.16,83.5,-7.0,43.5,44.3
623.207,59,153.0,1415.0,84.0,-2.0,26.16,83.5,-7.0,43.5,44.3
623.387,59,153.0,1415.0,84.0,-2.0,26.16,83.5,-7.0,43.5,44.3
623.538,59,153.0,1415.0,84.0,-2.0,26.16,83.5,-7.0,40.8,44.3
623.63,59,153.0,1415.0,84.0,-2.0,26.16,83.5,-7.0,40.8,39.2
623.719,59,153.0,1415.0,84.0,-2.0,26.16,83.5,-7.0,40.8,39.2
623.838,59,136.0,1415.0,84.0,-2.0,26.16,83.5,-7.0,40.8,39.2
623.988,59,136.0,1344.0,84.0,-2.0,26.16,83.5,-7.0,40.8,39.2
624.078,59,136.0,1344.0,83.0,-2.0,26.16,83.5,-7.0,40.8,39.2
624.168,59,136.0,1344.0,83.0,-3.0,26.16,83.5,-7.0,40.8,39.2
624.318,59,136.0,1344.0,83.0,-3.0,18.97,83.5,-7.0,40.8,39.2
624.438,59,136.0,1344.0,83.0,-3.0,18.97,31.0,-7.0,40.8,39.2
624.588,59,136.0,1344.0,83.0,-3.0,18.97,31.0,-7.0,40.8,39.2
624.679,59,136.0,1344.0,83.0,-3.0,18.97,31.0,-7.0,26.7,39.2
624.77,59,136.0,1344.0,83.0,-3.0,18.97,31.0,-7.0,26.7,27.8
624.887,59,136.0,1344.0,83.0,-3.0,18.97,31.0,-7.0,26.7,27.8
625.037,59,104.0,1344.0,83.0,-3.0,18.97,31.0,-7.0,26.7,27.8
625.191,59,104.0,1630.0,83.0,-3.0,18.97,31.0,-7.0,26.7,27.8
625.279,59,104.0,1630.0,80.0,-3.0,18.97,31.0,-7.0,26.7,27.8
625.37,59,104.0,1630.0,80.0,-3.0,18.97,31.0,-7.0,26.7,27.8
625.488,59,104.0,1630.0,80.0,-3.0,17.97,31.0,-7.0,26.7,27.8
625.668,59,104.0,1630.0,80.0,-3.0,17.97,83.5,-7.0,26.7,27.8
625.788,59,104.0,1630.0,80.0,-3.0,17.97,83.5,-7.0,26.7,27.8
625.908,59,104.0,1630.0,80.0,-3.0,17.97,83.5,-7.0,14.1,27.8
626.058,59,104.0,1630.0,80.0,-3.0,17.97,83.5,-7.0,14.1,14.5
626.178,59,104.0,1630.0,80.0,-3.0,17.97,83.5,-7.0,14.1,14.5
626.298,59,116.0,1630.0,80.0,-3.0,17.97,83.5,-7.0,14.1,14.5
626.45,59,116.0,1039.0,80.0,-3.0,17.97,83.5,-7.0,14.1,14.5
626.542,59,116.0,1039.0,78.0,-3.0,17.97,83.5,-7.0,14.1,14.5
626.66,59,116.0,1039.0,78.0,-6.0,17.97,83.5,-7.0,14.1,14.5
626.75,59,116.0,1039.0,78.0,-6.0,14.41,83.5,-7.0,14.1,14.5
626.84,59,116.0,1039.0,78.0,-6.0,14.41,83.5,-7.0,14.1,14.5
626.93,59,116.0,1039.0,78.0,-6.0,14.41,83.5,-7.0,14.1,14.5
627.018,59,116.0,1039.0,78.0,-6.0,14.41,83.5,-7.0,14.1,14.5
627.138,59,116.0,1039.0,78.0,-6.0,14.41,83.5,-7.0,14.1,14.5
627.318,59,116.0,1039.0,78.0,-6.0,14.41,83.5,-7.0,14.1,14.5
627.439,59,109.0,1039.0,78.0,-6.0,14.41,83.5,-7.0,14.1,14.5
627.589,59,109.0,1633.0,78.0,-6.0,14.41,83.5,-7.0,14.1,14.5
627.679,59,109.0,1633.0,74.0,-6.0,14.41,83.5,-7.0,14.1,14.5
627.77,59,109.0,1633.0,74.0,-3.0,14.41,83.5,-7.0,14.1,14.5
627.888,59,109.0,1633.0,74.0,-3.0,14.49,83.5,-7.0,14.1,14.5
628.038,59,109.0,1633.0,74.0,-3.0,14.49,83.5,-7.0,14.1,14.5
628.188,59,109.0,1633.0,74.0,-3.0,14.49,83.5,-7.0,14.1,14.5
628.278,59,109.0,1633.0,74.0,-3.0,14.49,83.5,-7.0,14.1,14.5
628.369,59,109.0,1633.0,74.0,-3.0,14.49,83.5,-7.0,14.1,14.5
628.488,59,109.0,1633.0,74.0,-3.0,14.49,83.5,-7.0,14.1,14.5
628.638,59,110.0,1633.0,74.0,-3.0,14.49,83.5,-7.0,14.1,14.5
628.73,59,110.0,1373.0,74.0,-3.0,14.49,83.5,-7.0,14.1,14.5
628.82,59,110.0,1373.0,71.0,-3.0,14.49,83.5,-7.0,14.1,14.5
628.938,59,110.0,1373.0,71.0,-4.0,14.49,83.5,-7.0,14.1,14.5
629.088,59,110.0,1373.0,71.0,-4.0,16.74,83.5,-7.0,14.1,14.5
629.177,59,110.0,1373.0,71.0,-4.0,16.74,83.5,-7.0,14.1,14.5
629.328,59,110.0,1373.0,71.0,-4.0,16.74,83.5,-7.0,14.1,14.5
629.42,59,110.0,1373.0,71.0,-4.0,16.74,83.5,-7.0,14.1,14.5
629.538,59,110.0,1373.0,71.0,-4.0,16.74,83.5,-7.0,14.1,14.5
629.688,59,110.0,1373.0,71.0,-4.0,16.74,83.5,-7.0,14.1,14.5
629.778,59,111.0,1373.0,71.0,-4.0,16.74,83.5,-7.0,14.1,14.5
629.87,59,111.0,2115.0,71.0,-4.0,16.74,83.5,-7.0,14.1,14.5
629.99,59,111.0,2115.0,67.0,-4.0,16.74,83.5,-7.0,14.1,14.5
630.198,59,111.0,2115.0,67.0,-3.0,16.74,83.5,-7.0,14.1,14.5
630.289,59,111.0,2115.0,67.0,-3.0,33.11,83.5,-7.0,14.1,14.5
630.378,59,111.0,2115.0,67.0,-3.0,33.11,83.5,-7.0,14.1,14.5
630.468,59,111.0,2115.0,67.0,-3.0,33.11,83.5,-7.0,14.1,14.5
630.588,59,111.0,2115.0,67.0,-3.0,33.11,83.5,-7.0,14.1,14.5
630.737,59,111.0,2115.0,67.0,-3.0,33.11,83.5,-7.0,14.1,14.5
630.829,59,111.0,2115.0,67.0,-3.0,33.11,83.5,-7.0,14.1,14.5
630.919,59,133.0,2115.0,67.0,-3.0,33.11,83.5,-7.0,14.1,14.5
631.038,59,133.0,2332.0,67.0,-3.0,33.11,83.5,-7.0,14.1,14.5
631.158,59,133.0,2332.0,63.0,-3.0,33.11,83.5,-7.0,14.1,14.5
631.308,59,133.0,2332.0,63.0,0.0,33.11,83.5,-7.0,14.1,14.5
631.429,59,133.0,2332.0,63.0,0.0,32.97,83.5,-7.0,14.1,14.5
631.577,59,133.0,2332.0,63.0,0.0,32.97,83.5,-7.0,14.1,14.5
631.67,59,133.0,2332.0,63.0,0.0,32.97,83.5,-7.0,14.1,14.5
631.788,59,133.0,2332.0,63.0,0.0,32.97,83.5,-7.0,27.5,14.5
631.97,59,133.0,2332.0,63.0,0.0,32.97,83.5,-7.0,27.5,27.8
632.088,59,133.0,2332.0,63.0,0.0,32.97,83.5,-7.0,27.5,27.8
632.178,59,137.0,2332.0,63.0,0.0,32.97,83.5,-7.0,27.5,27.8
632.269,59,137.0,2221.0,63.0,0.0,32.97,83.5,-7.0,27.5,27.8
632.388,59,137.0,2221.0,60.0,0.0,32.97,83.5,-7.0,27.5,27.8
632.538,59,137.0,2221.0,60.0,-1.0,32.97,83.5,-7.0,27.5,27.8
632.63,59,137.0,2221.0,60.0,-1.0,29.38,83.5,-7.0,27.5,27.8
632.719,59,137.0,2221.0,60.0,-1.0,29.38,83.5,-7.0,27.5,27.8
632.838,59,137.0,2221.0,60.0,-1.0,29.38,83.5,-7.0,27.5,27.8
632.99,59,137.0,2221.0,60.0,-1.0,29.38,83.5,-7.0,14.1,27.8
633.079,59,137.0,2221.0,60.0,-1.0,29.38,83.5,-7.0,14.1,14.5
633.198,59,137.0,2221.0,60.0,-1.0,29.38,83.5,-7.0,14.1,14.5
633.289,59,133.0,2221.0,60.0,-1.0,29.38,83.5,-7.0,14.1,14.5
633.379,59,133.0,2113.0,60.0,-1.0,29.38,83.5,-7.0,14.1,14.5
633.469,59,133.0,2113.0,57.0,-1.0,29.38,83.5,-7.0,14.1,14.5
633.588,59,133.0,2113.0,57.0,-2.0,29.38,83.5,-7.0,14.1,14.5
633.738,59,133.0,2113.0,57.0,-2.0,25.58,83.5,-7.0,14.1,14.5
633.833,59,133.0,2113.0,57.0,-2.0,25.58,83.5,-7.0,14.1,14.5
633.919,59,133.0,2113.0,57.0,-2.0,25.58,83.5,-7.0,14.1,14.5
634.008,59,133.0,2113.0,57.0,-2.0,25.58,83.5,-7.0,14.1,14.5
634.129,59,133.0,2113.0,57.0,-2.0,25.58,83.5,-7.0,14.1,14.5
634.279,59,133.0,2113.0,57.0,-2.0,25.58,83.5,-7.0,14.1,14.5
634.429,59,126.0,2113.0,57.0,-2.0,25.58,83.5,-7.0,14.1,14.5
634.519,59,126.0,1855.0,57.0,-2.0,25.58,83.5,-7.0,14.1,14.5
634.613,59,126.0,1855.0,49.0,-2.0,25.58,83.5,-7.0,14.1,14.5
634.732,59,126.0,1855.0,49.0,-2.0,25.58,83.5,-7.0,14.1,14.5
634.878,59,126.0,1855.0,49.0,-2.0,19.77,83.5,-7.0,14.1,14.5
634.969,59,126.0,1855.0,49.0,-2.0,19.77,83.5,-7.0,14.1,14.5
635.058,59,126.0,1855.0,49.0,-2.0,19.77,83.5,-7.0,14.1,14.5
635.208,59,126.0,1855.0,49.0,-2.0,19.77,83.5,-7.0,14.1,14.5
635.33,59,126.0,1855.0,49.0,-2.0,19.77,83.5,-7.0,14.1,14.5
635.478,59,126.0,1855.0,49.0,-2.0,19.77,83.5,-7.0,14.1,14.5
635.571,59,120.0,1855.0,49.0,-2.0,19.77,83.5,-7.0,14.1,14.5
635.668,59,120.0,1609.0,49.0,-2.0,19.77,83.5,-7.0,14.1,14.5
635.838,59,120.0,1609.0,43.0,-2.0,19.77,83.5,-7.0,14.1,14.5
635.933,59,120.0,1609.0,43.0,-4.0,19.77,83.5,-7.0,14.1,14.5
636.018,59,120.0,1609.0,43.0,-4.0,15.91,83.5,-7.0,14.1,14.5
636.108,59,120.0,1609.0,43.0,-4.0,15.91,83.5,-7.0,14.1,14.5
636.229,59,120.0,1609.0,43.0,-4.0,15.91,83.5,-7.0,14.1,14.5
636.318,59,120.0,1609.0,43.0,-4.0,15.91,83.5,-7.0,14.1,14.5
636.409,59,120.0,1609.0,43.0,-4.0,15.91,83.5,-7.0,14.1,14.5
636.527,59,120.0,1609.0,43.0,-4.0,15.91,83.5,-7.0,14.1,14.5
636.678,59,116.0,1609.0,43.0,-4.0,15.91,83.5,-7.0,14.1,14.5
636.772,59,116.0,1407.0,43.0,-4.0,15.91,83.5,-7.0,14.1,14.5
636.86,59,116.0,1407.0,38.0,-4.0,15.91,83.5,-7.0,14.1,14.5
636.978,59,116.0,1407.0,38.0,-5.0,15.91,83.5,-7.0,14.1,14.5
637.128,59,116.0,1407.0,38.0,-5.0,13.61,83.5,-7.0,14.1,14.5
637.247,59,116.0,1407.0,38.0,-5.0,13.61,83.5,-7.0,14.1,14.5
637.398,59,116.0,1407.0,38.0,-5.0,13.61,83.5,-7.0,14.1,14.5
637.488,59,116.0,1407.0,38.0,-5.0,13.61,83.5,-7.0,34.5,14.5
637.578,59,116.0,1407.0,38.0,-5.0,13.61,83.5,-7.0,34.5,36.5
637.67,59,116.0,1407.0,38.0,-5.0,13.61,83.5,-7.0,34.5,36.5
637.76,59,111.0,1407.0,38.0,-5.0,13.61,83.5,-7.0,34.5,36.5
637.878,59,111.0,1396.0,38.0,-5.0,13.61,83.5,-7.0,34.5,36.5
638.058,59,111.0,1396.0,37.0,-5.0,13.61,83.5,-7.0,34.5,36.5
638.238,59,111.0,1396.0,37.0,-5.0,13.61,83.5,-7.0,34.5,36.5
638.328,59,111.0,1396.0,37.0,-5.0,28.44,83.5,-7.0,34.5,36.5
638.419,59,111.0,1396.0,37.0,-5.0,28.44,83.5,-7.0,34.5,36.5
638.509,59,111.0,1396.0,37.0,-5.0,28.44,83.5,-7.0,34.5,36.5
638.598,59,111.0,1396.0,37.0,-5.0,28.44,83.5,-7.0,50.6,36.5
638.748,59,111.0,1396.0,37.0,-5.0,28.44,83.5,-7.0,50.6,51.4
638.838,59,111.0,1396.0,37.0,-5.0,28.44,83.5,-7.0,50.6,51.4
638.928,59,154.0,1396.0,37.0,-5.0,28.44,83.5,-7.0,50.6,51.4
639.019,59,154.0,1544.0,37.0,-5.0,28.44,83.5,-7.0,50.6,51.4
639.11,59,154.0,1544.0,42.0,-5.0,28.44,83.5,-7.0,50.6,51.4
639.258,59,154.0,1544.0,42.0,0.0,28.44,83.5,-7.0,50.6,51.4
639.377,59,154.0,1544.0,42.0,0.0,44.33,83.5,-7.0,50.6,51.4
639.527,59,154.0,1544.0,42.0,0.0,44.33,83.5,-7.0,50.6,51.4
639.62,59,154.0,1544.0,42.0,0.0,44.33,83.5,-7.0,50.6,51.4
639.71,59,154.0,1544.0,42.0,0.0,44.33,83.5,-7.0,51.0,51.4
639.829,59,154.0,1544.0,42.0,0.0,44.33,83.5,-7.0,51.0,51.8
639.979,59,154.0,1544.0,42.0,0.0,44.33,83.5,-7.0,51.0,51.8
640.068,59,197.0,1544.0,42.0,0.0,44.33,83.5,-7.0,51.0,51.8
640.158,59,197.0,1750.0,42.0,0.0,44.33,83.5,-7.0,51.0,51.8
640.276,59,197.0,1750.0,47.0,0.0,44.33,83.5,-7.0,51.0,51.8
640.428,59,197.0,1750.0,47.0,1.0,44.33,83.5,-7.0,51.0,51.8
640.518,59,197.0,1750.0,47.0,1.0,59.41,83.5,-7.0,51.0,51.8
640.608,59,197.0,1750.0,47.0,1.0,59.41,83.5,-7.0,51.0,51.8
640.729,59,197.0,1750.0,47.0,1.0,59.41,83.5,-7.0,51.0,51.8
640.878,59,197.0,1750.0,47.0,1.0,59.41,83.5,-7.0,53.7,51.8
640.973,59,197.0,1750.0,47.0,1.0,59.41,83.5,-7.0,53.7,54.5
641.059,59,197.0,1750.0,47.0,1.0,59.41,83.5,-7.0,53.7,54.5
641.178,59,210.0,1750.0,47.0,1.0,59.41,83.5,-7.0,53.7,54.5
641.298,59,210.0,1970.0,47.0,1.0,59.41,83.5,-7.0,53.7,54.5
641.39,59,210.0,1970.0,53.0,1.0,59.41,83.5,-7.0,53.7,54.5
641.478,59,210.0,1970.0,53.0,0.0,59.41,83.5,-7.0,53.7,54.5
641.569,59,210.0,1970.0,53.0,0.0,73.83,83.5,-7.0,53.7,54.5
641.659,59,210.0,1970.0,53.0,0.0,73.83,83.5,-7.0,53.7,54.5
641.778,59,210.0,1970.0,53.0,0.0,73.83,83.5,-7.0,53.7,54.5
641.929,59,210.0,1970.0,53.0,0.0,73.83,83.5,-7.0,58.0,54.5
642.018,59,210.0,1970.0,53.0,0.0,73.83,83.5,-7.0,58.0,58.4
642.108,59,210.0,1970.0,53.0,0.0,73.83,83.5,-7.0,58.0,58.4
642.288,59,222.0,1970.0,53.0,0.0,73.83,83.5,-7.0,58.0,58.4
642.437,59,222.0,2264.0,53.0,0.0,73.83,83.5,-7.0,58.0,58.4
642.53,59,222.0,2264.0,61.0,0.0,73.83,83.5,-7.0,58.0,58.4
642.618,59,222.0,2264.0,61.0,0.0,73.83,83.5,-7.0,58.0,58.4
642.713,59,222.0,2264.0,61.0,0.0,84.86,83.5,-7.0,58.0,58.4
642.828,59,222.0,2264.0,61.0,0.0,84.86,83.5,-7.0,58.0,58.4
642.978,59,222.0,2264.0,61.0,0.0,84.86,83.5,-7.0,58.0,58.4
643.068,59,222.0,2264.0,61.0,0.0,84.86,83.5,-7.0,54.9,58.4
643.159,59,222.0,2264.0,61.0,0.0,84.86,83.5,-7.0,54.9,51.8
643.248,59,222.0,2264.0,61.0,0.0,84.86,83.5,-7.0,54.9,51.8
643.398,59,199.0,2264.0,61.0,0.0,84.86,83.5,-7.0,54.9,51.8
643.488,59,199.0,2372.0,61.0,0.0,84.86,83.5,-7.0,54.9,51.8
643.579,59,199.0,2372.0,67.0,0.0,84.86,83.5,-7.0,54.9,51.8
643.673,59,199.0,2372.0,67.0,0.0,84.86,83.5,-7.0,54.9,51.8
643.759,59,199.0,2372.0,67.0,0.0,35.36,83.5,-7.0,54.9,51.8
643.878,59,199.0,2372.0,67.0,0.0,35.36,31.0,-7.0,54.9,51.8
644.044,59,199.0,2372.0,67.0,0.0,35.36,31.0,-7.0,54.9,51.8
644.118,59,199.0,2372.0,67.0,0.0,35.36,31.0,-7.0,50.2,51.8
644.238,59,199.0,2372.0,67.0,0.0,35.36,31.0,-7.0,50.2,58.0
644.418,59,199.0,2372.0,67.0,0.0,35.36,31.0,-7.0,50.2,58.0
644.509,59,134.0,2372.0,67.0,0.0,35.36,31.0,-7.0,50.2,58.0
644.629,59,134.0,1757.0,67.0,0.0,35.36,31.0,-7.0,50.2,58.0
644.778,59,134.0,1757.0,69.0,0.0,35.36,31.0,-7.0,50.2,58.0
644.873,59,134.0,1757.0,69.0,-3.0,35.36,31.0,-7.0,50.2,58.0
644.961,59,134.0,1757.0,69.0,-3.0,59.38,31.0,-7.0,50.2,58.0
645.078,59,134.0,1757.0,69.0,-3.0,59.38,83.5,-7.0,50.2,58.0
645.318,59,134.0,1757.0,69.0,-3.0,59.38,83.5,-7.0,50.2,58.0
645.468,59,134.0,1757.0,69.0,-3.0,59.38,83.5,-7.0,63.5,58.0
645.558,59,134.0,1757.0,69.0,-3.0,59.38,83.5,-7.0,63.5,63.9
645.678,59,134.0,1757.0,69.0,-3.0,59.38,83.5,-7.0,63.5,63.9
645.829,59,230.0,1757.0,69.0,-3.0,59.38,83.5,-7.0,63.5,63.9
645.921,59,230.0,1947.0,69.0,-3.0,59.38,83.5,-7.0,63.5,63.9
646.009,59,230.0,1947.0,76.0,-3.0,59.38,83.5,-7.0,63.5,63.9
646.128,59,230.0,1947.0,76.0,-1.0,59.38,83.5,-7.0,63.5,63.9
646.277,59,230.0,1947.0,76.0,-1.0,74.22,83.5,-7.0,63.5,63.9
646.428,59,230.0,1947.0,76.0,-1.0,74.22,83.5,-7.0,63.5,63.9
646.52,59,230.0,1947.0,76.0,-1.0,74.22,83.5,-7.0,63.5,63.9
646.611,59,230.0,1947.0,76.0,-1.0,74.22,83.5,-7.0,63.1,63.9
646.729,59,230.0,1947.0,76.0,-1.0,74.22,83.5,-7.0,63.1,63.5
646.821,60,230.0,1947.0,76.0,-1.0,74.22,83.5,-7.0,63.1,63.5
646.911,60,228.0,1947.0,76.0,-1.0,74.22,83.5,-7.0,63.1,63.5
647.028,60,228.0,2111.0,76.0,-1.0,74.22,83.5,-7.0,63.1,63.5
647.148,60,228.0,2111.0,83.0,-1.0,74.22,83.5,-7.0,63.1,63.5
647.238,60,228.0,2111.0,83.0,-1.0,74.22,83.5,-7.0,63.1,63.5
647.388,60,228.0,2111.0,83.0,-1.0,66.86,83.5,-7.0,63.1,63.5
647.478,60,228.0,2111.0,83.0,-1.0,66.86,83.5,-7.0,63.1,63.5
647.57,60,228.0,2111.0,83.0,-1.0,66.86,83.5,-7.0,63.1,63.5
647.66,60,228.0,2111.0,83.0,-1.0,66.86,83.5,-7.0,14.1,63.5
647.779,60,228.0,2111.0,83.0,-1.0,66.86,83.5,-7.0,14.1,14.5
647.929,60,228.0,2111.0,83.0,-1.0,66.86,83.5,-7.0,14.1,14.5
648.018,60,141.0,2111.0,83.0,-1.0,66.86,83.5,-7.0,14.1,14.5
648.109,60,141.0,1733.0,83.0,-1.0,66.86,83.5,-7.0,14.1,14.5
648.258,60,141.0,1733.0,82.0,-1.0,66.86,83.5,-7.0,14.1,14.5
648.348,60,141.0,1733.0,82.0,-2.0,66.86,83.5,-7.0,14.1,14.5
648.468,60,141.0,1733.0,82.0,-2.0,29.63,83.5,-7.0,14.1,14.5
648.62,60,141.0,1733.0,82.0,-2.0,29.63,83.5,-7.0,14.1,14.5
648.711,60,141.0,1733.0,82.0,-2.0,29.63,83.5,-7.0,14.1,14.5
648.799,60,141.0,1733.0,82.0,-2.0,29.63,83.5,-7.0,41.2,14.5
648.921,60,141.0,1733.0,82.0,-2.0,29.63,83.5,-7.0,41.2,37.6
649.069,60,141.0,1733.0,82.0,-2.0,29.63,83.5,-7.0,41.2,37.6
649.158,60,131.0,1733.0,82.0,-2.0,29.63,83.5,-7.0,41.2,37.6
649.278,60,131.0,1661.0,82.0,-2.0,29.63,83.5,-7.0,41.2,37.6
649.369,60,131.0,1661.0,83.0,-2.0,29.63,83.5,-7.0,41.2,37.6
649.458,60,131.0,1661.0,83.0,-5.0,29.63,83.5,-7.0,41.2,37.6
649.578,60,131.0,1661.0,83.0,-5.0,15.77,83.5,-7.0,41.2,37.6
649.729,60,131.0,1661.0,83.0,-5.0,15.77,83.5,-7.0,41.2,37.6
649.821,60,131.0,1661.0,83.0,-5.0,15.77,83.5,-7.0,41.2,37.6
649.912,60,131.0,1661.0,83.0,-5.0,15.77,83.5,-7.0,14.1,37.6
649.999,60,131.0,1661.0,83.0,-5.0,15.77,83.5,-7.0,14.1,14.5
650.117,60,131.0,1661.0,83.0,-5.0,15.77,83.5,-7.0,14.1,14.5
650.237,60,118.0,1661.0,83.0,-5.0,15.77,83.5,-7.0,14.1,14.5
650.329,60,118.0,1628.0,83.0,-5.0,15.77,83.5,-7.0,14.1,14.5
650.418,60,118.0,1628.0,80.0,-5.0,15.77,83.5,-7.0,14.1,14.5
650.509,60,118.0,1628.0,80.0,-8.0,15.77,83.5,-7.0,14.1,14.5
650.599,60,118.0,1628.0,80.0,-8.0,16.91,83.5,-7.0,14.1,14.5
650.718,60,118.0,1628.0,80.0,-8.0,16.91,83.5,-7.0,14.1,14.5
650.868,60,118.0,1628.0,80.0,-8.0,16.91,83.5,-7.0,14.1,14.5
650.96,60,118.0,1628.0,80.0,-8.0,16.91,83.5,-7.0,14.1,14.5
651.049,60,118.0,1628.0,80.0,-8.0,16.91,83.5,-7.0,14.1,14.5
651.168,60,118.0,1628.0,80.0,-8.0,16.91,83.5,-7.0,14.1,14.5
651.317,60,122.0,1628.0,80.0,-8.0,16.91,83.5,-7.0,14.1,14.5
651.468,60,122.0,1535.0,80.0,-8.0,16.91,83.5,-7.0,14.1,14.5
651.558,60,122.0,1535.0,75.0,-8.0,16.91,83.5,-7.0,14.1,14.5
651.651,60,122.0,1535.0,75.0,-7.0,16.91,83.5,-7.0,14.1,14.5
651.769,60,122.0,1535.0,75.0,-7.0,15.66,83.5,-7.0,14.1,14.5
651.918,60,122.0,1535.0,75.0,-7.0,15.66,83.5,-7.0,14.1,14.5
652.012,60,122.0,1535.0,75.0,-7.0,15.66,83.5,-7.0,14.1,14.5
652.098,60,122.0,1535.0,75.0,-7.0,15.66,83.5,-7.0,14.1,14.5
652.218,60,122.0,1535.0,75.0,-7.0,15.66,83.5,-7.0,14.1,14.5
652.338,60,122.0,1535.0,75.0,-7.0,15.66,83.5,-7.0,14.1,14.5
652.429,60,118.0,1535.0,75.0,-7.0,15.66,83.5,-7.0,14.1,14.5
652.518,60,118.0,1368.0,75.0,-7.0,15.66,83.5,-7.0,14.1,14.5
652.608,60,118.0,1368.0,67.0,-7.0,15.66,83.5,-7.0,14.1,14.5
652.702,60,118.0,1368.0,67.0,-7.0,15.66,83.5,-7.0,14.1,14.5
652.818,60,118.0,1368.0,67.0,-7.0,13.44,83.5,-7.0,14.1,14.5
652.969,60,118.0,1368.0,67.0,-7.0,13.44,83.5,-7.0,14.1,14.5
653.06,60,118.0,1368.0,67.0,-7.0,13.44,83.5,-7.0,14.1,14.5
653.206,60,118.0,1368.0,67.0,-7.0,13.44,83.5,-7.0,14.1,14.5
653.298,60,118.0,1368.0,67.0,-7.0,13.44,83.5,-7.0,14.1,14.5
653.417,60,118.0,1368.0,67.0,-7.0,13.44,83.5,-7.0,14.1,14.5
653.567,60,114.0,1368.0,67.0,-7.0,13.44,83.5,-7.0,14.1,14.5
653.658,60,114.0,1260.0,67.0,-7.0,13.44,83.5,-7.0,14.1,14.5
653.749,60,114.0,1260.0,62.0,-7.0,13.44,83.5,-7.0,14.1,14.5
653.868,60,114.0,1260.0,62.0,-7.0,13.44,83.5,-7.0,14.1,14.5
654.017,60,114.0,1260.0,62.0,-7.0,12.41,83.5,-7.0,14.1,14.5
654.108,60,114.0,1260.0,62.0,-7.0,12.41,83.5,-7.0,14.1,14.5
654.198,60,114.0,1260.0,62.0,-7.0,12.41,83.5,-7.0,14.1,14.5
654.291,60,114.0,1260.0,62.0,-7.0,12.41,83.5,-7.0,14.1,14.5
654.438,60,114.0,1260.0,62.0,-7.0,12.41,83.5,-7.0,14.1,14.5
654.531,60,114.0,1260.0,62.0,-7.0,12.41,83.5,-7.0,14.1,14.5
654.619,60,112.0,1260.0,62.0,-7.0,12.41,83.5,-7.0,14.1,14.5
654.708,60,112.0,1145.0,62.0,-7.0,12.41,83.5,-7.0,14.1,14.5
654.799,60,112.0,1145.0,61.0,-7.0,12.41,83.5,-7.0,14.1,14.5
654.922,60,112.0,1145.0,61.0,-7.0,12.41,83.5,-7.0,14.1,14.5
655.068,60,112.0,1145.0,61.0,-7.0,18.38,83.5,-7.0,14.1,14.5
655.158,60,112.0,1145.0,61.0,-7.0,18.38,83.5,-7.0,14.1,14.5
655.249,60,112.0,1145.0,61.0,-7.0,18.38,83.5,-7.0,14.1,14.5
655.368,60,112.0,1145.0,61.0,-7.0,18.38,83.5,-7.0,30.2,14.5
655.488,60,112.0,1145.0,61.0,-7.0,18.38,83.5,-7.0,30.2,23.5
655.639,60,112.0,1145.0,61.0,-7.0,18.38,83.5,-7.0,30.2,23.5
655.732,60,109.0,1145.0,61.0,-7.0,18.38,83.5,-7.0,30.2,23.5
655.819,60,109.0,1227.0,61.0,-7.0,18.38,83.5,-7.0,30.2,23.5
655.912,60,109.0,1227.0,59.0,-7.0,18.38,83.5,-7.0,30.2,23.5
655.998,60,109.0,1227.0,59.0,-5.0,18.38,83.5,-7.0,30.2,23.5
656.117,60,109.0,1227.0,59.0,-5.0,7.94,83.5,-7.0,30.2,23.5
656.238,60,109.0,1227.0,59.0,-5.0,7.94,83.5,-7.0,30.2,23.5
656.329,60,109.0,1227.0,59.0,-5.0,7.94,83.5,-7.0,30.2,23.5
656.419,60,109.0,1227.0,59.0,-5.0,7.94,83.5,-7.0,14.1,23.5
656.508,60,109.0,1227.0,59.0,-5.0,7.94,83.5,-7.0,14.1,14.5
656.6,60,109.0,1227.0,59.0,-5.0,7.94,83.5,-7.0,14.1,14.5
656.718,60,104.0,1227.0,59.0,-5.0,7.94,83.5,-7.0,14.1,14.5
656.869,60,104.0,1927.0,59.0,-5.0,7.94,83.5,-7.0,14.1,14.5
656.96,60,104.0,1927.0,56.0,-5.0,7.94,83.5,-7.0,14.1,14.5
657.049,60,104.0,1927.0,56.0,-7.0,7.94,83.5,-7.0,14.1,14.5
657.168,60,104.0,1927.0,56.0,-7.0,24.16,83.5,-7.0,14.1,14.5
657.378,60,104.0,1927.0,56.0,-7.0,24.16,83.5,-7.0,14.1,14.5
657.469,60,104.0,1927.0,56.0,-7.0,24.16,83.5,-7.0,14.1,14.5
657.558,60,104.0,1927.0,56.0,-7.0,24.16,83.5,-7.0,23.1,14.5
657.652,60,104.0,1927.0,56.0,-7.0,24.16,83.5,-7.0,23.1,25.1
657.769,60,104.0,1927.0,56.0,-7.0,24.16,83.5,-7.0,23.1,25.1
657.918,60,120.0,1927.0,56.0,-7.0,24.16,83.5,-7.0,23.1,25.1
658.011,60,120.0,2045.0,56.0,-7.0,24.16,83.5,-7.0,23.1,25.1
658.128,60,120.0,2045.0,54.0,-7.0,24.16,83.5,-7.0,23.1,25.1
658.247,60,120.0,2045.0,54.0,-3.0,24.16,83.5,-7.0,23.1,25.1
658.398,60,120.0,2045.0,54.0,-3.0,29.47,83.5,-7.0,23.1,25.1
658.517,60,120.0,2045.0,54.0,-3.0,29.47,83.5,-7.0,23.1,25.1
658.669,60,120.0,2045.0,54.0,-3.0,29.47,83.5,-7.0,23.1,25.1
658.76,60,120.0,2045.0,54.0,-3.0,29.47,83.5,-7.0,46.3,25.1
658.853,60,120.0,2045.0,54.0,-3.0,29.47,83.5,-7.0,46.3,47.1
658.975,61,120.0,2045.0,54.0,-3.0,29.47,83.5,-7.0,46.3,47.1
659.118,61,175.0,2045.0,54.0,-3.0,29.47,83.5,-7.0,46.3,47.1
659.268,61,175.0,2103.0,54.0,-3.0,29.47,83.5,-7.0,46.3,47.1
659.386,61,175.0,2103.0,57.0,-3.0,29.47,83.5,-7.0,46.3,47.1
659.477,61,175.0,2103.0,57.0,0.0,29.47,83.5,-7.0,46.3,47.1
659.567,61,175.0,2103.0,57.0,0.0,46.61,83.5,-7.0,46.3,47.1
659.657,61,175.0,2103.0,57.0,0.0,46.61,83.5,-7.0,46.3,47.1
659.748,61,175.0,2103.0,57.0,0.0,46.61,83.5,-7.0,46.3,47.1
659.867,61,175.0,2103.0,57.0,0.0,46.61,83.5,-7.0,49.0,47.1
660.017,61,175.0,2103.0,57.0,0.0,46.61,83.5,-7.0,49.0,51.0
660.109,61,175.0,2103.0,57.0,0.0,46.61,83.5,-7.0,49.0,51.0
660.198,61,203.0,2103.0,57.0,0.0,46.61,83.5,-7.0,49.0,51.0
660.288,61,203.0,2252.0,57.0,0.0,46.61,83.5,-7.0,49.0,51.0
660.438,61,203.0,2252.0,61.0,0.0,46.61,83.5,-7.0,49.0,51.0
660.532,61,203.0,2252.0,61.0,0.0,46.61,83.5,-7.0,49.0,51.0
660.619,61,203.0,2252.0,61.0,0.0,80.83,83.5,-7.0,49.0,51.0
660.713,61,203.0,2252.0,61.0,0.0,80.83,83.5,-7.0,49.0,51.0
660.801,61,203.0,2252.0,61.0,0.0,80.83,83.5,-7.0,49.0,51.0
660.92,61,203.0,2252.0,61.0,0.0,80.83,83.5,-7.0,54.5,51.0
661.068,61,203.0,2252.0,61.0,0.0,80.83,83.5,-7.0,54.5,55.3
661.159,61,203.0,2252.0,61.0,0.0,80.83,83.5,-7.0,54.5,55.3
661.312,61,216.0,2252.0,61.0,0.0,80.83,83.5,-7.0,54.5,55.3
661.4,61,216.0,2469.0,61.0,0.0,80.83,83.5,-7.0,54.5,55.3
661.517,61,216.0,2469.0,66.0,0.0,80.83,83.5,-7.0,54.5,55.3
661.668,61,216.0,2469.0,66.0,1.0,80.83,83.5,-7.0,54.5,55.3
661.761,61,216.0,2469.0,66.0,1.0,92.69,83.5,-7.0,54.5,55.3
661.852,61,216.0,2469.0,66.0,1.0,92.69,83.5,-7.0,54.5,55.3
661.939,61,216.0,2469.0,66.0,1.0,92.69,83.5,-7.0,54.5,55.3
662.057,61,216.0,2469.0,66.0,1.0,92.69,83.5,-7.0,58.0,55.3
662.209,61,216.0,2469.0,66.0,1.0,92.69,83.5,-7.0,58.0,54.9
662.297,61,216.0,2469.0,66.0,1.0,92.69,83.5,-7.0,58.0,54.9
662.448,61,205.0,2469.0,66.0,1.0,92.69,83.5,-7.0,58.0,54.9
662.567,61,205.0,2590.0,66.0,1.0,92.69,83.5,-7.0,58.0,54.9
662.718,61,205.0,2590.0,73.0,1.0,92.69,83.5,-7.0,58.0,54.9
662.812,61,205.0,2590.0,73.0,0.0,92.69,83.5,-7.0,58.0,54.9
662.899,61,205.0,2590.0,73.0,0.0,35.33,83.5,-7.0,58.0,54.9
662.989,61,205.0,2590.0,73.0,0.0,35.33,31.0,-7.0,58.0,54.9
663.108,61,205.0,2590.0,73.0,0.0,35.33,31.0,-7.0,58.0,54.9
663.257,61,205.0,2590.0,73.0,0.0,35.33,31.0,-7.0,52.9,54.9
663.348,61,205.0,2590.0,73.0,0.0,35.33,31.0,-7.0,52.9,56.9
663.438,61,205.0,2590.0,73.0,0.0,35.33,31.0,-7.0,52.9,56.9
663.557,61,134.0,2590.0,73.0,0.0,35.33,31.0,-7.0,52.9,56.9
663.711,61,134.0,1900.0,73.0,0.0,35.33,31.0,-7.0,52.9,56.9
663.799,61,134.0,1900.0,74.0,0.0,35.33,31.0,-7.0,52.9,56.9
663.92,61,134.0,1900.0,74.0,-4.0,35.33,31.0,-7.0,52.9,56.9
664.068,61,134.0,1900.0,74.0,-4.0,68.63,31.0,-7.0,52.9,56.9
664.158,61,134.0,1900.0,74.0,-4.0,68.63,83.5,-7.0,52.9,56.9
664.308,61,134.0,1900.0,74.0,-4.0,68.63,83.5,-7.0,52.9,56.9
664.398,61,134.0,1900.0,74.0,-4.0,68.63,83.5,-7.0,59.6,56.9
664.488,61,134.0,1900.0,74.0,-4.0,68.63,83.5,-7.0,59.6,60.4
664.611,61,134.0,1900.0,74.0,-4.0,68.63,83.5,-7.0,59.6,60.4
664.758,61,231.0,1900.0,74.0,-4.0,68.63,83.5,-7.0,59.6,60.4
664.852,61,231.0,2063.0,74.0,-4.0,68.63,83.5,-7.0,59.6,60.4
664.939,61,231.0,2063.0,80.0,-4.0,68.63,83.5,-7.0,59.6,60.4
665.058,61,231.0,2063.0,80.0,-2.0,68.63,83.5,-7.0,59.6,60.4
665.208,61,231.0,2063.0,80.0,-2.0,78.19,83.5,-7.0,59.6,60.4
665.297,61,231.0,2063.0,80.0,-2.0,78.19,83.5,-7.0,59.6,60.4
665.447,61,231.0,2063.0,80.0,-2.0,78.19,83.5,-7.0,59.6,60.4
665.542,61,231.0,2063.0,80.0,-2.0,78.19,83.5,-7.0,60.0,60.4
665.658,61,231.0,2063.0,80.0,-2.0,78.19,83.5,-7.0,60.0,60.4
665.807,61,231.0,2063.0,80.0,-2.0,78.19,83.5,-7.0,60.0,60.4
665.898,61,227.0,2063.0,80.0,-2.0,78.19,83.5,-7.0,60.0,60.4
665.99,61,227.0,2219.0,80.0,-2.0,78.19,83.5,-7.0,60.0,60.4
666.107,61,227.0,2219.0,87.0,-2.0,78.19,83.5,-7.0,60.0,60.4
666.316,61,227.0,2219.0,87.0,-1.0,78.19,83.5,-7.0,60.0,60.4
666.466,61,227.0,2219.0,87.0,-1.0,63.16,83.5,-7.0,60.0,60.4
666.558,61,227.0,2219.0,87.0,-1.0,63.16,83.5,-7.0,60.0,60.4
666.678,61,227.0,2219.0,87.0,-1.0,63.16,83.5,-7.0,60.0,60.4
666.77,61,227.0,2219.0,87.0,-1.0,63.16,83.5,-7.0,14.1,60.4
666.858,61,227.0,2219.0,87.0,-1.0,63.16,83.5,-7.0,14.1,14.5
666.954,61,227.0,2219.0,87.0,-1.0,63.16,83.5,-7.0,14.1,14.5
667.04,61,138.0,2219.0,87.0,-1.0,63.16,83.5,-7.0,14.1,14.5
667.158,61,138.0,1635.0,87.0,-1.0,63.16,83.5,-7.0,14.1,14.5
667.277,61,138.0,1635.0,87.0,-1.0,63.16,83.5,-7.0,14.1,14.5
667.428,61,138.0,1635.0,87.0,-3.0,63.16,83.5,-7.0,14.1,14.5
667.519,61,138.0,1635.0,87.0,-3.0,38.47,83.5,-7.0,14.1,14.5
667.612,61,138.0,1635.0,87.0,-3.0,38.47,83.5,-7.0,14.1,14.5
667.699,61,138.0,1635.0,87.0,-3.0,38.47,83.5,-7.0,14.1,14.5
667.792,61,138.0,1635.0,87.0,-3.0,38.47,83.5,-7.0,58.4,14.5
667.913,61,138.0,1635.0,87.0,-3.0,38.47,83.5,-7.0,58.4,59.6
668.057,61,138.0,1635.0,87.0,-3.0,38.47,83.5,-7.0,58.4,59.6
668.15,61,196.0,1635.0,87.0,-3.0,38.47,83.5,-7.0,58.4,59.6
668.238,61,196.0,1795.0,87.0,-3.0,38.47,83.5,-7.0,58.4,59.6
668.331,61,196.0,1795.0,89.0,-3.0,38.47,83.5,-7.0,58.4,59.6
668.419,61,196.0,1795.0,89.0,-6.0,38.47,83.5,-7.0,58.4,59.6
668.568,61,196.0,1795.0,89.0,-6.0,65.41,83.5,-7.0,58.4,59.6
668.662,61,196.0,1795.0,89.0,-6.0,65.41,83.5,-7.0,58.4,59.6
668.752,61,196.0,1795.0,89.0,-6.0,65.41,83.5,-7.0,58.4,59.6
668.84,61,196.0,1795.0,89.0,-6.0,65.41,83.5,-7.0,57.6,59.6
668.958,61,196.0,1795.0,89.0,-6.0,65.41,83.5,-7.0,57.6,55.7
669.108,62,196.0,1795.0,89.0,-6.0,65.41,83.5,-7.0,57.6,55.7
669.199,62,218.0,1795.0,89.0,-6.0,65.41,83.5,-7.0,57.6,55.7
669.292,62,218.0,1847.0,89.0,-6.0,65.41,83.5,-7.0,57.6,55.7
669.437,62,218.0,1847.0,92.0,-6.0,65.41,83.5,-7.0,57.6,55.7
669.558,62,218.0,1847.0,92.0,-3.0,65.41,83.5,-7.0,57.6,55.7
669.71,62,218.0,1847.0,92.0,-3.0,28.13,83.5,-7.0,57.6,55.7
669.8,62,218.0,1847.0,92.0,-3.0,28.13,31.0,-7.0,57.6,55.7
669.892,62,218.0,1847.0,92.0,-3.0,28.13,31.0,-7.0,57.6,55.7
670.01,62,218.0,1847.0,92.0,-3.0,28.13,31.0,-7.0,34.9,55.7
670.158,62,218.0,1847.0,92.0,-3.0,28.13,31.0,-7.0,34.9,35.7
670.248,62,218.0,1847.0,92.0,-3.0,28.13,31.0,-7.0,34.9,35.7
670.367,62,113.0,1847.0,92.0,-3.0,28.13,31.0,-7.0,34.9,35.7
670.458,62,113.0,1539.0,92.0,-3.0,28.13,31.0,-7.0,34.9,35.7
670.55,62,113.0,1539.0,91.0,-3.0,28.13,31.0,-7.0,34.9,35.7
670.638,62,113.0,1539.0,91.0,-6.0,28.13,31.0,-7.0,34.9,35.7
670.758,62,113.0,1539.0,91.0,-6.0,16.41,31.0,-7.0,34.9,35.7
670.907,62,113.0,1539.0,91.0,-6.0,16.41,83.5,-7.0,34.9,35.7
671.0,62,113.0,1539.0,91.0,-6.0,16.41,83.5,-7.0,34.9,35.7
671.117,62,113.0,1539.0,91.0,-6.0,16.41,83.5,-7.0,34.5,35.7
671.269,62,113.0,1539.0,91.0,-6.0,16.41,83.5,-7.0,34.5,35.7
671.388,62,113.0,1539.0,91.0,-6.0,16.41,83.5,-7.0,34.5,35.7
671.538,62,124.0,1539.0,91.0,-6.0,16.41,83.5,-7.0,34.5,35.7
671.66,62,124.0,1532.0,91.0,-6.0,16.41,83.5,-7.0,34.5,35.7
671.809,62,124.0,1532.0,90.0,-6.0,16.41,83.5,-7.0,34.5,35.7
671.901,62,124.0,1532.0,90.0,-7.0,16.41,83.5,-7.0,34.5,35.7
671.99,62,124.0,1532.0,90.0,-7.0,22.41,83.5,-7.0,34.5,35.7
672.108,62,124.0,1532.0,90.0,-7.0,22.41,83.5,-7.0,34.5,35.7
672.257,62,124.0,1532.0,90.0,-7.0,22.41,83.5,-7.0,34.5,35.7
672.32,62,124.0,1532.0,90.0,-7.0,22.41,83.5,-7.0,39.6,35.7
672.467,62,124.0,1532.0,90.0,-7.0,22.41,83.5,-7.0,39.6,40.0
672.558,62,124.0,1532.0,90.0,-7.0,22.41,83.5,-7.0,39.6,40.0
672.653,62,136.0,1532.0,90.0,-7.0,22.41,83.5,-7.0,39.6,40.0
672.738,62,136.0,1528.0,90.0,-7.0,22.41,83.5,-7.0,39.6,40.0
672.859,62,136.0,1528.0,90.0,-7.0,22.41,83.5,-7.0,39.6,40.0
673.007,62,136.0,1528.0,90.0,-6.0,22.41,83.5,-7.0,39.6,40.0
673.099,62,136.0,1528.0,90.0,-6.0,19.27,83.5,-7.0,39.6,40.0
673.188,62,136.0,1528.0,90.0,-6.0,19.27,83.5,-7.0,39.6,40.0
673.338,62,136.0,1528.0,90.0,-6.0,19.27,83.5,-7.0,39.6,40.0
673.457,62,136.0,1528.0,90.0,-6.0,19.27,83.5,-7.0,35.7,40.0
673.61,62,136.0,1528.0,90.0,-6.0,19.27,83.5,-7.0,35.7,36.1
673.701,62,136.0,1528.0,90.0,-6.0,19.27,83.5,-7.0,35.7,36.1
673.791,62,126.0,1528.0,90.0,-6.0,19.27,83.5,-7.0,35.7,36.1
673.909,62,126.0,1519.0,90.0,-6.0,19.27,83.5,-7.0,35.7,36.1
674.056,62,126.0,1519.0,90.0,-6.0,19.27,83.5,-7.0,35.7,36.1
674.15,62,126.0,1519.0,90.0,-6.0,19.27,83.5,-7.0,35.7,36.1
674.238,62,126.0,1519.0,90.0,-6.0,15.13,83.5,-7.0,35.7,36.1
674.328,62,126.0,1519.0,90.0,-6.0,15.13,83.5,-7.0,35.7,36.1
674.449,62,126.0,1519.0,90.0,-6.0,15.13,83.5,-7.0,35.7,36.1
674.538,62,126.0,1519.0,90.0,-6.0,15.13,83.5,-7.0,31.8,36.1
674.659,62,126.0,1519.0,90.0,-6.0,15.13,83.5,-7.0,31.8,31.8
674.809,62,126.0,1519.0,90.0,-6.0,15.13,83.5,-7.0,31.8,31.8
674.9,62,113.0,1519.0,90.0,-6.0,15.13,83.5,-7.0,31.8,31.8
674.992,62,113.0,1512.0,90.0,-6.0,15.13,83.5,-7.0,31.8,31.8
675.108,62,113.0,1512.0,89.0,-6.0,15.13,83.5,-7.0,31.8,31.8
675.257,62,113.0,1512.0,89.0,-7.0,15.13,83.5,-7.0,31.8,31.8
675.318,62,113.0,1512.0,89.0,-7.0,15.13,83.5,-7.0,31.8,31.8
675.409,62,113.0,1512.0,89.0,-7.0,15.13,83.5,-7.0,31.8,31.8
675.499,62,113.0,1512.0,89.0,-7.0,15.13,83.5,-7.0,31.8,31.8
675.589,62,113.0,1512.0,89.0,-7.0,15.13,83.5,-7.0,28.6,31.8
675.707,62,113.0,1512.0,89.0,-7.0,15.13,83.5,-7.0,28.6,29.0
675.857,63,113.0,1512.0,89.0,-7.0,15.13,83.5,-7.0,28.6,29.0
675.953,63,111.0,1512.0,89.0,-7.0,15.13,83.5,-7.0,28.6,29.0
676.045,63,111.0,1493.0,89.0,-7.0,15.13,83.5,-7.0,28.6,29.0
676.157,63,111.0,1493.0,88.0,-7.0,15.13,83.5,-7.0,28.6,29.0
676.368,63,111.0,1493.0,88.0,-7.0,15.13,83.5,-7.0,28.6,29.0
676.458,63,111.0,1493.0,88.0,-7.0,13.77,83.5,-7.0,28.6,29.0
676.55,63,111.0,1493.0,88.0,-7.0,13.77,83.5,-7.0,28.6,29.0
676.638,63,111.0,1493.0,88.0,-7.0,13.77,83.5,-7.0,28.6,29.0
676.758,63,111.0,1493.0,88.0,-7.0,13.77,83.5,-7.0,14.1,29.0
676.91,63,111.0,1493.0,88.0,-7.0,13.77,83.5,-7.0,14.1,14.5
677.002,63,111.0,1493.0,88.0,-7.0,13.77,83.5,-7.0,14.1,14.5
677.088,63,114.0,1493.0,88.0,-7.0,13.77,83.5,-7.0,14.1,14.5
677.207,63,114.0,1464.0,88.0,-7.0,13.77,83.5,-7.0,14.1,14.5
677.329,63,114.0,1464.0,87.0,-7.0,13.77,83.5,-7.0,14.1,14.5
677.418,63,114.0,1464.0,87.0,-7.0,13.77,83.5,-7.0,14.1,14.5
677.537,63,114.0,1464.0,87.0,-7.0,14.77,83.5,-7.0,14.1,14.5
677.629,63,114.0,1464.0,87.0,-7.0,14.77,83.5,-7.0,14.1,14.5
677.748,63,114.0,1464.0,87.0,-7.0,14.77,83.5,-7.0,14.1,14.5
677.897,63,114.0,1464.0,87.0,-7.0,14.77,83.5,-7.0,14.1,14.5
677.991,63,114.0,1464.0,87.0,-7.0,14.77,83.5,-7.0,14.1,14.5
678.078,63,114.0,1464.0,87.0,-7.0,14.77,83.5,-7.0,14.1,14.5
678.197,63,117.0,1464.0,87.0,-7.0,14.77,83.5,-7.0,14.1,14.5
678.317,63,117.0,1046.0,87.0,-7.0,14.77,83.5,-7.0,14.1,14.5
678.467,63,117.0,1046.0,85.0,-7.0,14.77,83.5,-7.0,14.1,14.5
678.558,63,117.0,1046.0,85.0,-6.0,14.77,83.5,-7.0,14.1,14.5
678.654,63,117.0,1046.0,85.0,-6.0,9.61,83.5,-7.0,14.1,14.5
678.738,63,117.0,1046.0,85.0,-6.0,9.61,83.5,-7.0,14.1,14.5
678.831,63,117.0,1046.0,85.0,-6.0,9.61,83.5,-7.0,14.1,14.5
678.95,63,117.0,1046.0,85.0,-6.0,9.61,83.5,-7.0,14.1,14.5
679.097,63,117.0,1046.0,85.0,-6.0,9.61,83.5,-7.0,14.1,14.5
679.189,63,117.0,1046.0,85.0,-6.0,9.61,83.5,-7.0,14.1,14.5
679.307,63,106.0,1046.0,85.0,-6.0,9.61,83.5,-7.0,14.1,14.5
679.397,63,106.0,1877.0,85.0,-6.0,9.61,83.5,-7.0,14.1,14.5
679.487,63,106.0,1877.0,82.0,-6.0,9.61,83.5,-7.0,14.1,14.5
679.577,63,106.0,1877.0,82.0,-7.0,9.61,83.5,-7.0,14.1,14.5
679.697,63,106.0,1877.0,82.0,-7.0,24.61,83.5,-7.0,14.1,14.5
679.847,63,106.0,1877.0,82.0,-7.0,24.61,83.5,-7.0,14.1,14.5
679.938,63,106.0,1877.0,82.0,-7.0,24.61,83.5,-7.0,14.1,14.5
680.029,63,106.0,1877.0,82.0,-7.0,24.61,83.5,-7.0,14.1,14.5
680.147,63,106.0,1877.0,82.0,-7.0,24.61,83.5,-7.0,14.1,14.5
680.328,63,106.0,1877.0,82.0,-7.0,24.61,83.5,-7.0,14.1,14.5
680.418,63,119.0,1877.0,82.0,-7.0,24.61,83.5,-7.0,14.1,14.5
680.509,63,119.0,1977.0,82.0,-7.0,24.61,83.5,-7.0,14.1,14.5
680.599,63,119.0,1977.0,77.0,-7.0,24.61,83.5,-7.0,14.1,14.5
680.691,63,119.0,1977.0,77.0,-3.0,24.61,83.5,-7.0,14.1,14.5
680.778,63,119.0,1977.0,77.0,-3.0,21.41,83.5,-7.0,14.1,14.5
680.897,63,119.0,1977.0,77.0,-3.0,21.41,83.5,-7.0,14.1,14.5
681.049,63,119.0,1977.0,77.0,-3.0,21.41,83.5,-7.0,14.1,14.5
681.138,63,119.0,1977.0,77.0,-3.0,21.41,83.5,-7.0,14.1,14.5
681.229,63,119.0,1977.0,77.0,-3.0,21.41,83.5,-7.0,14.1,14.5
681.409,63,119.0,1977.0,77.0,-3.0,21.41,83.5,-7.0,14.1,14.5
681.557,63,124.0,1977.0,77.0,-3.0,21.41,83.5,-7.0,14.1,14.5
681.653,63,124.0,1821.0,77.0,-3.0,21.41,83.5,-7.0,14.1,14.5
681.741,63,124.0,1821.0,71.0,-3.0,21.41,83.5,-7.0,14.1,14.5
681.831,63,124.0,1821.0,71.0,-4.0,21.41,83.5,-7.0,14.1,14.5
681.95,63,124.0,1821.0,71.0,-4.0,18.99,83.5,-7.0,14.1,14.5
682.098,63,124.0,1821.0,71.0,-4.0,18.99,83.5,-7.0,14.1,14.5
682.189,63,124.0,1821.0,71.0,-4.0,18.99,83.5,-7.0,14.1,14.5
682.278,63,124.0,1821.0,71.0,-4.0,18.99,83.5,-7.0,14.1,14.5
682.397,63,124.0,1821.0,71.0,-4.0,18.99,83.5,-7.0,14.1,14.5
682.549,63,124.0,1821.0,71.0,-4.0,18.99,83.5,-7.0,14.1,14.5
682.64,63,122.0,1821.0,71.0,-4.0,18.99,83.5,-7.0,14.1,14.5
682.758,63,122.0,1695.0,71.0,-4.0,18.99,83.5,-7.0,14.1,14.5
682.91,63,122.0,1695.0,66.0,-4.0,18.99,83.5,-7.0,14.1,14.5
682.998,63,122.0,1695.0,66.0,-4.0,18.99,83.5,-7.0,14.1,14.5
683.089,63,122.0,1695.0,66.0,-4.0,16.91,83.5,-7.0,14.1,14.5
683.178,63,122.0,1695.0,66.0,-4.0,16.91,83.5,-7.0,14.1,14.5
683.297,63,122.0,1695.0,66.0,-4.0,16.91,83.5,-7.0,14.1,14.5
683.391,63,122.0,1695.0,66.0,-4.0,16.91,83.5,-7.0,14.1,14.5
683.509,63,122.0,1695.0,66.0,-4.0,16.91,83.5,-7.0,14.1,14.5
683.599,63,122.0,1695.0,66.0,-4.0,16.91,83.5,-7.0,14.1,14.5
683.692,63,119.0,1695.0,66.0,-4.0,16.91,83.5,-7.0,14.1,14.5
683.779,63,119.0,1615.0,66.0,-4.0,16.91,83.5,-7.0,14.1,14.5
683.898,63,119.0,1615.0,63.0,-4.0,16.91,83.5,-7.0,14.1,14.5
684.047,63,119.0,1615.0,63.0,-5.0,16.91,83.5,-7.0,14.1,14.5
684.138,63,119.0,1615.0,63.0,-5.0,14.99,83.5,-7.0,14.1,14.5
684.229,63,119.0,1615.0,63.0,-5.0,14.99,83.5,-7.0,14.1,14.5
684.408,63,119.0,1615.0,63.0,-5.0,14.99,83.5,-7.0,14.1,14.5
684.558,63,119.0,1615.0,63.0,-5.0,14.99,83.5,-7.0,39.2,14.5
684.651,63,119.0,1615.0,63.0,-5.0,14.99,83.5,-7.0,39.2,40.4
684.74,64,119.0,1615.0,63.0,-5.0,14.99,83.5,-7.0,39.2,40.4
684.831,64,126.0,1615.0,63.0,-5.0,14.99,83.5,-7.0,39.2,40.4
684.949,64,126.0,1649.0,63.0,-5.0,14.99,83.5,-7.0,39.2,40.4
685.097,64,126.0,1649.0,64.0,-5.0,14.99,83.5,-7.0,39.2,40.4
685.189,64,126.0,1649.0,64.0,-5.0,14.99,83.5,-7.0,39.2,40.4
685.308,64,126.0,1649.0,64.0,-5.0,31.44,83.5,-7.0,39.2,40.4
685.428,64,126.0,1649.0,64.0,-5.0,31.44,83.5,-7.0,39.2,40.4
685.548,64,126.0,1649.0,64.0,-5.0,31.44,83.5,-7.0,39.2,40.4
685.698,64,126.0,1649.0,64.0,-5.0,31.44,83.5,-7.0,46.7,40.4
685.792,64,126.0,1649.0,64.0,-5.0,31.44,83.5,-7.0,46.7,47.5
685.879,64,126.0,1649.0,64.0,-5.0,31.44,83.5,-7.0,46.7,47.5
685.997,64,171.0,1649.0,64.0,-5.0,31.44,83.5,-7.0,46.7,47.5
686.148,64,171.0,1731.0,64.0,-5.0,31.44,83.5,-7.0,46.7,47.5
686.269,64,171.0,1731.0,68.0,-5.0,31.44,83.5,-7.0,46.7,47.5
686.389,64,171.0,1731.0,68.0,-1.0,31.44,83.5,-7.0,46.7,47.5
686.512,64,171.0,1731.0,68.0,-1.0,35.38,83.5,-7.0,46.7,47.5
686.598,64,171.0,1731.0,68.0,-1.0,35.38,83.5,-7.0,46.7,47.5
686.717,64,171.0,1731.0,68.0,-1.0,35.38,83.5,-7.0,46.7,47.5
686.811,64,171.0,1731.0,68.0,-1.0,35.38,83.5,-7.0,45.9,47.5
686.9,64,171.0,1731.0,68.0,-1.0,35.38,83.5,-7.0,45.9,46.3
686.993,64,171.0,1731.0,68.0,-1.0,35.38,83.5,-7.0,45.9,46.3
687.078,64,175.0,1731.0,68.0,-1.0,35.38,83.5,-7.0,45.9,46.3
687.197,64,175.0,1817.0,68.0,-1.0,35.38,83.5,-7.0,45.9,46.3
687.349,64,175.0,1817.0,71.0,-1.0,35.38,83.5,-7.0,45.9,46.3
687.498,64,175.0,1817.0,71.0,-1.0,35.38,83.5,-7.0,45.9,46.3
687.59,64,175.0,1817.0,71.0,-1.0,28.22,83.5,-7.0,45.9,46.3
687.71,64,175.0,1817.0,71.0,-1.0,28.22,83.5,-7.0,45.9,46.3
687.857,64,175.0,1817.0,71.0,-1.0,28.22,83.5,-7.0,45.9,46.3
688.041,64,175.0,1817.0,71.0,-1.0,28.22,83.5,-7.0,40.8,46.3
688.13,64,175.0,1817.0,71.0,-1.0,28.22,83.5,-7.0,40.8,40.8
688.249,64,175.0,1817.0,71.0,-1.0,28.22,83.5,-7.0,40.8,40.8
688.368,64,137.0,1817.0,71.0,-1.0,28.22,83.5,-7.0,40.8,40.8
688.458,64,137.0,1861.0,71.0,-1.0,28.22,83.5,-7.0,40.8,40.8
688.55,64,137.0,1861.0,72.0,-1.0,28.22,83.5,-7.0,40.8,40.8
688.672,64,137.0,1861.0,72.0,-2.0,28.22,83.5,-7.0,40.8,40.8
688.759,64,137.0,1861.0,72.0,-2.0,23.63,83.5,-7.0,40.8,40.8
688.91,64,137.0,1861.0,72.0,-2.0,23.63,83.5,-7.0,40.8,40.8
688.998,64,137.0,1861.0,72.0,-2.0,23.63,83.5,-7.0,40.8,40.8
689.089,64,137.0,1861.0,72.0,-2.0,23.63,83.5,-7.0,39.2,40.8
689.178,64,137.0,1861.0,72.0,-2.0,23.63,83.5,-7.0,39.2,39.6
689.297,64,137.0,1861.0,72.0,-2.0,23.63,83.5,-7.0,39.2,39.6
689.448,64,134.0,1861.0,72.0,-2.0,23.63,83.5,-7.0,39.2,39.6
689.597,64,134.0,1859.0,72.0,-2.0,23.63,83.5,-7.0,39.2,39.6
689.75,64,134.0,1859.0,72.0,-2.0,23.63,83.5,-7.0,39.2,39.6
689.869,64,134.0,1859.0,72.0,-4.0,23.63,83.5,-7.0,39.2,39.6
689.959,64,134.0,1859.0,72.0,-4.0,23.22,83.5,-7.0,39.2,39.6
690.108,64,134.0,1859.0,72.0,-4.0,23.22,83.5,-7.0,39.2,39.6
690.198,64,134.0,1859.0,72.0,-4.0,23.22,83.5,-7.0,39.2,39.6
690.29,64,134.0,1859.0,72.0,-4.0,23.22,83.5,-7.0,38.8,39.6
690.438,64,134.0,1859.0,72.0,-4.0,23.22,83.5,-7.0,38.8,39.2
690.529,64,134.0,1859.0,72.0,-4.0,23.22,83.5,-7.0,38.8,39.2
690.651,64,133.0,1859.0,72.0,-4.0,23.22,83.5,-7.0,38.8,39.2
690.797,64,133.0,1861.0,72.0,-4.0,23.22,83.5,-7.0,38.8,39.2
690.894,64,133.0,1861.0,73.0,-4.0,23.22,83.5,-7.0,38.8,39.2
690.978,64,133.0,1861.0,73.0,-4.0,23.22,83.5,-7.0,38.8,39.2
691.097,64,133.0,1861.0,73.0,-4.0,23.22,83.5,-7.0,38.8,39.2
691.248,64,133.0,1861.0,73.0,-4.0,23.22,83.5,-7.0,38.8,39.2
691.369,64,133.0,1861.0,73.0,-4.0,23.22,83.5,-7.0,38.8,39.2
691.488,64,133.0,1861.0,73.0,-4.0,23.22,83.5,-7.0,34.1,39.2
691.637,64,133.0,1861.0,73.0,-4.0,23.22,83.5,-7.0,34.1,22.0
691.731,64,133.0,1861.0,73.0,-4.0,23.22,83.5,-7.0,34.1,22.0
691.848,64,121.0,1861.0,73.0,-4.0,23.22,83.5,-7.0,34.1,22.0
691.997,64,121.0,1817.0,73.0,-4.0,23.22,83.5,-7.0,34.1,22.0
692.089,64,121.0,1817.0,71.0,-4.0,23.22,83.5,-7.0,34.1,22.0
692.178,64,121.0,1817.0,71.0,-4.0,23.22,83.5,-7.0,34.1,22.0
692.297,64,121.0,1817.0,71.0,-4.0,19.33,83.5,-7.0,34.1,22.0
692.448,64,121.0,1817.0,71.0,-4.0,19.33,83.5,-7.0,34.1,22.0
692.538,64,121.0,1817.0,71.0,-4.0,19.33,83.5,-7.0,34.1,22.0
692.659,64,121.0,1817.0,71.0,-4.0,19.33,83.5,-7.0,14.1,22.0
692.751,64,121.0,1817.0,71.0,-4.0,19.33,83.5,-7.0,14.1,14.5
692.84,64,121.0,1817.0,71.0,-4.0,19.33,83.5,-7.0,14.1,14.5
692.931,64,124.0,1817.0,71.0,-4.0,19.33,83.5,-7.0,14.1,14.5
693.048,64,124.0,1758.0,71.0,-4.0,19.33,83.5,-7.0,14.1,14.5
693.197,64,124.0,1758.0,68.0,-4.0,19.33,83.5,-7.0,14.1,14.5
693.29,64,124.0,1758.0,68.0,-5.0,19.33,83.5,-7.0,14.1,14.5
693.438,64,124.0,1758.0,68.0,-5.0,18.19,83.5,-7.0,14.1,14.5
693.529,64,124.0,1758.0,68.0,-5.0,18.19,83.5,-7.0,14.1,14.5
693.62,64,124.0,1758.0,68.0,-5.0,18.19,83.5,-7.0,14.1,14.5
693.737,64,124.0,1758.0,68.0,-5.0,18.19,83.5,-7.0,14.1,14.5
693.892,64,124.0,1758.0,68.0,-5.0,18.19,83.5,-7.0,14.1,14.5
693.979,64,124.0,1758.0,68.0,-5.0,18.19,83.5,-7.0,14.1,14.5
694.07,64,123.0,1758.0,68.0,-5.0,18.19,83.5,-7.0,14.1,14.5
694.188,64,123.0,1626.0,68.0,-5.0,18.19,83.5,-7.0,14.1,14.5
694.337,64,123.0,1626.0,65.0,-5.0,18.19,83.5,-7.0,14.1,14.5
694.399,64,123.0,1626.0,65.0,-5.0,18.19,83.5,-7.0,14.1,14.5
694.55,64,123.0,1626.0,65.0,-5.0,10.69,83.5,-7.0,14.1,14.5
694.639,64,123.0,1626.0,65.0,-5.0,10.69,83.5,-7.0,14.1,14.5
694.731,64,123.0,1626.0,65.0,-5.0,10.69,83.5,-7.0,14.1,14.5
694.819,64,123.0,1626.0,65.0,-5.0,10.69,83.5,-7.0,14.1,14.5
694.937,64,123.0,1626.0,65.0,-5.0,10.69,83.5,-7.0,14.1,14.5
695.088,65,123.0,1626.0,65.0,-5.0,10.69,83.5,-7.0,14.1,14.5
695.178,65,112.0,1626.0,65.0,-5.0,10.69,83.5,-7.0,14.1,14.5
695.269,65,112.0,1490.0,65.0,-5.0,10.69,83.5,-7.0,14.1,14.5
695.388,65,112.0,1490.0,61.0,-5.0,10.69,83.5,-7.0,14.1,14.5
695.478,65,112.0,1490.0,61.0,-7.0,10.69,83.5,-7.0,14.1,14.5
695.598,65,112.0,1490.0,61.0,-7.0,19.41,83.5,-7.0,14.1,14.5
695.662,65,112.0,1490.0,61.0,-7.0,19.41,83.5,-7.0,14.1,14.5
695.81,65,112.0,1490.0,61.0,-7.0,19.41,83.5,-7.0,14.1,14.5
695.899,65,112.0,1490.0,61.0,-7.0,19.41,83.5,-7.0,14.1,14.5
695.994,65,112.0,1490.0,61.0,-7.0,19.41,83.5,-7.0,14.1,14.5
696.078,65,112.0,1490.0,61.0,-7.0,19.41,83.5,-7.0,14.1,14.5
696.169,65,109.0,1490.0,61.0,-7.0,19.41,83.5,-7.0,14.1,14.5
696.288,65,109.0,2087.0,61.0,-7.0,19.41,83.5,-7.0,14.1,14.5
696.437,65,109.0,2087.0,56.0,-7.0,19.41,83.5,-7.0,14.1,14.5
696.53,65,109.0,2087.0,56.0,-4.0,19.41,83.5,-7.0,14.1,14.5
696.619,65,109.0,2087.0,56.0,-4.0,21.27,83.5,-7.0,14.1,14.5
696.737,65,109.0,2087.0,56.0,-4.0,21.27,83.5,-7.0,14.1,14.5
696.891,65,109.0,2087.0,56.0,-4.0,21.27,83.5,-7.0,14.1,14.5
696.982,65,109.0,2087.0,56.0,-4.0,21.27,83.5,-7.0,14.1,14.5
697.069,65,109.0,2087.0,56.0,-4.0,21.27,83.5,-7.0,14.1,14.5
697.188,65,109.0,2087.0,56.0,-4.0,21.27,83.5,-7.0,14.1,14.5
697.337,65,120.0,2087.0,56.0,-4.0,21.27,83.5,-7.0,14.1,14.5
697.428,65,120.0,1978.0,56.0,-4.0,21.27,83.5,-7.0,14.1,14.5
697.577,65,120.0,1978.0,53.0,-4.0,21.27,83.5,-7.0,14.1,14.5
697.671,65,120.0,1978.0,53.0,-4.0,21.27,83.5,-7.0,14.1,14.5
697.79,65,120.0,1978.0,53.0,-4.0,23.27,83.5,-7.0,14.1,14.5
697.938,65,120.0,1978.0,53.0,-4.0,23.27,83.5,-7.0,14.1,14.5
698.057,65,120.0,1978.0,53.0,-4.0,23.27,83.5,-7.0,14.1,14.5
698.208,65,120.0,1978.0,53.0,-4.0,23.27,83.5,-7.0,40.4,14.5
698.298,65,120.0,1978.0,53.0,-4.0,23.27,83.5,-7.0,40.4,40.8
698.449,65,120.0,1978.0,53.0,-4.0,23.27,83.5,-7.0,40.4,40.8
698.537,65,144.0,1978.0,53.0,-4.0,23.27,83.5,-7.0,40.4,40.8
698.689,65,144.0,2006.0,53.0,-4.0,23.27,83.5,-7.0,40.4,40.8
698.779,65,144.0,2006.0,54.0,-4.0,23.27,83.5,-7.0,40.4,40.8
698.87,65,144.0,2006.0,54.0,-3.0,23.27,83.5,-7.0,40.4,40.8
698.991,65,144.0,2006.0,54.0,-3.0,27.41,83.5,-7.0,40.4,40.8
699.137,65,144.0,2006.0,54.0,-3.0,27.41,83.5,-7.0,40.4,40.8
699.23,65,144.0,2006.0,54.0,-3.0,27.41,83.5,-7.0,40.4,40.8
699.319,65,144.0,2006.0,54.0,-3.0,27.41,83.5,-7.0,40.0,40.8
699.497,65,144.0,2006.0,54.0,-3.0,27.41,83.5,-7.0,40.0,40.4
699.65,65,144.0,2006.0,54.0,-3.0,27.41,83.5,-7.0,40.0,40.4
699.739,65,143.0,2006.0,54.0,-3.0,27.41,83.5,-7.0,40.0,40.4
699.832,65,143.0,2076.0,54.0,-3.0,27.41,83.5,-7.0,40.0,40.4
699.919,65,143.0,2076.0,56.0,-3.0,27.41,83.5,-7.0,40.0,40.4
700.045,65,143.0,2076.0,56.0,-3.0,27.41,83.5,-7.0,40.0,40.4
700.187,65,143.0,2076.0,56.0,-3.0,31.97,83.5,-7.0,40.0,40.4
700.278,65,143.0,2076.0,56.0,-3.0,31.97,83.5,-7.0,40.0,40.4
700.429,65,143.0,2076.0,56.0,-3.0,31.97,83.5,-7.0,40.0,40.4
700.547,65,143.0,2076.0,56.0,-3.0,31.97,83.5,-7.0,45.9,40.4
700.697,65,143.0,2076.0,56.0,-3.0,31.97,83.5,-7.0,45.9,38.8
700.789,65,143.0,2076.0,56.0,-3.0,31.97,83.5,-7.0,45.9,38.8
700.88,65,152.0,2076.0,56.0,-3.0,31.97,83.5,-7.0,45.9,38.8
700.973,65,152.0,2092.0,56.0,-3.0,31.97,83.5,-7.0,45.9,38.8
701.088,65,152.0,2092.0,58.0,-3.0,31.97,83.5,-7.0,45.9,38.8
701.237,65,152.0,2092.0,58.0,-2.0,31.97,83.5,-7.0,45.9,38.8
701.33,65,152.0,2092.0,58.0,-2.0,28.94,83.5,-7.0,45.9,38.8
701.417,65,152.0,2092.0,58.0,-2.0,28.94,31.0,-7.0,45.9,38.8
701.509,65,152.0,2092.0,58.0,-2.0,28.94,31.0,-7.0,45.9,38.8
701.657,65,152.0,2092.0,58.0,-2.0,28.94,31.0,-7.0,34.1,38.8
701.778,65,152.0,2092.0,58.0,-2.0,28.94,31.0,-7.0,34.1,38.4
701.897,65,152.0,2092.0,58.0,-2.0,28.94,31.0,-7.0,34.1,38.4
702.05,65,112.0,2092.0,58.0,-2.0,28.94,31.0,-7.0,34.1,38.4
702.139,65,112.0,1530.0,58.0,-2.0,28.94,31.0,-7.0,34.1,38.4
702.229,65,112.0,1530.0,59.0,-2.0,28.94,31.0,-7.0,34.1,38.4
702.319,65,112.0,1530.0,59.0,-4.0,28.94,31.0,-7.0,34.1,38.4
702.471,65,112.0,1530.0,59.0,-4.0,34.3,31.0,-7.0,34.1,38.4
702.589,65,112.0,1530.0,59.0,-4.0,34.3,83.5,-7.0,34.1,38.4
702.737,65,112.0,1530.0,59.0,-4.0,34.3,83.5,-7.0,34.1,38.4
702.859,65,112.0,1530.0,59.0,-4.0,34.3,83.5,-7.0,41.6,38.4
702.951,65,112.0,1530.0,59.0,-4.0,34.3,83.5,-7.0,41.6,38.0
703.097,65,112.0,1530.0,59.0,-4.0,34.3,83.5,-7.0,41.6,38.0
703.189,65,136.0,1530.0,59.0,-4.0,34.3,83.5,-7.0,41.6,38.0
703.278,65,136.0,1604.0,59.0,-4.0,34.3,83.5,-7.0,41.6,38.0
703.369,65,136.0,1604.0,63.0,-4.0,34.3,83.5,-7.0,41.6,38.0
703.457,65,136.0,1604.0,63.0,-3.0,34.3,83.5,-7.0,41.6,38.0
703.552,65,136.0,1604.0,63.0,-3.0,16.94,83.5,-7.0,41.6,38.0
703.699,65,136.0,1604.0,63.0,-3.0,16.94,83.5,-7.0,41.6,38.0
703.791,65,136.0,1604.0,63.0,-3.0,16.94,83.5,-7.0,41.6,38.0
703.88,65,136.0,1604.0,63.0,-3.0,16.94,83.5,-7.0,31.0,38.0
703.975,65,136.0,1604.0,63.0,-3.0,16.94,83.5,-7.0,31.0,31.0
704.088,65,136.0,1604.0,63.0,-3.0,16.94,83.5,-7.0,31.0,31.0
704.237,65,116.0,1604.0,63.0,-3.0,16.94,83.5,-7.0,31.0,31.0
704.359,65,116.0,1620.0,63.0,-3.0,16.94,83.5,-7.0,31.0,31.0
704.481,65,116.0,1620.0,63.0,-3.0,16.94,83.5,-7.0,31.0,31.0
704.571,65,116.0,1620.0,63.0,-6.0,16.94,83.5,-7.0,31.0,31.0
704.718,65,116.0,1620.0,63.0,-6.0,16.02,83.5,-7.0,31.0,31.0
704.837,65,116.0,1620.0,63.0,-6.0,16.02,83.5,-7.0,31.0,31.0
704.995,65,116.0,1620.0,63.0,-6.0,16.02,83.5,-7.0,31.0,31.0
705.078,65,116.0,1620.0,63.0,-6.0,16.02,83.5,-7.0,30.2,31.0
705.169,65,116.0,1620.0,63.0,-6.0,16.02,83.5,-7.0,30.2,30.2
705.289,65,116.0,1620.0,63.0,-6.0,16.02,83.5,-7.0,30.2,30.2
705.41,65,112.0,1620.0,63.0,-6.0,16.02,83.5,-7.0,30.2,30.2
705.499,65,112.0,1621.0,63.0,-6.0,16.02,83.5,-7.0,30.2,30.2
705.651,65,112.0,1621.0,63.0,-6.0,16.02,83.5,-7.0,30.2,30.2
705.74,65,112.0,1621.0,63.0,-6.0,16.02,83.5,-7.0,30.2,30.2
705.834,65,112.0,1621.0,63.0,-6.0,14.11,83.5,-7.0,30.2,30.2
705.919,65,112.0,1621.0,63.0,-6.0,14.11,83.5,-7.0,30.2,30.2
706.009,65,112.0,1621.0,63.0,-6.0,14.11,83.5,-7.0,30.2,30.2
706.128,65,112.0,1621.0,63.0,-6.0,14.11,83.5,-7.0,27.8,30.2
706.277,65,112.0,1621.0,63.0,-6.0,14.11,83.5,-7.0,27.8,28.2
706.368,65,112.0,1621.0,63.0,-6.0,14.11,83.5,-7.0,27.8,28.2
706.457,65,110.0,1621.0,63.0,-6.0,14.11,83.5,-7.0,27.8,28.2
706.55,65,110.0,1631.0,63.0,-6.0,14.11,83.5,-7.0,27.8,28.2
706.757,65,110.0,1631.0,64.0,-6.0,14.11,83.5,-7.0,27.8,28.2
706.853,65,110.0,1631.0,64.0,-6.0,14.11,83.5,-7.0,27.8,28.2
706.94,65,110.0,1631.0,64.0,-6.0,14.88,83.5,-7.0,27.8,28.2
707.087,65,110.0,1631.0,64.0,-6.0,14.88,83.5,-7.0,27.8,28.2
707.177,65,110.0,1631.0,64.0,-6.0,14.88,83.5,-7.0,27.8,28.2
707.268,65,110.0,1631.0,64.0,-6.0,14.88,83.5,-7.0,26.3,28.2
707.387,65,110.0,1631.0,64.0,-6.0,14.88,83.5,-7.0,26.3,26.3
707.449,66,110.0,1631.0,64.0,-6.0,14.88,83.5,-7.0,26.3,26.3
707.598,66,109.0,1631.0,64.0,-6.0,14.88,83.5,-7.0,26.3,26.3
707.691,66,109.0,1632.0,64.0,-6.0,14.88,83.5,-7.0,26.3,26.3
707.837,66,109.0,1632.0,64.0,-6.0,14.88,83.5,-7.0,26.3,26.3
707.932,66,109.0,1632.0,64.0,-5.0,14.88,83.5,-7.0,26.3,26.3
708.018,66,109.0,1632.0,64.0,-5.0,14.44,83.5,-7.0,26.3,26.3
708.108,66,109.0,1632.0,64.0,-5.0,14.44,83.5,-7.0,26.3,26.3
708.227,66,109.0,1632.0,64.0,-5.0,14.44,83.5,-7.0,26.3,26.3
708.377,66,109.0,1632.0,64.0,-5.0,14.44,83.5,-7.0,14.1,26.3
708.468,66,109.0,1632.0,64.0,-5.0,14.44,83.5,-7.0,14.1,14.5
708.557,66,109.0,1632.0,64.0,-5.0,14.44,83.5,-7.0,14.1,14.5
708.653,66,111.0,1632.0,64.0,-5.0,14.44,83.5,-7.0,14.1,14.5
708.799,66,111.0,1600.0,64.0,-5.0,14.44,83.5,-7.0,14.1,14.5
708.891,66,111.0,1600.0,62.0,-5.0,14.44,83.5,-7.0,14.1,14.5
708.98,66,111.0,1600.0,62.0,-5.0,14.44,83.5,-7.0,14.1,14.5
709.069,66,111.0,1600.0,62.0,-5.0,15.74,83.5,-7.0,14.1,14.5
709.157,66,111.0,1600.0,62.0,-5.0,15.74,83.5,-7.0,14.1,14.5
709.276,66,111.0,1600.0,62.0,-5.0,15.74,83.5,-7.0,14.1,14.5
709.457,66,111.0,1600.0,62.0,-5.0,15.74,83.5,-7.0,14.1,14.5
709.577,66,111.0,1600.0,62.0,-5.0,15.74,83.5,-7.0,14.1,14.5
709.729,66,111.0,1600.0,62.0,-5.0,15.74,83.5,-7.0,14.1,14.5
709.819,66,117.0,1600.0,62.0,-5.0,15.74,83.5,-7.0,14.1,14.5
709.912,66,117.0,1589.0,62.0,-5.0,15.74,83.5,-7.0,14.1,14.5
710.027,66,117.0,1589.0,61.0,-5.0,15.74,83.5,-7.0,14.1,14.5
710.177,66,117.0,1589.0,61.0,-5.0,15.74,83.5,-7.0,14.1,14.5
710.269,66,117.0,1589.0,61.0,-5.0,16.3,83.5,-7.0,14.1,14.5
710.358,66,117.0,1589.0,61.0,-5.0,16.3,83.5,-7.0,14.1,14.5
710.448,66,117.0,1589.0,61.0,-5.0,16.3,83.5,-7.0,14.1,14.5
710.538,66,117.0,1589.0,61.0,-5.0,16.3,83.5,-7.0,14.1,14.5
710.69,66,117.0,1589.0,61.0,-5.0,16.3,83.5,-7.0,14.1,14.5
710.837,66,117.0,1589.0,61.0,-5.0,16.3,83.5,-7.0,14.1,14.5
710.929,66,111.0,1589.0,61.0,-5.0,16.3,83.5,-7.0,14.1,14.5
711.019,66,111.0,1546.0,61.0,-5.0,16.3,83.5,-7.0,14.1,14.5
711.109,66,111.0,1546.0,60.0,-5.0,16.3,83.5,-7.0,14.1,14.5
711.227,66,111.0,1546.0,60.0,-5.0,16.3,83.5,-7.0,14.1,14.5
711.377,66,111.0,1546.0,60.0,-5.0,14.47,83.5,-7.0,14.1,14.5
711.528,66,111.0,1546.0,60.0,-5.0,14.47,83.5,-7.0,14.1,14.5
711.649,66,111.0,1546.0,60.0,-5.0,14.47,83.5,-7.0,14.1,14.5
711.738,66,111.0,1546.0,60.0,-5.0,14.47,83.5,-7.0,14.1,14.5
711.829,66,111.0,1546.0,60.0,-5.0,14.47,83.5,-7.0,14.1,14.5
711.918,66,111.0,1546.0,60.0,-5.0,14.47,83.5,-7.0,14.1,14.5
712.009,66,115.0,1546.0,60.0,-5.0,14.47,83.5,-7.0,14.1,14.5
712.127,66,115.0,1501.0,60.0,-5.0,14.47,83.5,-7.0,14.1,14.5
712.277,66,115.0,1501.0,59.0,-5.0,14.47,83.5,-7.0,14.1,14.5
712.369,66,115.0,1501.0,59.0,-5.0,14.47,83.5,-7.0,14.1,14.5
712.457,66,115.0,1501.0,59.0,-5.0,10.88,83.5,-7.0,14.1,14.5
712.55,66,115.0,1501.0,59.0,-5.0,10.88,83.5,-7.0,14.1,14.5
712.697,66,115.0,1501.0,59.0,-5.0,10.88,83.5,-7.0,14.1,14.5
712.791,66,115.0,1501.0,59.0,-5.0,10.88,83.5,-7.0,14.1,14.5
712.879,66,115.0,1501.0,59.0,-5.0,10.88,83.5,-7.0,14.1,14.5
712.972,66,115.0,1501.0,59.0,-5.0,10.88,83.5,-7.0,14.1,14.5
713.057,66,112.0,1501.0,59.0,-5.0,10.88,83.5,-7.0,14.1,14.5
713.176,66,112.0,1268.0,59.0,-5.0,10.88,83.5,-7.0,14.1,14.5
713.327,66,112.0,1268.0,57.0,-5.0,10.88,83.5,-7.0,14.1,14.5
713.417,66,112.0,1268.0,57.0,-7.0,10.88,83.5,-7.0,14.1,14.5
713.536,66,112.0,1268.0,57.0,-7.0,17.02,83.5,-7.0,14.1,14.5
713.632,66,112.0,1268.0,57.0,-7.0,17.02,83.5,-7.0,14.1,14.5
713.72,66,112.0,1268.0,57.0,-7.0,17.02,83.5,-7.0,14.1,14.5
713.872,66,112.0,1268.0,57.0,-7.0,17.02,83.5,-7.0,14.1,14.5
713.982,66,112.0,1268.0,57.0,-7.0,17.02,83.5,-7.0,14.1,14.5
714.136,66,112.0,1268.0,57.0,-7.0,17.02,83.5,-7.0,14.1,14.5
714.228,66,118.0,1268.0,57.0,-7.0,17.02,83.5,-7.0,14.1,14.5
714.318,66,118.0,1986.0,57.0,-7.0,17.02,83.5,-7.0,14.1,14.5
714.408,66,118.0,1986.0,53.0,-7.0,17.02,83.5,-7.0,14.1,14.5
714.527,66,118.0,1986.0,53.0,-4.0,17.02,83.5,-7.0,14.1,14.5
714.679,66,118.0,1986.0,53.0,-4.0,21.94,83.5,-7.0,14.1,14.5
714.772,66,118.0,1986.0,53.0,-4.0,21.94,83.5,-7.0,14.1,14.5
714.86,66,118.0,1986.0,53.0,-4.0,21.94,83.5,-7.0,14.1,14.5
714.977,66,118.0,1986.0,53.0,-4.0,21.94,83.5,-7.0,14.1,14.5
715.128,66,118.0,1986.0,53.0,-4.0,21.94,83.5,-7.0,14.1,14.5
715.218,66,118.0,1986.0,53.0,-4.0,21.94,83.5,-7.0,14.1,14.5
715.308,66,123.0,1986.0,53.0,-4.0,21.94,83.5,-7.0,14.1,14.5
715.427,66,123.0,1862.0,53.0,-4.0,21.94,83.5,-7.0,14.1,14.5
715.548,66,123.0,1862.0,50.0,-4.0,21.94,83.5,-7.0,14.1,14.5
715.637,66,123.0,1862.0,50.0,-3.0,21.94,83.5,-7.0,14.1,14.5
715.729,66,123.0,1862.0,50.0,-3.0,19.63,83.5,-7.0,14.1,14.5
715.848,66,123.0,1862.0,50.0,-3.0,19.63,83.5,-7.0,14.1,14.5
715.938,66,123.0,1862.0,50.0,-3.0,19.63,83.5,-7.0,14.1,14.5
716.088,66,123.0,1862.0,50.0,-3.0,19.63,83.5,-7.0,14.1,14.5
716.177,66,123.0,1862.0,50.0,-3.0,19.63,83.5,-7.0,14.1,14.5
716.271,66,123.0,1862.0,50.0,-3.0,19.63,83.5,-7.0,14.1,14.5
716.358,66,122.0,1862.0,50.0,-3.0,19.63,83.5,-7.0,14.1,14.5
716.511,66,122.0,1743.0,50.0,-3.0,19.63,83.5,-7.0,14.1,14.5
716.628,66,122.0,1743.0,47.0,-3.0,19.63,83.5,-7.0,14.1,14.5
716.777,66,122.0,1743.0,47.0,-4.0,19.63,83.5,-7.0,14.1,14.5
716.898,66,122.0,1743.0,47.0,-4.0,11.8,83.5,-7.0,14.1,14.5
716.99,66,122.0,1743.0,47.0,-4.0,11.8,83.5,-7.0,14.1,14.5
717.078,66,122.0,1743.0,47.0,-4.0,11.8,83.5,-7.0,14.1,14.5
717.168,66,122.0,1743.0,47.0,-4.0,11.8,83.5,-7.0,14.1,14.5
717.287,66,122.0,1743.0,47.0,-4.0,11.8,83.5,-7.0,14.1,14.5
717.497,66,122.0,1743.0,47.0,-4.0,11.8,83.5,-7.0,14.1,14.5
717.588,66,113.0,1743.0,47.0,-4.0,11.8,83.5,-7.0,14.1,14.5
717.679,66,113.0,1317.0,47.0,-4.0,11.8,83.5,-7.0,14.1,14.5
717.768,66,113.0,1317.0,42.0,-4.0,11.8,83.5,-7.0,14.1,14.5
717.857,66,113.0,1317.0,42.0,-6.0,11.8,83.5,-7.0,14.1,14.5
717.976,66,113.0,1317.0,42.0,-6.0,16.49,83.5,-7.0,14.1,14.5
718.127,66,113.0,1317.0,42.0,-6.0,16.49,83.5,-7.0,14.1,14.5
718.249,66,113.0,1317.0,42.0,-6.0,16.49,83.5,-7.0,14.1,14.5
718.34,66,113.0,1317.0,42.0,-6.0,16.49,83.5,-7.0,14.1,14.5
718.457,66,113.0,1317.0,42.0,-6.0,16.49,83.5,-7.0,14.1,14.5
718.577,66,113.0,1317.0,42.0,-6.0,16.49,83.5,-7.0,14.1,14.5
718.73,66,107.0,1317.0,42.0,-6.0,16.49,83.5,-7.0,14.1,14.5
718.82,66,107.0,2026.0,42.0,-6.0,16.49,83.5,-7.0,14.1,14.5
718.912,66,107.0,2026.0,34.0,-6.0,16.49,83.5,-7.0,14.1,14.5
719.029,66,107.0,2026.0,34.0,-3.0,16.49,83.5,-7.0,14.1,14.5
719.177,66,107.0,2026.0,34.0,-3.0,20.33,83.5,-7.0,14.1,14.5
719.269,66,107.0,2026.0,34.0,-3.0,20.33,83.5,-7.0,14.1,14.5
719.358,66,107.0,2026.0,34.0,-3.0,20.33,83.5,-7.0,14.1,14.5
719.477,66,107.0,2026.0,34.0,-3.0,20.33,83.5,-7.0,14.1,14.5
719.629,66,107.0,2026.0,34.0,-3.0,20.33,83.5,-7.0,14.1,14.5
719.72,66,107.0,2026.0,34.0,-3.0,20.33,83.5,-7.0,14.1,14.5
719.811,66,118.0,2026.0,34.0,-3.0,20.33,83.5,-7.0,14.1,14.5
719.957,66,118.0,1519.0,34.0,-3.0,20.33,83.5,-7.0,14.1,14.5
720.077,66,118.0,1519.0,25.0,-3.0,20.33,83.5,-7.0,14.1,14.5
720.228,66,118.0,1519.0,25.0,-4.0,20.33,83.5,-7.0,14.1,14.5
720.32,66,118.0,1519.0,25.0,-4.0,9.72,83.5,-7.0,14.1,14.5
720.409,66,118.0,1519.0,25.0,-4.0,9.72,83.5,-7.0,14.1,14.5
720.529,66,118.0,1519.0,25.0,-4.0,9.72,83.5,-7.0,14.1,14.5
720.649,66,118.0,1519.0,25.0,-4.0,9.72,83.5,-7.0,14.1,14.5
720.739,66,118.0,1519.0,25.0,-4.0,9.72,83.5,-7.0,14.1,14.5
720.889,66,118.0,1519.0,25.0,-4.0,9.72,83.5,-7.0,14.1,14.5
720.979,66,112.0,1519.0,25.0,-4.0,9.72,83.5,-7.0,14.1,14.5
721.069,66,112.0,1033.0,25.0,-4.0,9.72,83.5,-7.0,14.1,14.5
721.158,66,112.0,1033.0,14.0,-4.0,9.72,83.5,-7.0,14.1,14.5
721.249,66,112.0,1033.0,14.0,-6.0,9.72,83.5,-7.0,14.1,14.5
721.367,66,112.0,1033.0,14.0,-6.0,9.55,83.5,-7.0,14.1,14.5
721.488,66,112.0,1033.0,14.0,-6.0,9.55,83.5,-7.0,14.1,14.5
721.578,66,112.0,1033.0,14.0,-6.0,9.55,83.5,-7.0,14.1,14.5
721.672,66,112.0,1033.0,14.0,-6.0,9.55,83.5,-7.0,14.1,14.5
721.758,66,112.0,1033.0,14.0,-6.0,9.55,83.5,-7.0,14.1,14.5
721.877,66,112.0,1033.0,14.0,-6.0,9.55,83.5,-7.0,14.1,14.5
722.041,66,109.0,1033.0,14.0,-6.0,9.55,83.5,-7.0,14.1,14.5
722.118,66,109.0,1037.0,14.0,-6.0,9.55,83.5,-7.0,14.1,14.5
722.208,66,109.0,1037.0,4.0,-6.0,9.55,83.5,-7.0,14.1,14.5
722.327,66,109.0,1037.0,4.0,-8.0,9.55,83.5,-7.0,14.1,14.5
722.477,66,109.0,1037.0,4.0,-8.0,9.11,83.5,-7.0,14.1,14.5
722.629,66,109.0,1037.0,4.0,-8.0,9.11,83.5,-7.0,14.1,14.5
722.719,66,109.0,1037.0,4.0,-8.0,9.11,83.5,-7.0,14.1,14.5
722.811,66,109.0,1037.0,4.0,-8.0,9.11,83.5,-7.0,14.1,14.5
722.931,66,109.0,1037.0,4.0,-8.0,9.11,83.5,-7.0,14.1,14.5
723.048,66,109.0,1037.0,4.0,-8.0,9.11,83.5,-7.0,14.1,14.5
723.227,66,108.0,1037.0,4.0,-8.0,9.11,83.5,-7.0,14.1,14.5
723.326,66,108.0,1037.0,4.0,-8.0,9.11,83.5,-7.0,14.1,14.5
723.412,66,108.0,1037.0,0.0,-8.0,9.11,83.5,-7.0,14.1,14.5
723.529,66,108.0,1037.0,0.0,-8.0,9.11,83.5,-7.0,14.1,14.5
723.647,66,108.0,1037.0,0.0,-8.0,8.99,83.5,-7.0,14.1,14.5
723.77,66,108.0,1037.0,0.0,-8.0,8.99,83.5,-7.0,14.1,14.5
723.917,66,108.0,1037.0,0.0,-8.0,8.99,83.5,-7.0,14.1,14.5
724.009,66,108.0,1037.0,0.0,-8.0,8.99,83.5,-7.0,14.1,14.5
724.098,66,108.0,1037.0,0.0,-8.0,8.99,83.5,-7.0,14.1,14.5
724.217,66,108.0,1037.0,0.0,-8.0,8.99,83.5,-7.0,14.1,14.5
724.37,66,108.0,1037.0,0.0,-8.0,8.99,83.5,-7.0,14.1,14.5
724.459,66,108.0,1039.0,0.0,-8.0,8.99,83.5,-7.0,14.1,14.5
724.577,66,108.0,1039.0,0.0,-8.0,8.99,83.5,-7.0,14.1,14.5
724.671,66,108.0,1039.0,0.0,-8.0,8.99,83.5,-7.0,14.1,14.5
724.761,66,108.0,1039.0,0.0,-8.0,9.16,83.5,-7.0,14.1,14.5
724.851,66,108.0,1039.0,0.0,-8.0,9.16,83.5,-7.0,14.1,14.5
724.941,66,108.0,1039.0,0.0,-8.0,9.16,83.5,-7.0,14.1,14.5
725.057,66,108.0,1039.0,0.0,-8.0,9.16,83.5,-7.0,14.1,14.5
725.206,66,108.0,1039.0,0.0,-8.0,9.16,83.5,-7.0,14.1,14.5
725.297,66,108.0,1039.0,0.0,-8.0,9.16,83.5,-7.0,14.1,14.5
725.389,66,108.0,1039.0,0.0,-8.0,9.16,83.5,-7.0,14.1,14.5
725.537,66,108.0,1039.0,0.0,-8.0,9.16,83.5,-7.0,14.1,14.5
725.658,66,108.0,1039.0,0.0,-8.0,9.16,83.5,-7.0,14.1,14.5
725.81,66,108.0,1039.0,0.0,-8.0,9.16,83.5,-7.0,14.1,14.5
725.9,66,108.0,1039.0,0.0,-8.0,9.16,83.5,-7.0,14.1,14.5
725.99,66,108.0,1039.0,0.0,-8.0,9.16,83.5,-7.0,14.1,14.5
726.137,66,108.0,1039.0,0.0,-8.0,9.16,83.5,-7.0,14.1,14.5
726.257,66,108.0,1039.0,0.0,-8.0,9.16,83.5,-7.0,14.1,14.5
726.407,66,108.0,1039.0,0.0,-8.0,9.16,83.5,-7.0,14.1,14.5
726.56,67,108.0,1039.0,0.0,-8.0,9.16,83.5,-7.0,14.1,14.5
726.679,67,108.0,1039.0,0.0,-8.0,9.16,83.5,-7.0,14.1,14.5
726.77,67,108.0,1038.0,0.0,-8.0,9.16,83.5,-7.0,14.1,14.5
726.888,67,108.0,1038.0,0.0,-8.0,9.16,83.5,-7.0,14.1,14.5
727.037,67,108.0,1038.0,0.0,-7.0,9.16,83.5,-7.0,14.1,14.5
727.157,67,108.0,1038.0,0.0,-7.0,9.38,83.5,-7.0,14.1,14.5
727.308,67,108.0,1038.0,0.0,-7.0,9.38,83.5,-7.0,14.1,14.5
727.397,67,108.0,1038.0,0.0,-7.0,9.38,83.5,-7.0,14.1,14.5
727.551,67,108.0,1038.0,0.0,-7.0,9.38,83.5,-7.0,14.1,14.5
727.638,67,108.0,1038.0,0.0,-7.0,9.38,83.5,-7.0,14.1,14.5
727.756,67,108.0,1038.0,0.0,-7.0,9.38,83.5,-7.0,14.1,14.5
727.908,67,108.0,1038.0,0.0,-7.0,9.38,83.5,-7.0,14.1,14.5
727.997,67,108.0,1056.0,0.0,-7.0,9.38,83.5,-7.0,14.1,14.5
728.088,67,108.0,1056.0,0.0,-7.0,9.38,83.5,-7.0,14.1,14.5
728.208,67,108.0,1056.0,0.0,-7.0,9.38,83.5,-7.0,14.1,14.5
728.358,67,108.0,1056.0,0.0,-7.0,13.47,83.5,-7.0,14.1,14.5
728.45,67,108.0,1056.0,0.0,-7.0,13.47,83.5,-7.0,14.1,14.5
728.569,67,108.0,1056.0,0.0,-7.0,13.47,83.5,-7.0,14.1,14.5
728.66,67,108.0,1056.0,0.0,-7.0,13.47,83.5,-7.0,24.3,14.5
728.751,67,108.0,1056.0,0.0,-7.0,13.47,83.5,-7.0,24.3,24.7
728.839,67,108.0,1056.0,0.0,-7.0,13.47,83.5,-7.0,24.3,24.7
728.959,67,114.0,1056.0,0.0,-7.0,13.47,83.5,-7.0,24.3,24.7
729.048,67,114.0,1246.0,0.0,-7.0,13.47,83.5,-7.0,24.3,24.7
729.197,67,114.0,1246.0,6.0,-7.0,13.47,83.5,-7.0,24.3,24.7
729.288,67,114.0,1246.0,6.0,-3.0,13.47,83.5,-7.0,24.3,24.7
729.407,67,114.0,1246.0,6.0,-3.0,18.16,83.5,-7.0,24.3,24.7
729.557,67,114.0,1246.0,6.0,-3.0,18.16,83.5,-7.0,24.3,24.7
729.707,67,114.0,1246.0,6.0,-3.0,18.16,83.5,-7.0,24.3,24.7
729.797,67,114.0,1246.0,6.0,-3.0,18.16,83.5,-7.0,27.8,24.7
729.893,67,114.0,1246.0,6.0,-3.0,18.16,83.5,-7.0,27.8,30.2
730.01,67,114.0,1246.0,6.0,-3.0,18.16,83.5,-7.0,27.8,30.2
730.157,67,130.0,1246.0,6.0,-3.0,18.16,83.5,-7.0,27.8,30.2
730.248,67,130.0,1693.0,6.0,-3.0,18.16,83.5,-7.0,27.8,30.2
730.369,67,130.0,1693.0,15.0,-3.0,18.16,83.5,-7.0,27.8,30.2
730.488,67,130.0,1693.0,15.0,-2.0,18.16,83.5,-7.0,27.8,30.2
730.609,67,130.0,1693.0,15.0,-2.0,21.69,83.5,-7.0,27.8,30.2
730.756,67,130.0,1693.0,15.0,-2.0,21.69,83.5,-7.0,27.8,30.2
730.847,67,130.0,1693.0,15.0,-2.0,21.69,83.5,-7.0,27.8,30.2
730.937,67,130.0,1693.0,15.0,-2.0,21.69,83.5,-7.0,23.1,30.2
731.056,67,130.0,1693.0,15.0,-2.0,21.69,83.5,-7.0,23.1,14.5
731.208,67,130.0,1693.0,15.0,-2.0,21.69,83.5,-7.0,23.1,14.5
731.297,67,106.0,1693.0,15.0,-2.0,21.69,83.5,-7.0,23.1,14.5
731.388,67,106.0,1558.0,15.0,-2.0,21.69,83.5,-7.0,23.1,14.5
731.567,67,106.0,1558.0,18.0,-2.0,21.69,83.5,-7.0,23.1,14.5
731.718,67,106.0,1558.0,18.0,-1.0,21.69,83.5,-7.0,23.1,14.5
731.811,67,106.0,1558.0,18.0,-1.0,20.61,83.5,-7.0,23.1,14.5
731.898,67,106.0,1558.0,18.0,-1.0,20.61,49.4,-7.0,23.1,14.5
731.989,67,106.0,1558.0,18.0,-1.0,20.61,49.4,-6.0,23.1,14.5
732.108,67,106.0,1558.0,18.0,-1.0,20.61,49.4,-6.0,28.2,14.5
732.257,67,106.0,1558.0,18.0,-1.0,20.61,49.4,-6.0,28.2,28.6
732.348,67,106.0,1558.0,18.0,-1.0,20.61,49.4,-6.0,28.2,28.6
732.437,67,109.0,1558.0,18.0,-1.0,20.61,49.4,-6.0,28.2,28.6
732.619,67,109.0,1118.0,18.0,-1.0,20.61,49.4,-6.0,28.2,28.6
732.708,67,109.0,1118.0,19.0,-1.0,20.61,49.4,-6.0,28.2,28.6
732.798,67,109.0,1118.0,19.0,-3.0,20.61,49.4,-6.0,28.2,28.6
732.891,67,109.0,1118.0,19.0,-3.0,12.19,49.4,-6.0,28.2,28.6
733.008,67,109.0,1118.0,19.0,-3.0,12.19,83.5,-6.0,28.2,28.6
733.157,67,109.0,1118.0,19.0,-3.0,12.19,83.5,-6.0,28.2,28.6
733.248,67,109.0,1118.0,19.0,-3.0,12.19,83.5,-6.0,34.9,28.6
733.338,67,109.0,1118.0,19.0,-3.0,12.19,83.5,-6.0,34.9,37.6
733.457,67,109.0,1118.0,19.0,-3.0,12.19,83.5,-6.0,34.9,37.6
733.548,67,116.0,1118.0,19.0,-3.0,12.19,83.5,-6.0,34.9,37.6
733.733,67,116.0,1281.0,19.0,-3.0,12.19,83.5,-6.0,34.9,37.6
733.879,67,116.0,1281.0,22.0,-3.0,12.19,83.5,-6.0,34.9,37.6
733.998,67,116.0,1281.0,22.0,-5.0,12.19,83.5,-6.0,34.9,37.6
734.147,67,116.0,1281.0,22.0,-5.0,23.97,83.5,-6.0,34.9,37.6
734.237,67,116.0,1281.0,22.0,-5.0,23.97,83.5,-6.0,34.9,37.6
734.357,67,116.0,1281.0,22.0,-5.0,23.97,83.5,-6.0,34.9,37.6
734.508,67,116.0,1281.0,22.0,-5.0,23.97,83.5,-6.0,48.2,37.6
734.657,67,116.0,1281.0,22.0,-5.0,23.97,83.5,-6.0,48.2,49.0
734.75,67,116.0,1281.0,22.0,-5.0,23.97,83.5,-6.0,48.2,49.0
734.84,67,157.0,1281.0,22.0,-5.0,23.97,83.5,-6.0,48.2,49.0
734.958,67,157.0,1663.0,22.0,-5.0,23.97,83.5,-6.0,48.2,49.0
735.107,67,157.0,1663.0,29.0,-5.0,23.97,83.5,-6.0,48.2,49.0
735.197,67,157.0,1663.0,29.0,-1.0,23.97,83.5,-6.0,48.2,49.0
735.291,67,157.0,1663.0,29.0,-1.0,53.58,83.5,-6.0,48.2,49.0
735.379,67,157.0,1663.0,29.0,-1.0,53.58,83.5,-6.0,48.2,49.0
735.497,67,157.0,1663.0,29.0,-1.0,53.58,83.5,-6.0,48.2,49.0
735.587,67,157.0,1663.0,29.0,-1.0,53.58,83.5,-6.0,52.5,49.0
735.68,67,157.0,1663.0,29.0,-1.0,53.58,83.5,-6.0,52.5,52.9
735.798,67,157.0,1663.0,29.0,-1.0,53.58,83.5,-6.0,52.5,52.9
735.949,67,209.0,1663.0,29.0,-1.0,53.58,83.5,-6.0,52.5,52.9
736.038,67,209.0,2157.0,29.0,-1.0,53.58,83.5,-6.0,52.5,52.9
736.157,67,209.0,2157.0,38.0,-1.0,53.58,83.5,-6.0,52.5,52.9
736.307,67,209.0,2157.0,38.0,2.0,53.58,83.5,-6.0,52.5,52.9
736.397,67,209.0,2157.0,38.0,2.0,40.41,83.5,-6.0,52.5,52.9
736.488,67,209.0,2157.0,38.0,2.0,40.41,31.0,-6.0,52.5,52.9
736.577,67,209.0,2157.0,38.0,2.0,40.41,31.0,-6.0,52.5,52.9
736.73,67,209.0,2157.0,38.0,2.0,40.41,31.0,-6.0,15.3,52.9
736.848,67,209.0,2157.0,38.0,2.0,40.41,31.0,-6.0,15.3,23.5
736.997,67,209.0,2157.0,38.0,2.0,40.41,31.0,-6.0,15.3,23.5
737.117,67,103.0,2157.0,38.0,2.0,40.41,31.0,-6.0,15.3,23.5
737.268,67,103.0,1464.0,38.0,2.0,40.41,31.0,-6.0,15.3,23.5
737.36,67,103.0,1464.0,38.0,2.0,40.41,31.0,-6.0,15.3,23.5
737.448,67,103.0,1464.0,38.0,-2.0,40.41,31.0,-6.0,15.3,23.5
737.537,67,103.0,1464.0,38.0,-2.0,23.91,31.0,-6.0,15.3,23.5
737.632,67,103.0,1464.0,38.0,-2.0,23.91,83.5,-6.0,15.3,23.5
737.751,67,103.0,1464.0,38.0,-2.0,23.91,83.5,-6.0,15.3,23.5
737.897,67,103.0,1464.0,38.0,-2.0,23.91,83.5,-6.0,25.1,23.5
737.988,67,103.0,1464.0,38.0,-2.0,23.91,83.5,-6.0,25.1,17.6
738.078,67,103.0,1464.0,38.0,-2.0,23.91,83.5,-6.0,25.1,17.6
738.197,67,114.0,1464.0,38.0,-2.0,23.91,83.5,-6.0,25.1,17.6
738.347,67,114.0,1395.0,38.0,-2.0,23.91,83.5,-6.0,25.1,17.6
738.438,67,114.0,1395.0,37.0,-2.0,23.91,83.5,-6.0,25.1,17.6
738.591,67,114.0,1395.0,37.0,-5.0,23.91,83.5,-6.0,25.1,17.6
738.707,67,114.0,1395.0,37.0,-5.0,12.47,83.5,-6.0,25.1,17.6
738.857,67,114.0,1395.0,37.0,-5.0,12.47,83.5,-6.0,25.1,17.6
738.951,67,114.0,1395.0,37.0,-5.0,12.47,83.5,-6.0,25.1,17.6
739.039,67,114.0,1395.0,37.0,-5.0,12.47,83.5,-6.0,14.1,17.6
739.129,67,114.0,1395.0,37.0,-5.0,12.47,83.5,-6.0,14.1,14.5
739.247,67,114.0,1395.0,37.0,-5.0,12.47,83.5,-6.0,14.1,14.5
739.397,67,113.0,1395.0,37.0,-5.0,12.47,83.5,-6.0,14.1,14.5
739.488,67,113.0,1251.0,37.0,-5.0,12.47,83.5,-6.0,14.1,14.5
739.577,67,113.0,1251.0,34.0,-5.0,12.47,83.5,-6.0,14.1,14.5
739.728,67,113.0,1251.0,34.0,-6.0,12.47,83.5,-6.0,14.1,14.5
739.849,67,113.0,1251.0,34.0,-6.0,11.41,83.5,-6.0,14.1,14.5
739.999,67,113.0,1251.0,34.0,-6.0,11.41,83.5,-6.0,14.1,14.5
740.088,67,113.0,1251.0,34.0,-6.0,11.41,83.5,-6.0,14.1,14.5
740.177,67,113.0,1251.0,34.0,-6.0,11.41,83.5,-6.0,14.1,14.5
740.297,67,113.0,1251.0,34.0,-6.0,11.41,83.5,-6.0,14.1,14.5
740.45,67,113.0,1251.0,34.0,-6.0,11.41,83.5,-6.0,14.1,14.5
740.599,67,112.0,1251.0,34.0,-6.0,11.41,83.5,-6.0,14.1,14.5
740.691,67,112.0,1037.0,34.0,-6.0,11.41,83.5,-6.0,14.1,14.5
740.778,67,112.0,1037.0,30.0,-6.0,11.41,83.5,-6.0,14.1,14.5
740.898,67,112.0,1037.0,30.0,-7.0,11.41,83.5,-6.0,14.1,14.5
741.05,67,112.0,1037.0,30.0,-7.0,9.47,83.5,-6.0,14.1,14.5
741.137,67,112.0,1037.0,30.0,-7.0,9.47,83.5,-6.0,14.1,14.5
741.228,67,112.0,1037.0,30.0,-7.0,9.47,83.5,-6.0,14.1,14.5
741.348,67,112.0,1037.0,30.0,-7.0,9.47,83.5,-6.0,14.1,14.5
741.527,67,112.0,1037.0,30.0,-7.0,9.47,83.5,-6.0,14.1,14.5
741.709,67,112.0,1037.0,30.0,-7.0,9.47,83.5,-6.0,14.1,14.5
741.8,67,109.0,1037.0,30.0,-7.0,9.47,83.5,-6.0,14.1,14.5
741.89,67,109.0,1040.0,30.0,-7.0,9.47,83.5,-6.0,14.1,14.5
741.978,67,109.0,1040.0,25.0,-7.0,9.47,83.5,-6.0,14.1,14.5
742.097,67,109.0,1040.0,25.0,-7.0,9.47,83.5,-6.0,14.1,14.5
742.247,67,109.0,1040.0,25.0,-7.0,8.97,83.5,-6.0,14.1,14.5
742.337,67,109.0,1040.0,25.0,-7.0,8.97,83.5,-6.0,14.1,14.5
742.428,67,109.0,1040.0,25.0,-7.0,8.97,83.5,-6.0,14.1,14.5
742.577,67,109.0,1040.0,25.0,-7.0,8.97,83.5,-6.0,14.1,14.5
742.699,67,109.0,1040.0,25.0,-7.0,8.97,83.5,-6.0,14.1,14.5
742.849,67,109.0,1040.0,25.0,-7.0,8.97,83.5,-6.0,14.1,14.5
742.938,67,109.0,1040.0,25.0,-7.0,8.97,83.5,-6.0,14.1,14.5
743.028,67,109.0,1039.0,25.0,-7.0,8.97,83.5,-6.0,14.1,14.5
743.147,67,109.0,1039.0,18.0,-7.0,8.97,83.5,-6.0,14.1,14.5
743.296,67,109.0,1039.0,18.0,-7.0,8.97,83.5,-6.0,14.1,14.5
743.387,67,109.0,1039.0,18.0,-7.0,8.97,83.5,-6.0,14.1,14.5
743.477,67,109.0,1039.0,18.0,-7.0,8.97,83.5,-6.0,14.1,14.5
743.597,67,109.0,1039.0,18.0,-7.0,8.97,83.5,-6.0,14.1,14.5
743.689,67,109.0,1039.0,18.0,-7.0,8.97,83.5,-6.0,20.4,14.5
743.778,67,109.0,1039.0,18.0,-7.0,8.97,83.5,-6.0,20.4,20.8
743.897,67,109.0,1039.0,18.0,-7.0,8.97,83.5,-6.0,20.4,20.8
744.047,67,109.0,1039.0,18.0,-7.0,8.97,83.5,-6.0,20.4,20.8
744.137,67,109.0,1068.0,18.0,-7.0,8.97,83.5,-6.0,20.4,20.8
744.228,67,109.0,1068.0,16.0,-7.0,8.97,83.5,-6.0,20.4,20.8
744.347,67,109.0,1068.0,16.0,-7.0,8.97,83.5,-6.0,20.4,20.8
744.499,67,109.0,1068.0,16.0,-7.0,12.83,83.5,-6.0,20.4,20.8
744.588,67,109.0,1068.0,16.0,-7.0,12.83,83.5,-6.0,20.4,20.8
744.71,67,109.0,1068.0,16.0,-7.0,12.83,83.5,-6.0,20.4,20.8
744.8,67,109.0,1068.0,16.0,-7.0,12.83,83.5,-6.0,37.6,20.8
744.891,67,109.0,1068.0,16.0,-7.0,12.83,83.5,-6.0,37.6,41.2
744.979,67,109.0,1068.0,16.0,-7.0,12.83,83.5,-6.0,37.6,41.2
745.097,67,116.0,1068.0,16.0,-7.0,12.83,83.5,-6.0,37.6,41.2
745.247,67,116.0,1165.0,16.0,-7.0,12.83,83.5,-6.0,37.6,41.2
745.338,67,116.0,1165.0,20.0,-7.0,12.83,83.5,-6.0,37.6,41.2
745.428,67,116.0,1165.0,20.0,-4.0,12.83,83.5,-6.0,37.6,41.2
745.547,67,116.0,1165.0,20.0,-4.0,23.77,83.5,-6.0,37.6,41.2
745.638,67,116.0,1165.0,20.0,-4.0,23.77,83.5,-6.0,37.6,41.2
745.729,67,116.0,1165.0,20.0,-4.0,23.77,83.5,-6.0,37.6,41.2
745.85,67,116.0,1165.0,20.0,-4.0,23.77,83.5,-6.0,52.2,41.2
746.0,67,116.0,1165.0,20.0,-4.0,23.77,83.5,-6.0,52.2,53.3
746.087,67,116.0,1165.0,20.0,-4.0,23.77,83.5,-6.0,52.2,53.3
746.268,67,149.0,1165.0,20.0,-4.0,23.77,83.5,-6.0,52.2,53.3
746.357,67,149.0,1576.0,20.0,-4.0,23.77,83.5,-6.0,52.2,53.3
746.448,67,149.0,1576.0,27.0,-4.0,23.77,83.5,-6.0,52.2,53.3
746.597,67,149.0,1576.0,27.0,-1.0,23.77,83.5,-6.0,52.2,53.3
746.717,67,149.0,1576.0,27.0,-1.0,48.24,83.5,-6.0,52.2,53.3
746.837,67,149.0,1576.0,27.0,-1.0,48.24,83.5,-6.0,52.2,53.3
746.986,67,149.0,1576.0,27.0,-1.0,48.24,83.5,-6.0,52.2,53.3
747.077,67,149.0,1576.0,27.0,-1.0,48.24,83.5,-6.0,52.5,53.3
747.197,67,149.0,1576.0,27.0,-1.0,48.24,83.5,-6.0,52.5,52.9
747.347,67,149.0,1576.0,27.0,-1.0,48.24,83.5,-6.0,52.5,52.9
747.437,67,214.0,1576.0,27.0,-1.0,48.24,83.5,-6.0,52.5,52.9
747.53,67,214.0,2117.0,27.0,-1.0,48.24,83.5,-6.0,52.5,52.9
747.648,67,214.0,2117.0,37.0,-1.0,48.24,83.5,-6.0,52.5,52.9
747.77,67,214.0,2117.0,37.0,2.0,48.24,83.5,-6.0,52.5,52.9
747.857,67,214.0,2117.0,37.0,2.0,75.97,83.5,-6.0,52.5,52.9
747.948,67,214.0,2117.0,37.0,2.0,75.97,83.5,-6.0,52.5,52.9
748.04,67,214.0,2117.0,37.0,2.0,75.97,83.5,-6.0,52.5,52.9
748.216,67,214.0,2117.0,37.0,2.0,75.97,83.5,-6.0,42.4,52.9
748.336,67,214.0,2117.0,37.0,2.0,75.97,83.5,-6.0,42.4,26.7
748.487,67,214.0,2117.0,37.0,2.0,75.97,83.5,-6.0,42.4,26.7
748.578,67,121.0,2117.0,37.0,2.0,75.97,83.5,-6.0,42.4,26.7
748.697,67,121.0,2076.0,37.0,2.0,75.97,83.5,-6.0,42.4,26.7
748.849,67,121.0,2076.0,41.0,2.0,75.97,83.5,-6.0,42.4,26.7
748.938,67,121.0,2076.0,41.0,2.0,75.97,83.5,-6.0,42.4,26.7
749.032,67,121.0,2076.0,41.0,2.0,28.11,83.5,-6.0,42.4,26.7
749.148,67,121.0,2076.0,41.0,2.0,28.11,31.0,-6.0,42.4,26.7
749.296,67,121.0,2076.0,41.0,2.0,28.11,31.0,-6.0,42.4,26.7
749.388,67,121.0,2076.0,41.0,2.0,28.11,31.0,-6.0,49.4,26.7
749.479,67,121.0,2076.0,41.0,2.0,28.11,31.0,-6.0,49.4,50.6
749.63,67,121.0,2076.0,41.0,2.0,28.11,31.0,-6.0,49.4,50.6
749.718,67,128.0,2076.0,41.0,2.0,28.11,31.0,-6.0,49.4,50.6
749.838,67,128.0,1564.0,41.0,2.0,28.11,31.0,-6.0,49.4,50.6
749.997,67,128.0,1564.0,42.0,2.0,28.11,31.0,-6.0,49.4,50.6
750.166,67,128.0,1564.0,42.0,-2.0,28.11,31.0,-6.0,49.4,50.6
750.287,67,128.0,1564.0,42.0,-2.0,28.24,31.0,-6.0,49.4,50.6
750.437,67,128.0,1564.0,42.0,-2.0,28.24,83.5,-6.0,49.4,50.6
750.53,67,128.0,1564.0,42.0,-2.0,28.24,83.5,-6.0,49.4,50.6
750.677,67,128.0,1564.0,42.0,-2.0,28.24,83.5,-6.0,40.8,50.6
750.828,67,128.0,1564.0,42.0,-2.0,28.24,83.5,-6.0,40.8,42.4
750.917,67,128.0,1564.0,42.0,-2.0,28.24,83.5,-6.0,40.8,42.4
751.036,67,145.0,1564.0,42.0,-2.0,28.24,83.5,-6.0,40.8,42.4
751.187,67,145.0,1672.0,42.0,-2.0,28.24,83.5,-6.0,40.8,42.4
751.277,67,145.0,1672.0,45.0,-2.0,28.24,83.5,-6.0,40.8,42.4
751.368,67,145.0,1672.0,45.0,-3.0,28.24,83.5,-6.0,40.8,42.4
751.487,67,145.0,1672.0,45.0,-3.0,31.3,83.5,-6.0,40.8,42.4
751.637,67,145.0,1672.0,45.0,-3.0,31.3,83.5,-6.0,40.8,42.4
751.728,67,145.0,1672.0,45.0,-3.0,31.3,83.5,-6.0,40.8,42.4
751.817,67,145.0,1672.0,45.0,-3.0,31.3,83.5,-6.0,50.2,42.4
751.938,67,145.0,1672.0,45.0,-3.0,31.3,83.5,-6.0,50.2,52.2
752.088,68,145.0,1672.0,45.0,-3.0,31.3,83.5,-6.0,50.2,52.2
752.177,68,209.0,1672.0,45.0,-3.0,31.3,83.5,-6.0,50.2,52.2
752.297,68,209.0,1812.0,45.0,-3.0,31.3,83.5,-6.0,50.2,52.2
752.447,68,209.0,1812.0,49.0,-3.0,31.3,83.5,-6.0,50.2,52.2
752.54,68,209.0,1812.0,49.0,0.0,31.3,83.5,-6.0,50.2,52.2
752.629,68,209.0,1812.0,49.0,0.0,62.41,83.5,-6.0,50.2,52.2
752.778,68,209.0,1812.0,49.0,0.0,62.41,83.5,-6.0,50.2,52.2
752.872,68,209.0,1812.0,49.0,0.0,62.41,83.5,-6.0,50.2,52.2
752.987,68,209.0,1812.0,49.0,0.0,62.41,83.5,-6.0,46.3,52.2
753.137,68,209.0,1812.0,49.0,0.0,62.41,83.5,-6.0,46.3,31.4
753.228,68,209.0,1812.0,49.0,0.0,62.41,83.5,-6.0,46.3,31.4
753.32,68,143.0,1812.0,49.0,0.0,62.41,83.5,-6.0,46.3,31.4
753.437,68,143.0,1700.0,49.0,0.0,62.41,83.5,-6.0,46.3,31.4
753.587,68,143.0,1700.0,52.0,0.0,62.41,83.5,-6.0,46.3,31.4
753.738,68,143.0,1700.0,52.0,0.0,62.41,83.5,-6.0,46.3,31.4
753.832,68,143.0,1700.0,52.0,0.0,26.16,83.5,-6.0,46.3,31.4
753.977,68,143.0,1700.0,52.0,0.0,26.16,57.3,-6.0,46.3,31.4
754.068,68,143.0,1700.0,52.0,0.0,26.16,57.3,-6.0,46.3,31.4
754.187,68,143.0,1700.0,52.0,0.0,26.16,57.3,-6.0,51.8,31.4
754.337,68,143.0,1700.0,52.0,0.0,26.16,57.3,-6.0,51.8,52.2
754.428,68,143.0,1700.0,52.0,0.0,26.16,57.3,-6.0,51.8,52.2
754.517,68,140.0,1700.0,52.0,0.0,26.16,57.3,-6.0,51.8,52.2
754.697,68,140.0,1347.0,52.0,0.0,26.16,57.3,-6.0,51.8,52.2
754.85,68,140.0,1347.0,52.0,0.0,26.16,57.3,-6.0,51.8,52.2
754.94,68,140.0,1347.0,52.0,-3.0,26.16,57.3,-6.0,51.8,52.2
755.028,68,140.0,1347.0,52.0,-3.0,33.47,57.3,-6.0,51.8,52.2
755.117,68,140.0,1347.0,52.0,-3.0,33.47,83.5,-6.0,51.8,52.2
755.237,68,140.0,1347.0,52.0,-3.0,33.47,83.5,-6.0,51.8,52.2
755.387,68,140.0,1347.0,52.0,-3.0,33.47,83.5,-6.0,47.5,52.2
755.477,68,140.0,1347.0,52.0,-3.0,33.47,83.5,-6.0,47.5,47.1
755.597,68,140.0,1347.0,52.0,-3.0,33.47,83.5,-6.0,47.5,47.1
755.716,68,168.0,1347.0,52.0,-3.0,33.47,83.5,-6.0,47.5,47.1
755.839,68,168.0,1383.0,52.0,-3.0,33.47,83.5,-6.0,47.5,47.1
755.986,68,168.0,1383.0,54.0,-3.0,33.47,83.5,-6.0,47.5,47.1
756.077,68,168.0,1383.0,54.0,-3.0,33.47,83.5,-6.0,47.5,47.1
756.168,68,168.0,1383.0,54.0,-3.0,17.08,83.5,-6.0,47.5,47.1
756.287,68,168.0,1383.0,54.0,-3.0,17.08,83.5,-6.0,47.5,47.1
756.437,68,168.0,1383.0,54.0,-3.0,17.08,83.5,-6.0,47.5,47.1
756.528,68,168.0,1383.0,54.0,-3.0,17.08,83.5,-6.0,14.1,47.1
756.617,68,168.0,1383.0,54.0,-3.0,17.08,83.5,-6.0,14.1,14.5
756.738,68,168.0,1383.0,54.0,-3.0,17.08,83.5,-6.0,14.1,14.5
756.859,68,129.0,1383.0,54.0,-3.0,17.08,83.5,-6.0,14.1,14.5
756.949,68,129.0,1385.0,54.0,-3.0,17.08,83.5,-6.0,14.1,14.5
757.04,68,129.0,1385.0,54.0,-3.0,17.08,83.5,-6.0,14.1,14.5
757.128,68,129.0,1385.0,54.0,-5.0,17.08,83.5,-6.0,14.1,14.5
757.217,68,129.0,1385.0,54.0,-5.0,18.86,83.5,-6.0,14.1,14.5
757.337,68,129.0,1385.0,54.0,-5.0,18.86,83.5,-6.0,14.1,14.5
757.489,68,129.0,1385.0,54.0,-5.0,18.86,83.5,-6.0,14.1,14.5
757.61,68,129.0,1385.0,54.0,-5.0,18.86,83.5,-6.0,14.1,14.5
757.698,68,129.0,1385.0,54.0,-5.0,18.86,83.5,-6.0,14.1,14.5
757.79,68,129.0,1385.0,54.0,-5.0,18.86,83.5,-6.0,14.1,14.5
757.878,68,135.0,1385.0,54.0,-5.0,18.86,83.5,-6.0,14.1,14.5
757.971,68,135.0,1380.0,54.0,-5.0,18.86,83.5,-6.0,14.1,14.5
758.087,68,135.0,1380.0,53.0,-5.0,18.86,83.5,-6.0,14.1,14.5
758.237,68,135.0,1380.0,53.0,-5.0,18.86,83.5,-6.0,14.1,14.5
758.33,68,135.0,1380.0,53.0,-5.0,20.8,83.5,-6.0,14.1,14.5
758.419,68,135.0,1380.0,53.0,-5.0,20.8,83.5,-6.0,14.1,14.5
758.537,68,135.0,1380.0,53.0,-5.0,20.8,83.5,-6.0,14.1,14.5
758.748,68,135.0,1380.0,53.0,-5.0,20.8,83.5,-6.0,14.1,14.5
758.841,68,135.0,1380.0,53.0,-5.0,20.8,83.5,-6.0,14.1,14.5
758.93,68,135.0,1380.0,53.0,-5.0,20.8,83.5,-6.0,14.1,14.5
759.017,68,144.0,1380.0,53.0,-5.0,20.8,83.5,-6.0,14.1,14.5
759.197,68,144.0,1369.0,53.0,-5.0,20.8,83.5,-6.0,14.1,14.5
759.288,68,144.0,1369.0,53.0,-5.0,20.8,83.5,-6.0,14.1,14.5
759.38,68,144.0,1369.0,53.0,-4.0,20.8,83.5,-6.0,14.1,14.5
759.468,68,144.0,1369.0,53.0,-4.0,22.02,83.5,-6.0,14.1,14.5
759.588,68,144.0,1369.0,53.0,-4.0,22.02,83.5,-6.0,14.1,14.5
759.71,68,144.0,1369.0,53.0,-4.0,22.02,83.5,-6.0,14.1,14.5
759.799,68,144.0,1369.0,53.0,-4.0,22.02,83.5,-6.0,14.5,14.5
759.948,68,144.0,1369.0,53.0,-4.0,22.02,83.5,-6.0,14.5,14.5
760.039,68,144.0,1369.0,53.0,-4.0,22.02,83.5,-6.0,14.5,14.5
760.128,68,146.0,1369.0,53.0,-4.0,22.02,83.5,-6.0,14.5,14.5
760.217,68,146.0,1374.0,53.0,-4.0,22.02,83.5,-6.0,14.5,14.5
760.337,68,146.0,1374.0,53.0,-4.0,22.02,83.5,-6.0,14.5,14.5
760.487,68,146.0,1374.0,53.0,-4.0,22.02,83.5,-6.0,14.5,14.5
760.578,68,146.0,1374.0,53.0,-4.0,21.63,83.5,-6.0,14.5,14.5
760.698,68,146.0,1374.0,53.0,-4.0,21.63,83.5,-6.0,14.5,14.5
760.788,68,146.0,1374.0,53.0,-4.0,21.63,83.5,-6.0,14.5,14.5
760.878,68,146.0,1374.0,53.0,-4.0,21.63,83.5,-6.0,14.1,14.5
760.967,68,146.0,1374.0,53.0,-4.0,21.63,83.5,-6.0,14.1,14.5
761.086,68,146.0,1374.0,53.0,-4.0,21.63,83.5,-6.0,14.1,14.5
761.237,68,142.0,1374.0,53.0,-4.0,21.63,83.5,-6.0,14.1,14.5
761.329,68,142.0,1369.0,53.0,-4.0,21.63,83.5,-6.0,14.1,14.5
761.417,68,142.0,1369.0,53.0,-4.0,21.63,83.5,-6.0,14.1,14.5
761.536,68,142.0,1369.0,53.0,-4.0,21.63,83.5,-6.0,14.1,14.5
761.747,68,142.0,1369.0,53.0,-4.0,21.77,83.5,-6.0,14.1,14.5
761.838,68,142.0,1369.0,53.0,-4.0,21.77,83.5,-6.0,14.1,14.5
761.93,68,142.0,1369.0,53.0,-4.0,21.77,83.5,-6.0,14.1,14.5
762.017,68,142.0,1369.0,53.0,-4.0,21.77,83.5,-6.0,14.1,14.5
762.137,68,142.0,1369.0,53.0,-4.0,21.77,83.5,-6.0,14.1,14.5
762.287,69,142.0,1369.0,53.0,-4.0,21.77,83.5,-6.0,14.1,14.5
762.377,69,142.0,1369.0,53.0,-4.0,21.77,83.5,-6.0,14.1,14.5
762.468,69,142.0,1370.0,53.0,-4.0,21.77,83.5,-6.0,14.1,14.5
762.591,69,142.0,1370.0,53.0,-4.0,21.77,83.5,-6.0,14.1,14.5
762.679,69,142.0,1370.0,53.0,-4.0,21.77,83.5,-6.0,14.1,14.5
762.77,69,142.0,1370.0,53.0,-4.0,21.63,83.5,-6.0,14.1,14.5
762.891,69,142.0,1370.0,53.0,-4.0,21.63,83.5,-6.0,14.1,14.5
762.98,69,142.0,1370.0,53.0,-4.0,21.63,83.5,-6.0,14.1,14.5
763.068,69,142.0,1370.0,53.0,-4.0,21.63,83.5,-6.0,14.1,14.5
763.187,69,142.0,1370.0,53.0,-4.0,21.63,83.5,-6.0,14.1,14.5
763.337,69,142.0,1370.0,53.0,-4.0,21.63,83.5,-6.0,14.1,14.5
763.43,69,143.0,1370.0,53.0,-4.0,21.63,83.5,-6.0,14.1,14.5
763.518,69,143.0,1374.0,53.0,-4.0,21.63,83.5,-6.0,14.1,14.5
763.637,69,143.0,1374.0,54.0,-4.0,21.63,83.5,-6.0,14.1,14.5
763.731,69,143.0,1374.0,54.0,-4.0,21.63,83.5,-6.0,14.1,14.5
763.819,69,143.0,1374.0,54.0,-4.0,22.36,83.5,-6.0,14.1,14.5
763.938,69,143.0,1374.0,54.0,-4.0,22.36,83.5,-6.0,14.1,14.5
764.087,69,143.0,1374.0,54.0,-4.0,22.36,83.5,-6.0,14.1,14.5
764.177,69,143.0,1374.0,54.0,-4.0,22.36,83.5,-6.0,14.1,14.5
764.268,69,143.0,1374.0,54.0,-4.0,22.36,83.5,-6.0,14.1,14.5
764.386,69,143.0,1374.0,54.0,-4.0,22.36,83.5,-6.0,14.1,14.5
764.536,69,146.0,1374.0,54.0,-4.0,22.36,83.5,-6.0,14.1,14.5
764.69,69,146.0,1372.0,54.0,-4.0,22.36,83.5,-6.0,14.1,14.5
764.78,69,146.0,1372.0,53.0,-4.0,22.36,83.5,-6.0,14.1,14.5
764.87,69,146.0,1372.0,53.0,-4.0,22.36,83.5,-6.0,14.1,14.5
764.99,69,146.0,1372.0,53.0,-4.0,22.61,83.5,-6.0,14.1,14.5
765.137,69,146.0,1372.0,53.0,-4.0,22.61,83.5,-6.0,14.1,14.5
765.228,69,146.0,1372.0,53.0,-4.0,22.61,83.5,-6.0,14.1,14.5
765.319,69,146.0,1372.0,53.0,-4.0,22.61,83.5,-6.0,14.1,14.5
765.408,69,146.0,1372.0,53.0,-4.0,22.61,83.5,-6.0,14.1,14.5
765.586,69,146.0,1372.0,53.0,-4.0,22.61,83.5,-6.0,14.1,14.5
765.707,69,148.0,1372.0,53.0,-4.0,22.61,83.5,-6.0,14.1,14.5
765.828,69,148.0,1375.0,53.0,-4.0,22.61,83.5,-6.0,14.1,14.5
765.95,69,148.0,1375.0,53.0,-4.0,22.61,83.5,-6.0,14.1,14.5
766.127,69,148.0,1375.0,53.0,-4.0,22.61,83.5,-6.0,14.1,14.5
766.218,69,148.0,1375.0,53.0,-4.0,22.8,83.5,-6.0,14.1,14.5
766.307,69,148.0,1375.0,53.0,-4.0,22.8,83.5,-6.0,14.1,14.5
766.427,69,148.0,1375.0,53.0,-4.0,22.8,83.5,-6.0,14.1,14.5
766.578,69,148.0,1375.0,53.0,-4.0,22.8,83.5,-6.0,14.1,14.5
766.697,69,148.0,1375.0,53.0,-4.0,22.8,83.5,-6.0,14.1,14.1
766.848,69,148.0,1375.0,53.0,-4.0,22.8,83.5,-6.0,14.1,14.1
766.938,69,149.0,1375.0,53.0,-4.0,22.8,83.5,-6.0,14.1,14.1
767.044,69,149.0,1384.0,53.0,-4.0,22.8,83.5,-6.0,14.1,14.1
767.117,69,149.0,1384.0,54.0,-4.0,22.8,83.5,-6.0,14.1,14.1
767.208,69,149.0,1384.0,54.0,-4.0,22.8,83.5,-6.0,14.1,14.1
767.327,69,149.0,1384.0,54.0,-4.0,23.02,83.5,-6.0,14.1,14.1
767.477,69,149.0,1384.0,54.0,-4.0,23.02,83.5,-6.0,14.1,14.1
767.568,69,149.0,1384.0,54.0,-4.0,23.02,83.5,-6.0,14.1,14.1
767.688,69,149.0,1384.0,54.0,-4.0,23.02,83.5,-6.0,14.1,14.1
767.78,69,149.0,1384.0,54.0,-4.0,23.02,83.5,-6.0,14.1,14.5
767.87,69,149.0,1384.0,54.0,-4.0,23.02,83.5,-6.0,14.1,14.5
767.964,69,148.0,1384.0,54.0,-4.0,23.02,83.5,-6.0,14.1,14.5
768.077,69,148.0,1378.0,54.0,-4.0,23.02,83.5,-6.0,14.1,14.5
768.227,69,148.0,1378.0,54.0,-4.0,23.02,83.5,-6.0,14.1,14.5
768.32,69,148.0,1378.0,54.0,-4.0,23.02,83.5,-6.0,14.1,14.5
768.411,69,148.0,1378.0,54.0,-4.0,22.91,83.5,-6.0,14.1,14.5
768.53,69,148.0,1378.0,54.0,-4.0,22.91,83.5,-6.0,14.1,14.5
768.678,69,148.0,1378.0,54.0,-4.0,22.91,83.5,-6.0,14.1,14.5
768.833,69,148.0,1378.0,54.0,-4.0,22.91,83.5,-6.0,14.1,14.5
768.917,69,148.0,1378.0,54.0,-4.0,22.91,83.5,-6.0,14.1,14.5
769.068,69,148.0,1378.0,54.0,-4.0,22.91,83.5,-6.0,14.1,14.5
769.157,69,148.0,1378.0,54.0,-4.0,22.91,83.5,-6.0,14.1,14.5
769.276,69,148.0,1383.0,54.0,-4.0,22.91,83.5,-6.0,14.1,14.5
769.427,69,148.0,1383.0,54.0,-4.0,22.91,83.5,-6.0,14.1,14.5
769.517,69,148.0,1383.0,54.0,-4.0,22.91,83.5,-6.0,14.1,14.5
769.611,69,148.0,1383.0,54.0,-4.0,22.97,83.5,-6.0,14.1,14.5
769.758,69,148.0,1383.0,54.0,-4.0,22.97,83.5,-6.0,14.1,14.5
769.878,69,148.0,1383.0,54.0,-4.0,22.97,83.5,-6.0,14.1,14.5
770.027,69,148.0,1383.0,54.0,-4.0,22.97,83.5,-6.0,14.1,14.5
770.117,69,148.0,1383.0,54.0,-4.0,22.97,83.5,-6.0,14.1,14.5
770.208,69,148.0,1383.0,54.0,-4.0,22.97,83.5,-6.0,14.1,14.5
770.327,69,147.0,1383.0,54.0,-4.0,22.97,83.5,-6.0,14.1,14.5
770.476,69,147.0,1382.0,54.0,-4.0,22.97,83.5,-6.0,14.1,14.5
770.568,69,147.0,1382.0,54.0,-4.0,22.97,83.5,-6.0,14.1,14.5
770.718,69,147.0,1382.0,54.0,-4.0,22.97,83.5,-6.0,14.1,14.5
770.809,69,147.0,1382.0,54.0,-4.0,23.33,83.5,-6.0,14.1,14.5
770.929,69,147.0,1382.0,54.0,-4.0,23.33,83.5,-6.0,14.1,14.5
771.077,69,147.0,1382.0,54.0,-4.0,23.33,83.5,-6.0,14.1,14.5
771.168,69,147.0,1382.0,54.0,-4.0,23.33,83.5,-6.0,14.1,14.5
771.258,69,147.0,1382.0,54.0,-4.0,23.33,83.5,-6.0,14.1,14.5
771.376,70,147.0,1382.0,54.0,-4.0,23.33,83.5,-6.0,14.1,14.5
771.527,70,148.0,1382.0,54.0,-4.0,23.33,83.5,-6.0,14.1,14.5
771.619,70,148.0,1379.0,54.0,-4.0,23.33,83.5,-6.0,14.1,14.5
771.737,70,148.0,1379.0,54.0,-4.0,23.33,83.5,-6.0,14.1,14.5
771.831,70,148.0,1379.0,54.0,-4.0,23.33,83.5,-6.0,14.1,14.5
771.918,70,148.0,1379.0,54.0,-4.0,23.27,83.5,-6.0,14.1,14.5
772.021,70,148.0,1379.0,54.0,-4.0,23.27,83.5,-6.0,14.1,14.5
772.127,70,148.0,1379.0,54.0,-4.0,23.27,83.5,-6.0,14.1,14.5
772.276,70,148.0,1379.0,54.0,-4.0,23.27,83.5,-6.0,14.1,14.5
772.368,70,148.0,1379.0,54.0,-4.0,23.27,83.5,-6.0,14.1,14.5
772.457,70,148.0,1379.0,54.0,-4.0,23.27,83.5,-6.0,14.1,14.5
772.577,70,149.0,1379.0,54.0,-4.0,23.27,83.5,-6.0,14.1,14.5
772.788,70,149.0,1379.0,54.0,-4.0,23.27,83.5,-6.0,14.1,14.5
772.88,70,149.0,1379.0,54.0,-4.0,23.27,83.5,-6.0,14.1,14.5
772.971,70,149.0,1379.0,54.0,-4.0,23.27,83.5,-6.0,14.1,14.5
773.057,70,149.0,1379.0,54.0,-4.0,23.61,83.5,-6.0,14.1,14.5
773.176,70,149.0,1379.0,54.0,-4.0,23.61,83.5,-6.0,14.1,14.5
773.326,70,149.0,1379.0,54.0,-4.0,23.61,83.5,-6.0,14.1,14.5
773.417,70,149.0,1379.0,54.0,-4.0,23.61,83.5,-6.0,14.1,14.5
773.509,70,149.0,1379.0,54.0,-4.0,23.61,83.5,-6.0,14.1,14.5
773.63,70,149.0,1379.0,54.0,-4.0,23.61,83.5,-6.0,14.1,14.5
773.75,70,149.0,1379.0,54.0,-4.0,23.61,83.5,-6.0,14.1,14.5
773.839,70,149.0,1378.0,54.0,-4.0,23.61,83.5,-6.0,14.1,14.5
773.953,70,149.0,1378.0,53.0,-4.0,23.61,83.5,-6.0,14.1,14.5
774.106,70,149.0,1378.0,53.0,-4.0,23.61,83.5,-6.0,14.1,14.5
774.227,70,149.0,1378.0,53.0,-4.0,24.05,83.5,-6.0,14.1,14.5
774.376,70,149.0,1378.0,53.0,-4.0,24.05,83.5,-6.0,14.1,14.5
774.497,70,149.0,1378.0,53.0,-4.0,24.05,83.5,-6.0,14.1,14.5
774.677,70,149.0,1378.0,53.0,-4.0,24.05,83.5,-6.0,14.1,14.5
774.799,70,149.0,1378.0,53.0,-4.0,24.05,83.5,-6.0,14.1,14.5
774.89,70,149.0,1378.0,53.0,-4.0,24.05,83.5,-6.0,14.1,14.5
774.981,70,152.0,1378.0,53.0,-4.0,24.05,83.5,-6.0,14.1,14.5
775.098,70,152.0,1381.0,53.0,-4.0,24.05,83.5,-6.0,14.1,14.5
775.217,70,152.0,1381.0,54.0,-4.0,24.05,83.5,-6.0,14.1,14.5
775.307,70,152.0,1381.0,54.0,-4.0,24.05,83.5,-6.0,14.1,14.5
775.427,70,152.0,1381.0,54.0,-4.0,23.97,83.5,-6.0,14.1,14.5
775.576,70,152.0,1381.0,54.0,-4.0,23.97,83.5,-6.0,14.1,14.5
775.729,70,152.0,1381.0,54.0,-4.0,23.97,83.5,-6.0,14.1,14.5
775.818,70,152.0,1381.0,54.0,-4.0,23.97,83.5,-6.0,14.1,14.5
775.912,70,152.0,1381.0,54.0,-4.0,23.97,83.5,-6.0,14.1,14.5
776.044,70,152.0,1381.0,54.0,-4.0,23.97,83.5,-6.0,14.1,14.5
776.176,70,150.0,1381.0,54.0,-4.0,23.97,83.5,-6.0,14.1,14.5
776.268,70,150.0,1398.0,54.0,-4.0,23.97,83.5,-6.0,14.1,14.5
776.357,70,150.0,1398.0,54.0,-4.0,23.97,83.5,-6.0,14.1,14.5
776.476,70,150.0,1398.0,54.0,-4.0,23.97,83.5,-6.0,14.1,14.5
776.627,70,150.0,1398.0,54.0,-4.0,22.8,83.5,-6.0,14.1,14.5
776.716,70,150.0,1398.0,54.0,-4.0,22.8,83.5,-6.0,14.1,14.5
776.868,70,150.0,1398.0,54.0,-4.0,22.8,83.5,-6.0,14.1,14.5
776.959,70,150.0,1398.0,54.0,-4.0,22.8,83.5,-6.0,14.1,14.5
777.076,70,150.0,1398.0,54.0,-4.0,22.8,83.5,-6.0,14.1,14.5
777.227,70,150.0,1398.0,54.0,-4.0,22.8,83.5,-6.0,14.1,14.5
777.32,70,144.0,1398.0,54.0,-4.0,22.8,83.5,-6.0,14.1,14.5
777.409,70,144.0,1401.0,54.0,-4.0,22.8,83.5,-6.0,14.1,14.5
777.587,70,144.0,1401.0,54.0,-4.0,22.8,83.5,-6.0,14.1,14.5
777.738,70,144.0,1401.0,54.0,-4.0,22.8,83.5,-6.0,14.1,14.5
777.832,70,144.0,1401.0,54.0,-4.0,21.72,83.5,-6.0,14.1,14.5
777.917,70,144.0,1401.0,54.0,-4.0,21.72,83.5,-6.0,14.1,14.5
778.009,70,144.0,1401.0,54.0,-4.0,21.72,83.5,-6.0,14.1,14.5
778.187,70,144.0,1401.0,54.0,-4.0,21.72,83.5,-6.0,14.1,14.5
778.336,70,144.0,1401.0,54.0,-4.0,21.72,83.5,-6.0,14.1,14.5
778.432,71,144.0,1401.0,54.0,-4.0,21.72,83.5,-6.0,14.1,14.5
778.519,71,127.0,1401.0,54.0,-4.0,21.72,83.5,-6.0,14.1,14.5
778.61,71,127.0,1357.0,54.0,-4.0,21.72,83.5,-6.0,14.1,14.5
778.787,71,127.0,1357.0,53.0,-4.0,21.72,83.5,-6.0,14.1,14.5
778.937,71,127.0,1357.0,53.0,-4.0,21.72,83.5,-6.0,14.1,14.5
779.028,71,127.0,1357.0,53.0,-4.0,21.08,83.5,-6.0,14.1,14.5
779.117,71,127.0,1357.0,53.0,-4.0,21.08,31.0,-6.0,14.1,14.5
779.207,71,127.0,1357.0,53.0,-4.0,21.08,31.0,-6.0,14.1,14.5
779.327,71,127.0,1357.0,53.0,-4.0,21.08,31.0,-6.0,14.1,14.5
779.477,71,127.0,1357.0,53.0,-4.0,21.08,31.0,-6.0,14.1,14.5
779.57,71,127.0,1357.0,53.0,-4.0,21.08,31.0,-6.0,14.1,14.5
779.664,71,111.0,1357.0,53.0,-4.0,21.08,31.0,-6.0,14.1,14.5
779.776,71,111.0,1146.0,53.0,-4.0,21.08,31.0,-6.0,14.1,14.5
779.929,71,111.0,1146.0,49.0,-4.0,21.08,31.0,-6.0,14.1,14.5
780.018,71,111.0,1146.0,49.0,-4.0,21.08,31.0,-6.0,14.1,14.5
780.107,71,111.0,1146.0,49.0,-4.0,10.94,31.0,-6.0,14.1,14.5
780.197,71,111.0,1146.0,49.0,-4.0,10.94,83.5,-6.0,14.1,14.5
780.318,71,111.0,1146.0,49.0,-4.0,10.94,83.5,-6.0,14.1,14.5
780.467,71,111.0,1146.0,49.0,-4.0,10.94,83.5,-6.0,14.1,14.5
780.557,71,111.0,1146.0,49.0,-4.0,10.94,83.5,-6.0,14.1,14.5
780.653,71,111.0,1146.0,49.0,-4.0,10.94,83.5,-6.0,14.1,14.5
780.769,71,112.0,1146.0,49.0,-4.0,10.94,83.5,-6.0,14.1,14.5
780.859,71,112.0,1684.0,49.0,-4.0,10.94,83.5,-6.0,14.1,14.5
780.951,71,112.0,1684.0,45.0,-4.0,10.94,83.5,-6.0,14.1,14.5
781.068,71,112.0,1684.0,45.0,-5.0,10.94,83.5,-6.0,14.1,14.5
781.217,71,112.0,1684.0,45.0,-5.0,17.44,83.5,-6.0,14.1,14.5
781.367,71,112.0,1684.0,45.0,-5.0,17.44,83.5,-6.0,14.1,14.5
781.457,71,112.0,1684.0,45.0,-5.0,17.44,83.5,-6.0,14.1,14.5
781.551,71,112.0,1684.0,45.0,-5.0,17.44,83.5,-6.0,14.1,14.5
781.668,71,112.0,1684.0,45.0,-5.0,17.44,83.5,-6.0,14.1,14.5
781.788,71,112.0,1684.0,45.0,-5.0,17.44,83.5,-6.0,14.1,14.5
781.879,71,120.0,1684.0,45.0,-5.0,17.44,83.5,-6.0,14.1,14.5
781.972,71,120.0,1575.0,45.0,-5.0,17.44,83.5,-6.0,14.1,14.5
782.057,71,120.0,1575.0,42.0,-5.0,17.44,83.5,-6.0,14.1,14.5
782.148,71,120.0,1575.0,42.0,-5.0,17.44,83.5,-6.0,14.1,14.5
782.267,71,120.0,1575.0,42.0,-5.0,15.41,83.5,-6.0,14.1,14.5
782.417,71,120.0,1575.0,42.0,-5.0,15.41,83.5,-6.0,14.1,14.5
782.507,71,120.0,1575.0,42.0,-5.0,15.41,83.5,-6.0,14.1,14.5
782.597,71,120.0,1575.0,42.0,-5.0,15.41,83.5,-6.0,14.1,14.5
782.777,71,120.0,1575.0,42.0,-5.0,15.41,83.5,-6.0,14.1,14.5
782.928,71,120.0,1575.0,42.0,-5.0,15.41,83.5,-6.0,14.1,14.5
783.017,71,116.0,1575.0,42.0,-5.0,15.41,83.5,-6.0,14.1,14.5
783.197,71,116.0,1028.0,42.0,-5.0,15.41,83.5,-6.0,14.1,14.5
783.316,71,116.0,1028.0,37.0,-5.0,15.41,83.5,-6.0,14.1,14.5
783.467,71,116.0,1028.0,37.0,-5.0,15.41,83.5,-6.0,14.1,14.5
783.557,71,116.0,1028.0,37.0,-5.0,10.08,83.5,-6.0,14.1,14.5
783.65,71,116.0,1028.0,37.0,-5.0,10.08,83.5,-6.0,14.1,14.5
783.832,71,116.0,1028.0,37.0,-5.0,10.08,83.5,-6.0,14.1,14.5
783.921,71,116.0,1028.0,37.0,-5.0,10.08,83.5,-6.0,14.1,14.5
784.008,71,116.0,1028.0,37.0,-5.0,10.08,83.5,-6.0,14.1,14.5
784.097,71,116.0,1028.0,37.0,-5.0,10.08,83.5,-6.0,14.1,14.5
784.247,71,111.0,1028.0,37.0,-5.0,10.08,83.5,-6.0,14.1,14.5
784.367,71,111.0,1035.0,37.0,-5.0,10.08,83.5,-6.0,14.1,14.5
784.517,71,111.0,1035.0,29.0,-5.0,10.08,83.5,-6.0,14.1,14.5
784.609,71,111.0,1035.0,29.0,-7.0,10.08,83.5,-6.0,14.1,14.5
784.757,71,111.0,1035.0,29.0,-7.0,9.08,83.5,-6.0,14.1,14.5
784.85,71,111.0,1035.0,29.0,-7.0,9.08,83.5,-6.0,14.1,14.5
784.97,71,111.0,1035.0,29.0,-7.0,9.08,83.5,-6.0,14.1,14.5
785.116,71,111.0,1035.0,29.0,-7.0,9.08,83.5,-6.0,14.1,14.5
785.207,71,111.0,1035.0,29.0,-7.0,9.08,83.5,-6.0,14.1,14.5
785.297,72,111.0,1035.0,29.0,-7.0,9.08,83.5,-6.0,14.1,14.5
785.417,72,109.0,1035.0,29.0,-7.0,9.08,83.5,-6.0,14.1,14.5
785.567,72,109.0,1037.0,29.0,-7.0,9.08,83.5,-6.0,14.1,14.5
785.659,72,109.0,1037.0,21.0,-7.0,9.08,83.5,-6.0,14.1,14.5
785.747,72,109.0,1037.0,21.0,-8.0,9.08,83.5,-6.0,14.1,14.5
785.896,72,109.0,1037.0,21.0,-8.0,9.05,83.5,-6.0,14.1,14.5
786.017,72,109.0,1037.0,21.0,-8.0,9.05,83.5,-6.0,14.1,14.5
786.167,72,109.0,1037.0,21.0,-8.0,9.05,83.5,-6.0,14.1,14.5
786.287,72,109.0,1037.0,21.0,-8.0,9.05,83.5,-6.0,14.9,14.5
786.437,72,109.0,1037.0,21.0,-8.0,9.05,83.5,-6.0,14.9,18.4
786.527,72,109.0,1037.0,21.0,-8.0,9.05,83.5,-6.0,14.9,18.4
786.618,72,109.0,1037.0,21.0,-8.0,9.05,83.5,-6.0,14.9,18.4
786.708,72,109.0,1212.0,21.0,-8.0,9.05,83.5,-6.0,14.9,18.4
786.799,72,109.0,1212.0,19.0,-8.0,9.05,83.5,-6.0,14.9,18.4
786.916,72,109.0,1212.0,19.0,-7.0,9.05,83.5,-6.0,14.9,18.4
787.066,72,109.0,1212.0,19.0,-7.0,10.61,83.5,-6.0,14.9,18.4
787.156,72,109.0,1212.0,19.0,-7.0,10.61,83.5,-6.0,14.9,18.4
787.246,72,109.0,1212.0,19.0,-7.0,10.61,83.5,-6.0,14.9,18.4
787.366,72,109.0,1212.0,19.0,-7.0,10.61,83.5,-6.0,31.4,18.4
787.487,72,109.0,1212.0,19.0,-7.0,10.61,83.5,-6.0,31.4,32.5
787.577,72,109.0,1212.0,19.0,-7.0,10.61,83.5,-6.0,31.4,32.5
787.789,72,111.0,1212.0,19.0,-7.0,10.61,83.5,-6.0,31.4,32.5
787.888,72,111.0,1269.0,19.0,-7.0,10.61,83.5,-6.0,31.4,32.5
787.967,72,111.0,1269.0,22.0,-7.0,10.61,83.5,-6.0,31.4,32.5
788.058,72,111.0,1269.0,22.0,-5.0,10.61,83.5,-6.0,31.4,32.5
788.149,72,111.0,1269.0,22.0,-5.0,16.99,83.5,-6.0,31.4,32.5
788.267,72,111.0,1269.0,22.0,-5.0,16.99,83.5,-6.0,31.4,32.5
788.417,72,111.0,1269.0,22.0,-5.0,16.99,83.5,-6.0,31.4,32.5
788.508,72,111.0,1269.0,22.0,-5.0,16.99,83.5,-6.0,42.0,32.5
788.597,72,111.0,1269.0,22.0,-5.0,16.99,83.5,-6.0,42.0,42.7
788.716,72,111.0,1269.0,22.0,-5.0,16.99,83.5,-6.0,42.0,42.7
788.867,72,128.0,1269.0,22.0,-5.0,16.99,83.5,-6.0,42.0,42.7
788.957,72,128.0,1499.0,22.0,-5.0,16.99,83.5,-6.0,42.0,42.7
789.05,72,128.0,1499.0,26.0,-5.0,16.99,83.5,-6.0,42.0,42.7
789.166,72,128.0,1499.0,26.0,-3.0,16.99,83.5,-6.0,42.0,42.7
789.316,72,128.0,1499.0,26.0,-3.0,25.49,83.5,-6.0,42.0,42.7
789.437,72,128.0,1499.0,26.0,-3.0,25.49,83.5,-6.0,42.0,42.7
789.529,72,128.0,1499.0,26.0,-3.0,25.49,83.5,-6.0,42.0,42.7
789.678,72,128.0,1499.0,26.0,-3.0,25.49,83.5,-6.0,43.5,42.7
789.797,72,128.0,1499.0,26.0,-3.0,25.49,83.5,-6.0,43.5,43.9
789.916,72,128.0,1499.0,26.0,-3.0,25.49,83.5,-6.0,43.5,43.9
790.066,72,158.0,1499.0,26.0,-3.0,25.49,83.5,-6.0,43.5,43.9
790.157,72,158.0,1839.0,26.0,-3.0,25.49,83.5,-6.0,43.5,43.9
790.277,72,158.0,1839.0,32.0,-3.0,25.49,83.5,-6.0,43.5,43.9
790.396,72,158.0,1839.0,32.0,-1.0,25.49,83.5,-6.0,43.5,43.9
790.516,72,158.0,1839.0,32.0,-1.0,23.88,83.5,-6.0,43.5,43.9
790.667,72,158.0,1839.0,32.0,-1.0,23.88,31.8,-6.0,43.5,43.9
790.729,72,158.0,1839.0,32.0,-1.0,23.88,31.8,-6.0,43.5,43.9
790.817,72,158.0,1839.0,32.0,-1.0,23.88,31.8,-6.0,14.5,43.9
790.909,72,158.0,1839.0,32.0,-1.0,23.88,31.8,-6.0,14.5,16.9
790.997,72,158.0,1839.0,32.0,-1.0,23.88,31.8,-6.0,14.5,16.9
791.115,72,105.0,1839.0,32.0,-1.0,23.88,31.8,-6.0,14.5,16.9
791.266,72,105.0,1423.0,32.0,-1.0,23.88,31.8,-6.0,14.5,16.9
791.357,72,105.0,1423.0,32.0,-1.0,23.88,31.8,-6.0,14.5,16.9
791.447,72,105.0,1423.0,32.0,-2.0,23.88,31.8,-6.0,14.5,16.9
791.567,72,105.0,1423.0,32.0,-2.0,17.02,31.8,-6.0,14.5,16.9
791.778,72,105.0,1423.0,32.0,-2.0,17.02,83.1,-6.0,14.5,16.9
791.869,72,105.0,1423.0,32.0,-2.0,17.02,83.1,-6.0,14.5,16.9
791.958,72,105.0,1423.0,32.0,-2.0,17.02,83.1,-6.0,45.5,16.9
792.047,72,105.0,1423.0,32.0,-2.0,17.02,83.1,-6.0,45.5,47.5
792.167,72,105.0,1423.0,32.0,-2.0,17.02,83.1,-6.0,45.5,47.5
792.317,72,126.0,1423.0,32.0,-2.0,17.02,83.1,-6.0,45.5,47.5
792.408,72,126.0,1329.0,32.0,-2.0,17.02,83.1,-6.0,45.5,47.5
792.497,72,126.0,1329.0,36.0,-2.0,17.02,83.1,-6.0,45.5,47.5
792.616,72,126.0,1329.0,36.0,-3.0,17.02,83.1,-6.0,45.5,47.5
792.737,72,126.0,1329.0,36.0,-3.0,25.58,83.1,-6.0,45.5,47.5
792.835,72,126.0,1329.0,36.0,-3.0,25.58,83.5,-6.0,45.5,47.5
792.917,72,126.0,1329.0,36.0,-3.0,25.58,83.5,-6.0,45.5,47.5
793.007,72,126.0,1329.0,36.0,-3.0,25.58,83.5,-6.0,50.6,47.5
793.098,72,126.0,1329.0,36.0,-3.0,25.58,83.5,-6.0,50.6,51.4
793.216,72,126.0,1329.0,36.0,-3.0,25.58,83.5,-6.0,50.6,51.4
793.367,72,164.0,1329.0,36.0,-3.0,25.58,83.5,-6.0,50.6,51.4
793.516,72,164.0,1472.0,36.0,-3.0,25.58,83.5,-6.0,50.6,51.4
793.611,72,164.0,1472.0,40.0,-3.0,25.58,83.5,-6.0,50.6,51.4
793.698,72,164.0,1472.0,40.0,-1.0,25.58,83.5,-6.0,50.6,51.4
793.786,72,164.0,1472.0,40.0,-1.0,41.97,83.5,-6.0,50.6,51.4
793.878,72,164.0,1472.0,40.0,-1.0,41.97,83.5,-6.0,50.6,51.4
793.968,72,164.0,1472.0,40.0,-1.0,41.97,83.5,-6.0,50.6,51.4
794.116,72,164.0,1472.0,40.0,-1.0,41.97,83.5,-6.0,51.4,51.4
794.208,72,164.0,1472.0,40.0,-1.0,41.97,83.5,-6.0,51.4,52.2
794.297,72,164.0,1472.0,40.0,-1.0,41.97,83.5,-6.0,51.4,52.2
794.416,72,199.0,1472.0,40.0,-1.0,41.97,83.5,-6.0,51.4,52.2
794.566,72,199.0,1616.0,40.0,-1.0,41.97,83.5,-6.0,51.4,52.2
794.661,72,199.0,1616.0,43.0,-1.0,41.97,83.5,-6.0,51.4,52.2
794.747,72,199.0,1616.0,43.0,0.0,41.97,83.5,-6.0,51.4,52.2
794.867,72,199.0,1616.0,43.0,0.0,50.52,83.5,-6.0,51.4,52.2
794.966,72,199.0,1616.0,43.0,0.0,50.52,83.5,-6.0,51.4,52.2
795.077,72,199.0,1616.0,43.0,0.0,50.52,83.5,-6.0,51.4,52.2
795.168,72,199.0,1616.0,43.0,0.0,50.52,83.5,-6.0,52.2,52.2
795.32,72,199.0,1616.0,43.0,0.0,50.52,83.5,-6.0,52.2,52.5
795.411,72,199.0,1616.0,43.0,0.0,50.52,83.5,-6.0,52.2,52.5
795.497,72,205.0,1616.0,43.0,0.0,50.52,83.5,-6.0,52.2,52.5
795.616,72,205.0,1759.0,43.0,0.0,50.52,83.5,-6.0,52.2,52.5
795.736,72,205.0,1759.0,47.0,0.0,50.52,83.5,-6.0,52.2,52.5
795.857,72,205.0,1759.0,47.0,0.0,50.52,83.5,-6.0,52.2,52.5
796.012,72,205.0,1759.0,47.0,0.0,58.13,83.5,-6.0,52.2,52.5
796.097,72,205.0,1759.0,47.0,0.0,58.13,83.5,-6.0,52.2,52.5
796.188,72,205.0,1759.0,47.0,0.0,58.13,83.5,-6.0,52.2,52.5
796.336,72,205.0,1759.0,47.0,0.0,58.13,83.5,-6.0,51.4,52.5
796.429,72,205.0,1759.0,47.0,0.0,58.13,83.5,-6.0,51.4,51.0
796.517,73,205.0,1759.0,47.0,0.0,58.13,83.5,-6.0,51.4,51.0
796.608,73,207.0,1759.0,47.0,0.0,58.13,83.5,-6.0,51.4,51.0
796.73,73,207.0,1894.0,47.0,0.0,58.13,83.5,-6.0,51.4,51.0
796.847,73,207.0,1894.0,51.0,0.0,58.13,83.5,-6.0,51.4,51.0
796.937,73,207.0,1894.0,51.0,0.0,58.13,83.5,-6.0,51.4,51.0
797.056,73,207.0,1894.0,51.0,0.0,32.13,83.5,-6.0,51.4,51.0
797.207,73,207.0,1894.0,51.0,0.0,32.13,83.5,-6.0,51.4,51.0
797.298,73,207.0,1894.0,51.0,0.0,32.13,83.5,-6.0,51.4,51.0
797.387,73,207.0,1894.0,51.0,0.0,32.13,83.5,-6.0,37.6,51.0
797.506,73,207.0,1894.0,51.0,0.0,32.13,83.5,-6.0,37.6,29.0
797.656,73,207.0,1894.0,51.0,0.0,32.13,83.5,-6.0,37.6,29.0
797.748,73,120.0,1894.0,51.0,0.0,32.13,83.5,-6.0,37.6,29.0
797.866,73,120.0,1568.0,51.0,0.0,32.13,83.5,-6.0,37.6,29.0
798.016,73,120.0,1568.0,50.0,0.0,32.13,83.5,-6.0,37.6,29.0
798.196,73,120.0,1568.0,50.0,-4.0,32.13,83.5,-6.0,37.6,29.0
798.32,73,120.0,1568.0,50.0,-4.0,21.24,83.5,-6.0,37.6,29.0
798.466,73,120.0,1568.0,50.0,-4.0,21.24,72.5,-6.0,37.6,29.0
798.557,73,120.0,1568.0,50.0,-4.0,21.24,72.5,-6.0,37.6,29.0
798.649,73,120.0,1568.0,50.0,-4.0,21.24,72.5,-6.0,49.0,29.0
798.798,73,120.0,1568.0,50.0,-4.0,21.24,72.5,-6.0,49.0,50.2
798.887,73,120.0,1568.0,50.0,-4.0,21.24,72.5,-6.0,49.0,50.2
799.012,73,123.0,1568.0,50.0,-4.0,21.24,72.5,-6.0,49.0,50.2
799.156,73,123.0,1258.0,50.0,-4.0,21.24,72.5,-6.0,49.0,50.2
799.276,73,123.0,1258.0,48.0,-4.0,21.24,72.5,-6.0,49.0,50.2
799.427,73,123.0,1258.0,48.0,-5.0,21.24,72.5,-6.0,49.0,50.2
799.517,73,123.0,1258.0,48.0,-5.0,20.55,72.5,-6.0,49.0,50.2
799.667,73,123.0,1258.0,48.0,-5.0,20.55,38.4,-6.0,49.0,50.2
799.817,73,123.0,1258.0,48.0,-5.0,20.55,38.4,-6.0,49.0,50.2
799.908,73,123.0,1258.0,48.0,-5.0,20.55,38.4,-6.0,14.1,50.2
799.998,73,123.0,1258.0,48.0,-5.0,20.55,38.4,-6.0,14.1,14.5
800.087,73,123.0,1258.0,48.0,-5.0,20.55,38.4,-6.0,14.1,14.5
800.207,73,106.0,1258.0,48.0,-5.0,20.55,38.4,-6.0,14.1,14.5
800.356,73,106.0,1160.0,48.0,-5.0,20.55,38.4,-6.0,14.1,14.5
800.477,73,106.0,1160.0,45.0,-5.0,20.55,38.4,-6.0,14.1,14.5
800.629,73,106.0,1160.0,45.0,-6.0,20.55,38.4,-6.0,14.1,14.5
800.718,73,106.0,1160.0,45.0,-6.0,13.3,38.4,-6.0,14.1,14.5
800.778,73,106.0,1160.0,45.0,-6.0,13.3,83.5,-6.0,14.1,14.5
800.868,73,106.0,1160.0,45.0,-6.0,13.3,83.5,-6.0,14.1,14.5
800.957,73,106.0,1160.0,45.0,-6.0,13.3,83.5,-6.0,28.2,14.5
801.048,73,106.0,1160.0,45.0,-6.0,13.3,83.5,-6.0,28.2,28.6
801.256,73,106.0,1160.0,45.0,-6.0,13.3,83.5,-6.0,28.2,28.6
801.407,73,107.0,1160.0,45.0,-6.0,13.3,83.5,-6.0,28.2,28.6
801.497,73,107.0,1549.0,45.0,-6.0,13.3,83.5,-6.0,28.2,28.6
801.588,73,107.0,1549.0,42.0,-6.0,13.3,83.5,-6.0,28.2,28.6
801.708,73,107.0,1549.0,42.0,-7.0,13.3,83.5,-6.0,28.2,28.6
801.916,73,107.0,1549.0,42.0,-7.0,12.41,83.5,-6.0,28.2,28.6
802.007,73,107.0,1549.0,42.0,-7.0,12.41,83.5,-6.0,28.2,28.6
802.097,73,107.0,1549.0,42.0,-7.0,12.41,83.5,-6.0,28.2,28.6
802.188,73,107.0,1549.0,42.0,-7.0,12.41,83.5,-6.0,27.5,28.6
802.306,73,107.0,1549.0,42.0,-7.0,12.41,83.5,-6.0,27.5,27.8
802.456,73,107.0,1549.0,42.0,-7.0,12.41,83.5,-6.0,27.5,27.8
802.608,73,112.0,1549.0,42.0,-7.0,12.41,83.5,-6.0,27.5,27.8
802.7,73,112.0,1433.0,42.0,-7.0,12.41,83.5,-6.0,27.5,27.8
802.789,73,112.0,1433.0,38.0,-7.0,12.41,83.5,-6.0,27.5,27.8
802.909,73,112.0,1433.0,38.0,-7.0,12.41,83.5,-6.0,27.5,27.8
803.056,73,112.0,1433.0,38.0,-7.0,11.69,83.5,-6.0,27.5,27.8
803.147,73,112.0,1433.0,38.0,-7.0,11.69,83.5,-6.0,27.5,27.8
803.236,73,112.0,1433.0,38.0,-7.0,11.69,83.5,-6.0,27.5,27.8
803.356,73,112.0,1433.0,38.0,-7.0,11.69,83.5,-6.0,27.5,27.8
803.507,73,112.0,1433.0,38.0,-7.0,11.69,83.5,-6.0,27.5,27.5
803.597,73,112.0,1433.0,38.0,-7.0,11.69,83.5,-6.0,27.5,27.5
803.689,73,110.0,1433.0,38.0,-7.0,11.69,83.5,-6.0,27.5,27.5
803.836,73,110.0,1316.0,38.0,-7.0,11.69,83.5,-6.0,27.5,27.5
803.956,73,110.0,1316.0,35.0,-7.0,11.69,83.5,-6.0,27.5,27.5
804.106,73,110.0,1316.0,35.0,-7.0,11.69,83.5,-6.0,27.5,27.5
804.197,73,110.0,1316.0,35.0,-7.0,14.3,83.5,-6.0,27.5,27.5
804.288,73,110.0,1316.0,35.0,-7.0,14.3,83.5,-6.0,27.5,27.5
804.407,73,110.0,1316.0,35.0,-7.0,14.3,83.5,-7.0,27.5,27.5
804.557,73,110.0,1316.0,35.0,-7.0,14.3,83.5,-7.0,43.1,27.5
804.651,73,110.0,1316.0,35.0,-7.0,14.3,83.5,-7.0,43.1,44.3
804.739,73,110.0,1316.0,35.0,-7.0,14.3,83.5,-7.0,43.1,44.3
804.829,73,125.0,1316.0,35.0,-7.0,14.3,83.5,-7.0,43.1,44.3
804.988,73,125.0,1280.0,35.0,-7.0,14.3,83.5,-7.0,43.1,44.3
805.156,73,125.0,1280.0,35.0,-7.0,14.3,83.5,-7.0,43.1,44.3
805.276,73,125.0,1280.0,35.0,-6.0,14.3,83.5,-7.0,43.1,44.3
805.368,73,125.0,1280.0,35.0,-6.0,23.47,83.5,-7.0,43.1,44.3
805.488,73,125.0,1280.0,35.0,-6.0,23.47,83.5,-7.0,43.1,44.3
805.607,73,125.0,1280.0,35.0,-6.0,23.47,83.5,-7.0,43.1,44.3
805.756,73,125.0,1280.0,35.0,-6.0,23.47,83.5,-7.0,50.2,44.3
805.817,73,125.0,1280.0,35.0,-6.0,23.47,83.5,-7.0,50.2,51.4
805.91,74,125.0,1280.0,35.0,-6.0,23.47,83.5,-7.0,50.2,51.4
805.998,74,153.0,1280.0,35.0,-6.0,23.47,83.5,-7.0,50.2,51.4
806.087,74,153.0,1337.0,35.0,-6.0,23.47,83.5,-7.0,50.2,51.4
806.206,74,153.0,1337.0,36.0,-6.0,23.47,83.5,-7.0,50.2,51.4
806.356,74,153.0,1337.0,36.0,-2.0,23.47,83.5,-7.0,50.2,51.4
806.447,74,153.0,1337.0,36.0,-2.0,34.97,83.5,-7.0,50.2,51.4
806.537,74,153.0,1337.0,36.0,-2.0,34.97,83.5,-7.0,50.2,51.4
806.657,74,153.0,1337.0,36.0,-2.0,34.97,83.5,-7.0,50.2,51.4
806.75,74,153.0,1337.0,36.0,-2.0,34.97,83.5,-7.0,53.3,51.4
806.898,74,153.0,1337.0,36.0,-2.0,34.97,83.5,-7.0,53.3,54.1
806.992,74,153.0,1337.0,36.0,-2.0,34.97,83.5,-7.0,53.3,54.1
807.107,74,187.0,1337.0,36.0,-2.0,34.97,83.5,-7.0,53.3,54.1
807.256,74,187.0,1496.0,36.0,-2.0,34.97,83.5,-7.0,53.3,54.1
807.348,74,187.0,1496.0,40.0,-2.0,34.97,83.5,-7.0,53.3,54.1
807.437,74,187.0,1496.0,40.0,-1.0,34.97,83.5,-7.0,53.3,54.1
807.556,74,187.0,1496.0,40.0,-1.0,46.77,83.5,-7.0,53.3,54.1
807.706,74,187.0,1496.0,40.0,-1.0,46.77,83.5,-7.0,53.3,54.1
807.857,74,187.0,1496.0,40.0,-1.0,46.77,83.5,-7.0,53.3,54.1
807.95,74,187.0,1496.0,40.0,-1.0,46.77,83.5,-7.0,53.3,54.1
808.049,74,187.0,1496.0,40.0,-1.0,46.77,83.5,-7.0,53.3,53.7
808.156,74,187.0,1496.0,40.0,-1.0,46.77,83.5,-7.0,53.3,53.7
808.307,74,210.0,1496.0,40.0,-1.0,46.77,83.5,-7.0,53.3,53.7
808.398,74,210.0,1673.0,40.0,-1.0,46.77,83.5,-7.0,53.3,53.7
808.486,74,210.0,1673.0,45.0,-1.0,46.77,83.5,-7.0,53.3,53.7
808.638,74,210.0,1673.0,45.0,0.0,46.77,83.5,-7.0,53.3,53.7
808.757,74,210.0,1673.0,45.0,0.0,53.61,83.5,-7.0,53.3,53.7
808.884,74,210.0,1673.0,45.0,0.0,53.61,83.5,-7.0,53.3,53.7
808.997,74,210.0,1673.0,45.0,0.0,53.61,83.5,-7.0,53.3,53.7
809.146,74,210.0,1673.0,45.0,0.0,53.61,83.5,-7.0,52.5,53.7
809.237,74,210.0,1673.0,45.0,0.0,53.61,83.5,-7.0,52.5,52.9
809.356,74,210.0,1673.0,45.0,0.0,53.61,83.5,-7.0,52.5,52.9
809.506,74,212.0,1673.0,45.0,0.0,53.61,83.5,-7.0,52.5,52.9
809.597,74,212.0,1847.0,45.0,0.0,53.61,83.5,-7.0,52.5,52.9
809.692,74,212.0,1847.0,50.0,0.0,53.61,83.5,-7.0,52.5,52.9
809.837,74,212.0,1847.0,50.0,-1.0,53.61,83.5,-7.0,52.5,52.9
809.956,74,212.0,1847.0,50.0,-1.0,59.83,83.5,-7.0,52.5,52.9
810.106,74,212.0,1847.0,50.0,-1.0,59.83,83.5,-7.0,52.5,52.9
810.197,74,212.0,1847.0,50.0,-1.0,59.83,83.5,-7.0,52.5,52.9
810.286,74,212.0,1847.0,50.0,-1.0,59.83,83.5,-7.0,51.4,52.9
810.377,74,212.0,1847.0,50.0,-1.0,59.83,83.5,-7.0,51.4,51.4
810.496,74,212.0,1847.0,50.0,-1.0,59.83,83.5,-7.0,51.4,51.4
810.648,74,206.0,1847.0,50.0,-1.0,59.83,83.5,-7.0,51.4,51.4
810.74,74,206.0,1968.0,50.0,-1.0,59.83,83.5,-7.0,51.4,51.4
810.826,74,206.0,1968.0,53.0,-1.0,59.83,83.5,-7.0,51.4,51.4
810.917,74,206.0,1968.0,53.0,-1.0,59.83,83.5,-7.0,51.4,51.4
811.011,74,206.0,1968.0,53.0,-1.0,54.36,83.5,-7.0,51.4,51.4
811.156,74,206.0,1968.0,53.0,-1.0,54.36,83.5,-7.0,51.4,51.4
811.248,74,206.0,1968.0,53.0,-1.0,54.36,83.5,-7.0,51.4,51.4
811.337,74,206.0,1968.0,53.0,-1.0,54.36,83.5,-7.0,46.7,51.4
811.457,74,206.0,1968.0,53.0,-1.0,54.36,83.5,-7.0,46.7,46.3
811.548,74,206.0,1968.0,53.0,-1.0,54.36,83.5,-7.0,46.7,46.3
811.638,74,174.0,1968.0,53.0,-1.0,54.36,83.5,-7.0,46.7,46.3
811.756,74,174.0,2009.0,53.0,-1.0,54.36,83.5,-7.0,46.7,46.3
811.94,74,174.0,2009.0,54.0,-1.0,54.36,83.5,-7.0,46.7,46.3
812.028,74,174.0,2009.0,54.0,-2.0,54.36,83.5,-7.0,46.7,46.3
812.146,74,174.0,2009.0,54.0,-2.0,29.02,83.5,-7.0,46.7,46.3
812.296,74,174.0,2009.0,54.0,-2.0,29.02,31.0,-7.0,46.7,46.3
812.387,74,174.0,2009.0,54.0,-2.0,29.02,31.0,-7.0,46.7,46.3
812.478,74,174.0,2009.0,54.0,-2.0,29.02,31.0,-7.0,35.7,46.3
812.596,74,174.0,2009.0,54.0,-2.0,29.02,31.0,-7.0,35.7,39.2
812.747,74,174.0,2009.0,54.0,-2.0,29.02,31.0,-7.0,35.7,39.2
812.836,74,111.0,2009.0,54.0,-2.0,29.02,31.0,-7.0,35.7,39.2
812.988,74,111.0,1328.0,54.0,-2.0,29.02,31.0,-7.0,35.7,39.2
813.076,74,111.0,1328.0,52.0,-2.0,29.02,31.0,-7.0,35.7,39.2
813.196,74,111.0,1328.0,52.0,-5.0,29.02,31.0,-7.0,35.7,39.2
813.347,74,111.0,1328.0,52.0,-5.0,20.11,31.0,-7.0,35.7,39.2
813.467,74,111.0,1328.0,52.0,-5.0,20.11,83.5,-7.0,35.7,39.2
813.616,74,111.0,1328.0,52.0,-5.0,20.11,83.5,-7.0,35.7,39.2
813.71,74,111.0,1328.0,52.0,-5.0,20.11,83.5,-7.0,45.1,39.2
813.86,74,111.0,1328.0,52.0,-5.0,20.11,83.5,-7.0,45.1,45.9
813.95,74,111.0,1328.0,52.0,-5.0,20.11,83.5,-7.0,45.1,45.9
814.043,74,138.0,1328.0,52.0,-5.0,20.11,83.5,-7.0,45.1,45.9
814.127,74,138.0,1299.0,52.0,-5.0,20.11,83.5,-7.0,45.1,45.9
814.246,74,138.0,1299.0,51.0,-5.0,20.11,83.5,-7.0,45.1,45.9
814.396,74,138.0,1299.0,51.0,-6.0,20.11,83.5,-7.0,45.1,45.9
814.487,74,138.0,1299.0,51.0,-6.0,22.58,83.5,-7.0,45.1,45.9
814.576,74,138.0,1299.0,51.0,-6.0,22.58,83.5,-7.0,45.1,45.9
814.67,74,138.0,1299.0,51.0,-6.0,22.58,83.5,-7.0,45.1,45.9
814.876,74,138.0,1299.0,51.0,-6.0,22.58,83.5,-7.0,43.9,45.9
814.996,74,138.0,1299.0,51.0,-6.0,22.58,83.5,-7.0,43.9,45.1
815.146,74,138.0,1299.0,51.0,-6.0,22.58,83.5,-7.0,43.9,45.1
815.237,74,151.0,1299.0,51.0,-6.0,22.58,83.5,-7.0,43.9,45.1
815.329,74,151.0,1288.0,51.0,-6.0,22.58,83.5,-7.0,43.9,45.1
815.447,74,151.0,1288.0,50.0,-6.0,22.58,83.5,-7.0,43.9,45.1
815.596,74,151.0,1288.0,50.0,-5.0,22.58,83.5,-7.0,43.9,45.1
815.689,74,151.0,1288.0,50.0,-5.0,24.72,83.5,-7.0,43.9,45.1
815.777,74,151.0,1288.0,50.0,-5.0,24.72,83.5,-7.0,43.9,45.1
815.869,74,151.0,1288.0,50.0,-5.0,24.72,83.5,-7.0,43.9,45.1
816.016,74,151.0,1288.0,50.0,-5.0,24.72,83.5,-7.0,44.3,45.1
816.108,74,151.0,1288.0,50.0,-5.0,24.72,83.5,-7.0,44.3,45.5
816.197,75,151.0,1288.0,50.0,-5.0,24.72,83.5,-7.0,44.3,45.5
816.287,75,155.0,1288.0,50.0,-5.0,24.72,83.5,-7.0,44.3,45.5
816.378,75,155.0,1290.0,50.0,-5.0,24.72,83.5,-7.0,44.3,45.5
816.496,75,155.0,1290.0,50.0,-5.0,24.72,83.5,-7.0,44.3,45.5
816.647,75,155.0,1290.0,50.0,-5.0,24.72,83.5,-7.0,44.3,45.5
816.738,75,155.0,1290.0,50.0,-5.0,24.66,83.5,-7.0,44.3,45.5
816.888,75,155.0,1290.0,50.0,-5.0,24.66,83.5,-7.0,44.3,45.5
816.982,75,155.0,1290.0,50.0,-5.0,24.66,83.5,-7.0,44.3,45.5
817.156,75,155.0,1290.0,50.0,-5.0,24.66,83.5,-7.0,14.1,45.5
817.247,75,155.0,1290.0,50.0,-5.0,24.66,83.5,-7.0,14.1,14.5
817.337,75,155.0,1290.0,50.0,-5.0,24.66,83.5,-7.0,14.1,14.5
817.427,75,113.0,1290.0,50.0,-5.0,24.66,83.5,-7.0,14.1,14.5
817.576,75,113.0,1259.0,50.0,-5.0,24.66,83.5,-7.0,14.1,14.5
817.696,75,113.0,1259.0,47.0,-5.0,24.66,83.5,-7.0,14.1,14.5
817.79,75,113.0,1259.0,47.0,-5.0,24.66,83.5,-7.0,14.1,14.5
817.876,75,113.0,1259.0,47.0,-5.0,23.61,83.5,-7.0,14.1,14.5
817.971,75,113.0,1259.0,47.0,-5.0,23.61,81.2,-7.0,14.1,14.5
818.058,75,113.0,1259.0,47.0,-5.0,23.61,81.2,-7.0,14.1,14.5
818.206,75,113.0,1259.0,47.0,-5.0,23.61,81.2,-7.0,49.4,14.5
818.297,75,113.0,1259.0,47.0,-5.0,23.61,81.2,-7.0,49.4,51.8
818.387,75,113.0,1259.0,47.0,-5.0,23.61,81.2,-7.0,49.4,51.8
818.507,75,142.0,1259.0,47.0,-5.0,23.61,81.2,-7.0,49.4,51.8
818.656,75,142.0,1760.0,47.0,-5.0,23.61,81.2,-7.0,49.4,51.8
818.749,75,142.0,1760.0,47.0,-5.0,23.61,81.2,-7.0,49.4,51.8
818.899,75,142.0,1760.0,47.0,-3.0,23.61,81.2,-7.0,49.4,51.8
818.989,75,142.0,1760.0,47.0,-3.0,53.49,81.2,-7.0,49.4,51.8
819.078,75,142.0,1760.0,47.0,-3.0,53.49,83.5,-7.0,49.4,51.8
819.196,75,142.0,1760.0,47.0,-3.0,53.49,83.5,-7.0,49.4,51.8
819.346,75,142.0,1760.0,47.0,-3.0,53.49,83.5,-7.0,51.8,51.8
819.466,75,142.0,1760.0,47.0,-3.0,53.49,83.5,-7.0,51.8,52.2
819.556,75,142.0,1760.0,47.0,-3.0,53.49,83.5,-7.0,51.8,52.2
819.708,75,210.0,1760.0,47.0,-3.0,53.49,83.5,-7.0,51.8,52.2
819.799,75,210.0,1899.0,47.0,-3.0,53.49,83.5,-7.0,51.8,52.2
819.888,75,210.0,1899.0,51.0,-3.0,53.49,83.5,-7.0,51.8,52.2
820.039,75,210.0,1899.0,51.0,-1.0,53.49,83.5,-7.0,51.8,52.2
820.127,75,210.0,1899.0,51.0,-1.0,62.69,83.5,-7.0,51.8,52.2
820.246,75,210.0,1899.0,51.0,-1.0,62.69,83.5,-7.0,51.8,52.2
820.396,75,210.0,1899.0,51.0,-1.0,62.69,83.5,-7.0,51.8,52.2
820.493,75,210.0,1899.0,51.0,-1.0,62.69,83.5,-7.0,51.8,52.2
820.578,75,210.0,1899.0,51.0,-1.0,62.69,83.5,-7.0,51.8,52.2
820.699,75,210.0,1899.0,51.0,-1.0,62.69,83.5,-7.0,51.8,52.2
820.79,75,211.0,1899.0,51.0,-1.0,62.69,83.5,-7.0,51.8,52.2
820.876,75,211.0,2025.0,51.0,-1.0,62.69,83.5,-7.0,51.8,52.2
820.967,75,211.0,2025.0,55.0,-1.0,62.69,83.5,-7.0,51.8,52.2
821.116,75,211.0,2025.0,55.0,-1.0,62.69,83.5,-7.0,51.8,52.2
821.236,75,211.0,2025.0,55.0,-1.0,67.88,83.5,-7.0,51.8,52.2
821.387,75,211.0,2025.0,55.0,-1.0,67.88,83.5,-7.0,51.8,52.2
821.476,75,211.0,2025.0,55.0,-1.0,67.88,83.5,-7.0,51.8,52.2
821.596,75,211.0,2025.0,55.0,-1.0,67.88,83.5,-7.0,51.4,52.2
821.746,75,211.0,2025.0,55.0,-1.0,67.88,83.5,-7.0,51.4,51.8
821.842,75,211.0,2025.0,55.0,-1.0,67.88,83.5,-7.0,51.4,51.8
821.929,75,209.0,2025.0,55.0,-1.0,67.88,83.5,-7.0,51.4,51.8
822.046,75,209.0,2155.0,55.0,-1.0,67.88,83.5,-7.0,51.4,51.8
822.196,75,209.0,2155.0,58.0,-1.0,67.88,83.5,-7.0,51.4,51.8
822.288,75,209.0,2155.0,58.0,-1.0,67.88,83.5,-7.0,51.4,51.8
822.377,75,209.0,2155.0,58.0,-1.0,37.24,83.5,-7.0,51.4,51.8
822.496,75,209.0,2155.0,58.0,-1.0,37.24,64.7,-7.0,51.4,51.8
822.648,75,209.0,2155.0,58.0,-1.0,37.24,64.7,-7.0,51.4,51.8
822.742,75,209.0,2155.0,58.0,-1.0,37.24,64.7,-7.0,14.1,51.8
822.86,75,209.0,2155.0,58.0,-1.0,37.24,64.7,-7.0,14.1,16.1
822.922,76,209.0,2155.0,58.0,-1.0,37.24,64.7,-7.0,14.1,16.1
823.066,76,108.0,2155.0,58.0,-1.0,37.24,64.7,-7.0,14.1,16.1
823.186,76,108.0,1407.0,58.0,-1.0,37.24,64.7,-7.0,14.1,16.1
823.336,76,108.0,1407.0,55.0,-1.0,37.24,64.7,-7.0,14.1,16.1
823.427,76,108.0,1407.0,55.0,-4.0,37.24,64.7,-7.0,14.1,16.1
823.549,76,108.0,1407.0,55.0,-4.0,25.91,64.7,-7.0,14.1,16.1
823.667,76,108.0,1407.0,55.0,-4.0,25.91,83.5,-7.0,14.1,16.1
823.786,76,108.0,1407.0,55.0,-4.0,25.91,83.5,-7.0,14.1,16.1
823.996,76,108.0,1407.0,55.0,-4.0,25.91,83.5,-7.0,52.2,16.1
824.088,76,108.0,1407.0,55.0,-4.0,25.91,83.5,-7.0,52.2,52.5
824.177,76,108.0,1407.0,55.0,-4.0,25.91,83.5,-7.0,52.2,52.5
824.267,76,155.0,1407.0,55.0,-4.0,25.91,83.5,-7.0,52.2,52.5
824.403,76,155.0,1434.0,55.0,-4.0,25.91,83.5,-7.0,52.2,52.5
824.566,76,155.0,1434.0,56.0,-4.0,25.91,83.5,-7.0,52.2,52.5
824.656,76,155.0,1434.0,56.0,-4.0,25.91,83.5,-7.0,52.2,52.5
824.746,76,155.0,1434.0,56.0,-4.0,38.74,83.5,-7.0,52.2,52.5
824.867,76,155.0,1434.0,56.0,-4.0,38.74,83.5,-7.0,52.2,52.5
824.986,76,155.0,1434.0,56.0,-4.0,38.74,83.5,-7.0,52.2,52.5
825.136,76,155.0,1434.0,56.0,-4.0,38.74,83.5,-7.0,51.4,52.5
825.227,76,155.0,1434.0,56.0,-4.0,38.74,83.5,-7.0,51.4,52.2
825.319,76,155.0,1434.0,56.0,-4.0,38.74,83.5,-7.0,51.4,52.2
825.436,76,192.0,1434.0,56.0,-4.0,38.74,83.5,-7.0,51.4,52.2
825.591,76,192.0,1461.0,56.0,-4.0,38.74,83.5,-7.0,51.4,52.2
825.68,76,192.0,1461.0,57.0,-4.0,38.74,83.5,-7.0,51.4,52.2
825.768,76,192.0,1461.0,57.0,-3.0,38.74,83.5,-7.0,51.4,52.2
825.946,76,192.0,1461.0,57.0,-3.0,43.41,83.5,-7.0,51.4,52.2
826.042,76,192.0,1461.0,57.0,-3.0,43.41,83.5,-7.0,51.4,52.2
826.127,76,192.0,1461.0,57.0,-3.0,43.41,83.5,-7.0,51.4,52.2
826.217,76,192.0,1461.0,57.0,-3.0,43.41,83.5,-7.0,48.2,52.2
826.336,76,192.0,1461.0,57.0,-3.0,43.41,83.5,-7.0,48.2,48.6
826.486,76,192.0,1461.0,57.0,-3.0,43.41,83.5,-7.0,48.2,48.6
826.576,76,178.0,1461.0,57.0,-3.0,43.41,83.5,-7.0,48.2,48.6
826.669,76,178.0,1495.0,57.0,-3.0,43.41,83.5,-7.0,48.2,48.6
826.787,76,178.0,1495.0,58.0,-3.0,43.41,83.5,-7.0,48.2,48.6
826.885,76,178.0,1495.0,58.0,-3.0,43.41,83.5,-7.0,48.2,48.6
826.996,76,178.0,1495.0,58.0,-3.0,41.41,83.5,-7.0,48.2,48.6
827.147,76,178.0,1495.0,58.0,-3.0,41.41,83.5,-7.0,48.2,48.6
827.237,76,178.0,1495.0,58.0,-3.0,41.41,83.5,-7.0,48.2,48.6
827.329,76,178.0,1495.0,58.0,-3.0,41.41,83.5,-7.0,51.8,48.6
827.419,76,178.0,1495.0,58.0,-3.0,41.41,83.5,-7.0,51.8,52.2
827.536,76,178.0,1495.0,58.0,-3.0,41.41,83.5,-7.0,51.8,52.2
827.687,76,201.0,1495.0,58.0,-3.0,41.41,83.5,-7.0,51.8,52.2
827.779,76,201.0,1533.0,58.0,-3.0,41.41,83.5,-7.0,51.8,52.2
827.927,76,201.0,1533.0,59.0,-3.0,41.41,83.5,-7.0,51.8,52.2
828.017,76,201.0,1533.0,59.0,-3.0,41.41,83.5,-7.0,51.8,52.2
828.136,76,201.0,1533.0,59.0,-3.0,44.72,83.5,-7.0,51.8,52.2
828.287,76,201.0,1533.0,59.0,-3.0,44.72,83.5,-7.0,51.8,52.2
828.38,76,201.0,1533.0,59.0,-3.0,44.72,83.5,-7.0,51.8,52.2
828.469,76,201.0,1533.0,59.0,-3.0,44.72,83.5,-7.0,49.4,52.2
828.588,76,201.0,1533.0,59.0,-3.0,44.72,83.5,-7.0,49.4,49.8
828.736,76,201.0,1533.0,59.0,-3.0,44.72,83.5,-7.0,49.4,49.8
828.859,76,187.0,1533.0,59.0,-3.0,44.72,83.5,-7.0,49.4,49.8
828.947,76,187.0,1554.0,59.0,-3.0,44.72,83.5,-7.0,49.4,49.8
829.008,76,187.0,1554.0,61.0,-3.0,44.72,83.5,-7.0,49.4,49.8
829.096,76,187.0,1554.0,61.0,-3.0,44.72,83.5,-7.0,49.4,49.8
829.246,76,187.0,1554.0,61.0,-3.0,24.47,83.5,-7.0,49.4,49.8
829.337,76,187.0,1554.0,61.0,-3.0,24.47,83.5,-7.0,49.4,49.8
829.428,76,187.0,1554.0,61.0,-3.0,24.47,83.5,-7.0,49.4,49.8
829.517,76,187.0,1554.0,61.0,-3.0,24.47,83.5,-7.0,44.3,49.8
829.636,76,187.0,1554.0,61.0,-3.0,24.47,83.5,-7.0,44.3,45.1
829.848,77,187.0,1554.0,61.0,-3.0,24.47,83.5,-7.0,44.3,45.1
829.996,77,155.0,1554.0,61.0,-3.0,24.47,83.5,-7.0,44.3,45.1
830.087,77,155.0,1544.0,61.0,-3.0,24.47,83.5,-7.0,44.3,45.1
830.176,77,155.0,1544.0,60.0,-3.0,24.47,83.5,-7.0,44.3,45.1
830.296,77,155.0,1544.0,60.0,-6.0,24.47,83.5,-7.0,44.3,45.1
830.446,77,155.0,1544.0,60.0,-6.0,31.99,83.5,-7.0,44.3,45.1
830.538,77,155.0,1544.0,60.0,-6.0,31.99,83.5,-7.0,44.3,45.1
830.628,77,155.0,1544.0,60.0,-6.0,31.99,83.5,-7.0,44.3,45.1
830.716,77,155.0,1544.0,60.0,-6.0,31.99,83.5,-7.0,49.0,45.1
830.835,77,155.0,1544.0,60.0,-6.0,31.99,83.5,-7.0,49.0,49.8
830.956,77,155.0,1544.0,60.0,-6.0,31.99,83.5,-7.0,49.0,49.8
831.046,77,191.0,1544.0,60.0,-6.0,31.99,83.5,-7.0,49.0,49.8
831.195,77,191.0,1562.0,60.0,-6.0,31.99,83.5,-7.0,49.0,49.8
831.286,77,191.0,1562.0,61.0,-6.0,31.99,83.5,-7.0,49.0,49.8
831.377,77,191.0,1562.0,61.0,-4.0,31.99,83.5,-7.0,49.0,49.8
831.498,77,191.0,1562.0,61.0,-4.0,40.41,83.5,-7.0,49.0,49.8
831.649,77,191.0,1562.0,61.0,-4.0,40.41,83.5,-7.0,49.0,49.8
831.739,77,191.0,1562.0,61.0,-4.0,40.41,83.5,-7.0,49.0,49.8
831.829,77,191.0,1562.0,61.0,-4.0,40.41,83.5,-7.0,49.4,49.8
831.919,77,191.0,1562.0,61.0,-4.0,40.41,83.5,-7.0,49.4,49.8
832.036,77,191.0,1562.0,61.0,-4.0,40.41,83.5,-7.0,49.4,49.8
832.127,77,187.0,1562.0,61.0,-4.0,40.41,83.5,-7.0,49.4,49.8
832.217,77,187.0,1596.0,61.0,-4.0,40.41,83.5,-7.0,49.4,49.8
832.336,77,187.0,1596.0,62.0,-4.0,40.41,83.5,-7.0,49.4,49.8
832.486,77,187.0,1596.0,62.0,-3.0,40.41,83.5,-7.0,49.4,49.8
832.578,77,187.0,1596.0,62.0,-3.0,33.11,83.5,-7.0,49.4,49.8
832.696,77,187.0,1596.0,62.0,-3.0,33.11,83.5,-7.0,49.4,49.8
832.819,77,187.0,1596.0,62.0,-3.0,33.11,83.5,-7.0,49.4,49.8
832.998,77,187.0,1596.0,62.0,-3.0,33.11,83.5,-7.0,47.5,49.8
833.145,77,187.0,1596.0,62.0,-3.0,33.11,83.5,-7.0,47.5,48.2
833.236,77,187.0,1596.0,62.0,-3.0,33.11,83.5,-7.0,47.5,48.2
833.326,77,180.0,1596.0,62.0,-3.0,33.11,83.5,-7.0,47.5,48.2
833.416,77,180.0,1585.0,62.0,-3.0,33.11,83.5,-7.0,47.5,48.2
833.535,77,180.0,1585.0,62.0,-3.0,33.11,83.5,-7.0,47.5,48.2
833.686,77,180.0,1585.0,62.0,-4.0,33.11,83.5,-7.0,47.5,48.2
833.784,77,180.0,1585.0,62.0,-4.0,33.05,83.5,-7.0,47.5,48.2
833.898,77,180.0,1585.0,62.0,-4.0,33.05,83.5,-7.0,47.5,48.2
833.978,77,180.0,1585.0,62.0,-4.0,33.05,83.5,-7.0,47.5,48.2
834.106,77,180.0,1585.0,62.0,-4.0,33.05,83.5,-7.0,42.4,48.2
834.197,77,180.0,1585.0,62.0,-4.0,33.05,83.5,-7.0,42.4,40.4
834.287,77,180.0,1585.0,62.0,-4.0,33.05,83.5,-7.0,42.4,40.4
834.382,77,149.0,1585.0,62.0,-4.0,33.05,83.5,-7.0,42.4,40.4
834.468,77,149.0,1567.0,62.0,-4.0,33.05,83.5,-7.0,42.4,40.4
834.587,77,149.0,1567.0,61.0,-4.0,33.05,83.5,-7.0,42.4,40.4
834.738,77,149.0,1567.0,61.0,-4.0,33.05,83.5,-7.0,42.4,40.4
834.859,77,149.0,1567.0,61.0,-4.0,16.58,83.5,-7.0,42.4,40.4
834.947,77,149.0,1567.0,61.0,-4.0,16.58,83.5,-7.0,42.4,40.4
835.096,77,149.0,1567.0,61.0,-4.0,16.58,83.5,-7.0,42.4,40.4
835.187,77,149.0,1567.0,61.0,-4.0,16.58,83.5,-7.0,32.2,40.4
835.278,77,149.0,1567.0,61.0,-4.0,16.58,83.5,-7.0,32.2,32.5
835.367,77,149.0,1567.0,61.0,-4.0,16.58,83.5,-7.0,32.2,32.5
835.487,77,114.0,1567.0,61.0,-4.0,16.58,83.5,-7.0,32.2,32.5
835.636,77,114.0,1496.0,61.0,-4.0,16.58,83.5,-7.0,32.2,32.5
835.728,77,114.0,1496.0,58.0,-4.0,16.58,83.5,-7.0,32.2,32.5
835.787,77,114.0,1496.0,58.0,-8.0,16.58,83.5,-7.0,32.2,32.5
835.936,77,114.0,1496.0,58.0,-8.0,14.02,83.5,-7.0,32.2,32.5
836.056,77,114.0,1496.0,58.0,-8.0,14.02,83.5,-7.0,32.2,32.5
836.148,77,114.0,1496.0,58.0,-8.0,14.02,83.5,-7.0,32.2,32.5
836.296,77,114.0,1496.0,58.0,-8.0,14.02,83.5,-7.0,14.9,32.5
836.387,77,114.0,1496.0,58.0,-8.0,14.02,83.5,-7.0,14.9,21.2
836.478,78,114.0,1496.0,58.0,-8.0,14.02,83.5,-7.0,14.9,21.2
836.569,78,112.0,1496.0,58.0,-8.0,14.02,83.5,-7.0,14.9,21.2
836.687,78,112.0,1398.0,58.0,-8.0,14.02,83.5,-7.0,14.9,21.2
836.837,78,112.0,1398.0,53.0,-8.0,14.02,83.5,-7.0,14.9,21.2
836.9,78,112.0,1398.0,53.0,-9.0,14.02,83.5,-7.0,14.9,21.2
836.988,78,112.0,1398.0,53.0,-9.0,19.3,83.5,-7.0,14.9,21.2
837.078,78,112.0,1398.0,53.0,-9.0,19.3,83.5,-7.0,14.9,21.2
837.167,78,112.0,1398.0,53.0,-9.0,19.3,83.5,-7.0,14.9,21.2
837.257,78,112.0,1398.0,53.0,-9.0,19.3,83.5,-7.0,23.1,21.2
837.346,78,112.0,1398.0,53.0,-9.0,19.3,83.5,-7.0,23.1,19.2
837.437,78,112.0,1398.0,53.0,-9.0,19.3,83.5,-7.0,23.1,19.2
837.526,78,105.0,1398.0,53.0,-9.0,19.3,83.5,-7.0,23.1,19.2
837.617,78,105.0,1619.0,53.0,-9.0,19.3,83.5,-7.0,23.1,19.2
837.707,78,105.0,1619.0,50.0,-9.0,19.3,83.5,-7.0,23.1,19.2
837.827,78,105.0,1619.0,50.0,-8.0,19.3,83.5,-7.0,23.1,19.2
837.948,78,105.0,1619.0,50.0,-8.0,10.47,83.5,-7.0,23.1,19.2
838.04,78,105.0,1619.0,50.0,-8.0,10.47,83.5,-7.0,23.1,19.2
838.128,78,105.0,1619.0,50.0,-8.0,10.47,83.5,-7.0,23.1,19.2
838.217,78,105.0,1619.0,50.0,-8.0,10.47,83.5,-7.0,14.1,19.2
838.306,78,105.0,1619.0,50.0,-8.0,10.47,83.5,-7.0,14.1,14.5
838.426,78,105.0,1619.0,50.0,-8.0,10.47,83.5,-7.0,14.1,14.5
838.576,78,112.0,1619.0,50.0,-8.0,10.47,83.5,-7.0,14.1,14.5
838.668,78,112.0,1072.0,50.0,-8.0,10.47,83.5,-7.0,14.1,14.5
838.757,78,112.0,1072.0,46.0,-8.0,10.47,83.5,-7.0,14.1,14.5
838.846,78,112.0,1072.0,46.0,-7.0,10.47,83.5,-7.0,14.1,14.5
838.998,78,112.0,1072.0,46.0,-7.0,10.38,83.5,-7.0,14.1,14.5
839.146,78,112.0,1072.0,46.0,-7.0,10.38,83.5,-7.0,14.1,14.5
839.237,78,112.0,1072.0,46.0,-7.0,10.38,83.5,-7.0,14.1,14.5
839.329,78,112.0,1072.0,46.0,-7.0,10.38,83.5,-7.0,14.1,14.5
839.417,78,112.0,1072.0,46.0,-7.0,10.38,83.5,-7.0,14.1,14.5
839.507,78,112.0,1072.0,46.0,-7.0,10.38,83.5,-7.0,14.1,14.5
839.602,78,110.0,1072.0,46.0,-7.0,10.38,83.5,-7.0,14.1,14.5
839.687,78,110.0,1108.0,46.0,-7.0,10.38,83.5,-7.0,14.1,14.5
839.783,78,110.0,1108.0,41.0,-7.0,10.38,83.5,-7.0,14.1,14.5
839.869,78,110.0,1108.0,41.0,-8.0,10.38,83.5,-7.0,14.1,14.5
839.967,78,110.0,1108.0,41.0,-8.0,11.08,83.5,-7.0,14.1,14.5
840.106,78,110.0,1108.0,41.0,-8.0,11.08,83.5,-7.0,14.1,14.5
840.226,78,110.0,1108.0,41.0,-8.0,11.08,83.5,-7.0,14.1,14.5
840.376,78,110.0,1108.0,41.0,-8.0,11.08,83.5,-7.0,14.1,14.5
840.467,78,110.0,1108.0,41.0,-8.0,11.08,83.5,-7.0,14.1,14.5
840.559,78,110.0,1108.0,41.0,-8.0,11.08,83.5,-7.0,14.1,14.5
840.651,78,110.0,1108.0,41.0,-8.0,11.08,83.5,-7.0,14.1,14.5
840.768,78,110.0,1425.0,41.0,-8.0,11.08,83.5,-7.0,14.1,14.5
840.917,78,110.0,1425.0,34.0,-8.0,11.08,83.5,-7.0,14.1,14.5
841.066,78,110.0,1425.0,34.0,-7.0,11.08,83.5,-7.0,14.1,14.5
841.247,78,110.0,1425.0,34.0,-7.0,16.97,83.5,-7.0,14.1,14.5
841.366,78,110.0,1425.0,34.0,-7.0,16.97,83.5,-7.0,14.1,14.5
841.517,78,110.0,1425.0,34.0,-7.0,16.97,83.5,-7.0,14.1,14.5
841.609,78,110.0,1425.0,34.0,-7.0,16.97,83.5,-7.0,14.1,14.5
841.727,78,110.0,1425.0,34.0,-7.0,16.97,83.5,-7.0,14.1,14.5
841.848,78,110.0,1425.0,34.0,-7.0,16.97,83.5,-7.0,14.1,14.5
842.026,78,119.0,1425.0,34.0,-7.0,16.97,83.5,-7.0,14.1,14.5
842.177,78,119.0,1658.0,34.0,-7.0,16.97,83.5,-7.0,14.1,14.5
842.268,78,119.0,1658.0,28.0,-7.0,16.97,83.5,-7.0,14.1,14.5
842.358,78,119.0,1658.0,28.0,-5.0,16.97,83.5,-7.0,14.1,14.5
842.477,78,119.0,1658.0,28.0,-5.0,15.94,83.5,-7.0,14.1,14.5
842.627,78,119.0,1658.0,28.0,-5.0,15.94,83.5,-7.0,14.1,14.5
842.719,78,119.0,1658.0,28.0,-5.0,15.94,83.5,-7.0,14.1,14.5
842.808,78,119.0,1658.0,28.0,-5.0,15.94,83.5,-7.0,30.2,14.5
842.928,78,119.0,1658.0,28.0,-5.0,15.94,83.5,-7.0,30.2,30.6
843.046,79,119.0,1658.0,28.0,-5.0,15.94,83.5,-7.0,30.2,30.6
843.226,79,112.0,1658.0,28.0,-5.0,15.94,83.5,-7.0,30.2,30.6
843.318,79,112.0,1556.0,28.0,-5.0,15.94,83.5,-7.0,30.2,30.6
843.408,79,112.0,1556.0,27.0,-5.0,15.94,83.5,-7.0,30.2,30.6
843.498,79,112.0,1556.0,27.0,-6.0,15.94,83.5,-7.0,30.2,30.6
843.616,79,112.0,1556.0,27.0,-6.0,12.83,83.5,-7.0,30.2,30.6
843.767,79,112.0,1556.0,27.0,-6.0,12.83,83.5,-7.0,30.2,30.6
843.859,79,112.0,1556.0,27.0,-6.0,12.83,83.5,-7.0,30.2,30.6
844.007,79,112.0,1556.0,27.0,-6.0,12.83,83.5,-7.0,30.6,30.6
844.098,79,112.0,1556.0,27.0,-6.0,12.83,83.5,-7.0,30.6,30.6
844.187,79,112.0,1556.0,27.0,-6.0,12.83,83.5,-7.0,30.6,30.6
844.277,79,115.0,1556.0,27.0,-6.0,12.83,83.5,-7.0,30.6,30.6
844.367,79,115.0,1502.0,27.0,-6.0,12.83,83.5,-7.0,30.6,30.6
844.457,79,115.0,1502.0,26.0,-6.0,12.83,83.5,-7.0,30.6,30.6
844.553,79,115.0,1502.0,26.0,-6.0,12.83,83.5,-7.0,30.6,30.6
844.639,79,115.0,1502.0,26.0,-6.0,12.41,83.5,-7.0,30.6,30.6
844.729,79,115.0,1502.0,26.0,-6.0,12.41,83.5,-7.0,30.6,30.6
844.817,79,115.0,1502.0,26.0,-6.0,12.41,83.5,-7.0,30.6,30.6
844.909,79,115.0,1502.0,26.0,-6.0,12.41,83.5,-7.0,29.4,30.6
844.998,79,115.0,1502.0,26.0,-6.0,12.41,83.5,-7.0,29.4,29.8
845.116,79,115.0,1502.0,26.0,-6.0,12.41,83.5,-7.0,29.4,29.8
845.266,79,113.0,1502.0,26.0,-6.0,12.41,83.5,-7.0,29.4,29.8
845.357,79,113.0,1424.0,26.0,-6.0,12.41,83.5,-7.0,29.4,29.8
845.447,79,113.0,1424.0,24.0,-6.0,12.41,83.5,-7.0,29.4,29.8
845.566,79,113.0,1424.0,24.0,-6.0,12.41,83.5,-7.0,29.4,29.8
845.717,79,113.0,1424.0,24.0,-6.0,12.24,83.5,-7.0,29.4,29.8
845.808,79,113.0,1424.0,24.0,-6.0,12.24,83.5,-7.0,29.4,29.8
845.899,79,113.0,1424.0,24.0,-6.0,12.24,83.5,-7.0,29.4,29.8
845.986,79,113.0,1424.0,24.0,-6.0,12.24,83.5,-7.0,23.1,29.8
846.136,79,113.0,1424.0,24.0,-6.0,12.24,83.5,-7.0,23.1,24.3
846.227,79,113.0,1424.0,24.0,-6.0,12.24,83.5,-7.0,23.1,24.3
846.32,79,107.0,1424.0,24.0,-6.0,12.24,83.5,-7.0,23.1,24.3
846.407,79,107.0,1365.0,24.0,-6.0,12.24,83.5,-7.0,23.1,24.3
846.503,79,107.0,1365.0,23.0,-6.0,12.24,83.5,-7.0,23.1,24.3
846.708,79,107.0,1365.0,23.0,-7.0,12.24,83.5,-7.0,23.1,24.3
846.803,79,107.0,1365.0,23.0,-7.0,11.77,83.5,-7.0,23.1,24.3
846.918,79,107.0,1365.0,23.0,-7.0,11.77,83.5,-7.0,23.1,24.3
847.039,79,107.0,1365.0,23.0,-7.0,11.77,83.5,-7.0,23.1,24.3
847.128,79,107.0,1365.0,23.0,-7.0,11.77,83.5,-7.0,27.8,24.3
847.218,79,107.0,1365.0,23.0,-7.0,11.77,83.5,-7.0,27.8,27.8
847.307,79,107.0,1365.0,23.0,-7.0,11.77,83.5,-7.0,27.8,27.8
847.397,79,106.0,1365.0,23.0,-7.0,11.77,83.5,-7.0,27.8,27.8
847.517,79,106.0,1330.0,23.0,-7.0,11.77,83.5,-7.0,27.8,27.8
847.667,79,106.0,1330.0,23.0,-7.0,11.77,83.5,-7.0,27.8,27.8
847.758,79,106.0,1330.0,23.0,-7.0,11.77,83.5,-7.0,27.8,27.8
847.85,79,106.0,1330.0,23.0,-7.0,11.27,83.5,-7.0,27.8,27.8
848.027,79,106.0,1330.0,23.0,-7.0,11.27,83.5,-7.0,27.8,27.8
848.119,79,106.0,1330.0,23.0,-7.0,11.27,83.5,-7.0,27.8,27.8
848.207,79,106.0,1330.0,23.0,-7.0,11.27,83.5,-7.0,34.9,27.8
848.297,79,106.0,1330.0,23.0,-7.0,11.27,83.5,-7.0,34.9,35.3
848.417,79,106.0,1330.0,23.0,-7.0,11.27,83.5,-7.0,34.9,35.3
848.569,79,113.0,1330.0,23.0,-7.0,11.27,83.5,-7.0,34.9,35.3
848.658,79,113.0,1358.0,23.0,-7.0,11.27,83.5,-7.0,34.9,35.3
848.751,79,113.0,1358.0,23.0,-7.0,11.27,83.5,-7.0,34.9,35.3
848.87,79,113.0,1358.0,23.0,-7.0,11.27,83.5,-7.0,34.9,35.3
848.986,79,113.0,1358.0,23.0,-7.0,15.27,83.5,-7.0,34.9,35.3
849.136,79,113.0,1358.0,23.0,-7.0,15.27,83.5,-7.0,34.9,35.3
849.227,79,113.0,1358.0,23.0,-7.0,15.27,83.5,-7.0,34.9,35.3
849.319,79,113.0,1358.0,23.0,-7.0,15.27,83.5,-7.0,38.0,35.3
849.437,79,113.0,1358.0,23.0,-7.0,15.27,83.5,-7.0,38.0,38.4
849.586,79,113.0,1358.0,23.0,-7.0,15.27,83.5,-7.0,38.0,38.4
849.679,79,128.0,1358.0,23.0,-7.0,15.27,83.5,-7.0,38.0,38.4
849.77,79,128.0,1429.0,23.0,-7.0,15.27,83.5,-7.0,38.0,38.4
849.859,79,128.0,1429.0,24.0,-7.0,15.27,83.5,-7.0,38.0,38.4
849.949,79,128.0,1429.0,24.0,-4.0,15.27,83.5,-7.0,38.0,38.4
850.067,79,128.0,1429.0,24.0,-4.0,20.47,83.5,-7.0,38.0,38.4
850.216,79,128.0,1429.0,24.0,-4.0,20.47,83.5,-7.0,38.0,38.4
850.308,79,128.0,1429.0,24.0,-4.0,20.47,83.5,-7.0,38.0,38.4
850.398,79,128.0,1429.0,24.0,-4.0,20.47,83.5,-7.0,43.1,38.4
850.518,79,128.0,1429.0,24.0,-4.0,20.47,83.5,-7.0,43.1,44.3
850.669,79,128.0,1429.0,24.0,-4.0,20.47,83.5,-7.0,43.1,44.3
850.759,79,147.0,1429.0,24.0,-4.0,20.47,83.5,-7.0,43.1,44.3
850.852,79,147.0,1612.0,24.0,-4.0,20.47,83.5,-7.0,43.1,44.3
851.026,79,147.0,1612.0,28.0,-4.0,20.47,83.5,-7.0,43.1,44.3
851.176,79,147.0,1612.0,28.0,-3.0,20.47,83.5,-7.0,43.1,44.3
851.267,79,147.0,1612.0,28.0,-3.0,31.8,83.5,-7.0,43.1,44.3
851.357,79,147.0,1612.0,28.0,-3.0,31.8,83.5,-7.0,43.1,44.3
851.447,79,147.0,1612.0,28.0,-3.0,31.8,83.5,-7.0,43.1,44.3
851.566,79,147.0,1612.0,28.0,-3.0,31.8,83.5,-7.0,46.7,44.3
851.716,79,147.0,1612.0,28.0,-3.0,31.8,83.5,-7.0,46.7,47.5
851.806,79,147.0,1612.0,28.0,-3.0,31.8,83.5,-7.0,46.7,47.5
851.899,79,181.0,1612.0,28.0,-3.0,31.8,83.5,-7.0,46.7,47.5
851.986,79,181.0,1910.0,28.0,-3.0,31.8,83.5,-7.0,46.7,47.5
852.136,79,181.0,1910.0,33.0,-3.0,31.8,83.5,-7.0,46.7,47.5
852.256,79,181.0,1910.0,33.0,-2.0,31.8,83.5,-7.0,46.7,47.5
852.406,79,181.0,1910.0,33.0,-2.0,41.38,83.5,-7.0,46.7,47.5
852.497,79,181.0,1910.0,33.0,-2.0,41.38,83.5,-7.0,46.7,47.5
852.622,79,181.0,1910.0,33.0,-2.0,41.38,83.5,-7.0,46.7,47.5
852.77,79,181.0,1910.0,33.0,-2.0,41.38,83.5,-7.0,46.7,47.5
852.858,79,181.0,1910.0,33.0,-2.0,41.38,83.5,-7.0,46.7,46.7
853.007,80,181.0,1910.0,33.0,-2.0,41.38,83.5,-7.0,46.7,46.7
853.127,80,182.0,1910.0,33.0,-2.0,41.38,83.5,-7.0,46.7,46.7
853.276,80,182.0,2075.0,33.0,-2.0,41.38,83.5,-7.0,46.7,46.7
853.367,80,182.0,2075.0,37.0,-2.0,41.38,83.5,-7.0,46.7,46.7
853.457,80,182.0,2075.0,37.0,0.0,41.38,83.5,-7.0,46.7,46.7
853.55,80,182.0,2075.0,37.0,0.0,31.63,83.5,-7.0,46.7,46.7
853.64,80,182.0,2075.0,37.0,0.0,31.63,31.0,-7.0,46.7,46.7
853.758,80,182.0,2075.0,37.0,0.0,31.63,31.0,-7.0,46.7,46.7
853.907,80,182.0,2075.0,37.0,0.0,31.63,31.0,-7.0,32.2,46.7
854.059,80,182.0,2075.0,37.0,0.0,31.63,31.0,-7.0,32.2,37.3
854.147,80,182.0,2075.0,37.0,0.0,31.63,31.0,-7.0,32.2,37.3
854.239,80,113.0,2075.0,37.0,0.0,31.63,31.0,-7.0,32.2,37.3
854.356,80,113.0,1387.0,37.0,0.0,31.63,31.0,-7.0,32.2,37.3
854.506,80,113.0,1387.0,38.0,0.0,31.63,31.0,-7.0,32.2,37.3
854.599,80,113.0,1387.0,38.0,-3.0,31.63,31.0,-7.0,32.2,37.3
854.719,80,113.0,1387.0,38.0,-3.0,29.22,31.0,-7.0,32.2,37.3
854.867,80,113.0,1387.0,38.0,-3.0,29.22,83.5,-7.0,32.2,37.3
854.96,80,113.0,1387.0,38.0,-3.0,29.22,83.5,-7.0,32.2,37.3
855.076,80,113.0,1387.0,38.0,-3.0,29.22,83.5,-7.0,50.6,37.3
855.166,80,113.0,1387.0,38.0,-3.0,29.22,83.5,-7.0,50.6,51.0
855.259,80,113.0,1387.0,38.0,-3.0,29.22,83.5,-7.0,50.6,51.0
855.348,80,162.0,1387.0,38.0,-3.0,29.22,83.5,-7.0,50.6,51.0
855.438,80,162.0,1523.0,38.0,-3.0,29.22,83.5,-7.0,50.6,51.0
855.557,80,162.0,1523.0,41.0,-3.0,29.22,83.5,-7.0,50.6,51.0
855.707,80,162.0,1523.0,41.0,-4.0,29.22,83.5,-7.0,50.6,51.0
855.797,80,162.0,1523.0,41.0,-4.0,23.69,83.5,-7.0,50.6,51.0
855.89,80,162.0,1523.0,41.0,-4.0,23.69,31.0,-7.0,50.6,51.0
856.038,80,162.0,1523.0,41.0,-4.0,23.69,31.0,-7.0,50.6,51.0
856.186,80,162.0,1523.0,41.0,-4.0,23.69,31.0,-7.0,14.1,51.0
856.306,80,162.0,1523.0,41.0,-4.0,23.69,31.0,-7.0,14.1,14.5
856.456,80,162.0,1523.0,41.0,-4.0,23.69,31.0,-7.0,14.1,14.5
856.55,80,110.0,1523.0,41.0,-4.0,23.69,31.0,-7.0,14.1,14.5
856.64,80,110.0,1032.0,41.0,-4.0,23.69,31.0,-7.0,14.1,14.5
856.757,80,110.0,1032.0,38.0,-4.0,23.69,31.0,-7.0,14.1,14.5
856.908,80,110.0,1032.0,38.0,-5.0,23.69,31.0,-7.0,14.1,14.5
857.058,80,110.0,1032.0,38.0,-5.0,8.66,31.0,-7.0,14.1,14.5
857.147,80,110.0,1032.0,38.0,-5.0,8.66,83.5,-7.0,14.1,14.5
857.238,80,110.0,1032.0,38.0,-5.0,8.66,83.5,-7.0,14.1,14.5
857.356,80,110.0,1032.0,38.0,-5.0,8.66,83.5,-7.0,14.1,14.5
857.506,80,110.0,1032.0,38.0,-5.0,8.66,83.5,-7.0,14.1,14.5
857.597,80,110.0,1032.0,38.0,-5.0,8.66,83.5,-7.0,14.1,14.5
857.69,80,109.0,1032.0,38.0,-5.0,8.66,83.5,-7.0,14.1,14.5
857.808,80,109.0,1081.0,38.0,-5.0,8.66,83.5,-7.0,14.1,14.5
857.957,80,109.0,1081.0,34.0,-5.0,8.66,83.5,-7.0,14.1,14.5
858.106,80,109.0,1081.0,34.0,-9.0,8.66,83.5,-7.0,14.1,14.5
858.197,80,109.0,1081.0,34.0,-9.0,10.16,83.5,-7.0,14.1,14.5
858.289,80,109.0,1081.0,34.0,-9.0,10.16,83.5,-7.0,14.1,14.5
858.408,80,109.0,1081.0,34.0,-9.0,10.16,83.5,-7.0,14.1,14.5
858.557,80,109.0,1081.0,34.0,-9.0,10.16,83.5,-7.0,14.1,14.5
858.649,80,109.0,1081.0,34.0,-9.0,10.16,83.5,-7.0,14.1,14.5
858.742,80,109.0,1081.0,34.0,-9.0,10.16,83.5,-7.0,14.1,14.5
858.857,80,108.0,1081.0,34.0,-9.0,10.16,83.5,-7.0,14.1,14.5
858.989,80,108.0,1089.0,34.0,-9.0,10.16,83.5,-7.0,14.1,14.5
859.097,80,108.0,1089.0,29.0,-9.0,10.16,83.5,-7.0,14.1,14.5
859.186,80,108.0,1089.0,29.0,-8.0,10.16,83.5,-7.0,14.1,14.5
859.306,80,108.0,1089.0,29.0,-8.0,10.83,83.5,-7.0,14.1,14.5
859.456,80,108.0,1089.0,29.0,-8.0,10.83,83.5,-7.0,14.1,14.5
859.547,80,108.0,1089.0,29.0,-8.0,10.83,83.5,-7.0,14.1,14.5
859.645,80,108.0,1089.0,29.0,-8.0,10.83,83.5,-7.0,16.9,14.5
859.758,80,108.0,1089.0,29.0,-8.0,10.83,83.5,-7.0,16.9,18.4
859.909,80,108.0,1089.0,29.0,-8.0,10.83,83.5,-7.0,16.9,18.4
860.087,80,112.0,1089.0,29.0,-8.0,10.83,83.5,-7.0,16.9,18.4
860.206,80,112.0,1432.0,29.0,-8.0,10.83,83.5,-7.0,16.9,18.4
860.359,80,112.0,1432.0,24.0,-8.0,10.83,83.5,-7.0,16.9,18.4
860.448,80,112.0,1432.0,24.0,-5.0,10.83,83.5,-7.0,16.9,18.4
860.541,80,112.0,1432.0,24.0,-5.0,17.66,83.5,-7.0,16.9,18.4
860.658,80,112.0,1432.0,24.0,-5.0,17.66,83.5,-7.0,16.9,18.4
860.809,80,112.0,1432.0,24.0,-5.0,17.66,83.5,-7.0,16.9,18.4
860.899,80,112.0,1432.0,24.0,-5.0,17.66,83.5,-7.0,25.9,18.4
861.047,80,112.0,1432.0,24.0,-5.0,17.66,83.5,-7.0,25.9,25.9
861.136,80,112.0,1432.0,24.0,-5.0,17.66,83.5,-7.0,25.9,25.9
861.258,80,108.0,1432.0,24.0,-5.0,17.66,83.5,-7.0,25.9,25.9
861.408,80,108.0,1306.0,24.0,-5.0,17.66,83.5,-7.0,25.9,25.9
861.498,80,108.0,1306.0,22.0,-5.0,17.66,83.5,-7.0,25.9,25.9
861.588,80,108.0,1306.0,22.0,-8.0,17.66,83.5,-7.0,25.9,25.9
861.709,80,108.0,1306.0,22.0,-8.0,10.52,83.5,-7.0,25.9,25.9
861.858,80,108.0,1306.0,22.0,-8.0,10.52,83.5,-7.0,25.9,25.9
861.948,80,108.0,1306.0,22.0,-8.0,10.52,83.5,-7.0,25.9,25.9
862.036,80,108.0,1306.0,22.0,-8.0,10.52,83.5,-7.0,27.5,25.9
862.185,80,108.0,1306.0,22.0,-8.0,10.52,83.5,-7.0,27.5,27.8
862.307,80,108.0,1306.0,22.0,-8.0,10.52,83.5,-7.0,27.5,27.8
862.458,80,105.0,1306.0,22.0,-8.0,10.52,83.5,-7.0,27.5,27.8
862.548,80,105.0,1230.0,22.0,-8.0,10.52,83.5,-7.0,27.5,27.8
862.636,80,105.0,1230.0,21.0,-8.0,10.52,83.5,-7.0,27.5,27.8
862.757,80,105.0,1230.0,21.0,-7.0,10.52,83.5,-7.0,27.5,27.8
862.909,80,105.0,1230.0,21.0,-7.0,10.8,83.5,-7.0,27.5,27.8
863.027,80,105.0,1230.0,21.0,-7.0,10.8,83.5,-7.0,27.5,27.8
863.116,80,105.0,1230.0,21.0,-7.0,10.8,83.5,-7.0,27.5,27.8
863.265,80,105.0,1230.0,21.0,-7.0,10.8,83.5,-7.0,28.2,27.8
863.356,80,105.0,1230.0,21.0,-7.0,10.8,83.5,-7.0,28.2,28.6
863.446,81,105.0,1230.0,21.0,-7.0,10.8,83.5,-7.0,28.2,28.6
863.536,81,107.0,1230.0,21.0,-7.0,10.8,83.5,-7.0,28.2,28.6
863.657,81,107.0,1223.0,21.0,-7.0,10.8,83.5,-7.0,28.2,28.6
863.809,81,107.0,1223.0,21.0,-7.0,10.8,83.5,-7.0,28.2,28.6
863.898,81,107.0,1223.0,21.0,-7.0,10.8,83.5,-7.0,28.2,28.6
864.046,81,107.0,1223.0,21.0,-7.0,10.33,83.5,-7.0,28.2,28.6
864.137,81,107.0,1223.0,21.0,-7.0,10.33,83.5,-7.0,28.2,28.6
864.256,81,107.0,1223.0,21.0,-7.0,10.33,83.5,-7.0,28.2,28.6
864.406,81,107.0,1223.0,21.0,-7.0,10.33,83.5,-7.0,36.9,28.6
864.497,81,107.0,1223.0,21.0,-7.0,10.33,83.5,-7.0,36.9,41.2
864.588,81,107.0,1223.0,21.0,-7.0,10.33,83.5,-7.0,36.9,41.2
864.708,81,113.0,1223.0,21.0,-7.0,10.33,83.5,-7.0,36.9,41.2
864.857,81,113.0,1264.0,21.0,-7.0,10.33,83.5,-7.0,36.9,41.2
864.949,81,113.0,1264.0,22.0,-7.0,10.33,83.5,-7.0,36.9,41.2
865.066,81,113.0,1264.0,22.0,-5.0,10.33,83.5,-7.0,36.9,41.2
865.157,81,113.0,1264.0,22.0,-5.0,22.97,83.5,-7.0,36.9,41.2
865.246,81,113.0,1264.0,22.0,-5.0,22.97,83.5,-7.0,36.9,41.2
865.339,81,113.0,1264.0,22.0,-5.0,22.97,83.5,-7.0,36.9,41.2
865.458,81,113.0,1264.0,22.0,-5.0,22.97,83.5,-7.0,46.3,41.2
865.605,81,113.0,1264.0,22.0,-5.0,22.97,83.5,-7.0,46.3,47.1
865.696,81,113.0,1264.0,22.0,-5.0,22.97,83.5,-7.0,46.3,47.1
865.786,81,143.0,1264.0,22.0,-5.0,22.97,83.5,-7.0,46.3,47.1
865.906,81,143.0,1529.0,22.0,-5.0,22.97,83.5,-7.0,46.3,47.1
866.027,81,143.0,1529.0,26.0,-5.0,22.97,83.5,-7.0,46.3,47.1
866.176,81,143.0,1529.0,26.0,-2.0,22.97,83.5,-7.0,46.3,47.1
866.328,81,143.0,1529.0,26.0,-2.0,31.91,83.5,-7.0,46.3,47.1
866.448,81,143.0,1529.0,26.0,-2.0,31.91,83.5,-7.0,46.3,47.1
866.596,81,143.0,1529.0,26.0,-2.0,31.91,83.5,-7.0,46.3,47.1
866.716,81,143.0,1529.0,26.0,-2.0,31.91,83.5,-7.0,44.7,47.1
866.81,81,143.0,1529.0,26.0,-2.0,31.91,83.5,-7.0,44.7,45.1
866.899,81,143.0,1529.0,26.0,-2.0,31.91,83.5,-7.0,44.7,45.1
866.986,81,165.0,1529.0,26.0,-2.0,31.91,83.5,-7.0,44.7,45.1
867.076,81,165.0,1812.0,26.0,-2.0,31.91,83.5,-7.0,44.7,45.1
867.226,81,165.0,1812.0,31.0,-2.0,31.91,83.5,-7.0,44.7,45.1
867.347,81,165.0,1812.0,31.0,-1.0,31.91,83.5,-7.0,44.7,45.1
867.496,81,165.0,1812.0,31.0,-1.0,29.8,83.5,-7.0,44.7,45.1
867.586,81,165.0,1812.0,31.0,-1.0,29.8,83.5,-7.0,44.7,45.1
867.681,81,165.0,1812.0,31.0,-1.0,29.8,83.5,-7.0,44.7,45.1
867.797,81,165.0,1812.0,31.0,-1.0,29.8,83.5,-7.0,41.2,45.1
867.946,81,165.0,1812.0,31.0,-1.0,29.8,83.5,-7.0,41.2,41.2
868.037,81,165.0,1812.0,31.0,-1.0,29.8,83.5,-7.0,41.2,41.2
868.127,81,139.0,1812.0,31.0,-1.0,29.8,83.5,-7.0,41.2,41.2
868.246,81,139.0,1945.0,31.0,-1.0,29.8,83.5,-7.0,41.2,41.2
868.396,81,139.0,1945.0,33.0,-1.0,29.8,83.5,-7.0,41.2,41.2
868.486,81,139.0,1945.0,33.0,-2.0,29.8,83.5,-7.0,41.2,41.2
868.606,81,139.0,1945.0,33.0,-2.0,25.47,83.5,-7.0,41.2,41.2
868.758,81,139.0,1945.0,33.0,-2.0,25.47,83.5,-7.0,41.2,41.2
868.848,81,139.0,1945.0,33.0,-2.0,25.47,83.5,-7.0,41.2,41.2
868.937,81,139.0,1945.0,33.0,-2.0,25.47,83.5,-7.0,39.2,41.2
869.056,81,139.0,1945.0,33.0,-2.0,25.47,83.5,-7.0,39.2,40.0
869.146,81,139.0,1945.0,33.0,-2.0,25.47,83.5,-7.0,39.2,40.0
869.237,81,133.0,1945.0,33.0,-2.0,25.47,83.5,-7.0,39.2,40.0
869.356,81,133.0,2014.0,33.0,-2.0,25.47,83.5,-7.0,39.2,40.0
869.505,81,133.0,2014.0,35.0,-2.0,25.47,83.5,-7.0,39.2,40.0
869.597,81,133.0,2014.0,35.0,-3.0,25.47,83.5,-7.0,39.2,40.0
869.689,81,133.0,2014.0,35.0,-3.0,26.13,83.5,-7.0,39.2,40.0
869.776,81,133.0,2014.0,35.0,-3.0,26.13,83.5,-7.0,39.2,40.0
869.896,81,133.0,2014.0,35.0,-3.0,26.13,83.5,-7.0,39.2,40.0
870.106,81,133.0,2014.0,35.0,-3.0,26.13,83.5,-7.0,38.8,40.0
870.197,81,133.0,2014.0,35.0,-3.0,26.13,83.5,-7.0,38.8,39.2
870.287,81,133.0,2014.0,35.0,-3.0,26.13,83.5,-7.0,38.8,39.2
870.377,81,135.0,2014.0,35.0,-3.0,26.13,83.5,-7.0,38.8,39.2
870.555,81,135.0,2056.0,35.0,-3.0,26.13,83.5,-7.0,38.8,39.2
870.645,81,135.0,2056.0,35.0,-3.0,26.13,83.5,-7.0,38.8,39.2
870.736,81,135.0,2056.0,35.0,-3.0,26.13,83.5,-7.0,38.8,39.2
870.826,81,135.0,2056.0,35.0,-3.0,26.58,83.5,-7.0,38.8,39.2
870.946,81,135.0,2056.0,35.0,-3.0,26.58,83.5,-7.0,38.8,39.2
871.066,81,135.0,2056.0,35.0,-3.0,26.58,83.5,-7.0,38.8,39.2
871.245,81,135.0,2056.0,35.0,-3.0,26.58,83.5,-7.0,37.3,39.2
871.399,81,135.0,2056.0,35.0,-3.0,26.58,83.5,-7.0,37.3,38.0
871.489,81,135.0,2056.0,35.0,-3.0,26.58,83.5,-7.0,37.3,38.0
871.579,81,132.0,2056.0,35.0,-3.0,26.58,83.5,-7.0,37.3,38.0
871.695,81,132.0,2030.0,35.0,-3.0,26.58,83.5,-7.0,37.3,38.0
871.845,81,132.0,2030.0,35.0,-3.0,26.58,83.5,-7.0,37.3,38.0
871.937,81,132.0,2030.0,35.0,-3.0,26.58,83.5,-7.0,37.3,38.0
872.086,81,132.0,2030.0,35.0,-3.0,23.8,83.5,-7.0,37.3,38.0
872.236,81,132.0,2030.0,35.0,-3.0,23.8,83.5,-7.0,37.3,38.0
872.356,81,132.0,2030.0,35.0,-3.0,23.8,83.5,-7.0,37.3,38.0
872.506,81,132.0,2030.0,35.0,-3.0,23.8,83.5,-7.0,35.3,38.0
872.598,81,132.0,2030.0,35.0,-3.0,23.8,83.5,-7.0,35.3,35.7
872.686,81,132.0,2030.0,35.0,-3.0,23.8,83.5,-7.0,35.3,35.7
872.781,81,126.0,2030.0,35.0,-3.0,23.8,83.5,-7.0,35.3,35.7
872.898,81,126.0,1998.0,35.0,-3.0,23.8,83.5,-7.0,35.3,35.7
873.046,81,126.0,1998.0,34.0,-3.0,23.8,83.5,-7.0,35.3,35.7
873.166,81,126.0,1998.0,34.0,-4.0,23.8,83.5,-7.0,35.3,35.7
873.258,81,126.0,1998.0,34.0,-4.0,22.66,83.5,-7.0,35.3,35.7
873.35,81,126.0,1998.0,34.0,-4.0,22.66,83.5,-7.0,35.3,35.7
873.439,81,126.0,1998.0,34.0,-4.0,22.66,83.5,-7.0,35.3,35.7
873.556,81,126.0,1998.0,34.0,-4.0,22.66,83.5,-7.0,36.1,35.7
873.707,81,126.0,1998.0,34.0,-4.0,22.66,83.5,-7.0,36.1,36.5
873.799,81,126.0,1998.0,34.0,-4.0,22.66,83.5,-7.0,36.1,36.5
873.888,81,126.0,1998.0,34.0,-4.0,22.66,83.5,-7.0,36.1,36.5
873.982,81,126.0,1960.0,34.0,-4.0,22.66,83.5,-7.0,36.1,36.5
874.066,81,126.0,1960.0,34.0,-4.0,22.66,83.5,-7.0,36.1,36.5
874.156,81,126.0,1960.0,34.0,-4.0,22.66,83.5,-7.0,36.1,36.5
874.247,81,126.0,1960.0,34.0,-4.0,22.72,83.5,-7.0,36.1,36.5
874.336,81,126.0,1960.0,34.0,-4.0,22.72,83.5,-7.0,36.1,36.5
874.427,81,126.0,1960.0,34.0,-4.0,22.72,83.5,-7.0,36.1,36.5
874.546,81,126.0,1960.0,34.0,-4.0,22.72,83.5,-7.0,35.7,36.5
874.698,81,126.0,1960.0,34.0,-4.0,22.72,83.5,-7.0,35.7,36.9
874.788,81,126.0,1960.0,34.0,-4.0,22.72,83.5,-7.0,35.7,36.9
874.877,81,128.0,1960.0,34.0,-4.0,22.72,83.5,-7.0,35.7,36.9
874.995,81,128.0,1948.0,34.0,-4.0,22.72,83.5,-7.0,35.7,36.9
875.176,81,128.0,1948.0,33.0,-4.0,22.72,83.5,-7.0,35.7,36.9
875.266,81,128.0,1948.0,33.0,-4.0,22.72,83.5,-7.0,35.7,36.9
875.415,81,128.0,1948.0,33.0,-4.0,21.94,83.5,-7.0,35.7,36.9
875.509,81,128.0,1948.0,33.0,-4.0,21.94,83.5,-7.0,35.7,36.9
875.599,81,128.0,1948.0,33.0,-4.0,21.94,83.5,-7.0,35.7,36.9
875.69,81,128.0,1948.0,33.0,-4.0,21.94,83.5,-7.0,36.5,36.9
875.776,81,128.0,1948.0,33.0,-4.0,21.94,83.5,-7.0,36.5,36.9
875.899,81,128.0,1948.0,33.0,-4.0,21.94,83.5,-7.0,36.5,36.9
876.106,81,128.0,1948.0,33.0,-4.0,21.94,83.5,-7.0,36.5,36.9
876.255,81,128.0,1922.0,33.0,-4.0,21.94,83.5,-7.0,36.5,36.9
876.347,81,128.0,1922.0,33.0,-4.0,21.94,83.5,-7.0,36.5,36.9
876.437,81,128.0,1922.0,33.0,-4.0,21.94,83.5,-7.0,36.5,36.9
876.526,81,128.0,1922.0,33.0,-4.0,22.13,83.5,-7.0,36.5,36.9
876.645,81,128.0,1922.0,33.0,-4.0,22.13,83.5,-7.0,36.5,36.9
876.795,81,128.0,1922.0,33.0,-4.0,22.13,83.5,-7.0,36.5,36.9
876.887,81,128.0,1922.0,33.0,-4.0,22.13,83.5,-7.0,36.9,36.9
876.977,81,128.0,1922.0,33.0,-4.0,22.13,83.5,-7.0,36.9,37.3
877.066,81,128.0,1922.0,33.0,-4.0,22.13,83.5,-7.0,36.9,37.3
877.186,81,128.0,1922.0,33.0,-4.0,22.13,83.5,-7.0,36.9,37.3
877.278,81,128.0,1905.0,33.0,-4.0,22.13,83.5,-7.0,36.9,37.3
877.399,81,128.0,1905.0,32.0,-4.0,22.13,83.5,-7.0,36.9,37.3
877.549,81,128.0,1905.0,32.0,-4.0,22.13,83.5,-7.0,36.9,37.3
877.637,81,128.0,1905.0,32.0,-4.0,21.8,83.5,-7.0,36.9,37.3
877.737,81,128.0,1905.0,32.0,-4.0,21.8,83.5,-7.0,36.9,37.3
877.848,81,128.0,1905.0,32.0,-4.0,21.8,83.5,-7.0,36.9,37.3
877.995,81,128.0,1905.0,32.0,-4.0,21.8,83.5,-7.0,36.5,37.3
878.087,81,128.0,1905.0,32.0,-4.0,21.8,83.5,-7.0,36.5,36.9
878.236,82,128.0,1905.0,32.0,-4.0,21.8,83.5,-7.0,36.5,36.9
878.326,82,128.0,1905.0,32.0,-4.0,21.8,83.5,-7.0,36.5,36.9
878.475,82,128.0,1860.0,32.0,-4.0,21.8,83.5,-7.0,36.5,36.9
878.595,82,128.0,1860.0,32.0,-4.0,21.8,83.5,-7.0,36.5,36.9
878.749,82,128.0,1860.0,32.0,-4.0,21.8,83.5,-7.0,36.5,36.9
878.838,82,128.0,1860.0,32.0,-4.0,20.72,83.5,-7.0,36.5,36.9
878.929,82,128.0,1860.0,32.0,-4.0,20.72,83.5,-7.0,36.5,36.9
879.076,82,128.0,1860.0,32.0,-4.0,20.72,83.5,-7.0,36.5,36.9
879.196,82,128.0,1860.0,32.0,-4.0,20.72,83.5,-7.0,36.9,36.9
879.286,82,128.0,1860.0,32.0,-4.0,20.72,83.5,-7.0,36.9,37.3
879.377,82,128.0,1860.0,32.0,-4.0,20.72,83.5,-7.0,36.9,37.3
879.496,82,127.0,1860.0,32.0,-4.0,20.72,83.5,-7.0,36.9,37.3
879.649,82,127.0,1851.0,32.0,-4.0,20.72,83.5,-7.0,36.9,37.3
879.737,82,127.0,1851.0,32.0,-4.0,20.72,83.5,-7.0,36.9,37.3
879.828,82,127.0,1851.0,32.0,-4.0,20.72,83.5,-7.0,36.9,37.3
879.947,82,127.0,1851.0,32.0,-4.0,21.8,83.5,-7.0,36.9,37.3
880.067,82,127.0,1851.0,32.0,-4.0,21.8,83.5,-7.0,36.9,37.3
880.185,82,127.0,1851.0,32.0,-4.0,21.8,83.5,-7.0,36.9,37.3
880.336,82,127.0,1851.0,32.0,-4.0,21.8,83.5,-7.0,37.3,37.3
880.428,82,127.0,1851.0,32.0,-4.0,21.8,83.5,-7.0,37.3,37.6
880.549,82,127.0,1851.0,32.0,-4.0,21.8,83.5,-7.0,37.3,37.6
880.697,82,130.0,1851.0,32.0,-4.0,21.8,83.5,-7.0,37.3,37.6
880.788,82,130.0,1864.0,32.0,-4.0,21.8,83.5,-7.0,37.3,37.6
880.876,82,130.0,1864.0,32.0,-4.0,21.8,83.5,-7.0,37.3,37.6
880.996,82,130.0,1864.0,32.0,-4.0,21.8,83.5,-7.0,37.3,37.6
881.177,82,130.0,1864.0,32.0,-4.0,22.55,83.5,-7.0,37.3,37.6
881.325,82,130.0,1864.0,32.0,-4.0,22.55,83.5,-7.0,37.3,37.6
881.446,82,130.0,1864.0,32.0,-4.0,22.55,83.5,-7.0,37.3,37.6
881.595,82,130.0,1864.0,32.0,-4.0,22.55,83.5,-7.0,37.3,37.6
881.688,82,130.0,1864.0,32.0,-4.0,22.55,83.5,-7.0,37.3,38.0
881.776,82,130.0,1864.0,32.0,-4.0,22.55,83.5,-7.0,37.3,38.0
881.895,82,130.0,1864.0,32.0,-4.0,22.55,83.5,-7.0,37.3,38.0
882.046,82,130.0,1880.0,32.0,-4.0,22.55,83.5,-7.0,37.3,38.0
882.166,82,130.0,1880.0,32.0,-4.0,22.55,83.5,-7.0,37.3,38.0
882.287,82,130.0,1880.0,32.0,-4.0,22.55,83.5,-7.0,37.3,38.0
882.436,82,130.0,1880.0,32.0,-4.0,22.72,83.5,-7.0,37.3,38.0
882.528,82,130.0,1880.0,32.0,-4.0,22.72,83.5,-7.0,37.3,38.0
882.621,82,130.0,1880.0,32.0,-4.0,22.72,83.5,-7.0,37.3,38.0
882.737,82,130.0,1880.0,32.0,-4.0,22.72,83.5,-7.0,37.6,38.0
882.886,82,130.0,1880.0,32.0,-4.0,22.72,83.5,-7.0,37.6,38.0
882.978,82,130.0,1880.0,32.0,-4.0,22.72,83.5,-7.0,37.6,38.0
883.127,82,130.0,1880.0,32.0,-4.0,22.72,83.5,-7.0,37.6,38.0
883.247,82,130.0,1897.0,32.0,-4.0,22.72,83.5,-7.0,37.6,38.0
883.396,82,130.0,1897.0,32.0,-4.0,22.72,83.5,-7.0,37.6,38.0
883.487,82,130.0,1897.0,32.0,-4.0,22.72,83.5,-7.0,37.6,38.0
883.578,82,130.0,1897.0,32.0,-4.0,22.49,83.5,-7.0,37.6,38.0
883.67,82,130.0,1897.0,32.0,-4.0,22.49,83.5,-7.0,37.6,38.0
883.787,82,130.0,1897.0,32.0,-4.0,22.49,83.5,-7.0,37.6,38.0
883.936,82,130.0,1897.0,32.0,-4.0,22.49,83.5,-7.0,37.3,38.0
884.027,82,130.0,1897.0,32.0,-4.0,22.49,83.5,-7.0,37.3,38.0
884.176,82,130.0,1897.0,32.0,-4.0,22.49,83.5,-7.0,37.3,38.0
884.326,82,130.0,1897.0,32.0,-4.0,22.49,83.5,-7.0,37.3,38.0
884.475,82,130.0,1907.0,32.0,-4.0,22.49,83.5,-7.0,37.3,38.0
884.569,82,130.0,1907.0,33.0,-4.0,22.49,83.5,-7.0,37.3,38.0
884.687,82,130.0,1907.0,33.0,-4.0,22.49,83.5,-7.0,37.3,38.0
884.836,82,130.0,1907.0,33.0,-4.0,22.58,83.5,-7.0,37.3,38.0
884.929,82,130.0,1907.0,33.0,-4.0,22.58,83.5,-7.0,37.3,38.0
885.016,82,130.0,1907.0,33.0,-4.0,22.58,83.5,-7.0,37.3,38.0
885.196,82,130.0,1907.0,33.0,-4.0,22.58,83.5,-7.0,37.3,38.0
885.347,82,130.0,1907.0,33.0,-4.0,22.58,83.5,-7.0,37.3,37.6
885.439,82,130.0,1907.0,33.0,-4.0,22.58,83.5,-7.0,37.3,37.6
885.526,82,129.0,1907.0,33.0,-4.0,22.58,83.5,-7.0,37.3,37.6
885.646,82,129.0,1909.0,33.0,-4.0,22.58,83.5,-7.0,37.3,37.6
885.796,82,129.0,1909.0,33.0,-4.0,22.58,83.5,-7.0,37.3,37.6
885.889,82,129.0,1909.0,33.0,-4.0,22.58,83.5,-7.0,37.3,37.6
885.978,82,129.0,1909.0,33.0,-4.0,22.41,83.5,-7.0,37.3,37.6
886.066,82,129.0,1909.0,33.0,-4.0,22.41,83.5,-7.0,37.3,37.6
886.156,82,129.0,1909.0,33.0,-4.0,22.41,83.5,-7.0,37.3,37.6
886.306,82,129.0,1909.0,33.0,-4.0,22.41,83.5,-7.0,36.9,37.6
886.398,82,129.0,1909.0,33.0,-4.0,22.41,83.5,-7.0,36.9,37.3
886.489,82,129.0,1909.0,33.0,-4.0,22.41,83.5,-7.0,36.9,37.3
886.577,82,129.0,1909.0,33.0,-4.0,22.41,83.5,-7.0,36.9,37.3
886.696,82,129.0,1893.0,33.0,-4.0,22.41,83.5,-7.0,36.9,37.3
886.789,82,129.0,1893.0,33.0,-4.0,22.41,83.5,-7.0,36.9,37.3
886.877,82,129.0,1893.0,33.0,-4.0,22.41,83.5,-7.0,36.9,37.3
886.97,82,129.0,1893.0,33.0,-4.0,22.19,83.5,-7.0,36.9,37.3
887.086,82,129.0,1893.0,33.0,-4.0,22.19,83.5,-7.0,36.9,37.3
887.176,82,129.0,1893.0,33.0,-4.0,22.19,83.5,-7.0,36.9,37.3
887.266,82,129.0,1893.0,33.0,-4.0,22.19,83.5,-7.0,36.9,37.3
887.386,82,129.0,1893.0,33.0,-4.0,22.19,83.5,-7.0,36.9,37.6
887.477,82,129.0,1893.0,33.0,-4.0,22.19,83.5,-7.0,36.9,37.6
887.57,82,128.0,1893.0,33.0,-4.0,22.19,83.5,-7.0,36.9,37.6
887.688,82,128.0,1888.0,33.0,-4.0,22.19,83.5,-7.0,36.9,37.6
887.837,82,128.0,1888.0,32.0,-4.0,22.19,83.5,-7.0,36.9,37.6
887.928,82,128.0,1888.0,32.0,-4.0,22.19,83.5,-7.0,36.9,37.6
888.016,82,128.0,1888.0,32.0,-4.0,21.99,83.5,-7.0,36.9,37.6
888.166,82,128.0,1888.0,32.0,-4.0,21.99,83.5,-7.0,36.9,37.6
888.317,82,128.0,1888.0,32.0,-4.0,21.99,83.5,-7.0,36.9,37.6
888.436,82,128.0,1888.0,32.0,-4.0,21.99,83.5,-7.0,36.9,37.6
888.586,82,128.0,1888.0,32.0,-4.0,21.99,83.5,-7.0,36.9,37.3
888.681,82,128.0,1888.0,32.0,-4.0,21.99,83.5,-7.0,36.9,37.3
888.769,82,129.0,1888.0,32.0,-4.0,21.99,83.5,-7.0,36.9,37.3
888.886,82,129.0,1896.0,32.0,-4.0,21.99,83.5,-7.0,36.9,37.3
889.037,82,129.0,1896.0,32.0,-4.0,21.99,83.5,-7.0,36.9,37.3
889.187,82,129.0,1896.0,32.0,-4.0,21.99,83.5,-7.0,36.9,37.3
889.277,82,129.0,1896.0,32.0,-4.0,21.36,83.5,-7.0,36.9,37.3
889.366,82,129.0,1896.0,32.0,-4.0,21.36,83.5,-7.0,36.9,37.3
889.488,82,129.0,1896.0,32.0,-4.0,21.36,83.5,-7.0,36.9,37.3
889.639,82,129.0,1896.0,32.0,-4.0,21.36,83.5,-7.0,36.9,37.3
889.728,82,129.0,1896.0,32.0,-4.0,21.36,83.5,-7.0,36.9,37.3
889.817,82,129.0,1896.0,32.0,-4.0,21.36,83.5,-7.0,36.9,37.3
889.938,82,128.0,1896.0,32.0,-4.0,21.36,83.5,-7.0,36.9,37.3
890.086,82,128.0,1888.0,32.0,-4.0,21.36,83.5,-7.0,36.9,37.3
890.147,82,128.0,1888.0,32.0,-4.0,21.36,83.5,-7.0,36.9,37.3
890.237,82,128.0,1888.0,32.0,-4.0,21.36,83.5,-7.0,36.9,37.3
890.326,82,128.0,1888.0,32.0,-4.0,21.69,83.5,-7.0,36.9,37.3
890.476,82,128.0,1888.0,32.0,-4.0,21.69,83.5,-7.0,36.9,37.3
890.566,82,128.0,1888.0,32.0,-4.0,21.69,83.5,-7.0,36.9,37.3
890.688,82,128.0,1888.0,32.0,-4.0,21.69,83.5,-7.0,36.9,37.3
890.836,82,128.0,1888.0,32.0,-4.0,21.69,83.5,-7.0,36.9,37.6
890.928,82,128.0,1888.0,32.0,-4.0,21.69,83.5,-7.0,36.9,37.6
891.021,82,129.0,1888.0,32.0,-4.0,21.69,83.5,-7.0,36.9,37.6
891.135,82,129.0,1878.0,32.0,-4.0,21.69,83.5,-7.0,36.9,37.6
891.286,82,129.0,1878.0,32.0,-4.0,21.69,83.5,-7.0,36.9,37.6
891.376,82,129.0,1878.0,32.0,-4.0,21.69,83.5,-7.0,36.9,37.6
891.466,82,129.0,1878.0,32.0,-4.0,22.38,83.5,-7.0,36.9,37.6
891.585,82,129.0,1878.0,32.0,-4.0,22.38,83.5,-7.0,36.9,37.6
891.736,82,129.0,1878.0,32.0,-4.0,22.38,83.5,-7.0,36.9,37.6
891.828,82,129.0,1878.0,32.0,-4.0,22.38,83.5,-7.0,37.3,37.6
891.918,82,129.0,1878.0,32.0,-4.0,22.38,83.5,-7.0,37.3,37.6
892.038,83,129.0,1878.0,32.0,-4.0,22.38,83.5,-7.0,37.3,37.6
892.155,83,130.0,1878.0,32.0,-4.0,22.38,83.5,-7.0,37.3,37.6
892.247,83,130.0,1865.0,32.0,-4.0,22.38,83.5,-7.0,37.3,37.6
892.336,83,130.0,1865.0,32.0,-4.0,22.38,83.5,-7.0,37.3,37.6
892.426,83,130.0,1865.0,32.0,-4.0,22.38,83.5,-7.0,37.3,37.6
892.516,83,130.0,1865.0,32.0,-4.0,22.08,83.5,-7.0,37.3,37.6
892.635,83,130.0,1865.0,32.0,-4.0,22.08,83.5,-7.0,37.3,37.6
892.788,83,130.0,1865.0,32.0,-4.0,22.08,83.5,-7.0,37.3,37.6
892.877,83,130.0,1865.0,32.0,-4.0,22.08,83.5,-7.0,36.9,37.6
892.969,83,130.0,1865.0,32.0,-4.0,22.08,83.5,-7.0,36.9,37.6
893.086,83,130.0,1865.0,32.0,-4.0,22.08,83.5,-7.0,36.9,37.6
893.175,83,129.0,1865.0,32.0,-4.0,22.08,83.5,-7.0,36.9,37.6
893.295,83,129.0,1834.0,32.0,-4.0,22.08,83.5,-7.0,36.9,37.6
893.415,83,129.0,1834.0,31.0,-4.0,22.08,83.5,-7.0,36.9,37.6
893.565,83,129.0,1834.0,31.0,-4.0,22.08,83.5,-7.0,36.9,37.6
893.687,83,129.0,1834.0,31.0,-4.0,21.24,83.5,-7.0,36.9,37.6
893.835,83,129.0,1834.0,31.0,-4.0,21.24,83.5,-7.0,36.9,37.6
893.929,83,129.0,1834.0,31.0,-4.0,21.24,83.5,-7.0,36.9,37.6
894.135,83,129.0,1834.0,31.0,-4.0,21.24,83.5,-7.0,35.3,37.6
894.255,83,129.0,1834.0,31.0,-4.0,21.24,83.5,-7.0,35.3,34.5
894.406,83,129.0,1834.0,31.0,-4.0,21.24,83.5,-7.0,35.3,34.5
894.526,83,125.0,1834.0,31.0,-4.0,21.24,83.5,-7.0,35.3,34.5
894.676,83,125.0,1759.0,31.0,-4.0,21.24,83.5,-7.0,35.3,34.5
894.768,83,125.0,1759.0,30.0,-4.0,21.24,83.5,-7.0,35.3,34.5
894.886,83,125.0,1759.0,30.0,-5.0,21.24,83.5,-7.0,35.3,34.5
895.035,83,125.0,1759.0,30.0,-5.0,15.52,83.5,-7.0,35.3,34.5
895.186,83,125.0,1759.0,30.0,-5.0,15.52,83.5,-7.0,35.3,34.5
895.276,83,125.0,1759.0,30.0,-5.0,15.52,83.5,-7.0,35.3,34.5
895.366,83,125.0,1759.0,30.0,-5.0,15.52,83.5,-7.0,14.1,34.5
895.485,83,125.0,1759.0,30.0,-5.0,15.52,83.5,-7.0,14.1,14.5
895.636,83,125.0,1759.0,30.0,-5.0,15.52,83.5,-7.0,14.1,14.5
895.726,83,114.0,1759.0,30.0,-5.0,15.52,83.5,-7.0,14.1,14.5
895.817,83,114.0,1011.0,30.0,-5.0,15.52,83.5,-7.0,14.1,14.5
895.936,83,114.0,1011.0,26.0,-5.0,15.52,83.5,-7.0,14.1,14.5
896.085,83,114.0,1011.0,26.0,-9.0,15.52,83.5,-7.0,14.1,14.5
896.266,83,114.0,1011.0,26.0,-9.0,9.63,83.5,-7.0,14.1,14.5
896.387,83,114.0,1011.0,26.0,-9.0,9.63,83.5,-7.0,14.1,14.5
896.537,83,114.0,1011.0,26.0,-9.0,9.63,83.5,-7.0,14.1,14.5
896.687,83,114.0,1011.0,26.0,-9.0,9.63,83.5,-7.0,14.1,14.5
896.779,83,114.0,1011.0,26.0,-9.0,9.63,83.5,-7.0,14.1,14.5
896.899,83,114.0,1011.0,26.0,-9.0,9.63,83.5,-7.0,14.1,14.5
897.045,83,109.0,1011.0,26.0,-9.0,9.63,83.5,-7.0,14.1,14.5
897.135,83,109.0,1030.0,26.0,-9.0,9.63,83.5,-7.0,14.1,14.5
897.285,83,109.0,1030.0,23.0,-9.0,9.63,83.5,-7.0,14.1,14.5
897.377,83,109.0,1030.0,23.0,-8.0,9.63,83.5,-7.0,14.1,14.5
897.468,83,109.0,1030.0,23.0,-8.0,9.16,83.5,-7.0,14.1,14.5
897.586,83,109.0,1030.0,23.0,-8.0,9.16,83.5,-7.0,14.1,14.5
897.736,83,109.0,1030.0,23.0,-8.0,9.16,83.5,-7.0,14.1,14.5
897.855,83,109.0,1030.0,23.0,-8.0,9.16,83.5,-7.0,14.1,14.5
898.007,83,109.0,1030.0,23.0,-8.0,9.16,83.5,-7.0,14.1,14.5
898.096,83,109.0,1030.0,23.0,-8.0,9.16,83.5,-7.0,14.1,14.5
898.185,83,108.0,1030.0,23.0,-8.0,9.16,83.5,-7.0,14.1,14.5
898.335,83,108.0,1036.0,23.0,-8.0,9.16,83.5,-7.0,14.1,14.5
898.426,83,108.0,1036.0,20.0,-8.0,9.16,83.5,-7.0,14.1,14.5
898.516,83,108.0,1036.0,20.0,-8.0,9.16,83.5,-7.0,14.1,14.5
898.638,83,108.0,1036.0,20.0,-8.0,9.3,83.5,-7.0,14.1,14.5
898.788,83,108.0,1036.0,20.0,-8.0,9.3,83.5,-7.0,14.1,14.5
898.877,83,108.0,1036.0,20.0,-8.0,9.3,83.5,-7.0,14.1,14.5
898.977,83,108.0,1036.0,20.0,-8.0,9.3,83.5,-7.0,14.1,14.5
899.086,83,108.0,1036.0,20.0,-8.0,9.3,83.5,-7.0,14.1,14.5
899.206,83,108.0,1036.0,20.0,-8.0,9.3,83.5,-7.0,14.1,14.5
899.297,83,108.0,1036.0,20.0,-8.0,9.3,83.5,-7.0,14.1,14.5
899.388,83,108.0,1036.0,20.0,-8.0,9.3,83.5,-7.0,14.1,14.5
899.509,83,108.0,1036.0,18.0,-8.0,9.3,83.5,-7.0,14.1,14.5
899.628,83,108.0,1036.0,18.0,-8.0,9.3,83.5,-7.0,14.1,14.5
899.717,83,108.0,1036.0,18.0,-8.0,9.19,83.5,-7.0,14.1,14.5
899.808,83,108.0,1036.0,18.0,-8.0,9.19,83.5,-7.0,14.1,14.5
899.897,83,108.0,1036.0,18.0,-8.0,9.19,83.5,-7.0,14.1,14.5
899.986,83,108.0,1036.0,18.0,-8.0,9.19,83.5,-7.0,14.1,14.5
900.076,83,108.0,1036.0,18.0,-8.0,9.19,83.5,-7.0,14.1,14.5
900.165,83,108.0,1036.0,18.0,-8.0,9.19,83.5,-7.0,14.1,14.5
900.261,83,108.0,1036.0,18.0,-8.0,9.19,83.5,-7.0,14.1,14.5
900.376,83,108.0,1039.0,18.0,-8.0,9.19,83.5,-7.0,14.1,14.5
900.527,83,108.0,1039.0,10.0,-8.0,9.19,83.5,-7.0,14.1,14.5
900.617,83,108.0,1039.0,10.0,-8.0,9.19,83.5,-7.0,14.1,14.5
900.708,83,108.0,1039.0,10.0,-8.0,8.94,83.5,-7.0,14.1,14.5
900.828,83,108.0,1039.0,10.0,-8.0,8.94,83.5,-7.0,14.1,14.5
900.976,83,108.0,1039.0,10.0,-8.0,8.94,83.5,-7.0,14.1,14.5
901.066,83,108.0,1039.0,10.0,-8.0,8.94,83.5,-7.0,14.1,14.5
901.156,83,108.0,1039.0,10.0,-8.0,8.94,83.5,-7.0,14.1,14.5
901.307,83,108.0,1039.0,10.0,-8.0,8.94,83.5,-7.0,14.1,14.5
901.426,83,108.0,1039.0,10.0,-8.0,8.94,83.5,-7.0,14.1,14.5
901.576,83,108.0,1039.0,10.0,-8.0,8.94,83.5,-7.0,14.1,14.5
901.665,83,108.0,1039.0,6.0,-8.0,8.94,83.5,-7.0,14.1,14.5
901.756,83,108.0,1039.0,6.0,-8.0,8.94,83.5,-7.0,14.1,14.5
901.875,83,108.0,1039.0,6.0,-8.0,8.94,83.5,-7.0,14.1,14.5
902.025,83,108.0,1039.0,6.0,-8.0,8.94,83.5,-7.0,14.1,14.5
902.116,83,108.0,1039.0,6.0,-8.0,8.94,83.5,-7.0,14.1,14.5
902.205,83,108.0,1039.0,6.0,-8.0,8.94,83.5,-7.0,14.1,14.5
902.355,83,108.0,1039.0,6.0,-8.0,8.94,83.5,-7.0,14.1,14.5
902.475,83,108.0,1039.0,6.0,-8.0,8.94,83.5,-7.0,14.1,14.5
902.566,83,108.0,1039.0,6.0,-8.0,8.94,83.5,-7.0,14.1,14.5
902.716,83,108.0,1039.0,6.0,-8.0,8.94,83.5,-7.0,14.1,14.5
902.806,83,108.0,1039.0,5.0,-8.0,8.94,83.5,-7.0,14.1,14.5
902.926,83,108.0,1039.0,5.0,-8.0,8.94,83.5,-7.0,14.1,14.5
903.076,83,108.0,1039.0,5.0,-8.0,9.13,83.5,-7.0,14.1,14.5
903.227,83,108.0,1039.0,5.0,-8.0,9.13,83.5,-7.0,14.1,14.5
903.319,83,108.0,1039.0,5.0,-8.0,9.13,83.5,-7.0,14.1,14.5
903.407,83,108.0,1039.0,5.0,-8.0,9.13,83.5,-7.0,14.9,14.5
903.526,83,108.0,1039.0,5.0,-8.0,9.13,83.5,-7.0,14.9,14.5
903.676,83,108.0,1039.0,5.0,-8.0,9.13,83.5,-7.0,14.9,14.5
903.766,83,108.0,1039.0,5.0,-8.0,9.13,83.5,-7.0,14.9,14.5
903.856,83,108.0,1014.0,5.0,-8.0,9.13,83.5,-7.0,14.9,14.5
903.981,83,108.0,1014.0,4.0,-8.0,9.13,83.5,-7.0,14.9,14.5
904.126,83,108.0,1014.0,4.0,-7.0,9.13,83.5,-7.0,14.9,14.5
904.215,83,108.0,1014.0,4.0,-7.0,8.83,83.5,-7.0,14.9,14.5
904.366,83,108.0,1014.0,4.0,-7.0,8.83,83.5,-7.0,14.9,14.5
904.458,83,108.0,1014.0,4.0,-7.0,8.83,83.5,-7.0,14.9,14.5
904.575,83,108.0,1014.0,4.0,-7.0,8.83,83.5,-7.0,14.9,14.5
904.725,83,108.0,1014.0,4.0,-7.0,8.83,83.5,-7.0,14.9,14.5
904.816,83,108.0,1014.0,4.0,-7.0,8.83,83.5,-7.0,14.9,14.5
904.912,83,108.0,1014.0,4.0,-7.0,8.83,83.5,-7.0,14.9,14.5
905.026,83,108.0,1018.0,4.0,-7.0,8.83,83.5,-7.0,14.9,14.5
905.175,83,108.0,1018.0,5.0,-7.0,8.83,83.5,-7.0,14.9,14.5
905.296,83,108.0,1018.0,5.0,-8.0,8.83,83.5,-7.0,14.9,14.5
905.386,83,108.0,1018.0,5.0,-8.0,9.11,83.5,-7.0,14.9,14.5
905.476,83,108.0,1018.0,5.0,-8.0,9.11,83.5,-7.0,14.9,14.5
905.625,83,108.0,1018.0,5.0,-8.0,9.11,83.5,-7.0,14.9,14.5
905.716,83,108.0,1018.0,5.0,-8.0,9.11,83.5,-7.0,14.1,14.5
905.806,83,108.0,1018.0,5.0,-8.0,9.11,83.5,-7.0,14.1,14.5
905.926,83,108.0,1018.0,5.0,-8.0,9.11,83.5,-7.0,14.1,14.5
906.075,83,105.0,1018.0,5.0,-8.0,9.11,83.5,-7.0,14.1,14.5
906.232,83,105.0,1057.0,5.0,-8.0,9.11,83.5,-7.0,14.1,14.5
906.317,83,105.0,1057.0,4.0,-8.0,9.11,83.5,-7.0,14.1,14.5
906.406,83,105.0,1057.0,4.0,-6.0,9.11,83.5,-7.0,14.1,14.5
906.526,83,105.0,1057.0,4.0,-6.0,8.36,83.5,-7.0,14.1,14.5
906.706,83,105.0,1057.0,4.0,-6.0,8.36,83.5,-7.0,14.1,14.5
906.829,83,105.0,1057.0,4.0,-6.0,8.36,83.5,-7.0,14.1,14.5
906.975,83,105.0,1057.0,4.0,-6.0,8.36,83.5,-7.0,16.5,14.5
907.066,83,105.0,1057.0,4.0,-6.0,8.36,83.5,-7.0,16.5,14.5
907.216,84,105.0,1057.0,4.0,-6.0,8.36,83.5,-7.0,16.5,14.5
907.306,84,107.0,1057.0,4.0,-6.0,8.36,83.5,-7.0,16.5,14.5
907.425,84,107.0,1099.0,4.0,-6.0,8.36,83.5,-7.0,16.5,14.5
907.575,84,107.0,1099.0,4.0,-6.0,8.36,83.5,-7.0,16.5,14.5
907.667,84,107.0,1099.0,4.0,-8.0,8.36,83.5,-7.0,16.5,14.5
907.756,84,107.0,1099.0,4.0,-8.0,9.99,83.5,-7.0,16.5,14.5
907.875,84,107.0,1099.0,4.0,-8.0,9.99,83.5,-7.0,16.5,14.5
908.025,84,107.0,1099.0,4.0,-8.0,9.99,83.5,-7.0,16.5,14.5
908.117,84,107.0,1099.0,4.0,-8.0,9.99,83.5,-7.0,14.1,14.5
908.177,84,107.0,1099.0,4.0,-8.0,9.99,83.5,-7.0,14.1,14.5
908.267,84,107.0,1099.0,4.0,-8.0,9.99,83.5,-7.0,14.1,14.5
908.355,84,106.0,1099.0,4.0,-8.0,9.99,83.5,-7.0,14.1,14.5
908.475,84,106.0,1054.0,4.0,-8.0,9.99,83.5,-7.0,14.1,14.5
908.596,84,106.0,1054.0,2.0,-8.0,9.99,83.5,-7.0,14.1,14.5
908.775,84,106.0,1054.0,2.0,-6.0,9.99,83.5,-7.0,14.1,14.5
908.866,84,106.0,1054.0,2.0,-6.0,8.99,83.5,-7.0,14.1,14.5
908.956,84,106.0,1054.0,2.0,-6.0,8.99,83.5,-7.0,14.1,14.5
909.077,84,106.0,1054.0,2.0,-6.0,8.99,83.5,-7.0,14.1,14.5
909.194,84,106.0,1054.0,2.0,-6.0,8.99,83.5,-7.0,14.1,14.5
909.347,84,106.0,1054.0,2.0,-6.0,8.99,83.5,-7.0,14.1,14.5
909.436,84,106.0,1054.0,2.0,-6.0,8.99,83.5,-7.0,14.1,14.5
909.526,84,107.0,1054.0,2.0,-6.0,8.99,83.5,-7.0,14.1,14.5
909.645,84,107.0,1043.0,2.0,-6.0,8.99,83.5,-7.0,14.1,14.5
909.737,84,107.0,1043.0,1.0,-6.0,8.99,83.5,-7.0,14.1,14.5
909.886,84,107.0,1043.0,1.0,-6.0,8.99,83.5,-7.0,14.1,14.5
909.985,84,107.0,1043.0,1.0,-6.0,9.08,83.5,-7.0,14.1,14.5
910.066,84,107.0,1043.0,1.0,-6.0,9.08,83.5,-7.0,14.1,14.5
910.156,84,107.0,1043.0,1.0,-6.0,9.08,83.5,-7.0,14.1,14.5
910.282,84,107.0,1043.0,1.0,-6.0,9.08,83.5,-7.0,15.7,14.5
910.366,84,107.0,1043.0,1.0,-6.0,9.08,83.5,-7.0,15.7,15.3
910.456,84,107.0,1043.0,1.0,-6.0,9.08,83.5,-7.0,15.7,15.3
910.575,84,107.0,1043.0,1.0,-6.0,9.08,83.5,-7.0,15.7,15.3
910.726,84,107.0,999.0,1.0,-6.0,9.08,83.5,-7.0,15.7,15.3
910.818,84,107.0,999.0,0.0,-6.0,9.08,83.5,-7.0,15.7,15.3
910.906,84,107.0,999.0,0.0,-6.0,9.08,83.5,-7.0,15.7,15.3
911.026,84,107.0,999.0,0.0,-6.0,8.83,83.5,-7.0,15.7,15.3
911.175,84,107.0,999.0,0.0,-6.0,8.83,83.5,-7.0,15.7,15.3
911.237,84,107.0,999.0,0.0,-6.0,8.83,83.5,-7.0,15.7,15.3
911.328,84,107.0,999.0,0.0,-6.0,8.83,83.5,-7.0,14.1,15.3
911.475,84,107.0,999.0,0.0,-6.0,8.83,83.5,-7.0,14.1,14.5
911.568,84,107.0,999.0,0.0,-6.0,8.83,83.5,-7.0,14.1,14.5
911.656,84,108.0,999.0,0.0,-6.0,8.83,83.5,-7.0,14.1,14.5
911.775,84,108.0,1052.0,0.0,-6.0,8.83,83.5,-7.0,14.1,14.5
911.925,84,108.0,1052.0,0.0,-6.0,8.83,83.5,-7.0,14.1,14.5
912.045,84,108.0,1052.0,0.0,-6.0,8.83,83.5,-7.0,14.1,14.5
912.135,84,108.0,1052.0,0.0,-6.0,9.69,83.5,-7.0,14.1,14.5
912.32,84,108.0,1052.0,0.0,-6.0,9.69,83.5,-7.0,14.1,14.5
912.407,84,108.0,1052.0,0.0,-6.0,9.69,83.5,-7.0,14.1,14.5
912.498,84,108.0,1052.0,0.0,-6.0,9.69,83.5,-7.0,14.9,14.5
912.617,84,108.0,1052.0,0.0,-6.0,9.69,83.5,-7.0,14.9,14.5
912.767,84,108.0,1052.0,0.0,-6.0,9.69,83.5,-7.0,14.9,14.5
912.856,84,108.0,1052.0,0.0,-6.0,9.69,83.5,-7.0,14.9,14.5
912.975,84,108.0,1039.0,0.0,-6.0,9.69,83.5,-7.0,14.9,14.5
913.125,84,108.0,1039.0,0.0,-6.0,9.69,83.5,-7.0,14.9,14.5
913.276,84,108.0,1039.0,0.0,-6.0,9.69,83.5,-7.0,14.9,14.5
913.368,84,108.0,1039.0,0.0,-6.0,9.11,83.5,-7.0,14.9,14.5
913.486,84,108.0,1039.0,0.0,-6.0,9.11,83.5,-7.0,14.9,14.5
913.635,84,108.0,1039.0,0.0,-6.0,9.11,83.5,-7.0,14.9,14.5
913.728,84,108.0,1039.0,0.0,-6.0,9.11,83.5,-7.0,15.3,14.5
913.819,84,108.0,1039.0,0.0,-6.0,9.11,83.5,-7.0,15.3,14.9
913.907,84,108.0,1039.0,0.0,-6.0,9.11,83.5,-7.0,15.3,14.9
914.0,84,108.0,1039.0,0.0,-6.0,9.11,83.5,-7.0,15.3,14.9
914.117,84,108.0,1019.0,0.0,-6.0,9.11,83.5,-7.0,15.3,14.9
914.268,84,108.0,1019.0,1.0,-6.0,9.11,83.5,-7.0,15.3,14.9
914.357,84,108.0,1019.0,1.0,-6.0,9.11,83.5,-7.0,15.3,14.9
914.449,84,108.0,1019.0,1.0,-6.0,8.61,83.5,-7.0,15.3,14.9
914.567,84,108.0,1019.0,1.0,-6.0,8.61,83.5,-7.0,15.3,14.9
914.686,84,108.0,1019.0,1.0,-6.0,8.61,83.5,-7.0,15.3,14.9
914.777,84,108.0,1019.0,1.0,-6.0,8.61,83.5,-7.0,14.1,14.9
914.869,84,108.0,1019.0,1.0,-6.0,8.61,83.5,-7.0,14.1,14.5
914.957,84,108.0,1019.0,1.0,-6.0,8.61,83.5,-7.0,14.1,14.5
915.051,84,108.0,1019.0,1.0,-6.0,8.61,83.5,-7.0,14.1,14.5
915.166,84,108.0,1079.0,1.0,-6.0,8.61,83.5,-7.0,14.1,14.5
915.321,84,108.0,1079.0,1.0,-6.0,8.61,83.5,-7.0,14.1,14.5
915.467,84,108.0,1079.0,1.0,-6.0,8.61,83.5,-7.0,14.1,14.5
915.557,84,108.0,1079.0,1.0,-6.0,9.05,83.5,-7.0,14.1,14.5
915.677,84,108.0,1079.0,1.0,-6.0,9.05,83.5,-7.0,14.1,14.5
915.826,84,108.0,1079.0,1.0,-6.0,9.05,83.5,-7.0,14.1,14.5
915.918,84,108.0,1079.0,1.0,-6.0,9.05,83.5,-7.0,14.1,14.5
916.008,84,108.0,1079.0,1.0,-6.0,9.05,83.5,-7.0,14.1,14.5
916.097,84,108.0,1079.0,1.0,-6.0,9.05,83.5,-7.0,14.1,14.5
916.216,84,108.0,1079.0,1.0,-6.0,9.05,83.5,-7.0,14.1,14.5
916.368,84,108.0,1054.0,1.0,-6.0,9.05,83.5,-7.0,14.1,14.5
916.457,84,108.0,1054.0,0.0,-6.0,9.05,83.5,-7.0,14.1,14.5
916.546,84,108.0,1054.0,0.0,-5.0,9.05,83.5,-7.0,14.1,14.5
916.635,84,108.0,1054.0,0.0,-5.0,9.13,83.5,-7.0,14.1,14.5
916.786,84,108.0,1054.0,0.0,-5.0,9.13,83.5,-7.0,14.1,14.5
916.876,84,108.0,1054.0,0.0,-5.0,9.13,83.5,-7.0,14.1,14.5
916.969,84,108.0,1054.0,0.0,-5.0,9.13,83.5,-7.0,14.1,14.5
917.056,84,108.0,1054.0,0.0,-5.0,9.13,83.5,-7.0,14.1,14.5
917.148,84,108.0,1054.0,0.0,-5.0,9.13,83.5,-7.0,14.1,14.5
917.326,84,108.0,1054.0,0.0,-5.0,9.13,83.5,-7.0,14.1,14.5
917.475,84,108.0,1045.0,0.0,-5.0,9.13,83.5,-7.0,14.1,14.5
917.569,84,108.0,1045.0,0.0,-5.0,9.13,83.5,-7.0,14.1,14.5
917.657,84,108.0,1045.0,0.0,-5.0,9.13,83.5,-7.0,14.1,14.5
917.775,84,108.0,1045.0,0.0,-5.0,8.99,83.5,-7.0,14.1,14.5
917.869,84,108.0,1045.0,0.0,-5.0,8.99,83.5,-7.0,14.1,14.5
917.957,84,108.0,1045.0,0.0,-5.0,8.99,83.5,-7.0,14.1,14.5
918.047,84,108.0,1045.0,0.0,-5.0,8.99,83.5,-7.0,14.1,14.5
918.167,84,108.0,1045.0,0.0,-5.0,8.99,83.5,-7.0,14.1,14.5
918.317,84,108.0,1045.0,0.0,-5.0,8.99,83.5,-7.0,14.1,14.5
918.467,84,107.0,1045.0,0.0,-5.0,8.99,83.5,-7.0,14.1,14.5
918.557,84,107.0,1041.0,0.0,-5.0,8.99,83.5,-7.0,14.1,14.5
918.651,84,107.0,1041.0,0.0,-5.0,8.99,83.5,-7.0,14.1,14.5
918.767,84,107.0,1041.0,0.0,-6.0,8.99,83.5,-7.0,14.1,14.5
918.915,84,107.0,1041.0,0.0,-6.0,8.99,83.5,-7.0,14.1,14.5
919.008,84,107.0,1041.0,0.0,-6.0,8.99,83.5,-7.0,14.1,14.5
919.097,84,107.0,1041.0,0.0,-6.0,8.99,83.5,-7.0,14.1,14.5
919.215,84,107.0,1041.0,0.0,-6.0,8.99,83.5,-7.0,14.5,14.5
919.307,84,107.0,1041.0,0.0,-6.0,8.99,83.5,-7.0,14.5,14.5
919.396,84,107.0,1041.0,0.0,-6.0,8.99,83.5,-7.0,14.5,14.5
919.516,84,107.0,1041.0,0.0,-6.0,8.99,83.5,-7.0,14.5,14.5
919.666,84,107.0,1040.0,0.0,-6.0,8.99,83.5,-7.0,14.5,14.5
919.758,84,107.0,1040.0,0.0,-6.0,8.99,83.5,-7.0,14.5,14.5
919.848,84,107.0,1040.0,0.0,-6.0,8.99,83.5,-7.0,14.5,14.5
919.966,84,107.0,1040.0,0.0,-6.0,8.94,83.5,-7.0,14.5,14.5
920.115,84,107.0,1040.0,0.0,-6.0,8.94,83.5,-7.0,14.5,14.5
920.237,84,107.0,1040.0,0.0,-6.0,8.94,83.5,-7.0,14.5,14.5
920.355,84,107.0,1040.0,0.0,-6.0,8.94,83.5,-7.0,14.1,14.5
920.448,84,107.0,1040.0,0.0,-6.0,8.94,83.5,-7.0,14.1,14.5
920.566,84,107.0,1040.0,0.0,-6.0,8.94,83.5,-7.0,14.1,14.5
920.745,84,107.0,1040.0,0.0,-6.0,8.94,83.5,-7.0,14.1,14.5
920.865,84,107.0,1039.0,0.0,-6.0,8.94,83.5,-7.0,14.1,14.5
920.956,84,107.0,1039.0,0.0,-6.0,8.94,83.5,-7.0,14.1,14.5
921.046,84,107.0,1039.0,0.0,-6.0,8.94,83.5,-7.0,14.1,14.5
921.165,84,107.0,1039.0,0.0,-6.0,9.13,83.5,-7.0,14.1,14.5
921.346,84,107.0,1039.0,0.0,-6.0,9.13,83.5,-7.0,14.1,14.5
921.466,84,107.0,1039.0,0.0,-6.0,9.13,83.5,-7.0,14.1,14.5
921.615,84,107.0,1039.0,0.0,-6.0,9.13,83.5,-7.0,14.1,14.5
921.708,84,107.0,1039.0,0.0,-6.0,9.13,83.5,-7.0,14.1,14.5
921.796,84,107.0,1039.0,0.0,-6.0,9.13,83.5,-7.0,14.1,14.5
921.915,84,107.0,1039.0,0.0,-6.0,9.13,83.5,-7.0,14.1,14.5
922.066,84,107.0,1040.0,0.0,-6.0,9.13,83.5,-7.0,14.1,14.5
922.157,84,107.0,1040.0,0.0,-6.0,9.13,83.5,-7.0,14.1,14.5
922.336,84,107.0,1040.0,0.0,-6.0,9.13,83.5,-7.0,14.1,14.5
922.427,84,107.0,1040.0,0.0,-6.0,9.13,83.5,-7.0,14.1,14.5
922.605,84,107.0,1040.0,0.0,-6.0,9.13,83.5,-7.0,14.1,14.5
922.696,84,107.0,1040.0,0.0,-6.0,9.13,83.5,-7.0,14.1,14.5
922.815,84,107.0,1040.0,0.0,-6.0,9.13,83.5,-7.0,15.3,14.5
922.965,84,107.0,1040.0,0.0,-6.0,9.13,83.5,-7.0,15.3,14.9
923.057,84,107.0,1040.0,0.0,-6.0,9.13,83.5,-7.0,15.3,14.9
923.145,84,107.0,1040.0,0.0,-6.0,9.13,83.5,-7.0,15.3,14.9
923.354,84,107.0,1016.0,0.0,-6.0,9.13,83.5,-7.0,15.3,14.9
923.446,84,107.0,1016.0,0.0,-6.0,9.13,83.5,-7.0,15.3,14.9
923.565,84,107.0,1016.0,0.0,-6.0,9.13,83.5,-7.0,15.3,14.9
923.715,84,107.0,1016.0,0.0,-6.0,8.58,83.5,-7.0,15.3,14.9
923.777,84,107.0,1016.0,0.0,-6.0,8.58,83.5,-7.0,15.3,14.9
923.867,84,107.0,1016.0,0.0,-6.0,8.58,83.5,-7.0,15.3,14.9
923.957,84,107.0,1016.0,0.0,-6.0,8.58,83.5,-7.0,15.7,14.9
924.077,84,107.0,1016.0,0.0,-6.0,8.58,83.5,-7.0,15.7,15.7
924.288,84,107.0,1016.0,0.0,-6.0,8.58,83.5,-7.0,15.7,15.7
924.406,84,107.0,1016.0,0.0,-6.0,8.58,83.5,-7.0,15.7,15.7
924.555,84,107.0,1012.0,0.0,-6.0,8.58,83.5,-7.0,15.7,15.7
924.648,84,107.0,1012.0,0.0,-6.0,8.58,83.5,-7.0,15.7,15.7
924.766,84,107.0,1012.0,0.0,-6.0,8.58,83.5,-7.0,15.7,15.7
924.916,84,107.0,1012.0,0.0,-6.0,9.13,83.5,-7.0,15.7,15.7
925.042,84,107.0,1012.0,0.0,-6.0,9.13,83.5,-7.0,15.7,15.7
925.127,84,107.0,1012.0,0.0,-6.0,9.13,83.5,-7.0,15.7,15.7
925.248,84,107.0,1012.0,0.0,-6.0,9.13,83.5,-7.0,15.7,15.7
925.395,84,107.0,1012.0,0.0,-6.0,9.13,83.5,-7.0,15.7,15.3
925.515,84,107.0,1012.0,0.0,-6.0,9.13,83.5,-7.0,15.7,15.3
925.666,84,108.0,1012.0,0.0,-6.0,9.13,83.5,-7.0,15.7,15.3
925.759,84,108.0,1010.0,0.0,-6.0,9.13,83.5,-7.0,15.7,15.3
925.848,84,108.0,1010.0,0.0,-6.0,9.13,83.5,-7.0,15.7,15.3
925.966,84,108.0,1010.0,0.0,-6.0,9.13,83.5,-7.0,15.7,15.3
926.115,84,108.0,1010.0,0.0,-6.0,8.47,83.5,-7.0,15.7,15.3
926.235,84,108.0,1010.0,0.0,-6.0,8.47,83.5,-7.0,15.7,15.3
926.356,84,108.0,1010.0,0.0,-6.0,8.47,83.5,-7.0,15.7,15.3
926.475,84,108.0,1010.0,0.0,-6.0,8.47,83.5,-7.0,15.7,15.3
926.626,84,108.0,1010.0,0.0,-6.0,8.47,83.5,-7.0,15.7,15.3
926.746,84,108.0,1010.0,0.0,-6.0,8.47,83.5,-7.0,15.7,15.3
926.866,84,108.0,1010.0,0.0,-6.0,8.47,83.5,-7.0,15.7,15.3
926.958,84,108.0,1002.0,0.0,-6.0,8.47,83.5,-7.0,15.7,15.3
927.047,84,108.0,1002.0,1.0,-6.0,8.47,83.5,-7.0,15.7,15.3
927.138,84,108.0,1002.0,1.0,-6.0,8.47,83.5,-7.0,15.7,15.3
927.256,84,108.0,1002.0,1.0,-6.0,8.55,83.5,-7.0,15.7,15.3
927.375,84,108.0,1002.0,1.0,-6.0,8.55,83.5,-7.0,15.7,15.3
927.467,84,108.0,1002.0,1.0,-6.0,8.55,83.5,-7.0,15.7,15.3
927.558,84,108.0,1002.0,1.0,-6.0,8.55,83.5,-7.0,15.7,15.3
927.676,84,108.0,1002.0,1.0,-6.0,8.55,83.5,-7.0,15.7,15.3
927.826,84,108.0,1002.0,1.0,-6.0,8.55,83.5,-7.0,15.7,15.3
927.917,84,108.0,1002.0,1.0,-6.0,8.55,83.5,-7.0,15.7,15.3
928.008,84,108.0,1000.0,1.0,-6.0,8.55,83.5,-7.0,15.7,15.3
928.097,84,108.0,1000.0,4.0,-6.0,8.55,83.5,-7.0,15.7,15.3
928.189,84,108.0,1000.0,4.0,-6.0,8.55,83.5,-7.0,15.7,15.3
928.275,84,108.0,1000.0,4.0,-6.0,8.19,83.5,-7.0,15.7,15.3
928.368,84,108.0,1000.0,4.0,-6.0,8.19,83.5,-7.0,15.7,15.3
928.458,84,108.0,1000.0,4.0,-6.0,8.19,83.5,-7.0,15.7,15.3
928.549,84,108.0,1000.0,4.0,-6.0,8.19,83.5,-7.0,16.1,15.3
928.637,84,108.0,1000.0,4.0,-6.0,8.19,83.5,-7.0,16.1,15.7
928.758,84,108.0,1000.0,4.0,-6.0,8.19,83.5,-7.0,16.1,15.7
928.907,84,109.0,1000.0,4.0,-6.0,8.19,83.5,-7.0,16.1,15.7
928.997,84,109.0,995.0,4.0,-6.0,8.19,83.5,-7.0,16.1,15.7
929.092,84,109.0,995.0,8.0,-6.0,8.19,83.5,-7.0,16.1,15.7
929.207,84,109.0,995.0,8.0,-6.0,8.19,83.5,-7.0,16.1,15.7
929.356,84,109.0,995.0,8.0,-6.0,10.66,83.5,-7.0,16.1,15.7
929.507,84,109.0,995.0,8.0,-6.0,10.66,83.5,-7.0,16.1,15.7
929.597,84,109.0,995.0,8.0,-6.0,10.66,83.5,-7.0,16.1,15.7
929.687,84,109.0,995.0,8.0,-6.0,10.66,83.5,-7.0,22.7,15.7
929.807,84,109.0,995.0,8.0,-6.0,10.66,83.5,-7.0,22.7,25.5
929.927,84,109.0,995.0,8.0,-6.0,10.66,83.5,-7.0,22.7,25.5
930.018,84,110.0,995.0,8.0,-6.0,10.66,83.5,-7.0,22.7,25.5
930.195,84,110.0,1356.0,8.0,-6.0,10.66,83.5,-7.0,22.7,25.5
930.316,84,110.0,1356.0,12.0,-6.0,10.66,83.5,-7.0,22.7,25.5
930.408,84,110.0,1356.0,12.0,-3.0,10.66,83.5,-7.0,22.7,25.5
930.497,84,110.0,1356.0,12.0,-3.0,17.74,83.5,-7.0,22.7,25.5
930.588,84,110.0,1356.0,12.0,-3.0,17.74,83.5,-7.0,22.7,25.5
930.707,84,110.0,1356.0,12.0,-3.0,17.74,83.5,-7.0,22.7,25.5
930.856,84,110.0,1356.0,12.0,-3.0,17.74,83.5,-7.0,36.1,25.5
930.947,84,110.0,1356.0,12.0,-3.0,17.74,83.5,-7.0,36.1,38.4
931.049,84,110.0,1356.0,12.0,-3.0,17.74,83.5,-7.0,36.1,38.4
931.156,84,127.0,1356.0,12.0,-3.0,17.74,83.5,-7.0,36.1,38.4
931.275,84,127.0,1792.0,12.0,-3.0,17.74,83.5,-7.0,36.1,38.4
931.366,84,127.0,1792.0,16.0,-3.0,17.74,83.5,-7.0,36.1,38.4
931.458,84,127.0,1792.0,16.0,0.0,17.74,83.5,-7.0,36.1,38.4
931.547,84,127.0,1792.0,16.0,0.0,22.74,83.5,-7.0,36.1,38.4
931.636,84,127.0,1792.0,16.0,0.0,22.74,83.5,-7.0,36.1,38.4
931.755,84,127.0,1792.0,16.0,0.0,22.74,83.5,-7.0,36.1,38.4
931.907,84,127.0,1792.0,16.0,0.0,22.74,83.5,-7.0,18.0,38.4
931.996,84,127.0,1792.0,16.0,0.0,22.74,83.5,-7.0,18.0,14.5
932.087,84,127.0,1792.0,16.0,0.0,22.74,83.5,-7.0,18.0,14.5
932.207,84,120.0,1792.0,16.0,0.0,22.74,83.5,-7.0,18.0,14.5
932.415,84,120.0,1425.0,16.0,0.0,22.74,83.5,-7.0,18.0,14.5
932.509,84,120.0,1425.0,17.0,0.0,22.74,83.5,-7.0,18.0,14.5
932.597,84,120.0,1425.0,17.0,1.0,22.74,83.5,-7.0,18.0,14.5
932.687,84,120.0,1425.0,17.0,1.0,6.88,83.5,-7.0,18.0,14.5
932.808,84,120.0,1425.0,17.0,1.0,6.88,83.5,-7.0,18.0,14.5
932.928,84,120.0,1425.0,17.0,1.0,6.88,83.5,-7.0,18.0,14.5
933.017,84,120.0,1425.0,17.0,1.0,6.88,83.5,-7.0,27.8,14.5
933.106,84,120.0,1425.0,17.0,1.0,6.88,83.5,-7.0,27.8,27.8
933.196,84,120.0,1425.0,17.0,1.0,6.88,83.5,-7.0,27.8,27.8
933.288,84,113.0,1425.0,17.0,1.0,6.88,83.5,-7.0,27.8,27.8
933.405,84,113.0,1121.0,17.0,1.0,6.88,83.5,-7.0,27.8,27.8
933.497,84,113.0,1121.0,19.0,1.0,6.88,83.5,-7.0,27.8,27.8
933.588,84,113.0,1121.0,19.0,-3.0,6.88,83.5,-7.0,27.8,27.8
933.706,84,113.0,1121.0,19.0,-3.0,14.11,83.5,-7.0,27.8,27.8
933.855,84,113.0,1121.0,19.0,-3.0,14.11,83.5,-7.0,27.8,27.8
933.947,84,113.0,1121.0,19.0,-3.0,14.11,83.5,-7.0,27.8,27.8
934.048,84,113.0,1121.0,19.0,-3.0,14.11,83.5,-7.0,31.0,27.8
934.155,84,113.0,1121.0,19.0,-3.0,14.11,83.5,-7.0,31.0,31.4
934.276,84,113.0,1121.0,19.0,-3.0,14.11,83.5,-7.0,31.0,31.4
934.367,84,116.0,1121.0,19.0,-3.0,14.11,83.5,-7.0,31.0,31.4
934.457,84,116.0,1278.0,19.0,-3.0,14.11,83.5,-7.0,31.0,31.4
934.547,84,116.0,1278.0,22.0,-3.0,14.11,83.5,-7.0,31.0,31.4
934.637,84,116.0,1278.0,22.0,-2.0,14.11,83.5,-7.0,31.0,31.4
934.756,84,116.0,1278.0,22.0,-2.0,13.08,83.5,-7.0,31.0,31.4
934.906,84,116.0,1278.0,22.0,-2.0,13.08,83.5,-7.0,31.0,31.4
934.997,84,116.0,1278.0,22.0,-2.0,13.08,83.5,-7.0,31.0,31.4
935.088,84,116.0,1278.0,22.0,-2.0,13.08,83.5,-7.0,27.8,31.4
935.206,84,116.0,1278.0,22.0,-2.0,13.08,83.5,-7.0,27.8,26.7
935.416,84,116.0,1278.0,22.0,-2.0,13.08,83.5,-7.0,27.8,26.7
935.509,84,110.0,1278.0,22.0,-2.0,13.08,83.5,-7.0,27.8,26.7
935.597,84,110.0,1342.0,22.0,-2.0,13.08,83.5,-7.0,27.8,26.7
935.688,84,110.0,1342.0,23.0,-2.0,13.08,83.5,-7.0,27.8,26.7
935.806,84,110.0,1342.0,23.0,-2.0,13.08,83.5,-7.0,27.8,26.7
935.927,84,110.0,1342.0,23.0,-2.0,10.88,83.5,-7.0,27.8,26.7
936.017,84,110.0,1342.0,23.0,-2.0,10.88,83.5,-7.0,27.8,26.7
936.11,84,110.0,1342.0,23.0,-2.0,10.88,83.5,-7.0,27.8,26.7
936.197,84,110.0,1342.0,23.0,-2.0,10.88,83.5,-7.0,14.1,26.7
936.348,84,110.0,1342.0,23.0,-2.0,10.88,83.5,-7.0,14.1,14.5
936.437,84,110.0,1342.0,23.0,-2.0,10.88,83.5,-7.0,14.1,14.5
936.556,84,107.0,1342.0,23.0,-2.0,10.88,83.5,-7.0,14.1,14.5
936.706,84,107.0,1231.0,23.0,-2.0,10.88,83.5,-7.0,14.1,14.5
936.797,84,107.0,1231.0,21.0,-2.0,10.88,83.5,-7.0,14.1,14.5
936.887,84,107.0,1231.0,21.0,-3.0,10.88,83.5,-7.0,14.1,14.5
937.006,84,107.0,1231.0,21.0,-3.0,16.24,83.5,-7.0,14.1,14.5
937.155,84,107.0,1231.0,21.0,-3.0,16.24,83.5,-7.0,14.1,14.5
937.248,84,107.0,1231.0,21.0,-3.0,16.24,83.5,-7.0,14.1,14.5
937.335,84,107.0,1231.0,21.0,-3.0,16.24,83.5,-7.0,27.5,14.5
937.428,84,107.0,1231.0,21.0,-3.0,16.24,83.5,-7.0,27.5,27.8
937.517,84,107.0,1231.0,21.0,-3.0,16.24,83.5,-7.0,27.5,27.8
937.666,84,106.0,1231.0,21.0,-3.0,16.24,83.5,-7.0,27.5,27.8
937.757,84,106.0,1222.0,21.0,-3.0,16.24,83.5,-7.0,27.5,27.8
937.847,84,106.0,1222.0,21.0,-3.0,16.24,83.5,-7.0,27.5,27.8
937.936,84,106.0,1222.0,21.0,-2.0,16.24,83.5,-7.0,27.5,27.8
938.055,84,106.0,1222.0,21.0,-2.0,10.74,83.5,-7.0,27.5,27.8
938.205,84,106.0,1222.0,21.0,-2.0,10.74,83.5,-7.0,27.5,27.8
938.356,84,106.0,1222.0,21.0,-2.0,10.74,83.5,-7.0,27.5,27.8
938.448,84,106.0,1222.0,21.0,-2.0,10.74,83.5,-7.0,32.2,27.8
938.537,84,106.0,1222.0,21.0,-2.0,10.74,83.5,-7.0,32.2,32.5
938.655,84,106.0,1222.0,21.0,-2.0,10.74,83.5,-7.0,32.2,32.5
938.806,84,109.0,1222.0,21.0,-2.0,10.74,83.5,-7.0,32.2,32.5
938.897,84,109.0,1313.0,21.0,-2.0,10.74,83.5,-7.0,32.2,32.5
938.957,84,109.0,1313.0,23.0,-2.0,10.74,83.5,-7.0,32.2,32.5
939.052,84,109.0,1313.0,23.0,-2.0,10.74,83.5,-7.0,32.2,32.5
939.137,84,109.0,1313.0,23.0,-2.0,14.44,83.5,-7.0,32.2,32.5
939.228,84,109.0,1313.0,23.0,-2.0,14.44,83.5,-7.0,32.2,32.5
939.347,84,109.0,1313.0,23.0,-2.0,14.44,83.5,-7.0,32.2,32.5
939.466,84,109.0,1313.0,23.0,-2.0,14.44,83.5,-7.0,33.3,32.5
939.615,84,109.0,1313.0,23.0,-2.0,14.44,83.5,-7.0,33.3,33.3
939.708,84,109.0,1313.0,23.0,-2.0,14.44,83.5,-7.0,33.3,33.3
939.797,84,118.0,1313.0,23.0,-2.0,14.44,83.5,-7.0,33.3,33.3
939.887,84,118.0,1433.0,23.0,-2.0,14.44,83.5,-7.0,33.3,33.3
940.006,84,118.0,1433.0,24.0,-2.0,14.44,83.5,-7.0,33.3,33.3
940.155,84,118.0,1433.0,24.0,-2.0,14.44,83.5,-7.0,33.3,33.3
940.245,84,118.0,1433.0,24.0,-2.0,15.38,83.5,-7.0,33.3,33.3
940.364,84,118.0,1433.0,24.0,-2.0,15.38,83.5,-7.0,33.3,33.3
940.455,84,118.0,1433.0,24.0,-2.0,15.38,83.5,-7.0,33.3,33.3
940.545,84,118.0,1433.0,24.0,-2.0,15.38,83.5,-7.0,29.4,33.3
940.665,84,118.0,1433.0,24.0,-2.0,15.38,83.5,-7.0,29.4,29.4
940.815,84,118.0,1433.0,24.0,-2.0,15.38,83.5,-7.0,29.4,29.4
940.905,84,116.0,1433.0,24.0,-2.0,15.38,83.5,-7.0,29.4,29.4
940.998,84,116.0,1522.0,24.0,-2.0,15.38,83.5,-7.0,29.4,29.4
941.086,84,116.0,1522.0,26.0,-2.0,15.38,83.5,-7.0,29.4,29.4
941.206,84,116.0,1522.0,26.0,-1.0,15.38,83.5,-7.0,29.4,29.4
941.355,84,116.0,1522.0,26.0,-1.0,12.47,83.5,-7.0,29.4,29.4
941.505,84,116.0,1522.0,26.0,-1.0,12.47,83.5,-7.0,29.4,29.4
941.626,84,116.0,1522.0,26.0,-1.0,12.47,83.5,-7.0,29.4,29.4
941.716,84,116.0,1522.0,26.0,-1.0,12.47,83.5,-7.0,27.8,29.4
941.865,84,116.0,1522.0,26.0,-1.0,12.47,83.5,-7.0,27.8,27.8
941.956,84,116.0,1522.0,26.0,-1.0,12.47,83.5,-7.0,27.8,27.8
942.016,84,108.0,1522.0,26.0,-1.0,12.47,83.5,-7.0,27.8,27.8
942.106,84,108.0,1547.0,26.0,-1.0,12.47,83.5,-7.0,27.8,27.8
942.254,84,108.0,1547.0,26.0,-1.0,12.47,83.5,-7.0,27.8,27.8
942.315,84,108.0,1547.0,26.0,-2.0,12.47,83.5,-7.0,27.8,27.8
942.464,84,108.0,1547.0,26.0,-2.0,13.24,83.5,-7.0,27.8,27.8
942.557,84,108.0,1547.0,26.0,-2.0,13.24,83.5,-7.0,27.8,27.8
942.648,84,108.0,1547.0,26.0,-2.0,13.24,83.5,-7.0,27.8,27.8
942.737,84,108.0,1547.0,26.0,-2.0,13.24,83.5,-7.0,26.7,27.8
942.827,84,108.0,1547.0,26.0,-2.0,13.24,83.5,-7.0,26.7,27.1
942.949,84,108.0,1547.0,26.0,-2.0,13.24,83.5,-7.0,26.7,27.1
943.096,84,108.0,1547.0,26.0,-2.0,13.24,83.5,-7.0,26.7,27.1
943.185,84,108.0,1577.0,26.0,-2.0,13.24,83.5,-7.0,26.7,27.1
943.276,84,108.0,1577.0,27.0,-2.0,13.24,83.5,-7.0,26.7,27.1
943.395,84,108.0,1577.0,27.0,-2.0,13.24,83.5,-7.0,26.7,27.1
943.487,84,108.0,1577.0,27.0,-2.0,13.3,83.5,-7.0,26.7,27.1
943.576,84,108.0,1577.0,27.0,-2.0,13.3,83.5,-7.0,26.7,27.1
943.697,84,108.0,1577.0,27.0,-2.0,13.3,83.5,-7.0,26.7,27.1
943.848,84,108.0,1577.0,27.0,-2.0,13.3,83.5,-7.0,26.7,27.1
943.937,84,108.0,1577.0,27.0,-2.0,13.3,83.5,-7.0,26.7,27.1
944.026,84,108.0,1577.0,27.0,-2.0,13.3,83.5,-7.0,26.7,27.1
944.145,84,108.0,1577.0,27.0,-2.0,13.3,83.5,-7.0,26.7,27.1
944.297,84,108.0,1601.0,27.0,-2.0,13.3,83.5,-7.0,26.7,27.1
944.386,84,108.0,1601.0,27.0,-2.0,13.3,83.5,-7.0,26.7,27.1
944.476,84,108.0,1601.0,27.0,-2.0,13.3,83.5,-7.0,26.7,27.1
944.567,84,108.0,1601.0,27.0,-2.0,13.77,83.5,-7.0,26.7,27.1
944.715,84,108.0,1601.0,27.0,-2.0,13.77,83.5,-7.0,26.7,27.1
944.808,84,108.0,1601.0,27.0,-2.0,13.77,83.5,-7.0,26.7,27.1
944.9,84,108.0,1601.0,27.0,-2.0,13.77,83.5,-7.0,27.1,27.1
944.985,84,108.0,1601.0,27.0,-2.0,13.77,83.5,-7.0,27.1,27.1
945.076,84,108.0,1601.0,27.0,-2.0,13.77,83.5,-7.0,27.1,27.1
945.168,84,109.0,1601.0,27.0,-2.0,13.77,83.5,-7.0,27.1,27.1
945.26,84,109.0,1619.0,27.0,-2.0,13.77,83.5,-7.0,27.1,27.1
945.466,84,109.0,1619.0,28.0,-2.0,13.77,83.5,-7.0,27.1,27.1
945.556,84,109.0,1619.0,28.0,-2.0,13.77,83.5,-7.0,27.1,27.1
945.65,84,109.0,1619.0,28.0,-2.0,14.19,83.5,-7.0,27.1,27.1
945.737,84,109.0,1619.0,28.0,-2.0,14.19,83.5,-7.0,27.1,27.1
945.826,84,109.0,1619.0,28.0,-2.0,14.19,83.5,-7.0,27.1,27.1
945.945,84,109.0,1619.0,28.0,-2.0,14.19,83.5,-7.0,27.5,27.1
946.095,84,109.0,1619.0,28.0,-2.0,14.19,83.5,-7.0,27.5,27.5
946.186,84,109.0,1619.0,28.0,-2.0,14.19,83.5,-7.0,27.5,27.5
946.277,84,110.0,1619.0,28.0,-2.0,14.19,83.5,-7.0,27.5,27.5
946.365,84,110.0,1610.0,28.0,-2.0,14.19,83.5,-7.0,27.5,27.5
946.462,84,110.0,1610.0,27.0,-2.0,14.19,83.5,-7.0,27.5,27.5
946.607,84,110.0,1610.0,27.0,-2.0,14.19,83.5,-7.0,27.5,27.5
946.968,84,110.0,1610.0,27.0,-2.0,13.72,83.5,-7.0,27.5,27.5
947.026,84,110.0,1610.0,27.0,-2.0,13.72,83.5,-7.0,27.5,27.5
947.116,84,110.0,1610.0,27.0,-2.0,13.72,83.5,-7.0,27.5,27.5
947.265,84,110.0,1610.0,27.0,-2.0,13.72,83.5,-7.0,23.5,27.5
947.326,84,110.0,1610.0,27.0,-2.0,13.72,83.5,-7.0,23.5,22.7
947.446,84,110.0,1610.0,27.0,-2.0,13.72,83.5,-7.0,23.5,22.7
947.596,84,109.0,1610.0,27.0,-2.0,13.72,83.5,-7.0,23.5,22.7
947.688,84,109.0,1544.0,27.0,-2.0,13.72,83.5,-7.0,23.5,22.7
947.783,84,109.0,1544.0,27.0,-2.0,13.72,83.5,-7.0,23.5,22.7
947.895,84,109.0,1544.0,27.0,-2.0,13.72,83.5,-7.0,23.5,22.7
948.075,84,109.0,1544.0,27.0,-2.0,14.91,83.5,-7.0,23.5,22.7
948.195,84,109.0,1544.0,27.0,-2.0,14.91,83.5,-7.0,23.5,22.7
948.287,84,109.0,1544.0,27.0,-2.0,14.91,83.5,-7.0,23.5,22.7
948.407,84,109.0,1544.0,27.0,-2.0,14.91,83.5,-7.0,24.3,22.7
948.556,84,109.0,1544.0,27.0,-2.0,14.91,83.5,-7.0,24.3,24.3
948.649,84,109.0,1544.0,27.0,-2.0,14.91,83.5,-7.0,24.3,24.3
948.737,84,113.0,1544.0,27.0,-2.0,14.91,83.5,-7.0,24.3,24.3
948.828,84,113.0,1472.0,27.0,-2.0,14.91,83.5,-7.0,24.3,24.3
948.96,84,113.0,1472.0,25.0,-2.0,14.91,83.5,-7.0,24.3,24.3
949.095,84,113.0,1472.0,25.0,-2.0,14.91,83.5,-7.0,24.3,24.3
949.186,84,113.0,1472.0,25.0,-2.0,13.69,83.5,-7.0,24.3,24.3
949.275,84,113.0,1472.0,25.0,-2.0,13.69,83.5,-7.0,24.3,24.3
949.395,84,113.0,1472.0,25.0,-2.0,13.69,83.5,-7.0,24.3,24.3
949.486,84,113.0,1472.0,25.0,-2.0,13.69,83.5,-7.0,16.5,24.3
949.576,84,113.0,1472.0,25.0,-2.0,13.69,83.5,-7.0,16.5,14.5
949.695,84,113.0,1472.0,25.0,-2.0,13.69,83.5,-7.0,16.5,14.5
949.847,84,115.0,1472.0,25.0,-2.0,13.69,83.5,-7.0,16.5,14.5
949.938,84,115.0,1366.0,25.0,-2.0,13.69,83.5,-7.0,16.5,14.5
950.026,84,115.0,1366.0,23.0,-2.0,13.69,83.5,-7.0,16.5,14.5
950.145,84,115.0,1366.0,23.0,-2.0,13.69,83.5,-7.0,16.5,14.5
950.295,84,115.0,1366.0,23.0,-2.0,12.97,83.5,-7.0,16.5,14.5
950.356,84,115.0,1366.0,23.0,-2.0,12.97,83.5,-7.0,16.5,14.5
950.445,84,115.0,1366.0,23.0,-2.0,12.97,83.5,-7.0,16.5,14.5
950.536,84,115.0,1366.0,23.0,-2.0,12.97,83.5,-7.0,14.1,14.5
950.656,84,115.0,1366.0,23.0,-2.0,12.97,83.5,-7.0,14.1,14.5
950.807,84,115.0,1366.0,23.0,-2.0,12.97,83.5,-7.0,14.1,14.5
950.901,84,114.0,1366.0,23.0,-2.0,12.97,83.5,-7.0,14.1,14.5
950.986,84,114.0,1223.0,23.0,-2.0,12.97,83.5,-7.0,14.1,14.5
951.105,84,114.0,1223.0,21.0,-2.0,12.97,83.5,-7.0,14.1,14.5
951.167,84,114.0,1223.0,21.0,-2.0,12.97,83.5,-7.0,14.1,14.5
951.257,84,114.0,1223.0,21.0,-2.0,20.47,83.5,-7.0,14.1,14.5
951.405,84,114.0,1223.0,21.0,-2.0,20.47,83.5,-7.0,14.1,14.5
951.496,84,114.0,1223.0,21.0,-2.0,20.47,83.5,-7.0,14.1,14.5
951.586,84,114.0,1223.0,21.0,-2.0,20.47,83.5,-7.0,14.1,14.5
951.676,84,114.0,1223.0,21.0,-2.0,20.47,83.5,-7.0,14.1,14.5
951.796,84,114.0,1223.0,21.0,-2.0,20.47,83.5,-7.0,14.1,14.5
951.946,84,109.0,1223.0,21.0,-2.0,20.47,83.5,-7.0,14.1,14.5
952.043,84,109.0,998.0,21.0,-2.0,20.47,83.5,-7.0,14.1,14.5
952.126,84,109.0,998.0,16.0,-2.0,20.47,83.5,-7.0,14.1,14.5
952.245,84,109.0,998.0,16.0,0.0,20.47,83.5,-7.0,14.1,14.5
952.366,84,109.0,998.0,16.0,0.0,8.36,83.5,-7.0,14.1,14.5
952.485,84,109.0,998.0,16.0,0.0,8.36,83.5,-7.0,14.1,14.5
952.635,84,109.0,998.0,16.0,0.0,8.36,83.5,-7.0,14.1,14.5
952.726,84,109.0,998.0,16.0,0.0,8.36,83.5,-7.0,14.1,14.5
952.816,84,109.0,998.0,16.0,0.0,8.36,83.5,-7.0,14.1,14.5
952.934,84,109.0,998.0,16.0,0.0,8.36,83.5,-7.0,14.1,14.5
953.085,84,107.0,998.0,16.0,0.0,8.36,83.5,-7.0,14.1,14.5
953.175,84,107.0,1029.0,16.0,0.0,8.36,83.5,-7.0,14.1,14.5
953.294,84,107.0,1029.0,10.0,0.0,8.36,83.5,-7.0,14.1,14.5
953.445,84,107.0,1029.0,10.0,-5.0,8.36,83.5,-7.0,14.1,14.5
953.595,84,107.0,1029.0,10.0,-5.0,9.11,83.5,-7.0,14.1,14.5
953.686,84,107.0,1029.0,10.0,-5.0,9.11,83.5,-7.0,14.1,14.5
953.776,84,107.0,1029.0,10.0,-5.0,9.11,83.5,-7.0,14.1,14.5
953.865,84,107.0,1029.0,10.0,-5.0,9.11,83.5,-7.0,14.1,14.5
953.986,84,107.0,1029.0,10.0,-5.0,9.11,83.5,-7.0,14.1,14.5
954.195,84,107.0,1029.0,10.0,-5.0,9.11,83.5,-7.0,14.1,14.5
954.286,84,107.0,1029.0,10.0,-5.0,9.11,83.5,-7.0,14.1,14.5
954.436,84,107.0,1036.0,10.0,-5.0,9.11,83.5,-7.0,14.1,14.5
954.526,84,107.0,1036.0,6.0,-5.0,9.11,83.5,-7.0,14.1,14.5
954.616,84,107.0,1036.0,6.0,-5.0,9.11,83.5,-7.0,14.1,14.5
954.735,84,107.0,1036.0,6.0,-5.0,9.05,83.5,-7.0,14.1,14.5
954.887,84,107.0,1036.0,6.0,-5.0,9.05,83.5,-7.0,14.1,14.5
954.976,84,107.0,1036.0,6.0,-5.0,9.05,83.5,-7.0,14.1,14.5
955.065,84,107.0,1036.0,6.0,-5.0,9.05,83.5,-7.0,14.1,14.5
955.156,84,107.0,1036.0,6.0,-5.0,9.05,83.5,-7.0,14.1,14.5
955.275,84,107.0,1036.0,6.0,-5.0,9.05,83.5,-7.0,14.1,14.5
955.395,84,107.0,1036.0,6.0,-5.0,9.05,83.5,-7.0,14.1,14.5
955.488,84,107.0,1037.0,6.0,-5.0,9.05,83.5,-7.0,14.1,14.5
955.576,84,107.0,1037.0,5.0,-5.0,9.05,83.5,-7.0,14.1,14.5
955.669,84,107.0,1037.0,5.0,-5.0,9.05,83.5,-7.0,14.1,14.5
955.787,84,107.0,1037.0,5.0,-5.0,8.99,83.5,-7.0,14.1,14.5
955.936,84,107.0,1037.0,5.0,-5.0,8.99,83.5,-7.0,14.1,14.5
956.026,84,107.0,1037.0,5.0,-5.0,8.99,83.5,-7.0,14.1,14.5
956.115,84,107.0,1037.0,5.0,-5.0,8.99,83.5,-7.0,16.9,14.5
956.206,84,107.0,1037.0,5.0,-5.0,8.99,83.5,-7.0,16.9,16.9
956.326,84,107.0,1037.0,5.0,-5.0,8.99,83.5,-7.0,16.9,16.9
956.415,84,107.0,1037.0,5.0,-5.0,8.99,83.5,-7.0,16.9,16.9
956.565,84,107.0,981.0,5.0,-5.0,8.99,83.5,-7.0,16.9,16.9
956.687,84,107.0,981.0,5.0,-5.0,8.99,83.5,-7.0,16.9,16.9
956.836,84,107.0,981.0,5.0,-5.0,8.99,83.5,-7.0,16.9,16.9
956.927,84,107.0,981.0,5.0,-5.0,9.72,83.5,-7.0,16.9,16.9
957.016,84,107.0,981.0,5.0,-5.0,9.72,83.5,-7.0,16.9,16.9
957.105,84,107.0,981.0,5.0,-5.0,9.72,83.5,-7.0,16.9,16.9
957.195,84,107.0,981.0,5.0,-5.0,9.72,83.5,-7.0,17.3,16.9
957.375,84,107.0,981.0,5.0,-5.0,9.72,83.5,-7.0,17.3,16.9
957.495,84,107.0,981.0,5.0,-5.0,9.72,83.5,-7.0,17.3,16.9
957.589,84,109.0,981.0,5.0,-5.0,9.72,83.5,-7.0,17.3,16.9
957.678,84,109.0,989.0,5.0,-5.0,9.72,83.5,-7.0,17.3,16.9
957.767,84,109.0,989.0,8.0,-5.0,9.72,83.5,-7.0,17.3,16.9
957.857,84,109.0,989.0,8.0,-4.0,9.72,83.5,-7.0,17.3,16.9
957.975,84,109.0,989.0,8.0,-4.0,10.69,83.5,-7.0,17.3,16.9
958.125,84,109.0,989.0,8.0,-4.0,10.69,83.5,-7.0,17.3,16.9
958.216,84,109.0,989.0,8.0,-4.0,10.69,83.5,-7.0,17.3,16.9
958.306,84,109.0,989.0,8.0,-4.0,10.69,83.5,-7.0,17.6,16.9
958.397,84,109.0,989.0,8.0,-4.0,10.69,83.5,-7.0,17.6,17.6
958.544,84,109.0,989.0,8.0,-4.0,10.69,83.5,-7.0,17.6,17.6
958.636,84,109.0,989.0,8.0,-4.0,10.69,83.5,-7.0,17.6,17.6
958.727,84,109.0,1113.0,8.0,-4.0,10.69,83.5,-7.0,17.6,17.6
958.815,84,109.0,1113.0,10.0,-4.0,10.69,83.5,-7.0,17.6,17.6
958.909,84,109.0,1113.0,10.0,-3.0,10.69,83.5,-7.0,17.6,17.6
959.025,84,109.0,1113.0,10.0,-3.0,8.69,83.5,-7.0,17.6,17.6
959.175,84,109.0,1113.0,10.0,-3.0,8.69,83.5,-7.0,17.6,17.6
959.266,84,109.0,1113.0,10.0,-3.0,8.69,83.5,-7.0,17.6,17.6
959.418,84,109.0,1113.0,10.0,-3.0,8.69,83.5,-7.0,18.0,17.6
959.509,84,109.0,1113.0,10.0,-3.0,8.69,83.5,-7.0,18.0,18.0
959.626,84,109.0,1113.0,10.0,-3.0,8.69,83.5,-7.0,18.0,18.0
959.776,84,106.0,1113.0,10.0,-3.0,8.69,83.5,-7.0,18.0,18.0
959.868,84,106.0,1048.0,10.0,-3.0,8.69,83.5,-7.0,18.0,18.0
959.966,84,106.0,1048.0,9.0,-3.0,8.69,83.5,-7.0,18.0,18.0
960.045,84,106.0,1048.0,9.0,-5.0,8.69,83.5,-7.0,18.0,18.0
960.136,84,106.0,1048.0,9.0,-5.0,8.27,83.5,-7.0,18.0,18.0
960.286,84,106.0,1048.0,9.0,-5.0,8.27,83.5,-7.0,18.0,18.0
960.438,84,106.0,1048.0,9.0,-5.0,8.27,83.5,-7.0,18.0,18.0
960.527,84,106.0,1048.0,9.0,-5.0,8.27,83.5,-7.0,16.5,18.0
960.621,84,106.0,1048.0,9.0,-5.0,8.27,83.5,-7.0,16.5,14.5
960.71,84,106.0,1048.0,9.0,-5.0,8.27,83.5,-7.0,16.5,14.5
960.825,84,108.0,1048.0,9.0,-5.0,8.27,83.5,-7.0,16.5,14.5
960.975,84,108.0,1025.0,9.0,-5.0,8.27,83.5,-7.0,16.5,14.5
961.066,84,108.0,1025.0,9.0,-5.0,8.27,83.5,-7.0,16.5,14.5
961.157,84,108.0,1025.0,9.0,-6.0,8.27,83.5,-7.0,16.5,14.5
961.275,84,108.0,1025.0,9.0,-6.0,8.19,83.5,-7.0,16.5,14.5
961.395,84,108.0,1025.0,9.0,-6.0,8.19,83.5,-7.0,16.5,14.5
961.488,84,108.0,1025.0,9.0,-6.0,8.19,83.5,-7.0,16.5,14.5
961.578,84,108.0,1025.0,9.0,-6.0,8.19,83.5,-7.0,14.1,14.5
961.668,84,108.0,1025.0,9.0,-6.0,8.19,83.5,-7.0,14.1,14.5
961.76,84,108.0,1025.0,9.0,-6.0,8.19,83.5,-7.0,14.1,14.5
961.875,84,104.0,1025.0,9.0,-6.0,8.19,83.5,-7.0,14.1,14.5
962.025,84,104.0,1103.0,9.0,-6.0,8.19,83.5,-7.0,14.1,14.5
962.115,84,104.0,1103.0,6.0,-6.0,8.19,83.5,-7.0,14.1,14.5
962.206,84,104.0,1103.0,6.0,-6.0,8.19,83.5,-7.0,14.1,14.5
962.325,84,104.0,1103.0,6.0,-6.0,9.63,83.5,-7.0,14.1,14.5
962.475,84,104.0,1103.0,6.0,-6.0,9.63,83.5,-7.0,14.1,14.5
962.568,84,104.0,1103.0,6.0,-6.0,9.63,83.5,-7.0,14.1,14.5
962.66,84,104.0,1103.0,6.0,-6.0,9.63,83.5,-7.0,14.1,14.5
962.776,84,104.0,1103.0,6.0,-6.0,9.63,83.5,-7.0,14.1,14.5
962.926,84,104.0,1103.0,6.0,-6.0,9.63,83.5,-7.0,14.1,14.5
963.015,84,104.0,1103.0,6.0,-6.0,9.63,83.5,-7.0,14.1,14.5
963.106,84,104.0,1050.0,6.0,-6.0,9.63,83.5,-7.0,14.1,14.5
963.225,84,104.0,1050.0,3.0,-6.0,9.63,83.5,-7.0,14.1,14.5
963.345,84,104.0,1050.0,3.0,-5.0,9.63,83.5,-7.0,14.1,14.5
963.435,84,104.0,1050.0,3.0,-5.0,8.91,83.5,-7.0,14.1,14.5
963.585,84,104.0,1050.0,3.0,-5.0,8.91,83.5,-7.0,14.1,14.5
963.682,84,104.0,1050.0,3.0,-5.0,8.91,83.5,-7.0,14.1,14.5
963.769,84,104.0,1050.0,3.0,-5.0,8.91,83.5,-7.0,18.8,14.5
963.862,84,104.0,1050.0,3.0,-5.0,8.91,83.5,-7.0,18.8,18.4
963.975,84,104.0,1050.0,3.0,-5.0,8.91,83.5,-7.0,18.8,18.4
964.125,84,106.0,1050.0,3.0,-5.0,8.91,83.5,-7.0,18.8,18.4
964.215,84,106.0,988.0,3.0,-5.0,8.91,83.5,-7.0,18.8,18.4
964.311,84,106.0,988.0,1.0,-5.0,8.91,83.5,-7.0,18.8,18.4
964.455,84,106.0,988.0,1.0,-5.0,8.91,83.5,-7.0,18.8,18.4
964.605,84,106.0,988.0,1.0,-5.0,9.16,83.5,-7.0,18.8,18.4
964.725,84,106.0,988.0,1.0,-5.0,9.16,83.5,-7.0,18.8,18.4
964.875,84,106.0,988.0,1.0,-5.0,9.16,83.5,-7.0,18.8,18.4
964.965,84,106.0,988.0,1.0,-5.0,9.16,83.5,-7.0,18.8,18.4
965.055,84,106.0,988.0,1.0,-5.0,9.16,83.5,-7.0,18.8,18.4
965.175,84,106.0,988.0,1.0,-5.0,9.16,83.5,-7.0,18.8,18.4
965.324,84,108.0,988.0,1.0,-5.0,9.16,83.5,-7.0,18.8,18.4
965.415,84,108.0,1008.0,1.0,-5.0,9.16,83.5,-7.0,18.8,18.4
965.506,84,108.0,1008.0,3.0,-5.0,9.16,83.5,-7.0,18.8,18.4
965.628,84,108.0,1008.0,3.0,-5.0,9.16,83.5,-7.0,18.8,18.4
965.777,84,108.0,1008.0,3.0,-5.0,8.61,83.5,-7.0,18.8,18.4
965.868,84,108.0,1008.0,3.0,-5.0,8.61,83.5,-7.0,18.8,18.4
965.961,84,108.0,1008.0,3.0,-5.0,8.61,83.5,-7.0,18.8,18.4
966.075,84,108.0,1008.0,3.0,-5.0,8.61,83.5,-7.0,14.1,18.4
966.225,84,108.0,1008.0,3.0,-5.0,8.61,83.5,-7.0,14.1,15.7
966.345,84,108.0,1008.0,3.0,-5.0,8.61,83.5,-7.0,14.1,15.7
966.465,84,103.0,1008.0,3.0,-5.0,8.61,83.5,-7.0,14.1,15.7
966.56,84,103.0,1087.0,3.0,-5.0,8.61,83.5,-7.0,14.1,15.7
966.68,84,103.0,1087.0,1.0,-5.0,8.61,83.5,-7.0,14.1,15.7
966.826,84,103.0,1087.0,1.0,-4.0,8.61,83.5,-7.0,14.1,15.7
966.947,84,103.0,1087.0,1.0,-4.0,8.27,83.5,-7.0,14.1,15.7
967.038,84,103.0,1087.0,1.0,-4.0,8.27,83.5,-7.0,14.1,15.7
967.125,84,103.0,1087.0,1.0,-4.0,8.27,83.5,-7.0,14.1,15.7
967.215,84,103.0,1087.0,1.0,-4.0,8.27,83.5,-7.0,19.6,15.7
967.305,84,103.0,1087.0,1.0,-4.0,8.27,83.5,-7.0,19.6,19.2
967.485,84,103.0,1087.0,1.0,-4.0,8.27,83.5,-7.0,19.6,19.2
967.636,84,106.0,1087.0,1.0,-4.0,8.27,83.5,-7.0,19.6,19.2
967.729,84,106.0,1003.0,1.0,-4.0,8.27,83.5,-7.0,19.6,19.2
967.82,84,106.0,1003.0,0.0,-4.0,8.27,83.5,-7.0,19.6,19.2
967.91,84,106.0,1003.0,0.0,-4.0,8.27,83.5,-7.0,19.6,19.2
968.025,84,106.0,1003.0,0.0,-4.0,8.49,83.5,-7.0,19.6,19.2
968.175,84,106.0,1003.0,0.0,-4.0,8.49,83.5,-7.0,19.6,19.2
968.265,84,106.0,1003.0,0.0,-4.0,8.49,83.5,-7.0,19.6,19.2
968.355,84,106.0,1003.0,0.0,-4.0,8.49,83.5,-7.0,19.2,19.2
968.445,84,106.0,1003.0,0.0,-4.0,8.49,83.5,-7.0,19.2,19.2
968.595,84,106.0,1003.0,0.0,-4.0,8.49,83.5,-7.0,19.2,19.2
968.715,84,108.0,1003.0,0.0,-4.0,8.49,83.5,-7.0,19.2,19.2
968.865,84,108.0,1109.0,0.0,-4.0,8.49,83.5,-7.0,19.2,19.2
968.961,84,108.0,1109.0,1.0,-4.0,8.49,83.5,-7.0,19.2,19.2
969.075,84,108.0,1109.0,1.0,-4.0,8.49,83.5,-7.0,19.2,19.2
969.225,84,108.0,1109.0,1.0,-4.0,8.44,83.5,-7.0,19.2,19.2
969.314,84,108.0,1109.0,1.0,-4.0,8.44,83.5,-7.0,19.2,19.2
969.465,84,108.0,1109.0,1.0,-4.0,8.44,83.5,-7.0,19.2,19.2
969.557,84,108.0,1109.0,1.0,-4.0,8.44,83.5,-7.0,14.1,19.2
969.647,84,108.0,1109.0,1.0,-4.0,8.44,83.5,-7.0,14.1,14.5
969.766,84,108.0,1109.0,1.0,-4.0,8.44,83.5,-7.0,14.1,14.5
969.915,84,104.0,1109.0,1.0,-4.0,8.44,83.5,-7.0,14.1,14.5
970.006,84,104.0,1058.0,1.0,-4.0,8.44,83.5,-7.0,14.1,14.5
970.096,84,104.0,1058.0,0.0,-4.0,8.44,83.5,-7.0,14.1,14.5
970.185,84,104.0,1058.0,0.0,-3.0,8.44,83.5,-7.0,14.1,14.5
970.277,84,104.0,1058.0,0.0,-3.0,8.86,83.5,-7.0,14.1,14.5
970.365,84,104.0,1058.0,0.0,-3.0,8.86,83.5,-7.0,14.1,14.5
970.455,84,104.0,1058.0,0.0,-3.0,8.86,83.5,-7.0,14.1,14.5
970.605,84,104.0,1058.0,0.0,-3.0,8.86,83.5,-7.0,14.1,14.5
970.699,84,104.0,1058.0,0.0,-3.0,8.86,83.5,-7.0,14.1,14.5
970.815,84,104.0,1058.0,0.0,-3.0,8.86,83.5,-7.0,14.1,14.5
970.967,84,106.0,1058.0,0.0,-3.0,8.86,83.5,-7.0,14.1,14.5
971.056,84,106.0,1044.0,0.0,-3.0,8.86,83.5,-7.0,14.1,14.5
971.175,84,106.0,1044.0,0.0,-3.0,8.86,83.5,-7.0,14.1,14.5
971.326,84,106.0,1044.0,0.0,-4.0,8.86,83.5,-7.0,14.1,14.5
971.415,84,106.0,1044.0,0.0,-4.0,8.91,83.5,-7.0,14.1,14.5
971.506,84,106.0,1044.0,0.0,-4.0,8.91,83.5,-7.0,14.1,14.5
971.596,84,106.0,1044.0,0.0,-4.0,8.91,83.5,-7.0,14.1,14.5
971.715,84,106.0,1044.0,0.0,-4.0,8.91,83.5,-7.0,14.1,14.5
971.866,84,106.0,1044.0,0.0,-4.0,8.91,83.5,-7.0,14.1,14.5
971.958,84,106.0,1044.0,0.0,-4.0,8.91,83.5,-7.0,14.1,14.5
972.048,84,107.0,1044.0,0.0,-4.0,8.91,83.5,-7.0,14.1,14.5
972.165,84,107.0,1045.0,0.0,-4.0,8.91,83.5,-7.0,14.1,14.5
972.345,84,107.0,1045.0,0.0,-4.0,8.91,83.5,-7.0,14.1,14.5
972.465,84,107.0,1045.0,0.0,-3.0,8.91,83.5,-7.0,14.1,14.5
972.555,84,107.0,1045.0,0.0,-3.0,9.22,83.5,-7.0,14.1,14.5
972.646,84,107.0,1045.0,0.0,-3.0,9.22,83.5,-7.0,14.1,14.5
972.765,84,107.0,1045.0,0.0,-3.0,9.22,83.5,-7.0,14.1,14.5
972.915,84,107.0,1045.0,0.0,-3.0,9.22,83.5,-7.0,14.1,14.5
973.005,84,107.0,1045.0,0.0,-3.0,9.22,83.5,-7.0,14.1,14.5
973.096,84,107.0,1045.0,0.0,-3.0,9.22,83.5,-7.0,14.1,14.5
973.215,84,107.0,1045.0,0.0,-3.0,9.22,83.5,-7.0,14.1,14.5
973.365,84,107.0,1041.0,0.0,-3.0,9.22,83.5,-7.0,14.1,14.5
973.454,84,107.0,1041.0,0.0,-3.0,9.22,83.5,-7.0,14.1,14.5
973.606,84,107.0,1041.0,0.0,-3.0,9.22,83.5,-7.0,14.1,14.5
973.7,84,107.0,1041.0,0.0,-3.0,9.08,83.5,-7.0,14.1,14.5
973.815,84,107.0,1041.0,0.0,-3.0,9.08,83.5,-7.0,14.1,14.5
973.966,84,107.0,1041.0,0.0,-3.0,9.08,83.5,-7.0,14.1,14.5
974.055,84,107.0,1041.0,0.0,-3.0,9.08,83.5,-7.0,14.1,14.5
974.146,84,107.0,1041.0,0.0,-3.0,9.08,83.5,-7.0,14.1,14.5
974.265,84,107.0,1041.0,0.0,-3.0,9.08,83.5,-7.0,14.1,14.5
974.481,84,107.0,1041.0,0.0,-3.0,9.08,83.5,-7.0,14.1,14.5
974.565,84,107.0,1042.0,0.0,-3.0,9.08,83.5,-7.0,14.1,14.5
974.656,84,107.0,1042.0,0.0,-3.0,9.08,83.5,-7.0,14.1,14.5
974.745,84,107.0,1042.0,0.0,-3.0,9.08,83.5,-7.0,14.1,14.5
974.864,84,107.0,1042.0,0.0,-3.0,9.27,83.5,-7.0,14.1,14.5
975.014,84,107.0,1042.0,0.0,-3.0,9.27,83.5,-7.0,14.1,14.5
975.107,84,107.0,1042.0,0.0,-3.0,9.27,83.5,-7.0,14.1,14.5
975.197,84,107.0,1042.0,0.0,-3.0,9.27,83.5,-7.0,14.1,14.5
975.315,84,107.0,1042.0,0.0,-3.0,9.27,83.5,-7.0,14.1,14.5
975.465,84,107.0,1042.0,0.0,-3.0,9.27,83.5,-7.0,14.1,14.5
975.616,84,107.0,1042.0,0.0,-3.0,9.27,83.5,-7.0,14.1,14.5
975.705,84,107.0,1040.0,0.0,-3.0,9.27,83.5,-7.0,14.1,14.5
975.803,84,107.0,1040.0,0.0,-3.0,9.27,83.5,-7.0,14.1,14.5
975.915,84,107.0,1040.0,0.0,-3.0,9.27,83.5,-7.0,14.1,14.5
976.065,84,107.0,1040.0,0.0,-3.0,9.11,83.5,-7.0,14.1,14.5
976.156,84,107.0,1040.0,0.0,-3.0,9.11,83.5,-7.0,14.1,14.5
976.246,84,107.0,1040.0,0.0,-3.0,9.11,83.5,-7.0,14.1,14.5
976.365,84,107.0,1040.0,0.0,-3.0,9.11,83.5,-7.0,14.1,14.5
976.575,84,107.0,1040.0,0.0,-3.0,9.11,83.5,-7.0,14.1,14.5
976.668,84,107.0,1040.0,0.0,-3.0,9.11,83.5,-7.0,14.1,14.5
976.845,84,107.0,1040.0,0.0,-3.0,9.11,83.5,-7.0,14.1,14.5
976.965,84,107.0,1040.0,0.0,-3.0,9.11,83.5,-7.0,14.1,14.5
977.115,84,107.0,1040.0,0.0,-3.0,9.11,83.5,-7.0,14.1,14.5
977.327,84,107.0,1040.0,0.0,-3.0,9.11,83.5,-7.0,14.1,14.5
977.419,84,107.0,1040.0,0.0,-3.0,8.97,83.5,-7.0,14.1,14.5
977.565,84,107.0,1040.0,0.0,-3.0,8.97,83.5,-7.0,14.1,14.5
977.659,84,107.0,1040.0,0.0,-3.0,8.97,83.5,-7.0,14.1,14.5
977.749,84,107.0,1040.0,0.0,-3.0,8.97,83.5,-7.0,14.1,14.5
977.866,84,107.0,1040.0,0.0,-3.0,8.97,83.5,-7.0,14.1,14.5
978.014,84,107.0,1040.0,0.0,-3.0,8.97,83.5,-7.0,14.1,14.5
978.105,84,107.0,1040.0,0.0,-3.0,8.97,83.5,-7.0,14.1,14.5
978.197,84,107.0,1039.0,0.0,-3.0,8.97,83.5,-7.0,14.1,14.5
978.317,84,107.0,1039.0,0.0,-3.0,8.97,83.5,-7.0,14.1,14.5
978.435,84,107.0,1039.0,0.0,-3.0,8.97,83.5,-7.0,14.1,14.5
978.555,84,107.0,1039.0,0.0,-3.0,8.97,83.5,-7.0,14.1,14.5
978.65,84,107.0,1039.0,0.0,-3.0,8.97,83.5,-7.0,14.1,14.5
978.766,84,107.0,1039.0,0.0,-3.0,8.97,83.5,-7.0,14.1,14.5
978.916,84,107.0,1039.0,0.0,-3.0,8.97,83.5,-7.0,14.1,14.5
979.006,84,107.0,1039.0,0.0,-3.0,8.97,83.5,-7.0,14.1,14.5
979.097,84,107.0,1039.0,0.0,-3.0,8.97,83.5,-7.0,14.1,14.5
979.215,84,107.0,1039.0,0.0,-3.0,8.97,83.5,-7.0,14.1,14.5
979.365,84,107.0,1039.0,0.0,-3.0,8.97,83.5,-7.0,14.1,14.5
979.456,84,107.0,1039.0,0.0,-3.0,8.97,83.5,-7.0,14.1,14.5
979.546,84,107.0,1039.0,0.0,-3.0,8.97,83.5,-7.0,14.1,14.5
979.667,84,107.0,1039.0,0.0,-3.0,9.24,83.5,-7.0,14.1,14.5
979.819,84,107.0,1039.0,0.0,-3.0,9.24,83.5,-7.0,14.1,14.5
979.907,84,107.0,1039.0,0.0,-3.0,9.24,83.5,-7.0,14.1,14.5
979.997,84,107.0,1039.0,0.0,-3.0,9.24,83.5,-7.0,14.1,14.5
980.115,84,107.0,1039.0,0.0,-3.0,9.24,83.5,-7.0,14.1,14.5
980.265,84,107.0,1039.0,0.0,-3.0,9.24,83.5,-7.0,14.1,14.5
980.356,84,107.0,1039.0,0.0,-3.0,9.24,83.5,-7.0,14.1,14.5
980.447,84,107.0,1040.0,0.0,-3.0,9.24,83.5,-7.0,14.1,14.5
980.566,84,107.0,1040.0,0.0,-3.0,9.24,83.5,-7.0,14.1,14.5
980.661,84,107.0,1040.0,0.0,-3.0,9.24,83.5,-7.0,14.1,14.5
980.746,84,107.0,1040.0,0.0,-3.0,8.94,83.5,-7.0,14.1,14.5
980.865,84,107.0,1040.0,0.0,-3.0,8.94,83.5,-7.0,14.1,14.5
981.015,84,107.0,1040.0,0.0,-3.0,8.94,83.5,-7.0,14.1,14.5
981.105,84,107.0,1040.0,0.0,-3.0,8.94,83.5,-7.0,14.1,14.5
981.196,84,107.0,1040.0,0.0,-3.0,8.94,83.5,-7.0,14.1,14.5
981.317,84,107.0,1040.0,0.0,-3.0,8.94,83.5,-7.0,14.1,14.5
981.525,84,107.0,1040.0,0.0,-3.0,8.94,83.5,-7.0,14.1,14.5
981.62,84,107.0,1040.0,0.0,-3.0,8.94,83.5,-7.0,14.1,14.5
981.707,84,107.0,1040.0,0.0,-3.0,8.94,83.5,-7.0,14.1,14.5
981.805,84,107.0,1040.0,0.0,-3.0,8.94,83.5,-7.0,14.1,14.5
981.918,84,107.0,1040.0,0.0,-3.0,8.99,83.5,-7.0,14.1,14.5
982.065,84,107.0,1040.0,0.0,-3.0,8.99,83.5,-7.0,14.1,14.5
982.245,84,107.0,1040.0,0.0,-3.0,8.99,83.5,-7.0,14.1,14.5
982.365,84,107.0,1040.0,0.0,-3.0,8.99,83.5,-7.0,14.1,14.5
982.485,84,107.0,1040.0,0.0,-3.0,8.99,83.5,-7.0,14.1,14.5
982.636,84,107.0,1040.0,0.0,-3.0,8.99,83.5,-7.0,14.1,14.5
982.756,84,107.0,1040.0,0.0,-3.0,8.99,83.5,-7.0,14.1,14.5
982.905,84,107.0,1040.0,0.0,-3.0,8.99,83.5,-7.0,14.1,14.5
983.001,84,107.0,1040.0,0.0,-3.0,8.99,83.5,-7.0,14.1,14.5
983.116,84,107.0,1040.0,0.0,-3.0,8.99,83.5,-7.0,14.1,14.5
983.264,84,107.0,1040.0,0.0,-3.0,9.16,83.5,-7.0,14.1,14.5
983.355,84,107.0,1040.0,0.0,-3.0,9.16,83.5,-7.0,14.1,14.5
983.445,84,107.0,1040.0,0.0,-3.0,9.16,83.5,-7.0,14.1,14.5
983.565,84,107.0,1040.0,0.0,-3.0,9.16,83.5,-7.0,14.1,14.5
983.657,84,107.0,1040.0,0.0,-3.0,9.16,83.5,-7.0,14.1,16.9
983.747,84,107.0,1040.0,0.0,-3.0,9.16,83.5,-7.0,14.1,16.9
983.839,84,107.0,1040.0,0.0,-3.0,9.16,83.5,-7.0,14.1,16.9
983.955,84,107.0,1042.0,0.0,-3.0,9.16,83.5,-7.0,14.1,16.9
984.105,84,107.0,1042.0,0.0,-3.0,9.16,83.5,-7.0,14.1,16.9
984.197,84,107.0,1042.0,0.0,-3.0,9.16,83.5,-7.0,14.1,16.9
984.317,84,107.0,1042.0,0.0,-3.0,8.74,83.5,-7.0,14.1,16.9
984.495,84,107.0,1042.0,0.0,-3.0,8.74,83.5,-7.0,14.1,16.9
984.585,84,107.0,1042.0,0.0,-3.0,8.74,83.5,-7.0,14.1,16.9
984.706,84,107.0,1042.0,0.0,-3.0,8.74,83.5,-7.0,20.4,16.9
984.856,84,107.0,1042.0,0.0,-3.0,8.74,83.5,-7.0,20.4,20.4
984.947,84,107.0,1042.0,0.0,-3.0,8.74,83.5,-7.0,20.4,20.4
985.038,84,106.0,1042.0,0.0,-3.0,8.74,83.5,-7.0,20.4,20.4
985.155,84,106.0,1108.0,0.0,-3.0,8.74,83.5,-7.0,20.4,20.4
985.305,84,106.0,1108.0,0.0,-3.0,8.74,83.5,-7.0,20.4,20.4
985.396,84,106.0,1108.0,0.0,-3.0,8.74,83.5,-7.0,20.4,20.4
985.515,84,106.0,1108.0,0.0,-3.0,9.13,83.5,-7.0,20.4,20.4
985.606,84,106.0,1108.0,0.0,-3.0,9.13,83.5,-7.0,20.4,20.4
985.701,84,106.0,1108.0,0.0,-3.0,9.13,83.5,-7.0,20.4,20.4
985.785,84,106.0,1108.0,0.0,-3.0,9.13,83.5,-7.0,20.8,20.4
985.905,84,106.0,1108.0,0.0,-3.0,9.13,83.5,-7.0,20.8,20.4
986.056,84,106.0,1108.0,0.0,-3.0,9.13,83.5,-7.0,20.8,20.4
986.145,84,105.0,1108.0,0.0,-3.0,9.13,83.5,-7.0,20.8,20.4
986.265,84,105.0,1064.0,0.0,-3.0,9.13,83.5,-7.0,20.8,20.4
986.415,84,105.0,1064.0,2.0,-3.0,9.13,83.5,-7.0,20.8,20.4
986.565,84,105.0,1064.0,2.0,-3.0,9.13,83.5,-7.0,20.8,20.4
986.657,84,105.0,1064.0,2.0,-3.0,10.63,83.5,-7.0,20.8,20.4
986.745,84,105.0,1064.0,2.0,-3.0,10.63,83.5,-7.0,20.8,20.4
986.841,84,105.0,1064.0,2.0,-3.0,10.63,83.5,-7.0,20.8,20.4
986.989,84,105.0,1064.0,2.0,-3.0,10.63,83.5,-7.0,20.4,20.4
987.135,84,105.0,1064.0,2.0,-3.0,10.63,83.5,-7.0,20.4,20.4
987.255,83,105.0,1064.0,2.0,-3.0,10.63,83.5,-7.0,20.4,20.4
987.405,83,110.0,1064.0,2.0,-3.0,10.63,83.5,-7.0,20.4,20.4
987.556,83,110.0,1052.0,2.0,-3.0,10.63,83.5,-7.0,20.4,20.4
987.647,83,110.0,1052.0,6.0,-3.0,10.63,83.5,-7.0,20.4,20.4
987.741,83,110.0,1052.0,6.0,-1.0,10.63,83.5,-7.0,20.4,20.4
987.857,83,110.0,1052.0,6.0,-1.0,11.05,83.5,-7.0,20.4,20.4
988.005,83,110.0,1052.0,6.0,-1.0,11.05,83.5,-7.0,20.4,20.4
988.096,83,110.0,1052.0,6.0,-1.0,11.05,83.5,-7.0,20.4,20.4
988.185,83,110.0,1052.0,6.0,-1.0,11.05,83.5,-7.0,20.4,20.4
988.305,83,110.0,1052.0,6.0,-1.0,11.05,83.5,-7.0,20.4,20.0
988.455,83,110.0,1052.0,6.0,-1.0,11.05,83.5,-7.0,20.4,20.0
988.575,83,112.0,1052.0,6.0,-1.0,11.05,83.5,-7.0,20.4,20.0
988.67,83,112.0,1058.0,6.0,-1.0,11.05,83.5,-7.0,20.4,20.0
988.76,83,112.0,1058.0,9.0,-1.0,11.05,83.5,-7.0,20.4,20.0
988.849,83,112.0,1058.0,9.0,-1.0,11.05,83.5,-7.0,20.4,20.0
988.939,83,112.0,1058.0,9.0,-1.0,9.27,83.5,-7.0,20.4,20.0
989.056,83,112.0,1058.0,9.0,-1.0,9.27,83.5,-7.0,20.4,20.0
989.205,83,112.0,1058.0,9.0,-1.0,9.27,83.5,-7.0,20.4,20.0
989.296,83,112.0,1058.0,9.0,-1.0,9.27,83.5,-7.0,24.7,20.0
989.386,83,112.0,1058.0,9.0,-1.0,9.27,83.5,-7.0,24.7,25.1
989.537,83,112.0,1058.0,9.0,-1.0,9.27,83.5,-7.0,24.7,25.1
989.687,83,109.0,1058.0,9.0,-1.0,9.27,83.5,-7.0,24.7,25.1
989.807,83,109.0,1267.0,9.0,-1.0,9.27,83.5,-7.0,24.7,25.1
989.956,83,109.0,1267.0,11.0,-1.0,9.27,83.5,-7.0,24.7,25.1
990.045,83,109.0,1267.0,11.0,0.0,9.27,83.5,-7.0,24.7,25.1
990.137,83,109.0,1267.0,11.0,0.0,13.66,83.5,-7.0,24.7,25.1
990.255,83,109.0,1267.0,11.0,0.0,13.66,83.5,-7.0,24.7,25.1
990.404,83,109.0,1267.0,11.0,0.0,13.66,83.5,-7.0,24.7,25.1
990.555,83,109.0,1267.0,11.0,0.0,13.66,83.5,-7.0,28.2,25.1
990.647,83,109.0,1267.0,11.0,0.0,13.66,83.5,-7.0,28.2,28.2
990.741,83,109.0,1267.0,11.0,0.0,13.66,83.5,-7.0,28.2,28.2
990.856,83,116.0,1267.0,11.0,0.0,13.66,83.5,-7.0,28.2,28.2
991.005,83,116.0,1470.0,11.0,0.0,13.66,83.5,-7.0,28.2,28.2
991.185,83,116.0,1470.0,13.0,0.0,13.66,83.5,-7.0,28.2,28.2
991.304,83,116.0,1470.0,13.0,1.0,13.66,83.5,-7.0,28.2,28.2
991.455,83,116.0,1470.0,13.0,1.0,16.66,83.5,-7.0,28.2,28.2
991.546,83,116.0,1470.0,13.0,1.0,16.66,83.5,-7.0,28.2,28.2
991.642,83,116.0,1470.0,13.0,1.0,16.66,83.5,-7.0,28.2,28.2
991.756,83,116.0,1470.0,13.0,1.0,16.66,83.5,-7.0,31.0,28.2
991.907,83,116.0,1470.0,13.0,1.0,16.66,83.5,-7.0,31.0,31.8
992.0,83,116.0,1470.0,13.0,1.0,16.66,83.5,-7.0,31.0,31.8
992.085,83,127.0,1470.0,13.0,1.0,16.66,83.5,-7.0,31.0,31.8
992.205,83,127.0,1622.0,13.0,1.0,16.66,83.5,-7.0,31.0,31.8
992.355,83,127.0,1622.0,14.0,1.0,16.66,83.5,-7.0,31.0,31.8
992.445,83,127.0,1622.0,14.0,1.0,16.66,83.5,-7.0,31.0,31.8
992.536,83,127.0,1622.0,14.0,1.0,20.66,83.5,-7.0,31.0,31.8
992.656,83,127.0,1622.0,14.0,1.0,20.66,83.5,-7.0,31.0,31.8
992.811,83,127.0,1622.0,14.0,1.0,20.66,83.5,-7.0,31.0,31.8
992.901,83,127.0,1622.0,14.0,1.0,20.66,83.5,-7.0,32.9,31.8
992.985,83,127.0,1622.0,14.0,1.0,20.66,83.5,-7.0,32.9,33.3
993.104,83,127.0,1622.0,14.0,1.0,20.66,83.5,-7.0,32.9,33.3
993.256,83,125.0,1622.0,14.0,1.0,20.66,83.5,-7.0,32.9,33.3
993.346,83,125.0,1770.0,14.0,1.0,20.66,83.5,-7.0,32.9,33.3
993.436,83,125.0,1770.0,15.0,1.0,20.66,83.5,-7.0,32.9,33.3
993.584,83,125.0,1770.0,15.0,2.0,20.66,83.5,-7.0,32.9,33.3
993.738,83,125.0,1770.0,15.0,2.0,19.16,83.5,-7.0,32.9,33.3
993.855,83,125.0,1770.0,15.0,2.0,19.16,83.5,-7.0,32.9,33.3
994.004,83,125.0,1770.0,15.0,2.0,19.16,83.5,-7.0,32.9,33.3
994.096,83,125.0,1770.0,15.0,2.0,19.16,83.5,-7.0,33.7,33.3
994.186,83,125.0,1770.0,15.0,2.0,19.16,83.5,-7.0,33.7,34.1
994.306,83,125.0,1770.0,15.0,2.0,19.16,83.5,-7.0,33.7,34.1
994.456,83,123.0,1770.0,15.0,2.0,19.16,83.5,-7.0,33.7,34.1
994.544,83,123.0,1777.0,15.0,2.0,19.16,83.5,-7.0,33.7,34.1
994.697,83,123.0,1777.0,15.0,2.0,19.16,83.5,-7.0,33.7,34.1
994.788,83,123.0,1777.0,15.0,2.0,19.16,83.5,-7.0,33.7,34.1
994.906,83,123.0,1777.0,15.0,2.0,19.61,83.5,-7.0,33.7,34.1
995.057,83,123.0,1777.0,15.0,2.0,19.61,83.5,-7.0,33.7,34.1
995.145,83,123.0,1777.0,15.0,2.0,19.61,83.5,-7.0,33.7,34.1
995.235,83,123.0,1777.0,15.0,2.0,19.61,83.5,-7.0,34.1,34.1
995.355,83,123.0,1777.0,15.0,2.0,19.61,83.5,-7.0,34.1,34.5
995.518,83,123.0,1777.0,15.0,2.0,19.61,83.5,-7.0,34.1,34.5
995.625,83,126.0,1777.0,15.0,2.0,19.61,83.5,-7.0,34.1,34.5
995.716,83,126.0,1816.0,15.0,2.0,19.61,83.5,-7.0,34.1,34.5
995.806,83,126.0,1816.0,16.0,2.0,19.61,83.5,-7.0,34.1,34.5
995.896,83,126.0,1816.0,16.0,2.0,19.61,83.5,-7.0,34.1,34.5
995.987,83,126.0,1816.0,16.0,2.0,20.36,83.5,-7.0,34.1,34.5
996.105,83,126.0,1816.0,16.0,2.0,20.36,83.5,-7.0,34.1,34.5
996.255,83,126.0,1816.0,16.0,2.0,20.36,83.5,-7.0,34.1,34.5
996.345,83,126.0,1816.0,16.0,2.0,20.36,83.5,-7.0,34.1,34.5
996.436,83,126.0,1816.0,16.0,2.0,20.36,83.5,-7.0,34.1,34.5
996.616,84,126.0,1816.0,16.0,2.0,20.36,83.5,-7.0,34.1,34.5
996.709,84,125.0,1816.0,16.0,2.0,20.36,83.5,-7.0,34.1,34.5
996.795,84,125.0,1792.0,16.0,2.0,20.36,83.5,-7.0,34.1,34.5
996.886,84,125.0,1792.0,16.0,2.0,20.36,83.5,-7.0,34.1,34.5
997.005,84,125.0,1792.0,16.0,2.0,20.36,83.5,-7.0,34.1,34.5
997.156,84,125.0,1792.0,16.0,2.0,19.77,83.5,-7.0,34.1,34.5
997.245,84,125.0,1792.0,16.0,2.0,19.77,83.5,-7.0,34.1,34.5
997.336,84,125.0,1792.0,16.0,2.0,19.77,83.5,-7.0,34.1,34.5
997.457,84,125.0,1792.0,16.0,2.0,19.77,83.5,-7.0,34.1,34.5
997.575,84,125.0,1792.0,16.0,2.0,19.77,83.5,-7.0,34.1,34.1
997.696,84,125.0,1792.0,16.0,2.0,19.77,83.5,-7.0,34.1,34.1
997.846,84,124.0,1792.0,16.0,2.0,19.77,83.5,-7.0,34.1,34.1
997.937,84,124.0,1826.0,16.0,2.0,19.77,83.5,-7.0,34.1,34.1
998.025,84,124.0,1826.0,16.0,2.0,19.77,83.5,-7.0,34.1,34.1
998.144,84,124.0,1826.0,16.0,2.0,19.77,83.5,-7.0,34.1,34.1
998.296,84,124.0,1826.0,16.0,2.0,20.11,83.5,-7.0,34.1,34.1
998.389,84,124.0,1826.0,16.0,2.0,20.11,83.5,-7.0,34.1,34.1
998.477,84,124.0,1826.0,16.0,2.0,20.11,83.5,-7.0,34.1,34.1
998.626,84,124.0,1826.0,16.0,2.0,20.11,83.5,-7.0,33.7,34.1
998.745,84,124.0,1826.0,16.0,2.0,20.11,83.5,-7.0,33.7,34.1
998.895,84,124.0,1826.0,16.0,2.0,20.11,83.5,-7.0,33.7,34.1
998.987,84,123.0,1826.0,16.0,2.0,20.11,83.5,-7.0,33.7,34.1
999.105,84,123.0,1807.0,16.0,2.0,20.11,83.5,-7.0,33.7,34.1
999.255,84,123.0,1807.0,16.0,2.0,20.11,83.5,-7.0,33.7,34.1
999.345,84,123.0,1807.0,16.0,2.0,20.11,83.5,-7.0,33.7,34.1
999.435,84,123.0,1807.0,16.0,2.0,19.24,83.5,-7.0,33.7,34.1
999.646,84,123.0,1807.0,16.0,2.0,19.24,83.5,-7.0,33.7,34.1
999.796,84,123.0,1807.0,16.0,2.0,19.24,83.5,-7.0,33.7,34.1
999.886,84,123.0,1807.0,16.0,2.0,19.24,83.5,-7.0,33.3,34.1
999.98,84,123.0,1807.0,16.0,2.0,19.24,83.5,-7.0,33.3,33.3
1000.096,84,123.0,1807.0,16.0,2.0,19.24,83.5,-7.0,33.3,33.3
1000.244,84,122.0,1807.0,16.0,2.0,19.24,83.5,-7.0,33.3,33.3
1000.335,84,122.0,1760.0,16.0,2.0,19.24,83.5,-7.0,33.3,33.3
1000.425,84,122.0,1760.0,16.0,2.0,19.24,83.5,-7.0,33.3,33.3
1000.545,84,122.0,1760.0,16.0,2.0,19.24,83.5,-7.0,33.3,33.3
1000.665,84,122.0,1760.0,16.0,2.0,18.94,83.5,-7.0,33.3,33.3
1000.755,84,122.0,1760.0,16.0,2.0,18.94,83.5,-7.0,33.3,33.3
1000.845,84,122.0,1760.0,16.0,2.0,18.94,83.5,-7.0,33.3,33.3
1000.937,84,122.0,1760.0,16.0,2.0,18.94,83.5,-7.0,32.9,33.3
1001.027,84,122.0,1760.0,16.0,2.0,18.94,83.5,-7.0,32.9,33.3
1001.144,84,122.0,1760.0,16.0,2.0,18.94,83.5,-7.0,32.9,33.3
1001.295,84,121.0,1760.0,16.0,2.0,18.94,83.5,-7.0,32.9,33.3
1001.385,84,121.0,1721.0,16.0,2.0,18.94,83.5,-7.0,32.9,33.3
1001.476,84,121.0,1721.0,15.0,2.0,18.94,83.5,-7.0,32.9,33.3
1001.627,84,121.0,1721.0,15.0,1.0,18.94,83.5,-7.0,32.9,33.3
1001.745,84,121.0,1721.0,15.0,1.0,16.52,83.5,-7.0,32.9,33.3
1001.896,84,121.0,1721.0,15.0,1.0,16.52,83.5,-7.0,32.9,33.3
1001.99,84,121.0,1721.0,15.0,1.0,16.52,83.5,-7.0,32.9,33.3
1002.075,84,121.0,1721.0,15.0,1.0,16.52,83.5,-7.0,29.4,33.3
1002.255,84,121.0,1721.0,15.0,1.0,16.52,83.5,-7.0,29.4,29.4
1002.345,84,121.0,1721.0,15.0,1.0,16.52,83.5,-7.0,29.4,29.4
1002.435,84,114.0,1721.0,15.0,1.0,16.52,83.5,-7.0,29.4,29.4
1002.525,84,114.0,1566.0,15.0,1.0,16.52,83.5,-7.0,29.4,29.4
1002.644,84,114.0,1566.0,14.0,1.0,16.52,83.5,-7.0,29.4,29.4
1002.735,84,114.0,1566.0,14.0,0.0,16.52,83.5,-7.0,29.4,29.4
1002.825,84,114.0,1566.0,14.0,0.0,12.36,83.5,-7.0,29.4,29.4
1002.945,84,114.0,1566.0,14.0,0.0,12.36,83.5,-7.0,29.4,29.4
1003.095,84,114.0,1566.0,14.0,0.0,12.36,83.5,-7.0,29.4,29.4
1003.275,84,114.0,1566.0,14.0,0.0,12.36,83.5,-7.0,29.0,29.4
1003.395,84,114.0,1566.0,14.0,0.0,12.36,83.5,-7.0,29.0,29.0
1003.546,84,114.0,1566.0,14.0,0.0,12.36,83.5,-7.0,29.0,29.0
1003.609,84,110.0,1566.0,14.0,0.0,12.36,83.5,-7.0,29.0,29.0
1003.756,84,110.0,1435.0,14.0,0.0,12.36,83.5,-7.0,29.0,29.0
1003.847,84,110.0,1435.0,12.0,0.0,12.36,83.5,-7.0,29.0,29.0
1003.937,84,110.0,1435.0,12.0,0.0,12.36,83.5,-7.0,29.0,29.0
1004.027,84,110.0,1435.0,12.0,0.0,11.72,83.5,-7.0,29.0,29.0
1004.144,84,110.0,1435.0,12.0,0.0,11.72,83.5,-7.0,29.0,29.0
1004.295,84,110.0,1435.0,12.0,0.0,11.72,83.5,-7.0,29.0,29.0
1004.386,84,110.0,1435.0,12.0,0.0,11.72,83.5,-7.0,14.1,29.0
1004.476,84,110.0,1435.0,12.0,0.0,11.72,83.5,-7.0,14.1,14.5
1004.656,84,110.0,1435.0,12.0,0.0,11.72,83.5,-7.0,14.1,14.5
1004.804,84,108.0,1435.0,12.0,0.0,11.72,83.5,-7.0,14.1,14.5
1004.897,84,108.0,1052.0,12.0,0.0,11.72,83.5,-7.0,14.1,14.5
1004.985,84,108.0,1052.0,10.0,0.0,11.72,83.5,-7.0,14.1,14.5
1005.105,84,108.0,1052.0,10.0,-2.0,11.72,83.5,-7.0,14.1,14.5
1005.254,84,108.0,1052.0,10.0,-2.0,9.24,83.5,-7.0,14.1,14.5
1005.345,84,108.0,1052.0,10.0,-2.0,9.24,83.5,-7.0,14.1,14.5
1005.437,84,108.0,1052.0,10.0,-2.0,9.24,83.5,-7.0,14.1,14.5
1005.528,84,108.0,1052.0,10.0,-2.0,9.24,83.5,-7.0,14.1,14.5
1005.616,84,108.0,1052.0,10.0,-2.0,9.24,83.5,-7.0,14.1,15.7
1005.765,84,108.0,1052.0,10.0,-2.0,9.24,83.5,-7.0,14.1,15.7
1005.857,84,108.0,1052.0,10.0,-2.0,9.24,83.5,-7.0,14.1,15.7
1006.01,84,108.0,1059.0,10.0,-2.0,9.24,83.5,-7.0,14.1,15.7
1006.095,84,108.0,1059.0,5.0,-2.0,9.24,83.5,-7.0,14.1,15.7
1006.185,84,108.0,1059.0,5.0,-3.0,9.24,83.5,-7.0,14.1,15.7
1006.305,84,108.0,1059.0,5.0,-3.0,9.13,83.5,-7.0,14.1,15.7
1006.455,84,108.0,1059.0,5.0,-3.0,9.13,83.5,-7.0,14.1,15.7
1006.546,84,108.0,1059.0,5.0,-3.0,9.13,83.5,-7.0,14.1,15.7
1006.605,84,108.0,1059.0,5.0,-3.0,9.13,83.5,-7.0,20.8,15.7
1006.697,84,108.0,1059.0,5.0,-3.0,9.13,83.5,-7.0,20.8,20.4
1006.789,84,108.0,1059.0,5.0,-3.0,9.13,83.5,-7.0,20.8,20.4
1006.907,84,108.0,1059.0,5.0,-3.0,9.13,83.5,-7.0,20.8,20.4
1006.996,84,108.0,1123.0,5.0,-3.0,9.13,83.5,-7.0,20.8,20.4
1007.086,84,108.0,1123.0,3.0,-3.0,9.13,83.5,-7.0,20.8,20.4
1007.175,84,108.0,1123.0,3.0,-3.0,9.13,83.5,-7.0,20.8,20.4
1007.294,84,108.0,1123.0,3.0,-3.0,8.99,83.5,-7.0,20.8,20.4
1007.444,84,108.0,1123.0,3.0,-3.0,8.99,83.5,-7.0,20.8,20.4
1007.535,84,108.0,1123.0,3.0,-3.0,8.99,83.5,-7.0,20.8,20.4
1007.625,84,108.0,1123.0,3.0,-3.0,8.99,83.5,-7.0,20.0,20.4
1007.777,84,108.0,1123.0,3.0,-3.0,8.99,83.5,-7.0,20.0,19.6
1007.897,84,108.0,1123.0,3.0,-3.0,8.99,83.5,-7.0,20.0,19.6
1008.045,84,107.0,1123.0,3.0,-3.0,8.99,83.5,-7.0,20.0,19.6
1008.136,84,107.0,1048.0,3.0,-3.0,8.99,83.5,-7.0,20.0,19.6
1008.226,84,107.0,1048.0,3.0,-3.0,8.99,83.5,-7.0,20.0,19.6
1008.345,84,107.0,1048.0,3.0,-3.0,8.99,83.5,-7.0,20.0,19.6
1008.494,84,107.0,1048.0,3.0,-3.0,8.13,83.5,-7.0,20.0,19.6
1008.585,84,107.0,1048.0,3.0,-3.0,8.13,83.5,-7.0,20.0,19.6
1008.705,84,107.0,1048.0,3.0,-3.0,8.13,83.5,-7.0,20.0,19.6
1008.824,84,107.0,1048.0,3.0,-3.0,8.13,83.5,-7.0,14.1,19.6
1008.946,84,107.0,1048.0,3.0,-3.0,8.13,83.5,-7.0,14.1,14.5
1009.095,84,107.0,1048.0,3.0,-3.0,8.13,83.5,-7.0,14.1,14.5
1009.185,84,108.0,1048.0,3.0,-3.0,8.13,83.5,-7.0,14.1,14.5
1009.279,84,108.0,1061.0,3.0,-3.0,8.13,83.5,-7.0,14.1,14.5
1009.395,84,108.0,1061.0,2.0,-3.0,8.13,83.5,-7.0,14.1,14.5
1009.547,84,108.0,1061.0,2.0,-4.0,8.13,83.5,-7.0,14.1,14.5
1009.636,84,108.0,1061.0,2.0,-4.0,8.49,83.5,-7.0,14.1,14.5
1009.785,84,108.0,1061.0,2.0,-4.0,8.49,83.5,-7.0,14.1,14.5
1009.904,84,108.0,1061.0,2.0,-4.0,8.49,83.5,-7.0,14.1,14.5
1010.055,84,108.0,1061.0,2.0,-4.0,8.49,83.5,-7.0,18.4,14.5
1010.146,84,108.0,1061.0,2.0,-4.0,8.49,83.5,-7.0,18.4,18.4
1010.235,84,108.0,1061.0,2.0,-4.0,8.49,83.5,-7.0,18.4,18.4
1010.325,84,108.0,1061.0,2.0,-4.0,8.49,83.5,-7.0,18.4,18.4
1010.445,84,108.0,1005.0,2.0,-4.0,8.49,83.5,-7.0,18.4,18.4
1010.655,84,108.0,1005.0,1.0,-4.0,8.49,83.5,-7.0,18.4,18.4
1010.747,84,108.0,1005.0,1.0,-3.0,8.49,83.5,-7.0,18.4,18.4
1010.866,84,108.0,1005.0,1.0,-3.0,7.83,83.5,-7.0,18.4,18.4
1011.015,84,108.0,1005.0,1.0,-3.0,7.83,83.5,-7.0,18.4,18.4
1011.135,84,108.0,1005.0,1.0,-3.0,7.83,83.5,-7.0,18.4,18.4
1011.284,84,108.0,1005.0,1.0,-3.0,7.83,83.5,-7.0,18.4,18.4
1011.376,84,108.0,1005.0,1.0,-3.0,7.83,83.5,-7.0,18.4,18.0
1011.496,84,108.0,1005.0,1.0,-3.0,7.83,83.5,-7.0,18.4,18.0
1011.617,84,108.0,1005.0,1.0,-3.0,7.83,83.5,-7.0,18.4,18.0
1011.706,84,108.0,1011.0,1.0,-3.0,7.83,83.5,-7.0,18.4,18.0
1011.854,84,108.0,1011.0,1.0,-3.0,7.83,83.5,-7.0,18.4,18.0
1011.946,84,108.0,1011.0,1.0,-4.0,7.83,83.5,-7.0,18.4,18.0
1012.064,84,108.0,1011.0,1.0,-4.0,8.13,83.5,-7.0,18.4,18.0
1012.214,84,108.0,1011.0,1.0,-4.0,8.13,83.5,-7.0,18.4,18.0
1012.335,84,108.0,1011.0,1.0,-4.0,8.13,83.5,-7.0,18.4,18.0
1012.485,84,108.0,1011.0,1.0,-4.0,8.13,83.5,-7.0,14.1,18.0
1012.576,84,108.0,1011.0,1.0,-4.0,8.13,83.5,-7.0,14.1,14.5
1012.695,84,108.0,1011.0,1.0,-4.0,8.13,83.5,-7.0,14.1,14.5
1012.785,84,106.0,1011.0,1.0,-4.0,8.13,83.5,-7.0,14.1,14.5
1012.876,84,106.0,1106.0,1.0,-4.0,8.13,83.5,-7.0,14.1,14.5
1012.966,84,106.0,1106.0,1.0,-4.0,8.13,83.5,-7.0,14.1,14.5
1013.084,84,106.0,1106.0,1.0,-3.0,8.13,83.5,-7.0,14.1,14.5
1013.234,84,106.0,1106.0,1.0,-3.0,9.63,83.5,-7.0,14.1,14.5
1013.324,84,106.0,1106.0,1.0,-3.0,9.63,83.5,-7.0,14.1,14.5
1013.415,84,106.0,1106.0,1.0,-3.0,9.63,83.5,-7.0,14.1,14.5
1013.535,84,106.0,1106.0,1.0,-3.0,9.63,83.5,-7.0,17.6,14.5
1013.684,84,106.0,1106.0,1.0,-3.0,9.63,83.5,-7.0,17.6,17.6
1013.835,84,106.0,1106.0,1.0,-3.0,9.63,83.5,-7.0,17.6,17.6
1013.927,84,105.0,1106.0,1.0,-3.0,9.63,83.5,-7.0,17.6,17.6
1014.104,84,105.0,995.0,1.0,-3.0,9.63,83.5,-7.0,17.6,17.6
1014.195,84,105.0,995.0,0.0,-3.0,9.63,83.5,-7.0,17.6,17.6
1014.286,84,105.0,995.0,0.0,-2.0,9.63,83.5,-7.0,17.6,17.6
1014.375,84,105.0,995.0,0.0,-2.0,8.13,83.5,-7.0,17.6,17.6
1014.465,84,105.0,995.0,0.0,-2.0,8.13,83.5,-7.0,17.6,17.6
1014.584,84,105.0,995.0,0.0,-2.0,8.13,83.5,-7.0,17.6,17.6
1014.704,84,105.0,995.0,0.0,-2.0,8.13,83.5,-7.0,17.6,17.6
1014.859,84,105.0,995.0,0.0,-2.0,8.13,83.5,-7.0,17.6,17.3
1014.945,84,105.0,995.0,0.0,-2.0,8.13,83.5,-7.0,17.6,17.3
1015.036,84,107.0,995.0,0.0,-2.0,8.13,83.5,-7.0,17.6,17.3
1015.125,84,107.0,1016.0,0.0,-2.0,8.13,83.5,-7.0,17.6,17.3
1015.215,84,107.0,1016.0,2.0,-2.0,8.13,83.5,-7.0,17.6,17.3
1015.335,84,107.0,1016.0,2.0,-4.0,8.13,83.5,-7.0,17.6,17.3
1015.484,84,107.0,1016.0,2.0,-4.0,8.19,83.5,-7.0,17.6,17.3
1015.575,84,107.0,1016.0,2.0,-4.0,8.19,83.5,-7.0,17.6,17.3
1015.665,84,107.0,1016.0,2.0,-4.0,8.19,83.5,-7.0,17.6,17.3
1015.815,84,107.0,1016.0,2.0,-4.0,8.19,83.5,-7.0,17.6,17.3
1015.934,84,107.0,1016.0,2.0,-4.0,8.19,83.5,-7.0,17.6,16.9
1016.085,84,107.0,1016.0,2.0,-4.0,8.19,83.5,-7.0,17.6,16.9
1016.176,84,108.0,1016.0,2.0,-4.0,8.19,83.5,-7.0,17.6,16.9
1016.267,84,108.0,1016.0,2.0,-4.0,8.19,83.5,-7.0,17.6,16.9
1016.384,84,108.0,1016.0,4.0,-4.0,8.19,83.5,-7.0,17.6,16.9
1016.535,84,108.0,1016.0,4.0,-4.0,8.19,83.5,-7.0,17.6,16.9
1016.688,84,108.0,1016.0,4.0,-4.0,8.08,83.5,-7.0,17.6,16.9
1016.776,84,108.0,1016.0,4.0,-4.0,8.08,83.5,-7.0,17.6,16.9
1016.868,84,108.0,1016.0,4.0,-4.0,8.08,83.5,-7.0,17.6,16.9
1016.986,84,108.0,1016.0,4.0,-4.0,8.08,83.5,-7.0,17.6,16.9
1017.135,84,108.0,1016.0,4.0,-4.0,8.08,83.5,-7.0,17.6,18.0
1017.225,84,108.0,1016.0,4.0,-4.0,8.08,83.5,-7.0,17.6,18.0
1017.315,84,110.0,1016.0,4.0,-4.0,8.08,83.5,-7.0,17.6,18.0
1017.434,84,110.0,985.0,4.0,-4.0,8.08,83.5,-7.0,17.6,18.0
1017.615,84,110.0,985.0,9.0,-4.0,8.08,83.5,-7.0,17.6,18.0
1017.735,84,110.0,985.0,9.0,-3.0,8.08,83.5,-7.0,17.6,18.0
1017.858,84,110.0,985.0,9.0,-3.0,12.91,83.5,-7.0,17.6,18.0
1017.976,84,110.0,985.0,9.0,-3.0,12.91,83.5,-7.0,17.6,18.0
1018.066,84,110.0,985.0,9.0,-3.0,12.91,83.5,-7.0,17.6,18.0
1018.184,84,110.0,985.0,9.0,-3.0,12.91,83.5,-7.0,29.8,18.0
1018.334,84,110.0,985.0,9.0,-3.0,12.91,83.5,-7.0,29.8,32.9
1018.425,84,110.0,985.0,9.0,-3.0,12.91,83.5,-7.0,29.8,32.9
1018.518,84,120.0,985.0,9.0,-3.0,12.91,83.5,-7.0,29.8,32.9
1018.636,84,120.0,1604.0,9.0,-3.0,12.91,83.5,-7.0,29.8,32.9
1018.785,84,120.0,1604.0,14.0,-3.0,12.91,83.5,-7.0,29.8,32.9
1018.877,84,120.0,1604.0,14.0,3.0,12.91,83.5,-7.0,29.8,32.9
1018.969,84,120.0,1604.0,14.0,3.0,23.02,83.5,-7.0,29.8,32.9
1019.084,84,120.0,1604.0,14.0,3.0,23.02,83.5,-7.0,29.8,32.9
1019.234,84,120.0,1604.0,14.0,3.0,23.02,83.5,-7.0,29.8,32.9
1019.325,84,120.0,1604.0,14.0,3.0,23.02,83.5,-7.0,19.2,32.9
1019.415,84,120.0,1604.0,14.0,3.0,23.02,83.5,-7.0,19.2,14.5
1019.534,84,120.0,1604.0,14.0,3.0,23.02,83.5,-7.0,19.2,14.5
1019.744,84,104.0,1604.0,14.0,3.0,23.02,83.5,-7.0,19.2,14.5
1019.837,84,104.0,1433.0,14.0,3.0,23.02,83.5,-7.0,19.2,14.5
1019.927,84,104.0,1433.0,17.0,3.0,23.02,83.5,-7.0,19.2,14.5
1020.015,84,104.0,1433.0,17.0,4.0,23.02,83.5,-7.0,19.2,14.5
1020.134,84,104.0,1433.0,17.0,4.0,20.24,83.5,-7.0,19.2,14.5
1020.285,84,104.0,1433.0,17.0,4.0,20.24,59.6,-7.0,19.2,14.5
1020.375,84,104.0,1433.0,17.0,4.0,20.24,59.6,-7.0,19.2,14.5
1020.494,84,104.0,1433.0,17.0,4.0,20.24,59.6,-7.0,14.1,14.5
1020.615,84,104.0,1433.0,17.0,4.0,20.24,59.6,-7.0,14.1,14.5
1020.765,84,104.0,1433.0,17.0,4.0,20.24,59.6,-7.0,14.1,14.5
1020.885,84,107.0,1433.0,17.0,4.0,20.24,59.6,-7.0,14.1,14.5
1020.946,84,107.0,1094.0,17.0,4.0,20.24,59.6,-7.0,14.1,14.5
1021.094,84,107.0,1094.0,17.0,4.0,20.24,59.6,-7.0,14.1,14.5
1021.186,84,107.0,1094.0,17.0,0.0,20.24,59.6,-7.0,14.1,14.5
1021.275,84,107.0,1094.0,17.0,0.0,9.66,59.6,-7.0,14.1,14.5
1021.365,84,107.0,1094.0,17.0,0.0,9.66,83.5,-7.0,14.1,14.5
1021.484,84,107.0,1094.0,17.0,0.0,9.66,83.5,-7.0,14.1,14.5
1021.604,84,107.0,1094.0,17.0,0.0,9.66,83.5,-7.0,14.1,14.5
1021.725,84,107.0,1094.0,17.0,0.0,9.66,83.5,-7.0,14.1,14.5
1021.819,84,107.0,1094.0,17.0,0.0,9.66,83.5,-7.0,14.1,14.5
1021.994,84,108.0,1094.0,17.0,0.0,9.66,83.5,-7.0,14.1,14.5
1022.086,84,108.0,1051.0,17.0,0.0,9.66,83.5,-7.0,14.1,14.5
1022.175,84,108.0,1051.0,17.0,0.0,9.66,83.5,-7.0,14.1,14.5
1022.265,84,108.0,1051.0,17.0,-1.0,9.66,83.5,-7.0,14.1,14.5
1022.385,84,108.0,1051.0,17.0,-1.0,8.83,83.5,-7.0,14.1,14.5
1022.536,84,108.0,1051.0,17.0,-1.0,8.83,83.5,-7.0,14.1,14.5
1022.685,84,108.0,1051.0,17.0,-1.0,8.83,83.5,-7.0,14.1,14.5
1022.835,84,108.0,1051.0,17.0,-1.0,8.83,83.5,-7.0,14.1,14.5
1022.927,84,108.0,1051.0,17.0,-1.0,8.83,83.5,-7.0,14.1,14.5
1023.02,84,108.0,1051.0,17.0,-1.0,8.83,83.5,-7.0,14.1,14.5
1023.135,84,107.0,1051.0,17.0,-1.0,8.83,83.5,-7.0,14.1,14.5
1023.284,84,107.0,1039.0,17.0,-1.0,8.83,83.5,-7.0,14.1,14.5
1023.375,84,107.0,1039.0,16.0,-1.0,8.83,83.5,-7.0,14.1,14.5
1023.466,84,107.0,1039.0,16.0,-2.0,8.83,83.5,-7.0,14.1,14.5
1023.584,84,107.0,1039.0,16.0,-2.0,8.88,83.5,-7.0,14.1,14.5
1023.736,84,107.0,1039.0,16.0,-2.0,8.88,83.5,-7.0,14.1,14.5
1023.887,84,107.0,1039.0,16.0,-2.0,8.88,83.5,-7.0,14.1,14.5
1023.947,84,107.0,1039.0,16.0,-2.0,8.88,83.5,-7.0,14.1,14.5
1024.094,84,107.0,1039.0,16.0,-2.0,8.88,83.5,-7.0,14.1,14.5
1024.185,84,107.0,1039.0,16.0,-2.0,8.88,83.5,-7.0,14.1,14.5
1024.274,84,107.0,1039.0,16.0,-2.0,8.88,83.5,-7.0,14.1,14.5
1024.365,84,107.0,1039.0,16.0,-2.0,8.88,83.5,-7.0,14.1,14.5
1024.484,84,107.0,1039.0,14.0,-2.0,8.88,83.5,-7.0,14.1,14.5
1024.634,84,107.0,1039.0,14.0,-2.0,8.88,83.5,-7.0,14.1,14.5
1024.787,84,107.0,1039.0,14.0,-2.0,8.97,83.5,-7.0,14.1,14.5
1024.875,84,107.0,1039.0,14.0,-2.0,8.97,83.5,-7.0,14.1,14.5
1024.976,84,107.0,1039.0,14.0,-2.0,8.97,83.5,-7.0,14.1,14.5
1025.084,84,107.0,1039.0,14.0,-2.0,8.97,83.5,-7.0,14.1,14.5
1025.234,84,107.0,1039.0,14.0,-2.0,8.97,83.5,-7.0,14.1,14.5
1025.325,84,107.0,1039.0,14.0,-2.0,8.97,83.5,-7.0,14.1,14.5
1025.416,84,107.0,1039.0,14.0,-2.0,8.97,83.5,-7.0,14.1,14.5
1025.534,84,107.0,1039.0,14.0,-2.0,8.97,83.5,-7.0,14.1,14.5
1025.684,84,107.0,1039.0,13.0,-2.0,8.97,83.5,-7.0,14.1,14.5
1025.834,84,107.0,1039.0,13.0,-2.0,8.97,83.5,-7.0,14.1,14.5
1025.928,84,107.0,1039.0,13.0,-2.0,8.8,83.5,-7.0,14.1,14.5
1026.015,84,107.0,1039.0,13.0,-2.0,8.8,83.5,-7.0,14.1,14.5
1026.134,84,107.0,1039.0,13.0,-2.0,8.8,83.5,-7.0,14.1,14.5
1026.284,84,107.0,1039.0,13.0,-2.0,8.8,83.5,-7.0,14.1,14.5
1026.375,84,107.0,1039.0,13.0,-2.0,8.8,83.5,-7.0,14.1,14.5
1026.465,84,107.0,1039.0,13.0,-2.0,8.8,83.5,-7.0,14.1,14.5
1026.555,84,107.0,1039.0,13.0,-2.0,8.8,83.5,-7.0,14.1,14.5
1026.675,84,107.0,1039.0,13.0,-2.0,8.8,83.5,-7.0,14.1,14.5
1026.77,84,107.0,1039.0,13.0,-2.0,8.8,83.5,-7.0,14.1,14.5
1026.855,84,107.0,1039.0,13.0,-2.0,8.8,83.5,-7.0,14.1,14.5
1027.124,84,107.0,1039.0,13.0,-2.0,8.8,83.5,-7.0,14.1,14.5
1027.215,84,107.0,1039.0,13.0,-2.0,8.8,83.5,-7.0,14.1,14.5
1027.305,84,107.0,1039.0,13.0,-2.0,8.8,83.5,-7.0,14.1,14.5
1027.424,84,107.0,1039.0,13.0,-2.0,8.8,83.5,-7.0,14.1,14.5
1027.574,84,107.0,1039.0,13.0,-2.0,8.8,83.5,-7.0,14.1,14.5
1027.664,84,107.0,1039.0,13.0,-2.0,8.8,83.5,-7.0,14.1,14.5
1027.814,84,107.0,1039.0,13.0,-2.0,8.8,83.5,-7.0,14.1,14.5
1027.935,84,107.0,1039.0,13.0,-2.0,8.8,83.5,-7.0,14.1,14.5
1028.084,84,107.0,1039.0,13.0,-2.0,8.8,83.5,-7.0,14.1,14.5
1028.175,84,107.0,1039.0,13.0,-2.0,8.8,83.5,-7.0,14.1,14.5
1028.265,84,107.0,1039.0,13.0,-2.0,9.13,83.5,-7.0,14.1,14.5
1028.356,84,107.0,1039.0,13.0,-2.0,9.13,83.5,-7.0,14.1,14.5
1028.475,84,107.0,1039.0,13.0,-2.0,9.13,83.5,-7.0,14.1,14.5
1028.685,84,107.0,1039.0,13.0,-2.0,9.13,83.5,-7.0,14.1,14.5
1028.776,84,107.0,1039.0,13.0,-2.0,9.13,83.5,-7.0,14.1,14.5
1028.867,84,107.0,1039.0,13.0,-2.0,9.13,83.5,-7.0,14.1,14.5
1028.959,84,107.0,1039.0,13.0,-2.0,9.13,83.5,-7.0,14.1,14.5
1029.074,84,107.0,1039.0,13.0,-2.0,9.13,83.5,-7.0,14.1,14.5
1029.224,84,107.0,1039.0,13.0,-2.0,9.13,83.5,-7.0,14.1,14.5
1029.316,84,107.0,1039.0,13.0,-1.0,9.13,83.5,-7.0,14.1,14.5
1029.434,84,107.0,1039.0,13.0,-1.0,8.83,83.5,-7.0,14.1,14.5
1029.584,84,107.0,1039.0,13.0,-1.0,8.83,83.5,-7.0,14.1,14.5
1029.647,84,107.0,1039.0,13.0,-1.0,8.83,83.5,-7.0,14.1,14.5
1029.739,84,107.0,1039.0,13.0,-1.0,8.83,83.5,-7.0,14.1,14.5
1029.826,84,107.0,1039.0,13.0,-1.0,8.83,83.5,-7.0,14.1,14.5
1029.917,84,107.0,1039.0,13.0,-1.0,8.83,83.5,-7.0,14.1,14.5
1030.007,84,107.0,1039.0,13.0,-1.0,8.83,83.5,-7.0,14.1,14.5
1030.184,84,107.0,1038.0,13.0,-1.0,8.83,83.5,-7.0,14.1,14.5
1030.275,84,107.0,1038.0,11.0,-1.0,8.83,83.5,-7.0,14.1,14.5
1030.365,84,107.0,1038.0,11.0,-1.0,8.83,83.5,-7.0,14.1,14.5
1030.455,84,107.0,1038.0,11.0,-1.0,9.08,83.5,-7.0,14.1,14.5
1030.574,84,107.0,1038.0,11.0,-1.0,9.08,83.5,-7.0,14.1,14.5
1030.754,84,107.0,1038.0,11.0,-1.0,9.08,83.5,-7.0,14.1,14.5
1030.875,84,107.0,1038.0,11.0,-1.0,9.08,83.5,-7.0,14.1,14.5
1031.024,84,107.0,1038.0,11.0,-1.0,9.08,83.5,-7.0,14.1,14.5
1031.115,84,107.0,1038.0,11.0,-1.0,9.08,83.5,-7.0,14.1,14.5
1031.206,84,107.0,1038.0,11.0,-1.0,9.08,83.5,-7.0,14.1,14.5
1031.325,84,107.0,1041.0,11.0,-1.0,9.08,83.5,-7.0,14.1,14.5
1031.474,84,107.0,1041.0,8.0,-1.0,9.08,83.5,-7.0,14.1,14.5
1031.565,84,107.0,1041.0,8.0,-1.0,9.08,83.5,-7.0,14.1,14.5
1031.66,84,107.0,1041.0,8.0,-1.0,9.02,83.5,-7.0,14.1,14.5
1031.745,84,107.0,1041.0,8.0,-1.0,9.02,83.5,-7.0,14.1,14.5
1031.835,84,107.0,1041.0,8.0,-1.0,9.02,83.5,-7.0,14.1,14.5
1031.985,84,107.0,1041.0,8.0,-1.0,9.02,83.5,-7.0,14.1,14.5
1032.075,84,107.0,1041.0,8.0,-1.0,9.02,83.5,-7.0,14.1,14.5
1032.166,84,107.0,1041.0,8.0,-1.0,9.02,83.5,-7.0,14.1,14.5
1032.255,84,107.0,1041.0,8.0,-1.0,9.02,83.5,-7.0,14.1,14.5
1032.374,84,107.0,1040.0,8.0,-1.0,9.02,83.5,-7.0,14.1,14.5
1032.524,84,107.0,1040.0,5.0,-1.0,9.02,83.5,-7.0,14.1,14.5
1032.617,84,107.0,1040.0,5.0,-1.0,9.02,83.5,-7.0,14.1,14.5
1032.704,84,107.0,1040.0,5.0,-1.0,8.94,83.5,-7.0,14.1,14.5
1032.796,84,107.0,1040.0,5.0,-1.0,8.94,83.5,-7.0,14.1,14.5
1032.944,84,107.0,1040.0,5.0,-1.0,8.94,83.5,-7.0,14.1,14.5
1033.034,84,107.0,1040.0,5.0,-1.0,8.94,83.5,-7.0,14.1,14.5
1033.155,84,107.0,1040.0,5.0,-1.0,8.94,83.5,-7.0,14.1,14.5
1033.274,84,107.0,1040.0,5.0,-1.0,8.94,83.5,-7.0,14.1,14.5
1033.425,84,107.0,1040.0,5.0,-1.0,8.94,83.5,-7.0,14.1,14.5
1033.516,84,107.0,1040.0,5.0,-1.0,8.94,83.5,-7.0,14.1,14.5
1033.605,84,107.0,1040.0,2.0,-1.0,8.94,83.5,-7.0,14.1,14.5
1033.694,84,107.0,1040.0,2.0,-1.0,8.94,83.5,-7.0,14.1,14.5
1033.785,84,107.0,1040.0,2.0,-1.0,9.05,83.5,-7.0,14.1,14.5
1033.935,84,107.0,1040.0,2.0,-1.0,9.05,83.5,-7.0,14.1,14.5
1034.025,84,107.0,1040.0,2.0,-1.0,9.05,83.5,-7.0,14.1,14.5
1034.115,84,107.0,1040.0,2.0,-1.0,9.05,83.5,-7.0,14.1,14.5
1034.205,84,107.0,1040.0,2.0,-1.0,9.05,83.5,-7.0,14.1,14.5
1034.325,84,107.0,1040.0,2.0,-1.0,9.05,83.5,-7.0,14.1,14.5
1034.475,84,107.0,1040.0,2.0,-1.0,9.05,83.5,-7.0,14.1,14.5
1034.566,84,107.0,1040.0,2.0,-1.0,9.05,83.5,-7.0,14.1,14.5
1034.717,84,107.0,1040.0,1.0,-1.0,9.05,83.5,-7.0,14.1,14.5
1034.809,84,107.0,1040.0,1.0,-1.0,9.05,83.5,-7.0,14.1,14.5
1034.926,84,107.0,1040.0,1.0,-1.0,8.97,83.5,-7.0,14.1,14.5
1035.074,84,107.0,1040.0,1.0,-1.0,8.97,83.5,-7.0,14.1,14.5
1035.165,84,107.0,1040.0,1.0,-1.0,8.97,83.5,-7.0,14.1,14.5
1035.254,84,107.0,1040.0,1.0,-1.0,8.97,83.5,-7.0,14.1,14.5
1035.375,84,107.0,1040.0,1.0,-1.0,8.97,83.5,-7.0,14.1,14.5
1035.524,84,107.0,1040.0,1.0,-1.0,8.97,83.5,-7.0,14.1,14.5
1035.68,84,107.0,1040.0,1.0,-1.0,8.97,83.5,-7.0,14.1,14.5
1035.736,84,107.0,1040.0,1.0,-1.0,8.97,83.5,-7.0,14.1,14.5
1035.885,84,107.0,1040.0,1.0,-1.0,8.97,83.5,-7.0,14.1,14.5
1035.981,84,107.0,1040.0,1.0,-1.0,8.97,83.5,-7.0,14.1,14.5
1036.065,84,107.0,1040.0,1.0,-1.0,8.83,83.5,-7.0,14.1,14.5
1036.185,84,107.0,1040.0,1.0,-1.0,8.83,83.5,-7.0,14.1,14.5
1036.334,84,107.0,1040.0,1.0,-1.0,8.83,83.5,-7.0,14.1,14.5
1036.425,84,107.0,1040.0,1.0,-1.0,8.83,83.5,-7.0,14.1,14.5
1036.515,84,107.0,1040.0,1.0,-1.0,8.83,83.5,-7.0,14.1,14.5
1036.605,84,107.0,1040.0,1.0,-1.0,8.83,83.5,-7.0,14.1,14.5
1036.695,84,107.0,1040.0,1.0,-1.0,8.83,83.5,-7.0,14.1,14.5
1036.845,84,107.0,1040.0,1.0,-1.0,8.83,83.5,-7.0,14.1,14.5
1036.937,84,107.0,1040.0,0.0,-1.0,8.83,83.5,-7.0,14.1,14.5
1037.026,84,107.0,1040.0,0.0,-1.0,8.83,83.5,-7.0,14.1,14.5
1037.115,84,107.0,1040.0,0.0,-1.0,9.08,83.5,-7.0,14.1,14.5
1037.205,84,107.0,1040.0,0.0,-1.0,9.08,83.5,-7.0,14.1,14.5
1037.326,84,107.0,1040.0,0.0,-1.0,9.08,83.5,-7.0,14.1,14.5
1037.475,84,107.0,1040.0,0.0,-1.0,9.08,83.5,-7.0,14.1,14.5
1037.566,84,107.0,1040.0,0.0,-1.0,9.08,83.5,-7.0,14.1,14.5
1037.685,84,107.0,1040.0,0.0,-1.0,9.08,83.5,-7.0,14.1,14.5
1037.747,84,107.0,1040.0,0.0,-1.0,9.08,83.5,-7.0,14.1,14.5
1037.836,84,107.0,1040.0,0.0,-1.0,9.08,83.5,-7.0,14.1,14.5
1037.984,84,107.0,1040.0,0.0,-1.0,9.08,83.5,-7.0,14.1,14.5
1038.075,84,107.0,1040.0,0.0,-1.0,9.08,83.5,-7.0,14.1,14.5
1038.165,84,107.0,1040.0,0.0,-1.0,9.08,83.5,-7.0,14.1,14.5
1038.284,84,107.0,1040.0,0.0,-1.0,9.08,83.5,-7.0,14.1,14.5
1038.434,84,107.0,1040.0,0.0,-1.0,9.08,83.5,-7.0,14.1,14.5
1038.53,84,107.0,1040.0,0.0,-1.0,9.08,83.5,-7.0,14.1,14.5
1038.616,84,107.0,1040.0,0.0,-1.0,9.08,83.5,-7.0,14.1,14.5
1038.705,84,107.0,1040.0,0.0,-1.0,9.08,83.5,-7.0,14.1,14.5
1038.855,84,107.0,1040.0,0.0,-1.0,9.08,83.5,-7.0,14.1,14.5
1038.982,84,107.0,1040.0,0.0,-1.0,9.08,83.5,-7.0,14.1,14.5
1039.094,84,107.0,1040.0,0.0,-1.0,9.08,83.5,-7.0,14.1,14.5
1039.274,84,107.0,1040.0,0.0,0.0,9.08,83.5,-7.0,14.1,14.5
1039.365,84,107.0,1040.0,0.0,0.0,9.05,83.5,-7.0,14.1,14.5
1039.485,84,107.0,1040.0,0.0,0.0,9.05,83.5,-7.0,14.1,14.5
1039.634,84,107.0,1040.0,0.0,0.0,9.05,83.5,-7.0,14.1,14.5
1039.727,84,107.0,1040.0,0.0,0.0,9.05,83.5,-7.0,14.1,14.5
1039.876,84,107.0,1040.0,0.0,0.0,9.05,83.5,-7.0,14.1,14.5
1039.969,84,107.0,1040.0,0.0,0.0,9.05,83.5,-7.0,14.1,14.5
1040.054,84,107.0,1040.0,0.0,0.0,9.05,83.5,-7.0,14.1,14.5
1040.174,84,107.0,1040.0,0.0,0.0,9.05,83.5,-7.0,14.1,14.5
1040.324,84,107.0,1040.0,1.0,0.0,9.05,83.5,-7.0,14.1,14.5
1040.446,84,107.0,1040.0,1.0,-1.0,9.05,83.5,-7.0,14.1,14.5
1040.538,84,107.0,1040.0,1.0,-1.0,8.94,83.5,-7.0,14.1,14.5
1040.685,84,107.0,1040.0,1.0,-1.0,8.94,83.5,-7.0,14.1,14.5
1040.835,84,107.0,1040.0,1.0,-1.0,8.94,83.5,-7.0,14.1,14.5
1040.928,84,107.0,1040.0,1.0,-1.0,8.94,83.5,-7.0,14.1,14.5
1041.015,84,107.0,1040.0,1.0,-1.0,8.94,83.5,-7.0,14.1,14.5
1041.105,84,107.0,1040.0,1.0,-1.0,8.94,83.5,-7.0,14.1,14.5
1041.224,84,107.0,1040.0,1.0,-1.0,8.94,83.5,-7.0,14.1,14.5
1041.374,84,107.0,1039.0,1.0,-1.0,8.94,83.5,-7.0,14.1,14.5
1041.465,84,107.0,1039.0,1.0,-1.0,8.94,83.5,-7.0,14.1,14.5
1041.555,84,107.0,1039.0,1.0,0.0,8.94,83.5,-7.0,14.1,14.5
1041.675,84,107.0,1039.0,1.0,0.0,8.83,83.5,-7.0,14.1,14.5
1041.736,84,107.0,1039.0,1.0,0.0,8.83,83.5,-7.0,14.1,14.5
1041.886,84,107.0,1039.0,1.0,0.0,8.83,83.5,-7.0,14.1,14.5
1041.976,84,107.0,1039.0,1.0,0.0,8.83,83.5,-7.0,14.1,14.5
1042.065,84,107.0,1039.0,1.0,0.0,8.83,83.5,-7.0,14.1,14.1
1042.125,84,107.0,1039.0,1.0,0.0,8.83,83.5,-7.0,14.1,14.1
1042.304,84,107.0,1039.0,1.0,0.0,8.83,83.5,-7.0,14.1,14.1
1042.424,84,107.0,1040.0,1.0,0.0,8.83,83.5,-7.0,14.1,14.1
1042.574,84,107.0,1040.0,0.0,0.0,8.83,83.5,-7.0,14.1,14.1
1042.667,84,107.0,1040.0,0.0,-1.0,8.83,83.5,-7.0,14.1,14.1
1042.754,84,107.0,1040.0,0.0,-1.0,8.99,83.5,-7.0,14.1,14.1
1042.905,84,107.0,1040.0,0.0,-1.0,8.99,83.5,-7.0,14.1,14.1
1043.007,84,107.0,1040.0,0.0,-1.0,8.99,83.5,-7.0,14.1,14.1
1043.174,84,107.0,1040.0,0.0,-1.0,8.99,83.5,-7.0,14.1,14.1
1043.264,84,107.0,1040.0,0.0,-1.0,8.99,83.5,-7.0,14.1,14.5
1043.354,84,107.0,1040.0,0.0,-1.0,8.99,83.5,-7.0,14.1,14.5
1043.444,84,107.0,1040.0,0.0,-1.0,8.99,83.5,-7.0,14.1,14.5
1043.563,84,107.0,1040.0,0.0,-1.0,8.99,83.5,-7.0,14.1,14.5
1043.774,84,107.0,1040.0,0.0,-1.0,8.99,83.5,-7.0,14.1,14.5
1043.865,84,107.0,1040.0,0.0,-1.0,8.99,83.5,-7.0,14.1,14.5
1043.956,84,107.0,1040.0,0.0,-1.0,8.83,83.5,-7.0,14.1,14.5
1044.047,84,107.0,1040.0,0.0,-1.0,8.83,83.5,-7.0,14.1,14.5
1044.164,84,107.0,1040.0,0.0,-1.0,8.83,83.5,-7.0,14.1,14.5
1044.314,84,107.0,1040.0,0.0,-1.0,8.83,83.5,-7.0,14.1,14.5
1044.405,84,107.0,1040.0,0.0,-1.0,8.83,83.5,-7.0,14.1,14.5
1044.496,84,107.0,1040.0,0.0,-1.0,8.83,83.5,-7.0,14.1,14.5
1044.614,84,107.0,1040.0,0.0,-1.0,8.83,83.5,-7.0,14.1,14.5
1044.735,84,107.0,1039.0,0.0,-1.0,8.83,83.5,-7.0,14.1,14.5
1044.826,84,107.0,1039.0,1.0,-1.0,8.83,83.5,-7.0,14.1,14.5
1044.927,84,107.0,1039.0,1.0,0.0,8.83,83.5,-7.0,14.1,14.5
1045.005,84,107.0,1039.0,1.0,0.0,9.05,83.5,-7.0,14.1,14.5
1045.095,84,107.0,1039.0,1.0,0.0,9.05,83.5,-7.0,14.1,14.5
1045.184,84,107.0,1039.0,1.0,0.0,9.05,83.5,-7.0,14.1,14.5
1045.275,84,107.0,1039.0,1.0,0.0,9.05,83.5,-7.0,14.5,14.5
1045.424,84,107.0,1039.0,1.0,0.0,9.05,83.5,-7.0,14.5,14.5
1045.515,84,107.0,1039.0,1.0,0.0,9.05,83.5,-7.0,14.5,14.5
1045.604,84,107.0,1039.0,1.0,0.0,9.05,83.5,-7.0,14.5,14.5
1045.756,84,107.0,1040.0,1.0,0.0,9.05,83.5,-7.0,14.5,14.5
1045.848,84,107.0,1040.0,2.0,0.0,9.05,83.5,-7.0,14.5,14.5
1045.964,84,107.0,1040.0,2.0,0.0,9.05,83.5,-7.0,14.5,14.5
1046.114,84,107.0,1040.0,2.0,0.0,8.8,83.5,-7.0,14.5,14.5
1046.204,84,107.0,1040.0,2.0,0.0,8.8,83.5,-7.0,14.5,14.5
1046.298,84,107.0,1040.0,2.0,0.0,8.8,83.5,-7.0,14.5,14.5
1046.414,84,107.0,1040.0,2.0,0.0,8.8,83.5,-7.0,14.9,14.5
1046.564,84,107.0,1040.0,2.0,0.0,8.8,83.5,-7.0,14.9,14.5
1046.656,84,107.0,1040.0,2.0,0.0,8.8,83.5,-7.0,14.9,14.5
1046.744,84,107.0,1040.0,2.0,0.0,8.8,83.5,-7.0,14.9,14.5
1046.836,84,107.0,1004.0,2.0,0.0,8.8,83.5,-7.0,14.9,14.5
1046.957,84,107.0,1004.0,4.0,0.0,8.8,83.5,-7.0,14.9,14.5
1047.104,84,107.0,1004.0,4.0,0.0,8.8,83.5,-7.0,14.9,14.5
1047.195,84,107.0,1004.0,4.0,0.0,8.49,83.5,-7.0,14.9,14.5
1047.314,84,107.0,1004.0,4.0,0.0,8.49,83.5,-7.0,14.9,14.5
1047.465,84,107.0,1004.0,4.0,0.0,8.49,83.5,-7.0,14.9,14.5
1047.556,84,107.0,1004.0,4.0,0.0,8.49,83.5,-7.0,14.9,14.5
1047.649,84,107.0,1004.0,4.0,0.0,8.49,83.5,-7.0,14.9,14.9
1047.765,84,107.0,1004.0,4.0,0.0,8.49,83.5,-7.0,14.9,14.9
1047.856,84,107.0,1004.0,4.0,0.0,8.49,83.5,-7.0,14.9,14.9
1047.949,84,107.0,990.0,4.0,0.0,8.49,83.5,-7.0,14.9,14.9
1048.064,84,107.0,990.0,8.0,0.0,8.49,83.5,-7.0,14.9,14.9
1048.184,84,107.0,990.0,8.0,-1.0,8.49,83.5,-7.0,14.9,14.9
1048.274,84,107.0,990.0,8.0,-1.0,9.13,83.5,-7.0,14.9,14.9
1048.424,84,107.0,990.0,8.0,-1.0,9.13,83.5,-7.0,14.9,14.9
1048.518,84,107.0,990.0,8.0,-1.0,9.13,83.5,-7.0,14.9,14.9
1048.607,84,107.0,990.0,8.0,-1.0,9.13,83.5,-7.0,17.3,14.9
1048.756,84,107.0,990.0,8.0,-1.0,9.13,83.5,-7.0,17.3,18.4
1048.849,84,107.0,990.0,8.0,-1.0,9.13,83.5,-7.0,17.3,18.4
1048.966,84,103.0,990.0,8.0,-1.0,9.13,83.5,-7.0,17.3,18.4
1049.114,84,103.0,1151.0,8.0,-1.0,9.13,83.5,-7.0,17.3,18.4
1049.205,84,103.0,1151.0,10.0,-1.0,9.13,83.5,-7.0,17.3,18.4
1049.296,84,103.0,1151.0,10.0,0.0,9.13,83.5,-7.0,17.3,18.4
1049.415,84,103.0,1151.0,10.0,0.0,10.24,83.5,-7.0,17.3,18.4
1049.564,84,103.0,1151.0,10.0,0.0,10.24,83.5,-7.0,17.3,18.4
1049.656,84,103.0,1151.0,10.0,0.0,10.24,83.5,-7.0,17.3,18.4
1049.774,84,103.0,1151.0,10.0,0.0,10.24,83.5,-7.0,19.6,18.4
1049.869,84,103.0,1151.0,10.0,0.0,10.24,83.5,-7.0,19.6,19.6
1049.956,84,103.0,1151.0,10.0,0.0,10.24,83.5,-7.0,19.6,19.6
1050.073,84,99.0,1151.0,10.0,0.0,10.24,83.5,-7.0,19.6,19.6
1050.224,84,99.0,1204.0,10.0,0.0,10.24,83.5,-7.0,19.6,19.6
1050.316,84,99.0,1204.0,10.0,0.0,10.24,83.5,-7.0,19.6,19.6
1050.405,84,99.0,1204.0,10.0,2.0,10.24,83.5,-7.0,19.6,19.6
1050.495,84,99.0,1204.0,10.0,2.0,9.86,83.5,-7.0,19.6,19.6
1050.615,84,99.0,1204.0,10.0,2.0,9.86,83.5,-7.0,19.6,19.6
1050.736,84,99.0,1204.0,10.0,2.0,9.86,83.5,-7.0,19.6,19.6
1050.828,84,99.0,1204.0,10.0,2.0,9.86,83.5,-7.0,21.6,19.6
1050.918,84,99.0,1204.0,10.0,2.0,9.86,83.5,-7.0,21.6,21.2
1051.034,84,99.0,1204.0,10.0,2.0,9.86,83.5,-7.0,21.6,21.2
1051.125,84,98.0,1204.0,10.0,2.0,9.86,83.5,-7.0,21.6,21.2
1051.244,84,98.0,1273.0,10.0,2.0,9.86,83.5,-7.0,21.6,21.2
1051.335,84,98.0,1273.0,11.0,2.0,9.86,83.5,-7.0,21.6,21.2
1051.484,84,98.0,1273.0,11.0,2.0,9.86,83.5,-7.0,21.6,21.2
1051.575,84,98.0,1273.0,11.0,2.0,10.41,83.5,-7.0,21.6,21.2
1051.669,84,98.0,1273.0,11.0,2.0,10.41,83.5,-7.0,21.6,21.2
1051.726,84,98.0,1273.0,11.0,2.0,10.41,83.5,-7.0,21.6,21.2
1051.819,84,98.0,1273.0,11.0,2.0,10.41,83.5,-7.0,22.0,21.2
1051.905,84,98.0,1273.0,11.0,2.0,10.41,83.5,-7.0,22.0,21.6
1051.995,84,98.0,1273.0,11.0,2.0,10.41,83.5,-7.0,22.0,21.6
1052.114,84,98.0,1273.0,11.0,2.0,10.41,83.5,-7.0,22.0,21.6
1052.264,84,98.0,1336.0,11.0,2.0,10.41,83.5,-7.0,22.0,21.6
1052.354,84,98.0,1336.0,11.0,2.0,10.41,83.5,-7.0,22.0,21.6
1052.474,84,98.0,1336.0,11.0,2.0,10.41,83.5,-7.0,22.0,21.6
1052.624,84,98.0,1336.0,11.0,2.0,10.94,83.5,-7.0,22.0,21.6
1052.775,84,98.0,1336.0,11.0,2.0,10.94,83.5,-7.0,22.0,21.6
1052.868,84,98.0,1336.0,11.0,2.0,10.94,83.5,-7.0,22.0,21.6
1052.956,84,98.0,1336.0,11.0,2.0,10.94,83.5,-7.0,20.0,21.6
1053.045,84,98.0,1336.0,11.0,2.0,10.94,83.5,-7.0,20.0,19.2
1053.164,84,98.0,1336.0,11.0,2.0,10.94,83.5,-7.0,20.0,19.2
1053.314,84,100.0,1336.0,11.0,2.0,10.94,83.5,-7.0,20.0,19.2
1053.434,84,100.0,1323.0,11.0,2.0,10.94,83.5,-7.0,20.0,19.2
1053.525,84,100.0,1323.0,11.0,2.0,10.94,83.5,-7.0,20.0,19.2
1053.674,84,100.0,1323.0,11.0,2.0,10.94,83.5,-7.0,20.0,19.2
1053.795,84,100.0,1323.0,11.0,2.0,10.72,83.5,-7.0,20.0,19.2
1053.889,84,100.0,1323.0,11.0,2.0,10.72,83.5,-7.0,20.0,19.2
1053.978,84,100.0,1323.0,11.0,2.0,10.72,83.5,-7.0,20.0,19.2
1054.124,84,100.0,1323.0,11.0,2.0,10.72,83.5,-7.0,14.1,19.2
1054.215,84,100.0,1323.0,11.0,2.0,10.72,83.5,-7.0,14.1,14.5
1054.275,84,100.0,1323.0,11.0,2.0,10.72,83.5,-7.0,14.1,14.5
1054.364,84,106.0,1323.0,11.0,2.0,10.72,83.5,-7.0,14.1,14.5
1054.455,84,106.0,1135.0,11.0,2.0,10.72,83.5,-7.0,14.1,14.5
1054.546,84,106.0,1135.0,10.0,2.0,10.72,83.5,-7.0,14.1,14.5
1054.665,84,106.0,1135.0,10.0,2.0,10.72,83.5,-7.0,14.1,14.5
1054.875,84,106.0,1135.0,10.0,2.0,18.11,83.5,-7.0,14.1,14.5
1054.968,84,106.0,1135.0,10.0,2.0,18.11,83.5,-7.0,14.1,14.5
1055.056,84,106.0,1135.0,10.0,2.0,18.11,83.5,-7.0,14.1,14.5
1055.145,84,106.0,1135.0,10.0,2.0,18.11,83.5,-7.0,14.1,14.5
1055.264,84,106.0,1135.0,10.0,2.0,18.11,83.5,-7.0,14.1,14.5
1055.414,84,106.0,1135.0,10.0,2.0,18.11,83.5,-7.0,14.1,14.5
1055.505,84,106.0,1135.0,10.0,2.0,18.11,83.5,-7.0,14.1,14.5
1055.595,84,106.0,1010.0,10.0,2.0,18.11,83.5,-7.0,14.1,14.5
1055.775,84,106.0,1010.0,9.0,2.0,18.11,83.5,-7.0,14.1,14.5
1055.869,84,106.0,1010.0,9.0,2.0,18.11,83.5,-7.0,14.1,14.5
1055.956,84,106.0,1010.0,9.0,2.0,9.36,83.5,-7.0,14.1,14.5
1056.045,84,106.0,1010.0,9.0,2.0,9.36,83.5,-7.0,14.1,14.5
1056.164,84,106.0,1010.0,9.0,2.0,9.36,83.5,-7.0,14.1,14.5
1056.315,84,106.0,1010.0,9.0,2.0,9.36,83.5,-7.0,14.1,14.5
1056.404,84,106.0,1010.0,9.0,2.0,9.36,83.5,-7.0,14.1,14.5
1056.495,84,106.0,1010.0,9.0,2.0,9.36,83.5,-7.0,14.1,14.5
1056.586,84,106.0,1010.0,9.0,2.0,9.36,83.5,-7.0,14.1,14.5
1056.705,84,106.0,1033.0,9.0,2.0,9.36,83.5,-7.0,14.1,14.5
1056.764,84,106.0,1033.0,7.0,2.0,9.36,83.5,-7.0,14.1,14.5
1056.914,84,106.0,1033.0,7.0,-1.0,9.36,83.5,-7.0,14.1,14.5
1057.04,84,106.0,1033.0,7.0,-1.0,8.74,83.5,-7.0,14.1,14.5
1057.125,84,106.0,1033.0,7.0,-1.0,8.74,83.5,-7.0,14.1,14.5
1057.274,84,106.0,1033.0,7.0,-1.0,8.74,83.5,-7.0,14.1,14.5
1057.365,84,106.0,1033.0,7.0,-1.0,8.74,83.5,-7.0,14.1,14.5
1057.454,84,106.0,1033.0,7.0,-1.0,8.74,83.5,-7.0,14.1,14.5
1057.544,84,106.0,1033.0,7.0,-1.0,8.74,83.5,-7.0,14.1,14.5
1057.638,84,106.0,1033.0,7.0,-1.0,8.74,83.5,-7.0,14.1,14.5
1057.814,84,106.0,1038.0,7.0,-1.0,8.74,83.5,-7.0,14.1,14.5
1057.964,84,106.0,1038.0,7.0,-1.0,8.74,83.5,-7.0,14.1,14.5
1058.057,84,106.0,1038.0,7.0,-1.0,8.74,83.5,-7.0,14.1,14.5
1058.145,84,106.0,1038.0,7.0,-1.0,8.88,83.5,-7.0,14.1,14.5
1058.235,84,106.0,1038.0,7.0,-1.0,8.88,83.5,-7.0,14.1,14.5
1058.354,84,106.0,1038.0,7.0,-1.0,8.88,83.5,-7.0,14.1,14.5
1058.504,84,106.0,1038.0,7.0,-1.0,8.88,83.5,-7.0,14.1,14.5
1058.595,84,106.0,1038.0,7.0,-1.0,8.88,83.5,-7.0,14.1,14.5
1058.688,84,106.0,1038.0,7.0,-1.0,8.88,83.5,-7.0,14.1,14.5
1058.805,84,106.0,1038.0,7.0,-1.0,8.88,83.5,-7.0,14.1,14.5
1058.896,84,106.0,1039.0,7.0,-1.0,8.88,83.5,-7.0,14.1,14.5
1058.989,84,106.0,1039.0,6.0,-1.0,8.88,83.5,-7.0,14.1,14.5
1059.104,84,106.0,1039.0,6.0,-1.0,8.88,83.5,-7.0,14.1,14.5
1059.254,84,106.0,1039.0,6.0,-1.0,8.86,83.5,-7.0,14.1,14.5
1059.345,84,106.0,1039.0,6.0,-1.0,8.86,83.5,-7.0,14.1,14.5
1059.438,84,106.0,1039.0,6.0,-1.0,8.86,83.5,-7.0,14.1,14.5
1059.554,84,106.0,1039.0,6.0,-1.0,8.86,83.5,-7.0,14.1,14.5
1059.705,84,106.0,1039.0,6.0,-1.0,8.86,83.5,-7.0,14.1,14.5
1059.796,84,106.0,1039.0,6.0,-1.0,8.86,83.5,-7.0,14.1,14.5
1059.889,84,106.0,1039.0,6.0,-1.0,8.86,83.5,-7.0,14.1,14.5
1059.976,84,106.0,1041.0,6.0,-1.0,8.86,83.5,-7.0,14.1,14.5
1060.124,84,106.0,1041.0,5.0,-1.0,8.86,83.5,-7.0,14.1,14.5
1060.215,84,106.0,1041.0,5.0,-1.0,8.86,83.5,-7.0,14.1,14.5
1060.335,84,106.0,1041.0,5.0,-1.0,9.13,83.5,-7.0,14.1,14.5
1060.454,84,106.0,1041.0,5.0,-1.0,9.13,83.5,-7.0,14.1,14.5
1060.544,84,106.0,1041.0,5.0,-1.0,9.13,83.5,-7.0,14.1,14.5
1060.639,84,106.0,1041.0,5.0,-1.0,9.13,83.5,-7.0,14.1,14.5
1060.785,84,106.0,1041.0,5.0,-1.0,9.13,83.5,-7.0,14.1,14.5
1060.906,84,106.0,1041.0,5.0,-1.0,9.13,83.5,-7.0,14.1,14.5
1061.054,84,106.0,1041.0,5.0,-1.0,9.13,83.5,-7.0,14.1,14.5
1061.144,84,106.0,1039.0,5.0,-1.0,9.13,83.5,-7.0,14.1,14.5
1061.235,84,106.0,1039.0,1.0,-1.0,9.13,83.5,-7.0,14.1,14.5
1061.355,84,106.0,1039.0,1.0,0.0,9.13,83.5,-7.0,14.1,14.5
1061.505,84,106.0,1039.0,1.0,0.0,8.8,83.5,-7.0,14.1,14.5
1061.595,84,106.0,1039.0,1.0,0.0,8.8,83.5,-7.0,14.1,14.5
1061.689,84,106.0,1039.0,1.0,0.0,8.8,83.5,-7.0,14.1,14.5
1061.864,84,106.0,1039.0,1.0,0.0,8.8,83.5,-7.0,14.1,14.5
1062.014,84,106.0,1039.0,1.0,0.0,8.8,83.5,-7.0,14.1,14.5
1062.106,84,106.0,1039.0,1.0,0.0,8.8,83.5,-7.0,14.1,14.5
1062.195,84,106.0,1039.0,1.0,0.0,8.8,83.5,-7.0,14.1,14.5
1062.284,84,106.0,1040.0,1.0,0.0,8.8,83.5,-7.0,14.1,14.5
1062.404,84,106.0,1040.0,0.0,0.0,8.8,83.5,-7.0,14.1,14.5
1062.555,84,106.0,1040.0,0.0,-1.0,8.8,83.5,-7.0,14.1,14.5
1062.648,84,106.0,1040.0,0.0,-1.0,8.74,83.5,-7.0,14.1,14.5
1062.735,84,106.0,1040.0,0.0,-1.0,8.74,83.5,-7.0,14.1,14.5
1062.826,84,106.0,1040.0,0.0,-1.0,8.74,83.5,-7.0,14.1,14.5
1062.974,84,106.0,1040.0,0.0,-1.0,8.74,83.5,-7.0,14.1,14.5
1063.074,84,106.0,1040.0,0.0,-1.0,8.74,83.5,-7.0,14.1,14.5
1063.154,84,106.0,1040.0,0.0,-1.0,8.74,83.5,-7.0,14.1,14.5
1063.244,84,106.0,1040.0,0.0,-1.0,8.74,83.5,-7.0,14.1,14.5
1063.365,84,106.0,1040.0,0.0,-1.0,8.74,83.5,-7.0,14.1,14.5
1063.425,84,106.0,1040.0,0.0,-1.0,8.74,83.5,-7.0,14.1,14.5
1063.515,84,106.0,1040.0,0.0,0.0,8.74,83.5,-7.0,14.1,14.5
1063.664,84,106.0,1040.0,0.0,0.0,9.05,83.5,-7.0,14.1,14.5
1063.756,84,106.0,1040.0,0.0,0.0,9.05,83.5,-7.0,14.1,14.5
1063.848,84,106.0,1040.0,0.0,0.0,9.05,83.5,-7.0,14.1,14.5
1063.936,84,106.0,1040.0,0.0,0.0,9.05,83.5,-7.0,14.1,14.5
1064.064,84,106.0,1040.0,0.0,0.0,9.05,83.5,-7.0,14.1,14.5
1064.204,84,106.0,1040.0,0.0,0.0,9.05,83.5,-7.0,14.1,14.5
1064.294,84,106.0,1040.0,0.0,0.0,9.05,83.5,-7.0,14.1,14.5
1064.385,84,106.0,1040.0,0.0,0.0,9.05,83.5,-7.0,14.1,14.5
1064.504,84,106.0,1040.0,0.0,0.0,9.05,83.5,-7.0,14.1,14.5
1064.655,84,106.0,1040.0,0.0,0.0,9.05,83.5,-7.0,14.1,14.5
1064.809,84,106.0,1040.0,0.0,0.0,8.86,83.5,-7.0,14.1,14.5
1064.895,84,106.0,1040.0,0.0,0.0,8.86,83.5,-7.0,14.1,14.5
1064.985,84,106.0,1040.0,0.0,0.0,8.86,83.5,-7.0,14.1,14.5
1065.104,84,106.0,1040.0,0.0,0.0,8.86,83.5,-7.0,14.1,14.5
1065.254,84,106.0,1040.0,0.0,0.0,8.86,83.5,-7.0,14.1,14.5
1065.345,84,106.0,1040.0,0.0,0.0,8.86,83.5,-7.0,14.1,14.5
1065.464,84,106.0,1040.0,0.0,0.0,8.86,83.5,-7.0,14.1,14.5
1065.614,84,106.0,1040.0,0.0,0.0,8.86,83.5,-7.0,14.1,14.5
1065.709,84,106.0,1040.0,0.0,0.0,8.86,83.5,-7.0,14.1,14.5
1065.769,84,106.0,1040.0,0.0,0.0,8.86,83.5,-7.0,14.1,14.5
1065.854,84,106.0,1040.0,0.0,0.0,8.86,83.5,-7.0,14.1,14.5
1065.945,84,106.0,1040.0,0.0,0.0,8.86,83.5,-7.0,14.1,14.5
1066.036,84,106.0,1040.0,0.0,0.0,8.86,83.5,-7.0,14.1,14.5
1066.155,84,106.0,1040.0,0.0,0.0,8.86,83.5,-7.0,14.1,14.5
1066.304,84,106.0,1040.0,0.0,0.0,8.86,83.5,-7.0,14.1,14.5
1066.454,84,106.0,1040.0,0.0,0.0,8.86,83.5,-7.0,14.1,14.5
1066.546,84,106.0,1040.0,0.0,0.0,8.86,83.5,-7.0,14.1,14.5
1066.639,84,106.0,1039.0,0.0,0.0,8.86,83.5,-7.0,14.1,14.5
1066.754,84,106.0,1039.0,0.0,0.0,8.86,83.5,-7.0,14.1,14.5
1066.875,84,106.0,1039.0,0.0,0.0,8.86,83.5,-7.0,14.1,14.5
1066.994,84,106.0,1039.0,0.0,0.0,9.02,83.5,-7.0,14.1,14.5
1067.085,84,106.0,1039.0,0.0,0.0,9.02,83.5,-7.0,14.1,14.5
1067.204,84,106.0,1039.0,0.0,0.0,9.02,83.5,-7.0,14.1,14.5
1067.354,84,106.0,1039.0,0.0,0.0,9.02,83.5,-7.0,14.1,14.5
1067.445,84,106.0,1039.0,0.0,0.0,9.02,83.5,-7.0,14.1,14.5
1067.536,84,106.0,1039.0,0.0,0.0,9.02,83.5,-7.0,14.1,14.5
1067.654,84,106.0,1039.0,0.0,0.0,9.02,83.5,-7.0,14.1,14.5
1067.775,84,106.0,1039.0,0.0,0.0,9.02,83.5,-7.0,14.1,14.5
1067.925,84,106.0,1039.0,0.0,0.0,9.02,83.5,-7.0,14.1,14.5
1068.044,84,106.0,1039.0,0.0,0.0,9.02,83.5,-7.0,14.1,14.5
1068.194,84,106.0,1039.0,0.0,0.0,8.88,83.5,-7.0,14.1,14.5
1068.285,84,106.0,1039.0,0.0,0.0,8.88,83.5,-7.0,14.1,14.5
1068.404,84,106.0,1039.0,0.0,0.0,8.88,83.5,-7.0,14.1,14.5
1068.554,84,106.0,1039.0,0.0,0.0,8.88,83.5,-7.0,14.1,14.5
1068.644,84,106.0,1039.0,0.0,0.0,8.88,83.5,-7.0,14.1,14.5
1068.736,84,106.0,1039.0,0.0,0.0,8.88,83.5,-7.0,14.1,14.5
1068.825,84,106.0,1039.0,0.0,0.0,8.88,83.5,-7.0,14.1,14.5
1068.975,84,106.0,1039.0,0.0,0.0,8.88,83.5,-7.0,14.1,14.5
1069.064,84,106.0,1039.0,0.0,0.0,8.88,83.5,-7.0,14.1,14.5
1069.154,84,106.0,1039.0,0.0,0.0,8.88,83.5,-7.0,14.1,14.5
1069.245,84,106.0,1039.0,0.0,0.0,8.99,83.5,-7.0,14.1,14.5
1069.335,84,106.0,1039.0,0.0,0.0,8.99,83.5,-7.0,14.1,14.5
1069.484,84,106.0,1039.0,0.0,0.0,8.99,83.5,-7.0,14.1,14.5
1069.576,84,106.0,1039.0,0.0,0.0,8.99,83.5,-7.0,14.1,14.5
1069.666,84,106.0,1039.0,0.0,0.0,8.99,83.5,-7.0,14.1,14.5
1069.815,84,106.0,1039.0,0.0,0.0,8.99,83.5,-7.0,14.1,14.5
1069.934,84,106.0,1039.0,0.0,0.0,8.99,83.5,-7.0,14.1,14.5
1070.083,84,106.0,1040.0,0.0,0.0,8.99,83.5,-7.0,14.1,14.5
1070.175,84,106.0,1040.0,0.0,0.0,8.99,83.5,-7.0,14.1,14.5
1070.265,84,106.0,1040.0,0.0,0.0,8.99,83.5,-7.0,14.1,14.5
1070.384,84,106.0,1040.0,0.0,0.0,9.11,83.5,-7.0,14.1,14.5
1070.534,84,106.0,1040.0,0.0,0.0,9.11,83.5,-7.0,14.1,14.5
1070.628,84,106.0,1040.0,0.0,0.0,9.11,83.5,-7.0,14.1,14.5
1070.716,84,106.0,1040.0,0.0,0.0,9.11,83.5,-7.0,14.1,14.5
1070.865,84,106.0,1040.0,0.0,0.0,9.11,83.5,-7.0,14.1,14.5
1070.985,84,106.0,1040.0,0.0,0.0,9.11,83.5,-7.0,14.1,14.5
1071.134,84,106.0,1040.0,0.0,0.0,9.11,83.5,-7.0,14.1,14.5
1071.254,84,106.0,1041.0,0.0,0.0,9.11,83.5,-7.0,14.1,14.5
1071.404,84,106.0,1041.0,0.0,0.0,9.11,83.5,-7.0,14.1,14.5
1071.495,84,106.0,1041.0,0.0,0.0,9.11,83.5,-7.0,14.1,14.5
1071.585,84,106.0,1041.0,0.0,0.0,9.02,83.5,-7.0,14.1,14.5
1071.678,84,106.0,1041.0,0.0,0.0,9.02,83.5,-7.0,14.1,14.5
1071.772,84,106.0,1041.0,0.0,0.0,9.02,83.5,-7.0,14.1,14.5
1071.914,84,106.0,1041.0,0.0,0.0,9.02,83.5,-7.0,14.1,14.5
1072.034,84,106.0,1041.0,0.0,0.0,9.02,83.5,-7.0,14.1,14.5
1072.184,84,106.0,1041.0,0.0,0.0,9.02,83.5,-7.0,14.1,14.5
1072.274,84,106.0,1041.0,0.0,0.0,9.02,83.5,-7.0,14.1,14.5
1072.365,84,106.0,1038.0,0.0,0.0,9.02,83.5,-7.0,14.1,14.5
1072.544,84,106.0,1038.0,0.0,0.0,9.02,83.5,-7.0,14.1,14.5
1072.694,84,106.0,1038.0,0.0,0.0,9.02,83.5,-7.0,14.1,14.5
1072.788,84,106.0,1038.0,0.0,0.0,8.97,83.5,-7.0,14.1,14.5
1072.878,84,106.0,1038.0,0.0,0.0,8.97,83.5,-7.0,14.1,14.5
1072.968,84,106.0,1038.0,0.0,0.0,8.97,83.5,-7.0,14.1,14.5
1073.083,84,106.0,1038.0,0.0,0.0,8.97,83.5,-7.0,14.1,14.5
1073.233,84,106.0,1038.0,0.0,0.0,8.97,83.5,-7.0,14.1,14.5
1073.324,84,106.0,1038.0,0.0,0.0,8.97,83.5,-7.0,14.1,14.5
1073.415,84,106.0,1038.0,0.0,0.0,8.97,83.5,-7.0,14.1,14.5
1073.533,84,106.0,1042.0,0.0,0.0,8.97,83.5,-7.0,14.1,14.5
1073.684,84,106.0,1042.0,0.0,0.0,8.97,83.5,-7.0,14.1,14.5
1073.834,84,106.0,1042.0,0.0,0.0,8.97,83.5,-7.0,14.1,14.5
1073.929,84,106.0,1042.0,0.0,0.0,9.02,83.5,-7.0,14.1,14.5
1074.103,84,106.0,1042.0,0.0,0.0,9.02,83.5,-7.0,14.1,14.5
1074.194,84,106.0,1042.0,0.0,0.0,9.02,83.5,-7.0,14.1,14.5
1074.284,84,106.0,1042.0,0.0,0.0,9.02,83.5,-7.0,14.5,14.5
1074.375,84,106.0,1042.0,0.0,0.0,9.02,83.5,-7.0,14.5,14.1
1074.465,84,106.0,1042.0,0.0,0.0,9.02,83.5,-7.0,14.5,14.1
1074.584,84,106.0,1042.0,0.0,0.0,9.02,83.5,-7.0,14.5,14.1
1074.736,84,106.0,1020.0,0.0,0.0,9.02,83.5,-7.0,14.5,14.1
1074.855,84,106.0,1020.0,0.0,0.0,9.02,83.5,-7.0,14.5,14.1
1074.949,84,106.0,1020.0,0.0,0.0,9.02,83.5,-7.0,14.5,14.1
1075.048,84,106.0,1020.0,0.0,0.0,8.86,83.5,-7.0,14.5,14.1
1075.125,84,106.0,1020.0,0.0,0.0,8.86,83.5,-7.0,14.5,14.1
1075.215,84,106.0,1020.0,0.0,0.0,8.86,83.5,-7.0,14.5,14.1
1075.334,84,106.0,1020.0,0.0,0.0,8.86,83.5,-7.0,14.1,14.1
1075.484,84,106.0,1020.0,0.0,0.0,8.86,83.5,-7.0,14.1,14.5
1075.604,84,106.0,1020.0,0.0,0.0,8.86,83.5,-7.0,14.1,14.5
1075.698,84,106.0,1020.0,0.0,0.0,8.86,83.5,-7.0,14.1,14.5
1075.849,84,106.0,1047.0,0.0,0.0,8.86,83.5,-7.0,14.1,14.5
1075.935,84,106.0,1047.0,1.0,0.0,8.86,83.5,-7.0,14.1,14.5
1076.024,84,106.0,1047.0,1.0,0.0,8.86,83.5,-7.0,14.1,14.5
1076.114,84,106.0,1047.0,1.0,0.0,9.13,83.5,-7.0,14.1,14.5
1076.234,84,106.0,1047.0,1.0,0.0,9.13,83.5,-7.0,14.1,14.5
1076.384,84,106.0,1047.0,1.0,0.0,9.13,83.5,-7.0,14.1,14.5
1076.475,84,106.0,1047.0,1.0,0.0,9.13,83.5,-7.0,14.1,14.5
1076.567,84,106.0,1047.0,1.0,0.0,9.13,83.5,-7.0,14.1,14.5
1076.685,84,106.0,1047.0,1.0,0.0,9.13,83.5,-7.0,14.1,14.5
1076.804,84,107.0,1047.0,1.0,0.0,9.13,83.5,-7.0,14.1,14.5
1076.954,84,107.0,1057.0,1.0,0.0,9.13,83.5,-7.0,14.1,14.5
1077.049,84,107.0,1057.0,1.0,0.0,9.13,83.5,-7.0,14.1,14.5
1077.135,84,107.0,1057.0,1.0,1.0,9.13,83.5,-7.0,14.1,14.5
1077.224,84,107.0,1057.0,1.0,1.0,9.11,83.5,-7.0,14.1,14.5
1077.315,84,107.0,1057.0,1.0,1.0,9.11,83.5,-7.0,14.1,14.5
1077.434,84,107.0,1057.0,1.0,1.0,9.11,83.5,-7.0,14.1,14.5
1077.585,84,107.0,1057.0,1.0,1.0,9.11,83.5,-7.0,14.1,14.5
1077.676,84,107.0,1057.0,1.0,1.0,9.11,83.5,-7.0,14.1,14.5
1077.77,84,107.0,1057.0,1.0,1.0,9.11,83.5,-7.0,14.1,14.5
1077.914,84,107.0,1057.0,1.0,1.0,9.11,83.5,-7.0,14.1,14.5
1078.033,84,107.0,1033.0,1.0,1.0,9.11,83.5,-7.0,14.1,14.5
1078.184,84,107.0,1033.0,0.0,1.0,9.11,83.5,-7.0,14.1,14.5
1078.274,84,107.0,1033.0,0.0,0.0,9.11,83.5,-7.0,14.1,14.5
1078.364,84,107.0,1033.0,0.0,0.0,9.08,83.5,-7.0,14.1,14.5
1078.484,84,107.0,1033.0,0.0,0.0,9.08,83.5,-7.0,14.1,14.5
1078.604,84,107.0,1033.0,0.0,0.0,9.08,83.5,-7.0,14.1,14.5
1078.698,84,107.0,1033.0,0.0,0.0,9.08,83.5,-7.0,14.1,14.5
1078.814,84,107.0,1033.0,0.0,0.0,9.08,83.5,-7.0,14.1,14.5
1078.965,83,107.0,1033.0,0.0,0.0,9.08,83.5,-7.0,14.1,14.5
1079.083,83,107.0,1033.0,0.0,0.0,9.08,83.5,-7.0,14.1,14.5
1079.234,83,107.0,1047.0,0.0,0.0,9.08,83.5,-7.0,14.1,14.5
1079.324,83,107.0,1047.0,0.0,0.0,9.08,83.5,-7.0,14.1,14.5
1079.415,83,107.0,1047.0,0.0,1.0,9.08,83.5,-7.0,14.1,14.5
1079.533,83,107.0,1047.0,0.0,1.0,8.99,83.5,-7.0,14.1,14.5
1079.684,83,107.0,1047.0,0.0,1.0,8.99,83.5,-7.0,14.1,14.5
1079.775,83,107.0,1047.0,0.0,1.0,8.99,83.5,-7.0,14.1,14.5
1079.867,83,107.0,1047.0,0.0,1.0,8.99,83.5,-7.0,14.1,14.5
1080.013,83,107.0,1047.0,0.0,1.0,8.99,83.5,-7.0,14.1,14.5
1080.134,83,107.0,1047.0,0.0,1.0,8.99,83.5,-7.0,14.1,14.5
1080.284,83,106.0,1047.0,0.0,1.0,8.99,83.5,-7.0,14.1,14.5
1080.374,83,106.0,1042.0,0.0,1.0,8.99,83.5,-7.0,14.1,14.5
1080.465,83,106.0,1042.0,0.0,1.0,8.99,83.5,-7.0,14.1,14.5
1080.584,83,106.0,1042.0,0.0,1.0,8.99,83.5,-7.0,14.1,14.5
1080.734,83,106.0,1042.0,0.0,1.0,9.19,83.5,-7.0,14.1,14.5
1080.887,83,106.0,1042.0,0.0,1.0,9.19,83.5,-7.0,14.1,14.5
1080.978,83,106.0,1042.0,0.0,1.0,9.19,83.5,-7.0,14.1,14.5
1081.064,83,106.0,1042.0,0.0,1.0,9.19,83.5,-7.0,16.5,14.5
1081.184,83,106.0,1042.0,0.0,1.0,9.19,83.5,-7.0,16.5,16.1
1081.334,83,106.0,1042.0,0.0,1.0,9.19,83.5,-7.0,16.5,16.1
1081.424,83,106.0,1042.0,0.0,1.0,9.19,83.5,-7.0,16.5,16.1
1081.514,83,106.0,1002.0,0.0,1.0,9.19,83.5,-7.0,16.5,16.1
1081.604,83,106.0,1002.0,0.0,1.0,9.19,83.5,-7.0,16.5,16.1
1081.698,83,106.0,1002.0,0.0,0.0,9.19,83.5,-7.0,16.5,16.1
1081.789,83,106.0,1002.0,0.0,0.0,8.69,83.5,-7.0,16.5,16.1
1081.934,83,106.0,1002.0,0.0,0.0,8.69,83.5,-7.0,16.5,16.1
1082.083,83,106.0,1002.0,0.0,0.0,8.69,83.5,-7.0,16.5,16.1
1082.175,83,106.0,1002.0,0.0,0.0,8.69,83.5,-7.0,16.5,16.1
1082.266,83,106.0,1002.0,0.0,0.0,8.69,83.5,-7.0,16.5,16.1
1082.384,83,106.0,1002.0,0.0,0.0,8.69,83.5,-7.0,16.5,16.1
1082.534,83,107.0,1002.0,0.0,0.0,8.69,83.5,-7.0,16.5,16.1
1082.625,83,107.0,1005.0,0.0,0.0,8.69,83.5,-7.0,16.5,16.1
1082.719,83,107.0,1005.0,0.0,0.0,8.69,83.5,-7.0,16.5,16.1
1082.868,83,107.0,1005.0,0.0,0.0,8.69,83.5,-7.0,16.5,16.1
1082.984,83,107.0,1005.0,0.0,0.0,8.27,83.5,-7.0,16.5,16.1
1083.134,83,107.0,1005.0,0.0,0.0,8.27,83.5,-7.0,16.5,16.1
1083.226,83,107.0,1005.0,0.0,0.0,8.27,83.5,-7.0,16.5,16.1
1083.315,83,107.0,1005.0,0.0,0.0,8.27,83.5,-7.0,16.1,16.1
1083.434,83,107.0,1005.0,0.0,0.0,8.27,83.5,-7.0,16.1,16.1
1083.584,83,107.0,1005.0,0.0,0.0,8.27,83.5,-7.0,16.1,16.1
1083.677,83,107.0,1005.0,0.0,0.0,8.27,83.5,-7.0,16.1,16.1
1083.766,83,107.0,1026.0,0.0,0.0,8.27,83.5,-7.0,16.1,16.1
1083.854,83,107.0,1026.0,1.0,0.0,8.27,83.5,-7.0,16.1,16.1
1084.005,83,107.0,1026.0,1.0,-1.0,8.27,83.5,-7.0,16.1,16.1
1084.123,83,107.0,1026.0,1.0,-1.0,8.33,83.5,-7.0,16.1,16.1
1084.274,83,107.0,1026.0,1.0,-1.0,8.33,83.5,-7.0,16.1,16.1
1084.366,83,107.0,1026.0,1.0,-1.0,8.33,83.5,-7.0,16.1,16.1
1084.484,83,107.0,1026.0,1.0,-1.0,8.33,83.5,-7.0,14.1,16.1
1084.604,83,107.0,1026.0,1.0,-1.0,8.33,83.5,-7.0,14.1,14.5
1084.724,83,107.0,1026.0,1.0,-1.0,8.33,83.5,-7.0,14.1,14.5
1084.844,83,104.0,1026.0,1.0,-1.0,8.33,83.5,-7.0,14.1,14.5
1084.936,83,104.0,1046.0,1.0,-1.0,8.33,83.5,-7.0,14.1,14.5
1085.039,83,104.0,1046.0,1.0,-1.0,8.33,83.5,-7.0,14.1,14.5
1085.114,83,104.0,1046.0,1.0,0.0,8.33,83.5,-7.0,14.1,14.5
1085.234,83,104.0,1046.0,1.0,0.0,8.55,83.5,-7.0,14.1,14.5
1085.384,83,104.0,1046.0,1.0,0.0,8.55,83.5,-7.0,14.1,14.5
1085.475,83,104.0,1046.0,1.0,0.0,8.55,83.5,-7.0,14.1,14.5
1085.566,83,104.0,1046.0,1.0,0.0,8.55,83.5,-7.0,15.3,14.5
1085.656,83,104.0,1046.0,1.0,0.0,8.55,83.5,-7.0,15.3,14.9
1085.774,83,104.0,1046.0,1.0,0.0,8.55,83.5,-7.0,15.3,14.9
1085.925,83,106.0,1046.0,1.0,0.0,8.55,83.5,-7.0,15.3,14.9
1086.073,83,106.0,1020.0,1.0,0.0,8.55,83.5,-7.0,15.3,14.9
1086.165,83,106.0,1020.0,1.0,0.0,8.55,83.5,-7.0,15.3,14.9
1086.254,83,106.0,1020.0,1.0,0.0,8.55,83.5,-7.0,15.3,14.9
1086.374,83,106.0,1020.0,1.0,0.0,8.02,83.5,-7.0,15.3,14.9
1086.525,83,106.0,1020.0,1.0,0.0,8.02,83.5,-7.0,15.3,14.9
1086.614,83,106.0,1020.0,1.0,0.0,8.02,83.5,-7.0,15.3,14.9
1086.705,83,106.0,1020.0,1.0,0.0,8.02,83.5,-7.0,15.3,14.9
1086.824,83,106.0,1020.0,1.0,0.0,8.02,83.5,-7.0,15.3,14.9
1086.945,83,106.0,1020.0,1.0,0.0,8.02,83.5,-7.0,15.3,14.9
1087.035,83,107.0,1020.0,1.0,0.0,8.02,83.5,-7.0,15.3,14.9
1087.124,83,107.0,1023.0,1.0,0.0,8.02,83.5,-7.0,15.3,14.9
1087.214,83,107.0,1023.0,2.0,0.0,8.02,83.5,-7.0,15.3,14.9
1087.305,83,107.0,1023.0,2.0,-1.0,8.02,83.5,-7.0,15.3,14.9
1087.424,83,107.0,1023.0,2.0,-1.0,8.3,83.5,-7.0,15.3,14.9
1087.574,83,107.0,1023.0,2.0,-1.0,8.3,83.5,-7.0,15.3,14.9
1087.666,83,107.0,1023.0,2.0,-1.0,8.3,83.5,-7.0,15.3,14.9
1087.818,83,107.0,1023.0,2.0,-1.0,8.3,83.5,-7.0,15.3,14.9
1087.907,83,107.0,1023.0,2.0,-1.0,8.3,83.5,-7.0,15.3,14.9
1088.024,83,107.0,1023.0,2.0,-1.0,8.3,83.5,-7.0,15.3,14.9
1088.174,83,107.0,1023.0,2.0,-1.0,8.3,83.5,-7.0,15.3,14.9
1088.265,83,107.0,1024.0,2.0,-1.0,8.3,83.5,-7.0,15.3,14.9
1088.354,83,107.0,1024.0,1.0,-1.0,8.3,83.5,-7.0,15.3,14.9
1088.474,83,107.0,1024.0,1.0,0.0,8.3,83.5,-7.0,15.3,14.9
1088.625,83,107.0,1024.0,1.0,0.0,8.8,83.5,-7.0,15.3,14.9
1088.718,83,107.0,1024.0,1.0,0.0,8.8,83.5,-7.0,15.3,14.9
1088.807,83,107.0,1024.0,1.0,0.0,8.8,83.5,-7.0,15.3,14.9
1088.894,83,107.0,1024.0,1.0,0.0,8.8,83.5,-7.0,14.9,14.9
1089.044,83,107.0,1024.0,1.0,0.0,8.8,83.5,-7.0,14.9,14.5
1089.135,83,107.0,1024.0,1.0,0.0,8.8,83.5,-7.0,14.9,14.5
1089.225,83,108.0,1024.0,1.0,0.0,8.8,83.5,-7.0,14.9,14.5
1089.315,83,108.0,1024.0,1.0,0.0,8.8,83.5,-7.0,14.9,14.5
1089.405,83,108.0,1024.0,1.0,0.0,8.8,83.5,-7.0,14.9,14.5
1089.524,83,108.0,1024.0,1.0,1.0,8.8,83.5,-7.0,14.9,14.5
1089.674,83,108.0,1024.0,1.0,1.0,8.8,83.5,-7.0,14.9,14.5
1089.77,83,108.0,1024.0,1.0,1.0,8.8,83.5,-7.0,14.9,14.5
1089.914,83,108.0,1024.0,1.0,1.0,8.8,83.5,-7.0,14.9,14.5
1090.014,83,108.0,1024.0,1.0,1.0,8.8,83.5,-7.0,15.3,14.5
1090.184,83,108.0,1024.0,1.0,1.0,8.8,83.5,-7.0,15.3,14.9
1090.274,83,108.0,1024.0,1.0,1.0,8.8,83.5,-7.0,15.3,14.9
1090.365,83,107.0,1024.0,1.0,1.0,8.8,83.5,-7.0,15.3,14.9
1090.455,83,107.0,1026.0,1.0,1.0,8.8,83.5,-7.0,15.3,14.9
1090.574,83,107.0,1026.0,1.0,1.0,8.8,83.5,-7.0,15.3,14.9
1090.724,83,107.0,1026.0,1.0,1.0,8.8,83.5,-7.0,15.3,14.9
1090.844,83,107.0,1026.0,1.0,1.0,8.52,83.5,-7.0,15.3,14.9
1090.938,83,107.0,1026.0,1.0,1.0,8.52,83.5,-7.0,15.3,14.9
1091.026,83,107.0,1026.0,1.0,1.0,8.52,83.5,-7.0,15.3,14.9
1091.114,83,107.0,1026.0,1.0,1.0,8.52,83.5,-7.0,14.5,14.9
1091.205,83,107.0,1026.0,1.0,1.0,8.52,83.5,-7.0,14.5,14.5
1091.324,83,107.0,1026.0,1.0,1.0,8.52,83.5,-7.0,14.5,14.5
1091.474,83,107.0,1026.0,1.0,1.0,8.52,83.5,-7.0,14.5,14.5
1091.565,83,107.0,1077.0,1.0,1.0,8.52,83.5,-7.0,14.5,14.5
1091.655,83,107.0,1077.0,1.0,1.0,8.52,83.5,-7.0,14.5,14.5
1091.774,83,107.0,1077.0,1.0,1.0,8.52,83.5,-7.0,14.5,14.5
1091.986,83,107.0,1077.0,1.0,1.0,8.86,83.5,-7.0,14.5,14.5
1092.074,83,107.0,1077.0,1.0,1.0,8.86,83.5,-7.0,14.5,14.5
1092.165,83,107.0,1077.0,1.0,1.0,8.86,83.5,-7.0,14.5,14.5
1092.255,83,107.0,1077.0,1.0,1.0,8.86,83.5,-7.0,17.6,14.5
1092.374,83,107.0,1077.0,1.0,1.0,8.86,83.5,-7.0,17.6,17.6
1092.524,83,107.0,1077.0,1.0,1.0,8.86,83.5,-7.0,17.6,17.6
1092.614,83,107.0,1077.0,1.0,1.0,8.86,83.5,-7.0,17.6,17.6
1092.705,83,107.0,1008.0,1.0,1.0,8.86,83.5,-7.0,17.6,17.6
1092.824,83,107.0,1008.0,2.0,1.0,8.86,83.5,-7.0,17.6,17.6
1092.944,83,107.0,1008.0,2.0,1.0,8.86,83.5,-7.0,17.6,17.6
1093.039,83,107.0,1008.0,2.0,1.0,8.08,83.5,-7.0,17.6,17.6
1093.214,83,107.0,1008.0,2.0,1.0,8.08,83.5,-7.0,17.6,17.6
1093.304,83,107.0,1008.0,2.0,1.0,8.08,83.5,-7.0,17.6,17.6
1093.423,83,107.0,1008.0,2.0,1.0,8.08,83.5,-7.0,14.5,17.6
1093.573,83,107.0,1008.0,2.0,1.0,8.08,83.5,-7.0,14.5,14.5
1093.695,83,107.0,1008.0,2.0,1.0,8.08,83.5,-7.0,14.5,14.5
1093.813,83,104.0,1008.0,2.0,1.0,8.08,83.5,-7.0,14.5,14.5
1093.905,83,104.0,1069.0,2.0,1.0,8.08,83.5,-7.0,14.5,14.5
1094.054,83,104.0,1069.0,1.0,1.0,8.08,83.5,-7.0,14.5,14.5
1094.173,83,104.0,1069.0,1.0,2.0,8.08,83.5,-7.0,14.5,14.5
1094.324,83,104.0,1069.0,1.0,2.0,8.16,83.5,-7.0,14.5,14.5
1094.414,83,104.0,1069.0,1.0,2.0,8.16,83.5,-7.0,14.5,14.5
1094.505,83,104.0,1069.0,1.0,2.0,8.16,83.5,-7.0,14.5,14.5
1094.625,83,104.0,1069.0,1.0,2.0,8.16,83.5,-7.0,16.1,14.5
1094.774,83,104.0,1069.0,1.0,2.0,8.16,83.5,-7.0,16.1,16.1
1094.928,83,104.0,1069.0,1.0,2.0,8.16,83.5,-7.0,16.1,16.1
1095.015,83,106.0,1069.0,1.0,2.0,8.16,83.5,-7.0,16.1,16.1
1095.106,83,106.0,1076.0,1.0,2.0,8.16,83.5,-7.0,16.1,16.1
1095.224,83,106.0,1076.0,1.0,2.0,8.16,83.5,-7.0,16.1,16.1
1095.374,83,106.0,1076.0,1.0,0.0,8.16,83.5,-7.0,16.1,16.1
1095.465,83,106.0,1076.0,1.0,0.0,9.08,83.5,-7.0,16.1,16.1
1095.554,83,106.0,1076.0,1.0,0.0,9.08,83.5,-7.0,16.1,16.1
1095.676,83,106.0,1076.0,1.0,0.0,9.08,83.5,-7.0,16.1,16.1
1095.826,83,106.0,1076.0,1.0,0.0,9.08,83.5,-7.0,14.1,16.1
1095.914,83,106.0,1076.0,1.0,0.0,9.08,83.5,-7.0,14.1,14.5
1096.064,83,106.0,1076.0,1.0,0.0,9.08,83.5,-7.0,14.1,14.5
1096.244,83,107.0,1076.0,1.0,0.0,9.08,83.5,-7.0,14.1,14.5
1096.335,83,107.0,1055.0,1.0,0.0,9.08,83.5,-7.0,14.1,14.5
1096.425,83,107.0,1055.0,0.0,0.0,9.08,83.5,-7.0,14.1,14.5
1096.514,83,107.0,1055.0,0.0,1.0,9.08,83.5,-7.0,14.1,14.5
1096.607,83,107.0,1055.0,0.0,1.0,8.63,83.5,-7.0,14.1,14.5
1096.724,83,107.0,1055.0,0.0,1.0,8.63,83.5,-7.0,14.1,14.5
1096.847,83,107.0,1055.0,0.0,1.0,8.63,83.5,-7.0,14.1,14.5
1096.935,83,107.0,1055.0,0.0,1.0,8.63,83.5,-7.0,15.7,14.5
1097.028,83,107.0,1055.0,0.0,1.0,8.63,83.5,-7.0,15.7,14.9
1097.114,83,107.0,1055.0,0.0,1.0,8.63,83.5,-7.0,15.7,14.9
1097.205,83,107.0,1055.0,0.0,1.0,8.63,83.5,-7.0,15.7,14.9
1097.385,83,107.0,1051.0,0.0,1.0,8.63,83.5,-7.0,15.7,14.9
1097.475,83,107.0,1051.0,1.0,1.0,8.63,83.5,-7.0,15.7,14.9
1097.565,83,107.0,1051.0,1.0,1.0,8.63,83.5,-7.0,15.7,14.9
1097.655,83,107.0,1051.0,1.0,1.0,9.05,83.5,-7.0,15.7,14.9
1097.774,83,107.0,1051.0,1.0,1.0,9.05,83.5,-7.0,15.7,14.9
1097.894,83,107.0,1051.0,1.0,1.0,9.05,83.5,-7.0,15.7,14.9
1097.991,83,107.0,1051.0,1.0,1.0,9.05,83.5,-7.0,14.9,14.9
1098.164,83,107.0,1051.0,1.0,1.0,9.05,83.5,-7.0,14.9,14.5
1098.255,83,107.0,1051.0,1.0,1.0,9.05,83.5,-7.0,14.9,14.5
1098.373,83,107.0,1051.0,1.0,1.0,9.05,83.5,-7.0,14.9,14.5
1098.524,83,107.0,1028.0,1.0,1.0,9.05,83.5,-7.0,14.9,14.5
1098.615,83,107.0,1028.0,1.0,1.0,9.05,83.5,-7.0,14.9,14.5
1098.707,83,107.0,1028.0,1.0,1.0,9.05,83.5,-7.0,14.9,14.5
1098.825,83,107.0,1028.0,1.0,1.0,8.83,83.5,-7.0,14.9,14.5
1098.974,83,107.0,1028.0,1.0,1.0,8.83,83.5,-7.0,14.9,14.5
1099.124,83,107.0,1028.0,1.0,1.0,8.83,83.5,-7.0,14.9,14.5
1099.214,83,107.0,1028.0,1.0,1.0,8.83,83.5,-7.0,15.3,14.5
1099.306,83,107.0,1028.0,1.0,1.0,8.83,83.5,-7.0,15.3,14.9
1099.424,83,107.0,1028.0,1.0,1.0,8.83,83.5,-7.0,15.3,14.9
1099.574,83,107.0,1028.0,1.0,1.0,8.83,83.5,-7.0,15.3,14.9
1099.668,83,107.0,1031.0,1.0,1.0,8.83,83.5,-7.0,15.3,14.9
1099.786,83,107.0,1031.0,2.0,1.0,8.83,83.5,-7.0,15.3,14.9
1099.936,83,107.0,1031.0,2.0,1.0,8.83,83.5,-7.0,15.3,14.9
1100.025,83,107.0,1031.0,2.0,1.0,9.27,83.5,-7.0,15.3,14.9
1100.114,83,107.0,1031.0,2.0,1.0,9.27,83.5,-7.0,15.3,14.9
1100.205,83,107.0,1031.0,2.0,1.0,9.27,83.5,-7.0,15.3,14.9
1100.294,83,107.0,1031.0,2.0,1.0,9.27,83.5,-7.0,14.1,14.9
1100.414,83,107.0,1031.0,2.0,1.0,9.27,83.5,-7.0,14.1,14.5
1100.564,83,107.0,1031.0,2.0,1.0,9.27,83.5,-7.0,14.1,14.5
1100.657,83,107.0,1031.0,2.0,1.0,9.27,83.5,-7.0,14.1,14.5
1100.775,83,107.0,1063.0,2.0,1.0,9.27,83.5,-7.0,14.1,14.5
1100.894,83,107.0,1063.0,0.0,1.0,9.27,83.5,-7.0,14.1,14.5
1101.015,83,107.0,1063.0,0.0,2.0,9.27,83.5,-7.0,14.1,14.5
1101.164,83,107.0,1063.0,0.0,2.0,9.19,83.5,-7.0,14.1,14.5
1101.254,83,107.0,1063.0,0.0,2.0,9.19,83.5,-7.0,14.1,14.5
1101.344,83,107.0,1063.0,0.0,2.0,9.19,83.5,-7.0,14.1,14.5
1101.464,83,107.0,1063.0,0.0,2.0,9.19,83.5,-7.0,14.1,14.5
1101.614,83,107.0,1063.0,0.0,2.0,9.19,83.5,-7.0,14.1,14.5
1101.708,83,107.0,1063.0,0.0,2.0,9.19,83.5,-7.0,14.1,14.5
1101.797,83,107.0,1063.0,0.0,2.0,9.19,83.5,-7.0,14.1,14.5
1101.914,83,107.0,1047.0,0.0,2.0,9.19,83.5,-7.0,14.1,14.5
1102.064,83,107.0,1047.0,0.0,2.0,9.19,83.5,-7.0,14.1,14.5
1102.154,83,107.0,1047.0,0.0,2.0,9.19,83.5,-7.0,14.1,14.5
1102.274,83,107.0,1047.0,0.0,2.0,9.08,83.5,-7.0,14.1,14.5
1102.424,83,107.0,1047.0,0.0,2.0,9.08,83.5,-7.0,14.1,14.5
1102.514,83,107.0,1047.0,0.0,2.0,9.08,83.5,-7.0,14.1,14.5
1102.609,83,107.0,1047.0,0.0,2.0,9.08,83.5,-7.0,20.0,14.5
1102.694,83,107.0,1047.0,0.0,2.0,9.08,83.5,-7.0,20.0,21.2
1102.845,83,107.0,1047.0,0.0,2.0,9.08,83.5,-7.0,20.0,21.2
1102.935,83,107.0,1047.0,0.0,2.0,9.08,83.5,-7.0,20.0,21.2
1103.084,83,107.0,1189.0,0.0,2.0,9.08,83.5,-7.0,20.0,21.2
1103.175,83,107.0,1189.0,0.0,2.0,9.08,83.5,-7.0,20.0,21.2
1103.264,83,107.0,1189.0,0.0,2.0,9.08,83.5,-7.0,20.0,21.2
1103.354,83,107.0,1189.0,0.0,2.0,9.13,83.5,-7.0,20.0,21.2
1103.444,83,107.0,1189.0,0.0,2.0,9.13,83.5,-7.0,20.0,21.2
1103.563,83,107.0,1189.0,0.0,2.0,9.13,83.5,-7.0,20.0,21.2
1103.714,83,107.0,1189.0,0.0,2.0,9.13,83.5,-7.0,14.1,21.2
1103.805,83,107.0,1189.0,0.0,2.0,9.13,83.5,-7.0,14.1,14.5
1103.984,83,107.0,1189.0,0.0,2.0,9.13,83.5,-7.0,14.1,14.5
1104.134,83,101.0,1189.0,0.0,2.0,9.13,83.5,-7.0,14.1,14.5
1104.226,83,101.0,1056.0,0.0,2.0,9.13,83.5,-7.0,14.1,14.5
1104.314,83,101.0,1056.0,0.0,2.0,9.13,83.5,-7.0,14.1,14.5
1104.404,83,101.0,1056.0,0.0,2.0,9.13,83.5,-7.0,14.1,14.5
1104.495,83,101.0,1056.0,0.0,2.0,8.41,83.5,-7.0,14.1,14.5
1104.614,83,101.0,1056.0,0.0,2.0,8.41,83.5,-7.0,14.1,14.5
1104.768,83,101.0,1056.0,0.0,2.0,8.41,83.5,-7.0,14.1,14.5
1104.855,83,101.0,1056.0,0.0,2.0,8.41,83.5,-7.0,22.4,14.5
1104.945,83,101.0,1056.0,0.0,2.0,8.41,83.5,-7.0,22.4,22.4
1105.093,83,101.0,1056.0,0.0,2.0,8.41,83.5,-7.0,22.4,22.4
1105.214,83,105.0,1056.0,0.0,2.0,8.41,83.5,-7.0,22.4,22.4
1105.365,83,105.0,1120.0,0.0,2.0,8.41,83.5,-7.0,22.4,22.4
1105.454,83,105.0,1120.0,0.0,2.0,8.41,83.5,-7.0,22.4,22.4
1105.549,83,105.0,1120.0,0.0,3.0,8.41,83.5,-7.0,22.4,22.4
1105.665,83,105.0,1120.0,0.0,3.0,16.63,83.5,-7.0,22.4,22.4
1105.814,83,105.0,1120.0,0.0,3.0,16.63,83.5,-7.0,22.4,22.4
1105.905,83,105.0,1120.0,0.0,3.0,16.63,83.5,-7.0,22.4,22.4
1106.054,83,105.0,1120.0,0.0,3.0,16.63,83.5,-7.0,24.7,22.4
1106.145,83,105.0,1120.0,0.0,3.0,16.63,83.5,-7.0,24.7,16.9
1106.264,83,105.0,1120.0,0.0,3.0,16.63,83.5,-7.0,24.7,16.9
1106.414,83,109.0,1120.0,0.0,3.0,16.63,83.5,-7.0,24.7,16.9
1106.509,83,109.0,1162.0,0.0,3.0,16.63,83.5,-7.0,24.7,16.9
1106.594,83,109.0,1162.0,2.0,3.0,16.63,83.5,-7.0,24.7,16.9
1106.714,83,109.0,1162.0,2.0,5.0,16.63,83.5,-7.0,24.7,16.9
1106.865,83,109.0,1162.0,2.0,5.0,17.55,83.5,-7.0,24.7,16.9
1106.954,83,109.0,1162.0,2.0,5.0,17.55,31.0,-7.0,24.7,16.9
1107.103,83,109.0,1162.0,2.0,5.0,17.55,31.0,-7.0,24.7,16.9
1107.195,83,109.0,1162.0,2.0,5.0,17.55,31.0,-7.0,14.1,16.9
1107.313,83,109.0,1162.0,2.0,5.0,17.55,31.0,-7.0,14.1,14.5
1107.464,83,109.0,1162.0,2.0,5.0,17.55,31.0,-7.0,14.1,14.5
1107.555,83,103.0,1162.0,2.0,5.0,17.55,31.0,-7.0,14.1,14.5
1107.647,83,103.0,1056.0,2.0,5.0,17.55,31.0,-7.0,14.1,14.5
1107.765,83,103.0,1056.0,1.0,5.0,17.55,31.0,-7.0,14.1,14.5
1107.974,83,103.0,1056.0,1.0,4.0,17.55,31.0,-7.0,14.1,14.5
1108.065,83,103.0,1056.0,1.0,4.0,9.13,31.0,-7.0,14.1,14.5
1108.154,83,103.0,1056.0,1.0,4.0,9.13,83.5,-7.0,14.1,14.5
1108.245,83,103.0,1056.0,1.0,4.0,9.13,83.5,-7.0,14.1,14.5
1108.364,83,103.0,1056.0,1.0,4.0,9.13,83.5,-7.0,14.1,14.5
1108.513,83,103.0,1056.0,1.0,4.0,9.13,83.5,-7.0,14.1,14.5
1108.605,83,103.0,1056.0,1.0,4.0,9.13,83.5,-7.0,14.1,14.5
1108.698,83,106.0,1056.0,1.0,4.0,9.13,83.5,-7.0,14.1,14.5
1108.814,83,106.0,1041.0,1.0,4.0,9.13,83.5,-7.0,14.1,14.5
1109.054,83,106.0,1041.0,0.0,4.0,9.13,83.5,-7.0,14.1,14.5
1109.145,83,106.0,1041.0,0.0,1.0,9.13,83.5,-7.0,14.1,14.5
1109.264,83,106.0,1041.0,0.0,1.0,8.86,83.5,-7.0,14.1,14.5
1109.414,83,106.0,1041.0,0.0,1.0,8.86,83.5,-7.0,14.1,14.5
1109.594,83,106.0,1041.0,0.0,1.0,8.86,83.5,-7.0,14.1,14.5
1109.715,83,106.0,1041.0,0.0,1.0,8.86,83.5,-7.0,14.1,14.5
1109.864,83,106.0,1041.0,0.0,1.0,8.86,83.5,-7.0,14.1,14.5
1109.954,83,106.0,1041.0,0.0,1.0,8.86,83.5,-7.0,14.1,14.5
1110.113,83,106.0,1041.0,0.0,1.0,8.86,83.5,-7.0,14.1,14.5
1110.283,83,106.0,1041.0,0.0,1.0,8.86,83.5,-7.0,14.1,14.5
1110.374,83,106.0,1041.0,0.0,1.0,8.86,83.5,-7.0,14.1,14.5
1110.465,83,106.0,1041.0,0.0,2.0,8.86,83.5,-7.0,14.1,14.5
1110.554,83,106.0,1041.0,0.0,2.0,9.08,83.5,-7.0,14.1,14.5
1110.646,83,106.0,1041.0,0.0,2.0,9.08,83.5,-7.0,14.1,14.5
1110.764,83,106.0,1041.0,0.0,2.0,9.08,83.5,-7.0,14.1,14.5
1110.914,83,106.0,1041.0,0.0,2.0,9.08,83.5,-7.0,14.1,14.5
1111.007,83,106.0,1041.0,0.0,2.0,9.08,83.5,-7.0,14.1,14.5
1111.095,83,106.0,1041.0,0.0,2.0,9.08,83.5,-7.0,14.1,14.5
1111.214,83,107.0,1041.0,0.0,2.0,9.08,83.5,-7.0,14.1,14.5
1111.364,83,107.0,1040.0,0.0,2.0,9.08,83.5,-7.0,14.1,14.5
1111.457,83,107.0,1040.0,0.0,2.0,9.08,83.5,-7.0,14.1,14.5
1111.548,83,107.0,1040.0,0.0,2.0,9.08,83.5,-7.0,14.1,14.5
1111.665,83,107.0,1040.0,0.0,2.0,8.99,83.5,-7.0,14.1,14.5
1111.814,83,107.0,1040.0,0.0,2.0,8.99,83.5,-7.0,14.1,14.5
1111.999,83,107.0,1040.0,0.0,2.0,8.99,83.5,-7.0,14.1,14.5
1112.114,83,107.0,1040.0,0.0,2.0,8.99,83.5,-7.0,14.1,14.5
1112.264,83,107.0,1040.0,0.0,2.0,8.99,83.5,-7.0,14.1,14.5
1112.384,83,107.0,1040.0,0.0,2.0,8.99,83.5,-7.0,14.1,14.5
1112.533,83,106.0,1040.0,0.0,2.0,8.99,83.5,-7.0,14.1,14.5
1112.654,83,106.0,1041.0,0.0,2.0,8.99,83.5,-7.0,14.1,14.5
1112.83,83,106.0,1041.0,0.0,2.0,8.99,83.5,-7.0,14.1,14.5
1112.952,83,106.0,1041.0,0.0,2.0,8.99,83.5,-7.0,14.1,14.5
1113.102,83,106.0,1041.0,0.0,2.0,2.77,83.5,-7.0,14.1,14.5
1113.194,83,106.0,1041.0,0.0,2.0,2.77,13.7,-7.0,14.1,14.5
1113.313,83,106.0,1041.0,0.0,2.0,2.77,13.7,-7.0,14.1,14.5
1113.464,83,106.0,1041.0,0.0,2.0,2.77,13.7,-7.0,14.1,14.5
1113.554,83,106.0,1041.0,0.0,2.0,2.77,13.7,-7.0,14.1,14.5
1113.649,83,106.0,1041.0,0.0,2.0,2.77,13.7,-7.0,14.1,14.5
1113.766,83,36.0,1041.0,0.0,2.0,2.77,13.7,-7.0,14.1,14.5
1113.914,83,36.0,317.0,0.0,2.0,2.77,13.7,-7.0,14.1,14.5
1114.064,83,36.0,317.0,0.0,2.0,2.77,13.7,-7.0,14.1,14.5
1114.213,83,36.0,317.0,0.0,-2.0,2.77,13.7,-7.0,14.1,14.5
1222.332,83,36.0,317.0,0.0,-2.0,2.77,13.7,-7.0,14.1,14.5
1222.422,83,36.0,317.0,0.0,-2.0,2.77,13.7,-7.0,14.1,14.5
1222.512,83,36.0,317.0,0.0,-2.0,2.77,13.7,-7.0,14.1,14.5
1222.604,83,36.0,317.0,0.0,-2.0,2.77,13.7,-7.0,14.1,14.5
1222.693,83,98.0,317.0,0.0,-2.0,2.77,13.7,-7.0,14.1,14.5
1222.783,83,98.0,0.0,0.0,-2.0,2.77,13.7,-7.0,14.1,14.5
1222.873,83,98.0,0.0,0.0,-2.0,2.77,13.7,-7.0,14.1,14.5
1222.965,83,98.0,0.0,0.0,16.0,2.77,13.7,-7.0,14.1,14.5
1223.055,83,98.0,0.0,0.0,16.0,0.0,13.7,-7.0,14.1,14.5
1223.145,83,98.0,0.0,0.0,16.0,0.0,89.0,-7.0,14.1,14.5
1223.235,83,98.0,0.0,0.0,16.0,0.0,89.0,-7.0,14.1,14.5
1223.352,83,98.0,0.0,0.0,16.0,0.0,89.0,-7.0,14.1,14.5
1223.442,83,98.0,0.0,0.0,16.0,0.0,89.0,-7.0,14.1,14.5
1223.533,83,98.0,0.0,0.0,16.0,0.0,89.0,-7.0,14.1,14.5
1223.622,83,98.0,0.0,0.0,16.0,0.0,89.0,-7.0,14.1,14.5
1223.743,83,98.0,0.0,0.0,16.0,0.0,89.0,-7.0,14.1,14.5
1223.892,83,98.0,0.0,0.0,16.0,0.0,89.0,-7.0,14.1,14.5
1223.985,83,98.0,0.0,0.0,37.0,0.0,89.0,-7.0,14.1,14.5
1224.075,83,98.0,0.0,0.0,37.0,0.0,89.0,-7.0,14.1,14.5
1224.164,83,98.0,0.0,0.0,37.0,0.0,89.0,-7.0,14.1,14.5
1224.256,83,98.0,0.0,0.0,37.0,0.0,89.0,-7.0,14.1,14.5
1224.343,83,98.0,0.0,0.0,37.0,0.0,89.0,-7.0,14.1,14.5
1224.437,83,98.0,0.0,0.0,37.0,0.0,89.0,-7.0,14.1,14.5
1224.524,83,98.0,0.0,0.0,37.0,0.0,89.0,-7.0,14.1,14.5
1224.616,83,98.0,0.0,0.0,37.0,0.0,89.0,-7.0,14.1,14.5
1224.706,83,98.0,0.0,0.0,37.0,0.0,89.0,-7.0,14.1,14.5
1224.795,83,98.0,0.0,0.0,37.0,0.0,89.0,-7.0,14.1,14.5
1224.885,83,98.0,0.0,0.0,62.0,0.0,89.0,-7.0,14.1,14.5
1224.975,83,98.0,0.0,0.0,62.0,0.0,89.0,-7.0,14.1,14.5
1225.068,83,98.0,0.0,0.0,62.0,0.0,89.0,-7.0,14.1,14.5
1225.156,83,98.0,0.0,0.0,62.0,0.0,89.0,-7.0,14.1,14.5
1225.244,83,98.0,0.0,0.0,62.0,0.0,89.0,-7.0,14.1,14.5
1225.393,83,98.0,0.0,0.0,62.0,0.0,89.0,-7.0,14.1,14.5
1225.486,83,98.0,0.0,0.0,62.0,0.0,89.0,-7.0,14.1,14.5
1225.575,83,98.0,0.0,0.0,62.0,0.0,89.0,-7.0,14.1,14.5
1225.665,83,98.0,0.0,0.0,62.0,0.0,89.0,-7.0,14.1,14.5
1225.756,83,98.0,0.0,0.0,62.0,0.0,89.0,-7.0,14.1,14.5
1225.845,83,98.0,0.0,0.0,65.0,0.0,89.0,-7.0,14.1,14.5
1225.937,83,98.0,0.0,0.0,65.0,0.0,89.0,-7.0,14.1,14.5
1226.039,83,98.0,0.0,0.0,65.0,0.0,89.0,-7.0,14.1,14.5
1226.115,83,98.0,0.0,0.0,65.0,0.0,89.0,-7.0,14.1,14.5
1226.205,83,98.0,0.0,0.0,65.0,0.0,89.0,-7.0,14.1,14.5
1226.323,83,98.0,0.0,0.0,65.0,0.0,89.0,-7.0,14.1,14.5
1226.443,83,98.0,0.0,0.0,65.0,0.0,89.0,-7.0,14.1,14.5
1226.537,83,98.0,0.0,0.0,65.0,0.0,89.0,-7.0,14.1,14.5
1226.624,83,98.0,0.0,0.0,65.0,0.0,89.0,-7.0,14.1,14.5
1226.715,83,98.0,0.0,0.0,65.0,0.0,89.0,-7.0,14.1,14.5
1226.806,83,98.0,0.0,0.0,64.0,0.0,89.0,-7.0,14.1,14.5
1226.895,83,98.0,0.0,0.0,64.0,0.0,89.0,-7.0,14.1,14.5
1226.986,83,98.0,0.0,0.0,64.0,0.0,89.0,-7.0,14.1,14.5
1227.075,83,98.0,0.0,0.0,64.0,0.0,89.0,-7.0,14.1,14.5
1227.164,83,98.0,0.0,0.0,64.0,0.0,89.0,-7.0,14.1,14.5
1227.282,83,98.0,0.0,0.0,64.0,0.0,89.0,-7.0,14.1,14.5
1227.405,83,98.0,0.0,0.0,64.0,0.0,89.0,-7.0,14.1,14.5
1227.535,83,98.0,0.0,0.0,64.0,0.0,89.0,-7.0,14.1,14.5
