timestamp,coolant_temp,map,rpm,speed,iat,maf,throttle_pos,ambient_temp,pedal_d,pedal_e
0.69,89,98.0,770.0,0.0,-13.0,6.77,83.1,-1.0,14.1,14.5
0.779,89,98.0,770.0,0.0,-13.0,6.77,83.1,-1.0,14.1,14.5
0.84,89,98.0,770.0,0.0,-13.0,6.77,83.1,-1.0,14.1,14.5
0.929,89,98.0,769.0,0.0,-13.0,6.77,83.1,-1.0,14.1,14.5
0.99,89,98.0,769.0,0.0,-13.0,6.77,83.1,-1.0,14.1,14.5
1.079,89,98.0,769.0,0.0,-13.0,6.77,83.1,-1.0,14.1,14.5
1.14,89,98.0,769.0,0.0,-13.0,6.61,83.1,-1.0,14.1,14.5
1.229,89,98.0,769.0,0.0,-13.0,6.61,83.5,-1.0,14.1,14.5
1.319,89,98.0,769.0,0.0,-13.0,6.61,83.5,-1.0,14.1,14.5
1.409,89,98.0,769.0,0.0,-13.0,6.61,83.5,-1.0,14.1,14.5
1.498,89,98.0,769.0,0.0,-13.0,6.61,83.5,-1.0,14.1,14.5
1.588,89,98.0,769.0,0.0,-13.0,6.61,83.5,-1.0,14.1,14.5
1.678,89,98.0,769.0,0.0,-13.0,6.61,83.5,-1.0,14.1,14.5
1.768,89,98.0,771.0,0.0,-13.0,6.61,83.5,-1.0,14.1,14.5
1.829,89,98.0,771.0,0.0,-13.0,6.61,83.5,-1.0,14.1,14.5
1.889,89,98.0,771.0,0.0,-12.0,6.61,83.5,-1.0,14.1,14.5
1.979,89,98.0,771.0,0.0,-12.0,6.55,83.5,-1.0,14.1,14.5
2.041,89,98.0,771.0,0.0,-12.0,6.55,83.5,-1.0,14.1,14.5
2.128,89,98.0,771.0,0.0,-12.0,6.55,83.5,-1.0,14.1,14.5
2.189,89,98.0,771.0,0.0,-12.0,6.55,83.5,-1.0,14.1,14.5
2.278,89,98.0,771.0,0.0,-12.0,6.55,83.5,-1.0,14.1,14.5
2.349,89,98.0,771.0,0.0,-12.0,6.55,83.5,-1.0,14.1,14.5
2.428,89,98.0,771.0,0.0,-12.0,6.55,83.5,-1.0,14.1,14.5
2.518,89,98.0,772.0,0.0,-12.0,6.55,83.5,-1.0,14.1,14.5
2.727,89,98.0,772.0,0.0,-12.0,6.55,83.5,-1.0,14.1,14.5
2.796,89,98.0,772.0,0.0,-11.0,6.55,83.5,-1.0,14.1,14.5
2.877,89,98.0,772.0,0.0,-11.0,6.58,83.5,-1.0,14.1,14.5
2.938,89,98.0,772.0,0.0,-11.0,6.58,83.5,-1.0,14.1,14.5
3.027,89,98.0,772.0,0.0,-11.0,6.58,83.5,-1.0,14.1,14.5
3.089,89,98.0,772.0,0.0,-11.0,6.58,83.5,-1.0,14.1,14.5
3.177,89,98.0,772.0,0.0,-11.0,6.58,83.5,-1.0,14.1,14.5
3.267,89,98.0,772.0,0.0,-11.0,6.58,83.5,-1.0,14.1,14.5
3.357,89,98.0,772.0,0.0,-11.0,6.58,83.5,-1.0,14.1,14.5
3.448,89,98.0,771.0,0.0,-11.0,6.58,83.5,-1.0,14.1,14.5
3.537,89,98.0,771.0,0.0,-11.0,6.58,83.5,-1.0,14.1,14.5
3.627,89,98.0,771.0,0.0,-11.0,6.58,83.5,-1.0,14.1,14.5
3.717,89,98.0,771.0,0.0,-11.0,6.69,83.5,-1.0,14.1,14.5
3.778,89,98.0,771.0,0.0,-11.0,6.69,83.5,-1.0,14.1,14.5
3.838,89,98.0,771.0,0.0,-11.0,6.69,83.5,-1.0,14.1,14.5
3.927,89,98.0,771.0,0.0,-11.0,6.69,83.5,-1.0,14.1,14.5
3.987,89,98.0,771.0,0.0,-11.0,6.69,83.5,-1.0,14.1,14.5
4.076,89,98.0,771.0,0.0,-11.0,6.69,83.5,-1.0,14.1,14.5
4.137,89,98.0,771.0,0.0,-11.0,6.69,83.5,-1.0,14.1,14.5
4.227,89,98.0,772.0,0.0,-11.0,6.69,83.5,-1.0,14.1,14.5
4.287,89,98.0,772.0,0.0,-11.0,6.69,83.5,-1.0,14.1,14.5
4.376,89,98.0,772.0,0.0,-10.0,6.69,83.5,-1.0,14.1,14.5
4.467,89,98.0,772.0,0.0,-10.0,6.77,83.5,-1.0,14.1,14.5
4.557,89,98.0,772.0,0.0,-10.0,6.77,83.1,-1.0,14.1,14.5
4.647,89,98.0,772.0,0.0,-10.0,6.77,83.1,-1.0,14.1,14.5
4.736,89,98.0,772.0,0.0,-10.0,6.77,83.1,-1.0,14.1,14.5
4.831,89,98.0,772.0,0.0,-10.0,6.77,83.1,-1.0,14.1,14.5
4.887,89,98.0,772.0,0.0,-10.0,6.77,83.1,-1.0,14.1,14.5
4.976,89,98.0,772.0,0.0,-10.0,6.77,83.1,-1.0,14.1,14.5
5.037,89,98.0,770.0,0.0,-10.0,6.77,83.1,-1.0,14.1,14.5
5.126,89,98.0,770.0,0.0,-10.0,6.77,83.1,-1.0,14.1,14.5
5.187,89,98.0,770.0,0.0,-10.0,6.77,83.1,-1.0,14.1,14.5
5.276,89,98.0,770.0,0.0,-10.0,6.74,83.1,-1.0,14.1,14.5
5.396,89,98.0,770.0,0.0,-10.0,6.74,83.5,-1.0,14.1,14.5
5.486,89,98.0,770.0,0.0,-10.0,6.74,83.5,-1.0,14.1,14.5
5.576,89,98.0,770.0,0.0,-10.0,6.74,83.5,-1.0,14.1,14.5
5.666,89,98.0,770.0,0.0,-10.0,6.74,83.5,-1.0,14.1,14.5
5.726,89,98.0,770.0,0.0,-10.0,6.74,83.5,-1.0,14.1,14.5
5.786,89,98.0,770.0,0.0,-10.0,6.74,83.5,-1.0,14.1,14.5
5.876,89,98.0,772.0,0.0,-10.0,6.74,83.5,-1.0,14.1,14.5
5.937,89,98.0,772.0,0.0,-10.0,6.74,83.5,-1.0,14.1,14.5
6.026,89,98.0,772.0,0.0,-9.0,6.74,83.5,-1.0,14.1,14.5
6.086,89,98.0,772.0,0.0,-9.0,6.8,83.5,-1.0,14.1,14.5
6.175,89,98.0,772.0,0.0,-9.0,6.8,83.5,-1.0,14.1,14.5
6.237,89,98.0,772.0,0.0,-9.0,6.8,83.5,0.0,14.1,14.5
6.325,89,98.0,772.0,0.0,-9.0,6.8,83.5,0.0,14.1,14.5
6.386,89,98.0,772.0,0.0,-9.0,6.8,83.5,0.0,14.1,14.5
6.475,89,98.0,772.0,0.0,-9.0,6.8,83.5,0.0,14.1,14.5
6.536,89,98.0,772.0,0.0,-9.0,6.8,83.5,0.0,14.1,14.5
6.625,89,98.0,770.0,0.0,-9.0,6.8,83.5,0.0,14.1,14.5
6.686,89,98.0,770.0,0.0,-9.0,6.8,83.5,0.0,14.1,14.5
6.775,89,98.0,770.0,0.0,-9.0,6.8,83.5,0.0,14.1,14.5
6.836,89,98.0,770.0,0.0,-9.0,6.83,83.5,0.0,14.1,14.5
6.925,89,98.0,770.0,0.0,-9.0,6.83,83.5,0.0,14.1,14.5
6.986,89,98.0,770.0,0.0,-9.0,6.83,83.5,0.0,14.1,14.5
7.075,89,98.0,770.0,0.0,-9.0,6.83,83.5,0.0,14.1,14.5
7.138,89,98.0,770.0,0.0,-9.0,6.83,83.5,0.0,14.1,14.5
7.226,89,98.0,770.0,0.0,-9.0,6.83,83.5,0.0,14.1,14.5
7.286,89,98.0,770.0,0.0,-9.0,6.83,83.5,0.0,14.1,14.5
7.375,89,98.0,770.0,0.0,-9.0,6.83,83.5,0.0,14.1,14.5
7.436,89,98.0,770.0,0.0,-9.0,6.83,83.5,0.0,14.1,14.5
7.526,89,98.0,770.0,0.0,-8.0,6.83,83.5,0.0,14.1,14.5
7.59,89,98.0,770.0,0.0,-8.0,6.61,83.5,0.0,14.1,14.5
7.675,89,98.0,770.0,0.0,-8.0,6.61,83.5,0.0,14.1,14.5
7.736,89,98.0,770.0,0.0,-8.0,6.61,83.5,0.0,14.1,14.5
7.824,89,98.0,770.0,0.0,-8.0,6.61,83.5,0.0,14.1,14.5
7.885,89,98.0,770.0,0.0,-8.0,6.61,83.5,0.0,14.1,14.5
7.974,89,98.0,770.0,0.0,-8.0,6.61,83.5,0.0,14.1,14.5
8.035,89,98.0,770.0,0.0,-8.0,6.61,83.5,0.0,14.1,14.5
8.125,89,98.0,768.0,0.0,-8.0,6.61,83.5,0.0,14.1,14.5
8.185,89,98.0,768.0,0.0,-8.0,6.61,83.5,0.0,14.1,14.5
8.274,89,98.0,768.0,0.0,-8.0,6.61,83.5,0.0,14.1,14.5
8.335,89,98.0,768.0,0.0,-8.0,6.72,83.5,0.0,14.1,14.5
8.425,89,98.0,768.0,0.0,-8.0,6.72,83.5,0.0,14.1,14.5
8.485,89,98.0,768.0,0.0,-8.0,6.72,83.5,0.0,14.1,14.5
8.577,89,98.0,768.0,0.0,-8.0,6.72,83.5,0.0,14.1,14.5
8.638,89,98.0,768.0,0.0,-8.0,6.72,83.5,0.0,14.1,14.5
8.725,89,98.0,768.0,0.0,-8.0,6.72,83.5,0.0,14.1,14.5
8.786,89,98.0,768.0,0.0,-8.0,6.72,83.5,0.0,14.1,14.5
8.875,89,98.0,770.0,0.0,-8.0,6.72,83.5,0.0,14.1,14.5
8.935,89,98.0,770.0,0.0,-8.0,6.72,83.5,0.0,14.1,14.5
9.024,89,98.0,770.0,0.0,-7.0,6.72,83.5,0.0,14.1,14.5
9.085,89,98.0,770.0,0.0,-7.0,6.63,83.5,0.0,14.1,14.5
9.174,89,98.0,770.0,0.0,-7.0,6.63,83.5,0.0,14.1,14.5
9.235,89,98.0,770.0,0.0,-7.0,6.63,83.5,0.0,14.1,14.5
9.324,89,98.0,770.0,0.0,-7.0,6.63,83.5,0.0,14.1,14.5
9.385,89,98.0,770.0,0.0,-7.0,6.63,83.5,0.0,14.1,15.3
9.475,89,98.0,770.0,0.0,-7.0,6.63,83.5,0.0,14.1,15.3
9.536,89,98.0,770.0,0.0,-7.0,6.63,83.5,0.0,14.1,15.3
9.624,89,98.0,769.0,0.0,-7.0,6.63,83.5,0.0,14.1,15.3
9.685,89,98.0,769.0,0.0,-7.0,6.63,83.5,0.0,14.1,15.3
9.774,89,98.0,769.0,0.0,-6.0,6.63,83.5,0.0,14.1,15.3
9.834,89,98.0,769.0,0.0,-6.0,7.02,83.5,0.0,14.1,15.3
9.923,89,98.0,769.0,0.0,-6.0,7.02,83.5,0.0,14.1,15.3
9.984,89,98.0,769.0,0.0,-6.0,7.02,83.5,0.0,14.1,15.3
10.074,89,98.0,769.0,0.0,-6.0,7.02,83.5,0.0,18.0,15.3
10.134,89,98.0,769.0,0.0,-6.0,7.02,83.5,0.0,18.0,18.0
10.224,89,98.0,769.0,0.0,-6.0,7.02,83.5,0.0,18.0,18.0
10.284,89,99.0,769.0,0.0,-6.0,7.02,83.5,0.0,18.0,18.0
10.374,89,99.0,893.0,0.0,-6.0,7.02,83.5,0.0,18.0,18.0
10.436,89,99.0,893.0,0.0,-6.0,7.02,83.5,0.0,18.0,18.0
10.524,89,99.0,893.0,0.0,-5.0,7.02,83.5,0.0,18.0,18.0
10.586,89,99.0,893.0,0.0,-5.0,9.05,83.5,0.0,18.0,18.0
10.703,89,99.0,893.0,0.0,-5.0,9.05,83.5,0.0,18.0,18.0
10.793,89,99.0,893.0,0.0,-5.0,9.05,83.5,0.0,18.0,18.0
10.883,89,99.0,893.0,0.0,-5.0,9.05,83.5,0.0,20.0,18.0
10.975,89,99.0,893.0,0.0,-5.0,9.05,83.5,0.0,20.0,19.6
11.093,89,99.0,893.0,0.0,-5.0,9.05,83.5,0.0,20.0,19.6
11.183,89,101.0,893.0,0.0,-5.0,9.05,83.5,0.0,20.0,19.6
11.273,89,101.0,1038.0,0.0,-5.0,9.05,83.5,0.0,20.0,19.6
11.334,89,101.0,1038.0,0.0,-5.0,9.05,83.5,0.0,20.0,19.6
11.424,89,101.0,1038.0,0.0,-2.0,9.05,83.5,0.0,20.0,19.6
11.484,89,101.0,1038.0,0.0,-2.0,7.02,83.5,0.0,20.0,19.6
11.573,89,101.0,1038.0,0.0,-2.0,7.02,83.5,0.0,20.0,19.6
11.634,89,101.0,1038.0,0.0,-2.0,7.02,83.5,0.0,20.0,19.6
11.723,89,101.0,1038.0,0.0,-2.0,7.02,83.5,0.0,16.9,19.6
11.783,89,101.0,1038.0,0.0,-2.0,7.02,83.5,0.0,16.9,16.9
11.872,89,101.0,1038.0,0.0,-2.0,7.02,83.5,0.0,16.9,16.9
11.934,89,103.0,1038.0,0.0,-2.0,7.02,83.5,0.0,16.9,16.9
12.023,89,103.0,938.0,0.0,-2.0,7.02,83.5,0.0,16.9,16.9
12.113,89,103.0,938.0,0.0,-2.0,7.02,83.5,0.0,16.9,16.9
12.174,89,103.0,938.0,0.0,-4.0,7.02,83.5,0.0,16.9,16.9
12.234,89,103.0,938.0,0.0,-4.0,8.8,83.5,0.0,16.9,16.9
12.323,89,103.0,938.0,0.0,-4.0,8.8,83.5,0.0,16.9,16.9
12.384,89,103.0,938.0,0.0,-4.0,8.8,83.5,0.0,16.9,16.9
12.473,89,103.0,938.0,0.0,-4.0,8.8,83.5,0.0,17.3,16.9
12.535,89,103.0,938.0,0.0,-4.0,8.8,83.5,0.0,17.3,16.5
12.624,88,103.0,938.0,0.0,-4.0,8.8,83.5,0.0,17.3,16.5
12.686,88,103.0,938.0,0.0,-4.0,8.8,83.5,0.0,17.3,16.5
12.773,88,103.0,1007.0,0.0,-4.0,8.8,83.5,0.0,17.3,16.5
12.833,88,103.0,1007.0,1.0,-4.0,8.8,83.5,0.0,17.3,16.5
12.922,88,103.0,1007.0,1.0,-1.0,8.8,83.5,0.0,17.3,16.5
12.984,88,103.0,1007.0,1.0,-1.0,8.11,83.5,0.0,17.3,16.5
13.073,88,103.0,1007.0,1.0,-1.0,8.11,83.5,0.0,17.3,16.5
13.135,88,103.0,1007.0,1.0,-1.0,8.11,83.5,0.0,17.3,16.5
13.252,88,103.0,1007.0,1.0,-1.0,8.11,83.5,0.0,15.7,16.5
13.342,88,103.0,1007.0,1.0,-1.0,8.11,83.5,0.0,15.7,15.3
13.432,88,103.0,1007.0,1.0,-1.0,8.11,83.5,0.0,15.7,15.3
13.523,88,103.0,1007.0,1.0,-1.0,8.11,83.5,0.0,15.7,15.3
13.583,88,103.0,969.0,1.0,-1.0,8.11,83.5,0.0,15.7,15.3
13.673,88,103.0,969.0,1.0,-1.0,8.11,83.5,0.0,15.7,15.3
13.733,88,103.0,969.0,1.0,-2.0,8.11,83.5,0.0,15.7,15.3
13.823,88,103.0,969.0,1.0,-2.0,8.97,83.5,0.0,15.7,15.3
13.883,88,103.0,969.0,1.0,-2.0,8.97,83.5,0.0,15.7,15.3
13.973,88,103.0,969.0,1.0,-2.0,8.97,83.5,0.0,15.7,15.3
14.063,88,103.0,969.0,1.0,-2.0,8.97,83.5,0.0,16.5,15.3
14.123,88,103.0,969.0,1.0,-2.0,8.97,83.5,0.0,16.5,16.1
14.184,88,103.0,969.0,1.0,-2.0,8.97,83.5,0.0,16.5,16.1
14.273,88,103.0,969.0,1.0,-2.0,8.97,83.5,0.0,16.5,16.1
14.333,88,103.0,941.0,1.0,-2.0,8.97,83.5,0.0,16.5,16.1
14.422,88,103.0,941.0,1.0,-2.0,8.97,83.5,0.0,16.5,16.1
14.483,88,103.0,941.0,1.0,-2.0,8.97,83.5,0.0,16.5,16.1
14.572,88,103.0,941.0,1.0,-2.0,8.66,83.5,0.0,16.5,16.1
14.633,88,103.0,941.0,1.0,-2.0,8.66,83.5,0.0,16.5,16.1
14.722,88,103.0,941.0,1.0,-2.0,8.66,83.5,0.0,16.5,16.1
14.783,88,103.0,941.0,1.0,-2.0,8.66,83.5,0.0,14.1,16.1
14.872,88,103.0,941.0,1.0,-2.0,8.66,83.5,0.0,14.1,14.5
14.933,88,103.0,941.0,1.0,-2.0,8.66,83.5,0.0,14.1,14.5
15.022,88,103.0,941.0,1.0,-2.0,8.66,83.5,0.0,14.1,14.5
15.083,88,103.0,999.0,1.0,-2.0,8.66,83.5,0.0,14.1,14.5
15.172,88,103.0,999.0,2.0,-2.0,8.66,83.5,0.0,14.1,14.5
15.233,88,103.0,999.0,2.0,-1.0,8.66,83.5,0.0,14.1,14.5
15.323,88,103.0,999.0,2.0,-1.0,8.27,83.5,0.0,14.1,14.5
15.383,88,103.0,999.0,2.0,-1.0,8.27,83.5,0.0,14.1,14.5
15.472,88,103.0,999.0,2.0,-1.0,8.27,83.5,0.0,14.1,14.5
15.533,88,103.0,999.0,2.0,-1.0,8.27,83.5,0.0,14.5,14.5
15.622,88,103.0,999.0,2.0,-1.0,8.27,83.5,0.0,14.5,14.5
15.683,88,103.0,999.0,2.0,-1.0,8.27,83.5,0.0,14.5,14.5
15.772,88,103.0,999.0,2.0,-1.0,8.27,83.5,0.0,14.5,14.5
15.832,88,103.0,976.0,2.0,-1.0,8.27,83.5,0.0,14.5,14.5
15.922,88,103.0,976.0,1.0,-1.0,8.27,83.5,0.0,14.5,14.5
16.015,88,103.0,976.0,1.0,0.0,8.27,83.5,0.0,14.5,14.5
16.074,88,103.0,976.0,1.0,0.0,8.3,83.5,0.0,14.5,14.5
16.134,88,103.0,976.0,1.0,0.0,8.3,83.5,0.0,14.5,14.5
16.222,88,103.0,976.0,1.0,0.0,8.3,83.5,0.0,14.5,14.5
16.285,88,103.0,976.0,1.0,0.0,8.3,83.5,0.0,15.7,14.5
16.371,88,103.0,976.0,1.0,0.0,8.3,83.5,0.0,15.7,15.3
16.432,88,103.0,976.0,1.0,0.0,8.3,83.5,0.0,15.7,15.3
16.521,88,103.0,976.0,1.0,0.0,8.3,83.5,0.0,15.7,15.3
16.582,88,103.0,911.0,1.0,0.0,8.3,83.5,0.0,15.7,15.3
16.671,88,103.0,911.0,1.0,0.0,8.3,83.5,0.0,15.7,15.3
16.732,88,103.0,911.0,1.0,-1.0,8.3,83.5,0.0,15.7,15.3
16.821,88,103.0,911.0,1.0,-1.0,8.36,83.5,0.0,15.7,15.3
16.882,88,103.0,911.0,1.0,-1.0,8.36,83.5,0.0,15.7,15.3
16.971,88,103.0,911.0,1.0,-1.0,8.36,83.5,0.0,15.7,15.3
17.032,88,103.0,911.0,1.0,-1.0,8.36,83.5,0.0,16.1,15.3
17.122,88,103.0,911.0,1.0,-1.0,8.36,83.5,0.0,16.1,15.7
17.183,88,103.0,911.0,1.0,-1.0,8.36,83.5,0.0,16.1,15.7
17.286,88,102.0,911.0,1.0,-1.0,8.36,83.5,0.0,16.1,15.7
17.332,88,102.0,927.0,1.0,-1.0,8.36,83.5,0.0,16.1,15.7
17.422,88,102.0,927.0,2.0,-1.0,8.36,83.5,0.0,16.1,15.7
17.482,88,102.0,927.0,2.0,0.0,8.36,83.5,0.0,16.1,15.7
17.572,88,102.0,927.0,2.0,0.0,8.63,83.5,0.0,16.1,15.7
17.633,88,102.0,927.0,2.0,0.0,8.63,83.5,0.0,16.1,15.7
17.722,88,102.0,927.0,2.0,0.0,8.63,83.5,0.0,16.1,15.7
17.811,88,102.0,927.0,2.0,0.0,8.63,83.5,0.0,14.5,15.7
17.901,88,102.0,927.0,2.0,0.0,8.63,83.5,0.0,14.5,14.9
17.962,88,102.0,927.0,2.0,0.0,8.63,83.5,0.0,14.5,14.9
18.022,88,102.0,927.0,2.0,0.0,8.63,83.5,0.0,14.5,14.9
18.082,88,102.0,967.0,2.0,0.0,8.63,83.5,0.0,14.5,14.9
18.172,88,102.0,967.0,2.0,0.0,8.63,83.5,0.0,14.5,14.9
18.232,88,102.0,967.0,2.0,1.0,8.63,83.5,0.0,14.5,14.9
18.321,88,102.0,967.0,2.0,1.0,8.44,83.5,0.0,14.5,14.9
18.382,88,102.0,967.0,2.0,1.0,8.44,83.5,0.0,14.5,14.9
18.471,88,102.0,967.0,2.0,1.0,8.44,83.5,0.0,14.5,14.9
18.562,88,102.0,967.0,2.0,1.0,8.44,83.5,0.0,18.4,14.9
18.652,88,102.0,967.0,2.0,1.0,8.44,83.5,0.0,18.4,18.4
18.743,88,102.0,967.0,2.0,1.0,8.44,83.5,0.0,18.4,18.4
18.831,88,103.0,967.0,2.0,1.0,8.44,83.5,0.0,18.4,18.4
18.921,88,103.0,934.0,2.0,1.0,8.44,83.5,0.0,18.4,18.4
18.983,88,103.0,934.0,2.0,1.0,8.44,83.5,0.0,18.4,18.4
19.075,88,103.0,934.0,2.0,1.0,8.44,83.5,0.0,18.4,18.4
19.191,88,103.0,934.0,2.0,1.0,8.61,83.5,0.0,18.4,18.4
19.281,88,103.0,934.0,2.0,1.0,8.61,83.5,0.0,18.4,18.4
19.372,88,103.0,934.0,2.0,1.0,8.61,83.5,0.0,18.4,18.4
19.432,88,103.0,934.0,2.0,1.0,8.61,83.5,0.0,18.4,18.4
19.521,88,103.0,934.0,2.0,1.0,8.61,83.5,0.0,18.4,18.0
19.583,88,103.0,934.0,2.0,1.0,8.61,83.5,0.0,18.4,18.0
19.672,88,103.0,934.0,2.0,1.0,8.61,83.5,0.0,18.4,18.0
19.732,88,103.0,965.0,2.0,1.0,8.61,83.5,0.0,18.4,18.0
19.82,88,103.0,965.0,3.0,1.0,8.61,83.5,0.0,18.4,18.0
19.882,88,103.0,965.0,3.0,1.0,8.61,83.5,0.0,18.4,18.0
19.971,88,103.0,965.0,3.0,1.0,9.19,83.5,0.0,18.4,18.0
20.061,88,103.0,965.0,3.0,1.0,9.19,83.5,0.0,18.4,18.0
20.121,88,103.0,965.0,3.0,1.0,9.19,83.5,0.0,18.4,18.0
20.216,88,103.0,965.0,3.0,1.0,9.19,83.5,0.0,14.1,18.0
20.272,88,103.0,965.0,3.0,1.0,9.19,83.5,0.0,14.1,14.5
20.332,88,103.0,965.0,3.0,1.0,9.19,83.5,0.0,14.1,14.5
20.421,88,102.0,965.0,3.0,1.0,9.19,83.5,0.0,14.1,14.5
20.482,88,102.0,981.0,3.0,1.0,9.19,83.5,0.0,14.1,14.5
20.571,88,102.0,981.0,2.0,1.0,9.19,83.5,0.0,14.1,14.5
20.633,88,102.0,981.0,2.0,2.0,9.19,83.5,0.0,14.1,14.5
20.721,88,102.0,981.0,2.0,2.0,8.05,83.5,0.0,14.1,14.5
20.783,88,102.0,981.0,2.0,2.0,8.05,83.5,0.0,14.1,14.5
20.87,88,102.0,981.0,2.0,2.0,8.05,83.5,0.0,14.1,14.5
20.931,88,102.0,981.0,2.0,2.0,8.05,83.5,0.0,14.1,14.5
21.021,88,102.0,981.0,2.0,2.0,8.05,83.5,0.0,14.1,14.5
21.083,88,102.0,981.0,2.0,2.0,8.05,83.5,0.0,14.1,14.5
21.171,88,102.0,981.0,2.0,2.0,8.05,83.5,0.0,14.1,14.5
21.232,88,102.0,907.0,2.0,2.0,8.05,83.5,0.0,14.1,14.5
21.321,88,102.0,907.0,1.0,2.0,8.05,83.5,0.0,14.1,14.5
21.412,88,102.0,907.0,1.0,1.0,8.05,83.5,0.0,14.1,14.5
21.472,88,102.0,907.0,1.0,1.0,7.99,83.5,0.0,14.1,14.5
21.532,88,102.0,907.0,1.0,1.0,7.99,83.5,0.0,14.1,14.5
21.621,88,102.0,907.0,1.0,1.0,7.99,83.5,0.0,14.1,14.5
21.683,88,102.0,907.0,1.0,1.0,7.99,83.5,0.0,15.3,14.5
21.771,88,102.0,907.0,1.0,1.0,7.99,83.5,0.0,15.3,14.9
21.831,88,102.0,907.0,1.0,1.0,7.99,83.5,0.0,15.3,14.9
21.921,88,101.0,907.0,1.0,1.0,7.99,83.5,0.0,15.3,14.9
21.981,88,101.0,942.0,1.0,1.0,7.99,83.5,0.0,15.3,14.9
22.071,88,101.0,942.0,0.0,1.0,7.99,83.5,0.0,15.3,14.9
22.131,88,101.0,942.0,0.0,2.0,7.99,83.5,0.0,15.3,14.9
22.221,88,101.0,942.0,0.0,2.0,8.55,83.5,0.0,15.3,14.9
22.281,88,101.0,942.0,0.0,2.0,8.55,83.1,0.0,15.3,14.9
22.371,88,101.0,942.0,0.0,2.0,8.55,83.1,0.0,15.3,14.9
22.432,88,101.0,942.0,0.0,2.0,8.55,83.1,0.0,15.3,14.9
22.52,88,101.0,942.0,0.0,2.0,8.55,83.1,0.0,15.3,14.9
22.611,88,101.0,942.0,0.0,2.0,8.55,83.1,0.0,15.3,14.9
22.731,88,101.0,942.0,0.0,2.0,8.55,83.1,0.0,15.3,14.9
22.82,88,101.0,924.0,0.0,2.0,8.55,83.1,0.0,15.3,14.9
22.881,88,101.0,924.0,0.0,2.0,8.55,83.1,0.0,15.3,14.9
22.97,88,101.0,924.0,0.0,2.0,8.55,83.1,0.0,15.3,14.9
23.032,88,101.0,924.0,0.0,2.0,8.44,83.1,0.0,15.3,14.9
23.12,88,101.0,924.0,0.0,2.0,8.44,83.1,0.0,15.3,14.9
23.21,88,101.0,924.0,0.0,2.0,8.44,83.1,0.0,15.3,14.9
23.272,88,101.0,924.0,0.0,2.0,8.44,83.1,0.0,15.3,14.9
23.36,88,101.0,924.0,0.0,2.0,8.44,83.1,0.0,15.3,14.9
23.422,88,101.0,924.0,0.0,2.0,8.44,83.1,0.0,15.3,14.9
23.51,88,101.0,924.0,0.0,2.0,8.44,83.1,0.0,15.3,14.9
23.601,88,101.0,941.0,0.0,2.0,8.44,83.1,0.0,15.3,14.9
23.69,88,101.0,941.0,1.0,2.0,8.44,83.1,0.0,15.3,14.9
23.781,88,101.0,941.0,1.0,2.0,8.44,83.1,0.0,15.3,14.9
23.869,88,101.0,941.0,1.0,2.0,8.41,83.1,0.0,15.3,14.9
23.959,88,101.0,941.0,1.0,2.0,8.41,83.5,0.0,15.3,14.9
24.02,88,101.0,941.0,1.0,2.0,8.41,83.5,0.0,15.3,14.9
24.109,88,101.0,941.0,1.0,2.0,8.41,83.5,0.0,15.3,14.9
24.171,88,101.0,941.0,1.0,2.0,8.41,83.5,0.0,15.3,14.9
24.26,88,101.0,941.0,1.0,2.0,8.41,83.5,0.0,15.3,14.9
24.322,88,101.0,941.0,1.0,2.0,8.41,83.5,0.0,15.3,14.9
24.409,88,101.0,942.0,1.0,2.0,8.41,83.5,0.0,15.3,14.9
24.47,88,101.0,942.0,2.0,2.0,8.41,83.5,0.0,15.3,14.9
24.559,88,101.0,942.0,2.0,3.0,8.41,83.5,0.0,15.3,14.9
24.62,88,101.0,942.0,2.0,3.0,8.3,83.5,0.0,15.3,14.9
24.709,88,101.0,942.0,2.0,3.0,8.3,83.5,0.0,15.3,14.9
24.77,88,101.0,942.0,2.0,3.0,8.3,83.5,0.0,15.3,14.9
24.859,88,101.0,942.0,2.0,3.0,8.3,83.5,0.0,14.1,14.9
24.921,88,101.0,942.0,2.0,3.0,8.3,83.5,0.0,14.1,14.5
25.01,88,101.0,942.0,2.0,3.0,8.3,83.5,0.0,14.1,14.5
25.072,88,101.0,942.0,2.0,3.0,8.3,83.5,0.0,14.1,14.5
25.16,88,101.0,986.0,2.0,3.0,8.3,83.5,0.0,14.1,14.5
25.223,88,101.0,986.0,2.0,3.0,8.3,83.5,0.0,14.1,14.5
25.312,88,101.0,986.0,2.0,3.0,8.3,83.5,0.0,14.1,14.5
25.43,88,101.0,986.0,2.0,3.0,8.58,83.5,0.0,14.1,14.5
25.551,88,101.0,986.0,2.0,3.0,8.58,83.5,0.0,14.1,14.5
25.612,88,101.0,986.0,2.0,3.0,8.58,83.5,0.0,14.1,14.5
25.671,88,101.0,986.0,2.0,3.0,8.58,83.5,0.0,15.7,14.5
25.821,88,101.0,986.0,2.0,3.0,8.58,83.5,0.0,15.7,15.3
25.909,88,101.0,986.0,2.0,3.0,8.58,83.5,0.0,15.7,15.3
25.971,88,102.0,986.0,2.0,3.0,8.58,83.5,0.0,15.7,15.3
26.06,88,102.0,924.0,2.0,3.0,8.58,83.5,0.0,15.7,15.3
26.12,88,102.0,924.0,3.0,3.0,8.58,83.5,0.0,15.7,15.3
26.21,88,102.0,924.0,3.0,4.0,8.58,83.5,0.0,15.7,15.3
26.27,88,102.0,924.0,3.0,4.0,8.24,83.5,0.0,15.7,15.3
26.36,88,102.0,924.0,3.0,4.0,8.24,83.5,0.0,15.7,15.3
26.421,88,102.0,924.0,3.0,4.0,8.24,83.5,0.0,15.7,15.3
26.51,88,102.0,924.0,3.0,4.0,8.24,83.5,0.0,15.7,15.3
26.571,88,102.0,924.0,3.0,4.0,8.24,83.5,0.0,15.7,15.3
26.66,88,102.0,924.0,3.0,4.0,8.24,83.5,0.0,15.7,15.3
26.72,88,102.0,924.0,3.0,4.0,8.24,83.5,0.0,15.7,15.3
26.81,88,102.0,898.0,3.0,4.0,8.24,83.5,0.0,15.7,15.3
26.87,88,102.0,898.0,4.0,4.0,8.24,83.5,0.0,15.7,15.3
26.96,88,102.0,898.0,4.0,4.0,8.24,83.5,0.0,15.7,15.3
27.02,88,102.0,898.0,4.0,4.0,8.38,83.5,0.0,15.7,15.3
27.11,88,102.0,898.0,4.0,4.0,8.38,83.5,0.0,15.7,15.3
27.17,88,102.0,898.0,4.0,4.0,8.38,83.5,0.0,15.7,15.3
27.26,88,102.0,898.0,4.0,4.0,8.38,83.5,0.0,16.1,15.3
27.321,88,102.0,898.0,4.0,4.0,8.38,83.5,0.0,16.1,15.7
27.41,88,102.0,898.0,4.0,4.0,8.38,83.5,0.0,16.1,15.7
27.471,88,102.0,898.0,4.0,4.0,8.38,83.5,0.0,16.1,15.7
27.559,88,102.0,906.0,4.0,4.0,8.38,83.5,0.0,16.1,15.7
27.62,88,102.0,906.0,7.0,4.0,8.38,83.5,0.0,16.1,15.7
27.71,88,102.0,906.0,7.0,4.0,8.38,83.5,0.0,16.1,15.7
27.771,88,102.0,906.0,7.0,4.0,8.97,83.5,0.0,16.1,15.7
27.859,88,102.0,906.0,7.0,4.0,8.97,83.5,0.0,16.1,15.7
27.92,88,102.0,906.0,7.0,4.0,8.97,83.5,0.0,16.1,15.7
28.01,88,102.0,906.0,7.0,4.0,8.97,83.5,0.0,17.6,15.7
28.07,88,102.0,906.0,7.0,4.0,8.97,83.5,0.0,17.6,17.6
28.159,88,102.0,906.0,7.0,4.0,8.97,83.5,0.0,17.6,17.6
28.22,88,102.0,906.0,7.0,4.0,8.97,83.5,0.0,17.6,17.6
28.31,88,102.0,997.0,7.0,4.0,8.97,83.5,0.0,17.6,17.6
28.371,88,102.0,997.0,9.0,4.0,8.97,83.5,0.0,17.6,17.6
28.459,88,102.0,997.0,9.0,5.0,8.97,83.5,0.0,17.6,17.6
28.52,88,102.0,997.0,9.0,5.0,10.49,83.5,0.0,17.6,17.6
28.61,88,102.0,997.0,9.0,5.0,10.49,83.5,0.0,17.6,17.6
28.67,88,102.0,997.0,9.0,5.0,10.49,83.5,0.0,17.6,17.6
28.759,88,102.0,997.0,9.0,5.0,10.49,83.5,0.0,25.5,17.6
28.825,88,102.0,997.0,9.0,5.0,10.49,83.5,0.0,25.5,29.0
28.909,88,102.0,997.0,9.0,5.0,10.49,83.5,0.0,25.5,29.0
29.0,88,105.0,997.0,9.0,5.0,10.49,83.5,0.0,25.5,29.0
29.06,88,105.0,1336.0,9.0,5.0,10.49,83.5,0.0,25.5,29.0
29.12,88,105.0,1336.0,12.0,5.0,10.49,83.5,0.0,25.5,29.0
29.209,88,105.0,1336.0,12.0,7.0,10.49,83.5,0.0,25.5,29.0
29.271,88,105.0,1336.0,12.0,7.0,17.8,83.5,0.0,25.5,29.0
29.359,88,105.0,1336.0,12.0,7.0,17.8,83.5,0.0,25.5,29.0
29.421,88,105.0,1336.0,12.0,7.0,17.8,83.5,0.0,25.5,29.0
29.509,88,105.0,1336.0,12.0,7.0,17.8,83.5,0.0,39.2,29.0
29.571,88,105.0,1336.0,12.0,7.0,17.8,83.5,0.0,39.2,40.0
29.66,88,105.0,1336.0,12.0,7.0,17.8,83.5,0.0,39.2,40.0
29.721,88,119.0,1336.0,12.0,7.0,17.8,83.5,0.0,39.2,40.0
29.809,88,119.0,1757.0,12.0,7.0,17.8,83.5,0.0,39.2,40.0
29.87,88,119.0,1757.0,16.0,7.0,17.8,83.5,0.0,39.2,40.0
29.959,88,119.0,1757.0,16.0,10.0,17.8,83.5,0.0,39.2,40.0
30.02,88,119.0,1757.0,16.0,10.0,23.63,83.5,0.0,39.2,40.0
30.109,88,119.0,1757.0,16.0,10.0,23.63,83.5,0.0,39.2,40.0
30.17,88,119.0,1757.0,16.0,10.0,23.63,83.5,0.0,39.2,40.0
30.259,88,119.0,1757.0,16.0,10.0,23.63,83.5,0.0,37.6,40.0
30.32,88,119.0,1757.0,16.0,10.0,23.63,83.5,0.0,37.6,36.9
30.409,88,119.0,1757.0,16.0,10.0,23.63,83.5,0.0,37.6,36.9
30.47,88,130.0,1757.0,16.0,10.0,23.63,83.5,0.0,37.6,36.9
30.559,88,130.0,2111.0,16.0,10.0,23.63,83.5,0.0,37.6,36.9
30.621,88,130.0,2111.0,18.0,10.0,23.63,83.5,0.0,37.6,36.9
30.709,88,130.0,2111.0,18.0,11.0,23.63,83.5,0.0,37.6,36.9
30.772,88,130.0,2111.0,18.0,11.0,27.08,83.5,0.0,37.6,36.9
30.859,88,130.0,2111.0,18.0,11.0,27.08,83.5,0.0,37.6,36.9
30.92,88,130.0,2111.0,18.0,11.0,27.08,83.5,0.0,37.6,36.9
31.009,88,130.0,2111.0,18.0,11.0,27.08,83.5,0.0,14.1,36.9
31.071,88,130.0,2111.0,18.0,11.0,27.08,83.5,0.0,14.1,14.5
31.159,88,130.0,2111.0,18.0,11.0,27.08,83.5,0.0,14.1,14.5
31.219,88,120.0,2111.0,18.0,11.0,27.08,83.5,0.0,14.1,14.5
31.308,88,120.0,1465.0,18.0,11.0,27.08,83.5,0.0,14.1,14.5
31.369,88,120.0,1465.0,19.0,11.0,27.08,83.5,0.0,14.1,14.5
31.458,88,120.0,1465.0,19.0,11.0,27.08,83.5,0.0,14.1,14.5
31.52,88,120.0,1465.0,19.0,11.0,9.99,83.5,0.0,14.1,14.5
31.609,88,120.0,1465.0,19.0,11.0,9.99,83.5,0.0,14.1,14.5
31.67,88,120.0,1465.0,19.0,11.0,9.99,83.5,0.0,14.1,14.5
31.759,88,120.0,1465.0,19.0,11.0,9.99,83.5,0.0,14.1,14.5
31.879,88,120.0,1465.0,19.0,11.0,9.99,83.5,0.0,14.1,14.5
31.969,88,120.0,1465.0,19.0,11.0,9.99,83.5,0.0,14.1,14.5
32.059,88,113.0,1465.0,19.0,11.0,9.99,83.5,0.0,14.1,14.5
32.12,88,113.0,982.0,19.0,11.0,9.99,83.5,0.0,14.1,14.5
32.209,88,113.0,982.0,18.0,11.0,9.99,83.5,0.0,14.1,14.5
32.269,88,113.0,982.0,18.0,8.0,9.99,83.5,0.0,14.1,14.5
32.359,88,113.0,982.0,18.0,8.0,13.66,83.5,0.0,14.1,14.5
32.42,88,113.0,982.0,18.0,8.0,13.66,83.5,0.0,14.1,14.5
32.509,88,113.0,982.0,18.0,8.0,13.66,83.5,0.0,14.1,14.5
32.569,88,113.0,982.0,18.0,8.0,13.66,83.5,0.0,14.1,14.5
32.659,88,113.0,982.0,18.0,8.0,13.66,83.5,0.0,14.1,14.5
32.72,88,113.0,982.0,18.0,8.0,13.66,83.5,0.0,14.1,14.5
32.808,88,106.0,982.0,18.0,8.0,13.66,83.5,0.0,14.1,14.5
32.869,88,106.0,924.0,18.0,8.0,13.66,83.5,0.0,14.1,14.5
32.959,88,106.0,924.0,15.0,8.0,13.66,83.5,0.0,14.1,14.5
33.019,88,106.0,924.0,15.0,6.0,13.66,83.5,0.0,14.1,14.5
33.108,88,106.0,924.0,15.0,6.0,8.63,83.5,0.0,14.1,14.5
33.169,88,106.0,924.0,15.0,6.0,8.63,83.5,0.0,14.1,14.5
33.259,88,106.0,924.0,15.0,6.0,8.63,83.5,0.0,14.1,14.5
33.322,88,106.0,924.0,15.0,6.0,8.63,83.5,0.0,14.1,14.5
33.409,88,106.0,924.0,15.0,6.0,8.63,83.5,0.0,14.1,14.5
33.471,88,106.0,924.0,15.0,6.0,8.63,83.5,0.0,14.1,14.5
33.559,88,103.0,924.0,15.0,6.0,8.63,83.5,0.0,14.1,14.5
33.62,88,103.0,906.0,15.0,6.0,8.63,83.5,0.0,14.1,14.5
33.709,88,103.0,906.0,10.0,6.0,8.63,83.5,0.0,14.1,14.5
33.771,88,103.0,906.0,10.0,6.0,8.63,83.5,0.0,14.1,14.5
33.858,88,103.0,906.0,10.0,6.0,8.02,83.5,0.0,14.1,14.5
33.92,88,103.0,906.0,10.0,6.0,8.02,83.5,0.0,14.1,14.5
34.008,88,103.0,906.0,10.0,6.0,8.02,83.5,0.0,14.1,14.5
34.07,88,103.0,906.0,10.0,6.0,8.02,83.5,0.0,14.1,14.5
34.159,88,103.0,906.0,10.0,6.0,8.02,83.5,0.0,14.1,14.5
34.221,88,103.0,906.0,10.0,6.0,8.02,83.5,0.0,14.1,14.5
34.309,88,102.0,906.0,10.0,6.0,8.02,83.5,0.0,14.1,14.5
34.37,88,102.0,901.0,10.0,6.0,8.02,83.5,0.0,14.1,14.5
34.459,88,102.0,901.0,7.0,6.0,8.02,83.5,0.0,14.1,14.5
34.52,88,102.0,901.0,7.0,5.0,8.02,83.5,0.0,14.1,14.5
34.609,88,102.0,901.0,7.0,5.0,7.91,83.5,0.0,14.1,14.5
34.671,88,102.0,901.0,7.0,5.0,7.91,83.5,0.0,14.1,14.5
34.759,88,102.0,901.0,7.0,5.0,7.91,83.5,0.0,14.1,14.5
34.819,88,102.0,901.0,7.0,5.0,7.91,83.5,0.0,14.1,14.5
34.909,88,102.0,901.0,7.0,5.0,7.91,83.5,0.0,14.1,14.5
34.97,88,102.0,901.0,7.0,5.0,7.91,83.5,0.0,14.1,14.5
35.059,88,101.0,901.0,7.0,5.0,7.91,83.5,0.0,14.1,14.5
35.12,88,101.0,899.0,7.0,5.0,7.91,83.5,0.0,14.1,14.5
35.209,88,101.0,899.0,6.0,5.0,7.91,83.5,0.0,14.1,14.5
35.27,88,101.0,899.0,6.0,5.0,7.91,83.5,0.0,14.1,14.5
35.359,88,101.0,899.0,6.0,5.0,7.88,83.5,0.0,14.1,14.5
35.42,88,101.0,899.0,6.0,5.0,7.88,83.5,0.0,14.1,14.5
35.509,88,101.0,899.0,6.0,5.0,7.88,83.5,0.0,14.1,14.5
35.571,88,101.0,899.0,6.0,5.0,7.88,83.5,0.0,14.1,14.5
35.659,88,101.0,899.0,6.0,5.0,7.88,83.5,0.0,14.1,14.5
35.72,88,101.0,899.0,6.0,5.0,7.88,83.5,0.0,14.1,14.5
35.808,88,101.0,899.0,6.0,5.0,7.88,83.5,0.0,14.1,14.5
35.869,88,101.0,902.0,6.0,5.0,7.88,83.5,0.0,14.1,14.5
35.959,88,101.0,902.0,3.0,5.0,7.88,83.5,0.0,14.1,14.5
36.02,88,101.0,902.0,3.0,5.0,7.88,83.5,0.0,14.1,14.5
36.108,88,101.0,902.0,3.0,5.0,8.02,83.5,0.0,14.1,14.5
36.17,88,101.0,902.0,3.0,5.0,8.02,83.5,0.0,14.1,14.5
36.259,88,101.0,902.0,3.0,5.0,8.02,83.5,0.0,14.1,14.5
36.32,88,101.0,902.0,3.0,5.0,8.02,83.5,0.0,15.7,14.5
36.409,88,101.0,902.0,3.0,5.0,8.02,83.5,0.0,15.7,15.7
36.499,88,101.0,902.0,3.0,5.0,8.02,83.5,0.0,15.7,15.7
36.589,88,100.0,902.0,3.0,5.0,8.02,83.5,0.0,15.7,15.7
36.68,88,100.0,948.0,3.0,5.0,8.02,83.5,0.0,15.7,15.7
36.769,88,100.0,948.0,3.0,5.0,8.02,83.5,0.0,15.7,15.7
36.858,88,100.0,948.0,3.0,5.0,8.02,83.5,0.0,15.7,15.7
36.95,88,100.0,948.0,3.0,5.0,8.33,83.5,0.0,15.7,15.7
37.011,88,100.0,948.0,3.0,5.0,8.33,83.1,0.0,15.7,15.7
37.071,88,100.0,948.0,3.0,5.0,8.33,83.1,0.0,15.7,15.7
37.158,88,100.0,948.0,3.0,5.0,8.33,83.1,0.0,20.0,15.7
37.249,88,100.0,948.0,3.0,5.0,8.33,83.1,0.0,20.0,20.4
37.339,88,100.0,948.0,3.0,5.0,8.33,83.1,0.0,20.0,20.4
37.459,88,102.0,948.0,3.0,5.0,8.33,83.1,0.0,20.0,20.4
37.579,88,102.0,975.0,3.0,5.0,8.33,83.1,0.0,20.0,20.4
37.669,88,102.0,975.0,5.0,5.0,8.33,83.1,0.0,20.0,20.4
37.758,88,102.0,975.0,5.0,6.0,8.33,83.1,0.0,20.0,20.4
37.848,88,102.0,975.0,5.0,6.0,10.97,83.1,0.0,20.0,20.4
37.938,88,102.0,975.0,5.0,6.0,10.97,83.5,0.0,20.0,20.4
38.029,88,102.0,975.0,5.0,6.0,10.97,83.5,0.0,20.0,20.4
38.118,88,102.0,975.0,5.0,6.0,10.97,83.5,0.0,20.4,20.4
38.208,88,102.0,975.0,5.0,6.0,10.97,83.5,0.0,20.4,21.2
38.298,88,102.0,975.0,5.0,6.0,10.97,83.5,0.0,20.4,21.2
38.388,88,104.0,975.0,5.0,6.0,10.97,83.5,0.0,20.4,21.2
38.478,88,104.0,1170.0,5.0,6.0,10.97,83.5,0.0,20.4,21.2
38.569,88,104.0,1170.0,10.0,6.0,10.97,83.5,0.0,20.4,21.2
38.658,88,104.0,1170.0,10.0,9.0,10.97,83.5,0.0,20.4,21.2
38.748,88,104.0,1170.0,10.0,9.0,14.86,83.5,0.0,20.4,21.2
38.84,88,104.0,1170.0,10.0,9.0,14.86,83.5,0.0,20.4,21.2
38.928,88,104.0,1170.0,10.0,9.0,14.86,83.5,0.0,20.4,21.2
39.018,88,104.0,1170.0,10.0,9.0,14.86,83.5,0.0,38.4,21.2
39.108,88,104.0,1170.0,10.0,9.0,14.86,83.5,0.0,38.4,40.8
39.198,88,104.0,1170.0,10.0,9.0,14.86,83.5,0.0,38.4,40.8
39.288,88,119.0,1170.0,10.0,9.0,14.86,83.5,0.0,38.4,40.8
39.378,88,119.0,1805.0,10.0,9.0,14.86,83.5,0.0,38.4,40.8
39.468,88,119.0,1805.0,15.0,9.0,14.86,83.5,0.0,38.4,40.8
39.559,88,119.0,1805.0,15.0,10.0,14.86,83.5,0.0,38.4,40.8
39.649,88,119.0,1805.0,15.0,10.0,26.99,83.5,0.0,38.4,40.8
39.739,88,119.0,1805.0,15.0,10.0,26.99,83.5,0.0,38.4,40.8
39.827,88,119.0,1805.0,15.0,10.0,26.99,83.5,0.0,38.4,40.8
39.918,88,119.0,1805.0,15.0,10.0,26.99,83.5,0.0,40.8,40.8
40.008,88,119.0,1805.0,15.0,10.0,26.99,83.5,0.0,40.8,41.2
40.098,88,119.0,1805.0,15.0,10.0,26.99,83.5,0.0,40.8,41.2
40.188,88,141.0,1805.0,15.0,10.0,26.99,83.5,0.0,40.8,41.2
40.278,88,141.0,2204.0,15.0,10.0,26.99,83.5,0.0,40.8,41.2
40.368,88,141.0,2204.0,20.0,10.0,26.99,83.5,0.0,40.8,41.2
40.46,88,141.0,2204.0,20.0,13.0,26.99,83.5,0.0,40.8,41.2
40.548,88,141.0,2204.0,20.0,13.0,33.05,83.5,0.0,40.8,41.2
40.639,88,141.0,2204.0,20.0,13.0,33.05,80.0,0.0,40.8,41.2
40.728,88,141.0,2204.0,20.0,13.0,33.05,80.0,0.0,40.8,41.2
40.818,88,141.0,2204.0,20.0,13.0,33.05,80.0,0.0,14.1,41.2
40.908,88,141.0,2204.0,20.0,13.0,33.05,80.0,0.0,14.1,14.5
40.999,88,141.0,2204.0,20.0,13.0,33.05,80.0,0.0,14.1,14.5
41.088,88,96.0,2204.0,20.0,13.0,33.05,80.0,0.0,14.1,14.5
41.178,88,96.0,1666.0,20.0,13.0,33.05,80.0,0.0,14.1,14.5
41.269,88,96.0,1666.0,20.0,13.0,33.05,80.0,0.0,14.1,14.5
41.359,88,96.0,1666.0,20.0,14.0,33.05,80.0,0.0,14.1,14.5
41.448,88,96.0,1666.0,20.0,14.0,23.58,80.0,0.0,14.1,14.5
41.541,88,96.0,1666.0,20.0,14.0,23.58,73.3,0.0,14.1,14.5
41.628,88,96.0,1666.0,20.0,14.0,23.58,73.3,0.0,14.1,14.5
41.718,88,96.0,1666.0,20.0,14.0,23.58,73.3,0.0,14.1,14.5
41.807,88,96.0,1666.0,20.0,14.0,23.58,73.3,0.0,14.1,14.5
41.898,88,96.0,1666.0,20.0,14.0,23.58,73.3,0.0,14.1,14.5
41.988,88,105.0,1666.0,20.0,14.0,23.58,73.3,0.0,14.1,14.5
42.079,88,105.0,1023.0,20.0,14.0,23.58,73.3,0.0,14.1,14.5
42.168,88,105.0,1023.0,19.0,14.0,23.58,73.3,0.0,14.1,14.5
42.259,88,105.0,1023.0,19.0,13.0,23.58,73.3,0.0,14.1,14.5
42.348,88,105.0,1023.0,19.0,13.0,7.22,73.3,0.0,14.1,14.5
42.438,88,105.0,1023.0,19.0,13.0,7.22,83.5,0.0,14.1,14.5
42.528,88,105.0,1023.0,19.0,13.0,7.22,83.5,0.0,14.1,14.5
42.618,88,105.0,1023.0,19.0,13.0,7.22,83.5,0.0,14.1,14.5
42.708,88,105.0,1023.0,19.0,13.0,7.22,83.5,0.0,14.1,14.5
42.798,88,105.0,1023.0,19.0,13.0,7.22,83.5,0.0,14.1,14.5
42.888,88,104.0,1023.0,19.0,13.0,7.22,83.5,0.0,14.1,14.5
42.978,88,104.0,1037.0,19.0,13.0,7.22,83.5,0.0,14.1,14.5
43.068,88,104.0,1037.0,17.0,13.0,7.22,83.5,0.0,14.1,14.5
43.159,88,104.0,1037.0,17.0,5.0,7.22,83.5,0.0,14.1,14.5
43.248,88,104.0,1037.0,17.0,5.0,8.66,83.5,0.0,14.1,14.5
43.339,88,104.0,1037.0,17.0,5.0,8.66,83.5,0.0,14.1,14.5
43.429,88,104.0,1037.0,17.0,5.0,8.66,83.5,0.0,14.1,14.5
43.518,88,104.0,1037.0,17.0,5.0,8.66,83.5,0.0,14.1,14.5
43.608,88,104.0,1037.0,17.0,5.0,8.66,83.5,0.0,14.1,14.1
43.699,88,104.0,1037.0,17.0,5.0,8.66,83.5,0.0,14.1,14.1
43.788,88,103.0,1037.0,17.0,5.0,8.66,83.5,0.0,14.1,14.1
43.878,88,103.0,1047.0,17.0,5.0,8.66,83.5,0.0,14.1,14.1
43.968,88,103.0,1047.0,12.0,5.0,8.66,83.5,0.0,14.1,14.1
44.059,88,103.0,1047.0,12.0,6.0,8.66,83.5,0.0,14.1,14.1
44.148,88,103.0,1047.0,12.0,6.0,8.24,83.5,0.0,14.1,14.1
44.238,88,103.0,1047.0,12.0,6.0,8.24,83.5,0.0,14.1,14.1
44.328,88,103.0,1047.0,12.0,6.0,8.24,83.5,-1.0,14.1,14.1
44.418,88,103.0,1047.0,12.0,6.0,8.24,83.5,-1.0,14.1,14.1
44.508,88,103.0,1047.0,12.0,6.0,8.24,83.5,-1.0,14.1,14.5
44.598,88,103.0,1047.0,12.0,6.0,8.24,83.5,-1.0,14.1,14.5
44.689,88,103.0,1047.0,12.0,6.0,8.24,83.5,-1.0,14.1,14.5
44.778,88,103.0,1044.0,12.0,6.0,8.24,83.5,-1.0,14.1,14.5
44.868,88,103.0,1044.0,6.0,6.0,8.24,83.5,-1.0,14.1,14.5
44.958,88,103.0,1044.0,6.0,6.0,8.24,83.5,-1.0,14.1,14.5
45.048,88,103.0,1044.0,6.0,6.0,8.13,83.5,-1.0,14.1,14.5
45.138,88,103.0,1044.0,6.0,6.0,8.13,83.5,-1.0,14.1,14.5
45.228,88,103.0,1044.0,6.0,6.0,8.13,83.5,-1.0,14.1,14.5
45.318,88,103.0,1044.0,6.0,6.0,8.13,83.5,-1.0,16.1,14.5
45.408,88,103.0,1044.0,6.0,6.0,8.13,83.5,-1.0,16.1,18.4
45.498,88,103.0,1044.0,6.0,6.0,8.13,83.5,-1.0,16.1,18.4
45.588,88,103.0,1044.0,6.0,6.0,8.13,83.5,-1.0,16.1,18.4
45.678,88,103.0,1029.0,6.0,6.0,8.13,83.5,-1.0,16.1,18.4
45.768,88,103.0,1029.0,4.0,6.0,8.13,83.5,-1.0,16.1,18.4
45.857,88,103.0,1029.0,4.0,6.0,8.13,83.5,-1.0,16.1,18.4
45.948,88,103.0,1029.0,4.0,6.0,8.38,83.5,-1.0,16.1,18.4
46.038,88,103.0,1029.0,4.0,6.0,8.38,83.5,-1.0,16.1,18.4
46.129,88,103.0,1029.0,4.0,6.0,8.38,83.5,-1.0,16.1,18.4
46.218,88,103.0,1029.0,4.0,6.0,8.38,83.5,-1.0,20.4,18.4
46.308,88,103.0,1029.0,4.0,6.0,8.38,83.5,-1.0,20.4,20.4
46.398,88,103.0,1029.0,4.0,6.0,8.38,83.5,-1.0,20.4,20.4
46.488,88,103.0,1029.0,4.0,6.0,8.38,83.5,-1.0,20.4,20.4
46.578,88,103.0,1170.0,4.0,6.0,8.38,83.5,-1.0,20.4,20.4
46.668,88,103.0,1170.0,4.0,6.0,8.38,83.5,-1.0,20.4,20.4
46.758,88,103.0,1170.0,4.0,7.0,8.38,83.5,-1.0,20.4,20.4
46.847,88,103.0,1170.0,4.0,7.0,10.69,83.5,-1.0,20.4,20.4
46.937,88,103.0,1170.0,4.0,7.0,10.69,83.5,-1.0,20.4,20.4
47.028,88,103.0,1170.0,4.0,7.0,10.69,83.5,-1.0,20.4,20.4
47.118,88,103.0,1170.0,4.0,7.0,10.69,83.5,-1.0,21.6,20.4
47.208,88,103.0,1170.0,4.0,7.0,10.69,83.5,-1.0,21.6,21.2
47.298,88,103.0,1170.0,4.0,7.0,10.69,83.5,-1.0,21.6,21.2
47.389,88,105.0,1170.0,4.0,7.0,10.69,83.5,-1.0,21.6,21.2
47.478,88,105.0,1103.0,4.0,7.0,10.69,83.5,-1.0,21.6,21.2
47.568,88,105.0,1103.0,7.0,7.0,10.69,83.5,-1.0,21.6,21.2
47.658,88,105.0,1103.0,7.0,9.0,10.69,83.5,-1.0,21.6,21.2
47.748,88,105.0,1103.0,7.0,9.0,11.69,83.5,-1.0,21.6,21.2
47.837,88,105.0,1103.0,7.0,9.0,11.69,83.5,-1.0,21.6,21.2
47.928,88,105.0,1103.0,7.0,9.0,11.69,83.5,-1.0,21.6,21.2
48.018,88,105.0,1103.0,7.0,9.0,11.69,83.5,-1.0,24.7,21.2
48.108,88,105.0,1103.0,7.0,9.0,11.69,83.5,-1.0,24.7,26.7
48.198,88,105.0,1103.0,7.0,9.0,11.69,83.5,-1.0,24.7,26.7
48.288,88,111.0,1103.0,7.0,9.0,11.69,83.5,-1.0,24.7,26.7
48.378,88,111.0,1466.0,7.0,9.0,11.69,83.5,-1.0,24.7,26.7
48.468,88,111.0,1466.0,12.0,9.0,11.69,83.5,-1.0,24.7,26.7
48.558,88,111.0,1466.0,12.0,11.0,11.69,83.5,-1.0,24.7,26.7
48.648,88,111.0,1466.0,12.0,11.0,26.22,83.5,-1.0,24.7,26.7
48.74,88,111.0,1466.0,12.0,11.0,26.22,83.5,-1.0,24.7,26.7
48.827,88,111.0,1466.0,12.0,11.0,26.22,83.5,-1.0,24.7,26.7
48.918,88,111.0,1466.0,12.0,11.0,26.22,83.5,-1.0,41.2,26.7
49.008,88,111.0,1466.0,12.0,11.0,26.22,83.5,-1.0,41.2,42.4
49.098,88,111.0,1466.0,12.0,11.0,26.22,83.5,-1.0,41.2,42.4
49.188,88,139.0,1466.0,12.0,11.0,26.22,83.5,-1.0,41.2,42.4
49.278,88,139.0,2074.0,12.0,11.0,26.22,83.5,-1.0,41.2,42.4
49.368,88,139.0,2074.0,18.0,11.0,26.22,83.5,-1.0,41.2,42.4
49.458,88,139.0,2074.0,18.0,13.0,26.22,83.5,-1.0,41.2,42.4
49.548,88,139.0,2074.0,18.0,13.0,32.11,83.5,-1.0,41.2,42.4
49.638,88,139.0,2074.0,18.0,13.0,32.11,83.5,-1.0,41.2,42.4
49.728,88,139.0,2074.0,18.0,13.0,32.11,83.5,-1.0,41.2,42.4
49.817,88,139.0,2074.0,18.0,13.0,32.11,83.5,-1.0,14.1,42.4
49.908,88,139.0,2074.0,18.0,13.0,32.11,83.5,-1.0,14.1,14.5
49.998,88,139.0,2074.0,18.0,13.0,32.11,83.5,-1.0,14.1,14.5
50.088,88,99.0,2074.0,18.0,13.0,32.11,83.5,-1.0,14.1,14.5
50.178,88,99.0,1744.0,18.0,13.0,32.11,83.5,-1.0,14.1,14.5
50.268,88,99.0,1744.0,20.0,13.0,32.11,83.5,-1.0,14.1,14.5
50.358,88,99.0,1744.0,20.0,14.0,32.11,83.5,-1.0,14.1,14.5
50.448,88,99.0,1744.0,20.0,14.0,27.27,83.5,-1.0,14.1,14.5
50.538,88,99.0,1744.0,20.0,14.0,27.27,78.4,-1.0,14.1,14.5
50.628,88,99.0,1744.0,20.0,14.0,27.27,78.4,-1.0,14.1,14.5
50.718,88,99.0,1744.0,20.0,14.0,27.27,78.4,-1.0,58.0,14.5
50.807,88,99.0,1744.0,20.0,14.0,27.27,78.4,-1.0,58.0,61.6
50.897,88,99.0,1744.0,20.0,14.0,27.27,78.4,-1.0,58.0,61.6
50.988,88,123.0,1744.0,20.0,14.0,27.27,78.4,-1.0,58.0,61.6
51.078,88,123.0,1574.0,20.0,14.0,27.27,78.4,-1.0,58.0,61.6
51.168,88,123.0,1574.0,27.0,14.0,27.27,78.4,-1.0,58.0,61.6
51.258,88,123.0,1574.0,27.0,14.0,27.27,78.4,-1.0,58.0,61.6
51.348,88,123.0,1574.0,27.0,14.0,39.72,78.4,-1.0,58.0,61.6
51.438,88,123.0,1574.0,27.0,14.0,39.72,83.5,-1.0,58.0,61.6
51.527,88,123.0,1574.0,27.0,14.0,39.72,83.5,-1.0,58.0,61.6
51.618,88,123.0,1574.0,27.0,14.0,39.72,83.5,-1.0,62.4,61.6
51.708,88,123.0,1574.0,27.0,14.0,39.72,83.5,-1.0,62.4,62.4
51.799,89,123.0,1574.0,27.0,14.0,39.72,83.5,-1.0,62.4,62.4
51.917,89,213.0,1574.0,27.0,14.0,39.72,83.5,-1.0,62.4,62.4
52.008,89,213.0,2239.0,27.0,14.0,39.72,83.5,-1.0,62.4,62.4
52.098,89,213.0,2239.0,39.0,14.0,39.72,83.5,-1.0,62.4,62.4
52.188,89,213.0,2239.0,39.0,14.0,39.72,83.5,-1.0,62.4,62.4
52.278,89,213.0,2239.0,39.0,14.0,83.77,83.5,-1.0,62.4,62.4
52.368,89,213.0,2239.0,39.0,14.0,83.77,83.5,-1.0,62.4,62.4
52.458,89,213.0,2239.0,39.0,14.0,83.77,83.5,-1.0,62.4,62.4
52.548,89,213.0,2239.0,39.0,14.0,83.77,83.5,-1.0,43.9,62.4
52.638,89,213.0,2239.0,39.0,14.0,83.77,83.5,-1.0,43.9,36.9
52.728,89,213.0,2239.0,39.0,14.0,83.77,83.5,-1.0,43.9,36.9
52.817,89,154.0,2239.0,39.0,14.0,83.77,83.5,-1.0,43.9,36.9
52.908,89,154.0,2541.0,39.0,14.0,83.77,83.5,-1.0,43.9,36.9
52.998,89,154.0,2541.0,46.0,14.0,83.77,83.5,-1.0,43.9,36.9
53.088,89,154.0,2541.0,46.0,16.0,83.77,83.5,-1.0,43.9,36.9
53.178,89,154.0,2541.0,46.0,16.0,33.83,83.5,-1.0,43.9,36.9
53.268,89,154.0,2541.0,46.0,16.0,33.83,31.0,-1.0,43.9,36.9
53.358,89,154.0,2541.0,46.0,16.0,33.83,31.0,-1.0,43.9,36.9
53.448,89,154.0,2541.0,46.0,16.0,33.83,31.0,-1.0,46.7,36.9
53.538,89,154.0,2541.0,46.0,16.0,33.83,31.0,-1.0,46.7,51.8
53.628,89,154.0,2541.0,46.0,16.0,33.83,31.0,-1.0,46.7,51.8
53.718,89,114.0,2541.0,46.0,16.0,33.83,31.0,-1.0,46.7,51.8
53.807,89,114.0,1745.0,46.0,16.0,33.83,31.0,-1.0,46.7,51.8
53.898,89,114.0,1745.0,49.0,16.0,33.83,31.0,-1.0,46.7,51.8
53.989,89,114.0,1745.0,49.0,15.0,33.83,31.0,-1.0,46.7,51.8
54.078,89,114.0,1745.0,49.0,15.0,44.94,31.0,-1.0,46.7,51.8
54.168,89,114.0,1745.0,49.0,15.0,44.94,83.5,-1.0,46.7,51.8
54.258,89,114.0,1745.0,49.0,15.0,44.94,83.5,-1.0,46.7,51.8
54.347,89,114.0,1745.0,49.0,15.0,44.94,83.5,-1.0,61.6,51.8
54.437,89,114.0,1745.0,49.0,15.0,44.94,83.5,-1.0,61.6,62.0
54.527,89,114.0,1745.0,49.0,15.0,44.94,83.5,-1.0,61.6,62.0
54.617,89,216.0,1745.0,49.0,15.0,44.94,83.5,-1.0,61.6,62.0
54.708,89,216.0,2073.0,49.0,15.0,44.94,83.5,-1.0,61.6,62.0
54.798,89,216.0,2073.0,56.0,15.0,44.94,83.5,-1.0,61.6,62.0
54.886,89,216.0,2073.0,56.0,15.0,44.94,83.5,-1.0,61.6,62.0
54.977,89,216.0,2073.0,56.0,15.0,77.38,83.5,-1.0,61.6,62.0
55.067,89,216.0,2073.0,56.0,15.0,77.38,83.5,-1.0,61.6,62.0
55.158,89,216.0,2073.0,56.0,15.0,77.38,83.5,-1.0,61.6,62.0
55.248,89,216.0,2073.0,56.0,15.0,77.38,83.5,-1.0,61.6,62.0
55.338,89,216.0,2073.0,56.0,15.0,77.38,83.5,-1.0,61.6,62.0
55.428,89,216.0,2073.0,56.0,15.0,77.38,83.5,-1.0,61.6,62.0
55.518,89,222.0,2073.0,56.0,15.0,77.38,83.5,-1.0,61.6,62.0
55.608,89,222.0,2407.0,56.0,15.0,77.38,83.5,-1.0,61.6,62.0
55.698,89,222.0,2407.0,65.0,15.0,77.38,83.5,-1.0,61.6,62.0
55.788,89,222.0,2407.0,65.0,14.0,77.38,83.5,-1.0,61.6,62.0
55.877,89,222.0,2407.0,65.0,14.0,84.24,83.5,-1.0,61.6,62.0
55.968,89,222.0,2407.0,65.0,14.0,84.24,83.5,-1.0,61.6,62.0
56.058,89,222.0,2407.0,65.0,14.0,84.24,83.5,-1.0,61.6,62.0
56.148,89,222.0,2407.0,65.0,14.0,84.24,83.5,-1.0,61.2,62.0
56.237,89,222.0,2407.0,65.0,14.0,84.24,83.5,-1.0,61.2,62.0
56.328,89,222.0,2407.0,65.0,14.0,84.24,83.5,-1.0,61.2,62.0
56.418,89,216.0,2407.0,65.0,14.0,84.24,83.5,-1.0,61.2,62.0
56.508,89,216.0,2723.0,65.0,14.0,84.24,83.5,-1.0,61.2,62.0
56.598,89,216.0,2723.0,74.0,14.0,84.24,83.5,-1.0,61.2,62.0
56.688,89,216.0,2723.0,74.0,15.0,84.24,83.5,-1.0,61.2,62.0
56.778,89,216.0,2723.0,74.0,15.0,90.49,83.5,-1.0,61.2,62.0
56.867,89,216.0,2723.0,74.0,15.0,90.49,77.6,-1.0,61.2,62.0
56.958,89,216.0,2723.0,74.0,15.0,90.49,77.6,-1.0,61.2,62.0
57.048,89,216.0,2723.0,74.0,15.0,90.49,77.6,-1.0,14.1,62.0
57.138,89,216.0,2723.0,74.0,15.0,90.49,77.6,-1.0,14.1,14.5
57.228,89,216.0,2723.0,74.0,15.0,90.49,77.6,-1.0,14.1,14.5
57.318,89,100.0,2723.0,74.0,15.0,90.49,77.6,-1.0,14.1,14.5
57.408,89,100.0,2290.0,74.0,15.0,90.49,77.6,-1.0,14.1,14.5
57.498,89,100.0,2290.0,75.0,15.0,90.49,77.6,-1.0,14.1,14.5
57.588,89,100.0,2290.0,75.0,13.0,90.49,77.6,-1.0,14.1,14.5
57.678,89,100.0,2290.0,75.0,13.0,38.86,77.6,-1.0,14.1,14.5
57.767,89,100.0,2290.0,75.0,13.0,38.86,79.6,-1.0,14.1,14.5
57.857,89,100.0,2290.0,75.0,13.0,38.86,79.6,-1.0,14.1,14.5
57.947,89,100.0,2290.0,75.0,13.0,38.86,79.6,-1.0,69.4,14.5
58.037,89,100.0,2290.0,75.0,13.0,38.86,79.6,-1.0,69.4,69.8
58.128,89,100.0,2290.0,75.0,13.0,38.86,79.6,-1.0,69.4,69.8
58.218,89,168.0,2290.0,75.0,13.0,38.86,79.6,-1.0,69.4,69.8
58.308,89,168.0,2005.0,75.0,13.0,38.86,79.6,-1.0,69.4,69.8
58.397,89,168.0,2005.0,78.0,13.0,38.86,79.6,-1.0,69.4,69.8
58.488,89,168.0,2005.0,78.0,12.0,38.86,79.6,-1.0,69.4,69.8
58.578,89,168.0,2005.0,78.0,12.0,68.3,79.6,-1.0,69.4,69.8
58.668,89,168.0,2005.0,78.0,12.0,68.3,83.5,-1.0,69.4,69.8
58.758,89,168.0,2005.0,78.0,12.0,68.3,83.5,-1.0,69.4,69.8
58.847,89,168.0,2005.0,78.0,12.0,68.3,83.5,-1.0,69.0,69.8
58.937,89,168.0,2005.0,78.0,12.0,68.3,83.5,-1.0,69.0,69.0
59.028,89,168.0,2005.0,78.0,12.0,68.3,83.5,-1.0,69.0,69.0
59.117,89,226.0,2005.0,78.0,12.0,68.3,83.5,-1.0,69.0,69.0
59.208,89,226.0,2140.0,78.0,12.0,68.3,83.5,-1.0,69.0,69.0
59.298,89,226.0,2140.0,84.0,12.0,68.3,83.5,-1.0,69.0,69.0
59.387,89,226.0,2140.0,84.0,13.0,68.3,83.5,-1.0,69.0,69.0
59.478,89,226.0,2140.0,84.0,13.0,77.02,83.5,-1.0,69.0,69.0
59.568,89,226.0,2140.0,84.0,13.0,77.02,83.5,-1.0,69.0,69.0
59.658,89,226.0,2140.0,84.0,13.0,77.02,83.5,-1.0,69.0,69.0
59.748,89,226.0,2140.0,84.0,13.0,77.02,83.5,-1.0,52.9,69.0
59.838,89,226.0,2140.0,84.0,13.0,77.02,83.5,-1.0,52.9,41.6
59.927,89,226.0,2140.0,84.0,13.0,77.02,83.5,-1.0,52.9,41.6
60.017,89,176.0,2140.0,84.0,13.0,77.02,83.5,-1.0,52.9,41.6
60.107,89,176.0,2050.0,84.0,13.0,77.02,83.5,-1.0,52.9,41.6
60.197,89,176.0,2050.0,86.0,13.0,77.02,83.5,-1.0,52.9,41.6
60.288,89,176.0,2050.0,86.0,13.0,77.02,83.5,-1.0,52.9,41.6
60.378,89,176.0,2050.0,86.0,13.0,23.69,83.5,-1.0,52.9,41.6
60.468,89,176.0,2050.0,86.0,13.0,23.69,83.5,-1.0,52.9,41.6
60.557,89,176.0,2050.0,86.0,13.0,23.69,83.5,-1.0,52.9,41.6
60.647,89,176.0,2050.0,86.0,13.0,23.69,83.5,-1.0,46.7,41.6
60.737,89,176.0,2050.0,86.0,13.0,23.69,83.5,-1.0,46.7,53.3
60.827,89,176.0,2050.0,86.0,13.0,23.69,83.5,-1.0,46.7,53.3
60.917,89,135.0,2050.0,86.0,13.0,23.69,83.5,-1.0,46.7,53.3
61.008,89,135.0,1753.0,86.0,13.0,23.69,83.5,-1.0,46.7,53.3
61.097,89,135.0,1753.0,86.0,13.0,23.69,83.5,-1.0,46.7,53.3
61.187,89,135.0,1753.0,86.0,8.0,23.69,83.5,-1.0,46.7,53.3
61.278,89,135.0,1753.0,86.0,8.0,44.74,83.5,-1.0,46.7,53.3
61.367,89,135.0,1753.0,86.0,8.0,44.74,83.5,-1.0,46.7,53.3
61.457,89,135.0,1753.0,86.0,8.0,44.74,83.5,-1.0,46.7,53.3
61.547,89,135.0,1753.0,86.0,8.0,44.74,83.5,-1.0,38.8,53.3
61.637,89,135.0,1753.0,86.0,8.0,44.74,83.5,-1.0,38.8,16.5
61.727,90,135.0,1753.0,86.0,8.0,44.74,83.5,-1.0,38.8,16.5
61.817,90,154.0,1753.0,86.0,8.0,44.74,83.5,-1.0,38.8,16.5
61.907,90,154.0,1522.0,86.0,8.0,44.74,83.5,-1.0,38.8,16.5
61.998,90,154.0,1522.0,87.0,8.0,44.74,83.5,-1.0,38.8,16.5
62.087,90,154.0,1522.0,87.0,11.0,44.74,83.5,-1.0,38.8,16.5
62.177,90,154.0,1522.0,87.0,11.0,23.97,83.5,-1.0,38.8,16.5
62.267,90,154.0,1522.0,87.0,11.0,23.97,31.0,-1.0,38.8,16.5
62.357,90,154.0,1522.0,87.0,11.0,23.97,31.0,-1.0,38.8,16.5
62.447,90,154.0,1522.0,87.0,11.0,23.97,31.0,-1.0,43.9,16.5
62.537,90,154.0,1522.0,87.0,11.0,23.97,31.0,-1.0,43.9,44.3
62.628,90,154.0,1522.0,87.0,11.0,23.97,31.0,-1.0,43.9,44.3
62.717,90,116.0,1522.0,87.0,11.0,23.97,31.0,-1.0,43.9,44.3
62.812,90,116.0,1473.0,87.0,11.0,23.97,31.0,-1.0,43.9,44.3
62.897,90,116.0,1473.0,87.0,11.0,23.97,31.0,-1.0,43.9,44.3
62.987,90,116.0,1473.0,87.0,9.0,23.97,31.0,-1.0,43.9,44.3
63.077,90,116.0,1473.0,87.0,9.0,17.91,31.0,-1.0,43.9,44.3
63.167,90,116.0,1473.0,87.0,9.0,17.91,83.5,-1.0,43.9,44.3
63.257,90,116.0,1473.0,87.0,9.0,17.91,83.5,-1.0,43.9,44.3
63.347,90,116.0,1473.0,87.0,9.0,17.91,83.5,-1.0,34.1,44.3
63.437,90,116.0,1473.0,87.0,9.0,17.91,83.5,-1.0,34.1,30.2
63.527,90,116.0,1473.0,87.0,9.0,17.91,83.5,-1.0,34.1,30.2
63.617,90,120.0,1473.0,87.0,9.0,17.91,83.5,-1.0,34.1,30.2
63.707,90,120.0,1426.0,87.0,9.0,17.91,83.5,-1.0,34.1,30.2
63.798,90,120.0,1426.0,87.0,9.0,17.91,83.5,-1.0,34.1,30.2
63.887,90,120.0,1426.0,87.0,7.0,17.91,83.5,-1.0,34.1,30.2
63.977,90,120.0,1426.0,87.0,7.0,14.3,83.5,-1.0,34.1,30.2
64.067,90,120.0,1426.0,87.0,7.0,14.3,83.5,-1.0,34.1,30.2
64.157,90,120.0,1426.0,87.0,7.0,14.3,83.5,-1.0,34.1,30.2
64.247,90,120.0,1426.0,87.0,7.0,14.3,83.5,-1.0,14.1,30.2
64.337,90,120.0,1426.0,87.0,7.0,14.3,83.5,-1.0,14.1,14.5
64.427,90,120.0,1426.0,87.0,7.0,14.3,83.5,-1.0,14.1,14.5
64.517,90,105.0,1426.0,87.0,7.0,14.3,83.5,-1.0,14.1,14.5
64.607,90,105.0,1455.0,87.0,7.0,14.3,83.5,-1.0,14.1,14.5
64.697,90,105.0,1455.0,86.0,7.0,14.3,83.5,-1.0,14.1,14.5
64.787,90,105.0,1455.0,86.0,6.0,14.3,83.5,-1.0,14.1,14.5
64.877,90,105.0,1455.0,86.0,6.0,12.77,83.5,-1.0,14.1,14.5
64.967,90,105.0,1455.0,86.0,6.0,12.77,83.5,-1.0,14.1,14.5
65.057,90,105.0,1455.0,86.0,6.0,12.77,83.5,-1.0,14.1,14.5
65.147,90,105.0,1455.0,86.0,6.0,12.77,83.5,-1.0,14.1,14.5
65.237,90,105.0,1455.0,86.0,6.0,12.77,83.5,-1.0,14.1,14.5
65.328,90,105.0,1455.0,86.0,6.0,12.77,83.5,-1.0,14.1,14.5
65.417,90,112.0,1455.0,86.0,6.0,12.77,83.5,-1.0,14.1,14.5
65.507,90,112.0,1444.0,86.0,6.0,12.77,83.5,-1.0,14.1,14.5
65.597,90,112.0,1444.0,85.0,6.0,12.77,83.5,-1.0,14.1,14.5
65.686,90,112.0,1444.0,85.0,6.0,12.77,83.5,-1.0,14.1,14.5
65.776,90,112.0,1444.0,85.0,6.0,16.02,83.5,-1.0,14.1,14.5
65.866,90,112.0,1444.0,85.0,6.0,16.02,83.5,-1.0,14.1,14.5
65.956,90,112.0,1444.0,85.0,6.0,16.02,83.5,-1.0,14.1,14.5
66.047,90,112.0,1444.0,85.0,6.0,16.02,83.5,-1.0,14.1,14.5
66.137,90,112.0,1444.0,85.0,6.0,16.02,83.5,-1.0,14.1,14.5
66.227,90,112.0,1444.0,85.0,6.0,16.02,83.5,-1.0,14.1,14.5
66.317,90,124.0,1444.0,85.0,6.0,16.02,83.5,-1.0,14.1,14.5
66.407,90,124.0,1443.0,85.0,6.0,16.02,83.5,-1.0,14.1,14.5
66.497,90,124.0,1443.0,85.0,6.0,16.02,83.5,-1.0,14.1,14.5
66.587,90,124.0,1443.0,85.0,7.0,16.02,83.5,-1.0,14.1,14.5
66.677,90,124.0,1443.0,85.0,7.0,16.72,83.5,-1.0,14.1,14.5
66.767,90,124.0,1443.0,85.0,7.0,16.72,83.5,-1.0,14.1,14.5
66.856,90,124.0,1443.0,85.0,7.0,16.72,83.5,-1.0,14.1,14.5
66.946,90,124.0,1443.0,85.0,7.0,16.72,83.5,-1.0,14.1,14.5
67.037,90,124.0,1443.0,85.0,7.0,16.72,83.5,-1.0,14.1,14.5
67.127,90,124.0,1443.0,85.0,7.0,16.72,83.5,-1.0,14.1,14.5
67.218,90,125.0,1443.0,85.0,7.0,16.72,83.5,-1.0,14.1,14.5
67.307,90,125.0,1443.0,85.0,7.0,16.72,83.5,-1.0,14.1,14.5
67.397,90,125.0,1443.0,85.0,7.0,16.72,83.5,-1.0,14.1,14.5
67.487,90,125.0,1443.0,85.0,8.0,16.72,83.5,-1.0,14.1,14.5
67.577,90,125.0,1443.0,85.0,8.0,16.61,83.5,-1.0,14.1,14.5
67.667,90,125.0,1443.0,85.0,8.0,16.61,83.5,-1.0,14.1,14.5
67.757,90,125.0,1443.0,85.0,8.0,16.61,83.5,-1.0,14.1,14.5
67.847,90,125.0,1443.0,85.0,8.0,16.61,83.5,-1.0,14.1,14.5
67.937,90,125.0,1443.0,85.0,8.0,16.61,83.5,-1.0,14.1,14.5
68.027,90,125.0,1443.0,85.0,8.0,16.61,83.5,-1.0,14.1,14.5
68.117,90,122.0,1443.0,85.0,8.0,16.61,83.5,-1.0,14.1,14.5
68.207,90,122.0,1447.0,85.0,8.0,16.61,83.5,-1.0,14.1,14.5
68.299,90,122.0,1447.0,85.0,8.0,16.61,83.5,-1.0,14.1,14.5
68.387,90,122.0,1447.0,85.0,8.0,16.61,83.5,-1.0,14.1,14.5
68.477,90,122.0,1447.0,85.0,8.0,16.24,83.5,-1.0,14.1,14.5
68.567,90,122.0,1447.0,85.0,8.0,16.24,83.5,-1.0,14.1,14.5
68.657,90,122.0,1447.0,85.0,8.0,16.24,83.5,-1.0,14.1,14.5
68.747,90,122.0,1447.0,85.0,8.0,16.24,83.5,-1.0,14.1,14.5
68.837,90,122.0,1447.0,85.0,8.0,16.24,83.5,-1.0,14.1,14.5
68.927,90,122.0,1447.0,85.0,8.0,16.24,83.5,-1.0,14.1,14.5
69.017,90,119.0,1447.0,85.0,8.0,16.24,83.5,-1.0,14.1,14.5
69.108,90,119.0,1450.0,85.0,8.0,16.24,83.5,-1.0,14.1,14.5
69.197,90,119.0,1450.0,86.0,8.0,16.24,83.5,-1.0,14.1,14.5
69.287,90,119.0,1450.0,86.0,8.0,16.24,83.5,-1.0,14.1,14.5
69.378,90,119.0,1450.0,86.0,8.0,15.52,83.5,-1.0,14.1,14.5
69.468,90,119.0,1450.0,86.0,8.0,15.52,83.5,-1.0,14.1,14.5
69.557,90,119.0,1450.0,86.0,8.0,15.52,83.5,-1.0,14.1,14.5
69.647,90,119.0,1450.0,86.0,8.0,15.52,83.5,-1.0,14.1,14.5
69.737,90,119.0,1450.0,86.0,8.0,15.52,83.5,-1.0,14.1,14.5
69.827,90,119.0,1450.0,86.0,8.0,15.52,83.5,-1.0,14.1,14.5
69.917,90,117.0,1450.0,86.0,8.0,15.52,83.5,-1.0,14.1,14.5
70.007,90,117.0,1457.0,86.0,8.0,15.52,83.5,-1.0,14.1,14.5
70.097,90,117.0,1457.0,86.0,8.0,15.52,83.5,-1.0,14.1,14.5
70.187,90,117.0,1457.0,86.0,9.0,15.52,83.5,-1.0,14.1,14.5
70.277,90,117.0,1457.0,86.0,9.0,15.24,83.5,-1.0,14.1,14.5
70.367,90,117.0,1457.0,86.0,9.0,15.24,83.5,-1.0,14.1,14.5
70.457,90,117.0,1457.0,86.0,9.0,15.24,83.5,-1.0,14.1,14.5
70.547,90,117.0,1457.0,86.0,9.0,15.24,83.5,-1.0,14.1,14.5
70.637,90,117.0,1457.0,86.0,9.0,15.24,83.5,-1.0,14.1,14.5
70.728,90,117.0,1457.0,86.0,9.0,15.24,83.5,-1.0,14.1,14.5
70.818,90,115.0,1457.0,86.0,9.0,15.24,83.5,-1.0,14.1,14.5
70.907,90,115.0,1468.0,86.0,9.0,15.24,83.5,-1.0,14.1,14.5
70.997,90,115.0,1468.0,87.0,9.0,15.24,83.5,-1.0,14.1,14.5
71.088,90,115.0,1468.0,87.0,9.0,15.24,83.5,-1.0,14.1,14.5
71.177,90,115.0,1468.0,87.0,9.0,14.52,83.5,-1.0,14.1,14.5
71.267,90,115.0,1468.0,87.0,9.0,14.52,83.5,-1.0,14.1,14.5
71.358,90,115.0,1468.0,87.0,9.0,14.52,83.5,-1.0,14.1,14.5
71.447,90,115.0,1468.0,87.0,9.0,14.52,83.5,-1.0,14.1,14.5
71.538,90,115.0,1468.0,87.0,9.0,14.52,83.5,-1.0,14.1,14.5
71.627,90,115.0,1468.0,87.0,9.0,14.52,83.5,-1.0,14.1,14.5
71.717,90,110.0,1468.0,87.0,9.0,14.52,83.5,-1.0,14.1,14.5
71.808,90,110.0,1471.0,87.0,9.0,14.52,83.5,-1.0,14.1,14.5
71.897,90,110.0,1471.0,87.0,9.0,14.52,83.5,-1.0,14.1,14.5
71.988,90,110.0,1471.0,87.0,9.0,14.52,83.5,-1.0,14.1,14.5
72.077,90,110.0,1471.0,87.0,9.0,12.86,83.5,-1.0,14.1,14.5
72.167,90,110.0,1471.0,87.0,9.0,12.86,83.5,-1.0,14.1,14.5
72.257,90,110.0,1471.0,87.0,9.0,12.86,83.5,-1.0,14.1,14.5
72.377,90,110.0,1471.0,87.0,9.0,12.86,83.5,-1.0,14.1,14.5
72.467,90,110.0,1471.0,87.0,9.0,12.86,83.5,-1.0,14.1,14.5
72.557,90,110.0,1471.0,87.0,9.0,12.86,83.5,-1.0,14.1,14.5
72.647,90,105.0,1471.0,87.0,9.0,12.86,83.5,-1.0,14.1,14.5
72.737,90,105.0,1477.0,87.0,9.0,12.86,83.5,-1.0,14.1,14.5
72.826,90,105.0,1477.0,87.0,9.0,12.86,83.5,-1.0,14.1,14.5
72.917,90,105.0,1477.0,87.0,8.0,12.86,83.5,-1.0,14.1,14.5
73.007,90,105.0,1477.0,87.0,8.0,12.11,83.5,-1.0,14.1,14.5
73.097,90,105.0,1477.0,87.0,8.0,12.11,83.5,-1.0,14.1,14.5
73.187,90,105.0,1477.0,87.0,8.0,12.11,83.5,-1.0,14.1,14.5
73.277,90,105.0,1477.0,87.0,8.0,12.11,83.5,-1.0,14.1,14.5
73.367,90,105.0,1477.0,87.0,8.0,12.11,83.5,-1.0,14.1,14.5
73.457,90,105.0,1477.0,87.0,8.0,12.11,83.5,-1.0,14.1,14.5
73.547,90,100.0,1477.0,87.0,8.0,12.11,83.5,-1.0,14.1,14.5
73.637,90,100.0,1477.0,87.0,8.0,12.11,83.5,-1.0,14.1,14.5
73.727,90,100.0,1477.0,88.0,8.0,12.11,83.5,-1.0,14.1,14.5
73.816,90,100.0,1477.0,88.0,8.0,12.11,83.5,-1.0,14.1,14.5
73.907,90,100.0,1477.0,88.0,8.0,11.86,83.5,-1.0,14.1,14.5
73.997,90,100.0,1477.0,88.0,8.0,11.86,83.5,-1.0,14.1,14.5
74.087,90,100.0,1477.0,88.0,8.0,11.86,83.5,-1.0,14.1,14.5
74.177,90,100.0,1477.0,88.0,8.0,11.86,83.5,-1.0,14.1,14.5
74.267,90,100.0,1477.0,88.0,8.0,11.86,83.5,-1.0,14.1,14.5
74.357,90,100.0,1477.0,88.0,8.0,11.86,83.5,-1.0,14.1,14.5
74.447,90,99.0,1477.0,88.0,8.0,11.86,83.5,-1.0,14.1,14.5
74.537,90,99.0,1480.0,88.0,8.0,11.86,83.5,-1.0,14.1,14.5
74.628,90,99.0,1480.0,88.0,8.0,11.86,83.5,-1.0,14.1,14.5
74.718,90,99.0,1480.0,88.0,8.0,11.86,83.5,-1.0,14.1,14.5
74.809,90,99.0,1480.0,88.0,8.0,13.11,83.5,-1.0,14.1,14.5
74.897,90,99.0,1480.0,88.0,8.0,13.11,83.5,-1.0,14.1,14.5
74.987,90,99.0,1480.0,88.0,8.0,13.11,83.5,-1.0,14.1,14.5
75.077,90,99.0,1480.0,88.0,8.0,13.11,83.5,-1.0,14.1,14.5
75.167,90,99.0,1480.0,88.0,8.0,13.11,83.5,-1.0,14.1,14.5
75.257,90,99.0,1480.0,88.0,8.0,13.11,83.5,-1.0,14.1,14.5
75.347,90,106.0,1480.0,88.0,8.0,13.11,83.5,-1.0,14.1,14.5
75.439,90,106.0,1489.0,88.0,8.0,13.11,83.5,-1.0,14.1,14.5
75.527,90,106.0,1489.0,88.0,8.0,13.11,83.5,-1.0,14.1,14.5
75.617,90,106.0,1489.0,88.0,9.0,13.11,83.5,-1.0,14.1,14.5
75.707,90,106.0,1489.0,88.0,9.0,24.44,83.5,-1.0,14.1,14.5
75.797,90,106.0,1489.0,88.0,9.0,24.44,83.5,-1.0,14.1,14.5
75.887,90,106.0,1489.0,88.0,9.0,24.44,83.5,-1.0,14.1,14.5
75.977,90,106.0,1489.0,88.0,9.0,24.44,83.5,-1.0,14.1,14.5
76.067,90,106.0,1489.0,88.0,9.0,24.44,83.5,-1.0,14.1,14.5
76.157,90,106.0,1489.0,88.0,9.0,24.44,83.5,-1.0,14.1,14.5
76.248,90,111.0,1489.0,88.0,9.0,24.44,83.5,-1.0,14.1,14.5
76.337,90,111.0,1493.0,88.0,9.0,24.44,83.5,-1.0,14.1,14.5
76.427,90,111.0,1493.0,88.0,9.0,24.44,83.5,-1.0,14.1,14.5
76.517,90,111.0,1493.0,88.0,11.0,24.44,83.5,-1.0,14.1,14.5
76.607,90,111.0,1493.0,88.0,11.0,26.05,83.5,-1.0,14.1,14.5
76.697,90,111.0,1493.0,88.0,11.0,26.05,83.5,-1.0,14.1,14.5
76.787,90,111.0,1493.0,88.0,11.0,26.05,83.5,-1.0,14.1,14.5
76.877,90,111.0,1493.0,88.0,11.0,26.05,83.5,-1.0,14.1,14.5
76.967,90,111.0,1493.0,88.0,11.0,26.05,83.5,-1.0,14.1,14.5
77.057,90,111.0,1493.0,88.0,11.0,26.05,83.5,-1.0,14.1,14.5
77.147,90,112.0,1493.0,88.0,11.0,26.05,83.5,-1.0,14.1,14.5
77.237,90,112.0,1502.0,88.0,11.0,26.05,83.5,-1.0,14.1,14.5
77.327,90,112.0,1502.0,89.0,11.0,26.05,83.5,-1.0,14.1,14.5
77.417,90,112.0,1502.0,89.0,12.0,26.05,83.5,-1.0,14.1,14.5
77.507,90,112.0,1502.0,89.0,12.0,26.19,83.5,-1.0,14.1,14.5
77.597,90,112.0,1502.0,89.0,12.0,26.19,83.5,-1.0,14.1,14.5
77.687,90,112.0,1502.0,89.0,12.0,26.19,83.5,-1.0,14.1,14.5
77.777,90,112.0,1502.0,89.0,12.0,26.19,83.5,-1.0,14.1,14.5
77.867,90,112.0,1502.0,89.0,12.0,26.19,83.5,-1.0,14.1,14.5
77.957,90,112.0,1502.0,89.0,12.0,26.19,83.5,-1.0,14.1,14.5
78.047,90,113.0,1502.0,89.0,12.0,26.19,83.5,-1.0,14.1,14.5
78.137,90,113.0,1504.0,89.0,12.0,26.19,83.5,-1.0,14.1,14.5
78.227,90,113.0,1504.0,89.0,12.0,26.19,83.5,-1.0,14.1,14.5
78.317,90,113.0,1504.0,89.0,12.0,26.19,83.5,-1.0,14.1,14.5
78.407,90,113.0,1504.0,89.0,12.0,26.13,83.5,-1.0,14.1,14.5
78.497,90,113.0,1504.0,89.0,12.0,26.13,83.5,-1.0,14.1,14.5
78.587,90,113.0,1504.0,89.0,12.0,26.13,83.5,-1.0,14.1,14.5
78.679,90,113.0,1504.0,89.0,12.0,26.13,83.5,-1.0,14.1,14.5
78.767,90,113.0,1504.0,89.0,12.0,26.13,83.5,-1.0,14.1,14.5
78.857,90,113.0,1504.0,89.0,12.0,26.13,83.5,-1.0,14.1,14.5
78.947,90,112.0,1504.0,89.0,12.0,26.13,83.5,-1.0,14.1,14.5
79.038,90,112.0,1504.0,89.0,12.0,26.13,83.5,-1.0,14.1,14.5
79.127,90,112.0,1504.0,89.0,12.0,26.13,83.5,-1.0,14.1,14.5
79.218,90,112.0,1504.0,89.0,12.0,26.13,83.5,-1.0,14.1,14.5
79.308,90,112.0,1504.0,89.0,12.0,26.22,83.5,-1.0,14.1,14.5
79.397,90,112.0,1504.0,89.0,12.0,26.22,83.5,-1.0,14.1,14.5
79.489,90,112.0,1504.0,89.0,12.0,26.22,83.5,-1.0,14.1,14.5
79.577,90,112.0,1504.0,89.0,12.0,26.22,83.5,-1.0,14.1,14.5
79.667,90,112.0,1504.0,89.0,12.0,26.22,83.5,-1.0,14.1,14.5
79.757,90,112.0,1504.0,89.0,12.0,26.22,83.5,-1.0,14.1,14.5
79.847,90,112.0,1504.0,89.0,12.0,26.22,83.5,-1.0,14.1,14.5
79.937,90,112.0,1503.0,89.0,12.0,26.22,83.5,-1.0,14.1,14.5
80.027,90,112.0,1503.0,89.0,12.0,26.22,83.5,-1.0,14.1,14.5
80.117,90,112.0,1503.0,89.0,11.0,26.22,83.5,-1.0,14.1,14.5
80.207,90,112.0,1503.0,89.0,11.0,25.91,83.5,-1.0,14.1,14.5
80.298,90,112.0,1503.0,89.0,11.0,25.91,83.5,-1.0,14.1,14.5
80.387,90,112.0,1503.0,89.0,11.0,25.91,83.5,-1.0,14.1,14.5
80.477,90,112.0,1503.0,89.0,11.0,25.91,83.5,-1.0,14.1,14.5
80.567,90,112.0,1503.0,89.0,11.0,25.91,83.5,-1.0,14.1,14.5
80.657,90,112.0,1503.0,89.0,11.0,25.91,83.5,-1.0,14.1,14.5
80.747,90,112.0,1503.0,89.0,11.0,25.91,83.5,-1.0,14.1,14.5
80.837,90,112.0,1493.0,89.0,11.0,25.91,83.5,-1.0,14.1,14.5
80.927,90,112.0,1493.0,88.0,11.0,25.91,83.5,-1.0,14.1,14.5
81.017,90,112.0,1493.0,88.0,11.0,25.91,83.5,-1.0,14.1,14.5
81.107,90,112.0,1493.0,88.0,11.0,25.61,83.5,-1.0,14.1,14.5
81.197,90,112.0,1493.0,88.0,11.0,25.61,83.5,-1.0,14.1,14.5
81.287,90,112.0,1493.0,88.0,11.0,25.61,83.5,-1.0,14.1,14.5
81.377,90,112.0,1493.0,88.0,11.0,25.61,83.5,-1.0,14.1,14.5
81.468,90,112.0,1493.0,88.0,11.0,25.61,83.5,-1.0,14.1,14.5
81.557,90,112.0,1493.0,88.0,11.0,25.61,83.5,-1.0,14.1,14.5
81.647,90,111.0,1493.0,88.0,11.0,25.61,83.5,-1.0,14.1,14.5
81.737,90,111.0,1472.0,88.0,11.0,25.61,83.5,-1.0,14.1,14.5
81.827,90,111.0,1472.0,87.0,11.0,25.61,83.5,-1.0,14.1,14.5
81.918,90,111.0,1472.0,87.0,11.0,25.61,83.5,-1.0,14.1,14.5
82.007,90,111.0,1472.0,87.0,11.0,25.05,83.5,-1.0,14.1,14.5
82.097,90,111.0,1472.0,87.0,11.0,25.05,83.5,-1.0,14.1,14.5
82.187,90,111.0,1472.0,87.0,11.0,25.05,83.5,-1.0,14.1,14.5
82.277,90,111.0,1472.0,87.0,11.0,25.05,83.5,-1.0,14.1,14.5
82.368,90,111.0,1472.0,87.0,11.0,25.05,83.5,-1.0,14.1,14.5
82.457,90,111.0,1472.0,87.0,11.0,25.05,83.5,-1.0,14.1,14.5
82.547,90,111.0,1472.0,87.0,11.0,25.05,83.5,-1.0,14.1,14.5
82.637,90,111.0,1451.0,87.0,11.0,25.05,83.5,-1.0,14.1,14.5
82.728,90,111.0,1451.0,86.0,11.0,25.05,83.5,-1.0,14.1,14.5
82.816,90,111.0,1451.0,86.0,11.0,25.05,83.5,-1.0,14.1,14.5
82.937,90,111.0,1451.0,86.0,11.0,24.97,83.5,-1.0,14.1,14.5
83.027,90,111.0,1451.0,86.0,11.0,24.97,83.5,-1.0,14.1,14.5
83.117,90,111.0,1451.0,86.0,11.0,24.97,83.5,-1.0,14.1,14.5
83.207,90,111.0,1451.0,86.0,11.0,24.97,83.5,-1.0,14.1,14.5
83.297,90,111.0,1451.0,86.0,11.0,24.97,83.5,-1.0,14.1,14.5
83.387,90,111.0,1451.0,86.0,11.0,24.97,83.5,-1.0,14.1,14.5
83.479,90,110.0,1451.0,86.0,11.0,24.97,83.5,-1.0,14.1,14.5
83.597,90,110.0,1451.0,86.0,11.0,24.97,83.5,-1.0,14.1,14.5
83.687,90,110.0,1451.0,85.0,11.0,24.97,83.5,-1.0,14.1,14.5
83.78,90,110.0,1451.0,85.0,10.0,24.97,83.5,-1.0,14.1,14.5
83.867,90,110.0,1451.0,85.0,10.0,10.24,83.5,-1.0,14.1,14.5
83.957,90,110.0,1451.0,85.0,10.0,10.24,83.5,-1.0,14.1,14.5
84.077,90,110.0,1451.0,85.0,10.0,10.24,83.5,-1.0,14.1,14.5
84.167,90,110.0,1451.0,85.0,10.0,10.24,83.5,-1.0,14.1,14.5
84.257,90,110.0,1451.0,85.0,10.0,10.24,83.5,-1.0,14.1,14.5
84.346,90,110.0,1451.0,85.0,10.0,10.24,83.5,-1.0,14.1,14.5
84.436,90,106.0,1451.0,85.0,10.0,10.24,83.5,-1.0,14.1,14.5
84.527,90,106.0,1433.0,85.0,10.0,10.24,83.5,-1.0,14.1,14.5
84.617,90,106.0,1433.0,85.0,10.0,10.24,83.5,-1.0,14.1,14.5
84.707,90,106.0,1433.0,85.0,6.0,10.24,83.5,-1.0,14.1,14.5
84.796,90,106.0,1433.0,85.0,6.0,13.05,83.5,-1.0,14.1,14.5
84.887,90,106.0,1433.0,85.0,6.0,13.05,83.5,-1.0,14.1,14.5
84.977,90,106.0,1433.0,85.0,6.0,13.05,83.5,-1.0,14.1,14.5
85.067,90,106.0,1433.0,85.0,6.0,13.05,83.5,-1.0,14.1,14.5
85.158,90,106.0,1433.0,85.0,6.0,13.05,83.5,-1.0,14.1,14.5
85.247,89,106.0,1433.0,85.0,6.0,13.05,83.5,-1.0,14.1,14.5
85.337,89,113.0,1433.0,85.0,6.0,13.05,83.5,-1.0,14.1,14.5
85.427,89,113.0,1435.0,85.0,6.0,13.05,83.5,-1.0,14.1,14.5
85.517,89,113.0,1435.0,85.0,6.0,13.05,83.5,-1.0,14.1,14.5
85.607,89,113.0,1435.0,85.0,8.0,13.05,83.5,-1.0,14.1,14.5
85.698,89,113.0,1435.0,85.0,8.0,15.33,83.5,-1.0,14.1,14.5
85.786,89,113.0,1435.0,85.0,8.0,15.33,83.5,-1.0,14.1,14.5
85.877,89,113.0,1435.0,85.0,8.0,15.33,83.5,-1.0,14.1,14.5
85.968,89,113.0,1435.0,85.0,8.0,15.33,83.5,-1.0,14.1,14.5
86.057,89,113.0,1435.0,85.0,8.0,15.33,83.5,-1.0,14.1,14.5
86.147,89,113.0,1435.0,85.0,8.0,15.33,83.5,-1.0,14.1,14.5
86.237,89,119.0,1435.0,85.0,8.0,15.33,83.5,-1.0,14.1,14.5
86.327,89,119.0,1434.0,85.0,8.0,15.33,83.5,-1.0,14.1,14.5
86.417,89,119.0,1434.0,85.0,8.0,15.33,83.5,-1.0,14.1,14.5
86.507,89,119.0,1434.0,85.0,9.0,15.33,83.5,-1.0,14.1,14.5
86.597,89,119.0,1434.0,85.0,9.0,15.49,83.5,-1.0,14.1,14.5
86.688,89,119.0,1434.0,85.0,9.0,15.49,83.5,-1.0,14.1,14.5
86.781,89,119.0,1434.0,85.0,9.0,15.49,83.5,-1.0,14.1,14.5
86.867,89,119.0,1434.0,85.0,9.0,15.49,83.5,-1.0,14.1,14.5
86.957,89,119.0,1434.0,85.0,9.0,15.49,83.5,-1.0,14.1,14.5
87.047,89,119.0,1434.0,85.0,9.0,15.49,83.5,-1.0,14.1,14.5
87.137,89,111.0,1434.0,85.0,9.0,15.49,83.5,-1.0,14.1,14.5
87.227,89,111.0,1161.0,85.0,9.0,15.49,83.5,-1.0,14.1,14.5
87.318,89,111.0,1161.0,84.0,9.0,15.49,83.5,-1.0,14.1,14.5
87.407,89,111.0,1161.0,84.0,9.0,15.49,83.5,-1.0,14.1,14.5
87.497,89,111.0,1161.0,84.0,9.0,8.88,83.5,-1.0,14.1,14.5
87.589,89,111.0,1161.0,84.0,9.0,8.88,83.5,-1.0,14.1,14.5
87.648,89,111.0,1161.0,84.0,9.0,8.88,83.5,-1.0,14.1,14.5
87.738,89,111.0,1161.0,84.0,9.0,8.88,83.5,-1.0,14.1,14.5
87.826,89,111.0,1161.0,84.0,9.0,8.88,83.5,-1.0,14.1,14.5
87.917,89,111.0,1161.0,84.0,9.0,8.88,83.5,-1.0,14.1,14.5
88.007,89,107.0,1161.0,84.0,9.0,8.88,83.5,-1.0,14.1,14.5
88.097,89,107.0,1045.0,84.0,9.0,8.88,83.5,-1.0,14.1,14.5
88.187,89,107.0,1045.0,81.0,9.0,8.88,83.5,-1.0,14.1,14.5
88.277,89,107.0,1045.0,81.0,8.0,8.88,83.5,-1.0,14.1,14.5
88.367,89,107.0,1045.0,81.0,8.0,9.13,83.5,-1.0,14.1,14.5
88.457,89,107.0,1045.0,81.0,8.0,9.13,83.5,-1.0,14.1,14.5
88.547,89,107.0,1045.0,81.0,8.0,9.13,83.5,-1.0,14.1,14.5
88.637,89,107.0,1045.0,81.0,8.0,9.13,83.5,-1.0,14.1,14.5
88.727,89,107.0,1045.0,81.0,8.0,9.13,83.5,-1.0,14.1,14.5
88.817,89,107.0,1045.0,81.0,8.0,9.13,83.5,-1.0,14.1,14.5
88.907,89,105.0,1045.0,81.0,8.0,9.13,83.5,-1.0,14.1,14.5
88.997,89,105.0,1934.0,81.0,8.0,9.13,83.5,-1.0,14.1,14.5
89.087,89,105.0,1934.0,80.0,8.0,9.13,83.5,-1.0,14.1,14.5
89.177,89,105.0,1934.0,80.0,6.0,9.13,83.5,-1.0,14.1,14.5
89.267,89,105.0,1934.0,80.0,6.0,23.63,83.5,-1.0,14.1,14.5
89.358,89,105.0,1934.0,80.0,6.0,23.63,83.5,-1.0,14.1,14.5
89.447,89,105.0,1934.0,80.0,6.0,23.63,83.5,-1.0,14.1,14.5
89.537,89,105.0,1934.0,80.0,6.0,23.63,83.5,-1.0,14.1,14.5
89.598,89,105.0,1934.0,80.0,6.0,23.63,83.5,-1.0,14.1,14.5
89.687,89,105.0,1934.0,80.0,6.0,23.63,83.5,-1.0,14.1,14.5
89.777,89,119.0,1934.0,80.0,6.0,23.63,83.5,-1.0,14.1,14.5
89.867,89,119.0,1977.0,80.0,6.0,23.63,83.5,-1.0,14.1,14.5
89.957,89,119.0,1977.0,77.0,6.0,23.63,83.5,-1.0,14.1,14.5
90.047,89,119.0,1977.0,77.0,10.0,23.63,83.5,-1.0,14.1,14.5
90.137,89,119.0,1977.0,77.0,10.0,37.11,83.5,-1.0,14.1,14.5
90.227,89,119.0,1977.0,77.0,10.0,37.11,83.5,-1.0,14.1,14.5
90.317,89,119.0,1977.0,77.0,10.0,37.11,83.5,-1.0,14.1,14.5
90.407,89,119.0,1977.0,77.0,10.0,37.11,83.5,-1.0,14.1,14.5
90.497,89,119.0,1977.0,77.0,10.0,37.11,83.5,-1.0,14.1,14.5
90.587,89,119.0,1977.0,77.0,10.0,37.11,83.5,-1.0,14.1,14.5
90.677,89,123.0,1977.0,77.0,10.0,37.11,83.5,-1.0,14.1,14.5
90.767,89,123.0,1904.0,77.0,10.0,37.11,83.5,-1.0,14.1,14.5
90.856,89,123.0,1904.0,74.0,10.0,37.11,83.5,-1.0,14.1,14.5
90.947,89,123.0,1904.0,74.0,13.0,37.11,83.5,-1.0,14.1,14.5
91.039,89,123.0,1904.0,74.0,13.0,35.69,83.5,-1.0,14.1,14.5
91.128,89,123.0,1904.0,74.0,13.0,35.69,83.5,-1.0,14.1,14.5
91.218,89,123.0,1904.0,74.0,13.0,35.69,83.5,-1.0,14.1,14.5
91.307,89,123.0,1904.0,74.0,13.0,35.69,83.5,-1.0,14.1,14.5
91.397,89,123.0,1904.0,74.0,13.0,35.69,83.5,-1.0,14.1,14.5
91.487,89,123.0,1904.0,74.0,13.0,35.69,83.5,-1.0,14.1,14.5
91.548,89,122.0,1904.0,74.0,13.0,35.69,83.5,-1.0,14.1,14.5
91.639,89,122.0,1854.0,74.0,13.0,35.69,83.5,-1.0,14.1,14.5
91.727,89,122.0,1854.0,72.0,13.0,35.69,83.5,-1.0,14.1,14.5
91.816,89,122.0,1854.0,72.0,13.0,35.69,83.5,-1.0,14.1,14.5
91.907,89,122.0,1854.0,72.0,13.0,34.8,83.5,-1.0,14.1,14.5
92.0,89,122.0,1854.0,72.0,13.0,34.8,83.5,-1.0,14.1,14.5
92.087,89,122.0,1854.0,72.0,13.0,34.8,83.5,-1.0,14.1,14.5
92.177,89,122.0,1854.0,72.0,13.0,34.8,83.5,-1.0,14.9,14.5
92.267,89,122.0,1854.0,72.0,13.0,34.8,83.5,-1.0,14.9,15.3
92.357,89,122.0,1854.0,72.0,13.0,34.8,83.5,-1.0,14.9,15.3
92.447,89,121.0,1854.0,72.0,13.0,34.8,83.5,-1.0,14.9,15.3
92.537,89,121.0,1838.0,72.0,13.0,34.8,83.5,-1.0,14.9,15.3
92.627,89,121.0,1838.0,72.0,13.0,34.8,83.5,-1.0,14.9,15.3
92.717,89,121.0,1838.0,72.0,12.0,34.8,83.5,-1.0,14.9,15.3
92.806,89,121.0,1838.0,72.0,12.0,23.3,83.5,-1.0,14.9,15.3
92.896,89,121.0,1838.0,72.0,12.0,23.3,83.5,-1.0,14.9,15.3
92.987,89,121.0,1838.0,72.0,12.0,23.3,83.5,-1.0,14.9,15.3
93.077,89,121.0,1838.0,72.0,12.0,23.3,83.5,-1.0,31.0,15.3
93.167,89,121.0,1838.0,72.0,12.0,23.3,83.5,-1.0,31.0,32.2
93.259,89,121.0,1838.0,72.0,12.0,23.3,83.5,-1.0,31.0,32.2
93.347,89,111.0,1838.0,72.0,12.0,23.3,83.5,-1.0,31.0,32.2
93.44,89,111.0,1848.0,72.0,12.0,23.3,83.5,-1.0,31.0,32.2
93.526,89,111.0,1848.0,72.0,12.0,23.3,83.5,-1.0,31.0,32.2
93.616,89,111.0,1848.0,72.0,9.0,23.3,83.5,-1.0,31.0,32.2
93.707,89,111.0,1848.0,72.0,9.0,18.33,83.5,-1.0,31.0,32.2
93.8,89,111.0,1848.0,72.0,9.0,18.33,83.5,-1.0,31.0,32.2
93.887,89,111.0,1848.0,72.0,9.0,18.33,83.5,-1.0,31.0,32.2
93.977,89,111.0,1848.0,72.0,9.0,18.33,83.5,-1.0,34.1,32.2
94.067,89,111.0,1848.0,72.0,9.0,18.33,83.5,-1.0,34.1,34.5
94.157,89,111.0,1848.0,72.0,9.0,18.33,83.5,-1.0,34.1,34.5
94.247,89,120.0,1848.0,72.0,9.0,18.33,83.5,-1.0,34.1,34.5
94.337,89,120.0,1872.0,72.0,9.0,18.33,83.5,-1.0,34.1,34.5
94.427,89,120.0,1872.0,73.0,9.0,18.33,83.5,-1.0,34.1,34.5
94.517,89,120.0,1872.0,73.0,9.0,18.33,83.5,-1.0,34.1,34.5
94.607,89,120.0,1872.0,73.0,9.0,21.58,83.5,-1.0,34.1,34.5
94.697,89,120.0,1872.0,73.0,9.0,21.58,83.5,-1.0,34.1,34.5
94.787,89,120.0,1872.0,73.0,9.0,21.58,83.5,-1.0,34.1,34.5
94.877,89,120.0,1872.0,73.0,9.0,21.58,83.5,-1.0,35.3,34.5
94.969,89,120.0,1872.0,73.0,9.0,21.58,83.5,-1.0,35.3,35.3
95.057,89,120.0,1872.0,73.0,9.0,21.58,83.5,-1.0,35.3,35.3
95.147,89,126.0,1872.0,73.0,9.0,21.58,83.5,-1.0,35.3,35.3
95.237,89,126.0,1902.0,73.0,9.0,21.58,83.5,-1.0,35.3,35.3
95.327,89,126.0,1902.0,74.0,9.0,21.58,83.5,-1.0,35.3,35.3
95.417,89,126.0,1902.0,74.0,10.0,21.58,83.5,-1.0,35.3,35.3
95.507,89,126.0,1902.0,74.0,10.0,20.97,83.5,-1.0,35.3,35.3
95.597,89,126.0,1902.0,74.0,10.0,20.97,83.5,-1.0,35.3,35.3
95.689,89,126.0,1902.0,74.0,10.0,20.97,83.5,-1.0,35.3,35.3
95.777,89,126.0,1902.0,74.0,10.0,20.97,83.5,-1.0,36.1,35.3
95.866,89,126.0,1902.0,74.0,10.0,20.97,83.5,-1.0,36.1,36.9
95.957,89,126.0,1902.0,74.0,10.0,20.97,83.5,-1.0,36.1,36.9
96.047,89,122.0,1902.0,74.0,10.0,20.97,83.5,-1.0,36.1,36.9
96.138,89,122.0,1933.0,74.0,10.0,20.97,83.5,-1.0,36.1,36.9
96.227,89,122.0,1933.0,75.0,10.0,20.97,83.5,-1.0,36.1,36.9
96.317,89,122.0,1933.0,75.0,10.0,20.97,83.5,-1.0,36.1,36.9
96.407,89,122.0,1933.0,75.0,10.0,23.94,83.5,-1.0,36.1,36.9
96.499,89,122.0,1933.0,75.0,10.0,23.94,83.5,-1.0,36.1,36.9
96.587,89,122.0,1933.0,75.0,10.0,23.94,83.5,-1.0,36.1,36.9
96.677,89,122.0,1933.0,75.0,10.0,23.94,83.5,-1.0,38.8,36.9
96.767,89,122.0,1933.0,75.0,10.0,23.94,83.5,-1.0,38.8,39.2
96.856,89,122.0,1933.0,75.0,10.0,23.94,83.5,-1.0,38.8,39.2
96.947,89,133.0,1933.0,75.0,10.0,23.94,83.5,-1.0,38.8,39.2
97.037,89,133.0,1965.0,75.0,10.0,23.94,83.5,-1.0,38.8,39.2
97.127,89,133.0,1965.0,77.0,10.0,23.94,83.5,-1.0,38.8,39.2
97.218,89,133.0,1965.0,77.0,10.0,23.94,83.5,-1.0,38.8,39.2
97.308,89,133.0,1965.0,77.0,10.0,26.19,83.5,-1.0,38.8,39.2
97.397,89,133.0,1965.0,77.0,10.0,26.19,83.5,-1.0,38.8,39.2
97.487,89,133.0,1965.0,77.0,10.0,26.19,83.5,-1.0,38.8,39.2
97.577,89,133.0,1965.0,77.0,10.0,26.19,83.5,-1.0,43.1,39.2
97.667,89,133.0,1965.0,77.0,10.0,26.19,83.5,-1.0,43.1,45.5
97.757,89,133.0,1965.0,77.0,10.0,26.19,83.5,-1.0,43.1,45.5
97.846,89,154.0,1965.0,77.0,10.0,26.19,83.5,-1.0,43.1,45.5
97.939,89,154.0,2015.0,77.0,10.0,26.19,83.5,-1.0,43.1,45.5
98.027,89,154.0,2015.0,79.0,10.0,26.19,83.5,-1.0,43.1,45.5
98.117,89,154.0,2015.0,79.0,11.0,26.19,83.5,-1.0,43.1,45.5
98.207,89,154.0,2015.0,79.0,11.0,39.16,83.5,-1.0,43.1,45.5
98.297,89,154.0,2015.0,79.0,11.0,39.16,83.5,-1.0,43.1,45.5
98.387,89,154.0,2015.0,79.0,11.0,39.16,83.5,-1.0,43.1,45.5
98.477,89,154.0,2015.0,79.0,11.0,39.16,83.5,-1.0,32.9,45.5
98.567,89,154.0,2015.0,79.0,11.0,39.16,83.5,-1.0,32.9,18.0
98.657,89,154.0,2015.0,79.0,11.0,39.16,83.5,-1.0,32.9,18.0
98.747,89,134.0,2015.0,79.0,11.0,39.16,83.5,-1.0,32.9,18.0
98.836,89,134.0,1779.0,79.0,11.0,39.16,83.5,-1.0,32.9,18.0
98.927,89,134.0,1779.0,80.0,11.0,39.16,83.5,-1.0,32.9,18.0
99.017,89,134.0,1779.0,80.0,12.0,39.16,83.5,-1.0,32.9,18.0
99.107,89,134.0,1779.0,80.0,12.0,14.24,83.5,-1.0,32.9,18.0
99.197,89,134.0,1779.0,80.0,12.0,14.24,83.5,-1.0,32.9,18.0
99.287,89,134.0,1779.0,80.0,12.0,14.24,83.5,-1.0,32.9,18.0
99.377,89,134.0,1779.0,80.0,12.0,14.24,83.5,-1.0,54.1,18.0
99.467,89,134.0,1779.0,80.0,12.0,14.24,83.5,-1.0,54.1,58.8
99.557,89,134.0,1779.0,80.0,12.0,14.24,83.5,-1.0,54.1,58.8
99.647,89,138.0,1779.0,80.0,12.0,14.24,83.5,-1.0,54.1,58.8
99.739,89,138.0,1670.0,80.0,12.0,14.24,83.5,-1.0,54.1,58.8
99.826,89,138.0,1670.0,82.0,12.0,14.24,83.5,-1.0,54.1,58.8
99.917,89,138.0,1670.0,82.0,9.0,14.24,83.5,-1.0,54.1,58.8
100.007,89,138.0,1670.0,82.0,9.0,39.44,83.5,-1.0,54.1,58.8
100.097,89,138.0,1670.0,82.0,9.0,39.44,43.1,-1.0,54.1,58.8
100.187,89,138.0,1670.0,82.0,9.0,39.44,43.1,-1.0,54.1,58.8
100.277,89,138.0,1670.0,82.0,9.0,39.44,43.1,-1.0,14.1,58.8
100.367,89,138.0,1670.0,82.0,9.0,39.44,43.1,-1.0,14.1,17.3
100.457,89,138.0,1670.0,82.0,9.0,39.44,43.1,-1.0,14.1,17.3
100.547,89,109.0,1670.0,82.0,9.0,39.44,43.1,-1.0,14.1,17.3
100.637,89,109.0,1466.0,82.0,9.0,39.44,43.1,-1.0,14.1,17.3
100.727,89,109.0,1466.0,83.0,9.0,39.44,43.1,-1.0,14.1,17.3
100.816,89,109.0,1466.0,83.0,12.0,39.44,43.1,-1.0,14.1,17.3
100.906,89,109.0,1466.0,83.0,12.0,21.69,43.1,-1.0,14.1,17.3
100.997,89,109.0,1466.0,83.0,12.0,21.69,79.2,-1.0,14.1,17.3
101.087,89,109.0,1466.0,83.0,12.0,21.69,79.2,-1.0,14.1,17.3
101.177,89,109.0,1466.0,83.0,12.0,21.69,79.2,-1.0,32.2,17.3
101.268,89,109.0,1466.0,83.0,12.0,21.69,79.2,-1.0,32.2,29.4
101.357,89,109.0,1466.0,83.0,12.0,21.69,79.2,-1.0,32.2,29.4
101.447,89,111.0,1466.0,83.0,12.0,21.69,79.2,-1.0,32.2,29.4
101.537,89,111.0,1381.0,83.0,12.0,21.69,79.2,-1.0,32.2,29.4
101.627,89,111.0,1381.0,84.0,12.0,21.69,79.2,-1.0,32.2,29.4
101.717,89,111.0,1381.0,84.0,9.0,21.69,79.2,-1.0,32.2,29.4
101.806,89,111.0,1381.0,84.0,9.0,12.13,79.2,-1.0,32.2,29.4
101.896,89,111.0,1381.0,84.0,9.0,12.13,83.5,-1.0,32.2,29.4
101.987,89,111.0,1381.0,84.0,9.0,12.13,83.5,-1.0,32.2,29.4
102.077,89,111.0,1381.0,84.0,9.0,12.13,83.5,-1.0,14.1,29.4
102.167,89,111.0,1381.0,84.0,9.0,12.13,83.5,-1.0,14.1,14.5
102.257,89,111.0,1381.0,84.0,9.0,12.13,83.5,-1.0,14.1,14.5
102.347,89,111.0,1381.0,84.0,9.0,12.13,83.5,-1.0,14.1,14.5
102.437,89,111.0,1416.0,84.0,9.0,12.13,83.5,-1.0,14.1,14.5
102.527,89,111.0,1416.0,84.0,9.0,12.13,83.5,-1.0,14.1,14.5
102.617,89,111.0,1416.0,84.0,7.0,12.13,83.5,-1.0,14.1,14.5
102.707,89,111.0,1416.0,84.0,7.0,12.66,83.5,-1.0,14.1,14.5
102.799,89,111.0,1416.0,84.0,7.0,12.66,83.5,-1.0,14.1,14.5
102.886,89,111.0,1416.0,84.0,7.0,12.66,83.5,-1.0,14.1,14.5
102.977,89,111.0,1416.0,84.0,7.0,12.66,83.5,-1.0,14.1,14.5
103.067,89,111.0,1416.0,84.0,7.0,12.66,83.5,-1.0,14.1,14.5
103.157,89,111.0,1416.0,84.0,7.0,12.66,83.5,-1.0,14.1,14.5
103.247,89,113.0,1416.0,84.0,7.0,12.66,83.5,-1.0,14.1,14.5
103.338,89,113.0,1417.0,84.0,7.0,12.66,83.5,-1.0,14.1,14.5
103.427,89,113.0,1417.0,84.0,7.0,12.66,83.5,-1.0,14.1,14.5
103.517,89,113.0,1417.0,84.0,7.0,12.66,83.5,-1.0,14.1,14.5
103.607,89,113.0,1417.0,84.0,7.0,11.24,83.5,-1.0,14.1,14.5
103.697,89,113.0,1417.0,84.0,7.0,11.24,83.5,-1.0,14.1,14.5
103.788,89,113.0,1417.0,84.0,7.0,11.24,83.5,-1.0,14.1,14.5
103.876,89,113.0,1417.0,84.0,7.0,11.24,83.5,-1.0,14.1,14.5
103.966,89,113.0,1417.0,84.0,7.0,11.24,83.5,-1.0,14.1,14.5
104.056,89,113.0,1417.0,84.0,7.0,11.24,83.5,-1.0,14.1,14.5
104.147,89,104.0,1417.0,84.0,7.0,11.24,83.5,-1.0,14.1,14.5
104.237,89,104.0,1422.0,84.0,7.0,11.24,83.5,-1.0,14.1,14.5
104.327,89,104.0,1422.0,84.0,7.0,11.24,83.5,-1.0,14.1,14.5
104.417,89,104.0,1422.0,84.0,7.0,11.24,83.5,-1.0,14.1,14.5
104.507,89,104.0,1422.0,84.0,7.0,11.36,83.5,-1.0,14.1,14.5
104.597,89,104.0,1422.0,84.0,7.0,11.36,83.5,-1.0,14.1,14.5
104.687,89,104.0,1422.0,84.0,7.0,11.36,83.5,-1.0,14.1,14.5
104.777,89,104.0,1422.0,84.0,7.0,11.36,83.5,-1.0,14.1,14.5
104.866,89,104.0,1422.0,84.0,7.0,11.36,83.5,-1.0,14.1,14.5
104.957,89,104.0,1422.0,84.0,7.0,11.36,83.5,-1.0,14.1,14.5
105.047,89,100.0,1422.0,84.0,7.0,11.36,83.5,-1.0,14.1,14.5
105.137,89,100.0,1428.0,84.0,7.0,11.36,83.5,-1.0,14.1,14.5
105.227,89,100.0,1428.0,84.0,7.0,11.36,83.5,-1.0,14.1,14.5
105.317,89,100.0,1428.0,84.0,7.0,11.36,83.5,-1.0,14.1,14.5
105.407,89,100.0,1428.0,84.0,7.0,11.36,83.5,-1.0,14.1,14.5
105.497,89,100.0,1428.0,84.0,7.0,11.36,83.5,-1.0,14.1,14.5
105.587,89,100.0,1428.0,84.0,7.0,11.36,83.5,-1.0,14.1,14.5
105.677,89,100.0,1428.0,84.0,7.0,11.36,83.5,-1.0,14.1,14.5
105.767,89,100.0,1428.0,84.0,7.0,11.36,83.5,-1.0,14.1,14.5
105.857,89,100.0,1428.0,84.0,7.0,11.36,83.5,-1.0,14.1,14.5
105.947,89,100.0,1428.0,84.0,7.0,11.36,83.5,-1.0,14.1,14.5
106.037,89,100.0,1437.0,84.0,7.0,11.36,83.5,-1.0,14.1,14.5
106.127,89,100.0,1437.0,85.0,7.0,11.36,83.5,-1.0,14.1,14.5
106.217,89,100.0,1437.0,85.0,7.0,11.36,83.5,-1.0,14.1,14.5
106.307,89,100.0,1437.0,85.0,7.0,11.66,83.5,-1.0,14.1,14.5
106.397,89,100.0,1437.0,85.0,7.0,11.66,83.5,-1.0,14.1,14.5
106.487,89,100.0,1437.0,85.0,7.0,11.66,83.5,-1.0,14.1,14.5
106.577,89,100.0,1437.0,85.0,7.0,11.66,83.5,-1.0,14.1,14.5
106.667,89,100.0,1437.0,85.0,7.0,11.66,83.5,-1.0,14.1,14.5
106.757,89,100.0,1437.0,85.0,7.0,11.66,83.5,-1.0,14.1,14.5
106.846,89,100.0,1437.0,85.0,7.0,11.66,83.5,-1.0,14.1,14.5
106.937,89,100.0,1443.0,85.0,7.0,11.66,83.5,-1.0,14.1,14.5
107.027,89,100.0,1443.0,85.0,7.0,11.66,83.5,-1.0,14.1,14.5
107.117,89,100.0,1443.0,85.0,8.0,11.66,83.5,-1.0,14.1,14.5
107.207,89,100.0,1443.0,85.0,8.0,11.44,83.5,-1.0,14.1,14.5
107.297,89,100.0,1443.0,85.0,8.0,11.44,83.5,-1.0,14.1,14.5
107.387,89,100.0,1443.0,85.0,8.0,11.44,83.5,-1.0,14.1,14.5
107.477,89,100.0,1443.0,85.0,8.0,11.44,83.5,-1.0,14.1,14.5
107.567,89,100.0,1443.0,85.0,8.0,11.44,83.5,-1.0,14.1,14.5
107.659,89,100.0,1443.0,85.0,8.0,11.44,83.5,-1.0,14.1,14.5
107.747,89,99.0,1443.0,85.0,8.0,11.44,83.5,-1.0,14.1,14.5
107.837,89,99.0,1447.0,85.0,8.0,11.44,83.5,-1.0,14.1,14.5
107.926,89,99.0,1447.0,85.0,8.0,11.44,83.5,-1.0,14.1,14.5
108.016,89,99.0,1447.0,85.0,8.0,11.44,83.5,-1.0,14.1,14.5
108.107,89,99.0,1447.0,85.0,8.0,11.61,83.5,-1.0,14.1,14.5
108.197,89,99.0,1447.0,85.0,8.0,11.61,83.5,-1.0,14.1,14.5
108.287,89,99.0,1447.0,85.0,8.0,11.61,83.5,-1.0,14.1,14.5
108.377,89,99.0,1447.0,85.0,8.0,11.61,83.5,-1.0,14.1,14.5
108.467,89,99.0,1447.0,85.0,8.0,11.61,83.5,-1.0,14.1,14.5
108.557,89,99.0,1447.0,85.0,8.0,11.61,83.5,-1.0,14.1,14.5
108.647,89,98.0,1447.0,85.0,8.0,11.61,83.5,-1.0,14.1,14.5
108.737,89,98.0,1454.0,85.0,8.0,11.61,83.5,-1.0,14.1,14.5
108.826,89,98.0,1454.0,86.0,8.0,11.61,83.5,-1.0,14.1,14.5
108.917,89,98.0,1454.0,86.0,8.0,11.61,83.5,-1.0,14.1,14.5
109.007,89,98.0,1454.0,86.0,8.0,11.41,83.5,-1.0,14.1,14.5
109.097,89,98.0,1454.0,86.0,8.0,11.41,83.5,-1.0,14.1,14.5
109.187,89,98.0,1454.0,86.0,8.0,11.41,83.5,-1.0,14.1,14.5
109.278,89,98.0,1454.0,86.0,8.0,11.41,83.5,-1.0,14.1,14.5
109.367,89,98.0,1454.0,86.0,8.0,11.41,83.5,-1.0,14.1,14.5
109.457,89,98.0,1454.0,86.0,8.0,11.41,83.5,-1.0,14.1,14.5
109.547,89,98.0,1454.0,86.0,8.0,11.41,83.5,-1.0,14.1,14.5
109.637,89,98.0,1458.0,86.0,8.0,11.41,83.5,-1.0,14.1,14.5
109.727,89,98.0,1458.0,86.0,8.0,11.41,83.5,-1.0,14.1,14.5
109.816,89,98.0,1458.0,86.0,8.0,11.41,83.5,-1.0,14.1,14.5
109.907,89,98.0,1458.0,86.0,8.0,12.44,83.5,-1.0,14.1,14.5
109.998,89,98.0,1458.0,86.0,8.0,12.44,83.5,-1.0,14.1,14.5
110.087,89,98.0,1458.0,86.0,8.0,12.44,83.5,-1.0,14.1,14.5
110.177,89,98.0,1458.0,86.0,8.0,12.44,83.5,-1.0,14.1,14.5
110.267,89,98.0,1458.0,86.0,8.0,12.44,83.5,-1.0,14.1,14.5
110.357,89,98.0,1458.0,86.0,8.0,12.44,83.5,-1.0,14.1,14.5
110.447,89,101.0,1458.0,86.0,8.0,12.44,83.5,-1.0,14.1,14.5
110.537,89,101.0,1459.0,86.0,8.0,12.44,83.5,-1.0,14.1,14.5
110.599,89,101.0,1459.0,86.0,8.0,12.44,83.5,-1.0,14.1,14.5
110.687,89,101.0,1459.0,86.0,9.0,12.44,83.5,-1.0,14.1,14.5
110.748,89,101.0,1459.0,86.0,9.0,12.99,83.5,-1.0,14.1,14.5
110.836,89,101.0,1459.0,86.0,9.0,12.99,83.5,-1.0,14.1,14.5
110.897,89,101.0,1459.0,86.0,9.0,12.99,83.5,-1.0,14.1,14.5
110.987,89,101.0,1459.0,86.0,9.0,12.99,83.5,-1.0,14.1,14.5
111.048,89,101.0,1459.0,86.0,9.0,12.99,83.5,-1.0,14.1,14.1
111.137,89,101.0,1459.0,86.0,9.0,12.99,83.5,-1.0,14.1,14.1
111.257,89,106.0,1459.0,86.0,9.0,12.99,83.5,-1.0,14.1,14.1
111.347,89,106.0,1464.0,86.0,9.0,12.99,83.5,-1.0,14.1,14.1
111.437,89,106.0,1464.0,87.0,9.0,12.99,83.5,-1.0,14.1,14.1
111.498,89,106.0,1464.0,87.0,10.0,12.99,83.5,-1.0,14.1,14.1
111.587,89,106.0,1464.0,87.0,10.0,13.74,83.5,-1.0,14.1,14.1
111.648,89,106.0,1464.0,87.0,10.0,13.74,83.5,-1.0,14.1,14.1
111.737,89,106.0,1464.0,87.0,10.0,13.74,83.5,-1.0,14.1,14.1
111.798,89,106.0,1464.0,87.0,10.0,13.74,83.5,-1.0,14.1,14.1
111.887,89,106.0,1464.0,87.0,10.0,13.74,83.5,-1.0,14.1,14.5
111.977,89,106.0,1464.0,87.0,10.0,13.74,83.5,-1.0,14.1,14.5
112.039,89,109.0,1464.0,87.0,10.0,13.74,83.5,-1.0,14.1,14.5
112.127,89,109.0,1471.0,87.0,10.0,13.74,83.5,-1.0,14.1,14.5
112.189,89,109.0,1471.0,87.0,10.0,13.74,83.5,-1.0,14.1,14.5
112.277,89,109.0,1471.0,87.0,10.0,13.74,83.5,-1.0,14.1,14.5
112.367,89,109.0,1471.0,87.0,10.0,14.02,83.5,-1.0,14.1,14.5
112.457,89,109.0,1471.0,87.0,10.0,14.02,83.5,-1.0,14.1,14.5
112.547,89,109.0,1471.0,87.0,10.0,14.02,83.5,-1.0,14.1,14.5
112.637,89,109.0,1471.0,87.0,10.0,14.02,83.5,-1.0,14.1,14.5
112.727,89,109.0,1471.0,87.0,10.0,14.02,83.5,-1.0,14.1,14.5
112.816,89,109.0,1471.0,87.0,10.0,14.02,83.5,-1.0,14.1,14.5
112.907,89,109.0,1471.0,87.0,10.0,14.02,83.5,-1.0,14.1,14.5
112.997,89,109.0,1470.0,87.0,10.0,14.02,83.5,-1.0,14.1,14.5
113.087,89,109.0,1470.0,87.0,10.0,14.02,83.5,-1.0,14.1,14.5
113.177,89,109.0,1470.0,87.0,10.0,14.02,83.5,-1.0,14.1,14.5
113.238,89,109.0,1470.0,87.0,10.0,21.36,83.5,-1.0,14.1,14.5
113.327,89,109.0,1470.0,87.0,10.0,21.36,83.5,-1.0,14.1,14.5
113.388,89,109.0,1470.0,87.0,10.0,21.36,83.5,-1.0,14.1,14.5
113.477,89,109.0,1470.0,87.0,10.0,21.36,83.5,-1.0,14.1,14.5
113.567,89,109.0,1470.0,87.0,10.0,21.36,83.5,-1.0,14.1,14.1
113.657,89,109.0,1470.0,87.0,10.0,21.36,83.5,-1.0,14.1,14.1
113.747,89,111.0,1470.0,87.0,10.0,21.36,83.5,-1.0,14.1,14.1
113.836,89,111.0,1474.0,87.0,10.0,21.36,83.5,-1.0,14.1,14.1
113.957,89,111.0,1474.0,87.0,10.0,21.36,83.5,-1.0,14.1,14.1
114.047,89,111.0,1474.0,87.0,11.0,21.36,83.5,-1.0,14.1,14.1
114.137,89,111.0,1474.0,87.0,11.0,25.47,83.5,-1.0,14.1,14.1
114.227,89,111.0,1474.0,87.0,11.0,25.47,83.5,-1.0,14.1,14.1
114.321,89,111.0,1474.0,87.0,11.0,25.47,83.5,-1.0,14.1,14.1
114.436,89,111.0,1474.0,87.0,11.0,25.47,83.5,-1.0,14.1,14.1
114.526,89,111.0,1474.0,87.0,11.0,25.47,83.5,-1.0,14.1,14.5
114.587,89,111.0,1474.0,87.0,11.0,25.47,83.5,-1.0,14.1,14.5
114.676,89,111.0,1474.0,87.0,11.0,25.47,83.5,-1.0,14.1,14.5
114.767,89,111.0,1478.0,87.0,11.0,25.47,83.5,-1.0,14.1,14.5
114.827,89,111.0,1478.0,87.0,11.0,25.47,83.5,-1.0,14.1,14.5
114.888,89,111.0,1478.0,87.0,12.0,25.47,83.5,-1.0,14.1,14.5
114.977,89,111.0,1478.0,87.0,12.0,25.88,83.5,-1.0,14.1,14.5
115.067,89,111.0,1478.0,87.0,12.0,25.88,83.5,-1.0,14.1,14.5
115.157,89,111.0,1478.0,87.0,12.0,25.88,83.5,-1.0,14.1,14.5
115.247,89,111.0,1478.0,87.0,12.0,25.88,83.5,-1.0,14.1,14.5
115.337,89,111.0,1478.0,87.0,12.0,25.88,83.5,-1.0,14.1,14.5
115.427,89,111.0,1478.0,87.0,12.0,25.88,83.5,-1.0,14.1,14.5
115.517,89,111.0,1478.0,87.0,12.0,25.88,83.5,-1.0,14.1,14.5
115.607,89,111.0,1483.0,87.0,12.0,25.88,83.5,-1.0,14.1,14.5
115.697,89,111.0,1483.0,88.0,12.0,25.88,83.5,-1.0,14.1,14.5
115.787,89,111.0,1483.0,88.0,12.0,25.88,83.5,-1.0,14.1,14.5
115.876,89,111.0,1483.0,88.0,12.0,25.63,83.5,-1.0,14.1,14.5
115.938,89,111.0,1483.0,88.0,12.0,25.63,83.5,-1.0,14.1,14.5
116.027,89,111.0,1483.0,88.0,12.0,25.63,83.5,-1.0,14.1,14.5
116.09,89,111.0,1483.0,88.0,12.0,25.63,83.5,-1.0,14.1,14.5
116.177,89,111.0,1483.0,88.0,12.0,25.63,83.5,-1.0,14.1,14.5
116.297,89,111.0,1483.0,88.0,12.0,25.63,83.5,-1.0,14.1,14.5
116.387,89,111.0,1483.0,88.0,12.0,25.63,83.5,-1.0,14.1,14.5
116.477,89,111.0,1484.0,88.0,12.0,25.63,83.5,-1.0,14.1,14.5
116.539,89,111.0,1484.0,88.0,12.0,25.63,83.5,-1.0,14.1,14.5
116.627,89,111.0,1484.0,88.0,12.0,25.63,83.5,-1.0,14.1,14.5
116.717,89,111.0,1484.0,88.0,12.0,25.88,83.5,-1.0,14.1,14.5
116.806,89,111.0,1484.0,88.0,12.0,25.88,83.5,-1.0,14.1,14.5
116.896,89,111.0,1484.0,88.0,12.0,25.88,83.5,-1.0,14.1,14.5
116.988,89,111.0,1484.0,88.0,12.0,25.88,83.5,-1.0,14.1,14.5
117.077,89,111.0,1484.0,88.0,12.0,25.88,83.5,-1.0,14.1,14.1
117.139,89,111.0,1484.0,88.0,12.0,25.88,83.5,-1.0,14.1,14.1
117.227,89,111.0,1484.0,88.0,12.0,25.88,83.5,-1.0,14.1,14.1
117.289,89,111.0,1490.0,88.0,12.0,25.88,83.5,-1.0,14.1,14.1
117.377,89,111.0,1490.0,88.0,12.0,25.88,83.5,-1.0,14.1,14.1
117.467,89,111.0,1490.0,88.0,11.0,25.88,83.5,-1.0,14.1,14.1
117.557,89,111.0,1490.0,88.0,11.0,25.94,83.5,-1.0,14.1,14.1
117.647,89,111.0,1490.0,88.0,11.0,25.94,83.5,-1.0,14.1,14.1
117.737,89,111.0,1490.0,88.0,11.0,25.94,83.5,-1.0,14.1,14.1
117.826,89,111.0,1490.0,88.0,11.0,25.94,83.5,-1.0,14.1,14.1
117.887,89,111.0,1490.0,88.0,11.0,25.94,83.5,-1.0,14.1,14.5
117.977,89,111.0,1490.0,88.0,11.0,25.94,83.5,-1.0,14.1,14.5
118.038,89,111.0,1490.0,88.0,11.0,25.94,83.5,-1.0,14.1,14.5
118.127,89,111.0,1490.0,88.0,11.0,25.94,83.5,-1.0,14.1,14.5
118.189,89,111.0,1490.0,88.0,11.0,25.94,83.5,-1.0,14.1,14.5
118.277,89,111.0,1490.0,88.0,11.0,25.94,83.5,-1.0,14.1,14.5
118.338,89,111.0,1490.0,88.0,11.0,26.13,83.5,-1.0,14.1,14.5
118.427,89,111.0,1490.0,88.0,11.0,26.13,83.5,-1.0,14.1,14.5
118.488,89,111.0,1490.0,88.0,11.0,26.13,83.5,-1.0,14.1,14.5
118.578,89,111.0,1490.0,88.0,11.0,26.13,83.5,-1.0,14.1,14.5
118.667,89,111.0,1490.0,88.0,11.0,26.13,83.5,-1.0,14.1,14.5
118.756,89,111.0,1490.0,88.0,11.0,26.13,83.5,-1.0,14.1,14.5
118.846,89,111.0,1490.0,88.0,11.0,26.13,83.5,-1.0,14.1,14.5
118.937,89,111.0,1491.0,88.0,11.0,26.13,83.5,-1.0,14.1,14.5
119.027,89,111.0,1491.0,88.0,11.0,26.13,83.5,-1.0,14.1,14.5
119.088,89,111.0,1491.0,88.0,11.0,26.13,83.5,-1.0,14.1,14.5
119.177,89,111.0,1491.0,88.0,11.0,25.99,83.5,-1.0,14.1,14.5
119.238,89,111.0,1491.0,88.0,11.0,25.99,83.5,-1.0,14.1,14.5
119.327,89,111.0,1491.0,88.0,11.0,25.99,83.5,-1.0,14.1,14.5
119.417,89,111.0,1491.0,88.0,11.0,25.99,83.5,-1.0,14.1,14.5
119.507,89,111.0,1491.0,88.0,11.0,25.99,83.5,-1.0,14.1,14.5
119.597,89,111.0,1491.0,88.0,11.0,25.99,83.5,-1.0,14.1,14.5
119.687,89,111.0,1491.0,88.0,11.0,25.99,83.5,-1.0,14.1,14.5
119.778,89,111.0,1494.0,88.0,11.0,25.99,83.5,-1.0,14.1,14.5
119.866,89,111.0,1494.0,88.0,11.0,25.99,83.5,-1.0,14.1,14.5
119.927,89,111.0,1494.0,88.0,11.0,25.99,83.5,-1.0,14.1,14.5
119.988,89,111.0,1494.0,88.0,11.0,26.13,83.5,-1.0,14.1,14.5
120.076,89,111.0,1494.0,88.0,11.0,26.13,83.5,-1.0,14.1,14.5
120.137,89,111.0,1494.0,88.0,11.0,26.13,83.5,-1.0,14.1,14.5
120.226,89,111.0,1494.0,88.0,11.0,26.13,83.5,-1.0,14.1,14.5
120.287,89,111.0,1494.0,88.0,11.0,26.13,83.5,-1.0,14.1,14.5
120.376,89,111.0,1494.0,88.0,11.0,26.13,83.5,-1.0,14.1,14.5
120.437,89,111.0,1494.0,88.0,11.0,26.13,83.5,-1.0,14.1,14.5
120.527,89,111.0,1495.0,88.0,11.0,26.13,83.5,-1.0,14.1,14.5
120.617,89,111.0,1495.0,88.0,11.0,26.13,83.5,-1.0,14.1,14.5
120.707,89,111.0,1495.0,88.0,11.0,26.13,83.5,-1.0,14.1,14.5
120.796,89,111.0,1495.0,88.0,11.0,25.99,83.5,-1.0,14.1,14.5
120.886,89,111.0,1495.0,88.0,11.0,25.99,83.5,-1.0,14.1,14.5
120.977,89,111.0,1495.0,88.0,11.0,25.99,83.5,-1.0,14.1,14.5
121.038,89,111.0,1495.0,88.0,11.0,25.99,83.5,-1.0,14.1,14.5
121.127,89,111.0,1495.0,88.0,11.0,25.99,83.5,-1.0,14.1,14.5
121.247,89,111.0,1495.0,88.0,11.0,25.99,83.5,-1.0,14.1,14.5
121.337,89,111.0,1495.0,88.0,11.0,25.99,83.5,-1.0,14.1,14.5
121.427,89,111.0,1488.0,88.0,11.0,25.99,83.5,-1.0,14.1,14.5
121.489,89,111.0,1488.0,88.0,11.0,25.99,83.5,-1.0,14.1,14.5
121.577,89,111.0,1488.0,88.0,10.0,25.99,83.5,-1.0,14.1,14.5
121.638,89,111.0,1488.0,88.0,10.0,25.83,83.5,-1.0,14.1,14.5
121.727,89,111.0,1488.0,88.0,10.0,25.83,83.5,-1.0,14.1,14.5
121.816,89,111.0,1488.0,88.0,10.0,25.83,83.5,-1.0,14.1,14.5
121.906,89,111.0,1488.0,88.0,10.0,25.83,83.5,-1.0,14.1,14.5
121.997,89,111.0,1488.0,88.0,10.0,25.83,83.5,-1.0,14.1,14.5
122.087,89,111.0,1488.0,88.0,10.0,25.83,83.5,-1.0,14.1,14.5
122.177,89,111.0,1488.0,88.0,10.0,25.83,83.5,-1.0,14.1,14.5
122.238,89,111.0,1475.0,88.0,10.0,25.83,83.5,-1.0,14.1,14.5
122.327,89,111.0,1475.0,87.0,10.0,25.83,83.5,-1.0,14.1,14.5
122.388,89,111.0,1475.0,87.0,10.0,25.83,83.5,-1.0,14.1,14.5
122.477,89,111.0,1475.0,87.0,10.0,25.44,83.5,-1.0,14.1,14.5
122.538,89,111.0,1475.0,87.0,10.0,25.44,83.5,-1.0,14.1,14.5
122.627,89,111.0,1475.0,87.0,10.0,25.44,83.5,-1.0,14.1,14.5
122.689,89,111.0,1475.0,87.0,10.0,25.44,83.5,-1.0,14.1,14.5
122.778,89,111.0,1475.0,87.0,10.0,25.44,83.5,-1.0,14.1,14.5
122.837,89,111.0,1475.0,87.0,10.0,25.44,83.5,-1.0,14.1,14.5
122.927,89,111.0,1475.0,87.0,10.0,25.44,83.5,-1.0,14.1,14.5
122.988,89,111.0,1460.0,87.0,10.0,25.44,83.5,-1.0,14.1,14.5
123.077,89,111.0,1460.0,86.0,10.0,25.44,83.5,-1.0,14.1,14.5
123.138,89,111.0,1460.0,86.0,10.0,25.44,83.5,-1.0,14.1,14.5
123.228,89,111.0,1460.0,86.0,10.0,25.27,83.5,-1.0,14.1,14.5
123.288,89,111.0,1460.0,86.0,10.0,25.27,83.5,-1.0,14.1,14.5
123.377,89,111.0,1460.0,86.0,10.0,25.27,83.5,-1.0,14.1,14.5
123.439,89,111.0,1460.0,86.0,10.0,25.27,83.5,-1.0,14.1,14.5
123.527,89,111.0,1460.0,86.0,10.0,25.27,83.5,-1.0,14.1,14.5
123.589,89,111.0,1460.0,86.0,10.0,25.27,83.5,-1.0,14.1,14.5
123.676,89,111.0,1460.0,86.0,10.0,25.27,83.5,-1.0,14.1,14.5
123.737,89,111.0,1447.0,86.0,10.0,25.27,83.5,-1.0,14.1,14.5
123.826,89,111.0,1447.0,85.0,10.0,25.27,83.5,-1.0,14.1,14.5
123.887,89,111.0,1447.0,85.0,10.0,25.27,83.5,-1.0,14.1,14.5
123.977,89,111.0,1447.0,85.0,10.0,25.11,83.5,-1.0,14.1,14.5
124.041,89,111.0,1447.0,85.0,10.0,25.11,83.5,-1.0,14.1,14.5
124.127,89,111.0,1447.0,85.0,10.0,25.11,83.5,-1.0,14.1,14.5
124.217,89,111.0,1447.0,85.0,10.0,25.11,83.5,-1.0,14.1,14.5
124.278,89,111.0,1447.0,85.0,10.0,25.11,83.5,-1.0,14.1,14.5
124.338,89,111.0,1447.0,85.0,10.0,25.11,83.5,-1.0,14.1,14.5
124.427,89,110.0,1447.0,85.0,10.0,25.11,83.5,-1.0,14.1,14.5
124.488,89,110.0,1440.0,85.0,10.0,25.11,83.5,-1.0,14.1,14.5
124.577,89,110.0,1440.0,85.0,10.0,25.11,83.5,-1.0,14.1,14.5
124.638,89,110.0,1440.0,85.0,9.0,25.11,83.5,-1.0,14.1,14.5
124.727,89,110.0,1440.0,85.0,9.0,11.83,83.5,-1.0,14.1,14.5
124.787,89,110.0,1440.0,85.0,9.0,11.83,83.5,-1.0,14.1,14.5
124.876,89,110.0,1440.0,85.0,9.0,11.83,83.5,-1.0,14.1,14.5
124.938,89,110.0,1440.0,85.0,9.0,11.83,83.5,-1.0,14.1,14.5
125.027,89,110.0,1440.0,85.0,9.0,11.83,83.5,-1.0,14.1,14.5
125.088,89,110.0,1440.0,85.0,9.0,11.83,83.5,-1.0,14.1,14.5
125.177,89,108.0,1440.0,85.0,9.0,11.83,83.5,-1.0,14.1,14.5
125.238,89,108.0,1429.0,85.0,9.0,11.83,83.5,-1.0,14.1,14.5
125.327,89,108.0,1429.0,84.0,9.0,11.83,83.5,-1.0,14.1,14.5
125.388,89,108.0,1429.0,84.0,9.0,11.83,83.5,-1.0,14.1,14.5
125.477,89,108.0,1429.0,84.0,9.0,12.69,83.5,-1.0,14.1,14.5
125.538,89,108.0,1429.0,84.0,9.0,12.69,83.5,-1.0,14.1,14.5
125.627,89,108.0,1429.0,84.0,9.0,12.69,83.5,-1.0,14.1,14.5
125.688,89,108.0,1429.0,84.0,9.0,12.69,83.5,-1.0,14.1,14.5
125.777,89,108.0,1429.0,84.0,9.0,12.69,83.5,-1.0,14.1,14.5
125.837,89,108.0,1429.0,84.0,9.0,12.69,83.5,-1.0,14.1,14.5
125.927,89,106.0,1429.0,84.0,9.0,12.69,83.5,-1.0,14.1,14.5
125.987,89,106.0,1428.0,84.0,9.0,12.69,83.5,-1.0,14.1,14.5
126.077,89,106.0,1428.0,85.0,9.0,12.69,83.5,-1.0,14.1,14.5
126.138,89,106.0,1428.0,85.0,6.0,12.69,83.5,-1.0,14.1,14.5
126.257,89,106.0,1428.0,85.0,6.0,13.02,83.5,-1.0,14.1,14.5
126.347,89,106.0,1428.0,85.0,6.0,13.02,83.5,-1.0,14.1,14.5
126.437,89,106.0,1428.0,85.0,6.0,13.02,83.5,-1.0,14.1,14.5
126.527,89,106.0,1428.0,85.0,6.0,13.02,83.5,-1.0,14.1,14.5
126.588,89,106.0,1428.0,85.0,6.0,13.02,83.5,-1.0,14.1,14.5
126.677,89,106.0,1428.0,85.0,6.0,13.02,83.5,-1.0,14.1,14.5
126.738,89,113.0,1428.0,85.0,6.0,13.02,83.5,-1.0,14.1,14.5
126.826,89,113.0,1430.0,85.0,6.0,13.02,83.5,-1.0,14.1,14.5
126.887,89,113.0,1430.0,85.0,6.0,13.02,83.5,-1.0,14.1,14.5
126.977,89,113.0,1430.0,85.0,7.0,13.02,83.5,-1.0,14.1,14.5
127.038,89,113.0,1430.0,85.0,7.0,15.72,83.5,-1.0,14.1,14.5
127.127,89,113.0,1430.0,85.0,7.0,15.72,83.5,-1.0,14.1,14.5
127.188,89,113.0,1430.0,85.0,7.0,15.72,83.5,-1.0,14.1,14.5
127.277,89,113.0,1430.0,85.0,7.0,15.72,83.5,-1.0,14.1,14.5
127.339,89,113.0,1430.0,85.0,7.0,15.72,83.5,-1.0,14.1,14.5
127.427,89,113.0,1430.0,85.0,7.0,15.72,83.5,-1.0,14.1,14.5
127.488,89,121.0,1430.0,85.0,7.0,15.72,83.5,-1.0,14.1,14.5
127.577,89,121.0,1434.0,85.0,7.0,15.72,83.5,-1.0,14.1,14.5
127.638,89,121.0,1434.0,85.0,7.0,15.72,83.5,-1.0,14.1,14.5
127.727,89,121.0,1434.0,85.0,8.0,15.72,83.5,-1.0,14.1,14.5
127.789,89,121.0,1434.0,85.0,8.0,17.83,83.5,-1.0,14.1,14.5
127.876,89,121.0,1434.0,85.0,8.0,17.83,83.5,-1.0,14.1,14.5
127.937,89,121.0,1434.0,85.0,8.0,17.83,83.5,-1.0,14.1,14.5
128.028,89,121.0,1434.0,85.0,8.0,17.83,83.5,-1.0,14.1,14.5
128.089,89,121.0,1434.0,85.0,8.0,17.83,83.5,-1.0,14.1,14.5
128.177,89,121.0,1434.0,85.0,8.0,17.83,83.5,-1.0,14.1,14.5
128.239,89,128.0,1434.0,85.0,8.0,17.83,83.5,-1.0,14.1,14.5
128.327,89,128.0,1426.0,85.0,8.0,17.83,83.5,-1.0,14.1,14.5
128.389,89,128.0,1426.0,84.0,8.0,17.83,83.5,-1.0,14.1,14.5
128.477,89,128.0,1426.0,84.0,8.0,17.83,83.5,-1.0,14.1,14.5
128.538,89,128.0,1426.0,84.0,8.0,19.22,83.5,-1.0,14.1,14.5
128.627,89,128.0,1426.0,84.0,8.0,19.22,83.5,-1.0,14.1,14.5
128.688,89,128.0,1426.0,84.0,8.0,19.22,83.5,-1.0,14.1,14.5
128.777,89,128.0,1426.0,84.0,8.0,19.22,83.5,-1.0,14.1,14.5
128.837,89,128.0,1426.0,84.0,8.0,19.22,83.5,-1.0,14.1,14.5
128.927,89,128.0,1426.0,84.0,8.0,19.22,83.5,-1.0,14.1,14.5
128.987,89,134.0,1426.0,84.0,8.0,19.22,83.5,-1.0,14.1,14.5
129.077,89,134.0,1432.0,84.0,8.0,19.22,83.5,-1.0,14.1,14.5
129.137,89,134.0,1432.0,84.0,8.0,19.22,83.5,-1.0,14.1,14.5
129.226,89,134.0,1432.0,84.0,9.0,19.22,83.5,-1.0,14.1,14.5
129.288,89,134.0,1432.0,84.0,9.0,21.97,83.5,-1.0,14.1,14.5
129.377,89,134.0,1432.0,84.0,9.0,21.97,83.5,-1.0,14.1,14.5
129.438,89,134.0,1432.0,84.0,9.0,21.97,83.5,-1.0,14.1,14.5
129.527,89,134.0,1432.0,84.0,9.0,21.97,83.5,-1.0,14.1,14.5
129.588,89,134.0,1432.0,84.0,9.0,21.97,83.5,-1.0,14.1,14.5
129.677,89,134.0,1432.0,84.0,9.0,21.97,83.5,-1.0,14.1,14.5
129.738,89,141.0,1432.0,84.0,9.0,21.97,83.5,-1.0,14.1,14.5
129.826,89,141.0,1434.0,84.0,9.0,21.97,83.5,-1.0,14.1,14.5
129.887,89,141.0,1434.0,84.0,9.0,21.97,83.5,-1.0,14.1,14.5
129.977,89,141.0,1434.0,84.0,10.0,21.97,83.5,-1.0,14.1,14.5
130.038,89,141.0,1434.0,84.0,10.0,23.44,83.5,-1.0,14.1,14.5
130.127,89,141.0,1434.0,84.0,10.0,23.44,83.5,-1.0,14.1,14.5
130.217,89,141.0,1434.0,84.0,10.0,23.44,83.5,-1.0,14.1,14.5
130.278,89,141.0,1434.0,84.0,10.0,23.44,83.5,-1.0,14.1,14.5
130.338,89,141.0,1434.0,84.0,10.0,23.44,83.5,-1.0,14.1,14.5
130.427,89,141.0,1434.0,84.0,10.0,23.44,83.5,-1.0,14.1,14.5
130.488,89,148.0,1434.0,84.0,10.0,23.44,83.5,-1.0,14.1,14.5
130.577,89,148.0,1431.0,84.0,10.0,23.44,83.5,-1.0,14.1,14.5
130.638,89,148.0,1431.0,85.0,10.0,23.44,83.5,-1.0,14.1,14.5
130.727,89,148.0,1431.0,85.0,10.0,23.44,83.5,-1.0,14.1,14.5
130.788,89,148.0,1431.0,85.0,10.0,25.44,83.5,-1.0,14.1,14.5
130.876,89,148.0,1431.0,85.0,10.0,25.44,83.5,-1.0,14.1,14.5
130.937,89,148.0,1431.0,85.0,10.0,25.44,83.5,-1.0,14.1,14.5
131.027,89,148.0,1431.0,85.0,10.0,25.44,83.5,-1.0,14.1,14.5
131.088,89,148.0,1431.0,85.0,10.0,25.44,83.5,-1.0,14.1,14.5
131.177,89,148.0,1431.0,85.0,10.0,25.44,83.5,-1.0,14.1,14.5
131.297,89,154.0,1431.0,85.0,10.0,25.44,83.5,-1.0,14.1,14.5
131.387,89,154.0,1437.0,85.0,10.0,25.44,83.5,-1.0,14.1,14.5
131.477,89,154.0,1437.0,85.0,10.0,25.44,83.5,-1.0,14.1,14.5
131.538,89,154.0,1437.0,85.0,10.0,25.44,83.5,-1.0,14.1,14.5
131.627,89,154.0,1437.0,85.0,10.0,26.27,83.5,-1.0,14.1,14.5
131.688,89,154.0,1437.0,85.0,10.0,26.27,83.5,-1.0,14.1,14.5
131.782,89,154.0,1437.0,85.0,10.0,26.27,83.5,-1.0,14.1,14.5
131.837,89,154.0,1437.0,85.0,10.0,26.27,83.5,-1.0,14.1,14.5
131.926,89,154.0,1437.0,85.0,10.0,26.27,83.5,-1.0,14.1,14.5
131.987,89,154.0,1437.0,85.0,10.0,26.27,83.5,-1.0,14.1,14.5
132.076,89,158.0,1437.0,85.0,10.0,26.27,83.5,-1.0,14.1,14.5
132.139,89,158.0,1444.0,85.0,10.0,26.27,83.5,-1.0,14.1,14.5
132.227,89,158.0,1444.0,85.0,10.0,26.27,83.5,-1.0,14.1,14.5
132.289,89,158.0,1444.0,85.0,10.0,26.27,83.5,-1.0,14.1,14.5
132.377,89,158.0,1444.0,85.0,10.0,26.16,83.5,-1.0,14.1,14.5
132.439,89,158.0,1444.0,85.0,10.0,26.16,83.5,-1.0,14.1,14.5
132.527,89,158.0,1444.0,85.0,10.0,26.16,83.5,-1.0,14.1,14.5
132.588,89,158.0,1444.0,85.0,10.0,26.16,83.5,-1.0,14.1,14.5
132.677,89,158.0,1444.0,85.0,10.0,26.16,83.5,-1.0,14.1,14.5
132.738,89,158.0,1444.0,85.0,10.0,26.16,83.5,-1.0,14.1,14.5
132.827,89,157.0,1444.0,85.0,10.0,26.16,83.5,-1.0,14.1,14.5
132.887,89,157.0,1442.0,85.0,10.0,26.16,83.5,-1.0,14.1,14.5
132.976,89,157.0,1442.0,85.0,10.0,26.16,83.5,-1.0,14.1,14.5
133.037,89,157.0,1442.0,85.0,10.0,26.16,83.5,-1.0,14.1,14.5
133.127,89,157.0,1442.0,85.0,10.0,25.69,83.5,-1.0,14.1,14.5
133.188,89,157.0,1442.0,85.0,10.0,25.69,83.5,-1.0,14.1,14.5
133.277,89,157.0,1442.0,85.0,10.0,25.69,83.5,-1.0,14.1,14.5
133.339,89,157.0,1442.0,85.0,10.0,25.69,83.5,-1.0,14.1,14.5
133.427,89,157.0,1442.0,85.0,10.0,25.69,83.5,-1.0,14.1,14.5
133.488,89,157.0,1442.0,85.0,10.0,25.69,83.5,-1.0,14.1,14.5
133.578,89,153.0,1442.0,85.0,10.0,25.69,83.5,-1.0,14.1,14.5
133.637,89,153.0,1448.0,85.0,10.0,25.69,83.5,-1.0,14.1,14.5
133.726,89,153.0,1448.0,86.0,10.0,25.69,83.5,-1.0,14.1,14.5
133.787,89,153.0,1448.0,86.0,10.0,25.69,83.5,-1.0,14.1,14.5
133.877,89,153.0,1448.0,86.0,10.0,25.3,83.5,-1.0,14.1,14.5
133.937,89,153.0,1448.0,86.0,10.0,25.3,83.5,-1.0,14.1,14.5
134.027,89,153.0,1448.0,86.0,10.0,25.3,83.5,-1.0,14.1,14.5
134.088,89,153.0,1448.0,86.0,10.0,25.3,83.5,-1.0,14.1,14.5
134.177,89,153.0,1448.0,86.0,10.0,25.3,83.5,-1.0,14.1,14.5
134.238,89,153.0,1448.0,86.0,10.0,25.3,83.5,-1.0,14.1,14.5
134.327,89,151.0,1448.0,86.0,10.0,25.3,83.5,-1.0,14.1,14.5
134.39,89,151.0,1456.0,86.0,10.0,25.3,83.5,-1.0,14.1,14.5
134.476,89,151.0,1456.0,86.0,10.0,25.3,83.5,-1.0,14.1,14.5
134.537,89,151.0,1456.0,86.0,10.0,25.3,83.5,-1.0,14.1,14.5
134.626,89,151.0,1456.0,86.0,10.0,24.88,83.5,-1.0,14.1,14.5
134.687,89,151.0,1456.0,86.0,10.0,24.88,83.5,-1.0,14.1,14.5
134.776,89,151.0,1456.0,86.0,10.0,24.88,83.5,-1.0,14.1,14.5
134.837,89,151.0,1456.0,86.0,10.0,24.88,83.5,-1.0,14.1,14.5
134.926,89,151.0,1456.0,86.0,10.0,24.88,83.5,-1.0,14.1,14.5
134.987,89,151.0,1456.0,86.0,10.0,24.88,83.5,-1.0,14.1,14.5
135.076,89,150.0,1456.0,86.0,10.0,24.88,83.5,-1.0,14.1,14.5
135.137,89,150.0,1459.0,86.0,10.0,24.88,83.5,-1.0,14.1,14.5
135.227,89,150.0,1459.0,86.0,10.0,24.88,83.5,-1.0,14.1,14.5
135.288,89,150.0,1459.0,86.0,10.0,24.88,83.5,-1.0,14.1,14.5
135.377,89,150.0,1459.0,86.0,10.0,24.61,83.5,-1.0,14.1,14.5
135.439,89,150.0,1459.0,86.0,10.0,24.61,83.5,-1.0,14.1,14.5
135.527,89,150.0,1459.0,86.0,10.0,24.61,83.5,-1.0,14.1,14.5
135.588,89,150.0,1459.0,86.0,10.0,24.61,83.5,-1.0,14.1,14.5
135.676,89,150.0,1459.0,86.0,10.0,24.61,83.5,-1.0,14.1,14.5
135.738,89,150.0,1459.0,86.0,10.0,24.61,83.5,-1.0,14.1,14.5
135.826,89,150.0,1459.0,86.0,10.0,24.61,83.5,-1.0,14.1,14.5
135.887,89,150.0,1459.0,86.0,10.0,24.61,83.5,-1.0,14.1,14.5
135.976,89,150.0,1459.0,86.0,10.0,24.61,83.5,-1.0,14.1,14.5
136.037,89,150.0,1459.0,86.0,9.0,24.61,83.5,-1.0,14.1,14.5
136.127,89,150.0,1459.0,86.0,9.0,25.19,83.5,-1.0,14.1,14.5
136.247,89,150.0,1459.0,86.0,9.0,25.19,83.5,-1.0,14.1,14.5
136.337,89,150.0,1459.0,86.0,9.0,25.19,83.5,-1.0,14.1,14.5
136.427,89,150.0,1459.0,86.0,9.0,25.19,83.5,-1.0,14.1,14.5
136.487,89,150.0,1459.0,86.0,9.0,25.19,83.5,-1.0,14.1,14.5
136.577,89,150.0,1459.0,86.0,9.0,25.19,83.5,-1.0,14.1,14.5
136.639,89,149.0,1459.0,86.0,9.0,25.19,83.5,-1.0,14.1,14.5
136.726,89,149.0,1464.0,86.0,9.0,25.19,83.5,-1.0,14.1,14.5
136.788,89,149.0,1464.0,86.0,9.0,25.19,83.5,-1.0,14.1,14.5
136.876,89,149.0,1464.0,86.0,9.0,25.19,83.5,-1.0,14.1,14.5
136.937,89,149.0,1464.0,86.0,9.0,24.44,83.5,-1.0,14.1,14.5
137.027,89,149.0,1464.0,86.0,9.0,24.44,83.5,-1.0,14.1,14.5
137.087,89,149.0,1464.0,86.0,9.0,24.44,83.5,-1.0,14.1,14.5
137.177,89,149.0,1464.0,86.0,9.0,24.44,83.5,-1.0,14.1,14.5
137.237,89,149.0,1464.0,86.0,9.0,24.44,83.5,-1.0,14.1,14.5
137.327,89,149.0,1464.0,86.0,9.0,24.44,83.5,-1.0,14.1,14.5
137.388,89,149.0,1464.0,86.0,9.0,24.44,83.5,-1.0,14.1,14.5
137.477,89,149.0,1462.0,86.0,9.0,24.44,83.5,-1.0,14.1,14.5
137.538,89,149.0,1462.0,86.0,9.0,24.44,83.5,-1.0,14.1,14.5
137.626,89,149.0,1462.0,86.0,9.0,24.44,83.5,-1.0,14.1,14.5
137.687,89,149.0,1462.0,86.0,9.0,24.49,83.5,-1.0,14.1,14.5
137.776,89,149.0,1462.0,86.0,9.0,24.49,83.5,-1.0,14.1,14.5
137.837,89,149.0,1462.0,86.0,9.0,24.49,83.5,-1.0,14.1,14.5
137.927,89,149.0,1462.0,86.0,9.0,24.49,83.5,-1.0,14.1,14.5
137.987,89,149.0,1462.0,86.0,9.0,24.49,83.5,-1.0,14.1,14.5
138.076,89,149.0,1462.0,86.0,9.0,24.49,83.5,-1.0,14.1,14.5
138.139,89,148.0,1462.0,86.0,9.0,24.49,83.5,-1.0,14.1,14.5
138.257,89,148.0,1466.0,86.0,9.0,24.49,83.5,-1.0,14.1,14.5
138.347,89,148.0,1466.0,87.0,9.0,24.49,83.5,-1.0,14.1,14.5
138.437,89,148.0,1466.0,87.0,9.0,24.49,83.5,-1.0,14.1,14.5
138.527,89,148.0,1466.0,87.0,9.0,24.24,83.5,-1.0,14.1,14.5
138.589,89,148.0,1466.0,87.0,9.0,24.24,83.5,-1.0,14.1,14.5
138.677,89,148.0,1466.0,87.0,9.0,24.24,83.5,-1.0,14.1,14.5
138.738,89,148.0,1466.0,87.0,9.0,24.24,83.5,-1.0,14.1,14.5
138.826,89,148.0,1466.0,87.0,9.0,24.24,83.5,-1.0,14.1,14.5
138.887,89,148.0,1466.0,87.0,9.0,24.24,83.5,-1.0,14.1,14.5
138.977,89,146.0,1466.0,87.0,9.0,24.24,83.5,-1.0,14.1,14.5
139.039,89,146.0,1473.0,87.0,9.0,24.24,83.5,-1.0,14.1,14.5
139.127,89,146.0,1473.0,87.0,9.0,24.24,83.5,-1.0,14.1,14.5
139.188,89,146.0,1473.0,87.0,9.0,24.24,83.5,-1.0,14.1,14.5
139.277,89,146.0,1473.0,87.0,9.0,23.38,83.5,-1.0,14.1,14.5
139.367,89,146.0,1473.0,87.0,9.0,23.38,83.5,-1.0,14.1,14.5
139.428,89,146.0,1473.0,87.0,9.0,23.38,83.5,-1.0,14.1,14.5
139.488,89,146.0,1473.0,87.0,9.0,23.38,83.5,-1.0,14.1,14.5
139.576,89,146.0,1473.0,87.0,9.0,23.38,83.5,-1.0,14.1,14.5
139.638,89,146.0,1473.0,87.0,9.0,23.38,83.5,-1.0,14.1,14.5
139.727,89,143.0,1473.0,87.0,9.0,23.38,83.5,-1.0,14.1,14.5
139.788,89,143.0,1473.0,87.0,9.0,23.38,83.5,-1.0,14.1,14.5
139.876,89,143.0,1473.0,87.0,9.0,23.38,83.5,-1.0,14.1,14.5
139.937,89,143.0,1473.0,87.0,9.0,23.38,83.5,-1.0,14.1,14.5
140.027,89,143.0,1473.0,87.0,9.0,23.24,83.5,-1.0,14.1,14.5
140.117,89,143.0,1473.0,87.0,9.0,23.24,83.5,-1.0,14.1,14.5
140.179,89,143.0,1473.0,87.0,9.0,23.24,83.5,-1.0,14.1,14.5
140.299,89,143.0,1473.0,87.0,9.0,23.24,83.5,-1.0,14.1,14.5
140.388,89,143.0,1473.0,87.0,9.0,23.24,83.5,-1.0,14.1,14.5
140.477,89,143.0,1473.0,87.0,9.0,23.24,83.5,-1.0,14.1,14.5
140.54,89,141.0,1473.0,87.0,9.0,23.24,83.5,-1.0,14.1,14.5
140.627,89,141.0,1473.0,87.0,9.0,23.24,83.5,-1.0,14.1,14.5
140.688,89,141.0,1473.0,87.0,9.0,23.24,83.5,-1.0,14.1,14.5
140.777,89,141.0,1473.0,87.0,8.0,23.24,83.5,-1.0,14.1,14.5
140.866,89,141.0,1473.0,87.0,8.0,22.19,83.5,-1.0,14.1,14.5
140.927,89,141.0,1473.0,87.0,8.0,22.19,83.5,-1.0,14.1,14.5
141.017,89,141.0,1473.0,87.0,8.0,22.19,83.5,-1.0,14.1,14.5
141.077,89,141.0,1473.0,87.0,8.0,22.19,83.5,-1.0,14.1,14.5
141.171,89,141.0,1473.0,87.0,8.0,22.19,83.5,-1.0,14.1,14.5
141.287,89,141.0,1473.0,87.0,8.0,22.19,83.5,-1.0,14.1,14.5
141.377,89,139.0,1473.0,87.0,8.0,22.19,83.5,-1.0,14.1,14.5
141.467,89,139.0,1476.0,87.0,8.0,22.19,83.5,-1.0,14.1,14.5
141.528,89,139.0,1476.0,87.0,8.0,22.19,83.5,-1.0,14.1,14.5
141.617,89,139.0,1476.0,87.0,8.0,22.19,83.5,-1.0,14.1,14.5
141.678,89,139.0,1476.0,87.0,8.0,21.88,83.5,-1.0,14.1,14.5
141.768,89,139.0,1476.0,87.0,8.0,21.88,83.5,-1.0,14.1,14.5
141.827,89,139.0,1476.0,87.0,8.0,21.88,83.5,-1.0,14.1,14.5
141.917,89,139.0,1476.0,87.0,8.0,21.88,83.5,-1.0,14.1,14.5
141.977,89,139.0,1476.0,87.0,8.0,21.88,83.5,-1.0,14.1,14.5
142.068,89,139.0,1476.0,87.0,8.0,21.88,83.5,-1.0,14.1,14.5
142.128,89,137.0,1476.0,87.0,8.0,21.88,83.5,-1.0,14.1,14.5
142.217,89,137.0,1477.0,87.0,8.0,21.88,83.5,-1.0,14.1,14.5
142.278,89,137.0,1477.0,87.0,8.0,21.88,83.5,-1.0,14.1,14.5
142.367,89,137.0,1477.0,87.0,8.0,21.88,83.5,-1.0,14.1,14.5
142.428,89,137.0,1477.0,87.0,8.0,21.72,83.5,-1.0,14.1,14.5
142.517,89,137.0,1477.0,87.0,8.0,21.72,83.5,-1.0,14.1,14.5
142.578,89,137.0,1477.0,87.0,8.0,21.72,83.5,-1.0,14.1,14.5
142.666,89,137.0,1477.0,87.0,8.0,21.72,83.5,-1.0,14.1,14.5
142.729,89,137.0,1477.0,87.0,8.0,21.72,83.5,-1.0,14.1,14.5
142.816,89,137.0,1477.0,87.0,8.0,21.72,83.5,-1.0,14.1,14.5
142.877,89,137.0,1477.0,87.0,8.0,21.72,83.5,-1.0,14.1,14.5
142.967,89,137.0,1477.0,87.0,8.0,21.72,83.5,-1.0,14.1,14.5
143.027,89,137.0,1477.0,87.0,8.0,21.72,83.5,-1.0,14.1,14.5
143.117,89,137.0,1477.0,87.0,8.0,21.72,83.5,-1.0,14.1,14.5
143.178,89,137.0,1477.0,87.0,8.0,21.8,83.5,-1.0,14.1,14.5
143.267,89,137.0,1477.0,87.0,8.0,21.8,83.5,-1.0,14.1,14.5
143.328,89,137.0,1477.0,87.0,8.0,21.8,83.5,-1.0,14.1,14.5
143.417,89,137.0,1477.0,87.0,8.0,21.8,83.5,-1.0,14.1,14.5
143.478,89,137.0,1477.0,87.0,8.0,21.8,83.5,-1.0,14.1,14.5
143.567,89,137.0,1477.0,87.0,8.0,21.8,83.5,-1.0,14.1,14.5
143.629,89,138.0,1477.0,87.0,8.0,21.8,83.5,-1.0,14.1,14.5
143.717,89,138.0,1476.0,87.0,8.0,21.8,83.5,-1.0,14.1,14.5
143.79,89,138.0,1476.0,87.0,8.0,21.8,83.5,-1.0,14.1,14.5
143.897,89,138.0,1476.0,87.0,8.0,21.8,83.5,-1.0,14.1,14.5
143.986,89,138.0,1476.0,87.0,8.0,21.66,83.5,-1.0,14.1,14.5
144.076,89,138.0,1476.0,87.0,8.0,21.66,83.5,-1.0,14.1,14.5
144.167,89,138.0,1476.0,87.0,8.0,21.66,83.5,-1.0,14.1,14.5
144.228,89,138.0,1476.0,87.0,8.0,21.66,83.5,-1.0,14.1,14.5
144.317,89,138.0,1476.0,87.0,8.0,21.66,83.5,-1.0,14.1,14.5
144.379,89,138.0,1476.0,87.0,8.0,21.66,83.5,-1.0,14.1,14.5
144.466,89,136.0,1476.0,87.0,8.0,21.66,83.5,-1.0,14.1,14.5
144.526,89,136.0,1477.0,87.0,8.0,21.66,83.5,-1.0,14.1,14.5
144.615,89,136.0,1477.0,87.0,8.0,21.66,83.5,-1.0,14.1,14.5
144.676,89,136.0,1477.0,87.0,8.0,21.66,83.5,-1.0,14.1,14.5
144.766,89,136.0,1477.0,87.0,8.0,21.58,83.5,-1.0,14.1,14.5
144.827,89,136.0,1477.0,87.0,8.0,21.58,83.5,-1.0,14.1,14.5
144.916,89,136.0,1477.0,87.0,8.0,21.58,83.5,-1.0,14.1,14.5
144.977,89,136.0,1477.0,87.0,8.0,21.58,83.5,-1.0,14.1,14.5
145.067,89,136.0,1477.0,87.0,8.0,21.58,83.5,-1.0,14.1,14.5
145.128,89,136.0,1477.0,87.0,8.0,21.58,83.5,-1.0,14.1,14.5
145.217,89,135.0,1477.0,87.0,8.0,21.58,83.5,-1.0,14.1,14.5
145.278,89,135.0,1478.0,87.0,8.0,21.58,83.5,-1.0,14.1,14.5
145.367,89,135.0,1478.0,88.0,8.0,21.58,83.5,-1.0,14.1,14.5
145.428,89,135.0,1478.0,88.0,8.0,21.58,83.5,-1.0,14.1,14.5
145.516,89,135.0,1478.0,88.0,8.0,19.88,83.5,-1.0,14.1,14.5
145.578,89,135.0,1478.0,88.0,8.0,19.88,83.5,-1.0,14.1,14.5
145.667,89,135.0,1478.0,88.0,8.0,19.88,83.5,-1.0,14.1,14.5
145.728,89,135.0,1478.0,88.0,8.0,19.88,83.5,-1.0,14.1,14.5
145.816,89,135.0,1478.0,88.0,8.0,19.88,83.5,-1.0,14.1,14.5
145.877,89,135.0,1478.0,88.0,8.0,19.88,83.5,-1.0,14.1,14.5
145.966,89,132.0,1478.0,88.0,8.0,19.88,83.5,-1.0,14.1,14.5
146.028,89,132.0,1483.0,88.0,8.0,19.88,83.5,-1.0,14.1,14.5
146.117,89,132.0,1483.0,88.0,8.0,19.88,83.5,-1.0,14.1,14.5
146.179,89,132.0,1483.0,88.0,8.0,19.88,83.5,-1.0,14.1,14.5
146.296,89,132.0,1483.0,88.0,8.0,19.33,83.5,-1.0,14.1,14.5
146.387,89,132.0,1483.0,88.0,8.0,19.33,83.5,-1.0,14.1,14.5
146.476,89,132.0,1483.0,88.0,8.0,19.33,83.5,-1.0,14.1,14.5
146.567,89,132.0,1483.0,88.0,8.0,19.33,83.5,-1.0,14.1,14.5
146.628,89,132.0,1483.0,88.0,8.0,19.33,83.5,-1.0,14.1,14.5
146.717,89,132.0,1483.0,88.0,8.0,19.33,83.5,-1.0,14.1,14.5
146.782,89,129.0,1483.0,88.0,8.0,19.33,83.5,-1.0,14.1,14.5
146.866,89,129.0,1484.0,88.0,8.0,19.33,83.5,-1.0,14.1,14.5
146.927,89,129.0,1484.0,88.0,8.0,19.33,83.5,-1.0,14.1,14.5
147.017,89,129.0,1484.0,88.0,8.0,19.33,83.5,-1.0,14.1,14.5
147.078,89,129.0,1484.0,88.0,8.0,17.16,83.5,-1.0,14.1,14.5
147.167,89,129.0,1484.0,88.0,8.0,17.16,83.5,-1.0,14.1,14.5
147.228,89,129.0,1484.0,88.0,8.0,17.16,83.5,-1.0,14.1,14.5
147.316,89,129.0,1484.0,88.0,8.0,17.16,83.5,-1.0,14.1,14.5
147.378,89,129.0,1484.0,88.0,8.0,17.16,83.5,-1.0,14.1,14.5
147.467,89,129.0,1484.0,88.0,8.0,17.16,83.5,-1.0,14.1,14.5
147.529,89,124.0,1484.0,88.0,8.0,17.16,83.5,-1.0,14.1,14.5
147.617,89,124.0,1488.0,88.0,8.0,17.16,83.5,-1.0,14.1,14.5
147.679,89,124.0,1488.0,88.0,8.0,17.16,83.5,-1.0,14.1,14.5
147.767,89,124.0,1488.0,88.0,7.0,17.16,83.5,-1.0,14.1,14.5
147.827,89,124.0,1488.0,88.0,7.0,16.77,83.5,-1.0,14.1,14.5
147.916,89,124.0,1488.0,88.0,7.0,16.77,83.5,-1.0,14.1,14.5
147.978,89,124.0,1488.0,88.0,7.0,16.77,83.5,-1.0,14.1,14.5
148.067,89,124.0,1488.0,88.0,7.0,16.77,83.5,-1.0,14.1,14.5
148.128,89,124.0,1488.0,88.0,7.0,16.77,83.5,-1.0,14.1,14.5
148.216,89,124.0,1488.0,88.0,7.0,16.77,83.5,-1.0,14.1,14.5
148.278,89,121.0,1488.0,88.0,7.0,16.77,83.5,-1.0,14.1,14.5
148.367,89,121.0,1486.0,88.0,7.0,16.77,83.5,-1.0,14.1,14.5
148.428,89,121.0,1486.0,88.0,7.0,16.77,83.5,-1.0,14.1,14.5
148.516,89,121.0,1486.0,88.0,7.0,16.77,83.5,-1.0,14.1,14.5
148.578,89,121.0,1486.0,88.0,7.0,15.91,83.5,-1.0,14.1,14.5
148.667,89,121.0,1486.0,88.0,7.0,15.91,83.5,-1.0,14.1,14.5
148.728,89,121.0,1486.0,88.0,7.0,15.91,83.5,-1.0,14.1,14.5
148.816,89,121.0,1486.0,88.0,7.0,15.91,83.5,-1.0,14.1,14.5
148.877,89,121.0,1486.0,88.0,7.0,15.91,83.5,-1.0,14.1,14.5
148.966,90,121.0,1486.0,88.0,7.0,15.91,83.5,-1.0,14.1,14.5
149.028,90,118.0,1486.0,88.0,7.0,15.91,83.5,-1.0,14.1,14.5
149.116,90,118.0,1488.0,88.0,7.0,15.91,83.5,-1.0,14.1,14.5
149.178,90,118.0,1488.0,88.0,7.0,15.91,83.5,-1.0,14.1,14.5
149.267,90,118.0,1488.0,88.0,7.0,15.91,83.5,-1.0,14.1,14.5
149.328,90,118.0,1488.0,88.0,7.0,15.69,83.5,-1.0,14.1,14.5
149.417,90,118.0,1488.0,88.0,7.0,15.69,83.5,-1.0,14.1,14.5
149.508,90,118.0,1488.0,88.0,7.0,15.69,83.5,-1.0,14.1,14.5
149.568,90,118.0,1488.0,88.0,7.0,15.69,83.5,-1.0,14.1,14.5
149.628,90,118.0,1488.0,88.0,7.0,15.69,83.5,-1.0,14.1,14.5
149.717,90,118.0,1488.0,88.0,7.0,15.69,83.5,-1.0,14.1,14.5
149.78,90,116.0,1488.0,88.0,7.0,15.69,83.5,-1.0,14.1,14.5
149.866,90,116.0,1487.0,88.0,7.0,15.69,83.5,-1.0,14.1,14.5
149.927,90,116.0,1487.0,88.0,7.0,15.69,83.5,-1.0,14.1,14.5
150.016,90,116.0,1487.0,88.0,7.0,15.69,83.5,-1.0,14.1,14.5
150.078,90,116.0,1487.0,88.0,7.0,14.94,83.5,-1.0,14.1,14.5
150.166,90,116.0,1487.0,88.0,7.0,14.94,83.5,-1.0,14.1,14.5
150.228,90,116.0,1487.0,88.0,7.0,14.94,83.5,-1.0,14.1,14.5
150.316,90,116.0,1487.0,88.0,7.0,14.94,83.5,-1.0,14.1,14.5
150.378,90,116.0,1487.0,88.0,7.0,14.94,83.5,-1.0,14.1,14.5
150.467,90,116.0,1487.0,88.0,7.0,14.94,83.5,-1.0,14.1,14.5
150.528,90,115.0,1487.0,88.0,7.0,14.94,83.5,-1.0,14.1,14.5
150.617,90,115.0,1488.0,88.0,7.0,14.94,83.5,-1.0,14.1,14.5
150.707,90,115.0,1488.0,88.0,7.0,14.94,83.5,-1.0,14.1,14.5
150.77,90,115.0,1488.0,88.0,7.0,14.94,83.5,-1.0,14.1,14.5
150.827,90,115.0,1488.0,88.0,7.0,14.77,83.5,-1.0,14.1,14.5
150.917,90,115.0,1488.0,88.0,7.0,14.77,83.5,-1.0,14.1,14.5
150.978,90,115.0,1488.0,88.0,7.0,14.77,83.5,-1.0,14.1,14.5
151.066,90,115.0,1488.0,88.0,7.0,14.77,83.5,-1.0,14.1,14.5
151.128,90,115.0,1488.0,88.0,7.0,14.77,83.5,-1.0,14.1,14.5
151.217,90,115.0,1488.0,88.0,7.0,14.77,83.5,-1.0,14.1,14.5
151.278,90,114.0,1488.0,88.0,7.0,14.77,83.5,-1.0,14.1,14.5
151.367,90,114.0,1485.0,88.0,7.0,14.77,83.5,-1.0,14.1,14.5
151.428,90,114.0,1485.0,88.0,7.0,14.77,83.5,-1.0,14.1,14.5
151.516,90,114.0,1485.0,88.0,7.0,14.77,83.5,-1.0,14.1,14.5
151.579,90,114.0,1485.0,88.0,7.0,14.3,83.5,-1.0,14.1,14.5
151.667,90,114.0,1485.0,88.0,7.0,14.3,83.5,-1.0,14.1,14.5
151.757,90,114.0,1485.0,88.0,7.0,14.3,83.5,-1.0,14.1,14.5
151.846,90,114.0,1485.0,88.0,7.0,14.3,83.5,-1.0,14.1,14.5
151.937,90,114.0,1485.0,88.0,7.0,14.3,83.5,-1.0,14.1,14.5
152.027,90,114.0,1485.0,88.0,7.0,14.3,83.5,-1.0,14.1,14.5
152.116,90,110.0,1485.0,88.0,7.0,14.3,83.5,-1.0,14.1,14.5
152.207,90,110.0,1489.0,88.0,7.0,14.3,83.5,-1.0,14.1,14.5
152.296,90,110.0,1489.0,88.0,7.0,14.3,83.5,-1.0,14.1,14.5
152.388,90,110.0,1489.0,88.0,7.0,14.3,83.5,-1.0,14.1,14.5
152.477,90,110.0,1489.0,88.0,7.0,14.22,83.5,-1.0,14.1,14.5
152.566,90,110.0,1489.0,88.0,7.0,14.22,83.5,-1.0,14.1,14.5
152.656,90,110.0,1489.0,88.0,7.0,14.22,83.5,-1.0,14.1,14.5
152.747,90,110.0,1489.0,88.0,7.0,14.22,83.5,-1.0,14.1,14.5
152.837,90,110.0,1489.0,88.0,7.0,14.22,83.5,-1.0,14.1,14.5
152.926,90,110.0,1489.0,88.0,7.0,14.22,83.5,-1.0,14.1,14.5
153.017,90,109.0,1489.0,88.0,7.0,14.22,83.5,-1.0,14.1,14.5
153.107,90,109.0,1490.0,88.0,7.0,14.22,83.5,-1.0,14.1,14.5
153.198,90,109.0,1490.0,88.0,7.0,14.22,83.5,-1.0,14.1,14.5
153.286,90,109.0,1490.0,88.0,7.0,14.22,83.5,-1.0,14.1,14.5
153.377,90,109.0,1490.0,88.0,7.0,12.3,83.5,-1.0,14.1,14.5
153.467,90,109.0,1490.0,88.0,7.0,12.3,83.5,-1.0,14.1,14.5
153.557,90,109.0,1490.0,88.0,7.0,12.3,83.5,-1.0,14.1,14.5
153.646,90,109.0,1490.0,88.0,7.0,12.3,83.5,-1.0,14.1,14.5
153.737,90,109.0,1490.0,88.0,7.0,12.3,83.5,-1.0,14.1,14.5
153.827,90,109.0,1490.0,88.0,7.0,12.3,83.5,-1.0,14.1,14.5
153.916,90,107.0,1490.0,88.0,7.0,12.3,83.5,-1.0,14.1,14.5
154.006,90,107.0,1492.0,88.0,7.0,12.3,83.5,-1.0,14.1,14.5
154.096,90,107.0,1492.0,88.0,7.0,12.3,83.5,-1.0,14.1,14.5
154.186,90,107.0,1492.0,88.0,6.0,12.3,83.5,-1.0,14.1,14.5
154.276,90,107.0,1492.0,88.0,6.0,12.22,83.5,-1.0,14.1,14.5
154.366,90,107.0,1492.0,88.0,6.0,12.22,83.5,-1.0,14.1,14.5
154.457,90,107.0,1492.0,88.0,6.0,12.22,83.5,-1.0,14.1,14.5
154.546,90,107.0,1492.0,88.0,6.0,12.22,83.5,-1.0,14.1,14.5
154.636,90,107.0,1492.0,88.0,6.0,12.22,83.5,-1.0,14.1,14.5
154.726,90,107.0,1492.0,88.0,6.0,12.22,83.5,-1.0,14.1,14.5
154.817,90,103.0,1492.0,88.0,6.0,12.22,83.5,-1.0,14.1,14.5
154.907,90,103.0,1493.0,88.0,6.0,12.22,83.5,-1.0,14.1,14.5
154.996,90,103.0,1493.0,88.0,6.0,12.22,83.5,-1.0,14.1,14.5
155.086,90,103.0,1493.0,88.0,7.0,12.22,83.5,-1.0,14.1,14.5
155.176,90,103.0,1493.0,88.0,7.0,12.11,83.5,-1.0,14.1,14.5
155.267,90,103.0,1493.0,88.0,7.0,12.11,83.5,-1.0,14.1,14.5
155.356,90,103.0,1493.0,88.0,7.0,12.11,83.5,-1.0,14.1,14.5
155.446,90,103.0,1493.0,88.0,7.0,12.11,83.5,-1.0,14.1,14.5
155.536,90,103.0,1493.0,88.0,7.0,12.11,83.5,-1.0,14.1,14.5
155.627,90,103.0,1493.0,88.0,7.0,12.11,83.5,-1.0,14.1,14.5
155.716,90,100.0,1493.0,88.0,7.0,12.11,83.5,-1.0,14.1,14.5
155.806,90,100.0,1495.0,88.0,7.0,12.11,83.5,-1.0,14.1,14.5
155.896,90,100.0,1495.0,88.0,7.0,12.11,83.5,-1.0,14.1,14.5
155.986,90,100.0,1495.0,88.0,7.0,12.11,83.5,-1.0,14.1,14.5
156.077,90,100.0,1495.0,88.0,7.0,12.27,83.5,-1.0,14.1,14.5
156.166,90,100.0,1495.0,88.0,7.0,12.27,83.5,-1.0,14.1,14.5
156.256,90,100.0,1495.0,88.0,7.0,12.27,83.5,-1.0,14.1,14.5
156.346,90,100.0,1495.0,88.0,7.0,12.27,83.5,-1.0,14.1,14.5
156.437,90,100.0,1495.0,88.0,7.0,12.27,83.5,-1.0,14.1,14.5
156.526,90,100.0,1495.0,88.0,7.0,12.27,83.5,-1.0,14.1,14.5
156.617,90,98.0,1495.0,88.0,7.0,12.27,83.5,-1.0,14.1,14.5
156.707,90,98.0,1489.0,88.0,7.0,12.27,83.5,-1.0,14.1,14.5
156.796,90,98.0,1489.0,88.0,7.0,12.27,83.5,-1.0,14.1,14.5
156.886,90,98.0,1489.0,88.0,7.0,12.27,83.5,-1.0,14.1,14.5
156.977,90,98.0,1489.0,88.0,7.0,12.88,83.5,-1.0,14.1,14.5
157.067,90,98.0,1489.0,88.0,7.0,12.88,83.5,-1.0,14.1,14.5
157.157,90,98.0,1489.0,88.0,7.0,12.88,83.5,-1.0,14.1,14.5
157.247,90,98.0,1489.0,88.0,7.0,12.88,83.5,-1.0,14.1,14.5
157.336,90,98.0,1489.0,88.0,7.0,12.88,83.5,-1.0,14.1,14.5
157.426,90,98.0,1489.0,88.0,7.0,12.88,83.5,-1.0,14.1,14.5
157.516,90,106.0,1489.0,88.0,7.0,12.88,83.5,-1.0,14.1,14.5
157.607,90,106.0,1485.0,88.0,7.0,12.88,83.5,-1.0,14.1,14.5
157.696,90,106.0,1485.0,88.0,7.0,12.88,83.5,-1.0,14.1,14.5
157.786,90,106.0,1485.0,88.0,8.0,12.88,83.5,-1.0,14.1,14.5
157.876,90,106.0,1485.0,88.0,8.0,13.69,83.5,-1.0,14.1,14.5
157.966,90,106.0,1485.0,88.0,8.0,13.69,83.5,-1.0,14.1,14.5
158.056,90,106.0,1485.0,88.0,8.0,13.69,83.5,-1.0,14.1,14.5
158.146,90,106.0,1485.0,88.0,8.0,13.69,83.5,-1.0,14.1,14.5
158.237,90,106.0,1485.0,88.0,8.0,13.69,83.5,-1.0,14.1,14.5
158.327,90,106.0,1485.0,88.0,8.0,13.69,83.5,-1.0,14.1,14.5
158.416,90,110.0,1485.0,88.0,8.0,13.69,83.5,-1.0,14.1,14.5
158.506,90,110.0,1477.0,88.0,8.0,13.69,83.5,-1.0,14.1,14.5
158.596,90,110.0,1477.0,87.0,8.0,13.69,83.5,-1.0,14.1,14.5
158.687,90,110.0,1477.0,87.0,8.0,13.69,83.5,-1.0,14.1,14.5
158.776,90,110.0,1477.0,87.0,8.0,14.38,83.5,-1.0,14.1,14.5
158.866,90,110.0,1477.0,87.0,8.0,14.38,83.5,-1.0,14.1,14.5
158.956,90,110.0,1477.0,87.0,8.0,14.38,83.5,-1.0,14.1,14.5
159.046,90,110.0,1477.0,87.0,8.0,14.38,83.5,-1.0,14.1,14.5
159.136,90,110.0,1477.0,87.0,8.0,14.38,83.5,-1.0,14.1,14.5
159.226,90,110.0,1477.0,87.0,8.0,14.38,83.5,-1.0,14.1,14.5
159.316,90,113.0,1477.0,87.0,8.0,14.38,83.5,-1.0,14.1,14.5
159.407,90,113.0,1472.0,87.0,8.0,14.38,83.5,-1.0,14.1,14.5
159.496,90,113.0,1472.0,87.0,8.0,14.38,83.5,-1.0,14.1,14.5
159.586,90,113.0,1472.0,87.0,8.0,14.38,83.5,-1.0,14.1,14.5
159.676,90,113.0,1472.0,87.0,8.0,13.77,83.5,-1.0,14.1,14.5
159.804,90,113.0,1472.0,87.0,8.0,13.77,83.5,-1.0,14.1,14.5
159.886,90,113.0,1472.0,87.0,8.0,13.77,83.5,-1.0,14.1,14.5
159.977,90,113.0,1472.0,87.0,8.0,13.77,83.5,-1.0,14.1,14.5
160.066,90,113.0,1472.0,87.0,8.0,13.77,83.5,-1.0,14.1,14.5
160.156,90,113.0,1472.0,87.0,8.0,13.77,83.5,-1.0,14.1,14.5
160.247,90,115.0,1472.0,87.0,8.0,13.77,83.5,-1.0,14.1,14.5
160.337,90,115.0,1464.0,87.0,8.0,13.77,83.5,-1.0,14.1,14.5
160.427,90,115.0,1464.0,87.0,8.0,13.77,83.5,-1.0,14.1,14.5
160.517,90,115.0,1464.0,87.0,8.0,13.77,83.5,-1.0,14.1,14.5
160.606,90,115.0,1464.0,87.0,8.0,12.16,83.5,-1.0,14.1,14.5
160.696,90,115.0,1464.0,87.0,8.0,12.16,83.5,-1.0,14.1,14.5
160.791,90,115.0,1464.0,87.0,8.0,12.16,83.5,-1.0,14.1,14.5
160.876,90,115.0,1464.0,87.0,8.0,12.16,83.5,-1.0,14.1,14.5
160.966,90,115.0,1464.0,87.0,8.0,12.16,83.5,-1.0,14.1,14.5
161.056,90,115.0,1464.0,87.0,8.0,12.16,83.5,-1.0,14.1,14.5
161.146,90,104.0,1464.0,87.0,8.0,12.16,83.5,-1.0,14.1,14.5
161.237,90,104.0,1458.0,87.0,8.0,12.16,83.5,-1.0,14.1,14.5
161.327,90,104.0,1458.0,86.0,8.0,12.16,83.5,-1.0,14.1,14.5
161.416,90,104.0,1458.0,86.0,8.0,12.16,83.5,-1.0,14.1,14.5
161.507,90,104.0,1458.0,86.0,8.0,11.8,83.5,-1.0,14.1,14.5
161.596,90,104.0,1458.0,86.0,8.0,11.8,83.5,-1.0,14.1,14.5
161.687,90,104.0,1458.0,86.0,8.0,11.8,83.5,-1.0,14.1,14.5
161.776,90,104.0,1458.0,86.0,8.0,11.8,83.5,-1.0,14.1,14.5
161.866,90,104.0,1458.0,86.0,8.0,11.8,83.5,-1.0,14.1,14.5
161.957,89,104.0,1458.0,86.0,8.0,11.8,83.5,-1.0,14.1,14.5
162.046,89,103.0,1458.0,86.0,8.0,11.8,83.5,-1.0,14.1,14.5
162.136,89,103.0,1453.0,86.0,8.0,11.8,83.5,-1.0,14.1,14.5
162.226,89,103.0,1453.0,86.0,8.0,11.8,83.5,-1.0,14.1,14.5
162.316,89,103.0,1453.0,86.0,8.0,11.8,83.5,-1.0,14.1,14.5
162.406,89,103.0,1453.0,86.0,8.0,12.41,83.5,-1.0,14.1,14.5
162.496,89,103.0,1453.0,86.0,8.0,12.41,83.5,-1.0,14.1,14.5
162.587,89,103.0,1453.0,86.0,8.0,12.41,83.5,-1.0,14.1,14.5
162.677,89,103.0,1453.0,86.0,8.0,12.41,83.5,-1.0,14.1,14.5
162.766,89,103.0,1453.0,86.0,8.0,12.41,83.5,-1.0,14.1,14.5
162.856,89,103.0,1453.0,86.0,8.0,12.41,83.5,-1.0,14.1,14.5
162.946,89,106.0,1453.0,86.0,8.0,12.41,83.5,-1.0,14.1,14.5
163.037,89,106.0,1442.0,86.0,8.0,12.41,83.5,-1.0,14.1,14.5
163.126,89,106.0,1442.0,85.0,8.0,12.41,83.5,-1.0,14.1,14.5
163.218,89,106.0,1442.0,85.0,8.0,12.41,83.5,-1.0,14.1,14.5
163.336,89,106.0,1442.0,85.0,8.0,12.99,83.5,-1.0,14.1,14.5
163.426,89,106.0,1442.0,85.0,8.0,12.99,83.5,-1.0,14.1,14.5
163.516,89,106.0,1442.0,85.0,8.0,12.99,83.5,-1.0,14.1,14.5
163.606,89,106.0,1442.0,85.0,8.0,12.99,83.5,-1.0,14.1,14.5
163.696,89,106.0,1442.0,85.0,8.0,12.99,83.5,-1.0,14.1,14.5
163.786,89,106.0,1442.0,85.0,8.0,12.99,83.5,-1.0,14.1,14.5
163.876,89,110.0,1442.0,85.0,8.0,12.99,83.5,-1.0,14.1,14.5
163.967,89,110.0,1425.0,85.0,8.0,12.99,83.5,-1.0,14.1,14.5
164.056,89,110.0,1425.0,84.0,8.0,12.99,83.5,-1.0,14.1,14.5
164.146,89,110.0,1425.0,84.0,10.0,12.99,83.5,-1.0,14.1,14.5
164.236,89,110.0,1425.0,84.0,10.0,24.55,83.5,-1.0,14.1,14.5
164.326,89,110.0,1425.0,84.0,10.0,24.55,83.5,-1.0,14.1,14.5
164.416,89,110.0,1425.0,84.0,10.0,24.55,83.5,-1.0,14.1,14.5
164.506,89,110.0,1425.0,84.0,10.0,24.55,83.5,-1.0,14.1,14.5
164.596,89,110.0,1425.0,84.0,10.0,24.55,83.5,-1.0,14.1,14.5
164.687,89,110.0,1425.0,84.0,10.0,24.55,83.5,-1.0,14.1,14.5
164.777,89,111.0,1425.0,84.0,10.0,24.55,83.5,-1.0,14.1,14.5
164.866,89,111.0,1404.0,84.0,10.0,24.55,83.5,-1.0,14.1,14.5
164.956,89,111.0,1404.0,83.0,10.0,24.55,83.5,-1.0,14.1,14.5
165.046,89,111.0,1404.0,83.0,11.0,24.55,83.5,-1.0,14.1,14.5
165.136,89,111.0,1404.0,83.0,11.0,24.27,83.5,-1.0,14.1,14.5
165.226,89,111.0,1404.0,83.0,11.0,24.27,83.5,-1.0,14.1,14.5
165.316,89,111.0,1404.0,83.0,11.0,24.27,83.5,-1.0,14.1,14.5
165.406,89,111.0,1404.0,83.0,11.0,24.27,83.5,-1.0,14.1,14.5
165.497,89,111.0,1404.0,83.0,11.0,24.27,83.5,-1.0,14.1,14.5
165.586,89,111.0,1404.0,83.0,11.0,24.27,83.5,-1.0,14.1,14.5
165.676,89,111.0,1404.0,83.0,11.0,24.27,83.5,-1.0,14.1,14.5
165.766,89,111.0,1387.0,83.0,11.0,24.27,83.5,-1.0,14.1,14.5
165.856,89,111.0,1387.0,82.0,11.0,24.27,83.5,-1.0,14.1,14.5
165.946,89,111.0,1387.0,82.0,10.0,24.27,83.5,-1.0,14.1,14.5
166.037,89,111.0,1387.0,82.0,10.0,24.11,83.5,-1.0,14.1,14.5
166.126,89,111.0,1387.0,82.0,10.0,24.11,83.5,-1.0,14.1,14.5
166.216,89,111.0,1387.0,82.0,10.0,24.11,83.5,-1.0,14.1,14.5
166.307,89,111.0,1387.0,82.0,10.0,24.11,83.5,-1.0,14.1,14.5
166.396,89,111.0,1387.0,82.0,10.0,24.11,83.5,-1.0,14.1,14.5
166.486,89,111.0,1387.0,82.0,10.0,24.11,83.5,-1.0,14.1,14.5
166.576,89,110.0,1387.0,82.0,10.0,24.11,83.5,-1.0,14.1,14.5
166.667,89,110.0,1368.0,82.0,10.0,24.11,83.5,-1.0,14.1,14.5
166.756,89,110.0,1368.0,81.0,10.0,24.11,83.5,-1.0,14.1,14.5
166.846,89,110.0,1368.0,81.0,10.0,24.11,83.5,-1.0,14.1,14.5
166.936,89,110.0,1368.0,81.0,10.0,23.55,83.5,-1.0,14.1,14.5
167.026,89,110.0,1368.0,81.0,10.0,23.55,83.5,-1.0,14.1,14.5
167.117,89,110.0,1368.0,81.0,10.0,23.55,83.5,-1.0,14.1,14.5
167.206,89,110.0,1368.0,81.0,10.0,23.55,83.5,-1.0,14.1,14.5
167.296,89,110.0,1368.0,81.0,10.0,23.55,83.5,-1.0,14.1,14.5
167.386,89,110.0,1368.0,81.0,10.0,23.55,83.5,-1.0,14.1,14.5
167.478,89,110.0,1368.0,81.0,10.0,23.55,83.5,-1.0,14.1,14.5
167.567,89,110.0,1344.0,81.0,10.0,23.55,83.5,-1.0,14.1,14.5
167.657,89,110.0,1344.0,79.0,10.0,23.55,83.5,-1.0,14.1,14.5
167.746,89,110.0,1344.0,79.0,10.0,23.55,83.5,-1.0,14.1,14.5
167.836,89,110.0,1344.0,79.0,10.0,22.83,83.5,-1.0,14.1,14.5
167.926,89,110.0,1344.0,79.0,10.0,22.83,83.5,-1.0,14.1,14.5
168.016,89,110.0,1344.0,79.0,10.0,22.83,83.5,-1.0,14.1,14.5
168.107,89,110.0,1344.0,79.0,10.0,22.83,83.5,-1.0,14.1,14.5
168.196,89,110.0,1344.0,79.0,10.0,22.83,83.5,-1.0,14.1,14.5
168.286,89,110.0,1344.0,79.0,10.0,22.83,83.5,-1.0,14.1,14.5
168.376,89,108.0,1344.0,79.0,10.0,22.83,83.5,-1.0,14.1,14.5
168.467,89,108.0,1046.0,79.0,10.0,22.83,83.5,-1.0,14.1,14.5
168.556,89,108.0,1046.0,77.0,10.0,22.83,83.5,-1.0,14.1,14.5
168.646,89,108.0,1046.0,77.0,9.0,22.83,83.5,-1.0,14.1,14.5
168.737,89,108.0,1046.0,77.0,9.0,7.41,83.5,-1.0,14.1,14.5
168.826,89,108.0,1046.0,77.0,9.0,7.41,83.5,-1.0,14.1,14.5
168.916,89,108.0,1046.0,77.0,9.0,7.41,83.5,-1.0,14.1,14.5
169.006,89,108.0,1046.0,77.0,9.0,7.41,83.5,-1.0,14.1,14.5
169.096,89,108.0,1046.0,77.0,9.0,7.41,83.5,-1.0,14.1,14.5
169.186,89,108.0,1046.0,77.0,9.0,7.41,83.5,-1.0,14.1,14.5
169.277,89,105.0,1046.0,77.0,9.0,7.41,83.5,-1.0,14.1,14.5
169.367,89,105.0,1039.0,77.0,9.0,7.41,83.5,-1.0,14.1,14.5
169.456,89,105.0,1039.0,73.0,9.0,7.41,83.5,-1.0,14.1,14.5
169.547,89,105.0,1039.0,73.0,3.0,7.41,83.5,-1.0,14.1,14.5
169.636,89,105.0,1039.0,73.0,3.0,9.3,83.5,-1.0,14.1,14.5
169.726,89,105.0,1039.0,73.0,3.0,9.3,83.5,-1.0,14.1,14.5
169.816,89,105.0,1039.0,73.0,3.0,9.3,83.5,-1.0,14.1,14.5
169.906,89,105.0,1039.0,73.0,3.0,9.3,83.5,-1.0,14.1,14.5
169.996,89,105.0,1039.0,73.0,3.0,9.3,83.5,-1.0,14.1,14.5
170.086,89,105.0,1039.0,73.0,3.0,9.3,83.5,-1.0,14.1,14.5
170.176,89,104.0,1039.0,73.0,3.0,9.3,83.5,-1.0,14.1,14.5
170.268,89,104.0,1134.0,73.0,3.0,9.3,83.5,-1.0,14.1,14.5
170.357,89,104.0,1134.0,68.0,3.0,9.3,83.5,-1.0,14.1,14.5
170.447,89,104.0,1134.0,68.0,5.0,9.3,83.5,-1.0,14.1,14.5
170.537,89,104.0,1134.0,68.0,5.0,9.05,83.5,-1.0,14.1,14.5
170.626,89,104.0,1134.0,68.0,5.0,9.05,83.5,-1.0,14.1,14.5
170.717,89,104.0,1134.0,68.0,5.0,9.05,83.5,-1.0,14.1,14.5
170.806,89,104.0,1134.0,68.0,5.0,9.05,83.5,-1.0,14.1,14.5
170.896,89,104.0,1134.0,68.0,5.0,9.05,83.5,-1.0,14.1,14.5
170.986,89,104.0,1134.0,68.0,5.0,9.05,83.5,-1.0,14.1,14.5
171.076,89,104.0,1134.0,68.0,5.0,9.05,83.5,-1.0,14.1,14.5
171.167,89,104.0,1150.0,68.0,5.0,9.05,83.5,-1.0,14.1,14.5
171.256,89,104.0,1150.0,62.0,5.0,9.05,83.5,-1.0,14.1,14.5
171.347,89,104.0,1150.0,62.0,5.0,9.05,83.5,-1.0,14.1,14.5
171.437,89,104.0,1150.0,62.0,5.0,11.91,83.5,-1.0,14.1,14.5
171.526,89,104.0,1150.0,62.0,5.0,11.91,83.5,-1.0,14.1,14.5
171.616,89,104.0,1150.0,62.0,5.0,11.91,83.5,-1.0,14.1,14.5
171.706,89,104.0,1150.0,62.0,5.0,11.91,83.5,-1.0,14.1,14.5
171.797,89,104.0,1150.0,62.0,5.0,11.91,83.5,-1.0,14.1,14.5
171.886,89,104.0,1150.0,62.0,5.0,11.91,83.5,-1.0,14.1,14.5
171.976,89,105.0,1150.0,62.0,5.0,11.91,83.5,-1.0,14.1,14.5
172.067,89,105.0,1895.0,62.0,5.0,11.91,83.5,-1.0,14.1,14.5
172.156,89,105.0,1895.0,54.0,5.0,11.91,83.5,-1.0,14.1,14.5
172.246,89,105.0,1895.0,54.0,6.0,11.91,83.5,-1.0,14.1,14.5
172.336,89,105.0,1895.0,54.0,6.0,30.41,83.5,-1.0,14.1,14.5
172.426,89,105.0,1895.0,54.0,6.0,30.41,83.5,-1.0,14.1,14.5
172.516,89,105.0,1895.0,54.0,6.0,30.41,83.5,-1.0,14.1,14.5
172.607,89,105.0,1895.0,54.0,6.0,30.41,83.5,-1.0,14.1,14.5
172.696,89,105.0,1895.0,54.0,6.0,30.41,83.5,-1.0,14.1,14.5
172.787,89,105.0,1895.0,54.0,6.0,30.41,83.5,-1.0,14.1,14.5
172.876,89,118.0,1895.0,54.0,6.0,30.41,83.5,-1.0,14.1,14.5
172.967,89,118.0,1764.0,54.0,6.0,30.41,83.5,-1.0,14.1,14.5
173.056,89,118.0,1764.0,48.0,6.0,30.41,83.5,-1.0,14.1,14.5
173.146,89,118.0,1764.0,48.0,10.0,30.41,83.5,-1.0,14.1,14.5
173.236,89,118.0,1764.0,48.0,10.0,31.19,83.5,-1.0,14.1,14.5
173.327,89,118.0,1764.0,48.0,10.0,31.19,83.5,-1.0,14.1,14.5
173.416,89,118.0,1764.0,48.0,10.0,31.19,83.5,-1.0,14.1,14.5
173.506,89,118.0,1764.0,48.0,10.0,31.19,83.5,-1.0,14.1,14.5
173.596,89,118.0,1764.0,48.0,10.0,31.19,83.5,-1.0,14.1,14.5
173.686,89,118.0,1764.0,48.0,10.0,31.19,83.5,-1.0,14.1,14.5
173.777,89,116.0,1764.0,48.0,10.0,31.19,83.5,-1.0,14.1,14.5
173.867,89,116.0,933.0,48.0,10.0,31.19,83.5,-1.0,14.1,14.5
173.956,89,116.0,933.0,39.0,10.0,31.19,83.5,-1.0,14.1,14.5
174.046,89,116.0,933.0,39.0,12.0,31.19,83.5,-1.0,14.1,14.5
174.136,89,116.0,933.0,39.0,12.0,10.49,83.5,-1.0,14.1,14.5
174.226,89,116.0,933.0,39.0,12.0,10.49,83.5,-1.0,14.1,14.5
174.316,89,116.0,933.0,39.0,12.0,10.49,83.5,-1.0,14.1,14.5
174.405,89,116.0,933.0,39.0,12.0,10.49,83.5,-1.0,14.1,14.5
174.496,89,116.0,933.0,39.0,12.0,10.49,83.5,-1.0,14.1,14.5
174.586,89,116.0,933.0,39.0,12.0,10.49,83.5,-1.0,14.1,14.5
174.676,89,106.0,933.0,39.0,12.0,10.49,83.5,-1.0,14.1,14.5
174.767,89,106.0,893.0,39.0,12.0,10.49,83.5,-1.0,14.1,14.5
174.856,89,106.0,893.0,31.0,12.0,10.49,83.5,-1.0,14.1,14.5
174.946,89,106.0,893.0,31.0,8.0,10.49,83.5,-1.0,14.1,14.5
175.037,89,106.0,893.0,31.0,8.0,8.66,83.5,-1.0,14.1,14.5
175.126,89,106.0,893.0,31.0,8.0,8.66,83.5,-1.0,14.1,14.5
175.217,89,106.0,893.0,31.0,8.0,8.66,83.5,-1.0,14.1,14.5
175.306,89,106.0,893.0,31.0,8.0,8.66,83.5,-1.0,14.1,14.5
175.396,89,106.0,893.0,31.0,8.0,8.66,83.5,-1.0,14.1,14.5
175.486,89,106.0,893.0,31.0,8.0,8.66,83.5,-1.0,14.1,14.5
175.576,89,103.0,893.0,31.0,8.0,8.66,83.5,-1.0,14.1,14.5
175.666,89,103.0,894.0,31.0,8.0,8.66,83.5,-1.0,14.1,14.5
175.757,89,103.0,894.0,24.0,8.0,8.66,83.5,-1.0,14.1,14.5
175.846,89,103.0,894.0,24.0,3.0,8.66,83.5,-1.0,14.1,14.5
175.936,89,103.0,894.0,24.0,3.0,8.11,83.5,-1.0,14.1,14.5
176.026,89,103.0,894.0,24.0,3.0,8.11,83.5,-1.0,14.1,14.5
176.116,89,103.0,894.0,24.0,3.0,8.11,83.5,-1.0,14.1,14.5
176.206,89,103.0,894.0,24.0,3.0,8.11,83.5,-1.0,20.4,14.5
176.296,89,103.0,894.0,24.0,3.0,8.11,83.5,-1.0,20.4,20.8
176.386,89,103.0,894.0,24.0,3.0,8.11,83.5,-1.0,20.4,20.8
176.476,89,102.0,894.0,24.0,3.0,8.11,83.5,-1.0,20.4,20.8
176.566,89,102.0,1341.0,24.0,3.0,8.11,83.5,-1.0,20.4,20.8
176.656,89,102.0,1341.0,22.0,3.0,8.11,83.5,-1.0,20.4,20.8
176.747,89,102.0,1341.0,22.0,4.0,8.11,83.5,-1.0,20.4,20.8
176.836,89,102.0,1341.0,22.0,4.0,12.33,83.5,-1.0,20.4,20.8
176.926,89,102.0,1341.0,22.0,4.0,12.33,83.5,-1.0,20.4,20.8
177.016,89,102.0,1341.0,22.0,4.0,12.33,83.5,-1.0,20.4,20.8
177.107,89,102.0,1341.0,22.0,4.0,12.33,83.5,-1.0,34.9,20.8
177.196,89,102.0,1341.0,22.0,4.0,12.33,83.5,-1.0,34.9,38.4
177.286,89,102.0,1341.0,22.0,4.0,12.33,83.5,-1.0,34.9,38.4
177.376,89,105.0,1341.0,22.0,4.0,12.33,83.5,-1.0,34.9,38.4
177.466,89,105.0,1381.0,22.0,4.0,12.33,83.5,-1.0,34.9,38.4
177.556,89,105.0,1381.0,23.0,4.0,12.33,83.5,-1.0,34.9,38.4
177.646,89,105.0,1381.0,23.0,8.0,12.33,83.5,-1.0,34.9,38.4
177.75,89,105.0,1381.0,23.0,8.0,17.11,83.5,-1.0,34.9,38.4
177.825,89,105.0,1381.0,23.0,8.0,17.11,83.5,-1.0,34.9,38.4
177.916,89,105.0,1381.0,23.0,8.0,17.11,83.5,-1.0,34.9,38.4
178.006,89,105.0,1381.0,23.0,8.0,17.11,83.5,-1.0,34.1,38.4
178.097,89,105.0,1381.0,23.0,8.0,17.11,83.5,-1.0,34.1,32.9
178.186,88,105.0,1381.0,23.0,8.0,17.11,83.5,-1.0,34.1,32.9
178.276,88,117.0,1381.0,23.0,8.0,17.11,83.5,-1.0,34.1,32.9
178.366,88,117.0,1499.0,23.0,8.0,17.11,83.5,-1.0,34.1,32.9
178.456,88,117.0,1499.0,26.0,8.0,17.11,83.5,-1.0,34.1,32.9
178.546,88,117.0,1499.0,26.0,9.0,17.11,83.5,-1.0,34.1,32.9
178.636,88,117.0,1499.0,26.0,9.0,13.27,83.5,-1.0,34.1,32.9
178.726,88,117.0,1499.0,26.0,9.0,13.27,83.5,-1.0,34.1,32.9
178.816,88,117.0,1499.0,26.0,9.0,13.27,83.5,-1.0,34.1,32.9
178.906,88,117.0,1499.0,26.0,9.0,13.27,83.5,-1.0,27.8,32.9
179.026,88,117.0,1499.0,26.0,9.0,13.27,83.5,-1.0,27.8,28.2
179.116,88,117.0,1499.0,26.0,9.0,13.27,83.5,-1.0,27.8,28.2
179.206,88,107.0,1499.0,26.0,9.0,13.27,83.5,-1.0,27.8,28.2
179.296,88,107.0,1577.0,26.0,9.0,13.27,83.5,-1.0,27.8,28.2
179.386,88,107.0,1577.0,27.0,9.0,13.27,83.5,-1.0,27.8,28.2
179.476,88,107.0,1577.0,27.0,8.0,13.27,83.5,-1.0,27.8,28.2
179.565,88,107.0,1577.0,27.0,8.0,13.86,83.5,-1.0,27.8,28.2
179.656,88,107.0,1577.0,27.0,8.0,13.86,83.5,-1.0,27.8,28.2
179.746,88,107.0,1577.0,27.0,8.0,13.86,83.5,-1.0,27.8,28.2
179.836,88,107.0,1577.0,27.0,8.0,13.86,83.5,-1.0,31.8,28.2
179.926,88,107.0,1577.0,27.0,8.0,13.86,83.5,-1.0,31.8,32.9
180.016,88,107.0,1577.0,27.0,8.0,13.86,83.5,-1.0,31.8,32.9
180.106,88,111.0,1577.0,27.0,8.0,13.86,83.5,-1.0,31.8,32.9
180.196,88,111.0,1690.0,27.0,8.0,13.86,83.5,-1.0,31.8,32.9
180.286,88,111.0,1690.0,29.0,8.0,13.86,83.5,-1.0,31.8,32.9
180.377,88,111.0,1690.0,29.0,8.0,13.86,83.5,-1.0,31.8,32.9
180.466,88,111.0,1690.0,29.0,8.0,18.72,83.5,-1.0,31.8,32.9
180.556,88,111.0,1690.0,29.0,8.0,18.72,83.5,-1.0,31.8,32.9
180.646,88,111.0,1690.0,29.0,8.0,18.72,83.5,-1.0,31.8,32.9
180.736,88,111.0,1690.0,29.0,8.0,18.72,83.5,-1.0,38.0,32.9
180.825,88,111.0,1690.0,29.0,8.0,18.72,83.5,-1.0,38.0,38.8
180.916,88,111.0,1690.0,29.0,8.0,18.72,83.5,-1.0,38.0,38.8
181.006,88,132.0,1690.0,29.0,8.0,18.72,83.5,-1.0,38.0,38.8
181.096,88,132.0,1866.0,29.0,8.0,18.72,83.5,-1.0,38.0,38.8
181.189,88,132.0,1866.0,32.0,8.0,18.72,83.5,-1.0,38.0,38.8
181.306,88,132.0,1866.0,32.0,10.0,18.72,83.5,-1.0,38.0,38.8
181.396,88,132.0,1866.0,32.0,10.0,24.55,83.5,-1.0,38.0,38.8
181.487,88,132.0,1866.0,32.0,10.0,24.55,83.5,-1.0,38.0,38.8
181.576,88,132.0,1866.0,32.0,10.0,24.55,83.5,-1.0,38.0,38.8
181.666,88,132.0,1866.0,32.0,10.0,24.55,83.5,-1.0,44.7,38.8
181.756,88,132.0,1866.0,32.0,10.0,24.55,83.5,-1.0,44.7,45.5
181.846,88,132.0,1866.0,32.0,10.0,24.55,83.5,-1.0,44.7,45.5
181.936,88,157.0,1866.0,32.0,10.0,24.55,83.5,-1.0,44.7,45.5
182.026,88,157.0,2142.0,32.0,10.0,24.55,83.5,-1.0,44.7,45.5
182.116,88,157.0,2142.0,37.0,10.0,24.55,83.5,-1.0,44.7,45.5
182.206,88,157.0,2142.0,37.0,11.0,24.55,83.5,-1.0,44.7,45.5
182.296,88,157.0,2142.0,37.0,11.0,46.47,83.5,-1.0,44.7,45.5
182.386,88,157.0,2142.0,37.0,11.0,46.47,83.5,-1.0,44.7,45.5
182.477,88,157.0,2142.0,37.0,11.0,46.47,83.5,-1.0,44.7,45.5
182.566,88,157.0,2142.0,37.0,11.0,46.47,83.5,-1.0,49.0,45.5
182.657,88,157.0,2142.0,37.0,11.0,46.47,83.5,-1.0,49.0,50.2
182.746,88,157.0,2142.0,37.0,11.0,46.47,83.5,-1.0,49.0,50.2
182.836,88,200.0,2142.0,37.0,11.0,46.47,83.5,-1.0,49.0,50.2
182.926,88,200.0,2574.0,37.0,11.0,46.47,83.5,-1.0,49.0,50.2
183.016,88,200.0,2574.0,45.0,11.0,46.47,83.5,-1.0,49.0,50.2
183.106,88,200.0,2574.0,45.0,13.0,46.47,83.5,-1.0,49.0,50.2
183.196,88,200.0,2574.0,45.0,13.0,77.86,83.5,-1.0,49.0,50.2
183.286,88,200.0,2574.0,45.0,13.0,77.86,83.5,-1.0,49.0,50.2
183.376,88,200.0,2574.0,45.0,13.0,77.86,83.5,-1.0,49.0,50.2
183.466,88,200.0,2574.0,45.0,13.0,77.86,83.5,-1.0,14.1,50.2
183.556,88,200.0,2574.0,45.0,13.0,77.86,83.5,-1.0,14.1,14.5
183.647,88,200.0,2574.0,45.0,13.0,77.86,83.5,-1.0,14.1,14.5
183.736,88,101.0,2574.0,45.0,13.0,77.86,83.5,-1.0,14.1,14.5
183.825,88,101.0,2401.0,45.0,13.0,77.86,83.5,-1.0,14.1,14.5
183.916,88,101.0,2401.0,49.0,13.0,77.86,83.5,-1.0,14.1,14.5
184.006,88,101.0,2401.0,49.0,13.0,77.86,83.5,-1.0,14.1,14.5
184.096,88,101.0,2401.0,49.0,13.0,31.66,83.5,-1.0,14.1,14.5
184.185,88,101.0,2401.0,49.0,13.0,31.66,31.0,-1.0,14.1,14.5
184.275,88,101.0,2401.0,49.0,13.0,31.66,31.0,-1.0,14.1,14.5
184.366,88,101.0,2401.0,49.0,13.0,31.66,31.0,-1.0,49.0,14.5
184.456,88,101.0,2401.0,49.0,13.0,31.66,31.0,-1.0,49.0,52.9
184.546,88,101.0,2401.0,49.0,13.0,31.66,31.0,-1.0,49.0,52.9
184.637,88,122.0,2401.0,49.0,13.0,31.66,31.0,-1.0,49.0,52.9
184.726,88,122.0,1971.0,49.0,13.0,31.66,31.0,-1.0,49.0,52.9
184.816,88,122.0,1971.0,53.0,13.0,31.66,31.0,-1.0,49.0,52.9
184.906,88,122.0,1971.0,53.0,11.0,31.66,31.0,-1.0,49.0,52.9
184.996,88,122.0,1971.0,53.0,11.0,54.99,31.0,-1.0,49.0,52.9
185.087,88,122.0,1971.0,53.0,11.0,54.99,83.5,-1.0,49.0,52.9
185.176,88,122.0,1971.0,53.0,11.0,54.99,83.5,-1.0,49.0,52.9
185.266,88,122.0,1971.0,53.0,11.0,54.99,83.5,-1.0,50.6,52.9
185.356,88,122.0,1971.0,53.0,11.0,54.99,83.5,-1.0,50.6,40.8
185.446,88,122.0,1971.0,53.0,11.0,54.99,83.5,-1.0,50.6,40.8
185.537,88,171.0,1971.0,53.0,11.0,54.99,83.5,-1.0,50.6,40.8
185.626,88,171.0,2079.0,53.0,11.0,54.99,83.5,-1.0,50.6,40.8
185.716,88,171.0,2079.0,59.0,11.0,54.99,83.5,-1.0,50.6,40.8
185.806,88,171.0,2079.0,59.0,11.0,54.99,83.5,-1.0,50.6,40.8
185.895,88,171.0,2079.0,59.0,11.0,30.66,83.5,-1.0,50.6,40.8
185.986,88,171.0,2079.0,59.0,11.0,30.66,31.0,-1.0,50.6,40.8
186.076,88,171.0,2079.0,59.0,11.0,30.66,31.0,-1.0,50.6,40.8
186.166,88,171.0,2079.0,59.0,11.0,30.66,31.0,-1.0,14.1,40.8
186.286,88,171.0,2079.0,59.0,11.0,30.66,31.0,-1.0,14.1,14.5
186.377,88,171.0,2079.0,59.0,11.0,30.66,31.0,-1.0,14.1,14.5
186.466,88,108.0,2079.0,59.0,11.0,30.66,31.0,-1.0,14.1,14.5
186.556,88,108.0,1522.0,59.0,11.0,30.66,31.0,-1.0,14.1,14.5
186.646,88,108.0,1522.0,59.0,11.0,30.66,31.0,-1.0,14.1,14.5
186.737,88,108.0,1522.0,59.0,10.0,30.66,31.0,-1.0,14.1,14.5
186.826,88,108.0,1522.0,59.0,10.0,25.49,31.0,-1.0,14.1,14.5
186.916,88,108.0,1522.0,59.0,10.0,25.49,83.5,-1.0,14.1,14.5
187.006,88,108.0,1522.0,59.0,10.0,25.49,83.5,-1.0,14.1,14.5
187.096,88,108.0,1522.0,59.0,10.0,25.49,83.5,-1.0,14.1,14.5
187.186,88,108.0,1522.0,59.0,10.0,25.49,83.5,-1.0,14.1,14.5
187.276,88,108.0,1522.0,59.0,10.0,25.49,83.5,-1.0,14.1,14.5
187.366,88,113.0,1522.0,59.0,10.0,25.49,83.5,-1.0,14.1,14.5
187.456,88,113.0,1523.0,59.0,10.0,25.49,83.5,-1.0,14.1,14.5
187.546,88,113.0,1523.0,59.0,10.0,25.49,83.5,-1.0,14.1,14.5
187.636,88,113.0,1523.0,59.0,8.0,25.49,83.5,-1.0,14.1,14.5
187.727,88,113.0,1523.0,59.0,8.0,26.83,83.5,-1.0,14.1,14.5
187.816,88,113.0,1523.0,59.0,8.0,26.83,83.5,-1.0,14.1,14.5
187.906,88,113.0,1523.0,59.0,8.0,26.83,83.5,-1.0,14.1,14.5
187.996,88,113.0,1523.0,59.0,8.0,26.83,83.5,-1.0,14.1,14.5
188.116,88,113.0,1523.0,59.0,8.0,26.83,83.5,-1.0,14.1,14.5
188.206,88,113.0,1523.0,59.0,8.0,26.83,83.5,-1.0,14.1,14.5
188.296,88,115.0,1523.0,59.0,8.0,26.83,83.5,-1.0,14.1,14.5
188.386,88,115.0,1515.0,59.0,8.0,26.83,83.5,-1.0,14.1,14.5
188.476,88,115.0,1515.0,59.0,8.0,26.83,83.5,-1.0,14.1,14.5
188.566,88,115.0,1515.0,59.0,8.0,26.83,83.5,-1.0,14.1,14.5
188.656,88,115.0,1515.0,59.0,8.0,27.22,83.5,-1.0,14.1,14.5
188.746,88,115.0,1515.0,59.0,8.0,27.22,83.5,-1.0,14.1,14.5
188.836,88,115.0,1515.0,59.0,8.0,27.22,83.5,-1.0,14.1,14.5
188.926,88,115.0,1515.0,59.0,8.0,27.22,83.5,-1.0,14.1,14.5
189.016,88,115.0,1515.0,59.0,8.0,27.22,83.5,-1.0,14.1,14.5
189.106,88,115.0,1515.0,59.0,8.0,27.22,83.5,-1.0,14.1,14.5
189.196,88,115.0,1515.0,59.0,8.0,27.22,83.5,-1.0,14.1,14.5
189.286,88,115.0,1509.0,59.0,8.0,27.22,83.5,-1.0,14.1,14.5
189.376,88,115.0,1509.0,59.0,8.0,27.22,83.5,-1.0,14.1,14.5
189.466,88,115.0,1509.0,59.0,8.0,27.22,83.5,-1.0,14.1,14.5
189.556,88,115.0,1509.0,59.0,8.0,27.22,83.5,-1.0,14.1,14.5
189.646,88,115.0,1509.0,59.0,8.0,27.22,83.5,-1.0,14.1,14.5
189.736,88,115.0,1509.0,59.0,8.0,27.22,83.5,-1.0,14.1,14.5
189.825,88,115.0,1509.0,59.0,8.0,27.22,83.5,-1.0,14.1,14.5
189.916,88,115.0,1509.0,59.0,8.0,27.22,83.5,-1.0,14.1,14.5
190.006,88,115.0,1509.0,59.0,8.0,27.22,83.5,-1.0,14.1,14.5
190.097,88,115.0,1509.0,59.0,8.0,27.22,83.5,-1.0,14.1,14.5
190.186,88,115.0,1495.0,59.0,8.0,27.22,83.5,-1.0,14.1,14.5
190.276,88,115.0,1495.0,58.0,8.0,27.22,83.5,-1.0,14.1,14.5
190.366,88,115.0,1495.0,58.0,8.0,27.22,83.5,-1.0,14.1,14.5
190.456,88,115.0,1495.0,58.0,8.0,26.58,83.5,-1.0,14.1,14.5
190.546,88,115.0,1495.0,58.0,8.0,26.58,83.5,-1.0,14.1,14.5
190.636,88,115.0,1495.0,58.0,8.0,26.58,83.5,-1.0,14.1,14.5
190.726,88,115.0,1495.0,58.0,8.0,26.58,83.5,-1.0,14.1,14.5
190.816,88,115.0,1495.0,58.0,8.0,26.58,83.5,-1.0,14.1,14.5
190.906,88,115.0,1495.0,58.0,8.0,26.58,83.5,-1.0,14.1,14.5
190.996,88,114.0,1495.0,58.0,8.0,26.58,83.5,-1.0,14.1,14.5
191.086,88,114.0,1467.0,58.0,8.0,26.58,83.5,-1.0,14.1,14.5
191.177,88,114.0,1467.0,57.0,8.0,26.58,83.5,-1.0,14.1,14.5
191.266,88,114.0,1467.0,57.0,8.0,26.58,83.5,-1.0,14.1,14.5
191.356,88,114.0,1467.0,57.0,8.0,26.11,83.5,-1.0,14.1,14.5
191.446,88,114.0,1467.0,57.0,8.0,26.11,83.5,-1.0,14.1,14.5
191.536,88,114.0,1467.0,57.0,8.0,26.11,83.5,-1.0,14.1,14.5
191.626,88,114.0,1467.0,57.0,8.0,26.11,83.5,-1.0,14.1,14.5
191.717,88,114.0,1467.0,57.0,8.0,26.11,83.5,-1.0,14.1,14.5
191.805,88,114.0,1467.0,57.0,8.0,26.11,83.5,-1.0,14.1,14.5
191.896,88,113.0,1467.0,57.0,8.0,26.11,83.5,-1.0,14.1,14.5
191.986,88,113.0,1456.0,57.0,8.0,26.11,83.5,-1.0,14.1,14.5
192.076,88,113.0,1456.0,56.0,8.0,26.11,83.5,-1.0,14.1,14.5
192.166,88,113.0,1456.0,56.0,8.0,26.11,83.5,-1.0,14.1,14.5
192.256,88,113.0,1456.0,56.0,8.0,25.41,83.5,-1.0,14.1,14.5
192.346,88,113.0,1456.0,56.0,8.0,25.41,83.5,-1.0,14.1,14.5
192.436,88,113.0,1456.0,56.0,8.0,25.41,83.5,-1.0,14.1,14.5
192.526,88,113.0,1456.0,56.0,8.0,25.41,83.5,-1.0,14.1,14.5
192.617,88,113.0,1456.0,56.0,8.0,25.41,83.5,-1.0,14.1,14.5
192.706,89,113.0,1456.0,56.0,8.0,25.41,83.5,-1.0,14.1,14.5
192.796,89,112.0,1456.0,56.0,8.0,25.41,83.5,-1.0,14.1,14.5
192.886,89,112.0,1303.0,56.0,8.0,25.41,83.5,-1.0,14.1,14.5
192.976,89,112.0,1303.0,56.0,8.0,25.41,83.5,-1.0,14.1,14.5
193.066,89,112.0,1303.0,56.0,7.0,25.41,83.5,-1.0,14.1,14.5
193.156,89,112.0,1303.0,56.0,7.0,17.74,83.5,-1.0,14.1,14.5
193.246,89,112.0,1303.0,56.0,7.0,17.74,83.5,-1.0,14.1,14.5
193.337,89,112.0,1303.0,56.0,7.0,17.74,83.5,-1.0,14.1,14.5
193.426,89,112.0,1303.0,56.0,7.0,17.74,83.5,-1.0,14.1,14.5
193.517,89,112.0,1303.0,56.0,7.0,17.74,83.5,-1.0,14.1,14.5
193.606,89,112.0,1303.0,56.0,7.0,17.74,83.5,-1.0,14.1,14.5
193.696,89,106.0,1303.0,56.0,7.0,17.74,83.5,-1.0,14.1,14.5
193.786,89,106.0,1216.0,56.0,7.0,17.74,83.5,-1.0,14.1,14.5
193.876,89,106.0,1216.0,55.0,7.0,17.74,83.5,-1.0,14.1,14.5
193.966,89,106.0,1216.0,55.0,6.0,17.74,83.5,-1.0,14.1,14.5
194.056,89,106.0,1216.0,55.0,6.0,14.58,83.5,-1.0,14.1,14.5
194.146,89,106.0,1216.0,55.0,6.0,14.58,83.5,-1.0,14.1,14.5
194.237,89,106.0,1216.0,55.0,6.0,14.58,83.5,-1.0,14.1,14.5
194.326,89,106.0,1216.0,55.0,6.0,14.58,83.5,-1.0,14.1,14.5
194.416,89,106.0,1216.0,55.0,6.0,14.58,83.5,-1.0,14.1,14.5
194.506,89,106.0,1216.0,55.0,6.0,14.58,83.5,-1.0,14.1,14.5
194.596,89,110.0,1216.0,55.0,6.0,14.58,83.5,-1.0,14.1,14.5
194.687,89,110.0,1964.0,55.0,6.0,14.58,83.5,-1.0,14.1,14.5
194.776,89,110.0,1964.0,52.0,6.0,14.58,83.5,-1.0,14.1,14.5
194.866,89,110.0,1964.0,52.0,3.0,14.58,83.5,-1.0,14.1,14.5
194.956,89,110.0,1964.0,52.0,3.0,35.05,83.5,-1.0,14.1,14.5
195.046,89,110.0,1964.0,52.0,3.0,35.05,83.5,-1.0,14.1,14.5
195.136,89,110.0,1964.0,52.0,3.0,35.05,83.5,-1.0,14.1,14.5
195.226,89,110.0,1964.0,52.0,3.0,35.05,83.5,-1.0,14.1,14.5
195.316,89,110.0,1964.0,52.0,3.0,35.05,83.5,-1.0,14.1,14.5
195.406,89,110.0,1964.0,52.0,3.0,35.05,83.5,-1.0,14.1,14.5
195.496,89,120.0,1964.0,52.0,3.0,35.05,83.5,-1.0,14.1,14.5
195.586,89,120.0,1909.0,52.0,3.0,35.05,83.5,-1.0,14.1,14.5
195.676,89,120.0,1909.0,51.0,3.0,35.05,83.5,-1.0,14.1,14.5
195.789,89,120.0,1909.0,51.0,8.0,35.05,83.5,-1.0,14.1,14.5
195.886,89,120.0,1909.0,51.0,8.0,36.44,83.5,-1.0,14.1,14.5
195.976,89,120.0,1909.0,51.0,8.0,36.44,83.5,-1.0,14.1,14.5
196.066,89,120.0,1909.0,51.0,8.0,36.44,83.5,-1.0,14.1,14.5
196.156,89,120.0,1909.0,51.0,8.0,36.44,83.5,-1.0,20.4,14.5
196.246,89,120.0,1909.0,51.0,8.0,36.44,83.5,-1.0,20.4,22.0
196.336,89,120.0,1909.0,51.0,8.0,36.44,83.5,-1.0,20.4,22.0
196.426,89,121.0,1909.0,51.0,8.0,36.44,83.5,-1.0,20.4,22.0
196.516,89,121.0,1908.0,51.0,8.0,36.44,83.5,-1.0,20.4,22.0
196.607,89,121.0,1908.0,51.0,8.0,36.44,83.5,-1.0,20.4,22.0
196.696,89,121.0,1908.0,51.0,9.0,36.44,83.5,-1.0,20.4,22.0
196.786,89,121.0,1908.0,51.0,9.0,17.69,83.5,-1.0,20.4,22.0
196.876,89,121.0,1908.0,51.0,9.0,17.69,83.5,-1.0,20.4,22.0
196.966,89,121.0,1908.0,51.0,9.0,17.69,83.5,-1.0,20.4,22.0
197.056,89,121.0,1908.0,51.0,9.0,17.69,83.5,-1.0,38.4,22.0
197.118,89,121.0,1908.0,51.0,9.0,17.69,83.5,-1.0,38.4,40.8
197.206,89,121.0,1908.0,51.0,9.0,17.69,83.5,-1.0,38.4,40.8
197.296,89,122.0,1908.0,51.0,9.0,17.69,83.5,-1.0,38.4,40.8
197.387,89,122.0,1972.0,51.0,9.0,17.69,83.5,-1.0,38.4,40.8
197.476,89,122.0,1972.0,53.0,9.0,17.69,83.5,-1.0,38.4,40.8
197.567,89,122.0,1972.0,53.0,8.0,17.69,83.5,-1.0,38.4,40.8
197.656,89,122.0,1972.0,53.0,8.0,30.41,83.5,-1.0,38.4,40.8
197.746,89,122.0,1972.0,53.0,8.0,30.41,83.5,-1.0,38.4,40.8
197.836,89,122.0,1972.0,53.0,8.0,30.41,83.5,-1.0,38.4,40.8
197.926,89,122.0,1972.0,53.0,8.0,30.41,83.5,-1.0,49.4,40.8
198.016,89,122.0,1972.0,53.0,8.0,30.41,83.5,-1.0,49.4,50.6
198.106,89,122.0,1972.0,53.0,8.0,30.41,83.5,-1.0,49.4,50.6
198.199,89,180.0,1972.0,53.0,8.0,30.41,83.5,-1.0,49.4,50.6
198.286,89,180.0,2121.0,53.0,8.0,30.41,83.5,-1.0,49.4,50.6
198.376,89,180.0,2121.0,57.0,8.0,30.41,83.5,-1.0,49.4,50.6
198.466,89,180.0,2121.0,57.0,7.0,30.41,83.5,-1.0,49.4,50.6
198.556,89,180.0,2121.0,57.0,7.0,52.33,83.5,-1.0,49.4,50.6
198.618,89,180.0,2121.0,57.0,7.0,52.33,83.5,-1.0,49.4,50.6
198.706,89,180.0,2121.0,57.0,7.0,52.33,83.5,-1.0,49.4,50.6
198.767,89,180.0,2121.0,57.0,7.0,52.33,83.5,-1.0,52.2,50.6
198.855,89,180.0,2121.0,57.0,7.0,52.33,83.5,-1.0,52.2,52.9
198.946,89,180.0,2121.0,57.0,7.0,52.33,83.5,-1.0,52.2,52.9
199.036,89,204.0,2121.0,57.0,7.0,52.33,83.5,-1.0,52.2,52.9
199.126,89,204.0,2309.0,57.0,7.0,52.33,83.5,-1.0,52.2,52.9
199.216,89,204.0,2309.0,62.0,7.0,52.33,83.5,-1.0,52.2,52.9
199.306,89,204.0,2309.0,62.0,10.0,52.33,83.5,-1.0,52.2,52.9
199.396,89,204.0,2309.0,62.0,10.0,78.05,83.5,-1.0,52.2,52.9
199.486,89,204.0,2309.0,62.0,10.0,78.05,83.5,-1.0,52.2,52.9
199.576,89,204.0,2309.0,62.0,10.0,78.05,83.5,-1.0,52.2,52.9
199.666,89,204.0,2309.0,62.0,10.0,78.05,83.5,-1.0,59.2,52.9
199.756,89,204.0,2309.0,62.0,10.0,78.05,83.5,-1.0,59.2,59.6
199.846,89,204.0,2309.0,62.0,10.0,78.05,83.5,-1.0,59.2,59.6
199.936,89,220.0,2309.0,62.0,10.0,78.05,83.5,-1.0,59.2,59.6
200.026,89,220.0,2585.0,62.0,10.0,78.05,83.5,-1.0,59.2,59.6
200.116,89,220.0,2585.0,70.0,10.0,78.05,83.5,-1.0,59.2,59.6
200.206,89,220.0,2585.0,70.0,11.0,78.05,83.5,-1.0,59.2,59.6
200.296,89,220.0,2585.0,70.0,11.0,90.24,83.5,-1.0,59.2,59.6
200.386,89,220.0,2585.0,70.0,11.0,90.24,83.5,-1.0,59.2,59.6
200.476,89,220.0,2585.0,70.0,11.0,90.24,83.5,-1.0,59.2,59.6
200.566,89,220.0,2585.0,70.0,11.0,90.24,83.5,-1.0,58.4,59.6
200.656,89,220.0,2585.0,70.0,11.0,90.24,83.5,-1.0,58.4,59.2
200.746,89,220.0,2585.0,70.0,11.0,90.24,83.5,-1.0,58.4,59.2
200.835,89,214.0,2585.0,70.0,11.0,90.24,83.5,-1.0,58.4,59.2
200.926,89,214.0,2887.0,70.0,11.0,90.24,83.5,-1.0,58.4,59.2
201.016,89,214.0,2887.0,78.0,11.0,90.24,83.5,-1.0,58.4,59.2
201.106,89,214.0,2887.0,78.0,11.0,90.24,83.5,-1.0,58.4,59.2
201.196,89,214.0,2887.0,78.0,11.0,99.55,83.5,-1.0,58.4,59.2
201.286,89,214.0,2887.0,78.0,11.0,99.55,83.5,-1.0,58.4,59.2
201.376,89,214.0,2887.0,78.0,11.0,99.55,83.5,-1.0,58.4,59.2
201.466,89,214.0,2887.0,78.0,11.0,99.55,83.5,-1.0,14.1,59.2
201.556,89,214.0,2887.0,78.0,11.0,99.55,83.5,-1.0,14.1,14.5
201.646,89,214.0,2887.0,78.0,11.0,99.55,83.5,-1.0,14.1,14.5
201.736,89,99.0,2887.0,78.0,11.0,99.55,83.5,-1.0,14.1,14.5
201.825,89,99.0,2376.0,78.0,11.0,99.55,83.5,-1.0,14.1,14.5
201.916,89,99.0,2376.0,80.0,11.0,99.55,83.5,-1.0,14.1,14.5
202.006,89,99.0,2376.0,80.0,8.0,99.55,83.5,-1.0,14.1,14.5
202.097,89,99.0,2376.0,80.0,8.0,34.27,83.5,-1.0,14.1,14.5
202.186,89,99.0,2376.0,80.0,8.0,34.27,71.4,-1.0,14.1,14.5
202.276,89,99.0,2376.0,80.0,8.0,34.27,71.4,-1.0,14.1,14.5
202.366,89,99.0,2376.0,80.0,8.0,34.27,71.4,-1.0,58.8,14.5
202.456,89,99.0,2376.0,80.0,8.0,34.27,71.4,-1.0,58.8,63.1
202.547,89,99.0,2376.0,80.0,8.0,34.27,71.4,-1.0,58.8,63.1
202.608,89,168.0,2376.0,80.0,8.0,34.27,71.4,-1.0,58.8,63.1
202.696,89,168.0,2152.0,80.0,8.0,34.27,71.4,-1.0,58.8,63.1
202.786,89,168.0,2152.0,84.0,8.0,34.27,71.4,-1.0,58.8,63.1
202.875,89,168.0,2152.0,84.0,7.0,34.27,71.4,-1.0,58.8,63.1
202.966,89,168.0,2152.0,84.0,7.0,73.8,71.4,-1.0,58.8,63.1
203.056,89,168.0,2152.0,84.0,7.0,73.8,83.5,-1.0,58.8,63.1
203.146,89,168.0,2152.0,84.0,7.0,73.8,83.5,-1.0,58.8,63.1
203.236,89,168.0,2152.0,84.0,7.0,73.8,83.5,-1.0,63.9,63.1
203.326,89,168.0,2152.0,84.0,7.0,73.8,83.5,-1.0,63.9,64.3
203.416,89,168.0,2152.0,84.0,7.0,73.8,83.5,-1.0,63.9,64.3
203.506,89,226.0,2152.0,84.0,7.0,73.8,83.5,-1.0,63.9,64.3
203.596,89,226.0,2314.0,84.0,7.0,73.8,83.5,-1.0,63.9,64.3
203.686,89,226.0,2314.0,90.0,7.0,73.8,83.5,-1.0,63.9,64.3
203.776,89,226.0,2314.0,90.0,8.0,73.8,83.5,-1.0,63.9,64.3
203.865,89,226.0,2314.0,90.0,8.0,85.3,83.5,-1.0,63.9,64.3
203.956,89,226.0,2314.0,90.0,8.0,85.3,83.5,-1.0,63.9,64.3
204.046,89,226.0,2314.0,90.0,8.0,85.3,83.5,-1.0,63.9,64.3
204.136,89,226.0,2314.0,90.0,8.0,85.3,83.5,-1.0,63.9,64.3
204.226,89,226.0,2314.0,90.0,8.0,85.3,83.5,-1.0,63.9,64.3
204.316,89,226.0,2314.0,90.0,8.0,85.3,83.5,-1.0,63.9,64.3
204.405,89,226.0,2314.0,90.0,8.0,85.3,83.5,-1.0,63.9,64.3
204.495,89,226.0,2479.0,90.0,8.0,85.3,83.5,-1.0,63.9,64.3
204.615,89,226.0,2479.0,97.0,8.0,85.3,83.5,-1.0,63.9,64.3
204.706,89,226.0,2479.0,97.0,8.0,85.3,83.5,-1.0,63.9,64.3
204.795,89,226.0,2479.0,97.0,8.0,89.19,83.5,-1.0,63.9,64.3
204.886,89,226.0,2479.0,97.0,8.0,89.19,83.5,-1.0,63.9,64.3
204.975,89,226.0,2479.0,97.0,8.0,89.19,83.5,-1.0,63.9,64.3
205.066,89,226.0,2479.0,97.0,8.0,89.19,83.5,-1.0,62.0,64.3
205.156,89,226.0,2479.0,97.0,8.0,89.19,83.5,-1.0,62.0,61.2
205.246,89,226.0,2479.0,97.0,8.0,89.19,83.5,-1.0,62.0,61.2
205.336,89,222.0,2479.0,97.0,8.0,89.19,83.5,-1.0,62.0,61.2
205.426,89,222.0,2619.0,97.0,8.0,89.19,83.5,-1.0,62.0,61.2
205.516,89,222.0,2619.0,103.0,8.0,89.19,83.5,-1.0,62.0,61.2
205.614,89,222.0,2619.0,103.0,8.0,89.19,83.5,-1.0,62.0,61.2
205.696,89,222.0,2619.0,103.0,8.0,39.24,83.5,-1.0,62.0,61.2
205.757,89,222.0,2619.0,103.0,8.0,39.24,83.5,-1.0,62.0,61.2
205.846,89,222.0,2619.0,103.0,8.0,39.24,83.5,-1.0,62.0,61.2
205.936,89,222.0,2619.0,103.0,8.0,39.24,83.5,-1.0,19.6,61.2
206.026,89,222.0,2619.0,103.0,8.0,39.24,83.5,-1.0,19.6,34.5
206.116,89,222.0,2619.0,103.0,8.0,39.24,83.5,-1.0,19.6,34.5
206.206,89,136.0,2619.0,103.0,8.0,39.24,83.5,-1.0,19.6,34.5
206.299,89,136.0,2082.0,103.0,8.0,39.24,83.5,-1.0,19.6,34.5
206.386,89,136.0,2082.0,103.0,8.0,39.24,83.5,-1.0,19.6,34.5
206.476,89,136.0,2082.0,103.0,5.0,39.24,83.5,-1.0,19.6,34.5
206.566,89,136.0,2082.0,103.0,5.0,54.77,83.5,-1.0,19.6,34.5
206.656,89,136.0,2082.0,103.0,5.0,54.77,83.5,-1.0,19.6,34.5
206.746,89,136.0,2082.0,103.0,5.0,54.77,83.5,-1.0,19.6,34.5
206.835,89,136.0,2082.0,103.0,5.0,54.77,83.5,-1.0,69.4,34.5
206.926,89,136.0,2082.0,103.0,5.0,54.77,83.5,-1.0,69.4,69.4
207.016,89,136.0,2082.0,103.0,5.0,54.77,83.5,-1.0,69.4,69.4
207.107,89,232.0,2082.0,103.0,5.0,54.77,83.5,-1.0,69.4,69.4
207.197,89,232.0,2159.0,103.0,5.0,54.77,83.5,-1.0,69.4,69.4
207.286,89,232.0,2159.0,107.0,5.0,54.77,83.5,-1.0,69.4,69.4
207.376,89,232.0,2159.0,107.0,5.0,54.77,83.5,-1.0,69.4,69.4
207.466,89,232.0,2159.0,107.0,5.0,76.72,83.5,-1.0,69.4,69.4
207.556,89,232.0,2159.0,107.0,5.0,76.72,83.5,-1.0,69.4,69.4
207.646,89,232.0,2159.0,107.0,5.0,76.72,83.5,-1.0,69.4,69.4
207.736,89,232.0,2159.0,107.0,5.0,76.72,83.5,-1.0,65.9,69.4
207.825,89,232.0,2159.0,107.0,5.0,76.72,83.5,-1.0,65.9,61.6
207.916,89,232.0,2159.0,107.0,5.0,76.72,83.5,-1.0,65.9,61.6
208.006,89,225.0,2159.0,107.0,5.0,76.72,83.5,-1.0,65.9,61.6
208.099,89,225.0,2174.0,107.0,5.0,76.72,83.5,-1.0,65.9,61.6
208.158,89,225.0,2174.0,111.0,5.0,76.72,83.5,-1.0,65.9,61.6
208.246,89,225.0,2174.0,111.0,7.0,76.72,83.5,-1.0,65.9,61.6
208.336,89,225.0,2174.0,111.0,7.0,28.66,83.5,-1.0,65.9,61.6
208.426,89,225.0,2174.0,111.0,7.0,28.66,83.5,-1.0,65.9,61.6
208.516,89,225.0,2174.0,111.0,7.0,28.66,83.5,-1.0,65.9,61.6
208.606,89,225.0,2174.0,111.0,7.0,28.66,83.5,-1.0,34.1,61.6
208.696,89,225.0,2174.0,111.0,7.0,28.66,83.5,-1.0,34.1,42.7
208.787,90,225.0,2174.0,111.0,7.0,28.66,83.5,-1.0,34.1,42.7
208.875,90,130.0,2174.0,111.0,7.0,28.66,83.5,-1.0,34.1,42.7
208.966,90,130.0,1881.0,111.0,7.0,28.66,83.5,-1.0,34.1,42.7
209.056,90,130.0,1881.0,111.0,7.0,28.66,83.5,-1.0,34.1,42.7
209.146,90,130.0,1881.0,111.0,4.0,28.66,83.5,-1.0,34.1,42.7
209.236,90,130.0,1881.0,111.0,4.0,47.41,83.5,-1.0,34.1,42.7
209.326,90,130.0,1881.0,111.0,4.0,47.41,83.5,-1.0,34.1,42.7
209.416,90,130.0,1881.0,111.0,4.0,47.41,83.5,-1.0,34.1,42.7
209.506,90,130.0,1881.0,111.0,4.0,47.41,83.5,-1.0,57.6,42.7
209.597,90,130.0,1881.0,111.0,4.0,47.41,83.5,-1.0,57.6,57.3
209.687,90,130.0,1881.0,111.0,4.0,47.41,83.5,-1.0,57.6,57.3
209.776,90,224.0,1881.0,111.0,4.0,47.41,83.5,-1.0,57.6,57.3
209.866,90,224.0,1921.0,111.0,4.0,47.41,83.5,-1.0,57.6,57.3
209.956,90,224.0,1921.0,114.0,4.0,47.41,83.5,-1.0,57.6,57.3
210.046,90,224.0,1921.0,114.0,4.0,47.41,83.5,-1.0,57.6,57.3
210.107,90,224.0,1921.0,114.0,4.0,31.61,83.5,-1.0,57.6,57.3
210.196,90,224.0,1921.0,114.0,4.0,31.61,83.5,-1.0,57.6,57.3
210.286,90,224.0,1921.0,114.0,4.0,31.61,83.5,-1.0,57.6,57.3
210.376,90,224.0,1921.0,114.0,4.0,31.61,83.5,-1.0,14.1,57.3
210.466,90,224.0,1921.0,114.0,4.0,31.61,83.5,-1.0,14.1,14.5
210.556,90,224.0,1921.0,114.0,4.0,31.61,83.5,-1.0,14.1,14.5
210.645,90,119.0,1921.0,114.0,4.0,31.61,83.5,-1.0,14.1,14.5
210.736,90,119.0,1922.0,114.0,4.0,31.61,83.5,-1.0,14.1,14.5
210.825,90,119.0,1922.0,114.0,4.0,31.61,83.5,-1.0,14.1,14.5
210.916,90,119.0,1922.0,114.0,5.0,31.61,83.5,-1.0,14.1,14.5
211.006,90,119.0,1922.0,114.0,5.0,18.13,83.5,-1.0,14.1,14.5
211.096,90,119.0,1922.0,114.0,5.0,18.13,83.5,-1.0,14.1,14.5
211.186,90,119.0,1922.0,114.0,5.0,18.13,83.5,-1.0,14.1,14.5
211.276,90,119.0,1922.0,114.0,5.0,18.13,83.5,-1.0,14.1,14.5
211.366,90,119.0,1922.0,114.0,5.0,18.13,83.5,-1.0,14.1,14.5
211.456,90,119.0,1922.0,114.0,5.0,18.13,83.5,-1.0,14.1,14.5
211.546,90,114.0,1922.0,114.0,5.0,18.13,83.5,-1.0,14.1,14.5
211.636,90,114.0,1924.0,114.0,5.0,18.13,83.5,-1.0,14.1,14.5
211.726,90,114.0,1924.0,114.0,5.0,18.13,83.5,-1.0,14.1,14.5
211.815,90,114.0,1924.0,114.0,2.0,18.13,83.5,-1.0,14.1,14.5
211.906,90,114.0,1924.0,114.0,2.0,20.38,83.5,-1.0,14.1,14.5
211.996,90,114.0,1924.0,114.0,2.0,20.38,83.5,-1.0,14.1,14.5
212.057,90,114.0,1924.0,114.0,2.0,20.38,83.5,0.0,14.1,14.5
212.146,90,114.0,1924.0,114.0,2.0,20.38,83.5,0.0,14.1,14.5
212.236,90,114.0,1924.0,114.0,2.0,20.38,83.5,0.0,14.1,14.5
212.326,90,114.0,1924.0,114.0,2.0,20.38,83.5,0.0,14.1,14.5
212.416,90,125.0,1924.0,114.0,2.0,20.38,83.5,0.0,14.1,14.5
212.506,90,125.0,1929.0,114.0,2.0,20.38,83.5,0.0,14.1,14.5
212.596,90,125.0,1929.0,114.0,2.0,20.38,83.5,0.0,14.1,14.5
212.686,90,125.0,1929.0,114.0,2.0,20.38,83.5,0.0,14.1,14.5
212.806,90,125.0,1929.0,114.0,2.0,20.52,83.5,0.0,14.1,14.5
212.896,90,125.0,1929.0,114.0,2.0,20.52,83.5,0.0,14.1,14.5
212.956,90,125.0,1929.0,114.0,2.0,20.52,83.5,0.0,14.1,14.5
213.046,90,125.0,1929.0,114.0,2.0,20.52,83.5,0.0,14.1,14.5
213.136,90,125.0,1929.0,114.0,2.0,20.52,83.5,0.0,14.1,14.5
213.226,90,125.0,1929.0,114.0,2.0,20.52,83.5,0.0,14.1,14.5
213.316,90,124.0,1929.0,114.0,2.0,20.52,83.5,0.0,14.1,14.5
213.406,90,124.0,1933.0,114.0,2.0,20.52,83.5,0.0,14.1,14.5
213.496,90,124.0,1933.0,114.0,2.0,20.52,83.5,0.0,14.1,14.5
213.586,90,124.0,1933.0,114.0,3.0,20.52,83.5,0.0,14.1,14.5
213.676,90,124.0,1933.0,114.0,3.0,20.86,83.5,0.0,14.1,14.5
213.766,90,124.0,1933.0,114.0,3.0,20.86,83.5,0.0,14.1,14.5
213.855,90,124.0,1933.0,114.0,3.0,20.86,83.5,0.0,14.1,14.5
213.946,90,124.0,1933.0,114.0,3.0,20.86,83.5,0.0,14.1,14.5
214.008,90,124.0,1933.0,114.0,3.0,20.86,83.5,0.0,14.1,14.5
214.096,90,124.0,1933.0,114.0,3.0,20.86,83.5,0.0,14.1,14.5
214.158,90,124.0,1933.0,114.0,3.0,20.86,83.5,0.0,14.1,14.5
214.246,90,124.0,1933.0,114.0,3.0,20.86,83.5,0.0,14.1,14.5
214.335,90,124.0,1933.0,115.0,3.0,20.86,83.5,0.0,14.1,14.5
214.425,90,124.0,1933.0,115.0,3.0,20.86,83.5,0.0,14.1,14.5
214.515,90,124.0,1933.0,115.0,3.0,20.49,83.5,0.0,14.1,14.5
214.606,90,124.0,1933.0,115.0,3.0,20.49,83.5,0.0,14.1,14.5
214.696,90,124.0,1933.0,115.0,3.0,20.49,83.5,0.0,14.1,14.5
214.786,90,124.0,1933.0,115.0,3.0,20.49,83.5,0.0,14.1,14.5
214.876,90,124.0,1933.0,115.0,3.0,20.49,83.5,0.0,14.1,14.5
214.966,90,124.0,1933.0,115.0,3.0,20.49,83.5,0.0,14.1,14.5
215.056,90,122.0,1933.0,115.0,3.0,20.49,83.5,0.0,14.1,14.5
215.146,90,122.0,1937.0,115.0,3.0,20.49,83.5,0.0,14.1,14.5
215.209,90,122.0,1937.0,115.0,3.0,20.49,83.5,0.0,14.1,14.5
215.326,90,122.0,1937.0,115.0,4.0,20.49,83.5,0.0,14.1,14.5
215.416,90,122.0,1937.0,115.0,4.0,19.88,83.5,0.0,14.1,14.5
215.506,90,122.0,1937.0,115.0,4.0,19.88,83.5,0.0,14.1,14.5
215.596,90,122.0,1937.0,115.0,4.0,19.88,83.5,0.0,14.1,14.5
215.657,90,122.0,1937.0,115.0,4.0,19.88,83.5,0.0,14.1,14.5
215.746,90,122.0,1937.0,115.0,4.0,19.88,83.5,0.0,14.1,14.5
215.836,90,122.0,1937.0,115.0,4.0,19.88,83.5,0.0,14.1,14.5
215.926,90,122.0,1937.0,115.0,4.0,19.88,83.5,0.0,14.1,14.5
216.016,90,122.0,1935.0,115.0,4.0,19.88,83.5,0.0,14.1,14.5
216.106,90,122.0,1935.0,115.0,4.0,19.88,83.5,0.0,14.1,14.5
216.196,90,122.0,1935.0,115.0,4.0,19.88,83.5,0.0,14.1,14.5
216.286,90,122.0,1935.0,115.0,4.0,20.08,83.5,0.0,14.1,14.5
216.376,90,122.0,1935.0,115.0,4.0,20.08,83.5,0.0,14.1,14.5
216.466,90,122.0,1935.0,115.0,4.0,20.08,83.5,0.0,14.1,14.5
216.556,90,122.0,1935.0,115.0,4.0,20.08,83.5,0.0,14.1,14.5
216.646,90,122.0,1935.0,115.0,4.0,20.08,83.5,0.0,14.1,14.1
216.736,90,122.0,1935.0,115.0,4.0,20.08,83.5,0.0,14.1,14.1
216.799,90,122.0,1935.0,115.0,4.0,20.08,83.5,0.0,14.1,14.1
216.857,90,122.0,1937.0,115.0,4.0,20.08,83.5,0.0,14.1,14.1
216.946,90,122.0,1937.0,115.0,4.0,20.08,83.5,0.0,14.1,14.1
217.036,90,122.0,1937.0,115.0,4.0,20.08,83.5,0.0,14.1,14.1
217.126,90,122.0,1937.0,115.0,4.0,20.44,83.5,0.0,14.1,14.1
217.216,90,122.0,1937.0,115.0,4.0,20.44,83.5,0.0,14.1,14.1
217.306,90,122.0,1937.0,115.0,4.0,20.44,83.5,0.0,14.1,14.1
217.396,90,122.0,1937.0,115.0,4.0,20.44,83.5,0.0,14.1,14.1
217.486,90,122.0,1937.0,115.0,4.0,20.44,83.5,0.0,14.1,14.5
217.576,90,122.0,1937.0,115.0,4.0,20.44,83.5,0.0,14.1,14.5
217.666,90,123.0,1937.0,115.0,4.0,20.44,83.5,0.0,14.1,14.5
217.756,90,123.0,1935.0,115.0,4.0,20.44,83.5,0.0,14.1,14.5
217.845,90,123.0,1935.0,115.0,4.0,20.44,83.5,0.0,14.1,14.5
217.906,90,123.0,1935.0,115.0,5.0,20.44,83.5,0.0,14.1,14.5
217.996,90,123.0,1935.0,115.0,5.0,21.38,83.5,0.0,14.1,14.5
218.057,90,123.0,1935.0,115.0,5.0,21.38,83.5,0.0,14.1,14.5
218.146,90,123.0,1935.0,115.0,5.0,21.38,83.5,0.0,14.1,14.5
218.236,90,123.0,1935.0,115.0,5.0,21.38,83.5,0.0,14.1,14.5
218.326,90,123.0,1935.0,115.0,5.0,21.38,83.5,0.0,14.1,14.5
218.416,90,123.0,1935.0,115.0,5.0,21.38,83.5,0.0,14.1,14.5
218.506,90,126.0,1935.0,115.0,5.0,21.38,83.5,0.0,14.1,14.5
218.596,90,126.0,1939.0,115.0,5.0,21.38,83.5,0.0,14.1,14.5
218.686,90,126.0,1939.0,115.0,5.0,21.38,83.5,0.0,14.1,14.5
218.776,90,126.0,1939.0,115.0,5.0,21.38,83.5,0.0,14.1,14.5
218.865,90,126.0,1939.0,115.0,5.0,22.66,83.5,0.0,14.1,14.5
218.956,90,126.0,1939.0,115.0,5.0,22.66,83.5,0.0,14.1,14.5
219.046,90,126.0,1939.0,115.0,5.0,22.66,83.5,0.0,14.1,14.5
219.108,90,126.0,1939.0,115.0,5.0,22.66,83.5,0.0,14.1,14.5
219.196,90,126.0,1939.0,115.0,5.0,22.66,83.5,0.0,14.1,14.5
219.258,90,126.0,1939.0,115.0,5.0,22.66,83.5,0.0,14.1,14.5
219.346,90,127.0,1939.0,115.0,5.0,22.66,83.5,0.0,14.1,14.5
219.436,90,127.0,1941.0,115.0,5.0,22.66,83.5,0.0,14.1,14.5
219.526,90,127.0,1941.0,115.0,5.0,22.66,83.5,0.0,14.1,14.5
219.615,90,127.0,1941.0,115.0,5.0,22.66,83.5,0.0,14.1,14.5
219.706,90,127.0,1941.0,115.0,5.0,22.91,83.5,0.0,14.1,14.5
219.795,90,127.0,1941.0,115.0,5.0,22.91,83.5,0.0,14.1,14.5
219.857,90,127.0,1941.0,115.0,5.0,22.91,83.5,0.0,14.1,14.5
219.946,90,127.0,1941.0,115.0,5.0,22.91,83.5,0.0,14.1,14.5
220.008,90,127.0,1941.0,115.0,5.0,22.91,83.5,0.0,14.1,14.5
220.096,90,127.0,1941.0,115.0,5.0,22.91,83.5,0.0,14.1,14.5
220.158,90,127.0,1941.0,115.0,5.0,22.91,83.5,0.0,14.1,14.5
220.246,90,127.0,1940.0,115.0,5.0,22.91,83.5,0.0,14.1,14.5
220.311,90,127.0,1940.0,115.0,5.0,22.91,83.5,0.0,14.1,14.5
220.396,90,127.0,1940.0,115.0,6.0,22.91,83.5,0.0,14.1,14.5
220.458,90,127.0,1940.0,115.0,6.0,22.91,83.5,0.0,14.1,14.5
220.546,90,127.0,1940.0,115.0,6.0,22.91,83.5,0.0,14.1,14.5
220.636,90,127.0,1940.0,115.0,6.0,22.91,83.5,0.0,14.1,14.5
220.726,90,127.0,1940.0,115.0,6.0,22.91,83.5,0.0,14.1,14.5
220.815,90,127.0,1940.0,115.0,6.0,22.91,83.5,0.0,14.1,14.5
220.906,90,127.0,1940.0,115.0,6.0,22.91,83.5,0.0,14.1,14.5
220.996,90,127.0,1940.0,115.0,6.0,22.91,83.5,0.0,14.1,14.5
221.058,90,127.0,1943.0,115.0,6.0,22.91,83.5,0.0,14.1,14.5
221.148,90,127.0,1943.0,115.0,6.0,22.91,83.5,0.0,14.1,14.5
221.208,90,127.0,1943.0,115.0,6.0,22.91,83.5,0.0,14.1,14.5
221.296,90,127.0,1943.0,115.0,6.0,23.08,83.5,0.0,14.1,14.5
221.358,90,127.0,1943.0,115.0,6.0,23.08,83.5,0.0,14.1,14.5
221.446,90,127.0,1943.0,115.0,6.0,23.08,83.5,0.0,14.1,14.5
221.508,90,127.0,1943.0,115.0,6.0,23.08,83.5,0.0,14.1,14.5
221.596,90,127.0,1943.0,115.0,6.0,23.08,83.5,0.0,14.1,14.1
221.658,90,127.0,1943.0,115.0,6.0,23.08,83.5,0.0,14.1,14.1
221.746,90,128.0,1943.0,115.0,6.0,23.08,83.5,0.0,14.1,14.1
221.835,90,128.0,1943.0,115.0,6.0,23.08,83.5,0.0,14.1,14.1
221.926,90,128.0,1943.0,115.0,6.0,23.08,83.5,0.0,14.1,14.1
222.016,90,128.0,1943.0,115.0,6.0,23.08,83.5,0.0,14.1,14.1
222.106,90,128.0,1943.0,115.0,6.0,24.86,83.5,0.0,14.1,14.1
222.196,90,128.0,1943.0,115.0,6.0,24.86,83.5,0.0,14.1,14.1
222.257,90,128.0,1943.0,115.0,6.0,24.86,83.5,0.0,14.1,14.1
222.349,90,128.0,1943.0,115.0,6.0,24.86,83.5,0.0,14.1,14.1
222.408,90,128.0,1943.0,115.0,6.0,24.86,83.5,0.0,14.1,14.5
222.496,90,128.0,1943.0,115.0,6.0,24.86,83.5,0.0,14.1,14.5
222.558,90,132.0,1943.0,115.0,6.0,24.86,83.5,0.0,14.1,14.5
222.646,90,132.0,1947.0,115.0,6.0,24.86,83.5,0.0,14.1,14.5
222.708,90,132.0,1947.0,115.0,6.0,24.86,83.5,0.0,14.1,14.5
222.796,90,132.0,1947.0,115.0,6.0,24.86,83.5,0.0,14.1,14.5
222.856,90,132.0,1947.0,115.0,6.0,25.22,83.5,0.0,14.1,14.5
222.946,90,132.0,1947.0,115.0,6.0,25.22,83.5,0.0,14.1,14.5
223.007,90,132.0,1947.0,115.0,6.0,25.22,83.5,0.0,14.1,14.5
223.096,90,132.0,1947.0,115.0,6.0,25.22,83.5,0.0,14.1,14.5
223.157,90,132.0,1947.0,115.0,6.0,25.22,83.5,0.0,14.1,14.5
223.246,90,132.0,1947.0,115.0,6.0,25.22,83.5,0.0,14.1,14.5
223.307,90,135.0,1947.0,115.0,6.0,25.22,83.5,0.0,14.1,14.5
223.396,90,135.0,1951.0,115.0,6.0,25.22,83.5,0.0,14.1,14.5
223.458,90,135.0,1951.0,116.0,6.0,25.22,83.5,0.0,14.1,14.5
223.546,90,135.0,1951.0,116.0,7.0,25.22,83.5,0.0,14.1,14.5
223.608,90,135.0,1951.0,116.0,7.0,26.05,83.5,0.0,14.1,14.5
223.696,90,135.0,1951.0,116.0,7.0,26.05,83.5,0.0,14.1,14.5
223.785,90,135.0,1951.0,116.0,7.0,26.05,83.5,0.0,14.1,14.5
223.875,90,135.0,1951.0,116.0,7.0,26.05,83.5,0.0,14.1,14.5
223.966,90,135.0,1951.0,116.0,7.0,26.05,83.5,0.0,14.1,14.5
224.056,90,135.0,1951.0,116.0,7.0,26.05,83.5,0.0,14.1,14.5
224.146,90,138.0,1951.0,116.0,7.0,26.05,83.5,0.0,14.1,14.5
224.236,90,138.0,1956.0,116.0,7.0,26.05,83.5,0.0,14.1,14.5
224.298,90,138.0,1956.0,116.0,7.0,26.05,83.5,0.0,14.1,14.5
224.358,90,138.0,1956.0,116.0,7.0,26.05,83.5,0.0,14.1,14.5
224.446,90,138.0,1956.0,116.0,7.0,28.19,83.5,0.0,14.1,14.5
224.509,90,138.0,1956.0,116.0,7.0,28.19,83.5,0.0,14.1,14.5
224.596,90,138.0,1956.0,116.0,7.0,28.19,83.5,0.0,14.1,14.5
224.657,90,138.0,1956.0,116.0,7.0,28.19,83.5,0.0,14.1,14.5
224.746,90,138.0,1956.0,116.0,7.0,28.19,83.5,0.0,14.1,14.5
224.806,90,138.0,1956.0,116.0,7.0,28.19,83.5,0.0,14.1,14.5
224.896,90,143.0,1956.0,116.0,7.0,28.19,83.5,0.0,14.1,14.5
224.986,90,143.0,1963.0,116.0,7.0,28.19,83.5,0.0,14.1,14.5
225.048,90,143.0,1963.0,116.0,7.0,28.19,83.5,0.0,14.1,14.5
225.108,90,143.0,1963.0,116.0,7.0,28.19,83.5,0.0,14.1,14.5
225.196,90,143.0,1963.0,116.0,7.0,28.86,83.5,0.0,14.1,14.5
225.258,90,143.0,1963.0,116.0,7.0,28.86,83.5,0.0,14.1,14.5
225.346,90,143.0,1963.0,116.0,7.0,28.86,83.5,0.0,14.1,14.5
225.407,90,143.0,1963.0,116.0,7.0,28.86,83.5,0.0,14.1,14.5
225.496,90,143.0,1963.0,116.0,7.0,28.86,83.5,0.0,14.1,14.5
225.557,90,143.0,1963.0,116.0,7.0,28.86,83.5,0.0,14.1,14.5
225.646,90,145.0,1963.0,116.0,7.0,28.86,83.5,0.0,14.1,14.5
225.708,90,145.0,1963.0,116.0,7.0,28.86,83.5,0.0,14.1,14.5
225.795,90,145.0,1963.0,116.0,7.0,28.86,83.5,0.0,14.1,14.5
225.856,90,145.0,1963.0,116.0,7.0,28.86,83.5,0.0,14.1,14.5
225.946,90,145.0,1963.0,116.0,7.0,28.72,83.5,0.0,14.1,14.5
226.008,90,145.0,1963.0,116.0,7.0,28.72,83.5,0.0,14.1,14.5
226.096,90,145.0,1963.0,116.0,7.0,28.72,83.5,0.0,14.1,14.5
226.158,90,145.0,1963.0,116.0,7.0,28.72,83.5,0.0,14.1,14.5
226.246,90,145.0,1963.0,116.0,7.0,28.72,83.5,0.0,14.1,14.5
226.307,89,145.0,1963.0,116.0,7.0,28.72,83.5,0.0,14.1,14.5
226.397,89,143.0,1963.0,116.0,7.0,28.72,83.5,0.0,14.1,14.5
226.46,89,143.0,1969.0,116.0,7.0,28.72,83.5,0.0,14.1,14.5
226.548,89,143.0,1969.0,116.0,7.0,28.72,83.5,0.0,14.1,14.5
226.607,89,143.0,1969.0,116.0,7.0,28.72,83.5,0.0,14.1,14.5
226.696,89,143.0,1969.0,116.0,7.0,27.41,83.5,0.0,14.1,14.5
226.758,89,143.0,1969.0,116.0,7.0,27.41,83.5,0.0,14.1,14.5
226.845,89,143.0,1969.0,116.0,7.0,27.41,83.5,0.0,14.1,14.5
226.906,89,143.0,1969.0,116.0,7.0,27.41,83.5,0.0,14.1,14.5
226.996,89,143.0,1969.0,116.0,7.0,27.41,83.5,0.0,14.1,14.5
227.058,89,143.0,1969.0,116.0,7.0,27.41,83.5,0.0,14.1,14.5
227.147,89,137.0,1969.0,116.0,7.0,27.41,83.5,0.0,14.1,14.5
227.209,89,137.0,1968.0,116.0,7.0,27.41,83.5,0.0,14.1,14.5
227.297,89,137.0,1968.0,117.0,7.0,27.41,83.5,0.0,14.1,14.5
227.359,89,137.0,1968.0,117.0,7.0,27.41,83.5,0.0,14.1,14.5
227.446,89,137.0,1968.0,117.0,7.0,25.99,83.5,0.0,14.1,14.5
227.508,89,137.0,1968.0,117.0,7.0,25.99,83.5,0.0,14.1,14.5
227.596,89,137.0,1968.0,117.0,7.0,25.99,83.5,0.0,14.1,14.5
227.657,89,137.0,1968.0,117.0,7.0,25.99,83.5,0.0,14.1,14.5
227.746,89,137.0,1968.0,117.0,7.0,25.99,83.5,0.0,14.1,14.5
227.807,89,137.0,1968.0,117.0,7.0,25.99,83.5,0.0,14.1,14.5
227.896,89,134.0,1968.0,117.0,7.0,25.99,83.5,0.0,14.1,14.5
227.956,89,134.0,1970.0,117.0,7.0,25.99,83.5,0.0,14.1,14.5
228.046,89,134.0,1970.0,117.0,7.0,25.99,83.5,0.0,14.1,14.5
228.107,89,134.0,1970.0,117.0,7.0,25.99,83.5,0.0,14.1,14.5
228.196,89,134.0,1970.0,117.0,7.0,25.61,83.5,0.0,14.1,14.5
228.258,89,134.0,1970.0,117.0,7.0,25.61,83.5,0.0,14.1,14.5
228.346,89,134.0,1970.0,117.0,7.0,25.61,83.5,0.0,14.1,14.5
228.407,89,134.0,1970.0,117.0,7.0,25.61,83.5,0.0,14.1,14.5
228.496,89,134.0,1970.0,117.0,7.0,25.61,83.5,0.0,14.1,14.5
228.586,89,134.0,1970.0,117.0,7.0,25.61,83.5,0.0,14.1,14.5
228.647,89,132.0,1970.0,117.0,7.0,25.61,83.5,0.0,14.1,14.5
228.736,89,132.0,1966.0,117.0,7.0,25.61,83.5,0.0,14.1,14.5
228.825,89,132.0,1966.0,117.0,7.0,25.61,83.5,0.0,14.1,14.5
228.916,89,132.0,1966.0,117.0,6.0,25.61,83.5,0.0,14.1,14.5
229.006,89,132.0,1966.0,117.0,6.0,24.3,83.5,0.0,14.1,14.5
229.096,89,132.0,1966.0,117.0,6.0,24.3,83.5,0.0,14.1,14.5
229.186,89,132.0,1966.0,117.0,6.0,24.3,83.5,0.0,14.1,14.5
229.276,89,132.0,1966.0,117.0,6.0,24.3,83.5,0.0,14.1,14.5
229.365,89,132.0,1966.0,117.0,6.0,24.3,83.5,0.0,14.1,14.5
229.456,89,132.0,1966.0,117.0,6.0,24.3,83.5,0.0,14.1,14.5
229.546,89,128.0,1966.0,117.0,6.0,24.3,83.5,0.0,14.1,14.5
229.637,89,128.0,1965.0,117.0,6.0,24.3,83.5,0.0,14.1,14.5
229.726,89,128.0,1965.0,116.0,6.0,24.3,83.5,0.0,14.1,14.5
229.815,89,128.0,1965.0,116.0,6.0,24.3,83.5,0.0,14.1,14.5
229.906,89,128.0,1965.0,116.0,6.0,22.94,83.5,0.0,14.1,14.5
229.996,89,128.0,1965.0,116.0,6.0,22.94,83.5,0.0,14.1,14.5
230.086,89,128.0,1965.0,116.0,6.0,22.94,83.5,0.0,14.1,14.5
230.147,89,128.0,1965.0,116.0,6.0,22.94,83.5,0.0,14.1,14.5
230.237,89,128.0,1965.0,116.0,6.0,22.94,83.5,0.0,14.1,14.5
230.297,89,128.0,1965.0,116.0,6.0,22.94,83.5,0.0,14.1,14.5
230.386,89,124.0,1965.0,116.0,6.0,22.94,83.5,0.0,14.1,14.5
230.476,89,124.0,1960.0,116.0,6.0,22.94,83.5,0.0,14.1,14.5
230.566,89,124.0,1960.0,116.0,6.0,22.94,83.5,0.0,14.1,14.5
230.656,89,124.0,1960.0,116.0,5.0,22.94,83.5,0.0,14.1,14.5
230.745,89,124.0,1960.0,116.0,5.0,21.94,83.5,0.0,14.1,14.5
230.835,89,124.0,1960.0,116.0,5.0,21.94,83.5,0.0,14.1,14.5
230.926,89,124.0,1960.0,116.0,5.0,21.94,83.5,0.0,14.1,14.5
231.016,89,124.0,1960.0,116.0,5.0,21.94,83.5,0.0,14.1,14.5
231.106,89,124.0,1960.0,116.0,5.0,21.94,83.5,0.0,14.1,14.5
231.196,89,124.0,1960.0,116.0,5.0,21.94,83.5,0.0,14.1,14.5
231.286,89,121.0,1960.0,116.0,5.0,21.94,83.5,0.0,14.1,14.5
231.376,89,121.0,1953.0,116.0,5.0,21.94,83.5,0.0,14.1,14.5
231.466,89,121.0,1953.0,116.0,5.0,21.94,83.5,0.0,14.1,14.5
231.556,89,121.0,1953.0,116.0,5.0,21.94,83.5,0.0,14.1,14.5
231.646,89,121.0,1953.0,116.0,5.0,21.55,83.5,0.0,14.1,14.5
231.736,89,121.0,1953.0,116.0,5.0,21.55,83.5,0.0,14.1,14.5
231.798,89,121.0,1953.0,116.0,5.0,21.55,83.5,0.0,14.1,14.5
231.885,89,121.0,1953.0,116.0,5.0,21.55,83.5,0.0,14.1,14.5
231.948,89,121.0,1953.0,116.0,5.0,21.55,83.5,0.0,14.1,14.5
232.036,89,121.0,1953.0,116.0,5.0,21.55,83.5,0.0,14.1,14.5
232.126,89,122.0,1953.0,116.0,5.0,21.55,83.5,0.0,14.1,14.5
232.216,89,122.0,1945.0,116.0,5.0,21.55,83.5,0.0,14.1,14.5
232.306,89,122.0,1945.0,115.0,5.0,21.55,83.5,0.0,14.1,14.5
232.396,89,122.0,1945.0,115.0,6.0,21.55,83.5,0.0,14.1,14.5
232.486,89,122.0,1945.0,115.0,6.0,22.49,83.5,0.0,14.1,14.5
232.548,89,122.0,1945.0,115.0,6.0,22.49,83.5,0.0,14.1,14.5
232.637,89,122.0,1945.0,115.0,6.0,22.49,83.5,0.0,14.1,14.5
232.697,89,122.0,1945.0,115.0,6.0,22.49,83.5,0.0,14.1,14.5
232.786,89,122.0,1945.0,115.0,6.0,22.49,83.5,0.0,14.1,14.5
232.875,89,122.0,1945.0,115.0,6.0,22.49,83.5,0.0,14.1,14.5
232.966,89,124.0,1945.0,115.0,6.0,22.49,83.5,0.0,14.1,14.5
233.056,89,124.0,1941.0,115.0,6.0,22.49,83.5,0.0,14.1,14.5
233.146,89,124.0,1941.0,115.0,6.0,22.49,83.5,0.0,14.1,14.5
233.236,89,124.0,1941.0,115.0,6.0,22.49,83.5,0.0,14.1,14.5
233.297,89,124.0,1941.0,115.0,6.0,22.13,83.5,0.0,14.1,14.5
233.386,89,124.0,1941.0,115.0,6.0,22.13,83.5,0.0,14.1,14.5
233.448,89,124.0,1941.0,115.0,6.0,22.13,83.5,0.0,14.1,14.5
233.536,89,124.0,1941.0,115.0,6.0,22.13,83.5,0.0,14.1,14.5
233.626,89,124.0,1941.0,115.0,6.0,22.13,83.5,0.0,14.1,14.5
233.716,89,124.0,1941.0,115.0,6.0,22.13,83.5,0.0,14.1,14.5
233.807,89,124.0,1941.0,115.0,6.0,22.13,83.5,0.0,14.1,14.5
233.896,89,124.0,1935.0,115.0,6.0,22.13,83.5,0.0,14.1,14.5
233.986,89,124.0,1935.0,115.0,6.0,22.13,83.5,0.0,14.1,14.5
234.048,89,124.0,1935.0,115.0,6.0,22.13,83.5,0.0,14.1,14.5
234.136,89,124.0,1935.0,115.0,6.0,21.72,83.5,0.0,14.1,14.5
234.198,89,124.0,1935.0,115.0,6.0,21.72,83.5,0.0,14.1,14.5
234.286,89,124.0,1935.0,115.0,6.0,21.72,83.5,0.0,14.1,14.5
234.347,89,124.0,1935.0,115.0,6.0,21.72,83.5,0.0,14.1,14.5
234.435,89,124.0,1935.0,115.0,6.0,21.72,83.5,0.0,14.1,14.5
234.496,89,124.0,1935.0,115.0,6.0,21.72,83.5,0.0,14.1,14.5
234.586,89,124.0,1935.0,115.0,6.0,21.72,83.5,0.0,14.1,14.5
234.649,89,124.0,1930.0,115.0,6.0,21.72,83.5,0.0,14.1,14.5
234.736,89,124.0,1930.0,114.0,6.0,21.72,83.5,0.0,14.1,14.5
234.825,89,124.0,1930.0,114.0,6.0,21.72,83.5,0.0,14.1,14.5
234.916,89,124.0,1930.0,114.0,6.0,22.22,83.5,0.0,14.1,14.5
235.006,89,124.0,1930.0,114.0,6.0,22.22,83.5,0.0,14.1,14.5
235.096,89,124.0,1930.0,114.0,6.0,22.22,83.5,0.0,14.1,14.5
235.186,89,124.0,1930.0,114.0,6.0,22.22,83.5,0.0,14.1,14.5
235.276,89,124.0,1930.0,114.0,6.0,22.22,83.5,0.0,14.1,14.5
235.337,89,124.0,1930.0,114.0,6.0,22.22,83.5,0.0,14.1,14.5
235.397,89,125.0,1930.0,114.0,6.0,22.22,83.5,0.0,14.1,14.5
235.486,89,125.0,1922.0,114.0,6.0,22.22,83.5,0.0,14.1,14.5
235.548,89,125.0,1922.0,114.0,6.0,22.22,83.5,0.0,14.1,14.5
235.637,89,125.0,1922.0,114.0,6.0,22.22,83.5,0.0,14.1,14.5
235.697,89,125.0,1922.0,114.0,6.0,23.11,83.5,0.0,14.1,14.5
235.788,89,125.0,1922.0,114.0,6.0,23.11,83.5,0.0,14.1,14.5
235.846,89,125.0,1922.0,114.0,6.0,23.11,83.5,0.0,14.1,14.5
235.936,89,125.0,1922.0,114.0,6.0,23.11,83.5,0.0,14.1,14.5
236.026,89,125.0,1922.0,114.0,6.0,23.11,83.5,0.0,14.1,14.5
236.087,89,125.0,1922.0,114.0,6.0,23.11,83.5,0.0,14.1,14.5
236.147,89,130.0,1922.0,114.0,6.0,23.11,83.5,0.0,14.1,14.5
236.237,89,130.0,1923.0,114.0,6.0,23.11,83.5,0.0,14.1,14.5
236.356,89,130.0,1923.0,114.0,6.0,23.11,83.5,0.0,14.1,14.5
236.446,89,130.0,1923.0,114.0,6.0,23.11,83.5,0.0,14.1,14.5
236.537,89,130.0,1923.0,114.0,6.0,23.74,83.5,0.0,14.1,14.5
236.598,89,130.0,1923.0,114.0,6.0,23.74,83.5,0.0,14.1,14.5
236.686,89,130.0,1923.0,114.0,6.0,23.74,83.5,0.0,14.1,14.5
236.775,89,130.0,1923.0,114.0,6.0,23.74,83.5,0.0,14.1,14.5
236.865,89,130.0,1923.0,114.0,6.0,23.74,83.5,0.0,14.1,14.5
236.956,90,130.0,1923.0,114.0,6.0,23.74,83.5,0.0,14.1,14.5
237.046,90,133.0,1923.0,114.0,6.0,23.74,83.5,0.0,14.1,14.5
237.136,90,133.0,1921.0,114.0,6.0,23.74,83.5,0.0,14.1,14.5
237.198,90,133.0,1921.0,114.0,6.0,23.74,83.5,0.0,14.1,14.5
237.286,90,133.0,1921.0,114.0,6.0,23.74,83.5,0.0,14.1,14.5
237.347,90,133.0,1921.0,114.0,6.0,23.63,83.5,0.0,14.1,14.5
237.436,90,133.0,1921.0,114.0,6.0,23.63,83.5,0.0,14.1,14.5
237.497,90,133.0,1921.0,114.0,6.0,23.63,83.5,0.0,14.1,14.5
237.586,90,133.0,1921.0,114.0,6.0,23.63,83.5,0.0,14.1,14.5
237.647,90,133.0,1921.0,114.0,6.0,23.63,83.5,0.0,14.1,14.5
237.759,90,133.0,1921.0,114.0,6.0,23.63,83.5,0.0,14.1,14.5
237.796,90,130.0,1921.0,114.0,6.0,23.63,83.5,0.0,14.1,14.5
237.885,90,130.0,1917.0,114.0,6.0,23.63,83.5,0.0,14.1,14.5
237.976,90,130.0,1917.0,114.0,6.0,23.63,83.5,0.0,14.1,14.5
238.066,90,130.0,1917.0,114.0,6.0,23.63,83.5,0.0,14.1,14.5
238.156,90,130.0,1917.0,114.0,6.0,23.16,83.5,0.0,14.1,14.5
238.246,90,130.0,1917.0,114.0,6.0,23.16,83.5,0.0,14.1,14.5
238.336,90,130.0,1917.0,114.0,6.0,23.16,83.5,0.0,14.1,14.5
238.397,90,130.0,1917.0,114.0,6.0,23.16,83.5,0.0,14.1,14.5
238.486,90,130.0,1917.0,114.0,6.0,23.16,83.5,0.0,14.1,14.5
238.548,90,130.0,1917.0,114.0,6.0,23.16,83.5,0.0,14.1,14.5
238.636,90,129.0,1917.0,114.0,6.0,23.16,83.5,0.0,14.1,14.5
238.7,90,129.0,1914.0,114.0,6.0,23.16,83.5,0.0,14.1,14.5
238.786,90,129.0,1914.0,114.0,6.0,23.16,83.5,0.0,14.1,14.5
238.846,90,129.0,1914.0,114.0,6.0,23.16,83.5,0.0,14.1,14.5
238.936,90,129.0,1914.0,114.0,6.0,22.83,83.5,0.0,14.1,14.5
238.998,90,129.0,1914.0,114.0,6.0,22.83,83.5,0.0,14.1,14.5
239.086,90,129.0,1914.0,114.0,6.0,22.83,83.5,0.0,14.1,14.5
239.176,90,129.0,1914.0,114.0,6.0,22.83,83.5,0.0,14.1,14.5
239.237,90,129.0,1914.0,114.0,6.0,22.83,83.5,0.0,14.1,14.5
239.298,90,129.0,1914.0,114.0,6.0,22.83,83.5,0.0,14.1,14.5
239.386,90,128.0,1914.0,114.0,6.0,22.83,83.5,0.0,14.1,14.5
239.448,90,128.0,1915.0,114.0,6.0,22.83,83.5,0.0,14.1,14.5
239.536,90,128.0,1915.0,113.0,6.0,22.83,83.5,0.0,14.1,14.5
239.598,90,128.0,1915.0,113.0,6.0,22.83,83.5,0.0,14.1,14.5
239.686,90,128.0,1915.0,113.0,6.0,22.74,83.5,0.0,14.1,14.5
239.748,90,128.0,1915.0,113.0,6.0,22.74,83.5,0.0,14.1,14.5
239.835,90,128.0,1915.0,113.0,6.0,22.74,83.5,0.0,14.1,14.5
239.896,90,128.0,1915.0,113.0,6.0,22.74,83.5,0.0,14.1,14.5
239.986,90,128.0,1915.0,113.0,6.0,22.74,83.5,0.0,14.1,14.5
240.048,90,128.0,1915.0,113.0,6.0,22.74,83.5,0.0,14.1,14.5
240.136,90,127.0,1915.0,113.0,6.0,22.74,83.5,0.0,14.1,14.5
240.198,90,127.0,1912.0,113.0,6.0,22.74,83.5,0.0,14.1,14.5
240.286,90,127.0,1912.0,113.0,6.0,22.74,83.5,0.0,14.1,14.5
240.348,90,127.0,1912.0,113.0,6.0,22.74,83.5,0.0,14.1,14.5
240.436,90,127.0,1912.0,113.0,6.0,22.49,83.5,0.0,14.1,14.5
240.498,90,127.0,1912.0,113.0,6.0,22.49,83.5,0.0,14.1,14.5
240.586,90,127.0,1912.0,113.0,6.0,22.49,83.5,0.0,14.1,14.5
240.706,90,127.0,1912.0,113.0,6.0,22.49,83.5,0.0,14.1,14.5
240.796,90,127.0,1912.0,113.0,6.0,22.49,83.5,0.0,14.1,14.5
240.886,90,127.0,1912.0,113.0,6.0,22.49,83.5,0.0,14.1,14.5
240.947,90,128.0,1912.0,113.0,6.0,22.49,83.5,0.0,14.1,14.5
241.036,90,128.0,1909.0,113.0,6.0,22.49,83.5,0.0,14.1,14.5
241.096,90,128.0,1909.0,113.0,6.0,22.49,83.5,0.0,14.1,14.5
241.186,90,128.0,1909.0,113.0,6.0,22.49,83.5,0.0,14.1,14.5
241.247,90,128.0,1909.0,113.0,6.0,22.8,83.5,0.0,14.1,14.5
241.366,90,128.0,1909.0,113.0,6.0,22.8,83.5,0.0,14.1,14.5
241.456,90,128.0,1909.0,113.0,6.0,22.8,83.5,0.0,14.1,14.5
241.546,90,128.0,1909.0,113.0,6.0,22.8,83.5,0.0,14.1,14.5
241.636,90,128.0,1909.0,113.0,6.0,22.8,83.5,0.0,14.1,14.5
241.698,90,128.0,1909.0,113.0,6.0,22.8,83.5,0.0,14.1,14.5
241.788,90,128.0,1909.0,113.0,6.0,22.8,83.5,0.0,14.1,14.5
241.846,90,128.0,1909.0,113.0,6.0,22.8,83.5,0.0,14.1,14.5
241.936,90,128.0,1909.0,113.0,6.0,22.8,83.5,0.0,14.1,14.5
241.996,90,128.0,1909.0,113.0,6.0,22.8,83.5,0.0,14.1,14.5
242.086,90,128.0,1909.0,113.0,6.0,22.72,83.5,0.0,14.1,14.5
242.148,90,128.0,1909.0,113.0,6.0,22.72,83.5,0.0,14.1,14.5
242.236,90,128.0,1909.0,113.0,6.0,22.72,83.5,0.0,14.1,14.5
242.298,90,128.0,1909.0,113.0,6.0,22.72,83.5,0.0,14.1,14.5
242.386,90,128.0,1909.0,113.0,6.0,22.72,83.5,0.0,14.1,14.5
242.447,90,128.0,1909.0,113.0,6.0,22.72,83.5,0.0,14.1,14.5
242.536,90,129.0,1909.0,113.0,6.0,22.72,83.5,0.0,14.1,14.5
242.6,90,129.0,1906.0,113.0,6.0,22.72,83.5,0.0,14.1,14.5
242.686,90,129.0,1906.0,113.0,6.0,22.72,83.5,0.0,14.1,14.5
242.751,90,129.0,1906.0,113.0,6.0,22.72,83.5,0.0,14.1,14.5
242.835,90,129.0,1906.0,113.0,6.0,23.63,83.5,0.0,14.1,14.5
242.896,90,129.0,1906.0,113.0,6.0,23.63,83.5,0.0,14.1,14.5
242.986,90,129.0,1906.0,113.0,6.0,23.63,83.5,0.0,14.1,14.5
243.048,90,129.0,1906.0,113.0,6.0,23.63,83.5,0.0,14.1,14.5
243.136,90,129.0,1906.0,113.0,6.0,23.63,83.5,0.0,14.1,14.5
243.197,90,129.0,1906.0,113.0,6.0,23.63,83.5,0.0,14.1,14.5
243.286,90,132.0,1906.0,113.0,6.0,23.63,83.5,0.0,14.1,14.5
243.348,90,132.0,1908.0,113.0,6.0,23.63,83.5,0.0,14.1,14.5
243.436,90,132.0,1908.0,113.0,6.0,23.63,83.5,0.0,14.1,14.5
243.498,90,132.0,1908.0,113.0,6.0,23.63,83.5,0.0,14.1,14.5
243.586,90,132.0,1908.0,113.0,6.0,25.72,83.5,0.0,14.1,14.5
243.647,90,132.0,1908.0,113.0,6.0,25.72,83.5,0.0,14.1,14.5
243.736,90,132.0,1908.0,113.0,6.0,25.72,83.5,0.0,14.1,14.5
243.799,90,132.0,1908.0,113.0,6.0,25.72,83.5,0.0,14.1,14.5
243.886,90,132.0,1908.0,113.0,6.0,25.72,83.5,0.0,14.1,14.5
243.946,90,132.0,1908.0,113.0,6.0,25.72,83.5,0.0,14.1,14.5
244.036,90,139.0,1908.0,113.0,6.0,25.72,83.5,0.0,14.1,14.5
244.097,90,139.0,1909.0,113.0,6.0,25.72,83.5,0.0,14.1,14.5
244.186,90,139.0,1909.0,113.0,6.0,25.72,83.5,0.0,14.1,14.5
244.247,90,139.0,1909.0,113.0,7.0,25.72,83.5,0.0,14.1,14.5
244.336,90,139.0,1909.0,113.0,7.0,27.47,83.5,0.0,14.1,14.5
244.399,90,139.0,1909.0,113.0,7.0,27.47,83.5,0.0,14.1,14.5
244.486,90,139.0,1909.0,113.0,7.0,27.47,83.5,0.0,14.1,14.5
244.546,90,139.0,1909.0,113.0,7.0,27.47,83.5,0.0,14.1,14.5
244.635,90,139.0,1909.0,113.0,7.0,27.47,83.5,0.0,14.1,14.5
244.696,90,139.0,1909.0,113.0,7.0,27.47,83.5,0.0,14.1,14.5
244.785,90,146.0,1909.0,113.0,7.0,27.47,83.5,0.0,14.1,14.5
244.846,90,146.0,1913.0,113.0,7.0,27.47,83.5,0.0,14.1,14.5
244.936,90,146.0,1913.0,113.0,7.0,27.47,83.5,0.0,14.1,14.5
244.997,90,146.0,1913.0,113.0,7.0,27.47,83.5,0.0,14.1,14.5
245.086,90,146.0,1913.0,113.0,7.0,28.86,83.5,0.0,14.1,14.5
245.147,90,146.0,1913.0,113.0,7.0,28.86,83.5,0.0,14.1,14.5
245.236,90,146.0,1913.0,113.0,7.0,28.86,83.5,0.0,14.1,14.5
245.298,90,146.0,1913.0,113.0,7.0,28.86,83.5,0.0,14.1,14.5
245.386,90,146.0,1913.0,113.0,7.0,28.86,83.5,0.0,14.1,14.5
245.447,90,146.0,1913.0,113.0,7.0,28.86,83.5,0.0,14.1,14.5
245.536,90,150.0,1913.0,113.0,7.0,28.86,83.5,0.0,14.1,14.5
245.597,90,150.0,1915.0,113.0,7.0,28.86,83.5,0.0,14.1,14.5
245.686,90,150.0,1915.0,114.0,7.0,28.86,83.5,0.0,14.1,14.5
245.747,90,150.0,1915.0,114.0,7.0,28.86,83.5,0.0,14.1,14.5
245.835,90,150.0,1915.0,114.0,7.0,29.72,83.5,0.0,14.1,14.5
245.896,90,150.0,1915.0,114.0,7.0,29.72,83.5,0.0,14.1,14.5
245.986,90,150.0,1915.0,114.0,7.0,29.72,83.5,0.0,14.1,14.5
246.047,90,150.0,1915.0,114.0,7.0,29.72,83.5,0.0,14.1,14.5
246.136,90,150.0,1915.0,114.0,7.0,29.72,83.5,0.0,14.1,14.5
246.197,90,150.0,1915.0,114.0,7.0,29.72,83.5,0.0,14.1,14.5
246.316,90,152.0,1915.0,114.0,7.0,29.72,83.5,0.0,14.1,14.5
246.407,90,152.0,1922.0,114.0,7.0,29.72,83.5,0.0,14.1,14.5
246.496,90,152.0,1922.0,114.0,7.0,29.72,83.5,0.0,14.1,14.5
246.586,90,152.0,1922.0,114.0,7.0,29.72,83.5,0.0,14.1,14.5
246.649,90,152.0,1922.0,114.0,7.0,30.05,83.5,0.0,14.1,14.5
246.736,90,152.0,1922.0,114.0,7.0,30.05,83.5,0.0,14.1,14.5
246.796,90,152.0,1922.0,114.0,7.0,30.05,83.5,0.0,14.1,14.5
246.885,90,152.0,1922.0,114.0,7.0,30.05,83.5,0.0,14.1,14.5
246.946,90,152.0,1922.0,114.0,7.0,30.05,83.5,0.0,14.1,14.5
247.036,90,152.0,1922.0,114.0,7.0,30.05,83.5,0.0,14.1,14.5
247.097,90,151.0,1922.0,114.0,7.0,30.05,83.5,0.0,14.1,14.5
247.186,90,151.0,1929.0,114.0,7.0,30.05,83.5,0.0,14.1,14.5
247.247,90,151.0,1929.0,114.0,7.0,30.05,83.5,0.0,14.1,14.5
247.336,90,151.0,1929.0,114.0,7.0,30.05,83.5,0.0,14.1,14.5
247.397,90,151.0,1929.0,114.0,7.0,29.91,83.5,0.0,14.1,14.5
247.486,90,151.0,1929.0,114.0,7.0,29.91,83.5,0.0,14.1,14.5
247.547,90,151.0,1929.0,114.0,7.0,29.91,83.5,0.0,14.1,14.5
247.636,90,151.0,1929.0,114.0,7.0,29.91,83.5,0.0,14.1,14.5
247.697,90,151.0,1929.0,114.0,7.0,29.91,83.5,0.0,14.1,14.5
247.788,90,151.0,1929.0,114.0,7.0,29.91,83.5,0.0,14.1,14.5
247.846,90,149.0,1929.0,114.0,7.0,29.91,83.5,0.0,14.1,14.5
247.936,90,149.0,1931.0,114.0,7.0,29.91,83.5,0.0,14.1,14.5
247.996,90,149.0,1931.0,114.0,7.0,29.91,83.5,0.0,14.1,14.5
248.086,90,149.0,1931.0,114.0,7.0,29.91,83.5,0.0,14.1,14.5
248.147,90,149.0,1931.0,114.0,7.0,29.61,83.5,0.0,14.1,14.5
248.236,90,149.0,1931.0,114.0,7.0,29.61,83.5,0.0,14.1,14.5
248.297,90,149.0,1931.0,114.0,7.0,29.61,83.5,0.0,14.1,14.5
248.386,90,149.0,1931.0,114.0,7.0,29.61,83.5,0.0,14.1,14.5
248.447,90,149.0,1931.0,114.0,7.0,29.61,83.5,0.0,14.1,14.5
248.536,90,149.0,1931.0,114.0,7.0,29.61,83.5,0.0,14.1,14.5
248.598,90,148.0,1931.0,114.0,7.0,29.61,83.5,0.0,14.1,14.5
248.686,90,148.0,1936.0,114.0,7.0,29.61,83.5,0.0,14.1,14.5
248.747,90,148.0,1936.0,115.0,7.0,29.61,83.5,0.0,14.1,14.5
248.835,90,148.0,1936.0,115.0,7.0,29.61,83.5,0.0,14.1,14.5
248.896,90,148.0,1936.0,115.0,7.0,29.47,83.5,0.0,14.1,14.5
248.986,90,148.0,1936.0,115.0,7.0,29.47,83.5,0.0,14.1,14.5
249.047,90,148.0,1936.0,115.0,7.0,29.47,83.5,0.0,14.1,14.5
249.136,90,148.0,1936.0,115.0,7.0,29.47,83.5,0.0,14.1,14.5
249.197,90,148.0,1936.0,115.0,7.0,29.47,83.5,0.0,14.1,14.5
249.286,90,148.0,1936.0,115.0,7.0,29.47,83.5,0.0,14.1,14.5
249.347,90,146.0,1936.0,115.0,7.0,29.47,83.5,0.0,14.1,14.5
249.436,90,146.0,1939.0,115.0,7.0,29.47,83.5,0.0,14.1,14.5
249.497,90,146.0,1939.0,115.0,7.0,29.47,83.5,0.0,14.1,14.5
249.586,90,146.0,1939.0,115.0,7.0,29.47,83.5,0.0,14.1,14.5
249.648,90,146.0,1939.0,115.0,7.0,29.63,83.5,0.0,14.1,14.5
249.735,90,146.0,1939.0,115.0,7.0,29.63,83.5,0.0,14.1,14.5
249.796,90,146.0,1939.0,115.0,7.0,29.63,83.5,0.0,14.1,14.5
249.885,90,146.0,1939.0,115.0,7.0,29.63,83.5,0.0,14.1,14.5
249.946,90,146.0,1939.0,115.0,7.0,29.63,83.5,0.0,14.1,14.5
250.036,90,146.0,1939.0,115.0,7.0,29.63,83.5,0.0,14.1,14.5
250.097,90,148.0,1939.0,115.0,7.0,29.63,83.5,0.0,14.1,14.5
250.186,90,148.0,1942.0,115.0,7.0,29.63,83.5,0.0,14.1,14.5
250.247,90,148.0,1942.0,115.0,7.0,29.63,83.5,0.0,14.1,14.5
250.336,90,148.0,1942.0,115.0,7.0,29.63,83.5,0.0,14.1,14.5
250.397,90,148.0,1942.0,115.0,7.0,29.36,83.5,0.0,14.1,14.5
250.486,90,148.0,1942.0,115.0,7.0,29.36,83.5,0.0,14.1,14.5
250.547,90,148.0,1942.0,115.0,7.0,29.36,83.5,0.0,14.1,14.5
250.635,90,148.0,1942.0,115.0,7.0,29.36,83.5,0.0,14.1,14.5
250.698,90,148.0,1942.0,115.0,7.0,29.36,83.5,0.0,14.1,14.5
250.785,90,148.0,1942.0,115.0,7.0,29.36,83.5,0.0,14.1,14.5
250.846,90,145.0,1942.0,115.0,7.0,29.36,83.5,0.0,14.1,14.5
250.936,90,145.0,1949.0,115.0,7.0,29.36,83.5,0.0,14.1,14.5
250.998,90,145.0,1949.0,115.0,7.0,29.36,83.5,0.0,14.1,14.5
251.085,90,145.0,1949.0,115.0,7.0,29.36,83.5,0.0,14.1,14.5
251.147,90,145.0,1949.0,115.0,7.0,27.66,83.5,0.0,14.1,14.5
251.236,90,145.0,1949.0,115.0,7.0,27.66,83.5,0.0,14.1,14.5
251.355,90,145.0,1949.0,115.0,7.0,27.66,83.5,0.0,14.1,14.5
251.446,90,145.0,1949.0,115.0,7.0,27.66,83.5,0.0,14.1,14.5
251.536,90,145.0,1949.0,115.0,7.0,27.66,83.5,0.0,14.1,14.5
251.597,90,145.0,1949.0,115.0,7.0,27.66,83.5,0.0,14.1,14.5
251.686,90,140.0,1949.0,115.0,7.0,27.66,83.5,0.0,14.1,14.5
251.748,90,140.0,1946.0,115.0,7.0,27.66,83.5,0.0,14.1,14.5
251.836,90,140.0,1946.0,115.0,7.0,27.66,83.5,0.0,14.1,14.5
251.896,90,140.0,1946.0,115.0,7.0,27.66,83.5,0.0,14.1,14.5
251.986,90,140.0,1946.0,115.0,7.0,26.41,83.5,0.0,14.1,14.5
252.048,90,140.0,1946.0,115.0,7.0,26.41,83.5,0.0,14.1,14.5
252.137,90,140.0,1946.0,115.0,7.0,26.41,83.5,0.0,14.1,14.5
252.197,90,140.0,1946.0,115.0,7.0,26.41,83.5,0.0,14.1,14.5
252.286,90,140.0,1946.0,115.0,7.0,26.41,83.5,0.0,14.1,14.5
252.347,90,140.0,1946.0,115.0,7.0,26.41,83.5,0.0,14.1,14.5
252.436,90,136.0,1946.0,115.0,7.0,26.41,83.5,0.0,14.1,14.5
252.497,90,136.0,1950.0,115.0,7.0,26.41,83.5,0.0,14.1,14.5
252.585,90,136.0,1950.0,115.0,7.0,26.41,83.5,0.0,14.1,14.5
252.647,90,136.0,1950.0,115.0,6.0,26.41,83.5,0.0,14.1,14.5
252.736,90,136.0,1950.0,115.0,6.0,25.13,83.5,0.0,14.1,14.5
252.798,90,136.0,1950.0,115.0,6.0,25.13,83.5,0.0,14.1,14.5
252.886,90,136.0,1950.0,115.0,6.0,25.13,83.5,0.0,14.1,14.5
252.947,90,136.0,1950.0,115.0,6.0,25.13,83.5,0.0,14.1,14.5
253.036,90,136.0,1950.0,115.0,6.0,25.13,83.5,0.0,14.1,14.5
253.097,90,136.0,1950.0,115.0,6.0,25.13,83.5,0.0,14.1,14.5
253.186,90,133.0,1950.0,115.0,6.0,25.13,83.5,0.0,14.1,14.5
253.247,90,133.0,1950.0,115.0,6.0,25.13,83.5,0.0,14.1,14.5
253.335,90,133.0,1950.0,115.0,6.0,25.13,83.5,0.0,14.1,14.5
253.397,90,133.0,1950.0,115.0,6.0,25.13,83.5,0.0,14.1,14.5
253.486,90,133.0,1950.0,115.0,6.0,24.38,83.5,0.0,14.1,14.5
253.547,90,133.0,1950.0,115.0,6.0,24.38,83.5,0.0,14.1,14.5
253.636,90,133.0,1950.0,115.0,6.0,24.38,83.5,0.0,14.1,14.5
253.697,90,133.0,1950.0,115.0,6.0,24.38,83.5,0.0,14.1,14.5
253.8,90,133.0,1950.0,115.0,6.0,24.38,83.5,0.0,14.1,14.5
253.876,90,133.0,1950.0,115.0,6.0,24.38,83.5,0.0,14.1,14.5
253.937,90,132.0,1950.0,115.0,6.0,24.38,83.5,0.0,14.1,14.5
253.996,90,132.0,1946.0,115.0,6.0,24.38,83.5,0.0,14.1,14.5
254.086,90,132.0,1946.0,116.0,6.0,24.38,83.5,0.0,14.1,14.5
254.146,90,132.0,1946.0,116.0,6.0,24.38,83.5,0.0,14.1,14.5
254.236,90,132.0,1946.0,116.0,6.0,25.38,83.5,0.0,14.1,14.5
254.296,90,132.0,1946.0,116.0,6.0,25.38,83.5,0.0,14.1,14.5
254.386,90,132.0,1946.0,116.0,6.0,25.38,83.5,0.0,14.1,14.5
254.448,90,132.0,1946.0,116.0,6.0,25.38,83.5,0.0,14.1,14.5
254.536,90,132.0,1946.0,116.0,6.0,25.38,83.5,0.0,14.1,14.5
254.598,90,132.0,1946.0,116.0,6.0,25.38,83.5,0.0,14.1,14.5
254.686,90,140.0,1946.0,116.0,6.0,25.38,83.5,0.0,14.1,14.5
254.749,90,140.0,1957.0,116.0,6.0,25.38,83.5,0.0,14.1,14.5
254.835,90,140.0,1957.0,115.0,6.0,25.38,83.5,0.0,14.1,14.5
254.896,90,140.0,1957.0,115.0,6.0,25.38,83.5,0.0,14.1,14.5
254.986,90,140.0,1957.0,115.0,6.0,30.33,83.5,0.0,14.1,14.5
255.047,90,140.0,1957.0,115.0,6.0,30.33,83.5,0.0,14.1,14.5
255.135,90,140.0,1957.0,115.0,6.0,30.33,83.5,0.0,14.1,14.5
255.197,90,140.0,1957.0,115.0,6.0,30.33,83.5,0.0,14.1,14.5
255.286,90,140.0,1957.0,115.0,6.0,30.33,83.5,0.0,14.1,14.5
255.376,90,140.0,1957.0,115.0,6.0,30.33,83.5,0.0,14.1,14.5
255.438,90,152.0,1957.0,115.0,6.0,30.33,83.5,0.0,14.1,14.5
255.498,90,152.0,1961.0,115.0,6.0,30.33,83.5,0.0,14.1,14.5
255.586,90,152.0,1961.0,116.0,6.0,30.33,83.5,0.0,14.1,14.5
255.647,90,152.0,1961.0,116.0,7.0,30.33,83.5,0.0,14.1,14.5
255.736,90,152.0,1961.0,116.0,7.0,30.83,83.5,0.0,14.1,14.5
255.796,90,152.0,1961.0,116.0,7.0,30.83,83.5,0.0,14.1,14.5
255.885,90,152.0,1961.0,116.0,7.0,30.83,83.5,0.0,14.1,14.5
255.946,90,152.0,1961.0,116.0,7.0,30.83,83.5,0.0,14.1,14.5
256.036,90,152.0,1961.0,116.0,7.0,30.83,83.5,0.0,14.1,14.5
256.097,90,152.0,1961.0,116.0,7.0,30.83,83.5,0.0,14.1,14.5
256.186,90,154.0,1961.0,116.0,7.0,30.83,83.5,0.0,14.1,14.5
256.247,90,154.0,1967.0,116.0,7.0,30.83,83.5,0.0,14.1,14.5
256.396,90,154.0,1967.0,116.0,7.0,30.83,83.5,0.0,14.1,14.5
256.486,90,154.0,1967.0,116.0,7.0,30.83,83.5,0.0,14.1,14.5
256.548,90,154.0,1967.0,116.0,7.0,31.58,83.5,0.0,14.1,14.5
256.636,90,154.0,1967.0,116.0,7.0,31.58,83.5,0.0,14.1,14.5
256.697,90,154.0,1967.0,116.0,7.0,31.58,83.5,0.0,14.1,14.5
256.785,90,154.0,1967.0,116.0,7.0,31.58,83.5,0.0,14.1,14.5
256.876,90,154.0,1967.0,116.0,7.0,31.58,83.5,0.0,14.1,14.5
256.936,90,154.0,1967.0,116.0,7.0,31.58,83.5,0.0,14.1,14.5
256.996,90,154.0,1967.0,116.0,7.0,31.58,83.5,0.0,14.1,14.5
257.086,90,154.0,1975.0,116.0,7.0,31.58,83.5,0.0,14.1,14.5
257.148,90,154.0,1975.0,117.0,7.0,31.58,83.5,0.0,14.1,14.5
257.236,90,154.0,1975.0,117.0,7.0,31.58,83.5,0.0,14.1,14.5
257.326,90,154.0,1975.0,117.0,7.0,31.63,83.5,0.0,14.1,14.5
257.387,90,154.0,1975.0,117.0,7.0,31.63,83.5,0.0,14.1,14.5
257.476,90,154.0,1975.0,117.0,7.0,31.63,83.5,0.0,14.1,14.5
257.537,90,154.0,1975.0,117.0,7.0,31.63,83.5,0.0,14.1,14.5
257.625,90,154.0,1975.0,117.0,7.0,31.63,83.5,0.0,14.1,14.5
257.686,90,154.0,1975.0,117.0,7.0,31.63,83.5,0.0,14.1,14.5
257.775,90,152.0,1975.0,117.0,7.0,31.63,83.5,0.0,14.1,14.5
257.836,90,152.0,1982.0,117.0,7.0,31.63,83.5,0.0,14.1,14.5
257.926,90,152.0,1982.0,118.0,7.0,31.63,83.5,0.0,14.1,14.5
257.986,90,152.0,1982.0,118.0,7.0,31.63,83.5,0.0,14.1,14.5
258.076,90,152.0,1982.0,118.0,7.0,31.05,83.5,0.0,14.1,14.5
258.136,90,152.0,1982.0,118.0,7.0,31.05,83.5,0.0,14.1,14.5
258.226,90,152.0,1982.0,118.0,7.0,31.05,83.5,0.0,14.1,14.5
258.287,90,152.0,1982.0,118.0,7.0,31.05,83.5,0.0,14.1,14.5
258.376,90,152.0,1982.0,118.0,7.0,31.05,83.5,0.0,14.1,14.5
258.437,90,152.0,1982.0,118.0,7.0,31.05,83.5,0.0,14.1,14.5
258.526,90,149.0,1982.0,118.0,7.0,31.05,83.5,0.0,14.1,14.5
258.588,90,149.0,1986.0,118.0,7.0,31.05,83.5,0.0,14.1,14.5
258.675,90,149.0,1986.0,118.0,7.0,31.05,83.5,0.0,14.1,14.5
258.737,90,149.0,1986.0,118.0,7.0,31.05,83.5,0.0,14.1,14.5
258.825,90,149.0,1986.0,118.0,7.0,29.94,83.5,0.0,14.1,14.5
258.886,90,149.0,1986.0,118.0,7.0,29.94,83.5,0.0,14.1,14.5
258.976,90,149.0,1986.0,118.0,7.0,29.94,83.5,0.0,14.1,14.5
259.037,90,149.0,1986.0,118.0,7.0,29.94,83.5,0.0,14.1,14.5
259.126,90,149.0,1986.0,118.0,7.0,29.94,83.5,0.0,14.1,14.5
259.187,90,149.0,1986.0,118.0,7.0,29.94,83.5,0.0,14.1,14.5
259.276,90,147.0,1986.0,118.0,7.0,29.94,83.5,0.0,14.1,14.5
259.337,90,147.0,1994.0,118.0,7.0,29.94,83.5,0.0,14.1,14.5
259.426,90,147.0,1994.0,118.0,7.0,29.94,83.5,0.0,14.1,14.5
259.487,90,147.0,1994.0,118.0,6.0,29.94,83.5,0.0,14.1,14.5
259.576,90,147.0,1994.0,118.0,6.0,29.08,83.5,0.0,14.1,14.5
259.638,90,147.0,1994.0,118.0,6.0,29.08,83.5,0.0,14.1,14.5
259.726,90,147.0,1994.0,118.0,6.0,29.08,83.5,0.0,14.1,14.5
259.788,90,147.0,1994.0,118.0,6.0,29.08,83.5,0.0,14.1,14.5
259.875,90,147.0,1994.0,118.0,6.0,29.08,83.5,0.0,14.1,14.5
259.937,90,147.0,1994.0,118.0,6.0,29.08,83.5,0.0,14.1,14.5
260.026,90,141.0,1994.0,118.0,6.0,29.08,83.5,0.0,14.1,14.5
260.087,90,141.0,1995.0,118.0,6.0,29.08,83.5,0.0,14.1,14.5
260.176,90,141.0,1995.0,118.0,6.0,29.08,83.5,0.0,14.1,14.5
260.237,90,141.0,1995.0,118.0,6.0,29.08,83.5,0.0,14.1,14.5
260.326,90,141.0,1995.0,118.0,6.0,28.33,83.5,0.0,14.1,14.5
260.388,90,141.0,1995.0,118.0,6.0,28.33,83.5,0.0,14.1,14.5
260.476,90,141.0,1995.0,118.0,6.0,28.33,83.5,0.0,14.1,14.5
260.537,90,141.0,1995.0,118.0,6.0,28.33,83.5,0.0,14.1,14.5
260.626,90,141.0,1995.0,118.0,6.0,28.33,83.5,0.0,14.1,14.5
260.688,90,141.0,1995.0,118.0,6.0,28.33,83.5,0.0,14.1,14.5
260.776,90,139.0,1995.0,118.0,6.0,28.33,83.5,0.0,14.1,14.5
260.836,90,139.0,2000.0,118.0,6.0,28.33,83.5,0.0,14.1,14.5
260.925,90,139.0,2000.0,118.0,6.0,28.33,83.5,0.0,14.1,14.5
260.986,90,139.0,2000.0,118.0,6.0,28.33,83.5,0.0,14.1,14.5
261.076,90,139.0,2000.0,118.0,6.0,27.44,83.5,0.0,14.1,14.5
261.138,90,139.0,2000.0,118.0,6.0,27.44,83.5,0.0,14.1,14.5
261.226,90,139.0,2000.0,118.0,6.0,27.44,83.5,0.0,14.1,14.5
261.346,90,139.0,2000.0,118.0,6.0,27.44,83.5,0.0,14.1,14.5
261.436,90,139.0,2000.0,118.0,6.0,27.44,83.5,0.0,14.1,14.5
261.526,90,139.0,2000.0,118.0,6.0,27.44,83.5,0.0,14.1,14.5
261.587,90,119.0,2000.0,118.0,6.0,27.44,83.5,0.0,14.1,14.5
261.676,90,119.0,1981.0,118.0,6.0,27.44,83.5,0.0,14.1,14.5
261.737,90,119.0,1981.0,117.0,6.0,27.44,83.5,0.0,14.1,14.5
261.825,90,119.0,1981.0,117.0,6.0,27.44,83.5,0.0,14.1,14.5
261.886,90,119.0,1981.0,117.0,6.0,21.47,83.5,0.0,14.1,14.5
261.977,90,119.0,1981.0,117.0,6.0,21.47,83.5,0.0,14.1,14.5
262.038,90,119.0,1981.0,117.0,6.0,21.47,83.5,0.0,14.1,14.5
262.126,90,119.0,1981.0,117.0,6.0,21.47,83.5,0.0,14.1,14.5
262.187,90,119.0,1981.0,117.0,6.0,21.47,83.5,0.0,14.1,14.5
262.276,90,119.0,1981.0,117.0,6.0,21.47,83.5,0.0,14.1,14.5
262.337,90,126.0,1981.0,117.0,6.0,21.47,83.5,0.0,14.1,14.5
262.426,90,126.0,1960.0,117.0,6.0,21.47,83.5,0.0,14.1,14.5
262.488,90,126.0,1960.0,116.0,6.0,21.47,83.5,0.0,14.1,14.5
262.576,90,126.0,1960.0,116.0,5.0,21.47,83.5,0.0,14.1,14.5
262.637,90,126.0,1960.0,116.0,5.0,38.61,83.5,0.0,14.1,14.5
262.726,90,126.0,1960.0,116.0,5.0,38.61,83.5,0.0,14.1,14.5
262.815,90,126.0,1960.0,116.0,5.0,38.61,83.5,0.0,14.1,14.5
262.905,90,126.0,1960.0,116.0,5.0,38.61,83.5,0.0,14.1,14.5
262.996,90,126.0,1960.0,116.0,5.0,38.61,83.5,0.0,14.1,14.5
263.086,90,126.0,1960.0,116.0,5.0,38.61,83.5,0.0,14.1,14.5
263.176,90,128.0,1960.0,116.0,5.0,38.61,83.5,0.0,14.1,14.5
263.266,90,128.0,1938.0,116.0,5.0,38.61,83.5,0.0,14.1,14.5
263.356,90,128.0,1938.0,115.0,5.0,38.61,83.5,0.0,14.1,14.5
263.446,90,128.0,1938.0,115.0,8.0,38.61,83.5,0.0,14.1,14.5
263.535,90,128.0,1938.0,115.0,8.0,37.69,83.5,0.0,14.1,14.5
263.626,90,128.0,1938.0,115.0,8.0,37.69,83.5,0.0,14.1,14.5
263.715,90,128.0,1938.0,115.0,8.0,37.69,83.5,0.0,14.1,14.5
263.805,90,128.0,1938.0,115.0,8.0,37.69,83.5,0.0,14.1,14.5
263.896,90,128.0,1938.0,115.0,8.0,37.69,83.5,0.0,14.1,14.5
263.986,90,128.0,1938.0,115.0,8.0,37.69,83.5,0.0,14.1,14.5
264.076,90,127.0,1938.0,115.0,8.0,37.69,83.5,0.0,14.1,14.5
264.166,90,127.0,1913.0,115.0,8.0,37.69,83.5,0.0,14.1,14.5
264.256,90,127.0,1913.0,113.0,8.0,37.69,83.5,0.0,14.1,14.5
264.345,90,127.0,1913.0,113.0,7.0,37.69,83.5,0.0,14.1,14.5
264.434,90,127.0,1913.0,113.0,7.0,36.99,83.5,0.0,14.1,14.5
264.525,90,127.0,1913.0,113.0,7.0,36.99,83.5,0.0,14.1,14.5
264.615,90,127.0,1913.0,113.0,7.0,36.99,83.5,0.0,14.1,14.5
264.705,90,127.0,1913.0,113.0,7.0,36.99,83.5,0.0,14.1,14.5
264.795,90,127.0,1913.0,113.0,7.0,36.99,83.5,0.0,14.1,14.5
264.885,90,127.0,1913.0,113.0,7.0,36.99,83.5,0.0,14.1,14.5
264.978,90,125.0,1913.0,113.0,7.0,36.99,83.5,0.0,14.1,14.5
265.066,90,125.0,1896.0,113.0,7.0,36.99,83.5,0.0,14.1,14.5
265.156,90,125.0,1896.0,112.0,7.0,36.99,83.5,0.0,14.1,14.5
265.246,90,125.0,1896.0,112.0,7.0,36.99,83.5,0.0,14.1,14.5
265.335,90,125.0,1896.0,112.0,7.0,36.22,83.5,0.0,14.1,14.5
265.426,90,125.0,1896.0,112.0,7.0,36.22,83.5,0.0,14.1,14.5
265.516,90,125.0,1896.0,112.0,7.0,36.22,83.5,0.0,14.1,14.5
265.605,90,125.0,1896.0,112.0,7.0,36.22,83.5,0.0,14.1,14.5
265.696,90,125.0,1896.0,112.0,7.0,36.22,83.5,0.0,14.1,14.5
265.786,90,125.0,1896.0,112.0,7.0,36.22,83.5,0.0,14.1,14.5
265.875,90,123.0,1896.0,112.0,7.0,36.22,83.5,0.0,14.1,14.5
265.965,90,123.0,1872.0,112.0,7.0,36.22,83.5,0.0,14.1,14.5
266.055,90,123.0,1872.0,111.0,7.0,36.22,83.5,0.0,14.1,14.5
266.146,90,123.0,1872.0,111.0,7.0,36.22,83.5,0.0,14.1,14.5
266.235,90,123.0,1872.0,111.0,7.0,35.36,83.5,0.0,14.1,14.5
266.385,90,123.0,1872.0,111.0,7.0,35.36,83.5,0.0,14.1,14.5
266.476,90,123.0,1872.0,111.0,7.0,35.36,83.5,0.0,14.1,14.5
266.565,90,123.0,1872.0,111.0,7.0,35.36,83.5,0.0,14.1,14.5
266.655,90,123.0,1872.0,111.0,7.0,35.36,83.5,0.0,14.1,14.5
266.746,90,123.0,1872.0,111.0,7.0,35.36,83.5,0.0,14.1,14.5
266.836,90,122.0,1872.0,111.0,7.0,35.36,83.5,0.0,14.1,14.5
266.926,90,122.0,1850.0,111.0,7.0,35.36,83.5,0.0,14.1,14.5
267.015,90,122.0,1850.0,110.0,7.0,35.36,83.5,0.0,14.1,14.5
267.106,90,122.0,1850.0,110.0,7.0,35.36,83.5,0.0,14.1,14.5
267.196,90,122.0,1850.0,110.0,7.0,34.99,83.5,0.0,14.1,14.5
267.287,90,122.0,1850.0,110.0,7.0,34.99,83.5,0.0,14.1,14.5
267.375,90,122.0,1850.0,110.0,7.0,34.99,83.5,0.0,14.1,14.5
267.466,90,122.0,1850.0,110.0,7.0,34.99,83.5,0.0,14.1,14.5
267.556,90,122.0,1850.0,110.0,7.0,34.99,83.5,0.0,14.1,14.5
267.646,90,122.0,1850.0,110.0,7.0,34.99,83.5,0.0,14.1,14.5
267.735,90,121.0,1850.0,110.0,7.0,34.99,83.5,0.0,14.1,14.5
267.825,90,121.0,1830.0,110.0,7.0,34.99,83.5,0.0,14.1,14.5
267.915,90,121.0,1830.0,108.0,7.0,34.99,83.5,0.0,14.1,14.5
268.006,90,121.0,1830.0,108.0,7.0,34.99,83.5,0.0,14.1,14.5
268.096,90,121.0,1830.0,108.0,7.0,34.33,83.5,0.0,14.1,14.5
268.186,90,121.0,1830.0,108.0,7.0,34.33,83.5,0.0,14.1,14.5
268.276,90,121.0,1830.0,108.0,7.0,34.33,83.5,0.0,14.1,14.5
268.366,90,121.0,1830.0,108.0,7.0,34.33,83.5,0.0,14.1,14.5
268.456,90,121.0,1830.0,108.0,7.0,34.33,83.5,0.0,14.1,14.5
268.546,90,121.0,1830.0,108.0,7.0,34.33,83.5,0.0,14.1,14.5
268.637,90,121.0,1830.0,108.0,7.0,34.33,83.5,0.0,14.1,14.5
268.726,90,121.0,1812.0,108.0,7.0,34.33,83.5,0.0,14.1,14.5
268.845,90,121.0,1812.0,107.0,7.0,34.33,83.5,0.0,14.1,14.5
268.965,90,121.0,1812.0,107.0,6.0,34.33,83.5,0.0,14.1,14.5
269.055,90,121.0,1812.0,107.0,6.0,33.52,83.5,0.0,14.1,14.5
269.146,90,121.0,1812.0,107.0,6.0,33.52,83.5,0.0,14.1,14.5
269.236,90,121.0,1812.0,107.0,6.0,33.52,83.5,0.0,14.1,14.5
269.326,90,121.0,1812.0,107.0,6.0,33.52,83.5,0.0,14.1,14.5
269.416,90,121.0,1812.0,107.0,6.0,33.52,83.5,0.0,14.1,14.5
269.505,90,121.0,1812.0,107.0,6.0,33.52,83.5,0.0,14.1,14.5
269.595,90,120.0,1812.0,107.0,6.0,33.52,83.5,0.0,14.1,14.5
269.686,90,120.0,1787.0,107.0,6.0,33.52,83.5,0.0,14.1,14.5
269.775,90,120.0,1787.0,106.0,6.0,33.52,83.5,0.0,14.1,14.5
269.865,90,120.0,1787.0,106.0,6.0,33.52,83.5,0.0,14.1,14.5
269.955,90,120.0,1787.0,106.0,6.0,33.27,83.5,0.0,14.1,14.5
270.046,90,120.0,1787.0,106.0,6.0,33.27,83.5,0.0,14.1,14.5
270.135,90,120.0,1787.0,106.0,6.0,33.27,83.5,0.0,14.1,14.5
270.225,90,120.0,1787.0,106.0,6.0,33.27,83.5,0.0,14.1,14.5
270.316,90,120.0,1787.0,106.0,6.0,33.27,83.5,0.0,14.1,14.5
270.406,90,120.0,1787.0,106.0,6.0,33.27,83.5,0.0,14.1,14.5
270.496,90,120.0,1787.0,106.0,6.0,33.27,83.5,0.0,14.1,14.5
270.586,90,120.0,1767.0,106.0,6.0,33.27,83.5,0.0,14.1,14.5
270.676,90,120.0,1767.0,105.0,6.0,33.27,83.5,0.0,14.1,14.5
270.765,90,120.0,1767.0,105.0,6.0,33.27,83.5,0.0,14.1,14.5
270.855,90,120.0,1767.0,105.0,6.0,33.27,83.5,0.0,14.1,14.5
270.946,90,120.0,1767.0,105.0,6.0,33.27,83.5,0.0,14.1,14.5
271.036,90,120.0,1767.0,105.0,6.0,33.27,83.5,0.0,14.1,14.5
271.125,90,120.0,1767.0,105.0,6.0,33.27,83.5,0.0,14.1,14.5
271.215,90,120.0,1767.0,105.0,6.0,33.27,83.5,0.0,14.1,14.5
271.305,90,120.0,1767.0,105.0,6.0,33.27,83.5,0.0,14.1,14.5
271.426,90,118.0,1767.0,105.0,6.0,33.27,83.5,0.0,14.1,14.5
271.516,90,118.0,1755.0,105.0,6.0,33.27,83.5,0.0,14.1,14.5
271.606,90,118.0,1755.0,104.0,6.0,33.27,83.5,0.0,14.1,14.5
271.695,90,118.0,1755.0,104.0,5.0,33.27,83.5,0.0,14.1,14.5
271.785,90,118.0,1755.0,104.0,5.0,14.66,83.5,0.0,14.1,14.5
271.875,90,118.0,1755.0,104.0,5.0,14.66,83.5,0.0,14.1,14.5
271.965,90,118.0,1755.0,104.0,5.0,14.66,83.5,0.0,14.1,14.5
272.055,90,118.0,1755.0,104.0,5.0,14.66,83.5,0.0,14.1,14.5
272.145,90,118.0,1755.0,104.0,5.0,14.66,83.5,0.0,14.1,14.5
272.236,90,118.0,1755.0,104.0,5.0,14.66,83.5,0.0,14.1,14.5
272.325,90,109.0,1755.0,104.0,5.0,14.66,83.5,0.0,14.1,14.5
272.417,90,109.0,1743.0,104.0,5.0,14.66,83.5,0.0,14.1,14.5
272.505,90,109.0,1743.0,103.0,5.0,14.66,83.5,0.0,14.1,14.5
272.595,90,109.0,1743.0,103.0,3.0,14.66,83.5,0.0,14.1,14.5
272.686,90,109.0,1743.0,103.0,3.0,16.24,83.5,0.0,14.1,14.5
272.776,90,109.0,1743.0,103.0,3.0,16.24,83.5,0.0,14.1,14.5
272.865,90,109.0,1743.0,103.0,3.0,16.24,83.5,0.0,14.1,14.5
272.956,90,109.0,1743.0,103.0,3.0,16.24,83.5,0.0,14.1,14.5
273.046,90,109.0,1743.0,103.0,3.0,16.24,83.5,0.0,14.1,14.5
273.135,90,109.0,1743.0,103.0,3.0,16.24,83.5,0.0,14.1,14.5
273.225,90,116.0,1743.0,103.0,3.0,16.24,83.5,0.0,14.1,14.5
273.316,90,116.0,1722.0,103.0,3.0,16.24,83.5,0.0,14.1,14.5
273.405,90,116.0,1722.0,102.0,3.0,16.24,83.5,0.0,14.1,14.5
273.495,90,116.0,1722.0,102.0,4.0,16.24,83.5,0.0,14.1,14.5
273.585,90,116.0,1722.0,102.0,4.0,31.47,83.5,0.0,14.1,14.5
273.676,90,116.0,1722.0,102.0,4.0,31.47,83.5,0.0,14.1,14.5
273.766,90,116.0,1722.0,102.0,4.0,31.47,83.5,0.0,14.1,14.5
273.855,90,116.0,1722.0,102.0,4.0,31.47,83.5,0.0,14.1,14.5
273.945,90,116.0,1722.0,102.0,4.0,31.47,83.5,0.0,14.1,14.5
274.035,90,116.0,1722.0,102.0,4.0,31.47,83.5,0.0,14.1,14.5
274.126,90,119.0,1722.0,102.0,4.0,31.47,83.5,0.0,14.1,14.5
274.215,90,119.0,1665.0,102.0,4.0,31.47,83.5,0.0,14.1,14.5
274.305,90,119.0,1665.0,98.0,4.0,31.47,83.5,0.0,14.1,14.5
274.395,90,119.0,1665.0,98.0,7.0,31.47,83.5,0.0,14.1,14.5
274.485,90,119.0,1665.0,98.0,7.0,30.36,83.5,0.0,14.1,14.5
274.576,90,119.0,1665.0,98.0,7.0,30.36,83.5,0.0,14.1,14.5
274.665,90,119.0,1665.0,98.0,7.0,30.36,83.5,0.0,14.1,14.5
274.756,90,119.0,1665.0,98.0,7.0,30.36,83.5,0.0,14.1,14.5
274.875,90,119.0,1665.0,98.0,7.0,30.36,83.5,0.0,14.1,14.5
274.966,90,119.0,1665.0,98.0,7.0,30.36,83.5,0.0,14.1,14.5
275.055,90,118.0,1665.0,98.0,7.0,30.36,83.5,0.0,14.1,14.5
275.146,90,118.0,1607.0,98.0,7.0,30.36,83.5,0.0,14.1,14.5
275.235,90,118.0,1607.0,95.0,7.0,30.36,83.5,0.0,14.1,14.5
275.326,90,118.0,1607.0,95.0,7.0,30.36,83.5,0.0,14.1,14.5
275.416,90,118.0,1607.0,95.0,7.0,29.24,83.5,0.0,14.1,14.5
275.506,90,118.0,1607.0,95.0,7.0,29.24,83.5,0.0,14.1,14.5
275.595,90,118.0,1607.0,95.0,7.0,29.24,83.5,0.0,14.1,14.5
275.685,90,118.0,1607.0,95.0,7.0,29.24,83.5,0.0,14.1,14.5
275.775,90,118.0,1607.0,95.0,7.0,29.24,83.5,0.0,14.1,14.1
275.867,90,118.0,1607.0,95.0,7.0,29.24,83.5,0.0,14.1,14.1
275.956,90,116.0,1607.0,95.0,7.0,29.24,83.5,0.0,14.1,14.1
276.046,90,116.0,1545.0,95.0,7.0,29.24,83.5,0.0,14.1,14.1
276.135,90,116.0,1545.0,92.0,7.0,29.24,83.5,0.0,14.1,14.1
276.227,90,116.0,1545.0,92.0,6.0,29.24,83.5,0.0,14.1,14.1
276.315,90,116.0,1545.0,92.0,6.0,27.41,83.5,0.0,14.1,14.1
276.405,90,116.0,1545.0,92.0,6.0,27.41,83.5,0.0,14.1,14.1
276.495,90,116.0,1545.0,92.0,6.0,27.41,83.5,0.0,14.1,14.1
276.585,90,116.0,1545.0,92.0,6.0,27.41,83.5,0.0,14.1,14.1
276.675,90,116.0,1545.0,92.0,6.0,27.41,83.5,0.0,14.1,14.5
276.766,90,116.0,1545.0,92.0,6.0,27.41,83.5,0.0,14.1,14.5
276.856,90,115.0,1545.0,92.0,6.0,27.41,83.5,0.0,14.1,14.5
276.946,90,115.0,1503.0,92.0,6.0,27.41,83.5,0.0,14.1,14.5
277.035,90,115.0,1503.0,89.0,6.0,27.41,83.5,0.0,14.1,14.5
277.125,90,115.0,1503.0,89.0,6.0,27.41,83.5,0.0,14.1,14.5
277.215,90,115.0,1503.0,89.0,6.0,26.88,83.5,0.0,14.1,14.5
277.305,90,115.0,1503.0,89.0,6.0,26.88,83.5,0.0,14.1,14.5
277.396,90,115.0,1503.0,89.0,6.0,26.88,83.5,0.0,14.1,14.5
277.485,90,115.0,1503.0,89.0,6.0,26.88,83.5,0.0,14.1,14.5
277.575,90,115.0,1503.0,89.0,6.0,26.88,83.5,0.0,14.1,14.5
277.665,89,115.0,1503.0,89.0,6.0,26.88,83.5,0.0,14.1,14.5
277.755,89,114.0,1503.0,89.0,6.0,26.88,83.5,0.0,14.1,14.5
277.845,89,114.0,1481.0,89.0,6.0,26.88,83.5,0.0,14.1,14.5
277.935,89,114.0,1481.0,88.0,6.0,26.88,83.5,0.0,14.1,14.5
278.025,89,114.0,1481.0,88.0,6.0,26.88,83.5,0.0,14.1,14.5
278.116,89,114.0,1481.0,88.0,6.0,26.47,83.5,0.0,14.1,14.5
278.206,89,114.0,1481.0,88.0,6.0,26.47,83.5,0.0,14.1,14.5
278.295,89,114.0,1481.0,88.0,6.0,26.47,83.5,0.0,14.1,14.5
278.385,89,114.0,1481.0,88.0,6.0,26.47,83.5,0.0,14.1,14.5
278.475,89,114.0,1481.0,88.0,6.0,26.47,83.5,0.0,14.1,14.5
278.565,89,114.0,1481.0,88.0,6.0,26.47,83.5,0.0,14.1,14.5
278.655,89,113.0,1481.0,88.0,6.0,26.47,83.5,0.0,14.1,14.5
278.745,89,113.0,1470.0,88.0,6.0,26.47,83.5,0.0,14.1,14.5
278.835,89,113.0,1470.0,87.0,6.0,26.47,83.5,0.0,14.1,14.5
278.925,89,113.0,1470.0,87.0,6.0,26.47,83.5,0.0,14.1,14.5
279.016,89,113.0,1470.0,87.0,6.0,18.52,83.5,0.0,14.1,14.5
279.105,89,113.0,1470.0,87.0,6.0,18.52,83.5,0.0,14.1,14.5
279.195,89,113.0,1470.0,87.0,6.0,18.52,83.5,0.0,14.1,14.5
279.285,89,113.0,1470.0,87.0,6.0,18.52,83.5,0.0,14.1,14.5
279.375,89,113.0,1470.0,87.0,6.0,18.52,83.5,0.0,14.1,14.5
279.465,89,113.0,1470.0,87.0,6.0,18.52,83.5,0.0,14.1,14.5
279.556,89,110.0,1470.0,87.0,6.0,18.52,83.5,0.0,14.1,14.5
279.646,89,110.0,1465.0,87.0,6.0,18.52,83.5,0.0,14.1,14.5
279.735,89,110.0,1465.0,87.0,6.0,18.52,83.5,0.0,14.1,14.5
279.825,89,110.0,1465.0,87.0,5.0,18.52,83.5,0.0,14.1,14.5
279.915,89,110.0,1465.0,87.0,5.0,14.05,83.5,0.0,14.1,14.5
280.008,89,110.0,1465.0,87.0,5.0,14.05,83.5,0.0,14.1,14.5
280.095,89,110.0,1465.0,87.0,5.0,14.05,83.5,0.0,14.1,14.5
280.185,89,110.0,1465.0,87.0,5.0,14.05,83.5,0.0,14.1,14.5
280.275,89,110.0,1465.0,87.0,5.0,14.05,83.5,0.0,14.1,14.5
280.365,89,110.0,1465.0,87.0,5.0,14.05,83.5,0.0,14.1,14.5
280.455,89,112.0,1465.0,87.0,5.0,14.05,83.5,0.0,14.1,14.5
280.546,89,112.0,1462.0,87.0,5.0,14.05,83.5,0.0,14.1,14.5
280.635,89,112.0,1462.0,86.0,5.0,14.05,83.5,0.0,14.1,14.5
280.726,89,112.0,1462.0,86.0,3.0,14.05,83.5,0.0,14.1,14.5
280.815,89,112.0,1462.0,86.0,3.0,14.19,83.5,0.0,14.1,14.5
280.905,89,112.0,1462.0,86.0,3.0,14.19,83.5,0.0,14.1,14.5
281.025,89,112.0,1462.0,86.0,3.0,14.19,83.5,0.0,14.1,14.5
281.115,89,112.0,1462.0,86.0,3.0,14.19,83.5,0.0,14.1,14.5
281.205,89,112.0,1462.0,86.0,3.0,14.19,83.5,0.0,14.1,14.5
281.295,89,112.0,1462.0,86.0,3.0,14.19,83.5,0.0,14.1,14.5
281.385,89,112.0,1462.0,86.0,3.0,14.19,83.5,0.0,14.1,14.5
281.477,89,112.0,1462.0,86.0,3.0,14.19,83.5,0.0,14.1,14.5
281.566,89,112.0,1462.0,86.0,3.0,14.19,83.5,0.0,14.1,14.5
281.656,89,112.0,1462.0,86.0,4.0,14.19,83.5,0.0,14.1,14.5
281.745,89,112.0,1462.0,86.0,4.0,14.02,83.5,0.0,14.1,14.5
281.835,89,112.0,1462.0,86.0,4.0,14.02,83.5,0.0,14.1,14.5
281.925,89,112.0,1462.0,86.0,4.0,14.02,83.5,0.0,14.1,14.5
282.015,89,112.0,1462.0,86.0,4.0,14.02,83.5,0.0,14.1,14.5
282.106,89,112.0,1462.0,86.0,4.0,14.02,83.5,0.0,14.1,14.5
282.195,89,112.0,1462.0,86.0,4.0,14.02,83.5,0.0,14.1,14.5
282.286,89,112.0,1462.0,86.0,4.0,14.02,83.5,0.0,14.1,14.5
282.376,89,112.0,1459.0,86.0,4.0,14.02,83.5,0.0,14.1,14.5
282.466,89,112.0,1459.0,86.0,4.0,14.02,83.5,0.0,14.1,14.5
282.556,89,112.0,1459.0,86.0,4.0,14.02,83.5,0.0,14.1,14.5
282.646,89,112.0,1459.0,86.0,4.0,14.24,83.5,0.0,14.1,14.5
282.736,89,112.0,1459.0,86.0,4.0,14.24,83.5,0.0,14.1,14.5
282.825,89,112.0,1459.0,86.0,4.0,14.24,83.5,0.0,14.1,14.5
282.915,89,112.0,1459.0,86.0,4.0,14.24,83.5,0.0,14.1,14.5
283.006,89,112.0,1459.0,86.0,4.0,14.24,83.5,0.0,14.1,14.5
283.097,89,112.0,1459.0,86.0,4.0,14.24,83.5,0.0,14.1,14.5
283.185,89,112.0,1459.0,86.0,4.0,14.24,83.5,0.0,14.1,14.5
283.276,89,112.0,1460.0,86.0,4.0,14.24,83.5,0.0,14.1,14.5
283.366,89,112.0,1460.0,86.0,4.0,14.24,83.5,0.0,14.1,14.5
283.456,89,112.0,1460.0,86.0,4.0,14.24,83.5,0.0,14.1,14.5
283.546,89,112.0,1460.0,86.0,4.0,13.8,83.5,0.0,14.1,14.5
283.635,89,112.0,1460.0,86.0,4.0,13.8,83.5,0.0,14.1,14.5
283.725,89,112.0,1460.0,86.0,4.0,13.8,83.5,0.0,14.1,14.5
283.815,89,112.0,1460.0,86.0,4.0,13.8,83.5,0.0,14.1,14.5
283.906,89,112.0,1460.0,86.0,4.0,13.8,83.5,0.0,14.1,14.5
283.996,89,112.0,1460.0,86.0,4.0,13.8,83.5,0.0,14.1,14.5
284.085,89,112.0,1460.0,86.0,4.0,13.8,83.5,0.0,14.1,14.5
284.175,89,112.0,1460.0,86.0,4.0,13.8,83.5,0.0,14.1,14.5
284.265,89,112.0,1460.0,86.0,4.0,13.8,83.5,0.0,14.1,14.5
284.355,89,112.0,1460.0,86.0,4.0,13.8,83.5,0.0,14.1,14.5
284.445,89,112.0,1460.0,86.0,4.0,14.16,83.5,0.0,14.1,14.5
284.535,89,112.0,1460.0,86.0,4.0,14.16,83.5,0.0,14.1,14.5
284.625,89,112.0,1460.0,86.0,4.0,14.16,83.5,0.0,14.1,14.5
284.715,89,112.0,1460.0,86.0,4.0,14.16,83.5,0.0,14.1,14.5
284.805,89,112.0,1460.0,86.0,4.0,14.16,83.5,0.0,14.1,14.5
284.895,89,112.0,1460.0,86.0,4.0,14.16,83.5,0.0,14.1,14.5
284.985,89,112.0,1460.0,86.0,4.0,14.16,83.5,0.0,14.1,14.5
285.076,89,112.0,1461.0,86.0,4.0,14.16,83.5,0.0,14.1,14.5
285.166,89,112.0,1461.0,86.0,4.0,14.16,83.5,0.0,14.1,14.5
285.255,89,112.0,1461.0,86.0,5.0,14.16,83.5,0.0,14.1,14.5
285.345,89,112.0,1461.0,86.0,5.0,14.11,83.5,0.0,14.1,14.5
285.435,89,112.0,1461.0,86.0,5.0,14.11,83.5,0.0,14.1,14.5
285.526,89,112.0,1461.0,86.0,5.0,14.11,83.5,0.0,14.1,14.5
285.615,89,112.0,1461.0,86.0,5.0,14.11,83.5,0.0,14.1,14.5
285.705,89,112.0,1461.0,86.0,5.0,14.11,83.5,0.0,14.1,14.5
285.795,89,112.0,1461.0,86.0,5.0,14.11,83.5,0.0,14.1,14.5
285.885,89,111.0,1461.0,86.0,5.0,14.11,83.5,0.0,14.1,14.5
285.976,89,111.0,1461.0,86.0,5.0,14.11,83.5,0.0,14.1,14.5
286.066,89,111.0,1461.0,86.0,5.0,14.11,83.5,0.0,14.1,14.5
286.156,89,111.0,1461.0,86.0,5.0,14.11,83.5,0.0,14.1,14.5
286.246,89,111.0,1461.0,86.0,5.0,14.13,83.5,0.0,14.1,14.5
286.365,89,111.0,1461.0,86.0,5.0,14.13,83.5,0.0,14.1,14.5
286.455,89,111.0,1461.0,86.0,5.0,14.13,83.5,0.0,14.1,14.5
286.545,89,111.0,1461.0,86.0,5.0,14.13,83.5,0.0,14.1,14.5
286.635,89,111.0,1461.0,86.0,5.0,14.13,83.5,0.0,14.1,14.5
286.725,89,111.0,1461.0,86.0,5.0,14.13,83.5,0.0,14.1,14.5
286.815,89,111.0,1461.0,86.0,5.0,14.13,83.5,0.0,14.1,14.5
286.905,89,111.0,1461.0,86.0,5.0,14.13,83.5,0.0,14.1,14.5
286.996,89,111.0,1461.0,86.0,5.0,14.13,83.5,0.0,14.1,14.5
287.085,89,111.0,1461.0,86.0,5.0,14.13,83.5,0.0,14.1,14.5
287.175,89,111.0,1461.0,86.0,5.0,14.02,83.5,0.0,14.1,14.5
287.265,89,111.0,1461.0,86.0,5.0,14.02,83.5,0.0,14.1,14.5
287.355,89,111.0,1461.0,86.0,5.0,14.02,83.5,0.0,14.1,14.5
287.445,89,111.0,1461.0,86.0,5.0,14.02,83.5,0.0,14.1,14.5
287.535,89,111.0,1461.0,86.0,5.0,14.02,83.5,0.0,14.1,14.5
287.625,89,111.0,1461.0,86.0,5.0,14.02,83.5,0.0,14.1,14.5
287.715,89,110.0,1461.0,86.0,5.0,14.02,83.5,0.0,14.1,14.5
287.805,89,110.0,1460.0,86.0,5.0,14.02,83.5,0.0,14.1,14.5
287.895,89,110.0,1460.0,86.0,5.0,14.02,83.5,0.0,14.1,14.5
287.985,89,110.0,1460.0,86.0,5.0,14.02,83.5,0.0,14.1,14.5
288.075,89,110.0,1460.0,86.0,5.0,13.94,83.5,0.0,14.1,14.5
288.165,89,110.0,1460.0,86.0,5.0,13.94,83.5,0.0,14.1,14.5
288.255,89,110.0,1460.0,86.0,5.0,13.94,83.5,0.0,14.1,14.5
288.345,89,110.0,1460.0,86.0,5.0,13.94,83.5,0.0,14.1,14.5
288.435,89,110.0,1460.0,86.0,5.0,13.94,83.5,0.0,14.1,14.5
288.525,89,110.0,1460.0,86.0,5.0,13.94,83.5,0.0,14.1,14.5
288.616,89,112.0,1460.0,86.0,5.0,13.94,83.5,0.0,14.1,14.5
288.706,89,112.0,1463.0,86.0,5.0,13.94,83.5,0.0,14.1,14.5
288.799,89,112.0,1463.0,87.0,5.0,13.94,83.5,0.0,14.1,14.5
288.885,89,112.0,1463.0,87.0,6.0,13.94,83.5,0.0,14.1,14.5
288.975,89,112.0,1463.0,87.0,6.0,25.83,83.5,0.0,14.1,14.5
289.066,89,112.0,1463.0,87.0,6.0,25.83,83.5,0.0,14.1,14.5
289.155,89,112.0,1463.0,87.0,6.0,25.83,83.5,0.0,14.1,14.5
289.245,89,112.0,1463.0,87.0,6.0,25.83,83.5,0.0,14.1,14.5
289.335,89,112.0,1463.0,87.0,6.0,25.83,83.5,0.0,14.1,14.5
289.425,89,112.0,1463.0,87.0,6.0,25.83,83.5,0.0,14.1,14.5
289.517,89,112.0,1463.0,87.0,6.0,25.83,83.5,0.0,14.1,14.5
289.605,89,112.0,1459.0,87.0,6.0,25.83,83.5,0.0,14.1,14.5
289.696,89,112.0,1459.0,86.0,6.0,25.83,83.5,0.0,14.1,14.5
289.786,89,112.0,1459.0,86.0,8.0,25.83,83.5,0.0,14.1,14.5
289.875,89,112.0,1459.0,86.0,8.0,25.91,83.5,0.0,14.1,14.5
289.965,89,112.0,1459.0,86.0,8.0,25.91,83.5,0.0,14.1,14.5
290.057,89,112.0,1459.0,86.0,8.0,25.91,83.5,0.0,14.1,14.5
290.145,89,112.0,1459.0,86.0,8.0,25.91,83.5,0.0,14.1,14.5
290.237,89,112.0,1459.0,86.0,8.0,25.91,83.5,0.0,14.1,14.5
290.325,89,112.0,1459.0,86.0,8.0,25.91,83.5,0.0,14.1,14.5
290.415,89,111.0,1459.0,86.0,8.0,25.91,83.5,0.0,14.1,14.5
290.506,89,111.0,1454.0,86.0,8.0,25.91,83.5,0.0,14.1,14.5
290.595,89,111.0,1454.0,86.0,8.0,25.91,83.5,0.0,14.1,14.5
290.685,89,111.0,1454.0,86.0,8.0,25.91,83.5,0.0,14.1,14.5
290.775,89,111.0,1454.0,86.0,8.0,11.38,83.5,0.0,14.1,14.5
290.865,89,111.0,1454.0,86.0,8.0,11.38,83.5,0.0,14.1,14.5
290.955,89,111.0,1454.0,86.0,8.0,11.38,83.5,0.0,14.1,14.5
291.045,89,111.0,1454.0,86.0,8.0,11.38,83.5,0.0,14.1,14.5
291.135,89,111.0,1454.0,86.0,8.0,11.38,83.5,0.0,14.1,14.5
291.225,89,111.0,1454.0,86.0,8.0,11.38,83.5,0.0,14.1,14.5
291.345,89,111.0,1454.0,86.0,8.0,11.38,83.5,0.0,14.1,14.5
291.437,89,111.0,1451.0,86.0,8.0,11.38,83.5,0.0,14.1,14.5
291.525,89,111.0,1451.0,86.0,8.0,11.38,83.5,0.0,14.1,14.5
291.615,89,111.0,1451.0,86.0,5.0,11.38,83.5,0.0,14.1,14.5
291.705,89,111.0,1451.0,86.0,5.0,14.3,83.5,0.0,14.1,14.5
291.795,89,111.0,1451.0,86.0,5.0,14.3,83.5,0.0,14.1,14.5
291.885,89,111.0,1451.0,86.0,5.0,14.3,83.5,0.0,14.1,14.5
291.975,89,111.0,1451.0,86.0,5.0,14.3,83.5,0.0,14.1,14.5
292.065,89,111.0,1451.0,86.0,5.0,14.3,83.5,0.0,14.1,14.5
292.155,89,111.0,1451.0,86.0,5.0,14.3,83.5,0.0,14.1,14.5
292.245,89,112.0,1451.0,86.0,5.0,14.3,83.5,0.0,14.1,14.5
292.336,89,112.0,1446.0,86.0,5.0,14.3,83.5,0.0,14.1,14.5
292.425,89,112.0,1446.0,85.0,5.0,14.3,83.5,0.0,14.1,14.5
292.515,89,112.0,1446.0,85.0,5.0,14.3,83.5,0.0,14.1,14.5
292.605,89,112.0,1446.0,85.0,5.0,12.86,83.5,0.0,14.1,14.5
292.696,89,112.0,1446.0,85.0,5.0,12.86,83.5,0.0,14.1,14.5
292.785,89,112.0,1446.0,85.0,5.0,12.86,83.5,0.0,14.1,14.5
292.875,89,112.0,1446.0,85.0,5.0,12.86,83.5,0.0,14.1,14.5
292.965,89,112.0,1446.0,85.0,5.0,12.86,83.5,0.0,14.1,14.5
293.055,89,112.0,1446.0,85.0,5.0,12.86,83.5,0.0,14.1,14.5
293.146,89,114.0,1446.0,85.0,5.0,12.86,83.5,0.0,14.1,14.5
293.235,89,114.0,1447.0,85.0,5.0,12.86,83.5,0.0,14.1,14.5
293.325,89,114.0,1447.0,85.0,5.0,12.86,83.5,0.0,14.1,14.5
293.415,89,114.0,1447.0,85.0,5.0,12.86,83.5,0.0,14.1,14.5
293.505,89,114.0,1447.0,85.0,5.0,11.86,83.5,0.0,14.1,14.5
293.598,89,114.0,1447.0,85.0,5.0,11.86,83.5,0.0,14.1,14.5
293.685,89,114.0,1447.0,85.0,5.0,11.86,83.5,0.0,14.1,14.5
293.775,89,114.0,1447.0,85.0,5.0,11.86,83.5,0.0,14.1,14.5
293.865,89,114.0,1447.0,85.0,5.0,11.86,83.5,0.0,14.1,14.5
293.955,88,114.0,1447.0,85.0,5.0,11.86,83.5,0.0,14.1,14.5
294.045,88,104.0,1447.0,85.0,5.0,11.86,83.5,0.0,14.1,14.5
294.135,88,104.0,1443.0,85.0,5.0,11.86,83.5,0.0,14.1,14.5
294.225,88,104.0,1443.0,85.0,5.0,11.86,83.5,0.0,14.1,14.5
294.317,88,104.0,1443.0,85.0,4.0,11.86,83.5,0.0,14.1,14.5
294.405,88,104.0,1443.0,85.0,4.0,11.63,83.5,0.0,14.1,14.5
294.495,88,104.0,1443.0,85.0,4.0,11.63,83.5,0.0,14.1,14.5
294.585,88,104.0,1443.0,85.0,4.0,11.63,83.5,0.0,14.1,14.5
294.675,88,104.0,1443.0,85.0,4.0,11.63,83.5,0.0,14.1,14.5
294.766,88,104.0,1443.0,85.0,4.0,11.63,83.5,0.0,14.1,14.5
294.855,88,104.0,1443.0,85.0,4.0,11.63,83.5,0.0,14.1,14.5
294.945,88,103.0,1443.0,85.0,4.0,11.63,83.5,0.0,14.1,14.5
295.035,88,103.0,1444.0,85.0,4.0,11.63,83.5,0.0,14.1,14.5
295.126,88,103.0,1444.0,85.0,4.0,11.63,83.5,0.0,14.1,14.5
295.215,88,103.0,1444.0,85.0,4.0,11.63,83.5,0.0,14.1,14.5
295.311,88,103.0,1444.0,85.0,4.0,11.86,83.5,0.0,14.1,14.5
295.395,88,103.0,1444.0,85.0,4.0,11.86,83.5,0.0,14.1,14.5
295.485,88,103.0,1444.0,85.0,4.0,11.86,83.5,0.0,14.1,14.5
295.576,88,103.0,1444.0,85.0,4.0,11.86,83.5,0.0,14.1,14.5
295.665,88,103.0,1444.0,85.0,4.0,11.86,83.5,0.0,14.1,14.5
295.755,88,103.0,1444.0,85.0,4.0,11.86,83.5,0.0,14.1,14.5
295.845,88,107.0,1444.0,85.0,4.0,11.86,83.5,0.0,14.1,14.5
295.936,88,107.0,1443.0,85.0,4.0,11.86,83.5,0.0,14.1,14.5
296.025,88,107.0,1443.0,85.0,4.0,11.86,83.5,0.0,14.1,14.5
296.116,88,107.0,1443.0,85.0,5.0,11.86,83.5,0.0,14.1,14.5
296.205,88,107.0,1443.0,85.0,5.0,11.94,83.5,0.0,14.1,14.5
296.296,88,107.0,1443.0,85.0,5.0,11.94,83.5,0.0,14.1,14.5
296.42,88,107.0,1443.0,85.0,5.0,11.94,83.5,0.0,14.1,14.5
296.505,88,107.0,1443.0,85.0,5.0,11.94,83.5,0.0,14.1,14.5
296.595,88,107.0,1443.0,85.0,5.0,11.94,83.5,0.0,14.1,14.5
296.685,88,107.0,1443.0,85.0,5.0,11.94,83.5,0.0,14.1,14.5
296.775,88,111.0,1443.0,85.0,5.0,11.94,83.5,0.0,14.1,14.5
296.865,88,111.0,1439.0,85.0,5.0,11.94,83.5,0.0,14.1,14.5
296.955,88,111.0,1439.0,85.0,5.0,11.94,83.5,0.0,14.1,14.5
297.045,88,111.0,1439.0,85.0,5.0,11.94,83.5,0.0,14.1,14.5
297.135,88,111.0,1439.0,85.0,5.0,12.99,83.5,0.0,14.1,14.5
297.255,88,111.0,1439.0,85.0,5.0,12.99,83.5,0.0,14.1,14.5
297.346,88,111.0,1439.0,85.0,5.0,12.99,83.5,0.0,14.1,14.5
297.435,88,111.0,1439.0,85.0,5.0,12.99,83.5,0.0,14.1,14.5
297.53,88,111.0,1439.0,85.0,5.0,12.99,83.5,0.0,14.1,14.5
297.615,88,111.0,1439.0,85.0,5.0,12.99,83.5,0.0,14.1,14.5
297.706,88,115.0,1439.0,85.0,5.0,12.99,83.5,0.0,14.1,14.5
297.794,88,115.0,1441.0,85.0,5.0,12.99,83.5,0.0,14.1,14.5
297.885,88,115.0,1441.0,85.0,5.0,12.99,83.5,0.0,14.1,14.5
297.975,88,115.0,1441.0,85.0,5.0,12.99,83.5,0.0,14.1,14.5
298.065,88,115.0,1441.0,85.0,5.0,15.02,83.5,0.0,14.1,14.5
298.155,88,115.0,1441.0,85.0,5.0,15.02,83.5,0.0,14.1,14.5
298.245,88,115.0,1441.0,85.0,5.0,15.02,83.5,0.0,14.1,14.5
298.336,88,115.0,1441.0,85.0,5.0,15.02,83.5,0.0,14.1,14.5
298.425,88,115.0,1441.0,85.0,5.0,15.02,83.5,0.0,14.1,14.5
298.518,88,115.0,1441.0,85.0,5.0,15.02,83.5,0.0,14.1,14.5
298.605,88,118.0,1441.0,85.0,5.0,15.02,83.5,0.0,14.1,14.5
298.695,88,118.0,1439.0,85.0,5.0,15.02,83.5,0.0,14.1,14.5
298.785,88,118.0,1439.0,85.0,5.0,15.02,83.5,0.0,14.1,14.5
298.875,88,118.0,1439.0,85.0,6.0,15.02,83.5,0.0,14.1,14.5
298.965,88,118.0,1439.0,85.0,6.0,15.47,83.5,0.0,14.1,14.5
299.055,88,118.0,1439.0,85.0,6.0,15.47,83.5,0.0,14.1,14.5
299.145,88,118.0,1439.0,85.0,6.0,15.47,83.5,0.0,14.1,14.5
299.235,88,118.0,1439.0,85.0,6.0,15.47,83.5,0.0,14.1,14.5
299.325,88,118.0,1439.0,85.0,6.0,15.47,83.5,0.0,14.1,14.5
299.415,88,118.0,1439.0,85.0,6.0,15.47,83.5,0.0,14.1,14.5
299.505,88,118.0,1439.0,85.0,6.0,15.47,83.5,0.0,14.1,14.5
299.595,88,118.0,1440.0,85.0,6.0,15.47,83.5,0.0,14.1,14.5
299.685,88,118.0,1440.0,86.0,6.0,15.47,83.5,0.0,14.1,14.5
299.774,88,118.0,1440.0,86.0,6.0,15.47,83.5,0.0,14.1,14.5
299.865,88,118.0,1440.0,86.0,6.0,15.16,83.5,0.0,14.1,14.5
299.955,88,118.0,1440.0,86.0,6.0,15.16,83.5,0.0,14.1,14.5
300.045,88,118.0,1440.0,86.0,6.0,15.16,83.5,0.0,14.1,14.5
300.135,88,118.0,1440.0,86.0,6.0,15.16,83.5,0.0,14.1,14.5
300.225,88,118.0,1440.0,86.0,6.0,15.16,83.5,0.0,14.1,14.5
300.315,88,118.0,1440.0,86.0,6.0,15.16,83.5,0.0,14.1,14.5
300.405,88,118.0,1440.0,86.0,6.0,15.16,83.5,0.0,14.1,14.5
300.496,88,118.0,1448.0,86.0,6.0,15.16,83.5,0.0,14.1,14.5
300.585,88,118.0,1448.0,86.0,6.0,15.16,83.5,0.0,14.1,14.5
300.675,88,118.0,1448.0,86.0,6.0,15.16,83.5,0.0,14.1,14.5
300.765,88,118.0,1448.0,86.0,6.0,15.44,83.5,0.0,14.1,14.5
300.855,88,118.0,1448.0,86.0,6.0,15.44,83.5,0.0,14.1,14.5
300.945,88,118.0,1448.0,86.0,6.0,15.44,83.5,0.0,14.1,14.5
301.065,88,118.0,1448.0,86.0,6.0,15.44,83.5,0.0,14.1,14.5
301.155,88,118.0,1448.0,86.0,6.0,15.44,83.5,0.0,14.1,14.5
301.245,88,118.0,1448.0,86.0,6.0,15.44,83.5,0.0,14.1,14.5
301.366,88,117.0,1448.0,86.0,6.0,15.44,83.5,0.0,14.1,14.5
301.455,88,117.0,1447.0,86.0,6.0,15.44,83.5,0.0,14.1,14.5
301.547,88,117.0,1447.0,86.0,6.0,15.44,83.5,0.0,14.1,14.5
301.635,88,117.0,1447.0,86.0,6.0,15.44,83.5,0.0,14.1,14.5
301.729,88,117.0,1447.0,86.0,6.0,15.24,83.5,0.0,14.1,14.5
301.815,88,117.0,1447.0,86.0,6.0,15.24,83.5,0.0,14.1,14.5
301.905,88,117.0,1447.0,86.0,6.0,15.24,83.5,0.0,14.1,14.5
301.995,88,117.0,1447.0,86.0,6.0,15.24,83.5,0.0,14.1,14.5
302.085,88,117.0,1447.0,86.0,6.0,15.24,83.5,0.0,14.1,14.5
302.175,88,117.0,1447.0,86.0,6.0,15.24,83.5,0.0,14.1,14.5
302.266,88,117.0,1447.0,86.0,6.0,15.24,83.5,0.0,14.1,14.5
302.355,88,117.0,1448.0,86.0,6.0,15.24,83.5,0.0,14.1,14.5
302.445,88,117.0,1448.0,86.0,6.0,15.24,83.5,0.0,14.1,14.5
302.536,88,117.0,1448.0,86.0,6.0,15.24,83.5,0.0,14.1,14.5
302.628,88,117.0,1448.0,86.0,6.0,15.36,83.5,0.0,14.1,14.5
302.715,88,117.0,1448.0,86.0,6.0,15.36,83.5,0.0,14.1,14.5
302.804,88,117.0,1448.0,86.0,6.0,15.36,83.5,0.0,14.1,14.5
302.896,88,117.0,1448.0,86.0,6.0,15.36,83.5,0.0,14.1,14.5
302.985,88,117.0,1448.0,86.0,6.0,15.36,83.5,0.0,14.1,14.1
303.075,88,117.0,1448.0,86.0,6.0,15.36,83.5,0.0,14.1,14.1
303.166,88,118.0,1448.0,86.0,6.0,15.36,83.5,0.0,14.1,14.1
303.255,88,118.0,1448.0,86.0,6.0,15.36,83.5,0.0,14.1,14.1
303.345,88,118.0,1448.0,86.0,6.0,15.36,83.5,0.0,14.1,14.1
303.434,88,118.0,1448.0,86.0,6.0,15.36,83.5,0.0,14.1,14.1
303.524,88,118.0,1448.0,86.0,6.0,15.58,83.5,0.0,14.1,14.1
303.614,88,118.0,1448.0,86.0,6.0,15.58,83.5,0.0,14.1,14.1
303.704,88,118.0,1448.0,86.0,6.0,15.58,83.5,0.0,14.1,14.1
303.794,88,118.0,1448.0,86.0,6.0,15.58,83.5,0.0,14.1,14.1
303.885,88,118.0,1448.0,86.0,6.0,15.58,83.5,0.0,14.1,14.5
303.975,88,118.0,1448.0,86.0,6.0,15.58,83.5,0.0,14.1,14.5
304.065,88,119.0,1448.0,86.0,6.0,15.58,83.5,0.0,14.1,14.5
304.157,88,119.0,1452.0,86.0,6.0,15.58,83.5,0.0,14.1,14.5
304.245,88,119.0,1452.0,86.0,6.0,15.58,83.5,0.0,14.1,14.5
304.335,88,119.0,1452.0,86.0,6.0,15.58,83.5,0.0,14.1,14.5
304.425,88,119.0,1452.0,86.0,6.0,15.72,83.5,0.0,14.1,14.5
304.515,88,119.0,1452.0,86.0,6.0,15.72,83.5,0.0,14.1,14.5
304.605,88,119.0,1452.0,86.0,6.0,15.72,83.5,0.0,14.1,14.5
304.695,88,119.0,1452.0,86.0,6.0,15.72,83.5,0.0,14.1,14.5
304.785,88,119.0,1452.0,86.0,6.0,15.72,83.5,0.0,14.1,14.5
304.875,88,119.0,1452.0,86.0,6.0,15.72,83.5,0.0,14.1,14.5
304.965,88,119.0,1452.0,86.0,6.0,15.72,83.5,0.0,14.1,14.5
305.054,88,119.0,1455.0,86.0,6.0,15.72,83.5,0.0,14.1,14.5
305.144,88,119.0,1455.0,86.0,6.0,15.72,83.5,0.0,14.1,14.5
305.235,88,119.0,1455.0,86.0,6.0,15.72,83.5,0.0,14.1,14.5
305.325,88,119.0,1455.0,86.0,6.0,15.66,83.5,0.0,14.1,14.5
305.415,88,119.0,1455.0,86.0,6.0,15.66,83.5,0.0,14.1,14.5
305.505,88,119.0,1455.0,86.0,6.0,15.66,83.5,0.0,14.1,14.5
305.595,88,119.0,1455.0,86.0,6.0,15.66,83.5,0.0,14.1,14.5
305.685,88,119.0,1455.0,86.0,6.0,15.66,83.5,0.0,14.1,14.5
305.775,88,119.0,1455.0,86.0,6.0,15.66,83.5,0.0,14.1,14.5
305.865,88,119.0,1455.0,86.0,6.0,15.66,83.5,0.0,14.1,14.5
305.955,88,119.0,1458.0,86.0,6.0,15.66,83.5,0.0,14.1,14.5
306.045,88,119.0,1458.0,86.0,6.0,15.66,83.5,0.0,14.1,14.5
306.135,88,119.0,1458.0,86.0,6.0,15.66,83.5,0.0,14.1,14.5
306.225,88,119.0,1458.0,86.0,6.0,15.24,83.5,0.0,14.1,14.5
306.315,88,119.0,1458.0,86.0,6.0,15.24,83.5,0.0,14.1,14.5
306.405,88,119.0,1458.0,86.0,6.0,15.24,83.5,0.0,14.1,14.5
306.495,88,119.0,1458.0,86.0,6.0,15.24,83.5,0.0,14.1,14.5
306.586,88,119.0,1458.0,86.0,6.0,15.24,83.5,0.0,14.1,14.5
306.675,88,119.0,1458.0,86.0,6.0,15.24,83.5,0.0,14.1,14.5
306.765,88,117.0,1458.0,86.0,6.0,15.24,83.5,0.0,14.1,14.5
306.855,88,117.0,1451.0,86.0,6.0,15.24,83.5,0.0,14.1,14.5
306.945,88,117.0,1451.0,86.0,6.0,15.24,83.5,0.0,14.1,14.5
307.035,88,117.0,1451.0,86.0,6.0,15.24,83.5,0.0,14.1,14.5
307.125,88,117.0,1451.0,86.0,6.0,15.36,83.5,0.0,14.1,14.5
307.215,88,117.0,1451.0,86.0,6.0,15.36,83.5,0.0,14.1,14.5
307.305,88,117.0,1451.0,86.0,6.0,15.36,83.5,0.0,14.1,14.5
307.395,88,117.0,1451.0,86.0,6.0,15.36,83.5,0.0,14.1,14.5
307.485,88,117.0,1451.0,86.0,6.0,15.36,83.5,0.0,14.1,14.5
307.576,88,117.0,1451.0,86.0,6.0,15.36,83.5,0.0,14.1,14.5
307.664,88,117.0,1451.0,86.0,6.0,15.36,83.5,0.0,14.1,14.5
307.725,88,117.0,1460.0,86.0,6.0,15.36,83.5,0.0,14.1,14.5
307.814,88,117.0,1460.0,86.0,6.0,15.36,83.5,0.0,14.1,14.5
307.905,88,117.0,1460.0,86.0,6.0,15.36,83.5,0.0,14.1,14.5
307.995,88,117.0,1460.0,86.0,6.0,15.52,83.5,0.0,14.1,14.5
308.085,88,117.0,1460.0,86.0,6.0,15.52,83.5,0.0,14.1,14.5
308.175,88,117.0,1460.0,86.0,6.0,15.52,83.5,0.0,14.1,14.5
308.265,88,117.0,1460.0,86.0,6.0,15.52,83.5,0.0,14.1,14.5
308.356,88,117.0,1460.0,86.0,6.0,15.52,83.5,0.0,14.1,14.5
308.445,88,117.0,1460.0,86.0,6.0,15.52,83.5,0.0,14.1,14.5
308.535,88,117.0,1460.0,86.0,6.0,15.52,83.5,0.0,14.1,14.5
308.626,88,117.0,1459.0,86.0,6.0,15.52,83.5,0.0,14.1,14.5
308.715,88,117.0,1459.0,86.0,6.0,15.52,83.5,0.0,14.1,14.5
308.804,88,117.0,1459.0,86.0,6.0,15.52,83.5,0.0,14.1,14.5
308.895,88,117.0,1459.0,86.0,6.0,15.3,83.5,0.0,14.1,14.5
308.985,88,117.0,1459.0,86.0,6.0,15.3,83.5,0.0,14.1,14.5
309.075,88,117.0,1459.0,86.0,6.0,15.3,83.5,0.0,14.1,14.5
309.166,88,117.0,1459.0,86.0,6.0,15.3,83.5,0.0,14.1,14.5
309.255,88,117.0,1459.0,86.0,6.0,15.3,83.5,0.0,14.1,14.5
309.345,89,117.0,1459.0,86.0,6.0,15.3,83.5,0.0,14.1,14.5
309.435,89,117.0,1459.0,86.0,6.0,15.3,83.5,0.0,14.1,14.5
309.525,89,117.0,1457.0,86.0,6.0,15.3,83.5,0.0,14.1,14.5
309.615,89,117.0,1457.0,86.0,6.0,15.3,83.5,0.0,14.1,14.5
309.677,89,117.0,1457.0,86.0,6.0,15.3,83.5,0.0,14.1,14.5
309.765,89,117.0,1457.0,86.0,6.0,15.38,83.5,0.0,14.1,14.5
309.855,89,117.0,1457.0,86.0,6.0,15.38,83.5,0.0,14.1,14.5
309.946,89,117.0,1457.0,86.0,6.0,15.38,83.5,0.0,14.1,14.5
310.035,89,117.0,1457.0,86.0,6.0,15.38,83.5,0.0,14.1,14.5
310.125,89,117.0,1457.0,86.0,6.0,15.38,83.5,0.0,14.1,14.5
310.215,89,117.0,1457.0,86.0,6.0,15.38,83.5,0.0,14.1,14.5
310.305,89,117.0,1457.0,86.0,6.0,15.38,83.5,0.0,14.1,14.5
310.395,89,117.0,1459.0,86.0,6.0,15.38,83.5,0.0,14.1,14.5
310.485,89,117.0,1459.0,86.0,6.0,15.38,83.5,0.0,14.1,14.5
310.575,89,117.0,1459.0,86.0,6.0,15.38,83.5,0.0,14.1,14.5
310.665,89,117.0,1459.0,86.0,6.0,15.22,83.5,0.0,14.1,14.5
310.756,89,117.0,1459.0,86.0,6.0,15.22,83.5,0.0,14.1,14.5
310.844,89,117.0,1459.0,86.0,6.0,15.22,83.5,0.0,14.1,14.5
310.935,89,117.0,1459.0,86.0,6.0,15.22,83.5,0.0,14.1,14.5
311.025,89,117.0,1459.0,86.0,6.0,15.22,83.5,0.0,14.1,14.5
311.115,89,117.0,1459.0,86.0,6.0,15.22,83.5,0.0,14.1,14.5
311.205,89,117.0,1459.0,86.0,6.0,15.22,83.5,0.0,14.1,14.5
311.295,89,117.0,1458.0,86.0,6.0,15.22,83.5,0.0,14.1,14.5
311.387,89,117.0,1458.0,86.0,6.0,15.22,83.5,0.0,14.1,14.5
311.475,89,117.0,1458.0,86.0,6.0,15.22,83.5,0.0,14.1,14.5
311.565,89,117.0,1458.0,86.0,6.0,15.3,83.5,0.0,14.1,14.5
311.627,89,117.0,1458.0,86.0,6.0,15.3,83.5,0.0,14.1,14.5
311.717,89,117.0,1458.0,86.0,6.0,15.3,83.5,0.0,14.1,14.5
311.805,89,117.0,1458.0,86.0,6.0,15.3,83.5,0.0,14.1,14.5
311.895,89,117.0,1458.0,86.0,6.0,15.3,83.5,0.0,14.1,14.5
311.986,89,117.0,1458.0,86.0,6.0,15.3,83.5,0.0,14.1,14.5
312.075,89,117.0,1458.0,86.0,6.0,15.3,83.5,0.0,14.1,14.5
312.165,89,117.0,1459.0,86.0,6.0,15.3,83.5,0.0,14.1,14.5
312.255,89,117.0,1459.0,86.0,6.0,15.3,83.5,0.0,14.1,14.5
312.345,89,117.0,1459.0,86.0,6.0,15.3,83.5,0.0,14.1,14.5
312.435,89,117.0,1459.0,86.0,6.0,15.36,83.5,0.0,14.1,14.5
312.525,89,117.0,1459.0,86.0,6.0,15.36,83.5,0.0,14.1,14.5
312.615,89,117.0,1459.0,86.0,6.0,15.36,83.5,0.0,14.1,14.5
312.705,89,117.0,1459.0,86.0,6.0,15.36,83.5,0.0,14.1,14.5
312.795,89,117.0,1459.0,86.0,6.0,15.36,83.5,0.0,14.1,14.5
312.885,89,117.0,1459.0,86.0,6.0,15.36,83.5,0.0,14.1,14.5
312.975,89,117.0,1459.0,86.0,6.0,15.36,83.5,0.0,14.1,14.5
313.065,89,117.0,1458.0,86.0,6.0,15.36,83.5,0.0,14.1,14.5
313.155,89,117.0,1458.0,86.0,6.0,15.36,83.5,0.0,14.1,14.5
313.245,89,117.0,1458.0,86.0,6.0,15.36,83.5,0.0,14.1,14.5
313.335,89,117.0,1458.0,86.0,6.0,15.41,83.5,0.0,14.1,14.5
313.425,89,117.0,1458.0,86.0,6.0,15.41,83.5,0.0,14.1,14.5
313.515,89,117.0,1458.0,86.0,6.0,15.41,83.5,0.0,14.1,14.5
313.605,89,117.0,1458.0,86.0,6.0,15.41,83.5,0.0,14.1,14.5
313.695,89,117.0,1458.0,86.0,6.0,15.41,83.5,0.0,14.1,14.5
313.787,89,117.0,1458.0,86.0,6.0,15.41,83.5,0.0,14.1,14.5
313.875,89,117.0,1458.0,86.0,6.0,15.41,83.5,0.0,14.1,14.5
313.965,89,117.0,1458.0,86.0,6.0,15.41,83.5,0.0,14.1,14.5
314.028,89,117.0,1458.0,86.0,6.0,15.41,83.5,0.0,14.1,14.5
314.115,89,117.0,1458.0,86.0,6.0,15.41,83.5,0.0,14.1,14.5
314.205,89,117.0,1458.0,86.0,6.0,15.13,83.5,0.0,14.1,14.5
314.295,89,117.0,1458.0,86.0,6.0,15.13,83.5,0.0,14.1,14.5
314.385,89,117.0,1458.0,86.0,6.0,15.13,83.5,0.0,14.1,14.5
314.476,89,117.0,1458.0,86.0,6.0,15.13,83.5,0.0,14.1,14.5
314.565,89,117.0,1458.0,86.0,6.0,15.13,83.5,0.0,14.1,14.5
314.655,89,117.0,1458.0,86.0,6.0,15.13,83.5,0.0,14.1,14.5
314.745,89,118.0,1458.0,86.0,6.0,15.13,83.5,0.0,14.1,14.5
314.834,89,118.0,1457.0,86.0,6.0,15.13,83.5,0.0,14.1,14.5
314.925,89,118.0,1457.0,86.0,6.0,15.13,83.5,0.0,14.1,14.5
315.015,89,118.0,1457.0,86.0,6.0,15.13,83.5,0.0,14.1,14.5
315.105,89,118.0,1457.0,86.0,6.0,15.69,83.5,0.0,14.1,14.5
315.195,89,118.0,1457.0,86.0,6.0,15.69,83.5,0.0,14.1,14.5
315.285,89,118.0,1457.0,86.0,6.0,15.69,83.5,0.0,14.1,14.5
315.375,89,118.0,1457.0,86.0,6.0,15.69,83.5,0.0,14.1,14.5
315.465,89,118.0,1457.0,86.0,6.0,15.69,83.5,0.0,14.1,14.5
315.555,89,118.0,1457.0,86.0,6.0,15.69,83.5,0.0,14.1,14.5
315.647,89,117.0,1457.0,86.0,6.0,15.69,83.5,0.0,14.1,14.5
315.738,89,117.0,1464.0,86.0,6.0,15.69,83.5,0.0,14.1,14.5
315.824,89,117.0,1464.0,86.0,6.0,15.69,83.5,0.0,14.1,14.5
315.915,89,117.0,1464.0,86.0,6.0,15.69,83.5,0.0,14.1,14.5
316.005,89,117.0,1464.0,86.0,6.0,15.38,83.5,0.0,14.1,14.5
316.095,89,117.0,1464.0,86.0,6.0,15.38,83.5,0.0,14.1,14.5
316.185,89,117.0,1464.0,86.0,6.0,15.38,83.5,0.0,14.1,14.5
316.275,89,117.0,1464.0,86.0,6.0,15.38,83.5,0.0,14.1,14.5
316.365,89,117.0,1464.0,86.0,6.0,15.38,83.5,0.0,14.1,14.1
316.456,89,117.0,1464.0,86.0,6.0,15.38,83.5,0.0,14.1,14.1
316.545,89,117.0,1464.0,86.0,6.0,15.38,83.5,0.0,14.1,14.1
316.636,89,117.0,1461.0,86.0,6.0,15.38,83.5,0.0,14.1,14.1
316.725,89,117.0,1461.0,86.0,6.0,15.38,83.5,0.0,14.1,14.1
316.814,89,117.0,1461.0,86.0,6.0,15.38,83.5,0.0,14.1,14.1
316.905,89,117.0,1461.0,86.0,6.0,15.22,83.5,0.0,14.1,14.1
316.994,89,117.0,1461.0,86.0,6.0,15.22,83.5,0.0,14.1,14.1
317.084,89,117.0,1461.0,86.0,6.0,15.22,83.5,0.0,14.1,14.1
317.174,89,117.0,1461.0,86.0,6.0,15.22,83.5,0.0,14.1,14.1
317.266,89,117.0,1461.0,86.0,6.0,15.22,83.5,0.0,14.1,14.5
317.355,89,117.0,1461.0,86.0,6.0,15.22,83.5,0.0,14.1,14.5
317.445,89,116.0,1461.0,86.0,6.0,15.22,83.5,0.0,14.1,14.5
317.535,89,116.0,1462.0,86.0,6.0,15.22,83.5,0.0,14.1,14.5
317.625,89,116.0,1462.0,86.0,6.0,15.22,83.5,0.0,14.1,14.5
317.715,89,116.0,1462.0,86.0,6.0,15.22,83.5,0.0,14.1,14.5
317.806,89,116.0,1462.0,86.0,6.0,15.27,83.5,0.0,14.1,14.5
317.895,89,116.0,1462.0,86.0,6.0,15.27,83.5,0.0,14.1,14.5
317.985,89,116.0,1462.0,86.0,6.0,15.27,83.5,0.0,14.1,14.5
318.075,89,116.0,1462.0,86.0,6.0,15.27,83.5,0.0,14.1,14.5
318.165,89,116.0,1462.0,86.0,6.0,15.27,83.5,0.0,14.1,14.5
318.255,89,116.0,1462.0,86.0,6.0,15.27,83.5,0.0,14.1,14.5
318.345,89,116.0,1462.0,86.0,6.0,15.27,83.5,0.0,14.1,14.5
318.435,89,116.0,1464.0,86.0,6.0,15.27,83.5,0.0,14.1,14.5
318.526,89,116.0,1464.0,86.0,6.0,15.27,83.5,0.0,14.1,14.5
318.615,89,116.0,1464.0,86.0,6.0,15.27,83.5,0.0,14.1,14.5
318.705,89,116.0,1464.0,86.0,6.0,15.16,83.5,0.0,14.1,14.5
318.795,89,116.0,1464.0,86.0,6.0,15.16,83.5,0.0,14.1,14.5
318.885,89,116.0,1464.0,86.0,6.0,15.16,83.5,0.0,14.1,14.5
318.975,89,116.0,1464.0,86.0,6.0,15.16,83.5,0.0,14.1,14.5
319.065,89,116.0,1464.0,86.0,6.0,15.16,83.5,0.0,14.1,14.5
319.155,89,116.0,1464.0,86.0,6.0,15.16,83.5,0.0,14.1,14.5
319.245,89,116.0,1464.0,86.0,6.0,15.16,83.5,0.0,14.1,14.5
319.335,89,116.0,1460.0,86.0,6.0,15.16,83.5,0.0,14.1,14.5
319.426,89,116.0,1460.0,86.0,6.0,15.16,83.5,0.0,14.1,14.5
319.515,89,116.0,1460.0,86.0,6.0,15.16,83.5,0.0,14.1,14.5
319.608,89,116.0,1460.0,86.0,6.0,15.02,83.5,0.0,14.1,14.5
319.699,89,116.0,1460.0,86.0,6.0,15.02,83.5,0.0,14.1,14.5
319.785,89,116.0,1460.0,86.0,6.0,15.02,83.5,0.0,14.1,14.5
319.875,89,116.0,1460.0,86.0,6.0,15.02,83.5,0.0,14.1,14.5
319.965,89,116.0,1460.0,86.0,6.0,15.02,83.5,0.0,14.1,14.5
320.055,89,116.0,1460.0,86.0,6.0,15.02,83.5,0.0,14.1,14.5
320.145,89,116.0,1460.0,86.0,6.0,15.02,83.5,0.0,14.1,14.5
320.235,89,116.0,1460.0,86.0,6.0,15.02,83.5,0.0,14.1,14.5
320.325,89,116.0,1460.0,86.0,6.0,15.02,83.5,0.0,14.1,14.5
320.415,89,116.0,1460.0,86.0,6.0,15.02,83.5,0.0,14.1,14.5
320.506,89,116.0,1460.0,86.0,6.0,15.33,83.5,0.0,14.1,14.5
320.595,89,116.0,1460.0,86.0,6.0,15.33,83.5,0.0,14.1,14.5
320.686,89,116.0,1460.0,86.0,6.0,15.33,83.5,0.0,14.1,14.5
320.777,89,116.0,1460.0,86.0,6.0,15.33,83.5,0.0,14.1,14.5
320.865,89,116.0,1460.0,86.0,6.0,15.33,83.5,0.0,14.1,14.5
320.955,89,116.0,1460.0,86.0,6.0,15.33,83.5,0.0,14.1,14.5
321.045,89,116.0,1460.0,86.0,6.0,15.33,83.5,0.0,14.1,14.5
321.136,89,116.0,1462.0,86.0,6.0,15.33,83.5,0.0,14.1,14.5
321.225,89,116.0,1462.0,86.0,6.0,15.33,83.5,0.0,14.1,14.5
321.316,89,116.0,1462.0,86.0,6.0,15.33,83.5,0.0,14.1,14.5
321.405,89,116.0,1462.0,86.0,6.0,15.05,83.5,0.0,14.1,14.5
321.495,89,116.0,1462.0,86.0,6.0,15.05,83.5,0.0,14.1,14.5
321.585,89,116.0,1462.0,86.0,6.0,15.05,83.5,0.0,14.1,14.5
321.675,89,116.0,1462.0,86.0,6.0,15.05,83.5,0.0,14.1,14.5
321.765,89,116.0,1462.0,86.0,6.0,15.05,83.5,0.0,14.1,14.5
321.855,89,116.0,1462.0,86.0,6.0,15.05,83.5,0.0,14.1,14.5
321.916,89,116.0,1462.0,86.0,6.0,15.05,83.5,0.0,14.1,14.5
322.005,89,116.0,1459.0,86.0,6.0,15.05,83.5,0.0,14.1,14.5
322.095,89,116.0,1459.0,86.0,6.0,15.05,83.5,0.0,14.1,14.5
322.185,89,116.0,1459.0,86.0,6.0,15.05,83.5,0.0,14.1,14.5
322.275,89,116.0,1459.0,86.0,6.0,15.11,83.5,0.0,14.1,14.5
322.365,89,116.0,1459.0,86.0,6.0,15.11,83.5,0.0,14.1,14.5
322.455,89,116.0,1459.0,86.0,6.0,15.11,83.5,0.0,14.1,14.5
322.545,89,116.0,1459.0,86.0,6.0,15.11,83.5,0.0,14.1,14.5
322.635,89,116.0,1459.0,86.0,6.0,15.11,83.5,0.0,14.1,14.5
322.725,89,116.0,1459.0,86.0,6.0,15.11,83.5,0.0,14.1,14.5
322.815,89,116.0,1459.0,86.0,6.0,15.11,83.5,0.0,14.1,14.5
322.905,89,116.0,1456.0,86.0,6.0,15.11,83.5,0.0,14.1,14.5
322.995,89,116.0,1456.0,86.0,6.0,15.11,83.5,0.0,14.1,14.5
323.085,89,116.0,1456.0,86.0,6.0,15.11,83.5,0.0,14.1,14.5
323.175,89,116.0,1456.0,86.0,6.0,15.33,83.5,0.0,14.1,14.5
323.265,89,116.0,1456.0,86.0,6.0,15.33,83.5,0.0,14.1,14.5
323.355,89,116.0,1456.0,86.0,6.0,15.33,83.5,0.0,14.1,14.5
323.445,89,116.0,1456.0,86.0,6.0,15.33,83.5,0.0,14.1,14.5
323.535,89,116.0,1456.0,86.0,6.0,15.33,83.5,0.0,14.1,14.5
323.625,89,116.0,1456.0,86.0,6.0,15.33,83.5,0.0,14.1,14.5
323.715,89,116.0,1456.0,86.0,6.0,15.33,83.5,0.0,14.1,14.5
323.805,89,116.0,1460.0,86.0,6.0,15.33,83.5,0.0,14.1,14.5
323.895,89,116.0,1460.0,86.0,6.0,15.33,83.5,0.0,14.1,14.5
323.985,89,116.0,1460.0,86.0,6.0,15.33,83.5,0.0,14.1,14.5
324.075,89,116.0,1460.0,86.0,6.0,15.47,83.5,0.0,14.1,14.5
324.165,89,116.0,1460.0,86.0,6.0,15.47,83.5,0.0,14.1,14.5
324.255,89,116.0,1460.0,86.0,6.0,15.47,83.5,0.0,14.1,14.5
324.317,89,116.0,1460.0,86.0,6.0,15.47,83.5,0.0,14.1,14.5
324.404,89,116.0,1460.0,86.0,6.0,15.47,83.5,0.0,14.1,14.5
324.494,89,116.0,1460.0,86.0,6.0,15.47,83.5,0.0,14.1,14.5
324.584,89,116.0,1460.0,86.0,6.0,15.47,83.5,0.0,14.1,14.5
324.674,89,116.0,1460.0,86.0,6.0,15.47,83.5,0.0,14.1,14.5
324.764,89,116.0,1460.0,86.0,6.0,15.47,83.5,0.0,14.1,14.5
324.854,89,116.0,1460.0,86.0,6.0,15.47,83.5,0.0,14.1,14.5
324.945,89,116.0,1460.0,86.0,6.0,15.41,83.5,0.0,14.1,14.5
325.035,89,116.0,1460.0,86.0,6.0,15.41,83.5,0.0,14.1,14.5
325.125,89,116.0,1460.0,86.0,6.0,15.41,83.5,0.0,14.1,14.5
325.215,89,116.0,1460.0,86.0,6.0,15.41,83.5,0.0,14.1,14.5
325.305,89,116.0,1460.0,86.0,6.0,15.41,83.5,0.0,14.1,14.5
325.395,89,116.0,1460.0,86.0,6.0,15.41,83.5,0.0,14.1,14.5
325.485,89,117.0,1460.0,86.0,6.0,15.41,83.5,0.0,14.1,14.5
325.575,89,117.0,1459.0,86.0,6.0,15.41,83.5,0.0,14.1,14.5
325.665,89,117.0,1459.0,86.0,6.0,15.41,83.5,0.0,14.1,14.5
325.756,89,117.0,1459.0,86.0,6.0,15.41,83.5,0.0,14.1,14.5
325.844,89,117.0,1459.0,86.0,6.0,15.41,83.5,0.0,14.1,14.5
325.935,89,117.0,1459.0,86.0,6.0,15.41,83.5,0.0,14.1,14.5
326.025,89,117.0,1459.0,86.0,6.0,15.41,83.5,0.0,14.1,14.5
326.115,89,117.0,1459.0,86.0,6.0,15.41,83.5,0.0,14.1,14.5
326.205,89,117.0,1459.0,86.0,6.0,15.41,83.5,0.0,14.1,14.5
326.266,89,117.0,1459.0,86.0,6.0,15.41,83.5,0.0,14.1,14.5
326.355,89,117.0,1459.0,86.0,6.0,15.41,83.5,0.0,14.1,14.5
326.445,89,117.0,1458.0,86.0,6.0,15.41,83.5,0.0,14.1,14.5
326.535,89,117.0,1458.0,86.0,6.0,15.41,83.5,0.0,14.1,14.5
326.627,89,117.0,1458.0,86.0,6.0,15.41,83.5,0.0,14.1,14.5
326.715,89,117.0,1458.0,86.0,6.0,15.22,83.5,0.0,14.1,14.5
326.804,89,117.0,1458.0,86.0,6.0,15.22,83.5,0.0,14.1,14.5
326.894,89,117.0,1458.0,86.0,6.0,15.22,83.5,0.0,14.1,14.5
326.985,89,117.0,1458.0,86.0,6.0,15.22,83.5,0.0,14.1,14.5
327.075,89,117.0,1458.0,86.0,6.0,15.22,83.5,0.0,14.1,14.5
327.165,89,117.0,1458.0,86.0,6.0,15.22,83.5,0.0,14.1,14.5
327.255,89,117.0,1458.0,86.0,6.0,15.22,83.5,0.0,14.1,14.5
327.345,89,117.0,1456.0,86.0,6.0,15.22,83.5,0.0,14.1,14.5
327.435,89,117.0,1456.0,86.0,6.0,15.22,83.5,0.0,14.1,14.5
327.525,89,117.0,1456.0,86.0,6.0,15.22,83.5,0.0,14.1,14.5
327.615,89,117.0,1456.0,86.0,6.0,15.77,83.5,0.0,14.1,14.5
327.704,89,117.0,1456.0,86.0,6.0,15.77,83.5,0.0,14.1,14.5
327.794,89,117.0,1456.0,86.0,6.0,15.77,83.5,0.0,14.1,14.5
327.885,89,117.0,1456.0,86.0,6.0,15.77,83.5,0.0,14.1,14.5
327.975,89,117.0,1456.0,86.0,6.0,15.77,83.5,0.0,14.1,14.5
328.065,89,117.0,1456.0,86.0,6.0,15.77,83.5,0.0,14.1,14.5
328.156,89,118.0,1456.0,86.0,6.0,15.77,83.5,0.0,14.1,14.5
328.217,89,118.0,1457.0,86.0,6.0,15.77,83.5,0.0,14.1,14.5
328.306,89,118.0,1457.0,86.0,6.0,15.77,83.5,0.0,14.1,14.5
328.395,89,118.0,1457.0,86.0,6.0,15.77,83.5,0.0,14.1,14.5
328.485,89,118.0,1457.0,86.0,6.0,15.69,83.5,0.0,14.1,14.5
328.575,89,118.0,1457.0,86.0,6.0,15.69,83.5,0.0,14.1,14.5
328.665,89,118.0,1457.0,86.0,6.0,15.69,83.5,0.0,14.1,14.5
328.755,89,118.0,1457.0,86.0,6.0,15.69,83.5,0.0,14.1,14.5
328.845,89,118.0,1457.0,86.0,6.0,15.69,83.5,0.0,14.1,14.5
328.935,90,118.0,1457.0,86.0,6.0,15.69,83.5,0.0,14.1,14.5
329.025,90,119.0,1457.0,86.0,6.0,15.69,83.5,0.0,14.1,14.5
329.115,90,119.0,1456.0,86.0,6.0,15.69,83.5,0.0,14.1,14.5
329.205,90,119.0,1456.0,86.0,6.0,15.69,83.5,0.0,14.1,14.5
329.295,90,119.0,1456.0,86.0,6.0,15.69,83.5,0.0,14.1,14.5
329.385,90,119.0,1456.0,86.0,6.0,16.24,83.5,0.0,14.1,14.5
329.476,90,119.0,1456.0,86.0,6.0,16.24,83.5,0.0,14.1,14.5
329.565,90,119.0,1456.0,86.0,6.0,16.24,83.5,0.0,14.1,14.5
329.655,90,119.0,1456.0,86.0,6.0,16.24,83.5,0.0,14.1,14.5
329.745,90,119.0,1456.0,86.0,6.0,16.24,83.5,0.0,14.1,14.5
329.834,90,119.0,1456.0,86.0,6.0,16.24,83.5,0.0,14.1,14.5
329.924,90,119.0,1456.0,86.0,6.0,16.24,83.5,0.0,14.1,14.5
330.045,90,119.0,1457.0,86.0,6.0,16.24,83.5,0.0,14.1,14.5
330.135,90,119.0,1457.0,86.0,6.0,16.24,83.5,0.0,14.1,14.5
330.225,90,119.0,1457.0,86.0,6.0,16.24,83.5,0.0,14.1,14.5
330.315,90,119.0,1457.0,86.0,6.0,15.77,83.5,0.0,14.1,14.5
330.405,90,119.0,1457.0,86.0,6.0,15.77,83.5,0.0,14.1,14.5
330.494,90,119.0,1457.0,86.0,6.0,15.77,83.5,0.0,14.1,14.5
330.584,90,119.0,1457.0,86.0,6.0,15.77,83.5,0.0,14.1,14.5
330.674,90,119.0,1457.0,86.0,6.0,15.77,83.5,0.0,14.1,14.5
330.764,90,119.0,1457.0,86.0,6.0,15.77,83.5,0.0,14.1,14.5
330.854,90,119.0,1457.0,86.0,6.0,15.77,83.5,0.0,14.1,14.5
330.944,90,119.0,1458.0,86.0,6.0,15.77,83.5,0.0,14.1,14.5
331.035,90,119.0,1458.0,86.0,6.0,15.77,83.5,0.0,14.1,14.5
331.125,90,119.0,1458.0,86.0,6.0,15.77,83.5,0.0,14.1,14.5
331.215,90,119.0,1458.0,86.0,6.0,15.55,83.5,0.0,14.1,14.5
331.305,90,119.0,1458.0,86.0,6.0,15.55,83.5,0.0,14.1,14.5
331.366,90,119.0,1458.0,86.0,6.0,15.55,83.5,0.0,14.1,14.5
331.455,90,119.0,1458.0,86.0,6.0,15.55,83.5,0.0,14.1,14.5
331.516,90,119.0,1458.0,86.0,6.0,15.55,83.5,0.0,14.1,14.5
331.605,90,119.0,1458.0,86.0,6.0,15.55,83.5,0.0,14.1,14.5
331.696,90,118.0,1458.0,86.0,6.0,15.55,83.5,0.0,14.1,14.5
331.784,90,118.0,1463.0,86.0,6.0,15.55,83.5,0.0,14.1,14.5
331.875,90,118.0,1463.0,86.0,6.0,15.55,83.5,0.0,14.1,14.5
331.965,90,118.0,1463.0,86.0,6.0,15.55,83.5,0.0,14.1,14.5
332.055,90,118.0,1463.0,86.0,6.0,15.55,83.5,0.0,14.1,14.5
332.115,90,118.0,1463.0,86.0,6.0,15.55,83.5,0.0,14.1,14.5
332.205,90,118.0,1463.0,86.0,6.0,15.55,83.5,0.0,14.1,14.5
332.267,90,118.0,1463.0,86.0,6.0,15.55,83.5,0.0,14.1,14.5
332.355,90,118.0,1463.0,86.0,6.0,15.55,83.5,0.0,14.1,14.5
332.445,90,118.0,1463.0,86.0,6.0,15.55,83.5,0.0,14.1,14.5
332.535,90,117.0,1463.0,86.0,6.0,15.55,83.5,0.0,14.1,14.5
332.625,90,117.0,1459.0,86.0,6.0,15.55,83.5,0.0,14.1,14.5
332.715,90,117.0,1459.0,86.0,6.0,15.55,83.5,0.0,14.1,14.5
332.806,90,117.0,1459.0,86.0,6.0,15.55,83.5,0.0,14.1,14.5
332.895,90,117.0,1459.0,86.0,6.0,15.41,83.5,0.0,14.1,14.5
332.985,90,117.0,1459.0,86.0,6.0,15.41,83.5,0.0,14.1,14.5
333.075,90,117.0,1459.0,86.0,6.0,15.41,83.5,0.0,14.1,14.5
333.195,90,117.0,1459.0,86.0,6.0,15.41,83.5,0.0,14.1,14.5
333.285,90,117.0,1459.0,86.0,6.0,15.41,83.5,0.0,14.1,14.5
333.375,90,117.0,1459.0,86.0,6.0,15.41,83.5,0.0,14.1,14.5
333.465,90,117.0,1459.0,86.0,6.0,15.41,83.5,0.0,14.1,14.5
333.555,90,117.0,1461.0,86.0,6.0,15.41,83.5,0.0,14.1,14.5
333.645,90,117.0,1461.0,86.0,6.0,15.41,83.5,0.0,14.1,14.5
333.735,90,117.0,1461.0,86.0,6.0,15.41,83.5,0.0,14.1,14.5
333.824,90,117.0,1461.0,86.0,6.0,14.3,83.5,0.0,14.1,14.5
333.915,90,117.0,1461.0,86.0,6.0,14.3,83.5,0.0,14.1,14.5
334.005,90,117.0,1461.0,86.0,6.0,14.3,83.5,0.0,14.1,14.5
334.096,90,117.0,1461.0,86.0,6.0,14.3,83.5,0.0,14.1,14.5
334.156,90,117.0,1461.0,86.0,6.0,14.3,83.5,0.0,14.1,14.1
334.216,90,117.0,1461.0,86.0,6.0,14.3,83.5,0.0,14.1,14.1
334.305,90,109.0,1461.0,86.0,6.0,14.3,83.5,0.0,14.1,14.1
334.395,90,109.0,1443.0,86.0,6.0,14.3,83.5,0.0,14.1,14.1
334.485,90,109.0,1443.0,85.0,6.0,14.3,83.5,0.0,14.1,14.1
334.574,90,109.0,1443.0,85.0,6.0,14.3,83.5,0.0,14.1,14.1
334.665,90,109.0,1443.0,85.0,6.0,13.16,83.5,0.0,14.1,14.1
334.755,90,109.0,1443.0,85.0,6.0,13.16,83.5,0.0,14.1,14.1
334.844,90,109.0,1443.0,85.0,6.0,13.16,83.5,0.0,14.1,14.1
334.934,90,109.0,1443.0,85.0,6.0,13.16,83.5,0.0,14.1,14.1
335.025,90,109.0,1443.0,85.0,6.0,13.16,83.5,0.0,14.1,14.5
335.115,90,109.0,1443.0,85.0,6.0,13.16,83.5,0.0,14.1,14.5
335.205,90,113.0,1443.0,85.0,6.0,13.16,83.5,0.0,14.1,14.5
335.265,90,113.0,1423.0,85.0,6.0,13.16,83.5,0.0,14.1,14.5
335.354,90,113.0,1423.0,84.0,6.0,13.16,83.5,0.0,14.1,14.5
335.415,90,113.0,1423.0,84.0,6.0,13.16,83.5,0.0,14.1,14.5
335.505,90,113.0,1423.0,84.0,6.0,25.02,83.5,0.0,14.1,14.5
335.595,90,113.0,1423.0,84.0,6.0,25.02,83.5,0.0,14.1,14.5
335.685,90,113.0,1423.0,84.0,6.0,25.02,83.5,0.0,14.1,14.5
335.775,90,113.0,1423.0,84.0,6.0,25.02,83.5,0.0,14.1,14.5
335.864,90,113.0,1423.0,84.0,6.0,25.02,83.5,0.0,14.1,14.1
335.955,90,113.0,1423.0,84.0,6.0,25.02,83.5,0.0,14.1,14.1
336.015,90,113.0,1423.0,84.0,6.0,25.02,83.5,0.0,14.1,14.1
336.105,90,113.0,1403.0,84.0,6.0,25.02,83.5,0.0,14.1,14.1
336.165,90,113.0,1403.0,83.0,6.0,25.02,83.5,0.0,14.1,14.1
336.255,90,113.0,1403.0,83.0,7.0,25.02,83.5,0.0,14.1,14.1
336.316,90,113.0,1403.0,83.0,7.0,24.49,83.5,0.0,14.1,14.1
336.405,90,113.0,1403.0,83.0,7.0,24.49,83.5,0.0,14.1,14.1
336.465,90,113.0,1403.0,83.0,7.0,24.49,83.5,0.0,14.1,14.1
336.555,90,113.0,1403.0,83.0,7.0,24.49,83.5,0.0,14.1,14.1
336.615,90,113.0,1403.0,83.0,7.0,24.49,83.5,0.0,14.1,14.5
336.705,90,113.0,1403.0,83.0,7.0,24.49,83.5,0.0,14.1,14.5
336.795,90,113.0,1403.0,83.0,7.0,24.49,83.5,0.0,14.1,14.5
336.885,90,113.0,1387.0,83.0,7.0,24.49,83.5,0.0,14.1,14.5
336.975,90,113.0,1387.0,82.0,7.0,24.49,83.5,0.0,14.1,14.5
337.065,90,113.0,1387.0,82.0,8.0,24.49,83.5,0.0,14.1,14.5
337.155,90,113.0,1387.0,82.0,8.0,24.3,83.5,0.0,14.1,14.5
337.245,90,113.0,1387.0,82.0,8.0,24.3,83.5,0.0,14.1,14.5
337.306,90,113.0,1387.0,82.0,8.0,24.3,83.5,0.0,14.1,14.5
337.365,90,113.0,1387.0,82.0,8.0,24.3,83.5,0.0,14.1,14.5
337.455,90,113.0,1387.0,82.0,8.0,24.3,83.5,0.0,14.1,14.5
337.517,90,113.0,1387.0,82.0,8.0,24.3,83.5,0.0,14.1,14.5
337.606,90,112.0,1387.0,82.0,8.0,24.3,83.5,0.0,14.1,14.5
337.667,90,112.0,1368.0,82.0,8.0,24.3,83.5,0.0,14.1,14.5
337.755,90,112.0,1368.0,81.0,8.0,24.3,83.5,0.0,14.1,14.5
337.816,90,112.0,1368.0,81.0,8.0,24.3,83.5,0.0,14.1,14.5
337.904,90,112.0,1368.0,81.0,8.0,23.72,83.5,0.0,14.1,14.5
337.995,90,112.0,1368.0,81.0,8.0,23.72,83.5,0.0,14.1,14.5
338.085,90,112.0,1368.0,81.0,8.0,23.72,83.5,0.0,14.1,14.5
338.176,90,112.0,1368.0,81.0,8.0,23.72,83.5,0.0,14.1,14.5
338.265,90,112.0,1368.0,81.0,8.0,23.72,83.5,0.0,14.1,14.5
338.355,90,112.0,1368.0,81.0,8.0,23.72,83.5,0.0,14.1,14.5
338.415,90,111.0,1368.0,81.0,8.0,23.72,83.5,0.0,14.1,14.5
338.505,90,111.0,1349.0,81.0,8.0,23.72,83.5,0.0,14.1,14.5
338.567,90,111.0,1349.0,80.0,8.0,23.72,83.5,0.0,14.1,14.5
338.656,90,111.0,1349.0,80.0,8.0,23.72,83.5,0.0,14.1,14.5
338.716,90,111.0,1349.0,80.0,8.0,23.44,83.5,0.0,14.1,14.5
338.804,90,111.0,1349.0,80.0,8.0,23.44,83.5,0.0,14.1,14.5
338.865,90,111.0,1349.0,80.0,8.0,23.44,83.5,0.0,14.1,14.5
338.955,90,111.0,1349.0,80.0,8.0,23.44,83.5,0.0,14.1,14.5
339.019,90,111.0,1349.0,80.0,8.0,23.44,83.5,0.0,14.1,14.1
339.105,90,111.0,1349.0,80.0,8.0,23.44,83.5,0.0,14.1,14.1
339.166,90,111.0,1349.0,80.0,8.0,23.44,83.5,0.0,14.1,14.1
339.255,90,111.0,1339.0,80.0,8.0,23.44,83.5,0.0,14.1,14.1
339.317,90,111.0,1339.0,79.0,8.0,23.44,83.5,0.0,14.1,14.1
339.405,90,111.0,1339.0,79.0,7.0,23.44,83.5,0.0,14.1,14.1
339.467,90,111.0,1339.0,79.0,7.0,14.47,83.5,0.0,14.1,14.1
339.555,90,111.0,1339.0,79.0,7.0,14.47,83.5,0.0,14.1,14.1
339.617,90,111.0,1339.0,79.0,7.0,14.47,83.5,0.0,14.1,14.1
339.705,90,111.0,1339.0,79.0,7.0,14.47,83.5,0.0,14.1,14.1
339.77,90,111.0,1339.0,79.0,7.0,14.47,83.5,0.0,14.1,14.5
339.855,90,111.0,1339.0,79.0,7.0,14.47,83.5,0.0,14.1,14.5
339.945,90,110.0,1339.0,79.0,7.0,14.47,83.5,0.0,14.1,14.5
340.035,90,110.0,1343.0,79.0,7.0,14.47,83.5,0.0,14.1,14.5
340.125,90,110.0,1343.0,78.0,7.0,14.47,83.5,0.0,14.1,14.5
340.215,90,110.0,1343.0,78.0,6.0,14.47,83.5,0.0,14.1,14.5
340.305,90,110.0,1343.0,78.0,6.0,10.61,83.5,0.0,14.1,14.5
340.367,90,110.0,1343.0,78.0,6.0,10.61,83.5,0.0,14.1,14.5
340.455,90,110.0,1343.0,78.0,6.0,10.61,83.5,0.0,14.1,14.5
340.516,90,110.0,1343.0,78.0,6.0,10.61,83.5,0.0,14.1,14.5
340.605,90,110.0,1343.0,78.0,6.0,10.61,83.5,0.0,14.1,14.5
340.668,90,110.0,1343.0,78.0,6.0,10.61,83.5,0.0,14.1,14.5
340.765,90,104.0,1343.0,78.0,6.0,10.61,83.5,0.0,14.1,14.5
340.874,90,104.0,1316.0,78.0,6.0,10.61,83.5,0.0,14.1,14.5
340.965,90,104.0,1316.0,78.0,6.0,10.61,83.5,0.0,14.1,14.5
341.055,90,104.0,1316.0,78.0,2.0,10.61,83.5,0.0,14.1,14.5
341.117,90,104.0,1316.0,78.0,2.0,10.05,83.5,0.0,14.1,14.5
341.204,90,104.0,1316.0,78.0,2.0,10.05,83.5,0.0,14.1,14.5
341.265,90,104.0,1316.0,78.0,2.0,10.05,83.5,0.0,14.1,14.5
341.355,90,104.0,1316.0,78.0,2.0,10.05,83.5,0.0,14.1,14.5
341.416,90,104.0,1316.0,78.0,2.0,10.05,83.5,0.0,14.1,14.5
341.505,90,104.0,1316.0,78.0,2.0,10.05,83.5,0.0,14.1,14.5
341.567,90,102.0,1316.0,78.0,2.0,10.05,83.5,0.0,14.1,14.5
341.655,90,102.0,1313.0,78.0,2.0,10.05,83.5,0.0,14.1,14.5
341.717,90,102.0,1313.0,78.0,2.0,10.05,83.5,0.0,14.1,14.5
341.805,90,102.0,1313.0,78.0,3.0,10.05,83.5,0.0,14.1,14.5
341.865,90,102.0,1313.0,78.0,3.0,9.97,83.5,0.0,14.1,14.5
341.955,90,102.0,1313.0,78.0,3.0,9.97,83.5,0.0,14.1,14.5
342.017,90,102.0,1313.0,78.0,3.0,9.97,83.5,0.0,14.1,14.5
342.105,90,102.0,1313.0,78.0,3.0,9.97,83.5,0.0,14.1,14.5
342.167,90,102.0,1313.0,78.0,3.0,9.97,83.5,0.0,14.1,14.5
342.255,90,102.0,1313.0,78.0,3.0,9.97,83.5,0.0,14.1,14.5
342.317,90,102.0,1313.0,78.0,3.0,9.97,83.5,0.0,14.1,14.5
342.405,90,102.0,1310.0,78.0,3.0,9.97,83.5,0.0,14.1,14.5
342.468,90,102.0,1310.0,77.0,3.0,9.97,83.5,0.0,14.1,14.5
342.555,90,102.0,1310.0,77.0,3.0,9.97,83.5,0.0,14.1,14.5
342.617,90,102.0,1310.0,77.0,3.0,9.94,83.5,0.0,14.1,14.5
342.706,90,102.0,1310.0,77.0,3.0,9.94,83.5,0.0,14.1,14.5
342.767,90,102.0,1310.0,77.0,3.0,9.94,83.5,0.0,14.1,14.5
342.854,90,102.0,1310.0,77.0,3.0,9.94,83.5,0.0,14.1,14.5
342.916,90,102.0,1310.0,77.0,3.0,9.94,83.5,0.0,14.1,14.5
343.005,90,102.0,1310.0,77.0,3.0,9.94,83.5,0.0,14.1,14.5
343.067,90,104.0,1310.0,77.0,3.0,9.94,83.5,0.0,14.1,14.5
343.155,90,104.0,1303.0,77.0,3.0,9.94,83.5,0.0,14.1,14.5
343.217,90,104.0,1303.0,77.0,3.0,9.94,83.5,0.0,14.1,14.5
343.305,90,104.0,1303.0,77.0,4.0,9.94,83.5,0.0,14.1,14.5
343.368,90,104.0,1303.0,77.0,4.0,10.61,83.5,0.0,14.1,14.5
343.455,90,104.0,1303.0,77.0,4.0,10.61,83.5,0.0,14.1,14.5
343.517,90,104.0,1303.0,77.0,4.0,10.61,83.5,0.0,14.1,14.5
343.605,90,104.0,1303.0,77.0,4.0,10.61,83.5,0.0,14.1,14.5
343.667,90,104.0,1303.0,77.0,4.0,10.61,83.5,0.0,14.1,14.5
343.755,90,104.0,1303.0,77.0,4.0,10.61,83.5,0.0,14.1,14.5
343.815,90,105.0,1303.0,77.0,4.0,10.61,83.5,0.0,14.1,14.5
343.905,90,105.0,1300.0,77.0,4.0,10.61,83.5,0.0,14.1,14.5
343.967,90,105.0,1300.0,77.0,4.0,10.61,83.5,0.0,14.1,14.5
344.055,90,105.0,1300.0,77.0,4.0,10.61,83.5,0.0,14.1,14.5
344.117,90,105.0,1300.0,77.0,4.0,10.24,83.5,0.0,14.1,14.5
344.205,90,105.0,1300.0,77.0,4.0,10.24,83.5,0.0,14.1,14.5
344.295,90,105.0,1300.0,77.0,4.0,10.24,83.5,0.0,14.1,14.5
344.356,90,105.0,1300.0,77.0,4.0,10.24,83.5,0.0,14.1,14.5
344.445,90,105.0,1300.0,77.0,4.0,10.24,83.5,0.0,14.1,14.5
344.506,90,105.0,1300.0,77.0,4.0,10.24,83.5,0.0,14.1,14.5
344.595,90,107.0,1300.0,77.0,4.0,10.24,83.5,0.0,14.1,14.5
344.715,90,107.0,1303.0,77.0,4.0,10.24,83.5,0.0,14.1,14.5
344.804,90,107.0,1303.0,77.0,4.0,10.24,83.5,0.0,14.1,14.5
344.894,90,107.0,1303.0,77.0,4.0,10.24,83.5,0.0,14.1,14.5
344.985,90,107.0,1303.0,77.0,4.0,10.88,83.5,0.0,14.1,14.5
345.075,90,107.0,1303.0,77.0,4.0,10.88,83.5,0.0,14.1,14.5
345.165,90,107.0,1303.0,77.0,4.0,10.88,83.5,0.0,14.1,14.5
345.255,90,107.0,1303.0,77.0,4.0,10.88,83.5,0.0,14.1,14.5
345.345,90,107.0,1303.0,77.0,4.0,10.88,83.5,0.0,14.1,14.5
345.435,90,107.0,1303.0,77.0,4.0,10.88,83.5,0.0,14.1,14.5
345.525,90,107.0,1303.0,77.0,4.0,10.88,83.5,0.0,14.1,14.5
345.616,90,107.0,1296.0,77.0,4.0,10.88,83.5,0.0,14.1,14.5
345.705,90,107.0,1296.0,77.0,4.0,10.88,83.5,0.0,14.1,14.5
345.794,90,107.0,1296.0,77.0,5.0,10.88,83.5,0.0,14.1,14.5
345.884,90,107.0,1296.0,77.0,5.0,10.88,83.5,0.0,14.1,14.5
345.975,90,107.0,1296.0,77.0,5.0,10.88,83.5,0.0,14.1,14.5
346.065,90,107.0,1296.0,77.0,5.0,10.88,83.5,0.0,14.1,14.5
346.155,90,107.0,1296.0,77.0,5.0,10.88,83.5,0.0,14.1,14.5
346.245,90,107.0,1296.0,77.0,5.0,10.88,83.5,0.0,14.1,14.5
346.335,90,107.0,1296.0,77.0,5.0,10.88,83.5,0.0,14.1,14.5
346.456,90,109.0,1296.0,77.0,5.0,10.88,83.5,0.0,14.1,14.5
346.546,90,109.0,1297.0,77.0,5.0,10.88,83.5,0.0,14.1,14.5
346.635,90,109.0,1297.0,77.0,5.0,10.88,83.5,0.0,14.1,14.5
346.725,90,109.0,1297.0,77.0,5.0,10.88,83.5,0.0,14.1,14.5
346.814,90,109.0,1297.0,77.0,5.0,10.99,83.5,0.0,14.1,14.5
346.905,90,109.0,1297.0,77.0,5.0,10.99,83.5,0.0,14.1,14.5
346.995,90,109.0,1297.0,77.0,5.0,10.99,83.5,0.0,14.1,14.5
347.085,90,109.0,1297.0,77.0,5.0,10.99,83.5,0.0,14.1,14.5
347.175,90,109.0,1297.0,77.0,5.0,10.99,83.5,0.0,14.1,14.5
347.265,90,109.0,1297.0,77.0,5.0,10.99,83.5,0.0,14.1,14.5
347.355,90,110.0,1297.0,77.0,5.0,10.99,83.5,0.0,14.1,14.5
347.445,90,110.0,1293.0,77.0,5.0,10.99,83.5,0.0,14.1,14.5
347.507,90,110.0,1293.0,76.0,5.0,10.99,83.5,0.0,14.1,14.5
347.595,90,110.0,1293.0,76.0,5.0,10.99,83.5,0.0,14.1,14.5
347.656,90,110.0,1293.0,76.0,5.0,11.08,83.5,0.0,14.1,14.5
347.745,90,110.0,1293.0,76.0,5.0,11.08,83.5,0.0,14.1,14.5
347.835,90,110.0,1293.0,76.0,5.0,11.08,83.5,0.0,14.1,14.5
347.925,90,110.0,1293.0,76.0,5.0,11.08,83.5,0.0,14.1,14.5
348.015,90,110.0,1293.0,76.0,5.0,11.08,83.5,0.0,14.1,14.5
348.105,89,110.0,1293.0,76.0,5.0,11.08,83.5,0.0,14.1,14.5
348.195,89,110.0,1293.0,76.0,5.0,11.08,83.5,0.0,14.1,14.5
348.256,89,110.0,1294.0,76.0,5.0,11.08,83.5,0.0,14.1,14.5
348.345,89,110.0,1294.0,76.0,5.0,11.08,83.5,0.0,14.1,14.5
348.406,89,110.0,1294.0,76.0,5.0,11.08,83.5,0.0,14.1,14.5
348.495,89,110.0,1294.0,76.0,5.0,11.08,83.5,0.0,14.1,14.5
348.585,89,110.0,1294.0,76.0,5.0,11.08,83.5,0.0,14.1,14.5
348.675,89,110.0,1294.0,76.0,5.0,11.08,83.5,0.0,14.1,14.5
348.765,89,110.0,1294.0,76.0,5.0,11.08,83.5,0.0,14.1,14.5
348.855,89,110.0,1294.0,76.0,5.0,11.08,83.5,0.0,14.1,14.5
348.945,89,110.0,1294.0,76.0,5.0,11.08,83.5,0.0,14.1,14.5
349.035,89,111.0,1294.0,76.0,5.0,11.08,83.5,0.0,14.1,14.5
349.095,89,111.0,1294.0,76.0,5.0,11.08,83.5,0.0,14.1,14.5
349.155,89,111.0,1294.0,77.0,5.0,11.08,83.5,0.0,14.1,14.5
349.245,89,111.0,1294.0,77.0,5.0,11.08,83.5,0.0,14.1,14.5
349.306,89,111.0,1294.0,77.0,5.0,11.24,83.5,0.0,14.1,14.5
349.395,89,111.0,1294.0,77.0,5.0,11.24,83.5,0.0,14.1,14.5
349.456,89,111.0,1294.0,77.0,5.0,11.24,83.5,0.0,14.1,14.5
349.545,89,111.0,1294.0,77.0,5.0,11.24,83.5,0.0,14.1,14.5
349.607,89,111.0,1294.0,77.0,5.0,11.24,83.5,0.0,14.1,14.5
349.695,89,111.0,1294.0,77.0,5.0,11.24,83.5,0.0,14.1,14.5
349.785,89,111.0,1294.0,77.0,5.0,11.24,83.5,0.0,14.1,14.5
349.875,89,111.0,1294.0,77.0,5.0,11.24,83.5,0.0,14.1,14.5
349.965,89,111.0,1294.0,76.0,5.0,11.24,83.5,0.0,14.1,14.5
350.055,89,111.0,1294.0,76.0,5.0,11.24,83.5,0.0,14.1,14.5
350.145,89,111.0,1294.0,76.0,5.0,11.13,83.5,0.0,14.1,14.5
350.205,89,111.0,1294.0,76.0,5.0,11.13,83.5,0.0,14.1,14.5
350.295,89,111.0,1294.0,76.0,5.0,11.13,83.5,0.0,14.1,14.5
350.355,89,111.0,1294.0,76.0,5.0,11.13,83.5,0.0,14.1,14.5
350.445,89,111.0,1294.0,76.0,5.0,11.13,83.5,0.0,14.1,14.5
350.506,89,111.0,1294.0,76.0,5.0,11.13,83.5,0.0,14.1,14.5
350.595,89,111.0,1294.0,76.0,5.0,11.13,83.5,0.0,14.1,14.5
350.657,89,111.0,1288.0,76.0,5.0,11.13,83.5,0.0,14.1,14.5
350.745,89,111.0,1288.0,76.0,5.0,11.13,83.5,0.0,14.1,14.5
350.805,89,111.0,1288.0,76.0,5.0,11.13,83.5,0.0,14.1,14.5
350.895,89,111.0,1288.0,76.0,5.0,11.05,83.5,0.0,14.1,14.5
350.985,89,111.0,1288.0,76.0,5.0,11.05,83.5,0.0,14.1,14.5
351.075,89,111.0,1288.0,76.0,5.0,11.05,83.5,0.0,14.1,14.5
351.165,89,111.0,1288.0,76.0,5.0,11.05,83.5,0.0,14.1,14.5
351.255,89,111.0,1288.0,76.0,5.0,11.05,83.5,0.0,14.1,14.5
351.375,89,111.0,1288.0,76.0,5.0,11.05,83.5,0.0,14.1,14.5
351.467,89,111.0,1288.0,76.0,5.0,11.05,83.5,0.0,14.1,14.5
351.555,89,111.0,1295.0,76.0,5.0,11.05,83.5,0.0,14.1,14.5
351.645,89,111.0,1295.0,76.0,5.0,11.05,83.5,0.0,14.1,14.5
351.708,89,111.0,1295.0,76.0,5.0,11.05,83.5,0.0,14.1,14.5
351.794,89,111.0,1295.0,76.0,5.0,11.33,83.5,0.0,14.1,14.5
351.855,89,111.0,1295.0,76.0,5.0,11.33,83.5,0.0,14.1,14.5
351.946,89,111.0,1295.0,76.0,5.0,11.33,83.5,0.0,14.1,14.5
352.006,89,111.0,1295.0,76.0,5.0,11.33,83.5,0.0,14.1,14.5
352.097,89,111.0,1295.0,76.0,5.0,11.33,83.5,0.0,14.1,14.5
352.156,89,111.0,1295.0,76.0,5.0,11.33,83.5,0.0,14.1,14.5
352.246,89,111.0,1295.0,76.0,5.0,11.33,83.5,0.0,14.1,14.5
352.307,89,111.0,1290.0,76.0,5.0,11.33,83.5,0.0,14.1,14.5
352.395,89,111.0,1290.0,77.0,5.0,11.33,83.5,0.0,14.1,14.5
352.457,89,111.0,1290.0,77.0,5.0,11.33,83.5,0.0,14.1,14.5
352.545,89,111.0,1290.0,77.0,5.0,11.38,83.5,0.0,14.1,14.5
352.605,89,111.0,1290.0,77.0,5.0,11.38,83.5,0.0,14.1,14.5
352.695,89,111.0,1290.0,77.0,5.0,11.38,83.5,0.0,14.1,14.5
352.757,89,111.0,1290.0,77.0,5.0,11.38,83.5,0.0,14.1,14.5
352.845,89,111.0,1290.0,77.0,5.0,11.38,83.5,0.0,14.1,14.5
352.935,89,111.0,1290.0,77.0,5.0,11.38,83.5,0.0,14.1,14.5
353.025,89,111.0,1290.0,77.0,5.0,11.38,83.5,0.0,14.1,14.5
353.115,89,111.0,1291.0,77.0,5.0,11.38,83.5,0.0,14.1,14.5
353.205,89,111.0,1291.0,76.0,5.0,11.38,83.5,0.0,14.1,14.5
353.295,89,111.0,1291.0,76.0,5.0,11.38,83.5,0.0,14.1,14.5
353.356,89,111.0,1291.0,76.0,5.0,12.63,83.5,0.0,14.1,14.5
353.445,89,111.0,1291.0,76.0,5.0,12.63,83.5,0.0,14.1,14.5
353.506,89,111.0,1291.0,76.0,5.0,12.63,83.5,0.0,14.1,14.5
353.595,89,111.0,1291.0,76.0,5.0,12.63,83.5,0.0,14.1,14.5
353.656,89,111.0,1291.0,76.0,5.0,12.63,83.5,0.0,14.1,14.5
353.746,89,111.0,1291.0,76.0,5.0,12.63,83.5,0.0,14.1,14.5
353.806,89,112.0,1291.0,76.0,5.0,12.63,83.5,0.0,14.1,14.5
353.895,89,112.0,1299.0,76.0,5.0,12.63,83.5,0.0,14.1,14.5
353.956,89,112.0,1299.0,77.0,5.0,12.63,83.5,0.0,14.1,14.5
354.045,89,112.0,1299.0,77.0,6.0,12.63,83.5,0.0,14.1,14.5
354.135,89,112.0,1299.0,77.0,6.0,12.8,83.5,0.0,14.1,14.5
354.225,89,112.0,1299.0,77.0,6.0,12.8,83.5,0.0,14.1,14.5
354.315,89,112.0,1299.0,77.0,6.0,12.8,83.5,0.0,14.1,14.5
354.404,89,112.0,1299.0,77.0,6.0,12.8,83.5,0.0,14.1,14.5
354.494,89,112.0,1299.0,77.0,6.0,12.8,83.5,0.0,14.1,14.5
354.556,89,112.0,1299.0,77.0,6.0,12.8,83.5,0.0,14.1,14.5
354.646,89,112.0,1299.0,77.0,6.0,12.8,83.5,0.0,14.1,14.5
354.707,89,112.0,1293.0,77.0,6.0,12.8,83.5,0.0,14.1,14.5
354.794,89,112.0,1293.0,76.0,6.0,12.8,83.5,0.0,14.1,14.5
354.854,89,112.0,1293.0,76.0,6.0,12.8,83.5,0.0,14.1,14.5
354.944,89,112.0,1293.0,76.0,6.0,13.05,83.5,0.0,14.1,14.5
355.005,89,112.0,1293.0,76.0,6.0,13.05,83.5,0.0,14.1,14.5
355.094,89,112.0,1293.0,76.0,6.0,13.05,83.5,0.0,14.1,14.5
355.156,89,112.0,1293.0,76.0,6.0,13.05,83.5,0.0,14.1,14.5
355.245,89,112.0,1293.0,76.0,6.0,13.05,83.5,0.0,14.1,14.5
355.307,89,112.0,1293.0,76.0,6.0,13.05,83.5,0.0,14.1,14.5
355.395,89,111.0,1293.0,76.0,6.0,13.05,83.5,0.0,14.1,14.5
355.457,89,111.0,1296.0,76.0,6.0,13.05,83.5,0.0,14.1,14.5
355.545,89,111.0,1296.0,77.0,6.0,13.05,83.5,0.0,14.1,14.5
355.607,89,111.0,1296.0,77.0,6.0,13.05,83.5,0.0,14.1,14.5
355.695,89,111.0,1296.0,77.0,6.0,13.05,83.5,0.0,14.1,14.5
355.758,89,111.0,1296.0,77.0,6.0,13.05,83.5,0.0,14.1,14.5
355.844,89,111.0,1296.0,77.0,6.0,13.05,83.5,0.0,14.1,14.5
355.905,89,111.0,1296.0,77.0,6.0,13.05,83.5,0.0,14.1,14.5
355.994,89,111.0,1296.0,77.0,6.0,13.05,83.5,0.0,14.1,14.5
356.056,89,111.0,1296.0,77.0,6.0,13.05,83.5,0.0,14.1,14.5
356.147,89,111.0,1296.0,77.0,6.0,13.05,83.5,0.0,14.1,14.5
356.206,89,111.0,1299.0,77.0,6.0,13.05,83.5,0.0,14.1,14.5
356.295,89,111.0,1299.0,77.0,6.0,13.05,83.5,0.0,14.1,14.5
356.414,89,111.0,1299.0,77.0,6.0,13.05,83.5,0.0,14.1,14.5
356.505,89,111.0,1299.0,77.0,6.0,14.72,83.5,0.0,14.1,14.5
356.595,89,111.0,1299.0,77.0,6.0,14.72,83.5,0.0,14.1,14.5
356.657,89,111.0,1299.0,77.0,6.0,14.72,83.5,0.0,14.1,14.5
356.745,89,111.0,1299.0,77.0,6.0,14.72,83.5,0.0,14.1,14.5
356.805,89,111.0,1299.0,77.0,6.0,14.72,83.5,0.0,14.1,14.5
356.895,89,111.0,1299.0,77.0,6.0,14.72,83.5,0.0,14.1,14.5
356.956,89,121.0,1299.0,77.0,6.0,14.72,83.5,0.0,14.1,14.5
357.045,89,121.0,1315.0,77.0,6.0,14.72,83.5,0.0,14.1,14.5
357.107,89,121.0,1315.0,77.0,6.0,14.72,83.5,0.0,14.1,14.5
357.195,89,121.0,1315.0,77.0,6.0,14.72,83.5,0.0,14.1,14.5
357.256,89,121.0,1315.0,77.0,6.0,26.88,83.5,0.0,14.1,14.5
357.345,89,121.0,1315.0,77.0,6.0,26.88,83.5,0.0,14.1,14.5
357.406,89,121.0,1315.0,77.0,6.0,26.88,83.5,0.0,14.1,14.5
357.495,89,121.0,1315.0,77.0,6.0,26.88,83.5,0.0,14.1,14.5
357.556,89,121.0,1315.0,77.0,6.0,26.88,83.5,0.0,14.1,14.5
357.645,89,121.0,1315.0,77.0,6.0,26.88,83.5,0.0,14.1,14.5
357.707,89,143.0,1315.0,77.0,6.0,26.88,83.5,0.0,14.1,14.5
357.795,89,143.0,1339.0,77.0,6.0,26.88,83.5,0.0,14.1,14.5
357.855,89,143.0,1339.0,79.0,6.0,26.88,83.5,0.0,14.1,14.5
357.945,89,143.0,1339.0,79.0,9.0,26.88,83.5,0.0,14.1,14.5
358.035,89,143.0,1339.0,79.0,9.0,31.83,83.5,0.0,14.1,14.5
358.125,89,143.0,1339.0,79.0,9.0,31.83,83.5,0.0,14.1,14.5
358.215,89,143.0,1339.0,79.0,9.0,31.83,83.5,0.0,14.1,14.5
358.305,89,143.0,1339.0,79.0,9.0,31.83,83.5,0.0,14.1,14.5
358.395,89,143.0,1339.0,79.0,9.0,31.83,83.5,0.0,14.1,14.5
358.456,89,143.0,1339.0,79.0,9.0,31.83,83.5,0.0,14.1,14.5
358.545,89,170.0,1339.0,79.0,9.0,31.83,83.5,0.0,14.1,14.5
358.607,89,170.0,1379.0,79.0,9.0,31.83,83.5,0.0,14.1,14.5
358.695,89,170.0,1379.0,81.0,9.0,31.83,83.5,0.0,14.1,14.5
358.757,89,170.0,1379.0,81.0,10.0,31.83,83.5,0.0,14.1,14.5
358.844,89,170.0,1379.0,81.0,10.0,38.05,83.5,0.0,14.1,14.5
358.905,89,170.0,1379.0,81.0,10.0,38.05,83.5,0.0,14.1,14.5
358.995,89,170.0,1379.0,81.0,10.0,38.05,83.5,0.0,14.1,14.5
359.057,89,170.0,1379.0,81.0,10.0,38.05,83.5,0.0,14.1,14.5
359.145,89,170.0,1379.0,81.0,10.0,38.05,83.5,0.0,14.1,14.5
359.207,89,170.0,1379.0,81.0,10.0,38.05,83.5,0.0,14.1,14.5
359.295,89,199.0,1379.0,81.0,10.0,38.05,83.5,0.0,14.1,14.5
359.357,89,199.0,1422.0,81.0,10.0,38.05,83.5,0.0,14.1,14.5
359.445,89,199.0,1422.0,84.0,10.0,38.05,83.5,0.0,14.1,14.5
359.507,89,199.0,1422.0,84.0,10.0,38.05,83.5,0.0,14.1,14.5
359.595,89,199.0,1422.0,84.0,10.0,43.74,83.5,0.0,14.1,14.5
359.657,89,199.0,1422.0,84.0,10.0,43.74,83.5,0.0,14.1,14.5
359.745,89,199.0,1422.0,84.0,10.0,43.74,83.5,0.0,14.1,14.5
359.806,89,199.0,1422.0,84.0,10.0,43.74,83.5,0.0,14.1,14.5
359.894,89,199.0,1422.0,84.0,10.0,43.74,83.5,0.0,14.1,14.5
359.955,89,199.0,1422.0,84.0,10.0,43.74,83.5,0.0,14.1,14.5
360.045,89,209.0,1422.0,84.0,10.0,43.74,83.5,0.0,14.1,14.5
360.107,89,209.0,1479.0,84.0,10.0,43.74,83.5,0.0,14.1,14.5
360.195,89,209.0,1479.0,87.0,10.0,43.74,83.5,0.0,14.1,14.5
360.257,89,209.0,1479.0,87.0,11.0,43.74,83.5,0.0,14.1,14.5
360.345,89,209.0,1479.0,87.0,11.0,44.55,83.5,0.0,14.1,14.5
360.408,89,209.0,1479.0,87.0,11.0,44.55,83.5,0.0,14.1,14.5
360.495,89,209.0,1479.0,87.0,11.0,44.55,83.5,0.0,14.1,14.5
360.556,89,209.0,1479.0,87.0,11.0,44.55,83.5,0.0,14.1,14.5
360.645,89,209.0,1479.0,87.0,11.0,44.55,83.5,0.0,14.1,14.5
360.708,89,209.0,1479.0,87.0,11.0,44.55,83.5,0.0,14.1,14.5
360.795,89,204.0,1479.0,87.0,11.0,44.55,83.5,0.0,14.1,14.5
360.855,89,204.0,1510.0,87.0,11.0,44.55,83.5,0.0,14.1,14.5
360.945,89,204.0,1510.0,89.0,11.0,44.55,83.5,0.0,14.1,14.5
361.006,89,204.0,1510.0,89.0,11.0,44.55,83.5,0.0,14.1,14.5
361.095,89,204.0,1510.0,89.0,11.0,45.19,83.5,0.0,14.1,14.5
361.157,89,204.0,1510.0,89.0,11.0,45.19,83.5,0.0,14.1,14.5
361.245,89,204.0,1510.0,89.0,11.0,45.19,83.5,0.0,14.1,14.5
361.307,89,204.0,1510.0,89.0,11.0,45.19,83.5,0.0,14.1,14.5
361.425,89,204.0,1510.0,89.0,11.0,45.19,83.5,0.0,14.1,14.5
361.515,89,204.0,1510.0,89.0,11.0,45.19,83.5,0.0,14.1,14.5
361.605,89,198.0,1510.0,89.0,11.0,45.19,83.5,0.0,14.1,14.5
361.694,89,198.0,1559.0,89.0,11.0,45.19,83.5,0.0,14.1,14.5
361.759,89,198.0,1559.0,92.0,11.0,45.19,83.5,0.0,14.1,14.5
361.844,89,198.0,1559.0,92.0,10.0,45.19,83.5,0.0,14.1,14.5
361.905,89,198.0,1559.0,92.0,10.0,44.66,83.5,0.0,14.1,14.5
361.994,89,198.0,1559.0,92.0,10.0,44.66,83.5,0.0,14.1,14.5
362.055,89,198.0,1559.0,92.0,10.0,44.66,83.5,0.0,14.1,14.5
362.145,89,198.0,1559.0,92.0,10.0,44.66,83.5,0.0,14.1,14.5
362.206,89,198.0,1559.0,92.0,10.0,44.66,83.5,0.0,14.1,14.5
362.297,89,198.0,1559.0,92.0,10.0,44.66,83.5,0.0,14.1,14.5
362.356,89,192.0,1559.0,92.0,10.0,44.66,83.5,0.0,14.1,14.5
362.445,89,192.0,1587.0,92.0,10.0,44.66,83.5,0.0,14.1,14.5
362.506,89,192.0,1587.0,94.0,10.0,44.66,83.5,0.0,14.1,14.5
362.595,89,192.0,1587.0,94.0,10.0,44.66,83.5,0.0,14.1,14.5
362.656,89,192.0,1587.0,94.0,10.0,44.99,83.5,0.0,14.1,14.5
362.747,89,192.0,1587.0,94.0,10.0,44.99,83.5,0.0,14.1,14.5
362.805,89,192.0,1587.0,94.0,10.0,44.99,83.5,0.0,14.1,14.5
362.895,89,192.0,1587.0,94.0,10.0,44.99,83.5,0.0,14.1,14.5
362.956,89,192.0,1587.0,94.0,10.0,44.99,83.5,0.0,14.1,14.5
363.045,89,192.0,1587.0,94.0,10.0,44.99,83.5,0.0,14.1,14.5
363.106,89,189.0,1587.0,94.0,10.0,44.99,83.5,0.0,14.1,14.5
363.195,89,189.0,1616.0,94.0,10.0,44.99,83.5,0.0,14.1,14.5
363.257,89,189.0,1616.0,96.0,10.0,44.99,83.5,0.0,14.1,14.5
363.344,89,189.0,1616.0,96.0,9.0,44.99,83.5,0.0,14.1,14.5
363.406,89,189.0,1616.0,96.0,9.0,37.61,83.5,0.0,14.1,14.5
363.495,89,189.0,1616.0,96.0,9.0,37.61,83.5,0.0,14.1,14.5
363.557,89,189.0,1616.0,96.0,9.0,37.61,83.5,0.0,14.1,14.5
363.645,89,189.0,1616.0,96.0,9.0,37.61,83.5,0.0,14.1,14.5
363.706,89,189.0,1616.0,96.0,9.0,37.61,83.5,0.0,14.1,14.5
363.794,89,189.0,1616.0,96.0,9.0,37.61,83.5,0.0,14.1,14.5
363.855,89,182.0,1616.0,96.0,9.0,37.61,83.5,0.0,14.1,14.5
363.943,89,182.0,1643.0,96.0,9.0,37.61,83.5,0.0,14.1,14.5
364.005,89,182.0,1643.0,97.0,9.0,37.61,83.5,0.0,14.1,14.5
364.094,89,182.0,1643.0,97.0,8.0,37.61,83.5,0.0,14.1,14.5
364.155,89,182.0,1643.0,97.0,8.0,33.22,83.5,0.0,14.1,14.5
364.245,89,182.0,1643.0,97.0,8.0,33.22,83.5,0.0,14.1,14.5
364.306,89,182.0,1643.0,97.0,8.0,33.22,83.5,0.0,14.1,14.5
364.395,89,182.0,1643.0,97.0,8.0,33.22,83.5,0.0,14.1,14.5
364.456,89,182.0,1643.0,97.0,8.0,33.22,83.5,0.0,14.1,14.5
364.544,89,182.0,1643.0,97.0,8.0,33.22,83.5,0.0,14.1,14.5
364.607,89,179.0,1643.0,97.0,8.0,33.22,83.5,0.0,14.1,14.5
364.695,89,179.0,1663.0,97.0,8.0,33.22,83.5,0.0,14.1,14.5
364.756,89,179.0,1663.0,98.0,8.0,33.22,83.5,0.0,14.1,14.5
364.844,89,179.0,1663.0,98.0,8.0,33.22,83.5,0.0,14.1,14.5
364.906,89,179.0,1663.0,98.0,8.0,33.69,83.5,0.0,14.1,14.5
364.995,89,179.0,1663.0,98.0,8.0,33.69,83.5,0.0,14.1,14.5
365.058,89,179.0,1663.0,98.0,8.0,33.69,83.5,0.0,14.1,14.5
365.144,89,179.0,1663.0,98.0,8.0,33.69,83.5,0.0,14.1,14.5
365.205,89,179.0,1663.0,98.0,8.0,33.69,83.5,0.0,14.1,14.5
365.295,89,179.0,1663.0,98.0,8.0,33.69,83.5,0.0,14.1,14.5
365.357,89,175.0,1663.0,98.0,8.0,33.69,83.5,0.0,14.1,14.5
365.444,89,175.0,1683.0,98.0,8.0,33.69,83.5,0.0,14.1,14.5
365.505,89,175.0,1683.0,99.0,8.0,33.69,83.5,0.0,14.1,14.5
365.594,89,175.0,1683.0,99.0,7.0,33.69,83.5,0.0,14.1,14.5
365.656,89,175.0,1683.0,99.0,7.0,32.72,83.5,0.0,14.1,14.5
365.749,89,175.0,1683.0,99.0,7.0,32.72,83.5,0.0,14.1,14.5
365.805,89,175.0,1683.0,99.0,7.0,32.72,83.5,0.0,14.1,14.5
365.895,89,175.0,1683.0,99.0,7.0,32.72,83.5,0.0,14.1,14.5
365.956,89,175.0,1683.0,99.0,7.0,32.72,83.5,0.0,14.1,14.5
366.045,89,175.0,1683.0,99.0,7.0,32.72,83.5,0.0,14.1,14.5
366.106,89,171.0,1683.0,99.0,7.0,32.72,83.5,0.0,14.1,14.5
366.195,89,171.0,1697.0,99.0,7.0,32.72,83.5,0.0,14.1,14.5
366.256,89,171.0,1697.0,101.0,7.0,32.72,83.5,0.0,14.1,14.5
366.345,89,171.0,1697.0,101.0,7.0,32.72,83.5,0.0,14.1,14.5
366.464,89,171.0,1697.0,101.0,7.0,31.94,83.5,0.0,14.1,14.5
366.554,89,171.0,1697.0,101.0,7.0,31.94,83.5,0.0,14.1,14.5
366.645,89,171.0,1697.0,101.0,7.0,31.94,83.5,0.0,14.1,14.5
366.706,89,171.0,1697.0,101.0,7.0,31.94,83.5,0.0,14.1,14.5
366.794,89,171.0,1697.0,101.0,7.0,31.94,83.5,0.0,14.1,14.5
366.855,89,171.0,1697.0,101.0,7.0,31.94,83.5,0.0,14.1,14.5
366.945,89,165.0,1697.0,101.0,7.0,31.94,83.5,0.0,14.1,14.5
367.036,89,165.0,1717.0,101.0,7.0,31.94,83.5,0.0,14.1,14.5
367.126,89,165.0,1717.0,101.0,7.0,31.94,83.5,0.0,14.1,14.5
367.215,89,165.0,1717.0,101.0,7.0,31.94,83.5,0.0,14.1,14.5
367.305,89,165.0,1717.0,101.0,7.0,29.91,83.5,0.0,14.1,14.5
367.395,89,165.0,1717.0,101.0,7.0,29.91,83.5,0.0,14.1,14.5
367.456,89,165.0,1717.0,101.0,7.0,29.91,83.5,0.0,14.1,14.5
367.545,89,165.0,1717.0,101.0,7.0,29.91,83.5,0.0,14.1,14.5
367.606,89,165.0,1717.0,101.0,7.0,29.91,83.5,0.0,14.1,14.5
367.694,89,165.0,1717.0,101.0,7.0,29.91,83.5,0.0,14.1,14.5
367.755,89,160.0,1717.0,101.0,7.0,29.91,83.5,0.0,14.1,14.5
367.844,89,160.0,1729.0,101.0,7.0,29.91,83.5,0.0,14.1,14.5
367.904,89,160.0,1729.0,102.0,7.0,29.91,83.5,0.0,14.1,14.5
367.993,89,160.0,1729.0,102.0,6.0,29.91,83.5,0.0,14.1,14.5
368.055,89,160.0,1729.0,102.0,6.0,29.05,83.5,0.0,14.1,14.5
368.143,89,160.0,1729.0,102.0,6.0,29.05,83.5,0.0,14.1,14.5
368.205,89,160.0,1729.0,102.0,6.0,29.05,83.5,0.0,14.1,14.5
368.296,89,160.0,1729.0,102.0,6.0,29.05,83.5,0.0,14.1,14.5
368.354,89,160.0,1729.0,102.0,6.0,29.05,83.5,0.0,14.1,14.5
368.444,89,160.0,1729.0,102.0,6.0,29.05,83.5,0.0,14.1,14.5
368.505,89,154.0,1729.0,102.0,6.0,29.05,83.5,0.0,14.1,14.5
368.595,89,154.0,1745.0,102.0,6.0,29.05,83.5,0.0,14.1,14.5
368.656,89,154.0,1745.0,103.0,6.0,29.05,83.5,0.0,14.1,14.5
368.745,89,154.0,1745.0,103.0,6.0,29.05,83.5,0.0,14.1,14.5
368.805,89,154.0,1745.0,103.0,6.0,27.16,83.5,0.0,14.1,14.5
368.894,89,154.0,1745.0,103.0,6.0,27.16,83.5,0.0,14.1,14.5
368.957,89,154.0,1745.0,103.0,6.0,27.16,83.5,0.0,14.1,14.5
369.045,89,154.0,1745.0,103.0,6.0,27.16,83.5,0.0,14.1,14.5
369.107,89,154.0,1745.0,103.0,6.0,27.16,83.5,0.0,14.1,14.5
369.195,89,154.0,1745.0,103.0,6.0,27.16,83.5,0.0,14.1,14.5
369.257,89,146.0,1745.0,103.0,6.0,27.16,83.5,0.0,14.1,14.5
369.345,89,146.0,1750.0,103.0,6.0,27.16,83.5,0.0,14.1,14.5
369.406,89,146.0,1750.0,104.0,6.0,27.16,83.5,0.0,14.1,14.5
369.495,89,146.0,1750.0,104.0,6.0,27.16,83.5,0.0,14.1,14.5
369.586,89,146.0,1750.0,104.0,6.0,26.11,83.5,0.0,14.1,14.5
369.647,89,146.0,1750.0,104.0,6.0,26.11,83.5,0.0,14.1,14.5
369.705,89,146.0,1750.0,104.0,6.0,26.11,83.5,0.0,14.1,14.5
369.794,89,146.0,1750.0,104.0,6.0,26.11,83.5,0.0,14.1,14.5
369.854,89,146.0,1750.0,104.0,6.0,26.11,83.5,0.0,14.1,14.5
369.945,90,146.0,1750.0,104.0,6.0,26.11,83.5,0.0,14.1,14.5
370.007,90,141.0,1750.0,104.0,6.0,26.11,83.5,0.0,14.1,14.5
370.095,90,141.0,1752.0,104.0,6.0,26.11,83.5,0.0,14.1,14.5
370.157,90,141.0,1752.0,104.0,6.0,26.11,83.5,0.0,14.1,14.5
370.244,90,141.0,1752.0,104.0,6.0,26.11,83.5,0.0,14.1,14.5
370.306,90,141.0,1752.0,104.0,6.0,25.52,83.5,0.0,14.1,14.5
370.395,90,141.0,1752.0,104.0,6.0,25.52,83.5,0.0,14.1,14.5
370.456,90,141.0,1752.0,104.0,6.0,25.52,83.5,0.0,14.1,14.5
370.545,90,141.0,1752.0,104.0,6.0,25.52,83.5,0.0,14.1,14.5
370.607,90,141.0,1752.0,104.0,6.0,25.52,83.5,0.0,14.1,14.5
370.695,90,141.0,1752.0,104.0,6.0,25.52,83.5,0.0,14.1,14.5
370.757,90,141.0,1752.0,104.0,6.0,25.52,83.5,0.0,14.1,14.5
370.845,90,141.0,1752.0,104.0,6.0,25.52,83.5,0.0,14.1,14.5
370.905,90,141.0,1752.0,104.0,6.0,25.52,83.5,0.0,14.1,14.5
370.995,90,141.0,1752.0,104.0,6.0,25.52,83.5,0.0,14.1,14.5
371.057,90,141.0,1752.0,104.0,6.0,25.49,83.5,0.0,14.1,14.5
371.144,90,141.0,1752.0,104.0,6.0,25.49,83.5,0.0,14.1,14.5
371.207,90,141.0,1752.0,104.0,6.0,25.49,83.5,0.0,14.1,14.5
371.294,90,141.0,1752.0,104.0,6.0,25.49,83.5,0.0,14.1,14.5
371.384,90,141.0,1752.0,104.0,6.0,25.49,83.5,0.0,14.1,14.5
371.446,90,141.0,1752.0,104.0,6.0,25.49,83.5,0.0,14.1,14.5
371.506,90,142.0,1752.0,104.0,6.0,25.49,83.5,0.0,14.1,14.5
371.594,90,142.0,1764.0,104.0,6.0,25.49,83.5,0.0,14.1,14.5
371.655,90,142.0,1764.0,104.0,6.0,25.49,83.5,0.0,14.1,14.5
371.745,90,142.0,1764.0,104.0,6.0,25.49,83.5,0.0,14.1,14.5
371.805,90,142.0,1764.0,104.0,6.0,25.22,83.5,0.0,14.1,14.5
371.895,90,142.0,1764.0,104.0,6.0,25.22,83.5,0.0,14.1,14.5
371.955,90,142.0,1764.0,104.0,6.0,25.22,83.5,0.0,14.1,14.5
372.045,90,142.0,1764.0,104.0,6.0,25.22,83.5,0.0,14.1,14.5
372.135,90,142.0,1764.0,104.0,6.0,25.22,83.5,0.0,14.1,14.5
372.196,90,142.0,1764.0,104.0,6.0,25.22,83.5,0.0,14.1,14.5
372.256,90,141.0,1764.0,104.0,6.0,25.22,83.5,0.0,14.1,14.5
372.347,90,141.0,1768.0,104.0,6.0,25.22,83.5,0.0,14.1,14.5
372.406,90,141.0,1768.0,105.0,6.0,25.22,83.5,0.0,14.1,14.5
372.495,90,141.0,1768.0,105.0,6.0,25.22,83.5,0.0,14.1,14.5
372.556,90,141.0,1768.0,105.0,6.0,24.47,83.5,0.0,14.1,14.5
372.644,90,141.0,1768.0,105.0,6.0,24.47,83.5,0.0,14.1,14.5
372.706,90,141.0,1768.0,105.0,6.0,24.47,83.5,0.0,14.1,14.5
372.794,90,141.0,1768.0,105.0,6.0,24.47,83.5,0.0,14.1,14.5
372.884,90,141.0,1768.0,105.0,6.0,24.47,83.5,0.0,14.1,14.5
372.945,90,141.0,1768.0,105.0,6.0,24.47,83.5,0.0,14.1,14.5
373.035,90,140.0,1768.0,105.0,6.0,24.47,83.5,0.0,14.1,14.5
373.095,90,140.0,1768.0,105.0,6.0,24.47,83.5,0.0,14.1,14.5
373.184,90,140.0,1768.0,105.0,6.0,24.47,83.5,0.0,14.1,14.5
373.247,90,140.0,1768.0,105.0,6.0,24.47,83.5,0.0,14.1,14.5
373.334,90,140.0,1768.0,105.0,6.0,24.38,83.5,0.0,14.1,14.5
373.397,90,140.0,1768.0,105.0,6.0,24.38,83.5,0.0,14.1,14.5
373.485,90,140.0,1768.0,105.0,6.0,24.38,83.5,0.0,14.1,14.5
373.547,90,140.0,1768.0,105.0,6.0,24.38,83.5,0.0,14.1,14.5
373.634,90,140.0,1768.0,105.0,6.0,24.38,83.5,0.0,14.1,14.5
373.697,90,140.0,1768.0,105.0,6.0,24.38,83.5,0.0,14.1,14.5
373.784,90,139.0,1768.0,105.0,6.0,24.38,83.5,0.0,14.1,14.5
373.845,90,139.0,1772.0,105.0,6.0,24.38,83.5,0.0,14.1,14.5
373.934,90,139.0,1772.0,105.0,6.0,24.38,83.5,0.0,14.1,14.5
373.995,90,139.0,1772.0,105.0,6.0,24.38,83.5,0.0,14.1,14.5
374.085,90,139.0,1772.0,105.0,6.0,23.86,83.5,0.0,14.1,14.5
374.146,90,139.0,1772.0,105.0,6.0,23.86,83.5,0.0,14.1,14.5
374.235,90,139.0,1772.0,105.0,6.0,23.86,83.5,0.0,14.1,14.5
374.296,90,139.0,1772.0,105.0,6.0,23.86,83.5,0.0,14.1,14.5
374.385,90,139.0,1772.0,105.0,6.0,23.86,83.5,0.0,14.1,14.5
374.446,90,139.0,1772.0,105.0,6.0,23.86,83.5,0.0,14.1,14.5
374.535,90,139.0,1772.0,105.0,6.0,23.86,83.5,0.0,14.1,14.5
374.598,90,139.0,1777.0,105.0,6.0,23.86,83.5,0.0,14.1,14.5
374.684,90,139.0,1777.0,105.0,6.0,23.86,83.5,0.0,14.1,14.5
374.746,90,139.0,1777.0,105.0,6.0,23.86,83.5,0.0,14.1,14.5
374.834,90,139.0,1777.0,105.0,6.0,23.63,83.5,0.0,14.1,14.5
374.895,90,139.0,1777.0,105.0,6.0,23.63,83.5,0.0,14.1,14.5
374.984,90,139.0,1777.0,105.0,6.0,23.63,83.5,0.0,14.1,14.5
375.046,90,139.0,1777.0,105.0,6.0,23.63,83.5,0.0,14.1,14.5
375.136,90,139.0,1777.0,105.0,6.0,23.63,83.5,0.0,14.1,14.1
375.196,90,139.0,1777.0,105.0,6.0,23.63,83.5,0.0,14.1,14.1
375.284,90,138.0,1777.0,105.0,6.0,23.63,83.5,0.0,14.1,14.1
375.347,90,138.0,1779.0,105.0,6.0,23.63,83.5,0.0,14.1,14.1
375.435,90,138.0,1779.0,105.0,6.0,23.63,83.5,0.0,14.1,14.1
375.497,90,138.0,1779.0,105.0,5.0,23.63,83.5,0.0,14.1,14.1
375.586,90,138.0,1779.0,105.0,5.0,23.16,83.5,0.0,14.1,14.1
375.647,90,138.0,1779.0,105.0,5.0,23.16,83.5,0.0,14.1,14.1
375.734,90,138.0,1779.0,105.0,5.0,23.16,83.5,0.0,14.1,14.1
375.795,90,138.0,1779.0,105.0,5.0,23.16,83.5,0.0,14.1,14.1
375.884,90,138.0,1779.0,105.0,5.0,23.16,83.5,0.0,14.1,14.5
375.945,90,138.0,1779.0,105.0,5.0,23.16,83.5,0.0,14.1,14.5
376.035,90,136.0,1779.0,105.0,5.0,23.16,83.5,0.0,14.1,14.5
376.096,90,136.0,1781.0,105.0,5.0,23.16,83.5,0.0,14.1,14.5
376.185,90,136.0,1781.0,105.0,5.0,23.16,83.5,0.0,14.1,14.5
376.247,90,136.0,1781.0,105.0,5.0,23.16,83.5,0.0,14.1,14.5
376.335,90,136.0,1781.0,105.0,5.0,23.19,83.5,0.0,14.1,14.5
376.398,90,136.0,1781.0,105.0,5.0,23.19,83.5,0.0,14.1,14.5
376.484,90,136.0,1781.0,105.0,5.0,23.19,83.5,0.0,14.1,14.5
376.547,90,136.0,1781.0,105.0,5.0,23.19,83.5,0.0,14.1,14.5
376.634,90,136.0,1781.0,105.0,5.0,23.19,83.5,0.0,14.1,14.5
376.696,90,136.0,1781.0,105.0,5.0,23.19,83.5,0.0,14.1,14.5
376.784,90,135.0,1781.0,105.0,5.0,23.19,83.5,0.0,14.1,14.5
376.845,90,135.0,1781.0,105.0,5.0,23.19,83.5,0.0,14.1,14.5
376.935,90,135.0,1781.0,105.0,5.0,23.19,83.5,0.0,14.1,14.5
376.997,90,135.0,1781.0,105.0,5.0,23.19,83.5,0.0,14.1,14.5
377.085,90,135.0,1781.0,105.0,5.0,22.52,83.5,0.0,14.1,14.5
377.146,90,135.0,1781.0,105.0,5.0,22.52,83.5,0.0,14.1,14.5
377.235,90,135.0,1781.0,105.0,5.0,22.52,83.5,0.0,14.1,14.5
377.296,90,135.0,1781.0,105.0,5.0,22.52,83.5,0.0,14.1,14.5
377.385,90,135.0,1781.0,105.0,5.0,22.52,83.5,0.0,14.1,14.5
377.446,90,135.0,1781.0,105.0,5.0,22.52,83.5,0.0,14.1,14.5
377.535,90,134.0,1781.0,105.0,5.0,22.52,83.5,0.0,14.1,14.5
377.597,90,134.0,1781.0,105.0,5.0,22.52,83.5,0.0,14.1,14.5
377.684,90,134.0,1781.0,105.0,5.0,22.52,83.5,0.0,14.1,14.5
377.746,90,134.0,1781.0,105.0,5.0,22.52,83.5,0.0,14.1,14.5
377.834,90,134.0,1781.0,105.0,5.0,22.58,83.5,0.0,14.1,14.5
377.895,90,134.0,1781.0,105.0,5.0,22.58,83.5,0.0,14.1,14.5
377.984,90,134.0,1781.0,105.0,5.0,22.58,83.5,0.0,14.1,14.5
378.046,90,134.0,1781.0,105.0,5.0,22.58,83.5,0.0,14.1,14.5
378.134,90,134.0,1781.0,105.0,5.0,22.58,83.5,0.0,14.1,14.5
378.196,90,134.0,1781.0,105.0,5.0,22.58,83.5,0.0,14.1,14.5
378.285,90,133.0,1781.0,105.0,5.0,22.58,83.5,0.0,14.1,14.5
378.346,90,133.0,1782.0,105.0,5.0,22.58,83.5,0.0,14.1,14.5
378.435,90,133.0,1782.0,106.0,5.0,22.58,83.5,0.0,14.1,14.5
378.497,90,133.0,1782.0,106.0,5.0,22.58,83.5,0.0,14.1,14.5
378.585,90,133.0,1782.0,106.0,5.0,22.47,83.5,0.0,14.1,14.5
378.646,90,133.0,1782.0,106.0,5.0,22.47,83.5,0.0,14.1,14.5
378.735,90,133.0,1782.0,106.0,5.0,22.47,83.5,0.0,14.1,14.5
378.795,90,133.0,1782.0,106.0,5.0,22.47,83.5,0.0,14.1,14.5
378.885,90,133.0,1782.0,106.0,5.0,22.47,83.5,0.0,14.1,14.5
378.946,90,133.0,1782.0,106.0,5.0,22.47,83.5,0.0,14.1,14.5
379.035,90,133.0,1782.0,106.0,5.0,22.47,83.5,0.0,14.1,14.5
379.096,90,133.0,1782.0,106.0,5.0,22.47,83.5,0.0,14.1,14.5
379.185,90,133.0,1782.0,106.0,5.0,22.47,83.5,0.0,14.1,14.5
379.246,90,133.0,1782.0,106.0,5.0,22.47,83.5,0.0,14.1,14.5
379.334,90,133.0,1782.0,106.0,5.0,22.63,83.5,0.0,14.1,14.5
379.396,90,133.0,1782.0,106.0,5.0,22.63,83.5,0.0,14.1,14.5
379.484,90,133.0,1782.0,106.0,5.0,22.63,83.5,0.0,14.1,14.5
379.546,90,133.0,1782.0,106.0,5.0,22.63,83.5,0.0,14.1,14.5
379.635,90,133.0,1782.0,106.0,5.0,22.63,83.5,0.0,14.1,14.5
379.696,90,133.0,1782.0,106.0,5.0,22.63,83.5,0.0,14.1,14.5
379.785,90,132.0,1782.0,106.0,5.0,22.63,83.5,0.0,14.1,14.5
379.845,90,132.0,1783.0,106.0,5.0,22.63,83.5,0.0,14.1,14.5
379.934,90,132.0,1783.0,106.0,5.0,22.63,83.5,0.0,14.1,14.5
379.995,90,132.0,1783.0,106.0,5.0,22.63,83.5,0.0,14.1,14.5
380.084,90,132.0,1783.0,106.0,5.0,22.13,83.5,0.0,14.1,14.5
380.145,90,132.0,1783.0,106.0,5.0,22.13,83.5,0.0,14.1,14.5
380.234,90,132.0,1783.0,106.0,5.0,22.13,83.5,0.0,14.1,14.5
380.296,90,132.0,1783.0,106.0,5.0,22.13,83.5,0.0,14.1,14.5
380.385,90,132.0,1783.0,106.0,5.0,22.13,83.5,0.0,14.1,14.5
380.448,90,132.0,1783.0,106.0,5.0,22.13,83.5,0.0,14.1,14.5
380.534,90,132.0,1783.0,106.0,5.0,22.13,83.5,0.0,14.1,14.5
380.596,90,132.0,1785.0,106.0,5.0,22.13,83.5,0.0,14.1,14.5
380.685,90,132.0,1785.0,106.0,5.0,22.13,83.5,0.0,14.1,14.5
380.746,90,132.0,1785.0,106.0,5.0,22.13,83.5,0.0,14.1,14.5
380.833,90,132.0,1785.0,106.0,5.0,22.38,83.5,0.0,14.1,14.5
380.895,90,132.0,1785.0,106.0,5.0,22.38,83.5,0.0,14.1,14.5
380.985,90,132.0,1785.0,106.0,5.0,22.38,83.5,0.0,14.1,14.5
381.046,90,132.0,1785.0,106.0,5.0,22.38,83.5,0.0,14.1,14.5
381.135,90,132.0,1785.0,106.0,5.0,22.38,83.5,0.0,14.1,14.5
381.196,90,132.0,1785.0,106.0,5.0,22.38,83.5,0.0,14.1,14.5
381.284,90,132.0,1785.0,106.0,5.0,22.38,83.5,0.0,14.1,14.5
381.346,90,132.0,1782.0,106.0,5.0,22.38,83.5,0.0,14.1,14.5
381.435,90,132.0,1782.0,106.0,5.0,22.38,83.5,0.0,14.1,14.5
381.496,90,132.0,1782.0,106.0,5.0,22.38,83.5,0.0,14.1,14.5
381.584,90,132.0,1782.0,106.0,5.0,22.41,83.5,0.0,14.1,14.5
381.645,90,132.0,1782.0,106.0,5.0,22.41,83.5,0.0,14.1,14.5
381.734,90,132.0,1782.0,106.0,5.0,22.41,83.5,0.0,14.1,14.5
381.794,90,132.0,1782.0,106.0,5.0,22.41,83.5,0.0,14.1,14.5
381.884,90,132.0,1782.0,106.0,5.0,22.41,83.5,0.0,14.1,14.5
381.945,90,132.0,1782.0,106.0,5.0,22.41,83.5,0.0,14.1,14.5
382.034,90,131.0,1782.0,106.0,5.0,22.41,83.5,0.0,14.1,14.5
382.095,90,131.0,1783.0,106.0,5.0,22.41,83.5,0.0,14.1,14.5
382.184,90,131.0,1783.0,106.0,5.0,22.41,83.5,0.0,14.1,14.5
382.245,90,131.0,1783.0,106.0,5.0,22.41,83.5,0.0,14.1,14.5
382.335,90,131.0,1783.0,106.0,5.0,22.49,83.5,0.0,14.1,14.5
382.396,90,131.0,1783.0,106.0,5.0,22.49,83.5,0.0,14.1,14.5
382.485,90,131.0,1783.0,106.0,5.0,22.49,83.5,0.0,14.1,14.5
382.546,90,131.0,1783.0,106.0,5.0,22.49,83.5,0.0,14.1,14.5
382.635,90,131.0,1783.0,106.0,5.0,22.49,83.5,0.0,14.1,14.5
382.696,90,131.0,1783.0,106.0,5.0,22.49,83.5,0.0,14.1,14.5
382.784,90,132.0,1783.0,106.0,5.0,22.49,83.5,0.0,14.1,14.5
382.845,90,132.0,1781.0,106.0,5.0,22.49,83.5,0.0,14.1,14.5
382.935,90,132.0,1781.0,105.0,5.0,22.49,83.5,0.0,14.1,14.5
382.995,90,132.0,1781.0,105.0,5.0,22.49,83.5,0.0,14.1,14.5
383.085,90,132.0,1781.0,105.0,5.0,22.22,83.5,0.0,14.1,14.5
383.145,90,132.0,1781.0,105.0,5.0,22.22,83.5,0.0,14.1,14.5
383.235,90,132.0,1781.0,105.0,5.0,22.22,83.5,0.0,14.1,14.5
383.295,90,132.0,1781.0,105.0,5.0,22.22,83.5,0.0,14.1,14.5
383.385,90,132.0,1781.0,105.0,5.0,22.22,83.5,0.0,14.1,14.5
383.446,90,132.0,1781.0,105.0,5.0,22.22,83.5,0.0,14.1,14.5
383.535,90,132.0,1781.0,105.0,5.0,22.22,83.5,0.0,14.1,14.5
383.596,90,132.0,1783.0,105.0,5.0,22.22,83.5,0.0,14.1,14.5
383.685,90,132.0,1783.0,105.0,5.0,22.22,83.5,0.0,14.1,14.5
383.746,90,132.0,1783.0,105.0,5.0,22.22,83.5,0.0,14.1,14.5
383.834,90,132.0,1783.0,105.0,5.0,22.22,83.5,0.0,14.1,14.5
383.895,90,132.0,1783.0,105.0,5.0,22.22,83.5,0.0,14.1,14.5
383.984,90,132.0,1783.0,105.0,5.0,22.22,83.5,0.0,14.1,14.5
384.045,90,132.0,1783.0,105.0,5.0,22.22,83.5,0.0,14.1,14.5
384.134,90,132.0,1783.0,105.0,5.0,22.22,83.5,0.0,14.1,14.5
384.196,90,132.0,1783.0,105.0,5.0,22.22,83.5,0.0,14.1,14.5
384.286,90,133.0,1783.0,105.0,5.0,22.22,83.5,0.0,14.1,14.5
384.347,90,133.0,1782.0,105.0,5.0,22.22,83.5,0.0,14.1,14.5
384.433,90,133.0,1782.0,105.0,5.0,22.22,83.5,0.0,14.1,14.5
384.495,90,133.0,1782.0,105.0,6.0,22.22,83.5,0.0,14.1,14.5
384.584,90,133.0,1782.0,105.0,6.0,22.27,83.5,0.0,14.1,14.5
384.645,90,133.0,1782.0,105.0,6.0,22.27,83.5,0.0,14.1,14.5
384.734,90,133.0,1782.0,105.0,6.0,22.27,83.5,0.0,14.1,14.5
384.809,90,133.0,1782.0,105.0,6.0,22.27,83.5,0.0,14.1,14.5
384.884,90,133.0,1782.0,105.0,6.0,22.27,83.5,0.0,14.1,14.5
384.946,90,133.0,1782.0,105.0,6.0,22.27,83.5,0.0,14.1,14.5
385.034,90,133.0,1782.0,105.0,6.0,22.27,83.5,0.0,14.1,14.5
385.124,90,133.0,1782.0,105.0,6.0,22.27,83.5,0.0,14.1,14.5
385.215,90,133.0,1782.0,105.0,6.0,22.27,83.5,0.0,14.1,14.5
385.304,90,133.0,1782.0,105.0,6.0,22.27,83.5,0.0,14.1,14.5
385.395,90,133.0,1782.0,105.0,6.0,22.61,83.5,0.0,14.1,14.5
385.484,90,133.0,1782.0,105.0,6.0,22.61,83.5,0.0,14.1,14.5
385.575,90,133.0,1782.0,105.0,6.0,22.61,83.5,0.0,14.1,14.5
385.664,90,133.0,1782.0,105.0,6.0,22.61,83.5,0.0,14.1,14.5
385.755,90,133.0,1782.0,105.0,6.0,22.61,83.5,0.0,14.1,14.5
385.845,90,133.0,1782.0,105.0,6.0,22.61,83.5,0.0,14.1,14.5
385.934,90,133.0,1782.0,105.0,6.0,22.61,83.5,0.0,14.1,14.5
386.025,90,133.0,1783.0,105.0,6.0,22.61,83.5,0.0,14.1,14.5
386.115,90,133.0,1783.0,105.0,6.0,22.61,83.5,0.0,14.1,14.5
386.205,90,133.0,1783.0,105.0,6.0,22.61,83.5,0.0,14.1,14.5
386.295,90,133.0,1783.0,105.0,6.0,22.52,83.5,0.0,14.1,14.5
386.385,90,133.0,1783.0,105.0,6.0,22.52,83.5,0.0,14.1,14.5
386.475,90,133.0,1783.0,105.0,6.0,22.52,83.5,0.0,14.1,14.5
386.565,90,133.0,1783.0,105.0,6.0,22.52,83.5,0.0,14.1,14.5
386.654,90,133.0,1783.0,105.0,6.0,22.52,83.5,0.0,14.1,14.5
386.744,90,133.0,1783.0,105.0,6.0,22.52,83.5,0.0,14.1,14.5
386.834,90,133.0,1783.0,105.0,6.0,22.52,83.5,0.0,14.1,14.5
386.924,90,133.0,1777.0,105.0,6.0,22.52,83.5,0.0,14.1,14.5
387.014,90,133.0,1777.0,105.0,6.0,22.52,83.5,0.0,14.1,14.5
387.105,90,133.0,1777.0,105.0,6.0,22.52,83.5,0.0,14.1,14.5
387.195,90,133.0,1777.0,105.0,6.0,22.86,83.5,0.0,14.1,14.5
387.285,90,133.0,1777.0,105.0,6.0,22.86,83.5,0.0,14.1,14.5
387.375,90,133.0,1777.0,105.0,6.0,22.86,83.5,0.0,14.1,14.5
387.464,90,133.0,1777.0,105.0,6.0,22.86,83.5,0.0,14.1,14.5
387.555,90,133.0,1777.0,105.0,6.0,22.86,83.5,0.0,14.1,14.5
387.645,90,133.0,1777.0,105.0,6.0,22.86,83.5,0.0,14.1,14.5
387.736,90,134.0,1777.0,105.0,6.0,22.86,83.5,0.0,14.1,14.5
387.824,90,134.0,1781.0,105.0,6.0,22.86,83.5,0.0,14.1,14.5
387.914,90,134.0,1781.0,105.0,6.0,22.86,83.5,0.0,14.1,14.5
388.005,90,134.0,1781.0,105.0,6.0,22.86,83.5,0.0,14.1,14.5
388.095,90,134.0,1781.0,105.0,6.0,23.36,83.5,0.0,14.1,14.5
388.185,90,134.0,1781.0,105.0,6.0,23.36,83.5,0.0,14.1,14.5
388.275,90,134.0,1781.0,105.0,6.0,23.36,83.5,0.0,14.1,14.5
388.365,90,134.0,1781.0,105.0,6.0,23.36,83.5,0.0,14.1,14.5
388.455,90,134.0,1781.0,105.0,6.0,23.36,83.5,0.0,14.1,14.5
388.546,89,134.0,1781.0,105.0,6.0,23.36,83.5,0.0,14.1,14.5
388.635,89,136.0,1781.0,105.0,6.0,23.36,83.5,0.0,14.1,14.5
388.725,89,136.0,1755.0,105.0,6.0,23.36,83.5,0.0,14.1,14.5
388.814,89,136.0,1755.0,105.0,6.0,23.36,83.5,0.0,14.1,14.5
388.904,89,136.0,1755.0,105.0,6.0,23.36,83.5,0.0,14.1,14.5
388.995,89,136.0,1755.0,105.0,6.0,26.74,83.5,0.0,14.1,14.5
389.085,89,136.0,1755.0,105.0,6.0,26.74,31.0,0.0,14.1,14.5
389.175,89,136.0,1755.0,105.0,6.0,26.74,31.0,0.0,14.1,14.5
389.265,89,136.0,1755.0,105.0,6.0,26.74,31.0,0.0,14.1,14.5
389.355,89,136.0,1755.0,105.0,6.0,26.74,31.0,0.0,14.1,14.5
389.445,89,136.0,1755.0,105.0,6.0,26.74,31.0,0.0,14.1,14.5
389.535,89,97.0,1755.0,105.0,6.0,26.74,31.0,0.0,14.1,14.5
389.625,89,97.0,1744.0,105.0,6.0,26.74,31.0,0.0,14.1,14.5
389.715,89,97.0,1744.0,103.0,6.0,26.74,31.0,0.0,14.1,14.5
389.804,89,97.0,1744.0,103.0,6.0,26.74,31.0,0.0,14.1,14.5
389.895,89,97.0,1744.0,103.0,6.0,27.3,31.0,0.0,14.1,14.5
389.984,89,97.0,1744.0,103.0,6.0,27.3,83.5,0.0,14.1,14.5
390.074,89,97.0,1744.0,103.0,6.0,27.3,83.5,0.0,14.1,14.5
390.165,89,97.0,1744.0,103.0,6.0,27.3,83.5,0.0,14.1,14.5
390.255,89,97.0,1744.0,103.0,6.0,27.3,83.5,0.0,14.1,14.5
390.345,89,97.0,1744.0,103.0,6.0,27.3,83.5,0.0,14.1,14.5
390.435,89,118.0,1744.0,103.0,6.0,27.3,83.5,0.0,14.1,14.5
390.525,89,118.0,1077.0,103.0,6.0,27.3,83.5,0.0,14.1,14.5
390.615,89,118.0,1077.0,102.0,6.0,27.3,83.5,0.0,14.1,14.5
390.705,89,118.0,1077.0,102.0,7.0,27.3,83.5,0.0,14.1,14.5
390.794,89,118.0,1077.0,102.0,7.0,15.3,83.5,0.0,14.1,14.5
390.883,89,118.0,1077.0,102.0,7.0,15.3,83.5,0.0,14.1,14.5
390.975,89,118.0,1077.0,102.0,7.0,15.3,83.5,0.0,14.1,14.5
391.064,89,118.0,1077.0,102.0,7.0,15.3,83.5,0.0,14.1,14.5
391.155,89,118.0,1077.0,102.0,7.0,15.3,83.5,0.0,14.1,14.5
391.244,89,118.0,1077.0,102.0,7.0,15.3,83.5,0.0,14.1,14.5
391.335,89,109.0,1077.0,102.0,7.0,15.3,83.5,0.0,14.1,14.5
391.484,89,109.0,885.0,102.0,7.0,15.3,83.5,0.0,14.1,14.5
391.574,89,109.0,885.0,98.0,7.0,15.3,83.5,0.0,14.1,14.5
391.664,89,109.0,885.0,98.0,5.0,15.3,83.5,0.0,14.1,14.5
391.755,89,109.0,885.0,98.0,5.0,9.69,83.5,0.0,14.1,14.5
391.844,89,109.0,885.0,98.0,5.0,9.69,83.5,0.0,14.1,14.5
391.934,89,109.0,885.0,98.0,5.0,9.69,83.5,0.0,14.1,14.5
392.024,89,109.0,885.0,98.0,5.0,9.69,83.5,0.0,14.1,14.5
392.115,89,109.0,885.0,98.0,5.0,9.69,83.5,0.0,14.1,14.5
392.204,89,109.0,885.0,98.0,5.0,9.69,83.5,0.0,14.1,14.5
392.294,89,106.0,885.0,98.0,5.0,9.69,83.5,0.0,14.1,14.5
392.384,89,106.0,1813.0,98.0,5.0,9.69,83.5,0.0,14.1,14.5
392.474,89,106.0,1813.0,92.0,5.0,9.69,83.5,0.0,14.1,14.5
392.564,89,106.0,1813.0,92.0,-1.0,9.69,83.5,0.0,14.1,14.5
392.655,89,106.0,1813.0,92.0,-1.0,24.91,83.5,0.0,14.1,14.5
392.745,89,106.0,1813.0,92.0,-1.0,24.91,83.5,0.0,14.1,14.5
392.834,89,106.0,1813.0,92.0,-1.0,24.91,83.5,0.0,14.1,14.5
392.924,89,106.0,1813.0,92.0,-1.0,24.91,83.5,0.0,14.1,14.5
393.014,89,106.0,1813.0,92.0,-1.0,24.91,83.5,0.0,14.1,14.5
393.104,89,106.0,1813.0,92.0,-1.0,24.91,83.5,0.0,14.1,14.5
393.194,89,126.0,1813.0,92.0,-1.0,24.91,83.5,0.0,14.1,14.5
393.285,89,126.0,2232.0,92.0,-1.0,24.91,83.5,0.0,14.1,14.5
393.375,89,126.0,2232.0,87.0,-1.0,24.91,83.5,0.0,14.1,14.5
393.465,89,126.0,2232.0,87.0,9.0,24.91,83.5,0.0,14.1,14.5
393.555,89,126.0,2232.0,87.0,9.0,44.33,83.5,0.0,14.1,14.5
393.644,89,126.0,2232.0,87.0,9.0,44.33,83.5,0.0,14.1,14.5
393.734,89,126.0,2232.0,87.0,9.0,44.33,83.5,0.0,14.1,14.5
393.824,89,126.0,2232.0,87.0,9.0,44.33,83.5,0.0,14.1,14.5
393.915,89,126.0,2232.0,87.0,9.0,44.33,83.5,0.0,14.1,14.5
394.005,89,126.0,2232.0,87.0,9.0,44.33,83.5,0.0,14.1,14.5
394.095,89,134.0,2232.0,87.0,9.0,44.33,83.5,0.0,14.1,14.5
394.184,89,134.0,2088.0,87.0,9.0,44.33,83.5,0.0,14.1,14.5
394.275,89,134.0,2088.0,81.0,9.0,44.33,83.5,0.0,14.1,14.5
394.364,89,134.0,2088.0,81.0,10.0,44.33,83.5,0.0,14.1,14.5
394.454,89,134.0,2088.0,81.0,10.0,41.55,83.5,0.0,14.1,14.5
394.545,89,134.0,2088.0,81.0,10.0,41.55,83.5,0.0,14.1,14.5
394.634,89,134.0,2088.0,81.0,10.0,41.55,83.5,0.0,14.1,14.5
394.724,89,134.0,2088.0,81.0,10.0,41.55,83.5,0.0,14.1,14.5
394.814,89,134.0,2088.0,81.0,10.0,41.55,83.5,0.0,14.1,14.5
394.905,89,134.0,2088.0,81.0,10.0,41.55,83.5,0.0,14.1,14.5
394.994,89,131.0,2088.0,81.0,10.0,41.55,83.5,0.0,14.1,14.5
395.085,89,131.0,1935.0,81.0,10.0,41.55,83.5,0.0,14.1,14.5
395.177,89,131.0,1935.0,75.0,10.0,41.55,83.5,0.0,14.1,14.5
395.265,89,131.0,1935.0,75.0,9.0,41.55,83.5,0.0,14.1,14.5
395.399,89,131.0,1935.0,75.0,9.0,37.66,83.5,0.0,14.1,14.5
395.503,89,131.0,1935.0,75.0,9.0,37.66,83.5,0.0,14.1,14.5
395.594,89,131.0,1935.0,75.0,9.0,37.66,83.5,0.0,14.1,14.5
395.684,89,131.0,1935.0,75.0,9.0,37.66,83.5,0.0,14.1,14.5
395.774,89,131.0,1935.0,75.0,9.0,37.66,83.5,0.0,14.1,14.5
395.864,89,131.0,1935.0,75.0,9.0,37.66,83.5,0.0,14.1,14.5
395.954,89,126.0,1935.0,75.0,9.0,37.66,83.5,0.0,14.1,14.5
396.044,89,126.0,1778.0,75.0,9.0,37.66,83.5,0.0,14.1,14.5
396.134,89,126.0,1778.0,69.0,9.0,37.66,83.5,0.0,14.1,14.5
396.225,89,126.0,1778.0,69.0,8.0,37.66,83.5,0.0,14.1,14.5
396.314,89,126.0,1778.0,69.0,8.0,33.44,83.5,0.0,14.1,14.5
396.435,89,126.0,1778.0,69.0,8.0,33.44,83.5,0.0,14.1,14.5
396.525,89,126.0,1778.0,69.0,8.0,33.44,83.5,0.0,14.1,14.5
396.614,89,126.0,1778.0,69.0,8.0,33.44,83.5,0.0,14.1,14.5
396.704,89,126.0,1778.0,69.0,8.0,33.44,83.5,0.0,14.1,14.5
396.798,89,126.0,1778.0,69.0,8.0,33.44,83.5,0.0,14.1,14.5
396.884,89,122.0,1778.0,69.0,8.0,33.44,83.5,0.0,14.1,14.5
396.974,89,122.0,1673.0,69.0,8.0,33.44,83.5,0.0,14.1,14.5
397.064,89,122.0,1673.0,65.0,8.0,33.44,83.5,0.0,14.1,14.5
397.155,89,122.0,1673.0,65.0,7.0,33.44,83.5,0.0,14.1,14.5
397.245,89,122.0,1673.0,65.0,7.0,28.52,83.5,0.0,14.1,14.5
397.334,89,122.0,1673.0,65.0,7.0,28.52,83.5,0.0,14.1,14.5
397.426,89,122.0,1673.0,65.0,7.0,28.52,83.5,0.0,14.1,14.5
397.514,89,122.0,1673.0,65.0,7.0,28.52,83.5,0.0,14.1,14.5
397.605,89,122.0,1673.0,65.0,7.0,28.52,83.5,0.0,14.1,14.5
397.694,89,122.0,1673.0,65.0,7.0,28.52,83.5,0.0,14.1,14.5
397.786,89,115.0,1673.0,65.0,7.0,28.52,83.5,0.0,14.1,14.5
397.875,89,115.0,1007.0,65.0,7.0,28.52,83.5,0.0,14.1,14.5
397.964,89,115.0,1007.0,60.0,7.0,28.52,83.5,0.0,14.1,14.5
398.054,89,115.0,1007.0,60.0,6.0,28.52,83.5,0.0,14.1,14.5
398.145,89,115.0,1007.0,60.0,6.0,8.47,83.5,0.0,14.1,14.5
398.234,89,115.0,1007.0,60.0,6.0,8.47,83.5,0.0,14.1,14.5
398.324,89,115.0,1007.0,60.0,6.0,8.47,83.5,0.0,14.1,14.5
398.416,89,115.0,1007.0,60.0,6.0,8.47,83.5,0.0,14.1,14.5
398.504,89,115.0,1007.0,60.0,6.0,8.47,83.5,0.0,14.1,14.5
398.594,89,115.0,1007.0,60.0,6.0,8.47,83.5,0.0,14.1,14.5
398.685,89,108.0,1007.0,60.0,6.0,8.47,83.5,0.0,14.1,14.5
398.775,89,108.0,2026.0,60.0,6.0,8.47,83.5,0.0,14.1,14.5
398.864,89,108.0,2026.0,54.0,6.0,8.47,83.5,0.0,14.1,14.5
398.954,89,108.0,2026.0,54.0,2.0,8.47,83.5,0.0,14.1,14.5
399.044,89,108.0,2026.0,54.0,2.0,31.3,83.5,0.0,14.1,14.5
399.134,89,108.0,2026.0,54.0,2.0,31.3,83.5,0.0,14.1,14.5
399.224,89,108.0,2026.0,54.0,2.0,31.3,83.5,0.0,14.1,14.5
399.314,89,108.0,2026.0,54.0,2.0,31.3,83.5,0.0,14.1,14.5
399.404,89,108.0,2026.0,54.0,2.0,31.3,83.5,0.0,14.1,14.5
399.494,89,108.0,2026.0,54.0,2.0,31.3,83.5,0.0,14.1,14.5
399.584,89,121.0,2026.0,54.0,2.0,31.3,83.5,0.0,14.1,14.5
399.675,89,121.0,1416.0,54.0,2.0,31.3,83.5,0.0,14.1,14.5
399.765,89,121.0,1416.0,48.0,2.0,31.3,83.5,0.0,14.1,14.5
399.854,89,121.0,1416.0,48.0,6.0,31.3,83.5,0.0,14.1,14.5
399.944,89,121.0,1416.0,48.0,6.0,21.24,83.5,0.0,14.1,14.5
400.036,89,121.0,1416.0,48.0,6.0,21.24,83.5,0.0,14.1,14.5
400.124,89,121.0,1416.0,48.0,6.0,21.24,83.5,0.0,14.1,14.5
400.214,89,121.0,1416.0,48.0,6.0,21.24,83.5,0.0,14.1,14.5
400.305,89,121.0,1416.0,48.0,6.0,21.24,83.5,0.0,14.1,14.5
400.395,89,121.0,1416.0,48.0,6.0,21.24,83.5,0.0,14.1,14.5
400.484,89,111.0,1416.0,48.0,6.0,21.24,83.5,0.0,14.1,14.5
400.575,89,111.0,923.0,48.0,6.0,21.24,83.5,0.0,14.1,14.5
400.697,89,111.0,923.0,40.0,6.0,21.24,83.5,0.0,14.1,14.5
400.787,89,111.0,923.0,40.0,6.0,21.24,83.5,0.0,14.1,14.5
400.874,89,111.0,923.0,40.0,6.0,8.58,83.5,0.0,14.1,14.5
400.964,89,111.0,923.0,40.0,6.0,8.58,83.5,0.0,14.1,14.5
401.054,89,111.0,923.0,40.0,6.0,8.58,83.5,0.0,14.1,14.5
401.145,89,111.0,923.0,40.0,6.0,8.58,83.5,0.0,14.1,14.5
401.234,89,111.0,923.0,40.0,6.0,8.58,83.5,0.0,14.1,14.5
401.324,89,111.0,923.0,40.0,6.0,8.58,83.5,0.0,14.1,14.5
401.475,89,105.0,923.0,40.0,6.0,8.58,83.5,0.0,14.1,14.5
401.566,89,105.0,1695.0,40.0,6.0,8.58,83.5,0.0,14.1,14.5
401.655,89,105.0,1695.0,33.0,6.0,8.58,83.5,0.0,14.1,14.5
401.745,89,105.0,1695.0,33.0,1.0,8.58,83.5,0.0,14.1,14.5
401.834,89,105.0,1695.0,33.0,1.0,28.91,83.5,0.0,14.1,14.5
401.924,89,105.0,1695.0,33.0,1.0,28.91,83.5,0.0,14.1,14.5
402.014,89,105.0,1695.0,33.0,1.0,28.91,83.5,0.0,14.1,14.5
402.104,89,105.0,1695.0,33.0,1.0,28.91,83.5,0.0,14.1,14.5
402.195,89,105.0,1695.0,33.0,1.0,28.91,83.5,0.0,14.1,14.5
402.284,89,105.0,1695.0,33.0,1.0,28.91,83.5,0.0,14.1,14.5
402.374,89,117.0,1695.0,33.0,1.0,28.91,83.5,0.0,14.1,14.5
402.466,89,117.0,1762.0,33.0,1.0,28.91,83.5,0.0,14.1,14.5
402.554,89,117.0,1762.0,30.0,1.0,28.91,83.5,0.0,14.1,14.5
402.645,89,117.0,1762.0,30.0,4.0,28.91,83.5,0.0,14.1,14.5
402.735,89,117.0,1762.0,30.0,4.0,31.8,83.5,0.0,14.1,14.5
402.823,89,117.0,1762.0,30.0,4.0,31.8,83.5,0.0,14.1,14.5
402.914,89,117.0,1762.0,30.0,4.0,31.8,83.5,0.0,14.1,14.5
403.004,89,117.0,1762.0,30.0,4.0,31.8,83.5,0.0,14.5,14.5
403.095,89,117.0,1762.0,30.0,4.0,31.8,83.5,0.0,14.5,15.7
403.184,89,117.0,1762.0,30.0,4.0,31.8,83.5,0.0,14.5,15.7
403.274,89,119.0,1762.0,30.0,4.0,31.8,83.5,0.0,14.5,15.7
403.364,89,119.0,1618.0,30.0,4.0,31.8,83.5,0.0,14.5,15.7
403.454,89,119.0,1618.0,27.0,4.0,31.8,83.5,0.0,14.5,15.7
403.544,89,119.0,1618.0,27.0,7.0,31.8,83.5,0.0,14.5,15.7
403.634,89,119.0,1618.0,27.0,7.0,18.19,83.5,0.0,14.5,15.7
403.725,89,119.0,1618.0,27.0,7.0,18.19,83.5,0.0,14.5,15.7
403.814,89,119.0,1618.0,27.0,7.0,18.19,83.5,0.0,14.5,15.7
403.904,89,119.0,1618.0,27.0,7.0,18.19,83.5,0.0,26.3,15.7
403.995,89,119.0,1618.0,27.0,7.0,18.19,83.5,0.0,26.3,26.3
404.084,89,119.0,1618.0,27.0,7.0,18.19,83.5,0.0,26.3,26.3
404.174,89,109.0,1618.0,27.0,7.0,18.19,83.5,0.0,26.3,26.3
404.264,89,109.0,1561.0,27.0,7.0,18.19,83.5,0.0,26.3,26.3
404.354,89,109.0,1561.0,27.0,7.0,18.19,83.5,0.0,26.3,26.3
404.444,89,109.0,1561.0,27.0,3.0,18.19,83.5,0.0,26.3,26.3
404.534,89,109.0,1561.0,27.0,3.0,13.08,83.5,0.0,26.3,26.3
404.628,89,109.0,1561.0,27.0,3.0,13.08,83.5,0.0,26.3,26.3
404.714,89,109.0,1561.0,27.0,3.0,13.08,83.5,0.0,26.3,26.3
404.804,89,109.0,1561.0,27.0,3.0,13.08,83.5,0.0,26.3,26.3
404.894,89,109.0,1561.0,27.0,3.0,13.08,83.5,0.0,26.3,26.7
404.984,89,109.0,1561.0,27.0,3.0,13.08,83.5,0.0,26.3,26.7
405.074,89,105.0,1561.0,27.0,3.0,13.08,83.5,0.0,26.3,26.7
405.165,89,105.0,1532.0,27.0,3.0,13.08,83.5,0.0,26.3,26.7
405.255,89,105.0,1532.0,26.0,3.0,13.08,83.5,0.0,26.3,26.7
405.344,89,105.0,1532.0,26.0,3.0,13.08,83.5,0.0,26.3,26.7
405.435,89,105.0,1532.0,26.0,3.0,16.38,83.5,0.0,26.3,26.7
405.525,89,105.0,1532.0,26.0,3.0,16.38,83.5,0.0,26.3,26.7
405.614,89,105.0,1532.0,26.0,3.0,16.38,83.5,0.0,26.3,26.7
405.704,89,105.0,1532.0,26.0,3.0,16.38,83.5,0.0,43.9,26.7
405.793,89,105.0,1532.0,26.0,3.0,16.38,83.5,0.0,43.9,44.7
405.884,89,105.0,1532.0,26.0,3.0,16.38,83.5,0.0,43.9,44.7
405.974,89,128.0,1532.0,26.0,3.0,16.38,83.5,0.0,43.9,44.7
406.065,89,128.0,1677.0,26.0,3.0,16.38,83.5,0.0,43.9,44.7
406.154,89,128.0,1677.0,29.0,3.0,16.38,83.5,0.0,43.9,44.7
406.244,89,128.0,1677.0,29.0,6.0,16.38,83.5,0.0,43.9,44.7
406.335,89,128.0,1677.0,29.0,6.0,30.36,83.5,0.0,43.9,44.7
406.425,89,128.0,1677.0,29.0,6.0,30.36,83.5,0.0,43.9,44.7
406.515,89,128.0,1677.0,29.0,6.0,30.36,83.5,0.0,43.9,44.7
406.604,89,128.0,1677.0,29.0,6.0,30.36,83.5,0.0,47.8,44.7
406.694,89,128.0,1677.0,29.0,6.0,30.36,83.5,0.0,47.8,49.0
406.784,89,128.0,1677.0,29.0,6.0,30.36,83.5,0.0,47.8,49.0
406.874,89,174.0,1677.0,29.0,6.0,30.36,83.5,0.0,47.8,49.0
406.964,89,174.0,1968.0,29.0,6.0,30.36,83.5,0.0,47.8,49.0
407.054,89,174.0,1968.0,34.0,6.0,30.36,83.5,0.0,47.8,49.0
407.144,89,174.0,1968.0,34.0,8.0,30.36,83.5,0.0,47.8,49.0
407.234,89,174.0,1968.0,34.0,8.0,44.02,83.5,0.0,47.8,49.0
407.324,89,174.0,1968.0,34.0,8.0,44.02,83.5,0.0,47.8,49.0
407.414,89,174.0,1968.0,34.0,8.0,44.02,83.5,0.0,47.8,49.0
407.505,89,174.0,1968.0,34.0,8.0,44.02,83.5,0.0,49.8,49.0
407.594,89,174.0,1968.0,34.0,8.0,44.02,83.5,0.0,49.8,50.6
407.684,89,174.0,1968.0,34.0,8.0,44.02,83.5,0.0,49.8,50.6
407.781,89,201.0,1968.0,34.0,8.0,44.02,83.5,0.0,49.8,50.6
407.864,89,201.0,2301.0,34.0,8.0,44.02,83.5,0.0,49.8,50.6
407.954,89,201.0,2301.0,40.0,8.0,44.02,83.5,0.0,49.8,50.6
408.044,89,201.0,2301.0,40.0,10.0,44.02,83.5,0.0,49.8,50.6
408.134,89,201.0,2301.0,40.0,10.0,65.61,83.5,0.0,49.8,50.6
408.224,89,201.0,2301.0,40.0,10.0,65.61,83.5,0.0,49.8,50.6
408.314,89,201.0,2301.0,40.0,10.0,65.61,83.5,0.0,49.8,50.6
408.404,89,201.0,2301.0,40.0,10.0,65.61,83.5,0.0,45.9,50.6
408.494,89,201.0,2301.0,40.0,10.0,65.61,83.5,0.0,45.9,41.2
408.584,89,201.0,2301.0,40.0,10.0,65.61,83.5,0.0,45.9,41.2
408.674,89,161.0,2301.0,40.0,10.0,65.61,83.5,0.0,45.9,41.2
408.764,89,161.0,2501.0,40.0,10.0,65.61,83.5,0.0,45.9,41.2
408.854,89,161.0,2501.0,44.0,10.0,65.61,83.5,0.0,45.9,41.2
408.944,89,161.0,2501.0,44.0,10.0,65.61,83.5,0.0,45.9,41.2
409.035,89,161.0,2501.0,44.0,10.0,34.63,83.5,0.0,45.9,41.2
409.124,89,161.0,2501.0,44.0,10.0,34.63,31.0,0.0,45.9,41.2
409.214,89,161.0,2501.0,44.0,10.0,34.63,31.0,0.0,45.9,41.2
409.304,89,161.0,2501.0,44.0,10.0,34.63,31.0,0.0,14.1,41.2
409.394,89,161.0,2501.0,44.0,10.0,34.63,31.0,0.0,14.1,14.5
409.484,89,161.0,2501.0,44.0,10.0,34.63,31.0,0.0,14.1,14.5
409.574,89,94.0,2501.0,44.0,10.0,34.63,31.0,0.0,14.1,14.5
409.664,89,94.0,1627.0,44.0,10.0,34.63,31.0,0.0,14.1,14.5
409.755,89,94.0,1627.0,42.0,10.0,34.63,31.0,0.0,14.1,14.5
409.843,89,94.0,1627.0,42.0,7.0,34.63,31.0,0.0,14.1,14.5
409.934,89,94.0,1627.0,42.0,7.0,20.83,31.0,0.0,14.1,14.5
410.024,89,94.0,1627.0,42.0,7.0,20.83,83.5,0.0,14.1,14.5
410.114,89,94.0,1627.0,42.0,7.0,20.83,83.5,0.0,14.1,14.5
410.204,89,94.0,1627.0,42.0,7.0,20.83,83.5,0.0,14.1,14.5
410.294,89,94.0,1627.0,42.0,7.0,20.83,83.5,0.0,14.1,14.5
410.384,89,94.0,1627.0,42.0,7.0,20.83,83.5,0.0,14.1,14.5
410.474,89,110.0,1627.0,42.0,7.0,20.83,83.5,0.0,14.1,14.5
410.565,89,110.0,906.0,42.0,7.0,20.83,83.5,0.0,14.1,14.5
410.654,89,110.0,906.0,37.0,7.0,20.83,83.5,0.0,14.1,14.5
410.744,89,110.0,906.0,37.0,5.0,20.83,83.5,0.0,14.1,14.5
410.834,89,110.0,906.0,37.0,5.0,6.22,83.5,0.0,14.1,14.5
410.924,89,110.0,906.0,37.0,5.0,6.22,83.5,0.0,14.1,14.5
411.014,89,110.0,906.0,37.0,5.0,6.22,83.5,0.0,14.1,14.5
411.104,89,110.0,906.0,37.0,5.0,6.22,83.5,0.0,14.1,14.5
411.194,89,110.0,906.0,37.0,5.0,6.22,83.5,0.0,14.1,14.5
411.284,89,110.0,906.0,37.0,5.0,6.22,83.5,0.0,14.1,14.5
411.374,89,106.0,906.0,37.0,5.0,6.22,83.5,0.0,14.1,14.5
411.495,89,106.0,895.0,37.0,5.0,6.22,83.5,0.0,14.1,14.5
411.584,89,106.0,895.0,28.0,5.0,6.22,83.5,0.0,14.1,14.5
411.674,89,106.0,895.0,28.0,-1.0,6.22,83.5,0.0,14.1,14.5
411.765,89,106.0,895.0,28.0,-1.0,8.88,83.5,0.0,14.1,14.5
411.853,89,106.0,895.0,28.0,-1.0,8.88,83.5,0.0,14.1,14.5
411.944,89,106.0,895.0,28.0,-1.0,8.88,83.5,0.0,14.1,14.5
412.034,89,106.0,895.0,28.0,-1.0,8.88,83.5,0.0,14.1,14.5
412.124,89,106.0,895.0,28.0,-1.0,8.88,83.5,0.0,14.1,14.5
412.214,89,106.0,895.0,28.0,-1.0,8.88,83.5,0.0,14.1,14.5
412.305,89,104.0,895.0,28.0,-1.0,8.88,83.5,0.0,14.1,14.5
412.395,89,104.0,898.0,28.0,-1.0,8.88,83.5,0.0,14.1,14.5
412.484,89,104.0,898.0,19.0,-1.0,8.88,83.5,0.0,14.1,14.5
412.575,89,104.0,898.0,19.0,-1.0,8.88,83.5,0.0,14.1,14.5
412.664,89,104.0,898.0,19.0,-1.0,8.22,83.5,0.0,14.1,14.5
412.754,89,104.0,898.0,19.0,-1.0,8.22,83.5,0.0,14.1,14.5
412.844,89,104.0,898.0,19.0,-1.0,8.22,83.5,0.0,14.1,14.5
412.934,89,104.0,898.0,19.0,-1.0,8.22,83.5,0.0,14.1,14.5
413.024,89,104.0,898.0,19.0,-1.0,8.22,83.5,0.0,14.1,14.5
413.115,89,104.0,898.0,19.0,-1.0,8.22,83.5,0.0,14.1,14.5
413.205,89,104.0,898.0,19.0,-1.0,8.22,83.5,0.0,14.1,14.5
413.295,89,104.0,898.0,19.0,-1.0,8.22,83.5,0.0,14.1,14.5
413.385,89,104.0,898.0,12.0,-1.0,8.22,83.5,0.0,14.1,14.5
413.474,89,104.0,898.0,12.0,-1.0,8.22,83.5,0.0,14.1,14.5
413.564,89,104.0,898.0,12.0,-1.0,8.11,83.5,0.0,14.1,14.5
413.654,89,104.0,898.0,12.0,-1.0,8.11,83.5,0.0,14.1,14.5
413.744,89,104.0,898.0,12.0,-1.0,8.11,83.5,0.0,14.1,14.5
413.834,89,104.0,898.0,12.0,-1.0,8.11,83.5,0.0,14.1,14.5
413.924,89,104.0,898.0,12.0,-1.0,8.11,83.5,0.0,14.1,14.5
414.014,89,104.0,898.0,12.0,-1.0,8.11,83.5,0.0,14.1,14.5
414.106,89,103.0,898.0,12.0,-1.0,8.11,83.5,0.0,14.1,14.5
414.194,89,103.0,900.0,12.0,-1.0,8.11,83.5,0.0,14.1,14.5
414.284,89,103.0,900.0,5.0,-1.0,8.11,83.5,0.0,14.1,14.5
414.374,89,103.0,900.0,5.0,-1.0,8.11,83.5,0.0,14.1,14.5
414.463,89,103.0,900.0,5.0,-1.0,8.05,83.5,0.0,14.1,14.5
414.554,89,103.0,900.0,5.0,-1.0,8.05,83.5,0.0,14.1,14.5
414.644,89,103.0,900.0,5.0,-1.0,8.05,83.5,0.0,14.1,14.5
414.734,89,103.0,900.0,5.0,-1.0,8.05,83.5,0.0,14.1,14.5
414.824,89,103.0,900.0,5.0,-1.0,8.05,83.5,0.0,14.1,14.5
414.914,89,103.0,900.0,5.0,-1.0,8.05,83.5,0.0,14.1,14.5
415.004,89,103.0,900.0,5.0,-1.0,8.05,83.5,0.0,14.1,14.5
415.095,89,103.0,897.0,5.0,-1.0,8.05,83.5,0.0,14.1,14.5
415.185,89,103.0,897.0,3.0,-1.0,8.05,83.5,0.0,14.1,14.5
415.274,89,103.0,897.0,3.0,0.0,8.05,83.5,0.0,14.1,14.5
415.365,89,103.0,897.0,3.0,0.0,8.24,83.5,0.0,14.1,14.5
415.454,89,103.0,897.0,3.0,0.0,8.24,83.5,0.0,14.1,14.5
415.544,89,103.0,897.0,3.0,0.0,8.24,83.5,0.0,14.1,14.5
415.635,89,103.0,897.0,3.0,0.0,8.24,83.5,0.0,15.7,14.5
415.726,89,103.0,897.0,3.0,0.0,8.24,83.5,0.0,15.7,15.3
415.813,89,103.0,897.0,3.0,0.0,8.24,83.5,0.0,15.7,15.3
415.904,89,103.0,897.0,3.0,0.0,8.24,83.5,0.0,15.7,15.3
415.994,89,103.0,897.0,3.0,0.0,8.24,83.5,0.0,15.7,15.3
416.084,89,103.0,897.0,2.0,0.0,8.24,83.5,0.0,15.7,15.3
416.174,89,103.0,897.0,2.0,0.0,8.24,83.5,0.0,15.7,15.3
416.264,89,103.0,897.0,2.0,0.0,8.63,83.5,0.0,15.7,15.3
416.354,89,103.0,897.0,2.0,0.0,8.63,83.5,0.0,15.7,15.3
416.475,89,103.0,897.0,2.0,0.0,8.63,83.5,0.0,15.7,15.3
416.564,89,103.0,897.0,2.0,0.0,8.63,83.5,0.0,15.7,15.3
416.654,89,103.0,897.0,2.0,0.0,8.63,83.5,0.0,15.7,15.7
416.744,89,103.0,897.0,2.0,0.0,8.63,83.5,0.0,15.7,15.7
416.834,89,104.0,897.0,2.0,0.0,8.63,83.5,0.0,15.7,15.7
416.924,89,104.0,925.0,2.0,0.0,8.63,83.5,0.0,15.7,15.7
417.014,89,104.0,925.0,3.0,0.0,8.63,83.5,0.0,15.7,15.7
417.104,89,104.0,925.0,3.0,2.0,8.63,83.5,0.0,15.7,15.7
417.195,89,104.0,925.0,3.0,2.0,9.05,83.5,0.0,15.7,15.7
417.284,89,104.0,925.0,3.0,2.0,9.05,83.5,0.0,15.7,15.7
417.374,89,104.0,925.0,3.0,2.0,9.05,83.5,0.0,15.7,15.7
417.464,89,104.0,925.0,3.0,2.0,9.05,83.5,0.0,16.1,15.7
417.554,89,104.0,925.0,3.0,2.0,9.05,83.5,0.0,16.1,16.1
417.644,89,104.0,925.0,3.0,2.0,9.05,83.5,0.0,16.1,16.1
417.745,89,104.0,925.0,3.0,2.0,9.05,83.5,0.0,16.1,16.1
417.823,89,104.0,915.0,3.0,2.0,9.05,83.5,0.0,16.1,16.1
417.915,89,104.0,915.0,3.0,2.0,9.05,83.5,0.0,16.1,16.1
418.004,89,104.0,915.0,3.0,2.0,9.05,83.5,0.0,16.1,16.1
418.095,89,104.0,915.0,3.0,2.0,8.88,83.5,0.0,16.1,16.1
418.184,89,104.0,915.0,3.0,2.0,8.88,83.5,0.0,16.1,16.1
418.274,89,104.0,915.0,3.0,2.0,8.88,83.5,0.0,16.1,16.1
418.364,89,104.0,915.0,3.0,2.0,8.88,83.5,0.0,19.6,16.1
418.454,89,104.0,915.0,3.0,2.0,8.88,83.5,0.0,19.6,19.2
418.544,89,104.0,915.0,3.0,2.0,8.88,83.5,0.0,19.6,19.2
418.634,89,105.0,915.0,3.0,2.0,8.88,83.5,0.0,19.6,19.2
418.724,89,105.0,907.0,3.0,2.0,8.88,83.5,0.0,19.6,19.2
418.813,89,105.0,907.0,6.0,2.0,8.88,83.5,0.0,19.6,19.2
418.904,89,105.0,907.0,6.0,3.0,8.88,83.5,0.0,19.6,19.2
418.995,89,105.0,907.0,6.0,3.0,9.27,83.5,0.0,19.6,19.2
419.084,89,105.0,907.0,6.0,3.0,9.27,83.5,0.0,19.6,19.2
419.174,89,105.0,907.0,6.0,3.0,9.27,83.5,0.0,19.6,19.2
419.264,89,105.0,907.0,6.0,3.0,9.27,83.5,0.0,19.6,19.2
419.354,89,105.0,907.0,6.0,3.0,9.27,83.5,0.0,19.6,19.2
419.444,89,105.0,907.0,6.0,3.0,9.27,83.5,0.0,19.6,19.2
419.534,89,106.0,907.0,6.0,3.0,9.27,83.5,0.0,19.6,19.2
419.626,89,106.0,1033.0,6.0,3.0,9.27,83.5,0.0,19.6,19.2
419.714,89,106.0,1033.0,9.0,3.0,9.27,83.5,0.0,19.6,19.2
419.803,89,106.0,1033.0,9.0,4.0,9.27,83.5,0.0,19.6,19.2
419.894,89,106.0,1033.0,9.0,4.0,8.44,83.5,0.0,19.6,19.2
419.984,89,106.0,1033.0,9.0,4.0,8.44,83.5,0.0,19.6,19.2
420.074,89,106.0,1033.0,9.0,4.0,8.44,83.5,0.0,19.6,19.2
420.164,89,106.0,1033.0,9.0,4.0,8.44,83.5,0.0,25.9,19.2
420.255,89,106.0,1033.0,9.0,4.0,8.44,83.5,0.0,25.9,27.1
420.344,89,106.0,1033.0,9.0,4.0,8.44,83.5,0.0,25.9,27.1
420.435,89,105.0,1033.0,9.0,4.0,8.44,83.5,0.0,25.9,27.1
420.524,89,105.0,1283.0,9.0,4.0,8.44,83.5,0.0,25.9,27.1
420.614,89,105.0,1283.0,11.0,4.0,8.44,83.5,0.0,25.9,27.1
420.704,89,105.0,1283.0,11.0,3.0,8.44,83.5,0.0,25.9,27.1
420.793,89,105.0,1283.0,11.0,3.0,12.97,83.5,0.0,25.9,27.1
420.884,89,105.0,1283.0,11.0,3.0,12.97,83.5,0.0,25.9,27.1
420.974,89,105.0,1283.0,11.0,3.0,12.97,83.5,0.0,25.9,27.1
421.064,89,105.0,1283.0,11.0,3.0,12.97,83.5,0.0,38.8,27.1
421.154,89,105.0,1283.0,11.0,3.0,12.97,83.5,0.0,38.8,40.4
421.244,89,105.0,1283.0,11.0,3.0,12.97,83.5,0.0,38.8,40.4
421.334,89,116.0,1283.0,11.0,3.0,12.97,83.5,0.0,38.8,40.4
421.454,89,116.0,1656.0,11.0,3.0,12.97,83.5,0.0,38.8,40.4
421.544,89,116.0,1656.0,14.0,3.0,12.97,83.5,0.0,38.8,40.4
421.634,89,116.0,1656.0,14.0,7.0,12.97,83.5,0.0,38.8,40.4
421.724,89,116.0,1656.0,14.0,7.0,25.33,83.5,0.0,38.8,40.4
421.813,89,116.0,1656.0,14.0,7.0,25.33,83.5,0.0,38.8,40.4
421.903,89,116.0,1656.0,14.0,7.0,25.33,83.5,0.0,38.8,40.4
421.993,89,116.0,1656.0,14.0,7.0,25.33,83.5,0.0,14.1,40.4
422.084,89,116.0,1656.0,14.0,7.0,25.33,83.5,0.0,14.1,14.5
422.174,89,116.0,1656.0,14.0,7.0,25.33,83.5,0.0,14.1,14.5
422.264,89,112.0,1656.0,14.0,7.0,25.33,83.5,0.0,14.1,14.5
422.354,89,112.0,1566.0,14.0,7.0,25.33,83.5,0.0,14.1,14.5
422.444,89,112.0,1566.0,17.0,7.0,25.33,83.5,0.0,14.1,14.5
422.534,89,112.0,1566.0,17.0,9.0,25.33,83.5,0.0,14.1,14.5
422.625,89,112.0,1566.0,17.0,9.0,22.55,83.5,0.0,14.1,14.5
422.714,89,112.0,1566.0,17.0,9.0,22.55,31.0,0.0,14.1,14.5
422.803,89,112.0,1566.0,17.0,9.0,22.55,31.0,0.0,14.1,14.5
422.894,89,112.0,1566.0,17.0,9.0,22.55,31.0,0.0,42.4,14.5
422.985,89,112.0,1566.0,17.0,9.0,22.55,31.0,0.0,42.4,44.3
423.074,89,112.0,1566.0,17.0,9.0,22.55,31.0,0.0,42.4,44.3
423.164,89,112.0,1566.0,17.0,9.0,22.55,31.0,0.0,42.4,44.3
423.254,89,112.0,1206.0,17.0,9.0,22.55,31.0,0.0,42.4,44.3
423.344,89,112.0,1206.0,20.0,9.0,22.55,31.0,0.0,42.4,44.3
423.434,89,112.0,1206.0,20.0,9.0,22.55,31.0,0.0,42.4,44.3
423.524,89,112.0,1206.0,20.0,9.0,23.99,31.0,0.0,42.4,44.3
423.614,89,112.0,1206.0,20.0,9.0,23.99,83.5,0.0,42.4,44.3
423.704,89,112.0,1206.0,20.0,9.0,23.99,83.5,0.0,42.4,44.3
423.793,89,112.0,1206.0,20.0,9.0,23.99,83.5,0.0,53.7,44.3
423.884,89,112.0,1206.0,20.0,9.0,23.99,83.5,0.0,53.7,54.5
423.974,89,112.0,1206.0,20.0,9.0,23.99,83.5,0.0,53.7,54.5
424.064,89,138.0,1206.0,20.0,9.0,23.99,83.5,0.0,53.7,54.5
424.154,89,138.0,1596.0,20.0,9.0,23.99,83.5,0.0,53.7,54.5
424.244,89,138.0,1596.0,27.0,9.0,23.99,83.5,0.0,53.7,54.5
424.364,89,138.0,1596.0,27.0,8.0,23.99,83.5,0.0,53.7,54.5
424.454,89,138.0,1596.0,27.0,8.0,46.41,83.5,0.0,53.7,54.5
424.544,89,138.0,1596.0,27.0,8.0,46.41,83.5,0.0,53.7,54.5
424.636,89,138.0,1596.0,27.0,8.0,46.41,83.5,0.0,53.7,54.5
424.724,89,138.0,1596.0,27.0,8.0,46.41,83.5,0.0,53.7,54.5
424.813,89,138.0,1596.0,27.0,8.0,46.41,83.5,0.0,53.7,54.5
424.904,89,138.0,1596.0,27.0,8.0,46.41,83.5,0.0,53.7,54.5
424.994,89,209.0,1596.0,27.0,8.0,46.41,83.5,0.0,53.7,54.5
425.084,89,209.0,2147.0,27.0,8.0,46.41,83.5,0.0,53.7,54.5
425.174,89,209.0,2147.0,37.0,8.0,46.41,83.5,0.0,53.7,54.5
425.264,89,209.0,2147.0,37.0,10.0,46.41,83.5,0.0,53.7,54.5
425.354,89,209.0,2147.0,37.0,10.0,76.24,83.5,0.0,53.7,54.5
425.445,89,209.0,2147.0,37.0,10.0,76.24,83.5,0.0,53.7,54.5
425.534,89,209.0,2147.0,37.0,10.0,76.24,83.5,0.0,53.7,54.5
425.624,89,209.0,2147.0,37.0,10.0,76.24,83.5,0.0,53.3,54.5
425.717,89,209.0,2147.0,37.0,10.0,76.24,83.5,0.0,53.3,54.1
425.803,89,209.0,2147.0,37.0,10.0,76.24,83.5,0.0,53.3,54.1
425.893,89,209.0,2147.0,37.0,10.0,76.24,83.5,0.0,53.3,54.1
425.983,89,209.0,2669.0,37.0,10.0,76.24,83.5,0.0,53.3,54.1
426.074,89,209.0,2669.0,46.0,10.0,76.24,83.5,0.0,53.3,54.1
426.164,89,209.0,2669.0,46.0,12.0,76.24,83.5,0.0,53.3,54.1
426.255,89,209.0,2669.0,46.0,12.0,54.88,83.5,0.0,53.3,54.1
426.344,89,209.0,2669.0,46.0,12.0,54.88,42.7,0.0,53.3,54.1
426.464,89,209.0,2669.0,46.0,12.0,54.88,42.7,0.0,53.3,54.1
426.554,89,209.0,2669.0,46.0,12.0,54.88,42.7,0.0,14.1,54.1
426.644,89,209.0,2669.0,46.0,12.0,54.88,42.7,0.0,14.1,15.7
426.734,89,209.0,2669.0,46.0,12.0,54.88,42.7,0.0,14.1,15.7
426.824,89,94.0,2669.0,46.0,12.0,54.88,42.7,0.0,14.1,15.7
426.913,89,94.0,2074.0,46.0,12.0,54.88,42.7,0.0,14.1,15.7
427.004,89,94.0,2074.0,48.0,12.0,54.88,42.7,0.0,14.1,15.7
427.094,89,94.0,2074.0,48.0,9.0,54.88,42.7,0.0,14.1,15.7
427.184,89,94.0,2074.0,48.0,9.0,32.05,42.7,0.0,14.1,15.7
427.274,89,94.0,2074.0,48.0,9.0,32.05,79.6,0.0,14.1,15.7
427.364,89,94.0,2074.0,48.0,9.0,32.05,79.6,0.0,14.1,15.7
427.454,89,94.0,2074.0,48.0,9.0,32.05,79.6,0.0,60.8,15.7
427.544,89,94.0,2074.0,48.0,9.0,32.05,79.6,0.0,60.8,61.2
427.634,89,94.0,2074.0,48.0,9.0,32.05,79.6,0.0,60.8,61.2
427.724,89,159.0,2074.0,48.0,9.0,32.05,79.6,0.0,60.8,61.2
427.813,89,159.0,1934.0,48.0,9.0,32.05,79.6,0.0,60.8,61.2
427.904,89,159.0,1934.0,52.0,9.0,32.05,79.6,0.0,60.8,61.2
427.994,89,159.0,1934.0,52.0,9.0,32.05,79.6,0.0,60.8,61.2
428.084,89,159.0,1934.0,52.0,9.0,67.88,79.6,0.0,60.8,61.2
428.174,89,159.0,1934.0,52.0,9.0,67.88,83.5,0.0,60.8,61.2
428.264,89,159.0,1934.0,52.0,9.0,67.88,83.5,0.0,60.8,61.2
428.354,89,159.0,1934.0,52.0,9.0,67.88,83.5,0.0,59.6,61.2
428.448,89,159.0,1934.0,52.0,9.0,67.88,83.5,0.0,59.6,60.0
428.534,89,159.0,1934.0,52.0,9.0,67.88,83.5,0.0,59.6,60.0
428.624,89,229.0,1934.0,52.0,9.0,67.88,83.5,0.0,59.6,60.0
428.714,89,229.0,2226.0,52.0,9.0,67.88,83.5,0.0,59.6,60.0
428.804,89,229.0,2226.0,60.0,9.0,67.88,83.5,0.0,59.6,60.0
428.893,89,229.0,2226.0,60.0,11.0,67.88,83.5,0.0,59.6,60.0
428.985,89,229.0,2226.0,60.0,11.0,80.19,83.5,0.0,59.6,60.0
429.074,89,229.0,2226.0,60.0,11.0,80.19,83.5,0.0,59.6,60.0
429.164,89,229.0,2226.0,60.0,11.0,80.19,83.5,0.0,59.6,60.0
429.254,89,229.0,2226.0,60.0,11.0,80.19,83.5,0.0,49.8,60.0
429.345,89,229.0,2226.0,60.0,11.0,80.19,83.5,0.0,49.8,45.5
429.434,89,229.0,2226.0,60.0,11.0,80.19,83.5,0.0,49.8,45.5
429.524,89,178.0,2226.0,60.0,11.0,80.19,83.5,0.0,49.8,45.5
429.614,89,178.0,2301.0,60.0,11.0,80.19,83.5,0.0,49.8,45.5
429.704,89,178.0,2301.0,64.0,11.0,80.19,83.5,0.0,49.8,45.5
429.823,89,178.0,2301.0,64.0,10.0,80.19,83.5,0.0,49.8,45.5
429.914,89,178.0,2301.0,64.0,10.0,32.8,83.5,0.0,49.8,45.5
430.004,89,178.0,2301.0,64.0,10.0,32.8,31.0,0.0,49.8,45.5
430.094,89,178.0,2301.0,64.0,10.0,32.8,31.0,0.0,49.8,45.5
430.184,89,178.0,2301.0,64.0,10.0,32.8,31.0,0.0,42.0,45.5
430.274,89,178.0,2301.0,64.0,10.0,32.8,31.0,0.0,42.0,47.1
430.364,90,178.0,2301.0,64.0,10.0,32.8,31.0,0.0,42.0,47.1
430.455,90,114.0,2301.0,64.0,10.0,32.8,31.0,0.0,42.0,47.1
430.544,90,114.0,1672.0,64.0,10.0,32.8,31.0,0.0,42.0,47.1
430.634,90,114.0,1672.0,65.0,10.0,32.8,31.0,0.0,42.0,47.1
430.724,90,114.0,1672.0,65.0,7.0,32.8,31.0,0.0,42.0,47.1
430.813,90,114.0,1672.0,65.0,7.0,36.08,31.0,0.0,42.0,47.1
430.904,90,114.0,1672.0,65.0,7.0,36.08,83.5,0.0,42.0,47.1
430.994,90,114.0,1672.0,65.0,7.0,36.08,83.5,0.0,42.0,47.1
431.084,90,114.0,1672.0,65.0,7.0,36.08,83.5,0.0,50.6,47.1
431.174,90,114.0,1672.0,65.0,7.0,36.08,83.5,0.0,50.6,50.6
431.267,90,114.0,1672.0,65.0,7.0,36.08,83.5,0.0,50.6,50.6
431.354,90,176.0,1672.0,65.0,7.0,36.08,83.5,0.0,50.6,50.6
431.444,90,176.0,1713.0,65.0,7.0,36.08,83.5,0.0,50.6,50.6
431.534,90,176.0,1713.0,67.0,7.0,36.08,83.5,0.0,50.6,50.6
431.624,90,176.0,1713.0,67.0,8.0,36.08,83.5,0.0,50.6,50.6
431.714,90,176.0,1713.0,67.0,8.0,21.27,83.5,0.0,50.6,50.6
431.805,90,176.0,1713.0,67.0,8.0,21.27,83.5,0.0,50.6,50.6
431.894,90,176.0,1713.0,67.0,8.0,21.27,83.5,0.0,50.6,50.6
431.983,90,176.0,1713.0,67.0,8.0,21.27,83.5,0.0,14.1,50.6
432.074,90,176.0,1713.0,67.0,8.0,21.27,83.5,0.0,14.1,14.5
432.164,90,176.0,1713.0,67.0,8.0,21.27,83.5,0.0,14.1,14.5
432.254,90,134.0,1713.0,67.0,8.0,21.27,83.5,0.0,14.1,14.5
432.344,90,134.0,1742.0,67.0,8.0,21.27,83.5,0.0,14.1,14.5
432.434,90,134.0,1742.0,68.0,8.0,21.27,83.5,0.0,14.1,14.5
432.524,90,134.0,1742.0,68.0,6.0,21.27,83.5,0.0,14.1,14.5
432.614,90,134.0,1742.0,68.0,6.0,21.02,83.5,0.0,14.1,14.5
432.704,90,134.0,1742.0,68.0,6.0,21.02,83.5,0.0,14.1,14.5
432.794,90,134.0,1742.0,68.0,6.0,21.02,83.5,0.0,14.1,14.5
432.884,90,134.0,1742.0,68.0,6.0,21.02,83.5,0.0,14.1,14.5
432.974,90,134.0,1742.0,68.0,6.0,21.02,83.5,0.0,14.1,14.5
433.064,90,134.0,1742.0,68.0,6.0,21.02,83.5,0.0,14.1,14.5
433.154,90,129.0,1742.0,68.0,6.0,21.02,83.5,0.0,14.1,14.5
433.245,90,129.0,1744.0,68.0,6.0,21.02,83.5,0.0,14.1,14.5
433.334,90,129.0,1744.0,68.0,6.0,21.02,83.5,0.0,14.1,14.5
433.424,90,129.0,1744.0,68.0,5.0,21.02,83.5,0.0,14.1,14.5
433.514,90,129.0,1744.0,68.0,5.0,20.44,83.5,0.0,14.1,14.5
433.604,90,129.0,1744.0,68.0,5.0,20.44,83.5,0.0,14.1,14.5
433.694,90,129.0,1744.0,68.0,5.0,20.44,83.5,0.0,14.1,14.5
433.785,90,129.0,1744.0,68.0,5.0,20.44,83.5,0.0,14.1,14.5
433.874,90,129.0,1744.0,68.0,5.0,20.44,83.5,0.0,14.1,14.5
433.964,90,129.0,1744.0,68.0,5.0,20.44,83.5,0.0,14.1,14.5
434.054,90,128.0,1744.0,68.0,5.0,20.44,83.5,0.0,14.1,14.5
434.145,90,128.0,1742.0,68.0,5.0,20.44,83.5,0.0,14.1,14.5
434.234,90,128.0,1742.0,68.0,5.0,20.44,83.5,0.0,14.1,14.5
434.324,90,128.0,1742.0,68.0,5.0,20.44,83.5,0.0,14.1,14.5
434.414,90,128.0,1742.0,68.0,5.0,19.27,83.5,0.0,14.1,14.5
434.505,90,128.0,1742.0,68.0,5.0,19.27,83.5,0.0,14.1,14.5
434.594,90,128.0,1742.0,68.0,5.0,19.27,83.5,0.0,14.1,14.5
434.684,90,128.0,1742.0,68.0,5.0,19.27,83.5,0.0,14.1,14.5
434.773,90,128.0,1742.0,68.0,5.0,19.27,83.5,0.0,14.1,14.5
434.864,90,128.0,1742.0,68.0,5.0,19.27,83.5,0.0,14.1,14.5
434.954,90,125.0,1742.0,68.0,5.0,19.27,83.5,0.0,14.1,14.5
435.044,90,125.0,1730.0,68.0,5.0,19.27,83.5,0.0,14.1,14.5
435.134,90,125.0,1730.0,67.0,5.0,19.27,83.5,0.0,14.1,14.5
435.224,90,125.0,1730.0,67.0,5.0,19.27,83.5,0.0,14.1,14.5
435.315,90,125.0,1730.0,67.0,5.0,19.24,83.5,0.0,14.1,14.5
435.404,90,125.0,1730.0,67.0,5.0,19.24,83.5,0.0,14.1,14.5
435.494,90,125.0,1730.0,67.0,5.0,19.24,83.5,0.0,14.1,14.5
435.584,90,125.0,1730.0,67.0,5.0,19.24,83.5,0.0,14.1,14.5
435.674,90,125.0,1730.0,67.0,5.0,19.24,83.5,0.0,14.1,14.5
435.764,90,125.0,1730.0,67.0,5.0,19.24,83.5,0.0,14.1,14.5
435.854,90,125.0,1730.0,67.0,5.0,19.24,83.5,0.0,14.1,14.5
435.944,90,125.0,1718.0,67.0,5.0,19.24,83.5,0.0,14.1,14.5
436.034,90,125.0,1718.0,67.0,5.0,19.24,83.5,0.0,14.1,14.5
436.127,90,125.0,1718.0,67.0,5.0,19.24,83.5,0.0,14.1,14.5
436.214,90,125.0,1718.0,67.0,5.0,19.97,83.5,0.0,14.1,14.5
436.304,90,125.0,1718.0,67.0,5.0,19.97,83.5,0.0,14.1,14.5
436.394,90,125.0,1718.0,67.0,5.0,19.97,83.5,0.0,14.1,14.5
436.484,90,125.0,1718.0,67.0,5.0,19.97,83.5,0.0,14.1,14.5
436.574,90,125.0,1718.0,67.0,5.0,19.97,83.5,0.0,14.1,14.5
436.664,90,125.0,1718.0,67.0,5.0,19.97,83.5,0.0,14.1,14.5
436.754,90,120.0,1718.0,67.0,5.0,19.97,83.5,0.0,14.1,14.5
436.844,90,120.0,1694.0,67.0,5.0,19.97,83.5,0.0,14.1,14.5
436.934,90,120.0,1694.0,66.0,5.0,19.97,83.5,0.0,14.1,14.5
437.024,90,120.0,1694.0,66.0,5.0,19.97,83.5,0.0,14.1,14.5
437.114,90,120.0,1694.0,66.0,5.0,15.13,83.5,0.0,14.1,14.5
437.204,90,120.0,1694.0,66.0,5.0,15.13,83.5,0.0,14.1,14.5
437.294,90,120.0,1694.0,66.0,5.0,15.13,83.5,0.0,14.1,14.5
437.384,90,120.0,1694.0,66.0,5.0,15.13,83.5,0.0,14.1,14.5
437.474,90,120.0,1694.0,66.0,5.0,15.13,83.5,0.0,14.1,14.5
437.564,90,120.0,1694.0,66.0,5.0,15.13,83.5,0.0,14.1,14.5
437.654,90,103.0,1694.0,66.0,5.0,15.13,83.5,0.0,14.1,14.5
437.745,90,103.0,1655.0,66.0,5.0,15.13,83.5,0.0,14.1,14.5
437.833,90,103.0,1655.0,64.0,5.0,15.13,83.5,0.0,14.1,14.5
437.924,90,103.0,1655.0,64.0,5.0,15.13,83.5,0.0,14.1,14.5
438.014,90,103.0,1655.0,64.0,5.0,14.66,83.5,0.0,14.1,14.5
438.076,90,103.0,1655.0,64.0,5.0,14.66,83.5,0.0,14.1,14.5
438.164,90,103.0,1655.0,64.0,5.0,14.66,83.5,0.0,14.1,14.5
438.254,90,103.0,1655.0,64.0,5.0,14.66,83.5,0.0,14.1,14.5
438.344,90,103.0,1655.0,64.0,5.0,14.66,83.5,0.0,14.1,14.5
438.435,90,103.0,1655.0,64.0,5.0,14.66,83.5,0.0,14.1,14.5
438.524,90,112.0,1655.0,64.0,5.0,14.66,83.5,0.0,14.1,14.5
438.614,90,112.0,1593.0,64.0,5.0,14.66,83.5,0.0,14.1,14.5
438.704,90,112.0,1593.0,62.0,5.0,14.66,83.5,0.0,14.1,14.5
438.794,90,112.0,1593.0,62.0,5.0,14.66,83.5,0.0,14.1,14.5
438.914,90,112.0,1593.0,62.0,5.0,27.91,83.5,0.0,14.1,14.5
439.004,90,112.0,1593.0,62.0,5.0,27.91,83.5,0.0,14.1,14.5
439.094,90,112.0,1593.0,62.0,5.0,27.91,83.5,0.0,14.1,14.5
439.184,90,112.0,1593.0,62.0,5.0,27.91,83.5,0.0,14.1,14.5
439.274,90,112.0,1593.0,62.0,5.0,27.91,83.5,0.0,14.1,14.5
439.364,90,112.0,1593.0,62.0,5.0,27.91,83.5,0.0,14.1,14.5
439.454,90,118.0,1593.0,62.0,5.0,27.91,83.5,0.0,14.1,14.5
439.545,90,118.0,1518.0,62.0,5.0,27.91,83.5,0.0,14.1,14.5
439.634,90,118.0,1518.0,59.0,5.0,27.91,83.5,0.0,14.1,14.5
439.724,90,118.0,1518.0,59.0,8.0,27.91,83.5,0.0,14.1,14.5
439.813,90,118.0,1518.0,59.0,8.0,27.72,83.5,0.0,14.1,14.5
439.903,90,118.0,1518.0,59.0,8.0,27.72,83.5,0.0,14.1,14.5
439.994,90,118.0,1518.0,59.0,8.0,27.72,83.5,0.0,14.1,14.5
440.084,90,118.0,1518.0,59.0,8.0,27.72,83.5,0.0,14.1,14.5
440.174,90,118.0,1518.0,59.0,8.0,27.72,83.5,0.0,14.1,14.5
440.264,90,118.0,1518.0,59.0,8.0,27.72,83.5,0.0,14.1,14.5
440.354,90,117.0,1518.0,59.0,8.0,27.72,83.5,0.0,14.1,14.5
440.445,90,117.0,1442.0,59.0,8.0,27.72,83.5,0.0,14.1,14.5
440.534,90,117.0,1442.0,56.0,8.0,27.72,83.5,0.0,14.1,14.5
440.624,90,117.0,1442.0,56.0,7.0,27.72,83.5,0.0,14.1,14.5
440.715,90,117.0,1442.0,56.0,7.0,25.36,83.5,0.0,14.1,14.5
440.805,90,117.0,1442.0,56.0,7.0,25.36,83.5,0.0,14.1,14.5
440.893,90,117.0,1442.0,56.0,7.0,25.36,83.5,0.0,14.1,14.5
440.985,90,117.0,1442.0,56.0,7.0,25.36,83.5,0.0,14.1,14.5
441.074,90,117.0,1442.0,56.0,7.0,25.36,83.5,0.0,14.1,14.5
441.164,90,117.0,1442.0,56.0,7.0,25.36,83.5,0.0,14.1,14.5
441.226,90,115.0,1442.0,56.0,7.0,25.36,83.5,0.0,14.1,14.5
441.314,90,115.0,1006.0,56.0,7.0,25.36,83.5,0.0,14.1,14.5
441.404,90,115.0,1006.0,53.0,7.0,25.36,83.5,0.0,14.1,14.5
441.495,90,115.0,1006.0,53.0,6.0,25.36,83.5,0.0,14.1,14.5
441.584,90,115.0,1006.0,53.0,6.0,9.16,83.5,0.0,14.1,14.5
441.674,90,115.0,1006.0,53.0,6.0,9.16,83.5,0.0,14.1,14.5
441.764,90,115.0,1006.0,53.0,6.0,9.16,83.5,0.0,14.1,14.5
441.854,90,115.0,1006.0,53.0,6.0,9.16,83.5,0.0,14.1,14.5
441.944,90,115.0,1006.0,53.0,6.0,9.16,83.5,0.0,14.1,14.5
442.034,90,115.0,1006.0,53.0,6.0,9.16,83.5,0.0,14.1,14.5
442.124,90,101.0,1006.0,53.0,6.0,9.16,83.5,0.0,14.1,14.5
442.214,90,101.0,1833.0,53.0,6.0,9.16,83.5,0.0,14.1,14.5
442.305,90,101.0,1833.0,49.0,6.0,9.16,83.5,0.0,14.1,14.5
442.394,90,101.0,1833.0,49.0,3.0,9.16,83.5,0.0,14.1,14.5
442.484,90,101.0,1833.0,49.0,3.0,22.27,83.5,0.0,14.1,14.5
442.574,90,101.0,1833.0,49.0,3.0,22.27,83.5,0.0,14.1,14.5
442.664,90,101.0,1833.0,49.0,3.0,22.27,83.5,0.0,14.1,14.5
442.754,90,101.0,1833.0,49.0,3.0,22.27,83.5,0.0,14.1,14.5
442.844,90,101.0,1833.0,49.0,3.0,22.27,83.5,0.0,14.1,14.5
442.934,90,101.0,1833.0,49.0,3.0,22.27,83.5,0.0,14.1,14.5
443.024,90,113.0,1833.0,49.0,3.0,22.27,83.5,0.0,14.1,14.5
443.114,90,113.0,1745.0,49.0,3.0,22.27,83.5,0.0,14.1,14.5
443.176,90,113.0,1745.0,47.0,3.0,22.27,83.5,0.0,14.1,14.5
443.265,90,113.0,1745.0,47.0,7.0,22.27,83.5,0.0,14.1,14.5
443.354,90,113.0,1745.0,47.0,7.0,21.36,83.5,0.0,14.1,14.5
443.444,90,113.0,1745.0,47.0,7.0,21.36,83.5,0.0,14.1,14.5
443.534,90,113.0,1745.0,47.0,7.0,21.36,83.5,0.0,14.1,14.5
443.624,90,113.0,1745.0,47.0,7.0,21.36,83.5,0.0,14.1,14.5
443.714,90,113.0,1745.0,47.0,7.0,21.36,83.5,0.0,14.1,14.5
443.804,90,113.0,1745.0,47.0,7.0,21.36,83.5,0.0,14.1,14.5
443.894,90,116.0,1745.0,47.0,7.0,21.36,83.5,0.0,14.1,14.5
443.984,90,116.0,1724.0,47.0,7.0,21.36,83.5,0.0,14.1,14.5
444.073,90,116.0,1724.0,46.0,7.0,21.36,83.5,0.0,14.1,14.5
444.163,90,116.0,1724.0,46.0,6.0,21.36,83.5,0.0,14.1,14.5
444.253,90,116.0,1724.0,46.0,6.0,17.22,83.5,0.0,14.1,14.5
444.343,90,116.0,1724.0,46.0,6.0,17.22,83.5,0.0,14.1,14.5
444.433,90,116.0,1724.0,46.0,6.0,17.22,83.5,0.0,14.1,14.5
444.523,90,116.0,1724.0,46.0,6.0,17.22,83.5,0.0,14.1,14.5
444.613,90,116.0,1724.0,46.0,6.0,17.22,83.5,0.0,14.1,14.5
444.703,90,116.0,1724.0,46.0,6.0,17.22,83.5,0.0,14.1,14.5
444.794,90,122.0,1724.0,46.0,6.0,17.22,83.5,0.0,14.1,14.5
444.884,90,122.0,1723.0,46.0,6.0,17.22,83.5,0.0,14.1,14.5
444.974,90,122.0,1723.0,46.0,6.0,17.22,83.5,0.0,14.1,14.5
445.064,90,122.0,1723.0,46.0,5.0,17.22,83.5,0.0,14.1,14.5
445.154,90,122.0,1723.0,46.0,5.0,18.61,83.5,0.0,14.1,14.5
445.244,90,122.0,1723.0,46.0,5.0,18.61,83.5,0.0,14.1,14.5
445.334,90,122.0,1723.0,46.0,5.0,18.61,83.5,0.0,14.1,14.5
445.424,90,122.0,1723.0,46.0,5.0,18.61,83.5,0.0,14.1,14.5
445.514,90,122.0,1723.0,46.0,5.0,18.61,83.5,0.0,14.1,14.5
445.576,90,122.0,1723.0,46.0,5.0,18.61,83.5,0.0,14.1,14.5
445.665,90,126.0,1723.0,46.0,5.0,18.61,83.5,0.0,14.1,14.5
445.758,90,126.0,1730.0,46.0,5.0,18.61,83.5,0.0,14.1,14.5
445.843,90,126.0,1730.0,46.0,5.0,18.61,83.5,0.0,14.1,14.5
445.934,90,126.0,1730.0,46.0,6.0,18.61,83.5,0.0,14.1,14.5
446.024,90,126.0,1730.0,46.0,6.0,19.49,83.5,0.0,14.1,14.5
446.114,90,126.0,1730.0,46.0,6.0,19.49,83.5,0.0,14.1,14.5
446.204,90,126.0,1730.0,46.0,6.0,19.49,83.5,0.0,14.1,14.5
446.294,90,126.0,1730.0,46.0,6.0,19.49,83.5,0.0,14.1,14.5
446.386,90,126.0,1730.0,46.0,6.0,19.49,83.5,0.0,14.1,14.5
446.474,90,126.0,1730.0,46.0,6.0,19.49,83.5,0.0,14.1,14.5
446.565,90,124.0,1730.0,46.0,6.0,19.49,83.5,0.0,14.1,14.5
446.653,90,124.0,1737.0,46.0,6.0,19.49,83.5,0.0,14.1,14.5
446.744,90,124.0,1737.0,47.0,6.0,19.49,83.5,0.0,14.1,14.5
446.834,90,124.0,1737.0,47.0,6.0,19.49,83.5,0.0,14.1,14.5
446.923,90,124.0,1737.0,47.0,6.0,18.91,83.5,0.0,14.1,14.5
447.014,90,124.0,1737.0,47.0,6.0,18.91,83.5,0.0,14.1,14.5
447.075,90,124.0,1737.0,47.0,6.0,18.91,83.5,0.0,14.1,14.5
447.164,90,124.0,1737.0,47.0,6.0,18.91,83.5,0.0,14.1,14.5
447.226,90,124.0,1737.0,47.0,6.0,18.91,83.5,0.0,14.1,14.5
447.315,90,124.0,1737.0,47.0,6.0,18.91,83.5,0.0,14.1,14.5
447.404,90,120.0,1737.0,47.0,6.0,18.91,83.5,0.0,14.1,14.5
447.494,90,120.0,1732.0,47.0,6.0,18.91,83.5,0.0,14.1,14.5
447.584,90,120.0,1732.0,47.0,6.0,18.91,83.5,0.0,14.1,14.5
447.673,90,120.0,1732.0,47.0,6.0,18.91,83.5,0.0,14.1,14.5
447.763,90,120.0,1732.0,47.0,6.0,18.88,83.5,0.0,14.1,14.5
447.853,90,120.0,1732.0,47.0,6.0,18.88,83.5,0.0,14.1,14.5
447.944,90,120.0,1732.0,47.0,6.0,18.88,83.5,0.0,14.1,14.5
448.034,90,120.0,1732.0,47.0,6.0,18.88,83.5,0.0,14.1,14.5
448.125,90,120.0,1732.0,47.0,6.0,18.88,83.5,0.0,14.1,14.5
448.214,90,120.0,1732.0,47.0,6.0,18.88,83.5,0.0,14.1,14.5
448.278,90,121.0,1732.0,47.0,6.0,18.88,83.5,0.0,14.1,14.5
448.364,90,121.0,1733.0,47.0,6.0,18.88,83.5,0.0,14.1,14.5
448.428,90,121.0,1733.0,47.0,6.0,18.88,83.5,0.0,14.1,14.5
448.514,90,121.0,1733.0,47.0,6.0,18.88,83.5,0.0,14.1,14.5
448.604,90,121.0,1733.0,47.0,6.0,18.69,83.5,0.0,14.1,14.5
448.694,90,121.0,1733.0,47.0,6.0,18.69,83.5,0.0,14.1,14.5
448.783,90,121.0,1733.0,47.0,6.0,18.69,83.5,0.0,14.1,14.5
448.873,90,121.0,1733.0,47.0,6.0,18.69,83.5,0.0,14.1,14.5
448.964,90,121.0,1733.0,47.0,6.0,18.69,83.5,0.0,14.1,14.5
449.054,90,121.0,1733.0,47.0,6.0,18.69,83.5,0.0,14.1,14.5
449.116,90,122.0,1733.0,47.0,6.0,18.69,83.5,0.0,14.1,14.5
449.176,90,122.0,1739.0,47.0,6.0,18.69,83.5,0.0,14.1,14.5
449.264,90,122.0,1739.0,47.0,6.0,18.69,83.5,0.0,14.1,14.5
449.354,90,122.0,1739.0,47.0,6.0,18.69,83.5,0.0,14.1,14.5
449.445,90,122.0,1739.0,47.0,6.0,18.94,83.5,0.0,14.1,14.5
449.534,90,122.0,1739.0,47.0,6.0,18.94,83.5,0.0,14.1,14.5
449.624,90,122.0,1739.0,47.0,6.0,18.94,83.5,0.0,14.1,14.5
449.714,90,122.0,1739.0,47.0,6.0,18.94,83.5,0.0,14.1,14.5
449.804,90,122.0,1739.0,47.0,6.0,18.94,83.5,0.0,14.1,14.5
449.894,90,122.0,1739.0,47.0,6.0,18.94,83.5,0.0,14.1,14.5
449.984,90,123.0,1739.0,47.0,6.0,18.94,83.5,0.0,14.1,14.5
450.074,90,123.0,1747.0,47.0,6.0,18.94,83.5,0.0,14.1,14.5
450.164,90,123.0,1747.0,47.0,6.0,18.94,83.5,0.0,14.1,14.5
450.225,90,123.0,1747.0,47.0,6.0,18.94,83.5,0.0,14.1,14.5
450.314,90,123.0,1747.0,47.0,6.0,19.24,83.5,0.0,14.1,14.5
450.376,90,123.0,1747.0,47.0,6.0,19.24,83.5,0.0,14.1,14.5
450.464,90,123.0,1747.0,47.0,6.0,19.24,83.5,0.0,14.1,14.5
450.584,90,123.0,1747.0,47.0,6.0,19.24,83.5,0.0,14.1,14.5
450.676,90,123.0,1747.0,47.0,6.0,19.24,83.5,0.0,14.1,14.5
450.765,90,123.0,1747.0,47.0,6.0,19.24,83.5,0.0,14.1,14.5
450.825,90,122.0,1747.0,47.0,6.0,19.24,83.5,0.0,14.1,14.5
450.913,90,122.0,1757.0,47.0,6.0,19.24,83.5,0.0,14.1,14.5
451.004,90,122.0,1757.0,47.0,6.0,19.24,83.5,0.0,14.1,14.5
451.095,90,122.0,1757.0,47.0,6.0,19.24,83.5,0.0,14.1,14.5
451.185,90,122.0,1757.0,47.0,6.0,18.88,83.5,0.0,14.1,14.5
451.275,90,122.0,1757.0,47.0,6.0,18.88,83.5,0.0,14.1,14.5
451.365,90,122.0,1757.0,47.0,6.0,18.88,83.5,0.0,14.1,14.5
451.426,90,122.0,1757.0,47.0,6.0,18.88,83.5,0.0,14.1,14.5
451.515,90,122.0,1757.0,47.0,6.0,18.88,83.5,0.0,14.1,14.5
451.576,90,122.0,1757.0,47.0,6.0,18.88,83.5,0.0,14.1,14.5
451.665,90,121.0,1757.0,47.0,6.0,18.88,83.5,0.0,14.1,14.5
451.755,90,121.0,1749.0,47.0,6.0,18.88,83.5,0.0,14.1,14.5
451.844,90,121.0,1749.0,47.0,6.0,18.88,83.5,0.0,14.1,14.5
451.934,90,121.0,1749.0,47.0,6.0,18.88,83.5,0.0,14.1,14.5
452.024,90,121.0,1749.0,47.0,6.0,16.66,83.5,0.0,14.1,14.5
452.115,90,121.0,1749.0,47.0,6.0,16.66,83.5,0.0,14.1,14.5
452.177,90,121.0,1749.0,47.0,6.0,16.66,83.5,0.0,14.1,14.5
452.265,90,121.0,1749.0,47.0,6.0,16.66,83.5,0.0,14.1,14.5
452.328,90,121.0,1749.0,47.0,6.0,16.66,83.5,0.0,14.1,14.5
452.415,90,121.0,1749.0,47.0,6.0,16.66,83.5,0.0,14.1,14.5
452.477,90,108.0,1749.0,47.0,6.0,16.66,83.5,0.0,14.1,14.5
452.565,90,108.0,1709.0,47.0,6.0,16.66,83.5,0.0,14.1,14.5
452.626,90,108.0,1709.0,46.0,6.0,16.66,83.5,0.0,14.1,14.5
452.715,90,108.0,1709.0,46.0,6.0,16.66,83.5,0.0,14.1,14.5
452.777,90,108.0,1709.0,46.0,6.0,15.86,83.5,0.0,14.1,14.5
452.864,90,108.0,1709.0,46.0,6.0,15.86,83.5,0.0,14.1,14.5
452.954,90,108.0,1709.0,46.0,6.0,15.86,83.5,0.0,14.1,14.5
453.044,90,108.0,1709.0,46.0,6.0,15.86,83.5,0.0,14.1,14.5
453.135,90,108.0,1709.0,46.0,6.0,15.86,83.5,0.0,14.1,14.5
453.225,90,108.0,1709.0,46.0,6.0,15.86,83.5,0.0,14.1,14.5
453.315,90,115.0,1709.0,46.0,6.0,15.86,83.5,0.0,14.1,14.5
453.377,90,115.0,1622.0,46.0,6.0,15.86,83.5,0.0,14.1,14.5
453.465,90,115.0,1622.0,43.0,6.0,15.86,83.5,0.0,14.1,14.5
453.526,90,115.0,1622.0,43.0,5.0,15.86,83.5,0.0,14.1,14.5
453.616,90,115.0,1622.0,43.0,5.0,27.86,83.5,0.0,14.1,14.5
453.676,90,115.0,1622.0,43.0,5.0,27.86,83.5,0.0,14.1,14.5
453.765,90,115.0,1622.0,43.0,5.0,27.86,83.5,0.0,14.1,14.5
453.854,90,115.0,1622.0,43.0,5.0,27.86,83.5,0.0,14.1,14.5
453.945,90,115.0,1622.0,43.0,5.0,27.86,83.5,0.0,14.1,14.5
454.035,90,115.0,1622.0,43.0,5.0,27.86,83.5,0.0,14.1,14.5
454.125,90,117.0,1622.0,43.0,5.0,27.86,83.5,0.0,14.1,14.5
454.215,90,117.0,988.0,43.0,5.0,27.86,83.5,0.0,14.1,14.5
454.276,90,117.0,988.0,38.0,5.0,27.86,83.5,0.0,14.1,14.5
454.365,90,117.0,988.0,38.0,7.0,27.86,83.5,0.0,14.1,14.5
454.427,90,117.0,988.0,38.0,7.0,13.08,83.5,0.0,14.1,14.5
454.515,90,117.0,988.0,38.0,7.0,13.08,83.5,0.0,14.1,14.5
454.577,90,117.0,988.0,38.0,7.0,13.08,83.5,0.0,14.1,14.5
454.665,90,117.0,988.0,38.0,7.0,13.08,83.5,0.0,14.1,14.5
454.726,90,117.0,988.0,38.0,7.0,13.08,83.5,0.0,14.1,14.5
454.815,90,117.0,988.0,38.0,7.0,13.08,83.5,0.0,14.1,14.5
454.905,90,108.0,988.0,38.0,7.0,13.08,83.5,0.0,14.1,14.5
454.995,90,108.0,908.0,38.0,7.0,13.08,83.5,0.0,14.1,14.5
455.085,90,108.0,908.0,32.0,7.0,13.08,83.5,0.0,14.1,14.5
455.174,90,108.0,908.0,32.0,5.0,13.08,83.5,0.0,14.1,14.5
455.265,90,108.0,908.0,32.0,5.0,8.49,83.5,0.0,14.1,14.5
455.326,90,108.0,908.0,32.0,5.0,8.49,83.5,0.0,14.1,14.5
455.415,90,108.0,908.0,32.0,5.0,8.49,83.5,0.0,14.1,14.5
455.476,90,108.0,908.0,32.0,5.0,8.49,83.5,0.0,14.1,14.5
455.565,90,108.0,908.0,32.0,5.0,8.49,83.5,0.0,14.1,14.5
455.627,89,108.0,908.0,32.0,5.0,8.49,83.5,0.0,14.1,14.5
455.715,89,105.0,908.0,32.0,5.0,8.49,83.5,0.0,14.1,14.5
455.777,89,105.0,899.0,32.0,5.0,8.49,83.5,0.0,14.1,14.5
455.865,89,105.0,899.0,28.0,5.0,8.49,83.5,0.0,14.1,14.5
455.926,89,105.0,899.0,28.0,1.0,8.49,83.5,0.0,14.1,14.5
456.015,89,105.0,899.0,28.0,1.0,8.16,83.5,0.0,14.1,14.5
456.104,89,105.0,899.0,28.0,1.0,8.16,83.5,0.0,14.1,14.5
456.165,89,105.0,899.0,28.0,1.0,8.16,83.5,0.0,14.1,14.5
456.225,89,105.0,899.0,28.0,1.0,8.16,83.5,0.0,22.0,14.5
456.314,89,105.0,899.0,28.0,1.0,8.16,83.5,0.0,22.0,24.7
456.378,89,105.0,899.0,28.0,1.0,8.16,83.5,0.0,22.0,24.7
456.465,89,104.0,899.0,28.0,1.0,8.16,83.5,0.0,22.0,24.7
456.527,89,104.0,1552.0,28.0,1.0,8.16,83.5,0.0,22.0,24.7
456.615,89,104.0,1552.0,27.0,1.0,8.16,83.5,0.0,22.0,24.7
456.677,89,104.0,1552.0,27.0,1.0,8.16,83.5,0.0,22.0,24.7
456.766,89,104.0,1552.0,27.0,1.0,17.74,83.5,0.0,22.0,24.7
456.825,89,104.0,1552.0,27.0,1.0,17.74,83.5,0.0,22.0,24.7
456.915,89,104.0,1552.0,27.0,1.0,17.74,83.5,0.0,22.0,24.7
456.976,89,104.0,1552.0,27.0,1.0,17.74,83.5,0.0,33.3,24.7
457.065,89,104.0,1552.0,27.0,1.0,17.74,83.5,0.0,33.3,34.1
457.127,89,104.0,1552.0,27.0,1.0,17.74,83.5,0.0,33.3,34.1
457.215,89,110.0,1552.0,27.0,1.0,17.74,83.5,0.0,33.3,34.1
457.277,89,110.0,1622.0,27.0,1.0,17.74,83.5,0.0,33.3,34.1
457.365,89,110.0,1622.0,28.0,1.0,17.74,83.5,0.0,33.3,34.1
457.427,89,110.0,1622.0,28.0,6.0,17.74,83.5,0.0,33.3,34.1
457.515,89,110.0,1622.0,28.0,6.0,20.8,83.5,0.0,33.3,34.1
457.577,89,110.0,1622.0,28.0,6.0,20.8,83.5,0.0,33.3,34.1
457.665,89,110.0,1622.0,28.0,6.0,20.8,83.5,0.0,33.3,34.1
457.727,89,110.0,1622.0,28.0,6.0,20.8,83.5,0.0,42.0,34.1
457.814,89,110.0,1622.0,28.0,6.0,20.8,83.5,0.0,42.0,42.7
457.905,89,110.0,1622.0,28.0,6.0,20.8,83.5,0.0,42.0,42.7
457.995,89,133.0,1622.0,28.0,6.0,20.8,83.5,0.0,42.0,42.7
458.085,89,133.0,1758.0,28.0,6.0,20.8,83.5,0.0,42.0,42.7
458.175,89,133.0,1758.0,30.0,6.0,20.8,83.5,0.0,42.0,42.7
458.265,89,133.0,1758.0,30.0,8.0,20.8,83.5,0.0,42.0,42.7
458.327,89,133.0,1758.0,30.0,8.0,26.38,83.5,0.0,42.0,42.7
458.415,89,133.0,1758.0,30.0,8.0,26.38,83.5,0.0,42.0,42.7
458.505,89,133.0,1758.0,30.0,8.0,26.38,83.5,0.0,42.0,42.7
458.567,89,133.0,1758.0,30.0,8.0,26.38,83.5,0.0,43.1,42.7
458.627,89,133.0,1758.0,30.0,8.0,26.38,83.5,0.0,43.1,44.7
458.715,89,133.0,1758.0,30.0,8.0,26.38,83.5,0.0,43.1,44.7
458.777,89,146.0,1758.0,30.0,8.0,26.38,83.5,0.0,43.1,44.7
458.865,89,146.0,1936.0,30.0,8.0,26.38,83.5,0.0,43.1,44.7
458.926,89,146.0,1936.0,33.0,8.0,26.38,83.5,0.0,43.1,44.7
459.015,89,146.0,1936.0,33.0,8.0,26.38,83.5,0.0,43.1,44.7
459.077,89,146.0,1936.0,33.0,8.0,35.13,83.5,0.0,43.1,44.7
459.166,89,146.0,1936.0,33.0,8.0,35.13,83.5,0.0,43.1,44.7
459.256,89,146.0,1936.0,33.0,8.0,35.13,83.5,0.0,43.1,44.7
459.317,89,146.0,1936.0,33.0,8.0,35.13,83.5,0.0,43.9,44.7
459.406,89,146.0,1936.0,33.0,8.0,35.13,83.5,0.0,43.9,43.9
459.467,89,146.0,1936.0,33.0,8.0,35.13,83.5,0.0,43.9,43.9
459.556,89,162.0,1936.0,33.0,8.0,35.13,83.5,0.0,43.9,43.9
459.646,89,162.0,2117.0,33.0,8.0,35.13,83.5,0.0,43.9,43.9
459.736,89,162.0,2117.0,37.0,8.0,35.13,83.5,0.0,43.9,43.9
459.825,89,162.0,2117.0,37.0,9.0,35.13,83.5,0.0,43.9,43.9
459.916,89,162.0,2117.0,37.0,9.0,30.33,83.5,0.0,43.9,43.9
460.006,89,162.0,2117.0,37.0,9.0,30.33,31.0,0.0,43.9,43.9
460.096,89,162.0,2117.0,37.0,9.0,30.33,31.0,0.0,43.9,43.9
460.186,89,162.0,2117.0,37.0,9.0,30.33,31.0,0.0,15.7,43.9
460.277,89,162.0,2117.0,37.0,9.0,30.33,31.0,0.0,15.7,22.4
460.366,89,162.0,2117.0,37.0,9.0,30.33,31.0,0.0,15.7,22.4
460.455,89,98.0,2117.0,37.0,9.0,30.33,31.0,0.0,15.7,22.4
460.517,89,98.0,1343.0,37.0,9.0,30.33,31.0,0.0,15.7,22.4
460.606,89,98.0,1343.0,37.0,9.0,30.33,31.0,0.0,15.7,22.4
460.667,89,98.0,1343.0,37.0,8.0,30.33,31.0,0.0,15.7,22.4
460.756,89,98.0,1343.0,37.0,8.0,23.66,31.0,0.0,15.7,22.4
460.845,89,98.0,1343.0,37.0,8.0,23.66,83.1,0.0,15.7,22.4
460.936,89,98.0,1343.0,37.0,8.0,23.66,83.1,0.0,15.7,22.4
461.025,89,98.0,1343.0,37.0,8.0,23.66,83.1,0.0,60.8,22.4
461.116,89,98.0,1343.0,37.0,8.0,23.66,83.1,0.0,60.8,61.2
461.206,89,98.0,1343.0,37.0,8.0,23.66,83.1,0.0,60.8,61.2
461.267,89,134.0,1343.0,37.0,8.0,23.66,83.1,0.0,60.8,61.2
461.356,89,134.0,1493.0,37.0,8.0,23.66,83.1,0.0,60.8,61.2
461.417,89,134.0,1493.0,40.0,8.0,23.66,83.1,0.0,60.8,61.2
461.506,89,134.0,1493.0,40.0,8.0,23.66,83.1,0.0,60.8,61.2
461.595,89,134.0,1493.0,40.0,8.0,36.55,83.1,0.0,60.8,61.2
461.686,89,134.0,1493.0,40.0,8.0,36.55,83.5,0.0,60.8,61.2
461.775,89,134.0,1493.0,40.0,8.0,36.55,83.5,0.0,60.8,61.2
461.865,89,134.0,1493.0,40.0,8.0,36.55,83.5,0.0,59.6,61.2
461.956,89,134.0,1493.0,40.0,8.0,36.55,83.5,0.0,59.6,60.0
462.046,89,134.0,1493.0,40.0,8.0,36.55,83.5,0.0,59.6,60.0
462.136,89,194.0,1493.0,40.0,8.0,36.55,83.5,0.0,59.6,60.0
462.226,89,194.0,1720.0,40.0,8.0,36.55,83.5,0.0,59.6,60.0
462.316,89,194.0,1720.0,46.0,8.0,36.55,83.5,0.0,59.6,60.0
462.406,89,194.0,1720.0,46.0,10.0,36.55,83.5,0.0,59.6,60.0
462.468,89,194.0,1720.0,46.0,10.0,59.94,83.5,0.0,59.6,60.0
462.556,89,194.0,1720.0,46.0,10.0,59.94,83.5,0.0,59.6,60.0
462.618,89,194.0,1720.0,46.0,10.0,59.94,83.5,0.0,59.6,60.0
462.706,89,194.0,1720.0,46.0,10.0,59.94,83.5,0.0,50.6,60.0
462.795,89,194.0,1720.0,46.0,10.0,59.94,83.5,0.0,50.6,45.1
462.886,89,194.0,1720.0,46.0,10.0,59.94,83.5,0.0,50.6,45.1
462.976,89,181.0,1720.0,46.0,10.0,59.94,83.5,0.0,50.6,45.1
463.066,89,181.0,1800.0,46.0,10.0,59.94,83.5,0.0,50.6,45.1
463.156,89,181.0,1800.0,51.0,10.0,59.94,83.5,0.0,50.6,45.1
463.246,89,181.0,1800.0,51.0,10.0,59.94,83.5,0.0,50.6,45.1
463.307,89,181.0,1800.0,51.0,10.0,29.91,83.5,0.0,50.6,45.1
463.368,89,181.0,1800.0,51.0,10.0,29.91,31.0,0.0,50.6,45.1
463.456,89,181.0,1800.0,51.0,10.0,29.91,31.0,0.0,50.6,45.1
463.546,89,181.0,1800.0,51.0,10.0,29.91,31.0,0.0,22.7,45.1
463.636,89,181.0,1800.0,51.0,10.0,29.91,31.0,0.0,22.7,29.4
463.726,90,181.0,1800.0,51.0,10.0,29.91,31.0,0.0,22.7,29.4
463.815,90,118.0,1800.0,51.0,10.0,29.91,31.0,0.0,22.7,29.4
463.905,90,118.0,1275.0,51.0,10.0,29.91,31.0,0.0,22.7,29.4
463.996,90,118.0,1275.0,50.0,10.0,29.91,31.0,0.0,22.7,29.4
464.087,90,118.0,1275.0,50.0,6.0,29.91,31.0,0.0,22.7,29.4
464.177,90,118.0,1275.0,50.0,6.0,15.3,31.0,0.0,22.7,29.4
464.266,90,118.0,1275.0,50.0,6.0,15.3,83.5,0.0,22.7,29.4
464.356,90,118.0,1275.0,50.0,6.0,15.3,83.5,0.0,22.7,29.4
464.417,90,118.0,1275.0,50.0,6.0,15.3,83.5,0.0,36.9,29.4
464.506,90,118.0,1275.0,50.0,6.0,15.3,83.5,0.0,36.9,36.9
464.567,90,118.0,1275.0,50.0,6.0,15.3,83.5,0.0,36.9,36.9
464.656,90,120.0,1275.0,50.0,6.0,15.3,83.5,0.0,36.9,36.9
464.746,90,120.0,1306.0,50.0,6.0,15.3,83.5,0.0,36.9,36.9
464.835,90,120.0,1306.0,51.0,6.0,15.3,83.5,0.0,36.9,36.9
464.926,90,120.0,1306.0,51.0,4.0,15.3,83.5,0.0,36.9,36.9
465.016,90,120.0,1306.0,51.0,4.0,11.13,83.5,0.0,36.9,36.9
465.108,90,120.0,1306.0,51.0,4.0,11.13,83.5,0.0,36.9,36.9
465.196,90,120.0,1306.0,51.0,4.0,11.13,83.5,0.0,36.9,36.9
465.286,90,120.0,1306.0,51.0,4.0,11.13,83.5,0.0,14.1,36.9
465.376,90,120.0,1306.0,51.0,4.0,11.13,83.5,0.0,14.1,14.5
465.466,90,120.0,1306.0,51.0,4.0,11.13,83.5,0.0,14.1,14.5
465.556,90,112.0,1306.0,51.0,4.0,11.13,83.5,0.0,14.1,14.5
465.618,90,112.0,1284.0,51.0,4.0,11.13,83.5,0.0,14.1,14.5
465.706,90,112.0,1284.0,50.0,4.0,11.13,83.5,0.0,14.1,14.5
465.768,90,112.0,1284.0,50.0,3.0,11.13,83.5,0.0,14.1,14.5
465.855,90,112.0,1284.0,50.0,3.0,9.97,83.5,0.0,14.1,14.5
465.946,90,112.0,1284.0,50.0,3.0,9.97,83.5,0.0,14.1,14.5
466.035,90,112.0,1284.0,50.0,3.0,9.97,83.5,0.0,14.1,14.5
466.125,90,112.0,1284.0,50.0,3.0,9.97,83.5,0.0,14.1,14.5
466.216,90,112.0,1284.0,50.0,3.0,9.97,83.5,0.0,14.1,14.5
466.306,90,112.0,1284.0,50.0,3.0,9.97,83.5,0.0,14.1,14.5
466.367,90,104.0,1284.0,50.0,3.0,9.97,83.5,0.0,14.1,14.5
466.486,90,104.0,1274.0,50.0,3.0,9.97,83.5,0.0,14.1,14.5
466.576,90,104.0,1274.0,49.0,3.0,9.97,83.5,0.0,14.1,14.5
466.666,90,104.0,1274.0,49.0,2.0,9.97,83.5,0.0,14.1,14.5
466.756,90,104.0,1274.0,49.0,2.0,11.19,83.5,0.0,14.1,14.5
466.816,90,104.0,1274.0,49.0,2.0,11.19,83.5,0.0,14.1,14.5
466.905,90,104.0,1274.0,49.0,2.0,11.19,83.5,0.0,14.1,14.5
466.967,90,104.0,1274.0,49.0,2.0,11.19,83.5,0.0,14.1,14.5
467.056,90,104.0,1274.0,49.0,2.0,11.19,83.5,0.0,14.1,14.5
467.146,90,104.0,1274.0,49.0,2.0,11.19,83.5,0.0,14.1,14.5
467.236,90,106.0,1274.0,49.0,2.0,11.19,83.5,0.0,14.1,14.5
467.326,90,106.0,1275.0,49.0,2.0,11.19,83.5,0.0,14.1,14.5
467.417,90,106.0,1275.0,49.0,2.0,11.19,83.5,0.0,14.1,14.5
467.506,90,106.0,1275.0,49.0,3.0,11.19,83.5,0.0,14.1,14.5
467.568,90,106.0,1275.0,49.0,3.0,11.02,83.5,0.0,14.1,14.5
467.656,90,106.0,1275.0,49.0,3.0,11.02,83.5,0.0,14.1,14.5
467.717,90,106.0,1275.0,49.0,3.0,11.02,83.5,0.0,14.1,14.5
467.805,90,106.0,1275.0,49.0,3.0,11.02,83.5,0.0,14.1,14.5
467.866,90,106.0,1275.0,49.0,3.0,11.02,83.5,0.0,14.1,14.5
467.956,90,106.0,1275.0,49.0,3.0,11.02,83.5,0.0,14.1,14.5
468.018,90,109.0,1275.0,49.0,3.0,11.02,83.5,0.0,14.1,14.5
468.106,90,109.0,1272.0,49.0,3.0,11.02,83.5,0.0,14.1,14.5
468.168,90,109.0,1272.0,49.0,3.0,11.02,83.5,0.0,14.1,14.5
468.256,90,109.0,1272.0,49.0,3.0,11.02,83.5,0.0,14.1,14.5
468.346,90,109.0,1272.0,49.0,3.0,11.11,83.5,0.0,14.1,14.5
468.409,90,109.0,1272.0,49.0,3.0,11.11,83.5,0.0,14.1,14.5
468.468,90,109.0,1272.0,49.0,3.0,11.11,83.5,0.0,14.1,14.5
468.556,90,109.0,1272.0,49.0,3.0,11.11,83.5,0.0,14.1,14.5
468.618,90,109.0,1272.0,49.0,3.0,11.11,83.5,0.0,14.1,14.5
468.706,90,109.0,1272.0,49.0,3.0,11.11,83.5,0.0,14.1,14.5
468.768,90,111.0,1272.0,49.0,3.0,11.11,83.5,0.0,14.1,14.5
468.856,90,111.0,1271.0,49.0,3.0,11.11,83.5,0.0,14.1,14.5
468.917,90,111.0,1271.0,49.0,3.0,11.11,83.5,0.0,14.1,14.5
469.006,90,111.0,1271.0,49.0,3.0,11.11,83.5,0.0,14.1,14.5
469.096,90,111.0,1271.0,49.0,3.0,11.13,83.5,0.0,14.1,14.5
469.186,90,111.0,1271.0,49.0,3.0,11.13,83.5,0.0,14.1,14.5
469.276,90,111.0,1271.0,49.0,3.0,11.13,83.5,0.0,14.1,14.5
469.366,90,111.0,1271.0,49.0,3.0,11.13,83.5,0.0,14.1,14.5
469.456,90,111.0,1271.0,49.0,3.0,11.13,83.5,0.0,14.1,14.5
469.518,90,111.0,1271.0,49.0,3.0,11.13,83.5,0.0,14.1,14.5
469.606,90,112.0,1271.0,49.0,3.0,11.13,83.5,0.0,14.1,14.5
469.668,90,112.0,1268.0,49.0,3.0,11.13,83.5,0.0,14.1,14.5
469.756,90,112.0,1268.0,49.0,3.0,11.13,83.5,0.0,14.1,14.5
469.816,90,112.0,1268.0,49.0,4.0,11.13,83.5,0.0,14.1,14.5
469.906,90,112.0,1268.0,49.0,4.0,13.02,83.5,0.0,14.1,14.5
469.967,90,112.0,1268.0,49.0,4.0,13.02,83.5,0.0,14.1,14.5
470.058,90,112.0,1268.0,49.0,4.0,13.02,83.5,0.0,14.1,14.5
470.118,90,112.0,1268.0,49.0,4.0,13.02,83.5,0.0,14.1,14.5
470.206,90,112.0,1268.0,49.0,4.0,13.02,83.5,0.0,14.1,14.5
470.296,90,112.0,1268.0,49.0,4.0,13.02,83.5,0.0,14.1,14.5
470.358,90,113.0,1268.0,49.0,4.0,13.02,83.5,0.0,14.1,14.5
470.418,90,113.0,1271.0,49.0,4.0,13.02,83.5,0.0,14.1,14.5
470.507,90,113.0,1271.0,49.0,4.0,13.02,83.5,0.0,14.1,14.5
470.568,90,113.0,1271.0,49.0,5.0,13.02,83.5,0.0,14.1,14.5
470.657,90,113.0,1271.0,49.0,5.0,13.05,83.5,0.0,14.1,14.5
470.718,90,113.0,1271.0,49.0,5.0,13.05,83.5,0.0,14.1,14.5
470.805,90,113.0,1271.0,49.0,5.0,13.05,83.5,0.0,14.1,14.5
470.866,90,113.0,1271.0,49.0,5.0,13.05,83.5,0.0,14.1,14.5
470.956,90,113.0,1271.0,49.0,5.0,13.05,83.5,0.0,14.1,14.5
471.019,90,113.0,1271.0,49.0,5.0,13.05,83.5,0.0,14.1,14.5
471.106,90,113.0,1271.0,49.0,5.0,13.05,83.5,0.0,14.1,14.5
471.168,90,113.0,1275.0,49.0,5.0,13.05,83.5,0.0,14.1,14.5
471.256,90,113.0,1275.0,49.0,5.0,13.05,83.5,0.0,14.1,14.5
471.318,90,113.0,1275.0,49.0,5.0,13.05,83.5,0.0,14.1,14.5
471.406,90,113.0,1275.0,49.0,5.0,13.05,83.5,0.0,14.1,14.5
471.526,90,113.0,1275.0,49.0,5.0,13.05,83.5,0.0,14.1,14.5
471.617,90,113.0,1275.0,49.0,5.0,13.05,83.5,0.0,14.1,14.5
471.707,90,113.0,1275.0,49.0,5.0,13.05,83.5,0.0,14.1,14.5
471.771,90,113.0,1275.0,49.0,5.0,13.05,83.5,0.0,14.1,14.5
471.856,90,113.0,1275.0,49.0,5.0,13.05,83.5,0.0,14.1,14.5
471.918,90,113.0,1275.0,49.0,5.0,13.05,83.5,0.0,14.1,14.5
472.007,90,113.0,1274.0,49.0,5.0,13.05,83.5,0.0,14.1,14.5
472.068,90,113.0,1274.0,50.0,5.0,13.05,83.5,0.0,14.1,14.5
472.156,90,113.0,1274.0,50.0,5.0,13.05,83.5,0.0,14.1,14.5
472.218,90,113.0,1274.0,50.0,5.0,13.16,83.5,0.0,14.1,14.5
472.306,90,113.0,1274.0,50.0,5.0,13.16,83.5,0.0,14.1,14.5
472.368,90,113.0,1274.0,50.0,5.0,13.16,83.5,0.0,14.1,14.5
472.456,90,113.0,1274.0,50.0,5.0,13.16,83.5,0.0,14.1,14.5
472.518,90,113.0,1274.0,50.0,5.0,13.16,83.5,0.0,14.1,14.5
472.606,90,113.0,1274.0,50.0,5.0,13.16,83.5,0.0,14.1,14.5
472.668,90,114.0,1274.0,50.0,5.0,13.16,83.5,0.0,14.1,14.5
472.757,90,114.0,1273.0,50.0,5.0,13.16,83.5,0.0,14.1,14.5
472.816,90,114.0,1273.0,49.0,5.0,13.16,83.5,0.0,14.1,14.5
472.906,90,114.0,1273.0,49.0,5.0,13.16,83.5,0.0,14.1,14.5
472.968,90,114.0,1273.0,49.0,5.0,13.38,83.5,0.0,14.1,14.5
473.056,90,114.0,1273.0,49.0,5.0,13.38,83.5,0.0,14.1,14.5
473.118,90,114.0,1273.0,49.0,5.0,13.38,83.5,0.0,14.1,14.5
473.206,90,114.0,1273.0,49.0,5.0,13.38,83.5,0.0,14.1,14.5
473.268,90,114.0,1273.0,49.0,5.0,13.38,83.5,0.0,14.1,14.5
473.356,90,114.0,1273.0,49.0,5.0,13.38,83.5,0.0,14.1,14.5
473.418,90,114.0,1273.0,49.0,5.0,13.38,83.5,0.0,14.1,14.5
473.506,90,114.0,1269.0,49.0,5.0,13.38,83.5,0.0,14.1,14.5
473.569,90,114.0,1269.0,49.0,5.0,13.38,83.5,0.0,14.1,14.5
473.656,90,114.0,1269.0,49.0,5.0,13.38,83.5,0.0,14.1,14.5
473.718,90,114.0,1269.0,49.0,5.0,13.63,83.5,0.0,14.1,14.5
473.809,90,114.0,1269.0,49.0,5.0,13.63,83.5,0.0,14.1,14.5
473.866,90,114.0,1269.0,49.0,5.0,13.63,83.5,0.0,14.1,14.5
473.956,90,114.0,1269.0,49.0,5.0,13.63,83.5,0.0,14.1,14.5
474.019,90,114.0,1269.0,49.0,5.0,13.63,83.5,0.0,14.1,14.5
474.106,90,114.0,1269.0,49.0,5.0,13.63,83.5,0.0,14.1,14.5
474.168,90,116.0,1269.0,49.0,5.0,13.63,83.5,0.0,14.1,14.5
474.256,90,116.0,1269.0,49.0,5.0,13.63,83.5,0.0,14.1,14.5
474.318,90,116.0,1269.0,49.0,5.0,13.63,83.5,0.0,14.1,14.5
474.405,90,116.0,1269.0,49.0,6.0,13.63,83.5,0.0,14.1,14.5
474.466,90,116.0,1269.0,49.0,6.0,14.47,83.5,0.0,14.1,14.5
474.555,90,116.0,1269.0,49.0,6.0,14.47,83.5,0.0,14.1,14.5
474.616,90,116.0,1269.0,49.0,6.0,14.47,83.5,0.0,14.1,14.5
474.706,90,116.0,1269.0,49.0,6.0,14.47,83.5,0.0,14.1,14.5
474.825,90,116.0,1269.0,49.0,6.0,14.47,83.5,0.0,14.1,14.5
474.916,90,116.0,1269.0,49.0,6.0,14.47,83.5,0.0,14.1,14.5
475.006,90,120.0,1269.0,49.0,6.0,14.47,83.5,0.0,14.1,14.5
475.069,90,120.0,1264.0,49.0,6.0,14.47,83.5,0.0,14.1,14.5
475.156,90,120.0,1264.0,49.0,6.0,14.47,83.5,0.0,14.1,14.5
475.218,90,120.0,1264.0,49.0,6.0,14.47,83.5,0.0,14.1,14.5
475.306,90,120.0,1264.0,49.0,6.0,14.88,83.5,0.0,14.1,14.5
475.369,90,120.0,1264.0,49.0,6.0,14.88,83.5,0.0,14.1,14.5
475.456,90,120.0,1264.0,49.0,6.0,14.88,83.5,0.0,14.1,14.5
475.518,90,120.0,1264.0,49.0,6.0,14.88,83.5,0.0,14.1,14.5
475.606,90,120.0,1264.0,49.0,6.0,14.88,83.5,0.0,14.1,14.5
475.668,90,120.0,1264.0,49.0,6.0,14.88,83.5,0.0,14.1,14.5
475.756,90,123.0,1264.0,49.0,6.0,14.88,83.5,0.0,14.1,14.5
475.816,90,123.0,1270.0,49.0,6.0,14.88,83.5,0.0,14.1,14.5
475.906,90,123.0,1270.0,49.0,6.0,14.88,83.5,0.0,14.1,14.5
475.967,90,123.0,1270.0,49.0,6.0,14.88,83.5,0.0,14.1,14.5
476.056,90,123.0,1270.0,49.0,6.0,15.69,83.5,0.0,14.1,14.5
476.117,90,123.0,1270.0,49.0,6.0,15.69,83.5,0.0,14.1,14.5
476.206,90,123.0,1270.0,49.0,6.0,15.69,83.5,0.0,14.1,14.5
476.267,90,123.0,1270.0,49.0,6.0,15.69,83.5,0.0,14.1,14.5
476.356,90,123.0,1270.0,49.0,6.0,15.69,83.5,0.0,14.1,14.1
476.478,90,123.0,1270.0,49.0,6.0,15.69,83.5,0.0,14.1,14.1
476.566,90,125.0,1270.0,49.0,6.0,15.69,83.5,0.0,14.1,14.1
476.656,90,125.0,1269.0,49.0,6.0,15.69,83.5,0.0,14.1,14.1
476.718,90,125.0,1269.0,49.0,6.0,15.69,83.5,0.0,14.1,14.1
476.806,90,125.0,1269.0,49.0,6.0,15.69,83.5,0.0,14.1,14.1
476.866,90,125.0,1269.0,49.0,6.0,16.08,83.5,0.0,14.1,14.1
476.956,90,125.0,1269.0,49.0,6.0,16.08,83.5,0.0,14.1,14.1
477.017,90,125.0,1269.0,49.0,6.0,16.08,83.5,0.0,14.1,14.1
477.106,90,125.0,1269.0,49.0,6.0,16.08,83.5,0.0,14.1,14.1
477.169,90,125.0,1269.0,49.0,6.0,16.08,83.5,0.0,14.1,14.5
477.256,90,125.0,1269.0,49.0,6.0,16.08,83.5,0.0,14.1,14.5
477.318,90,125.0,1269.0,49.0,6.0,16.08,83.5,0.0,14.1,14.5
477.406,90,125.0,1268.0,49.0,6.0,16.08,83.5,0.0,14.1,14.5
477.469,90,125.0,1268.0,49.0,6.0,16.08,83.5,0.0,14.1,14.5
477.557,90,125.0,1268.0,49.0,6.0,16.08,83.5,0.0,14.1,14.5
477.618,90,125.0,1268.0,49.0,6.0,16.27,83.5,0.0,14.1,14.5
477.706,90,125.0,1268.0,49.0,6.0,16.27,83.5,0.0,14.1,14.5
477.767,90,125.0,1268.0,49.0,6.0,16.27,83.5,0.0,14.1,14.5
477.856,90,125.0,1268.0,49.0,6.0,16.27,83.5,0.0,14.1,14.5
477.917,90,125.0,1268.0,49.0,6.0,16.27,83.5,0.0,14.1,14.5
478.006,90,125.0,1268.0,49.0,6.0,16.27,83.5,0.0,14.1,14.5
478.068,90,126.0,1268.0,49.0,6.0,16.27,83.5,0.0,14.1,14.5
478.157,90,126.0,1258.0,49.0,6.0,16.27,83.5,0.0,14.1,14.5
478.218,90,126.0,1258.0,49.0,6.0,16.27,83.5,0.0,14.1,14.5
478.306,90,126.0,1258.0,49.0,7.0,16.27,83.5,0.0,14.1,14.5
478.368,90,126.0,1258.0,49.0,7.0,18.19,83.5,0.0,14.1,14.5
478.457,90,126.0,1258.0,49.0,7.0,18.19,83.5,0.0,14.1,14.5
478.518,90,126.0,1258.0,49.0,7.0,18.19,83.5,0.0,14.1,14.5
478.606,90,126.0,1258.0,49.0,7.0,18.19,83.5,0.0,14.1,14.5
478.668,90,126.0,1258.0,49.0,7.0,18.19,83.5,0.0,14.1,14.5
478.757,90,126.0,1258.0,49.0,7.0,18.19,83.5,0.0,14.1,14.5
478.818,90,129.0,1258.0,49.0,7.0,18.19,83.5,0.0,14.1,14.5
478.936,90,129.0,1264.0,49.0,7.0,18.19,83.5,0.0,14.1,14.5
479.026,90,129.0,1264.0,49.0,7.0,18.19,83.5,0.0,14.1,14.5
479.116,90,129.0,1264.0,49.0,7.0,18.19,83.5,0.0,14.1,14.5
479.236,90,129.0,1264.0,49.0,7.0,19.08,83.5,0.0,14.1,14.5
479.326,90,129.0,1264.0,49.0,7.0,19.08,83.5,0.0,14.1,14.5
479.416,90,129.0,1264.0,49.0,7.0,19.08,83.5,0.0,14.1,14.5
479.506,90,129.0,1264.0,49.0,7.0,19.08,83.5,0.0,14.1,14.5
479.567,90,129.0,1264.0,49.0,7.0,19.08,83.5,0.0,14.1,14.5
479.656,90,129.0,1264.0,49.0,7.0,19.08,83.5,0.0,14.1,14.5
479.719,90,124.0,1264.0,49.0,7.0,19.08,83.5,0.0,14.1,14.5
479.806,90,124.0,1229.0,49.0,7.0,19.08,83.5,0.0,14.1,14.5
479.867,90,124.0,1229.0,48.0,7.0,19.08,83.5,0.0,14.1,14.5
479.956,90,124.0,1229.0,48.0,7.0,19.08,83.5,0.0,14.1,14.5
480.017,90,124.0,1229.0,48.0,7.0,19.74,83.5,0.0,14.1,14.5
480.106,90,124.0,1229.0,48.0,7.0,19.74,31.0,0.0,14.1,14.5
480.167,90,124.0,1229.0,48.0,7.0,19.74,31.0,0.0,14.1,14.5
480.256,90,124.0,1229.0,48.0,7.0,19.74,31.0,0.0,14.1,14.5
480.317,90,124.0,1229.0,48.0,7.0,19.74,31.0,0.0,14.1,14.5
480.406,90,124.0,1229.0,48.0,7.0,19.74,31.0,0.0,14.1,14.5
480.468,90,106.0,1229.0,48.0,7.0,19.74,31.0,0.0,14.1,14.5
480.557,90,106.0,927.0,48.0,7.0,19.74,31.0,0.0,14.1,14.5
480.619,90,106.0,927.0,46.0,7.0,19.74,31.0,0.0,14.1,14.5
480.706,90,106.0,927.0,46.0,7.0,19.74,31.0,0.0,14.1,14.5
480.769,90,106.0,927.0,46.0,7.0,7.86,31.0,0.0,14.1,14.5
480.856,90,106.0,927.0,46.0,7.0,7.86,83.5,0.0,14.1,14.5
480.917,90,106.0,927.0,46.0,7.0,7.86,83.5,0.0,14.1,14.5
481.006,90,106.0,927.0,46.0,7.0,7.86,83.5,0.0,15.7,14.5
481.07,90,106.0,927.0,46.0,7.0,7.86,83.5,0.0,15.7,16.9
481.157,90,106.0,927.0,46.0,7.0,7.86,83.5,0.0,15.7,16.9
481.218,90,105.0,927.0,46.0,7.0,7.86,83.5,0.0,15.7,16.9
481.306,90,105.0,960.0,46.0,7.0,7.86,83.5,0.0,15.7,16.9
481.368,90,105.0,960.0,44.0,7.0,7.86,83.5,0.0,15.7,16.9
481.517,90,105.0,960.0,44.0,5.0,7.86,83.5,0.0,15.7,16.9
481.607,90,105.0,960.0,44.0,5.0,8.86,83.5,0.0,15.7,16.9
481.669,90,105.0,960.0,44.0,5.0,8.86,83.5,0.0,15.7,16.9
481.757,90,105.0,960.0,44.0,5.0,8.86,83.5,0.0,15.7,16.9
481.817,90,105.0,960.0,44.0,5.0,8.86,83.5,0.0,18.8,16.9
481.906,90,105.0,960.0,44.0,5.0,8.86,83.5,0.0,18.8,18.4
481.967,90,105.0,960.0,44.0,5.0,8.86,83.5,0.0,18.8,18.4
482.056,90,104.0,960.0,44.0,5.0,8.86,83.5,0.0,18.8,18.4
482.119,90,104.0,1118.0,44.0,5.0,8.86,83.5,0.0,18.8,18.4
482.207,90,104.0,1118.0,42.0,5.0,8.86,83.5,0.0,18.8,18.4
482.326,90,104.0,1118.0,42.0,2.0,8.86,83.5,0.0,18.8,18.4
482.419,90,104.0,1118.0,42.0,2.0,13.77,83.5,0.0,18.8,18.4
482.506,90,104.0,1118.0,42.0,2.0,13.77,83.5,0.0,18.8,18.4
482.568,90,104.0,1118.0,42.0,2.0,13.77,83.5,0.0,18.8,18.4
482.657,90,104.0,1118.0,42.0,2.0,13.77,83.5,0.0,14.1,18.4
482.72,90,104.0,1118.0,42.0,2.0,13.77,83.5,0.0,14.1,14.5
482.841,90,104.0,1118.0,42.0,2.0,13.77,83.5,0.0,14.1,14.5
482.926,90,107.0,1118.0,42.0,2.0,13.77,83.5,0.0,14.1,14.5
483.016,90,107.0,1469.0,42.0,2.0,13.77,83.5,0.0,14.1,14.5
483.107,90,107.0,1469.0,39.0,2.0,13.77,83.5,0.0,14.1,14.5
483.167,90,107.0,1469.0,39.0,4.0,13.77,83.5,0.0,14.1,14.5
483.256,90,107.0,1469.0,39.0,4.0,25.22,83.5,0.0,14.1,14.5
483.318,90,107.0,1469.0,39.0,4.0,25.22,83.5,0.0,14.1,14.5
483.406,90,107.0,1469.0,39.0,4.0,25.22,83.5,0.0,14.1,14.5
483.498,90,107.0,1469.0,39.0,4.0,25.22,83.5,0.0,14.1,14.5
483.56,90,107.0,1469.0,39.0,4.0,25.22,83.5,0.0,14.1,14.5
483.62,90,107.0,1469.0,39.0,4.0,25.22,83.5,0.0,14.1,14.5
483.707,90,112.0,1469.0,39.0,4.0,25.22,83.5,0.0,14.1,14.5
483.77,90,112.0,1405.0,39.0,4.0,25.22,83.5,0.0,14.1,14.5
483.855,90,112.0,1405.0,38.0,4.0,25.22,83.5,0.0,14.1,14.5
483.977,90,112.0,1405.0,38.0,8.0,25.22,83.5,0.0,14.1,14.5
484.066,90,112.0,1405.0,38.0,8.0,24.41,83.5,0.0,14.1,14.5
484.157,90,112.0,1405.0,38.0,8.0,24.41,83.5,0.0,14.1,14.5
484.22,90,112.0,1405.0,38.0,8.0,24.41,83.5,0.0,14.1,14.5
484.306,90,112.0,1405.0,38.0,8.0,24.41,83.5,0.0,16.9,14.5
484.369,90,112.0,1405.0,38.0,8.0,24.41,83.5,0.0,16.9,14.5
484.457,90,112.0,1405.0,38.0,8.0,24.41,83.5,0.0,16.9,14.5
484.519,90,110.0,1405.0,38.0,8.0,24.41,83.5,0.0,16.9,14.5
484.607,90,110.0,1348.0,38.0,8.0,24.41,83.5,0.0,16.9,14.5
484.669,90,110.0,1348.0,36.0,8.0,24.41,83.5,0.0,16.9,14.5
484.757,90,110.0,1348.0,36.0,9.0,24.41,83.5,0.0,16.9,14.5
484.817,90,110.0,1348.0,36.0,9.0,10.8,83.5,0.0,16.9,14.5
484.905,90,110.0,1348.0,36.0,9.0,10.8,83.5,0.0,16.9,14.5
484.967,90,110.0,1348.0,36.0,9.0,10.8,83.5,0.0,16.9,14.5
485.057,90,110.0,1348.0,36.0,9.0,10.8,83.5,0.0,20.8,14.5
485.118,90,110.0,1348.0,36.0,9.0,10.8,83.5,0.0,20.8,22.0
485.206,90,110.0,1348.0,36.0,9.0,10.8,83.5,0.0,20.8,22.0
485.267,90,110.0,1348.0,36.0,9.0,10.8,83.5,0.0,20.8,22.0
485.357,90,110.0,1325.0,36.0,9.0,10.8,83.5,0.0,20.8,22.0
485.421,90,110.0,1325.0,35.0,9.0,10.8,83.5,0.0,20.8,22.0
485.507,90,110.0,1325.0,35.0,5.0,10.8,83.5,0.0,20.8,22.0
485.569,90,110.0,1325.0,35.0,5.0,12.08,83.5,0.0,20.8,22.0
485.657,90,110.0,1325.0,35.0,5.0,12.08,83.5,0.0,20.8,22.0
485.724,90,110.0,1325.0,35.0,5.0,12.08,83.5,0.0,20.8,22.0
485.806,90,110.0,1325.0,35.0,5.0,12.08,83.5,0.0,38.0,22.0
485.867,90,110.0,1325.0,35.0,5.0,12.08,83.5,0.0,38.0,39.6
485.957,90,110.0,1325.0,35.0,5.0,12.08,83.5,0.0,38.0,39.6
486.02,90,112.0,1325.0,35.0,5.0,12.08,83.5,0.0,38.0,39.6
486.109,90,112.0,1345.0,35.0,5.0,12.08,83.5,0.0,38.0,39.6
486.168,90,112.0,1345.0,36.0,5.0,12.08,83.5,0.0,38.0,39.6
486.277,90,112.0,1345.0,36.0,5.0,12.08,83.5,0.0,38.0,39.6
486.375,90,112.0,1345.0,36.0,5.0,19.66,83.5,0.0,38.0,39.6
486.496,90,112.0,1345.0,36.0,5.0,19.66,83.5,0.0,38.0,39.6
486.558,90,112.0,1345.0,36.0,5.0,19.66,83.5,0.0,38.0,39.6
486.618,90,112.0,1345.0,36.0,5.0,19.66,83.5,0.0,45.1,39.6
486.706,90,112.0,1345.0,36.0,5.0,19.66,83.5,0.0,45.1,46.3
486.768,90,112.0,1345.0,36.0,5.0,19.66,83.5,0.0,45.1,46.3
486.856,90,127.0,1345.0,36.0,5.0,19.66,83.5,0.0,45.1,46.3
486.917,90,127.0,1402.0,36.0,5.0,19.66,83.5,0.0,45.1,46.3
487.006,90,127.0,1402.0,37.0,5.0,19.66,83.5,0.0,45.1,46.3
487.068,90,127.0,1402.0,37.0,7.0,19.66,83.5,0.0,45.1,46.3
487.159,90,127.0,1402.0,37.0,7.0,25.86,83.5,0.0,45.1,46.3
487.217,90,127.0,1402.0,37.0,7.0,25.86,83.5,0.0,45.1,46.3
487.307,90,127.0,1402.0,37.0,7.0,25.86,83.5,0.0,45.1,46.3
487.397,90,127.0,1402.0,37.0,7.0,25.86,83.5,0.0,47.5,46.3
487.458,90,127.0,1402.0,37.0,7.0,25.86,83.5,0.0,47.5,48.2
487.519,90,127.0,1402.0,37.0,7.0,25.86,83.5,0.0,47.5,48.2
487.607,90,150.0,1402.0,37.0,7.0,25.86,83.5,0.0,47.5,48.2
487.668,90,150.0,1502.0,37.0,7.0,25.86,83.5,0.0,47.5,48.2
487.765,90,150.0,1502.0,40.0,7.0,25.86,83.5,0.0,47.5,48.2
487.817,90,150.0,1502.0,40.0,9.0,25.86,83.5,0.0,47.5,48.2
487.907,90,150.0,1502.0,40.0,9.0,31.47,83.5,0.0,47.5,48.2
487.967,90,150.0,1502.0,40.0,9.0,31.47,83.5,0.0,47.5,48.2
488.057,90,150.0,1502.0,40.0,9.0,31.47,83.5,0.0,47.5,48.2
488.146,90,150.0,1502.0,40.0,9.0,31.47,83.5,0.0,47.8,48.2
488.208,90,150.0,1502.0,40.0,9.0,31.47,83.5,0.0,47.8,48.2
488.298,90,150.0,1502.0,40.0,9.0,31.47,83.5,0.0,47.8,48.2
488.359,90,172.0,1502.0,40.0,9.0,31.47,83.5,0.0,47.8,48.2
488.447,90,172.0,1605.0,40.0,9.0,31.47,83.5,0.0,47.8,48.2
488.509,90,172.0,1605.0,43.0,9.0,31.47,83.5,0.0,47.8,48.2
488.598,90,172.0,1605.0,43.0,9.0,31.47,83.5,0.0,47.8,48.2
488.659,90,172.0,1605.0,43.0,9.0,34.58,83.5,0.0,47.8,48.2
488.747,90,172.0,1605.0,43.0,9.0,34.58,83.5,0.0,47.8,48.2
488.837,90,172.0,1605.0,43.0,9.0,34.58,83.5,0.0,47.8,48.2
488.926,90,172.0,1605.0,43.0,9.0,34.58,83.5,0.0,47.8,48.2
489.019,90,172.0,1605.0,43.0,9.0,34.58,83.5,0.0,47.8,48.6
489.107,90,172.0,1605.0,43.0,9.0,34.58,83.5,0.0,47.8,48.6
489.198,90,180.0,1605.0,43.0,9.0,34.58,83.5,0.0,47.8,48.6
489.26,90,180.0,1722.0,43.0,9.0,34.58,83.5,0.0,47.8,48.6
489.347,90,180.0,1722.0,46.0,9.0,34.58,83.5,0.0,47.8,48.6
489.408,90,180.0,1722.0,46.0,9.0,34.58,83.5,0.0,47.8,48.6
489.498,90,180.0,1722.0,46.0,9.0,51.3,83.5,0.0,47.8,48.6
489.56,90,180.0,1722.0,46.0,9.0,51.3,83.5,0.0,47.8,48.6
489.647,90,180.0,1722.0,46.0,9.0,51.3,83.5,0.0,47.8,48.6
489.708,90,180.0,1722.0,46.0,9.0,51.3,83.5,0.0,14.1,48.6
489.796,90,180.0,1722.0,46.0,9.0,51.3,83.5,0.0,14.1,14.5
489.857,90,180.0,1722.0,46.0,9.0,51.3,83.5,0.0,14.1,14.5
489.946,90,126.0,1722.0,46.0,9.0,51.3,83.5,0.0,14.1,14.5
490.007,90,126.0,1718.0,46.0,9.0,51.3,83.5,0.0,14.1,14.5
490.098,90,126.0,1718.0,46.0,9.0,51.3,83.5,0.0,14.1,14.5
490.16,90,126.0,1718.0,46.0,10.0,51.3,83.5,0.0,14.1,14.5
490.251,90,126.0,1718.0,46.0,10.0,27.8,83.5,0.0,14.1,14.5
490.308,90,126.0,1718.0,46.0,10.0,27.8,31.0,0.0,14.1,14.5
490.397,90,126.0,1718.0,46.0,10.0,27.8,31.0,0.0,14.1,14.5
490.459,90,126.0,1718.0,46.0,10.0,27.8,31.0,0.0,14.1,14.5
490.549,90,126.0,1718.0,46.0,10.0,27.8,31.0,0.0,14.1,14.5
490.619,90,126.0,1718.0,46.0,10.0,27.8,31.0,0.0,14.1,14.5
490.697,90,115.0,1718.0,46.0,10.0,27.8,31.0,0.0,14.1,14.5
490.76,90,115.0,1633.0,46.0,10.0,27.8,31.0,0.0,14.1,14.5
490.846,90,115.0,1633.0,44.0,10.0,27.8,31.0,0.0,14.1,14.5
490.907,90,115.0,1633.0,44.0,8.0,27.8,31.0,0.0,14.1,14.5
490.996,90,115.0,1633.0,44.0,8.0,27.41,31.0,0.0,14.1,14.5
491.057,90,115.0,1633.0,44.0,8.0,27.41,83.5,0.0,14.1,14.5
491.147,90,115.0,1633.0,44.0,8.0,27.41,83.5,0.0,14.1,14.5
491.207,90,115.0,1633.0,44.0,8.0,27.41,83.5,0.0,14.1,14.5
491.297,90,115.0,1633.0,44.0,8.0,27.41,83.5,0.0,14.1,14.5
491.359,90,115.0,1633.0,44.0,8.0,27.41,83.5,0.0,14.1,14.5
491.481,90,119.0,1633.0,44.0,8.0,27.41,83.5,0.0,14.1,14.5
491.566,90,119.0,1552.0,44.0,8.0,27.41,83.5,0.0,14.1,14.5
491.657,90,119.0,1552.0,41.0,8.0,27.41,83.5,0.0,14.1,14.5
491.746,90,119.0,1552.0,41.0,8.0,27.41,83.5,0.0,14.1,14.5
491.807,90,119.0,1552.0,41.0,8.0,28.02,83.5,0.0,14.1,14.5
491.896,90,119.0,1552.0,41.0,8.0,28.02,83.5,0.0,14.1,14.5
491.958,90,119.0,1552.0,41.0,8.0,28.02,83.5,0.0,14.1,14.5
492.046,90,119.0,1552.0,41.0,8.0,28.02,83.5,0.0,14.1,14.5
492.107,90,119.0,1552.0,41.0,8.0,28.02,83.5,0.0,14.1,14.5
492.197,90,119.0,1552.0,41.0,8.0,28.02,83.5,0.0,14.1,14.5
492.258,90,118.0,1552.0,41.0,8.0,28.02,83.5,0.0,14.1,14.5
492.347,90,118.0,1479.0,41.0,8.0,28.02,83.5,0.0,14.1,14.5
492.438,90,118.0,1479.0,40.0,8.0,28.02,83.5,0.0,14.1,14.5
492.497,90,118.0,1479.0,40.0,8.0,28.02,83.5,0.0,14.1,14.5
492.558,90,118.0,1479.0,40.0,8.0,26.44,83.5,0.0,14.1,14.5
492.648,90,118.0,1479.0,40.0,8.0,26.44,83.5,0.0,14.1,14.5
492.71,90,118.0,1479.0,40.0,8.0,26.44,83.5,0.0,14.1,14.5
492.796,90,118.0,1479.0,40.0,8.0,26.44,83.5,0.0,14.1,14.5
492.858,90,118.0,1479.0,40.0,8.0,26.44,83.5,0.0,14.1,14.5
492.947,90,118.0,1479.0,40.0,8.0,26.44,83.5,0.0,14.1,14.5
493.007,90,116.0,1479.0,40.0,8.0,26.44,83.5,0.0,14.1,14.5
493.097,90,116.0,1419.0,40.0,8.0,26.44,83.5,0.0,14.1,14.5
493.158,90,116.0,1419.0,38.0,8.0,26.44,83.5,0.0,14.1,14.5
493.246,90,116.0,1419.0,38.0,8.0,26.44,83.5,0.0,14.1,14.5
493.306,90,116.0,1419.0,38.0,8.0,25.3,83.5,0.0,14.1,14.5
493.396,90,116.0,1419.0,38.0,8.0,25.3,83.5,0.0,14.1,14.5
493.459,90,116.0,1419.0,38.0,8.0,25.3,83.5,0.0,14.1,14.5
493.546,90,116.0,1419.0,38.0,8.0,25.3,83.5,0.0,14.1,14.5
493.606,90,116.0,1419.0,38.0,8.0,25.3,83.5,0.0,14.1,14.5
493.696,90,116.0,1419.0,38.0,8.0,25.3,83.5,0.0,14.1,14.5
493.758,90,114.0,1419.0,38.0,8.0,25.3,83.5,0.0,14.1,14.5
493.845,90,114.0,1356.0,38.0,8.0,25.3,83.5,0.0,14.1,14.5
493.907,90,114.0,1356.0,36.0,8.0,25.3,83.5,0.0,14.1,14.5
493.996,90,114.0,1356.0,36.0,7.0,25.3,83.5,0.0,14.1,14.5
494.063,90,114.0,1356.0,36.0,7.0,23.61,83.5,0.0,14.1,14.5
494.146,90,114.0,1356.0,36.0,7.0,23.61,83.5,0.0,14.1,14.5
494.207,90,114.0,1356.0,36.0,7.0,23.61,83.5,0.0,14.1,14.5
494.297,90,114.0,1356.0,36.0,7.0,23.61,83.5,0.0,14.1,14.5
494.359,90,114.0,1356.0,36.0,7.0,23.61,83.5,0.0,14.1,14.5
494.447,90,114.0,1356.0,36.0,7.0,23.61,83.5,0.0,14.1,14.5
494.507,90,112.0,1356.0,36.0,7.0,23.61,83.5,0.0,14.1,14.5
494.598,90,112.0,1206.0,36.0,7.0,23.61,83.5,0.0,14.1,14.5
494.657,90,112.0,1206.0,34.0,7.0,23.61,83.5,0.0,14.1,14.5
494.745,90,112.0,1206.0,34.0,7.0,23.61,83.5,0.0,14.1,14.5
494.806,90,112.0,1206.0,34.0,7.0,17.22,83.5,0.0,14.1,14.5
494.895,90,112.0,1206.0,34.0,7.0,17.22,83.5,0.0,14.1,14.5
494.956,90,112.0,1206.0,34.0,7.0,17.22,83.5,0.0,14.1,14.5
495.045,90,112.0,1206.0,34.0,7.0,17.22,83.5,0.0,14.1,14.5
495.106,90,112.0,1206.0,34.0,7.0,17.22,83.5,0.0,14.1,14.5
495.196,90,112.0,1206.0,34.0,7.0,17.22,83.5,0.0,14.1,14.5
495.256,90,107.0,1206.0,34.0,7.0,17.22,83.5,0.0,14.1,14.5
495.345,90,107.0,873.0,34.0,7.0,17.22,83.5,0.0,14.1,14.5
495.436,90,107.0,873.0,31.0,7.0,17.22,83.5,0.0,14.1,14.5
495.525,90,107.0,873.0,31.0,6.0,17.22,83.5,0.0,14.1,14.5
495.616,90,107.0,873.0,31.0,6.0,7.3,83.5,0.0,14.1,14.5
495.706,90,107.0,873.0,31.0,6.0,7.3,83.5,0.0,14.1,14.5
495.795,90,107.0,873.0,31.0,6.0,7.3,83.5,0.0,14.1,14.5
495.856,90,107.0,873.0,31.0,6.0,7.3,83.5,0.0,14.1,14.5
495.945,90,107.0,873.0,31.0,6.0,7.3,83.5,0.0,14.1,14.5
496.006,90,107.0,873.0,31.0,6.0,7.3,83.5,0.0,14.1,14.5
496.095,90,105.0,873.0,31.0,6.0,7.3,83.5,0.0,14.1,14.5
496.161,90,105.0,885.0,31.0,6.0,7.3,83.5,0.0,14.1,14.5
496.247,90,105.0,885.0,26.0,6.0,7.3,83.5,0.0,14.1,14.5
496.307,90,105.0,885.0,26.0,-1.0,7.3,83.5,0.0,14.1,14.5
496.398,90,105.0,885.0,26.0,-1.0,8.36,83.5,0.0,14.1,14.5
496.458,90,105.0,885.0,26.0,-1.0,8.36,83.5,0.0,14.1,14.5
496.546,90,105.0,885.0,26.0,-1.0,8.36,83.5,0.0,14.1,14.5
496.607,90,105.0,885.0,26.0,-1.0,8.36,83.5,0.0,14.1,14.5
496.697,90,105.0,885.0,26.0,-1.0,8.36,83.5,0.0,14.1,14.5
496.758,90,105.0,885.0,26.0,-1.0,8.36,83.5,0.0,14.1,14.5
496.845,90,103.0,885.0,26.0,-1.0,8.36,83.5,0.0,14.1,14.5
496.906,90,103.0,892.0,26.0,-1.0,8.36,83.5,0.0,14.1,14.5
496.996,90,103.0,892.0,20.0,-1.0,8.36,83.5,0.0,14.1,14.5
497.057,90,103.0,892.0,20.0,0.0,8.36,83.5,0.0,14.1,14.5
497.146,90,103.0,892.0,20.0,0.0,8.19,83.5,0.0,14.1,14.5
497.21,90,103.0,892.0,20.0,0.0,8.19,83.5,0.0,14.1,14.5
497.298,90,103.0,892.0,20.0,0.0,8.19,83.5,0.0,14.1,14.5
497.359,90,103.0,892.0,20.0,0.0,8.19,83.5,0.0,14.1,14.5
497.446,90,103.0,892.0,20.0,0.0,8.19,83.5,0.0,14.1,14.5
497.509,90,103.0,892.0,20.0,0.0,8.19,83.5,0.0,14.1,14.5
497.597,90,103.0,892.0,20.0,0.0,8.19,83.5,0.0,14.1,14.5
497.66,90,103.0,895.0,20.0,0.0,8.19,83.5,0.0,14.1,14.5
497.747,90,103.0,895.0,16.0,0.0,8.19,83.5,0.0,14.1,14.5
497.807,90,103.0,895.0,16.0,0.0,8.19,83.5,0.0,14.1,14.5
497.896,90,103.0,895.0,16.0,0.0,8.08,83.5,0.0,14.1,14.5
497.957,90,103.0,895.0,16.0,0.0,8.08,83.5,0.0,14.1,14.5
498.047,90,103.0,895.0,16.0,0.0,8.08,83.5,0.0,14.1,14.5
498.108,90,103.0,895.0,16.0,0.0,8.08,83.5,0.0,14.1,14.5
498.198,90,103.0,895.0,16.0,0.0,8.08,83.5,0.0,14.1,14.5
498.259,90,103.0,895.0,16.0,0.0,8.08,83.5,0.0,14.1,14.5
498.346,90,103.0,895.0,16.0,0.0,8.08,83.5,0.0,14.1,14.5
498.408,90,103.0,897.0,16.0,0.0,8.08,83.5,0.0,14.1,14.5
498.497,90,103.0,897.0,11.0,0.0,8.08,83.5,0.0,14.1,14.5
498.56,90,103.0,897.0,11.0,0.0,8.08,83.5,0.0,14.1,14.5
498.647,90,103.0,897.0,11.0,0.0,8.05,83.5,0.0,14.1,14.5
498.709,90,103.0,897.0,11.0,0.0,8.05,83.5,0.0,14.1,14.5
498.796,90,103.0,897.0,11.0,0.0,8.05,83.5,0.0,14.1,14.5
498.857,90,103.0,897.0,11.0,0.0,8.05,83.5,0.0,16.5,14.5
498.947,90,103.0,897.0,11.0,0.0,8.05,83.5,0.0,16.5,19.6
499.008,90,103.0,897.0,11.0,0.0,8.05,83.5,0.0,16.5,19.6
499.097,90,102.0,897.0,11.0,0.0,8.05,83.5,0.0,16.5,19.6
499.159,90,102.0,1098.0,11.0,0.0,8.05,83.5,0.0,16.5,19.6
499.247,90,102.0,1098.0,11.0,0.0,8.05,83.5,0.0,16.5,19.6
499.308,90,102.0,1098.0,11.0,1.0,8.05,83.5,0.0,16.5,19.6
499.397,90,102.0,1098.0,11.0,1.0,9.86,83.5,0.0,16.5,19.6
499.458,90,102.0,1098.0,11.0,1.0,9.86,83.5,0.0,16.5,19.6
499.546,90,102.0,1098.0,11.0,1.0,9.86,83.5,0.0,16.5,19.6
499.609,90,102.0,1098.0,11.0,1.0,9.86,83.5,0.0,25.5,19.6
499.698,90,102.0,1098.0,11.0,1.0,9.86,83.5,0.0,25.5,25.5
499.759,90,102.0,1098.0,11.0,1.0,9.86,83.5,0.0,25.5,25.5
499.876,90,103.0,1098.0,11.0,1.0,9.86,83.5,0.0,25.5,25.5
499.937,90,103.0,952.0,11.0,1.0,9.86,83.5,0.0,25.5,25.5
499.998,90,103.0,952.0,12.0,1.0,9.86,83.5,0.0,25.5,25.5
500.059,90,103.0,952.0,12.0,1.0,9.86,83.5,0.0,25.5,25.5
500.146,90,103.0,952.0,12.0,1.0,9.49,83.5,0.0,25.5,25.5
500.237,90,103.0,952.0,12.0,1.0,9.49,83.5,0.0,25.5,25.5
500.297,90,103.0,952.0,12.0,1.0,9.49,83.5,0.0,25.5,25.5
500.356,90,103.0,952.0,12.0,1.0,9.49,83.5,0.0,26.7,25.5
500.446,90,103.0,952.0,12.0,1.0,9.49,83.5,0.0,26.7,27.1
500.508,90,103.0,952.0,12.0,1.0,9.49,83.5,0.0,26.7,27.1
500.598,90,106.0,952.0,12.0,1.0,9.49,83.5,0.0,26.7,27.1
500.659,90,106.0,912.0,12.0,1.0,9.49,83.5,0.0,26.7,27.1
500.749,90,106.0,912.0,14.0,1.0,9.49,83.5,0.0,26.7,27.1
500.806,90,106.0,912.0,14.0,3.0,9.49,83.5,0.0,26.7,27.1
500.896,90,106.0,912.0,14.0,3.0,11.74,83.5,0.0,26.7,27.1
500.957,90,106.0,912.0,14.0,3.0,11.74,83.5,0.0,26.7,27.1
501.047,90,106.0,912.0,14.0,3.0,11.74,83.5,0.0,26.7,27.1
501.108,90,106.0,912.0,14.0,3.0,11.74,83.5,0.0,31.0,27.1
501.197,90,106.0,912.0,14.0,3.0,11.74,83.5,0.0,31.0,31.4
501.258,90,106.0,912.0,14.0,3.0,11.74,83.5,0.0,31.0,31.4
501.347,90,108.0,912.0,14.0,3.0,11.74,83.5,0.0,31.0,31.4
501.409,90,108.0,996.0,14.0,3.0,11.74,83.5,0.0,31.0,31.4
501.498,90,108.0,996.0,17.0,3.0,11.74,83.5,0.0,31.0,31.4
501.558,90,108.0,996.0,17.0,4.0,11.74,83.5,0.0,31.0,31.4
501.647,90,108.0,996.0,17.0,4.0,12.99,83.5,0.0,31.0,31.4
501.708,90,108.0,996.0,17.0,4.0,12.99,83.5,0.0,31.0,31.4
501.796,90,108.0,996.0,17.0,4.0,12.99,83.5,0.0,31.0,31.4
501.857,90,108.0,996.0,17.0,4.0,12.99,83.5,0.0,32.5,31.4
501.946,90,108.0,996.0,17.0,4.0,12.99,83.5,0.0,32.5,33.3
502.007,90,108.0,996.0,17.0,4.0,12.99,83.5,0.0,32.5,33.3
502.102,90,110.0,996.0,17.0,4.0,12.99,83.5,0.0,32.5,33.3
502.159,90,110.0,1149.0,17.0,4.0,12.99,83.5,0.0,32.5,33.3
502.247,90,110.0,1149.0,19.0,4.0,12.99,83.5,0.0,32.5,33.3
502.308,90,110.0,1149.0,19.0,6.0,12.99,83.5,0.0,32.5,33.3
502.397,90,110.0,1149.0,19.0,6.0,12.97,83.5,0.0,32.5,33.3
502.458,90,110.0,1149.0,19.0,6.0,12.97,83.5,0.0,32.5,33.3
502.546,90,110.0,1149.0,19.0,6.0,12.97,83.5,0.0,32.5,33.3
502.608,90,110.0,1149.0,19.0,6.0,12.97,83.5,0.0,29.8,33.3
502.697,90,110.0,1149.0,19.0,6.0,12.97,83.5,0.0,29.8,29.0
502.762,90,110.0,1149.0,19.0,6.0,12.97,83.5,0.0,29.8,29.0
502.846,90,113.0,1149.0,19.0,6.0,12.97,83.5,0.0,29.8,29.0
502.906,90,113.0,1255.0,19.0,6.0,12.97,83.5,0.0,29.8,29.0
502.996,90,113.0,1255.0,22.0,6.0,12.97,83.5,0.0,29.8,29.0
503.064,90,113.0,1255.0,22.0,6.0,12.97,83.5,0.0,29.8,29.0
503.146,90,113.0,1255.0,22.0,6.0,11.24,83.5,0.0,29.8,29.0
503.208,90,113.0,1255.0,22.0,6.0,11.24,83.5,0.0,29.8,29.0
503.297,90,113.0,1255.0,22.0,6.0,11.24,83.5,0.0,29.8,29.0
503.387,90,113.0,1255.0,22.0,6.0,11.24,83.5,0.0,23.9,29.0
503.477,90,113.0,1255.0,22.0,6.0,11.24,83.5,0.0,23.9,22.4
503.567,90,113.0,1255.0,22.0,6.0,11.24,83.5,0.0,23.9,22.4
503.656,90,105.0,1255.0,22.0,6.0,11.24,83.5,0.0,23.9,22.4
503.746,90,105.0,1283.0,22.0,6.0,11.24,83.5,0.0,23.9,22.4
503.835,90,105.0,1283.0,22.0,6.0,11.24,83.5,0.0,23.9,22.4
503.926,90,105.0,1283.0,22.0,5.0,11.24,83.5,0.0,23.9,22.4
504.017,90,105.0,1283.0,22.0,5.0,11.22,83.5,0.0,23.9,22.4
504.107,90,105.0,1283.0,22.0,5.0,11.22,83.5,0.0,23.9,22.4
504.198,90,105.0,1283.0,22.0,5.0,11.22,83.5,0.0,23.9,22.4
504.286,90,105.0,1283.0,22.0,5.0,11.22,83.5,0.0,18.4,22.4
504.376,90,105.0,1283.0,22.0,5.0,11.22,83.5,0.0,18.4,18.4
504.465,90,105.0,1283.0,22.0,5.0,11.22,83.5,0.0,18.4,18.4
504.555,90,104.0,1283.0,22.0,5.0,11.22,83.5,0.0,18.4,18.4
504.646,90,104.0,1149.0,22.0,5.0,11.22,83.5,0.0,18.4,18.4
504.736,90,104.0,1149.0,20.0,5.0,11.22,83.5,0.0,18.4,18.4
504.827,90,104.0,1149.0,20.0,5.0,11.22,83.5,0.0,18.4,18.4
504.946,90,104.0,1149.0,20.0,5.0,12.83,83.5,0.0,18.4,18.4
505.037,90,104.0,1149.0,20.0,5.0,12.83,83.5,0.0,18.4,18.4
505.126,90,104.0,1149.0,20.0,5.0,12.83,83.5,0.0,18.4,18.4
505.218,90,104.0,1149.0,20.0,5.0,12.83,83.5,0.0,21.2,18.4
505.306,90,104.0,1149.0,20.0,5.0,12.83,83.5,0.0,21.2,20.8
505.396,90,104.0,1149.0,20.0,5.0,12.83,83.5,0.0,21.2,20.8
505.489,90,107.0,1149.0,20.0,5.0,12.83,83.5,0.0,21.2,20.8
505.577,90,107.0,1063.0,20.0,5.0,12.83,83.5,0.0,21.2,20.8
505.666,90,107.0,1063.0,18.0,5.0,12.83,83.5,0.0,21.2,20.8
505.756,90,107.0,1063.0,18.0,6.0,12.83,83.5,0.0,21.2,20.8
505.846,90,107.0,1063.0,18.0,6.0,8.69,83.5,0.0,21.2,20.8
505.966,90,107.0,1063.0,18.0,6.0,8.69,83.5,0.0,21.2,20.8
506.057,90,107.0,1063.0,18.0,6.0,8.69,83.5,0.0,21.2,20.8
506.146,90,107.0,1063.0,18.0,6.0,8.69,83.5,0.0,20.8,20.8
506.237,90,107.0,1063.0,18.0,6.0,8.69,83.5,0.0,20.8,20.8
506.326,90,107.0,1063.0,18.0,6.0,8.69,83.5,0.0,20.8,20.8
506.416,90,106.0,1063.0,18.0,6.0,8.69,83.5,0.0,20.8,20.8
506.506,90,106.0,1008.0,18.0,6.0,8.69,83.5,0.0,20.8,20.8
506.596,90,106.0,1008.0,17.0,6.0,8.69,83.5,0.0,20.8,20.8
506.686,90,106.0,1008.0,17.0,6.0,8.69,83.5,0.0,20.8,20.8
506.776,90,106.0,1008.0,17.0,6.0,8.27,83.5,0.0,20.8,20.8
506.867,90,106.0,1008.0,17.0,6.0,8.27,83.5,0.0,20.8,20.8
506.956,90,106.0,1008.0,17.0,6.0,8.27,83.5,0.0,20.8,20.8
507.046,90,106.0,1008.0,17.0,6.0,8.27,83.5,0.0,14.1,20.8
507.138,90,106.0,1008.0,17.0,6.0,8.27,83.5,0.0,14.1,14.5
507.226,90,106.0,1008.0,17.0,6.0,8.27,83.5,0.0,14.1,14.5
507.316,90,105.0,1008.0,17.0,6.0,8.27,83.5,0.0,14.1,14.5
507.407,90,105.0,949.0,17.0,6.0,8.27,83.5,0.0,14.1,14.5
507.497,90,105.0,949.0,16.0,6.0,8.27,83.5,0.0,14.1,14.5
507.586,90,105.0,949.0,16.0,3.0,8.27,83.5,0.0,14.1,14.5
507.676,90,105.0,949.0,16.0,3.0,8.88,83.5,0.0,14.1,14.5
507.767,90,105.0,949.0,16.0,3.0,8.88,83.5,0.0,14.1,14.5
507.856,90,105.0,949.0,16.0,3.0,8.88,83.5,0.0,14.1,14.5
507.947,90,105.0,949.0,16.0,3.0,8.88,83.5,0.0,14.1,14.5
508.037,90,105.0,949.0,16.0,3.0,8.88,83.5,0.0,14.1,14.5
508.126,90,105.0,949.0,16.0,3.0,8.88,83.5,0.0,14.1,14.5
508.217,90,104.0,949.0,16.0,3.0,8.88,83.5,0.0,14.1,14.5
508.306,90,104.0,896.0,16.0,3.0,8.88,83.5,0.0,14.1,14.5
508.396,90,104.0,896.0,15.0,3.0,8.88,83.5,0.0,14.1,14.5
508.486,90,104.0,896.0,15.0,3.0,8.88,83.5,0.0,14.1,14.5
508.577,90,104.0,896.0,15.0,3.0,8.13,83.5,0.0,14.1,14.5
508.667,90,104.0,896.0,15.0,3.0,8.13,83.5,0.0,14.1,14.5
508.757,90,104.0,896.0,15.0,3.0,8.13,83.5,0.0,14.1,14.5
508.846,90,104.0,896.0,15.0,3.0,8.13,83.5,0.0,21.2,14.5
508.937,90,104.0,896.0,15.0,3.0,8.13,83.5,0.0,21.2,20.8
509.026,90,104.0,896.0,15.0,3.0,8.13,83.5,0.0,21.2,20.8
509.117,90,103.0,896.0,15.0,3.0,8.13,83.5,0.0,21.2,20.8
509.207,90,103.0,899.0,15.0,3.0,8.13,83.5,0.0,21.2,20.8
509.296,90,103.0,899.0,15.0,3.0,8.13,83.5,0.0,21.2,20.8
509.387,90,103.0,899.0,15.0,3.0,8.13,83.5,0.0,21.2,20.8
509.476,90,103.0,899.0,15.0,3.0,10.61,83.5,0.0,21.2,20.8
509.567,90,103.0,899.0,15.0,3.0,10.61,83.5,0.0,21.2,20.8
509.66,90,103.0,899.0,15.0,3.0,10.61,83.5,0.0,21.2,20.8
509.746,90,103.0,899.0,15.0,3.0,10.61,83.5,0.0,29.0,20.8
509.836,90,103.0,899.0,15.0,3.0,10.61,83.5,0.0,29.0,29.0
509.929,89,103.0,899.0,15.0,3.0,10.61,83.5,0.0,29.0,29.0
510.017,89,106.0,899.0,15.0,3.0,10.61,83.5,0.0,29.0,29.0
510.106,89,106.0,1036.0,15.0,3.0,10.61,83.5,0.0,29.0,29.0
510.198,89,106.0,1036.0,18.0,3.0,10.61,83.5,0.0,29.0,29.0
510.287,89,106.0,1036.0,18.0,6.0,10.61,83.5,0.0,29.0,29.0
510.376,89,106.0,1036.0,18.0,6.0,9.3,83.5,0.0,29.0,29.0
510.468,89,106.0,1036.0,18.0,6.0,9.3,83.5,0.0,29.0,29.0
510.556,89,106.0,1036.0,18.0,6.0,9.3,83.5,0.0,29.0,29.0
510.647,89,106.0,1036.0,18.0,6.0,9.3,83.5,0.0,14.1,29.0
510.736,89,106.0,1036.0,18.0,6.0,9.3,83.5,0.0,14.1,14.5
510.826,89,106.0,1036.0,18.0,6.0,9.3,83.5,0.0,14.1,14.5
510.916,89,105.0,1036.0,18.0,6.0,9.3,83.5,0.0,14.1,14.5
511.007,89,105.0,929.0,18.0,6.0,9.3,83.5,0.0,14.1,14.5
511.097,89,105.0,929.0,17.0,6.0,9.3,83.5,0.0,14.1,14.5
511.218,89,105.0,929.0,17.0,4.0,9.3,83.5,0.0,14.1,14.5
511.306,89,105.0,929.0,17.0,4.0,8.41,83.5,0.0,14.1,14.5
511.396,89,105.0,929.0,17.0,4.0,8.41,83.5,0.0,14.1,14.5
511.548,89,105.0,929.0,17.0,4.0,8.41,83.5,0.0,14.1,14.5
511.638,89,105.0,929.0,17.0,4.0,8.41,83.5,0.0,14.1,14.5
511.726,89,105.0,929.0,17.0,4.0,8.41,83.5,0.0,14.1,14.5
511.816,89,105.0,929.0,17.0,4.0,8.41,83.5,0.0,14.1,14.5
511.906,89,104.0,929.0,17.0,4.0,8.41,83.5,0.0,14.1,14.5
511.995,89,104.0,899.0,17.0,4.0,8.41,83.5,0.0,14.1,14.5
512.086,89,104.0,899.0,16.0,4.0,8.41,83.5,0.0,14.1,14.5
512.176,89,104.0,899.0,16.0,4.0,8.41,83.5,0.0,14.1,14.5
512.266,89,104.0,899.0,16.0,4.0,8.33,83.5,0.0,14.1,14.5
512.356,89,104.0,899.0,16.0,4.0,8.33,83.5,0.0,14.1,14.5
512.446,89,104.0,899.0,16.0,4.0,8.33,83.5,0.0,14.1,14.5
512.536,89,104.0,899.0,16.0,4.0,8.33,83.5,0.0,21.2,14.5
512.626,89,104.0,899.0,16.0,4.0,8.33,83.5,0.0,21.2,22.4
512.721,89,104.0,899.0,16.0,4.0,8.33,83.5,0.0,21.2,22.4
512.806,89,103.0,899.0,16.0,4.0,8.33,83.5,0.0,21.2,22.4
512.896,89,103.0,1068.0,16.0,4.0,8.33,83.5,0.0,21.2,22.4
513.017,89,103.0,1068.0,16.0,4.0,8.33,83.5,0.0,21.2,22.4
513.109,89,103.0,1068.0,16.0,3.0,8.33,83.5,0.0,21.2,22.4
513.196,89,103.0,1068.0,16.0,3.0,10.11,83.5,0.0,21.2,22.4
513.286,89,103.0,1068.0,16.0,3.0,10.11,83.5,0.0,21.2,22.4
513.376,89,103.0,1068.0,16.0,3.0,10.11,83.5,0.0,21.2,22.4
513.469,89,103.0,1068.0,16.0,3.0,10.11,83.5,0.0,14.1,22.4
513.556,89,103.0,1068.0,16.0,3.0,10.11,83.5,0.0,14.1,14.5
513.646,89,103.0,1068.0,16.0,3.0,10.11,83.5,0.0,14.1,14.5
513.737,89,105.0,1068.0,16.0,3.0,10.11,83.5,0.0,14.1,14.5
513.826,89,105.0,939.0,16.0,3.0,10.11,83.5,0.0,14.1,14.5
513.916,89,105.0,939.0,16.0,3.0,10.11,83.5,0.0,14.1,14.5
514.006,89,105.0,939.0,16.0,5.0,10.11,83.5,0.0,14.1,14.5
514.096,89,105.0,939.0,16.0,5.0,8.33,83.5,0.0,14.1,14.5
514.187,89,105.0,939.0,16.0,5.0,8.33,83.5,0.0,14.1,14.5
514.276,89,105.0,939.0,16.0,5.0,8.33,83.5,0.0,14.1,14.5
514.366,89,105.0,939.0,16.0,5.0,8.33,83.5,0.0,14.1,14.5
514.456,89,105.0,939.0,16.0,5.0,8.33,83.5,0.0,14.1,14.5
514.546,89,105.0,939.0,16.0,5.0,8.33,83.5,0.0,14.1,14.5
514.637,89,104.0,939.0,16.0,5.0,8.33,83.5,0.0,14.1,14.5
514.727,89,104.0,913.0,16.0,5.0,8.33,83.5,0.0,14.1,14.5
514.816,89,104.0,913.0,9.0,5.0,8.33,83.5,0.0,14.1,14.5
514.936,89,104.0,913.0,9.0,3.0,8.33,83.5,0.0,14.1,14.5
515.027,89,104.0,913.0,9.0,3.0,8.55,83.5,0.0,14.1,14.5
515.117,89,104.0,913.0,9.0,3.0,8.55,83.5,0.0,14.1,14.5
515.206,89,104.0,913.0,9.0,3.0,8.55,83.5,0.0,14.1,14.5
515.297,89,104.0,913.0,9.0,3.0,8.55,83.5,0.0,14.1,14.5
515.387,89,104.0,913.0,9.0,3.0,8.55,83.5,0.0,14.1,14.5
515.476,89,104.0,913.0,9.0,3.0,8.55,83.5,0.0,14.1,14.5
515.567,89,103.0,913.0,9.0,3.0,8.55,83.5,0.0,14.1,14.5
515.657,89,103.0,902.0,9.0,3.0,8.55,83.5,0.0,14.1,14.5
515.747,89,103.0,902.0,4.0,3.0,8.55,83.5,0.0,14.1,14.5
515.836,89,103.0,902.0,4.0,4.0,8.55,83.5,0.0,14.1,14.5
515.926,89,103.0,902.0,4.0,4.0,8.16,83.5,0.0,14.1,14.5
516.016,89,103.0,902.0,4.0,4.0,8.16,83.5,0.0,14.1,14.5
516.106,89,103.0,902.0,4.0,4.0,8.16,83.5,0.0,14.1,14.5
516.197,89,103.0,902.0,4.0,4.0,8.16,83.5,0.0,14.1,14.5
516.286,89,103.0,902.0,4.0,4.0,8.16,83.5,0.0,14.1,14.5
516.376,89,103.0,902.0,4.0,4.0,8.16,83.5,0.0,14.1,14.5
516.497,89,103.0,902.0,4.0,4.0,8.16,83.5,0.0,14.1,14.5
516.586,89,103.0,865.0,4.0,4.0,8.16,83.5,0.0,14.1,14.5
516.676,89,103.0,865.0,2.0,4.0,8.16,83.5,0.0,14.1,14.5
516.766,89,103.0,865.0,2.0,4.0,8.16,83.5,0.0,14.1,14.5
516.856,89,103.0,865.0,2.0,4.0,7.8,83.5,0.0,14.1,14.5
516.946,89,103.0,865.0,2.0,4.0,7.8,83.5,0.0,14.1,14.5
517.036,89,103.0,865.0,2.0,4.0,7.8,83.5,0.0,14.1,14.5
517.126,89,103.0,865.0,2.0,4.0,7.8,83.5,0.0,24.3,14.5
517.216,89,103.0,865.0,2.0,4.0,7.8,83.5,0.0,24.3,25.1
517.306,89,103.0,865.0,2.0,4.0,7.8,83.5,0.0,24.3,25.1
517.397,89,103.0,865.0,2.0,4.0,7.8,83.5,0.0,24.3,25.1
517.486,89,103.0,1157.0,2.0,4.0,7.8,83.5,0.0,24.3,25.1
517.576,89,103.0,1157.0,3.0,4.0,7.8,83.5,0.0,24.3,25.1
517.666,89,103.0,1157.0,3.0,3.0,7.8,83.5,0.0,24.3,25.1
517.758,89,103.0,1157.0,3.0,3.0,11.44,83.5,0.0,24.3,25.1
517.846,89,103.0,1157.0,3.0,3.0,11.44,83.5,0.0,24.3,25.1
517.967,89,103.0,1157.0,3.0,3.0,11.44,83.5,0.0,24.3,25.1
518.056,89,103.0,1157.0,3.0,3.0,11.44,83.5,0.0,25.1,25.1
518.147,89,103.0,1157.0,3.0,3.0,11.44,83.5,0.0,25.1,25.1
518.236,89,103.0,1157.0,3.0,3.0,11.44,83.5,0.0,25.1,25.1
518.326,89,107.0,1157.0,3.0,3.0,11.44,83.5,0.0,25.1,25.1
518.416,89,107.0,1056.0,3.0,3.0,11.44,83.5,0.0,25.1,25.1
518.507,89,107.0,1056.0,9.0,3.0,11.44,83.5,0.0,25.1,25.1
518.596,89,107.0,1056.0,9.0,8.0,11.44,83.5,0.0,25.1,25.1
518.687,89,107.0,1056.0,9.0,8.0,14.83,83.5,0.0,25.1,25.1
518.778,89,107.0,1056.0,9.0,8.0,14.83,83.5,0.0,25.1,25.1
518.865,89,107.0,1056.0,9.0,8.0,14.83,83.5,0.0,25.1,25.1
518.985,89,107.0,1056.0,9.0,8.0,14.83,83.5,0.0,32.9,25.1
519.076,89,107.0,1056.0,9.0,8.0,14.83,83.5,0.0,32.9,34.9
519.166,89,107.0,1056.0,9.0,8.0,14.83,83.5,0.0,32.9,34.9
519.257,89,118.0,1056.0,9.0,8.0,14.83,83.5,0.0,32.9,34.9
519.346,89,118.0,1666.0,9.0,8.0,14.83,83.5,0.0,32.9,34.9
519.438,89,118.0,1666.0,14.0,8.0,14.83,83.5,0.0,32.9,34.9
519.526,89,118.0,1666.0,14.0,10.0,14.83,83.5,0.0,32.9,34.9
519.616,89,118.0,1666.0,14.0,10.0,28.66,83.5,0.0,32.9,34.9
519.707,89,118.0,1666.0,14.0,10.0,28.66,83.5,0.0,32.9,34.9
519.826,89,118.0,1666.0,14.0,10.0,28.66,83.5,0.0,32.9,34.9
519.916,89,118.0,1666.0,14.0,10.0,28.66,83.5,0.0,40.8,34.9
520.006,89,118.0,1666.0,14.0,10.0,28.66,83.5,0.0,40.8,22.4
520.097,89,118.0,1666.0,14.0,10.0,28.66,83.5,0.0,40.8,22.4
520.187,89,138.0,1666.0,14.0,10.0,28.66,83.5,0.0,40.8,22.4
520.276,89,138.0,1963.0,14.0,10.0,28.66,83.5,0.0,40.8,22.4
520.366,89,138.0,1963.0,19.0,10.0,28.66,83.5,0.0,40.8,22.4
520.456,89,138.0,1963.0,19.0,12.0,28.66,83.5,0.0,40.8,22.4
520.548,89,138.0,1963.0,19.0,12.0,27.91,83.5,0.0,40.8,22.4
520.637,89,138.0,1963.0,19.0,12.0,27.91,31.0,0.0,40.8,22.4
520.726,89,138.0,1963.0,19.0,12.0,27.91,31.0,0.0,40.8,22.4
520.816,89,138.0,1963.0,19.0,12.0,27.91,31.0,0.0,39.6,22.4
520.906,89,138.0,1963.0,19.0,12.0,27.91,31.0,0.0,39.6,44.7
520.996,89,138.0,1963.0,19.0,12.0,27.91,31.0,0.0,39.6,44.7
521.087,89,111.0,1963.0,19.0,12.0,27.91,31.0,0.0,39.6,44.7
521.176,89,111.0,1500.0,19.0,12.0,27.91,31.0,0.0,39.6,44.7
521.266,89,111.0,1500.0,22.0,12.0,27.91,31.0,0.0,39.6,44.7
521.357,89,111.0,1500.0,22.0,11.0,27.91,31.0,0.0,39.6,44.7
521.447,89,111.0,1500.0,22.0,11.0,23.27,31.0,0.0,39.6,44.7
521.536,89,111.0,1500.0,22.0,11.0,23.27,83.5,0.0,39.6,44.7
521.627,89,111.0,1500.0,22.0,11.0,23.27,83.5,0.0,39.6,44.7
521.716,89,111.0,1500.0,22.0,11.0,23.27,83.5,0.0,51.4,44.7
521.806,89,111.0,1500.0,22.0,11.0,23.27,83.5,0.0,51.4,54.1
521.896,89,111.0,1500.0,22.0,11.0,23.27,83.5,0.0,51.4,54.1
521.986,89,148.0,1500.0,22.0,11.0,23.27,83.5,0.0,51.4,54.1
522.076,89,148.0,1675.0,22.0,11.0,23.27,83.5,0.0,51.4,54.1
522.166,89,148.0,1675.0,29.0,11.0,23.27,83.5,0.0,51.4,54.1
522.257,89,148.0,1675.0,29.0,10.0,23.27,83.5,0.0,51.4,54.1
522.347,89,148.0,1675.0,29.0,10.0,51.58,83.5,0.0,51.4,54.1
522.437,89,148.0,1675.0,29.0,10.0,51.58,83.5,0.0,51.4,54.1
522.526,89,148.0,1675.0,29.0,10.0,51.58,83.5,0.0,51.4,54.1
522.616,89,148.0,1675.0,29.0,10.0,51.58,83.5,0.0,55.3,54.1
522.706,89,148.0,1675.0,29.0,10.0,51.58,83.5,0.0,55.3,55.7
522.796,89,148.0,1675.0,29.0,10.0,51.58,83.5,0.0,55.3,55.7
522.886,89,215.0,1675.0,29.0,10.0,51.58,83.5,0.0,55.3,55.7
522.976,89,215.0,2256.0,29.0,10.0,51.58,83.5,0.0,55.3,55.7
523.066,89,215.0,2256.0,39.0,10.0,51.58,83.5,0.0,55.3,55.7
523.157,89,215.0,2256.0,39.0,13.0,51.58,83.5,0.0,55.3,55.7
523.247,89,215.0,2256.0,39.0,13.0,79.88,83.5,0.0,55.3,55.7
523.337,89,215.0,2256.0,39.0,13.0,79.88,83.5,0.0,55.3,55.7
523.428,89,215.0,2256.0,39.0,13.0,79.88,83.5,0.0,55.3,55.7
523.516,89,215.0,2256.0,39.0,13.0,79.88,83.5,0.0,49.8,55.7
523.606,89,215.0,2256.0,39.0,13.0,79.88,83.5,0.0,49.8,45.9
523.697,89,215.0,2256.0,39.0,13.0,79.88,83.5,0.0,49.8,45.9
523.787,89,174.0,2256.0,39.0,13.0,79.88,83.5,0.0,49.8,45.9
523.876,89,174.0,2526.0,39.0,13.0,79.88,83.5,0.0,49.8,45.9
523.966,89,174.0,2526.0,45.0,13.0,79.88,83.5,0.0,49.8,45.9
524.056,89,174.0,2526.0,45.0,13.0,79.88,83.5,0.0,49.8,45.9
524.146,89,174.0,2526.0,45.0,13.0,35.66,83.5,0.0,49.8,45.9
524.236,89,174.0,2526.0,45.0,13.0,35.66,31.0,0.0,49.8,45.9
524.326,89,174.0,2526.0,45.0,13.0,35.66,31.0,0.0,49.8,45.9
524.417,89,174.0,2526.0,45.0,13.0,35.66,31.0,0.0,26.3,45.9
524.506,89,174.0,2526.0,45.0,13.0,35.66,31.0,0.0,26.3,32.2
524.628,89,174.0,2526.0,45.0,13.0,35.66,31.0,0.0,26.3,32.2
524.717,89,106.0,2526.0,45.0,13.0,35.66,31.0,0.0,26.3,32.2
524.805,89,106.0,1713.0,45.0,13.0,35.66,31.0,0.0,26.3,32.2
524.896,89,106.0,1713.0,46.0,13.0,35.66,31.0,0.0,26.3,32.2
524.986,89,106.0,1713.0,46.0,11.0,35.66,31.0,0.0,26.3,32.2
525.077,89,106.0,1713.0,46.0,11.0,18.22,31.0,0.0,26.3,32.2
525.167,89,106.0,1713.0,46.0,11.0,18.22,83.5,0.0,26.3,32.2
525.256,89,106.0,1713.0,46.0,11.0,18.22,83.5,0.0,26.3,32.2
525.346,89,106.0,1713.0,46.0,11.0,18.22,83.5,0.0,26.7,32.2
525.437,89,106.0,1713.0,46.0,11.0,18.22,83.5,0.0,26.7,26.3
525.526,89,106.0,1713.0,46.0,11.0,18.22,83.5,0.0,26.7,26.3
525.616,89,112.0,1713.0,46.0,11.0,18.22,83.5,0.0,26.7,26.3
525.706,89,112.0,1708.0,46.0,11.0,18.22,83.5,0.0,26.7,26.3
525.795,89,112.0,1708.0,46.0,11.0,18.22,83.5,0.0,26.7,26.3
525.886,89,112.0,1708.0,46.0,7.0,18.22,83.5,0.0,26.7,26.3
525.976,89,112.0,1708.0,46.0,7.0,15.22,83.5,0.0,26.7,26.3
526.066,89,112.0,1708.0,46.0,7.0,15.22,83.5,0.0,26.7,26.3
526.156,89,112.0,1708.0,46.0,7.0,15.22,83.5,0.0,26.7,26.3
526.246,89,112.0,1708.0,46.0,7.0,15.22,83.5,0.0,26.7,26.3
526.337,89,112.0,1708.0,46.0,7.0,15.22,83.5,0.0,26.7,26.3
526.426,89,112.0,1708.0,46.0,7.0,15.22,83.5,0.0,26.7,26.3
526.548,89,105.0,1708.0,46.0,7.0,15.22,83.5,0.0,26.7,26.3
526.637,89,105.0,1682.0,46.0,7.0,15.22,83.5,0.0,26.7,26.3
526.726,89,105.0,1682.0,45.0,7.0,15.22,83.5,0.0,26.7,26.3
526.816,89,105.0,1682.0,45.0,5.0,15.22,83.5,0.0,26.7,26.3
526.906,89,105.0,1682.0,45.0,5.0,14.41,83.5,0.0,26.7,26.3
526.996,89,105.0,1682.0,45.0,5.0,14.41,83.5,0.0,26.7,26.3
527.086,89,105.0,1682.0,45.0,5.0,14.41,83.5,0.0,26.7,26.3
527.176,89,105.0,1682.0,45.0,5.0,14.41,83.5,0.0,26.7,26.3
527.266,89,105.0,1682.0,45.0,5.0,14.41,83.5,0.0,26.7,26.7
527.356,89,105.0,1682.0,45.0,5.0,14.41,83.5,0.0,26.7,26.7
527.447,89,107.0,1682.0,45.0,5.0,14.41,83.5,0.0,26.7,26.7
527.536,89,107.0,1660.0,45.0,5.0,14.41,83.5,0.0,26.7,26.7
527.626,89,107.0,1660.0,45.0,5.0,14.41,83.5,0.0,26.7,26.7
527.716,89,107.0,1660.0,45.0,6.0,14.41,83.5,0.0,26.7,26.7
527.808,89,107.0,1660.0,45.0,6.0,14.16,83.5,0.0,26.7,26.7
527.896,89,107.0,1660.0,45.0,6.0,14.16,83.5,0.0,26.7,26.7
527.986,89,107.0,1660.0,45.0,6.0,14.16,83.5,0.0,26.7,26.7
528.077,89,107.0,1660.0,45.0,6.0,14.16,83.5,0.0,27.5,26.7
528.166,89,107.0,1660.0,45.0,6.0,14.16,83.5,0.0,27.5,27.5
528.256,89,107.0,1660.0,45.0,6.0,14.16,83.5,0.0,27.5,27.5
528.347,89,109.0,1660.0,45.0,6.0,14.16,83.5,0.0,27.5,27.5
528.437,89,109.0,1637.0,45.0,6.0,14.16,83.5,0.0,27.5,27.5
528.526,89,109.0,1637.0,44.0,6.0,14.16,83.5,0.0,27.5,27.5
528.616,89,109.0,1637.0,44.0,6.0,14.16,83.5,0.0,27.5,27.5
528.707,89,109.0,1637.0,44.0,6.0,13.99,83.5,0.0,27.5,27.5
528.797,89,109.0,1637.0,44.0,6.0,13.99,83.5,0.0,27.5,27.5
528.886,89,109.0,1637.0,44.0,6.0,13.99,83.5,0.0,27.5,27.5
528.976,89,109.0,1637.0,44.0,6.0,13.99,83.5,0.0,27.5,27.5
529.066,89,109.0,1637.0,44.0,6.0,13.99,83.5,0.0,27.5,27.8
529.156,89,109.0,1637.0,44.0,6.0,13.99,83.5,0.0,27.5,27.8
529.247,89,110.0,1637.0,44.0,6.0,13.99,83.5,0.0,27.5,27.8
529.337,89,110.0,1646.0,44.0,6.0,13.99,83.5,0.0,27.5,27.8
529.426,89,110.0,1646.0,44.0,6.0,13.99,83.5,0.0,27.5,27.8
529.517,89,110.0,1646.0,44.0,6.0,13.99,83.5,0.0,27.5,27.8
529.606,89,110.0,1646.0,44.0,6.0,14.38,83.5,0.0,27.5,27.8
529.697,89,110.0,1646.0,44.0,6.0,14.38,83.5,0.0,27.5,27.8
529.786,89,110.0,1646.0,44.0,6.0,14.38,83.5,0.0,27.5,27.8
529.876,89,110.0,1646.0,44.0,6.0,14.38,83.5,0.0,29.0,27.8
529.966,89,110.0,1646.0,44.0,6.0,14.38,83.5,0.0,29.0,29.0
530.057,89,110.0,1646.0,44.0,6.0,14.38,83.5,0.0,29.0,29.0
530.147,89,113.0,1646.0,44.0,6.0,14.38,83.5,0.0,29.0,29.0
530.236,89,113.0,1637.0,44.0,6.0,14.38,83.5,0.0,29.0,29.0
530.326,89,113.0,1637.0,44.0,6.0,14.38,83.5,0.0,29.0,29.0
530.417,89,113.0,1637.0,44.0,6.0,14.38,83.5,0.0,29.0,29.0
530.506,89,113.0,1637.0,44.0,6.0,14.55,83.5,0.0,29.0,29.0
530.597,89,113.0,1637.0,44.0,6.0,14.55,83.5,0.0,29.0,29.0
530.685,89,113.0,1637.0,44.0,6.0,14.55,83.5,0.0,29.0,29.0
530.775,89,113.0,1637.0,44.0,6.0,14.55,83.5,0.0,29.0,29.0
530.865,89,113.0,1637.0,44.0,6.0,14.55,83.5,0.0,29.0,29.4
530.956,89,113.0,1637.0,44.0,6.0,14.55,83.5,0.0,29.0,29.4
531.047,89,115.0,1637.0,44.0,6.0,14.55,83.5,0.0,29.0,29.4
531.137,89,115.0,1632.0,44.0,6.0,14.55,83.5,0.0,29.0,29.4
531.227,89,115.0,1632.0,44.0,6.0,14.55,83.5,0.0,29.0,29.4
531.316,89,115.0,1632.0,44.0,7.0,14.55,83.5,0.0,29.0,29.4
531.406,89,115.0,1632.0,44.0,7.0,14.58,83.5,0.0,29.0,29.4
531.497,89,115.0,1632.0,44.0,7.0,14.58,83.5,0.0,29.0,29.4
531.586,89,115.0,1632.0,44.0,7.0,14.58,83.5,0.0,29.0,29.4
531.677,89,115.0,1632.0,44.0,7.0,14.58,83.5,0.0,28.2,29.4
531.767,89,115.0,1632.0,44.0,7.0,14.58,83.5,0.0,28.2,28.2
531.856,90,115.0,1632.0,44.0,7.0,14.58,83.5,0.0,28.2,28.2
531.947,90,114.0,1632.0,44.0,7.0,14.58,83.5,0.0,28.2,28.2
532.037,90,114.0,1632.0,44.0,7.0,14.58,83.5,0.0,28.2,28.2
532.126,90,114.0,1632.0,44.0,7.0,14.58,83.5,0.0,28.2,28.2
532.216,90,114.0,1632.0,44.0,7.0,14.58,83.5,0.0,28.2,28.2
532.307,90,114.0,1632.0,44.0,7.0,14.22,83.5,0.0,28.2,28.2
532.397,90,114.0,1632.0,44.0,7.0,14.22,83.5,0.0,28.2,28.2
532.486,90,114.0,1632.0,44.0,7.0,14.22,83.5,0.0,28.2,28.2
532.576,90,114.0,1632.0,44.0,7.0,14.22,83.5,0.0,28.6,28.2
532.666,90,114.0,1632.0,44.0,7.0,14.22,83.5,0.0,28.6,28.6
532.756,90,114.0,1632.0,44.0,7.0,14.22,83.5,0.0,28.6,28.6
532.846,90,112.0,1632.0,44.0,7.0,14.22,83.5,0.0,28.6,28.6
532.937,90,112.0,1626.0,44.0,7.0,14.22,83.5,0.0,28.6,28.6
533.026,90,112.0,1626.0,44.0,7.0,14.22,83.5,0.0,28.6,28.6
533.116,90,112.0,1626.0,44.0,7.0,14.22,83.5,0.0,28.6,28.6
533.206,90,112.0,1626.0,44.0,7.0,13.94,83.5,0.0,28.6,28.6
533.297,90,112.0,1626.0,44.0,7.0,13.94,83.5,0.0,28.6,28.6
533.386,90,112.0,1626.0,44.0,7.0,13.94,83.5,0.0,28.6,28.6
533.476,90,112.0,1626.0,44.0,7.0,13.94,83.5,0.0,25.5,28.6
533.566,90,112.0,1626.0,44.0,7.0,13.94,83.5,0.0,25.5,25.5
533.656,90,112.0,1626.0,44.0,7.0,13.94,83.5,0.0,25.5,25.5
533.747,90,110.0,1626.0,44.0,7.0,13.94,83.5,0.0,25.5,25.5
533.836,90,110.0,1606.0,44.0,7.0,13.94,83.5,0.0,25.5,25.5
533.926,90,110.0,1606.0,43.0,7.0,13.94,83.5,0.0,25.5,25.5
534.017,90,110.0,1606.0,43.0,6.0,13.94,83.5,0.0,25.5,25.5
534.106,90,110.0,1606.0,43.0,6.0,13.27,83.5,0.0,25.5,25.5
534.197,90,110.0,1606.0,43.0,6.0,13.27,83.5,0.0,25.5,25.5
534.286,90,110.0,1606.0,43.0,6.0,13.27,83.5,0.0,25.5,25.5
534.375,90,110.0,1606.0,43.0,6.0,13.27,83.5,0.0,32.9,25.5
534.466,90,110.0,1606.0,43.0,6.0,13.27,83.5,0.0,32.9,33.3
534.556,90,110.0,1606.0,43.0,6.0,13.27,83.5,0.0,32.9,33.3
534.647,90,113.0,1606.0,43.0,6.0,13.27,83.5,0.0,32.9,33.3
534.736,90,113.0,1613.0,43.0,6.0,13.27,83.5,0.0,32.9,33.3
534.826,90,113.0,1613.0,43.0,6.0,13.27,83.5,0.0,32.9,33.3
534.916,90,113.0,1613.0,43.0,7.0,13.27,83.5,0.0,32.9,33.3
535.006,90,113.0,1613.0,43.0,7.0,18.27,83.5,0.0,32.9,33.3
535.097,90,113.0,1613.0,43.0,7.0,18.27,83.5,0.0,32.9,33.3
535.186,90,113.0,1613.0,43.0,7.0,18.27,83.5,0.0,32.9,33.3
535.276,90,113.0,1613.0,43.0,7.0,18.27,83.5,0.0,37.6,33.3
535.366,90,113.0,1613.0,43.0,7.0,18.27,83.5,0.0,37.6,38.4
535.456,90,113.0,1613.0,43.0,7.0,18.27,83.5,0.0,37.6,38.4
535.571,90,131.0,1613.0,43.0,7.0,18.27,83.5,0.0,37.6,38.4
535.666,90,131.0,1656.0,43.0,7.0,18.27,83.5,0.0,37.6,38.4
535.756,90,131.0,1656.0,44.0,7.0,18.27,83.5,0.0,37.6,38.4
535.846,90,131.0,1656.0,44.0,8.0,18.27,83.5,0.0,37.6,38.4
535.936,90,131.0,1656.0,44.0,8.0,20.3,83.5,0.0,37.6,38.4
536.027,90,131.0,1656.0,44.0,8.0,20.3,83.5,0.0,37.6,38.4
536.116,90,131.0,1656.0,44.0,8.0,20.3,83.5,0.0,37.6,38.4
536.206,90,131.0,1656.0,44.0,8.0,20.3,83.5,0.0,36.1,38.4
536.296,90,131.0,1656.0,44.0,8.0,20.3,83.5,0.0,36.1,36.1
536.386,90,131.0,1656.0,44.0,8.0,20.3,83.5,0.0,36.1,36.1
536.506,90,128.0,1656.0,44.0,8.0,20.3,83.5,0.0,36.1,36.1
536.597,90,128.0,1702.0,44.0,8.0,20.3,83.5,0.0,36.1,36.1
536.686,90,128.0,1702.0,46.0,8.0,20.3,83.5,0.0,36.1,36.1
536.78,90,128.0,1702.0,46.0,8.0,20.3,83.5,0.0,36.1,36.1
536.866,90,128.0,1702.0,46.0,8.0,18.24,83.5,0.0,36.1,36.1
536.956,90,128.0,1702.0,46.0,8.0,18.24,83.5,0.0,36.1,36.1
537.047,90,128.0,1702.0,46.0,8.0,18.24,83.5,0.0,36.1,36.1
537.137,90,128.0,1702.0,46.0,8.0,18.24,83.5,0.0,32.5,36.1
537.225,90,128.0,1702.0,46.0,8.0,18.24,83.5,0.0,32.5,32.9
537.315,90,128.0,1702.0,46.0,8.0,18.24,83.5,0.0,32.5,32.9
537.406,90,116.0,1702.0,46.0,8.0,18.24,83.5,0.0,32.5,32.9
537.497,90,116.0,1715.0,46.0,8.0,18.24,83.5,0.0,32.5,32.9
537.586,90,116.0,1715.0,46.0,8.0,18.24,83.5,0.0,32.5,32.9
537.676,90,116.0,1715.0,46.0,8.0,18.24,83.5,0.0,32.5,32.9
537.765,90,116.0,1715.0,46.0,8.0,17.74,83.5,0.0,32.5,32.9
537.856,90,116.0,1715.0,46.0,8.0,17.74,83.5,0.0,32.5,32.9
537.947,90,116.0,1715.0,46.0,8.0,17.74,83.5,0.0,32.5,32.9
538.036,90,116.0,1715.0,46.0,8.0,17.74,83.5,0.0,33.3,32.9
538.127,90,116.0,1715.0,46.0,8.0,17.74,83.5,0.0,33.3,33.7
538.216,90,116.0,1715.0,46.0,8.0,17.74,83.5,0.0,33.3,33.7
538.306,90,116.0,1715.0,46.0,8.0,17.74,83.5,0.0,33.3,33.7
538.397,90,116.0,1733.0,46.0,8.0,17.74,83.5,0.0,33.3,33.7
538.486,90,116.0,1733.0,47.0,8.0,17.74,83.5,0.0,33.3,33.7
538.577,90,116.0,1733.0,47.0,7.0,17.74,83.5,0.0,33.3,33.7
538.667,90,116.0,1733.0,47.0,7.0,18.38,83.5,0.0,33.3,33.7
538.756,90,116.0,1733.0,47.0,7.0,18.38,83.5,0.0,33.3,33.7
538.845,90,116.0,1733.0,47.0,7.0,18.38,83.5,0.0,33.3,33.7
538.935,90,116.0,1733.0,47.0,7.0,18.38,83.5,0.0,33.3,33.7
539.026,90,116.0,1733.0,47.0,7.0,18.38,83.5,0.0,33.3,33.7
539.116,90,116.0,1733.0,47.0,7.0,18.38,83.5,0.0,33.3,33.7
539.206,90,119.0,1733.0,47.0,7.0,18.38,83.5,0.0,33.3,33.7
539.297,90,119.0,1754.0,47.0,7.0,18.38,83.5,0.0,33.3,33.7
539.387,90,119.0,1754.0,47.0,7.0,18.38,83.5,0.0,33.3,33.7
539.476,90,119.0,1754.0,47.0,7.0,18.38,83.5,0.0,33.3,33.7
539.566,90,119.0,1754.0,47.0,7.0,18.41,83.5,0.0,33.3,33.7
539.657,90,119.0,1754.0,47.0,7.0,18.41,83.5,0.0,33.3,33.7
539.747,90,119.0,1754.0,47.0,7.0,18.41,83.5,0.0,33.3,33.7
539.836,90,119.0,1754.0,47.0,7.0,18.41,83.5,0.0,33.7,33.7
539.926,90,119.0,1754.0,47.0,7.0,18.41,83.5,0.0,33.7,34.1
540.016,90,119.0,1754.0,47.0,7.0,18.41,83.5,0.0,33.7,34.1
540.106,90,120.0,1754.0,47.0,7.0,18.41,83.5,0.0,33.7,34.1
540.197,90,120.0,1761.0,47.0,7.0,18.41,83.5,0.0,33.7,34.1
540.286,90,120.0,1761.0,47.0,7.0,18.41,83.5,0.0,33.7,34.1
540.376,90,120.0,1761.0,47.0,8.0,18.41,83.5,0.0,33.7,34.1
540.466,90,120.0,1761.0,47.0,8.0,19.22,83.5,0.0,33.7,34.1
540.556,90,120.0,1761.0,47.0,8.0,19.22,83.5,0.0,33.7,34.1
540.647,90,120.0,1761.0,47.0,8.0,19.22,83.5,0.0,33.7,34.1
540.736,90,120.0,1761.0,47.0,8.0,19.22,83.5,0.0,36.9,34.1
540.831,90,120.0,1761.0,47.0,8.0,19.22,83.5,0.0,36.9,38.0
540.916,90,120.0,1761.0,47.0,8.0,19.22,83.5,0.0,36.9,38.0
541.006,90,124.0,1761.0,47.0,8.0,19.22,83.5,0.0,36.9,38.0
541.096,90,124.0,1798.0,47.0,8.0,19.22,83.5,0.0,36.9,38.0
541.186,90,124.0,1798.0,48.0,8.0,19.22,83.5,0.0,36.9,38.0
541.276,90,124.0,1798.0,48.0,8.0,19.22,83.5,0.0,36.9,38.0
541.366,90,124.0,1798.0,48.0,8.0,23.33,83.5,0.0,36.9,38.0
541.517,90,124.0,1798.0,48.0,8.0,23.33,83.5,0.0,36.9,38.0
541.608,90,124.0,1798.0,48.0,8.0,23.33,83.5,0.0,36.9,38.0
541.697,90,124.0,1798.0,48.0,8.0,23.33,83.5,0.0,39.6,38.0
541.79,90,124.0,1798.0,48.0,8.0,23.33,83.5,0.0,39.6,40.0
541.908,90,124.0,1798.0,48.0,8.0,23.33,83.5,0.0,39.6,40.0
541.997,90,137.0,1798.0,48.0,8.0,23.33,83.5,0.0,39.6,40.0
542.087,90,137.0,1845.0,48.0,8.0,23.33,83.5,0.0,39.6,40.0
542.177,90,137.0,1845.0,50.0,8.0,23.33,83.5,0.0,39.6,40.0
542.266,90,137.0,1845.0,50.0,8.0,23.33,83.5,0.0,39.6,40.0
542.355,90,137.0,1845.0,50.0,8.0,26.66,83.5,0.0,39.6,40.0
542.447,90,137.0,1845.0,50.0,8.0,26.66,83.5,0.0,39.6,40.0
542.536,90,137.0,1845.0,50.0,8.0,26.66,83.5,0.0,39.6,40.0
542.627,90,137.0,1845.0,50.0,8.0,26.66,83.5,0.0,44.3,40.0
542.717,90,137.0,1845.0,50.0,8.0,26.66,83.5,0.0,44.3,43.1
542.805,90,137.0,1845.0,50.0,8.0,26.66,83.5,0.0,44.3,43.1
542.896,90,156.0,1845.0,50.0,8.0,26.66,83.5,0.0,44.3,43.1
542.986,90,156.0,1882.0,50.0,8.0,26.66,83.5,0.0,44.3,43.1
543.075,90,156.0,1882.0,51.0,8.0,26.66,83.5,0.0,44.3,43.1
543.166,90,156.0,1882.0,51.0,9.0,26.66,83.5,0.0,44.3,43.1
543.256,90,156.0,1882.0,51.0,9.0,26.8,83.5,0.0,44.3,43.1
543.346,90,156.0,1882.0,51.0,9.0,26.8,31.0,0.0,44.3,43.1
543.439,90,156.0,1882.0,51.0,9.0,26.8,31.0,0.0,44.3,43.1
543.546,90,156.0,1882.0,51.0,9.0,26.8,31.0,0.0,30.6,43.1
543.615,90,156.0,1882.0,51.0,9.0,26.8,31.0,0.0,30.6,35.3
543.705,90,156.0,1882.0,51.0,9.0,26.8,31.0,0.0,30.6,35.3
543.795,90,98.0,1882.0,51.0,9.0,26.8,31.0,0.0,30.6,35.3
543.885,90,98.0,1322.0,51.0,9.0,26.8,31.0,0.0,30.6,35.3
543.946,90,98.0,1322.0,51.0,9.0,26.8,31.0,0.0,30.6,35.3
544.035,90,98.0,1322.0,51.0,8.0,26.8,31.0,0.0,30.6,35.3
544.125,90,98.0,1322.0,51.0,8.0,19.16,31.0,0.0,30.6,35.3
544.215,90,98.0,1322.0,51.0,8.0,19.16,83.1,0.0,30.6,35.3
544.306,90,98.0,1322.0,51.0,8.0,19.16,83.1,0.0,30.6,35.3
544.396,90,98.0,1322.0,51.0,8.0,19.16,83.1,0.0,42.7,35.3
544.485,90,98.0,1322.0,51.0,8.0,19.16,83.1,0.0,42.7,42.7
544.575,90,98.0,1322.0,51.0,8.0,19.16,83.1,0.0,42.7,42.7
544.668,90,122.0,1322.0,51.0,8.0,19.16,83.1,0.0,42.7,42.7
544.757,90,122.0,1352.0,51.0,8.0,19.16,83.1,0.0,42.7,42.7
544.845,90,122.0,1352.0,53.0,8.0,19.16,83.1,0.0,42.7,42.7
544.936,90,122.0,1352.0,53.0,7.0,19.16,83.1,0.0,42.7,42.7
545.026,90,122.0,1352.0,53.0,7.0,15.36,83.1,0.0,42.7,42.7
545.116,90,122.0,1352.0,53.0,7.0,15.36,83.5,0.0,42.7,42.7
545.209,90,122.0,1352.0,53.0,7.0,15.36,83.5,0.0,42.7,42.7
545.296,90,122.0,1352.0,53.0,7.0,15.36,83.5,0.0,36.1,42.7
545.387,90,122.0,1352.0,53.0,7.0,15.36,83.5,0.0,36.1,36.5
545.476,90,122.0,1352.0,53.0,7.0,15.36,83.5,0.0,36.1,36.5
545.567,90,126.0,1352.0,53.0,7.0,15.36,83.5,0.0,36.1,36.5
545.657,90,126.0,1382.0,53.0,7.0,15.36,83.5,0.0,36.1,36.5
545.749,90,126.0,1382.0,54.0,7.0,15.36,83.5,0.0,36.1,36.5
545.835,90,126.0,1382.0,54.0,6.0,15.36,83.5,0.0,36.1,36.5
545.956,90,126.0,1382.0,54.0,6.0,16.3,83.5,0.0,36.1,36.5
546.047,90,126.0,1382.0,54.0,6.0,16.3,83.5,0.0,36.1,36.5
546.137,90,126.0,1382.0,54.0,6.0,16.3,83.5,0.0,36.1,36.5
546.227,90,126.0,1382.0,54.0,6.0,16.3,83.5,0.0,35.3,36.5
546.317,90,126.0,1382.0,54.0,6.0,16.3,83.5,0.0,35.3,35.7
546.407,90,126.0,1382.0,54.0,6.0,16.3,83.5,0.0,35.3,35.7
546.496,90,120.0,1382.0,54.0,6.0,16.3,83.5,0.0,35.3,35.7
546.586,90,120.0,1404.0,54.0,6.0,16.3,83.5,0.0,35.3,35.7
546.676,90,120.0,1404.0,55.0,6.0,16.3,83.5,0.0,35.3,35.7
546.765,90,120.0,1404.0,55.0,6.0,16.3,83.5,0.0,35.3,35.7
546.855,90,120.0,1404.0,55.0,6.0,15.83,83.5,0.0,35.3,35.7
546.945,90,120.0,1404.0,55.0,6.0,15.83,83.5,0.0,35.3,35.7
547.036,90,120.0,1404.0,55.0,6.0,15.83,83.5,0.0,35.3,35.7
547.127,90,120.0,1404.0,55.0,6.0,15.83,83.5,0.0,35.7,35.7
547.216,90,120.0,1404.0,55.0,6.0,15.83,83.5,0.0,35.7,36.1
547.307,90,120.0,1404.0,55.0,6.0,15.83,83.5,0.0,35.7,36.1
547.396,90,119.0,1404.0,55.0,6.0,15.83,83.5,0.0,35.7,36.1
547.488,90,119.0,1421.0,55.0,6.0,15.83,83.5,0.0,35.7,36.1
547.576,90,119.0,1421.0,55.0,6.0,15.83,83.5,0.0,35.7,36.1
547.668,90,119.0,1421.0,55.0,6.0,15.83,83.5,0.0,35.7,36.1
547.757,90,119.0,1421.0,55.0,6.0,16.05,83.5,0.0,35.7,36.1
547.845,90,119.0,1421.0,55.0,6.0,16.05,83.5,0.0,35.7,36.1
547.935,90,119.0,1421.0,55.0,6.0,16.05,83.5,0.0,35.7,36.1
548.026,90,119.0,1421.0,55.0,6.0,16.05,83.5,0.0,35.3,36.1
548.116,90,119.0,1421.0,55.0,6.0,16.05,83.5,0.0,35.3,36.1
548.206,90,119.0,1421.0,55.0,6.0,16.05,83.5,0.0,35.3,36.1
548.296,90,120.0,1421.0,55.0,6.0,16.05,83.5,0.0,35.3,36.1
548.389,90,120.0,1440.0,55.0,6.0,16.05,83.5,0.0,35.3,36.1
548.476,90,120.0,1440.0,56.0,6.0,16.05,83.5,0.0,35.3,36.1
548.567,90,120.0,1440.0,56.0,6.0,16.05,83.5,0.0,35.3,36.1
548.656,90,120.0,1440.0,56.0,6.0,16.24,83.5,0.0,35.3,36.1
548.748,90,120.0,1440.0,56.0,6.0,16.24,83.5,0.0,35.3,36.1
548.836,90,120.0,1440.0,56.0,6.0,16.24,83.5,0.0,35.3,36.1
548.927,90,120.0,1440.0,56.0,6.0,16.24,83.5,0.0,36.1,36.1
549.016,90,120.0,1440.0,56.0,6.0,16.24,83.5,0.0,36.1,36.9
549.107,90,120.0,1440.0,56.0,6.0,16.24,83.5,0.0,36.1,36.9
549.196,90,120.0,1440.0,56.0,6.0,16.24,83.5,0.0,36.1,36.9
549.287,90,120.0,1460.0,56.0,6.0,16.24,83.5,0.0,36.1,36.9
549.376,90,120.0,1460.0,57.0,6.0,16.24,83.5,0.0,36.1,36.9
549.467,90,120.0,1460.0,57.0,6.0,16.24,83.5,0.0,36.1,36.9
549.556,90,120.0,1460.0,57.0,6.0,17.19,83.5,0.0,36.1,36.9
549.647,90,120.0,1460.0,57.0,6.0,17.19,83.5,0.0,36.1,36.9
549.737,90,120.0,1460.0,57.0,6.0,17.19,83.5,0.0,36.1,36.9
549.826,90,120.0,1460.0,57.0,6.0,17.19,83.5,0.0,36.9,36.9
549.916,90,120.0,1460.0,57.0,6.0,17.19,83.5,0.0,36.9,37.6
550.007,90,120.0,1460.0,57.0,6.0,17.19,83.5,0.0,36.9,37.6
550.096,90,125.0,1460.0,57.0,6.0,17.19,83.5,0.0,36.9,37.6
550.187,90,125.0,1474.0,57.0,6.0,17.19,83.5,0.0,36.9,37.6
550.276,90,125.0,1474.0,57.0,6.0,17.19,83.5,0.0,36.9,37.6
550.368,90,125.0,1474.0,57.0,7.0,17.19,83.5,0.0,36.9,37.6
550.457,90,125.0,1474.0,57.0,7.0,17.27,83.5,0.0,36.9,37.6
550.548,90,125.0,1474.0,57.0,7.0,17.27,83.5,0.0,36.9,37.6
550.637,90,125.0,1474.0,57.0,7.0,17.27,83.5,0.0,36.9,37.6
550.727,90,125.0,1474.0,57.0,7.0,17.27,83.5,0.0,36.9,37.6
550.816,90,125.0,1474.0,57.0,7.0,17.27,83.5,0.0,36.9,37.3
550.906,90,125.0,1474.0,57.0,7.0,17.27,83.5,0.0,36.9,37.3
550.996,90,127.0,1474.0,57.0,7.0,17.27,83.5,0.0,36.9,37.3
551.087,90,127.0,1497.0,57.0,7.0,17.27,83.5,0.0,36.9,37.3
551.176,90,127.0,1497.0,58.0,7.0,17.27,83.5,0.0,36.9,37.3
551.267,90,127.0,1497.0,58.0,7.0,17.27,83.5,0.0,36.9,37.3
551.356,90,127.0,1497.0,58.0,7.0,17.55,83.5,0.0,36.9,37.3
551.448,90,127.0,1497.0,58.0,7.0,17.55,83.5,0.0,36.9,37.3
551.567,90,127.0,1497.0,58.0,7.0,17.55,83.5,0.0,36.9,37.3
551.656,90,127.0,1497.0,58.0,7.0,17.55,83.5,0.0,37.6,37.3
551.747,90,127.0,1497.0,58.0,7.0,17.55,83.5,0.0,37.6,38.4
551.835,90,127.0,1497.0,58.0,7.0,17.55,83.5,0.0,37.6,38.4
551.926,90,126.0,1497.0,58.0,7.0,17.55,83.5,0.0,37.6,38.4
552.016,90,126.0,1518.0,58.0,7.0,17.55,83.5,0.0,37.6,38.4
552.107,90,126.0,1518.0,59.0,7.0,17.55,83.5,0.0,37.6,38.4
552.196,90,126.0,1518.0,59.0,7.0,17.55,83.5,0.0,37.6,38.4
552.287,90,126.0,1518.0,59.0,7.0,24.52,83.5,0.0,37.6,38.4
552.378,90,126.0,1518.0,59.0,7.0,24.52,83.5,0.0,37.6,38.4
552.468,90,126.0,1518.0,59.0,7.0,24.52,83.5,0.0,37.6,38.4
552.558,90,126.0,1518.0,59.0,7.0,24.52,83.5,0.0,45.1,38.4
552.675,90,126.0,1518.0,59.0,7.0,24.52,83.5,0.0,45.1,45.9
552.767,90,126.0,1518.0,59.0,7.0,24.52,83.5,0.0,45.1,45.9
552.856,90,151.0,1518.0,59.0,7.0,24.52,83.5,0.0,45.1,45.9
552.946,90,151.0,1563.0,59.0,7.0,24.52,83.5,0.0,45.1,45.9
553.036,90,151.0,1563.0,61.0,7.0,24.52,83.5,0.0,45.1,45.9
553.126,90,151.0,1563.0,61.0,9.0,24.52,83.5,0.0,45.1,45.9
553.216,90,151.0,1563.0,61.0,9.0,28.77,83.5,0.0,45.1,45.9
553.306,90,151.0,1563.0,61.0,9.0,28.77,83.5,0.0,45.1,45.9
553.397,90,151.0,1563.0,61.0,9.0,28.77,83.5,0.0,45.1,45.9
553.491,90,151.0,1563.0,61.0,9.0,28.77,83.5,0.0,45.5,45.9
553.576,90,151.0,1563.0,61.0,9.0,28.77,83.5,0.0,45.5,45.9
553.666,90,151.0,1563.0,61.0,9.0,28.77,83.5,0.0,45.5,45.9
553.756,90,164.0,1563.0,61.0,9.0,28.77,83.5,0.0,45.5,45.9
553.846,90,164.0,1606.0,61.0,9.0,28.77,83.5,0.0,45.5,45.9
553.936,90,164.0,1606.0,62.0,9.0,28.77,83.5,0.0,45.5,45.9
554.026,90,164.0,1606.0,62.0,9.0,28.77,83.5,0.0,45.5,45.9
554.116,90,164.0,1606.0,62.0,9.0,29.41,83.5,0.0,45.5,45.9
554.207,90,164.0,1606.0,62.0,9.0,29.41,83.5,0.0,45.5,45.9
554.296,90,164.0,1606.0,62.0,9.0,29.41,83.5,0.0,45.5,45.9
554.387,90,164.0,1606.0,62.0,9.0,29.41,83.5,0.0,48.6,45.9
554.476,90,164.0,1606.0,62.0,9.0,29.41,83.5,0.0,48.6,50.2
554.567,90,164.0,1606.0,62.0,9.0,29.41,83.5,0.0,48.6,50.2
554.656,90,178.0,1606.0,62.0,9.0,29.41,83.5,0.0,48.6,50.2
554.748,90,178.0,1661.0,62.0,9.0,29.41,83.5,0.0,48.6,50.2
554.835,90,178.0,1661.0,65.0,9.0,29.41,83.5,0.0,48.6,50.2
554.926,90,178.0,1661.0,65.0,10.0,29.41,83.5,0.0,48.6,50.2
554.987,90,178.0,1661.0,65.0,10.0,49.44,83.5,0.0,48.6,50.2
555.076,90,178.0,1661.0,65.0,10.0,49.44,83.5,0.0,48.6,50.2
555.167,90,178.0,1661.0,65.0,10.0,49.44,83.5,0.0,48.6,50.2
555.256,90,178.0,1661.0,65.0,10.0,49.44,83.5,0.0,55.7,50.2
555.347,90,178.0,1661.0,65.0,10.0,49.44,83.5,0.0,55.7,57.3
555.437,90,178.0,1661.0,65.0,10.0,49.44,83.5,0.0,55.7,57.3
555.527,90,216.0,1661.0,65.0,10.0,49.44,83.5,0.0,55.7,57.3
555.617,90,216.0,1744.0,65.0,10.0,49.44,83.5,0.0,55.7,57.3
555.708,90,216.0,1744.0,68.0,10.0,49.44,83.5,0.0,55.7,57.3
555.795,90,216.0,1744.0,68.0,12.0,49.44,83.5,0.0,55.7,57.3
555.886,90,216.0,1744.0,68.0,12.0,59.86,83.5,0.0,55.7,57.3
555.976,90,216.0,1744.0,68.0,12.0,59.86,83.5,0.0,55.7,57.3
556.067,90,216.0,1744.0,68.0,12.0,59.86,83.5,0.0,55.7,57.3
556.157,90,216.0,1744.0,68.0,12.0,59.86,83.5,0.0,58.8,57.3
556.247,90,216.0,1744.0,68.0,12.0,59.86,83.5,0.0,58.8,59.2
556.336,90,216.0,1744.0,68.0,12.0,59.86,83.5,0.0,58.8,59.2
556.428,90,222.0,1744.0,68.0,12.0,59.86,83.5,0.0,58.8,59.2
556.547,90,222.0,1874.0,68.0,12.0,59.86,83.5,0.0,58.8,59.2
556.636,90,222.0,1874.0,73.0,12.0,59.86,83.5,0.0,58.8,59.2
556.727,90,222.0,1874.0,73.0,11.0,59.86,83.5,0.0,58.8,59.2
556.815,90,222.0,1874.0,73.0,11.0,64.77,83.5,0.0,58.8,59.2
556.906,90,222.0,1874.0,73.0,11.0,64.77,83.5,0.0,58.8,59.2
556.997,90,222.0,1874.0,73.0,11.0,64.77,83.5,0.0,58.8,59.2
557.087,90,222.0,1874.0,73.0,11.0,64.77,83.5,0.0,58.8,59.2
557.176,90,222.0,1874.0,73.0,11.0,64.77,83.5,0.0,58.8,59.2
557.267,90,222.0,1874.0,73.0,11.0,64.77,83.5,0.0,58.8,59.2
557.356,90,225.0,1874.0,73.0,11.0,64.77,83.5,0.0,58.8,59.2
557.448,90,225.0,1997.0,73.0,11.0,64.77,83.5,0.0,58.8,59.2
557.536,90,225.0,1997.0,78.0,11.0,64.77,83.5,0.0,58.8,59.2
557.626,90,225.0,1997.0,78.0,11.0,64.77,83.5,0.0,58.8,59.2
557.717,90,225.0,1997.0,78.0,11.0,69.74,83.5,0.0,58.8,59.2
557.805,90,225.0,1997.0,78.0,11.0,69.74,83.5,0.0,58.8,59.2
557.896,90,225.0,1997.0,78.0,11.0,69.74,83.5,0.0,58.8,59.2
557.986,90,225.0,1997.0,78.0,11.0,69.74,83.5,0.0,58.8,59.2
558.076,90,225.0,1997.0,78.0,11.0,69.74,83.5,0.0,58.8,59.6
558.138,90,225.0,1997.0,78.0,11.0,69.74,83.5,0.0,58.8,59.6
558.226,90,225.0,1997.0,78.0,11.0,69.74,83.5,0.0,58.8,59.6
558.316,90,225.0,2111.0,78.0,11.0,69.74,83.5,0.0,58.8,59.6
558.408,90,225.0,2111.0,82.0,11.0,69.74,83.5,0.0,58.8,59.6
558.496,90,225.0,2111.0,82.0,11.0,69.74,83.5,0.0,58.8,59.6
558.586,90,225.0,2111.0,82.0,11.0,65.66,83.5,0.0,58.8,59.6
558.676,90,225.0,2111.0,82.0,11.0,65.66,83.5,0.0,58.8,59.6
558.775,90,225.0,2111.0,82.0,11.0,65.66,83.5,0.0,58.8,59.6
558.856,90,225.0,2111.0,82.0,11.0,65.66,83.5,0.0,14.1,59.6
558.946,90,225.0,2111.0,82.0,11.0,65.66,83.5,0.0,14.1,14.5
559.037,90,225.0,2111.0,82.0,11.0,65.66,83.5,0.0,14.1,14.5
559.126,90,134.0,2111.0,82.0,11.0,65.66,83.5,0.0,14.1,14.5
559.216,90,134.0,1616.0,82.0,11.0,65.66,83.5,0.0,14.1,14.5
559.308,90,134.0,1616.0,82.0,11.0,65.66,83.5,0.0,14.1,14.5
559.396,90,134.0,1616.0,82.0,9.0,65.66,83.5,0.0,14.1,14.5
559.486,90,134.0,1616.0,82.0,9.0,17.33,83.5,0.0,14.1,14.5
559.576,90,134.0,1616.0,82.0,9.0,17.33,83.5,0.0,14.1,14.5
559.668,90,134.0,1616.0,82.0,9.0,17.33,83.5,0.0,14.1,14.5
559.758,90,134.0,1616.0,82.0,9.0,17.33,83.5,0.0,57.6,14.5
559.875,90,134.0,1616.0,82.0,9.0,17.33,83.5,0.0,57.6,58.8
559.966,90,134.0,1616.0,82.0,9.0,17.33,83.5,0.0,57.6,58.8
560.056,90,154.0,1616.0,82.0,9.0,17.33,83.5,0.0,57.6,58.8
560.147,90,154.0,1683.0,82.0,9.0,17.33,83.5,0.0,57.6,58.8
560.236,90,154.0,1683.0,83.0,9.0,17.33,83.5,0.0,57.6,58.8
560.326,90,154.0,1683.0,83.0,5.0,17.33,83.5,0.0,57.6,58.8
560.416,90,154.0,1683.0,83.0,5.0,49.38,83.5,0.0,57.6,58.8
560.506,90,154.0,1683.0,83.0,5.0,49.38,83.5,0.0,57.6,58.8
560.596,90,154.0,1683.0,83.0,5.0,49.38,83.5,0.0,57.6,58.8
560.687,90,154.0,1683.0,83.0,5.0,49.38,83.5,0.0,58.8,58.8
560.776,90,154.0,1683.0,83.0,5.0,49.38,83.5,0.0,58.8,59.2
560.865,90,154.0,1683.0,83.0,5.0,49.38,83.5,0.0,58.8,59.2
560.956,90,226.0,1683.0,83.0,5.0,49.38,83.5,0.0,58.8,59.2
561.047,90,226.0,1737.0,83.0,5.0,49.38,83.5,0.0,58.8,59.2
561.136,90,226.0,1737.0,86.0,5.0,49.38,83.5,0.0,58.8,59.2
561.227,90,226.0,1737.0,86.0,9.0,49.38,83.5,0.0,58.8,59.2
561.288,90,226.0,1737.0,86.0,9.0,58.49,83.5,0.0,58.8,59.2
561.376,90,226.0,1737.0,86.0,9.0,58.49,83.5,0.0,58.8,59.2
561.437,90,226.0,1737.0,86.0,9.0,58.49,83.5,0.0,58.8,59.2
561.527,90,226.0,1737.0,86.0,9.0,58.49,83.5,0.0,53.7,59.2
561.616,90,226.0,1737.0,86.0,9.0,58.49,83.5,0.0,53.7,47.1
561.706,90,226.0,1737.0,86.0,9.0,58.49,83.5,0.0,53.7,47.1
561.795,90,196.0,1737.0,86.0,9.0,58.49,83.5,0.0,53.7,47.1
561.885,90,196.0,1655.0,86.0,9.0,58.49,83.5,0.0,53.7,47.1
561.976,90,196.0,1655.0,88.0,9.0,58.49,83.5,0.0,53.7,47.1
562.037,90,196.0,1655.0,88.0,10.0,58.49,83.5,0.0,53.7,47.1
562.127,90,196.0,1655.0,88.0,10.0,27.91,83.5,0.0,53.7,47.1
562.187,90,196.0,1655.0,88.0,10.0,27.91,31.0,0.0,53.7,47.1
562.276,90,196.0,1655.0,88.0,10.0,27.91,31.0,0.0,53.7,47.1
562.366,90,196.0,1655.0,88.0,10.0,27.91,31.0,0.0,41.2,47.1
562.457,90,196.0,1655.0,88.0,10.0,27.91,31.0,0.0,41.2,46.3
562.547,90,196.0,1655.0,88.0,10.0,27.91,31.0,0.0,41.2,46.3
562.636,90,125.0,1655.0,88.0,10.0,27.91,31.0,0.0,41.2,46.3
562.727,90,125.0,1483.0,88.0,10.0,27.91,31.0,0.0,41.2,46.3
562.817,90,125.0,1483.0,87.0,10.0,27.91,31.0,0.0,41.2,46.3
562.905,90,125.0,1483.0,87.0,7.0,27.91,31.0,0.0,41.2,46.3
562.995,90,125.0,1483.0,87.0,7.0,33.86,31.0,0.0,41.2,46.3
563.085,90,125.0,1483.0,87.0,7.0,33.86,83.5,0.0,41.2,46.3
563.176,90,125.0,1483.0,87.0,7.0,33.86,83.5,0.0,41.2,46.3
563.237,90,125.0,1483.0,87.0,7.0,33.86,83.5,0.0,52.2,46.3
563.326,90,125.0,1483.0,87.0,7.0,33.86,83.5,0.0,52.2,52.5
563.387,90,125.0,1483.0,87.0,7.0,33.86,83.5,0.0,52.2,52.5
563.476,90,170.0,1483.0,87.0,7.0,33.86,83.5,0.0,52.2,52.5
563.566,90,170.0,1501.0,87.0,7.0,33.86,83.5,0.0,52.2,52.5
563.656,90,170.0,1501.0,89.0,7.0,33.86,83.5,0.0,52.2,52.5
563.748,90,170.0,1501.0,89.0,6.0,33.86,83.5,0.0,52.2,52.5
563.836,90,170.0,1501.0,89.0,6.0,43.58,83.5,0.0,52.2,52.5
563.926,90,170.0,1501.0,89.0,6.0,43.58,83.5,0.0,52.2,52.5
564.016,90,170.0,1501.0,89.0,6.0,43.58,83.5,0.0,52.2,52.5
564.106,90,170.0,1501.0,89.0,6.0,43.58,83.5,0.0,56.9,52.5
564.196,90,170.0,1501.0,89.0,6.0,43.58,83.5,0.0,56.9,52.2
564.286,90,170.0,1501.0,89.0,6.0,43.58,83.5,0.0,56.9,52.2
564.375,90,207.0,1501.0,89.0,6.0,43.58,83.5,0.0,56.9,52.2
564.465,90,207.0,1522.0,89.0,6.0,43.58,83.5,0.0,56.9,52.2
564.555,90,207.0,1522.0,91.0,6.0,43.58,83.5,0.0,56.9,52.2
564.645,90,207.0,1522.0,91.0,8.0,43.58,83.5,0.0,56.9,52.2
564.736,90,207.0,1522.0,91.0,8.0,31.02,83.5,0.0,56.9,52.2
564.828,90,207.0,1522.0,91.0,8.0,31.02,31.0,0.0,56.9,52.2
564.886,90,207.0,1522.0,91.0,8.0,31.02,31.0,0.0,56.9,52.2
564.975,90,207.0,1522.0,91.0,8.0,31.02,31.0,0.0,14.1,52.2
565.036,90,207.0,1522.0,91.0,8.0,31.02,31.0,0.0,14.1,14.5
565.126,90,207.0,1522.0,91.0,8.0,31.02,31.0,0.0,14.1,14.5
565.187,90,123.0,1522.0,91.0,8.0,31.02,31.0,0.0,14.1,14.5
565.276,90,123.0,1543.0,91.0,8.0,31.02,31.0,0.0,14.1,14.5
565.336,90,123.0,1543.0,91.0,8.0,31.02,31.0,0.0,14.1,14.5
565.426,90,123.0,1543.0,91.0,8.0,31.02,31.0,0.0,14.1,14.5
565.517,90,123.0,1543.0,91.0,8.0,26.19,31.0,0.0,14.1,14.5
565.607,90,123.0,1543.0,91.0,8.0,26.19,82.7,0.0,14.1,14.5
565.696,90,123.0,1543.0,91.0,8.0,26.19,82.7,0.0,14.1,14.5
565.788,90,123.0,1543.0,91.0,8.0,26.19,82.7,0.0,14.1,14.5
565.876,90,123.0,1543.0,91.0,8.0,26.19,82.7,0.0,14.1,14.5
565.966,90,123.0,1543.0,91.0,8.0,26.19,82.7,0.0,14.1,14.5
566.057,90,156.0,1543.0,91.0,8.0,26.19,82.7,0.0,14.1,14.5
566.147,90,156.0,1556.0,91.0,8.0,26.19,82.7,0.0,14.1,14.5
566.236,90,156.0,1556.0,92.0,8.0,26.19,82.7,0.0,14.1,14.5
566.326,90,156.0,1556.0,92.0,6.0,26.19,82.7,0.0,14.1,14.5
566.386,90,156.0,1556.0,92.0,6.0,29.11,82.7,0.0,14.1,14.5
566.475,90,156.0,1556.0,92.0,6.0,29.11,83.5,0.0,14.1,14.5
566.536,90,156.0,1556.0,92.0,6.0,29.11,83.5,0.0,14.1,14.5
566.625,90,156.0,1556.0,92.0,6.0,29.11,83.5,0.0,14.1,14.5
566.716,90,156.0,1556.0,92.0,6.0,29.11,83.5,0.0,14.1,14.5
566.805,90,156.0,1556.0,92.0,6.0,29.11,83.5,0.0,14.1,14.5
566.896,90,162.0,1556.0,92.0,6.0,29.11,83.5,0.0,14.1,14.5
566.986,90,162.0,1565.0,92.0,6.0,29.11,83.5,0.0,14.1,14.5
567.076,90,162.0,1565.0,93.0,6.0,29.11,83.5,0.0,14.1,14.5
567.166,90,162.0,1565.0,93.0,6.0,29.11,83.5,0.0,14.1,14.5
567.227,90,162.0,1565.0,93.0,6.0,27.77,83.5,0.0,14.1,14.5
567.288,90,162.0,1565.0,93.0,6.0,27.77,83.5,0.0,14.1,14.5
567.376,90,162.0,1565.0,93.0,6.0,27.77,83.5,0.0,14.1,14.5
567.439,90,162.0,1565.0,93.0,6.0,27.77,83.5,0.0,14.1,14.5
567.526,90,162.0,1565.0,93.0,6.0,27.77,83.5,0.0,14.1,14.5
567.59,90,162.0,1565.0,93.0,6.0,27.77,83.5,0.0,14.1,14.5
567.677,90,156.0,1565.0,93.0,6.0,27.77,83.5,0.0,14.1,14.5
567.738,90,156.0,1577.0,93.0,6.0,27.77,83.5,0.0,14.1,14.5
567.825,90,156.0,1577.0,93.0,6.0,27.77,83.5,0.0,14.1,14.5
567.916,90,156.0,1577.0,93.0,6.0,27.77,83.5,0.0,14.1,14.5
568.007,90,156.0,1577.0,93.0,6.0,25.86,83.5,0.0,14.1,14.5
568.096,90,156.0,1577.0,93.0,6.0,25.86,83.5,0.0,14.1,14.5
568.186,90,156.0,1577.0,93.0,6.0,25.86,83.5,0.0,14.1,14.5
568.276,90,156.0,1577.0,93.0,6.0,25.86,83.5,0.0,14.1,14.5
568.338,90,156.0,1577.0,93.0,6.0,25.86,83.5,0.0,14.1,14.5
568.426,90,156.0,1577.0,93.0,6.0,25.86,83.5,0.0,14.1,14.5
568.488,90,150.0,1577.0,93.0,6.0,25.86,83.5,0.0,14.1,14.5
568.576,90,150.0,1592.0,93.0,6.0,25.86,83.5,0.0,14.1,14.5
568.638,90,150.0,1592.0,94.0,6.0,25.86,83.5,0.0,14.1,14.5
568.726,90,150.0,1592.0,94.0,6.0,25.86,83.5,0.0,14.1,14.5
568.786,90,150.0,1592.0,94.0,6.0,24.52,83.5,0.0,14.1,14.5
568.875,90,150.0,1592.0,94.0,6.0,24.52,83.5,0.0,14.1,14.5
568.936,90,150.0,1592.0,94.0,6.0,24.52,83.5,0.0,14.1,14.5
569.026,90,150.0,1592.0,94.0,6.0,24.52,83.5,0.0,14.1,14.5
569.116,90,150.0,1592.0,94.0,6.0,24.52,83.5,0.0,14.1,14.5
569.207,91,150.0,1592.0,94.0,6.0,24.52,83.5,0.0,14.1,14.5
569.297,91,140.0,1592.0,94.0,6.0,24.52,83.5,0.0,14.1,14.5
569.387,91,140.0,1596.0,94.0,6.0,24.52,83.5,0.0,14.1,14.5
569.476,91,140.0,1596.0,94.0,6.0,24.52,83.5,0.0,14.1,14.5
569.537,91,140.0,1596.0,94.0,6.0,24.52,83.5,0.0,14.1,14.5
569.626,91,140.0,1596.0,94.0,6.0,23.02,83.5,0.0,14.1,14.5
569.693,91,140.0,1596.0,94.0,6.0,23.02,83.5,0.0,14.1,14.5
569.776,91,140.0,1596.0,94.0,6.0,23.02,83.5,0.0,14.1,14.5
569.836,91,140.0,1596.0,94.0,6.0,23.02,83.5,0.0,14.1,14.5
569.926,91,140.0,1596.0,94.0,6.0,23.02,83.5,0.0,14.1,14.5
569.988,91,140.0,1596.0,94.0,6.0,23.02,83.5,0.0,14.1,14.5
570.076,91,135.0,1596.0,94.0,6.0,23.02,83.5,0.0,14.1,14.5
570.138,91,135.0,1599.0,94.0,6.0,23.02,83.5,0.0,14.1,14.5
570.226,91,135.0,1599.0,94.0,6.0,23.02,83.5,0.0,14.1,14.5
570.317,91,135.0,1599.0,94.0,6.0,23.02,83.5,0.0,14.1,14.5
570.406,91,135.0,1599.0,94.0,6.0,22.05,83.5,0.0,14.1,14.5
570.496,91,135.0,1599.0,94.0,6.0,22.05,83.5,0.0,14.1,14.5
570.586,91,135.0,1599.0,94.0,6.0,22.05,83.5,0.0,14.1,14.5
570.677,91,135.0,1599.0,94.0,6.0,22.05,83.5,0.0,14.1,14.5
570.737,91,135.0,1599.0,94.0,6.0,22.05,83.5,0.0,14.1,14.5
570.826,91,135.0,1599.0,94.0,6.0,22.05,83.5,0.0,14.1,14.5
570.886,91,135.0,1599.0,94.0,6.0,22.05,83.5,0.0,14.1,14.5
570.976,91,135.0,1605.0,94.0,6.0,22.05,83.5,0.0,14.1,14.5
571.066,91,135.0,1605.0,95.0,6.0,22.05,83.5,0.0,14.1,14.5
571.156,91,135.0,1605.0,95.0,6.0,22.05,83.5,0.0,14.1,14.5
571.246,91,135.0,1605.0,95.0,6.0,21.63,83.5,0.0,14.1,14.5
571.336,91,135.0,1605.0,95.0,6.0,21.63,83.5,0.0,14.1,14.5
571.427,91,135.0,1605.0,95.0,6.0,21.63,83.5,0.0,14.1,14.5
571.488,91,135.0,1605.0,95.0,6.0,21.63,83.5,0.0,14.1,14.5
571.578,91,135.0,1605.0,95.0,6.0,21.63,83.5,0.0,14.1,14.5
571.638,90,135.0,1605.0,95.0,6.0,21.63,83.5,0.0,14.1,14.5
571.726,90,134.0,1605.0,95.0,6.0,21.63,83.5,0.0,14.1,14.5
571.788,90,134.0,1609.0,95.0,6.0,21.63,83.5,0.0,14.1,14.5
571.905,90,134.0,1609.0,95.0,6.0,21.63,83.5,0.0,14.1,14.5
571.996,90,134.0,1609.0,95.0,5.0,21.63,83.5,0.0,14.1,14.5
572.086,90,134.0,1609.0,95.0,5.0,20.83,83.5,0.0,14.1,14.5
572.176,90,134.0,1609.0,95.0,5.0,20.83,83.5,0.0,14.1,14.5
572.266,90,134.0,1609.0,95.0,5.0,20.83,83.5,0.0,14.1,14.5
572.356,90,134.0,1609.0,95.0,5.0,20.83,83.5,0.0,14.1,14.5
572.447,90,134.0,1609.0,95.0,5.0,20.83,83.5,0.0,14.1,14.5
572.536,90,134.0,1609.0,95.0,5.0,20.83,83.5,0.0,14.1,14.5
572.626,90,131.0,1609.0,95.0,5.0,20.83,83.5,0.0,14.1,14.5
572.689,90,131.0,1617.0,95.0,5.0,20.83,83.5,0.0,14.1,14.5
572.776,90,131.0,1617.0,96.0,5.0,20.83,83.5,0.0,14.1,14.5
572.836,90,131.0,1617.0,96.0,5.0,20.83,83.5,0.0,14.1,14.5
572.926,90,131.0,1617.0,96.0,5.0,19.3,83.5,0.0,14.1,14.5
572.986,90,131.0,1617.0,96.0,5.0,19.3,83.5,0.0,14.1,14.5
573.076,90,131.0,1617.0,96.0,5.0,19.3,83.5,0.0,14.1,14.5
573.137,90,131.0,1617.0,96.0,5.0,19.3,83.5,0.0,14.1,14.5
573.227,90,131.0,1617.0,96.0,5.0,19.3,83.5,0.0,14.1,14.5
573.288,90,131.0,1617.0,96.0,5.0,19.3,83.5,0.0,14.1,14.5
573.376,90,126.0,1617.0,96.0,5.0,19.3,83.5,0.0,14.1,14.5
573.467,90,126.0,1619.0,96.0,5.0,19.3,83.5,0.0,14.1,14.5
573.528,90,126.0,1619.0,96.0,5.0,19.3,83.5,0.0,14.1,14.5
573.588,90,126.0,1619.0,96.0,5.0,19.3,83.5,0.0,14.1,14.5
573.676,90,126.0,1619.0,96.0,5.0,18.86,83.5,0.0,14.1,14.5
573.767,90,126.0,1619.0,96.0,5.0,18.86,83.5,0.0,14.1,14.5
573.855,90,126.0,1619.0,96.0,5.0,18.86,83.5,0.0,14.1,14.5
573.946,90,126.0,1619.0,96.0,5.0,18.86,83.5,0.0,14.1,14.5
574.036,90,126.0,1619.0,96.0,5.0,18.86,83.5,0.0,14.1,14.5
574.126,90,126.0,1619.0,96.0,5.0,18.86,83.5,0.0,14.1,14.5
574.188,90,122.0,1619.0,96.0,5.0,18.86,83.5,0.0,14.1,14.5
574.276,90,122.0,1626.0,96.0,5.0,18.86,83.5,0.0,14.1,14.5
574.338,90,122.0,1626.0,96.0,5.0,18.86,83.5,0.0,14.1,14.5
574.428,90,122.0,1626.0,96.0,5.0,18.86,83.5,0.0,14.1,14.5
574.488,90,122.0,1626.0,96.0,5.0,16.66,83.5,0.0,14.1,14.5
574.576,90,122.0,1626.0,96.0,5.0,16.66,83.5,0.0,14.1,14.5
574.666,90,122.0,1626.0,96.0,5.0,16.66,83.5,0.0,14.1,14.5
574.727,90,122.0,1626.0,96.0,5.0,16.66,83.5,0.0,14.1,14.5
574.793,90,122.0,1626.0,96.0,5.0,16.66,83.5,0.0,14.1,14.5
574.875,90,122.0,1626.0,96.0,5.0,16.66,83.5,0.0,14.1,14.5
574.936,90,116.0,1626.0,96.0,5.0,16.66,83.5,0.0,14.1,14.5
575.026,90,116.0,1629.0,96.0,5.0,16.66,83.5,0.0,14.1,14.5
575.116,90,116.0,1629.0,96.0,5.0,16.66,83.5,0.0,14.1,14.5
575.177,90,116.0,1629.0,96.0,5.0,16.66,83.5,0.0,14.1,14.5
575.266,90,116.0,1629.0,96.0,5.0,16.61,83.5,0.0,14.1,14.5
575.356,90,116.0,1629.0,96.0,5.0,16.61,83.5,0.0,14.1,14.5
575.446,90,116.0,1629.0,96.0,5.0,16.61,83.5,0.0,14.1,14.5
575.536,90,116.0,1629.0,96.0,5.0,16.61,83.5,0.0,14.1,14.5
575.626,90,116.0,1629.0,96.0,5.0,16.61,83.5,0.0,14.1,14.5
575.716,90,116.0,1629.0,96.0,5.0,16.61,83.5,0.0,14.1,14.5
575.806,90,112.0,1629.0,96.0,5.0,16.61,83.5,0.0,14.1,14.5
575.896,90,112.0,1634.0,96.0,5.0,16.61,83.5,0.0,14.1,14.5
575.986,90,112.0,1634.0,97.0,5.0,16.61,83.5,0.0,14.1,14.5
576.076,90,112.0,1634.0,97.0,5.0,16.61,83.5,0.0,14.1,14.5
576.166,90,112.0,1634.0,97.0,5.0,16.02,83.5,0.0,14.1,14.5
576.256,90,112.0,1634.0,97.0,5.0,16.02,83.5,0.0,14.1,14.5
576.346,90,112.0,1634.0,97.0,5.0,16.02,83.5,0.0,14.1,14.5
576.436,90,112.0,1634.0,97.0,5.0,16.02,83.5,0.0,14.1,14.5
576.556,90,112.0,1634.0,97.0,5.0,16.02,83.5,0.0,14.1,14.5
576.646,90,112.0,1634.0,97.0,5.0,16.02,83.5,0.0,14.1,14.5
576.737,90,110.0,1634.0,97.0,5.0,16.02,83.5,0.0,14.1,14.5
576.825,90,110.0,1633.0,97.0,5.0,16.02,83.5,0.0,14.1,14.5
576.915,90,110.0,1633.0,97.0,5.0,16.02,83.5,0.0,14.1,14.5
577.005,90,110.0,1633.0,97.0,5.0,16.02,83.5,0.0,14.1,14.5
577.095,90,110.0,1633.0,97.0,5.0,14.24,83.5,0.0,14.1,14.5
577.186,90,110.0,1633.0,97.0,5.0,14.24,83.5,0.0,14.1,14.5
577.276,90,110.0,1633.0,97.0,5.0,14.24,83.5,0.0,14.1,14.5
577.366,90,110.0,1633.0,97.0,5.0,14.24,83.5,0.0,14.1,14.5
577.456,90,110.0,1633.0,97.0,5.0,14.24,83.5,0.0,14.1,14.5
577.547,90,110.0,1633.0,97.0,5.0,14.24,83.5,0.0,14.1,14.5
577.636,90,106.0,1633.0,97.0,5.0,14.24,83.5,0.0,14.1,14.5
577.726,90,106.0,1639.0,97.0,5.0,14.24,83.5,0.0,14.1,14.5
577.816,90,106.0,1639.0,97.0,5.0,14.24,83.5,0.0,14.1,14.5
577.876,90,106.0,1639.0,97.0,5.0,14.24,83.5,0.0,14.1,14.5
577.966,90,106.0,1639.0,97.0,5.0,14.27,83.5,0.0,14.1,14.5
578.026,90,106.0,1639.0,97.0,5.0,14.27,83.5,0.0,14.1,14.5
578.116,90,106.0,1639.0,97.0,5.0,14.27,83.5,0.0,14.1,14.5
578.206,90,106.0,1639.0,97.0,5.0,14.27,83.5,0.0,14.1,14.5
578.296,90,106.0,1639.0,97.0,5.0,14.27,83.5,0.0,14.1,14.5
578.386,90,106.0,1639.0,97.0,5.0,14.27,83.5,0.0,14.1,14.5
578.476,90,101.0,1639.0,97.0,5.0,14.27,83.5,0.0,14.1,14.5
578.566,90,101.0,1630.0,97.0,5.0,14.27,83.5,0.0,14.1,14.5
578.628,90,101.0,1630.0,97.0,5.0,14.27,83.5,0.0,14.1,14.5
578.716,90,101.0,1630.0,97.0,5.0,14.27,83.5,0.0,14.1,14.5
578.778,90,101.0,1630.0,97.0,5.0,14.99,83.5,0.0,14.1,14.5
578.865,90,101.0,1630.0,97.0,5.0,14.99,83.5,0.0,14.1,14.5
578.956,90,101.0,1630.0,97.0,5.0,14.99,83.5,0.0,14.1,14.5
579.046,90,101.0,1630.0,97.0,5.0,14.99,83.5,0.0,14.1,14.5
579.136,90,101.0,1630.0,97.0,5.0,14.99,83.5,0.0,14.1,14.5
579.226,90,101.0,1630.0,97.0,5.0,14.99,83.5,0.0,14.1,14.5
579.316,90,109.0,1630.0,97.0,5.0,14.99,83.5,0.0,14.1,14.5
579.406,90,109.0,1637.0,97.0,5.0,14.99,83.5,0.0,14.1,14.5
579.469,90,109.0,1637.0,97.0,5.0,14.99,83.5,0.0,14.1,14.5
579.527,90,109.0,1637.0,97.0,6.0,14.99,83.5,0.0,14.1,14.5
579.616,90,109.0,1637.0,97.0,6.0,16.02,83.5,0.0,14.1,14.5
579.706,90,109.0,1637.0,97.0,6.0,16.02,83.5,0.0,14.1,14.5
579.796,90,109.0,1637.0,97.0,6.0,16.02,83.5,0.0,14.1,14.5
579.885,90,109.0,1637.0,97.0,6.0,16.02,83.5,0.0,14.1,14.5
579.976,90,109.0,1637.0,97.0,6.0,16.02,83.5,0.0,14.1,14.5
580.066,90,109.0,1637.0,97.0,6.0,16.02,83.5,0.0,14.1,14.5
580.159,90,115.0,1637.0,97.0,6.0,16.02,83.5,0.0,14.1,14.5
580.246,90,115.0,1636.0,97.0,6.0,16.02,83.5,0.0,14.1,14.5
580.336,90,115.0,1636.0,97.0,6.0,16.02,83.5,0.0,14.1,14.5
580.426,90,115.0,1636.0,97.0,6.0,16.02,83.5,0.0,14.1,14.5
580.516,90,115.0,1636.0,97.0,6.0,16.66,83.5,0.0,14.1,14.5
580.578,90,115.0,1636.0,97.0,6.0,16.66,83.5,0.0,14.1,14.5
580.666,90,115.0,1636.0,97.0,6.0,16.66,83.5,0.0,14.1,14.5
580.728,90,115.0,1636.0,97.0,6.0,16.66,83.5,0.0,14.1,14.5
580.816,90,115.0,1636.0,97.0,6.0,16.66,83.5,0.0,14.1,14.5
580.906,90,115.0,1636.0,97.0,6.0,16.66,83.5,0.0,14.1,14.5
580.996,90,117.0,1636.0,97.0,6.0,16.66,83.5,0.0,14.1,14.5
581.086,90,117.0,1634.0,97.0,6.0,16.66,83.5,0.0,14.1,14.5
581.176,90,117.0,1634.0,97.0,6.0,16.66,83.5,0.0,14.1,14.5
581.266,90,117.0,1634.0,97.0,6.0,16.66,83.5,0.0,14.1,14.5
581.356,90,117.0,1634.0,97.0,6.0,29.02,83.5,0.0,14.1,14.5
581.419,90,117.0,1634.0,97.0,6.0,29.02,83.5,0.0,14.1,14.5
581.536,90,117.0,1634.0,97.0,6.0,29.02,83.5,0.0,14.1,14.5
581.626,90,117.0,1634.0,97.0,6.0,29.02,83.5,0.0,14.1,14.5
581.716,90,117.0,1634.0,97.0,6.0,29.02,83.5,0.0,14.1,14.5
581.812,90,117.0,1634.0,97.0,6.0,29.02,83.5,0.0,14.1,14.5
581.866,90,119.0,1634.0,97.0,6.0,29.02,83.5,0.0,14.1,14.5
581.926,90,119.0,1634.0,97.0,6.0,29.02,83.5,0.0,14.1,14.5
582.016,90,119.0,1634.0,97.0,6.0,29.02,83.5,0.0,14.1,14.5
582.106,90,119.0,1634.0,97.0,8.0,29.02,83.5,0.0,14.1,14.5
582.196,90,119.0,1634.0,97.0,8.0,30.38,83.5,0.0,14.1,14.5
582.286,90,119.0,1634.0,97.0,8.0,30.38,83.5,0.0,14.1,14.5
582.376,90,119.0,1634.0,97.0,8.0,30.38,83.5,0.0,14.1,14.5
582.466,90,119.0,1634.0,97.0,8.0,30.38,83.5,0.0,14.1,14.5
582.527,90,119.0,1634.0,97.0,8.0,30.38,83.5,0.0,14.1,14.5
582.616,90,119.0,1634.0,97.0,8.0,30.38,83.5,0.0,14.1,14.5
582.677,90,119.0,1634.0,97.0,8.0,30.38,83.5,0.0,14.1,14.5
582.765,90,119.0,1641.0,97.0,8.0,30.38,83.5,0.0,14.1,14.5
582.832,90,119.0,1641.0,97.0,8.0,30.38,83.5,0.0,14.1,14.5
582.916,90,119.0,1641.0,97.0,9.0,30.38,83.5,0.0,14.1,14.5
582.978,90,119.0,1641.0,97.0,9.0,30.47,83.5,0.0,14.1,14.5
583.066,90,119.0,1641.0,97.0,9.0,30.47,83.5,0.0,14.1,14.5
583.128,90,119.0,1641.0,97.0,9.0,30.47,83.5,0.0,14.1,14.5
583.216,90,119.0,1641.0,97.0,9.0,30.47,83.5,0.0,14.1,14.5
583.306,90,119.0,1641.0,97.0,9.0,30.47,83.5,0.0,14.1,14.5
583.396,90,119.0,1641.0,97.0,9.0,30.47,83.5,0.0,14.1,14.5
583.486,90,119.0,1641.0,97.0,9.0,30.47,83.5,0.0,14.1,14.5
583.576,90,119.0,1639.0,97.0,9.0,30.47,83.5,0.0,14.1,14.5
583.666,90,119.0,1639.0,97.0,9.0,30.47,83.5,0.0,14.1,14.5
583.728,90,119.0,1639.0,97.0,9.0,30.47,83.5,0.0,14.1,14.5
583.815,90,119.0,1639.0,97.0,9.0,30.24,83.5,0.0,14.1,14.5
583.876,90,119.0,1639.0,97.0,9.0,30.24,83.5,0.0,14.1,14.5
583.966,90,119.0,1639.0,97.0,9.0,30.24,83.5,0.0,14.1,14.5
584.056,90,119.0,1639.0,97.0,9.0,30.24,83.5,0.0,14.1,14.5
584.146,90,119.0,1639.0,97.0,9.0,30.24,83.5,0.0,14.1,14.5
584.236,90,119.0,1639.0,97.0,9.0,30.24,83.5,0.0,14.1,14.5
584.326,90,118.0,1639.0,97.0,9.0,30.24,83.5,0.0,14.1,14.5
584.417,90,118.0,1633.0,97.0,9.0,30.24,83.5,0.0,14.1,14.5
584.478,90,118.0,1633.0,97.0,9.0,30.24,83.5,0.0,14.1,14.5
584.566,90,118.0,1633.0,97.0,9.0,30.24,83.5,0.0,14.1,14.5
584.627,90,118.0,1633.0,97.0,9.0,30.27,83.5,0.0,14.1,14.5
584.716,90,118.0,1633.0,97.0,9.0,30.27,83.5,0.0,14.1,14.5
584.778,90,118.0,1633.0,97.0,9.0,30.27,83.5,0.0,14.1,14.5
584.865,90,118.0,1633.0,97.0,9.0,30.27,83.5,0.0,14.1,14.5
584.927,90,118.0,1633.0,97.0,9.0,30.27,83.5,0.0,14.1,14.5
585.016,90,118.0,1633.0,97.0,9.0,30.27,83.5,0.0,14.1,14.5
585.077,90,118.0,1633.0,97.0,9.0,30.27,83.5,0.0,14.1,14.5
585.166,90,118.0,1627.0,97.0,9.0,30.27,83.5,0.0,14.1,14.5
585.256,90,118.0,1627.0,96.0,9.0,30.27,83.5,0.0,14.1,14.5
585.346,90,118.0,1627.0,96.0,8.0,30.27,83.5,0.0,14.1,14.5
585.436,90,118.0,1627.0,96.0,8.0,29.33,83.5,0.0,14.1,14.5
585.526,90,118.0,1627.0,96.0,8.0,29.33,83.5,0.0,14.1,14.5
585.616,90,118.0,1627.0,96.0,8.0,29.33,83.5,0.0,14.1,14.5
585.677,90,118.0,1627.0,96.0,8.0,29.33,83.5,0.0,14.1,14.5
585.767,90,118.0,1627.0,96.0,8.0,29.33,83.5,0.0,14.1,14.5
585.827,90,118.0,1627.0,96.0,8.0,29.33,83.5,0.0,14.1,14.5
585.916,90,118.0,1627.0,96.0,8.0,29.33,83.5,0.0,14.1,14.5
585.976,90,118.0,1606.0,96.0,8.0,29.33,83.5,0.0,14.1,14.5
586.066,90,118.0,1606.0,95.0,8.0,29.33,83.5,0.0,14.1,14.5
586.126,90,118.0,1606.0,95.0,8.0,29.33,83.5,0.0,14.1,14.5
586.216,90,118.0,1606.0,95.0,8.0,29.05,83.5,0.0,14.1,14.5
586.276,90,118.0,1606.0,95.0,8.0,29.05,83.5,0.0,14.1,14.5
586.366,90,118.0,1606.0,95.0,8.0,29.05,83.5,0.0,14.1,14.5
586.456,90,118.0,1606.0,95.0,8.0,29.05,83.5,0.0,14.1,14.5
586.546,90,118.0,1606.0,95.0,8.0,29.05,83.5,0.0,14.1,14.5
586.636,90,118.0,1606.0,95.0,8.0,29.05,83.5,0.0,14.1,14.5
586.726,90,117.0,1606.0,95.0,8.0,29.05,83.5,0.0,14.1,14.5
586.816,90,117.0,1571.0,95.0,8.0,29.05,83.5,0.0,14.1,14.5
586.876,90,117.0,1571.0,93.0,8.0,29.05,83.5,0.0,14.1,14.5
586.966,90,117.0,1571.0,93.0,8.0,29.05,83.5,0.0,14.1,14.5
587.027,90,117.0,1571.0,93.0,8.0,28.22,83.5,0.0,14.1,14.5
587.116,90,117.0,1571.0,93.0,8.0,28.22,83.5,0.0,14.1,14.5
587.177,90,117.0,1571.0,93.0,8.0,28.22,83.5,0.0,14.1,14.5
587.266,90,117.0,1571.0,93.0,8.0,28.22,83.5,0.0,14.1,14.5
587.326,90,117.0,1571.0,93.0,8.0,28.22,83.5,0.0,14.1,14.5
587.416,90,117.0,1571.0,93.0,8.0,28.22,83.5,0.0,14.1,14.5
587.477,90,116.0,1571.0,93.0,8.0,28.22,83.5,0.0,14.1,14.5
587.565,90,116.0,1540.0,93.0,8.0,28.22,83.5,0.0,14.1,14.5
587.655,90,116.0,1540.0,91.0,8.0,28.22,83.5,0.0,14.1,14.5
587.716,90,116.0,1540.0,91.0,8.0,28.22,83.5,0.0,14.1,14.5
587.777,90,116.0,1540.0,91.0,8.0,27.69,83.5,0.0,14.1,14.5
587.865,90,116.0,1540.0,91.0,8.0,27.69,83.5,0.0,14.1,14.5
587.927,90,116.0,1540.0,91.0,8.0,27.69,83.5,0.0,14.1,14.5
588.016,90,116.0,1540.0,91.0,8.0,27.69,83.5,0.0,14.1,14.5
588.077,90,116.0,1540.0,91.0,8.0,27.69,83.5,0.0,14.1,14.5
588.166,90,116.0,1540.0,91.0,8.0,27.69,83.5,0.0,14.1,14.5
588.228,90,115.0,1540.0,91.0,8.0,27.69,83.5,0.0,14.1,14.5
588.316,90,115.0,1513.0,91.0,8.0,27.69,83.5,0.0,14.1,14.5
588.378,90,115.0,1513.0,90.0,8.0,27.69,83.5,0.0,14.1,14.5
588.466,90,115.0,1513.0,90.0,8.0,27.69,83.5,0.0,14.1,14.5
588.527,90,115.0,1513.0,90.0,8.0,26.8,83.5,0.0,14.1,14.5
588.616,90,115.0,1513.0,90.0,8.0,26.8,83.5,0.0,14.1,14.5
588.677,90,115.0,1513.0,90.0,8.0,26.8,83.5,0.0,14.1,14.5
588.769,90,115.0,1513.0,90.0,8.0,26.8,83.5,0.0,14.1,14.5
588.826,90,115.0,1513.0,90.0,8.0,26.8,83.5,0.0,14.1,14.5
588.916,89,115.0,1513.0,90.0,8.0,26.8,83.5,0.0,14.1,14.5
588.976,89,114.0,1513.0,90.0,8.0,26.8,83.5,0.0,14.1,14.5
589.066,89,114.0,1483.0,90.0,8.0,26.8,83.5,0.0,14.1,14.5
589.127,89,114.0,1483.0,88.0,8.0,26.8,83.5,0.0,14.1,14.5
589.216,89,114.0,1483.0,88.0,7.0,26.8,83.5,0.0,14.1,14.5
589.277,89,114.0,1483.0,88.0,7.0,25.88,83.5,0.0,14.1,14.5
589.366,89,114.0,1483.0,88.0,7.0,25.88,83.5,0.0,14.1,14.5
589.427,89,114.0,1483.0,88.0,7.0,25.88,83.5,0.0,14.1,14.5
589.516,89,114.0,1483.0,88.0,7.0,25.88,83.5,0.0,14.1,14.5
589.578,89,114.0,1483.0,88.0,7.0,25.88,83.5,0.0,14.1,14.5
589.666,89,114.0,1483.0,88.0,7.0,25.88,83.5,0.0,14.1,14.5
589.727,89,113.0,1483.0,88.0,7.0,25.88,83.5,0.0,14.1,14.5
589.816,89,113.0,1442.0,88.0,7.0,25.88,83.5,0.0,14.1,14.5
589.876,89,113.0,1442.0,85.0,7.0,25.88,83.5,0.0,14.1,14.5
589.966,89,113.0,1442.0,85.0,7.0,25.88,83.5,0.0,14.1,14.5
590.027,89,113.0,1442.0,85.0,7.0,25.11,83.5,0.0,14.1,14.5
590.116,89,113.0,1442.0,85.0,7.0,25.11,83.5,0.0,14.1,14.5
590.177,89,113.0,1442.0,85.0,7.0,25.11,83.5,0.0,14.1,14.5
590.266,89,113.0,1442.0,85.0,7.0,25.11,83.5,0.0,14.1,14.5
590.328,89,113.0,1442.0,85.0,7.0,25.11,83.5,0.0,14.1,14.5
590.416,89,113.0,1442.0,85.0,7.0,25.11,83.5,0.0,14.1,14.5
590.477,89,113.0,1442.0,85.0,7.0,25.11,83.5,0.0,14.1,14.5
590.566,89,113.0,1408.0,85.0,7.0,25.11,83.5,0.0,14.1,14.5
590.628,89,113.0,1408.0,83.0,7.0,25.11,83.5,0.0,14.1,14.5
590.716,89,113.0,1408.0,83.0,7.0,25.11,83.5,0.0,14.1,14.5
590.778,89,113.0,1408.0,83.0,7.0,24.36,83.5,0.0,14.1,14.5
590.865,89,113.0,1408.0,83.0,7.0,24.36,83.5,0.0,14.1,14.5
590.926,89,113.0,1408.0,83.0,7.0,24.36,83.5,0.0,14.1,14.5
591.016,89,113.0,1408.0,83.0,7.0,24.36,83.5,0.0,14.1,14.5
591.077,89,113.0,1408.0,83.0,7.0,24.36,83.5,0.0,14.1,14.5
591.166,89,113.0,1408.0,83.0,7.0,24.36,83.5,0.0,14.1,14.5
591.227,89,112.0,1408.0,83.0,7.0,24.36,83.5,0.0,14.1,14.5
591.316,89,112.0,944.0,83.0,7.0,24.36,83.5,0.0,14.1,14.5
591.376,89,112.0,944.0,81.0,7.0,24.36,83.5,0.0,14.1,14.5
591.467,89,112.0,944.0,81.0,7.0,24.36,83.5,0.0,14.1,14.5
591.586,89,112.0,944.0,81.0,7.0,9.86,83.5,0.0,14.1,14.5
591.676,89,112.0,944.0,81.0,7.0,9.86,83.5,0.0,14.1,14.5
591.766,89,112.0,944.0,81.0,7.0,9.86,83.5,0.0,14.1,14.5
591.826,89,112.0,944.0,81.0,7.0,9.86,83.5,0.0,14.1,14.5
591.916,89,112.0,944.0,81.0,7.0,9.86,83.5,0.0,14.1,14.5
591.977,89,112.0,944.0,81.0,7.0,9.86,83.5,0.0,14.1,14.5
592.066,89,106.0,944.0,81.0,7.0,9.86,83.5,0.0,14.1,14.5
592.127,89,106.0,1572.0,81.0,7.0,9.86,83.5,0.0,14.1,14.5
592.216,89,106.0,1572.0,78.0,7.0,9.86,83.5,0.0,14.1,14.5
592.307,89,106.0,1572.0,78.0,5.0,9.86,83.5,0.0,14.1,14.5
592.396,89,106.0,1572.0,78.0,5.0,16.99,83.5,0.0,14.1,14.5
592.486,89,106.0,1572.0,78.0,5.0,16.99,83.5,0.0,14.1,14.5
592.576,89,106.0,1572.0,78.0,5.0,16.99,83.5,0.0,14.1,14.5
592.666,89,106.0,1572.0,78.0,5.0,16.99,83.5,0.0,14.1,14.5
592.727,89,106.0,1572.0,78.0,5.0,16.99,83.5,0.0,14.1,14.5
592.815,89,106.0,1572.0,78.0,5.0,16.99,83.5,0.0,14.1,14.5
592.876,89,112.0,1572.0,78.0,5.0,16.99,83.5,0.0,14.1,14.5
592.966,89,112.0,1508.0,78.0,5.0,16.99,83.5,0.0,14.1,14.5
593.027,89,112.0,1508.0,74.0,5.0,16.99,83.5,0.0,14.1,14.5
593.116,89,112.0,1508.0,74.0,4.0,16.99,83.5,0.0,14.1,14.5
593.177,89,112.0,1508.0,74.0,4.0,26.19,83.5,0.0,14.1,14.5
593.266,89,112.0,1508.0,74.0,4.0,26.19,83.5,0.0,14.1,14.5
593.327,89,112.0,1508.0,74.0,4.0,26.19,83.5,0.0,14.1,14.5
593.415,89,112.0,1508.0,74.0,4.0,26.19,83.5,0.0,14.1,14.5
593.476,89,112.0,1508.0,74.0,4.0,26.19,83.5,0.0,14.1,14.5
593.566,89,112.0,1508.0,74.0,4.0,26.19,83.5,0.0,14.1,14.5
593.627,89,113.0,1508.0,74.0,4.0,26.19,83.5,0.0,14.1,14.5
593.716,89,113.0,1459.0,74.0,4.0,26.19,83.5,0.0,14.1,14.5
593.777,89,113.0,1459.0,72.0,4.0,26.19,83.5,0.0,14.1,14.5
593.865,89,113.0,1459.0,72.0,7.0,26.19,83.5,0.0,14.1,14.5
593.926,89,113.0,1459.0,72.0,7.0,25.22,83.5,0.0,14.1,14.5
594.016,89,113.0,1459.0,72.0,7.0,25.22,83.5,0.0,14.1,14.5
594.077,89,113.0,1459.0,72.0,7.0,25.22,83.5,0.0,14.1,14.5
594.166,89,113.0,1459.0,72.0,7.0,25.22,83.5,0.0,17.6,14.5
594.228,89,113.0,1459.0,72.0,7.0,25.22,83.5,0.0,17.6,18.4
594.316,89,113.0,1459.0,72.0,7.0,25.22,83.5,0.0,17.6,18.4
594.376,89,112.0,1459.0,72.0,7.0,25.22,83.5,0.0,17.6,18.4
594.465,89,112.0,1432.0,72.0,7.0,25.22,83.5,0.0,17.6,18.4
594.526,89,112.0,1432.0,69.0,7.0,25.22,83.5,0.0,17.6,18.4
594.615,89,112.0,1432.0,69.0,8.0,25.22,83.5,0.0,17.6,18.4
594.678,89,112.0,1432.0,69.0,8.0,13.69,83.5,0.0,17.6,18.4
594.767,89,112.0,1432.0,69.0,8.0,13.69,83.5,0.0,17.6,18.4
594.826,89,112.0,1432.0,69.0,8.0,13.69,83.5,0.0,17.6,18.4
594.916,89,112.0,1432.0,69.0,8.0,13.69,83.5,0.0,28.6,18.4
594.978,89,112.0,1432.0,69.0,8.0,13.69,83.5,0.0,28.6,27.8
595.066,89,112.0,1432.0,69.0,8.0,13.69,83.5,0.0,28.6,27.8
595.127,89,106.0,1432.0,69.0,8.0,13.69,83.5,0.0,28.6,27.8
595.216,89,106.0,1388.0,69.0,8.0,13.69,83.5,0.0,28.6,27.8
595.278,89,106.0,1388.0,69.0,8.0,13.69,83.5,0.0,28.6,27.8
595.366,89,106.0,1388.0,69.0,5.0,13.69,83.5,0.0,28.6,27.8
595.429,89,106.0,1388.0,69.0,5.0,11.36,83.5,0.0,28.6,27.8
595.516,89,106.0,1388.0,69.0,5.0,11.36,83.5,0.0,28.6,27.8
595.577,89,106.0,1388.0,69.0,5.0,11.36,83.5,0.0,28.6,27.8
595.666,89,106.0,1388.0,69.0,5.0,11.36,83.5,0.0,14.1,27.8
595.728,89,106.0,1388.0,69.0,5.0,11.36,83.5,0.0,14.1,14.5
595.817,89,106.0,1388.0,69.0,5.0,11.36,83.5,0.0,14.1,14.5
595.876,89,106.0,1388.0,69.0,5.0,11.36,83.5,0.0,14.1,14.5
595.965,89,106.0,1372.0,69.0,5.0,11.36,83.5,0.0,14.1,14.5
596.027,89,106.0,1372.0,68.0,5.0,11.36,83.5,0.0,14.1,14.5
596.116,89,106.0,1372.0,68.0,4.0,11.36,83.5,0.0,14.1,14.5
596.178,89,106.0,1372.0,68.0,4.0,12.69,83.5,0.0,14.1,14.5
596.266,89,106.0,1372.0,68.0,4.0,12.69,83.5,0.0,14.1,14.5
596.328,89,106.0,1372.0,68.0,4.0,12.69,83.5,0.0,14.1,14.5
596.416,89,106.0,1372.0,68.0,4.0,12.69,83.5,0.0,14.1,14.5
596.478,89,106.0,1372.0,68.0,4.0,12.69,83.5,0.0,14.1,14.5
596.596,89,106.0,1372.0,68.0,4.0,12.69,83.5,0.0,14.1,14.5
596.686,89,109.0,1372.0,68.0,4.0,12.69,83.5,0.0,14.1,14.5
596.776,89,109.0,1353.0,68.0,4.0,12.69,83.5,0.0,14.1,14.5
596.865,89,109.0,1353.0,66.0,4.0,12.69,83.5,0.0,14.1,14.5
596.926,89,109.0,1353.0,66.0,6.0,12.69,83.5,0.0,14.1,14.5
597.016,89,109.0,1353.0,66.0,6.0,17.58,83.5,0.0,14.1,14.5
597.079,89,109.0,1353.0,66.0,6.0,17.58,83.5,0.0,14.1,14.5
597.166,89,109.0,1353.0,66.0,6.0,17.58,83.5,0.0,14.1,14.5
597.227,89,109.0,1353.0,66.0,6.0,17.58,83.5,0.0,28.2,14.5
597.316,89,109.0,1353.0,66.0,6.0,17.58,83.5,0.0,28.2,27.8
597.377,89,109.0,1353.0,66.0,6.0,17.58,83.5,0.0,28.2,27.8
597.466,89,106.0,1353.0,66.0,6.0,17.58,83.5,0.0,28.2,27.8
597.527,89,106.0,1331.0,66.0,6.0,17.58,83.5,0.0,28.2,27.8
597.616,89,106.0,1331.0,66.0,6.0,17.58,83.5,0.0,28.2,27.8
597.679,89,106.0,1331.0,66.0,6.0,17.58,83.5,0.0,28.2,27.8
597.765,89,106.0,1331.0,66.0,6.0,10.58,83.5,0.0,28.2,27.8
597.826,89,106.0,1331.0,66.0,6.0,10.58,83.5,0.0,28.2,27.8
597.916,89,106.0,1331.0,66.0,6.0,10.58,83.5,0.0,28.2,27.8
597.976,89,106.0,1331.0,66.0,6.0,10.58,83.5,0.0,25.9,27.8
598.066,89,106.0,1331.0,66.0,6.0,10.58,83.5,0.0,25.9,25.5
598.127,89,106.0,1331.0,66.0,6.0,10.58,83.5,0.0,25.9,25.5
598.216,89,105.0,1331.0,66.0,6.0,10.58,83.5,0.0,25.9,25.5
598.278,89,105.0,1315.0,66.0,6.0,10.58,83.5,0.0,25.9,25.5
598.366,89,105.0,1315.0,66.0,6.0,10.58,83.5,0.0,25.9,25.5
598.428,89,105.0,1315.0,66.0,4.0,10.58,83.5,0.0,25.9,25.5
598.516,89,105.0,1315.0,66.0,4.0,11.63,83.5,0.0,25.9,25.5
598.578,89,105.0,1315.0,66.0,4.0,11.63,83.5,0.0,25.9,25.5
598.666,89,105.0,1315.0,66.0,4.0,11.63,83.5,0.0,25.9,25.5
598.727,89,105.0,1315.0,66.0,4.0,11.63,83.5,0.0,14.5,25.5
598.815,89,105.0,1315.0,66.0,4.0,11.63,83.5,0.0,14.5,14.9
598.876,89,105.0,1315.0,66.0,4.0,11.63,83.5,0.0,14.5,14.9
598.966,89,105.0,1315.0,66.0,4.0,11.63,83.5,0.0,14.5,14.9
599.029,89,105.0,1035.0,66.0,4.0,11.63,83.5,0.0,14.5,14.9
599.116,89,105.0,1035.0,65.0,4.0,11.63,83.5,0.0,14.5,14.9
599.177,89,105.0,1035.0,65.0,4.0,11.63,83.5,0.0,14.5,14.9
599.266,89,105.0,1035.0,65.0,4.0,12.49,83.5,0.0,14.5,14.9
599.328,89,105.0,1035.0,65.0,4.0,12.49,83.5,0.0,14.5,14.9
599.417,89,105.0,1035.0,65.0,4.0,12.49,83.5,0.0,14.5,14.9
599.479,89,105.0,1035.0,65.0,4.0,12.49,83.5,0.0,25.5,14.9
599.567,89,105.0,1035.0,65.0,4.0,12.49,83.5,0.0,25.5,25.5
599.628,89,105.0,1035.0,65.0,4.0,12.49,83.5,0.0,25.5,25.5
599.717,89,105.0,1035.0,65.0,4.0,12.49,83.5,0.0,25.5,25.5
599.779,89,105.0,1665.0,65.0,4.0,12.49,83.5,0.0,25.5,25.5
599.865,89,105.0,1665.0,65.0,4.0,12.49,83.5,0.0,25.5,25.5
599.926,89,105.0,1665.0,65.0,2.0,12.49,83.5,0.0,25.5,25.5
600.016,89,105.0,1665.0,65.0,2.0,17.11,83.5,0.0,25.5,25.5
600.079,89,105.0,1665.0,65.0,2.0,17.11,83.5,0.0,25.5,25.5
600.166,89,105.0,1665.0,65.0,2.0,17.11,83.5,0.0,25.5,25.5
600.228,89,105.0,1665.0,65.0,2.0,17.11,83.5,0.0,36.1,25.5
600.317,89,105.0,1665.0,65.0,2.0,17.11,83.5,0.0,36.1,36.1
600.407,89,105.0,1665.0,65.0,2.0,17.11,83.5,0.0,36.1,36.1
600.469,89,120.0,1665.0,65.0,2.0,17.11,83.5,0.0,36.1,36.1
600.528,89,120.0,1667.0,65.0,2.0,17.11,83.5,0.0,36.1,36.1
600.617,89,120.0,1667.0,65.0,2.0,17.11,83.5,0.0,36.1,36.1
600.707,89,120.0,1667.0,65.0,7.0,17.11,83.5,0.0,36.1,36.1
600.767,89,120.0,1667.0,65.0,7.0,18.86,83.5,0.0,36.1,36.1
600.83,89,120.0,1667.0,65.0,7.0,18.86,83.5,0.0,36.1,36.1
600.915,89,120.0,1667.0,65.0,7.0,18.86,83.5,0.0,36.1,36.1
600.977,89,120.0,1667.0,65.0,7.0,18.86,83.5,0.0,36.1,36.1
601.066,89,120.0,1667.0,65.0,7.0,18.86,83.5,0.0,36.1,36.5
601.127,89,120.0,1667.0,65.0,7.0,18.86,83.5,0.0,36.1,36.5
601.217,89,128.0,1667.0,65.0,7.0,18.86,83.5,0.0,36.1,36.5
601.277,89,128.0,1687.0,65.0,7.0,18.86,83.5,0.0,36.1,36.5
601.366,89,128.0,1687.0,66.0,7.0,18.86,83.5,0.0,36.1,36.5
601.428,89,128.0,1687.0,66.0,7.0,18.86,83.5,0.0,36.1,36.5
601.517,89,128.0,1687.0,66.0,7.0,19.22,83.5,0.0,36.1,36.5
601.637,89,128.0,1687.0,66.0,7.0,19.22,83.5,0.0,36.1,36.5
601.726,89,128.0,1687.0,66.0,7.0,19.22,83.5,0.0,36.1,36.5
601.829,89,128.0,1687.0,66.0,7.0,19.22,83.5,0.0,35.7,36.5
601.876,89,128.0,1687.0,66.0,7.0,19.22,83.5,0.0,35.7,36.1
601.965,89,128.0,1687.0,66.0,7.0,19.22,83.5,0.0,35.7,36.1
602.027,89,125.0,1687.0,66.0,7.0,19.22,83.5,0.0,35.7,36.1
602.116,89,125.0,1705.0,66.0,7.0,19.22,83.5,0.0,35.7,36.1
602.177,89,125.0,1705.0,66.0,7.0,19.22,83.5,0.0,35.7,36.1
602.266,89,125.0,1705.0,66.0,7.0,19.22,83.5,0.0,35.7,36.1
602.326,89,125.0,1705.0,66.0,7.0,18.77,83.5,0.0,35.7,36.1
602.417,89,125.0,1705.0,66.0,7.0,18.77,83.5,0.0,35.7,36.1
602.478,89,125.0,1705.0,66.0,7.0,18.77,83.5,0.0,35.7,36.1
602.566,89,125.0,1705.0,66.0,7.0,18.77,83.5,0.0,34.5,36.1
602.626,89,125.0,1705.0,66.0,7.0,18.77,83.5,0.0,34.5,33.3
602.719,89,125.0,1705.0,66.0,7.0,18.77,83.5,0.0,34.5,33.3
602.779,89,124.0,1705.0,66.0,7.0,18.77,83.5,0.0,34.5,33.3
602.865,89,124.0,1717.0,66.0,7.0,18.77,83.5,0.0,34.5,33.3
602.926,89,124.0,1717.0,67.0,7.0,18.77,83.5,0.0,34.5,33.3
603.016,89,124.0,1717.0,67.0,7.0,18.77,83.5,0.0,34.5,33.3
603.079,89,124.0,1717.0,67.0,7.0,16.27,83.5,0.0,34.5,33.3
603.166,89,124.0,1717.0,67.0,7.0,16.27,83.5,0.0,34.5,33.3
603.228,89,124.0,1717.0,67.0,7.0,16.27,83.5,0.0,34.5,33.3
603.317,89,124.0,1717.0,67.0,7.0,16.27,83.5,0.0,14.1,33.3
603.406,89,124.0,1717.0,67.0,7.0,16.27,83.5,0.0,14.1,14.5
603.468,89,124.0,1717.0,67.0,7.0,16.27,83.5,0.0,14.1,14.5
603.528,89,112.0,1717.0,67.0,7.0,16.27,83.5,0.0,14.1,14.5
603.617,89,112.0,1720.0,67.0,7.0,16.27,83.5,0.0,14.1,14.5
603.679,89,112.0,1720.0,67.0,7.0,16.27,83.5,0.0,14.1,14.5
603.766,89,112.0,1720.0,67.0,7.0,16.27,83.5,0.0,14.1,14.5
603.826,89,112.0,1720.0,67.0,7.0,15.41,83.5,0.0,14.1,14.5
603.916,89,112.0,1720.0,67.0,7.0,15.41,83.5,0.0,14.1,14.5
603.978,89,112.0,1720.0,67.0,7.0,15.41,83.5,0.0,14.1,14.5
604.067,89,112.0,1720.0,67.0,7.0,15.41,83.5,0.0,14.1,14.5
604.157,89,112.0,1720.0,67.0,7.0,15.41,83.5,0.0,14.1,14.5
604.218,89,112.0,1720.0,67.0,7.0,15.41,83.5,0.0,14.1,14.5
604.306,89,110.0,1720.0,67.0,7.0,15.41,83.5,0.0,14.1,14.5
604.367,89,110.0,1721.0,67.0,7.0,15.41,83.5,0.0,14.1,14.5
604.458,89,110.0,1721.0,67.0,7.0,15.41,83.5,0.0,14.1,14.5
604.519,89,110.0,1721.0,67.0,6.0,15.41,83.5,0.0,14.1,14.5
604.606,89,110.0,1721.0,67.0,6.0,15.24,83.5,0.0,14.1,14.5
604.668,89,110.0,1721.0,67.0,6.0,15.24,83.5,0.0,14.1,14.5
604.757,89,110.0,1721.0,67.0,6.0,15.24,83.5,0.0,14.1,14.5
604.816,89,110.0,1721.0,67.0,6.0,15.24,83.5,0.0,14.1,14.5
604.906,89,110.0,1721.0,67.0,6.0,15.24,83.5,0.0,14.1,14.5
604.966,89,110.0,1721.0,67.0,6.0,15.24,83.5,0.0,14.1,14.5
605.057,89,109.0,1721.0,67.0,6.0,15.24,83.5,0.0,14.1,14.5
605.119,89,109.0,1724.0,67.0,6.0,15.24,83.5,0.0,14.1,14.5
605.206,89,109.0,1724.0,67.0,6.0,15.24,83.5,0.0,14.1,14.5
605.267,89,109.0,1724.0,67.0,6.0,15.24,83.5,0.0,14.1,14.5
605.357,89,109.0,1724.0,67.0,6.0,15.44,83.5,0.0,14.1,14.5
605.419,89,109.0,1724.0,67.0,6.0,15.44,83.5,0.0,14.1,14.5
605.506,89,109.0,1724.0,67.0,6.0,15.44,83.5,0.0,14.1,14.5
605.568,89,109.0,1724.0,67.0,6.0,15.44,83.5,0.0,14.1,14.5
605.656,89,109.0,1724.0,67.0,6.0,15.44,83.5,0.0,14.1,14.5
605.722,89,109.0,1724.0,67.0,6.0,15.44,83.5,0.0,14.1,14.5
605.805,89,109.0,1724.0,67.0,6.0,15.44,83.5,0.0,14.1,14.5
605.866,89,109.0,1722.0,67.0,6.0,15.44,83.5,0.0,14.1,14.5
605.956,89,109.0,1722.0,67.0,6.0,15.44,83.5,0.0,14.1,14.5
606.019,89,109.0,1722.0,67.0,6.0,15.44,83.5,0.0,14.1,14.5
606.106,89,109.0,1722.0,67.0,6.0,15.66,83.5,0.0,14.1,14.5
606.168,89,109.0,1722.0,67.0,6.0,15.66,83.5,0.0,14.1,14.5
606.257,89,109.0,1722.0,67.0,6.0,15.66,83.5,0.0,14.1,14.5
606.319,89,109.0,1722.0,67.0,6.0,15.66,83.5,0.0,14.5,14.5
606.406,89,109.0,1722.0,67.0,6.0,15.66,83.5,0.0,14.5,14.5
606.468,89,109.0,1722.0,67.0,6.0,15.66,83.5,0.0,14.5,14.5
606.586,89,106.0,1722.0,67.0,6.0,15.66,83.5,0.0,14.5,14.5
606.677,89,106.0,1713.0,67.0,6.0,15.66,83.5,0.0,14.5,14.5
606.766,89,106.0,1713.0,67.0,6.0,15.66,83.5,0.0,14.5,14.5
606.855,89,106.0,1713.0,67.0,6.0,15.66,83.5,0.0,14.5,14.5
606.916,89,106.0,1713.0,67.0,6.0,14.99,83.5,0.0,14.5,14.5
607.006,89,106.0,1713.0,67.0,6.0,14.99,83.5,0.0,14.5,14.5
607.067,89,106.0,1713.0,67.0,6.0,14.99,83.5,0.0,14.5,14.5
607.155,89,106.0,1713.0,67.0,6.0,14.99,83.5,0.0,14.1,14.5
607.216,89,106.0,1713.0,67.0,6.0,14.99,83.5,0.0,14.1,14.5
607.305,89,106.0,1713.0,67.0,6.0,14.99,83.5,0.0,14.1,14.5
607.367,89,104.0,1713.0,67.0,6.0,14.99,83.5,0.0,14.1,14.5
607.456,89,104.0,1711.0,67.0,6.0,14.99,83.5,0.0,14.1,14.5
607.517,89,104.0,1711.0,66.0,6.0,14.99,83.5,0.0,14.1,14.5
607.605,89,104.0,1711.0,66.0,6.0,14.99,83.5,0.0,14.1,14.5
607.667,89,104.0,1711.0,66.0,6.0,16.33,83.5,0.0,14.1,14.5
607.757,89,104.0,1711.0,66.0,6.0,16.33,83.5,0.0,14.1,14.5
607.816,89,104.0,1711.0,66.0,6.0,16.33,83.5,0.0,14.1,14.5
607.905,89,104.0,1711.0,66.0,6.0,16.33,83.5,0.0,14.1,14.5
607.967,89,104.0,1711.0,66.0,6.0,16.33,83.5,0.0,14.1,14.5
608.056,89,104.0,1711.0,66.0,6.0,16.33,83.5,0.0,14.1,14.5
608.116,89,109.0,1711.0,66.0,6.0,16.33,83.5,0.0,14.1,14.5
608.206,89,109.0,1695.0,66.0,6.0,16.33,83.5,0.0,14.1,14.5
608.266,89,109.0,1695.0,66.0,6.0,16.33,83.5,0.0,14.1,14.5
608.356,89,109.0,1695.0,66.0,6.0,16.33,83.5,0.0,14.1,14.5
608.418,89,109.0,1695.0,66.0,6.0,16.38,83.5,0.0,14.1,14.5
608.506,89,109.0,1695.0,66.0,6.0,16.38,83.5,0.0,14.1,14.5
608.567,89,109.0,1695.0,66.0,6.0,16.38,83.5,0.0,14.1,14.5
608.656,89,109.0,1695.0,66.0,6.0,16.38,83.5,0.0,14.1,14.5
608.719,89,109.0,1695.0,66.0,6.0,16.38,83.5,0.0,14.1,14.5
608.807,89,109.0,1695.0,66.0,6.0,16.38,83.5,0.0,14.1,14.5
608.866,89,116.0,1695.0,66.0,6.0,16.38,83.5,0.0,14.1,14.5
608.956,89,116.0,1678.0,66.0,6.0,16.38,83.5,0.0,14.1,14.5
609.017,89,116.0,1678.0,65.0,6.0,16.38,83.5,0.0,14.1,14.5
609.105,89,116.0,1678.0,65.0,7.0,16.38,83.5,0.0,14.1,14.5
609.198,89,116.0,1678.0,65.0,7.0,17.3,83.5,0.0,14.1,14.5
609.286,89,116.0,1678.0,65.0,7.0,17.3,83.5,0.0,14.1,14.5
609.377,89,116.0,1678.0,65.0,7.0,17.3,83.5,0.0,14.1,14.5
609.467,89,116.0,1678.0,65.0,7.0,17.3,83.5,0.0,14.1,14.5
609.557,89,116.0,1678.0,65.0,7.0,17.3,83.5,0.0,14.1,14.5
609.619,89,116.0,1678.0,65.0,7.0,17.3,83.5,0.0,14.1,14.5
609.706,89,120.0,1678.0,65.0,7.0,17.3,83.5,0.0,14.1,14.5
609.825,89,120.0,1674.0,65.0,7.0,17.3,83.5,0.0,14.1,14.5
609.916,89,120.0,1674.0,65.0,7.0,17.3,83.5,0.0,14.1,14.5
610.006,89,120.0,1674.0,65.0,7.0,17.3,83.5,0.0,14.1,14.5
610.068,89,120.0,1674.0,65.0,7.0,17.27,83.5,0.0,14.1,14.5
610.157,89,120.0,1674.0,65.0,7.0,17.27,83.5,0.0,14.1,14.5
610.219,89,120.0,1674.0,65.0,7.0,17.27,83.5,0.0,14.1,14.5
610.306,89,120.0,1674.0,65.0,7.0,17.27,83.5,0.0,14.1,14.5
610.397,89,120.0,1674.0,65.0,7.0,17.27,83.5,0.0,14.1,14.5
610.486,89,120.0,1674.0,65.0,7.0,17.27,83.5,0.0,14.1,14.5
610.576,89,121.0,1674.0,65.0,7.0,17.27,83.5,0.0,14.1,14.5
610.666,89,121.0,1659.0,65.0,7.0,17.27,83.5,0.0,14.1,14.5
610.757,89,121.0,1659.0,65.0,7.0,17.27,83.5,0.0,14.1,14.5
610.817,89,121.0,1659.0,65.0,7.0,17.27,83.5,0.0,14.1,14.5
610.905,89,121.0,1659.0,65.0,7.0,17.24,83.5,0.0,14.1,14.5
610.967,89,121.0,1659.0,65.0,7.0,17.24,83.5,0.0,14.1,14.5
611.056,89,121.0,1659.0,65.0,7.0,17.24,83.5,0.0,14.1,14.5
611.118,89,121.0,1659.0,65.0,7.0,17.24,83.5,0.0,14.1,14.5
611.206,89,121.0,1659.0,65.0,7.0,17.24,83.5,0.0,14.1,14.5
611.267,89,121.0,1659.0,65.0,7.0,17.24,83.5,0.0,14.1,14.5
611.356,89,121.0,1659.0,65.0,7.0,17.24,83.5,0.0,14.1,14.5
611.418,89,121.0,1652.0,65.0,7.0,17.24,83.5,0.0,14.1,14.5
611.566,89,121.0,1652.0,64.0,7.0,17.24,83.5,0.0,14.1,14.5
611.656,89,121.0,1652.0,64.0,7.0,17.24,83.5,0.0,14.1,14.5
611.719,89,121.0,1652.0,64.0,7.0,16.77,83.5,0.0,14.1,14.5
611.81,89,121.0,1652.0,64.0,7.0,16.77,83.5,0.0,14.1,14.5
611.866,89,121.0,1652.0,64.0,7.0,16.77,83.5,0.0,14.1,14.5
611.956,89,121.0,1652.0,64.0,7.0,16.77,83.5,0.0,14.1,14.5
612.016,89,121.0,1652.0,64.0,7.0,16.77,83.5,0.0,14.1,14.5
612.106,89,121.0,1652.0,64.0,7.0,16.77,83.5,0.0,14.1,14.5
612.167,89,119.0,1652.0,64.0,7.0,16.77,83.5,0.0,14.1,14.5
612.256,89,119.0,1636.0,64.0,7.0,16.77,83.5,0.0,14.1,14.5
612.318,89,119.0,1636.0,64.0,7.0,16.77,83.5,0.0,14.1,14.5
612.406,89,119.0,1636.0,64.0,7.0,16.77,83.5,0.0,14.1,14.5
612.467,89,119.0,1636.0,64.0,7.0,16.44,83.5,0.0,14.1,14.5
612.556,89,119.0,1636.0,64.0,7.0,16.44,83.5,0.0,14.1,14.5
612.618,89,119.0,1636.0,64.0,7.0,16.44,83.5,0.0,14.1,14.5
612.706,89,119.0,1636.0,64.0,7.0,16.44,83.5,0.0,14.1,14.5
612.768,89,119.0,1636.0,64.0,7.0,16.44,83.5,0.0,14.1,14.5
612.856,89,119.0,1636.0,64.0,7.0,16.44,83.5,0.0,14.1,14.5
612.917,89,117.0,1636.0,64.0,7.0,16.44,83.5,0.0,14.1,14.5
613.005,89,117.0,1619.0,64.0,7.0,16.44,83.5,0.0,14.1,14.5
613.066,89,117.0,1619.0,63.0,7.0,16.44,83.5,0.0,14.1,14.5
613.156,89,117.0,1619.0,63.0,7.0,16.44,83.5,0.0,14.1,14.5
613.219,89,117.0,1619.0,63.0,7.0,16.69,83.5,0.0,14.1,14.5
613.306,89,117.0,1619.0,63.0,7.0,16.69,83.5,0.0,14.1,14.5
613.367,89,117.0,1619.0,63.0,7.0,16.69,83.5,0.0,14.1,14.5
613.457,89,117.0,1619.0,63.0,7.0,16.69,83.5,0.0,14.1,14.5
613.518,89,117.0,1619.0,63.0,7.0,16.69,83.5,0.0,14.1,14.5
613.605,89,117.0,1619.0,63.0,7.0,16.69,83.5,0.0,14.1,14.5
613.668,89,118.0,1619.0,63.0,7.0,16.69,83.5,0.0,14.1,14.5
613.757,89,118.0,1598.0,63.0,7.0,16.69,83.5,0.0,14.1,14.5
613.816,89,118.0,1598.0,62.0,7.0,16.69,83.5,0.0,14.1,14.5
613.905,89,118.0,1598.0,62.0,7.0,16.69,83.5,0.0,14.1,14.5
613.966,89,118.0,1598.0,62.0,7.0,29.13,83.5,0.0,14.1,14.5
614.056,89,118.0,1598.0,62.0,7.0,29.13,83.5,0.0,14.1,14.5
614.12,89,118.0,1598.0,62.0,7.0,29.13,83.5,0.0,14.1,14.5
614.206,89,118.0,1598.0,62.0,7.0,29.13,83.5,0.0,14.1,14.5
614.268,89,118.0,1598.0,62.0,7.0,29.13,83.5,0.0,14.1,14.5
614.356,89,118.0,1598.0,62.0,7.0,29.13,83.5,0.0,14.1,14.5
614.418,89,117.0,1598.0,62.0,7.0,29.13,83.5,0.0,14.1,14.5
614.505,89,117.0,1529.0,62.0,7.0,29.13,83.5,0.0,14.1,14.5
614.569,89,117.0,1529.0,61.0,7.0,29.13,83.5,0.0,14.1,14.5
614.656,89,117.0,1529.0,61.0,10.0,29.13,83.5,0.0,14.1,14.5
614.719,89,117.0,1529.0,61.0,10.0,23.74,83.5,0.0,14.1,14.5
614.805,89,117.0,1529.0,61.0,10.0,23.74,83.5,0.0,14.1,14.5
614.866,89,117.0,1529.0,61.0,10.0,23.74,83.5,0.0,14.1,14.5
614.955,89,117.0,1529.0,61.0,10.0,23.74,83.5,0.0,14.1,14.5
615.018,89,117.0,1529.0,61.0,10.0,23.74,83.5,0.0,14.1,14.5
615.106,89,117.0,1529.0,61.0,10.0,23.74,83.5,0.0,14.1,14.5
615.167,89,113.0,1529.0,61.0,10.0,23.74,83.5,0.0,14.1,14.5
615.256,89,113.0,904.0,61.0,10.0,23.74,83.5,0.0,14.1,14.5
615.317,89,113.0,904.0,59.0,10.0,23.74,83.5,0.0,14.1,14.5
615.406,89,113.0,904.0,59.0,8.0,23.74,83.5,0.0,14.1,14.5
615.468,89,113.0,904.0,59.0,8.0,6.99,83.5,0.0,14.1,14.5
615.556,89,113.0,904.0,59.0,8.0,6.99,83.5,0.0,14.1,14.5
615.618,89,113.0,904.0,59.0,8.0,6.99,83.5,0.0,14.1,14.5
615.707,89,113.0,904.0,59.0,8.0,6.99,83.5,0.0,14.1,14.5
615.769,89,113.0,904.0,59.0,8.0,6.99,83.5,0.0,14.1,14.5
615.856,89,113.0,904.0,59.0,8.0,6.99,83.5,0.0,14.1,14.5
615.917,89,106.0,904.0,59.0,8.0,6.99,83.5,0.0,14.1,14.5
616.006,89,106.0,891.0,59.0,8.0,6.99,83.5,0.0,14.1,14.5
616.066,89,106.0,891.0,58.0,8.0,6.99,83.5,0.0,14.1,14.5
616.156,89,106.0,891.0,58.0,1.0,6.99,83.5,0.0,14.1,14.5
616.216,89,106.0,891.0,58.0,1.0,8.69,83.5,0.0,14.1,14.5
616.305,89,106.0,891.0,58.0,1.0,8.69,83.5,0.0,14.1,14.5
616.366,89,106.0,891.0,58.0,1.0,8.69,83.5,0.0,14.1,14.5
616.457,89,106.0,891.0,58.0,1.0,8.69,83.5,0.0,14.1,14.5
616.518,89,106.0,891.0,58.0,1.0,8.69,83.5,0.0,14.1,14.5
616.606,89,106.0,891.0,58.0,1.0,8.69,83.5,0.0,14.1,14.5
616.667,89,104.0,891.0,58.0,1.0,8.69,83.5,0.0,14.1,14.5
616.755,89,104.0,893.0,58.0,1.0,8.69,83.5,0.0,14.1,14.5
616.815,89,104.0,893.0,57.0,1.0,8.69,83.5,0.0,14.1,14.5
616.905,89,104.0,893.0,57.0,2.0,8.69,83.5,0.0,14.1,14.5
616.966,89,104.0,893.0,57.0,2.0,8.19,83.5,0.0,14.1,14.5
617.055,89,104.0,893.0,57.0,2.0,8.19,83.5,0.0,14.1,14.5
617.117,89,104.0,893.0,57.0,2.0,8.19,83.5,0.0,14.1,14.5
617.206,89,104.0,893.0,57.0,2.0,8.19,83.5,0.0,14.1,14.5
617.268,89,104.0,893.0,57.0,2.0,8.19,83.5,0.0,14.1,14.5
617.356,89,104.0,893.0,57.0,2.0,8.19,83.5,0.0,14.1,14.5
617.418,89,103.0,893.0,57.0,2.0,8.19,83.5,0.0,14.1,14.5
617.505,89,103.0,966.0,57.0,2.0,8.19,83.5,0.0,14.1,14.5
617.596,89,103.0,966.0,56.0,2.0,8.19,83.5,0.0,14.1,14.5
617.686,89,103.0,966.0,56.0,2.0,8.19,83.5,0.0,14.1,14.5
617.776,89,103.0,966.0,56.0,2.0,8.97,83.5,0.0,14.1,14.5
617.865,89,103.0,966.0,56.0,2.0,8.97,83.5,0.0,14.1,14.5
617.955,89,103.0,966.0,56.0,2.0,8.97,83.5,0.0,14.1,14.5
618.045,89,103.0,966.0,56.0,2.0,8.97,83.5,0.0,14.1,14.5
618.135,89,103.0,966.0,56.0,2.0,8.97,83.5,0.0,14.1,14.5
618.226,89,103.0,966.0,56.0,2.0,8.97,83.5,0.0,14.1,14.5
618.317,89,103.0,966.0,56.0,2.0,8.97,83.5,0.0,14.1,14.5
618.406,89,103.0,1315.0,56.0,2.0,8.97,83.5,0.0,14.1,14.5
618.495,89,103.0,1315.0,54.0,2.0,8.97,83.5,0.0,14.1,14.5
618.586,89,103.0,1315.0,54.0,5.0,8.97,83.5,0.0,14.1,14.5
618.676,89,103.0,1315.0,54.0,5.0,19.77,83.5,0.0,14.1,14.5
618.766,89,103.0,1315.0,54.0,5.0,19.77,83.5,0.0,14.1,14.5
618.855,89,103.0,1315.0,54.0,5.0,19.77,83.5,0.0,14.1,14.5
618.946,89,103.0,1315.0,54.0,5.0,19.77,83.5,0.0,14.1,14.5
619.037,89,103.0,1315.0,54.0,5.0,19.77,83.5,0.0,14.1,14.5
619.127,89,103.0,1315.0,54.0,5.0,19.77,83.5,0.0,14.1,14.5
619.216,89,111.0,1315.0,54.0,5.0,19.77,83.5,0.0,14.1,14.5
619.305,89,111.0,1888.0,54.0,5.0,19.77,83.5,0.0,14.1,14.5
619.395,89,111.0,1888.0,51.0,5.0,19.77,83.5,0.0,14.1,14.5
619.485,89,111.0,1888.0,51.0,10.0,19.77,83.5,0.0,14.1,14.5
619.576,89,111.0,1888.0,51.0,10.0,34.27,83.5,0.0,14.1,14.5
619.667,89,111.0,1888.0,51.0,10.0,34.27,83.5,0.0,14.1,14.5
619.756,89,111.0,1888.0,51.0,10.0,34.27,83.5,0.0,14.1,14.5
619.845,89,111.0,1888.0,51.0,10.0,34.27,83.5,0.0,14.1,14.5
619.935,89,111.0,1888.0,51.0,10.0,34.27,83.5,0.0,14.1,14.5
620.026,89,111.0,1888.0,51.0,10.0,34.27,83.5,0.0,14.1,14.5
620.118,89,120.0,1888.0,51.0,10.0,34.27,83.5,0.0,14.1,14.5
620.205,89,120.0,1771.0,51.0,10.0,34.27,83.5,0.0,14.1,14.5
620.294,89,120.0,1771.0,48.0,10.0,34.27,83.5,0.0,14.1,14.5
620.385,89,120.0,1771.0,48.0,11.0,34.27,83.5,0.0,14.1,14.5
620.475,89,120.0,1771.0,48.0,11.0,32.83,83.5,0.0,14.1,14.5
620.565,89,120.0,1771.0,48.0,11.0,32.83,83.5,0.0,14.1,14.5
620.655,89,120.0,1771.0,48.0,11.0,32.83,83.5,0.0,14.1,14.5
620.745,89,120.0,1771.0,48.0,11.0,32.83,83.5,0.0,14.1,14.5
620.835,89,120.0,1771.0,48.0,11.0,32.83,83.5,0.0,14.1,14.5
620.925,89,120.0,1771.0,48.0,11.0,32.83,83.5,0.0,14.1,14.5
621.016,89,121.0,1771.0,48.0,11.0,32.83,83.5,0.0,14.1,14.5
621.107,89,121.0,1636.0,48.0,11.0,32.83,83.5,0.0,14.1,14.5
621.195,89,121.0,1636.0,44.0,11.0,32.83,83.5,0.0,14.1,14.5
621.285,89,121.0,1636.0,44.0,10.0,32.83,83.5,0.0,14.1,14.5
621.376,89,121.0,1636.0,44.0,10.0,29.77,83.5,0.0,14.1,14.5
621.467,89,121.0,1636.0,44.0,10.0,29.77,83.5,0.0,14.1,14.5
621.556,89,121.0,1636.0,44.0,10.0,29.77,83.5,0.0,14.1,14.5
621.645,89,121.0,1636.0,44.0,10.0,29.77,83.5,0.0,14.1,14.5
621.736,89,121.0,1636.0,44.0,10.0,29.77,83.5,0.0,14.1,14.5
621.825,89,121.0,1636.0,44.0,10.0,29.77,83.5,0.0,14.1,14.5
621.915,89,118.0,1636.0,44.0,10.0,29.77,83.5,0.0,14.1,14.5
622.005,89,118.0,1506.0,44.0,10.0,29.77,83.5,0.0,14.1,14.5
622.096,89,118.0,1506.0,40.0,10.0,29.77,83.5,0.0,14.1,14.5
622.186,89,118.0,1506.0,40.0,9.0,29.77,83.5,0.0,14.1,14.5
622.276,89,118.0,1506.0,40.0,9.0,26.66,83.5,0.0,14.1,14.5
622.366,89,118.0,1506.0,40.0,9.0,26.66,83.5,0.0,14.1,14.5
622.456,89,118.0,1506.0,40.0,9.0,26.66,83.5,0.0,14.1,14.5
622.546,89,118.0,1506.0,40.0,9.0,26.66,83.5,0.0,14.1,14.5
622.636,89,118.0,1506.0,40.0,9.0,26.66,83.5,0.0,14.1,14.5
622.726,89,118.0,1506.0,40.0,9.0,26.66,83.5,0.0,14.1,14.5
622.816,89,115.0,1506.0,40.0,9.0,26.66,83.5,0.0,14.1,14.5
622.906,89,115.0,1384.0,40.0,9.0,26.66,83.5,0.0,14.1,14.5
623.025,89,115.0,1384.0,37.0,9.0,26.66,83.5,0.0,14.1,14.5
623.115,89,115.0,1384.0,37.0,9.0,26.66,83.5,0.0,14.1,14.5
623.205,89,115.0,1384.0,37.0,9.0,23.69,83.5,0.0,14.1,14.5
623.296,89,115.0,1384.0,37.0,9.0,23.69,83.5,0.0,14.1,14.5
623.386,89,115.0,1384.0,37.0,9.0,23.69,83.5,0.0,14.1,14.5
623.476,89,115.0,1384.0,37.0,9.0,23.69,83.5,0.0,14.1,14.5
623.565,89,115.0,1384.0,37.0,9.0,23.69,83.5,0.0,14.1,14.5
623.655,89,115.0,1384.0,37.0,9.0,23.69,83.5,0.0,14.1,14.5
623.747,89,112.0,1384.0,37.0,9.0,23.69,83.5,0.0,14.1,14.5
623.835,89,112.0,1286.0,37.0,9.0,23.69,83.5,0.0,14.1,14.5
623.925,89,112.0,1286.0,34.0,9.0,23.69,83.5,0.0,14.1,14.5
624.017,89,112.0,1286.0,34.0,8.0,23.69,83.5,0.0,14.1,14.5
624.106,89,112.0,1286.0,34.0,8.0,21.94,83.5,0.0,14.1,14.5
624.196,89,112.0,1286.0,34.0,8.0,21.94,83.5,0.0,14.1,14.5
624.286,89,112.0,1286.0,34.0,8.0,21.94,83.5,0.0,14.1,14.5
624.376,89,112.0,1286.0,34.0,8.0,21.94,83.5,0.0,14.1,14.5
624.465,89,112.0,1286.0,34.0,8.0,21.94,83.5,0.0,14.1,14.5
624.555,89,112.0,1286.0,34.0,8.0,21.94,83.5,0.0,14.1,14.5
624.645,89,110.0,1286.0,34.0,8.0,21.94,83.5,0.0,14.1,14.5
624.737,89,110.0,1190.0,34.0,8.0,21.94,83.5,0.0,14.1,14.5
624.825,89,110.0,1190.0,32.0,8.0,21.94,83.5,0.0,14.1,14.5
624.915,89,110.0,1190.0,32.0,7.0,21.94,83.5,0.0,14.1,14.5
625.006,89,110.0,1190.0,32.0,7.0,19.83,83.5,0.0,14.1,14.5
625.095,89,110.0,1190.0,32.0,7.0,19.83,83.5,0.0,14.1,14.5
625.186,89,110.0,1190.0,32.0,7.0,19.83,83.5,0.0,14.1,14.5
625.305,89,110.0,1190.0,32.0,7.0,19.83,83.5,0.0,14.5,14.5
625.396,89,110.0,1190.0,32.0,7.0,19.83,83.5,0.0,14.5,14.9
625.486,89,110.0,1190.0,32.0,7.0,19.83,83.5,0.0,14.5,14.9
625.576,89,108.0,1190.0,32.0,7.0,19.83,83.5,0.0,14.5,14.9
625.666,89,108.0,1176.0,32.0,7.0,19.83,83.5,0.0,14.5,14.9
625.76,89,108.0,1176.0,31.0,7.0,19.83,83.5,0.0,14.5,14.9
625.875,89,108.0,1176.0,31.0,7.0,19.83,83.5,0.0,14.5,14.9
625.965,89,108.0,1176.0,31.0,7.0,19.41,83.5,0.0,14.5,14.9
626.055,89,108.0,1176.0,31.0,7.0,19.41,83.5,0.0,14.5,14.9
626.146,89,108.0,1176.0,31.0,7.0,19.41,83.5,0.0,14.5,14.9
626.235,89,108.0,1176.0,31.0,7.0,19.41,83.5,0.0,15.3,14.9
626.325,89,108.0,1176.0,31.0,7.0,19.41,83.5,0.0,15.3,15.3
626.415,89,108.0,1176.0,31.0,7.0,19.41,83.5,0.0,15.3,15.3
626.506,89,107.0,1176.0,31.0,7.0,19.41,83.5,0.0,15.3,15.3
626.598,89,107.0,1147.0,31.0,7.0,19.41,83.5,0.0,15.3,15.3
626.686,89,107.0,1147.0,31.0,7.0,19.41,83.5,0.0,15.3,15.3
626.775,89,107.0,1147.0,31.0,7.0,19.41,83.5,0.0,15.3,15.3
626.865,89,107.0,1147.0,31.0,7.0,14.74,83.5,0.0,15.3,15.3
626.956,89,107.0,1147.0,31.0,7.0,14.74,83.5,0.0,15.3,15.3
627.046,89,107.0,1147.0,31.0,7.0,14.74,83.5,0.0,15.3,15.3
627.135,89,107.0,1147.0,31.0,7.0,14.74,83.5,0.0,25.9,15.3
627.226,89,107.0,1147.0,31.0,7.0,14.74,83.5,0.0,25.9,26.7
627.316,89,107.0,1147.0,31.0,7.0,14.74,83.5,0.0,25.9,26.7
627.406,89,103.0,1147.0,31.0,7.0,14.74,83.5,0.0,25.9,26.7
627.496,89,103.0,1174.0,31.0,7.0,14.74,83.5,0.0,25.9,26.7
627.586,89,103.0,1174.0,31.0,7.0,14.74,83.5,0.0,25.9,26.7
627.675,89,103.0,1174.0,31.0,6.0,14.74,83.5,0.0,25.9,26.7
627.766,89,103.0,1174.0,31.0,6.0,11.02,83.5,0.0,25.9,26.7
627.855,89,103.0,1174.0,31.0,6.0,11.02,83.5,0.0,25.9,26.7
627.945,89,103.0,1174.0,31.0,6.0,11.02,83.5,0.0,25.9,26.7
628.034,89,103.0,1174.0,31.0,6.0,11.02,83.5,0.0,38.8,26.7
628.125,89,103.0,1174.0,31.0,6.0,11.02,83.5,0.0,38.8,41.2
628.216,89,103.0,1174.0,31.0,6.0,11.02,83.5,0.0,38.8,41.2
628.305,89,108.0,1174.0,31.0,6.0,11.02,83.5,0.0,38.8,41.2
628.396,89,108.0,1268.0,31.0,6.0,11.02,83.5,0.0,38.8,41.2
628.486,89,108.0,1268.0,34.0,6.0,11.02,83.5,0.0,38.8,41.2
628.576,89,108.0,1268.0,34.0,2.0,11.02,83.5,0.0,38.8,41.2
628.666,89,108.0,1268.0,34.0,2.0,21.55,83.5,0.0,38.8,41.2
628.755,89,108.0,1268.0,34.0,2.0,21.55,83.5,0.0,38.8,41.2
628.846,89,108.0,1268.0,34.0,2.0,21.55,83.5,0.0,38.8,41.2
628.935,89,108.0,1268.0,34.0,2.0,21.55,83.5,0.0,54.5,41.2
629.025,89,108.0,1268.0,34.0,2.0,21.55,83.5,0.0,54.5,56.1
629.116,89,108.0,1268.0,34.0,2.0,21.55,83.5,0.0,54.5,56.1
629.205,89,130.0,1268.0,34.0,2.0,21.55,83.5,0.0,54.5,56.1
629.296,89,130.0,1429.0,34.0,2.0,21.55,83.5,0.0,54.5,56.1
629.386,89,130.0,1429.0,39.0,2.0,21.55,83.5,0.0,54.5,56.1
629.476,89,130.0,1429.0,39.0,9.0,21.55,83.5,0.0,54.5,56.1
629.566,89,130.0,1429.0,39.0,9.0,34.27,83.5,0.0,54.5,56.1
629.655,89,130.0,1429.0,39.0,9.0,34.27,83.5,0.0,54.5,56.1
629.746,89,130.0,1429.0,39.0,9.0,34.27,83.5,0.0,54.5,56.1
629.835,89,130.0,1429.0,39.0,9.0,34.27,83.5,0.0,58.8,56.1
629.925,89,130.0,1429.0,39.0,9.0,34.27,83.5,0.0,58.8,59.2
630.015,89,130.0,1429.0,39.0,9.0,34.27,83.5,0.0,58.8,59.2
630.105,89,182.0,1429.0,39.0,9.0,34.27,83.5,0.0,58.8,59.2
630.196,89,182.0,1684.0,39.0,9.0,34.27,83.5,0.0,58.8,59.2
630.285,89,182.0,1684.0,45.0,9.0,34.27,83.5,0.0,58.8,59.2
630.376,89,182.0,1684.0,45.0,11.0,34.27,83.5,0.0,58.8,59.2
630.465,89,182.0,1684.0,45.0,11.0,59.44,83.5,0.0,58.8,59.2
630.556,89,182.0,1684.0,45.0,11.0,59.44,83.5,0.0,58.8,59.2
630.646,89,182.0,1684.0,45.0,11.0,59.44,83.5,0.0,58.8,59.2
630.738,89,182.0,1684.0,45.0,11.0,59.44,83.5,0.0,59.2,59.2
630.825,89,182.0,1684.0,45.0,11.0,59.44,83.5,0.0,59.2,60.0
630.945,89,182.0,1684.0,45.0,11.0,59.44,83.5,0.0,59.2,60.0
631.035,89,226.0,1684.0,45.0,11.0,59.44,83.5,0.0,59.2,60.0
631.126,89,226.0,2027.0,45.0,11.0,59.44,83.5,0.0,59.2,60.0
631.215,89,226.0,2027.0,54.0,11.0,59.44,83.5,0.0,59.2,60.0
631.306,89,226.0,2027.0,54.0,12.0,59.44,83.5,0.0,59.2,60.0
631.395,89,226.0,2027.0,54.0,12.0,75.47,83.5,0.0,59.2,60.0
631.485,89,226.0,2027.0,54.0,12.0,75.47,83.5,0.0,59.2,60.0
631.577,89,226.0,2027.0,54.0,12.0,75.47,83.5,0.0,59.2,60.0
631.665,89,226.0,2027.0,54.0,12.0,75.47,83.5,0.0,60.8,60.0
631.755,89,226.0,2027.0,54.0,12.0,75.47,83.5,0.0,60.8,61.2
631.845,89,226.0,2027.0,54.0,12.0,75.47,83.5,0.0,60.8,61.2
631.935,89,228.0,2027.0,54.0,12.0,75.47,83.5,0.0,60.8,61.2
632.026,89,228.0,2365.0,54.0,12.0,75.47,83.5,0.0,60.8,61.2
632.116,89,228.0,2365.0,64.0,12.0,75.47,83.5,0.0,60.8,61.2
632.205,89,228.0,2365.0,64.0,12.0,75.47,83.5,0.0,60.8,61.2
632.296,89,228.0,2365.0,64.0,12.0,86.16,83.5,0.0,60.8,61.2
632.386,89,228.0,2365.0,64.0,12.0,86.16,83.5,0.0,60.8,61.2
632.477,89,228.0,2365.0,64.0,12.0,86.16,83.5,0.0,60.8,61.2
632.566,89,228.0,2365.0,64.0,12.0,86.16,83.5,0.0,61.2,61.2
632.656,89,228.0,2365.0,64.0,12.0,86.16,83.5,0.0,61.2,61.6
632.746,89,228.0,2365.0,64.0,12.0,86.16,83.5,0.0,61.2,61.6
632.835,89,220.0,2365.0,64.0,12.0,86.16,83.5,0.0,61.2,61.6
632.926,89,220.0,2701.0,64.0,12.0,86.16,83.5,0.0,61.2,61.6
633.016,89,220.0,2701.0,73.0,12.0,86.16,83.5,0.0,61.2,61.6
633.105,89,220.0,2701.0,73.0,11.0,86.16,83.5,0.0,61.2,61.6
633.195,89,220.0,2701.0,73.0,11.0,100.13,83.5,0.0,61.2,61.6
633.285,89,220.0,2701.0,73.0,11.0,100.13,83.5,0.0,61.2,61.6
633.376,89,220.0,2701.0,73.0,11.0,100.13,83.5,0.0,61.2,61.6
633.467,89,220.0,2701.0,73.0,11.0,100.13,83.5,0.0,61.2,61.6
633.555,89,220.0,2701.0,73.0,11.0,100.13,83.5,0.0,61.2,61.6
633.645,89,220.0,2701.0,73.0,11.0,100.13,83.5,0.0,61.2,61.6
633.735,89,226.0,2701.0,73.0,11.0,100.13,83.5,0.0,61.2,61.6
633.825,89,226.0,3034.0,73.0,11.0,100.13,83.5,0.0,61.2,61.6
633.916,89,226.0,3034.0,82.0,11.0,100.13,83.5,0.0,61.2,61.6
634.006,89,226.0,3034.0,82.0,12.0,100.13,83.5,0.0,61.2,61.6
634.095,89,226.0,3034.0,82.0,12.0,112.55,83.5,0.0,61.2,61.6
634.185,89,226.0,3034.0,82.0,12.0,112.55,83.5,0.0,61.2,61.6
634.276,89,226.0,3034.0,82.0,12.0,112.55,83.5,0.0,61.2,61.6
634.366,89,226.0,3034.0,82.0,12.0,112.55,83.5,0.0,61.6,61.6
634.455,89,226.0,3034.0,82.0,12.0,112.55,83.5,0.0,61.6,62.0
634.548,90,226.0,3034.0,82.0,12.0,112.55,83.5,0.0,61.6,62.0
634.636,90,224.0,3034.0,82.0,12.0,112.55,83.5,0.0,61.6,62.0
634.725,90,224.0,3359.0,82.0,12.0,112.55,83.5,0.0,61.6,62.0
634.82,90,224.0,3359.0,90.0,12.0,112.55,83.5,0.0,61.6,62.0
634.934,90,224.0,3359.0,90.0,11.0,112.55,83.5,0.0,61.6,62.0
635.025,90,224.0,3359.0,90.0,11.0,122.27,83.5,0.0,61.6,62.0
635.115,90,224.0,3359.0,90.0,11.0,122.27,83.5,0.0,61.6,62.0
635.205,90,224.0,3359.0,90.0,11.0,122.27,83.5,0.0,61.6,62.0
635.296,90,224.0,3359.0,90.0,11.0,122.27,83.5,0.0,60.4,62.0
635.385,90,224.0,3359.0,90.0,11.0,122.27,83.5,0.0,60.4,60.0
635.475,90,224.0,3359.0,90.0,11.0,122.27,83.5,0.0,60.4,60.0
635.565,90,218.0,3359.0,90.0,11.0,122.27,83.5,0.0,60.4,60.0
635.655,90,218.0,3632.0,90.0,11.0,122.27,83.5,0.0,60.4,60.0
635.747,90,218.0,3632.0,98.0,11.0,122.27,83.5,0.0,60.4,60.0
635.835,90,218.0,3632.0,98.0,10.0,122.27,83.5,0.0,60.4,60.0
635.925,90,218.0,3632.0,98.0,10.0,79.11,83.5,0.0,60.4,60.0
636.016,90,218.0,3632.0,98.0,10.0,79.11,83.5,0.0,60.4,60.0
636.105,90,218.0,3632.0,98.0,10.0,79.11,83.5,0.0,60.4,60.0
636.195,90,218.0,3632.0,98.0,10.0,79.11,83.5,0.0,16.1,60.0
636.286,90,218.0,3632.0,98.0,10.0,79.11,83.5,0.0,16.1,27.1
636.375,90,218.0,3632.0,98.0,10.0,79.11,83.5,0.0,16.1,27.1
636.465,90,145.0,3632.0,98.0,10.0,79.11,83.5,0.0,16.1,27.1
636.586,90,145.0,2524.0,98.0,10.0,79.11,83.5,0.0,16.1,27.1
636.676,90,145.0,2524.0,99.0,10.0,79.11,83.5,0.0,16.1,27.1
636.765,90,145.0,2524.0,99.0,9.0,79.11,83.5,0.0,16.1,27.1
636.855,90,145.0,2524.0,99.0,9.0,65.47,83.5,0.0,16.1,27.1
636.945,90,145.0,2524.0,99.0,9.0,65.47,83.5,0.0,16.1,27.1
637.035,90,145.0,2524.0,99.0,9.0,65.47,83.5,0.0,16.1,27.1
637.126,90,145.0,2524.0,99.0,9.0,65.47,83.5,0.0,54.1,27.1
637.216,90,145.0,2524.0,99.0,9.0,65.47,83.5,0.0,54.1,54.5
637.306,90,145.0,2524.0,99.0,9.0,65.47,83.5,0.0,54.1,54.5
637.395,90,202.0,2524.0,99.0,9.0,65.47,83.5,0.0,54.1,54.5
637.485,90,202.0,2631.0,99.0,9.0,65.47,83.5,0.0,54.1,54.5
637.575,90,202.0,2631.0,103.0,9.0,65.47,83.5,0.0,54.1,54.5
637.665,90,202.0,2631.0,103.0,7.0,65.47,83.5,0.0,54.1,54.5
637.755,90,202.0,2631.0,103.0,7.0,92.02,83.5,0.0,54.1,54.5
637.845,90,202.0,2631.0,103.0,7.0,92.02,83.5,0.0,54.1,54.5
637.935,90,202.0,2631.0,103.0,7.0,92.02,83.5,0.0,54.1,54.5
638.026,90,202.0,2631.0,103.0,7.0,92.02,83.5,0.0,31.8,54.5
638.116,90,202.0,2631.0,103.0,7.0,92.02,83.5,0.0,31.8,14.5
638.205,90,202.0,2631.0,103.0,7.0,92.02,83.5,0.0,31.8,14.5
638.295,90,144.0,2631.0,103.0,7.0,92.02,83.5,0.0,31.8,14.5
638.386,90,144.0,2300.0,103.0,7.0,92.02,83.5,0.0,31.8,14.5
638.476,90,144.0,2300.0,104.0,7.0,92.02,83.5,0.0,31.8,14.5
638.57,90,144.0,2300.0,104.0,8.0,92.02,83.5,0.0,31.8,14.5
638.655,90,144.0,2300.0,104.0,8.0,23.27,83.5,0.0,31.8,14.5
638.746,90,144.0,2300.0,104.0,8.0,23.27,83.5,0.0,31.8,14.5
638.836,90,144.0,2300.0,104.0,8.0,23.27,83.5,0.0,31.8,14.5
638.925,90,144.0,2300.0,104.0,8.0,23.27,83.5,0.0,40.8,14.5
639.015,90,144.0,2300.0,104.0,8.0,23.27,83.5,0.0,40.8,43.5
639.105,90,144.0,2300.0,104.0,8.0,23.27,83.5,0.0,40.8,43.5
639.197,90,132.0,2300.0,104.0,8.0,23.27,83.5,0.0,40.8,43.5
639.285,90,132.0,2095.0,104.0,8.0,23.27,83.5,0.0,40.8,43.5
639.375,90,132.0,2095.0,104.0,8.0,23.27,83.5,0.0,40.8,43.5
639.466,90,132.0,2095.0,104.0,5.0,23.27,83.5,0.0,40.8,43.5
639.556,90,132.0,2095.0,104.0,5.0,33.19,83.5,0.0,40.8,43.5
639.645,90,132.0,2095.0,104.0,5.0,33.19,83.5,0.0,40.8,43.5
639.736,90,132.0,2095.0,104.0,5.0,33.19,83.5,0.0,40.8,43.5
639.825,90,132.0,2095.0,104.0,5.0,33.19,83.5,0.0,14.1,43.5
639.916,90,132.0,2095.0,104.0,5.0,33.19,83.5,0.0,14.1,14.5
640.006,90,132.0,2095.0,104.0,5.0,33.19,83.5,0.0,14.1,14.5
640.095,90,128.0,2095.0,104.0,5.0,33.19,83.5,0.0,14.1,14.5
640.185,90,128.0,1609.0,104.0,5.0,33.19,83.5,0.0,14.1,14.5
640.275,90,128.0,1609.0,102.0,5.0,33.19,83.5,0.0,14.1,14.5
640.366,90,128.0,1609.0,102.0,3.0,33.19,83.5,0.0,14.1,14.5
640.456,90,128.0,1609.0,102.0,3.0,17.27,83.5,0.0,14.1,14.5
640.545,90,128.0,1609.0,102.0,3.0,17.27,83.5,0.0,14.1,14.5
640.635,90,128.0,1609.0,102.0,3.0,17.27,83.5,0.0,14.1,14.5
640.725,90,128.0,1609.0,102.0,3.0,17.27,83.5,0.0,32.9,14.5
640.826,90,128.0,1609.0,102.0,3.0,17.27,83.5,0.0,32.9,32.9
640.905,90,128.0,1609.0,102.0,3.0,17.27,83.5,0.0,32.9,32.9
640.995,90,115.0,1609.0,102.0,3.0,17.27,83.5,0.0,32.9,32.9
641.085,90,115.0,1716.0,102.0,3.0,17.27,83.5,0.0,32.9,32.9
641.176,90,115.0,1716.0,102.0,3.0,17.27,83.5,0.0,32.9,32.9
641.266,90,115.0,1716.0,102.0,2.0,17.27,83.5,0.0,32.9,32.9
641.356,90,115.0,1716.0,102.0,2.0,15.91,83.5,0.0,32.9,32.9
641.445,90,115.0,1716.0,102.0,2.0,15.91,83.5,0.0,32.9,32.9
641.595,90,115.0,1716.0,102.0,2.0,15.91,83.5,0.0,32.9,32.9
641.687,90,115.0,1716.0,102.0,2.0,15.91,83.5,0.0,14.1,32.9
641.777,90,115.0,1716.0,102.0,2.0,15.91,83.5,0.0,14.1,14.5
641.865,90,115.0,1716.0,102.0,2.0,15.91,83.5,0.0,14.1,14.5
641.955,90,112.0,1716.0,102.0,2.0,15.91,83.5,0.0,14.1,14.5
642.045,90,112.0,1686.0,102.0,2.0,15.91,83.5,0.0,14.1,14.5
642.137,90,112.0,1686.0,100.0,2.0,15.91,83.5,0.0,14.1,14.5
642.226,90,112.0,1686.0,100.0,2.0,15.91,83.5,0.0,14.1,14.5
642.315,90,112.0,1686.0,100.0,2.0,17.13,83.5,0.0,14.1,14.5
642.408,90,112.0,1686.0,100.0,2.0,17.13,83.5,0.0,14.1,14.5
642.495,90,112.0,1686.0,100.0,2.0,17.13,83.5,0.0,14.1,14.5
642.586,90,112.0,1686.0,100.0,2.0,17.13,83.5,0.0,14.1,14.5
642.675,90,112.0,1686.0,100.0,2.0,17.13,83.5,0.0,14.1,14.5
642.765,90,112.0,1686.0,100.0,2.0,17.13,83.5,0.0,14.1,14.5
642.855,90,121.0,1686.0,100.0,2.0,17.13,83.5,0.0,14.1,14.5
642.945,90,121.0,1652.0,100.0,2.0,17.13,83.5,0.0,14.1,14.5
643.036,90,121.0,1652.0,98.0,2.0,17.13,83.5,0.0,14.1,14.5
643.126,90,121.0,1652.0,98.0,4.0,17.13,83.5,0.0,14.1,14.5
643.216,90,121.0,1652.0,98.0,4.0,30.99,83.5,0.0,14.1,14.5
643.305,90,121.0,1652.0,98.0,4.0,30.99,83.5,0.0,14.1,14.5
643.395,90,121.0,1652.0,98.0,4.0,30.99,83.5,0.0,14.1,14.5
643.485,90,121.0,1652.0,98.0,4.0,30.99,83.5,0.0,14.1,14.5
643.577,90,121.0,1652.0,98.0,4.0,30.99,83.5,0.0,14.1,14.5
643.666,90,121.0,1652.0,98.0,4.0,30.99,83.5,0.0,14.1,14.5
643.755,90,122.0,1652.0,98.0,4.0,30.99,83.5,0.0,14.1,14.5
643.845,90,122.0,1614.0,98.0,4.0,30.99,83.5,0.0,14.1,14.5
643.935,90,122.0,1614.0,95.0,4.0,30.99,83.5,0.0,14.1,14.5
644.026,90,122.0,1614.0,95.0,6.0,30.99,83.5,0.0,14.1,14.5
644.116,90,122.0,1614.0,95.0,6.0,30.13,83.5,0.0,14.1,14.5
644.205,90,122.0,1614.0,95.0,6.0,30.13,83.5,0.0,14.1,14.5
644.296,90,122.0,1614.0,95.0,6.0,30.13,83.5,0.0,14.1,14.5
644.385,90,122.0,1614.0,95.0,6.0,30.13,83.5,0.0,14.1,14.5
644.476,90,122.0,1614.0,95.0,6.0,30.13,83.5,0.0,14.1,14.5
644.566,90,122.0,1614.0,95.0,6.0,30.13,83.5,0.0,14.1,14.5
644.655,90,121.0,1614.0,95.0,6.0,30.13,83.5,0.0,14.1,14.5
644.746,90,121.0,1578.0,95.0,6.0,30.13,83.5,0.0,14.1,14.5
644.834,90,121.0,1578.0,93.0,6.0,30.13,83.5,0.0,14.1,14.5
644.925,90,121.0,1578.0,93.0,6.0,30.13,83.5,0.0,14.1,14.5
645.016,90,121.0,1578.0,93.0,6.0,29.27,83.5,0.0,14.1,14.5
645.105,90,121.0,1578.0,93.0,6.0,29.27,83.5,0.0,14.1,14.5
645.195,90,121.0,1578.0,93.0,6.0,29.27,83.5,0.0,14.1,14.5
645.296,90,121.0,1578.0,93.0,6.0,29.27,83.5,0.0,14.1,14.5
645.375,90,121.0,1578.0,93.0,6.0,29.27,83.5,0.0,14.1,14.5
645.465,90,121.0,1578.0,93.0,6.0,29.27,83.5,0.0,14.1,14.5
645.555,90,119.0,1578.0,93.0,6.0,29.27,83.5,0.0,14.1,14.5
645.646,90,119.0,1541.0,93.0,6.0,29.27,83.5,0.0,14.1,14.5
645.736,90,119.0,1541.0,91.0,6.0,29.27,83.5,0.0,14.1,14.5
645.824,90,119.0,1541.0,91.0,6.0,29.27,83.5,0.0,14.1,14.5
645.916,90,119.0,1541.0,91.0,6.0,27.94,83.5,0.0,14.1,14.5
646.005,90,119.0,1541.0,91.0,6.0,27.94,83.5,0.0,14.1,14.5
646.095,90,119.0,1541.0,91.0,6.0,27.94,83.5,0.0,14.1,14.5
646.185,90,119.0,1541.0,91.0,6.0,27.94,83.5,0.0,14.1,14.5
646.275,90,119.0,1541.0,91.0,6.0,27.94,83.5,0.0,14.1,14.5
646.365,90,119.0,1541.0,91.0,6.0,27.94,83.5,0.0,14.1,14.5
646.456,90,117.0,1541.0,91.0,6.0,27.94,83.5,0.0,14.1,14.5
646.576,90,117.0,1501.0,91.0,6.0,27.94,83.5,0.0,14.1,14.5
646.665,90,117.0,1501.0,89.0,6.0,27.94,83.5,0.0,14.1,14.5
646.757,90,117.0,1501.0,89.0,6.0,27.94,83.5,0.0,14.1,14.5
646.845,90,117.0,1501.0,89.0,6.0,26.91,83.5,0.0,14.1,14.5
646.935,90,117.0,1501.0,89.0,6.0,26.91,83.5,0.0,14.1,14.5
647.026,90,117.0,1501.0,89.0,6.0,26.91,83.5,0.0,14.1,14.5
647.115,90,117.0,1501.0,89.0,6.0,26.91,83.5,0.0,14.1,14.5
647.206,90,117.0,1501.0,89.0,6.0,26.91,83.5,0.0,14.1,14.5
647.296,90,117.0,1501.0,89.0,6.0,26.91,83.5,0.0,14.1,14.5
647.385,90,116.0,1501.0,89.0,6.0,26.91,83.5,0.0,14.1,14.5
647.476,90,116.0,1461.0,89.0,6.0,26.91,83.5,0.0,14.1,14.5
647.565,90,116.0,1461.0,86.0,6.0,26.91,83.5,0.0,14.1,14.5
647.655,90,116.0,1461.0,86.0,6.0,26.91,83.5,0.0,14.1,14.5
647.746,90,116.0,1461.0,86.0,6.0,26.19,83.5,0.0,14.1,14.5
647.835,90,116.0,1461.0,86.0,6.0,26.19,83.5,0.0,14.1,14.5
647.925,90,116.0,1461.0,86.0,6.0,26.19,83.5,0.0,14.1,14.5
648.015,90,116.0,1461.0,86.0,6.0,26.19,83.5,0.0,14.1,14.5
648.106,90,116.0,1461.0,86.0,6.0,26.19,83.5,0.0,14.1,14.5
648.196,90,116.0,1461.0,86.0,6.0,26.19,83.5,0.0,14.1,14.5
648.285,90,114.0,1461.0,86.0,6.0,26.19,83.5,0.0,14.1,14.5
648.376,90,114.0,1421.0,86.0,6.0,26.19,83.5,0.0,14.1,14.5
648.465,90,114.0,1421.0,84.0,6.0,26.19,83.5,0.0,14.1,14.5
648.555,90,114.0,1421.0,84.0,6.0,26.19,83.5,0.0,14.1,14.5
648.646,90,114.0,1421.0,84.0,6.0,24.88,83.5,0.0,14.1,14.5
648.735,90,114.0,1421.0,84.0,6.0,24.88,83.5,0.0,14.1,14.5
648.827,90,114.0,1421.0,84.0,6.0,24.88,83.5,0.0,14.1,14.5
648.915,90,114.0,1421.0,84.0,6.0,24.88,83.5,0.0,14.1,14.5
649.005,90,114.0,1421.0,84.0,6.0,24.88,83.5,0.0,14.1,14.5
649.096,90,114.0,1421.0,84.0,6.0,24.88,83.5,0.0,14.1,14.5
649.185,90,113.0,1421.0,84.0,6.0,24.88,83.5,0.0,14.1,14.5
649.276,90,113.0,1387.0,84.0,6.0,24.88,83.5,0.0,14.1,14.5
649.365,90,113.0,1387.0,82.0,6.0,24.88,83.5,0.0,14.1,14.5
649.456,90,113.0,1387.0,82.0,6.0,24.88,83.5,0.0,14.1,14.5
649.546,90,113.0,1387.0,82.0,6.0,24.22,83.5,0.0,14.1,14.5
649.636,90,113.0,1387.0,82.0,6.0,24.22,83.5,0.0,14.1,14.5
649.726,90,113.0,1387.0,82.0,6.0,24.22,83.5,0.0,14.1,14.5
649.815,90,113.0,1387.0,82.0,6.0,24.22,83.5,0.0,14.1,14.5
649.905,90,113.0,1387.0,82.0,6.0,24.22,83.5,0.0,14.1,14.5
649.995,90,113.0,1387.0,82.0,6.0,24.22,83.5,0.0,14.1,14.5
650.085,90,112.0,1387.0,82.0,6.0,24.22,83.5,0.0,14.1,14.5
650.176,90,112.0,1350.0,82.0,6.0,24.22,83.5,0.0,14.1,14.5
650.265,90,112.0,1350.0,80.0,6.0,24.22,83.5,0.0,14.1,14.5
650.355,90,112.0,1350.0,80.0,6.0,24.22,83.5,0.0,14.1,14.5
650.446,90,112.0,1350.0,80.0,6.0,23.36,83.5,0.0,14.1,14.5
650.535,90,112.0,1350.0,80.0,6.0,23.36,83.5,0.0,14.1,14.5
650.625,90,112.0,1350.0,80.0,6.0,23.36,83.5,0.0,14.1,14.5
650.715,90,112.0,1350.0,80.0,6.0,23.36,83.5,0.0,14.1,14.5
650.806,90,112.0,1350.0,80.0,6.0,23.36,83.5,0.0,14.1,14.5
650.895,90,112.0,1350.0,80.0,6.0,23.36,83.5,0.0,14.1,14.5
650.985,90,111.0,1350.0,80.0,6.0,23.36,83.5,0.0,14.1,14.5
651.076,90,111.0,1312.0,80.0,6.0,23.36,83.5,0.0,14.1,14.5
651.165,90,111.0,1312.0,78.0,6.0,23.36,83.5,0.0,14.1,14.5
651.255,90,111.0,1312.0,78.0,6.0,23.36,83.5,0.0,14.1,14.5
651.346,90,111.0,1312.0,78.0,6.0,22.83,83.5,0.0,14.1,14.5
651.436,90,111.0,1312.0,78.0,6.0,22.83,83.5,0.0,14.1,14.5
651.525,90,111.0,1312.0,78.0,6.0,22.83,83.5,0.0,14.1,14.5
651.645,90,111.0,1312.0,78.0,6.0,22.83,83.5,0.0,14.1,14.5
651.735,90,111.0,1312.0,78.0,6.0,22.83,83.5,0.0,14.1,14.5
651.825,90,111.0,1312.0,78.0,6.0,22.83,83.5,0.0,14.1,14.5
651.915,90,110.0,1312.0,78.0,6.0,22.83,83.5,0.0,14.1,14.5
652.005,90,110.0,1041.0,78.0,6.0,22.83,83.5,0.0,14.1,14.5
652.095,90,110.0,1041.0,76.0,6.0,22.83,83.5,0.0,14.1,14.5
652.186,90,110.0,1041.0,76.0,5.0,22.83,83.5,0.0,14.1,14.5
652.275,90,110.0,1041.0,76.0,5.0,12.99,83.5,0.0,14.1,14.5
652.367,90,110.0,1041.0,76.0,5.0,12.99,83.5,0.0,14.1,14.5
652.455,90,110.0,1041.0,76.0,5.0,12.99,83.5,0.0,14.1,14.5
652.545,90,110.0,1041.0,76.0,5.0,12.99,83.5,0.0,14.1,14.5
652.635,90,110.0,1041.0,76.0,5.0,12.99,83.5,0.0,14.1,14.5
652.725,90,110.0,1041.0,76.0,5.0,12.99,83.5,0.0,14.1,14.5
652.815,90,105.0,1041.0,76.0,5.0,12.99,83.5,0.0,14.1,14.5
652.905,90,105.0,894.0,76.0,5.0,12.99,83.5,0.0,14.1,14.5
652.995,90,105.0,894.0,75.0,5.0,12.99,83.5,0.0,14.1,14.5
653.085,90,105.0,894.0,75.0,-1.0,12.99,83.5,0.0,14.1,14.5
653.176,90,105.0,894.0,75.0,-1.0,8.97,83.5,0.0,14.1,14.5
653.265,90,105.0,894.0,75.0,-1.0,8.97,83.5,0.0,14.1,14.5
653.355,90,105.0,894.0,75.0,-1.0,8.97,83.5,0.0,14.1,14.5
653.445,90,105.0,894.0,75.0,-1.0,8.97,83.5,0.0,14.1,14.5
653.535,90,105.0,894.0,75.0,-1.0,8.97,83.5,0.0,14.1,14.5
653.625,90,105.0,894.0,75.0,-1.0,8.97,83.5,0.0,14.1,14.5
653.715,90,104.0,894.0,75.0,-1.0,8.97,83.5,0.0,14.1,14.5
653.805,90,104.0,1282.0,75.0,-1.0,8.97,83.5,0.0,14.1,14.5
653.895,90,104.0,1282.0,72.0,-1.0,8.97,83.5,0.0,14.1,14.5
653.985,90,104.0,1282.0,72.0,3.0,8.97,83.5,0.0,14.1,14.5
654.075,90,104.0,1282.0,72.0,3.0,9.38,83.5,0.0,14.1,14.5
654.165,90,104.0,1282.0,72.0,3.0,9.38,83.5,0.0,14.1,14.5
654.255,90,104.0,1282.0,72.0,3.0,9.38,83.5,0.0,14.1,14.5
654.354,90,104.0,1282.0,72.0,3.0,9.38,83.5,0.0,14.1,14.5
654.435,90,104.0,1282.0,72.0,3.0,9.38,83.5,0.0,14.1,14.5
654.525,90,104.0,1282.0,72.0,3.0,9.38,83.5,0.0,14.1,14.5
654.615,90,105.0,1282.0,72.0,3.0,9.38,83.5,0.0,14.1,14.5
654.706,90,105.0,1382.0,72.0,3.0,9.38,83.5,0.0,14.1,14.5
654.833,90,105.0,1382.0,67.0,3.0,9.38,83.5,0.0,14.1,14.5
654.915,90,105.0,1382.0,67.0,3.0,9.38,83.5,0.0,14.1,14.5
655.005,90,105.0,1382.0,67.0,3.0,21.8,83.5,0.0,14.1,14.5
655.095,90,105.0,1382.0,67.0,3.0,21.8,83.5,0.0,14.1,14.5
655.185,90,105.0,1382.0,67.0,3.0,21.8,83.5,0.0,14.1,14.5
655.275,90,105.0,1382.0,67.0,3.0,21.8,83.5,0.0,14.1,14.5
655.365,90,105.0,1382.0,67.0,3.0,21.8,83.5,0.0,14.1,14.5
655.456,90,105.0,1382.0,67.0,3.0,21.8,83.5,0.0,14.1,14.5
655.545,90,116.0,1382.0,67.0,3.0,21.8,83.5,0.0,14.1,14.5
655.635,90,116.0,2244.0,67.0,3.0,21.8,83.5,0.0,14.1,14.5
655.726,90,116.0,2244.0,61.0,3.0,21.8,83.5,0.0,14.1,14.5
655.815,90,116.0,2244.0,61.0,7.0,21.8,83.5,0.0,14.1,14.5
655.905,90,116.0,2244.0,61.0,7.0,42.24,83.5,0.0,14.1,14.5
655.995,90,116.0,2244.0,61.0,7.0,42.24,83.5,0.0,14.1,14.5
656.085,90,116.0,2244.0,61.0,7.0,42.24,83.5,0.0,14.1,14.5
656.175,90,116.0,2244.0,61.0,7.0,42.24,83.5,0.0,14.1,14.5
656.266,90,116.0,2244.0,61.0,7.0,42.24,83.5,0.0,14.1,14.5
656.355,90,116.0,2244.0,61.0,7.0,42.24,83.5,0.0,14.1,14.5
656.445,90,128.0,2244.0,61.0,7.0,42.24,83.5,0.0,14.1,14.5
656.535,90,128.0,1813.0,61.0,7.0,42.24,83.5,0.0,14.1,14.5
656.656,90,128.0,1813.0,53.0,7.0,42.24,83.5,0.0,14.1,14.5
656.745,90,128.0,1813.0,53.0,10.0,42.24,83.5,0.0,14.1,14.5
656.834,90,128.0,1813.0,53.0,10.0,29.38,83.5,0.0,14.1,14.5
656.925,90,128.0,1813.0,53.0,10.0,29.38,83.5,0.0,14.1,14.5
657.015,90,128.0,1813.0,53.0,10.0,29.38,83.5,0.0,14.1,14.5
657.105,90,128.0,1813.0,53.0,10.0,29.38,83.5,0.0,14.1,14.5
657.195,90,128.0,1813.0,53.0,10.0,29.38,83.5,0.0,14.1,14.5
657.286,90,128.0,1813.0,53.0,10.0,29.38,83.5,0.0,14.1,14.5
657.375,90,118.0,1813.0,53.0,10.0,29.38,83.5,0.0,14.1,14.5
657.465,90,118.0,1180.0,53.0,10.0,29.38,83.5,0.0,14.1,14.5
657.555,90,118.0,1180.0,42.0,10.0,29.38,83.5,0.0,14.1,14.5
657.645,90,118.0,1180.0,42.0,8.0,29.38,83.5,0.0,14.1,14.5
657.746,90,118.0,1180.0,42.0,8.0,12.13,83.5,0.0,14.1,14.5
657.824,90,118.0,1180.0,42.0,8.0,12.13,83.5,0.0,14.1,14.5
657.915,90,118.0,1180.0,42.0,8.0,12.13,83.5,0.0,14.1,14.5
658.005,90,118.0,1180.0,42.0,8.0,12.13,83.5,0.0,14.1,14.5
658.095,90,118.0,1180.0,42.0,8.0,12.13,83.5,0.0,14.1,14.5
658.157,90,118.0,1180.0,42.0,8.0,12.13,83.5,0.0,14.1,14.5
658.245,90,114.0,1180.0,42.0,8.0,12.13,83.5,0.0,14.1,14.5
658.335,90,114.0,1946.0,42.0,8.0,12.13,83.5,0.0,14.1,14.5
658.425,90,114.0,1946.0,33.0,8.0,12.13,83.5,0.0,14.1,14.5
658.515,90,114.0,1946.0,33.0,4.0,12.13,83.5,0.0,14.1,14.5
658.605,90,114.0,1946.0,33.0,4.0,30.3,83.5,0.0,14.1,14.5
658.695,90,114.0,1946.0,33.0,4.0,30.3,83.5,0.0,14.1,14.5
658.785,90,114.0,1946.0,33.0,4.0,30.3,83.5,0.0,14.1,14.5
658.875,90,114.0,1946.0,33.0,4.0,30.3,83.5,0.0,14.1,14.5
658.965,90,114.0,1946.0,33.0,4.0,30.3,83.5,0.0,14.1,14.5
659.055,89,114.0,1946.0,33.0,4.0,30.3,83.5,0.0,14.1,14.5
659.146,89,120.0,1946.0,33.0,4.0,30.3,83.5,0.0,14.1,14.5
659.244,89,120.0,1465.0,33.0,4.0,30.3,83.5,0.0,14.1,14.5
659.325,89,120.0,1465.0,25.0,4.0,30.3,83.5,0.0,14.1,14.5
659.415,89,120.0,1465.0,25.0,7.0,30.3,83.5,0.0,14.1,14.5
659.505,89,120.0,1465.0,25.0,7.0,24.74,83.5,0.0,14.1,14.5
659.596,89,120.0,1465.0,25.0,7.0,24.74,83.5,0.0,14.1,14.5
659.685,89,120.0,1465.0,25.0,7.0,24.74,83.5,0.0,14.1,14.5
659.775,89,120.0,1465.0,25.0,7.0,24.74,83.5,0.0,14.1,14.5
659.865,89,120.0,1465.0,25.0,7.0,24.74,83.5,0.0,14.1,14.5
659.955,89,120.0,1465.0,25.0,7.0,24.74,83.5,0.0,14.1,14.5
660.045,89,113.0,1465.0,25.0,7.0,24.74,83.5,0.0,14.1,14.5
660.106,89,113.0,1179.0,25.0,7.0,24.74,83.5,0.0,14.1,14.5
660.195,89,113.0,1179.0,20.0,7.0,24.74,83.5,0.0,14.1,14.5
660.285,89,113.0,1179.0,20.0,7.0,24.74,83.5,0.0,14.1,14.5
660.376,89,113.0,1179.0,20.0,7.0,18.88,83.5,0.0,14.1,14.5
660.465,89,113.0,1179.0,20.0,7.0,18.88,83.5,0.0,14.1,14.5
660.554,89,113.0,1179.0,20.0,7.0,18.88,83.5,0.0,14.1,14.5
660.645,89,113.0,1179.0,20.0,7.0,18.88,83.5,0.0,32.9,14.5
660.735,89,113.0,1179.0,20.0,7.0,18.88,83.5,0.0,32.9,36.1
660.825,89,113.0,1179.0,20.0,7.0,18.88,83.5,0.0,32.9,36.1
660.915,89,107.0,1179.0,20.0,7.0,18.88,83.5,0.0,32.9,36.1
661.005,89,107.0,1225.0,20.0,7.0,18.88,83.5,0.0,32.9,36.1
661.096,89,107.0,1225.0,21.0,7.0,18.88,83.5,0.0,32.9,36.1
661.185,89,107.0,1225.0,21.0,6.0,18.88,83.5,0.0,32.9,36.1
661.275,89,107.0,1225.0,21.0,6.0,16.05,83.5,0.0,32.9,36.1
661.365,89,107.0,1225.0,21.0,6.0,16.05,83.5,0.0,32.9,36.1
661.456,89,107.0,1225.0,21.0,6.0,16.05,83.5,0.0,32.9,36.1
661.546,89,107.0,1225.0,21.0,6.0,16.05,83.5,0.0,37.6,36.1
661.665,89,107.0,1225.0,21.0,6.0,16.05,83.5,0.0,37.6,38.4
661.755,89,107.0,1225.0,21.0,6.0,16.05,83.5,0.0,37.6,38.4
661.846,89,116.0,1225.0,21.0,6.0,16.05,83.5,0.0,37.6,38.4
661.934,89,116.0,1365.0,21.0,6.0,16.05,83.5,0.0,37.6,38.4
662.024,89,116.0,1365.0,23.0,6.0,16.05,83.5,0.0,37.6,38.4
662.115,89,116.0,1365.0,23.0,3.0,16.05,83.5,0.0,37.6,38.4
662.206,89,116.0,1365.0,23.0,3.0,17.91,83.5,0.0,37.6,38.4
662.295,89,116.0,1365.0,23.0,3.0,17.91,83.5,0.0,37.6,38.4
662.385,89,116.0,1365.0,23.0,3.0,17.91,83.5,0.0,37.6,38.4
662.476,89,116.0,1365.0,23.0,3.0,17.91,83.5,0.0,38.4,38.4
662.565,89,116.0,1365.0,23.0,3.0,17.91,83.5,0.0,38.4,38.8
662.655,89,116.0,1365.0,23.0,3.0,17.91,83.5,0.0,38.4,38.8
662.745,89,127.0,1365.0,23.0,3.0,17.91,83.5,0.0,38.4,38.8
662.834,89,127.0,1535.0,23.0,3.0,17.91,83.5,0.0,38.4,38.8
662.925,89,127.0,1535.0,26.0,3.0,17.91,83.5,0.0,38.4,38.8
663.015,89,127.0,1535.0,26.0,5.0,17.91,83.5,0.0,38.4,38.8
663.105,89,127.0,1535.0,26.0,5.0,19.41,83.5,0.0,38.4,38.8
663.195,89,127.0,1535.0,26.0,5.0,19.41,83.5,0.0,38.4,38.8
663.285,89,127.0,1535.0,26.0,5.0,19.41,83.5,0.0,38.4,38.8
663.375,89,127.0,1535.0,26.0,5.0,19.41,83.5,0.0,38.0,38.8
663.466,89,127.0,1535.0,26.0,5.0,19.41,83.5,0.0,38.0,38.4
663.555,89,127.0,1535.0,26.0,5.0,19.41,83.5,0.0,38.0,38.4
663.648,89,133.0,1535.0,26.0,5.0,19.41,83.5,0.0,38.0,38.4
663.735,89,133.0,1679.0,26.0,5.0,19.41,83.5,0.0,38.0,38.4
663.824,89,133.0,1679.0,29.0,5.0,19.41,83.5,0.0,38.0,38.4
663.945,89,133.0,1679.0,29.0,6.0,19.41,83.5,0.0,38.0,38.4
664.035,89,133.0,1679.0,29.0,6.0,20.83,83.5,0.0,38.0,38.4
664.125,89,133.0,1679.0,29.0,6.0,20.83,83.5,0.0,38.0,38.4
664.215,89,133.0,1679.0,29.0,6.0,20.83,83.5,0.0,38.0,38.4
664.305,89,133.0,1679.0,29.0,6.0,20.83,83.5,0.0,32.9,38.4
664.395,89,133.0,1679.0,29.0,6.0,20.83,83.5,0.0,32.9,30.6
664.484,89,133.0,1679.0,29.0,6.0,20.83,83.5,0.0,32.9,30.6
664.574,89,122.0,1679.0,29.0,6.0,20.83,83.5,0.0,32.9,30.6
664.664,89,122.0,1772.0,29.0,6.0,20.83,83.5,0.0,32.9,30.6
664.754,89,122.0,1772.0,30.0,6.0,20.83,83.5,0.0,32.9,30.6
664.845,89,122.0,1772.0,30.0,6.0,20.83,83.5,0.0,32.9,30.6
664.935,89,122.0,1772.0,30.0,6.0,17.52,83.5,0.0,32.9,30.6
665.025,89,122.0,1772.0,30.0,6.0,17.52,83.5,0.0,32.9,30.6
665.115,89,122.0,1772.0,30.0,6.0,17.52,83.5,0.0,32.9,30.6
665.207,89,122.0,1772.0,30.0,6.0,17.52,83.5,0.0,14.1,30.6
665.299,89,122.0,1772.0,30.0,6.0,17.52,83.5,0.0,14.1,14.5
665.39,89,122.0,1772.0,30.0,6.0,17.52,83.5,0.0,14.1,14.5
665.475,89,115.0,1772.0,30.0,6.0,17.52,83.5,0.0,14.1,14.5
665.566,89,115.0,1697.0,30.0,6.0,17.52,83.5,0.0,14.1,14.5
665.655,89,115.0,1697.0,29.0,6.0,17.52,83.5,0.0,14.1,14.5
665.745,89,115.0,1697.0,29.0,6.0,17.52,83.5,0.0,14.1,14.5
665.835,89,115.0,1697.0,29.0,6.0,21.55,83.5,0.0,14.1,14.5
665.925,89,115.0,1697.0,29.0,6.0,21.55,83.5,0.0,14.1,14.5
666.015,89,115.0,1697.0,29.0,6.0,21.55,83.5,0.0,14.1,14.5
666.105,89,115.0,1697.0,29.0,6.0,21.55,83.5,0.0,14.1,14.5
666.198,89,115.0,1697.0,29.0,6.0,21.55,83.5,0.0,14.1,14.5
666.286,89,115.0,1697.0,29.0,6.0,21.55,83.5,0.0,14.1,14.5
666.377,89,120.0,1697.0,29.0,6.0,21.55,83.5,0.0,14.1,14.5
666.465,89,120.0,1577.0,29.0,6.0,21.55,83.5,0.0,14.1,14.5
666.587,89,120.0,1577.0,27.0,6.0,21.55,83.5,0.0,14.1,14.5
666.678,89,120.0,1577.0,27.0,7.0,21.55,83.5,0.0,14.1,14.5
666.765,89,120.0,1577.0,27.0,7.0,28.24,83.5,0.0,14.1,14.5
666.855,89,120.0,1577.0,27.0,7.0,28.24,83.5,0.0,14.1,14.5
666.945,89,120.0,1577.0,27.0,7.0,28.24,83.5,0.0,14.1,14.5
667.035,89,120.0,1577.0,27.0,7.0,28.24,83.5,0.0,14.1,14.5
667.125,89,120.0,1577.0,27.0,7.0,28.24,83.5,0.0,14.1,14.5
667.215,89,120.0,1577.0,27.0,7.0,28.24,83.5,0.0,14.1,14.5
667.305,89,118.0,1577.0,27.0,7.0,28.24,83.5,0.0,14.1,14.5
667.401,89,118.0,1413.0,27.0,7.0,28.24,83.5,0.0,14.1,14.5
667.485,89,118.0,1413.0,24.0,7.0,28.24,83.5,0.0,14.1,14.5
667.575,89,118.0,1413.0,24.0,8.0,28.24,83.5,0.0,14.1,14.5
667.664,89,118.0,1413.0,24.0,8.0,24.8,83.5,0.0,14.1,14.5
667.754,89,118.0,1413.0,24.0,8.0,24.8,83.5,0.0,14.1,14.5
667.844,89,118.0,1413.0,24.0,8.0,24.8,83.5,0.0,14.1,14.5
667.935,89,118.0,1413.0,24.0,8.0,24.8,83.5,0.0,14.1,14.5
668.025,89,118.0,1413.0,24.0,8.0,24.8,83.5,0.0,14.1,14.5
668.116,89,118.0,1413.0,24.0,8.0,24.8,83.5,0.0,14.1,14.5
668.235,89,114.0,1413.0,24.0,8.0,24.8,83.5,0.0,14.1,14.5
668.325,89,114.0,1266.0,24.0,8.0,24.8,83.5,0.0,14.1,14.5
668.415,89,114.0,1266.0,22.0,8.0,24.8,83.5,0.0,14.1,14.5
668.505,89,114.0,1266.0,22.0,7.0,24.8,83.5,0.0,14.1,14.5
668.597,89,114.0,1266.0,22.0,7.0,21.11,83.5,0.0,14.1,14.5
668.686,89,114.0,1266.0,22.0,7.0,21.11,83.5,0.0,14.1,14.5
668.775,89,114.0,1266.0,22.0,7.0,21.11,83.5,0.0,14.1,14.5
668.864,89,114.0,1266.0,22.0,7.0,21.11,83.5,0.0,14.1,14.5
668.955,89,114.0,1266.0,22.0,7.0,21.11,83.5,0.0,14.1,14.9
669.045,89,114.0,1266.0,22.0,7.0,21.11,83.5,0.0,14.1,14.9
669.135,89,110.0,1266.0,22.0,7.0,21.11,83.5,0.0,14.1,14.9
669.225,89,110.0,1176.0,22.0,7.0,21.11,83.5,0.0,14.1,14.9
669.315,89,110.0,1176.0,20.0,7.0,21.11,83.5,0.0,14.1,14.9
669.41,89,110.0,1176.0,20.0,6.0,21.11,83.5,0.0,14.1,14.9
669.495,89,110.0,1176.0,20.0,6.0,12.55,83.5,0.0,14.1,14.9
669.586,89,110.0,1176.0,20.0,6.0,12.55,83.5,0.0,14.1,14.9
669.646,89,110.0,1176.0,20.0,6.0,12.55,83.5,0.0,14.1,14.9
669.735,89,110.0,1176.0,20.0,6.0,12.55,83.5,0.0,29.0,14.9
669.825,89,110.0,1176.0,20.0,6.0,12.55,83.5,0.0,29.0,31.0
669.915,89,110.0,1176.0,20.0,6.0,12.55,83.5,0.0,29.0,31.0
670.005,89,105.0,1176.0,20.0,6.0,12.55,83.5,0.0,29.0,31.0
670.096,89,105.0,1259.0,20.0,6.0,12.55,83.5,0.0,29.0,31.0
670.185,89,105.0,1259.0,21.0,6.0,12.55,83.5,0.0,29.0,31.0
670.305,89,105.0,1259.0,21.0,4.0,12.55,83.5,0.0,29.0,31.0
670.396,89,105.0,1259.0,21.0,4.0,17.61,83.5,0.0,29.0,31.0
670.485,89,105.0,1259.0,21.0,4.0,17.61,83.5,0.0,29.0,31.0
670.575,89,105.0,1259.0,21.0,4.0,17.61,83.5,0.0,29.0,31.0
670.664,89,105.0,1259.0,21.0,4.0,17.61,83.5,0.0,47.5,31.0
670.755,89,105.0,1259.0,21.0,4.0,17.61,83.5,0.0,47.5,48.2
670.844,89,105.0,1259.0,21.0,4.0,17.61,83.5,0.0,47.5,48.2
670.934,89,125.0,1259.0,21.0,4.0,17.61,83.5,0.0,47.5,48.2
671.027,89,125.0,1552.0,21.0,4.0,17.61,83.5,0.0,47.5,48.2
671.116,89,125.0,1552.0,26.0,4.0,17.61,83.5,0.0,47.5,48.2
671.207,89,125.0,1552.0,26.0,4.0,17.61,83.5,0.0,47.5,48.2
671.296,89,125.0,1552.0,26.0,4.0,30.61,83.5,0.0,47.5,48.2
671.385,89,125.0,1552.0,26.0,4.0,30.61,83.5,0.0,47.5,48.2
671.475,89,125.0,1552.0,26.0,4.0,30.61,83.5,0.0,47.5,48.2
671.565,89,125.0,1552.0,26.0,4.0,30.61,83.5,0.0,47.5,48.2
671.655,89,125.0,1552.0,26.0,4.0,30.61,83.5,0.0,47.5,48.2
671.746,89,125.0,1552.0,26.0,4.0,30.61,83.5,0.0,47.5,48.2
671.836,89,168.0,1552.0,26.0,4.0,30.61,83.5,0.0,47.5,48.2
671.925,89,168.0,1901.0,26.0,4.0,30.61,83.5,0.0,47.5,48.2
672.016,89,168.0,1901.0,32.0,4.0,30.61,83.5,0.0,47.5,48.2
672.105,89,168.0,1901.0,32.0,8.0,30.61,83.5,0.0,47.5,48.2
672.196,89,168.0,1901.0,32.0,8.0,39.94,83.5,0.0,47.5,48.2
672.285,89,168.0,1901.0,32.0,8.0,39.94,83.5,0.0,47.5,48.2
672.346,89,168.0,1901.0,32.0,8.0,39.94,83.5,0.0,47.5,48.2
672.435,89,168.0,1901.0,32.0,8.0,39.94,83.5,0.0,47.1,48.2
672.529,89,168.0,1901.0,32.0,8.0,39.94,83.5,0.0,47.1,46.3
672.615,89,168.0,1901.0,32.0,8.0,39.94,83.5,0.0,47.1,46.3
672.705,89,179.0,1901.0,32.0,8.0,39.94,83.5,0.0,47.1,46.3
672.795,89,179.0,2160.0,32.0,8.0,39.94,83.5,0.0,47.1,46.3
672.884,89,179.0,2160.0,38.0,8.0,39.94,83.5,0.0,47.1,46.3
672.975,89,179.0,2160.0,38.0,9.0,39.94,83.5,0.0,47.1,46.3
673.065,89,179.0,2160.0,38.0,9.0,31.8,83.5,0.0,47.1,46.3
673.155,89,179.0,2160.0,38.0,9.0,31.8,31.0,0.0,47.1,46.3
673.245,89,179.0,2160.0,38.0,9.0,31.8,31.0,0.0,47.1,46.3
673.335,89,179.0,2160.0,38.0,9.0,31.8,31.0,0.0,14.5,46.3
673.425,89,179.0,2160.0,38.0,9.0,31.8,31.0,0.0,14.5,17.3
673.515,89,179.0,2160.0,38.0,9.0,31.8,31.0,0.0,14.5,17.3
673.606,89,99.0,2160.0,38.0,9.0,31.8,31.0,0.0,14.5,17.3
673.696,89,99.0,1368.0,38.0,9.0,31.8,31.0,0.0,14.5,17.3
673.785,89,99.0,1368.0,37.0,9.0,31.8,31.0,0.0,14.5,17.3
673.875,89,99.0,1368.0,37.0,9.0,31.8,31.0,0.0,14.5,17.3
673.964,89,99.0,1368.0,37.0,9.0,13.61,31.0,0.0,14.5,17.3
674.055,89,99.0,1368.0,37.0,9.0,13.61,83.5,0.0,14.5,17.3
674.146,89,99.0,1368.0,37.0,9.0,13.61,83.5,0.0,14.5,17.3
674.236,89,99.0,1368.0,37.0,9.0,13.61,83.5,0.0,14.1,17.3
674.297,89,99.0,1368.0,37.0,9.0,13.61,83.5,0.0,14.1,14.5
674.385,89,99.0,1368.0,37.0,9.0,13.61,83.5,0.0,14.1,14.5
674.475,89,105.0,1368.0,37.0,9.0,13.61,83.5,0.0,14.1,14.5
674.566,89,105.0,1341.0,37.0,9.0,13.61,83.5,0.0,14.1,14.5
674.656,89,105.0,1341.0,36.0,9.0,13.61,83.5,0.0,14.1,14.5
674.747,89,105.0,1341.0,36.0,6.0,13.61,83.5,0.0,14.1,14.5
674.835,89,105.0,1341.0,36.0,6.0,11.72,83.5,0.0,14.1,14.5
674.925,89,105.0,1341.0,36.0,6.0,11.72,83.5,0.0,14.1,14.5
675.015,89,105.0,1341.0,36.0,6.0,11.72,83.5,0.0,14.1,14.5
675.105,89,105.0,1341.0,36.0,6.0,11.72,83.5,0.0,14.1,14.5
675.195,89,105.0,1341.0,36.0,6.0,11.72,83.5,0.0,14.1,14.5
675.285,89,105.0,1341.0,36.0,6.0,11.72,83.5,0.0,14.1,14.5
675.376,89,110.0,1341.0,36.0,6.0,11.72,83.5,0.0,14.1,14.5
675.466,89,110.0,1266.0,36.0,6.0,11.72,83.5,0.0,14.1,14.5
675.555,89,110.0,1266.0,34.0,6.0,11.72,83.5,0.0,14.1,14.5
675.645,89,110.0,1266.0,34.0,3.0,11.72,83.5,0.0,14.1,14.5
675.735,89,110.0,1266.0,34.0,3.0,21.55,83.5,0.0,14.1,14.5
675.824,89,110.0,1266.0,34.0,3.0,21.55,83.5,0.0,14.1,14.5
675.945,89,110.0,1266.0,34.0,3.0,21.55,83.5,0.0,14.1,14.5
676.035,89,110.0,1266.0,34.0,3.0,21.55,83.5,0.0,26.7,14.5
676.125,89,110.0,1266.0,34.0,3.0,21.55,83.5,0.0,26.7,26.7
676.215,89,110.0,1266.0,34.0,3.0,21.55,83.5,0.0,26.7,26.7
676.305,89,106.0,1266.0,34.0,3.0,21.55,83.5,0.0,26.7,26.7
676.396,89,106.0,1231.0,34.0,3.0,21.55,83.5,0.0,26.7,26.7
676.485,89,106.0,1231.0,33.0,3.0,21.55,83.5,0.0,26.7,26.7
676.605,89,106.0,1231.0,33.0,4.0,21.55,83.5,0.0,26.7,26.7
676.695,89,106.0,1231.0,33.0,4.0,9.94,83.5,0.0,26.7,26.7
676.785,89,106.0,1231.0,33.0,4.0,9.94,83.5,0.0,26.7,26.7
676.875,89,106.0,1231.0,33.0,4.0,9.94,83.5,0.0,26.7,26.7
676.964,89,106.0,1231.0,33.0,4.0,9.94,83.5,0.0,30.2,26.7
677.055,89,106.0,1231.0,33.0,4.0,9.94,83.5,0.0,30.2,30.6
677.144,89,106.0,1231.0,33.0,4.0,9.94,83.5,0.0,30.2,30.6
677.234,89,105.0,1231.0,33.0,4.0,9.94,83.5,0.0,30.2,30.6
677.325,89,105.0,1243.0,33.0,4.0,9.94,83.5,0.0,30.2,30.6
677.415,89,105.0,1243.0,33.0,4.0,9.94,83.5,0.0,30.2,30.6
677.505,89,105.0,1243.0,33.0,3.0,9.94,83.5,0.0,30.2,30.6
677.595,89,105.0,1243.0,33.0,3.0,10.94,83.5,0.0,30.2,30.6
677.685,89,105.0,1243.0,33.0,3.0,10.94,83.5,0.0,30.2,30.6
677.8,89,105.0,1243.0,33.0,3.0,10.94,83.5,0.0,30.2,30.6
677.894,89,105.0,1243.0,33.0,3.0,10.94,83.5,0.0,29.8,30.6
677.985,89,105.0,1243.0,33.0,3.0,10.94,83.5,0.0,29.8,29.8
678.075,89,105.0,1243.0,33.0,3.0,10.94,83.5,0.0,29.8,29.8
678.166,89,109.0,1243.0,33.0,3.0,10.94,83.5,0.0,29.8,29.8
678.256,89,109.0,1263.0,33.0,3.0,10.94,83.5,0.0,29.8,29.8
678.346,89,109.0,1263.0,34.0,3.0,10.94,83.5,0.0,29.8,29.8
678.435,89,109.0,1263.0,34.0,4.0,10.94,83.5,0.0,29.8,29.8
678.525,89,109.0,1263.0,34.0,4.0,11.02,83.5,0.0,29.8,29.8
678.615,89,109.0,1263.0,34.0,4.0,11.02,83.5,0.0,29.8,29.8
678.706,89,109.0,1263.0,34.0,4.0,11.02,83.5,0.0,29.8,29.8
678.795,89,109.0,1263.0,34.0,4.0,11.02,83.5,0.0,27.8,29.8
678.885,89,109.0,1263.0,34.0,4.0,11.02,83.5,0.0,27.8,27.5
678.975,89,109.0,1263.0,34.0,4.0,11.02,83.5,0.0,27.8,27.5
679.065,89,109.0,1263.0,34.0,4.0,11.02,83.5,0.0,27.8,27.5
679.156,89,109.0,1254.0,34.0,4.0,11.02,83.5,0.0,27.8,27.5
679.245,89,109.0,1254.0,34.0,4.0,11.02,83.5,0.0,27.8,27.5
679.335,89,109.0,1254.0,34.0,4.0,11.02,83.5,0.0,27.8,27.5
679.397,89,109.0,1254.0,34.0,4.0,11.05,83.5,0.0,27.8,27.5
679.485,89,109.0,1254.0,34.0,4.0,11.05,83.5,0.0,27.8,27.5
679.547,89,109.0,1254.0,34.0,4.0,11.05,83.5,0.0,27.8,27.5
679.636,89,109.0,1254.0,34.0,4.0,11.05,83.5,0.0,14.1,27.5
679.725,89,109.0,1254.0,34.0,4.0,11.05,83.5,0.0,14.1,14.5
679.814,89,109.0,1254.0,34.0,4.0,11.05,83.5,0.0,14.1,14.5
679.904,89,107.0,1254.0,34.0,4.0,11.05,83.5,0.0,14.1,14.5
679.995,89,107.0,1213.0,34.0,4.0,11.05,83.5,0.0,14.1,14.5
680.086,89,107.0,1213.0,32.0,4.0,11.05,83.5,0.0,14.1,14.5
680.176,89,107.0,1213.0,32.0,4.0,11.05,83.5,0.0,14.1,14.5
680.266,89,107.0,1213.0,32.0,4.0,15.86,83.5,0.0,14.1,14.5
680.355,89,107.0,1213.0,32.0,4.0,15.86,83.5,0.0,14.1,14.5
680.446,89,107.0,1213.0,32.0,4.0,15.86,83.5,0.0,14.1,14.5
680.536,89,107.0,1213.0,32.0,4.0,15.86,83.5,0.0,14.1,14.5
680.626,89,107.0,1213.0,32.0,4.0,15.86,83.5,0.0,14.1,14.5
680.715,89,107.0,1213.0,32.0,4.0,15.86,83.5,0.0,14.1,14.5
680.807,89,108.0,1213.0,32.0,4.0,15.86,83.5,0.0,14.1,14.5
680.894,89,108.0,1141.0,32.0,4.0,15.86,83.5,0.0,14.1,14.5
680.985,89,108.0,1141.0,30.0,4.0,15.86,83.5,0.0,14.1,14.5
681.046,89,108.0,1141.0,30.0,6.0,15.86,83.5,0.0,14.1,14.5
681.135,89,108.0,1141.0,30.0,6.0,18.86,83.5,0.0,14.1,14.5
681.198,89,108.0,1141.0,30.0,6.0,18.86,83.5,0.0,14.1,14.5
681.285,89,108.0,1141.0,30.0,6.0,18.86,83.5,0.0,14.1,14.5
681.376,89,108.0,1141.0,30.0,6.0,18.86,83.5,0.0,14.1,14.5
681.466,89,108.0,1141.0,30.0,6.0,18.86,83.5,0.0,14.1,14.5
681.556,89,108.0,1141.0,30.0,6.0,18.86,83.5,0.0,14.1,14.5
681.645,89,108.0,1141.0,30.0,6.0,18.86,83.5,0.0,14.1,14.5
681.735,89,108.0,905.0,30.0,6.0,18.86,83.5,0.0,14.1,14.5
681.803,89,108.0,905.0,29.0,6.0,18.86,83.5,0.0,14.1,14.5
681.884,89,108.0,905.0,29.0,7.0,18.86,83.5,0.0,14.1,14.5
681.946,89,108.0,905.0,29.0,7.0,7.36,83.5,0.0,14.1,14.5
682.035,89,108.0,905.0,29.0,7.0,7.36,83.5,0.0,14.1,14.5
682.125,89,108.0,905.0,29.0,7.0,7.36,83.5,0.0,14.1,14.5
682.215,89,108.0,905.0,29.0,7.0,7.36,83.5,0.0,14.1,14.5
682.335,89,108.0,905.0,29.0,7.0,7.36,83.5,0.0,14.1,14.5
682.396,89,108.0,905.0,29.0,7.0,7.36,83.5,0.0,14.1,14.5
682.485,89,104.0,905.0,29.0,7.0,7.36,83.5,0.0,14.1,14.5
682.548,89,104.0,891.0,29.0,7.0,7.36,83.5,0.0,14.1,14.5
682.635,89,104.0,891.0,27.0,7.0,7.36,83.5,0.0,14.1,14.5
682.696,89,104.0,891.0,27.0,2.0,7.36,83.5,0.0,14.1,14.5
682.785,89,104.0,891.0,27.0,2.0,8.55,83.5,0.0,14.1,14.5
682.875,89,104.0,891.0,27.0,2.0,8.55,83.5,0.0,14.1,14.5
682.965,89,104.0,891.0,27.0,2.0,8.55,83.5,0.0,14.1,14.5
683.055,89,104.0,891.0,27.0,2.0,8.55,83.5,0.0,14.1,14.5
683.145,89,104.0,891.0,27.0,2.0,8.55,83.5,0.0,14.1,14.5
683.237,89,104.0,891.0,27.0,2.0,8.55,83.5,0.0,14.1,14.5
683.326,89,103.0,891.0,27.0,2.0,8.55,83.5,0.0,14.1,14.5
683.415,89,103.0,891.0,27.0,2.0,8.55,83.5,0.0,14.1,14.5
683.505,89,103.0,891.0,26.0,2.0,8.55,83.5,0.0,14.1,14.5
683.595,89,103.0,891.0,26.0,2.0,8.55,83.5,0.0,14.1,14.5
683.685,89,103.0,891.0,26.0,2.0,8.22,83.5,0.0,14.1,14.5
683.747,89,103.0,891.0,26.0,2.0,8.22,83.5,0.0,14.1,14.5
683.838,89,103.0,891.0,26.0,2.0,8.22,83.5,0.0,14.1,14.5
683.895,89,103.0,891.0,26.0,2.0,8.22,83.5,0.0,14.1,14.5
683.985,89,103.0,891.0,26.0,2.0,8.22,83.5,0.0,14.1,14.5
684.075,89,103.0,891.0,26.0,2.0,8.22,83.5,0.0,14.1,14.5
684.165,89,103.0,891.0,26.0,2.0,8.22,83.5,0.0,14.1,14.5
684.256,89,103.0,898.0,26.0,2.0,8.22,83.5,0.0,14.1,14.5
684.345,89,103.0,898.0,25.0,2.0,8.22,83.5,0.0,14.1,14.5
684.434,89,103.0,898.0,25.0,2.0,8.22,83.5,0.0,14.1,14.5
684.524,89,103.0,898.0,25.0,2.0,8.16,83.5,0.0,14.1,14.5
684.585,89,103.0,898.0,25.0,2.0,8.16,83.5,0.0,14.1,14.5
684.645,89,103.0,898.0,25.0,2.0,8.16,83.5,0.0,14.1,14.5
684.734,89,103.0,898.0,25.0,2.0,8.16,83.5,0.0,26.3,14.5
684.795,89,103.0,898.0,25.0,2.0,8.16,83.5,0.0,26.3,28.6
684.914,89,103.0,898.0,25.0,2.0,8.16,83.5,0.0,26.3,28.6
685.005,89,103.0,898.0,25.0,2.0,8.16,83.5,0.0,26.3,28.6
685.095,89,103.0,1556.0,25.0,2.0,8.16,83.5,0.0,26.3,28.6
685.185,89,103.0,1556.0,24.0,2.0,8.16,83.5,0.0,26.3,28.6
685.275,89,103.0,1556.0,24.0,3.0,8.16,83.5,0.0,26.3,28.6
685.366,89,103.0,1556.0,24.0,3.0,16.44,83.5,0.0,26.3,28.6
685.455,89,103.0,1556.0,24.0,3.0,16.44,83.5,0.0,26.3,28.6
685.545,89,103.0,1556.0,24.0,3.0,16.44,83.5,0.0,26.3,28.6
685.637,89,103.0,1556.0,24.0,3.0,16.44,83.5,0.0,14.1,28.6
685.697,89,103.0,1556.0,24.0,3.0,16.44,83.5,0.0,14.1,14.5
685.788,90,103.0,1556.0,24.0,3.0,16.44,83.5,0.0,14.1,14.5
685.845,90,101.0,1556.0,24.0,3.0,16.44,83.5,0.0,14.1,14.5
685.934,90,101.0,943.0,24.0,3.0,16.44,83.5,0.0,14.1,14.5
686.025,90,101.0,943.0,23.0,3.0,16.44,83.5,0.0,14.1,14.5
686.115,90,101.0,943.0,23.0,8.0,16.44,83.5,0.0,14.1,14.5
686.206,90,101.0,943.0,23.0,8.0,13.99,83.5,0.0,14.1,14.5
686.295,90,101.0,943.0,23.0,8.0,13.99,45.9,0.0,14.1,14.5
686.385,90,101.0,943.0,23.0,8.0,13.99,45.9,0.0,14.1,14.5
686.448,90,101.0,943.0,23.0,8.0,13.99,45.9,0.0,14.1,14.5
686.537,90,101.0,943.0,23.0,8.0,13.99,45.9,0.0,14.1,14.5
686.598,90,101.0,943.0,23.0,8.0,13.99,45.9,0.0,14.1,14.5
686.685,90,101.0,943.0,23.0,8.0,13.99,45.9,0.0,14.1,14.5
686.747,90,101.0,886.0,23.0,8.0,13.99,45.9,0.0,14.1,14.5
686.834,90,101.0,886.0,13.0,8.0,13.99,45.9,0.0,14.1,14.5
686.895,90,101.0,886.0,13.0,6.0,13.99,45.9,0.0,14.1,14.5
686.985,90,101.0,886.0,13.0,6.0,7.69,45.9,0.0,14.1,14.5
687.047,90,101.0,886.0,13.0,6.0,7.69,83.5,0.0,14.1,14.5
687.135,90,101.0,886.0,13.0,6.0,7.69,83.5,0.0,14.1,14.5
687.225,90,101.0,886.0,13.0,6.0,7.69,83.5,0.0,14.1,14.5
687.287,90,101.0,886.0,13.0,6.0,7.69,83.5,0.0,14.1,14.5
687.347,90,101.0,886.0,13.0,6.0,7.69,83.5,0.0,14.1,14.5
687.436,90,102.0,886.0,13.0,6.0,7.69,83.5,0.0,14.1,14.5
687.498,90,102.0,892.0,13.0,6.0,7.69,83.5,0.0,14.1,14.5
687.585,90,102.0,892.0,7.0,6.0,7.69,83.5,0.0,14.1,14.5
687.646,90,102.0,892.0,7.0,1.0,7.69,83.5,0.0,14.1,14.5
687.735,90,102.0,892.0,7.0,1.0,8.22,83.5,0.0,14.1,14.5
687.795,90,102.0,892.0,7.0,1.0,8.22,83.5,0.0,14.1,14.5
687.885,90,102.0,892.0,7.0,1.0,8.22,83.5,0.0,14.1,14.5
687.946,90,102.0,892.0,7.0,1.0,8.22,83.5,0.0,14.1,14.5
688.035,90,102.0,892.0,7.0,1.0,8.22,83.5,0.0,14.1,14.5
688.098,90,102.0,892.0,7.0,1.0,8.22,83.5,0.0,14.1,14.5
688.185,90,102.0,892.0,7.0,1.0,8.22,83.5,0.0,14.1,14.5
688.246,90,102.0,897.0,7.0,1.0,8.22,83.5,0.0,14.1,14.5
688.335,90,102.0,897.0,4.0,1.0,8.22,83.5,0.0,14.1,14.5
688.396,90,102.0,897.0,4.0,2.0,8.22,83.5,0.0,14.1,14.5
688.485,90,102.0,897.0,4.0,2.0,8.08,83.5,0.0,14.1,14.5
688.547,90,102.0,897.0,4.0,2.0,8.08,83.5,0.0,14.1,14.5
688.635,90,102.0,897.0,4.0,2.0,8.08,83.5,0.0,14.1,14.5
688.697,90,102.0,897.0,4.0,2.0,8.08,83.5,0.0,14.1,14.5
688.786,90,102.0,897.0,4.0,2.0,8.08,83.5,0.0,14.1,14.5
688.846,90,102.0,897.0,4.0,2.0,8.08,83.5,0.0,14.1,14.5
688.935,90,103.0,897.0,4.0,2.0,8.08,83.5,0.0,14.1,14.5
688.995,90,103.0,873.0,4.0,2.0,8.08,83.5,0.0,14.1,14.5
689.085,90,103.0,873.0,2.0,2.0,8.08,83.5,0.0,14.1,14.5
689.146,90,103.0,873.0,2.0,2.0,8.08,83.5,0.0,14.1,14.5
689.235,90,103.0,873.0,2.0,2.0,7.8,83.5,0.0,14.1,14.5
689.296,90,103.0,873.0,2.0,2.0,7.8,83.5,0.0,14.1,14.5
689.385,90,103.0,873.0,2.0,2.0,7.8,83.5,0.0,14.1,14.5
689.446,90,103.0,873.0,2.0,2.0,7.8,83.5,0.0,17.3,14.5
689.535,90,103.0,873.0,2.0,2.0,7.8,83.5,0.0,17.3,17.3
689.595,90,103.0,873.0,2.0,2.0,7.8,83.5,0.0,17.3,17.3
689.685,90,102.0,873.0,2.0,2.0,7.8,83.5,0.0,17.3,17.3
689.746,90,102.0,914.0,2.0,2.0,7.8,83.5,0.0,17.3,17.3
689.835,90,102.0,914.0,2.0,2.0,7.8,83.5,0.0,17.3,17.3
689.896,90,102.0,914.0,2.0,2.0,7.8,83.5,0.0,17.3,17.3
689.985,90,102.0,914.0,2.0,2.0,8.86,83.5,0.0,17.3,17.3
690.045,90,102.0,914.0,2.0,2.0,8.86,83.5,0.0,17.3,17.3
690.135,90,102.0,914.0,2.0,2.0,8.86,83.5,0.0,17.3,17.3
690.198,90,102.0,914.0,2.0,2.0,8.86,83.5,0.0,18.8,17.3
690.285,90,102.0,914.0,2.0,2.0,8.86,83.5,0.0,18.8,18.4
690.345,90,102.0,914.0,2.0,2.0,8.86,83.5,0.0,18.8,18.4
690.435,90,103.0,914.0,2.0,2.0,8.86,83.5,0.0,18.8,18.4
690.496,90,103.0,909.0,2.0,2.0,8.86,83.5,0.0,18.8,18.4
690.585,90,103.0,909.0,2.0,2.0,8.86,83.5,0.0,18.8,18.4
690.705,90,103.0,909.0,2.0,2.0,8.86,83.5,0.0,18.8,18.4
690.799,90,103.0,909.0,2.0,2.0,9.08,83.5,0.0,18.8,18.4
690.885,90,103.0,909.0,2.0,2.0,9.08,83.5,0.0,18.8,18.4
690.975,90,103.0,909.0,2.0,2.0,9.08,83.5,0.0,18.8,18.4
691.065,90,103.0,909.0,2.0,2.0,9.08,83.5,0.0,24.7,18.4
691.155,90,103.0,909.0,2.0,2.0,9.08,83.5,0.0,24.7,24.3
691.245,90,103.0,909.0,2.0,2.0,9.08,83.5,0.0,24.7,24.3
691.335,90,108.0,909.0,2.0,2.0,9.08,83.5,0.0,24.7,24.3
691.425,90,108.0,1159.0,2.0,2.0,9.08,83.5,0.0,24.7,24.3
691.515,90,108.0,1159.0,6.0,2.0,9.08,83.5,0.0,24.7,24.3
691.636,90,108.0,1159.0,6.0,4.0,9.08,83.5,0.0,24.7,24.3
691.725,90,108.0,1159.0,6.0,4.0,16.27,83.5,0.0,24.7,24.3
691.787,90,108.0,1159.0,6.0,4.0,16.27,83.5,0.0,24.7,24.3
691.874,90,108.0,1159.0,6.0,4.0,16.27,83.5,0.0,24.7,24.3
691.964,90,108.0,1159.0,6.0,4.0,16.27,83.5,0.0,27.8,24.3
692.055,90,108.0,1159.0,6.0,4.0,16.27,83.5,0.0,27.8,30.2
692.146,90,108.0,1159.0,6.0,4.0,16.27,83.5,0.0,27.8,30.2
692.236,90,117.0,1159.0,6.0,4.0,16.27,83.5,0.0,27.8,30.2
692.325,90,117.0,1561.0,6.0,4.0,16.27,83.5,0.0,27.8,30.2
692.417,90,117.0,1561.0,13.0,4.0,16.27,83.5,0.0,27.8,30.2
692.505,90,117.0,1561.0,13.0,9.0,16.27,83.5,0.0,27.8,30.2
692.596,90,117.0,1561.0,13.0,9.0,25.77,83.5,0.0,27.8,30.2
692.685,90,117.0,1561.0,13.0,9.0,25.77,83.5,0.0,27.8,30.2
692.776,90,117.0,1561.0,13.0,9.0,25.77,83.5,0.0,27.8,30.2
692.865,90,117.0,1561.0,13.0,9.0,25.77,83.5,0.0,46.3,30.2
692.954,90,117.0,1561.0,13.0,9.0,25.77,83.5,0.0,46.3,47.5
693.044,90,117.0,1561.0,13.0,9.0,25.77,83.5,0.0,46.3,47.5
693.134,90,154.0,1561.0,13.0,9.0,25.77,83.5,0.0,46.3,47.5
693.225,90,154.0,2262.0,13.0,9.0,25.77,83.5,0.0,46.3,47.5
693.286,90,154.0,2262.0,20.0,9.0,25.77,83.5,0.0,46.3,47.5
693.375,90,154.0,2262.0,20.0,12.0,25.77,83.5,0.0,46.3,47.5
693.465,90,154.0,2262.0,20.0,12.0,55.08,83.5,0.0,46.3,47.5
693.556,90,154.0,2262.0,20.0,12.0,55.08,83.5,0.0,46.3,47.5
693.645,90,154.0,2262.0,20.0,12.0,55.08,83.5,0.0,46.3,47.5
693.736,90,154.0,2262.0,20.0,12.0,55.08,83.5,0.0,29.0,47.5
693.824,90,154.0,2262.0,20.0,12.0,55.08,83.5,0.0,29.0,14.5
693.915,90,154.0,2262.0,20.0,12.0,55.08,83.5,0.0,29.0,14.5
694.006,90,110.0,2262.0,20.0,12.0,55.08,83.5,0.0,29.0,14.5
694.096,90,110.0,2395.0,20.0,12.0,55.08,83.5,0.0,29.0,14.5
694.185,90,110.0,2395.0,24.0,12.0,55.08,83.5,0.0,29.0,14.5
694.304,90,110.0,2395.0,24.0,13.0,55.08,83.5,0.0,29.0,14.5
694.395,90,110.0,2395.0,24.0,13.0,31.77,83.5,0.0,29.0,14.5
694.486,90,110.0,2395.0,24.0,13.0,31.77,31.0,0.0,29.0,14.5
694.576,90,110.0,2395.0,24.0,13.0,31.77,31.0,0.0,29.0,14.5
694.665,90,110.0,2395.0,24.0,13.0,31.77,31.0,0.0,40.8,14.5
694.755,90,110.0,2395.0,24.0,13.0,31.77,31.0,0.0,40.8,41.6
694.845,90,110.0,2395.0,24.0,13.0,31.77,31.0,0.0,40.8,41.6
694.936,90,113.0,2395.0,24.0,13.0,31.77,31.0,0.0,40.8,41.6
695.025,90,113.0,1600.0,24.0,13.0,31.77,31.0,0.0,40.8,41.6
695.115,90,113.0,1600.0,27.0,13.0,31.77,31.0,0.0,40.8,41.6
695.205,90,113.0,1600.0,27.0,10.0,31.77,31.0,0.0,40.8,41.6
695.296,90,113.0,1600.0,27.0,10.0,26.19,31.0,0.0,40.8,41.6
695.385,90,113.0,1600.0,27.0,10.0,26.19,83.5,0.0,40.8,41.6
695.476,90,113.0,1600.0,27.0,10.0,26.19,83.5,0.0,40.8,41.6
695.538,90,113.0,1600.0,27.0,10.0,26.19,83.5,0.0,44.3,41.6
695.625,90,113.0,1600.0,27.0,10.0,26.19,83.5,0.0,44.3,42.4
695.687,90,113.0,1600.0,27.0,10.0,26.19,83.5,0.0,44.3,42.4
695.778,90,146.0,1600.0,27.0,10.0,26.19,83.5,0.0,44.3,42.4
695.864,90,146.0,1754.0,27.0,10.0,26.19,83.5,0.0,44.3,42.4
695.955,90,146.0,1754.0,31.0,10.0,26.19,83.5,0.0,44.3,42.4
696.045,90,146.0,1754.0,31.0,9.0,26.19,83.5,0.0,44.3,42.4
696.135,90,146.0,1754.0,31.0,9.0,27.77,83.5,0.0,44.3,42.4
696.225,90,146.0,1754.0,31.0,9.0,27.77,31.0,0.0,44.3,42.4
696.315,90,146.0,1754.0,31.0,9.0,27.77,31.0,0.0,44.3,42.4
696.405,90,146.0,1754.0,31.0,9.0,27.77,31.0,0.0,14.1,42.4
696.496,90,146.0,1754.0,31.0,9.0,27.77,31.0,0.0,14.1,14.5
696.615,90,146.0,1754.0,31.0,9.0,27.77,31.0,0.0,14.1,14.5
696.706,90,99.0,1754.0,31.0,9.0,27.77,31.0,0.0,14.1,14.5
696.796,90,99.0,1675.0,31.0,9.0,27.77,31.0,0.0,14.1,14.5
696.884,90,99.0,1675.0,29.0,9.0,27.77,31.0,0.0,14.1,14.5
696.975,90,99.0,1675.0,29.0,9.0,27.77,31.0,0.0,14.1,14.5
697.065,90,99.0,1675.0,29.0,9.0,23.69,31.0,0.0,14.1,14.5
697.157,90,99.0,1675.0,29.0,9.0,23.69,83.5,0.0,14.1,14.5
697.245,90,99.0,1675.0,29.0,9.0,23.69,83.5,0.0,14.1,14.5
697.336,90,99.0,1675.0,29.0,9.0,23.69,83.5,0.0,14.1,14.5
697.425,90,99.0,1675.0,29.0,9.0,23.69,83.5,0.0,14.1,14.5
697.485,90,99.0,1675.0,29.0,9.0,23.69,83.5,0.0,14.1,14.5
697.576,90,118.0,1675.0,29.0,9.0,23.69,83.5,0.0,14.1,14.5
697.637,90,118.0,1572.0,29.0,9.0,23.69,83.5,0.0,14.1,14.5
697.725,90,118.0,1572.0,26.0,9.0,23.69,83.5,0.0,14.1,14.5
697.788,90,118.0,1572.0,26.0,9.0,23.69,83.5,0.0,14.1,14.5
697.874,90,118.0,1572.0,26.0,9.0,21.05,83.5,0.0,14.1,14.5
697.935,90,118.0,1572.0,26.0,9.0,21.05,83.5,0.0,14.1,14.5
698.024,90,118.0,1572.0,26.0,9.0,21.05,83.5,0.0,14.1,14.5
698.085,90,118.0,1572.0,26.0,9.0,21.05,83.5,0.0,41.2,14.5
698.175,90,118.0,1572.0,26.0,9.0,21.05,83.5,0.0,41.2,42.7
698.265,90,118.0,1572.0,26.0,9.0,21.05,83.5,0.0,41.2,42.7
698.355,90,120.0,1572.0,26.0,9.0,21.05,83.5,0.0,41.2,42.7
698.446,90,120.0,1649.0,26.0,9.0,21.05,83.5,0.0,41.2,42.7
698.538,90,120.0,1649.0,28.0,9.0,21.05,83.5,0.0,41.2,42.7
698.625,90,120.0,1649.0,28.0,8.0,21.05,83.5,0.0,41.2,42.7
698.692,90,120.0,1649.0,28.0,8.0,28.33,83.5,0.0,41.2,42.7
698.775,90,120.0,1649.0,28.0,8.0,28.33,83.5,0.0,41.2,42.7
698.836,90,120.0,1649.0,28.0,8.0,28.33,83.5,0.0,41.2,42.7
698.925,90,120.0,1649.0,28.0,8.0,28.33,83.5,0.0,47.5,42.7
699.016,90,120.0,1649.0,28.0,8.0,28.33,83.5,0.0,47.5,48.2
699.106,90,120.0,1649.0,28.0,8.0,28.33,83.5,0.0,47.5,48.2
699.196,90,161.0,1649.0,28.0,8.0,28.33,83.5,0.0,47.5,48.2
699.285,90,161.0,1907.0,28.0,8.0,28.33,83.5,0.0,47.5,48.2
699.376,90,161.0,1907.0,33.0,8.0,28.33,83.5,0.0,47.5,48.2
699.439,90,161.0,1907.0,33.0,9.0,28.33,83.5,0.0,47.5,48.2
699.525,90,161.0,1907.0,33.0,9.0,41.99,83.5,0.0,47.5,48.2
699.587,90,161.0,1907.0,33.0,9.0,41.99,83.5,0.0,47.5,48.2
699.677,90,161.0,1907.0,33.0,9.0,41.99,83.5,0.0,47.5,48.2
699.737,90,161.0,1907.0,33.0,9.0,41.99,83.5,0.0,47.8,48.2
699.824,90,161.0,1907.0,33.0,9.0,41.99,83.5,0.0,47.8,48.2
699.885,90,161.0,1907.0,33.0,9.0,41.99,83.5,0.0,47.8,48.2
699.975,90,190.0,1907.0,33.0,9.0,41.99,83.5,0.0,47.8,48.2
700.037,90,190.0,2192.0,33.0,9.0,41.99,83.5,0.0,47.8,48.2
700.125,90,190.0,2192.0,38.0,9.0,41.99,83.5,0.0,47.8,48.2
700.215,90,190.0,2192.0,38.0,11.0,41.99,83.5,0.0,47.8,48.2
700.305,90,190.0,2192.0,38.0,11.0,36.86,83.5,0.0,47.8,48.2
700.396,90,190.0,2192.0,38.0,11.0,36.86,31.0,0.0,47.8,48.2
700.485,90,190.0,2192.0,38.0,11.0,36.86,31.0,0.0,47.8,48.2
700.576,90,190.0,2192.0,38.0,11.0,36.86,31.0,0.0,14.1,48.2
700.636,90,190.0,2192.0,38.0,11.0,36.86,31.0,0.0,14.1,19.6
700.725,90,190.0,2192.0,38.0,11.0,36.86,31.0,0.0,14.1,19.6
700.791,90,101.0,2192.0,38.0,11.0,36.86,31.0,0.0,14.1,19.6
700.875,90,101.0,1723.0,38.0,11.0,36.86,31.0,0.0,14.1,19.6
700.936,90,101.0,1723.0,38.0,11.0,36.86,31.0,0.0,14.1,19.6
701.025,90,101.0,1723.0,38.0,9.0,36.86,31.0,0.0,14.1,19.6
701.115,90,101.0,1723.0,38.0,9.0,24.58,31.0,0.0,14.1,19.6
701.179,90,101.0,1723.0,38.0,9.0,24.58,79.2,0.0,14.1,19.6
701.237,90,101.0,1723.0,38.0,9.0,24.58,79.2,0.0,14.1,19.6
701.325,90,101.0,1723.0,38.0,9.0,24.58,79.2,0.0,48.2,19.6
701.419,90,101.0,1723.0,38.0,9.0,24.58,79.2,0.0,48.2,49.0
701.505,90,101.0,1723.0,38.0,9.0,24.58,79.2,0.0,48.2,49.0
701.624,90,126.0,1723.0,38.0,9.0,24.58,79.2,0.0,48.2,49.0
701.686,90,126.0,1530.0,38.0,9.0,24.58,79.2,0.0,48.2,49.0
701.775,90,126.0,1530.0,41.0,9.0,24.58,79.2,0.0,48.2,49.0
701.835,90,126.0,1530.0,41.0,8.0,24.58,79.2,0.0,48.2,49.0
701.925,90,126.0,1530.0,41.0,8.0,27.69,79.2,0.0,48.2,49.0
701.986,90,126.0,1530.0,41.0,8.0,27.69,83.5,0.0,48.2,49.0
702.076,90,126.0,1530.0,41.0,8.0,27.69,83.5,0.0,48.2,49.0
702.137,90,126.0,1530.0,41.0,8.0,27.69,83.5,0.0,45.1,49.0
702.225,90,126.0,1530.0,41.0,8.0,27.69,83.5,0.0,45.1,45.1
702.287,90,126.0,1530.0,41.0,8.0,27.69,83.5,0.0,45.1,45.1
702.377,90,154.0,1530.0,41.0,8.0,27.69,83.5,0.0,45.1,45.1
702.437,90,154.0,1623.0,41.0,8.0,27.69,83.5,0.0,45.1,45.1
702.525,90,154.0,1623.0,44.0,8.0,27.69,83.5,0.0,45.1,45.1
702.586,90,154.0,1623.0,44.0,8.0,27.69,83.5,0.0,45.1,45.1
702.677,90,154.0,1623.0,44.0,8.0,20.22,83.5,0.0,45.1,45.1
702.738,90,154.0,1623.0,44.0,8.0,20.22,83.5,0.0,45.1,45.1
702.824,90,154.0,1623.0,44.0,8.0,20.22,83.5,0.0,45.1,45.1
702.885,90,154.0,1623.0,44.0,8.0,20.22,83.5,0.0,36.1,45.1
702.975,90,154.0,1623.0,44.0,8.0,20.22,83.5,0.0,36.1,36.1
703.037,90,154.0,1623.0,44.0,8.0,20.22,83.5,0.0,36.1,36.1
703.125,90,131.0,1623.0,44.0,8.0,20.22,83.5,0.0,36.1,36.1
703.187,90,131.0,1670.0,44.0,8.0,20.22,83.5,0.0,36.1,36.1
703.277,90,131.0,1670.0,45.0,8.0,20.22,83.5,0.0,36.1,36.1
703.339,90,131.0,1670.0,45.0,8.0,20.22,83.5,0.0,36.1,36.1
703.425,90,131.0,1670.0,45.0,8.0,18.27,83.5,0.0,36.1,36.1
703.487,90,131.0,1670.0,45.0,8.0,18.27,83.5,0.0,36.1,36.1
703.576,90,131.0,1670.0,45.0,8.0,18.27,83.5,0.0,36.1,36.1
703.638,90,131.0,1670.0,45.0,8.0,18.27,83.5,0.0,34.9,36.1
703.725,90,131.0,1670.0,45.0,8.0,18.27,83.5,0.0,34.9,35.3
703.804,90,131.0,1670.0,45.0,8.0,18.27,83.5,0.0,34.9,35.3
703.874,90,119.0,1670.0,45.0,8.0,18.27,83.5,0.0,34.9,35.3
703.935,90,119.0,1692.0,45.0,8.0,18.27,83.5,0.0,34.9,35.3
704.024,90,119.0,1692.0,45.0,8.0,18.27,83.5,0.0,34.9,35.3
704.086,90,119.0,1692.0,45.0,6.0,18.27,83.5,0.0,34.9,35.3
704.176,90,119.0,1692.0,45.0,6.0,17.94,83.5,0.0,34.9,35.3
704.237,90,119.0,1692.0,45.0,6.0,17.94,83.5,0.0,34.9,35.3
704.325,90,119.0,1692.0,45.0,6.0,17.94,83.5,0.0,34.9,35.3
704.386,90,119.0,1692.0,45.0,6.0,17.94,83.5,0.0,32.9,35.3
704.476,90,119.0,1692.0,45.0,6.0,17.94,83.5,0.0,32.9,33.3
704.538,90,119.0,1692.0,45.0,6.0,17.94,83.5,0.0,32.9,33.3
704.626,90,117.0,1692.0,45.0,6.0,17.94,83.5,0.0,32.9,33.3
704.687,90,117.0,1701.0,45.0,6.0,17.94,83.5,0.0,32.9,33.3
704.775,90,117.0,1701.0,46.0,6.0,17.94,83.5,0.0,32.9,33.3
704.835,90,117.0,1701.0,46.0,6.0,17.94,83.5,0.0,32.9,33.3
704.924,90,117.0,1701.0,46.0,6.0,17.3,83.5,0.0,32.9,33.3
704.985,90,117.0,1701.0,46.0,6.0,17.3,83.5,0.0,32.9,33.3
705.076,90,117.0,1701.0,46.0,6.0,17.3,83.5,0.0,32.9,33.3
705.138,90,117.0,1701.0,46.0,6.0,17.3,83.5,0.0,33.3,33.3
705.225,90,117.0,1701.0,46.0,6.0,17.3,83.5,0.0,33.3,33.7
705.287,90,117.0,1701.0,46.0,6.0,17.3,83.5,0.0,33.3,33.7
705.375,90,116.0,1701.0,46.0,6.0,17.3,83.5,0.0,33.3,33.7
705.436,90,116.0,1703.0,46.0,6.0,17.3,83.5,0.0,33.3,33.7
705.525,90,116.0,1703.0,46.0,6.0,17.3,83.5,0.0,33.3,33.7
705.586,90,116.0,1703.0,46.0,6.0,17.3,83.5,0.0,33.3,33.7
705.675,90,116.0,1703.0,46.0,6.0,17.83,83.5,0.0,33.3,33.7
705.737,90,116.0,1703.0,46.0,6.0,17.83,83.5,0.0,33.3,33.7
705.824,90,116.0,1703.0,46.0,6.0,17.83,83.5,0.0,33.3,33.7
705.885,90,116.0,1703.0,46.0,6.0,17.83,83.5,0.0,33.3,33.7
705.975,90,116.0,1703.0,46.0,6.0,17.83,83.5,0.0,33.3,33.7
706.037,90,116.0,1703.0,46.0,6.0,17.83,83.5,0.0,33.3,33.7
706.125,90,118.0,1703.0,46.0,6.0,17.83,83.5,0.0,33.3,33.7
706.188,90,118.0,1706.0,46.0,6.0,17.83,83.5,0.0,33.3,33.7
706.275,90,118.0,1706.0,46.0,6.0,17.83,83.5,0.0,33.3,33.7
706.337,90,118.0,1706.0,46.0,6.0,17.83,83.5,0.0,33.3,33.7
706.425,90,118.0,1706.0,46.0,6.0,17.36,83.5,0.0,33.3,33.7
706.488,90,118.0,1706.0,46.0,6.0,17.36,83.5,0.0,33.3,33.7
706.575,90,118.0,1706.0,46.0,6.0,17.36,83.5,0.0,33.3,33.7
706.637,90,118.0,1706.0,46.0,6.0,17.36,83.5,0.0,33.7,33.7
706.725,90,118.0,1706.0,46.0,6.0,17.36,83.5,0.0,33.7,34.1
706.787,90,118.0,1706.0,46.0,6.0,17.36,83.5,0.0,33.7,34.1
706.874,90,119.0,1706.0,46.0,6.0,17.36,83.5,0.0,33.7,34.1
706.935,90,119.0,1707.0,46.0,6.0,17.36,83.5,0.0,33.7,34.1
707.025,90,119.0,1707.0,46.0,6.0,17.36,83.5,0.0,33.7,34.1
707.087,90,119.0,1707.0,46.0,6.0,17.36,83.5,0.0,33.7,34.1
707.175,90,119.0,1707.0,46.0,6.0,18.05,83.5,0.0,33.7,34.1
707.237,90,119.0,1707.0,46.0,6.0,18.05,83.5,0.0,33.7,34.1
707.326,90,119.0,1707.0,46.0,6.0,18.05,83.5,0.0,33.7,34.1
707.387,90,119.0,1707.0,46.0,6.0,18.05,83.5,0.0,31.8,34.1
707.476,90,119.0,1707.0,46.0,6.0,18.05,83.5,0.0,31.8,31.8
707.536,90,119.0,1707.0,46.0,6.0,18.05,83.5,0.0,31.8,31.8
707.625,90,119.0,1707.0,46.0,6.0,18.05,83.5,0.0,31.8,31.8
707.686,90,119.0,1708.0,46.0,6.0,18.05,83.5,0.0,31.8,31.8
707.776,90,119.0,1708.0,46.0,6.0,18.05,83.5,0.0,31.8,31.8
707.836,90,119.0,1708.0,46.0,6.0,18.05,83.5,0.0,31.8,31.8
707.925,90,119.0,1708.0,46.0,6.0,16.41,83.5,0.0,31.8,31.8
707.986,90,119.0,1708.0,46.0,6.0,16.41,83.5,0.0,31.8,31.8
708.075,90,119.0,1708.0,46.0,6.0,16.41,83.5,0.0,31.8,31.8
708.136,90,119.0,1708.0,46.0,6.0,16.41,83.5,0.0,29.8,31.8
708.225,90,119.0,1708.0,46.0,6.0,16.41,83.5,0.0,29.8,29.8
708.316,90,119.0,1708.0,46.0,6.0,16.41,83.5,0.0,29.8,29.8
708.405,90,114.0,1708.0,46.0,6.0,16.41,83.5,0.0,29.8,29.8
708.495,90,114.0,1701.0,46.0,6.0,16.41,83.5,0.0,29.8,29.8
708.585,90,114.0,1701.0,46.0,6.0,16.41,83.5,0.0,29.8,29.8
708.677,90,114.0,1701.0,46.0,6.0,16.41,83.5,0.0,29.8,29.8
708.736,90,114.0,1701.0,46.0,6.0,14.88,83.5,0.0,29.8,29.8
708.824,90,114.0,1701.0,46.0,6.0,14.88,83.5,0.0,29.8,29.8
708.885,90,114.0,1701.0,46.0,6.0,14.88,83.5,0.0,29.8,29.8
708.975,90,114.0,1701.0,46.0,6.0,14.88,83.5,0.0,29.8,29.8
709.037,90,114.0,1701.0,46.0,6.0,14.88,83.5,0.0,29.8,29.8
709.125,90,114.0,1701.0,46.0,6.0,14.88,83.5,0.0,29.8,29.8
709.187,90,111.0,1701.0,46.0,6.0,14.88,83.5,0.0,29.8,29.8
709.275,90,111.0,1686.0,46.0,6.0,14.88,83.5,0.0,29.8,29.8
709.335,90,111.0,1686.0,45.0,6.0,14.88,83.5,0.0,29.8,29.8
709.425,90,111.0,1686.0,45.0,6.0,14.88,83.5,0.0,29.8,29.8
709.486,90,111.0,1686.0,45.0,6.0,14.74,83.5,0.0,29.8,29.8
709.575,90,111.0,1686.0,45.0,6.0,14.74,83.5,0.0,29.8,29.8
709.636,90,111.0,1686.0,45.0,6.0,14.74,83.5,0.0,29.8,29.8
709.725,90,111.0,1686.0,45.0,6.0,14.74,83.5,0.0,29.8,29.8
709.786,90,111.0,1686.0,45.0,6.0,14.74,83.5,0.0,29.8,30.2
709.874,90,111.0,1686.0,45.0,6.0,14.74,83.5,0.0,29.8,30.2
709.937,90,111.0,1686.0,45.0,6.0,14.74,83.5,0.0,29.8,30.2
710.025,90,111.0,1676.0,45.0,6.0,14.74,83.5,0.0,29.8,30.2
710.087,90,111.0,1676.0,45.0,6.0,14.74,83.5,0.0,29.8,30.2
710.177,90,111.0,1676.0,45.0,6.0,14.74,83.5,0.0,29.8,30.2
710.237,90,111.0,1676.0,45.0,6.0,14.8,83.5,0.0,29.8,30.2
710.325,90,111.0,1676.0,45.0,6.0,14.8,83.5,0.0,29.8,30.2
710.386,90,111.0,1676.0,45.0,6.0,14.8,83.5,0.0,29.8,30.2
710.475,90,111.0,1676.0,45.0,6.0,14.8,83.5,0.0,29.8,30.2
710.536,90,111.0,1676.0,45.0,6.0,14.8,83.5,0.0,29.8,29.8
710.625,90,111.0,1676.0,45.0,6.0,14.8,83.5,0.0,29.8,29.8
710.686,90,112.0,1676.0,45.0,6.0,14.8,83.5,0.0,29.8,29.8
710.774,90,112.0,1666.0,45.0,6.0,14.8,83.5,0.0,29.8,29.8
710.835,90,112.0,1666.0,45.0,6.0,14.8,83.5,0.0,29.8,29.8
710.925,90,112.0,1666.0,45.0,6.0,14.8,83.5,0.0,29.8,29.8
710.987,90,112.0,1666.0,45.0,6.0,14.49,83.5,0.0,29.8,29.8
711.076,90,112.0,1666.0,45.0,6.0,14.49,83.5,0.0,29.8,29.8
711.139,90,112.0,1666.0,45.0,6.0,14.49,83.5,0.0,29.8,29.8
711.225,90,112.0,1666.0,45.0,6.0,14.49,83.5,0.0,27.8,29.8
711.287,90,112.0,1666.0,45.0,6.0,14.49,83.5,0.0,27.8,27.1
711.375,90,112.0,1666.0,45.0,6.0,14.49,83.5,0.0,27.8,27.1
711.437,90,112.0,1666.0,45.0,6.0,14.49,83.5,0.0,27.8,27.1
711.525,90,112.0,1648.0,45.0,6.0,14.49,83.5,0.0,27.8,27.1
711.645,90,112.0,1648.0,44.0,6.0,14.49,83.5,0.0,27.8,27.1
711.735,90,112.0,1648.0,44.0,6.0,14.49,83.5,0.0,27.8,27.1
711.824,90,112.0,1648.0,44.0,6.0,14.05,83.5,0.0,27.8,27.1
711.885,90,112.0,1648.0,44.0,6.0,14.05,83.5,0.0,27.8,27.1
711.975,90,112.0,1648.0,44.0,6.0,14.05,83.5,0.0,27.8,27.1
712.037,90,112.0,1648.0,44.0,6.0,14.05,83.5,0.0,26.7,27.1
712.125,90,112.0,1648.0,44.0,6.0,14.05,83.5,0.0,26.7,26.7
712.244,90,112.0,1648.0,44.0,6.0,14.05,83.5,0.0,26.7,26.7
712.335,90,108.0,1648.0,44.0,6.0,14.05,83.5,0.0,26.7,26.7
712.424,90,108.0,1624.0,44.0,6.0,14.05,83.5,0.0,26.7,26.7
712.485,90,108.0,1624.0,44.0,6.0,14.05,83.5,0.0,26.7,26.7
712.575,90,108.0,1624.0,44.0,6.0,14.05,83.5,0.0,26.7,26.7
712.635,90,108.0,1624.0,44.0,6.0,13.63,83.5,0.0,26.7,26.7
712.725,90,108.0,1624.0,44.0,6.0,13.63,83.5,0.0,26.7,26.7
712.785,90,108.0,1624.0,44.0,6.0,13.63,83.5,0.0,26.7,26.7
712.874,90,108.0,1624.0,44.0,6.0,13.63,83.5,0.0,30.6,26.7
712.936,90,108.0,1624.0,44.0,6.0,13.63,83.5,0.0,30.6,31.4
713.025,90,108.0,1624.0,44.0,6.0,13.63,83.5,0.0,30.6,31.4
713.085,90,109.0,1624.0,44.0,6.0,13.63,83.5,0.0,30.6,31.4
713.174,90,109.0,1605.0,44.0,6.0,13.63,83.5,0.0,30.6,31.4
713.237,90,109.0,1605.0,43.0,6.0,13.63,83.5,0.0,30.6,31.4
713.325,90,109.0,1605.0,43.0,6.0,13.63,83.5,0.0,30.6,31.4
713.386,90,109.0,1605.0,43.0,6.0,14.69,83.5,0.0,30.6,31.4
713.475,90,109.0,1605.0,43.0,6.0,14.69,83.5,0.0,30.6,31.4
713.536,90,109.0,1605.0,43.0,6.0,14.69,83.5,0.0,30.6,31.4
713.625,90,109.0,1605.0,43.0,6.0,14.69,83.5,0.0,34.5,31.4
713.687,90,109.0,1605.0,43.0,6.0,14.69,83.5,0.0,34.5,36.1
713.783,90,109.0,1605.0,43.0,6.0,14.69,83.5,0.0,34.5,36.1
713.836,90,117.0,1605.0,43.0,6.0,14.69,83.5,0.0,34.5,36.1
713.925,90,117.0,1599.0,43.0,6.0,14.69,83.5,0.0,34.5,36.1
713.987,90,117.0,1599.0,43.0,6.0,14.69,83.5,0.0,34.5,36.1
714.075,90,117.0,1599.0,43.0,6.0,14.69,83.5,0.0,34.5,36.1
714.137,90,117.0,1599.0,43.0,6.0,18.88,83.5,0.0,34.5,36.1
714.225,90,117.0,1599.0,43.0,6.0,18.88,83.5,0.0,34.5,36.1
714.286,90,117.0,1599.0,43.0,6.0,18.88,83.5,0.0,34.5,36.1
714.375,90,117.0,1599.0,43.0,6.0,18.88,83.5,0.0,37.3,36.1
714.436,90,117.0,1599.0,43.0,6.0,18.88,83.5,0.0,37.3,37.6
714.524,90,117.0,1599.0,43.0,6.0,18.88,83.5,0.0,37.3,37.6
714.585,90,130.0,1599.0,43.0,6.0,18.88,83.5,0.0,37.3,37.6
714.674,90,130.0,1617.0,43.0,6.0,18.88,83.5,0.0,37.3,37.6
714.735,90,130.0,1617.0,43.0,6.0,18.88,83.5,0.0,37.3,37.6
714.824,90,130.0,1617.0,43.0,7.0,18.88,83.5,0.0,37.3,37.6
714.885,90,130.0,1617.0,43.0,7.0,18.74,83.5,0.0,37.3,37.6
714.974,90,130.0,1617.0,43.0,7.0,18.74,83.5,0.0,37.3,37.6
715.036,90,130.0,1617.0,43.0,7.0,18.74,83.5,0.0,37.3,37.6
715.125,90,130.0,1617.0,43.0,7.0,18.74,83.5,0.0,37.3,37.6
715.185,90,130.0,1617.0,43.0,7.0,18.74,83.5,0.0,37.3,38.0
715.275,90,130.0,1617.0,43.0,7.0,18.74,83.5,0.0,37.3,38.0
715.336,90,129.0,1617.0,43.0,7.0,18.74,83.5,0.0,37.3,38.0
715.424,90,129.0,1617.0,43.0,7.0,18.74,83.5,0.0,37.3,38.0
715.487,90,129.0,1617.0,43.0,7.0,18.74,83.5,0.0,37.3,38.0
715.575,90,129.0,1617.0,43.0,8.0,18.74,83.5,0.0,37.3,38.0
715.636,90,129.0,1617.0,43.0,8.0,19.08,83.5,0.0,37.3,38.0
715.725,90,129.0,1617.0,43.0,8.0,19.08,83.5,0.0,37.3,38.0
715.786,90,129.0,1617.0,43.0,8.0,19.08,83.5,0.0,37.3,38.0
715.874,90,129.0,1617.0,43.0,8.0,19.08,83.5,0.0,36.9,38.0
715.935,90,129.0,1617.0,43.0,8.0,19.08,83.5,0.0,36.9,37.3
716.024,90,129.0,1617.0,43.0,8.0,19.08,83.5,0.0,36.9,37.3
716.085,90,127.0,1617.0,43.0,8.0,19.08,83.5,0.0,36.9,37.3
716.174,90,127.0,1639.0,43.0,8.0,19.08,83.5,0.0,36.9,37.3
716.235,90,127.0,1639.0,44.0,8.0,19.08,83.5,0.0,36.9,37.3
716.325,90,127.0,1639.0,44.0,8.0,19.08,83.5,0.0,36.9,37.3
716.385,90,127.0,1639.0,44.0,8.0,19.05,83.5,0.0,36.9,37.3
716.475,90,127.0,1639.0,44.0,8.0,19.05,83.5,0.0,36.9,37.3
716.535,90,127.0,1639.0,44.0,8.0,19.05,83.5,0.0,36.9,37.3
716.626,90,127.0,1639.0,44.0,8.0,19.05,83.5,0.0,36.1,37.3
716.688,90,127.0,1639.0,44.0,8.0,19.05,83.5,0.0,36.1,36.5
716.775,90,127.0,1639.0,44.0,8.0,19.05,83.5,0.0,36.1,36.5
716.835,90,126.0,1639.0,44.0,8.0,19.05,83.5,0.0,36.1,36.5
716.924,90,126.0,1644.0,44.0,8.0,19.05,83.5,0.0,36.1,36.5
716.985,90,126.0,1644.0,44.0,8.0,19.05,83.5,0.0,36.1,36.5
717.074,90,126.0,1644.0,44.0,7.0,19.05,83.5,0.0,36.1,36.5
717.135,90,126.0,1644.0,44.0,7.0,18.63,83.5,0.0,36.1,36.5
717.225,90,126.0,1644.0,44.0,7.0,18.63,83.5,0.0,36.1,36.5
717.288,90,126.0,1644.0,44.0,7.0,18.63,83.5,0.0,36.1,36.5
717.375,90,126.0,1644.0,44.0,7.0,18.63,83.5,0.0,35.7,36.5
717.438,90,126.0,1644.0,44.0,7.0,18.63,83.5,0.0,35.7,36.1
717.525,90,126.0,1644.0,44.0,7.0,18.63,83.5,0.0,35.7,36.1
717.586,90,123.0,1644.0,44.0,7.0,18.63,83.5,0.0,35.7,36.1
717.674,90,123.0,1644.0,44.0,7.0,18.63,83.5,0.0,35.7,36.1
717.745,90,123.0,1644.0,44.0,7.0,18.63,83.5,0.0,35.7,36.1
717.824,90,123.0,1644.0,44.0,7.0,18.63,83.5,0.0,35.7,36.1
717.945,90,123.0,1644.0,44.0,7.0,17.83,83.5,0.0,35.7,36.1
718.036,90,123.0,1644.0,44.0,7.0,17.83,83.5,0.0,35.7,36.1
718.125,90,123.0,1644.0,44.0,7.0,17.83,83.5,0.0,35.7,36.1
718.186,90,123.0,1644.0,44.0,7.0,17.83,83.5,0.0,29.0,36.1
718.274,90,123.0,1644.0,44.0,7.0,17.83,83.5,0.0,29.0,29.0
718.335,90,123.0,1644.0,44.0,7.0,17.83,83.5,0.0,29.0,29.0
718.425,90,115.0,1644.0,44.0,7.0,17.83,83.5,0.0,29.0,29.0
718.486,90,115.0,1619.0,44.0,7.0,17.83,83.5,0.0,29.0,29.0
718.575,90,115.0,1619.0,43.0,7.0,17.83,83.5,0.0,29.0,29.0
718.637,90,115.0,1619.0,43.0,7.0,17.83,83.5,0.0,29.0,29.0
718.725,90,115.0,1619.0,43.0,7.0,14.08,83.5,0.0,29.0,29.0
718.787,90,115.0,1619.0,43.0,7.0,14.08,83.5,0.0,29.0,29.0
718.874,90,115.0,1619.0,43.0,7.0,14.08,83.5,0.0,29.0,29.0
718.935,90,115.0,1619.0,43.0,7.0,14.08,83.5,0.0,29.4,29.0
719.025,90,115.0,1619.0,43.0,7.0,14.08,83.5,0.0,29.4,30.6
719.085,90,115.0,1619.0,43.0,7.0,14.08,83.5,0.0,29.4,30.6
719.174,90,108.0,1619.0,43.0,7.0,14.08,83.5,0.0,29.4,30.6
719.236,90,108.0,1590.0,43.0,7.0,14.08,83.5,0.0,29.4,30.6
719.325,90,108.0,1590.0,43.0,7.0,14.08,83.5,0.0,29.4,30.6
719.415,90,108.0,1590.0,43.0,6.0,14.08,83.5,0.0,29.4,30.6
719.478,90,108.0,1590.0,43.0,6.0,13.55,83.5,0.0,29.4,30.6
719.536,90,108.0,1590.0,43.0,6.0,13.55,83.5,0.0,29.4,30.6
719.625,90,108.0,1590.0,43.0,6.0,13.55,83.5,0.0,29.4,30.6
719.686,90,108.0,1590.0,43.0,6.0,13.55,83.5,0.0,30.2,30.6
719.775,90,108.0,1590.0,43.0,6.0,13.55,83.5,0.0,30.2,30.2
719.864,90,108.0,1590.0,43.0,6.0,13.55,83.5,0.0,30.2,30.2
719.984,90,109.0,1590.0,43.0,6.0,13.55,83.5,0.0,30.2,30.2
720.074,90,109.0,1550.0,43.0,6.0,13.55,83.5,0.0,30.2,30.2
720.165,90,109.0,1550.0,41.0,6.0,13.55,83.5,0.0,30.2,30.2
720.225,90,109.0,1550.0,41.0,6.0,13.55,83.5,0.0,30.2,30.2
720.315,90,109.0,1550.0,41.0,6.0,12.52,83.5,0.0,30.2,30.2
720.375,90,109.0,1550.0,41.0,6.0,12.52,83.5,0.0,30.2,30.2
720.465,90,109.0,1550.0,41.0,6.0,12.52,83.5,0.0,30.2,30.2
720.526,90,109.0,1550.0,41.0,6.0,12.52,83.5,0.0,30.6,30.2
720.615,90,109.0,1550.0,41.0,6.0,12.52,83.5,0.0,30.6,31.4
720.679,90,109.0,1550.0,41.0,6.0,12.52,83.5,0.0,30.6,31.4
720.766,90,110.0,1550.0,41.0,6.0,12.52,83.5,0.0,30.6,31.4
720.825,90,110.0,1528.0,41.0,6.0,12.52,83.5,0.0,30.6,31.4
720.914,90,110.0,1528.0,41.0,6.0,12.52,83.5,0.0,30.6,31.4
720.975,90,110.0,1528.0,41.0,6.0,12.52,83.5,0.0,30.6,31.4
721.065,90,110.0,1528.0,41.0,6.0,16.88,83.5,0.0,30.6,31.4
721.125,90,110.0,1528.0,41.0,6.0,16.88,83.5,0.0,30.6,31.4
721.215,90,110.0,1528.0,41.0,6.0,16.88,83.5,0.0,30.6,31.4
721.275,90,110.0,1528.0,41.0,6.0,16.88,83.5,0.0,40.0,31.4
721.365,90,110.0,1528.0,41.0,6.0,16.88,83.5,0.0,40.0,41.2
721.426,90,110.0,1528.0,41.0,6.0,16.88,83.5,0.0,40.0,41.2
721.525,90,124.0,1528.0,41.0,6.0,16.88,83.5,0.0,40.0,41.2
721.575,90,124.0,1530.0,41.0,6.0,16.88,83.5,0.0,40.0,41.2
721.695,90,124.0,1530.0,41.0,6.0,16.88,83.5,0.0,40.0,41.2
721.785,90,124.0,1530.0,41.0,6.0,16.88,83.5,0.0,40.0,41.2
721.874,90,124.0,1530.0,41.0,6.0,23.27,83.5,0.0,40.0,41.2
721.965,90,124.0,1530.0,41.0,6.0,23.27,83.5,0.0,40.0,41.2
722.025,90,124.0,1530.0,41.0,6.0,23.27,83.5,0.0,40.0,41.2
722.115,90,124.0,1530.0,41.0,6.0,23.27,83.5,0.0,42.7,41.2
722.175,90,124.0,1530.0,41.0,6.0,23.27,83.5,0.0,42.7,43.1
722.265,90,124.0,1530.0,41.0,6.0,23.27,83.5,0.0,42.7,43.1
722.325,90,141.0,1530.0,41.0,6.0,23.27,83.5,0.0,42.7,43.1
722.417,90,141.0,1566.0,41.0,6.0,23.27,83.5,0.0,42.7,43.1
722.478,90,141.0,1566.0,42.0,6.0,23.27,83.5,0.0,42.7,43.1
722.565,90,141.0,1566.0,42.0,8.0,23.27,83.5,0.0,42.7,43.1
722.627,90,141.0,1566.0,42.0,8.0,23.86,83.5,0.0,42.7,43.1
722.715,90,141.0,1566.0,42.0,8.0,23.86,83.5,0.0,42.7,43.1
722.775,90,141.0,1566.0,42.0,8.0,23.86,83.5,0.0,42.7,43.1
722.865,90,141.0,1566.0,42.0,8.0,23.86,83.5,0.0,42.0,43.1
722.925,90,141.0,1566.0,42.0,8.0,23.86,83.5,0.0,42.0,42.4
723.015,90,141.0,1566.0,42.0,8.0,23.86,83.5,0.0,42.0,42.4
723.076,90,143.0,1566.0,42.0,8.0,23.86,83.5,0.0,42.0,42.4
723.166,90,143.0,1594.0,42.0,8.0,23.86,83.5,0.0,42.0,42.4
723.226,90,143.0,1594.0,43.0,8.0,23.86,83.5,0.0,42.0,42.4
723.315,90,143.0,1594.0,43.0,9.0,23.86,83.5,0.0,42.0,42.4
723.377,90,143.0,1594.0,43.0,9.0,23.88,83.5,0.0,42.0,42.4
723.465,90,143.0,1594.0,43.0,9.0,23.88,83.5,0.0,42.0,42.4
723.526,90,143.0,1594.0,43.0,9.0,23.88,83.5,0.0,42.0,42.4
723.616,90,143.0,1594.0,43.0,9.0,23.88,83.5,0.0,42.0,42.4
723.676,90,143.0,1594.0,43.0,9.0,23.88,83.5,0.0,42.0,43.1
723.775,90,143.0,1594.0,43.0,9.0,23.88,83.5,0.0,42.0,43.1
723.825,90,139.0,1594.0,43.0,9.0,23.88,83.5,0.0,42.0,43.1
723.915,90,139.0,1628.0,43.0,9.0,23.88,83.5,0.0,42.0,43.1
723.975,90,139.0,1628.0,44.0,9.0,23.88,83.5,0.0,42.0,43.1
724.065,90,139.0,1628.0,44.0,8.0,23.88,83.5,0.0,42.0,43.1
724.126,90,139.0,1628.0,44.0,8.0,24.69,83.5,0.0,42.0,43.1
724.215,90,139.0,1628.0,44.0,8.0,24.69,83.5,0.0,42.0,43.1
724.334,90,139.0,1628.0,44.0,8.0,24.69,83.5,0.0,42.0,43.1
724.425,90,139.0,1628.0,44.0,8.0,24.69,83.5,0.0,43.5,43.1
724.515,90,139.0,1628.0,44.0,8.0,24.69,83.5,0.0,43.5,43.5
724.575,90,139.0,1628.0,44.0,8.0,24.69,83.5,0.0,43.5,43.5
724.665,90,153.0,1628.0,44.0,8.0,24.69,83.5,0.0,43.5,43.5
724.726,90,153.0,1665.0,44.0,8.0,24.69,83.5,0.0,43.5,43.5
724.814,90,153.0,1665.0,45.0,8.0,24.69,83.5,0.0,43.5,43.5
724.876,90,153.0,1665.0,45.0,9.0,24.69,83.5,0.0,43.5,43.5
724.965,90,153.0,1665.0,45.0,9.0,22.3,83.5,0.0,43.5,43.5
725.025,90,153.0,1665.0,45.0,9.0,22.3,83.5,0.0,43.5,43.5
725.115,90,153.0,1665.0,45.0,9.0,22.3,83.5,0.0,43.5,43.5
725.175,90,153.0,1665.0,45.0,9.0,22.3,83.5,0.0,38.4,43.5
725.265,90,153.0,1665.0,45.0,9.0,22.3,83.5,0.0,38.4,38.8
725.325,90,153.0,1665.0,45.0,9.0,22.3,83.5,0.0,38.4,38.8
725.415,90,132.0,1665.0,45.0,9.0,22.3,83.5,0.0,38.4,38.8
725.476,90,132.0,1692.0,45.0,9.0,22.3,83.5,0.0,38.4,38.8
725.565,90,132.0,1692.0,45.0,9.0,22.3,83.5,0.0,38.4,38.8
725.625,90,132.0,1692.0,45.0,8.0,22.3,83.5,0.0,38.4,38.8
725.717,90,132.0,1692.0,45.0,8.0,22.99,83.5,0.0,38.4,38.8
725.775,90,132.0,1692.0,45.0,8.0,22.99,83.5,0.0,38.4,38.8
725.864,90,132.0,1692.0,45.0,8.0,22.99,83.5,0.0,38.4,38.8
725.925,90,132.0,1692.0,45.0,8.0,22.99,83.5,0.0,47.1,38.8
726.015,90,132.0,1692.0,45.0,8.0,22.99,83.5,0.0,47.1,47.8
726.076,90,132.0,1692.0,45.0,8.0,22.99,83.5,0.0,47.1,47.8
726.165,90,149.0,1692.0,45.0,8.0,22.99,83.5,0.0,47.1,47.8
726.228,90,149.0,1720.0,45.0,8.0,22.99,83.5,0.0,47.1,47.8
726.315,90,149.0,1720.0,47.0,8.0,22.99,83.5,0.0,47.1,47.8
726.376,90,149.0,1720.0,47.0,8.0,22.99,83.5,0.0,47.1,47.8
726.464,90,149.0,1720.0,47.0,8.0,29.13,83.5,0.0,47.1,47.8
726.527,90,149.0,1720.0,47.0,8.0,29.13,31.4,0.0,47.1,47.8
726.646,90,149.0,1720.0,47.0,8.0,29.13,31.4,0.0,47.1,47.8
726.735,90,149.0,1720.0,47.0,8.0,29.13,31.4,0.0,14.1,47.8
726.824,90,149.0,1720.0,47.0,8.0,29.13,31.4,0.0,14.1,14.5
726.914,90,149.0,1720.0,47.0,8.0,29.13,31.4,0.0,14.1,14.5
726.975,90,105.0,1720.0,47.0,8.0,29.13,31.4,0.0,14.1,14.5
727.064,90,105.0,1649.0,47.0,8.0,29.13,31.4,0.0,14.1,14.5
727.125,90,105.0,1649.0,44.0,8.0,29.13,31.4,0.0,14.1,14.5
727.215,90,105.0,1649.0,44.0,9.0,29.13,31.4,0.0,14.1,14.5
727.277,90,105.0,1649.0,44.0,9.0,22.61,31.4,0.0,14.1,14.5
727.365,90,105.0,1649.0,44.0,9.0,22.61,80.0,0.0,14.1,14.5
727.426,90,105.0,1649.0,44.0,9.0,22.61,80.0,0.0,14.1,14.5
727.515,90,105.0,1649.0,44.0,9.0,22.61,80.0,0.0,14.1,14.5
727.576,90,105.0,1649.0,44.0,9.0,22.61,80.0,0.0,14.1,14.5
727.665,90,105.0,1649.0,44.0,9.0,22.61,80.0,0.0,14.1,14.5
727.727,90,117.0,1649.0,44.0,9.0,22.61,80.0,0.0,14.1,14.5
727.816,90,117.0,1545.0,44.0,9.0,22.61,80.0,0.0,14.1,14.5
727.875,90,117.0,1545.0,41.0,9.0,22.61,80.0,0.0,14.1,14.5
727.963,90,117.0,1545.0,41.0,8.0,22.61,80.0,0.0,14.1,14.5
728.025,90,117.0,1545.0,41.0,8.0,27.38,80.0,0.0,14.1,14.5
728.114,90,117.0,1545.0,41.0,8.0,27.38,83.5,0.0,14.1,14.5
728.175,90,117.0,1545.0,41.0,8.0,27.38,83.5,0.0,14.1,14.5
728.264,90,117.0,1545.0,41.0,8.0,27.38,83.5,0.0,14.1,14.5
728.325,90,117.0,1545.0,41.0,8.0,27.38,83.5,0.0,14.1,14.5
728.414,90,117.0,1545.0,41.0,8.0,27.38,83.5,0.0,14.1,14.5
728.476,90,117.0,1545.0,41.0,8.0,27.38,83.5,0.0,14.1,14.5
728.565,90,117.0,1341.0,41.0,8.0,27.38,83.5,0.0,14.1,14.5
728.627,90,117.0,1341.0,39.0,8.0,27.38,83.5,0.0,14.1,14.5
728.715,90,117.0,1341.0,39.0,8.0,27.38,83.5,0.0,14.1,14.5
728.777,90,117.0,1341.0,39.0,8.0,20.55,83.5,0.0,14.1,14.5
728.864,90,117.0,1341.0,39.0,8.0,20.55,83.5,0.0,14.1,14.5
728.925,90,117.0,1341.0,39.0,8.0,20.55,83.5,0.0,14.1,14.5
729.015,90,117.0,1341.0,39.0,8.0,20.55,83.5,0.0,14.1,14.5
729.077,90,117.0,1341.0,39.0,8.0,20.55,83.5,0.0,14.1,14.5
729.165,90,117.0,1341.0,39.0,8.0,20.55,83.5,0.0,14.1,14.5
729.226,90,112.0,1341.0,39.0,8.0,20.55,83.5,0.0,14.1,14.5
729.315,90,112.0,938.0,39.0,8.0,20.55,83.5,0.0,14.1,14.5
729.376,90,112.0,938.0,39.0,8.0,20.55,83.5,0.0,14.1,14.5
729.464,90,112.0,938.0,39.0,5.0,20.55,83.5,0.0,14.1,14.5
729.527,90,112.0,938.0,39.0,5.0,6.86,83.5,0.0,14.1,14.5
729.615,90,112.0,938.0,39.0,5.0,6.86,83.5,0.0,14.1,14.5
729.676,90,112.0,938.0,39.0,5.0,6.86,83.5,0.0,14.1,14.5
729.765,90,112.0,938.0,39.0,5.0,6.86,83.5,0.0,14.1,14.5
729.825,90,112.0,938.0,39.0,5.0,6.86,83.5,0.0,14.1,14.5
729.915,90,112.0,938.0,39.0,5.0,6.86,83.5,0.0,14.1,14.5
729.976,90,107.0,938.0,39.0,5.0,6.86,83.5,0.0,14.1,14.5
730.065,90,107.0,1028.0,39.0,5.0,6.86,83.5,0.0,14.1,14.5
730.125,90,107.0,1028.0,37.0,5.0,6.86,83.5,0.0,14.1,14.5
730.214,90,107.0,1028.0,37.0,5.0,6.86,83.5,0.0,14.1,14.5
730.275,90,107.0,1028.0,37.0,5.0,9.88,83.5,0.0,14.1,14.5
730.365,90,107.0,1028.0,37.0,5.0,9.88,83.5,0.0,14.1,14.5
730.425,90,107.0,1028.0,37.0,5.0,9.88,83.5,0.0,14.1,14.5
730.515,90,107.0,1028.0,37.0,5.0,9.88,83.5,0.0,14.1,14.5
730.577,90,107.0,1028.0,37.0,5.0,9.88,83.5,0.0,14.1,14.5
730.665,90,107.0,1028.0,37.0,5.0,9.88,83.5,0.0,14.1,14.5
730.726,90,105.0,1028.0,37.0,5.0,9.88,83.5,0.0,14.1,14.5
730.814,90,105.0,1203.0,37.0,5.0,9.88,83.5,0.0,14.1,14.5
730.875,90,105.0,1203.0,35.0,5.0,9.88,83.5,0.0,14.1,14.5
730.965,90,105.0,1203.0,35.0,1.0,9.88,83.5,0.0,14.1,14.5
731.025,90,105.0,1203.0,35.0,1.0,15.88,83.5,0.0,14.1,14.5
731.115,90,105.0,1203.0,35.0,1.0,15.88,83.5,0.0,14.1,14.5
731.175,90,105.0,1203.0,35.0,1.0,15.88,83.5,0.0,14.1,14.5
731.265,90,105.0,1203.0,35.0,1.0,15.88,83.5,0.0,14.1,14.5
731.327,90,105.0,1203.0,35.0,1.0,15.88,83.5,0.0,14.1,14.5
731.415,90,105.0,1203.0,35.0,1.0,15.88,83.5,0.0,14.1,14.5
731.476,90,108.0,1203.0,35.0,1.0,15.88,83.5,0.0,14.1,14.5
731.565,90,108.0,1434.0,35.0,1.0,15.88,83.5,0.0,14.1,14.5
731.685,90,108.0,1434.0,32.0,1.0,15.88,83.5,0.0,14.1,14.5
731.775,90,108.0,1434.0,32.0,4.0,15.88,83.5,0.0,14.1,14.5
731.894,90,108.0,1434.0,32.0,4.0,26.72,83.5,0.0,14.1,14.5
731.955,90,108.0,1434.0,32.0,4.0,26.72,83.5,0.0,14.1,14.5
732.015,90,108.0,1434.0,32.0,4.0,26.72,83.5,0.0,14.1,14.5
732.075,90,108.0,1434.0,32.0,4.0,26.72,83.5,0.0,14.1,14.5
732.164,90,108.0,1434.0,32.0,4.0,26.72,83.5,0.0,14.1,14.5
732.225,90,108.0,1434.0,32.0,4.0,26.72,83.5,0.0,14.1,14.5
732.315,90,112.0,1434.0,32.0,4.0,26.72,83.5,0.0,14.1,14.5
732.376,90,112.0,1758.0,32.0,4.0,26.72,83.5,0.0,14.1,14.5
732.465,90,112.0,1758.0,30.0,4.0,26.72,83.5,0.0,14.1,14.5
732.526,90,112.0,1758.0,30.0,8.0,26.72,83.5,0.0,14.1,14.5
732.614,90,112.0,1758.0,30.0,8.0,31.66,83.5,0.0,14.1,14.5
732.677,90,112.0,1758.0,30.0,8.0,31.66,83.5,0.0,14.1,14.5
732.765,90,112.0,1758.0,30.0,8.0,31.66,83.5,0.0,14.1,14.5
732.825,90,112.0,1758.0,30.0,8.0,31.66,83.5,0.0,14.1,14.5
732.914,90,112.0,1758.0,30.0,8.0,31.66,83.5,0.0,14.1,14.5
732.975,90,112.0,1758.0,30.0,8.0,31.66,83.5,0.0,14.1,14.5
733.064,90,118.0,1758.0,30.0,8.0,31.66,83.5,0.0,14.1,14.5
733.127,90,118.0,1661.0,30.0,8.0,31.66,83.5,0.0,14.1,14.5
733.214,90,118.0,1661.0,29.0,8.0,31.66,83.5,0.0,14.1,14.5
733.276,90,118.0,1661.0,29.0,9.0,31.66,83.5,0.0,14.1,14.5
733.366,90,118.0,1661.0,29.0,9.0,29.99,83.5,0.0,14.1,14.5
733.455,90,118.0,1661.0,29.0,9.0,29.99,83.5,0.0,14.1,14.5
733.545,90,118.0,1661.0,29.0,9.0,29.99,83.5,0.0,14.1,14.5
733.635,90,118.0,1661.0,29.0,9.0,29.99,83.5,0.0,14.1,14.5
733.725,90,118.0,1661.0,29.0,9.0,29.99,83.5,0.0,14.1,14.5
733.815,90,118.0,1661.0,29.0,9.0,29.99,83.5,0.0,14.1,14.5
733.875,90,118.0,1661.0,29.0,9.0,29.99,83.5,0.0,14.1,14.5
733.965,90,118.0,1537.0,29.0,9.0,29.99,83.5,0.0,14.1,14.5
734.055,90,118.0,1537.0,26.0,9.0,29.99,83.5,0.0,14.1,14.5
734.145,90,118.0,1537.0,26.0,9.0,29.99,83.5,0.0,14.1,14.5
734.235,90,118.0,1537.0,26.0,9.0,27.47,83.5,0.0,14.1,14.5
734.325,90,118.0,1537.0,26.0,9.0,27.47,83.5,0.0,14.1,14.5
734.415,90,118.0,1537.0,26.0,9.0,27.47,83.5,0.0,14.1,14.5
734.505,90,118.0,1537.0,26.0,9.0,27.47,83.5,0.0,14.1,14.5
734.594,90,118.0,1537.0,26.0,9.0,27.47,83.5,0.0,14.1,14.5
734.685,90,118.0,1537.0,26.0,9.0,27.47,83.5,0.0,14.1,14.5
734.774,90,115.0,1537.0,26.0,9.0,27.47,83.5,0.0,14.1,14.5
734.865,90,115.0,1396.0,26.0,9.0,27.47,83.5,0.0,14.1,14.5
734.955,90,115.0,1396.0,24.0,9.0,27.47,83.5,0.0,14.1,14.5
735.045,90,115.0,1396.0,24.0,9.0,27.47,83.5,0.0,14.1,14.5
735.135,90,115.0,1396.0,24.0,9.0,24.05,83.5,0.0,14.1,14.5
735.225,90,115.0,1396.0,24.0,9.0,24.05,83.5,0.0,14.1,14.5
735.314,90,115.0,1396.0,24.0,9.0,24.05,83.5,0.0,14.1,14.5
735.405,90,115.0,1396.0,24.0,9.0,24.05,83.5,0.0,14.1,14.5
735.494,90,115.0,1396.0,24.0,9.0,24.05,83.5,0.0,14.1,14.5
735.585,90,115.0,1396.0,24.0,9.0,24.05,83.5,0.0,14.1,14.5
735.674,90,112.0,1396.0,24.0,9.0,24.05,83.5,0.0,14.1,14.5
735.764,90,112.0,1278.0,24.0,9.0,24.05,83.5,0.0,14.1,14.5
735.854,90,112.0,1278.0,22.0,9.0,24.05,83.5,0.0,14.1,14.5
735.944,90,112.0,1278.0,22.0,8.0,24.05,83.5,0.0,14.1,14.5
736.035,90,112.0,1278.0,22.0,8.0,21.83,83.5,0.0,14.1,14.5
736.125,90,112.0,1278.0,22.0,8.0,21.83,83.5,0.0,14.1,14.5
736.214,90,112.0,1278.0,22.0,8.0,21.83,83.5,0.0,14.1,14.5
736.304,90,112.0,1278.0,22.0,8.0,21.83,83.5,0.0,14.1,14.5
736.394,90,112.0,1278.0,22.0,8.0,21.83,83.5,0.0,14.1,14.5
736.485,90,112.0,1278.0,22.0,8.0,21.83,83.5,0.0,14.1,14.5
736.575,90,109.0,1278.0,22.0,8.0,21.83,83.5,0.0,14.1,14.5
736.665,90,109.0,1160.0,22.0,8.0,21.83,83.5,0.0,14.1,14.5
736.755,90,109.0,1160.0,20.0,8.0,21.83,83.5,0.0,14.1,14.5
736.844,90,109.0,1160.0,20.0,7.0,21.83,83.5,0.0,14.1,14.5
736.934,90,109.0,1160.0,20.0,7.0,19.05,83.5,0.0,14.1,14.5
737.025,90,109.0,1160.0,20.0,7.0,19.05,83.5,0.0,14.1,14.5
737.114,90,109.0,1160.0,20.0,7.0,19.05,83.5,0.0,14.1,14.5
737.204,90,109.0,1160.0,20.0,7.0,19.05,83.5,0.0,14.1,14.5
737.294,90,109.0,1160.0,20.0,7.0,19.05,83.5,0.0,14.1,14.5
737.385,90,109.0,1160.0,20.0,7.0,19.05,83.5,0.0,14.1,14.5
737.475,90,107.0,1160.0,20.0,7.0,19.05,83.5,0.0,14.1,14.5
737.565,90,107.0,931.0,20.0,7.0,19.05,83.5,0.0,14.1,14.5
737.655,90,107.0,931.0,18.0,7.0,19.05,83.5,0.0,14.1,14.5
737.745,90,107.0,931.0,18.0,6.0,19.05,83.5,0.0,14.1,14.5
737.834,90,107.0,931.0,18.0,6.0,7.38,83.5,0.0,14.1,14.5
737.925,90,107.0,931.0,18.0,6.0,7.38,83.5,0.0,14.1,14.5
738.014,90,107.0,931.0,18.0,6.0,7.38,83.5,0.0,14.1,14.5
738.104,90,107.0,931.0,18.0,6.0,7.38,83.5,0.0,14.1,14.5
738.195,90,107.0,931.0,18.0,6.0,7.38,83.5,0.0,14.1,14.5
738.284,90,107.0,931.0,18.0,6.0,7.38,83.5,0.0,14.1,14.5
738.375,90,104.0,931.0,18.0,6.0,7.38,83.5,0.0,14.1,14.5
738.466,90,104.0,896.0,18.0,6.0,7.38,83.5,0.0,14.1,14.5
738.554,90,104.0,896.0,17.0,6.0,7.38,83.5,0.0,14.1,14.5
738.645,90,104.0,896.0,17.0,5.0,7.38,83.5,0.0,14.1,14.5
738.734,90,104.0,896.0,17.0,5.0,8.55,83.5,0.0,14.1,14.5
738.824,90,104.0,896.0,17.0,5.0,8.55,83.5,0.0,14.1,14.5
738.914,90,104.0,896.0,17.0,5.0,8.55,83.5,0.0,14.1,14.5
739.004,90,104.0,896.0,17.0,5.0,8.55,83.5,0.0,14.1,14.5
739.095,90,104.0,896.0,17.0,5.0,8.55,83.5,0.0,14.1,14.5
739.186,90,104.0,896.0,17.0,5.0,8.55,83.5,0.0,14.1,14.5
739.275,90,103.0,896.0,17.0,5.0,8.55,83.5,0.0,14.1,14.5
739.365,90,103.0,895.0,17.0,5.0,8.55,83.5,0.0,14.1,14.5
739.454,90,103.0,895.0,16.0,5.0,8.55,83.5,0.0,14.1,14.5
739.545,90,103.0,895.0,16.0,1.0,8.55,83.5,0.0,14.1,14.5
739.634,90,103.0,895.0,16.0,1.0,8.08,83.5,0.0,14.1,14.5
739.725,90,103.0,895.0,16.0,1.0,8.08,83.5,0.0,14.1,14.5
739.814,90,103.0,895.0,16.0,1.0,8.08,83.5,0.0,14.1,14.5
739.904,90,103.0,895.0,16.0,1.0,8.08,83.5,0.0,14.1,14.5
739.995,90,103.0,895.0,16.0,1.0,8.08,83.5,0.0,14.1,14.5
740.084,90,103.0,895.0,16.0,1.0,8.08,83.5,0.0,14.1,14.5
740.175,90,102.0,895.0,16.0,1.0,8.08,83.5,0.0,14.1,14.5
740.265,90,102.0,899.0,16.0,1.0,8.08,83.5,0.0,14.1,14.5
740.355,90,102.0,899.0,16.0,1.0,8.08,83.5,0.0,14.1,14.5
740.445,90,102.0,899.0,16.0,1.0,8.08,83.5,0.0,14.1,14.5
740.534,90,102.0,899.0,16.0,1.0,8.08,83.5,0.0,14.1,14.5
740.625,90,102.0,899.0,16.0,1.0,8.08,83.5,0.0,14.1,14.5
740.714,90,102.0,899.0,16.0,1.0,8.08,83.5,0.0,14.1,14.5
740.804,90,102.0,899.0,16.0,1.0,8.08,83.5,0.0,14.1,14.5
740.895,90,102.0,899.0,16.0,1.0,8.08,83.5,0.0,14.1,14.5
740.985,90,102.0,899.0,16.0,1.0,8.08,83.5,0.0,14.1,14.5
741.075,90,102.0,899.0,16.0,1.0,8.08,83.5,0.0,14.1,14.5
741.165,90,102.0,899.0,16.0,1.0,8.08,83.5,0.0,14.1,14.5
741.256,90,102.0,899.0,14.0,1.0,8.08,83.5,0.0,14.1,14.5
741.345,90,102.0,899.0,14.0,1.0,8.08,83.5,0.0,14.1,14.5
741.435,90,102.0,899.0,14.0,1.0,8.19,83.5,0.0,14.1,14.5
741.525,90,102.0,899.0,14.0,1.0,8.19,83.5,0.0,14.1,14.5
741.614,90,102.0,899.0,14.0,1.0,8.19,83.5,0.0,14.1,14.5
741.704,90,102.0,899.0,14.0,1.0,8.19,83.5,0.0,14.1,14.5
741.794,90,102.0,899.0,14.0,1.0,8.19,83.5,0.0,14.1,14.5
741.884,90,102.0,899.0,14.0,1.0,8.19,83.5,0.0,14.1,14.5
741.975,90,102.0,899.0,14.0,1.0,8.19,83.5,0.0,14.1,14.5
742.065,90,102.0,900.0,14.0,1.0,8.19,83.5,0.0,14.1,14.5
742.154,90,102.0,900.0,11.0,1.0,8.19,83.5,0.0,14.1,14.5
742.244,90,102.0,900.0,11.0,2.0,8.19,83.5,0.0,14.1,14.5
742.334,90,102.0,900.0,11.0,2.0,7.94,83.5,0.0,14.1,14.5
742.424,90,102.0,900.0,11.0,2.0,7.94,83.5,0.0,14.1,14.5
742.514,90,102.0,900.0,11.0,2.0,7.94,83.5,0.0,14.1,14.5
742.604,90,102.0,900.0,11.0,2.0,7.94,83.5,0.0,14.1,14.5
742.695,90,102.0,900.0,11.0,2.0,7.94,83.5,0.0,14.1,14.5
742.784,90,102.0,900.0,11.0,2.0,7.94,83.5,0.0,14.1,14.5
742.875,90,102.0,900.0,11.0,2.0,7.94,83.5,0.0,14.1,14.5
742.964,90,102.0,899.0,11.0,2.0,7.94,83.5,0.0,14.1,14.5
743.054,90,102.0,899.0,8.0,2.0,7.94,83.5,0.0,14.1,14.5
743.145,90,102.0,899.0,8.0,2.0,7.94,83.5,0.0,14.1,14.5
743.234,90,102.0,899.0,8.0,2.0,7.94,83.5,0.0,14.1,14.5
743.325,90,102.0,899.0,8.0,2.0,7.94,83.5,0.0,14.1,14.5
743.415,90,102.0,899.0,8.0,2.0,7.94,83.5,0.0,14.1,14.5
743.505,90,102.0,899.0,8.0,2.0,7.94,83.5,0.0,14.1,14.5
743.594,90,102.0,899.0,8.0,2.0,7.94,83.5,0.0,14.1,14.5
743.684,90,102.0,899.0,8.0,2.0,7.94,83.5,0.0,14.1,14.5
743.774,90,102.0,899.0,8.0,2.0,7.94,83.5,0.0,14.1,14.5
743.864,90,102.0,899.0,8.0,2.0,7.94,83.5,0.0,14.1,14.5
743.954,90,102.0,899.0,3.0,2.0,7.94,83.5,0.0,14.1,14.5
744.045,90,102.0,899.0,3.0,2.0,7.94,83.5,0.0,14.1,14.5
744.134,90,102.0,899.0,3.0,2.0,8.27,83.5,0.0,14.1,14.5
744.225,90,102.0,899.0,3.0,2.0,8.27,83.5,0.0,14.1,14.5
744.314,90,102.0,899.0,3.0,2.0,8.27,83.5,0.0,14.1,14.5
744.404,90,102.0,899.0,3.0,2.0,8.27,83.5,0.0,14.1,14.5
744.494,90,102.0,899.0,3.0,2.0,8.27,83.5,0.0,14.1,14.5
744.584,90,102.0,899.0,3.0,2.0,8.27,83.5,0.0,14.1,14.5
744.674,90,102.0,899.0,3.0,2.0,8.27,83.5,0.0,14.1,14.5
744.764,90,102.0,847.0,3.0,2.0,8.27,83.5,0.0,14.1,14.5
744.854,90,102.0,847.0,0.0,2.0,8.27,83.5,0.0,14.1,14.5
744.944,90,102.0,847.0,0.0,3.0,8.27,83.5,0.0,14.1,14.5
745.034,90,102.0,847.0,0.0,3.0,10.3,83.5,0.0,14.1,14.5
745.124,90,102.0,847.0,0.0,3.0,10.3,13.7,0.0,14.1,14.5
745.214,90,102.0,847.0,0.0,3.0,10.3,13.7,0.0,14.1,14.5
745.305,90,102.0,847.0,0.0,3.0,10.3,13.7,0.0,14.1,14.5
745.394,90,102.0,847.0,0.0,3.0,10.3,13.7,0.0,14.1,14.5
745.484,90,102.0,847.0,0.0,3.0,10.3,13.7,0.0,14.1,14.5
745.574,90,36.0,847.0,0.0,3.0,10.3,13.7,0.0,14.1,14.5
745.665,90,36.0,393.0,0.0,3.0,10.3,13.7,0.0,14.1,14.5
745.755,90,36.0,393.0,0.0,3.0,10.3,13.7,0.0,14.1,14.5
745.844,90,36.0,393.0,0.0,0.0,10.3,13.7,0.0,14.1,14.5
745.935,90,36.0,393.0,0.0,0.0,1.86,13.7,0.0,14.1,14.5
746.024,90,36.0,393.0,0.0,0.0,1.86,13.7,0.0,14.1,14.5
746.115,90,36.0,393.0,0.0,0.0,1.86,13.7,0.0,14.1,14.5
746.206,90,36.0,393.0,0.0,0.0,1.86,13.7,0.0,14.1,14.5
746.294,90,36.0,393.0,0.0,0.0,1.86,13.7,0.0,14.1,14.5
746.385,90,36.0,393.0,0.0,0.0,1.86,13.7,0.0,14.1,14.5
746.474,90,43.0,393.0,0.0,0.0,1.86,13.7,0.0,14.1,14.5
746.565,90,43.0,0.0,0.0,0.0,1.86,13.7,0.0,14.1,14.5
746.685,90,43.0,0.0,0.0,0.0,1.86,13.7,0.0,14.1,14.5
746.775,90,43.0,0.0,0.0,-6.0,1.86,13.7,0.0,14.1,14.5
746.864,90,43.0,0.0,0.0,-6.0,0.0,13.7,0.0,14.1,14.5
746.955,90,43.0,0.0,0.0,-6.0,0.0,13.7,0.0,14.1,14.5
747.044,90,43.0,0.0,0.0,-6.0,0.0,13.7,0.0,14.1,14.5
747.135,90,43.0,0.0,0.0,-6.0,0.0,13.7,0.0,14.1,14.5
747.224,90,43.0,0.0,0.0,-6.0,0.0,13.7,0.0,14.1,14.5
747.314,90,43.0,0.0,0.0,-6.0,0.0,13.7,0.0,14.1,14.5
747.404,90,59.0,0.0,0.0,-6.0,0.0,13.7,0.0,14.1,14.5
747.494,90,59.0,0.0,0.0,-6.0,0.0,13.7,0.0,14.1,14.5
747.587,90,59.0,0.0,0.0,-6.0,0.0,13.7,0.0,14.1,14.5
747.675,90,59.0,0.0,0.0,49.0,0.0,13.7,0.0,14.1,14.5
747.765,90,59.0,0.0,0.0,49.0,0.0,13.7,0.0,14.1,14.5
747.854,90,59.0,0.0,0.0,49.0,0.0,85.1,0.0,14.1,14.5
747.944,90,59.0,0.0,0.0,49.0,0.0,85.1,0.0,14.1,14.5
748.035,90,59.0,0.0,0.0,49.0,0.0,85.1,0.0,14.1,14.5
748.125,90,59.0,0.0,0.0,49.0,0.0,85.1,0.0,14.1,14.5
748.214,90,59.0,0.0,0.0,49.0,0.0,85.1,0.0,14.1,14.5
748.304,90,97.0,0.0,0.0,49.0,0.0,85.1,0.0,14.1,14.5
748.394,90,97.0,0.0,0.0,49.0,0.0,85.1,0.0,14.1,14.5
748.484,90,97.0,0.0,0.0,49.0,0.0,85.1,0.0,14.1,14.5
748.575,90,97.0,0.0,0.0,98.0,0.0,85.1,0.0,14.1,14.5
748.664,90,97.0,0.0,0.0,98.0,0.0,85.1,0.0,14.1,14.5
748.754,90,97.0,0.0,0.0,98.0,0.0,89.0,0.0,14.1,14.5
748.844,90,97.0,0.0,0.0,98.0,0.0,89.0,0.0,14.1,14.5
748.965,90,97.0,0.0,0.0,98.0,0.0,89.0,0.0,14.1,14.5
749.055,90,97.0,0.0,0.0,98.0,0.0,89.0,0.0,14.1,14.5
749.144,90,97.0,0.0,0.0,98.0,0.0,89.0,0.0,14.1,14.5
749.234,90,95.0,0.0,0.0,98.0,0.0,89.0,0.0,14.1,14.5
749.325,90,95.0,1074.0,0.0,98.0,0.0,89.0,0.0,14.1,14.5
749.415,90,95.0,1074.0,0.0,98.0,0.0,89.0,0.0,14.1,14.5
749.504,90,95.0,1074.0,0.0,117.0,0.0,89.0,0.0,14.1,14.5
749.594,90,95.0,1074.0,0.0,117.0,14.13,89.0,0.0,14.1,14.5
749.684,90,95.0,1074.0,0.0,117.0,14.13,83.1,0.0,14.1,14.5
749.774,90,95.0,1074.0,0.0,117.0,14.13,83.1,0.0,14.1,14.5
749.864,90,95.0,1074.0,0.0,117.0,14.13,83.1,0.0,14.1,14.5
749.953,90,95.0,1074.0,0.0,117.0,14.13,83.1,0.0,14.1,14.5
750.043,90,95.0,1074.0,0.0,117.0,14.13,83.1,0.0,14.1,14.5
750.134,90,99.0,1074.0,0.0,117.0,14.13,83.1,0.0,14.1,14.5
750.224,90,99.0,869.0,0.0,117.0,14.13,83.1,0.0,14.1,14.5
750.315,90,99.0,869.0,0.0,117.0,14.13,83.1,0.0,14.1,14.5
750.405,90,99.0,869.0,0.0,79.0,14.13,83.1,0.0,14.1,14.5
750.494,90,99.0,869.0,0.0,79.0,12.22,83.1,0.0,14.1,14.5
750.584,90,99.0,869.0,0.0,79.0,12.22,83.1,0.0,14.1,14.5
750.674,90,99.0,869.0,0.0,79.0,12.22,83.1,0.0,14.1,14.5
750.764,90,99.0,869.0,0.0,79.0,12.22,83.1,0.0,14.5,14.5
750.854,90,99.0,869.0,0.0,79.0,12.22,83.1,0.0,14.5,14.5
750.944,90,99.0,869.0,0.0,79.0,12.22,83.1,0.0,14.5,14.5
751.035,90,100.0,869.0,0.0,79.0,12.22,83.1,0.0,14.5,14.5
751.124,90,100.0,803.0,0.0,79.0,12.22,83.1,0.0,14.5,14.5
751.214,90,100.0,803.0,0.0,79.0,12.22,83.1,0.0,14.5,14.5
751.304,90,100.0,803.0,0.0,35.0,12.22,83.1,0.0,14.5,14.5
751.395,90,100.0,803.0,0.0,35.0,7.77,83.1,0.0,14.5,14.5
751.484,90,100.0,803.0,0.0,35.0,7.77,83.1,0.0,14.5,14.5
751.574,90,100.0,803.0,0.0,35.0,7.77,83.1,0.0,14.5,14.5
751.665,90,100.0,803.0,0.0,35.0,7.77,83.1,0.0,15.3,14.5
751.755,90,100.0,803.0,0.0,35.0,7.77,83.1,0.0,15.3,14.9
751.843,90,100.0,803.0,0.0,35.0,7.77,83.1,0.0,15.3,14.9
751.934,90,100.0,803.0,0.0,35.0,7.77,83.1,0.0,15.3,14.9
752.024,90,100.0,757.0,0.0,35.0,7.77,83.1,0.0,15.3,14.9
752.114,90,100.0,757.0,0.0,35.0,7.77,83.1,0.0,15.3,14.9
752.204,90,100.0,757.0,0.0,24.0,7.77,83.1,0.0,15.3,14.9
752.295,90,100.0,757.0,0.0,24.0,7.02,83.1,0.0,15.3,14.9
752.385,90,100.0,757.0,0.0,24.0,7.02,83.1,0.0,15.3,14.9
752.475,90,100.0,757.0,0.0,24.0,7.02,83.1,0.0,15.3,14.9
752.564,90,100.0,757.0,0.0,24.0,7.02,83.1,0.0,16.1,14.9
752.654,90,100.0,757.0,0.0,24.0,7.02,83.1,0.0,16.1,15.7
752.745,90,100.0,757.0,0.0,24.0,7.02,83.1,0.0,16.1,15.7
752.834,90,101.0,757.0,0.0,24.0,7.02,83.1,0.0,16.1,15.7
752.925,90,101.0,899.0,0.0,24.0,7.02,83.1,0.0,16.1,15.7
753.015,90,101.0,899.0,0.0,24.0,7.02,83.1,0.0,16.1,15.7
753.105,90,101.0,899.0,0.0,19.0,7.02,83.1,0.0,16.1,15.7
753.195,90,101.0,899.0,0.0,19.0,8.41,83.1,0.0,16.1,15.7
753.285,90,101.0,899.0,0.0,19.0,8.41,83.1,0.0,16.1,15.7
753.374,90,101.0,899.0,0.0,19.0,8.41,83.1,0.0,16.1,15.7
753.466,90,101.0,899.0,0.0,19.0,8.41,83.1,0.0,18.4,15.7
753.554,90,101.0,899.0,0.0,19.0,8.41,83.1,0.0,18.4,18.0
753.646,90,101.0,899.0,0.0,19.0,8.41,83.1,0.0,18.4,18.0
753.735,90,103.0,899.0,0.0,19.0,8.41,83.1,0.0,18.4,18.0
753.825,90,103.0,899.0,0.0,19.0,8.41,83.1,0.0,18.4,18.0
753.914,90,103.0,899.0,3.0,19.0,8.41,83.1,0.0,18.4,18.0
754.005,90,103.0,899.0,3.0,15.0,8.41,83.1,0.0,18.4,18.0
754.095,90,103.0,899.0,3.0,15.0,9.91,83.1,0.0,18.4,18.0
754.186,90,103.0,899.0,3.0,15.0,9.91,83.1,0.0,18.4,18.0
754.274,90,103.0,899.0,3.0,15.0,9.91,83.1,0.0,18.4,18.0
754.364,90,103.0,899.0,3.0,15.0,9.91,83.1,0.0,18.4,18.0
754.454,90,103.0,899.0,3.0,15.0,9.91,83.1,0.0,18.4,18.0
754.547,90,103.0,899.0,3.0,15.0,9.91,83.1,0.0,18.4,18.0
754.636,90,105.0,899.0,3.0,15.0,9.91,83.1,0.0,18.4,18.0
754.727,90,105.0,909.0,3.0,15.0,9.91,83.1,0.0,18.4,18.0
754.814,90,105.0,909.0,8.0,15.0,9.91,83.1,0.0,18.4,18.0
754.905,90,105.0,909.0,8.0,13.0,9.91,83.1,0.0,18.4,18.0
754.994,90,105.0,909.0,8.0,13.0,11.55,83.1,0.0,18.4,18.0
755.086,90,105.0,909.0,8.0,13.0,11.55,83.1,0.0,18.4,18.0
755.175,90,105.0,909.0,8.0,13.0,11.55,83.1,0.0,18.4,18.0
755.265,90,105.0,909.0,8.0,13.0,11.55,83.1,0.0,25.5,18.0
755.354,90,105.0,909.0,8.0,13.0,11.55,83.1,0.0,25.5,27.5
755.446,90,105.0,909.0,8.0,13.0,11.55,83.1,0.0,25.5,27.5
755.535,90,109.0,909.0,8.0,13.0,11.55,83.1,0.0,25.5,27.5
755.626,90,109.0,1376.0,8.0,13.0,11.55,83.1,0.0,25.5,27.5
755.714,90,109.0,1376.0,12.0,13.0,11.55,83.1,0.0,25.5,27.5
755.804,90,109.0,1376.0,12.0,12.0,11.55,83.1,0.0,25.5,27.5
755.894,90,109.0,1376.0,12.0,12.0,18.66,83.1,0.0,25.5,27.5
756.015,90,109.0,1376.0,12.0,12.0,18.66,83.1,0.0,25.5,27.5
756.105,90,109.0,1376.0,12.0,12.0,18.66,83.1,0.0,25.5,27.5
756.194,90,109.0,1376.0,12.0,12.0,18.66,83.1,0.0,31.4,27.5
756.285,90,109.0,1376.0,12.0,12.0,18.66,83.1,0.0,31.4,31.8
756.374,89,109.0,1376.0,12.0,12.0,18.66,83.1,0.0,31.4,31.8
756.468,89,121.0,1376.0,12.0,12.0,18.66,83.1,0.0,31.4,31.8
756.556,89,121.0,1703.0,12.0,12.0,18.66,83.1,0.0,31.4,31.8
756.707,89,121.0,1703.0,15.0,12.0,18.66,83.1,0.0,31.4,31.8
756.794,89,121.0,1703.0,15.0,12.0,18.66,83.1,0.0,31.4,31.8
756.884,89,121.0,1703.0,15.0,12.0,17.02,83.1,0.0,31.4,31.8
756.974,89,121.0,1703.0,15.0,12.0,17.02,83.1,0.0,31.4,31.8
757.066,89,121.0,1703.0,15.0,12.0,17.02,83.1,0.0,31.4,31.8
757.154,89,121.0,1703.0,15.0,12.0,17.02,83.1,0.0,23.5,31.8
757.245,89,121.0,1703.0,15.0,12.0,17.02,83.1,0.0,23.5,23.5
757.334,89,121.0,1703.0,15.0,12.0,17.02,83.1,0.0,23.5,23.5
757.425,89,106.0,1703.0,15.0,12.0,17.02,83.1,0.0,23.5,23.5
757.515,89,106.0,1690.0,15.0,12.0,17.02,83.1,0.0,23.5,23.5
757.606,89,106.0,1690.0,15.0,12.0,17.02,83.1,0.0,23.5,23.5
757.694,89,106.0,1690.0,15.0,9.0,17.02,83.1,0.0,23.5,23.5
757.783,89,106.0,1690.0,15.0,9.0,14.58,83.1,0.0,23.5,23.5
757.874,89,106.0,1690.0,15.0,9.0,14.58,83.1,0.0,23.5,23.5
757.965,89,106.0,1690.0,15.0,9.0,14.58,83.1,0.0,23.5,23.5
758.054,89,106.0,1690.0,15.0,9.0,14.58,83.1,0.0,34.1,23.5
758.145,89,106.0,1690.0,15.0,9.0,14.58,83.1,0.0,34.1,36.1
758.234,89,106.0,1690.0,15.0,9.0,14.58,83.1,0.0,34.1,36.1
758.323,89,114.0,1690.0,15.0,9.0,14.58,83.1,0.0,34.1,36.1
758.414,89,114.0,1814.0,15.0,9.0,14.58,83.1,0.0,34.1,36.1
758.505,89,114.0,1814.0,16.0,9.0,14.58,83.1,0.0,34.1,36.1
758.594,89,114.0,1814.0,16.0,8.0,14.58,83.1,0.0,34.1,36.1
758.686,89,114.0,1814.0,16.0,8.0,24.88,83.1,0.0,34.1,36.1
758.774,89,114.0,1814.0,16.0,8.0,24.88,83.1,0.0,34.1,36.1
758.864,89,114.0,1814.0,16.0,8.0,24.88,83.1,0.0,34.1,36.1
758.954,89,114.0,1814.0,16.0,8.0,24.88,83.1,0.0,40.4,36.1
759.045,89,114.0,1814.0,16.0,8.0,24.88,83.1,0.0,40.4,39.2
759.134,89,114.0,1814.0,16.0,8.0,24.88,83.1,0.0,40.4,39.2
759.225,89,139.0,1814.0,16.0,8.0,24.88,83.1,0.0,40.4,39.2
759.315,89,139.0,1984.0,16.0,8.0,24.88,83.1,0.0,40.4,39.2
759.406,89,139.0,1984.0,19.0,8.0,24.88,83.1,0.0,40.4,39.2
759.494,89,139.0,1984.0,19.0,8.0,24.88,83.1,0.0,40.4,39.2
759.586,89,139.0,1984.0,19.0,8.0,19.61,83.1,0.0,40.4,39.2
759.674,89,139.0,1984.0,19.0,8.0,19.61,83.5,0.0,40.4,39.2
759.767,89,139.0,1984.0,19.0,8.0,19.61,83.5,0.0,40.4,39.2
759.854,89,139.0,1984.0,19.0,8.0,19.61,83.5,0.0,30.2,39.2
759.945,89,139.0,1984.0,19.0,8.0,19.61,83.5,0.0,30.2,34.9
760.034,89,139.0,1984.0,19.0,8.0,19.61,83.5,0.0,30.2,34.9
760.125,89,117.0,1984.0,19.0,8.0,19.61,83.5,0.0,30.2,34.9
760.214,89,117.0,1304.0,19.0,8.0,19.61,83.5,0.0,30.2,34.9
760.304,89,117.0,1304.0,20.0,8.0,19.61,83.5,0.0,30.2,34.9
760.394,89,117.0,1304.0,20.0,8.0,19.61,83.5,0.0,30.2,34.9
760.485,89,117.0,1304.0,20.0,8.0,20.66,83.5,0.0,30.2,34.9
760.575,89,117.0,1304.0,20.0,8.0,20.66,83.1,0.0,30.2,34.9
760.667,89,117.0,1304.0,20.0,8.0,20.66,83.1,0.0,30.2,34.9
760.758,89,117.0,1304.0,20.0,8.0,20.66,83.1,0.0,44.7,34.9
760.854,89,117.0,1304.0,20.0,8.0,20.66,83.1,0.0,44.7,46.7
760.933,89,117.0,1304.0,20.0,8.0,20.66,83.1,0.0,44.7,46.7
761.024,89,132.0,1304.0,20.0,8.0,20.66,83.1,0.0,44.7,46.7
761.114,89,132.0,1468.0,20.0,8.0,20.66,83.1,0.0,44.7,46.7
761.206,89,132.0,1468.0,25.0,8.0,20.66,83.1,0.0,44.7,46.7
761.294,89,132.0,1468.0,25.0,4.0,20.66,83.1,0.0,44.7,46.7
761.385,89,132.0,1468.0,25.0,4.0,28.13,83.1,0.0,44.7,46.7
761.474,89,132.0,1468.0,25.0,4.0,28.13,83.1,0.0,44.7,46.7
761.565,89,132.0,1468.0,25.0,4.0,28.13,83.1,0.0,44.7,46.7
761.686,89,132.0,1468.0,25.0,4.0,28.13,83.1,0.0,43.9,46.7
761.774,89,132.0,1468.0,25.0,4.0,28.13,83.1,0.0,43.9,44.3
761.864,89,132.0,1468.0,25.0,4.0,28.13,83.1,0.0,43.9,44.3
761.953,89,156.0,1468.0,25.0,4.0,28.13,83.1,0.0,43.9,44.3
762.044,89,156.0,1752.0,25.0,4.0,28.13,83.1,0.0,43.9,44.3
762.134,89,156.0,1752.0,30.0,4.0,28.13,83.1,0.0,43.9,44.3
762.225,89,156.0,1752.0,30.0,6.0,28.13,83.1,0.0,43.9,44.3
762.314,89,156.0,1752.0,30.0,6.0,23.44,83.1,0.0,43.9,44.3
762.405,89,156.0,1752.0,30.0,6.0,23.44,83.5,0.0,43.9,44.3
762.494,89,156.0,1752.0,30.0,6.0,23.44,83.5,0.0,43.9,44.3
762.586,89,156.0,1752.0,30.0,6.0,23.44,83.5,0.0,34.1,44.3
762.674,89,156.0,1752.0,30.0,6.0,23.44,83.5,0.0,34.1,33.3
762.765,89,156.0,1752.0,30.0,6.0,23.44,83.5,0.0,34.1,33.3
762.854,89,125.0,1752.0,30.0,6.0,23.44,83.5,0.0,34.1,33.3
762.944,89,125.0,1823.0,30.0,6.0,23.44,83.5,0.0,34.1,33.3
763.035,89,125.0,1823.0,31.0,6.0,23.44,83.5,0.0,34.1,33.3
763.125,89,125.0,1823.0,31.0,4.0,23.44,83.5,0.0,34.1,33.3
763.215,89,125.0,1823.0,31.0,4.0,17.99,83.5,0.0,34.1,33.3
763.305,89,125.0,1823.0,31.0,4.0,17.99,83.1,0.0,34.1,33.3
763.395,89,125.0,1823.0,31.0,4.0,17.99,83.1,0.0,34.1,33.3
763.486,89,125.0,1823.0,31.0,4.0,17.99,83.1,0.0,32.2,33.3
763.574,89,125.0,1823.0,31.0,4.0,17.99,83.1,0.0,32.2,32.5
763.665,89,125.0,1823.0,31.0,4.0,17.99,83.1,0.0,32.2,32.5
763.755,89,111.0,1823.0,31.0,4.0,17.99,83.1,0.0,32.2,32.5
763.846,89,111.0,1797.0,31.0,4.0,17.99,83.1,0.0,32.2,32.5
763.934,89,111.0,1797.0,31.0,4.0,17.99,83.1,0.0,32.2,32.5
764.025,89,111.0,1797.0,31.0,3.0,17.99,83.1,0.0,32.2,32.5
764.114,89,111.0,1797.0,31.0,3.0,17.02,83.1,0.0,32.2,32.5
764.205,89,111.0,1797.0,31.0,3.0,17.02,83.1,0.0,32.2,32.5
764.294,89,111.0,1797.0,31.0,3.0,17.02,83.1,0.0,32.2,32.5
764.384,89,111.0,1797.0,31.0,3.0,17.02,83.1,0.0,35.7,32.5
764.474,89,111.0,1797.0,31.0,3.0,17.02,83.1,0.0,35.7,37.6
764.565,89,111.0,1797.0,31.0,3.0,17.02,83.1,0.0,35.7,37.6
764.654,89,120.0,1797.0,31.0,3.0,17.02,83.1,0.0,35.7,37.6
764.745,89,120.0,1810.0,31.0,3.0,17.02,83.1,0.0,35.7,37.6
764.833,89,120.0,1810.0,31.0,3.0,17.02,83.1,0.0,35.7,37.6
764.924,89,120.0,1810.0,31.0,3.0,17.02,83.1,0.0,35.7,37.6
765.014,89,120.0,1810.0,31.0,3.0,22.3,83.1,0.0,35.7,37.6
765.104,89,120.0,1810.0,31.0,3.0,22.3,83.1,0.0,35.7,37.6
765.195,89,120.0,1810.0,31.0,3.0,22.3,83.1,0.0,35.7,37.6
765.285,89,120.0,1810.0,31.0,3.0,22.3,83.1,0.0,41.6,37.6
765.375,89,120.0,1810.0,31.0,3.0,22.3,83.1,0.0,41.6,42.0
765.468,89,120.0,1810.0,31.0,3.0,22.3,83.1,0.0,41.6,42.0
765.554,89,136.0,1810.0,31.0,3.0,22.3,83.1,0.0,41.6,42.0
765.644,89,136.0,1871.0,31.0,3.0,22.3,83.1,0.0,41.6,42.0
765.734,89,136.0,1871.0,32.0,3.0,22.3,83.1,0.0,41.6,42.0
765.824,89,136.0,1871.0,32.0,4.0,22.3,83.1,0.0,41.6,42.0
765.974,89,136.0,1871.0,32.0,4.0,26.61,83.1,0.0,41.6,42.0
766.067,89,136.0,1871.0,32.0,4.0,26.61,83.1,0.0,41.6,42.0
766.155,89,136.0,1871.0,32.0,4.0,26.61,83.1,0.0,41.6,42.0
766.243,89,136.0,1871.0,32.0,4.0,26.61,83.1,0.0,14.1,42.0
766.335,89,136.0,1871.0,32.0,4.0,26.61,83.1,0.0,14.1,14.5
766.425,89,136.0,1871.0,32.0,4.0,26.61,83.1,0.0,14.1,14.5
766.514,89,106.0,1871.0,32.0,4.0,26.61,83.1,0.0,14.1,14.5
766.605,89,106.0,1555.0,32.0,4.0,26.61,83.1,0.0,14.1,14.5
766.725,89,106.0,1555.0,32.0,4.0,26.61,83.1,0.0,14.1,14.5
766.814,89,106.0,1555.0,32.0,4.0,26.61,83.1,0.0,14.1,14.5
766.934,89,106.0,1555.0,32.0,4.0,20.97,83.1,0.0,14.1,14.5
767.025,89,106.0,1555.0,32.0,4.0,20.97,31.0,0.0,14.1,14.5
767.115,89,106.0,1555.0,32.0,4.0,20.97,31.0,0.0,14.1,14.5
767.205,89,106.0,1555.0,32.0,4.0,20.97,31.0,0.0,36.5,14.5
767.294,89,106.0,1555.0,32.0,4.0,20.97,31.0,0.0,36.5,37.3
767.384,89,106.0,1555.0,32.0,4.0,20.97,31.0,0.0,36.5,37.3
767.475,89,109.0,1555.0,32.0,4.0,20.97,31.0,0.0,36.5,37.3
767.565,89,109.0,1197.0,32.0,4.0,20.97,31.0,0.0,36.5,37.3
767.655,89,109.0,1197.0,32.0,4.0,20.97,31.0,0.0,36.5,37.3
767.749,89,109.0,1197.0,32.0,4.0,20.97,31.0,0.0,36.5,37.3
767.834,89,109.0,1197.0,32.0,4.0,16.74,31.0,0.0,36.5,37.3
767.925,89,109.0,1197.0,32.0,4.0,16.74,83.5,0.0,36.5,37.3
768.014,89,109.0,1197.0,32.0,4.0,16.74,83.5,0.0,36.5,37.3
768.105,89,109.0,1197.0,32.0,4.0,16.74,83.5,0.0,35.3,37.3
768.195,89,109.0,1197.0,32.0,4.0,16.74,83.5,0.0,35.3,35.3
768.285,89,109.0,1197.0,32.0,4.0,16.74,83.5,0.0,35.3,35.3
768.374,89,118.0,1197.0,32.0,4.0,16.74,83.5,0.0,35.3,35.3
768.465,89,118.0,1250.0,32.0,4.0,16.74,83.5,0.0,35.3,35.3
768.555,89,118.0,1250.0,33.0,4.0,16.74,83.5,0.0,35.3,35.3
768.645,89,118.0,1250.0,33.0,2.0,16.74,83.5,0.0,35.3,35.3
768.736,89,118.0,1250.0,33.0,2.0,11.88,83.5,0.0,35.3,35.3
768.823,89,118.0,1250.0,33.0,2.0,11.88,83.5,0.0,35.3,35.3
768.914,89,118.0,1250.0,33.0,2.0,11.88,83.5,0.0,35.3,35.3
769.005,89,118.0,1250.0,33.0,2.0,11.88,83.5,0.0,27.1,35.3
769.094,89,118.0,1250.0,33.0,2.0,11.88,83.5,0.0,27.1,27.1
769.184,89,118.0,1250.0,33.0,2.0,11.88,83.5,0.0,27.1,27.1
769.274,89,112.0,1250.0,33.0,2.0,11.88,83.5,0.0,27.1,27.1
769.365,89,112.0,1260.0,33.0,2.0,11.88,83.5,0.0,27.1,27.1
769.454,89,112.0,1260.0,34.0,2.0,11.88,83.5,0.0,27.1,27.1
769.545,89,112.0,1260.0,34.0,2.0,11.88,83.5,0.0,27.1,27.1
769.634,89,112.0,1260.0,34.0,2.0,11.94,83.5,0.0,27.1,27.1
769.724,89,112.0,1260.0,34.0,2.0,11.94,83.5,0.0,27.1,27.1
769.814,89,112.0,1260.0,34.0,2.0,11.94,83.5,0.0,27.1,27.1
769.904,89,112.0,1260.0,34.0,2.0,11.94,83.5,0.0,23.9,27.1
769.994,89,112.0,1260.0,34.0,2.0,11.94,83.5,0.0,23.9,24.3
770.084,89,112.0,1260.0,34.0,2.0,11.94,83.5,0.0,23.9,24.3
770.174,89,106.0,1260.0,34.0,2.0,11.94,83.5,0.0,23.9,24.3
770.263,89,106.0,1254.0,34.0,2.0,11.94,83.5,0.0,23.9,24.3
770.354,89,106.0,1254.0,34.0,2.0,11.94,83.5,0.0,23.9,24.3
770.445,89,106.0,1254.0,34.0,1.0,11.94,83.5,0.0,23.9,24.3
770.534,89,106.0,1254.0,34.0,1.0,10.19,83.5,0.0,23.9,24.3
770.624,89,106.0,1254.0,34.0,1.0,10.19,83.5,0.0,23.9,24.3
770.714,89,106.0,1254.0,34.0,1.0,10.19,83.5,0.0,23.9,24.3
770.808,89,106.0,1254.0,34.0,1.0,10.19,83.5,0.0,23.5,24.3
770.923,89,106.0,1254.0,34.0,1.0,10.19,83.5,0.0,23.5,23.1
771.013,89,106.0,1254.0,34.0,1.0,10.19,83.5,0.0,23.5,23.1
771.104,89,104.0,1254.0,34.0,1.0,10.19,83.5,0.0,23.5,23.1
771.194,89,104.0,1252.0,34.0,1.0,10.19,83.5,0.0,23.5,23.1
771.285,89,104.0,1252.0,34.0,1.0,10.19,83.5,0.0,23.5,23.1
771.374,89,104.0,1252.0,34.0,0.0,10.19,83.5,0.0,23.5,23.1
771.465,89,104.0,1252.0,34.0,0.0,9.88,83.5,0.0,23.5,23.1
771.554,89,104.0,1252.0,34.0,0.0,9.88,83.5,0.0,23.5,23.1
771.644,89,104.0,1252.0,34.0,0.0,9.88,83.5,0.0,23.5,23.1
771.767,89,104.0,1252.0,34.0,0.0,9.88,83.5,0.0,21.6,23.1
771.854,89,104.0,1252.0,34.0,0.0,9.88,83.5,0.0,21.6,21.2
771.944,89,104.0,1252.0,34.0,0.0,9.88,83.5,0.0,21.6,21.2
772.034,89,102.0,1252.0,34.0,0.0,9.88,83.5,0.0,21.6,21.2
772.124,89,102.0,1248.0,34.0,0.0,9.88,83.5,0.0,21.6,21.2
772.215,89,102.0,1248.0,33.0,0.0,9.88,83.5,0.0,21.6,21.2
772.306,89,102.0,1248.0,33.0,0.0,9.88,83.5,0.0,21.6,21.2
772.394,89,102.0,1248.0,33.0,0.0,9.55,83.5,0.0,21.6,21.2
772.486,89,102.0,1248.0,33.0,0.0,9.55,83.5,0.0,21.6,21.2
772.574,89,102.0,1248.0,33.0,0.0,9.55,83.5,0.0,21.6,21.2
772.665,89,102.0,1248.0,33.0,0.0,9.55,83.5,0.0,20.8,21.2
772.754,89,102.0,1248.0,33.0,0.0,9.55,83.5,0.0,20.8,20.8
772.843,89,102.0,1248.0,33.0,0.0,9.55,83.5,0.0,20.8,20.8
772.934,89,100.0,1248.0,33.0,0.0,9.55,83.5,0.0,20.8,20.8
773.024,89,100.0,1255.0,33.0,0.0,9.55,83.5,0.0,20.8,20.8
773.115,89,100.0,1255.0,33.0,0.0,9.55,83.5,0.0,20.8,20.8
773.205,89,100.0,1255.0,33.0,1.0,9.55,83.5,0.0,20.8,20.8
773.296,89,100.0,1255.0,33.0,1.0,9.97,83.5,0.0,20.8,20.8
773.384,89,100.0,1255.0,33.0,1.0,9.97,83.5,0.0,20.8,20.8
773.474,89,100.0,1255.0,33.0,1.0,9.97,83.5,0.0,20.8,20.8
773.565,89,100.0,1255.0,33.0,1.0,9.97,83.5,0.0,22.0,20.8
773.654,89,100.0,1255.0,33.0,1.0,9.97,83.5,0.0,22.0,22.0
773.745,90,100.0,1255.0,33.0,1.0,9.97,83.5,0.0,22.0,22.0
773.834,90,100.0,1255.0,33.0,1.0,9.97,83.5,0.0,22.0,22.0
773.924,90,100.0,1266.0,33.0,1.0,9.97,83.5,0.0,22.0,22.0
774.014,90,100.0,1266.0,34.0,1.0,9.97,83.5,0.0,22.0,22.0
774.104,90,100.0,1266.0,34.0,2.0,9.97,83.5,0.0,22.0,22.0
774.194,90,100.0,1266.0,34.0,2.0,9.99,83.5,0.0,22.0,22.0
774.284,90,100.0,1266.0,34.0,2.0,9.99,83.5,0.0,22.0,22.0
774.373,90,100.0,1266.0,34.0,2.0,9.99,83.5,0.0,22.0,22.0
774.463,90,100.0,1266.0,34.0,2.0,9.99,83.5,0.0,27.5,22.0
774.553,90,100.0,1266.0,34.0,2.0,9.99,83.5,0.0,27.5,28.6
774.644,90,100.0,1266.0,34.0,2.0,9.99,83.5,0.0,27.5,28.6
774.734,90,104.0,1266.0,34.0,2.0,9.99,83.5,0.0,27.5,28.6
774.823,90,104.0,1298.0,34.0,2.0,9.99,83.5,0.0,27.5,28.6
774.914,90,104.0,1298.0,35.0,2.0,9.99,83.5,0.0,27.5,28.6
775.004,90,104.0,1298.0,35.0,2.0,9.99,83.5,0.0,27.5,28.6
775.094,90,104.0,1298.0,35.0,2.0,12.02,83.5,0.0,27.5,28.6
775.184,90,104.0,1298.0,35.0,2.0,12.02,83.5,0.0,27.5,28.6
775.274,90,104.0,1298.0,35.0,2.0,12.02,83.5,0.0,27.5,28.6
775.365,90,104.0,1298.0,35.0,2.0,12.02,83.5,0.0,27.8,28.6
775.455,90,104.0,1298.0,35.0,2.0,12.02,83.5,0.0,27.8,27.5
775.544,90,104.0,1298.0,35.0,2.0,12.02,83.5,0.0,27.8,27.5
775.634,90,112.0,1298.0,35.0,2.0,12.02,83.5,0.0,27.8,27.5
775.725,90,112.0,1339.0,35.0,2.0,12.02,83.5,0.0,27.8,27.5
775.814,90,112.0,1339.0,36.0,2.0,12.02,83.5,0.0,27.8,27.5
775.904,90,112.0,1339.0,36.0,3.0,12.02,83.5,0.0,27.8,27.5
775.994,90,112.0,1339.0,36.0,3.0,11.24,83.5,0.0,27.8,27.5
776.084,90,112.0,1339.0,36.0,3.0,11.24,83.5,0.0,27.8,27.5
776.174,90,112.0,1339.0,36.0,3.0,11.24,83.5,0.0,27.8,27.5
776.265,90,112.0,1339.0,36.0,3.0,11.24,83.5,0.0,25.1,27.5
776.354,90,112.0,1339.0,36.0,3.0,11.24,83.5,0.0,25.1,25.1
776.444,90,112.0,1339.0,36.0,3.0,11.24,83.5,0.0,25.1,25.1
776.534,90,110.0,1339.0,36.0,3.0,11.24,83.5,0.0,25.1,25.1
776.627,90,110.0,1377.0,36.0,3.0,11.24,83.5,0.0,25.1,25.1
776.716,90,110.0,1377.0,37.0,3.0,11.24,83.5,0.0,25.1,25.1
776.805,90,110.0,1377.0,37.0,4.0,11.24,83.5,0.0,25.1,25.1
776.894,90,110.0,1377.0,37.0,4.0,11.44,83.5,0.0,25.1,25.1
776.984,90,110.0,1377.0,37.0,4.0,11.44,83.5,0.0,25.1,25.1
777.074,90,110.0,1377.0,37.0,4.0,11.44,83.5,0.0,25.1,25.1
777.164,90,110.0,1377.0,37.0,4.0,11.44,83.5,0.0,14.1,25.1
777.254,90,110.0,1377.0,37.0,4.0,11.44,83.5,0.0,14.1,14.5
777.344,90,110.0,1377.0,37.0,4.0,11.44,83.5,0.0,14.1,14.5
777.434,90,107.0,1377.0,37.0,4.0,11.44,83.5,0.0,14.1,14.5
777.524,90,107.0,1051.0,37.0,4.0,11.44,83.5,0.0,14.1,14.5
777.615,90,107.0,1051.0,37.0,4.0,11.44,83.5,0.0,14.1,14.5
777.705,90,107.0,1051.0,37.0,4.0,11.44,83.5,0.0,14.1,14.5
777.793,90,107.0,1051.0,37.0,4.0,8.99,83.5,0.0,14.1,14.5
777.884,90,107.0,1051.0,37.0,4.0,8.99,83.5,0.0,14.1,14.5
777.974,90,107.0,1051.0,37.0,4.0,8.99,83.5,0.0,14.1,14.5
778.065,90,107.0,1051.0,37.0,4.0,8.99,83.5,0.0,14.1,14.5
778.155,90,107.0,1051.0,37.0,4.0,8.99,83.5,0.0,14.1,14.5
778.274,90,107.0,1051.0,37.0,4.0,8.99,83.5,0.0,14.1,14.5
778.364,90,106.0,1051.0,37.0,4.0,8.99,83.5,0.0,14.1,14.5
778.454,90,106.0,1002.0,37.0,4.0,8.99,83.5,0.0,14.1,14.5
778.545,90,106.0,1002.0,36.0,4.0,8.99,83.5,0.0,14.1,14.5
778.634,90,106.0,1002.0,36.0,1.0,8.99,83.5,0.0,14.1,14.5
778.724,90,106.0,1002.0,36.0,1.0,8.77,83.5,0.0,14.1,14.5
778.814,90,106.0,1002.0,36.0,1.0,8.77,83.5,0.0,14.1,14.5
778.904,90,106.0,1002.0,36.0,1.0,8.77,83.5,0.0,14.1,14.5
778.995,90,106.0,1002.0,36.0,1.0,8.77,83.5,0.0,14.1,14.5
779.085,90,106.0,1002.0,36.0,1.0,8.77,83.5,0.0,14.1,14.5
779.174,90,106.0,1002.0,36.0,1.0,8.77,83.5,0.0,14.1,14.5
779.264,90,103.0,1002.0,36.0,1.0,8.77,83.5,0.0,14.1,14.5
779.354,90,103.0,1058.0,36.0,1.0,8.77,83.5,0.0,14.1,14.5
779.445,90,103.0,1058.0,34.0,1.0,8.77,83.5,0.0,14.1,14.5
779.534,90,103.0,1058.0,34.0,2.0,8.77,83.5,0.0,14.1,14.5
779.624,90,103.0,1058.0,34.0,2.0,17.16,83.5,0.0,14.1,14.5
779.714,90,103.0,1058.0,34.0,2.0,17.16,83.5,0.0,14.1,14.5
779.803,90,103.0,1058.0,34.0,2.0,17.16,83.5,0.0,14.1,14.5
779.894,90,103.0,1058.0,34.0,2.0,17.16,83.5,0.0,18.8,14.5
779.984,90,103.0,1058.0,34.0,2.0,17.16,83.5,0.0,18.8,19.2
780.074,90,103.0,1058.0,34.0,2.0,17.16,83.5,0.0,18.8,19.2
780.164,90,106.0,1058.0,34.0,2.0,17.16,83.5,0.0,18.8,19.2
780.254,90,106.0,1633.0,34.0,2.0,17.16,83.5,0.0,18.8,19.2
780.345,90,106.0,1633.0,30.0,2.0,17.16,83.5,0.0,18.8,19.2
780.434,90,106.0,1633.0,30.0,4.0,17.16,83.5,0.0,18.8,19.2
780.526,90,106.0,1633.0,30.0,4.0,18.77,83.5,0.0,18.8,19.2
780.614,90,106.0,1633.0,30.0,4.0,18.77,83.5,0.0,18.8,19.2
780.704,90,106.0,1633.0,30.0,4.0,18.77,83.5,0.0,18.8,19.2
780.796,90,106.0,1633.0,30.0,4.0,18.77,83.5,0.0,25.9,19.2
780.914,90,106.0,1633.0,30.0,4.0,18.77,83.5,0.0,25.9,28.2
781.004,90,106.0,1633.0,30.0,4.0,18.77,83.5,0.0,25.9,28.2
781.094,90,114.0,1633.0,30.0,4.0,18.77,83.5,0.0,25.9,28.2
781.185,90,114.0,1695.0,30.0,4.0,18.77,83.5,0.0,25.9,28.2
781.274,90,114.0,1695.0,29.0,4.0,18.77,83.5,0.0,25.9,28.2
781.364,90,114.0,1695.0,29.0,8.0,18.77,83.5,0.0,25.9,28.2
781.454,90,114.0,1695.0,29.0,8.0,16.38,83.5,0.0,25.9,28.2
781.544,90,114.0,1695.0,29.0,8.0,16.38,83.5,0.0,25.9,28.2
781.664,90,114.0,1695.0,29.0,8.0,16.38,83.5,0.0,25.9,28.2
781.754,90,114.0,1695.0,29.0,8.0,16.38,83.5,0.0,34.1,28.2
781.844,90,114.0,1695.0,29.0,8.0,16.38,83.5,0.0,34.1,34.5
781.934,90,114.0,1695.0,29.0,8.0,16.38,83.5,0.0,34.1,34.5
782.024,90,123.0,1695.0,29.0,8.0,16.38,83.5,0.0,34.1,34.5
782.114,90,123.0,1697.0,29.0,8.0,16.38,83.5,0.0,34.1,34.5
782.204,90,123.0,1697.0,29.0,8.0,16.38,83.5,0.0,34.1,34.5
782.294,90,123.0,1697.0,29.0,6.0,16.38,83.5,0.0,34.1,34.5
782.384,90,123.0,1697.0,29.0,6.0,16.63,83.5,0.0,34.1,34.5
782.475,90,123.0,1697.0,29.0,6.0,16.63,83.5,0.0,34.1,34.5
782.565,90,123.0,1697.0,29.0,6.0,16.63,83.5,0.0,34.1,34.5
782.655,90,123.0,1697.0,29.0,6.0,16.63,83.5,0.0,34.9,34.5
782.745,90,123.0,1697.0,29.0,6.0,16.63,83.5,0.0,34.9,35.7
782.864,90,123.0,1697.0,29.0,6.0,16.63,83.5,0.0,34.9,35.7
782.954,90,124.0,1697.0,29.0,6.0,16.63,83.5,0.0,34.9,35.7
783.044,90,124.0,1722.0,29.0,6.0,16.63,83.5,0.0,34.9,35.7
783.134,90,124.0,1722.0,29.0,6.0,16.63,83.5,0.0,34.9,35.7
783.224,90,124.0,1722.0,29.0,7.0,16.63,83.5,0.0,34.9,35.7
783.314,90,124.0,1722.0,29.0,7.0,19.19,83.5,0.0,34.9,35.7
783.404,90,124.0,1722.0,29.0,7.0,19.19,83.5,0.0,34.9,35.7
783.495,90,124.0,1722.0,29.0,7.0,19.19,83.5,0.0,34.9,35.7
783.584,90,124.0,1722.0,29.0,7.0,19.19,83.5,0.0,36.1,35.7
783.674,90,124.0,1722.0,29.0,7.0,19.19,83.5,0.0,36.1,36.9
783.764,90,124.0,1722.0,29.0,7.0,19.19,83.5,0.0,36.1,36.9
783.854,90,125.0,1722.0,29.0,7.0,19.19,83.5,0.0,36.1,36.9
783.944,90,125.0,1722.0,29.0,7.0,19.19,83.5,0.0,36.1,36.9
784.034,90,125.0,1722.0,30.0,7.0,19.19,83.5,0.0,36.1,36.9
784.125,90,125.0,1722.0,30.0,7.0,19.19,83.5,0.0,36.1,36.9
784.213,90,125.0,1722.0,30.0,7.0,19.24,83.5,0.0,36.1,36.9
784.303,90,125.0,1722.0,30.0,7.0,19.24,83.5,0.0,36.1,36.9
784.394,90,125.0,1722.0,30.0,7.0,19.24,83.5,0.0,36.1,36.9
784.485,90,125.0,1722.0,30.0,7.0,19.24,83.5,0.0,36.5,36.9
784.574,90,125.0,1722.0,30.0,7.0,19.24,83.5,0.0,36.5,36.9
784.664,90,125.0,1722.0,30.0,7.0,19.24,83.5,0.0,36.5,36.9
784.756,90,127.0,1722.0,30.0,7.0,19.24,83.5,0.0,36.5,36.9
784.843,90,127.0,1735.0,30.0,7.0,19.24,83.5,0.0,36.5,36.9
784.933,90,127.0,1735.0,30.0,7.0,19.24,83.5,0.0,36.5,36.9
785.023,90,127.0,1735.0,30.0,7.0,19.24,83.5,0.0,36.5,36.9
785.114,90,127.0,1735.0,30.0,7.0,19.16,83.5,0.0,36.5,36.9
785.204,90,127.0,1735.0,30.0,7.0,19.16,83.5,0.0,36.5,36.9
785.294,90,127.0,1735.0,30.0,7.0,19.16,83.5,0.0,36.5,36.9
785.384,90,127.0,1735.0,30.0,7.0,19.16,83.5,0.0,35.7,36.9
785.474,90,127.0,1735.0,30.0,7.0,19.16,83.5,0.0,35.7,36.1
785.565,90,127.0,1735.0,30.0,7.0,19.16,83.5,0.0,35.7,36.1
785.654,90,126.0,1735.0,30.0,7.0,19.16,83.5,0.0,35.7,36.1
785.744,90,126.0,1745.0,30.0,7.0,19.16,83.5,0.0,35.7,36.1
785.833,90,126.0,1745.0,30.0,7.0,19.16,83.5,0.0,35.7,36.1
785.924,90,126.0,1745.0,30.0,7.0,19.16,83.5,0.0,35.7,36.1
786.014,90,126.0,1745.0,30.0,7.0,19.24,83.5,0.0,35.7,36.1
786.104,90,126.0,1745.0,30.0,7.0,19.24,83.5,0.0,35.7,36.1
786.194,90,126.0,1745.0,30.0,7.0,19.24,83.5,0.0,35.7,36.1
786.284,90,126.0,1745.0,30.0,7.0,19.24,83.5,0.0,35.7,36.1
786.375,90,126.0,1745.0,30.0,7.0,19.24,83.5,0.0,35.7,36.1
786.464,90,126.0,1745.0,30.0,7.0,19.24,83.5,0.0,35.7,36.1
786.554,90,125.0,1745.0,30.0,7.0,19.24,83.5,0.0,35.7,36.1
786.644,90,125.0,1765.0,30.0,7.0,19.24,83.5,0.0,35.7,36.1
786.734,90,125.0,1765.0,30.0,7.0,19.24,83.5,0.0,35.7,36.1
786.823,90,125.0,1765.0,30.0,7.0,19.24,83.5,0.0,35.7,36.1
786.914,90,125.0,1765.0,30.0,7.0,19.38,83.5,0.0,35.7,36.1
787.004,90,125.0,1765.0,30.0,7.0,19.38,83.5,0.0,35.7,36.1
787.094,90,125.0,1765.0,30.0,7.0,19.38,83.5,0.0,35.7,36.1
787.185,90,125.0,1765.0,30.0,7.0,19.38,83.5,0.0,35.7,36.1
787.274,90,125.0,1765.0,30.0,7.0,19.38,83.5,0.0,35.7,36.1
787.364,90,125.0,1765.0,30.0,7.0,19.38,83.5,0.0,35.7,36.1
787.454,90,125.0,1765.0,30.0,7.0,19.38,83.5,0.0,35.7,36.1
787.544,90,125.0,1776.0,30.0,7.0,19.38,83.5,0.0,35.7,36.1
787.635,90,125.0,1776.0,31.0,7.0,19.38,83.5,0.0,35.7,36.1
787.725,90,125.0,1776.0,31.0,7.0,19.38,83.5,0.0,35.7,36.1
787.814,90,125.0,1776.0,31.0,7.0,19.38,83.5,0.0,35.7,36.1
787.904,90,125.0,1776.0,31.0,7.0,19.38,83.5,0.0,35.7,36.1
787.994,90,125.0,1776.0,31.0,7.0,19.38,83.5,0.0,35.7,36.1
788.084,90,125.0,1776.0,31.0,7.0,19.38,83.5,0.0,35.7,36.1
788.174,90,125.0,1776.0,31.0,7.0,19.38,83.5,0.0,35.7,36.1
788.265,90,125.0,1776.0,31.0,7.0,19.38,83.5,0.0,35.7,36.1
788.354,90,125.0,1776.0,31.0,7.0,19.38,83.5,0.0,35.7,36.1
788.452,90,125.0,1785.0,31.0,7.0,19.38,83.5,0.0,35.7,36.1
788.504,90,125.0,1785.0,31.0,7.0,19.38,83.5,0.0,35.7,36.1
788.593,90,125.0,1785.0,31.0,7.0,19.38,83.5,0.0,35.7,36.1
788.684,90,125.0,1785.0,31.0,7.0,19.61,83.5,0.0,35.7,36.1
788.774,90,125.0,1785.0,31.0,7.0,19.61,83.5,0.0,35.7,36.1
788.864,90,125.0,1785.0,31.0,7.0,19.61,83.5,0.0,35.7,36.1
788.954,90,125.0,1785.0,31.0,7.0,19.61,83.5,0.0,35.3,36.1
789.044,90,125.0,1785.0,31.0,7.0,19.61,83.5,0.0,35.3,36.1
789.135,90,125.0,1785.0,31.0,7.0,19.61,83.5,0.0,35.3,36.1
789.224,90,125.0,1785.0,31.0,7.0,19.61,83.5,0.0,35.3,36.1
789.314,90,125.0,1797.0,31.0,7.0,19.61,83.5,0.0,35.3,36.1
789.405,90,125.0,1797.0,31.0,7.0,19.61,83.5,0.0,35.3,36.1
789.494,90,125.0,1797.0,31.0,7.0,19.61,83.5,0.0,35.3,36.1
789.585,90,125.0,1797.0,31.0,7.0,19.83,83.5,0.0,35.3,36.1
789.674,90,125.0,1797.0,31.0,7.0,19.83,83.5,0.0,35.3,36.1
789.767,90,125.0,1797.0,31.0,7.0,19.83,83.5,0.0,35.3,36.1
789.854,90,125.0,1797.0,31.0,7.0,19.83,83.5,0.0,35.3,36.1
789.944,90,125.0,1797.0,31.0,7.0,19.83,83.5,0.0,35.3,35.7
790.035,90,125.0,1797.0,31.0,7.0,19.83,83.5,0.0,35.3,35.7
790.124,90,125.0,1797.0,31.0,7.0,19.83,83.5,0.0,35.3,35.7
790.244,90,125.0,1810.0,31.0,7.0,19.83,83.5,0.0,35.3,35.7
790.334,90,125.0,1810.0,31.0,7.0,19.83,83.5,0.0,35.3,35.7
790.425,90,125.0,1810.0,31.0,8.0,19.83,83.5,0.0,35.3,35.7
790.515,90,125.0,1810.0,31.0,8.0,19.22,83.5,0.0,35.3,35.7
790.605,90,125.0,1810.0,31.0,8.0,19.22,83.5,0.0,35.3,35.7
790.694,90,125.0,1810.0,31.0,8.0,19.22,83.5,0.0,35.3,35.7
790.79,90,125.0,1810.0,31.0,8.0,19.22,83.5,0.0,34.1,35.7
790.903,90,125.0,1810.0,31.0,8.0,19.22,83.5,0.0,34.1,34.9
790.993,90,125.0,1810.0,31.0,8.0,19.22,83.5,0.0,34.1,34.9
791.084,90,122.0,1810.0,31.0,8.0,19.22,83.5,0.0,34.1,34.9
791.174,90,122.0,1803.0,31.0,8.0,19.22,83.5,0.0,34.1,34.9
791.264,90,122.0,1803.0,31.0,8.0,19.22,83.5,0.0,34.1,34.9
791.354,90,122.0,1803.0,31.0,7.0,19.22,83.5,0.0,34.1,34.9
791.445,90,122.0,1803.0,31.0,7.0,19.16,83.5,0.0,34.1,34.9
791.534,90,122.0,1803.0,31.0,7.0,19.16,83.5,0.0,34.1,34.9
791.654,90,122.0,1803.0,31.0,7.0,19.16,83.5,0.0,34.1,34.9
791.745,90,122.0,1803.0,31.0,7.0,19.16,83.5,0.0,34.5,34.9
791.834,90,122.0,1803.0,31.0,7.0,19.16,83.5,0.0,34.5,34.9
791.924,90,122.0,1803.0,31.0,7.0,19.16,83.5,0.0,34.5,34.9
792.014,90,122.0,1803.0,31.0,7.0,19.16,83.5,0.0,34.5,34.9
792.104,90,122.0,1802.0,31.0,7.0,19.16,83.5,0.0,34.5,34.9
792.194,90,122.0,1802.0,31.0,7.0,19.16,83.5,0.0,34.5,34.9
792.284,90,122.0,1802.0,31.0,7.0,19.16,83.5,0.0,34.5,34.9
792.375,90,122.0,1802.0,31.0,7.0,19.05,83.5,0.0,34.5,34.9
792.464,90,122.0,1802.0,31.0,7.0,19.05,83.5,0.0,34.5,34.9
792.554,90,122.0,1802.0,31.0,7.0,19.05,83.5,0.0,34.5,34.9
792.644,90,122.0,1802.0,31.0,7.0,19.05,83.5,0.0,31.4,34.9
792.735,90,122.0,1802.0,31.0,7.0,19.05,83.5,0.0,31.4,28.2
792.824,90,122.0,1802.0,31.0,7.0,19.05,83.5,0.0,31.4,28.2
792.914,90,121.0,1802.0,31.0,7.0,19.05,83.5,0.0,31.4,28.2
793.004,90,121.0,1780.0,31.0,7.0,19.05,83.5,0.0,31.4,28.2
793.094,90,121.0,1780.0,31.0,7.0,19.05,83.5,0.0,31.4,28.2
793.185,90,121.0,1780.0,31.0,7.0,19.05,83.5,0.0,31.4,28.2
793.274,90,121.0,1780.0,31.0,7.0,18.86,83.5,0.0,31.4,28.2
793.365,90,121.0,1780.0,31.0,7.0,18.86,83.5,0.0,31.4,28.2
793.456,90,121.0,1780.0,31.0,7.0,18.86,83.5,0.0,31.4,28.2
793.544,90,121.0,1780.0,31.0,7.0,18.86,83.5,0.0,14.1,28.2
793.664,90,121.0,1780.0,31.0,7.0,18.86,83.5,0.0,14.1,14.5
793.754,90,121.0,1780.0,31.0,7.0,18.86,83.5,0.0,14.1,14.5
793.843,90,120.0,1780.0,31.0,7.0,18.86,83.5,0.0,14.1,14.5
793.964,90,120.0,1768.0,31.0,7.0,18.86,83.5,0.0,14.1,14.5
794.054,90,120.0,1768.0,30.0,7.0,18.86,83.5,0.0,14.1,14.5
794.144,90,120.0,1768.0,30.0,7.0,18.86,83.5,0.0,14.1,14.5
794.233,90,120.0,1768.0,30.0,7.0,18.86,83.5,0.0,14.1,14.5
794.323,90,120.0,1768.0,30.0,7.0,18.86,83.5,0.0,14.1,14.5
794.414,90,120.0,1768.0,30.0,7.0,18.86,83.5,0.0,14.1,14.5
794.504,90,120.0,1768.0,30.0,7.0,18.86,83.5,0.0,14.1,14.5
794.594,90,120.0,1768.0,30.0,7.0,18.86,83.5,0.0,14.1,14.5
794.685,90,120.0,1768.0,30.0,7.0,18.86,83.5,0.0,14.1,14.5
794.775,90,121.0,1768.0,30.0,7.0,18.86,83.5,0.0,14.1,14.5
794.863,90,121.0,1766.0,30.0,7.0,18.86,83.5,0.0,14.1,14.5
794.953,90,121.0,1766.0,30.0,7.0,18.86,83.5,0.0,14.1,14.5
795.044,90,121.0,1766.0,30.0,7.0,18.86,83.5,0.0,14.1,14.5
795.134,90,121.0,1766.0,30.0,7.0,18.63,83.5,0.0,14.1,14.5
795.225,90,121.0,1766.0,30.0,7.0,18.63,83.5,0.0,14.1,14.5
795.314,90,121.0,1766.0,30.0,7.0,18.63,83.5,0.0,14.1,14.5
795.404,90,121.0,1766.0,30.0,7.0,18.63,83.5,0.0,14.1,14.5
795.494,90,121.0,1766.0,30.0,7.0,18.63,83.5,0.0,14.1,14.5
795.556,90,121.0,1766.0,30.0,7.0,18.63,83.5,0.0,14.1,14.5
795.645,90,122.0,1766.0,30.0,7.0,18.63,83.5,0.0,14.1,14.5
795.707,90,122.0,1752.0,30.0,7.0,18.63,83.5,0.0,14.1,14.5
795.794,90,122.0,1752.0,30.0,7.0,18.63,83.5,0.0,14.1,14.5
795.883,90,122.0,1752.0,30.0,7.0,18.63,83.5,0.0,14.1,14.5
795.974,90,122.0,1752.0,30.0,7.0,18.77,83.5,0.0,14.1,14.5
796.064,90,122.0,1752.0,30.0,7.0,18.77,83.5,0.0,14.1,14.5
796.155,90,122.0,1752.0,30.0,7.0,18.77,83.5,0.0,14.1,14.5
796.244,90,122.0,1752.0,30.0,7.0,18.77,83.5,0.0,14.1,14.5
796.334,90,122.0,1752.0,30.0,7.0,18.77,83.5,0.0,14.1,14.5
796.395,90,122.0,1752.0,30.0,7.0,18.77,83.5,0.0,14.1,14.5
796.455,90,122.0,1752.0,30.0,7.0,18.77,83.5,0.0,14.1,14.5
796.546,90,122.0,1755.0,30.0,7.0,18.77,83.5,0.0,14.1,14.5
796.634,90,122.0,1755.0,30.0,7.0,18.77,83.5,0.0,14.1,14.5
796.725,90,122.0,1755.0,30.0,7.0,18.77,83.5,0.0,14.1,14.5
796.815,90,122.0,1755.0,30.0,7.0,18.61,83.5,0.0,14.1,14.5
796.904,90,122.0,1755.0,30.0,7.0,18.61,83.5,0.0,14.1,14.5
797.024,90,122.0,1755.0,30.0,7.0,18.61,83.5,0.0,14.1,14.5
797.114,90,122.0,1755.0,30.0,7.0,18.61,83.5,0.0,14.1,14.5
797.204,90,122.0,1755.0,30.0,7.0,18.61,83.5,0.0,14.1,14.5
797.294,90,122.0,1755.0,30.0,7.0,18.61,83.5,0.0,14.1,14.5
797.355,90,123.0,1755.0,30.0,7.0,18.61,83.5,0.0,14.1,14.5
797.445,90,123.0,1765.0,30.0,7.0,18.61,83.5,0.0,14.1,14.5
797.535,90,123.0,1765.0,30.0,7.0,18.61,83.5,0.0,14.1,14.5
797.595,90,123.0,1765.0,30.0,8.0,18.61,83.5,0.0,14.1,14.5
797.656,90,123.0,1765.0,30.0,8.0,18.58,83.5,0.0,14.1,14.5
797.744,90,123.0,1765.0,30.0,8.0,18.58,83.5,0.0,14.1,14.5
797.833,90,123.0,1765.0,30.0,8.0,18.58,83.5,0.0,14.1,14.5
797.925,90,123.0,1765.0,30.0,8.0,18.58,83.5,0.0,14.1,14.5
798.014,90,123.0,1765.0,30.0,8.0,18.58,83.5,0.0,14.1,14.5
798.104,90,123.0,1765.0,30.0,8.0,18.58,83.5,0.0,14.1,14.5
798.194,90,123.0,1765.0,30.0,8.0,18.58,83.5,0.0,14.1,14.5
798.284,90,123.0,1759.0,30.0,8.0,18.58,83.5,0.0,14.1,14.5
798.346,90,123.0,1759.0,30.0,8.0,18.58,83.5,0.0,14.1,14.5
798.406,90,123.0,1759.0,30.0,8.0,18.58,83.5,0.0,14.1,14.5
798.494,90,123.0,1759.0,30.0,8.0,18.74,83.5,0.0,14.1,14.5
798.556,90,123.0,1759.0,30.0,8.0,18.74,83.5,0.0,14.1,14.5
798.644,90,123.0,1759.0,30.0,8.0,18.74,83.5,0.0,14.1,14.5
798.705,90,123.0,1759.0,30.0,8.0,18.74,83.5,0.0,14.1,14.5
798.796,90,123.0,1759.0,30.0,8.0,18.74,83.5,0.0,14.1,14.5
798.855,90,123.0,1759.0,30.0,8.0,18.74,83.5,0.0,14.1,14.5
798.944,90,123.0,1759.0,30.0,8.0,18.74,83.5,0.0,14.1,14.5
799.034,90,123.0,1764.0,30.0,8.0,18.74,83.5,0.0,14.1,14.5
799.124,90,123.0,1764.0,30.0,8.0,18.74,83.5,0.0,14.1,14.5
799.214,90,123.0,1764.0,30.0,8.0,18.74,83.5,0.0,14.1,14.5
799.305,90,123.0,1764.0,30.0,8.0,18.44,83.5,0.0,14.1,14.5
799.394,90,123.0,1764.0,30.0,8.0,18.44,83.5,0.0,14.1,14.5
799.484,90,123.0,1764.0,30.0,8.0,18.44,83.5,0.0,14.1,14.5
799.546,90,123.0,1764.0,30.0,8.0,18.44,83.5,0.0,14.1,14.5
799.605,90,123.0,1764.0,30.0,8.0,18.44,83.5,0.0,14.1,14.5
799.694,90,123.0,1764.0,30.0,8.0,18.44,83.5,0.0,14.1,14.5
799.785,90,123.0,1764.0,30.0,8.0,18.44,83.5,0.0,14.1,14.5
799.874,90,123.0,1764.0,30.0,8.0,18.44,83.5,0.0,14.1,14.5
799.964,90,123.0,1764.0,30.0,8.0,18.44,83.5,0.0,14.1,14.5
800.055,90,123.0,1764.0,30.0,8.0,18.44,83.5,0.0,14.1,14.5
800.144,90,123.0,1764.0,30.0,8.0,18.88,83.5,0.0,14.1,14.5
800.234,90,123.0,1764.0,30.0,8.0,18.88,83.5,0.0,14.1,14.5
800.324,90,123.0,1764.0,30.0,8.0,18.88,83.5,0.0,14.1,14.5
800.414,90,123.0,1764.0,30.0,8.0,18.88,83.5,0.0,14.1,14.5
800.504,90,123.0,1764.0,30.0,8.0,18.88,83.5,0.0,14.1,14.5
800.594,90,123.0,1764.0,30.0,8.0,18.88,83.5,0.0,14.1,14.5
800.658,90,124.0,1764.0,30.0,8.0,18.88,83.5,0.0,14.1,14.5
800.745,90,124.0,1770.0,30.0,8.0,18.88,83.5,0.0,14.1,14.5
800.804,90,124.0,1770.0,30.0,8.0,18.88,83.5,0.0,14.1,14.5
800.893,90,124.0,1770.0,30.0,8.0,18.88,83.5,0.0,14.1,14.5
800.955,90,124.0,1770.0,30.0,8.0,19.13,83.5,0.0,14.1,14.5
801.044,90,124.0,1770.0,30.0,8.0,19.13,83.5,0.0,14.1,14.5
801.106,90,124.0,1770.0,30.0,8.0,19.13,83.5,0.0,14.1,14.5
801.195,90,124.0,1770.0,30.0,8.0,19.13,83.5,0.0,14.1,14.5
801.255,90,124.0,1770.0,30.0,8.0,19.13,83.5,0.0,14.1,14.5
801.344,90,124.0,1770.0,30.0,8.0,19.13,83.5,0.0,14.1,14.5
801.434,90,124.0,1770.0,30.0,8.0,19.13,83.5,0.0,14.1,14.5
801.495,90,124.0,1773.0,30.0,8.0,19.13,83.5,0.0,14.1,14.5
801.557,90,124.0,1773.0,30.0,8.0,19.13,83.5,0.0,14.1,14.5
801.645,90,124.0,1773.0,30.0,8.0,19.13,83.5,0.0,14.1,14.5
801.706,90,124.0,1773.0,30.0,8.0,19.13,83.5,0.0,14.1,14.5
801.794,90,124.0,1773.0,30.0,8.0,19.13,83.5,0.0,14.1,14.5
801.915,90,124.0,1773.0,30.0,8.0,19.13,83.5,0.0,14.1,14.5
802.004,90,124.0,1773.0,30.0,8.0,19.13,83.5,0.0,14.1,14.5
802.095,90,124.0,1773.0,30.0,8.0,19.13,83.5,0.0,14.1,14.5
802.184,90,124.0,1773.0,30.0,8.0,19.13,83.5,0.0,14.1,14.5
802.275,90,124.0,1773.0,30.0,8.0,19.13,83.5,0.0,14.1,14.5
802.364,90,124.0,1779.0,30.0,8.0,19.13,83.5,0.0,14.1,14.5
802.454,90,124.0,1779.0,30.0,8.0,19.13,83.5,0.0,14.1,14.5
802.545,90,124.0,1779.0,30.0,8.0,19.13,83.5,0.0,14.1,14.5
802.606,90,124.0,1779.0,30.0,8.0,19.41,83.5,0.0,14.1,14.5
802.694,90,124.0,1779.0,30.0,8.0,19.41,83.5,0.0,14.1,14.5
802.76,90,124.0,1779.0,30.0,8.0,19.41,83.5,0.0,14.1,14.5
802.844,90,124.0,1779.0,30.0,8.0,19.41,83.5,0.0,14.1,14.5
802.904,90,124.0,1779.0,30.0,8.0,19.41,83.5,0.0,14.1,14.5
802.995,90,124.0,1779.0,30.0,8.0,19.41,83.5,0.0,14.1,14.5
803.057,90,124.0,1779.0,30.0,8.0,19.41,83.5,0.0,14.1,14.5
803.144,90,124.0,1786.0,30.0,8.0,19.41,83.5,0.0,14.1,14.5
803.206,90,124.0,1786.0,31.0,8.0,19.41,83.5,0.0,14.1,14.5
803.324,90,124.0,1786.0,31.0,8.0,19.41,83.5,0.0,14.1,14.5
803.414,90,124.0,1786.0,31.0,8.0,19.38,83.5,0.0,14.1,14.5
803.504,90,124.0,1786.0,31.0,8.0,19.38,83.5,0.0,14.1,14.5
803.594,90,124.0,1786.0,31.0,8.0,19.38,83.5,0.0,14.1,14.5
803.655,90,124.0,1786.0,31.0,8.0,19.38,83.5,0.0,14.1,14.5
803.745,90,124.0,1786.0,31.0,8.0,19.38,83.5,0.0,14.1,14.5
803.804,90,124.0,1786.0,31.0,8.0,19.38,83.5,0.0,14.1,14.5
803.894,90,124.0,1786.0,31.0,8.0,19.38,83.5,0.0,14.1,14.5
803.955,90,124.0,1790.0,31.0,8.0,19.38,83.5,0.0,14.1,14.5
804.044,90,124.0,1790.0,31.0,8.0,19.38,83.5,0.0,14.1,14.5
804.104,90,124.0,1790.0,31.0,8.0,19.38,83.5,0.0,14.1,14.5
804.194,90,124.0,1790.0,31.0,8.0,19.11,83.5,0.0,14.1,14.5
804.254,90,124.0,1790.0,31.0,8.0,19.11,83.5,0.0,14.1,14.5
804.343,90,124.0,1790.0,31.0,8.0,19.11,83.5,0.0,14.1,14.5
804.404,90,124.0,1790.0,31.0,8.0,19.11,83.5,0.0,14.1,14.5
804.493,90,124.0,1790.0,31.0,8.0,19.11,83.5,0.0,14.1,14.5
804.554,90,124.0,1790.0,31.0,8.0,19.11,83.5,0.0,14.1,14.5
804.643,90,123.0,1790.0,31.0,8.0,19.11,83.5,0.0,14.1,14.5
804.705,90,123.0,1796.0,31.0,8.0,19.11,83.5,0.0,14.1,14.5
804.794,90,123.0,1796.0,31.0,8.0,19.11,83.5,0.0,14.1,14.5
804.914,90,123.0,1796.0,31.0,8.0,19.11,83.5,0.0,14.1,14.5
805.004,90,123.0,1796.0,31.0,8.0,19.55,83.5,0.0,14.1,14.5
805.094,90,123.0,1796.0,31.0,8.0,19.55,83.5,0.0,14.1,14.5
805.155,90,123.0,1796.0,31.0,8.0,19.55,83.5,0.0,14.1,14.5
805.244,90,123.0,1796.0,31.0,8.0,19.55,83.5,0.0,14.1,14.5
805.305,90,123.0,1796.0,31.0,8.0,19.55,83.5,0.0,14.1,14.5
805.394,90,123.0,1796.0,31.0,8.0,19.55,83.5,0.0,14.1,14.5
805.456,90,123.0,1796.0,31.0,8.0,19.55,83.5,0.0,14.1,14.5
805.544,90,123.0,1792.0,31.0,8.0,19.55,83.5,0.0,14.1,14.5
805.606,90,123.0,1792.0,31.0,8.0,19.55,83.5,0.0,14.1,14.5
805.694,90,123.0,1792.0,31.0,8.0,19.55,83.5,0.0,14.1,14.5
805.758,90,123.0,1792.0,31.0,8.0,19.52,83.5,0.0,14.1,14.5
805.843,90,123.0,1792.0,31.0,8.0,19.52,83.5,0.0,14.1,14.5
805.904,90,123.0,1792.0,31.0,8.0,19.52,83.5,0.0,14.1,14.5
805.994,90,123.0,1792.0,31.0,8.0,19.52,83.5,0.0,14.1,14.5
806.054,90,123.0,1792.0,31.0,8.0,19.52,83.5,0.0,14.1,14.5
806.144,90,123.0,1792.0,31.0,8.0,19.52,83.5,0.0,14.1,14.5
806.205,90,123.0,1792.0,31.0,8.0,19.52,83.5,0.0,14.1,14.5
806.294,90,123.0,1791.0,31.0,8.0,19.52,83.5,0.0,14.1,14.5
806.357,90,123.0,1791.0,31.0,8.0,19.52,83.5,0.0,14.1,14.5
806.444,90,123.0,1791.0,31.0,8.0,19.52,83.5,0.0,14.1,14.5
806.506,90,123.0,1791.0,31.0,8.0,19.44,83.5,0.0,14.1,14.5
806.594,90,123.0,1791.0,31.0,8.0,19.44,83.5,0.0,14.1,14.5
806.657,90,123.0,1791.0,31.0,8.0,19.44,83.5,0.0,14.1,14.5
806.744,90,123.0,1791.0,31.0,8.0,19.44,83.5,0.0,14.1,14.5
806.805,90,123.0,1791.0,31.0,8.0,19.44,83.5,0.0,14.1,14.5
806.894,90,123.0,1791.0,31.0,8.0,19.44,83.5,0.0,14.1,14.5
806.955,90,122.0,1791.0,31.0,8.0,19.44,83.5,0.0,14.1,14.5
807.044,90,122.0,1793.0,31.0,8.0,19.44,83.5,0.0,14.1,14.5
807.134,90,122.0,1793.0,31.0,8.0,19.44,83.5,0.0,14.1,14.5
807.224,90,122.0,1793.0,31.0,8.0,19.44,83.5,0.0,14.1,14.5
807.314,90,122.0,1793.0,31.0,8.0,19.33,83.5,0.0,14.1,14.5
807.404,90,122.0,1793.0,31.0,8.0,19.33,83.5,0.0,14.1,14.5
807.494,90,122.0,1793.0,31.0,8.0,19.33,83.5,0.0,14.1,14.5
807.585,90,122.0,1793.0,31.0,8.0,19.33,83.5,0.0,14.1,14.5
807.674,90,122.0,1793.0,31.0,8.0,19.33,83.5,0.0,14.1,14.5
807.764,90,122.0,1793.0,31.0,8.0,19.33,83.5,0.0,14.1,14.5
807.853,90,121.0,1793.0,31.0,8.0,19.33,83.5,0.0,14.1,14.5
807.944,90,121.0,1786.0,31.0,8.0,19.33,83.5,0.0,14.1,14.5
808.034,90,121.0,1786.0,31.0,8.0,19.33,83.5,0.0,14.1,14.5
808.124,90,121.0,1786.0,31.0,8.0,19.33,83.5,0.0,14.1,14.5
808.214,90,121.0,1786.0,31.0,8.0,19.11,83.5,0.0,14.1,14.5
808.333,90,121.0,1786.0,31.0,8.0,19.11,83.5,0.0,14.1,14.5
808.424,90,121.0,1786.0,31.0,8.0,19.11,83.5,0.0,14.1,14.5
808.514,90,121.0,1786.0,31.0,8.0,19.11,83.5,0.0,14.1,14.5
808.604,90,121.0,1786.0,31.0,8.0,19.11,83.5,0.0,14.1,14.5
808.694,90,121.0,1786.0,31.0,8.0,19.11,83.5,0.0,14.1,14.5
808.784,90,121.0,1786.0,31.0,8.0,19.11,83.5,0.0,14.1,14.5
808.874,90,121.0,1791.0,31.0,8.0,19.11,83.5,0.0,14.1,14.5
808.964,90,121.0,1791.0,31.0,8.0,19.11,83.5,0.0,14.1,14.5
809.054,90,121.0,1791.0,31.0,8.0,19.11,83.5,0.0,14.1,14.5
809.144,90,121.0,1791.0,31.0,8.0,19.47,83.5,0.0,14.1,14.5
809.234,90,121.0,1791.0,31.0,8.0,19.47,83.5,0.0,14.1,14.5
809.324,90,121.0,1791.0,31.0,8.0,19.47,83.5,0.0,14.1,14.5
809.414,90,121.0,1791.0,31.0,8.0,19.47,83.5,0.0,14.1,14.5
809.504,90,121.0,1791.0,31.0,8.0,19.47,83.5,0.0,14.1,14.5
809.594,90,121.0,1791.0,31.0,8.0,19.47,83.5,0.0,14.1,14.5
809.684,90,120.0,1791.0,31.0,8.0,19.47,83.5,0.0,14.1,14.5
809.745,90,120.0,1797.0,31.0,8.0,19.47,83.5,0.0,14.1,14.5
809.834,90,120.0,1797.0,31.0,8.0,19.47,83.5,0.0,14.1,14.5
809.894,90,120.0,1797.0,31.0,8.0,19.47,83.5,0.0,14.1,14.5
809.984,90,120.0,1797.0,31.0,8.0,19.24,83.5,0.0,14.1,14.5
810.074,90,120.0,1797.0,31.0,8.0,19.24,83.5,0.0,14.1,14.5
810.164,90,120.0,1797.0,31.0,8.0,19.24,83.5,0.0,14.1,14.5
810.254,90,120.0,1797.0,31.0,8.0,19.24,83.5,0.0,14.1,14.5
810.344,90,120.0,1797.0,31.0,8.0,19.24,83.5,0.0,14.1,14.5
810.435,90,120.0,1797.0,31.0,8.0,19.24,83.5,0.0,14.1,14.5
810.524,90,120.0,1797.0,31.0,8.0,19.24,83.5,0.0,14.1,14.5
810.614,90,120.0,1789.0,31.0,8.0,19.24,83.5,0.0,14.1,14.5
810.704,90,120.0,1789.0,31.0,8.0,19.24,83.5,0.0,14.1,14.5
810.795,90,120.0,1789.0,31.0,8.0,19.24,83.5,0.0,14.1,14.5
810.884,90,120.0,1789.0,31.0,8.0,19.19,83.5,0.0,14.1,14.5
810.944,90,120.0,1789.0,31.0,8.0,19.19,83.5,0.0,14.1,14.5
811.034,90,120.0,1789.0,31.0,8.0,19.19,83.5,0.0,14.1,14.5
811.097,90,120.0,1789.0,31.0,8.0,19.19,83.5,0.0,14.1,14.5
811.184,90,120.0,1789.0,31.0,8.0,19.19,83.5,0.0,14.1,14.5
811.275,90,120.0,1789.0,31.0,8.0,19.19,83.5,0.0,14.1,14.5
811.365,90,119.0,1789.0,31.0,8.0,19.19,83.5,0.0,14.1,14.5
811.455,90,119.0,1793.0,31.0,8.0,19.19,83.5,0.0,14.1,14.5
811.544,90,119.0,1793.0,31.0,8.0,19.19,83.5,0.0,14.1,14.5
811.664,90,119.0,1793.0,31.0,8.0,19.19,83.5,0.0,14.1,14.5
811.757,90,119.0,1793.0,31.0,8.0,19.52,83.5,0.0,14.1,14.5
811.843,90,119.0,1793.0,31.0,8.0,19.52,83.5,0.0,14.1,14.5
811.933,90,119.0,1793.0,31.0,8.0,19.52,83.5,0.0,14.1,14.5
812.024,90,119.0,1793.0,31.0,8.0,19.52,83.5,0.0,14.1,14.5
812.115,90,119.0,1793.0,31.0,8.0,19.52,83.5,0.0,14.1,14.5
812.204,90,119.0,1793.0,31.0,8.0,19.52,83.5,0.0,14.1,14.5
812.295,90,119.0,1793.0,31.0,8.0,19.52,83.5,0.0,14.1,14.5
812.384,90,119.0,1791.0,31.0,8.0,19.52,83.5,0.0,14.1,14.5
812.476,90,119.0,1791.0,31.0,8.0,19.52,83.5,0.0,14.1,14.5
812.566,90,119.0,1791.0,31.0,8.0,19.52,83.5,0.0,14.1,14.5
812.655,90,119.0,1791.0,31.0,8.0,19.13,83.5,0.0,14.1,14.5
812.745,90,119.0,1791.0,31.0,8.0,19.13,83.5,0.0,14.1,14.5
812.833,90,119.0,1791.0,31.0,8.0,19.13,83.5,0.0,14.1,14.5
812.894,90,119.0,1791.0,31.0,8.0,19.13,83.5,0.0,14.1,14.5
812.984,90,119.0,1791.0,31.0,8.0,19.13,83.5,0.0,14.1,14.5
813.045,90,119.0,1791.0,31.0,8.0,19.13,83.5,0.0,14.1,14.5
813.134,90,119.0,1791.0,31.0,8.0,19.13,83.5,0.0,14.1,14.5
813.226,90,119.0,1800.0,31.0,8.0,19.13,83.5,0.0,14.1,14.5
813.315,90,119.0,1800.0,31.0,8.0,19.13,83.5,0.0,14.1,14.5
813.404,90,119.0,1800.0,31.0,8.0,19.13,83.5,0.0,14.1,14.5
813.495,90,119.0,1800.0,31.0,8.0,19.58,83.5,0.0,14.1,14.5
813.584,90,119.0,1800.0,31.0,8.0,19.58,83.5,0.0,14.1,14.5
813.675,90,119.0,1800.0,31.0,8.0,19.58,83.5,0.0,14.1,14.5
813.737,90,119.0,1800.0,31.0,8.0,19.58,83.5,0.0,14.1,14.5
813.795,90,119.0,1800.0,31.0,8.0,19.58,83.5,0.0,14.1,14.5
813.884,90,119.0,1800.0,31.0,8.0,19.58,83.5,0.0,14.1,14.5
813.974,90,119.0,1800.0,31.0,8.0,19.58,83.5,0.0,14.1,14.5
814.064,90,119.0,1804.0,31.0,8.0,19.58,83.5,0.0,14.1,14.5
814.157,90,119.0,1804.0,31.0,8.0,19.58,83.5,0.0,14.1,14.5
814.243,90,119.0,1804.0,31.0,8.0,19.58,83.5,0.0,14.1,14.5
814.334,90,119.0,1804.0,31.0,8.0,19.3,83.5,0.0,14.1,14.5
814.424,90,119.0,1804.0,31.0,8.0,19.3,83.5,0.0,14.1,14.5
814.514,90,119.0,1804.0,31.0,8.0,19.3,83.5,0.0,14.1,14.5
814.608,90,119.0,1804.0,31.0,8.0,19.3,83.5,0.0,14.1,14.5
814.696,90,119.0,1804.0,31.0,8.0,19.3,83.5,0.0,14.1,14.5
814.784,90,119.0,1804.0,31.0,8.0,19.3,83.5,0.0,14.1,14.5
814.844,90,118.0,1804.0,31.0,8.0,19.3,83.5,0.0,14.1,14.5
814.934,90,118.0,1811.0,31.0,8.0,19.3,83.5,0.0,14.1,14.5
814.995,90,118.0,1811.0,31.0,8.0,19.3,83.5,0.0,14.1,14.5
815.085,90,118.0,1811.0,31.0,8.0,19.3,83.5,0.0,14.1,14.5
815.175,90,118.0,1811.0,31.0,8.0,19.44,83.5,0.0,14.1,14.5
815.264,90,118.0,1811.0,31.0,8.0,19.44,83.5,0.0,14.1,14.5
815.355,90,118.0,1811.0,31.0,8.0,19.44,83.5,0.0,14.1,14.5
815.444,90,118.0,1811.0,31.0,8.0,19.44,83.5,0.0,14.1,14.5
815.535,90,118.0,1811.0,31.0,8.0,19.44,83.5,0.0,14.1,14.5
815.624,90,118.0,1811.0,31.0,8.0,19.44,83.5,0.0,14.1,14.5
815.686,90,118.0,1811.0,31.0,8.0,19.44,83.5,0.0,14.1,14.5
815.746,90,118.0,1830.0,31.0,8.0,19.44,83.5,0.0,14.1,14.5
815.834,90,118.0,1830.0,31.0,8.0,19.44,83.5,0.0,14.1,14.5
815.895,90,118.0,1830.0,31.0,8.0,19.44,83.5,0.0,14.1,14.5
815.984,90,118.0,1830.0,31.0,8.0,19.49,83.5,0.0,14.1,14.5
816.046,90,118.0,1830.0,31.0,8.0,19.49,83.5,0.0,14.1,14.5
816.135,90,118.0,1830.0,31.0,8.0,19.49,83.5,0.0,14.1,14.5
816.197,90,118.0,1830.0,31.0,8.0,19.49,83.5,0.0,14.1,14.5
816.284,90,118.0,1830.0,31.0,8.0,19.49,83.5,0.0,14.1,14.5
816.374,90,118.0,1830.0,31.0,8.0,19.49,83.5,0.0,14.1,14.5
816.465,90,118.0,1830.0,31.0,8.0,19.49,83.5,0.0,14.1,14.5
816.555,90,118.0,1825.0,31.0,8.0,19.49,83.5,0.0,14.1,14.5
816.644,90,118.0,1825.0,31.0,8.0,19.49,83.5,0.0,14.1,14.5
816.735,90,118.0,1825.0,31.0,8.0,19.49,83.5,0.0,14.1,14.5
816.795,90,118.0,1825.0,31.0,8.0,18.66,83.5,0.0,14.1,14.5
816.883,90,118.0,1825.0,31.0,8.0,18.66,83.5,0.0,14.1,14.5
816.944,90,118.0,1825.0,31.0,8.0,18.66,83.5,0.0,14.1,14.5
817.035,90,118.0,1825.0,31.0,8.0,18.66,83.5,0.0,14.1,14.5
817.097,90,118.0,1825.0,31.0,8.0,18.66,83.5,0.0,14.1,14.5
817.184,90,118.0,1825.0,31.0,8.0,18.66,83.5,0.0,14.1,14.5
817.245,90,114.0,1825.0,31.0,8.0,18.66,83.5,0.0,14.1,14.5
817.335,90,114.0,1345.0,31.0,8.0,18.66,83.5,0.0,14.1,14.5
817.398,90,114.0,1345.0,30.0,8.0,18.66,83.5,0.0,14.1,14.5
817.485,90,114.0,1345.0,30.0,8.0,18.66,83.5,0.0,14.1,14.5
817.576,90,114.0,1345.0,30.0,8.0,9.27,83.5,0.0,14.1,14.5
817.638,90,114.0,1345.0,30.0,8.0,9.27,83.5,0.0,14.1,14.5
817.697,90,114.0,1345.0,30.0,8.0,9.27,83.5,0.0,14.1,14.5
817.785,90,114.0,1345.0,30.0,8.0,9.27,83.5,0.0,14.1,14.5
817.844,90,114.0,1345.0,30.0,8.0,9.27,83.5,0.0,14.1,14.5
817.934,90,114.0,1345.0,30.0,8.0,9.27,83.5,0.0,14.1,14.5
818.024,90,111.0,1345.0,30.0,8.0,9.27,83.5,0.0,14.1,14.5
818.086,90,111.0,884.0,30.0,8.0,9.27,83.5,0.0,14.1,14.5
818.145,90,111.0,884.0,27.0,8.0,9.27,83.5,0.0,14.1,14.5
818.235,90,111.0,884.0,27.0,7.0,9.27,83.5,0.0,14.1,14.5
818.297,90,111.0,884.0,27.0,7.0,13.72,83.5,0.0,14.1,14.5
818.384,90,111.0,884.0,27.0,7.0,13.72,83.5,0.0,14.1,14.5
818.446,90,111.0,884.0,27.0,7.0,13.72,83.5,0.0,14.1,14.5
818.535,90,111.0,884.0,27.0,7.0,13.72,83.5,0.0,14.1,14.5
818.598,90,111.0,884.0,27.0,7.0,13.72,83.5,0.0,14.1,14.5
818.683,90,111.0,884.0,27.0,7.0,13.72,83.5,0.0,14.1,14.5
818.773,90,107.0,884.0,27.0,7.0,13.72,83.5,0.0,14.1,14.5
818.834,90,107.0,889.0,27.0,7.0,13.72,83.5,0.0,14.1,14.5
818.894,90,107.0,889.0,22.0,7.0,13.72,83.5,0.0,14.1,14.5
818.983,90,107.0,889.0,22.0,6.0,13.72,83.5,0.0,14.1,14.5
819.045,90,107.0,889.0,22.0,6.0,8.3,83.5,0.0,14.1,14.5
819.134,90,107.0,889.0,22.0,6.0,8.3,83.5,0.0,14.1,14.5
819.197,90,107.0,889.0,22.0,6.0,8.3,83.5,0.0,14.1,14.5
819.285,90,107.0,889.0,22.0,6.0,8.3,83.5,0.0,14.1,14.5
819.346,90,107.0,889.0,22.0,6.0,8.3,83.5,0.0,14.1,14.5
819.435,90,107.0,889.0,22.0,6.0,8.3,83.5,0.0,14.1,14.5
819.497,90,104.0,889.0,22.0,6.0,8.3,83.5,0.0,14.1,14.5
819.584,90,104.0,892.0,22.0,6.0,8.3,83.5,0.0,14.1,14.5
819.646,90,104.0,892.0,17.0,6.0,8.3,83.5,0.0,14.1,14.5
819.735,90,104.0,892.0,17.0,5.0,8.3,83.5,0.0,14.1,14.5
819.853,90,104.0,892.0,17.0,5.0,8.52,83.5,0.0,14.1,14.5
819.943,90,104.0,892.0,17.0,5.0,8.52,83.5,0.0,14.1,14.5
820.034,90,104.0,892.0,17.0,5.0,8.52,83.5,0.0,14.1,14.5
820.095,90,104.0,892.0,17.0,5.0,8.52,83.5,0.0,14.1,14.5
820.184,90,104.0,892.0,17.0,5.0,8.52,83.5,0.0,14.1,14.5
820.244,90,104.0,892.0,17.0,5.0,8.52,83.5,0.0,14.1,14.5
820.394,90,103.0,892.0,17.0,5.0,8.52,83.5,0.0,14.1,14.5
820.484,90,103.0,894.0,17.0,5.0,8.52,83.5,0.0,14.1,14.5
820.545,90,103.0,894.0,11.0,5.0,8.52,83.5,0.0,14.1,14.5
820.635,90,103.0,894.0,11.0,3.0,8.52,83.5,0.0,14.1,14.5
820.696,90,103.0,894.0,11.0,3.0,8.41,83.5,0.0,14.1,14.5
820.784,90,103.0,894.0,11.0,3.0,8.41,83.5,0.0,14.1,14.5
820.844,90,103.0,894.0,11.0,3.0,8.41,83.5,0.0,14.1,14.5
820.935,90,103.0,894.0,11.0,3.0,8.41,83.5,0.0,14.1,14.5
820.995,90,103.0,894.0,11.0,3.0,8.41,83.5,0.0,14.1,14.5
821.084,90,103.0,894.0,11.0,3.0,8.41,83.5,0.0,14.1,14.5
821.145,90,103.0,894.0,11.0,3.0,8.41,83.5,0.0,14.1,14.5
821.235,90,103.0,898.0,11.0,3.0,8.41,83.5,0.0,14.1,14.5
821.296,90,103.0,898.0,8.0,3.0,8.41,83.5,0.0,14.1,14.5
821.384,90,103.0,898.0,8.0,3.0,8.41,83.5,0.0,14.1,14.5
821.446,90,103.0,898.0,8.0,3.0,8.16,83.5,0.0,14.1,14.5
821.535,90,103.0,898.0,8.0,3.0,8.16,83.5,0.0,14.1,14.5
821.596,90,103.0,898.0,8.0,3.0,8.16,83.5,0.0,14.1,14.5
821.715,90,103.0,898.0,8.0,3.0,8.16,83.5,0.0,16.5,14.5
821.803,90,103.0,898.0,8.0,3.0,8.16,83.5,0.0,16.5,16.5
821.894,90,103.0,898.0,8.0,3.0,8.16,83.5,0.0,16.5,16.5
821.984,90,103.0,898.0,8.0,3.0,8.16,83.5,0.0,16.5,16.5
822.045,90,103.0,893.0,8.0,3.0,8.16,83.5,0.0,16.5,16.5
822.135,90,103.0,893.0,7.0,3.0,8.16,83.5,0.0,16.5,16.5
822.197,90,103.0,893.0,7.0,3.0,8.16,83.5,0.0,16.5,16.5
822.284,90,103.0,893.0,7.0,3.0,7.94,83.5,0.0,16.5,16.5
822.346,90,103.0,893.0,7.0,3.0,7.94,83.5,0.0,16.5,16.5
822.434,90,103.0,893.0,7.0,3.0,7.94,83.5,0.0,16.5,16.5
822.496,90,103.0,893.0,7.0,3.0,7.94,83.5,0.0,18.4,16.5
822.584,90,103.0,893.0,7.0,3.0,7.94,83.5,0.0,18.4,18.0
822.646,90,103.0,893.0,7.0,3.0,7.94,83.5,0.0,18.4,18.0
822.735,90,103.0,893.0,7.0,3.0,7.94,83.5,0.0,18.4,18.0
822.797,90,103.0,854.0,7.0,3.0,7.94,83.5,0.0,18.4,18.0
822.884,90,103.0,854.0,7.0,3.0,7.94,83.5,0.0,18.4,18.0
822.944,90,103.0,854.0,7.0,3.0,7.94,83.5,0.0,18.4,18.0
823.034,90,103.0,854.0,7.0,3.0,8.49,83.5,0.0,18.4,18.0
823.095,90,103.0,854.0,7.0,3.0,8.49,83.5,0.0,18.4,18.0
823.183,90,103.0,854.0,7.0,3.0,8.49,83.5,0.0,18.4,18.0
823.245,90,103.0,854.0,7.0,3.0,8.49,83.5,0.0,18.4,18.0
823.334,90,103.0,854.0,7.0,3.0,8.49,83.5,0.0,18.4,18.0
823.397,90,103.0,854.0,7.0,3.0,8.49,83.5,0.0,18.4,18.0
823.484,90,103.0,854.0,7.0,3.0,8.49,83.5,0.0,18.4,18.0
823.546,90,103.0,896.0,7.0,3.0,8.49,83.5,0.0,18.4,18.0
823.635,90,103.0,896.0,8.0,3.0,8.49,83.5,0.0,18.4,18.0
823.698,90,103.0,896.0,8.0,4.0,8.49,83.5,0.0,18.4,18.0
823.783,90,103.0,896.0,8.0,4.0,8.38,83.5,0.0,18.4,18.0
823.844,90,103.0,896.0,8.0,4.0,8.38,83.5,0.0,18.4,18.0
823.935,90,103.0,896.0,8.0,4.0,8.38,83.5,0.0,18.4,18.0
823.995,90,103.0,896.0,8.0,4.0,8.38,83.5,0.0,18.8,18.0
824.084,90,103.0,896.0,8.0,4.0,8.38,83.5,0.0,18.8,18.4
824.146,90,103.0,896.0,8.0,4.0,8.38,83.5,0.0,18.8,18.4
824.233,90,103.0,896.0,8.0,4.0,8.38,83.5,0.0,18.8,18.4
824.295,90,103.0,922.0,8.0,4.0,8.38,83.5,0.0,18.8,18.4
824.384,90,103.0,922.0,8.0,4.0,8.38,83.5,0.0,18.8,18.4
824.444,90,103.0,922.0,8.0,4.0,8.38,83.5,0.0,18.8,18.4
824.534,90,103.0,922.0,8.0,4.0,9.13,83.5,0.0,18.8,18.4
824.595,90,103.0,922.0,8.0,4.0,9.13,83.5,0.0,18.8,18.4
824.684,90,103.0,922.0,8.0,4.0,9.13,83.5,0.0,18.8,18.4
824.745,90,103.0,922.0,8.0,4.0,9.13,83.5,0.0,18.4,18.4
824.833,90,103.0,922.0,8.0,4.0,9.13,83.5,0.0,18.4,18.8
824.895,90,103.0,922.0,8.0,4.0,9.13,83.5,0.0,18.4,18.8
824.984,90,103.0,922.0,8.0,4.0,9.13,83.5,0.0,18.4,18.8
825.047,90,103.0,1007.0,8.0,4.0,9.13,83.5,0.0,18.4,18.8
825.137,90,103.0,1007.0,7.0,4.0,9.13,83.5,0.0,18.4,18.8
825.197,90,103.0,1007.0,7.0,5.0,9.13,83.5,0.0,18.4,18.8
825.284,90,103.0,1007.0,7.0,5.0,9.11,83.5,0.0,18.4,18.8
825.346,90,103.0,1007.0,7.0,5.0,9.11,83.5,0.0,18.4,18.8
825.435,90,103.0,1007.0,7.0,5.0,9.11,83.5,0.0,18.4,18.8
825.496,90,103.0,1007.0,7.0,5.0,9.11,83.5,0.0,20.0,18.8
825.584,90,103.0,1007.0,7.0,5.0,9.11,83.5,0.0,20.0,20.0
825.647,90,103.0,1007.0,7.0,5.0,9.11,83.5,0.0,20.0,20.0
825.734,90,104.0,1007.0,7.0,5.0,9.11,83.5,0.0,20.0,20.0
825.795,90,104.0,965.0,7.0,5.0,9.11,83.5,0.0,20.0,20.0
825.883,90,104.0,965.0,7.0,5.0,9.11,83.5,0.0,20.0,20.0
825.944,90,104.0,965.0,7.0,5.0,9.11,83.5,0.0,20.0,20.0
826.035,90,104.0,965.0,7.0,5.0,8.63,83.5,0.0,20.0,20.0
826.095,90,104.0,965.0,7.0,5.0,8.63,83.5,0.0,20.0,20.0
826.184,90,104.0,965.0,7.0,5.0,8.63,83.5,0.0,20.0,20.0
826.246,90,104.0,965.0,7.0,5.0,8.63,83.5,0.0,20.8,20.0
826.334,90,104.0,965.0,7.0,5.0,8.63,83.5,0.0,20.8,20.8
826.394,90,104.0,965.0,7.0,5.0,8.63,83.5,0.0,20.8,20.8
826.484,90,104.0,965.0,7.0,5.0,8.63,83.5,0.0,20.8,20.8
826.546,90,104.0,976.0,7.0,5.0,8.63,83.5,0.0,20.8,20.8
826.664,90,104.0,976.0,8.0,5.0,8.63,83.5,0.0,20.8,20.8
826.756,90,104.0,976.0,8.0,5.0,8.63,83.5,0.0,20.8,20.8
826.843,90,104.0,976.0,8.0,5.0,9.69,83.5,0.0,20.8,20.8
826.935,90,104.0,976.0,8.0,5.0,9.69,83.5,0.0,20.8,20.8
826.996,90,104.0,976.0,8.0,5.0,9.69,83.5,0.0,20.8,20.8
827.084,90,104.0,976.0,8.0,5.0,9.69,83.5,0.0,26.3,20.8
827.146,90,104.0,976.0,8.0,5.0,9.69,83.5,0.0,26.3,27.1
827.235,90,104.0,976.0,8.0,5.0,9.69,83.5,0.0,26.3,27.1
827.297,90,103.0,976.0,8.0,5.0,9.69,83.5,0.0,26.3,27.1
827.384,90,103.0,1281.0,8.0,5.0,9.69,83.5,0.0,26.3,27.1
827.446,90,103.0,1281.0,11.0,5.0,9.69,83.5,0.0,26.3,27.1
827.534,90,103.0,1281.0,11.0,6.0,9.69,83.5,0.0,26.3,27.1
827.596,90,103.0,1281.0,11.0,6.0,11.99,83.5,0.0,26.3,27.1
827.684,90,103.0,1281.0,11.0,6.0,11.99,83.5,0.0,26.3,27.1
827.746,90,103.0,1281.0,11.0,6.0,11.99,83.5,0.0,26.3,27.1
827.833,90,103.0,1281.0,11.0,6.0,11.99,83.5,0.0,25.5,27.1
827.894,90,103.0,1281.0,11.0,6.0,11.99,83.5,0.0,25.5,14.5
827.984,90,103.0,1281.0,11.0,6.0,11.99,83.5,0.0,25.5,14.5
828.046,90,103.0,1281.0,11.0,6.0,11.99,83.5,0.0,25.5,14.5
828.134,90,103.0,1349.0,11.0,6.0,11.99,83.5,0.0,25.5,14.5
828.198,90,103.0,1349.0,14.0,6.0,11.99,83.5,0.0,25.5,14.5
828.286,90,103.0,1349.0,14.0,7.0,11.99,83.5,0.0,25.5,14.5
828.348,90,103.0,1349.0,14.0,7.0,8.66,83.5,0.0,25.5,14.5
828.435,90,103.0,1349.0,14.0,7.0,8.66,83.5,0.0,25.5,14.5
828.497,90,103.0,1349.0,14.0,7.0,8.66,83.5,0.0,25.5,14.5
828.586,90,103.0,1349.0,14.0,7.0,8.66,83.5,0.0,14.1,14.5
828.646,90,103.0,1349.0,14.0,7.0,8.66,83.5,0.0,14.1,14.5
828.734,90,103.0,1349.0,14.0,7.0,8.66,83.5,0.0,14.1,14.5
828.797,90,105.0,1349.0,14.0,7.0,8.66,83.5,0.0,14.1,14.5
828.884,90,105.0,911.0,14.0,7.0,8.66,83.5,0.0,14.1,14.5
828.944,90,105.0,911.0,16.0,7.0,8.66,83.5,0.0,14.1,14.5
829.034,90,105.0,911.0,16.0,8.0,8.66,83.5,0.0,14.1,14.5
829.094,90,105.0,911.0,16.0,8.0,8.77,83.5,0.0,14.1,14.5
829.183,90,105.0,911.0,16.0,8.0,8.77,83.5,0.0,14.1,14.5
829.246,90,105.0,911.0,16.0,8.0,8.77,83.5,0.0,14.1,14.5
829.335,90,105.0,911.0,16.0,8.0,8.77,83.5,0.0,14.1,14.5
829.396,90,105.0,911.0,16.0,8.0,8.77,83.5,0.0,14.1,14.5
829.484,90,105.0,911.0,16.0,8.0,8.77,83.5,0.0,14.1,14.5
829.546,90,104.0,911.0,16.0,8.0,8.77,83.5,0.0,14.1,14.5
829.634,90,104.0,895.0,16.0,8.0,8.77,83.5,0.0,14.1,14.5
829.697,90,104.0,895.0,17.0,8.0,8.77,83.5,0.0,14.1,14.5
829.785,90,104.0,895.0,17.0,5.0,8.77,83.5,0.0,14.1,14.5
829.844,90,104.0,895.0,17.0,5.0,8.41,83.5,0.0,14.1,14.5
829.933,90,104.0,895.0,17.0,5.0,8.41,83.5,0.0,14.1,14.5
829.994,90,104.0,895.0,17.0,5.0,8.41,83.5,0.0,14.1,14.5
830.084,90,104.0,895.0,17.0,5.0,8.41,83.5,0.0,14.1,14.5
830.145,90,104.0,895.0,17.0,5.0,8.41,83.5,0.0,14.1,14.5
830.235,90,104.0,895.0,17.0,5.0,8.41,83.5,0.0,14.1,14.5
830.299,90,103.0,895.0,17.0,5.0,8.41,83.5,0.0,14.1,14.5
830.384,90,103.0,901.0,17.0,5.0,8.41,83.5,0.0,14.1,14.5
830.444,90,103.0,901.0,17.0,5.0,8.41,83.5,0.0,14.1,14.5
830.534,90,103.0,901.0,17.0,5.0,8.41,83.5,0.0,14.1,14.5
830.596,90,103.0,901.0,17.0,5.0,8.33,83.5,0.0,14.1,14.5
830.684,90,103.0,901.0,17.0,5.0,8.33,83.5,0.0,14.1,14.5
830.745,90,103.0,901.0,17.0,5.0,8.33,83.5,0.0,14.1,14.5
830.833,90,103.0,901.0,17.0,5.0,8.33,83.5,0.0,14.1,14.5
830.894,90,103.0,901.0,17.0,5.0,8.33,83.5,0.0,14.1,14.5
830.984,90,103.0,901.0,17.0,5.0,8.33,83.5,0.0,14.1,14.5
831.046,90,103.0,901.0,17.0,5.0,8.33,83.5,0.0,14.1,14.5
831.134,90,103.0,899.0,17.0,5.0,8.33,83.5,0.0,14.1,14.5
831.196,90,103.0,899.0,15.0,5.0,8.33,83.5,0.0,14.1,14.5
831.284,90,103.0,899.0,15.0,5.0,8.33,83.5,0.0,14.1,14.5
831.345,90,103.0,899.0,15.0,5.0,8.19,83.5,0.0,14.1,14.5
831.434,90,103.0,899.0,15.0,5.0,8.19,83.5,0.0,14.1,14.5
831.495,90,103.0,899.0,15.0,5.0,8.19,83.5,0.0,14.1,14.5
831.584,90,103.0,899.0,15.0,5.0,8.19,83.5,0.0,14.1,14.5
831.704,90,103.0,899.0,15.0,5.0,8.19,83.5,0.0,14.1,14.5
831.794,90,103.0,899.0,15.0,5.0,8.19,83.5,0.0,14.1,14.5
831.884,90,102.0,899.0,15.0,5.0,8.19,83.5,0.0,14.1,14.5
831.945,90,102.0,901.0,15.0,5.0,8.19,83.5,0.0,14.1,14.5
832.034,90,102.0,901.0,14.0,5.0,8.19,83.5,0.0,14.1,14.5
832.124,90,102.0,901.0,14.0,5.0,8.19,83.5,0.0,14.1,14.5
832.185,90,102.0,901.0,14.0,5.0,8.13,83.5,0.0,14.1,14.5
832.244,90,102.0,901.0,14.0,5.0,8.13,83.5,0.0,14.1,14.5
832.334,90,102.0,901.0,14.0,5.0,8.13,83.5,0.0,14.1,14.5
832.396,90,102.0,901.0,14.0,5.0,8.13,83.5,0.0,14.1,14.5
832.484,90,102.0,901.0,14.0,5.0,8.13,83.5,0.0,14.1,14.5
832.546,90,102.0,901.0,14.0,5.0,8.13,83.5,0.0,14.1,14.5
832.635,90,102.0,901.0,14.0,5.0,8.13,83.5,0.0,14.1,14.5
832.724,90,102.0,900.0,14.0,5.0,8.13,83.5,0.0,14.1,14.5
832.799,90,102.0,900.0,14.0,5.0,8.13,83.5,0.0,14.1,14.5
832.844,90,102.0,900.0,14.0,5.0,8.13,83.5,0.0,14.1,14.5
832.934,90,102.0,900.0,14.0,5.0,8.33,83.5,0.0,14.1,14.5
832.995,90,102.0,900.0,14.0,5.0,8.33,83.5,0.0,14.1,14.5
833.084,90,102.0,900.0,14.0,5.0,8.33,83.5,0.0,14.1,14.5
833.145,90,102.0,900.0,14.0,5.0,8.33,83.5,0.0,14.1,14.5
833.235,90,102.0,900.0,14.0,5.0,8.33,83.5,0.0,14.1,14.5
833.297,90,102.0,900.0,14.0,5.0,8.33,83.5,0.0,14.1,14.5
833.384,90,102.0,900.0,14.0,5.0,8.33,83.5,0.0,14.1,14.5
833.446,90,102.0,899.0,14.0,5.0,8.33,83.5,0.0,14.1,14.5
833.534,90,102.0,899.0,17.0,5.0,8.33,83.5,0.0,14.1,14.5
833.596,90,102.0,899.0,17.0,5.0,8.33,83.5,0.0,14.1,14.5
833.684,90,102.0,899.0,17.0,5.0,8.08,83.5,0.0,14.1,14.5
833.744,90,102.0,899.0,17.0,5.0,8.08,83.5,0.0,14.1,14.5
833.833,90,102.0,899.0,17.0,5.0,8.08,83.5,0.0,14.1,14.5
833.894,90,102.0,899.0,17.0,5.0,8.08,83.5,0.0,14.1,14.5
833.984,90,102.0,899.0,17.0,5.0,8.08,83.5,0.0,14.1,14.5
834.044,90,102.0,899.0,17.0,5.0,8.08,83.5,0.0,14.1,14.5
834.134,90,102.0,899.0,17.0,5.0,8.08,83.5,0.0,14.1,14.5
834.194,90,102.0,900.0,17.0,5.0,8.08,83.5,0.0,14.1,14.5
834.284,90,102.0,900.0,19.0,5.0,8.08,83.5,0.0,14.1,14.5
834.344,90,102.0,900.0,19.0,5.0,8.08,83.5,0.0,14.1,14.5
834.434,90,102.0,900.0,19.0,5.0,8.02,83.5,0.0,14.1,14.5
834.494,90,102.0,900.0,19.0,5.0,8.02,83.5,0.0,14.1,14.5
834.583,90,102.0,900.0,19.0,5.0,8.02,83.5,0.0,14.1,14.5
834.644,90,102.0,900.0,19.0,5.0,8.02,83.5,0.0,14.1,14.5
834.734,90,102.0,900.0,19.0,5.0,8.02,83.5,0.0,14.1,14.5
834.797,90,102.0,900.0,19.0,5.0,8.02,83.5,0.0,14.1,14.5
834.884,90,102.0,900.0,19.0,5.0,8.02,83.5,0.0,14.1,14.5
834.944,90,102.0,900.0,19.0,5.0,8.02,83.5,0.0,14.1,14.5
835.034,90,102.0,900.0,22.0,5.0,8.02,83.5,0.0,14.1,14.5
835.094,90,102.0,900.0,22.0,6.0,8.02,83.5,0.0,14.1,14.5
835.184,90,102.0,900.0,22.0,6.0,8.19,83.5,0.0,14.1,14.5
835.245,90,102.0,900.0,22.0,6.0,8.19,83.5,0.0,14.1,14.5
835.334,90,102.0,900.0,22.0,6.0,8.19,83.5,0.0,14.1,14.5
835.424,90,102.0,900.0,22.0,6.0,8.19,83.5,0.0,14.1,14.5
835.486,90,102.0,900.0,22.0,6.0,8.19,83.5,0.0,14.1,14.5
835.545,90,102.0,900.0,22.0,6.0,8.19,83.5,0.0,14.1,14.5
835.636,90,102.0,900.0,22.0,6.0,8.19,83.5,0.0,14.1,14.5
835.698,90,102.0,899.0,22.0,6.0,8.19,83.5,0.0,14.1,14.5
835.783,90,102.0,899.0,22.0,6.0,8.19,83.5,0.0,14.1,14.5
835.844,90,102.0,899.0,22.0,6.0,8.19,83.5,0.0,14.1,14.5
835.934,90,102.0,899.0,22.0,6.0,8.08,83.5,0.0,14.1,14.5
835.995,90,102.0,899.0,22.0,6.0,8.08,83.5,0.0,14.1,14.5
836.084,90,102.0,899.0,22.0,6.0,8.08,83.5,0.0,14.1,14.5
836.175,90,102.0,899.0,22.0,6.0,8.08,83.5,0.0,14.1,14.5
836.236,90,102.0,899.0,22.0,6.0,8.08,83.5,0.0,14.1,14.5
836.324,90,102.0,899.0,22.0,6.0,8.08,83.5,0.0,14.1,14.5
836.385,90,102.0,899.0,22.0,6.0,8.08,83.5,0.0,14.1,14.5
836.473,90,102.0,901.0,22.0,6.0,8.08,83.5,0.0,14.1,14.5
836.536,90,102.0,901.0,22.0,6.0,8.08,83.5,0.0,14.1,14.5
836.625,90,102.0,901.0,22.0,6.0,8.08,83.5,0.0,14.1,14.5
836.687,90,102.0,901.0,22.0,6.0,8.13,83.5,0.0,14.1,14.5
836.773,90,102.0,901.0,22.0,6.0,8.13,83.5,0.0,14.1,14.5
836.834,90,102.0,901.0,22.0,6.0,8.13,83.5,0.0,14.1,14.5
836.924,90,102.0,901.0,22.0,6.0,8.13,83.5,0.0,14.1,14.5
836.987,90,102.0,901.0,22.0,6.0,8.13,83.5,0.0,14.1,14.5
837.074,90,102.0,901.0,22.0,6.0,8.13,83.5,0.0,14.1,14.5
837.137,90,102.0,901.0,22.0,6.0,8.13,83.5,0.0,14.1,14.5
837.224,90,102.0,900.0,22.0,6.0,8.13,83.5,0.0,14.1,14.5
837.285,90,102.0,900.0,23.0,6.0,8.13,83.5,0.0,14.1,14.5
837.374,90,102.0,900.0,23.0,6.0,8.13,83.5,0.0,14.1,14.5
837.435,90,102.0,900.0,23.0,6.0,8.27,83.5,0.0,14.1,14.5
837.524,90,102.0,900.0,23.0,6.0,8.27,83.5,0.0,14.1,14.5
837.586,90,102.0,900.0,23.0,6.0,8.27,83.5,0.0,14.1,14.5
837.674,90,102.0,900.0,23.0,6.0,8.27,83.5,0.0,14.1,14.5
837.754,90,102.0,900.0,23.0,6.0,8.27,83.5,0.0,14.1,14.5
837.823,90,102.0,900.0,23.0,6.0,8.27,83.5,0.0,14.1,14.5
837.884,90,102.0,900.0,23.0,6.0,8.27,83.5,0.0,14.1,14.5
837.974,90,102.0,900.0,23.0,6.0,8.27,83.5,0.0,14.1,14.5
838.035,90,102.0,900.0,24.0,6.0,8.27,83.5,0.0,14.1,14.5
838.124,90,102.0,900.0,24.0,6.0,8.27,83.5,0.0,14.1,14.5
838.184,90,102.0,900.0,24.0,6.0,8.19,83.5,0.0,14.1,14.5
838.273,90,102.0,900.0,24.0,6.0,8.19,83.5,0.0,14.1,14.5
838.334,90,102.0,900.0,24.0,6.0,8.19,83.5,0.0,14.1,14.5
838.424,90,102.0,900.0,24.0,6.0,8.19,83.5,0.0,14.1,14.5
838.485,90,102.0,900.0,24.0,6.0,8.19,83.5,0.0,14.1,14.5
838.573,90,102.0,900.0,24.0,6.0,8.19,83.5,0.0,14.1,14.5
838.634,90,102.0,900.0,24.0,6.0,8.19,83.5,0.0,14.1,14.5
838.724,90,102.0,899.0,24.0,6.0,8.19,83.5,0.0,14.1,14.5
838.784,90,102.0,899.0,22.0,6.0,8.19,83.5,0.0,14.1,14.5
838.873,90,102.0,899.0,22.0,6.0,8.19,83.5,0.0,14.1,14.5
838.934,90,102.0,899.0,22.0,6.0,8.22,83.5,0.0,14.1,14.5
839.023,90,102.0,899.0,22.0,6.0,8.22,83.5,0.0,14.1,14.5
839.084,90,102.0,899.0,22.0,6.0,8.22,83.5,0.0,14.1,14.5
839.174,90,102.0,899.0,22.0,6.0,8.22,83.5,0.0,14.1,14.5
839.236,90,102.0,899.0,22.0,6.0,8.22,83.5,0.0,14.1,14.5
839.324,90,102.0,899.0,22.0,6.0,8.22,83.5,0.0,14.1,14.5
839.386,90,102.0,899.0,22.0,6.0,8.22,83.5,0.0,14.1,14.5
839.474,90,102.0,902.0,22.0,6.0,8.22,83.5,0.0,14.1,14.5
839.593,90,102.0,902.0,18.0,6.0,8.22,83.5,0.0,14.1,14.5
839.683,90,102.0,902.0,18.0,6.0,8.22,83.5,0.0,14.1,14.5
839.773,90,102.0,902.0,18.0,6.0,8.22,83.5,0.0,14.1,14.5
839.834,90,102.0,902.0,18.0,6.0,8.22,83.5,0.0,14.1,14.5
839.923,90,102.0,902.0,18.0,6.0,8.22,83.5,0.0,14.1,14.5
839.984,90,102.0,902.0,18.0,6.0,8.22,83.5,0.0,14.1,14.5
840.073,90,102.0,902.0,18.0,6.0,8.22,83.5,0.0,14.1,14.5
840.134,90,102.0,902.0,18.0,6.0,8.22,83.5,0.0,14.1,14.5
840.223,90,102.0,902.0,18.0,6.0,8.22,83.5,0.0,14.1,14.5
840.283,90,102.0,899.0,18.0,6.0,8.22,83.5,0.0,14.1,14.5
840.373,90,102.0,899.0,13.0,6.0,8.22,83.5,0.0,14.1,14.5
840.434,90,102.0,899.0,13.0,7.0,8.22,83.5,0.0,14.1,14.5
840.524,90,102.0,899.0,13.0,7.0,8.11,83.5,0.0,14.1,14.5
840.584,90,102.0,899.0,13.0,7.0,8.11,83.5,0.0,14.1,14.5
840.674,90,102.0,899.0,13.0,7.0,8.11,83.5,0.0,14.1,14.5
840.736,90,102.0,899.0,13.0,7.0,8.11,83.5,0.0,14.1,14.5
840.823,90,102.0,899.0,13.0,7.0,8.11,83.5,0.0,14.1,14.5
840.884,90,102.0,899.0,13.0,7.0,8.11,83.5,0.0,14.1,14.5
840.974,90,102.0,899.0,13.0,7.0,8.11,83.5,0.0,14.1,14.5
841.034,90,102.0,899.0,13.0,7.0,8.11,83.5,0.0,14.1,14.5
841.124,90,102.0,899.0,10.0,7.0,8.11,83.5,0.0,14.1,14.5
841.186,90,102.0,899.0,10.0,6.0,8.11,83.5,0.0,14.1,14.5
841.274,90,102.0,899.0,10.0,6.0,8.05,83.5,0.0,14.1,14.5
841.337,90,102.0,899.0,10.0,6.0,8.05,83.5,0.0,14.1,14.5
841.424,90,102.0,899.0,10.0,6.0,8.05,83.5,0.0,14.1,14.5
841.488,90,102.0,899.0,10.0,6.0,8.05,83.5,0.0,14.1,14.5
841.573,90,102.0,899.0,10.0,6.0,8.05,83.5,0.0,14.1,14.5
841.694,90,102.0,899.0,10.0,6.0,8.05,83.5,0.0,14.1,14.5
841.783,90,102.0,899.0,10.0,6.0,8.05,83.5,0.0,14.1,14.5
841.874,90,102.0,899.0,10.0,6.0,8.05,83.5,0.0,14.1,14.5
841.934,90,102.0,899.0,7.0,6.0,8.05,83.5,0.0,14.1,14.5
842.024,90,102.0,899.0,7.0,6.0,8.05,83.5,0.0,14.1,14.5
842.084,90,102.0,899.0,7.0,6.0,8.22,83.5,0.0,14.1,14.5
842.175,90,102.0,899.0,7.0,6.0,8.22,83.5,0.0,14.1,14.5
842.235,90,102.0,899.0,7.0,6.0,8.22,83.5,0.0,14.1,14.5
842.324,90,102.0,899.0,7.0,6.0,8.22,83.5,0.0,20.0,14.5
842.384,90,102.0,899.0,7.0,6.0,8.22,83.5,0.0,20.0,19.6
842.474,90,102.0,899.0,7.0,6.0,8.22,83.5,0.0,20.0,19.6
842.536,90,102.0,899.0,7.0,6.0,8.22,83.5,0.0,20.0,19.6
842.624,90,102.0,948.0,7.0,6.0,8.22,83.5,0.0,20.0,19.6
842.685,90,102.0,948.0,6.0,6.0,8.22,83.5,0.0,20.0,19.6
842.774,90,102.0,948.0,6.0,6.0,8.22,83.5,0.0,20.0,19.6
842.834,90,102.0,948.0,6.0,6.0,8.24,83.5,0.0,20.0,19.6
842.924,90,102.0,948.0,6.0,6.0,8.24,83.5,0.0,20.0,19.6
842.984,90,102.0,948.0,6.0,6.0,8.24,83.5,0.0,20.0,19.6
843.074,90,102.0,948.0,6.0,6.0,8.24,83.5,0.0,21.6,19.6
843.134,90,102.0,948.0,6.0,6.0,8.24,83.5,0.0,21.6,21.6
843.224,90,102.0,948.0,6.0,6.0,8.24,83.5,0.0,21.6,21.6
843.285,90,103.0,948.0,6.0,6.0,8.24,83.5,0.0,21.6,21.6
843.374,90,103.0,854.0,6.0,6.0,8.24,83.5,0.0,21.6,21.6
843.436,90,103.0,854.0,6.0,6.0,8.24,83.5,0.0,21.6,21.6
843.525,90,103.0,854.0,6.0,7.0,8.24,83.5,0.0,21.6,21.6
843.585,90,103.0,854.0,6.0,7.0,9.33,83.5,0.0,21.6,21.6
843.675,90,103.0,854.0,6.0,7.0,9.33,83.5,0.0,21.6,21.6
843.735,90,103.0,854.0,6.0,7.0,9.33,83.5,0.0,21.6,21.6
843.823,90,103.0,854.0,6.0,7.0,9.33,83.5,0.0,22.4,21.6
843.884,90,103.0,854.0,6.0,7.0,9.33,83.5,0.0,22.4,22.4
843.974,90,103.0,854.0,6.0,7.0,9.33,83.5,0.0,22.4,22.4
844.064,90,104.0,854.0,6.0,7.0,9.33,83.5,0.0,22.4,22.4
844.153,90,104.0,980.0,6.0,7.0,9.33,83.5,0.0,22.4,22.4
844.244,90,104.0,980.0,8.0,7.0,9.33,83.5,0.0,22.4,22.4
844.334,90,104.0,980.0,8.0,7.0,9.33,83.5,0.0,22.4,22.4
844.424,90,104.0,980.0,8.0,7.0,9.77,83.5,0.0,22.4,22.4
844.514,90,104.0,980.0,8.0,7.0,9.77,83.5,0.0,22.4,22.4
844.604,90,104.0,980.0,8.0,7.0,9.77,83.5,0.0,22.4,22.4
844.694,90,104.0,980.0,8.0,7.0,9.77,83.5,0.0,24.3,22.4
844.784,90,104.0,980.0,8.0,7.0,9.77,83.5,0.0,24.3,25.1
844.873,90,104.0,980.0,8.0,7.0,9.77,83.5,0.0,24.3,25.1
844.994,90,105.0,980.0,8.0,7.0,9.77,83.5,0.0,24.3,25.1
845.084,90,105.0,1160.0,8.0,7.0,9.77,83.5,0.0,24.3,25.1
845.174,90,105.0,1160.0,10.0,7.0,9.77,83.5,0.0,24.3,25.1
845.263,90,105.0,1160.0,10.0,9.0,9.77,83.5,0.0,24.3,25.1
845.354,90,105.0,1160.0,10.0,9.0,11.27,83.5,0.0,24.3,25.1
845.443,90,105.0,1160.0,10.0,9.0,11.27,83.5,0.0,24.3,25.1
845.534,90,105.0,1160.0,10.0,9.0,11.27,83.5,0.0,24.3,25.1
845.624,90,105.0,1160.0,10.0,9.0,11.27,83.5,0.0,28.6,25.1
845.718,90,105.0,1160.0,10.0,9.0,11.27,83.5,0.0,28.6,28.6
845.804,90,105.0,1160.0,10.0,9.0,11.27,83.5,0.0,28.6,28.6
845.894,90,107.0,1160.0,10.0,9.0,11.27,83.5,0.0,28.6,28.6
845.983,90,107.0,1258.0,10.0,9.0,11.27,83.5,0.0,28.6,28.6
846.074,90,107.0,1258.0,11.0,9.0,11.27,83.5,0.0,28.6,28.6
846.135,90,107.0,1258.0,11.0,9.0,11.27,83.5,0.0,28.6,28.6
846.224,90,107.0,1258.0,11.0,9.0,12.27,83.5,0.0,28.6,28.6
846.286,90,107.0,1258.0,11.0,9.0,12.27,83.5,0.0,28.6,28.6
846.374,90,107.0,1258.0,11.0,9.0,12.27,83.5,0.0,28.6,28.6
846.435,90,107.0,1258.0,11.0,9.0,12.27,83.5,0.0,30.2,28.6
846.524,90,107.0,1258.0,11.0,9.0,12.27,83.5,0.0,30.2,30.6
846.585,90,107.0,1258.0,11.0,9.0,12.27,83.5,0.0,30.2,30.6
846.735,90,108.0,1258.0,11.0,9.0,12.27,83.5,0.0,30.2,30.6
846.823,90,108.0,1335.0,11.0,9.0,12.27,83.5,0.0,30.2,30.6
846.884,90,108.0,1335.0,12.0,9.0,12.27,83.5,0.0,30.2,30.6
846.974,90,108.0,1335.0,12.0,10.0,12.27,83.5,0.0,30.2,30.6
847.034,90,108.0,1335.0,12.0,10.0,13.61,83.5,0.0,30.2,30.6
847.124,90,108.0,1335.0,12.0,10.0,13.61,83.5,0.0,30.2,30.6
847.184,90,108.0,1335.0,12.0,10.0,13.61,83.5,0.0,30.2,30.6
847.274,90,108.0,1335.0,12.0,10.0,13.61,83.5,0.0,30.6,30.6
847.336,90,108.0,1335.0,12.0,10.0,13.61,83.5,0.0,30.6,31.0
847.424,90,108.0,1335.0,12.0,10.0,13.61,83.5,0.0,30.6,31.0
847.514,90,111.0,1335.0,12.0,10.0,13.61,83.5,0.0,30.6,31.0
847.604,90,111.0,1427.0,12.0,10.0,13.61,83.5,0.0,30.6,31.0
847.694,90,111.0,1427.0,12.0,10.0,13.61,83.5,0.0,30.6,31.0
847.783,90,111.0,1427.0,12.0,11.0,13.61,83.5,0.0,30.6,31.0
847.874,90,111.0,1427.0,12.0,11.0,13.99,83.5,0.0,30.6,31.0
847.964,90,111.0,1427.0,12.0,11.0,13.99,83.5,0.0,30.6,31.0
848.054,90,111.0,1427.0,12.0,11.0,13.99,83.5,0.0,30.6,31.0
848.144,90,111.0,1427.0,12.0,11.0,13.99,83.5,0.0,26.7,31.0
848.233,90,111.0,1427.0,12.0,11.0,13.99,83.5,0.0,26.7,25.9
848.324,90,111.0,1427.0,12.0,11.0,13.99,83.5,0.0,26.7,25.9
848.414,90,111.0,1427.0,12.0,11.0,13.99,83.5,0.0,26.7,25.9
848.504,90,111.0,1441.0,12.0,11.0,13.99,83.5,0.0,26.7,25.9
848.594,90,111.0,1441.0,13.0,11.0,13.99,83.5,0.0,26.7,25.9
848.683,90,111.0,1441.0,13.0,11.0,13.99,83.5,0.0,26.7,25.9
848.773,90,111.0,1441.0,13.0,11.0,11.61,83.5,0.0,26.7,25.9
848.863,90,111.0,1441.0,13.0,11.0,11.61,83.5,0.0,26.7,25.9
848.953,90,111.0,1441.0,13.0,11.0,11.61,83.5,0.0,26.7,25.9
849.043,90,111.0,1441.0,13.0,11.0,11.61,83.5,0.0,23.5,25.9
849.135,90,111.0,1441.0,13.0,11.0,11.61,83.5,0.0,23.5,22.4
849.224,90,111.0,1441.0,13.0,11.0,11.61,83.5,0.0,23.5,22.4
849.314,90,104.0,1441.0,13.0,11.0,11.61,83.5,0.0,23.5,22.4
849.404,90,104.0,1290.0,13.0,11.0,11.61,83.5,0.0,23.5,22.4
849.494,90,104.0,1290.0,11.0,11.0,11.61,83.5,0.0,23.5,22.4
849.584,90,104.0,1290.0,11.0,9.0,11.61,83.5,0.0,23.5,22.4
849.675,90,104.0,1290.0,11.0,9.0,9.47,83.5,0.0,23.5,22.4
849.763,90,104.0,1290.0,11.0,9.0,9.47,83.5,0.0,23.5,22.4
849.853,90,104.0,1290.0,11.0,9.0,9.47,83.5,0.0,23.5,22.4
849.944,90,104.0,1290.0,11.0,9.0,9.47,83.5,0.0,21.2,22.4
850.034,90,104.0,1290.0,11.0,9.0,9.47,83.5,0.0,21.2,20.8
850.124,90,104.0,1290.0,11.0,9.0,9.47,83.5,0.0,21.2,20.8
850.214,90,100.0,1290.0,11.0,9.0,9.47,83.5,0.0,21.2,20.8
850.304,90,100.0,1083.0,11.0,9.0,9.47,83.5,0.0,21.2,20.8
850.394,90,100.0,1083.0,9.0,9.0,9.47,83.5,0.0,21.2,20.8
850.484,90,100.0,1083.0,9.0,7.0,9.47,83.5,0.0,21.2,20.8
850.574,90,100.0,1083.0,9.0,7.0,8.36,83.5,0.0,21.2,20.8
850.664,90,100.0,1083.0,9.0,7.0,8.36,83.5,0.0,21.2,20.8
850.753,90,100.0,1083.0,9.0,7.0,8.36,83.5,0.0,21.2,20.8
850.843,90,100.0,1083.0,9.0,7.0,8.36,83.5,0.0,20.8,20.8
850.933,90,100.0,1083.0,9.0,7.0,8.36,83.5,0.0,20.8,21.6
851.024,90,100.0,1083.0,9.0,7.0,8.36,83.5,0.0,20.8,21.6
851.114,90,102.0,1083.0,9.0,7.0,8.36,83.5,0.0,20.8,21.6
851.204,90,102.0,964.0,9.0,7.0,8.36,83.5,0.0,20.8,21.6
851.294,90,102.0,964.0,8.0,7.0,8.36,83.5,0.0,20.8,21.6
851.384,90,102.0,964.0,8.0,6.0,8.36,83.5,0.0,20.8,21.6
851.475,90,102.0,964.0,8.0,6.0,9.69,83.5,0.0,20.8,21.6
851.564,90,102.0,964.0,8.0,6.0,9.69,83.5,0.0,20.8,21.6
851.654,90,102.0,964.0,8.0,6.0,9.69,83.5,0.0,20.8,21.6
851.745,90,102.0,964.0,8.0,6.0,9.69,83.5,0.0,22.4,21.6
851.833,90,102.0,964.0,8.0,6.0,9.69,83.5,0.0,22.4,22.0
851.923,90,102.0,964.0,8.0,6.0,9.69,83.5,0.0,22.4,22.0
852.014,90,104.0,964.0,8.0,6.0,9.69,83.5,0.0,22.4,22.0
852.104,90,104.0,994.0,8.0,6.0,9.69,83.5,0.0,22.4,22.0
852.194,90,104.0,994.0,8.0,6.0,9.69,83.5,0.0,22.4,22.0
852.284,90,104.0,994.0,8.0,8.0,9.69,83.5,0.0,22.4,22.0
852.374,90,104.0,994.0,8.0,8.0,8.86,83.5,0.0,22.4,22.0
852.464,90,104.0,994.0,8.0,8.0,8.86,83.5,0.0,22.4,22.0
852.553,90,104.0,994.0,8.0,8.0,8.86,83.5,0.0,22.4,22.0
852.644,90,104.0,994.0,8.0,8.0,8.86,83.5,0.0,26.7,22.0
852.734,90,104.0,994.0,8.0,8.0,8.86,83.5,0.0,26.7,28.2
852.823,90,104.0,994.0,8.0,8.0,8.86,83.5,0.0,26.7,28.2
852.914,90,106.0,994.0,8.0,8.0,8.86,83.5,0.0,26.7,28.2
853.004,90,106.0,1105.0,8.0,8.0,8.86,83.5,0.0,26.7,28.2
853.094,90,106.0,1105.0,9.0,8.0,8.86,83.5,0.0,26.7,28.2
853.184,90,106.0,1105.0,9.0,8.0,8.86,83.5,0.0,26.7,28.2
853.273,90,106.0,1105.0,9.0,8.0,12.61,83.5,0.0,26.7,28.2
853.364,90,106.0,1105.0,9.0,8.0,12.61,83.5,0.0,26.7,28.2
853.454,90,106.0,1105.0,9.0,8.0,12.61,83.5,0.0,26.7,28.2
853.556,90,106.0,1105.0,9.0,8.0,12.61,83.5,0.0,30.6,28.2
853.633,90,106.0,1105.0,9.0,8.0,12.61,83.5,0.0,30.6,30.6
853.723,90,106.0,1105.0,9.0,8.0,12.61,83.5,0.0,30.6,30.6
853.814,90,111.0,1105.0,9.0,8.0,12.61,83.5,0.0,30.6,30.6
853.903,90,111.0,1259.0,9.0,8.0,12.61,83.5,0.0,30.6,30.6
853.994,90,111.0,1259.0,11.0,8.0,12.61,83.5,0.0,30.6,30.6
854.083,90,111.0,1259.0,11.0,10.0,12.61,83.5,0.0,30.6,30.6
854.175,90,111.0,1259.0,11.0,10.0,12.27,83.5,0.0,30.6,30.6
854.265,90,111.0,1259.0,11.0,10.0,12.27,83.5,0.0,30.6,30.6
854.353,90,111.0,1259.0,11.0,10.0,12.27,83.5,0.0,30.6,30.6
854.444,90,111.0,1259.0,11.0,10.0,12.27,83.5,0.0,30.6,30.6
854.533,90,111.0,1259.0,11.0,10.0,12.27,83.5,0.0,30.6,31.0
854.626,90,111.0,1259.0,11.0,10.0,12.27,83.5,0.0,30.6,31.0
854.713,90,110.0,1259.0,11.0,10.0,12.27,83.5,0.0,30.6,31.0
854.803,90,110.0,1283.0,11.0,10.0,12.27,83.5,0.0,30.6,31.0
854.893,90,110.0,1283.0,11.0,10.0,12.27,83.5,0.0,30.6,31.0
854.983,90,110.0,1283.0,11.0,10.0,12.27,83.5,0.0,30.6,31.0
855.074,90,110.0,1283.0,11.0,10.0,12.66,83.5,0.0,30.6,31.0
855.164,90,110.0,1283.0,11.0,10.0,12.66,83.5,0.0,30.6,31.0
855.254,90,110.0,1283.0,11.0,10.0,12.66,83.5,0.0,30.6,31.0
855.344,90,110.0,1283.0,11.0,10.0,12.66,83.5,0.0,30.6,31.0
855.434,90,110.0,1283.0,11.0,10.0,12.66,83.5,0.0,30.6,31.0
855.524,90,110.0,1283.0,11.0,10.0,12.66,83.5,0.0,30.6,31.0
855.613,90,109.0,1283.0,11.0,10.0,12.66,83.5,0.0,30.6,31.0
855.704,90,109.0,1275.0,11.0,10.0,12.66,83.5,0.0,30.6,31.0
855.797,90,109.0,1275.0,11.0,10.0,12.66,83.5,0.0,30.6,31.0
855.883,90,109.0,1275.0,11.0,10.0,12.66,83.5,0.0,30.6,31.0
855.974,90,109.0,1275.0,11.0,10.0,12.41,83.5,0.0,30.6,31.0
856.064,90,109.0,1275.0,11.0,10.0,12.41,83.5,0.0,30.6,31.0
856.154,90,109.0,1275.0,11.0,10.0,12.41,83.5,0.0,30.6,31.0
856.244,90,109.0,1275.0,11.0,10.0,12.41,83.5,0.0,30.6,31.0
856.333,90,109.0,1275.0,11.0,10.0,12.41,83.5,0.0,30.6,31.0
856.423,90,109.0,1275.0,11.0,10.0,12.41,83.5,0.0,30.6,31.0
856.514,90,109.0,1275.0,11.0,10.0,12.41,83.5,0.0,30.6,31.0
856.604,90,109.0,1283.0,11.0,10.0,12.41,83.5,0.0,30.6,31.0
856.724,90,109.0,1283.0,11.0,10.0,12.41,83.5,0.0,30.6,31.0
856.813,90,109.0,1283.0,11.0,10.0,12.41,83.5,0.0,30.6,31.0
856.903,90,109.0,1283.0,11.0,10.0,12.8,83.5,0.0,30.6,31.0
856.993,90,109.0,1283.0,11.0,10.0,12.8,83.5,0.0,30.6,31.0
857.083,90,109.0,1283.0,11.0,10.0,12.8,83.5,0.0,30.6,31.0
857.174,90,109.0,1283.0,11.0,10.0,12.8,83.5,0.0,30.2,31.0
857.264,90,109.0,1283.0,11.0,10.0,12.8,83.5,0.0,30.2,30.2
857.354,90,109.0,1283.0,11.0,10.0,12.8,83.5,0.0,30.2,30.2
857.444,90,109.0,1283.0,11.0,10.0,12.8,83.5,0.0,30.2,30.2
857.534,90,109.0,1252.0,11.0,10.0,12.8,83.5,0.0,30.2,30.2
857.623,90,109.0,1252.0,11.0,10.0,12.8,83.5,0.0,30.2,30.2
857.713,90,109.0,1252.0,11.0,10.0,12.8,83.5,0.0,30.2,30.2
857.803,90,109.0,1252.0,11.0,10.0,8.77,83.5,0.0,30.2,30.2
857.894,90,109.0,1252.0,11.0,10.0,8.77,83.5,0.0,30.2,30.2
857.984,90,109.0,1252.0,11.0,10.0,8.77,83.5,0.0,30.2,30.2
858.074,90,109.0,1252.0,11.0,10.0,8.77,83.5,0.0,14.1,30.2
858.164,90,109.0,1252.0,11.0,10.0,8.77,83.5,0.0,14.1,14.5
858.254,90,109.0,1252.0,11.0,10.0,8.77,83.5,0.0,14.1,14.5
858.344,90,106.0,1252.0,11.0,10.0,8.77,83.5,0.0,14.1,14.5
858.434,90,106.0,916.0,11.0,10.0,8.77,83.5,0.0,14.1,14.5
858.524,90,106.0,916.0,7.0,10.0,8.77,83.5,0.0,14.1,14.5
858.614,90,106.0,916.0,7.0,9.0,8.77,83.5,0.0,14.1,14.5
858.704,90,106.0,916.0,7.0,9.0,8.58,83.5,0.0,14.1,14.5
858.793,90,106.0,916.0,7.0,9.0,8.58,83.5,0.0,14.1,14.5
858.883,90,106.0,916.0,7.0,9.0,8.58,83.5,0.0,14.1,14.5
858.974,90,106.0,916.0,7.0,9.0,8.58,83.5,0.0,14.1,14.5
859.064,90,106.0,916.0,7.0,9.0,8.58,83.5,0.0,14.1,14.5
859.154,90,106.0,916.0,7.0,9.0,8.58,83.5,0.0,14.1,14.5
859.244,90,104.0,916.0,7.0,9.0,8.58,83.5,0.0,14.1,14.5
859.335,90,104.0,901.0,7.0,9.0,8.58,83.5,0.0,14.1,14.5
859.424,90,104.0,901.0,3.0,9.0,8.58,83.5,0.0,14.1,14.5
859.514,90,104.0,901.0,3.0,6.0,8.58,83.5,0.0,14.1,14.5
859.604,90,104.0,901.0,3.0,6.0,8.24,83.5,0.0,14.1,14.5
859.694,90,104.0,901.0,3.0,6.0,8.24,83.5,0.0,14.1,14.5
859.783,90,104.0,901.0,3.0,6.0,8.24,83.5,0.0,14.1,14.5
859.873,90,104.0,901.0,3.0,6.0,8.24,83.5,0.0,14.1,14.5
859.963,90,104.0,901.0,3.0,6.0,8.24,83.5,0.0,14.1,14.5
860.054,90,104.0,901.0,3.0,6.0,8.24,83.5,0.0,14.1,14.5
860.144,90,103.0,901.0,3.0,6.0,8.24,83.5,0.0,14.1,14.5
860.235,90,103.0,849.0,3.0,6.0,8.24,83.5,0.0,14.1,14.5
860.323,90,103.0,849.0,0.0,6.0,8.24,83.5,0.0,14.1,14.5
860.414,90,103.0,849.0,0.0,7.0,8.24,83.5,0.0,14.1,14.5
860.504,90,103.0,849.0,0.0,7.0,7.52,83.5,0.0,14.1,14.5
860.594,90,103.0,849.0,0.0,7.0,7.52,83.5,0.0,14.1,14.5
860.684,90,103.0,849.0,0.0,7.0,7.52,83.5,0.0,14.1,14.5
860.773,90,103.0,849.0,0.0,7.0,7.52,83.5,0.0,14.1,14.5
860.864,90,103.0,849.0,0.0,7.0,7.52,83.5,0.0,14.1,14.5
860.954,90,103.0,849.0,0.0,7.0,7.52,83.5,0.0,14.1,14.5
861.054,90,102.0,849.0,0.0,7.0,7.52,83.5,0.0,14.1,14.5
861.163,90,102.0,767.0,0.0,7.0,7.52,83.5,0.0,14.1,14.5
861.254,90,102.0,767.0,0.0,7.0,7.52,83.5,0.0,14.1,14.5
861.342,90,102.0,767.0,0.0,9.0,7.52,83.5,0.0,14.1,14.5
861.435,90,102.0,767.0,0.0,9.0,0.0,83.5,0.0,14.1,14.5
861.524,90,102.0,767.0,0.0,9.0,0.0,13.7,0.0,14.1,14.5
861.613,90,102.0,767.0,0.0,9.0,0.0,13.7,0.0,14.1,14.5
861.703,90,102.0,767.0,0.0,9.0,0.0,13.7,0.0,14.1,14.5
861.799,90,102.0,767.0,0.0,9.0,0.0,13.7,0.0,14.1,14.1
861.882,90,102.0,767.0,0.0,9.0,0.0,13.7,0.0,14.1,14.1
861.973,90,36.0,767.0,0.0,9.0,0.0,13.7,0.0,14.1,14.1
862.062,90,36.0,241.0,0.0,9.0,0.0,13.7,0.0,14.1,14.1
862.153,90,36.0,241.0,0.0,9.0,0.0,13.7,0.0,14.1,14.1
862.263,90,36.0,241.0,0.0,86.0,0.0,13.7,0.0,14.1,14.1
862.363,90,36.0,241.0,0.0,86.0,0.0,13.7,0.0,14.1,14.1
